Cluster,Symbol,Name,MA_Short_Window,MA_Long_Window,RSI_Window,RSI_Buy_Threshold,RSI_Sell_Threshold,Stop_Loss_Percent,Take_Profit_Percent,Average_Return,Symbol_sim_return,Return,Std Dev
17,ZBH,짐머 바이오멧 홀딩스,5,60,14,39,54,1.0,10.0,30.55,30.18,8.3,25.7
17,NWS.O,뉴스 코퍼레이션 Class B,5,60,14,39,54,1.0,10.0,30.55,9.44,10.14,29.04
17,BFb,브라운-포맨 Class B,5,60,14,39,54,1.0,10.0,30.55,-53.95,10.12,22.73
17,AVB,아발론베이 커뮤니티,5,60,14,39,54,1.0,10.0,30.55,16.46,8.34,23.49
17,BG,번지 글로벌,5,60,14,39,54,1.0,10.0,30.55,20.48,9.43,28.74
17,CNP,센터포인트 에너지,5,60,14,39,54,1.0,10.0,30.55,33.36,9.04,24.5
17,OMC,옴니콤 그룹,5,60,14,39,54,1.0,10.0,30.55,47.44,10.38,24.93
17,EIX,에디슨 인터내셔널,5,60,14,39,54,1.0,10.0,30.55,10.29,8.76,23.93
17,EQR,에퀴티 레지덴셜,5,60,14,39,54,1.0,10.0,30.55,11.84,7.53,23.91
17,GRMN.K,가민,5,60,14,39,54,1.0,10.0,30.55,41.34,10.97,26.62
17,TROW.O,티 로웨 프라이스 그룹,5,60,14,39,54,1.0,10.0,30.55,7.67,11.05,28.51
17,ESS,에섹스 프로퍼티 트러스트,5,60,14,39,54,1.0,10.0,30.55,21.7,10.3,24.08
17,DGX,퀘스트 다이아그노스틱스,5,60,14,39,54,1.0,10.0,30.55,609.48,10.34,22.98
17,INVH.K,인비테이션 홈스,5,60,14,39,54,1.0,10.0,30.55,139.69,12.05,26.33
17,IFF,인터내셔널 플레이버스 & 프레그런스,5,60,14,39,54,1.0,10.0,30.55,3.51,9.43,26.72
17,CPT,캠든 프로퍼티 트러스트,5,60,14,39,54,1.0,10.0,30.55,32.07,10.16,23.47
17,UDR,UDR,5,60,14,39,54,1.0,10.0,30.55,12.59,8.49,24.53
17,NWSA.O,뉴스 코퍼레이션 Class A,5,60,14,39,54,1.0,10.0,30.55,10.22,9.73,29.18
17,ARE,알렉산드리아 리얼에스테이트 이쿼티,5,60,14,39,54,1.0,10.0,30.55,-0.24,7.46,24.61
17,TAP,몰슨 쿠어스 베버리지 Class B,5,60,14,39,54,1.0,10.0,30.55,-4.1,4.6,26.42
17,MAA,미드아메리카 아파트 커뮤니티,5,60,14,39,54,1.0,10.0,30.55,22.74,10.19,23.18
17,BIO,바이오래드 래보라토리스 Class A,5,60,14,39,54,1.0,10.0,30.55,-26.69,12.56,27.81
17,NTRS.O,노던 트러스트,5,60,14,39,54,1.0,10.0,30.55,26.18,8.14,28.01
17,HSIC.O,헨리 셰인,5,60,14,39,54,1.0,10.0,30.55,26.05,11.27,24.11
17,REG.O,리젠시 센터스,5,60,14,39,54,1.0,10.0,30.55,29.88,8.42,28.16
17,JNPR.K,주니퍼 네트웍스,5,60,14,39,54,1.0,10.0,30.55,15.38,9.01,29.2
17,L,로우스,5,60,14,39,54,1.0,10.0,30.55,17.94,8.36,23.5
17,CHRW.O,CH 로빈슨 월드와이드,5,60,14,39,54,1.0,10.0,30.55,17.25,6.47,25.11
17,GLW,코닝,5,60,14,39,54,1.0,10.0,30.55,29.01,10.54,29.51
17,ALLE.K,얼리지언,5,60,14,39,54,1.0,10.0,30.55,24.64,12.44,25.98
17,CCI,크라운 캐슬,5,60,14,39,54,1.0,10.0,30.55,0.91,9.94,23.52
17,XOM,엑슨 모빌,5,60,14,39,54,1.0,10.0,30.55,28.33,8.31,25.32
17,DIS,월트 디즈니,5,60,14,39,54,1.0,10.0,30.55,15.68,11.71,26.12
17,TGT,타겟,5,60,14,39,54,1.0,10.0,30.55,69.55,12.35,27.88
17,WFC,웰스파고,5,60,14,39,54,1.0,10.0,30.55,52.85,10.46,29.47
17,CVX,셰브론,5,60,14,39,54,1.0,10.0,30.55,17.4,9.66,27.08
17,WMT,월마트,5,60,14,39,54,1.0,10.0,30.55,0.41,7.36,26.15
17,WELL.K,웰타워,5,60,14,39,54,1.0,10.0,30.55,41.73,11.1,29.09
17,PCAR.O,파카,5,60,14,39,54,1.0,10.0,30.55,15.96,12.07,27.58
17,CSCO.O,시스코 시스템즈,5,60,14,39,54,1.0,10.0,30.55,64.91,9.03,25.97
17,SYY,시스코,5,60,14,39,54,1.0,10.0,30.55,14.06,10.24,26.42
17,ELV,엘레반스 헬스,5,60,14,39,54,1.0,10.0,30.55,24.61,9.99,23.55
17,CVS,CVS 헬스,5,60,14,39,54,1.0,10.0,30.55,-6.78,8.17,24.34
17,BK,뱅크 오브 뉴욕 멜론,5,60,14,39,54,1.0,10.0,30.55,26.49,10.01,27.06
17,ADM,아처 대니얼스 미들랜드,5,60,14,39,54,1.0,10.0,30.55,22.95,9.68,26.0
17,EMR,에머슨 일렉트릭,5,60,14,39,54,1.0,10.0,30.55,13.24,10.1,26.3
17,DLR,디지털 리얼티 트러스트,5,60,14,39,54,1.0,10.0,30.55,23.3,10.67,26.76
17,USB,U.S. 뱅코프,5,60,14,39,54,1.0,10.0,30.55,35.46,7.71,27.64
17,IP,인터내셔널 페이퍼,5,60,14,39,54,1.0,10.0,30.55,10.86,9.11,29.51
17,O,리얼티 인컴,5,60,14,39,54,1.0,10.0,30.55,-0.28,6.91,24.34
17,PNC,PNC 파이낸셜 서비스,5,60,14,39,54,1.0,10.0,30.55,35.1,11.04,28.0
17,CTSH.O,코그니전트 테크놀로지 솔루션,5,60,14,39,54,1.0,10.0,30.55,22.73,11.51,29.02
17,CAH,카디널 헬스,5,60,14,39,54,1.0,10.0,30.55,-1.32,11.6,26.49
17,SRE,셈프라 에너지,5,60,14,39,54,1.0,10.0,30.55,25.31,7.02,25.36
17,FIS,피델리티 내셔널 인포메이션 서비스,5,60,14,39,54,1.0,10.0,30.55,-4.87,11.44,26.94
17,FRT,페더럴 리얼티 인베스트먼트 트러스트,5,60,14,39,54,1.0,10.0,30.55,19.27,5.9,26.44
17,LH,랩코프 홀딩스,5,60,14,39,54,1.0,10.0,30.55,-8.26,10.79,24.67
17,FRT,페더럴 리얼티 인베스트먼트 트러스트,5,60,14,34,54,1.0,10.0,21.97,45.48,5.9,26.44
17,CHRW.O,CH 로빈슨 월드와이드,5,60,14,34,54,1.0,10.0,21.97,2.7,6.47,25.11
17,ALLE.K,얼리지언,5,60,14,34,54,1.0,10.0,21.97,0.0,12.44,25.98
17,BK,뱅크 오브 뉴욕 멜론,5,60,14,34,54,1.0,10.0,21.97,17.29,10.01,27.06
17,FIS,피델리티 내셔널 인포메이션 서비스,5,60,14,34,54,1.0,10.0,21.97,38.18,11.44,26.94
17,SRE,셈프라 에너지,5,60,14,34,54,1.0,10.0,21.97,23.83,7.02,25.36
17,CAH,카디널 헬스,5,60,14,34,54,1.0,10.0,21.97,0.0,11.6,26.49
17,CTSH.O,코그니전트 테크놀로지 솔루션,5,60,14,34,54,1.0,10.0,21.97,0.0,11.51,29.02
17,PNC,PNC 파이낸셜 서비스,5,60,14,34,54,1.0,10.0,21.97,42.43,11.04,28.0
17,O,리얼티 인컴,5,60,14,34,54,1.0,10.0,21.97,-0.28,6.91,24.34
17,IP,인터내셔널 페이퍼,5,60,14,34,54,1.0,10.0,21.97,0.0,9.11,29.51
17,USB,U.S. 뱅코프,5,60,14,34,54,1.0,10.0,21.97,22.29,7.71,27.64
17,L,로우스,5,60,14,34,54,1.0,10.0,21.97,61.54,8.36,23.5
17,EMR,에머슨 일렉트릭,5,60,14,34,54,1.0,10.0,21.97,13.24,10.1,26.3
17,ADM,아처 대니얼스 미들랜드,5,60,14,34,54,1.0,10.0,21.97,0.0,9.68,26.0
17,CVS,CVS 헬스,5,60,14,34,54,1.0,10.0,21.97,0.0,8.17,24.34
17,CCI,크라운 캐슬,5,60,14,34,54,1.0,10.0,21.97,0.91,9.94,23.52
17,ELV,엘레반스 헬스,5,60,14,34,54,1.0,10.0,21.97,0.0,9.99,23.55
17,SYY,시스코,5,60,14,34,54,1.0,10.0,21.97,0.0,10.24,26.42
17,CSCO.O,시스코 시스템즈,5,60,14,34,54,1.0,10.0,21.97,61.52,9.03,25.97
17,PCAR.O,파카,5,60,14,34,54,1.0,10.0,21.97,15.96,12.07,27.58
17,WELL.K,웰타워,5,60,14,34,54,1.0,10.0,21.97,58.17,11.1,29.09
17,WMT,월마트,5,60,14,34,54,1.0,10.0,21.97,0.41,7.36,26.15
17,CVX,셰브론,5,60,14,34,54,1.0,10.0,21.97,17.4,9.66,27.08
17,WFC,웰스파고,5,60,14,34,54,1.0,10.0,21.97,52.85,10.46,29.47
17,TGT,타겟,5,60,14,34,54,1.0,10.0,21.97,81.84,12.35,27.88
17,DIS,월트 디즈니,5,60,14,34,54,1.0,10.0,21.97,15.68,11.71,26.12
17,XOM,엑슨 모빌,5,60,14,34,54,1.0,10.0,21.97,28.95,8.31,25.32
17,NWS.O,뉴스 코퍼레이션 Class B,5,60,14,34,54,1.0,10.0,21.97,2.29,10.14,29.04
17,GLW,코닝,5,60,14,34,54,1.0,10.0,21.97,5.41,10.54,29.51
17,DLR,디지털 리얼티 트러스트,5,60,14,34,54,1.0,10.0,21.97,58.05,10.67,26.76
17,JNPR.K,주니퍼 네트웍스,5,60,14,34,54,1.0,10.0,21.97,15.38,9.01,29.2
17,IFF,인터내셔널 플레이버스 & 프레그런스,5,60,14,34,54,1.0,10.0,21.97,65.2,9.43,26.72
17,ZBH,짐머 바이오멧 홀딩스,5,60,14,34,54,1.0,10.0,21.97,0.0,8.3,25.7
17,REG.O,리젠시 센터스,5,60,14,34,54,1.0,10.0,21.97,28.67,8.42,28.16
17,HSIC.O,헨리 셰인,5,60,14,34,54,1.0,10.0,21.97,0.0,11.27,24.11
17,NTRS.O,노던 트러스트,5,60,14,34,54,1.0,10.0,21.97,66.52,8.14,28.01
17,BIO,바이오래드 래보라토리스 Class A,5,60,14,34,54,1.0,10.0,21.97,0.0,12.56,27.81
17,MAA,미드아메리카 아파트 커뮤니티,5,60,14,34,54,1.0,10.0,21.97,0.0,10.19,23.18
17,TAP,몰슨 쿠어스 베버리지 Class B,5,60,14,34,54,1.0,10.0,21.97,-0.43,4.6,26.42
17,ARE,알렉산드리아 리얼에스테이트 이쿼티,5,60,14,34,54,1.0,10.0,21.97,20.5,7.46,24.61
17,UDR,UDR,5,60,14,34,54,1.0,10.0,21.97,53.64,8.49,24.53
17,LH,랩코프 홀딩스,5,60,14,34,54,1.0,10.0,21.97,0.0,10.79,24.67
17,CPT,캠든 프로퍼티 트러스트,5,60,14,34,54,1.0,10.0,21.97,0.0,10.16,23.47
17,NWSA.O,뉴스 코퍼레이션 Class A,5,60,14,34,54,1.0,10.0,21.97,1.59,9.73,29.18
17,INVH.K,인비테이션 홈스,5,60,14,34,54,1.0,10.0,21.97,0.0,12.05,26.33
17,EQR,에퀴티 레지덴셜,5,60,14,34,54,1.0,10.0,21.97,66.41,7.53,23.91
17,BFb,브라운-포맨 Class B,5,60,14,34,54,1.0,10.0,21.97,0.0,10.12,22.73
17,BG,번지 글로벌,5,60,14,34,54,1.0,10.0,21.97,152.01,9.43,28.74
17,CNP,센터포인트 에너지,5,60,14,34,54,1.0,10.0,21.97,41.1,9.04,24.5
17,OMC,옴니콤 그룹,5,60,14,34,54,1.0,10.0,21.97,41.52,10.38,24.93
17,EIX,에디슨 인터내셔널,5,60,14,34,54,1.0,10.0,21.97,0.0,8.76,23.93
17,AVB,아발론베이 커뮤니티,5,60,14,34,54,1.0,10.0,21.97,33.92,8.34,23.49
17,GRMN.K,가민,5,60,14,34,54,1.0,10.0,21.97,0.0,10.97,26.62
17,TROW.O,티 로웨 프라이스 그룹,5,60,14,34,54,1.0,10.0,21.97,0.0,11.05,28.51
17,ESS,에섹스 프로퍼티 트러스트,5,60,14,34,54,1.0,10.0,21.97,0.0,10.3,24.08
17,DGX,퀘스트 다이아그노스틱스,5,60,14,34,54,1.0,10.0,21.97,0.0,10.34,22.98
17,EIX,에디슨 인터내셔널,5,60,14,34,59,1.0,10.0,21.8,0.0,8.76,23.93
17,DGX,퀘스트 다이아그노스틱스,5,60,14,34,59,1.0,10.0,21.8,0.0,10.34,22.98
17,ESS,에섹스 프로퍼티 트러스트,5,60,14,34,59,1.0,10.0,21.8,0.0,10.3,24.08
17,TROW.O,티 로웨 프라이스 그룹,5,60,14,34,59,1.0,10.0,21.8,0.0,11.05,28.51
17,GRMN.K,가민,5,60,14,34,59,1.0,10.0,21.8,0.0,10.97,26.62
17,EQR,에퀴티 레지덴셜,5,60,14,34,59,1.0,10.0,21.8,70.1,7.53,23.91
17,CNP,센터포인트 에너지,5,60,14,34,59,1.0,10.0,21.8,37.54,9.04,24.5
17,OMC,옴니콤 그룹,5,60,14,34,59,1.0,10.0,21.8,53.69,10.38,24.93
17,IFF,인터내셔널 플레이버스 & 프레그런스,5,60,14,34,59,1.0,10.0,21.8,65.2,9.43,26.72
17,BG,번지 글로벌,5,60,14,34,59,1.0,10.0,21.8,140.45,9.43,28.74
17,AVB,아발론베이 커뮤니티,5,60,14,34,59,1.0,10.0,21.8,55.37,8.34,23.49
17,BFb,브라운-포맨 Class B,5,60,14,34,59,1.0,10.0,21.8,0.0,10.12,22.73
17,INVH.K,인비테이션 홈스,5,60,14,34,59,1.0,10.0,21.8,0.0,12.05,26.33
17,L,로우스,5,60,14,34,59,1.0,10.0,21.8,60.66,8.36,23.5
17,CPT,캠든 프로퍼티 트러스트,5,60,14,34,59,1.0,10.0,21.8,0.0,10.16,23.47
17,LH,랩코프 홀딩스,5,60,14,34,59,1.0,10.0,21.8,0.0,10.79,24.67
17,UDR,UDR,5,60,14,34,59,1.0,10.0,21.8,59.83,8.49,24.53
17,NWSA.O,뉴스 코퍼레이션 Class A,5,60,14,34,59,1.0,10.0,21.8,7.27,9.73,29.18
17,ARE,알렉산드리아 리얼에스테이트 이쿼티,5,60,14,34,59,1.0,10.0,21.8,20.5,7.46,24.61
17,TAP,몰슨 쿠어스 베버리지 Class B,5,60,14,34,59,1.0,10.0,21.8,1.16,4.6,26.42
17,MAA,미드아메리카 아파트 커뮤니티,5,60,14,34,59,1.0,10.0,21.8,0.0,10.19,23.18
17,BIO,바이오래드 래보라토리스 Class A,5,60,14,34,59,1.0,10.0,21.8,0.0,12.56,27.81
17,NTRS.O,노던 트러스트,5,60,14,34,59,1.0,10.0,21.8,26.16,8.14,28.01
17,HSIC.O,헨리 셰인,5,60,14,34,59,1.0,10.0,21.8,0.0,11.27,24.11
17,REG.O,리젠시 센터스,5,60,14,34,59,1.0,10.0,21.8,42.55,8.42,28.16
17,JNPR.K,주니퍼 네트웍스,5,60,14,34,59,1.0,10.0,21.8,18.41,9.01,29.2
17,CHRW.O,CH 로빈슨 월드와이드,5,60,14,34,59,1.0,10.0,21.8,5.4,6.47,25.11
17,ZBH,짐머 바이오멧 홀딩스,5,60,14,34,59,1.0,10.0,21.8,0.0,8.3,25.7
17,FRT,페더럴 리얼티 인베스트먼트 트러스트,5,60,14,34,59,1.0,10.0,21.8,39.79,5.9,26.44
17,GLW,코닝,5,60,14,34,59,1.0,10.0,21.8,9.89,10.54,29.51
17,CCI,크라운 캐슬,5,60,14,34,59,1.0,10.0,21.8,0.91,9.94,23.52
17,NWS.O,뉴스 코퍼레이션 Class B,5,60,14,34,59,1.0,10.0,21.8,7.26,10.14,29.04
17,XOM,엑슨 모빌,5,60,14,34,59,1.0,10.0,21.8,32.48,8.31,25.32
17,DIS,월트 디즈니,5,60,14,34,59,1.0,10.0,21.8,7.35,11.71,26.12
17,TGT,타겟,5,60,14,34,59,1.0,10.0,21.8,81.84,12.35,27.88
17,WFC,웰스파고,5,60,14,34,59,1.0,10.0,21.8,58.01,10.46,29.47
17,CVX,셰브론,5,60,14,34,59,1.0,10.0,21.8,19.12,9.66,27.08
17,WMT,월마트,5,60,14,34,59,1.0,10.0,21.8,2.78,7.36,26.15
17,WELL.K,웰타워,5,60,14,34,59,1.0,10.0,21.8,56.28,11.1,29.09
17,PCAR.O,파카,5,60,14,34,59,1.0,10.0,21.8,18.72,12.07,27.58
17,CSCO.O,시스코 시스템즈,5,60,14,34,59,1.0,10.0,21.8,24.7,9.03,25.97
17,SYY,시스코,5,60,14,34,59,1.0,10.0,21.8,0.0,10.24,26.42
17,ELV,엘레반스 헬스,5,60,14,34,59,1.0,10.0,21.8,0.0,9.99,23.55
17,CVS,CVS 헬스,5,60,14,34,59,1.0,10.0,21.8,0.0,8.17,24.34
17,ALLE.K,얼리지언,5,60,14,34,59,1.0,10.0,21.8,0.0,12.44,25.98
17,ADM,아처 대니얼스 미들랜드,5,60,14,34,59,1.0,10.0,21.8,0.0,9.68,26.0
17,EMR,에머슨 일렉트릭,5,60,14,34,59,1.0,10.0,21.8,15.31,10.1,26.3
17,DLR,디지털 리얼티 트러스트,5,60,14,34,59,1.0,10.0,21.8,49.32,10.67,26.76
17,USB,U.S. 뱅코프,5,60,14,34,59,1.0,10.0,21.8,22.29,7.71,27.64
17,IP,인터내셔널 페이퍼,5,60,14,34,59,1.0,10.0,21.8,0.0,9.11,29.51
17,O,리얼티 인컴,5,60,14,34,59,1.0,10.0,21.8,-0.28,6.91,24.34
17,PNC,PNC 파이낸셜 서비스,5,60,14,34,59,1.0,10.0,21.8,58.87,11.04,28.0
17,CTSH.O,코그니전트 테크놀로지 솔루션,5,60,14,34,59,1.0,10.0,21.8,0.0,11.51,29.02
17,CAH,카디널 헬스,5,60,14,34,59,1.0,10.0,21.8,0.0,11.6,26.49
17,SRE,셈프라 에너지,5,60,14,34,59,1.0,10.0,21.8,11.59,7.02,25.36
17,FIS,피델리티 내셔널 인포메이션 서비스,5,60,14,34,59,1.0,10.0,21.8,40.69,11.44,26.94
17,BK,뱅크 오브 뉴욕 멜론,5,60,14,34,59,1.0,10.0,21.8,21.2,10.01,27.06
17,FRT,페더럴 리얼티 인베스트먼트 트러스트,5,60,14,39,59,1.0,10.0,21.05,-1.47,5.9,26.44
17,NWS.O,뉴스 코퍼레이션 Class B,5,60,14,39,59,1.0,10.0,21.05,9.04,10.14,29.04
17,DIS,월트 디즈니,5,60,14,39,59,1.0,10.0,21.05,7.35,11.71,26.12
17,ZBH,짐머 바이오멧 홀딩스,5,60,14,39,59,1.0,10.0,21.05,-2.57,8.3,25.7
17,GLW,코닝,5,60,14,39,59,1.0,10.0,21.05,34.31,10.54,29.51
17,ALLE.K,얼리지언,5,60,14,39,59,1.0,10.0,21.05,18.77,12.44,25.98
17,BK,뱅크 오브 뉴욕 멜론,5,60,14,39,59,1.0,10.0,21.05,30.98,10.01,27.06
17,FIS,피델리티 내셔널 인포메이션 서비스,5,60,14,39,59,1.0,10.0,21.05,-2.38,11.44,26.94
17,SRE,셈프라 에너지,5,60,14,39,59,1.0,10.0,21.05,12.32,7.02,25.36
17,CAH,카디널 헬스,5,60,14,39,59,1.0,10.0,21.05,2.33,11.6,26.49
17,CTSH.O,코그니전트 테크놀로지 솔루션,5,60,14,39,59,1.0,10.0,21.05,25.75,11.51,29.02
17,PNC,PNC 파이낸셜 서비스,5,60,14,39,59,1.0,10.0,21.05,31.26,11.04,28.0
17,O,리얼티 인컴,5,60,14,39,59,1.0,10.0,21.05,-0.28,6.91,24.34
17,IP,인터내셔널 페이퍼,5,60,14,39,59,1.0,10.0,21.05,11.08,9.11,29.51
17,USB,U.S. 뱅코프,5,60,14,39,59,1.0,10.0,21.05,39.32,7.71,27.64
17,EMR,에머슨 일렉트릭,5,60,14,39,59,1.0,10.0,21.05,15.31,10.1,26.3
17,ADM,아처 대니얼스 미들랜드,5,60,14,39,59,1.0,10.0,21.05,11.75,9.68,26.0
17,CVS,CVS 헬스,5,60,14,39,59,1.0,10.0,21.05,-4.81,8.17,24.34
17,CCI,크라운 캐슬,5,60,14,39,59,1.0,10.0,21.05,0.91,9.94,23.52
17,ELV,엘레반스 헬스,5,60,14,39,59,1.0,10.0,21.05,26.78,9.99,23.55
17,SYY,시스코,5,60,14,39,59,1.0,10.0,21.05,11.1,10.24,26.42
17,CSCO.O,시스코 시스템즈,5,60,14,39,59,1.0,10.0,21.05,31.9,9.03,25.97
17,PCAR.O,파카,5,60,14,39,59,1.0,10.0,21.05,18.72,12.07,27.58
17,WELL.K,웰타워,5,60,14,39,59,1.0,10.0,21.05,43.5,11.1,29.09
17,WMT,월마트,5,60,14,39,59,1.0,10.0,21.05,2.78,7.36,26.15
17,CVX,셰브론,5,60,14,39,59,1.0,10.0,21.05,19.12,9.66,27.08
17,WFC,웰스파고,5,60,14,39,59,1.0,10.0,21.05,58.01,10.46,29.47
17,TGT,타겟,5,60,14,39,59,1.0,10.0,21.05,34.72,12.35,27.88
17,XOM,엑슨 모빌,5,60,14,39,59,1.0,10.0,21.05,2.29,8.31,25.32
17,CHRW.O,CH 로빈슨 월드와이드,5,60,14,39,59,1.0,10.0,21.05,19.23,6.47,25.11
17,DLR,디지털 리얼티 트러스트,5,60,14,39,59,1.0,10.0,21.05,25.49,10.67,26.76
17,BFb,브라운-포맨 Class B,5,60,14,39,59,1.0,10.0,21.05,-53.95,10.12,22.73
17,CPT,캠든 프로퍼티 트러스트,5,60,14,39,59,1.0,10.0,21.05,32.07,10.16,23.47
17,AVB,아발론베이 커뮤니티,5,60,14,39,59,1.0,10.0,21.05,21.66,8.34,23.49
17,JNPR.K,주니퍼 네트웍스,5,60,14,39,59,1.0,10.0,21.05,18.41,9.01,29.2
17,REG.O,리젠시 센터스,5,60,14,39,59,1.0,10.0,21.05,39.59,8.42,28.16
17,HSIC.O,헨리 셰인,5,60,14,39,59,1.0,10.0,21.05,24.39,11.27,24.11
17,NTRS.O,노던 트러스트,5,60,14,39,59,1.0,10.0,21.05,19.02,8.14,28.01
17,BIO,바이오래드 래보라토리스 Class A,5,60,14,39,59,1.0,10.0,21.05,-26.69,12.56,27.81
17,MAA,미드아메리카 아파트 커뮤니티,5,60,14,39,59,1.0,10.0,21.05,22.74,10.19,23.18
17,ARE,알렉산드리아 리얼에스테이트 이쿼티,5,60,14,39,59,1.0,10.0,21.05,1.41,7.46,24.61
17,NWSA.O,뉴스 코퍼레이션 Class A,5,60,14,39,59,1.0,10.0,21.05,16.82,9.73,29.18
17,UDR,UDR,5,60,14,39,59,1.0,10.0,21.05,15.28,8.49,24.53
17,LH,랩코프 홀딩스,5,60,14,39,59,1.0,10.0,21.05,34.81,10.79,24.67
17,TAP,몰슨 쿠어스 베버리지 Class B,5,60,14,39,59,1.0,10.0,21.05,-1.93,4.6,26.42
17,IFF,인터내셔널 플레이버스 & 프레그런스,5,60,14,39,59,1.0,10.0,21.05,5.74,9.43,26.72
17,GRMN.K,가민,5,60,14,39,59,1.0,10.0,21.05,41.34,10.97,26.62
17,BG,번지 글로벌,5,60,14,39,59,1.0,10.0,21.05,3.4,9.43,28.74
17,L,로우스,5,60,14,39,59,1.0,10.0,21.05,16.12,8.36,23.5
17,OMC,옴니콤 그룹,5,60,14,39,59,1.0,10.0,21.05,53.14,10.38,24.93
17,EIX,에디슨 인터내셔널,5,60,14,39,59,1.0,10.0,21.05,10.29,8.76,23.93
17,EQR,에퀴티 레지덴셜,5,60,14,39,59,1.0,10.0,21.05,15.64,7.53,23.91
17,CNP,센터포인트 에너지,5,60,14,39,59,1.0,10.0,21.05,32.16,9.04,24.5
17,TROW.O,티 로웨 프라이스 그룹,5,60,14,39,59,1.0,10.0,21.05,9.72,11.05,28.51
17,ESS,에섹스 프로퍼티 트러스트,5,60,14,39,59,1.0,10.0,21.05,26.94,10.3,24.08
17,DGX,퀘스트 다이아그노스틱스,5,60,14,39,59,1.0,10.0,21.05,174.52,10.34,22.98
17,INVH.K,인비테이션 홈스,5,60,14,39,59,1.0,10.0,21.05,114.8,12.05,26.33
17,EQR,에퀴티 레지덴셜,5,60,14,34,64,1.0,10.0,19.55,63.45,7.53,23.91
17,INVH.K,인비테이션 홈스,5,60,14,34,64,1.0,10.0,19.55,0.0,12.05,26.33
17,DGX,퀘스트 다이아그노스틱스,5,60,14,34,64,1.0,10.0,19.55,0.0,10.34,22.98
17,ESS,에섹스 프로퍼티 트러스트,5,60,14,34,64,1.0,10.0,19.55,0.0,10.3,24.08
17,TROW.O,티 로웨 프라이스 그룹,5,60,14,34,64,1.0,10.0,19.55,0.0,11.05,28.51
17,GRMN.K,가민,5,60,14,34,64,1.0,10.0,19.55,0.0,10.97,26.62
17,OMC,옴니콤 그룹,5,60,14,34,64,1.0,10.0,19.55,20.56,10.38,24.93
17,EIX,에디슨 인터내셔널,5,60,14,34,64,1.0,10.0,19.55,0.0,8.76,23.93
17,CPT,캠든 프로퍼티 트러스트,5,60,14,34,64,1.0,10.0,19.55,0.0,10.16,23.47
17,CNP,센터포인트 에너지,5,60,14,34,64,1.0,10.0,19.55,33.94,9.04,24.5
17,BG,번지 글로벌,5,60,14,34,64,1.0,10.0,19.55,152.81,9.43,28.74
17,AVB,아발론베이 커뮤니티,5,60,14,34,64,1.0,10.0,19.55,57.02,8.34,23.49
17,IFF,인터내셔널 플레이버스 & 프레그런스,5,60,14,34,64,1.0,10.0,19.55,65.2,9.43,26.72
17,L,로우스,5,60,14,34,64,1.0,10.0,19.55,68.74,8.36,23.5
17,LH,랩코프 홀딩스,5,60,14,34,64,1.0,10.0,19.55,0.0,10.79,24.67
17,UDR,UDR,5,60,14,34,64,1.0,10.0,19.55,54.35,8.49,24.53
17,NWSA.O,뉴스 코퍼레이션 Class A,5,60,14,34,64,1.0,10.0,19.55,9.39,9.73,29.18
17,ARE,알렉산드리아 리얼에스테이트 이쿼티,5,60,14,34,64,1.0,10.0,19.55,20.5,7.46,24.61
17,TAP,몰슨 쿠어스 베버리지 Class B,5,60,14,34,64,1.0,10.0,19.55,2.42,4.6,26.42
17,MAA,미드아메리카 아파트 커뮤니티,5,60,14,34,64,1.0,10.0,19.55,0.0,10.19,23.18
17,BIO,바이오래드 래보라토리스 Class A,5,60,14,34,64,1.0,10.0,19.55,0.0,12.56,27.81
17,NTRS.O,노던 트러스트,5,60,14,34,64,1.0,10.0,19.55,28.12,8.14,28.01
17,HSIC.O,헨리 셰인,5,60,14,34,64,1.0,10.0,19.55,0.0,11.27,24.11
17,REG.O,리젠시 센터스,5,60,14,34,64,1.0,10.0,19.55,37.62,8.42,28.16
17,JNPR.K,주니퍼 네트웍스,5,60,14,34,64,1.0,10.0,19.55,22.1,9.01,29.2
17,FRT,페더럴 리얼티 인베스트먼트 트러스트,5,60,14,34,64,1.0,10.0,19.55,39.87,5.9,26.44
17,CHRW.O,CH 로빈슨 월드와이드,5,60,14,34,64,1.0,10.0,19.55,7.81,6.47,25.11
17,ZBH,짐머 바이오멧 홀딩스,5,60,14,34,64,1.0,10.0,19.55,0.0,8.3,25.7
17,BFb,브라운-포맨 Class B,5,60,14,34,64,1.0,10.0,19.55,0.0,10.12,22.73
17,GLW,코닝,5,60,14,34,64,1.0,10.0,19.55,14.14,10.54,29.51
17,ALLE.K,얼리지언,5,60,14,34,64,1.0,10.0,19.55,0.0,12.44,25.98
17,XOM,엑슨 모빌,5,60,14,34,64,1.0,10.0,19.55,-0.66,8.31,25.32
17,DIS,월트 디즈니,5,60,14,34,64,1.0,10.0,19.55,9.01,11.71,26.12
17,TGT,타겟,5,60,14,34,64,1.0,10.0,19.55,52.18,12.35,27.88
17,WFC,웰스파고,5,60,14,34,64,1.0,10.0,19.55,54.27,10.46,29.47
17,CVX,셰브론,5,60,14,34,64,1.0,10.0,19.55,19.06,9.66,27.08
17,WMT,월마트,5,60,14,34,64,1.0,10.0,19.55,2.78,7.36,26.15
17,WELL.K,웰타워,5,60,14,34,64,1.0,10.0,19.55,38.38,11.1,29.09
17,PCAR.O,파카,5,60,14,34,64,1.0,10.0,19.55,22.96,12.07,27.58
17,CSCO.O,시스코 시스템즈,5,60,14,34,64,1.0,10.0,19.55,24.7,9.03,25.97
17,SYY,시스코,5,60,14,34,64,1.0,10.0,19.55,0.0,10.24,26.42
17,ELV,엘레반스 헬스,5,60,14,34,64,1.0,10.0,19.55,0.0,9.99,23.55
17,CCI,크라운 캐슬,5,60,14,34,64,1.0,10.0,19.55,0.91,9.94,23.52
17,CVS,CVS 헬스,5,60,14,34,64,1.0,10.0,19.55,0.0,8.17,24.34
17,ADM,아처 대니얼스 미들랜드,5,60,14,34,64,1.0,10.0,19.55,0.0,9.68,26.0
17,EMR,에머슨 일렉트릭,5,60,14,34,64,1.0,10.0,19.55,16.17,10.1,26.3
17,DLR,디지털 리얼티 트러스트,5,60,14,34,64,1.0,10.0,19.55,25.51,10.67,26.76
17,USB,U.S. 뱅코프,5,60,14,34,64,1.0,10.0,19.55,22.29,7.71,27.64
17,IP,인터내셔널 페이퍼,5,60,14,34,64,1.0,10.0,19.55,0.0,9.11,29.51
17,O,리얼티 인컴,5,60,14,34,64,1.0,10.0,19.55,-0.28,6.91,24.34
17,PNC,PNC 파이낸셜 서비스,5,60,14,34,64,1.0,10.0,19.55,55.7,11.04,28.0
17,CTSH.O,코그니전트 테크놀로지 솔루션,5,60,14,34,64,1.0,10.0,19.55,0.0,11.51,29.02
17,CAH,카디널 헬스,5,60,14,34,64,1.0,10.0,19.55,0.0,11.6,26.49
17,SRE,셈프라 에너지,5,60,14,34,64,1.0,10.0,19.55,8.33,7.02,25.36
17,FIS,피델리티 내셔널 인포메이션 서비스,5,60,14,34,64,1.0,10.0,19.55,31.07,11.44,26.94
17,BK,뱅크 오브 뉴욕 멜론,5,60,14,34,64,1.0,10.0,19.55,24.12,10.01,27.06
17,NWS.O,뉴스 코퍼레이션 Class B,5,60,14,34,64,1.0,10.0,19.55,9.61,10.14,29.04
17,XOM,엑슨 모빌,5,120,14,34,59,1.0,10.0,18.46,25.46,8.31,25.32
17,WFC,웰스파고,5,120,14,34,59,1.0,10.0,18.46,132.21,10.46,29.47
17,CVX,셰브론,5,120,14,34,59,1.0,10.0,18.46,30.14,9.66,27.08
17,IP,인터내셔널 페이퍼,5,120,14,34,59,1.0,10.0,18.46,0.0,9.11,29.51
17,ZBH,짐머 바이오멧 홀딩스,5,120,14,34,59,1.0,10.0,18.46,0.0,8.3,25.7
17,CHRW.O,CH 로빈슨 월드와이드,5,120,14,34,59,1.0,10.0,18.46,0.0,6.47,25.11
17,GLW,코닝,5,120,14,34,59,1.0,10.0,18.46,0.0,10.54,29.51
17,ALLE.K,얼리지언,5,120,14,34,59,1.0,10.0,18.46,0.0,12.44,25.98
17,BK,뱅크 오브 뉴욕 멜론,5,120,14,34,59,1.0,10.0,18.46,0.0,10.01,27.06
17,FIS,피델리티 내셔널 인포메이션 서비스,5,120,14,34,59,1.0,10.0,18.46,27.57,11.44,26.94
17,SRE,셈프라 에너지,5,120,14,34,59,1.0,10.0,18.46,0.0,7.02,25.36
17,CAH,카디널 헬스,5,120,14,34,59,1.0,10.0,18.46,0.0,11.6,26.49
17,CTSH.O,코그니전트 테크놀로지 솔루션,5,120,14,34,59,1.0,10.0,18.46,0.0,11.51,29.02
17,PNC,PNC 파이낸셜 서비스,5,120,14,34,59,1.0,10.0,18.46,39.87,11.04,28.0
17,O,리얼티 인컴,5,120,14,34,59,1.0,10.0,18.46,0.0,6.91,24.34
17,USB,U.S. 뱅코프,5,120,14,34,59,1.0,10.0,18.46,0.0,7.71,27.64
17,AVB,아발론베이 커뮤니티,5,120,14,34,59,1.0,10.0,18.46,44.33,8.34,23.49
17,DLR,디지털 리얼티 트러스트,5,120,14,34,59,1.0,10.0,18.46,44.08,10.67,26.76
17,EMR,에머슨 일렉트릭,5,120,14,34,59,1.0,10.0,18.46,0.0,10.1,26.3
17,ADM,아처 대니얼스 미들랜드,5,120,14,34,59,1.0,10.0,18.46,0.0,9.68,26.0
17,CVS,CVS 헬스,5,120,14,34,59,1.0,10.0,18.46,0.0,8.17,24.34
17,CCI,크라운 캐슬,5,120,14,34,59,1.0,10.0,18.46,-10.42,9.94,23.52
17,ELV,엘레반스 헬스,5,120,14,34,59,1.0,10.0,18.46,0.0,9.99,23.55
17,SYY,시스코,5,120,14,34,59,1.0,10.0,18.46,0.0,10.24,26.42
17,CSCO.O,시스코 시스템즈,5,120,14,34,59,1.0,10.0,18.46,25.58,9.03,25.97
17,PCAR.O,파카,5,120,14,34,59,1.0,10.0,18.46,0.0,12.07,27.58
17,WELL.K,웰타워,5,120,14,34,59,1.0,10.0,18.46,0.0,11.1,29.09
17,WMT,월마트,5,120,14,34,59,1.0,10.0,18.46,3.4,7.36,26.15
17,BFb,브라운-포맨 Class B,5,120,14,34,59,1.0,10.0,18.46,0.0,10.12,22.73
17,BG,번지 글로벌,5,120,14,34,59,1.0,10.0,18.46,150.79,9.43,28.74
17,NWSA.O,뉴스 코퍼레이션 Class A,5,120,14,34,59,1.0,10.0,18.46,5.02,9.73,29.18
17,CNP,센터포인트 에너지,5,120,14,34,59,1.0,10.0,18.46,71.74,9.04,24.5
17,TGT,타겟,5,120,14,34,59,1.0,10.0,18.46,0.0,12.35,27.88
17,NWS.O,뉴스 코퍼레이션 Class B,5,120,14,34,59,1.0,10.0,18.46,5.38,10.14,29.04
17,FRT,페더럴 리얼티 인베스트먼트 트러스트,5,120,14,34,59,1.0,10.0,18.46,48.92,5.9,26.44
17,L,로우스,5,120,14,34,59,1.0,10.0,18.46,0.0,8.36,23.5
17,JNPR.K,주니퍼 네트웍스,5,120,14,34,59,1.0,10.0,18.46,13.24,9.01,29.2
17,REG.O,리젠시 센터스,5,120,14,34,59,1.0,10.0,18.46,100.24,8.42,28.16
17,HSIC.O,헨리 셰인,5,120,14,34,59,1.0,10.0,18.46,0.0,11.27,24.11
17,NTRS.O,노던 트러스트,5,120,14,34,59,1.0,10.0,18.46,24.49,8.14,28.01
17,BIO,바이오래드 래보라토리스 Class A,5,120,14,34,59,1.0,10.0,18.46,0.0,12.56,27.81
17,MAA,미드아메리카 아파트 커뮤니티,5,120,14,34,59,1.0,10.0,18.46,0.0,10.19,23.18
17,TAP,몰슨 쿠어스 베버리지 Class B,5,120,14,34,59,1.0,10.0,18.46,-1.7,4.6,26.42
17,ARE,알렉산드리아 리얼에스테이트 이쿼티,5,120,14,34,59,1.0,10.0,18.46,0.0,7.46,24.61
17,DIS,월트 디즈니,5,120,14,34,59,1.0,10.0,18.46,0.0,11.71,26.12
17,UDR,UDR,5,120,14,34,59,1.0,10.0,18.46,38.18,8.49,24.53
17,LH,랩코프 홀딩스,5,120,14,34,59,1.0,10.0,18.46,0.0,10.79,24.67
17,CPT,캠든 프로퍼티 트러스트,5,120,14,34,59,1.0,10.0,18.46,0.0,10.16,23.47
17,IFF,인터내셔널 플레이버스 & 프레그런스,5,120,14,34,59,1.0,10.0,18.46,48.42,9.43,26.72
17,INVH.K,인비테이션 홈스,5,120,14,34,59,1.0,10.0,18.46,0.0,12.05,26.33
17,DGX,퀘스트 다이아그노스틱스,5,120,14,34,59,1.0,10.0,18.46,0.0,10.34,22.98
17,ESS,에섹스 프로퍼티 트러스트,5,120,14,34,59,1.0,10.0,18.46,0.0,10.3,24.08
17,TROW.O,티 로웨 프라이스 그룹,5,120,14,34,59,1.0,10.0,18.46,0.0,11.05,28.51
17,GRMN.K,가민,5,120,14,34,59,1.0,10.0,18.46,0.0,10.97,26.62
17,EQR,에퀴티 레지덴셜,5,120,14,34,59,1.0,10.0,18.46,67.28,7.53,23.91
17,EIX,에디슨 인터내셔널,5,120,14,34,59,1.0,10.0,18.46,0.0,8.76,23.93
17,OMC,옴니콤 그룹,5,120,14,34,59,1.0,10.0,18.46,117.92,10.38,24.93
17,XOM,엑슨 모빌,5,120,14,34,54,1.0,10.0,18.39,19.26,8.31,25.32
17,DIS,월트 디즈니,5,120,14,34,54,1.0,10.0,18.39,0.0,11.71,26.12
17,FRT,페더럴 리얼티 인베스트먼트 트러스트,5,120,14,34,54,1.0,10.0,18.39,62.32,5.9,26.44
17,CPT,캠든 프로퍼티 트러스트,5,120,14,34,54,1.0,10.0,18.39,0.0,10.16,23.47
17,AVB,아발론베이 커뮤니티,5,120,14,34,54,1.0,10.0,18.39,20.31,8.34,23.49
17,BG,번지 글로벌,5,120,14,34,54,1.0,10.0,18.39,174.75,9.43,28.74
17,CNP,센터포인트 에너지,5,120,14,34,54,1.0,10.0,18.39,64.23,9.04,24.5
17,OMC,옴니콤 그룹,5,120,14,34,54,1.0,10.0,18.39,96.46,10.38,24.93
17,EIX,에디슨 인터내셔널,5,120,14,34,54,1.0,10.0,18.39,0.0,8.76,23.93
17,EQR,에퀴티 레지덴셜,5,120,14,34,54,1.0,10.0,18.39,61.57,7.53,23.91
17,GRMN.K,가민,5,120,14,34,54,1.0,10.0,18.39,0.0,10.97,26.62
17,TROW.O,티 로웨 프라이스 그룹,5,120,14,34,54,1.0,10.0,18.39,0.0,11.05,28.51
17,ESS,에섹스 프로퍼티 트러스트,5,120,14,34,54,1.0,10.0,18.39,0.0,10.3,24.08
17,DGX,퀘스트 다이아그노스틱스,5,120,14,34,54,1.0,10.0,18.39,0.0,10.34,22.98
17,IFF,인터내셔널 플레이버스 & 프레그런스,5,120,14,34,54,1.0,10.0,18.39,48.42,9.43,26.72
17,LH,랩코프 홀딩스,5,120,14,34,54,1.0,10.0,18.39,0.0,10.79,24.67
17,ZBH,짐머 바이오멧 홀딩스,5,120,14,34,54,1.0,10.0,18.39,0.0,8.3,25.7
17,UDR,UDR,5,120,14,34,54,1.0,10.0,18.39,27.59,8.49,24.53
17,NWSA.O,뉴스 코퍼레이션 Class A,5,120,14,34,54,1.0,10.0,18.39,-1.01,9.73,29.18
17,ARE,알렉산드리아 리얼에스테이트 이쿼티,5,120,14,34,54,1.0,10.0,18.39,0.0,7.46,24.61
17,TAP,몰슨 쿠어스 베버리지 Class B,5,120,14,34,54,1.0,10.0,18.39,-6.11,4.6,26.42
17,MAA,미드아메리카 아파트 커뮤니티,5,120,14,34,54,1.0,10.0,18.39,0.0,10.19,23.18
17,BIO,바이오래드 래보라토리스 Class A,5,120,14,34,54,1.0,10.0,18.39,0.0,12.56,27.81
17,NTRS.O,노던 트러스트,5,120,14,34,54,1.0,10.0,18.39,80.06,8.14,28.01
17,HSIC.O,헨리 셰인,5,120,14,34,54,1.0,10.0,18.39,0.0,11.27,24.11
17,REG.O,리젠시 센터스,5,120,14,34,54,1.0,10.0,18.39,71.9,8.42,28.16
17,JNPR.K,주니퍼 네트웍스,5,120,14,34,54,1.0,10.0,18.39,9.47,9.01,29.2
17,L,로우스,5,120,14,34,54,1.0,10.0,18.39,0.0,8.36,23.5
17,BFb,브라운-포맨 Class B,5,120,14,34,54,1.0,10.0,18.39,0.0,10.12,22.73
17,INVH.K,인비테이션 홈스,5,120,14,34,54,1.0,10.0,18.39,0.0,12.05,26.33
17,CHRW.O,CH 로빈슨 월드와이드,5,120,14,34,54,1.0,10.0,18.39,0.0,6.47,25.11
17,EMR,에머슨 일렉트릭,5,120,14,34,54,1.0,10.0,18.39,0.0,10.1,26.3
17,TGT,타겟,5,120,14,34,54,1.0,10.0,18.39,0.0,12.35,27.88
17,GLW,코닝,5,120,14,34,54,1.0,10.0,18.39,0.0,10.54,29.51
17,CVX,셰브론,5,120,14,34,54,1.0,10.0,18.39,30.14,9.66,27.08
17,WMT,월마트,5,120,14,34,54,1.0,10.0,18.39,0.82,7.36,26.15
17,WELL.K,웰타워,5,120,14,34,54,1.0,10.0,18.39,0.0,11.1,29.09
17,PCAR.O,파카,5,120,14,34,54,1.0,10.0,18.39,0.0,12.07,27.58
17,CSCO.O,시스코 시스템즈,5,120,14,34,54,1.0,10.0,18.39,60.5,9.03,25.97
17,SYY,시스코,5,120,14,34,54,1.0,10.0,18.39,0.0,10.24,26.42
17,ELV,엘레반스 헬스,5,120,14,34,54,1.0,10.0,18.39,0.0,9.99,23.55
17,CCI,크라운 캐슬,5,120,14,34,54,1.0,10.0,18.39,-10.42,9.94,23.52
17,CVS,CVS 헬스,5,120,14,34,54,1.0,10.0,18.39,0.0,8.17,24.34
17,ADM,아처 대니얼스 미들랜드,5,120,14,34,54,1.0,10.0,18.39,0.0,9.68,26.0
17,WFC,웰스파고,5,120,14,34,54,1.0,10.0,18.39,140.27,10.46,29.47
17,DLR,디지털 리얼티 트러스트,5,120,14,34,54,1.0,10.0,18.39,50.43,10.67,26.76
17,CAH,카디널 헬스,5,120,14,34,54,1.0,10.0,18.39,0.0,11.6,26.49
17,ALLE.K,얼리지언,5,120,14,34,54,1.0,10.0,18.39,0.0,12.44,25.98
17,BK,뱅크 오브 뉴욕 멜론,5,120,14,34,54,1.0,10.0,18.39,0.0,10.01,27.06
17,FIS,피델리티 내셔널 인포메이션 서비스,5,120,14,34,54,1.0,10.0,18.39,27.57,11.44,26.94
17,SRE,셈프라 에너지,5,120,14,34,54,1.0,10.0,18.39,0.0,7.02,25.36
17,NWS.O,뉴스 코퍼레이션 Class B,5,120,14,34,54,1.0,10.0,18.39,0.11,10.14,29.04
17,CTSH.O,코그니전트 테크놀로지 솔루션,5,120,14,34,54,1.0,10.0,18.39,0.0,11.51,29.02
17,O,리얼티 인컴,5,120,14,34,54,1.0,10.0,18.39,0.0,6.91,24.34
17,PNC,PNC 파이낸셜 서비스,5,120,14,34,54,1.0,10.0,18.39,19.67,11.04,28.0
17,IP,인터내셔널 페이퍼,5,120,14,34,54,1.0,10.0,18.39,0.0,9.11,29.51
17,USB,U.S. 뱅코프,5,120,14,34,54,1.0,10.0,18.39,0.0,7.71,27.64
17,DGX,퀘스트 다이아그노스틱스,5,120,14,39,59,1.0,10.0,18.1,24.02,10.34,22.98
17,LH,랩코프 홀딩스,5,120,14,39,59,1.0,10.0,18.1,42.95,10.79,24.67
17,CPT,캠든 프로퍼티 트러스트,5,120,14,39,59,1.0,10.0,18.1,20.82,10.16,23.47
17,IFF,인터내셔널 플레이버스 & 프레그런스,5,120,14,39,59,1.0,10.0,18.1,22.94,9.43,26.72
17,INVH.K,인비테이션 홈스,5,120,14,39,59,1.0,10.0,18.1,0.0,12.05,26.33
17,TROW.O,티 로웨 프라이스 그룹,5,120,14,39,59,1.0,10.0,18.1,1.38,11.05,28.51
17,ESS,에섹스 프로퍼티 트러스트,5,120,14,39,59,1.0,10.0,18.1,31.11,10.3,24.08
17,NWSA.O,뉴스 코퍼레이션 Class A,5,120,14,39,59,1.0,10.0,18.1,17.03,9.73,29.18
17,GRMN.K,가민,5,120,14,39,59,1.0,10.0,18.1,0.0,10.97,26.62
17,EQR,에퀴티 레지덴셜,5,120,14,39,59,1.0,10.0,18.1,67.28,7.53,23.91
17,EIX,에디슨 인터내셔널,5,120,14,39,59,1.0,10.0,18.1,0.0,8.76,23.93
17,UDR,UDR,5,120,14,39,59,1.0,10.0,18.1,27.45,8.49,24.53
17,MAA,미드아메리카 아파트 커뮤니티,5,120,14,39,59,1.0,10.0,18.1,26.22,10.19,23.18
17,ARE,알렉산드리아 리얼에스테이트 이쿼티,5,120,14,39,59,1.0,10.0,18.1,0.0,7.46,24.61
17,TAP,몰슨 쿠어스 베버리지 Class B,5,120,14,39,59,1.0,10.0,18.1,-2.11,4.6,26.42
17,BIO,바이오래드 래보라토리스 Class A,5,120,14,39,59,1.0,10.0,18.1,-45.41,12.56,27.81
17,NTRS.O,노던 트러스트,5,120,14,39,59,1.0,10.0,18.1,22.55,8.14,28.01
17,CNP,센터포인트 에너지,5,120,14,39,59,1.0,10.0,18.1,38.52,9.04,24.5
17,REG.O,리젠시 센터스,5,120,14,39,59,1.0,10.0,18.1,100.24,8.42,28.16
17,JNPR.K,주니퍼 네트웍스,5,120,14,39,59,1.0,10.0,18.1,13.24,9.01,29.2
17,L,로우스,5,120,14,39,59,1.0,10.0,18.1,12.15,8.36,23.5
17,FRT,페더럴 리얼티 인베스트먼트 트러스트,5,120,14,39,59,1.0,10.0,18.1,-1.47,5.9,26.44
17,NWS.O,뉴스 코퍼레이션 Class B,5,120,14,39,59,1.0,10.0,18.1,6.67,10.14,29.04
17,XOM,엑슨 모빌,5,120,14,39,59,1.0,10.0,18.1,1.16,8.31,25.32
17,DIS,월트 디즈니,5,120,14,39,59,1.0,10.0,18.1,-11.3,11.71,26.12
17,HSIC.O,헨리 셰인,5,120,14,39,59,1.0,10.0,18.1,14.94,11.27,24.11
17,TGT,타겟,5,120,14,39,59,1.0,10.0,18.1,51.39,12.35,27.88
17,BG,번지 글로벌,5,120,14,39,59,1.0,10.0,18.1,1.03,9.43,28.74
17,DLR,디지털 리얼티 트러스트,5,120,14,39,59,1.0,10.0,18.1,34.17,10.67,26.76
17,WFC,웰스파고,5,120,14,39,59,1.0,10.0,18.1,132.21,10.46,29.47
17,AVB,아발론베이 커뮤니티,5,120,14,39,59,1.0,10.0,18.1,44.15,8.34,23.49
17,CVX,셰브론,5,120,14,39,59,1.0,10.0,18.1,30.12,9.66,27.08
17,WMT,월마트,5,120,14,39,59,1.0,10.0,18.1,3.4,7.36,26.15
17,WELL.K,웰타워,5,120,14,39,59,1.0,10.0,18.1,63.46,11.1,29.09
17,PCAR.O,파카,5,120,14,39,59,1.0,10.0,18.1,0.0,12.07,27.58
17,CSCO.O,시스코 시스템즈,5,120,14,39,59,1.0,10.0,18.1,25.58,9.03,25.97
17,SYY,시스코,5,120,14,39,59,1.0,10.0,18.1,0.0,10.24,26.42
17,ELV,엘레반스 헬스,5,120,14,39,59,1.0,10.0,18.1,26.78,9.99,23.55
17,CCI,크라운 캐슬,5,120,14,39,59,1.0,10.0,18.1,-10.42,9.94,23.52
17,CVS,CVS 헬스,5,120,14,39,59,1.0,10.0,18.1,1.43,8.17,24.34
17,ADM,아처 대니얼스 미들랜드,5,120,14,39,59,1.0,10.0,18.1,7.61,9.68,26.0
17,EMR,에머슨 일렉트릭,5,120,14,39,59,1.0,10.0,18.1,13.36,10.1,26.3
17,OMC,옴니콤 그룹,5,120,14,39,59,1.0,10.0,18.1,74.42,10.38,24.93
17,USB,U.S. 뱅코프,5,120,14,39,59,1.0,10.0,18.1,29.09,7.71,27.64
17,BK,뱅크 오브 뉴욕 멜론,5,120,14,39,59,1.0,10.0,18.1,36.49,10.01,27.06
17,IP,인터내셔널 페이퍼,5,120,14,39,59,1.0,10.0,18.1,12.49,9.11,29.51
17,CHRW.O,CH 로빈슨 월드와이드,5,120,14,39,59,1.0,10.0,18.1,11.41,6.47,25.11
17,BFb,브라운-포맨 Class B,5,120,14,39,59,1.0,10.0,18.1,-58.05,10.12,22.73
17,GLW,코닝,5,120,14,39,59,1.0,10.0,18.1,11.72,10.54,29.51
17,ALLE.K,얼리지언,5,120,14,39,59,1.0,10.0,18.1,0.0,12.44,25.98
17,ZBH,짐머 바이오멧 홀딩스,5,120,14,39,59,1.0,10.0,18.1,-3.84,8.3,25.7
17,FIS,피델리티 내셔널 인포메이션 서비스,5,120,14,39,59,1.0,10.0,18.1,-2.25,11.44,26.94
17,PNC,PNC 파이낸셜 서비스,5,120,14,39,59,1.0,10.0,18.1,36.87,11.04,28.0
17,SRE,셈프라 에너지,5,120,14,39,59,1.0,10.0,18.1,9.48,7.02,25.36
17,O,리얼티 인컴,5,120,14,39,59,1.0,10.0,18.1,0.0,6.91,24.34
17,CTSH.O,코그니전트 테크놀로지 솔루션,5,120,14,39,59,1.0,10.0,18.1,18.68,11.51,29.02
17,CAH,카디널 헬스,5,120,14,39,59,1.0,10.0,18.1,0.83,11.6,26.49
17,EMR,에머슨 일렉트릭,5,120,14,39,54,1.0,10.0,17.96,14.24,10.1,26.3
17,FIS,피델리티 내셔널 인포메이션 서비스,5,120,14,39,54,1.0,10.0,17.96,-4.94,11.44,26.94
17,SRE,셈프라 에너지,5,120,14,39,54,1.0,10.0,17.96,20.17,7.02,25.36
17,CAH,카디널 헬스,5,120,14,39,54,1.0,10.0,17.96,-3.47,11.6,26.49
17,CTSH.O,코그니전트 테크놀로지 솔루션,5,120,14,39,54,1.0,10.0,17.96,14.72,11.51,29.02
17,PNC,PNC 파이낸셜 서비스,5,120,14,39,54,1.0,10.0,17.96,46.45,11.04,28.0
17,O,리얼티 인컴,5,120,14,39,54,1.0,10.0,17.96,0.0,6.91,24.34
17,IP,인터내셔널 페이퍼,5,120,14,39,54,1.0,10.0,17.96,12.4,9.11,29.51
17,USB,U.S. 뱅코프,5,120,14,39,54,1.0,10.0,17.96,24.27,7.71,27.64
17,DLR,디지털 리얼티 트러스트,5,120,14,39,54,1.0,10.0,17.96,34.68,10.67,26.76
17,BK,뱅크 오브 뉴욕 멜론,5,120,14,39,54,1.0,10.0,17.96,31.82,10.01,27.06
17,SYY,시스코,5,120,14,39,54,1.0,10.0,17.96,0.0,10.24,26.42
17,ADM,아처 대니얼스 미들랜드,5,120,14,39,54,1.0,10.0,17.96,15.92,9.68,26.0
17,CVS,CVS 헬스,5,120,14,39,54,1.0,10.0,17.96,2.11,8.17,24.34
17,CCI,크라운 캐슬,5,120,14,39,54,1.0,10.0,17.96,-10.42,9.94,23.52
17,ELV,엘레반스 헬스,5,120,14,39,54,1.0,10.0,17.96,24.61,9.99,23.55
17,GLW,코닝,5,120,14,39,54,1.0,10.0,17.96,7.0,10.54,29.51
17,CSCO.O,시스코 시스템즈,5,120,14,39,54,1.0,10.0,17.96,60.5,9.03,25.97
17,PCAR.O,파카,5,120,14,39,54,1.0,10.0,17.96,0.0,12.07,27.58
17,WELL.K,웰타워,5,120,14,39,54,1.0,10.0,17.96,57.1,11.1,29.09
17,WMT,월마트,5,120,14,39,54,1.0,10.0,17.96,0.82,7.36,26.15
17,CVX,셰브론,5,120,14,39,54,1.0,10.0,17.96,28.17,9.66,27.08
17,WFC,웰스파고,5,120,14,39,54,1.0,10.0,17.96,140.27,10.46,29.47
17,TGT,타겟,5,120,14,39,54,1.0,10.0,17.96,117.6,12.35,27.88
17,DIS,월트 디즈니,5,120,14,39,54,1.0,10.0,17.96,-1.35,11.71,26.12
17,ALLE.K,얼리지언,5,120,14,39,54,1.0,10.0,17.96,0.0,12.44,25.98
17,OMC,옴니콤 그룹,5,120,14,39,54,1.0,10.0,17.96,83.78,10.38,24.93
17,CHRW.O,CH 로빈슨 월드와이드,5,120,14,39,54,1.0,10.0,17.96,8.7,6.47,25.11
17,ZBH,짐머 바이오멧 홀딩스,5,120,14,39,54,1.0,10.0,17.96,32.41,8.3,25.7
17,FRT,페더럴 리얼티 인베스트먼트 트러스트,5,120,14,39,54,1.0,10.0,17.96,20.71,5.9,26.44
17,L,로우스,5,120,14,39,54,1.0,10.0,17.96,12.18,8.36,23.5
17,JNPR.K,주니퍼 네트웍스,5,120,14,39,54,1.0,10.0,17.96,9.47,9.01,29.2
17,REG.O,리젠시 센터스,5,120,14,39,54,1.0,10.0,17.96,71.9,8.42,28.16
17,HSIC.O,헨리 셰인,5,120,14,39,54,1.0,10.0,17.96,14.37,11.27,24.11
17,NTRS.O,노던 트러스트,5,120,14,39,54,1.0,10.0,17.96,37.14,8.14,28.01
17,BIO,바이오래드 래보라토리스 Class A,5,120,14,39,54,1.0,10.0,17.96,-45.41,12.56,27.81
17,MAA,미드아메리카 아파트 커뮤니티,5,120,14,39,54,1.0,10.0,17.96,26.22,10.19,23.18
17,TAP,몰슨 쿠어스 베버리지 Class B,5,120,14,39,54,1.0,10.0,17.96,-4.51,4.6,26.42
17,ARE,알렉산드리아 리얼에스테이트 이쿼티,5,120,14,39,54,1.0,10.0,17.96,0.0,7.46,24.61
17,NWSA.O,뉴스 코퍼레이션 Class A,5,120,14,39,54,1.0,10.0,17.96,9.39,9.73,29.18
17,UDR,UDR,5,120,14,39,54,1.0,10.0,17.96,22.32,8.49,24.53
17,LH,랩코프 홀딩스,5,120,14,39,54,1.0,10.0,17.96,6.66,10.79,24.67
17,CPT,캠든 프로퍼티 트러스트,5,120,14,39,54,1.0,10.0,17.96,20.82,10.16,23.47
17,INVH.K,인비테이션 홈스,5,120,14,39,54,1.0,10.0,17.96,0.0,12.05,26.33
17,DGX,퀘스트 다이아그노스틱스,5,120,14,39,54,1.0,10.0,17.96,-99.83,10.34,22.98
17,ESS,에섹스 프로퍼티 트러스트,5,120,14,39,54,1.0,10.0,17.96,24.69,10.3,24.08
17,TROW.O,티 로웨 프라이스 그룹,5,120,14,39,54,1.0,10.0,17.96,1.38,11.05,28.51
17,GRMN.K,가민,5,120,14,39,54,1.0,10.0,17.96,0.0,10.97,26.62
17,EQR,에퀴티 레지덴셜,5,120,14,39,54,1.0,10.0,17.96,61.57,7.53,23.91
17,EIX,에디슨 인터내셔널,5,120,14,39,54,1.0,10.0,17.96,0.0,8.76,23.93
17,CNP,센터포인트 에너지,5,120,14,39,54,1.0,10.0,17.96,43.73,9.04,24.5
17,BG,번지 글로벌,5,120,14,39,54,1.0,10.0,17.96,15.91,9.43,28.74
17,AVB,아발론베이 커뮤니티,5,120,14,39,54,1.0,10.0,17.96,27.89,8.34,23.49
17,BFb,브라운-포맨 Class B,5,120,14,39,54,1.0,10.0,17.96,-58.05,10.12,22.73
17,IFF,인터내셔널 플레이버스 & 프레그런스,5,120,14,39,54,1.0,10.0,17.96,22.72,9.43,26.72
17,NWS.O,뉴스 코퍼레이션 Class B,5,120,14,39,54,1.0,10.0,17.96,4.9,10.14,29.04
17,XOM,엑슨 모빌,5,120,14,39,54,1.0,10.0,17.96,19.78,8.31,25.32
17,XOM,엑슨 모빌,5,60,14,39,64,1.0,10.0,16.98,-0.66,8.31,25.32
17,NWSA.O,뉴스 코퍼레이션 Class A,5,60,14,39,64,1.0,10.0,16.98,18.8,9.73,29.18
17,OMC,옴니콤 그룹,5,60,14,39,64,1.0,10.0,16.98,22.05,10.38,24.93
17,EIX,에디슨 인터내셔널,5,60,14,39,64,1.0,10.0,16.98,1.56,8.76,23.93
17,EQR,에퀴티 레지덴셜,5,60,14,39,64,1.0,10.0,16.98,16.99,7.53,23.91
17,GRMN.K,가민,5,60,14,39,64,1.0,10.0,16.98,42.07,10.97,26.62
17,TROW.O,티 로웨 프라이스 그룹,5,60,14,39,64,1.0,10.0,16.98,14.2,11.05,28.51
17,ESS,에섹스 프로퍼티 트러스트,5,60,14,39,64,1.0,10.0,16.98,30.49,10.3,24.08
17,DGX,퀘스트 다이아그노스틱스,5,60,14,39,64,1.0,10.0,16.98,30.48,10.34,22.98
17,INVH.K,인비테이션 홈스,5,60,14,39,64,1.0,10.0,16.98,74.12,12.05,26.33
17,IFF,인터내셔널 플레이버스 & 프레그런스,5,60,14,39,64,1.0,10.0,16.98,-6.17,9.43,26.72
17,CPT,캠든 프로퍼티 트러스트,5,60,14,39,64,1.0,10.0,16.98,32.07,10.16,23.47
17,LH,랩코프 홀딩스,5,60,14,39,64,1.0,10.0,16.98,42.66,10.79,24.67
17,UDR,UDR,5,60,14,39,64,1.0,10.0,16.98,16.83,8.49,24.53
17,ARE,알렉산드리아 리얼에스테이트 이쿼티,5,60,14,39,64,1.0,10.0,16.98,3.97,7.46,24.61
17,BG,번지 글로벌,5,60,14,39,64,1.0,10.0,16.98,7.18,9.43,28.74
17,TAP,몰슨 쿠어스 베버리지 Class B,5,60,14,39,64,1.0,10.0,16.98,-0.36,4.6,26.42
17,MAA,미드아메리카 아파트 커뮤니티,5,60,14,39,64,1.0,10.0,16.98,22.74,10.19,23.18
17,BIO,바이오래드 래보라토리스 Class A,5,60,14,39,64,1.0,10.0,16.98,-26.69,12.56,27.81
17,NTRS.O,노던 트러스트,5,60,14,39,64,1.0,10.0,16.98,20.6,8.14,28.01
17,HSIC.O,헨리 셰인,5,60,14,39,64,1.0,10.0,16.98,10.32,11.27,24.11
17,REG.O,리젠시 센터스,5,60,14,39,64,1.0,10.0,16.98,30.49,8.42,28.16
17,JNPR.K,주니퍼 네트웍스,5,60,14,39,64,1.0,10.0,16.98,22.1,9.01,29.2
17,L,로우스,5,60,14,39,64,1.0,10.0,16.98,19.94,8.36,23.5
17,FRT,페더럴 리얼티 인베스트먼트 트러스트,5,60,14,39,64,1.0,10.0,16.98,1.36,5.9,26.44
17,NWS.O,뉴스 코퍼레이션 Class B,5,60,14,39,64,1.0,10.0,16.98,10.93,10.14,29.04
17,DIS,월트 디즈니,5,60,14,39,64,1.0,10.0,16.98,9.01,11.71,26.12
17,CNP,센터포인트 에너지,5,60,14,39,64,1.0,10.0,16.98,30.15,9.04,24.5
17,ALLE.K,얼리지언,5,60,14,39,64,1.0,10.0,16.98,8.27,12.44,25.98
17,AVB,아발론베이 커뮤니티,5,60,14,39,64,1.0,10.0,16.98,23.98,8.34,23.49
17,EMR,에머슨 일렉트릭,5,60,14,39,64,1.0,10.0,16.98,16.17,10.1,26.3
17,BFb,브라운-포맨 Class B,5,60,14,39,64,1.0,10.0,16.98,-53.95,10.12,22.73
17,TGT,타겟,5,60,14,39,64,1.0,10.0,16.98,33.2,12.35,27.88
17,CVX,셰브론,5,60,14,39,64,1.0,10.0,16.98,19.06,9.66,27.08
17,WMT,월마트,5,60,14,39,64,1.0,10.0,16.98,2.78,7.36,26.15
17,WELL.K,웰타워,5,60,14,39,64,1.0,10.0,16.98,38.75,11.1,29.09
17,PCAR.O,파카,5,60,14,39,64,1.0,10.0,16.98,22.96,12.07,27.58
17,CSCO.O,시스코 시스템즈,5,60,14,39,64,1.0,10.0,16.98,32.78,9.03,25.97
17,SYY,시스코,5,60,14,39,64,1.0,10.0,16.98,17.69,10.24,26.42
17,ELV,엘레반스 헬스,5,60,14,39,64,1.0,10.0,16.98,27.52,9.99,23.55
17,CCI,크라운 캐슬,5,60,14,39,64,1.0,10.0,16.98,0.91,9.94,23.52
17,CVS,CVS 헬스,5,60,14,39,64,1.0,10.0,16.98,-2.64,8.17,24.34
17,ADM,아처 대니얼스 미들랜드,5,60,14,39,64,1.0,10.0,16.98,14.08,9.68,26.0
17,WFC,웰스파고,5,60,14,39,64,1.0,10.0,16.98,54.27,10.46,29.47
17,DLR,디지털 리얼티 트러스트,5,60,14,39,64,1.0,10.0,16.98,21.58,10.67,26.76
17,SRE,셈프라 에너지,5,60,14,39,64,1.0,10.0,16.98,8.71,7.02,25.36
17,USB,U.S. 뱅코프,5,60,14,39,64,1.0,10.0,16.98,42.16,7.71,27.64
17,CHRW.O,CH 로빈슨 월드와이드,5,60,14,39,64,1.0,10.0,16.98,22.01,6.47,25.11
17,GLW,코닝,5,60,14,39,64,1.0,10.0,16.98,35.39,10.54,29.51
17,BK,뱅크 오브 뉴욕 멜론,5,60,14,39,64,1.0,10.0,16.98,32.15,10.01,27.06
17,FIS,피델리티 내셔널 인포메이션 서비스,5,60,14,39,64,1.0,10.0,16.98,0.52,11.44,26.94
17,ZBH,짐머 바이오멧 홀딩스,5,60,14,39,64,1.0,10.0,16.98,-2.57,8.3,25.7
17,CAH,카디널 헬스,5,60,14,39,64,1.0,10.0,16.98,2.33,11.6,26.49
17,PNC,PNC 파이낸셜 서비스,5,60,14,39,64,1.0,10.0,16.98,31.55,11.04,28.0
17,O,리얼티 인컴,5,60,14,39,64,1.0,10.0,16.98,-0.28,6.91,24.34
17,IP,인터내셔널 페이퍼,5,60,14,39,64,1.0,10.0,16.98,13.37,9.11,29.51
17,CTSH.O,코그니전트 테크놀로지 솔루션,5,60,14,39,64,1.0,10.0,16.98,7.85,11.51,29.02
17,TROW.O,티 로웨 프라이스 그룹,5,60,14,34,69,1.0,10.0,16.05,0.0,11.05,28.51
17,IFF,인터내셔널 플레이버스 & 프레그런스,5,60,14,34,69,1.0,10.0,16.05,65.2,9.43,26.72
17,INVH.K,인비테이션 홈스,5,60,14,34,69,1.0,10.0,16.05,0.0,12.05,26.33
17,DGX,퀘스트 다이아그노스틱스,5,60,14,34,69,1.0,10.0,16.05,0.0,10.34,22.98
17,ESS,에섹스 프로퍼티 트러스트,5,60,14,34,69,1.0,10.0,16.05,0.0,10.3,24.08
17,EQR,에퀴티 레지덴셜,5,60,14,34,69,1.0,10.0,16.05,5.81,7.53,23.91
17,GRMN.K,가민,5,60,14,34,69,1.0,10.0,16.05,0.0,10.97,26.62
17,EIX,에디슨 인터내셔널,5,60,14,34,69,1.0,10.0,16.05,0.0,8.76,23.93
17,OMC,옴니콤 그룹,5,60,14,34,69,1.0,10.0,16.05,12.46,10.38,24.93
17,CPT,캠든 프로퍼티 트러스트,5,60,14,34,69,1.0,10.0,16.05,0.0,10.16,23.47
17,BG,번지 글로벌,5,60,14,34,69,1.0,10.0,16.05,152.81,9.43,28.74
17,CNP,센터포인트 에너지,5,60,14,34,69,1.0,10.0,16.05,19.57,9.04,24.5
17,MAA,미드아메리카 아파트 커뮤니티,5,60,14,34,69,1.0,10.0,16.05,0.0,10.19,23.18
17,LH,랩코프 홀딩스,5,60,14,34,69,1.0,10.0,16.05,0.0,10.79,24.67
17,UDR,UDR,5,60,14,34,69,1.0,10.0,16.05,69.51,8.49,24.53
17,NWSA.O,뉴스 코퍼레이션 Class A,5,60,14,34,69,1.0,10.0,16.05,10.96,9.73,29.18
17,ARE,알렉산드리아 리얼에스테이트 이쿼티,5,60,14,34,69,1.0,10.0,16.05,20.5,7.46,24.61
17,TAP,몰슨 쿠어스 베버리지 Class B,5,60,14,34,69,1.0,10.0,16.05,1.64,4.6,26.42
17,BIO,바이오래드 래보라토리스 Class A,5,60,14,34,69,1.0,10.0,16.05,0.0,12.56,27.81
17,NTRS.O,노던 트러스트,5,60,14,34,69,1.0,10.0,16.05,30.26,8.14,28.01
17,HSIC.O,헨리 셰인,5,60,14,34,69,1.0,10.0,16.05,0.0,11.27,24.11
17,REG.O,리젠시 센터스,5,60,14,34,69,1.0,10.0,16.05,7.74,8.42,28.16
17,JNPR.K,주니퍼 네트웍스,5,60,14,34,69,1.0,10.0,16.05,30.98,9.01,29.2
17,L,로우스,5,60,14,34,69,1.0,10.0,16.05,69.12,8.36,23.5
17,BFb,브라운-포맨 Class B,5,60,14,34,69,1.0,10.0,16.05,0.0,10.12,22.73
17,FRT,페더럴 리얼티 인베스트먼트 트러스트,5,60,14,34,69,1.0,10.0,16.05,5.89,5.9,26.44
17,AVB,아발론베이 커뮤니티,5,60,14,34,69,1.0,10.0,16.05,45.41,8.34,23.49
17,USB,U.S. 뱅코프,5,60,14,34,69,1.0,10.0,16.05,22.29,7.71,27.64
17,ZBH,짐머 바이오멧 홀딩스,5,60,14,34,69,1.0,10.0,16.05,0.0,8.3,25.7
17,CHRW.O,CH 로빈슨 월드와이드,5,60,14,34,69,1.0,10.0,16.05,7.97,6.47,25.11
17,XOM,엑슨 모빌,5,60,14,34,69,1.0,10.0,16.05,1.33,8.31,25.32
17,TGT,타겟,5,60,14,34,69,1.0,10.0,16.05,36.8,12.35,27.88
17,WFC,웰스파고,5,60,14,34,69,1.0,10.0,16.05,20.31,10.46,29.47
17,CVX,셰브론,5,60,14,34,69,1.0,10.0,16.05,7.98,9.66,27.08
17,WMT,월마트,5,60,14,34,69,1.0,10.0,16.05,5.2,7.36,26.15
17,WELL.K,웰타워,5,60,14,34,69,1.0,10.0,16.05,45.22,11.1,29.09
17,PCAR.O,파카,5,60,14,34,69,1.0,10.0,16.05,21.81,12.07,27.58
17,CSCO.O,시스코 시스템즈,5,60,14,34,69,1.0,10.0,16.05,18.89,9.03,25.97
17,SYY,시스코,5,60,14,34,69,1.0,10.0,16.05,0.0,10.24,26.42
17,ELV,엘레반스 헬스,5,60,14,34,69,1.0,10.0,16.05,0.0,9.99,23.55
17,CCI,크라운 캐슬,5,60,14,34,69,1.0,10.0,16.05,0.91,9.94,23.52
17,CVS,CVS 헬스,5,60,14,34,69,1.0,10.0,16.05,0.0,8.17,24.34
17,ADM,아처 대니얼스 미들랜드,5,60,14,34,69,1.0,10.0,16.05,0.0,9.68,26.0
17,EMR,에머슨 일렉트릭,5,60,14,34,69,1.0,10.0,16.05,19.31,10.1,26.3
17,DLR,디지털 리얼티 트러스트,5,60,14,34,69,1.0,10.0,16.05,29.45,10.67,26.76
17,IP,인터내셔널 페이퍼,5,60,14,34,69,1.0,10.0,16.05,0.0,9.11,29.51
17,O,리얼티 인컴,5,60,14,34,69,1.0,10.0,16.05,-0.28,6.91,24.34
17,PNC,PNC 파이낸셜 서비스,5,60,14,34,69,1.0,10.0,16.05,23.51,11.04,28.0
17,CTSH.O,코그니전트 테크놀로지 솔루션,5,60,14,34,69,1.0,10.0,16.05,0.0,11.51,29.02
17,CAH,카디널 헬스,5,60,14,34,69,1.0,10.0,16.05,0.0,11.6,26.49
17,SRE,셈프라 에너지,5,60,14,34,69,1.0,10.0,16.05,9.5,7.02,25.36
17,FIS,피델리티 내셔널 인포메이션 서비스,5,60,14,34,69,1.0,10.0,16.05,31.31,11.44,26.94
17,BK,뱅크 오브 뉴욕 멜론,5,60,14,34,69,1.0,10.0,16.05,25.48,10.01,27.06
17,ALLE.K,얼리지언,5,60,14,34,69,1.0,10.0,16.05,0.0,12.44,25.98
17,GLW,코닝,5,60,14,34,69,1.0,10.0,16.05,17.29,10.54,29.51
17,DIS,월트 디즈니,5,60,14,34,69,1.0,10.0,16.05,12.53,11.71,26.12
17,NWS.O,뉴스 코퍼레이션 Class B,5,60,14,34,69,1.0,10.0,16.05,10.11,10.14,29.04
17,XOM,엑슨 모빌,5,120,14,39,64,1.0,10.0,15.39,-1.3,8.31,25.32
17,UDR,UDR,5,120,14,39,64,1.0,10.0,15.39,28.82,8.49,24.53
17,CNP,센터포인트 에너지,5,120,14,39,64,1.0,10.0,15.39,34.09,9.04,24.5
17,OMC,옴니콤 그룹,5,120,14,39,64,1.0,10.0,15.39,21.91,10.38,24.93
17,EIX,에디슨 인터내셔널,5,120,14,39,64,1.0,10.0,15.39,0.0,8.76,23.93
17,EQR,에퀴티 레지덴셜,5,120,14,39,64,1.0,10.0,15.39,60.54,7.53,23.91
17,GRMN.K,가민,5,120,14,39,64,1.0,10.0,15.39,0.0,10.97,26.62
17,TROW.O,티 로웨 프라이스 그룹,5,120,14,39,64,1.0,10.0,15.39,5.07,11.05,28.51
17,ESS,에섹스 프로퍼티 트러스트,5,120,14,39,64,1.0,10.0,15.39,34.97,10.3,24.08
17,DGX,퀘스트 다이아그노스틱스,5,120,14,39,64,1.0,10.0,15.39,22.73,10.34,22.98
17,INVH.K,인비테이션 홈스,5,120,14,39,64,1.0,10.0,15.39,0.0,12.05,26.33
17,IFF,인터내셔널 플레이버스 & 프레그런스,5,120,14,39,64,1.0,10.0,15.39,-7.49,9.43,26.72
17,CPT,캠든 프로퍼티 트러스트,5,120,14,39,64,1.0,10.0,15.39,20.82,10.16,23.47
17,LH,랩코프 홀딩스,5,120,14,39,64,1.0,10.0,15.39,45.53,10.79,24.67
17,NWSA.O,뉴스 코퍼레이션 Class A,5,120,14,39,64,1.0,10.0,15.39,19.25,9.73,29.18
17,AVB,아발론베이 커뮤니티,5,120,14,39,64,1.0,10.0,15.39,47.36,8.34,23.49
17,ARE,알렉산드리아 리얼에스테이트 이쿼티,5,120,14,39,64,1.0,10.0,15.39,0.0,7.46,24.61
17,TAP,몰슨 쿠어스 베버리지 Class B,5,120,14,39,64,1.0,10.0,15.39,-0.43,4.6,26.42
17,MAA,미드아메리카 아파트 커뮤니티,5,120,14,39,64,1.0,10.0,15.39,26.22,10.19,23.18
17,BIO,바이오래드 래보라토리스 Class A,5,120,14,39,64,1.0,10.0,15.39,-45.41,12.56,27.81
17,NTRS.O,노던 트러스트,5,120,14,39,64,1.0,10.0,15.39,24.28,8.14,28.01
17,HSIC.O,헨리 셰인,5,120,14,39,64,1.0,10.0,15.39,8.42,11.27,24.11
17,REG.O,리젠시 센터스,5,120,14,39,64,1.0,10.0,15.39,64.27,8.42,28.16
17,JNPR.K,주니퍼 네트웍스,5,120,14,39,64,1.0,10.0,15.39,17.94,9.01,29.2
17,L,로우스,5,120,14,39,64,1.0,10.0,15.39,16.59,8.36,23.5
17,FRT,페더럴 리얼티 인베스트먼트 트러스트,5,120,14,39,64,1.0,10.0,15.39,1.36,5.9,26.44
17,NWS.O,뉴스 코퍼레이션 Class B,5,120,14,39,64,1.0,10.0,15.39,8.86,10.14,29.04
17,TGT,타겟,5,120,14,39,64,1.0,10.0,15.39,43.16,12.35,27.88
17,BG,번지 글로벌,5,120,14,39,64,1.0,10.0,15.39,4.86,9.43,28.74
17,DIS,월트 디즈니,5,120,14,39,64,1.0,10.0,15.39,-11.3,11.71,26.12
17,BFb,브라운-포맨 Class B,5,120,14,39,64,1.0,10.0,15.39,-58.05,10.12,22.73
17,DLR,디지털 리얼티 트러스트,5,120,14,39,64,1.0,10.0,15.39,25.68,10.67,26.76
17,ZBH,짐머 바이오멧 홀딩스,5,120,14,39,64,1.0,10.0,15.39,-3.84,8.3,25.7
17,CVX,셰브론,5,120,14,39,64,1.0,10.0,15.39,25.84,9.66,27.08
17,WMT,월마트,5,120,14,39,64,1.0,10.0,15.39,3.4,7.36,26.15
17,WELL.K,웰타워,5,120,14,39,64,1.0,10.0,15.39,62.32,11.1,29.09
17,PCAR.O,파카,5,120,14,39,64,1.0,10.0,15.39,0.0,12.07,27.58
17,CSCO.O,시스코 시스템즈,5,120,14,39,64,1.0,10.0,15.39,25.58,9.03,25.97
17,SYY,시스코,5,120,14,39,64,1.0,10.0,15.39,0.0,10.24,26.42
17,ELV,엘레반스 헬스,5,120,14,39,64,1.0,10.0,15.39,27.52,9.99,23.55
17,CCI,크라운 캐슬,5,120,14,39,64,1.0,10.0,15.39,-10.42,9.94,23.52
17,CVS,CVS 헬스,5,120,14,39,64,1.0,10.0,15.39,5.69,8.17,24.34
17,ADM,아처 대니얼스 미들랜드,5,120,14,39,64,1.0,10.0,15.39,11.03,9.68,26.0
17,EMR,에머슨 일렉트릭,5,120,14,39,64,1.0,10.0,15.39,13.64,10.1,26.3
17,WFC,웰스파고,5,120,14,39,64,1.0,10.0,15.39,95.04,10.46,29.47
17,USB,U.S. 뱅코프,5,120,14,39,64,1.0,10.0,15.39,33.16,7.71,27.64
17,SRE,셈프라 에너지,5,120,14,39,64,1.0,10.0,15.39,7.21,7.02,25.36
17,CHRW.O,CH 로빈슨 월드와이드,5,120,14,39,64,1.0,10.0,15.39,13.14,6.47,25.11
17,GLW,코닝,5,120,14,39,64,1.0,10.0,15.39,16.19,10.54,29.51
17,ALLE.K,얼리지언,5,120,14,39,64,1.0,10.0,15.39,0.0,12.44,25.98
17,FIS,피델리티 내셔널 인포메이션 서비스,5,120,14,39,64,1.0,10.0,15.39,0.81,11.44,26.94
17,BK,뱅크 오브 뉴욕 멜론,5,120,14,39,64,1.0,10.0,15.39,36.27,10.01,27.06
17,CAH,카디널 헬스,5,120,14,39,64,1.0,10.0,15.39,0.83,11.6,26.49
17,CTSH.O,코그니전트 테크놀로지 솔루션,5,120,14,39,64,1.0,10.0,15.39,3.03,11.51,29.02
17,PNC,PNC 파이낸셜 서비스,5,120,14,39,64,1.0,10.0,15.39,36.91,11.04,28.0
17,O,리얼티 인컴,5,120,14,39,64,1.0,10.0,15.39,0.0,6.91,24.34
17,IP,인터내셔널 페이퍼,5,120,14,39,64,1.0,10.0,15.39,14.98,9.11,29.51
17,TROW.O,티 로웨 프라이스 그룹,5,120,14,44,54,1.0,10.0,14.68,-0.24,11.05,28.51
17,IFF,인터내셔널 플레이버스 & 프레그런스,5,120,14,44,54,1.0,10.0,14.68,-2.74,9.43,26.72
17,INVH.K,인비테이션 홈스,5,120,14,44,54,1.0,10.0,14.68,0.0,12.05,26.33
17,DGX,퀘스트 다이아그노스틱스,5,120,14,44,54,1.0,10.0,14.68,-7.91,10.34,22.98
17,ESS,에섹스 프로퍼티 트러스트,5,120,14,44,54,1.0,10.0,14.68,17.78,10.3,24.08
17,BG,번지 글로벌,5,120,14,44,54,1.0,10.0,14.68,15.91,9.43,28.74
17,GRMN.K,가민,5,120,14,44,54,1.0,10.0,14.68,135.93,10.97,26.62
17,EQR,에퀴티 레지덴셜,5,120,14,44,54,1.0,10.0,14.68,18.39,7.53,23.91
17,EIX,에디슨 인터내셔널,5,120,14,44,54,1.0,10.0,14.68,15.35,8.76,23.93
17,OMC,옴니콤 그룹,5,120,14,44,54,1.0,10.0,14.68,34.54,10.38,24.93
17,CNP,센터포인트 에너지,5,120,14,44,54,1.0,10.0,14.68,43.73,9.04,24.5
17,LH,랩코프 홀딩스,5,120,14,44,54,1.0,10.0,14.68,15.76,10.79,24.67
17,CPT,캠든 프로퍼티 트러스트,5,120,14,44,54,1.0,10.0,14.68,-3.46,10.16,23.47
17,BIO,바이오래드 래보라토리스 Class A,5,120,14,44,54,1.0,10.0,14.68,-31.44,12.56,27.81
17,UDR,UDR,5,120,14,44,54,1.0,10.0,14.68,6.93,8.49,24.53
17,NWSA.O,뉴스 코퍼레이션 Class A,5,120,14,44,54,1.0,10.0,14.68,10.43,9.73,29.18
17,ARE,알렉산드리아 리얼에스테이트 이쿼티,5,120,14,44,54,1.0,10.0,14.68,-5.01,7.46,24.61
17,TAP,몰슨 쿠어스 베버리지 Class B,5,120,14,44,54,1.0,10.0,14.68,-5.21,4.6,26.42
17,MAA,미드아메리카 아파트 커뮤니티,5,120,14,44,54,1.0,10.0,14.68,7.97,10.19,23.18
17,NTRS.O,노던 트러스트,5,120,14,44,54,1.0,10.0,14.68,5.83,8.14,28.01
17,HSIC.O,헨리 셰인,5,120,14,44,54,1.0,10.0,14.68,-4.09,11.27,24.11
17,REG.O,리젠시 센터스,5,120,14,44,54,1.0,10.0,14.68,10.99,8.42,28.16
17,JNPR.K,주니퍼 네트웍스,5,120,14,44,54,1.0,10.0,14.68,-0.91,9.01,29.2
17,L,로우스,5,120,14,44,54,1.0,10.0,14.68,12.18,8.36,23.5
17,FRT,페더럴 리얼티 인베스트먼트 트러스트,5,120,14,44,54,1.0,10.0,14.68,15.67,5.9,26.44
17,BFb,브라운-포맨 Class B,5,120,14,44,54,1.0,10.0,14.68,-32.6,10.12,22.73
17,NWS.O,뉴스 코퍼레이션 Class B,5,120,14,44,54,1.0,10.0,14.68,10.35,10.14,29.04
17,AVB,아발론베이 커뮤니티,5,120,14,44,54,1.0,10.0,14.68,15.82,8.34,23.49
17,ZBH,짐머 바이오멧 홀딩스,5,120,14,44,54,1.0,10.0,14.68,32.41,8.3,25.7
17,ADM,아처 대니얼스 미들랜드,5,120,14,44,54,1.0,10.0,14.68,44.33,9.68,26.0
17,CHRW.O,CH 로빈슨 월드와이드,5,120,14,44,54,1.0,10.0,14.68,15.42,6.47,25.11
17,DIS,월트 디즈니,5,120,14,44,54,1.0,10.0,14.68,-1.35,11.71,26.12
17,TGT,타겟,5,120,14,44,54,1.0,10.0,14.68,22.11,12.35,27.88
17,WFC,웰스파고,5,120,14,44,54,1.0,10.0,14.68,92.13,10.46,29.47
17,CVX,셰브론,5,120,14,44,54,1.0,10.0,14.68,3.89,9.66,27.08
17,WMT,월마트,5,120,14,44,54,1.0,10.0,14.68,0.82,7.36,26.15
17,WELL.K,웰타워,5,120,14,44,54,1.0,10.0,14.68,48.89,11.1,29.09
17,XOM,엑슨 모빌,5,120,14,44,54,1.0,10.0,14.68,-2.75,8.31,25.32
17,CSCO.O,시스코 시스템즈,5,120,14,44,54,1.0,10.0,14.68,40.04,9.03,25.97
17,SYY,시스코,5,120,14,44,54,1.0,10.0,14.68,73.16,10.24,26.42
17,ELV,엘레반스 헬스,5,120,14,44,54,1.0,10.0,14.68,24.61,9.99,23.55
17,CCI,크라운 캐슬,5,120,14,44,54,1.0,10.0,14.68,-25.76,9.94,23.52
17,CVS,CVS 헬스,5,120,14,44,54,1.0,10.0,14.68,-7.05,8.17,24.34
17,PCAR.O,파카,5,120,14,44,54,1.0,10.0,14.68,26.55,12.07,27.58
17,EMR,에머슨 일렉트릭,5,120,14,44,54,1.0,10.0,14.68,18.81,10.1,26.3
17,CAH,카디널 헬스,5,120,14,44,54,1.0,10.0,14.68,-0.87,11.6,26.49
17,DLR,디지털 리얼티 트러스트,5,120,14,44,54,1.0,10.0,14.68,34.68,10.67,26.76
17,GLW,코닝,5,120,14,44,54,1.0,10.0,14.68,25.56,10.54,29.51
17,ALLE.K,얼리지언,5,120,14,44,54,1.0,10.0,14.68,0.0,12.44,25.98
17,BK,뱅크 오브 뉴욕 멜론,5,120,14,44,54,1.0,10.0,14.68,13.65,10.01,27.06
17,SRE,셈프라 에너지,5,120,14,44,54,1.0,10.0,14.68,18.9,7.02,25.36
17,FIS,피델리티 내셔널 인포메이션 서비스,5,120,14,44,54,1.0,10.0,14.68,-5.55,11.44,26.94
17,CTSH.O,코그니전트 테크놀로지 솔루션,5,120,14,44,54,1.0,10.0,14.68,13.9,11.51,29.02
17,PNC,PNC 파이낸셜 서비스,5,120,14,44,54,1.0,10.0,14.68,14.09,11.04,28.0
17,O,리얼티 인컴,5,120,14,44,54,1.0,10.0,14.68,-4.76,6.91,24.34
17,IP,인터내셔널 페이퍼,5,120,14,44,54,1.0,10.0,14.68,12.4,9.11,29.51
17,USB,U.S. 뱅코프,5,120,14,44,54,1.0,10.0,14.68,8.78,7.71,27.64
17,CAH,카디널 헬스,5,120,14,34,64,1.0,10.0,14.63,0.0,11.6,26.49
17,USB,U.S. 뱅코프,5,120,14,34,64,1.0,10.0,14.63,0.0,7.71,27.64
17,IP,인터내셔널 페이퍼,5,120,14,34,64,1.0,10.0,14.63,0.0,9.11,29.51
17,O,리얼티 인컴,5,120,14,34,64,1.0,10.0,14.63,0.0,6.91,24.34
17,PNC,PNC 파이낸셜 서비스,5,120,14,34,64,1.0,10.0,14.63,39.51,11.04,28.0
17,CTSH.O,코그니전트 테크놀로지 솔루션,5,120,14,34,64,1.0,10.0,14.63,0.0,11.51,29.02
17,CHRW.O,CH 로빈슨 월드와이드,5,120,14,34,64,1.0,10.0,14.63,0.0,6.47,25.11
17,SRE,셈프라 에너지,5,120,14,34,64,1.0,10.0,14.63,0.0,7.02,25.36
17,FIS,피델리티 내셔널 인포메이션 서비스,5,120,14,34,64,1.0,10.0,14.63,27.57,11.44,26.94
17,BK,뱅크 오브 뉴욕 멜론,5,120,14,34,64,1.0,10.0,14.63,0.0,10.01,27.06
17,ALLE.K,얼리지언,5,120,14,34,64,1.0,10.0,14.63,0.0,12.44,25.98
17,GLW,코닝,5,120,14,34,64,1.0,10.0,14.63,0.0,10.54,29.51
17,DLR,디지털 리얼티 트러스트,5,120,14,34,64,1.0,10.0,14.63,23.48,10.67,26.76
17,XOM,엑슨 모빌,5,120,14,34,64,1.0,10.0,14.63,-1.3,8.31,25.32
17,ADM,아처 대니얼스 미들랜드,5,120,14,34,64,1.0,10.0,14.63,0.0,9.68,26.0
17,CVS,CVS 헬스,5,120,14,34,64,1.0,10.0,14.63,0.0,8.17,24.34
17,CCI,크라운 캐슬,5,120,14,34,64,1.0,10.0,14.63,-10.42,9.94,23.52
17,ELV,엘레반스 헬스,5,120,14,34,64,1.0,10.0,14.63,0.0,9.99,23.55
17,SYY,시스코,5,120,14,34,64,1.0,10.0,14.63,0.0,10.24,26.42
17,CSCO.O,시스코 시스템즈,5,120,14,34,64,1.0,10.0,14.63,25.58,9.03,25.97
17,PCAR.O,파카,5,120,14,34,64,1.0,10.0,14.63,0.0,12.07,27.58
17,WELL.K,웰타워,5,120,14,34,64,1.0,10.0,14.63,0.0,11.1,29.09
17,WMT,월마트,5,120,14,34,64,1.0,10.0,14.63,3.4,7.36,26.15
17,CVX,셰브론,5,120,14,34,64,1.0,10.0,14.63,38.04,9.66,27.08
17,WFC,웰스파고,5,120,14,34,64,1.0,10.0,14.63,95.04,10.46,29.47
17,TGT,타겟,5,120,14,34,64,1.0,10.0,14.63,0.0,12.35,27.88
17,DIS,월트 디즈니,5,120,14,34,64,1.0,10.0,14.63,0.0,11.71,26.12
17,ZBH,짐머 바이오멧 홀딩스,5,120,14,34,64,1.0,10.0,14.63,0.0,8.3,25.7
17,EMR,에머슨 일렉트릭,5,120,14,34,64,1.0,10.0,14.63,0.0,10.1,26.3
17,AVB,아발론베이 커뮤니티,5,120,14,34,64,1.0,10.0,14.63,48.41,8.34,23.49
17,NWSA.O,뉴스 코퍼레이션 Class A,5,120,14,34,64,1.0,10.0,14.63,7.29,9.73,29.18
17,BG,번지 글로벌,5,120,14,34,64,1.0,10.0,14.63,163.6,9.43,28.74
17,NWS.O,뉴스 코퍼레이션 Class B,5,120,14,34,64,1.0,10.0,14.63,7.85,10.14,29.04
17,FRT,페더럴 리얼티 인베스트먼트 트러스트,5,120,14,34,64,1.0,10.0,14.63,46.7,5.9,26.44
17,L,로우스,5,120,14,34,64,1.0,10.0,14.63,0.0,8.36,23.5
17,JNPR.K,주니퍼 네트웍스,5,120,14,34,64,1.0,10.0,14.63,17.94,9.01,29.2
17,REG.O,리젠시 센터스,5,120,14,34,64,1.0,10.0,14.63,64.27,8.42,28.16
17,HSIC.O,헨리 셰인,5,120,14,34,64,1.0,10.0,14.63,0.0,11.27,24.11
17,NTRS.O,노던 트러스트,5,120,14,34,64,1.0,10.0,14.63,26.88,8.14,28.01
17,BIO,바이오래드 래보라토리스 Class A,5,120,14,34,64,1.0,10.0,14.63,0.0,12.56,27.81
17,MAA,미드아메리카 아파트 커뮤니티,5,120,14,34,64,1.0,10.0,14.63,0.0,10.19,23.18
17,TAP,몰슨 쿠어스 베버리지 Class B,5,120,14,34,64,1.0,10.0,14.63,0.86,4.6,26.42
17,ARE,알렉산드리아 리얼에스테이트 이쿼티,5,120,14,34,64,1.0,10.0,14.63,0.0,7.46,24.61
17,BFb,브라운-포맨 Class B,5,120,14,34,64,1.0,10.0,14.63,0.0,10.12,22.73
17,UDR,UDR,5,120,14,34,64,1.0,10.0,14.63,37.96,8.49,24.53
17,TROW.O,티 로웨 프라이스 그룹,5,120,14,34,64,1.0,10.0,14.63,0.0,11.05,28.51
17,CNP,센터포인트 에너지,5,120,14,34,64,1.0,10.0,14.63,39.02,9.04,24.5
17,OMC,옴니콤 그룹,5,120,14,34,64,1.0,10.0,14.63,23.33,10.38,24.93
17,EIX,에디슨 인터내셔널,5,120,14,34,64,1.0,10.0,14.63,0.0,8.76,23.93
17,LH,랩코프 홀딩스,5,120,14,34,64,1.0,10.0,14.63,0.0,10.79,24.67
17,GRMN.K,가민,5,120,14,34,64,1.0,10.0,14.63,0.0,10.97,26.62
17,EQR,에퀴티 레지덴셜,5,120,14,34,64,1.0,10.0,14.63,60.54,7.53,23.91
17,ESS,에섹스 프로퍼티 트러스트,5,120,14,34,64,1.0,10.0,14.63,0.0,10.3,24.08
17,DGX,퀘스트 다이아그노스틱스,5,120,14,34,64,1.0,10.0,14.63,0.0,10.34,22.98
17,INVH.K,인비테이션 홈스,5,120,14,34,64,1.0,10.0,14.63,0.0,12.05,26.33
17,IFF,인터내셔널 플레이버스 & 프레그런스,5,120,14,34,64,1.0,10.0,14.63,48.42,9.43,26.72
17,CPT,캠든 프로퍼티 트러스트,5,120,14,34,64,1.0,10.0,14.63,0.0,10.16,23.47
17,USB,U.S. 뱅코프,5,60,14,39,69,1.0,10.0,13.78,2.07,7.71,27.64
17,IP,인터내셔널 페이퍼,5,60,14,39,69,1.0,10.0,13.78,8.4,9.11,29.51
17,O,리얼티 인컴,5,60,14,39,69,1.0,10.0,13.78,-0.28,6.91,24.34
17,PNC,PNC 파이낸셜 서비스,5,60,14,39,69,1.0,10.0,13.78,22.4,11.04,28.0
17,CTSH.O,코그니전트 테크놀로지 솔루션,5,60,14,39,69,1.0,10.0,13.78,7.85,11.51,29.02
17,GLW,코닝,5,60,14,39,69,1.0,10.0,13.78,39.66,10.54,29.51
17,CAH,카디널 헬스,5,60,14,39,69,1.0,10.0,13.78,4.84,11.6,26.49
17,SRE,셈프라 에너지,5,60,14,39,69,1.0,10.0,13.78,9.86,7.02,25.36
17,FIS,피델리티 내셔널 인포메이션 서비스,5,60,14,39,69,1.0,10.0,13.78,3.35,11.44,26.94
17,BK,뱅크 오브 뉴욕 멜론,5,60,14,39,69,1.0,10.0,13.78,17.36,10.01,27.06
17,ALLE.K,얼리지언,5,60,14,39,69,1.0,10.0,13.78,8.27,12.44,25.98
17,CHRW.O,CH 로빈슨 월드와이드,5,60,14,39,69,1.0,10.0,13.78,6.53,6.47,25.11
17,DLR,디지털 리얼티 트러스트,5,60,14,39,69,1.0,10.0,13.78,23.99,10.67,26.76
17,CSCO.O,시스코 시스템즈,5,60,14,39,69,1.0,10.0,13.78,10.48,9.03,25.97
17,ADM,아처 대니얼스 미들랜드,5,60,14,39,69,1.0,10.0,13.78,18.18,9.68,26.0
17,CVS,CVS 헬스,5,60,14,39,69,1.0,10.0,13.78,0.67,8.17,24.34
17,CCI,크라운 캐슬,5,60,14,39,69,1.0,10.0,13.78,0.91,9.94,23.52
17,ELV,엘레반스 헬스,5,60,14,39,69,1.0,10.0,13.78,25.28,9.99,23.55
17,SYY,시스코,5,60,14,39,69,1.0,10.0,13.78,17.69,10.24,26.42
17,BFb,브라운-포맨 Class B,5,60,14,39,69,1.0,10.0,13.78,-53.95,10.12,22.73
17,WELL.K,웰타워,5,60,14,39,69,1.0,10.0,13.78,24.66,11.1,29.09
17,WMT,월마트,5,60,14,39,69,1.0,10.0,13.78,5.2,7.36,26.15
17,CVX,셰브론,5,60,14,39,69,1.0,10.0,13.78,7.98,9.66,27.08
17,WFC,웰스파고,5,60,14,39,69,1.0,10.0,13.78,20.31,10.46,29.47
17,TGT,타겟,5,60,14,39,69,1.0,10.0,13.78,29.16,12.35,27.88
17,DIS,월트 디즈니,5,60,14,39,69,1.0,10.0,13.78,12.53,11.71,26.12
17,XOM,엑슨 모빌,5,60,14,39,69,1.0,10.0,13.78,1.33,8.31,25.32
17,ZBH,짐머 바이오멧 홀딩스,5,60,14,39,69,1.0,10.0,13.78,-2.57,8.3,25.7
17,PCAR.O,파카,5,60,14,39,69,1.0,10.0,13.78,21.81,12.07,27.58
17,AVB,아발론베이 커뮤니티,5,60,14,39,69,1.0,10.0,13.78,24.39,8.34,23.49
17,NWSA.O,뉴스 코퍼레이션 Class A,5,60,14,39,69,1.0,10.0,13.78,15.3,9.73,29.18
17,BG,번지 글로벌,5,60,14,39,69,1.0,10.0,13.78,7.18,9.43,28.74
17,NWS.O,뉴스 코퍼레이션 Class B,5,60,14,39,69,1.0,10.0,13.78,7.59,10.14,29.04
17,FRT,페더럴 리얼티 인베스트먼트 트러스트,5,60,14,39,69,1.0,10.0,13.78,-3.61,5.9,26.44
17,L,로우스,5,60,14,39,69,1.0,10.0,13.78,12.26,8.36,23.5
17,JNPR.K,주니퍼 네트웍스,5,60,14,39,69,1.0,10.0,13.78,30.98,9.01,29.2
17,REG.O,리젠시 센터스,5,60,14,39,69,1.0,10.0,13.78,12.84,8.42,28.16
17,HSIC.O,헨리 셰인,5,60,14,39,69,1.0,10.0,13.78,1.67,11.27,24.11
17,NTRS.O,노던 트러스트,5,60,14,39,69,1.0,10.0,13.78,22.57,8.14,28.01
17,BIO,바이오래드 래보라토리스 Class A,5,60,14,39,69,1.0,10.0,13.78,-26.69,12.56,27.81
17,MAA,미드아메리카 아파트 커뮤니티,5,60,14,39,69,1.0,10.0,13.78,22.74,10.19,23.18
17,TAP,몰슨 쿠어스 베버리지 Class B,5,60,14,39,69,1.0,10.0,13.78,-0.45,4.6,26.42
17,ARE,알렉산드리아 리얼에스테이트 이쿼티,5,60,14,39,69,1.0,10.0,13.78,6.76,7.46,24.61
17,EMR,에머슨 일렉트릭,5,60,14,39,69,1.0,10.0,13.78,19.31,10.1,26.3
17,UDR,UDR,5,60,14,39,69,1.0,10.0,13.78,22.18,8.49,24.53
17,TROW.O,티 로웨 프라이스 그룹,5,60,14,39,69,1.0,10.0,13.78,16.68,11.05,28.51
17,LH,랩코프 홀딩스,5,60,14,39,69,1.0,10.0,13.78,43.09,10.79,24.67
17,OMC,옴니콤 그룹,5,60,14,39,69,1.0,10.0,13.78,15.76,10.38,24.93
17,EIX,에디슨 인터내셔널,5,60,14,39,69,1.0,10.0,13.78,1.56,8.76,23.93
17,EQR,에퀴티 레지덴셜,5,60,14,39,69,1.0,10.0,13.78,7.42,7.53,23.91
17,GRMN.K,가민,5,60,14,39,69,1.0,10.0,13.78,52.63,10.97,26.62
17,CNP,센터포인트 에너지,5,60,14,39,69,1.0,10.0,13.78,17.93,9.04,24.5
17,ESS,에섹스 프로퍼티 트러스트,5,60,14,39,69,1.0,10.0,13.78,28.52,10.3,24.08
17,IFF,인터내셔널 플레이버스 & 프레그런스,5,60,14,39,69,1.0,10.0,13.78,-6.17,9.43,26.72
17,DGX,퀘스트 다이아그노스틱스,5,60,14,39,69,1.0,10.0,13.78,33.22,10.34,22.98
17,CPT,캠든 프로퍼티 트러스트,5,60,14,39,69,1.0,10.0,13.78,32.07,10.16,23.47
17,INVH.K,인비테이션 홈스,5,60,14,39,69,1.0,10.0,13.78,73.59,12.05,26.33
17,LH,랩코프 홀딩스,5,60,14,44,54,1.0,10.0,13.63,28.06,10.79,24.67
17,OMC,옴니콤 그룹,5,60,14,44,54,1.0,10.0,13.63,25.22,10.38,24.93
17,EIX,에디슨 인터내셔널,5,60,14,44,54,1.0,10.0,13.63,12.02,8.76,23.93
17,EQR,에퀴티 레지덴셜,5,60,14,44,54,1.0,10.0,13.63,11.58,7.53,23.91
17,GRMN.K,가민,5,60,14,44,54,1.0,10.0,13.63,33.2,10.97,26.62
17,TROW.O,티 로웨 프라이스 그룹,5,60,14,44,54,1.0,10.0,13.63,4.27,11.05,28.51
17,ESS,에섹스 프로퍼티 트러스트,5,60,14,44,54,1.0,10.0,13.63,-0.01,10.3,24.08
17,DGX,퀘스트 다이아그노스틱스,5,60,14,44,54,1.0,10.0,13.63,53.16,10.34,22.98
17,INVH.K,인비테이션 홈스,5,60,14,44,54,1.0,10.0,13.63,17.59,12.05,26.33
17,IFF,인터내셔널 플레이버스 & 프레그런스,5,60,14,44,54,1.0,10.0,13.63,3.51,9.43,26.72
17,CPT,캠든 프로퍼티 트러스트,5,60,14,44,54,1.0,10.0,13.63,8.63,10.16,23.47
17,CNP,센터포인트 에너지,5,60,14,44,54,1.0,10.0,13.63,24.18,9.04,24.5
17,BIO,바이오래드 래보라토리스 Class A,5,60,14,44,54,1.0,10.0,13.63,-20.95,12.56,27.81
17,UDR,UDR,5,60,14,44,54,1.0,10.0,13.63,9.59,8.49,24.53
17,NWSA.O,뉴스 코퍼레이션 Class A,5,60,14,44,54,1.0,10.0,13.63,8.23,9.73,29.18
17,ARE,알렉산드리아 리얼에스테이트 이쿼티,5,60,14,44,54,1.0,10.0,13.63,-6.95,7.46,24.61
17,TAP,몰슨 쿠어스 베버리지 Class B,5,60,14,44,54,1.0,10.0,13.63,-4.1,4.6,26.42
17,MAA,미드아메리카 아파트 커뮤니티,5,60,14,44,54,1.0,10.0,13.63,4.33,10.19,23.18
17,AVB,아발론베이 커뮤니티,5,60,14,44,54,1.0,10.0,13.63,20.66,8.34,23.49
17,NTRS.O,노던 트러스트,5,60,14,44,54,1.0,10.0,13.63,17.06,8.14,28.01
17,HSIC.O,헨리 셰인,5,60,14,44,54,1.0,10.0,13.63,17.9,11.27,24.11
17,REG.O,리젠시 센터스,5,60,14,44,54,1.0,10.0,13.63,13.43,8.42,28.16
17,JNPR.K,주니퍼 네트웍스,5,60,14,44,54,1.0,10.0,13.63,6.86,9.01,29.2
17,L,로우스,5,60,14,44,54,1.0,10.0,13.63,17.94,8.36,23.5
17,FRT,페더럴 리얼티 인베스트먼트 트러스트,5,60,14,44,54,1.0,10.0,13.63,10.57,5.9,26.44
17,NWS.O,뉴스 코퍼레이션 Class B,5,60,14,44,54,1.0,10.0,13.63,8.98,10.14,29.04
17,DIS,월트 디즈니,5,60,14,44,54,1.0,10.0,13.63,15.68,11.71,26.12
17,BG,번지 글로벌,5,60,14,44,54,1.0,10.0,13.63,-2.2,9.43,28.74
17,BK,뱅크 오브 뉴욕 멜론,5,60,14,44,54,1.0,10.0,13.63,14.26,10.01,27.06
17,BFb,브라운-포맨 Class B,5,60,14,44,54,1.0,10.0,13.63,-32.48,10.12,22.73
17,ZBH,짐머 바이오멧 홀딩스,5,60,14,44,54,1.0,10.0,13.63,22.02,8.3,25.7
17,XOM,엑슨 모빌,5,60,14,44,54,1.0,10.0,13.63,-3.03,8.31,25.32
17,TGT,타겟,5,60,14,44,54,1.0,10.0,13.63,18.38,12.35,27.88
17,WFC,웰스파고,5,60,14,44,54,1.0,10.0,13.63,26.14,10.46,29.47
17,CVX,셰브론,5,60,14,44,54,1.0,10.0,13.63,6.39,9.66,27.08
17,WMT,월마트,5,60,14,44,54,1.0,10.0,13.63,2.12,7.36,26.15
17,WELL.K,웰타워,5,60,14,44,54,1.0,10.0,13.63,45.28,11.1,29.09
17,PCAR.O,파카,5,60,14,44,54,1.0,10.0,13.63,34.45,12.07,27.58
17,CSCO.O,시스코 시스템즈,5,60,14,44,54,1.0,10.0,13.63,39.42,9.03,25.97
17,SYY,시스코,5,60,14,44,54,1.0,10.0,13.63,42.2,10.24,26.42
17,ELV,엘레반스 헬스,5,60,14,44,54,1.0,10.0,13.63,24.61,9.99,23.55
17,CCI,크라운 캐슬,5,60,14,44,54,1.0,10.0,13.63,-19.57,9.94,23.52
17,CVS,CVS 헬스,5,60,14,44,54,1.0,10.0,13.63,-2.97,8.17,24.34
17,ADM,아처 대니얼스 미들랜드,5,60,14,44,54,1.0,10.0,13.63,47.2,9.68,26.0
17,EMR,에머슨 일렉트릭,5,60,14,44,54,1.0,10.0,13.63,9.41,10.1,26.3
17,DLR,디지털 리얼티 트러스트,5,60,14,44,54,1.0,10.0,13.63,14.46,10.67,26.76
17,IP,인터내셔널 페이퍼,5,60,14,44,54,1.0,10.0,13.63,4.92,9.11,29.51
17,O,리얼티 인컴,5,60,14,44,54,1.0,10.0,13.63,10.41,6.91,24.34
17,PNC,PNC 파이낸셜 서비스,5,60,14,44,54,1.0,10.0,13.63,19.65,11.04,28.0
17,CTSH.O,코그니전트 테크놀로지 솔루션,5,60,14,44,54,1.0,10.0,13.63,6.62,11.51,29.02
17,CAH,카디널 헬스,5,60,14,44,54,1.0,10.0,13.63,5.38,11.6,26.49
17,SRE,셈프라 에너지,5,60,14,44,54,1.0,10.0,13.63,23.97,7.02,25.36
17,FIS,피델리티 내셔널 인포메이션 서비스,5,60,14,44,54,1.0,10.0,13.63,-9.63,11.44,26.94
17,ALLE.K,얼리지언,5,60,14,44,54,1.0,10.0,13.63,46.73,12.44,25.98
17,GLW,코닝,5,60,14,44,54,1.0,10.0,13.63,18.84,10.54,29.51
17,CHRW.O,CH 로빈슨 월드와이드,5,60,14,44,54,1.0,10.0,13.63,8.35,6.47,25.11
17,USB,U.S. 뱅코프,5,60,14,44,54,1.0,10.0,13.63,14.69,7.71,27.64
17,XOM,엑슨 모빌,5,120,14,49,54,1.0,10.0,12.57,-0.54,8.31,25.32
17,NWSA.O,뉴스 코퍼레이션 Class A,5,120,14,49,54,1.0,10.0,12.57,6.82,9.73,29.18
17,BFb,브라운-포맨 Class B,5,120,14,49,54,1.0,10.0,12.57,-11.69,10.12,22.73
17,BG,번지 글로벌,5,120,14,49,54,1.0,10.0,12.57,8.39,9.43,28.74
17,CNP,센터포인트 에너지,5,120,14,49,54,1.0,10.0,12.57,42.14,9.04,24.5
17,OMC,옴니콤 그룹,5,120,14,49,54,1.0,10.0,12.57,5.71,10.38,24.93
17,EIX,에디슨 인터내셔널,5,120,14,49,54,1.0,10.0,12.57,20.14,8.76,23.93
17,EQR,에퀴티 레지덴셜,5,120,14,49,54,1.0,10.0,12.57,10.58,7.53,23.91
17,GRMN.K,가민,5,120,14,49,54,1.0,10.0,12.57,93.97,10.97,26.62
17,TROW.O,티 로웨 프라이스 그룹,5,120,14,49,54,1.0,10.0,12.57,1.82,11.05,28.51
17,ESS,에섹스 프로퍼티 트러스트,5,120,14,49,54,1.0,10.0,12.57,19.61,10.3,24.08
17,DGX,퀘스트 다이아그노스틱스,5,120,14,49,54,1.0,10.0,12.57,8.39,10.34,22.98
17,INVH.K,인비테이션 홈스,5,120,14,49,54,1.0,10.0,12.57,6.14,12.05,26.33
17,IFF,인터내셔널 플레이버스 & 프레그런스,5,120,14,49,54,1.0,10.0,12.57,-4.26,9.43,26.72
17,CPT,캠든 프로퍼티 트러스트,5,120,14,49,54,1.0,10.0,12.57,-0.02,10.16,23.47
17,LH,랩코프 홀딩스,5,120,14,49,54,1.0,10.0,12.57,9.57,10.79,24.67
17,UDR,UDR,5,120,14,49,54,1.0,10.0,12.57,4.82,8.49,24.53
17,ARE,알렉산드리아 리얼에스테이트 이쿼티,5,120,14,49,54,1.0,10.0,12.57,-2.45,7.46,24.61
17,TAP,몰슨 쿠어스 베버리지 Class B,5,120,14,49,54,1.0,10.0,12.57,-3.43,4.6,26.42
17,MAA,미드아메리카 아파트 커뮤니티,5,120,14,49,54,1.0,10.0,12.57,-1.71,10.19,23.18
17,BIO,바이오래드 래보라토리스 Class A,5,120,14,49,54,1.0,10.0,12.57,-16.28,12.56,27.81
17,NTRS.O,노던 트러스트,5,120,14,49,54,1.0,10.0,12.57,10.67,8.14,28.01
17,HSIC.O,헨리 셰인,5,120,14,49,54,1.0,10.0,12.57,14.87,11.27,24.11
17,REG.O,리젠시 센터스,5,120,14,49,54,1.0,10.0,12.57,10.47,8.42,28.16
17,JNPR.K,주니퍼 네트웍스,5,120,14,49,54,1.0,10.0,12.57,17.72,9.01,29.2
17,L,로우스,5,120,14,49,54,1.0,10.0,12.57,8.73,8.36,23.5
17,FRT,페더럴 리얼티 인베스트먼트 트러스트,5,120,14,49,54,1.0,10.0,12.57,5.68,5.9,26.44
17,NWS.O,뉴스 코퍼레이션 Class B,5,120,14,49,54,1.0,10.0,12.57,8.37,10.14,29.04
17,AVB,아발론베이 커뮤니티,5,120,14,49,54,1.0,10.0,12.57,15.95,8.34,23.49
17,ZBH,짐머 바이오멧 홀딩스,5,120,14,49,54,1.0,10.0,12.57,25.29,8.3,25.7
17,DIS,월트 디즈니,5,120,14,49,54,1.0,10.0,12.57,13.24,11.71,26.12
17,CHRW.O,CH 로빈슨 월드와이드,5,120,14,49,54,1.0,10.0,12.57,-4.28,6.47,25.11
17,WFC,웰스파고,5,120,14,49,54,1.0,10.0,12.57,39.54,10.46,29.47
17,CVX,셰브론,5,120,14,49,54,1.0,10.0,12.57,4.73,9.66,27.08
17,WMT,월마트,5,120,14,49,54,1.0,10.0,12.57,2.67,7.36,26.15
17,WELL.K,웰타워,5,120,14,49,54,1.0,10.0,12.57,40.26,11.1,29.09
17,PCAR.O,파카,5,120,14,49,54,1.0,10.0,12.57,31.36,12.07,27.58
17,CSCO.O,시스코 시스템즈,5,120,14,49,54,1.0,10.0,12.57,38.27,9.03,25.97
17,SYY,시스코,5,120,14,49,54,1.0,10.0,12.57,28.59,10.24,26.42
17,ELV,엘레반스 헬스,5,120,14,49,54,1.0,10.0,12.57,24.61,9.99,23.55
17,CCI,크라운 캐슬,5,120,14,49,54,1.0,10.0,12.57,-23.82,9.94,23.52
17,CVS,CVS 헬스,5,120,14,49,54,1.0,10.0,12.57,-5.48,8.17,24.34
17,ADM,아처 대니얼스 미들랜드,5,120,14,49,54,1.0,10.0,12.57,26.01,9.68,26.0
17,EMR,에머슨 일렉트릭,5,120,14,49,54,1.0,10.0,12.57,13.12,10.1,26.3
17,DLR,디지털 리얼티 트러스트,5,120,14,49,54,1.0,10.0,12.57,34.68,10.67,26.76
17,USB,U.S. 뱅코프,5,120,14,49,54,1.0,10.0,12.57,18.1,7.71,27.64
17,IP,인터내셔널 페이퍼,5,120,14,49,54,1.0,10.0,12.57,1.45,9.11,29.51
17,O,리얼티 인컴,5,120,14,49,54,1.0,10.0,12.57,2.47,6.91,24.34
17,PNC,PNC 파이낸셜 서비스,5,120,14,49,54,1.0,10.0,12.57,7.57,11.04,28.0
17,CTSH.O,코그니전트 테크놀로지 솔루션,5,120,14,49,54,1.0,10.0,12.57,22.55,11.51,29.02
17,CAH,카디널 헬스,5,120,14,49,54,1.0,10.0,12.57,-0.25,11.6,26.49
17,SRE,셈프라 에너지,5,120,14,49,54,1.0,10.0,12.57,15.9,7.02,25.36
17,FIS,피델리티 내셔널 인포메이션 서비스,5,120,14,49,54,1.0,10.0,12.57,-9.26,11.44,26.94
17,BK,뱅크 오브 뉴욕 멜론,5,120,14,49,54,1.0,10.0,12.57,15.75,10.01,27.06
17,ALLE.K,얼리지언,5,120,14,49,54,1.0,10.0,12.57,25.05,12.44,25.98
17,GLW,코닝,5,120,14,49,54,1.0,10.0,12.57,13.3,10.54,29.51
17,TGT,타겟,5,120,14,49,54,1.0,10.0,12.57,24.92,12.35,27.88
17,TGT,타겟,5,60,14,34,74,1.0,10.0,11.73,41.08,12.35,27.88
17,DIS,월트 디즈니,5,60,14,34,74,1.0,10.0,11.73,13.98,11.71,26.12
17,XOM,엑슨 모빌,5,60,14,34,74,1.0,10.0,11.73,2.93,8.31,25.32
17,BFb,브라운-포맨 Class B,5,60,14,34,74,1.0,10.0,11.73,0.0,10.12,22.73
17,CHRW.O,CH 로빈슨 월드와이드,5,60,14,34,74,1.0,10.0,11.73,3.19,6.47,25.11
17,GLW,코닝,5,60,14,34,74,1.0,10.0,11.73,14.56,10.54,29.51
17,ALLE.K,얼리지언,5,60,14,34,74,1.0,10.0,11.73,0.0,12.44,25.98
17,BK,뱅크 오브 뉴욕 멜론,5,60,14,34,74,1.0,10.0,11.73,8.51,10.01,27.06
17,FIS,피델리티 내셔널 인포메이션 서비스,5,60,14,34,74,1.0,10.0,11.73,35.22,11.44,26.94
17,SRE,셈프라 에너지,5,60,14,34,74,1.0,10.0,11.73,10.74,7.02,25.36
17,CAH,카디널 헬스,5,60,14,34,74,1.0,10.0,11.73,0.0,11.6,26.49
17,CTSH.O,코그니전트 테크놀로지 솔루션,5,60,14,34,74,1.0,10.0,11.73,0.0,11.51,29.02
17,PNC,PNC 파이낸셜 서비스,5,60,14,34,74,1.0,10.0,11.73,23.21,11.04,28.0
17,O,리얼티 인컴,5,60,14,34,74,1.0,10.0,11.73,-0.28,6.91,24.34
17,NWS.O,뉴스 코퍼레이션 Class B,5,60,14,34,74,1.0,10.0,11.73,10.72,10.14,29.04
17,USB,U.S. 뱅코프,5,60,14,34,74,1.0,10.0,11.73,22.29,7.71,27.64
17,DLR,디지털 리얼티 트러스트,5,60,14,34,74,1.0,10.0,11.73,31.21,10.67,26.76
17,EMR,에머슨 일렉트릭,5,60,14,34,74,1.0,10.0,11.73,8.4,10.1,26.3
17,ADM,아처 대니얼스 미들랜드,5,60,14,34,74,1.0,10.0,11.73,0.0,9.68,26.0
17,CVS,CVS 헬스,5,60,14,34,74,1.0,10.0,11.73,0.0,8.17,24.34
17,CCI,크라운 캐슬,5,60,14,34,74,1.0,10.0,11.73,0.91,9.94,23.52
17,ELV,엘레반스 헬스,5,60,14,34,74,1.0,10.0,11.73,0.0,9.99,23.55
17,SYY,시스코,5,60,14,34,74,1.0,10.0,11.73,0.0,10.24,26.42
17,CSCO.O,시스코 시스템즈,5,60,14,34,74,1.0,10.0,11.73,15.44,9.03,25.97
17,PCAR.O,파카,5,60,14,34,74,1.0,10.0,11.73,9.25,12.07,27.58
17,WELL.K,웰타워,5,60,14,34,74,1.0,10.0,11.73,10.78,11.1,29.09
17,WMT,월마트,5,60,14,34,74,1.0,10.0,11.73,7.09,7.36,26.15
17,CVX,셰브론,5,60,14,34,74,1.0,10.0,11.73,9.93,9.66,27.08
17,WFC,웰스파고,5,60,14,34,74,1.0,10.0,11.73,21.64,10.46,29.47
17,ZBH,짐머 바이오멧 홀딩스,5,60,14,34,74,1.0,10.0,11.73,0.0,8.3,25.7
17,IP,인터내셔널 페이퍼,5,60,14,34,74,1.0,10.0,11.73,0.0,9.11,29.51
17,AVB,아발론베이 커뮤니티,5,60,14,34,74,1.0,10.0,11.73,6.48,8.34,23.49
17,UDR,UDR,5,60,14,34,74,1.0,10.0,11.73,52.35,8.49,24.53
17,BG,번지 글로벌,5,60,14,34,74,1.0,10.0,11.73,131.25,9.43,28.74
17,FRT,페더럴 리얼티 인베스트먼트 트러스트,5,60,14,34,74,1.0,10.0,11.73,5.89,5.9,26.44
17,L,로우스,5,60,14,34,74,1.0,10.0,11.73,20.78,8.36,23.5
17,JNPR.K,주니퍼 네트웍스,5,60,14,34,74,1.0,10.0,11.73,12.18,9.01,29.2
17,REG.O,리젠시 센터스,5,60,14,34,74,1.0,10.0,11.73,7.74,8.42,28.16
17,HSIC.O,헨리 셰인,5,60,14,34,74,1.0,10.0,11.73,0.0,11.27,24.11
17,NTRS.O,노던 트러스트,5,60,14,34,74,1.0,10.0,11.73,6.46,8.14,28.01
17,BIO,바이오래드 래보라토리스 Class A,5,60,14,34,74,1.0,10.0,11.73,0.0,12.56,27.81
17,TAP,몰슨 쿠어스 베버리지 Class B,5,60,14,34,74,1.0,10.0,11.73,3.04,4.6,26.42
17,ARE,알렉산드리아 리얼에스테이트 이쿼티,5,60,14,34,74,1.0,10.0,11.73,20.5,7.46,24.61
17,NWSA.O,뉴스 코퍼레이션 Class A,5,60,14,34,74,1.0,10.0,11.73,11.66,9.73,29.18
17,MAA,미드아메리카 아파트 커뮤니티,5,60,14,34,74,1.0,10.0,11.73,0.0,10.19,23.18
17,LH,랩코프 홀딩스,5,60,14,34,74,1.0,10.0,11.73,0.0,10.79,24.67
17,TROW.O,티 로웨 프라이스 그룹,5,60,14,34,74,1.0,10.0,11.73,0.0,11.05,28.51
17,CNP,센터포인트 에너지,5,60,14,34,74,1.0,10.0,11.73,5.98,9.04,24.5
17,CPT,캠든 프로퍼티 트러스트,5,60,14,34,74,1.0,10.0,11.73,0.0,10.16,23.47
17,EIX,에디슨 인터내셔널,5,60,14,34,74,1.0,10.0,11.73,0.0,8.76,23.93
17,EQR,에퀴티 레지덴셜,5,60,14,34,74,1.0,10.0,11.73,5.81,7.53,23.91
17,GRMN.K,가민,5,60,14,34,74,1.0,10.0,11.73,0.0,10.97,26.62
17,OMC,옴니콤 그룹,5,60,14,34,74,1.0,10.0,11.73,12.46,10.38,24.93
17,ESS,에섹스 프로퍼티 트러스트,5,60,14,34,74,1.0,10.0,11.73,0.0,10.3,24.08
17,INVH.K,인비테이션 홈스,5,60,14,34,74,1.0,10.0,11.73,0.0,12.05,26.33
17,IFF,인터내셔널 플레이버스 & 프레그런스,5,60,14,34,74,1.0,10.0,11.73,65.2,9.43,26.72
17,DGX,퀘스트 다이아그노스틱스,5,60,14,34,74,1.0,10.0,11.73,0.0,10.34,22.98
17,GRMN.K,가민,5,120,14,29,54,1.0,10.0,11.68,0.0,10.97,26.62
17,IFF,인터내셔널 플레이버스 & 프레그런스,5,120,14,29,54,1.0,10.0,11.68,0.0,9.43,26.72
17,INVH.K,인비테이션 홈스,5,120,14,29,54,1.0,10.0,11.68,0.0,12.05,26.33
17,DGX,퀘스트 다이아그노스틱스,5,120,14,29,54,1.0,10.0,11.68,0.0,10.34,22.98
17,ESS,에섹스 프로퍼티 트러스트,5,120,14,29,54,1.0,10.0,11.68,0.0,10.3,24.08
17,TROW.O,티 로웨 프라이스 그룹,5,120,14,29,54,1.0,10.0,11.68,0.0,11.05,28.51
17,EIX,에디슨 인터내셔널,5,120,14,29,54,1.0,10.0,11.68,0.0,8.76,23.93
17,EQR,에퀴티 레지덴셜,5,120,14,29,54,1.0,10.0,11.68,0.0,7.53,23.91
17,OMC,옴니콤 그룹,5,120,14,29,54,1.0,10.0,11.68,96.46,10.38,24.93
17,CNP,센터포인트 에너지,5,120,14,29,54,1.0,10.0,11.68,0.0,9.04,24.5
17,BG,번지 글로벌,5,120,14,29,54,1.0,10.0,11.68,0.0,9.43,28.74
17,LH,랩코프 홀딩스,5,120,14,29,54,1.0,10.0,11.68,0.0,10.79,24.67
17,CPT,캠든 프로퍼티 트러스트,5,120,14,29,54,1.0,10.0,11.68,0.0,10.16,23.47
17,NWS.O,뉴스 코퍼레이션 Class B,5,120,14,29,54,1.0,10.0,11.68,0.0,10.14,29.04
17,UDR,UDR,5,120,14,29,54,1.0,10.0,11.68,0.0,8.49,24.53
17,NWSA.O,뉴스 코퍼레이션 Class A,5,120,14,29,54,1.0,10.0,11.68,0.0,9.73,29.18
17,ARE,알렉산드리아 리얼에스테이트 이쿼티,5,120,14,29,54,1.0,10.0,11.68,0.0,7.46,24.61
17,TAP,몰슨 쿠어스 베버리지 Class B,5,120,14,29,54,1.0,10.0,11.68,0.0,4.6,26.42
17,MAA,미드아메리카 아파트 커뮤니티,5,120,14,29,54,1.0,10.0,11.68,0.0,10.19,23.18
17,BIO,바이오래드 래보라토리스 Class A,5,120,14,29,54,1.0,10.0,11.68,0.0,12.56,27.81
17,NTRS.O,노던 트러스트,5,120,14,29,54,1.0,10.0,11.68,0.0,8.14,28.01
17,HSIC.O,헨리 셰인,5,120,14,29,54,1.0,10.0,11.68,0.0,11.27,24.11
17,REG.O,리젠시 센터스,5,120,14,29,54,1.0,10.0,11.68,71.9,8.42,28.16
17,JNPR.K,주니퍼 네트웍스,5,120,14,29,54,1.0,10.0,11.68,0.0,9.01,29.2
17,L,로우스,5,120,14,29,54,1.0,10.0,11.68,0.0,8.36,23.5
17,FRT,페더럴 리얼티 인베스트먼트 트러스트,5,120,14,29,54,1.0,10.0,11.68,61.28,5.9,26.44
17,BFb,브라운-포맨 Class B,5,120,14,29,54,1.0,10.0,11.68,0.0,10.12,22.73
17,AVB,아발론베이 커뮤니티,5,120,14,29,54,1.0,10.0,11.68,0.0,8.34,23.49
17,XOM,엑슨 모빌,5,120,14,29,54,1.0,10.0,11.68,114.96,8.31,25.32
17,ZBH,짐머 바이오멧 홀딩스,5,120,14,29,54,1.0,10.0,11.68,0.0,8.3,25.7
17,ADM,아처 대니얼스 미들랜드,5,120,14,29,54,1.0,10.0,11.68,0.0,9.68,26.0
17,CHRW.O,CH 로빈슨 월드와이드,5,120,14,29,54,1.0,10.0,11.68,0.0,6.47,25.11
17,TGT,타겟,5,120,14,29,54,1.0,10.0,11.68,0.0,12.35,27.88
17,WFC,웰스파고,5,120,14,29,54,1.0,10.0,11.68,240.3,10.46,29.47
17,CVX,셰브론,5,120,14,29,54,1.0,10.0,11.68,0.0,9.66,27.08
17,WMT,월마트,5,120,14,29,54,1.0,10.0,11.68,0.82,7.36,26.15
17,WELL.K,웰타워,5,120,14,29,54,1.0,10.0,11.68,0.0,11.1,29.09
17,PCAR.O,파카,5,120,14,29,54,1.0,10.0,11.68,0.0,12.07,27.58
17,CSCO.O,시스코 시스템즈,5,120,14,29,54,1.0,10.0,11.68,60.5,9.03,25.97
17,SYY,시스코,5,120,14,29,54,1.0,10.0,11.68,0.0,10.24,26.42
17,ELV,엘레반스 헬스,5,120,14,29,54,1.0,10.0,11.68,0.0,9.99,23.55
17,CCI,크라운 캐슬,5,120,14,29,54,1.0,10.0,11.68,0.0,9.94,23.52
17,CVS,CVS 헬스,5,120,14,29,54,1.0,10.0,11.68,0.0,8.17,24.34
17,DIS,월트 디즈니,5,120,14,29,54,1.0,10.0,11.68,0.0,11.71,26.12
17,EMR,에머슨 일렉트릭,5,120,14,29,54,1.0,10.0,11.68,0.0,10.1,26.3
17,CAH,카디널 헬스,5,120,14,29,54,1.0,10.0,11.68,0.0,11.6,26.49
17,DLR,디지털 리얼티 트러스트,5,120,14,29,54,1.0,10.0,11.68,0.0,10.67,26.76
17,ALLE.K,얼리지언,5,120,14,29,54,1.0,10.0,11.68,0.0,12.44,25.98
17,BK,뱅크 오브 뉴욕 멜론,5,120,14,29,54,1.0,10.0,11.68,0.0,10.01,27.06
17,FIS,피델리티 내셔널 인포메이션 서비스,5,120,14,29,54,1.0,10.0,11.68,0.0,11.44,26.94
17,SRE,셈프라 에너지,5,120,14,29,54,1.0,10.0,11.68,0.0,7.02,25.36
17,GLW,코닝,5,120,14,29,54,1.0,10.0,11.68,0.0,10.54,29.51
17,CTSH.O,코그니전트 테크놀로지 솔루션,5,120,14,29,54,1.0,10.0,11.68,0.0,11.51,29.02
17,O,리얼티 인컴,5,120,14,29,54,1.0,10.0,11.68,0.0,6.91,24.34
17,IP,인터내셔널 페이퍼,5,120,14,29,54,1.0,10.0,11.68,0.0,9.11,29.51
17,USB,U.S. 뱅코프,5,120,14,29,54,1.0,10.0,11.68,0.0,7.71,27.64
17,PNC,PNC 파이낸셜 서비스,5,120,14,29,54,1.0,10.0,11.68,19.67,11.04,28.0
17,OMC,옴니콤 그룹,5,60,14,49,54,1.0,10.0,11.18,30.57,10.38,24.93
17,TROW.O,티 로웨 프라이스 그룹,5,60,14,49,54,1.0,10.0,11.18,0.73,11.05,28.51
17,GRMN.K,가민,5,60,14,49,54,1.0,10.0,11.18,33.2,10.97,26.62
17,EQR,에퀴티 레지덴셜,5,60,14,49,54,1.0,10.0,11.18,3.19,7.53,23.91
17,EIX,에디슨 인터내셔널,5,60,14,49,54,1.0,10.0,11.18,14.33,8.76,23.93
17,BG,번지 글로벌,5,60,14,49,54,1.0,10.0,11.18,6.71,9.43,28.74
17,CNP,센터포인트 에너지,5,60,14,49,54,1.0,10.0,11.18,2.8,9.04,24.5
17,AVB,아발론베이 커뮤니티,5,60,14,49,54,1.0,10.0,11.18,8.65,8.34,23.49
17,BFb,브라운-포맨 Class B,5,60,14,49,54,1.0,10.0,11.18,-8.78,10.12,22.73
17,ZBH,짐머 바이오멧 홀딩스,5,60,14,49,54,1.0,10.0,11.18,24.2,8.3,25.7
17,ESS,에섹스 프로퍼티 트러스트,5,60,14,49,54,1.0,10.0,11.18,1.93,10.3,24.08
17,CHRW.O,CH 로빈슨 월드와이드,5,60,14,49,54,1.0,10.0,11.18,2.99,6.47,25.11
17,UDR,UDR,5,60,14,49,54,1.0,10.0,11.18,4.79,8.49,24.53
17,DGX,퀘스트 다이아그노스틱스,5,60,14,49,54,1.0,10.0,11.18,32.1,10.34,22.98
17,INVH.K,인비테이션 홈스,5,60,14,49,54,1.0,10.0,11.18,26.05,12.05,26.33
17,IFF,인터내셔널 플레이버스 & 프레그런스,5,60,14,49,54,1.0,10.0,11.18,-0.68,9.43,26.72
17,CPT,캠든 프로퍼티 트러스트,5,60,14,49,54,1.0,10.0,11.18,3.29,10.16,23.47
17,LH,랩코프 홀딩스,5,60,14,49,54,1.0,10.0,11.18,12.78,10.79,24.67
17,NWSA.O,뉴스 코퍼레이션 Class A,5,60,14,49,54,1.0,10.0,11.18,8.23,9.73,29.18
17,ARE,알렉산드리아 리얼에스테이트 이쿼티,5,60,14,49,54,1.0,10.0,11.18,-2.49,7.46,24.61
17,TAP,몰슨 쿠어스 베버리지 Class B,5,60,14,49,54,1.0,10.0,11.18,-3.43,4.6,26.42
17,MAA,미드아메리카 아파트 커뮤니티,5,60,14,49,54,1.0,10.0,11.18,10.9,10.19,23.18
17,BIO,바이오래드 래보라토리스 Class A,5,60,14,49,54,1.0,10.0,11.18,-13.15,12.56,27.81
17,NTRS.O,노던 트러스트,5,60,14,49,54,1.0,10.0,11.18,12.76,8.14,28.01
17,HSIC.O,헨리 셰인,5,60,14,49,54,1.0,10.0,11.18,14.75,11.27,24.11
17,ALLE.K,얼리지언,5,60,14,49,54,1.0,10.0,11.18,15.97,12.44,25.98
17,GLW,코닝,5,60,14,49,54,1.0,10.0,11.18,13.08,10.54,29.51
17,CCI,크라운 캐슬,5,60,14,49,54,1.0,10.0,11.18,-26.58,9.94,23.52
17,BK,뱅크 오브 뉴욕 멜론,5,60,14,49,54,1.0,10.0,11.18,15.33,10.01,27.06
17,FIS,피델리티 내셔널 인포메이션 서비스,5,60,14,49,54,1.0,10.0,11.18,-7.12,11.44,26.94
17,NWS.O,뉴스 코퍼레이션 Class B,5,60,14,49,54,1.0,10.0,11.18,10.77,10.14,29.04
17,REG.O,리젠시 센터스,5,60,14,49,54,1.0,10.0,11.18,1.72,8.42,28.16
17,FRT,페더럴 리얼티 인베스트먼트 트러스트,5,60,14,49,54,1.0,10.0,11.18,-2.66,5.9,26.44
17,L,로우스,5,60,14,49,54,1.0,10.0,11.18,12.33,8.36,23.5
17,DIS,월트 디즈니,5,60,14,49,54,1.0,10.0,11.18,12.68,11.71,26.12
17,TGT,타겟,5,60,14,49,54,1.0,10.0,11.18,26.8,12.35,27.88
17,WFC,웰스파고,5,60,14,49,54,1.0,10.0,11.18,23.17,10.46,29.47
17,CVX,셰브론,5,60,14,49,54,1.0,10.0,11.18,9.21,9.66,27.08
17,WMT,월마트,5,60,14,49,54,1.0,10.0,11.18,3.84,7.36,26.15
17,WELL.K,웰타워,5,60,14,49,54,1.0,10.0,11.18,36.01,11.1,29.09
17,PCAR.O,파카,5,60,14,49,54,1.0,10.0,11.18,52.4,12.07,27.58
17,CSCO.O,시스코 시스템즈,5,60,14,49,54,1.0,10.0,11.18,36.41,9.03,25.97
17,SYY,시스코,5,60,14,49,54,1.0,10.0,11.18,31.21,10.24,26.42
17,ELV,엘레반스 헬스,5,60,14,49,54,1.0,10.0,11.18,18.36,9.99,23.55
17,CVS,CVS 헬스,5,60,14,49,54,1.0,10.0,11.18,-2.97,8.17,24.34
17,ADM,아처 대니얼스 미들랜드,5,60,14,49,54,1.0,10.0,11.18,11.25,9.68,26.0
17,EMR,에머슨 일렉트릭,5,60,14,49,54,1.0,10.0,11.18,20.91,10.1,26.3
17,DLR,디지털 리얼티 트러스트,5,60,14,49,54,1.0,10.0,11.18,2.89,10.67,26.76
17,USB,U.S. 뱅코프,5,60,14,49,54,1.0,10.0,11.18,11.88,7.71,27.64
17,IP,인터내셔널 페이퍼,5,60,14,49,54,1.0,10.0,11.18,-0.03,9.11,29.51
17,O,리얼티 인컴,5,60,14,49,54,1.0,10.0,11.18,4.05,6.91,24.34
17,PNC,PNC 파이낸셜 서비스,5,60,14,49,54,1.0,10.0,11.18,20.86,11.04,28.0
17,CTSH.O,코그니전트 테크놀로지 솔루션,5,60,14,49,54,1.0,10.0,11.18,13.61,11.51,29.02
17,CAH,카디널 헬스,5,60,14,49,54,1.0,10.0,11.18,3.42,11.6,26.49
17,SRE,셈프라 에너지,5,60,14,49,54,1.0,10.0,11.18,16.61,7.02,25.36
17,JNPR.K,주니퍼 네트웍스,5,60,14,49,54,1.0,10.0,11.18,27.03,9.01,29.2
17,XOM,엑슨 모빌,5,60,14,49,54,1.0,10.0,11.18,-1.39,8.31,25.32
17,WFC,웰스파고,5,60,14,44,59,1.0,10.0,11.16,7.13,10.46,29.47
17,ARE,알렉산드리아 리얼에스테이트 이쿼티,5,60,14,44,59,1.0,10.0,11.16,-5.33,7.46,24.61
17,EQR,에퀴티 레지덴셜,5,60,14,44,59,1.0,10.0,11.16,15.67,7.53,23.91
17,GRMN.K,가민,5,60,14,44,59,1.0,10.0,11.16,33.2,10.97,26.62
17,TROW.O,티 로웨 프라이스 그룹,5,60,14,44,59,1.0,10.0,11.16,5.8,11.05,28.51
17,ESS,에섹스 프로퍼티 트러스트,5,60,14,44,59,1.0,10.0,11.16,4.04,10.3,24.08
17,DGX,퀘스트 다이아그노스틱스,5,60,14,44,59,1.0,10.0,11.16,36.88,10.34,22.98
17,INVH.K,인비테이션 홈스,5,60,14,44,59,1.0,10.0,11.16,19.49,12.05,26.33
17,IFF,인터내셔널 플레이버스 & 프레그런스,5,60,14,44,59,1.0,10.0,11.16,5.74,9.43,26.72
17,CPT,캠든 프로퍼티 트러스트,5,60,14,44,59,1.0,10.0,11.16,11.33,10.16,23.47
17,LH,랩코프 홀딩스,5,60,14,44,59,1.0,10.0,11.16,20.85,10.79,24.67
17,UDR,UDR,5,60,14,44,59,1.0,10.0,11.16,12.07,8.49,24.53
17,NWSA.O,뉴스 코퍼레이션 Class A,5,60,14,44,59,1.0,10.0,11.16,10.93,9.73,29.18
17,TAP,몰슨 쿠어스 베버리지 Class B,5,60,14,44,59,1.0,10.0,11.16,-1.93,4.6,26.42
17,OMC,옴니콤 그룹,5,60,14,44,59,1.0,10.0,11.16,11.92,10.38,24.93
17,MAA,미드아메리카 아파트 커뮤니티,5,60,14,44,59,1.0,10.0,11.16,7.49,10.19,23.18
17,BIO,바이오래드 래보라토리스 Class A,5,60,14,44,59,1.0,10.0,11.16,-15.13,12.56,27.81
17,NTRS.O,노던 트러스트,5,60,14,44,59,1.0,10.0,11.16,10.67,8.14,28.01
17,HSIC.O,헨리 셰인,5,60,14,44,59,1.0,10.0,11.16,16.16,11.27,24.11
17,REG.O,리젠시 센터스,5,60,14,44,59,1.0,10.0,11.16,4.69,8.42,28.16
17,JNPR.K,주니퍼 네트웍스,5,60,14,44,59,1.0,10.0,11.16,15.54,9.01,29.2
17,L,로우스,5,60,14,44,59,1.0,10.0,11.16,16.12,8.36,23.5
17,FRT,페더럴 리얼티 인베스트먼트 트러스트,5,60,14,44,59,1.0,10.0,11.16,-1.29,5.9,26.44
17,NWS.O,뉴스 코퍼레이션 Class B,5,60,14,44,59,1.0,10.0,11.16,10.59,10.14,29.04
17,CVX,셰브론,5,60,14,44,59,1.0,10.0,11.16,7.94,9.66,27.08
17,TGT,타겟,5,60,14,44,59,1.0,10.0,11.16,9.22,12.35,27.88
17,EIX,에디슨 인터내셔널,5,60,14,44,59,1.0,10.0,11.16,9.36,8.76,23.93
17,CNP,센터포인트 에너지,5,60,14,44,59,1.0,10.0,11.16,25.29,9.04,24.5
17,WMT,월마트,5,60,14,44,59,1.0,10.0,11.16,5.63,7.36,26.15
17,O,리얼티 인컴,5,60,14,44,59,1.0,10.0,11.16,14.53,6.91,24.34
17,PCAR.O,파카,5,60,14,44,59,1.0,10.0,11.16,36.22,12.07,27.58
17,CSCO.O,시스코 시스템즈,5,60,14,44,59,1.0,10.0,11.16,26.85,9.03,25.97
17,SYY,시스코,5,60,14,44,59,1.0,10.0,11.16,24.87,10.24,26.42
17,ELV,엘레반스 헬스,5,60,14,44,59,1.0,10.0,11.16,26.78,9.99,23.55
17,CCI,크라운 캐슬,5,60,14,44,59,1.0,10.0,11.16,-19.57,9.94,23.52
17,CVS,CVS 헬스,5,60,14,44,59,1.0,10.0,11.16,-4.81,8.17,24.34
17,ADM,아처 대니얼스 미들랜드,5,60,14,44,59,1.0,10.0,11.16,13.88,9.68,26.0
17,EMR,에머슨 일렉트릭,5,60,14,44,59,1.0,10.0,11.16,11.11,10.1,26.3
17,DLR,디지털 리얼티 트러스트,5,60,14,44,59,1.0,10.0,11.16,18.16,10.67,26.76
17,USB,U.S. 뱅코프,5,60,14,44,59,1.0,10.0,11.16,19.54,7.71,27.64
17,IP,인터내셔널 페이퍼,5,60,14,44,59,1.0,10.0,11.16,7.12,9.11,29.51
17,PNC,PNC 파이낸셜 서비스,5,60,14,44,59,1.0,10.0,11.16,22.15,11.04,28.0
17,BG,번지 글로벌,5,60,14,44,59,1.0,10.0,11.16,-3.05,9.43,28.74
17,CTSH.O,코그니전트 테크놀로지 솔루션,5,60,14,44,59,1.0,10.0,11.16,12.67,11.51,29.02
17,CAH,카디널 헬스,5,60,14,44,59,1.0,10.0,11.16,-0.55,11.6,26.49
17,SRE,셈프라 에너지,5,60,14,44,59,1.0,10.0,11.16,12.74,7.02,25.36
17,FIS,피델리티 내셔널 인포메이션 서비스,5,60,14,44,59,1.0,10.0,11.16,-7.58,11.44,26.94
17,BK,뱅크 오브 뉴욕 멜론,5,60,14,44,59,1.0,10.0,11.16,12.86,10.01,27.06
17,ALLE.K,얼리지언,5,60,14,44,59,1.0,10.0,11.16,18.77,12.44,25.98
17,GLW,코닝,5,60,14,44,59,1.0,10.0,11.16,23.41,10.54,29.51
17,CHRW.O,CH 로빈슨 월드와이드,5,60,14,44,59,1.0,10.0,11.16,10.05,6.47,25.11
17,ZBH,짐머 바이오멧 홀딩스,5,60,14,44,59,1.0,10.0,11.16,7.32,8.3,25.7
17,BFb,브라운-포맨 Class B,5,60,14,44,59,1.0,10.0,11.16,-32.48,10.12,22.73
17,AVB,아발론베이 커뮤니티,5,60,14,44,59,1.0,10.0,11.16,24.67,8.34,23.49
17,DIS,월트 디즈니,5,60,14,44,59,1.0,10.0,11.16,7.35,11.71,26.12
17,XOM,엑슨 모빌,5,60,14,44,59,1.0,10.0,11.16,-0.39,8.31,25.32
17,WELL.K,웰타워,5,60,14,44,59,1.0,10.0,11.16,43.36,11.1,29.09
17,L,로우스,5,60,14,29,54,1.0,10.0,11.07,0.0,8.36,23.5
17,GLW,코닝,5,60,14,29,54,1.0,10.0,11.07,5.41,10.54,29.51
17,ALLE.K,얼리지언,5,60,14,29,54,1.0,10.0,11.07,0.0,12.44,25.98
17,BK,뱅크 오브 뉴욕 멜론,5,60,14,29,54,1.0,10.0,11.07,17.29,10.01,27.06
17,FIS,피델리티 내셔널 인포메이션 서비스,5,60,14,29,54,1.0,10.0,11.07,0.0,11.44,26.94
17,SRE,셈프라 에너지,5,60,14,29,54,1.0,10.0,11.07,0.0,7.02,25.36
17,CAH,카디널 헬스,5,60,14,29,54,1.0,10.0,11.07,0.0,11.6,26.49
17,CTSH.O,코그니전트 테크놀로지 솔루션,5,60,14,29,54,1.0,10.0,11.07,0.0,11.51,29.02
17,PNC,PNC 파이낸셜 서비스,5,60,14,29,54,1.0,10.0,11.07,42.43,11.04,28.0
17,O,리얼티 인컴,5,60,14,29,54,1.0,10.0,11.07,0.0,6.91,24.34
17,IP,인터내셔널 페이퍼,5,60,14,29,54,1.0,10.0,11.07,0.0,9.11,29.51
17,USB,U.S. 뱅코프,5,60,14,29,54,1.0,10.0,11.07,0.0,7.71,27.64
17,DLR,디지털 리얼티 트러스트,5,60,14,29,54,1.0,10.0,11.07,0.0,10.67,26.76
17,EMR,에머슨 일렉트릭,5,60,14,29,54,1.0,10.0,11.07,17.11,10.1,26.3
17,ADM,아처 대니얼스 미들랜드,5,60,14,29,54,1.0,10.0,11.07,0.0,9.68,26.0
17,CVS,CVS 헬스,5,60,14,29,54,1.0,10.0,11.07,0.0,8.17,24.34
17,CCI,크라운 캐슬,5,60,14,29,54,1.0,10.0,11.07,0.0,9.94,23.52
17,ELV,엘레반스 헬스,5,60,14,29,54,1.0,10.0,11.07,0.0,9.99,23.55
17,SYY,시스코,5,60,14,29,54,1.0,10.0,11.07,0.0,10.24,26.42
17,CSCO.O,시스코 시스템즈,5,60,14,29,54,1.0,10.0,11.07,61.52,9.03,25.97
17,PCAR.O,파카,5,60,14,29,54,1.0,10.0,11.07,0.0,12.07,27.58
17,WELL.K,웰타워,5,60,14,29,54,1.0,10.0,11.07,0.0,11.1,29.09
17,WMT,월마트,5,60,14,29,54,1.0,10.0,11.07,0.41,7.36,26.15
17,CVX,셰브론,5,60,14,29,54,1.0,10.0,11.07,13.49,9.66,27.08
17,WFC,웰스파고,5,60,14,29,54,1.0,10.0,11.07,55.52,10.46,29.47
17,TGT,타겟,5,60,14,29,54,1.0,10.0,11.07,0.0,12.35,27.88
17,NWS.O,뉴스 코퍼레이션 Class B,5,60,14,29,54,1.0,10.0,11.07,0.0,10.14,29.04
17,FRT,페더럴 리얼티 인베스트먼트 트러스트,5,60,14,29,54,1.0,10.0,11.07,47.42,5.9,26.44
17,BFb,브라운-포맨 Class B,5,60,14,29,54,1.0,10.0,11.07,0.0,10.12,22.73
17,LH,랩코프 홀딩스,5,60,14,29,54,1.0,10.0,11.07,0.0,10.79,24.67
17,JNPR.K,주니퍼 네트웍스,5,60,14,29,54,1.0,10.0,11.07,0.0,9.01,29.2
17,XOM,엑슨 모빌,5,60,14,29,54,1.0,10.0,11.07,143.62,8.31,25.32
17,REG.O,리젠시 센터스,5,60,14,29,54,1.0,10.0,11.07,64.87,8.42,28.16
17,HSIC.O,헨리 셰인,5,60,14,29,54,1.0,10.0,11.07,0.0,11.27,24.11
17,NTRS.O,노던 트러스트,5,60,14,29,54,1.0,10.0,11.07,66.52,8.14,28.01
17,BIO,바이오래드 래보라토리스 Class A,5,60,14,29,54,1.0,10.0,11.07,0.0,12.56,27.81
17,MAA,미드아메리카 아파트 커뮤니티,5,60,14,29,54,1.0,10.0,11.07,0.0,10.19,23.18
17,TAP,몰슨 쿠어스 베버리지 Class B,5,60,14,29,54,1.0,10.0,11.07,-6.98,4.6,26.42
17,ARE,알렉산드리아 리얼에스테이트 이쿼티,5,60,14,29,54,1.0,10.0,11.07,0.0,7.46,24.61
17,NWSA.O,뉴스 코퍼레이션 Class A,5,60,14,29,54,1.0,10.0,11.07,0.0,9.73,29.18
17,UDR,UDR,5,60,14,29,54,1.0,10.0,11.07,0.0,8.49,24.53
17,CPT,캠든 프로퍼티 트러스트,5,60,14,29,54,1.0,10.0,11.07,0.0,10.16,23.47
17,AVB,아발론베이 커뮤니티,5,60,14,29,54,1.0,10.0,11.07,0.0,8.34,23.49
17,IFF,인터내셔널 플레이버스 & 프레그런스,5,60,14,29,54,1.0,10.0,11.07,0.0,9.43,26.72
17,INVH.K,인비테이션 홈스,5,60,14,29,54,1.0,10.0,11.07,0.0,12.05,26.33
17,DGX,퀘스트 다이아그노스틱스,5,60,14,29,54,1.0,10.0,11.07,0.0,10.34,22.98
17,ESS,에섹스 프로퍼티 트러스트,5,60,14,29,54,1.0,10.0,11.07,0.0,10.3,24.08
17,TROW.O,티 로웨 프라이스 그룹,5,60,14,29,54,1.0,10.0,11.07,0.0,11.05,28.51
17,GRMN.K,가민,5,60,14,29,54,1.0,10.0,11.07,0.0,10.97,26.62
17,EQR,에퀴티 레지덴셜,5,60,14,29,54,1.0,10.0,11.07,0.0,7.53,23.91
17,EIX,에디슨 인터내셔널,5,60,14,29,54,1.0,10.0,11.07,0.0,8.76,23.93
17,OMC,옴니콤 그룹,5,60,14,29,54,1.0,10.0,11.07,96.46,10.38,24.93
17,CNP,센터포인트 에너지,5,60,14,29,54,1.0,10.0,11.07,0.0,9.04,24.5
17,BG,번지 글로벌,5,60,14,29,54,1.0,10.0,11.07,0.0,9.43,28.74
17,ZBH,짐머 바이오멧 홀딩스,5,60,14,29,54,1.0,10.0,11.07,0.0,8.3,25.7
17,CHRW.O,CH 로빈슨 월드와이드,5,60,14,29,54,1.0,10.0,11.07,6.0,6.47,25.11
17,DIS,월트 디즈니,5,60,14,29,54,1.0,10.0,11.07,0.0,11.71,26.12
17,ZBH,짐머 바이오멧 홀딩스,5,120,14,44,59,1.0,10.0,11.0,-3.84,8.3,25.7
17,GLW,코닝,5,120,14,44,59,1.0,10.0,11.0,32.37,10.54,29.51
17,ALLE.K,얼리지언,5,120,14,44,59,1.0,10.0,11.0,0.0,12.44,25.98
17,BK,뱅크 오브 뉴욕 멜론,5,120,14,44,59,1.0,10.0,11.0,15.1,10.01,27.06
17,FIS,피델리티 내셔널 인포메이션 서비스,5,120,14,44,59,1.0,10.0,11.0,-3.03,11.44,26.94
17,SRE,셈프라 에너지,5,120,14,44,59,1.0,10.0,11.0,10.22,7.02,25.36
17,CAH,카디널 헬스,5,120,14,44,59,1.0,10.0,11.0,0.83,11.6,26.49
17,CTSH.O,코그니전트 테크놀로지 솔루션,5,120,14,44,59,1.0,10.0,11.0,20.89,11.51,29.02
17,PNC,PNC 파이낸셜 서비스,5,120,14,44,59,1.0,10.0,11.0,17.66,11.04,28.0
17,O,리얼티 인컴,5,120,14,44,59,1.0,10.0,11.0,3.77,6.91,24.34
17,IP,인터내셔널 페이퍼,5,120,14,44,59,1.0,10.0,11.0,12.49,9.11,29.51
17,USB,U.S. 뱅코프,5,120,14,44,59,1.0,10.0,11.0,12.49,7.71,27.64
17,DLR,디지털 리얼티 트러스트,5,120,14,44,59,1.0,10.0,11.0,34.17,10.67,26.76
17,EMR,에머슨 일렉트릭,5,120,14,44,59,1.0,10.0,11.0,16.52,10.1,26.3
17,ADM,아처 대니얼스 미들랜드,5,120,14,44,59,1.0,10.0,11.0,10.9,9.68,26.0
17,CVS,CVS 헬스,5,120,14,44,59,1.0,10.0,11.0,-6.28,8.17,24.34
17,CCI,크라운 캐슬,5,120,14,44,59,1.0,10.0,11.0,-25.76,9.94,23.52
17,ELV,엘레반스 헬스,5,120,14,44,59,1.0,10.0,11.0,26.78,9.99,23.55
17,SYY,시스코,5,120,14,44,59,1.0,10.0,11.0,27.81,10.24,26.42
17,CSCO.O,시스코 시스템즈,5,120,14,44,59,1.0,10.0,11.0,27.4,9.03,25.97
17,PCAR.O,파카,5,120,14,44,59,1.0,10.0,11.0,31.55,12.07,27.58
17,WELL.K,웰타워,5,120,14,44,59,1.0,10.0,11.0,48.82,11.1,29.09
17,WMT,월마트,5,120,14,44,59,1.0,10.0,11.0,3.4,7.36,26.15
17,CVX,셰브론,5,120,14,44,59,1.0,10.0,11.0,5.62,9.66,27.08
17,WFC,웰스파고,5,120,14,44,59,1.0,10.0,11.0,8.08,10.46,29.47
17,TGT,타겟,5,120,14,44,59,1.0,10.0,11.0,11.06,12.35,27.88
17,CHRW.O,CH 로빈슨 월드와이드,5,120,14,44,59,1.0,10.0,11.0,17.48,6.47,25.11
17,BFb,브라운-포맨 Class B,5,120,14,44,59,1.0,10.0,11.0,-32.6,10.12,22.73
17,XOM,엑슨 모빌,5,120,14,44,59,1.0,10.0,11.0,1.16,8.31,25.32
17,AVB,아발론베이 커뮤니티,5,120,14,44,59,1.0,10.0,11.0,21.77,8.34,23.49
17,FRT,페더럴 리얼티 인베스트먼트 트러스트,5,120,14,44,59,1.0,10.0,11.0,-2.49,5.9,26.44
17,L,로우스,5,120,14,44,59,1.0,10.0,11.0,12.15,8.36,23.5
17,JNPR.K,주니퍼 네트웍스,5,120,14,44,59,1.0,10.0,11.0,1.89,9.01,29.2
17,REG.O,리젠시 센터스,5,120,14,44,59,1.0,10.0,11.0,-1.42,8.42,28.16
17,HSIC.O,헨리 셰인,5,120,14,44,59,1.0,10.0,11.0,-1.74,11.27,24.11
17,NTRS.O,노던 트러스트,5,120,14,44,59,1.0,10.0,11.0,7.81,8.14,28.01
17,BIO,바이오래드 래보라토리스 Class A,5,120,14,44,59,1.0,10.0,11.0,-31.44,12.56,27.81
17,MAA,미드아메리카 아파트 커뮤니티,5,120,14,44,59,1.0,10.0,11.0,13.27,10.19,23.18
17,TAP,몰슨 쿠어스 베버리지 Class B,5,120,14,44,59,1.0,10.0,11.0,-2.75,4.6,26.42
17,ARE,알렉산드리아 리얼에스테이트 이쿼티,5,120,14,44,59,1.0,10.0,11.0,-3.29,7.46,24.61
17,NWSA.O,뉴스 코퍼레이션 Class A,5,120,14,44,59,1.0,10.0,11.0,11.85,9.73,29.18
17,UDR,UDR,5,120,14,44,59,1.0,10.0,11.0,10.24,8.49,24.53
17,LH,랩코프 홀딩스,5,120,14,44,59,1.0,10.0,11.0,8.18,10.79,24.67
17,CPT,캠든 프로퍼티 트러스트,5,120,14,44,59,1.0,10.0,11.0,-3.46,10.16,23.47
17,IFF,인터내셔널 플레이버스 & 프레그런스,5,120,14,44,59,1.0,10.0,11.0,0.25,9.43,26.72
17,INVH.K,인비테이션 홈스,5,120,14,44,59,1.0,10.0,11.0,0.0,12.05,26.33
17,DGX,퀘스트 다이아그노스틱스,5,120,14,44,59,1.0,10.0,11.0,18.45,10.34,22.98
17,ESS,에섹스 프로퍼티 트러스트,5,120,14,44,59,1.0,10.0,11.0,23.41,10.3,24.08
17,TROW.O,티 로웨 프라이스 그룹,5,120,14,44,59,1.0,10.0,11.0,-0.24,11.05,28.51
17,GRMN.K,가민,5,120,14,44,59,1.0,10.0,11.0,135.93,10.97,26.62
17,EQR,에퀴티 레지덴셜,5,120,14,44,59,1.0,10.0,11.0,23.02,7.53,23.91
17,EIX,에디슨 인터내셔널,5,120,14,44,59,1.0,10.0,11.0,10.71,8.76,23.93
17,OMC,옴니콤 그룹,5,120,14,44,59,1.0,10.0,11.0,10.78,10.38,24.93
17,CNP,센터포인트 에너지,5,120,14,44,59,1.0,10.0,11.0,38.52,9.04,24.5
17,BG,번지 글로벌,5,120,14,44,59,1.0,10.0,11.0,1.03,9.43,28.74
17,DIS,월트 디즈니,5,120,14,44,59,1.0,10.0,11.0,-11.3,11.71,26.12
17,NWS.O,뉴스 코퍼레이션 Class B,5,120,14,44,59,1.0,10.0,11.0,10.89,10.14,29.04
17,DIS,월트 디즈니,5,60,14,44,64,1.0,10.0,10.82,9.01,11.71,26.12
17,ZBH,짐머 바이오멧 홀딩스,5,60,14,44,64,1.0,10.0,10.82,10.03,8.3,25.7
17,GLW,코닝,5,60,14,44,64,1.0,10.0,10.82,25.81,10.54,29.51
17,ALLE.K,얼리지언,5,60,14,44,64,1.0,10.0,10.82,8.27,12.44,25.98
17,BK,뱅크 오브 뉴욕 멜론,5,60,14,44,64,1.0,10.0,10.82,16.03,10.01,27.06
17,FIS,피델리티 내셔널 인포메이션 서비스,5,60,14,44,64,1.0,10.0,10.82,-4.29,11.44,26.94
17,SRE,셈프라 에너지,5,60,14,44,64,1.0,10.0,10.82,11.72,7.02,25.36
17,CAH,카디널 헬스,5,60,14,44,64,1.0,10.0,10.82,-0.55,11.6,26.49
17,CTSH.O,코그니전트 테크놀로지 솔루션,5,60,14,44,64,1.0,10.0,10.82,9.46,11.51,29.02
17,PNC,PNC 파이낸셜 서비스,5,60,14,44,64,1.0,10.0,10.82,27.38,11.04,28.0
17,O,리얼티 인컴,5,60,14,44,64,1.0,10.0,10.82,6.65,6.91,24.34
17,IP,인터내셔널 페이퍼,5,60,14,44,64,1.0,10.0,10.82,11.33,9.11,29.51
17,USB,U.S. 뱅코프,5,60,14,44,64,1.0,10.0,10.82,8.27,7.71,27.64
17,DLR,디지털 리얼티 트러스트,5,60,14,44,64,1.0,10.0,10.82,17.29,10.67,26.76
17,EMR,에머슨 일렉트릭,5,60,14,44,64,1.0,10.0,10.82,12.34,10.1,26.3
17,ADM,아처 대니얼스 미들랜드,5,60,14,44,64,1.0,10.0,10.82,17.27,9.68,26.0
17,CVS,CVS 헬스,5,60,14,44,64,1.0,10.0,10.82,-2.64,8.17,24.34
17,CCI,크라운 캐슬,5,60,14,44,64,1.0,10.0,10.82,-19.57,9.94,23.52
17,ELV,엘레반스 헬스,5,60,14,44,64,1.0,10.0,10.82,27.52,9.99,23.55
17,SYY,시스코,5,60,14,44,64,1.0,10.0,10.82,10.25,10.24,26.42
17,CSCO.O,시스코 시스템즈,5,60,14,44,64,1.0,10.0,10.82,17.64,9.03,25.97
17,PCAR.O,파카,5,60,14,44,64,1.0,10.0,10.82,35.43,12.07,27.58
17,WELL.K,웰타워,5,60,14,44,64,1.0,10.0,10.82,39.8,11.1,29.09
17,WMT,월마트,5,60,14,44,64,1.0,10.0,10.82,6.96,7.36,26.15
17,CVX,셰브론,5,60,14,44,64,1.0,10.0,10.82,10.78,9.66,27.08
17,WFC,웰스파고,5,60,14,44,64,1.0,10.0,10.82,12.25,10.46,29.47
17,TGT,타겟,5,60,14,44,64,1.0,10.0,10.82,12.45,12.35,27.88
17,CHRW.O,CH 로빈슨 월드와이드,5,60,14,44,64,1.0,10.0,10.82,13.42,6.47,25.11
17,BFb,브라운-포맨 Class B,5,60,14,44,64,1.0,10.0,10.82,-32.48,10.12,22.73
17,LH,랩코프 홀딩스,5,60,14,44,64,1.0,10.0,10.82,21.29,10.79,24.67
17,UDR,UDR,5,60,14,44,64,1.0,10.0,10.82,14.34,8.49,24.53
17,NWS.O,뉴스 코퍼레이션 Class B,5,60,14,44,64,1.0,10.0,10.82,13.89,10.14,29.04
17,FRT,페더럴 리얼티 인베스트먼트 트러스트,5,60,14,44,64,1.0,10.0,10.82,0.74,5.9,26.44
17,L,로우스,5,60,14,44,64,1.0,10.0,10.82,19.94,8.36,23.5
17,JNPR.K,주니퍼 네트웍스,5,60,14,44,64,1.0,10.0,10.82,17.71,9.01,29.2
17,REG.O,리젠시 센터스,5,60,14,44,64,1.0,10.0,10.82,6.82,8.42,28.16
17,HSIC.O,헨리 셰인,5,60,14,44,64,1.0,10.0,10.82,6.59,11.27,24.11
17,NTRS.O,노던 트러스트,5,60,14,44,64,1.0,10.0,10.82,14.21,8.14,28.01
17,BIO,바이오래드 래보라토리스 Class A,5,60,14,44,64,1.0,10.0,10.82,-12.74,12.56,27.81
17,MAA,미드아메리카 아파트 커뮤니티,5,60,14,44,64,1.0,10.0,10.82,4.72,10.19,23.18
17,TAP,몰슨 쿠어스 베버리지 Class B,5,60,14,44,64,1.0,10.0,10.82,-0.36,4.6,26.42
17,ARE,알렉산드리아 리얼에스테이트 이쿼티,5,60,14,44,64,1.0,10.0,10.82,-2.7,7.46,24.61
17,NWSA.O,뉴스 코퍼레이션 Class A,5,60,14,44,64,1.0,10.0,10.82,12.81,9.73,29.18
17,XOM,엑슨 모빌,5,60,14,44,64,1.0,10.0,10.82,-2.12,8.31,25.32
17,AVB,아발론베이 커뮤니티,5,60,14,44,64,1.0,10.0,10.82,24.59,8.34,23.49
17,CPT,캠든 프로퍼티 트러스트,5,60,14,44,64,1.0,10.0,10.82,13.31,10.16,23.47
17,IFF,인터내셔널 플레이버스 & 프레그런스,5,60,14,44,64,1.0,10.0,10.82,-6.17,9.43,26.72
17,INVH.K,인비테이션 홈스,5,60,14,44,64,1.0,10.0,10.82,21.01,12.05,26.33
17,DGX,퀘스트 다이아그노스틱스,5,60,14,44,64,1.0,10.0,10.82,26.61,10.34,22.98
17,ESS,에섹스 프로퍼티 트러스트,5,60,14,44,64,1.0,10.0,10.82,7.87,10.3,24.08
17,TROW.O,티 로웨 프라이스 그룹,5,60,14,44,64,1.0,10.0,10.82,9.31,11.05,28.51
17,GRMN.K,가민,5,60,14,44,64,1.0,10.0,10.82,34.76,10.97,26.62
17,EQR,에퀴티 레지덴셜,5,60,14,44,64,1.0,10.0,10.82,17.18,7.53,23.91
17,EIX,에디슨 인터내셔널,5,60,14,44,64,1.0,10.0,10.82,1.56,8.76,23.93
17,OMC,옴니콤 그룹,5,60,14,44,64,1.0,10.0,10.82,8.44,10.38,24.93
17,CNP,센터포인트 에너지,5,60,14,44,64,1.0,10.0,10.82,25.05,9.04,24.5
17,BG,번지 글로벌,5,60,14,44,64,1.0,10.0,10.82,0.37,9.43,28.74
17,NWS.O,뉴스 코퍼레이션 Class B,5,120,14,34,69,1.0,10.0,10.75,9.35,10.14,29.04
17,FRT,페더럴 리얼티 인베스트먼트 트러스트,5,120,14,34,69,1.0,10.0,10.75,5.77,5.9,26.44
17,ALLE.K,얼리지언,5,120,14,34,69,1.0,10.0,10.75,0.0,12.44,25.98
17,CCI,크라운 캐슬,5,120,14,34,69,1.0,10.0,10.75,-10.42,9.94,23.52
17,SRE,셈프라 에너지,5,120,14,34,69,1.0,10.0,10.75,0.0,7.02,25.36
17,CAH,카디널 헬스,5,120,14,34,69,1.0,10.0,10.75,0.0,11.6,26.49
17,CTSH.O,코그니전트 테크놀로지 솔루션,5,120,14,34,69,1.0,10.0,10.75,0.0,11.51,29.02
17,PNC,PNC 파이낸셜 서비스,5,120,14,34,69,1.0,10.0,10.75,19.01,11.04,28.0
17,O,리얼티 인컴,5,120,14,34,69,1.0,10.0,10.75,0.0,6.91,24.34
17,IP,인터내셔널 페이퍼,5,120,14,34,69,1.0,10.0,10.75,0.0,9.11,29.51
17,USB,U.S. 뱅코프,5,120,14,34,69,1.0,10.0,10.75,0.0,7.71,27.64
17,DLR,디지털 리얼티 트러스트,5,120,14,34,69,1.0,10.0,10.75,27.55,10.67,26.76
17,EMR,에머슨 일렉트릭,5,120,14,34,69,1.0,10.0,10.75,0.0,10.1,26.3
17,ADM,아처 대니얼스 미들랜드,5,120,14,34,69,1.0,10.0,10.75,0.0,9.68,26.0
17,CVS,CVS 헬스,5,120,14,34,69,1.0,10.0,10.75,0.0,8.17,24.34
17,ELV,엘레반스 헬스,5,120,14,34,69,1.0,10.0,10.75,0.0,9.99,23.55
17,L,로우스,5,120,14,34,69,1.0,10.0,10.75,0.0,8.36,23.5
17,SYY,시스코,5,120,14,34,69,1.0,10.0,10.75,0.0,10.24,26.42
17,CSCO.O,시스코 시스템즈,5,120,14,34,69,1.0,10.0,10.75,19.4,9.03,25.97
17,PCAR.O,파카,5,120,14,34,69,1.0,10.0,10.75,0.0,12.07,27.58
17,WELL.K,웰타워,5,120,14,34,69,1.0,10.0,10.75,0.0,11.1,29.09
17,WMT,월마트,5,120,14,34,69,1.0,10.0,10.75,6.07,7.36,26.15
17,CVX,셰브론,5,120,14,34,69,1.0,10.0,10.75,45.47,9.66,27.08
17,WFC,웰스파고,5,120,14,34,69,1.0,10.0,10.75,25.15,10.46,29.47
17,TGT,타겟,5,120,14,34,69,1.0,10.0,10.75,0.0,12.35,27.88
17,DIS,월트 디즈니,5,120,14,34,69,1.0,10.0,10.75,0.0,11.71,26.12
17,JNPR.K,주니퍼 네트웍스,5,120,14,34,69,1.0,10.0,10.75,26.93,9.01,29.2
17,XOM,엑슨 모빌,5,120,14,34,69,1.0,10.0,10.75,0.71,8.31,25.32
17,FIS,피델리티 내셔널 인포메이션 서비스,5,120,14,34,69,1.0,10.0,10.75,27.57,11.44,26.94
17,BK,뱅크 오브 뉴욕 멜론,5,120,14,34,69,1.0,10.0,10.75,0.0,10.01,27.06
17,GLW,코닝,5,120,14,34,69,1.0,10.0,10.75,0.0,10.54,29.51
17,CHRW.O,CH 로빈슨 월드와이드,5,120,14,34,69,1.0,10.0,10.75,0.0,6.47,25.11
17,NTRS.O,노던 트러스트,5,120,14,34,69,1.0,10.0,10.75,29.41,8.14,28.01
17,BIO,바이오래드 래보라토리스 Class A,5,120,14,34,69,1.0,10.0,10.75,0.0,12.56,27.81
17,MAA,미드아메리카 아파트 커뮤니티,5,120,14,34,69,1.0,10.0,10.75,0.0,10.19,23.18
17,TAP,몰슨 쿠어스 베버리지 Class B,5,120,14,34,69,1.0,10.0,10.75,-3.98,4.6,26.42
17,ARE,알렉산드리아 리얼에스테이트 이쿼티,5,120,14,34,69,1.0,10.0,10.75,0.0,7.46,24.61
17,NWSA.O,뉴스 코퍼레이션 Class A,5,120,14,34,69,1.0,10.0,10.75,10.05,9.73,29.18
17,UDR,UDR,5,120,14,34,69,1.0,10.0,10.75,55.45,8.49,24.53
17,LH,랩코프 홀딩스,5,120,14,34,69,1.0,10.0,10.75,0.0,10.79,24.67
17,CPT,캠든 프로퍼티 트러스트,5,120,14,34,69,1.0,10.0,10.75,0.0,10.16,23.47
17,IFF,인터내셔널 플레이버스 & 프레그런스,5,120,14,34,69,1.0,10.0,10.75,48.42,9.43,26.72
17,INVH.K,인비테이션 홈스,5,120,14,34,69,1.0,10.0,10.75,0.0,12.05,26.33
17,DGX,퀘스트 다이아그노스틱스,5,120,14,34,69,1.0,10.0,10.75,0.0,10.34,22.98
17,ESS,에섹스 프로퍼티 트러스트,5,120,14,34,69,1.0,10.0,10.75,0.0,10.3,24.08
17,TROW.O,티 로웨 프라이스 그룹,5,120,14,34,69,1.0,10.0,10.75,0.0,11.05,28.51
17,GRMN.K,가민,5,120,14,34,69,1.0,10.0,10.75,0.0,10.97,26.62
17,EQR,에퀴티 레지덴셜,5,120,14,34,69,1.0,10.0,10.75,4.26,7.53,23.91
17,EIX,에디슨 인터내셔널,5,120,14,34,69,1.0,10.0,10.75,0.0,8.76,23.93
17,OMC,옴니콤 그룹,5,120,14,34,69,1.0,10.0,10.75,13.18,10.38,24.93
17,CNP,센터포인트 에너지,5,120,14,34,69,1.0,10.0,10.75,40.96,9.04,24.5
17,BG,번지 글로벌,5,120,14,34,69,1.0,10.0,10.75,163.6,9.43,28.74
17,AVB,아발론베이 커뮤니티,5,120,14,34,69,1.0,10.0,10.75,40.25,8.34,23.49
17,BFb,브라운-포맨 Class B,5,120,14,34,69,1.0,10.0,10.75,0.0,10.12,22.73
17,ZBH,짐머 바이오멧 홀딩스,5,120,14,34,69,1.0,10.0,10.75,0.0,8.3,25.7
17,REG.O,리젠시 센터스,5,120,14,34,69,1.0,10.0,10.75,8.62,8.42,28.16
17,HSIC.O,헨리 셰인,5,120,14,34,69,1.0,10.0,10.75,0.0,11.27,24.11
17,L,로우스,5,120,14,29,59,1.0,10.0,10.67,0.0,8.36,23.5
17,BFb,브라운-포맨 Class B,5,120,14,29,59,1.0,10.0,10.67,0.0,10.12,22.73
17,BG,번지 글로벌,5,120,14,29,59,1.0,10.0,10.67,0.0,9.43,28.74
17,CNP,센터포인트 에너지,5,120,14,29,59,1.0,10.0,10.67,0.0,9.04,24.5
17,OMC,옴니콤 그룹,5,120,14,29,59,1.0,10.0,10.67,117.92,10.38,24.93
17,EIX,에디슨 인터내셔널,5,120,14,29,59,1.0,10.0,10.67,0.0,8.76,23.93
17,EQR,에퀴티 레지덴셜,5,120,14,29,59,1.0,10.0,10.67,0.0,7.53,23.91
17,GRMN.K,가민,5,120,14,29,59,1.0,10.0,10.67,0.0,10.97,26.62
17,TROW.O,티 로웨 프라이스 그룹,5,120,14,29,59,1.0,10.0,10.67,0.0,11.05,28.51
17,ESS,에섹스 프로퍼티 트러스트,5,120,14,29,59,1.0,10.0,10.67,0.0,10.3,24.08
17,DGX,퀘스트 다이아그노스틱스,5,120,14,29,59,1.0,10.0,10.67,0.0,10.34,22.98
17,INVH.K,인비테이션 홈스,5,120,14,29,59,1.0,10.0,10.67,0.0,12.05,26.33
17,IFF,인터내셔널 플레이버스 & 프레그런스,5,120,14,29,59,1.0,10.0,10.67,0.0,9.43,26.72
17,CPT,캠든 프로퍼티 트러스트,5,120,14,29,59,1.0,10.0,10.67,0.0,10.16,23.47
17,LH,랩코프 홀딩스,5,120,14,29,59,1.0,10.0,10.67,0.0,10.79,24.67
17,UDR,UDR,5,120,14,29,59,1.0,10.0,10.67,0.0,8.49,24.53
17,NWSA.O,뉴스 코퍼레이션 Class A,5,120,14,29,59,1.0,10.0,10.67,0.0,9.73,29.18
17,ARE,알렉산드리아 리얼에스테이트 이쿼티,5,120,14,29,59,1.0,10.0,10.67,0.0,7.46,24.61
17,TAP,몰슨 쿠어스 베버리지 Class B,5,120,14,29,59,1.0,10.0,10.67,0.0,4.6,26.42
17,MAA,미드아메리카 아파트 커뮤니티,5,120,14,29,59,1.0,10.0,10.67,0.0,10.19,23.18
17,BIO,바이오래드 래보라토리스 Class A,5,120,14,29,59,1.0,10.0,10.67,0.0,12.56,27.81
17,NTRS.O,노던 트러스트,5,120,14,29,59,1.0,10.0,10.67,0.0,8.14,28.01
17,HSIC.O,헨리 셰인,5,120,14,29,59,1.0,10.0,10.67,0.0,11.27,24.11
17,REG.O,리젠시 센터스,5,120,14,29,59,1.0,10.0,10.67,100.24,8.42,28.16
17,JNPR.K,주니퍼 네트웍스,5,120,14,29,59,1.0,10.0,10.67,0.0,9.01,29.2
17,FRT,페더럴 리얼티 인베스트먼트 트러스트,5,120,14,29,59,1.0,10.0,10.67,45.09,5.9,26.44
17,NWS.O,뉴스 코퍼레이션 Class B,5,120,14,29,59,1.0,10.0,10.67,0.0,10.14,29.04
17,DIS,월트 디즈니,5,120,14,29,59,1.0,10.0,10.67,0.0,11.71,26.12
17,XOM,엑슨 모빌,5,120,14,29,59,1.0,10.0,10.67,71.66,8.31,25.32
17,AVB,아발론베이 커뮤니티,5,120,14,29,59,1.0,10.0,10.67,0.0,8.34,23.49
17,CHRW.O,CH 로빈슨 월드와이드,5,120,14,29,59,1.0,10.0,10.67,0.0,6.47,25.11
17,ZBH,짐머 바이오멧 홀딩스,5,120,14,29,59,1.0,10.0,10.67,0.0,8.3,25.7
17,EMR,에머슨 일렉트릭,5,120,14,29,59,1.0,10.0,10.67,0.0,10.1,26.3
17,TGT,타겟,5,120,14,29,59,1.0,10.0,10.67,0.0,12.35,27.88
17,CVX,셰브론,5,120,14,29,59,1.0,10.0,10.67,0.0,9.66,27.08
17,WMT,월마트,5,120,14,29,59,1.0,10.0,10.67,3.4,7.36,26.15
17,WELL.K,웰타워,5,120,14,29,59,1.0,10.0,10.67,0.0,11.1,29.09
17,PCAR.O,파카,5,120,14,29,59,1.0,10.0,10.67,0.0,12.07,27.58
17,CSCO.O,시스코 시스템즈,5,120,14,29,59,1.0,10.0,10.67,25.58,9.03,25.97
17,SYY,시스코,5,120,14,29,59,1.0,10.0,10.67,0.0,10.24,26.42
17,ELV,엘레반스 헬스,5,120,14,29,59,1.0,10.0,10.67,0.0,9.99,23.55
17,CCI,크라운 캐슬,5,120,14,29,59,1.0,10.0,10.67,0.0,9.94,23.52
17,CVS,CVS 헬스,5,120,14,29,59,1.0,10.0,10.67,0.0,8.17,24.34
17,ADM,아처 대니얼스 미들랜드,5,120,14,29,59,1.0,10.0,10.67,0.0,9.68,26.0
17,WFC,웰스파고,5,120,14,29,59,1.0,10.0,10.67,204.27,10.46,29.47
17,DLR,디지털 리얼티 트러스트,5,120,14,29,59,1.0,10.0,10.67,0.0,10.67,26.76
17,CAH,카디널 헬스,5,120,14,29,59,1.0,10.0,10.67,0.0,11.6,26.49
17,GLW,코닝,5,120,14,29,59,1.0,10.0,10.67,0.0,10.54,29.51
17,ALLE.K,얼리지언,5,120,14,29,59,1.0,10.0,10.67,0.0,12.44,25.98
17,BK,뱅크 오브 뉴욕 멜론,5,120,14,29,59,1.0,10.0,10.67,0.0,10.01,27.06
17,SRE,셈프라 에너지,5,120,14,29,59,1.0,10.0,10.67,0.0,7.02,25.36
17,FIS,피델리티 내셔널 인포메이션 서비스,5,120,14,29,59,1.0,10.0,10.67,0.0,11.44,26.94
17,CTSH.O,코그니전트 테크놀로지 솔루션,5,120,14,29,59,1.0,10.0,10.67,0.0,11.51,29.02
17,PNC,PNC 파이낸셜 서비스,5,120,14,29,59,1.0,10.0,10.67,39.87,11.04,28.0
17,O,리얼티 인컴,5,120,14,29,59,1.0,10.0,10.67,0.0,6.91,24.34
17,IP,인터내셔널 페이퍼,5,120,14,29,59,1.0,10.0,10.67,0.0,9.11,29.51
17,USB,U.S. 뱅코프,5,120,14,29,59,1.0,10.0,10.67,0.0,7.71,27.64
17,GRMN.K,가민,5,120,14,44,64,1.0,10.0,10.6,82.54,10.97,26.62
17,INVH.K,인비테이션 홈스,5,120,14,44,64,1.0,10.0,10.6,0.0,12.05,26.33
17,DGX,퀘스트 다이아그노스틱스,5,120,14,44,64,1.0,10.0,10.6,24.97,10.34,22.98
17,ESS,에섹스 프로퍼티 트러스트,5,120,14,44,64,1.0,10.0,10.6,27.43,10.3,24.08
17,TROW.O,티 로웨 프라이스 그룹,5,120,14,44,64,1.0,10.0,10.6,2.46,11.05,28.51
17,BG,번지 글로벌,5,120,14,44,64,1.0,10.0,10.6,4.86,9.43,28.74
17,EQR,에퀴티 레지덴셜,5,120,14,44,64,1.0,10.0,10.6,24.37,7.53,23.91
17,EIX,에디슨 인터내셔널,5,120,14,44,64,1.0,10.0,10.6,2.23,8.76,23.93
17,OMC,옴니콤 그룹,5,120,14,44,64,1.0,10.0,10.6,7.77,10.38,24.93
17,CNP,센터포인트 에너지,5,120,14,44,64,1.0,10.0,10.6,34.09,9.04,24.5
17,CPT,캠든 프로퍼티 트러스트,5,120,14,44,64,1.0,10.0,10.6,-3.46,10.16,23.47
17,AVB,아발론베이 커뮤니티,5,120,14,44,64,1.0,10.0,10.6,24.37,8.34,23.49
17,IFF,인터내셔널 플레이버스 & 프레그런스,5,120,14,44,64,1.0,10.0,10.6,-7.49,9.43,26.72
17,MAA,미드아메리카 아파트 커뮤니티,5,120,14,44,64,1.0,10.0,10.6,13.69,10.19,23.18
17,LH,랩코프 홀딩스,5,120,14,44,64,1.0,10.0,10.6,18.0,10.79,24.67
17,UDR,UDR,5,120,14,44,64,1.0,10.0,10.6,12.43,8.49,24.53
17,NWSA.O,뉴스 코퍼레이션 Class A,5,120,14,44,64,1.0,10.0,10.6,14.03,9.73,29.18
17,ARE,알렉산드리아 리얼에스테이트 이쿼티,5,120,14,44,64,1.0,10.0,10.6,-0.54,7.46,24.61
17,TAP,몰슨 쿠어스 베버리지 Class B,5,120,14,44,64,1.0,10.0,10.6,-1.02,4.6,26.42
17,BIO,바이오래드 래보라토리스 Class A,5,120,14,44,64,1.0,10.0,10.6,-31.44,12.56,27.81
17,NTRS.O,노던 트러스트,5,120,14,44,64,1.0,10.0,10.6,11.48,8.14,28.01
17,HSIC.O,헨리 셰인,5,120,14,44,64,1.0,10.0,10.6,4.28,11.27,24.11
17,REG.O,리젠시 센터스,5,120,14,44,64,1.0,10.0,10.6,0.52,8.42,28.16
17,JNPR.K,주니퍼 네트웍스,5,120,14,44,64,1.0,10.0,10.6,6.08,9.01,29.2
17,BFb,브라운-포맨 Class B,5,120,14,44,64,1.0,10.0,10.6,-32.6,10.12,22.73
17,L,로우스,5,120,14,44,64,1.0,10.0,10.6,16.59,8.36,23.5
17,XOM,엑슨 모빌,5,120,14,44,64,1.0,10.0,10.6,-1.3,8.31,25.32
17,IP,인터내셔널 페이퍼,5,120,14,44,64,1.0,10.0,10.6,14.98,9.11,29.51
17,ZBH,짐머 바이오멧 홀딩스,5,120,14,44,64,1.0,10.0,10.6,-3.84,8.3,25.7
17,CHRW.O,CH 로빈슨 월드와이드,5,120,14,44,64,1.0,10.0,10.6,20.57,6.47,25.11
17,DIS,월트 디즈니,5,120,14,44,64,1.0,10.0,10.6,-11.3,11.71,26.12
17,NWS.O,뉴스 코퍼레이션 Class B,5,120,14,44,64,1.0,10.0,10.6,14.52,10.14,29.04
17,WMT,월마트,5,120,14,44,64,1.0,10.0,10.6,3.4,7.36,26.15
17,WELL.K,웰타워,5,120,14,44,64,1.0,10.0,10.6,41.53,11.1,29.09
17,PCAR.O,파카,5,120,14,44,64,1.0,10.0,10.6,32.06,12.07,27.58
17,CSCO.O,시스코 시스템즈,5,120,14,44,64,1.0,10.0,10.6,13.57,9.03,25.97
17,SYY,시스코,5,120,14,44,64,1.0,10.0,10.6,9.45,10.24,26.42
17,ELV,엘레반스 헬스,5,120,14,44,64,1.0,10.0,10.6,27.52,9.99,23.55
17,CCI,크라운 캐슬,5,120,14,44,64,1.0,10.0,10.6,-25.76,9.94,23.52
17,CVS,CVS 헬스,5,120,14,44,64,1.0,10.0,10.6,-3.97,8.17,24.34
17,ADM,아처 대니얼스 미들랜드,5,120,14,44,64,1.0,10.0,10.6,14.77,9.68,26.0
17,EMR,에머슨 일렉트릭,5,120,14,44,64,1.0,10.0,10.6,16.56,10.1,26.3
17,DLR,디지털 리얼티 트러스트,5,120,14,44,64,1.0,10.0,10.6,25.68,10.67,26.76
17,USB,U.S. 뱅코프,5,120,14,44,64,1.0,10.0,10.6,16.38,7.71,27.64
17,CVX,셰브론,5,120,14,44,64,1.0,10.0,10.6,9.27,9.66,27.08
17,O,리얼티 인컴,5,120,14,44,64,1.0,10.0,10.6,7.65,6.91,24.34
17,PNC,PNC 파이낸셜 서비스,5,120,14,44,64,1.0,10.0,10.6,23.61,11.04,28.0
17,CTSH.O,코그니전트 테크놀로지 솔루션,5,120,14,44,64,1.0,10.0,10.6,11.49,11.51,29.02
17,CAH,카디널 헬스,5,120,14,44,64,1.0,10.0,10.6,0.83,11.6,26.49
17,SRE,셈프라 에너지,5,120,14,44,64,1.0,10.0,10.6,10.27,7.02,25.36
17,FIS,피델리티 내셔널 인포메이션 서비스,5,120,14,44,64,1.0,10.0,10.6,0.02,11.44,26.94
17,BK,뱅크 오브 뉴욕 멜론,5,120,14,44,64,1.0,10.0,10.6,18.21,10.01,27.06
17,ALLE.K,얼리지언,5,120,14,44,64,1.0,10.0,10.6,0.0,12.44,25.98
17,GLW,코닝,5,120,14,44,64,1.0,10.0,10.6,33.56,10.54,29.51
17,WFC,웰스파고,5,120,14,44,64,1.0,10.0,10.6,14.48,10.46,29.47
17,TGT,타겟,5,120,14,44,64,1.0,10.0,10.6,14.06,12.35,27.88
17,FRT,페더럴 리얼티 인베스트먼트 트러스트,5,120,14,44,64,1.0,10.0,10.6,0.21,5.9,26.44
17,DIS,월트 디즈니,5,120,14,49,59,1.0,10.0,10.41,8.47,11.71,26.12
17,IP,인터내셔널 페이퍼,5,120,14,49,59,1.0,10.0,10.41,2.35,9.11,29.51
17,ZBH,짐머 바이오멧 홀딩스,5,120,14,49,59,1.0,10.0,10.41,17.11,8.3,25.7
17,CHRW.O,CH 로빈슨 월드와이드,5,120,14,49,59,1.0,10.0,10.41,1.01,6.47,25.11
17,GLW,코닝,5,120,14,49,59,1.0,10.0,10.41,11.39,10.54,29.51
17,ALLE.K,얼리지언,5,120,14,49,59,1.0,10.0,10.41,12.63,12.44,25.98
17,BK,뱅크 오브 뉴욕 멜론,5,120,14,49,59,1.0,10.0,10.41,12.1,10.01,27.06
17,FIS,피델리티 내셔널 인포메이션 서비스,5,120,14,49,59,1.0,10.0,10.41,-7.05,11.44,26.94
17,SRE,셈프라 에너지,5,120,14,49,59,1.0,10.0,10.41,11.31,7.02,25.36
17,CAH,카디널 헬스,5,120,14,49,59,1.0,10.0,10.41,-0.34,11.6,26.49
17,CTSH.O,코그니전트 테크놀로지 솔루션,5,120,14,49,59,1.0,10.0,10.41,35.46,11.51,29.02
17,PNC,PNC 파이낸셜 서비스,5,120,14,49,59,1.0,10.0,10.41,16.51,11.04,28.0
17,O,리얼티 인컴,5,120,14,49,59,1.0,10.0,10.41,6.3,6.91,24.34
17,USB,U.S. 뱅코프,5,120,14,49,59,1.0,10.0,10.41,21.85,7.71,27.64
17,AVB,아발론베이 커뮤니티,5,120,14,49,59,1.0,10.0,10.41,19.35,8.34,23.49
17,DLR,디지털 리얼티 트러스트,5,120,14,49,59,1.0,10.0,10.41,34.17,10.67,26.76
17,EMR,에머슨 일렉트릭,5,120,14,49,59,1.0,10.0,10.41,13.53,10.1,26.3
17,ADM,아처 대니얼스 미들랜드,5,120,14,49,59,1.0,10.0,10.41,10.54,9.68,26.0
17,CVS,CVS 헬스,5,120,14,49,59,1.0,10.0,10.41,-6.28,8.17,24.34
17,CCI,크라운 캐슬,5,120,14,49,59,1.0,10.0,10.41,-19.85,9.94,23.52
17,ELV,엘레반스 헬스,5,120,14,49,59,1.0,10.0,10.41,26.78,9.99,23.55
17,SYY,시스코,5,120,14,49,59,1.0,10.0,10.41,11.93,10.24,26.42
17,CSCO.O,시스코 시스템즈,5,120,14,49,59,1.0,10.0,10.41,26.57,9.03,25.97
17,PCAR.O,파카,5,120,14,49,59,1.0,10.0,10.41,31.36,12.07,27.58
17,WELL.K,웰타워,5,120,14,49,59,1.0,10.0,10.41,24.0,11.1,29.09
17,WMT,월마트,5,120,14,49,59,1.0,10.0,10.41,6.38,7.36,26.15
17,BFb,브라운-포맨 Class B,5,120,14,49,59,1.0,10.0,10.41,-14.06,10.12,22.73
17,BG,번지 글로벌,5,120,14,49,59,1.0,10.0,10.41,3.54,9.43,28.74
17,TGT,타겟,5,120,14,49,59,1.0,10.0,10.41,3.63,12.35,27.88
17,NWSA.O,뉴스 코퍼레이션 Class A,5,120,14,49,59,1.0,10.0,10.41,11.63,9.73,29.18
17,NWS.O,뉴스 코퍼레이션 Class B,5,120,14,49,59,1.0,10.0,10.41,10.89,10.14,29.04
17,FRT,페더럴 리얼티 인베스트먼트 트러스트,5,120,14,49,59,1.0,10.0,10.41,-3.51,5.9,26.44
17,L,로우스,5,120,14,49,59,1.0,10.0,10.41,11.1,8.36,23.5
17,JNPR.K,주니퍼 네트웍스,5,120,14,49,59,1.0,10.0,10.41,21.2,9.01,29.2
17,REG.O,리젠시 센터스,5,120,14,49,59,1.0,10.0,10.41,1.93,8.42,28.16
17,HSIC.O,헨리 셰인,5,120,14,49,59,1.0,10.0,10.41,6.1,11.27,24.11
17,NTRS.O,노던 트러스트,5,120,14,49,59,1.0,10.0,10.41,8.36,8.14,28.01
17,BIO,바이오래드 래보라토리스 Class A,5,120,14,49,59,1.0,10.0,10.41,-12.4,12.56,27.81
17,MAA,미드아메리카 아파트 커뮤니티,5,120,14,49,59,1.0,10.0,10.41,3.32,10.19,23.18
17,TAP,몰슨 쿠어스 베버리지 Class B,5,120,14,49,59,1.0,10.0,10.41,-2.75,4.6,26.42
17,ARE,알렉산드리아 리얼에스테이트 이쿼티,5,120,14,49,59,1.0,10.0,10.41,0.65,7.46,24.61
17,UDR,UDR,5,120,14,49,59,1.0,10.0,10.41,7.09,8.49,24.53
17,CNP,센터포인트 에너지,5,120,14,49,59,1.0,10.0,10.41,9.87,9.04,24.5
17,LH,랩코프 홀딩스,5,120,14,49,59,1.0,10.0,10.41,5.72,10.79,24.67
17,CPT,캠든 프로퍼티 트러스트,5,120,14,49,59,1.0,10.0,10.41,3.94,10.16,23.47
17,IFF,인터내셔널 플레이버스 & 프레그런스,5,120,14,49,59,1.0,10.0,10.41,-2.64,9.43,26.72
17,INVH.K,인비테이션 홈스,5,120,14,49,59,1.0,10.0,10.41,7.59,12.05,26.33
17,DGX,퀘스트 다이아그노스틱스,5,120,14,49,59,1.0,10.0,10.41,16.78,10.34,22.98
17,ESS,에섹스 프로퍼티 트러스트,5,120,14,49,59,1.0,10.0,10.41,27.43,10.3,24.08
17,TROW.O,티 로웨 프라이스 그룹,5,120,14,49,59,1.0,10.0,10.41,3.17,11.05,28.51
17,GRMN.K,가민,5,120,14,49,59,1.0,10.0,10.41,93.97,10.97,26.62
17,EQR,에퀴티 레지덴셜,5,120,14,49,59,1.0,10.0,10.41,10.87,7.53,23.91
17,EIX,에디슨 인터내셔널,5,120,14,49,59,1.0,10.0,10.41,4.54,8.76,23.93
17,OMC,옴니콤 그룹,5,120,14,49,59,1.0,10.0,10.41,14.81,10.38,24.93
17,CVX,셰브론,5,120,14,49,59,1.0,10.0,10.41,0.18,9.66,27.08
17,WFC,웰스파고,5,120,14,49,59,1.0,10.0,10.41,11.91,10.46,29.47
17,XOM,엑슨 모빌,5,120,14,49,59,1.0,10.0,10.41,1.16,8.31,25.32
17,EMR,에머슨 일렉트릭,5,120,14,49,64,1.0,10.0,10.26,12.55,10.1,26.3
17,GLW,코닝,5,120,14,49,64,1.0,10.0,10.26,14.95,10.54,29.51
17,ALLE.K,얼리지언,5,120,14,49,64,1.0,10.0,10.26,4.37,12.44,25.98
17,BK,뱅크 오브 뉴욕 멜론,5,120,14,49,64,1.0,10.0,10.26,14.86,10.01,27.06
17,FIS,피델리티 내셔널 인포메이션 서비스,5,120,14,49,64,1.0,10.0,10.26,-7.14,11.44,26.94
17,SRE,셈프라 에너지,5,120,14,49,64,1.0,10.0,10.26,9.54,7.02,25.36
17,CAH,카디널 헬스,5,120,14,49,64,1.0,10.0,10.26,0.56,11.6,26.49
17,CTSH.O,코그니전트 테크놀로지 솔루션,5,120,14,49,64,1.0,10.0,10.26,13.32,11.51,29.02
17,PNC,PNC 파이낸셜 서비스,5,120,14,49,64,1.0,10.0,10.26,15.03,11.04,28.0
17,O,리얼티 인컴,5,120,14,49,64,1.0,10.0,10.26,6.5,6.91,24.34
17,IP,인터내셔널 페이퍼,5,120,14,49,64,1.0,10.0,10.26,4.88,9.11,29.51
17,USB,U.S. 뱅코프,5,120,14,49,64,1.0,10.0,10.26,8.54,7.71,27.64
17,DLR,디지털 리얼티 트러스트,5,120,14,49,64,1.0,10.0,10.26,25.68,10.67,26.76
17,ADM,아처 대니얼스 미들랜드,5,120,14,49,64,1.0,10.0,10.26,14.4,9.68,26.0
17,TGT,타겟,5,120,14,49,64,1.0,10.0,10.26,6.85,12.35,27.88
17,CVS,CVS 헬스,5,120,14,49,64,1.0,10.0,10.26,-3.97,8.17,24.34
17,CCI,크라운 캐슬,5,120,14,49,64,1.0,10.0,10.26,-15.46,9.94,23.52
17,ELV,엘레반스 헬스,5,120,14,49,64,1.0,10.0,10.26,27.52,9.99,23.55
17,SYY,시스코,5,120,14,49,64,1.0,10.0,10.26,8.49,10.24,26.42
17,CSCO.O,시스코 시스템즈,5,120,14,49,64,1.0,10.0,10.26,18.39,9.03,25.97
17,PCAR.O,파카,5,120,14,49,64,1.0,10.0,10.26,27.51,12.07,27.58
17,WELL.K,웰타워,5,120,14,49,64,1.0,10.0,10.26,20.65,11.1,29.09
17,WMT,월마트,5,120,14,49,64,1.0,10.0,10.26,8.33,7.36,26.15
17,CVX,셰브론,5,120,14,49,64,1.0,10.0,10.26,4.26,9.66,27.08
17,WFC,웰스파고,5,120,14,49,64,1.0,10.0,10.26,14.03,10.46,29.47
17,XOM,엑슨 모빌,5,120,14,49,64,1.0,10.0,10.26,-1.3,8.31,25.32
17,DIS,월트 디즈니,5,120,14,49,64,1.0,10.0,10.26,17.41,11.71,26.12
17,CHRW.O,CH 로빈슨 월드와이드,5,120,14,49,64,1.0,10.0,10.26,3.23,6.47,25.11
17,NWS.O,뉴스 코퍼레이션 Class B,5,120,14,49,64,1.0,10.0,10.26,14.52,10.14,29.04
17,BFb,브라운-포맨 Class B,5,120,14,49,64,1.0,10.0,10.26,-9.07,10.12,22.73
17,AVB,아발론베이 커뮤니티,5,120,14,49,64,1.0,10.0,10.26,13.58,8.34,23.49
17,FRT,페더럴 리얼티 인베스트먼트 트러스트,5,120,14,49,64,1.0,10.0,10.26,-1.58,5.9,26.44
17,L,로우스,5,120,14,49,64,1.0,10.0,10.26,14.69,8.36,23.5
17,JNPR.K,주니퍼 네트웍스,5,120,14,49,64,1.0,10.0,10.26,10.31,9.01,29.2
17,REG.O,리젠시 센터스,5,120,14,49,64,1.0,10.0,10.26,3.91,8.42,28.16
17,HSIC.O,헨리 셰인,5,120,14,49,64,1.0,10.0,10.26,2.31,11.27,24.11
17,NTRS.O,노던 트러스트,5,120,14,49,64,1.0,10.0,10.26,12.35,8.14,28.01
17,BIO,바이오래드 래보라토리스 Class A,5,120,14,49,64,1.0,10.0,10.26,-8.02,12.56,27.81
17,MAA,미드아메리카 아파트 커뮤니티,5,120,14,49,64,1.0,10.0,10.26,7.37,10.19,23.18
17,TAP,몰슨 쿠어스 베버리지 Class B,5,120,14,49,64,1.0,10.0,10.26,-1.02,4.6,26.42
17,ARE,알렉산드리아 리얼에스테이트 이쿼티,5,120,14,49,64,1.0,10.0,10.26,4.89,7.46,24.61
17,NWSA.O,뉴스 코퍼레이션 Class A,5,120,14,49,64,1.0,10.0,10.26,13.68,9.73,29.18
17,UDR,UDR,5,120,14,49,64,1.0,10.0,10.26,9.35,8.49,24.53
17,LH,랩코프 홀딩스,5,120,14,49,64,1.0,10.0,10.26,10.73,10.79,24.67
17,CPT,캠든 프로퍼티 트러스트,5,120,14,49,64,1.0,10.0,10.26,9.12,10.16,23.47
17,IFF,인터내셔널 플레이버스 & 프레그런스,5,120,14,49,64,1.0,10.0,10.26,-3.37,9.43,26.72
17,INVH.K,인비테이션 홈스,5,120,14,49,64,1.0,10.0,10.26,9.45,12.05,26.33
17,DGX,퀘스트 다이아그노스틱스,5,120,14,49,64,1.0,10.0,10.26,16.12,10.34,22.98
17,ESS,에섹스 프로퍼티 트러스트,5,120,14,49,64,1.0,10.0,10.26,31.51,10.3,24.08
17,TROW.O,티 로웨 프라이스 그룹,5,120,14,49,64,1.0,10.0,10.26,6.94,11.05,28.51
17,GRMN.K,가민,5,120,14,49,64,1.0,10.0,10.26,80.83,10.97,26.62
17,EQR,에퀴티 레지덴셜,5,120,14,49,64,1.0,10.0,10.26,12.58,7.53,23.91
17,EIX,에디슨 인터내셔널,5,120,14,49,64,1.0,10.0,10.26,2.23,8.76,23.93
17,OMC,옴니콤 그룹,5,120,14,49,64,1.0,10.0,10.26,8.85,10.38,24.93
17,CNP,센터포인트 에너지,5,120,14,49,64,1.0,10.0,10.26,12.76,9.04,24.5
17,BG,번지 글로벌,5,120,14,49,64,1.0,10.0,10.26,9.01,9.43,28.74
17,ZBH,짐머 바이오멧 홀딩스,5,120,14,49,64,1.0,10.0,10.26,17.0,8.3,25.7
17,ZBH,짐머 바이오멧 홀딩스,5,60,14,39,74,1.0,10.0,10.11,-2.57,8.3,25.7
17,FRT,페더럴 리얼티 인베스트먼트 트러스트,5,60,14,39,74,1.0,10.0,10.11,-3.61,5.9,26.44
17,CHRW.O,CH 로빈슨 월드와이드,5,60,14,39,74,1.0,10.0,10.11,3.19,6.47,25.11
17,ALLE.K,얼리지언,5,60,14,39,74,1.0,10.0,10.11,8.27,12.44,25.98
17,BK,뱅크 오브 뉴욕 멜론,5,60,14,39,74,1.0,10.0,10.11,8.51,10.01,27.06
17,FIS,피델리티 내셔널 인포메이션 서비스,5,60,14,39,74,1.0,10.0,10.11,6.86,11.44,26.94
17,SRE,셈프라 에너지,5,60,14,39,74,1.0,10.0,10.11,11.08,7.02,25.36
17,CAH,카디널 헬스,5,60,14,39,74,1.0,10.0,10.11,7.48,11.6,26.49
17,CTSH.O,코그니전트 테크놀로지 솔루션,5,60,14,39,74,1.0,10.0,10.11,7.85,11.51,29.02
17,PNC,PNC 파이낸셜 서비스,5,60,14,39,74,1.0,10.0,10.11,22.4,11.04,28.0
17,O,리얼티 인컴,5,60,14,39,74,1.0,10.0,10.11,-0.28,6.91,24.34
17,IP,인터내셔널 페이퍼,5,60,14,39,74,1.0,10.0,10.11,0.04,9.11,29.51
17,USB,U.S. 뱅코프,5,60,14,39,74,1.0,10.0,10.11,2.07,7.71,27.64
17,DLR,디지털 리얼티 트러스트,5,60,14,39,74,1.0,10.0,10.11,13.48,10.67,26.76
17,EMR,에머슨 일렉트릭,5,60,14,39,74,1.0,10.0,10.11,8.4,10.1,26.3
17,CVS,CVS 헬스,5,60,14,39,74,1.0,10.0,10.11,1.2,8.17,24.34
17,CCI,크라운 캐슬,5,60,14,39,74,1.0,10.0,10.11,0.91,9.94,23.52
17,ELV,엘레반스 헬스,5,60,14,39,74,1.0,10.0,10.11,25.28,9.99,23.55
17,SYY,시스코,5,60,14,39,74,1.0,10.0,10.11,12.56,10.24,26.42
17,CSCO.O,시스코 시스템즈,5,60,14,39,74,1.0,10.0,10.11,10.79,9.03,25.97
17,PCAR.O,파카,5,60,14,39,74,1.0,10.0,10.11,9.25,12.07,27.58
17,WELL.K,웰타워,5,60,14,39,74,1.0,10.0,10.11,10.78,11.1,29.09
17,WMT,월마트,5,60,14,39,74,1.0,10.0,10.11,7.09,7.36,26.15
17,CVX,셰브론,5,60,14,39,74,1.0,10.0,10.11,9.93,9.66,27.08
17,WFC,웰스파고,5,60,14,39,74,1.0,10.0,10.11,21.64,10.46,29.47
17,TGT,타겟,5,60,14,39,74,1.0,10.0,10.11,32.73,12.35,27.88
17,DIS,월트 디즈니,5,60,14,39,74,1.0,10.0,10.11,13.98,11.71,26.12
17,XOM,엑슨 모빌,5,60,14,39,74,1.0,10.0,10.11,2.93,8.31,25.32
17,GLW,코닝,5,60,14,39,74,1.0,10.0,10.11,15.01,10.54,29.51
17,ADM,아처 대니얼스 미들랜드,5,60,14,39,74,1.0,10.0,10.11,20.76,9.68,26.0
17,BFb,브라운-포맨 Class B,5,60,14,39,74,1.0,10.0,10.11,-53.95,10.12,22.73
17,LH,랩코프 홀딩스,5,60,14,39,74,1.0,10.0,10.11,42.8,10.79,24.67
17,AVB,아발론베이 커뮤니티,5,60,14,39,74,1.0,10.0,10.11,6.71,8.34,23.49
17,L,로우스,5,60,14,39,74,1.0,10.0,10.11,5.58,8.36,23.5
17,JNPR.K,주니퍼 네트웍스,5,60,14,39,74,1.0,10.0,10.11,12.18,9.01,29.2
17,REG.O,리젠시 센터스,5,60,14,39,74,1.0,10.0,10.11,3.79,8.42,28.16
17,HSIC.O,헨리 셰인,5,60,14,39,74,1.0,10.0,10.11,1.67,11.27,24.11
17,NTRS.O,노던 트러스트,5,60,14,39,74,1.0,10.0,10.11,6.46,8.14,28.01
17,BIO,바이오래드 래보라토리스 Class A,5,60,14,39,74,1.0,10.0,10.11,-26.69,12.56,27.81
17,MAA,미드아메리카 아파트 커뮤니티,5,60,14,39,74,1.0,10.0,10.11,22.74,10.19,23.18
17,TAP,몰슨 쿠어스 베버리지 Class B,5,60,14,39,74,1.0,10.0,10.11,0.86,4.6,26.42
17,ARE,알렉산드리아 리얼에스테이트 이쿼티,5,60,14,39,74,1.0,10.0,10.11,6.76,7.46,24.61
17,NWSA.O,뉴스 코퍼레이션 Class A,5,60,14,39,74,1.0,10.0,10.11,15.79,9.73,29.18
17,UDR,UDR,5,60,14,39,74,1.0,10.0,10.11,22.37,8.49,24.53
17,NWS.O,뉴스 코퍼레이션 Class B,5,60,14,39,74,1.0,10.0,10.11,8.22,10.14,29.04
17,CPT,캠든 프로퍼티 트러스트,5,60,14,39,74,1.0,10.0,10.11,32.07,10.16,23.47
17,GRMN.K,가민,5,60,14,39,74,1.0,10.0,10.11,57.88,10.97,26.62
17,CNP,센터포인트 에너지,5,60,14,39,74,1.0,10.0,10.11,5.27,9.04,24.5
17,OMC,옴니콤 그룹,5,60,14,39,74,1.0,10.0,10.11,16.54,10.38,24.93
17,EIX,에디슨 인터내셔널,5,60,14,39,74,1.0,10.0,10.11,1.56,8.76,23.93
17,EQR,에퀴티 레지덴셜,5,60,14,39,74,1.0,10.0,10.11,7.83,7.53,23.91
17,BG,번지 글로벌,5,60,14,39,74,1.0,10.0,10.11,8.44,9.43,28.74
17,TROW.O,티 로웨 프라이스 그룹,5,60,14,39,74,1.0,10.0,10.11,8.44,11.05,28.51
17,DGX,퀘스트 다이아그노스틱스,5,60,14,39,74,1.0,10.0,10.11,6.16,10.34,22.98
17,INVH.K,인비테이션 홈스,5,60,14,39,74,1.0,10.0,10.11,69.53,12.05,26.33
17,IFF,인터내셔널 플레이버스 & 프레그런스,5,60,14,39,74,1.0,10.0,10.11,-6.17,9.43,26.72
17,ESS,에섹스 프로퍼티 트러스트,5,60,14,39,74,1.0,10.0,10.11,5.29,10.3,24.08
17,EQR,에퀴티 레지덴셜,5,60,14,29,59,1.0,10.0,9.97,0.0,7.53,23.91
17,INVH.K,인비테이션 홈스,5,60,14,29,59,1.0,10.0,9.97,0.0,12.05,26.33
17,DGX,퀘스트 다이아그노스틱스,5,60,14,29,59,1.0,10.0,9.97,0.0,10.34,22.98
17,ESS,에섹스 프로퍼티 트러스트,5,60,14,29,59,1.0,10.0,9.97,0.0,10.3,24.08
17,TROW.O,티 로웨 프라이스 그룹,5,60,14,29,59,1.0,10.0,9.97,0.0,11.05,28.51
17,GRMN.K,가민,5,60,14,29,59,1.0,10.0,9.97,0.0,10.97,26.62
17,OMC,옴니콤 그룹,5,60,14,29,59,1.0,10.0,9.97,117.92,10.38,24.93
17,EIX,에디슨 인터내셔널,5,60,14,29,59,1.0,10.0,9.97,0.0,8.76,23.93
17,CNP,센터포인트 에너지,5,60,14,29,59,1.0,10.0,9.97,0.0,9.04,24.5
17,BG,번지 글로벌,5,60,14,29,59,1.0,10.0,9.97,0.0,9.43,28.74
17,AVB,아발론베이 커뮤니티,5,60,14,29,59,1.0,10.0,9.97,0.0,8.34,23.49
17,CPT,캠든 프로퍼티 트러스트,5,60,14,29,59,1.0,10.0,9.97,0.0,10.16,23.47
17,IFF,인터내셔널 플레이버스 & 프레그런스,5,60,14,29,59,1.0,10.0,9.97,0.0,9.43,26.72
17,MAA,미드아메리카 아파트 커뮤니티,5,60,14,29,59,1.0,10.0,9.97,0.0,10.19,23.18
17,LH,랩코프 홀딩스,5,60,14,29,59,1.0,10.0,9.97,0.0,10.79,24.67
17,UDR,UDR,5,60,14,29,59,1.0,10.0,9.97,0.0,8.49,24.53
17,NWSA.O,뉴스 코퍼레이션 Class A,5,60,14,29,59,1.0,10.0,9.97,0.0,9.73,29.18
17,ARE,알렉산드리아 리얼에스테이트 이쿼티,5,60,14,29,59,1.0,10.0,9.97,0.0,7.46,24.61
17,TAP,몰슨 쿠어스 베버리지 Class B,5,60,14,29,59,1.0,10.0,9.97,-2.99,4.6,26.42
17,ZBH,짐머 바이오멧 홀딩스,5,60,14,29,59,1.0,10.0,9.97,0.0,8.3,25.7
17,BIO,바이오래드 래보라토리스 Class A,5,60,14,29,59,1.0,10.0,9.97,0.0,12.56,27.81
17,NTRS.O,노던 트러스트,5,60,14,29,59,1.0,10.0,9.97,26.16,8.14,28.01
17,HSIC.O,헨리 셰인,5,60,14,29,59,1.0,10.0,9.97,0.0,11.27,24.11
17,REG.O,리젠시 센터스,5,60,14,29,59,1.0,10.0,9.97,93.29,8.42,28.16
17,JNPR.K,주니퍼 네트웍스,5,60,14,29,59,1.0,10.0,9.97,0.0,9.01,29.2
17,L,로우스,5,60,14,29,59,1.0,10.0,9.97,0.0,8.36,23.5
17,FRT,페더럴 리얼티 인베스트먼트 트러스트,5,60,14,29,59,1.0,10.0,9.97,37.75,5.9,26.44
17,NWS.O,뉴스 코퍼레이션 Class B,5,60,14,29,59,1.0,10.0,9.97,0.0,10.14,29.04
17,BFb,브라운-포맨 Class B,5,60,14,29,59,1.0,10.0,9.97,0.0,10.12,22.73
17,CHRW.O,CH 로빈슨 월드와이드,5,60,14,29,59,1.0,10.0,9.97,8.82,6.47,25.11
17,ADM,아처 대니얼스 미들랜드,5,60,14,29,59,1.0,10.0,9.97,0.0,9.68,26.0
17,XOM,엑슨 모빌,5,60,14,29,59,1.0,10.0,9.97,84.41,8.31,25.32
17,DIS,월트 디즈니,5,60,14,29,59,1.0,10.0,9.97,0.0,11.71,26.12
17,TGT,타겟,5,60,14,29,59,1.0,10.0,9.97,0.0,12.35,27.88
17,WFC,웰스파고,5,60,14,29,59,1.0,10.0,9.97,56.97,10.46,29.47
17,CVX,셰브론,5,60,14,29,59,1.0,10.0,9.97,13.49,9.66,27.08
17,WMT,월마트,5,60,14,29,59,1.0,10.0,9.97,2.78,7.36,26.15
17,WELL.K,웰타워,5,60,14,29,59,1.0,10.0,9.97,0.0,11.1,29.09
17,CSCO.O,시스코 시스템즈,5,60,14,29,59,1.0,10.0,9.97,24.7,9.03,25.97
17,SYY,시스코,5,60,14,29,59,1.0,10.0,9.97,0.0,10.24,26.42
17,ELV,엘레반스 헬스,5,60,14,29,59,1.0,10.0,9.97,0.0,9.99,23.55
17,CCI,크라운 캐슬,5,60,14,29,59,1.0,10.0,9.97,0.0,9.94,23.52
17,CVS,CVS 헬스,5,60,14,29,59,1.0,10.0,9.97,0.0,8.17,24.34
17,PCAR.O,파카,5,60,14,29,59,1.0,10.0,9.97,0.0,12.07,27.58
17,EMR,에머슨 일렉트릭,5,60,14,29,59,1.0,10.0,9.97,15.25,10.1,26.3
17,CAH,카디널 헬스,5,60,14,29,59,1.0,10.0,9.97,0.0,11.6,26.49
17,DLR,디지털 리얼티 트러스트,5,60,14,29,59,1.0,10.0,9.97,0.0,10.67,26.76
17,ALLE.K,얼리지언,5,60,14,29,59,1.0,10.0,9.97,0.0,12.44,25.98
17,BK,뱅크 오브 뉴욕 멜론,5,60,14,29,59,1.0,10.0,9.97,21.2,10.01,27.06
17,FIS,피델리티 내셔널 인포메이션 서비스,5,60,14,29,59,1.0,10.0,9.97,0.0,11.44,26.94
17,SRE,셈프라 에너지,5,60,14,29,59,1.0,10.0,9.97,0.0,7.02,25.36
17,GLW,코닝,5,60,14,29,59,1.0,10.0,9.97,9.89,10.54,29.51
17,CTSH.O,코그니전트 테크놀로지 솔루션,5,60,14,29,59,1.0,10.0,9.97,0.0,11.51,29.02
17,O,리얼티 인컴,5,60,14,29,59,1.0,10.0,9.97,0.0,6.91,24.34
17,IP,인터내셔널 페이퍼,5,60,14,29,59,1.0,10.0,9.97,0.0,9.11,29.51
17,USB,U.S. 뱅코프,5,60,14,29,59,1.0,10.0,9.97,0.0,7.71,27.64
17,PNC,PNC 파이낸셜 서비스,5,60,14,29,59,1.0,10.0,9.97,58.87,11.04,28.0
17,TROW.O,티 로웨 프라이스 그룹,5,120,14,39,69,1.0,10.0,9.64,9.86,11.05,28.51
17,CPT,캠든 프로퍼티 트러스트,5,120,14,39,69,1.0,10.0,9.64,20.82,10.16,23.47
17,IFF,인터내셔널 플레이버스 & 프레그런스,5,120,14,39,69,1.0,10.0,9.64,-7.49,9.43,26.72
17,INVH.K,인비테이션 홈스,5,120,14,39,69,1.0,10.0,9.64,0.0,12.05,26.33
17,DGX,퀘스트 다이아그노스틱스,5,120,14,39,69,1.0,10.0,9.64,26.86,10.34,22.98
17,ESS,에섹스 프로퍼티 트러스트,5,120,14,39,69,1.0,10.0,9.64,31.75,10.3,24.08
17,EQR,에퀴티 레지덴셜,5,120,14,39,69,1.0,10.0,9.64,4.26,7.53,23.91
17,GRMN.K,가민,5,120,14,39,69,1.0,10.0,9.64,0.0,10.97,26.62
17,EIX,에디슨 인터내셔널,5,120,14,39,69,1.0,10.0,9.64,0.0,8.76,23.93
17,OMC,옴니콤 그룹,5,120,14,39,69,1.0,10.0,9.64,15.08,10.38,24.93
17,CNP,센터포인트 에너지,5,120,14,39,69,1.0,10.0,9.64,18.6,9.04,24.5
17,LH,랩코프 홀딩스,5,120,14,39,69,1.0,10.0,9.64,45.71,10.79,24.67
17,BG,번지 글로벌,5,120,14,39,69,1.0,10.0,9.64,4.86,9.43,28.74
17,NWS.O,뉴스 코퍼레이션 Class B,5,120,14,39,69,1.0,10.0,9.64,6.53,10.14,29.04
17,UDR,UDR,5,120,14,39,69,1.0,10.0,9.64,38.74,8.49,24.53
17,NWSA.O,뉴스 코퍼레이션 Class A,5,120,14,39,69,1.0,10.0,9.64,15.28,9.73,29.18
17,ARE,알렉산드리아 리얼에스테이트 이쿼티,5,120,14,39,69,1.0,10.0,9.64,0.0,7.46,24.61
17,TAP,몰슨 쿠어스 베버리지 Class B,5,120,14,39,69,1.0,10.0,9.64,-0.51,4.6,26.42
17,MAA,미드아메리카 아파트 커뮤니티,5,120,14,39,69,1.0,10.0,9.64,26.22,10.19,23.18
17,BIO,바이오래드 래보라토리스 Class A,5,120,14,39,69,1.0,10.0,9.64,-45.41,12.56,27.81
17,NTRS.O,노던 트러스트,5,120,14,39,69,1.0,10.0,9.64,26.34,8.14,28.01
17,HSIC.O,헨리 셰인,5,120,14,39,69,1.0,10.0,9.64,0.46,11.27,24.11
17,REG.O,리젠시 센터스,5,120,14,39,69,1.0,10.0,9.64,8.62,8.42,28.16
17,JNPR.K,주니퍼 네트웍스,5,120,14,39,69,1.0,10.0,9.64,26.93,9.01,29.2
17,L,로우스,5,120,14,39,69,1.0,10.0,9.64,10.33,8.36,23.5
17,FRT,페더럴 리얼티 인베스트먼트 트러스트,5,120,14,39,69,1.0,10.0,9.64,-3.61,5.9,26.44
17,AVB,아발론베이 커뮤니티,5,120,14,39,69,1.0,10.0,9.64,40.76,8.34,23.49
17,TGT,타겟,5,120,14,39,69,1.0,10.0,9.64,34.48,12.35,27.88
17,USB,U.S. 뱅코프,5,120,14,39,69,1.0,10.0,9.64,1.5,7.71,27.64
17,BFb,브라운-포맨 Class B,5,120,14,39,69,1.0,10.0,9.64,-58.05,10.12,22.73
17,ZBH,짐머 바이오멧 홀딩스,5,120,14,39,69,1.0,10.0,9.64,-3.84,8.3,25.7
17,XOM,엑슨 모빌,5,120,14,39,69,1.0,10.0,9.64,0.71,8.31,25.32
17,WFC,웰스파고,5,120,14,39,69,1.0,10.0,9.64,25.15,10.46,29.47
17,CVX,셰브론,5,120,14,39,69,1.0,10.0,9.64,8.82,9.66,27.08
17,WMT,월마트,5,120,14,39,69,1.0,10.0,9.64,6.07,7.36,26.15
17,WELL.K,웰타워,5,120,14,39,69,1.0,10.0,9.64,18.77,11.1,29.09
17,PCAR.O,파카,5,120,14,39,69,1.0,10.0,9.64,0.0,12.07,27.58
17,CSCO.O,시스코 시스템즈,5,120,14,39,69,1.0,10.0,9.64,19.4,9.03,25.97
17,SYY,시스코,5,120,14,39,69,1.0,10.0,9.64,0.0,10.24,26.42
17,ELV,엘레반스 헬스,5,120,14,39,69,1.0,10.0,9.64,25.28,9.99,23.55
17,CCI,크라운 캐슬,5,120,14,39,69,1.0,10.0,9.64,-10.42,9.94,23.52
17,CVS,CVS 헬스,5,120,14,39,69,1.0,10.0,9.64,10.51,8.17,24.34
17,ADM,아처 대니얼스 미들랜드,5,120,14,39,69,1.0,10.0,9.64,16.01,9.68,26.0
17,EMR,에머슨 일렉트릭,5,120,14,39,69,1.0,10.0,9.64,17.8,10.1,26.3
17,DLR,디지털 리얼티 트러스트,5,120,14,39,69,1.0,10.0,9.64,28.12,10.67,26.76
17,IP,인터내셔널 페이퍼,5,120,14,39,69,1.0,10.0,9.64,9.68,9.11,29.51
17,O,리얼티 인컴,5,120,14,39,69,1.0,10.0,9.64,0.0,6.91,24.34
17,PNC,PNC 파이낸셜 서비스,5,120,14,39,69,1.0,10.0,9.64,22.91,11.04,28.0
17,CTSH.O,코그니전트 테크놀로지 솔루션,5,120,14,39,69,1.0,10.0,9.64,3.03,11.51,29.02
17,CAH,카디널 헬스,5,120,14,39,69,1.0,10.0,9.64,3.41,11.6,26.49
17,SRE,셈프라 에너지,5,120,14,39,69,1.0,10.0,9.64,8.44,7.02,25.36
17,FIS,피델리티 내셔널 인포메이션 서비스,5,120,14,39,69,1.0,10.0,9.64,3.78,11.44,26.94
17,BK,뱅크 오브 뉴욕 멜론,5,120,14,39,69,1.0,10.0,9.64,18.41,10.01,27.06
17,ALLE.K,얼리지언,5,120,14,39,69,1.0,10.0,9.64,0.0,12.44,25.98
17,GLW,코닝,5,120,14,39,69,1.0,10.0,9.64,19.63,10.54,29.51
17,CHRW.O,CH 로빈슨 월드와이드,5,120,14,39,69,1.0,10.0,9.64,10.17,6.47,25.11
17,DIS,월트 디즈니,5,120,14,39,69,1.0,10.0,9.64,-11.3,11.71,26.12
17,BFb,브라운-포맨 Class B,5,60,14,49,59,1.0,10.0,9.47,-11.48,10.12,22.73
17,NWS.O,뉴스 코퍼레이션 Class B,5,60,14,49,59,1.0,10.0,9.47,10.59,10.14,29.04
17,FRT,페더럴 리얼티 인베스트먼트 트러스트,5,60,14,49,59,1.0,10.0,9.47,-1.6,5.9,26.44
17,ALLE.K,얼리지언,5,60,14,49,59,1.0,10.0,9.47,7.04,12.44,25.98
17,BK,뱅크 오브 뉴욕 멜론,5,60,14,49,59,1.0,10.0,9.47,12.15,10.01,27.06
17,FIS,피델리티 내셔널 인포메이션 서비스,5,60,14,49,59,1.0,10.0,9.47,2.3,11.44,26.94
17,SRE,셈프라 에너지,5,60,14,49,59,1.0,10.0,9.47,12.23,7.02,25.36
17,CAH,카디널 헬스,5,60,14,49,59,1.0,10.0,9.47,0.64,11.6,26.49
17,CTSH.O,코그니전트 테크놀로지 솔루션,5,60,14,49,59,1.0,10.0,9.47,23.35,11.51,29.02
17,PNC,PNC 파이낸셜 서비스,5,60,14,49,59,1.0,10.0,9.47,26.23,11.04,28.0
17,O,리얼티 인컴,5,60,14,49,59,1.0,10.0,9.47,6.54,6.91,24.34
17,IP,인터내셔널 페이퍼,5,60,14,49,59,1.0,10.0,9.47,2.23,9.11,29.51
17,USB,U.S. 뱅코프,5,60,14,49,59,1.0,10.0,9.47,16.14,7.71,27.64
17,DLR,디지털 리얼티 트러스트,5,60,14,49,59,1.0,10.0,9.47,4.15,10.67,26.76
17,EMR,에머슨 일렉트릭,5,60,14,49,59,1.0,10.0,9.47,15.74,10.1,26.3
17,ADM,아처 대니얼스 미들랜드,5,60,14,49,59,1.0,10.0,9.47,3.39,9.68,26.0
17,CVS,CVS 헬스,5,60,14,49,59,1.0,10.0,9.47,-4.81,8.17,24.34
17,CCI,크라운 캐슬,5,60,14,49,59,1.0,10.0,9.47,-21.41,9.94,23.52
17,ELV,엘레반스 헬스,5,60,14,49,59,1.0,10.0,9.47,21.73,9.99,23.55
17,SYY,시스코,5,60,14,49,59,1.0,10.0,9.47,14.26,10.24,26.42
17,CSCO.O,시스코 시스템즈,5,60,14,49,59,1.0,10.0,9.47,24.54,9.03,25.97
17,PCAR.O,파카,5,60,14,49,59,1.0,10.0,9.47,39.94,12.07,27.58
17,WELL.K,웰타워,5,60,14,49,59,1.0,10.0,9.47,23.81,11.1,29.09
17,WMT,월마트,5,60,14,49,59,1.0,10.0,9.47,7.0,7.36,26.15
17,CVX,셰브론,5,60,14,49,59,1.0,10.0,9.47,2.74,9.66,27.08
17,WFC,웰스파고,5,60,14,49,59,1.0,10.0,9.47,8.92,10.46,29.47
17,TGT,타겟,5,60,14,49,59,1.0,10.0,9.47,8.84,12.35,27.88
17,DIS,월트 디즈니,5,60,14,49,59,1.0,10.0,9.47,8.74,11.71,26.12
17,GLW,코닝,5,60,14,49,59,1.0,10.0,9.47,11.48,10.54,29.51
17,CHRW.O,CH 로빈슨 월드와이드,5,60,14,49,59,1.0,10.0,9.47,7.89,6.47,25.11
17,ZBH,짐머 바이오멧 홀딩스,5,60,14,49,59,1.0,10.0,9.47,16.29,8.3,25.7
17,LH,랩코프 홀딩스,5,60,14,49,59,1.0,10.0,9.47,6.75,10.79,24.67
17,L,로우스,5,60,14,49,59,1.0,10.0,9.47,12.88,8.36,23.5
17,JNPR.K,주니퍼 네트웍스,5,60,14,49,59,1.0,10.0,9.47,27.0,9.01,29.2
17,REG.O,리젠시 센터스,5,60,14,49,59,1.0,10.0,9.47,3.01,8.42,28.16
17,HSIC.O,헨리 셰인,5,60,14,49,59,1.0,10.0,9.47,12.83,11.27,24.11
17,NTRS.O,노던 트러스트,5,60,14,49,59,1.0,10.0,9.47,8.16,8.14,28.01
17,BIO,바이오래드 래보라토리스 Class A,5,60,14,49,59,1.0,10.0,9.47,-7.89,12.56,27.81
17,MAA,미드아메리카 아파트 커뮤니티,5,60,14,49,59,1.0,10.0,9.47,13.77,10.19,23.18
17,TAP,몰슨 쿠어스 베버리지 Class B,5,60,14,49,59,1.0,10.0,9.47,-3.54,4.6,26.42
17,ARE,알렉산드리아 리얼에스테이트 이쿼티,5,60,14,49,59,1.0,10.0,9.47,0.26,7.46,24.61
17,NWSA.O,뉴스 코퍼레이션 Class A,5,60,14,49,59,1.0,10.0,9.47,10.93,9.73,29.18
17,UDR,UDR,5,60,14,49,59,1.0,10.0,9.47,7.89,8.49,24.53
17,CPT,캠든 프로퍼티 트러스트,5,60,14,49,59,1.0,10.0,9.47,6.24,10.16,23.47
17,AVB,아발론베이 커뮤니티,5,60,14,49,59,1.0,10.0,9.47,13.01,8.34,23.49
17,IFF,인터내셔널 플레이버스 & 프레그런스,5,60,14,49,59,1.0,10.0,9.47,-2.16,9.43,26.72
17,INVH.K,인비테이션 홈스,5,60,14,49,59,1.0,10.0,9.47,18.81,12.05,26.33
17,DGX,퀘스트 다이아그노스틱스,5,60,14,49,59,1.0,10.0,9.47,30.23,10.34,22.98
17,ESS,에섹스 프로퍼티 트러스트,5,60,14,49,59,1.0,10.0,9.47,8.27,10.3,24.08
17,TROW.O,티 로웨 프라이스 그룹,5,60,14,49,59,1.0,10.0,9.47,3.09,11.05,28.51
17,GRMN.K,가민,5,60,14,49,59,1.0,10.0,9.47,33.2,10.97,26.62
17,EQR,에퀴티 레지덴셜,5,60,14,49,59,1.0,10.0,9.47,4.65,7.53,23.91
17,EIX,에디슨 인터내셔널,5,60,14,49,59,1.0,10.0,9.47,8.03,8.76,23.93
17,OMC,옴니콤 그룹,5,60,14,49,59,1.0,10.0,9.47,20.98,10.38,24.93
17,CNP,센터포인트 에너지,5,60,14,49,59,1.0,10.0,9.47,3.97,9.04,24.5
17,BG,번지 글로벌,5,60,14,49,59,1.0,10.0,9.47,1.62,9.43,28.74
17,XOM,엑슨 모빌,5,60,14,49,59,1.0,10.0,9.47,-1.97,8.31,25.32
17,NWS.O,뉴스 코퍼레이션 Class B,5,60,14,44,69,1.0,10.0,9.32,13.05,10.14,29.04
17,FRT,페더럴 리얼티 인베스트먼트 트러스트,5,60,14,44,69,1.0,10.0,9.32,-4.17,5.9,26.44
17,DIS,월트 디즈니,5,60,14,44,69,1.0,10.0,9.32,12.53,11.71,26.12
17,AVB,아발론베이 커뮤니티,5,60,14,44,69,1.0,10.0,9.32,16.68,8.34,23.49
17,BG,번지 글로벌,5,60,14,44,69,1.0,10.0,9.32,0.37,9.43,28.74
17,CNP,센터포인트 에너지,5,60,14,44,69,1.0,10.0,9.32,15.62,9.04,24.5
17,OMC,옴니콤 그룹,5,60,14,44,69,1.0,10.0,9.32,6.63,10.38,24.93
17,EIX,에디슨 인터내셔널,5,60,14,44,69,1.0,10.0,9.32,1.56,8.76,23.93
17,EQR,에퀴티 레지덴셜,5,60,14,44,69,1.0,10.0,9.32,9.92,7.53,23.91
17,GRMN.K,가민,5,60,14,44,69,1.0,10.0,9.32,45.72,10.97,26.62
17,TROW.O,티 로웨 프라이스 그룹,5,60,14,44,69,1.0,10.0,9.32,12.25,11.05,28.51
17,ESS,에섹스 프로퍼티 트러스트,5,60,14,44,69,1.0,10.0,9.32,9.07,10.3,24.08
17,DGX,퀘스트 다이아그노스틱스,5,60,14,44,69,1.0,10.0,9.32,29.11,10.34,22.98
17,INVH.K,인비테이션 홈스,5,60,14,44,69,1.0,10.0,9.32,22.93,12.05,26.33
17,IFF,인터내셔널 플레이버스 & 프레그런스,5,60,14,44,69,1.0,10.0,9.32,-6.17,9.43,26.72
17,CPT,캠든 프로퍼티 트러스트,5,60,14,44,69,1.0,10.0,9.32,12.18,10.16,23.47
17,LH,랩코프 홀딩스,5,60,14,44,69,1.0,10.0,9.32,21.92,10.79,24.67
17,UDR,UDR,5,60,14,44,69,1.0,10.0,9.32,17.36,8.49,24.53
17,NWSA.O,뉴스 코퍼레이션 Class A,5,60,14,44,69,1.0,10.0,9.32,11.82,9.73,29.18
17,ARE,알렉산드리아 리얼에스테이트 이쿼티,5,60,14,44,69,1.0,10.0,9.32,-0.31,7.46,24.61
17,TAP,몰슨 쿠어스 베버리지 Class B,5,60,14,44,69,1.0,10.0,9.32,-0.45,4.6,26.42
17,MAA,미드아메리카 아파트 커뮤니티,5,60,14,44,69,1.0,10.0,9.32,7.15,10.19,23.18
17,BIO,바이오래드 래보라토리스 Class A,5,60,14,44,69,1.0,10.0,9.32,-4.35,12.56,27.81
17,NTRS.O,노던 트러스트,5,60,14,44,69,1.0,10.0,9.32,9.91,8.14,28.01
17,HSIC.O,헨리 셰인,5,60,14,44,69,1.0,10.0,9.32,1.67,11.27,24.11
17,REG.O,리젠시 센터스,5,60,14,44,69,1.0,10.0,9.32,4.16,8.42,28.16
17,JNPR.K,주니퍼 네트웍스,5,60,14,44,69,1.0,10.0,9.32,7.99,9.01,29.2
17,L,로우스,5,60,14,44,69,1.0,10.0,9.32,12.26,8.36,23.5
17,BFb,브라운-포맨 Class B,5,60,14,44,69,1.0,10.0,9.32,-32.48,10.12,22.73
17,ZBH,짐머 바이오멧 홀딩스,5,60,14,44,69,1.0,10.0,9.32,10.67,8.3,25.7
17,CHRW.O,CH 로빈슨 월드와이드,5,60,14,44,69,1.0,10.0,9.32,5.45,6.47,25.11
17,ADM,아처 대니얼스 미들랜드,5,60,14,44,69,1.0,10.0,9.32,12.78,9.68,26.0
17,TGT,타겟,5,60,14,44,69,1.0,10.0,9.32,15.37,12.35,27.88
17,WFC,웰스파고,5,60,14,44,69,1.0,10.0,9.32,5.54,10.46,29.47
17,CVX,셰브론,5,60,14,44,69,1.0,10.0,9.32,3.9,9.66,27.08
17,WMT,월마트,5,60,14,44,69,1.0,10.0,9.32,10.36,7.36,26.15
17,WELL.K,웰타워,5,60,14,44,69,1.0,10.0,9.32,26.85,11.1,29.09
17,PCAR.O,파카,5,60,14,44,69,1.0,10.0,9.32,12.78,12.07,27.58
17,CSCO.O,시스코 시스템즈,5,60,14,44,69,1.0,10.0,9.32,9.67,9.03,25.97
17,SYY,시스코,5,60,14,44,69,1.0,10.0,9.32,10.25,10.24,26.42
17,ELV,엘레반스 헬스,5,60,14,44,69,1.0,10.0,9.32,25.28,9.99,23.55
17,CCI,크라운 캐슬,5,60,14,44,69,1.0,10.0,9.32,-19.57,9.94,23.52
17,CVS,CVS 헬스,5,60,14,44,69,1.0,10.0,9.32,0.67,8.17,24.34
17,EMR,에머슨 일렉트릭,5,60,14,44,69,1.0,10.0,9.32,14.66,10.1,26.3
17,GLW,코닝,5,60,14,44,69,1.0,10.0,9.32,28.82,10.54,29.51
17,DLR,디지털 리얼티 트러스트,5,60,14,44,69,1.0,10.0,9.32,19.79,10.67,26.76
17,USB,U.S. 뱅코프,5,60,14,44,69,1.0,10.0,9.32,4.05,7.71,27.64
17,IP,인터내셔널 페이퍼,5,60,14,44,69,1.0,10.0,9.32,8.3,9.11,29.51
17,O,리얼티 인컴,5,60,14,44,69,1.0,10.0,9.32,8.47,6.91,24.34
17,PNC,PNC 파이낸셜 서비스,5,60,14,44,69,1.0,10.0,9.32,24.48,11.04,28.0
17,CTSH.O,코그니전트 테크놀로지 솔루션,5,60,14,44,69,1.0,10.0,9.32,6.93,11.51,29.02
17,CAH,카디널 헬스,5,60,14,44,69,1.0,10.0,9.32,1.58,11.6,26.49
17,SRE,셈프라 에너지,5,60,14,44,69,1.0,10.0,9.32,12.62,7.02,25.36
17,FIS,피델리티 내셔널 인포메이션 서비스,5,60,14,44,69,1.0,10.0,9.32,-1.57,11.44,26.94
17,BK,뱅크 오브 뉴욕 멜론,5,60,14,44,69,1.0,10.0,9.32,11.02,10.01,27.06
17,ALLE.K,얼리지언,5,60,14,44,69,1.0,10.0,9.32,8.27,12.44,25.98
17,XOM,엑슨 모빌,5,60,14,44,69,1.0,10.0,9.32,-0.23,8.31,25.32
17,ZBH,짐머 바이오멧 홀딩스,5,60,14,49,64,1.0,10.0,9.03,12.48,8.3,25.7
17,UDR,UDR,5,60,14,49,64,1.0,10.0,9.03,7.16,8.49,24.53
17,GLW,코닝,5,60,14,49,64,1.0,10.0,9.03,14.73,10.54,29.51
17,BFb,브라운-포맨 Class B,5,60,14,49,64,1.0,10.0,9.03,-7.37,10.12,22.73
17,AVB,아발론베이 커뮤니티,5,60,14,49,64,1.0,10.0,9.03,10.0,8.34,23.49
17,BG,번지 글로벌,5,60,14,49,64,1.0,10.0,9.03,4.33,9.43,28.74
17,CNP,센터포인트 에너지,5,60,14,49,64,1.0,10.0,9.03,7.17,9.04,24.5
17,OMC,옴니콤 그룹,5,60,14,49,64,1.0,10.0,9.03,11.64,10.38,24.93
17,EIX,에디슨 인터내셔널,5,60,14,49,64,1.0,10.0,9.03,1.56,8.76,23.93
17,EQR,에퀴티 레지덴셜,5,60,14,49,64,1.0,10.0,9.03,5.25,7.53,23.91
17,GRMN.K,가민,5,60,14,49,64,1.0,10.0,9.03,34.76,10.97,26.62
17,TROW.O,티 로웨 프라이스 그룹,5,60,14,49,64,1.0,10.0,9.03,7.15,11.05,28.51
17,ESS,에섹스 프로퍼티 트러스트,5,60,14,49,64,1.0,10.0,9.03,13.44,10.3,24.08
17,DGX,퀘스트 다이아그노스틱스,5,60,14,49,64,1.0,10.0,9.03,20.3,10.34,22.98
17,INVH.K,인비테이션 홈스,5,60,14,49,64,1.0,10.0,9.03,20.84,12.05,26.33
17,IFF,인터내셔널 플레이버스 & 프레그런스,5,60,14,49,64,1.0,10.0,9.03,-2.28,9.43,26.72
17,CPT,캠든 프로퍼티 트러스트,5,60,14,49,64,1.0,10.0,9.03,10.03,10.16,23.47
17,LH,랩코프 홀딩스,5,60,14,49,64,1.0,10.0,9.03,10.36,10.79,24.67
17,NWSA.O,뉴스 코퍼레이션 Class A,5,60,14,49,64,1.0,10.0,9.03,12.81,9.73,29.18
17,ARE,알렉산드리아 리얼에스테이트 이쿼티,5,60,14,49,64,1.0,10.0,9.03,6.16,7.46,24.61
17,TAP,몰슨 쿠어스 베버리지 Class B,5,60,14,49,64,1.0,10.0,9.03,-1.86,4.6,26.42
17,MAA,미드아메리카 아파트 커뮤니티,5,60,14,49,64,1.0,10.0,9.03,9.9,10.19,23.18
17,BIO,바이오래드 래보라토리스 Class A,5,60,14,49,64,1.0,10.0,9.03,-2.27,12.56,27.81
17,NTRS.O,노던 트러스트,5,60,14,49,64,1.0,10.0,9.03,11.61,8.14,28.01
17,HSIC.O,헨리 셰인,5,60,14,49,64,1.0,10.0,9.03,4.67,11.27,24.11
17,REG.O,리젠시 센터스,5,60,14,49,64,1.0,10.0,9.03,5.85,8.42,28.16
17,JNPR.K,주니퍼 네트웍스,5,60,14,49,64,1.0,10.0,9.03,13.98,9.01,29.2
17,NWS.O,뉴스 코퍼레이션 Class B,5,60,14,49,64,1.0,10.0,9.03,13.89,10.14,29.04
17,CHRW.O,CH 로빈슨 월드와이드,5,60,14,49,64,1.0,10.0,9.03,5.57,6.47,25.11
17,L,로우스,5,60,14,49,64,1.0,10.0,9.03,17.27,8.36,23.5
17,ALLE.K,얼리지언,5,60,14,49,64,1.0,10.0,9.03,0.84,12.44,25.98
17,CCI,크라운 캐슬,5,60,14,49,64,1.0,10.0,9.03,-18.44,9.94,23.52
17,BK,뱅크 오브 뉴욕 멜론,5,60,14,49,64,1.0,10.0,9.03,14.67,10.01,27.06
17,XOM,엑슨 모빌,5,60,14,49,64,1.0,10.0,9.03,-2.92,8.31,25.32
17,DIS,월트 디즈니,5,60,14,49,64,1.0,10.0,9.03,16.47,11.71,26.12
17,TGT,타겟,5,60,14,49,64,1.0,10.0,9.03,14.66,12.35,27.88
17,WFC,웰스파고,5,60,14,49,64,1.0,10.0,9.03,11.07,10.46,29.47
17,CVX,셰브론,5,60,14,49,64,1.0,10.0,9.03,4.21,9.66,27.08
17,WMT,월마트,5,60,14,49,64,1.0,10.0,9.03,8.73,7.36,26.15
17,WELL.K,웰타워,5,60,14,49,64,1.0,10.0,9.03,21.5,11.1,29.09
17,PCAR.O,파카,5,60,14,49,64,1.0,10.0,9.03,32.46,12.07,27.58
17,CSCO.O,시스코 시스템즈,5,60,14,49,64,1.0,10.0,9.03,18.27,9.03,25.97
17,SYY,시스코,5,60,14,49,64,1.0,10.0,9.03,10.25,10.24,26.42
17,ELV,엘레반스 헬스,5,60,14,49,64,1.0,10.0,9.03,23.41,9.99,23.55
17,FRT,페더럴 리얼티 인베스트먼트 트러스트,5,60,14,49,64,1.0,10.0,9.03,0.76,5.9,26.44
17,CVS,CVS 헬스,5,60,14,49,64,1.0,10.0,9.03,-2.64,8.17,24.34
17,PNC,PNC 파이낸셜 서비스,5,60,14,49,64,1.0,10.0,9.03,18.99,11.04,28.0
17,ADM,아처 대니얼스 미들랜드,5,60,14,49,64,1.0,10.0,9.03,6.91,9.68,26.0
17,FIS,피델리티 내셔널 인포메이션 서비스,5,60,14,49,64,1.0,10.0,9.03,-3.86,11.44,26.94
17,SRE,셈프라 에너지,5,60,14,49,64,1.0,10.0,9.03,10.34,7.02,25.36
17,CTSH.O,코그니전트 테크놀로지 솔루션,5,60,14,49,64,1.0,10.0,9.03,10.38,11.51,29.02
17,CAH,카디널 헬스,5,60,14,49,64,1.0,10.0,9.03,1.51,11.6,26.49
17,O,리얼티 인컴,5,60,14,49,64,1.0,10.0,9.03,6.56,6.91,24.34
17,IP,인터내셔널 페이퍼,5,60,14,49,64,1.0,10.0,9.03,6.08,9.11,29.51
17,USB,U.S. 뱅코프,5,60,14,49,64,1.0,10.0,9.03,6.08,7.71,27.64
17,DLR,디지털 리얼티 트러스트,5,60,14,49,64,1.0,10.0,9.03,7.44,10.67,26.76
17,EMR,에머슨 일렉트릭,5,60,14,49,64,1.0,10.0,9.03,11.7,10.1,26.3
17,CAH,카디널 헬스,5,120,14,49,69,1.0,10.0,8.98,4.21,11.6,26.49
17,USB,U.S. 뱅코프,5,120,14,49,69,1.0,10.0,8.98,3.53,7.71,27.64
17,IP,인터내셔널 페이퍼,5,120,14,49,69,1.0,10.0,8.98,5.41,9.11,29.51
17,O,리얼티 인컴,5,120,14,49,69,1.0,10.0,8.98,8.91,6.91,24.34
17,PNC,PNC 파이낸셜 서비스,5,120,14,49,69,1.0,10.0,8.98,14.74,11.04,28.0
17,CTSH.O,코그니전트 테크놀로지 솔루션,5,120,14,49,69,1.0,10.0,8.98,10.15,11.51,29.02
17,GLW,코닝,5,120,14,49,69,1.0,10.0,8.98,18.32,10.54,29.51
17,SRE,셈프라 에너지,5,120,14,49,69,1.0,10.0,8.98,10.38,7.02,25.36
17,FIS,피델리티 내셔널 인포메이션 서비스,5,120,14,49,69,1.0,10.0,8.98,-4.84,11.44,26.94
17,BK,뱅크 오브 뉴욕 멜론,5,120,14,49,69,1.0,10.0,8.98,11.26,10.01,27.06
17,ALLE.K,얼리지언,5,120,14,49,69,1.0,10.0,8.98,4.37,12.44,25.98
17,EMR,에머슨 일렉트릭,5,120,14,49,69,1.0,10.0,8.98,15.08,10.1,26.3
17,DLR,디지털 리얼티 트러스트,5,120,14,49,69,1.0,10.0,8.98,28.12,10.67,26.76
17,SYY,시스코,5,120,14,49,69,1.0,10.0,8.98,8.49,10.24,26.42
17,ADM,아처 대니얼스 미들랜드,5,120,14,49,69,1.0,10.0,8.98,10.4,9.68,26.0
17,CVS,CVS 헬스,5,120,14,49,69,1.0,10.0,8.98,-0.36,8.17,24.34
17,CCI,크라운 캐슬,5,120,14,49,69,1.0,10.0,8.98,-15.46,9.94,23.52
17,ELV,엘레반스 헬스,5,120,14,49,69,1.0,10.0,8.98,25.28,9.99,23.55
17,ZBH,짐머 바이오멧 홀딩스,5,120,14,49,69,1.0,10.0,8.98,7.56,8.3,25.7
17,CSCO.O,시스코 시스템즈,5,120,14,49,69,1.0,10.0,8.98,11.46,9.03,25.97
17,PCAR.O,파카,5,120,14,49,69,1.0,10.0,8.98,11.17,12.07,27.58
17,WELL.K,웰타워,5,120,14,49,69,1.0,10.0,8.98,15.14,11.1,29.09
17,WMT,월마트,5,120,14,49,69,1.0,10.0,8.98,12.15,7.36,26.15
17,CVX,셰브론,5,120,14,49,69,1.0,10.0,8.98,3.96,9.66,27.08
17,WFC,웰스파고,5,120,14,49,69,1.0,10.0,8.98,5.45,10.46,29.47
17,TGT,타겟,5,120,14,49,69,1.0,10.0,8.98,11.48,12.35,27.88
17,DIS,월트 디즈니,5,120,14,49,69,1.0,10.0,8.98,5.71,11.71,26.12
17,CHRW.O,CH 로빈슨 월드와이드,5,120,14,49,69,1.0,10.0,8.98,2.32,6.47,25.11
17,EIX,에디슨 인터내셔널,5,120,14,49,69,1.0,10.0,8.98,2.23,8.76,23.93
17,BFb,브라운-포맨 Class B,5,120,14,49,69,1.0,10.0,8.98,-7.29,10.12,22.73
17,NWSA.O,뉴스 코퍼레이션 Class A,5,120,14,49,69,1.0,10.0,8.98,11.82,9.73,29.18
17,NWS.O,뉴스 코퍼레이션 Class B,5,120,14,49,69,1.0,10.0,8.98,12.32,10.14,29.04
17,XOM,엑슨 모빌,5,120,14,49,69,1.0,10.0,8.98,0.71,8.31,25.32
17,FRT,페더럴 리얼티 인베스트먼트 트러스트,5,120,14,49,69,1.0,10.0,8.98,-4.11,5.9,26.44
17,L,로우스,5,120,14,49,69,1.0,10.0,8.98,4.6,8.36,23.5
17,JNPR.K,주니퍼 네트웍스,5,120,14,49,69,1.0,10.0,8.98,7.98,9.01,29.2
17,REG.O,리젠시 센터스,5,120,14,49,69,1.0,10.0,8.98,3.34,8.42,28.16
17,HSIC.O,헨리 셰인,5,120,14,49,69,1.0,10.0,8.98,0.46,11.27,24.11
17,NTRS.O,노던 트러스트,5,120,14,49,69,1.0,10.0,8.98,8.58,8.14,28.01
17,BIO,바이오래드 래보라토리스 Class A,5,120,14,49,69,1.0,10.0,8.98,-5.21,12.56,27.81
17,MAA,미드아메리카 아파트 커뮤니티,5,120,14,49,69,1.0,10.0,8.98,10.84,10.19,23.18
17,TAP,몰슨 쿠어스 베버리지 Class B,5,120,14,49,69,1.0,10.0,8.98,-0.96,4.6,26.42
17,ARE,알렉산드리아 리얼에스테이트 이쿼티,5,120,14,49,69,1.0,10.0,8.98,9.92,7.46,24.61
17,UDR,UDR,5,120,14,49,69,1.0,10.0,8.98,13.44,8.49,24.53
17,AVB,아발론베이 커뮤니티,5,120,14,49,69,1.0,10.0,8.98,8.13,8.34,23.49
17,LH,랩코프 홀딩스,5,120,14,49,69,1.0,10.0,8.98,11.6,10.79,24.67
17,IFF,인터내셔널 플레이버스 & 프레그런스,5,120,14,49,69,1.0,10.0,8.98,-2.02,9.43,26.72
17,INVH.K,인비테이션 홈스,5,120,14,49,69,1.0,10.0,8.98,11.19,12.05,26.33
17,DGX,퀘스트 다이아그노스틱스,5,120,14,49,69,1.0,10.0,8.98,12.54,10.34,22.98
17,ESS,에섹스 프로퍼티 트러스트,5,120,14,49,69,1.0,10.0,8.98,29.46,10.3,24.08
17,TROW.O,티 로웨 프라이스 그룹,5,120,14,49,69,1.0,10.0,8.98,11.58,11.05,28.51
17,GRMN.K,가민,5,120,14,49,69,1.0,10.0,8.98,82.66,10.97,26.62
17,EQR,에퀴티 레지덴셜,5,120,14,49,69,1.0,10.0,8.98,8.69,7.53,23.91
17,OMC,옴니콤 그룹,5,120,14,49,69,1.0,10.0,8.98,4.82,10.38,24.93
17,CNP,센터포인트 에너지,5,120,14,49,69,1.0,10.0,8.98,7.6,9.04,24.5
17,BG,번지 글로벌,5,120,14,49,69,1.0,10.0,8.98,3.07,9.43,28.74
17,CPT,캠든 프로퍼티 트러스트,5,120,14,49,69,1.0,10.0,8.98,9.72,10.16,23.47
17,FRT,페더럴 리얼티 인베스트먼트 트러스트,5,60,14,34,79,1.0,10.0,8.86,5.89,5.9,26.44
17,NWS.O,뉴스 코퍼레이션 Class B,5,60,14,34,79,1.0,10.0,8.86,8.34,10.14,29.04
17,ESS,에섹스 프로퍼티 트러스트,5,60,14,34,79,1.0,10.0,8.86,0.0,10.3,24.08
17,ALLE.K,얼리지언,5,60,14,34,79,1.0,10.0,8.86,0.0,12.44,25.98
17,CHRW.O,CH 로빈슨 월드와이드,5,60,14,34,79,1.0,10.0,8.86,3.19,6.47,25.11
17,ZBH,짐머 바이오멧 홀딩스,5,60,14,34,79,1.0,10.0,8.86,0.0,8.3,25.7
17,BFb,브라운-포맨 Class B,5,60,14,34,79,1.0,10.0,8.86,0.0,10.12,22.73
17,AVB,아발론베이 커뮤니티,5,60,14,34,79,1.0,10.0,8.86,6.48,8.34,23.49
17,CNP,센터포인트 에너지,5,60,14,34,79,1.0,10.0,8.86,5.98,9.04,24.5
17,OMC,옴니콤 그룹,5,60,14,34,79,1.0,10.0,8.86,12.46,10.38,24.93
17,EIX,에디슨 인터내셔널,5,60,14,34,79,1.0,10.0,8.86,0.0,8.76,23.93
17,EQR,에퀴티 레지덴셜,5,60,14,34,79,1.0,10.0,8.86,5.81,7.53,23.91
17,GRMN.K,가민,5,60,14,34,79,1.0,10.0,8.86,0.0,10.97,26.62
17,TROW.O,티 로웨 프라이스 그룹,5,60,14,34,79,1.0,10.0,8.86,0.0,11.05,28.51
17,DGX,퀘스트 다이아그노스틱스,5,60,14,34,79,1.0,10.0,8.86,0.0,10.34,22.98
17,INVH.K,인비테이션 홈스,5,60,14,34,79,1.0,10.0,8.86,0.0,12.05,26.33
17,IFF,인터내셔널 플레이버스 & 프레그런스,5,60,14,34,79,1.0,10.0,8.86,65.2,9.43,26.72
17,CPT,캠든 프로퍼티 트러스트,5,60,14,34,79,1.0,10.0,8.86,0.0,10.16,23.47
17,LH,랩코프 홀딩스,5,60,14,34,79,1.0,10.0,8.86,0.0,10.79,24.67
17,UDR,UDR,5,60,14,34,79,1.0,10.0,8.86,3.86,8.49,24.53
17,NWSA.O,뉴스 코퍼레이션 Class A,5,60,14,34,79,1.0,10.0,8.86,8.16,9.73,29.18
17,ARE,알렉산드리아 리얼에스테이트 이쿼티,5,60,14,34,79,1.0,10.0,8.86,20.5,7.46,24.61
17,TAP,몰슨 쿠어스 베버리지 Class B,5,60,14,34,79,1.0,10.0,8.86,1.34,4.6,26.42
17,MAA,미드아메리카 아파트 커뮤니티,5,60,14,34,79,1.0,10.0,8.86,0.0,10.19,23.18
17,BIO,바이오래드 래보라토리스 Class A,5,60,14,34,79,1.0,10.0,8.86,0.0,12.56,27.81
17,NTRS.O,노던 트러스트,5,60,14,34,79,1.0,10.0,8.86,6.46,8.14,28.01
17,HSIC.O,헨리 셰인,5,60,14,34,79,1.0,10.0,8.86,0.0,11.27,24.11
17,REG.O,리젠시 센터스,5,60,14,34,79,1.0,10.0,8.86,7.74,8.42,28.16
17,JNPR.K,주니퍼 네트웍스,5,60,14,34,79,1.0,10.0,8.86,12.18,9.01,29.2
17,GLW,코닝,5,60,14,34,79,1.0,10.0,8.86,8.3,10.54,29.51
17,BG,번지 글로벌,5,60,14,34,79,1.0,10.0,8.86,27.94,9.43,28.74
17,BK,뱅크 오브 뉴욕 멜론,5,60,14,34,79,1.0,10.0,8.86,8.51,10.01,27.06
17,CCI,크라운 캐슬,5,60,14,34,79,1.0,10.0,8.86,0.91,9.94,23.52
17,XOM,엑슨 모빌,5,60,14,34,79,1.0,10.0,8.86,4.38,8.31,25.32
17,DIS,월트 디즈니,5,60,14,34,79,1.0,10.0,8.86,17.72,11.71,26.12
17,TGT,타겟,5,60,14,34,79,1.0,10.0,8.86,41.44,12.35,27.88
17,WFC,웰스파고,5,60,14,34,79,1.0,10.0,8.86,22.42,10.46,29.47
17,CVX,셰브론,5,60,14,34,79,1.0,10.0,8.86,6.79,9.66,27.08
17,WMT,월마트,5,60,14,34,79,1.0,10.0,8.86,9.09,7.36,26.15
17,WELL.K,웰타워,5,60,14,34,79,1.0,10.0,8.86,10.78,11.1,29.09
17,PCAR.O,파카,5,60,14,34,79,1.0,10.0,8.86,9.25,12.07,27.58
17,FIS,피델리티 내셔널 인포메이션 서비스,5,60,14,34,79,1.0,10.0,8.86,35.29,11.44,26.94
17,SYY,시스코,5,60,14,34,79,1.0,10.0,8.86,0.0,10.24,26.42
17,L,로우스,5,60,14,34,79,1.0,10.0,8.86,20.78,8.36,23.5
17,ELV,엘레반스 헬스,5,60,14,34,79,1.0,10.0,8.86,0.0,9.99,23.55
17,CSCO.O,시스코 시스템즈,5,60,14,34,79,1.0,10.0,8.86,16.6,9.03,25.97
17,CVS,CVS 헬스,5,60,14,34,79,1.0,10.0,8.86,0.0,8.17,24.34
17,O,리얼티 인컴,5,60,14,34,79,1.0,10.0,8.86,-0.28,6.91,24.34
17,ADM,아처 대니얼스 미들랜드,5,60,14,34,79,1.0,10.0,8.86,0.0,9.68,26.0
17,CAH,카디널 헬스,5,60,14,34,79,1.0,10.0,8.86,0.0,11.6,26.49
17,CTSH.O,코그니전트 테크놀로지 솔루션,5,60,14,34,79,1.0,10.0,8.86,0.0,11.51,29.02
17,PNC,PNC 파이낸셜 서비스,5,60,14,34,79,1.0,10.0,8.86,19.27,11.04,28.0
17,SRE,셈프라 에너지,5,60,14,34,79,1.0,10.0,8.86,5.81,7.02,25.36
17,IP,인터내셔널 페이퍼,5,60,14,34,79,1.0,10.0,8.86,0.0,9.11,29.51
17,DLR,디지털 리얼티 트러스트,5,60,14,34,79,1.0,10.0,8.86,37.18,10.67,26.76
17,EMR,에머슨 일렉트릭,5,60,14,34,79,1.0,10.0,8.86,6.84,10.1,26.3
17,USB,U.S. 뱅코프,5,60,14,34,79,1.0,10.0,8.86,22.29,7.71,27.64
17,TROW.O,티 로웨 프라이스 그룹,5,60,14,39,79,1.0,10.0,8.83,12.23,11.05,28.51
17,CPT,캠든 프로퍼티 트러스트,5,60,14,39,79,1.0,10.0,8.83,32.07,10.16,23.47
17,IFF,인터내셔널 플레이버스 & 프레그런스,5,60,14,39,79,1.0,10.0,8.83,-6.17,9.43,26.72
17,INVH.K,인비테이션 홈스,5,60,14,39,79,1.0,10.0,8.83,63.38,12.05,26.33
17,DGX,퀘스트 다이아그노스틱스,5,60,14,39,79,1.0,10.0,8.83,6.16,10.34,22.98
17,ESS,에섹스 프로퍼티 트러스트,5,60,14,39,79,1.0,10.0,8.83,5.29,10.3,24.08
17,EQR,에퀴티 레지덴셜,5,60,14,39,79,1.0,10.0,8.83,2.24,7.53,23.91
17,GRMN.K,가민,5,60,14,39,79,1.0,10.0,8.83,52.42,10.97,26.62
17,EIX,에디슨 인터내셔널,5,60,14,39,79,1.0,10.0,8.83,1.56,8.76,23.93
17,OMC,옴니콤 그룹,5,60,14,39,79,1.0,10.0,8.83,6.11,10.38,24.93
17,CNP,센터포인트 에너지,5,60,14,39,79,1.0,10.0,8.83,5.27,9.04,24.5
17,UDR,UDR,5,60,14,39,79,1.0,10.0,8.83,3.86,8.49,24.53
17,LH,랩코프 홀딩스,5,60,14,39,79,1.0,10.0,8.83,48.34,10.79,24.67
17,TGT,타겟,5,60,14,39,79,1.0,10.0,8.83,33.18,12.35,27.88
17,NWSA.O,뉴스 코퍼레이션 Class A,5,60,14,39,79,1.0,10.0,8.83,8.16,9.73,29.18
17,ARE,알렉산드리아 리얼에스테이트 이쿼티,5,60,14,39,79,1.0,10.0,8.83,4.06,7.46,24.61
17,TAP,몰슨 쿠어스 베버리지 Class B,5,60,14,39,79,1.0,10.0,8.83,1.34,4.6,26.42
17,MAA,미드아메리카 아파트 커뮤니티,5,60,14,39,79,1.0,10.0,8.83,22.74,10.19,23.18
17,BIO,바이오래드 래보라토리스 Class A,5,60,14,39,79,1.0,10.0,8.83,-26.69,12.56,27.81
17,NTRS.O,노던 트러스트,5,60,14,39,79,1.0,10.0,8.83,6.46,8.14,28.01
17,HSIC.O,헨리 셰인,5,60,14,39,79,1.0,10.0,8.83,1.67,11.27,24.11
17,REG.O,리젠시 센터스,5,60,14,39,79,1.0,10.0,8.83,3.79,8.42,28.16
17,JNPR.K,주니퍼 네트웍스,5,60,14,39,79,1.0,10.0,8.83,12.18,9.01,29.2
17,L,로우스,5,60,14,39,79,1.0,10.0,8.83,5.58,8.36,23.5
17,FRT,페더럴 리얼티 인베스트먼트 트러스트,5,60,14,39,79,1.0,10.0,8.83,-3.61,5.9,26.44
17,NWS.O,뉴스 코퍼레이션 Class B,5,60,14,39,79,1.0,10.0,8.83,6.86,10.14,29.04
17,AVB,아발론베이 커뮤니티,5,60,14,39,79,1.0,10.0,8.83,6.71,8.34,23.49
17,BG,번지 글로벌,5,60,14,39,79,1.0,10.0,8.83,8.16,9.43,28.74
17,USB,U.S. 뱅코프,5,60,14,39,79,1.0,10.0,8.83,2.07,7.71,27.64
17,BFb,브라운-포맨 Class B,5,60,14,39,79,1.0,10.0,8.83,-53.95,10.12,22.73
17,EMR,에머슨 일렉트릭,5,60,14,39,79,1.0,10.0,8.83,6.84,10.1,26.3
17,ZBH,짐머 바이오멧 홀딩스,5,60,14,39,79,1.0,10.0,8.83,-2.57,8.3,25.7
17,WFC,웰스파고,5,60,14,39,79,1.0,10.0,8.83,22.42,10.46,29.47
17,CVX,셰브론,5,60,14,39,79,1.0,10.0,8.83,6.79,9.66,27.08
17,WMT,월마트,5,60,14,39,79,1.0,10.0,8.83,9.09,7.36,26.15
17,WELL.K,웰타워,5,60,14,39,79,1.0,10.0,8.83,10.78,11.1,29.09
17,PCAR.O,파카,5,60,14,39,79,1.0,10.0,8.83,9.25,12.07,27.58
17,CSCO.O,시스코 시스템즈,5,60,14,39,79,1.0,10.0,8.83,11.54,9.03,25.97
17,SYY,시스코,5,60,14,39,79,1.0,10.0,8.83,7.68,10.24,26.42
17,ELV,엘레반스 헬스,5,60,14,39,79,1.0,10.0,8.83,25.28,9.99,23.55
17,CCI,크라운 캐슬,5,60,14,39,79,1.0,10.0,8.83,0.91,9.94,23.52
17,CVS,CVS 헬스,5,60,14,39,79,1.0,10.0,8.83,-4.32,8.17,24.34
17,ADM,아처 대니얼스 미들랜드,5,60,14,39,79,1.0,10.0,8.83,11.6,9.68,26.0
17,XOM,엑슨 모빌,5,60,14,39,79,1.0,10.0,8.83,4.38,8.31,25.32
17,DLR,디지털 리얼티 트러스트,5,60,14,39,79,1.0,10.0,8.83,15.7,10.67,26.76
17,SRE,셈프라 에너지,5,60,14,39,79,1.0,10.0,8.83,6.02,7.02,25.36
17,DIS,월트 디즈니,5,60,14,39,79,1.0,10.0,8.83,17.72,11.71,26.12
17,GLW,코닝,5,60,14,39,79,1.0,10.0,8.83,8.3,10.54,29.51
17,ALLE.K,얼리지언,5,60,14,39,79,1.0,10.0,8.83,8.27,12.44,25.98
17,BK,뱅크 오브 뉴욕 멜론,5,60,14,39,79,1.0,10.0,8.83,8.51,10.01,27.06
17,FIS,피델리티 내셔널 인포메이션 서비스,5,60,14,39,79,1.0,10.0,8.83,10.56,11.44,26.94
17,CHRW.O,CH 로빈슨 월드와이드,5,60,14,39,79,1.0,10.0,8.83,3.19,6.47,25.11
17,CAH,카디널 헬스,5,60,14,39,79,1.0,10.0,8.83,6.94,11.6,26.49
17,PNC,PNC 파이낸셜 서비스,5,60,14,39,79,1.0,10.0,8.83,19.45,11.04,28.0
17,O,리얼티 인컴,5,60,14,39,79,1.0,10.0,8.83,-0.28,6.91,24.34
17,IP,인터내셔널 페이퍼,5,60,14,39,79,1.0,10.0,8.83,0.04,9.11,29.51
17,CTSH.O,코그니전트 테크놀로지 솔루션,5,60,14,39,79,1.0,10.0,8.83,7.85,11.51,29.02
17,CTSH.O,코그니전트 테크놀로지 솔루션,5,120,14,44,69,1.0,10.0,8.64,1.79,11.51,29.02
17,USB,U.S. 뱅코프,5,120,14,44,69,1.0,10.0,8.64,1.5,7.71,27.64
17,IP,인터내셔널 페이퍼,5,120,14,44,69,1.0,10.0,8.64,9.68,9.11,29.51
17,O,리얼티 인컴,5,120,14,44,69,1.0,10.0,8.64,12.02,6.91,24.34
17,PNC,PNC 파이낸셜 서비스,5,120,14,44,69,1.0,10.0,8.64,21.92,11.04,28.0
17,SRE,셈프라 에너지,5,120,14,44,69,1.0,10.0,8.64,11.24,7.02,25.36
17,CAH,카디널 헬스,5,120,14,44,69,1.0,10.0,8.64,3.41,11.6,26.49
17,FIS,피델리티 내셔널 인포메이션 서비스,5,120,14,44,69,1.0,10.0,8.64,2.91,11.44,26.94
17,BK,뱅크 오브 뉴욕 멜론,5,120,14,44,69,1.0,10.0,8.64,12.19,10.01,27.06
17,ALLE.K,얼리지언,5,120,14,44,69,1.0,10.0,8.64,0.0,12.44,25.98
17,EMR,에머슨 일렉트릭,5,120,14,44,69,1.0,10.0,8.64,18.93,10.1,26.3
17,GLW,코닝,5,120,14,44,69,1.0,10.0,8.64,37.69,10.54,29.51
17,DLR,디지털 리얼티 트러스트,5,120,14,44,69,1.0,10.0,8.64,28.12,10.67,26.76
17,PCAR.O,파카,5,120,14,44,69,1.0,10.0,8.64,12.18,12.07,27.58
17,ADM,아처 대니얼스 미들랜드,5,120,14,44,69,1.0,10.0,8.64,10.66,9.68,26.0
17,CVS,CVS 헬스,5,120,14,44,69,1.0,10.0,8.64,-0.36,8.17,24.34
17,CCI,크라운 캐슬,5,120,14,44,69,1.0,10.0,8.64,-25.76,9.94,23.52
17,ELV,엘레반스 헬스,5,120,14,44,69,1.0,10.0,8.64,25.28,9.99,23.55
17,SYY,시스코,5,120,14,44,69,1.0,10.0,8.64,9.45,10.24,26.42
17,CSCO.O,시스코 시스템즈,5,120,14,44,69,1.0,10.0,8.64,13.6,9.03,25.97
17,WELL.K,웰타워,5,120,14,44,69,1.0,10.0,8.64,24.1,11.1,29.09
17,WMT,월마트,5,120,14,44,69,1.0,10.0,8.64,6.07,7.36,26.15
17,CVX,셰브론,5,120,14,44,69,1.0,10.0,8.64,3.96,9.66,27.08
17,WFC,웰스파고,5,120,14,44,69,1.0,10.0,8.64,5.08,10.46,29.47
17,TGT,타겟,5,120,14,44,69,1.0,10.0,8.64,16.78,12.35,27.88
17,DIS,월트 디즈니,5,120,14,44,69,1.0,10.0,8.64,-11.3,11.71,26.12
17,XOM,엑슨 모빌,5,120,14,44,69,1.0,10.0,8.64,0.71,8.31,25.32
17,CHRW.O,CH 로빈슨 월드와이드,5,120,14,44,69,1.0,10.0,8.64,7.09,6.47,25.11
17,ZBH,짐머 바이오멧 홀딩스,5,120,14,44,69,1.0,10.0,8.64,-3.84,8.3,25.7
17,BFb,브라운-포맨 Class B,5,120,14,44,69,1.0,10.0,8.64,-32.6,10.12,22.73
17,UDR,UDR,5,120,14,44,69,1.0,10.0,8.64,18.63,8.49,24.53
17,NWS.O,뉴스 코퍼레이션 Class B,5,120,14,44,69,1.0,10.0,8.64,12.32,10.14,29.04
17,FRT,페더럴 리얼티 인베스트먼트 트러스트,5,120,14,44,69,1.0,10.0,8.64,-4.11,5.9,26.44
17,L,로우스,5,120,14,44,69,1.0,10.0,8.64,10.33,8.36,23.5
17,JNPR.K,주니퍼 네트웍스,5,120,14,44,69,1.0,10.0,8.64,11.72,9.01,29.2
17,REG.O,리젠시 센터스,5,120,14,44,69,1.0,10.0,8.64,-1.11,8.42,28.16
17,HSIC.O,헨리 셰인,5,120,14,44,69,1.0,10.0,8.64,0.46,11.27,24.11
17,NTRS.O,노던 트러스트,5,120,14,44,69,1.0,10.0,8.64,5.37,8.14,28.01
17,BIO,바이오래드 래보라토리스 Class A,5,120,14,44,69,1.0,10.0,8.64,-31.44,12.56,27.81
17,MAA,미드아메리카 아파트 커뮤니티,5,120,14,44,69,1.0,10.0,8.64,15.23,10.19,23.18
17,TAP,몰슨 쿠어스 베버리지 Class B,5,120,14,44,69,1.0,10.0,8.64,-0.96,4.6,26.42
17,ARE,알렉산드리아 리얼에스테이트 이쿼티,5,120,14,44,69,1.0,10.0,8.64,2.06,7.46,24.61
17,NWSA.O,뉴스 코퍼레이션 Class A,5,120,14,44,69,1.0,10.0,8.64,11.82,9.73,29.18
17,AVB,아발론베이 커뮤니티,5,120,14,44,69,1.0,10.0,8.64,24.76,8.34,23.49
17,LH,랩코프 홀딩스,5,120,14,44,69,1.0,10.0,8.64,19.09,10.79,24.67
17,GRMN.K,가민,5,120,14,44,69,1.0,10.0,8.64,84.21,10.97,26.62
17,CPT,캠든 프로퍼티 트러스트,5,120,14,44,69,1.0,10.0,8.64,-3.46,10.16,23.47
17,CNP,센터포인트 에너지,5,120,14,44,69,1.0,10.0,8.64,18.6,9.04,24.5
17,OMC,옴니콤 그룹,5,120,14,44,69,1.0,10.0,8.64,5.96,10.38,24.93
17,EIX,에디슨 인터내셔널,5,120,14,44,69,1.0,10.0,8.64,2.23,8.76,23.93
17,EQR,에퀴티 레지덴셜,5,120,14,44,69,1.0,10.0,8.64,10.15,7.53,23.91
17,BG,번지 글로벌,5,120,14,44,69,1.0,10.0,8.64,4.86,9.43,28.74
17,TROW.O,티 로웨 프라이스 그룹,5,120,14,44,69,1.0,10.0,8.64,6.0,11.05,28.51
17,DGX,퀘스트 다이아그노스틱스,5,120,14,44,69,1.0,10.0,8.64,28.9,10.34,22.98
17,INVH.K,인비테이션 홈스,5,120,14,44,69,1.0,10.0,8.64,0.0,12.05,26.33
17,ESS,에섹스 프로퍼티 트러스트,5,120,14,44,69,1.0,10.0,8.64,25.94,10.3,24.08
17,IFF,인터내셔널 플레이버스 & 프레그런스,5,120,14,44,69,1.0,10.0,8.64,-7.49,9.43,26.72
17,EIX,에디슨 인터내셔널,5,120,14,34,74,1.0,10.0,8.39,0.0,8.76,23.93
17,ESS,에섹스 프로퍼티 트러스트,5,120,14,34,74,1.0,10.0,8.39,0.0,10.3,24.08
17,TROW.O,티 로웨 프라이스 그룹,5,120,14,34,74,1.0,10.0,8.39,0.0,11.05,28.51
17,GRMN.K,가민,5,120,14,34,74,1.0,10.0,8.39,0.0,10.97,26.62
17,EQR,에퀴티 레지덴셜,5,120,14,34,74,1.0,10.0,8.39,4.26,7.53,23.91
17,CNP,센터포인트 에너지,5,120,14,34,74,1.0,10.0,8.39,6.39,9.04,24.5
17,OMC,옴니콤 그룹,5,120,14,34,74,1.0,10.0,8.39,13.18,10.38,24.93
17,BG,번지 글로벌,5,120,14,34,74,1.0,10.0,8.39,135.41,9.43,28.74
17,AVB,아발론베이 커뮤니티,5,120,14,34,74,1.0,10.0,8.39,5.25,8.34,23.49
17,BFb,브라운-포맨 Class B,5,120,14,34,74,1.0,10.0,8.39,0.0,10.12,22.73
17,INVH.K,인비테이션 홈스,5,120,14,34,74,1.0,10.0,8.39,0.0,12.05,26.33
17,DGX,퀘스트 다이아그노스틱스,5,120,14,34,74,1.0,10.0,8.39,0.0,10.34,22.98
17,ARE,알렉산드리아 리얼에스테이트 이쿼티,5,120,14,34,74,1.0,10.0,8.39,0.0,7.46,24.61
17,IFF,인터내셔널 플레이버스 & 프레그런스,5,120,14,34,74,1.0,10.0,8.39,48.42,9.43,26.72
17,CPT,캠든 프로퍼티 트러스트,5,120,14,34,74,1.0,10.0,8.39,0.0,10.16,23.47
17,LH,랩코프 홀딩스,5,120,14,34,74,1.0,10.0,8.39,0.0,10.79,24.67
17,UDR,UDR,5,120,14,34,74,1.0,10.0,8.39,42.96,8.49,24.53
17,NWSA.O,뉴스 코퍼레이션 Class A,5,120,14,34,74,1.0,10.0,8.39,10.76,9.73,29.18
17,CHRW.O,CH 로빈슨 월드와이드,5,120,14,34,74,1.0,10.0,8.39,0.0,6.47,25.11
17,TAP,몰슨 쿠어스 베버리지 Class B,5,120,14,34,74,1.0,10.0,8.39,-3.98,4.6,26.42
17,MAA,미드아메리카 아파트 커뮤니티,5,120,14,34,74,1.0,10.0,8.39,0.0,10.19,23.18
17,BIO,바이오래드 래보라토리스 Class A,5,120,14,34,74,1.0,10.0,8.39,0.0,12.56,27.81
17,NTRS.O,노던 트러스트,5,120,14,34,74,1.0,10.0,8.39,6.14,8.14,28.01
17,HSIC.O,헨리 셰인,5,120,14,34,74,1.0,10.0,8.39,0.0,11.27,24.11
17,REG.O,리젠시 센터스,5,120,14,34,74,1.0,10.0,8.39,8.62,8.42,28.16
17,ZBH,짐머 바이오멧 홀딩스,5,120,14,34,74,1.0,10.0,8.39,0.0,8.3,25.7
17,CTSH.O,코그니전트 테크놀로지 솔루션,5,120,14,34,74,1.0,10.0,8.39,0.0,11.51,29.02
17,GLW,코닝,5,120,14,34,74,1.0,10.0,8.39,0.0,10.54,29.51
17,CCI,크라운 캐슬,5,120,14,34,74,1.0,10.0,8.39,-10.42,9.94,23.52
17,XOM,엑슨 모빌,5,120,14,34,74,1.0,10.0,8.39,2.32,8.31,25.32
17,DIS,월트 디즈니,5,120,14,34,74,1.0,10.0,8.39,0.0,11.71,26.12
17,TGT,타겟,5,120,14,34,74,1.0,10.0,8.39,0.0,12.35,27.88
17,WFC,웰스파고,5,120,14,34,74,1.0,10.0,8.39,26.52,10.46,29.47
17,CVX,셰브론,5,120,14,34,74,1.0,10.0,8.39,55.47,9.66,27.08
17,WMT,월마트,5,120,14,34,74,1.0,10.0,8.39,8.12,7.36,26.15
17,WELL.K,웰타워,5,120,14,34,74,1.0,10.0,8.39,0.0,11.1,29.09
17,PCAR.O,파카,5,120,14,34,74,1.0,10.0,8.39,0.0,12.07,27.58
17,CSCO.O,시스코 시스템즈,5,120,14,34,74,1.0,10.0,8.39,15.74,9.03,25.97
17,SYY,시스코,5,120,14,34,74,1.0,10.0,8.39,0.0,10.24,26.42
17,ELV,엘레반스 헬스,5,120,14,34,74,1.0,10.0,8.39,0.0,9.99,23.55
17,CVS,CVS 헬스,5,120,14,34,74,1.0,10.0,8.39,0.0,8.17,24.34
17,ALLE.K,얼리지언,5,120,14,34,74,1.0,10.0,8.39,0.0,12.44,25.98
17,L,로우스,5,120,14,34,74,1.0,10.0,8.39,0.0,8.36,23.5
17,EMR,에머슨 일렉트릭,5,120,14,34,74,1.0,10.0,8.39,0.0,10.1,26.3
17,DLR,디지털 리얼티 트러스트,5,120,14,34,74,1.0,10.0,8.39,29.45,10.67,26.76
17,USB,U.S. 뱅코프,5,120,14,34,74,1.0,10.0,8.39,0.0,7.71,27.64
17,IP,인터내셔널 페이퍼,5,120,14,34,74,1.0,10.0,8.39,0.0,9.11,29.51
17,O,리얼티 인컴,5,120,14,34,74,1.0,10.0,8.39,0.0,6.91,24.34
17,PNC,PNC 파이낸셜 서비스,5,120,14,34,74,1.0,10.0,8.39,19.93,11.04,28.0
17,CAH,카디널 헬스,5,120,14,34,74,1.0,10.0,8.39,0.0,11.6,26.49
17,SRE,셈프라 에너지,5,120,14,34,74,1.0,10.0,8.39,0.0,7.02,25.36
17,FIS,피델리티 내셔널 인포메이션 서비스,5,120,14,34,74,1.0,10.0,8.39,27.57,11.44,26.94
17,BK,뱅크 오브 뉴욕 멜론,5,120,14,34,74,1.0,10.0,8.39,0.0,10.01,27.06
17,JNPR.K,주니퍼 네트웍스,5,120,14,34,74,1.0,10.0,8.39,10.61,9.01,29.2
17,ADM,아처 대니얼스 미들랜드,5,120,14,34,74,1.0,10.0,8.39,0.0,9.68,26.0
17,NWS.O,뉴스 코퍼레이션 Class B,5,120,14,34,74,1.0,10.0,8.39,9.99,10.14,29.04
17,FRT,페더럴 리얼티 인베스트먼트 트러스트,5,120,14,34,74,1.0,10.0,8.39,5.77,5.9,26.44
17,DIS,월트 디즈니,5,60,14,49,69,1.0,10.0,8.15,9.31,11.71,26.12
17,DLR,디지털 리얼티 트러스트,5,60,14,49,69,1.0,10.0,8.15,9.79,10.67,26.76
17,GLW,코닝,5,60,14,49,69,1.0,10.0,8.15,17.84,10.54,29.51
17,ALLE.K,얼리지언,5,60,14,49,69,1.0,10.0,8.15,0.84,12.44,25.98
17,BK,뱅크 오브 뉴욕 멜론,5,60,14,49,69,1.0,10.0,8.15,11.36,10.01,27.06
17,FIS,피델리티 내셔널 인포메이션 서비스,5,60,14,49,69,1.0,10.0,8.15,-0.66,11.44,26.94
17,SRE,셈프라 에너지,5,60,14,49,69,1.0,10.0,8.15,11.11,7.02,25.36
17,CAH,카디널 헬스,5,60,14,49,69,1.0,10.0,8.15,4.99,11.6,26.49
17,CTSH.O,코그니전트 테크놀로지 솔루션,5,60,14,49,69,1.0,10.0,8.15,9.55,11.51,29.02
17,PNC,PNC 파이낸셜 서비스,5,60,14,49,69,1.0,10.0,8.15,17.57,11.04,28.0
17,O,리얼티 인컴,5,60,14,49,69,1.0,10.0,8.15,8.71,6.91,24.34
17,IP,인터내셔널 페이퍼,5,60,14,49,69,1.0,10.0,8.15,7.56,9.11,29.51
17,USB,U.S. 뱅코프,5,60,14,49,69,1.0,10.0,8.15,4.05,7.71,27.64
17,EMR,에머슨 일렉트릭,5,60,14,49,69,1.0,10.0,8.15,13.98,10.1,26.3
17,TGT,타겟,5,60,14,49,69,1.0,10.0,8.15,12.47,12.35,27.88
17,CHRW.O,CH 로빈슨 월드와이드,5,60,14,49,69,1.0,10.0,8.15,3.14,6.47,25.11
17,CVS,CVS 헬스,5,60,14,49,69,1.0,10.0,8.15,0.67,8.17,24.34
17,CCI,크라운 캐슬,5,60,14,49,69,1.0,10.0,8.15,-18.44,9.94,23.52
17,ELV,엘레반스 헬스,5,60,14,49,69,1.0,10.0,8.15,21.95,9.99,23.55
17,SYY,시스코,5,60,14,49,69,1.0,10.0,8.15,10.25,10.24,26.42
17,CSCO.O,시스코 시스템즈,5,60,14,49,69,1.0,10.0,8.15,11.79,9.03,25.97
17,PCAR.O,파카,5,60,14,49,69,1.0,10.0,8.15,12.78,12.07,27.58
17,WELL.K,웰타워,5,60,14,49,69,1.0,10.0,8.15,17.24,11.1,29.09
17,WMT,월마트,5,60,14,49,69,1.0,10.0,8.15,12.24,7.36,26.15
17,CVX,셰브론,5,60,14,49,69,1.0,10.0,8.15,4.03,9.66,27.08
17,WFC,웰스파고,5,60,14,49,69,1.0,10.0,8.15,5.54,10.46,29.47
17,ADM,아처 대니얼스 미들랜드,5,60,14,49,69,1.0,10.0,8.15,5.71,9.68,26.0
17,BFb,브라운-포맨 Class B,5,60,14,49,69,1.0,10.0,8.15,-5.83,10.12,22.73
17,AVB,아발론베이 커뮤니티,5,60,14,49,69,1.0,10.0,8.15,6.11,8.34,23.49
17,UDR,UDR,5,60,14,49,69,1.0,10.0,8.15,10.39,8.49,24.53
17,FRT,페더럴 리얼티 인베스트먼트 트러스트,5,60,14,49,69,1.0,10.0,8.15,-2.1,5.9,26.44
17,L,로우스,5,60,14,49,69,1.0,10.0,8.15,7.46,8.36,23.5
17,JNPR.K,주니퍼 네트웍스,5,60,14,49,69,1.0,10.0,8.15,8.84,9.01,29.2
17,REG.O,리젠시 센터스,5,60,14,49,69,1.0,10.0,8.15,6.53,8.42,28.16
17,HSIC.O,헨리 셰인,5,60,14,49,69,1.0,10.0,8.15,1.67,11.27,24.11
17,NTRS.O,노던 트러스트,5,60,14,49,69,1.0,10.0,8.15,9.91,8.14,28.01
17,BIO,바이오래드 래보라토리스 Class A,5,60,14,49,69,1.0,10.0,8.15,-0.64,12.56,27.81
17,MAA,미드아메리카 아파트 커뮤니티,5,60,14,49,69,1.0,10.0,8.15,12.77,10.19,23.18
17,TAP,몰슨 쿠어스 베버리지 Class B,5,60,14,49,69,1.0,10.0,8.15,-1.62,4.6,26.42
17,ARE,알렉산드리아 리얼에스테이트 이쿼티,5,60,14,49,69,1.0,10.0,8.15,6.75,7.46,24.61
17,NWSA.O,뉴스 코퍼레이션 Class A,5,60,14,49,69,1.0,10.0,8.15,11.82,9.73,29.18
17,LH,랩코프 홀딩스,5,60,14,49,69,1.0,10.0,8.15,11.17,10.79,24.67
17,BG,번지 글로벌,5,60,14,49,69,1.0,10.0,8.15,2.96,9.43,28.74
17,CPT,캠든 프로퍼티 트러스트,5,60,14,49,69,1.0,10.0,8.15,10.24,10.16,23.47
17,IFF,인터내셔널 플레이버스 & 프레그런스,5,60,14,49,69,1.0,10.0,8.15,-0.98,9.43,26.72
17,INVH.K,인비테이션 홈스,5,60,14,49,69,1.0,10.0,8.15,22.75,12.05,26.33
17,DGX,퀘스트 다이아그노스틱스,5,60,14,49,69,1.0,10.0,8.15,14.53,10.34,22.98
17,ESS,에섹스 프로퍼티 트러스트,5,60,14,49,69,1.0,10.0,8.15,14.94,10.3,24.08
17,TROW.O,티 로웨 프라이스 그룹,5,60,14,49,69,1.0,10.0,8.15,11.07,11.05,28.51
17,GRMN.K,가민,5,60,14,49,69,1.0,10.0,8.15,45.72,10.97,26.62
17,EQR,에퀴티 레지덴셜,5,60,14,49,69,1.0,10.0,8.15,5.55,7.53,23.91
17,EIX,에디슨 인터내셔널,5,60,14,49,69,1.0,10.0,8.15,1.56,8.76,23.93
17,OMC,옴니콤 그룹,5,60,14,49,69,1.0,10.0,8.15,5.72,10.38,24.93
17,CNP,센터포인트 에너지,5,60,14,49,69,1.0,10.0,8.15,4.26,9.04,24.5
17,XOM,엑슨 모빌,5,60,14,49,69,1.0,10.0,8.15,-1.11,8.31,25.32
17,ZBH,짐머 바이오멧 홀딩스,5,60,14,49,69,1.0,10.0,8.15,5.67,8.3,25.7
17,NWS.O,뉴스 코퍼레이션 Class B,5,60,14,49,69,1.0,10.0,8.15,13.05,10.14,29.04
17,BFb,브라운-포맨 Class B,5,120,14,49,74,1.0,10.0,7.93,-3.08,10.12,22.73
17,BG,번지 글로벌,5,120,14,49,74,1.0,10.0,7.93,3.78,9.43,28.74
17,CNP,센터포인트 에너지,5,120,14,49,74,1.0,10.0,7.93,6.39,9.04,24.5
17,OMC,옴니콤 그룹,5,120,14,49,74,1.0,10.0,7.93,5.54,10.38,24.93
17,EIX,에디슨 인터내셔널,5,120,14,49,74,1.0,10.0,7.93,2.23,8.76,23.93
17,EQR,에퀴티 레지덴셜,5,120,14,49,74,1.0,10.0,7.93,9.75,7.53,23.91
17,GRMN.K,가민,5,120,14,49,74,1.0,10.0,7.93,84.34,10.97,26.62
17,TROW.O,티 로웨 프라이스 그룹,5,120,14,49,74,1.0,10.0,7.93,15.46,11.05,28.51
17,ESS,에섹스 프로퍼티 트러스트,5,120,14,49,74,1.0,10.0,7.93,12.96,10.3,24.08
17,DGX,퀘스트 다이아그노스틱스,5,120,14,49,74,1.0,10.0,7.93,10.08,10.34,22.98
17,INVH.K,인비테이션 홈스,5,120,14,49,74,1.0,10.0,7.93,13.95,12.05,26.33
17,IFF,인터내셔널 플레이버스 & 프레그런스,5,120,14,49,74,1.0,10.0,7.93,-0.99,9.43,26.72
17,CPT,캠든 프로퍼티 트러스트,5,120,14,49,74,1.0,10.0,7.93,7.99,10.16,23.47
17,LH,랩코프 홀딩스,5,120,14,49,74,1.0,10.0,7.93,9.07,10.79,24.67
17,UDR,UDR,5,120,14,49,74,1.0,10.0,7.93,12.23,8.49,24.53
17,NWSA.O,뉴스 코퍼레이션 Class A,5,120,14,49,74,1.0,10.0,7.93,12.3,9.73,29.18
17,ARE,알렉산드리아 리얼에스테이트 이쿼티,5,120,14,49,74,1.0,10.0,7.93,8.61,7.46,24.61
17,TAP,몰슨 쿠어스 베버리지 Class B,5,120,14,49,74,1.0,10.0,7.93,0.38,4.6,26.42
17,MAA,미드아메리카 아파트 커뮤니티,5,120,14,49,74,1.0,10.0,7.93,8.25,10.19,23.18
17,BIO,바이오래드 래보라토리스 Class A,5,120,14,49,74,1.0,10.0,7.93,-0.8,12.56,27.81
17,NTRS.O,노던 트러스트,5,120,14,49,74,1.0,10.0,7.93,6.14,8.14,28.01
17,HSIC.O,헨리 셰인,5,120,14,49,74,1.0,10.0,7.93,0.46,11.27,24.11
17,REG.O,리젠시 센터스,5,120,14,49,74,1.0,10.0,7.93,3.76,8.42,28.16
17,JNPR.K,주니퍼 네트웍스,5,120,14,49,74,1.0,10.0,7.93,5.59,9.01,29.2
17,L,로우스,5,120,14,49,74,1.0,10.0,7.93,5.16,8.36,23.5
17,FRT,페더럴 리얼티 인베스트먼트 트러스트,5,120,14,49,74,1.0,10.0,7.93,-4.11,5.9,26.44
17,AVB,아발론베이 커뮤니티,5,120,14,49,74,1.0,10.0,7.93,3.39,8.34,23.49
17,DIS,월트 디즈니,5,120,14,49,74,1.0,10.0,7.93,4.45,11.71,26.12
17,TGT,타겟,5,120,14,49,74,1.0,10.0,7.93,7.94,12.35,27.88
17,ZBH,짐머 바이오멧 홀딩스,5,120,14,49,74,1.0,10.0,7.93,6.23,8.3,25.7
17,WFC,웰스파고,5,120,14,49,74,1.0,10.0,7.93,6.4,10.46,29.47
17,CVX,셰브론,5,120,14,49,74,1.0,10.0,7.93,5.77,9.66,27.08
17,WMT,월마트,5,120,14,49,74,1.0,10.0,7.93,15.05,7.36,26.15
17,WELL.K,웰타워,5,120,14,49,74,1.0,10.0,7.93,8.57,11.1,29.09
17,PCAR.O,파카,5,120,14,49,74,1.0,10.0,7.93,8.35,12.07,27.58
17,CSCO.O,시스코 시스템즈,5,120,14,49,74,1.0,10.0,7.93,9.96,9.03,25.97
17,SYY,시스코,5,120,14,49,74,1.0,10.0,7.93,9.18,10.24,26.42
17,ELV,엘레반스 헬스,5,120,14,49,74,1.0,10.0,7.93,25.28,9.99,23.55
17,CCI,크라운 캐슬,5,120,14,49,74,1.0,10.0,7.93,-11.68,9.94,23.52
17,CVS,CVS 헬스,5,120,14,49,74,1.0,10.0,7.93,0.21,8.17,24.34
17,ADM,아처 대니얼스 미들랜드,5,120,14,49,74,1.0,10.0,7.93,13.34,9.68,26.0
17,EMR,에머슨 일렉트릭,5,120,14,49,74,1.0,10.0,7.93,9.15,10.1,26.3
17,DLR,디지털 리얼티 트러스트,5,120,14,49,74,1.0,10.0,7.93,12.7,10.67,26.76
17,USB,U.S. 뱅코프,5,120,14,49,74,1.0,10.0,7.93,2.43,7.71,27.64
17,IP,인터내셔널 페이퍼,5,120,14,49,74,1.0,10.0,7.93,1.15,9.11,29.51
17,O,리얼티 인컴,5,120,14,49,74,1.0,10.0,7.93,9.13,6.91,24.34
17,PNC,PNC 파이낸셜 서비스,5,120,14,49,74,1.0,10.0,7.93,12.35,11.04,28.0
17,CTSH.O,코그니전트 테크놀로지 솔루션,5,120,14,49,74,1.0,10.0,7.93,5.1,11.51,29.02
17,CAH,카디널 헬스,5,120,14,49,74,1.0,10.0,7.93,7.85,11.6,26.49
17,SRE,셈프라 에너지,5,120,14,49,74,1.0,10.0,7.93,7.86,7.02,25.36
17,FIS,피델리티 내셔널 인포메이션 서비스,5,120,14,49,74,1.0,10.0,7.93,-2.33,11.44,26.94
17,BK,뱅크 오브 뉴욕 멜론,5,120,14,49,74,1.0,10.0,7.93,8.99,10.01,27.06
17,ALLE.K,얼리지언,5,120,14,49,74,1.0,10.0,7.93,4.37,12.44,25.98
17,GLW,코닝,5,120,14,49,74,1.0,10.0,7.93,9.54,10.54,29.51
17,CHRW.O,CH 로빈슨 월드와이드,5,120,14,49,74,1.0,10.0,7.93,1.14,6.47,25.11
17,XOM,엑슨 모빌,5,120,14,49,74,1.0,10.0,7.93,2.32,8.31,25.32
17,NWS.O,뉴스 코퍼레이션 Class B,5,120,14,49,74,1.0,10.0,7.93,12.35,10.14,29.04
17,TGT,타겟,5,60,14,29,64,1.0,10.0,7.88,0.0,12.35,27.88
17,ZBH,짐머 바이오멧 홀딩스,5,60,14,29,64,1.0,10.0,7.88,0.0,8.3,25.7
17,GLW,코닝,5,60,14,29,64,1.0,10.0,7.88,14.14,10.54,29.51
17,ALLE.K,얼리지언,5,60,14,29,64,1.0,10.0,7.88,0.0,12.44,25.98
17,BK,뱅크 오브 뉴욕 멜론,5,60,14,29,64,1.0,10.0,7.88,24.12,10.01,27.06
17,FIS,피델리티 내셔널 인포메이션 서비스,5,60,14,29,64,1.0,10.0,7.88,0.0,11.44,26.94
17,SRE,셈프라 에너지,5,60,14,29,64,1.0,10.0,7.88,0.0,7.02,25.36
17,CAH,카디널 헬스,5,60,14,29,64,1.0,10.0,7.88,0.0,11.6,26.49
17,CTSH.O,코그니전트 테크놀로지 솔루션,5,60,14,29,64,1.0,10.0,7.88,0.0,11.51,29.02
17,PNC,PNC 파이낸셜 서비스,5,60,14,29,64,1.0,10.0,7.88,55.7,11.04,28.0
17,O,리얼티 인컴,5,60,14,29,64,1.0,10.0,7.88,0.0,6.91,24.34
17,IP,인터내셔널 페이퍼,5,60,14,29,64,1.0,10.0,7.88,0.0,9.11,29.51
17,USB,U.S. 뱅코프,5,60,14,29,64,1.0,10.0,7.88,0.0,7.71,27.64
17,DLR,디지털 리얼티 트러스트,5,60,14,29,64,1.0,10.0,7.88,0.0,10.67,26.76
17,EMR,에머슨 일렉트릭,5,60,14,29,64,1.0,10.0,7.88,15.38,10.1,26.3
17,ADM,아처 대니얼스 미들랜드,5,60,14,29,64,1.0,10.0,7.88,0.0,9.68,26.0
17,CVS,CVS 헬스,5,60,14,29,64,1.0,10.0,7.88,0.0,8.17,24.34
17,CCI,크라운 캐슬,5,60,14,29,64,1.0,10.0,7.88,0.0,9.94,23.52
17,ELV,엘레반스 헬스,5,60,14,29,64,1.0,10.0,7.88,0.0,9.99,23.55
17,SYY,시스코,5,60,14,29,64,1.0,10.0,7.88,0.0,10.24,26.42
17,CSCO.O,시스코 시스템즈,5,60,14,29,64,1.0,10.0,7.88,24.7,9.03,25.97
17,PCAR.O,파카,5,60,14,29,64,1.0,10.0,7.88,0.0,12.07,27.58
17,WELL.K,웰타워,5,60,14,29,64,1.0,10.0,7.88,0.0,11.1,29.09
17,WMT,월마트,5,60,14,29,64,1.0,10.0,7.88,2.78,7.36,26.15
17,CVX,셰브론,5,60,14,29,64,1.0,10.0,7.88,20.49,9.66,27.08
17,XOM,엑슨 모빌,5,60,14,29,64,1.0,10.0,7.88,84.41,8.31,25.32
17,DIS,월트 디즈니,5,60,14,29,64,1.0,10.0,7.88,0.0,11.71,26.12
17,CHRW.O,CH 로빈슨 월드와이드,5,60,14,29,64,1.0,10.0,7.88,10.93,6.47,25.11
17,BFb,브라운-포맨 Class B,5,60,14,29,64,1.0,10.0,7.88,0.0,10.12,22.73
17,NWS.O,뉴스 코퍼레이션 Class B,5,60,14,29,64,1.0,10.0,7.88,0.0,10.14,29.04
17,AVB,아발론베이 커뮤니티,5,60,14,29,64,1.0,10.0,7.88,0.0,8.34,23.49
17,FRT,페더럴 리얼티 인베스트먼트 트러스트,5,60,14,29,64,1.0,10.0,7.88,38.46,5.9,26.44
17,L,로우스,5,60,14,29,64,1.0,10.0,7.88,0.0,8.36,23.5
17,JNPR.K,주니퍼 네트웍스,5,60,14,29,64,1.0,10.0,7.88,0.0,9.01,29.2
17,REG.O,리젠시 센터스,5,60,14,29,64,1.0,10.0,7.88,61.03,8.42,28.16
17,HSIC.O,헨리 셰인,5,60,14,29,64,1.0,10.0,7.88,0.0,11.27,24.11
17,NTRS.O,노던 트러스트,5,60,14,29,64,1.0,10.0,7.88,28.12,8.14,28.01
17,BIO,바이오래드 래보라토리스 Class A,5,60,14,29,64,1.0,10.0,7.88,0.0,12.56,27.81
17,MAA,미드아메리카 아파트 커뮤니티,5,60,14,29,64,1.0,10.0,7.88,0.0,10.19,23.18
17,TAP,몰슨 쿠어스 베버리지 Class B,5,60,14,29,64,1.0,10.0,7.88,-0.53,4.6,26.42
17,ARE,알렉산드리아 리얼에스테이트 이쿼티,5,60,14,29,64,1.0,10.0,7.88,0.0,7.46,24.61
17,NWSA.O,뉴스 코퍼레이션 Class A,5,60,14,29,64,1.0,10.0,7.88,0.0,9.73,29.18
17,UDR,UDR,5,60,14,29,64,1.0,10.0,7.88,0.0,8.49,24.53
17,LH,랩코프 홀딩스,5,60,14,29,64,1.0,10.0,7.88,0.0,10.79,24.67
17,CPT,캠든 프로퍼티 트러스트,5,60,14,29,64,1.0,10.0,7.88,0.0,10.16,23.47
17,IFF,인터내셔널 플레이버스 & 프레그런스,5,60,14,29,64,1.0,10.0,7.88,0.0,9.43,26.72
17,INVH.K,인비테이션 홈스,5,60,14,29,64,1.0,10.0,7.88,0.0,12.05,26.33
17,DGX,퀘스트 다이아그노스틱스,5,60,14,29,64,1.0,10.0,7.88,0.0,10.34,22.98
17,ESS,에섹스 프로퍼티 트러스트,5,60,14,29,64,1.0,10.0,7.88,0.0,10.3,24.08
17,TROW.O,티 로웨 프라이스 그룹,5,60,14,29,64,1.0,10.0,7.88,0.0,11.05,28.51
17,GRMN.K,가민,5,60,14,29,64,1.0,10.0,7.88,0.0,10.97,26.62
17,EQR,에퀴티 레지덴셜,5,60,14,29,64,1.0,10.0,7.88,0.0,7.53,23.91
17,EIX,에디슨 인터내셔널,5,60,14,29,64,1.0,10.0,7.88,0.0,8.76,23.93
17,OMC,옴니콤 그룹,5,60,14,29,64,1.0,10.0,7.88,23.33,10.38,24.93
17,CNP,센터포인트 에너지,5,60,14,29,64,1.0,10.0,7.88,0.0,9.04,24.5
17,BG,번지 글로벌,5,60,14,29,64,1.0,10.0,7.88,0.0,9.43,28.74
17,WFC,웰스파고,5,60,14,29,64,1.0,10.0,7.88,46.33,10.46,29.47
17,DIS,월트 디즈니,5,60,14,49,74,1.0,10.0,7.43,5.5,11.71,26.12
17,BFb,브라운-포맨 Class B,5,60,14,49,74,1.0,10.0,7.43,-2.12,10.12,22.73
17,TGT,타겟,5,60,14,49,74,1.0,10.0,7.43,7.82,12.35,27.88
17,BG,번지 글로벌,5,60,14,49,74,1.0,10.0,7.43,3.56,9.43,28.74
17,CNP,센터포인트 에너지,5,60,14,49,74,1.0,10.0,7.43,4.28,9.04,24.5
17,OMC,옴니콤 그룹,5,60,14,49,74,1.0,10.0,7.43,6.42,10.38,24.93
17,EIX,에디슨 인터내셔널,5,60,14,49,74,1.0,10.0,7.43,1.56,8.76,23.93
17,EQR,에퀴티 레지덴셜,5,60,14,49,74,1.0,10.0,7.43,6.48,7.53,23.91
17,GRMN.K,가민,5,60,14,49,74,1.0,10.0,7.43,51.32,10.97,26.62
17,TROW.O,티 로웨 프라이스 그룹,5,60,14,49,74,1.0,10.0,7.43,10.71,11.05,28.51
17,ESS,에섹스 프로퍼티 트러스트,5,60,14,49,74,1.0,10.0,7.43,12.55,10.3,24.08
17,DGX,퀘스트 다이아그노스틱스,5,60,14,49,74,1.0,10.0,7.43,11.39,10.34,22.98
17,INVH.K,인비테이션 홈스,5,60,14,49,74,1.0,10.0,7.43,26.51,12.05,26.33
17,IFF,인터내셔널 플레이버스 & 프레그런스,5,60,14,49,74,1.0,10.0,7.43,0.0,9.43,26.72
17,CPT,캠든 프로퍼티 트러스트,5,60,14,49,74,1.0,10.0,7.43,7.25,10.16,23.47
17,LH,랩코프 홀딩스,5,60,14,49,74,1.0,10.0,7.43,8.72,10.79,24.67
17,UDR,UDR,5,60,14,49,74,1.0,10.0,7.43,9.33,8.49,24.53
17,NWSA.O,뉴스 코퍼레이션 Class A,5,60,14,49,74,1.0,10.0,7.43,12.28,9.73,29.18
17,ARE,알렉산드리아 리얼에스테이트 이쿼티,5,60,14,49,74,1.0,10.0,7.43,6.55,7.46,24.61
17,TAP,몰슨 쿠어스 베버리지 Class B,5,60,14,49,74,1.0,10.0,7.43,-0.36,4.6,26.42
17,MAA,미드아메리카 아파트 커뮤니티,5,60,14,49,74,1.0,10.0,7.43,10.68,10.19,23.18
17,BIO,바이오래드 래보라토리스 Class A,5,60,14,49,74,1.0,10.0,7.43,-0.61,12.56,27.81
17,NTRS.O,노던 트러스트,5,60,14,49,74,1.0,10.0,7.43,6.46,8.14,28.01
17,HSIC.O,헨리 셰인,5,60,14,49,74,1.0,10.0,7.43,1.67,11.27,24.11
17,REG.O,리젠시 센터스,5,60,14,49,74,1.0,10.0,7.43,3.79,8.42,28.16
17,JNPR.K,주니퍼 네트웍스,5,60,14,49,74,1.0,10.0,7.43,6.34,9.01,29.2
17,L,로우스,5,60,14,49,74,1.0,10.0,7.43,5.58,8.36,23.5
17,FRT,페더럴 리얼티 인베스트먼트 트러스트,5,60,14,49,74,1.0,10.0,7.43,-0.13,5.9,26.44
17,AVB,아발론베이 커뮤니티,5,60,14,49,74,1.0,10.0,7.43,3.39,8.34,23.49
17,NWS.O,뉴스 코퍼레이션 Class B,5,60,14,49,74,1.0,10.0,7.43,13.03,10.14,29.04
17,XOM,엑슨 모빌,5,60,14,49,74,1.0,10.0,7.43,0.32,8.31,25.32
17,ZBH,짐머 바이오멧 홀딩스,5,60,14,49,74,1.0,10.0,7.43,5.5,8.3,25.7
17,WFC,웰스파고,5,60,14,49,74,1.0,10.0,7.43,6.45,10.46,29.47
17,CVX,셰브론,5,60,14,49,74,1.0,10.0,7.43,5.67,9.66,27.08
17,WMT,월마트,5,60,14,49,74,1.0,10.0,7.43,14.93,7.36,26.15
17,WELL.K,웰타워,5,60,14,49,74,1.0,10.0,7.43,8.82,11.1,29.09
17,PCAR.O,파카,5,60,14,49,74,1.0,10.0,7.43,9.25,12.07,27.58
17,CSCO.O,시스코 시스템즈,5,60,14,49,74,1.0,10.0,7.43,10.19,9.03,25.97
17,SYY,시스코,5,60,14,49,74,1.0,10.0,7.43,10.28,10.24,26.42
17,ELV,엘레반스 헬스,5,60,14,49,74,1.0,10.0,7.43,21.95,9.99,23.55
17,CCI,크라운 캐슬,5,60,14,49,74,1.0,10.0,7.43,-15.83,9.94,23.52
17,CVS,CVS 헬스,5,60,14,49,74,1.0,10.0,7.43,1.2,8.17,24.34
17,ADM,아처 대니얼스 미들랜드,5,60,14,49,74,1.0,10.0,7.43,8.78,9.68,26.0
17,EMR,에머슨 일렉트릭,5,60,14,49,74,1.0,10.0,7.43,9.22,10.1,26.3
17,DLR,디지털 리얼티 트러스트,5,60,14,49,74,1.0,10.0,7.43,7.93,10.67,26.76
17,USB,U.S. 뱅코프,5,60,14,49,74,1.0,10.0,7.43,2.99,7.71,27.64
17,IP,인터내셔널 페이퍼,5,60,14,49,74,1.0,10.0,7.43,5.12,9.11,29.51
17,O,리얼티 인컴,5,60,14,49,74,1.0,10.0,7.43,9.2,6.91,24.34
17,PNC,PNC 파이낸셜 서비스,5,60,14,49,74,1.0,10.0,7.43,13.69,11.04,28.0
17,CTSH.O,코그니전트 테크놀로지 솔루션,5,60,14,49,74,1.0,10.0,7.43,5.61,11.51,29.02
17,CAH,카디널 헬스,5,60,14,49,74,1.0,10.0,7.43,8.5,11.6,26.49
17,SRE,셈프라 에너지,5,60,14,49,74,1.0,10.0,7.43,8.88,7.02,25.36
17,FIS,피델리티 내셔널 인포메이션 서비스,5,60,14,49,74,1.0,10.0,7.43,4.94,11.44,26.94
17,BK,뱅크 오브 뉴욕 멜론,5,60,14,49,74,1.0,10.0,7.43,8.51,10.01,27.06
17,ALLE.K,얼리지언,5,60,14,49,74,1.0,10.0,7.43,0.84,12.44,25.98
17,GLW,코닝,5,60,14,49,74,1.0,10.0,7.43,9.29,10.54,29.51
17,CHRW.O,CH 로빈슨 월드와이드,5,60,14,49,74,1.0,10.0,7.43,1.48,6.47,25.11
17,XOM,엑슨 모빌,5,60,14,44,74,1.0,10.0,7.36,1.27,8.31,25.32
17,NWS.O,뉴스 코퍼레이션 Class B,5,60,14,44,74,1.0,10.0,7.36,13.03,10.14,29.04
17,DIS,월트 디즈니,5,60,14,44,74,1.0,10.0,7.36,13.98,11.71,26.12
17,EMR,에머슨 일렉트릭,5,60,14,44,74,1.0,10.0,7.36,9.62,10.1,26.3
17,ALLE.K,얼리지언,5,60,14,44,74,1.0,10.0,7.36,8.27,12.44,25.98
17,BK,뱅크 오브 뉴욕 멜론,5,60,14,44,74,1.0,10.0,7.36,8.51,10.01,27.06
17,FIS,피델리티 내셔널 인포메이션 서비스,5,60,14,44,74,1.0,10.0,7.36,1.52,11.44,26.94
17,SRE,셈프라 에너지,5,60,14,44,74,1.0,10.0,7.36,9.26,7.02,25.36
17,CAH,카디널 헬스,5,60,14,44,74,1.0,10.0,7.36,4.04,11.6,26.49
17,CTSH.O,코그니전트 테크놀로지 솔루션,5,60,14,44,74,1.0,10.0,7.36,6.57,11.51,29.02
17,PNC,PNC 파이낸셜 서비스,5,60,14,44,74,1.0,10.0,7.36,15.11,11.04,28.0
17,O,리얼티 인컴,5,60,14,44,74,1.0,10.0,7.36,12.43,6.91,24.34
17,IP,인터내셔널 페이퍼,5,60,14,44,74,1.0,10.0,7.36,5.12,9.11,29.51
17,USB,U.S. 뱅코프,5,60,14,44,74,1.0,10.0,7.36,2.99,7.71,27.64
17,DLR,디지털 리얼티 트러스트,5,60,14,44,74,1.0,10.0,7.36,13.48,10.67,26.76
17,ADM,아처 대니얼스 미들랜드,5,60,14,44,74,1.0,10.0,7.36,15.36,9.68,26.0
17,CHRW.O,CH 로빈슨 월드와이드,5,60,14,44,74,1.0,10.0,7.36,2.38,6.47,25.11
17,CVS,CVS 헬스,5,60,14,44,74,1.0,10.0,7.36,1.2,8.17,24.34
17,CCI,크라운 캐슬,5,60,14,44,74,1.0,10.0,7.36,-19.57,9.94,23.52
17,ELV,엘레반스 헬스,5,60,14,44,74,1.0,10.0,7.36,25.28,9.99,23.55
17,SYY,시스코,5,60,14,44,74,1.0,10.0,7.36,10.28,10.24,26.42
17,CSCO.O,시스코 시스템즈,5,60,14,44,74,1.0,10.0,7.36,10.19,9.03,25.97
17,PCAR.O,파카,5,60,14,44,74,1.0,10.0,7.36,9.25,12.07,27.58
17,WELL.K,웰타워,5,60,14,44,74,1.0,10.0,7.36,8.82,11.1,29.09
17,WMT,월마트,5,60,14,44,74,1.0,10.0,7.36,11.99,7.36,26.15
17,CVX,셰브론,5,60,14,44,74,1.0,10.0,7.36,5.65,9.66,27.08
17,WFC,웰스파고,5,60,14,44,74,1.0,10.0,7.36,6.45,10.46,29.47
17,TGT,타겟,5,60,14,44,74,1.0,10.0,7.36,7.79,12.35,27.88
17,GLW,코닝,5,60,14,44,74,1.0,10.0,7.36,15.01,10.54,29.51
17,ZBH,짐머 바이오멧 홀딩스,5,60,14,44,74,1.0,10.0,7.36,13.4,8.3,25.7
17,FRT,페더럴 리얼티 인베스트먼트 트러스트,5,60,14,44,74,1.0,10.0,7.36,-4.17,5.9,26.44
17,LH,랩코프 홀딩스,5,60,14,44,74,1.0,10.0,7.36,13.83,10.79,24.67
17,L,로우스,5,60,14,44,74,1.0,10.0,7.36,5.58,8.36,23.5
17,JNPR.K,주니퍼 네트웍스,5,60,14,44,74,1.0,10.0,7.36,6.34,9.01,29.2
17,REG.O,리젠시 센터스,5,60,14,44,74,1.0,10.0,7.36,3.79,8.42,28.16
17,HSIC.O,헨리 셰인,5,60,14,44,74,1.0,10.0,7.36,1.67,11.27,24.11
17,NTRS.O,노던 트러스트,5,60,14,44,74,1.0,10.0,7.36,6.46,8.14,28.01
17,BIO,바이오래드 래보라토리스 Class A,5,60,14,44,74,1.0,10.0,7.36,-0.26,12.56,27.81
17,MAA,미드아메리카 아파트 커뮤니티,5,60,14,44,74,1.0,10.0,7.36,8.77,10.19,23.18
17,TAP,몰슨 쿠어스 베버리지 Class B,5,60,14,44,74,1.0,10.0,7.36,0.86,4.6,26.42
17,ARE,알렉산드리아 리얼에스테이트 이쿼티,5,60,14,44,74,1.0,10.0,7.36,-0.31,7.46,24.61
17,NWSA.O,뉴스 코퍼레이션 Class A,5,60,14,44,74,1.0,10.0,7.36,12.28,9.73,29.18
17,UDR,UDR,5,60,14,44,74,1.0,10.0,7.36,13.18,8.49,24.53
17,CPT,캠든 프로퍼티 트러스트,5,60,14,44,74,1.0,10.0,7.36,8.86,10.16,23.47
17,AVB,아발론베이 커뮤니티,5,60,14,44,74,1.0,10.0,7.36,5.11,8.34,23.49
17,IFF,인터내셔널 플레이버스 & 프레그런스,5,60,14,44,74,1.0,10.0,7.36,-6.17,9.43,26.72
17,INVH.K,인비테이션 홈스,5,60,14,44,74,1.0,10.0,7.36,25.72,12.05,26.33
17,DGX,퀘스트 다이아그노스틱스,5,60,14,44,74,1.0,10.0,7.36,13.75,10.34,22.98
17,ESS,에섹스 프로퍼티 트러스트,5,60,14,44,74,1.0,10.0,7.36,2.3,10.3,24.08
17,TROW.O,티 로웨 프라이스 그룹,5,60,14,44,74,1.0,10.0,7.36,8.44,11.05,28.51
17,GRMN.K,가민,5,60,14,44,74,1.0,10.0,7.36,51.32,10.97,26.62
17,EQR,에퀴티 레지덴셜,5,60,14,44,74,1.0,10.0,7.36,11.17,7.53,23.91
17,EIX,에디슨 인터내셔널,5,60,14,44,74,1.0,10.0,7.36,1.56,8.76,23.93
17,OMC,옴니콤 그룹,5,60,14,44,74,1.0,10.0,7.36,7.48,10.38,24.93
17,CNP,센터포인트 에너지,5,60,14,44,74,1.0,10.0,7.36,4.28,9.04,24.5
17,BG,번지 글로벌,5,60,14,44,74,1.0,10.0,7.36,1.64,9.43,28.74
17,BFb,브라운-포맨 Class B,5,60,14,44,74,1.0,10.0,7.36,-32.48,10.12,22.73
17,NWS.O,뉴스 코퍼레이션 Class B,5,120,14,49,79,1.0,10.0,6.91,6.18,10.14,29.04
17,L,로우스,5,120,14,49,79,1.0,10.0,6.91,5.16,8.36,23.5
17,CHRW.O,CH 로빈슨 월드와이드,5,120,14,49,79,1.0,10.0,6.91,1.14,6.47,25.11
17,BFb,브라운-포맨 Class B,5,120,14,49,79,1.0,10.0,6.91,-0.89,10.12,22.73
17,AVB,아발론베이 커뮤니티,5,120,14,49,79,1.0,10.0,6.91,3.39,8.34,23.49
17,BG,번지 글로벌,5,120,14,49,79,1.0,10.0,6.91,4.29,9.43,28.74
17,CNP,센터포인트 에너지,5,120,14,49,79,1.0,10.0,6.91,6.39,9.04,24.5
17,OMC,옴니콤 그룹,5,120,14,49,79,1.0,10.0,6.91,5.53,10.38,24.93
17,EIX,에디슨 인터내셔널,5,120,14,49,79,1.0,10.0,6.91,2.23,8.76,23.93
17,EQR,에퀴티 레지덴셜,5,120,14,49,79,1.0,10.0,6.91,3.14,7.53,23.91
17,GRMN.K,가민,5,120,14,49,79,1.0,10.0,6.91,73.23,10.97,26.62
17,TROW.O,티 로웨 프라이스 그룹,5,120,14,49,79,1.0,10.0,6.91,13.23,11.05,28.51
17,ESS,에섹스 프로퍼티 트러스트,5,120,14,49,79,1.0,10.0,6.91,5.65,10.3,24.08
17,DGX,퀘스트 다이아그노스틱스,5,120,14,49,79,1.0,10.0,6.91,10.37,10.34,22.98
17,IFF,인터내셔널 플레이버스 & 프레그런스,5,120,14,49,79,1.0,10.0,6.91,2.47,9.43,26.72
17,CPT,캠든 프로퍼티 트러스트,5,120,14,49,79,1.0,10.0,6.91,9.41,10.16,23.47
17,LH,랩코프 홀딩스,5,120,14,49,79,1.0,10.0,6.91,10.27,10.79,24.67
17,UDR,UDR,5,120,14,49,79,1.0,10.0,6.91,4.56,8.49,24.53
17,NWSA.O,뉴스 코퍼레이션 Class A,5,120,14,49,79,1.0,10.0,6.91,5.47,9.73,29.18
17,ARE,알렉산드리아 리얼에스테이트 이쿼티,5,120,14,49,79,1.0,10.0,6.91,4.2,7.46,24.61
17,TAP,몰슨 쿠어스 베버리지 Class B,5,120,14,49,79,1.0,10.0,6.91,1.36,4.6,26.42
17,MAA,미드아메리카 아파트 커뮤니티,5,120,14,49,79,1.0,10.0,6.91,10.63,10.19,23.18
17,BIO,바이오래드 래보라토리스 Class A,5,120,14,49,79,1.0,10.0,6.91,1.25,12.56,27.81
17,NTRS.O,노던 트러스트,5,120,14,49,79,1.0,10.0,6.91,6.14,8.14,28.01
17,HSIC.O,헨리 셰인,5,120,14,49,79,1.0,10.0,6.91,0.46,11.27,24.11
17,REG.O,리젠시 센터스,5,120,14,49,79,1.0,10.0,6.91,3.76,8.42,28.16
17,JNPR.K,주니퍼 네트웍스,5,120,14,49,79,1.0,10.0,6.91,5.59,9.01,29.2
17,FRT,페더럴 리얼티 인베스트먼트 트러스트,5,120,14,49,79,1.0,10.0,6.91,-4.11,5.9,26.44
17,ZBH,짐머 바이오멧 홀딩스,5,120,14,49,79,1.0,10.0,6.91,7.13,8.3,25.7
17,INVH.K,인비테이션 홈스,5,120,14,49,79,1.0,10.0,6.91,15.39,12.05,26.33
17,GLW,코닝,5,120,14,49,79,1.0,10.0,6.91,8.53,10.54,29.51
17,CVS,CVS 헬스,5,120,14,49,79,1.0,10.0,6.91,-4.49,8.17,24.34
17,XOM,엑슨 모빌,5,120,14,49,79,1.0,10.0,6.91,3.9,8.31,25.32
17,ALLE.K,얼리지언,5,120,14,49,79,1.0,10.0,6.91,4.37,12.44,25.98
17,DIS,월트 디즈니,5,120,14,49,79,1.0,10.0,6.91,6.34,11.71,26.12
17,TGT,타겟,5,120,14,49,79,1.0,10.0,6.91,8.24,12.35,27.88
17,WFC,웰스파고,5,120,14,49,79,1.0,10.0,6.91,7.07,10.46,29.47
17,CVX,셰브론,5,120,14,49,79,1.0,10.0,6.91,3.87,9.66,27.08
17,WMT,월마트,5,120,14,49,79,1.0,10.0,6.91,1.67,7.36,26.15
17,WELL.K,웰타워,5,120,14,49,79,1.0,10.0,6.91,5.78,11.1,29.09
17,CSCO.O,시스코 시스템즈,5,120,14,49,79,1.0,10.0,6.91,10.67,9.03,25.97
17,SYY,시스코,5,120,14,49,79,1.0,10.0,6.91,7.39,10.24,26.42
17,ELV,엘레반스 헬스,5,120,14,49,79,1.0,10.0,6.91,25.28,9.99,23.55
17,CCI,크라운 캐슬,5,120,14,49,79,1.0,10.0,6.91,-6.71,9.94,23.52
17,PCAR.O,파카,5,120,14,49,79,1.0,10.0,6.91,8.35,12.07,27.58
17,ADM,아처 대니얼스 미들랜드,5,120,14,49,79,1.0,10.0,6.91,10.84,9.68,26.0
17,O,리얼티 인컴,5,120,14,49,79,1.0,10.0,6.91,3.52,6.91,24.34
17,BK,뱅크 오브 뉴욕 멜론,5,120,14,49,79,1.0,10.0,6.91,8.99,10.01,27.06
17,SRE,셈프라 에너지,5,120,14,49,79,1.0,10.0,6.91,5.19,7.02,25.36
17,CAH,카디널 헬스,5,120,14,49,79,1.0,10.0,6.91,8.53,11.6,26.49
17,CTSH.O,코그니전트 테크놀로지 솔루션,5,120,14,49,79,1.0,10.0,6.91,5.1,11.51,29.02
17,PNC,PNC 파이낸셜 서비스,5,120,14,49,79,1.0,10.0,6.91,11.19,11.04,28.0
17,FIS,피델리티 내셔널 인포메이션 서비스,5,120,14,49,79,1.0,10.0,6.91,1.06,11.44,26.94
17,IP,인터내셔널 페이퍼,5,120,14,49,79,1.0,10.0,6.91,1.15,9.11,29.51
17,USB,U.S. 뱅코프,5,120,14,49,79,1.0,10.0,6.91,3.8,7.71,27.64
17,DLR,디지털 리얼티 트러스트,5,120,14,49,79,1.0,10.0,6.91,14.99,10.67,26.76
17,EMR,에머슨 일렉트릭,5,120,14,49,79,1.0,10.0,6.91,6.47,10.1,26.3
17,FIS,피델리티 내셔널 인포메이션 서비스,5,120,14,39,74,1.0,10.0,6.71,7.48,11.44,26.94
17,O,리얼티 인컴,5,120,14,39,74,1.0,10.0,6.71,0.0,6.91,24.34
17,PNC,PNC 파이낸셜 서비스,5,120,14,39,74,1.0,10.0,6.71,22.8,11.04,28.0
17,CTSH.O,코그니전트 테크놀로지 솔루션,5,120,14,39,74,1.0,10.0,6.71,3.03,11.51,29.02
17,CAH,카디널 헬스,5,120,14,39,74,1.0,10.0,6.71,6.2,11.6,26.49
17,SRE,셈프라 에너지,5,120,14,39,74,1.0,10.0,6.71,9.78,7.02,25.36
17,ALLE.K,얼리지언,5,120,14,39,74,1.0,10.0,6.71,0.0,12.44,25.98
17,BK,뱅크 오브 뉴욕 멜론,5,120,14,39,74,1.0,10.0,6.71,8.99,10.01,27.06
17,USB,U.S. 뱅코프,5,120,14,39,74,1.0,10.0,6.71,1.5,7.71,27.64
17,GLW,코닝,5,120,14,39,74,1.0,10.0,6.71,15.32,10.54,29.51
17,CHRW.O,CH 로빈슨 월드와이드,5,120,14,39,74,1.0,10.0,6.71,3.43,6.47,25.11
17,ZBH,짐머 바이오멧 홀딩스,5,120,14,39,74,1.0,10.0,6.71,-3.84,8.3,25.7
17,IP,인터내셔널 페이퍼,5,120,14,39,74,1.0,10.0,6.71,1.15,9.11,29.51
17,WFC,웰스파고,5,120,14,39,74,1.0,10.0,6.71,26.52,10.46,29.47
17,XOM,엑슨 모빌,5,120,14,39,74,1.0,10.0,6.71,2.32,8.31,25.32
17,EMR,에머슨 일렉트릭,5,120,14,39,74,1.0,10.0,6.71,13.78,10.1,26.3
17,ADM,아처 대니얼스 미들랜드,5,120,14,39,74,1.0,10.0,6.71,19.5,9.68,26.0
17,CVS,CVS 헬스,5,120,14,39,74,1.0,10.0,6.71,11.26,8.17,24.34
17,CCI,크라운 캐슬,5,120,14,39,74,1.0,10.0,6.71,-10.42,9.94,23.52
17,ELV,엘레반스 헬스,5,120,14,39,74,1.0,10.0,6.71,25.28,9.99,23.55
17,SYY,시스코,5,120,14,39,74,1.0,10.0,6.71,0.0,10.24,26.42
17,CSCO.O,시스코 시스템즈,5,120,14,39,74,1.0,10.0,6.71,15.74,9.03,25.97
17,PCAR.O,파카,5,120,14,39,74,1.0,10.0,6.71,0.0,12.07,27.58
17,WELL.K,웰타워,5,120,14,39,74,1.0,10.0,6.71,18.77,11.1,29.09
17,WMT,월마트,5,120,14,39,74,1.0,10.0,6.71,8.12,7.36,26.15
17,CVX,셰브론,5,120,14,39,74,1.0,10.0,6.71,10.9,9.66,27.08
17,AVB,아발론베이 커뮤니티,5,120,14,39,74,1.0,10.0,6.71,7.0,8.34,23.49
17,BFb,브라운-포맨 Class B,5,120,14,39,74,1.0,10.0,6.71,-58.05,10.12,22.73
17,DLR,디지털 리얼티 트러스트,5,120,14,39,74,1.0,10.0,6.71,12.7,10.67,26.76
17,BG,번지 글로벌,5,120,14,39,74,1.0,10.0,6.71,6.18,9.43,28.74
17,CNP,센터포인트 에너지,5,120,14,39,74,1.0,10.0,6.71,6.39,9.04,24.5
17,DIS,월트 디즈니,5,120,14,39,74,1.0,10.0,6.71,-11.3,11.71,26.12
17,NWS.O,뉴스 코퍼레이션 Class B,5,120,14,39,74,1.0,10.0,6.71,7.2,10.14,29.04
17,FRT,페더럴 리얼티 인베스트먼트 트러스트,5,120,14,39,74,1.0,10.0,6.71,-3.61,5.9,26.44
17,L,로우스,5,120,14,39,74,1.0,10.0,6.71,5.16,8.36,23.5
17,JNPR.K,주니퍼 네트웍스,5,120,14,39,74,1.0,10.0,6.71,10.61,9.01,29.2
17,REG.O,리젠시 센터스,5,120,14,39,74,1.0,10.0,6.71,8.62,8.42,28.16
17,HSIC.O,헨리 셰인,5,120,14,39,74,1.0,10.0,6.71,0.46,11.27,24.11
17,NTRS.O,노던 트러스트,5,120,14,39,74,1.0,10.0,6.71,6.14,8.14,28.01
17,BIO,바이오래드 래보라토리스 Class A,5,120,14,39,74,1.0,10.0,6.71,-45.41,12.56,27.81
17,MAA,미드아메리카 아파트 커뮤니티,5,120,14,39,74,1.0,10.0,6.71,26.22,10.19,23.18
17,TAP,몰슨 쿠어스 베버리지 Class B,5,120,14,39,74,1.0,10.0,6.71,0.86,4.6,26.42
17,ARE,알렉산드리아 리얼에스테이트 이쿼티,5,120,14,39,74,1.0,10.0,6.71,0.0,7.46,24.61
17,NWSA.O,뉴스 코퍼레이션 Class A,5,120,14,39,74,1.0,10.0,6.71,15.79,9.73,29.18
17,UDR,UDR,5,120,14,39,74,1.0,10.0,6.71,34.76,8.49,24.53
17,LH,랩코프 홀딩스,5,120,14,39,74,1.0,10.0,6.71,44.81,10.79,24.67
17,CPT,캠든 프로퍼티 트러스트,5,120,14,39,74,1.0,10.0,6.71,20.82,10.16,23.47
17,IFF,인터내셔널 플레이버스 & 프레그런스,5,120,14,39,74,1.0,10.0,6.71,-7.49,9.43,26.72
17,INVH.K,인비테이션 홈스,5,120,14,39,74,1.0,10.0,6.71,0.0,12.05,26.33
17,DGX,퀘스트 다이아그노스틱스,5,120,14,39,74,1.0,10.0,6.71,4.04,10.34,22.98
17,ESS,에섹스 프로퍼티 트러스트,5,120,14,39,74,1.0,10.0,6.71,5.09,10.3,24.08
17,TROW.O,티 로웨 프라이스 그룹,5,120,14,39,74,1.0,10.0,6.71,9.58,11.05,28.51
17,GRMN.K,가민,5,120,14,39,74,1.0,10.0,6.71,0.0,10.97,26.62
17,EQR,에퀴티 레지덴셜,5,120,14,39,74,1.0,10.0,6.71,4.26,7.53,23.91
17,EIX,에디슨 인터내셔널,5,120,14,39,74,1.0,10.0,6.71,0.0,8.76,23.93
17,OMC,옴니콤 그룹,5,120,14,39,74,1.0,10.0,6.71,15.96,10.38,24.93
17,TGT,타겟,5,120,14,39,74,1.0,10.0,6.71,38.15,12.35,27.88
17,ZBH,짐머 바이오멧 홀딩스,5,60,14,44,79,1.0,10.0,6.65,15.5,8.3,25.7
17,CPT,캠든 프로퍼티 트러스트,5,60,14,44,79,1.0,10.0,6.65,10.27,10.16,23.47
17,BFb,브라운-포맨 Class B,5,60,14,44,79,1.0,10.0,6.65,-32.48,10.12,22.73
17,BG,번지 글로벌,5,60,14,44,79,1.0,10.0,6.65,3.8,9.43,28.74
17,CNP,센터포인트 에너지,5,60,14,44,79,1.0,10.0,6.65,4.28,9.04,24.5
17,OMC,옴니콤 그룹,5,60,14,44,79,1.0,10.0,6.65,6.11,10.38,24.93
17,EIX,에디슨 인터내셔널,5,60,14,44,79,1.0,10.0,6.65,1.56,8.76,23.93
17,GRMN.K,가민,5,60,14,44,79,1.0,10.0,6.65,46.84,10.97,26.62
17,TROW.O,티 로웨 프라이스 그룹,5,60,14,44,79,1.0,10.0,6.65,12.23,11.05,28.51
17,ESS,에섹스 프로퍼티 트러스트,5,60,14,44,79,1.0,10.0,6.65,2.3,10.3,24.08
17,DGX,퀘스트 다이아그노스틱스,5,60,14,44,79,1.0,10.0,6.65,14.06,10.34,22.98
17,INVH.K,인비테이션 홈스,5,60,14,44,79,1.0,10.0,6.65,26.8,12.05,26.33
17,IFF,인터내셔널 플레이버스 & 프레그런스,5,60,14,44,79,1.0,10.0,6.65,-6.17,9.43,26.72
17,XOM,엑슨 모빌,5,60,14,44,79,1.0,10.0,6.65,3.0,8.31,25.32
17,LH,랩코프 홀딩스,5,60,14,44,79,1.0,10.0,6.65,15.27,10.79,24.67
17,UDR,UDR,5,60,14,44,79,1.0,10.0,6.65,4.89,8.49,24.53
17,NWSA.O,뉴스 코퍼레이션 Class A,5,60,14,44,79,1.0,10.0,6.65,5.98,9.73,29.18
17,ARE,알렉산드리아 리얼에스테이트 이쿼티,5,60,14,44,79,1.0,10.0,6.65,4.06,7.46,24.61
17,TAP,몰슨 쿠어스 베버리지 Class B,5,60,14,44,79,1.0,10.0,6.65,1.34,4.6,26.42
17,MAA,미드아메리카 아파트 커뮤니티,5,60,14,44,79,1.0,10.0,6.65,10.74,10.19,23.18
17,BIO,바이오래드 래보라토리스 Class A,5,60,14,44,79,1.0,10.0,6.65,1.72,12.56,27.81
17,NTRS.O,노던 트러스트,5,60,14,44,79,1.0,10.0,6.65,6.46,8.14,28.01
17,HSIC.O,헨리 셰인,5,60,14,44,79,1.0,10.0,6.65,1.67,11.27,24.11
17,REG.O,리젠시 센터스,5,60,14,44,79,1.0,10.0,6.65,3.79,8.42,28.16
17,JNPR.K,주니퍼 네트웍스,5,60,14,44,79,1.0,10.0,6.65,6.34,9.01,29.2
17,L,로우스,5,60,14,44,79,1.0,10.0,6.65,5.58,8.36,23.5
17,FRT,페더럴 리얼티 인베스트먼트 트러스트,5,60,14,44,79,1.0,10.0,6.65,-4.17,5.9,26.44
17,NWS.O,뉴스 코퍼레이션 Class B,5,60,14,44,79,1.0,10.0,6.65,6.85,10.14,29.04
17,AVB,아발론베이 커뮤니티,5,60,14,44,79,1.0,10.0,6.65,5.11,8.34,23.49
17,EQR,에퀴티 레지덴셜,5,60,14,44,79,1.0,10.0,6.65,3.52,7.53,23.91
17,CHRW.O,CH 로빈슨 월드와이드,5,60,14,44,79,1.0,10.0,6.65,2.38,6.47,25.11
17,ADM,아처 대니얼스 미들랜드,5,60,14,44,79,1.0,10.0,6.65,11.6,9.68,26.0
17,DIS,월트 디즈니,5,60,14,44,79,1.0,10.0,6.65,17.72,11.71,26.12
17,TGT,타겟,5,60,14,44,79,1.0,10.0,6.65,8.09,12.35,27.88
17,WFC,웰스파고,5,60,14,44,79,1.0,10.0,6.65,7.08,10.46,29.47
17,CVX,셰브론,5,60,14,44,79,1.0,10.0,6.65,3.83,9.66,27.08
17,WMT,월마트,5,60,14,44,79,1.0,10.0,6.65,9.09,7.36,26.15
17,WELL.K,웰타워,5,60,14,44,79,1.0,10.0,6.65,5.97,11.1,29.09
17,PCAR.O,파카,5,60,14,44,79,1.0,10.0,6.65,9.25,12.07,27.58
17,GLW,코닝,5,60,14,44,79,1.0,10.0,6.65,8.3,10.54,29.51
17,SYY,시스코,5,60,14,44,79,1.0,10.0,6.65,7.68,10.24,26.42
17,ELV,엘레반스 헬스,5,60,14,44,79,1.0,10.0,6.65,25.28,9.99,23.55
17,CCI,크라운 캐슬,5,60,14,44,79,1.0,10.0,6.65,-19.57,9.94,23.52
17,CVS,CVS 헬스,5,60,14,44,79,1.0,10.0,6.65,-4.32,8.17,24.34
17,CSCO.O,시스코 시스템즈,5,60,14,44,79,1.0,10.0,6.65,10.89,9.03,25.97
17,EMR,에머슨 일렉트릭,5,60,14,44,79,1.0,10.0,6.65,6.84,10.1,26.3
17,CAH,카디널 헬스,5,60,14,44,79,1.0,10.0,6.65,4.03,11.6,26.49
17,DLR,디지털 리얼티 트러스트,5,60,14,44,79,1.0,10.0,6.65,15.7,10.67,26.76
17,ALLE.K,얼리지언,5,60,14,44,79,1.0,10.0,6.65,8.27,12.44,25.98
17,BK,뱅크 오브 뉴욕 멜론,5,60,14,44,79,1.0,10.0,6.65,8.51,10.01,27.06
17,FIS,피델리티 내셔널 인포메이션 서비스,5,60,14,44,79,1.0,10.0,6.65,5.28,11.44,26.94
17,SRE,셈프라 에너지,5,60,14,44,79,1.0,10.0,6.65,6.02,7.02,25.36
17,CTSH.O,코그니전트 테크놀로지 솔루션,5,60,14,44,79,1.0,10.0,6.65,6.57,11.51,29.02
17,PNC,PNC 파이낸셜 서비스,5,60,14,44,79,1.0,10.0,6.65,15.73,11.04,28.0
17,O,리얼티 인컴,5,60,14,44,79,1.0,10.0,6.65,3.57,6.91,24.34
17,IP,인터내셔널 페이퍼,5,60,14,44,79,1.0,10.0,6.65,3.95,9.11,29.51
17,USB,U.S. 뱅코프,5,60,14,44,79,1.0,10.0,6.65,3.99,7.71,27.64
17,DLR,디지털 리얼티 트러스트,5,120,14,29,64,1.0,10.0,6.6,0.0,10.67,26.76
17,CTSH.O,코그니전트 테크놀로지 솔루션,5,120,14,29,64,1.0,10.0,6.6,0.0,11.51,29.02
17,USB,U.S. 뱅코프,5,120,14,29,64,1.0,10.0,6.6,0.0,7.71,27.64
17,IP,인터내셔널 페이퍼,5,120,14,29,64,1.0,10.0,6.6,0.0,9.11,29.51
17,O,리얼티 인컴,5,120,14,29,64,1.0,10.0,6.6,0.0,6.91,24.34
17,PNC,PNC 파이낸셜 서비스,5,120,14,29,64,1.0,10.0,6.6,39.51,11.04,28.0
17,GLW,코닝,5,120,14,29,64,1.0,10.0,6.6,0.0,10.54,29.51
17,CAH,카디널 헬스,5,120,14,29,64,1.0,10.0,6.6,0.0,11.6,26.49
17,SRE,셈프라 에너지,5,120,14,29,64,1.0,10.0,6.6,0.0,7.02,25.36
17,FIS,피델리티 내셔널 인포메이션 서비스,5,120,14,29,64,1.0,10.0,6.6,0.0,11.44,26.94
17,BK,뱅크 오브 뉴욕 멜론,5,120,14,29,64,1.0,10.0,6.6,0.0,10.01,27.06
17,ALLE.K,얼리지언,5,120,14,29,64,1.0,10.0,6.6,0.0,12.44,25.98
17,ADM,아처 대니얼스 미들랜드,5,120,14,29,64,1.0,10.0,6.6,0.0,9.68,26.0
17,EMR,에머슨 일렉트릭,5,120,14,29,64,1.0,10.0,6.6,0.0,10.1,26.3
17,ZBH,짐머 바이오멧 홀딩스,5,120,14,29,64,1.0,10.0,6.6,0.0,8.3,25.7
17,CVS,CVS 헬스,5,120,14,29,64,1.0,10.0,6.6,0.0,8.17,24.34
17,CCI,크라운 캐슬,5,120,14,29,64,1.0,10.0,6.6,0.0,9.94,23.52
17,ELV,엘레반스 헬스,5,120,14,29,64,1.0,10.0,6.6,0.0,9.99,23.55
17,SYY,시스코,5,120,14,29,64,1.0,10.0,6.6,0.0,10.24,26.42
17,CSCO.O,시스코 시스템즈,5,120,14,29,64,1.0,10.0,6.6,25.58,9.03,25.97
17,PCAR.O,파카,5,120,14,29,64,1.0,10.0,6.6,0.0,12.07,27.58
17,WELL.K,웰타워,5,120,14,29,64,1.0,10.0,6.6,0.0,11.1,29.09
17,WMT,월마트,5,120,14,29,64,1.0,10.0,6.6,3.4,7.36,26.15
17,CVX,셰브론,5,120,14,29,64,1.0,10.0,6.6,0.0,9.66,27.08
17,WFC,웰스파고,5,120,14,29,64,1.0,10.0,6.6,104.78,10.46,29.47
17,TGT,타겟,5,120,14,29,64,1.0,10.0,6.6,0.0,12.35,27.88
17,DIS,월트 디즈니,5,120,14,29,64,1.0,10.0,6.6,0.0,11.71,26.12
17,XOM,엑슨 모빌,5,120,14,29,64,1.0,10.0,6.6,71.66,8.31,25.32
17,CHRW.O,CH 로빈슨 월드와이드,5,120,14,29,64,1.0,10.0,6.6,0.0,6.47,25.11
17,BFb,브라운-포맨 Class B,5,120,14,29,64,1.0,10.0,6.6,0.0,10.12,22.73
17,NWS.O,뉴스 코퍼레이션 Class B,5,120,14,29,64,1.0,10.0,6.6,0.0,10.14,29.04
17,LH,랩코프 홀딩스,5,120,14,29,64,1.0,10.0,6.6,0.0,10.79,24.67
17,FRT,페더럴 리얼티 인베스트먼트 트러스트,5,120,14,29,64,1.0,10.0,6.6,43.63,5.9,26.44
17,L,로우스,5,120,14,29,64,1.0,10.0,6.6,0.0,8.36,23.5
17,JNPR.K,주니퍼 네트웍스,5,120,14,29,64,1.0,10.0,6.6,0.0,9.01,29.2
17,REG.O,리젠시 센터스,5,120,14,29,64,1.0,10.0,6.6,64.27,8.42,28.16
17,HSIC.O,헨리 셰인,5,120,14,29,64,1.0,10.0,6.6,0.0,11.27,24.11
17,NTRS.O,노던 트러스트,5,120,14,29,64,1.0,10.0,6.6,0.0,8.14,28.01
17,MAA,미드아메리카 아파트 커뮤니티,5,120,14,29,64,1.0,10.0,6.6,0.0,10.19,23.18
17,TAP,몰슨 쿠어스 베버리지 Class B,5,120,14,29,64,1.0,10.0,6.6,0.0,4.6,26.42
17,ARE,알렉산드리아 리얼에스테이트 이쿼티,5,120,14,29,64,1.0,10.0,6.6,0.0,7.46,24.61
17,NWSA.O,뉴스 코퍼레이션 Class A,5,120,14,29,64,1.0,10.0,6.6,0.0,9.73,29.18
17,UDR,UDR,5,120,14,29,64,1.0,10.0,6.6,0.0,8.49,24.53
17,BIO,바이오래드 래보라토리스 Class A,5,120,14,29,64,1.0,10.0,6.6,0.0,12.56,27.81
17,CPT,캠든 프로퍼티 트러스트,5,120,14,29,64,1.0,10.0,6.6,0.0,10.16,23.47
17,EQR,에퀴티 레지덴셜,5,120,14,29,64,1.0,10.0,6.6,0.0,7.53,23.91
17,IFF,인터내셔널 플레이버스 & 프레그런스,5,120,14,29,64,1.0,10.0,6.6,0.0,9.43,26.72
17,BG,번지 글로벌,5,120,14,29,64,1.0,10.0,6.6,0.0,9.43,28.74
17,CNP,센터포인트 에너지,5,120,14,29,64,1.0,10.0,6.6,0.0,9.04,24.5
17,OMC,옴니콤 그룹,5,120,14,29,64,1.0,10.0,6.6,23.33,10.38,24.93
17,EIX,에디슨 인터내셔널,5,120,14,29,64,1.0,10.0,6.6,0.0,8.76,23.93
17,AVB,아발론베이 커뮤니티,5,120,14,29,64,1.0,10.0,6.6,0.0,8.34,23.49
17,GRMN.K,가민,5,120,14,29,64,1.0,10.0,6.6,0.0,10.97,26.62
17,TROW.O,티 로웨 프라이스 그룹,5,120,14,29,64,1.0,10.0,6.6,0.0,11.05,28.51
17,ESS,에섹스 프로퍼티 트러스트,5,120,14,29,64,1.0,10.0,6.6,0.0,10.3,24.08
17,DGX,퀘스트 다이아그노스틱스,5,120,14,29,64,1.0,10.0,6.6,0.0,10.34,22.98
17,INVH.K,인비테이션 홈스,5,120,14,29,64,1.0,10.0,6.6,0.0,12.05,26.33
17,ESS,에섹스 프로퍼티 트러스트,5,60,14,49,79,1.0,10.0,6.36,5.58,10.3,24.08
17,LH,랩코프 홀딩스,5,60,14,49,79,1.0,10.0,6.36,9.82,10.79,24.67
17,CPT,캠든 프로퍼티 트러스트,5,60,14,49,79,1.0,10.0,6.36,8.6,10.16,23.47
17,IFF,인터내셔널 플레이버스 & 프레그런스,5,60,14,49,79,1.0,10.0,6.36,3.29,9.43,26.72
17,INVH.K,인비테이션 홈스,5,60,14,49,79,1.0,10.0,6.36,13.45,12.05,26.33
17,DGX,퀘스트 다이아그노스틱스,5,60,14,49,79,1.0,10.0,6.36,11.67,10.34,22.98
17,GRMN.K,가민,5,60,14,49,79,1.0,10.0,6.36,46.84,10.97,26.62
17,TROW.O,티 로웨 프라이스 그룹,5,60,14,49,79,1.0,10.0,6.36,9.68,11.05,28.51
17,UDR,UDR,5,60,14,49,79,1.0,10.0,6.36,4.06,8.49,24.53
17,EQR,에퀴티 레지덴셜,5,60,14,49,79,1.0,10.0,6.36,2.48,7.53,23.91
17,EIX,에디슨 인터내셔널,5,60,14,49,79,1.0,10.0,6.36,1.56,8.76,23.93
17,OMC,옴니콤 그룹,5,60,14,49,79,1.0,10.0,6.36,6.11,10.38,24.93
17,CNP,센터포인트 에너지,5,60,14,49,79,1.0,10.0,6.36,4.28,9.04,24.5
17,DIS,월트 디즈니,5,60,14,49,79,1.0,10.0,6.36,7.32,11.71,26.12
17,NWSA.O,뉴스 코퍼레이션 Class A,5,60,14,49,79,1.0,10.0,6.36,5.98,9.73,29.18
17,ARE,알렉산드리아 리얼에스테이트 이쿼티,5,60,14,49,79,1.0,10.0,6.36,4.06,7.46,24.61
17,TAP,몰슨 쿠어스 베버리지 Class B,5,60,14,49,79,1.0,10.0,6.36,1.34,4.6,26.42
17,MAA,미드아메리카 아파트 커뮤니티,5,60,14,49,79,1.0,10.0,6.36,9.81,10.19,23.18
17,BIO,바이오래드 래보라토리스 Class A,5,60,14,49,79,1.0,10.0,6.36,1.35,12.56,27.81
17,NTRS.O,노던 트러스트,5,60,14,49,79,1.0,10.0,6.36,6.46,8.14,28.01
17,HSIC.O,헨리 셰인,5,60,14,49,79,1.0,10.0,6.36,1.67,11.27,24.11
17,REG.O,리젠시 센터스,5,60,14,49,79,1.0,10.0,6.36,3.79,8.42,28.16
17,JNPR.K,주니퍼 네트웍스,5,60,14,49,79,1.0,10.0,6.36,6.34,9.01,29.2
17,L,로우스,5,60,14,49,79,1.0,10.0,6.36,5.58,8.36,23.5
17,FRT,페더럴 리얼티 인베스트먼트 트러스트,5,60,14,49,79,1.0,10.0,6.36,-0.16,5.9,26.44
17,NWS.O,뉴스 코퍼레이션 Class B,5,60,14,49,79,1.0,10.0,6.36,6.85,10.14,29.04
17,AVB,아발론베이 커뮤니티,5,60,14,49,79,1.0,10.0,6.36,3.39,8.34,23.49
17,BG,번지 글로벌,5,60,14,49,79,1.0,10.0,6.36,4.35,9.43,28.74
17,USB,U.S. 뱅코프,5,60,14,49,79,1.0,10.0,6.36,3.99,7.71,27.64
17,BFb,브라운-포맨 Class B,5,60,14,49,79,1.0,10.0,6.36,-0.26,10.12,22.73
17,EMR,에머슨 일렉트릭,5,60,14,49,79,1.0,10.0,6.36,6.84,10.1,26.3
17,WFC,웰스파고,5,60,14,49,79,1.0,10.0,6.36,7.08,10.46,29.47
17,CVX,셰브론,5,60,14,49,79,1.0,10.0,6.36,3.83,9.66,27.08
17,WMT,월마트,5,60,14,49,79,1.0,10.0,6.36,1.99,7.36,26.15
17,WELL.K,웰타워,5,60,14,49,79,1.0,10.0,6.36,5.97,11.1,29.09
17,PCAR.O,파카,5,60,14,49,79,1.0,10.0,6.36,9.25,12.07,27.58
17,CSCO.O,시스코 시스템즈,5,60,14,49,79,1.0,10.0,6.36,10.89,9.03,25.97
17,SYY,시스코,5,60,14,49,79,1.0,10.0,6.36,7.68,10.24,26.42
17,ELV,엘레반스 헬스,5,60,14,49,79,1.0,10.0,6.36,21.95,9.99,23.55
17,CCI,크라운 캐슬,5,60,14,49,79,1.0,10.0,6.36,-12.23,9.94,23.52
17,CVS,CVS 헬스,5,60,14,49,79,1.0,10.0,6.36,-4.32,8.17,24.34
17,ADM,아처 대니얼스 미들랜드,5,60,14,49,79,1.0,10.0,6.36,9.42,9.68,26.0
17,DLR,디지털 리얼티 트러스트,5,60,14,49,79,1.0,10.0,6.36,9.91,10.67,26.76
17,ZBH,짐머 바이오멧 홀딩스,5,60,14,49,79,1.0,10.0,6.36,6.37,8.3,25.7
17,IP,인터내셔널 페이퍼,5,60,14,49,79,1.0,10.0,6.36,3.95,9.11,29.51
17,O,리얼티 인컴,5,60,14,49,79,1.0,10.0,6.36,3.57,6.91,24.34
17,PNC,PNC 파이낸셜 서비스,5,60,14,49,79,1.0,10.0,6.36,11.96,11.04,28.0
17,CTSH.O,코그니전트 테크놀로지 솔루션,5,60,14,49,79,1.0,10.0,6.36,5.61,11.51,29.02
17,CAH,카디널 헬스,5,60,14,49,79,1.0,10.0,6.36,9.09,11.6,26.49
17,SRE,셈프라 에너지,5,60,14,49,79,1.0,10.0,6.36,6.02,7.02,25.36
17,FIS,피델리티 내셔널 인포메이션 서비스,5,60,14,49,79,1.0,10.0,6.36,8.91,11.44,26.94
17,BK,뱅크 오브 뉴욕 멜론,5,60,14,49,79,1.0,10.0,6.36,8.51,10.01,27.06
17,ALLE.K,얼리지언,5,60,14,49,79,1.0,10.0,6.36,0.84,12.44,25.98
17,GLW,코닝,5,60,14,49,79,1.0,10.0,6.36,8.3,10.54,29.51
17,CHRW.O,CH 로빈슨 월드와이드,5,60,14,49,79,1.0,10.0,6.36,1.48,6.47,25.11
17,XOM,엑슨 모빌,5,60,14,49,79,1.0,10.0,6.36,2.18,8.31,25.32
17,TGT,타겟,5,60,14,49,79,1.0,10.0,6.36,8.12,12.35,27.88
17,NWS.O,뉴스 코퍼레이션 Class B,5,120,14,44,74,1.0,10.0,6.06,12.35,10.14,29.04
17,GLW,코닝,5,120,14,44,74,1.0,10.0,6.06,12.98,10.54,29.51
17,ZBH,짐머 바이오멧 홀딩스,5,120,14,44,74,1.0,10.0,6.06,-3.84,8.3,25.7
17,BFb,브라운-포맨 Class B,5,120,14,44,74,1.0,10.0,6.06,-32.6,10.12,22.73
17,AVB,아발론베이 커뮤니티,5,120,14,44,74,1.0,10.0,6.06,7.0,8.34,23.49
17,BG,번지 글로벌,5,120,14,44,74,1.0,10.0,6.06,6.18,9.43,28.74
17,CNP,센터포인트 에너지,5,120,14,44,74,1.0,10.0,6.06,6.39,9.04,24.5
17,OMC,옴니콤 그룹,5,120,14,44,74,1.0,10.0,6.06,6.89,10.38,24.93
17,EIX,에디슨 인터내셔널,5,120,14,44,74,1.0,10.0,6.06,2.23,8.76,23.93
17,EQR,에퀴티 레지덴셜,5,120,14,44,74,1.0,10.0,6.06,11.61,7.53,23.91
17,GRMN.K,가민,5,120,14,44,74,1.0,10.0,6.06,86.02,10.97,26.62
17,TROW.O,티 로웨 프라이스 그룹,5,120,14,44,74,1.0,10.0,6.06,5.9,11.05,28.51
17,ESS,에섹스 프로퍼티 트러스트,5,120,14,44,74,1.0,10.0,6.06,5.09,10.3,24.08
17,DGX,퀘스트 다이아그노스틱스,5,120,14,44,74,1.0,10.0,6.06,11.22,10.34,22.98
17,INVH.K,인비테이션 홈스,5,120,14,44,74,1.0,10.0,6.06,0.0,12.05,26.33
17,IFF,인터내셔널 플레이버스 & 프레그런스,5,120,14,44,74,1.0,10.0,6.06,-7.49,9.43,26.72
17,CPT,캠든 프로퍼티 트러스트,5,120,14,44,74,1.0,10.0,6.06,-3.46,10.16,23.47
17,LH,랩코프 홀딩스,5,120,14,44,74,1.0,10.0,6.06,21.6,10.79,24.67
17,UDR,UDR,5,120,14,44,74,1.0,10.0,6.06,19.45,8.49,24.53
17,NWSA.O,뉴스 코퍼레이션 Class A,5,120,14,44,74,1.0,10.0,6.06,12.3,9.73,29.18
17,ARE,알렉산드리아 리얼에스테이트 이쿼티,5,120,14,44,74,1.0,10.0,6.06,2.06,7.46,24.61
17,TAP,몰슨 쿠어스 베버리지 Class B,5,120,14,44,74,1.0,10.0,6.06,0.38,4.6,26.42
17,MAA,미드아메리카 아파트 커뮤니티,5,120,14,44,74,1.0,10.0,6.06,12.8,10.19,23.18
17,BIO,바이오래드 래보라토리스 Class A,5,120,14,44,74,1.0,10.0,6.06,-31.44,12.56,27.81
17,NTRS.O,노던 트러스트,5,120,14,44,74,1.0,10.0,6.06,6.14,8.14,28.01
17,HSIC.O,헨리 셰인,5,120,14,44,74,1.0,10.0,6.06,0.46,11.27,24.11
17,REG.O,리젠시 센터스,5,120,14,44,74,1.0,10.0,6.06,-1.11,8.42,28.16
17,CHRW.O,CH 로빈슨 월드와이드,5,120,14,44,74,1.0,10.0,6.06,3.43,6.47,25.11
17,ALLE.K,얼리지언,5,120,14,44,74,1.0,10.0,6.06,0.0,12.44,25.98
17,L,로우스,5,120,14,44,74,1.0,10.0,6.06,5.16,8.36,23.5
17,BK,뱅크 오브 뉴욕 멜론,5,120,14,44,74,1.0,10.0,6.06,8.99,10.01,27.06
17,XOM,엑슨 모빌,5,120,14,44,74,1.0,10.0,6.06,2.32,8.31,25.32
17,DIS,월트 디즈니,5,120,14,44,74,1.0,10.0,6.06,-11.3,11.71,26.12
17,TGT,타겟,5,120,14,44,74,1.0,10.0,6.06,7.94,12.35,27.88
17,WFC,웰스파고,5,120,14,44,74,1.0,10.0,6.06,6.05,10.46,29.47
17,CVX,셰브론,5,120,14,44,74,1.0,10.0,6.06,5.77,9.66,27.08
17,WMT,월마트,5,120,14,44,74,1.0,10.0,6.06,8.12,7.36,26.15
17,WELL.K,웰타워,5,120,14,44,74,1.0,10.0,6.06,13.71,11.1,29.09
17,PCAR.O,파카,5,120,14,44,74,1.0,10.0,6.06,9.13,12.07,27.58
17,CSCO.O,시스코 시스템즈,5,120,14,44,74,1.0,10.0,6.06,12.85,9.03,25.97
17,SYY,시스코,5,120,14,44,74,1.0,10.0,6.06,9.8,10.24,26.42
17,ELV,엘레반스 헬스,5,120,14,44,74,1.0,10.0,6.06,25.28,9.99,23.55
17,CCI,크라운 캐슬,5,120,14,44,74,1.0,10.0,6.06,-25.76,9.94,23.52
17,FRT,페더럴 리얼티 인베스트먼트 트러스트,5,120,14,44,74,1.0,10.0,6.06,-4.11,5.9,26.44
17,CVS,CVS 헬스,5,120,14,44,74,1.0,10.0,6.06,0.21,8.17,24.34
17,ADM,아처 대니얼스 미들랜드,5,120,14,44,74,1.0,10.0,6.06,13.59,9.68,26.0
17,EMR,에머슨 일렉트릭,5,120,14,44,74,1.0,10.0,6.06,9.83,10.1,26.3
17,DLR,디지털 리얼티 트러스트,5,120,14,44,74,1.0,10.0,6.06,12.7,10.67,26.76
17,USB,U.S. 뱅코프,5,120,14,44,74,1.0,10.0,6.06,1.5,7.71,27.64
17,IP,인터내셔널 페이퍼,5,120,14,44,74,1.0,10.0,6.06,1.15,9.11,29.51
17,O,리얼티 인컴,5,120,14,44,74,1.0,10.0,6.06,17.91,6.91,24.34
17,PNC,PNC 파이낸셜 서비스,5,120,14,44,74,1.0,10.0,6.06,13.34,11.04,28.0
17,CTSH.O,코그니전트 테크놀로지 솔루션,5,120,14,44,74,1.0,10.0,6.06,1.79,11.51,29.02
17,CAH,카디널 헬스,5,120,14,44,74,1.0,10.0,6.06,6.2,11.6,26.49
17,SRE,셈프라 에너지,5,120,14,44,74,1.0,10.0,6.06,8.21,7.02,25.36
17,FIS,피델리티 내셔널 인포메이션 서비스,5,120,14,44,74,1.0,10.0,6.06,6.45,11.44,26.94
17,JNPR.K,주니퍼 네트웍스,5,120,14,44,74,1.0,10.0,6.06,6.2,9.01,29.2
17,FRT,페더럴 리얼티 인베스트먼트 트러스트,5,120,14,39,79,1.0,10.0,5.46,-3.61,5.9,26.44
17,XOM,엑슨 모빌,5,120,14,39,79,1.0,10.0,5.46,3.9,8.31,25.32
17,EMR,에머슨 일렉트릭,5,120,14,39,79,1.0,10.0,5.46,9.6,10.1,26.3
17,ALLE.K,얼리지언,5,120,14,39,79,1.0,10.0,5.46,0.0,12.44,25.98
17,BK,뱅크 오브 뉴욕 멜론,5,120,14,39,79,1.0,10.0,5.46,8.99,10.01,27.06
17,FIS,피델리티 내셔널 인포메이션 서비스,5,120,14,39,79,1.0,10.0,5.46,11.27,11.44,26.94
17,SRE,셈프라 에너지,5,120,14,39,79,1.0,10.0,5.46,5.19,7.02,25.36
17,CAH,카디널 헬스,5,120,14,39,79,1.0,10.0,5.46,5.85,11.6,26.49
17,CTSH.O,코그니전트 테크놀로지 솔루션,5,120,14,39,79,1.0,10.0,5.46,3.03,11.51,29.02
17,PNC,PNC 파이낸셜 서비스,5,120,14,39,79,1.0,10.0,5.46,19.42,11.04,28.0
17,O,리얼티 인컴,5,120,14,39,79,1.0,10.0,5.46,0.0,6.91,24.34
17,IP,인터내셔널 페이퍼,5,120,14,39,79,1.0,10.0,5.46,1.15,9.11,29.51
17,USB,U.S. 뱅코프,5,120,14,39,79,1.0,10.0,5.46,1.5,7.71,27.64
17,DLR,디지털 리얼티 트러스트,5,120,14,39,79,1.0,10.0,5.46,14.99,10.67,26.76
17,CVS,CVS 헬스,5,120,14,39,79,1.0,10.0,5.46,0.58,8.17,24.34
17,CHRW.O,CH 로빈슨 월드와이드,5,120,14,39,79,1.0,10.0,5.46,3.43,6.47,25.11
17,CCI,크라운 캐슬,5,120,14,39,79,1.0,10.0,5.46,-10.42,9.94,23.52
17,ELV,엘레반스 헬스,5,120,14,39,79,1.0,10.0,5.46,25.28,9.99,23.55
17,SYY,시스코,5,120,14,39,79,1.0,10.0,5.46,0.0,10.24,26.42
17,CSCO.O,시스코 시스템즈,5,120,14,39,79,1.0,10.0,5.46,16.89,9.03,25.97
17,PCAR.O,파카,5,120,14,39,79,1.0,10.0,5.46,0.0,12.07,27.58
17,WELL.K,웰타워,5,120,14,39,79,1.0,10.0,5.46,18.77,11.1,29.09
17,WMT,월마트,5,120,14,39,79,1.0,10.0,5.46,9.59,7.36,26.15
17,CVX,셰브론,5,120,14,39,79,1.0,10.0,5.46,7.34,9.66,27.08
17,WFC,웰스파고,5,120,14,39,79,1.0,10.0,5.46,27.25,10.46,29.47
17,TGT,타겟,5,120,14,39,79,1.0,10.0,5.46,38.52,12.35,27.88
17,DIS,월트 디즈니,5,120,14,39,79,1.0,10.0,5.46,-11.3,11.71,26.12
17,GLW,코닝,5,120,14,39,79,1.0,10.0,5.46,8.53,10.54,29.51
17,ZBH,짐머 바이오멧 홀딩스,5,120,14,39,79,1.0,10.0,5.46,-3.84,8.3,25.7
17,L,로우스,5,120,14,39,79,1.0,10.0,5.46,5.16,8.36,23.5
17,CPT,캠든 프로퍼티 트러스트,5,120,14,39,79,1.0,10.0,5.46,20.82,10.16,23.47
17,JNPR.K,주니퍼 네트웍스,5,120,14,39,79,1.0,10.0,5.46,10.61,9.01,29.2
17,REG.O,리젠시 센터스,5,120,14,39,79,1.0,10.0,5.46,8.62,8.42,28.16
17,HSIC.O,헨리 셰인,5,120,14,39,79,1.0,10.0,5.46,0.46,11.27,24.11
17,NTRS.O,노던 트러스트,5,120,14,39,79,1.0,10.0,5.46,6.14,8.14,28.01
17,BIO,바이오래드 래보라토리스 Class A,5,120,14,39,79,1.0,10.0,5.46,-45.41,12.56,27.81
17,MAA,미드아메리카 아파트 커뮤니티,5,120,14,39,79,1.0,10.0,5.46,26.22,10.19,23.18
17,TAP,몰슨 쿠어스 베버리지 Class B,5,120,14,39,79,1.0,10.0,5.46,1.36,4.6,26.42
17,ARE,알렉산드리아 리얼에스테이트 이쿼티,5,120,14,39,79,1.0,10.0,5.46,0.0,7.46,24.61
17,NWSA.O,뉴스 코퍼레이션 Class A,5,120,14,39,79,1.0,10.0,5.46,7.61,9.73,29.18
17,UDR,UDR,5,120,14,39,79,1.0,10.0,5.46,0.84,8.49,24.53
17,LH,랩코프 홀딩스,5,120,14,39,79,1.0,10.0,5.46,50.05,10.79,24.67
17,IFF,인터내셔널 플레이버스 & 프레그런스,5,120,14,39,79,1.0,10.0,5.46,-7.49,9.43,26.72
17,BFb,브라운-포맨 Class B,5,120,14,39,79,1.0,10.0,5.46,-58.05,10.12,22.73
17,INVH.K,인비테이션 홈스,5,120,14,39,79,1.0,10.0,5.46,0.0,12.05,26.33
17,DGX,퀘스트 다이아그노스틱스,5,120,14,39,79,1.0,10.0,5.46,4.04,10.34,22.98
17,ESS,에섹스 프로퍼티 트러스트,5,120,14,39,79,1.0,10.0,5.46,5.09,10.3,24.08
17,TROW.O,티 로웨 프라이스 그룹,5,120,14,39,79,1.0,10.0,5.46,16.09,11.05,28.51
17,GRMN.K,가민,5,120,14,39,79,1.0,10.0,5.46,0.0,10.97,26.62
17,EQR,에퀴티 레지덴셜,5,120,14,39,79,1.0,10.0,5.46,4.26,7.53,23.91
17,EIX,에디슨 인터내셔널,5,120,14,39,79,1.0,10.0,5.46,0.0,8.76,23.93
17,OMC,옴니콤 그룹,5,120,14,39,79,1.0,10.0,5.46,5.53,10.38,24.93
17,CNP,센터포인트 에너지,5,120,14,39,79,1.0,10.0,5.46,6.39,9.04,24.5
17,BG,번지 글로벌,5,120,14,39,79,1.0,10.0,5.46,6.77,9.43,28.74
17,AVB,아발론베이 커뮤니티,5,120,14,39,79,1.0,10.0,5.46,7.0,8.34,23.49
17,ADM,아처 대니얼스 미들랜드,5,120,14,39,79,1.0,10.0,5.46,11.02,9.68,26.0
17,NWS.O,뉴스 코퍼레이션 Class B,5,120,14,39,79,1.0,10.0,5.46,6.18,10.14,29.04
17,TGT,타겟,5,60,14,29,69,1.0,10.0,5.14,0.0,12.35,27.88
17,DLR,디지털 리얼티 트러스트,5,60,14,29,69,1.0,10.0,5.14,0.0,10.67,26.76
17,ZBH,짐머 바이오멧 홀딩스,5,60,14,29,69,1.0,10.0,5.14,0.0,8.3,25.7
17,CHRW.O,CH 로빈슨 월드와이드,5,60,14,29,69,1.0,10.0,5.14,9.25,6.47,25.11
17,GLW,코닝,5,60,14,29,69,1.0,10.0,5.14,17.29,10.54,29.51
17,ALLE.K,얼리지언,5,60,14,29,69,1.0,10.0,5.14,0.0,12.44,25.98
17,BK,뱅크 오브 뉴욕 멜론,5,60,14,29,69,1.0,10.0,5.14,25.48,10.01,27.06
17,FIS,피델리티 내셔널 인포메이션 서비스,5,60,14,29,69,1.0,10.0,5.14,0.0,11.44,26.94
17,SRE,셈프라 에너지,5,60,14,29,69,1.0,10.0,5.14,0.0,7.02,25.36
17,CAH,카디널 헬스,5,60,14,29,69,1.0,10.0,5.14,0.0,11.6,26.49
17,CTSH.O,코그니전트 테크놀로지 솔루션,5,60,14,29,69,1.0,10.0,5.14,0.0,11.51,29.02
17,PNC,PNC 파이낸셜 서비스,5,60,14,29,69,1.0,10.0,5.14,23.51,11.04,28.0
17,IP,인터내셔널 페이퍼,5,60,14,29,69,1.0,10.0,5.14,0.0,9.11,29.51
17,USB,U.S. 뱅코프,5,60,14,29,69,1.0,10.0,5.14,0.0,7.71,27.64
17,EMR,에머슨 일렉트릭,5,60,14,29,69,1.0,10.0,5.14,19.37,10.1,26.3
17,AVB,아발론베이 커뮤니티,5,60,14,29,69,1.0,10.0,5.14,0.0,8.34,23.49
17,ADM,아처 대니얼스 미들랜드,5,60,14,29,69,1.0,10.0,5.14,0.0,9.68,26.0
17,CVS,CVS 헬스,5,60,14,29,69,1.0,10.0,5.14,0.0,8.17,24.34
17,CCI,크라운 캐슬,5,60,14,29,69,1.0,10.0,5.14,0.0,9.94,23.52
17,ELV,엘레반스 헬스,5,60,14,29,69,1.0,10.0,5.14,0.0,9.99,23.55
17,SYY,시스코,5,60,14,29,69,1.0,10.0,5.14,0.0,10.24,26.42
17,CSCO.O,시스코 시스템즈,5,60,14,29,69,1.0,10.0,5.14,18.89,9.03,25.97
17,PCAR.O,파카,5,60,14,29,69,1.0,10.0,5.14,0.0,12.07,27.58
17,WELL.K,웰타워,5,60,14,29,69,1.0,10.0,5.14,0.0,11.1,29.09
17,WMT,월마트,5,60,14,29,69,1.0,10.0,5.14,5.2,7.36,26.15
17,CVX,셰브론,5,60,14,29,69,1.0,10.0,5.14,25.71,9.66,27.08
17,DIS,월트 디즈니,5,60,14,29,69,1.0,10.0,5.14,0.0,11.71,26.12
17,WFC,웰스파고,5,60,14,29,69,1.0,10.0,5.14,18.06,10.46,29.47
17,BFb,브라운-포맨 Class B,5,60,14,29,69,1.0,10.0,5.14,0.0,10.12,22.73
17,O,리얼티 인컴,5,60,14,29,69,1.0,10.0,5.14,0.0,6.91,24.34
17,XOM,엑슨 모빌,5,60,14,29,69,1.0,10.0,5.14,81.46,8.31,25.32
17,UDR,UDR,5,60,14,29,69,1.0,10.0,5.14,0.0,8.49,24.53
17,BG,번지 글로벌,5,60,14,29,69,1.0,10.0,5.14,0.0,9.43,28.74
17,FRT,페더럴 리얼티 인베스트먼트 트러스트,5,60,14,29,69,1.0,10.0,5.14,1.96,5.9,26.44
17,L,로우스,5,60,14,29,69,1.0,10.0,5.14,0.0,8.36,23.5
17,JNPR.K,주니퍼 네트웍스,5,60,14,29,69,1.0,10.0,5.14,0.0,9.01,29.2
17,REG.O,리젠시 센터스,5,60,14,29,69,1.0,10.0,5.14,8.18,8.42,28.16
17,HSIC.O,헨리 셰인,5,60,14,29,69,1.0,10.0,5.14,0.0,11.27,24.11
17,NTRS.O,노던 트러스트,5,60,14,29,69,1.0,10.0,5.14,30.26,8.14,28.01
17,BIO,바이오래드 래보라토리스 Class A,5,60,14,29,69,1.0,10.0,5.14,0.0,12.56,27.81
17,MAA,미드아메리카 아파트 커뮤니티,5,60,14,29,69,1.0,10.0,5.14,0.0,10.19,23.18
17,TAP,몰슨 쿠어스 베버리지 Class B,5,60,14,29,69,1.0,10.0,5.14,-4.62,4.6,26.42
17,ARE,알렉산드리아 리얼에스테이트 이쿼티,5,60,14,29,69,1.0,10.0,5.14,0.0,7.46,24.61
17,NWSA.O,뉴스 코퍼레이션 Class A,5,60,14,29,69,1.0,10.0,5.14,0.0,9.73,29.18
17,NWS.O,뉴스 코퍼레이션 Class B,5,60,14,29,69,1.0,10.0,5.14,0.0,10.14,29.04
17,LH,랩코프 홀딩스,5,60,14,29,69,1.0,10.0,5.14,0.0,10.79,24.67
17,TROW.O,티 로웨 프라이스 그룹,5,60,14,29,69,1.0,10.0,5.14,0.0,11.05,28.51
17,CPT,캠든 프로퍼티 트러스트,5,60,14,29,69,1.0,10.0,5.14,0.0,10.16,23.47
17,OMC,옴니콤 그룹,5,60,14,29,69,1.0,10.0,5.14,13.18,10.38,24.93
17,EIX,에디슨 인터내셔널,5,60,14,29,69,1.0,10.0,5.14,0.0,8.76,23.93
17,EQR,에퀴티 레지덴셜,5,60,14,29,69,1.0,10.0,5.14,0.0,7.53,23.91
17,GRMN.K,가민,5,60,14,29,69,1.0,10.0,5.14,0.0,10.97,26.62
17,CNP,센터포인트 에너지,5,60,14,29,69,1.0,10.0,5.14,0.0,9.04,24.5
17,ESS,에섹스 프로퍼티 트러스트,5,60,14,29,69,1.0,10.0,5.14,0.0,10.3,24.08
17,INVH.K,인비테이션 홈스,5,60,14,29,69,1.0,10.0,5.14,0.0,12.05,26.33
17,IFF,인터내셔널 플레이버스 & 프레그런스,5,60,14,29,69,1.0,10.0,5.14,0.0,9.43,26.72
17,DGX,퀘스트 다이아그노스틱스,5,60,14,29,69,1.0,10.0,5.14,0.0,10.34,22.98
17,GRMN.K,가민,5,120,14,34,79,1.0,10.0,5.12,0.0,10.97,26.62
17,INVH.K,인비테이션 홈스,5,120,14,34,79,1.0,10.0,5.12,0.0,12.05,26.33
17,DGX,퀘스트 다이아그노스틱스,5,120,14,34,79,1.0,10.0,5.12,0.0,10.34,22.98
17,ESS,에섹스 프로퍼티 트러스트,5,120,14,34,79,1.0,10.0,5.12,0.0,10.3,24.08
17,AVB,아발론베이 커뮤니티,5,120,14,34,79,1.0,10.0,5.12,5.25,8.34,23.49
17,TROW.O,티 로웨 프라이스 그룹,5,120,14,34,79,1.0,10.0,5.12,0.0,11.05,28.51
17,EIX,에디슨 인터내셔널,5,120,14,34,79,1.0,10.0,5.12,0.0,8.76,23.93
17,EQR,에퀴티 레지덴셜,5,120,14,34,79,1.0,10.0,5.12,4.26,7.53,23.91
17,OMC,옴니콤 그룹,5,120,14,34,79,1.0,10.0,5.12,13.18,10.38,24.93
17,CNP,센터포인트 에너지,5,120,14,34,79,1.0,10.0,5.12,6.39,9.04,24.5
17,BG,번지 글로벌,5,120,14,34,79,1.0,10.0,5.12,25.84,9.43,28.74
17,NWS.O,뉴스 코퍼레이션 Class B,5,120,14,34,79,1.0,10.0,5.12,7.88,10.14,29.04
17,IFF,인터내셔널 플레이버스 & 프레그런스,5,120,14,34,79,1.0,10.0,5.12,48.42,9.43,26.72
17,MAA,미드아메리카 아파트 커뮤니티,5,120,14,34,79,1.0,10.0,5.12,0.0,10.19,23.18
17,LH,랩코프 홀딩스,5,120,14,34,79,1.0,10.0,5.12,0.0,10.79,24.67
17,UDR,UDR,5,120,14,34,79,1.0,10.0,5.12,0.84,8.49,24.53
17,NWSA.O,뉴스 코퍼레이션 Class A,5,120,14,34,79,1.0,10.0,5.12,7.61,9.73,29.18
17,ARE,알렉산드리아 리얼에스테이트 이쿼티,5,120,14,34,79,1.0,10.0,5.12,0.0,7.46,24.61
17,TAP,몰슨 쿠어스 베버리지 Class B,5,120,14,34,79,1.0,10.0,5.12,-3.98,4.6,26.42
17,BIO,바이오래드 래보라토리스 Class A,5,120,14,34,79,1.0,10.0,5.12,0.0,12.56,27.81
17,NTRS.O,노던 트러스트,5,120,14,34,79,1.0,10.0,5.12,6.14,8.14,28.01
17,HSIC.O,헨리 셰인,5,120,14,34,79,1.0,10.0,5.12,0.0,11.27,24.11
17,REG.O,리젠시 센터스,5,120,14,34,79,1.0,10.0,5.12,8.62,8.42,28.16
17,JNPR.K,주니퍼 네트웍스,5,120,14,34,79,1.0,10.0,5.12,10.61,9.01,29.2
17,L,로우스,5,120,14,34,79,1.0,10.0,5.12,0.0,8.36,23.5
17,FRT,페더럴 리얼티 인베스트먼트 트러스트,5,120,14,34,79,1.0,10.0,5.12,5.77,5.9,26.44
17,ZBH,짐머 바이오멧 홀딩스,5,120,14,34,79,1.0,10.0,5.12,0.0,8.3,25.7
17,BFb,브라운-포맨 Class B,5,120,14,34,79,1.0,10.0,5.12,0.0,10.12,22.73
17,CPT,캠든 프로퍼티 트러스트,5,120,14,34,79,1.0,10.0,5.12,0.0,10.16,23.47
17,CHRW.O,CH 로빈슨 월드와이드,5,120,14,34,79,1.0,10.0,5.12,0.0,6.47,25.11
17,GLW,코닝,5,120,14,34,79,1.0,10.0,5.12,0.0,10.54,29.51
17,DIS,월트 디즈니,5,120,14,34,79,1.0,10.0,5.12,0.0,11.71,26.12
17,TGT,타겟,5,120,14,34,79,1.0,10.0,5.12,0.0,12.35,27.88
17,WFC,웰스파고,5,120,14,34,79,1.0,10.0,5.12,27.25,10.46,29.47
17,CVX,셰브론,5,120,14,34,79,1.0,10.0,5.12,16.89,9.66,27.08
17,WMT,월마트,5,120,14,34,79,1.0,10.0,5.12,9.59,7.36,26.15
17,WELL.K,웰타워,5,120,14,34,79,1.0,10.0,5.12,0.0,11.1,29.09
17,PCAR.O,파카,5,120,14,34,79,1.0,10.0,5.12,0.0,12.07,27.58
17,CSCO.O,시스코 시스템즈,5,120,14,34,79,1.0,10.0,5.12,16.89,9.03,25.97
17,SYY,시스코,5,120,14,34,79,1.0,10.0,5.12,0.0,10.24,26.42
17,ELV,엘레반스 헬스,5,120,14,34,79,1.0,10.0,5.12,0.0,9.99,23.55
17,CCI,크라운 캐슬,5,120,14,34,79,1.0,10.0,5.12,-10.42,9.94,23.52
17,CVS,CVS 헬스,5,120,14,34,79,1.0,10.0,5.12,0.0,8.17,24.34
17,ADM,아처 대니얼스 미들랜드,5,120,14,34,79,1.0,10.0,5.12,0.0,9.68,26.0
17,EMR,에머슨 일렉트릭,5,120,14,34,79,1.0,10.0,5.12,0.0,10.1,26.3
17,DLR,디지털 리얼티 트러스트,5,120,14,34,79,1.0,10.0,5.12,35.47,10.67,26.76
17,USB,U.S. 뱅코프,5,120,14,34,79,1.0,10.0,5.12,0.0,7.71,27.64
17,IP,인터내셔널 페이퍼,5,120,14,34,79,1.0,10.0,5.12,0.0,9.11,29.51
17,O,리얼티 인컴,5,120,14,34,79,1.0,10.0,5.12,0.0,6.91,24.34
17,PNC,PNC 파이낸셜 서비스,5,120,14,34,79,1.0,10.0,5.12,18.01,11.04,28.0
17,CTSH.O,코그니전트 테크놀로지 솔루션,5,120,14,34,79,1.0,10.0,5.12,0.0,11.51,29.02
17,CAH,카디널 헬스,5,120,14,34,79,1.0,10.0,5.12,0.0,11.6,26.49
17,SRE,셈프라 에너지,5,120,14,34,79,1.0,10.0,5.12,0.0,7.02,25.36
17,FIS,피델리티 내셔널 인포메이션 서비스,5,120,14,34,79,1.0,10.0,5.12,27.57,11.44,26.94
17,BK,뱅크 오브 뉴욕 멜론,5,120,14,34,79,1.0,10.0,5.12,0.0,10.01,27.06
17,ALLE.K,얼리지언,5,120,14,34,79,1.0,10.0,5.12,0.0,12.44,25.98
17,XOM,엑슨 모빌,5,120,14,34,79,1.0,10.0,5.12,3.9,8.31,25.32
17,FRT,페더럴 리얼티 인베스트먼트 트러스트,5,120,14,44,79,1.0,10.0,4.85,-4.11,5.9,26.44
17,NWS.O,뉴스 코퍼레이션 Class B,5,120,14,44,79,1.0,10.0,4.85,6.18,10.14,29.04
17,XOM,엑슨 모빌,5,120,14,44,79,1.0,10.0,4.85,3.9,8.31,25.32
17,CHRW.O,CH 로빈슨 월드와이드,5,120,14,44,79,1.0,10.0,4.85,3.43,6.47,25.11
17,BFb,브라운-포맨 Class B,5,120,14,44,79,1.0,10.0,4.85,-32.6,10.12,22.73
17,AVB,아발론베이 커뮤니티,5,120,14,44,79,1.0,10.0,4.85,7.0,8.34,23.49
17,BG,번지 글로벌,5,120,14,44,79,1.0,10.0,4.85,6.77,9.43,28.74
17,CNP,센터포인트 에너지,5,120,14,44,79,1.0,10.0,4.85,6.39,9.04,24.5
17,OMC,옴니콤 그룹,5,120,14,44,79,1.0,10.0,4.85,5.53,10.38,24.93
17,EIX,에디슨 인터내셔널,5,120,14,44,79,1.0,10.0,4.85,2.23,8.76,23.93
17,EQR,에퀴티 레지덴셜,5,120,14,44,79,1.0,10.0,4.85,4.07,7.53,23.91
17,GRMN.K,가민,5,120,14,44,79,1.0,10.0,4.85,71.48,10.97,26.62
17,TROW.O,티 로웨 프라이스 그룹,5,120,14,44,79,1.0,10.0,4.85,13.23,11.05,28.51
17,ESS,에섹스 프로퍼티 트러스트,5,120,14,44,79,1.0,10.0,4.85,5.09,10.3,24.08
17,DGX,퀘스트 다이아그노스틱스,5,120,14,44,79,1.0,10.0,4.85,11.63,10.34,22.98
17,IFF,인터내셔널 플레이버스 & 프레그런스,5,120,14,44,79,1.0,10.0,4.85,-7.49,9.43,26.72
17,CPT,캠든 프로퍼티 트러스트,5,120,14,44,79,1.0,10.0,4.85,-3.46,10.16,23.47
17,LH,랩코프 홀딩스,5,120,14,44,79,1.0,10.0,4.85,26.39,10.79,24.67
17,UDR,UDR,5,120,14,44,79,1.0,10.0,4.85,0.84,8.49,24.53
17,NWSA.O,뉴스 코퍼레이션 Class A,5,120,14,44,79,1.0,10.0,4.85,5.47,9.73,29.18
17,ARE,알렉산드리아 리얼에스테이트 이쿼티,5,120,14,44,79,1.0,10.0,4.85,4.2,7.46,24.61
17,TAP,몰슨 쿠어스 베버리지 Class B,5,120,14,44,79,1.0,10.0,4.85,1.36,4.6,26.42
17,MAA,미드아메리카 아파트 커뮤니티,5,120,14,44,79,1.0,10.0,4.85,14.56,10.19,23.18
17,BIO,바이오래드 래보라토리스 Class A,5,120,14,44,79,1.0,10.0,4.85,-31.44,12.56,27.81
17,NTRS.O,노던 트러스트,5,120,14,44,79,1.0,10.0,4.85,6.14,8.14,28.01
17,HSIC.O,헨리 셰인,5,120,14,44,79,1.0,10.0,4.85,0.46,11.27,24.11
17,REG.O,리젠시 센터스,5,120,14,44,79,1.0,10.0,4.85,-1.11,8.42,28.16
17,JNPR.K,주니퍼 네트웍스,5,120,14,44,79,1.0,10.0,4.85,6.2,9.01,29.2
17,L,로우스,5,120,14,44,79,1.0,10.0,4.85,5.16,8.36,23.5
17,ZBH,짐머 바이오멧 홀딩스,5,120,14,44,79,1.0,10.0,4.85,-3.84,8.3,25.7
17,INVH.K,인비테이션 홈스,5,120,14,44,79,1.0,10.0,4.85,0.0,12.05,26.33
17,GLW,코닝,5,120,14,44,79,1.0,10.0,4.85,8.53,10.54,29.51
17,ADM,아처 대니얼스 미들랜드,5,120,14,44,79,1.0,10.0,4.85,11.02,9.68,26.0
17,ALLE.K,얼리지언,5,120,14,44,79,1.0,10.0,4.85,0.0,12.44,25.98
17,DIS,월트 디즈니,5,120,14,44,79,1.0,10.0,4.85,-11.3,11.71,26.12
17,TGT,타겟,5,120,14,44,79,1.0,10.0,4.85,8.24,12.35,27.88
17,WFC,웰스파고,5,120,14,44,79,1.0,10.0,4.85,6.74,10.46,29.47
17,CVX,셰브론,5,120,14,44,79,1.0,10.0,4.85,3.87,9.66,27.08
17,WMT,월마트,5,120,14,44,79,1.0,10.0,4.85,9.59,7.36,26.15
17,WELL.K,웰타워,5,120,14,44,79,1.0,10.0,4.85,5.78,11.1,29.09
17,PCAR.O,파카,5,120,14,44,79,1.0,10.0,4.85,9.13,12.07,27.58
17,SYY,시스코,5,120,14,44,79,1.0,10.0,4.85,7.7,10.24,26.42
17,ELV,엘레반스 헬스,5,120,14,44,79,1.0,10.0,4.85,25.28,9.99,23.55
17,CCI,크라운 캐슬,5,120,14,44,79,1.0,10.0,4.85,-25.76,9.94,23.52
17,CVS,CVS 헬스,5,120,14,44,79,1.0,10.0,4.85,-4.49,8.17,24.34
17,CSCO.O,시스코 시스템즈,5,120,14,44,79,1.0,10.0,4.85,13.77,9.03,25.97
17,EMR,에머슨 일렉트릭,5,120,14,44,79,1.0,10.0,4.85,7.03,10.1,26.3
17,PNC,PNC 파이낸셜 서비스,5,120,14,44,79,1.0,10.0,4.85,14.64,11.04,28.0
17,FIS,피델리티 내셔널 인포메이션 서비스,5,120,14,44,79,1.0,10.0,4.85,10.21,11.44,26.94
17,SRE,셈프라 에너지,5,120,14,44,79,1.0,10.0,4.85,5.19,7.02,25.36
17,CAH,카디널 헬스,5,120,14,44,79,1.0,10.0,4.85,5.85,11.6,26.49
17,CTSH.O,코그니전트 테크놀로지 솔루션,5,120,14,44,79,1.0,10.0,4.85,1.79,11.51,29.02
17,BK,뱅크 오브 뉴욕 멜론,5,120,14,44,79,1.0,10.0,4.85,8.99,10.01,27.06
17,O,리얼티 인컴,5,120,14,44,79,1.0,10.0,4.85,3.52,6.91,24.34
17,USB,U.S. 뱅코프,5,120,14,44,79,1.0,10.0,4.85,1.5,7.71,27.64
17,DLR,디지털 리얼티 트러스트,5,120,14,44,79,1.0,10.0,4.85,14.99,10.67,26.76
17,IP,인터내셔널 페이퍼,5,120,14,44,79,1.0,10.0,4.85,1.15,9.11,29.51
17,CAH,카디널 헬스,5,60,14,29,74,1.0,10.0,4.41,0.0,11.6,26.49
17,USB,U.S. 뱅코프,5,60,14,29,74,1.0,10.0,4.41,0.0,7.71,27.64
17,IP,인터내셔널 페이퍼,5,60,14,29,74,1.0,10.0,4.41,0.0,9.11,29.51
17,O,리얼티 인컴,5,60,14,29,74,1.0,10.0,4.41,0.0,6.91,24.34
17,PNC,PNC 파이낸셜 서비스,5,60,14,29,74,1.0,10.0,4.41,23.21,11.04,28.0
17,CTSH.O,코그니전트 테크놀로지 솔루션,5,60,14,29,74,1.0,10.0,4.41,0.0,11.51,29.02
17,FIS,피델리티 내셔널 인포메이션 서비스,5,60,14,29,74,1.0,10.0,4.41,0.0,11.44,26.94
17,SRE,셈프라 에너지,5,60,14,29,74,1.0,10.0,4.41,0.0,7.02,25.36
17,BK,뱅크 오브 뉴욕 멜론,5,60,14,29,74,1.0,10.0,4.41,8.51,10.01,27.06
17,ALLE.K,얼리지언,5,60,14,29,74,1.0,10.0,4.41,0.0,12.44,25.98
17,GLW,코닝,5,60,14,29,74,1.0,10.0,4.41,14.56,10.54,29.51
17,EMR,에머슨 일렉트릭,5,60,14,29,74,1.0,10.0,4.41,14.4,10.1,26.3
17,DLR,디지털 리얼티 트러스트,5,60,14,29,74,1.0,10.0,4.41,0.0,10.67,26.76
17,DIS,월트 디즈니,5,60,14,29,74,1.0,10.0,4.41,0.0,11.71,26.12
17,ADM,아처 대니얼스 미들랜드,5,60,14,29,74,1.0,10.0,4.41,0.0,9.68,26.0
17,CVS,CVS 헬스,5,60,14,29,74,1.0,10.0,4.41,0.0,8.17,24.34
17,CCI,크라운 캐슬,5,60,14,29,74,1.0,10.0,4.41,0.0,9.94,23.52
17,ELV,엘레반스 헬스,5,60,14,29,74,1.0,10.0,4.41,0.0,9.99,23.55
17,SYY,시스코,5,60,14,29,74,1.0,10.0,4.41,0.0,10.24,26.42
17,CSCO.O,시스코 시스템즈,5,60,14,29,74,1.0,10.0,4.41,15.44,9.03,25.97
17,PCAR.O,파카,5,60,14,29,74,1.0,10.0,4.41,0.0,12.07,27.58
17,WELL.K,웰타워,5,60,14,29,74,1.0,10.0,4.41,0.0,11.1,29.09
17,WMT,월마트,5,60,14,29,74,1.0,10.0,4.41,7.09,7.36,26.15
17,CVX,셰브론,5,60,14,29,74,1.0,10.0,4.41,32.66,9.66,27.08
17,WFC,웰스파고,5,60,14,29,74,1.0,10.0,4.41,18.06,10.46,29.47
17,TGT,타겟,5,60,14,29,74,1.0,10.0,4.41,0.0,12.35,27.88
17,ZBH,짐머 바이오멧 홀딩스,5,60,14,29,74,1.0,10.0,4.41,0.0,8.3,25.7
17,CHRW.O,CH 로빈슨 월드와이드,5,60,14,29,74,1.0,10.0,4.41,3.7,6.47,25.11
17,XOM,엑슨 모빌,5,60,14,29,74,1.0,10.0,4.41,88.39,8.31,25.32
17,BFb,브라운-포맨 Class B,5,60,14,29,74,1.0,10.0,4.41,0.0,10.12,22.73
17,UDR,UDR,5,60,14,29,74,1.0,10.0,4.41,0.0,8.49,24.53
17,NWS.O,뉴스 코퍼레이션 Class B,5,60,14,29,74,1.0,10.0,4.41,0.0,10.14,29.04
17,FRT,페더럴 리얼티 인베스트먼트 트러스트,5,60,14,29,74,1.0,10.0,4.41,1.96,5.9,26.44
17,L,로우스,5,60,14,29,74,1.0,10.0,4.41,0.0,8.36,23.5
17,JNPR.K,주니퍼 네트웍스,5,60,14,29,74,1.0,10.0,4.41,0.0,9.01,29.2
17,REG.O,리젠시 센터스,5,60,14,29,74,1.0,10.0,4.41,8.18,8.42,28.16
17,HSIC.O,헨리 셰인,5,60,14,29,74,1.0,10.0,4.41,0.0,11.27,24.11
17,NTRS.O,노던 트러스트,5,60,14,29,74,1.0,10.0,4.41,6.46,8.14,28.01
17,BIO,바이오래드 래보라토리스 Class A,5,60,14,29,74,1.0,10.0,4.41,0.0,12.56,27.81
17,MAA,미드아메리카 아파트 커뮤니티,5,60,14,29,74,1.0,10.0,4.41,0.0,10.19,23.18
17,TAP,몰슨 쿠어스 베버리지 Class B,5,60,14,29,74,1.0,10.0,4.41,-4.62,4.6,26.42
17,ARE,알렉산드리아 리얼에스테이트 이쿼티,5,60,14,29,74,1.0,10.0,4.41,0.0,7.46,24.61
17,NWSA.O,뉴스 코퍼레이션 Class A,5,60,14,29,74,1.0,10.0,4.41,0.0,9.73,29.18
17,AVB,아발론베이 커뮤니티,5,60,14,29,74,1.0,10.0,4.41,0.0,8.34,23.49
17,LH,랩코프 홀딩스,5,60,14,29,74,1.0,10.0,4.41,0.0,10.79,24.67
17,GRMN.K,가민,5,60,14,29,74,1.0,10.0,4.41,0.0,10.97,26.62
17,CPT,캠든 프로퍼티 트러스트,5,60,14,29,74,1.0,10.0,4.41,0.0,10.16,23.47
17,CNP,센터포인트 에너지,5,60,14,29,74,1.0,10.0,4.41,0.0,9.04,24.5
17,OMC,옴니콤 그룹,5,60,14,29,74,1.0,10.0,4.41,13.18,10.38,24.93
17,EIX,에디슨 인터내셔널,5,60,14,29,74,1.0,10.0,4.41,0.0,8.76,23.93
17,EQR,에퀴티 레지덴셜,5,60,14,29,74,1.0,10.0,4.41,0.0,7.53,23.91
17,BG,번지 글로벌,5,60,14,29,74,1.0,10.0,4.41,0.0,9.43,28.74
17,TROW.O,티 로웨 프라이스 그룹,5,60,14,29,74,1.0,10.0,4.41,0.0,11.05,28.51
17,DGX,퀘스트 다이아그노스틱스,5,60,14,29,74,1.0,10.0,4.41,0.0,10.34,22.98
17,INVH.K,인비테이션 홈스,5,60,14,29,74,1.0,10.0,4.41,0.0,12.05,26.33
17,ESS,에섹스 프로퍼티 트러스트,5,60,14,29,74,1.0,10.0,4.41,0.0,10.3,24.08
17,IFF,인터내셔널 플레이버스 & 프레그런스,5,60,14,29,74,1.0,10.0,4.41,0.0,9.43,26.72
17,IFF,인터내셔널 플레이버스 & 프레그런스,5,120,14,29,74,1.0,10.0,3.03,0.0,9.43,26.72
17,NWSA.O,뉴스 코퍼레이션 Class A,5,120,14,29,74,1.0,10.0,3.03,0.0,9.73,29.18
17,UDR,UDR,5,120,14,29,74,1.0,10.0,3.03,0.0,8.49,24.53
17,LH,랩코프 홀딩스,5,120,14,29,74,1.0,10.0,3.03,0.0,10.79,24.67
17,CPT,캠든 프로퍼티 트러스트,5,120,14,29,74,1.0,10.0,3.03,0.0,10.16,23.47
17,DGX,퀘스트 다이아그노스틱스,5,120,14,29,74,1.0,10.0,3.03,0.0,10.34,22.98
17,INVH.K,인비테이션 홈스,5,120,14,29,74,1.0,10.0,3.03,0.0,12.05,26.33
17,ESS,에섹스 프로퍼티 트러스트,5,120,14,29,74,1.0,10.0,3.03,0.0,10.3,24.08
17,TROW.O,티 로웨 프라이스 그룹,5,120,14,29,74,1.0,10.0,3.03,0.0,11.05,28.51
17,GRMN.K,가민,5,120,14,29,74,1.0,10.0,3.03,0.0,10.97,26.62
17,TAP,몰슨 쿠어스 베버리지 Class B,5,120,14,29,74,1.0,10.0,3.03,0.0,4.6,26.42
17,ARE,알렉산드리아 리얼에스테이트 이쿼티,5,120,14,29,74,1.0,10.0,3.03,0.0,7.46,24.61
17,JNPR.K,주니퍼 네트웍스,5,120,14,29,74,1.0,10.0,3.03,0.0,9.01,29.2
17,MAA,미드아메리카 아파트 커뮤니티,5,120,14,29,74,1.0,10.0,3.03,0.0,10.19,23.18
17,BIO,바이오래드 래보라토리스 Class A,5,120,14,29,74,1.0,10.0,3.03,0.0,12.56,27.81
17,NTRS.O,노던 트러스트,5,120,14,29,74,1.0,10.0,3.03,0.0,8.14,28.01
17,HSIC.O,헨리 셰인,5,120,14,29,74,1.0,10.0,3.03,0.0,11.27,24.11
17,REG.O,리젠시 센터스,5,120,14,29,74,1.0,10.0,3.03,8.62,8.42,28.16
17,EIX,에디슨 인터내셔널,5,120,14,29,74,1.0,10.0,3.03,0.0,8.76,23.93
17,L,로우스,5,120,14,29,74,1.0,10.0,3.03,0.0,8.36,23.5
17,FRT,페더럴 리얼티 인베스트먼트 트러스트,5,120,14,29,74,1.0,10.0,3.03,3.12,5.9,26.44
17,NWS.O,뉴스 코퍼레이션 Class B,5,120,14,29,74,1.0,10.0,3.03,0.0,10.14,29.04
17,WFC,웰스파고,5,120,14,29,74,1.0,10.0,3.03,25.51,10.46,29.47
17,TGT,타겟,5,120,14,29,74,1.0,10.0,3.03,0.0,12.35,27.88
17,DIS,월트 디즈니,5,120,14,29,74,1.0,10.0,3.03,0.0,11.71,26.12
17,XOM,엑슨 모빌,5,120,14,29,74,1.0,10.0,3.03,78.22,8.31,25.32
17,EQR,에퀴티 레지덴셜,5,120,14,29,74,1.0,10.0,3.03,0.0,7.53,23.91
17,CHRW.O,CH 로빈슨 월드와이드,5,120,14,29,74,1.0,10.0,3.03,0.0,6.47,25.11
17,OMC,옴니콤 그룹,5,120,14,29,74,1.0,10.0,3.03,13.18,10.38,24.93
17,CNP,센터포인트 에너지,5,120,14,29,74,1.0,10.0,3.03,0.0,9.04,24.5
17,WELL.K,웰타워,5,120,14,29,74,1.0,10.0,3.03,0.0,11.1,29.09
17,PCAR.O,파카,5,120,14,29,74,1.0,10.0,3.03,0.0,12.07,27.58
17,CSCO.O,시스코 시스템즈,5,120,14,29,74,1.0,10.0,3.03,15.74,9.03,25.97
17,SYY,시스코,5,120,14,29,74,1.0,10.0,3.03,0.0,10.24,26.42
17,ELV,엘레반스 헬스,5,120,14,29,74,1.0,10.0,3.03,0.0,9.99,23.55
17,CCI,크라운 캐슬,5,120,14,29,74,1.0,10.0,3.03,0.0,9.94,23.52
17,CVS,CVS 헬스,5,120,14,29,74,1.0,10.0,3.03,0.0,8.17,24.34
17,ADM,아처 대니얼스 미들랜드,5,120,14,29,74,1.0,10.0,3.03,0.0,9.68,26.0
17,EMR,에머슨 일렉트릭,5,120,14,29,74,1.0,10.0,3.03,0.0,10.1,26.3
17,DLR,디지털 리얼티 트러스트,5,120,14,29,74,1.0,10.0,3.03,0.0,10.67,26.76
17,USB,U.S. 뱅코프,5,120,14,29,74,1.0,10.0,3.03,0.0,7.71,27.64
17,IP,인터내셔널 페이퍼,5,120,14,29,74,1.0,10.0,3.03,0.0,9.11,29.51
17,O,리얼티 인컴,5,120,14,29,74,1.0,10.0,3.03,0.0,6.91,24.34
17,PNC,PNC 파이낸셜 서비스,5,120,14,29,74,1.0,10.0,3.03,19.93,11.04,28.0
17,CVX,셰브론,5,120,14,29,74,1.0,10.0,3.03,0.0,9.66,27.08
17,CAH,카디널 헬스,5,120,14,29,74,1.0,10.0,3.03,0.0,11.6,26.49
17,SRE,셈프라 에너지,5,120,14,29,74,1.0,10.0,3.03,0.0,7.02,25.36
17,FIS,피델리티 내셔널 인포메이션 서비스,5,120,14,29,74,1.0,10.0,3.03,0.0,11.44,26.94
17,BK,뱅크 오브 뉴욕 멜론,5,120,14,29,74,1.0,10.0,3.03,0.0,10.01,27.06
17,ALLE.K,얼리지언,5,120,14,29,74,1.0,10.0,3.03,0.0,12.44,25.98
17,GLW,코닝,5,120,14,29,74,1.0,10.0,3.03,0.0,10.54,29.51
17,ZBH,짐머 바이오멧 홀딩스,5,120,14,29,74,1.0,10.0,3.03,0.0,8.3,25.7
17,BFb,브라운-포맨 Class B,5,120,14,29,74,1.0,10.0,3.03,0.0,10.12,22.73
17,AVB,아발론베이 커뮤니티,5,120,14,29,74,1.0,10.0,3.03,0.0,8.34,23.49
17,BG,번지 글로벌,5,120,14,29,74,1.0,10.0,3.03,0.0,9.43,28.74
17,CTSH.O,코그니전트 테크놀로지 솔루션,5,120,14,29,74,1.0,10.0,3.03,0.0,11.51,29.02
17,WMT,월마트,5,120,14,29,74,1.0,10.0,3.03,8.12,7.36,26.15
17,L,로우스,5,60,14,29,79,1.0,10.0,2.97,0.0,8.36,23.5
17,GLW,코닝,5,60,14,29,79,1.0,10.0,2.97,8.3,10.54,29.51
17,ZBH,짐머 바이오멧 홀딩스,5,60,14,29,79,1.0,10.0,2.97,0.0,8.3,25.7
17,BFb,브라운-포맨 Class B,5,60,14,29,79,1.0,10.0,2.97,0.0,10.12,22.73
17,AVB,아발론베이 커뮤니티,5,60,14,29,79,1.0,10.0,2.97,0.0,8.34,23.49
17,BG,번지 글로벌,5,60,14,29,79,1.0,10.0,2.97,0.0,9.43,28.74
17,CNP,센터포인트 에너지,5,60,14,29,79,1.0,10.0,2.97,0.0,9.04,24.5
17,OMC,옴니콤 그룹,5,60,14,29,79,1.0,10.0,2.97,13.18,10.38,24.93
17,EIX,에디슨 인터내셔널,5,60,14,29,79,1.0,10.0,2.97,0.0,8.76,23.93
17,EQR,에퀴티 레지덴셜,5,60,14,29,79,1.0,10.0,2.97,0.0,7.53,23.91
17,GRMN.K,가민,5,60,14,29,79,1.0,10.0,2.97,0.0,10.97,26.62
17,TROW.O,티 로웨 프라이스 그룹,5,60,14,29,79,1.0,10.0,2.97,0.0,11.05,28.51
17,ESS,에섹스 프로퍼티 트러스트,5,60,14,29,79,1.0,10.0,2.97,0.0,10.3,24.08
17,DGX,퀘스트 다이아그노스틱스,5,60,14,29,79,1.0,10.0,2.97,0.0,10.34,22.98
17,FRT,페더럴 리얼티 인베스트먼트 트러스트,5,60,14,29,79,1.0,10.0,2.97,1.96,5.9,26.44
17,INVH.K,인비테이션 홈스,5,60,14,29,79,1.0,10.0,2.97,0.0,12.05,26.33
17,IFF,인터내셔널 플레이버스 & 프레그런스,5,60,14,29,79,1.0,10.0,2.97,0.0,9.43,26.72
17,CPT,캠든 프로퍼티 트러스트,5,60,14,29,79,1.0,10.0,2.97,0.0,10.16,23.47
17,LH,랩코프 홀딩스,5,60,14,29,79,1.0,10.0,2.97,0.0,10.79,24.67
17,UDR,UDR,5,60,14,29,79,1.0,10.0,2.97,0.0,8.49,24.53
17,NWSA.O,뉴스 코퍼레이션 Class A,5,60,14,29,79,1.0,10.0,2.97,0.0,9.73,29.18
17,ARE,알렉산드리아 리얼에스테이트 이쿼티,5,60,14,29,79,1.0,10.0,2.97,0.0,7.46,24.61
17,TAP,몰슨 쿠어스 베버리지 Class B,5,60,14,29,79,1.0,10.0,2.97,-4.62,4.6,26.42
17,MAA,미드아메리카 아파트 커뮤니티,5,60,14,29,79,1.0,10.0,2.97,0.0,10.19,23.18
17,BIO,바이오래드 래보라토리스 Class A,5,60,14,29,79,1.0,10.0,2.97,0.0,12.56,27.81
17,NTRS.O,노던 트러스트,5,60,14,29,79,1.0,10.0,2.97,6.46,8.14,28.01
17,HSIC.O,헨리 셰인,5,60,14,29,79,1.0,10.0,2.97,0.0,11.27,24.11
17,CHRW.O,CH 로빈슨 월드와이드,5,60,14,29,79,1.0,10.0,2.97,3.7,6.47,25.11
17,ALLE.K,얼리지언,5,60,14,29,79,1.0,10.0,2.97,0.0,12.44,25.98
17,REG.O,리젠시 센터스,5,60,14,29,79,1.0,10.0,2.97,8.18,8.42,28.16
17,BK,뱅크 오브 뉴욕 멜론,5,60,14,29,79,1.0,10.0,2.97,8.51,10.01,27.06
17,XOM,엑슨 모빌,5,60,14,29,79,1.0,10.0,2.97,37.73,8.31,25.32
17,DIS,월트 디즈니,5,60,14,29,79,1.0,10.0,2.97,0.0,11.71,26.12
17,TGT,타겟,5,60,14,29,79,1.0,10.0,2.97,0.0,12.35,27.88
17,WFC,웰스파고,5,60,14,29,79,1.0,10.0,2.97,18.06,10.46,29.47
17,CVX,셰브론,5,60,14,29,79,1.0,10.0,2.97,12.82,9.66,27.08
17,WMT,월마트,5,60,14,29,79,1.0,10.0,2.97,9.09,7.36,26.15
17,WELL.K,웰타워,5,60,14,29,79,1.0,10.0,2.97,0.0,11.1,29.09
17,PCAR.O,파카,5,60,14,29,79,1.0,10.0,2.97,0.0,12.07,27.58
17,CSCO.O,시스코 시스템즈,5,60,14,29,79,1.0,10.0,2.97,16.6,9.03,25.97
17,SYY,시스코,5,60,14,29,79,1.0,10.0,2.97,0.0,10.24,26.42
17,ELV,엘레반스 헬스,5,60,14,29,79,1.0,10.0,2.97,0.0,9.99,23.55
17,NWS.O,뉴스 코퍼레이션 Class B,5,60,14,29,79,1.0,10.0,2.97,0.0,10.14,29.04
17,CCI,크라운 캐슬,5,60,14,29,79,1.0,10.0,2.97,0.0,9.94,23.52
17,CVS,CVS 헬스,5,60,14,29,79,1.0,10.0,2.97,0.0,8.17,24.34
17,ADM,아처 대니얼스 미들랜드,5,60,14,29,79,1.0,10.0,2.97,0.0,9.68,26.0
17,EMR,에머슨 일렉트릭,5,60,14,29,79,1.0,10.0,2.97,10.04,10.1,26.3
17,DLR,디지털 리얼티 트러스트,5,60,14,29,79,1.0,10.0,2.97,0.0,10.67,26.76
17,USB,U.S. 뱅코프,5,60,14,29,79,1.0,10.0,2.97,0.0,7.71,27.64
17,IP,인터내셔널 페이퍼,5,60,14,29,79,1.0,10.0,2.97,0.0,9.11,29.51
17,O,리얼티 인컴,5,60,14,29,79,1.0,10.0,2.97,0.0,6.91,24.34
17,PNC,PNC 파이낸셜 서비스,5,60,14,29,79,1.0,10.0,2.97,19.27,11.04,28.0
17,CTSH.O,코그니전트 테크놀로지 솔루션,5,60,14,29,79,1.0,10.0,2.97,0.0,11.51,29.02
17,CAH,카디널 헬스,5,60,14,29,79,1.0,10.0,2.97,0.0,11.6,26.49
17,SRE,셈프라 에너지,5,60,14,29,79,1.0,10.0,2.97,0.0,7.02,25.36
17,FIS,피델리티 내셔널 인포메이션 서비스,5,60,14,29,79,1.0,10.0,2.97,0.0,11.44,26.94
17,JNPR.K,주니퍼 네트웍스,5,60,14,29,79,1.0,10.0,2.97,0.0,9.01,29.2
17,WFC,웰스파고,5,120,14,29,69,1.0,10.0,2.91,25.51,10.46,29.47
17,CVX,셰브론,5,120,14,29,69,1.0,10.0,2.91,0.0,9.66,27.08
17,AVB,아발론베이 커뮤니티,5,120,14,29,69,1.0,10.0,2.91,0.0,8.34,23.49
17,ZBH,짐머 바이오멧 홀딩스,5,120,14,29,69,1.0,10.0,2.91,0.0,8.3,25.7
17,CHRW.O,CH 로빈슨 월드와이드,5,120,14,29,69,1.0,10.0,2.91,0.0,6.47,25.11
17,GLW,코닝,5,120,14,29,69,1.0,10.0,2.91,0.0,10.54,29.51
17,ALLE.K,얼리지언,5,120,14,29,69,1.0,10.0,2.91,0.0,12.44,25.98
17,BK,뱅크 오브 뉴욕 멜론,5,120,14,29,69,1.0,10.0,2.91,0.0,10.01,27.06
17,FIS,피델리티 내셔널 인포메이션 서비스,5,120,14,29,69,1.0,10.0,2.91,0.0,11.44,26.94
17,SRE,셈프라 에너지,5,120,14,29,69,1.0,10.0,2.91,0.0,7.02,25.36
17,CAH,카디널 헬스,5,120,14,29,69,1.0,10.0,2.91,0.0,11.6,26.49
17,CTSH.O,코그니전트 테크놀로지 솔루션,5,120,14,29,69,1.0,10.0,2.91,0.0,11.51,29.02
17,PNC,PNC 파이낸셜 서비스,5,120,14,29,69,1.0,10.0,2.91,19.01,11.04,28.0
17,O,리얼티 인컴,5,120,14,29,69,1.0,10.0,2.91,0.0,6.91,24.34
17,IP,인터내셔널 페이퍼,5,120,14,29,69,1.0,10.0,2.91,0.0,9.11,29.51
17,DLR,디지털 리얼티 트러스트,5,120,14,29,69,1.0,10.0,2.91,0.0,10.67,26.76
17,EMR,에머슨 일렉트릭,5,120,14,29,69,1.0,10.0,2.91,0.0,10.1,26.3
17,ADM,아처 대니얼스 미들랜드,5,120,14,29,69,1.0,10.0,2.91,0.0,9.68,26.0
17,CVS,CVS 헬스,5,120,14,29,69,1.0,10.0,2.91,0.0,8.17,24.34
17,CCI,크라운 캐슬,5,120,14,29,69,1.0,10.0,2.91,0.0,9.94,23.52
17,ELV,엘레반스 헬스,5,120,14,29,69,1.0,10.0,2.91,0.0,9.99,23.55
17,SYY,시스코,5,120,14,29,69,1.0,10.0,2.91,0.0,10.24,26.42
17,CSCO.O,시스코 시스템즈,5,120,14,29,69,1.0,10.0,2.91,19.4,9.03,25.97
17,PCAR.O,파카,5,120,14,29,69,1.0,10.0,2.91,0.0,12.07,27.58
17,WELL.K,웰타워,5,120,14,29,69,1.0,10.0,2.91,0.0,11.1,29.09
17,WMT,월마트,5,120,14,29,69,1.0,10.0,2.91,6.07,7.36,26.15
17,BFb,브라운-포맨 Class B,5,120,14,29,69,1.0,10.0,2.91,0.0,10.12,22.73
17,BG,번지 글로벌,5,120,14,29,69,1.0,10.0,2.91,0.0,9.43,28.74
17,NWS.O,뉴스 코퍼레이션 Class B,5,120,14,29,69,1.0,10.0,2.91,0.0,10.14,29.04
17,CNP,센터포인트 에너지,5,120,14,29,69,1.0,10.0,2.91,0.0,9.04,24.5
17,FRT,페더럴 리얼티 인베스트먼트 트러스트,5,120,14,29,69,1.0,10.0,2.91,3.12,5.9,26.44
17,L,로우스,5,120,14,29,69,1.0,10.0,2.91,0.0,8.36,23.5
17,JNPR.K,주니퍼 네트웍스,5,120,14,29,69,1.0,10.0,2.91,0.0,9.01,29.2
17,REG.O,리젠시 센터스,5,120,14,29,69,1.0,10.0,2.91,8.62,8.42,28.16
17,HSIC.O,헨리 셰인,5,120,14,29,69,1.0,10.0,2.91,0.0,11.27,24.11
17,NTRS.O,노던 트러스트,5,120,14,29,69,1.0,10.0,2.91,0.0,8.14,28.01
17,BIO,바이오래드 래보라토리스 Class A,5,120,14,29,69,1.0,10.0,2.91,0.0,12.56,27.81
17,MAA,미드아메리카 아파트 커뮤니티,5,120,14,29,69,1.0,10.0,2.91,0.0,10.19,23.18
17,TAP,몰슨 쿠어스 베버리지 Class B,5,120,14,29,69,1.0,10.0,2.91,0.0,4.6,26.42
17,ARE,알렉산드리아 리얼에스테이트 이쿼티,5,120,14,29,69,1.0,10.0,2.91,0.0,7.46,24.61
17,NWSA.O,뉴스 코퍼레이션 Class A,5,120,14,29,69,1.0,10.0,2.91,0.0,9.73,29.18
17,UDR,UDR,5,120,14,29,69,1.0,10.0,2.91,0.0,8.49,24.53
17,LH,랩코프 홀딩스,5,120,14,29,69,1.0,10.0,2.91,0.0,10.79,24.67
17,CPT,캠든 프로퍼티 트러스트,5,120,14,29,69,1.0,10.0,2.91,0.0,10.16,23.47
17,IFF,인터내셔널 플레이버스 & 프레그런스,5,120,14,29,69,1.0,10.0,2.91,0.0,9.43,26.72
17,INVH.K,인비테이션 홈스,5,120,14,29,69,1.0,10.0,2.91,0.0,12.05,26.33
17,DGX,퀘스트 다이아그노스틱스,5,120,14,29,69,1.0,10.0,2.91,0.0,10.34,22.98
17,ESS,에섹스 프로퍼티 트러스트,5,120,14,29,69,1.0,10.0,2.91,0.0,10.3,24.08
17,TROW.O,티 로웨 프라이스 그룹,5,120,14,29,69,1.0,10.0,2.91,0.0,11.05,28.51
17,GRMN.K,가민,5,120,14,29,69,1.0,10.0,2.91,0.0,10.97,26.62
17,EQR,에퀴티 레지덴셜,5,120,14,29,69,1.0,10.0,2.91,0.0,7.53,23.91
17,EIX,에디슨 인터내셔널,5,120,14,29,69,1.0,10.0,2.91,0.0,8.76,23.93
17,OMC,옴니콤 그룹,5,120,14,29,69,1.0,10.0,2.91,13.18,10.38,24.93
17,USB,U.S. 뱅코프,5,120,14,29,69,1.0,10.0,2.91,0.0,7.71,27.64
17,DIS,월트 디즈니,5,120,14,29,69,1.0,10.0,2.91,0.0,11.71,26.12
17,TGT,타겟,5,120,14,29,69,1.0,10.0,2.91,0.0,12.35,27.88
17,XOM,엑슨 모빌,5,120,14,29,69,1.0,10.0,2.91,70.96,8.31,25.32
17,XOM,엑슨 모빌,5,120,14,29,79,1.0,10.0,2.26,34.1,8.31,25.32
17,UDR,UDR,5,120,14,29,79,1.0,10.0,2.26,0.0,8.49,24.53
17,OMC,옴니콤 그룹,5,120,14,29,79,1.0,10.0,2.26,13.18,10.38,24.93
17,EIX,에디슨 인터내셔널,5,120,14,29,79,1.0,10.0,2.26,0.0,8.76,23.93
17,EQR,에퀴티 레지덴셜,5,120,14,29,79,1.0,10.0,2.26,0.0,7.53,23.91
17,GRMN.K,가민,5,120,14,29,79,1.0,10.0,2.26,0.0,10.97,26.62
17,TROW.O,티 로웨 프라이스 그룹,5,120,14,29,79,1.0,10.0,2.26,0.0,11.05,28.51
17,ESS,에섹스 프로퍼티 트러스트,5,120,14,29,79,1.0,10.0,2.26,0.0,10.3,24.08
17,DGX,퀘스트 다이아그노스틱스,5,120,14,29,79,1.0,10.0,2.26,0.0,10.34,22.98
17,INVH.K,인비테이션 홈스,5,120,14,29,79,1.0,10.0,2.26,0.0,12.05,26.33
17,IFF,인터내셔널 플레이버스 & 프레그런스,5,120,14,29,79,1.0,10.0,2.26,0.0,9.43,26.72
17,CPT,캠든 프로퍼티 트러스트,5,120,14,29,79,1.0,10.0,2.26,0.0,10.16,23.47
17,LH,랩코프 홀딩스,5,120,14,29,79,1.0,10.0,2.26,0.0,10.79,24.67
17,ARE,알렉산드리아 리얼에스테이트 이쿼티,5,120,14,29,79,1.0,10.0,2.26,0.0,7.46,24.61
17,NWSA.O,뉴스 코퍼레이션 Class A,5,120,14,29,79,1.0,10.0,2.26,0.0,9.73,29.18
17,BG,번지 글로벌,5,120,14,29,79,1.0,10.0,2.26,0.0,9.43,28.74
17,TAP,몰슨 쿠어스 베버리지 Class B,5,120,14,29,79,1.0,10.0,2.26,0.0,4.6,26.42
17,MAA,미드아메리카 아파트 커뮤니티,5,120,14,29,79,1.0,10.0,2.26,0.0,10.19,23.18
17,BIO,바이오래드 래보라토리스 Class A,5,120,14,29,79,1.0,10.0,2.26,0.0,12.56,27.81
17,NTRS.O,노던 트러스트,5,120,14,29,79,1.0,10.0,2.26,0.0,8.14,28.01
17,HSIC.O,헨리 셰인,5,120,14,29,79,1.0,10.0,2.26,0.0,11.27,24.11
17,REG.O,리젠시 센터스,5,120,14,29,79,1.0,10.0,2.26,8.62,8.42,28.16
17,JNPR.K,주니퍼 네트웍스,5,120,14,29,79,1.0,10.0,2.26,0.0,9.01,29.2
17,L,로우스,5,120,14,29,79,1.0,10.0,2.26,0.0,8.36,23.5
17,FRT,페더럴 리얼티 인베스트먼트 트러스트,5,120,14,29,79,1.0,10.0,2.26,3.12,5.9,26.44
17,NWS.O,뉴스 코퍼레이션 Class B,5,120,14,29,79,1.0,10.0,2.26,0.0,10.14,29.04
17,CNP,센터포인트 에너지,5,120,14,29,79,1.0,10.0,2.26,0.0,9.04,24.5
17,AVB,아발론베이 커뮤니티,5,120,14,29,79,1.0,10.0,2.26,0.0,8.34,23.49
17,DIS,월트 디즈니,5,120,14,29,79,1.0,10.0,2.26,0.0,11.71,26.12
17,EMR,에머슨 일렉트릭,5,120,14,29,79,1.0,10.0,2.26,0.0,10.1,26.3
17,TGT,타겟,5,120,14,29,79,1.0,10.0,2.26,0.0,12.35,27.88
17,WFC,웰스파고,5,120,14,29,79,1.0,10.0,2.26,25.51,10.46,29.47
17,CVX,셰브론,5,120,14,29,79,1.0,10.0,2.26,0.0,9.66,27.08
17,WMT,월마트,5,120,14,29,79,1.0,10.0,2.26,9.59,7.36,26.15
17,WELL.K,웰타워,5,120,14,29,79,1.0,10.0,2.26,0.0,11.1,29.09
17,PCAR.O,파카,5,120,14,29,79,1.0,10.0,2.26,0.0,12.07,27.58
17,CSCO.O,시스코 시스템즈,5,120,14,29,79,1.0,10.0,2.26,16.89,9.03,25.97
17,SYY,시스코,5,120,14,29,79,1.0,10.0,2.26,0.0,10.24,26.42
17,ELV,엘레반스 헬스,5,120,14,29,79,1.0,10.0,2.26,0.0,9.99,23.55
17,CCI,크라운 캐슬,5,120,14,29,79,1.0,10.0,2.26,0.0,9.94,23.52
17,CVS,CVS 헬스,5,120,14,29,79,1.0,10.0,2.26,0.0,8.17,24.34
17,ADM,아처 대니얼스 미들랜드,5,120,14,29,79,1.0,10.0,2.26,0.0,9.68,26.0
17,USB,U.S. 뱅코프,5,120,14,29,79,1.0,10.0,2.26,0.0,7.71,27.64
17,BFb,브라운-포맨 Class B,5,120,14,29,79,1.0,10.0,2.26,0.0,10.12,22.73
17,IP,인터내셔널 페이퍼,5,120,14,29,79,1.0,10.0,2.26,0.0,9.11,29.51
17,O,리얼티 인컴,5,120,14,29,79,1.0,10.0,2.26,0.0,6.91,24.34
17,PNC,PNC 파이낸셜 서비스,5,120,14,29,79,1.0,10.0,2.26,18.01,11.04,28.0
17,CTSH.O,코그니전트 테크놀로지 솔루션,5,120,14,29,79,1.0,10.0,2.26,0.0,11.51,29.02
17,CAH,카디널 헬스,5,120,14,29,79,1.0,10.0,2.26,0.0,11.6,26.49
17,SRE,셈프라 에너지,5,120,14,29,79,1.0,10.0,2.26,0.0,7.02,25.36
17,FIS,피델리티 내셔널 인포메이션 서비스,5,120,14,29,79,1.0,10.0,2.26,0.0,11.44,26.94
17,BK,뱅크 오브 뉴욕 멜론,5,120,14,29,79,1.0,10.0,2.26,0.0,10.01,27.06
17,ALLE.K,얼리지언,5,120,14,29,79,1.0,10.0,2.26,0.0,12.44,25.98
17,GLW,코닝,5,120,14,29,79,1.0,10.0,2.26,0.0,10.54,29.51
17,CHRW.O,CH 로빈슨 월드와이드,5,120,14,29,79,1.0,10.0,2.26,0.0,6.47,25.11
17,ZBH,짐머 바이오멧 홀딩스,5,120,14,29,79,1.0,10.0,2.26,0.0,8.3,25.7
17,DLR,디지털 리얼티 트러스트,5,120,14,29,79,1.0,10.0,2.26,0.0,10.67,26.76
17,XOM,엑슨 모빌,5,60,14,24,54,1.0,10.0,1.17,0.0,8.31,25.32
17,DIS,월트 디즈니,5,60,14,24,54,1.0,10.0,1.17,0.0,11.71,26.12
17,BFb,브라운-포맨 Class B,5,60,14,24,54,1.0,10.0,1.17,0.0,10.12,22.73
17,BG,번지 글로벌,5,60,14,24,54,1.0,10.0,1.17,0.0,9.43,28.74
17,CNP,센터포인트 에너지,5,60,14,24,54,1.0,10.0,1.17,0.0,9.04,24.5
17,OMC,옴니콤 그룹,5,60,14,24,54,1.0,10.0,1.17,0.0,10.38,24.93
17,EIX,에디슨 인터내셔널,5,60,14,24,54,1.0,10.0,1.17,0.0,8.76,23.93
17,EQR,에퀴티 레지덴셜,5,60,14,24,54,1.0,10.0,1.17,0.0,7.53,23.91
17,GRMN.K,가민,5,60,14,24,54,1.0,10.0,1.17,0.0,10.97,26.62
17,TROW.O,티 로웨 프라이스 그룹,5,60,14,24,54,1.0,10.0,1.17,0.0,11.05,28.51
17,ESS,에섹스 프로퍼티 트러스트,5,60,14,24,54,1.0,10.0,1.17,0.0,10.3,24.08
17,DGX,퀘스트 다이아그노스틱스,5,60,14,24,54,1.0,10.0,1.17,0.0,10.34,22.98
17,INVH.K,인비테이션 홈스,5,60,14,24,54,1.0,10.0,1.17,0.0,12.05,26.33
17,IFF,인터내셔널 플레이버스 & 프레그런스,5,60,14,24,54,1.0,10.0,1.17,0.0,9.43,26.72
17,LH,랩코프 홀딩스,5,60,14,24,54,1.0,10.0,1.17,0.0,10.79,24.67
17,UDR,UDR,5,60,14,24,54,1.0,10.0,1.17,0.0,8.49,24.53
17,NWSA.O,뉴스 코퍼레이션 Class A,5,60,14,24,54,1.0,10.0,1.17,0.0,9.73,29.18
17,ARE,알렉산드리아 리얼에스테이트 이쿼티,5,60,14,24,54,1.0,10.0,1.17,0.0,7.46,24.61
17,TAP,몰슨 쿠어스 베버리지 Class B,5,60,14,24,54,1.0,10.0,1.17,0.0,4.6,26.42
17,MAA,미드아메리카 아파트 커뮤니티,5,60,14,24,54,1.0,10.0,1.17,0.0,10.19,23.18
17,BIO,바이오래드 래보라토리스 Class A,5,60,14,24,54,1.0,10.0,1.17,0.0,12.56,27.81
17,NTRS.O,노던 트러스트,5,60,14,24,54,1.0,10.0,1.17,66.52,8.14,28.01
17,HSIC.O,헨리 셰인,5,60,14,24,54,1.0,10.0,1.17,0.0,11.27,24.11
17,REG.O,리젠시 센터스,5,60,14,24,54,1.0,10.0,1.17,0.0,8.42,28.16
17,JNPR.K,주니퍼 네트웍스,5,60,14,24,54,1.0,10.0,1.17,0.0,9.01,29.2
17,L,로우스,5,60,14,24,54,1.0,10.0,1.17,0.0,8.36,23.5
17,FRT,페더럴 리얼티 인베스트먼트 트러스트,5,60,14,24,54,1.0,10.0,1.17,0.0,5.9,26.44
17,NWS.O,뉴스 코퍼레이션 Class B,5,60,14,24,54,1.0,10.0,1.17,0.0,10.14,29.04
17,AVB,아발론베이 커뮤니티,5,60,14,24,54,1.0,10.0,1.17,0.0,8.34,23.49
17,CPT,캠든 프로퍼티 트러스트,5,60,14,24,54,1.0,10.0,1.17,0.0,10.16,23.47
17,ZBH,짐머 바이오멧 홀딩스,5,60,14,24,54,1.0,10.0,1.17,0.0,8.3,25.7
17,EMR,에머슨 일렉트릭,5,60,14,24,54,1.0,10.0,1.17,0.0,10.1,26.3
17,CHRW.O,CH 로빈슨 월드와이드,5,60,14,24,54,1.0,10.0,1.17,0.0,6.47,25.11
17,TGT,타겟,5,60,14,24,54,1.0,10.0,1.17,0.0,12.35,27.88
17,WFC,웰스파고,5,60,14,24,54,1.0,10.0,1.17,0.0,10.46,29.47
17,CVX,셰브론,5,60,14,24,54,1.0,10.0,1.17,0.0,9.66,27.08
17,WMT,월마트,5,60,14,24,54,1.0,10.0,1.17,0.0,7.36,26.15
17,WELL.K,웰타워,5,60,14,24,54,1.0,10.0,1.17,0.0,11.1,29.09
17,PCAR.O,파카,5,60,14,24,54,1.0,10.0,1.17,0.0,12.07,27.58
17,CSCO.O,시스코 시스템즈,5,60,14,24,54,1.0,10.0,1.17,0.0,9.03,25.97
17,ELV,엘레반스 헬스,5,60,14,24,54,1.0,10.0,1.17,0.0,9.99,23.55
17,CCI,크라운 캐슬,5,60,14,24,54,1.0,10.0,1.17,0.0,9.94,23.52
17,CVS,CVS 헬스,5,60,14,24,54,1.0,10.0,1.17,0.0,8.17,24.34
17,ADM,아처 대니얼스 미들랜드,5,60,14,24,54,1.0,10.0,1.17,0.0,9.68,26.0
17,SYY,시스코,5,60,14,24,54,1.0,10.0,1.17,0.0,10.24,26.42
17,DLR,디지털 리얼티 트러스트,5,60,14,24,54,1.0,10.0,1.17,0.0,10.67,26.76
17,CTSH.O,코그니전트 테크놀로지 솔루션,5,60,14,24,54,1.0,10.0,1.17,0.0,11.51,29.02
17,ALLE.K,얼리지언,5,60,14,24,54,1.0,10.0,1.17,0.0,12.44,25.98
17,BK,뱅크 오브 뉴욕 멜론,5,60,14,24,54,1.0,10.0,1.17,0.0,10.01,27.06
17,FIS,피델리티 내셔널 인포메이션 서비스,5,60,14,24,54,1.0,10.0,1.17,0.0,11.44,26.94
17,SRE,셈프라 에너지,5,60,14,24,54,1.0,10.0,1.17,0.0,7.02,25.36
17,CAH,카디널 헬스,5,60,14,24,54,1.0,10.0,1.17,0.0,11.6,26.49
17,GLW,코닝,5,60,14,24,54,1.0,10.0,1.17,0.0,10.54,29.51
17,PNC,PNC 파이낸셜 서비스,5,60,14,24,54,1.0,10.0,1.17,0.0,11.04,28.0
17,O,리얼티 인컴,5,60,14,24,54,1.0,10.0,1.17,0.0,6.91,24.34
17,IP,인터내셔널 페이퍼,5,60,14,24,54,1.0,10.0,1.17,0.0,9.11,29.51
17,USB,U.S. 뱅코프,5,60,14,24,54,1.0,10.0,1.17,0.0,7.71,27.64
17,CTSH.O,코그니전트 테크놀로지 솔루션,5,60,14,24,69,1.0,10.0,0.53,0.0,11.51,29.02
17,DLR,디지털 리얼티 트러스트,5,60,14,24,69,1.0,10.0,0.53,0.0,10.67,26.76
17,USB,U.S. 뱅코프,5,60,14,24,69,1.0,10.0,0.53,0.0,7.71,27.64
17,IP,인터내셔널 페이퍼,5,60,14,24,69,1.0,10.0,0.53,0.0,9.11,29.51
17,O,리얼티 인컴,5,60,14,24,69,1.0,10.0,0.53,0.0,6.91,24.34
17,PNC,PNC 파이낸셜 서비스,5,60,14,24,69,1.0,10.0,0.53,0.0,11.04,28.0
17,SRE,셈프라 에너지,5,60,14,24,69,1.0,10.0,0.53,0.0,7.02,25.36
17,CAH,카디널 헬스,5,60,14,24,69,1.0,10.0,0.53,0.0,11.6,26.49
17,ADM,아처 대니얼스 미들랜드,5,60,14,24,69,1.0,10.0,0.53,0.0,9.68,26.0
17,FIS,피델리티 내셔널 인포메이션 서비스,5,60,14,24,69,1.0,10.0,0.53,0.0,11.44,26.94
17,BK,뱅크 오브 뉴욕 멜론,5,60,14,24,69,1.0,10.0,0.53,0.0,10.01,27.06
17,ALLE.K,얼리지언,5,60,14,24,69,1.0,10.0,0.53,0.0,12.44,25.98
17,GLW,코닝,5,60,14,24,69,1.0,10.0,0.53,0.0,10.54,29.51
17,EMR,에머슨 일렉트릭,5,60,14,24,69,1.0,10.0,0.53,0.0,10.1,26.3
17,XOM,엑슨 모빌,5,60,14,24,69,1.0,10.0,0.53,0.0,8.31,25.32
17,CVS,CVS 헬스,5,60,14,24,69,1.0,10.0,0.53,0.0,8.17,24.34
17,CCI,크라운 캐슬,5,60,14,24,69,1.0,10.0,0.53,0.0,9.94,23.52
17,ELV,엘레반스 헬스,5,60,14,24,69,1.0,10.0,0.53,0.0,9.99,23.55
17,SYY,시스코,5,60,14,24,69,1.0,10.0,0.53,0.0,10.24,26.42
17,CSCO.O,시스코 시스템즈,5,60,14,24,69,1.0,10.0,0.53,0.0,9.03,25.97
17,PCAR.O,파카,5,60,14,24,69,1.0,10.0,0.53,0.0,12.07,27.58
17,WELL.K,웰타워,5,60,14,24,69,1.0,10.0,0.53,0.0,11.1,29.09
17,WMT,월마트,5,60,14,24,69,1.0,10.0,0.53,0.0,7.36,26.15
17,CVX,셰브론,5,60,14,24,69,1.0,10.0,0.53,0.0,9.66,27.08
17,WFC,웰스파고,5,60,14,24,69,1.0,10.0,0.53,0.0,10.46,29.47
17,TGT,타겟,5,60,14,24,69,1.0,10.0,0.53,0.0,12.35,27.88
17,DIS,월트 디즈니,5,60,14,24,69,1.0,10.0,0.53,0.0,11.71,26.12
17,ZBH,짐머 바이오멧 홀딩스,5,60,14,24,69,1.0,10.0,0.53,0.0,8.3,25.7
17,CHRW.O,CH 로빈슨 월드와이드,5,60,14,24,69,1.0,10.0,0.53,0.0,6.47,25.11
17,LH,랩코프 홀딩스,5,60,14,24,69,1.0,10.0,0.53,0.0,10.79,24.67
17,BFb,브라운-포맨 Class B,5,60,14,24,69,1.0,10.0,0.53,0.0,10.12,22.73
17,UDR,UDR,5,60,14,24,69,1.0,10.0,0.53,0.0,8.49,24.53
17,AVB,아발론베이 커뮤니티,5,60,14,24,69,1.0,10.0,0.53,0.0,8.34,23.49
17,FRT,페더럴 리얼티 인베스트먼트 트러스트,5,60,14,24,69,1.0,10.0,0.53,0.0,5.9,26.44
17,L,로우스,5,60,14,24,69,1.0,10.0,0.53,0.0,8.36,23.5
17,JNPR.K,주니퍼 네트웍스,5,60,14,24,69,1.0,10.0,0.53,0.0,9.01,29.2
17,REG.O,리젠시 센터스,5,60,14,24,69,1.0,10.0,0.53,0.0,8.42,28.16
17,HSIC.O,헨리 셰인,5,60,14,24,69,1.0,10.0,0.53,0.0,11.27,24.11
17,NTRS.O,노던 트러스트,5,60,14,24,69,1.0,10.0,0.53,30.26,8.14,28.01
17,BIO,바이오래드 래보라토리스 Class A,5,60,14,24,69,1.0,10.0,0.53,0.0,12.56,27.81
17,MAA,미드아메리카 아파트 커뮤니티,5,60,14,24,69,1.0,10.0,0.53,0.0,10.19,23.18
17,TAP,몰슨 쿠어스 베버리지 Class B,5,60,14,24,69,1.0,10.0,0.53,0.0,4.6,26.42
17,ARE,알렉산드리아 리얼에스테이트 이쿼티,5,60,14,24,69,1.0,10.0,0.53,0.0,7.46,24.61
17,NWSA.O,뉴스 코퍼레이션 Class A,5,60,14,24,69,1.0,10.0,0.53,0.0,9.73,29.18
17,NWS.O,뉴스 코퍼레이션 Class B,5,60,14,24,69,1.0,10.0,0.53,0.0,10.14,29.04
17,EIX,에디슨 인터내셔널,5,60,14,24,69,1.0,10.0,0.53,0.0,8.76,23.93
17,GRMN.K,가민,5,60,14,24,69,1.0,10.0,0.53,0.0,10.97,26.62
17,BG,번지 글로벌,5,60,14,24,69,1.0,10.0,0.53,0.0,9.43,28.74
17,CNP,센터포인트 에너지,5,60,14,24,69,1.0,10.0,0.53,0.0,9.04,24.5
17,OMC,옴니콤 그룹,5,60,14,24,69,1.0,10.0,0.53,0.0,10.38,24.93
17,EQR,에퀴티 레지덴셜,5,60,14,24,69,1.0,10.0,0.53,0.0,7.53,23.91
17,CPT,캠든 프로퍼티 트러스트,5,60,14,24,69,1.0,10.0,0.53,0.0,10.16,23.47
17,TROW.O,티 로웨 프라이스 그룹,5,60,14,24,69,1.0,10.0,0.53,0.0,11.05,28.51
17,ESS,에섹스 프로퍼티 트러스트,5,60,14,24,69,1.0,10.0,0.53,0.0,10.3,24.08
17,DGX,퀘스트 다이아그노스틱스,5,60,14,24,69,1.0,10.0,0.53,0.0,10.34,22.98
17,INVH.K,인비테이션 홈스,5,60,14,24,69,1.0,10.0,0.53,0.0,12.05,26.33
17,IFF,인터내셔널 플레이버스 & 프레그런스,5,60,14,24,69,1.0,10.0,0.53,0.0,9.43,26.72
17,GRMN.K,가민,5,60,14,24,64,1.0,10.0,0.49,0.0,10.97,26.62
17,INVH.K,인비테이션 홈스,5,60,14,24,64,1.0,10.0,0.49,0.0,12.05,26.33
17,DGX,퀘스트 다이아그노스틱스,5,60,14,24,64,1.0,10.0,0.49,0.0,10.34,22.98
17,ESS,에섹스 프로퍼티 트러스트,5,60,14,24,64,1.0,10.0,0.49,0.0,10.3,24.08
17,TROW.O,티 로웨 프라이스 그룹,5,60,14,24,64,1.0,10.0,0.49,0.0,11.05,28.51
17,ZBH,짐머 바이오멧 홀딩스,5,60,14,24,64,1.0,10.0,0.49,0.0,8.3,25.7
17,AVB,아발론베이 커뮤니티,5,60,14,24,64,1.0,10.0,0.49,0.0,8.34,23.49
17,EQR,에퀴티 레지덴셜,5,60,14,24,64,1.0,10.0,0.49,0.0,7.53,23.91
17,EIX,에디슨 인터내셔널,5,60,14,24,64,1.0,10.0,0.49,0.0,8.76,23.93
17,OMC,옴니콤 그룹,5,60,14,24,64,1.0,10.0,0.49,0.0,10.38,24.93
17,CNP,센터포인트 에너지,5,60,14,24,64,1.0,10.0,0.49,0.0,9.04,24.5
17,BG,번지 글로벌,5,60,14,24,64,1.0,10.0,0.49,0.0,9.43,28.74
17,CPT,캠든 프로퍼티 트러스트,5,60,14,24,64,1.0,10.0,0.49,0.0,10.16,23.47
17,IFF,인터내셔널 플레이버스 & 프레그런스,5,60,14,24,64,1.0,10.0,0.49,0.0,9.43,26.72
17,MAA,미드아메리카 아파트 커뮤니티,5,60,14,24,64,1.0,10.0,0.49,0.0,10.19,23.18
17,LH,랩코프 홀딩스,5,60,14,24,64,1.0,10.0,0.49,0.0,10.79,24.67
17,UDR,UDR,5,60,14,24,64,1.0,10.0,0.49,0.0,8.49,24.53
17,NWSA.O,뉴스 코퍼레이션 Class A,5,60,14,24,64,1.0,10.0,0.49,0.0,9.73,29.18
17,ARE,알렉산드리아 리얼에스테이트 이쿼티,5,60,14,24,64,1.0,10.0,0.49,0.0,7.46,24.61
17,TAP,몰슨 쿠어스 베버리지 Class B,5,60,14,24,64,1.0,10.0,0.49,0.0,4.6,26.42
17,BIO,바이오래드 래보라토리스 Class A,5,60,14,24,64,1.0,10.0,0.49,0.0,12.56,27.81
17,NTRS.O,노던 트러스트,5,60,14,24,64,1.0,10.0,0.49,28.12,8.14,28.01
17,HSIC.O,헨리 셰인,5,60,14,24,64,1.0,10.0,0.49,0.0,11.27,24.11
17,REG.O,리젠시 센터스,5,60,14,24,64,1.0,10.0,0.49,0.0,8.42,28.16
17,JNPR.K,주니퍼 네트웍스,5,60,14,24,64,1.0,10.0,0.49,0.0,9.01,29.2
17,L,로우스,5,60,14,24,64,1.0,10.0,0.49,0.0,8.36,23.5
17,FRT,페더럴 리얼티 인베스트먼트 트러스트,5,60,14,24,64,1.0,10.0,0.49,0.0,5.9,26.44
17,BFb,브라운-포맨 Class B,5,60,14,24,64,1.0,10.0,0.49,0.0,10.12,22.73
17,NWS.O,뉴스 코퍼레이션 Class B,5,60,14,24,64,1.0,10.0,0.49,0.0,10.14,29.04
17,CHRW.O,CH 로빈슨 월드와이드,5,60,14,24,64,1.0,10.0,0.49,0.0,6.47,25.11
17,CVS,CVS 헬스,5,60,14,24,64,1.0,10.0,0.49,0.0,8.17,24.34
17,XOM,엑슨 모빌,5,60,14,24,64,1.0,10.0,0.49,0.0,8.31,25.32
17,DIS,월트 디즈니,5,60,14,24,64,1.0,10.0,0.49,0.0,11.71,26.12
17,TGT,타겟,5,60,14,24,64,1.0,10.0,0.49,0.0,12.35,27.88
17,WFC,웰스파고,5,60,14,24,64,1.0,10.0,0.49,0.0,10.46,29.47
17,CVX,셰브론,5,60,14,24,64,1.0,10.0,0.49,0.0,9.66,27.08
17,WMT,월마트,5,60,14,24,64,1.0,10.0,0.49,0.0,7.36,26.15
17,WELL.K,웰타워,5,60,14,24,64,1.0,10.0,0.49,0.0,11.1,29.09
17,PCAR.O,파카,5,60,14,24,64,1.0,10.0,0.49,0.0,12.07,27.58
17,CSCO.O,시스코 시스템즈,5,60,14,24,64,1.0,10.0,0.49,0.0,9.03,25.97
17,SYY,시스코,5,60,14,24,64,1.0,10.0,0.49,0.0,10.24,26.42
17,ELV,엘레반스 헬스,5,60,14,24,64,1.0,10.0,0.49,0.0,9.99,23.55
17,CCI,크라운 캐슬,5,60,14,24,64,1.0,10.0,0.49,0.0,9.94,23.52
17,GLW,코닝,5,60,14,24,64,1.0,10.0,0.49,0.0,10.54,29.51
17,ADM,아처 대니얼스 미들랜드,5,60,14,24,64,1.0,10.0,0.49,0.0,9.68,26.0
17,CTSH.O,코그니전트 테크놀로지 솔루션,5,60,14,24,64,1.0,10.0,0.49,0.0,11.51,29.02
17,ALLE.K,얼리지언,5,60,14,24,64,1.0,10.0,0.49,0.0,12.44,25.98
17,BK,뱅크 오브 뉴욕 멜론,5,60,14,24,64,1.0,10.0,0.49,0.0,10.01,27.06
17,FIS,피델리티 내셔널 인포메이션 서비스,5,60,14,24,64,1.0,10.0,0.49,0.0,11.44,26.94
17,CAH,카디널 헬스,5,60,14,24,64,1.0,10.0,0.49,0.0,11.6,26.49
17,SRE,셈프라 에너지,5,60,14,24,64,1.0,10.0,0.49,0.0,7.02,25.36
17,PNC,PNC 파이낸셜 서비스,5,60,14,24,64,1.0,10.0,0.49,0.0,11.04,28.0
17,O,리얼티 인컴,5,60,14,24,64,1.0,10.0,0.49,0.0,6.91,24.34
17,IP,인터내셔널 페이퍼,5,60,14,24,64,1.0,10.0,0.49,0.0,9.11,29.51
17,USB,U.S. 뱅코프,5,60,14,24,64,1.0,10.0,0.49,0.0,7.71,27.64
17,DLR,디지털 리얼티 트러스트,5,60,14,24,64,1.0,10.0,0.49,0.0,10.67,26.76
17,EMR,에머슨 일렉트릭,5,60,14,24,64,1.0,10.0,0.49,0.0,10.1,26.3
17,CTSH.O,코그니전트 테크놀로지 솔루션,5,60,14,24,59,1.0,10.0,0.46,0.0,11.51,29.02
17,USB,U.S. 뱅코프,5,60,14,24,59,1.0,10.0,0.46,0.0,7.71,27.64
17,IP,인터내셔널 페이퍼,5,60,14,24,59,1.0,10.0,0.46,0.0,9.11,29.51
17,O,리얼티 인컴,5,60,14,24,59,1.0,10.0,0.46,0.0,6.91,24.34
17,PNC,PNC 파이낸셜 서비스,5,60,14,24,59,1.0,10.0,0.46,0.0,11.04,28.0
17,GLW,코닝,5,60,14,24,59,1.0,10.0,0.46,0.0,10.54,29.51
17,CAH,카디널 헬스,5,60,14,24,59,1.0,10.0,0.46,0.0,11.6,26.49
17,SRE,셈프라 에너지,5,60,14,24,59,1.0,10.0,0.46,0.0,7.02,25.36
17,FIS,피델리티 내셔널 인포메이션 서비스,5,60,14,24,59,1.0,10.0,0.46,0.0,11.44,26.94
17,BK,뱅크 오브 뉴욕 멜론,5,60,14,24,59,1.0,10.0,0.46,0.0,10.01,27.06
17,ALLE.K,얼리지언,5,60,14,24,59,1.0,10.0,0.46,0.0,12.44,25.98
17,ADM,아처 대니얼스 미들랜드,5,60,14,24,59,1.0,10.0,0.46,0.0,9.68,26.0
17,EMR,에머슨 일렉트릭,5,60,14,24,59,1.0,10.0,0.46,0.0,10.1,26.3
17,WELL.K,웰타워,5,60,14,24,59,1.0,10.0,0.46,0.0,11.1,29.09
17,CVS,CVS 헬스,5,60,14,24,59,1.0,10.0,0.46,0.0,8.17,24.34
17,CCI,크라운 캐슬,5,60,14,24,59,1.0,10.0,0.46,0.0,9.94,23.52
17,ELV,엘레반스 헬스,5,60,14,24,59,1.0,10.0,0.46,0.0,9.99,23.55
17,SYY,시스코,5,60,14,24,59,1.0,10.0,0.46,0.0,10.24,26.42
17,CSCO.O,시스코 시스템즈,5,60,14,24,59,1.0,10.0,0.46,0.0,9.03,25.97
17,PCAR.O,파카,5,60,14,24,59,1.0,10.0,0.46,0.0,12.07,27.58
17,WMT,월마트,5,60,14,24,59,1.0,10.0,0.46,0.0,7.36,26.15
17,CVX,셰브론,5,60,14,24,59,1.0,10.0,0.46,0.0,9.66,27.08
17,WFC,웰스파고,5,60,14,24,59,1.0,10.0,0.46,0.0,10.46,29.47
17,TGT,타겟,5,60,14,24,59,1.0,10.0,0.46,0.0,12.35,27.88
17,DIS,월트 디즈니,5,60,14,24,59,1.0,10.0,0.46,0.0,11.71,26.12
17,XOM,엑슨 모빌,5,60,14,24,59,1.0,10.0,0.46,0.0,8.31,25.32
17,ZBH,짐머 바이오멧 홀딩스,5,60,14,24,59,1.0,10.0,0.46,0.0,8.3,25.7
17,CHRW.O,CH 로빈슨 월드와이드,5,60,14,24,59,1.0,10.0,0.46,0.0,6.47,25.11
17,DLR,디지털 리얼티 트러스트,5,60,14,24,59,1.0,10.0,0.46,0.0,10.67,26.76
17,BFb,브라운-포맨 Class B,5,60,14,24,59,1.0,10.0,0.46,0.0,10.12,22.73
17,LH,랩코프 홀딩스,5,60,14,24,59,1.0,10.0,0.46,0.0,10.79,24.67
17,AVB,아발론베이 커뮤니티,5,60,14,24,59,1.0,10.0,0.46,0.0,8.34,23.49
17,NWS.O,뉴스 코퍼레이션 Class B,5,60,14,24,59,1.0,10.0,0.46,0.0,10.14,29.04
17,L,로우스,5,60,14,24,59,1.0,10.0,0.46,0.0,8.36,23.5
17,JNPR.K,주니퍼 네트웍스,5,60,14,24,59,1.0,10.0,0.46,0.0,9.01,29.2
17,REG.O,리젠시 센터스,5,60,14,24,59,1.0,10.0,0.46,0.0,8.42,28.16
17,HSIC.O,헨리 셰인,5,60,14,24,59,1.0,10.0,0.46,0.0,11.27,24.11
17,NTRS.O,노던 트러스트,5,60,14,24,59,1.0,10.0,0.46,26.16,8.14,28.01
17,BIO,바이오래드 래보라토리스 Class A,5,60,14,24,59,1.0,10.0,0.46,0.0,12.56,27.81
17,MAA,미드아메리카 아파트 커뮤니티,5,60,14,24,59,1.0,10.0,0.46,0.0,10.19,23.18
17,TAP,몰슨 쿠어스 베버리지 Class B,5,60,14,24,59,1.0,10.0,0.46,0.0,4.6,26.42
17,ARE,알렉산드리아 리얼에스테이트 이쿼티,5,60,14,24,59,1.0,10.0,0.46,0.0,7.46,24.61
17,NWSA.O,뉴스 코퍼레이션 Class A,5,60,14,24,59,1.0,10.0,0.46,0.0,9.73,29.18
17,UDR,UDR,5,60,14,24,59,1.0,10.0,0.46,0.0,8.49,24.53
17,FRT,페더럴 리얼티 인베스트먼트 트러스트,5,60,14,24,59,1.0,10.0,0.46,0.0,5.9,26.44
17,CPT,캠든 프로퍼티 트러스트,5,60,14,24,59,1.0,10.0,0.46,0.0,10.16,23.47
17,TROW.O,티 로웨 프라이스 그룹,5,60,14,24,59,1.0,10.0,0.46,0.0,11.05,28.51
17,OMC,옴니콤 그룹,5,60,14,24,59,1.0,10.0,0.46,0.0,10.38,24.93
17,EIX,에디슨 인터내셔널,5,60,14,24,59,1.0,10.0,0.46,0.0,8.76,23.93
17,EQR,에퀴티 레지덴셜,5,60,14,24,59,1.0,10.0,0.46,0.0,7.53,23.91
17,GRMN.K,가민,5,60,14,24,59,1.0,10.0,0.46,0.0,10.97,26.62
17,CNP,센터포인트 에너지,5,60,14,24,59,1.0,10.0,0.46,0.0,9.04,24.5
17,ESS,에섹스 프로퍼티 트러스트,5,60,14,24,59,1.0,10.0,0.46,0.0,10.3,24.08
17,IFF,인터내셔널 플레이버스 & 프레그런스,5,60,14,24,59,1.0,10.0,0.46,0.0,9.43,26.72
17,DGX,퀘스트 다이아그노스틱스,5,60,14,24,59,1.0,10.0,0.46,0.0,10.34,22.98
17,BG,번지 글로벌,5,60,14,24,59,1.0,10.0,0.46,0.0,9.43,28.74
17,INVH.K,인비테이션 홈스,5,60,14,24,59,1.0,10.0,0.46,0.0,12.05,26.33
17,ALLE.K,얼리지언,5,60,14,24,79,1.0,10.0,0.11,0.0,12.44,25.98
17,EMR,에머슨 일렉트릭,5,60,14,24,79,1.0,10.0,0.11,0.0,10.1,26.3
17,BK,뱅크 오브 뉴욕 멜론,5,60,14,24,79,1.0,10.0,0.11,0.0,10.01,27.06
17,FIS,피델리티 내셔널 인포메이션 서비스,5,60,14,24,79,1.0,10.0,0.11,0.0,11.44,26.94
17,CAH,카디널 헬스,5,60,14,24,79,1.0,10.0,0.11,0.0,11.6,26.49
17,CTSH.O,코그니전트 테크놀로지 솔루션,5,60,14,24,79,1.0,10.0,0.11,0.0,11.51,29.02
17,PNC,PNC 파이낸셜 서비스,5,60,14,24,79,1.0,10.0,0.11,0.0,11.04,28.0
17,O,리얼티 인컴,5,60,14,24,79,1.0,10.0,0.11,0.0,6.91,24.34
17,IP,인터내셔널 페이퍼,5,60,14,24,79,1.0,10.0,0.11,0.0,9.11,29.51
17,USB,U.S. 뱅코프,5,60,14,24,79,1.0,10.0,0.11,0.0,7.71,27.64
17,DLR,디지털 리얼티 트러스트,5,60,14,24,79,1.0,10.0,0.11,0.0,10.67,26.76
17,SRE,셈프라 에너지,5,60,14,24,79,1.0,10.0,0.11,0.0,7.02,25.36
17,CSCO.O,시스코 시스템즈,5,60,14,24,79,1.0,10.0,0.11,0.0,9.03,25.97
17,ADM,아처 대니얼스 미들랜드,5,60,14,24,79,1.0,10.0,0.11,0.0,9.68,26.0
17,CVS,CVS 헬스,5,60,14,24,79,1.0,10.0,0.11,0.0,8.17,24.34
17,CCI,크라운 캐슬,5,60,14,24,79,1.0,10.0,0.11,0.0,9.94,23.52
17,ELV,엘레반스 헬스,5,60,14,24,79,1.0,10.0,0.11,0.0,9.99,23.55
17,SYY,시스코,5,60,14,24,79,1.0,10.0,0.11,0.0,10.24,26.42
17,DIS,월트 디즈니,5,60,14,24,79,1.0,10.0,0.11,0.0,11.71,26.12
17,PCAR.O,파카,5,60,14,24,79,1.0,10.0,0.11,0.0,12.07,27.58
17,WELL.K,웰타워,5,60,14,24,79,1.0,10.0,0.11,0.0,11.1,29.09
17,WMT,월마트,5,60,14,24,79,1.0,10.0,0.11,0.0,7.36,26.15
17,CVX,셰브론,5,60,14,24,79,1.0,10.0,0.11,0.0,9.66,27.08
17,WFC,웰스파고,5,60,14,24,79,1.0,10.0,0.11,0.0,10.46,29.47
17,TGT,타겟,5,60,14,24,79,1.0,10.0,0.11,0.0,12.35,27.88
17,CHRW.O,CH 로빈슨 월드와이드,5,60,14,24,79,1.0,10.0,0.11,0.0,6.47,25.11
17,GLW,코닝,5,60,14,24,79,1.0,10.0,0.11,0.0,10.54,29.51
17,L,로우스,5,60,14,24,79,1.0,10.0,0.11,0.0,8.36,23.5
17,ZBH,짐머 바이오멧 홀딩스,5,60,14,24,79,1.0,10.0,0.11,0.0,8.3,25.7
17,BFb,브라운-포맨 Class B,5,60,14,24,79,1.0,10.0,0.11,0.0,10.12,22.73
17,NWS.O,뉴스 코퍼레이션 Class B,5,60,14,24,74,1.0,10.0,0.11,0.0,10.14,29.04
17,JNPR.K,주니퍼 네트웍스,5,60,14,24,79,1.0,10.0,0.11,0.0,9.01,29.2
17,REG.O,리젠시 센터스,5,60,14,24,79,1.0,10.0,0.11,0.0,8.42,28.16
17,HSIC.O,헨리 셰인,5,60,14,24,79,1.0,10.0,0.11,0.0,11.27,24.11
17,NTRS.O,노던 트러스트,5,60,14,24,79,1.0,10.0,0.11,6.46,8.14,28.01
17,BIO,바이오래드 래보라토리스 Class A,5,60,14,24,79,1.0,10.0,0.11,0.0,12.56,27.81
17,MAA,미드아메리카 아파트 커뮤니티,5,60,14,24,79,1.0,10.0,0.11,0.0,10.19,23.18
17,TAP,몰슨 쿠어스 베버리지 Class B,5,60,14,24,79,1.0,10.0,0.11,0.0,4.6,26.42
17,ARE,알렉산드리아 리얼에스테이트 이쿼티,5,60,14,24,79,1.0,10.0,0.11,0.0,7.46,24.61
17,NWSA.O,뉴스 코퍼레이션 Class A,5,60,14,24,79,1.0,10.0,0.11,0.0,9.73,29.18
17,UDR,UDR,5,60,14,24,79,1.0,10.0,0.11,0.0,8.49,24.53
17,LH,랩코프 홀딩스,5,60,14,24,79,1.0,10.0,0.11,0.0,10.79,24.67
17,CPT,캠든 프로퍼티 트러스트,5,60,14,24,79,1.0,10.0,0.11,0.0,10.16,23.47
17,IFF,인터내셔널 플레이버스 & 프레그런스,5,60,14,24,79,1.0,10.0,0.11,0.0,9.43,26.72
17,INVH.K,인비테이션 홈스,5,60,14,24,79,1.0,10.0,0.11,0.0,12.05,26.33
17,DGX,퀘스트 다이아그노스틱스,5,60,14,24,79,1.0,10.0,0.11,0.0,10.34,22.98
17,ESS,에섹스 프로퍼티 트러스트,5,60,14,24,79,1.0,10.0,0.11,0.0,10.3,24.08
17,TROW.O,티 로웨 프라이스 그룹,5,60,14,24,79,1.0,10.0,0.11,0.0,11.05,28.51
17,GRMN.K,가민,5,60,14,24,79,1.0,10.0,0.11,0.0,10.97,26.62
17,EQR,에퀴티 레지덴셜,5,60,14,24,79,1.0,10.0,0.11,0.0,7.53,23.91
17,EIX,에디슨 인터내셔널,5,60,14,24,79,1.0,10.0,0.11,0.0,8.76,23.93
17,OMC,옴니콤 그룹,5,60,14,24,79,1.0,10.0,0.11,0.0,10.38,24.93
17,CNP,센터포인트 에너지,5,60,14,24,79,1.0,10.0,0.11,0.0,9.04,24.5
17,BG,번지 글로벌,5,60,14,24,79,1.0,10.0,0.11,0.0,9.43,28.74
17,AVB,아발론베이 커뮤니티,5,60,14,24,79,1.0,10.0,0.11,0.0,8.34,23.49
17,XOM,엑슨 모빌,5,60,14,24,79,1.0,10.0,0.11,0.0,8.31,25.32
17,ADM,아처 대니얼스 미들랜드,5,60,14,24,74,1.0,10.0,0.11,0.0,9.68,26.0
17,FRT,페더럴 리얼티 인베스트먼트 트러스트,5,60,14,24,74,1.0,10.0,0.11,0.0,5.9,26.44
17,GLW,코닝,5,60,14,24,74,1.0,10.0,0.11,0.0,10.54,29.51
17,BK,뱅크 오브 뉴욕 멜론,5,60,14,24,74,1.0,10.0,0.11,0.0,10.01,27.06
17,FIS,피델리티 내셔널 인포메이션 서비스,5,60,14,24,74,1.0,10.0,0.11,0.0,11.44,26.94
17,SRE,셈프라 에너지,5,60,14,24,74,1.0,10.0,0.11,0.0,7.02,25.36
17,CAH,카디널 헬스,5,60,14,24,74,1.0,10.0,0.11,0.0,11.6,26.49
17,CTSH.O,코그니전트 테크놀로지 솔루션,5,60,14,24,74,1.0,10.0,0.11,0.0,11.51,29.02
17,PNC,PNC 파이낸셜 서비스,5,60,14,24,74,1.0,10.0,0.11,0.0,11.04,28.0
17,O,리얼티 인컴,5,60,14,24,74,1.0,10.0,0.11,0.0,6.91,24.34
17,IP,인터내셔널 페이퍼,5,60,14,24,74,1.0,10.0,0.11,0.0,9.11,29.51
17,USB,U.S. 뱅코프,5,60,14,24,74,1.0,10.0,0.11,0.0,7.71,27.64
17,DLR,디지털 리얼티 트러스트,5,60,14,24,74,1.0,10.0,0.11,0.0,10.67,26.76
17,EMR,에머슨 일렉트릭,5,60,14,24,74,1.0,10.0,0.11,0.0,10.1,26.3
17,CVS,CVS 헬스,5,60,14,24,74,1.0,10.0,0.11,0.0,8.17,24.34
17,CCI,크라운 캐슬,5,60,14,24,74,1.0,10.0,0.11,0.0,9.94,23.52
17,ELV,엘레반스 헬스,5,60,14,24,74,1.0,10.0,0.11,0.0,9.99,23.55
17,SYY,시스코,5,60,14,24,74,1.0,10.0,0.11,0.0,10.24,26.42
17,CSCO.O,시스코 시스템즈,5,60,14,24,74,1.0,10.0,0.11,0.0,9.03,25.97
17,PCAR.O,파카,5,60,14,24,74,1.0,10.0,0.11,0.0,12.07,27.58
17,WELL.K,웰타워,5,60,14,24,74,1.0,10.0,0.11,0.0,11.1,29.09
17,WMT,월마트,5,60,14,24,74,1.0,10.0,0.11,0.0,7.36,26.15
17,CVX,셰브론,5,60,14,24,74,1.0,10.0,0.11,0.0,9.66,27.08
17,WFC,웰스파고,5,60,14,24,74,1.0,10.0,0.11,0.0,10.46,29.47
17,TGT,타겟,5,60,14,24,74,1.0,10.0,0.11,0.0,12.35,27.88
17,DIS,월트 디즈니,5,60,14,24,74,1.0,10.0,0.11,0.0,11.71,26.12
17,XOM,엑슨 모빌,5,60,14,24,74,1.0,10.0,0.11,0.0,8.31,25.32
17,NWS.O,뉴스 코퍼레이션 Class B,5,60,14,24,79,1.0,10.0,0.11,0.0,10.14,29.04
17,ALLE.K,얼리지언,5,60,14,24,74,1.0,10.0,0.11,0.0,12.44,25.98
17,CHRW.O,CH 로빈슨 월드와이드,5,60,14,24,74,1.0,10.0,0.11,0.0,6.47,25.11
17,L,로우스,5,60,14,24,74,1.0,10.0,0.11,0.0,8.36,23.5
17,ZBH,짐머 바이오멧 홀딩스,5,60,14,24,74,1.0,10.0,0.11,0.0,8.3,25.7
17,JNPR.K,주니퍼 네트웍스,5,60,14,24,74,1.0,10.0,0.11,0.0,9.01,29.2
17,REG.O,리젠시 센터스,5,60,14,24,74,1.0,10.0,0.11,0.0,8.42,28.16
17,HSIC.O,헨리 셰인,5,60,14,24,74,1.0,10.0,0.11,0.0,11.27,24.11
17,NTRS.O,노던 트러스트,5,60,14,24,74,1.0,10.0,0.11,6.46,8.14,28.01
17,BIO,바이오래드 래보라토리스 Class A,5,60,14,24,74,1.0,10.0,0.11,0.0,12.56,27.81
17,MAA,미드아메리카 아파트 커뮤니티,5,60,14,24,74,1.0,10.0,0.11,0.0,10.19,23.18
17,TAP,몰슨 쿠어스 베버리지 Class B,5,60,14,24,74,1.0,10.0,0.11,0.0,4.6,26.42
17,ARE,알렉산드리아 리얼에스테이트 이쿼티,5,60,14,24,74,1.0,10.0,0.11,0.0,7.46,24.61
17,NWSA.O,뉴스 코퍼레이션 Class A,5,60,14,24,74,1.0,10.0,0.11,0.0,9.73,29.18
17,UDR,UDR,5,60,14,24,74,1.0,10.0,0.11,0.0,8.49,24.53
17,LH,랩코프 홀딩스,5,60,14,24,74,1.0,10.0,0.11,0.0,10.79,24.67
17,CPT,캠든 프로퍼티 트러스트,5,60,14,24,74,1.0,10.0,0.11,0.0,10.16,23.47
17,IFF,인터내셔널 플레이버스 & 프레그런스,5,60,14,24,74,1.0,10.0,0.11,0.0,9.43,26.72
17,INVH.K,인비테이션 홈스,5,60,14,24,74,1.0,10.0,0.11,0.0,12.05,26.33
17,DGX,퀘스트 다이아그노스틱스,5,60,14,24,74,1.0,10.0,0.11,0.0,10.34,22.98
17,ESS,에섹스 프로퍼티 트러스트,5,60,14,24,74,1.0,10.0,0.11,0.0,10.3,24.08
17,TROW.O,티 로웨 프라이스 그룹,5,60,14,24,74,1.0,10.0,0.11,0.0,11.05,28.51
17,GRMN.K,가민,5,60,14,24,74,1.0,10.0,0.11,0.0,10.97,26.62
17,EQR,에퀴티 레지덴셜,5,60,14,24,74,1.0,10.0,0.11,0.0,7.53,23.91
17,EIX,에디슨 인터내셔널,5,60,14,24,74,1.0,10.0,0.11,0.0,8.76,23.93
17,OMC,옴니콤 그룹,5,60,14,24,74,1.0,10.0,0.11,0.0,10.38,24.93
17,CNP,센터포인트 에너지,5,60,14,24,74,1.0,10.0,0.11,0.0,9.04,24.5
17,BG,번지 글로벌,5,60,14,24,74,1.0,10.0,0.11,0.0,9.43,28.74
17,AVB,아발론베이 커뮤니티,5,60,14,24,74,1.0,10.0,0.11,0.0,8.34,23.49
17,BFb,브라운-포맨 Class B,5,60,14,24,74,1.0,10.0,0.11,0.0,10.12,22.73
17,FRT,페더럴 리얼티 인베스트먼트 트러스트,5,60,14,24,79,1.0,10.0,0.11,0.0,5.9,26.44
17,NWS.O,뉴스 코퍼레이션 Class B,5,120,14,24,79,1.0,10.0,0.0,0.0,10.14,29.04
17,FRT,페더럴 리얼티 인베스트먼트 트러스트,5,120,14,24,79,1.0,10.0,0.0,0.0,5.9,26.44
17,L,로우스,5,120,14,24,69,1.0,10.0,0.0,0.0,8.36,23.5
17,WMT,월마트,5,120,14,24,74,1.0,10.0,0.0,0.0,7.36,26.15
17,CVX,셰브론,5,120,14,24,74,1.0,10.0,0.0,0.0,9.66,27.08
17,WFC,웰스파고,5,120,14,24,74,1.0,10.0,0.0,0.0,10.46,29.47
17,TGT,타겟,5,120,14,24,74,1.0,10.0,0.0,0.0,12.35,27.88
17,DIS,월트 디즈니,5,120,14,24,74,1.0,10.0,0.0,0.0,11.71,26.12
17,XOM,엑슨 모빌,5,120,14,24,74,1.0,10.0,0.0,0.0,8.31,25.32
17,NWS.O,뉴스 코퍼레이션 Class B,5,120,14,24,69,1.0,10.0,0.0,0.0,10.14,29.04
17,FRT,페더럴 리얼티 인베스트먼트 트러스트,5,120,14,24,69,1.0,10.0,0.0,0.0,5.9,26.44
17,JNPR.K,주니퍼 네트웍스,5,120,14,24,69,1.0,10.0,0.0,0.0,9.01,29.2
17,LH,랩코프 홀딩스,5,120,14,24,69,1.0,10.0,0.0,0.0,10.79,24.67
17,REG.O,리젠시 센터스,5,120,14,24,69,1.0,10.0,0.0,0.0,8.42,28.16
17,HSIC.O,헨리 셰인,5,120,14,24,69,1.0,10.0,0.0,0.0,11.27,24.11
17,NTRS.O,노던 트러스트,5,120,14,24,69,1.0,10.0,0.0,0.0,8.14,28.01
17,BIO,바이오래드 래보라토리스 Class A,5,120,14,24,69,1.0,10.0,0.0,0.0,12.56,27.81
17,MAA,미드아메리카 아파트 커뮤니티,5,120,14,24,69,1.0,10.0,0.0,0.0,10.19,23.18
17,TAP,몰슨 쿠어스 베버리지 Class B,5,120,14,24,69,1.0,10.0,0.0,0.0,4.6,26.42
17,ARE,알렉산드리아 리얼에스테이트 이쿼티,5,120,14,24,69,1.0,10.0,0.0,0.0,7.46,24.61
17,NWSA.O,뉴스 코퍼레이션 Class A,5,120,14,24,69,1.0,10.0,0.0,0.0,9.73,29.18
17,WELL.K,웰타워,5,120,14,24,74,1.0,10.0,0.0,0.0,11.1,29.09
17,PCAR.O,파카,5,120,14,24,74,1.0,10.0,0.0,0.0,12.07,27.58
17,CSCO.O,시스코 시스템즈,5,120,14,24,74,1.0,10.0,0.0,0.0,9.03,25.97
17,SYY,시스코,5,120,14,24,74,1.0,10.0,0.0,0.0,10.24,26.42
17,GLW,코닝,5,120,14,24,74,1.0,10.0,0.0,0.0,10.54,29.51
17,ALLE.K,얼리지언,5,120,14,24,74,1.0,10.0,0.0,0.0,12.44,25.98
17,BK,뱅크 오브 뉴욕 멜론,5,120,14,24,74,1.0,10.0,0.0,0.0,10.01,27.06
17,FIS,피델리티 내셔널 인포메이션 서비스,5,120,14,24,74,1.0,10.0,0.0,0.0,11.44,26.94
17,SRE,셈프라 에너지,5,120,14,24,74,1.0,10.0,0.0,0.0,7.02,25.36
17,CAH,카디널 헬스,5,120,14,24,74,1.0,10.0,0.0,0.0,11.6,26.49
17,CTSH.O,코그니전트 테크놀로지 솔루션,5,120,14,24,74,1.0,10.0,0.0,0.0,11.51,29.02
17,PNC,PNC 파이낸셜 서비스,5,120,14,24,74,1.0,10.0,0.0,0.0,11.04,28.0
17,O,리얼티 인컴,5,120,14,24,74,1.0,10.0,0.0,0.0,6.91,24.34
17,IP,인터내셔널 페이퍼,5,120,14,24,74,1.0,10.0,0.0,0.0,9.11,29.51
17,USB,U.S. 뱅코프,5,120,14,24,74,1.0,10.0,0.0,0.0,7.71,27.64
17,DLR,디지털 리얼티 트러스트,5,120,14,24,74,1.0,10.0,0.0,0.0,10.67,26.76
17,EMR,에머슨 일렉트릭,5,120,14,24,74,1.0,10.0,0.0,0.0,10.1,26.3
17,ADM,아처 대니얼스 미들랜드,5,120,14,24,74,1.0,10.0,0.0,0.0,9.68,26.0
17,CVS,CVS 헬스,5,120,14,24,74,1.0,10.0,0.0,0.0,8.17,24.34
17,CCI,크라운 캐슬,5,120,14,24,74,1.0,10.0,0.0,0.0,9.94,23.52
17,ELV,엘레반스 헬스,5,120,14,24,74,1.0,10.0,0.0,0.0,9.99,23.55
17,UDR,UDR,5,120,14,24,69,1.0,10.0,0.0,0.0,8.49,24.53
17,CPT,캠든 프로퍼티 트러스트,5,120,14,24,69,1.0,10.0,0.0,0.0,10.16,23.47
17,XOM,엑슨 모빌,5,120,14,24,69,1.0,10.0,0.0,0.0,8.31,25.32
17,CCI,크라운 캐슬,5,120,14,24,69,1.0,10.0,0.0,0.0,9.94,23.52
17,PNC,PNC 파이낸셜 서비스,5,120,14,24,69,1.0,10.0,0.0,0.0,11.04,28.0
17,O,리얼티 인컴,5,120,14,24,69,1.0,10.0,0.0,0.0,6.91,24.34
17,IP,인터내셔널 페이퍼,5,120,14,24,69,1.0,10.0,0.0,0.0,9.11,29.51
17,USB,U.S. 뱅코프,5,120,14,24,69,1.0,10.0,0.0,0.0,7.71,27.64
17,DLR,디지털 리얼티 트러스트,5,120,14,24,69,1.0,10.0,0.0,0.0,10.67,26.76
17,EMR,에머슨 일렉트릭,5,120,14,24,69,1.0,10.0,0.0,0.0,10.1,26.3
17,ADM,아처 대니얼스 미들랜드,5,120,14,24,69,1.0,10.0,0.0,0.0,9.68,26.0
17,CVS,CVS 헬스,5,120,14,24,69,1.0,10.0,0.0,0.0,8.17,24.34
17,ELV,엘레반스 헬스,5,120,14,24,69,1.0,10.0,0.0,0.0,9.99,23.55
17,IFF,인터내셔널 플레이버스 & 프레그런스,5,120,14,24,69,1.0,10.0,0.0,0.0,9.43,26.72
17,SYY,시스코,5,120,14,24,69,1.0,10.0,0.0,0.0,10.24,26.42
17,CSCO.O,시스코 시스템즈,5,120,14,24,69,1.0,10.0,0.0,0.0,9.03,25.97
17,PCAR.O,파카,5,120,14,24,69,1.0,10.0,0.0,0.0,12.07,27.58
17,WELL.K,웰타워,5,120,14,24,69,1.0,10.0,0.0,0.0,11.1,29.09
17,WMT,월마트,5,120,14,24,69,1.0,10.0,0.0,0.0,7.36,26.15
17,CVX,셰브론,5,120,14,24,69,1.0,10.0,0.0,0.0,9.66,27.08
17,WFC,웰스파고,5,120,14,24,69,1.0,10.0,0.0,0.0,10.46,29.47
17,TGT,타겟,5,120,14,24,69,1.0,10.0,0.0,0.0,12.35,27.88
17,CTSH.O,코그니전트 테크놀로지 솔루션,5,120,14,24,69,1.0,10.0,0.0,0.0,11.51,29.02
17,CAH,카디널 헬스,5,120,14,24,69,1.0,10.0,0.0,0.0,11.6,26.49
17,SRE,셈프라 에너지,5,120,14,24,69,1.0,10.0,0.0,0.0,7.02,25.36
17,FIS,피델리티 내셔널 인포메이션 서비스,5,120,14,24,69,1.0,10.0,0.0,0.0,11.44,26.94
17,INVH.K,인비테이션 홈스,5,120,14,24,69,1.0,10.0,0.0,0.0,12.05,26.33
17,DGX,퀘스트 다이아그노스틱스,5,120,14,24,69,1.0,10.0,0.0,0.0,10.34,22.98
17,ESS,에섹스 프로퍼티 트러스트,5,120,14,24,69,1.0,10.0,0.0,0.0,10.3,24.08
17,TROW.O,티 로웨 프라이스 그룹,5,120,14,24,69,1.0,10.0,0.0,0.0,11.05,28.51
17,GRMN.K,가민,5,120,14,24,69,1.0,10.0,0.0,0.0,10.97,26.62
17,EQR,에퀴티 레지덴셜,5,120,14,24,69,1.0,10.0,0.0,0.0,7.53,23.91
17,EIX,에디슨 인터내셔널,5,120,14,24,69,1.0,10.0,0.0,0.0,8.76,23.93
17,OMC,옴니콤 그룹,5,120,14,24,69,1.0,10.0,0.0,0.0,10.38,24.93
17,CNP,센터포인트 에너지,5,120,14,24,69,1.0,10.0,0.0,0.0,9.04,24.5
17,BG,번지 글로벌,5,120,14,24,69,1.0,10.0,0.0,0.0,9.43,28.74
17,AVB,아발론베이 커뮤니티,5,120,14,24,69,1.0,10.0,0.0,0.0,8.34,23.49
17,BFb,브라운-포맨 Class B,5,120,14,24,69,1.0,10.0,0.0,0.0,10.12,22.73
17,ZBH,짐머 바이오멧 홀딩스,5,120,14,24,69,1.0,10.0,0.0,0.0,8.3,25.7
17,CHRW.O,CH 로빈슨 월드와이드,5,120,14,24,69,1.0,10.0,0.0,0.0,6.47,25.11
17,GLW,코닝,5,120,14,24,69,1.0,10.0,0.0,0.0,10.54,29.51
17,ALLE.K,얼리지언,5,120,14,24,69,1.0,10.0,0.0,0.0,12.44,25.98
17,BK,뱅크 오브 뉴욕 멜론,5,120,14,24,69,1.0,10.0,0.0,0.0,10.01,27.06
17,CHRW.O,CH 로빈슨 월드와이드,5,120,14,24,74,1.0,10.0,0.0,0.0,6.47,25.11
17,ZBH,짐머 바이오멧 홀딩스,5,120,14,24,74,1.0,10.0,0.0,0.0,8.3,25.7
17,BFb,브라운-포맨 Class B,5,120,14,24,74,1.0,10.0,0.0,0.0,10.12,22.73
17,ALLE.K,얼리지언,5,120,14,24,79,1.0,10.0,0.0,0.0,12.44,25.98
17,OMC,옴니콤 그룹,5,120,14,24,79,1.0,10.0,0.0,0.0,10.38,24.93
17,CNP,센터포인트 에너지,5,120,14,24,79,1.0,10.0,0.0,0.0,9.04,24.5
17,BG,번지 글로벌,5,120,14,24,79,1.0,10.0,0.0,0.0,9.43,28.74
17,AVB,아발론베이 커뮤니티,5,120,14,24,79,1.0,10.0,0.0,0.0,8.34,23.49
17,BFb,브라운-포맨 Class B,5,120,14,24,79,1.0,10.0,0.0,0.0,10.12,22.73
17,ZBH,짐머 바이오멧 홀딩스,5,120,14,24,79,1.0,10.0,0.0,0.0,8.3,25.7
17,CHRW.O,CH 로빈슨 월드와이드,5,120,14,24,79,1.0,10.0,0.0,0.0,6.47,25.11
17,GLW,코닝,5,120,14,24,79,1.0,10.0,0.0,0.0,10.54,29.51
17,BK,뱅크 오브 뉴욕 멜론,5,120,14,24,79,1.0,10.0,0.0,0.0,10.01,27.06
17,AVB,아발론베이 커뮤니티,5,120,14,24,74,1.0,10.0,0.0,0.0,8.34,23.49
17,FIS,피델리티 내셔널 인포메이션 서비스,5,120,14,24,79,1.0,10.0,0.0,0.0,11.44,26.94
17,SRE,셈프라 에너지,5,120,14,24,79,1.0,10.0,0.0,0.0,7.02,25.36
17,CAH,카디널 헬스,5,120,14,24,79,1.0,10.0,0.0,0.0,11.6,26.49
17,CTSH.O,코그니전트 테크놀로지 솔루션,5,120,14,24,79,1.0,10.0,0.0,0.0,11.51,29.02
17,PNC,PNC 파이낸셜 서비스,5,120,14,24,79,1.0,10.0,0.0,0.0,11.04,28.0
17,O,리얼티 인컴,5,120,14,24,79,1.0,10.0,0.0,0.0,6.91,24.34
17,IP,인터내셔널 페이퍼,5,120,14,24,79,1.0,10.0,0.0,0.0,9.11,29.51
17,USB,U.S. 뱅코프,5,120,14,24,79,1.0,10.0,0.0,0.0,7.71,27.64
17,EIX,에디슨 인터내셔널,5,120,14,24,79,1.0,10.0,0.0,0.0,8.76,23.93
17,EQR,에퀴티 레지덴셜,5,120,14,24,79,1.0,10.0,0.0,0.0,7.53,23.91
17,GRMN.K,가민,5,120,14,24,79,1.0,10.0,0.0,0.0,10.97,26.62
17,TROW.O,티 로웨 프라이스 그룹,5,120,14,24,79,1.0,10.0,0.0,0.0,11.05,28.51
17,L,로우스,5,120,14,24,79,1.0,10.0,0.0,0.0,8.36,23.5
17,JNPR.K,주니퍼 네트웍스,5,120,14,24,79,1.0,10.0,0.0,0.0,9.01,29.2
17,REG.O,리젠시 센터스,5,120,14,24,79,1.0,10.0,0.0,0.0,8.42,28.16
17,HSIC.O,헨리 셰인,5,120,14,24,79,1.0,10.0,0.0,0.0,11.27,24.11
17,NTRS.O,노던 트러스트,5,120,14,24,79,1.0,10.0,0.0,0.0,8.14,28.01
17,BIO,바이오래드 래보라토리스 Class A,5,120,14,24,79,1.0,10.0,0.0,0.0,12.56,27.81
17,MAA,미드아메리카 아파트 커뮤니티,5,120,14,24,79,1.0,10.0,0.0,0.0,10.19,23.18
17,TAP,몰슨 쿠어스 베버리지 Class B,5,120,14,24,79,1.0,10.0,0.0,0.0,4.6,26.42
17,ARE,알렉산드리아 리얼에스테이트 이쿼티,5,120,14,24,79,1.0,10.0,0.0,0.0,7.46,24.61
17,NWSA.O,뉴스 코퍼레이션 Class A,5,120,14,24,79,1.0,10.0,0.0,0.0,9.73,29.18
17,UDR,UDR,5,120,14,24,79,1.0,10.0,0.0,0.0,8.49,24.53
17,LH,랩코프 홀딩스,5,120,14,24,79,1.0,10.0,0.0,0.0,10.79,24.67
17,CPT,캠든 프로퍼티 트러스트,5,120,14,24,79,1.0,10.0,0.0,0.0,10.16,23.47
17,IFF,인터내셔널 플레이버스 & 프레그런스,5,120,14,24,79,1.0,10.0,0.0,0.0,9.43,26.72
17,INVH.K,인비테이션 홈스,5,120,14,24,79,1.0,10.0,0.0,0.0,12.05,26.33
17,DGX,퀘스트 다이아그노스틱스,5,120,14,24,79,1.0,10.0,0.0,0.0,10.34,22.98
17,ESS,에섹스 프로퍼티 트러스트,5,120,14,24,79,1.0,10.0,0.0,0.0,10.3,24.08
17,DLR,디지털 리얼티 트러스트,5,120,14,24,79,1.0,10.0,0.0,0.0,10.67,26.76
17,EMR,에머슨 일렉트릭,5,120,14,24,79,1.0,10.0,0.0,0.0,10.1,26.3
17,ADM,아처 대니얼스 미들랜드,5,120,14,24,79,1.0,10.0,0.0,0.0,9.68,26.0
17,BIO,바이오래드 래보라토리스 Class A,5,120,14,24,74,1.0,10.0,0.0,0.0,12.56,27.81
17,TAP,몰슨 쿠어스 베버리지 Class B,5,120,14,24,74,1.0,10.0,0.0,0.0,4.6,26.42
17,ARE,알렉산드리아 리얼에스테이트 이쿼티,5,120,14,24,74,1.0,10.0,0.0,0.0,7.46,24.61
17,NWSA.O,뉴스 코퍼레이션 Class A,5,120,14,24,74,1.0,10.0,0.0,0.0,9.73,29.18
17,UDR,UDR,5,120,14,24,74,1.0,10.0,0.0,0.0,8.49,24.53
17,LH,랩코프 홀딩스,5,120,14,24,74,1.0,10.0,0.0,0.0,10.79,24.67
17,CPT,캠든 프로퍼티 트러스트,5,120,14,24,74,1.0,10.0,0.0,0.0,10.16,23.47
17,IFF,인터내셔널 플레이버스 & 프레그런스,5,120,14,24,74,1.0,10.0,0.0,0.0,9.43,26.72
17,INVH.K,인비테이션 홈스,5,120,14,24,74,1.0,10.0,0.0,0.0,12.05,26.33
17,DGX,퀘스트 다이아그노스틱스,5,120,14,24,74,1.0,10.0,0.0,0.0,10.34,22.98
17,ESS,에섹스 프로퍼티 트러스트,5,120,14,24,74,1.0,10.0,0.0,0.0,10.3,24.08
17,TROW.O,티 로웨 프라이스 그룹,5,120,14,24,74,1.0,10.0,0.0,0.0,11.05,28.51
17,GRMN.K,가민,5,120,14,24,74,1.0,10.0,0.0,0.0,10.97,26.62
17,EQR,에퀴티 레지덴셜,5,120,14,24,74,1.0,10.0,0.0,0.0,7.53,23.91
17,EIX,에디슨 인터내셔널,5,120,14,24,74,1.0,10.0,0.0,0.0,8.76,23.93
17,OMC,옴니콤 그룹,5,120,14,24,74,1.0,10.0,0.0,0.0,10.38,24.93
17,CNP,센터포인트 에너지,5,120,14,24,74,1.0,10.0,0.0,0.0,9.04,24.5
17,BG,번지 글로벌,5,120,14,24,74,1.0,10.0,0.0,0.0,9.43,28.74
17,MAA,미드아메리카 아파트 커뮤니티,5,120,14,24,74,1.0,10.0,0.0,0.0,10.19,23.18
17,NTRS.O,노던 트러스트,5,120,14,24,74,1.0,10.0,0.0,0.0,8.14,28.01
17,CVS,CVS 헬스,5,120,14,24,79,1.0,10.0,0.0,0.0,8.17,24.34
17,HSIC.O,헨리 셰인,5,120,14,24,74,1.0,10.0,0.0,0.0,11.27,24.11
17,CCI,크라운 캐슬,5,120,14,24,79,1.0,10.0,0.0,0.0,9.94,23.52
17,ELV,엘레반스 헬스,5,120,14,24,79,1.0,10.0,0.0,0.0,9.99,23.55
17,SYY,시스코,5,120,14,24,79,1.0,10.0,0.0,0.0,10.24,26.42
17,CSCO.O,시스코 시스템즈,5,120,14,24,79,1.0,10.0,0.0,0.0,9.03,25.97
17,PCAR.O,파카,5,120,14,24,79,1.0,10.0,0.0,0.0,12.07,27.58
17,WELL.K,웰타워,5,120,14,24,79,1.0,10.0,0.0,0.0,11.1,29.09
17,WMT,월마트,5,120,14,24,79,1.0,10.0,0.0,0.0,7.36,26.15
17,CVX,셰브론,5,120,14,24,79,1.0,10.0,0.0,0.0,9.66,27.08
17,WFC,웰스파고,5,120,14,24,79,1.0,10.0,0.0,0.0,10.46,29.47
17,TGT,타겟,5,120,14,24,79,1.0,10.0,0.0,0.0,12.35,27.88
17,DIS,월트 디즈니,5,120,14,24,79,1.0,10.0,0.0,0.0,11.71,26.12
17,XOM,엑슨 모빌,5,120,14,24,79,1.0,10.0,0.0,0.0,8.31,25.32
17,NWS.O,뉴스 코퍼레이션 Class B,5,120,14,24,74,1.0,10.0,0.0,0.0,10.14,29.04
17,FRT,페더럴 리얼티 인베스트먼트 트러스트,5,120,14,24,74,1.0,10.0,0.0,0.0,5.9,26.44
17,L,로우스,5,120,14,24,74,1.0,10.0,0.0,0.0,8.36,23.5
17,JNPR.K,주니퍼 네트웍스,5,120,14,24,74,1.0,10.0,0.0,0.0,9.01,29.2
17,REG.O,리젠시 센터스,5,120,14,24,74,1.0,10.0,0.0,0.0,8.42,28.16
17,DIS,월트 디즈니,5,120,14,24,69,1.0,10.0,0.0,0.0,11.71,26.12
17,NWS.O,뉴스 코퍼레이션 Class B,5,120,14,24,64,1.0,10.0,0.0,0.0,10.14,29.04
17,DIS,월트 디즈니,5,120,14,24,54,1.0,10.0,0.0,0.0,11.71,26.12
17,L,로우스,5,120,14,24,54,1.0,10.0,0.0,0.0,8.36,23.5
17,WMT,월마트,5,120,14,24,59,1.0,10.0,0.0,0.0,7.36,26.15
17,CVX,셰브론,5,120,14,24,59,1.0,10.0,0.0,0.0,9.66,27.08
17,WFC,웰스파고,5,120,14,24,59,1.0,10.0,0.0,0.0,10.46,29.47
17,TGT,타겟,5,120,14,24,59,1.0,10.0,0.0,0.0,12.35,27.88
17,DIS,월트 디즈니,5,120,14,24,59,1.0,10.0,0.0,0.0,11.71,26.12
17,XOM,엑슨 모빌,5,120,14,24,59,1.0,10.0,0.0,0.0,8.31,25.32
17,NWS.O,뉴스 코퍼레이션 Class B,5,120,14,24,54,1.0,10.0,0.0,0.0,10.14,29.04
17,FRT,페더럴 리얼티 인베스트먼트 트러스트,5,120,14,24,54,1.0,10.0,0.0,0.0,5.9,26.44
17,JNPR.K,주니퍼 네트웍스,5,120,14,24,54,1.0,10.0,0.0,0.0,9.01,29.2
17,LH,랩코프 홀딩스,5,120,14,24,54,1.0,10.0,0.0,0.0,10.79,24.67
17,REG.O,리젠시 센터스,5,120,14,24,54,1.0,10.0,0.0,0.0,8.42,28.16
17,HSIC.O,헨리 셰인,5,120,14,24,54,1.0,10.0,0.0,0.0,11.27,24.11
17,NTRS.O,노던 트러스트,5,120,14,24,54,1.0,10.0,0.0,0.0,8.14,28.01
17,BIO,바이오래드 래보라토리스 Class A,5,120,14,24,54,1.0,10.0,0.0,0.0,12.56,27.81
17,MAA,미드아메리카 아파트 커뮤니티,5,120,14,24,54,1.0,10.0,0.0,0.0,10.19,23.18
17,TAP,몰슨 쿠어스 베버리지 Class B,5,120,14,24,54,1.0,10.0,0.0,0.0,4.6,26.42
17,ARE,알렉산드리아 리얼에스테이트 이쿼티,5,120,14,24,54,1.0,10.0,0.0,0.0,7.46,24.61
17,NWSA.O,뉴스 코퍼레이션 Class A,5,120,14,24,54,1.0,10.0,0.0,0.0,9.73,29.18
17,WELL.K,웰타워,5,120,14,24,59,1.0,10.0,0.0,0.0,11.1,29.09
17,PCAR.O,파카,5,120,14,24,59,1.0,10.0,0.0,0.0,12.07,27.58
17,CSCO.O,시스코 시스템즈,5,120,14,24,59,1.0,10.0,0.0,0.0,9.03,25.97
17,SYY,시스코,5,120,14,24,59,1.0,10.0,0.0,0.0,10.24,26.42
17,GLW,코닝,5,120,14,24,59,1.0,10.0,0.0,0.0,10.54,29.51
17,ALLE.K,얼리지언,5,120,14,24,59,1.0,10.0,0.0,0.0,12.44,25.98
17,BK,뱅크 오브 뉴욕 멜론,5,120,14,24,59,1.0,10.0,0.0,0.0,10.01,27.06
17,FIS,피델리티 내셔널 인포메이션 서비스,5,120,14,24,59,1.0,10.0,0.0,0.0,11.44,26.94
17,SRE,셈프라 에너지,5,120,14,24,59,1.0,10.0,0.0,0.0,7.02,25.36
17,CAH,카디널 헬스,5,120,14,24,59,1.0,10.0,0.0,0.0,11.6,26.49
17,CTSH.O,코그니전트 테크놀로지 솔루션,5,120,14,24,59,1.0,10.0,0.0,0.0,11.51,29.02
17,PNC,PNC 파이낸셜 서비스,5,120,14,24,59,1.0,10.0,0.0,0.0,11.04,28.0
17,O,리얼티 인컴,5,120,14,24,59,1.0,10.0,0.0,0.0,6.91,24.34
17,IP,인터내셔널 페이퍼,5,120,14,24,59,1.0,10.0,0.0,0.0,9.11,29.51
17,USB,U.S. 뱅코프,5,120,14,24,59,1.0,10.0,0.0,0.0,7.71,27.64
17,DLR,디지털 리얼티 트러스트,5,120,14,24,59,1.0,10.0,0.0,0.0,10.67,26.76
17,EMR,에머슨 일렉트릭,5,120,14,24,59,1.0,10.0,0.0,0.0,10.1,26.3
17,ADM,아처 대니얼스 미들랜드,5,120,14,24,59,1.0,10.0,0.0,0.0,9.68,26.0
17,CVS,CVS 헬스,5,120,14,24,59,1.0,10.0,0.0,0.0,8.17,24.34
17,CCI,크라운 캐슬,5,120,14,24,59,1.0,10.0,0.0,0.0,9.94,23.52
17,ELV,엘레반스 헬스,5,120,14,24,59,1.0,10.0,0.0,0.0,9.99,23.55
17,UDR,UDR,5,120,14,24,54,1.0,10.0,0.0,0.0,8.49,24.53
17,CPT,캠든 프로퍼티 트러스트,5,120,14,24,54,1.0,10.0,0.0,0.0,10.16,23.47
17,FRT,페더럴 리얼티 인베스트먼트 트러스트,5,120,14,24,64,1.0,10.0,0.0,0.0,5.9,26.44
17,CCI,크라운 캐슬,5,120,14,24,54,1.0,10.0,0.0,0.0,9.94,23.52
17,PNC,PNC 파이낸셜 서비스,5,120,14,24,54,1.0,10.0,0.0,0.0,11.04,28.0
17,O,리얼티 인컴,5,120,14,24,54,1.0,10.0,0.0,0.0,6.91,24.34
17,IP,인터내셔널 페이퍼,5,120,14,24,54,1.0,10.0,0.0,0.0,9.11,29.51
17,USB,U.S. 뱅코프,5,120,14,24,54,1.0,10.0,0.0,0.0,7.71,27.64
17,DLR,디지털 리얼티 트러스트,5,120,14,24,54,1.0,10.0,0.0,0.0,10.67,26.76
17,EMR,에머슨 일렉트릭,5,120,14,24,54,1.0,10.0,0.0,0.0,10.1,26.3
17,ADM,아처 대니얼스 미들랜드,5,120,14,24,54,1.0,10.0,0.0,0.0,9.68,26.0
17,CVS,CVS 헬스,5,120,14,24,54,1.0,10.0,0.0,0.0,8.17,24.34
17,ELV,엘레반스 헬스,5,120,14,24,54,1.0,10.0,0.0,0.0,9.99,23.55
17,IFF,인터내셔널 플레이버스 & 프레그런스,5,120,14,24,54,1.0,10.0,0.0,0.0,9.43,26.72
17,SYY,시스코,5,120,14,24,54,1.0,10.0,0.0,0.0,10.24,26.42
17,CSCO.O,시스코 시스템즈,5,120,14,24,54,1.0,10.0,0.0,0.0,9.03,25.97
17,PCAR.O,파카,5,120,14,24,54,1.0,10.0,0.0,0.0,12.07,27.58
17,WELL.K,웰타워,5,120,14,24,54,1.0,10.0,0.0,0.0,11.1,29.09
17,WMT,월마트,5,120,14,24,54,1.0,10.0,0.0,0.0,7.36,26.15
17,CVX,셰브론,5,120,14,24,54,1.0,10.0,0.0,0.0,9.66,27.08
17,WFC,웰스파고,5,120,14,24,54,1.0,10.0,0.0,0.0,10.46,29.47
17,TGT,타겟,5,120,14,24,54,1.0,10.0,0.0,0.0,12.35,27.88
17,CTSH.O,코그니전트 테크놀로지 솔루션,5,120,14,24,54,1.0,10.0,0.0,0.0,11.51,29.02
17,CAH,카디널 헬스,5,120,14,24,54,1.0,10.0,0.0,0.0,11.6,26.49
17,SRE,셈프라 에너지,5,120,14,24,54,1.0,10.0,0.0,0.0,7.02,25.36
17,FIS,피델리티 내셔널 인포메이션 서비스,5,120,14,24,54,1.0,10.0,0.0,0.0,11.44,26.94
17,INVH.K,인비테이션 홈스,5,120,14,24,54,1.0,10.0,0.0,0.0,12.05,26.33
17,DGX,퀘스트 다이아그노스틱스,5,120,14,24,54,1.0,10.0,0.0,0.0,10.34,22.98
17,ESS,에섹스 프로퍼티 트러스트,5,120,14,24,54,1.0,10.0,0.0,0.0,10.3,24.08
17,TROW.O,티 로웨 프라이스 그룹,5,120,14,24,54,1.0,10.0,0.0,0.0,11.05,28.51
17,GRMN.K,가민,5,120,14,24,54,1.0,10.0,0.0,0.0,10.97,26.62
17,EQR,에퀴티 레지덴셜,5,120,14,24,54,1.0,10.0,0.0,0.0,7.53,23.91
17,EIX,에디슨 인터내셔널,5,120,14,24,54,1.0,10.0,0.0,0.0,8.76,23.93
17,OMC,옴니콤 그룹,5,120,14,24,54,1.0,10.0,0.0,0.0,10.38,24.93
17,CNP,센터포인트 에너지,5,120,14,24,54,1.0,10.0,0.0,0.0,9.04,24.5
17,BG,번지 글로벌,5,120,14,24,54,1.0,10.0,0.0,0.0,9.43,28.74
17,AVB,아발론베이 커뮤니티,5,120,14,24,54,1.0,10.0,0.0,0.0,8.34,23.49
17,BFb,브라운-포맨 Class B,5,120,14,24,54,1.0,10.0,0.0,0.0,10.12,22.73
17,ZBH,짐머 바이오멧 홀딩스,5,120,14,24,54,1.0,10.0,0.0,0.0,8.3,25.7
17,CHRW.O,CH 로빈슨 월드와이드,5,120,14,24,54,1.0,10.0,0.0,0.0,6.47,25.11
17,GLW,코닝,5,120,14,24,54,1.0,10.0,0.0,0.0,10.54,29.51
17,ALLE.K,얼리지언,5,120,14,24,54,1.0,10.0,0.0,0.0,12.44,25.98
17,BK,뱅크 오브 뉴욕 멜론,5,120,14,24,54,1.0,10.0,0.0,0.0,10.01,27.06
17,CHRW.O,CH 로빈슨 월드와이드,5,120,14,24,59,1.0,10.0,0.0,0.0,6.47,25.11
17,ZBH,짐머 바이오멧 홀딩스,5,120,14,24,59,1.0,10.0,0.0,0.0,8.3,25.7
17,BFb,브라운-포맨 Class B,5,120,14,24,59,1.0,10.0,0.0,0.0,10.12,22.73
17,ALLE.K,얼리지언,5,120,14,24,64,1.0,10.0,0.0,0.0,12.44,25.98
17,OMC,옴니콤 그룹,5,120,14,24,64,1.0,10.0,0.0,0.0,10.38,24.93
17,CNP,센터포인트 에너지,5,120,14,24,64,1.0,10.0,0.0,0.0,9.04,24.5
17,BG,번지 글로벌,5,120,14,24,64,1.0,10.0,0.0,0.0,9.43,28.74
17,AVB,아발론베이 커뮤니티,5,120,14,24,64,1.0,10.0,0.0,0.0,8.34,23.49
17,BFb,브라운-포맨 Class B,5,120,14,24,64,1.0,10.0,0.0,0.0,10.12,22.73
17,ZBH,짐머 바이오멧 홀딩스,5,120,14,24,64,1.0,10.0,0.0,0.0,8.3,25.7
17,CHRW.O,CH 로빈슨 월드와이드,5,120,14,24,64,1.0,10.0,0.0,0.0,6.47,25.11
17,GLW,코닝,5,120,14,24,64,1.0,10.0,0.0,0.0,10.54,29.51
17,BK,뱅크 오브 뉴욕 멜론,5,120,14,24,64,1.0,10.0,0.0,0.0,10.01,27.06
17,AVB,아발론베이 커뮤니티,5,120,14,24,59,1.0,10.0,0.0,0.0,8.34,23.49
17,FIS,피델리티 내셔널 인포메이션 서비스,5,120,14,24,64,1.0,10.0,0.0,0.0,11.44,26.94
17,SRE,셈프라 에너지,5,120,14,24,64,1.0,10.0,0.0,0.0,7.02,25.36
17,CAH,카디널 헬스,5,120,14,24,64,1.0,10.0,0.0,0.0,11.6,26.49
17,CTSH.O,코그니전트 테크놀로지 솔루션,5,120,14,24,64,1.0,10.0,0.0,0.0,11.51,29.02
17,PNC,PNC 파이낸셜 서비스,5,120,14,24,64,1.0,10.0,0.0,0.0,11.04,28.0
17,O,리얼티 인컴,5,120,14,24,64,1.0,10.0,0.0,0.0,6.91,24.34
17,IP,인터내셔널 페이퍼,5,120,14,24,64,1.0,10.0,0.0,0.0,9.11,29.51
17,USB,U.S. 뱅코프,5,120,14,24,64,1.0,10.0,0.0,0.0,7.71,27.64
17,EIX,에디슨 인터내셔널,5,120,14,24,64,1.0,10.0,0.0,0.0,8.76,23.93
17,EQR,에퀴티 레지덴셜,5,120,14,24,64,1.0,10.0,0.0,0.0,7.53,23.91
17,GRMN.K,가민,5,120,14,24,64,1.0,10.0,0.0,0.0,10.97,26.62
17,TROW.O,티 로웨 프라이스 그룹,5,120,14,24,64,1.0,10.0,0.0,0.0,11.05,28.51
17,L,로우스,5,120,14,24,64,1.0,10.0,0.0,0.0,8.36,23.5
17,JNPR.K,주니퍼 네트웍스,5,120,14,24,64,1.0,10.0,0.0,0.0,9.01,29.2
17,REG.O,리젠시 센터스,5,120,14,24,64,1.0,10.0,0.0,0.0,8.42,28.16
17,HSIC.O,헨리 셰인,5,120,14,24,64,1.0,10.0,0.0,0.0,11.27,24.11
17,NTRS.O,노던 트러스트,5,120,14,24,64,1.0,10.0,0.0,0.0,8.14,28.01
17,BIO,바이오래드 래보라토리스 Class A,5,120,14,24,64,1.0,10.0,0.0,0.0,12.56,27.81
17,MAA,미드아메리카 아파트 커뮤니티,5,120,14,24,64,1.0,10.0,0.0,0.0,10.19,23.18
17,TAP,몰슨 쿠어스 베버리지 Class B,5,120,14,24,64,1.0,10.0,0.0,0.0,4.6,26.42
17,ARE,알렉산드리아 리얼에스테이트 이쿼티,5,120,14,24,64,1.0,10.0,0.0,0.0,7.46,24.61
17,NWSA.O,뉴스 코퍼레이션 Class A,5,120,14,24,64,1.0,10.0,0.0,0.0,9.73,29.18
17,UDR,UDR,5,120,14,24,64,1.0,10.0,0.0,0.0,8.49,24.53
17,LH,랩코프 홀딩스,5,120,14,24,64,1.0,10.0,0.0,0.0,10.79,24.67
17,CPT,캠든 프로퍼티 트러스트,5,120,14,24,64,1.0,10.0,0.0,0.0,10.16,23.47
17,IFF,인터내셔널 플레이버스 & 프레그런스,5,120,14,24,64,1.0,10.0,0.0,0.0,9.43,26.72
17,INVH.K,인비테이션 홈스,5,120,14,24,64,1.0,10.0,0.0,0.0,12.05,26.33
17,DGX,퀘스트 다이아그노스틱스,5,120,14,24,64,1.0,10.0,0.0,0.0,10.34,22.98
17,ESS,에섹스 프로퍼티 트러스트,5,120,14,24,64,1.0,10.0,0.0,0.0,10.3,24.08
17,DLR,디지털 리얼티 트러스트,5,120,14,24,64,1.0,10.0,0.0,0.0,10.67,26.76
17,EMR,에머슨 일렉트릭,5,120,14,24,64,1.0,10.0,0.0,0.0,10.1,26.3
17,ADM,아처 대니얼스 미들랜드,5,120,14,24,64,1.0,10.0,0.0,0.0,9.68,26.0
17,BIO,바이오래드 래보라토리스 Class A,5,120,14,24,59,1.0,10.0,0.0,0.0,12.56,27.81
17,TAP,몰슨 쿠어스 베버리지 Class B,5,120,14,24,59,1.0,10.0,0.0,0.0,4.6,26.42
17,ARE,알렉산드리아 리얼에스테이트 이쿼티,5,120,14,24,59,1.0,10.0,0.0,0.0,7.46,24.61
17,NWSA.O,뉴스 코퍼레이션 Class A,5,120,14,24,59,1.0,10.0,0.0,0.0,9.73,29.18
17,UDR,UDR,5,120,14,24,59,1.0,10.0,0.0,0.0,8.49,24.53
17,LH,랩코프 홀딩스,5,120,14,24,59,1.0,10.0,0.0,0.0,10.79,24.67
17,CPT,캠든 프로퍼티 트러스트,5,120,14,24,59,1.0,10.0,0.0,0.0,10.16,23.47
17,IFF,인터내셔널 플레이버스 & 프레그런스,5,120,14,24,59,1.0,10.0,0.0,0.0,9.43,26.72
17,INVH.K,인비테이션 홈스,5,120,14,24,59,1.0,10.0,0.0,0.0,12.05,26.33
17,DGX,퀘스트 다이아그노스틱스,5,120,14,24,59,1.0,10.0,0.0,0.0,10.34,22.98
17,ESS,에섹스 프로퍼티 트러스트,5,120,14,24,59,1.0,10.0,0.0,0.0,10.3,24.08
17,TROW.O,티 로웨 프라이스 그룹,5,120,14,24,59,1.0,10.0,0.0,0.0,11.05,28.51
17,GRMN.K,가민,5,120,14,24,59,1.0,10.0,0.0,0.0,10.97,26.62
17,EQR,에퀴티 레지덴셜,5,120,14,24,59,1.0,10.0,0.0,0.0,7.53,23.91
17,EIX,에디슨 인터내셔널,5,120,14,24,59,1.0,10.0,0.0,0.0,8.76,23.93
17,OMC,옴니콤 그룹,5,120,14,24,59,1.0,10.0,0.0,0.0,10.38,24.93
17,CNP,센터포인트 에너지,5,120,14,24,59,1.0,10.0,0.0,0.0,9.04,24.5
17,BG,번지 글로벌,5,120,14,24,59,1.0,10.0,0.0,0.0,9.43,28.74
17,MAA,미드아메리카 아파트 커뮤니티,5,120,14,24,59,1.0,10.0,0.0,0.0,10.19,23.18
17,NTRS.O,노던 트러스트,5,120,14,24,59,1.0,10.0,0.0,0.0,8.14,28.01
17,CVS,CVS 헬스,5,120,14,24,64,1.0,10.0,0.0,0.0,8.17,24.34
17,HSIC.O,헨리 셰인,5,120,14,24,59,1.0,10.0,0.0,0.0,11.27,24.11
17,CCI,크라운 캐슬,5,120,14,24,64,1.0,10.0,0.0,0.0,9.94,23.52
17,ELV,엘레반스 헬스,5,120,14,24,64,1.0,10.0,0.0,0.0,9.99,23.55
17,SYY,시스코,5,120,14,24,64,1.0,10.0,0.0,0.0,10.24,26.42
17,CSCO.O,시스코 시스템즈,5,120,14,24,64,1.0,10.0,0.0,0.0,9.03,25.97
17,PCAR.O,파카,5,120,14,24,64,1.0,10.0,0.0,0.0,12.07,27.58
17,WELL.K,웰타워,5,120,14,24,64,1.0,10.0,0.0,0.0,11.1,29.09
17,WMT,월마트,5,120,14,24,64,1.0,10.0,0.0,0.0,7.36,26.15
17,CVX,셰브론,5,120,14,24,64,1.0,10.0,0.0,0.0,9.66,27.08
17,WFC,웰스파고,5,120,14,24,64,1.0,10.0,0.0,0.0,10.46,29.47
17,TGT,타겟,5,120,14,24,64,1.0,10.0,0.0,0.0,12.35,27.88
17,DIS,월트 디즈니,5,120,14,24,64,1.0,10.0,0.0,0.0,11.71,26.12
17,XOM,엑슨 모빌,5,120,14,24,64,1.0,10.0,0.0,0.0,8.31,25.32
17,NWS.O,뉴스 코퍼레이션 Class B,5,120,14,24,59,1.0,10.0,0.0,0.0,10.14,29.04
17,FRT,페더럴 리얼티 인베스트먼트 트러스트,5,120,14,24,59,1.0,10.0,0.0,0.0,5.9,26.44
17,L,로우스,5,120,14,24,59,1.0,10.0,0.0,0.0,8.36,23.5
17,JNPR.K,주니퍼 네트웍스,5,120,14,24,59,1.0,10.0,0.0,0.0,9.01,29.2
17,REG.O,리젠시 센터스,5,120,14,24,59,1.0,10.0,0.0,0.0,8.42,28.16
17,XOM,엑슨 모빌,5,120,14,24,54,1.0,10.0,0.0,0.0,8.31,25.32
