Cluster,Symbol,Name,MA_Short_Window,MA_Long_Window,RSI_Window,RSI_Buy_Threshold,RSI_Sell_Threshold,Stop_Loss_Percent,Take_Profit_Percent,Average_Return,Symbol_sim_return,Return,Std Dev
31,005290,동진쎄미켐,5,60,14,44,54,1.0,10.0,5477.2,30.52,29.33,47.51
31,091580,상신이디피,5,60,14,44,54,1.0,10.0,5477.2,53.18,25.46,51.45
31,084110,휴온스글로벌,5,60,14,44,54,1.0,10.0,5477.2,16.74,24.02,47.17
31,102120,어보브반도체,5,60,14,44,54,1.0,10.0,5477.2,70.86,25.0,50.65
31,083310,엘오티베큠,5,60,14,44,54,1.0,10.0,5477.2,61.67,27.52,50.27
31,144960,뉴파워프라즈마,5,60,14,44,54,1.0,10.0,5477.2,38.03,22.56,48.74
31,083930,아바코,5,60,14,44,54,1.0,10.0,5477.2,13.15,22.36,49.01
31,092730,네오팜,5,60,14,44,54,1.0,10.0,5477.2,18.93,23.73,48.26
31,086980,쇼박스,5,60,14,44,54,1.0,10.0,5477.2,0.69,26.16,51.93
31,079940,가비아,5,60,14,44,54,1.0,10.0,5477.2,138.7,28.38,49.38
31,355150,코스텍시스,5,60,14,44,54,1.0,10.0,5477.2,228645.47,30.69,47.75
31,053610,프로텍,5,60,14,44,54,1.0,10.0,5477.2,51.63,24.54,48.58
31,090470,제이스텍,5,60,14,44,54,1.0,10.0,5477.2,25.56,27.13,49.91
31,066620,국보디자인,5,60,14,44,54,1.0,10.0,5477.2,4.03,25.26,46.6
31,039610,화성밸브,5,60,14,44,54,1.0,10.0,5477.2,51.26,25.09,51.6
31,019540,일지테크,5,60,14,44,54,1.0,10.0,5477.2,12.7,25.16,48.61
31,005670,푸드웰,5,60,14,44,54,1.0,10.0,5477.2,41.81,25.53,47.57
31,007530,와이엠,5,60,14,44,54,1.0,10.0,5477.2,-2.24,23.27,50.16
31,032750,삼진,5,60,14,44,54,1.0,10.0,5477.2,18.7,24.01,50.86
31,263750,펄어비스,5,60,14,44,54,1.0,10.0,5477.2,-14.69,27.73,50.08
31,100790,미래에셋벤처투자,5,60,14,44,54,1.0,10.0,5477.2,44.64,26.8,51.68
31,037070,파세코,5,60,14,44,54,1.0,10.0,5477.2,54.45,25.02,49.09
31,114810,한솔아이원스,5,60,14,44,54,1.0,10.0,5477.2,-5.71,26.71,46.43
31,032500,케이엠더블유,5,60,14,44,54,1.0,10.0,5477.2,-0.47,26.34,50.87
31,031330,에스에이엠티,5,60,14,44,54,1.0,10.0,5477.2,24.7,25.24,50.05
31,222800,심텍,5,60,14,44,54,1.0,10.0,5477.2,-3.59,29.51,49.58
31,067310,하나마이크론,5,60,14,44,54,1.0,10.0,5477.2,8.55,25.2,51.98
31,213420,덕산네오룩스,5,60,14,44,54,1.0,10.0,5477.2,61.71,28.07,49.88
31,101490,에스앤에스텍,5,60,14,44,54,1.0,10.0,5477.2,11.82,28.61,50.84
31,025900,동화기업,5,60,14,44,54,1.0,10.0,5477.2,18.92,25.06,47.84
31,251970,펌텍코리아,5,60,14,44,54,1.0,10.0,5477.2,20.15,26.97,46.19
31,030520,한글과컴퓨터,5,60,14,44,54,1.0,10.0,5477.2,13.42,22.56,47.18
31,060370,LS마린솔루션,5,60,14,44,54,1.0,10.0,5477.2,28.68,27.5,49.16
31,036830,솔브레인홀딩스,5,60,14,44,54,1.0,10.0,5477.2,52.58,28.55,50.06
31,089980,상아프론테크,5,60,14,44,54,1.0,10.0,5477.2,23.24,26.55,49.66
31,243840,신흥에스이씨,5,60,14,44,54,1.0,10.0,5477.2,0.0,27.17,48.44
31,078350,한양디지텍,5,60,14,44,54,1.0,10.0,5477.2,41.05,26.68,50.52
31,126700,하이비젼시스템,5,60,14,44,54,1.0,10.0,5477.2,70.68,26.24,49.88
31,029960,코엔텍,5,60,14,44,54,1.0,10.0,5477.2,9.34,26.21,46.66
31,101160,월덱스,5,60,14,44,54,1.0,10.0,5477.2,16.46,27.45,50.78
31,089970,브이엠,5,60,14,44,54,1.0,10.0,5477.2,240.69,28.09,50.04
31,089010,켐트로닉스,5,60,14,44,54,1.0,10.0,5477.2,34.23,26.9,52.12
31,037070,파세코,5,60,14,44,59,1.0,10.0,5465.42,14.95,25.02,49.09
31,100790,미래에셋벤처투자,5,60,14,44,59,1.0,10.0,5465.42,32.89,26.8,51.68
31,084110,휴온스글로벌,5,60,14,44,59,1.0,10.0,5465.42,19.88,24.02,47.17
31,102120,어보브반도체,5,60,14,44,59,1.0,10.0,5465.42,76.76,25.0,50.65
31,083310,엘오티베큠,5,60,14,44,59,1.0,10.0,5465.42,62.38,27.52,50.27
31,144960,뉴파워프라즈마,5,60,14,44,59,1.0,10.0,5465.42,23.47,22.56,48.74
31,083930,아바코,5,60,14,44,59,1.0,10.0,5465.42,2.54,22.36,49.01
31,092730,네오팜,5,60,14,44,59,1.0,10.0,5465.42,17.81,23.73,48.26
31,086980,쇼박스,5,60,14,44,59,1.0,10.0,5465.42,-5.75,26.16,51.93
31,090470,제이스텍,5,60,14,44,59,1.0,10.0,5465.42,13.02,27.13,49.91
31,079940,가비아,5,60,14,44,59,1.0,10.0,5465.42,72.51,28.38,49.38
31,091580,상신이디피,5,60,14,44,59,1.0,10.0,5465.42,40.93,25.46,51.45
31,355150,코스텍시스,5,60,14,44,59,1.0,10.0,5465.42,228645.47,30.69,47.75
31,114810,한솔아이원스,5,60,14,44,59,1.0,10.0,5465.42,-5.71,26.71,46.43
31,066620,국보디자인,5,60,14,44,59,1.0,10.0,5465.42,8.26,25.26,46.6
31,039610,화성밸브,5,60,14,44,59,1.0,10.0,5465.42,21.77,25.09,51.6
31,019540,일지테크,5,60,14,44,59,1.0,10.0,5465.42,6.43,25.16,48.61
31,005670,푸드웰,5,60,14,44,59,1.0,10.0,5465.42,46.3,25.53,47.57
31,032750,삼진,5,60,14,44,59,1.0,10.0,5465.42,27.02,24.01,50.86
31,053610,프로텍,5,60,14,44,59,1.0,10.0,5465.42,42.49,24.54,48.58
31,007530,와이엠,5,60,14,44,59,1.0,10.0,5465.42,2.28,23.27,50.16
31,031330,에스에이엠티,5,60,14,44,59,1.0,10.0,5465.42,23.16,25.24,50.05
31,030520,한글과컴퓨터,5,60,14,44,59,1.0,10.0,5465.42,11.24,22.56,47.18
31,029960,코엔텍,5,60,14,44,59,1.0,10.0,5465.42,11.79,26.21,46.66
31,263750,펄어비스,5,60,14,44,59,1.0,10.0,5465.42,-14.69,27.73,50.08
31,036830,솔브레인홀딩스,5,60,14,44,59,1.0,10.0,5465.42,30.91,28.55,50.06
31,222800,심텍,5,60,14,44,59,1.0,10.0,5465.42,13.74,29.51,49.58
31,067310,하나마이크론,5,60,14,44,59,1.0,10.0,5465.42,13.45,25.2,51.98
31,213420,덕산네오룩스,5,60,14,44,59,1.0,10.0,5465.42,5.8,28.07,49.88
31,101490,에스앤에스텍,5,60,14,44,59,1.0,10.0,5465.42,22.24,28.61,50.84
31,025900,동화기업,5,60,14,44,59,1.0,10.0,5465.42,11.88,25.06,47.84
31,251970,펌텍코리아,5,60,14,44,59,1.0,10.0,5465.42,23.57,26.97,46.19
31,005290,동진쎄미켐,5,60,14,44,59,1.0,10.0,5465.42,24.04,29.33,47.51
31,060370,LS마린솔루션,5,60,14,44,59,1.0,10.0,5465.42,17.95,27.5,49.16
31,101160,월덱스,5,60,14,44,59,1.0,10.0,5465.42,11.09,27.45,50.78
31,032500,케이엠더블유,5,60,14,44,59,1.0,10.0,5465.42,-4.49,26.34,50.87
31,243840,신흥에스이씨,5,60,14,44,59,1.0,10.0,5465.42,0.0,27.17,48.44
31,126700,하이비젼시스템,5,60,14,44,59,1.0,10.0,5465.42,33.86,26.24,49.88
31,089970,브이엠,5,60,14,44,59,1.0,10.0,5465.42,26.87,28.09,50.04
31,089010,켐트로닉스,5,60,14,44,59,1.0,10.0,5465.42,16.97,26.9,52.12
31,089980,상아프론테크,5,60,14,44,59,1.0,10.0,5465.42,50.44,26.55,49.66
31,078350,한양디지텍,5,60,14,44,59,1.0,10.0,5465.42,52.32,26.68,50.52
31,078350,한양디지텍,5,120,14,44,54,1.0,10.0,621.8,50.95,26.68,50.52
31,126700,하이비젼시스템,5,120,14,44,54,1.0,10.0,621.8,42.49,26.24,49.88
31,060370,LS마린솔루션,5,120,14,44,54,1.0,10.0,621.8,85.74,27.5,49.16
31,243840,신흥에스이씨,5,120,14,44,54,1.0,10.0,621.8,0.0,27.17,48.44
31,101160,월덱스,5,120,14,44,54,1.0,10.0,621.8,28.89,27.45,50.78
31,089970,브이엠,5,120,14,44,54,1.0,10.0,621.8,5444.11,28.09,50.04
31,089010,켐트로닉스,5,120,14,44,54,1.0,10.0,621.8,33.12,26.9,52.12
31,089980,상아프론테크,5,120,14,44,54,1.0,10.0,621.8,21.56,26.55,49.66
31,032500,케이엠더블유,5,120,14,44,54,1.0,10.0,621.8,-0.49,26.34,50.87
31,025900,동화기업,5,120,14,44,54,1.0,10.0,621.8,24.0,25.06,47.84
31,030520,한글과컴퓨터,5,120,14,44,54,1.0,10.0,621.8,17.63,22.56,47.18
31,251970,펌텍코리아,5,120,14,44,54,1.0,10.0,621.8,64.73,26.97,46.19
31,101490,에스앤에스텍,5,120,14,44,54,1.0,10.0,621.8,5.64,28.61,50.84
31,213420,덕산네오룩스,5,120,14,44,54,1.0,10.0,621.8,83.05,28.07,49.88
31,067310,하나마이크론,5,120,14,44,54,1.0,10.0,621.8,1.47,25.2,51.98
31,222800,심텍,5,120,14,44,54,1.0,10.0,621.8,2.02,29.51,49.58
31,031330,에스에이엠티,5,120,14,44,54,1.0,10.0,621.8,39.08,25.24,50.05
31,036830,솔브레인홀딩스,5,120,14,44,54,1.0,10.0,621.8,111.28,28.55,50.06
31,029960,코엔텍,5,120,14,44,54,1.0,10.0,621.8,6.74,26.21,46.66
31,086980,쇼박스,5,120,14,44,54,1.0,10.0,621.8,25.37,26.16,51.93
31,114810,한솔아이원스,5,120,14,44,54,1.0,10.0,621.8,-8.74,26.71,46.43
31,053610,프로텍,5,120,14,44,54,1.0,10.0,621.8,155.89,24.54,48.58
31,005670,푸드웰,5,120,14,44,54,1.0,10.0,621.8,38.02,25.53,47.57
31,019540,일지테크,5,120,14,44,54,1.0,10.0,621.8,29.0,25.16,48.61
31,039610,화성밸브,5,120,14,44,54,1.0,10.0,621.8,44.16,25.09,51.6
31,066620,국보디자인,5,120,14,44,54,1.0,10.0,621.8,7.21,25.26,46.6
31,090470,제이스텍,5,120,14,44,54,1.0,10.0,621.8,13.64,27.13,49.91
31,355150,코스텍시스,5,120,14,44,54,1.0,10.0,621.8,18962.44,30.69,47.75
31,091580,상신이디피,5,120,14,44,54,1.0,10.0,621.8,42.94,25.46,51.45
31,079940,가비아,5,120,14,44,54,1.0,10.0,621.8,281.85,28.38,49.38
31,037070,파세코,5,120,14,44,54,1.0,10.0,621.8,112.13,25.02,49.09
31,263750,펄어비스,5,120,14,44,54,1.0,10.0,621.8,-3.81,27.73,50.08
31,092730,네오팜,5,120,14,44,54,1.0,10.0,621.8,0.86,23.73,48.26
31,083930,아바코,5,120,14,44,54,1.0,10.0,621.8,-0.89,22.36,49.01
31,144960,뉴파워프라즈마,5,120,14,44,54,1.0,10.0,621.8,96.87,22.56,48.74
31,083310,엘오티베큠,5,120,14,44,54,1.0,10.0,621.8,46.91,27.52,50.27
31,102120,어보브반도체,5,120,14,44,54,1.0,10.0,621.8,79.53,25.0,50.65
31,084110,휴온스글로벌,5,120,14,44,54,1.0,10.0,621.8,58.39,24.02,47.17
31,100790,미래에셋벤처투자,5,120,14,44,54,1.0,10.0,621.8,13.81,26.8,51.68
31,005290,동진쎄미켐,5,120,14,44,54,1.0,10.0,621.8,22.65,29.33,47.51
31,007530,와이엠,5,120,14,44,54,1.0,10.0,621.8,23.51,23.27,50.16
31,032750,삼진,5,120,14,44,54,1.0,10.0,621.8,11.82,24.01,50.86
31,007530,와이엠,5,120,14,49,54,1.0,10.0,482.4,7.68,23.27,50.16
31,060370,LS마린솔루션,5,120,14,49,54,1.0,10.0,482.4,37.4,27.5,49.16
31,126700,하이비젼시스템,5,120,14,49,54,1.0,10.0,482.4,18.33,26.24,49.88
31,243840,신흥에스이씨,5,120,14,49,54,1.0,10.0,482.4,25.6,27.17,48.44
31,101160,월덱스,5,120,14,49,54,1.0,10.0,482.4,27.84,27.45,50.78
31,089970,브이엠,5,120,14,49,54,1.0,10.0,482.4,87.06,28.09,50.04
31,089010,켐트로닉스,5,120,14,49,54,1.0,10.0,482.4,41.71,26.9,52.12
31,089980,상아프론테크,5,120,14,49,54,1.0,10.0,482.4,42.34,26.55,49.66
31,032500,케이엠더블유,5,120,14,49,54,1.0,10.0,482.4,-0.49,26.34,50.87
31,030520,한글과컴퓨터,5,120,14,49,54,1.0,10.0,482.4,22.61,22.56,47.18
31,005670,푸드웰,5,120,14,49,54,1.0,10.0,482.4,54.47,25.53,47.57
31,251970,펌텍코리아,5,120,14,49,54,1.0,10.0,482.4,21.11,26.97,46.19
31,025900,동화기업,5,120,14,49,54,1.0,10.0,482.4,22.01,25.06,47.84
31,101490,에스앤에스텍,5,120,14,49,54,1.0,10.0,482.4,-2.28,28.61,50.84
31,213420,덕산네오룩스,5,120,14,49,54,1.0,10.0,482.4,40.21,28.07,49.88
31,067310,하나마이크론,5,120,14,49,54,1.0,10.0,482.4,12.48,25.2,51.98
31,222800,심텍,5,120,14,49,54,1.0,10.0,482.4,21.81,29.51,49.58
31,036830,솔브레인홀딩스,5,120,14,49,54,1.0,10.0,482.4,94.23,28.55,50.06
31,078350,한양디지텍,5,120,14,49,54,1.0,10.0,482.4,28.29,26.68,50.52
31,029960,코엔텍,5,120,14,49,54,1.0,10.0,482.4,21.47,26.21,46.66
31,031330,에스에이엠티,5,120,14,49,54,1.0,10.0,482.4,35.76,25.24,50.05
31,086980,쇼박스,5,120,14,49,54,1.0,10.0,482.4,-0.99,26.16,51.93
31,019540,일지테크,5,120,14,49,54,1.0,10.0,482.4,16.6,25.16,48.61
31,039610,화성밸브,5,120,14,49,54,1.0,10.0,482.4,24.8,25.09,51.6
31,066620,국보디자인,5,120,14,49,54,1.0,10.0,482.4,2.05,25.26,46.6
31,090470,제이스텍,5,120,14,49,54,1.0,10.0,482.4,11.67,27.13,49.91
31,355150,코스텍시스,5,120,14,49,54,1.0,10.0,482.4,18962.44,30.69,47.75
31,091580,상신이디피,5,120,14,49,54,1.0,10.0,482.4,25.79,25.46,51.45
31,079940,가비아,5,120,14,49,54,1.0,10.0,482.4,106.88,28.38,49.38
31,092730,네오팜,5,120,14,49,54,1.0,10.0,482.4,16.86,23.73,48.26
31,114810,한솔아이원스,5,120,14,49,54,1.0,10.0,482.4,-6.09,26.71,46.43
31,083930,아바코,5,120,14,49,54,1.0,10.0,482.4,4.59,22.36,49.01
31,144960,뉴파워프라즈마,5,120,14,49,54,1.0,10.0,482.4,92.95,22.56,48.74
31,083310,엘오티베큠,5,120,14,49,54,1.0,10.0,482.4,77.98,27.52,50.27
31,102120,어보브반도체,5,120,14,49,54,1.0,10.0,482.4,20.15,25.0,50.65
31,084110,휴온스글로벌,5,120,14,49,54,1.0,10.0,482.4,46.61,24.02,47.17
31,100790,미래에셋벤처투자,5,120,14,49,54,1.0,10.0,482.4,33.96,26.8,51.68
31,053610,프로텍,5,120,14,49,54,1.0,10.0,482.4,83.68,24.54,48.58
31,037070,파세코,5,120,14,49,54,1.0,10.0,482.4,26.88,25.02,49.09
31,005290,동진쎄미켐,5,120,14,49,54,1.0,10.0,482.4,23.88,29.33,47.51
31,032750,삼진,5,120,14,49,54,1.0,10.0,482.4,26.5,24.01,50.86
31,263750,펄어비스,5,120,14,49,54,1.0,10.0,482.4,4.07,27.73,50.08
31,091580,상신이디피,5,120,14,44,59,1.0,10.0,477.42,47.7,25.46,51.45
31,102120,어보브반도체,5,120,14,44,59,1.0,10.0,477.42,79.53,25.0,50.65
31,083310,엘오티베큠,5,120,14,44,59,1.0,10.0,477.42,63.24,27.52,50.27
31,144960,뉴파워프라즈마,5,120,14,44,59,1.0,10.0,477.42,57.76,22.56,48.74
31,083930,아바코,5,120,14,44,59,1.0,10.0,477.42,6.89,22.36,49.01
31,092730,네오팜,5,120,14,44,59,1.0,10.0,477.42,3.85,23.73,48.26
31,086980,쇼박스,5,120,14,44,59,1.0,10.0,477.42,8.79,26.16,51.93
31,037070,파세코,5,120,14,44,59,1.0,10.0,477.42,15.7,25.02,49.09
31,079940,가비아,5,120,14,44,59,1.0,10.0,477.42,77.06,28.38,49.38
31,355150,코스텍시스,5,120,14,44,59,1.0,10.0,477.42,18962.44,30.69,47.75
31,100790,미래에셋벤처투자,5,120,14,44,59,1.0,10.0,477.42,7.13,26.8,51.68
31,090470,제이스텍,5,120,14,44,59,1.0,10.0,477.42,5.82,27.13,49.91
31,066620,국보디자인,5,120,14,44,59,1.0,10.0,477.42,13.17,25.26,46.6
31,039610,화성밸브,5,120,14,44,59,1.0,10.0,477.42,47.97,25.09,51.6
31,019540,일지테크,5,120,14,44,59,1.0,10.0,477.42,3.47,25.16,48.61
31,005670,푸드웰,5,120,14,44,59,1.0,10.0,477.42,38.02,25.53,47.57
31,007530,와이엠,5,120,14,44,59,1.0,10.0,477.42,30.53,23.27,50.16
31,032750,삼진,5,120,14,44,59,1.0,10.0,477.42,21.71,24.01,50.86
31,005290,동진쎄미켐,5,120,14,44,59,1.0,10.0,477.42,19.32,29.33,47.51
31,084110,휴온스글로벌,5,120,14,44,59,1.0,10.0,477.42,63.41,24.02,47.17
31,036830,솔브레인홀딩스,5,120,14,44,59,1.0,10.0,477.42,28.51,28.55,50.06
31,053610,프로텍,5,120,14,44,59,1.0,10.0,477.42,70.88,24.54,48.58
31,032500,케이엠더블유,5,120,14,44,59,1.0,10.0,477.42,-3.3,26.34,50.87
31,114810,한솔아이원스,5,120,14,44,59,1.0,10.0,477.42,-8.74,26.71,46.43
31,222800,심텍,5,120,14,44,59,1.0,10.0,477.42,22.04,29.51,49.58
31,067310,하나마이크론,5,120,14,44,59,1.0,10.0,477.42,7.56,25.2,51.98
31,213420,덕산네오룩스,5,120,14,44,59,1.0,10.0,477.42,7.68,28.07,49.88
31,101490,에스앤에스텍,5,120,14,44,59,1.0,10.0,477.42,17.35,28.61,50.84
31,025900,동화기업,5,120,14,44,59,1.0,10.0,477.42,14.06,25.06,47.84
31,251970,펌텍코리아,5,120,14,44,59,1.0,10.0,477.42,70.12,26.97,46.19
31,030520,한글과컴퓨터,5,120,14,44,59,1.0,10.0,477.42,13.74,22.56,47.18
31,060370,LS마린솔루션,5,120,14,44,59,1.0,10.0,477.42,19.87,27.5,49.16
31,263750,펄어비스,5,120,14,44,59,1.0,10.0,477.42,-3.81,27.73,50.08
31,089980,상아프론테크,5,120,14,44,59,1.0,10.0,477.42,21.56,26.55,49.66
31,126700,하이비젼시스템,5,120,14,44,59,1.0,10.0,477.42,26.86,26.24,49.88
31,089010,켐트로닉스,5,120,14,44,59,1.0,10.0,477.42,15.71,26.9,52.12
31,029960,코엔텍,5,120,14,44,59,1.0,10.0,477.42,10.14,26.21,46.66
31,078350,한양디지텍,5,120,14,44,59,1.0,10.0,477.42,63.57,26.68,50.52
31,031330,에스에이엠티,5,120,14,44,59,1.0,10.0,477.42,39.08,25.24,50.05
31,243840,신흥에스이씨,5,120,14,44,59,1.0,10.0,477.42,0.0,27.17,48.44
31,101160,월덱스,5,120,14,44,59,1.0,10.0,477.42,13.35,27.45,50.78
31,089970,브이엠,5,120,14,44,59,1.0,10.0,477.42,31.99,28.09,50.04
31,100790,미래에셋벤처투자,5,120,14,49,59,1.0,10.0,474.48,21.97,26.8,51.68
31,037070,파세코,5,120,14,49,59,1.0,10.0,474.48,6.4,25.02,49.09
31,102120,어보브반도체,5,120,14,49,59,1.0,10.0,474.48,34.26,25.0,50.65
31,083310,엘오티베큠,5,120,14,49,59,1.0,10.0,474.48,39.95,27.52,50.27
31,144960,뉴파워프라즈마,5,120,14,49,59,1.0,10.0,474.48,59.56,22.56,48.74
31,083930,아바코,5,120,14,49,59,1.0,10.0,474.48,0.46,22.36,49.01
31,092730,네오팜,5,120,14,49,59,1.0,10.0,474.48,14.89,23.73,48.26
31,086980,쇼박스,5,120,14,49,59,1.0,10.0,474.48,-6.41,26.16,51.93
31,084110,휴온스글로벌,5,120,14,49,59,1.0,10.0,474.48,49.57,24.02,47.17
31,090470,제이스텍,5,120,14,49,59,1.0,10.0,474.48,8.59,27.13,49.91
31,079940,가비아,5,120,14,49,59,1.0,10.0,474.48,47.19,28.38,49.38
31,091580,상신이디피,5,120,14,49,59,1.0,10.0,474.48,12.63,25.46,51.45
31,355150,코스텍시스,5,120,14,49,59,1.0,10.0,474.48,18962.44,30.69,47.75
31,066620,국보디자인,5,120,14,49,59,1.0,10.0,474.48,7.22,25.26,46.6
31,039610,화성밸브,5,120,14,49,59,1.0,10.0,474.48,17.19,25.09,51.6
31,019540,일지테크,5,120,14,49,59,1.0,10.0,474.48,1.98,25.16,48.61
31,005670,푸드웰,5,120,14,49,59,1.0,10.0,474.48,59.68,25.53,47.57
31,007530,와이엠,5,120,14,49,59,1.0,10.0,474.48,15.92,23.27,50.16
31,114810,한솔아이원스,5,120,14,49,59,1.0,10.0,474.48,-3.51,26.71,46.43
31,053610,프로텍,5,120,14,49,59,1.0,10.0,474.48,42.96,24.54,48.58
31,032500,케이엠더블유,5,120,14,49,59,1.0,10.0,474.48,-3.3,26.34,50.87
31,031330,에스에이엠티,5,120,14,49,59,1.0,10.0,474.48,34.29,25.24,50.05
31,029960,코엔텍,5,120,14,49,59,1.0,10.0,474.48,11.7,26.21,46.66
31,005290,동진쎄미켐,5,120,14,49,59,1.0,10.0,474.48,23.11,29.33,47.51
31,036830,솔브레인홀딩스,5,120,14,49,59,1.0,10.0,474.48,40.59,28.55,50.06
31,222800,심텍,5,120,14,49,59,1.0,10.0,474.48,20.21,29.51,49.58
31,067310,하나마이크론,5,120,14,49,59,1.0,10.0,474.48,7.64,25.2,51.98
31,213420,덕산네오룩스,5,120,14,49,59,1.0,10.0,474.48,9.51,28.07,49.88
31,101490,에스앤에스텍,5,120,14,49,59,1.0,10.0,474.48,7.99,28.61,50.84
31,025900,동화기업,5,120,14,49,59,1.0,10.0,474.48,7.28,25.06,47.84
31,251970,펌텍코리아,5,120,14,49,59,1.0,10.0,474.48,25.47,26.97,46.19
31,030520,한글과컴퓨터,5,120,14,49,59,1.0,10.0,474.48,18.33,22.56,47.18
31,060370,LS마린솔루션,5,120,14,49,59,1.0,10.0,474.48,15.9,27.5,49.16
31,089980,상아프론테크,5,120,14,49,59,1.0,10.0,474.48,78.57,26.55,49.66
31,089010,켐트로닉스,5,120,14,49,59,1.0,10.0,474.48,22.37,26.9,52.12
31,089970,브이엠,5,120,14,49,59,1.0,10.0,474.48,86.05,28.09,50.04
31,101160,월덱스,5,120,14,49,59,1.0,10.0,474.48,18.37,27.45,50.78
31,243840,신흥에스이씨,5,120,14,49,59,1.0,10.0,474.48,29.42,27.17,48.44
31,126700,하이비젼시스템,5,120,14,49,59,1.0,10.0,474.48,20.44,26.24,49.88
31,078350,한양디지텍,5,120,14,49,59,1.0,10.0,474.48,35.98,26.68,50.52
31,263750,펄어비스,5,120,14,49,59,1.0,10.0,474.48,6.87,27.73,50.08
31,032750,삼진,5,120,14,49,59,1.0,10.0,474.48,18.47,24.01,50.86
31,029960,코엔텍,5,60,14,44,69,1.0,10.0,66.78,25.4,26.21,46.66
31,032500,케이엠더블유,5,60,14,44,69,1.0,10.0,66.78,-0.93,26.34,50.87
31,031330,에스에이엠티,5,60,14,44,69,1.0,10.0,66.78,25.56,25.24,50.05
31,078350,한양디지텍,5,60,14,44,69,1.0,10.0,66.78,22.43,26.68,50.52
31,126700,하이비젼시스템,5,60,14,44,69,1.0,10.0,66.78,40.66,26.24,49.88
31,243840,신흥에스이씨,5,60,14,44,69,1.0,10.0,66.78,0.0,27.17,48.44
31,101160,월덱스,5,60,14,44,69,1.0,10.0,66.78,1.97,27.45,50.78
31,089970,브이엠,5,60,14,44,69,1.0,10.0,66.78,26.87,28.09,50.04
31,089010,켐트로닉스,5,60,14,44,69,1.0,10.0,66.78,22.98,26.9,52.12
31,089980,상아프론테크,5,60,14,44,69,1.0,10.0,66.78,81.24,26.55,49.66
31,060370,LS마린솔루션,5,60,14,44,69,1.0,10.0,66.78,27.2,27.5,49.16
31,263750,펄어비스,5,60,14,44,69,1.0,10.0,66.78,-14.69,27.73,50.08
31,030520,한글과컴퓨터,5,60,14,44,69,1.0,10.0,66.78,13.78,22.56,47.18
31,251970,펌텍코리아,5,60,14,44,69,1.0,10.0,66.78,46.96,26.97,46.19
31,025900,동화기업,5,60,14,44,69,1.0,10.0,66.78,18.08,25.06,47.84
31,101490,에스앤에스텍,5,60,14,44,69,1.0,10.0,66.78,33.81,28.61,50.84
31,213420,덕산네오룩스,5,60,14,44,69,1.0,10.0,66.78,5.8,28.07,49.88
31,067310,하나마이크론,5,60,14,44,69,1.0,10.0,66.78,27.74,25.2,51.98
31,222800,심텍,5,60,14,44,69,1.0,10.0,66.78,40.31,29.51,49.58
31,036830,솔브레인홀딩스,5,60,14,44,69,1.0,10.0,66.78,49.82,28.55,50.06
31,114810,한솔아이원스,5,60,14,44,69,1.0,10.0,66.78,1.87,26.71,46.43
31,053610,프로텍,5,60,14,44,69,1.0,10.0,66.78,20.28,24.54,48.58
31,100790,미래에셋벤처투자,5,60,14,44,69,1.0,10.0,66.78,51.14,26.8,51.68
31,084110,휴온스글로벌,5,60,14,44,69,1.0,10.0,66.78,15.56,24.02,47.17
31,032750,삼진,5,60,14,44,69,1.0,10.0,66.78,15.59,24.01,50.86
31,007530,와이엠,5,60,14,44,69,1.0,10.0,66.78,15.54,23.27,50.16
31,005670,푸드웰,5,60,14,44,69,1.0,10.0,66.78,20.43,25.53,47.57
31,019540,일지테크,5,60,14,44,69,1.0,10.0,66.78,-4.56,25.16,48.61
31,039610,화성밸브,5,60,14,44,69,1.0,10.0,66.78,7.25,25.09,51.6
31,066620,국보디자인,5,60,14,44,69,1.0,10.0,66.78,13.03,25.26,46.6
31,090470,제이스텍,5,60,14,44,69,1.0,10.0,66.78,1.89,27.13,49.91
31,355150,코스텍시스,5,60,14,44,69,1.0,10.0,66.78,1822.56,30.69,47.75
31,091580,상신이디피,5,60,14,44,69,1.0,10.0,66.78,36.6,25.46,51.45
31,079940,가비아,5,60,14,44,69,1.0,10.0,66.78,79.84,28.38,49.38
31,037070,파세코,5,60,14,44,69,1.0,10.0,66.78,27.45,25.02,49.09
31,086980,쇼박스,5,60,14,44,69,1.0,10.0,66.78,4.78,26.16,51.93
31,092730,네오팜,5,60,14,44,69,1.0,10.0,66.78,11.3,23.73,48.26
31,083930,아바코,5,60,14,44,69,1.0,10.0,66.78,7.49,22.36,49.01
31,144960,뉴파워프라즈마,5,60,14,44,69,1.0,10.0,66.78,26.33,22.56,48.74
31,083310,엘오티베큠,5,60,14,44,69,1.0,10.0,66.78,25.79,27.52,50.27
31,102120,어보브반도체,5,60,14,44,69,1.0,10.0,66.78,69.05,25.0,50.65
31,005290,동진쎄미켐,5,60,14,44,69,1.0,10.0,66.78,40.71,29.33,47.51
31,263750,펄어비스,5,60,14,44,64,1.0,10.0,65.95,-14.69,27.73,50.08
31,032750,삼진,5,60,14,44,64,1.0,10.0,65.95,10.37,24.01,50.86
31,060370,LS마린솔루션,5,60,14,44,64,1.0,10.0,65.95,27.2,27.5,49.16
31,078350,한양디지텍,5,60,14,44,64,1.0,10.0,65.95,45.76,26.68,50.52
31,126700,하이비젼시스템,5,60,14,44,64,1.0,10.0,65.95,35.12,26.24,49.88
31,243840,신흥에스이씨,5,60,14,44,64,1.0,10.0,65.95,0.0,27.17,48.44
31,101160,월덱스,5,60,14,44,64,1.0,10.0,65.95,1.97,27.45,50.78
31,089970,브이엠,5,60,14,44,64,1.0,10.0,65.95,26.87,28.09,50.04
31,089010,켐트로닉스,5,60,14,44,64,1.0,10.0,65.95,16.63,26.9,52.12
31,089980,상아프론테크,5,60,14,44,64,1.0,10.0,65.95,51.62,26.55,49.66
31,032500,케이엠더블유,5,60,14,44,64,1.0,10.0,65.95,-4.49,26.34,50.87
31,030520,한글과컴퓨터,5,60,14,44,64,1.0,10.0,65.95,14.53,22.56,47.18
31,031330,에스에이엠티,5,60,14,44,64,1.0,10.0,65.95,26.09,25.24,50.05
31,251970,펌텍코리아,5,60,14,44,64,1.0,10.0,65.95,41.28,26.97,46.19
31,025900,동화기업,5,60,14,44,64,1.0,10.0,65.95,18.08,25.06,47.84
31,101490,에스앤에스텍,5,60,14,44,64,1.0,10.0,65.95,24.54,28.61,50.84
31,213420,덕산네오룩스,5,60,14,44,64,1.0,10.0,65.95,5.8,28.07,49.88
31,067310,하나마이크론,5,60,14,44,64,1.0,10.0,65.95,22.01,25.2,51.98
31,222800,심텍,5,60,14,44,64,1.0,10.0,65.95,13.74,29.51,49.58
31,036830,솔브레인홀딩스,5,60,14,44,64,1.0,10.0,65.95,41.84,28.55,50.06
31,007530,와이엠,5,60,14,44,64,1.0,10.0,65.95,11.86,23.27,50.16
31,029960,코엔텍,5,60,14,44,64,1.0,10.0,65.95,18.05,26.21,46.66
31,005290,동진쎄미켐,5,60,14,44,64,1.0,10.0,65.95,35.81,29.33,47.51
31,114810,한솔아이원스,5,60,14,44,64,1.0,10.0,65.95,-5.71,26.71,46.43
31,037070,파세코,5,60,14,44,64,1.0,10.0,65.95,20.98,25.02,49.09
31,053610,프로텍,5,60,14,44,64,1.0,10.0,65.95,40.91,24.54,48.58
31,019540,일지테크,5,60,14,44,64,1.0,10.0,65.95,-1.36,25.16,48.61
31,039610,화성밸브,5,60,14,44,64,1.0,10.0,65.95,7.25,25.09,51.6
31,066620,국보디자인,5,60,14,44,64,1.0,10.0,65.95,9.5,25.26,46.6
31,090470,제이스텍,5,60,14,44,64,1.0,10.0,65.95,1.89,27.13,49.91
31,355150,코스텍시스,5,60,14,44,64,1.0,10.0,65.95,1822.56,30.69,47.75
31,091580,상신이디피,5,60,14,44,64,1.0,10.0,65.95,33.08,25.46,51.45
31,079940,가비아,5,60,14,44,64,1.0,10.0,65.95,63.88,28.38,49.38
31,005670,푸드웰,5,60,14,44,64,1.0,10.0,65.95,43.18,25.53,47.57
31,086980,쇼박스,5,60,14,44,64,1.0,10.0,65.95,1.47,26.16,51.93
31,083930,아바코,5,60,14,44,64,1.0,10.0,65.95,9.52,22.36,49.01
31,144960,뉴파워프라즈마,5,60,14,44,64,1.0,10.0,65.95,23.77,22.56,48.74
31,083310,엘오티베큠,5,60,14,44,64,1.0,10.0,65.95,73.93,27.52,50.27
31,102120,어보브반도체,5,60,14,44,64,1.0,10.0,65.95,77.84,25.0,50.65
31,084110,휴온스글로벌,5,60,14,44,64,1.0,10.0,65.95,21.23,24.02,47.17
31,100790,미래에셋벤처투자,5,60,14,44,64,1.0,10.0,65.95,48.31,26.8,51.68
31,092730,네오팜,5,60,14,44,64,1.0,10.0,65.95,7.54,23.73,48.26
31,126700,하이비젼시스템,5,60,14,44,74,1.0,10.0,65.54,28.24,26.24,49.88
31,101160,월덱스,5,60,14,44,74,1.0,10.0,65.54,5.69,27.45,50.78
31,243840,신흥에스이씨,5,60,14,44,74,1.0,10.0,65.54,0.0,27.17,48.44
31,114810,한솔아이원스,5,60,14,44,74,1.0,10.0,65.54,3.37,26.71,46.43
31,078350,한양디지텍,5,60,14,44,74,1.0,10.0,65.54,32.38,26.68,50.52
31,029960,코엔텍,5,60,14,44,74,1.0,10.0,65.54,28.03,26.21,46.66
31,031330,에스에이엠티,5,60,14,44,74,1.0,10.0,65.54,31.61,25.24,50.05
31,089970,브이엠,5,60,14,44,74,1.0,10.0,65.54,26.87,28.09,50.04
31,067310,하나마이크론,5,60,14,44,74,1.0,10.0,65.54,19.18,25.2,51.98
31,060370,LS마린솔루션,5,60,14,44,74,1.0,10.0,65.54,14.6,27.5,49.16
31,089010,켐트로닉스,5,60,14,44,74,1.0,10.0,65.54,26.31,26.9,52.12
31,089980,상아프론테크,5,60,14,44,74,1.0,10.0,65.54,50.16,26.55,49.66
31,032500,케이엠더블유,5,60,14,44,74,1.0,10.0,65.54,12.45,26.34,50.87
31,030520,한글과컴퓨터,5,60,14,44,74,1.0,10.0,65.54,3.33,22.56,47.18
31,251970,펌텍코리아,5,60,14,44,74,1.0,10.0,65.54,52.33,26.97,46.19
31,025900,동화기업,5,60,14,44,74,1.0,10.0,65.54,26.46,25.06,47.84
31,101490,에스앤에스텍,5,60,14,44,74,1.0,10.0,65.54,42.65,28.61,50.84
31,213420,덕산네오룩스,5,60,14,44,74,1.0,10.0,65.54,5.8,28.07,49.88
31,100790,미래에셋벤처투자,5,60,14,44,74,1.0,10.0,65.54,72.77,26.8,51.68
31,053610,프로텍,5,60,14,44,74,1.0,10.0,65.54,14.7,24.54,48.58
31,079940,가비아,5,60,14,44,74,1.0,10.0,65.54,53.51,28.38,49.38
31,084110,휴온스글로벌,5,60,14,44,74,1.0,10.0,65.54,15.56,24.02,47.17
31,102120,어보브반도체,5,60,14,44,74,1.0,10.0,65.54,69.05,25.0,50.65
31,036830,솔브레인홀딩스,5,60,14,44,74,1.0,10.0,65.54,19.67,28.55,50.06
31,263750,펄어비스,5,60,14,44,74,1.0,10.0,65.54,-14.69,27.73,50.08
31,032750,삼진,5,60,14,44,74,1.0,10.0,65.54,16.73,24.01,50.86
31,007530,와이엠,5,60,14,44,74,1.0,10.0,65.54,27.8,23.27,50.16
31,005670,푸드웰,5,60,14,44,74,1.0,10.0,65.54,13.83,25.53,47.57
31,019540,일지테크,5,60,14,44,74,1.0,10.0,65.54,-4.56,25.16,48.61
31,039610,화성밸브,5,60,14,44,74,1.0,10.0,65.54,11.46,25.09,51.6
31,066620,국보디자인,5,60,14,44,74,1.0,10.0,65.54,1.61,25.26,46.6
31,090470,제이스텍,5,60,14,44,74,1.0,10.0,65.54,1.89,27.13,49.91
31,355150,코스텍시스,5,60,14,44,74,1.0,10.0,65.54,1822.56,30.69,47.75
31,091580,상신이디피,5,60,14,44,74,1.0,10.0,65.54,24.18,25.46,51.45
31,037070,파세코,5,60,14,44,74,1.0,10.0,65.54,34.32,25.02,49.09
31,086980,쇼박스,5,60,14,44,74,1.0,10.0,65.54,-3.89,26.16,51.93
31,092730,네오팜,5,60,14,44,74,1.0,10.0,65.54,12.24,23.73,48.26
31,083930,아바코,5,60,14,44,74,1.0,10.0,65.54,7.49,22.36,49.01
31,144960,뉴파워프라즈마,5,60,14,44,74,1.0,10.0,65.54,26.33,22.56,48.74
31,083310,엘오티베큠,5,60,14,44,74,1.0,10.0,65.54,37.35,27.52,50.27
31,222800,심텍,5,60,14,44,74,1.0,10.0,65.54,40.31,29.51,49.58
31,005290,동진쎄미켐,5,60,14,44,74,1.0,10.0,65.54,43.11,29.33,47.51
31,089980,상아프론테크,5,60,14,44,79,1.0,10.0,60.14,26.1,26.55,49.66
31,030520,한글과컴퓨터,5,60,14,44,79,1.0,10.0,60.14,3.33,22.56,47.18
31,029960,코엔텍,5,60,14,44,79,1.0,10.0,60.14,34.75,26.21,46.66
31,078350,한양디지텍,5,60,14,44,79,1.0,10.0,60.14,41.22,26.68,50.52
31,243840,신흥에스이씨,5,60,14,44,79,1.0,10.0,60.14,0.0,27.17,48.44
31,101160,월덱스,5,60,14,44,79,1.0,10.0,60.14,5.69,27.45,50.78
31,089970,브이엠,5,60,14,44,79,1.0,10.0,60.14,26.87,28.09,50.04
31,089010,켐트로닉스,5,60,14,44,79,1.0,10.0,60.14,20.02,26.9,52.12
31,032500,케이엠더블유,5,60,14,44,79,1.0,10.0,60.14,21.09,26.34,50.87
31,060370,LS마린솔루션,5,60,14,44,79,1.0,10.0,60.14,14.6,27.5,49.16
31,251970,펌텍코리아,5,60,14,44,79,1.0,10.0,60.14,30.31,26.97,46.19
31,114810,한솔아이원스,5,60,14,44,79,1.0,10.0,60.14,3.37,26.71,46.43
31,025900,동화기업,5,60,14,44,79,1.0,10.0,60.14,26.46,25.06,47.84
31,101490,에스앤에스텍,5,60,14,44,79,1.0,10.0,60.14,31.41,28.61,50.84
31,213420,덕산네오룩스,5,60,14,44,79,1.0,10.0,60.14,5.8,28.07,49.88
31,067310,하나마이크론,5,60,14,44,79,1.0,10.0,60.14,15.67,25.2,51.98
31,222800,심텍,5,60,14,44,79,1.0,10.0,60.14,52.08,29.51,49.58
31,036830,솔브레인홀딩스,5,60,14,44,79,1.0,10.0,60.14,18.46,28.55,50.06
31,005290,동진쎄미켐,5,60,14,44,79,1.0,10.0,60.14,29.9,29.33,47.51
31,263750,펄어비스,5,60,14,44,79,1.0,10.0,60.14,-14.69,27.73,50.08
31,031330,에스에이엠티,5,60,14,44,79,1.0,10.0,60.14,11.86,25.24,50.05
31,126700,하이비젼시스템,5,60,14,44,79,1.0,10.0,60.14,20.34,26.24,49.88
31,053610,프로텍,5,60,14,44,79,1.0,10.0,60.14,16.14,24.54,48.58
31,079940,가비아,5,60,14,44,79,1.0,10.0,60.14,15.96,28.38,49.38
31,032750,삼진,5,60,14,44,79,1.0,10.0,60.14,7.05,24.01,50.86
31,007530,와이엠,5,60,14,44,79,1.0,10.0,60.14,8.69,23.27,50.16
31,005670,푸드웰,5,60,14,44,79,1.0,10.0,60.14,18.49,25.53,47.57
31,019540,일지테크,5,60,14,44,79,1.0,10.0,60.14,-4.56,25.16,48.61
31,039610,화성밸브,5,60,14,44,79,1.0,10.0,60.14,13.35,25.09,51.6
31,066620,국보디자인,5,60,14,44,79,1.0,10.0,60.14,1.61,25.26,46.6
31,100790,미래에셋벤처투자,5,60,14,44,79,1.0,10.0,60.14,72.77,26.8,51.68
31,355150,코스텍시스,5,60,14,44,79,1.0,10.0,60.14,1822.56,30.69,47.75
31,091580,상신이디피,5,60,14,44,79,1.0,10.0,60.14,18.63,25.46,51.45
31,090470,제이스텍,5,60,14,44,79,1.0,10.0,60.14,1.89,27.13,49.91
31,037070,파세코,5,60,14,44,79,1.0,10.0,60.14,19.8,25.02,49.09
31,092730,네오팜,5,60,14,44,79,1.0,10.0,60.14,14.97,23.73,48.26
31,083930,아바코,5,60,14,44,79,1.0,10.0,60.14,6.81,22.36,49.01
31,144960,뉴파워프라즈마,5,60,14,44,79,1.0,10.0,60.14,10.13,22.56,48.74
31,083310,엘오티베큠,5,60,14,44,79,1.0,10.0,60.14,23.11,27.52,50.27
31,102120,어보브반도체,5,60,14,44,79,1.0,10.0,60.14,29.37,25.0,50.65
31,086980,쇼박스,5,60,14,44,79,1.0,10.0,60.14,-3.89,26.16,51.93
31,084110,휴온스글로벌,5,60,14,44,79,1.0,10.0,60.14,8.45,24.02,47.17
31,083930,아바코,5,120,14,39,54,1.0,10.0,55.67,0.0,22.36,49.01
31,037070,파세코,5,120,14,39,54,1.0,10.0,55.67,17.74,25.02,49.09
31,086980,쇼박스,5,120,14,39,54,1.0,10.0,55.67,7.21,26.16,51.93
31,092730,네오팜,5,120,14,39,54,1.0,10.0,55.67,217.55,23.73,48.26
31,102120,어보브반도체,5,120,14,39,54,1.0,10.0,55.67,79.53,25.0,50.65
31,144960,뉴파워프라즈마,5,120,14,39,54,1.0,10.0,55.67,53.51,22.56,48.74
31,083310,엘오티베큠,5,120,14,39,54,1.0,10.0,55.67,13.78,27.52,50.27
31,091580,상신이디피,5,120,14,39,54,1.0,10.0,55.67,9.56,25.46,51.45
31,084110,휴온스글로벌,5,120,14,39,54,1.0,10.0,55.67,65.42,24.02,47.17
31,079940,가비아,5,120,14,39,54,1.0,10.0,55.67,0.0,28.38,49.38
31,263750,펄어비스,5,120,14,39,54,1.0,10.0,55.67,175.86,27.73,50.08
31,355150,코스텍시스,5,120,14,39,54,1.0,10.0,55.67,0.0,30.69,47.75
31,090470,제이스텍,5,120,14,39,54,1.0,10.0,55.67,68.35,27.13,49.91
31,066620,국보디자인,5,120,14,39,54,1.0,10.0,55.67,0.0,25.26,46.6
31,039610,화성밸브,5,120,14,39,54,1.0,10.0,55.67,0.0,25.09,51.6
31,019540,일지테크,5,120,14,39,54,1.0,10.0,55.67,10.91,25.16,48.61
31,005670,푸드웰,5,120,14,39,54,1.0,10.0,55.67,0.0,25.53,47.57
31,007530,와이엠,5,120,14,39,54,1.0,10.0,55.67,63.01,23.27,50.16
31,032750,삼진,5,120,14,39,54,1.0,10.0,55.67,0.0,24.01,50.86
31,053610,프로텍,5,120,14,39,54,1.0,10.0,55.67,0.0,24.54,48.58
31,100790,미래에셋벤처투자,5,120,14,39,54,1.0,10.0,55.67,0.0,26.8,51.68
31,031330,에스에이엠티,5,120,14,39,54,1.0,10.0,55.67,0.0,25.24,50.05
31,114810,한솔아이원스,5,120,14,39,54,1.0,10.0,55.67,100.74,26.71,46.43
31,060370,LS마린솔루션,5,120,14,39,54,1.0,10.0,55.67,51.69,27.5,49.16
31,036830,솔브레인홀딩스,5,120,14,39,54,1.0,10.0,55.67,109.85,28.55,50.06
31,222800,심텍,5,120,14,39,54,1.0,10.0,55.67,980.89,29.51,49.58
31,067310,하나마이크론,5,120,14,39,54,1.0,10.0,55.67,1.47,25.2,51.98
31,213420,덕산네오룩스,5,120,14,39,54,1.0,10.0,55.67,0.0,28.07,49.88
31,101490,에스앤에스텍,5,120,14,39,54,1.0,10.0,55.67,7.54,28.61,50.84
31,025900,동화기업,5,120,14,39,54,1.0,10.0,55.67,27.56,25.06,47.84
31,251970,펌텍코리아,5,120,14,39,54,1.0,10.0,55.67,0.0,26.97,46.19
31,030520,한글과컴퓨터,5,120,14,39,54,1.0,10.0,55.67,-3.79,22.56,47.18
31,005290,동진쎄미켐,5,120,14,39,54,1.0,10.0,55.67,10.97,29.33,47.51
31,032500,케이엠더블유,5,120,14,39,54,1.0,10.0,55.67,-6.92,26.34,50.87
31,089010,켐트로닉스,5,120,14,39,54,1.0,10.0,55.67,0.97,26.9,52.12
31,089970,브이엠,5,120,14,39,54,1.0,10.0,55.67,0.0,28.09,50.04
31,101160,월덱스,5,120,14,39,54,1.0,10.0,55.67,15.88,27.45,50.78
31,243840,신흥에스이씨,5,120,14,39,54,1.0,10.0,55.67,0.0,27.17,48.44
31,126700,하이비젼시스템,5,120,14,39,54,1.0,10.0,55.67,0.0,26.24,49.88
31,078350,한양디지텍,5,120,14,39,54,1.0,10.0,55.67,118.47,26.68,50.52
31,029960,코엔텍,5,120,14,39,54,1.0,10.0,55.67,-3.47,26.21,46.66
31,089980,상아프론테크,5,120,14,39,54,1.0,10.0,55.67,143.7,26.55,49.66
31,243840,신흥에스이씨,5,60,14,34,54,1.0,10.0,52.5,0.0,27.17,48.44
31,089970,브이엠,5,60,14,34,54,1.0,10.0,52.5,0.0,28.09,50.04
31,101160,월덱스,5,60,14,34,54,1.0,10.0,52.5,59.46,27.45,50.78
31,031330,에스에이엠티,5,60,14,34,54,1.0,10.0,52.5,0.0,25.24,50.05
31,126700,하이비젼시스템,5,60,14,34,54,1.0,10.0,52.5,0.0,26.24,49.88
31,078350,한양디지텍,5,60,14,34,54,1.0,10.0,52.5,0.0,26.68,50.52
31,029960,코엔텍,5,60,14,34,54,1.0,10.0,52.5,0.0,26.21,46.66
31,089980,상아프론테크,5,60,14,34,54,1.0,10.0,52.5,117.87,26.55,49.66
31,089010,켐트로닉스,5,60,14,34,54,1.0,10.0,52.5,7.2,26.9,52.12
31,025900,동화기업,5,60,14,34,54,1.0,10.0,52.5,17.69,25.06,47.84
31,032500,케이엠더블유,5,60,14,34,54,1.0,10.0,52.5,9.91,26.34,50.87
31,060370,LS마린솔루션,5,60,14,34,54,1.0,10.0,52.5,0.0,27.5,49.16
31,030520,한글과컴퓨터,5,60,14,34,54,1.0,10.0,52.5,61.92,22.56,47.18
31,251970,펌텍코리아,5,60,14,34,54,1.0,10.0,52.5,0.0,26.97,46.19
31,101490,에스앤에스텍,5,60,14,34,54,1.0,10.0,52.5,0.0,28.61,50.84
31,213420,덕산네오룩스,5,60,14,34,54,1.0,10.0,52.5,0.0,28.07,49.88
31,067310,하나마이크론,5,60,14,34,54,1.0,10.0,52.5,0.0,25.2,51.98
31,222800,심텍,5,60,14,34,54,1.0,10.0,52.5,1088.48,29.51,49.58
31,053610,프로텍,5,60,14,34,54,1.0,10.0,52.5,0.0,24.54,48.58
31,114810,한솔아이원스,5,60,14,34,54,1.0,10.0,52.5,20.75,26.71,46.43
31,079940,가비아,5,60,14,34,54,1.0,10.0,52.5,0.0,28.38,49.38
31,100790,미래에셋벤처투자,5,60,14,34,54,1.0,10.0,52.5,0.0,26.8,51.68
31,084110,휴온스글로벌,5,60,14,34,54,1.0,10.0,52.5,153.9,24.02,47.17
31,032750,삼진,5,60,14,34,54,1.0,10.0,52.5,0.0,24.01,50.86
31,007530,와이엠,5,60,14,34,54,1.0,10.0,52.5,144.05,23.27,50.16
31,005670,푸드웰,5,60,14,34,54,1.0,10.0,52.5,0.0,25.53,47.57
31,019540,일지테크,5,60,14,34,54,1.0,10.0,52.5,16.21,25.16,48.61
31,039610,화성밸브,5,60,14,34,54,1.0,10.0,52.5,0.0,25.09,51.6
31,066620,국보디자인,5,60,14,34,54,1.0,10.0,52.5,0.0,25.26,46.6
31,090470,제이스텍,5,60,14,34,54,1.0,10.0,52.5,206.73,27.13,49.91
31,355150,코스텍시스,5,60,14,34,54,1.0,10.0,52.5,0.0,30.69,47.75
31,091580,상신이디피,5,60,14,34,54,1.0,10.0,52.5,31.35,25.46,51.45
31,005290,동진쎄미켐,5,60,14,34,54,1.0,10.0,52.5,20.04,29.33,47.51
31,037070,파세코,5,60,14,34,54,1.0,10.0,52.5,18.59,25.02,49.09
31,086980,쇼박스,5,60,14,34,54,1.0,10.0,52.5,0.0,26.16,51.93
31,092730,네오팜,5,60,14,34,54,1.0,10.0,52.5,187.22,23.73,48.26
31,083930,아바코,5,60,14,34,54,1.0,10.0,52.5,0.0,22.36,49.01
31,144960,뉴파워프라즈마,5,60,14,34,54,1.0,10.0,52.5,12.68,22.56,48.74
31,083310,엘오티베큠,5,60,14,34,54,1.0,10.0,52.5,31.11,27.52,50.27
31,102120,어보브반도체,5,60,14,34,54,1.0,10.0,52.5,0.0,25.0,50.65
31,036830,솔브레인홀딩스,5,60,14,34,54,1.0,10.0,52.5,0.0,28.55,50.06
31,263750,펄어비스,5,60,14,34,54,1.0,10.0,52.5,0.0,27.73,50.08
31,005670,푸드웰,5,120,14,34,54,1.0,10.0,52.14,0.0,25.53,47.57
31,251970,펌텍코리아,5,120,14,34,54,1.0,10.0,52.14,0.0,26.97,46.19
31,126700,하이비젼시스템,5,120,14,34,54,1.0,10.0,52.14,0.0,26.24,49.88
31,243840,신흥에스이씨,5,120,14,34,54,1.0,10.0,52.14,0.0,27.17,48.44
31,101160,월덱스,5,120,14,34,54,1.0,10.0,52.14,158.58,27.45,50.78
31,089970,브이엠,5,120,14,34,54,1.0,10.0,52.14,0.0,28.09,50.04
31,089010,켐트로닉스,5,120,14,34,54,1.0,10.0,52.14,0.97,26.9,52.12
31,089980,상아프론테크,5,120,14,34,54,1.0,10.0,52.14,126.52,26.55,49.66
31,032500,케이엠더블유,5,120,14,34,54,1.0,10.0,52.14,4.45,26.34,50.87
31,060370,LS마린솔루션,5,120,14,34,54,1.0,10.0,52.14,0.0,27.5,49.16
31,025900,동화기업,5,120,14,34,54,1.0,10.0,52.14,13.06,25.06,47.84
31,029960,코엔텍,5,120,14,34,54,1.0,10.0,52.14,0.0,26.21,46.66
31,101490,에스앤에스텍,5,120,14,34,54,1.0,10.0,52.14,483.17,28.61,50.84
31,213420,덕산네오룩스,5,120,14,34,54,1.0,10.0,52.14,0.0,28.07,49.88
31,067310,하나마이크론,5,120,14,34,54,1.0,10.0,52.14,0.0,25.2,51.98
31,222800,심텍,5,120,14,34,54,1.0,10.0,52.14,980.89,29.51,49.58
31,036830,솔브레인홀딩스,5,120,14,34,54,1.0,10.0,52.14,0.0,28.55,50.06
31,005290,동진쎄미켐,5,120,14,34,54,1.0,10.0,52.14,0.0,29.33,47.51
31,263750,펄어비스,5,120,14,34,54,1.0,10.0,52.14,0.0,27.73,50.08
31,032750,삼진,5,120,14,34,54,1.0,10.0,52.14,0.0,24.01,50.86
31,078350,한양디지텍,5,120,14,34,54,1.0,10.0,52.14,0.0,26.68,50.52
31,030520,한글과컴퓨터,5,120,14,34,54,1.0,10.0,52.14,63.62,22.56,47.18
31,031330,에스에이엠티,5,120,14,34,54,1.0,10.0,52.14,0.0,25.24,50.05
31,086980,쇼박스,5,120,14,34,54,1.0,10.0,52.14,0.0,26.16,51.93
31,114810,한솔아이원스,5,120,14,34,54,1.0,10.0,52.14,100.74,26.71,46.43
31,019540,일지테크,5,120,14,34,54,1.0,10.0,52.14,10.91,25.16,48.61
31,039610,화성밸브,5,120,14,34,54,1.0,10.0,52.14,0.0,25.09,51.6
31,066620,국보디자인,5,120,14,34,54,1.0,10.0,52.14,0.0,25.26,46.6
31,090470,제이스텍,5,120,14,34,54,1.0,10.0,52.14,107.93,27.13,49.91
31,355150,코스텍시스,5,120,14,34,54,1.0,10.0,52.14,0.0,30.69,47.75
31,091580,상신이디피,5,120,14,34,54,1.0,10.0,52.14,9.56,25.46,51.45
31,079940,가비아,5,120,14,34,54,1.0,10.0,52.14,0.0,28.38,49.38
31,037070,파세코,5,120,14,34,54,1.0,10.0,52.14,13.39,25.02,49.09
31,007530,와이엠,5,120,14,34,54,1.0,10.0,52.14,0.0,23.27,50.16
31,092730,네오팜,5,120,14,34,54,1.0,10.0,52.14,0.0,23.73,48.26
31,083930,아바코,5,120,14,34,54,1.0,10.0,52.14,0.0,22.36,49.01
31,144960,뉴파워프라즈마,5,120,14,34,54,1.0,10.0,52.14,0.0,22.56,48.74
31,083310,엘오티베큠,5,120,14,34,54,1.0,10.0,52.14,0.0,27.52,50.27
31,102120,어보브반도체,5,120,14,34,54,1.0,10.0,52.14,0.0,25.0,50.65
31,084110,휴온스글로벌,5,120,14,34,54,1.0,10.0,52.14,116.2,24.02,47.17
31,100790,미래에셋벤처투자,5,120,14,34,54,1.0,10.0,52.14,0.0,26.8,51.68
31,053610,프로텍,5,120,14,34,54,1.0,10.0,52.14,0.0,24.54,48.58
31,243840,신흥에스이씨,5,60,14,39,54,1.0,10.0,44.15,0.0,27.17,48.44
31,089010,켐트로닉스,5,60,14,39,54,1.0,10.0,44.15,21.05,26.9,52.12
31,089970,브이엠,5,60,14,39,54,1.0,10.0,44.15,0.0,28.09,50.04
31,101160,월덱스,5,60,14,39,54,1.0,10.0,44.15,22.52,27.45,50.78
31,031330,에스에이엠티,5,60,14,39,54,1.0,10.0,44.15,0.0,25.24,50.05
31,126700,하이비젼시스템,5,60,14,39,54,1.0,10.0,44.15,32.77,26.24,49.88
31,078350,한양디지텍,5,60,14,39,54,1.0,10.0,44.15,72.63,26.68,50.52
31,029960,코엔텍,5,60,14,39,54,1.0,10.0,44.15,-1.82,26.21,46.66
31,032500,케이엠더블유,5,60,14,39,54,1.0,10.0,44.15,-0.15,26.34,50.87
31,089980,상아프론테크,5,60,14,39,54,1.0,10.0,44.15,111.75,26.55,49.66
31,025900,동화기업,5,60,14,39,54,1.0,10.0,44.15,31.63,25.06,47.84
31,060370,LS마린솔루션,5,60,14,39,54,1.0,10.0,44.15,45.75,27.5,49.16
31,030520,한글과컴퓨터,5,60,14,39,54,1.0,10.0,44.15,17.17,22.56,47.18
31,251970,펌텍코리아,5,60,14,39,54,1.0,10.0,44.15,0.0,26.97,46.19
31,114810,한솔아이원스,5,60,14,39,54,1.0,10.0,44.15,2.11,26.71,46.43
31,101490,에스앤에스텍,5,60,14,39,54,1.0,10.0,44.15,3.92,28.61,50.84
31,213420,덕산네오룩스,5,60,14,39,54,1.0,10.0,44.15,0.0,28.07,49.88
31,067310,하나마이크론,5,60,14,39,54,1.0,10.0,44.15,3.03,25.2,51.98
31,222800,심텍,5,60,14,39,54,1.0,10.0,44.15,-3.59,29.51,49.58
31,036830,솔브레인홀딩스,5,60,14,39,54,1.0,10.0,44.15,113.21,28.55,50.06
31,005290,동진쎄미켐,5,60,14,39,54,1.0,10.0,44.15,50.56,29.33,47.51
31,263750,펄어비스,5,60,14,39,54,1.0,10.0,44.15,625.35,27.73,50.08
31,100790,미래에셋벤처투자,5,60,14,39,54,1.0,10.0,44.15,0.0,26.8,51.68
31,355150,코스텍시스,5,60,14,39,54,1.0,10.0,44.15,0.0,30.69,47.75
31,084110,휴온스글로벌,5,60,14,39,54,1.0,10.0,44.15,54.71,24.02,47.17
31,032750,삼진,5,60,14,39,54,1.0,10.0,44.15,51.55,24.01,50.86
31,007530,와이엠,5,60,14,39,54,1.0,10.0,44.15,72.63,23.27,50.16
31,005670,푸드웰,5,60,14,39,54,1.0,10.0,44.15,0.0,25.53,47.57
31,019540,일지테크,5,60,14,39,54,1.0,10.0,44.15,16.21,25.16,48.61
31,039610,화성밸브,5,60,14,39,54,1.0,10.0,44.15,0.0,25.09,51.6
31,066620,국보디자인,5,60,14,39,54,1.0,10.0,44.15,32.06,25.26,46.6
31,090470,제이스텍,5,60,14,39,54,1.0,10.0,44.15,96.6,27.13,49.91
31,053610,프로텍,5,60,14,39,54,1.0,10.0,44.15,124.85,24.54,48.58
31,091580,상신이디피,5,60,14,39,54,1.0,10.0,44.15,69.48,25.46,51.45
31,083930,아바코,5,60,14,39,54,1.0,10.0,44.15,10.62,22.36,49.01
31,079940,가비아,5,60,14,39,54,1.0,10.0,44.15,0.0,28.38,49.38
31,083310,엘오티베큠,5,60,14,39,54,1.0,10.0,44.15,31.11,27.52,50.27
31,144960,뉴파워프라즈마,5,60,14,39,54,1.0,10.0,44.15,21.67,22.56,48.74
31,102120,어보브반도체,5,60,14,39,54,1.0,10.0,44.15,86.56,25.0,50.65
31,092730,네오팜,5,60,14,39,54,1.0,10.0,44.15,27.22,23.73,48.26
31,086980,쇼박스,5,60,14,39,54,1.0,10.0,44.15,0.05,26.16,51.93
31,037070,파세코,5,60,14,39,54,1.0,10.0,44.15,10.93,25.02,49.09
31,086980,쇼박스,5,60,14,39,59,1.0,10.0,41.43,0.05,26.16,51.93
31,084110,휴온스글로벌,5,60,14,39,59,1.0,10.0,41.43,59.01,24.02,47.17
31,102120,어보브반도체,5,60,14,39,59,1.0,10.0,41.43,86.56,25.0,50.65
31,083310,엘오티베큠,5,60,14,39,59,1.0,10.0,41.43,58.76,27.52,50.27
31,144960,뉴파워프라즈마,5,60,14,39,59,1.0,10.0,41.43,23.47,22.56,48.74
31,083930,아바코,5,60,14,39,59,1.0,10.0,41.43,23.21,22.36,49.01
31,092730,네오팜,5,60,14,39,59,1.0,10.0,41.43,23.79,23.73,48.26
31,100790,미래에셋벤처투자,5,60,14,39,59,1.0,10.0,41.43,0.0,26.8,51.68
31,355150,코스텍시스,5,60,14,39,59,1.0,10.0,41.43,0.0,30.69,47.75
31,037070,파세코,5,60,14,39,59,1.0,10.0,41.43,15.86,25.02,49.09
31,079940,가비아,5,60,14,39,59,1.0,10.0,41.43,0.0,28.38,49.38
31,091580,상신이디피,5,60,14,39,59,1.0,10.0,41.43,26.16,25.46,51.45
31,114810,한솔아이원스,5,60,14,39,59,1.0,10.0,41.43,2.11,26.71,46.43
31,090470,제이스텍,5,60,14,39,59,1.0,10.0,41.43,13.02,27.13,49.91
31,066620,국보디자인,5,60,14,39,59,1.0,10.0,41.43,38.58,25.26,46.6
31,039610,화성밸브,5,60,14,39,59,1.0,10.0,41.43,0.0,25.09,51.6
31,019540,일지테크,5,60,14,39,59,1.0,10.0,41.43,16.21,25.16,48.61
31,005670,푸드웰,5,60,14,39,59,1.0,10.0,41.43,0.0,25.53,47.57
31,007530,와이엠,5,60,14,39,59,1.0,10.0,41.43,72.63,23.27,50.16
31,053610,프로텍,5,60,14,39,59,1.0,10.0,41.43,70.72,24.54,48.58
31,126700,하이비젼시스템,5,60,14,39,59,1.0,10.0,41.43,25.15,26.24,49.88
31,031330,에스에이엠티,5,60,14,39,59,1.0,10.0,41.43,0.0,25.24,50.05
31,029960,코엔텍,5,60,14,39,59,1.0,10.0,41.43,-1.82,26.21,46.66
31,263750,펄어비스,5,60,14,39,59,1.0,10.0,41.43,625.35,27.73,50.08
31,005290,동진쎄미켐,5,60,14,39,59,1.0,10.0,41.43,24.04,29.33,47.51
31,036830,솔브레인홀딩스,5,60,14,39,59,1.0,10.0,41.43,113.21,28.55,50.06
31,222800,심텍,5,60,14,39,59,1.0,10.0,41.43,13.74,29.51,49.58
31,067310,하나마이크론,5,60,14,39,59,1.0,10.0,41.43,8.6,25.2,51.98
31,213420,덕산네오룩스,5,60,14,39,59,1.0,10.0,41.43,0.0,28.07,49.88
31,101490,에스앤에스텍,5,60,14,39,59,1.0,10.0,41.43,10.49,28.61,50.84
31,025900,동화기업,5,60,14,39,59,1.0,10.0,41.43,18.77,25.06,47.84
31,251970,펌텍코리아,5,60,14,39,59,1.0,10.0,41.43,0.0,26.97,46.19
31,030520,한글과컴퓨터,5,60,14,39,59,1.0,10.0,41.43,19.93,22.56,47.18
31,060370,LS마린솔루션,5,60,14,39,59,1.0,10.0,41.43,36.03,27.5,49.16
31,089980,상아프론테크,5,60,14,39,59,1.0,10.0,41.43,111.75,26.55,49.66
31,089010,켐트로닉스,5,60,14,39,59,1.0,10.0,41.43,15.04,26.9,52.12
31,089970,브이엠,5,60,14,39,59,1.0,10.0,41.43,0.0,28.09,50.04
31,101160,월덱스,5,60,14,39,59,1.0,10.0,41.43,16.89,27.45,50.78
31,243840,신흥에스이씨,5,60,14,39,59,1.0,10.0,41.43,0.0,27.17,48.44
31,078350,한양디지텍,5,60,14,39,59,1.0,10.0,41.43,72.63,26.68,50.52
31,032500,케이엠더블유,5,60,14,39,59,1.0,10.0,41.43,14.72,26.34,50.87
31,032750,삼진,5,60,14,39,59,1.0,10.0,41.43,85.55,24.01,50.86
31,114810,한솔아이원스,5,60,14,39,64,1.0,10.0,39.72,2.11,26.71,46.43
31,091580,상신이디피,5,60,14,39,64,1.0,10.0,39.72,29.82,25.46,51.45
31,084110,휴온스글로벌,5,60,14,39,64,1.0,10.0,39.72,59.68,24.02,47.17
31,102120,어보브반도체,5,60,14,39,64,1.0,10.0,39.72,61.98,25.0,50.65
31,083310,엘오티베큠,5,60,14,39,64,1.0,10.0,39.72,58.76,27.52,50.27
31,144960,뉴파워프라즈마,5,60,14,39,64,1.0,10.0,39.72,23.77,22.56,48.74
31,083930,아바코,5,60,14,39,64,1.0,10.0,39.72,27.06,22.36,49.01
31,092730,네오팜,5,60,14,39,64,1.0,10.0,39.72,10.03,23.73,48.26
31,086980,쇼박스,5,60,14,39,64,1.0,10.0,39.72,10.66,26.16,51.93
31,079940,가비아,5,60,14,39,64,1.0,10.0,39.72,0.0,28.38,49.38
31,355150,코스텍시스,5,60,14,39,64,1.0,10.0,39.72,0.0,30.69,47.75
31,053610,프로텍,5,60,14,39,64,1.0,10.0,39.72,53.19,24.54,48.58
31,090470,제이스텍,5,60,14,39,64,1.0,10.0,39.72,1.89,27.13,49.91
31,066620,국보디자인,5,60,14,39,64,1.0,10.0,39.72,40.69,25.26,46.6
31,039610,화성밸브,5,60,14,39,64,1.0,10.0,39.72,0.0,25.09,51.6
31,019540,일지테크,5,60,14,39,64,1.0,10.0,39.72,16.21,25.16,48.61
31,005670,푸드웰,5,60,14,39,64,1.0,10.0,39.72,0.0,25.53,47.57
31,007530,와이엠,5,60,14,39,64,1.0,10.0,39.72,134.29,23.27,50.16
31,032750,삼진,5,60,14,39,64,1.0,10.0,39.72,0.05,24.01,50.86
31,263750,펄어비스,5,60,14,39,64,1.0,10.0,39.72,625.35,27.73,50.08
31,100790,미래에셋벤처투자,5,60,14,39,64,1.0,10.0,39.72,0.0,26.8,51.68
31,037070,파세코,5,60,14,39,64,1.0,10.0,39.72,15.86,25.02,49.09
31,031330,에스에이엠티,5,60,14,39,64,1.0,10.0,39.72,0.0,25.24,50.05
31,060370,LS마린솔루션,5,60,14,39,64,1.0,10.0,39.72,44.36,27.5,49.16
31,029960,코엔텍,5,60,14,39,64,1.0,10.0,39.72,-1.82,26.21,46.66
31,036830,솔브레인홀딩스,5,60,14,39,64,1.0,10.0,39.72,78.28,28.55,50.06
31,222800,심텍,5,60,14,39,64,1.0,10.0,39.72,13.74,29.51,49.58
31,067310,하나마이크론,5,60,14,39,64,1.0,10.0,39.72,13.8,25.2,51.98
31,213420,덕산네오룩스,5,60,14,39,64,1.0,10.0,39.72,0.0,28.07,49.88
31,101490,에스앤에스텍,5,60,14,39,64,1.0,10.0,39.72,19.56,28.61,50.84
31,025900,동화기업,5,60,14,39,64,1.0,10.0,39.72,26.42,25.06,47.84
31,251970,펌텍코리아,5,60,14,39,64,1.0,10.0,39.72,0.0,26.97,46.19
31,030520,한글과컴퓨터,5,60,14,39,64,1.0,10.0,39.72,25.17,22.56,47.18
31,005290,동진쎄미켐,5,60,14,39,64,1.0,10.0,39.72,35.81,29.33,47.51
31,032500,케이엠더블유,5,60,14,39,64,1.0,10.0,39.72,14.72,26.34,50.87
31,089980,상아프론테크,5,60,14,39,64,1.0,10.0,39.72,111.4,26.55,49.66
31,089010,켐트로닉스,5,60,14,39,64,1.0,10.0,39.72,14.27,26.9,52.12
31,089970,브이엠,5,60,14,39,64,1.0,10.0,39.72,0.0,28.09,50.04
31,101160,월덱스,5,60,14,39,64,1.0,10.0,39.72,-0.09,27.45,50.78
31,243840,신흥에스이씨,5,60,14,39,64,1.0,10.0,39.72,0.0,27.17,48.44
31,126700,하이비젼시스템,5,60,14,39,64,1.0,10.0,39.72,28.48,26.24,49.88
31,078350,한양디지텍,5,60,14,39,64,1.0,10.0,39.72,72.63,26.68,50.52
31,089970,브이엠,5,60,14,39,69,1.0,10.0,38.37,0.0,28.09,50.04
31,032500,케이엠더블유,5,60,14,39,69,1.0,10.0,38.37,19.89,26.34,50.87
31,089980,상아프론테크,5,60,14,39,69,1.0,10.0,38.37,113.72,26.55,49.66
31,089010,켐트로닉스,5,60,14,39,69,1.0,10.0,38.37,20.91,26.9,52.12
31,078350,한양디지텍,5,60,14,39,69,1.0,10.0,38.37,11.08,26.68,50.52
31,101160,월덱스,5,60,14,39,69,1.0,10.0,38.37,-0.09,27.45,50.78
31,243840,신흥에스이씨,5,60,14,39,69,1.0,10.0,38.37,0.0,27.17,48.44
31,126700,하이비젼시스템,5,60,14,39,69,1.0,10.0,38.37,35.56,26.24,49.88
31,030520,한글과컴퓨터,5,60,14,39,69,1.0,10.0,38.37,21.01,22.56,47.18
31,060370,LS마린솔루션,5,60,14,39,69,1.0,10.0,38.37,44.36,27.5,49.16
31,213420,덕산네오룩스,5,60,14,39,69,1.0,10.0,38.37,0.0,28.07,49.88
31,251970,펌텍코리아,5,60,14,39,69,1.0,10.0,38.37,0.0,26.97,46.19
31,025900,동화기업,5,60,14,39,69,1.0,10.0,38.37,26.42,25.06,47.84
31,101490,에스앤에스텍,5,60,14,39,69,1.0,10.0,38.37,24.19,28.61,50.84
31,031330,에스에이엠티,5,60,14,39,69,1.0,10.0,38.37,0.0,25.24,50.05
31,067310,하나마이크론,5,60,14,39,69,1.0,10.0,38.37,19.33,25.2,51.98
31,222800,심텍,5,60,14,39,69,1.0,10.0,38.37,40.31,29.51,49.58
31,036830,솔브레인홀딩스,5,60,14,39,69,1.0,10.0,38.37,86.11,28.55,50.06
31,005290,동진쎄미켐,5,60,14,39,69,1.0,10.0,38.37,40.71,29.33,47.51
31,263750,펄어비스,5,60,14,39,69,1.0,10.0,38.37,625.35,27.73,50.08
31,029960,코엔텍,5,60,14,39,69,1.0,10.0,38.37,-1.82,26.21,46.66
31,032750,삼진,5,60,14,39,69,1.0,10.0,38.37,0.05,24.01,50.86
31,007530,와이엠,5,60,14,39,69,1.0,10.0,38.37,134.29,23.27,50.16
31,037070,파세코,5,60,14,39,69,1.0,10.0,38.37,30.01,25.02,49.09
31,114810,한솔아이원스,5,60,14,39,69,1.0,10.0,38.37,12.26,26.71,46.43
31,005670,푸드웰,5,60,14,39,69,1.0,10.0,38.37,0.0,25.53,47.57
31,019540,일지테크,5,60,14,39,69,1.0,10.0,38.37,2.74,25.16,48.61
31,039610,화성밸브,5,60,14,39,69,1.0,10.0,38.37,0.0,25.09,51.6
31,066620,국보디자인,5,60,14,39,69,1.0,10.0,38.37,47.79,25.26,46.6
31,355150,코스텍시스,5,60,14,39,69,1.0,10.0,38.37,0.0,30.69,47.75
31,091580,상신이디피,5,60,14,39,69,1.0,10.0,38.37,29.82,25.46,51.45
31,079940,가비아,5,60,14,39,69,1.0,10.0,38.37,0.0,28.38,49.38
31,090470,제이스텍,5,60,14,39,69,1.0,10.0,38.37,1.89,27.13,49.91
31,086980,쇼박스,5,60,14,39,69,1.0,10.0,38.37,15.84,26.16,51.93
31,083930,아바코,5,60,14,39,69,1.0,10.0,38.37,21.57,22.36,49.01
31,144960,뉴파워프라즈마,5,60,14,39,69,1.0,10.0,38.37,26.33,22.56,48.74
31,083310,엘오티베큠,5,60,14,39,69,1.0,10.0,38.37,30.04,27.52,50.27
31,102120,어보브반도체,5,60,14,39,69,1.0,10.0,38.37,61.98,25.0,50.65
31,084110,휴온스글로벌,5,60,14,39,69,1.0,10.0,38.37,31.67,24.02,47.17
31,100790,미래에셋벤처투자,5,60,14,39,69,1.0,10.0,38.37,0.0,26.8,51.68
31,092730,네오팜,5,60,14,39,69,1.0,10.0,38.37,14.14,23.73,48.26
31,053610,프로텍,5,60,14,39,69,1.0,10.0,38.37,24.05,24.54,48.58
31,083310,엘오티베큠,5,120,14,39,64,1.0,10.0,36.66,39.98,27.52,50.27
31,092730,네오팜,5,120,14,39,64,1.0,10.0,36.66,24.6,23.73,48.26
31,083930,아바코,5,120,14,39,64,1.0,10.0,36.66,0.0,22.36,49.01
31,144960,뉴파워프라즈마,5,120,14,39,64,1.0,10.0,36.66,61.22,22.56,48.74
31,053610,프로텍,5,120,14,39,64,1.0,10.0,36.66,0.0,24.54,48.58
31,102120,어보브반도체,5,120,14,39,64,1.0,10.0,36.66,59.64,25.0,50.65
31,084110,휴온스글로벌,5,120,14,39,64,1.0,10.0,36.66,71.48,24.02,47.17
31,100790,미래에셋벤처투자,5,120,14,39,64,1.0,10.0,36.66,0.0,26.8,51.68
31,037070,파세코,5,120,14,39,64,1.0,10.0,36.66,23.76,25.02,49.09
31,086980,쇼박스,5,120,14,39,64,1.0,10.0,36.66,19.67,26.16,51.93
31,032750,삼진,5,120,14,39,64,1.0,10.0,36.66,0.0,24.01,50.86
31,079940,가비아,5,120,14,39,64,1.0,10.0,36.66,0.0,28.38,49.38
31,091580,상신이디피,5,120,14,39,64,1.0,10.0,36.66,26.4,25.46,51.45
31,355150,코스텍시스,5,120,14,39,64,1.0,10.0,36.66,0.0,30.69,47.75
31,090470,제이스텍,5,120,14,39,64,1.0,10.0,36.66,-3.17,27.13,49.91
31,066620,국보디자인,5,120,14,39,64,1.0,10.0,36.66,0.0,25.26,46.6
31,039610,화성밸브,5,120,14,39,64,1.0,10.0,36.66,0.0,25.09,51.6
31,019540,일지테크,5,120,14,39,64,1.0,10.0,36.66,10.91,25.16,48.61
31,005670,푸드웰,5,120,14,39,64,1.0,10.0,36.66,0.0,25.53,47.57
31,031330,에스에이엠티,5,120,14,39,64,1.0,10.0,36.66,0.0,25.24,50.05
31,114810,한솔아이원스,5,120,14,39,64,1.0,10.0,36.66,100.74,26.71,46.43
31,007530,와이엠,5,120,14,39,64,1.0,10.0,36.66,124.27,23.27,50.16
31,213420,덕산네오룩스,5,120,14,39,64,1.0,10.0,36.66,0.0,28.07,49.88
31,030520,한글과컴퓨터,5,120,14,39,64,1.0,10.0,36.66,7.73,22.56,47.18
31,029960,코엔텍,5,120,14,39,64,1.0,10.0,36.66,-3.47,26.21,46.66
31,005290,동진쎄미켐,5,120,14,39,64,1.0,10.0,36.66,5.28,29.33,47.51
31,036830,솔브레인홀딩스,5,120,14,39,64,1.0,10.0,36.66,75.49,28.55,50.06
31,222800,심텍,5,120,14,39,64,1.0,10.0,36.66,334.42,29.51,49.58
31,067310,하나마이크론,5,120,14,39,64,1.0,10.0,36.66,13.19,25.2,51.98
31,101490,에스앤에스텍,5,120,14,39,64,1.0,10.0,36.66,27.38,28.61,50.84
31,025900,동화기업,5,120,14,39,64,1.0,10.0,36.66,27.29,25.06,47.84
31,251970,펌텍코리아,5,120,14,39,64,1.0,10.0,36.66,0.0,26.97,46.19
31,263750,펄어비스,5,120,14,39,64,1.0,10.0,36.66,175.86,27.73,50.08
31,060370,LS마린솔루션,5,120,14,39,64,1.0,10.0,36.66,46.04,27.5,49.16
31,101160,월덱스,5,120,14,39,64,1.0,10.0,36.66,-0.8,27.45,50.78
31,032500,케이엠더블유,5,120,14,39,64,1.0,10.0,36.66,8.61,26.34,50.87
31,126700,하이비젼시스템,5,120,14,39,64,1.0,10.0,36.66,0.0,26.24,49.88
31,243840,신흥에스이씨,5,120,14,39,64,1.0,10.0,36.66,0.0,27.17,48.44
31,078350,한양디지텍,5,120,14,39,64,1.0,10.0,36.66,118.47,26.68,50.52
31,089970,브이엠,5,120,14,39,64,1.0,10.0,36.66,0.0,28.09,50.04
31,089010,켐트로닉스,5,120,14,39,64,1.0,10.0,36.66,4.42,26.9,52.12
31,089980,상아프론테크,5,120,14,39,64,1.0,10.0,36.66,140.36,26.55,49.66
31,060370,LS마린솔루션,5,120,14,39,59,1.0,10.0,35.98,37.2,27.5,49.16
31,078350,한양디지텍,5,120,14,39,59,1.0,10.0,35.98,118.47,26.68,50.52
31,126700,하이비젼시스템,5,120,14,39,59,1.0,10.0,35.98,0.0,26.24,49.88
31,243840,신흥에스이씨,5,120,14,39,59,1.0,10.0,35.98,0.0,27.17,48.44
31,101160,월덱스,5,120,14,39,59,1.0,10.0,35.98,13.35,27.45,50.78
31,089970,브이엠,5,120,14,39,59,1.0,10.0,35.98,0.0,28.09,50.04
31,089010,켐트로닉스,5,120,14,39,59,1.0,10.0,35.98,4.42,26.9,52.12
31,089980,상아프론테크,5,120,14,39,59,1.0,10.0,35.98,143.7,26.55,49.66
31,032500,케이엠더블유,5,120,14,39,59,1.0,10.0,35.98,8.61,26.34,50.87
31,031330,에스에이엠티,5,120,14,39,59,1.0,10.0,35.98,0.0,25.24,50.05
31,263750,펄어비스,5,120,14,39,59,1.0,10.0,35.98,175.86,27.73,50.08
31,030520,한글과컴퓨터,5,120,14,39,59,1.0,10.0,35.98,0.43,22.56,47.18
31,251970,펌텍코리아,5,120,14,39,59,1.0,10.0,35.98,0.0,26.97,46.19
31,025900,동화기업,5,120,14,39,59,1.0,10.0,35.98,19.16,25.06,47.84
31,101490,에스앤에스텍,5,120,14,39,59,1.0,10.0,35.98,15.84,28.61,50.84
31,213420,덕산네오룩스,5,120,14,39,59,1.0,10.0,35.98,0.0,28.07,49.88
31,067310,하나마이크론,5,120,14,39,59,1.0,10.0,35.98,7.56,25.2,51.98
31,222800,심텍,5,120,14,39,59,1.0,10.0,35.98,334.42,29.51,49.58
31,036830,솔브레인홀딩스,5,120,14,39,59,1.0,10.0,35.98,109.85,28.55,50.06
31,005290,동진쎄미켐,5,120,14,39,59,1.0,10.0,35.98,2.01,29.33,47.51
31,029960,코엔텍,5,120,14,39,59,1.0,10.0,35.98,-3.47,26.21,46.66
31,032750,삼진,5,120,14,39,59,1.0,10.0,35.98,0.0,24.01,50.86
31,114810,한솔아이원스,5,120,14,39,59,1.0,10.0,35.98,100.74,26.71,46.43
31,091580,상신이디피,5,120,14,39,59,1.0,10.0,35.98,10.72,25.46,51.45
31,053610,프로텍,5,120,14,39,59,1.0,10.0,35.98,0.0,24.54,48.58
31,007530,와이엠,5,120,14,39,59,1.0,10.0,35.98,63.01,23.27,50.16
31,005670,푸드웰,5,120,14,39,59,1.0,10.0,35.98,0.0,25.53,47.57
31,019540,일지테크,5,120,14,39,59,1.0,10.0,35.98,10.91,25.16,48.61
31,039610,화성밸브,5,120,14,39,59,1.0,10.0,35.98,0.0,25.09,51.6
31,066620,국보디자인,5,120,14,39,59,1.0,10.0,35.98,0.0,25.26,46.6
31,090470,제이스텍,5,120,14,39,59,1.0,10.0,35.98,5.82,27.13,49.91
31,355150,코스텍시스,5,120,14,39,59,1.0,10.0,35.98,0.0,30.69,47.75
31,086980,쇼박스,5,120,14,39,59,1.0,10.0,35.98,7.21,26.16,51.93
31,079940,가비아,5,120,14,39,59,1.0,10.0,35.98,0.0,28.38,49.38
31,092730,네오팜,5,120,14,39,59,1.0,10.0,35.98,69.42,23.73,48.26
31,083930,아바코,5,120,14,39,59,1.0,10.0,35.98,0.0,22.36,49.01
31,144960,뉴파워프라즈마,5,120,14,39,59,1.0,10.0,35.98,41.43,22.56,48.74
31,083310,엘오티베큠,5,120,14,39,59,1.0,10.0,35.98,39.98,27.52,50.27
31,102120,어보브반도체,5,120,14,39,59,1.0,10.0,35.98,79.53,25.0,50.65
31,084110,휴온스글로벌,5,120,14,39,59,1.0,10.0,35.98,71.11,24.02,47.17
31,100790,미래에셋벤처투자,5,120,14,39,59,1.0,10.0,35.98,0.0,26.8,51.68
31,037070,파세코,5,120,14,39,59,1.0,10.0,35.98,23.76,25.02,49.09
31,083310,엘오티베큠,5,120,14,44,64,1.0,10.0,35.15,76.78,27.52,50.27
31,083930,아바코,5,120,14,44,64,1.0,10.0,35.15,15.4,22.36,49.01
31,144960,뉴파워프라즈마,5,120,14,44,64,1.0,10.0,35.15,44.54,22.56,48.74
31,100790,미래에셋벤처투자,5,120,14,44,64,1.0,10.0,35.15,7.13,26.8,51.68
31,102120,어보브반도체,5,120,14,44,64,1.0,10.0,35.15,59.64,25.0,50.65
31,084110,휴온스글로벌,5,120,14,44,64,1.0,10.0,35.15,64.02,24.02,47.17
31,086980,쇼박스,5,120,14,44,64,1.0,10.0,35.15,18.72,26.16,51.93
31,092730,네오팜,5,120,14,44,64,1.0,10.0,35.15,4.3,23.73,48.26
31,355150,코스텍시스,5,120,14,44,64,1.0,10.0,35.15,391.71,30.69,47.75
31,037070,파세코,5,120,14,44,64,1.0,10.0,35.15,22.92,25.02,49.09
31,079940,가비아,5,120,14,44,64,1.0,10.0,35.15,66.18,28.38,49.38
31,091580,상신이디피,5,120,14,44,64,1.0,10.0,35.15,36.69,25.46,51.45
31,114810,한솔아이원스,5,120,14,44,64,1.0,10.0,35.15,-8.74,26.71,46.43
31,090470,제이스텍,5,120,14,44,64,1.0,10.0,35.15,-3.17,27.13,49.91
31,066620,국보디자인,5,120,14,44,64,1.0,10.0,35.15,14.89,25.26,46.6
31,039610,화성밸브,5,120,14,44,64,1.0,10.0,35.15,9.25,25.09,51.6
31,019540,일지테크,5,120,14,44,64,1.0,10.0,35.15,6.15,25.16,48.61
31,005670,푸드웰,5,120,14,44,64,1.0,10.0,35.15,38.02,25.53,47.57
31,007530,와이엠,5,120,14,44,64,1.0,10.0,35.15,48.91,23.27,50.16
31,053610,프로텍,5,120,14,44,64,1.0,10.0,35.15,51.97,24.54,48.58
31,243840,신흥에스이씨,5,120,14,44,64,1.0,10.0,35.15,0.0,27.17,48.44
31,031330,에스에이엠티,5,120,14,44,64,1.0,10.0,35.15,24.25,25.24,50.05
31,025900,동화기업,5,120,14,44,64,1.0,10.0,35.15,20.96,25.06,47.84
31,032750,삼진,5,120,14,44,64,1.0,10.0,35.15,9.97,24.01,50.86
31,263750,펄어비스,5,120,14,44,64,1.0,10.0,35.15,-3.81,27.73,50.08
31,005290,동진쎄미켐,5,120,14,44,64,1.0,10.0,35.15,32.18,29.33,47.51
31,036830,솔브레인홀딩스,5,120,14,44,64,1.0,10.0,35.15,41.66,28.55,50.06
31,222800,심텍,5,120,14,44,64,1.0,10.0,35.15,22.04,29.51,49.58
31,067310,하나마이크론,5,120,14,44,64,1.0,10.0,35.15,13.19,25.2,51.98
31,213420,덕산네오룩스,5,120,14,44,64,1.0,10.0,35.15,7.68,28.07,49.88
31,101490,에스앤에스텍,5,120,14,44,64,1.0,10.0,35.15,25.99,28.61,50.84
31,251970,펌텍코리아,5,120,14,44,64,1.0,10.0,35.15,105.16,26.97,46.19
31,029960,코엔텍,5,120,14,44,64,1.0,10.0,35.15,16.63,26.21,46.66
31,030520,한글과컴퓨터,5,120,14,44,64,1.0,10.0,35.15,17.48,22.56,47.18
31,060370,LS마린솔루션,5,120,14,44,64,1.0,10.0,35.15,29.27,27.5,49.16
31,089980,상아프론테크,5,120,14,44,64,1.0,10.0,35.15,24.14,26.55,49.66
31,089010,켐트로닉스,5,120,14,44,64,1.0,10.0,35.15,15.51,26.9,52.12
31,089970,브이엠,5,120,14,44,64,1.0,10.0,35.15,31.99,28.09,50.04
31,101160,월덱스,5,120,14,44,64,1.0,10.0,35.15,-0.8,27.45,50.78
31,126700,하이비젼시스템,5,120,14,44,64,1.0,10.0,35.15,28.88,26.24,49.88
31,078350,한양디지텍,5,120,14,44,64,1.0,10.0,35.15,51.78,26.68,50.52
31,032500,케이엠더블유,5,120,14,44,64,1.0,10.0,35.15,-3.3,26.34,50.87
31,263750,펄어비스,5,120,14,44,69,1.0,10.0,34.55,-3.81,27.73,50.08
31,032750,삼진,5,120,14,44,69,1.0,10.0,34.55,15.26,24.01,50.86
31,030520,한글과컴퓨터,5,120,14,44,69,1.0,10.0,34.55,15.98,22.56,47.18
31,078350,한양디지텍,5,120,14,44,69,1.0,10.0,34.55,24.91,26.68,50.52
31,126700,하이비젼시스템,5,120,14,44,69,1.0,10.0,34.55,35.01,26.24,49.88
31,243840,신흥에스이씨,5,120,14,44,69,1.0,10.0,34.55,0.0,27.17,48.44
31,101160,월덱스,5,120,14,44,69,1.0,10.0,34.55,-0.8,27.45,50.78
31,089970,브이엠,5,120,14,44,69,1.0,10.0,34.55,31.99,28.09,50.04
31,089010,켐트로닉스,5,120,14,44,69,1.0,10.0,34.55,22.1,26.9,52.12
31,089980,상아프론테크,5,120,14,44,69,1.0,10.0,34.55,34.29,26.55,49.66
31,060370,LS마린솔루션,5,120,14,44,69,1.0,10.0,34.55,29.27,27.5,49.16
31,251970,펌텍코리아,5,120,14,44,69,1.0,10.0,34.55,115.14,26.97,46.19
31,031330,에스에이엠티,5,120,14,44,69,1.0,10.0,34.55,21.35,25.24,50.05
31,025900,동화기업,5,120,14,44,69,1.0,10.0,34.55,20.96,25.06,47.84
31,101490,에스앤에스텍,5,120,14,44,69,1.0,10.0,34.55,36.85,28.61,50.84
31,213420,덕산네오룩스,5,120,14,44,69,1.0,10.0,34.55,7.68,28.07,49.88
31,067310,하나마이크론,5,120,14,44,69,1.0,10.0,34.55,19.06,25.2,51.98
31,222800,심텍,5,120,14,44,69,1.0,10.0,34.55,50.78,29.51,49.58
31,036830,솔브레인홀딩스,5,120,14,44,69,1.0,10.0,34.55,50.5,28.55,50.06
31,005290,동진쎄미켐,5,120,14,44,69,1.0,10.0,34.55,37.28,29.33,47.51
31,007530,와이엠,5,120,14,44,69,1.0,10.0,34.55,43.04,23.27,50.16
31,029960,코엔텍,5,120,14,44,69,1.0,10.0,34.55,24.15,26.21,46.66
31,032500,케이엠더블유,5,120,14,44,69,1.0,10.0,34.55,0.75,26.34,50.87
31,114810,한솔아이원스,5,120,14,44,69,1.0,10.0,34.55,-0.99,26.71,46.43
31,037070,파세코,5,120,14,44,69,1.0,10.0,34.55,30.48,25.02,49.09
31,053610,프로텍,5,120,14,44,69,1.0,10.0,34.55,22.79,24.54,48.58
31,019540,일지테크,5,120,14,44,69,1.0,10.0,34.55,-4.59,25.16,48.61
31,039610,화성밸브,5,120,14,44,69,1.0,10.0,34.55,9.25,25.09,51.6
31,066620,국보디자인,5,120,14,44,69,1.0,10.0,34.55,19.84,25.26,46.6
31,090470,제이스텍,5,120,14,44,69,1.0,10.0,34.55,-3.17,27.13,49.91
31,355150,코스텍시스,5,120,14,44,69,1.0,10.0,34.55,391.71,30.69,47.75
31,091580,상신이디피,5,120,14,44,69,1.0,10.0,34.55,40.96,25.46,51.45
31,079940,가비아,5,120,14,44,69,1.0,10.0,34.55,84.13,28.38,49.38
31,005670,푸드웰,5,120,14,44,69,1.0,10.0,34.55,20.66,25.53,47.57
31,086980,쇼박스,5,120,14,44,69,1.0,10.0,34.55,24.18,26.16,51.93
31,083310,엘오티베큠,5,120,14,44,69,1.0,10.0,34.55,22.74,27.52,50.27
31,092730,네오팜,5,120,14,44,69,1.0,10.0,34.55,8.05,23.73,48.26
31,084110,휴온스글로벌,5,120,14,44,69,1.0,10.0,34.55,32.94,24.02,47.17
31,102120,어보브반도체,5,120,14,44,69,1.0,10.0,34.55,59.64,25.0,50.65
31,100790,미래에셋벤처투자,5,120,14,44,69,1.0,10.0,34.55,7.13,26.8,51.68
31,144960,뉴파워프라즈마,5,120,14,44,69,1.0,10.0,34.55,41.77,22.56,48.74
31,083930,아바코,5,120,14,44,69,1.0,10.0,34.55,11.82,22.36,49.01
31,032500,케이엠더블유,5,60,14,39,74,1.0,10.0,33.85,33.26,26.34,50.87
31,078350,한양디지텍,5,60,14,39,74,1.0,10.0,33.85,23.52,26.68,50.52
31,126700,하이비젼시스템,5,60,14,39,74,1.0,10.0,33.85,18.85,26.24,49.88
31,243840,신흥에스이씨,5,60,14,39,74,1.0,10.0,33.85,0.0,27.17,48.44
31,101160,월덱스,5,60,14,39,74,1.0,10.0,33.85,4.7,27.45,50.78
31,089970,브이엠,5,60,14,39,74,1.0,10.0,33.85,0.0,28.09,50.04
31,029960,코엔텍,5,60,14,39,74,1.0,10.0,33.85,-1.82,26.21,46.66
31,089010,켐트로닉스,5,60,14,39,74,1.0,10.0,33.85,21.67,26.9,52.12
31,089980,상아프론테크,5,60,14,39,74,1.0,10.0,33.85,48.23,26.55,49.66
31,025900,동화기업,5,60,14,39,74,1.0,10.0,33.85,36.84,25.06,47.84
31,060370,LS마린솔루션,5,60,14,39,74,1.0,10.0,33.85,34.91,27.5,49.16
31,030520,한글과컴퓨터,5,60,14,39,74,1.0,10.0,33.85,4.58,22.56,47.18
31,251970,펌텍코리아,5,60,14,39,74,1.0,10.0,33.85,0.0,26.97,46.19
31,101490,에스앤에스텍,5,60,14,39,74,1.0,10.0,33.85,35.18,28.61,50.84
31,213420,덕산네오룩스,5,60,14,39,74,1.0,10.0,33.85,0.0,28.07,49.88
31,067310,하나마이크론,5,60,14,39,74,1.0,10.0,33.85,9.35,25.2,51.98
31,222800,심텍,5,60,14,39,74,1.0,10.0,33.85,40.31,29.51,49.58
31,036830,솔브레인홀딩스,5,60,14,39,74,1.0,10.0,33.85,19.67,28.55,50.06
31,114810,한솔아이원스,5,60,14,39,74,1.0,10.0,33.85,9.08,26.71,46.43
31,031330,에스에이엠티,5,60,14,39,74,1.0,10.0,33.85,0.0,25.24,50.05
31,032750,삼진,5,60,14,39,74,1.0,10.0,33.85,0.05,24.01,50.86
31,053610,프로텍,5,60,14,39,74,1.0,10.0,33.85,16.84,24.54,48.58
31,100790,미래에셋벤처투자,5,60,14,39,74,1.0,10.0,33.85,0.0,26.8,51.68
31,007530,와이엠,5,60,14,39,74,1.0,10.0,33.85,135.17,23.27,50.16
31,005670,푸드웰,5,60,14,39,74,1.0,10.0,33.85,0.0,25.53,47.57
31,019540,일지테크,5,60,14,39,74,1.0,10.0,33.85,2.74,25.16,48.61
31,039610,화성밸브,5,60,14,39,74,1.0,10.0,33.85,0.0,25.09,51.6
31,066620,국보디자인,5,60,14,39,74,1.0,10.0,33.85,2.27,25.26,46.6
31,090470,제이스텍,5,60,14,39,74,1.0,10.0,33.85,1.89,27.13,49.91
31,355150,코스텍시스,5,60,14,39,74,1.0,10.0,33.85,0.0,30.69,47.75
31,091580,상신이디피,5,60,14,39,74,1.0,10.0,33.85,35.82,25.46,51.45
31,079940,가비아,5,60,14,39,74,1.0,10.0,33.85,0.0,28.38,49.38
31,037070,파세코,5,60,14,39,74,1.0,10.0,33.85,30.01,25.02,49.09
31,086980,쇼박스,5,60,14,39,74,1.0,10.0,33.85,-3.89,26.16,51.93
31,092730,네오팜,5,60,14,39,74,1.0,10.0,33.85,15.15,23.73,48.26
31,083930,아바코,5,60,14,39,74,1.0,10.0,33.85,21.57,22.36,49.01
31,144960,뉴파워프라즈마,5,60,14,39,74,1.0,10.0,33.85,26.33,22.56,48.74
31,083310,엘오티베큠,5,60,14,39,74,1.0,10.0,33.85,37.3,27.52,50.27
31,102120,어보브반도체,5,60,14,39,74,1.0,10.0,33.85,61.98,25.0,50.65
31,084110,휴온스글로벌,5,60,14,39,74,1.0,10.0,33.85,31.67,24.02,47.17
31,005290,동진쎄미켐,5,60,14,39,74,1.0,10.0,33.85,43.11,29.33,47.51
31,263750,펄어비스,5,60,14,39,74,1.0,10.0,33.85,625.35,27.73,50.08
31,031330,에스에이엠티,5,120,14,49,69,1.0,10.0,33.76,16.88,25.24,50.05
31,091580,상신이디피,5,120,14,49,69,1.0,10.0,33.76,19.23,25.46,51.45
31,084110,휴온스글로벌,5,120,14,49,69,1.0,10.0,33.76,32.94,24.02,47.17
31,102120,어보브반도체,5,120,14,49,69,1.0,10.0,33.76,37.95,25.0,50.65
31,083310,엘오티베큠,5,120,14,49,69,1.0,10.0,33.76,22.74,27.52,50.27
31,144960,뉴파워프라즈마,5,120,14,49,69,1.0,10.0,33.76,41.77,22.56,48.74
31,083930,아바코,5,120,14,49,69,1.0,10.0,33.76,8.05,22.36,49.01
31,092730,네오팜,5,120,14,49,69,1.0,10.0,33.76,16.46,23.73,48.26
31,086980,쇼박스,5,120,14,49,69,1.0,10.0,33.76,7.24,26.16,51.93
31,079940,가비아,5,120,14,49,69,1.0,10.0,33.76,38.49,28.38,49.38
31,355150,코스텍시스,5,120,14,49,69,1.0,10.0,33.76,391.71,30.69,47.75
31,053610,프로텍,5,120,14,49,69,1.0,10.0,33.76,33.43,24.54,48.58
31,090470,제이스텍,5,120,14,49,69,1.0,10.0,33.76,11.58,27.13,49.91
31,066620,국보디자인,5,120,14,49,69,1.0,10.0,33.76,10.9,25.26,46.6
31,039610,화성밸브,5,120,14,49,69,1.0,10.0,33.76,10.56,25.09,51.6
31,019540,일지테크,5,120,14,49,69,1.0,10.0,33.76,-4.59,25.16,48.61
31,005670,푸드웰,5,120,14,49,69,1.0,10.0,33.76,19.02,25.53,47.57
31,007530,와이엠,5,120,14,49,69,1.0,10.0,33.76,26.07,23.27,50.16
31,032750,삼진,5,120,14,49,69,1.0,10.0,33.76,14.82,24.01,50.86
31,263750,펄어비스,5,120,14,49,69,1.0,10.0,33.76,16.65,27.73,50.08
31,100790,미래에셋벤처투자,5,120,14,49,69,1.0,10.0,33.76,45.01,26.8,51.68
31,037070,파세코,5,120,14,49,69,1.0,10.0,33.76,18.16,25.02,49.09
31,114810,한솔아이원스,5,120,14,49,69,1.0,10.0,33.76,7.57,26.71,46.43
31,060370,LS마린솔루션,5,120,14,49,69,1.0,10.0,33.76,23.44,27.5,49.16
31,029960,코엔텍,5,120,14,49,69,1.0,10.0,33.76,18.26,26.21,46.66
31,036830,솔브레인홀딩스,5,120,14,49,69,1.0,10.0,33.76,29.51,28.55,50.06
31,222800,심텍,5,120,14,49,69,1.0,10.0,33.76,38.2,29.51,49.58
31,067310,하나마이크론,5,120,14,49,69,1.0,10.0,33.76,19.07,25.2,51.98
31,213420,덕산네오룩스,5,120,14,49,69,1.0,10.0,33.76,23.99,28.07,49.88
31,101490,에스앤에스텍,5,120,14,49,69,1.0,10.0,33.76,24.91,28.61,50.84
31,025900,동화기업,5,120,14,49,69,1.0,10.0,33.76,12.51,25.06,47.84
31,251970,펌텍코리아,5,120,14,49,69,1.0,10.0,33.76,54.74,26.97,46.19
31,030520,한글과컴퓨터,5,120,14,49,69,1.0,10.0,33.76,8.67,22.56,47.18
31,005290,동진쎄미켐,5,120,14,49,69,1.0,10.0,33.76,37.73,29.33,47.51
31,032500,케이엠더블유,5,120,14,49,69,1.0,10.0,33.76,0.75,26.34,50.87
31,101160,월덱스,5,120,14,49,69,1.0,10.0,33.76,0.89,27.45,50.78
31,126700,하이비젼시스템,5,120,14,49,69,1.0,10.0,33.76,26.55,26.24,49.88
31,243840,신흥에스이씨,5,120,14,49,69,1.0,10.0,33.76,17.16,27.17,48.44
31,078350,한양디지텍,5,120,14,49,69,1.0,10.0,33.76,18.04,26.68,50.52
31,089970,브이엠,5,120,14,49,69,1.0,10.0,33.76,78.14,28.09,50.04
31,089010,켐트로닉스,5,120,14,49,69,1.0,10.0,33.76,22.1,26.9,52.12
31,089980,상아프론테크,5,120,14,49,69,1.0,10.0,33.76,120.67,26.55,49.66
31,030520,한글과컴퓨터,5,120,14,49,64,1.0,10.0,33.13,8.25,22.56,47.18
31,126700,하이비젼시스템,5,120,14,49,64,1.0,10.0,33.13,21.86,26.24,49.88
31,243840,신흥에스이씨,5,120,14,49,64,1.0,10.0,33.13,12.14,27.17,48.44
31,101160,월덱스,5,120,14,49,64,1.0,10.0,33.13,0.89,27.45,50.78
31,089970,브이엠,5,120,14,49,64,1.0,10.0,33.13,78.14,28.09,50.04
31,089010,켐트로닉스,5,120,14,49,64,1.0,10.0,33.13,15.51,26.9,52.12
31,089980,상아프론테크,5,120,14,49,64,1.0,10.0,33.13,85.33,26.55,49.66
31,032500,케이엠더블유,5,120,14,49,64,1.0,10.0,33.13,-3.3,26.34,50.87
31,060370,LS마린솔루션,5,120,14,49,64,1.0,10.0,33.13,23.44,27.5,49.16
31,213420,덕산네오룩스,5,120,14,49,64,1.0,10.0,33.13,14.51,28.07,49.88
31,251970,펌텍코리아,5,120,14,49,64,1.0,10.0,33.13,47.75,26.97,46.19
31,025900,동화기업,5,120,14,49,64,1.0,10.0,33.13,12.51,25.06,47.84
31,101490,에스앤에스텍,5,120,14,49,64,1.0,10.0,33.13,15.58,28.61,50.84
31,029960,코엔텍,5,120,14,49,64,1.0,10.0,33.13,14.72,26.21,46.66
31,067310,하나마이크론,5,120,14,49,64,1.0,10.0,33.13,13.41,25.2,51.98
31,222800,심텍,5,120,14,49,64,1.0,10.0,33.13,20.21,29.51,49.58
31,036830,솔브레인홀딩스,5,120,14,49,64,1.0,10.0,33.13,47.8,28.55,50.06
31,005290,동진쎄미켐,5,120,14,49,64,1.0,10.0,33.13,28.78,29.33,47.51
31,263750,펄어비스,5,120,14,49,64,1.0,10.0,33.13,6.87,27.73,50.08
31,078350,한양디지텍,5,120,14,49,64,1.0,10.0,33.13,39.46,26.68,50.52
31,032750,삼진,5,120,14,49,64,1.0,10.0,33.13,20.37,24.01,50.86
31,031330,에스에이엠티,5,120,14,49,64,1.0,10.0,33.13,15.55,25.24,50.05
31,037070,파세코,5,120,14,49,64,1.0,10.0,33.13,11.9,25.02,49.09
31,005670,푸드웰,5,120,14,49,64,1.0,10.0,33.13,51.1,25.53,47.57
31,019540,일지테크,5,120,14,49,64,1.0,10.0,33.13,1.05,25.16,48.61
31,039610,화성밸브,5,120,14,49,64,1.0,10.0,33.13,7.02,25.09,51.6
31,066620,국보디자인,5,120,14,49,64,1.0,10.0,33.13,8.17,25.26,46.6
31,090470,제이스텍,5,120,14,49,64,1.0,10.0,33.13,9.02,27.13,49.91
31,355150,코스텍시스,5,120,14,49,64,1.0,10.0,33.13,391.71,30.69,47.75
31,091580,상신이디피,5,120,14,49,64,1.0,10.0,33.13,16.1,25.46,51.45
31,079940,가비아,5,120,14,49,64,1.0,10.0,33.13,37.38,28.38,49.38
31,086980,쇼박스,5,120,14,49,64,1.0,10.0,33.13,4.74,26.16,51.93
31,114810,한솔아이원스,5,120,14,49,64,1.0,10.0,33.13,0.19,26.71,46.43
31,092730,네오팜,5,120,14,49,64,1.0,10.0,33.13,12.87,23.73,48.26
31,083930,아바코,5,120,14,49,64,1.0,10.0,33.13,6.82,22.36,49.01
31,144960,뉴파워프라즈마,5,120,14,49,64,1.0,10.0,33.13,44.54,22.56,48.74
31,083310,엘오티베큠,5,120,14,49,64,1.0,10.0,33.13,49.61,27.52,50.27
31,102120,어보브반도체,5,120,14,49,64,1.0,10.0,33.13,40.31,25.0,50.65
31,084110,휴온스글로벌,5,120,14,49,64,1.0,10.0,33.13,50.45,24.02,47.17
31,100790,미래에셋벤처투자,5,120,14,49,64,1.0,10.0,33.13,41.23,26.8,51.68
31,053610,프로텍,5,120,14,49,64,1.0,10.0,33.13,36.67,24.54,48.58
31,007530,와이엠,5,120,14,49,64,1.0,10.0,33.13,30.73,23.27,50.16
31,032750,삼진,5,120,14,44,74,1.0,10.0,31.88,16.5,24.01,50.86
31,263750,펄어비스,5,120,14,44,74,1.0,10.0,31.88,-3.81,27.73,50.08
31,060370,LS마린솔루션,5,120,14,44,74,1.0,10.0,31.88,14.93,27.5,49.16
31,029960,코엔텍,5,120,14,44,74,1.0,10.0,31.88,26.88,26.21,46.66
31,078350,한양디지텍,5,120,14,44,74,1.0,10.0,31.88,35.41,26.68,50.52
31,126700,하이비젼시스템,5,120,14,44,74,1.0,10.0,31.88,24.61,26.24,49.88
31,243840,신흥에스이씨,5,120,14,44,74,1.0,10.0,31.88,0.0,27.17,48.44
31,101160,월덱스,5,120,14,44,74,1.0,10.0,31.88,4.18,27.45,50.78
31,089970,브이엠,5,120,14,44,74,1.0,10.0,31.88,31.99,28.09,50.04
31,089010,켐트로닉스,5,120,14,44,74,1.0,10.0,31.88,25.51,26.9,52.12
31,089980,상아프론테크,5,120,14,44,74,1.0,10.0,31.88,24.46,26.55,49.66
31,030520,한글과컴퓨터,5,120,14,44,74,1.0,10.0,31.88,4.39,22.56,47.18
31,114810,한솔아이원스,5,120,14,44,74,1.0,10.0,31.88,1.63,26.71,46.43
31,251970,펌텍코리아,5,120,14,44,74,1.0,10.0,31.88,89.6,26.97,46.19
31,025900,동화기업,5,120,14,44,74,1.0,10.0,31.88,30.32,25.06,47.84
31,101490,에스앤에스텍,5,120,14,44,74,1.0,10.0,31.88,47.05,28.61,50.84
31,213420,덕산네오룩스,5,120,14,44,74,1.0,10.0,31.88,7.68,28.07,49.88
31,067310,하나마이크론,5,120,14,44,74,1.0,10.0,31.88,7.8,25.2,51.98
31,222800,심텍,5,120,14,44,74,1.0,10.0,31.88,50.78,29.51,49.58
31,036830,솔브레인홀딩스,5,120,14,44,74,1.0,10.0,31.88,18.41,28.55,50.06
31,005290,동진쎄미켐,5,120,14,44,74,1.0,10.0,31.88,39.8,29.33,47.51
31,031330,에스에이엠티,5,120,14,44,74,1.0,10.0,31.88,28.69,25.24,50.05
31,032500,케이엠더블유,5,120,14,44,74,1.0,10.0,31.88,15.29,26.34,50.87
31,053610,프로텍,5,120,14,44,74,1.0,10.0,31.88,15.96,24.54,48.58
31,079940,가비아,5,120,14,44,74,1.0,10.0,31.88,53.65,28.38,49.38
31,100790,미래에셋벤처투자,5,120,14,44,74,1.0,10.0,31.88,7.13,26.8,51.68
31,007530,와이엠,5,120,14,44,74,1.0,10.0,31.88,52.85,23.27,50.16
31,005670,푸드웰,5,120,14,44,74,1.0,10.0,31.88,20.66,25.53,47.57
31,019540,일지테크,5,120,14,44,74,1.0,10.0,31.88,-4.59,25.16,48.61
31,039610,화성밸브,5,120,14,44,74,1.0,10.0,31.88,13.7,25.09,51.6
31,066620,국보디자인,5,120,14,44,74,1.0,10.0,31.88,-1.46,25.26,46.6
31,355150,코스텍시스,5,120,14,44,74,1.0,10.0,31.88,391.71,30.69,47.75
31,091580,상신이디피,5,120,14,44,74,1.0,10.0,31.88,25.0,25.46,51.45
31,090470,제이스텍,5,120,14,44,74,1.0,10.0,31.88,-3.17,27.13,49.91
31,037070,파세코,5,120,14,44,74,1.0,10.0,31.88,37.59,25.02,49.09
31,083930,아바코,5,120,14,44,74,1.0,10.0,31.88,11.82,22.36,49.01
31,102120,어보브반도체,5,120,14,44,74,1.0,10.0,31.88,59.64,25.0,50.65
31,083310,엘오티베큠,5,120,14,44,74,1.0,10.0,31.88,34.42,27.52,50.27
31,144960,뉴파워프라즈마,5,120,14,44,74,1.0,10.0,31.88,41.77,22.56,48.74
31,084110,휴온스글로벌,5,120,14,44,74,1.0,10.0,31.88,32.94,24.02,47.17
31,092730,네오팜,5,120,14,44,74,1.0,10.0,31.88,9.02,23.73,48.26
31,086980,쇼박스,5,120,14,44,74,1.0,10.0,31.88,-1.92,26.16,51.93
31,030520,한글과컴퓨터,5,120,14,49,74,1.0,10.0,31.84,1.15,22.56,47.18
31,078350,한양디지텍,5,120,14,49,74,1.0,10.0,31.84,21.24,26.68,50.52
31,126700,하이비젼시스템,5,120,14,49,74,1.0,10.0,31.84,20.25,26.24,49.88
31,243840,신흥에스이씨,5,120,14,49,74,1.0,10.0,31.84,33.15,27.17,48.44
31,101160,월덱스,5,120,14,49,74,1.0,10.0,31.84,4.74,27.45,50.78
31,089970,브이엠,5,120,14,49,74,1.0,10.0,31.84,78.14,28.09,50.04
31,089010,켐트로닉스,5,120,14,49,74,1.0,10.0,31.84,25.51,26.9,52.12
31,089980,상아프론테크,5,120,14,49,74,1.0,10.0,31.84,39.58,26.55,49.66
31,032500,케이엠더블유,5,120,14,49,74,1.0,10.0,31.84,15.29,26.34,50.87
31,060370,LS마린솔루션,5,120,14,49,74,1.0,10.0,31.84,14.93,27.5,49.16
31,263750,펄어비스,5,120,14,49,74,1.0,10.0,31.84,25.28,27.73,50.08
31,251970,펌텍코리아,5,120,14,49,74,1.0,10.0,31.84,58.2,26.97,46.19
31,025900,동화기업,5,120,14,49,74,1.0,10.0,31.84,19.52,25.06,47.84
31,101490,에스앤에스텍,5,120,14,49,74,1.0,10.0,31.84,34.04,28.61,50.84
31,213420,덕산네오룩스,5,120,14,49,74,1.0,10.0,31.84,29.52,28.07,49.88
31,067310,하나마이크론,5,120,14,49,74,1.0,10.0,31.84,11.74,25.2,51.98
31,222800,심텍,5,120,14,49,74,1.0,10.0,31.84,38.2,29.51,49.58
31,036830,솔브레인홀딩스,5,120,14,49,74,1.0,10.0,31.84,13.48,28.55,50.06
31,005290,동진쎄미켐,5,120,14,49,74,1.0,10.0,31.84,39.52,29.33,47.51
31,031330,에스에이엠티,5,120,14,49,74,1.0,10.0,31.84,20.79,25.24,50.05
31,029960,코엔텍,5,120,14,49,74,1.0,10.0,31.84,7.31,26.21,46.66
31,032750,삼진,5,120,14,49,74,1.0,10.0,31.84,11.78,24.01,50.86
31,114810,한솔아이원스,5,120,14,49,74,1.0,10.0,31.84,1.63,26.71,46.43
31,079940,가비아,5,120,14,49,74,1.0,10.0,31.84,29.63,28.38,49.38
31,053610,프로텍,5,120,14,49,74,1.0,10.0,31.84,15.96,24.54,48.58
31,005670,푸드웰,5,120,14,49,74,1.0,10.0,31.84,12.26,25.53,47.57
31,019540,일지테크,5,120,14,49,74,1.0,10.0,31.84,-4.59,25.16,48.61
31,039610,화성밸브,5,120,14,49,74,1.0,10.0,31.84,12.99,25.09,51.6
31,066620,국보디자인,5,120,14,49,74,1.0,10.0,31.84,-1.71,25.26,46.6
31,090470,제이스텍,5,120,14,49,74,1.0,10.0,31.84,11.58,27.13,49.91
31,355150,코스텍시스,5,120,14,49,74,1.0,10.0,31.84,391.71,30.69,47.75
31,091580,상신이디피,5,120,14,49,74,1.0,10.0,31.84,15.1,25.46,51.45
31,007530,와이엠,5,120,14,49,74,1.0,10.0,31.84,31.99,23.27,50.16
31,037070,파세코,5,120,14,49,74,1.0,10.0,31.84,26.38,25.02,49.09
31,092730,네오팜,5,120,14,49,74,1.0,10.0,31.84,17.89,23.73,48.26
31,083930,아바코,5,120,14,49,74,1.0,10.0,31.84,8.05,22.36,49.01
31,144960,뉴파워프라즈마,5,120,14,49,74,1.0,10.0,31.84,41.77,22.56,48.74
31,083310,엘오티베큠,5,120,14,49,74,1.0,10.0,31.84,34.42,27.52,50.27
31,102120,어보브반도체,5,120,14,49,74,1.0,10.0,31.84,25.89,25.0,50.65
31,084110,휴온스글로벌,5,120,14,49,74,1.0,10.0,31.84,32.94,24.02,47.17
31,100790,미래에셋벤처투자,5,120,14,49,74,1.0,10.0,31.84,72.04,26.8,51.68
31,086980,쇼박스,5,120,14,49,74,1.0,10.0,31.84,-2.05,26.16,51.93
31,144960,뉴파워프라즈마,5,120,14,39,69,1.0,10.0,31.28,49.1,22.56,48.74
31,092730,네오팜,5,120,14,39,69,1.0,10.0,31.28,31.16,23.73,48.26
31,083930,아바코,5,120,14,39,69,1.0,10.0,31.28,0.0,22.36,49.01
31,084110,휴온스글로벌,5,120,14,39,69,1.0,10.0,31.28,32.94,24.02,47.17
31,083310,엘오티베큠,5,120,14,39,69,1.0,10.0,31.28,24.47,27.52,50.27
31,102120,어보브반도체,5,120,14,39,69,1.0,10.0,31.28,59.64,25.0,50.65
31,037070,파세코,5,120,14,39,69,1.0,10.0,31.28,44.37,25.02,49.09
31,100790,미래에셋벤처투자,5,120,14,39,69,1.0,10.0,31.28,0.0,26.8,51.68
31,086980,쇼박스,5,120,14,39,69,1.0,10.0,31.28,26.33,26.16,51.93
31,355150,코스텍시스,5,120,14,39,69,1.0,10.0,31.28,0.0,30.69,47.75
31,079940,가비아,5,120,14,39,69,1.0,10.0,31.28,0.0,28.38,49.38
31,091580,상신이디피,5,120,14,39,69,1.0,10.0,31.28,26.4,25.46,51.45
31,090470,제이스텍,5,120,14,39,69,1.0,10.0,31.28,-3.17,27.13,49.91
31,066620,국보디자인,5,120,14,39,69,1.0,10.0,31.28,0.0,25.26,46.6
31,039610,화성밸브,5,120,14,39,69,1.0,10.0,31.28,0.0,25.09,51.6
31,019540,일지테크,5,120,14,39,69,1.0,10.0,31.28,1.39,25.16,48.61
31,005670,푸드웰,5,120,14,39,69,1.0,10.0,31.28,0.0,25.53,47.57
31,114810,한솔아이원스,5,120,14,39,69,1.0,10.0,31.28,98.95,26.71,46.43
31,053610,프로텍,5,120,14,39,69,1.0,10.0,31.28,0.0,24.54,48.58
31,089980,상아프론테크,5,120,14,39,69,1.0,10.0,31.28,135.78,26.55,49.66
31,031330,에스에이엠티,5,120,14,39,69,1.0,10.0,31.28,0.0,25.24,50.05
31,029960,코엔텍,5,120,14,39,69,1.0,10.0,31.28,-3.47,26.21,46.66
31,036830,솔브레인홀딩스,5,120,14,39,69,1.0,10.0,31.28,83.66,28.55,50.06
31,222800,심텍,5,120,14,39,69,1.0,10.0,31.28,215.05,29.51,49.58
31,067310,하나마이크론,5,120,14,39,69,1.0,10.0,31.28,19.06,25.2,51.98
31,213420,덕산네오룩스,5,120,14,39,69,1.0,10.0,31.28,0.0,28.07,49.88
31,101490,에스앤에스텍,5,120,14,39,69,1.0,10.0,31.28,33.37,28.61,50.84
31,025900,동화기업,5,120,14,39,69,1.0,10.0,31.28,27.29,25.06,47.84
31,251970,펌텍코리아,5,120,14,39,69,1.0,10.0,31.28,0.0,26.97,46.19
31,030520,한글과컴퓨터,5,120,14,39,69,1.0,10.0,31.28,12.93,22.56,47.18
31,060370,LS마린솔루션,5,120,14,39,69,1.0,10.0,31.28,46.04,27.5,49.16
31,032500,케이엠더블유,5,120,14,39,69,1.0,10.0,31.28,13.89,26.34,50.87
31,032750,삼진,5,120,14,39,69,1.0,10.0,31.28,0.0,24.01,50.86
31,089010,켐트로닉스,5,120,14,39,69,1.0,10.0,31.28,13.69,26.9,52.12
31,089970,브이엠,5,120,14,39,69,1.0,10.0,31.28,0.0,28.09,50.04
31,101160,월덱스,5,120,14,39,69,1.0,10.0,31.28,-0.8,27.45,50.78
31,243840,신흥에스이씨,5,120,14,39,69,1.0,10.0,31.28,0.0,27.17,48.44
31,126700,하이비젼시스템,5,120,14,39,69,1.0,10.0,31.28,0.0,26.24,49.88
31,078350,한양디지텍,5,120,14,39,69,1.0,10.0,31.28,13.95,26.68,50.52
31,007530,와이엠,5,120,14,39,69,1.0,10.0,31.28,124.27,23.27,50.16
31,005290,동진쎄미켐,5,120,14,39,69,1.0,10.0,31.28,11.69,29.33,47.51
31,263750,펄어비스,5,120,14,39,69,1.0,10.0,31.28,175.86,27.73,50.08
31,005290,동진쎄미켐,5,60,14,34,64,1.0,10.0,31.07,8.61,29.33,47.51
31,091580,상신이디피,5,60,14,34,64,1.0,10.0,31.07,34.2,25.46,51.45
31,102120,어보브반도체,5,60,14,34,64,1.0,10.0,31.07,0.0,25.0,50.65
31,083310,엘오티베큠,5,60,14,34,64,1.0,10.0,31.07,58.76,27.52,50.27
31,144960,뉴파워프라즈마,5,60,14,34,64,1.0,10.0,31.07,30.55,22.56,48.74
31,083930,아바코,5,60,14,34,64,1.0,10.0,31.07,0.0,22.36,49.01
31,092730,네오팜,5,60,14,34,64,1.0,10.0,31.07,25.79,23.73,48.26
31,086980,쇼박스,5,60,14,34,64,1.0,10.0,31.07,0.0,26.16,51.93
31,037070,파세코,5,60,14,34,64,1.0,10.0,31.07,23.65,25.02,49.09
31,079940,가비아,5,60,14,34,64,1.0,10.0,31.07,0.0,28.38,49.38
31,355150,코스텍시스,5,60,14,34,64,1.0,10.0,31.07,0.0,30.69,47.75
31,100790,미래에셋벤처투자,5,60,14,34,64,1.0,10.0,31.07,0.0,26.8,51.68
31,090470,제이스텍,5,60,14,34,64,1.0,10.0,31.07,1.89,27.13,49.91
31,066620,국보디자인,5,60,14,34,64,1.0,10.0,31.07,0.0,25.26,46.6
31,039610,화성밸브,5,60,14,34,64,1.0,10.0,31.07,0.0,25.09,51.6
31,019540,일지테크,5,60,14,34,64,1.0,10.0,31.07,16.21,25.16,48.61
31,005670,푸드웰,5,60,14,34,64,1.0,10.0,31.07,0.0,25.53,47.57
31,007530,와이엠,5,60,14,34,64,1.0,10.0,31.07,243.89,23.27,50.16
31,032750,삼진,5,60,14,34,64,1.0,10.0,31.07,0.0,24.01,50.86
31,084110,휴온스글로벌,5,60,14,34,64,1.0,10.0,31.07,158.83,24.02,47.17
31,053610,프로텍,5,60,14,34,64,1.0,10.0,31.07,0.0,24.54,48.58
31,263750,펄어비스,5,60,14,34,64,1.0,10.0,31.07,0.0,27.73,50.08
31,032500,케이엠더블유,5,60,14,34,64,1.0,10.0,31.07,31.69,26.34,50.87
31,036830,솔브레인홀딩스,5,60,14,34,64,1.0,10.0,31.07,0.0,28.55,50.06
31,222800,심텍,5,60,14,34,64,1.0,10.0,31.07,354.54,29.51,49.58
31,067310,하나마이크론,5,60,14,34,64,1.0,10.0,31.07,0.0,25.2,51.98
31,213420,덕산네오룩스,5,60,14,34,64,1.0,10.0,31.07,0.0,28.07,49.88
31,101490,에스앤에스텍,5,60,14,34,64,1.0,10.0,31.07,11.9,28.61,50.84
31,025900,동화기업,5,60,14,34,64,1.0,10.0,31.07,34.46,25.06,47.84
31,251970,펌텍코리아,5,60,14,34,64,1.0,10.0,31.07,0.0,26.97,46.19
31,030520,한글과컴퓨터,5,60,14,34,64,1.0,10.0,31.07,96.48,22.56,47.18
31,089980,상아프론테크,5,60,14,34,64,1.0,10.0,31.07,116.48,26.55,49.66
31,114810,한솔아이원스,5,60,14,34,64,1.0,10.0,31.07,20.75,26.71,46.43
31,089010,켐트로닉스,5,60,14,34,64,1.0,10.0,31.07,7.43,26.9,52.12
31,089970,브이엠,5,60,14,34,64,1.0,10.0,31.07,0.0,28.09,50.04
31,101160,월덱스,5,60,14,34,64,1.0,10.0,31.07,28.71,27.45,50.78
31,243840,신흥에스이씨,5,60,14,34,64,1.0,10.0,31.07,0.0,27.17,48.44
31,126700,하이비젼시스템,5,60,14,34,64,1.0,10.0,31.07,0.0,26.24,49.88
31,078350,한양디지텍,5,60,14,34,64,1.0,10.0,31.07,0.0,26.68,50.52
31,029960,코엔텍,5,60,14,34,64,1.0,10.0,31.07,0.0,26.21,46.66
31,031330,에스에이엠티,5,60,14,34,64,1.0,10.0,31.07,0.0,25.24,50.05
31,060370,LS마린솔루션,5,60,14,34,64,1.0,10.0,31.07,0.0,27.5,49.16
31,032750,삼진,5,60,14,34,59,1.0,10.0,28.82,0.0,24.01,50.86
31,263750,펄어비스,5,60,14,34,59,1.0,10.0,28.82,0.0,27.73,50.08
31,079940,가비아,5,60,14,34,59,1.0,10.0,28.82,0.0,28.38,49.38
31,100790,미래에셋벤처투자,5,60,14,34,59,1.0,10.0,28.82,0.0,26.8,51.68
31,084110,휴온스글로벌,5,60,14,34,59,1.0,10.0,28.82,172.63,24.02,47.17
31,102120,어보브반도체,5,60,14,34,59,1.0,10.0,28.82,0.0,25.0,50.65
31,083310,엘오티베큠,5,60,14,34,59,1.0,10.0,28.82,58.76,27.52,50.27
31,144960,뉴파워프라즈마,5,60,14,34,59,1.0,10.0,28.82,16.79,22.56,48.74
31,083930,아바코,5,60,14,34,59,1.0,10.0,28.82,0.0,22.36,49.01
31,092730,네오팜,5,60,14,34,59,1.0,10.0,28.82,69.88,23.73,48.26
31,086980,쇼박스,5,60,14,34,59,1.0,10.0,28.82,0.0,26.16,51.93
31,091580,상신이디피,5,60,14,34,59,1.0,10.0,28.82,28.71,25.46,51.45
31,114810,한솔아이원스,5,60,14,34,59,1.0,10.0,28.82,20.75,26.71,46.43
31,355150,코스텍시스,5,60,14,34,59,1.0,10.0,28.82,0.0,30.69,47.75
31,090470,제이스텍,5,60,14,34,59,1.0,10.0,28.82,13.02,27.13,49.91
31,066620,국보디자인,5,60,14,34,59,1.0,10.0,28.82,0.0,25.26,46.6
31,039610,화성밸브,5,60,14,34,59,1.0,10.0,28.82,0.0,25.09,51.6
31,019540,일지테크,5,60,14,34,59,1.0,10.0,28.82,16.21,25.16,48.61
31,005670,푸드웰,5,60,14,34,59,1.0,10.0,28.82,0.0,25.53,47.57
31,007530,와이엠,5,60,14,34,59,1.0,10.0,28.82,144.05,23.27,50.16
31,005290,동진쎄미켐,5,60,14,34,59,1.0,10.0,28.82,5.49,29.33,47.51
31,053610,프로텍,5,60,14,34,59,1.0,10.0,28.82,0.0,24.54,48.58
31,037070,파세코,5,60,14,34,59,1.0,10.0,28.82,23.65,25.02,49.09
31,031330,에스에이엠티,5,60,14,34,59,1.0,10.0,28.82,0.0,25.24,50.05
31,060370,LS마린솔루션,5,60,14,34,59,1.0,10.0,28.82,0.0,27.5,49.16
31,029960,코엔텍,5,60,14,34,59,1.0,10.0,28.82,0.0,26.21,46.66
31,222800,심텍,5,60,14,34,59,1.0,10.0,28.82,354.54,29.51,49.58
31,067310,하나마이크론,5,60,14,34,59,1.0,10.0,28.82,0.0,25.2,51.98
31,213420,덕산네오룩스,5,60,14,34,59,1.0,10.0,28.82,0.0,28.07,49.88
31,101490,에스앤에스텍,5,60,14,34,59,1.0,10.0,28.82,4.8,28.61,50.84
31,025900,동화기업,5,60,14,34,59,1.0,10.0,28.82,34.46,25.06,47.84
31,251970,펌텍코리아,5,60,14,34,59,1.0,10.0,28.82,0.0,26.97,46.19
31,030520,한글과컴퓨터,5,60,14,34,59,1.0,10.0,28.82,72.33,22.56,47.18
31,036830,솔브레인홀딩스,5,60,14,34,59,1.0,10.0,28.82,0.0,28.55,50.06
31,032500,케이엠더블유,5,60,14,34,59,1.0,10.0,28.82,31.69,26.34,50.87
31,101160,월덱스,5,60,14,34,59,1.0,10.0,28.82,17.19,27.45,50.78
31,126700,하이비젼시스템,5,60,14,34,59,1.0,10.0,28.82,0.0,26.24,49.88
31,243840,신흥에스이씨,5,60,14,34,59,1.0,10.0,28.82,0.0,27.17,48.44
31,078350,한양디지텍,5,60,14,34,59,1.0,10.0,28.82,0.0,26.68,50.52
31,089970,브이엠,5,60,14,34,59,1.0,10.0,28.82,0.0,28.09,50.04
31,089010,켐트로닉스,5,60,14,34,59,1.0,10.0,28.82,7.43,26.9,52.12
31,089980,상아프론테크,5,60,14,34,59,1.0,10.0,28.82,117.87,26.55,49.66
31,114810,한솔아이원스,5,60,14,39,79,1.0,10.0,28.42,9.08,26.71,46.43
31,086980,쇼박스,5,60,14,39,79,1.0,10.0,28.42,-3.89,26.16,51.93
31,053610,프로텍,5,60,14,39,79,1.0,10.0,28.42,18.23,24.54,48.58
31,100790,미래에셋벤처투자,5,60,14,39,79,1.0,10.0,28.42,0.0,26.8,51.68
31,084110,휴온스글로벌,5,60,14,39,79,1.0,10.0,28.42,15.2,24.02,47.17
31,102120,어보브반도체,5,60,14,39,79,1.0,10.0,28.42,19.63,25.0,50.65
31,083310,엘오티베큠,5,60,14,39,79,1.0,10.0,28.42,14.55,27.52,50.27
31,144960,뉴파워프라즈마,5,60,14,39,79,1.0,10.0,28.42,10.13,22.56,48.74
31,083930,아바코,5,60,14,39,79,1.0,10.0,28.42,15.9,22.36,49.01
31,092730,네오팜,5,60,14,39,79,1.0,10.0,28.42,18.13,23.73,48.26
31,355150,코스텍시스,5,60,14,39,79,1.0,10.0,28.42,0.0,30.69,47.75
31,037070,파세코,5,60,14,39,79,1.0,10.0,28.42,30.01,25.02,49.09
31,079940,가비아,5,60,14,39,79,1.0,10.0,28.42,0.0,28.38,49.38
31,091580,상신이디피,5,60,14,39,79,1.0,10.0,28.42,18.87,25.46,51.45
31,029960,코엔텍,5,60,14,39,79,1.0,10.0,28.42,-1.82,26.21,46.66
31,090470,제이스텍,5,60,14,39,79,1.0,10.0,28.42,1.89,27.13,49.91
31,066620,국보디자인,5,60,14,39,79,1.0,10.0,28.42,2.27,25.26,46.6
31,039610,화성밸브,5,60,14,39,79,1.0,10.0,28.42,0.0,25.09,51.6
31,019540,일지테크,5,60,14,39,79,1.0,10.0,28.42,2.74,25.16,48.61
31,005670,푸드웰,5,60,14,39,79,1.0,10.0,28.42,0.0,25.53,47.57
31,031330,에스에이엠티,5,60,14,39,79,1.0,10.0,28.42,0.0,25.24,50.05
31,032750,삼진,5,60,14,39,79,1.0,10.0,28.42,0.05,24.01,50.86
31,078350,한양디지텍,5,60,14,39,79,1.0,10.0,28.42,23.52,26.68,50.52
31,025900,동화기업,5,60,14,39,79,1.0,10.0,28.42,36.84,25.06,47.84
31,007530,와이엠,5,60,14,39,79,1.0,10.0,28.42,22.19,23.27,50.16
31,263750,펄어비스,5,60,14,39,79,1.0,10.0,28.42,625.35,27.73,50.08
31,005290,동진쎄미켐,5,60,14,39,79,1.0,10.0,28.42,29.9,29.33,47.51
31,036830,솔브레인홀딩스,5,60,14,39,79,1.0,10.0,28.42,18.46,28.55,50.06
31,222800,심텍,5,60,14,39,79,1.0,10.0,28.42,52.08,29.51,49.58
31,067310,하나마이크론,5,60,14,39,79,1.0,10.0,28.42,11.56,25.2,51.98
31,213420,덕산네오룩스,5,60,14,39,79,1.0,10.0,28.42,0.0,28.07,49.88
31,101490,에스앤에스텍,5,60,14,39,79,1.0,10.0,28.42,38.97,28.61,50.84
31,251970,펌텍코리아,5,60,14,39,79,1.0,10.0,28.42,0.0,26.97,46.19
31,126700,하이비젼시스템,5,60,14,39,79,1.0,10.0,28.42,18.85,26.24,49.88
31,030520,한글과컴퓨터,5,60,14,39,79,1.0,10.0,28.42,4.58,22.56,47.18
31,060370,LS마린솔루션,5,60,14,39,79,1.0,10.0,28.42,34.91,27.5,49.16
31,032500,케이엠더블유,5,60,14,39,79,1.0,10.0,28.42,46.34,26.34,50.87
31,089980,상아프론테크,5,60,14,39,79,1.0,10.0,28.42,40.17,26.55,49.66
31,089010,켐트로닉스,5,60,14,39,79,1.0,10.0,28.42,14.26,26.9,52.12
31,089970,브이엠,5,60,14,39,79,1.0,10.0,28.42,0.0,28.09,50.04
31,101160,월덱스,5,60,14,39,79,1.0,10.0,28.42,4.7,27.45,50.78
31,243840,신흥에스이씨,5,60,14,39,79,1.0,10.0,28.42,0.0,27.17,48.44
31,263750,펄어비스,5,120,14,49,79,1.0,10.0,28.39,34.49,27.73,50.08
31,032750,삼진,5,120,14,49,79,1.0,10.0,28.39,6.35,24.01,50.86
31,005290,동진쎄미켐,5,120,14,49,79,1.0,10.0,28.39,28.1,29.33,47.51
31,114810,한솔아이원스,5,120,14,49,79,1.0,10.0,28.39,1.63,26.71,46.43
31,100790,미래에셋벤처투자,5,120,14,49,79,1.0,10.0,28.39,72.04,26.8,51.68
31,084110,휴온스글로벌,5,120,14,49,79,1.0,10.0,28.39,12.58,24.02,47.17
31,102120,어보브반도체,5,120,14,49,79,1.0,10.0,28.39,20.39,25.0,50.65
31,083310,엘오티베큠,5,120,14,49,79,1.0,10.0,28.39,20.4,27.52,50.27
31,144960,뉴파워프라즈마,5,120,14,49,79,1.0,10.0,28.39,15.21,22.56,48.74
31,083930,아바코,5,120,14,49,79,1.0,10.0,28.39,6.56,22.36,49.01
31,092730,네오팜,5,120,14,49,79,1.0,10.0,28.39,12.26,23.73,48.26
31,037070,파세코,5,120,14,49,79,1.0,10.0,28.39,19.08,25.02,49.09
31,079940,가비아,5,120,14,49,79,1.0,10.0,28.39,11.23,28.38,49.38
31,091580,상신이디피,5,120,14,49,79,1.0,10.0,28.39,11.83,25.46,51.45
31,355150,코스텍시스,5,120,14,49,79,1.0,10.0,28.39,391.71,30.69,47.75
31,090470,제이스텍,5,120,14,49,79,1.0,10.0,28.39,14.49,27.13,49.91
31,066620,국보디자인,5,120,14,49,79,1.0,10.0,28.39,-1.71,25.26,46.6
31,039610,화성밸브,5,120,14,49,79,1.0,10.0,28.39,7.22,25.09,51.6
31,019540,일지테크,5,120,14,49,79,1.0,10.0,28.39,-4.59,25.16,48.61
31,005670,푸드웰,5,120,14,49,79,1.0,10.0,28.39,16.93,25.53,47.57
31,007530,와이엠,5,120,14,49,79,1.0,10.0,28.39,15.08,23.27,50.16
31,053610,프로텍,5,120,14,49,79,1.0,10.0,28.39,17.41,24.54,48.58
31,086980,쇼박스,5,120,14,49,79,1.0,10.0,28.39,-0.67,26.16,51.93
31,031330,에스에이엠티,5,120,14,49,79,1.0,10.0,28.39,13.98,25.24,50.05
31,060370,LS마린솔루션,5,120,14,49,79,1.0,10.0,28.39,14.93,27.5,49.16
31,029960,코엔텍,5,120,14,49,79,1.0,10.0,28.39,12.99,26.21,46.66
31,036830,솔브레인홀딩스,5,120,14,49,79,1.0,10.0,28.39,12.71,28.55,50.06
31,222800,심텍,5,120,14,49,79,1.0,10.0,28.39,48.06,29.51,49.58
31,067310,하나마이크론,5,120,14,49,79,1.0,10.0,28.39,9.22,25.2,51.98
31,213420,덕산네오룩스,5,120,14,49,79,1.0,10.0,28.39,34.66,28.07,49.88
31,101490,에스앤에스텍,5,120,14,49,79,1.0,10.0,28.39,24.3,28.61,50.84
31,251970,펌텍코리아,5,120,14,49,79,1.0,10.0,28.39,33.8,26.97,46.19
31,030520,한글과컴퓨터,5,120,14,49,79,1.0,10.0,28.39,1.15,22.56,47.18
31,025900,동화기업,5,120,14,49,79,1.0,10.0,28.39,19.52,25.06,47.84
31,032500,케이엠더블유,5,120,14,49,79,1.0,10.0,28.39,24.96,26.34,50.87
31,089970,브이엠,5,120,14,49,79,1.0,10.0,28.39,86.95,28.09,50.04
31,126700,하이비젼시스템,5,120,14,49,79,1.0,10.0,28.39,14.33,26.24,49.88
31,243840,신흥에스이씨,5,120,14,49,79,1.0,10.0,28.39,33.15,27.17,48.44
31,101160,월덱스,5,120,14,49,79,1.0,10.0,28.39,4.74,27.45,50.78
31,078350,한양디지텍,5,120,14,49,79,1.0,10.0,28.39,26.77,26.68,50.52
31,089010,켐트로닉스,5,120,14,49,79,1.0,10.0,28.39,18.76,26.9,52.12
31,089980,상아프론테크,5,120,14,49,79,1.0,10.0,28.39,29.19,26.55,49.66
31,092730,네오팜,5,120,14,34,64,1.0,10.0,28.15,0.0,23.73,48.26
31,031330,에스에이엠티,5,120,14,34,64,1.0,10.0,28.15,0.0,25.24,50.05
31,114810,한솔아이원스,5,120,14,34,64,1.0,10.0,28.15,100.74,26.71,46.43
31,053610,프로텍,5,120,14,34,64,1.0,10.0,28.15,0.0,24.54,48.58
31,100790,미래에셋벤처투자,5,120,14,34,64,1.0,10.0,28.15,0.0,26.8,51.68
31,084110,휴온스글로벌,5,120,14,34,64,1.0,10.0,28.15,128.09,24.02,47.17
31,102120,어보브반도체,5,120,14,34,64,1.0,10.0,28.15,0.0,25.0,50.65
31,083310,엘오티베큠,5,120,14,34,64,1.0,10.0,28.15,0.0,27.52,50.27
31,144960,뉴파워프라즈마,5,120,14,34,64,1.0,10.0,28.15,0.0,22.56,48.74
31,083930,아바코,5,120,14,34,64,1.0,10.0,28.15,0.0,22.36,49.01
31,019540,일지테크,5,120,14,34,64,1.0,10.0,28.15,10.91,25.16,48.61
31,086980,쇼박스,5,120,14,34,64,1.0,10.0,28.15,0.0,26.16,51.93
31,037070,파세코,5,120,14,34,64,1.0,10.0,28.15,20.81,25.02,49.09
31,079940,가비아,5,120,14,34,64,1.0,10.0,28.15,0.0,28.38,49.38
31,091580,상신이디피,5,120,14,34,64,1.0,10.0,28.15,26.4,25.46,51.45
31,355150,코스텍시스,5,120,14,34,64,1.0,10.0,28.15,0.0,30.69,47.75
31,090470,제이스텍,5,120,14,34,64,1.0,10.0,28.15,-3.17,27.13,49.91
31,066620,국보디자인,5,120,14,34,64,1.0,10.0,28.15,0.0,25.26,46.6
31,039610,화성밸브,5,120,14,34,64,1.0,10.0,28.15,0.0,25.09,51.6
31,005670,푸드웰,5,120,14,34,64,1.0,10.0,28.15,0.0,25.53,47.57
31,029960,코엔텍,5,120,14,34,64,1.0,10.0,28.15,0.0,26.21,46.66
31,007530,와이엠,5,120,14,34,64,1.0,10.0,28.15,0.0,23.27,50.16
31,126700,하이비젼시스템,5,120,14,34,64,1.0,10.0,28.15,0.0,26.24,49.88
31,101490,에스앤에스텍,5,120,14,34,64,1.0,10.0,28.15,253.6,28.61,50.84
31,243840,신흥에스이씨,5,120,14,34,64,1.0,10.0,28.15,0.0,27.17,48.44
31,032750,삼진,5,120,14,34,64,1.0,10.0,28.15,0.0,24.01,50.86
31,263750,펄어비스,5,120,14,34,64,1.0,10.0,28.15,0.0,27.73,50.08
31,005290,동진쎄미켐,5,120,14,34,64,1.0,10.0,28.15,0.0,29.33,47.51
31,036830,솔브레인홀딩스,5,120,14,34,64,1.0,10.0,28.15,0.0,28.55,50.06
31,222800,심텍,5,120,14,34,64,1.0,10.0,28.15,334.42,29.51,49.58
31,067310,하나마이크론,5,120,14,34,64,1.0,10.0,28.15,0.0,25.2,51.98
31,213420,덕산네오룩스,5,120,14,34,64,1.0,10.0,28.15,0.0,28.07,49.88
31,078350,한양디지텍,5,120,14,34,64,1.0,10.0,28.15,0.0,26.68,50.52
31,025900,동화기업,5,120,14,34,64,1.0,10.0,28.15,40.96,25.06,47.84
31,089980,상아프론테크,5,120,14,34,64,1.0,10.0,28.15,123.96,26.55,49.66
31,251970,펌텍코리아,5,120,14,34,64,1.0,10.0,28.15,0.0,26.97,46.19
31,089970,브이엠,5,120,14,34,64,1.0,10.0,28.15,0.0,28.09,50.04
31,089010,켐트로닉스,5,120,14,34,64,1.0,10.0,28.15,4.42,26.9,52.12
31,101160,월덱스,5,120,14,34,64,1.0,10.0,28.15,37.86,27.45,50.78
31,032500,케이엠더블유,5,120,14,34,64,1.0,10.0,28.15,4.45,26.34,50.87
31,060370,LS마린솔루션,5,120,14,34,64,1.0,10.0,28.15,0.0,27.5,49.16
31,030520,한글과컴퓨터,5,120,14,34,64,1.0,10.0,28.15,98.75,22.56,47.18
31,089980,상아프론테크,5,60,14,29,54,1.0,10.0,26.89,117.87,26.55,49.66
31,078350,한양디지텍,5,60,14,29,54,1.0,10.0,26.89,0.0,26.68,50.52
31,126700,하이비젼시스템,5,60,14,29,54,1.0,10.0,26.89,0.0,26.24,49.88
31,243840,신흥에스이씨,5,60,14,29,54,1.0,10.0,26.89,0.0,27.17,48.44
31,101160,월덱스,5,60,14,29,54,1.0,10.0,26.89,203.62,27.45,50.78
31,089970,브이엠,5,60,14,29,54,1.0,10.0,26.89,0.0,28.09,50.04
31,089010,켐트로닉스,5,60,14,29,54,1.0,10.0,26.89,0.0,26.9,52.12
31,029960,코엔텍,5,60,14,29,54,1.0,10.0,26.89,0.0,26.21,46.66
31,251970,펌텍코리아,5,60,14,29,54,1.0,10.0,26.89,0.0,26.97,46.19
31,032500,케이엠더블유,5,60,14,29,54,1.0,10.0,26.89,9.91,26.34,50.87
31,060370,LS마린솔루션,5,60,14,29,54,1.0,10.0,26.89,0.0,27.5,49.16
31,030520,한글과컴퓨터,5,60,14,29,54,1.0,10.0,26.89,0.0,22.56,47.18
31,031330,에스에이엠티,5,60,14,29,54,1.0,10.0,26.89,0.0,25.24,50.05
31,025900,동화기업,5,60,14,29,54,1.0,10.0,26.89,7.81,25.06,47.84
31,101490,에스앤에스텍,5,60,14,29,54,1.0,10.0,26.89,0.0,28.61,50.84
31,213420,덕산네오룩스,5,60,14,29,54,1.0,10.0,26.89,0.0,28.07,49.88
31,067310,하나마이크론,5,60,14,29,54,1.0,10.0,26.89,0.0,25.2,51.98
31,222800,심텍,5,60,14,29,54,1.0,10.0,26.89,0.0,29.51,49.58
31,263750,펄어비스,5,60,14,29,54,1.0,10.0,26.89,0.0,27.73,50.08
31,005290,동진쎄미켐,5,60,14,29,54,1.0,10.0,26.89,0.0,29.33,47.51
31,084110,휴온스글로벌,5,60,14,29,54,1.0,10.0,26.89,152.24,24.02,47.17
31,114810,한솔아이원스,5,60,14,29,54,1.0,10.0,26.89,0.0,26.71,46.43
31,053610,프로텍,5,60,14,29,54,1.0,10.0,26.89,0.0,24.54,48.58
31,032750,삼진,5,60,14,29,54,1.0,10.0,26.89,0.0,24.01,50.86
31,007530,와이엠,5,60,14,29,54,1.0,10.0,26.89,0.0,23.27,50.16
31,005670,푸드웰,5,60,14,29,54,1.0,10.0,26.89,0.0,25.53,47.57
31,019540,일지테크,5,60,14,29,54,1.0,10.0,26.89,305.73,25.16,48.61
31,039610,화성밸브,5,60,14,29,54,1.0,10.0,26.89,0.0,25.09,51.6
31,066620,국보디자인,5,60,14,29,54,1.0,10.0,26.89,0.0,25.26,46.6
31,090470,제이스텍,5,60,14,29,54,1.0,10.0,26.89,206.73,27.13,49.91
31,355150,코스텍시스,5,60,14,29,54,1.0,10.0,26.89,0.0,30.69,47.75
31,091580,상신이디피,5,60,14,29,54,1.0,10.0,26.89,31.35,25.46,51.45
31,079940,가비아,5,60,14,29,54,1.0,10.0,26.89,0.0,28.38,49.38
31,037070,파세코,5,60,14,29,54,1.0,10.0,26.89,18.59,25.02,49.09
31,092730,네오팜,5,60,14,29,54,1.0,10.0,26.89,0.0,23.73,48.26
31,083930,아바코,5,60,14,29,54,1.0,10.0,26.89,0.0,22.36,49.01
31,144960,뉴파워프라즈마,5,60,14,29,54,1.0,10.0,26.89,75.41,22.56,48.74
31,083310,엘오티베큠,5,60,14,29,54,1.0,10.0,26.89,0.0,27.52,50.27
31,102120,어보브반도체,5,60,14,29,54,1.0,10.0,26.89,0.0,25.0,50.65
31,100790,미래에셋벤처투자,5,60,14,29,54,1.0,10.0,26.89,0.0,26.8,51.68
31,086980,쇼박스,5,60,14,29,54,1.0,10.0,26.89,0.0,26.16,51.93
31,036830,솔브레인홀딩스,5,60,14,29,54,1.0,10.0,26.89,0.0,28.55,50.06
31,032750,삼진,5,120,14,39,74,1.0,10.0,26.43,0.0,24.01,50.86
31,029960,코엔텍,5,120,14,39,74,1.0,10.0,26.43,-3.47,26.21,46.66
31,114810,한솔아이원스,5,120,14,39,74,1.0,10.0,26.43,32.45,26.71,46.43
31,053610,프로텍,5,120,14,39,74,1.0,10.0,26.43,0.0,24.54,48.58
31,100790,미래에셋벤처투자,5,120,14,39,74,1.0,10.0,26.43,0.0,26.8,51.68
31,084110,휴온스글로벌,5,120,14,39,74,1.0,10.0,26.43,32.94,24.02,47.17
31,102120,어보브반도체,5,120,14,39,74,1.0,10.0,26.43,59.64,25.0,50.65
31,083310,엘오티베큠,5,120,14,39,74,1.0,10.0,26.43,31.61,27.52,50.27
31,144960,뉴파워프라즈마,5,120,14,39,74,1.0,10.0,26.43,49.1,22.56,48.74
31,092730,네오팜,5,120,14,39,74,1.0,10.0,26.43,32.49,23.73,48.26
31,086980,쇼박스,5,120,14,39,74,1.0,10.0,26.43,-1.92,26.16,51.93
31,037070,파세코,5,120,14,39,74,1.0,10.0,26.43,44.37,25.02,49.09
31,079940,가비아,5,120,14,39,74,1.0,10.0,26.43,0.0,28.38,49.38
31,091580,상신이디피,5,120,14,39,74,1.0,10.0,26.43,26.4,25.46,51.45
31,355150,코스텍시스,5,120,14,39,74,1.0,10.0,26.43,0.0,30.69,47.75
31,090470,제이스텍,5,120,14,39,74,1.0,10.0,26.43,-3.17,27.13,49.91
31,066620,국보디자인,5,120,14,39,74,1.0,10.0,26.43,0.0,25.26,46.6
31,039610,화성밸브,5,120,14,39,74,1.0,10.0,26.43,0.0,25.09,51.6
31,019540,일지테크,5,120,14,39,74,1.0,10.0,26.43,1.39,25.16,48.61
31,005670,푸드웰,5,120,14,39,74,1.0,10.0,26.43,0.0,25.53,47.57
31,007530,와이엠,5,120,14,39,74,1.0,10.0,26.43,127.72,23.27,50.16
31,031330,에스에이엠티,5,120,14,39,74,1.0,10.0,26.43,0.0,25.24,50.05
31,083930,아바코,5,120,14,39,74,1.0,10.0,26.43,0.0,22.36,49.01
31,078350,한양디지텍,5,120,14,39,74,1.0,10.0,26.43,27.52,26.68,50.52
31,251970,펌텍코리아,5,120,14,39,74,1.0,10.0,26.43,0.0,26.97,46.19
31,126700,하이비젼시스템,5,120,14,39,74,1.0,10.0,26.43,0.0,26.24,49.88
31,263750,펄어비스,5,120,14,39,74,1.0,10.0,26.43,175.86,27.73,50.08
31,005290,동진쎄미켐,5,120,14,39,74,1.0,10.0,26.43,11.69,29.33,47.51
31,036830,솔브레인홀딩스,5,120,14,39,74,1.0,10.0,26.43,18.41,28.55,50.06
31,222800,심텍,5,120,14,39,74,1.0,10.0,26.43,215.05,29.51,49.58
31,067310,하나마이크론,5,120,14,39,74,1.0,10.0,26.43,7.8,25.2,51.98
31,101490,에스앤에스텍,5,120,14,39,74,1.0,10.0,26.43,47.0,28.61,50.84
31,025900,동화기업,5,120,14,39,74,1.0,10.0,26.43,38.38,25.06,47.84
31,213420,덕산네오룩스,5,120,14,39,74,1.0,10.0,26.43,0.0,28.07,49.88
31,030520,한글과컴퓨터,5,120,14,39,74,1.0,10.0,26.43,5.15,22.56,47.18
31,089010,켐트로닉스,5,120,14,39,74,1.0,10.0,26.43,14.76,26.9,52.12
31,060370,LS마린솔루션,5,120,14,39,74,1.0,10.0,26.43,35.29,27.5,49.16
31,101160,월덱스,5,120,14,39,74,1.0,10.0,26.43,4.18,27.45,50.78
31,089970,브이엠,5,120,14,39,74,1.0,10.0,26.43,0.0,28.09,50.04
31,243840,신흥에스이씨,5,120,14,39,74,1.0,10.0,26.43,0.0,27.17,48.44
31,089980,상아프론테크,5,120,14,39,74,1.0,10.0,26.43,50.7,26.55,49.66
31,032500,케이엠더블유,5,120,14,39,74,1.0,10.0,26.43,28.84,26.34,50.87
31,060370,LS마린솔루션,5,120,14,34,59,1.0,10.0,25.7,0.0,27.5,49.16
31,029960,코엔텍,5,120,14,34,59,1.0,10.0,25.7,0.0,26.21,46.66
31,078350,한양디지텍,5,120,14,34,59,1.0,10.0,25.7,0.0,26.68,50.52
31,126700,하이비젼시스템,5,120,14,34,59,1.0,10.0,25.7,0.0,26.24,49.88
31,243840,신흥에스이씨,5,120,14,34,59,1.0,10.0,25.7,0.0,27.17,48.44
31,101160,월덱스,5,120,14,34,59,1.0,10.0,25.7,23.9,27.45,50.78
31,089970,브이엠,5,120,14,34,59,1.0,10.0,25.7,0.0,28.09,50.04
31,089010,켐트로닉스,5,120,14,34,59,1.0,10.0,25.7,4.42,26.9,52.12
31,089980,상아프론테크,5,120,14,34,59,1.0,10.0,25.7,126.52,26.55,49.66
31,032500,케이엠더블유,5,120,14,34,59,1.0,10.0,25.7,4.45,26.34,50.87
31,005290,동진쎄미켐,5,120,14,34,59,1.0,10.0,25.7,0.0,29.33,47.51
31,030520,한글과컴퓨터,5,120,14,34,59,1.0,10.0,25.7,74.12,22.56,47.18
31,251970,펌텍코리아,5,120,14,34,59,1.0,10.0,25.7,0.0,26.97,46.19
31,025900,동화기업,5,120,14,34,59,1.0,10.0,25.7,40.96,25.06,47.84
31,101490,에스앤에스텍,5,120,14,34,59,1.0,10.0,25.7,185.19,28.61,50.84
31,213420,덕산네오룩스,5,120,14,34,59,1.0,10.0,25.7,0.0,28.07,49.88
31,067310,하나마이크론,5,120,14,34,59,1.0,10.0,25.7,0.0,25.2,51.98
31,222800,심텍,5,120,14,34,59,1.0,10.0,25.7,334.42,29.51,49.58
31,036830,솔브레인홀딩스,5,120,14,34,59,1.0,10.0,25.7,0.0,28.55,50.06
31,114810,한솔아이원스,5,120,14,34,59,1.0,10.0,25.7,100.74,26.71,46.43
31,031330,에스에이엠티,5,120,14,34,59,1.0,10.0,25.7,0.0,25.24,50.05
31,053610,프로텍,5,120,14,34,59,1.0,10.0,25.7,0.0,24.54,48.58
31,263750,펄어비스,5,120,14,34,59,1.0,10.0,25.7,0.0,27.73,50.08
31,091580,상신이디피,5,120,14,34,59,1.0,10.0,25.7,10.72,25.46,51.45
31,100790,미래에셋벤처투자,5,120,14,34,59,1.0,10.0,25.7,0.0,26.8,51.68
31,032750,삼진,5,120,14,34,59,1.0,10.0,25.7,0.0,24.01,50.86
31,007530,와이엠,5,120,14,34,59,1.0,10.0,25.7,0.0,23.27,50.16
31,005670,푸드웰,5,120,14,34,59,1.0,10.0,25.7,0.0,25.53,47.57
31,019540,일지테크,5,120,14,34,59,1.0,10.0,25.7,10.91,25.16,48.61
31,039610,화성밸브,5,120,14,34,59,1.0,10.0,25.7,0.0,25.09,51.6
31,090470,제이스텍,5,120,14,34,59,1.0,10.0,25.7,5.82,27.13,49.91
31,355150,코스텍시스,5,120,14,34,59,1.0,10.0,25.7,0.0,30.69,47.75
31,066620,국보디자인,5,120,14,34,59,1.0,10.0,25.7,0.0,25.26,46.6
31,079940,가비아,5,120,14,34,59,1.0,10.0,25.7,0.0,28.38,49.38
31,086980,쇼박스,5,120,14,34,59,1.0,10.0,25.7,0.0,26.16,51.93
31,084110,휴온스글로벌,5,120,14,34,59,1.0,10.0,25.7,136.52,24.02,47.17
31,092730,네오팜,5,120,14,34,59,1.0,10.0,25.7,0.0,23.73,48.26
31,083930,아바코,5,120,14,34,59,1.0,10.0,25.7,0.0,22.36,49.01
31,144960,뉴파워프라즈마,5,120,14,34,59,1.0,10.0,25.7,0.0,22.56,48.74
31,083310,엘오티베큠,5,120,14,34,59,1.0,10.0,25.7,0.0,27.52,50.27
31,102120,어보브반도체,5,120,14,34,59,1.0,10.0,25.7,0.0,25.0,50.65
31,037070,파세코,5,120,14,34,59,1.0,10.0,25.7,20.81,25.02,49.09
31,089970,브이엠,5,120,14,44,79,1.0,10.0,25.66,31.99,28.09,50.04
31,089980,상아프론테크,5,120,14,44,79,1.0,10.0,25.66,29.19,26.55,49.66
31,089010,켐트로닉스,5,120,14,44,79,1.0,10.0,25.66,18.76,26.9,52.12
31,078350,한양디지텍,5,120,14,44,79,1.0,10.0,25.66,44.68,26.68,50.52
31,101160,월덱스,5,120,14,44,79,1.0,10.0,25.66,4.18,27.45,50.78
31,243840,신흥에스이씨,5,120,14,44,79,1.0,10.0,25.66,0.0,27.17,48.44
31,126700,하이비젼시스템,5,120,14,44,79,1.0,10.0,25.66,17.67,26.24,49.88
31,060370,LS마린솔루션,5,120,14,44,79,1.0,10.0,25.66,14.93,27.5,49.16
31,032500,케이엠더블유,5,120,14,44,79,1.0,10.0,25.66,24.96,26.34,50.87
31,005290,동진쎄미켐,5,120,14,44,79,1.0,10.0,25.66,28.1,29.33,47.51
31,030520,한글과컴퓨터,5,120,14,44,79,1.0,10.0,25.66,4.39,22.56,47.18
31,251970,펌텍코리아,5,120,14,44,79,1.0,10.0,25.66,33.8,26.97,46.19
31,025900,동화기업,5,120,14,44,79,1.0,10.0,25.66,30.32,25.06,47.84
31,101490,에스앤에스텍,5,120,14,44,79,1.0,10.0,25.66,33.45,28.61,50.84
31,213420,덕산네오룩스,5,120,14,44,79,1.0,10.0,25.66,7.68,28.07,49.88
31,067310,하나마이크론,5,120,14,44,79,1.0,10.0,25.66,10.06,25.2,51.98
31,222800,심텍,5,120,14,44,79,1.0,10.0,25.66,59.59,29.51,49.58
31,036830,솔브레인홀딩스,5,120,14,44,79,1.0,10.0,25.66,17.24,28.55,50.06
31,031330,에스에이엠티,5,120,14,44,79,1.0,10.0,25.66,28.69,25.24,50.05
31,029960,코엔텍,5,120,14,44,79,1.0,10.0,25.66,34.08,26.21,46.66
31,263750,펄어비스,5,120,14,44,79,1.0,10.0,25.66,-3.81,27.73,50.08
31,114810,한솔아이원스,5,120,14,44,79,1.0,10.0,25.66,1.63,26.71,46.43
31,053610,프로텍,5,120,14,44,79,1.0,10.0,25.66,17.41,24.54,48.58
31,032750,삼진,5,120,14,44,79,1.0,10.0,25.66,7.22,24.01,50.86
31,007530,와이엠,5,120,14,44,79,1.0,10.0,25.66,8.51,23.27,50.16
31,005670,푸드웰,5,120,14,44,79,1.0,10.0,25.66,31.76,25.53,47.57
31,019540,일지테크,5,120,14,44,79,1.0,10.0,25.66,-4.59,25.16,48.61
31,039610,화성밸브,5,120,14,44,79,1.0,10.0,25.66,15.63,25.09,51.6
31,066620,국보디자인,5,120,14,44,79,1.0,10.0,25.66,-1.46,25.26,46.6
31,090470,제이스텍,5,120,14,44,79,1.0,10.0,25.66,-3.17,27.13,49.91
31,355150,코스텍시스,5,120,14,44,79,1.0,10.0,25.66,391.71,30.69,47.75
31,091580,상신이디피,5,120,14,44,79,1.0,10.0,25.66,15.42,25.46,51.45
31,079940,가비아,5,120,14,44,79,1.0,10.0,25.66,15.43,28.38,49.38
31,037070,파세코,5,120,14,44,79,1.0,10.0,25.66,19.08,25.02,49.09
31,092730,네오팜,5,120,14,44,79,1.0,10.0,25.66,11.75,23.73,48.26
31,083930,아바코,5,120,14,44,79,1.0,10.0,25.66,9.74,22.36,49.01
31,144960,뉴파워프라즈마,5,120,14,44,79,1.0,10.0,25.66,15.21,22.56,48.74
31,083310,엘오티베큠,5,120,14,44,79,1.0,10.0,25.66,20.4,27.52,50.27
31,102120,어보브반도체,5,120,14,44,79,1.0,10.0,25.66,18.56,25.0,50.65
31,084110,휴온스글로벌,5,120,14,44,79,1.0,10.0,25.66,12.58,24.02,47.17
31,100790,미래에셋벤처투자,5,120,14,44,79,1.0,10.0,25.66,7.13,26.8,51.68
31,086980,쇼박스,5,120,14,44,79,1.0,10.0,25.66,-1.92,26.16,51.93
31,222800,심텍,5,60,14,49,54,1.0,10.0,25.13,9.32,29.51,49.58
31,036830,솔브레인홀딩스,5,60,14,49,54,1.0,10.0,25.13,23.14,28.55,50.06
31,263750,펄어비스,5,60,14,49,54,1.0,10.0,25.13,-5.22,27.73,50.08
31,100790,미래에셋벤처투자,5,60,14,49,54,1.0,10.0,25.13,14.73,26.8,51.68
31,102120,어보브반도체,5,60,14,49,54,1.0,10.0,25.13,16.1,25.0,50.65
31,083310,엘오티베큠,5,60,14,49,54,1.0,10.0,25.13,52.18,27.52,50.27
31,144960,뉴파워프라즈마,5,60,14,49,54,1.0,10.0,25.13,38.93,22.56,48.74
31,083930,아바코,5,60,14,49,54,1.0,10.0,25.13,1.47,22.36,49.01
31,092730,네오팜,5,60,14,49,54,1.0,10.0,25.13,21.37,23.73,48.26
31,086980,쇼박스,5,60,14,49,54,1.0,10.0,25.13,-1.31,26.16,51.93
31,079940,가비아,5,60,14,49,54,1.0,10.0,25.13,55.21,28.38,49.38
31,091580,상신이디피,5,60,14,49,54,1.0,10.0,25.13,32.05,25.46,51.45
31,355150,코스텍시스,5,60,14,49,54,1.0,10.0,25.13,109.65,30.69,47.75
31,090470,제이스텍,5,60,14,49,54,1.0,10.0,25.13,51.54,27.13,49.91
31,066620,국보디자인,5,60,14,49,54,1.0,10.0,25.13,8.45,25.26,46.6
31,039610,화성밸브,5,60,14,49,54,1.0,10.0,25.13,29.48,25.09,51.6
31,019540,일지테크,5,60,14,49,54,1.0,10.0,25.13,2.92,25.16,48.61
31,005670,푸드웰,5,60,14,49,54,1.0,10.0,25.13,37.43,25.53,47.57
31,007530,와이엠,5,60,14,49,54,1.0,10.0,25.13,6.69,23.27,50.16
31,032750,삼진,5,60,14,49,54,1.0,10.0,25.13,20.42,24.01,50.86
31,005290,동진쎄미켐,5,60,14,49,54,1.0,10.0,25.13,35.96,29.33,47.51
31,084110,휴온스글로벌,5,60,14,49,54,1.0,10.0,25.13,16.8,24.02,47.17
31,037070,파세코,5,60,14,49,54,1.0,10.0,25.13,27.37,25.02,49.09
31,053610,프로텍,5,60,14,49,54,1.0,10.0,25.13,49.13,24.54,48.58
31,089980,상아프론테크,5,60,14,49,54,1.0,10.0,25.13,42.52,26.55,49.66
31,114810,한솔아이원스,5,60,14,49,54,1.0,10.0,25.13,-1.28,26.71,46.43
31,213420,덕산네오룩스,5,60,14,49,54,1.0,10.0,25.13,68.73,28.07,49.88
31,101490,에스앤에스텍,5,60,14,49,54,1.0,10.0,25.13,4.5,28.61,50.84
31,025900,동화기업,5,60,14,49,54,1.0,10.0,25.13,18.48,25.06,47.84
31,251970,펌텍코리아,5,60,14,49,54,1.0,10.0,25.13,20.15,26.97,46.19
31,030520,한글과컴퓨터,5,60,14,49,54,1.0,10.0,25.13,6.96,22.56,47.18
31,060370,LS마린솔루션,5,60,14,49,54,1.0,10.0,25.13,36.51,27.5,49.16
31,032500,케이엠더블유,5,60,14,49,54,1.0,10.0,25.13,-3.95,26.34,50.87
31,067310,하나마이크론,5,60,14,49,54,1.0,10.0,25.13,16.68,25.2,51.98
31,089010,켐트로닉스,5,60,14,49,54,1.0,10.0,25.13,36.39,26.9,52.12
31,126700,하이비젼시스템,5,60,14,49,54,1.0,10.0,25.13,34.7,26.24,49.88
31,089970,브이엠,5,60,14,49,54,1.0,10.0,25.13,9.84,28.09,50.04
31,029960,코엔텍,5,60,14,49,54,1.0,10.0,25.13,12.43,26.21,46.66
31,078350,한양디지텍,5,60,14,49,54,1.0,10.0,25.13,23.9,26.68,50.52
31,031330,에스에이엠티,5,60,14,49,54,1.0,10.0,25.13,30.53,25.24,50.05
31,243840,신흥에스이씨,5,60,14,49,54,1.0,10.0,25.13,24.84,27.17,48.44
31,101160,월덱스,5,60,14,49,54,1.0,10.0,25.13,19.64,27.45,50.78
31,355150,코스텍시스,5,60,14,34,69,1.0,10.0,24.64,0.0,30.69,47.75
31,144960,뉴파워프라즈마,5,60,14,34,69,1.0,10.0,24.64,32.25,22.56,48.74
31,083930,아바코,5,60,14,34,69,1.0,10.0,24.64,0.0,22.36,49.01
31,092730,네오팜,5,60,14,34,69,1.0,10.0,24.64,32.2,23.73,48.26
31,086980,쇼박스,5,60,14,34,69,1.0,10.0,24.64,0.0,26.16,51.93
31,083310,엘오티베큠,5,60,14,34,69,1.0,10.0,24.64,30.04,27.52,50.27
31,037070,파세코,5,60,14,34,69,1.0,10.0,24.64,42.1,25.02,49.09
31,079940,가비아,5,60,14,34,69,1.0,10.0,24.64,0.0,28.38,49.38
31,091580,상신이디피,5,60,14,34,69,1.0,10.0,24.64,34.2,25.46,51.45
31,019540,일지테크,5,60,14,34,69,1.0,10.0,24.64,2.74,25.16,48.61
31,090470,제이스텍,5,60,14,34,69,1.0,10.0,24.64,1.89,27.13,49.91
31,066620,국보디자인,5,60,14,34,69,1.0,10.0,24.64,0.0,25.26,46.6
31,039610,화성밸브,5,60,14,34,69,1.0,10.0,24.64,0.0,25.09,51.6
31,005670,푸드웰,5,60,14,34,69,1.0,10.0,24.64,0.0,25.53,47.57
31,007530,와이엠,5,60,14,34,69,1.0,10.0,24.64,243.89,23.27,50.16
31,032750,삼진,5,60,14,34,69,1.0,10.0,24.64,0.0,24.01,50.86
31,005290,동진쎄미켐,5,60,14,34,69,1.0,10.0,24.64,14.78,29.33,47.51
31,084110,휴온스글로벌,5,60,14,34,69,1.0,10.0,24.64,46.66,24.02,47.17
31,102120,어보브반도체,5,60,14,34,69,1.0,10.0,24.64,0.0,25.0,50.65
31,067310,하나마이크론,5,60,14,34,69,1.0,10.0,24.64,0.0,25.2,51.98
31,100790,미래에셋벤처투자,5,60,14,34,69,1.0,10.0,24.64,0.0,26.8,51.68
31,053610,프로텍,5,60,14,34,69,1.0,10.0,24.64,0.0,24.54,48.58
31,213420,덕산네오룩스,5,60,14,34,69,1.0,10.0,24.64,0.0,28.07,49.88
31,101490,에스앤에스텍,5,60,14,34,69,1.0,10.0,24.64,11.9,28.61,50.84
31,025900,동화기업,5,60,14,34,69,1.0,10.0,24.64,34.46,25.06,47.84
31,251970,펌텍코리아,5,60,14,34,69,1.0,10.0,24.64,0.0,26.97,46.19
31,030520,한글과컴퓨터,5,60,14,34,69,1.0,10.0,24.64,58.18,22.56,47.18
31,060370,LS마린솔루션,5,60,14,34,69,1.0,10.0,24.64,0.0,27.5,49.16
31,032500,케이엠더블유,5,60,14,34,69,1.0,10.0,24.64,31.69,26.34,50.87
31,089980,상아프론테크,5,60,14,34,69,1.0,10.0,24.64,118.39,26.55,49.66
31,089010,켐트로닉스,5,60,14,34,69,1.0,10.0,24.64,16.53,26.9,52.12
31,089970,브이엠,5,60,14,34,69,1.0,10.0,24.64,0.0,28.09,50.04
31,101160,월덱스,5,60,14,34,69,1.0,10.0,24.64,28.71,27.45,50.78
31,243840,신흥에스이씨,5,60,14,34,69,1.0,10.0,24.64,0.0,27.17,48.44
31,126700,하이비젼시스템,5,60,14,34,69,1.0,10.0,24.64,0.0,26.24,49.88
31,078350,한양디지텍,5,60,14,34,69,1.0,10.0,24.64,0.0,26.68,50.52
31,029960,코엔텍,5,60,14,34,69,1.0,10.0,24.64,0.0,26.21,46.66
31,031330,에스에이엠티,5,60,14,34,69,1.0,10.0,24.64,0.0,25.24,50.05
31,114810,한솔아이원스,5,60,14,34,69,1.0,10.0,24.64,32.82,26.71,46.43
31,263750,펄어비스,5,60,14,34,69,1.0,10.0,24.64,0.0,27.73,50.08
31,222800,심텍,5,60,14,34,69,1.0,10.0,24.64,221.45,29.51,49.58
31,036830,솔브레인홀딩스,5,60,14,34,69,1.0,10.0,24.64,0.0,28.55,50.06
31,007530,와이엠,5,120,14,34,69,1.0,10.0,22.73,0.0,23.27,50.16
31,030520,한글과컴퓨터,5,120,14,34,69,1.0,10.0,22.73,58.79,22.56,47.18
31,243840,신흥에스이씨,5,120,14,34,69,1.0,10.0,22.73,0.0,27.17,48.44
31,101160,월덱스,5,120,14,34,69,1.0,10.0,22.73,37.86,27.45,50.78
31,089970,브이엠,5,120,14,34,69,1.0,10.0,22.73,0.0,28.09,50.04
31,089010,켐트로닉스,5,120,14,34,69,1.0,10.0,22.73,13.69,26.9,52.12
31,089980,상아프론테크,5,120,14,34,69,1.0,10.0,22.73,123.45,26.55,49.66
31,032500,케이엠더블유,5,120,14,34,69,1.0,10.0,22.73,4.45,26.34,50.87
31,060370,LS마린솔루션,5,120,14,34,69,1.0,10.0,22.73,0.0,27.5,49.16
31,251970,펌텍코리아,5,120,14,34,69,1.0,10.0,22.73,0.0,26.97,46.19
31,078350,한양디지텍,5,120,14,34,69,1.0,10.0,22.73,0.0,26.68,50.52
31,025900,동화기업,5,120,14,34,69,1.0,10.0,22.73,40.96,25.06,47.84
31,101490,에스앤에스텍,5,120,14,34,69,1.0,10.0,22.73,253.6,28.61,50.84
31,213420,덕산네오룩스,5,120,14,34,69,1.0,10.0,22.73,0.0,28.07,49.88
31,067310,하나마이크론,5,120,14,34,69,1.0,10.0,22.73,0.0,25.2,51.98
31,222800,심텍,5,120,14,34,69,1.0,10.0,22.73,215.05,29.51,49.58
31,036830,솔브레인홀딩스,5,120,14,34,69,1.0,10.0,22.73,0.0,28.55,50.06
31,005290,동진쎄미켐,5,120,14,34,69,1.0,10.0,22.73,0.0,29.33,47.51
31,263750,펄어비스,5,120,14,34,69,1.0,10.0,22.73,0.0,27.73,50.08
31,126700,하이비젼시스템,5,120,14,34,69,1.0,10.0,22.73,0.0,26.24,49.88
31,029960,코엔텍,5,120,14,34,69,1.0,10.0,22.73,0.0,26.21,46.66
31,005670,푸드웰,5,120,14,34,69,1.0,10.0,22.73,0.0,25.53,47.57
31,031330,에스에이엠티,5,120,14,34,69,1.0,10.0,22.73,0.0,25.24,50.05
31,019540,일지테크,5,120,14,34,69,1.0,10.0,22.73,1.39,25.16,48.61
31,039610,화성밸브,5,120,14,34,69,1.0,10.0,22.73,0.0,25.09,51.6
31,066620,국보디자인,5,120,14,34,69,1.0,10.0,22.73,0.0,25.26,46.6
31,090470,제이스텍,5,120,14,34,69,1.0,10.0,22.73,-3.17,27.13,49.91
31,355150,코스텍시스,5,120,14,34,69,1.0,10.0,22.73,0.0,30.69,47.75
31,091580,상신이디피,5,120,14,34,69,1.0,10.0,22.73,26.4,25.46,51.45
31,079940,가비아,5,120,14,34,69,1.0,10.0,22.73,0.0,28.38,49.38
31,037070,파세코,5,120,14,34,69,1.0,10.0,22.73,42.13,25.02,49.09
31,086980,쇼박스,5,120,14,34,69,1.0,10.0,22.73,0.0,26.16,51.93
31,092730,네오팜,5,120,14,34,69,1.0,10.0,22.73,0.0,23.73,48.26
31,083930,아바코,5,120,14,34,69,1.0,10.0,22.73,0.0,22.36,49.01
31,144960,뉴파워프라즈마,5,120,14,34,69,1.0,10.0,22.73,0.0,22.56,48.74
31,083310,엘오티베큠,5,120,14,34,69,1.0,10.0,22.73,0.0,27.52,50.27
31,102120,어보브반도체,5,120,14,34,69,1.0,10.0,22.73,0.0,25.0,50.65
31,084110,휴온스글로벌,5,120,14,34,69,1.0,10.0,22.73,40.98,24.02,47.17
31,100790,미래에셋벤처투자,5,120,14,34,69,1.0,10.0,22.73,0.0,26.8,51.68
31,053610,프로텍,5,120,14,34,69,1.0,10.0,22.73,0.0,24.54,48.58
31,114810,한솔아이원스,5,120,14,34,69,1.0,10.0,22.73,98.95,26.71,46.43
31,032750,삼진,5,120,14,34,69,1.0,10.0,22.73,0.0,24.01,50.86
31,100790,미래에셋벤처투자,5,60,14,49,69,1.0,10.0,21.81,25.1,26.8,51.68
31,079940,가비아,5,60,14,49,69,1.0,10.0,21.81,24.06,28.38,49.38
31,053610,프로텍,5,60,14,49,69,1.0,10.0,21.81,25.69,24.54,48.58
31,084110,휴온스글로벌,5,60,14,49,69,1.0,10.0,21.81,15.56,24.02,47.17
31,102120,어보브반도체,5,60,14,49,69,1.0,10.0,21.81,32.72,25.0,50.65
31,083310,엘오티베큠,5,60,14,49,69,1.0,10.0,21.81,25.79,27.52,50.27
31,144960,뉴파워프라즈마,5,60,14,49,69,1.0,10.0,21.81,26.33,22.56,48.74
31,083930,아바코,5,60,14,49,69,1.0,10.0,21.81,9.23,22.36,49.01
31,086980,쇼박스,5,60,14,49,69,1.0,10.0,21.81,5.66,26.16,51.93
31,037070,파세코,5,60,14,49,69,1.0,10.0,21.81,19.07,25.02,49.09
31,091580,상신이디피,5,60,14,49,69,1.0,10.0,21.81,21.37,25.46,51.45
31,031330,에스에이엠티,5,60,14,49,69,1.0,10.0,21.81,15.3,25.24,50.05
31,355150,코스텍시스,5,60,14,49,69,1.0,10.0,21.81,72.94,30.69,47.75
31,090470,제이스텍,5,60,14,49,69,1.0,10.0,21.81,25.45,27.13,49.91
31,066620,국보디자인,5,60,14,49,69,1.0,10.0,21.81,16.03,25.26,46.6
31,039610,화성밸브,5,60,14,49,69,1.0,10.0,21.81,13.36,25.09,51.6
31,019540,일지테크,5,60,14,49,69,1.0,10.0,21.81,-4.56,25.16,48.61
31,005670,푸드웰,5,60,14,49,69,1.0,10.0,21.81,18.83,25.53,47.57
31,007530,와이엠,5,60,14,49,69,1.0,10.0,21.81,20.24,23.27,50.16
31,032750,삼진,5,60,14,49,69,1.0,10.0,21.81,15.2,24.01,50.86
31,114810,한솔아이원스,5,60,14,49,69,1.0,10.0,21.81,11.7,26.71,46.43
31,092730,네오팜,5,60,14,49,69,1.0,10.0,21.81,11.06,23.73,48.26
31,029960,코엔텍,5,60,14,49,69,1.0,10.0,21.81,11.68,26.21,46.66
31,030520,한글과컴퓨터,5,60,14,49,69,1.0,10.0,21.81,4.96,22.56,47.18
31,263750,펄어비스,5,60,14,49,69,1.0,10.0,21.81,7.63,27.73,50.08
31,078350,한양디지텍,5,60,14,49,69,1.0,10.0,21.81,19.49,26.68,50.52
31,036830,솔브레인홀딩스,5,60,14,49,69,1.0,10.0,21.81,28.29,28.55,50.06
31,222800,심텍,5,60,14,49,69,1.0,10.0,21.81,27.14,29.51,49.58
31,067310,하나마이크론,5,60,14,49,69,1.0,10.0,21.81,19.24,25.2,51.98
31,213420,덕산네오룩스,5,60,14,49,69,1.0,10.0,21.81,44.01,28.07,49.88
31,101490,에스앤에스텍,5,60,14,49,69,1.0,10.0,21.81,24.82,28.61,50.84
31,025900,동화기업,5,60,14,49,69,1.0,10.0,21.81,11.29,25.06,47.84
31,251970,펌텍코리아,5,60,14,49,69,1.0,10.0,21.81,46.96,26.97,46.19
31,005290,동진쎄미켐,5,60,14,49,69,1.0,10.0,21.81,42.45,29.33,47.51
31,060370,LS마린솔루션,5,60,14,49,69,1.0,10.0,21.81,25.36,27.5,49.16
31,089970,브이엠,5,60,14,49,69,1.0,10.0,21.81,28.23,28.09,50.04
31,032500,케이엠더블유,5,60,14,49,69,1.0,10.0,21.81,-3.51,26.34,50.87
31,243840,신흥에스이씨,5,60,14,49,69,1.0,10.0,21.81,16.91,27.17,48.44
31,101160,월덱스,5,60,14,49,69,1.0,10.0,21.81,1.97,27.45,50.78
31,126700,하이비젼시스템,5,60,14,49,69,1.0,10.0,21.81,27.3,26.24,49.88
31,089010,켐트로닉스,5,60,14,49,69,1.0,10.0,21.81,18.98,26.9,52.12
31,089980,상아프론테크,5,60,14,49,69,1.0,10.0,21.81,66.63,26.55,49.66
31,102120,어보브반도체,5,60,14,34,74,1.0,10.0,21.38,0.0,25.0,50.65
31,091580,상신이디피,5,60,14,34,74,1.0,10.0,21.38,34.2,25.46,51.45
31,083310,엘오티베큠,5,60,14,34,74,1.0,10.0,21.38,37.3,27.52,50.27
31,144960,뉴파워프라즈마,5,60,14,34,74,1.0,10.0,21.38,32.25,22.56,48.74
31,083930,아바코,5,60,14,34,74,1.0,10.0,21.38,0.0,22.36,49.01
31,092730,네오팜,5,60,14,34,74,1.0,10.0,21.38,33.49,23.73,48.26
31,084110,휴온스글로벌,5,60,14,34,74,1.0,10.0,21.38,46.66,24.02,47.17
31,086980,쇼박스,5,60,14,34,74,1.0,10.0,21.38,0.0,26.16,51.93
31,037070,파세코,5,60,14,34,74,1.0,10.0,21.38,42.1,25.02,49.09
31,079940,가비아,5,60,14,34,74,1.0,10.0,21.38,0.0,28.38,49.38
31,039610,화성밸브,5,60,14,34,74,1.0,10.0,21.38,0.0,25.09,51.6
31,355150,코스텍시스,5,60,14,34,74,1.0,10.0,21.38,0.0,30.69,47.75
31,090470,제이스텍,5,60,14,34,74,1.0,10.0,21.38,1.89,27.13,49.91
31,066620,국보디자인,5,60,14,34,74,1.0,10.0,21.38,0.0,25.26,46.6
31,019540,일지테크,5,60,14,34,74,1.0,10.0,21.38,2.74,25.16,48.61
31,005670,푸드웰,5,60,14,34,74,1.0,10.0,21.38,0.0,25.53,47.57
31,007530,와이엠,5,60,14,34,74,1.0,10.0,21.38,207.15,23.27,50.16
31,032750,삼진,5,60,14,34,74,1.0,10.0,21.38,0.0,24.01,50.86
31,005290,동진쎄미켐,5,60,14,34,74,1.0,10.0,21.38,14.78,29.33,47.51
31,053610,프로텍,5,60,14,34,74,1.0,10.0,21.38,0.0,24.54,48.58
31,100790,미래에셋벤처투자,5,60,14,34,74,1.0,10.0,21.38,0.0,26.8,51.68
31,263750,펄어비스,5,60,14,34,74,1.0,10.0,21.38,0.0,27.73,50.08
31,114810,한솔아이원스,5,60,14,34,74,1.0,10.0,21.38,17.07,26.71,46.43
31,060370,LS마린솔루션,5,60,14,34,74,1.0,10.0,21.38,0.0,27.5,49.16
31,036830,솔브레인홀딩스,5,60,14,34,74,1.0,10.0,21.38,0.0,28.55,50.06
31,031330,에스에이엠티,5,60,14,34,74,1.0,10.0,21.38,0.0,25.24,50.05
31,222800,심텍,5,60,14,34,74,1.0,10.0,21.38,221.45,29.51,49.58
31,067310,하나마이크론,5,60,14,34,74,1.0,10.0,21.38,0.0,25.2,51.98
31,213420,덕산네오룩스,5,60,14,34,74,1.0,10.0,21.38,0.0,28.07,49.88
31,025900,동화기업,5,60,14,34,74,1.0,10.0,21.38,34.46,25.06,47.84
31,251970,펌텍코리아,5,60,14,34,74,1.0,10.0,21.38,0.0,26.97,46.19
31,030520,한글과컴퓨터,5,60,14,34,74,1.0,10.0,21.38,16.04,22.56,47.18
31,101490,에스앤에스텍,5,60,14,34,74,1.0,10.0,21.38,22.21,28.61,50.84
31,032500,케이엠더블유,5,60,14,34,74,1.0,10.0,21.38,38.99,26.34,50.87
31,089010,켐트로닉스,5,60,14,34,74,1.0,10.0,21.38,17.57,26.9,52.12
31,089970,브이엠,5,60,14,34,74,1.0,10.0,21.38,0.0,28.09,50.04
31,101160,월덱스,5,60,14,34,74,1.0,10.0,21.38,37.24,27.45,50.78
31,243840,신흥에스이씨,5,60,14,34,74,1.0,10.0,21.38,0.0,27.17,48.44
31,126700,하이비젼시스템,5,60,14,34,74,1.0,10.0,21.38,0.0,26.24,49.88
31,078350,한양디지텍,5,60,14,34,74,1.0,10.0,21.38,0.0,26.68,50.52
31,089980,상아프론테크,5,60,14,34,74,1.0,10.0,21.38,40.58,26.55,49.66
31,029960,코엔텍,5,60,14,34,74,1.0,10.0,21.38,0.0,26.21,46.66
31,102120,어보브반도체,5,120,14,34,74,1.0,10.0,21.18,0.0,25.0,50.65
31,083930,아바코,5,120,14,34,74,1.0,10.0,21.18,0.0,22.36,49.01
31,144960,뉴파워프라즈마,5,120,14,34,74,1.0,10.0,21.18,0.0,22.56,48.74
31,083310,엘오티베큠,5,120,14,34,74,1.0,10.0,21.18,0.0,27.52,50.27
31,114810,한솔아이원스,5,120,14,34,74,1.0,10.0,21.18,32.45,26.71,46.43
31,084110,휴온스글로벌,5,120,14,34,74,1.0,10.0,21.18,40.98,24.02,47.17
31,100790,미래에셋벤처투자,5,120,14,34,74,1.0,10.0,21.18,0.0,26.8,51.68
31,053610,프로텍,5,120,14,34,74,1.0,10.0,21.18,0.0,24.54,48.58
31,086980,쇼박스,5,120,14,34,74,1.0,10.0,21.18,0.0,26.16,51.93
31,092730,네오팜,5,120,14,34,74,1.0,10.0,21.18,0.0,23.73,48.26
31,005670,푸드웰,5,120,14,34,74,1.0,10.0,21.18,0.0,25.53,47.57
31,037070,파세코,5,120,14,34,74,1.0,10.0,21.18,42.13,25.02,49.09
31,079940,가비아,5,120,14,34,74,1.0,10.0,21.18,0.0,28.38,49.38
31,091580,상신이디피,5,120,14,34,74,1.0,10.0,21.18,26.4,25.46,51.45
31,355150,코스텍시스,5,120,14,34,74,1.0,10.0,21.18,0.0,30.69,47.75
31,090470,제이스텍,5,120,14,34,74,1.0,10.0,21.18,-3.17,27.13,49.91
31,066620,국보디자인,5,120,14,34,74,1.0,10.0,21.18,0.0,25.26,46.6
31,039610,화성밸브,5,120,14,34,74,1.0,10.0,21.18,0.0,25.09,51.6
31,019540,일지테크,5,120,14,34,74,1.0,10.0,21.18,1.39,25.16,48.61
31,029960,코엔텍,5,120,14,34,74,1.0,10.0,21.18,0.0,26.21,46.66
31,007530,와이엠,5,120,14,34,74,1.0,10.0,21.18,0.0,23.27,50.16
31,031330,에스에이엠티,5,120,14,34,74,1.0,10.0,21.18,0.0,25.24,50.05
31,032750,삼진,5,120,14,34,74,1.0,10.0,21.18,0.0,24.01,50.86
31,078350,한양디지텍,5,120,14,34,74,1.0,10.0,21.18,0.0,26.68,50.52
31,251970,펌텍코리아,5,120,14,34,74,1.0,10.0,21.18,0.0,26.97,46.19
31,263750,펄어비스,5,120,14,34,74,1.0,10.0,21.18,0.0,27.73,50.08
31,005290,동진쎄미켐,5,120,14,34,74,1.0,10.0,21.18,0.0,29.33,47.51
31,036830,솔브레인홀딩스,5,120,14,34,74,1.0,10.0,21.18,0.0,28.55,50.06
31,222800,심텍,5,120,14,34,74,1.0,10.0,21.18,215.05,29.51,49.58
31,126700,하이비젼시스템,5,120,14,34,74,1.0,10.0,21.18,0.0,26.24,49.88
31,213420,덕산네오룩스,5,120,14,34,74,1.0,10.0,21.18,0.0,28.07,49.88
31,101490,에스앤에스텍,5,120,14,34,74,1.0,10.0,21.18,369.54,28.61,50.84
31,025900,동화기업,5,120,14,34,74,1.0,10.0,21.18,40.96,25.06,47.84
31,067310,하나마이크론,5,120,14,34,74,1.0,10.0,21.18,0.0,25.2,51.98
31,030520,한글과컴퓨터,5,120,14,34,74,1.0,10.0,21.18,16.09,22.56,47.18
31,032500,케이엠더블유,5,120,14,34,74,1.0,10.0,21.18,4.45,26.34,50.87
31,089980,상아프론테크,5,120,14,34,74,1.0,10.0,21.18,41.39,26.55,49.66
31,089010,켐트로닉스,5,120,14,34,74,1.0,10.0,21.18,14.76,26.9,52.12
31,089970,브이엠,5,120,14,34,74,1.0,10.0,21.18,0.0,28.09,50.04
31,101160,월덱스,5,120,14,34,74,1.0,10.0,21.18,47.34,27.45,50.78
31,243840,신흥에스이씨,5,120,14,34,74,1.0,10.0,21.18,0.0,27.17,48.44
31,060370,LS마린솔루션,5,120,14,34,74,1.0,10.0,21.18,0.0,27.5,49.16
31,078350,한양디지텍,5,60,14,49,74,1.0,10.0,21.13,22.47,26.68,50.52
31,101160,월덱스,5,60,14,49,74,1.0,10.0,21.13,5.69,27.45,50.78
31,243840,신흥에스이씨,5,60,14,49,74,1.0,10.0,21.13,32.72,27.17,48.44
31,126700,하이비젼시스템,5,60,14,49,74,1.0,10.0,21.13,20.97,26.24,49.88
31,053610,프로텍,5,60,14,49,74,1.0,10.0,21.13,14.7,24.54,48.58
31,029960,코엔텍,5,60,14,49,74,1.0,10.0,21.13,5.03,26.21,46.66
31,031330,에스에이엠티,5,60,14,49,74,1.0,10.0,21.13,18.78,25.24,50.05
31,114810,한솔아이원스,5,60,14,49,74,1.0,10.0,21.13,3.37,26.71,46.43
31,089970,브이엠,5,60,14,49,74,1.0,10.0,21.13,28.23,28.09,50.04
31,213420,덕산네오룩스,5,60,14,49,74,1.0,10.0,21.13,49.72,28.07,49.88
31,089010,켐트로닉스,5,60,14,49,74,1.0,10.0,21.13,22.16,26.9,52.12
31,089980,상아프론테크,5,60,14,49,74,1.0,10.0,21.13,34.86,26.55,49.66
31,032500,케이엠더블유,5,60,14,49,74,1.0,10.0,21.13,9.67,26.34,50.87
31,060370,LS마린솔루션,5,60,14,49,74,1.0,10.0,21.13,14.08,27.5,49.16
31,030520,한글과컴퓨터,5,60,14,49,74,1.0,10.0,21.13,1.59,22.56,47.18
31,251970,펌텍코리아,5,60,14,49,74,1.0,10.0,21.13,52.33,26.97,46.19
31,025900,동화기업,5,60,14,49,74,1.0,10.0,21.13,16.99,25.06,47.84
31,101490,에스앤에스텍,5,60,14,49,74,1.0,10.0,21.13,32.89,28.61,50.84
31,084110,휴온스글로벌,5,60,14,49,74,1.0,10.0,21.13,15.56,24.02,47.17
31,100790,미래에셋벤처투자,5,60,14,49,74,1.0,10.0,21.13,42.41,26.8,51.68
31,091580,상신이디피,5,60,14,49,74,1.0,10.0,21.13,17.52,25.46,51.45
31,102120,어보브반도체,5,60,14,49,74,1.0,10.0,21.13,24.0,25.0,50.65
31,083310,엘오티베큠,5,60,14,49,74,1.0,10.0,21.13,37.35,27.52,50.27
31,263750,펄어비스,5,60,14,49,74,1.0,10.0,21.13,15.66,27.73,50.08
31,005290,동진쎄미켐,5,60,14,49,74,1.0,10.0,21.13,44.17,29.33,47.51
31,222800,심텍,5,60,14,49,74,1.0,10.0,21.13,27.14,29.51,49.58
31,032750,삼진,5,60,14,49,74,1.0,10.0,21.13,11.37,24.01,50.86
31,007530,와이엠,5,60,14,49,74,1.0,10.0,21.13,26.09,23.27,50.16
31,005670,푸드웰,5,60,14,49,74,1.0,10.0,21.13,12.51,25.53,47.57
31,019540,일지테크,5,60,14,49,74,1.0,10.0,21.13,-4.56,25.16,48.61
31,039610,화성밸브,5,60,14,49,74,1.0,10.0,21.13,15.76,25.09,51.6
31,066620,국보디자인,5,60,14,49,74,1.0,10.0,21.13,-1.31,25.26,46.6
31,090470,제이스텍,5,60,14,49,74,1.0,10.0,21.13,25.45,27.13,49.91
31,355150,코스텍시스,5,60,14,49,74,1.0,10.0,21.13,72.94,30.69,47.75
31,036830,솔브레인홀딩스,5,60,14,49,74,1.0,10.0,21.13,14.18,28.55,50.06
31,079940,가비아,5,60,14,49,74,1.0,10.0,21.13,18.52,28.38,49.38
31,037070,파세코,5,60,14,49,74,1.0,10.0,21.13,26.58,25.02,49.09
31,086980,쇼박스,5,60,14,49,74,1.0,10.0,21.13,-0.92,26.16,51.93
31,092730,네오팜,5,60,14,49,74,1.0,10.0,21.13,12.31,23.73,48.26
31,083930,아바코,5,60,14,49,74,1.0,10.0,21.13,9.23,22.36,49.01
31,144960,뉴파워프라즈마,5,60,14,49,74,1.0,10.0,21.13,26.33,22.56,48.74
31,067310,하나마이크론,5,60,14,49,74,1.0,10.0,21.13,13.06,25.2,51.98
31,263750,펄어비스,5,60,14,49,59,1.0,10.0,20.5,-0.08,27.73,50.08
31,089980,상아프론테크,5,60,14,49,59,1.0,10.0,20.5,69.96,26.55,49.66
31,005290,동진쎄미켐,5,60,14,49,59,1.0,10.0,20.5,29.11,29.33,47.51
31,036830,솔브레인홀딩스,5,60,14,49,59,1.0,10.0,20.5,18.79,28.55,50.06
31,084110,휴온스글로벌,5,60,14,49,59,1.0,10.0,20.5,19.33,24.02,47.17
31,102120,어보브반도체,5,60,14,49,59,1.0,10.0,20.5,27.63,25.0,50.65
31,083310,엘오티베큠,5,60,14,49,59,1.0,10.0,20.5,40.3,27.52,50.27
31,144960,뉴파워프라즈마,5,60,14,49,59,1.0,10.0,20.5,27.58,22.56,48.74
31,083930,아바코,5,60,14,49,59,1.0,10.0,20.5,0.68,22.36,49.01
31,092730,네오팜,5,60,14,49,59,1.0,10.0,20.5,19.63,23.73,48.26
31,086980,쇼박스,5,60,14,49,59,1.0,10.0,20.5,-6.83,26.16,51.93
31,037070,파세코,5,60,14,49,59,1.0,10.0,20.5,8.34,25.02,49.09
31,079940,가비아,5,60,14,49,59,1.0,10.0,20.5,33.29,28.38,49.38
31,355150,코스텍시스,5,60,14,49,59,1.0,10.0,20.5,109.65,30.69,47.75
31,090470,제이스텍,5,60,14,49,59,1.0,10.0,20.5,24.59,27.13,49.91
31,066620,국보디자인,5,60,14,49,59,1.0,10.0,20.5,12.55,25.26,46.6
31,039610,화성밸브,5,60,14,49,59,1.0,10.0,20.5,22.61,25.09,51.6
31,019540,일지테크,5,60,14,49,59,1.0,10.0,20.5,-0.75,25.16,48.61
31,005670,푸드웰,5,60,14,49,59,1.0,10.0,20.5,32.74,25.53,47.57
31,007530,와이엠,5,60,14,49,59,1.0,10.0,20.5,13.46,23.27,50.16
31,032750,삼진,5,60,14,49,59,1.0,10.0,20.5,16.76,24.01,50.86
31,100790,미래에셋벤처투자,5,60,14,49,59,1.0,10.0,20.5,10.31,26.8,51.68
31,053610,프로텍,5,60,14,49,59,1.0,10.0,20.5,38.61,24.54,48.58
31,114810,한솔아이원스,5,60,14,49,59,1.0,10.0,20.5,1.32,26.71,46.43
31,060370,LS마린솔루션,5,60,14,49,59,1.0,10.0,20.5,21.5,27.5,49.16
31,222800,심텍,5,60,14,49,59,1.0,10.0,20.5,11.36,29.51,49.58
31,067310,하나마이크론,5,60,14,49,59,1.0,10.0,20.5,9.4,25.2,51.98
31,213420,덕산네오룩스,5,60,14,49,59,1.0,10.0,20.5,24.06,28.07,49.88
31,101490,에스앤에스텍,5,60,14,49,59,1.0,10.0,20.5,13.88,28.61,50.84
31,025900,동화기업,5,60,14,49,59,1.0,10.0,20.5,7.03,25.06,47.84
31,251970,펌텍코리아,5,60,14,49,59,1.0,10.0,20.5,23.57,26.97,46.19
31,030520,한글과컴퓨터,5,60,14,49,59,1.0,10.0,20.5,5.81,22.56,47.18
31,032500,케이엠더블유,5,60,14,49,59,1.0,10.0,20.5,-6.88,26.34,50.87
31,031330,에스에이엠티,5,60,14,49,59,1.0,10.0,20.5,20.64,25.24,50.05
31,089010,켐트로닉스,5,60,14,49,59,1.0,10.0,20.5,20.03,26.9,52.12
31,089970,브이엠,5,60,14,49,59,1.0,10.0,20.5,23.6,28.09,50.04
31,101160,월덱스,5,60,14,49,59,1.0,10.0,20.5,11.09,27.45,50.78
31,243840,신흥에스이씨,5,60,14,49,59,1.0,10.0,20.5,28.81,27.17,48.44
31,126700,하이비젼시스템,5,60,14,49,59,1.0,10.0,20.5,21.61,26.24,49.88
31,078350,한양디지텍,5,60,14,49,59,1.0,10.0,20.5,29.38,26.68,50.52
31,029960,코엔텍,5,60,14,49,59,1.0,10.0,20.5,10.16,26.21,46.66
31,091580,상신이디피,5,60,14,49,59,1.0,10.0,20.5,16.33,25.46,51.45
31,114810,한솔아이원스,5,60,14,49,64,1.0,10.0,19.95,4.52,26.71,46.43
31,086980,쇼박스,5,60,14,49,64,1.0,10.0,19.95,3.37,26.16,51.93
31,079940,가비아,5,60,14,49,64,1.0,10.0,19.95,20.43,28.38,49.38
31,053610,프로텍,5,60,14,49,64,1.0,10.0,19.95,28.44,24.54,48.58
31,100790,미래에셋벤처투자,5,60,14,49,64,1.0,10.0,19.95,22.3,26.8,51.68
31,102120,어보브반도체,5,60,14,49,64,1.0,10.0,19.95,34.37,25.0,50.65
31,083310,엘오티베큠,5,60,14,49,64,1.0,10.0,19.95,48.85,27.52,50.27
31,144960,뉴파워프라즈마,5,60,14,49,64,1.0,10.0,19.95,23.77,22.56,48.74
31,083930,아바코,5,60,14,49,64,1.0,10.0,19.95,6.57,22.36,49.01
31,092730,네오팜,5,60,14,49,64,1.0,10.0,19.95,8.2,23.73,48.26
31,037070,파세코,5,60,14,49,64,1.0,10.0,19.95,13.38,25.02,49.09
31,091580,상신이디피,5,60,14,49,64,1.0,10.0,19.95,18.4,25.46,51.45
31,029960,코엔텍,5,60,14,49,64,1.0,10.0,19.95,9.2,26.21,46.66
31,355150,코스텍시스,5,60,14,49,64,1.0,10.0,19.95,72.94,30.69,47.75
31,090470,제이스텍,5,60,14,49,64,1.0,10.0,19.95,23.31,27.13,49.91
31,066620,국보디자인,5,60,14,49,64,1.0,10.0,19.95,13.43,25.26,46.6
31,039610,화성밸브,5,60,14,49,64,1.0,10.0,19.95,9.85,25.09,51.6
31,019540,일지테크,5,60,14,49,64,1.0,10.0,19.95,-1.36,25.16,48.61
31,005670,푸드웰,5,60,14,49,64,1.0,10.0,19.95,33.92,25.53,47.57
31,007530,와이엠,5,60,14,49,64,1.0,10.0,19.95,25.56,23.27,50.16
31,032750,삼진,5,60,14,49,64,1.0,10.0,19.95,18.51,24.01,50.86
31,031330,에스에이엠티,5,60,14,49,64,1.0,10.0,19.95,13.91,25.24,50.05
31,084110,휴온스글로벌,5,60,14,49,64,1.0,10.0,19.95,20.53,24.02,47.17
31,078350,한양디지텍,5,60,14,49,64,1.0,10.0,19.95,34.1,26.68,50.52
31,030520,한글과컴퓨터,5,60,14,49,64,1.0,10.0,19.95,3.93,22.56,47.18
31,263750,펄어비스,5,60,14,49,64,1.0,10.0,19.95,-0.08,27.73,50.08
31,005290,동진쎄미켐,5,60,14,49,64,1.0,10.0,19.95,33.66,29.33,47.51
31,036830,솔브레인홀딩스,5,60,14,49,64,1.0,10.0,19.95,29.85,28.55,50.06
31,222800,심텍,5,60,14,49,64,1.0,10.0,19.95,11.36,29.51,49.58
31,067310,하나마이크론,5,60,14,49,64,1.0,10.0,19.95,13.95,25.2,51.98
31,213420,덕산네오룩스,5,60,14,49,64,1.0,10.0,19.95,28.03,28.07,49.88
31,126700,하이비젼시스템,5,60,14,49,64,1.0,10.0,19.95,22.75,26.24,49.88
31,025900,동화기업,5,60,14,49,64,1.0,10.0,19.95,11.29,25.06,47.84
31,251970,펌텍코리아,5,60,14,49,64,1.0,10.0,19.95,41.28,26.97,46.19
31,101490,에스앤에스텍,5,60,14,49,64,1.0,10.0,19.95,16.59,28.61,50.84
31,060370,LS마린솔루션,5,60,14,49,64,1.0,10.0,19.95,25.36,27.5,49.16
31,089010,켐트로닉스,5,60,14,49,64,1.0,10.0,19.95,12.67,26.9,52.12
31,101160,월덱스,5,60,14,49,64,1.0,10.0,19.95,1.97,27.45,50.78
31,089970,브이엠,5,60,14,49,64,1.0,10.0,19.95,28.23,28.09,50.04
31,243840,신흥에스이씨,5,60,14,49,64,1.0,10.0,19.95,11.93,27.17,48.44
31,089980,상아프론테크,5,60,14,49,64,1.0,10.0,19.95,45.58,26.55,49.66
31,032500,케이엠더블유,5,60,14,49,64,1.0,10.0,19.95,-6.88,26.34,50.87
31,030520,한글과컴퓨터,5,120,14,39,79,1.0,10.0,19.23,5.15,22.56,47.18
31,078350,한양디지텍,5,120,14,39,79,1.0,10.0,19.23,27.52,26.68,50.52
31,126700,하이비젼시스템,5,120,14,39,79,1.0,10.0,19.23,0.0,26.24,49.88
31,243840,신흥에스이씨,5,120,14,39,79,1.0,10.0,19.23,0.0,27.17,48.44
31,101160,월덱스,5,120,14,39,79,1.0,10.0,19.23,4.18,27.45,50.78
31,089970,브이엠,5,120,14,39,79,1.0,10.0,19.23,0.0,28.09,50.04
31,089010,켐트로닉스,5,120,14,39,79,1.0,10.0,19.23,12.79,26.9,52.12
31,089980,상아프론테크,5,120,14,39,79,1.0,10.0,19.23,40.98,26.55,49.66
31,032500,케이엠더블유,5,120,14,39,79,1.0,10.0,19.23,41.24,26.34,50.87
31,060370,LS마린솔루션,5,120,14,39,79,1.0,10.0,19.23,35.29,27.5,49.16
31,005290,동진쎄미켐,5,120,14,39,79,1.0,10.0,19.23,23.66,29.33,47.51
31,251970,펌텍코리아,5,120,14,39,79,1.0,10.0,19.23,0.0,26.97,46.19
31,025900,동화기업,5,120,14,39,79,1.0,10.0,19.23,38.38,25.06,47.84
31,101490,에스앤에스텍,5,120,14,39,79,1.0,10.0,19.23,51.84,28.61,50.84
31,213420,덕산네오룩스,5,120,14,39,79,1.0,10.0,19.23,0.0,28.07,49.88
31,067310,하나마이크론,5,120,14,39,79,1.0,10.0,19.23,10.06,25.2,51.98
31,222800,심텍,5,120,14,39,79,1.0,10.0,19.23,123.08,29.51,49.58
31,036830,솔브레인홀딩스,5,120,14,39,79,1.0,10.0,19.23,17.24,28.55,50.06
31,263750,펄어비스,5,120,14,39,79,1.0,10.0,19.23,175.86,27.73,50.08
31,031330,에스에이엠티,5,120,14,39,79,1.0,10.0,19.23,0.0,25.24,50.05
31,029960,코엔텍,5,120,14,39,79,1.0,10.0,19.23,-3.47,26.21,46.66
31,053610,프로텍,5,120,14,39,79,1.0,10.0,19.23,0.0,24.54,48.58
31,114810,한솔아이원스,5,120,14,39,79,1.0,10.0,19.23,32.45,26.71,46.43
31,079940,가비아,5,120,14,39,79,1.0,10.0,19.23,0.0,28.38,49.38
31,032750,삼진,5,120,14,39,79,1.0,10.0,19.23,0.0,24.01,50.86
31,007530,와이엠,5,120,14,39,79,1.0,10.0,19.23,20.71,23.27,50.16
31,005670,푸드웰,5,120,14,39,79,1.0,10.0,19.23,0.0,25.53,47.57
31,019540,일지테크,5,120,14,39,79,1.0,10.0,19.23,1.39,25.16,48.61
31,039610,화성밸브,5,120,14,39,79,1.0,10.0,19.23,0.0,25.09,51.6
31,066620,국보디자인,5,120,14,39,79,1.0,10.0,19.23,0.0,25.26,46.6
31,355150,코스텍시스,5,120,14,39,79,1.0,10.0,19.23,0.0,30.69,47.75
31,091580,상신이디피,5,120,14,39,79,1.0,10.0,19.23,16.34,25.46,51.45
31,090470,제이스텍,5,120,14,39,79,1.0,10.0,19.23,-3.17,27.13,49.91
31,037070,파세코,5,120,14,39,79,1.0,10.0,19.23,44.37,25.02,49.09
31,083310,엘오티베큠,5,120,14,39,79,1.0,10.0,19.23,10.31,27.52,50.27
31,100790,미래에셋벤처투자,5,120,14,39,79,1.0,10.0,19.23,0.0,26.8,51.68
31,086980,쇼박스,5,120,14,39,79,1.0,10.0,19.23,-1.92,26.16,51.93
31,102120,어보브반도체,5,120,14,39,79,1.0,10.0,19.23,18.56,25.0,50.65
31,084110,휴온스글로벌,5,120,14,39,79,1.0,10.0,19.23,12.58,24.02,47.17
31,144960,뉴파워프라즈마,5,120,14,39,79,1.0,10.0,19.23,15.21,22.56,48.74
31,083930,아바코,5,120,14,39,79,1.0,10.0,19.23,0.0,22.36,49.01
31,092730,네오팜,5,120,14,39,79,1.0,10.0,19.23,37.15,23.73,48.26
31,053610,프로텍,5,60,14,29,59,1.0,10.0,18.87,0.0,24.54,48.58
31,086980,쇼박스,5,60,14,29,59,1.0,10.0,18.87,0.0,26.16,51.93
31,100790,미래에셋벤처투자,5,60,14,29,59,1.0,10.0,18.87,0.0,26.8,51.68
31,084110,휴온스글로벌,5,60,14,29,59,1.0,10.0,18.87,152.24,24.02,47.17
31,102120,어보브반도체,5,60,14,29,59,1.0,10.0,18.87,0.0,25.0,50.65
31,083310,엘오티베큠,5,60,14,29,59,1.0,10.0,18.87,0.0,27.52,50.27
31,144960,뉴파워프라즈마,5,60,14,29,59,1.0,10.0,18.87,53.56,22.56,48.74
31,083930,아바코,5,60,14,29,59,1.0,10.0,18.87,0.0,22.36,49.01
31,092730,네오팜,5,60,14,29,59,1.0,10.0,18.87,0.0,23.73,48.26
31,019540,일지테크,5,60,14,29,59,1.0,10.0,18.87,305.73,25.16,48.61
31,037070,파세코,5,60,14,29,59,1.0,10.0,18.87,23.65,25.02,49.09
31,079940,가비아,5,60,14,29,59,1.0,10.0,18.87,0.0,28.38,49.38
31,091580,상신이디피,5,60,14,29,59,1.0,10.0,18.87,28.71,25.46,51.45
31,355150,코스텍시스,5,60,14,29,59,1.0,10.0,18.87,0.0,30.69,47.75
31,090470,제이스텍,5,60,14,29,59,1.0,10.0,18.87,13.02,27.13,49.91
31,066620,국보디자인,5,60,14,29,59,1.0,10.0,18.87,0.0,25.26,46.6
31,039610,화성밸브,5,60,14,29,59,1.0,10.0,18.87,0.0,25.09,51.6
31,031330,에스에이엠티,5,60,14,29,59,1.0,10.0,18.87,0.0,25.24,50.05
31,032750,삼진,5,60,14,29,59,1.0,10.0,18.87,0.0,24.01,50.86
31,060370,LS마린솔루션,5,60,14,29,59,1.0,10.0,18.87,0.0,27.5,49.16
31,029960,코엔텍,5,60,14,29,59,1.0,10.0,18.87,0.0,26.21,46.66
31,030520,한글과컴퓨터,5,60,14,29,59,1.0,10.0,18.87,0.0,22.56,47.18
31,036830,솔브레인홀딩스,5,60,14,29,59,1.0,10.0,18.87,0.0,28.55,50.06
31,222800,심텍,5,60,14,29,59,1.0,10.0,18.87,0.0,29.51,49.58
31,067310,하나마이크론,5,60,14,29,59,1.0,10.0,18.87,0.0,25.2,51.98
31,213420,덕산네오룩스,5,60,14,29,59,1.0,10.0,18.87,0.0,28.07,49.88
31,101490,에스앤에스텍,5,60,14,29,59,1.0,10.0,18.87,0.0,28.61,50.84
31,025900,동화기업,5,60,14,29,59,1.0,10.0,18.87,34.46,25.06,47.84
31,251970,펌텍코리아,5,60,14,29,59,1.0,10.0,18.87,0.0,26.97,46.19
31,007530,와이엠,5,60,14,29,59,1.0,10.0,18.87,0.0,23.27,50.16
31,078350,한양디지텍,5,60,14,29,59,1.0,10.0,18.87,0.0,26.68,50.52
31,032500,케이엠더블유,5,60,14,29,59,1.0,10.0,18.87,31.69,26.34,50.87
31,089980,상아프론테크,5,60,14,29,59,1.0,10.0,18.87,117.87,26.55,49.66
31,089010,켐트로닉스,5,60,14,29,59,1.0,10.0,18.87,0.0,26.9,52.12
31,089970,브이엠,5,60,14,29,59,1.0,10.0,18.87,0.0,28.09,50.04
31,101160,월덱스,5,60,14,29,59,1.0,10.0,18.87,31.61,27.45,50.78
31,243840,신흥에스이씨,5,60,14,29,59,1.0,10.0,18.87,0.0,27.17,48.44
31,126700,하이비젼시스템,5,60,14,29,59,1.0,10.0,18.87,0.0,26.24,49.88
31,005670,푸드웰,5,60,14,29,59,1.0,10.0,18.87,0.0,25.53,47.57
31,114810,한솔아이원스,5,60,14,29,59,1.0,10.0,18.87,0.0,26.71,46.43
31,005290,동진쎄미켐,5,60,14,29,59,1.0,10.0,18.87,0.0,29.33,47.51
31,263750,펄어비스,5,60,14,29,59,1.0,10.0,18.87,0.0,27.73,50.08
31,037070,파세코,5,120,14,29,54,1.0,10.0,18.64,13.39,25.02,49.09
31,100790,미래에셋벤처투자,5,120,14,29,54,1.0,10.0,18.64,0.0,26.8,51.68
31,084110,휴온스글로벌,5,120,14,29,54,1.0,10.0,18.64,149.21,24.02,47.17
31,102120,어보브반도체,5,120,14,29,54,1.0,10.0,18.64,0.0,25.0,50.65
31,083310,엘오티베큠,5,120,14,29,54,1.0,10.0,18.64,0.0,27.52,50.27
31,144960,뉴파워프라즈마,5,120,14,29,54,1.0,10.0,18.64,0.0,22.56,48.74
31,083930,아바코,5,120,14,29,54,1.0,10.0,18.64,0.0,22.36,49.01
31,092730,네오팜,5,120,14,29,54,1.0,10.0,18.64,0.0,23.73,48.26
31,086980,쇼박스,5,120,14,29,54,1.0,10.0,18.64,0.0,26.16,51.93
31,079940,가비아,5,120,14,29,54,1.0,10.0,18.64,0.0,28.38,49.38
31,263750,펄어비스,5,120,14,29,54,1.0,10.0,18.64,0.0,27.73,50.08
31,091580,상신이디피,5,120,14,29,54,1.0,10.0,18.64,9.56,25.46,51.45
31,355150,코스텍시스,5,120,14,29,54,1.0,10.0,18.64,0.0,30.69,47.75
31,090470,제이스텍,5,120,14,29,54,1.0,10.0,18.64,107.93,27.13,49.91
31,066620,국보디자인,5,120,14,29,54,1.0,10.0,18.64,0.0,25.26,46.6
31,039610,화성밸브,5,120,14,29,54,1.0,10.0,18.64,0.0,25.09,51.6
31,019540,일지테크,5,120,14,29,54,1.0,10.0,18.64,204.25,25.16,48.61
31,005670,푸드웰,5,120,14,29,54,1.0,10.0,18.64,0.0,25.53,47.57
31,053610,프로텍,5,120,14,29,54,1.0,10.0,18.64,0.0,24.54,48.58
31,005290,동진쎄미켐,5,120,14,29,54,1.0,10.0,18.64,0.0,29.33,47.51
31,031330,에스에이엠티,5,120,14,29,54,1.0,10.0,18.64,0.0,25.24,50.05
31,029960,코엔텍,5,120,14,29,54,1.0,10.0,18.64,0.0,26.21,46.66
31,036830,솔브레인홀딩스,5,120,14,29,54,1.0,10.0,18.64,0.0,28.55,50.06
31,222800,심텍,5,120,14,29,54,1.0,10.0,18.64,0.0,29.51,49.58
31,067310,하나마이크론,5,120,14,29,54,1.0,10.0,18.64,0.0,25.2,51.98
31,213420,덕산네오룩스,5,120,14,29,54,1.0,10.0,18.64,0.0,28.07,49.88
31,101490,에스앤에스텍,5,120,14,29,54,1.0,10.0,18.64,0.0,28.61,50.84
31,025900,동화기업,5,120,14,29,54,1.0,10.0,18.64,13.48,25.06,47.84
31,251970,펌텍코리아,5,120,14,29,54,1.0,10.0,18.64,0.0,26.97,46.19
31,030520,한글과컴퓨터,5,120,14,29,54,1.0,10.0,18.64,0.0,22.56,47.18
31,060370,LS마린솔루션,5,120,14,29,54,1.0,10.0,18.64,0.0,27.5,49.16
31,032500,케이엠더블유,5,120,14,29,54,1.0,10.0,18.64,0.0,26.34,50.87
31,089980,상아프론테크,5,120,14,29,54,1.0,10.0,18.64,126.52,26.55,49.66
31,089010,켐트로닉스,5,120,14,29,54,1.0,10.0,18.64,0.0,26.9,52.12
31,089970,브이엠,5,120,14,29,54,1.0,10.0,18.64,0.0,28.09,50.04
31,101160,월덱스,5,120,14,29,54,1.0,10.0,18.64,158.58,27.45,50.78
31,243840,신흥에스이씨,5,120,14,29,54,1.0,10.0,18.64,0.0,27.17,48.44
31,126700,하이비젼시스템,5,120,14,29,54,1.0,10.0,18.64,0.0,26.24,49.88
31,078350,한양디지텍,5,120,14,29,54,1.0,10.0,18.64,0.0,26.68,50.52
31,114810,한솔아이원스,5,120,14,29,54,1.0,10.0,18.64,0.0,26.71,46.43
31,007530,와이엠,5,120,14,29,54,1.0,10.0,18.64,0.0,23.27,50.16
31,032750,삼진,5,120,14,29,54,1.0,10.0,18.64,0.0,24.01,50.86
31,029960,코엔텍,5,60,14,49,79,1.0,10.0,18.29,10.7,26.21,46.66
31,114810,한솔아이원스,5,60,14,49,79,1.0,10.0,18.29,3.37,26.71,46.43
31,053610,프로텍,5,60,14,49,79,1.0,10.0,18.29,16.14,24.54,48.58
31,100790,미래에셋벤처투자,5,60,14,49,79,1.0,10.0,18.29,42.41,26.8,51.68
31,084110,휴온스글로벌,5,60,14,49,79,1.0,10.0,18.29,8.45,24.02,47.17
31,102120,어보브반도체,5,60,14,49,79,1.0,10.0,18.29,19.82,25.0,50.65
31,083310,엘오티베큠,5,60,14,49,79,1.0,10.0,18.29,23.11,27.52,50.27
31,144960,뉴파워프라즈마,5,60,14,49,79,1.0,10.0,18.29,10.13,22.56,48.74
31,083930,아바코,5,60,14,49,79,1.0,10.0,18.29,6.81,22.36,49.01
31,092730,네오팜,5,60,14,49,79,1.0,10.0,18.29,12.48,23.73,48.26
31,086980,쇼박스,5,60,14,49,79,1.0,10.0,18.29,0.46,26.16,51.93
31,037070,파세코,5,60,14,49,79,1.0,10.0,18.29,19.8,25.02,49.09
31,079940,가비아,5,60,14,49,79,1.0,10.0,18.29,11.17,28.38,49.38
31,091580,상신이디피,5,60,14,49,79,1.0,10.0,18.29,13.48,25.46,51.45
31,355150,코스텍시스,5,60,14,49,79,1.0,10.0,18.29,72.94,30.69,47.75
31,090470,제이스텍,5,60,14,49,79,1.0,10.0,18.29,18.26,27.13,49.91
31,066620,국보디자인,5,60,14,49,79,1.0,10.0,18.29,-1.31,25.26,46.6
31,039610,화성밸브,5,60,14,49,79,1.0,10.0,18.29,9.26,25.09,51.6
31,031330,에스에이엠티,5,60,14,49,79,1.0,10.0,18.29,11.86,25.24,50.05
31,078350,한양디지텍,5,60,14,49,79,1.0,10.0,18.29,27.67,26.68,50.52
31,005670,푸드웰,5,60,14,49,79,1.0,10.0,18.29,17.1,25.53,47.57
31,126700,하이비젼시스템,5,60,14,49,79,1.0,10.0,18.29,14.5,26.24,49.88
31,263750,펄어비스,5,60,14,49,79,1.0,10.0,18.29,23.5,27.73,50.08
31,005290,동진쎄미켐,5,60,14,49,79,1.0,10.0,18.29,29.9,29.33,47.51
31,036830,솔브레인홀딩스,5,60,14,49,79,1.0,10.0,18.29,13.39,28.55,50.06
31,222800,심텍,5,60,14,49,79,1.0,10.0,18.29,38.36,29.51,49.58
31,067310,하나마이크론,5,60,14,49,79,1.0,10.0,18.29,10.47,25.2,51.98
31,213420,덕산네오룩스,5,60,14,49,79,1.0,10.0,18.29,33.37,28.07,49.88
31,101490,에스앤에스텍,5,60,14,49,79,1.0,10.0,18.29,24.28,28.61,50.84
31,025900,동화기업,5,60,14,49,79,1.0,10.0,18.29,16.99,25.06,47.84
31,251970,펌텍코리아,5,60,14,49,79,1.0,10.0,18.29,30.31,26.97,46.19
31,030520,한글과컴퓨터,5,60,14,49,79,1.0,10.0,18.29,1.59,22.56,47.18
31,060370,LS마린솔루션,5,60,14,49,79,1.0,10.0,18.29,14.08,27.5,49.16
31,032500,케이엠더블유,5,60,14,49,79,1.0,10.0,18.29,17.86,26.34,50.87
31,089980,상아프론테크,5,60,14,49,79,1.0,10.0,18.29,26.1,26.55,49.66
31,089010,켐트로닉스,5,60,14,49,79,1.0,10.0,18.29,20.02,26.9,52.12
31,089970,브이엠,5,60,14,49,79,1.0,10.0,18.29,45.25,28.09,50.04
31,101160,월덱스,5,60,14,49,79,1.0,10.0,18.29,5.69,27.45,50.78
31,243840,신흥에스이씨,5,60,14,49,79,1.0,10.0,18.29,32.72,27.17,48.44
31,019540,일지테크,5,60,14,49,79,1.0,10.0,18.29,-4.56,25.16,48.61
31,007530,와이엠,5,60,14,49,79,1.0,10.0,18.29,14.69,23.27,50.16
31,032750,삼진,5,60,14,49,79,1.0,10.0,18.29,5.76,24.01,50.86
31,263750,펄어비스,5,60,14,29,64,1.0,10.0,18.04,0.0,27.73,50.08
31,032500,케이엠더블유,5,60,14,29,64,1.0,10.0,18.04,31.69,26.34,50.87
31,029960,코엔텍,5,60,14,29,64,1.0,10.0,18.04,0.0,26.21,46.66
31,078350,한양디지텍,5,60,14,29,64,1.0,10.0,18.04,0.0,26.68,50.52
31,126700,하이비젼시스템,5,60,14,29,64,1.0,10.0,18.04,0.0,26.24,49.88
31,243840,신흥에스이씨,5,60,14,29,64,1.0,10.0,18.04,0.0,27.17,48.44
31,101160,월덱스,5,60,14,29,64,1.0,10.0,18.04,45.72,27.45,50.78
31,089970,브이엠,5,60,14,29,64,1.0,10.0,18.04,0.0,28.09,50.04
31,089010,켐트로닉스,5,60,14,29,64,1.0,10.0,18.04,0.0,26.9,52.12
31,089980,상아프론테크,5,60,14,29,64,1.0,10.0,18.04,116.48,26.55,49.66
31,060370,LS마린솔루션,5,60,14,29,64,1.0,10.0,18.04,0.0,27.5,49.16
31,030520,한글과컴퓨터,5,60,14,29,64,1.0,10.0,18.04,0.0,22.56,47.18
31,251970,펌텍코리아,5,60,14,29,64,1.0,10.0,18.04,0.0,26.97,46.19
31,025900,동화기업,5,60,14,29,64,1.0,10.0,18.04,34.46,25.06,47.84
31,101490,에스앤에스텍,5,60,14,29,64,1.0,10.0,18.04,0.0,28.61,50.84
31,213420,덕산네오룩스,5,60,14,29,64,1.0,10.0,18.04,0.0,28.07,49.88
31,067310,하나마이크론,5,60,14,29,64,1.0,10.0,18.04,0.0,25.2,51.98
31,222800,심텍,5,60,14,29,64,1.0,10.0,18.04,0.0,29.51,49.58
31,036830,솔브레인홀딩스,5,60,14,29,64,1.0,10.0,18.04,0.0,28.55,50.06
31,031330,에스에이엠티,5,60,14,29,64,1.0,10.0,18.04,0.0,25.24,50.05
31,053610,프로텍,5,60,14,29,64,1.0,10.0,18.04,0.0,24.54,48.58
31,100790,미래에셋벤처투자,5,60,14,29,64,1.0,10.0,18.04,0.0,26.8,51.68
31,084110,휴온스글로벌,5,60,14,29,64,1.0,10.0,18.04,90.18,24.02,47.17
31,032750,삼진,5,60,14,29,64,1.0,10.0,18.04,0.0,24.01,50.86
31,007530,와이엠,5,60,14,29,64,1.0,10.0,18.04,0.0,23.27,50.16
31,005670,푸드웰,5,60,14,29,64,1.0,10.0,18.04,0.0,25.53,47.57
31,019540,일지테크,5,60,14,29,64,1.0,10.0,18.04,305.73,25.16,48.61
31,039610,화성밸브,5,60,14,29,64,1.0,10.0,18.04,0.0,25.09,51.6
31,066620,국보디자인,5,60,14,29,64,1.0,10.0,18.04,0.0,25.26,46.6
31,090470,제이스텍,5,60,14,29,64,1.0,10.0,18.04,1.89,27.13,49.91
31,355150,코스텍시스,5,60,14,29,64,1.0,10.0,18.04,0.0,30.69,47.75
31,091580,상신이디피,5,60,14,29,64,1.0,10.0,18.04,34.2,25.46,51.45
31,079940,가비아,5,60,14,29,64,1.0,10.0,18.04,0.0,28.38,49.38
31,037070,파세코,5,60,14,29,64,1.0,10.0,18.04,23.65,25.02,49.09
31,086980,쇼박스,5,60,14,29,64,1.0,10.0,18.04,0.0,26.16,51.93
31,092730,네오팜,5,60,14,29,64,1.0,10.0,18.04,0.0,23.73,48.26
31,083930,아바코,5,60,14,29,64,1.0,10.0,18.04,0.0,22.36,49.01
31,144960,뉴파워프라즈마,5,60,14,29,64,1.0,10.0,18.04,73.59,22.56,48.74
31,083310,엘오티베큠,5,60,14,29,64,1.0,10.0,18.04,0.0,27.52,50.27
31,102120,어보브반도체,5,60,14,29,64,1.0,10.0,18.04,0.0,25.0,50.65
31,005290,동진쎄미켐,5,60,14,29,64,1.0,10.0,18.04,0.0,29.33,47.51
31,114810,한솔아이원스,5,60,14,29,64,1.0,10.0,18.04,0.0,26.71,46.43
31,263750,펄어비스,5,120,14,34,79,1.0,10.0,17.93,0.0,27.73,50.08
31,079940,가비아,5,120,14,34,79,1.0,10.0,17.93,0.0,28.38,49.38
31,084110,휴온스글로벌,5,120,14,34,79,1.0,10.0,17.93,12.58,24.02,47.17
31,102120,어보브반도체,5,120,14,34,79,1.0,10.0,17.93,0.0,25.0,50.65
31,083310,엘오티베큠,5,120,14,34,79,1.0,10.0,17.93,0.0,27.52,50.27
31,144960,뉴파워프라즈마,5,120,14,34,79,1.0,10.0,17.93,0.0,22.56,48.74
31,083930,아바코,5,120,14,34,79,1.0,10.0,17.93,0.0,22.36,49.01
31,092730,네오팜,5,120,14,34,79,1.0,10.0,17.93,0.0,23.73,48.26
31,086980,쇼박스,5,120,14,34,79,1.0,10.0,17.93,0.0,26.16,51.93
31,037070,파세코,5,120,14,34,79,1.0,10.0,17.93,42.13,25.02,49.09
31,091580,상신이디피,5,120,14,34,79,1.0,10.0,17.93,16.34,25.46,51.45
31,053610,프로텍,5,120,14,34,79,1.0,10.0,17.93,0.0,24.54,48.58
31,355150,코스텍시스,5,120,14,34,79,1.0,10.0,17.93,0.0,30.69,47.75
31,090470,제이스텍,5,120,14,34,79,1.0,10.0,17.93,-3.17,27.13,49.91
31,066620,국보디자인,5,120,14,34,79,1.0,10.0,17.93,0.0,25.26,46.6
31,039610,화성밸브,5,120,14,34,79,1.0,10.0,17.93,0.0,25.09,51.6
31,019540,일지테크,5,120,14,34,79,1.0,10.0,17.93,1.39,25.16,48.61
31,005670,푸드웰,5,120,14,34,79,1.0,10.0,17.93,0.0,25.53,47.57
31,007530,와이엠,5,120,14,34,79,1.0,10.0,17.93,0.0,23.27,50.16
31,032750,삼진,5,120,14,34,79,1.0,10.0,17.93,0.0,24.01,50.86
31,100790,미래에셋벤처투자,5,120,14,34,79,1.0,10.0,17.93,0.0,26.8,51.68
31,114810,한솔아이원스,5,120,14,34,79,1.0,10.0,17.93,32.45,26.71,46.43
31,032500,케이엠더블유,5,120,14,34,79,1.0,10.0,17.93,4.45,26.34,50.87
31,060370,LS마린솔루션,5,120,14,34,79,1.0,10.0,17.93,0.0,27.5,49.16
31,036830,솔브레인홀딩스,5,120,14,34,79,1.0,10.0,17.93,0.0,28.55,50.06
31,222800,심텍,5,120,14,34,79,1.0,10.0,17.93,123.08,29.51,49.58
31,067310,하나마이크론,5,120,14,34,79,1.0,10.0,17.93,0.0,25.2,51.98
31,213420,덕산네오룩스,5,120,14,34,79,1.0,10.0,17.93,0.0,28.07,49.88
31,101490,에스앤에스텍,5,120,14,34,79,1.0,10.0,17.93,369.54,28.61,50.84
31,025900,동화기업,5,120,14,34,79,1.0,10.0,17.93,40.96,25.06,47.84
31,251970,펌텍코리아,5,120,14,34,79,1.0,10.0,17.93,0.0,26.97,46.19
31,030520,한글과컴퓨터,5,120,14,34,79,1.0,10.0,17.93,16.09,22.56,47.18
31,005290,동진쎄미켐,5,120,14,34,79,1.0,10.0,17.93,0.0,29.33,47.51
31,031330,에스에이엠티,5,120,14,34,79,1.0,10.0,17.93,0.0,25.24,50.05
31,089980,상아프론테크,5,120,14,34,79,1.0,10.0,17.93,36.99,26.55,49.66
31,089010,켐트로닉스,5,120,14,34,79,1.0,10.0,17.93,12.79,26.9,52.12
31,089970,브이엠,5,120,14,34,79,1.0,10.0,17.93,0.0,28.09,50.04
31,101160,월덱스,5,120,14,34,79,1.0,10.0,17.93,47.34,27.45,50.78
31,243840,신흥에스이씨,5,120,14,34,79,1.0,10.0,17.93,0.0,27.17,48.44
31,126700,하이비젼시스템,5,120,14,34,79,1.0,10.0,17.93,0.0,26.24,49.88
31,078350,한양디지텍,5,120,14,34,79,1.0,10.0,17.93,0.0,26.68,50.52
31,029960,코엔텍,5,120,14,34,79,1.0,10.0,17.93,0.0,26.21,46.66
31,005290,동진쎄미켐,5,120,14,29,59,1.0,10.0,13.98,0.0,29.33,47.51
31,263750,펄어비스,5,120,14,29,59,1.0,10.0,13.98,0.0,27.73,50.08
31,032750,삼진,5,120,14,29,59,1.0,10.0,13.98,0.0,24.01,50.86
31,031330,에스에이엠티,5,120,14,29,59,1.0,10.0,13.98,0.0,25.24,50.05
31,053610,프로텍,5,120,14,29,59,1.0,10.0,13.98,0.0,24.54,48.58
31,100790,미래에셋벤처투자,5,120,14,29,59,1.0,10.0,13.98,0.0,26.8,51.68
31,084110,휴온스글로벌,5,120,14,29,59,1.0,10.0,13.98,149.21,24.02,47.17
31,102120,어보브반도체,5,120,14,29,59,1.0,10.0,13.98,0.0,25.0,50.65
31,083310,엘오티베큠,5,120,14,29,59,1.0,10.0,13.98,0.0,27.52,50.27
31,144960,뉴파워프라즈마,5,120,14,29,59,1.0,10.0,13.98,0.0,22.56,48.74
31,083930,아바코,5,120,14,29,59,1.0,10.0,13.98,0.0,22.36,49.01
31,092730,네오팜,5,120,14,29,59,1.0,10.0,13.98,0.0,23.73,48.26
31,086980,쇼박스,5,120,14,29,59,1.0,10.0,13.98,0.0,26.16,51.93
31,037070,파세코,5,120,14,29,59,1.0,10.0,13.98,20.81,25.02,49.09
31,079940,가비아,5,120,14,29,59,1.0,10.0,13.98,0.0,28.38,49.38
31,091580,상신이디피,5,120,14,29,59,1.0,10.0,13.98,10.72,25.46,51.45
31,355150,코스텍시스,5,120,14,29,59,1.0,10.0,13.98,0.0,30.69,47.75
31,090470,제이스텍,5,120,14,29,59,1.0,10.0,13.98,5.82,27.13,49.91
31,066620,국보디자인,5,120,14,29,59,1.0,10.0,13.98,0.0,25.26,46.6
31,039610,화성밸브,5,120,14,29,59,1.0,10.0,13.98,0.0,25.09,51.6
31,019540,일지테크,5,120,14,29,59,1.0,10.0,13.98,204.25,25.16,48.61
31,114810,한솔아이원스,5,120,14,29,59,1.0,10.0,13.98,0.0,26.71,46.43
31,029960,코엔텍,5,120,14,29,59,1.0,10.0,13.98,0.0,26.21,46.66
31,007530,와이엠,5,120,14,29,59,1.0,10.0,13.98,0.0,23.27,50.16
31,078350,한양디지텍,5,120,14,29,59,1.0,10.0,13.98,0.0,26.68,50.52
31,036830,솔브레인홀딩스,5,120,14,29,59,1.0,10.0,13.98,0.0,28.55,50.06
31,222800,심텍,5,120,14,29,59,1.0,10.0,13.98,0.0,29.51,49.58
31,067310,하나마이크론,5,120,14,29,59,1.0,10.0,13.98,0.0,25.2,51.98
31,213420,덕산네오룩스,5,120,14,29,59,1.0,10.0,13.98,0.0,28.07,49.88
31,101490,에스앤에스텍,5,120,14,29,59,1.0,10.0,13.98,0.0,28.61,50.84
31,025900,동화기업,5,120,14,29,59,1.0,10.0,13.98,46.02,25.06,47.84
31,251970,펌텍코리아,5,120,14,29,59,1.0,10.0,13.98,0.0,26.97,46.19
31,030520,한글과컴퓨터,5,120,14,29,59,1.0,10.0,13.98,0.0,22.56,47.18
31,060370,LS마린솔루션,5,120,14,29,59,1.0,10.0,13.98,0.0,27.5,49.16
31,032500,케이엠더블유,5,120,14,29,59,1.0,10.0,13.98,0.0,26.34,50.87
31,089980,상아프론테크,5,120,14,29,59,1.0,10.0,13.98,126.52,26.55,49.66
31,089010,켐트로닉스,5,120,14,29,59,1.0,10.0,13.98,0.0,26.9,52.12
31,089970,브이엠,5,120,14,29,59,1.0,10.0,13.98,0.0,28.09,50.04
31,101160,월덱스,5,120,14,29,59,1.0,10.0,13.98,23.9,27.45,50.78
31,243840,신흥에스이씨,5,120,14,29,59,1.0,10.0,13.98,0.0,27.17,48.44
31,126700,하이비젼시스템,5,120,14,29,59,1.0,10.0,13.98,0.0,26.24,49.88
31,005670,푸드웰,5,120,14,29,59,1.0,10.0,13.98,0.0,25.53,47.57
31,263750,펄어비스,5,60,14,34,79,1.0,10.0,12.88,0.0,27.73,50.08
31,036830,솔브레인홀딩스,5,60,14,34,79,1.0,10.0,12.88,0.0,28.55,50.06
31,222800,심텍,5,60,14,34,79,1.0,10.0,12.88,125.16,29.51,49.58
31,032750,삼진,5,60,14,34,79,1.0,10.0,12.88,0.0,24.01,50.86
31,031330,에스에이엠티,5,60,14,34,79,1.0,10.0,12.88,0.0,25.24,50.05
31,029960,코엔텍,5,60,14,34,79,1.0,10.0,12.88,0.0,26.21,46.66
31,078350,한양디지텍,5,60,14,34,79,1.0,10.0,12.88,0.0,26.68,50.52
31,126700,하이비젼시스템,5,60,14,34,79,1.0,10.0,12.88,0.0,26.24,49.88
31,243840,신흥에스이씨,5,60,14,34,79,1.0,10.0,12.88,0.0,27.17,48.44
31,101160,월덱스,5,60,14,34,79,1.0,10.0,12.88,37.24,27.45,50.78
31,089970,브이엠,5,60,14,34,79,1.0,10.0,12.88,0.0,28.09,50.04
31,089010,켐트로닉스,5,60,14,34,79,1.0,10.0,12.88,14.26,26.9,52.12
31,089980,상아프론테크,5,60,14,34,79,1.0,10.0,12.88,36.68,26.55,49.66
31,032500,케이엠더블유,5,60,14,34,79,1.0,10.0,12.88,42.11,26.34,50.87
31,060370,LS마린솔루션,5,60,14,34,79,1.0,10.0,12.88,0.0,27.5,49.16
31,030520,한글과컴퓨터,5,60,14,34,79,1.0,10.0,12.88,16.04,22.56,47.18
31,251970,펌텍코리아,5,60,14,34,79,1.0,10.0,12.88,0.0,26.97,46.19
31,025900,동화기업,5,60,14,34,79,1.0,10.0,12.88,34.46,25.06,47.84
31,101490,에스앤에스텍,5,60,14,34,79,1.0,10.0,12.88,22.21,28.61,50.84
31,213420,덕산네오룩스,5,60,14,34,79,1.0,10.0,12.88,0.0,28.07,49.88
31,067310,하나마이크론,5,60,14,34,79,1.0,10.0,12.88,0.0,25.2,51.98
31,005290,동진쎄미켐,5,60,14,34,79,1.0,10.0,12.88,25.73,29.33,47.51
31,053610,프로텍,5,60,14,34,79,1.0,10.0,12.88,0.0,24.54,48.58
31,079940,가비아,5,60,14,34,79,1.0,10.0,12.88,0.0,28.38,49.38
31,100790,미래에셋벤처투자,5,60,14,34,79,1.0,10.0,12.88,0.0,26.8,51.68
31,007530,와이엠,5,60,14,34,79,1.0,10.0,12.88,26.57,23.27,50.16
31,005670,푸드웰,5,60,14,34,79,1.0,10.0,12.88,0.0,25.53,47.57
31,019540,일지테크,5,60,14,34,79,1.0,10.0,12.88,2.74,25.16,48.61
31,039610,화성밸브,5,60,14,34,79,1.0,10.0,12.88,0.0,25.09,51.6
31,066620,국보디자인,5,60,14,34,79,1.0,10.0,12.88,0.0,25.26,46.6
31,090470,제이스텍,5,60,14,34,79,1.0,10.0,12.88,1.89,27.13,49.91
31,355150,코스텍시스,5,60,14,34,79,1.0,10.0,12.88,0.0,30.69,47.75
31,091580,상신이디피,5,60,14,34,79,1.0,10.0,12.88,18.87,25.46,51.45
31,114810,한솔아이원스,5,60,14,34,79,1.0,10.0,12.88,17.07,26.71,46.43
31,037070,파세코,5,60,14,34,79,1.0,10.0,12.88,42.1,25.02,49.09
31,086980,쇼박스,5,60,14,34,79,1.0,10.0,12.88,0.0,26.16,51.93
31,092730,네오팜,5,60,14,34,79,1.0,10.0,12.88,38.04,23.73,48.26
31,083930,아바코,5,60,14,34,79,1.0,10.0,12.88,0.0,22.36,49.01
31,144960,뉴파워프라즈마,5,60,14,34,79,1.0,10.0,12.88,10.13,22.56,48.74
31,083310,엘오티베큠,5,60,14,34,79,1.0,10.0,12.88,14.55,27.52,50.27
31,102120,어보브반도체,5,60,14,34,79,1.0,10.0,12.88,0.0,25.0,50.65
31,084110,휴온스글로벌,5,60,14,34,79,1.0,10.0,12.88,15.2,24.02,47.17
31,036830,솔브레인홀딩스,5,120,14,29,64,1.0,10.0,12.85,0.0,28.55,50.06
31,005290,동진쎄미켐,5,120,14,29,64,1.0,10.0,12.85,0.0,29.33,47.51
31,032750,삼진,5,120,14,29,64,1.0,10.0,12.85,0.0,24.01,50.86
31,053610,프로텍,5,120,14,29,64,1.0,10.0,12.85,0.0,24.54,48.58
31,084110,휴온스글로벌,5,120,14,29,64,1.0,10.0,12.85,83.73,24.02,47.17
31,102120,어보브반도체,5,120,14,29,64,1.0,10.0,12.85,0.0,25.0,50.65
31,083310,엘오티베큠,5,120,14,29,64,1.0,10.0,12.85,0.0,27.52,50.27
31,144960,뉴파워프라즈마,5,120,14,29,64,1.0,10.0,12.85,0.0,22.56,48.74
31,083930,아바코,5,120,14,29,64,1.0,10.0,12.85,0.0,22.36,49.01
31,092730,네오팜,5,120,14,29,64,1.0,10.0,12.85,0.0,23.73,48.26
31,086980,쇼박스,5,120,14,29,64,1.0,10.0,12.85,0.0,26.16,51.93
31,079940,가비아,5,120,14,29,64,1.0,10.0,12.85,0.0,28.38,49.38
31,091580,상신이디피,5,120,14,29,64,1.0,10.0,12.85,26.4,25.46,51.45
31,355150,코스텍시스,5,120,14,29,64,1.0,10.0,12.85,0.0,30.69,47.75
31,090470,제이스텍,5,120,14,29,64,1.0,10.0,12.85,-3.17,27.13,49.91
31,066620,국보디자인,5,120,14,29,64,1.0,10.0,12.85,0.0,25.26,46.6
31,039610,화성밸브,5,120,14,29,64,1.0,10.0,12.85,0.0,25.09,51.6
31,019540,일지테크,5,120,14,29,64,1.0,10.0,12.85,204.25,25.16,48.61
31,005670,푸드웰,5,120,14,29,64,1.0,10.0,12.85,0.0,25.53,47.57
31,007530,와이엠,5,120,14,29,64,1.0,10.0,12.85,0.0,23.27,50.16
31,263750,펄어비스,5,120,14,29,64,1.0,10.0,12.85,0.0,27.73,50.08
31,100790,미래에셋벤처투자,5,120,14,29,64,1.0,10.0,12.85,0.0,26.8,51.68
31,037070,파세코,5,120,14,29,64,1.0,10.0,12.85,20.81,25.02,49.09
31,114810,한솔아이원스,5,120,14,29,64,1.0,10.0,12.85,0.0,26.71,46.43
31,089980,상아프론테크,5,120,14,29,64,1.0,10.0,12.85,123.96,26.55,49.66
31,031330,에스에이엠티,5,120,14,29,64,1.0,10.0,12.85,0.0,25.24,50.05
31,067310,하나마이크론,5,120,14,29,64,1.0,10.0,12.85,0.0,25.2,51.98
31,213420,덕산네오룩스,5,120,14,29,64,1.0,10.0,12.85,0.0,28.07,49.88
31,101490,에스앤에스텍,5,120,14,29,64,1.0,10.0,12.85,0.0,28.61,50.84
31,025900,동화기업,5,120,14,29,64,1.0,10.0,12.85,46.02,25.06,47.84
31,030520,한글과컴퓨터,5,120,14,29,64,1.0,10.0,12.85,0.0,22.56,47.18
31,060370,LS마린솔루션,5,120,14,29,64,1.0,10.0,12.85,0.0,27.5,49.16
31,032500,케이엠더블유,5,120,14,29,64,1.0,10.0,12.85,0.0,26.34,50.87
31,251970,펌텍코리아,5,120,14,29,64,1.0,10.0,12.85,0.0,26.97,46.19
31,029960,코엔텍,5,120,14,29,64,1.0,10.0,12.85,0.0,26.21,46.66
31,243840,신흥에스이씨,5,120,14,29,64,1.0,10.0,12.85,0.0,27.17,48.44
31,089010,켐트로닉스,5,120,14,29,64,1.0,10.0,12.85,0.0,26.9,52.12
31,078350,한양디지텍,5,120,14,29,64,1.0,10.0,12.85,0.0,26.68,50.52
31,126700,하이비젼시스템,5,120,14,29,64,1.0,10.0,12.85,0.0,26.24,49.88
31,222800,심텍,5,120,14,29,64,1.0,10.0,12.85,0.0,29.51,49.58
31,101160,월덱스,5,120,14,29,64,1.0,10.0,12.85,37.86,27.45,50.78
31,089970,브이엠,5,120,14,29,64,1.0,10.0,12.85,0.0,28.09,50.04
31,089970,브이엠,5,60,14,29,69,1.0,10.0,11.9,0.0,28.09,50.04
31,114810,한솔아이원스,5,60,14,29,69,1.0,10.0,11.9,0.0,26.71,46.43
31,031330,에스에이엠티,5,60,14,29,69,1.0,10.0,11.9,0.0,25.24,50.05
31,029960,코엔텍,5,60,14,29,69,1.0,10.0,11.9,0.0,26.21,46.66
31,078350,한양디지텍,5,60,14,29,69,1.0,10.0,11.9,0.0,26.68,50.52
31,126700,하이비젼시스템,5,60,14,29,69,1.0,10.0,11.9,0.0,26.24,49.88
31,243840,신흥에스이씨,5,60,14,29,69,1.0,10.0,11.9,0.0,27.17,48.44
31,101160,월덱스,5,60,14,29,69,1.0,10.0,11.9,45.72,27.45,50.78
31,053610,프로텍,5,60,14,29,69,1.0,10.0,11.9,0.0,24.54,48.58
31,213420,덕산네오룩스,5,60,14,29,69,1.0,10.0,11.9,0.0,28.07,49.88
31,089010,켐트로닉스,5,60,14,29,69,1.0,10.0,11.9,0.0,26.9,52.12
31,089980,상아프론테크,5,60,14,29,69,1.0,10.0,11.9,118.39,26.55,49.66
31,032500,케이엠더블유,5,60,14,29,69,1.0,10.0,11.9,31.69,26.34,50.87
31,060370,LS마린솔루션,5,60,14,29,69,1.0,10.0,11.9,0.0,27.5,49.16
31,030520,한글과컴퓨터,5,60,14,29,69,1.0,10.0,11.9,0.0,22.56,47.18
31,251970,펌텍코리아,5,60,14,29,69,1.0,10.0,11.9,0.0,26.97,46.19
31,025900,동화기업,5,60,14,29,69,1.0,10.0,11.9,34.46,25.06,47.84
31,101490,에스앤에스텍,5,60,14,29,69,1.0,10.0,11.9,0.0,28.61,50.84
31,084110,휴온스글로벌,5,60,14,29,69,1.0,10.0,11.9,119.79,24.02,47.17
31,100790,미래에셋벤처투자,5,60,14,29,69,1.0,10.0,11.9,0.0,26.8,51.68
31,036830,솔브레인홀딩스,5,60,14,29,69,1.0,10.0,11.9,0.0,28.55,50.06
31,102120,어보브반도체,5,60,14,29,69,1.0,10.0,11.9,0.0,25.0,50.65
31,066620,국보디자인,5,60,14,29,69,1.0,10.0,11.9,0.0,25.26,46.6
31,263750,펄어비스,5,60,14,29,69,1.0,10.0,11.9,0.0,27.73,50.08
31,222800,심텍,5,60,14,29,69,1.0,10.0,11.9,0.0,29.51,49.58
31,005290,동진쎄미켐,5,60,14,29,69,1.0,10.0,11.9,0.0,29.33,47.51
31,032750,삼진,5,60,14,29,69,1.0,10.0,11.9,0.0,24.01,50.86
31,007530,와이엠,5,60,14,29,69,1.0,10.0,11.9,0.0,23.27,50.16
31,005670,푸드웰,5,60,14,29,69,1.0,10.0,11.9,0.0,25.53,47.57
31,019540,일지테크,5,60,14,29,69,1.0,10.0,11.9,15.89,25.16,48.61
31,039610,화성밸브,5,60,14,29,69,1.0,10.0,11.9,0.0,25.09,51.6
31,090470,제이스텍,5,60,14,29,69,1.0,10.0,11.9,1.89,27.13,49.91
31,083310,엘오티베큠,5,60,14,29,69,1.0,10.0,11.9,0.0,27.52,50.27
31,355150,코스텍시스,5,60,14,29,69,1.0,10.0,11.9,0.0,30.69,47.75
31,091580,상신이디피,5,60,14,29,69,1.0,10.0,11.9,34.2,25.46,51.45
31,079940,가비아,5,60,14,29,69,1.0,10.0,11.9,0.0,28.38,49.38
31,037070,파세코,5,60,14,29,69,1.0,10.0,11.9,42.1,25.02,49.09
31,086980,쇼박스,5,60,14,29,69,1.0,10.0,11.9,0.0,26.16,51.93
31,092730,네오팜,5,60,14,29,69,1.0,10.0,11.9,0.0,23.73,48.26
31,083930,아바코,5,60,14,29,69,1.0,10.0,11.9,0.0,22.36,49.01
31,144960,뉴파워프라즈마,5,60,14,29,69,1.0,10.0,11.9,55.67,22.56,48.74
31,067310,하나마이크론,5,60,14,29,69,1.0,10.0,11.9,0.0,25.2,51.98
31,005290,동진쎄미켐,5,60,14,29,74,1.0,10.0,10.43,0.0,29.33,47.51
31,263750,펄어비스,5,60,14,29,74,1.0,10.0,10.43,0.0,27.73,50.08
31,089980,상아프론테크,5,60,14,29,74,1.0,10.0,10.43,40.58,26.55,49.66
31,037070,파세코,5,60,14,29,74,1.0,10.0,10.43,42.1,25.02,49.09
31,053610,프로텍,5,60,14,29,74,1.0,10.0,10.43,0.0,24.54,48.58
31,084110,휴온스글로벌,5,60,14,29,74,1.0,10.0,10.43,119.79,24.02,47.17
31,102120,어보브반도체,5,60,14,29,74,1.0,10.0,10.43,0.0,25.0,50.65
31,144960,뉴파워프라즈마,5,60,14,29,74,1.0,10.0,10.43,55.67,22.56,48.74
31,083930,아바코,5,60,14,29,74,1.0,10.0,10.43,0.0,22.36,49.01
31,092730,네오팜,5,60,14,29,74,1.0,10.0,10.43,0.0,23.73,48.26
31,086980,쇼박스,5,60,14,29,74,1.0,10.0,10.43,0.0,26.16,51.93
31,036830,솔브레인홀딩스,5,60,14,29,74,1.0,10.0,10.43,0.0,28.55,50.06
31,079940,가비아,5,60,14,29,74,1.0,10.0,10.43,0.0,28.38,49.38
31,091580,상신이디피,5,60,14,29,74,1.0,10.0,10.43,34.2,25.46,51.45
31,355150,코스텍시스,5,60,14,29,74,1.0,10.0,10.43,0.0,30.69,47.75
31,090470,제이스텍,5,60,14,29,74,1.0,10.0,10.43,1.89,27.13,49.91
31,066620,국보디자인,5,60,14,29,74,1.0,10.0,10.43,0.0,25.26,46.6
31,039610,화성밸브,5,60,14,29,74,1.0,10.0,10.43,0.0,25.09,51.6
31,019540,일지테크,5,60,14,29,74,1.0,10.0,10.43,15.89,25.16,48.61
31,005670,푸드웰,5,60,14,29,74,1.0,10.0,10.43,0.0,25.53,47.57
31,007530,와이엠,5,60,14,29,74,1.0,10.0,10.43,0.0,23.27,50.16
31,032750,삼진,5,60,14,29,74,1.0,10.0,10.43,0.0,24.01,50.86
31,100790,미래에셋벤처투자,5,60,14,29,74,1.0,10.0,10.43,0.0,26.8,51.68
31,083310,엘오티베큠,5,60,14,29,74,1.0,10.0,10.43,0.0,27.52,50.27
31,114810,한솔아이원스,5,60,14,29,74,1.0,10.0,10.43,0.0,26.71,46.43
31,032500,케이엠더블유,5,60,14,29,74,1.0,10.0,10.43,38.99,26.34,50.87
31,222800,심텍,5,60,14,29,74,1.0,10.0,10.43,0.0,29.51,49.58
31,067310,하나마이크론,5,60,14,29,74,1.0,10.0,10.43,0.0,25.2,51.98
31,213420,덕산네오룩스,5,60,14,29,74,1.0,10.0,10.43,0.0,28.07,49.88
31,101490,에스앤에스텍,5,60,14,29,74,1.0,10.0,10.43,0.0,28.61,50.84
31,025900,동화기업,5,60,14,29,74,1.0,10.0,10.43,34.46,25.06,47.84
31,031330,에스에이엠티,5,60,14,29,74,1.0,10.0,10.43,0.0,25.24,50.05
31,030520,한글과컴퓨터,5,60,14,29,74,1.0,10.0,10.43,0.0,22.56,47.18
31,060370,LS마린솔루션,5,60,14,29,74,1.0,10.0,10.43,0.0,27.5,49.16
31,251970,펌텍코리아,5,60,14,29,74,1.0,10.0,10.43,0.0,26.97,46.19
31,089010,켐트로닉스,5,60,14,29,74,1.0,10.0,10.43,0.0,26.9,52.12
31,089970,브이엠,5,60,14,29,74,1.0,10.0,10.43,0.0,28.09,50.04
31,101160,월덱스,5,60,14,29,74,1.0,10.0,10.43,54.65,27.45,50.78
31,243840,신흥에스이씨,5,60,14,29,74,1.0,10.0,10.43,0.0,27.17,48.44
31,126700,하이비젼시스템,5,60,14,29,74,1.0,10.0,10.43,0.0,26.24,49.88
31,078350,한양디지텍,5,60,14,29,74,1.0,10.0,10.43,0.0,26.68,50.52
31,029960,코엔텍,5,60,14,29,74,1.0,10.0,10.43,0.0,26.21,46.66
31,092730,네오팜,5,120,14,29,69,1.0,10.0,9.56,0.0,23.73,48.26
31,114810,한솔아이원스,5,120,14,29,69,1.0,10.0,9.56,0.0,26.71,46.43
31,053610,프로텍,5,120,14,29,69,1.0,10.0,9.56,0.0,24.54,48.58
31,100790,미래에셋벤처투자,5,120,14,29,69,1.0,10.0,9.56,0.0,26.8,51.68
31,084110,휴온스글로벌,5,120,14,29,69,1.0,10.0,9.56,117.55,24.02,47.17
31,102120,어보브반도체,5,120,14,29,69,1.0,10.0,9.56,0.0,25.0,50.65
31,083310,엘오티베큠,5,120,14,29,69,1.0,10.0,9.56,0.0,27.52,50.27
31,144960,뉴파워프라즈마,5,120,14,29,69,1.0,10.0,9.56,0.0,22.56,48.74
31,083930,아바코,5,120,14,29,69,1.0,10.0,9.56,0.0,22.36,49.01
31,019540,일지테크,5,120,14,29,69,1.0,10.0,9.56,11.37,25.16,48.61
31,086980,쇼박스,5,120,14,29,69,1.0,10.0,9.56,0.0,26.16,51.93
31,037070,파세코,5,120,14,29,69,1.0,10.0,9.56,42.13,25.02,49.09
31,079940,가비아,5,120,14,29,69,1.0,10.0,9.56,0.0,28.38,49.38
31,091580,상신이디피,5,120,14,29,69,1.0,10.0,9.56,26.4,25.46,51.45
31,355150,코스텍시스,5,120,14,29,69,1.0,10.0,9.56,0.0,30.69,47.75
31,090470,제이스텍,5,120,14,29,69,1.0,10.0,9.56,-3.17,27.13,49.91
31,066620,국보디자인,5,120,14,29,69,1.0,10.0,9.56,0.0,25.26,46.6
31,039610,화성밸브,5,120,14,29,69,1.0,10.0,9.56,0.0,25.09,51.6
31,005670,푸드웰,5,120,14,29,69,1.0,10.0,9.56,0.0,25.53,47.57
31,031330,에스에이엠티,5,120,14,29,69,1.0,10.0,9.56,0.0,25.24,50.05
31,032750,삼진,5,120,14,29,69,1.0,10.0,9.56,0.0,24.01,50.86
31,029960,코엔텍,5,120,14,29,69,1.0,10.0,9.56,0.0,26.21,46.66
31,078350,한양디지텍,5,120,14,29,69,1.0,10.0,9.56,0.0,26.68,50.52
31,263750,펄어비스,5,120,14,29,69,1.0,10.0,9.56,0.0,27.73,50.08
31,005290,동진쎄미켐,5,120,14,29,69,1.0,10.0,9.56,0.0,29.33,47.51
31,036830,솔브레인홀딩스,5,120,14,29,69,1.0,10.0,9.56,0.0,28.55,50.06
31,222800,심텍,5,120,14,29,69,1.0,10.0,9.56,0.0,29.51,49.58
31,067310,하나마이크론,5,120,14,29,69,1.0,10.0,9.56,0.0,25.2,51.98
31,213420,덕산네오룩스,5,120,14,29,69,1.0,10.0,9.56,0.0,28.07,49.88
31,101490,에스앤에스텍,5,120,14,29,69,1.0,10.0,9.56,0.0,28.61,50.84
31,025900,동화기업,5,120,14,29,69,1.0,10.0,9.56,46.02,25.06,47.84
31,251970,펌텍코리아,5,120,14,29,69,1.0,10.0,9.56,0.0,26.97,46.19
31,030520,한글과컴퓨터,5,120,14,29,69,1.0,10.0,9.56,0.0,22.56,47.18
31,060370,LS마린솔루션,5,120,14,29,69,1.0,10.0,9.56,0.0,27.5,49.16
31,032500,케이엠더블유,5,120,14,29,69,1.0,10.0,9.56,0.0,26.34,50.87
31,089980,상아프론테크,5,120,14,29,69,1.0,10.0,9.56,123.45,26.55,49.66
31,089010,켐트로닉스,5,120,14,29,69,1.0,10.0,9.56,0.0,26.9,52.12
31,089970,브이엠,5,120,14,29,69,1.0,10.0,9.56,0.0,28.09,50.04
31,101160,월덱스,5,120,14,29,69,1.0,10.0,9.56,37.86,27.45,50.78
31,243840,신흥에스이씨,5,120,14,29,69,1.0,10.0,9.56,0.0,27.17,48.44
31,126700,하이비젼시스템,5,120,14,29,69,1.0,10.0,9.56,0.0,26.24,49.88
31,007530,와이엠,5,120,14,29,69,1.0,10.0,9.56,0.0,23.27,50.16
31,007530,와이엠,5,60,14,29,79,1.0,10.0,8.24,0.0,23.27,50.16
31,032750,삼진,5,60,14,29,79,1.0,10.0,8.24,0.0,24.01,50.86
31,005290,동진쎄미켐,5,60,14,29,79,1.0,10.0,8.24,0.0,29.33,47.51
31,031330,에스에이엠티,5,60,14,29,79,1.0,10.0,8.24,0.0,25.24,50.05
31,078350,한양디지텍,5,60,14,29,79,1.0,10.0,8.24,0.0,26.68,50.52
31,126700,하이비젼시스템,5,60,14,29,79,1.0,10.0,8.24,0.0,26.24,49.88
31,243840,신흥에스이씨,5,60,14,29,79,1.0,10.0,8.24,0.0,27.17,48.44
31,101160,월덱스,5,60,14,29,79,1.0,10.0,8.24,54.65,27.45,50.78
31,089970,브이엠,5,60,14,29,79,1.0,10.0,8.24,0.0,28.09,50.04
31,089010,켐트로닉스,5,60,14,29,79,1.0,10.0,8.24,0.0,26.9,52.12
31,089980,상아프론테크,5,60,14,29,79,1.0,10.0,8.24,36.68,26.55,49.66
31,060370,LS마린솔루션,5,60,14,29,79,1.0,10.0,8.24,0.0,27.5,49.16
31,030520,한글과컴퓨터,5,60,14,29,79,1.0,10.0,8.24,0.0,22.56,47.18
31,251970,펌텍코리아,5,60,14,29,79,1.0,10.0,8.24,0.0,26.97,46.19
31,025900,동화기업,5,60,14,29,79,1.0,10.0,8.24,34.46,25.06,47.84
31,101490,에스앤에스텍,5,60,14,29,79,1.0,10.0,8.24,0.0,28.61,50.84
31,213420,덕산네오룩스,5,60,14,29,79,1.0,10.0,8.24,0.0,28.07,49.88
31,067310,하나마이크론,5,60,14,29,79,1.0,10.0,8.24,0.0,25.2,51.98
31,222800,심텍,5,60,14,29,79,1.0,10.0,8.24,0.0,29.51,49.58
31,036830,솔브레인홀딩스,5,60,14,29,79,1.0,10.0,8.24,0.0,28.55,50.06
31,263750,펄어비스,5,60,14,29,79,1.0,10.0,8.24,0.0,27.73,50.08
31,029960,코엔텍,5,60,14,29,79,1.0,10.0,8.24,0.0,26.21,46.66
31,032500,케이엠더블유,5,60,14,29,79,1.0,10.0,8.24,42.11,26.34,50.87
31,114810,한솔아이원스,5,60,14,29,79,1.0,10.0,8.24,0.0,26.71,46.43
31,037070,파세코,5,60,14,29,79,1.0,10.0,8.24,42.1,25.02,49.09
31,053610,프로텍,5,60,14,29,79,1.0,10.0,8.24,0.0,24.54,48.58
31,005670,푸드웰,5,60,14,29,79,1.0,10.0,8.24,0.0,25.53,47.57
31,019540,일지테크,5,60,14,29,79,1.0,10.0,8.24,15.89,25.16,48.61
31,039610,화성밸브,5,60,14,29,79,1.0,10.0,8.24,0.0,25.09,51.6
31,066620,국보디자인,5,60,14,29,79,1.0,10.0,8.24,0.0,25.26,46.6
31,090470,제이스텍,5,60,14,29,79,1.0,10.0,8.24,1.89,27.13,49.91
31,091580,상신이디피,5,60,14,29,79,1.0,10.0,8.24,18.87,25.46,51.45
31,079940,가비아,5,60,14,29,79,1.0,10.0,8.24,0.0,28.38,49.38
31,355150,코스텍시스,5,60,14,29,79,1.0,10.0,8.24,0.0,30.69,47.75
31,086980,쇼박스,5,60,14,29,79,1.0,10.0,8.24,0.0,26.16,51.93
31,144960,뉴파워프라즈마,5,60,14,29,79,1.0,10.0,8.24,17.94,22.56,48.74
31,084110,휴온스글로벌,5,60,14,29,79,1.0,10.0,8.24,81.4,24.02,47.17
31,102120,어보브반도체,5,60,14,29,79,1.0,10.0,8.24,0.0,25.0,50.65
31,083310,엘오티베큠,5,60,14,29,79,1.0,10.0,8.24,0.0,27.52,50.27
31,100790,미래에셋벤처투자,5,60,14,29,79,1.0,10.0,8.24,0.0,26.8,51.68
31,083930,아바코,5,60,14,29,79,1.0,10.0,8.24,0.0,22.36,49.01
31,092730,네오팜,5,60,14,29,79,1.0,10.0,8.24,0.0,23.73,48.26
31,030520,한글과컴퓨터,5,120,14,29,74,1.0,10.0,7.83,0.0,22.56,47.18
31,078350,한양디지텍,5,120,14,29,74,1.0,10.0,7.83,0.0,26.68,50.52
31,126700,하이비젼시스템,5,120,14,29,74,1.0,10.0,7.83,0.0,26.24,49.88
31,243840,신흥에스이씨,5,120,14,29,74,1.0,10.0,7.83,0.0,27.17,48.44
31,101160,월덱스,5,120,14,29,74,1.0,10.0,7.83,47.34,27.45,50.78
31,089970,브이엠,5,120,14,29,74,1.0,10.0,7.83,0.0,28.09,50.04
31,089010,켐트로닉스,5,120,14,29,74,1.0,10.0,7.83,0.0,26.9,52.12
31,089980,상아프론테크,5,120,14,29,74,1.0,10.0,7.83,41.39,26.55,49.66
31,032500,케이엠더블유,5,120,14,29,74,1.0,10.0,7.83,0.0,26.34,50.87
31,060370,LS마린솔루션,5,120,14,29,74,1.0,10.0,7.83,0.0,27.5,49.16
31,263750,펄어비스,5,120,14,29,74,1.0,10.0,7.83,0.0,27.73,50.08
31,251970,펌텍코리아,5,120,14,29,74,1.0,10.0,7.83,0.0,26.97,46.19
31,025900,동화기업,5,120,14,29,74,1.0,10.0,7.83,46.02,25.06,47.84
31,101490,에스앤에스텍,5,120,14,29,74,1.0,10.0,7.83,0.0,28.61,50.84
31,213420,덕산네오룩스,5,120,14,29,74,1.0,10.0,7.83,0.0,28.07,49.88
31,067310,하나마이크론,5,120,14,29,74,1.0,10.0,7.83,0.0,25.2,51.98
31,222800,심텍,5,120,14,29,74,1.0,10.0,7.83,0.0,29.51,49.58
31,036830,솔브레인홀딩스,5,120,14,29,74,1.0,10.0,7.83,0.0,28.55,50.06
31,005290,동진쎄미켐,5,120,14,29,74,1.0,10.0,7.83,0.0,29.33,47.51
31,031330,에스에이엠티,5,120,14,29,74,1.0,10.0,7.83,0.0,25.24,50.05
31,029960,코엔텍,5,120,14,29,74,1.0,10.0,7.83,0.0,26.21,46.66
31,037070,파세코,5,120,14,29,74,1.0,10.0,7.83,42.13,25.02,49.09
31,114810,한솔아이원스,5,120,14,29,74,1.0,10.0,7.83,0.0,26.71,46.43
31,079940,가비아,5,120,14,29,74,1.0,10.0,7.83,0.0,28.38,49.38
31,053610,프로텍,5,120,14,29,74,1.0,10.0,7.83,0.0,24.54,48.58
31,007530,와이엠,5,120,14,29,74,1.0,10.0,7.83,0.0,23.27,50.16
31,005670,푸드웰,5,120,14,29,74,1.0,10.0,7.83,0.0,25.53,47.57
31,019540,일지테크,5,120,14,29,74,1.0,10.0,7.83,11.37,25.16,48.61
31,039610,화성밸브,5,120,14,29,74,1.0,10.0,7.83,0.0,25.09,51.6
31,066620,국보디자인,5,120,14,29,74,1.0,10.0,7.83,0.0,25.26,46.6
31,090470,제이스텍,5,120,14,29,74,1.0,10.0,7.83,-3.17,27.13,49.91
31,355150,코스텍시스,5,120,14,29,74,1.0,10.0,7.83,0.0,30.69,47.75
31,091580,상신이디피,5,120,14,29,74,1.0,10.0,7.83,26.4,25.46,51.45
31,032750,삼진,5,120,14,29,74,1.0,10.0,7.83,0.0,24.01,50.86
31,092730,네오팜,5,120,14,29,74,1.0,10.0,7.83,0.0,23.73,48.26
31,083930,아바코,5,120,14,29,74,1.0,10.0,7.83,0.0,22.36,49.01
31,144960,뉴파워프라즈마,5,120,14,29,74,1.0,10.0,7.83,0.0,22.56,48.74
31,083310,엘오티베큠,5,120,14,29,74,1.0,10.0,7.83,0.0,27.52,50.27
31,102120,어보브반도체,5,120,14,29,74,1.0,10.0,7.83,0.0,25.0,50.65
31,084110,휴온스글로벌,5,120,14,29,74,1.0,10.0,7.83,117.55,24.02,47.17
31,100790,미래에셋벤처투자,5,120,14,29,74,1.0,10.0,7.83,0.0,26.8,51.68
31,086980,쇼박스,5,120,14,29,74,1.0,10.0,7.83,0.0,26.16,51.93
31,031330,에스에이엠티,5,120,14,29,79,1.0,10.0,6.59,0.0,25.24,50.05
31,144960,뉴파워프라즈마,5,120,14,29,79,1.0,10.0,6.59,0.0,22.56,48.74
31,092730,네오팜,5,120,14,29,79,1.0,10.0,6.59,0.0,23.73,48.26
31,083930,아바코,5,120,14,29,79,1.0,10.0,6.59,0.0,22.36,49.01
31,100790,미래에셋벤처투자,5,120,14,29,79,1.0,10.0,6.59,0.0,26.8,51.68
31,083310,엘오티베큠,5,120,14,29,79,1.0,10.0,6.59,0.0,27.52,50.27
31,102120,어보브반도체,5,120,14,29,79,1.0,10.0,6.59,0.0,25.0,50.65
31,084110,휴온스글로벌,5,120,14,29,79,1.0,10.0,6.59,79.94,24.02,47.17
31,037070,파세코,5,120,14,29,79,1.0,10.0,6.59,42.13,25.02,49.09
31,086980,쇼박스,5,120,14,29,79,1.0,10.0,6.59,0.0,26.16,51.93
31,066620,국보디자인,5,120,14,29,79,1.0,10.0,6.59,0.0,25.26,46.6
31,079940,가비아,5,120,14,29,79,1.0,10.0,6.59,0.0,28.38,49.38
31,091580,상신이디피,5,120,14,29,79,1.0,10.0,6.59,16.34,25.46,51.45
31,355150,코스텍시스,5,120,14,29,79,1.0,10.0,6.59,0.0,30.69,47.75
31,090470,제이스텍,5,120,14,29,79,1.0,10.0,6.59,-3.17,27.13,49.91
31,039610,화성밸브,5,120,14,29,79,1.0,10.0,6.59,0.0,25.09,51.6
31,019540,일지테크,5,120,14,29,79,1.0,10.0,6.59,11.37,25.16,48.61
31,005670,푸드웰,5,120,14,29,79,1.0,10.0,6.59,0.0,25.53,47.57
31,007530,와이엠,5,120,14,29,79,1.0,10.0,6.59,0.0,23.27,50.16
31,032750,삼진,5,120,14,29,79,1.0,10.0,6.59,0.0,24.01,50.86
31,114810,한솔아이원스,5,120,14,29,79,1.0,10.0,6.59,0.0,26.71,46.43
31,053610,프로텍,5,120,14,29,79,1.0,10.0,6.59,0.0,24.54,48.58
31,029960,코엔텍,5,120,14,29,79,1.0,10.0,6.59,0.0,26.21,46.66
31,251970,펌텍코리아,5,120,14,29,79,1.0,10.0,6.59,0.0,26.97,46.19
31,078350,한양디지텍,5,120,14,29,79,1.0,10.0,6.59,0.0,26.68,50.52
31,005290,동진쎄미켐,5,120,14,29,79,1.0,10.0,6.59,0.0,29.33,47.51
31,036830,솔브레인홀딩스,5,120,14,29,79,1.0,10.0,6.59,0.0,28.55,50.06
31,222800,심텍,5,120,14,29,79,1.0,10.0,6.59,0.0,29.51,49.58
31,067310,하나마이크론,5,120,14,29,79,1.0,10.0,6.59,0.0,25.2,51.98
31,213420,덕산네오룩스,5,120,14,29,79,1.0,10.0,6.59,0.0,28.07,49.88
31,101490,에스앤에스텍,5,120,14,29,79,1.0,10.0,6.59,0.0,28.61,50.84
31,025900,동화기업,5,120,14,29,79,1.0,10.0,6.59,46.02,25.06,47.84
31,263750,펄어비스,5,120,14,29,79,1.0,10.0,6.59,0.0,27.73,50.08
31,030520,한글과컴퓨터,5,120,14,29,79,1.0,10.0,6.59,0.0,22.56,47.18
31,032500,케이엠더블유,5,120,14,29,79,1.0,10.0,6.59,0.0,26.34,50.87
31,089980,상아프론테크,5,120,14,29,79,1.0,10.0,6.59,36.99,26.55,49.66
31,089010,켐트로닉스,5,120,14,29,79,1.0,10.0,6.59,0.0,26.9,52.12
31,089970,브이엠,5,120,14,29,79,1.0,10.0,6.59,0.0,28.09,50.04
31,101160,월덱스,5,120,14,29,79,1.0,10.0,6.59,47.34,27.45,50.78
31,243840,신흥에스이씨,5,120,14,29,79,1.0,10.0,6.59,0.0,27.17,48.44
31,126700,하이비젼시스템,5,120,14,29,79,1.0,10.0,6.59,0.0,26.24,49.88
31,060370,LS마린솔루션,5,120,14,29,79,1.0,10.0,6.59,0.0,27.5,49.16
31,083310,엘오티베큠,5,60,14,24,69,1.0,10.0,1.0,0.0,27.52,50.27
31,083930,아바코,5,60,14,24,69,1.0,10.0,1.0,0.0,22.36,49.01
31,144960,뉴파워프라즈마,5,60,14,24,69,1.0,10.0,1.0,0.0,22.56,48.74
31,100790,미래에셋벤처투자,5,60,14,24,69,1.0,10.0,1.0,0.0,26.8,51.68
31,102120,어보브반도체,5,60,14,24,69,1.0,10.0,1.0,0.0,25.0,50.65
31,084110,휴온스글로벌,5,60,14,24,69,1.0,10.0,1.0,0.0,24.02,47.17
31,086980,쇼박스,5,60,14,24,69,1.0,10.0,1.0,0.0,26.16,51.93
31,053610,프로텍,5,60,14,24,69,1.0,10.0,1.0,0.0,24.54,48.58
31,092730,네오팜,5,60,14,24,69,1.0,10.0,1.0,0.0,23.73,48.26
31,355150,코스텍시스,5,60,14,24,69,1.0,10.0,1.0,0.0,30.69,47.75
31,037070,파세코,5,60,14,24,69,1.0,10.0,1.0,42.1,25.02,49.09
31,079940,가비아,5,60,14,24,69,1.0,10.0,1.0,0.0,28.38,49.38
31,091580,상신이디피,5,60,14,24,69,1.0,10.0,1.0,0.0,25.46,51.45
31,090470,제이스텍,5,60,14,24,69,1.0,10.0,1.0,0.0,27.13,49.91
31,066620,국보디자인,5,60,14,24,69,1.0,10.0,1.0,0.0,25.26,46.6
31,039610,화성밸브,5,60,14,24,69,1.0,10.0,1.0,0.0,25.09,51.6
31,019540,일지테크,5,60,14,24,69,1.0,10.0,1.0,0.0,25.16,48.61
31,031330,에스에이엠티,5,60,14,24,69,1.0,10.0,1.0,0.0,25.24,50.05
31,005670,푸드웰,5,60,14,24,69,1.0,10.0,1.0,0.0,25.53,47.57
31,114810,한솔아이원스,5,60,14,24,69,1.0,10.0,1.0,0.0,26.71,46.43
31,060370,LS마린솔루션,5,60,14,24,69,1.0,10.0,1.0,0.0,27.5,49.16
31,029960,코엔텍,5,60,14,24,69,1.0,10.0,1.0,0.0,26.21,46.66
31,025900,동화기업,5,60,14,24,69,1.0,10.0,1.0,0.0,25.06,47.84
31,005670,푸드웰,5,60,14,24,79,1.0,10.0,1.0,0.0,25.53,47.57
31,263750,펄어비스,5,60,14,24,69,1.0,10.0,1.0,0.0,27.73,50.08
31,005290,동진쎄미켐,5,60,14,24,69,1.0,10.0,1.0,0.0,29.33,47.51
31,036830,솔브레인홀딩스,5,60,14,24,69,1.0,10.0,1.0,0.0,28.55,50.06
31,222800,심텍,5,60,14,24,69,1.0,10.0,1.0,0.0,29.51,49.58
31,067310,하나마이크론,5,60,14,24,69,1.0,10.0,1.0,0.0,25.2,51.98
31,213420,덕산네오룩스,5,60,14,24,69,1.0,10.0,1.0,0.0,28.07,49.88
31,101490,에스앤에스텍,5,60,14,24,69,1.0,10.0,1.0,0.0,28.61,50.84
31,251970,펌텍코리아,5,60,14,24,69,1.0,10.0,1.0,0.0,26.97,46.19
31,078350,한양디지텍,5,60,14,24,69,1.0,10.0,1.0,0.0,26.68,50.52
31,030520,한글과컴퓨터,5,60,14,24,69,1.0,10.0,1.0,0.0,22.56,47.18
31,032500,케이엠더블유,5,60,14,24,69,1.0,10.0,1.0,0.0,26.34,50.87
31,089980,상아프론테크,5,60,14,24,69,1.0,10.0,1.0,0.0,26.55,49.66
31,089010,켐트로닉스,5,60,14,24,69,1.0,10.0,1.0,0.0,26.9,52.12
31,089970,브이엠,5,60,14,24,69,1.0,10.0,1.0,0.0,28.09,50.04
31,101160,월덱스,5,60,14,24,69,1.0,10.0,1.0,0.0,27.45,50.78
31,243840,신흥에스이씨,5,60,14,24,69,1.0,10.0,1.0,0.0,27.17,48.44
31,126700,하이비젼시스템,5,60,14,24,69,1.0,10.0,1.0,0.0,26.24,49.88
31,007530,와이엠,5,60,14,24,69,1.0,10.0,1.0,0.0,23.27,50.16
31,007530,와이엠,5,60,14,24,79,1.0,10.0,1.0,0.0,23.27,50.16
31,263750,펄어비스,5,60,14,24,74,1.0,10.0,1.0,0.0,27.73,50.08
31,030520,한글과컴퓨터,5,60,14,24,79,1.0,10.0,1.0,0.0,22.56,47.18
31,126700,하이비젼시스템,5,60,14,24,79,1.0,10.0,1.0,0.0,26.24,49.88
31,243840,신흥에스이씨,5,60,14,24,79,1.0,10.0,1.0,0.0,27.17,48.44
31,101160,월덱스,5,60,14,24,79,1.0,10.0,1.0,0.0,27.45,50.78
31,089970,브이엠,5,60,14,24,79,1.0,10.0,1.0,0.0,28.09,50.04
31,089010,켐트로닉스,5,60,14,24,79,1.0,10.0,1.0,0.0,26.9,52.12
31,089980,상아프론테크,5,60,14,24,79,1.0,10.0,1.0,0.0,26.55,49.66
31,032500,케이엠더블유,5,60,14,24,79,1.0,10.0,1.0,0.0,26.34,50.87
31,060370,LS마린솔루션,5,60,14,24,79,1.0,10.0,1.0,0.0,27.5,49.16
31,251970,펌텍코리아,5,60,14,24,79,1.0,10.0,1.0,0.0,26.97,46.19
31,005290,동진쎄미켐,5,60,14,24,74,1.0,10.0,1.0,0.0,29.33,47.51
31,025900,동화기업,5,60,14,24,79,1.0,10.0,1.0,0.0,25.06,47.84
31,101490,에스앤에스텍,5,60,14,24,79,1.0,10.0,1.0,0.0,28.61,50.84
31,213420,덕산네오룩스,5,60,14,24,79,1.0,10.0,1.0,0.0,28.07,49.88
31,067310,하나마이크론,5,60,14,24,79,1.0,10.0,1.0,0.0,25.2,51.98
31,222800,심텍,5,60,14,24,79,1.0,10.0,1.0,0.0,29.51,49.58
31,036830,솔브레인홀딩스,5,60,14,24,79,1.0,10.0,1.0,0.0,28.55,50.06
31,005290,동진쎄미켐,5,60,14,24,79,1.0,10.0,1.0,0.0,29.33,47.51
31,032750,삼진,5,60,14,24,79,1.0,10.0,1.0,0.0,24.01,50.86
31,078350,한양디지텍,5,60,14,24,79,1.0,10.0,1.0,0.0,26.68,50.52
31,029960,코엔텍,5,60,14,24,79,1.0,10.0,1.0,0.0,26.21,46.66
31,031330,에스에이엠티,5,60,14,24,79,1.0,10.0,1.0,0.0,25.24,50.05
31,114810,한솔아이원스,5,60,14,24,79,1.0,10.0,1.0,0.0,26.71,46.43
31,019540,일지테크,5,60,14,24,79,1.0,10.0,1.0,0.0,25.16,48.61
31,039610,화성밸브,5,60,14,24,79,1.0,10.0,1.0,0.0,25.09,51.6
31,066620,국보디자인,5,60,14,24,79,1.0,10.0,1.0,0.0,25.26,46.6
31,090470,제이스텍,5,60,14,24,79,1.0,10.0,1.0,0.0,27.13,49.91
31,355150,코스텍시스,5,60,14,24,79,1.0,10.0,1.0,0.0,30.69,47.75
31,091580,상신이디피,5,60,14,24,79,1.0,10.0,1.0,0.0,25.46,51.45
31,079940,가비아,5,60,14,24,79,1.0,10.0,1.0,0.0,28.38,49.38
31,037070,파세코,5,60,14,24,79,1.0,10.0,1.0,42.1,25.02,49.09
31,086980,쇼박스,5,60,14,24,79,1.0,10.0,1.0,0.0,26.16,51.93
31,092730,네오팜,5,60,14,24,79,1.0,10.0,1.0,0.0,23.73,48.26
31,083930,아바코,5,60,14,24,79,1.0,10.0,1.0,0.0,22.36,49.01
31,144960,뉴파워프라즈마,5,60,14,24,79,1.0,10.0,1.0,0.0,22.56,48.74
31,083310,엘오티베큠,5,60,14,24,79,1.0,10.0,1.0,0.0,27.52,50.27
31,102120,어보브반도체,5,60,14,24,79,1.0,10.0,1.0,0.0,25.0,50.65
31,084110,휴온스글로벌,5,60,14,24,79,1.0,10.0,1.0,0.0,24.02,47.17
31,100790,미래에셋벤처투자,5,60,14,24,79,1.0,10.0,1.0,0.0,26.8,51.68
31,053610,프로텍,5,60,14,24,79,1.0,10.0,1.0,0.0,24.54,48.58
31,263750,펄어비스,5,60,14,24,79,1.0,10.0,1.0,0.0,27.73,50.08
31,032750,삼진,5,60,14,24,69,1.0,10.0,1.0,0.0,24.01,50.86
31,037070,파세코,5,60,14,24,74,1.0,10.0,1.0,42.1,25.02,49.09
31,114810,한솔아이원스,5,60,14,24,74,1.0,10.0,1.0,0.0,26.71,46.43
31,100790,미래에셋벤처투자,5,60,14,24,74,1.0,10.0,1.0,0.0,26.8,51.68
31,084110,휴온스글로벌,5,60,14,24,74,1.0,10.0,1.0,0.0,24.02,47.17
31,083310,엘오티베큠,5,60,14,24,74,1.0,10.0,1.0,0.0,27.52,50.27
31,144960,뉴파워프라즈마,5,60,14,24,74,1.0,10.0,1.0,0.0,22.56,48.74
31,083930,아바코,5,60,14,24,74,1.0,10.0,1.0,0.0,22.36,49.01
31,092730,네오팜,5,60,14,24,74,1.0,10.0,1.0,0.0,23.73,48.26
31,086980,쇼박스,5,60,14,24,74,1.0,10.0,1.0,0.0,26.16,51.93
31,079940,가비아,5,60,14,24,74,1.0,10.0,1.0,0.0,28.38,49.38
31,091580,상신이디피,5,60,14,24,74,1.0,10.0,1.0,0.0,25.46,51.45
31,355150,코스텍시스,5,60,14,24,74,1.0,10.0,1.0,0.0,30.69,47.75
31,090470,제이스텍,5,60,14,24,74,1.0,10.0,1.0,0.0,27.13,49.91
31,066620,국보디자인,5,60,14,24,74,1.0,10.0,1.0,0.0,25.26,46.6
31,039610,화성밸브,5,60,14,24,74,1.0,10.0,1.0,0.0,25.09,51.6
31,019540,일지테크,5,60,14,24,74,1.0,10.0,1.0,0.0,25.16,48.61
31,005670,푸드웰,5,60,14,24,74,1.0,10.0,1.0,0.0,25.53,47.57
31,007530,와이엠,5,60,14,24,74,1.0,10.0,1.0,0.0,23.27,50.16
31,032750,삼진,5,60,14,24,74,1.0,10.0,1.0,0.0,24.01,50.86
31,053610,프로텍,5,60,14,24,74,1.0,10.0,1.0,0.0,24.54,48.58
31,102120,어보브반도체,5,60,14,24,74,1.0,10.0,1.0,0.0,25.0,50.65
31,031330,에스에이엠티,5,60,14,24,74,1.0,10.0,1.0,0.0,25.24,50.05
31,032500,케이엠더블유,5,60,14,24,74,1.0,10.0,1.0,0.0,26.34,50.87
31,036830,솔브레인홀딩스,5,60,14,24,74,1.0,10.0,1.0,0.0,28.55,50.06
31,222800,심텍,5,60,14,24,74,1.0,10.0,1.0,0.0,29.51,49.58
31,067310,하나마이크론,5,60,14,24,74,1.0,10.0,1.0,0.0,25.2,51.98
31,213420,덕산네오룩스,5,60,14,24,74,1.0,10.0,1.0,0.0,28.07,49.88
31,101490,에스앤에스텍,5,60,14,24,74,1.0,10.0,1.0,0.0,28.61,50.84
31,025900,동화기업,5,60,14,24,74,1.0,10.0,1.0,0.0,25.06,47.84
31,029960,코엔텍,5,60,14,24,74,1.0,10.0,1.0,0.0,26.21,46.66
31,030520,한글과컴퓨터,5,60,14,24,74,1.0,10.0,1.0,0.0,22.56,47.18
31,060370,LS마린솔루션,5,60,14,24,74,1.0,10.0,1.0,0.0,27.5,49.16
31,251970,펌텍코리아,5,60,14,24,74,1.0,10.0,1.0,0.0,26.97,46.19
31,078350,한양디지텍,5,60,14,24,74,1.0,10.0,1.0,0.0,26.68,50.52
31,089010,켐트로닉스,5,60,14,24,74,1.0,10.0,1.0,0.0,26.9,52.12
31,089970,브이엠,5,60,14,24,74,1.0,10.0,1.0,0.0,28.09,50.04
31,101160,월덱스,5,60,14,24,74,1.0,10.0,1.0,0.0,27.45,50.78
31,243840,신흥에스이씨,5,60,14,24,74,1.0,10.0,1.0,0.0,27.17,48.44
31,126700,하이비젼시스템,5,60,14,24,74,1.0,10.0,1.0,0.0,26.24,49.88
31,089980,상아프론테크,5,60,14,24,74,1.0,10.0,1.0,0.0,26.55,49.66
31,089970,브이엠,5,60,14,24,59,1.0,10.0,0.56,0.0,28.09,50.04
31,032500,케이엠더블유,5,60,14,24,59,1.0,10.0,0.56,0.0,26.34,50.87
31,089980,상아프론테크,5,60,14,24,59,1.0,10.0,0.56,0.0,26.55,49.66
31,089010,켐트로닉스,5,60,14,24,59,1.0,10.0,0.56,0.0,26.9,52.12
31,078350,한양디지텍,5,60,14,24,59,1.0,10.0,0.56,0.0,26.68,50.52
31,101160,월덱스,5,60,14,24,59,1.0,10.0,0.56,0.0,27.45,50.78
31,243840,신흥에스이씨,5,60,14,24,59,1.0,10.0,0.56,0.0,27.17,48.44
31,126700,하이비젼시스템,5,60,14,24,59,1.0,10.0,0.56,0.0,26.24,49.88
31,030520,한글과컴퓨터,5,60,14,24,59,1.0,10.0,0.56,0.0,22.56,47.18
31,060370,LS마린솔루션,5,60,14,24,59,1.0,10.0,0.56,0.0,27.5,49.16
31,007530,와이엠,5,60,14,24,64,1.0,10.0,0.56,0.0,23.27,50.16
31,251970,펌텍코리아,5,60,14,24,59,1.0,10.0,0.56,0.0,26.97,46.19
31,025900,동화기업,5,60,14,24,59,1.0,10.0,0.56,0.0,25.06,47.84
31,101490,에스앤에스텍,5,60,14,24,59,1.0,10.0,0.56,0.0,28.61,50.84
31,213420,덕산네오룩스,5,60,14,24,59,1.0,10.0,0.56,0.0,28.07,49.88
31,067310,하나마이크론,5,60,14,24,59,1.0,10.0,0.56,0.0,25.2,51.98
31,222800,심텍,5,60,14,24,59,1.0,10.0,0.56,0.0,29.51,49.58
31,036830,솔브레인홀딩스,5,60,14,24,59,1.0,10.0,0.56,0.0,28.55,50.06
31,005290,동진쎄미켐,5,60,14,24,59,1.0,10.0,0.56,0.0,29.33,47.51
31,263750,펄어비스,5,60,14,24,59,1.0,10.0,0.56,0.0,27.73,50.08
31,005670,푸드웰,5,60,14,24,64,1.0,10.0,0.56,0.0,25.53,47.57
31,029960,코엔텍,5,60,14,24,59,1.0,10.0,0.56,0.0,26.21,46.66
31,031330,에스에이엠티,5,60,14,24,59,1.0,10.0,0.56,0.0,25.24,50.05
31,114810,한솔아이원스,5,60,14,24,59,1.0,10.0,0.56,0.0,26.71,46.43
31,060370,LS마린솔루션,5,60,14,24,64,1.0,10.0,0.56,0.0,27.5,49.16
31,089980,상아프론테크,5,60,14,24,64,1.0,10.0,0.56,0.0,26.55,49.66
31,089010,켐트로닉스,5,60,14,24,64,1.0,10.0,0.56,0.0,26.9,52.12
31,089970,브이엠,5,60,14,24,64,1.0,10.0,0.56,0.0,28.09,50.04
31,101160,월덱스,5,60,14,24,64,1.0,10.0,0.56,0.0,27.45,50.78
31,243840,신흥에스이씨,5,60,14,24,64,1.0,10.0,0.56,0.0,27.17,48.44
31,126700,하이비젼시스템,5,60,14,24,64,1.0,10.0,0.56,0.0,26.24,49.88
31,078350,한양디지텍,5,60,14,24,64,1.0,10.0,0.56,0.0,26.68,50.52
31,029960,코엔텍,5,60,14,24,64,1.0,10.0,0.56,0.0,26.21,46.66
31,031330,에스에이엠티,5,60,14,24,64,1.0,10.0,0.56,0.0,25.24,50.05
31,114810,한솔아이원스,5,60,14,24,64,1.0,10.0,0.56,0.0,26.71,46.43
31,053610,프로텍,5,60,14,24,64,1.0,10.0,0.56,0.0,24.54,48.58
31,100790,미래에셋벤처투자,5,60,14,24,64,1.0,10.0,0.56,0.0,26.8,51.68
31,084110,휴온스글로벌,5,60,14,24,64,1.0,10.0,0.56,0.0,24.02,47.17
31,102120,어보브반도체,5,60,14,24,64,1.0,10.0,0.56,0.0,25.0,50.65
31,083310,엘오티베큠,5,60,14,24,64,1.0,10.0,0.56,0.0,27.52,50.27
31,144960,뉴파워프라즈마,5,60,14,24,64,1.0,10.0,0.56,0.0,22.56,48.74
31,083930,아바코,5,60,14,24,64,1.0,10.0,0.56,0.0,22.36,49.01
31,092730,네오팜,5,60,14,24,64,1.0,10.0,0.56,0.0,23.73,48.26
31,086980,쇼박스,5,60,14,24,64,1.0,10.0,0.56,0.0,26.16,51.93
31,037070,파세코,5,60,14,24,64,1.0,10.0,0.56,23.65,25.02,49.09
31,079940,가비아,5,60,14,24,64,1.0,10.0,0.56,0.0,28.38,49.38
31,091580,상신이디피,5,60,14,24,64,1.0,10.0,0.56,0.0,25.46,51.45
31,355150,코스텍시스,5,60,14,24,64,1.0,10.0,0.56,0.0,30.69,47.75
31,090470,제이스텍,5,60,14,24,64,1.0,10.0,0.56,0.0,27.13,49.91
31,066620,국보디자인,5,60,14,24,64,1.0,10.0,0.56,0.0,25.26,46.6
31,039610,화성밸브,5,60,14,24,64,1.0,10.0,0.56,0.0,25.09,51.6
31,019540,일지테크,5,60,14,24,64,1.0,10.0,0.56,0.0,25.16,48.61
31,032500,케이엠더블유,5,60,14,24,64,1.0,10.0,0.56,0.0,26.34,50.87
31,030520,한글과컴퓨터,5,60,14,24,64,1.0,10.0,0.56,0.0,22.56,47.18
31,053610,프로텍,5,60,14,24,59,1.0,10.0,0.56,0.0,24.54,48.58
31,251970,펌텍코리아,5,60,14,24,64,1.0,10.0,0.56,0.0,26.97,46.19
31,100790,미래에셋벤처투자,5,60,14,24,59,1.0,10.0,0.56,0.0,26.8,51.68
31,084110,휴온스글로벌,5,60,14,24,59,1.0,10.0,0.56,0.0,24.02,47.17
31,102120,어보브반도체,5,60,14,24,59,1.0,10.0,0.56,0.0,25.0,50.65
31,083310,엘오티베큠,5,60,14,24,59,1.0,10.0,0.56,0.0,27.52,50.27
31,144960,뉴파워프라즈마,5,60,14,24,59,1.0,10.0,0.56,0.0,22.56,48.74
31,083930,아바코,5,60,14,24,59,1.0,10.0,0.56,0.0,22.36,49.01
31,092730,네오팜,5,60,14,24,59,1.0,10.0,0.56,0.0,23.73,48.26
31,086980,쇼박스,5,60,14,24,59,1.0,10.0,0.56,0.0,26.16,51.93
31,037070,파세코,5,60,14,24,59,1.0,10.0,0.56,23.65,25.02,49.09
31,079940,가비아,5,60,14,24,59,1.0,10.0,0.56,0.0,28.38,49.38
31,091580,상신이디피,5,60,14,24,59,1.0,10.0,0.56,0.0,25.46,51.45
31,355150,코스텍시스,5,60,14,24,59,1.0,10.0,0.56,0.0,30.69,47.75
31,090470,제이스텍,5,60,14,24,59,1.0,10.0,0.56,0.0,27.13,49.91
31,066620,국보디자인,5,60,14,24,59,1.0,10.0,0.56,0.0,25.26,46.6
31,039610,화성밸브,5,60,14,24,59,1.0,10.0,0.56,0.0,25.09,51.6
31,019540,일지테크,5,60,14,24,59,1.0,10.0,0.56,0.0,25.16,48.61
31,005670,푸드웰,5,60,14,24,59,1.0,10.0,0.56,0.0,25.53,47.57
31,007530,와이엠,5,60,14,24,59,1.0,10.0,0.56,0.0,23.27,50.16
31,032750,삼진,5,60,14,24,59,1.0,10.0,0.56,0.0,24.01,50.86
31,032750,삼진,5,60,14,24,64,1.0,10.0,0.56,0.0,24.01,50.86
31,005290,동진쎄미켐,5,60,14,24,64,1.0,10.0,0.56,0.0,29.33,47.51
31,036830,솔브레인홀딩스,5,60,14,24,64,1.0,10.0,0.56,0.0,28.55,50.06
31,222800,심텍,5,60,14,24,64,1.0,10.0,0.56,0.0,29.51,49.58
31,067310,하나마이크론,5,60,14,24,64,1.0,10.0,0.56,0.0,25.2,51.98
31,213420,덕산네오룩스,5,60,14,24,64,1.0,10.0,0.56,0.0,28.07,49.88
31,101490,에스앤에스텍,5,60,14,24,64,1.0,10.0,0.56,0.0,28.61,50.84
31,025900,동화기업,5,60,14,24,64,1.0,10.0,0.56,0.0,25.06,47.84
31,263750,펄어비스,5,60,14,24,64,1.0,10.0,0.56,0.0,27.73,50.08
31,263750,펄어비스,5,60,14,24,54,1.0,10.0,0.44,0.0,27.73,50.08
31,091580,상신이디피,5,60,14,24,54,1.0,10.0,0.44,0.0,25.46,51.45
31,079940,가비아,5,60,14,24,54,1.0,10.0,0.44,0.0,28.38,49.38
31,100790,미래에셋벤처투자,5,60,14,24,54,1.0,10.0,0.44,0.0,26.8,51.68
31,084110,휴온스글로벌,5,60,14,24,54,1.0,10.0,0.44,0.0,24.02,47.17
31,102120,어보브반도체,5,60,14,24,54,1.0,10.0,0.44,0.0,25.0,50.65
31,144960,뉴파워프라즈마,5,60,14,24,54,1.0,10.0,0.44,0.0,22.56,48.74
31,083930,아바코,5,60,14,24,54,1.0,10.0,0.44,0.0,22.36,49.01
31,092730,네오팜,5,60,14,24,54,1.0,10.0,0.44,0.0,23.73,48.26
31,086980,쇼박스,5,60,14,24,54,1.0,10.0,0.44,0.0,26.16,51.93
31,037070,파세코,5,60,14,24,54,1.0,10.0,0.44,18.59,25.02,49.09
31,355150,코스텍시스,5,60,14,24,54,1.0,10.0,0.44,0.0,30.69,47.75
31,114810,한솔아이원스,5,60,14,24,54,1.0,10.0,0.44,0.0,26.71,46.43
31,090470,제이스텍,5,60,14,24,54,1.0,10.0,0.44,0.0,27.13,49.91
31,066620,국보디자인,5,60,14,24,54,1.0,10.0,0.44,0.0,25.26,46.6
31,039610,화성밸브,5,60,14,24,54,1.0,10.0,0.44,0.0,25.09,51.6
31,019540,일지테크,5,60,14,24,54,1.0,10.0,0.44,0.0,25.16,48.61
31,005670,푸드웰,5,60,14,24,54,1.0,10.0,0.44,0.0,25.53,47.57
31,007530,와이엠,5,60,14,24,54,1.0,10.0,0.44,0.0,23.27,50.16
31,032750,삼진,5,60,14,24,54,1.0,10.0,0.44,0.0,24.01,50.86
31,005290,동진쎄미켐,5,60,14,24,54,1.0,10.0,0.44,0.0,29.33,47.51
31,053610,프로텍,5,60,14,24,54,1.0,10.0,0.44,0.0,24.54,48.58
31,083310,엘오티베큠,5,60,14,24,54,1.0,10.0,0.44,0.0,27.52,50.27
31,031330,에스에이엠티,5,60,14,24,54,1.0,10.0,0.44,0.0,25.24,50.05
31,060370,LS마린솔루션,5,60,14,24,54,1.0,10.0,0.44,0.0,27.5,49.16
31,036830,솔브레인홀딩스,5,60,14,24,54,1.0,10.0,0.44,0.0,28.55,50.06
31,222800,심텍,5,60,14,24,54,1.0,10.0,0.44,0.0,29.51,49.58
31,067310,하나마이크론,5,60,14,24,54,1.0,10.0,0.44,0.0,25.2,51.98
31,213420,덕산네오룩스,5,60,14,24,54,1.0,10.0,0.44,0.0,28.07,49.88
31,101490,에스앤에스텍,5,60,14,24,54,1.0,10.0,0.44,0.0,28.61,50.84
31,029960,코엔텍,5,60,14,24,54,1.0,10.0,0.44,0.0,26.21,46.66
31,251970,펌텍코리아,5,60,14,24,54,1.0,10.0,0.44,0.0,26.97,46.19
31,030520,한글과컴퓨터,5,60,14,24,54,1.0,10.0,0.44,0.0,22.56,47.18
31,025900,동화기업,5,60,14,24,54,1.0,10.0,0.44,0.0,25.06,47.84
31,089980,상아프론테크,5,60,14,24,54,1.0,10.0,0.44,0.0,26.55,49.66
31,089010,켐트로닉스,5,60,14,24,54,1.0,10.0,0.44,0.0,26.9,52.12
31,089970,브이엠,5,60,14,24,54,1.0,10.0,0.44,0.0,28.09,50.04
31,101160,월덱스,5,60,14,24,54,1.0,10.0,0.44,0.0,27.45,50.78
31,243840,신흥에스이씨,5,60,14,24,54,1.0,10.0,0.44,0.0,27.17,48.44
31,126700,하이비젼시스템,5,60,14,24,54,1.0,10.0,0.44,0.0,26.24,49.88
31,078350,한양디지텍,5,60,14,24,54,1.0,10.0,0.44,0.0,26.68,50.52
31,032500,케이엠더블유,5,60,14,24,54,1.0,10.0,0.44,0.0,26.34,50.87
31,355150,코스텍시스,5,120,14,24,59,1.0,10.0,0.0,0.0,30.69,47.75
31,092730,네오팜,5,120,14,24,59,1.0,10.0,0.0,0.0,23.73,48.26
31,102120,어보브반도체,5,120,14,24,59,1.0,10.0,0.0,0.0,25.0,50.65
31,083310,엘오티베큠,5,120,14,24,59,1.0,10.0,0.0,0.0,27.52,50.27
31,144960,뉴파워프라즈마,5,120,14,24,59,1.0,10.0,0.0,0.0,22.56,48.74
31,083930,아바코,5,120,14,24,59,1.0,10.0,0.0,0.0,22.36,49.01
31,091580,상신이디피,5,120,14,24,59,1.0,10.0,0.0,0.0,25.46,51.45
31,086980,쇼박스,5,120,14,24,59,1.0,10.0,0.0,0.0,26.16,51.93
31,037070,파세코,5,120,14,24,59,1.0,10.0,0.0,0.0,25.02,49.09
31,079940,가비아,5,120,14,24,59,1.0,10.0,0.0,0.0,28.38,49.38
31,100790,미래에셋벤처투자,5,120,14,24,59,1.0,10.0,0.0,0.0,26.8,51.68
31,084110,휴온스글로벌,5,120,14,24,59,1.0,10.0,0.0,0.0,24.02,47.17
31,032750,삼진,5,120,14,24,79,1.0,10.0,0.0,0.0,24.01,50.86
31,053610,프로텍,5,120,14,24,59,1.0,10.0,0.0,0.0,24.54,48.58
31,114810,한솔아이원스,5,120,14,24,59,1.0,10.0,0.0,0.0,26.71,46.43
31,031330,에스에이엠티,5,120,14,24,59,1.0,10.0,0.0,0.0,25.24,50.05
31,029960,코엔텍,5,120,14,24,59,1.0,10.0,0.0,0.0,26.21,46.66
31,078350,한양디지텍,5,120,14,24,59,1.0,10.0,0.0,0.0,26.68,50.52
31,126700,하이비젼시스템,5,120,14,24,59,1.0,10.0,0.0,0.0,26.24,49.88
31,243840,신흥에스이씨,5,120,14,24,59,1.0,10.0,0.0,0.0,27.17,48.44
31,101160,월덱스,5,120,14,24,59,1.0,10.0,0.0,0.0,27.45,50.78
31,089970,브이엠,5,120,14,24,59,1.0,10.0,0.0,0.0,28.09,50.04
31,089010,켐트로닉스,5,120,14,24,59,1.0,10.0,0.0,0.0,26.9,52.12
31,089980,상아프론테크,5,120,14,24,59,1.0,10.0,0.0,0.0,26.55,49.66
31,066620,국보디자인,5,120,14,24,59,1.0,10.0,0.0,0.0,25.26,46.6
31,090470,제이스텍,5,120,14,24,59,1.0,10.0,0.0,0.0,27.13,49.91
31,101160,월덱스,5,120,14,24,64,1.0,10.0,0.0,0.0,27.45,50.78
31,039610,화성밸브,5,120,14,24,59,1.0,10.0,0.0,0.0,25.09,51.6
31,251970,펌텍코리아,5,120,14,24,64,1.0,10.0,0.0,0.0,26.97,46.19
31,078350,한양디지텍,5,120,14,24,64,1.0,10.0,0.0,0.0,26.68,50.52
31,126700,하이비젼시스템,5,120,14,24,64,1.0,10.0,0.0,0.0,26.24,49.88
31,243840,신흥에스이씨,5,120,14,24,64,1.0,10.0,0.0,0.0,27.17,48.44
31,060370,LS마린솔루션,5,120,14,24,59,1.0,10.0,0.0,0.0,27.5,49.16
31,089970,브이엠,5,120,14,24,64,1.0,10.0,0.0,0.0,28.09,50.04
31,089010,켐트로닉스,5,120,14,24,64,1.0,10.0,0.0,0.0,26.9,52.12
31,089980,상아프론테크,5,120,14,24,64,1.0,10.0,0.0,0.0,26.55,49.66
31,032500,케이엠더블유,5,120,14,24,64,1.0,10.0,0.0,0.0,26.34,50.87
31,060370,LS마린솔루션,5,120,14,24,64,1.0,10.0,0.0,0.0,27.5,49.16
31,030520,한글과컴퓨터,5,120,14,24,64,1.0,10.0,0.0,0.0,22.56,47.18
31,025900,동화기업,5,120,14,24,64,1.0,10.0,0.0,0.0,25.06,47.84
31,019540,일지테크,5,120,14,24,59,1.0,10.0,0.0,0.0,25.16,48.61
31,101490,에스앤에스텍,5,120,14,24,64,1.0,10.0,0.0,0.0,28.61,50.84
31,213420,덕산네오룩스,5,120,14,24,64,1.0,10.0,0.0,0.0,28.07,49.88
31,067310,하나마이크론,5,120,14,24,64,1.0,10.0,0.0,0.0,25.2,51.98
31,222800,심텍,5,120,14,24,64,1.0,10.0,0.0,0.0,29.51,49.58
31,036830,솔브레인홀딩스,5,120,14,24,64,1.0,10.0,0.0,0.0,28.55,50.06
31,005290,동진쎄미켐,5,120,14,24,64,1.0,10.0,0.0,0.0,29.33,47.51
31,263750,펄어비스,5,120,14,24,64,1.0,10.0,0.0,0.0,27.73,50.08
31,032750,삼진,5,120,14,24,59,1.0,10.0,0.0,0.0,24.01,50.86
31,007530,와이엠,5,120,14,24,59,1.0,10.0,0.0,0.0,23.27,50.16
31,005670,푸드웰,5,120,14,24,59,1.0,10.0,0.0,0.0,25.53,47.57
31,032500,케이엠더블유,5,120,14,24,59,1.0,10.0,0.0,0.0,26.34,50.87
31,037070,파세코,5,120,14,24,54,1.0,10.0,0.0,0.0,25.02,49.09
31,030520,한글과컴퓨터,5,120,14,24,59,1.0,10.0,0.0,0.0,22.56,47.18
31,251970,펌텍코리아,5,120,14,24,59,1.0,10.0,0.0,0.0,26.97,46.19
31,100790,미래에셋벤처투자,5,120,14,24,54,1.0,10.0,0.0,0.0,26.8,51.68
31,053610,프로텍,5,120,14,24,54,1.0,10.0,0.0,0.0,24.54,48.58
31,114810,한솔아이원스,5,120,14,24,54,1.0,10.0,0.0,0.0,26.71,46.43
31,031330,에스에이엠티,5,120,14,24,54,1.0,10.0,0.0,0.0,25.24,50.05
31,029960,코엔텍,5,120,14,24,54,1.0,10.0,0.0,0.0,26.21,46.66
31,078350,한양디지텍,5,120,14,24,54,1.0,10.0,0.0,0.0,26.68,50.52
31,126700,하이비젼시스템,5,120,14,24,54,1.0,10.0,0.0,0.0,26.24,49.88
31,243840,신흥에스이씨,5,120,14,24,54,1.0,10.0,0.0,0.0,27.17,48.44
31,101160,월덱스,5,120,14,24,54,1.0,10.0,0.0,0.0,27.45,50.78
31,089970,브이엠,5,120,14,24,54,1.0,10.0,0.0,0.0,28.09,50.04
31,089010,켐트로닉스,5,120,14,24,54,1.0,10.0,0.0,0.0,26.9,52.12
31,089980,상아프론테크,5,120,14,24,54,1.0,10.0,0.0,0.0,26.55,49.66
31,032500,케이엠더블유,5,120,14,24,54,1.0,10.0,0.0,0.0,26.34,50.87
31,060370,LS마린솔루션,5,120,14,24,54,1.0,10.0,0.0,0.0,27.5,49.16
31,030520,한글과컴퓨터,5,120,14,24,54,1.0,10.0,0.0,0.0,22.56,47.18
31,251970,펌텍코리아,5,120,14,24,54,1.0,10.0,0.0,0.0,26.97,46.19
31,025900,동화기업,5,120,14,24,54,1.0,10.0,0.0,0.0,25.06,47.84
31,101490,에스앤에스텍,5,120,14,24,54,1.0,10.0,0.0,0.0,28.61,50.84
31,213420,덕산네오룩스,5,120,14,24,54,1.0,10.0,0.0,0.0,28.07,49.88
31,067310,하나마이크론,5,120,14,24,54,1.0,10.0,0.0,0.0,25.2,51.98
31,222800,심텍,5,120,14,24,54,1.0,10.0,0.0,0.0,29.51,49.58
31,036830,솔브레인홀딩스,5,120,14,24,54,1.0,10.0,0.0,0.0,28.55,50.06
31,005290,동진쎄미켐,5,120,14,24,54,1.0,10.0,0.0,0.0,29.33,47.51
31,084110,휴온스글로벌,5,120,14,24,54,1.0,10.0,0.0,0.0,24.02,47.17
31,102120,어보브반도체,5,120,14,24,54,1.0,10.0,0.0,0.0,25.0,50.65
31,083310,엘오티베큠,5,120,14,24,54,1.0,10.0,0.0,0.0,27.52,50.27
31,005670,푸드웰,5,120,14,24,54,1.0,10.0,0.0,0.0,25.53,47.57
31,025900,동화기업,5,120,14,24,59,1.0,10.0,0.0,0.0,25.06,47.84
31,101490,에스앤에스텍,5,120,14,24,59,1.0,10.0,0.0,0.0,28.61,50.84
31,213420,덕산네오룩스,5,120,14,24,59,1.0,10.0,0.0,0.0,28.07,49.88
31,067310,하나마이크론,5,120,14,24,59,1.0,10.0,0.0,0.0,25.2,51.98
31,222800,심텍,5,120,14,24,59,1.0,10.0,0.0,0.0,29.51,49.58
31,036830,솔브레인홀딩스,5,120,14,24,59,1.0,10.0,0.0,0.0,28.55,50.06
31,005290,동진쎄미켐,5,120,14,24,59,1.0,10.0,0.0,0.0,29.33,47.51
31,263750,펄어비스,5,120,14,24,59,1.0,10.0,0.0,0.0,27.73,50.08
31,032750,삼진,5,120,14,24,54,1.0,10.0,0.0,0.0,24.01,50.86
31,007530,와이엠,5,120,14,24,54,1.0,10.0,0.0,0.0,23.27,50.16
31,019540,일지테크,5,120,14,24,54,1.0,10.0,0.0,0.0,25.16,48.61
31,144960,뉴파워프라즈마,5,120,14,24,54,1.0,10.0,0.0,0.0,22.56,48.74
31,039610,화성밸브,5,120,14,24,54,1.0,10.0,0.0,0.0,25.09,51.6
31,066620,국보디자인,5,120,14,24,54,1.0,10.0,0.0,0.0,25.26,46.6
31,090470,제이스텍,5,120,14,24,54,1.0,10.0,0.0,0.0,27.13,49.91
31,355150,코스텍시스,5,120,14,24,54,1.0,10.0,0.0,0.0,30.69,47.75
31,091580,상신이디피,5,120,14,24,54,1.0,10.0,0.0,0.0,25.46,51.45
31,079940,가비아,5,120,14,24,54,1.0,10.0,0.0,0.0,28.38,49.38
31,031330,에스에이엠티,5,120,14,24,64,1.0,10.0,0.0,0.0,25.24,50.05
31,086980,쇼박스,5,120,14,24,54,1.0,10.0,0.0,0.0,26.16,51.93
31,092730,네오팜,5,120,14,24,54,1.0,10.0,0.0,0.0,23.73,48.26
31,083930,아바코,5,120,14,24,54,1.0,10.0,0.0,0.0,22.36,49.01
31,029960,코엔텍,5,120,14,24,64,1.0,10.0,0.0,0.0,26.21,46.66
31,114810,한솔아이원스,5,120,14,24,64,1.0,10.0,0.0,0.0,26.71,46.43
31,007530,와이엠,5,120,14,24,79,1.0,10.0,0.0,0.0,23.27,50.16
31,067310,하나마이크론,5,120,14,24,79,1.0,10.0,0.0,0.0,25.2,51.98
31,086980,쇼박스,5,120,14,24,74,1.0,10.0,0.0,0.0,26.16,51.93
31,037070,파세코,5,120,14,24,74,1.0,10.0,0.0,0.0,25.02,49.09
31,079940,가비아,5,120,14,24,74,1.0,10.0,0.0,0.0,28.38,49.38
31,091580,상신이디피,5,120,14,24,74,1.0,10.0,0.0,0.0,25.46,51.45
31,355150,코스텍시스,5,120,14,24,74,1.0,10.0,0.0,0.0,30.69,47.75
31,090470,제이스텍,5,120,14,24,74,1.0,10.0,0.0,0.0,27.13,49.91
31,066620,국보디자인,5,120,14,24,74,1.0,10.0,0.0,0.0,25.26,46.6
31,039610,화성밸브,5,120,14,24,74,1.0,10.0,0.0,0.0,25.09,51.6
31,019540,일지테크,5,120,14,24,74,1.0,10.0,0.0,0.0,25.16,48.61
31,005670,푸드웰,5,120,14,24,74,1.0,10.0,0.0,0.0,25.53,47.57
31,007530,와이엠,5,120,14,24,74,1.0,10.0,0.0,0.0,23.27,50.16
31,032750,삼진,5,120,14,24,74,1.0,10.0,0.0,0.0,24.01,50.86
31,263750,펄어비스,5,120,14,24,79,1.0,10.0,0.0,0.0,27.73,50.08
31,005290,동진쎄미켐,5,120,14,24,79,1.0,10.0,0.0,0.0,29.33,47.51
31,036830,솔브레인홀딩스,5,120,14,24,79,1.0,10.0,0.0,0.0,28.55,50.06
31,092730,네오팜,5,120,14,24,74,1.0,10.0,0.0,0.0,23.73,48.26
31,083930,아바코,5,120,14,24,74,1.0,10.0,0.0,0.0,22.36,49.01
31,144960,뉴파워프라즈마,5,120,14,24,74,1.0,10.0,0.0,0.0,22.56,48.74
31,078350,한양디지텍,5,120,14,24,74,1.0,10.0,0.0,0.0,26.68,50.52
31,089980,상아프론테크,5,120,14,24,74,1.0,10.0,0.0,0.0,26.55,49.66
31,089010,켐트로닉스,5,120,14,24,74,1.0,10.0,0.0,0.0,26.9,52.12
31,089970,브이엠,5,120,14,24,74,1.0,10.0,0.0,0.0,28.09,50.04
31,101160,월덱스,5,120,14,24,74,1.0,10.0,0.0,0.0,27.45,50.78
31,243840,신흥에스이씨,5,120,14,24,74,1.0,10.0,0.0,0.0,27.17,48.44
31,126700,하이비젼시스템,5,120,14,24,74,1.0,10.0,0.0,0.0,26.24,49.88
31,029960,코엔텍,5,120,14,24,74,1.0,10.0,0.0,0.0,26.21,46.66
31,083310,엘오티베큠,5,120,14,24,74,1.0,10.0,0.0,0.0,27.52,50.27
31,031330,에스에이엠티,5,120,14,24,74,1.0,10.0,0.0,0.0,25.24,50.05
31,114810,한솔아이원스,5,120,14,24,74,1.0,10.0,0.0,0.0,26.71,46.43
31,053610,프로텍,5,120,14,24,74,1.0,10.0,0.0,0.0,24.54,48.58
31,100790,미래에셋벤처투자,5,120,14,24,74,1.0,10.0,0.0,0.0,26.8,51.68
31,084110,휴온스글로벌,5,120,14,24,74,1.0,10.0,0.0,0.0,24.02,47.17
31,102120,어보브반도체,5,120,14,24,74,1.0,10.0,0.0,0.0,25.0,50.65
31,222800,심텍,5,120,14,24,79,1.0,10.0,0.0,0.0,29.51,49.58
31,213420,덕산네오룩스,5,120,14,24,79,1.0,10.0,0.0,0.0,28.07,49.88
31,053610,프로텍,5,120,14,24,64,1.0,10.0,0.0,0.0,24.54,48.58
31,101490,에스앤에스텍,5,120,14,24,79,1.0,10.0,0.0,0.0,28.61,50.84
31,102120,어보브반도체,5,120,14,24,79,1.0,10.0,0.0,0.0,25.0,50.65
31,083310,엘오티베큠,5,120,14,24,79,1.0,10.0,0.0,0.0,27.52,50.27
31,144960,뉴파워프라즈마,5,120,14,24,79,1.0,10.0,0.0,0.0,22.56,48.74
31,083930,아바코,5,120,14,24,79,1.0,10.0,0.0,0.0,22.36,49.01
31,092730,네오팜,5,120,14,24,79,1.0,10.0,0.0,0.0,23.73,48.26
31,086980,쇼박스,5,120,14,24,79,1.0,10.0,0.0,0.0,26.16,51.93
31,037070,파세코,5,120,14,24,79,1.0,10.0,0.0,0.0,25.02,49.09
31,079940,가비아,5,120,14,24,79,1.0,10.0,0.0,0.0,28.38,49.38
31,091580,상신이디피,5,120,14,24,79,1.0,10.0,0.0,0.0,25.46,51.45
31,355150,코스텍시스,5,120,14,24,79,1.0,10.0,0.0,0.0,30.69,47.75
31,090470,제이스텍,5,120,14,24,79,1.0,10.0,0.0,0.0,27.13,49.91
31,066620,국보디자인,5,120,14,24,79,1.0,10.0,0.0,0.0,25.26,46.6
31,039610,화성밸브,5,120,14,24,79,1.0,10.0,0.0,0.0,25.09,51.6
31,019540,일지테크,5,120,14,24,79,1.0,10.0,0.0,0.0,25.16,48.61
31,005670,푸드웰,5,120,14,24,79,1.0,10.0,0.0,0.0,25.53,47.57
31,084110,휴온스글로벌,5,120,14,24,79,1.0,10.0,0.0,0.0,24.02,47.17
31,100790,미래에셋벤처투자,5,120,14,24,79,1.0,10.0,0.0,0.0,26.8,51.68
31,053610,프로텍,5,120,14,24,79,1.0,10.0,0.0,0.0,24.54,48.58
31,089010,켐트로닉스,5,120,14,24,79,1.0,10.0,0.0,0.0,26.9,52.12
31,025900,동화기업,5,120,14,24,79,1.0,10.0,0.0,0.0,25.06,47.84
31,251970,펌텍코리아,5,120,14,24,79,1.0,10.0,0.0,0.0,26.97,46.19
31,030520,한글과컴퓨터,5,120,14,24,79,1.0,10.0,0.0,0.0,22.56,47.18
31,060370,LS마린솔루션,5,120,14,24,79,1.0,10.0,0.0,0.0,27.5,49.16
31,032500,케이엠더블유,5,120,14,24,79,1.0,10.0,0.0,0.0,26.34,50.87
31,089980,상아프론테크,5,120,14,24,79,1.0,10.0,0.0,0.0,26.55,49.66
31,089970,브이엠,5,120,14,24,79,1.0,10.0,0.0,0.0,28.09,50.04
31,114810,한솔아이원스,5,120,14,24,79,1.0,10.0,0.0,0.0,26.71,46.43
31,101160,월덱스,5,120,14,24,79,1.0,10.0,0.0,0.0,27.45,50.78
31,243840,신흥에스이씨,5,120,14,24,79,1.0,10.0,0.0,0.0,27.17,48.44
31,126700,하이비젼시스템,5,120,14,24,79,1.0,10.0,0.0,0.0,26.24,49.88
31,078350,한양디지텍,5,120,14,24,79,1.0,10.0,0.0,0.0,26.68,50.52
31,029960,코엔텍,5,120,14,24,79,1.0,10.0,0.0,0.0,26.21,46.66
31,031330,에스에이엠티,5,120,14,24,79,1.0,10.0,0.0,0.0,25.24,50.05
31,032500,케이엠더블유,5,120,14,24,74,1.0,10.0,0.0,0.0,26.34,50.87
31,060370,LS마린솔루션,5,120,14,24,74,1.0,10.0,0.0,0.0,27.5,49.16
31,030520,한글과컴퓨터,5,120,14,24,74,1.0,10.0,0.0,0.0,22.56,47.18
31,251970,펌텍코리아,5,120,14,24,74,1.0,10.0,0.0,0.0,26.97,46.19
31,032750,삼진,5,120,14,24,64,1.0,10.0,0.0,0.0,24.01,50.86
31,263750,펄어비스,5,120,14,24,69,1.0,10.0,0.0,0.0,27.73,50.08
31,005290,동진쎄미켐,5,120,14,24,69,1.0,10.0,0.0,0.0,29.33,47.51
31,036830,솔브레인홀딩스,5,120,14,24,69,1.0,10.0,0.0,0.0,28.55,50.06
31,222800,심텍,5,120,14,24,69,1.0,10.0,0.0,0.0,29.51,49.58
31,067310,하나마이크론,5,120,14,24,69,1.0,10.0,0.0,0.0,25.2,51.98
31,213420,덕산네오룩스,5,120,14,24,69,1.0,10.0,0.0,0.0,28.07,49.88
31,101490,에스앤에스텍,5,120,14,24,69,1.0,10.0,0.0,0.0,28.61,50.84
31,025900,동화기업,5,120,14,24,69,1.0,10.0,0.0,0.0,25.06,47.84
31,251970,펌텍코리아,5,120,14,24,69,1.0,10.0,0.0,0.0,26.97,46.19
31,030520,한글과컴퓨터,5,120,14,24,69,1.0,10.0,0.0,0.0,22.56,47.18
31,060370,LS마린솔루션,5,120,14,24,69,1.0,10.0,0.0,0.0,27.5,49.16
31,032500,케이엠더블유,5,120,14,24,69,1.0,10.0,0.0,0.0,26.34,50.87
31,089980,상아프론테크,5,120,14,24,69,1.0,10.0,0.0,0.0,26.55,49.66
31,089010,켐트로닉스,5,120,14,24,69,1.0,10.0,0.0,0.0,26.9,52.12
31,007530,와이엠,5,120,14,24,64,1.0,10.0,0.0,0.0,23.27,50.16
31,005670,푸드웰,5,120,14,24,64,1.0,10.0,0.0,0.0,25.53,47.57
31,019540,일지테크,5,120,14,24,64,1.0,10.0,0.0,0.0,25.16,48.61
31,092730,네오팜,5,120,14,24,64,1.0,10.0,0.0,0.0,23.73,48.26
31,100790,미래에셋벤처투자,5,120,14,24,64,1.0,10.0,0.0,0.0,26.8,51.68
31,084110,휴온스글로벌,5,120,14,24,64,1.0,10.0,0.0,0.0,24.02,47.17
31,102120,어보브반도체,5,120,14,24,64,1.0,10.0,0.0,0.0,25.0,50.65
31,083310,엘오티베큠,5,120,14,24,64,1.0,10.0,0.0,0.0,27.52,50.27
31,144960,뉴파워프라즈마,5,120,14,24,64,1.0,10.0,0.0,0.0,22.56,48.74
31,083930,아바코,5,120,14,24,64,1.0,10.0,0.0,0.0,22.36,49.01
31,086980,쇼박스,5,120,14,24,64,1.0,10.0,0.0,0.0,26.16,51.93
31,039610,화성밸브,5,120,14,24,64,1.0,10.0,0.0,0.0,25.09,51.6
31,037070,파세코,5,120,14,24,64,1.0,10.0,0.0,0.0,25.02,49.09
31,079940,가비아,5,120,14,24,64,1.0,10.0,0.0,0.0,28.38,49.38
31,091580,상신이디피,5,120,14,24,64,1.0,10.0,0.0,0.0,25.46,51.45
31,355150,코스텍시스,5,120,14,24,64,1.0,10.0,0.0,0.0,30.69,47.75
31,090470,제이스텍,5,120,14,24,64,1.0,10.0,0.0,0.0,27.13,49.91
31,066620,국보디자인,5,120,14,24,64,1.0,10.0,0.0,0.0,25.26,46.6
31,089970,브이엠,5,120,14,24,69,1.0,10.0,0.0,0.0,28.09,50.04
31,101160,월덱스,5,120,14,24,69,1.0,10.0,0.0,0.0,27.45,50.78
31,243840,신흥에스이씨,5,120,14,24,69,1.0,10.0,0.0,0.0,27.17,48.44
31,263750,펄어비스,5,120,14,24,74,1.0,10.0,0.0,0.0,27.73,50.08
31,066620,국보디자인,5,120,14,24,69,1.0,10.0,0.0,0.0,25.26,46.6
31,039610,화성밸브,5,120,14,24,69,1.0,10.0,0.0,0.0,25.09,51.6
31,019540,일지테크,5,120,14,24,69,1.0,10.0,0.0,0.0,25.16,48.61
31,005670,푸드웰,5,120,14,24,69,1.0,10.0,0.0,0.0,25.53,47.57
31,007530,와이엠,5,120,14,24,69,1.0,10.0,0.0,0.0,23.27,50.16
31,032750,삼진,5,120,14,24,69,1.0,10.0,0.0,0.0,24.01,50.86
31,005290,동진쎄미켐,5,120,14,24,74,1.0,10.0,0.0,0.0,29.33,47.51
31,355150,코스텍시스,5,120,14,24,69,1.0,10.0,0.0,0.0,30.69,47.75
31,036830,솔브레인홀딩스,5,120,14,24,74,1.0,10.0,0.0,0.0,28.55,50.06
31,222800,심텍,5,120,14,24,74,1.0,10.0,0.0,0.0,29.51,49.58
31,067310,하나마이크론,5,120,14,24,74,1.0,10.0,0.0,0.0,25.2,51.98
31,213420,덕산네오룩스,5,120,14,24,74,1.0,10.0,0.0,0.0,28.07,49.88
31,101490,에스앤에스텍,5,120,14,24,74,1.0,10.0,0.0,0.0,28.61,50.84
31,025900,동화기업,5,120,14,24,74,1.0,10.0,0.0,0.0,25.06,47.84
31,090470,제이스텍,5,120,14,24,69,1.0,10.0,0.0,0.0,27.13,49.91
31,091580,상신이디피,5,120,14,24,69,1.0,10.0,0.0,0.0,25.46,51.45
31,126700,하이비젼시스템,5,120,14,24,69,1.0,10.0,0.0,0.0,26.24,49.88
31,084110,휴온스글로벌,5,120,14,24,69,1.0,10.0,0.0,0.0,24.02,47.17
31,078350,한양디지텍,5,120,14,24,69,1.0,10.0,0.0,0.0,26.68,50.52
31,029960,코엔텍,5,120,14,24,69,1.0,10.0,0.0,0.0,26.21,46.66
31,031330,에스에이엠티,5,120,14,24,69,1.0,10.0,0.0,0.0,25.24,50.05
31,114810,한솔아이원스,5,120,14,24,69,1.0,10.0,0.0,0.0,26.71,46.43
31,053610,프로텍,5,120,14,24,69,1.0,10.0,0.0,0.0,24.54,48.58
31,100790,미래에셋벤처투자,5,120,14,24,69,1.0,10.0,0.0,0.0,26.8,51.68
31,102120,어보브반도체,5,120,14,24,69,1.0,10.0,0.0,0.0,25.0,50.65
31,079940,가비아,5,120,14,24,69,1.0,10.0,0.0,0.0,28.38,49.38
31,083310,엘오티베큠,5,120,14,24,69,1.0,10.0,0.0,0.0,27.52,50.27
31,144960,뉴파워프라즈마,5,120,14,24,69,1.0,10.0,0.0,0.0,22.56,48.74
31,083930,아바코,5,120,14,24,69,1.0,10.0,0.0,0.0,22.36,49.01
31,092730,네오팜,5,120,14,24,69,1.0,10.0,0.0,0.0,23.73,48.26
31,086980,쇼박스,5,120,14,24,69,1.0,10.0,0.0,0.0,26.16,51.93
31,037070,파세코,5,120,14,24,69,1.0,10.0,0.0,0.0,25.02,49.09
31,263750,펄어비스,5,120,14,24,54,1.0,10.0,0.0,0.0,27.73,50.08
