Cluster,Symbol,Name,MA_Short_Window,MA_Long_Window,RSI_Window,RSI_Buy_Threshold,RSI_Sell_Threshold,Stop_Loss_Percent,Take_Profit_Percent,Average_Return,Symbol_sim_return,Return,Std Dev
118,QURE.O,유니큐어,5,60,14,34,54,1.0,10.0,197.17,9.4,14.45,71.19
118,BGFV.O,빅 5 스포팅 구즈,5,60,14,34,54,1.0,10.0,197.17,44.44,13.23,67.41
118,POWW.O,애모,5,60,14,34,54,1.0,10.0,197.17,0.0,15.79,68.86
118,RIGL.O,리겔 파마슈티컬스,5,60,14,34,54,1.0,10.0,197.17,-12.62,12.05,74.28
118,HFFG.O,HF 푸즈그룹,5,60,14,34,54,1.0,10.0,197.17,0.0,5.21,67.4
118,BZUN.O,바오준 ADR,5,60,14,34,54,1.0,10.0,197.17,-45.95,8.94,70.84
118,BWAY.O,브레인스웨이 ADR,5,60,14,34,54,1.0,10.0,197.17,26.1,9.88,64.41
118,ETON.O,이튼 파마슈티컬즈,5,60,14,34,54,1.0,10.0,197.17,54.01,9.79,64.82
118,CXDO.O,크렉센도,5,60,14,34,54,1.0,10.0,197.17,-11.85,9.0,71.05
118,PRTS.O,카파츠닷컴,5,60,14,34,54,1.0,10.0,197.17,-2.99,7.99,64.73
118,ARTW.O,아츠 웨이 매뉴팩처링,5,60,14,34,54,1.0,10.0,197.17,-3.79,10.42,62.33
118,DWSN.O,도슨 지오피지컬,5,60,14,34,54,1.0,10.0,197.17,12.75,11.27,64.75
118,LNSR.O,렌자,5,60,14,34,54,1.0,10.0,197.17,-11.76,4.76,68.81
118,TURN.O,180 디그리 캐피털,5,60,14,34,54,1.0,10.0,197.17,22.02,7.44,67.18
118,ICAD.O,아이캐드,5,60,14,34,54,1.0,10.0,197.17,-1.65,12.07,72.78
118,CUTR.O,큐테라,5,60,14,34,54,1.0,10.0,197.17,-27.61,8.53,63.11
118,KIRK.O,커클랜드,5,60,14,34,54,1.0,10.0,197.17,31.87,10.05,71.89
118,BBGI.O,비슬리 브로드캐스트 그룹,5,60,14,34,54,1.0,10.0,197.17,-13.93,8.59,65.34
118,NKTR.O,넥타 테라퓨틱스,5,60,14,34,54,1.0,10.0,197.17,-13.91,8.43,69.75
118,TRUE.O,트루카,5,60,14,34,54,1.0,10.0,197.17,5.18,9.26,63.23
118,UROY.O,우라늄 로열티,5,60,14,34,54,1.0,10.0,197.17,0.0,14.12,71.09
118,PPTA.O,퍼페투아 리소시스,5,60,14,34,54,1.0,10.0,197.17,347.35,8.24,65.65
118,STNE.O,스톤코,5,60,14,34,54,1.0,10.0,197.17,-7.62,9.5,72.13
118,ATEC.O,알파텍 홀딩스,5,60,14,34,54,1.0,10.0,197.17,-18.89,14.45,70.76
118,UPWK.O,업워크,5,60,14,34,54,1.0,10.0,197.17,35.95,10.17,66.5
118,INDI.O,인디 세미컨덕터,5,60,14,34,54,1.0,10.0,197.17,0.0,5.07,68.22
118,MOMO.O,헬로 그룹 ADR,5,60,14,34,54,1.0,10.0,197.17,10.1,12.34,65.42
118,CGEM.O,컬리넌 테라퓨틱스,5,60,14,34,54,1.0,10.0,197.17,30.92,9.38,70.49
118,BASE.O,카우치베이스,5,60,14,34,54,1.0,10.0,197.17,0.0,8.48,70.73
118,AMSC.O,아메리칸 수퍼컨덕터,5,60,14,34,54,1.0,10.0,197.17,-19.23,10.01,74.4
118,MNTK.O,몬탁 리뉴어블스,5,60,14,34,54,1.0,10.0,197.17,296.31,3.92,69.85
118,VRDN.O,비리디안 테라퓨틱스,5,60,14,34,54,1.0,10.0,197.17,6924.87,8.14,69.18
118,CLNE.O,클린 에너지 퓨얼스,5,60,14,34,54,1.0,10.0,197.17,-10.28,9.49,66.53
118,PRTC.O,퓨어 테크 헬스 ADR,5,60,14,34,54,1.0,10.0,197.17,19.75,9.36,64.81
118,RGNX.O,리젠엑스바이오,5,60,14,34,54,1.0,10.0,197.17,0.0,11.08,65.47
118,VNET.O,브이넷 그룹 ADR,5,60,14,34,54,1.0,10.0,197.17,-18.34,8.22,71.22
118,PHAR.O,파밍 그룹 ADR,5,60,14,34,54,1.0,10.0,197.17,73.13,3.51,68.25
118,MTEX.O,매나테크,5,60,14,34,54,1.0,10.0,197.17,23.04,15.33,68.21
118,CHRS.O,코히러스 바이오사이언스,5,60,14,34,54,1.0,10.0,197.17,-56.96,4.47,70.64
118,ATEC.O,알파텍 홀딩스,5,60,14,34,59,1.0,10.0,188.93,-13.96,14.45,70.76
118,POWW.O,애모,5,60,14,34,59,1.0,10.0,188.93,0.0,15.79,68.86
118,RIGL.O,리겔 파마슈티컬스,5,60,14,34,59,1.0,10.0,188.93,-8.55,12.05,74.28
118,HFFG.O,HF 푸즈그룹,5,60,14,34,59,1.0,10.0,188.93,0.0,5.21,67.4
118,BZUN.O,바오준 ADR,5,60,14,34,59,1.0,10.0,188.93,-45.95,8.94,70.84
118,BWAY.O,브레인스웨이 ADR,5,60,14,34,59,1.0,10.0,188.93,33.06,9.88,64.41
118,ETON.O,이튼 파마슈티컬즈,5,60,14,34,59,1.0,10.0,188.93,12.33,9.79,64.82
118,CXDO.O,크렉센도,5,60,14,34,59,1.0,10.0,188.93,-11.85,9.0,71.05
118,BGFV.O,빅 5 스포팅 구즈,5,60,14,34,59,1.0,10.0,188.93,56.52,13.23,67.41
118,PRTS.O,카파츠닷컴,5,60,14,34,59,1.0,10.0,188.93,-1.09,7.99,64.73
118,DWSN.O,도슨 지오피지컬,5,60,14,34,59,1.0,10.0,188.93,11.99,11.27,64.75
118,LNSR.O,렌자,5,60,14,34,59,1.0,10.0,188.93,-11.76,4.76,68.81
118,TURN.O,180 디그리 캐피털,5,60,14,34,59,1.0,10.0,188.93,23.5,7.44,67.18
118,ICAD.O,아이캐드,5,60,14,34,59,1.0,10.0,188.93,3.02,12.07,72.78
118,CUTR.O,큐테라,5,60,14,34,59,1.0,10.0,188.93,-4.18,8.53,63.11
118,KIRK.O,커클랜드,5,60,14,34,59,1.0,10.0,188.93,21.15,10.05,71.89
118,BBGI.O,비슬리 브로드캐스트 그룹,5,60,14,34,59,1.0,10.0,188.93,-10.75,8.59,65.34
118,STNE.O,스톤코,5,60,14,34,59,1.0,10.0,188.93,-7.62,9.5,72.13
118,ARTW.O,아츠 웨이 매뉴팩처링,5,60,14,34,59,1.0,10.0,188.93,-0.88,10.42,62.33
118,CHRS.O,코히러스 바이오사이언스,5,60,14,34,59,1.0,10.0,188.93,-56.96,4.47,70.64
118,MTEX.O,매나테크,5,60,14,34,59,1.0,10.0,188.93,29.19,15.33,68.21
118,NKTR.O,넥타 테라퓨틱스,5,60,14,34,59,1.0,10.0,188.93,-13.91,8.43,69.75
118,CLNE.O,클린 에너지 퓨얼스,5,60,14,34,59,1.0,10.0,188.93,-2.5,9.49,66.53
118,INDI.O,인디 세미컨덕터,5,60,14,34,59,1.0,10.0,188.93,0.0,5.07,68.22
118,MOMO.O,헬로 그룹 ADR,5,60,14,34,59,1.0,10.0,188.93,10.1,12.34,65.42
118,CGEM.O,컬리넌 테라퓨틱스,5,60,14,34,59,1.0,10.0,188.93,30.92,9.38,70.49
118,BASE.O,카우치베이스,5,60,14,34,59,1.0,10.0,188.93,0.0,8.48,70.73
118,AMSC.O,아메리칸 수퍼컨덕터,5,60,14,34,59,1.0,10.0,188.93,-19.23,10.01,74.4
118,MNTK.O,몬탁 리뉴어블스,5,60,14,34,59,1.0,10.0,188.93,296.31,3.92,69.85
118,VRDN.O,비리디안 테라퓨틱스,5,60,14,34,59,1.0,10.0,188.93,6924.87,8.14,69.18
118,UPWK.O,업워크,5,60,14,34,59,1.0,10.0,188.93,39.4,10.17,66.5
118,PRTC.O,퓨어 테크 헬스 ADR,5,60,14,34,59,1.0,10.0,188.93,3.27,9.36,64.81
118,VNET.O,브이넷 그룹 ADR,5,60,14,34,59,1.0,10.0,188.93,-8.52,8.22,71.22
118,PHAR.O,파밍 그룹 ADR,5,60,14,34,59,1.0,10.0,188.93,-2.24,3.51,68.25
118,PPTA.O,퍼페투아 리소시스,5,60,14,34,59,1.0,10.0,188.93,76.98,8.24,65.65
118,UROY.O,우라늄 로열티,5,60,14,34,59,1.0,10.0,188.93,0.0,14.12,71.09
118,TRUE.O,트루카,5,60,14,34,59,1.0,10.0,188.93,6.21,9.26,63.23
118,QURE.O,유니큐어,5,60,14,34,59,1.0,10.0,188.93,9.4,14.45,71.19
118,RGNX.O,리젠엑스바이오,5,60,14,34,59,1.0,10.0,188.93,0.0,11.08,65.47
118,CLNE.O,클린 에너지 퓨얼스,5,120,14,34,54,1.0,10.0,82.38,0.0,9.49,66.53
118,TRUE.O,트루카,5,120,14,34,54,1.0,10.0,82.38,-7.65,9.26,63.23
118,UROY.O,우라늄 로열티,5,120,14,34,54,1.0,10.0,82.38,0.0,14.12,71.09
118,PPTA.O,퍼페투아 리소시스,5,120,14,34,54,1.0,10.0,82.38,9.12,8.24,65.65
118,PHAR.O,파밍 그룹 ADR,5,120,14,34,54,1.0,10.0,82.38,51.04,3.51,68.25
118,VNET.O,브이넷 그룹 ADR,5,120,14,34,54,1.0,10.0,82.38,-11.11,8.22,71.22
118,RGNX.O,리젠엑스바이오,5,120,14,34,54,1.0,10.0,82.38,0.0,11.08,65.47
118,PRTC.O,퓨어 테크 헬스 ADR,5,120,14,34,54,1.0,10.0,82.38,16.34,9.36,64.81
118,BASE.O,카우치베이스,5,120,14,34,54,1.0,10.0,82.38,0.0,8.48,70.73
118,VRDN.O,비리디안 테라퓨틱스,5,120,14,34,54,1.0,10.0,82.38,0.0,8.14,69.18
118,MNTK.O,몬탁 리뉴어블스,5,120,14,34,54,1.0,10.0,82.38,0.0,3.92,69.85
118,AMSC.O,아메리칸 수퍼컨덕터,5,120,14,34,54,1.0,10.0,82.38,-21.45,10.01,74.4
118,CGEM.O,컬리넌 테라퓨틱스,5,120,14,34,54,1.0,10.0,82.38,27.94,9.38,70.49
118,MOMO.O,헬로 그룹 ADR,5,120,14,34,54,1.0,10.0,82.38,12.68,12.34,65.42
118,INDI.O,인디 세미컨덕터,5,120,14,34,54,1.0,10.0,82.38,0.0,5.07,68.22
118,UPWK.O,업워크,5,120,14,34,54,1.0,10.0,82.38,321.26,10.17,66.5
118,POWW.O,애모,5,120,14,34,54,1.0,10.0,82.38,0.0,15.79,68.86
118,QURE.O,유니큐어,5,120,14,34,54,1.0,10.0,82.38,1453.62,14.45,71.19
118,PRTS.O,카파츠닷컴,5,120,14,34,54,1.0,10.0,82.38,-1.57,7.99,64.73
118,CHRS.O,코히러스 바이오사이언스,5,120,14,34,54,1.0,10.0,82.38,0.0,4.47,70.64
118,LNSR.O,렌자,5,120,14,34,54,1.0,10.0,82.38,-18.42,4.76,68.81
118,ARTW.O,아츠 웨이 매뉴팩처링,5,120,14,34,54,1.0,10.0,82.38,-4.79,10.42,62.33
118,MTEX.O,매나테크,5,120,14,34,54,1.0,10.0,82.38,108.54,15.33,68.21
118,BBGI.O,비슬리 브로드캐스트 그룹,5,120,14,34,54,1.0,10.0,82.38,-8.45,8.59,65.34
118,KIRK.O,커클랜드,5,120,14,34,54,1.0,10.0,82.38,807.91,10.05,71.89
118,CUTR.O,큐테라,5,120,14,34,54,1.0,10.0,82.38,-96.54,8.53,63.11
118,ICAD.O,아이캐드,5,120,14,34,54,1.0,10.0,82.38,-8.2,12.07,72.78
118,TURN.O,180 디그리 캐피털,5,120,14,34,54,1.0,10.0,82.38,16.24,7.44,67.18
118,DWSN.O,도슨 지오피지컬,5,120,14,34,54,1.0,10.0,82.38,8.15,11.27,64.75
118,RIGL.O,리겔 파마슈티컬스,5,120,14,34,54,1.0,10.0,82.38,-10.48,12.05,74.28
118,STNE.O,스톤코,5,120,14,34,54,1.0,10.0,82.38,0.0,9.5,72.13
118,BGFV.O,빅 5 스포팅 구즈,5,120,14,34,54,1.0,10.0,82.38,103.39,13.23,67.41
118,CXDO.O,크렉센도,5,120,14,34,54,1.0,10.0,82.38,354.23,9.0,71.05
118,ETON.O,이튼 파마슈티컬즈,5,120,14,34,54,1.0,10.0,82.38,0.0,9.79,64.82
118,BWAY.O,브레인스웨이 ADR,5,120,14,34,54,1.0,10.0,82.38,207.33,9.88,64.41
118,BZUN.O,바오준 ADR,5,120,14,34,54,1.0,10.0,82.38,-54.2,8.94,70.84
118,HFFG.O,HF 푸즈그룹,5,120,14,34,54,1.0,10.0,82.38,0.0,5.21,67.4
118,ATEC.O,알파텍 홀딩스,5,120,14,34,54,1.0,10.0,82.38,-20.02,14.45,70.76
118,NKTR.O,넥타 테라퓨틱스,5,120,14,34,54,1.0,10.0,82.38,-22.22,8.43,69.75
118,POWW.O,애모,5,120,14,34,69,1.0,10.0,67.53,0.0,15.79,68.86
118,ARTW.O,아츠 웨이 매뉴팩처링,5,120,14,34,69,1.0,10.0,67.53,1.67,10.42,62.33
118,NKTR.O,넥타 테라퓨틱스,5,120,14,34,69,1.0,10.0,67.53,13.22,8.43,69.75
118,CHRS.O,코히러스 바이오사이언스,5,120,14,34,69,1.0,10.0,67.53,0.0,4.47,70.64
118,RIGL.O,리겔 파마슈티컬스,5,120,14,34,69,1.0,10.0,67.53,-3.1,12.05,74.28
118,HFFG.O,HF 푸즈그룹,5,120,14,34,69,1.0,10.0,67.53,0.0,5.21,67.4
118,BZUN.O,바오준 ADR,5,120,14,34,69,1.0,10.0,67.53,-54.2,8.94,70.84
118,BWAY.O,브레인스웨이 ADR,5,120,14,34,69,1.0,10.0,67.53,-5.78,9.88,64.41
118,ETON.O,이튼 파마슈티컬즈,5,120,14,34,69,1.0,10.0,67.53,0.0,9.79,64.82
118,CXDO.O,크렉센도,5,120,14,34,69,1.0,10.0,67.53,492.79,9.0,71.05
118,BGFV.O,빅 5 스포팅 구즈,5,120,14,34,69,1.0,10.0,67.53,126.07,13.23,67.41
118,PRTS.O,카파츠닷컴,5,120,14,34,69,1.0,10.0,67.53,5.29,7.99,64.73
118,DWSN.O,도슨 지오피지컬,5,120,14,34,69,1.0,10.0,67.53,-9.31,11.27,64.75
118,LNSR.O,렌자,5,120,14,34,69,1.0,10.0,67.53,-18.42,4.76,68.81
118,TURN.O,180 디그리 캐피털,5,120,14,34,69,1.0,10.0,67.53,-2.28,7.44,67.18
118,ICAD.O,아이캐드,5,120,14,34,69,1.0,10.0,67.53,13.98,12.07,72.78
118,CUTR.O,큐테라,5,120,14,34,69,1.0,10.0,67.53,-96.54,8.53,63.11
118,KIRK.O,커클랜드,5,120,14,34,69,1.0,10.0,67.53,171.23,10.05,71.89
118,BBGI.O,비슬리 브로드캐스트 그룹,5,120,14,34,69,1.0,10.0,67.53,13.22,8.59,65.34
118,QURE.O,유니큐어,5,120,14,34,69,1.0,10.0,67.53,1016.37,14.45,71.19
118,TRUE.O,트루카,5,120,14,34,69,1.0,10.0,67.53,-7.5,9.26,63.23
118,UROY.O,우라늄 로열티,5,120,14,34,69,1.0,10.0,67.53,0.0,14.12,71.09
118,PPTA.O,퍼페투아 리소시스,5,120,14,34,69,1.0,10.0,67.53,23.23,8.24,65.65
118,STNE.O,스톤코,5,120,14,34,69,1.0,10.0,67.53,0.0,9.5,72.13
118,ATEC.O,알파텍 홀딩스,5,120,14,34,69,1.0,10.0,67.53,-9.07,14.45,70.76
118,UPWK.O,업워크,5,120,14,34,69,1.0,10.0,67.53,739.07,10.17,66.5
118,INDI.O,인디 세미컨덕터,5,120,14,34,69,1.0,10.0,67.53,0.0,5.07,68.22
118,MOMO.O,헬로 그룹 ADR,5,120,14,34,69,1.0,10.0,67.53,12.68,12.34,65.42
118,CGEM.O,컬리넌 테라퓨틱스,5,120,14,34,69,1.0,10.0,67.53,53.06,9.38,70.49
118,BASE.O,카우치베이스,5,120,14,34,69,1.0,10.0,67.53,0.0,8.48,70.73
118,AMSC.O,아메리칸 수퍼컨덕터,5,120,14,34,69,1.0,10.0,67.53,-16.28,10.01,74.4
118,MNTK.O,몬탁 리뉴어블스,5,120,14,34,69,1.0,10.0,67.53,0.0,3.92,69.85
118,VRDN.O,비리디안 테라퓨틱스,5,120,14,34,69,1.0,10.0,67.53,0.0,8.14,69.18
118,CLNE.O,클린 에너지 퓨얼스,5,120,14,34,69,1.0,10.0,67.53,0.0,9.49,66.53
118,PRTC.O,퓨어 테크 헬스 ADR,5,120,14,34,69,1.0,10.0,67.53,0.0,9.36,64.81
118,RGNX.O,리젠엑스바이오,5,120,14,34,69,1.0,10.0,67.53,0.0,11.08,65.47
118,VNET.O,브이넷 그룹 ADR,5,120,14,34,69,1.0,10.0,67.53,10.03,8.22,71.22
118,PHAR.O,파밍 그룹 ADR,5,120,14,34,69,1.0,10.0,67.53,-5.55,3.51,68.25
118,MTEX.O,매나테크,5,120,14,34,69,1.0,10.0,67.53,169.76,15.33,68.21
118,MTEX.O,매나테크,5,120,14,39,54,1.0,10.0,66.34,108.54,15.33,68.21
118,ARTW.O,아츠 웨이 매뉴팩처링,5,120,14,39,54,1.0,10.0,66.34,-4.79,10.42,62.33
118,STNE.O,스톤코,5,120,14,39,54,1.0,10.0,66.34,4.29,9.5,72.13
118,TRUE.O,트루카,5,120,14,39,54,1.0,10.0,66.34,-0.27,9.26,63.23
118,NKTR.O,넥타 테라퓨틱스,5,120,14,39,54,1.0,10.0,66.34,-42.91,8.43,69.75
118,POWW.O,애모,5,120,14,39,54,1.0,10.0,66.34,-15.99,15.79,68.86
118,CHRS.O,코히러스 바이오사이언스,5,120,14,39,54,1.0,10.0,66.34,-45.39,4.47,70.64
118,RIGL.O,리겔 파마슈티컬스,5,120,14,39,54,1.0,10.0,66.34,-10.48,12.05,74.28
118,HFFG.O,HF 푸즈그룹,5,120,14,39,54,1.0,10.0,66.34,-26.82,5.21,67.4
118,BZUN.O,바오준 ADR,5,120,14,39,54,1.0,10.0,66.34,-54.2,8.94,70.84
118,BWAY.O,브레인스웨이 ADR,5,120,14,39,54,1.0,10.0,66.34,207.33,9.88,64.41
118,ETON.O,이튼 파마슈티컬즈,5,120,14,39,54,1.0,10.0,66.34,61.63,9.79,64.82
118,CXDO.O,크렉센도,5,120,14,39,54,1.0,10.0,66.34,-12.6,9.0,71.05
118,BGFV.O,빅 5 스포팅 구즈,5,120,14,39,54,1.0,10.0,66.34,7.54,13.23,67.41
118,PRTS.O,카파츠닷컴,5,120,14,39,54,1.0,10.0,66.34,1.51,7.99,64.73
118,DWSN.O,도슨 지오피지컬,5,120,14,39,54,1.0,10.0,66.34,1.77,11.27,64.75
118,LNSR.O,렌자,5,120,14,39,54,1.0,10.0,66.34,-18.42,4.76,68.81
118,TURN.O,180 디그리 캐피털,5,120,14,39,54,1.0,10.0,66.34,2.32,7.44,67.18
118,ICAD.O,아이캐드,5,120,14,39,54,1.0,10.0,66.34,-24.76,12.07,72.78
118,CUTR.O,큐테라,5,120,14,39,54,1.0,10.0,66.34,-18.82,8.53,63.11
118,BBGI.O,비슬리 브로드캐스트 그룹,5,120,14,39,54,1.0,10.0,66.34,-22.69,8.59,65.34
118,QURE.O,유니큐어,5,120,14,39,54,1.0,10.0,66.34,-19.22,14.45,71.19
118,KIRK.O,커클랜드,5,120,14,39,54,1.0,10.0,66.34,-11.39,10.05,71.89
118,UROY.O,우라늄 로열티,5,120,14,39,54,1.0,10.0,66.34,0.0,14.12,71.09
118,MNTK.O,몬탁 리뉴어블스,5,120,14,39,54,1.0,10.0,66.34,0.0,3.92,69.85
118,ATEC.O,알파텍 홀딩스,5,120,14,39,54,1.0,10.0,66.34,-20.02,14.45,70.76
118,UPWK.O,업워크,5,120,14,39,54,1.0,10.0,66.34,20.32,10.17,66.5
118,INDI.O,인디 세미컨덕터,5,120,14,39,54,1.0,10.0,66.34,2466.38,5.07,68.22
118,MOMO.O,헬로 그룹 ADR,5,120,14,39,54,1.0,10.0,66.34,-22.46,12.34,65.42
118,BASE.O,카우치베이스,5,120,14,39,54,1.0,10.0,66.34,44.46,8.48,70.73
118,AMSC.O,아메리칸 수퍼컨덕터,5,120,14,39,54,1.0,10.0,66.34,-12.22,10.01,74.4
118,CGEM.O,컬리넌 테라퓨틱스,5,120,14,39,54,1.0,10.0,66.34,27.94,9.38,70.49
118,VRDN.O,비리디안 테라퓨틱스,5,120,14,39,54,1.0,10.0,66.34,24.2,8.14,69.18
118,CLNE.O,클린 에너지 퓨얼스,5,120,14,39,54,1.0,10.0,66.34,-23.76,9.49,66.53
118,PRTC.O,퓨어 테크 헬스 ADR,5,120,14,39,54,1.0,10.0,66.34,16.34,9.36,64.81
118,RGNX.O,리젠엑스바이오,5,120,14,39,54,1.0,10.0,66.34,-54.84,11.08,65.47
118,VNET.O,브이넷 그룹 ADR,5,120,14,39,54,1.0,10.0,66.34,-5.48,8.22,71.22
118,PHAR.O,파밍 그룹 ADR,5,120,14,39,54,1.0,10.0,66.34,51.04,3.51,68.25
118,PPTA.O,퍼페투아 리소시스,5,120,14,39,54,1.0,10.0,66.34,9.12,8.24,65.65
118,CLNE.O,클린 에너지 퓨얼스,5,60,14,29,54,1.0,10.0,63.78,-10.28,9.49,66.53
118,QURE.O,유니큐어,5,60,14,29,54,1.0,10.0,63.78,0.0,14.45,71.19
118,TRUE.O,트루카,5,60,14,29,54,1.0,10.0,63.78,-9.01,9.26,63.23
118,UROY.O,우라늄 로열티,5,60,14,29,54,1.0,10.0,63.78,0.0,14.12,71.09
118,PPTA.O,퍼페투아 리소시스,5,60,14,29,54,1.0,10.0,63.78,347.35,8.24,65.65
118,PHAR.O,파밍 그룹 ADR,5,60,14,29,54,1.0,10.0,63.78,73.13,3.51,68.25
118,VNET.O,브이넷 그룹 ADR,5,60,14,29,54,1.0,10.0,63.78,0.0,8.22,71.22
118,RGNX.O,리젠엑스바이오,5,60,14,29,54,1.0,10.0,63.78,0.0,11.08,65.47
118,PRTC.O,퓨어 테크 헬스 ADR,5,60,14,29,54,1.0,10.0,63.78,19.75,9.36,64.81
118,UPWK.O,업워크,5,60,14,29,54,1.0,10.0,63.78,461.83,10.17,66.5
118,VRDN.O,비리디안 테라퓨틱스,5,60,14,29,54,1.0,10.0,63.78,0.0,8.14,69.18
118,MNTK.O,몬탁 리뉴어블스,5,60,14,29,54,1.0,10.0,63.78,0.0,3.92,69.85
118,AMSC.O,아메리칸 수퍼컨덕터,5,60,14,29,54,1.0,10.0,63.78,-19.23,10.01,74.4
118,BASE.O,카우치베이스,5,60,14,29,54,1.0,10.0,63.78,0.0,8.48,70.73
118,CGEM.O,컬리넌 테라퓨틱스,5,60,14,29,54,1.0,10.0,63.78,30.92,9.38,70.49
118,MOMO.O,헬로 그룹 ADR,5,60,14,29,54,1.0,10.0,63.78,0.0,12.34,65.42
118,INDI.O,인디 세미컨덕터,5,60,14,29,54,1.0,10.0,63.78,0.0,5.07,68.22
118,POWW.O,애모,5,60,14,29,54,1.0,10.0,63.78,0.0,15.79,68.86
118,NKTR.O,넥타 테라퓨틱스,5,60,14,29,54,1.0,10.0,63.78,59.64,8.43,69.75
118,CXDO.O,크렉센도,5,60,14,29,54,1.0,10.0,63.78,25.03,9.0,71.05
118,DWSN.O,도슨 지오피지컬,5,60,14,29,54,1.0,10.0,63.78,6.09,11.27,64.75
118,CHRS.O,코히러스 바이오사이언스,5,60,14,29,54,1.0,10.0,63.78,0.0,4.47,70.64
118,ARTW.O,아츠 웨이 매뉴팩처링,5,60,14,29,54,1.0,10.0,63.78,-3.45,10.42,62.33
118,MTEX.O,매나테크,5,60,14,29,54,1.0,10.0,63.78,21.04,15.33,68.21
118,BBGI.O,비슬리 브로드캐스트 그룹,5,60,14,29,54,1.0,10.0,63.78,-28.32,8.59,65.34
118,KIRK.O,커클랜드,5,60,14,29,54,1.0,10.0,63.78,1294.73,10.05,71.89
118,CUTR.O,큐테라,5,60,14,29,54,1.0,10.0,63.78,0.0,8.53,63.11
118,ICAD.O,아이캐드,5,60,14,29,54,1.0,10.0,63.78,43.71,12.07,72.78
118,TURN.O,180 디그리 캐피털,5,60,14,29,54,1.0,10.0,63.78,10.95,7.44,67.18
118,LNSR.O,렌자,5,60,14,29,54,1.0,10.0,63.78,28.33,4.76,68.81
118,STNE.O,스톤코,5,60,14,29,54,1.0,10.0,63.78,0.0,9.5,72.13
118,PRTS.O,카파츠닷컴,5,60,14,29,54,1.0,10.0,63.78,-17.18,7.99,64.73
118,BGFV.O,빅 5 스포팅 구즈,5,60,14,29,54,1.0,10.0,63.78,66.71,13.23,67.41
118,ATEC.O,알파텍 홀딩스,5,60,14,29,54,1.0,10.0,63.78,7.64,14.45,70.76
118,ETON.O,이튼 파마슈티컬즈,5,60,14,29,54,1.0,10.0,63.78,0.0,9.79,64.82
118,BWAY.O,브레인스웨이 ADR,5,60,14,29,54,1.0,10.0,63.78,77.88,9.88,64.41
118,BZUN.O,바오준 ADR,5,60,14,29,54,1.0,10.0,63.78,0.0,8.94,70.84
118,HFFG.O,HF 푸즈그룹,5,60,14,29,54,1.0,10.0,63.78,0.0,5.21,67.4
118,RIGL.O,리겔 파마슈티컬스,5,60,14,29,54,1.0,10.0,63.78,0.0,12.05,74.28
118,STNE.O,스톤코,5,120,14,34,59,1.0,10.0,63.42,0.0,9.5,72.13
118,ATEC.O,알파텍 홀딩스,5,120,14,34,59,1.0,10.0,63.42,-15.06,14.45,70.76
118,MTEX.O,매나테크,5,120,14,34,59,1.0,10.0,63.42,89.82,15.33,68.21
118,BBGI.O,비슬리 브로드캐스트 그룹,5,120,14,34,59,1.0,10.0,63.42,-1.57,8.59,65.34
118,CHRS.O,코히러스 바이오사이언스,5,120,14,34,59,1.0,10.0,63.42,0.0,4.47,70.64
118,RIGL.O,리겔 파마슈티컬스,5,120,14,34,59,1.0,10.0,63.42,-6.16,12.05,74.28
118,HFFG.O,HF 푸즈그룹,5,120,14,34,59,1.0,10.0,63.42,0.0,5.21,67.4
118,BZUN.O,바오준 ADR,5,120,14,34,59,1.0,10.0,63.42,-54.2,8.94,70.84
118,BWAY.O,브레인스웨이 ADR,5,120,14,34,59,1.0,10.0,63.42,216.56,9.88,64.41
118,ETON.O,이튼 파마슈티컬즈,5,120,14,34,59,1.0,10.0,63.42,0.0,9.79,64.82
118,CXDO.O,크렉센도,5,120,14,34,59,1.0,10.0,63.42,354.23,9.0,71.05
118,BGFV.O,빅 5 스포팅 구즈,5,120,14,34,59,1.0,10.0,63.42,120.25,13.23,67.41
118,PRTS.O,카파츠닷컴,5,120,14,34,59,1.0,10.0,63.42,-0.06,7.99,64.73
118,DWSN.O,도슨 지오피지컬,5,120,14,34,59,1.0,10.0,63.42,7.96,11.27,64.75
118,LNSR.O,렌자,5,120,14,34,59,1.0,10.0,63.42,-18.42,4.76,68.81
118,TURN.O,180 디그리 캐피털,5,120,14,34,59,1.0,10.0,63.42,15.4,7.44,67.18
118,ICAD.O,아이캐드,5,120,14,34,59,1.0,10.0,63.42,-2.94,12.07,72.78
118,CUTR.O,큐테라,5,120,14,34,59,1.0,10.0,63.42,-96.54,8.53,63.11
118,KIRK.O,커클랜드,5,120,14,34,59,1.0,10.0,63.42,139.46,10.05,71.89
118,POWW.O,애모,5,120,14,34,59,1.0,10.0,63.42,0.0,15.79,68.86
118,NKTR.O,넥타 테라퓨틱스,5,120,14,34,59,1.0,10.0,63.42,-22.22,8.43,69.75
118,QURE.O,유니큐어,5,120,14,34,59,1.0,10.0,63.42,1453.62,14.45,71.19
118,VRDN.O,비리디안 테라퓨틱스,5,120,14,34,59,1.0,10.0,63.42,0.0,8.14,69.18
118,UPWK.O,업워크,5,120,14,34,59,1.0,10.0,63.42,278.03,10.17,66.5
118,INDI.O,인디 세미컨덕터,5,120,14,34,59,1.0,10.0,63.42,0.0,5.07,68.22
118,MOMO.O,헬로 그룹 ADR,5,120,14,34,59,1.0,10.0,63.42,12.68,12.34,65.42
118,CGEM.O,컬리넌 테라퓨틱스,5,120,14,34,59,1.0,10.0,63.42,27.94,9.38,70.49
118,BASE.O,카우치베이스,5,120,14,34,59,1.0,10.0,63.42,0.0,8.48,70.73
118,AMSC.O,아메리칸 수퍼컨덕터,5,120,14,34,59,1.0,10.0,63.42,-21.45,10.01,74.4
118,MNTK.O,몬탁 리뉴어블스,5,120,14,34,59,1.0,10.0,63.42,0.0,3.92,69.85
118,CLNE.O,클린 에너지 퓨얼스,5,120,14,34,59,1.0,10.0,63.42,0.0,9.49,66.53
118,PRTC.O,퓨어 테크 헬스 ADR,5,120,14,34,59,1.0,10.0,63.42,0.0,9.36,64.81
118,RGNX.O,리젠엑스바이오,5,120,14,34,59,1.0,10.0,63.42,0.0,11.08,65.47
118,VNET.O,브이넷 그룹 ADR,5,120,14,34,59,1.0,10.0,63.42,-0.48,8.22,71.22
118,PHAR.O,파밍 그룹 ADR,5,120,14,34,59,1.0,10.0,63.42,-5.55,3.51,68.25
118,PPTA.O,퍼페투아 리소시스,5,120,14,34,59,1.0,10.0,63.42,11.35,8.24,65.65
118,UROY.O,우라늄 로열티,5,120,14,34,59,1.0,10.0,63.42,0.0,14.12,71.09
118,TRUE.O,트루카,5,120,14,34,59,1.0,10.0,63.42,-7.5,9.26,63.23
118,ARTW.O,아츠 웨이 매뉴팩처링,5,120,14,34,59,1.0,10.0,63.42,-1.78,10.42,62.33
118,ATEC.O,알파텍 홀딩스,5,120,14,34,64,1.0,10.0,63.22,-15.06,14.45,70.76
118,UPWK.O,업워크,5,120,14,34,64,1.0,10.0,63.22,739.07,10.17,66.5
118,INDI.O,인디 세미컨덕터,5,120,14,34,64,1.0,10.0,63.22,0.0,5.07,68.22
118,POWW.O,애모,5,120,14,34,64,1.0,10.0,63.22,0.0,15.79,68.86
118,QURE.O,유니큐어,5,120,14,34,64,1.0,10.0,63.22,1016.37,14.45,71.19
118,TRUE.O,트루카,5,120,14,34,64,1.0,10.0,63.22,-7.5,9.26,63.23
118,UROY.O,우라늄 로열티,5,120,14,34,64,1.0,10.0,63.22,0.0,14.12,71.09
118,PPTA.O,퍼페투아 리소시스,5,120,14,34,64,1.0,10.0,63.22,23.23,8.24,65.65
118,PHAR.O,파밍 그룹 ADR,5,120,14,34,64,1.0,10.0,63.22,-5.55,3.51,68.25
118,VNET.O,브이넷 그룹 ADR,5,120,14,34,64,1.0,10.0,63.22,-0.48,8.22,71.22
118,RGNX.O,리젠엑스바이오,5,120,14,34,64,1.0,10.0,63.22,0.0,11.08,65.47
118,PRTC.O,퓨어 테크 헬스 ADR,5,120,14,34,64,1.0,10.0,63.22,0.0,9.36,64.81
118,CLNE.O,클린 에너지 퓨얼스,5,120,14,34,64,1.0,10.0,63.22,0.0,9.49,66.53
118,VRDN.O,비리디안 테라퓨틱스,5,120,14,34,64,1.0,10.0,63.22,0.0,8.14,69.18
118,MNTK.O,몬탁 리뉴어블스,5,120,14,34,64,1.0,10.0,63.22,0.0,3.92,69.85
118,AMSC.O,아메리칸 수퍼컨덕터,5,120,14,34,64,1.0,10.0,63.22,-17.93,10.01,74.4
118,BASE.O,카우치베이스,5,120,14,34,64,1.0,10.0,63.22,0.0,8.48,70.73
118,CGEM.O,컬리넌 테라퓨틱스,5,120,14,34,64,1.0,10.0,63.22,53.06,9.38,70.49
118,MOMO.O,헬로 그룹 ADR,5,120,14,34,64,1.0,10.0,63.22,12.68,12.34,65.42
118,NKTR.O,넥타 테라퓨틱스,5,120,14,34,64,1.0,10.0,63.22,1.88,8.43,69.75
118,RIGL.O,리겔 파마슈티컬스,5,120,14,34,64,1.0,10.0,63.22,-5.9,12.05,74.28
118,STNE.O,스톤코,5,120,14,34,64,1.0,10.0,63.22,0.0,9.5,72.13
118,HFFG.O,HF 푸즈그룹,5,120,14,34,64,1.0,10.0,63.22,0.0,5.21,67.4
118,ARTW.O,아츠 웨이 매뉴팩처링,5,120,14,34,64,1.0,10.0,63.22,1.67,10.42,62.33
118,MTEX.O,매나테크,5,120,14,34,64,1.0,10.0,63.22,169.49,15.33,68.21
118,BBGI.O,비슬리 브로드캐스트 그룹,5,120,14,34,64,1.0,10.0,63.22,6.01,8.59,65.34
118,KIRK.O,커클랜드,5,120,14,34,64,1.0,10.0,63.22,174.99,10.05,71.89
118,CUTR.O,큐테라,5,120,14,34,64,1.0,10.0,63.22,-96.54,8.53,63.11
118,ICAD.O,아이캐드,5,120,14,34,64,1.0,10.0,63.22,13.98,12.07,72.78
118,TURN.O,180 디그리 캐피털,5,120,14,34,64,1.0,10.0,63.22,10.39,7.44,67.18
118,LNSR.O,렌자,5,120,14,34,64,1.0,10.0,63.22,-18.42,4.76,68.81
118,DWSN.O,도슨 지오피지컬,5,120,14,34,64,1.0,10.0,63.22,-9.31,11.27,64.75
118,PRTS.O,카파츠닷컴,5,120,14,34,64,1.0,10.0,63.22,3.04,7.99,64.73
118,BGFV.O,빅 5 스포팅 구즈,5,120,14,34,64,1.0,10.0,63.22,122.25,13.23,67.41
118,CXDO.O,크렉센도,5,120,14,34,64,1.0,10.0,63.22,354.23,9.0,71.05
118,ETON.O,이튼 파마슈티컬즈,5,120,14,34,64,1.0,10.0,63.22,0.0,9.79,64.82
118,BWAY.O,브레인스웨이 ADR,5,120,14,34,64,1.0,10.0,63.22,-5.78,9.88,64.41
118,BZUN.O,바오준 ADR,5,120,14,34,64,1.0,10.0,63.22,-54.2,8.94,70.84
118,CHRS.O,코히러스 바이오사이언스,5,120,14,34,64,1.0,10.0,63.22,0.0,4.47,70.64
118,UPWK.O,업워크,5,120,14,34,74,1.0,10.0,51.87,739.07,10.17,66.5
118,ARTW.O,아츠 웨이 매뉴팩처링,5,120,14,34,74,1.0,10.0,51.87,9.76,10.42,62.33
118,MNTK.O,몬탁 리뉴어블스,5,120,14,34,74,1.0,10.0,51.87,0.0,3.92,69.85
118,UROY.O,우라늄 로열티,5,120,14,34,74,1.0,10.0,51.87,0.0,14.12,71.09
118,PPTA.O,퍼페투아 리소시스,5,120,14,34,74,1.0,10.0,51.87,8.07,8.24,65.65
118,PHAR.O,파밍 그룹 ADR,5,120,14,34,74,1.0,10.0,51.87,-5.55,3.51,68.25
118,VNET.O,브이넷 그룹 ADR,5,120,14,34,74,1.0,10.0,51.87,10.03,8.22,71.22
118,RGNX.O,리젠엑스바이오,5,120,14,34,74,1.0,10.0,51.87,0.0,11.08,65.47
118,CLNE.O,클린 에너지 퓨얼스,5,120,14,34,74,1.0,10.0,51.87,0.0,9.49,66.53
118,VRDN.O,비리디안 테라퓨틱스,5,120,14,34,74,1.0,10.0,51.87,0.0,8.14,69.18
118,AMSC.O,아메리칸 수퍼컨덕터,5,120,14,34,74,1.0,10.0,51.87,-10.37,10.01,74.4
118,QURE.O,유니큐어,5,120,14,34,74,1.0,10.0,51.87,800.35,14.45,71.19
118,BASE.O,카우치베이스,5,120,14,34,74,1.0,10.0,51.87,0.0,8.48,70.73
118,CGEM.O,컬리넌 테라퓨틱스,5,120,14,34,74,1.0,10.0,51.87,19.6,9.38,70.49
118,MOMO.O,헬로 그룹 ADR,5,120,14,34,74,1.0,10.0,51.87,12.68,12.34,65.42
118,INDI.O,인디 세미컨덕터,5,120,14,34,74,1.0,10.0,51.87,0.0,5.07,68.22
118,STNE.O,스톤코,5,120,14,34,74,1.0,10.0,51.87,0.0,9.5,72.13
118,ATEC.O,알파텍 홀딩스,5,120,14,34,74,1.0,10.0,51.87,-5.6,14.45,70.76
118,MTEX.O,매나테크,5,120,14,34,74,1.0,10.0,51.87,171.78,15.33,68.21
118,TRUE.O,트루카,5,120,14,34,74,1.0,10.0,51.87,-7.5,9.26,63.23
118,PRTC.O,퓨어 테크 헬스 ADR,5,120,14,34,74,1.0,10.0,51.87,0.0,9.36,64.81
118,NKTR.O,넥타 테라퓨틱스,5,120,14,34,74,1.0,10.0,51.87,13.22,8.43,69.75
118,BGFV.O,빅 5 스포팅 구즈,5,120,14,34,74,1.0,10.0,51.87,145.35,13.23,67.41
118,BBGI.O,비슬리 브로드캐스트 그룹,5,120,14,34,74,1.0,10.0,51.87,26.23,8.59,65.34
118,POWW.O,애모,5,120,14,34,74,1.0,10.0,51.87,0.0,15.79,68.86
118,CUTR.O,큐테라,5,120,14,34,74,1.0,10.0,51.87,-96.54,8.53,63.11
118,ICAD.O,아이캐드,5,120,14,34,74,1.0,10.0,51.87,22.24,12.07,72.78
118,TURN.O,180 디그리 캐피털,5,120,14,34,74,1.0,10.0,51.87,-2.28,7.44,67.18
118,LNSR.O,렌자,5,120,14,34,74,1.0,10.0,51.87,-18.42,4.76,68.81
118,DWSN.O,도슨 지오피지컬,5,120,14,34,74,1.0,10.0,51.87,-9.31,11.27,64.75
118,PRTS.O,카파츠닷컴,5,120,14,34,74,1.0,10.0,51.87,5.29,7.99,64.73
118,KIRK.O,커클랜드,5,120,14,34,74,1.0,10.0,51.87,195.8,10.05,71.89
118,CXDO.O,크렉센도,5,120,14,34,74,1.0,10.0,51.87,71.27,9.0,71.05
118,CHRS.O,코히러스 바이오사이언스,5,120,14,34,74,1.0,10.0,51.87,0.0,4.47,70.64
118,BWAY.O,브레인스웨이 ADR,5,120,14,34,74,1.0,10.0,51.87,-5.78,9.88,64.41
118,BZUN.O,바오준 ADR,5,120,14,34,74,1.0,10.0,51.87,-54.2,8.94,70.84
118,HFFG.O,HF 푸즈그룹,5,120,14,34,74,1.0,10.0,51.87,0.0,5.21,67.4
118,RIGL.O,리겔 파마슈티컬스,5,120,14,34,74,1.0,10.0,51.87,-12.34,12.05,74.28
118,ETON.O,이튼 파마슈티컬즈,5,120,14,34,74,1.0,10.0,51.87,0.0,9.79,64.82
118,VRDN.O,비리디안 테라퓨틱스,5,120,14,29,54,1.0,10.0,43.49,0.0,8.14,69.18
118,PPTA.O,퍼페투아 리소시스,5,120,14,29,54,1.0,10.0,43.49,354.19,8.24,65.65
118,PHAR.O,파밍 그룹 ADR,5,120,14,29,54,1.0,10.0,43.49,51.04,3.51,68.25
118,VNET.O,브이넷 그룹 ADR,5,120,14,29,54,1.0,10.0,43.49,0.0,8.22,71.22
118,RGNX.O,리젠엑스바이오,5,120,14,29,54,1.0,10.0,43.49,0.0,11.08,65.47
118,PRTC.O,퓨어 테크 헬스 ADR,5,120,14,29,54,1.0,10.0,43.49,0.0,9.36,64.81
118,CLNE.O,클린 에너지 퓨얼스,5,120,14,29,54,1.0,10.0,43.49,0.0,9.49,66.53
118,BASE.O,카우치베이스,5,120,14,29,54,1.0,10.0,43.49,0.0,8.48,70.73
118,MNTK.O,몬탁 리뉴어블스,5,120,14,29,54,1.0,10.0,43.49,0.0,3.92,69.85
118,AMSC.O,아메리칸 수퍼컨덕터,5,120,14,29,54,1.0,10.0,43.49,-21.45,10.01,74.4
118,CGEM.O,컬리넌 테라퓨틱스,5,120,14,29,54,1.0,10.0,43.49,27.94,9.38,70.49
118,MOMO.O,헬로 그룹 ADR,5,120,14,29,54,1.0,10.0,43.49,0.0,12.34,65.42
118,INDI.O,인디 세미컨덕터,5,120,14,29,54,1.0,10.0,43.49,0.0,5.07,68.22
118,UPWK.O,업워크,5,120,14,29,54,1.0,10.0,43.49,0.0,10.17,66.5
118,ATEC.O,알파텍 홀딩스,5,120,14,29,54,1.0,10.0,43.49,-3.58,14.45,70.76
118,TRUE.O,트루카,5,120,14,29,54,1.0,10.0,43.49,-7.65,9.26,63.23
118,UROY.O,우라늄 로열티,5,120,14,29,54,1.0,10.0,43.49,0.0,14.12,71.09
118,BBGI.O,비슬리 브로드캐스트 그룹,5,120,14,29,54,1.0,10.0,43.49,-31.62,8.59,65.34
118,QURE.O,유니큐어,5,120,14,29,54,1.0,10.0,43.49,0.0,14.45,71.19
118,BGFV.O,빅 5 스포팅 구즈,5,120,14,29,54,1.0,10.0,43.49,52.28,13.23,67.41
118,KIRK.O,커클랜드,5,120,14,29,54,1.0,10.0,43.49,171.6,10.05,71.89
118,CUTR.O,큐테라,5,120,14,29,54,1.0,10.0,43.49,0.0,8.53,63.11
118,ICAD.O,아이캐드,5,120,14,29,54,1.0,10.0,43.49,41.97,12.07,72.78
118,TURN.O,180 디그리 캐피털,5,120,14,29,54,1.0,10.0,43.49,0.0,7.44,67.18
118,LNSR.O,렌자,5,120,14,29,54,1.0,10.0,43.49,35.33,4.76,68.81
118,DWSN.O,도슨 지오피지컬,5,120,14,29,54,1.0,10.0,43.49,12.27,11.27,64.75
118,PRTS.O,카파츠닷컴,5,120,14,29,54,1.0,10.0,43.49,430.28,7.99,64.73
118,CXDO.O,크렉센도,5,120,14,29,54,1.0,10.0,43.49,354.23,9.0,71.05
118,NKTR.O,넥타 테라퓨틱스,5,120,14,29,54,1.0,10.0,43.49,67.63,8.43,69.75
118,ETON.O,이튼 파마슈티컬즈,5,120,14,29,54,1.0,10.0,43.49,0.0,9.79,64.82
118,BWAY.O,브레인스웨이 ADR,5,120,14,29,54,1.0,10.0,43.49,61.38,9.88,64.41
118,BZUN.O,바오준 ADR,5,120,14,29,54,1.0,10.0,43.49,0.0,8.94,70.84
118,HFFG.O,HF 푸즈그룹,5,120,14,29,54,1.0,10.0,43.49,0.0,5.21,67.4
118,RIGL.O,리겔 파마슈티컬스,5,120,14,29,54,1.0,10.0,43.49,0.0,12.05,74.28
118,CHRS.O,코히러스 바이오사이언스,5,120,14,29,54,1.0,10.0,43.49,0.0,4.47,70.64
118,POWW.O,애모,5,120,14,29,54,1.0,10.0,43.49,0.0,15.79,68.86
118,STNE.O,스톤코,5,120,14,29,54,1.0,10.0,43.49,0.0,9.5,72.13
118,ARTW.O,아츠 웨이 매뉴팩처링,5,120,14,29,54,1.0,10.0,43.49,0.0,10.42,62.33
118,MTEX.O,매나테크,5,120,14,29,54,1.0,10.0,43.49,100.09,15.33,68.21
118,ARTW.O,아츠 웨이 매뉴팩처링,5,60,14,29,69,1.0,10.0,40.98,2.91,10.42,62.33
118,MNTK.O,몬탁 리뉴어블스,5,60,14,29,69,1.0,10.0,40.98,0.0,3.92,69.85
118,PPTA.O,퍼페투아 리소시스,5,60,14,29,69,1.0,10.0,40.98,98.21,8.24,65.65
118,PHAR.O,파밍 그룹 ADR,5,60,14,29,69,1.0,10.0,40.98,-2.24,3.51,68.25
118,VNET.O,브이넷 그룹 ADR,5,60,14,29,69,1.0,10.0,40.98,0.0,8.22,71.22
118,RGNX.O,리젠엑스바이오,5,60,14,29,69,1.0,10.0,40.98,0.0,11.08,65.47
118,PRTC.O,퓨어 테크 헬스 ADR,5,60,14,29,69,1.0,10.0,40.98,3.27,9.36,64.81
118,CLNE.O,클린 에너지 퓨얼스,5,60,14,29,69,1.0,10.0,40.98,-2.5,9.49,66.53
118,VRDN.O,비리디안 테라퓨틱스,5,60,14,29,69,1.0,10.0,40.98,0.0,8.14,69.18
118,AMSC.O,아메리칸 수퍼컨덕터,5,60,14,29,69,1.0,10.0,40.98,-14.01,10.01,74.4
118,MTEX.O,매나테크,5,60,14,29,69,1.0,10.0,40.98,103.06,15.33,68.21
118,BASE.O,카우치베이스,5,60,14,29,69,1.0,10.0,40.98,0.0,8.48,70.73
118,CGEM.O,컬리넌 테라퓨틱스,5,60,14,29,69,1.0,10.0,40.98,56.03,9.38,70.49
118,MOMO.O,헬로 그룹 ADR,5,60,14,29,69,1.0,10.0,40.98,0.0,12.34,65.42
118,INDI.O,인디 세미컨덕터,5,60,14,29,69,1.0,10.0,40.98,0.0,5.07,68.22
118,UPWK.O,업워크,5,60,14,29,69,1.0,10.0,40.98,896.62,10.17,66.5
118,ATEC.O,알파텍 홀딩스,5,60,14,29,69,1.0,10.0,40.98,24.29,14.45,70.76
118,STNE.O,스톤코,5,60,14,29,69,1.0,10.0,40.98,0.0,9.5,72.13
118,UROY.O,우라늄 로열티,5,60,14,29,69,1.0,10.0,40.98,0.0,14.12,71.09
118,TRUE.O,트루카,5,60,14,29,69,1.0,10.0,40.98,-8.72,9.26,63.23
118,QURE.O,유니큐어,5,60,14,29,69,1.0,10.0,40.98,0.0,14.45,71.19
118,PRTS.O,카파츠닷컴,5,60,14,29,69,1.0,10.0,40.98,3.23,7.99,64.73
118,BBGI.O,비슬리 브로드캐스트 그룹,5,60,14,29,69,1.0,10.0,40.98,-28.32,8.59,65.34
118,KIRK.O,커클랜드,5,60,14,29,69,1.0,10.0,40.98,213.6,10.05,71.89
118,CUTR.O,큐테라,5,60,14,29,69,1.0,10.0,40.98,0.0,8.53,63.11
118,ICAD.O,아이캐드,5,60,14,29,69,1.0,10.0,40.98,68.83,12.07,72.78
118,TURN.O,180 디그리 캐피털,5,60,14,29,69,1.0,10.0,40.98,-1.17,7.44,67.18
118,LNSR.O,렌자,5,60,14,29,69,1.0,10.0,40.98,28.33,4.76,68.81
118,DWSN.O,도슨 지오피지컬,5,60,14,29,69,1.0,10.0,40.98,-9.27,11.27,64.75
118,BGFV.O,빅 5 스포팅 구즈,5,60,14,29,69,1.0,10.0,40.98,77.47,13.23,67.41
118,NKTR.O,넥타 테라퓨틱스,5,60,14,29,69,1.0,10.0,40.98,42.45,8.43,69.75
118,CXDO.O,크렉센도,5,60,14,29,69,1.0,10.0,40.98,49.39,9.0,71.05
118,ETON.O,이튼 파마슈티컬즈,5,60,14,29,69,1.0,10.0,40.98,0.0,9.79,64.82
118,BWAY.O,브레인스웨이 ADR,5,60,14,29,69,1.0,10.0,40.98,-3.43,9.88,64.41
118,BZUN.O,바오준 ADR,5,60,14,29,69,1.0,10.0,40.98,0.0,8.94,70.84
118,HFFG.O,HF 푸즈그룹,5,60,14,29,69,1.0,10.0,40.98,0.0,5.21,67.4
118,RIGL.O,리겔 파마슈티컬스,5,60,14,29,69,1.0,10.0,40.98,0.0,12.05,74.28
118,CHRS.O,코히러스 바이오사이언스,5,60,14,29,69,1.0,10.0,40.98,0.0,4.47,70.64
118,POWW.O,애모,5,60,14,29,69,1.0,10.0,40.98,0.0,15.79,68.86
118,ARTW.O,아츠 웨이 매뉴팩처링,5,60,14,29,64,1.0,10.0,39.65,2.91,10.42,62.33
118,MTEX.O,매나테크,5,60,14,29,64,1.0,10.0,39.65,103.06,15.33,68.21
118,BGFV.O,빅 5 스포팅 구즈,5,60,14,29,64,1.0,10.0,39.65,64.5,13.23,67.41
118,CHRS.O,코히러스 바이오사이언스,5,60,14,29,64,1.0,10.0,39.65,0.0,4.47,70.64
118,RIGL.O,리겔 파마슈티컬스,5,60,14,29,64,1.0,10.0,39.65,0.0,12.05,74.28
118,HFFG.O,HF 푸즈그룹,5,60,14,29,64,1.0,10.0,39.65,0.0,5.21,67.4
118,BZUN.O,바오준 ADR,5,60,14,29,64,1.0,10.0,39.65,0.0,8.94,70.84
118,BWAY.O,브레인스웨이 ADR,5,60,14,29,64,1.0,10.0,39.65,-3.43,9.88,64.41
118,ETON.O,이튼 파마슈티컬즈,5,60,14,29,64,1.0,10.0,39.65,0.0,9.79,64.82
118,CXDO.O,크렉센도,5,60,14,29,64,1.0,10.0,39.65,25.03,9.0,71.05
118,PRTS.O,카파츠닷컴,5,60,14,29,64,1.0,10.0,39.65,-8.53,7.99,64.73
118,NKTR.O,넥타 테라퓨틱스,5,60,14,29,64,1.0,10.0,39.65,29.63,8.43,69.75
118,DWSN.O,도슨 지오피지컬,5,60,14,29,64,1.0,10.0,39.65,-9.27,11.27,64.75
118,LNSR.O,렌자,5,60,14,29,64,1.0,10.0,39.65,28.33,4.76,68.81
118,TURN.O,180 디그리 캐피털,5,60,14,29,64,1.0,10.0,39.65,9.17,7.44,67.18
118,ICAD.O,아이캐드,5,60,14,29,64,1.0,10.0,39.65,68.83,12.07,72.78
118,CUTR.O,큐테라,5,60,14,29,64,1.0,10.0,39.65,0.0,8.53,63.11
118,KIRK.O,커클랜드,5,60,14,29,64,1.0,10.0,39.65,221.24,10.05,71.89
118,BBGI.O,비슬리 브로드캐스트 그룹,5,60,14,29,64,1.0,10.0,39.65,-28.32,8.59,65.34
118,POWW.O,애모,5,60,14,29,64,1.0,10.0,39.65,0.0,15.79,68.86
118,QURE.O,유니큐어,5,60,14,29,64,1.0,10.0,39.65,0.0,14.45,71.19
118,MNTK.O,몬탁 리뉴어블스,5,60,14,29,64,1.0,10.0,39.65,0.0,3.92,69.85
118,STNE.O,스톤코,5,60,14,29,64,1.0,10.0,39.65,0.0,9.5,72.13
118,UPWK.O,업워크,5,60,14,29,64,1.0,10.0,39.65,896.62,10.17,66.5
118,INDI.O,인디 세미컨덕터,5,60,14,29,64,1.0,10.0,39.65,0.0,5.07,68.22
118,MOMO.O,헬로 그룹 ADR,5,60,14,29,64,1.0,10.0,39.65,0.0,12.34,65.42
118,CGEM.O,컬리넌 테라퓨틱스,5,60,14,29,64,1.0,10.0,39.65,56.03,9.38,70.49
118,BASE.O,카우치베이스,5,60,14,29,64,1.0,10.0,39.65,0.0,8.48,70.73
118,AMSC.O,아메리칸 수퍼컨덕터,5,60,14,29,64,1.0,10.0,39.65,-15.67,10.01,74.4
118,TRUE.O,트루카,5,60,14,29,64,1.0,10.0,39.65,-8.72,9.26,63.23
118,VRDN.O,비리디안 테라퓨틱스,5,60,14,29,64,1.0,10.0,39.65,0.0,8.14,69.18
118,CLNE.O,클린 에너지 퓨얼스,5,60,14,29,64,1.0,10.0,39.65,-2.5,9.49,66.53
118,PRTC.O,퓨어 테크 헬스 ADR,5,60,14,29,64,1.0,10.0,39.65,3.27,9.36,64.81
118,RGNX.O,리젠엑스바이오,5,60,14,29,64,1.0,10.0,39.65,0.0,11.08,65.47
118,VNET.O,브이넷 그룹 ADR,5,60,14,29,64,1.0,10.0,39.65,0.0,8.22,71.22
118,PHAR.O,파밍 그룹 ADR,5,60,14,29,64,1.0,10.0,39.65,-2.24,3.51,68.25
118,PPTA.O,퍼페투아 리소시스,5,60,14,29,64,1.0,10.0,39.65,98.21,8.24,65.65
118,UROY.O,우라늄 로열티,5,60,14,29,64,1.0,10.0,39.65,0.0,14.12,71.09
118,ATEC.O,알파텍 홀딩스,5,60,14,29,64,1.0,10.0,39.65,18.38,14.45,70.76
118,STNE.O,스톤코,5,60,14,29,74,1.0,10.0,39.03,0.0,9.5,72.13
118,MTEX.O,매나테크,5,60,14,29,74,1.0,10.0,39.03,103.06,15.33,68.21
118,ARTW.O,아츠 웨이 매뉴팩처링,5,60,14,29,74,1.0,10.0,39.03,10.72,10.42,62.33
118,NKTR.O,넥타 테라퓨틱스,5,60,14,29,74,1.0,10.0,39.03,42.45,8.43,69.75
118,ATEC.O,알파텍 홀딩스,5,60,14,29,74,1.0,10.0,39.03,32.11,14.45,70.76
118,TRUE.O,트루카,5,60,14,29,74,1.0,10.0,39.03,-8.72,9.26,63.23
118,UROY.O,우라늄 로열티,5,60,14,29,74,1.0,10.0,39.03,0.0,14.12,71.09
118,PPTA.O,퍼페투아 리소시스,5,60,14,29,74,1.0,10.0,39.03,62.38,8.24,65.65
118,PHAR.O,파밍 그룹 ADR,5,60,14,29,74,1.0,10.0,39.03,-2.24,3.51,68.25
118,VNET.O,브이넷 그룹 ADR,5,60,14,29,74,1.0,10.0,39.03,0.0,8.22,71.22
118,RGNX.O,리젠엑스바이오,5,60,14,29,74,1.0,10.0,39.03,0.0,11.08,65.47
118,PRTC.O,퓨어 테크 헬스 ADR,5,60,14,29,74,1.0,10.0,39.03,3.27,9.36,64.81
118,CLNE.O,클린 에너지 퓨얼스,5,60,14,29,74,1.0,10.0,39.03,7.03,9.49,66.53
118,VRDN.O,비리디안 테라퓨틱스,5,60,14,29,74,1.0,10.0,39.03,0.0,8.14,69.18
118,MNTK.O,몬탁 리뉴어블스,5,60,14,29,74,1.0,10.0,39.03,0.0,3.92,69.85
118,AMSC.O,아메리칸 수퍼컨덕터,5,60,14,29,74,1.0,10.0,39.03,-8.43,10.01,74.4
118,BASE.O,카우치베이스,5,60,14,29,74,1.0,10.0,39.03,0.0,8.48,70.73
118,CGEM.O,컬리넌 테라퓨틱스,5,60,14,29,74,1.0,10.0,39.03,22.01,9.38,70.49
118,MOMO.O,헬로 그룹 ADR,5,60,14,29,74,1.0,10.0,39.03,0.0,12.34,65.42
118,INDI.O,인디 세미컨덕터,5,60,14,29,74,1.0,10.0,39.03,0.0,5.07,68.22
118,QURE.O,유니큐어,5,60,14,29,74,1.0,10.0,39.03,0.0,14.45,71.19
118,POWW.O,애모,5,60,14,29,74,1.0,10.0,39.03,0.0,15.79,68.86
118,CHRS.O,코히러스 바이오사이언스,5,60,14,29,74,1.0,10.0,39.03,0.0,4.47,70.64
118,DWSN.O,도슨 지오피지컬,5,60,14,29,74,1.0,10.0,39.03,-9.27,11.27,64.75
118,BBGI.O,비슬리 브로드캐스트 그룹,5,60,14,29,74,1.0,10.0,39.03,-28.32,8.59,65.34
118,KIRK.O,커클랜드,5,60,14,29,74,1.0,10.0,39.03,210.18,10.05,71.89
118,CUTR.O,큐테라,5,60,14,29,74,1.0,10.0,39.03,0.0,8.53,63.11
118,ICAD.O,아이캐드,5,60,14,29,74,1.0,10.0,39.03,82.61,12.07,72.78
118,TURN.O,180 디그리 캐피털,5,60,14,29,74,1.0,10.0,39.03,-1.17,7.44,67.18
118,LNSR.O,렌자,5,60,14,29,74,1.0,10.0,39.03,28.33,4.76,68.81
118,PRTS.O,카파츠닷컴,5,60,14,29,74,1.0,10.0,39.03,3.23,7.99,64.73
118,BGFV.O,빅 5 스포팅 구즈,5,60,14,29,74,1.0,10.0,39.03,79.29,13.23,67.41
118,CXDO.O,크렉센도,5,60,14,29,74,1.0,10.0,39.03,0.4,9.0,71.05
118,ETON.O,이튼 파마슈티컬즈,5,60,14,29,74,1.0,10.0,39.03,0.0,9.79,64.82
118,BWAY.O,브레인스웨이 ADR,5,60,14,29,74,1.0,10.0,39.03,-3.43,9.88,64.41
118,BZUN.O,바오준 ADR,5,60,14,29,74,1.0,10.0,39.03,0.0,8.94,70.84
118,HFFG.O,HF 푸즈그룹,5,60,14,29,74,1.0,10.0,39.03,0.0,5.21,67.4
118,RIGL.O,리겔 파마슈티컬스,5,60,14,29,74,1.0,10.0,39.03,0.0,12.05,74.28
118,UPWK.O,업워크,5,60,14,29,74,1.0,10.0,39.03,896.62,10.17,66.5
118,CGEM.O,컬리넌 테라퓨틱스,5,120,14,34,79,1.0,10.0,37.04,19.6,9.38,70.49
118,STNE.O,스톤코,5,120,14,34,79,1.0,10.0,37.04,0.0,9.5,72.13
118,MOMO.O,헬로 그룹 ADR,5,120,14,34,79,1.0,10.0,37.04,12.68,12.34,65.42
118,ATEC.O,알파텍 홀딩스,5,120,14,34,79,1.0,10.0,37.04,-5.6,14.45,70.76
118,CHRS.O,코히러스 바이오사이언스,5,120,14,34,79,1.0,10.0,37.04,0.0,4.47,70.64
118,NKTR.O,넥타 테라퓨틱스,5,120,14,34,79,1.0,10.0,37.04,13.22,8.43,69.75
118,INDI.O,인디 세미컨덕터,5,120,14,34,79,1.0,10.0,37.04,0.0,5.07,68.22
118,QURE.O,유니큐어,5,120,14,34,79,1.0,10.0,37.04,600.09,14.45,71.19
118,TRUE.O,트루카,5,120,14,34,79,1.0,10.0,37.04,-7.5,9.26,63.23
118,UROY.O,우라늄 로열티,5,120,14,34,79,1.0,10.0,37.04,0.0,14.12,71.09
118,PPTA.O,퍼페투아 리소시스,5,120,14,34,79,1.0,10.0,37.04,8.07,8.24,65.65
118,VNET.O,브이넷 그룹 ADR,5,120,14,34,79,1.0,10.0,37.04,17.29,8.22,71.22
118,RGNX.O,리젠엑스바이오,5,120,14,34,79,1.0,10.0,37.04,0.0,11.08,65.47
118,PRTC.O,퓨어 테크 헬스 ADR,5,120,14,34,79,1.0,10.0,37.04,0.0,9.36,64.81
118,CLNE.O,클린 에너지 퓨얼스,5,120,14,34,79,1.0,10.0,37.04,0.0,9.49,66.53
118,VRDN.O,비리디안 테라퓨틱스,5,120,14,34,79,1.0,10.0,37.04,0.0,8.14,69.18
118,MNTK.O,몬탁 리뉴어블스,5,120,14,34,79,1.0,10.0,37.04,0.0,3.92,69.85
118,AMSC.O,아메리칸 수퍼컨덕터,5,120,14,34,79,1.0,10.0,37.04,-8.62,10.01,74.4
118,BASE.O,카우치베이스,5,120,14,34,79,1.0,10.0,37.04,0.0,8.48,70.73
118,UPWK.O,업워크,5,120,14,34,79,1.0,10.0,37.04,688.27,10.17,66.5
118,POWW.O,애모,5,120,14,34,79,1.0,10.0,37.04,0.0,15.79,68.86
118,PHAR.O,파밍 그룹 ADR,5,120,14,34,79,1.0,10.0,37.04,-5.55,3.51,68.25
118,RIGL.O,리겔 파마슈티컬스,5,120,14,34,79,1.0,10.0,37.04,-12.34,12.05,74.28
118,LNSR.O,렌자,5,120,14,34,79,1.0,10.0,37.04,-18.42,4.76,68.81
118,ARTW.O,아츠 웨이 매뉴팩처링,5,120,14,34,79,1.0,10.0,37.04,9.76,10.42,62.33
118,HFFG.O,HF 푸즈그룹,5,120,14,34,79,1.0,10.0,37.04,0.0,5.21,67.4
118,MTEX.O,매나테크,5,120,14,34,79,1.0,10.0,37.04,175.41,15.33,68.21
118,BBGI.O,비슬리 브로드캐스트 그룹,5,120,14,34,79,1.0,10.0,37.04,25.46,8.59,65.34
118,KIRK.O,커클랜드,5,120,14,34,79,1.0,10.0,37.04,9.52,10.05,71.89
118,CUTR.O,큐테라,5,120,14,34,79,1.0,10.0,37.04,-96.54,8.53,63.11
118,TURN.O,180 디그리 캐피털,5,120,14,34,79,1.0,10.0,37.04,-2.28,7.44,67.18
118,ICAD.O,아이캐드,5,120,14,34,79,1.0,10.0,37.04,8.4,12.07,72.78
118,DWSN.O,도슨 지오피지컬,5,120,14,34,79,1.0,10.0,37.04,-9.31,11.27,64.75
118,PRTS.O,카파츠닷컴,5,120,14,34,79,1.0,10.0,37.04,5.29,7.99,64.73
118,BGFV.O,빅 5 스포팅 구즈,5,120,14,34,79,1.0,10.0,37.04,6.29,13.23,67.41
118,CXDO.O,크렉센도,5,120,14,34,79,1.0,10.0,37.04,71.27,9.0,71.05
118,ETON.O,이튼 파마슈티컬즈,5,120,14,34,79,1.0,10.0,37.04,0.0,9.79,64.82
118,BWAY.O,브레인스웨이 ADR,5,120,14,34,79,1.0,10.0,37.04,-5.78,9.88,64.41
118,BZUN.O,바오준 ADR,5,120,14,34,79,1.0,10.0,37.04,-54.2,8.94,70.84
118,QURE.O,유니큐어,5,60,14,34,74,1.0,10.0,29.7,39.23,14.45,71.19
118,PRTC.O,퓨어 테크 헬스 ADR,5,60,14,34,74,1.0,10.0,29.7,3.27,9.36,64.81
118,TRUE.O,트루카,5,60,14,34,74,1.0,10.0,29.7,-7.87,9.26,63.23
118,UROY.O,우라늄 로열티,5,60,14,34,74,1.0,10.0,29.7,0.0,14.12,71.09
118,PPTA.O,퍼페투아 리소시스,5,60,14,34,74,1.0,10.0,29.7,62.38,8.24,65.65
118,PHAR.O,파밍 그룹 ADR,5,60,14,34,74,1.0,10.0,29.7,-2.24,3.51,68.25
118,VNET.O,브이넷 그룹 ADR,5,60,14,34,74,1.0,10.0,29.7,-0.12,8.22,71.22
118,RGNX.O,리젠엑스바이오,5,60,14,34,74,1.0,10.0,29.7,0.0,11.08,65.47
118,INDI.O,인디 세미컨덕터,5,60,14,34,74,1.0,10.0,29.7,0.0,5.07,68.22
118,CLNE.O,클린 에너지 퓨얼스,5,60,14,34,74,1.0,10.0,29.7,7.03,9.49,66.53
118,VRDN.O,비리디안 테라퓨틱스,5,60,14,34,74,1.0,10.0,29.7,588.99,8.14,69.18
118,MNTK.O,몬탁 리뉴어블스,5,60,14,34,74,1.0,10.0,29.7,296.31,3.92,69.85
118,AMSC.O,아메리칸 수퍼컨덕터,5,60,14,34,74,1.0,10.0,29.7,-8.43,10.01,74.4
118,BASE.O,카우치베이스,5,60,14,34,74,1.0,10.0,29.7,0.0,8.48,70.73
118,CGEM.O,컬리넌 테라퓨틱스,5,60,14,34,74,1.0,10.0,29.7,22.01,9.38,70.49
118,MOMO.O,헬로 그룹 ADR,5,60,14,34,74,1.0,10.0,29.7,10.1,12.34,65.42
118,POWW.O,애모,5,60,14,34,74,1.0,10.0,29.7,0.0,15.79,68.86
118,NKTR.O,넥타 테라퓨틱스,5,60,14,34,74,1.0,10.0,29.7,15.97,8.43,69.75
118,ARTW.O,아츠 웨이 매뉴팩처링,5,60,14,34,74,1.0,10.0,29.7,10.21,10.42,62.33
118,CHRS.O,코히러스 바이오사이언스,5,60,14,34,74,1.0,10.0,29.7,-56.96,4.47,70.64
118,LNSR.O,렌자,5,60,14,34,74,1.0,10.0,29.7,-11.76,4.76,68.81
118,ATEC.O,알파텍 홀딩스,5,60,14,34,74,1.0,10.0,29.7,-4.63,14.45,70.76
118,MTEX.O,매나테크,5,60,14,34,74,1.0,10.0,29.7,77.24,15.33,68.21
118,BBGI.O,비슬리 브로드캐스트 그룹,5,60,14,34,74,1.0,10.0,29.7,1.17,8.59,65.34
118,KIRK.O,커클랜드,5,60,14,34,74,1.0,10.0,29.7,46.81,10.05,71.89
118,CUTR.O,큐테라,5,60,14,34,74,1.0,10.0,29.7,-36.45,8.53,63.11
118,ICAD.O,아이캐드,5,60,14,34,74,1.0,10.0,29.7,25.82,12.07,72.78
118,TURN.O,180 디그리 캐피털,5,60,14,34,74,1.0,10.0,29.7,-1.17,7.44,67.18
118,DWSN.O,도슨 지오피지컬,5,60,14,34,74,1.0,10.0,29.7,-9.27,11.27,64.75
118,RIGL.O,리겔 파마슈티컬스,5,60,14,34,74,1.0,10.0,29.7,-13.51,12.05,74.28
118,PRTS.O,카파츠닷컴,5,60,14,34,74,1.0,10.0,29.7,3.23,7.99,64.73
118,BGFV.O,빅 5 스포팅 구즈,5,60,14,34,74,1.0,10.0,29.7,85.87,13.23,67.41
118,CXDO.O,크렉센도,5,60,14,34,74,1.0,10.0,29.7,-20.52,9.0,71.05
118,ETON.O,이튼 파마슈티컬즈,5,60,14,34,74,1.0,10.0,29.7,12.33,9.79,64.82
118,BWAY.O,브레인스웨이 ADR,5,60,14,34,74,1.0,10.0,29.7,-3.43,9.88,64.41
118,BZUN.O,바오준 ADR,5,60,14,34,74,1.0,10.0,29.7,-45.95,8.94,70.84
118,HFFG.O,HF 푸즈그룹,5,60,14,34,74,1.0,10.0,29.7,0.0,5.21,67.4
118,UPWK.O,업워크,5,60,14,34,74,1.0,10.0,29.7,80.17,10.17,66.5
118,STNE.O,스톤코,5,60,14,34,74,1.0,10.0,29.7,-7.62,9.5,72.13
118,PRTC.O,퓨어 테크 헬스 ADR,5,120,14,29,69,1.0,10.0,29.06,0.0,9.36,64.81
118,ATEC.O,알파텍 홀딩스,5,120,14,29,69,1.0,10.0,29.06,15.24,14.45,70.76
118,NKTR.O,넥타 테라퓨틱스,5,120,14,29,69,1.0,10.0,29.06,43.72,8.43,69.75
118,QURE.O,유니큐어,5,120,14,29,69,1.0,10.0,29.06,0.0,14.45,71.19
118,TRUE.O,트루카,5,120,14,29,69,1.0,10.0,29.06,-7.5,9.26,63.23
118,UROY.O,우라늄 로열티,5,120,14,29,69,1.0,10.0,29.06,0.0,14.12,71.09
118,PPTA.O,퍼페투아 리소시스,5,120,14,29,69,1.0,10.0,29.06,85.85,8.24,65.65
118,PHAR.O,파밍 그룹 ADR,5,120,14,29,69,1.0,10.0,29.06,-5.55,3.51,68.25
118,VNET.O,브이넷 그룹 ADR,5,120,14,29,69,1.0,10.0,29.06,0.0,8.22,71.22
118,RGNX.O,리젠엑스바이오,5,120,14,29,69,1.0,10.0,29.06,0.0,11.08,65.47
118,CLNE.O,클린 에너지 퓨얼스,5,120,14,29,69,1.0,10.0,29.06,0.0,9.49,66.53
118,VRDN.O,비리디안 테라퓨틱스,5,120,14,29,69,1.0,10.0,29.06,0.0,8.14,69.18
118,MNTK.O,몬탁 리뉴어블스,5,120,14,29,69,1.0,10.0,29.06,0.0,3.92,69.85
118,AMSC.O,아메리칸 수퍼컨덕터,5,120,14,29,69,1.0,10.0,29.06,-16.28,10.01,74.4
118,BASE.O,카우치베이스,5,120,14,29,69,1.0,10.0,29.06,0.0,8.48,70.73
118,CGEM.O,컬리넌 테라퓨틱스,5,120,14,29,69,1.0,10.0,29.06,53.06,9.38,70.49
118,MOMO.O,헬로 그룹 ADR,5,120,14,29,69,1.0,10.0,29.06,0.0,12.34,65.42
118,INDI.O,인디 세미컨덕터,5,120,14,29,69,1.0,10.0,29.06,0.0,5.07,68.22
118,UPWK.O,업워크,5,120,14,29,69,1.0,10.0,29.06,0.0,10.17,66.5
118,POWW.O,애모,5,120,14,29,69,1.0,10.0,29.06,0.0,15.79,68.86
118,CHRS.O,코히러스 바이오사이언스,5,120,14,29,69,1.0,10.0,29.06,0.0,4.47,70.64
118,RIGL.O,리겔 파마슈티컬스,5,120,14,29,69,1.0,10.0,29.06,0.0,12.05,74.28
118,HFFG.O,HF 푸즈그룹,5,120,14,29,69,1.0,10.0,29.06,0.0,5.21,67.4
118,ARTW.O,아츠 웨이 매뉴팩처링,5,120,14,29,69,1.0,10.0,29.06,0.0,10.42,62.33
118,MTEX.O,매나테크,5,120,14,29,69,1.0,10.0,29.06,277.14,15.33,68.21
118,BBGI.O,비슬리 브로드캐스트 그룹,5,120,14,29,69,1.0,10.0,29.06,-31.62,8.59,65.34
118,KIRK.O,커클랜드,5,120,14,29,69,1.0,10.0,29.06,34.1,10.05,71.89
118,CUTR.O,큐테라,5,120,14,29,69,1.0,10.0,29.06,0.0,8.53,63.11
118,ICAD.O,아이캐드,5,120,14,29,69,1.0,10.0,29.06,71.07,12.07,72.78
118,TURN.O,180 디그리 캐피털,5,120,14,29,69,1.0,10.0,29.06,0.0,7.44,67.18
118,LNSR.O,렌자,5,120,14,29,69,1.0,10.0,29.06,35.33,4.76,68.81
118,DWSN.O,도슨 지오피지컬,5,120,14,29,69,1.0,10.0,29.06,-8.47,11.27,64.75
118,PRTS.O,카파츠닷컴,5,120,14,29,69,1.0,10.0,29.06,33.17,7.99,64.73
118,BGFV.O,빅 5 스포팅 구즈,5,120,14,29,69,1.0,10.0,29.06,67.04,13.23,67.41
118,CXDO.O,크렉센도,5,120,14,29,69,1.0,10.0,29.06,492.79,9.0,71.05
118,ETON.O,이튼 파마슈티컬즈,5,120,14,29,69,1.0,10.0,29.06,0.0,9.79,64.82
118,BWAY.O,브레인스웨이 ADR,5,120,14,29,69,1.0,10.0,29.06,-5.78,9.88,64.41
118,BZUN.O,바오준 ADR,5,120,14,29,69,1.0,10.0,29.06,0.0,8.94,70.84
118,STNE.O,스톤코,5,120,14,29,69,1.0,10.0,29.06,0.0,9.5,72.13
118,ATEC.O,알파텍 홀딩스,5,60,14,34,69,1.0,10.0,28.65,-8.09,14.45,70.76
118,STNE.O,스톤코,5,60,14,34,69,1.0,10.0,28.65,-7.62,9.5,72.13
118,CLNE.O,클린 에너지 퓨얼스,5,60,14,34,69,1.0,10.0,28.65,-2.5,9.49,66.53
118,BGFV.O,빅 5 스포팅 구즈,5,60,14,34,69,1.0,10.0,28.65,71.69,13.23,67.41
118,CHRS.O,코히러스 바이오사이언스,5,60,14,34,69,1.0,10.0,28.65,-56.96,4.47,70.64
118,RIGL.O,리겔 파마슈티컬스,5,60,14,34,69,1.0,10.0,28.65,-4.98,12.05,74.28
118,HFFG.O,HF 푸즈그룹,5,60,14,34,69,1.0,10.0,28.65,0.0,5.21,67.4
118,BZUN.O,바오준 ADR,5,60,14,34,69,1.0,10.0,28.65,-45.95,8.94,70.84
118,BWAY.O,브레인스웨이 ADR,5,60,14,34,69,1.0,10.0,28.65,-3.43,9.88,64.41
118,ETON.O,이튼 파마슈티컬즈,5,60,14,34,69,1.0,10.0,28.65,12.33,9.79,64.82
118,CXDO.O,크렉센도,5,60,14,34,69,1.0,10.0,28.65,1.55,9.0,71.05
118,PRTS.O,카파츠닷컴,5,60,14,34,69,1.0,10.0,28.65,3.23,7.99,64.73
118,NKTR.O,넥타 테라퓨틱스,5,60,14,34,69,1.0,10.0,28.65,15.97,8.43,69.75
118,DWSN.O,도슨 지오피지컬,5,60,14,34,69,1.0,10.0,28.65,-9.27,11.27,64.75
118,LNSR.O,렌자,5,60,14,34,69,1.0,10.0,28.65,-11.76,4.76,68.81
118,TURN.O,180 디그리 캐피털,5,60,14,34,69,1.0,10.0,28.65,-1.17,7.44,67.18
118,ICAD.O,아이캐드,5,60,14,34,69,1.0,10.0,28.65,18.13,12.07,72.78
118,CUTR.O,큐테라,5,60,14,34,69,1.0,10.0,28.65,8.04,8.53,63.11
118,KIRK.O,커클랜드,5,60,14,34,69,1.0,10.0,28.65,42.21,10.05,71.89
118,BBGI.O,비슬리 브로드캐스트 그룹,5,60,14,34,69,1.0,10.0,28.65,-4.23,8.59,65.34
118,POWW.O,애모,5,60,14,34,69,1.0,10.0,28.65,0.0,15.79,68.86
118,QURE.O,유니큐어,5,60,14,34,69,1.0,10.0,28.65,26.86,14.45,71.19
118,MTEX.O,매나테크,5,60,14,34,69,1.0,10.0,28.65,72.61,15.33,68.21
118,TRUE.O,트루카,5,60,14,34,69,1.0,10.0,28.65,11.84,9.26,63.23
118,UPWK.O,업워크,5,60,14,34,69,1.0,10.0,28.65,80.17,10.17,66.5
118,INDI.O,인디 세미컨덕터,5,60,14,34,69,1.0,10.0,28.65,0.0,5.07,68.22
118,MOMO.O,헬로 그룹 ADR,5,60,14,34,69,1.0,10.0,28.65,10.1,12.34,65.42
118,CGEM.O,컬리넌 테라퓨틱스,5,60,14,34,69,1.0,10.0,28.65,56.03,9.38,70.49
118,BASE.O,카우치베이스,5,60,14,34,69,1.0,10.0,28.65,0.0,8.48,70.73
118,AMSC.O,아메리칸 수퍼컨덕터,5,60,14,34,69,1.0,10.0,28.65,-14.01,10.01,74.4
118,MNTK.O,몬탁 리뉴어블스,5,60,14,34,69,1.0,10.0,28.65,296.31,3.92,69.85
118,VRDN.O,비리디안 테라퓨틱스,5,60,14,34,69,1.0,10.0,28.65,458.73,8.14,69.18
118,PRTC.O,퓨어 테크 헬스 ADR,5,60,14,34,69,1.0,10.0,28.65,3.27,9.36,64.81
118,RGNX.O,리젠엑스바이오,5,60,14,34,69,1.0,10.0,28.65,0.0,11.08,65.47
118,VNET.O,브이넷 그룹 ADR,5,60,14,34,69,1.0,10.0,28.65,-0.12,8.22,71.22
118,PHAR.O,파밍 그룹 ADR,5,60,14,34,69,1.0,10.0,28.65,-2.24,3.51,68.25
118,PPTA.O,퍼페투아 리소시스,5,60,14,34,69,1.0,10.0,28.65,98.21,8.24,65.65
118,UROY.O,우라늄 로열티,5,60,14,34,69,1.0,10.0,28.65,0.0,14.12,71.09
118,ARTW.O,아츠 웨이 매뉴팩처링,5,60,14,34,69,1.0,10.0,28.65,2.46,10.42,62.33
118,BBGI.O,비슬리 브로드캐스트 그룹,5,60,14,34,64,1.0,10.0,28.57,-7.33,8.59,65.34
118,STNE.O,스톤코,5,60,14,34,64,1.0,10.0,28.57,-7.62,9.5,72.13
118,MTEX.O,매나테크,5,60,14,34,64,1.0,10.0,28.57,70.68,15.33,68.21
118,ARTW.O,아츠 웨이 매뉴팩처링,5,60,14,34,64,1.0,10.0,28.57,2.46,10.42,62.33
118,QURE.O,유니큐어,5,60,14,34,64,1.0,10.0,28.57,26.86,14.45,71.19
118,POWW.O,애모,5,60,14,34,64,1.0,10.0,28.57,0.0,15.79,68.86
118,CHRS.O,코히러스 바이오사이언스,5,60,14,34,64,1.0,10.0,28.57,-56.96,4.47,70.64
118,RIGL.O,리겔 파마슈티컬스,5,60,14,34,64,1.0,10.0,28.57,-7.53,12.05,74.28
118,HFFG.O,HF 푸즈그룹,5,60,14,34,64,1.0,10.0,28.57,0.0,5.21,67.4
118,BZUN.O,바오준 ADR,5,60,14,34,64,1.0,10.0,28.57,-45.95,8.94,70.84
118,BWAY.O,브레인스웨이 ADR,5,60,14,34,64,1.0,10.0,28.57,-3.43,9.88,64.41
118,ETON.O,이튼 파마슈티컬즈,5,60,14,34,64,1.0,10.0,28.57,12.33,9.79,64.82
118,BGFV.O,빅 5 스포팅 구즈,5,60,14,34,64,1.0,10.0,28.57,64.64,13.23,67.41
118,PRTS.O,카파츠닷컴,5,60,14,34,64,1.0,10.0,28.57,1.85,7.99,64.73
118,DWSN.O,도슨 지오피지컬,5,60,14,34,64,1.0,10.0,28.57,-9.27,11.27,64.75
118,LNSR.O,렌자,5,60,14,34,64,1.0,10.0,28.57,-11.76,4.76,68.81
118,TURN.O,180 디그리 캐피털,5,60,14,34,64,1.0,10.0,28.57,9.17,7.44,67.18
118,ICAD.O,아이캐드,5,60,14,34,64,1.0,10.0,28.57,18.13,12.07,72.78
118,CUTR.O,큐테라,5,60,14,34,64,1.0,10.0,28.57,-4.18,8.53,63.11
118,ATEC.O,알파텍 홀딩스,5,60,14,34,64,1.0,10.0,28.57,-13.96,14.45,70.76
118,NKTR.O,넥타 테라퓨틱스,5,60,14,34,64,1.0,10.0,28.57,4.98,8.43,69.75
118,CXDO.O,크렉센도,5,60,14,34,64,1.0,10.0,28.57,-11.85,9.0,71.05
118,TRUE.O,트루카,5,60,14,34,64,1.0,10.0,28.57,7.79,9.26,63.23
118,MNTK.O,몬탁 리뉴어블스,5,60,14,34,64,1.0,10.0,28.57,296.31,3.92,69.85
118,UPWK.O,업워크,5,60,14,34,64,1.0,10.0,28.57,80.17,10.17,66.5
118,UROY.O,우라늄 로열티,5,60,14,34,64,1.0,10.0,28.57,0.0,14.12,71.09
118,INDI.O,인디 세미컨덕터,5,60,14,34,64,1.0,10.0,28.57,0.0,5.07,68.22
118,MOMO.O,헬로 그룹 ADR,5,60,14,34,64,1.0,10.0,28.57,10.1,12.34,65.42
118,CGEM.O,컬리넌 테라퓨틱스,5,60,14,34,64,1.0,10.0,28.57,56.03,9.38,70.49
118,KIRK.O,커클랜드,5,60,14,34,64,1.0,10.0,28.57,39.85,10.05,71.89
118,AMSC.O,아메리칸 수퍼컨덕터,5,60,14,34,64,1.0,10.0,28.57,-15.67,10.01,74.4
118,BASE.O,카우치베이스,5,60,14,34,64,1.0,10.0,28.57,0.0,8.48,70.73
118,VRDN.O,비리디안 테라퓨틱스,5,60,14,34,64,1.0,10.0,28.57,520.11,8.14,69.18
118,CLNE.O,클린 에너지 퓨얼스,5,60,14,34,64,1.0,10.0,28.57,-2.5,9.49,66.53
118,PRTC.O,퓨어 테크 헬스 ADR,5,60,14,34,64,1.0,10.0,28.57,3.27,9.36,64.81
118,RGNX.O,리젠엑스바이오,5,60,14,34,64,1.0,10.0,28.57,0.0,11.08,65.47
118,VNET.O,브이넷 그룹 ADR,5,60,14,34,64,1.0,10.0,28.57,-8.52,8.22,71.22
118,PHAR.O,파밍 그룹 ADR,5,60,14,34,64,1.0,10.0,28.57,-2.24,3.51,68.25
118,PPTA.O,퍼페투아 리소시스,5,60,14,34,64,1.0,10.0,28.57,98.21,8.24,65.65
118,TRUE.O,트루카,5,60,14,29,79,1.0,10.0,28.08,-8.72,9.26,63.23
118,VRDN.O,비리디안 테라퓨틱스,5,60,14,29,79,1.0,10.0,28.08,0.0,8.14,69.18
118,UROY.O,우라늄 로열티,5,60,14,29,79,1.0,10.0,28.08,0.0,14.12,71.09
118,PPTA.O,퍼페투아 리소시스,5,60,14,29,79,1.0,10.0,28.08,62.38,8.24,65.65
118,PHAR.O,파밍 그룹 ADR,5,60,14,29,79,1.0,10.0,28.08,-2.24,3.51,68.25
118,VNET.O,브이넷 그룹 ADR,5,60,14,29,79,1.0,10.0,28.08,0.0,8.22,71.22
118,RGNX.O,리젠엑스바이오,5,60,14,29,79,1.0,10.0,28.08,0.0,11.08,65.47
118,PRTC.O,퓨어 테크 헬스 ADR,5,60,14,29,79,1.0,10.0,28.08,3.27,9.36,64.81
118,CLNE.O,클린 에너지 퓨얼스,5,60,14,29,79,1.0,10.0,28.08,7.03,9.49,66.53
118,ATEC.O,알파텍 홀딩스,5,60,14,29,79,1.0,10.0,28.08,32.11,14.45,70.76
118,MNTK.O,몬탁 리뉴어블스,5,60,14,29,79,1.0,10.0,28.08,0.0,3.92,69.85
118,AMSC.O,아메리칸 수퍼컨덕터,5,60,14,29,79,1.0,10.0,28.08,-6.67,10.01,74.4
118,BASE.O,카우치베이스,5,60,14,29,79,1.0,10.0,28.08,0.0,8.48,70.73
118,CGEM.O,컬리넌 테라퓨틱스,5,60,14,29,79,1.0,10.0,28.08,22.01,9.38,70.49
118,MOMO.O,헬로 그룹 ADR,5,60,14,29,79,1.0,10.0,28.08,0.0,12.34,65.42
118,INDI.O,인디 세미컨덕터,5,60,14,29,79,1.0,10.0,28.08,0.0,5.07,68.22
118,UPWK.O,업워크,5,60,14,29,79,1.0,10.0,28.08,802.94,10.17,66.5
118,STNE.O,스톤코,5,60,14,29,79,1.0,10.0,28.08,0.0,9.5,72.13
118,NKTR.O,넥타 테라퓨틱스,5,60,14,29,79,1.0,10.0,28.08,42.45,8.43,69.75
118,QURE.O,유니큐어,5,60,14,29,79,1.0,10.0,28.08,0.0,14.45,71.19
118,PRTS.O,카파츠닷컴,5,60,14,29,79,1.0,10.0,28.08,3.23,7.99,64.73
118,POWW.O,애모,5,60,14,29,79,1.0,10.0,28.08,0.0,15.79,68.86
118,LNSR.O,렌자,5,60,14,29,79,1.0,10.0,28.08,28.33,4.76,68.81
118,CHRS.O,코히러스 바이오사이언스,5,60,14,29,79,1.0,10.0,28.08,0.0,4.47,70.64
118,ARTW.O,아츠 웨이 매뉴팩처링,5,60,14,29,79,1.0,10.0,28.08,10.72,10.42,62.33
118,MTEX.O,매나테크,5,60,14,29,79,1.0,10.0,28.08,103.06,15.33,68.21
118,BBGI.O,비슬리 브로드캐스트 그룹,5,60,14,29,79,1.0,10.0,28.08,-28.32,8.59,65.34
118,KIRK.O,커클랜드,5,60,14,29,79,1.0,10.0,28.08,10.91,10.05,71.89
118,ICAD.O,아이캐드,5,60,14,29,79,1.0,10.0,28.08,18.39,12.07,72.78
118,TURN.O,180 디그리 캐피털,5,60,14,29,79,1.0,10.0,28.08,-1.17,7.44,67.18
118,CUTR.O,큐테라,5,60,14,29,79,1.0,10.0,28.08,0.0,8.53,63.11
118,DWSN.O,도슨 지오피지컬,5,60,14,29,79,1.0,10.0,28.08,-9.27,11.27,64.75
118,CXDO.O,크렉센도,5,60,14,29,79,1.0,10.0,28.08,0.4,9.0,71.05
118,ETON.O,이튼 파마슈티컬즈,5,60,14,29,79,1.0,10.0,28.08,0.0,9.79,64.82
118,BWAY.O,브레인스웨이 ADR,5,60,14,29,79,1.0,10.0,28.08,-3.43,9.88,64.41
118,BZUN.O,바오준 ADR,5,60,14,29,79,1.0,10.0,28.08,0.0,8.94,70.84
118,HFFG.O,HF 푸즈그룹,5,60,14,29,79,1.0,10.0,28.08,0.0,5.21,67.4
118,BGFV.O,빅 5 스포팅 구즈,5,60,14,29,79,1.0,10.0,28.08,7.62,13.23,67.41
118,RIGL.O,리겔 파마슈티컬스,5,60,14,29,79,1.0,10.0,28.08,0.0,12.05,74.28
118,PPTA.O,퍼페투아 리소시스,5,60,14,29,59,1.0,10.0,25.31,76.98,8.24,65.65
118,RGNX.O,리젠엑스바이오,5,60,14,29,59,1.0,10.0,25.31,0.0,11.08,65.47
118,VNET.O,브이넷 그룹 ADR,5,60,14,29,59,1.0,10.0,25.31,0.0,8.22,71.22
118,PHAR.O,파밍 그룹 ADR,5,60,14,29,59,1.0,10.0,25.31,-2.24,3.51,68.25
118,QURE.O,유니큐어,5,60,14,29,59,1.0,10.0,25.31,0.0,14.45,71.19
118,UROY.O,우라늄 로열티,5,60,14,29,59,1.0,10.0,25.31,0.0,14.12,71.09
118,TRUE.O,트루카,5,60,14,29,59,1.0,10.0,25.31,-8.72,9.26,63.23
118,CLNE.O,클린 에너지 퓨얼스,5,60,14,29,59,1.0,10.0,25.31,-2.5,9.49,66.53
118,PRTC.O,퓨어 테크 헬스 ADR,5,60,14,29,59,1.0,10.0,25.31,3.27,9.36,64.81
118,STNE.O,스톤코,5,60,14,29,59,1.0,10.0,25.31,0.0,9.5,72.13
118,VRDN.O,비리디안 테라퓨틱스,5,60,14,29,59,1.0,10.0,25.31,0.0,8.14,69.18
118,MNTK.O,몬탁 리뉴어블스,5,60,14,29,59,1.0,10.0,25.31,0.0,3.92,69.85
118,AMSC.O,아메리칸 수퍼컨덕터,5,60,14,29,59,1.0,10.0,25.31,-19.23,10.01,74.4
118,BASE.O,카우치베이스,5,60,14,29,59,1.0,10.0,25.31,0.0,8.48,70.73
118,CGEM.O,컬리넌 테라퓨틱스,5,60,14,29,59,1.0,10.0,25.31,30.92,9.38,70.49
118,MOMO.O,헬로 그룹 ADR,5,60,14,29,59,1.0,10.0,25.31,0.0,12.34,65.42
118,INDI.O,인디 세미컨덕터,5,60,14,29,59,1.0,10.0,25.31,0.0,5.07,68.22
118,POWW.O,애모,5,60,14,29,59,1.0,10.0,25.31,0.0,15.79,68.86
118,ATEC.O,알파텍 홀딩스,5,60,14,29,59,1.0,10.0,25.31,18.38,14.45,70.76
118,NKTR.O,넥타 테라퓨틱스,5,60,14,29,59,1.0,10.0,25.31,59.64,8.43,69.75
118,UPWK.O,업워크,5,60,14,29,59,1.0,10.0,25.31,382.49,10.17,66.5
118,CHRS.O,코히러스 바이오사이언스,5,60,14,29,59,1.0,10.0,25.31,0.0,4.47,70.64
118,LNSR.O,렌자,5,60,14,29,59,1.0,10.0,25.31,28.33,4.76,68.81
118,RIGL.O,리겔 파마슈티컬스,5,60,14,29,59,1.0,10.0,25.31,0.0,12.05,74.28
118,ARTW.O,아츠 웨이 매뉴팩처링,5,60,14,29,59,1.0,10.0,25.31,-0.49,10.42,62.33
118,MTEX.O,매나테크,5,60,14,29,59,1.0,10.0,25.31,35.2,15.33,68.21
118,BBGI.O,비슬리 브로드캐스트 그룹,5,60,14,29,59,1.0,10.0,25.31,-28.32,8.59,65.34
118,KIRK.O,커클랜드,5,60,14,29,59,1.0,10.0,25.31,181.06,10.05,71.89
118,ICAD.O,아이캐드,5,60,14,29,59,1.0,10.0,25.31,51.34,12.07,72.78
118,TURN.O,180 디그리 캐피털,5,60,14,29,59,1.0,10.0,25.31,11.42,7.44,67.18
118,CUTR.O,큐테라,5,60,14,29,59,1.0,10.0,25.31,0.0,8.53,63.11
118,DWSN.O,도슨 지오피지컬,5,60,14,29,59,1.0,10.0,25.31,8.84,11.27,64.75
118,BGFV.O,빅 5 스포팅 구즈,5,60,14,29,59,1.0,10.0,25.31,66.71,13.23,67.41
118,CXDO.O,크렉센도,5,60,14,29,59,1.0,10.0,25.31,25.03,9.0,71.05
118,ETON.O,이튼 파마슈티컬즈,5,60,14,29,59,1.0,10.0,25.31,0.0,9.79,64.82
118,BWAY.O,브레인스웨이 ADR,5,60,14,29,59,1.0,10.0,25.31,77.88,9.88,64.41
118,BZUN.O,바오준 ADR,5,60,14,29,59,1.0,10.0,25.31,0.0,8.94,70.84
118,PRTS.O,카파츠닷컴,5,60,14,29,59,1.0,10.0,25.31,-9.08,7.99,64.73
118,HFFG.O,HF 푸즈그룹,5,60,14,29,59,1.0,10.0,25.31,0.0,5.21,67.4
118,ETON.O,이튼 파마슈티컬즈,5,120,14,24,69,1.0,10.0,25.3,0.0,9.79,64.82
118,DWSN.O,도슨 지오피지컬,5,120,14,24,69,1.0,10.0,25.3,0.0,11.27,64.75
118,PRTS.O,카파츠닷컴,5,120,14,24,69,1.0,10.0,25.3,0.0,7.99,64.73
118,CXDO.O,크렉센도,5,120,14,24,69,1.0,10.0,25.3,492.79,9.0,71.05
118,HFFG.O,HF 푸즈그룹,5,120,14,24,69,1.0,10.0,25.3,0.0,5.21,67.4
118,BWAY.O,브레인스웨이 ADR,5,120,14,24,69,1.0,10.0,25.3,0.0,9.88,64.41
118,BZUN.O,바오준 ADR,5,120,14,24,69,1.0,10.0,25.3,0.0,8.94,70.84
118,TURN.O,180 디그리 캐피털,5,120,14,24,69,1.0,10.0,25.3,0.0,7.44,67.18
118,LNSR.O,렌자,5,120,14,24,69,1.0,10.0,25.3,0.0,4.76,68.81
118,ATEC.O,알파텍 홀딩스,5,120,14,24,69,1.0,10.0,25.3,0.0,14.45,70.76
118,ICAD.O,아이캐드,5,120,14,24,69,1.0,10.0,25.3,71.07,12.07,72.78
118,CUTR.O,큐테라,5,120,14,24,69,1.0,10.0,25.3,0.0,8.53,63.11
118,KIRK.O,커클랜드,5,120,14,24,69,1.0,10.0,25.3,0.0,10.05,71.89
118,BBGI.O,비슬리 브로드캐스트 그룹,5,120,14,24,69,1.0,10.0,25.3,0.0,8.59,65.34
118,MTEX.O,매나테크,5,120,14,24,69,1.0,10.0,25.3,277.14,15.33,68.21
118,ARTW.O,아츠 웨이 매뉴팩처링,5,120,14,24,69,1.0,10.0,25.3,0.0,10.42,62.33
118,STNE.O,스톤코,5,120,14,24,69,1.0,10.0,25.3,0.0,9.5,72.13
118,CHRS.O,코히러스 바이오사이언스,5,120,14,24,69,1.0,10.0,25.3,0.0,4.47,70.64
118,RIGL.O,리겔 파마슈티컬스,5,120,14,24,69,1.0,10.0,25.3,0.0,12.05,74.28
118,BGFV.O,빅 5 스포팅 구즈,5,120,14,24,69,1.0,10.0,25.3,67.04,13.23,67.41
118,POWW.O,애모,5,120,14,24,69,1.0,10.0,25.3,0.0,15.79,68.86
118,CLNE.O,클린 에너지 퓨얼스,5,120,14,24,69,1.0,10.0,25.3,0.0,9.49,66.53
118,INDI.O,인디 세미컨덕터,5,120,14,24,69,1.0,10.0,25.3,0.0,5.07,68.22
118,NKTR.O,넥타 테라퓨틱스,5,120,14,24,69,1.0,10.0,25.3,47.52,8.43,69.75
118,UPWK.O,업워크,5,120,14,24,69,1.0,10.0,25.3,0.0,10.17,66.5
118,CGEM.O,컬리넌 테라퓨틱스,5,120,14,24,69,1.0,10.0,25.3,53.06,9.38,70.49
118,BASE.O,카우치베이스,5,120,14,24,69,1.0,10.0,25.3,0.0,8.48,70.73
118,AMSC.O,아메리칸 수퍼컨덕터,5,120,14,24,69,1.0,10.0,25.3,-16.28,10.01,74.4
118,MNTK.O,몬탁 리뉴어블스,5,120,14,24,69,1.0,10.0,25.3,0.0,3.92,69.85
118,VRDN.O,비리디안 테라퓨틱스,5,120,14,24,69,1.0,10.0,25.3,0.0,8.14,69.18
118,MOMO.O,헬로 그룹 ADR,5,120,14,24,69,1.0,10.0,25.3,0.0,12.34,65.42
118,PRTC.O,퓨어 테크 헬스 ADR,5,120,14,24,69,1.0,10.0,25.3,0.0,9.36,64.81
118,PPTA.O,퍼페투아 리소시스,5,120,14,24,69,1.0,10.0,25.3,0.0,8.24,65.65
118,QURE.O,유니큐어,5,120,14,24,69,1.0,10.0,25.3,0.0,14.45,71.19
118,TRUE.O,트루카,5,120,14,24,69,1.0,10.0,25.3,0.0,9.26,63.23
118,RGNX.O,리젠엑스바이오,5,120,14,24,69,1.0,10.0,25.3,0.0,11.08,65.47
118,UROY.O,우라늄 로열티,5,120,14,24,69,1.0,10.0,25.3,0.0,14.12,71.09
118,PHAR.O,파밍 그룹 ADR,5,120,14,24,69,1.0,10.0,25.3,-5.55,3.51,68.25
118,VNET.O,브이넷 그룹 ADR,5,120,14,24,69,1.0,10.0,25.3,0.0,8.22,71.22
118,QURE.O,유니큐어,5,120,14,29,64,1.0,10.0,24.96,0.0,14.45,71.19
118,CGEM.O,컬리넌 테라퓨틱스,5,120,14,29,64,1.0,10.0,24.96,53.06,9.38,70.49
118,UROY.O,우라늄 로열티,5,120,14,29,64,1.0,10.0,24.96,0.0,14.12,71.09
118,PPTA.O,퍼페투아 리소시스,5,120,14,29,64,1.0,10.0,24.96,85.85,8.24,65.65
118,PHAR.O,파밍 그룹 ADR,5,120,14,29,64,1.0,10.0,24.96,-5.55,3.51,68.25
118,VNET.O,브이넷 그룹 ADR,5,120,14,29,64,1.0,10.0,24.96,0.0,8.22,71.22
118,RGNX.O,리젠엑스바이오,5,120,14,29,64,1.0,10.0,24.96,0.0,11.08,65.47
118,PRTC.O,퓨어 테크 헬스 ADR,5,120,14,29,64,1.0,10.0,24.96,0.0,9.36,64.81
118,BASE.O,카우치베이스,5,120,14,29,64,1.0,10.0,24.96,0.0,8.48,70.73
118,CLNE.O,클린 에너지 퓨얼스,5,120,14,29,64,1.0,10.0,24.96,0.0,9.49,66.53
118,VRDN.O,비리디안 테라퓨틱스,5,120,14,29,64,1.0,10.0,24.96,0.0,8.14,69.18
118,BBGI.O,비슬리 브로드캐스트 그룹,5,120,14,29,64,1.0,10.0,24.96,-31.62,8.59,65.34
118,MNTK.O,몬탁 리뉴어블스,5,120,14,29,64,1.0,10.0,24.96,0.0,3.92,69.85
118,AMSC.O,아메리칸 수퍼컨덕터,5,120,14,29,64,1.0,10.0,24.96,-17.93,10.01,74.4
118,TRUE.O,트루카,5,120,14,29,64,1.0,10.0,24.96,-7.5,9.26,63.23
118,CXDO.O,크렉센도,5,120,14,29,64,1.0,10.0,24.96,354.23,9.0,71.05
118,NKTR.O,넥타 테라퓨틱스,5,120,14,29,64,1.0,10.0,24.96,30.56,8.43,69.75
118,POWW.O,애모,5,120,14,29,64,1.0,10.0,24.96,0.0,15.79,68.86
118,INDI.O,인디 세미컨덕터,5,120,14,29,64,1.0,10.0,24.96,0.0,5.07,68.22
118,KIRK.O,커클랜드,5,120,14,29,64,1.0,10.0,24.96,27.21,10.05,71.89
118,CUTR.O,큐테라,5,120,14,29,64,1.0,10.0,24.96,0.0,8.53,63.11
118,ICAD.O,아이캐드,5,120,14,29,64,1.0,10.0,24.96,71.07,12.07,72.78
118,TURN.O,180 디그리 캐피털,5,120,14,29,64,1.0,10.0,24.96,0.0,7.44,67.18
118,LNSR.O,렌자,5,120,14,29,64,1.0,10.0,24.96,35.33,4.76,68.81
118,DWSN.O,도슨 지오피지컬,5,120,14,29,64,1.0,10.0,24.96,-8.47,11.27,64.75
118,PRTS.O,카파츠닷컴,5,120,14,29,64,1.0,10.0,24.96,55.64,7.99,64.73
118,BGFV.O,빅 5 스포팅 구즈,5,120,14,29,64,1.0,10.0,24.96,52.72,13.23,67.41
118,ETON.O,이튼 파마슈티컬즈,5,120,14,29,64,1.0,10.0,24.96,0.0,9.79,64.82
118,BWAY.O,브레인스웨이 ADR,5,120,14,29,64,1.0,10.0,24.96,-5.78,9.88,64.41
118,BZUN.O,바오준 ADR,5,120,14,29,64,1.0,10.0,24.96,0.0,8.94,70.84
118,HFFG.O,HF 푸즈그룹,5,120,14,29,64,1.0,10.0,24.96,0.0,5.21,67.4
118,RIGL.O,리겔 파마슈티컬스,5,120,14,29,64,1.0,10.0,24.96,0.0,12.05,74.28
118,CHRS.O,코히러스 바이오사이언스,5,120,14,29,64,1.0,10.0,24.96,0.0,4.47,70.64
118,MOMO.O,헬로 그룹 ADR,5,120,14,29,64,1.0,10.0,24.96,0.0,12.34,65.42
118,MTEX.O,매나테크,5,120,14,29,64,1.0,10.0,24.96,277.14,15.33,68.21
118,UPWK.O,업워크,5,120,14,29,64,1.0,10.0,24.96,0.0,10.17,66.5
118,ARTW.O,아츠 웨이 매뉴팩처링,5,120,14,29,64,1.0,10.0,24.96,0.0,10.42,62.33
118,ATEC.O,알파텍 홀딩스,5,120,14,29,64,1.0,10.0,24.96,7.29,14.45,70.76
118,STNE.O,스톤코,5,120,14,29,64,1.0,10.0,24.96,0.0,9.5,72.13
118,CGEM.O,컬리넌 테라퓨틱스,5,120,14,29,59,1.0,10.0,22.31,27.94,9.38,70.49
118,PHAR.O,파밍 그룹 ADR,5,120,14,29,59,1.0,10.0,22.31,-5.55,3.51,68.25
118,POWW.O,애모,5,120,14,29,59,1.0,10.0,22.31,0.0,15.79,68.86
118,NKTR.O,넥타 테라퓨틱스,5,120,14,29,59,1.0,10.0,22.31,67.63,8.43,69.75
118,QURE.O,유니큐어,5,120,14,29,59,1.0,10.0,22.31,0.0,14.45,71.19
118,TRUE.O,트루카,5,120,14,29,59,1.0,10.0,22.31,-7.5,9.26,63.23
118,UROY.O,우라늄 로열티,5,120,14,29,59,1.0,10.0,22.31,0.0,14.12,71.09
118,VNET.O,브이넷 그룹 ADR,5,120,14,29,59,1.0,10.0,22.31,0.0,8.22,71.22
118,BASE.O,카우치베이스,5,120,14,29,59,1.0,10.0,22.31,0.0,8.48,70.73
118,CHRS.O,코히러스 바이오사이언스,5,120,14,29,59,1.0,10.0,22.31,0.0,4.47,70.64
118,PRTC.O,퓨어 테크 헬스 ADR,5,120,14,29,59,1.0,10.0,22.31,0.0,9.36,64.81
118,CLNE.O,클린 에너지 퓨얼스,5,120,14,29,59,1.0,10.0,22.31,0.0,9.49,66.53
118,VRDN.O,비리디안 테라퓨틱스,5,120,14,29,59,1.0,10.0,22.31,0.0,8.14,69.18
118,MNTK.O,몬탁 리뉴어블스,5,120,14,29,59,1.0,10.0,22.31,0.0,3.92,69.85
118,AMSC.O,아메리칸 수퍼컨덕터,5,120,14,29,59,1.0,10.0,22.31,-21.45,10.01,74.4
118,RGNX.O,리젠엑스바이오,5,120,14,29,59,1.0,10.0,22.31,0.0,11.08,65.47
118,RIGL.O,리겔 파마슈티컬스,5,120,14,29,59,1.0,10.0,22.31,0.0,12.05,74.28
118,HFFG.O,HF 푸즈그룹,5,120,14,29,59,1.0,10.0,22.31,0.0,5.21,67.4
118,TURN.O,180 디그리 캐피털,5,120,14,29,59,1.0,10.0,22.31,0.0,7.44,67.18
118,ARTW.O,아츠 웨이 매뉴팩처링,5,120,14,29,59,1.0,10.0,22.31,0.0,10.42,62.33
118,MTEX.O,매나테크,5,120,14,29,59,1.0,10.0,22.31,125.52,15.33,68.21
118,BBGI.O,비슬리 브로드캐스트 그룹,5,120,14,29,59,1.0,10.0,22.31,-31.62,8.59,65.34
118,KIRK.O,커클랜드,5,120,14,29,59,1.0,10.0,22.31,17.76,10.05,71.89
118,CUTR.O,큐테라,5,120,14,29,59,1.0,10.0,22.31,0.0,8.53,63.11
118,ICAD.O,아이캐드,5,120,14,29,59,1.0,10.0,22.31,51.28,12.07,72.78
118,LNSR.O,렌자,5,120,14,29,59,1.0,10.0,22.31,35.33,4.76,68.81
118,BZUN.O,바오준 ADR,5,120,14,29,59,1.0,10.0,22.31,0.0,8.94,70.84
118,DWSN.O,도슨 지오피지컬,5,120,14,29,59,1.0,10.0,22.31,15.28,11.27,64.75
118,PRTS.O,카파츠닷컴,5,120,14,29,59,1.0,10.0,22.31,56.56,7.99,64.73
118,BGFV.O,빅 5 스포팅 구즈,5,120,14,29,59,1.0,10.0,22.31,52.28,13.23,67.41
118,CXDO.O,크렉센도,5,120,14,29,59,1.0,10.0,22.31,354.23,9.0,71.05
118,ETON.O,이튼 파마슈티컬즈,5,120,14,29,59,1.0,10.0,22.31,0.0,9.79,64.82
118,BWAY.O,브레인스웨이 ADR,5,120,14,29,59,1.0,10.0,22.31,61.38,9.88,64.41
118,PPTA.O,퍼페투아 리소시스,5,120,14,29,59,1.0,10.0,22.31,63.63,8.24,65.65
118,MOMO.O,헬로 그룹 ADR,5,120,14,29,59,1.0,10.0,22.31,0.0,12.34,65.42
118,INDI.O,인디 세미컨덕터,5,120,14,29,59,1.0,10.0,22.31,0.0,5.07,68.22
118,STNE.O,스톤코,5,120,14,29,59,1.0,10.0,22.31,0.0,9.5,72.13
118,ATEC.O,알파텍 홀딩스,5,120,14,29,59,1.0,10.0,22.31,7.29,14.45,70.76
118,UPWK.O,업워크,5,120,14,29,59,1.0,10.0,22.31,0.0,10.17,66.5
118,AMSC.O,아메리칸 수퍼컨덕터,5,120,14,24,64,1.0,10.0,20.95,-17.93,10.01,74.4
118,CUTR.O,큐테라,5,120,14,24,64,1.0,10.0,20.95,0.0,8.53,63.11
118,ETON.O,이튼 파마슈티컬즈,5,120,14,24,64,1.0,10.0,20.95,0.0,9.79,64.82
118,CXDO.O,크렉센도,5,120,14,24,64,1.0,10.0,20.95,354.23,9.0,71.05
118,BGFV.O,빅 5 스포팅 구즈,5,120,14,24,64,1.0,10.0,20.95,52.72,13.23,67.41
118,PRTS.O,카파츠닷컴,5,120,14,24,64,1.0,10.0,20.95,0.0,7.99,64.73
118,DWSN.O,도슨 지오피지컬,5,120,14,24,64,1.0,10.0,20.95,0.0,11.27,64.75
118,LNSR.O,렌자,5,120,14,24,64,1.0,10.0,20.95,0.0,4.76,68.81
118,TURN.O,180 디그리 캐피털,5,120,14,24,64,1.0,10.0,20.95,0.0,7.44,67.18
118,BBGI.O,비슬리 브로드캐스트 그룹,5,120,14,24,64,1.0,10.0,20.95,0.0,8.59,65.34
118,KIRK.O,커클랜드,5,120,14,24,64,1.0,10.0,20.95,0.0,10.05,71.89
118,BZUN.O,바오준 ADR,5,120,14,24,64,1.0,10.0,20.95,0.0,8.94,70.84
118,MTEX.O,매나테크,5,120,14,24,64,1.0,10.0,20.95,277.14,15.33,68.21
118,ARTW.O,아츠 웨이 매뉴팩처링,5,120,14,24,64,1.0,10.0,20.95,0.0,10.42,62.33
118,BASE.O,카우치베이스,5,120,14,24,64,1.0,10.0,20.95,0.0,8.48,70.73
118,STNE.O,스톤코,5,120,14,24,64,1.0,10.0,20.95,0.0,9.5,72.13
118,ATEC.O,알파텍 홀딩스,5,120,14,24,64,1.0,10.0,20.95,0.0,14.45,70.76
118,BWAY.O,브레인스웨이 ADR,5,120,14,24,64,1.0,10.0,20.95,0.0,9.88,64.41
118,ICAD.O,아이캐드,5,120,14,24,64,1.0,10.0,20.95,71.07,12.07,72.78
118,HFFG.O,HF 푸즈그룹,5,120,14,24,64,1.0,10.0,20.95,0.0,5.21,67.4
118,RGNX.O,리젠엑스바이오,5,120,14,24,64,1.0,10.0,20.95,0.0,11.08,65.47
118,RIGL.O,리겔 파마슈티컬스,5,120,14,24,64,1.0,10.0,20.95,0.0,12.05,74.28
118,INDI.O,인디 세미컨덕터,5,120,14,24,64,1.0,10.0,20.95,0.0,5.07,68.22
118,UPWK.O,업워크,5,120,14,24,64,1.0,10.0,20.95,0.0,10.17,66.5
118,CGEM.O,컬리넌 테라퓨틱스,5,120,14,24,64,1.0,10.0,20.95,53.06,9.38,70.49
118,MNTK.O,몬탁 리뉴어블스,5,120,14,24,64,1.0,10.0,20.95,0.0,3.92,69.85
118,VRDN.O,비리디안 테라퓨틱스,5,120,14,24,64,1.0,10.0,20.95,0.0,8.14,69.18
118,CLNE.O,클린 에너지 퓨얼스,5,120,14,24,64,1.0,10.0,20.95,0.0,9.49,66.53
118,PRTC.O,퓨어 테크 헬스 ADR,5,120,14,24,64,1.0,10.0,20.95,0.0,9.36,64.81
118,MOMO.O,헬로 그룹 ADR,5,120,14,24,64,1.0,10.0,20.95,0.0,12.34,65.42
118,VNET.O,브이넷 그룹 ADR,5,120,14,24,64,1.0,10.0,20.95,0.0,8.22,71.22
118,PPTA.O,퍼페투아 리소시스,5,120,14,24,64,1.0,10.0,20.95,0.0,8.24,65.65
118,UROY.O,우라늄 로열티,5,120,14,24,64,1.0,10.0,20.95,0.0,14.12,71.09
118,TRUE.O,트루카,5,120,14,24,64,1.0,10.0,20.95,0.0,9.26,63.23
118,QURE.O,유니큐어,5,120,14,24,64,1.0,10.0,20.95,0.0,14.45,71.19
118,NKTR.O,넥타 테라퓨틱스,5,120,14,24,64,1.0,10.0,20.95,32.3,8.43,69.75
118,POWW.O,애모,5,120,14,24,64,1.0,10.0,20.95,0.0,15.79,68.86
118,PHAR.O,파밍 그룹 ADR,5,120,14,24,64,1.0,10.0,20.95,-5.55,3.51,68.25
118,CHRS.O,코히러스 바이오사이언스,5,120,14,24,64,1.0,10.0,20.95,0.0,4.47,70.64
118,LNSR.O,렌자,5,120,14,24,54,1.0,10.0,19.26,0.0,4.76,68.81
118,BWAY.O,브레인스웨이 ADR,5,120,14,24,54,1.0,10.0,19.26,0.0,9.88,64.41
118,ETON.O,이튼 파마슈티컬즈,5,120,14,24,54,1.0,10.0,19.26,0.0,9.79,64.82
118,CXDO.O,크렉센도,5,120,14,24,54,1.0,10.0,19.26,354.23,9.0,71.05
118,BGFV.O,빅 5 스포팅 구즈,5,120,14,24,54,1.0,10.0,19.26,52.28,13.23,67.41
118,PRTS.O,카파츠닷컴,5,120,14,24,54,1.0,10.0,19.26,0.0,7.99,64.73
118,DWSN.O,도슨 지오피지컬,5,120,14,24,54,1.0,10.0,19.26,0.0,11.27,64.75
118,KIRK.O,커클랜드,5,120,14,24,54,1.0,10.0,19.26,0.0,10.05,71.89
118,TURN.O,180 디그리 캐피털,5,120,14,24,54,1.0,10.0,19.26,0.0,7.44,67.18
118,ICAD.O,아이캐드,5,120,14,24,54,1.0,10.0,19.26,41.97,12.07,72.78
118,CUTR.O,큐테라,5,120,14,24,54,1.0,10.0,19.26,0.0,8.53,63.11
118,BBGI.O,비슬리 브로드캐스트 그룹,5,120,14,24,54,1.0,10.0,19.26,0.0,8.59,65.34
118,MTEX.O,매나테크,5,120,14,24,54,1.0,10.0,19.26,100.09,15.33,68.21
118,ARTW.O,아츠 웨이 매뉴팩처링,5,120,14,24,54,1.0,10.0,19.26,0.0,10.42,62.33
118,HFFG.O,HF 푸즈그룹,5,120,14,24,54,1.0,10.0,19.26,0.0,5.21,67.4
118,BZUN.O,바오준 ADR,5,120,14,24,54,1.0,10.0,19.26,0.0,8.94,70.84
118,PHAR.O,파밍 그룹 ADR,5,120,14,24,54,1.0,10.0,19.26,51.04,3.51,68.25
118,RIGL.O,리겔 파마슈티컬스,5,120,14,24,54,1.0,10.0,19.26,0.0,12.05,74.28
118,CHRS.O,코히러스 바이오사이언스,5,120,14,24,54,1.0,10.0,19.26,0.0,4.47,70.64
118,UPWK.O,업워크,5,120,14,24,54,1.0,10.0,19.26,0.0,10.17,66.5
118,MOMO.O,헬로 그룹 ADR,5,120,14,24,54,1.0,10.0,19.26,0.0,12.34,65.42
118,CGEM.O,컬리넌 테라퓨틱스,5,120,14,24,54,1.0,10.0,19.26,27.94,9.38,70.49
118,BASE.O,카우치베이스,5,120,14,24,54,1.0,10.0,19.26,0.0,8.48,70.73
118,AMSC.O,아메리칸 수퍼컨덕터,5,120,14,24,54,1.0,10.0,19.26,-21.45,10.01,74.4
118,MNTK.O,몬탁 리뉴어블스,5,120,14,24,54,1.0,10.0,19.26,0.0,3.92,69.85
118,VRDN.O,비리디안 테라퓨틱스,5,120,14,24,54,1.0,10.0,19.26,0.0,8.14,69.18
118,CLNE.O,클린 에너지 퓨얼스,5,120,14,24,54,1.0,10.0,19.26,0.0,9.49,66.53
118,PRTC.O,퓨어 테크 헬스 ADR,5,120,14,24,54,1.0,10.0,19.26,0.0,9.36,64.81
118,RGNX.O,리젠엑스바이오,5,120,14,24,54,1.0,10.0,19.26,0.0,11.08,65.47
118,VNET.O,브이넷 그룹 ADR,5,120,14,24,54,1.0,10.0,19.26,0.0,8.22,71.22
118,PPTA.O,퍼페투아 리소시스,5,120,14,24,54,1.0,10.0,19.26,0.0,8.24,65.65
118,UROY.O,우라늄 로열티,5,120,14,24,54,1.0,10.0,19.26,0.0,14.12,71.09
118,TRUE.O,트루카,5,120,14,24,54,1.0,10.0,19.26,0.0,9.26,63.23
118,QURE.O,유니큐어,5,120,14,24,54,1.0,10.0,19.26,0.0,14.45,71.19
118,NKTR.O,넥타 테라퓨틱스,5,120,14,24,54,1.0,10.0,19.26,145.23,8.43,69.75
118,POWW.O,애모,5,120,14,24,54,1.0,10.0,19.26,0.0,15.79,68.86
118,INDI.O,인디 세미컨덕터,5,120,14,24,54,1.0,10.0,19.26,0.0,5.07,68.22
118,STNE.O,스톤코,5,120,14,24,54,1.0,10.0,19.26,0.0,9.5,72.13
118,ATEC.O,알파텍 홀딩스,5,120,14,24,54,1.0,10.0,19.26,0.0,14.45,70.76
118,NKTR.O,넥타 테라퓨틱스,5,120,14,24,59,1.0,10.0,18.7,145.23,8.43,69.75
118,CHRS.O,코히러스 바이오사이언스,5,120,14,24,59,1.0,10.0,18.7,0.0,4.47,70.64
118,RIGL.O,리겔 파마슈티컬스,5,120,14,24,59,1.0,10.0,18.7,0.0,12.05,74.28
118,HFFG.O,HF 푸즈그룹,5,120,14,24,59,1.0,10.0,18.7,0.0,5.21,67.4
118,BZUN.O,바오준 ADR,5,120,14,24,59,1.0,10.0,18.7,0.0,8.94,70.84
118,BWAY.O,브레인스웨이 ADR,5,120,14,24,59,1.0,10.0,18.7,0.0,9.88,64.41
118,ETON.O,이튼 파마슈티컬즈,5,120,14,24,59,1.0,10.0,18.7,0.0,9.79,64.82
118,CXDO.O,크렉센도,5,120,14,24,59,1.0,10.0,18.7,354.23,9.0,71.05
118,BGFV.O,빅 5 스포팅 구즈,5,120,14,24,59,1.0,10.0,18.7,52.28,13.23,67.41
118,PRTS.O,카파츠닷컴,5,120,14,24,59,1.0,10.0,18.7,0.0,7.99,64.73
118,DWSN.O,도슨 지오피지컬,5,120,14,24,59,1.0,10.0,18.7,0.0,11.27,64.75
118,LNSR.O,렌자,5,120,14,24,59,1.0,10.0,18.7,0.0,4.76,68.81
118,TURN.O,180 디그리 캐피털,5,120,14,24,59,1.0,10.0,18.7,0.0,7.44,67.18
118,ICAD.O,아이캐드,5,120,14,24,59,1.0,10.0,18.7,51.28,12.07,72.78
118,CUTR.O,큐테라,5,120,14,24,59,1.0,10.0,18.7,0.0,8.53,63.11
118,KIRK.O,커클랜드,5,120,14,24,59,1.0,10.0,18.7,0.0,10.05,71.89
118,BBGI.O,비슬리 브로드캐스트 그룹,5,120,14,24,59,1.0,10.0,18.7,0.0,8.59,65.34
118,MTEX.O,매나테크,5,120,14,24,59,1.0,10.0,18.7,125.52,15.33,68.21
118,POWW.O,애모,5,120,14,24,59,1.0,10.0,18.7,0.0,15.79,68.86
118,QURE.O,유니큐어,5,120,14,24,59,1.0,10.0,18.7,0.0,14.45,71.19
118,MNTK.O,몬탁 리뉴어블스,5,120,14,24,59,1.0,10.0,18.7,0.0,3.92,69.85
118,TRUE.O,트루카,5,120,14,24,59,1.0,10.0,18.7,0.0,9.26,63.23
118,STNE.O,스톤코,5,120,14,24,59,1.0,10.0,18.7,0.0,9.5,72.13
118,ATEC.O,알파텍 홀딩스,5,120,14,24,59,1.0,10.0,18.7,0.0,14.45,70.76
118,UPWK.O,업워크,5,120,14,24,59,1.0,10.0,18.7,0.0,10.17,66.5
118,INDI.O,인디 세미컨덕터,5,120,14,24,59,1.0,10.0,18.7,0.0,5.07,68.22
118,MOMO.O,헬로 그룹 ADR,5,120,14,24,59,1.0,10.0,18.7,0.0,12.34,65.42
118,CGEM.O,컬리넌 테라퓨틱스,5,120,14,24,59,1.0,10.0,18.7,27.94,9.38,70.49
118,BASE.O,카우치베이스,5,120,14,24,59,1.0,10.0,18.7,0.0,8.48,70.73
118,AMSC.O,아메리칸 수퍼컨덕터,5,120,14,24,59,1.0,10.0,18.7,-21.45,10.01,74.4
118,ARTW.O,아츠 웨이 매뉴팩처링,5,120,14,24,59,1.0,10.0,18.7,0.0,10.42,62.33
118,VRDN.O,비리디안 테라퓨틱스,5,120,14,24,59,1.0,10.0,18.7,0.0,8.14,69.18
118,CLNE.O,클린 에너지 퓨얼스,5,120,14,24,59,1.0,10.0,18.7,0.0,9.49,66.53
118,PRTC.O,퓨어 테크 헬스 ADR,5,120,14,24,59,1.0,10.0,18.7,0.0,9.36,64.81
118,RGNX.O,리젠엑스바이오,5,120,14,24,59,1.0,10.0,18.7,0.0,11.08,65.47
118,VNET.O,브이넷 그룹 ADR,5,120,14,24,59,1.0,10.0,18.7,0.0,8.22,71.22
118,PHAR.O,파밍 그룹 ADR,5,120,14,24,59,1.0,10.0,18.7,-5.55,3.51,68.25
118,PPTA.O,퍼페투아 리소시스,5,120,14,24,59,1.0,10.0,18.7,0.0,8.24,65.65
118,UROY.O,우라늄 로열티,5,120,14,24,59,1.0,10.0,18.7,0.0,14.12,71.09
118,ATEC.O,알파텍 홀딩스,5,120,14,29,74,1.0,10.0,17.58,22.77,14.45,70.76
118,STNE.O,스톤코,5,120,14,29,74,1.0,10.0,17.58,0.0,9.5,72.13
118,BGFV.O,빅 5 스포팅 구즈,5,120,14,29,74,1.0,10.0,17.58,69.31,13.23,67.41
118,DWSN.O,도슨 지오피지컬,5,120,14,29,74,1.0,10.0,17.58,-8.47,11.27,64.75
118,CHRS.O,코히러스 바이오사이언스,5,120,14,29,74,1.0,10.0,17.58,0.0,4.47,70.64
118,RIGL.O,리겔 파마슈티컬스,5,120,14,29,74,1.0,10.0,17.58,0.0,12.05,74.28
118,BZUN.O,바오준 ADR,5,120,14,29,74,1.0,10.0,17.58,0.0,8.94,70.84
118,BWAY.O,브레인스웨이 ADR,5,120,14,29,74,1.0,10.0,17.58,-5.78,9.88,64.41
118,ETON.O,이튼 파마슈티컬즈,5,120,14,29,74,1.0,10.0,17.58,0.0,9.79,64.82
118,CXDO.O,크렉센도,5,120,14,29,74,1.0,10.0,17.58,71.27,9.0,71.05
118,PRTS.O,카파츠닷컴,5,120,14,29,74,1.0,10.0,17.58,33.17,7.99,64.73
118,LNSR.O,렌자,5,120,14,29,74,1.0,10.0,17.58,35.33,4.76,68.81
118,NKTR.O,넥타 테라퓨틱스,5,120,14,29,74,1.0,10.0,17.58,43.72,8.43,69.75
118,TURN.O,180 디그리 캐피털,5,120,14,29,74,1.0,10.0,17.58,0.0,7.44,67.18
118,ICAD.O,아이캐드,5,120,14,29,74,1.0,10.0,17.58,86.46,12.07,72.78
118,CUTR.O,큐테라,5,120,14,29,74,1.0,10.0,17.58,0.0,8.53,63.11
118,KIRK.O,커클랜드,5,120,14,29,74,1.0,10.0,17.58,45.92,10.05,71.89
118,BBGI.O,비슬리 브로드캐스트 그룹,5,120,14,29,74,1.0,10.0,17.58,-31.62,8.59,65.34
118,MTEX.O,매나테크,5,120,14,29,74,1.0,10.0,17.58,277.14,15.33,68.21
118,ARTW.O,아츠 웨이 매뉴팩처링,5,120,14,29,74,1.0,10.0,17.58,0.0,10.42,62.33
118,POWW.O,애모,5,120,14,29,74,1.0,10.0,17.58,0.0,15.79,68.86
118,HFFG.O,HF 푸즈그룹,5,120,14,29,74,1.0,10.0,17.58,0.0,5.21,67.4
118,QURE.O,유니큐어,5,120,14,29,74,1.0,10.0,17.58,0.0,14.45,71.19
118,CLNE.O,클린 에너지 퓨얼스,5,120,14,29,74,1.0,10.0,17.58,0.0,9.49,66.53
118,UPWK.O,업워크,5,120,14,29,74,1.0,10.0,17.58,0.0,10.17,66.5
118,INDI.O,인디 세미컨덕터,5,120,14,29,74,1.0,10.0,17.58,0.0,5.07,68.22
118,MOMO.O,헬로 그룹 ADR,5,120,14,29,74,1.0,10.0,17.58,0.0,12.34,65.42
118,CGEM.O,컬리넌 테라퓨틱스,5,120,14,29,74,1.0,10.0,17.58,19.6,9.38,70.49
118,BASE.O,카우치베이스,5,120,14,29,74,1.0,10.0,17.58,0.0,8.48,70.73
118,TRUE.O,트루카,5,120,14,29,74,1.0,10.0,17.58,-7.5,9.26,63.23
118,MNTK.O,몬탁 리뉴어블스,5,120,14,29,74,1.0,10.0,17.58,0.0,3.92,69.85
118,VRDN.O,비리디안 테라퓨틱스,5,120,14,29,74,1.0,10.0,17.58,0.0,8.14,69.18
118,AMSC.O,아메리칸 수퍼컨덕터,5,120,14,29,74,1.0,10.0,17.58,-10.37,10.01,74.4
118,PRTC.O,퓨어 테크 헬스 ADR,5,120,14,29,74,1.0,10.0,17.58,0.0,9.36,64.81
118,RGNX.O,리젠엑스바이오,5,120,14,29,74,1.0,10.0,17.58,0.0,11.08,65.47
118,VNET.O,브이넷 그룹 ADR,5,120,14,29,74,1.0,10.0,17.58,0.0,8.22,71.22
118,PHAR.O,파밍 그룹 ADR,5,120,14,29,74,1.0,10.0,17.58,-5.55,3.51,68.25
118,PPTA.O,퍼페투아 리소시스,5,120,14,29,74,1.0,10.0,17.58,50.36,8.24,65.65
118,UROY.O,우라늄 로열티,5,120,14,29,74,1.0,10.0,17.58,0.0,14.12,71.09
118,TRUE.O,트루카,5,120,14,24,74,1.0,10.0,14.24,0.0,9.26,63.23
118,MNTK.O,몬탁 리뉴어블스,5,120,14,24,74,1.0,10.0,14.24,0.0,3.92,69.85
118,UROY.O,우라늄 로열티,5,120,14,24,74,1.0,10.0,14.24,0.0,14.12,71.09
118,PPTA.O,퍼페투아 리소시스,5,120,14,24,74,1.0,10.0,14.24,0.0,8.24,65.65
118,PHAR.O,파밍 그룹 ADR,5,120,14,24,74,1.0,10.0,14.24,-5.55,3.51,68.25
118,VNET.O,브이넷 그룹 ADR,5,120,14,24,74,1.0,10.0,14.24,0.0,8.22,71.22
118,RGNX.O,리젠엑스바이오,5,120,14,24,74,1.0,10.0,14.24,0.0,11.08,65.47
118,PRTC.O,퓨어 테크 헬스 ADR,5,120,14,24,74,1.0,10.0,14.24,0.0,9.36,64.81
118,VRDN.O,비리디안 테라퓨틱스,5,120,14,24,74,1.0,10.0,14.24,0.0,8.14,69.18
118,CLNE.O,클린 에너지 퓨얼스,5,120,14,24,74,1.0,10.0,14.24,0.0,9.49,66.53
118,AMSC.O,아메리칸 수퍼컨덕터,5,120,14,24,74,1.0,10.0,14.24,-10.37,10.01,74.4
118,BASE.O,카우치베이스,5,120,14,24,74,1.0,10.0,14.24,0.0,8.48,70.73
118,CGEM.O,컬리넌 테라퓨틱스,5,120,14,24,74,1.0,10.0,14.24,19.6,9.38,70.49
118,MOMO.O,헬로 그룹 ADR,5,120,14,24,74,1.0,10.0,14.24,0.0,12.34,65.42
118,INDI.O,인디 세미컨덕터,5,120,14,24,74,1.0,10.0,14.24,0.0,5.07,68.22
118,UPWK.O,업워크,5,120,14,24,74,1.0,10.0,14.24,0.0,10.17,66.5
118,ATEC.O,알파텍 홀딩스,5,120,14,24,74,1.0,10.0,14.24,0.0,14.45,70.76
118,STNE.O,스톤코,5,120,14,24,74,1.0,10.0,14.24,0.0,9.5,72.13
118,NKTR.O,넥타 테라퓨틱스,5,120,14,24,74,1.0,10.0,14.24,47.52,8.43,69.75
118,QURE.O,유니큐어,5,120,14,24,74,1.0,10.0,14.24,0.0,14.45,71.19
118,PRTS.O,카파츠닷컴,5,120,14,24,74,1.0,10.0,14.24,0.0,7.99,64.73
118,POWW.O,애모,5,120,14,24,74,1.0,10.0,14.24,0.0,15.79,68.86
118,DWSN.O,도슨 지오피지컬,5,120,14,24,74,1.0,10.0,14.24,0.0,11.27,64.75
118,CHRS.O,코히러스 바이오사이언스,5,120,14,24,74,1.0,10.0,14.24,0.0,4.47,70.64
118,MTEX.O,매나테크,5,120,14,24,74,1.0,10.0,14.24,277.14,15.33,68.21
118,BBGI.O,비슬리 브로드캐스트 그룹,5,120,14,24,74,1.0,10.0,14.24,0.0,8.59,65.34
118,KIRK.O,커클랜드,5,120,14,24,74,1.0,10.0,14.24,0.0,10.05,71.89
118,CUTR.O,큐테라,5,120,14,24,74,1.0,10.0,14.24,0.0,8.53,63.11
118,ICAD.O,아이캐드,5,120,14,24,74,1.0,10.0,14.24,86.46,12.07,72.78
118,TURN.O,180 디그리 캐피털,5,120,14,24,74,1.0,10.0,14.24,0.0,7.44,67.18
118,LNSR.O,렌자,5,120,14,24,74,1.0,10.0,14.24,0.0,4.76,68.81
118,ARTW.O,아츠 웨이 매뉴팩처링,5,120,14,24,74,1.0,10.0,14.24,0.0,10.42,62.33
118,RIGL.O,리겔 파마슈티컬스,5,120,14,24,74,1.0,10.0,14.24,0.0,12.05,74.28
118,BGFV.O,빅 5 스포팅 구즈,5,120,14,24,74,1.0,10.0,14.24,69.31,13.23,67.41
118,CXDO.O,크렉센도,5,120,14,24,74,1.0,10.0,14.24,71.27,9.0,71.05
118,ETON.O,이튼 파마슈티컬즈,5,120,14,24,74,1.0,10.0,14.24,0.0,9.79,64.82
118,BWAY.O,브레인스웨이 ADR,5,120,14,24,74,1.0,10.0,14.24,0.0,9.88,64.41
118,BZUN.O,바오준 ADR,5,120,14,24,74,1.0,10.0,14.24,0.0,8.94,70.84
118,HFFG.O,HF 푸즈그룹,5,120,14,24,74,1.0,10.0,14.24,0.0,5.21,67.4
118,ETON.O,이튼 파마슈티컬즈,5,120,14,29,79,1.0,10.0,13.31,0.0,9.79,64.82
118,PRTS.O,카파츠닷컴,5,120,14,29,79,1.0,10.0,13.31,33.17,7.99,64.73
118,BGFV.O,빅 5 스포팅 구즈,5,120,14,29,79,1.0,10.0,13.31,6.29,13.23,67.41
118,CXDO.O,크렉센도,5,120,14,29,79,1.0,10.0,13.31,71.27,9.0,71.05
118,CHRS.O,코히러스 바이오사이언스,5,120,14,29,79,1.0,10.0,13.31,0.0,4.47,70.64
118,BWAY.O,브레인스웨이 ADR,5,120,14,29,79,1.0,10.0,13.31,-5.78,9.88,64.41
118,BZUN.O,바오준 ADR,5,120,14,29,79,1.0,10.0,13.31,0.0,8.94,70.84
118,HFFG.O,HF 푸즈그룹,5,120,14,29,79,1.0,10.0,13.31,0.0,5.21,67.4
118,LNSR.O,렌자,5,120,14,29,79,1.0,10.0,13.31,35.33,4.76,68.81
118,DWSN.O,도슨 지오피지컬,5,120,14,29,79,1.0,10.0,13.31,-8.47,11.27,64.75
118,KIRK.O,커클랜드,5,120,14,29,79,1.0,10.0,13.31,9.52,10.05,71.89
118,TURN.O,180 디그리 캐피털,5,120,14,29,79,1.0,10.0,13.31,0.0,7.44,67.18
118,ICAD.O,아이캐드,5,120,14,29,79,1.0,10.0,13.31,17.59,12.07,72.78
118,CUTR.O,큐테라,5,120,14,29,79,1.0,10.0,13.31,0.0,8.53,63.11
118,ATEC.O,알파텍 홀딩스,5,120,14,29,79,1.0,10.0,13.31,22.77,14.45,70.76
118,BBGI.O,비슬리 브로드캐스트 그룹,5,120,14,29,79,1.0,10.0,13.31,-31.62,8.59,65.34
118,MTEX.O,매나테크,5,120,14,29,79,1.0,10.0,13.31,277.14,15.33,68.21
118,ARTW.O,아츠 웨이 매뉴팩처링,5,120,14,29,79,1.0,10.0,13.31,0.0,10.42,62.33
118,STNE.O,스톤코,5,120,14,29,79,1.0,10.0,13.31,0.0,9.5,72.13
118,RIGL.O,리겔 파마슈티컬스,5,120,14,29,79,1.0,10.0,13.31,0.0,12.05,74.28
118,POWW.O,애모,5,120,14,29,79,1.0,10.0,13.31,0.0,15.79,68.86
118,UPWK.O,업워크,5,120,14,29,79,1.0,10.0,13.31,0.0,10.17,66.5
118,CLNE.O,클린 에너지 퓨얼스,5,120,14,29,79,1.0,10.0,13.31,0.0,9.49,66.53
118,NKTR.O,넥타 테라퓨틱스,5,120,14,29,79,1.0,10.0,13.31,43.72,8.43,69.75
118,INDI.O,인디 세미컨덕터,5,120,14,29,79,1.0,10.0,13.31,0.0,5.07,68.22
118,MOMO.O,헬로 그룹 ADR,5,120,14,29,79,1.0,10.0,13.31,0.0,12.34,65.42
118,CGEM.O,컬리넌 테라퓨틱스,5,120,14,29,79,1.0,10.0,13.31,19.6,9.38,70.49
118,BASE.O,카우치베이스,5,120,14,29,79,1.0,10.0,13.31,0.0,8.48,70.73
118,MNTK.O,몬탁 리뉴어블스,5,120,14,29,79,1.0,10.0,13.31,0.0,3.92,69.85
118,VRDN.O,비리디안 테라퓨틱스,5,120,14,29,79,1.0,10.0,13.31,0.0,8.14,69.18
118,AMSC.O,아메리칸 수퍼컨덕터,5,120,14,29,79,1.0,10.0,13.31,-8.62,10.01,74.4
118,PRTC.O,퓨어 테크 헬스 ADR,5,120,14,29,79,1.0,10.0,13.31,0.0,9.36,64.81
118,PPTA.O,퍼페투아 리소시스,5,120,14,29,79,1.0,10.0,13.31,50.36,8.24,65.65
118,RGNX.O,리젠엑스바이오,5,120,14,29,79,1.0,10.0,13.31,0.0,11.08,65.47
118,TRUE.O,트루카,5,120,14,29,79,1.0,10.0,13.31,-7.5,9.26,63.23
118,UROY.O,우라늄 로열티,5,120,14,29,79,1.0,10.0,13.31,0.0,14.12,71.09
118,QURE.O,유니큐어,5,120,14,29,79,1.0,10.0,13.31,0.0,14.45,71.19
118,PHAR.O,파밍 그룹 ADR,5,120,14,29,79,1.0,10.0,13.31,-5.55,3.51,68.25
118,VNET.O,브이넷 그룹 ADR,5,120,14,29,79,1.0,10.0,13.31,0.0,8.22,71.22
118,MNTK.O,몬탁 리뉴어블스,5,60,14,34,79,1.0,10.0,12.14,296.31,3.92,69.85
118,UROY.O,우라늄 로열티,5,60,14,34,79,1.0,10.0,12.14,0.0,14.12,71.09
118,PPTA.O,퍼페투아 리소시스,5,60,14,34,79,1.0,10.0,12.14,62.38,8.24,65.65
118,PHAR.O,파밍 그룹 ADR,5,60,14,34,79,1.0,10.0,12.14,-2.24,3.51,68.25
118,VNET.O,브이넷 그룹 ADR,5,60,14,34,79,1.0,10.0,12.14,6.23,8.22,71.22
118,RGNX.O,리젠엑스바이오,5,60,14,34,79,1.0,10.0,12.14,0.0,11.08,65.47
118,PRTC.O,퓨어 테크 헬스 ADR,5,60,14,34,79,1.0,10.0,12.14,3.27,9.36,64.81
118,CLNE.O,클린 에너지 퓨얼스,5,60,14,34,79,1.0,10.0,12.14,7.03,9.49,66.53
118,VRDN.O,비리디안 테라퓨틱스,5,60,14,34,79,1.0,10.0,12.14,1.85,8.14,69.18
118,QURE.O,유니큐어,5,60,14,34,79,1.0,10.0,12.14,54.07,14.45,71.19
118,AMSC.O,아메리칸 수퍼컨덕터,5,60,14,34,79,1.0,10.0,12.14,-6.67,10.01,74.4
118,BASE.O,카우치베이스,5,60,14,34,79,1.0,10.0,12.14,0.0,8.48,70.73
118,CGEM.O,컬리넌 테라퓨틱스,5,60,14,34,79,1.0,10.0,12.14,22.01,9.38,70.49
118,MOMO.O,헬로 그룹 ADR,5,60,14,34,79,1.0,10.0,12.14,10.1,12.34,65.42
118,INDI.O,인디 세미컨덕터,5,60,14,34,79,1.0,10.0,12.14,0.0,5.07,68.22
118,UPWK.O,업워크,5,60,14,34,79,1.0,10.0,12.14,98.86,10.17,66.5
118,ATEC.O,알파텍 홀딩스,5,60,14,34,79,1.0,10.0,12.14,-4.63,14.45,70.76
118,STNE.O,스톤코,5,60,14,34,79,1.0,10.0,12.14,-7.62,9.5,72.13
118,TRUE.O,트루카,5,60,14,34,79,1.0,10.0,12.14,-7.87,9.26,63.23
118,BBGI.O,비슬리 브로드캐스트 그룹,5,60,14,34,79,1.0,10.0,12.14,1.23,8.59,65.34
118,NKTR.O,넥타 테라퓨틱스,5,60,14,34,79,1.0,10.0,12.14,15.97,8.43,69.75
118,PRTS.O,카파츠닷컴,5,60,14,34,79,1.0,10.0,12.14,3.23,7.99,64.73
118,ARTW.O,아츠 웨이 매뉴팩처링,5,60,14,34,79,1.0,10.0,12.14,10.21,10.42,62.33
118,MTEX.O,매나테크,5,60,14,34,79,1.0,10.0,12.14,82.47,15.33,68.21
118,KIRK.O,커클랜드,5,60,14,34,79,1.0,10.0,12.14,-3.53,10.05,71.89
118,CUTR.O,큐테라,5,60,14,34,79,1.0,10.0,12.14,-36.45,8.53,63.11
118,TURN.O,180 디그리 캐피털,5,60,14,34,79,1.0,10.0,12.14,-1.17,7.44,67.18
118,LNSR.O,렌자,5,60,14,34,79,1.0,10.0,12.14,-11.76,4.76,68.81
118,DWSN.O,도슨 지오피지컬,5,60,14,34,79,1.0,10.0,12.14,-9.27,11.27,64.75
118,ICAD.O,아이캐드,5,60,14,34,79,1.0,10.0,12.14,9.94,12.07,72.78
118,BGFV.O,빅 5 스포팅 구즈,5,60,14,34,79,1.0,10.0,12.14,7.62,13.23,67.41
118,HFFG.O,HF 푸즈그룹,5,60,14,34,79,1.0,10.0,12.14,0.0,5.21,67.4
118,CHRS.O,코히러스 바이오사이언스,5,60,14,34,79,1.0,10.0,12.14,-56.96,4.47,70.64
118,RIGL.O,리겔 파마슈티컬스,5,60,14,34,79,1.0,10.0,12.14,-13.51,12.05,74.28
118,CXDO.O,크렉센도,5,60,14,34,79,1.0,10.0,12.14,-20.52,9.0,71.05
118,POWW.O,애모,5,60,14,34,79,1.0,10.0,12.14,0.0,15.79,68.86
118,BZUN.O,바오준 ADR,5,60,14,34,79,1.0,10.0,12.14,-45.95,8.94,70.84
118,BWAY.O,브레인스웨이 ADR,5,60,14,34,79,1.0,10.0,12.14,-3.43,9.88,64.41
118,ETON.O,이튼 파마슈티컬즈,5,60,14,34,79,1.0,10.0,12.14,12.33,9.79,64.82
118,QURE.O,유니큐어,5,120,14,24,79,1.0,10.0,10.9,0.0,14.45,71.19
118,NKTR.O,넥타 테라퓨틱스,5,120,14,24,79,1.0,10.0,10.9,47.52,8.43,69.75
118,CXDO.O,크렉센도,5,120,14,24,79,1.0,10.0,10.9,71.27,9.0,71.05
118,CHRS.O,코히러스 바이오사이언스,5,120,14,24,79,1.0,10.0,10.9,0.0,4.47,70.64
118,RIGL.O,리겔 파마슈티컬스,5,120,14,24,79,1.0,10.0,10.9,0.0,12.05,74.28
118,HFFG.O,HF 푸즈그룹,5,120,14,24,79,1.0,10.0,10.9,0.0,5.21,67.4
118,BZUN.O,바오준 ADR,5,120,14,24,79,1.0,10.0,10.9,0.0,8.94,70.84
118,BWAY.O,브레인스웨이 ADR,5,120,14,24,79,1.0,10.0,10.9,0.0,9.88,64.41
118,POWW.O,애모,5,120,14,24,79,1.0,10.0,10.9,0.0,15.79,68.86
118,CUTR.O,큐테라,5,120,14,24,79,1.0,10.0,10.9,0.0,8.53,63.11
118,BGFV.O,빅 5 스포팅 구즈,5,120,14,24,79,1.0,10.0,10.9,6.29,13.23,67.41
118,PRTS.O,카파츠닷컴,5,120,14,24,79,1.0,10.0,10.9,0.0,7.99,64.73
118,DWSN.O,도슨 지오피지컬,5,120,14,24,79,1.0,10.0,10.9,0.0,11.27,64.75
118,LNSR.O,렌자,5,120,14,24,79,1.0,10.0,10.9,0.0,4.76,68.81
118,TURN.O,180 디그리 캐피털,5,120,14,24,79,1.0,10.0,10.9,0.0,7.44,67.18
118,ICAD.O,아이캐드,5,120,14,24,79,1.0,10.0,10.9,17.59,12.07,72.78
118,UROY.O,우라늄 로열티,5,120,14,24,79,1.0,10.0,10.9,0.0,14.12,71.09
118,KIRK.O,커클랜드,5,120,14,24,79,1.0,10.0,10.9,0.0,10.05,71.89
118,BBGI.O,비슬리 브로드캐스트 그룹,5,120,14,24,79,1.0,10.0,10.9,0.0,8.59,65.34
118,TRUE.O,트루카,5,120,14,24,79,1.0,10.0,10.9,0.0,9.26,63.23
118,ETON.O,이튼 파마슈티컬즈,5,120,14,24,79,1.0,10.0,10.9,0.0,9.79,64.82
118,PPTA.O,퍼페투아 리소시스,5,120,14,24,79,1.0,10.0,10.9,0.0,8.24,65.65
118,CGEM.O,컬리넌 테라퓨틱스,5,120,14,24,79,1.0,10.0,10.9,19.6,9.38,70.49
118,PHAR.O,파밍 그룹 ADR,5,120,14,24,79,1.0,10.0,10.9,-5.55,3.51,68.25
118,MTEX.O,매나테크,5,120,14,24,79,1.0,10.0,10.9,277.14,15.33,68.21
118,STNE.O,스톤코,5,120,14,24,79,1.0,10.0,10.9,0.0,9.5,72.13
118,ATEC.O,알파텍 홀딩스,5,120,14,24,79,1.0,10.0,10.9,0.0,14.45,70.76
118,UPWK.O,업워크,5,120,14,24,79,1.0,10.0,10.9,0.0,10.17,66.5
118,INDI.O,인디 세미컨덕터,5,120,14,24,79,1.0,10.0,10.9,0.0,5.07,68.22
118,MOMO.O,헬로 그룹 ADR,5,120,14,24,79,1.0,10.0,10.9,0.0,12.34,65.42
118,ARTW.O,아츠 웨이 매뉴팩처링,5,120,14,24,79,1.0,10.0,10.9,0.0,10.42,62.33
118,BASE.O,카우치베이스,5,120,14,24,79,1.0,10.0,10.9,0.0,8.48,70.73
118,MNTK.O,몬탁 리뉴어블스,5,120,14,24,79,1.0,10.0,10.9,0.0,3.92,69.85
118,VRDN.O,비리디안 테라퓨틱스,5,120,14,24,79,1.0,10.0,10.9,0.0,8.14,69.18
118,CLNE.O,클린 에너지 퓨얼스,5,120,14,24,79,1.0,10.0,10.9,0.0,9.49,66.53
118,PRTC.O,퓨어 테크 헬스 ADR,5,120,14,24,79,1.0,10.0,10.9,0.0,9.36,64.81
118,AMSC.O,아메리칸 수퍼컨덕터,5,120,14,24,79,1.0,10.0,10.9,-8.62,10.01,74.4
118,RGNX.O,리젠엑스바이오,5,120,14,24,79,1.0,10.0,10.9,0.0,11.08,65.47
118,VNET.O,브이넷 그룹 ADR,5,120,14,24,79,1.0,10.0,10.9,0.0,8.22,71.22
118,VRDN.O,비리디안 테라퓨틱스,5,60,14,24,69,1.0,10.0,9.84,0.0,8.14,69.18
118,UROY.O,우라늄 로열티,5,60,14,24,69,1.0,10.0,9.84,0.0,14.12,71.09
118,PPTA.O,퍼페투아 리소시스,5,60,14,24,69,1.0,10.0,9.84,0.0,8.24,65.65
118,PHAR.O,파밍 그룹 ADR,5,60,14,24,69,1.0,10.0,9.84,-2.24,3.51,68.25
118,VNET.O,브이넷 그룹 ADR,5,60,14,24,69,1.0,10.0,9.84,0.0,8.22,71.22
118,RGNX.O,리젠엑스바이오,5,60,14,24,69,1.0,10.0,9.84,0.0,11.08,65.47
118,PRTC.O,퓨어 테크 헬스 ADR,5,60,14,24,69,1.0,10.0,9.84,0.0,9.36,64.81
118,CLNE.O,클린 에너지 퓨얼스,5,60,14,24,69,1.0,10.0,9.84,0.0,9.49,66.53
118,BASE.O,카우치베이스,5,60,14,24,69,1.0,10.0,9.84,0.0,8.48,70.73
118,MNTK.O,몬탁 리뉴어블스,5,60,14,24,69,1.0,10.0,9.84,0.0,3.92,69.85
118,AMSC.O,아메리칸 수퍼컨덕터,5,60,14,24,69,1.0,10.0,9.84,-14.01,10.01,74.4
118,QURE.O,유니큐어,5,60,14,24,69,1.0,10.0,9.84,0.0,14.45,71.19
118,CGEM.O,컬리넌 테라퓨틱스,5,60,14,24,69,1.0,10.0,9.84,56.03,9.38,70.49
118,MOMO.O,헬로 그룹 ADR,5,60,14,24,69,1.0,10.0,9.84,0.0,12.34,65.42
118,INDI.O,인디 세미컨덕터,5,60,14,24,69,1.0,10.0,9.84,0.0,5.07,68.22
118,UPWK.O,업워크,5,60,14,24,69,1.0,10.0,9.84,0.0,10.17,66.5
118,ATEC.O,알파텍 홀딩스,5,60,14,24,69,1.0,10.0,9.84,0.0,14.45,70.76
118,STNE.O,스톤코,5,60,14,24,69,1.0,10.0,9.84,0.0,9.5,72.13
118,TRUE.O,트루카,5,60,14,24,69,1.0,10.0,9.84,0.0,9.26,63.23
118,RIGL.O,리겔 파마슈티컬스,5,60,14,24,69,1.0,10.0,9.84,0.0,12.05,74.28
118,NKTR.O,넥타 테라퓨틱스,5,60,14,24,69,1.0,10.0,9.84,45.3,8.43,69.75
118,POWW.O,애모,5,60,14,24,69,1.0,10.0,9.84,0.0,15.79,68.86
118,MTEX.O,매나테크,5,60,14,24,69,1.0,10.0,9.84,103.06,15.33,68.21
118,ARTW.O,아츠 웨이 매뉴팩처링,5,60,14,24,69,1.0,10.0,9.84,0.0,10.42,62.33
118,BBGI.O,비슬리 브로드캐스트 그룹,5,60,14,24,69,1.0,10.0,9.84,0.0,8.59,65.34
118,KIRK.O,커클랜드,5,60,14,24,69,1.0,10.0,9.84,0.0,10.05,71.89
118,CUTR.O,큐테라,5,60,14,24,69,1.0,10.0,9.84,0.0,8.53,63.11
118,ICAD.O,아이캐드,5,60,14,24,69,1.0,10.0,9.84,68.83,12.07,72.78
118,TURN.O,180 디그리 캐피털,5,60,14,24,69,1.0,10.0,9.84,0.0,7.44,67.18
118,LNSR.O,렌자,5,60,14,24,69,1.0,10.0,9.84,0.0,4.76,68.81
118,DWSN.O,도슨 지오피지컬,5,60,14,24,69,1.0,10.0,9.84,0.0,11.27,64.75
118,PRTS.O,카파츠닷컴,5,60,14,24,69,1.0,10.0,9.84,0.0,7.99,64.73
118,BGFV.O,빅 5 스포팅 구즈,5,60,14,24,69,1.0,10.0,9.84,77.47,13.23,67.41
118,ETON.O,이튼 파마슈티컬즈,5,60,14,24,69,1.0,10.0,9.84,0.0,9.79,64.82
118,BWAY.O,브레인스웨이 ADR,5,60,14,24,69,1.0,10.0,9.84,0.0,9.88,64.41
118,BZUN.O,바오준 ADR,5,60,14,24,69,1.0,10.0,9.84,0.0,8.94,70.84
118,HFFG.O,HF 푸즈그룹,5,60,14,24,69,1.0,10.0,9.84,0.0,5.21,67.4
118,CHRS.O,코히러스 바이오사이언스,5,60,14,24,69,1.0,10.0,9.84,0.0,4.47,70.64
118,CXDO.O,크렉센도,5,60,14,24,69,1.0,10.0,9.84,49.39,9.0,71.05
118,ATEC.O,알파텍 홀딩스,5,60,14,24,54,1.0,10.0,8.82,0.0,14.45,70.76
118,STNE.O,스톤코,5,60,14,24,54,1.0,10.0,8.82,0.0,9.5,72.13
118,INDI.O,인디 세미컨덕터,5,60,14,24,54,1.0,10.0,8.82,0.0,5.07,68.22
118,LNSR.O,렌자,5,60,14,24,54,1.0,10.0,8.82,0.0,4.76,68.81
118,HFFG.O,HF 푸즈그룹,5,60,14,24,54,1.0,10.0,8.82,0.0,5.21,67.4
118,BZUN.O,바오준 ADR,5,60,14,24,54,1.0,10.0,8.82,0.0,8.94,70.84
118,BWAY.O,브레인스웨이 ADR,5,60,14,24,54,1.0,10.0,8.82,0.0,9.88,64.41
118,ETON.O,이튼 파마슈티컬즈,5,60,14,24,54,1.0,10.0,8.82,0.0,9.79,64.82
118,CXDO.O,크렉센도,5,60,14,24,54,1.0,10.0,8.82,25.03,9.0,71.05
118,BGFV.O,빅 5 스포팅 구즈,5,60,14,24,54,1.0,10.0,8.82,66.71,13.23,67.41
118,PRTS.O,카파츠닷컴,5,60,14,24,54,1.0,10.0,8.82,0.0,7.99,64.73
118,TURN.O,180 디그리 캐피털,5,60,14,24,54,1.0,10.0,8.82,0.0,7.44,67.18
118,CHRS.O,코히러스 바이오사이언스,5,60,14,24,54,1.0,10.0,8.82,0.0,4.47,70.64
118,ICAD.O,아이캐드,5,60,14,24,54,1.0,10.0,8.82,43.71,12.07,72.78
118,CUTR.O,큐테라,5,60,14,24,54,1.0,10.0,8.82,0.0,8.53,63.11
118,KIRK.O,커클랜드,5,60,14,24,54,1.0,10.0,8.82,0.0,10.05,71.89
118,BBGI.O,비슬리 브로드캐스트 그룹,5,60,14,24,54,1.0,10.0,8.82,0.0,8.59,65.34
118,MTEX.O,매나테크,5,60,14,24,54,1.0,10.0,8.82,21.04,15.33,68.21
118,ARTW.O,아츠 웨이 매뉴팩처링,5,60,14,24,54,1.0,10.0,8.82,0.0,10.42,62.33
118,UPWK.O,업워크,5,60,14,24,54,1.0,10.0,8.82,0.0,10.17,66.5
118,RIGL.O,리겔 파마슈티컬스,5,60,14,24,54,1.0,10.0,8.82,0.0,12.05,74.28
118,DWSN.O,도슨 지오피지컬,5,60,14,24,54,1.0,10.0,8.82,0.0,11.27,64.75
118,POWW.O,애모,5,60,14,24,54,1.0,10.0,8.82,0.0,15.79,68.86
118,PRTC.O,퓨어 테크 헬스 ADR,5,60,14,24,54,1.0,10.0,8.82,0.0,9.36,64.81
118,MOMO.O,헬로 그룹 ADR,5,60,14,24,54,1.0,10.0,8.82,0.0,12.34,65.42
118,NKTR.O,넥타 테라퓨틱스,5,60,14,24,54,1.0,10.0,8.82,102.7,8.43,69.75
118,CGEM.O,컬리넌 테라퓨틱스,5,60,14,24,54,1.0,10.0,8.82,30.92,9.38,70.49
118,BASE.O,카우치베이스,5,60,14,24,54,1.0,10.0,8.82,0.0,8.48,70.73
118,AMSC.O,아메리칸 수퍼컨덕터,5,60,14,24,54,1.0,10.0,8.82,-19.23,10.01,74.4
118,VRDN.O,비리디안 테라퓨틱스,5,60,14,24,54,1.0,10.0,8.82,0.0,8.14,69.18
118,CLNE.O,클린 에너지 퓨얼스,5,60,14,24,54,1.0,10.0,8.82,0.0,9.49,66.53
118,MNTK.O,몬탁 리뉴어블스,5,60,14,24,54,1.0,10.0,8.82,0.0,3.92,69.85
118,RGNX.O,리젠엑스바이오,5,60,14,24,54,1.0,10.0,8.82,0.0,11.08,65.47
118,VNET.O,브이넷 그룹 ADR,5,60,14,24,54,1.0,10.0,8.82,0.0,8.22,71.22
118,PHAR.O,파밍 그룹 ADR,5,60,14,24,54,1.0,10.0,8.82,73.13,3.51,68.25
118,PPTA.O,퍼페투아 리소시스,5,60,14,24,54,1.0,10.0,8.82,0.0,8.24,65.65
118,UROY.O,우라늄 로열티,5,60,14,24,54,1.0,10.0,8.82,0.0,14.12,71.09
118,TRUE.O,트루카,5,60,14,24,54,1.0,10.0,8.82,0.0,9.26,63.23
118,QURE.O,유니큐어,5,60,14,24,54,1.0,10.0,8.82,0.0,14.45,71.19
118,QURE.O,유니큐어,5,60,14,24,64,1.0,10.0,8.46,0.0,14.45,71.19
118,CLNE.O,클린 에너지 퓨얼스,5,60,14,24,64,1.0,10.0,8.46,0.0,9.49,66.53
118,TRUE.O,트루카,5,60,14,24,64,1.0,10.0,8.46,0.0,9.26,63.23
118,UROY.O,우라늄 로열티,5,60,14,24,64,1.0,10.0,8.46,0.0,14.12,71.09
118,PPTA.O,퍼페투아 리소시스,5,60,14,24,64,1.0,10.0,8.46,0.0,8.24,65.65
118,PHAR.O,파밍 그룹 ADR,5,60,14,24,64,1.0,10.0,8.46,-2.24,3.51,68.25
118,VNET.O,브이넷 그룹 ADR,5,60,14,24,64,1.0,10.0,8.46,0.0,8.22,71.22
118,RGNX.O,리젠엑스바이오,5,60,14,24,64,1.0,10.0,8.46,0.0,11.08,65.47
118,PRTC.O,퓨어 테크 헬스 ADR,5,60,14,24,64,1.0,10.0,8.46,0.0,9.36,64.81
118,ATEC.O,알파텍 홀딩스,5,60,14,24,64,1.0,10.0,8.46,0.0,14.45,70.76
118,VRDN.O,비리디안 테라퓨틱스,5,60,14,24,64,1.0,10.0,8.46,0.0,8.14,69.18
118,MNTK.O,몬탁 리뉴어블스,5,60,14,24,64,1.0,10.0,8.46,0.0,3.92,69.85
118,AMSC.O,아메리칸 수퍼컨덕터,5,60,14,24,64,1.0,10.0,8.46,-15.67,10.01,74.4
118,BASE.O,카우치베이스,5,60,14,24,64,1.0,10.0,8.46,0.0,8.48,70.73
118,CGEM.O,컬리넌 테라퓨틱스,5,60,14,24,64,1.0,10.0,8.46,56.03,9.38,70.49
118,MOMO.O,헬로 그룹 ADR,5,60,14,24,64,1.0,10.0,8.46,0.0,12.34,65.42
118,INDI.O,인디 세미컨덕터,5,60,14,24,64,1.0,10.0,8.46,0.0,5.07,68.22
118,STNE.O,스톤코,5,60,14,24,64,1.0,10.0,8.46,0.0,9.5,72.13
118,POWW.O,애모,5,60,14,24,64,1.0,10.0,8.46,0.0,15.79,68.86
118,NKTR.O,넥타 테라퓨틱스,5,60,14,24,64,1.0,10.0,8.46,30.5,8.43,69.75
118,UPWK.O,업워크,5,60,14,24,64,1.0,10.0,8.46,0.0,10.17,66.5
118,CHRS.O,코히러스 바이오사이언스,5,60,14,24,64,1.0,10.0,8.46,0.0,4.47,70.64
118,LNSR.O,렌자,5,60,14,24,64,1.0,10.0,8.46,0.0,4.76,68.81
118,RIGL.O,리겔 파마슈티컬스,5,60,14,24,64,1.0,10.0,8.46,0.0,12.05,74.28
118,MTEX.O,매나테크,5,60,14,24,64,1.0,10.0,8.46,103.06,15.33,68.21
118,BBGI.O,비슬리 브로드캐스트 그룹,5,60,14,24,64,1.0,10.0,8.46,0.0,8.59,65.34
118,KIRK.O,커클랜드,5,60,14,24,64,1.0,10.0,8.46,0.0,10.05,71.89
118,CUTR.O,큐테라,5,60,14,24,64,1.0,10.0,8.46,0.0,8.53,63.11
118,ICAD.O,아이캐드,5,60,14,24,64,1.0,10.0,8.46,68.83,12.07,72.78
118,TURN.O,180 디그리 캐피털,5,60,14,24,64,1.0,10.0,8.46,0.0,7.44,67.18
118,ARTW.O,아츠 웨이 매뉴팩처링,5,60,14,24,64,1.0,10.0,8.46,0.0,10.42,62.33
118,DWSN.O,도슨 지오피지컬,5,60,14,24,64,1.0,10.0,8.46,0.0,11.27,64.75
118,BWAY.O,브레인스웨이 ADR,5,60,14,24,64,1.0,10.0,8.46,0.0,9.88,64.41
118,PRTS.O,카파츠닷컴,5,60,14,24,64,1.0,10.0,8.46,0.0,7.99,64.73
118,BZUN.O,바오준 ADR,5,60,14,24,64,1.0,10.0,8.46,0.0,8.94,70.84
118,HFFG.O,HF 푸즈그룹,5,60,14,24,64,1.0,10.0,8.46,0.0,5.21,67.4
118,ETON.O,이튼 파마슈티컬즈,5,60,14,24,64,1.0,10.0,8.46,0.0,9.79,64.82
118,BGFV.O,빅 5 스포팅 구즈,5,60,14,24,64,1.0,10.0,8.46,64.5,13.23,67.41
118,CXDO.O,크렉센도,5,60,14,24,64,1.0,10.0,8.46,25.03,9.0,71.05
118,VNET.O,브이넷 그룹 ADR,5,60,14,24,74,1.0,10.0,8.26,0.0,8.22,71.22
118,NKTR.O,넥타 테라퓨틱스,5,60,14,24,74,1.0,10.0,8.26,45.3,8.43,69.75
118,QURE.O,유니큐어,5,60,14,24,74,1.0,10.0,8.26,0.0,14.45,71.19
118,TRUE.O,트루카,5,60,14,24,74,1.0,10.0,8.26,0.0,9.26,63.23
118,UROY.O,우라늄 로열티,5,60,14,24,74,1.0,10.0,8.26,0.0,14.12,71.09
118,PPTA.O,퍼페투아 리소시스,5,60,14,24,74,1.0,10.0,8.26,0.0,8.24,65.65
118,PHAR.O,파밍 그룹 ADR,5,60,14,24,74,1.0,10.0,8.26,-2.24,3.51,68.25
118,PRTC.O,퓨어 테크 헬스 ADR,5,60,14,24,74,1.0,10.0,8.26,0.0,9.36,64.81
118,RGNX.O,리젠엑스바이오,5,60,14,24,74,1.0,10.0,8.26,0.0,11.08,65.47
118,CLNE.O,클린 에너지 퓨얼스,5,60,14,24,74,1.0,10.0,8.26,0.0,9.49,66.53
118,VRDN.O,비리디안 테라퓨틱스,5,60,14,24,74,1.0,10.0,8.26,0.0,8.14,69.18
118,MNTK.O,몬탁 리뉴어블스,5,60,14,24,74,1.0,10.0,8.26,0.0,3.92,69.85
118,AMSC.O,아메리칸 수퍼컨덕터,5,60,14,24,74,1.0,10.0,8.26,-8.43,10.01,74.4
118,BASE.O,카우치베이스,5,60,14,24,74,1.0,10.0,8.26,0.0,8.48,70.73
118,CHRS.O,코히러스 바이오사이언스,5,60,14,24,74,1.0,10.0,8.26,0.0,4.47,70.64
118,POWW.O,애모,5,60,14,24,74,1.0,10.0,8.26,0.0,15.79,68.86
118,DWSN.O,도슨 지오피지컬,5,60,14,24,74,1.0,10.0,8.26,0.0,11.27,64.75
118,RIGL.O,리겔 파마슈티컬스,5,60,14,24,74,1.0,10.0,8.26,0.0,12.05,74.28
118,HFFG.O,HF 푸즈그룹,5,60,14,24,74,1.0,10.0,8.26,0.0,5.21,67.4
118,ARTW.O,아츠 웨이 매뉴팩처링,5,60,14,24,74,1.0,10.0,8.26,0.0,10.42,62.33
118,MTEX.O,매나테크,5,60,14,24,74,1.0,10.0,8.26,103.06,15.33,68.21
118,BBGI.O,비슬리 브로드캐스트 그룹,5,60,14,24,74,1.0,10.0,8.26,0.0,8.59,65.34
118,KIRK.O,커클랜드,5,60,14,24,74,1.0,10.0,8.26,0.0,10.05,71.89
118,CUTR.O,큐테라,5,60,14,24,74,1.0,10.0,8.26,0.0,8.53,63.11
118,ICAD.O,아이캐드,5,60,14,24,74,1.0,10.0,8.26,82.61,12.07,72.78
118,TURN.O,180 디그리 캐피털,5,60,14,24,74,1.0,10.0,8.26,0.0,7.44,67.18
118,LNSR.O,렌자,5,60,14,24,74,1.0,10.0,8.26,0.0,4.76,68.81
118,MOMO.O,헬로 그룹 ADR,5,60,14,24,74,1.0,10.0,8.26,0.0,12.34,65.42
118,PRTS.O,카파츠닷컴,5,60,14,24,74,1.0,10.0,8.26,0.0,7.99,64.73
118,BGFV.O,빅 5 스포팅 구즈,5,60,14,24,74,1.0,10.0,8.26,79.29,13.23,67.41
118,CXDO.O,크렉센도,5,60,14,24,74,1.0,10.0,8.26,0.4,9.0,71.05
118,ETON.O,이튼 파마슈티컬즈,5,60,14,24,74,1.0,10.0,8.26,0.0,9.79,64.82
118,BWAY.O,브레인스웨이 ADR,5,60,14,24,74,1.0,10.0,8.26,0.0,9.88,64.41
118,BZUN.O,바오준 ADR,5,60,14,24,74,1.0,10.0,8.26,0.0,8.94,70.84
118,CGEM.O,컬리넌 테라퓨틱스,5,60,14,24,74,1.0,10.0,8.26,22.01,9.38,70.49
118,STNE.O,스톤코,5,60,14,24,74,1.0,10.0,8.26,0.0,9.5,72.13
118,ATEC.O,알파텍 홀딩스,5,60,14,24,74,1.0,10.0,8.26,0.0,14.45,70.76
118,UPWK.O,업워크,5,60,14,24,74,1.0,10.0,8.26,0.0,10.17,66.5
118,INDI.O,인디 세미컨덕터,5,60,14,24,74,1.0,10.0,8.26,0.0,5.07,68.22
118,MOMO.O,헬로 그룹 ADR,5,60,14,24,59,1.0,10.0,7.45,0.0,12.34,65.42
118,LNSR.O,렌자,5,60,14,24,59,1.0,10.0,7.45,0.0,4.76,68.81
118,BWAY.O,브레인스웨이 ADR,5,60,14,24,59,1.0,10.0,7.45,0.0,9.88,64.41
118,ETON.O,이튼 파마슈티컬즈,5,60,14,24,59,1.0,10.0,7.45,0.0,9.79,64.82
118,CXDO.O,크렉센도,5,60,14,24,59,1.0,10.0,7.45,25.03,9.0,71.05
118,BGFV.O,빅 5 스포팅 구즈,5,60,14,24,59,1.0,10.0,7.45,66.71,13.23,67.41
118,PRTS.O,카파츠닷컴,5,60,14,24,59,1.0,10.0,7.45,0.0,7.99,64.73
118,DWSN.O,도슨 지오피지컬,5,60,14,24,59,1.0,10.0,7.45,0.0,11.27,64.75
118,ICAD.O,아이캐드,5,60,14,24,59,1.0,10.0,7.45,51.34,12.07,72.78
118,TURN.O,180 디그리 캐피털,5,60,14,24,59,1.0,10.0,7.45,0.0,7.44,67.18
118,HFFG.O,HF 푸즈그룹,5,60,14,24,59,1.0,10.0,7.45,0.0,5.21,67.4
118,CUTR.O,큐테라,5,60,14,24,59,1.0,10.0,7.45,0.0,8.53,63.11
118,KIRK.O,커클랜드,5,60,14,24,59,1.0,10.0,7.45,0.0,10.05,71.89
118,BBGI.O,비슬리 브로드캐스트 그룹,5,60,14,24,59,1.0,10.0,7.45,0.0,8.59,65.34
118,MTEX.O,매나테크,5,60,14,24,59,1.0,10.0,7.45,35.2,15.33,68.21
118,ARTW.O,아츠 웨이 매뉴팩처링,5,60,14,24,59,1.0,10.0,7.45,0.0,10.42,62.33
118,BZUN.O,바오준 ADR,5,60,14,24,59,1.0,10.0,7.45,0.0,8.94,70.84
118,RIGL.O,리겔 파마슈티컬스,5,60,14,24,59,1.0,10.0,7.45,0.0,12.05,74.28
118,INDI.O,인디 세미컨덕터,5,60,14,24,59,1.0,10.0,7.45,0.0,5.07,68.22
118,CHRS.O,코히러스 바이오사이언스,5,60,14,24,59,1.0,10.0,7.45,0.0,4.47,70.64
118,UPWK.O,업워크,5,60,14,24,59,1.0,10.0,7.45,0.0,10.17,66.5
118,ATEC.O,알파텍 홀딩스,5,60,14,24,59,1.0,10.0,7.45,0.0,14.45,70.76
118,STNE.O,스톤코,5,60,14,24,59,1.0,10.0,7.45,0.0,9.5,72.13
118,CGEM.O,컬리넌 테라퓨틱스,5,60,14,24,59,1.0,10.0,7.45,30.92,9.38,70.49
118,BASE.O,카우치베이스,5,60,14,24,59,1.0,10.0,7.45,0.0,8.48,70.73
118,AMSC.O,아메리칸 수퍼컨덕터,5,60,14,24,59,1.0,10.0,7.45,-19.23,10.01,74.4
118,MNTK.O,몬탁 리뉴어블스,5,60,14,24,59,1.0,10.0,7.45,0.0,3.92,69.85
118,VRDN.O,비리디안 테라퓨틱스,5,60,14,24,59,1.0,10.0,7.45,0.0,8.14,69.18
118,CLNE.O,클린 에너지 퓨얼스,5,60,14,24,59,1.0,10.0,7.45,0.0,9.49,66.53
118,RGNX.O,리젠엑스바이오,5,60,14,24,59,1.0,10.0,7.45,0.0,11.08,65.47
118,VNET.O,브이넷 그룹 ADR,5,60,14,24,59,1.0,10.0,7.45,0.0,8.22,71.22
118,PHAR.O,파밍 그룹 ADR,5,60,14,24,59,1.0,10.0,7.45,-2.24,3.51,68.25
118,PPTA.O,퍼페투아 리소시스,5,60,14,24,59,1.0,10.0,7.45,0.0,8.24,65.65
118,UROY.O,우라늄 로열티,5,60,14,24,59,1.0,10.0,7.45,0.0,14.12,71.09
118,TRUE.O,트루카,5,60,14,24,59,1.0,10.0,7.45,0.0,9.26,63.23
118,QURE.O,유니큐어,5,60,14,24,59,1.0,10.0,7.45,0.0,14.45,71.19
118,POWW.O,애모,5,60,14,24,59,1.0,10.0,7.45,0.0,15.79,68.86
118,PRTC.O,퓨어 테크 헬스 ADR,5,60,14,24,59,1.0,10.0,7.45,0.0,9.36,64.81
118,NKTR.O,넥타 테라퓨틱스,5,60,14,24,59,1.0,10.0,7.45,102.7,8.43,69.75
118,CHRS.O,코히러스 바이오사이언스,5,120,14,44,54,1.0,10.0,6.43,-36.42,4.47,70.64
118,ATEC.O,알파텍 홀딩스,5,120,14,44,54,1.0,10.0,6.43,-16.15,14.45,70.76
118,HFFG.O,HF 푸즈그룹,5,120,14,44,54,1.0,10.0,6.43,-25.1,5.21,67.4
118,BZUN.O,바오준 ADR,5,120,14,44,54,1.0,10.0,6.43,-46.17,8.94,70.84
118,BWAY.O,브레인스웨이 ADR,5,120,14,44,54,1.0,10.0,6.43,207.33,9.88,64.41
118,ETON.O,이튼 파마슈티컬즈,5,120,14,44,54,1.0,10.0,6.43,21.02,9.79,64.82
118,CXDO.O,크렉센도,5,120,14,44,54,1.0,10.0,6.43,-12.6,9.0,71.05
118,BGFV.O,빅 5 스포팅 구즈,5,120,14,44,54,1.0,10.0,6.43,-13.88,13.23,67.41
118,PRTS.O,카파츠닷컴,5,120,14,44,54,1.0,10.0,6.43,-27.57,7.99,64.73
118,DWSN.O,도슨 지오피지컬,5,120,14,44,54,1.0,10.0,6.43,6.39,11.27,64.75
118,LNSR.O,렌자,5,120,14,44,54,1.0,10.0,6.43,-18.42,4.76,68.81
118,TURN.O,180 디그리 캐피털,5,120,14,44,54,1.0,10.0,6.43,7.15,7.44,67.18
118,ICAD.O,아이캐드,5,120,14,44,54,1.0,10.0,6.43,-8.45,12.07,72.78
118,CUTR.O,큐테라,5,120,14,44,54,1.0,10.0,6.43,86.46,8.53,63.11
118,KIRK.O,커클랜드,5,120,14,44,54,1.0,10.0,6.43,-14.39,10.05,71.89
118,BBGI.O,비슬리 브로드캐스트 그룹,5,120,14,44,54,1.0,10.0,6.43,-15.64,8.59,65.34
118,MTEX.O,매나테크,5,120,14,44,54,1.0,10.0,6.43,136.86,15.33,68.21
118,RIGL.O,리겔 파마슈티컬스,5,120,14,44,54,1.0,10.0,6.43,-10.77,12.05,74.28
118,POWW.O,애모,5,120,14,44,54,1.0,10.0,6.43,-38.1,15.79,68.86
118,UPWK.O,업워크,5,120,14,44,54,1.0,10.0,6.43,-8.33,10.17,66.5
118,NKTR.O,넥타 테라퓨틱스,5,120,14,44,54,1.0,10.0,6.43,-34.14,8.43,69.75
118,MOMO.O,헬로 그룹 ADR,5,120,14,44,54,1.0,10.0,6.43,-25.1,12.34,65.42
118,CGEM.O,컬리넌 테라퓨틱스,5,120,14,44,54,1.0,10.0,6.43,27.94,9.38,70.49
118,BASE.O,카우치베이스,5,120,14,44,54,1.0,10.0,6.43,44.46,8.48,70.73
118,AMSC.O,아메리칸 수퍼컨덕터,5,120,14,44,54,1.0,10.0,6.43,-10.3,10.01,74.4
118,MNTK.O,몬탁 리뉴어블스,5,120,14,44,54,1.0,10.0,6.43,-33.74,3.92,69.85
118,VRDN.O,비리디안 테라퓨틱스,5,120,14,44,54,1.0,10.0,6.43,24.2,8.14,69.18
118,CLNE.O,클린 에너지 퓨얼스,5,120,14,44,54,1.0,10.0,6.43,-8.02,9.49,66.53
118,PRTC.O,퓨어 테크 헬스 ADR,5,120,14,44,54,1.0,10.0,6.43,16.34,9.36,64.81
118,RGNX.O,리젠엑스바이오,5,120,14,44,54,1.0,10.0,6.43,-26.43,11.08,65.47
118,VNET.O,브이넷 그룹 ADR,5,120,14,44,54,1.0,10.0,6.43,-6.45,8.22,71.22
118,PHAR.O,파밍 그룹 ADR,5,120,14,44,54,1.0,10.0,6.43,51.04,3.51,68.25
118,PPTA.O,퍼페투아 리소시스,5,120,14,44,54,1.0,10.0,6.43,49.94,8.24,65.65
118,UROY.O,우라늄 로열티,5,120,14,44,54,1.0,10.0,6.43,19.82,14.12,71.09
118,TRUE.O,트루카,5,120,14,44,54,1.0,10.0,6.43,4.67,9.26,63.23
118,QURE.O,유니큐어,5,120,14,44,54,1.0,10.0,6.43,-29.47,14.45,71.19
118,ARTW.O,아츠 웨이 매뉴팩처링,5,120,14,44,54,1.0,10.0,6.43,-10.53,10.42,62.33
118,INDI.O,인디 세미컨덕터,5,120,14,44,54,1.0,10.0,6.43,19.05,5.07,68.22
118,STNE.O,스톤코,5,120,14,44,54,1.0,10.0,6.43,4.29,9.5,72.13
118,PRTS.O,카파츠닷컴,5,120,14,39,74,1.0,10.0,4.88,5.29,7.99,64.73
118,RIGL.O,리겔 파마슈티컬스,5,120,14,39,74,1.0,10.0,4.88,-12.34,12.05,74.28
118,HFFG.O,HF 푸즈그룹,5,120,14,39,74,1.0,10.0,4.88,-26.82,5.21,67.4
118,BZUN.O,바오준 ADR,5,120,14,39,74,1.0,10.0,4.88,-54.2,8.94,70.84
118,BWAY.O,브레인스웨이 ADR,5,120,14,39,74,1.0,10.0,4.88,-5.78,9.88,64.41
118,ETON.O,이튼 파마슈티컬즈,5,120,14,39,74,1.0,10.0,4.88,16.13,9.79,64.82
118,CXDO.O,크렉센도,5,120,14,39,74,1.0,10.0,4.88,-20.52,9.0,71.05
118,BGFV.O,빅 5 스포팅 구즈,5,120,14,39,74,1.0,10.0,4.88,14.09,13.23,67.41
118,DWSN.O,도슨 지오피지컬,5,120,14,39,74,1.0,10.0,4.88,-9.31,11.27,64.75
118,POWW.O,애모,5,120,14,39,74,1.0,10.0,4.88,-15.99,15.79,68.86
118,LNSR.O,렌자,5,120,14,39,74,1.0,10.0,4.88,-18.42,4.76,68.81
118,TURN.O,180 디그리 캐피털,5,120,14,39,74,1.0,10.0,4.88,-8.58,7.44,67.18
118,ICAD.O,아이캐드,5,120,14,39,74,1.0,10.0,4.88,1.34,12.07,72.78
118,CUTR.O,큐테라,5,120,14,39,74,1.0,10.0,4.88,-38.2,8.53,63.11
118,KIRK.O,커클랜드,5,120,14,39,74,1.0,10.0,4.88,4.18,10.05,71.89
118,BBGI.O,비슬리 브로드캐스트 그룹,5,120,14,39,74,1.0,10.0,4.88,-10.49,8.59,65.34
118,MTEX.O,매나테크,5,120,14,39,74,1.0,10.0,4.88,171.78,15.33,68.21
118,CHRS.O,코히러스 바이오사이언스,5,120,14,39,74,1.0,10.0,4.88,-26.15,4.47,70.64
118,NKTR.O,넥타 테라퓨틱스,5,120,14,39,74,1.0,10.0,4.88,-2.48,8.43,69.75
118,ATEC.O,알파텍 홀딩스,5,120,14,39,74,1.0,10.0,4.88,-5.6,14.45,70.76
118,VRDN.O,비리디안 테라퓨틱스,5,120,14,39,74,1.0,10.0,4.88,198.8,8.14,69.18
118,STNE.O,스톤코,5,120,14,39,74,1.0,10.0,4.88,4.29,9.5,72.13
118,INDI.O,인디 세미컨덕터,5,120,14,39,74,1.0,10.0,4.88,-15.76,5.07,68.22
118,MOMO.O,헬로 그룹 ADR,5,120,14,39,74,1.0,10.0,4.88,-22.46,12.34,65.42
118,CGEM.O,컬리넌 테라퓨틱스,5,120,14,39,74,1.0,10.0,4.88,19.6,9.38,70.49
118,BASE.O,카우치베이스,5,120,14,39,74,1.0,10.0,4.88,14.86,8.48,70.73
118,AMSC.O,아메리칸 수퍼컨덕터,5,120,14,39,74,1.0,10.0,4.88,5.62,10.01,74.4
118,MNTK.O,몬탁 리뉴어블스,5,120,14,39,74,1.0,10.0,4.88,0.0,3.92,69.85
118,CLNE.O,클린 에너지 퓨얼스,5,120,14,39,74,1.0,10.0,4.88,-5.07,9.49,66.53
118,QURE.O,유니큐어,5,120,14,39,74,1.0,10.0,4.88,1.14,14.45,71.19
118,PRTC.O,퓨어 테크 헬스 ADR,5,120,14,39,74,1.0,10.0,4.88,0.0,9.36,64.81
118,RGNX.O,리젠엑스바이오,5,120,14,39,74,1.0,10.0,4.88,-54.84,11.08,65.47
118,VNET.O,브이넷 그룹 ADR,5,120,14,39,74,1.0,10.0,4.88,22.23,8.22,71.22
118,PHAR.O,파밍 그룹 ADR,5,120,14,39,74,1.0,10.0,4.88,-5.55,3.51,68.25
118,PPTA.O,퍼페투아 리소시스,5,120,14,39,74,1.0,10.0,4.88,8.07,8.24,65.65
118,UROY.O,우라늄 로열티,5,120,14,39,74,1.0,10.0,4.88,0.0,14.12,71.09
118,TRUE.O,트루카,5,120,14,39,74,1.0,10.0,4.88,-11.59,9.26,63.23
118,UPWK.O,업워크,5,120,14,39,74,1.0,10.0,4.88,63.37,10.17,66.5
118,ARTW.O,아츠 웨이 매뉴팩처링,5,120,14,39,74,1.0,10.0,4.88,9.76,10.42,62.33
118,STNE.O,스톤코,5,60,14,24,79,1.0,10.0,4.82,0.0,9.5,72.13
118,POWW.O,애모,5,60,14,24,79,1.0,10.0,4.82,0.0,15.79,68.86
118,RIGL.O,리겔 파마슈티컬스,5,60,14,24,79,1.0,10.0,4.82,0.0,12.05,74.28
118,HFFG.O,HF 푸즈그룹,5,60,14,24,79,1.0,10.0,4.82,0.0,5.21,67.4
118,BZUN.O,바오준 ADR,5,60,14,24,79,1.0,10.0,4.82,0.0,8.94,70.84
118,BWAY.O,브레인스웨이 ADR,5,60,14,24,79,1.0,10.0,4.82,0.0,9.88,64.41
118,ETON.O,이튼 파마슈티컬즈,5,60,14,24,79,1.0,10.0,4.82,0.0,9.79,64.82
118,CXDO.O,크렉센도,5,60,14,24,79,1.0,10.0,4.82,0.4,9.0,71.05
118,BGFV.O,빅 5 스포팅 구즈,5,60,14,24,79,1.0,10.0,4.82,7.62,13.23,67.41
118,ATEC.O,알파텍 홀딩스,5,60,14,24,79,1.0,10.0,4.82,0.0,14.45,70.76
118,DWSN.O,도슨 지오피지컬,5,60,14,24,79,1.0,10.0,4.82,0.0,11.27,64.75
118,LNSR.O,렌자,5,60,14,24,79,1.0,10.0,4.82,0.0,4.76,68.81
118,TURN.O,180 디그리 캐피털,5,60,14,24,79,1.0,10.0,4.82,0.0,7.44,67.18
118,ICAD.O,아이캐드,5,60,14,24,79,1.0,10.0,4.82,18.39,12.07,72.78
118,CUTR.O,큐테라,5,60,14,24,79,1.0,10.0,4.82,0.0,8.53,63.11
118,KIRK.O,커클랜드,5,60,14,24,79,1.0,10.0,4.82,0.0,10.05,71.89
118,BBGI.O,비슬리 브로드캐스트 그룹,5,60,14,24,79,1.0,10.0,4.82,0.0,8.59,65.34
118,MTEX.O,매나테크,5,60,14,24,79,1.0,10.0,4.82,103.06,15.33,68.21
118,ARTW.O,아츠 웨이 매뉴팩처링,5,60,14,24,79,1.0,10.0,4.82,0.0,10.42,62.33
118,CHRS.O,코히러스 바이오사이언스,5,60,14,24,79,1.0,10.0,4.82,0.0,4.47,70.64
118,PRTS.O,카파츠닷컴,5,60,14,24,79,1.0,10.0,4.82,0.0,7.99,64.73
118,NKTR.O,넥타 테라퓨틱스,5,60,14,24,79,1.0,10.0,4.82,45.3,8.43,69.75
118,VRDN.O,비리디안 테라퓨틱스,5,60,14,24,79,1.0,10.0,4.82,0.0,8.14,69.18
118,QURE.O,유니큐어,5,60,14,24,79,1.0,10.0,4.82,0.0,14.45,71.19
118,UPWK.O,업워크,5,60,14,24,79,1.0,10.0,4.82,0.0,10.17,66.5
118,INDI.O,인디 세미컨덕터,5,60,14,24,79,1.0,10.0,4.82,0.0,5.07,68.22
118,MOMO.O,헬로 그룹 ADR,5,60,14,24,79,1.0,10.0,4.82,0.0,12.34,65.42
118,CGEM.O,컬리넌 테라퓨틱스,5,60,14,24,79,1.0,10.0,4.82,22.01,9.38,70.49
118,AMSC.O,아메리칸 수퍼컨덕터,5,60,14,24,79,1.0,10.0,4.82,-6.67,10.01,74.4
118,MNTK.O,몬탁 리뉴어블스,5,60,14,24,79,1.0,10.0,4.82,0.0,3.92,69.85
118,BASE.O,카우치베이스,5,60,14,24,79,1.0,10.0,4.82,0.0,8.48,70.73
118,CLNE.O,클린 에너지 퓨얼스,5,60,14,24,79,1.0,10.0,4.82,0.0,9.49,66.53
118,PHAR.O,파밍 그룹 ADR,5,60,14,24,79,1.0,10.0,4.82,-2.24,3.51,68.25
118,PRTC.O,퓨어 테크 헬스 ADR,5,60,14,24,79,1.0,10.0,4.82,0.0,9.36,64.81
118,UROY.O,우라늄 로열티,5,60,14,24,79,1.0,10.0,4.82,0.0,14.12,71.09
118,PPTA.O,퍼페투아 리소시스,5,60,14,24,79,1.0,10.0,4.82,0.0,8.24,65.65
118,TRUE.O,트루카,5,60,14,24,79,1.0,10.0,4.82,0.0,9.26,63.23
118,VNET.O,브이넷 그룹 ADR,5,60,14,24,79,1.0,10.0,4.82,0.0,8.22,71.22
118,RGNX.O,리젠엑스바이오,5,60,14,24,79,1.0,10.0,4.82,0.0,11.08,65.47
118,PRTS.O,카파츠닷컴,5,120,14,39,69,1.0,10.0,4.53,5.29,7.99,64.73
118,CHRS.O,코히러스 바이오사이언스,5,120,14,39,69,1.0,10.0,4.53,-26.15,4.47,70.64
118,RIGL.O,리겔 파마슈티컬스,5,120,14,39,69,1.0,10.0,4.53,-3.1,12.05,74.28
118,HFFG.O,HF 푸즈그룹,5,120,14,39,69,1.0,10.0,4.53,-26.82,5.21,67.4
118,BZUN.O,바오준 ADR,5,120,14,39,69,1.0,10.0,4.53,-54.2,8.94,70.84
118,BWAY.O,브레인스웨이 ADR,5,120,14,39,69,1.0,10.0,4.53,-5.78,9.88,64.41
118,ETON.O,이튼 파마슈티컬즈,5,120,14,39,69,1.0,10.0,4.53,16.13,9.79,64.82
118,CXDO.O,크렉센도,5,120,14,39,69,1.0,10.0,4.53,-0.42,9.0,71.05
118,BGFV.O,빅 5 스포팅 구즈,5,120,14,39,69,1.0,10.0,4.53,8.79,13.23,67.41
118,ARTW.O,아츠 웨이 매뉴팩처링,5,120,14,39,69,1.0,10.0,4.53,1.67,10.42,62.33
118,DWSN.O,도슨 지오피지컬,5,120,14,39,69,1.0,10.0,4.53,-9.31,11.27,64.75
118,LNSR.O,렌자,5,120,14,39,69,1.0,10.0,4.53,-18.42,4.76,68.81
118,TURN.O,180 디그리 캐피털,5,120,14,39,69,1.0,10.0,4.53,-8.58,7.44,67.18
118,ICAD.O,아이캐드,5,120,14,39,69,1.0,10.0,4.53,-5.35,12.07,72.78
118,CUTR.O,큐테라,5,120,14,39,69,1.0,10.0,4.53,19.07,8.53,63.11
118,KIRK.O,커클랜드,5,120,14,39,69,1.0,10.0,4.53,-2.69,10.05,71.89
118,BBGI.O,비슬리 브로드캐스트 그룹,5,120,14,39,69,1.0,10.0,4.53,-14.63,8.59,65.34
118,MTEX.O,매나테크,5,120,14,39,69,1.0,10.0,4.53,169.76,15.33,68.21
118,POWW.O,애모,5,120,14,39,69,1.0,10.0,4.53,-15.99,15.79,68.86
118,VRDN.O,비리디안 테라퓨틱스,5,120,14,39,69,1.0,10.0,4.53,95.44,8.14,69.18
118,NKTR.O,넥타 테라퓨틱스,5,120,14,39,69,1.0,10.0,4.53,-2.48,8.43,69.75
118,MNTK.O,몬탁 리뉴어블스,5,120,14,39,69,1.0,10.0,4.53,0.0,3.92,69.85
118,QURE.O,유니큐어,5,120,14,39,69,1.0,10.0,4.53,-7.64,14.45,71.19
118,ATEC.O,알파텍 홀딩스,5,120,14,39,69,1.0,10.0,4.53,-9.07,14.45,70.76
118,UPWK.O,업워크,5,120,14,39,69,1.0,10.0,4.53,63.37,10.17,66.5
118,INDI.O,인디 세미컨덕터,5,120,14,39,69,1.0,10.0,4.53,-15.76,5.07,68.22
118,MOMO.O,헬로 그룹 ADR,5,120,14,39,69,1.0,10.0,4.53,-22.46,12.34,65.42
118,CGEM.O,컬리넌 테라퓨틱스,5,120,14,39,69,1.0,10.0,4.53,53.06,9.38,70.49
118,BASE.O,카우치베이스,5,120,14,39,69,1.0,10.0,4.53,14.86,8.48,70.73
118,AMSC.O,아메리칸 수퍼컨덕터,5,120,14,39,69,1.0,10.0,4.53,0.86,10.01,74.4
118,STNE.O,스톤코,5,120,14,39,69,1.0,10.0,4.53,4.29,9.5,72.13
118,TRUE.O,트루카,5,120,14,39,69,1.0,10.0,4.53,7.16,9.26,63.23
118,PRTC.O,퓨어 테크 헬스 ADR,5,120,14,39,69,1.0,10.0,4.53,0.0,9.36,64.81
118,RGNX.O,리젠엑스바이오,5,120,14,39,69,1.0,10.0,4.53,-54.84,11.08,65.47
118,VNET.O,브이넷 그룹 ADR,5,120,14,39,69,1.0,10.0,4.53,15.77,8.22,71.22
118,PHAR.O,파밍 그룹 ADR,5,120,14,39,69,1.0,10.0,4.53,-5.55,3.51,68.25
118,PPTA.O,퍼페투아 리소시스,5,120,14,39,69,1.0,10.0,4.53,23.23,8.24,65.65
118,UROY.O,우라늄 로열티,5,120,14,39,69,1.0,10.0,4.53,0.0,14.12,71.09
118,CLNE.O,클린 에너지 퓨얼스,5,120,14,39,69,1.0,10.0,4.53,-12.78,9.49,66.53
118,HFFG.O,HF 푸즈그룹,5,60,14,39,54,1.0,10.0,4.34,-19.67,5.21,67.4
118,BWAY.O,브레인스웨이 ADR,5,60,14,39,54,1.0,10.0,4.34,26.1,9.88,64.41
118,BZUN.O,바오준 ADR,5,60,14,39,54,1.0,10.0,4.34,-45.95,8.94,70.84
118,QURE.O,유니큐어,5,60,14,39,54,1.0,10.0,4.34,-29.8,14.45,71.19
118,RIGL.O,리겔 파마슈티컬스,5,60,14,39,54,1.0,10.0,4.34,-12.62,12.05,74.28
118,CHRS.O,코히러스 바이오사이언스,5,60,14,39,54,1.0,10.0,4.34,-37.85,4.47,70.64
118,POWW.O,애모,5,60,14,39,54,1.0,10.0,4.34,-21.26,15.79,68.86
118,CXDO.O,크렉센도,5,60,14,39,54,1.0,10.0,4.34,-13.53,9.0,71.05
118,ETON.O,이튼 파마슈티컬즈,5,60,14,39,54,1.0,10.0,4.34,6.22,9.79,64.82
118,TURN.O,180 디그리 캐피털,5,60,14,39,54,1.0,10.0,4.34,-4.23,7.44,67.18
118,BGFV.O,빅 5 스포팅 구즈,5,60,14,39,54,1.0,10.0,4.34,-1.97,13.23,67.41
118,PRTS.O,카파츠닷컴,5,60,14,39,54,1.0,10.0,4.34,-25.17,7.99,64.73
118,DWSN.O,도슨 지오피지컬,5,60,14,39,54,1.0,10.0,4.34,2.06,11.27,64.75
118,LNSR.O,렌자,5,60,14,39,54,1.0,10.0,4.34,-11.76,4.76,68.81
118,ICAD.O,아이캐드,5,60,14,39,54,1.0,10.0,4.34,-4.83,12.07,72.78
118,CUTR.O,큐테라,5,60,14,39,54,1.0,10.0,4.34,-41.75,8.53,63.11
118,KIRK.O,커클랜드,5,60,14,39,54,1.0,10.0,4.34,-13.66,10.05,71.89
118,BBGI.O,비슬리 브로드캐스트 그룹,5,60,14,39,54,1.0,10.0,4.34,-17.84,8.59,65.34
118,NKTR.O,넥타 테라퓨틱스,5,60,14,39,54,1.0,10.0,4.34,-30.7,8.43,69.75
118,ARTW.O,아츠 웨이 매뉴팩처링,5,60,14,39,54,1.0,10.0,4.34,-3.79,10.42,62.33
118,TRUE.O,트루카,5,60,14,39,54,1.0,10.0,4.34,-2.44,9.26,63.23
118,UROY.O,우라늄 로열티,5,60,14,39,54,1.0,10.0,4.34,0.0,14.12,71.09
118,STNE.O,스톤코,5,60,14,39,54,1.0,10.0,4.34,-7.62,9.5,72.13
118,ATEC.O,알파텍 홀딩스,5,60,14,39,54,1.0,10.0,4.34,-13.28,14.45,70.76
118,UPWK.O,업워크,5,60,14,39,54,1.0,10.0,4.34,0.51,10.17,66.5
118,INDI.O,인디 세미컨덕터,5,60,14,39,54,1.0,10.0,4.34,37.41,5.07,68.22
118,MOMO.O,헬로 그룹 ADR,5,60,14,39,54,1.0,10.0,4.34,-24.34,12.34,65.42
118,CGEM.O,컬리넌 테라퓨틱스,5,60,14,39,54,1.0,10.0,4.34,30.92,9.38,70.49
118,BASE.O,카우치베이스,5,60,14,39,54,1.0,10.0,4.34,43.18,8.48,70.73
118,AMSC.O,아메리칸 수퍼컨덕터,5,60,14,39,54,1.0,10.0,4.34,-11.62,10.01,74.4
118,MNTK.O,몬탁 리뉴어블스,5,60,14,39,54,1.0,10.0,4.34,-23.99,3.92,69.85
118,VRDN.O,비리디안 테라퓨틱스,5,60,14,39,54,1.0,10.0,4.34,64.32,8.14,69.18
118,CLNE.O,클린 에너지 퓨얼스,5,60,14,39,54,1.0,10.0,4.34,-12.91,9.49,66.53
118,PRTC.O,퓨어 테크 헬스 ADR,5,60,14,39,54,1.0,10.0,4.34,19.75,9.36,64.81
118,RGNX.O,리젠엑스바이오,5,60,14,39,54,1.0,10.0,4.34,-40.64,11.08,65.47
118,VNET.O,브이넷 그룹 ADR,5,60,14,39,54,1.0,10.0,4.34,-11.95,8.22,71.22
118,PHAR.O,파밍 그룹 ADR,5,60,14,39,54,1.0,10.0,4.34,73.13,3.51,68.25
118,PPTA.O,퍼페투아 리소시스,5,60,14,39,54,1.0,10.0,4.34,347.35,8.24,65.65
118,MTEX.O,매나테크,5,60,14,39,54,1.0,10.0,4.34,3.5,15.33,68.21
118,ATEC.O,알파텍 홀딩스,5,120,14,39,64,1.0,10.0,2.82,-15.06,14.45,70.76
118,UPWK.O,업워크,5,120,14,39,64,1.0,10.0,2.82,63.37,10.17,66.5
118,POWW.O,애모,5,120,14,39,64,1.0,10.0,2.82,-15.99,15.79,68.86
118,DWSN.O,도슨 지오피지컬,5,120,14,39,64,1.0,10.0,2.82,-9.31,11.27,64.75
118,BZUN.O,바오준 ADR,5,120,14,39,64,1.0,10.0,2.82,-54.2,8.94,70.84
118,BWAY.O,브레인스웨이 ADR,5,120,14,39,64,1.0,10.0,2.82,-5.78,9.88,64.41
118,ETON.O,이튼 파마슈티컬즈,5,120,14,39,64,1.0,10.0,2.82,16.13,9.79,64.82
118,CXDO.O,크렉센도,5,120,14,39,64,1.0,10.0,2.82,-12.6,9.0,71.05
118,BGFV.O,빅 5 스포팅 구즈,5,120,14,39,64,1.0,10.0,2.82,25.27,13.23,67.41
118,PRTS.O,카파츠닷컴,5,120,14,39,64,1.0,10.0,2.82,3.04,7.99,64.73
118,LNSR.O,렌자,5,120,14,39,64,1.0,10.0,2.82,-18.42,4.76,68.81
118,RIGL.O,리겔 파마슈티컬스,5,120,14,39,64,1.0,10.0,2.82,-5.9,12.05,74.28
118,TURN.O,180 디그리 캐피털,5,120,14,39,64,1.0,10.0,2.82,-4.63,7.44,67.18
118,ICAD.O,아이캐드,5,120,14,39,64,1.0,10.0,2.82,-5.35,12.07,72.78
118,CUTR.O,큐테라,5,120,14,39,64,1.0,10.0,2.82,19.19,8.53,63.11
118,KIRK.O,커클랜드,5,120,14,39,64,1.0,10.0,2.82,-4.81,10.05,71.89
118,BBGI.O,비슬리 브로드캐스트 그룹,5,120,14,39,64,1.0,10.0,2.82,-17.06,8.59,65.34
118,MTEX.O,매나테크,5,120,14,39,64,1.0,10.0,2.82,169.49,15.33,68.21
118,HFFG.O,HF 푸즈그룹,5,120,14,39,64,1.0,10.0,2.82,-26.82,5.21,67.4
118,CHRS.O,코히러스 바이오사이언스,5,120,14,39,64,1.0,10.0,2.82,-26.15,4.47,70.64
118,INDI.O,인디 세미컨덕터,5,120,14,39,64,1.0,10.0,2.82,-15.76,5.07,68.22
118,PRTC.O,퓨어 테크 헬스 ADR,5,120,14,39,64,1.0,10.0,2.82,0.0,9.36,64.81
118,CGEM.O,컬리넌 테라퓨틱스,5,120,14,39,64,1.0,10.0,2.82,53.06,9.38,70.49
118,BASE.O,카우치베이스,5,120,14,39,64,1.0,10.0,2.82,14.86,8.48,70.73
118,AMSC.O,아메리칸 수퍼컨덕터,5,120,14,39,64,1.0,10.0,2.82,-0.64,10.01,74.4
118,MNTK.O,몬탁 리뉴어블스,5,120,14,39,64,1.0,10.0,2.82,0.0,3.92,69.85
118,VRDN.O,비리디안 테라퓨틱스,5,120,14,39,64,1.0,10.0,2.82,60.43,8.14,69.18
118,CLNE.O,클린 에너지 퓨얼스,5,120,14,39,64,1.0,10.0,2.82,-12.78,9.49,66.53
118,RGNX.O,리젠엑스바이오,5,120,14,39,64,1.0,10.0,2.82,-54.84,11.08,65.47
118,NKTR.O,넥타 테라퓨틱스,5,120,14,39,64,1.0,10.0,2.82,-12.59,8.43,69.75
118,VNET.O,브이넷 그룹 ADR,5,120,14,39,64,1.0,10.0,2.82,7.09,8.22,71.22
118,PHAR.O,파밍 그룹 ADR,5,120,14,39,64,1.0,10.0,2.82,-5.55,3.51,68.25
118,PPTA.O,퍼페투아 리소시스,5,120,14,39,64,1.0,10.0,2.82,23.23,8.24,65.65
118,UROY.O,우라늄 로열티,5,120,14,39,64,1.0,10.0,2.82,0.0,14.12,71.09
118,TRUE.O,트루카,5,120,14,39,64,1.0,10.0,2.82,3.01,9.26,63.23
118,QURE.O,유니큐어,5,120,14,39,64,1.0,10.0,2.82,-7.64,14.45,71.19
118,STNE.O,스톤코,5,120,14,39,64,1.0,10.0,2.82,4.29,9.5,72.13
118,MOMO.O,헬로 그룹 ADR,5,120,14,39,64,1.0,10.0,2.82,-22.46,12.34,65.42
118,ARTW.O,아츠 웨이 매뉴팩처링,5,120,14,39,64,1.0,10.0,2.82,1.67,10.42,62.33
118,CLNE.O,클린 에너지 퓨얼스,5,120,14,39,59,1.0,10.0,2.81,-12.78,9.49,66.53
118,STNE.O,스톤코,5,120,14,39,59,1.0,10.0,2.81,4.29,9.5,72.13
118,UROY.O,우라늄 로열티,5,120,14,39,59,1.0,10.0,2.81,0.0,14.12,71.09
118,PPTA.O,퍼페투아 리소시스,5,120,14,39,59,1.0,10.0,2.81,11.35,8.24,65.65
118,PHAR.O,파밍 그룹 ADR,5,120,14,39,59,1.0,10.0,2.81,-5.55,3.51,68.25
118,VNET.O,브이넷 그룹 ADR,5,120,14,39,59,1.0,10.0,2.81,3.82,8.22,71.22
118,RGNX.O,리젠엑스바이오,5,120,14,39,59,1.0,10.0,2.81,-54.84,11.08,65.47
118,PRTC.O,퓨어 테크 헬스 ADR,5,120,14,39,59,1.0,10.0,2.81,0.0,9.36,64.81
118,KIRK.O,커클랜드,5,120,14,39,59,1.0,10.0,2.81,-14.37,10.05,71.89
118,TRUE.O,트루카,5,120,14,39,59,1.0,10.0,2.81,1.4,9.26,63.23
118,MNTK.O,몬탁 리뉴어블스,5,120,14,39,59,1.0,10.0,2.81,0.0,3.92,69.85
118,AMSC.O,아메리칸 수퍼컨덕터,5,120,14,39,59,1.0,10.0,2.81,-8.12,10.01,74.4
118,BASE.O,카우치베이스,5,120,14,39,59,1.0,10.0,2.81,77.72,8.48,70.73
118,CGEM.O,컬리넌 테라퓨틱스,5,120,14,39,59,1.0,10.0,2.81,27.94,9.38,70.49
118,MOMO.O,헬로 그룹 ADR,5,120,14,39,59,1.0,10.0,2.81,-22.46,12.34,65.42
118,INDI.O,인디 세미컨덕터,5,120,14,39,59,1.0,10.0,2.81,-15.76,5.07,68.22
118,UPWK.O,업워크,5,120,14,39,59,1.0,10.0,2.81,24.26,10.17,66.5
118,VRDN.O,비리디안 테라퓨틱스,5,120,14,39,59,1.0,10.0,2.81,24.2,8.14,69.18
118,QURE.O,유니큐어,5,120,14,39,59,1.0,10.0,2.81,-19.22,14.45,71.19
118,CUTR.O,큐테라,5,120,14,39,59,1.0,10.0,2.81,19.19,8.53,63.11
118,BGFV.O,빅 5 스포팅 구즈,5,120,14,39,59,1.0,10.0,2.81,19.78,13.23,67.41
118,MTEX.O,매나테크,5,120,14,39,59,1.0,10.0,2.81,89.82,15.33,68.21
118,ARTW.O,아츠 웨이 매뉴팩처링,5,120,14,39,59,1.0,10.0,2.81,-1.78,10.42,62.33
118,ICAD.O,아이캐드,5,120,14,39,59,1.0,10.0,2.81,-20.39,12.07,72.78
118,TURN.O,180 디그리 캐피털,5,120,14,39,59,1.0,10.0,2.81,-9.5,7.44,67.18
118,LNSR.O,렌자,5,120,14,39,59,1.0,10.0,2.81,-18.42,4.76,68.81
118,DWSN.O,도슨 지오피지컬,5,120,14,39,59,1.0,10.0,2.81,2.34,11.27,64.75
118,PRTS.O,카파츠닷컴,5,120,14,39,59,1.0,10.0,2.81,-0.06,7.99,64.73
118,CXDO.O,크렉센도,5,120,14,39,59,1.0,10.0,2.81,-12.6,9.0,71.05
118,NKTR.O,넥타 테라퓨틱스,5,120,14,39,59,1.0,10.0,2.81,-42.91,8.43,69.75
118,ETON.O,이튼 파마슈티컬즈,5,120,14,39,59,1.0,10.0,2.81,16.13,9.79,64.82
118,BWAY.O,브레인스웨이 ADR,5,120,14,39,59,1.0,10.0,2.81,216.56,9.88,64.41
118,BZUN.O,바오준 ADR,5,120,14,39,59,1.0,10.0,2.81,-54.2,8.94,70.84
118,HFFG.O,HF 푸즈그룹,5,120,14,39,59,1.0,10.0,2.81,-26.82,5.21,67.4
118,RIGL.O,리겔 파마슈티컬스,5,120,14,39,59,1.0,10.0,2.81,-6.16,12.05,74.28
118,CHRS.O,코히러스 바이오사이언스,5,120,14,39,59,1.0,10.0,2.81,-32.34,4.47,70.64
118,POWW.O,애모,5,120,14,39,59,1.0,10.0,2.81,-15.99,15.79,68.86
118,BBGI.O,비슬리 브로드캐스트 그룹,5,120,14,39,59,1.0,10.0,2.81,-19.85,8.59,65.34
118,ATEC.O,알파텍 홀딩스,5,120,14,39,59,1.0,10.0,2.81,-15.06,14.45,70.76
118,NKTR.O,넥타 테라퓨틱스,5,120,14,44,59,1.0,10.0,2.63,-34.14,8.43,69.75
118,STNE.O,스톤코,5,120,14,44,59,1.0,10.0,2.63,4.29,9.5,72.13
118,CHRS.O,코히러스 바이오사이언스,5,120,14,44,59,1.0,10.0,2.63,-29.63,4.47,70.64
118,RIGL.O,리겔 파마슈티컬스,5,120,14,44,59,1.0,10.0,2.63,-7.81,12.05,74.28
118,BZUN.O,바오준 ADR,5,120,14,44,59,1.0,10.0,2.63,-47.91,8.94,70.84
118,BWAY.O,브레인스웨이 ADR,5,120,14,44,59,1.0,10.0,2.63,216.56,9.88,64.41
118,ETON.O,이튼 파마슈티컬즈,5,120,14,44,59,1.0,10.0,2.63,1.77,9.79,64.82
118,CXDO.O,크렉센도,5,120,14,44,59,1.0,10.0,2.63,-12.6,9.0,71.05
118,BGFV.O,빅 5 스포팅 구즈,5,120,14,44,59,1.0,10.0,2.63,-5.45,13.23,67.41
118,PRTS.O,카파츠닷컴,5,120,14,44,59,1.0,10.0,2.63,-24.43,7.99,64.73
118,DWSN.O,도슨 지오피지컬,5,120,14,44,59,1.0,10.0,2.63,2.34,11.27,64.75
118,LNSR.O,렌자,5,120,14,44,59,1.0,10.0,2.63,-18.42,4.76,68.81
118,TURN.O,180 디그리 캐피털,5,120,14,44,59,1.0,10.0,2.63,-4.29,7.44,67.18
118,ICAD.O,아이캐드,5,120,14,44,59,1.0,10.0,2.63,-6.37,12.07,72.78
118,CUTR.O,큐테라,5,120,14,44,59,1.0,10.0,2.63,103.37,8.53,63.11
118,KIRK.O,커클랜드,5,120,14,44,59,1.0,10.0,2.63,-16.4,10.05,71.89
118,BBGI.O,비슬리 브로드캐스트 그룹,5,120,14,44,59,1.0,10.0,2.63,-13.2,8.59,65.34
118,MTEX.O,매나테크,5,120,14,44,59,1.0,10.0,2.63,107.78,15.33,68.21
118,ARTW.O,아츠 웨이 매뉴팩처링,5,120,14,44,59,1.0,10.0,2.63,-12.52,10.42,62.33
118,POWW.O,애모,5,120,14,44,59,1.0,10.0,2.63,-38.1,15.79,68.86
118,HFFG.O,HF 푸즈그룹,5,120,14,44,59,1.0,10.0,2.63,-25.1,5.21,67.4
118,QURE.O,유니큐어,5,120,14,44,59,1.0,10.0,2.63,-29.47,14.45,71.19
118,MNTK.O,몬탁 리뉴어블스,5,120,14,44,59,1.0,10.0,2.63,-33.74,3.92,69.85
118,ATEC.O,알파텍 홀딩스,5,120,14,44,59,1.0,10.0,2.63,-10.23,14.45,70.76
118,UPWK.O,업워크,5,120,14,44,59,1.0,10.0,2.63,-5.12,10.17,66.5
118,INDI.O,인디 세미컨덕터,5,120,14,44,59,1.0,10.0,2.63,-8.38,5.07,68.22
118,MOMO.O,헬로 그룹 ADR,5,120,14,44,59,1.0,10.0,2.63,-25.1,12.34,65.42
118,CGEM.O,컬리넌 테라퓨틱스,5,120,14,44,59,1.0,10.0,2.63,27.94,9.38,70.49
118,BASE.O,카우치베이스,5,120,14,44,59,1.0,10.0,2.63,77.72,8.48,70.73
118,AMSC.O,아메리칸 수퍼컨덕터,5,120,14,44,59,1.0,10.0,2.63,-3.05,10.01,74.4
118,VRDN.O,비리디안 테라퓨틱스,5,120,14,44,59,1.0,10.0,2.63,24.2,8.14,69.18
118,TRUE.O,트루카,5,120,14,44,59,1.0,10.0,2.63,-10.13,9.26,63.23
118,CLNE.O,클린 에너지 퓨얼스,5,120,14,44,59,1.0,10.0,2.63,-13.42,9.49,66.53
118,PRTC.O,퓨어 테크 헬스 ADR,5,120,14,44,59,1.0,10.0,2.63,0.0,9.36,64.81
118,RGNX.O,리젠엑스바이오,5,120,14,44,59,1.0,10.0,2.63,-25.84,11.08,65.47
118,VNET.O,브이넷 그룹 ADR,5,120,14,44,59,1.0,10.0,2.63,2.58,8.22,71.22
118,PHAR.O,파밍 그룹 ADR,5,120,14,44,59,1.0,10.0,2.63,-5.55,3.51,68.25
118,PPTA.O,퍼페투아 리소시스,5,120,14,44,59,1.0,10.0,2.63,11.35,8.24,65.65
118,UROY.O,우라늄 로열티,5,120,14,44,59,1.0,10.0,2.63,-10.78,14.12,71.09
118,STNE.O,스톤코,5,60,14,44,54,1.0,10.0,0.98,-7.62,9.5,72.13
118,ATEC.O,알파텍 홀딩스,5,60,14,44,54,1.0,10.0,0.98,-10.73,14.45,70.76
118,UPWK.O,업워크,5,60,14,44,54,1.0,10.0,0.98,0.51,10.17,66.5
118,RGNX.O,리젠엑스바이오,5,60,14,44,54,1.0,10.0,0.98,-25.08,11.08,65.47
118,POWW.O,애모,5,60,14,44,54,1.0,10.0,0.98,-38.61,15.79,68.86
118,NKTR.O,넥타 테라퓨틱스,5,60,14,44,54,1.0,10.0,0.98,-24.85,8.43,69.75
118,QURE.O,유니큐어,5,60,14,44,54,1.0,10.0,0.98,-34.54,14.45,71.19
118,TRUE.O,트루카,5,60,14,44,54,1.0,10.0,0.98,-5.18,9.26,63.23
118,UROY.O,우라늄 로열티,5,60,14,44,54,1.0,10.0,0.98,21.6,14.12,71.09
118,PPTA.O,퍼페투아 리소시스,5,60,14,44,54,1.0,10.0,0.98,166.43,8.24,65.65
118,VNET.O,브이넷 그룹 ADR,5,60,14,44,54,1.0,10.0,0.98,-0.06,8.22,71.22
118,PRTC.O,퓨어 테크 헬스 ADR,5,60,14,44,54,1.0,10.0,0.98,19.75,9.36,64.81
118,RIGL.O,리겔 파마슈티컬스,5,60,14,44,54,1.0,10.0,0.98,-10.37,12.05,74.28
118,CLNE.O,클린 에너지 퓨얼스,5,60,14,44,54,1.0,10.0,0.98,-9.54,9.49,66.53
118,VRDN.O,비리디안 테라퓨틱스,5,60,14,44,54,1.0,10.0,0.98,64.32,8.14,69.18
118,MNTK.O,몬탁 리뉴어블스,5,60,14,44,54,1.0,10.0,0.98,-23.99,3.92,69.85
118,AMSC.O,아메리칸 수퍼컨덕터,5,60,14,44,54,1.0,10.0,0.98,-11.76,10.01,74.4
118,BASE.O,카우치베이스,5,60,14,44,54,1.0,10.0,0.98,43.18,8.48,70.73
118,INDI.O,인디 세미컨덕터,5,60,14,44,54,1.0,10.0,0.98,37.41,5.07,68.22
118,CGEM.O,컬리넌 테라퓨틱스,5,60,14,44,54,1.0,10.0,0.98,30.92,9.38,70.49
118,CHRS.O,코히러스 바이오사이언스,5,60,14,44,54,1.0,10.0,0.98,-16.12,4.47,70.64
118,PHAR.O,파밍 그룹 ADR,5,60,14,44,54,1.0,10.0,0.98,73.13,3.51,68.25
118,HFFG.O,HF 푸즈그룹,5,60,14,44,54,1.0,10.0,0.98,-26.09,5.21,67.4
118,LNSR.O,렌자,5,60,14,44,54,1.0,10.0,0.98,-11.76,4.76,68.81
118,ARTW.O,아츠 웨이 매뉴팩처링,5,60,14,44,54,1.0,10.0,0.98,-9.81,10.42,62.33
118,BZUN.O,바오준 ADR,5,60,14,44,54,1.0,10.0,0.98,-34.74,8.94,70.84
118,MTEX.O,매나테크,5,60,14,44,54,1.0,10.0,0.98,-1.99,15.33,68.21
118,BBGI.O,비슬리 브로드캐스트 그룹,5,60,14,44,54,1.0,10.0,0.98,-19.32,8.59,65.34
118,KIRK.O,커클랜드,5,60,14,44,54,1.0,10.0,0.98,-13.66,10.05,71.89
118,ICAD.O,아이캐드,5,60,14,44,54,1.0,10.0,0.98,-5.5,12.07,72.78
118,TURN.O,180 디그리 캐피털,5,60,14,44,54,1.0,10.0,0.98,-6.75,7.44,67.18
118,CUTR.O,큐테라,5,60,14,44,54,1.0,10.0,0.98,-22.79,8.53,63.11
118,DWSN.O,도슨 지오피지컬,5,60,14,44,54,1.0,10.0,0.98,-13.68,11.27,64.75
118,MOMO.O,헬로 그룹 ADR,5,60,14,44,54,1.0,10.0,0.98,-17.19,12.34,65.42
118,PRTS.O,카파츠닷컴,5,60,14,44,54,1.0,10.0,0.98,-29.46,7.99,64.73
118,BGFV.O,빅 5 스포팅 구즈,5,60,14,44,54,1.0,10.0,0.98,-11.06,13.23,67.41
118,CXDO.O,크렉센도,5,60,14,44,54,1.0,10.0,0.98,-13.53,9.0,71.05
118,ETON.O,이튼 파마슈티컬즈,5,60,14,44,54,1.0,10.0,0.98,10.51,9.79,64.82
118,BWAY.O,브레인스웨이 ADR,5,60,14,44,54,1.0,10.0,0.98,26.1,9.88,64.41
118,DWSN.O,도슨 지오피지컬,5,60,14,49,54,1.0,10.0,-0.01,-11.72,11.27,64.75
118,HFFG.O,HF 푸즈그룹,5,60,14,49,54,1.0,10.0,-0.01,-26.09,5.21,67.4
118,BZUN.O,바오준 ADR,5,60,14,49,54,1.0,10.0,-0.01,-41.43,8.94,70.84
118,BWAY.O,브레인스웨이 ADR,5,60,14,49,54,1.0,10.0,-0.01,5.1,9.88,64.41
118,ETON.O,이튼 파마슈티컬즈,5,60,14,49,54,1.0,10.0,-0.01,6.63,9.79,64.82
118,CXDO.O,크렉센도,5,60,14,49,54,1.0,10.0,-0.01,-13.53,9.0,71.05
118,BGFV.O,빅 5 스포팅 구즈,5,60,14,49,54,1.0,10.0,-0.01,-12.99,13.23,67.41
118,PRTS.O,카파츠닷컴,5,60,14,49,54,1.0,10.0,-0.01,-26.86,7.99,64.73
118,MTEX.O,매나테크,5,60,14,49,54,1.0,10.0,-0.01,2.47,15.33,68.21
118,LNSR.O,렌자,5,60,14,49,54,1.0,10.0,-0.01,-11.76,4.76,68.81
118,TURN.O,180 디그리 캐피털,5,60,14,49,54,1.0,10.0,-0.01,-6.75,7.44,67.18
118,ICAD.O,아이캐드,5,60,14,49,54,1.0,10.0,-0.01,-4.8,12.07,72.78
118,CUTR.O,큐테라,5,60,14,49,54,1.0,10.0,-0.01,-16.76,8.53,63.11
118,KIRK.O,커클랜드,5,60,14,49,54,1.0,10.0,-0.01,-13.66,10.05,71.89
118,BBGI.O,비슬리 브로드캐스트 그룹,5,60,14,49,54,1.0,10.0,-0.01,-19.61,8.59,65.34
118,ARTW.O,아츠 웨이 매뉴팩처링,5,60,14,49,54,1.0,10.0,-0.01,-11.03,10.42,62.33
118,POWW.O,애모,5,60,14,49,54,1.0,10.0,-0.01,-37.03,15.79,68.86
118,CHRS.O,코히러스 바이오사이언스,5,60,14,49,54,1.0,10.0,-0.01,-24.44,4.47,70.64
118,RIGL.O,리겔 파마슈티컬스,5,60,14,49,54,1.0,10.0,-0.01,-11.37,12.05,74.28
118,NKTR.O,넥타 테라퓨틱스,5,60,14,49,54,1.0,10.0,-0.01,-18.93,8.43,69.75
118,QURE.O,유니큐어,5,60,14,49,54,1.0,10.0,-0.01,-36.32,14.45,71.19
118,STNE.O,스톤코,5,60,14,49,54,1.0,10.0,-0.01,-2.05,9.5,72.13
118,ATEC.O,알파텍 홀딩스,5,60,14,49,54,1.0,10.0,-0.01,-10.73,14.45,70.76
118,UPWK.O,업워크,5,60,14,49,54,1.0,10.0,-0.01,0.51,10.17,66.5
118,MOMO.O,헬로 그룹 ADR,5,60,14,49,54,1.0,10.0,-0.01,2.38,12.34,65.42
118,CGEM.O,컬리넌 테라퓨틱스,5,60,14,49,54,1.0,10.0,-0.01,30.92,9.38,70.49
118,BASE.O,카우치베이스,5,60,14,49,54,1.0,10.0,-0.01,43.18,8.48,70.73
118,AMSC.O,아메리칸 수퍼컨덕터,5,60,14,49,54,1.0,10.0,-0.01,-11.11,10.01,74.4
118,MNTK.O,몬탁 리뉴어블스,5,60,14,49,54,1.0,10.0,-0.01,-23.99,3.92,69.85
118,VRDN.O,비리디안 테라퓨틱스,5,60,14,49,54,1.0,10.0,-0.01,64.32,8.14,69.18
118,CLNE.O,클린 에너지 퓨얼스,5,60,14,49,54,1.0,10.0,-0.01,-7.86,9.49,66.53
118,PRTC.O,퓨어 테크 헬스 ADR,5,60,14,49,54,1.0,10.0,-0.01,19.75,9.36,64.81
118,RGNX.O,리젠엑스바이오,5,60,14,49,54,1.0,10.0,-0.01,-21.1,11.08,65.47
118,VNET.O,브이넷 그룹 ADR,5,60,14,49,54,1.0,10.0,-0.01,-22.84,8.22,71.22
118,PHAR.O,파밍 그룹 ADR,5,60,14,49,54,1.0,10.0,-0.01,101.15,3.51,68.25
118,PPTA.O,퍼페투아 리소시스,5,60,14,49,54,1.0,10.0,-0.01,166.43,8.24,65.65
118,UROY.O,우라늄 로열티,5,60,14,49,54,1.0,10.0,-0.01,3.58,14.12,71.09
118,TRUE.O,트루카,5,60,14,49,54,1.0,10.0,-0.01,-5.18,9.26,63.23
118,INDI.O,인디 세미컨덕터,5,60,14,49,54,1.0,10.0,-0.01,3.12,5.07,68.22
118,UPWK.O,업워크,5,120,14,39,79,1.0,10.0,-0.11,82.56,10.17,66.5
118,ATEC.O,알파텍 홀딩스,5,120,14,39,79,1.0,10.0,-0.11,-5.6,14.45,70.76
118,POWW.O,애모,5,120,14,39,79,1.0,10.0,-0.11,-15.99,15.79,68.86
118,QURE.O,유니큐어,5,120,14,39,79,1.0,10.0,-0.11,12.7,14.45,71.19
118,TRUE.O,트루카,5,120,14,39,79,1.0,10.0,-0.11,-11.59,9.26,63.23
118,UROY.O,우라늄 로열티,5,120,14,39,79,1.0,10.0,-0.11,0.0,14.12,71.09
118,PPTA.O,퍼페투아 리소시스,5,120,14,39,79,1.0,10.0,-0.11,8.07,8.24,65.65
118,PHAR.O,파밍 그룹 ADR,5,120,14,39,79,1.0,10.0,-0.11,-5.55,3.51,68.25
118,VNET.O,브이넷 그룹 ADR,5,120,14,39,79,1.0,10.0,-0.11,27.58,8.22,71.22
118,RGNX.O,리젠엑스바이오,5,120,14,39,79,1.0,10.0,-0.11,-54.84,11.08,65.47
118,PRTC.O,퓨어 테크 헬스 ADR,5,120,14,39,79,1.0,10.0,-0.11,0.0,9.36,64.81
118,CLNE.O,클린 에너지 퓨얼스,5,120,14,39,79,1.0,10.0,-0.11,-5.07,9.49,66.53
118,VRDN.O,비리디안 테라퓨틱스,5,120,14,39,79,1.0,10.0,-0.11,-24.48,8.14,69.18
118,MNTK.O,몬탁 리뉴어블스,5,120,14,39,79,1.0,10.0,-0.11,0.0,3.92,69.85
118,AMSC.O,아메리칸 수퍼컨덕터,5,120,14,39,79,1.0,10.0,-0.11,7.25,10.01,74.4
118,BASE.O,카우치베이스,5,120,14,39,79,1.0,10.0,-0.11,14.86,8.48,70.73
118,CGEM.O,컬리넌 테라퓨틱스,5,120,14,39,79,1.0,10.0,-0.11,19.6,9.38,70.49
118,MOMO.O,헬로 그룹 ADR,5,120,14,39,79,1.0,10.0,-0.11,-22.46,12.34,65.42
118,NKTR.O,넥타 테라퓨틱스,5,120,14,39,79,1.0,10.0,-0.11,-2.48,8.43,69.75
118,CHRS.O,코히러스 바이오사이언스,5,120,14,39,79,1.0,10.0,-0.11,-26.15,4.47,70.64
118,INDI.O,인디 세미컨덕터,5,120,14,39,79,1.0,10.0,-0.11,-15.76,5.07,68.22
118,RIGL.O,리겔 파마슈티컬스,5,120,14,39,79,1.0,10.0,-0.11,-12.34,12.05,74.28
118,MTEX.O,매나테크,5,120,14,39,79,1.0,10.0,-0.11,175.41,15.33,68.21
118,BBGI.O,비슬리 브로드캐스트 그룹,5,120,14,39,79,1.0,10.0,-0.11,-10.29,8.59,65.34
118,KIRK.O,커클랜드,5,120,14,39,79,1.0,10.0,-0.11,-1.09,10.05,71.89
118,CUTR.O,큐테라,5,120,14,39,79,1.0,10.0,-0.11,-38.2,8.53,63.11
118,ICAD.O,아이캐드,5,120,14,39,79,1.0,10.0,-0.11,1.41,12.07,72.78
118,TURN.O,180 디그리 캐피털,5,120,14,39,79,1.0,10.0,-0.11,-8.58,7.44,67.18
118,LNSR.O,렌자,5,120,14,39,79,1.0,10.0,-0.11,-18.42,4.76,68.81
118,DWSN.O,도슨 지오피지컬,5,120,14,39,79,1.0,10.0,-0.11,-9.31,11.27,64.75
118,PRTS.O,카파츠닷컴,5,120,14,39,79,1.0,10.0,-0.11,5.29,7.99,64.73
118,BGFV.O,빅 5 스포팅 구즈,5,120,14,39,79,1.0,10.0,-0.11,6.29,13.23,67.41
118,CXDO.O,크렉센도,5,120,14,39,79,1.0,10.0,-0.11,-20.52,9.0,71.05
118,ETON.O,이튼 파마슈티컬즈,5,120,14,39,79,1.0,10.0,-0.11,16.13,9.79,64.82
118,BWAY.O,브레인스웨이 ADR,5,120,14,39,79,1.0,10.0,-0.11,-5.78,9.88,64.41
118,BZUN.O,바오준 ADR,5,120,14,39,79,1.0,10.0,-0.11,-54.2,8.94,70.84
118,HFFG.O,HF 푸즈그룹,5,120,14,39,79,1.0,10.0,-0.11,-26.82,5.21,67.4
118,STNE.O,스톤코,5,120,14,39,79,1.0,10.0,-0.11,4.29,9.5,72.13
118,ARTW.O,아츠 웨이 매뉴팩처링,5,120,14,39,79,1.0,10.0,-0.11,9.76,10.42,62.33
118,ATEC.O,알파텍 홀딩스,5,60,14,39,69,1.0,10.0,-0.7,1.1,14.45,70.76
118,CHRS.O,코히러스 바이오사이언스,5,60,14,39,69,1.0,10.0,-0.7,-26.55,4.47,70.64
118,HFFG.O,HF 푸즈그룹,5,60,14,39,69,1.0,10.0,-0.7,-19.67,5.21,67.4
118,BZUN.O,바오준 ADR,5,60,14,39,69,1.0,10.0,-0.7,-45.95,8.94,70.84
118,BWAY.O,브레인스웨이 ADR,5,60,14,39,69,1.0,10.0,-0.7,-3.43,9.88,64.41
118,ETON.O,이튼 파마슈티컬즈,5,60,14,39,69,1.0,10.0,-0.7,-9.85,9.79,64.82
118,CXDO.O,크렉센도,5,60,14,39,69,1.0,10.0,-0.7,-0.73,9.0,71.05
118,BGFV.O,빅 5 스포팅 구즈,5,60,14,39,69,1.0,10.0,-0.7,1.83,13.23,67.41
118,PRTS.O,카파츠닷컴,5,60,14,39,69,1.0,10.0,-0.7,-15.34,7.99,64.73
118,DWSN.O,도슨 지오피지컬,5,60,14,39,69,1.0,10.0,-0.7,-9.27,11.27,64.75
118,LNSR.O,렌자,5,60,14,39,69,1.0,10.0,-0.7,-11.76,4.76,68.81
118,TURN.O,180 디그리 캐피털,5,60,14,39,69,1.0,10.0,-0.7,-8.8,7.44,67.18
118,ICAD.O,아이캐드,5,60,14,39,69,1.0,10.0,-0.7,8.36,12.07,72.78
118,CUTR.O,큐테라,5,60,14,39,69,1.0,10.0,-0.7,-37.37,8.53,63.11
118,KIRK.O,커클랜드,5,60,14,39,69,1.0,10.0,-0.7,-7.33,10.05,71.89
118,BBGI.O,비슬리 브로드캐스트 그룹,5,60,14,39,69,1.0,10.0,-0.7,-6.59,8.59,65.34
118,MTEX.O,매나테크,5,60,14,39,69,1.0,10.0,-0.7,46.3,15.33,68.21
118,RIGL.O,리겔 파마슈티컬스,5,60,14,39,69,1.0,10.0,-0.7,-4.98,12.05,74.28
118,POWW.O,애모,5,60,14,39,69,1.0,10.0,-0.7,-21.26,15.79,68.86
118,UPWK.O,업워크,5,60,14,39,69,1.0,10.0,-0.7,27.9,10.17,66.5
118,NKTR.O,넥타 테라퓨틱스,5,60,14,39,69,1.0,10.0,-0.7,-3.89,8.43,69.75
118,MOMO.O,헬로 그룹 ADR,5,60,14,39,69,1.0,10.0,-0.7,-24.34,12.34,65.42
118,CGEM.O,컬리넌 테라퓨틱스,5,60,14,39,69,1.0,10.0,-0.7,56.03,9.38,70.49
118,BASE.O,카우치베이스,5,60,14,39,69,1.0,10.0,-0.7,16.79,8.48,70.73
118,AMSC.O,아메리칸 수퍼컨덕터,5,60,14,39,69,1.0,10.0,-0.7,0.7,10.01,74.4
118,MNTK.O,몬탁 리뉴어블스,5,60,14,39,69,1.0,10.0,-0.7,-23.99,3.92,69.85
118,VRDN.O,비리디안 테라퓨틱스,5,60,14,39,69,1.0,10.0,-0.7,76.71,8.14,69.18
118,CLNE.O,클린 에너지 퓨얼스,5,60,14,39,69,1.0,10.0,-0.7,-10.87,9.49,66.53
118,PRTC.O,퓨어 테크 헬스 ADR,5,60,14,39,69,1.0,10.0,-0.7,3.27,9.36,64.81
118,RGNX.O,리젠엑스바이오,5,60,14,39,69,1.0,10.0,-0.7,-40.64,11.08,65.47
118,VNET.O,브이넷 그룹 ADR,5,60,14,39,69,1.0,10.0,-0.7,6.64,8.22,71.22
118,PHAR.O,파밍 그룹 ADR,5,60,14,39,69,1.0,10.0,-0.7,-2.24,3.51,68.25
118,PPTA.O,퍼페투아 리소시스,5,60,14,39,69,1.0,10.0,-0.7,98.21,8.24,65.65
118,UROY.O,우라늄 로열티,5,60,14,39,69,1.0,10.0,-0.7,0.0,14.12,71.09
118,TRUE.O,트루카,5,60,14,39,69,1.0,10.0,-0.7,4.49,9.26,63.23
118,QURE.O,유니큐어,5,60,14,39,69,1.0,10.0,-0.7,-23.01,14.45,71.19
118,ARTW.O,아츠 웨이 매뉴팩처링,5,60,14,39,69,1.0,10.0,-0.7,2.46,10.42,62.33
118,INDI.O,인디 세미컨덕터,5,60,14,39,69,1.0,10.0,-0.7,-12.76,5.07,68.22
118,STNE.O,스톤코,5,60,14,39,69,1.0,10.0,-0.7,-7.62,9.5,72.13
118,MOMO.O,헬로 그룹 ADR,5,60,14,39,74,1.0,10.0,-1.39,-24.34,12.34,65.42
118,LNSR.O,렌자,5,60,14,39,74,1.0,10.0,-1.39,-11.76,4.76,68.81
118,BZUN.O,바오준 ADR,5,60,14,39,74,1.0,10.0,-1.39,-45.95,8.94,70.84
118,BWAY.O,브레인스웨이 ADR,5,60,14,39,74,1.0,10.0,-1.39,-3.43,9.88,64.41
118,ETON.O,이튼 파마슈티컬즈,5,60,14,39,74,1.0,10.0,-1.39,-9.85,9.79,64.82
118,CXDO.O,크렉센도,5,60,14,39,74,1.0,10.0,-1.39,-21.57,9.0,71.05
118,BGFV.O,빅 5 스포팅 구즈,5,60,14,39,74,1.0,10.0,-1.39,6.57,13.23,67.41
118,PRTS.O,카파츠닷컴,5,60,14,39,74,1.0,10.0,-1.39,-15.34,7.99,64.73
118,DWSN.O,도슨 지오피지컬,5,60,14,39,74,1.0,10.0,-1.39,-9.27,11.27,64.75
118,TURN.O,180 디그리 캐피털,5,60,14,39,74,1.0,10.0,-1.39,-8.8,7.44,67.18
118,RIGL.O,리겔 파마슈티컬스,5,60,14,39,74,1.0,10.0,-1.39,-13.51,12.05,74.28
118,ICAD.O,아이캐드,5,60,14,39,74,1.0,10.0,-1.39,17.92,12.07,72.78
118,CUTR.O,큐테라,5,60,14,39,74,1.0,10.0,-1.39,-36.45,8.53,63.11
118,KIRK.O,커클랜드,5,60,14,39,74,1.0,10.0,-1.39,-1.98,10.05,71.89
118,BBGI.O,비슬리 브로드캐스트 그룹,5,60,14,39,74,1.0,10.0,-1.39,-7.08,8.59,65.34
118,MTEX.O,매나테크,5,60,14,39,74,1.0,10.0,-1.39,50.86,15.33,68.21
118,ARTW.O,아츠 웨이 매뉴팩처링,5,60,14,39,74,1.0,10.0,-1.39,10.21,10.42,62.33
118,HFFG.O,HF 푸즈그룹,5,60,14,39,74,1.0,10.0,-1.39,-19.67,5.21,67.4
118,CHRS.O,코히러스 바이오사이언스,5,60,14,39,74,1.0,10.0,-1.39,-26.55,4.47,70.64
118,UPWK.O,업워크,5,60,14,39,74,1.0,10.0,-1.39,27.9,10.17,66.5
118,PRTC.O,퓨어 테크 헬스 ADR,5,60,14,39,74,1.0,10.0,-1.39,3.27,9.36,64.81
118,ATEC.O,알파텍 홀딩스,5,60,14,39,74,1.0,10.0,-1.39,-1.02,14.45,70.76
118,CGEM.O,컬리넌 테라퓨틱스,5,60,14,39,74,1.0,10.0,-1.39,22.01,9.38,70.49
118,BASE.O,카우치베이스,5,60,14,39,74,1.0,10.0,-1.39,16.79,8.48,70.73
118,AMSC.O,아메리칸 수퍼컨덕터,5,60,14,39,74,1.0,10.0,-1.39,5.26,10.01,74.4
118,MNTK.O,몬탁 리뉴어블스,5,60,14,39,74,1.0,10.0,-1.39,-23.99,3.92,69.85
118,VRDN.O,비리디안 테라퓨틱스,5,60,14,39,74,1.0,10.0,-1.39,110.52,8.14,69.18
118,CLNE.O,클린 에너지 퓨얼스,5,60,14,39,74,1.0,10.0,-1.39,-5.34,9.49,66.53
118,RGNX.O,리젠엑스바이오,5,60,14,39,74,1.0,10.0,-1.39,-40.64,11.08,65.47
118,POWW.O,애모,5,60,14,39,74,1.0,10.0,-1.39,-21.26,15.79,68.86
118,VNET.O,브이넷 그룹 ADR,5,60,14,39,74,1.0,10.0,-1.39,12.02,8.22,71.22
118,PHAR.O,파밍 그룹 ADR,5,60,14,39,74,1.0,10.0,-1.39,-2.24,3.51,68.25
118,PPTA.O,퍼페투아 리소시스,5,60,14,39,74,1.0,10.0,-1.39,62.38,8.24,65.65
118,UROY.O,우라늄 로열티,5,60,14,39,74,1.0,10.0,-1.39,0.0,14.12,71.09
118,TRUE.O,트루카,5,60,14,39,74,1.0,10.0,-1.39,-7.87,9.26,63.23
118,QURE.O,유니큐어,5,60,14,39,74,1.0,10.0,-1.39,-17.7,14.45,71.19
118,NKTR.O,넥타 테라퓨틱스,5,60,14,39,74,1.0,10.0,-1.39,-3.89,8.43,69.75
118,INDI.O,인디 세미컨덕터,5,60,14,39,74,1.0,10.0,-1.39,-12.76,5.07,68.22
118,STNE.O,스톤코,5,60,14,39,74,1.0,10.0,-1.39,-7.62,9.5,72.13
118,NKTR.O,넥타 테라퓨틱스,5,60,14,39,64,1.0,10.0,-1.48,-11.74,8.43,69.75
118,CLNE.O,클린 에너지 퓨얼스,5,60,14,39,64,1.0,10.0,-1.48,-4.3,9.49,66.53
118,TRUE.O,트루카,5,60,14,39,64,1.0,10.0,-1.48,0.73,9.26,63.23
118,UROY.O,우라늄 로열티,5,60,14,39,64,1.0,10.0,-1.48,0.0,14.12,71.09
118,PPTA.O,퍼페투아 리소시스,5,60,14,39,64,1.0,10.0,-1.48,98.21,8.24,65.65
118,PHAR.O,파밍 그룹 ADR,5,60,14,39,64,1.0,10.0,-1.48,-2.24,3.51,68.25
118,VNET.O,브이넷 그룹 ADR,5,60,14,39,64,1.0,10.0,-1.48,-0.55,8.22,71.22
118,RGNX.O,리젠엑스바이오,5,60,14,39,64,1.0,10.0,-1.48,-40.64,11.08,65.47
118,PRTC.O,퓨어 테크 헬스 ADR,5,60,14,39,64,1.0,10.0,-1.48,3.27,9.36,64.81
118,VRDN.O,비리디안 테라퓨틱스,5,60,14,39,64,1.0,10.0,-1.48,65.19,8.14,69.18
118,ATEC.O,알파텍 홀딩스,5,60,14,39,64,1.0,10.0,-1.48,-5.9,14.45,70.76
118,MNTK.O,몬탁 리뉴어블스,5,60,14,39,64,1.0,10.0,-1.48,-23.99,3.92,69.85
118,AMSC.O,아메리칸 수퍼컨덕터,5,60,14,39,64,1.0,10.0,-1.48,-0.71,10.01,74.4
118,BASE.O,카우치베이스,5,60,14,39,64,1.0,10.0,-1.48,16.79,8.48,70.73
118,CGEM.O,컬리넌 테라퓨틱스,5,60,14,39,64,1.0,10.0,-1.48,56.03,9.38,70.49
118,MOMO.O,헬로 그룹 ADR,5,60,14,39,64,1.0,10.0,-1.48,-24.34,12.34,65.42
118,INDI.O,인디 세미컨덕터,5,60,14,39,64,1.0,10.0,-1.48,-12.76,5.07,68.22
118,UPWK.O,업워크,5,60,14,39,64,1.0,10.0,-1.48,27.9,10.17,66.5
118,QURE.O,유니큐어,5,60,14,39,64,1.0,10.0,-1.48,-23.01,14.45,71.19
118,POWW.O,애모,5,60,14,39,64,1.0,10.0,-1.48,-21.26,15.79,68.86
118,CHRS.O,코히러스 바이오사이언스,5,60,14,39,64,1.0,10.0,-1.48,-26.55,4.47,70.64
118,LNSR.O,렌자,5,60,14,39,64,1.0,10.0,-1.48,-11.76,4.76,68.81
118,ARTW.O,아츠 웨이 매뉴팩처링,5,60,14,39,64,1.0,10.0,-1.48,2.46,10.42,62.33
118,MTEX.O,매나테크,5,60,14,39,64,1.0,10.0,-1.48,44.35,15.33,68.21
118,BBGI.O,비슬리 브로드캐스트 그룹,5,60,14,39,64,1.0,10.0,-1.48,-10.21,8.59,65.34
118,KIRK.O,커클랜드,5,60,14,39,64,1.0,10.0,-1.48,-9.01,10.05,71.89
118,CUTR.O,큐테라,5,60,14,39,64,1.0,10.0,-1.48,-18.67,8.53,63.11
118,ICAD.O,아이캐드,5,60,14,39,64,1.0,10.0,-1.48,6.2,12.07,72.78
118,TURN.O,180 디그리 캐피털,5,60,14,39,64,1.0,10.0,-1.48,-7.07,7.44,67.18
118,DWSN.O,도슨 지오피지컬,5,60,14,39,64,1.0,10.0,-1.48,-9.27,11.27,64.75
118,PRTS.O,카파츠닷컴,5,60,14,39,64,1.0,10.0,-1.48,-21.03,7.99,64.73
118,BGFV.O,빅 5 스포팅 구즈,5,60,14,39,64,1.0,10.0,-1.48,13.8,13.23,67.41
118,CXDO.O,크렉센도,5,60,14,39,64,1.0,10.0,-1.48,-13.53,9.0,71.05
118,ETON.O,이튼 파마슈티컬즈,5,60,14,39,64,1.0,10.0,-1.48,-9.85,9.79,64.82
118,BWAY.O,브레인스웨이 ADR,5,60,14,39,64,1.0,10.0,-1.48,-3.43,9.88,64.41
118,BZUN.O,바오준 ADR,5,60,14,39,64,1.0,10.0,-1.48,-45.95,8.94,70.84
118,HFFG.O,HF 푸즈그룹,5,60,14,39,64,1.0,10.0,-1.48,-19.67,5.21,67.4
118,RIGL.O,리겔 파마슈티컬스,5,60,14,39,64,1.0,10.0,-1.48,-7.53,12.05,74.28
118,STNE.O,스톤코,5,60,14,39,64,1.0,10.0,-1.48,-7.62,9.5,72.13
118,STNE.O,스톤코,5,120,14,44,64,1.0,10.0,-1.85,4.29,9.5,72.13
118,POWW.O,애모,5,120,14,44,64,1.0,10.0,-1.85,-38.1,15.79,68.86
118,UPWK.O,업워크,5,120,14,44,64,1.0,10.0,-1.85,18.05,10.17,66.5
118,LNSR.O,렌자,5,120,14,44,64,1.0,10.0,-1.85,-18.42,4.76,68.81
118,BZUN.O,바오준 ADR,5,120,14,44,64,1.0,10.0,-1.85,-47.91,8.94,70.84
118,BWAY.O,브레인스웨이 ADR,5,120,14,44,64,1.0,10.0,-1.85,-5.78,9.88,64.41
118,ETON.O,이튼 파마슈티컬즈,5,120,14,44,64,1.0,10.0,-1.85,-13.16,9.79,64.82
118,CXDO.O,크렉센도,5,120,14,44,64,1.0,10.0,-1.85,-12.6,9.0,71.05
118,BGFV.O,빅 5 스포팅 구즈,5,120,14,44,64,1.0,10.0,-1.85,-0.83,13.23,67.41
118,PRTS.O,카파츠닷컴,5,120,14,44,64,1.0,10.0,-1.85,-22.01,7.99,64.73
118,DWSN.O,도슨 지오피지컬,5,120,14,44,64,1.0,10.0,-1.85,-9.31,11.27,64.75
118,TURN.O,180 디그리 캐피털,5,120,14,44,64,1.0,10.0,-1.85,-4.63,7.44,67.18
118,RIGL.O,리겔 파마슈티컬스,5,120,14,44,64,1.0,10.0,-1.85,-17.33,12.05,74.28
118,ICAD.O,아이캐드,5,120,14,44,64,1.0,10.0,-1.85,3.37,12.07,72.78
118,CUTR.O,큐테라,5,120,14,44,64,1.0,10.0,-1.85,115.12,8.53,63.11
118,KIRK.O,커클랜드,5,120,14,44,64,1.0,10.0,-1.85,-8.73,10.05,71.89
118,BBGI.O,비슬리 브로드캐스트 그룹,5,120,14,44,64,1.0,10.0,-1.85,-6.86,8.59,65.34
118,MTEX.O,매나테크,5,120,14,44,64,1.0,10.0,-1.85,67.35,15.33,68.21
118,INDI.O,인디 세미컨덕터,5,120,14,44,64,1.0,10.0,-1.85,-8.38,5.07,68.22
118,ARTW.O,아츠 웨이 매뉴팩처링,5,120,14,44,64,1.0,10.0,-1.85,-11.02,10.42,62.33
118,HFFG.O,HF 푸즈그룹,5,120,14,44,64,1.0,10.0,-1.85,-25.1,5.21,67.4
118,ATEC.O,알파텍 홀딩스,5,120,14,44,64,1.0,10.0,-1.85,-8.73,14.45,70.76
118,CHRS.O,코히러스 바이오사이언스,5,120,14,44,64,1.0,10.0,-1.85,-26.15,4.47,70.64
118,RGNX.O,리젠엑스바이오,5,120,14,44,64,1.0,10.0,-1.85,-25.84,11.08,65.47
118,BASE.O,카우치베이스,5,120,14,44,64,1.0,10.0,-1.85,14.86,8.48,70.73
118,AMSC.O,아메리칸 수퍼컨덕터,5,120,14,44,64,1.0,10.0,-1.85,4.1,10.01,74.4
118,MNTK.O,몬탁 리뉴어블스,5,120,14,44,64,1.0,10.0,-1.85,-33.74,3.92,69.85
118,VRDN.O,비리디안 테라퓨틱스,5,120,14,44,64,1.0,10.0,-1.85,60.43,8.14,69.18
118,CLNE.O,클린 에너지 퓨얼스,5,120,14,44,64,1.0,10.0,-1.85,-12.14,9.49,66.53
118,PRTC.O,퓨어 테크 헬스 ADR,5,120,14,44,64,1.0,10.0,-1.85,0.0,9.36,64.81
118,CGEM.O,컬리넌 테라퓨틱스,5,120,14,44,64,1.0,10.0,-1.85,53.06,9.38,70.49
118,VNET.O,브이넷 그룹 ADR,5,120,14,44,64,1.0,10.0,-1.85,5.67,8.22,71.22
118,QURE.O,유니큐어,5,120,14,44,64,1.0,10.0,-1.85,-21.34,14.45,71.19
118,PHAR.O,파밍 그룹 ADR,5,120,14,44,64,1.0,10.0,-1.85,-5.55,3.51,68.25
118,NKTR.O,넥타 테라퓨틱스,5,120,14,44,64,1.0,10.0,-1.85,-13.5,8.43,69.75
118,MOMO.O,헬로 그룹 ADR,5,120,14,44,64,1.0,10.0,-1.85,-25.1,12.34,65.42
118,TRUE.O,트루카,5,120,14,44,64,1.0,10.0,-1.85,-8.85,9.26,63.23
118,PPTA.O,퍼페투아 리소시스,5,120,14,44,64,1.0,10.0,-1.85,23.23,8.24,65.65
118,UROY.O,우라늄 로열티,5,120,14,44,64,1.0,10.0,-1.85,-10.78,14.12,71.09
118,DWSN.O,도슨 지오피지컬,5,120,14,44,74,1.0,10.0,-1.98,-9.31,11.27,64.75
118,HFFG.O,HF 푸즈그룹,5,120,14,44,74,1.0,10.0,-1.98,-25.1,5.21,67.4
118,BZUN.O,바오준 ADR,5,120,14,44,74,1.0,10.0,-1.98,-47.91,8.94,70.84
118,BWAY.O,브레인스웨이 ADR,5,120,14,44,74,1.0,10.0,-1.98,-5.78,9.88,64.41
118,ETON.O,이튼 파마슈티컬즈,5,120,14,44,74,1.0,10.0,-1.98,-13.16,9.79,64.82
118,CXDO.O,크렉센도,5,120,14,44,74,1.0,10.0,-1.98,-20.52,9.0,71.05
118,BGFV.O,빅 5 스포팅 구즈,5,120,14,44,74,1.0,10.0,-1.98,-4.08,13.23,67.41
118,PRTS.O,카파츠닷컴,5,120,14,44,74,1.0,10.0,-1.98,-15.01,7.99,64.73
118,TURN.O,180 디그리 캐피털,5,120,14,44,74,1.0,10.0,-1.98,-8.58,7.44,67.18
118,LNSR.O,렌자,5,120,14,44,74,1.0,10.0,-1.98,-18.42,4.76,68.81
118,ICAD.O,아이캐드,5,120,14,44,74,1.0,10.0,-1.98,15.62,12.07,72.78
118,KIRK.O,커클랜드,5,120,14,44,74,1.0,10.0,-1.98,-1.38,10.05,71.89
118,BBGI.O,비슬리 브로드캐스트 그룹,5,120,14,44,74,1.0,10.0,-1.98,-5.01,8.59,65.34
118,MTEX.O,매나테크,5,120,14,44,74,1.0,10.0,-1.98,72.31,15.33,68.21
118,ARTW.O,아츠 웨이 매뉴팩처링,5,120,14,44,74,1.0,10.0,-1.98,-6.19,10.42,62.33
118,RIGL.O,리겔 파마슈티컬스,5,120,14,44,74,1.0,10.0,-1.98,-16.67,12.05,74.28
118,ATEC.O,알파텍 홀딩스,5,120,14,44,74,1.0,10.0,-1.98,-3.25,14.45,70.76
118,CUTR.O,큐테라,5,120,14,44,74,1.0,10.0,-1.98,-38.2,8.53,63.11
118,PHAR.O,파밍 그룹 ADR,5,120,14,44,74,1.0,10.0,-1.98,-5.55,3.51,68.25
118,CHRS.O,코히러스 바이오사이언스,5,120,14,44,74,1.0,10.0,-1.98,-26.15,4.47,70.64
118,PRTC.O,퓨어 테크 헬스 ADR,5,120,14,44,74,1.0,10.0,-1.98,0.0,9.36,64.81
118,INDI.O,인디 세미컨덕터,5,120,14,44,74,1.0,10.0,-1.98,-8.38,5.07,68.22
118,CGEM.O,컬리넌 테라퓨틱스,5,120,14,44,74,1.0,10.0,-1.98,19.6,9.38,70.49
118,BASE.O,카우치베이스,5,120,14,44,74,1.0,10.0,-1.98,14.86,8.48,70.73
118,AMSC.O,아메리칸 수퍼컨덕터,5,120,14,44,74,1.0,10.0,-1.98,5.62,10.01,74.4
118,MNTK.O,몬탁 리뉴어블스,5,120,14,44,74,1.0,10.0,-1.98,-33.74,3.92,69.85
118,VRDN.O,비리디안 테라퓨틱스,5,120,14,44,74,1.0,10.0,-1.98,198.8,8.14,69.18
118,CLNE.O,클린 에너지 퓨얼스,5,120,14,44,74,1.0,10.0,-1.98,-10.25,9.49,66.53
118,RGNX.O,리젠엑스바이오,5,120,14,44,74,1.0,10.0,-1.98,-25.84,11.08,65.47
118,POWW.O,애모,5,120,14,44,74,1.0,10.0,-1.98,-38.1,15.79,68.86
118,VNET.O,브이넷 그룹 ADR,5,120,14,44,74,1.0,10.0,-1.98,20.07,8.22,71.22
118,UPWK.O,업워크,5,120,14,44,74,1.0,10.0,-1.98,18.05,10.17,66.5
118,PPTA.O,퍼페투아 리소시스,5,120,14,44,74,1.0,10.0,-1.98,8.07,8.24,65.65
118,UROY.O,우라늄 로열티,5,120,14,44,74,1.0,10.0,-1.98,-10.78,14.12,71.09
118,TRUE.O,트루카,5,120,14,44,74,1.0,10.0,-1.98,-11.59,9.26,63.23
118,QURE.O,유니큐어,5,120,14,44,74,1.0,10.0,-1.98,-15.01,14.45,71.19
118,NKTR.O,넥타 테라퓨틱스,5,120,14,44,74,1.0,10.0,-1.98,-5.44,8.43,69.75
118,MOMO.O,헬로 그룹 ADR,5,120,14,44,74,1.0,10.0,-1.98,-25.1,12.34,65.42
118,STNE.O,스톤코,5,120,14,44,74,1.0,10.0,-1.98,4.29,9.5,72.13
118,ATEC.O,알파텍 홀딩스,5,120,14,44,69,1.0,10.0,-2.13,-1.4,14.45,70.76
118,POWW.O,애모,5,120,14,44,69,1.0,10.0,-2.13,-38.1,15.79,68.86
118,QURE.O,유니큐어,5,120,14,44,69,1.0,10.0,-2.13,-21.34,14.45,71.19
118,TRUE.O,트루카,5,120,14,44,69,1.0,10.0,-2.13,-5.49,9.26,63.23
118,UROY.O,우라늄 로열티,5,120,14,44,69,1.0,10.0,-2.13,-10.78,14.12,71.09
118,PPTA.O,퍼페투아 리소시스,5,120,14,44,69,1.0,10.0,-2.13,23.23,8.24,65.65
118,PHAR.O,파밍 그룹 ADR,5,120,14,44,69,1.0,10.0,-2.13,-5.55,3.51,68.25
118,VNET.O,브이넷 그룹 ADR,5,120,14,44,69,1.0,10.0,-2.13,13.92,8.22,71.22
118,RGNX.O,리젠엑스바이오,5,120,14,44,69,1.0,10.0,-2.13,-25.84,11.08,65.47
118,CLNE.O,클린 에너지 퓨얼스,5,120,14,44,69,1.0,10.0,-2.13,-15.21,9.49,66.53
118,VRDN.O,비리디안 테라퓨틱스,5,120,14,44,69,1.0,10.0,-2.13,95.44,8.14,69.18
118,MNTK.O,몬탁 리뉴어블스,5,120,14,44,69,1.0,10.0,-2.13,-33.74,3.92,69.85
118,AMSC.O,아메리칸 수퍼컨덕터,5,120,14,44,69,1.0,10.0,-2.13,10.74,10.01,74.4
118,BASE.O,카우치베이스,5,120,14,44,69,1.0,10.0,-2.13,14.86,8.48,70.73
118,CGEM.O,컬리넌 테라퓨틱스,5,120,14,44,69,1.0,10.0,-2.13,53.06,9.38,70.49
118,MOMO.O,헬로 그룹 ADR,5,120,14,44,69,1.0,10.0,-2.13,-25.1,12.34,65.42
118,INDI.O,인디 세미컨덕터,5,120,14,44,69,1.0,10.0,-2.13,-8.38,5.07,68.22
118,UPWK.O,업워크,5,120,14,44,69,1.0,10.0,-2.13,18.05,10.17,66.5
118,STNE.O,스톤코,5,120,14,44,69,1.0,10.0,-2.13,4.29,9.5,72.13
118,NKTR.O,넥타 테라퓨틱스,5,120,14,44,69,1.0,10.0,-2.13,-5.44,8.43,69.75
118,PRTC.O,퓨어 테크 헬스 ADR,5,120,14,44,69,1.0,10.0,-2.13,0.0,9.36,64.81
118,CHRS.O,코히러스 바이오사이언스,5,120,14,44,69,1.0,10.0,-2.13,-26.15,4.47,70.64
118,DWSN.O,도슨 지오피지컬,5,120,14,44,69,1.0,10.0,-2.13,-9.31,11.27,64.75
118,ARTW.O,아츠 웨이 매뉴팩처링,5,120,14,44,69,1.0,10.0,-2.13,-11.02,10.42,62.33
118,RIGL.O,리겔 파마슈티컬스,5,120,14,44,69,1.0,10.0,-2.13,-15.35,12.05,74.28
118,MTEX.O,매나테크,5,120,14,44,69,1.0,10.0,-2.13,68.81,15.33,68.21
118,BBGI.O,비슬리 브로드캐스트 그룹,5,120,14,44,69,1.0,10.0,-2.13,-2.52,8.59,65.34
118,KIRK.O,커클랜드,5,120,14,44,69,1.0,10.0,-2.13,-6.97,10.05,71.89
118,CUTR.O,큐테라,5,120,14,44,69,1.0,10.0,-2.13,19.07,8.53,63.11
118,TURN.O,180 디그리 캐피털,5,120,14,44,69,1.0,10.0,-2.13,-8.58,7.44,67.18
118,LNSR.O,렌자,5,120,14,44,69,1.0,10.0,-2.13,-18.42,4.76,68.81
118,ICAD.O,아이캐드,5,120,14,44,69,1.0,10.0,-2.13,5.72,12.07,72.78
118,PRTS.O,카파츠닷컴,5,120,14,44,69,1.0,10.0,-2.13,-15.01,7.99,64.73
118,BGFV.O,빅 5 스포팅 구즈,5,120,14,44,69,1.0,10.0,-2.13,-8.04,13.23,67.41
118,CXDO.O,크렉센도,5,120,14,44,69,1.0,10.0,-2.13,-0.42,9.0,71.05
118,ETON.O,이튼 파마슈티컬즈,5,120,14,44,69,1.0,10.0,-2.13,-13.16,9.79,64.82
118,BWAY.O,브레인스웨이 ADR,5,120,14,44,69,1.0,10.0,-2.13,-5.78,9.88,64.41
118,BZUN.O,바오준 ADR,5,120,14,44,69,1.0,10.0,-2.13,-47.91,8.94,70.84
118,HFFG.O,HF 푸즈그룹,5,120,14,44,69,1.0,10.0,-2.13,-25.1,5.21,67.4
118,NKTR.O,넥타 테라퓨틱스,5,60,14,49,69,1.0,10.0,-2.6,-10.1,8.43,69.75
118,CXDO.O,크렉센도,5,60,14,49,69,1.0,10.0,-2.6,-0.73,9.0,71.05
118,POWW.O,애모,5,60,14,49,69,1.0,10.0,-2.6,-37.03,15.79,68.86
118,CHRS.O,코히러스 바이오사이언스,5,60,14,49,69,1.0,10.0,-2.6,-25.47,4.47,70.64
118,RIGL.O,리겔 파마슈티컬스,5,60,14,49,69,1.0,10.0,-2.6,-13.69,12.05,74.28
118,HFFG.O,HF 푸즈그룹,5,60,14,49,69,1.0,10.0,-2.6,-26.09,5.21,67.4
118,BZUN.O,바오준 ADR,5,60,14,49,69,1.0,10.0,-2.6,-39.14,8.94,70.84
118,BWAY.O,브레인스웨이 ADR,5,60,14,49,69,1.0,10.0,-2.6,-3.43,9.88,64.41
118,ETON.O,이튼 파마슈티컬즈,5,60,14,49,69,1.0,10.0,-2.6,-10.33,9.79,64.82
118,KIRK.O,커클랜드,5,60,14,49,69,1.0,10.0,-2.6,-7.33,10.05,71.89
118,BGFV.O,빅 5 스포팅 구즈,5,60,14,49,69,1.0,10.0,-2.6,-6.91,13.23,67.41
118,PRTS.O,카파츠닷컴,5,60,14,49,69,1.0,10.0,-2.6,-15.34,7.99,64.73
118,DWSN.O,도슨 지오피지컬,5,60,14,49,69,1.0,10.0,-2.6,-13.5,11.27,64.75
118,LNSR.O,렌자,5,60,14,49,69,1.0,10.0,-2.6,-11.76,4.76,68.81
118,TURN.O,180 디그리 캐피털,5,60,14,49,69,1.0,10.0,-2.6,-8.8,7.44,67.18
118,ICAD.O,아이캐드,5,60,14,49,69,1.0,10.0,-2.6,-1.87,12.07,72.78
118,CUTR.O,큐테라,5,60,14,49,69,1.0,10.0,-2.6,-11.01,8.53,63.11
118,TRUE.O,트루카,5,60,14,49,69,1.0,10.0,-2.6,-2.78,9.26,63.23
118,QURE.O,유니큐어,5,60,14,49,69,1.0,10.0,-2.6,-31.86,14.45,71.19
118,MTEX.O,매나테크,5,60,14,49,69,1.0,10.0,-2.6,9.56,15.33,68.21
118,UROY.O,우라늄 로열티,5,60,14,49,69,1.0,10.0,-2.6,-11.81,14.12,71.09
118,BASE.O,카우치베이스,5,60,14,49,69,1.0,10.0,-2.6,16.79,8.48,70.73
118,BBGI.O,비슬리 브로드캐스트 그룹,5,60,14,49,69,1.0,10.0,-2.6,-9.2,8.59,65.34
118,STNE.O,스톤코,5,60,14,49,69,1.0,10.0,-2.6,23.53,9.5,72.13
118,ATEC.O,알파텍 홀딩스,5,60,14,49,69,1.0,10.0,-2.6,-0.25,14.45,70.76
118,UPWK.O,업워크,5,60,14,49,69,1.0,10.0,-2.6,27.9,10.17,66.5
118,INDI.O,인디 세미컨덕터,5,60,14,49,69,1.0,10.0,-2.6,-21.53,5.07,68.22
118,MOMO.O,헬로 그룹 ADR,5,60,14,49,69,1.0,10.0,-2.6,-7.57,12.34,65.42
118,CGEM.O,컬리넌 테라퓨틱스,5,60,14,49,69,1.0,10.0,-2.6,56.03,9.38,70.49
118,AMSC.O,아메리칸 수퍼컨덕터,5,60,14,49,69,1.0,10.0,-2.6,5.43,10.01,74.4
118,PPTA.O,퍼페투아 리소시스,5,60,14,49,69,1.0,10.0,-2.6,98.21,8.24,65.65
118,MNTK.O,몬탁 리뉴어블스,5,60,14,49,69,1.0,10.0,-2.6,-23.99,3.92,69.85
118,VRDN.O,비리디안 테라퓨틱스,5,60,14,49,69,1.0,10.0,-2.6,76.71,8.14,69.18
118,CLNE.O,클린 에너지 퓨얼스,5,60,14,49,69,1.0,10.0,-2.6,-15.79,9.49,66.53
118,PRTC.O,퓨어 테크 헬스 ADR,5,60,14,49,69,1.0,10.0,-2.6,3.27,9.36,64.81
118,RGNX.O,리젠엑스바이오,5,60,14,49,69,1.0,10.0,-2.6,-22.61,11.08,65.47
118,VNET.O,브이넷 그룹 ADR,5,60,14,49,69,1.0,10.0,-2.6,-16.3,8.22,71.22
118,PHAR.O,파밍 그룹 ADR,5,60,14,49,69,1.0,10.0,-2.6,-2.24,3.51,68.25
118,ARTW.O,아츠 웨이 매뉴팩처링,5,60,14,49,69,1.0,10.0,-2.6,-10.41,10.42,62.33
118,QURE.O,유니큐어,5,60,14,44,69,1.0,10.0,-3.04,-29.2,14.45,71.19
118,STNE.O,스톤코,5,60,14,44,69,1.0,10.0,-3.04,-7.62,9.5,72.13
118,NKTR.O,넥타 테라퓨틱스,5,60,14,44,69,1.0,10.0,-3.04,-3.89,8.43,69.75
118,CHRS.O,코히러스 바이오사이언스,5,60,14,44,69,1.0,10.0,-3.04,-25.47,4.47,70.64
118,RIGL.O,리겔 파마슈티컬스,5,60,14,44,69,1.0,10.0,-3.04,-13.69,12.05,74.28
118,HFFG.O,HF 푸즈그룹,5,60,14,44,69,1.0,10.0,-3.04,-26.09,5.21,67.4
118,BZUN.O,바오준 ADR,5,60,14,44,69,1.0,10.0,-3.04,-46.33,8.94,70.84
118,BWAY.O,브레인스웨이 ADR,5,60,14,44,69,1.0,10.0,-3.04,-3.43,9.88,64.41
118,ETON.O,이튼 파마슈티컬즈,5,60,14,44,69,1.0,10.0,-3.04,-10.33,9.79,64.82
118,CXDO.O,크렉센도,5,60,14,44,69,1.0,10.0,-3.04,-0.73,9.0,71.05
118,BGFV.O,빅 5 스포팅 구즈,5,60,14,44,69,1.0,10.0,-3.04,-5.1,13.23,67.41
118,PRTS.O,카파츠닷컴,5,60,14,44,69,1.0,10.0,-3.04,-15.34,7.99,64.73
118,DWSN.O,도슨 지오피지컬,5,60,14,44,69,1.0,10.0,-3.04,-18.95,11.27,64.75
118,LNSR.O,렌자,5,60,14,44,69,1.0,10.0,-3.04,-11.76,4.76,68.81
118,TURN.O,180 디그리 캐피털,5,60,14,44,69,1.0,10.0,-3.04,-8.8,7.44,67.18
118,ICAD.O,아이캐드,5,60,14,44,69,1.0,10.0,-3.04,7.51,12.07,72.78
118,CUTR.O,큐테라,5,60,14,44,69,1.0,10.0,-3.04,-19.76,8.53,63.11
118,KIRK.O,커클랜드,5,60,14,44,69,1.0,10.0,-3.04,-7.33,10.05,71.89
118,POWW.O,애모,5,60,14,44,69,1.0,10.0,-3.04,-38.61,15.79,68.86
118,TRUE.O,트루카,5,60,14,44,69,1.0,10.0,-3.04,-2.78,9.26,63.23
118,MTEX.O,매나테크,5,60,14,44,69,1.0,10.0,-3.04,10.3,15.33,68.21
118,UROY.O,우라늄 로열티,5,60,14,44,69,1.0,10.0,-3.04,-9.74,14.12,71.09
118,ATEC.O,알파텍 홀딩스,5,60,14,44,69,1.0,10.0,-3.04,-0.25,14.45,70.76
118,UPWK.O,업워크,5,60,14,44,69,1.0,10.0,-3.04,27.9,10.17,66.5
118,INDI.O,인디 세미컨덕터,5,60,14,44,69,1.0,10.0,-3.04,-12.76,5.07,68.22
118,MOMO.O,헬로 그룹 ADR,5,60,14,44,69,1.0,10.0,-3.04,-23.24,12.34,65.42
118,CGEM.O,컬리넌 테라퓨틱스,5,60,14,44,69,1.0,10.0,-3.04,56.03,9.38,70.49
118,BASE.O,카우치베이스,5,60,14,44,69,1.0,10.0,-3.04,16.79,8.48,70.73
118,AMSC.O,아메리칸 수퍼컨덕터,5,60,14,44,69,1.0,10.0,-3.04,7.21,10.01,74.4
118,MNTK.O,몬탁 리뉴어블스,5,60,14,44,69,1.0,10.0,-3.04,-23.99,3.92,69.85
118,VRDN.O,비리디안 테라퓨틱스,5,60,14,44,69,1.0,10.0,-3.04,76.71,8.14,69.18
118,CLNE.O,클린 에너지 퓨얼스,5,60,14,44,69,1.0,10.0,-3.04,-14.98,9.49,66.53
118,PRTC.O,퓨어 테크 헬스 ADR,5,60,14,44,69,1.0,10.0,-3.04,3.27,9.36,64.81
118,RGNX.O,리젠엑스바이오,5,60,14,44,69,1.0,10.0,-3.04,-26.84,11.08,65.47
118,VNET.O,브이넷 그룹 ADR,5,60,14,44,69,1.0,10.0,-3.04,5.51,8.22,71.22
118,PHAR.O,파밍 그룹 ADR,5,60,14,44,69,1.0,10.0,-3.04,-2.24,3.51,68.25
118,PPTA.O,퍼페투아 리소시스,5,60,14,44,69,1.0,10.0,-3.04,98.21,8.24,65.65
118,BBGI.O,비슬리 브로드캐스트 그룹,5,60,14,44,69,1.0,10.0,-3.04,-8.73,8.59,65.34
118,ARTW.O,아츠 웨이 매뉴팩처링,5,60,14,44,69,1.0,10.0,-3.04,-9.88,10.42,62.33
118,STNE.O,스톤코,5,60,14,49,74,1.0,10.0,-3.29,28.75,9.5,72.13
118,VRDN.O,비리디안 테라퓨틱스,5,60,14,49,74,1.0,10.0,-3.29,110.52,8.14,69.18
118,UROY.O,우라늄 로열티,5,60,14,49,74,1.0,10.0,-3.29,-11.81,14.12,71.09
118,PPTA.O,퍼페투아 리소시스,5,60,14,49,74,1.0,10.0,-3.29,62.38,8.24,65.65
118,PHAR.O,파밍 그룹 ADR,5,60,14,49,74,1.0,10.0,-3.29,-2.24,3.51,68.25
118,VNET.O,브이넷 그룹 ADR,5,60,14,49,74,1.0,10.0,-3.29,-12.78,8.22,71.22
118,RGNX.O,리젠엑스바이오,5,60,14,49,74,1.0,10.0,-3.29,-22.61,11.08,65.47
118,PRTC.O,퓨어 테크 헬스 ADR,5,60,14,49,74,1.0,10.0,-3.29,3.27,9.36,64.81
118,CLNE.O,클린 에너지 퓨얼스,5,60,14,49,74,1.0,10.0,-3.29,-11.58,9.49,66.53
118,MNTK.O,몬탁 리뉴어블스,5,60,14,49,74,1.0,10.0,-3.29,-23.99,3.92,69.85
118,KIRK.O,커클랜드,5,60,14,49,74,1.0,10.0,-3.29,-1.98,10.05,71.89
118,AMSC.O,아메리칸 수퍼컨덕터,5,60,14,49,74,1.0,10.0,-3.29,2.28,10.01,74.4
118,BASE.O,카우치베이스,5,60,14,49,74,1.0,10.0,-3.29,16.79,8.48,70.73
118,CGEM.O,컬리넌 테라퓨틱스,5,60,14,49,74,1.0,10.0,-3.29,22.01,9.38,70.49
118,MOMO.O,헬로 그룹 ADR,5,60,14,49,74,1.0,10.0,-3.29,-3.69,12.34,65.42
118,INDI.O,인디 세미컨덕터,5,60,14,49,74,1.0,10.0,-3.29,-21.53,5.07,68.22
118,UPWK.O,업워크,5,60,14,49,74,1.0,10.0,-3.29,27.9,10.17,66.5
118,ATEC.O,알파텍 홀딩스,5,60,14,49,74,1.0,10.0,-3.29,-1.02,14.45,70.76
118,TRUE.O,트루카,5,60,14,49,74,1.0,10.0,-3.29,-7.87,9.26,63.23
118,QURE.O,유니큐어,5,60,14,49,74,1.0,10.0,-3.29,-28.32,14.45,71.19
118,MTEX.O,매나테크,5,60,14,49,74,1.0,10.0,-3.29,11.34,15.33,68.21
118,BGFV.O,빅 5 스포팅 구즈,5,60,14,49,74,1.0,10.0,-3.29,-3.16,13.23,67.41
118,ARTW.O,아츠 웨이 매뉴팩처링,5,60,14,49,74,1.0,10.0,-3.29,-5.89,10.42,62.33
118,CUTR.O,큐테라,5,60,14,49,74,1.0,10.0,-3.29,-12.66,8.53,63.11
118,ICAD.O,아이캐드,5,60,14,49,74,1.0,10.0,-3.29,6.08,12.07,72.78
118,TURN.O,180 디그리 캐피털,5,60,14,49,74,1.0,10.0,-3.29,-8.8,7.44,67.18
118,LNSR.O,렌자,5,60,14,49,74,1.0,10.0,-3.29,-11.76,4.76,68.81
118,DWSN.O,도슨 지오피지컬,5,60,14,49,74,1.0,10.0,-3.29,-15.2,11.27,64.75
118,PRTS.O,카파츠닷컴,5,60,14,49,74,1.0,10.0,-3.29,-15.34,7.99,64.73
118,CXDO.O,크렉센도,5,60,14,49,74,1.0,10.0,-3.29,-21.57,9.0,71.05
118,NKTR.O,넥타 테라퓨틱스,5,60,14,49,74,1.0,10.0,-3.29,-10.1,8.43,69.75
118,ETON.O,이튼 파마슈티컬즈,5,60,14,49,74,1.0,10.0,-3.29,-10.33,9.79,64.82
118,BWAY.O,브레인스웨이 ADR,5,60,14,49,74,1.0,10.0,-3.29,-3.43,9.88,64.41
118,BZUN.O,바오준 ADR,5,60,14,49,74,1.0,10.0,-3.29,-39.14,8.94,70.84
118,HFFG.O,HF 푸즈그룹,5,60,14,49,74,1.0,10.0,-3.29,-26.09,5.21,67.4
118,RIGL.O,리겔 파마슈티컬스,5,60,14,49,74,1.0,10.0,-3.29,-16.35,12.05,74.28
118,CHRS.O,코히러스 바이오사이언스,5,60,14,49,74,1.0,10.0,-3.29,-25.47,4.47,70.64
118,POWW.O,애모,5,60,14,49,74,1.0,10.0,-3.29,-37.03,15.79,68.86
118,BBGI.O,비슬리 브로드캐스트 그룹,5,60,14,49,74,1.0,10.0,-3.29,-7.89,8.59,65.34
118,QURE.O,유니큐어,5,60,14,44,74,1.0,10.0,-3.62,-24.98,14.45,71.19
118,VRDN.O,비리디안 테라퓨틱스,5,60,14,44,74,1.0,10.0,-3.62,110.52,8.14,69.18
118,AMSC.O,아메리칸 수퍼컨덕터,5,60,14,44,74,1.0,10.0,-3.62,2.28,10.01,74.4
118,UROY.O,우라늄 로열티,5,60,14,44,74,1.0,10.0,-3.62,-9.74,14.12,71.09
118,PHAR.O,파밍 그룹 ADR,5,60,14,44,74,1.0,10.0,-3.62,-2.24,3.51,68.25
118,VNET.O,브이넷 그룹 ADR,5,60,14,44,74,1.0,10.0,-3.62,10.71,8.22,71.22
118,RGNX.O,리젠엑스바이오,5,60,14,44,74,1.0,10.0,-3.62,-26.84,11.08,65.47
118,PRTC.O,퓨어 테크 헬스 ADR,5,60,14,44,74,1.0,10.0,-3.62,3.27,9.36,64.81
118,CLNE.O,클린 에너지 퓨얼스,5,60,14,44,74,1.0,10.0,-3.62,-10.56,9.49,66.53
118,MNTK.O,몬탁 리뉴어블스,5,60,14,44,74,1.0,10.0,-3.62,-23.99,3.92,69.85
118,BASE.O,카우치베이스,5,60,14,44,74,1.0,10.0,-3.62,16.79,8.48,70.73
118,NKTR.O,넥타 테라퓨틱스,5,60,14,44,74,1.0,10.0,-3.62,-3.89,8.43,69.75
118,CGEM.O,컬리넌 테라퓨틱스,5,60,14,44,74,1.0,10.0,-3.62,22.01,9.38,70.49
118,MOMO.O,헬로 그룹 ADR,5,60,14,44,74,1.0,10.0,-3.62,-23.24,12.34,65.42
118,INDI.O,인디 세미컨덕터,5,60,14,44,74,1.0,10.0,-3.62,-12.76,5.07,68.22
118,UPWK.O,업워크,5,60,14,44,74,1.0,10.0,-3.62,27.9,10.17,66.5
118,ARTW.O,아츠 웨이 매뉴팩처링,5,60,14,44,74,1.0,10.0,-3.62,-5.26,10.42,62.33
118,ATEC.O,알파텍 홀딩스,5,60,14,44,74,1.0,10.0,-3.62,-1.02,14.45,70.76
118,STNE.O,스톤코,5,60,14,44,74,1.0,10.0,-3.62,-7.62,9.5,72.13
118,TRUE.O,트루카,5,60,14,44,74,1.0,10.0,-3.62,-7.87,9.26,63.23
118,PPTA.O,퍼페투아 리소시스,5,60,14,44,74,1.0,10.0,-3.62,62.38,8.24,65.65
118,POWW.O,애모,5,60,14,44,74,1.0,10.0,-3.62,-38.61,15.79,68.86
118,PRTS.O,카파츠닷컴,5,60,14,44,74,1.0,10.0,-3.62,-15.34,7.99,64.73
118,MTEX.O,매나테크,5,60,14,44,74,1.0,10.0,-3.62,12.73,15.33,68.21
118,BBGI.O,비슬리 브로드캐스트 그룹,5,60,14,44,74,1.0,10.0,-3.62,-7.89,8.59,65.34
118,KIRK.O,커클랜드,5,60,14,44,74,1.0,10.0,-3.62,-1.98,10.05,71.89
118,CUTR.O,큐테라,5,60,14,44,74,1.0,10.0,-3.62,-12.66,8.53,63.11
118,ICAD.O,아이캐드,5,60,14,44,74,1.0,10.0,-3.62,16.88,12.07,72.78
118,TURN.O,180 디그리 캐피털,5,60,14,44,74,1.0,10.0,-3.62,-8.8,7.44,67.18
118,CHRS.O,코히러스 바이오사이언스,5,60,14,44,74,1.0,10.0,-3.62,-25.47,4.47,70.64
118,DWSN.O,도슨 지오피지컬,5,60,14,44,74,1.0,10.0,-3.62,-18.95,11.27,64.75
118,LNSR.O,렌자,5,60,14,44,74,1.0,10.0,-3.62,-11.76,4.76,68.81
118,BGFV.O,빅 5 스포팅 구즈,5,60,14,44,74,1.0,10.0,-3.62,-1.19,13.23,67.41
118,CXDO.O,크렉센도,5,60,14,44,74,1.0,10.0,-3.62,-21.57,9.0,71.05
118,ETON.O,이튼 파마슈티컬즈,5,60,14,44,74,1.0,10.0,-3.62,-10.33,9.79,64.82
118,BWAY.O,브레인스웨이 ADR,5,60,14,44,74,1.0,10.0,-3.62,-3.43,9.88,64.41
118,BZUN.O,바오준 ADR,5,60,14,44,74,1.0,10.0,-3.62,-46.33,8.94,70.84
118,HFFG.O,HF 푸즈그룹,5,60,14,44,74,1.0,10.0,-3.62,-26.09,5.21,67.4
118,RIGL.O,리겔 파마슈티컬스,5,60,14,44,74,1.0,10.0,-3.62,-16.35,12.05,74.28
118,POWW.O,애모,5,120,14,49,54,1.0,10.0,-3.63,-38.1,15.79,68.86
118,NKTR.O,넥타 테라퓨틱스,5,120,14,49,54,1.0,10.0,-3.63,-21.59,8.43,69.75
118,QURE.O,유니큐어,5,120,14,49,54,1.0,10.0,-3.63,-29.56,14.45,71.19
118,TRUE.O,트루카,5,120,14,49,54,1.0,10.0,-3.63,4.67,9.26,63.23
118,RGNX.O,리젠엑스바이오,5,120,14,49,54,1.0,10.0,-3.63,-24.65,11.08,65.47
118,UROY.O,우라늄 로열티,5,120,14,49,54,1.0,10.0,-3.63,-8.09,14.12,71.09
118,PPTA.O,퍼페투아 리소시스,5,120,14,49,54,1.0,10.0,-3.63,49.94,8.24,65.65
118,PHAR.O,파밍 그룹 ADR,5,120,14,49,54,1.0,10.0,-3.63,51.04,3.51,68.25
118,VNET.O,브이넷 그룹 ADR,5,120,14,49,54,1.0,10.0,-3.63,-12.12,8.22,71.22
118,TURN.O,180 디그리 캐피털,5,120,14,49,54,1.0,10.0,-3.63,8.73,7.44,67.18
118,PRTC.O,퓨어 테크 헬스 ADR,5,120,14,49,54,1.0,10.0,-3.63,16.34,9.36,64.81
118,CLNE.O,클린 에너지 퓨얼스,5,120,14,49,54,1.0,10.0,-3.63,-11.43,9.49,66.53
118,VRDN.O,비리디안 테라퓨틱스,5,120,14,49,54,1.0,10.0,-3.63,-43.81,8.14,69.18
118,MNTK.O,몬탁 리뉴어블스,5,120,14,49,54,1.0,10.0,-3.63,-31.29,3.92,69.85
118,AMSC.O,아메리칸 수퍼컨덕터,5,120,14,49,54,1.0,10.0,-3.63,-9.13,10.01,74.4
118,BASE.O,카우치베이스,5,120,14,49,54,1.0,10.0,-3.63,44.46,8.48,70.73
118,CGEM.O,컬리넌 테라퓨틱스,5,120,14,49,54,1.0,10.0,-3.63,27.94,9.38,70.49
118,MOMO.O,헬로 그룹 ADR,5,120,14,49,54,1.0,10.0,-3.63,-0.2,12.34,65.42
118,RIGL.O,리겔 파마슈티컬스,5,120,14,49,54,1.0,10.0,-3.63,-5.43,12.05,74.28
118,CHRS.O,코히러스 바이오사이언스,5,120,14,49,54,1.0,10.0,-3.63,-21.32,4.47,70.64
118,ARTW.O,아츠 웨이 매뉴팩처링,5,120,14,49,54,1.0,10.0,-3.63,-13.39,10.42,62.33
118,HFFG.O,HF 푸즈그룹,5,120,14,49,54,1.0,10.0,-3.63,-25.1,5.21,67.4
118,ICAD.O,아이캐드,5,120,14,49,54,1.0,10.0,-3.63,-8.45,12.07,72.78
118,STNE.O,스톤코,5,120,14,49,54,1.0,10.0,-3.63,4.29,9.5,72.13
118,ATEC.O,알파텍 홀딩스,5,120,14,49,54,1.0,10.0,-3.63,-14.18,14.45,70.76
118,UPWK.O,업워크,5,120,14,49,54,1.0,10.0,-3.63,-8.33,10.17,66.5
118,INDI.O,인디 세미컨덕터,5,120,14,49,54,1.0,10.0,-3.63,-1.68,5.07,68.22
118,BZUN.O,바오준 ADR,5,120,14,49,54,1.0,10.0,-3.63,-35.84,8.94,70.84
118,BBGI.O,비슬리 브로드캐스트 그룹,5,120,14,49,54,1.0,10.0,-3.63,-15.64,8.59,65.34
118,KIRK.O,커클랜드,5,120,14,49,54,1.0,10.0,-3.63,-14.39,10.05,71.89
118,CUTR.O,큐테라,5,120,14,49,54,1.0,10.0,-3.63,95.96,8.53,63.11
118,MTEX.O,매나테크,5,120,14,49,54,1.0,10.0,-3.63,7.36,15.33,68.21
118,BWAY.O,브레인스웨이 ADR,5,120,14,49,54,1.0,10.0,-3.63,5.51,9.88,64.41
118,DWSN.O,도슨 지오피지컬,5,120,14,49,54,1.0,10.0,-3.63,6.39,11.27,64.75
118,PRTS.O,카파츠닷컴,5,120,14,49,54,1.0,10.0,-3.63,-25.45,7.99,64.73
118,BGFV.O,빅 5 스포팅 구즈,5,120,14,49,54,1.0,10.0,-3.63,-13.88,13.23,67.41
118,CXDO.O,크렉센도,5,120,14,49,54,1.0,10.0,-3.63,-12.6,9.0,71.05
118,ETON.O,이튼 파마슈티컬즈,5,120,14,49,54,1.0,10.0,-3.63,-0.05,9.79,64.82
118,LNSR.O,렌자,5,120,14,49,54,1.0,10.0,-3.63,-18.42,4.76,68.81
118,PPTA.O,퍼페투아 리소시스,5,60,14,39,59,1.0,10.0,-3.71,76.98,8.24,65.65
118,RGNX.O,리젠엑스바이오,5,60,14,39,59,1.0,10.0,-3.71,-40.64,11.08,65.47
118,VNET.O,브이넷 그룹 ADR,5,60,14,39,59,1.0,10.0,-3.71,-3.18,8.22,71.22
118,PHAR.O,파밍 그룹 ADR,5,60,14,39,59,1.0,10.0,-3.71,-2.24,3.51,68.25
118,NKTR.O,넥타 테라퓨틱스,5,60,14,39,59,1.0,10.0,-3.71,-30.7,8.43,69.75
118,UROY.O,우라늄 로열티,5,60,14,39,59,1.0,10.0,-3.71,0.0,14.12,71.09
118,TRUE.O,트루카,5,60,14,39,59,1.0,10.0,-3.71,-0.72,9.26,63.23
118,QURE.O,유니큐어,5,60,14,39,59,1.0,10.0,-3.71,-29.8,14.45,71.19
118,CLNE.O,클린 에너지 퓨얼스,5,60,14,39,59,1.0,10.0,-3.71,-5.7,9.49,66.53
118,PRTC.O,퓨어 테크 헬스 ADR,5,60,14,39,59,1.0,10.0,-3.71,3.27,9.36,64.81
118,STNE.O,스톤코,5,60,14,39,59,1.0,10.0,-3.71,-7.62,9.5,72.13
118,VRDN.O,비리디안 테라퓨틱스,5,60,14,39,59,1.0,10.0,-3.71,64.32,8.14,69.18
118,MNTK.O,몬탁 리뉴어블스,5,60,14,39,59,1.0,10.0,-3.71,-23.99,3.92,69.85
118,AMSC.O,아메리칸 수퍼컨덕터,5,60,14,39,59,1.0,10.0,-3.71,-7.78,10.01,74.4
118,BASE.O,카우치베이스,5,60,14,39,59,1.0,10.0,-3.71,71.83,8.48,70.73
118,CGEM.O,컬리넌 테라퓨틱스,5,60,14,39,59,1.0,10.0,-3.71,30.92,9.38,70.49
118,MOMO.O,헬로 그룹 ADR,5,60,14,39,59,1.0,10.0,-3.71,-24.34,12.34,65.42
118,INDI.O,인디 세미컨덕터,5,60,14,39,59,1.0,10.0,-3.71,-12.76,5.07,68.22
118,UPWK.O,업워크,5,60,14,39,59,1.0,10.0,-3.71,3.61,10.17,66.5
118,CHRS.O,코히러스 바이오사이언스,5,60,14,39,59,1.0,10.0,-3.71,-27.19,4.47,70.64
118,POWW.O,애모,5,60,14,39,59,1.0,10.0,-3.71,-21.26,15.79,68.86
118,ATEC.O,알파텍 홀딩스,5,60,14,39,59,1.0,10.0,-3.71,-7.4,14.45,70.76
118,RIGL.O,리겔 파마슈티컬스,5,60,14,39,59,1.0,10.0,-3.71,-8.55,12.05,74.28
118,LNSR.O,렌자,5,60,14,39,59,1.0,10.0,-3.71,-11.76,4.76,68.81
118,HFFG.O,HF 푸즈그룹,5,60,14,39,59,1.0,10.0,-3.71,-19.67,5.21,67.4
118,ARTW.O,아츠 웨이 매뉴팩처링,5,60,14,39,59,1.0,10.0,-3.71,-0.88,10.42,62.33
118,MTEX.O,매나테크,5,60,14,39,59,1.0,10.0,-3.71,11.61,15.33,68.21
118,BBGI.O,비슬리 브로드캐스트 그룹,5,60,14,39,59,1.0,10.0,-3.71,-15.78,8.59,65.34
118,KIRK.O,커클랜드,5,60,14,39,59,1.0,10.0,-3.71,-16.34,10.05,71.89
118,ICAD.O,아이캐드,5,60,14,39,59,1.0,10.0,-3.71,-2.87,12.07,72.78
118,TURN.O,180 디그리 캐피털,5,60,14,39,59,1.0,10.0,-3.71,-6.72,7.44,67.18
118,CUTR.O,큐테라,5,60,14,39,59,1.0,10.0,-3.71,-31.06,8.53,63.11
118,DWSN.O,도슨 지오피지컬,5,60,14,39,59,1.0,10.0,-3.71,2.56,11.27,64.75
118,PRTS.O,카파츠닷컴,5,60,14,39,59,1.0,10.0,-3.71,-23.31,7.99,64.73
118,BGFV.O,빅 5 스포팅 구즈,5,60,14,39,59,1.0,10.0,-3.71,8.6,13.23,67.41
118,CXDO.O,크렉센도,5,60,14,39,59,1.0,10.0,-3.71,-13.53,9.0,71.05
118,ETON.O,이튼 파마슈티컬즈,5,60,14,39,59,1.0,10.0,-3.71,-9.85,9.79,64.82
118,BWAY.O,브레인스웨이 ADR,5,60,14,39,59,1.0,10.0,-3.71,33.06,9.88,64.41
118,BZUN.O,바오준 ADR,5,60,14,39,59,1.0,10.0,-3.71,-45.95,8.94,70.84
118,PRTS.O,카파츠닷컴,5,60,14,39,79,1.0,10.0,-3.96,-15.34,7.99,64.73
118,RIGL.O,리겔 파마슈티컬스,5,60,14,39,79,1.0,10.0,-3.96,-13.51,12.05,74.28
118,HFFG.O,HF 푸즈그룹,5,60,14,39,79,1.0,10.0,-3.96,-19.67,5.21,67.4
118,BZUN.O,바오준 ADR,5,60,14,39,79,1.0,10.0,-3.96,-45.95,8.94,70.84
118,BWAY.O,브레인스웨이 ADR,5,60,14,39,79,1.0,10.0,-3.96,-3.43,9.88,64.41
118,ETON.O,이튼 파마슈티컬즈,5,60,14,39,79,1.0,10.0,-3.96,-9.85,9.79,64.82
118,CXDO.O,크렉센도,5,60,14,39,79,1.0,10.0,-3.96,-21.57,9.0,71.05
118,BGFV.O,빅 5 스포팅 구즈,5,60,14,39,79,1.0,10.0,-3.96,-0.94,13.23,67.41
118,MTEX.O,매나테크,5,60,14,39,79,1.0,10.0,-3.96,55.86,15.33,68.21
118,DWSN.O,도슨 지오피지컬,5,60,14,39,79,1.0,10.0,-3.96,-9.27,11.27,64.75
118,LNSR.O,렌자,5,60,14,39,79,1.0,10.0,-3.96,-11.76,4.76,68.81
118,TURN.O,180 디그리 캐피털,5,60,14,39,79,1.0,10.0,-3.96,-8.8,7.44,67.18
118,ICAD.O,아이캐드,5,60,14,39,79,1.0,10.0,-3.96,2.83,12.07,72.78
118,CUTR.O,큐테라,5,60,14,39,79,1.0,10.0,-3.96,-36.45,8.53,63.11
118,KIRK.O,커클랜드,5,60,14,39,79,1.0,10.0,-3.96,-3.53,10.05,71.89
118,BBGI.O,비슬리 브로드캐스트 그룹,5,60,14,39,79,1.0,10.0,-3.96,-6.99,8.59,65.34
118,POWW.O,애모,5,60,14,39,79,1.0,10.0,-3.96,-21.26,15.79,68.86
118,ARTW.O,아츠 웨이 매뉴팩처링,5,60,14,39,79,1.0,10.0,-3.96,10.21,10.42,62.33
118,CHRS.O,코히러스 바이오사이언스,5,60,14,39,79,1.0,10.0,-3.96,-26.55,4.47,70.64
118,RGNX.O,리젠엑스바이오,5,60,14,39,79,1.0,10.0,-3.96,-40.64,11.08,65.47
118,NKTR.O,넥타 테라퓨틱스,5,60,14,39,79,1.0,10.0,-3.96,-3.89,8.43,69.75
118,MNTK.O,몬탁 리뉴어블스,5,60,14,39,79,1.0,10.0,-3.96,-23.99,3.92,69.85
118,STNE.O,스톤코,5,60,14,39,79,1.0,10.0,-3.96,-7.62,9.5,72.13
118,ATEC.O,알파텍 홀딩스,5,60,14,39,79,1.0,10.0,-3.96,-1.02,14.45,70.76
118,UPWK.O,업워크,5,60,14,39,79,1.0,10.0,-3.96,41.38,10.17,66.5
118,INDI.O,인디 세미컨덕터,5,60,14,39,79,1.0,10.0,-3.96,-12.76,5.07,68.22
118,CGEM.O,컬리넌 테라퓨틱스,5,60,14,39,79,1.0,10.0,-3.96,22.01,9.38,70.49
118,BASE.O,카우치베이스,5,60,14,39,79,1.0,10.0,-3.96,16.79,8.48,70.73
118,AMSC.O,아메리칸 수퍼컨덕터,5,60,14,39,79,1.0,10.0,-3.96,6.82,10.01,74.4
118,VRDN.O,비리디안 테라퓨틱스,5,60,14,39,79,1.0,10.0,-3.96,1.85,8.14,69.18
118,QURE.O,유니큐어,5,60,14,39,79,1.0,10.0,-3.96,-10.38,14.45,71.19
118,CLNE.O,클린 에너지 퓨얼스,5,60,14,39,79,1.0,10.0,-3.96,-5.34,9.49,66.53
118,PRTC.O,퓨어 테크 헬스 ADR,5,60,14,39,79,1.0,10.0,-3.96,3.27,9.36,64.81
118,VNET.O,브이넷 그룹 ADR,5,60,14,39,79,1.0,10.0,-3.96,16.94,8.22,71.22
118,PHAR.O,파밍 그룹 ADR,5,60,14,39,79,1.0,10.0,-3.96,-2.24,3.51,68.25
118,PPTA.O,퍼페투아 리소시스,5,60,14,39,79,1.0,10.0,-3.96,62.38,8.24,65.65
118,UROY.O,우라늄 로열티,5,60,14,39,79,1.0,10.0,-3.96,0.0,14.12,71.09
118,TRUE.O,트루카,5,60,14,39,79,1.0,10.0,-3.96,-7.87,9.26,63.23
118,MOMO.O,헬로 그룹 ADR,5,60,14,39,79,1.0,10.0,-3.96,-24.34,12.34,65.42
118,UPWK.O,업워크,5,60,14,49,64,1.0,10.0,-4.17,27.9,10.17,66.5
118,INDI.O,인디 세미컨덕터,5,60,14,49,64,1.0,10.0,-4.17,-21.53,5.07,68.22
118,TURN.O,180 디그리 캐피털,5,60,14,49,64,1.0,10.0,-4.17,-7.71,7.44,67.18
118,BZUN.O,바오준 ADR,5,60,14,49,64,1.0,10.0,-4.17,-39.14,8.94,70.84
118,BWAY.O,브레인스웨이 ADR,5,60,14,49,64,1.0,10.0,-4.17,-3.43,9.88,64.41
118,ETON.O,이튼 파마슈티컬즈,5,60,14,49,64,1.0,10.0,-4.17,-10.33,9.79,64.82
118,CXDO.O,크렉센도,5,60,14,49,64,1.0,10.0,-4.17,-13.53,9.0,71.05
118,BGFV.O,빅 5 스포팅 구즈,5,60,14,49,64,1.0,10.0,-4.17,-1.33,13.23,67.41
118,PRTS.O,카파츠닷컴,5,60,14,49,64,1.0,10.0,-4.17,-21.68,7.99,64.73
118,DWSN.O,도슨 지오피지컬,5,60,14,49,64,1.0,10.0,-4.17,-17.1,11.27,64.75
118,ICAD.O,아이캐드,5,60,14,49,64,1.0,10.0,-4.17,-4.0,12.07,72.78
118,RIGL.O,리겔 파마슈티컬스,5,60,14,49,64,1.0,10.0,-4.17,-15.66,12.05,74.28
118,CUTR.O,큐테라,5,60,14,49,64,1.0,10.0,-4.17,2.16,8.53,63.11
118,KIRK.O,커클랜드,5,60,14,49,64,1.0,10.0,-4.17,-9.01,10.05,71.89
118,BBGI.O,비슬리 브로드캐스트 그룹,5,60,14,49,64,1.0,10.0,-4.17,-12.48,8.59,65.34
118,MTEX.O,매나테크,5,60,14,49,64,1.0,10.0,-4.17,15.73,15.33,68.21
118,ARTW.O,아츠 웨이 매뉴팩처링,5,60,14,49,64,1.0,10.0,-4.17,-10.41,10.42,62.33
118,ATEC.O,알파텍 홀딩스,5,60,14,49,64,1.0,10.0,-4.17,-6.92,14.45,70.76
118,STNE.O,스톤코,5,60,14,49,64,1.0,10.0,-4.17,10.55,9.5,72.13
118,HFFG.O,HF 푸즈그룹,5,60,14,49,64,1.0,10.0,-4.17,-26.09,5.21,67.4
118,LNSR.O,렌자,5,60,14,49,64,1.0,10.0,-4.17,-11.76,4.76,68.81
118,CHRS.O,코히러스 바이오사이언스,5,60,14,49,64,1.0,10.0,-4.17,-25.47,4.47,70.64
118,RGNX.O,리젠엑스바이오,5,60,14,49,64,1.0,10.0,-4.17,-22.61,11.08,65.47
118,POWW.O,애모,5,60,14,49,64,1.0,10.0,-4.17,-37.03,15.79,68.86
118,MOMO.O,헬로 그룹 ADR,5,60,14,49,64,1.0,10.0,-4.17,-13.56,12.34,65.42
118,CGEM.O,컬리넌 테라퓨틱스,5,60,14,49,64,1.0,10.0,-4.17,56.03,9.38,70.49
118,BASE.O,카우치베이스,5,60,14,49,64,1.0,10.0,-4.17,16.79,8.48,70.73
118,AMSC.O,아메리칸 수퍼컨덕터,5,60,14,49,64,1.0,10.0,-4.17,-0.25,10.01,74.4
118,MNTK.O,몬탁 리뉴어블스,5,60,14,49,64,1.0,10.0,-4.17,-23.99,3.92,69.85
118,CLNE.O,클린 에너지 퓨얼스,5,60,14,49,64,1.0,10.0,-4.17,-13.28,9.49,66.53
118,PRTC.O,퓨어 테크 헬스 ADR,5,60,14,49,64,1.0,10.0,-4.17,3.27,9.36,64.81
118,VRDN.O,비리디안 테라퓨틱스,5,60,14,49,64,1.0,10.0,-4.17,65.19,8.14,69.18
118,VNET.O,브이넷 그룹 ADR,5,60,14,49,64,1.0,10.0,-4.17,-20.91,8.22,71.22
118,PHAR.O,파밍 그룹 ADR,5,60,14,49,64,1.0,10.0,-4.17,-2.24,3.51,68.25
118,PPTA.O,퍼페투아 리소시스,5,60,14,49,64,1.0,10.0,-4.17,98.21,8.24,65.65
118,UROY.O,우라늄 로열티,5,60,14,49,64,1.0,10.0,-4.17,-11.81,14.12,71.09
118,TRUE.O,트루카,5,60,14,49,64,1.0,10.0,-4.17,-5.94,9.26,63.23
118,QURE.O,유니큐어,5,60,14,49,64,1.0,10.0,-4.17,-31.86,14.45,71.19
118,NKTR.O,넥타 테라퓨틱스,5,60,14,49,64,1.0,10.0,-4.17,-17.26,8.43,69.75
118,CHRS.O,코히러스 바이오사이언스,5,60,14,44,64,1.0,10.0,-4.32,-25.47,4.47,70.64
118,PRTS.O,카파츠닷컴,5,60,14,44,64,1.0,10.0,-4.32,-24.76,7.99,64.73
118,RIGL.O,리겔 파마슈티컬스,5,60,14,44,64,1.0,10.0,-4.32,-15.66,12.05,74.28
118,HFFG.O,HF 푸즈그룹,5,60,14,44,64,1.0,10.0,-4.32,-26.09,5.21,67.4
118,BZUN.O,바오준 ADR,5,60,14,44,64,1.0,10.0,-4.32,-46.33,8.94,70.84
118,BWAY.O,브레인스웨이 ADR,5,60,14,44,64,1.0,10.0,-4.32,-3.43,9.88,64.41
118,ETON.O,이튼 파마슈티컬즈,5,60,14,44,64,1.0,10.0,-4.32,-10.33,9.79,64.82
118,CXDO.O,크렉센도,5,60,14,44,64,1.0,10.0,-4.32,-13.53,9.0,71.05
118,BGFV.O,빅 5 스포팅 구즈,5,60,14,44,64,1.0,10.0,-4.32,1.1,13.23,67.41
118,ARTW.O,아츠 웨이 매뉴팩처링,5,60,14,44,64,1.0,10.0,-4.32,-9.88,10.42,62.33
118,DWSN.O,도슨 지오피지컬,5,60,14,44,64,1.0,10.0,-4.32,-18.95,11.27,64.75
118,LNSR.O,렌자,5,60,14,44,64,1.0,10.0,-4.32,-11.76,4.76,68.81
118,TURN.O,180 디그리 캐피털,5,60,14,44,64,1.0,10.0,-4.32,-7.71,7.44,67.18
118,ICAD.O,아이캐드,5,60,14,44,64,1.0,10.0,-4.32,5.36,12.07,72.78
118,CUTR.O,큐테라,5,60,14,44,64,1.0,10.0,-4.32,-5.08,8.53,63.11
118,KIRK.O,커클랜드,5,60,14,44,64,1.0,10.0,-4.32,-9.01,10.05,71.89
118,BBGI.O,비슬리 브로드캐스트 그룹,5,60,14,44,64,1.0,10.0,-4.32,-12.07,8.59,65.34
118,MTEX.O,매나테크,5,60,14,44,64,1.0,10.0,-4.32,9.25,15.33,68.21
118,NKTR.O,넥타 테라퓨틱스,5,60,14,44,64,1.0,10.0,-4.32,-11.74,8.43,69.75
118,POWW.O,애모,5,60,14,44,64,1.0,10.0,-4.32,-38.61,15.79,68.86
118,TRUE.O,트루카,5,60,14,44,64,1.0,10.0,-4.32,-5.94,9.26,63.23
118,QURE.O,유니큐어,5,60,14,44,64,1.0,10.0,-4.32,-29.2,14.45,71.19
118,MNTK.O,몬탁 리뉴어블스,5,60,14,44,64,1.0,10.0,-4.32,-23.99,3.92,69.85
118,ATEC.O,알파텍 홀딩스,5,60,14,44,64,1.0,10.0,-4.32,-6.92,14.45,70.76
118,UPWK.O,업워크,5,60,14,44,64,1.0,10.0,-4.32,27.9,10.17,66.5
118,INDI.O,인디 세미컨덕터,5,60,14,44,64,1.0,10.0,-4.32,-12.76,5.07,68.22
118,MOMO.O,헬로 그룹 ADR,5,60,14,44,64,1.0,10.0,-4.32,-23.24,12.34,65.42
118,CGEM.O,컬리넌 테라퓨틱스,5,60,14,44,64,1.0,10.0,-4.32,56.03,9.38,70.49
118,BASE.O,카우치베이스,5,60,14,44,64,1.0,10.0,-4.32,16.79,8.48,70.73
118,AMSC.O,아메리칸 수퍼컨덕터,5,60,14,44,64,1.0,10.0,-4.32,1.24,10.01,74.4
118,STNE.O,스톤코,5,60,14,44,64,1.0,10.0,-4.32,-7.62,9.5,72.13
118,VRDN.O,비리디안 테라퓨틱스,5,60,14,44,64,1.0,10.0,-4.32,65.19,8.14,69.18
118,PRTC.O,퓨어 테크 헬스 ADR,5,60,14,44,64,1.0,10.0,-4.32,3.27,9.36,64.81
118,RGNX.O,리젠엑스바이오,5,60,14,44,64,1.0,10.0,-4.32,-26.84,11.08,65.47
118,VNET.O,브이넷 그룹 ADR,5,60,14,44,64,1.0,10.0,-4.32,-1.43,8.22,71.22
118,PHAR.O,파밍 그룹 ADR,5,60,14,44,64,1.0,10.0,-4.32,-2.24,3.51,68.25
118,PPTA.O,퍼페투아 리소시스,5,60,14,44,64,1.0,10.0,-4.32,98.21,8.24,65.65
118,UROY.O,우라늄 로열티,5,60,14,44,64,1.0,10.0,-4.32,-9.74,14.12,71.09
118,CLNE.O,클린 에너지 퓨얼스,5,60,14,44,64,1.0,10.0,-4.32,-12.27,9.49,66.53
118,CLNE.O,클린 에너지 퓨얼스,5,60,14,49,59,1.0,10.0,-5.07,-14.16,9.49,66.53
118,TRUE.O,트루카,5,60,14,49,59,1.0,10.0,-5.07,-7.14,9.26,63.23
118,UROY.O,우라늄 로열티,5,60,14,49,59,1.0,10.0,-5.07,-11.81,14.12,71.09
118,PPTA.O,퍼페투아 리소시스,5,60,14,49,59,1.0,10.0,-5.07,76.98,8.24,65.65
118,PHAR.O,파밍 그룹 ADR,5,60,14,49,59,1.0,10.0,-5.07,-2.24,3.51,68.25
118,VNET.O,브이넷 그룹 ADR,5,60,14,49,59,1.0,10.0,-5.07,-22.5,8.22,71.22
118,RGNX.O,리젠엑스바이오,5,60,14,49,59,1.0,10.0,-5.07,-22.61,11.08,65.47
118,PRTC.O,퓨어 테크 헬스 ADR,5,60,14,49,59,1.0,10.0,-5.07,3.27,9.36,64.81
118,BASE.O,카우치베이스,5,60,14,49,59,1.0,10.0,-5.07,71.83,8.48,70.73
118,VRDN.O,비리디안 테라퓨틱스,5,60,14,49,59,1.0,10.0,-5.07,64.32,8.14,69.18
118,MNTK.O,몬탁 리뉴어블스,5,60,14,49,59,1.0,10.0,-5.07,-23.99,3.92,69.85
118,AMSC.O,아메리칸 수퍼컨덕터,5,60,14,49,59,1.0,10.0,-5.07,-6.39,10.01,74.4
118,CGEM.O,컬리넌 테라퓨틱스,5,60,14,49,59,1.0,10.0,-5.07,30.92,9.38,70.49
118,MOMO.O,헬로 그룹 ADR,5,60,14,49,59,1.0,10.0,-5.07,-10.52,12.34,65.42
118,INDI.O,인디 세미컨덕터,5,60,14,49,59,1.0,10.0,-5.07,-21.53,5.07,68.22
118,UPWK.O,업워크,5,60,14,49,59,1.0,10.0,-5.07,3.61,10.17,66.5
118,NKTR.O,넥타 테라퓨틱스,5,60,14,49,59,1.0,10.0,-5.07,-14.76,8.43,69.75
118,QURE.O,유니큐어,5,60,14,49,59,1.0,10.0,-5.07,-36.32,14.45,71.19
118,BGFV.O,빅 5 스포팅 구즈,5,60,14,49,59,1.0,10.0,-5.07,-5.47,13.23,67.41
118,POWW.O,애모,5,60,14,49,59,1.0,10.0,-5.07,-37.03,15.79,68.86
118,DWSN.O,도슨 지오피지컬,5,60,14,49,59,1.0,10.0,-5.07,-12.53,11.27,64.75
118,ARTW.O,아츠 웨이 매뉴팩처링,5,60,14,49,59,1.0,10.0,-5.07,-11.82,10.42,62.33
118,BBGI.O,비슬리 브로드캐스트 그룹,5,60,14,49,59,1.0,10.0,-5.07,-17.71,8.59,65.34
118,KIRK.O,커클랜드,5,60,14,49,59,1.0,10.0,-5.07,-16.34,10.05,71.89
118,CUTR.O,큐테라,5,60,14,49,59,1.0,10.0,-5.07,-3.54,8.53,63.11
118,ICAD.O,아이캐드,5,60,14,49,59,1.0,10.0,-5.07,-0.07,12.07,72.78
118,TURN.O,180 디그리 캐피털,5,60,14,49,59,1.0,10.0,-5.07,-8.27,7.44,67.18
118,LNSR.O,렌자,5,60,14,49,59,1.0,10.0,-5.07,-11.76,4.76,68.81
118,PRTS.O,카파츠닷컴,5,60,14,49,59,1.0,10.0,-5.07,-23.56,7.99,64.73
118,CHRS.O,코히러스 바이오사이언스,5,60,14,49,59,1.0,10.0,-5.07,-27.87,4.47,70.64
118,STNE.O,스톤코,5,60,14,49,59,1.0,10.0,-5.07,6.71,9.5,72.13
118,CXDO.O,크렉센도,5,60,14,49,59,1.0,10.0,-5.07,-13.53,9.0,71.05
118,ETON.O,이튼 파마슈티컬즈,5,60,14,49,59,1.0,10.0,-5.07,-2.49,9.79,64.82
118,BWAY.O,브레인스웨이 ADR,5,60,14,49,59,1.0,10.0,-5.07,9.9,9.88,64.41
118,BZUN.O,바오준 ADR,5,60,14,49,59,1.0,10.0,-5.07,-39.99,8.94,70.84
118,HFFG.O,HF 푸즈그룹,5,60,14,49,59,1.0,10.0,-5.07,-26.09,5.21,67.4
118,RIGL.O,리겔 파마슈티컬스,5,60,14,49,59,1.0,10.0,-5.07,-12.21,12.05,74.28
118,ATEC.O,알파텍 홀딩스,5,60,14,49,59,1.0,10.0,-5.07,-8.32,14.45,70.76
118,MTEX.O,매나테크,5,60,14,49,59,1.0,10.0,-5.07,7.22,15.33,68.21
118,MOMO.O,헬로 그룹 ADR,5,120,14,49,69,1.0,10.0,-5.28,-9.91,12.34,65.42
118,AMSC.O,아메리칸 수퍼컨덕터,5,120,14,49,69,1.0,10.0,-5.28,9.31,10.01,74.4
118,CXDO.O,크렉센도,5,120,14,49,69,1.0,10.0,-5.28,-0.42,9.0,71.05
118,BGFV.O,빅 5 스포팅 구즈,5,120,14,49,69,1.0,10.0,-5.28,-8.04,13.23,67.41
118,PRTS.O,카파츠닷컴,5,120,14,49,69,1.0,10.0,-5.28,-15.01,7.99,64.73
118,DWSN.O,도슨 지오피지컬,5,120,14,49,69,1.0,10.0,-5.28,-9.31,11.27,64.75
118,LNSR.O,렌자,5,120,14,49,69,1.0,10.0,-5.28,-18.42,4.76,68.81
118,TURN.O,180 디그리 캐피털,5,120,14,49,69,1.0,10.0,-5.28,-8.58,7.44,67.18
118,ICAD.O,아이캐드,5,120,14,49,69,1.0,10.0,-5.28,5.72,12.07,72.78
118,CUTR.O,큐테라,5,120,14,49,69,1.0,10.0,-5.28,38.36,8.53,63.11
118,KIRK.O,커클랜드,5,120,14,49,69,1.0,10.0,-5.28,-6.97,10.05,71.89
118,BBGI.O,비슬리 브로드캐스트 그룹,5,120,14,49,69,1.0,10.0,-5.28,-2.52,8.59,65.34
118,MTEX.O,매나테크,5,120,14,49,69,1.0,10.0,-5.28,13.01,15.33,68.21
118,ARTW.O,아츠 웨이 매뉴팩처링,5,120,14,49,69,1.0,10.0,-5.28,-11.02,10.42,62.33
118,BASE.O,카우치베이스,5,120,14,49,69,1.0,10.0,-5.28,14.86,8.48,70.73
118,CGEM.O,컬리넌 테라퓨틱스,5,120,14,49,69,1.0,10.0,-5.28,53.06,9.38,70.49
118,INDI.O,인디 세미컨덕터,5,120,14,49,69,1.0,10.0,-5.28,-8.38,5.07,68.22
118,ETON.O,이튼 파마슈티컬즈,5,120,14,49,69,1.0,10.0,-5.28,-13.16,9.79,64.82
118,BWAY.O,브레인스웨이 ADR,5,120,14,49,69,1.0,10.0,-5.28,-5.78,9.88,64.41
118,BZUN.O,바오준 ADR,5,120,14,49,69,1.0,10.0,-5.28,-47.91,8.94,70.84
118,PPTA.O,퍼페투아 리소시스,5,120,14,49,69,1.0,10.0,-5.28,23.23,8.24,65.65
118,VRDN.O,비리디안 테라퓨틱스,5,120,14,49,69,1.0,10.0,-5.28,-9.85,8.14,69.18
118,CLNE.O,클린 에너지 퓨얼스,5,120,14,49,69,1.0,10.0,-5.28,-16.54,9.49,66.53
118,PRTC.O,퓨어 테크 헬스 ADR,5,120,14,49,69,1.0,10.0,-5.28,0.0,9.36,64.81
118,RGNX.O,리젠엑스바이오,5,120,14,49,69,1.0,10.0,-5.28,-24.28,11.08,65.47
118,VNET.O,브이넷 그룹 ADR,5,120,14,49,69,1.0,10.0,-5.28,-5.55,8.22,71.22
118,PHAR.O,파밍 그룹 ADR,5,120,14,49,69,1.0,10.0,-5.28,-5.55,3.51,68.25
118,UROY.O,우라늄 로열티,5,120,14,49,69,1.0,10.0,-5.28,-16.05,14.12,71.09
118,HFFG.O,HF 푸즈그룹,5,120,14,49,69,1.0,10.0,-5.28,-25.1,5.21,67.4
118,TRUE.O,트루카,5,120,14,49,69,1.0,10.0,-5.28,-5.49,9.26,63.23
118,QURE.O,유니큐어,5,120,14,49,69,1.0,10.0,-5.28,-23.09,14.45,71.19
118,NKTR.O,넥타 테라퓨틱스,5,120,14,49,69,1.0,10.0,-5.28,-5.44,8.43,69.75
118,POWW.O,애모,5,120,14,49,69,1.0,10.0,-5.28,-38.1,15.79,68.86
118,CHRS.O,코히러스 바이오사이언스,5,120,14,49,69,1.0,10.0,-5.28,-25.9,4.47,70.64
118,RIGL.O,리겔 파마슈티컬스,5,120,14,49,69,1.0,10.0,-5.28,-15.35,12.05,74.28
118,UPWK.O,업워크,5,120,14,49,69,1.0,10.0,-5.28,18.05,10.17,66.5
118,ATEC.O,알파텍 홀딩스,5,120,14,49,69,1.0,10.0,-5.28,-4.45,14.45,70.76
118,STNE.O,스톤코,5,120,14,49,69,1.0,10.0,-5.28,4.29,9.5,72.13
118,MNTK.O,몬탁 리뉴어블스,5,120,14,49,69,1.0,10.0,-5.28,0.37,3.92,69.85
118,KIRK.O,커클랜드,5,60,14,44,59,1.0,10.0,-5.34,-16.34,10.05,71.89
118,CLNE.O,클린 에너지 퓨얼스,5,60,14,44,59,1.0,10.0,-5.34,-13.21,9.49,66.53
118,UROY.O,우라늄 로열티,5,60,14,44,59,1.0,10.0,-5.34,-9.74,14.12,71.09
118,PPTA.O,퍼페투아 리소시스,5,60,14,44,59,1.0,10.0,-5.34,76.98,8.24,65.65
118,PHAR.O,파밍 그룹 ADR,5,60,14,44,59,1.0,10.0,-5.34,-2.24,3.51,68.25
118,VNET.O,브이넷 그룹 ADR,5,60,14,44,59,1.0,10.0,-5.34,-3.96,8.22,71.22
118,RGNX.O,리젠엑스바이오,5,60,14,44,59,1.0,10.0,-5.34,-26.84,11.08,65.47
118,PRTC.O,퓨어 테크 헬스 ADR,5,60,14,44,59,1.0,10.0,-5.34,3.27,9.36,64.81
118,VRDN.O,비리디안 테라퓨틱스,5,60,14,44,59,1.0,10.0,-5.34,64.32,8.14,69.18
118,QURE.O,유니큐어,5,60,14,44,59,1.0,10.0,-5.34,-34.54,14.45,71.19
118,MNTK.O,몬탁 리뉴어블스,5,60,14,44,59,1.0,10.0,-5.34,-23.99,3.92,69.85
118,AMSC.O,아메리칸 수퍼컨덕터,5,60,14,44,59,1.0,10.0,-5.34,-5.2,10.01,74.4
118,BASE.O,카우치베이스,5,60,14,44,59,1.0,10.0,-5.34,71.83,8.48,70.73
118,CGEM.O,컬리넌 테라퓨틱스,5,60,14,44,59,1.0,10.0,-5.34,30.92,9.38,70.49
118,MOMO.O,헬로 그룹 ADR,5,60,14,44,59,1.0,10.0,-5.34,-23.24,12.34,65.42
118,INDI.O,인디 세미컨덕터,5,60,14,44,59,1.0,10.0,-5.34,-12.76,5.07,68.22
118,TRUE.O,트루카,5,60,14,44,59,1.0,10.0,-5.34,-7.14,9.26,63.23
118,NKTR.O,넥타 테라퓨틱스,5,60,14,44,59,1.0,10.0,-5.34,-24.85,8.43,69.75
118,ATEC.O,알파텍 홀딩스,5,60,14,44,59,1.0,10.0,-5.34,-8.32,14.45,70.76
118,BGFV.O,빅 5 스포팅 구즈,5,60,14,44,59,1.0,10.0,-5.34,-3.17,13.23,67.41
118,CUTR.O,큐테라,5,60,14,44,59,1.0,10.0,-5.34,-13.64,8.53,63.11
118,ICAD.O,아이캐드,5,60,14,44,59,1.0,10.0,-5.34,-3.57,12.07,72.78
118,TURN.O,180 디그리 캐피털,5,60,14,44,59,1.0,10.0,-5.34,-8.27,7.44,67.18
118,LNSR.O,렌자,5,60,14,44,59,1.0,10.0,-5.34,-11.76,4.76,68.81
118,DWSN.O,도슨 지오피지컬,5,60,14,44,59,1.0,10.0,-5.34,-14.4,11.27,64.75
118,PRTS.O,카파츠닷컴,5,60,14,44,59,1.0,10.0,-5.34,-26.87,7.99,64.73
118,CXDO.O,크렉센도,5,60,14,44,59,1.0,10.0,-5.34,-13.53,9.0,71.05
118,STNE.O,스톤코,5,60,14,44,59,1.0,10.0,-5.34,-7.62,9.5,72.13
118,ETON.O,이튼 파마슈티컬즈,5,60,14,44,59,1.0,10.0,-5.34,-2.49,9.79,64.82
118,BWAY.O,브레인스웨이 ADR,5,60,14,44,59,1.0,10.0,-5.34,33.06,9.88,64.41
118,BZUN.O,바오준 ADR,5,60,14,44,59,1.0,10.0,-5.34,-46.33,8.94,70.84
118,HFFG.O,HF 푸즈그룹,5,60,14,44,59,1.0,10.0,-5.34,-26.09,5.21,67.4
118,RIGL.O,리겔 파마슈티컬스,5,60,14,44,59,1.0,10.0,-5.34,-12.57,12.05,74.28
118,CHRS.O,코히러스 바이오사이언스,5,60,14,44,59,1.0,10.0,-5.34,-26.93,4.47,70.64
118,POWW.O,애모,5,60,14,44,59,1.0,10.0,-5.34,-38.61,15.79,68.86
118,UPWK.O,업워크,5,60,14,44,59,1.0,10.0,-5.34,3.61,10.17,66.5
118,BBGI.O,비슬리 브로드캐스트 그룹,5,60,14,44,59,1.0,10.0,-5.34,-17.39,8.59,65.34
118,ARTW.O,아츠 웨이 매뉴팩처링,5,60,14,44,59,1.0,10.0,-5.34,-11.34,10.42,62.33
118,MTEX.O,매나테크,5,60,14,44,59,1.0,10.0,-5.34,4.62,15.33,68.21
118,PRTC.O,퓨어 테크 헬스 ADR,5,120,14,49,64,1.0,10.0,-5.4,0.0,9.36,64.81
118,NKTR.O,넥타 테라퓨틱스,5,120,14,49,64,1.0,10.0,-5.4,-13.5,8.43,69.75
118,QURE.O,유니큐어,5,120,14,49,64,1.0,10.0,-5.4,-23.09,14.45,71.19
118,TRUE.O,트루카,5,120,14,49,64,1.0,10.0,-5.4,-8.85,9.26,63.23
118,UROY.O,우라늄 로열티,5,120,14,49,64,1.0,10.0,-5.4,-16.05,14.12,71.09
118,PPTA.O,퍼페투아 리소시스,5,120,14,49,64,1.0,10.0,-5.4,23.23,8.24,65.65
118,PHAR.O,파밍 그룹 ADR,5,120,14,49,64,1.0,10.0,-5.4,-5.55,3.51,68.25
118,VNET.O,브이넷 그룹 ADR,5,120,14,49,64,1.0,10.0,-5.4,-10.97,8.22,71.22
118,RGNX.O,리젠엑스바이오,5,120,14,49,64,1.0,10.0,-5.4,-24.28,11.08,65.47
118,VRDN.O,비리디안 테라퓨틱스,5,120,14,49,64,1.0,10.0,-5.4,-22.6,8.14,69.18
118,CLNE.O,클린 에너지 퓨얼스,5,120,14,49,64,1.0,10.0,-5.4,-14.26,9.49,66.53
118,CHRS.O,코히러스 바이오사이언스,5,120,14,49,64,1.0,10.0,-5.4,-25.9,4.47,70.64
118,MNTK.O,몬탁 리뉴어블스,5,120,14,49,64,1.0,10.0,-5.4,0.37,3.92,69.85
118,AMSC.O,아메리칸 수퍼컨덕터,5,120,14,49,64,1.0,10.0,-5.4,2.94,10.01,74.4
118,BASE.O,카우치베이스,5,120,14,49,64,1.0,10.0,-5.4,14.86,8.48,70.73
118,MOMO.O,헬로 그룹 ADR,5,120,14,49,64,1.0,10.0,-5.4,-16.04,12.34,65.42
118,INDI.O,인디 세미컨덕터,5,120,14,49,64,1.0,10.0,-5.4,-8.38,5.07,68.22
118,UPWK.O,업워크,5,120,14,49,64,1.0,10.0,-5.4,18.05,10.17,66.5
118,ATEC.O,알파텍 홀딩스,5,120,14,49,64,1.0,10.0,-5.4,-6.49,14.45,70.76
118,POWW.O,애모,5,120,14,49,64,1.0,10.0,-5.4,-38.1,15.79,68.86
118,CGEM.O,컬리넌 테라퓨틱스,5,120,14,49,64,1.0,10.0,-5.4,53.06,9.38,70.49
118,RIGL.O,리겔 파마슈티컬스,5,120,14,49,64,1.0,10.0,-5.4,-17.33,12.05,74.28
118,TURN.O,180 디그리 캐피털,5,120,14,49,64,1.0,10.0,-5.4,-4.63,7.44,67.18
118,STNE.O,스톤코,5,120,14,49,64,1.0,10.0,-5.4,4.29,9.5,72.13
118,ARTW.O,아츠 웨이 매뉴팩처링,5,120,14,49,64,1.0,10.0,-5.4,-11.02,10.42,62.33
118,MTEX.O,매나테크,5,120,14,49,64,1.0,10.0,-5.4,21.48,15.33,68.21
118,BBGI.O,비슬리 브로드캐스트 그룹,5,120,14,49,64,1.0,10.0,-5.4,-6.86,8.59,65.34
118,KIRK.O,커클랜드,5,120,14,49,64,1.0,10.0,-5.4,-8.73,10.05,71.89
118,CUTR.O,큐테라,5,120,14,49,64,1.0,10.0,-5.4,86.71,8.53,63.11
118,ICAD.O,아이캐드,5,120,14,49,64,1.0,10.0,-5.4,3.37,12.07,72.78
118,HFFG.O,HF 푸즈그룹,5,120,14,49,64,1.0,10.0,-5.4,-25.1,5.21,67.4
118,LNSR.O,렌자,5,120,14,49,64,1.0,10.0,-5.4,-18.42,4.76,68.81
118,PRTS.O,카파츠닷컴,5,120,14,49,64,1.0,10.0,-5.4,-23.13,7.99,64.73
118,BGFV.O,빅 5 스포팅 구즈,5,120,14,49,64,1.0,10.0,-5.4,-0.83,13.23,67.41
118,CXDO.O,크렉센도,5,120,14,49,64,1.0,10.0,-5.4,-12.6,9.0,71.05
118,ETON.O,이튼 파마슈티컬즈,5,120,14,49,64,1.0,10.0,-5.4,-13.16,9.79,64.82
118,BWAY.O,브레인스웨이 ADR,5,120,14,49,64,1.0,10.0,-5.4,-5.78,9.88,64.41
118,DWSN.O,도슨 지오피지컬,5,120,14,49,64,1.0,10.0,-5.4,-9.31,11.27,64.75
118,BZUN.O,바오준 ADR,5,120,14,49,64,1.0,10.0,-5.4,-47.91,8.94,70.84
118,PRTS.O,카파츠닷컴,5,120,14,49,59,1.0,10.0,-5.53,-25.1,7.99,64.73
118,RIGL.O,리겔 파마슈티컬스,5,120,14,49,59,1.0,10.0,-5.53,-4.24,12.05,74.28
118,HFFG.O,HF 푸즈그룹,5,120,14,49,59,1.0,10.0,-5.53,-25.1,5.21,67.4
118,BZUN.O,바오준 ADR,5,120,14,49,59,1.0,10.0,-5.53,-47.91,8.94,70.84
118,BWAY.O,브레인스웨이 ADR,5,120,14,49,59,1.0,10.0,-5.53,11.13,9.88,64.41
118,ETON.O,이튼 파마슈티컬즈,5,120,14,49,59,1.0,10.0,-5.53,-11.03,9.79,64.82
118,CXDO.O,크렉센도,5,120,14,49,59,1.0,10.0,-5.53,-12.6,9.0,71.05
118,BGFV.O,빅 5 스포팅 구즈,5,120,14,49,59,1.0,10.0,-5.53,-5.45,13.23,67.41
118,TURN.O,180 디그리 캐피털,5,120,14,49,59,1.0,10.0,-5.53,-4.94,7.44,67.18
118,DWSN.O,도슨 지오피지컬,5,120,14,49,59,1.0,10.0,-5.53,2.34,11.27,64.75
118,LNSR.O,렌자,5,120,14,49,59,1.0,10.0,-5.53,-18.42,4.76,68.81
118,POWW.O,애모,5,120,14,49,59,1.0,10.0,-5.53,-38.1,15.79,68.86
118,ICAD.O,아이캐드,5,120,14,49,59,1.0,10.0,-5.53,-6.37,12.07,72.78
118,CUTR.O,큐테라,5,120,14,49,59,1.0,10.0,-5.53,123.07,8.53,63.11
118,KIRK.O,커클랜드,5,120,14,49,59,1.0,10.0,-5.53,-16.4,10.05,71.89
118,BBGI.O,비슬리 브로드캐스트 그룹,5,120,14,49,59,1.0,10.0,-5.53,-13.2,8.59,65.34
118,MTEX.O,매나테크,5,120,14,49,59,1.0,10.0,-5.53,12.44,15.33,68.21
118,CHRS.O,코히러스 바이오사이언스,5,120,14,49,59,1.0,10.0,-5.53,-28.46,4.47,70.64
118,UROY.O,우라늄 로열티,5,120,14,49,59,1.0,10.0,-5.53,-16.05,14.12,71.09
118,NKTR.O,넥타 테라퓨틱스,5,120,14,49,59,1.0,10.0,-5.53,-18.53,8.43,69.75
118,MNTK.O,몬탁 리뉴어블스,5,120,14,49,59,1.0,10.0,-5.53,0.37,3.92,69.85
118,INDI.O,인디 세미컨덕터,5,120,14,49,59,1.0,10.0,-5.53,-8.38,5.07,68.22
118,MOMO.O,헬로 그룹 ADR,5,120,14,49,59,1.0,10.0,-5.53,-12.73,12.34,65.42
118,UPWK.O,업워크,5,120,14,49,59,1.0,10.0,-5.53,-5.12,10.17,66.5
118,ATEC.O,알파텍 홀딩스,5,120,14,49,59,1.0,10.0,-5.53,-10.41,14.45,70.76
118,CGEM.O,컬리넌 테라퓨틱스,5,120,14,49,59,1.0,10.0,-5.53,27.94,9.38,70.49
118,BASE.O,카우치베이스,5,120,14,49,59,1.0,10.0,-5.53,77.72,8.48,70.73
118,AMSC.O,아메리칸 수퍼컨덕터,5,120,14,49,59,1.0,10.0,-5.53,-3.93,10.01,74.4
118,VRDN.O,비리디안 테라퓨틱스,5,120,14,49,59,1.0,10.0,-5.53,-43.81,8.14,69.18
118,QURE.O,유니큐어,5,120,14,49,59,1.0,10.0,-5.53,-29.56,14.45,71.19
118,CLNE.O,클린 에너지 퓨얼스,5,120,14,49,59,1.0,10.0,-5.53,-15.24,9.49,66.53
118,STNE.O,스톤코,5,120,14,49,59,1.0,10.0,-5.53,4.29,9.5,72.13
118,RGNX.O,리젠엑스바이오,5,120,14,49,59,1.0,10.0,-5.53,-24.28,11.08,65.47
118,VNET.O,브이넷 그룹 ADR,5,120,14,49,59,1.0,10.0,-5.53,-12.9,8.22,71.22
118,PHAR.O,파밍 그룹 ADR,5,120,14,49,59,1.0,10.0,-5.53,-5.55,3.51,68.25
118,PPTA.O,퍼페투아 리소시스,5,120,14,49,59,1.0,10.0,-5.53,11.35,8.24,65.65
118,TRUE.O,트루카,5,120,14,49,59,1.0,10.0,-5.53,-10.13,9.26,63.23
118,PRTC.O,퓨어 테크 헬스 ADR,5,120,14,49,59,1.0,10.0,-5.53,0.0,9.36,64.81
118,ARTW.O,아츠 웨이 매뉴팩처링,5,120,14,49,59,1.0,10.0,-5.53,-12.52,10.42,62.33
118,ARTW.O,아츠 웨이 매뉴팩처링,5,60,14,44,79,1.0,10.0,-6.16,-5.26,10.42,62.33
118,BGFV.O,빅 5 스포팅 구즈,5,60,14,44,79,1.0,10.0,-6.16,-6.42,13.23,67.41
118,CHRS.O,코히러스 바이오사이언스,5,60,14,44,79,1.0,10.0,-6.16,-25.47,4.47,70.64
118,RIGL.O,리겔 파마슈티컬스,5,60,14,44,79,1.0,10.0,-6.16,-16.35,12.05,74.28
118,HFFG.O,HF 푸즈그룹,5,60,14,44,79,1.0,10.0,-6.16,-26.09,5.21,67.4
118,BZUN.O,바오준 ADR,5,60,14,44,79,1.0,10.0,-6.16,-46.33,8.94,70.84
118,BWAY.O,브레인스웨이 ADR,5,60,14,44,79,1.0,10.0,-6.16,-3.43,9.88,64.41
118,ETON.O,이튼 파마슈티컬즈,5,60,14,44,79,1.0,10.0,-6.16,-10.33,9.79,64.82
118,CXDO.O,크렉센도,5,60,14,44,79,1.0,10.0,-6.16,-21.57,9.0,71.05
118,PRTS.O,카파츠닷컴,5,60,14,44,79,1.0,10.0,-6.16,-15.34,7.99,64.73
118,NKTR.O,넥타 테라퓨틱스,5,60,14,44,79,1.0,10.0,-6.16,-3.89,8.43,69.75
118,DWSN.O,도슨 지오피지컬,5,60,14,44,79,1.0,10.0,-6.16,-18.95,11.27,64.75
118,LNSR.O,렌자,5,60,14,44,79,1.0,10.0,-6.16,-11.76,4.76,68.81
118,TURN.O,180 디그리 캐피털,5,60,14,44,79,1.0,10.0,-6.16,-8.8,7.44,67.18
118,ICAD.O,아이캐드,5,60,14,44,79,1.0,10.0,-6.16,2.83,12.07,72.78
118,CUTR.O,큐테라,5,60,14,44,79,1.0,10.0,-6.16,-10.37,8.53,63.11
118,KIRK.O,커클랜드,5,60,14,44,79,1.0,10.0,-6.16,-3.53,10.05,71.89
118,BBGI.O,비슬리 브로드캐스트 그룹,5,60,14,44,79,1.0,10.0,-6.16,-7.8,8.59,65.34
118,POWW.O,애모,5,60,14,44,79,1.0,10.0,-6.16,-38.61,15.79,68.86
118,QURE.O,유니큐어,5,60,14,44,79,1.0,10.0,-6.16,-19.08,14.45,71.19
118,STNE.O,스톤코,5,60,14,44,79,1.0,10.0,-6.16,-7.62,9.5,72.13
118,MNTK.O,몬탁 리뉴어블스,5,60,14,44,79,1.0,10.0,-6.16,-23.99,3.92,69.85
118,ATEC.O,알파텍 홀딩스,5,60,14,44,79,1.0,10.0,-6.16,-1.02,14.45,70.76
118,UPWK.O,업워크,5,60,14,44,79,1.0,10.0,-6.16,41.38,10.17,66.5
118,INDI.O,인디 세미컨덕터,5,60,14,44,79,1.0,10.0,-6.16,-12.76,5.07,68.22
118,MOMO.O,헬로 그룹 ADR,5,60,14,44,79,1.0,10.0,-6.16,-23.24,12.34,65.42
118,CGEM.O,컬리넌 테라퓨틱스,5,60,14,44,79,1.0,10.0,-6.16,22.01,9.38,70.49
118,BASE.O,카우치베이스,5,60,14,44,79,1.0,10.0,-6.16,16.79,8.48,70.73
118,AMSC.O,아메리칸 수퍼컨덕터,5,60,14,44,79,1.0,10.0,-6.16,3.76,10.01,74.4
118,VRDN.O,비리디안 테라퓨틱스,5,60,14,44,79,1.0,10.0,-6.16,1.85,8.14,69.18
118,TRUE.O,트루카,5,60,14,44,79,1.0,10.0,-6.16,-7.87,9.26,63.23
118,CLNE.O,클린 에너지 퓨얼스,5,60,14,44,79,1.0,10.0,-6.16,-10.56,9.49,66.53
118,PRTC.O,퓨어 테크 헬스 ADR,5,60,14,44,79,1.0,10.0,-6.16,3.27,9.36,64.81
118,RGNX.O,리젠엑스바이오,5,60,14,44,79,1.0,10.0,-6.16,-26.84,11.08,65.47
118,VNET.O,브이넷 그룹 ADR,5,60,14,44,79,1.0,10.0,-6.16,15.52,8.22,71.22
118,PHAR.O,파밍 그룹 ADR,5,60,14,44,79,1.0,10.0,-6.16,-2.24,3.51,68.25
118,PPTA.O,퍼페투아 리소시스,5,60,14,44,79,1.0,10.0,-6.16,62.38,8.24,65.65
118,UROY.O,우라늄 로열티,5,60,14,44,79,1.0,10.0,-6.16,-9.74,14.12,71.09
118,MTEX.O,매나테크,5,60,14,44,79,1.0,10.0,-6.16,15.36,15.33,68.21
118,INDI.O,인디 세미컨덕터,5,60,14,49,79,1.0,10.0,-6.98,-21.53,5.07,68.22
118,STNE.O,스톤코,5,60,14,49,79,1.0,10.0,-6.98,-22.5,9.5,72.13
118,MOMO.O,헬로 그룹 ADR,5,60,14,49,79,1.0,10.0,-6.98,-7.57,12.34,65.42
118,CHRS.O,코히러스 바이오사이언스,5,60,14,49,79,1.0,10.0,-6.98,-25.47,4.47,70.64
118,POWW.O,애모,5,60,14,49,79,1.0,10.0,-6.98,-37.03,15.79,68.86
118,NKTR.O,넥타 테라퓨틱스,5,60,14,49,79,1.0,10.0,-6.98,-10.1,8.43,69.75
118,QURE.O,유니큐어,5,60,14,49,79,1.0,10.0,-6.98,-23.34,14.45,71.19
118,TRUE.O,트루카,5,60,14,49,79,1.0,10.0,-6.98,-7.87,9.26,63.23
118,UROY.O,우라늄 로열티,5,60,14,49,79,1.0,10.0,-6.98,-11.81,14.12,71.09
118,PPTA.O,퍼페투아 리소시스,5,60,14,49,79,1.0,10.0,-6.98,62.38,8.24,65.65
118,PHAR.O,파밍 그룹 ADR,5,60,14,49,79,1.0,10.0,-6.98,-2.24,3.51,68.25
118,VNET.O,브이넷 그룹 ADR,5,60,14,49,79,1.0,10.0,-6.98,-8.92,8.22,71.22
118,RGNX.O,리젠엑스바이오,5,60,14,49,79,1.0,10.0,-6.98,-22.61,11.08,65.47
118,PRTC.O,퓨어 테크 헬스 ADR,5,60,14,49,79,1.0,10.0,-6.98,3.27,9.36,64.81
118,VRDN.O,비리디안 테라퓨틱스,5,60,14,49,79,1.0,10.0,-6.98,1.85,8.14,69.18
118,MNTK.O,몬탁 리뉴어블스,5,60,14,49,79,1.0,10.0,-6.98,-23.99,3.92,69.85
118,AMSC.O,아메리칸 수퍼컨덕터,5,60,14,49,79,1.0,10.0,-6.98,3.76,10.01,74.4
118,BASE.O,카우치베이스,5,60,14,49,79,1.0,10.0,-6.98,16.79,8.48,70.73
118,RIGL.O,리겔 파마슈티컬스,5,60,14,49,79,1.0,10.0,-6.98,-16.35,12.05,74.28
118,HFFG.O,HF 푸즈그룹,5,60,14,49,79,1.0,10.0,-6.98,-26.09,5.21,67.4
118,BZUN.O,바오준 ADR,5,60,14,49,79,1.0,10.0,-6.98,-39.14,8.94,70.84
118,ICAD.O,아이캐드,5,60,14,49,79,1.0,10.0,-6.98,2.83,12.07,72.78
118,ATEC.O,알파텍 홀딩스,5,60,14,49,79,1.0,10.0,-6.98,-1.02,14.45,70.76
118,ARTW.O,아츠 웨이 매뉴팩처링,5,60,14,49,79,1.0,10.0,-6.98,-5.89,10.42,62.33
118,MTEX.O,매나테크,5,60,14,49,79,1.0,10.0,-6.98,13.28,15.33,68.21
118,BBGI.O,비슬리 브로드캐스트 그룹,5,60,14,49,79,1.0,10.0,-6.98,-7.8,8.59,65.34
118,KIRK.O,커클랜드,5,60,14,49,79,1.0,10.0,-6.98,-3.53,10.05,71.89
118,CUTR.O,큐테라,5,60,14,49,79,1.0,10.0,-6.98,-10.37,8.53,63.11
118,TURN.O,180 디그리 캐피털,5,60,14,49,79,1.0,10.0,-6.98,-8.8,7.44,67.18
118,BWAY.O,브레인스웨이 ADR,5,60,14,49,79,1.0,10.0,-6.98,-3.43,9.88,64.41
118,LNSR.O,렌자,5,60,14,49,79,1.0,10.0,-6.98,-11.76,4.76,68.81
118,DWSN.O,도슨 지오피지컬,5,60,14,49,79,1.0,10.0,-6.98,-15.2,11.27,64.75
118,PRTS.O,카파츠닷컴,5,60,14,49,79,1.0,10.0,-6.98,-15.34,7.99,64.73
118,BGFV.O,빅 5 스포팅 구즈,5,60,14,49,79,1.0,10.0,-6.98,-6.42,13.23,67.41
118,CXDO.O,크렉센도,5,60,14,49,79,1.0,10.0,-6.98,-21.57,9.0,71.05
118,ETON.O,이튼 파마슈티컬즈,5,60,14,49,79,1.0,10.0,-6.98,-10.33,9.79,64.82
118,CGEM.O,컬리넌 테라퓨틱스,5,60,14,49,79,1.0,10.0,-6.98,22.01,9.38,70.49
118,CLNE.O,클린 에너지 퓨얼스,5,60,14,49,79,1.0,10.0,-6.98,-11.58,9.49,66.53
118,UPWK.O,업워크,5,60,14,49,79,1.0,10.0,-6.98,41.38,10.17,66.5
118,MOMO.O,헬로 그룹 ADR,5,120,14,44,79,1.0,10.0,-7.31,-25.1,12.34,65.42
118,DWSN.O,도슨 지오피지컬,5,120,14,44,79,1.0,10.0,-7.31,-9.31,11.27,64.75
118,RIGL.O,리겔 파마슈티컬스,5,120,14,44,79,1.0,10.0,-7.31,-16.67,12.05,74.28
118,HFFG.O,HF 푸즈그룹,5,120,14,44,79,1.0,10.0,-7.31,-25.1,5.21,67.4
118,BZUN.O,바오준 ADR,5,120,14,44,79,1.0,10.0,-7.31,-47.91,8.94,70.84
118,BWAY.O,브레인스웨이 ADR,5,120,14,44,79,1.0,10.0,-7.31,-5.78,9.88,64.41
118,ETON.O,이튼 파마슈티컬즈,5,120,14,44,79,1.0,10.0,-7.31,-13.16,9.79,64.82
118,CXDO.O,크렉센도,5,120,14,44,79,1.0,10.0,-7.31,-20.52,9.0,71.05
118,INDI.O,인디 세미컨덕터,5,120,14,44,79,1.0,10.0,-7.31,-8.38,5.07,68.22
118,PRTS.O,카파츠닷컴,5,120,14,44,79,1.0,10.0,-7.31,-15.01,7.99,64.73
118,LNSR.O,렌자,5,120,14,44,79,1.0,10.0,-7.31,-18.42,4.76,68.81
118,POWW.O,애모,5,120,14,44,79,1.0,10.0,-7.31,-38.1,15.79,68.86
118,TURN.O,180 디그리 캐피털,5,120,14,44,79,1.0,10.0,-7.31,-8.58,7.44,67.18
118,ICAD.O,아이캐드,5,120,14,44,79,1.0,10.0,-7.31,1.41,12.07,72.78
118,CUTR.O,큐테라,5,120,14,44,79,1.0,10.0,-7.31,-38.2,8.53,63.11
118,KIRK.O,커클랜드,5,120,14,44,79,1.0,10.0,-7.31,-1.09,10.05,71.89
118,BBGI.O,비슬리 브로드캐스트 그룹,5,120,14,44,79,1.0,10.0,-7.31,-4.93,8.59,65.34
118,MTEX.O,매나테크,5,120,14,44,79,1.0,10.0,-7.31,76.3,15.33,68.21
118,ARTW.O,아츠 웨이 매뉴팩처링,5,120,14,44,79,1.0,10.0,-7.31,-6.19,10.42,62.33
118,CHRS.O,코히러스 바이오사이언스,5,120,14,44,79,1.0,10.0,-7.31,-26.15,4.47,70.64
118,BGFV.O,빅 5 스포팅 구즈,5,120,14,44,79,1.0,10.0,-7.31,-7.55,13.23,67.41
118,NKTR.O,넥타 테라퓨틱스,5,120,14,44,79,1.0,10.0,-7.31,-5.44,8.43,69.75
118,CLNE.O,클린 에너지 퓨얼스,5,120,14,44,79,1.0,10.0,-7.31,-10.25,9.49,66.53
118,QURE.O,유니큐어,5,120,14,44,79,1.0,10.0,-7.31,-6.35,14.45,71.19
118,ATEC.O,알파텍 홀딩스,5,120,14,44,79,1.0,10.0,-7.31,-3.25,14.45,70.76
118,STNE.O,스톤코,5,120,14,44,79,1.0,10.0,-7.31,4.29,9.5,72.13
118,CGEM.O,컬리넌 테라퓨틱스,5,120,14,44,79,1.0,10.0,-7.31,19.6,9.38,70.49
118,BASE.O,카우치베이스,5,120,14,44,79,1.0,10.0,-7.31,14.86,8.48,70.73
118,AMSC.O,아메리칸 수퍼컨덕터,5,120,14,44,79,1.0,10.0,-7.31,7.25,10.01,74.4
118,MNTK.O,몬탁 리뉴어블스,5,120,14,44,79,1.0,10.0,-7.31,-33.74,3.92,69.85
118,VRDN.O,비리디안 테라퓨틱스,5,120,14,44,79,1.0,10.0,-7.31,-24.48,8.14,69.18
118,UPWK.O,업워크,5,120,14,44,79,1.0,10.0,-7.31,31.46,10.17,66.5
118,RGNX.O,리젠엑스바이오,5,120,14,44,79,1.0,10.0,-7.31,-25.84,11.08,65.47
118,VNET.O,브이넷 그룹 ADR,5,120,14,44,79,1.0,10.0,-7.31,25.29,8.22,71.22
118,PHAR.O,파밍 그룹 ADR,5,120,14,44,79,1.0,10.0,-7.31,-5.55,3.51,68.25
118,PPTA.O,퍼페투아 리소시스,5,120,14,44,79,1.0,10.0,-7.31,8.07,8.24,65.65
118,UROY.O,우라늄 로열티,5,120,14,44,79,1.0,10.0,-7.31,-10.78,14.12,71.09
118,TRUE.O,트루카,5,120,14,44,79,1.0,10.0,-7.31,-11.59,9.26,63.23
118,PRTC.O,퓨어 테크 헬스 ADR,5,120,14,44,79,1.0,10.0,-7.31,0.0,9.36,64.81
118,POWW.O,애모,5,120,14,49,74,1.0,10.0,-7.76,-38.1,15.79,68.86
118,PRTS.O,카파츠닷컴,5,120,14,49,74,1.0,10.0,-7.76,-15.01,7.99,64.73
118,RIGL.O,리겔 파마슈티컬스,5,120,14,49,74,1.0,10.0,-7.76,-16.67,12.05,74.28
118,HFFG.O,HF 푸즈그룹,5,120,14,49,74,1.0,10.0,-7.76,-25.1,5.21,67.4
118,BZUN.O,바오준 ADR,5,120,14,49,74,1.0,10.0,-7.76,-47.91,8.94,70.84
118,BWAY.O,브레인스웨이 ADR,5,120,14,49,74,1.0,10.0,-7.76,-5.78,9.88,64.41
118,ETON.O,이튼 파마슈티컬즈,5,120,14,49,74,1.0,10.0,-7.76,-13.16,9.79,64.82
118,CXDO.O,크렉센도,5,120,14,49,74,1.0,10.0,-7.76,-20.52,9.0,71.05
118,BGFV.O,빅 5 스포팅 구즈,5,120,14,49,74,1.0,10.0,-7.76,-4.08,13.23,67.41
118,ICAD.O,아이캐드,5,120,14,49,74,1.0,10.0,-7.76,15.62,12.07,72.78
118,DWSN.O,도슨 지오피지컬,5,120,14,49,74,1.0,10.0,-7.76,-9.31,11.27,64.75
118,LNSR.O,렌자,5,120,14,49,74,1.0,10.0,-7.76,-18.42,4.76,68.81
118,TURN.O,180 디그리 캐피털,5,120,14,49,74,1.0,10.0,-7.76,-8.58,7.44,67.18
118,CUTR.O,큐테라,5,120,14,49,74,1.0,10.0,-7.76,-14.06,8.53,63.11
118,KIRK.O,커클랜드,5,120,14,49,74,1.0,10.0,-7.76,-1.38,10.05,71.89
118,BBGI.O,비슬리 브로드캐스트 그룹,5,120,14,49,74,1.0,10.0,-7.76,-5.01,8.59,65.34
118,MTEX.O,매나테크,5,120,14,49,74,1.0,10.0,-7.76,14.9,15.33,68.21
118,ARTW.O,아츠 웨이 매뉴팩처링,5,120,14,49,74,1.0,10.0,-7.76,-6.19,10.42,62.33
118,CHRS.O,코히러스 바이오사이언스,5,120,14,49,74,1.0,10.0,-7.76,-25.9,4.47,70.64
118,STNE.O,스톤코,5,120,14,49,74,1.0,10.0,-7.76,4.29,9.5,72.13
118,NKTR.O,넥타 테라퓨틱스,5,120,14,49,74,1.0,10.0,-7.76,-5.44,8.43,69.75
118,VRDN.O,비리디안 테라퓨틱스,5,120,14,49,74,1.0,10.0,-7.76,15.8,8.14,69.18
118,ATEC.O,알파텍 홀딩스,5,120,14,49,74,1.0,10.0,-7.76,-3.25,14.45,70.76
118,UPWK.O,업워크,5,120,14,49,74,1.0,10.0,-7.76,18.05,10.17,66.5
118,INDI.O,인디 세미컨덕터,5,120,14,49,74,1.0,10.0,-7.76,-8.38,5.07,68.22
118,MOMO.O,헬로 그룹 ADR,5,120,14,49,74,1.0,10.0,-7.76,-5.96,12.34,65.42
118,CGEM.O,컬리넌 테라퓨틱스,5,120,14,49,74,1.0,10.0,-7.76,19.6,9.38,70.49
118,AMSC.O,아메리칸 수퍼컨덕터,5,120,14,49,74,1.0,10.0,-7.76,5.62,10.01,74.4
118,MNTK.O,몬탁 리뉴어블스,5,120,14,49,74,1.0,10.0,-7.76,-32.08,3.92,69.85
118,BASE.O,카우치베이스,5,120,14,49,74,1.0,10.0,-7.76,14.86,8.48,70.73
118,CLNE.O,클린 에너지 퓨얼스,5,120,14,49,74,1.0,10.0,-7.76,-12.07,9.49,66.53
118,PHAR.O,파밍 그룹 ADR,5,120,14,49,74,1.0,10.0,-7.76,-5.55,3.51,68.25
118,PRTC.O,퓨어 테크 헬스 ADR,5,120,14,49,74,1.0,10.0,-7.76,0.0,9.36,64.81
118,UROY.O,우라늄 로열티,5,120,14,49,74,1.0,10.0,-7.76,-16.05,14.12,71.09
118,PPTA.O,퍼페투아 리소시스,5,120,14,49,74,1.0,10.0,-7.76,8.07,8.24,65.65
118,TRUE.O,트루카,5,120,14,49,74,1.0,10.0,-7.76,-11.59,9.26,63.23
118,VNET.O,브이넷 그룹 ADR,5,120,14,49,74,1.0,10.0,-7.76,-1.44,8.22,71.22
118,RGNX.O,리젠엑스바이오,5,120,14,49,74,1.0,10.0,-7.76,-24.28,11.08,65.47
118,QURE.O,유니큐어,5,120,14,49,74,1.0,10.0,-7.76,-18.03,14.45,71.19
118,BGFV.O,빅 5 스포팅 구즈,5,120,14,49,79,1.0,10.0,-8.49,-7.55,13.23,67.41
118,CHRS.O,코히러스 바이오사이언스,5,120,14,49,79,1.0,10.0,-8.49,-25.9,4.47,70.64
118,RIGL.O,리겔 파마슈티컬스,5,120,14,49,79,1.0,10.0,-8.49,-16.67,12.05,74.28
118,HFFG.O,HF 푸즈그룹,5,120,14,49,79,1.0,10.0,-8.49,-25.1,5.21,67.4
118,BZUN.O,바오준 ADR,5,120,14,49,79,1.0,10.0,-8.49,-47.91,8.94,70.84
118,BWAY.O,브레인스웨이 ADR,5,120,14,49,79,1.0,10.0,-8.49,-5.78,9.88,64.41
118,ETON.O,이튼 파마슈티컬즈,5,120,14,49,79,1.0,10.0,-8.49,-13.16,9.79,64.82
118,CXDO.O,크렉센도,5,120,14,49,79,1.0,10.0,-8.49,-20.52,9.0,71.05
118,MTEX.O,매나테크,5,120,14,49,79,1.0,10.0,-8.49,16.98,15.33,68.21
118,PRTS.O,카파츠닷컴,5,120,14,49,79,1.0,10.0,-8.49,-15.01,7.99,64.73
118,DWSN.O,도슨 지오피지컬,5,120,14,49,79,1.0,10.0,-8.49,-9.31,11.27,64.75
118,LNSR.O,렌자,5,120,14,49,79,1.0,10.0,-8.49,-18.42,4.76,68.81
118,TURN.O,180 디그리 캐피털,5,120,14,49,79,1.0,10.0,-8.49,-8.58,7.44,67.18
118,ICAD.O,아이캐드,5,120,14,49,79,1.0,10.0,-8.49,1.41,12.07,72.78
118,CUTR.O,큐테라,5,120,14,49,79,1.0,10.0,-8.49,-11.74,8.53,63.11
118,KIRK.O,커클랜드,5,120,14,49,79,1.0,10.0,-8.49,-1.09,10.05,71.89
118,BBGI.O,비슬리 브로드캐스트 그룹,5,120,14,49,79,1.0,10.0,-8.49,-4.93,8.59,65.34
118,NKTR.O,넥타 테라퓨틱스,5,120,14,49,79,1.0,10.0,-8.49,-5.44,8.43,69.75
118,POWW.O,애모,5,120,14,49,79,1.0,10.0,-8.49,-38.1,15.79,68.86
118,CLNE.O,클린 에너지 퓨얼스,5,120,14,49,79,1.0,10.0,-8.49,-12.07,9.49,66.53
118,QURE.O,유니큐어,5,120,14,49,79,1.0,10.0,-8.49,-11.04,14.45,71.19
118,AMSC.O,아메리칸 수퍼컨덕터,5,120,14,49,79,1.0,10.0,-8.49,7.25,10.01,74.4
118,STNE.O,스톤코,5,120,14,49,79,1.0,10.0,-8.49,4.29,9.5,72.13
118,ATEC.O,알파텍 홀딩스,5,120,14,49,79,1.0,10.0,-8.49,-3.25,14.45,70.76
118,UPWK.O,업워크,5,120,14,49,79,1.0,10.0,-8.49,31.46,10.17,66.5
118,INDI.O,인디 세미컨덕터,5,120,14,49,79,1.0,10.0,-8.49,-8.38,5.07,68.22
118,MOMO.O,헬로 그룹 ADR,5,120,14,49,79,1.0,10.0,-8.49,-7.57,12.34,65.42
118,CGEM.O,컬리넌 테라퓨틱스,5,120,14,49,79,1.0,10.0,-8.49,19.6,9.38,70.49
118,BASE.O,카우치베이스,5,120,14,49,79,1.0,10.0,-8.49,14.86,8.48,70.73
118,MNTK.O,몬탁 리뉴어블스,5,120,14,49,79,1.0,10.0,-8.49,-32.08,3.92,69.85
118,TRUE.O,트루카,5,120,14,49,79,1.0,10.0,-8.49,-11.59,9.26,63.23
118,VRDN.O,비리디안 테라퓨틱스,5,120,14,49,79,1.0,10.0,-8.49,-24.48,8.14,69.18
118,PRTC.O,퓨어 테크 헬스 ADR,5,120,14,49,79,1.0,10.0,-8.49,0.0,9.36,64.81
118,RGNX.O,리젠엑스바이오,5,120,14,49,79,1.0,10.0,-8.49,-24.28,11.08,65.47
118,VNET.O,브이넷 그룹 ADR,5,120,14,49,79,1.0,10.0,-8.49,2.75,8.22,71.22
118,PHAR.O,파밍 그룹 ADR,5,120,14,49,79,1.0,10.0,-8.49,-5.55,3.51,68.25
118,PPTA.O,퍼페투아 리소시스,5,120,14,49,79,1.0,10.0,-8.49,8.07,8.24,65.65
118,UROY.O,우라늄 로열티,5,120,14,49,79,1.0,10.0,-8.49,-16.05,14.12,71.09
118,ARTW.O,아츠 웨이 매뉴팩처링,5,120,14,49,79,1.0,10.0,-8.49,-6.19,10.42,62.33
