Cluster,Symbol,Name,MA_Short_Window,MA_Long_Window,RSI_Window,RSI_Buy_Threshold,RSI_Sell_Threshold,Stop_Loss_Percent,Take_Profit_Percent,Average_Return,Symbol_sim_return,Return,Std Dev
115,PBBK.O,PB 뱅크셰어,5,120,14,34,54,1.0,10.0,41.31,0.0,9.17,25.53
115,GCMG.O,GCM 그로스브너,5,120,14,34,54,1.0,10.0,41.31,0.0,5.66,29.75
115,WAFD.O,WaFd,5,120,14,34,54,1.0,10.0,41.31,88.3,10.16,28.58
115,CVBF.O,CVB 파이낸셜,5,120,14,34,54,1.0,10.0,41.31,11.15,10.14,31.66
115,SFNC.O,시몬스 퍼스트 내셔널,5,120,14,34,54,1.0,10.0,41.31,86.76,8.87,32.24
115,INDB.O,인디펜던트 뱅크 (매사추세츠),5,120,14,34,54,1.0,10.0,41.31,7.03,12.06,30.9
115,FFBC.O,퍼스트 파이낸셜 뱅코프,5,120,14,34,54,1.0,10.0,41.31,86.41,10.35,33.13
115,TOWN.O,타운뱅크,5,120,14,34,54,1.0,10.0,41.31,51.76,11.41,31.19
115,IART.O,인테그라 라이프사이언시스 홀딩스,5,120,14,34,54,1.0,10.0,41.31,0.0,9.72,30.85
115,WERN.O,웨너 엔터프라이즈,5,120,14,34,54,1.0,10.0,41.31,0.0,8.57,27.61
115,PRGS.O,프로그레스 소프트웨어,5,120,14,34,54,1.0,10.0,41.31,0.0,12.89,30.64
115,NBTB.O,NBT 뱅코프,5,120,14,34,54,1.0,10.0,41.31,0.93,10.47,28.47
115,TRMK.O,트러스트마크,5,120,14,34,54,1.0,10.0,41.31,66.23,8.02,29.11
115,WSBC.O,웨스뱅코,5,120,14,34,54,1.0,10.0,41.31,109.39,9.83,30.85
115,HFWA.O,헤리티지 파이낸셜,5,120,14,34,54,1.0,10.0,41.31,34.08,8.62,31.66
115,CLBK.O,콜롬비아 파이낸셜,5,120,14,34,54,1.0,10.0,41.31,167.39,7.36,29.22
115,STBA.O,S&T 뱅코프,5,120,14,34,54,1.0,10.0,41.31,122.89,11.11,32.19
115,ROIC.O,리테일 오퍼튜니티 인베스트먼트,5,120,14,34,54,1.0,10.0,41.31,95.62,6.59,29.23
115,BUSE.O,퍼스트 뷰지,5,120,14,34,54,1.0,10.0,41.31,63.72,10.2,31.44
115,CSGS.O,CSG 시스템즈인터내셔널,5,120,14,34,54,1.0,10.0,41.31,0.0,10.75,27.71
115,OCFC.O,오션퍼스트 파이낸셜,5,120,14,34,54,1.0,10.0,41.31,61.74,7.92,30.72
115,SBSI.O,사우스사이드 뱅크셰어스,5,120,14,34,54,1.0,10.0,41.31,2.45,10.87,28.92
115,LBRDA.O,리버티 브로드밴드 시리즈 A,5,120,14,34,54,1.0,10.0,41.31,-21.29,8.38,29.91
115,FMBH.O,퍼스트미드 뱅크셰어스,5,120,14,34,54,1.0,10.0,41.31,54.34,11.15,31.54
115,CTBI.O,커뮤니티 트러스트 뱅코프,5,120,14,34,54,1.0,10.0,41.31,121.68,9.43,27.12
115,LLYVA.O,리버티 미디어 Series A,5,120,14,34,54,1.0,10.0,41.31,0.0,8.0,31.72
115,LBTYA.O,리버티 글로벌 Class A,5,120,14,34,54,1.0,10.0,41.31,0.0,8.36,29.79
115,PCH.O,포틀래치델틱,5,120,14,34,54,1.0,10.0,41.31,109.38,6.78,30.39
115,FIBK.O,퍼스트 인터스테이트 뱅크시스템,5,120,14,34,54,1.0,10.0,41.31,12.4,10.42,31.05
115,FULT.O,풀턴 파이낸셜,5,120,14,34,54,1.0,10.0,41.31,84.03,10.14,31.11
115,INTC.O,인텔,5,120,14,34,54,1.0,10.0,41.31,60.74,8.11,30.6
115,PCAR.O,파카,5,120,14,34,54,1.0,10.0,41.31,0.0,11.78,27.71
115,CTSH.O,코그니전트 테크놀로지 솔루션,5,120,14,34,54,1.0,10.0,41.31,0.0,12.19,29.0
115,CCEP.O,코카-콜라 유로퍼시픽 파트너스,5,120,14,34,54,1.0,10.0,41.31,0.0,11.58,24.49
115,TROW.O,티 로웨 프라이스 그룹,5,120,14,34,54,1.0,10.0,41.31,0.0,10.77,28.47
115,NTRS.O,노던 트러스트,5,120,14,34,54,1.0,10.0,41.31,80.06,8.6,28.01
115,GLPI.O,게이밍 앤드 레저 프로퍼티스,5,120,14,34,54,1.0,10.0,41.31,7.8,6.77,29.67
115,REG.O,리젠시 센터스,5,120,14,34,54,1.0,10.0,41.31,71.9,8.76,28.11
115,NWSA.O,뉴스 코퍼레이션 Class A,5,120,14,34,54,1.0,10.0,41.31,-1.01,9.64,29.14
115,HAS.O,해즈브로,5,120,14,34,54,1.0,10.0,41.31,0.0,7.83,30.05
115,SEIC.O,SEI 인베스트먼트,5,120,14,34,54,1.0,10.0,41.31,0.0,11.93,25.92
115,OTEX.O,오픈 텍스트,5,120,14,34,54,1.0,10.0,41.31,0.0,13.32,29.18
115,CBSH.O,커머스 뱅크셰어스,5,120,14,34,54,1.0,10.0,41.31,43.78,10.94,24.71
115,GNTX.O,젠텍스,5,120,14,34,54,1.0,10.0,41.31,0.0,13.91,29.6
115,LBRDK.O,리버티 브로드밴드 시리즈 C,5,120,14,34,54,1.0,10.0,41.31,-20.55,8.56,29.81
115,BOKF.O,BOK 파이낸셜,5,120,14,34,54,1.0,10.0,41.31,0.0,10.73,30.63
115,ONB.O,올드 내셔널 뱅코프,5,120,14,34,54,1.0,10.0,41.31,0.0,9.39,29.06
115,NWS.O,뉴스 코퍼레이션 Class B,5,120,14,34,54,1.0,10.0,41.31,0.11,10.08,29.0
115,UBSI.O,유나이티드 뱅크셰어스(Nasdaq GS),5,120,14,34,54,1.0,10.0,41.31,130.78,8.26,31.06
115,UMBF.O,UMB 파이낸셜,5,120,14,34,54,1.0,10.0,41.31,0.0,12.73,31.3
115,AVT.O,에이브이넷,5,120,14,34,54,1.0,10.0,41.31,0.0,10.14,29.6
115,PECO.O,필립스 에디슨 & 코,5,120,14,34,54,1.0,10.0,41.31,0.0,10.22,25.08
115,LBTYK.O,리버티 글로벌 Class C,5,120,14,34,54,1.0,10.0,41.31,0.0,8.66,29.05
115,UVSP.O,유니베스트 파이낸셜,5,120,14,34,54,1.0,10.0,41.31,43.71,8.74,31.52
115,GSBC.O,그레이트 서던 뱅코프,5,120,14,34,54,1.0,10.0,41.31,175.37,13.76,30.39
115,UTMD.O,유타 메디컬 프로덕츠,5,120,14,34,54,1.0,10.0,41.31,0.0,12.66,30.8
115,MRBK.O,메리디안,5,120,14,34,54,1.0,10.0,41.31,0.0,9.41,33.02
115,RGCO.O,RGC 리소스,5,120,14,34,54,1.0,10.0,41.31,0.0,10.16,29.86
115,BCBP.O,BCB 뱅코프,5,120,14,34,54,1.0,10.0,41.31,46.55,9.24,30.5
115,BWFG.O,뱅크웰 파이낸셜 그룹,5,120,14,34,54,1.0,10.0,41.31,123.52,8.91,29.41
115,VABK.O,버지니아 내셔널 뱅크셰어,5,120,14,34,54,1.0,10.0,41.31,0.0,8.63,30.78
115,ESSA.O,ESSA 뱅코프,5,120,14,34,54,1.0,10.0,41.31,8.7,7.75,28.89
115,MSSAU.O,Metal Sky Star Acquisition Units,5,120,14,34,54,1.0,10.0,41.31,0.0,9.24,25.99
115,WAVSU.O,Western Acquisition Ventures Units,5,120,14,34,54,1.0,10.0,41.31,0.0,8.16,29.75
115,BFIN.O,뱅크파이낸셜,5,120,14,34,54,1.0,10.0,41.31,25.54,7.21,30.49
115,GLLIU.O,Globalink Investment Units,5,120,14,34,54,1.0,10.0,41.31,0.0,10.4,32.91
115,CZWI.O,시티즌스 커뮤니티 뱅코프,5,120,14,34,54,1.0,10.0,41.31,286.87,13.18,28.84
115,FRAF.O,프랭클린 파이낸셜 서비스,5,120,14,34,54,1.0,10.0,41.31,19.3,8.08,27.71
115,CBFV.O,CB 파이낸셜 서비스,5,120,14,34,54,1.0,10.0,41.31,0.0,7.07,28.07
115,BPRN.O,뱅크 오브 프린스턴,5,120,14,34,54,1.0,10.0,41.31,108.12,9.38,33.05
115,WINVU.O,WinVest Acquisition Units,5,120,14,34,54,1.0,10.0,41.31,0.0,11.55,29.96
115,GLSTU.O,Global Star Acquisition Units,5,120,14,34,54,1.0,10.0,41.31,0.0,11.45,32.3
115,LARK.O,랜드마크 뱅코프,5,120,14,34,54,1.0,10.0,41.31,-4.12,10.46,30.51
115,SPKLU.O,Spark I Acquisition Units,5,120,14,34,54,1.0,10.0,41.31,0.0,8.19,27.97
115,ACACU.O,Acri Capital Acquisition Units,5,120,14,34,54,1.0,10.0,41.31,14.67,10.52,25.31
115,PROV.O,프로비던트 파이낸셜 홀딩스,5,120,14,34,54,1.0,10.0,41.31,48.62,10.62,27.22
115,HHGCU.O,HHG Capital Units,5,120,14,34,54,1.0,10.0,41.31,0.0,7.98,28.1
115,LSBK.O,레이크 쇼어 뱅코프,5,120,14,34,54,1.0,10.0,41.31,26.2,7.09,26.55
115,ICCH.O,ICC 홀딩스,5,120,14,34,54,1.0,10.0,41.31,0.37,11.15,30.77
115,SELF.O,글로벌 셀프 스토리지,5,120,14,34,54,1.0,10.0,41.31,59.63,6.92,28.09
115,CRWS.O,크라운 크래프츠,5,120,14,34,54,1.0,10.0,41.31,51.74,7.37,31.0
115,NWFL.O,노우드 파이낸셜,5,120,14,34,54,1.0,10.0,41.31,262.74,10.26,31.89
115,CSCO.O,시스코 시스템즈,5,120,14,34,54,1.0,10.0,41.31,60.5,9.05,25.93
115,TRST.O,트러스트코 은행 N Y,5,120,14,34,54,1.0,10.0,41.31,13.22,6.07,29.58
115,PFIS.O,피플스 파이낸셜 서비스,5,120,14,34,54,1.0,10.0,41.31,0.0,10.48,32.65
115,HONE.O,하버원 뱅코프,5,120,14,34,54,1.0,10.0,41.31,0.0,13.05,29.78
115,CAC.O,캠던 내셔널,5,120,14,34,54,1.0,10.0,41.31,16.41,10.47,31.2
115,YORW.O,요크 워터,5,120,14,34,54,1.0,10.0,41.31,0.0,12.12,28.41
115,CATC.O,케임브리지 뱅코프,5,120,14,34,54,1.0,10.0,41.31,58.87,10.22,28.37
115,NFBK.O,노스필드 뱅코프,5,120,14,34,54,1.0,10.0,41.31,162.67,6.43,28.36
115,CASS.O,캐스 인포메이션 시스템즈,5,120,14,34,54,1.0,10.0,41.31,76.36,9.95,31.16
115,WASH.O,워싱턴 트러스트 뱅코프,5,120,14,34,54,1.0,10.0,41.31,76.83,9.35,31.4
115,THFF.O,퍼스트 파이낸셜,5,120,14,34,54,1.0,10.0,41.31,33.07,8.38,28.09
115,AROW.O,애로우 파이낸셜,5,120,14,34,54,1.0,10.0,41.31,78.8,8.27,28.39
115,ITRN.O,이투란 로케이션 앤 콘트롤,5,120,14,34,54,1.0,10.0,41.31,137.76,9.0,30.29
115,GAIN.O,글래드스톤 인베스트먼트,5,120,14,34,54,1.0,10.0,41.31,0.0,9.82,26.4
115,MOFG.O,미드웨스트원 파이낸셜 그룹,5,120,14,34,54,1.0,10.0,41.31,81.47,10.82,32.59
115,BCML.O,베이컴,5,120,14,34,54,1.0,10.0,41.31,83.29,12.6,31.54
115,CARE.O,카터 뱅크셰어스,5,120,14,34,54,1.0,10.0,41.31,231.37,10.94,32.18
115,ARTNA.O,아르테시안 리소시스,5,120,14,34,54,1.0,10.0,41.31,0.0,9.07,26.07
115,HBCP.O,홈 뱅코프,5,120,14,34,54,1.0,10.0,41.31,91.72,13.8,29.42
115,BMRC.O,뱅크 오브 마린 뱅코프,5,120,14,34,54,1.0,10.0,41.31,17.99,7.4,30.71
115,NODK.O,NI 홀딩스,5,120,14,34,54,1.0,10.0,41.31,42.09,6.1,30.73
115,ACABU.O,Atlantic Coastal Acquisition II Units,5,120,14,34,54,1.0,10.0,41.31,0.0,7.48,26.4
115,FNLC.O,퍼스트 뱅코프,5,120,14,34,54,1.0,10.0,41.31,0.0,11.47,32.35
115,IRAAU.O,Iris Acquisition Units,5,120,14,34,54,1.0,10.0,41.31,0.0,10.38,26.14
115,SLMBP.O,SLM 우선주 시리즈 B,5,120,14,34,54,1.0,10.0,41.31,82.45,8.43,26.38
115,VBNK.O,버사뱅크,5,120,14,34,54,1.0,10.0,41.31,45.67,8.13,29.25
115,FLIC.O,퍼스트 오브 롱 아일랜드,5,120,14,34,54,1.0,10.0,41.31,24.46,6.07,30.71
115,INTC.O,인텔,5,60,14,29,54,1.0,10.0,34.58,0.0,8.11,30.6
115,CSCO.O,시스코 시스템즈,5,60,14,29,54,1.0,10.0,34.58,61.52,9.05,25.93
115,PBBK.O,PB 뱅크셰어,5,60,14,29,54,1.0,10.0,34.58,0.0,9.17,25.53
115,BCML.O,베이컴,5,60,14,29,54,1.0,10.0,34.58,46.62,12.6,31.54
115,VBNK.O,버사뱅크,5,60,14,29,54,1.0,10.0,34.58,45.25,8.13,29.25
115,SLMBP.O,SLM 우선주 시리즈 B,5,60,14,29,54,1.0,10.0,34.58,54.14,8.43,26.38
115,IRAAU.O,Iris Acquisition Units,5,60,14,29,54,1.0,10.0,34.58,0.0,10.38,26.14
115,FNLC.O,퍼스트 뱅코프,5,60,14,29,54,1.0,10.0,34.58,0.0,11.47,32.35
115,ACABU.O,Atlantic Coastal Acquisition II Units,5,60,14,29,54,1.0,10.0,34.58,0.0,7.48,26.4
115,NODK.O,NI 홀딩스,5,60,14,29,54,1.0,10.0,34.58,0.0,6.1,30.73
115,BMRC.O,뱅크 오브 마린 뱅코프,5,60,14,29,54,1.0,10.0,34.58,13.41,7.4,30.71
115,HBCP.O,홈 뱅코프,5,60,14,29,54,1.0,10.0,34.58,0.0,13.8,29.42
115,ARTNA.O,아르테시안 리소시스,5,60,14,29,54,1.0,10.0,34.58,0.0,9.07,26.07
115,CARE.O,카터 뱅크셰어스,5,60,14,29,54,1.0,10.0,34.58,59.07,10.94,32.18
115,MOFG.O,미드웨스트원 파이낸셜 그룹,5,60,14,29,54,1.0,10.0,34.58,0.0,10.82,32.59
115,PFIS.O,피플스 파이낸셜 서비스,5,60,14,29,54,1.0,10.0,34.58,0.0,10.48,32.65
115,GAIN.O,글래드스톤 인베스트먼트,5,60,14,29,54,1.0,10.0,34.58,0.0,9.82,26.4
115,ITRN.O,이투란 로케이션 앤 콘트롤,5,60,14,29,54,1.0,10.0,34.58,0.0,9.0,30.29
115,AROW.O,애로우 파이낸셜,5,60,14,29,54,1.0,10.0,34.58,0.0,8.27,28.39
115,THFF.O,퍼스트 파이낸셜,5,60,14,29,54,1.0,10.0,34.58,0.0,8.38,28.09
115,WASH.O,워싱턴 트러스트 뱅코프,5,60,14,29,54,1.0,10.0,34.58,0.0,9.35,31.4
115,CASS.O,캐스 인포메이션 시스템즈,5,60,14,29,54,1.0,10.0,34.58,0.0,9.95,31.16
115,NFBK.O,노스필드 뱅코프,5,60,14,29,54,1.0,10.0,34.58,151.02,6.43,28.36
115,CATC.O,케임브리지 뱅코프,5,60,14,29,54,1.0,10.0,34.58,23.03,10.22,28.37
115,YORW.O,요크 워터,5,60,14,29,54,1.0,10.0,34.58,0.0,12.12,28.41
115,CAC.O,캠던 내셔널,5,60,14,29,54,1.0,10.0,34.58,28.01,10.47,31.2
115,HONE.O,하버원 뱅코프,5,60,14,29,54,1.0,10.0,34.58,0.0,13.05,29.78
115,FLIC.O,퍼스트 오브 롱 아일랜드,5,60,14,29,54,1.0,10.0,34.58,9.07,6.07,30.71
115,UTMD.O,유타 메디컬 프로덕츠,5,60,14,29,54,1.0,10.0,34.58,0.0,12.66,30.8
115,GSBC.O,그레이트 서던 뱅코프,5,60,14,29,54,1.0,10.0,34.58,192.0,13.76,30.39
115,BPRN.O,뱅크 오브 프린스턴,5,60,14,29,54,1.0,10.0,34.58,89.29,9.38,33.05
115,ICCH.O,ICC 홀딩스,5,60,14,29,54,1.0,10.0,34.58,53.05,11.15,30.77
115,LSBK.O,레이크 쇼어 뱅코프,5,60,14,29,54,1.0,10.0,34.58,0.0,7.09,26.55
115,HHGCU.O,HHG Capital Units,5,60,14,29,54,1.0,10.0,34.58,0.0,7.98,28.1
115,PROV.O,프로비던트 파이낸셜 홀딩스,5,60,14,29,54,1.0,10.0,34.58,63.41,10.62,27.22
115,ACACU.O,Acri Capital Acquisition Units,5,60,14,29,54,1.0,10.0,34.58,0.0,10.52,25.31
115,SPKLU.O,Spark I Acquisition Units,5,60,14,29,54,1.0,10.0,34.58,0.0,8.19,27.97
115,LARK.O,랜드마크 뱅코프,5,60,14,29,54,1.0,10.0,34.58,14.62,10.46,30.51
115,GLSTU.O,Global Star Acquisition Units,5,60,14,29,54,1.0,10.0,34.58,0.0,11.45,32.3
115,WINVU.O,WinVest Acquisition Units,5,60,14,29,54,1.0,10.0,34.58,0.0,11.55,29.96
115,CBFV.O,CB 파이낸셜 서비스,5,60,14,29,54,1.0,10.0,34.58,0.0,7.07,28.07
115,MRBK.O,메리디안,5,60,14,29,54,1.0,10.0,34.58,0.0,9.41,33.02
115,FRAF.O,프랭클린 파이낸셜 서비스,5,60,14,29,54,1.0,10.0,34.58,10.14,8.08,27.71
115,CZWI.O,시티즌스 커뮤니티 뱅코프,5,60,14,29,54,1.0,10.0,34.58,0.0,13.18,28.84
115,GLLIU.O,Globalink Investment Units,5,60,14,29,54,1.0,10.0,34.58,0.0,10.4,32.91
115,BFIN.O,뱅크파이낸셜,5,60,14,29,54,1.0,10.0,34.58,14.56,7.21,30.49
115,WAVSU.O,Western Acquisition Ventures Units,5,60,14,29,54,1.0,10.0,34.58,0.0,8.16,29.75
115,MSSAU.O,Metal Sky Star Acquisition Units,5,60,14,29,54,1.0,10.0,34.58,0.0,9.24,25.99
115,ESSA.O,ESSA 뱅코프,5,60,14,29,54,1.0,10.0,34.58,0.0,7.75,28.89
115,VABK.O,버지니아 내셔널 뱅크셰어,5,60,14,29,54,1.0,10.0,34.58,0.0,8.63,30.78
115,BWFG.O,뱅크웰 파이낸셜 그룹,5,60,14,29,54,1.0,10.0,34.58,110.23,8.91,29.41
115,BCBP.O,BCB 뱅코프,5,60,14,29,54,1.0,10.0,34.58,267.0,9.24,30.5
115,RGCO.O,RGC 리소스,5,60,14,29,54,1.0,10.0,34.58,0.0,10.16,29.86
115,NWFL.O,노우드 파이낸셜,5,60,14,29,54,1.0,10.0,34.58,192.99,10.26,31.89
115,TRST.O,트러스트코 은행 N Y,5,60,14,29,54,1.0,10.0,34.58,25.12,6.07,29.58
115,HFWA.O,헤리티지 파이낸셜,5,60,14,29,54,1.0,10.0,34.58,29.39,8.62,31.66
115,CRWS.O,크라운 크래프츠,5,60,14,29,54,1.0,10.0,34.58,56.67,7.37,31.0
115,PCH.O,포틀래치델틱,5,60,14,29,54,1.0,10.0,34.58,0.0,6.78,30.39
115,FULT.O,풀턴 파이낸셜,5,60,14,29,54,1.0,10.0,34.58,206.51,10.14,31.11
115,LBTYK.O,리버티 글로벌 Class C,5,60,14,29,54,1.0,10.0,34.58,0.0,8.66,29.05
115,PECO.O,필립스 에디슨 & 코,5,60,14,29,54,1.0,10.0,34.58,0.0,10.22,25.08
115,AVT.O,에이브이넷,5,60,14,29,54,1.0,10.0,34.58,0.0,10.14,29.6
115,UMBF.O,UMB 파이낸셜,5,60,14,29,54,1.0,10.0,34.58,0.0,12.73,31.3
115,UBSI.O,유나이티드 뱅크셰어스(Nasdaq GS),5,60,14,29,54,1.0,10.0,34.58,237.98,8.26,31.06
115,NWS.O,뉴스 코퍼레이션 Class B,5,60,14,29,54,1.0,10.0,34.58,0.0,10.08,29.0
115,ONB.O,올드 내셔널 뱅코프,5,60,14,29,54,1.0,10.0,34.58,0.0,9.39,29.06
115,BOKF.O,BOK 파이낸셜,5,60,14,29,54,1.0,10.0,34.58,0.0,10.73,30.63
115,LBRDK.O,리버티 브로드밴드 시리즈 C,5,60,14,29,54,1.0,10.0,34.58,0.0,8.56,29.81
115,GNTX.O,젠텍스,5,60,14,29,54,1.0,10.0,34.58,0.0,13.91,29.6
115,CBSH.O,커머스 뱅크셰어스,5,60,14,29,54,1.0,10.0,34.58,0.0,10.94,24.71
115,OTEX.O,오픈 텍스트,5,60,14,29,54,1.0,10.0,34.58,0.0,13.32,29.18
115,SEIC.O,SEI 인베스트먼트,5,60,14,29,54,1.0,10.0,34.58,0.0,11.93,25.92
115,HAS.O,해즈브로,5,60,14,29,54,1.0,10.0,34.58,9.12,7.83,30.05
115,NWSA.O,뉴스 코퍼레이션 Class A,5,60,14,29,54,1.0,10.0,34.58,0.0,9.64,29.14
115,REG.O,리젠시 센터스,5,60,14,29,54,1.0,10.0,34.58,64.87,8.76,28.11
115,GLPI.O,게이밍 앤드 레저 프로퍼티스,5,60,14,29,54,1.0,10.0,34.58,8.36,6.77,29.67
115,NTRS.O,노던 트러스트,5,60,14,29,54,1.0,10.0,34.58,66.52,8.6,28.01
115,TROW.O,티 로웨 프라이스 그룹,5,60,14,29,54,1.0,10.0,34.58,0.0,10.77,28.47
115,CCEP.O,코카-콜라 유로퍼시픽 파트너스,5,60,14,29,54,1.0,10.0,34.58,0.0,11.58,24.49
115,CTSH.O,코그니전트 테크놀로지 솔루션,5,60,14,29,54,1.0,10.0,34.58,0.0,12.19,29.0
115,PCAR.O,파카,5,60,14,29,54,1.0,10.0,34.58,0.0,11.78,27.71
115,FIBK.O,퍼스트 인터스테이트 뱅크시스템,5,60,14,29,54,1.0,10.0,34.58,0.0,10.42,31.05
115,LBTYA.O,리버티 글로벌 Class A,5,60,14,29,54,1.0,10.0,34.58,0.0,8.36,29.79
115,UVSP.O,유니베스트 파이낸셜,5,60,14,29,54,1.0,10.0,34.58,24.37,8.74,31.52
115,WAFD.O,WaFd,5,60,14,29,54,1.0,10.0,34.58,0.0,10.16,28.58
115,LLYVA.O,리버티 미디어 Series A,5,60,14,29,54,1.0,10.0,34.58,0.0,8.0,31.72
115,CTBI.O,커뮤니티 트러스트 뱅코프,5,60,14,29,54,1.0,10.0,34.58,707.21,9.43,27.12
115,FMBH.O,퍼스트미드 뱅크셰어스,5,60,14,29,54,1.0,10.0,34.58,0.0,11.15,31.54
115,LBRDA.O,리버티 브로드밴드 시리즈 A,5,60,14,29,54,1.0,10.0,34.58,0.0,8.38,29.91
115,SBSI.O,사우스사이드 뱅크셰어스,5,60,14,29,54,1.0,10.0,34.58,0.0,10.87,28.92
115,OCFC.O,오션퍼스트 파이낸셜,5,60,14,29,54,1.0,10.0,34.58,0.0,7.92,30.72
115,CSGS.O,CSG 시스템즈인터내셔널,5,60,14,29,54,1.0,10.0,34.58,60.17,10.75,27.71
115,BUSE.O,퍼스트 뷰지,5,60,14,29,54,1.0,10.0,34.58,0.0,10.2,31.44
115,ROIC.O,리테일 오퍼튜니티 인베스트먼트,5,60,14,29,54,1.0,10.0,34.58,76.13,6.59,29.23
115,STBA.O,S&T 뱅코프,5,60,14,29,54,1.0,10.0,34.58,188.6,11.11,32.19
115,CLBK.O,콜롬비아 파이낸셜,5,60,14,29,54,1.0,10.0,34.58,198.67,7.36,29.22
115,WSBC.O,웨스뱅코,5,60,14,29,54,1.0,10.0,34.58,113.54,9.83,30.85
115,GCMG.O,GCM 그로스브너,5,60,14,29,54,1.0,10.0,34.58,0.0,5.66,29.75
115,TRMK.O,트러스트마크,5,60,14,29,54,1.0,10.0,34.58,0.0,8.02,29.11
115,NBTB.O,NBT 뱅코프,5,60,14,29,54,1.0,10.0,34.58,4.78,10.47,28.47
115,PRGS.O,프로그레스 소프트웨어,5,60,14,29,54,1.0,10.0,34.58,0.0,12.89,30.64
115,WERN.O,웨너 엔터프라이즈,5,60,14,29,54,1.0,10.0,34.58,0.0,8.57,27.61
115,IART.O,인테그라 라이프사이언시스 홀딩스,5,60,14,29,54,1.0,10.0,34.58,0.0,9.72,30.85
115,TOWN.O,타운뱅크,5,60,14,29,54,1.0,10.0,34.58,24.83,11.41,31.19
115,FFBC.O,퍼스트 파이낸셜 뱅코프,5,60,14,29,54,1.0,10.0,34.58,0.0,10.35,33.13
115,INDB.O,인디펜던트 뱅크 (매사추세츠),5,60,14,29,54,1.0,10.0,34.58,0.0,12.06,30.9
115,SFNC.O,시몬스 퍼스트 내셔널,5,60,14,29,54,1.0,10.0,34.58,133.87,8.87,32.24
115,CVBF.O,CVB 파이낸셜,5,60,14,29,54,1.0,10.0,34.58,34.46,10.14,31.66
115,SELF.O,글로벌 셀프 스토리지,5,60,14,29,54,1.0,10.0,34.58,0.0,6.92,28.09
115,LSBK.O,레이크 쇼어 뱅코프,5,60,14,34,54,1.0,10.0,34.32,4.16,7.09,26.55
115,HHGCU.O,HHG Capital Units,5,60,14,34,54,1.0,10.0,34.32,0.0,7.98,28.1
115,SLMBP.O,SLM 우선주 시리즈 B,5,60,14,34,54,1.0,10.0,34.32,17.63,8.43,26.38
115,FNLC.O,퍼스트 뱅코프,5,60,14,34,54,1.0,10.0,34.32,0.0,11.47,32.35
115,ACABU.O,Atlantic Coastal Acquisition II Units,5,60,14,34,54,1.0,10.0,34.32,0.0,7.48,26.4
115,NODK.O,NI 홀딩스,5,60,14,34,54,1.0,10.0,34.32,97.99,6.1,30.73
115,BMRC.O,뱅크 오브 마린 뱅코프,5,60,14,34,54,1.0,10.0,34.32,13.41,7.4,30.71
115,HBCP.O,홈 뱅코프,5,60,14,34,54,1.0,10.0,34.32,40.79,13.8,29.42
115,ARTNA.O,아르테시안 리소시스,5,60,14,34,54,1.0,10.0,34.32,0.0,9.07,26.07
115,CARE.O,카터 뱅크셰어스,5,60,14,34,54,1.0,10.0,34.32,59.07,10.94,32.18
115,MOFG.O,미드웨스트원 파이낸셜 그룹,5,60,14,34,54,1.0,10.0,34.32,49.81,10.82,32.59
115,PFIS.O,피플스 파이낸셜 서비스,5,60,14,34,54,1.0,10.0,34.32,23.98,10.48,32.65
115,GAIN.O,글래드스톤 인베스트먼트,5,60,14,34,54,1.0,10.0,34.32,0.0,9.82,26.4
115,ITRN.O,이투란 로케이션 앤 콘트롤,5,60,14,34,54,1.0,10.0,34.32,22.97,9.0,30.29
115,AROW.O,애로우 파이낸셜,5,60,14,34,54,1.0,10.0,34.32,48.93,8.27,28.39
115,THFF.O,퍼스트 파이낸셜,5,60,14,34,54,1.0,10.0,34.32,33.75,8.38,28.09
115,WASH.O,워싱턴 트러스트 뱅코프,5,60,14,34,54,1.0,10.0,34.32,32.23,9.35,31.4
115,CASS.O,캐스 인포메이션 시스템즈,5,60,14,34,54,1.0,10.0,34.32,166.34,9.95,31.16
115,NFBK.O,노스필드 뱅코프,5,60,14,34,54,1.0,10.0,34.32,24.02,6.43,28.36
115,CATC.O,케임브리지 뱅코프,5,60,14,34,54,1.0,10.0,34.32,33.72,10.22,28.37
115,YORW.O,요크 워터,5,60,14,34,54,1.0,10.0,34.32,0.0,12.12,28.41
115,CAC.O,캠던 내셔널,5,60,14,34,54,1.0,10.0,34.32,28.01,10.47,31.2
115,HONE.O,하버원 뱅코프,5,60,14,34,54,1.0,10.0,34.32,43.4,13.05,29.78
115,TRST.O,트러스트코 은행 N Y,5,60,14,34,54,1.0,10.0,34.32,25.12,6.07,29.58
115,GSBC.O,그레이트 서던 뱅코프,5,60,14,34,54,1.0,10.0,34.32,192.0,13.76,30.39
115,HFWA.O,헤리티지 파이낸셜,5,60,14,34,54,1.0,10.0,34.32,39.4,8.62,31.66
115,IRAAU.O,Iris Acquisition Units,5,60,14,34,54,1.0,10.0,34.32,0.0,10.38,26.14
115,VBNK.O,버사뱅크,5,60,14,34,54,1.0,10.0,34.32,45.25,8.13,29.25
115,LLYVA.O,리버티 미디어 Series A,5,60,14,34,54,1.0,10.0,34.32,0.0,8.0,31.72
115,FLIC.O,퍼스트 오브 롱 아일랜드,5,60,14,34,54,1.0,10.0,34.32,18.2,6.07,30.71
115,PROV.O,프로비던트 파이낸셜 홀딩스,5,60,14,34,54,1.0,10.0,34.32,18.22,10.62,27.22
115,ACACU.O,Acri Capital Acquisition Units,5,60,14,34,54,1.0,10.0,34.32,14.24,10.52,25.31
115,SPKLU.O,Spark I Acquisition Units,5,60,14,34,54,1.0,10.0,34.32,0.0,8.19,27.97
115,LARK.O,랜드마크 뱅코프,5,60,14,34,54,1.0,10.0,34.32,-2.98,10.46,30.51
115,GLSTU.O,Global Star Acquisition Units,5,60,14,34,54,1.0,10.0,34.32,0.0,11.45,32.3
115,WINVU.O,WinVest Acquisition Units,5,60,14,34,54,1.0,10.0,34.32,0.0,11.55,29.96
115,CBFV.O,CB 파이낸셜 서비스,5,60,14,34,54,1.0,10.0,34.32,0.0,7.07,28.07
115,MRBK.O,메리디안,5,60,14,34,54,1.0,10.0,34.32,0.0,9.41,33.02
115,FRAF.O,프랭클린 파이낸셜 서비스,5,60,14,34,54,1.0,10.0,34.32,25.62,8.08,27.71
115,CZWI.O,시티즌스 커뮤니티 뱅코프,5,60,14,34,54,1.0,10.0,34.32,84.12,13.18,28.84
115,GLLIU.O,Globalink Investment Units,5,60,14,34,54,1.0,10.0,34.32,0.0,10.4,32.91
115,BFIN.O,뱅크파이낸셜,5,60,14,34,54,1.0,10.0,34.32,7.87,7.21,30.49
115,WAVSU.O,Western Acquisition Ventures Units,5,60,14,34,54,1.0,10.0,34.32,0.0,8.16,29.75
115,MSSAU.O,Metal Sky Star Acquisition Units,5,60,14,34,54,1.0,10.0,34.32,0.0,9.24,25.99
115,ESSA.O,ESSA 뱅코프,5,60,14,34,54,1.0,10.0,34.32,7.7,7.75,28.89
115,VABK.O,버지니아 내셔널 뱅크셰어,5,60,14,34,54,1.0,10.0,34.32,0.0,8.63,30.78
115,BWFG.O,뱅크웰 파이낸셜 그룹,5,60,14,34,54,1.0,10.0,34.32,110.23,8.91,29.41
115,BCBP.O,BCB 뱅코프,5,60,14,34,54,1.0,10.0,34.32,28.14,9.24,30.5
115,RGCO.O,RGC 리소스,5,60,14,34,54,1.0,10.0,34.32,51.45,10.16,29.86
115,NWFL.O,노우드 파이낸셜,5,60,14,34,54,1.0,10.0,34.32,192.99,10.26,31.89
115,BPRN.O,뱅크 오브 프린스턴,5,60,14,34,54,1.0,10.0,34.32,38.03,9.38,33.05
115,UTMD.O,유타 메디컬 프로덕츠,5,60,14,34,54,1.0,10.0,34.32,-1.78,12.66,30.8
115,BCML.O,베이컴,5,60,14,34,54,1.0,10.0,34.32,46.62,12.6,31.54
115,PBBK.O,PB 뱅크셰어,5,60,14,34,54,1.0,10.0,34.32,0.0,9.17,25.53
115,CTBI.O,커뮤니티 트러스트 뱅코프,5,60,14,34,54,1.0,10.0,34.32,153.82,9.43,27.12
115,SELF.O,글로벌 셀프 스토리지,5,60,14,34,54,1.0,10.0,34.32,37.12,6.92,28.09
115,LBTYK.O,리버티 글로벌 Class C,5,60,14,34,54,1.0,10.0,34.32,46.24,8.66,29.05
115,AVT.O,에이브이넷,5,60,14,34,54,1.0,10.0,34.32,0.0,10.14,29.6
115,UMBF.O,UMB 파이낸셜,5,60,14,34,54,1.0,10.0,34.32,0.0,12.73,31.3
115,UBSI.O,유나이티드 뱅크셰어스(Nasdaq GS),5,60,14,34,54,1.0,10.0,34.32,45.54,8.26,31.06
115,NWS.O,뉴스 코퍼레이션 Class B,5,60,14,34,54,1.0,10.0,34.32,2.29,10.08,29.0
115,ONB.O,올드 내셔널 뱅코프,5,60,14,34,54,1.0,10.0,34.32,0.0,9.39,29.06
115,BOKF.O,BOK 파이낸셜,5,60,14,34,54,1.0,10.0,34.32,0.0,10.73,30.63
115,LBRDK.O,리버티 브로드밴드 시리즈 C,5,60,14,34,54,1.0,10.0,34.32,-16.39,8.56,29.81
115,GNTX.O,젠텍스,5,60,14,34,54,1.0,10.0,34.32,0.0,13.91,29.6
115,CBSH.O,커머스 뱅크셰어스,5,60,14,34,54,1.0,10.0,34.32,20.83,10.94,24.71
115,OTEX.O,오픈 텍스트,5,60,14,34,54,1.0,10.0,34.32,0.0,13.32,29.18
115,SEIC.O,SEI 인베스트먼트,5,60,14,34,54,1.0,10.0,34.32,65.53,11.93,25.92
115,HAS.O,해즈브로,5,60,14,34,54,1.0,10.0,34.32,5.76,7.83,30.05
115,NWSA.O,뉴스 코퍼레이션 Class A,5,60,14,34,54,1.0,10.0,34.32,1.59,9.64,29.14
115,REG.O,리젠시 센터스,5,60,14,34,54,1.0,10.0,34.32,28.67,8.76,28.11
115,GLPI.O,게이밍 앤드 레저 프로퍼티스,5,60,14,34,54,1.0,10.0,34.32,8.36,6.77,29.67
115,NTRS.O,노던 트러스트,5,60,14,34,54,1.0,10.0,34.32,66.52,8.6,28.01
115,TROW.O,티 로웨 프라이스 그룹,5,60,14,34,54,1.0,10.0,34.32,0.0,10.77,28.47
115,CCEP.O,코카-콜라 유로퍼시픽 파트너스,5,60,14,34,54,1.0,10.0,34.32,0.0,11.58,24.49
115,CTSH.O,코그니전트 테크놀로지 솔루션,5,60,14,34,54,1.0,10.0,34.32,0.0,12.19,29.0
115,PCAR.O,파카,5,60,14,34,54,1.0,10.0,34.32,15.96,11.78,27.71
115,INTC.O,인텔,5,60,14,34,54,1.0,10.0,34.32,44.13,8.11,30.6
115,CSCO.O,시스코 시스템즈,5,60,14,34,54,1.0,10.0,34.32,61.52,9.05,25.93
115,ICCH.O,ICC 홀딩스,5,60,14,34,54,1.0,10.0,34.32,0.38,11.15,30.77
115,PECO.O,필립스 에디슨 & 코,5,60,14,34,54,1.0,10.0,34.32,0.0,10.22,25.08
115,FULT.O,풀턴 파이낸셜,5,60,14,34,54,1.0,10.0,34.32,98.08,10.14,31.11
115,FMBH.O,퍼스트미드 뱅크셰어스,5,60,14,34,54,1.0,10.0,34.32,50.94,11.15,31.54
115,FIBK.O,퍼스트 인터스테이트 뱅크시스템,5,60,14,34,54,1.0,10.0,34.32,28.96,10.42,31.05
115,LBRDA.O,리버티 브로드밴드 시리즈 A,5,60,14,34,54,1.0,10.0,34.32,-16.77,8.38,29.91
115,SBSI.O,사우스사이드 뱅크셰어스,5,60,14,34,54,1.0,10.0,34.32,43.38,10.87,28.92
115,OCFC.O,오션퍼스트 파이낸셜,5,60,14,34,54,1.0,10.0,34.32,60.61,7.92,30.72
115,CSGS.O,CSG 시스템즈인터내셔널,5,60,14,34,54,1.0,10.0,34.32,60.17,10.75,27.71
115,BUSE.O,퍼스트 뷰지,5,60,14,34,54,1.0,10.0,34.32,66.7,10.2,31.44
115,ROIC.O,리테일 오퍼튜니티 인베스트먼트,5,60,14,34,54,1.0,10.0,34.32,76.13,6.59,29.23
115,STBA.O,S&T 뱅코프,5,60,14,34,54,1.0,10.0,34.32,69.89,11.11,32.19
115,CLBK.O,콜롬비아 파이낸셜,5,60,14,34,54,1.0,10.0,34.32,198.67,7.36,29.22
115,WSBC.O,웨스뱅코,5,60,14,34,54,1.0,10.0,34.32,61.09,9.83,30.85
115,GCMG.O,GCM 그로스브너,5,60,14,34,54,1.0,10.0,34.32,12.29,5.66,29.75
115,TRMK.O,트러스트마크,5,60,14,34,54,1.0,10.0,34.32,123.81,8.02,29.11
115,NBTB.O,NBT 뱅코프,5,60,14,34,54,1.0,10.0,34.32,4.78,10.47,28.47
115,PRGS.O,프로그레스 소프트웨어,5,60,14,34,54,1.0,10.0,34.32,10.01,12.89,30.64
115,WERN.O,웨너 엔터프라이즈,5,60,14,34,54,1.0,10.0,34.32,0.0,8.57,27.61
115,IART.O,인테그라 라이프사이언시스 홀딩스,5,60,14,34,54,1.0,10.0,34.32,61.09,9.72,30.85
115,TOWN.O,타운뱅크,5,60,14,34,54,1.0,10.0,34.32,57.41,11.41,31.19
115,FFBC.O,퍼스트 파이낸셜 뱅코프,5,60,14,34,54,1.0,10.0,34.32,57.95,10.35,33.13
115,INDB.O,인디펜던트 뱅크 (매사추세츠),5,60,14,34,54,1.0,10.0,34.32,23.6,12.06,30.9
115,SFNC.O,시몬스 퍼스트 내셔널,5,60,14,34,54,1.0,10.0,34.32,56.49,8.87,32.24
115,CVBF.O,CVB 파이낸셜,5,60,14,34,54,1.0,10.0,34.32,34.46,10.14,31.66
115,WAFD.O,WaFd,5,60,14,34,54,1.0,10.0,34.32,105.0,10.16,28.58
115,LBTYA.O,리버티 글로벌 Class A,5,60,14,34,54,1.0,10.0,34.32,3.59,8.36,29.79
115,PCH.O,포틀래치델틱,5,60,14,34,54,1.0,10.0,34.32,60.19,6.78,30.39
115,UVSP.O,유니베스트 파이낸셜,5,60,14,34,54,1.0,10.0,34.32,51.81,8.74,31.52
115,CRWS.O,크라운 크래프츠,5,60,14,34,54,1.0,10.0,34.32,12.38,7.37,31.0
115,TRST.O,트러스트코 은행 N Y,5,120,14,39,54,1.0,10.0,33.78,19.04,6.07,29.58
115,WSBC.O,웨스뱅코,5,120,14,39,54,1.0,10.0,33.78,68.68,9.83,30.85
115,CVBF.O,CVB 파이낸셜,5,120,14,39,54,1.0,10.0,33.78,27.17,10.14,31.66
115,SFNC.O,시몬스 퍼스트 내셔널,5,120,14,39,54,1.0,10.0,33.78,38.27,8.87,32.24
115,INDB.O,인디펜던트 뱅크 (매사추세츠),5,120,14,39,54,1.0,10.0,33.78,9.67,12.06,30.9
115,FFBC.O,퍼스트 파이낸셜 뱅코프,5,120,14,39,54,1.0,10.0,33.78,86.41,10.35,33.13
115,TOWN.O,타운뱅크,5,120,14,39,54,1.0,10.0,33.78,51.76,11.41,31.19
115,IART.O,인테그라 라이프사이언시스 홀딩스,5,120,14,39,54,1.0,10.0,33.78,45.51,9.72,30.85
115,WERN.O,웨너 엔터프라이즈,5,120,14,39,54,1.0,10.0,33.78,36.04,8.57,27.61
115,PRGS.O,프로그레스 소프트웨어,5,120,14,39,54,1.0,10.0,33.78,0.0,12.89,30.64
115,NBTB.O,NBT 뱅코프,5,120,14,39,54,1.0,10.0,33.78,7.92,10.47,28.47
115,TRMK.O,트러스트마크,5,120,14,39,54,1.0,10.0,33.78,41.51,8.02,29.11
115,GCMG.O,GCM 그로스브너,5,120,14,39,54,1.0,10.0,33.78,9.54,5.66,29.75
115,CLBK.O,콜롬비아 파이낸셜,5,120,14,39,54,1.0,10.0,33.78,167.39,7.36,29.22
115,LBTYA.O,리버티 글로벌 Class A,5,120,14,39,54,1.0,10.0,33.78,4.23,8.36,29.79
115,STBA.O,S&T 뱅코프,5,120,14,39,54,1.0,10.0,33.78,122.89,11.11,32.19
115,ROIC.O,리테일 오퍼튜니티 인베스트먼트,5,120,14,39,54,1.0,10.0,33.78,95.22,6.59,29.23
115,BUSE.O,퍼스트 뷰지,5,120,14,39,54,1.0,10.0,33.78,63.72,10.2,31.44
115,CSGS.O,CSG 시스템즈인터내셔널,5,120,14,39,54,1.0,10.0,33.78,58.15,10.75,27.71
115,OCFC.O,오션퍼스트 파이낸셜,5,120,14,39,54,1.0,10.0,33.78,61.74,7.92,30.72
115,SBSI.O,사우스사이드 뱅크셰어스,5,120,14,39,54,1.0,10.0,33.78,14.14,10.87,28.92
115,LBRDA.O,리버티 브로드밴드 시리즈 A,5,120,14,39,54,1.0,10.0,33.78,-21.29,8.38,29.91
115,FMBH.O,퍼스트미드 뱅크셰어스,5,120,14,39,54,1.0,10.0,33.78,67.93,11.15,31.54
115,CTBI.O,커뮤니티 트러스트 뱅코프,5,120,14,39,54,1.0,10.0,33.78,54.35,9.43,27.12
115,LLYVA.O,리버티 미디어 Series A,5,120,14,39,54,1.0,10.0,33.78,0.0,8.0,31.72
115,UVSP.O,유니베스트 파이낸셜,5,120,14,39,54,1.0,10.0,33.78,56.9,8.74,31.52
115,WAFD.O,WaFd,5,120,14,39,54,1.0,10.0,33.78,88.3,10.16,28.58
115,PCH.O,포틀래치델틱,5,120,14,39,54,1.0,10.0,33.78,17.66,6.78,30.39
115,GSBC.O,그레이트 서던 뱅코프,5,120,14,39,54,1.0,10.0,33.78,59.93,13.76,30.39
115,OTEX.O,오픈 텍스트,5,120,14,39,54,1.0,10.0,33.78,94.43,13.32,29.18
115,PCAR.O,파카,5,120,14,39,54,1.0,10.0,33.78,0.0,11.78,27.71
115,CSCO.O,시스코 시스템즈,5,120,14,39,54,1.0,10.0,33.78,60.5,9.05,25.93
115,CTSH.O,코그니전트 테크놀로지 솔루션,5,120,14,39,54,1.0,10.0,33.78,14.72,12.19,29.0
115,CCEP.O,코카-콜라 유로퍼시픽 파트너스,5,120,14,39,54,1.0,10.0,33.78,0.0,11.58,24.49
115,TROW.O,티 로웨 프라이스 그룹,5,120,14,39,54,1.0,10.0,33.78,0.14,10.77,28.47
115,NTRS.O,노던 트러스트,5,120,14,39,54,1.0,10.0,33.78,42.51,8.6,28.01
115,GLPI.O,게이밍 앤드 레저 프로퍼티스,5,120,14,39,54,1.0,10.0,33.78,7.8,6.77,29.67
115,REG.O,리젠시 센터스,5,120,14,39,54,1.0,10.0,33.78,71.9,8.76,28.11
115,NWSA.O,뉴스 코퍼레이션 Class A,5,120,14,39,54,1.0,10.0,33.78,9.39,9.64,29.14
115,HAS.O,해즈브로,5,120,14,39,54,1.0,10.0,33.78,15.15,7.83,30.05
115,SEIC.O,SEI 인베스트먼트,5,120,14,39,54,1.0,10.0,33.78,107.26,11.93,25.92
115,CBSH.O,커머스 뱅크셰어스,5,120,14,39,54,1.0,10.0,33.78,43.78,10.94,24.71
115,FIBK.O,퍼스트 인터스테이트 뱅크시스템,5,120,14,39,54,1.0,10.0,33.78,26.38,10.42,31.05
115,GNTX.O,젠텍스,5,120,14,39,54,1.0,10.0,33.78,54.38,13.91,29.6
115,LBRDK.O,리버티 브로드밴드 시리즈 C,5,120,14,39,54,1.0,10.0,33.78,-20.55,8.56,29.81
115,BOKF.O,BOK 파이낸셜,5,120,14,39,54,1.0,10.0,33.78,71.75,10.73,30.63
115,ONB.O,올드 내셔널 뱅코프,5,120,14,39,54,1.0,10.0,33.78,90.73,9.39,29.06
115,NWS.O,뉴스 코퍼레이션 Class B,5,120,14,39,54,1.0,10.0,33.78,4.9,10.08,29.0
115,UBSI.O,유나이티드 뱅크셰어스(Nasdaq GS),5,120,14,39,54,1.0,10.0,33.78,130.78,8.26,31.06
115,UMBF.O,UMB 파이낸셜,5,120,14,39,54,1.0,10.0,33.78,36.52,12.73,31.3
115,AVT.O,에이브이넷,5,120,14,39,54,1.0,10.0,33.78,72.82,10.14,29.6
115,PECO.O,필립스 에디슨 & 코,5,120,14,39,54,1.0,10.0,33.78,0.0,10.22,25.08
115,LBTYK.O,리버티 글로벌 Class C,5,120,14,39,54,1.0,10.0,33.78,-3.88,8.66,29.05
115,FULT.O,풀턴 파이낸셜,5,120,14,39,54,1.0,10.0,33.78,72.86,10.14,31.11
115,HFWA.O,헤리티지 파이낸셜,5,120,14,39,54,1.0,10.0,33.78,42.34,8.62,31.66
115,INTC.O,인텔,5,120,14,39,54,1.0,10.0,33.78,60.74,8.11,30.6
115,BPRN.O,뱅크 오브 프린스턴,5,120,14,39,54,1.0,10.0,33.78,108.12,9.38,33.05
115,HONE.O,하버원 뱅코프,5,120,14,39,54,1.0,10.0,33.78,51.06,13.05,29.78
115,RGCO.O,RGC 리소스,5,120,14,39,54,1.0,10.0,33.78,59.28,10.16,29.86
115,BCBP.O,BCB 뱅코프,5,120,14,39,54,1.0,10.0,33.78,34.36,9.24,30.5
115,BWFG.O,뱅크웰 파이낸셜 그룹,5,120,14,39,54,1.0,10.0,33.78,123.52,8.91,29.41
115,VABK.O,버지니아 내셔널 뱅크셰어,5,120,14,39,54,1.0,10.0,33.78,21.29,8.63,30.78
115,ESSA.O,ESSA 뱅코프,5,120,14,39,54,1.0,10.0,33.78,17.31,7.75,28.89
115,MSSAU.O,Metal Sky Star Acquisition Units,5,120,14,39,54,1.0,10.0,33.78,0.0,9.24,25.99
115,WAVSU.O,Western Acquisition Ventures Units,5,120,14,39,54,1.0,10.0,33.78,0.0,8.16,29.75
115,BFIN.O,뱅크파이낸셜,5,120,14,39,54,1.0,10.0,33.78,28.26,7.21,30.49
115,GLLIU.O,Globalink Investment Units,5,120,14,39,54,1.0,10.0,33.78,0.0,10.4,32.91
115,CZWI.O,시티즌스 커뮤니티 뱅코프,5,120,14,39,54,1.0,10.0,33.78,10.21,13.18,28.84
115,FRAF.O,프랭클린 파이낸셜 서비스,5,120,14,39,54,1.0,10.0,33.78,19.3,8.08,27.71
115,MRBK.O,메리디안,5,120,14,39,54,1.0,10.0,33.78,23.78,9.41,33.02
115,CBFV.O,CB 파이낸셜 서비스,5,120,14,39,54,1.0,10.0,33.78,0.0,7.07,28.07
115,WINVU.O,WinVest Acquisition Units,5,120,14,39,54,1.0,10.0,33.78,0.0,11.55,29.96
115,GLSTU.O,Global Star Acquisition Units,5,120,14,39,54,1.0,10.0,33.78,0.0,11.45,32.3
115,LARK.O,랜드마크 뱅코프,5,120,14,39,54,1.0,10.0,33.78,2.43,10.46,30.51
115,SPKLU.O,Spark I Acquisition Units,5,120,14,39,54,1.0,10.0,33.78,0.0,8.19,27.97
115,ACACU.O,Acri Capital Acquisition Units,5,120,14,39,54,1.0,10.0,33.78,14.67,10.52,25.31
115,PROV.O,프로비던트 파이낸셜 홀딩스,5,120,14,39,54,1.0,10.0,33.78,13.88,10.62,27.22
115,HHGCU.O,HHG Capital Units,5,120,14,39,54,1.0,10.0,33.78,0.0,7.98,28.1
115,LSBK.O,레이크 쇼어 뱅코프,5,120,14,39,54,1.0,10.0,33.78,26.34,7.09,26.55
115,ICCH.O,ICC 홀딩스,5,120,14,39,54,1.0,10.0,33.78,-3.64,11.15,30.77
115,SELF.O,글로벌 셀프 스토리지,5,120,14,39,54,1.0,10.0,33.78,4.2,6.92,28.09
115,NWFL.O,노우드 파이낸셜,5,120,14,39,54,1.0,10.0,33.78,7.87,10.26,31.89
115,UTMD.O,유타 메디컬 프로덕츠,5,120,14,39,54,1.0,10.0,33.78,-83.99,12.66,30.8
115,PBBK.O,PB 뱅크셰어,5,120,14,39,54,1.0,10.0,33.78,0.0,9.17,25.53
115,BCML.O,베이컴,5,120,14,39,54,1.0,10.0,33.78,83.29,12.6,31.54
115,CAC.O,캠던 내셔널,5,120,14,39,54,1.0,10.0,33.78,23.97,10.47,31.2
115,YORW.O,요크 워터,5,120,14,39,54,1.0,10.0,33.78,0.0,12.12,28.41
115,CATC.O,케임브리지 뱅코프,5,120,14,39,54,1.0,10.0,33.78,36.91,10.22,28.37
115,NFBK.O,노스필드 뱅코프,5,120,14,39,54,1.0,10.0,33.78,39.8,6.43,28.36
115,CASS.O,캐스 인포메이션 시스템즈,5,120,14,39,54,1.0,10.0,33.78,5.2,9.95,31.16
115,WASH.O,워싱턴 트러스트 뱅코프,5,120,14,39,54,1.0,10.0,33.78,25.27,9.35,31.4
115,THFF.O,퍼스트 파이낸셜,5,120,14,39,54,1.0,10.0,33.78,41.15,8.38,28.09
115,AROW.O,애로우 파이낸셜,5,120,14,39,54,1.0,10.0,33.78,61.41,8.27,28.39
115,ITRN.O,이투란 로케이션 앤 콘트롤,5,120,14,39,54,1.0,10.0,33.78,-5.42,9.0,30.29
115,GAIN.O,글래드스톤 인베스트먼트,5,120,14,39,54,1.0,10.0,33.78,0.0,9.82,26.4
115,PFIS.O,피플스 파이낸셜 서비스,5,120,14,39,54,1.0,10.0,33.78,26.56,10.48,32.65
115,MOFG.O,미드웨스트원 파이낸셜 그룹,5,120,14,39,54,1.0,10.0,33.78,42.04,10.82,32.59
115,CARE.O,카터 뱅크셰어스,5,120,14,39,54,1.0,10.0,33.78,174.16,10.94,32.18
115,ARTNA.O,아르테시안 리소시스,5,120,14,39,54,1.0,10.0,33.78,5.61,9.07,26.07
115,HBCP.O,홈 뱅코프,5,120,14,39,54,1.0,10.0,33.78,-1.45,13.8,29.42
115,BMRC.O,뱅크 오브 마린 뱅코프,5,120,14,39,54,1.0,10.0,33.78,12.16,7.4,30.71
115,NODK.O,NI 홀딩스,5,120,14,39,54,1.0,10.0,33.78,13.77,6.1,30.73
115,ACABU.O,Atlantic Coastal Acquisition II Units,5,120,14,39,54,1.0,10.0,33.78,0.0,7.48,26.4
115,FNLC.O,퍼스트 뱅코프,5,120,14,39,54,1.0,10.0,33.78,63.26,11.47,32.35
115,IRAAU.O,Iris Acquisition Units,5,120,14,39,54,1.0,10.0,33.78,0.0,10.38,26.14
115,SLMBP.O,SLM 우선주 시리즈 B,5,120,14,39,54,1.0,10.0,33.78,13.11,8.43,26.38
115,VBNK.O,버사뱅크,5,120,14,39,54,1.0,10.0,33.78,45.67,8.13,29.25
115,FLIC.O,퍼스트 오브 롱 아일랜드,5,120,14,39,54,1.0,10.0,33.78,11.74,6.07,30.71
115,CRWS.O,크라운 크래프츠,5,120,14,39,54,1.0,10.0,33.78,25.12,7.37,31.0
115,PCAR.O,파카,5,120,14,34,59,1.0,10.0,29.36,0.0,11.78,27.71
115,INTC.O,인텔,5,120,14,34,59,1.0,10.0,29.36,64.84,8.11,30.6
115,CSCO.O,시스코 시스템즈,5,120,14,34,59,1.0,10.0,29.36,25.58,9.05,25.93
115,PBBK.O,PB 뱅크셰어,5,120,14,34,59,1.0,10.0,29.36,0.0,9.17,25.53
115,UTMD.O,유타 메디컬 프로덕츠,5,120,14,34,59,1.0,10.0,29.36,0.0,12.66,30.8
115,FLIC.O,퍼스트 오브 롱 아일랜드,5,120,14,34,59,1.0,10.0,29.36,-3.52,6.07,30.71
115,VBNK.O,버사뱅크,5,120,14,34,59,1.0,10.0,29.36,45.67,8.13,29.25
115,SLMBP.O,SLM 우선주 시리즈 B,5,120,14,34,59,1.0,10.0,29.36,78.4,8.43,26.38
115,IRAAU.O,Iris Acquisition Units,5,120,14,34,59,1.0,10.0,29.36,0.0,10.38,26.14
115,FNLC.O,퍼스트 뱅코프,5,120,14,34,59,1.0,10.0,29.36,0.0,11.47,32.35
115,ACABU.O,Atlantic Coastal Acquisition II Units,5,120,14,34,59,1.0,10.0,29.36,0.0,7.48,26.4
115,NODK.O,NI 홀딩스,5,120,14,34,59,1.0,10.0,29.36,33.4,6.1,30.73
115,BMRC.O,뱅크 오브 마린 뱅코프,5,120,14,34,59,1.0,10.0,29.36,17.99,7.4,30.71
115,HBCP.O,홈 뱅코프,5,120,14,34,59,1.0,10.0,29.36,91.03,13.8,29.42
115,ARTNA.O,아르테시안 리소시스,5,120,14,34,59,1.0,10.0,29.36,0.0,9.07,26.07
115,CARE.O,카터 뱅크셰어스,5,120,14,34,59,1.0,10.0,29.36,75.54,10.94,32.18
115,MOFG.O,미드웨스트원 파이낸셜 그룹,5,120,14,34,59,1.0,10.0,29.36,81.47,10.82,32.59
115,PFIS.O,피플스 파이낸셜 서비스,5,120,14,34,59,1.0,10.0,29.36,0.0,10.48,32.65
115,GAIN.O,글래드스톤 인베스트먼트,5,120,14,34,59,1.0,10.0,29.36,0.0,9.82,26.4
115,ITRN.O,이투란 로케이션 앤 콘트롤,5,120,14,34,59,1.0,10.0,29.36,157.45,9.0,30.29
115,AROW.O,애로우 파이낸셜,5,120,14,34,59,1.0,10.0,29.36,78.8,8.27,28.39
115,THFF.O,퍼스트 파이낸셜,5,120,14,34,59,1.0,10.0,29.36,22.48,8.38,28.09
115,WASH.O,워싱턴 트러스트 뱅코프,5,120,14,34,59,1.0,10.0,29.36,79.66,9.35,31.4
115,CASS.O,캐스 인포메이션 시스템즈,5,120,14,34,59,1.0,10.0,29.36,54.2,9.95,31.16
115,NFBK.O,노스필드 뱅코프,5,120,14,34,59,1.0,10.0,29.36,162.67,6.43,28.36
115,CATC.O,케임브리지 뱅코프,5,120,14,34,59,1.0,10.0,29.36,75.74,10.22,28.37
115,YORW.O,요크 워터,5,120,14,34,59,1.0,10.0,29.36,0.0,12.12,28.41
115,CAC.O,캠던 내셔널,5,120,14,34,59,1.0,10.0,29.36,16.41,10.47,31.2
115,BCML.O,베이컴,5,120,14,34,59,1.0,10.0,29.36,57.39,12.6,31.54
115,BPRN.O,뱅크 오브 프린스턴,5,120,14,34,59,1.0,10.0,29.36,101.47,9.38,33.05
115,TRST.O,트러스트코 은행 N Y,5,120,14,34,59,1.0,10.0,29.36,14.24,6.07,29.58
115,NWFL.O,노우드 파이낸셜,5,120,14,34,59,1.0,10.0,29.36,19.1,10.26,31.89
115,SELF.O,글로벌 셀프 스토리지,5,120,14,34,59,1.0,10.0,29.36,83.14,6.92,28.09
115,ICCH.O,ICC 홀딩스,5,120,14,34,59,1.0,10.0,29.36,2.03,11.15,30.77
115,LSBK.O,레이크 쇼어 뱅코프,5,120,14,34,59,1.0,10.0,29.36,26.2,7.09,26.55
115,HHGCU.O,HHG Capital Units,5,120,14,34,59,1.0,10.0,29.36,0.0,7.98,28.1
115,PROV.O,프로비던트 파이낸셜 홀딩스,5,120,14,34,59,1.0,10.0,29.36,-1.27,10.62,27.22
115,ACACU.O,Acri Capital Acquisition Units,5,120,14,34,59,1.0,10.0,29.36,49.93,10.52,25.31
115,SPKLU.O,Spark I Acquisition Units,5,120,14,34,59,1.0,10.0,29.36,0.0,8.19,27.97
115,LARK.O,랜드마크 뱅코프,5,120,14,34,59,1.0,10.0,29.36,-4.12,10.46,30.51
115,GLSTU.O,Global Star Acquisition Units,5,120,14,34,59,1.0,10.0,29.36,0.0,11.45,32.3
115,WINVU.O,WinVest Acquisition Units,5,120,14,34,59,1.0,10.0,29.36,0.0,11.55,29.96
115,CBFV.O,CB 파이낸셜 서비스,5,120,14,34,59,1.0,10.0,29.36,0.0,7.07,28.07
115,MRBK.O,메리디안,5,120,14,34,59,1.0,10.0,29.36,0.0,9.41,33.02
115,FRAF.O,프랭클린 파이낸셜 서비스,5,120,14,34,59,1.0,10.0,29.36,11.71,8.08,27.71
115,CZWI.O,시티즌스 커뮤니티 뱅코프,5,120,14,34,59,1.0,10.0,29.36,171.88,13.18,28.84
115,GLLIU.O,Globalink Investment Units,5,120,14,34,59,1.0,10.0,29.36,0.0,10.4,32.91
115,BFIN.O,뱅크파이낸셜,5,120,14,34,59,1.0,10.0,29.36,8.6,7.21,30.49
115,WAVSU.O,Western Acquisition Ventures Units,5,120,14,34,59,1.0,10.0,29.36,0.0,8.16,29.75
115,MSSAU.O,Metal Sky Star Acquisition Units,5,120,14,34,59,1.0,10.0,29.36,0.0,9.24,25.99
115,ESSA.O,ESSA 뱅코프,5,120,14,34,59,1.0,10.0,29.36,6.15,7.75,28.89
115,VABK.O,버지니아 내셔널 뱅크셰어,5,120,14,34,59,1.0,10.0,29.36,0.0,8.63,30.78
115,BWFG.O,뱅크웰 파이낸셜 그룹,5,120,14,34,59,1.0,10.0,29.36,119.57,8.91,29.41
115,BCBP.O,BCB 뱅코프,5,120,14,34,59,1.0,10.0,29.36,45.87,9.24,30.5
115,RGCO.O,RGC 리소스,5,120,14,34,59,1.0,10.0,29.36,0.0,10.16,29.86
115,HONE.O,하버원 뱅코프,5,120,14,34,59,1.0,10.0,29.36,0.0,13.05,29.78
115,GSBC.O,그레이트 서던 뱅코프,5,120,14,34,59,1.0,10.0,29.36,175.37,13.76,30.39
115,WAFD.O,WaFd,5,120,14,34,59,1.0,10.0,29.36,64.44,10.16,28.58
115,LBTYA.O,리버티 글로벌 Class A,5,120,14,34,59,1.0,10.0,29.36,0.0,8.36,29.79
115,FIBK.O,퍼스트 인터스테이트 뱅크시스템,5,120,14,34,59,1.0,10.0,29.36,12.4,10.42,31.05
115,FULT.O,풀턴 파이낸셜,5,120,14,34,59,1.0,10.0,29.36,41.43,10.14,31.11
115,LBTYK.O,리버티 글로벌 Class C,5,120,14,34,59,1.0,10.0,29.36,0.0,8.66,29.05
115,PECO.O,필립스 에디슨 & 코,5,120,14,34,59,1.0,10.0,29.36,0.0,10.22,25.08
115,AVT.O,에이브이넷,5,120,14,34,59,1.0,10.0,29.36,0.0,10.14,29.6
115,UMBF.O,UMB 파이낸셜,5,120,14,34,59,1.0,10.0,29.36,0.0,12.73,31.3
115,UBSI.O,유나이티드 뱅크셰어스(Nasdaq GS),5,120,14,34,59,1.0,10.0,29.36,66.58,8.26,31.06
115,NWS.O,뉴스 코퍼레이션 Class B,5,120,14,34,59,1.0,10.0,29.36,5.38,10.08,29.0
115,ONB.O,올드 내셔널 뱅코프,5,120,14,34,59,1.0,10.0,29.36,0.0,9.39,29.06
115,BOKF.O,BOK 파이낸셜,5,120,14,34,59,1.0,10.0,29.36,0.0,10.73,30.63
115,LBRDK.O,리버티 브로드밴드 시리즈 C,5,120,14,34,59,1.0,10.0,29.36,-20.55,8.56,29.81
115,GNTX.O,젠텍스,5,120,14,34,59,1.0,10.0,29.36,0.0,13.91,29.6
115,CBSH.O,커머스 뱅크셰어스,5,120,14,34,59,1.0,10.0,29.36,43.78,10.94,24.71
115,OTEX.O,오픈 텍스트,5,120,14,34,59,1.0,10.0,29.36,0.0,13.32,29.18
115,SEIC.O,SEI 인베스트먼트,5,120,14,34,59,1.0,10.0,29.36,0.0,11.93,25.92
115,HAS.O,해즈브로,5,120,14,34,59,1.0,10.0,29.36,0.0,7.83,30.05
115,NWSA.O,뉴스 코퍼레이션 Class A,5,120,14,34,59,1.0,10.0,29.36,5.02,9.64,29.14
115,REG.O,리젠시 센터스,5,120,14,34,59,1.0,10.0,29.36,100.24,8.76,28.11
115,GLPI.O,게이밍 앤드 레저 프로퍼티스,5,120,14,34,59,1.0,10.0,29.36,6.03,6.77,29.67
115,NTRS.O,노던 트러스트,5,120,14,34,59,1.0,10.0,29.36,24.49,8.6,28.01
115,TROW.O,티 로웨 프라이스 그룹,5,120,14,34,59,1.0,10.0,29.36,0.0,10.77,28.47
115,CCEP.O,코카-콜라 유로퍼시픽 파트너스,5,120,14,34,59,1.0,10.0,29.36,0.0,11.58,24.49
115,CTSH.O,코그니전트 테크놀로지 솔루션,5,120,14,34,59,1.0,10.0,29.36,0.0,12.19,29.0
115,PCH.O,포틀래치델틱,5,120,14,34,59,1.0,10.0,29.36,62.54,6.78,30.39
115,CRWS.O,크라운 크래프츠,5,120,14,34,59,1.0,10.0,29.36,51.74,7.37,31.0
115,HFWA.O,헤리티지 파이낸셜,5,120,14,34,59,1.0,10.0,29.36,22.94,8.62,31.66
115,CVBF.O,CVB 파이낸셜,5,120,14,34,59,1.0,10.0,29.36,11.15,10.14,31.66
115,UVSP.O,유니베스트 파이낸셜,5,120,14,34,59,1.0,10.0,29.36,50.59,8.74,31.52
115,LLYVA.O,리버티 미디어 Series A,5,120,14,34,59,1.0,10.0,29.36,0.0,8.0,31.72
115,CTBI.O,커뮤니티 트러스트 뱅코프,5,120,14,34,59,1.0,10.0,29.36,74.9,9.43,27.12
115,FMBH.O,퍼스트미드 뱅크셰어스,5,120,14,34,59,1.0,10.0,29.36,38.18,11.15,31.54
115,LBRDA.O,리버티 브로드밴드 시리즈 A,5,120,14,34,59,1.0,10.0,29.36,-21.29,8.38,29.91
115,SBSI.O,사우스사이드 뱅크셰어스,5,120,14,34,59,1.0,10.0,29.36,2.45,10.87,28.92
115,OCFC.O,오션퍼스트 파이낸셜,5,120,14,34,59,1.0,10.0,29.36,1.79,7.92,30.72
115,CSGS.O,CSG 시스템즈인터내셔널,5,120,14,34,59,1.0,10.0,29.36,0.0,10.75,27.71
115,BUSE.O,퍼스트 뷰지,5,120,14,34,59,1.0,10.0,29.36,59.36,10.2,31.44
115,ROIC.O,리테일 오퍼튜니티 인베스트먼트,5,120,14,34,59,1.0,10.0,29.36,87.2,6.59,29.23
115,STBA.O,S&T 뱅코프,5,120,14,34,59,1.0,10.0,29.36,23.32,11.11,32.19
115,CLBK.O,콜롬비아 파이낸셜,5,120,14,34,59,1.0,10.0,29.36,100.15,7.36,29.22
115,WSBC.O,웨스뱅코,5,120,14,34,59,1.0,10.0,29.36,98.04,9.83,30.85
115,GCMG.O,GCM 그로스브너,5,120,14,34,59,1.0,10.0,29.36,0.0,5.66,29.75
115,TRMK.O,트러스트마크,5,120,14,34,59,1.0,10.0,29.36,29.5,8.02,29.11
115,NBTB.O,NBT 뱅코프,5,120,14,34,59,1.0,10.0,29.36,6.27,10.47,28.47
115,PRGS.O,프로그레스 소프트웨어,5,120,14,34,59,1.0,10.0,29.36,0.0,12.89,30.64
115,WERN.O,웨너 엔터프라이즈,5,120,14,34,59,1.0,10.0,29.36,0.0,8.57,27.61
115,IART.O,인테그라 라이프사이언시스 홀딩스,5,120,14,34,59,1.0,10.0,29.36,0.0,9.72,30.85
115,TOWN.O,타운뱅크,5,120,14,34,59,1.0,10.0,29.36,48.79,11.41,31.19
115,FFBC.O,퍼스트 파이낸셜 뱅코프,5,120,14,34,59,1.0,10.0,29.36,22.55,10.35,33.13
115,INDB.O,인디펜던트 뱅크 (매사추세츠),5,120,14,34,59,1.0,10.0,29.36,7.03,12.06,30.9
115,SFNC.O,시몬스 퍼스트 내셔널,5,120,14,34,59,1.0,10.0,29.36,28.56,8.87,32.24
115,LSBK.O,레이크 쇼어 뱅코프,5,120,14,29,54,1.0,10.0,26.47,0.0,7.09,26.55
115,ICCH.O,ICC 홀딩스,5,120,14,29,54,1.0,10.0,26.47,0.0,11.15,30.77
115,PBBK.O,PB 뱅크셰어,5,120,14,29,54,1.0,10.0,26.47,0.0,9.17,25.53
115,VBNK.O,버사뱅크,5,120,14,29,54,1.0,10.0,26.47,45.67,8.13,29.25
115,IRAAU.O,Iris Acquisition Units,5,120,14,29,54,1.0,10.0,26.47,0.0,10.38,26.14
115,FNLC.O,퍼스트 뱅코프,5,120,14,29,54,1.0,10.0,26.47,0.0,11.47,32.35
115,ACABU.O,Atlantic Coastal Acquisition II Units,5,120,14,29,54,1.0,10.0,26.47,0.0,7.48,26.4
115,NODK.O,NI 홀딩스,5,120,14,29,54,1.0,10.0,26.47,0.0,6.1,30.73
115,BMRC.O,뱅크 오브 마린 뱅코프,5,120,14,29,54,1.0,10.0,26.47,0.0,7.4,30.71
115,HBCP.O,홈 뱅코프,5,120,14,29,54,1.0,10.0,26.47,0.0,13.8,29.42
115,ARTNA.O,아르테시안 리소시스,5,120,14,29,54,1.0,10.0,26.47,0.0,9.07,26.07
115,CARE.O,카터 뱅크셰어스,5,120,14,29,54,1.0,10.0,26.47,0.0,10.94,32.18
115,MOFG.O,미드웨스트원 파이낸셜 그룹,5,120,14,29,54,1.0,10.0,26.47,0.0,10.82,32.59
115,PFIS.O,피플스 파이낸셜 서비스,5,120,14,29,54,1.0,10.0,26.47,0.0,10.48,32.65
115,GAIN.O,글래드스톤 인베스트먼트,5,120,14,29,54,1.0,10.0,26.47,0.0,9.82,26.4
115,ITRN.O,이투란 로케이션 앤 콘트롤,5,120,14,29,54,1.0,10.0,26.47,0.0,9.0,30.29
115,AROW.O,애로우 파이낸셜,5,120,14,29,54,1.0,10.0,26.47,0.0,8.27,28.39
115,THFF.O,퍼스트 파이낸셜,5,120,14,29,54,1.0,10.0,26.47,0.0,8.38,28.09
115,WASH.O,워싱턴 트러스트 뱅코프,5,120,14,29,54,1.0,10.0,26.47,0.0,9.35,31.4
115,CASS.O,캐스 인포메이션 시스템즈,5,120,14,29,54,1.0,10.0,26.47,0.0,9.95,31.16
115,NFBK.O,노스필드 뱅코프,5,120,14,29,54,1.0,10.0,26.47,162.67,6.43,28.36
115,CATC.O,케임브리지 뱅코프,5,120,14,29,54,1.0,10.0,26.47,0.0,10.22,28.37
115,YORW.O,요크 워터,5,120,14,29,54,1.0,10.0,26.47,0.0,12.12,28.41
115,CAC.O,캠던 내셔널,5,120,14,29,54,1.0,10.0,26.47,0.0,10.47,31.2
115,HONE.O,하버원 뱅코프,5,120,14,29,54,1.0,10.0,26.47,0.0,13.05,29.78
115,TRST.O,트러스트코 은행 N Y,5,120,14,29,54,1.0,10.0,26.47,13.22,6.07,29.58
115,SELF.O,글로벌 셀프 스토리지,5,120,14,29,54,1.0,10.0,26.47,0.0,6.92,28.09
115,SLMBP.O,SLM 우선주 시리즈 B,5,120,14,29,54,1.0,10.0,26.47,40.75,8.43,26.38
115,FLIC.O,퍼스트 오브 롱 아일랜드,5,120,14,29,54,1.0,10.0,26.47,0.0,6.07,30.71
115,CRWS.O,크라운 크래프츠,5,120,14,29,54,1.0,10.0,26.47,51.74,7.37,31.0
115,BCML.O,베이컴,5,120,14,29,54,1.0,10.0,26.47,0.0,12.6,31.54
115,HHGCU.O,HHG Capital Units,5,120,14,29,54,1.0,10.0,26.47,0.0,7.98,28.1
115,PROV.O,프로비던트 파이낸셜 홀딩스,5,120,14,29,54,1.0,10.0,26.47,48.62,10.62,27.22
115,ACACU.O,Acri Capital Acquisition Units,5,120,14,29,54,1.0,10.0,26.47,0.0,10.52,25.31
115,SPKLU.O,Spark I Acquisition Units,5,120,14,29,54,1.0,10.0,26.47,0.0,8.19,27.97
115,LARK.O,랜드마크 뱅코프,5,120,14,29,54,1.0,10.0,26.47,0.0,10.46,30.51
115,GLSTU.O,Global Star Acquisition Units,5,120,14,29,54,1.0,10.0,26.47,0.0,11.45,32.3
115,WINVU.O,WinVest Acquisition Units,5,120,14,29,54,1.0,10.0,26.47,0.0,11.55,29.96
115,CBFV.O,CB 파이낸셜 서비스,5,120,14,29,54,1.0,10.0,26.47,0.0,7.07,28.07
115,MRBK.O,메리디안,5,120,14,29,54,1.0,10.0,26.47,0.0,9.41,33.02
115,FRAF.O,프랭클린 파이낸셜 서비스,5,120,14,29,54,1.0,10.0,26.47,4.11,8.08,27.71
115,CZWI.O,시티즌스 커뮤니티 뱅코프,5,120,14,29,54,1.0,10.0,26.47,0.0,13.18,28.84
115,GLLIU.O,Globalink Investment Units,5,120,14,29,54,1.0,10.0,26.47,0.0,10.4,32.91
115,BFIN.O,뱅크파이낸셜,5,120,14,29,54,1.0,10.0,26.47,25.54,7.21,30.49
115,WAVSU.O,Western Acquisition Ventures Units,5,120,14,29,54,1.0,10.0,26.47,0.0,8.16,29.75
115,MSSAU.O,Metal Sky Star Acquisition Units,5,120,14,29,54,1.0,10.0,26.47,0.0,9.24,25.99
115,ESSA.O,ESSA 뱅코프,5,120,14,29,54,1.0,10.0,26.47,0.0,7.75,28.89
115,VABK.O,버지니아 내셔널 뱅크셰어,5,120,14,29,54,1.0,10.0,26.47,0.0,8.63,30.78
115,BWFG.O,뱅크웰 파이낸셜 그룹,5,120,14,29,54,1.0,10.0,26.47,123.52,8.91,29.41
115,BCBP.O,BCB 뱅코프,5,120,14,29,54,1.0,10.0,26.47,247.2,9.24,30.5
115,RGCO.O,RGC 리소스,5,120,14,29,54,1.0,10.0,26.47,0.0,10.16,29.86
115,NWFL.O,노우드 파이낸셜,5,120,14,29,54,1.0,10.0,26.47,0.0,10.26,31.89
115,BPRN.O,뱅크 오브 프린스턴,5,120,14,29,54,1.0,10.0,26.47,0.0,9.38,33.05
115,UTMD.O,유타 메디컬 프로덕츠,5,120,14,29,54,1.0,10.0,26.47,0.0,12.66,30.8
115,HFWA.O,헤리티지 파이낸셜,5,120,14,29,54,1.0,10.0,26.47,21.15,8.62,31.66
115,UVSP.O,유니베스트 파이낸셜,5,120,14,29,54,1.0,10.0,26.47,17.94,8.74,31.52
115,LLYVA.O,리버티 미디어 Series A,5,120,14,29,54,1.0,10.0,26.47,0.0,8.0,31.72
115,CTBI.O,커뮤니티 트러스트 뱅코프,5,120,14,29,54,1.0,10.0,26.47,1054.14,9.43,27.12
115,LBTYK.O,리버티 글로벌 Class C,5,120,14,29,54,1.0,10.0,26.47,0.0,8.66,29.05
115,PECO.O,필립스 에디슨 & 코,5,120,14,29,54,1.0,10.0,26.47,0.0,10.22,25.08
115,AVT.O,에이브이넷,5,120,14,29,54,1.0,10.0,26.47,0.0,10.14,29.6
115,UMBF.O,UMB 파이낸셜,5,120,14,29,54,1.0,10.0,26.47,0.0,12.73,31.3
115,UBSI.O,유나이티드 뱅크셰어스(Nasdaq GS),5,120,14,29,54,1.0,10.0,26.47,130.78,8.26,31.06
115,NWS.O,뉴스 코퍼레이션 Class B,5,120,14,29,54,1.0,10.0,26.47,0.0,10.08,29.0
115,ONB.O,올드 내셔널 뱅코프,5,120,14,29,54,1.0,10.0,26.47,0.0,9.39,29.06
115,BOKF.O,BOK 파이낸셜,5,120,14,29,54,1.0,10.0,26.47,0.0,10.73,30.63
115,LBRDK.O,리버티 브로드밴드 시리즈 C,5,120,14,29,54,1.0,10.0,26.47,0.0,8.56,29.81
115,GNTX.O,젠텍스,5,120,14,29,54,1.0,10.0,26.47,0.0,13.91,29.6
115,CBSH.O,커머스 뱅크셰어스,5,120,14,29,54,1.0,10.0,26.47,0.0,10.94,24.71
115,OTEX.O,오픈 텍스트,5,120,14,29,54,1.0,10.0,26.47,0.0,13.32,29.18
115,SEIC.O,SEI 인베스트먼트,5,120,14,29,54,1.0,10.0,26.47,0.0,11.93,25.92
115,HAS.O,해즈브로,5,120,14,29,54,1.0,10.0,26.47,0.0,7.83,30.05
115,NWSA.O,뉴스 코퍼레이션 Class A,5,120,14,29,54,1.0,10.0,26.47,0.0,9.64,29.14
115,REG.O,리젠시 센터스,5,120,14,29,54,1.0,10.0,26.47,71.9,8.76,28.11
115,GLPI.O,게이밍 앤드 레저 프로퍼티스,5,120,14,29,54,1.0,10.0,26.47,7.8,6.77,29.67
115,NTRS.O,노던 트러스트,5,120,14,29,54,1.0,10.0,26.47,0.0,8.6,28.01
115,TROW.O,티 로웨 프라이스 그룹,5,120,14,29,54,1.0,10.0,26.47,0.0,10.77,28.47
115,CCEP.O,코카-콜라 유로퍼시픽 파트너스,5,120,14,29,54,1.0,10.0,26.47,0.0,11.58,24.49
115,CTSH.O,코그니전트 테크놀로지 솔루션,5,120,14,29,54,1.0,10.0,26.47,0.0,12.19,29.0
115,PCAR.O,파카,5,120,14,29,54,1.0,10.0,26.47,0.0,11.78,27.71
115,INTC.O,인텔,5,120,14,29,54,1.0,10.0,26.47,0.0,8.11,30.6
115,FULT.O,풀턴 파이낸셜,5,120,14,29,54,1.0,10.0,26.47,195.93,10.14,31.11
115,FIBK.O,퍼스트 인터스테이트 뱅크시스템,5,120,14,29,54,1.0,10.0,26.47,0.0,10.42,31.05
115,PCH.O,포틀래치델틱,5,120,14,29,54,1.0,10.0,26.47,0.0,6.78,30.39
115,GCMG.O,GCM 그로스브너,5,120,14,29,54,1.0,10.0,26.47,0.0,5.66,29.75
115,FMBH.O,퍼스트미드 뱅크셰어스,5,120,14,29,54,1.0,10.0,26.47,0.0,11.15,31.54
115,LBRDA.O,리버티 브로드밴드 시리즈 A,5,120,14,29,54,1.0,10.0,26.47,0.0,8.38,29.91
115,SBSI.O,사우스사이드 뱅크셰어스,5,120,14,29,54,1.0,10.0,26.47,0.0,10.87,28.92
115,OCFC.O,오션퍼스트 파이낸셜,5,120,14,29,54,1.0,10.0,26.47,0.0,7.92,30.72
115,CSGS.O,CSG 시스템즈인터내셔널,5,120,14,29,54,1.0,10.0,26.47,0.0,10.75,27.71
115,BUSE.O,퍼스트 뷰지,5,120,14,29,54,1.0,10.0,26.47,0.0,10.2,31.44
115,ROIC.O,리테일 오퍼튜니티 인베스트먼트,5,120,14,29,54,1.0,10.0,26.47,0.0,6.59,29.23
115,STBA.O,S&T 뱅코프,5,120,14,29,54,1.0,10.0,26.47,0.0,11.11,32.19
115,CLBK.O,콜롬비아 파이낸셜,5,120,14,29,54,1.0,10.0,26.47,167.39,7.36,29.22
115,WSBC.O,웨스뱅코,5,120,14,29,54,1.0,10.0,26.47,109.39,9.83,30.85
115,TRMK.O,트러스트마크,5,120,14,29,54,1.0,10.0,26.47,0.0,8.02,29.11
115,LBTYA.O,리버티 글로벌 Class A,5,120,14,29,54,1.0,10.0,26.47,0.0,8.36,29.79
115,NBTB.O,NBT 뱅코프,5,120,14,29,54,1.0,10.0,26.47,0.93,10.47,28.47
115,PRGS.O,프로그레스 소프트웨어,5,120,14,29,54,1.0,10.0,26.47,0.0,12.89,30.64
115,WERN.O,웨너 엔터프라이즈,5,120,14,29,54,1.0,10.0,26.47,0.0,8.57,27.61
115,IART.O,인테그라 라이프사이언시스 홀딩스,5,120,14,29,54,1.0,10.0,26.47,0.0,9.72,30.85
115,TOWN.O,타운뱅크,5,120,14,29,54,1.0,10.0,26.47,17.3,11.41,31.19
115,FFBC.O,퍼스트 파이낸셜 뱅코프,5,120,14,29,54,1.0,10.0,26.47,0.0,10.35,33.13
115,INDB.O,인디펜던트 뱅크 (매사추세츠),5,120,14,29,54,1.0,10.0,26.47,0.0,12.06,30.9
115,SFNC.O,시몬스 퍼스트 내셔널,5,120,14,29,54,1.0,10.0,26.47,91.5,8.87,32.24
115,CVBF.O,CVB 파이낸셜,5,120,14,29,54,1.0,10.0,26.47,0.0,10.14,31.66
115,WAFD.O,WaFd,5,120,14,29,54,1.0,10.0,26.47,0.0,10.16,28.58
115,GSBC.O,그레이트 서던 뱅코프,5,120,14,29,54,1.0,10.0,26.47,175.37,13.76,30.39
115,CSCO.O,시스코 시스템즈,5,120,14,29,54,1.0,10.0,26.47,60.5,9.05,25.93
115,PBBK.O,PB 뱅크셰어,5,120,14,39,59,1.0,10.0,26.16,0.0,9.17,25.53
115,WSBC.O,웨스뱅코,5,120,14,39,59,1.0,10.0,26.16,67.81,9.83,30.85
115,CVBF.O,CVB 파이낸셜,5,120,14,39,59,1.0,10.0,26.16,20.84,10.14,31.66
115,SFNC.O,시몬스 퍼스트 내셔널,5,120,14,39,59,1.0,10.0,26.16,23.48,8.87,32.24
115,INDB.O,인디펜던트 뱅크 (매사추세츠),5,120,14,39,59,1.0,10.0,26.16,11.44,12.06,30.9
115,FFBC.O,퍼스트 파이낸셜 뱅코프,5,120,14,39,59,1.0,10.0,26.16,22.55,10.35,33.13
115,TOWN.O,타운뱅크,5,120,14,39,59,1.0,10.0,26.16,48.79,11.41,31.19
115,IART.O,인테그라 라이프사이언시스 홀딩스,5,120,14,39,59,1.0,10.0,26.16,21.3,9.72,30.85
115,WERN.O,웨너 엔터프라이즈,5,120,14,39,59,1.0,10.0,26.16,36.04,8.57,27.61
115,PRGS.O,프로그레스 소프트웨어,5,120,14,39,59,1.0,10.0,26.16,0.0,12.89,30.64
115,NBTB.O,NBT 뱅코프,5,120,14,39,59,1.0,10.0,26.16,13.39,10.47,28.47
115,TRMK.O,트러스트마크,5,120,14,39,59,1.0,10.0,26.16,43.32,8.02,29.11
115,GCMG.O,GCM 그로스브너,5,120,14,39,59,1.0,10.0,26.16,12.22,5.66,29.75
115,CLBK.O,콜롬비아 파이낸셜,5,120,14,39,59,1.0,10.0,26.16,100.15,7.36,29.22
115,LBTYA.O,리버티 글로벌 Class A,5,120,14,39,59,1.0,10.0,26.16,7.59,8.36,29.79
115,STBA.O,S&T 뱅코프,5,120,14,39,59,1.0,10.0,26.16,23.32,11.11,32.19
115,ROIC.O,리테일 오퍼튜니티 인베스트먼트,5,120,14,39,59,1.0,10.0,26.16,89.92,6.59,29.23
115,BUSE.O,퍼스트 뷰지,5,120,14,39,59,1.0,10.0,26.16,59.36,10.2,31.44
115,CSGS.O,CSG 시스템즈인터내셔널,5,120,14,39,59,1.0,10.0,26.16,58.15,10.75,27.71
115,OCFC.O,오션퍼스트 파이낸셜,5,120,14,39,59,1.0,10.0,26.16,1.79,7.92,30.72
115,SBSI.O,사우스사이드 뱅크셰어스,5,120,14,39,59,1.0,10.0,26.16,18.64,10.87,28.92
115,LBRDA.O,리버티 브로드밴드 시리즈 A,5,120,14,39,59,1.0,10.0,26.16,-21.29,8.38,29.91
115,FMBH.O,퍼스트미드 뱅크셰어스,5,120,14,39,59,1.0,10.0,26.16,54.78,11.15,31.54
115,CTBI.O,커뮤니티 트러스트 뱅코프,5,120,14,39,59,1.0,10.0,26.16,48.79,9.43,27.12
115,LLYVA.O,리버티 미디어 Series A,5,120,14,39,59,1.0,10.0,26.16,0.0,8.0,31.72
115,UVSP.O,유니베스트 파이낸셜,5,120,14,39,59,1.0,10.0,26.16,61.59,8.74,31.52
115,WAFD.O,WaFd,5,120,14,39,59,1.0,10.0,26.16,64.44,10.16,28.58
115,PCH.O,포틀래치델틱,5,120,14,39,59,1.0,10.0,26.16,19.69,6.78,30.39
115,CSCO.O,시스코 시스템즈,5,120,14,39,59,1.0,10.0,26.16,25.58,9.05,25.93
115,OTEX.O,오픈 텍스트,5,120,14,39,59,1.0,10.0,26.16,-1.64,13.32,29.18
115,INTC.O,인텔,5,120,14,39,59,1.0,10.0,26.16,64.84,8.11,30.6
115,PCAR.O,파카,5,120,14,39,59,1.0,10.0,26.16,0.0,11.78,27.71
115,CTSH.O,코그니전트 테크놀로지 솔루션,5,120,14,39,59,1.0,10.0,26.16,18.68,12.19,29.0
115,CCEP.O,코카-콜라 유로퍼시픽 파트너스,5,120,14,39,59,1.0,10.0,26.16,0.0,11.58,24.49
115,TROW.O,티 로웨 프라이스 그룹,5,120,14,39,59,1.0,10.0,26.16,0.14,10.77,28.47
115,NTRS.O,노던 트러스트,5,120,14,39,59,1.0,10.0,26.16,25.89,8.6,28.01
115,GLPI.O,게이밍 앤드 레저 프로퍼티스,5,120,14,39,59,1.0,10.0,26.16,6.03,6.77,29.67
115,REG.O,리젠시 센터스,5,120,14,39,59,1.0,10.0,26.16,100.24,8.76,28.11
115,NWSA.O,뉴스 코퍼레이션 Class A,5,120,14,39,59,1.0,10.0,26.16,17.03,9.64,29.14
115,HAS.O,해즈브로,5,120,14,39,59,1.0,10.0,26.16,15.15,7.83,30.05
115,SEIC.O,SEI 인베스트먼트,5,120,14,39,59,1.0,10.0,26.16,33.91,11.93,25.92
115,CBSH.O,커머스 뱅크셰어스,5,120,14,39,59,1.0,10.0,26.16,43.78,10.94,24.71
115,FIBK.O,퍼스트 인터스테이트 뱅크시스템,5,120,14,39,59,1.0,10.0,26.16,26.33,10.42,31.05
115,GNTX.O,젠텍스,5,120,14,39,59,1.0,10.0,26.16,51.52,13.91,29.6
115,LBRDK.O,리버티 브로드밴드 시리즈 C,5,120,14,39,59,1.0,10.0,26.16,-20.55,8.56,29.81
115,BOKF.O,BOK 파이낸셜,5,120,14,39,59,1.0,10.0,26.16,71.75,10.73,30.63
115,ONB.O,올드 내셔널 뱅코프,5,120,14,39,59,1.0,10.0,26.16,108.47,9.39,29.06
115,NWS.O,뉴스 코퍼레이션 Class B,5,120,14,39,59,1.0,10.0,26.16,6.67,10.08,29.0
115,UBSI.O,유나이티드 뱅크셰어스(Nasdaq GS),5,120,14,39,59,1.0,10.0,26.16,66.58,8.26,31.06
115,UMBF.O,UMB 파이낸셜,5,120,14,39,59,1.0,10.0,26.16,50.68,12.73,31.3
115,AVT.O,에이브이넷,5,120,14,39,59,1.0,10.0,26.16,77.04,10.14,29.6
115,PECO.O,필립스 에디슨 & 코,5,120,14,39,59,1.0,10.0,26.16,0.0,10.22,25.08
115,LBTYK.O,리버티 글로벌 Class C,5,120,14,39,59,1.0,10.0,26.16,0.92,8.66,29.05
115,FULT.O,풀턴 파이낸셜,5,120,14,39,59,1.0,10.0,26.16,43.34,10.14,31.11
115,HFWA.O,헤리티지 파이낸셜,5,120,14,39,59,1.0,10.0,26.16,30.37,8.62,31.66
115,GSBC.O,그레이트 서던 뱅코프,5,120,14,39,59,1.0,10.0,26.16,45.92,13.76,30.39
115,TRST.O,트러스트코 은행 N Y,5,120,14,39,59,1.0,10.0,26.16,11.82,6.07,29.58
115,MRBK.O,메리디안,5,120,14,39,59,1.0,10.0,26.16,47.5,9.41,33.02
115,RGCO.O,RGC 리소스,5,120,14,39,59,1.0,10.0,26.16,2.11,10.16,29.86
115,BCBP.O,BCB 뱅코프,5,120,14,39,59,1.0,10.0,26.16,34.41,9.24,30.5
115,BWFG.O,뱅크웰 파이낸셜 그룹,5,120,14,39,59,1.0,10.0,26.16,119.57,8.91,29.41
115,VABK.O,버지니아 내셔널 뱅크셰어,5,120,14,39,59,1.0,10.0,26.16,22.91,8.63,30.78
115,ESSA.O,ESSA 뱅코프,5,120,14,39,59,1.0,10.0,26.16,10.29,7.75,28.89
115,MSSAU.O,Metal Sky Star Acquisition Units,5,120,14,39,59,1.0,10.0,26.16,0.0,9.24,25.99
115,WAVSU.O,Western Acquisition Ventures Units,5,120,14,39,59,1.0,10.0,26.16,0.0,8.16,29.75
115,BFIN.O,뱅크파이낸셜,5,120,14,39,59,1.0,10.0,26.16,8.6,7.21,30.49
115,GLLIU.O,Globalink Investment Units,5,120,14,39,59,1.0,10.0,26.16,0.0,10.4,32.91
115,CZWI.O,시티즌스 커뮤니티 뱅코프,5,120,14,39,59,1.0,10.0,26.16,14.95,13.18,28.84
115,FRAF.O,프랭클린 파이낸셜 서비스,5,120,14,39,59,1.0,10.0,26.16,11.71,8.08,27.71
115,CBFV.O,CB 파이낸셜 서비스,5,120,14,39,59,1.0,10.0,26.16,0.0,7.07,28.07
115,HONE.O,하버원 뱅코프,5,120,14,39,59,1.0,10.0,26.16,51.06,13.05,29.78
115,WINVU.O,WinVest Acquisition Units,5,120,14,39,59,1.0,10.0,26.16,0.0,11.55,29.96
115,GLSTU.O,Global Star Acquisition Units,5,120,14,39,59,1.0,10.0,26.16,0.0,11.45,32.3
115,LARK.O,랜드마크 뱅코프,5,120,14,39,59,1.0,10.0,26.16,4.0,10.46,30.51
115,SPKLU.O,Spark I Acquisition Units,5,120,14,39,59,1.0,10.0,26.16,0.0,8.19,27.97
115,ACACU.O,Acri Capital Acquisition Units,5,120,14,39,59,1.0,10.0,26.16,49.93,10.52,25.31
115,PROV.O,프로비던트 파이낸셜 홀딩스,5,120,14,39,59,1.0,10.0,26.16,-1.27,10.62,27.22
115,HHGCU.O,HHG Capital Units,5,120,14,39,59,1.0,10.0,26.16,0.0,7.98,28.1
115,LSBK.O,레이크 쇼어 뱅코프,5,120,14,39,59,1.0,10.0,26.16,-1.19,7.09,26.55
115,ICCH.O,ICC 홀딩스,5,120,14,39,59,1.0,10.0,26.16,-2.19,11.15,30.77
115,SELF.O,글로벌 셀프 스토리지,5,120,14,39,59,1.0,10.0,26.16,15.17,6.92,28.09
115,CRWS.O,크라운 크래프츠,5,120,14,39,59,1.0,10.0,26.16,24.07,7.37,31.0
115,NWFL.O,노우드 파이낸셜,5,120,14,39,59,1.0,10.0,26.16,10.4,10.26,31.89
115,BPRN.O,뱅크 오브 프린스턴,5,120,14,39,59,1.0,10.0,26.16,101.47,9.38,33.05
115,UTMD.O,유타 메디컬 프로덕츠,5,120,14,39,59,1.0,10.0,26.16,-83.99,12.66,30.8
115,BCML.O,베이컴,5,120,14,39,59,1.0,10.0,26.16,57.39,12.6,31.54
115,CAC.O,캠던 내셔널,5,120,14,39,59,1.0,10.0,26.16,32.57,10.47,31.2
115,YORW.O,요크 워터,5,120,14,39,59,1.0,10.0,26.16,0.0,12.12,28.41
115,CATC.O,케임브리지 뱅코프,5,120,14,39,59,1.0,10.0,26.16,45.5,10.22,28.37
115,NFBK.O,노스필드 뱅코프,5,120,14,39,59,1.0,10.0,26.16,39.8,6.43,28.36
115,CASS.O,캐스 인포메이션 시스템즈,5,120,14,39,59,1.0,10.0,26.16,12.74,9.95,31.16
115,WASH.O,워싱턴 트러스트 뱅코프,5,120,14,39,59,1.0,10.0,26.16,28.27,9.35,31.4
115,THFF.O,퍼스트 파이낸셜,5,120,14,39,59,1.0,10.0,26.16,29.32,8.38,28.09
115,AROW.O,애로우 파이낸셜,5,120,14,39,59,1.0,10.0,26.16,63.99,8.27,28.39
115,ITRN.O,이투란 로케이션 앤 콘트롤,5,120,14,39,59,1.0,10.0,26.16,2.92,9.0,30.29
115,GAIN.O,글래드스톤 인베스트먼트,5,120,14,39,59,1.0,10.0,26.16,0.0,9.82,26.4
115,PFIS.O,피플스 파이낸셜 서비스,5,120,14,39,59,1.0,10.0,26.16,27.25,10.48,32.65
115,MOFG.O,미드웨스트원 파이낸셜 그룹,5,120,14,39,59,1.0,10.0,26.16,42.04,10.82,32.59
115,CARE.O,카터 뱅크셰어스,5,120,14,39,59,1.0,10.0,26.16,54.01,10.94,32.18
115,ARTNA.O,아르테시안 리소시스,5,120,14,39,59,1.0,10.0,26.16,19.21,9.07,26.07
115,HBCP.O,홈 뱅코프,5,120,14,39,59,1.0,10.0,26.16,1.12,13.8,29.42
115,BMRC.O,뱅크 오브 마린 뱅코프,5,120,14,39,59,1.0,10.0,26.16,-10.16,7.4,30.71
115,NODK.O,NI 홀딩스,5,120,14,39,59,1.0,10.0,26.16,17.65,6.1,30.73
115,ACABU.O,Atlantic Coastal Acquisition II Units,5,120,14,39,59,1.0,10.0,26.16,0.0,7.48,26.4
115,FNLC.O,퍼스트 뱅코프,5,120,14,39,59,1.0,10.0,26.16,55.48,11.47,32.35
115,IRAAU.O,Iris Acquisition Units,5,120,14,39,59,1.0,10.0,26.16,0.0,10.38,26.14
115,SLMBP.O,SLM 우선주 시리즈 B,5,120,14,39,59,1.0,10.0,26.16,22.52,8.43,26.38
115,VBNK.O,버사뱅크,5,120,14,39,59,1.0,10.0,26.16,45.67,8.13,29.25
115,FLIC.O,퍼스트 오브 롱 아일랜드,5,120,14,39,59,1.0,10.0,26.16,-3.52,6.07,30.71
115,INTC.O,인텔,5,60,14,34,59,1.0,10.0,24.57,48.48,8.11,30.6
115,CSCO.O,시스코 시스템즈,5,60,14,34,59,1.0,10.0,24.57,24.7,9.05,25.93
115,HFWA.O,헤리티지 파이낸셜,5,60,14,34,59,1.0,10.0,24.57,30.01,8.62,31.66
115,BPRN.O,뱅크 오브 프린스턴,5,60,14,34,59,1.0,10.0,24.57,40.43,9.38,33.05
115,BCML.O,베이컴,5,60,14,34,59,1.0,10.0,24.57,41.04,12.6,31.54
115,FLIC.O,퍼스트 오브 롱 아일랜드,5,60,14,34,59,1.0,10.0,24.57,-1.88,6.07,30.71
115,VBNK.O,버사뱅크,5,60,14,34,59,1.0,10.0,24.57,45.25,8.13,29.25
115,SLMBP.O,SLM 우선주 시리즈 B,5,60,14,34,59,1.0,10.0,24.57,26.07,8.43,26.38
115,IRAAU.O,Iris Acquisition Units,5,60,14,34,59,1.0,10.0,24.57,0.0,10.38,26.14
115,FNLC.O,퍼스트 뱅코프,5,60,14,34,59,1.0,10.0,24.57,0.0,11.47,32.35
115,ACABU.O,Atlantic Coastal Acquisition II Units,5,60,14,34,59,1.0,10.0,24.57,0.0,7.48,26.4
115,NODK.O,NI 홀딩스,5,60,14,34,59,1.0,10.0,24.57,58.04,6.1,30.73
115,BMRC.O,뱅크 오브 마린 뱅코프,5,60,14,34,59,1.0,10.0,24.57,13.41,7.4,30.71
115,HBCP.O,홈 뱅코프,5,60,14,34,59,1.0,10.0,24.57,44.33,13.8,29.42
115,ARTNA.O,아르테시안 리소시스,5,60,14,34,59,1.0,10.0,24.57,0.0,9.07,26.07
115,CARE.O,카터 뱅크셰어스,5,60,14,34,59,1.0,10.0,24.57,36.79,10.94,32.18
115,MOFG.O,미드웨스트원 파이낸셜 그룹,5,60,14,34,59,1.0,10.0,24.57,49.81,10.82,32.59
115,PFIS.O,피플스 파이낸셜 서비스,5,60,14,34,59,1.0,10.0,24.57,25.0,10.48,32.65
115,GAIN.O,글래드스톤 인베스트먼트,5,60,14,34,59,1.0,10.0,24.57,0.0,9.82,26.4
115,ITRN.O,이투란 로케이션 앤 콘트롤,5,60,14,34,59,1.0,10.0,24.57,30.39,9.0,30.29
115,AROW.O,애로우 파이낸셜,5,60,14,34,59,1.0,10.0,24.57,48.93,8.27,28.39
115,THFF.O,퍼스트 파이낸셜,5,60,14,34,59,1.0,10.0,24.57,23.99,8.38,28.09
115,WASH.O,워싱턴 트러스트 뱅코프,5,60,14,34,59,1.0,10.0,24.57,34.69,9.35,31.4
115,CASS.O,캐스 인포메이션 시스템즈,5,60,14,34,59,1.0,10.0,24.57,65.88,9.95,31.16
115,NFBK.O,노스필드 뱅코프,5,60,14,34,59,1.0,10.0,24.57,24.02,6.43,28.36
115,CATC.O,케임브리지 뱅코프,5,60,14,34,59,1.0,10.0,24.57,40.23,10.22,28.37
115,YORW.O,요크 워터,5,60,14,34,59,1.0,10.0,24.57,0.0,12.12,28.41
115,UTMD.O,유타 메디컬 프로덕츠,5,60,14,34,59,1.0,10.0,24.57,-1.78,12.66,30.8
115,NWFL.O,노우드 파이낸셜,5,60,14,34,59,1.0,10.0,24.57,29.45,10.26,31.89
115,PCAR.O,파카,5,60,14,34,59,1.0,10.0,24.57,18.72,11.78,27.71
115,RGCO.O,RGC 리소스,5,60,14,34,59,1.0,10.0,24.57,3.86,10.16,29.86
115,CRWS.O,크라운 크래프츠,5,60,14,34,59,1.0,10.0,24.57,14.44,7.37,31.0
115,SELF.O,글로벌 셀프 스토리지,5,60,14,34,59,1.0,10.0,24.57,29.78,6.92,28.09
115,ICCH.O,ICC 홀딩스,5,60,14,34,59,1.0,10.0,24.57,1.95,11.15,30.77
115,LSBK.O,레이크 쇼어 뱅코프,5,60,14,34,59,1.0,10.0,24.57,-1.74,7.09,26.55
115,HHGCU.O,HHG Capital Units,5,60,14,34,59,1.0,10.0,24.57,0.0,7.98,28.1
115,PROV.O,프로비던트 파이낸셜 홀딩스,5,60,14,34,59,1.0,10.0,24.57,-3.31,10.62,27.22
115,ACACU.O,Acri Capital Acquisition Units,5,60,14,34,59,1.0,10.0,24.57,48.64,10.52,25.31
115,SPKLU.O,Spark I Acquisition Units,5,60,14,34,59,1.0,10.0,24.57,0.0,8.19,27.97
115,LARK.O,랜드마크 뱅코프,5,60,14,34,59,1.0,10.0,24.57,-2.98,10.46,30.51
115,GLSTU.O,Global Star Acquisition Units,5,60,14,34,59,1.0,10.0,24.57,0.0,11.45,32.3
115,WINVU.O,WinVest Acquisition Units,5,60,14,34,59,1.0,10.0,24.57,0.0,11.55,29.96
115,CBFV.O,CB 파이낸셜 서비스,5,60,14,34,59,1.0,10.0,24.57,0.0,7.07,28.07
115,MRBK.O,메리디안,5,60,14,34,59,1.0,10.0,24.57,0.0,9.41,33.02
115,FRAF.O,프랭클린 파이낸셜 서비스,5,60,14,34,59,1.0,10.0,24.57,14.4,8.08,27.71
115,CZWI.O,시티즌스 커뮤니티 뱅코프,5,60,14,34,59,1.0,10.0,24.57,79.91,13.18,28.84
115,GLLIU.O,Globalink Investment Units,5,60,14,34,59,1.0,10.0,24.57,0.0,10.4,32.91
115,BFIN.O,뱅크파이낸셜,5,60,14,34,59,1.0,10.0,24.57,0.73,7.21,30.49
115,WAVSU.O,Western Acquisition Ventures Units,5,60,14,34,59,1.0,10.0,24.57,0.0,8.16,29.75
115,MSSAU.O,Metal Sky Star Acquisition Units,5,60,14,34,59,1.0,10.0,24.57,0.0,9.24,25.99
115,ESSA.O,ESSA 뱅코프,5,60,14,34,59,1.0,10.0,24.57,6.87,7.75,28.89
115,VABK.O,버지니아 내셔널 뱅크셰어,5,60,14,34,59,1.0,10.0,24.57,0.0,8.63,30.78
115,BWFG.O,뱅크웰 파이낸셜 그룹,5,60,14,34,59,1.0,10.0,24.57,107.82,8.91,29.41
115,BCBP.O,BCB 뱅코프,5,60,14,34,59,1.0,10.0,24.57,28.48,9.24,30.5
115,CAC.O,캠던 내셔널,5,60,14,34,59,1.0,10.0,24.57,28.57,10.47,31.2
115,HONE.O,하버원 뱅코프,5,60,14,34,59,1.0,10.0,24.57,43.4,13.05,29.78
115,TRST.O,트러스트코 은행 N Y,5,60,14,34,59,1.0,10.0,24.57,19.8,6.07,29.58
115,GSBC.O,그레이트 서던 뱅코프,5,60,14,34,59,1.0,10.0,24.57,192.0,13.76,30.39
115,PCH.O,포틀래치델틱,5,60,14,34,59,1.0,10.0,24.57,35.68,6.78,30.39
115,FIBK.O,퍼스트 인터스테이트 뱅크시스템,5,60,14,34,59,1.0,10.0,24.57,28.96,10.42,31.05
115,FULT.O,풀턴 파이낸셜,5,60,14,34,59,1.0,10.0,24.57,47.25,10.14,31.11
115,LBTYK.O,리버티 글로벌 Class C,5,60,14,34,59,1.0,10.0,24.57,42.69,8.66,29.05
115,PECO.O,필립스 에디슨 & 코,5,60,14,34,59,1.0,10.0,24.57,0.0,10.22,25.08
115,AVT.O,에이브이넷,5,60,14,34,59,1.0,10.0,24.57,0.0,10.14,29.6
115,UMBF.O,UMB 파이낸셜,5,60,14,34,59,1.0,10.0,24.57,0.0,12.73,31.3
115,UBSI.O,유나이티드 뱅크셰어스(Nasdaq GS),5,60,14,34,59,1.0,10.0,24.57,42.12,8.26,31.06
115,NWS.O,뉴스 코퍼레이션 Class B,5,60,14,34,59,1.0,10.0,24.57,7.26,10.08,29.0
115,ONB.O,올드 내셔널 뱅코프,5,60,14,34,59,1.0,10.0,24.57,0.0,9.39,29.06
115,BOKF.O,BOK 파이낸셜,5,60,14,34,59,1.0,10.0,24.57,0.0,10.73,30.63
115,LBRDK.O,리버티 브로드밴드 시리즈 C,5,60,14,34,59,1.0,10.0,24.57,-16.39,8.56,29.81
115,GNTX.O,젠텍스,5,60,14,34,59,1.0,10.0,24.57,0.0,13.91,29.6
115,CBSH.O,커머스 뱅크셰어스,5,60,14,34,59,1.0,10.0,24.57,20.83,10.94,24.71
115,OTEX.O,오픈 텍스트,5,60,14,34,59,1.0,10.0,24.57,0.0,13.32,29.18
115,SEIC.O,SEI 인베스트먼트,5,60,14,34,59,1.0,10.0,24.57,31.18,11.93,25.92
115,HAS.O,해즈브로,5,60,14,34,59,1.0,10.0,24.57,5.76,7.83,30.05
115,NWSA.O,뉴스 코퍼레이션 Class A,5,60,14,34,59,1.0,10.0,24.57,7.27,9.64,29.14
115,REG.O,리젠시 센터스,5,60,14,34,59,1.0,10.0,24.57,42.55,8.76,28.11
115,GLPI.O,게이밍 앤드 레저 프로퍼티스,5,60,14,34,59,1.0,10.0,24.57,6.39,6.77,29.67
115,NTRS.O,노던 트러스트,5,60,14,34,59,1.0,10.0,24.57,26.16,8.6,28.01
115,TROW.O,티 로웨 프라이스 그룹,5,60,14,34,59,1.0,10.0,24.57,0.0,10.77,28.47
115,CCEP.O,코카-콜라 유로퍼시픽 파트너스,5,60,14,34,59,1.0,10.0,24.57,0.0,11.58,24.49
115,LBTYA.O,리버티 글로벌 Class A,5,60,14,34,59,1.0,10.0,24.57,7.62,8.36,29.79
115,WAFD.O,WaFd,5,60,14,34,59,1.0,10.0,24.57,39.24,10.16,28.58
115,CVBF.O,CVB 파이낸셜,5,60,14,34,59,1.0,10.0,24.57,34.46,10.14,31.66
115,STBA.O,S&T 뱅코프,5,60,14,34,59,1.0,10.0,24.57,20.72,11.11,32.19
115,UVSP.O,유니베스트 파이낸셜,5,60,14,34,59,1.0,10.0,24.57,58.52,8.74,31.52
115,LLYVA.O,리버티 미디어 Series A,5,60,14,34,59,1.0,10.0,24.57,0.0,8.0,31.72
115,CTBI.O,커뮤니티 트러스트 뱅코프,5,60,14,34,59,1.0,10.0,24.57,90.4,9.43,27.12
115,FMBH.O,퍼스트미드 뱅크셰어스,5,60,14,34,59,1.0,10.0,24.57,40.92,11.15,31.54
115,LBRDA.O,리버티 브로드밴드 시리즈 A,5,60,14,34,59,1.0,10.0,24.57,-16.77,8.38,29.91
115,SBSI.O,사우스사이드 뱅크셰어스,5,60,14,34,59,1.0,10.0,24.57,47.9,10.87,28.92
115,OCFC.O,오션퍼스트 파이낸셜,5,60,14,34,59,1.0,10.0,24.57,1.66,7.92,30.72
115,CSGS.O,CSG 시스템즈인터내셔널,5,60,14,34,59,1.0,10.0,24.57,60.17,10.75,27.71
115,BUSE.O,퍼스트 뷰지,5,60,14,34,59,1.0,10.0,24.57,61.66,10.2,31.44
115,ROIC.O,리테일 오퍼튜니티 인베스트먼트,5,60,14,34,59,1.0,10.0,24.57,75.49,6.59,29.23
115,CLBK.O,콜롬비아 파이낸셜,5,60,14,34,59,1.0,10.0,24.57,116.87,7.36,29.22
115,SFNC.O,시몬스 퍼스트 내셔널,5,60,14,34,59,1.0,10.0,24.57,31.41,8.87,32.24
115,WSBC.O,웨스뱅코,5,60,14,34,59,1.0,10.0,24.57,61.09,9.83,30.85
115,GCMG.O,GCM 그로스브너,5,60,14,34,59,1.0,10.0,24.57,14.58,5.66,29.75
115,TRMK.O,트러스트마크,5,60,14,34,59,1.0,10.0,24.57,51.29,8.02,29.11
115,NBTB.O,NBT 뱅코프,5,60,14,34,59,1.0,10.0,24.57,9.07,10.47,28.47
115,PRGS.O,프로그레스 소프트웨어,5,60,14,34,59,1.0,10.0,24.57,12.43,12.89,30.64
115,WERN.O,웨너 엔터프라이즈,5,60,14,34,59,1.0,10.0,24.57,0.0,8.57,27.61
115,IART.O,인테그라 라이프사이언시스 홀딩스,5,60,14,34,59,1.0,10.0,24.57,27.12,9.72,30.85
115,TOWN.O,타운뱅크,5,60,14,34,59,1.0,10.0,24.57,53.72,11.41,31.19
115,FFBC.O,퍼스트 파이낸셜 뱅코프,5,60,14,34,59,1.0,10.0,24.57,19.02,10.35,33.13
115,INDB.O,인디펜던트 뱅크 (매사추세츠),5,60,14,34,59,1.0,10.0,24.57,23.6,12.06,30.9
115,PBBK.O,PB 뱅크셰어,5,60,14,34,59,1.0,10.0,24.57,0.0,9.17,25.53
115,CTSH.O,코그니전트 테크놀로지 솔루션,5,60,14,34,59,1.0,10.0,24.57,0.0,12.19,29.0
115,SELF.O,글로벌 셀프 스토리지,5,60,14,39,54,1.0,10.0,23.2,15.78,6.92,28.09
115,LBTYA.O,리버티 글로벌 Class A,5,60,14,39,54,1.0,10.0,23.2,-0.92,8.36,29.79
115,CVBF.O,CVB 파이낸셜,5,60,14,39,54,1.0,10.0,23.2,53.88,10.14,31.66
115,SFNC.O,시몬스 퍼스트 내셔널,5,60,14,39,54,1.0,10.0,23.2,46.74,8.87,32.24
115,INDB.O,인디펜던트 뱅크 (매사추세츠),5,60,14,39,54,1.0,10.0,23.2,29.9,12.06,30.9
115,FFBC.O,퍼스트 파이낸셜 뱅코프,5,60,14,39,54,1.0,10.0,23.2,57.95,10.35,33.13
115,TOWN.O,타운뱅크,5,60,14,39,54,1.0,10.0,23.2,12.82,11.41,31.19
115,IART.O,인테그라 라이프사이언시스 홀딩스,5,60,14,39,54,1.0,10.0,23.2,-2.98,9.72,30.85
115,WERN.O,웨너 엔터프라이즈,5,60,14,39,54,1.0,10.0,23.2,48.51,8.57,27.61
115,PRGS.O,프로그레스 소프트웨어,5,60,14,39,54,1.0,10.0,23.2,10.01,12.89,30.64
115,NBTB.O,NBT 뱅코프,5,60,14,39,54,1.0,10.0,23.2,11.95,10.47,28.47
115,TRMK.O,트러스트마크,5,60,14,39,54,1.0,10.0,23.2,49.43,8.02,29.11
115,GCMG.O,GCM 그로스브너,5,60,14,39,54,1.0,10.0,23.2,12.29,5.66,29.75
115,WSBC.O,웨스뱅코,5,60,14,39,54,1.0,10.0,23.2,33.63,9.83,30.85
115,CLBK.O,콜롬비아 파이낸셜,5,60,14,39,54,1.0,10.0,23.2,18.12,7.36,29.22
115,STBA.O,S&T 뱅코프,5,60,14,39,54,1.0,10.0,23.2,69.89,11.11,32.19
115,ROIC.O,리테일 오퍼튜니티 인베스트먼트,5,60,14,39,54,1.0,10.0,23.2,-4.88,6.59,29.23
115,BUSE.O,퍼스트 뷰지,5,60,14,39,54,1.0,10.0,23.2,41.42,10.2,31.44
115,CSGS.O,CSG 시스템즈인터내셔널,5,60,14,39,54,1.0,10.0,23.2,81.02,10.75,27.71
115,OCFC.O,오션퍼스트 파이낸셜,5,60,14,39,54,1.0,10.0,23.2,3.4,7.92,30.72
115,SBSI.O,사우스사이드 뱅크셰어스,5,60,14,39,54,1.0,10.0,23.2,28.33,10.87,28.92
115,LBRDA.O,리버티 브로드밴드 시리즈 A,5,60,14,39,54,1.0,10.0,23.2,-25.74,8.38,29.91
115,FMBH.O,퍼스트미드 뱅크셰어스,5,60,14,39,54,1.0,10.0,23.2,47.68,11.15,31.54
115,CTBI.O,커뮤니티 트러스트 뱅코프,5,60,14,39,54,1.0,10.0,23.2,30.58,9.43,27.12
115,PBBK.O,PB 뱅크셰어,5,60,14,39,54,1.0,10.0,23.2,0.0,9.17,25.53
115,WAFD.O,WaFd,5,60,14,39,54,1.0,10.0,23.2,41.79,10.16,28.58
115,PCH.O,포틀래치델틱,5,60,14,39,54,1.0,10.0,23.2,13.52,6.78,30.39
115,UVSP.O,유니베스트 파이낸셜,5,60,14,39,54,1.0,10.0,23.2,18.75,8.74,31.52
115,FIBK.O,퍼스트 인터스테이트 뱅크시스템,5,60,14,39,54,1.0,10.0,23.2,42.46,10.42,31.05
115,PCAR.O,파카,5,60,14,39,54,1.0,10.0,23.2,15.96,11.78,27.71
115,CTSH.O,코그니전트 테크놀로지 솔루션,5,60,14,39,54,1.0,10.0,23.2,22.73,12.19,29.0
115,CCEP.O,코카-콜라 유로퍼시픽 파트너스,5,60,14,39,54,1.0,10.0,23.2,0.0,11.58,24.49
115,TROW.O,티 로웨 프라이스 그룹,5,60,14,39,54,1.0,10.0,23.2,6.46,10.77,28.47
115,NTRS.O,노던 트러스트,5,60,14,39,54,1.0,10.0,23.2,30.05,8.6,28.01
115,GLPI.O,게이밍 앤드 레저 프로퍼티스,5,60,14,39,54,1.0,10.0,23.2,19.07,6.77,29.67
115,REG.O,리젠시 센터스,5,60,14,39,54,1.0,10.0,23.2,29.88,8.76,28.11
115,NWSA.O,뉴스 코퍼레이션 Class A,5,60,14,39,54,1.0,10.0,23.2,10.22,9.64,29.14
115,HAS.O,해즈브로,5,60,14,39,54,1.0,10.0,23.2,5.76,7.83,30.05
115,SEIC.O,SEI 인베스트먼트,5,60,14,39,54,1.0,10.0,23.2,55.86,11.93,25.92
115,OTEX.O,오픈 텍스트,5,60,14,39,54,1.0,10.0,23.2,89.81,13.32,29.18
115,CBSH.O,커머스 뱅크셰어스,5,60,14,39,54,1.0,10.0,23.2,21.3,10.94,24.71
115,GNTX.O,젠텍스,5,60,14,39,54,1.0,10.0,23.2,49.26,13.91,29.6
115,LBRDK.O,리버티 브로드밴드 시리즈 C,5,60,14,39,54,1.0,10.0,23.2,-20.72,8.56,29.81
115,BOKF.O,BOK 파이낸셜,5,60,14,39,54,1.0,10.0,23.2,75.32,10.73,30.63
115,ONB.O,올드 내셔널 뱅코프,5,60,14,39,54,1.0,10.0,23.2,39.54,9.39,29.06
115,NWS.O,뉴스 코퍼레이션 Class B,5,60,14,39,54,1.0,10.0,23.2,9.44,10.08,29.0
115,UBSI.O,유나이티드 뱅크셰어스(Nasdaq GS),5,60,14,39,54,1.0,10.0,23.2,45.54,8.26,31.06
115,UMBF.O,UMB 파이낸셜,5,60,14,39,54,1.0,10.0,23.2,54.4,12.73,31.3
115,AVT.O,에이브이넷,5,60,14,39,54,1.0,10.0,23.2,72.15,10.14,29.6
115,PECO.O,필립스 에디슨 & 코,5,60,14,39,54,1.0,10.0,23.2,0.0,10.22,25.08
115,LBTYK.O,리버티 글로벌 Class C,5,60,14,39,54,1.0,10.0,23.2,-1.69,8.66,29.05
115,FULT.O,풀턴 파이낸셜,5,60,14,39,54,1.0,10.0,23.2,51.75,10.14,31.11
115,LLYVA.O,리버티 미디어 Series A,5,60,14,39,54,1.0,10.0,23.2,0.0,8.0,31.72
115,HFWA.O,헤리티지 파이낸셜,5,60,14,39,54,1.0,10.0,23.2,39.4,8.62,31.66
115,ICCH.O,ICC 홀딩스,5,60,14,39,54,1.0,10.0,23.2,-3.74,11.15,30.77
115,BCML.O,베이컴,5,60,14,39,54,1.0,10.0,23.2,46.62,12.6,31.54
115,BPRN.O,뱅크 오브 프린스턴,5,60,14,39,54,1.0,10.0,23.2,-1.59,9.38,33.05
115,NWFL.O,노우드 파이낸셜,5,60,14,39,54,1.0,10.0,23.2,13.48,10.26,31.89
115,RGCO.O,RGC 리소스,5,60,14,39,54,1.0,10.0,23.2,16.04,10.16,29.86
115,BCBP.O,BCB 뱅코프,5,60,14,39,54,1.0,10.0,23.2,18.1,9.24,30.5
115,BWFG.O,뱅크웰 파이낸셜 그룹,5,60,14,39,54,1.0,10.0,23.2,9.09,8.91,29.41
115,VABK.O,버지니아 내셔널 뱅크셰어,5,60,14,39,54,1.0,10.0,23.2,66.83,8.63,30.78
115,ESSA.O,ESSA 뱅코프,5,60,14,39,54,1.0,10.0,23.2,7.7,7.75,28.89
115,MSSAU.O,Metal Sky Star Acquisition Units,5,60,14,39,54,1.0,10.0,23.2,0.0,9.24,25.99
115,WAVSU.O,Western Acquisition Ventures Units,5,60,14,39,54,1.0,10.0,23.2,0.0,8.16,29.75
115,BFIN.O,뱅크파이낸셜,5,60,14,39,54,1.0,10.0,23.2,7.87,7.21,30.49
115,GLLIU.O,Globalink Investment Units,5,60,14,39,54,1.0,10.0,23.2,0.0,10.4,32.91
115,CZWI.O,시티즌스 커뮤니티 뱅코프,5,60,14,39,54,1.0,10.0,23.2,16.43,13.18,28.84
115,FRAF.O,프랭클린 파이낸셜 서비스,5,60,14,39,54,1.0,10.0,23.2,16.91,8.08,27.71
115,MRBK.O,메리디안,5,60,14,39,54,1.0,10.0,23.2,16.37,9.41,33.02
115,CBFV.O,CB 파이낸셜 서비스,5,60,14,39,54,1.0,10.0,23.2,5.21,7.07,28.07
115,WINVU.O,WinVest Acquisition Units,5,60,14,39,54,1.0,10.0,23.2,0.0,11.55,29.96
115,GLSTU.O,Global Star Acquisition Units,5,60,14,39,54,1.0,10.0,23.2,0.0,11.45,32.3
115,LARK.O,랜드마크 뱅코프,5,60,14,39,54,1.0,10.0,23.2,0.41,10.46,30.51
115,SPKLU.O,Spark I Acquisition Units,5,60,14,39,54,1.0,10.0,23.2,0.0,8.19,27.97
115,ACACU.O,Acri Capital Acquisition Units,5,60,14,39,54,1.0,10.0,23.2,9.13,10.52,25.31
115,PROV.O,프로비던트 파이낸셜 홀딩스,5,60,14,39,54,1.0,10.0,23.2,8.54,10.62,27.22
115,HHGCU.O,HHG Capital Units,5,60,14,39,54,1.0,10.0,23.2,0.0,7.98,28.1
115,LSBK.O,레이크 쇼어 뱅코프,5,60,14,39,54,1.0,10.0,23.2,4.16,7.09,26.55
115,UTMD.O,유타 메디컬 프로덕츠,5,60,14,39,54,1.0,10.0,23.2,-1.78,12.66,30.8
115,FLIC.O,퍼스트 오브 롱 아일랜드,5,60,14,39,54,1.0,10.0,23.2,18.03,6.07,30.71
115,GSBC.O,그레이트 서던 뱅코프,5,60,14,39,54,1.0,10.0,23.2,56.78,13.76,30.39
115,VBNK.O,버사뱅크,5,60,14,39,54,1.0,10.0,23.2,45.25,8.13,29.25
115,TRST.O,트러스트코 은행 N Y,5,60,14,39,54,1.0,10.0,23.2,28.61,6.07,29.58
115,HONE.O,하버원 뱅코프,5,60,14,39,54,1.0,10.0,23.2,57.63,13.05,29.78
115,CAC.O,캠던 내셔널,5,60,14,39,54,1.0,10.0,23.2,26.58,10.47,31.2
115,YORW.O,요크 워터,5,60,14,39,54,1.0,10.0,23.2,15.54,12.12,28.41
115,CATC.O,케임브리지 뱅코프,5,60,14,39,54,1.0,10.0,23.2,33.72,10.22,28.37
115,NFBK.O,노스필드 뱅코프,5,60,14,39,54,1.0,10.0,23.2,24.76,6.43,28.36
115,CASS.O,캐스 인포메이션 시스템즈,5,60,14,39,54,1.0,10.0,23.2,6.66,9.95,31.16
115,WASH.O,워싱턴 트러스트 뱅코프,5,60,14,39,54,1.0,10.0,23.2,32.23,9.35,31.4
115,THFF.O,퍼스트 파이낸셜,5,60,14,39,54,1.0,10.0,23.2,43.5,8.38,28.09
115,AROW.O,애로우 파이낸셜,5,60,14,39,54,1.0,10.0,23.2,45.48,8.27,28.39
115,ITRN.O,이투란 로케이션 앤 콘트롤,5,60,14,39,54,1.0,10.0,23.2,9.66,9.0,30.29
115,GAIN.O,글래드스톤 인베스트먼트,5,60,14,39,54,1.0,10.0,23.2,0.0,9.82,26.4
115,PFIS.O,피플스 파이낸셜 서비스,5,60,14,39,54,1.0,10.0,23.2,23.98,10.48,32.65
115,MOFG.O,미드웨스트원 파이낸셜 그룹,5,60,14,39,54,1.0,10.0,23.2,49.81,10.82,32.59
115,CARE.O,카터 뱅크셰어스,5,60,14,39,54,1.0,10.0,23.2,60.26,10.94,32.18
115,ARTNA.O,아르테시안 리소시스,5,60,14,39,54,1.0,10.0,23.2,-4.29,9.07,26.07
115,HBCP.O,홈 뱅코프,5,60,14,39,54,1.0,10.0,23.2,-0.07,13.8,29.42
115,BMRC.O,뱅크 오브 마린 뱅코프,5,60,14,39,54,1.0,10.0,23.2,18.03,7.4,30.71
115,NODK.O,NI 홀딩스,5,60,14,39,54,1.0,10.0,23.2,21.04,6.1,30.73
115,ACABU.O,Atlantic Coastal Acquisition II Units,5,60,14,39,54,1.0,10.0,23.2,0.0,7.48,26.4
115,FNLC.O,퍼스트 뱅코프,5,60,14,39,54,1.0,10.0,23.2,31.97,11.47,32.35
115,IRAAU.O,Iris Acquisition Units,5,60,14,39,54,1.0,10.0,23.2,0.0,10.38,26.14
115,SLMBP.O,SLM 우선주 시리즈 B,5,60,14,39,54,1.0,10.0,23.2,6.05,8.43,26.38
115,CRWS.O,크라운 크래프츠,5,60,14,39,54,1.0,10.0,23.2,5.8,7.37,31.0
115,CSCO.O,시스코 시스템즈,5,60,14,39,54,1.0,10.0,23.2,64.91,9.05,25.93
115,INTC.O,인텔,5,60,14,39,54,1.0,10.0,23.2,44.13,8.11,30.6
115,PBBK.O,PB 뱅크셰어,5,120,14,44,54,1.0,10.0,22.51,0.0,9.17,25.53
115,MOFG.O,미드웨스트원 파이낸셜 그룹,5,120,14,44,54,1.0,10.0,22.51,32.03,10.82,32.59
115,FLIC.O,퍼스트 오브 롱 아일랜드,5,120,14,44,54,1.0,10.0,22.51,1.81,6.07,30.71
115,VBNK.O,버사뱅크,5,120,14,44,54,1.0,10.0,22.51,45.67,8.13,29.25
115,SLMBP.O,SLM 우선주 시리즈 B,5,120,14,44,54,1.0,10.0,22.51,16.86,8.43,26.38
115,IRAAU.O,Iris Acquisition Units,5,120,14,44,54,1.0,10.0,22.51,0.0,10.38,26.14
115,FNLC.O,퍼스트 뱅코프,5,120,14,44,54,1.0,10.0,22.51,31.79,11.47,32.35
115,ACABU.O,Atlantic Coastal Acquisition II Units,5,120,14,44,54,1.0,10.0,22.51,0.0,7.48,26.4
115,NODK.O,NI 홀딩스,5,120,14,44,54,1.0,10.0,22.51,13.55,6.1,30.73
115,BMRC.O,뱅크 오브 마린 뱅코프,5,120,14,44,54,1.0,10.0,22.51,-8.26,7.4,30.71
115,HBCP.O,홈 뱅코프,5,120,14,44,54,1.0,10.0,22.51,9.14,13.8,29.42
115,ARTNA.O,아르테시안 리소시스,5,120,14,44,54,1.0,10.0,22.51,10.23,9.07,26.07
115,CARE.O,카터 뱅크셰어스,5,120,14,44,54,1.0,10.0,22.51,185.1,10.94,32.18
115,PFIS.O,피플스 파이낸셜 서비스,5,120,14,44,54,1.0,10.0,22.51,14.31,10.48,32.65
115,UTMD.O,유타 메디컬 프로덕츠,5,120,14,44,54,1.0,10.0,22.51,-83.99,12.66,30.8
115,GAIN.O,글래드스톤 인베스트먼트,5,120,14,44,54,1.0,10.0,22.51,119.1,9.82,26.4
115,ITRN.O,이투란 로케이션 앤 콘트롤,5,120,14,44,54,1.0,10.0,22.51,8.96,9.0,30.29
115,AROW.O,애로우 파이낸셜,5,120,14,44,54,1.0,10.0,22.51,41.22,8.27,28.39
115,THFF.O,퍼스트 파이낸셜,5,120,14,44,54,1.0,10.0,22.51,30.88,8.38,28.09
115,WASH.O,워싱턴 트러스트 뱅코프,5,120,14,44,54,1.0,10.0,22.51,2.15,9.35,31.4
115,CASS.O,캐스 인포메이션 시스템즈,5,120,14,44,54,1.0,10.0,22.51,5.2,9.95,31.16
115,NFBK.O,노스필드 뱅코프,5,120,14,44,54,1.0,10.0,22.51,35.04,6.43,28.36
115,CATC.O,케임브리지 뱅코프,5,120,14,44,54,1.0,10.0,22.51,31.44,10.22,28.37
115,YORW.O,요크 워터,5,120,14,44,54,1.0,10.0,22.51,-2.15,12.12,28.41
115,CAC.O,캠던 내셔널,5,120,14,44,54,1.0,10.0,22.51,29.03,10.47,31.2
115,HONE.O,하버원 뱅코프,5,120,14,44,54,1.0,10.0,22.51,55.31,13.05,29.78
115,BCML.O,베이컴,5,120,14,44,54,1.0,10.0,22.51,98.45,12.6,31.54
115,BPRN.O,뱅크 오브 프린스턴,5,120,14,44,54,1.0,10.0,22.51,-1.98,9.38,33.05
115,GSBC.O,그레이트 서던 뱅코프,5,120,14,44,54,1.0,10.0,22.51,59.93,13.76,30.39
115,CBFV.O,CB 파이낸셜 서비스,5,120,14,44,54,1.0,10.0,22.51,13.05,7.07,28.07
115,CSCO.O,시스코 시스템즈,5,120,14,44,54,1.0,10.0,22.51,40.04,9.05,25.93
115,SELF.O,글로벌 셀프 스토리지,5,120,14,44,54,1.0,10.0,22.51,4.98,6.92,28.09
115,ICCH.O,ICC 홀딩스,5,120,14,44,54,1.0,10.0,22.51,-3.64,11.15,30.77
115,LSBK.O,레이크 쇼어 뱅코프,5,120,14,44,54,1.0,10.0,22.51,9.03,7.09,26.55
115,HHGCU.O,HHG Capital Units,5,120,14,44,54,1.0,10.0,22.51,0.0,7.98,28.1
115,PROV.O,프로비던트 파이낸셜 홀딩스,5,120,14,44,54,1.0,10.0,22.51,19.73,10.62,27.22
115,ACACU.O,Acri Capital Acquisition Units,5,120,14,44,54,1.0,10.0,22.51,14.67,10.52,25.31
115,SPKLU.O,Spark I Acquisition Units,5,120,14,44,54,1.0,10.0,22.51,0.0,8.19,27.97
115,LARK.O,랜드마크 뱅코프,5,120,14,44,54,1.0,10.0,22.51,5.09,10.46,30.51
115,GLSTU.O,Global Star Acquisition Units,5,120,14,44,54,1.0,10.0,22.51,0.0,11.45,32.3
115,WINVU.O,WinVest Acquisition Units,5,120,14,44,54,1.0,10.0,22.51,0.0,11.55,29.96
115,MRBK.O,메리디안,5,120,14,44,54,1.0,10.0,22.51,13.13,9.41,33.02
115,NWFL.O,노우드 파이낸셜,5,120,14,44,54,1.0,10.0,22.51,0.32,10.26,31.89
115,FRAF.O,프랭클린 파이낸셜 서비스,5,120,14,44,54,1.0,10.0,22.51,21.81,8.08,27.71
115,CZWI.O,시티즌스 커뮤니티 뱅코프,5,120,14,44,54,1.0,10.0,22.51,5.31,13.18,28.84
115,GLLIU.O,Globalink Investment Units,5,120,14,44,54,1.0,10.0,22.51,0.0,10.4,32.91
115,BFIN.O,뱅크파이낸셜,5,120,14,44,54,1.0,10.0,22.51,-1.49,7.21,30.49
115,WAVSU.O,Western Acquisition Ventures Units,5,120,14,44,54,1.0,10.0,22.51,0.0,8.16,29.75
115,MSSAU.O,Metal Sky Star Acquisition Units,5,120,14,44,54,1.0,10.0,22.51,0.0,9.24,25.99
115,ESSA.O,ESSA 뱅코프,5,120,14,44,54,1.0,10.0,22.51,25.49,7.75,28.89
115,VABK.O,버지니아 내셔널 뱅크셰어,5,120,14,44,54,1.0,10.0,22.51,91.96,8.63,30.78
115,BWFG.O,뱅크웰 파이낸셜 그룹,5,120,14,44,54,1.0,10.0,22.51,14.76,8.91,29.41
115,BCBP.O,BCB 뱅코프,5,120,14,44,54,1.0,10.0,22.51,6.0,9.24,30.5
115,RGCO.O,RGC 리소스,5,120,14,44,54,1.0,10.0,22.51,5.81,10.16,29.86
115,TRST.O,트러스트코 은행 N Y,5,120,14,44,54,1.0,10.0,22.51,18.6,6.07,29.58
115,HFWA.O,헤리티지 파이낸셜,5,120,14,44,54,1.0,10.0,22.51,42.34,8.62,31.66
115,PCH.O,포틀래치델틱,5,120,14,44,54,1.0,10.0,22.51,22.62,6.78,30.39
115,CBSH.O,커머스 뱅크셰어스,5,120,14,44,54,1.0,10.0,22.51,43.78,10.94,24.71
115,FULT.O,풀턴 파이낸셜,5,120,14,44,54,1.0,10.0,22.51,72.86,10.14,31.11
115,LBTYK.O,리버티 글로벌 Class C,5,120,14,44,54,1.0,10.0,22.51,-1.6,8.66,29.05
115,PECO.O,필립스 에디슨 & 코,5,120,14,44,54,1.0,10.0,22.51,129.43,10.22,25.08
115,AVT.O,에이브이넷,5,120,14,44,54,1.0,10.0,22.51,31.01,10.14,29.6
115,UMBF.O,UMB 파이낸셜,5,120,14,44,54,1.0,10.0,22.51,43.96,12.73,31.3
115,UBSI.O,유나이티드 뱅크셰어스(Nasdaq GS),5,120,14,44,54,1.0,10.0,22.51,54.09,8.26,31.06
115,NWS.O,뉴스 코퍼레이션 Class B,5,120,14,44,54,1.0,10.0,22.51,10.35,10.08,29.0
115,ONB.O,올드 내셔널 뱅코프,5,120,14,44,54,1.0,10.0,22.51,36.81,9.39,29.06
115,BOKF.O,BOK 파이낸셜,5,120,14,44,54,1.0,10.0,22.51,17.05,10.73,30.63
115,LBRDK.O,리버티 브로드밴드 시리즈 C,5,120,14,44,54,1.0,10.0,22.51,-20.55,8.56,29.81
115,GNTX.O,젠텍스,5,120,14,44,54,1.0,10.0,22.51,34.52,13.91,29.6
115,OTEX.O,오픈 텍스트,5,120,14,44,54,1.0,10.0,22.51,56.53,13.32,29.18
115,UVSP.O,유니베스트 파이낸셜,5,120,14,44,54,1.0,10.0,22.51,17.57,8.74,31.52
115,SEIC.O,SEI 인베스트먼트,5,120,14,44,54,1.0,10.0,22.51,62.33,11.93,25.92
115,HAS.O,해즈브로,5,120,14,44,54,1.0,10.0,22.51,16.57,7.83,30.05
115,NWSA.O,뉴스 코퍼레이션 Class A,5,120,14,44,54,1.0,10.0,22.51,10.43,9.64,29.14
115,REG.O,리젠시 센터스,5,120,14,44,54,1.0,10.0,22.51,10.99,8.76,28.11
115,GLPI.O,게이밍 앤드 레저 프로퍼티스,5,120,14,44,54,1.0,10.0,22.51,15.55,6.77,29.67
115,NTRS.O,노던 트러스트,5,120,14,44,54,1.0,10.0,22.51,8.26,8.6,28.01
115,TROW.O,티 로웨 프라이스 그룹,5,120,14,44,54,1.0,10.0,22.51,-1.07,10.77,28.47
115,CCEP.O,코카-콜라 유로퍼시픽 파트너스,5,120,14,44,54,1.0,10.0,22.51,42.22,11.58,24.49
115,CTSH.O,코그니전트 테크놀로지 솔루션,5,120,14,44,54,1.0,10.0,22.51,13.9,12.19,29.0
115,PCAR.O,파카,5,120,14,44,54,1.0,10.0,22.51,26.55,11.78,27.71
115,INTC.O,인텔,5,120,14,44,54,1.0,10.0,22.51,-1.98,8.11,30.6
115,FIBK.O,퍼스트 인터스테이트 뱅크시스템,5,120,14,44,54,1.0,10.0,22.51,26.38,10.42,31.05
115,CRWS.O,크라운 크래프츠,5,120,14,44,54,1.0,10.0,22.51,9.25,7.37,31.0
115,LBTYA.O,리버티 글로벌 Class A,5,120,14,44,54,1.0,10.0,22.51,1.82,8.36,29.79
115,WAFD.O,WaFd,5,120,14,44,54,1.0,10.0,22.51,53.68,10.16,28.58
115,LLYVA.O,리버티 미디어 Series A,5,120,14,44,54,1.0,10.0,22.51,0.0,8.0,31.72
115,CTBI.O,커뮤니티 트러스트 뱅코프,5,120,14,44,54,1.0,10.0,22.51,43.51,9.43,27.12
115,FMBH.O,퍼스트미드 뱅크셰어스,5,120,14,44,54,1.0,10.0,22.51,53.97,11.15,31.54
115,LBRDA.O,리버티 브로드밴드 시리즈 A,5,120,14,44,54,1.0,10.0,22.51,-21.29,8.38,29.91
115,SBSI.O,사우스사이드 뱅크셰어스,5,120,14,44,54,1.0,10.0,22.51,25.97,10.87,28.92
115,OCFC.O,오션퍼스트 파이낸셜,5,120,14,44,54,1.0,10.0,22.51,14.52,7.92,30.72
115,CSGS.O,CSG 시스템즈인터내셔널,5,120,14,44,54,1.0,10.0,22.51,28.77,10.75,27.71
115,BUSE.O,퍼스트 뷰지,5,120,14,44,54,1.0,10.0,22.51,8.19,10.2,31.44
115,ROIC.O,리테일 오퍼튜니티 인베스트먼트,5,120,14,44,54,1.0,10.0,22.51,-6.54,6.59,29.23
115,STBA.O,S&T 뱅코프,5,120,14,44,54,1.0,10.0,22.51,69.23,11.11,32.19
115,CLBK.O,콜롬비아 파이낸셜,5,120,14,44,54,1.0,10.0,22.51,29.39,7.36,29.22
115,WSBC.O,웨스뱅코,5,120,14,44,54,1.0,10.0,22.51,9.14,9.83,30.85
115,GCMG.O,GCM 그로스브너,5,120,14,44,54,1.0,10.0,22.51,6.22,5.66,29.75
115,TRMK.O,트러스트마크,5,120,14,44,54,1.0,10.0,22.51,37.65,8.02,29.11
115,NBTB.O,NBT 뱅코프,5,120,14,44,54,1.0,10.0,22.51,13.42,10.47,28.47
115,PRGS.O,프로그레스 소프트웨어,5,120,14,44,54,1.0,10.0,22.51,8.96,12.89,30.64
115,WERN.O,웨너 엔터프라이즈,5,120,14,44,54,1.0,10.0,22.51,28.64,8.57,27.61
115,IART.O,인테그라 라이프사이언시스 홀딩스,5,120,14,44,54,1.0,10.0,22.51,-6.65,9.72,30.85
115,TOWN.O,타운뱅크,5,120,14,44,54,1.0,10.0,22.51,11.75,11.41,31.19
115,FFBC.O,퍼스트 파이낸셜 뱅코프,5,120,14,44,54,1.0,10.0,22.51,85.41,10.35,33.13
115,INDB.O,인디펜던트 뱅크 (매사추세츠),5,120,14,44,54,1.0,10.0,22.51,21.6,12.06,30.9
115,SFNC.O,시몬스 퍼스트 내셔널,5,120,14,44,54,1.0,10.0,22.51,1.42,8.87,32.24
115,CVBF.O,CVB 파이낸셜,5,120,14,44,54,1.0,10.0,22.51,18.93,10.14,31.66
115,CSCO.O,시스코 시스템즈,5,60,14,29,59,1.0,10.0,20.87,24.7,9.05,25.93
115,HONE.O,하버원 뱅코프,5,60,14,29,59,1.0,10.0,20.87,0.0,13.05,29.78
115,PBBK.O,PB 뱅크셰어,5,60,14,29,59,1.0,10.0,20.87,0.0,9.17,25.53
115,GCMG.O,GCM 그로스브너,5,60,14,29,59,1.0,10.0,20.87,0.0,5.66,29.75
115,WAFD.O,WaFd,5,60,14,29,59,1.0,10.0,20.87,0.0,10.16,28.58
115,CVBF.O,CVB 파이낸셜,5,60,14,29,59,1.0,10.0,20.87,34.46,10.14,31.66
115,SFNC.O,시몬스 퍼스트 내셔널,5,60,14,29,59,1.0,10.0,20.87,9.5,8.87,32.24
115,INDB.O,인디펜던트 뱅크 (매사추세츠),5,60,14,29,59,1.0,10.0,20.87,0.0,12.06,30.9
115,FFBC.O,퍼스트 파이낸셜 뱅코프,5,60,14,29,59,1.0,10.0,20.87,0.0,10.35,33.13
115,TOWN.O,타운뱅크,5,60,14,29,59,1.0,10.0,20.87,25.35,11.41,31.19
115,IART.O,인테그라 라이프사이언시스 홀딩스,5,60,14,29,59,1.0,10.0,20.87,0.0,9.72,30.85
115,WERN.O,웨너 엔터프라이즈,5,60,14,29,59,1.0,10.0,20.87,0.0,8.57,27.61
115,PRGS.O,프로그레스 소프트웨어,5,60,14,29,59,1.0,10.0,20.87,0.0,12.89,30.64
115,NBTB.O,NBT 뱅코프,5,60,14,29,59,1.0,10.0,20.87,9.07,10.47,28.47
115,TRMK.O,트러스트마크,5,60,14,29,59,1.0,10.0,20.87,0.0,8.02,29.11
115,WSBC.O,웨스뱅코,5,60,14,29,59,1.0,10.0,20.87,101.36,9.83,30.85
115,HFWA.O,헤리티지 파이낸셜,5,60,14,29,59,1.0,10.0,20.87,15.15,8.62,31.66
115,CLBK.O,콜롬비아 파이낸셜,5,60,14,29,59,1.0,10.0,20.87,116.87,7.36,29.22
115,STBA.O,S&T 뱅코프,5,60,14,29,59,1.0,10.0,20.87,33.68,11.11,32.19
115,ROIC.O,리테일 오퍼튜니티 인베스트먼트,5,60,14,29,59,1.0,10.0,20.87,75.49,6.59,29.23
115,BUSE.O,퍼스트 뷰지,5,60,14,29,59,1.0,10.0,20.87,0.0,10.2,31.44
115,CSGS.O,CSG 시스템즈인터내셔널,5,60,14,29,59,1.0,10.0,20.87,60.17,10.75,27.71
115,OCFC.O,오션퍼스트 파이낸셜,5,60,14,29,59,1.0,10.0,20.87,0.0,7.92,30.72
115,SBSI.O,사우스사이드 뱅크셰어스,5,60,14,29,59,1.0,10.0,20.87,0.0,10.87,28.92
115,LBRDA.O,리버티 브로드밴드 시리즈 A,5,60,14,29,59,1.0,10.0,20.87,0.0,8.38,29.91
115,FMBH.O,퍼스트미드 뱅크셰어스,5,60,14,29,59,1.0,10.0,20.87,0.0,11.15,31.54
115,CTBI.O,커뮤니티 트러스트 뱅코프,5,60,14,29,59,1.0,10.0,20.87,86.06,9.43,27.12
115,LLYVA.O,리버티 미디어 Series A,5,60,14,29,59,1.0,10.0,20.87,0.0,8.0,31.72
115,LBTYA.O,리버티 글로벌 Class A,5,60,14,29,59,1.0,10.0,20.87,0.0,8.36,29.79
115,PCH.O,포틀래치델틱,5,60,14,29,59,1.0,10.0,20.87,0.0,6.78,30.39
115,FIBK.O,퍼스트 인터스테이트 뱅크시스템,5,60,14,29,59,1.0,10.0,20.87,0.0,10.42,31.05
115,FULT.O,풀턴 파이낸셜,5,60,14,29,59,1.0,10.0,20.87,187.74,10.14,31.11
115,CRWS.O,크라운 크래프츠,5,60,14,29,59,1.0,10.0,20.87,56.67,7.37,31.0
115,PCAR.O,파카,5,60,14,29,59,1.0,10.0,20.87,0.0,11.78,27.71
115,CTSH.O,코그니전트 테크놀로지 솔루션,5,60,14,29,59,1.0,10.0,20.87,0.0,12.19,29.0
115,CCEP.O,코카-콜라 유로퍼시픽 파트너스,5,60,14,29,59,1.0,10.0,20.87,0.0,11.58,24.49
115,TROW.O,티 로웨 프라이스 그룹,5,60,14,29,59,1.0,10.0,20.87,0.0,10.77,28.47
115,NTRS.O,노던 트러스트,5,60,14,29,59,1.0,10.0,20.87,26.16,8.6,28.01
115,GLPI.O,게이밍 앤드 레저 프로퍼티스,5,60,14,29,59,1.0,10.0,20.87,6.39,6.77,29.67
115,REG.O,리젠시 센터스,5,60,14,29,59,1.0,10.0,20.87,93.29,8.76,28.11
115,NWSA.O,뉴스 코퍼레이션 Class A,5,60,14,29,59,1.0,10.0,20.87,0.0,9.64,29.14
115,HAS.O,해즈브로,5,60,14,29,59,1.0,10.0,20.87,9.12,7.83,30.05
115,SEIC.O,SEI 인베스트먼트,5,60,14,29,59,1.0,10.0,20.87,0.0,11.93,25.92
115,OTEX.O,오픈 텍스트,5,60,14,29,59,1.0,10.0,20.87,0.0,13.32,29.18
115,CBSH.O,커머스 뱅크셰어스,5,60,14,29,59,1.0,10.0,20.87,0.0,10.94,24.71
115,GNTX.O,젠텍스,5,60,14,29,59,1.0,10.0,20.87,0.0,13.91,29.6
115,LBRDK.O,리버티 브로드밴드 시리즈 C,5,60,14,29,59,1.0,10.0,20.87,0.0,8.56,29.81
115,BOKF.O,BOK 파이낸셜,5,60,14,29,59,1.0,10.0,20.87,0.0,10.73,30.63
115,ONB.O,올드 내셔널 뱅코프,5,60,14,29,59,1.0,10.0,20.87,0.0,9.39,29.06
115,NWS.O,뉴스 코퍼레이션 Class B,5,60,14,29,59,1.0,10.0,20.87,0.0,10.08,29.0
115,UBSI.O,유나이티드 뱅크셰어스(Nasdaq GS),5,60,14,29,59,1.0,10.0,20.87,94.4,8.26,31.06
115,UMBF.O,UMB 파이낸셜,5,60,14,29,59,1.0,10.0,20.87,0.0,12.73,31.3
115,AVT.O,에이브이넷,5,60,14,29,59,1.0,10.0,20.87,0.0,10.14,29.6
115,PECO.O,필립스 에디슨 & 코,5,60,14,29,59,1.0,10.0,20.87,0.0,10.22,25.08
115,LBTYK.O,리버티 글로벌 Class C,5,60,14,29,59,1.0,10.0,20.87,0.0,8.66,29.05
115,UVSP.O,유니베스트 파이낸셜,5,60,14,29,59,1.0,10.0,20.87,24.37,8.74,31.52
115,INTC.O,인텔,5,60,14,29,59,1.0,10.0,20.87,0.0,8.11,30.6
115,GSBC.O,그레이트 서던 뱅코프,5,60,14,29,59,1.0,10.0,20.87,192.0,13.76,30.39
115,FRAF.O,프랭클린 파이낸셜 서비스,5,60,14,29,59,1.0,10.0,20.87,7.47,8.08,27.71
115,NWFL.O,노우드 파이낸셜,5,60,14,29,59,1.0,10.0,20.87,29.45,10.26,31.89
115,RGCO.O,RGC 리소스,5,60,14,29,59,1.0,10.0,20.87,0.0,10.16,29.86
115,BCBP.O,BCB 뱅코프,5,60,14,29,59,1.0,10.0,20.87,267.0,9.24,30.5
115,BWFG.O,뱅크웰 파이낸셜 그룹,5,60,14,29,59,1.0,10.0,20.87,107.82,8.91,29.41
115,VABK.O,버지니아 내셔널 뱅크셰어,5,60,14,29,59,1.0,10.0,20.87,0.0,8.63,30.78
115,ESSA.O,ESSA 뱅코프,5,60,14,29,59,1.0,10.0,20.87,0.0,7.75,28.89
115,MSSAU.O,Metal Sky Star Acquisition Units,5,60,14,29,59,1.0,10.0,20.87,0.0,9.24,25.99
115,WAVSU.O,Western Acquisition Ventures Units,5,60,14,29,59,1.0,10.0,20.87,0.0,8.16,29.75
115,BFIN.O,뱅크파이낸셜,5,60,14,29,59,1.0,10.0,20.87,6.15,7.21,30.49
115,GLLIU.O,Globalink Investment Units,5,60,14,29,59,1.0,10.0,20.87,0.0,10.4,32.91
115,CZWI.O,시티즌스 커뮤니티 뱅코프,5,60,14,29,59,1.0,10.0,20.87,0.0,13.18,28.84
115,MRBK.O,메리디안,5,60,14,29,59,1.0,10.0,20.87,0.0,9.41,33.02
115,UTMD.O,유타 메디컬 프로덕츠,5,60,14,29,59,1.0,10.0,20.87,0.0,12.66,30.8
115,CBFV.O,CB 파이낸셜 서비스,5,60,14,29,59,1.0,10.0,20.87,0.0,7.07,28.07
115,WINVU.O,WinVest Acquisition Units,5,60,14,29,59,1.0,10.0,20.87,0.0,11.55,29.96
115,GLSTU.O,Global Star Acquisition Units,5,60,14,29,59,1.0,10.0,20.87,0.0,11.45,32.3
115,LARK.O,랜드마크 뱅코프,5,60,14,29,59,1.0,10.0,20.87,14.62,10.46,30.51
115,SPKLU.O,Spark I Acquisition Units,5,60,14,29,59,1.0,10.0,20.87,0.0,8.19,27.97
115,ACACU.O,Acri Capital Acquisition Units,5,60,14,29,59,1.0,10.0,20.87,0.0,10.52,25.31
115,PROV.O,프로비던트 파이낸셜 홀딩스,5,60,14,29,59,1.0,10.0,20.87,0.41,10.62,27.22
115,HHGCU.O,HHG Capital Units,5,60,14,29,59,1.0,10.0,20.87,0.0,7.98,28.1
115,LSBK.O,레이크 쇼어 뱅코프,5,60,14,29,59,1.0,10.0,20.87,0.0,7.09,26.55
115,ICCH.O,ICC 홀딩스,5,60,14,29,59,1.0,10.0,20.87,40.85,11.15,30.77
115,TRST.O,트러스트코 은행 N Y,5,60,14,29,59,1.0,10.0,20.87,19.8,6.07,29.58
115,BPRN.O,뱅크 오브 프린스턴,5,60,14,29,59,1.0,10.0,20.87,86.43,9.38,33.05
115,SELF.O,글로벌 셀프 스토리지,5,60,14,29,59,1.0,10.0,20.87,0.0,6.92,28.09
115,BCML.O,베이컴,5,60,14,29,59,1.0,10.0,20.87,41.04,12.6,31.54
115,PFIS.O,피플스 파이낸셜 서비스,5,60,14,29,59,1.0,10.0,20.87,0.0,10.48,32.65
115,FLIC.O,퍼스트 오브 롱 아일랜드,5,60,14,29,59,1.0,10.0,20.87,9.07,6.07,30.71
115,CAC.O,캠던 내셔널,5,60,14,29,59,1.0,10.0,20.87,28.57,10.47,31.2
115,YORW.O,요크 워터,5,60,14,29,59,1.0,10.0,20.87,0.0,12.12,28.41
115,CATC.O,케임브리지 뱅코프,5,60,14,29,59,1.0,10.0,20.87,23.03,10.22,28.37
115,NFBK.O,노스필드 뱅코프,5,60,14,29,59,1.0,10.0,20.87,151.02,6.43,28.36
115,CASS.O,캐스 인포메이션 시스템즈,5,60,14,29,59,1.0,10.0,20.87,0.0,9.95,31.16
115,THFF.O,퍼스트 파이낸셜,5,60,14,29,59,1.0,10.0,20.87,0.0,8.38,28.09
115,AROW.O,애로우 파이낸셜,5,60,14,29,59,1.0,10.0,20.87,0.0,8.27,28.39
115,ITRN.O,이투란 로케이션 앤 콘트롤,5,60,14,29,59,1.0,10.0,20.87,0.0,9.0,30.29
115,GAIN.O,글래드스톤 인베스트먼트,5,60,14,29,59,1.0,10.0,20.87,0.0,9.82,26.4
115,WASH.O,워싱턴 트러스트 뱅코프,5,60,14,29,59,1.0,10.0,20.87,0.0,9.35,31.4
115,MOFG.O,미드웨스트원 파이낸셜 그룹,5,60,14,29,59,1.0,10.0,20.87,0.0,10.82,32.59
115,ARTNA.O,아르테시안 리소시스,5,60,14,29,59,1.0,10.0,20.87,0.0,9.07,26.07
115,HBCP.O,홈 뱅코프,5,60,14,29,59,1.0,10.0,20.87,0.0,13.8,29.42
115,BMRC.O,뱅크 오브 마린 뱅코프,5,60,14,29,59,1.0,10.0,20.87,13.41,7.4,30.71
115,VBNK.O,버사뱅크,5,60,14,29,59,1.0,10.0,20.87,45.25,8.13,29.25
115,NODK.O,NI 홀딩스,5,60,14,29,59,1.0,10.0,20.87,0.0,6.1,30.73
115,ACABU.O,Atlantic Coastal Acquisition II Units,5,60,14,29,59,1.0,10.0,20.87,0.0,7.48,26.4
115,FNLC.O,퍼스트 뱅코프,5,60,14,29,59,1.0,10.0,20.87,0.0,11.47,32.35
115,IRAAU.O,Iris Acquisition Units,5,60,14,29,59,1.0,10.0,20.87,0.0,10.38,26.14
115,SLMBP.O,SLM 우선주 시리즈 B,5,60,14,29,59,1.0,10.0,20.87,65.01,8.43,26.38
115,CARE.O,카터 뱅크셰어스,5,60,14,29,59,1.0,10.0,20.87,36.79,10.94,32.18
115,HBCP.O,홈 뱅코프,5,60,14,44,54,1.0,10.0,19.82,9.04,13.8,29.42
115,PFIS.O,피플스 파이낸셜 서비스,5,60,14,44,54,1.0,10.0,19.82,18.81,10.48,32.65
115,MOFG.O,미드웨스트원 파이낸셜 그룹,5,60,14,44,54,1.0,10.0,19.82,40.91,10.82,32.59
115,CARE.O,카터 뱅크셰어스,5,60,14,44,54,1.0,10.0,19.82,36.41,10.94,32.18
115,ARTNA.O,아르테시안 리소시스,5,60,14,44,54,1.0,10.0,19.82,3.49,9.07,26.07
115,HHGCU.O,HHG Capital Units,5,60,14,44,54,1.0,10.0,19.82,0.0,7.98,28.1
115,BMRC.O,뱅크 오브 마린 뱅코프,5,60,14,44,54,1.0,10.0,19.82,-0.78,7.4,30.71
115,NODK.O,NI 홀딩스,5,60,14,44,54,1.0,10.0,19.82,7.97,6.1,30.73
115,ACABU.O,Atlantic Coastal Acquisition II Units,5,60,14,44,54,1.0,10.0,19.82,0.0,7.48,26.4
115,FNLC.O,퍼스트 뱅코프,5,60,14,44,54,1.0,10.0,19.82,28.55,11.47,32.35
115,ITRN.O,이투란 로케이션 앤 콘트롤,5,60,14,44,54,1.0,10.0,19.82,17.08,9.0,30.29
115,GAIN.O,글래드스톤 인베스트먼트,5,60,14,44,54,1.0,10.0,19.82,111.77,9.82,26.4
115,GSBC.O,그레이트 서던 뱅코프,5,60,14,44,54,1.0,10.0,19.82,47.66,13.76,30.39
115,AROW.O,애로우 파이낸셜,5,60,14,44,54,1.0,10.0,19.82,31.38,8.27,28.39
115,THFF.O,퍼스트 파이낸셜,5,60,14,44,54,1.0,10.0,19.82,32.99,8.38,28.09
115,WASH.O,워싱턴 트러스트 뱅코프,5,60,14,44,54,1.0,10.0,19.82,7.39,9.35,31.4
115,CASS.O,캐스 인포메이션 시스템즈,5,60,14,44,54,1.0,10.0,19.82,15.82,9.95,31.16
115,NFBK.O,노스필드 뱅코프,5,60,14,44,54,1.0,10.0,19.82,29.49,6.43,28.36
115,CATC.O,케임브리지 뱅코프,5,60,14,44,54,1.0,10.0,19.82,33.72,10.22,28.37
115,YORW.O,요크 워터,5,60,14,44,54,1.0,10.0,19.82,2.27,12.12,28.41
115,CAC.O,캠던 내셔널,5,60,14,44,54,1.0,10.0,19.82,31.86,10.47,31.2
115,HONE.O,하버원 뱅코프,5,60,14,44,54,1.0,10.0,19.82,57.63,13.05,29.78
115,TRST.O,트러스트코 은행 N Y,5,60,14,44,54,1.0,10.0,19.82,23.45,6.07,29.58
115,SLMBP.O,SLM 우선주 시리즈 B,5,60,14,44,54,1.0,10.0,19.82,12.54,8.43,26.38
115,HFWA.O,헤리티지 파이낸셜,5,60,14,44,54,1.0,10.0,19.82,14.61,8.62,31.66
115,IRAAU.O,Iris Acquisition Units,5,60,14,44,54,1.0,10.0,19.82,0.0,10.38,26.14
115,MSSAU.O,Metal Sky Star Acquisition Units,5,60,14,44,54,1.0,10.0,19.82,0.0,9.24,25.99
115,VBNK.O,버사뱅크,5,60,14,44,54,1.0,10.0,19.82,45.25,8.13,29.25
115,FLIC.O,퍼스트 오브 롱 아일랜드,5,60,14,44,54,1.0,10.0,19.82,3.72,6.07,30.71
115,LLYVA.O,리버티 미디어 Series A,5,60,14,44,54,1.0,10.0,19.82,0.0,8.0,31.72
115,PROV.O,프로비던트 파이낸셜 홀딩스,5,60,14,44,54,1.0,10.0,19.82,15.91,10.62,27.22
115,ACACU.O,Acri Capital Acquisition Units,5,60,14,44,54,1.0,10.0,19.82,9.13,10.52,25.31
115,SPKLU.O,Spark I Acquisition Units,5,60,14,44,54,1.0,10.0,19.82,0.0,8.19,27.97
115,LARK.O,랜드마크 뱅코프,5,60,14,44,54,1.0,10.0,19.82,10.54,10.46,30.51
115,GLSTU.O,Global Star Acquisition Units,5,60,14,44,54,1.0,10.0,19.82,0.0,11.45,32.3
115,WINVU.O,WinVest Acquisition Units,5,60,14,44,54,1.0,10.0,19.82,0.0,11.55,29.96
115,CBFV.O,CB 파이낸셜 서비스,5,60,14,44,54,1.0,10.0,19.82,12.65,7.07,28.07
115,MRBK.O,메리디안,5,60,14,44,54,1.0,10.0,19.82,14.71,9.41,33.02
115,FRAF.O,프랭클린 파이낸셜 서비스,5,60,14,44,54,1.0,10.0,19.82,15.78,8.08,27.71
115,CZWI.O,시티즌스 커뮤니티 뱅코프,5,60,14,44,54,1.0,10.0,19.82,10.69,13.18,28.84
115,GLLIU.O,Globalink Investment Units,5,60,14,44,54,1.0,10.0,19.82,0.0,10.4,32.91
115,BFIN.O,뱅크파이낸셜,5,60,14,44,54,1.0,10.0,19.82,1.63,7.21,30.49
115,WAVSU.O,Western Acquisition Ventures Units,5,60,14,44,54,1.0,10.0,19.82,0.0,8.16,29.75
115,ESSA.O,ESSA 뱅코프,5,60,14,44,54,1.0,10.0,19.82,16.44,7.75,28.89
115,VABK.O,버지니아 내셔널 뱅크셰어,5,60,14,44,54,1.0,10.0,19.82,110.36,8.63,30.78
115,BWFG.O,뱅크웰 파이낸셜 그룹,5,60,14,44,54,1.0,10.0,19.82,15.49,8.91,29.41
115,BCBP.O,BCB 뱅코프,5,60,14,44,54,1.0,10.0,19.82,8.15,9.24,30.5
115,RGCO.O,RGC 리소스,5,60,14,44,54,1.0,10.0,19.82,2.91,10.16,29.86
115,NWFL.O,노우드 파이낸셜,5,60,14,44,54,1.0,10.0,19.82,25.64,10.26,31.89
115,BPRN.O,뱅크 오브 프린스턴,5,60,14,44,54,1.0,10.0,19.82,1.95,9.38,33.05
115,UTMD.O,유타 메디컬 프로덕츠,5,60,14,44,54,1.0,10.0,19.82,-24.19,12.66,30.8
115,BCML.O,베이컴,5,60,14,44,54,1.0,10.0,19.82,56.06,12.6,31.54
115,UVSP.O,유니베스트 파이낸셜,5,60,14,44,54,1.0,10.0,19.82,18.75,8.74,31.52
115,FIBK.O,퍼스트 인터스테이트 뱅크시스템,5,60,14,44,54,1.0,10.0,19.82,34.61,10.42,31.05
115,CTBI.O,커뮤니티 트러스트 뱅코프,5,60,14,44,54,1.0,10.0,19.82,22.41,9.43,27.12
115,NWSA.O,뉴스 코퍼레이션 Class A,5,60,14,44,54,1.0,10.0,19.82,8.23,9.64,29.14
115,UMBF.O,UMB 파이낸셜,5,60,14,44,54,1.0,10.0,19.82,22.74,12.73,31.3
115,UBSI.O,유나이티드 뱅크셰어스(Nasdaq GS),5,60,14,44,54,1.0,10.0,19.82,30.36,8.26,31.06
115,NWS.O,뉴스 코퍼레이션 Class B,5,60,14,44,54,1.0,10.0,19.82,8.98,10.08,29.0
115,ONB.O,올드 내셔널 뱅코프,5,60,14,44,54,1.0,10.0,19.82,40.85,9.39,29.06
115,BOKF.O,BOK 파이낸셜,5,60,14,44,54,1.0,10.0,19.82,31.86,10.73,30.63
115,LBRDK.O,리버티 브로드밴드 시리즈 C,5,60,14,44,54,1.0,10.0,19.82,-14.95,8.56,29.81
115,GNTX.O,젠텍스,5,60,14,44,54,1.0,10.0,19.82,19.67,13.91,29.6
115,CBSH.O,커머스 뱅크셰어스,5,60,14,44,54,1.0,10.0,19.82,21.3,10.94,24.71
115,OTEX.O,오픈 텍스트,5,60,14,44,54,1.0,10.0,19.82,19.65,13.32,29.18
115,SEIC.O,SEI 인베스트먼트,5,60,14,44,54,1.0,10.0,19.82,47.55,11.93,25.92
115,HAS.O,해즈브로,5,60,14,44,54,1.0,10.0,19.82,9.35,7.83,30.05
115,REG.O,리젠시 센터스,5,60,14,44,54,1.0,10.0,19.82,13.43,8.76,28.11
115,FMBH.O,퍼스트미드 뱅크셰어스,5,60,14,44,54,1.0,10.0,19.82,7.64,11.15,31.54
115,GLPI.O,게이밍 앤드 레저 프로퍼티스,5,60,14,44,54,1.0,10.0,19.82,27.66,6.77,29.67
115,NTRS.O,노던 트러스트,5,60,14,44,54,1.0,10.0,19.82,18.87,8.6,28.01
115,TROW.O,티 로웨 프라이스 그룹,5,60,14,44,54,1.0,10.0,19.82,3.46,10.77,28.47
115,CCEP.O,코카-콜라 유로퍼시픽 파트너스,5,60,14,44,54,1.0,10.0,19.82,84.78,11.58,24.49
115,CTSH.O,코그니전트 테크놀로지 솔루션,5,60,14,44,54,1.0,10.0,19.82,6.62,12.19,29.0
115,PCAR.O,파카,5,60,14,44,54,1.0,10.0,19.82,34.45,11.78,27.71
115,INTC.O,인텔,5,60,14,44,54,1.0,10.0,19.82,-3.92,8.11,30.6
115,CSCO.O,시스코 시스템즈,5,60,14,44,54,1.0,10.0,19.82,39.42,9.05,25.93
115,SELF.O,글로벌 셀프 스토리지,5,60,14,44,54,1.0,10.0,19.82,9.18,6.92,28.09
115,CRWS.O,크라운 크래프츠,5,60,14,44,54,1.0,10.0,19.82,12.31,7.37,31.0
115,LSBK.O,레이크 쇼어 뱅코프,5,60,14,44,54,1.0,10.0,19.82,-0.8,7.09,26.55
115,AVT.O,에이브이넷,5,60,14,44,54,1.0,10.0,19.82,27.74,10.14,29.6
115,PECO.O,필립스 에디슨 & 코,5,60,14,44,54,1.0,10.0,19.82,121.96,10.22,25.08
115,LBTYK.O,리버티 글로벌 Class C,5,60,14,44,54,1.0,10.0,19.82,-2.51,8.66,29.05
115,FULT.O,풀턴 파이낸셜,5,60,14,44,54,1.0,10.0,19.82,51.75,10.14,31.11
115,LBRDA.O,리버티 브로드밴드 시리즈 A,5,60,14,44,54,1.0,10.0,19.82,-13.34,8.38,29.91
115,SBSI.O,사우스사이드 뱅크셰어스,5,60,14,44,54,1.0,10.0,19.82,41.76,10.87,28.92
115,OCFC.O,오션퍼스트 파이낸셜,5,60,14,44,54,1.0,10.0,19.82,5.15,7.92,30.72
115,CSGS.O,CSG 시스템즈인터내셔널,5,60,14,44,54,1.0,10.0,19.82,14.37,10.75,27.71
115,BUSE.O,퍼스트 뷰지,5,60,14,44,54,1.0,10.0,19.82,9.79,10.2,31.44
115,ROIC.O,리테일 오퍼튜니티 인베스트먼트,5,60,14,44,54,1.0,10.0,19.82,-7.04,6.59,29.23
115,STBA.O,S&T 뱅코프,5,60,14,44,54,1.0,10.0,19.82,26.22,11.11,32.19
115,CLBK.O,콜롬비아 파이낸셜,5,60,14,44,54,1.0,10.0,19.82,6.16,7.36,29.22
115,WSBC.O,웨스뱅코,5,60,14,44,54,1.0,10.0,19.82,2.61,9.83,30.85
115,GCMG.O,GCM 그로스브너,5,60,14,44,54,1.0,10.0,19.82,-3.45,5.66,29.75
115,TRMK.O,트러스트마크,5,60,14,44,54,1.0,10.0,19.82,43.79,8.02,29.11
115,NBTB.O,NBT 뱅코프,5,60,14,44,54,1.0,10.0,19.82,15.78,10.47,28.47
115,PRGS.O,프로그레스 소프트웨어,5,60,14,44,54,1.0,10.0,19.82,15.06,12.89,30.64
115,WERN.O,웨너 엔터프라이즈,5,60,14,44,54,1.0,10.0,19.82,18.98,8.57,27.61
115,IART.O,인테그라 라이프사이언시스 홀딩스,5,60,14,44,54,1.0,10.0,19.82,-4.59,9.72,30.85
115,TOWN.O,타운뱅크,5,60,14,44,54,1.0,10.0,19.82,13.34,11.41,31.19
115,FFBC.O,퍼스트 파이낸셜 뱅코프,5,60,14,44,54,1.0,10.0,19.82,7.74,10.35,33.13
115,INDB.O,인디펜던트 뱅크 (매사추세츠),5,60,14,44,54,1.0,10.0,19.82,33.03,12.06,30.9
115,SFNC.O,시몬스 퍼스트 내셔널,5,60,14,44,54,1.0,10.0,19.82,3.09,8.87,32.24
115,CVBF.O,CVB 파이낸셜,5,60,14,44,54,1.0,10.0,19.82,40.5,10.14,31.66
115,WAFD.O,WaFd,5,60,14,44,54,1.0,10.0,19.82,35.54,10.16,28.58
115,LBTYA.O,리버티 글로벌 Class A,5,60,14,44,54,1.0,10.0,19.82,1.75,8.36,29.79
115,PCH.O,포틀래치델틱,5,60,14,44,54,1.0,10.0,19.82,20.76,6.78,30.39
115,ICCH.O,ICC 홀딩스,5,60,14,44,54,1.0,10.0,19.82,-3.74,11.15,30.77
115,PBBK.O,PB 뱅크셰어,5,60,14,44,54,1.0,10.0,19.82,96.55,9.17,25.53
115,PBBK.O,PB 뱅크셰어,5,60,14,39,59,1.0,10.0,19.32,0.0,9.17,25.53
115,GCMG.O,GCM 그로스브너,5,60,14,39,59,1.0,10.0,19.32,14.58,5.66,29.75
115,WAFD.O,WaFd,5,60,14,39,59,1.0,10.0,19.32,29.87,10.16,28.58
115,CVBF.O,CVB 파이낸셜,5,60,14,39,59,1.0,10.0,19.32,35.07,10.14,31.66
115,SFNC.O,시몬스 퍼스트 내셔널,5,60,14,39,59,1.0,10.0,19.32,28.94,8.87,32.24
115,INDB.O,인디펜던트 뱅크 (매사추세츠),5,60,14,39,59,1.0,10.0,19.32,28.27,12.06,30.9
115,FFBC.O,퍼스트 파이낸셜 뱅코프,5,60,14,39,59,1.0,10.0,19.32,19.02,10.35,33.13
115,TOWN.O,타운뱅크,5,60,14,39,59,1.0,10.0,19.32,14.86,11.41,31.19
115,IART.O,인테그라 라이프사이언시스 홀딩스,5,60,14,39,59,1.0,10.0,19.32,1.9,9.72,30.85
115,WERN.O,웨너 엔터프라이즈,5,60,14,39,59,1.0,10.0,19.32,48.51,8.57,27.61
115,PRGS.O,프로그레스 소프트웨어,5,60,14,39,59,1.0,10.0,19.32,12.43,12.89,30.64
115,NBTB.O,NBT 뱅코프,5,60,14,39,59,1.0,10.0,19.32,16.47,10.47,28.47
115,TRMK.O,트러스트마크,5,60,14,39,59,1.0,10.0,19.32,49.42,8.02,29.11
115,WSBC.O,웨스뱅코,5,60,14,39,59,1.0,10.0,19.32,35.64,9.83,30.85
115,PCH.O,포틀래치델틱,5,60,14,39,59,1.0,10.0,19.32,15.15,6.78,30.39
115,CLBK.O,콜롬비아 파이낸셜,5,60,14,39,59,1.0,10.0,19.32,29.22,7.36,29.22
115,STBA.O,S&T 뱅코프,5,60,14,39,59,1.0,10.0,19.32,20.72,11.11,32.19
115,ROIC.O,리테일 오퍼튜니티 인베스트먼트,5,60,14,39,59,1.0,10.0,19.32,-2.09,6.59,29.23
115,BUSE.O,퍼스트 뷰지,5,60,14,39,59,1.0,10.0,19.32,37.57,10.2,31.44
115,CSGS.O,CSG 시스템즈인터내셔널,5,60,14,39,59,1.0,10.0,19.32,76.76,10.75,27.71
115,OCFC.O,오션퍼스트 파이낸셜,5,60,14,39,59,1.0,10.0,19.32,-4.71,7.92,30.72
115,SBSI.O,사우스사이드 뱅크셰어스,5,60,14,39,59,1.0,10.0,19.32,32.12,10.87,28.92
115,LBRDA.O,리버티 브로드밴드 시리즈 A,5,60,14,39,59,1.0,10.0,19.32,-25.74,8.38,29.91
115,FMBH.O,퍼스트미드 뱅크셰어스,5,60,14,39,59,1.0,10.0,19.32,44.38,11.15,31.54
115,CTBI.O,커뮤니티 트러스트 뱅코프,5,60,14,39,59,1.0,10.0,19.32,33.55,9.43,27.12
115,LLYVA.O,리버티 미디어 Series A,5,60,14,39,59,1.0,10.0,19.32,0.0,8.0,31.72
115,LBTYA.O,리버티 글로벌 Class A,5,60,14,39,59,1.0,10.0,19.32,1.6,8.36,29.79
115,FIBK.O,퍼스트 인터스테이트 뱅크시스템,5,60,14,39,59,1.0,10.0,19.32,37.28,10.42,31.05
115,HFWA.O,헤리티지 파이낸셜,5,60,14,39,59,1.0,10.0,19.32,30.01,8.62,31.66
115,SEIC.O,SEI 인베스트먼트,5,60,14,39,59,1.0,10.0,19.32,33.3,11.93,25.92
115,CRWS.O,크라운 크래프츠,5,60,14,39,59,1.0,10.0,19.32,8.66,7.37,31.0
115,INTC.O,인텔,5,60,14,39,59,1.0,10.0,19.32,48.48,8.11,30.6
115,PCAR.O,파카,5,60,14,39,59,1.0,10.0,19.32,18.72,11.78,27.71
115,CTSH.O,코그니전트 테크놀로지 솔루션,5,60,14,39,59,1.0,10.0,19.32,25.75,12.19,29.0
115,CCEP.O,코카-콜라 유로퍼시픽 파트너스,5,60,14,39,59,1.0,10.0,19.32,0.0,11.58,24.49
115,TROW.O,티 로웨 프라이스 그룹,5,60,14,39,59,1.0,10.0,19.32,8.47,10.77,28.47
115,NTRS.O,노던 트러스트,5,60,14,39,59,1.0,10.0,19.32,21.68,8.6,28.01
115,GLPI.O,게이밍 앤드 레저 프로퍼티스,5,60,14,39,59,1.0,10.0,19.32,15.27,6.77,29.67
115,REG.O,리젠시 센터스,5,60,14,39,59,1.0,10.0,19.32,39.59,8.76,28.11
115,NWSA.O,뉴스 코퍼레이션 Class A,5,60,14,39,59,1.0,10.0,19.32,16.82,9.64,29.14
115,HAS.O,해즈브로,5,60,14,39,59,1.0,10.0,19.32,5.76,7.83,30.05
115,OTEX.O,오픈 텍스트,5,60,14,39,59,1.0,10.0,19.32,4.05,13.32,29.18
115,FULT.O,풀턴 파이낸셜,5,60,14,39,59,1.0,10.0,19.32,37.55,10.14,31.11
115,CBSH.O,커머스 뱅크셰어스,5,60,14,39,59,1.0,10.0,19.32,22.4,10.94,24.71
115,GNTX.O,젠텍스,5,60,14,39,59,1.0,10.0,19.32,48.17,13.91,29.6
115,LBRDK.O,리버티 브로드밴드 시리즈 C,5,60,14,39,59,1.0,10.0,19.32,-20.72,8.56,29.81
115,BOKF.O,BOK 파이낸셜,5,60,14,39,59,1.0,10.0,19.32,66.23,10.73,30.63
115,ONB.O,올드 내셔널 뱅코프,5,60,14,39,59,1.0,10.0,19.32,57.64,9.39,29.06
115,NWS.O,뉴스 코퍼레이션 Class B,5,60,14,39,59,1.0,10.0,19.32,9.04,10.08,29.0
115,UBSI.O,유나이티드 뱅크셰어스(Nasdaq GS),5,60,14,39,59,1.0,10.0,19.32,42.12,8.26,31.06
115,UMBF.O,UMB 파이낸셜,5,60,14,39,59,1.0,10.0,19.32,62.36,12.73,31.3
115,AVT.O,에이브이넷,5,60,14,39,59,1.0,10.0,19.32,76.5,10.14,29.6
115,PECO.O,필립스 에디슨 & 코,5,60,14,39,59,1.0,10.0,19.32,0.0,10.22,25.08
115,LBTYK.O,리버티 글로벌 Class C,5,60,14,39,59,1.0,10.0,19.32,1.16,8.66,29.05
115,UVSP.O,유니베스트 파이낸셜,5,60,14,39,59,1.0,10.0,19.32,21.35,8.74,31.52
115,CSCO.O,시스코 시스템즈,5,60,14,39,59,1.0,10.0,19.32,31.9,9.05,25.93
115,GSBC.O,그레이트 서던 뱅코프,5,60,14,39,59,1.0,10.0,19.32,45.04,13.76,30.39
115,FRAF.O,프랭클린 파이낸셜 서비스,5,60,14,39,59,1.0,10.0,19.32,8.93,8.08,27.71
115,NWFL.O,노우드 파이낸셜,5,60,14,39,59,1.0,10.0,19.32,13.59,10.26,31.89
115,RGCO.O,RGC 리소스,5,60,14,39,59,1.0,10.0,19.32,-1.17,10.16,29.86
115,BCBP.O,BCB 뱅코프,5,60,14,39,59,1.0,10.0,19.32,18.57,9.24,30.5
115,BWFG.O,뱅크웰 파이낸셜 그룹,5,60,14,39,59,1.0,10.0,19.32,5.97,8.91,29.41
115,VABK.O,버지니아 내셔널 뱅크셰어,5,60,14,39,59,1.0,10.0,19.32,23.13,8.63,30.78
115,ESSA.O,ESSA 뱅코프,5,60,14,39,59,1.0,10.0,19.32,6.87,7.75,28.89
115,MSSAU.O,Metal Sky Star Acquisition Units,5,60,14,39,59,1.0,10.0,19.32,0.0,9.24,25.99
115,WAVSU.O,Western Acquisition Ventures Units,5,60,14,39,59,1.0,10.0,19.32,0.0,8.16,29.75
115,BFIN.O,뱅크파이낸셜,5,60,14,39,59,1.0,10.0,19.32,0.73,7.21,30.49
115,GLLIU.O,Globalink Investment Units,5,60,14,39,59,1.0,10.0,19.32,0.0,10.4,32.91
115,CZWI.O,시티즌스 커뮤니티 뱅코프,5,60,14,39,59,1.0,10.0,19.32,20.55,13.18,28.84
115,MRBK.O,메리디안,5,60,14,39,59,1.0,10.0,19.32,23.32,9.41,33.02
115,UTMD.O,유타 메디컬 프로덕츠,5,60,14,39,59,1.0,10.0,19.32,-1.78,12.66,30.8
115,CBFV.O,CB 파이낸셜 서비스,5,60,14,39,59,1.0,10.0,19.32,4.61,7.07,28.07
115,WINVU.O,WinVest Acquisition Units,5,60,14,39,59,1.0,10.0,19.32,0.0,11.55,29.96
115,GLSTU.O,Global Star Acquisition Units,5,60,14,39,59,1.0,10.0,19.32,0.0,11.45,32.3
115,LARK.O,랜드마크 뱅코프,5,60,14,39,59,1.0,10.0,19.32,2.61,10.46,30.51
115,SPKLU.O,Spark I Acquisition Units,5,60,14,39,59,1.0,10.0,19.32,0.0,8.19,27.97
115,ACACU.O,Acri Capital Acquisition Units,5,60,14,39,59,1.0,10.0,19.32,30.07,10.52,25.31
115,PROV.O,프로비던트 파이낸셜 홀딩스,5,60,14,39,59,1.0,10.0,19.32,-3.31,10.62,27.22
115,HHGCU.O,HHG Capital Units,5,60,14,39,59,1.0,10.0,19.32,0.0,7.98,28.1
115,LSBK.O,레이크 쇼어 뱅코프,5,60,14,39,59,1.0,10.0,19.32,-1.74,7.09,26.55
115,ICCH.O,ICC 홀딩스,5,60,14,39,59,1.0,10.0,19.32,-2.3,11.15,30.77
115,TRST.O,트러스트코 은행 N Y,5,60,14,39,59,1.0,10.0,19.32,10.84,6.07,29.58
115,BPRN.O,뱅크 오브 프린스턴,5,60,14,39,59,1.0,10.0,19.32,0.28,9.38,33.05
115,SELF.O,글로벌 셀프 스토리지,5,60,14,39,59,1.0,10.0,19.32,20.58,6.92,28.09
115,BCML.O,베이컴,5,60,14,39,59,1.0,10.0,19.32,41.04,12.6,31.54
115,PFIS.O,피플스 파이낸셜 서비스,5,60,14,39,59,1.0,10.0,19.32,25.0,10.48,32.65
115,FLIC.O,퍼스트 오브 롱 아일랜드,5,60,14,39,59,1.0,10.0,19.32,-5.16,6.07,30.71
115,HONE.O,하버원 뱅코프,5,60,14,39,59,1.0,10.0,19.32,21.28,13.05,29.78
115,CAC.O,캠던 내셔널,5,60,14,39,59,1.0,10.0,19.32,32.94,10.47,31.2
115,YORW.O,요크 워터,5,60,14,39,59,1.0,10.0,19.32,15.54,12.12,28.41
115,CATC.O,케임브리지 뱅코프,5,60,14,39,59,1.0,10.0,19.32,40.23,10.22,28.37
115,NFBK.O,노스필드 뱅코프,5,60,14,39,59,1.0,10.0,19.32,6.9,6.43,28.36
115,CASS.O,캐스 인포메이션 시스템즈,5,60,14,39,59,1.0,10.0,19.32,13.9,9.95,31.16
115,THFF.O,퍼스트 파이낸셜,5,60,14,39,59,1.0,10.0,19.32,31.2,8.38,28.09
115,AROW.O,애로우 파이낸셜,5,60,14,39,59,1.0,10.0,19.32,48.2,8.27,28.39
115,ITRN.O,이투란 로케이션 앤 콘트롤,5,60,14,39,59,1.0,10.0,19.32,17.88,9.0,30.29
115,GAIN.O,글래드스톤 인베스트먼트,5,60,14,39,59,1.0,10.0,19.32,0.0,9.82,26.4
115,WASH.O,워싱턴 트러스트 뱅코프,5,60,14,39,59,1.0,10.0,19.32,34.69,9.35,31.4
115,MOFG.O,미드웨스트원 파이낸셜 그룹,5,60,14,39,59,1.0,10.0,19.32,49.81,10.82,32.59
115,ARTNA.O,아르테시안 리소시스,5,60,14,39,59,1.0,10.0,19.32,6.86,9.07,26.07
115,HBCP.O,홈 뱅코프,5,60,14,39,59,1.0,10.0,19.32,2.44,13.8,29.42
115,VBNK.O,버사뱅크,5,60,14,39,59,1.0,10.0,19.32,45.25,8.13,29.25
115,BMRC.O,뱅크 오브 마린 뱅코프,5,60,14,39,59,1.0,10.0,19.32,-9.79,7.4,30.71
115,NODK.O,NI 홀딩스,5,60,14,39,59,1.0,10.0,19.32,22.45,6.1,30.73
115,ACABU.O,Atlantic Coastal Acquisition II Units,5,60,14,39,59,1.0,10.0,19.32,0.0,7.48,26.4
115,FNLC.O,퍼스트 뱅코프,5,60,14,39,59,1.0,10.0,19.32,30.37,11.47,32.35
115,IRAAU.O,Iris Acquisition Units,5,60,14,39,59,1.0,10.0,19.32,0.0,10.38,26.14
115,SLMBP.O,SLM 우선주 시리즈 B,5,60,14,39,59,1.0,10.0,19.32,13.3,8.43,26.38
115,CARE.O,카터 뱅크셰어스,5,60,14,39,59,1.0,10.0,19.32,33.19,10.94,32.18
115,IRAAU.O,Iris Acquisition Units,5,60,14,34,64,1.0,10.0,17.56,0.0,10.38,26.14
115,BMRC.O,뱅크 오브 마린 뱅코프,5,60,14,34,64,1.0,10.0,17.56,13.41,7.4,30.71
115,NODK.O,NI 홀딩스,5,60,14,34,64,1.0,10.0,17.56,50.52,6.1,30.73
115,ACABU.O,Atlantic Coastal Acquisition II Units,5,60,14,34,64,1.0,10.0,17.56,0.0,7.48,26.4
115,FNLC.O,퍼스트 뱅코프,5,60,14,34,64,1.0,10.0,17.56,0.0,11.47,32.35
115,UTMD.O,유타 메디컬 프로덕츠,5,60,14,34,64,1.0,10.0,17.56,-1.78,12.66,30.8
115,SLMBP.O,SLM 우선주 시리즈 B,5,60,14,34,64,1.0,10.0,17.56,16.89,8.43,26.38
115,VBNK.O,버사뱅크,5,60,14,34,64,1.0,10.0,17.56,45.25,8.13,29.25
115,FLIC.O,퍼스트 오브 롱 아일랜드,5,60,14,34,64,1.0,10.0,17.56,-1.16,6.07,30.71
115,BCML.O,베이컴,5,60,14,34,64,1.0,10.0,17.56,44.2,12.6,31.54
115,ARTNA.O,아르테시안 리소시스,5,60,14,34,64,1.0,10.0,17.56,0.0,9.07,26.07
115,HBCP.O,홈 뱅코프,5,60,14,34,64,1.0,10.0,17.56,35.18,13.8,29.42
115,YORW.O,요크 워터,5,60,14,34,64,1.0,10.0,17.56,0.0,12.12,28.41
115,CARE.O,카터 뱅크셰어스,5,60,14,34,64,1.0,10.0,17.56,13.87,10.94,32.18
115,MOFG.O,미드웨스트원 파이낸셜 그룹,5,60,14,34,64,1.0,10.0,17.56,11.16,10.82,32.59
115,PFIS.O,피플스 파이낸셜 서비스,5,60,14,34,64,1.0,10.0,17.56,29.84,10.48,32.65
115,GAIN.O,글래드스톤 인베스트먼트,5,60,14,34,64,1.0,10.0,17.56,0.0,9.82,26.4
115,ITRN.O,이투란 로케이션 앤 콘트롤,5,60,14,34,64,1.0,10.0,17.56,19.6,9.0,30.29
115,AROW.O,애로우 파이낸셜,5,60,14,34,64,1.0,10.0,17.56,48.93,8.27,28.39
115,THFF.O,퍼스트 파이낸셜,5,60,14,34,64,1.0,10.0,17.56,23.99,8.38,28.09
115,WASH.O,워싱턴 트러스트 뱅코프,5,60,14,34,64,1.0,10.0,17.56,-2.32,9.35,31.4
115,CASS.O,캐스 인포메이션 시스템즈,5,60,14,34,64,1.0,10.0,17.56,65.88,9.95,31.16
115,NFBK.O,노스필드 뱅코프,5,60,14,34,64,1.0,10.0,17.56,24.88,6.43,28.36
115,CATC.O,케임브리지 뱅코프,5,60,14,34,64,1.0,10.0,17.56,40.91,10.22,28.37
115,NWFL.O,노우드 파이낸셜,5,60,14,34,64,1.0,10.0,17.56,31.54,10.26,31.89
115,BPRN.O,뱅크 오브 프린스턴,5,60,14,34,64,1.0,10.0,17.56,18.3,9.38,33.05
115,MRBK.O,메리디안,5,60,14,34,64,1.0,10.0,17.56,0.0,9.41,33.02
115,RGCO.O,RGC 리소스,5,60,14,34,64,1.0,10.0,17.56,3.86,10.16,29.86
115,BCBP.O,BCB 뱅코프,5,60,14,34,64,1.0,10.0,17.56,30.34,9.24,30.5
115,TRST.O,트러스트코 은행 N Y,5,60,14,34,64,1.0,10.0,17.56,19.8,6.07,29.58
115,PBBK.O,PB 뱅크셰어,5,60,14,34,64,1.0,10.0,17.56,0.0,9.17,25.53
115,CRWS.O,크라운 크래프츠,5,60,14,34,64,1.0,10.0,17.56,14.89,7.37,31.0
115,SELF.O,글로벌 셀프 스토리지,5,60,14,34,64,1.0,10.0,17.56,17.13,6.92,28.09
115,ICCH.O,ICC 홀딩스,5,60,14,34,64,1.0,10.0,17.56,4.1,11.15,30.77
115,LSBK.O,레이크 쇼어 뱅코프,5,60,14,34,64,1.0,10.0,17.56,-1.74,7.09,26.55
115,HHGCU.O,HHG Capital Units,5,60,14,34,64,1.0,10.0,17.56,0.0,7.98,28.1
115,PROV.O,프로비던트 파이낸셜 홀딩스,5,60,14,34,64,1.0,10.0,17.56,-3.31,10.62,27.22
115,ACACU.O,Acri Capital Acquisition Units,5,60,14,34,64,1.0,10.0,17.56,48.64,10.52,25.31
115,SPKLU.O,Spark I Acquisition Units,5,60,14,34,64,1.0,10.0,17.56,0.0,8.19,27.97
115,LARK.O,랜드마크 뱅코프,5,60,14,34,64,1.0,10.0,17.56,-2.98,10.46,30.51
115,GLSTU.O,Global Star Acquisition Units,5,60,14,34,64,1.0,10.0,17.56,0.0,11.45,32.3
115,WINVU.O,WinVest Acquisition Units,5,60,14,34,64,1.0,10.0,17.56,0.0,11.55,29.96
115,CBFV.O,CB 파이낸셜 서비스,5,60,14,34,64,1.0,10.0,17.56,0.0,7.07,28.07
115,FRAF.O,프랭클린 파이낸셜 서비스,5,60,14,34,64,1.0,10.0,17.56,8.82,8.08,27.71
115,CZWI.O,시티즌스 커뮤니티 뱅코프,5,60,14,34,64,1.0,10.0,17.56,79.56,13.18,28.84
115,GLLIU.O,Globalink Investment Units,5,60,14,34,64,1.0,10.0,17.56,0.0,10.4,32.91
115,BFIN.O,뱅크파이낸셜,5,60,14,34,64,1.0,10.0,17.56,1.91,7.21,30.49
115,WAVSU.O,Western Acquisition Ventures Units,5,60,14,34,64,1.0,10.0,17.56,0.0,8.16,29.75
115,MSSAU.O,Metal Sky Star Acquisition Units,5,60,14,34,64,1.0,10.0,17.56,0.0,9.24,25.99
115,ESSA.O,ESSA 뱅코프,5,60,14,34,64,1.0,10.0,17.56,9.84,7.75,28.89
115,VABK.O,버지니아 내셔널 뱅크셰어,5,60,14,34,64,1.0,10.0,17.56,0.0,8.63,30.78
115,BWFG.O,뱅크웰 파이낸셜 그룹,5,60,14,34,64,1.0,10.0,17.56,65.18,8.91,29.41
115,CAC.O,캠던 내셔널,5,60,14,34,64,1.0,10.0,17.56,18.34,10.47,31.2
115,HONE.O,하버원 뱅코프,5,60,14,34,64,1.0,10.0,17.56,43.4,13.05,29.78
115,GSBC.O,그레이트 서던 뱅코프,5,60,14,34,64,1.0,10.0,17.56,78.92,13.76,30.39
115,LBTYA.O,리버티 글로벌 Class A,5,60,14,34,64,1.0,10.0,17.56,-3.63,8.36,29.79
115,FIBK.O,퍼스트 인터스테이트 뱅크시스템,5,60,14,34,64,1.0,10.0,17.56,28.96,10.42,31.05
115,FULT.O,풀턴 파이낸셜,5,60,14,34,64,1.0,10.0,17.56,18.86,10.14,31.11
115,LBTYK.O,리버티 글로벌 Class C,5,60,14,34,64,1.0,10.0,17.56,2.34,8.66,29.05
115,PECO.O,필립스 에디슨 & 코,5,60,14,34,64,1.0,10.0,17.56,0.0,10.22,25.08
115,AVT.O,에이브이넷,5,60,14,34,64,1.0,10.0,17.56,0.0,10.14,29.6
115,UMBF.O,UMB 파이낸셜,5,60,14,34,64,1.0,10.0,17.56,0.0,12.73,31.3
115,UBSI.O,유나이티드 뱅크셰어스(Nasdaq GS),5,60,14,34,64,1.0,10.0,17.56,9.5,8.26,31.06
115,NWS.O,뉴스 코퍼레이션 Class B,5,60,14,34,64,1.0,10.0,17.56,9.61,10.08,29.0
115,ONB.O,올드 내셔널 뱅코프,5,60,14,34,64,1.0,10.0,17.56,0.0,9.39,29.06
115,BOKF.O,BOK 파이낸셜,5,60,14,34,64,1.0,10.0,17.56,0.0,10.73,30.63
115,GNTX.O,젠텍스,5,60,14,34,64,1.0,10.0,17.56,0.0,13.91,29.6
115,CBSH.O,커머스 뱅크셰어스,5,60,14,34,64,1.0,10.0,17.56,20.83,10.94,24.71
115,OTEX.O,오픈 텍스트,5,60,14,34,64,1.0,10.0,17.56,0.0,13.32,29.18
115,SEIC.O,SEI 인베스트먼트,5,60,14,34,64,1.0,10.0,17.56,44.36,11.93,25.92
115,HAS.O,해즈브로,5,60,14,34,64,1.0,10.0,17.56,8.53,7.83,30.05
115,NWSA.O,뉴스 코퍼레이션 Class A,5,60,14,34,64,1.0,10.0,17.56,9.39,9.64,29.14
115,REG.O,리젠시 센터스,5,60,14,34,64,1.0,10.0,17.56,37.62,8.76,28.11
115,GLPI.O,게이밍 앤드 레저 프로퍼티스,5,60,14,34,64,1.0,10.0,17.56,8.42,6.77,29.67
115,NTRS.O,노던 트러스트,5,60,14,34,64,1.0,10.0,17.56,28.12,8.6,28.01
115,TROW.O,티 로웨 프라이스 그룹,5,60,14,34,64,1.0,10.0,17.56,0.0,10.77,28.47
115,CCEP.O,코카-콜라 유로퍼시픽 파트너스,5,60,14,34,64,1.0,10.0,17.56,0.0,11.58,24.49
115,CTSH.O,코그니전트 테크놀로지 솔루션,5,60,14,34,64,1.0,10.0,17.56,0.0,12.19,29.0
115,PCAR.O,파카,5,60,14,34,64,1.0,10.0,17.56,22.96,11.78,27.71
115,INTC.O,인텔,5,60,14,34,64,1.0,10.0,17.56,1.76,8.11,30.6
115,CSCO.O,시스코 시스템즈,5,60,14,34,64,1.0,10.0,17.56,24.7,9.05,25.93
115,PCH.O,포틀래치델틱,5,60,14,34,64,1.0,10.0,17.56,37.26,6.78,30.39
115,LBRDK.O,리버티 브로드밴드 시리즈 C,5,60,14,34,64,1.0,10.0,17.56,-16.39,8.56,29.81
115,WAFD.O,WaFd,5,60,14,34,64,1.0,10.0,17.56,17.95,10.16,28.58
115,CLBK.O,콜롬비아 파이낸셜,5,60,14,34,64,1.0,10.0,17.56,109.5,7.36,29.22
115,HFWA.O,헤리티지 파이낸셜,5,60,14,34,64,1.0,10.0,17.56,24.03,8.62,31.66
115,CVBF.O,CVB 파이낸셜,5,60,14,34,64,1.0,10.0,17.56,34.46,10.14,31.66
115,LLYVA.O,리버티 미디어 Series A,5,60,14,34,64,1.0,10.0,17.56,0.0,8.0,31.72
115,CTBI.O,커뮤니티 트러스트 뱅코프,5,60,14,34,64,1.0,10.0,17.56,19.33,9.43,27.12
115,FMBH.O,퍼스트미드 뱅크셰어스,5,60,14,34,64,1.0,10.0,17.56,40.92,11.15,31.54
115,LBRDA.O,리버티 브로드밴드 시리즈 A,5,60,14,34,64,1.0,10.0,17.56,-16.77,8.38,29.91
115,SBSI.O,사우스사이드 뱅크셰어스,5,60,14,34,64,1.0,10.0,17.56,47.9,10.87,28.92
115,OCFC.O,오션퍼스트 파이낸셜,5,60,14,34,64,1.0,10.0,17.56,1.66,7.92,30.72
115,CSGS.O,CSG 시스템즈인터내셔널,5,60,14,34,64,1.0,10.0,17.56,60.17,10.75,27.71
115,BUSE.O,퍼스트 뷰지,5,60,14,34,64,1.0,10.0,17.56,11.42,10.2,31.44
115,ROIC.O,리테일 오퍼튜니티 인베스트먼트,5,60,14,34,64,1.0,10.0,17.56,48.21,6.59,29.23
115,STBA.O,S&T 뱅코프,5,60,14,34,64,1.0,10.0,17.56,17.86,11.11,32.19
115,UVSP.O,유니베스트 파이낸셜,5,60,14,34,64,1.0,10.0,17.56,38.83,8.74,31.52
115,WSBC.O,웨스뱅코,5,60,14,34,64,1.0,10.0,17.56,7.39,9.83,30.85
115,WERN.O,웨너 엔터프라이즈,5,60,14,34,64,1.0,10.0,17.56,0.0,8.57,27.61
115,GCMG.O,GCM 그로스브너,5,60,14,34,64,1.0,10.0,17.56,18.85,5.66,29.75
115,FFBC.O,퍼스트 파이낸셜 뱅코프,5,60,14,34,64,1.0,10.0,17.56,10.53,10.35,33.13
115,TOWN.O,타운뱅크,5,60,14,34,64,1.0,10.0,17.56,50.38,11.41,31.19
115,IART.O,인테그라 라이프사이언시스 홀딩스,5,60,14,34,64,1.0,10.0,17.56,27.2,9.72,30.85
115,INDB.O,인디펜던트 뱅크 (매사추세츠),5,60,14,34,64,1.0,10.0,17.56,23.6,12.06,30.9
115,PRGS.O,프로그레스 소프트웨어,5,60,14,34,64,1.0,10.0,17.56,9.91,12.89,30.64
115,NBTB.O,NBT 뱅코프,5,60,14,34,64,1.0,10.0,17.56,10.74,10.47,28.47
115,TRMK.O,트러스트마크,5,60,14,34,64,1.0,10.0,17.56,6.56,8.02,29.11
115,SFNC.O,시몬스 퍼스트 내셔널,5,60,14,34,64,1.0,10.0,17.56,34.53,8.87,32.24
115,WAFD.O,WaFd,5,120,14,34,64,1.0,10.0,17.49,9.53,10.16,28.58
115,GCMG.O,GCM 그로스브너,5,120,14,34,64,1.0,10.0,17.49,0.0,5.66,29.75
115,CVBF.O,CVB 파이낸셜,5,120,14,34,64,1.0,10.0,17.49,11.15,10.14,31.66
115,SFNC.O,시몬스 퍼스트 내셔널,5,120,14,34,64,1.0,10.0,17.49,33.04,8.87,32.24
115,INDB.O,인디펜던트 뱅크 (매사추세츠),5,120,14,34,64,1.0,10.0,17.49,7.03,12.06,30.9
115,FFBC.O,퍼스트 파이낸셜 뱅코프,5,120,14,34,64,1.0,10.0,17.49,11.42,10.35,33.13
115,TOWN.O,타운뱅크,5,120,14,34,64,1.0,10.0,17.49,46.42,11.41,31.19
115,IART.O,인테그라 라이프사이언시스 홀딩스,5,120,14,34,64,1.0,10.0,17.49,0.0,9.72,30.85
115,WERN.O,웨너 엔터프라이즈,5,120,14,34,64,1.0,10.0,17.49,0.0,8.57,27.61
115,PRGS.O,프로그레스 소프트웨어,5,120,14,34,64,1.0,10.0,17.49,0.0,12.89,30.64
115,NBTB.O,NBT 뱅코프,5,120,14,34,64,1.0,10.0,17.49,8.04,10.47,28.47
115,TRMK.O,트러스트마크,5,120,14,34,64,1.0,10.0,17.49,4.86,8.02,29.11
115,BUSE.O,퍼스트 뷰지,5,120,14,34,64,1.0,10.0,17.49,11.07,10.2,31.44
115,WSBC.O,웨스뱅코,5,120,14,34,64,1.0,10.0,17.49,9.82,9.83,30.85
115,CLBK.O,콜롬비아 파이낸셜,5,120,14,34,64,1.0,10.0,17.49,95.25,7.36,29.22
115,STBA.O,S&T 뱅코프,5,120,14,34,64,1.0,10.0,17.49,19.43,11.11,32.19
115,ROIC.O,리테일 오퍼튜니티 인베스트먼트,5,120,14,34,64,1.0,10.0,17.49,42.22,6.59,29.23
115,CSGS.O,CSG 시스템즈인터내셔널,5,120,14,34,64,1.0,10.0,17.49,0.0,10.75,27.71
115,OCFC.O,오션퍼스트 파이낸셜,5,120,14,34,64,1.0,10.0,17.49,1.79,7.92,30.72
115,SBSI.O,사우스사이드 뱅크셰어스,5,120,14,34,64,1.0,10.0,17.49,2.45,10.87,28.92
115,LBRDA.O,리버티 브로드밴드 시리즈 A,5,120,14,34,64,1.0,10.0,17.49,-21.29,8.38,29.91
115,FMBH.O,퍼스트미드 뱅크셰어스,5,120,14,34,64,1.0,10.0,17.49,38.18,11.15,31.54
115,CTBI.O,커뮤니티 트러스트 뱅코프,5,120,14,34,64,1.0,10.0,17.49,16.7,9.43,27.12
115,LLYVA.O,리버티 미디어 Series A,5,120,14,34,64,1.0,10.0,17.49,0.0,8.0,31.72
115,PCH.O,포틀래치델틱,5,120,14,34,64,1.0,10.0,17.49,55.05,6.78,30.39
115,LBTYA.O,리버티 글로벌 Class A,5,120,14,34,64,1.0,10.0,17.49,0.0,8.36,29.79
115,CSCO.O,시스코 시스템즈,5,120,14,34,64,1.0,10.0,17.49,25.58,9.05,25.93
115,FIBK.O,퍼스트 인터스테이트 뱅크시스템,5,120,14,34,64,1.0,10.0,17.49,12.4,10.42,31.05
115,SEIC.O,SEI 인베스트먼트,5,120,14,34,64,1.0,10.0,17.49,0.0,11.93,25.92
115,HFWA.O,헤리티지 파이낸셜,5,120,14,34,64,1.0,10.0,17.49,18.63,8.62,31.66
115,INTC.O,인텔,5,120,14,34,64,1.0,10.0,17.49,3.84,8.11,30.6
115,PCAR.O,파카,5,120,14,34,64,1.0,10.0,17.49,0.0,11.78,27.71
115,CTSH.O,코그니전트 테크놀로지 솔루션,5,120,14,34,64,1.0,10.0,17.49,0.0,12.19,29.0
115,CCEP.O,코카-콜라 유로퍼시픽 파트너스,5,120,14,34,64,1.0,10.0,17.49,0.0,11.58,24.49
115,TROW.O,티 로웨 프라이스 그룹,5,120,14,34,64,1.0,10.0,17.49,0.0,10.77,28.47
115,NTRS.O,노던 트러스트,5,120,14,34,64,1.0,10.0,17.49,26.88,8.6,28.01
115,GLPI.O,게이밍 앤드 레저 프로퍼티스,5,120,14,34,64,1.0,10.0,17.49,8.1,6.77,29.67
115,REG.O,리젠시 센터스,5,120,14,34,64,1.0,10.0,17.49,64.27,8.76,28.11
115,NWSA.O,뉴스 코퍼레이션 Class A,5,120,14,34,64,1.0,10.0,17.49,7.29,9.64,29.14
115,HAS.O,해즈브로,5,120,14,34,64,1.0,10.0,17.49,0.0,7.83,30.05
115,OTEX.O,오픈 텍스트,5,120,14,34,64,1.0,10.0,17.49,0.0,13.32,29.18
115,FULT.O,풀턴 파이낸셜,5,120,14,34,64,1.0,10.0,17.49,17.12,10.14,31.11
115,CBSH.O,커머스 뱅크셰어스,5,120,14,34,64,1.0,10.0,17.49,43.78,10.94,24.71
115,GNTX.O,젠텍스,5,120,14,34,64,1.0,10.0,17.49,0.0,13.91,29.6
115,LBRDK.O,리버티 브로드밴드 시리즈 C,5,120,14,34,64,1.0,10.0,17.49,-20.55,8.56,29.81
115,BOKF.O,BOK 파이낸셜,5,120,14,34,64,1.0,10.0,17.49,0.0,10.73,30.63
115,ONB.O,올드 내셔널 뱅코프,5,120,14,34,64,1.0,10.0,17.49,0.0,9.39,29.06
115,NWS.O,뉴스 코퍼레이션 Class B,5,120,14,34,64,1.0,10.0,17.49,7.85,10.08,29.0
115,UBSI.O,유나이티드 뱅크셰어스(Nasdaq GS),5,120,14,34,64,1.0,10.0,17.49,13.84,8.26,31.06
115,UMBF.O,UMB 파이낸셜,5,120,14,34,64,1.0,10.0,17.49,0.0,12.73,31.3
115,AVT.O,에이브이넷,5,120,14,34,64,1.0,10.0,17.49,0.0,10.14,29.6
115,PECO.O,필립스 에디슨 & 코,5,120,14,34,64,1.0,10.0,17.49,0.0,10.22,25.08
115,LBTYK.O,리버티 글로벌 Class C,5,120,14,34,64,1.0,10.0,17.49,0.0,8.66,29.05
115,UVSP.O,유니베스트 파이낸셜,5,120,14,34,64,1.0,10.0,17.49,34.2,8.74,31.52
115,FLIC.O,퍼스트 오브 롱 아일랜드,5,120,14,34,64,1.0,10.0,17.49,-2.72,6.07,30.71
115,GSBC.O,그레이트 서던 뱅코프,5,120,14,34,64,1.0,10.0,17.49,74.01,13.76,30.39
115,CBFV.O,CB 파이낸셜 서비스,5,120,14,34,64,1.0,10.0,17.49,0.0,7.07,28.07
115,BCBP.O,BCB 뱅코프,5,120,14,34,64,1.0,10.0,17.49,44.72,9.24,30.5
115,BWFG.O,뱅크웰 파이낸셜 그룹,5,120,14,34,64,1.0,10.0,17.49,69.7,8.91,29.41
115,VABK.O,버지니아 내셔널 뱅크셰어,5,120,14,34,64,1.0,10.0,17.49,0.0,8.63,30.78
115,ESSA.O,ESSA 뱅코프,5,120,14,34,64,1.0,10.0,17.49,8.06,7.75,28.89
115,MSSAU.O,Metal Sky Star Acquisition Units,5,120,14,34,64,1.0,10.0,17.49,0.0,9.24,25.99
115,WAVSU.O,Western Acquisition Ventures Units,5,120,14,34,64,1.0,10.0,17.49,0.0,8.16,29.75
115,BFIN.O,뱅크파이낸셜,5,120,14,34,64,1.0,10.0,17.49,8.46,7.21,30.49
115,GLLIU.O,Globalink Investment Units,5,120,14,34,64,1.0,10.0,17.49,0.0,10.4,32.91
115,CZWI.O,시티즌스 커뮤니티 뱅코프,5,120,14,34,64,1.0,10.0,17.49,157.49,13.18,28.84
115,FRAF.O,프랭클린 파이낸셜 서비스,5,120,14,34,64,1.0,10.0,17.49,7.02,8.08,27.71
115,MRBK.O,메리디안,5,120,14,34,64,1.0,10.0,17.49,0.0,9.41,33.02
115,WINVU.O,WinVest Acquisition Units,5,120,14,34,64,1.0,10.0,17.49,0.0,11.55,29.96
115,NWFL.O,노우드 파이낸셜,5,120,14,34,64,1.0,10.0,17.49,25.06,10.26,31.89
115,GLSTU.O,Global Star Acquisition Units,5,120,14,34,64,1.0,10.0,17.49,0.0,11.45,32.3
115,LARK.O,랜드마크 뱅코프,5,120,14,34,64,1.0,10.0,17.49,-4.12,10.46,30.51
115,SPKLU.O,Spark I Acquisition Units,5,120,14,34,64,1.0,10.0,17.49,0.0,8.19,27.97
115,ACACU.O,Acri Capital Acquisition Units,5,120,14,34,64,1.0,10.0,17.49,49.93,10.52,25.31
115,PROV.O,프로비던트 파이낸셜 홀딩스,5,120,14,34,64,1.0,10.0,17.49,-1.27,10.62,27.22
115,HHGCU.O,HHG Capital Units,5,120,14,34,64,1.0,10.0,17.49,0.0,7.98,28.1
115,LSBK.O,레이크 쇼어 뱅코프,5,120,14,34,64,1.0,10.0,17.49,26.2,7.09,26.55
115,ICCH.O,ICC 홀딩스,5,120,14,34,64,1.0,10.0,17.49,4.31,11.15,30.77
115,SELF.O,글로벌 셀프 스토리지,5,120,14,34,64,1.0,10.0,17.49,12.79,6.92,28.09
115,TRST.O,트러스트코 은행 N Y,5,120,14,34,64,1.0,10.0,17.49,14.24,6.07,29.58
115,PBBK.O,PB 뱅크셰어,5,120,14,34,64,1.0,10.0,17.49,0.0,9.17,25.53
115,RGCO.O,RGC 리소스,5,120,14,34,64,1.0,10.0,17.49,0.0,10.16,29.86
115,CRWS.O,크라운 크래프츠,5,120,14,34,64,1.0,10.0,17.49,51.15,7.37,31.0
115,BPRN.O,뱅크 오브 프린스턴,5,120,14,34,64,1.0,10.0,17.49,25.81,9.38,33.05
115,PFIS.O,피플스 파이낸셜 서비스,5,120,14,34,64,1.0,10.0,17.49,0.0,10.48,32.65
115,CAC.O,캠던 내셔널,5,120,14,34,64,1.0,10.0,17.49,16.41,10.47,31.2
115,UTMD.O,유타 메디컬 프로덕츠,5,120,14,34,64,1.0,10.0,17.49,0.0,12.66,30.8
115,YORW.O,요크 워터,5,120,14,34,64,1.0,10.0,17.49,0.0,12.12,28.41
115,CATC.O,케임브리지 뱅코프,5,120,14,34,64,1.0,10.0,17.49,73.64,10.22,28.37
115,NFBK.O,노스필드 뱅코프,5,120,14,34,64,1.0,10.0,17.49,119.85,6.43,28.36
115,CASS.O,캐스 인포메이션 시스템즈,5,120,14,34,64,1.0,10.0,17.49,54.2,9.95,31.16
115,WASH.O,워싱턴 트러스트 뱅코프,5,120,14,34,64,1.0,10.0,17.49,-2.12,9.35,31.4
115,THFF.O,퍼스트 파이낸셜,5,120,14,34,64,1.0,10.0,17.49,22.48,8.38,28.09
115,AROW.O,애로우 파이낸셜,5,120,14,34,64,1.0,10.0,17.49,78.8,8.27,28.39
115,ITRN.O,이투란 로케이션 앤 콘트롤,5,120,14,34,64,1.0,10.0,17.49,28.39,9.0,30.29
115,GAIN.O,글래드스톤 인베스트먼트,5,120,14,34,64,1.0,10.0,17.49,0.0,9.82,26.4
115,HONE.O,하버원 뱅코프,5,120,14,34,64,1.0,10.0,17.49,0.0,13.05,29.78
115,MOFG.O,미드웨스트원 파이낸셜 그룹,5,120,14,34,64,1.0,10.0,17.49,8.21,10.82,32.59
115,ARTNA.O,아르테시안 리소시스,5,120,14,34,64,1.0,10.0,17.49,0.0,9.07,26.07
115,HBCP.O,홈 뱅코프,5,120,14,34,64,1.0,10.0,17.49,56.36,13.8,29.42
115,BMRC.O,뱅크 오브 마린 뱅코프,5,120,14,34,64,1.0,10.0,17.49,17.99,7.4,30.71
115,NODK.O,NI 홀딩스,5,120,14,34,64,1.0,10.0,17.49,30.48,6.1,30.73
115,ACABU.O,Atlantic Coastal Acquisition II Units,5,120,14,34,64,1.0,10.0,17.49,0.0,7.48,26.4
115,FNLC.O,퍼스트 뱅코프,5,120,14,34,64,1.0,10.0,17.49,0.0,11.47,32.35
115,IRAAU.O,Iris Acquisition Units,5,120,14,34,64,1.0,10.0,17.49,0.0,10.38,26.14
115,SLMBP.O,SLM 우선주 시리즈 B,5,120,14,34,64,1.0,10.0,17.49,36.91,8.43,26.38
115,BCML.O,베이컴,5,120,14,34,64,1.0,10.0,17.49,60.99,12.6,31.54
115,VBNK.O,버사뱅크,5,120,14,34,64,1.0,10.0,17.49,45.67,8.13,29.25
115,CARE.O,카터 뱅크셰어스,5,120,14,34,64,1.0,10.0,17.49,22.43,10.94,32.18
115,TOWN.O,타운뱅크,5,120,14,44,59,1.0,10.0,17.11,14.27,11.41,31.19
115,PRGS.O,프로그레스 소프트웨어,5,120,14,44,59,1.0,10.0,17.11,12.16,12.89,30.64
115,WERN.O,웨너 엔터프라이즈,5,120,14,44,59,1.0,10.0,17.11,5.36,8.57,27.61
115,IART.O,인테그라 라이프사이언시스 홀딩스,5,120,14,44,59,1.0,10.0,17.11,-1.81,9.72,30.85
115,WAFD.O,WaFd,5,120,14,44,59,1.0,10.0,17.11,27.67,10.16,28.58
115,FFBC.O,퍼스트 파이낸셜 뱅코프,5,120,14,44,59,1.0,10.0,17.11,26.53,10.35,33.13
115,INDB.O,인디펜던트 뱅크 (매사추세츠),5,120,14,44,59,1.0,10.0,17.11,21.44,12.06,30.9
115,SFNC.O,시몬스 퍼스트 내셔널,5,120,14,44,59,1.0,10.0,17.11,1.87,8.87,32.24
115,CVBF.O,CVB 파이낸셜,5,120,14,44,59,1.0,10.0,17.11,16.72,10.14,31.66
115,TRMK.O,트러스트마크,5,120,14,44,59,1.0,10.0,17.11,44.12,8.02,29.11
115,NBTB.O,NBT 뱅코프,5,120,14,44,59,1.0,10.0,17.11,19.57,10.47,28.47
115,ROIC.O,리테일 오퍼튜니티 인베스트먼트,5,120,14,44,59,1.0,10.0,17.11,-4.41,6.59,29.23
115,GCMG.O,GCM 그로스브너,5,120,14,44,59,1.0,10.0,17.11,9.0,5.66,29.75
115,WSBC.O,웨스뱅코,5,120,14,44,59,1.0,10.0,17.11,11.1,9.83,30.85
115,CLBK.O,콜롬비아 파이낸셜,5,120,14,44,59,1.0,10.0,17.11,31.22,7.36,29.22
115,STBA.O,S&T 뱅코프,5,120,14,44,59,1.0,10.0,17.11,30.49,11.11,32.19
115,BUSE.O,퍼스트 뷰지,5,120,14,44,59,1.0,10.0,17.11,7.33,10.2,31.44
115,CSGS.O,CSG 시스템즈인터내셔널,5,120,14,44,59,1.0,10.0,17.11,32.79,10.75,27.71
115,OCFC.O,오션퍼스트 파이낸셜,5,120,14,44,59,1.0,10.0,17.11,3.57,7.92,30.72
115,SBSI.O,사우스사이드 뱅크셰어스,5,120,14,44,59,1.0,10.0,17.11,33.49,10.87,28.92
115,LBRDA.O,리버티 브로드밴드 시리즈 A,5,120,14,44,59,1.0,10.0,17.11,-21.29,8.38,29.91
115,FMBH.O,퍼스트미드 뱅크셰어스,5,120,14,44,59,1.0,10.0,17.11,46.54,11.15,31.54
115,PCH.O,포틀래치델틱,5,120,14,44,59,1.0,10.0,17.11,18.02,6.78,30.39
115,CTBI.O,커뮤니티 트러스트 뱅코프,5,120,14,44,59,1.0,10.0,17.11,17.96,9.43,27.12
115,LBTYA.O,리버티 글로벌 Class A,5,120,14,44,59,1.0,10.0,17.11,-2.51,8.36,29.79
115,GNTX.O,젠텍스,5,120,14,44,59,1.0,10.0,17.11,36.25,13.91,29.6
115,FIBK.O,퍼스트 인터스테이트 뱅크시스템,5,120,14,44,59,1.0,10.0,17.11,26.33,10.42,31.05
115,SEIC.O,SEI 인베스트먼트,5,120,14,44,59,1.0,10.0,17.11,14.88,11.93,25.92
115,CSCO.O,시스코 시스템즈,5,120,14,44,59,1.0,10.0,17.11,27.4,9.05,25.93
115,INTC.O,인텔,5,120,14,44,59,1.0,10.0,17.11,3.77,8.11,30.6
115,PCAR.O,파카,5,120,14,44,59,1.0,10.0,17.11,31.55,11.78,27.71
115,CTSH.O,코그니전트 테크놀로지 솔루션,5,120,14,44,59,1.0,10.0,17.11,20.89,12.19,29.0
115,CCEP.O,코카-콜라 유로퍼시픽 파트너스,5,120,14,44,59,1.0,10.0,17.11,42.65,11.58,24.49
115,TROW.O,티 로웨 프라이스 그룹,5,120,14,44,59,1.0,10.0,17.11,-1.07,10.77,28.47
115,NTRS.O,노던 트러스트,5,120,14,44,59,1.0,10.0,17.11,9.63,8.6,28.01
115,GLPI.O,게이밍 앤드 레저 프로퍼티스,5,120,14,44,59,1.0,10.0,17.11,13.21,6.77,29.67
115,REG.O,리젠시 센터스,5,120,14,44,59,1.0,10.0,17.11,-1.42,8.76,28.11
115,NWSA.O,뉴스 코퍼레이션 Class A,5,120,14,44,59,1.0,10.0,17.11,11.85,9.64,29.14
115,HAS.O,해즈브로,5,120,14,44,59,1.0,10.0,17.11,-0.41,7.83,30.05
115,OTEX.O,오픈 텍스트,5,120,14,44,59,1.0,10.0,17.11,7.54,13.32,29.18
115,FULT.O,풀턴 파이낸셜,5,120,14,44,59,1.0,10.0,17.11,43.34,10.14,31.11
115,CBSH.O,커머스 뱅크셰어스,5,120,14,44,59,1.0,10.0,17.11,43.78,10.94,24.71
115,UVSP.O,유니베스트 파이낸셜,5,120,14,44,59,1.0,10.0,17.11,20.45,8.74,31.52
115,LBRDK.O,리버티 브로드밴드 시리즈 C,5,120,14,44,59,1.0,10.0,17.11,-20.55,8.56,29.81
115,BOKF.O,BOK 파이낸셜,5,120,14,44,59,1.0,10.0,17.11,18.62,10.73,30.63
115,ONB.O,올드 내셔널 뱅코프,5,120,14,44,59,1.0,10.0,17.11,47.42,9.39,29.06
115,NWS.O,뉴스 코퍼레이션 Class B,5,120,14,44,59,1.0,10.0,17.11,10.89,10.08,29.0
115,UBSI.O,유나이티드 뱅크셰어스(Nasdaq GS),5,120,14,44,59,1.0,10.0,17.11,13.63,8.26,31.06
115,UMBF.O,UMB 파이낸셜,5,120,14,44,59,1.0,10.0,17.11,46.67,12.73,31.3
115,AVT.O,에이브이넷,5,120,14,44,59,1.0,10.0,17.11,47.66,10.14,29.6
115,PECO.O,필립스 에디슨 & 코,5,120,14,44,59,1.0,10.0,17.11,79.36,10.22,25.08
115,LBTYK.O,리버티 글로벌 Class C,5,120,14,44,59,1.0,10.0,17.11,-2.53,8.66,29.05
115,LLYVA.O,리버티 미디어 Series A,5,120,14,44,59,1.0,10.0,17.11,0.0,8.0,31.72
115,ITRN.O,이투란 로케이션 앤 콘트롤,5,120,14,44,59,1.0,10.0,17.11,15.4,9.0,30.29
115,HFWA.O,헤리티지 파이낸셜,5,120,14,44,59,1.0,10.0,17.11,30.37,8.62,31.66
115,CBFV.O,CB 파이낸셜 서비스,5,120,14,44,59,1.0,10.0,17.11,7.19,7.07,28.07
115,BCBP.O,BCB 뱅코프,5,120,14,44,59,1.0,10.0,17.11,6.55,9.24,30.5
115,BWFG.O,뱅크웰 파이낸셜 그룹,5,120,14,44,59,1.0,10.0,17.11,10.82,8.91,29.41
115,VABK.O,버지니아 내셔널 뱅크셰어,5,120,14,44,59,1.0,10.0,17.11,77.54,8.63,30.78
115,ESSA.O,ESSA 뱅코프,5,120,14,44,59,1.0,10.0,17.11,14.37,7.75,28.89
115,MSSAU.O,Metal Sky Star Acquisition Units,5,120,14,44,59,1.0,10.0,17.11,0.0,9.24,25.99
115,WAVSU.O,Western Acquisition Ventures Units,5,120,14,44,59,1.0,10.0,17.11,0.0,8.16,29.75
115,BFIN.O,뱅크파이낸셜,5,120,14,44,59,1.0,10.0,17.11,-0.82,7.21,30.49
115,GLLIU.O,Globalink Investment Units,5,120,14,44,59,1.0,10.0,17.11,0.0,10.4,32.91
115,CZWI.O,시티즌스 커뮤니티 뱅코프,5,120,14,44,59,1.0,10.0,17.11,9.49,13.18,28.84
115,FRAF.O,프랭클린 파이낸셜 서비스,5,120,14,44,59,1.0,10.0,17.11,10.44,8.08,27.71
115,MRBK.O,메리디안,5,120,14,44,59,1.0,10.0,17.11,18.63,9.41,33.02
115,WINVU.O,WinVest Acquisition Units,5,120,14,44,59,1.0,10.0,17.11,0.0,11.55,29.96
115,NWFL.O,노우드 파이낸셜,5,120,14,44,59,1.0,10.0,17.11,2.25,10.26,31.89
115,GLSTU.O,Global Star Acquisition Units,5,120,14,44,59,1.0,10.0,17.11,0.0,11.45,32.3
115,LARK.O,랜드마크 뱅코프,5,120,14,44,59,1.0,10.0,17.11,2.46,10.46,30.51
115,SPKLU.O,Spark I Acquisition Units,5,120,14,44,59,1.0,10.0,17.11,0.0,8.19,27.97
115,ACACU.O,Acri Capital Acquisition Units,5,120,14,44,59,1.0,10.0,17.11,49.93,10.52,25.31
115,PROV.O,프로비던트 파이낸셜 홀딩스,5,120,14,44,59,1.0,10.0,17.11,2.2,10.62,27.22
115,HHGCU.O,HHG Capital Units,5,120,14,44,59,1.0,10.0,17.11,0.0,7.98,28.1
115,LSBK.O,레이크 쇼어 뱅코프,5,120,14,44,59,1.0,10.0,17.11,-3.59,7.09,26.55
115,ICCH.O,ICC 홀딩스,5,120,14,44,59,1.0,10.0,17.11,-2.19,11.15,30.77
115,SELF.O,글로벌 셀프 스토리지,5,120,14,44,59,1.0,10.0,17.11,13.16,6.92,28.09
115,CRWS.O,크라운 크래프츠,5,120,14,44,59,1.0,10.0,17.11,6.1,7.37,31.0
115,PBBK.O,PB 뱅크셰어,5,120,14,44,59,1.0,10.0,17.11,0.0,9.17,25.53
115,RGCO.O,RGC 리소스,5,120,14,44,59,1.0,10.0,17.11,-2.19,10.16,29.86
115,BPRN.O,뱅크 오브 프린스턴,5,120,14,44,59,1.0,10.0,17.11,0.74,9.38,33.05
115,GSBC.O,그레이트 서던 뱅코프,5,120,14,44,59,1.0,10.0,17.11,45.92,13.76,30.39
115,PFIS.O,피플스 파이낸셜 서비스,5,120,14,44,59,1.0,10.0,17.11,18.86,10.48,32.65
115,TRST.O,트러스트코 은행 N Y,5,120,14,44,59,1.0,10.0,17.11,13.86,6.07,29.58
115,HONE.O,하버원 뱅코프,5,120,14,44,59,1.0,10.0,17.11,18.97,13.05,29.78
115,CAC.O,캠던 내셔널,5,120,14,44,59,1.0,10.0,17.11,37.02,10.47,31.2
115,YORW.O,요크 워터,5,120,14,44,59,1.0,10.0,17.11,-2.15,12.12,28.41
115,CATC.O,케임브리지 뱅코프,5,120,14,44,59,1.0,10.0,17.11,39.53,10.22,28.37
115,NFBK.O,노스필드 뱅코프,5,120,14,44,59,1.0,10.0,17.11,-1.19,6.43,28.36
115,CASS.O,캐스 인포메이션 시스템즈,5,120,14,44,59,1.0,10.0,17.11,12.74,9.95,31.16
115,WASH.O,워싱턴 트러스트 뱅코프,5,120,14,44,59,1.0,10.0,17.11,4.37,9.35,31.4
115,THFF.O,퍼스트 파이낸셜,5,120,14,44,59,1.0,10.0,17.11,25.08,8.38,28.09
115,AROW.O,애로우 파이낸셜,5,120,14,44,59,1.0,10.0,17.11,43.59,8.27,28.39
115,GAIN.O,글래드스톤 인베스트먼트,5,120,14,44,59,1.0,10.0,17.11,141.03,9.82,26.4
115,MOFG.O,미드웨스트원 파이낸셜 그룹,5,120,14,44,59,1.0,10.0,17.11,35.19,10.82,32.59
115,UTMD.O,유타 메디컬 프로덕츠,5,120,14,44,59,1.0,10.0,17.11,-83.99,12.66,30.8
115,CARE.O,카터 뱅크셰어스,5,120,14,44,59,1.0,10.0,17.11,63.91,10.94,32.18
115,ARTNA.O,아르테시안 리소시스,5,120,14,44,59,1.0,10.0,17.11,15.9,9.07,26.07
115,HBCP.O,홈 뱅코프,5,120,14,44,59,1.0,10.0,17.11,11.18,13.8,29.42
115,BMRC.O,뱅크 오브 마린 뱅코프,5,120,14,44,59,1.0,10.0,17.11,-7.8,7.4,30.71
115,NODK.O,NI 홀딩스,5,120,14,44,59,1.0,10.0,17.11,18.48,6.1,30.73
115,ACABU.O,Atlantic Coastal Acquisition II Units,5,120,14,44,59,1.0,10.0,17.11,0.0,7.48,26.4
115,FNLC.O,퍼스트 뱅코프,5,120,14,44,59,1.0,10.0,17.11,29.91,11.47,32.35
115,IRAAU.O,Iris Acquisition Units,5,120,14,44,59,1.0,10.0,17.11,0.0,10.38,26.14
115,SLMBP.O,SLM 우선주 시리즈 B,5,120,14,44,59,1.0,10.0,17.11,22.2,8.43,26.38
115,VBNK.O,버사뱅크,5,120,14,44,59,1.0,10.0,17.11,45.67,8.13,29.25
115,BCML.O,베이컴,5,120,14,44,59,1.0,10.0,17.11,60.94,12.6,31.54
115,FLIC.O,퍼스트 오브 롱 아일랜드,5,120,14,44,59,1.0,10.0,17.11,-6.58,6.07,30.71
115,GSBC.O,그레이트 서던 뱅코프,5,120,14,39,64,1.0,10.0,16.92,34.21,13.76,30.39
115,CSCO.O,시스코 시스템즈,5,120,14,39,64,1.0,10.0,16.92,25.58,9.05,25.93
115,WAFD.O,WaFd,5,120,14,39,64,1.0,10.0,16.92,9.53,10.16,28.58
115,SFNC.O,시몬스 퍼스트 내셔널,5,120,14,39,64,1.0,10.0,16.92,26.77,8.87,32.24
115,INDB.O,인디펜던트 뱅크 (매사추세츠),5,120,14,39,64,1.0,10.0,16.92,10.4,12.06,30.9
115,FFBC.O,퍼스트 파이낸셜 뱅코프,5,120,14,39,64,1.0,10.0,16.92,11.42,10.35,33.13
115,TOWN.O,타운뱅크,5,120,14,39,64,1.0,10.0,16.92,46.42,11.41,31.19
115,IART.O,인테그라 라이프사이언시스 홀딩스,5,120,14,39,64,1.0,10.0,16.92,21.89,9.72,30.85
115,WERN.O,웨너 엔터프라이즈,5,120,14,39,64,1.0,10.0,16.92,7.8,8.57,27.61
115,PRGS.O,프로그레스 소프트웨어,5,120,14,39,64,1.0,10.0,16.92,0.0,12.89,30.64
115,NBTB.O,NBT 뱅코프,5,120,14,39,64,1.0,10.0,16.92,13.44,10.47,28.47
115,TRMK.O,트러스트마크,5,120,14,39,64,1.0,10.0,16.92,7.07,8.02,29.11
115,GCMG.O,GCM 그로스브너,5,120,14,39,64,1.0,10.0,16.92,16.9,5.66,29.75
115,WSBC.O,웨스뱅코,5,120,14,39,64,1.0,10.0,16.92,9.82,9.83,30.85
115,CLBK.O,콜롬비아 파이낸셜,5,120,14,39,64,1.0,10.0,16.92,95.25,7.36,29.22
115,STBA.O,S&T 뱅코프,5,120,14,39,64,1.0,10.0,16.92,19.43,11.11,32.19
115,ROIC.O,리테일 오퍼튜니티 인베스트먼트,5,120,14,39,64,1.0,10.0,16.92,51.0,6.59,29.23
115,BUSE.O,퍼스트 뷰지,5,120,14,39,64,1.0,10.0,16.92,11.07,10.2,31.44
115,CSGS.O,CSG 시스템즈인터내셔널,5,120,14,39,64,1.0,10.0,16.92,58.15,10.75,27.71
115,OCFC.O,오션퍼스트 파이낸셜,5,120,14,39,64,1.0,10.0,16.92,1.79,7.92,30.72
115,SBSI.O,사우스사이드 뱅크셰어스,5,120,14,39,64,1.0,10.0,16.92,18.64,10.87,28.92
115,LBRDA.O,리버티 브로드밴드 시리즈 A,5,120,14,39,64,1.0,10.0,16.92,-21.29,8.38,29.91
115,FMBH.O,퍼스트미드 뱅크셰어스,5,120,14,39,64,1.0,10.0,16.92,65.71,11.15,31.54
115,CTBI.O,커뮤니티 트러스트 뱅코프,5,120,14,39,64,1.0,10.0,16.92,14.62,9.43,27.12
115,LLYVA.O,리버티 미디어 Series A,5,120,14,39,64,1.0,10.0,16.92,0.0,8.0,31.72
115,UVSP.O,유니베스트 파이낸셜,5,120,14,39,64,1.0,10.0,16.92,44.69,8.74,31.52
115,CVBF.O,CVB 파이낸셜,5,120,14,39,64,1.0,10.0,16.92,25.45,10.14,31.66
115,LBTYA.O,리버티 글로벌 Class A,5,120,14,39,64,1.0,10.0,16.92,-3.47,8.36,29.79
115,TRST.O,트러스트코 은행 N Y,5,120,14,39,64,1.0,10.0,16.92,6.74,6.07,29.58
115,PCH.O,포틀래치델틱,5,120,14,39,64,1.0,10.0,16.92,21.57,6.78,30.39
115,CTSH.O,코그니전트 테크놀로지 솔루션,5,120,14,39,64,1.0,10.0,16.92,9.24,12.19,29.0
115,CCEP.O,코카-콜라 유로퍼시픽 파트너스,5,120,14,39,64,1.0,10.0,16.92,0.0,11.58,24.49
115,TROW.O,티 로웨 프라이스 그룹,5,120,14,39,64,1.0,10.0,16.92,3.77,10.77,28.47
115,NTRS.O,노던 트러스트,5,120,14,39,64,1.0,10.0,16.92,27.31,8.6,28.01
115,GLPI.O,게이밍 앤드 레저 프로퍼티스,5,120,14,39,64,1.0,10.0,16.92,8.1,6.77,29.67
115,REG.O,리젠시 센터스,5,120,14,39,64,1.0,10.0,16.92,64.27,8.76,28.11
115,NWSA.O,뉴스 코퍼레이션 Class A,5,120,14,39,64,1.0,10.0,16.92,19.25,9.64,29.14
115,HAS.O,해즈브로,5,120,14,39,64,1.0,10.0,16.92,19.42,7.83,30.05
115,SEIC.O,SEI 인베스트먼트,5,120,14,39,64,1.0,10.0,16.92,49.28,11.93,25.92
115,OTEX.O,오픈 텍스트,5,120,14,39,64,1.0,10.0,16.92,-1.64,13.32,29.18
115,CBSH.O,커머스 뱅크셰어스,5,120,14,39,64,1.0,10.0,16.92,43.78,10.94,24.71
115,GNTX.O,젠텍스,5,120,14,39,64,1.0,10.0,16.92,70.63,13.91,29.6
115,LBRDK.O,리버티 브로드밴드 시리즈 C,5,120,14,39,64,1.0,10.0,16.92,-20.55,8.56,29.81
115,BOKF.O,BOK 파이낸셜,5,120,14,39,64,1.0,10.0,16.92,48.85,10.73,30.63
115,ONB.O,올드 내셔널 뱅코프,5,120,14,39,64,1.0,10.0,16.92,10.17,9.39,29.06
115,NWS.O,뉴스 코퍼레이션 Class B,5,120,14,39,64,1.0,10.0,16.92,8.86,10.08,29.0
115,UBSI.O,유나이티드 뱅크셰어스(Nasdaq GS),5,120,14,39,64,1.0,10.0,16.92,13.84,8.26,31.06
115,UMBF.O,UMB 파이낸셜,5,120,14,39,64,1.0,10.0,16.92,50.68,12.73,31.3
115,AVT.O,에이브이넷,5,120,14,39,64,1.0,10.0,16.92,16.38,10.14,29.6
115,PECO.O,필립스 에디슨 & 코,5,120,14,39,64,1.0,10.0,16.92,0.0,10.22,25.08
115,LBTYK.O,리버티 글로벌 Class C,5,120,14,39,64,1.0,10.0,16.92,-5.84,8.66,29.05
115,FULT.O,풀턴 파이낸셜,5,120,14,39,64,1.0,10.0,16.92,17.12,10.14,31.11
115,FIBK.O,퍼스트 인터스테이트 뱅크시스템,5,120,14,39,64,1.0,10.0,16.92,4.82,10.42,31.05
115,HFWA.O,헤리티지 파이낸셜,5,120,14,39,64,1.0,10.0,16.92,23.7,8.62,31.66
115,HONE.O,하버원 뱅코프,5,120,14,39,64,1.0,10.0,16.92,51.06,13.05,29.78
115,INTC.O,인텔,5,120,14,39,64,1.0,10.0,16.92,3.84,8.11,30.6
115,NWFL.O,노우드 파이낸셜,5,120,14,39,64,1.0,10.0,16.92,13.7,10.26,31.89
115,BCBP.O,BCB 뱅코프,5,120,14,39,64,1.0,10.0,16.92,35.24,9.24,30.5
115,BWFG.O,뱅크웰 파이낸셜 그룹,5,120,14,39,64,1.0,10.0,16.92,69.7,8.91,29.41
115,VABK.O,버지니아 내셔널 뱅크셰어,5,120,14,39,64,1.0,10.0,16.92,39.08,8.63,30.78
115,ESSA.O,ESSA 뱅코프,5,120,14,39,64,1.0,10.0,16.92,13.13,7.75,28.89
115,MSSAU.O,Metal Sky Star Acquisition Units,5,120,14,39,64,1.0,10.0,16.92,0.0,9.24,25.99
115,WAVSU.O,Western Acquisition Ventures Units,5,120,14,39,64,1.0,10.0,16.92,0.0,8.16,29.75
115,BFIN.O,뱅크파이낸셜,5,120,14,39,64,1.0,10.0,16.92,8.46,7.21,30.49
115,GLLIU.O,Globalink Investment Units,5,120,14,39,64,1.0,10.0,16.92,0.0,10.4,32.91
115,CZWI.O,시티즌스 커뮤니티 뱅코프,5,120,14,39,64,1.0,10.0,16.92,16.5,13.18,28.84
115,FRAF.O,프랭클린 파이낸셜 서비스,5,120,14,39,64,1.0,10.0,16.92,7.02,8.08,27.71
115,MRBK.O,메리디안,5,120,14,39,64,1.0,10.0,16.92,73.55,9.41,33.02
115,CBFV.O,CB 파이낸셜 서비스,5,120,14,39,64,1.0,10.0,16.92,0.0,7.07,28.07
115,WINVU.O,WinVest Acquisition Units,5,120,14,39,64,1.0,10.0,16.92,0.0,11.55,29.96
115,GLSTU.O,Global Star Acquisition Units,5,120,14,39,64,1.0,10.0,16.92,0.0,11.45,32.3
115,LARK.O,랜드마크 뱅코프,5,120,14,39,64,1.0,10.0,16.92,-1.94,10.46,30.51
115,SPKLU.O,Spark I Acquisition Units,5,120,14,39,64,1.0,10.0,16.92,0.0,8.19,27.97
115,ACACU.O,Acri Capital Acquisition Units,5,120,14,39,64,1.0,10.0,16.92,49.93,10.52,25.31
115,PROV.O,프로비던트 파이낸셜 홀딩스,5,120,14,39,64,1.0,10.0,16.92,-1.27,10.62,27.22
115,HHGCU.O,HHG Capital Units,5,120,14,39,64,1.0,10.0,16.92,0.0,7.98,28.1
115,LSBK.O,레이크 쇼어 뱅코프,5,120,14,39,64,1.0,10.0,16.92,-1.19,7.09,26.55
115,ICCH.O,ICC 홀딩스,5,120,14,39,64,1.0,10.0,16.92,-0.55,11.15,30.77
115,SELF.O,글로벌 셀프 스토리지,5,120,14,39,64,1.0,10.0,16.92,10.46,6.92,28.09
115,CRWS.O,크라운 크래프츠,5,120,14,39,64,1.0,10.0,16.92,24.52,7.37,31.0
115,RGCO.O,RGC 리소스,5,120,14,39,64,1.0,10.0,16.92,2.11,10.16,29.86
115,BPRN.O,뱅크 오브 프린스턴,5,120,14,39,64,1.0,10.0,16.92,25.81,9.38,33.05
115,CAC.O,캠던 내셔널,5,120,14,39,64,1.0,10.0,16.92,3.7,10.47,31.2
115,UTMD.O,유타 메디컬 프로덕츠,5,120,14,39,64,1.0,10.0,16.92,-83.99,12.66,30.8
115,YORW.O,요크 워터,5,120,14,39,64,1.0,10.0,16.92,0.0,12.12,28.41
115,CATC.O,케임브리지 뱅코프,5,120,14,39,64,1.0,10.0,16.92,46.14,10.22,28.37
115,NFBK.O,노스필드 뱅코프,5,120,14,39,64,1.0,10.0,16.92,39.33,6.43,28.36
115,CASS.O,캐스 인포메이션 시스템즈,5,120,14,39,64,1.0,10.0,16.92,4.54,9.95,31.16
115,WASH.O,워싱턴 트러스트 뱅코프,5,120,14,39,64,1.0,10.0,16.92,-2.12,9.35,31.4
115,THFF.O,퍼스트 파이낸셜,5,120,14,39,64,1.0,10.0,16.92,6.42,8.38,28.09
115,AROW.O,애로우 파이낸셜,5,120,14,39,64,1.0,10.0,16.92,2.62,8.27,28.39
115,ITRN.O,이투란 로케이션 앤 콘트롤,5,120,14,39,64,1.0,10.0,16.92,4.16,9.0,30.29
115,GAIN.O,글래드스톤 인베스트먼트,5,120,14,39,64,1.0,10.0,16.92,0.0,9.82,26.4
115,PFIS.O,피플스 파이낸셜 서비스,5,120,14,39,64,1.0,10.0,16.92,32.88,10.48,32.65
115,MOFG.O,미드웨스트원 파이낸셜 그룹,5,120,14,39,64,1.0,10.0,16.92,8.21,10.82,32.59
115,CARE.O,카터 뱅크셰어스,5,120,14,39,64,1.0,10.0,16.92,20.34,10.94,32.18
115,ARTNA.O,아르테시안 리소시스,5,120,14,39,64,1.0,10.0,16.92,19.21,9.07,26.07
115,HBCP.O,홈 뱅코프,5,120,14,39,64,1.0,10.0,16.92,4.62,13.8,29.42
115,BMRC.O,뱅크 오브 마린 뱅코프,5,120,14,39,64,1.0,10.0,16.92,-10.16,7.4,30.71
115,NODK.O,NI 홀딩스,5,120,14,39,64,1.0,10.0,16.92,17.66,6.1,30.73
115,ACABU.O,Atlantic Coastal Acquisition II Units,5,120,14,39,64,1.0,10.0,16.92,0.0,7.48,26.4
115,FNLC.O,퍼스트 뱅코프,5,120,14,39,64,1.0,10.0,16.92,40.46,11.47,32.35
115,IRAAU.O,Iris Acquisition Units,5,120,14,39,64,1.0,10.0,16.92,0.0,10.38,26.14
115,SLMBP.O,SLM 우선주 시리즈 B,5,120,14,39,64,1.0,10.0,16.92,14.68,8.43,26.38
115,VBNK.O,버사뱅크,5,120,14,39,64,1.0,10.0,16.92,45.67,8.13,29.25
115,FLIC.O,퍼스트 오브 롱 아일랜드,5,120,14,39,64,1.0,10.0,16.92,-2.72,6.07,30.71
115,BCML.O,베이컴,5,120,14,39,64,1.0,10.0,16.92,60.99,12.6,31.54
115,PCAR.O,파카,5,120,14,39,64,1.0,10.0,16.92,0.0,11.78,27.71
115,PBBK.O,PB 뱅크셰어,5,120,14,39,64,1.0,10.0,16.92,0.0,9.17,25.53
115,CSCO.O,시스코 시스템즈,5,60,14,49,54,1.0,10.0,16.74,35.71,9.05,25.93
115,MOFG.O,미드웨스트원 파이낸셜 그룹,5,60,14,49,54,1.0,10.0,16.74,27.17,10.82,32.59
115,FLIC.O,퍼스트 오브 롱 아일랜드,5,60,14,49,54,1.0,10.0,16.74,3.72,6.07,30.71
115,VBNK.O,버사뱅크,5,60,14,49,54,1.0,10.0,16.74,45.25,8.13,29.25
115,SLMBP.O,SLM 우선주 시리즈 B,5,60,14,49,54,1.0,10.0,16.74,17.02,8.43,26.38
115,IRAAU.O,Iris Acquisition Units,5,60,14,49,54,1.0,10.0,16.74,0.0,10.38,26.14
115,FNLC.O,퍼스트 뱅코프,5,60,14,49,54,1.0,10.0,16.74,33.74,11.47,32.35
115,ACABU.O,Atlantic Coastal Acquisition II Units,5,60,14,49,54,1.0,10.0,16.74,0.0,7.48,26.4
115,NODK.O,NI 홀딩스,5,60,14,49,54,1.0,10.0,16.74,7.66,6.1,30.73
115,BMRC.O,뱅크 오브 마린 뱅코프,5,60,14,49,54,1.0,10.0,16.74,-1.38,7.4,30.71
115,HBCP.O,홈 뱅코프,5,60,14,49,54,1.0,10.0,16.74,12.71,13.8,29.42
115,ARTNA.O,아르테시안 리소시스,5,60,14,49,54,1.0,10.0,16.74,8.19,9.07,26.07
115,CARE.O,카터 뱅크셰어스,5,60,14,49,54,1.0,10.0,16.74,41.87,10.94,32.18
115,PFIS.O,피플스 파이낸셜 서비스,5,60,14,49,54,1.0,10.0,16.74,15.94,10.48,32.65
115,GSBC.O,그레이트 서던 뱅코프,5,60,14,49,54,1.0,10.0,16.74,46.33,13.76,30.39
115,GAIN.O,글래드스톤 인베스트먼트,5,60,14,49,54,1.0,10.0,16.74,18.93,9.82,26.4
115,ITRN.O,이투란 로케이션 앤 콘트롤,5,60,14,49,54,1.0,10.0,16.74,7.08,9.0,30.29
115,AROW.O,애로우 파이낸셜,5,60,14,49,54,1.0,10.0,16.74,27.74,8.27,28.39
115,THFF.O,퍼스트 파이낸셜,5,60,14,49,54,1.0,10.0,16.74,27.45,8.38,28.09
115,WASH.O,워싱턴 트러스트 뱅코프,5,60,14,49,54,1.0,10.0,16.74,-6.99,9.35,31.4
115,CASS.O,캐스 인포메이션 시스템즈,5,60,14,49,54,1.0,10.0,16.74,14.4,9.95,31.16
115,NFBK.O,노스필드 뱅코프,5,60,14,49,54,1.0,10.0,16.74,20.98,6.43,28.36
115,CATC.O,케임브리지 뱅코프,5,60,14,49,54,1.0,10.0,16.74,8.63,10.22,28.37
115,YORW.O,요크 워터,5,60,14,49,54,1.0,10.0,16.74,4.55,12.12,28.41
115,CAC.O,캠던 내셔널,5,60,14,49,54,1.0,10.0,16.74,20.22,10.47,31.2
115,HONE.O,하버원 뱅코프,5,60,14,49,54,1.0,10.0,16.74,57.63,13.05,29.78
115,BCML.O,베이컴,5,60,14,49,54,1.0,10.0,16.74,53.08,12.6,31.54
115,UTMD.O,유타 메디컬 프로덕츠,5,60,14,49,54,1.0,10.0,16.74,13.34,12.66,30.8
115,BPRN.O,뱅크 오브 프린스턴,5,60,14,49,54,1.0,10.0,16.74,6.42,9.38,33.05
115,NWFL.O,노우드 파이낸셜,5,60,14,49,54,1.0,10.0,16.74,30.59,10.26,31.89
115,SELF.O,글로벌 셀프 스토리지,5,60,14,49,54,1.0,10.0,16.74,5.74,6.92,28.09
115,ICCH.O,ICC 홀딩스,5,60,14,49,54,1.0,10.0,16.74,11.3,11.15,30.77
115,LSBK.O,레이크 쇼어 뱅코프,5,60,14,49,54,1.0,10.0,16.74,-0.8,7.09,26.55
115,HHGCU.O,HHG Capital Units,5,60,14,49,54,1.0,10.0,16.74,16.66,7.98,28.1
115,PROV.O,프로비던트 파이낸셜 홀딩스,5,60,14,49,54,1.0,10.0,16.74,16.47,10.62,27.22
115,ACACU.O,Acri Capital Acquisition Units,5,60,14,49,54,1.0,10.0,16.74,9.13,10.52,25.31
115,SPKLU.O,Spark I Acquisition Units,5,60,14,49,54,1.0,10.0,16.74,0.0,8.19,27.97
115,LARK.O,랜드마크 뱅코프,5,60,14,49,54,1.0,10.0,16.74,5.26,10.46,30.51
115,GLSTU.O,Global Star Acquisition Units,5,60,14,49,54,1.0,10.0,16.74,0.0,11.45,32.3
115,WINVU.O,WinVest Acquisition Units,5,60,14,49,54,1.0,10.0,16.74,0.0,11.55,29.96
115,CBFV.O,CB 파이낸셜 서비스,5,60,14,49,54,1.0,10.0,16.74,9.26,7.07,28.07
115,MRBK.O,메리디안,5,60,14,49,54,1.0,10.0,16.74,14.71,9.41,33.02
115,FRAF.O,프랭클린 파이낸셜 서비스,5,60,14,49,54,1.0,10.0,16.74,23.28,8.08,27.71
115,CZWI.O,시티즌스 커뮤니티 뱅코프,5,60,14,49,54,1.0,10.0,16.74,-1.7,13.18,28.84
115,GLLIU.O,Globalink Investment Units,5,60,14,49,54,1.0,10.0,16.74,0.0,10.4,32.91
115,BFIN.O,뱅크파이낸셜,5,60,14,49,54,1.0,10.0,16.74,-1.64,7.21,30.49
115,WAVSU.O,Western Acquisition Ventures Units,5,60,14,49,54,1.0,10.0,16.74,0.0,8.16,29.75
115,MSSAU.O,Metal Sky Star Acquisition Units,5,60,14,49,54,1.0,10.0,16.74,0.0,9.24,25.99
115,ESSA.O,ESSA 뱅코프,5,60,14,49,54,1.0,10.0,16.74,22.03,7.75,28.89
115,VABK.O,버지니아 내셔널 뱅크셰어,5,60,14,49,54,1.0,10.0,16.74,25.63,8.63,30.78
115,BWFG.O,뱅크웰 파이낸셜 그룹,5,60,14,49,54,1.0,10.0,16.74,14.87,8.91,29.41
115,BCBP.O,BCB 뱅코프,5,60,14,49,54,1.0,10.0,16.74,6.43,9.24,30.5
115,RGCO.O,RGC 리소스,5,60,14,49,54,1.0,10.0,16.74,2.07,10.16,29.86
115,TRST.O,트러스트코 은행 N Y,5,60,14,49,54,1.0,10.0,16.74,19.32,6.07,29.58
115,PBBK.O,PB 뱅크셰어,5,60,14,49,54,1.0,10.0,16.74,99.32,9.17,25.53
115,LBTYA.O,리버티 글로벌 Class A,5,60,14,49,54,1.0,10.0,16.74,-2.61,8.36,29.79
115,CBSH.O,커머스 뱅크셰어스,5,60,14,49,54,1.0,10.0,16.74,21.32,10.94,24.71
115,FULT.O,풀턴 파이낸셜,5,60,14,49,54,1.0,10.0,16.74,15.23,10.14,31.11
115,LBTYK.O,리버티 글로벌 Class C,5,60,14,49,54,1.0,10.0,16.74,-1.93,8.66,29.05
115,PECO.O,필립스 에디슨 & 코,5,60,14,49,54,1.0,10.0,16.74,80.64,10.22,25.08
115,AVT.O,에이브이넷,5,60,14,49,54,1.0,10.0,16.74,18.71,10.14,29.6
115,UMBF.O,UMB 파이낸셜,5,60,14,49,54,1.0,10.0,16.74,16.13,12.73,31.3
115,UBSI.O,유나이티드 뱅크셰어스(Nasdaq GS),5,60,14,49,54,1.0,10.0,16.74,19.63,8.26,31.06
115,NWS.O,뉴스 코퍼레이션 Class B,5,60,14,49,54,1.0,10.0,16.74,10.77,10.08,29.0
115,ONB.O,올드 내셔널 뱅코프,5,60,14,49,54,1.0,10.0,16.74,31.61,9.39,29.06
115,BOKF.O,BOK 파이낸셜,5,60,14,49,54,1.0,10.0,16.74,24.01,10.73,30.63
115,LBRDK.O,리버티 브로드밴드 시리즈 C,5,60,14,49,54,1.0,10.0,16.74,-14.95,8.56,29.81
115,GNTX.O,젠텍스,5,60,14,49,54,1.0,10.0,16.74,10.87,13.91,29.6
115,OTEX.O,오픈 텍스트,5,60,14,49,54,1.0,10.0,16.74,22.2,13.32,29.18
115,PCH.O,포틀래치델틱,5,60,14,49,54,1.0,10.0,16.74,13.8,6.78,30.39
115,SEIC.O,SEI 인베스트먼트,5,60,14,49,54,1.0,10.0,16.74,53.91,11.93,25.92
115,HAS.O,해즈브로,5,60,14,49,54,1.0,10.0,16.74,6.02,7.83,30.05
115,NWSA.O,뉴스 코퍼레이션 Class A,5,60,14,49,54,1.0,10.0,16.74,8.23,9.64,29.14
115,REG.O,리젠시 센터스,5,60,14,49,54,1.0,10.0,16.74,2.67,8.76,28.11
115,GLPI.O,게이밍 앤드 레저 프로퍼티스,5,60,14,49,54,1.0,10.0,16.74,20.1,6.77,29.67
115,NTRS.O,노던 트러스트,5,60,14,49,54,1.0,10.0,16.74,14.32,8.6,28.01
115,TROW.O,티 로웨 프라이스 그룹,5,60,14,49,54,1.0,10.0,16.74,0.11,10.77,28.47
115,CCEP.O,코카-콜라 유로퍼시픽 파트너스,5,60,14,49,54,1.0,10.0,16.74,84.78,11.58,24.49
115,CTSH.O,코그니전트 테크놀로지 솔루션,5,60,14,49,54,1.0,10.0,16.74,15.9,12.19,29.0
115,PCAR.O,파카,5,60,14,49,54,1.0,10.0,16.74,52.4,11.78,27.71
115,INTC.O,인텔,5,60,14,49,54,1.0,10.0,16.74,15.34,8.11,30.6
115,FIBK.O,퍼스트 인터스테이트 뱅크시스템,5,60,14,49,54,1.0,10.0,16.74,37.58,10.42,31.05
115,CRWS.O,크라운 크래프츠,5,60,14,49,54,1.0,10.0,16.74,7.34,7.37,31.0
115,HFWA.O,헤리티지 파이낸셜,5,60,14,49,54,1.0,10.0,16.74,11.53,8.62,31.66
115,CLBK.O,콜롬비아 파이낸셜,5,60,14,49,54,1.0,10.0,16.74,6.16,7.36,29.22
115,UVSP.O,유니베스트 파이낸셜,5,60,14,49,54,1.0,10.0,16.74,19.68,8.74,31.52
115,LLYVA.O,리버티 미디어 Series A,5,60,14,49,54,1.0,10.0,16.74,0.0,8.0,31.72
115,CTBI.O,커뮤니티 트러스트 뱅코프,5,60,14,49,54,1.0,10.0,16.74,22.02,9.43,27.12
115,FMBH.O,퍼스트미드 뱅크셰어스,5,60,14,49,54,1.0,10.0,16.74,2.14,11.15,31.54
115,LBRDA.O,리버티 브로드밴드 시리즈 A,5,60,14,49,54,1.0,10.0,16.74,-13.34,8.38,29.91
115,SBSI.O,사우스사이드 뱅크셰어스,5,60,14,49,54,1.0,10.0,16.74,17.37,10.87,28.92
115,OCFC.O,오션퍼스트 파이낸셜,5,60,14,49,54,1.0,10.0,16.74,8.18,7.92,30.72
115,CSGS.O,CSG 시스템즈인터내셔널,5,60,14,49,54,1.0,10.0,16.74,9.85,10.75,27.71
115,BUSE.O,퍼스트 뷰지,5,60,14,49,54,1.0,10.0,16.74,4.66,10.2,31.44
115,ROIC.O,리테일 오퍼튜니티 인베스트먼트,5,60,14,49,54,1.0,10.0,16.74,-9.2,6.59,29.23
115,STBA.O,S&T 뱅코프,5,60,14,49,54,1.0,10.0,16.74,17.06,11.11,32.19
115,WSBC.O,웨스뱅코,5,60,14,49,54,1.0,10.0,16.74,11.14,9.83,30.85
115,WAFD.O,WaFd,5,60,14,49,54,1.0,10.0,16.74,53.07,10.16,28.58
115,GCMG.O,GCM 그로스브너,5,60,14,49,54,1.0,10.0,16.74,-3.45,5.66,29.75
115,TRMK.O,트러스트마크,5,60,14,49,54,1.0,10.0,16.74,28.98,8.02,29.11
115,NBTB.O,NBT 뱅코프,5,60,14,49,54,1.0,10.0,16.74,22.82,10.47,28.47
115,PRGS.O,프로그레스 소프트웨어,5,60,14,49,54,1.0,10.0,16.74,28.14,12.89,30.64
115,WERN.O,웨너 엔터프라이즈,5,60,14,49,54,1.0,10.0,16.74,9.93,8.57,27.61
115,IART.O,인테그라 라이프사이언시스 홀딩스,5,60,14,49,54,1.0,10.0,16.74,1.87,9.72,30.85
115,TOWN.O,타운뱅크,5,60,14,49,54,1.0,10.0,16.74,22.78,11.41,31.19
115,FFBC.O,퍼스트 파이낸셜 뱅코프,5,60,14,49,54,1.0,10.0,16.74,8.71,10.35,33.13
115,INDB.O,인디펜던트 뱅크 (매사추세츠),5,60,14,49,54,1.0,10.0,16.74,42.5,12.06,30.9
115,SFNC.O,시몬스 퍼스트 내셔널,5,60,14,49,54,1.0,10.0,16.74,6.09,8.87,32.24
115,CVBF.O,CVB 파이낸셜,5,60,14,49,54,1.0,10.0,16.74,16.4,10.14,31.66
115,PCAR.O,파카,5,60,14,44,59,1.0,10.0,16.06,36.22,11.78,27.71
115,INTC.O,인텔,5,60,14,44,59,1.0,10.0,16.06,1.76,8.11,30.6
115,TRST.O,트러스트코 은행 N Y,5,60,14,44,59,1.0,10.0,16.06,10.98,6.07,29.58
115,ARTNA.O,아르테시안 리소시스,5,60,14,44,59,1.0,10.0,16.06,8.92,9.07,26.07
115,UTMD.O,유타 메디컬 프로덕츠,5,60,14,44,59,1.0,10.0,16.06,-24.19,12.66,30.8
115,BCML.O,베이컴,5,60,14,44,59,1.0,10.0,16.06,46.16,12.6,31.54
115,FLIC.O,퍼스트 오브 롱 아일랜드,5,60,14,44,59,1.0,10.0,16.06,-5.24,6.07,30.71
115,VBNK.O,버사뱅크,5,60,14,44,59,1.0,10.0,16.06,45.25,8.13,29.25
115,SLMBP.O,SLM 우선주 시리즈 B,5,60,14,44,59,1.0,10.0,16.06,18.43,8.43,26.38
115,IRAAU.O,Iris Acquisition Units,5,60,14,44,59,1.0,10.0,16.06,0.0,10.38,26.14
115,FNLC.O,퍼스트 뱅코프,5,60,14,44,59,1.0,10.0,16.06,28.53,11.47,32.35
115,ACABU.O,Atlantic Coastal Acquisition II Units,5,60,14,44,59,1.0,10.0,16.06,0.0,7.48,26.4
115,NODK.O,NI 홀딩스,5,60,14,44,59,1.0,10.0,16.06,12.94,6.1,30.73
115,BMRC.O,뱅크 오브 마린 뱅코프,5,60,14,44,59,1.0,10.0,16.06,-6.62,7.4,30.71
115,HBCP.O,홈 뱅코프,5,60,14,44,59,1.0,10.0,16.06,10.81,13.8,29.42
115,CARE.O,카터 뱅크셰어스,5,60,14,44,59,1.0,10.0,16.06,27.29,10.94,32.18
115,HONE.O,하버원 뱅코프,5,60,14,44,59,1.0,10.0,16.06,21.28,13.05,29.78
115,MOFG.O,미드웨스트원 파이낸셜 그룹,5,60,14,44,59,1.0,10.0,16.06,43.3,10.82,32.59
115,PFIS.O,피플스 파이낸셜 서비스,5,60,14,44,59,1.0,10.0,16.06,22.29,10.48,32.65
115,GAIN.O,글래드스톤 인베스트먼트,5,60,14,44,59,1.0,10.0,16.06,122.32,9.82,26.4
115,ITRN.O,이투란 로케이션 앤 콘트롤,5,60,14,44,59,1.0,10.0,16.06,24.76,9.0,30.29
115,AROW.O,애로우 파이낸셜,5,60,14,44,59,1.0,10.0,16.06,33.46,8.27,28.39
115,THFF.O,퍼스트 파이낸셜,5,60,14,44,59,1.0,10.0,16.06,26.65,8.38,28.09
115,WASH.O,워싱턴 트러스트 뱅코프,5,60,14,44,59,1.0,10.0,16.06,9.06,9.35,31.4
115,CASS.O,캐스 인포메이션 시스템즈,5,60,14,44,59,1.0,10.0,16.06,19.95,9.95,31.16
115,NFBK.O,노스필드 뱅코프,5,60,14,44,59,1.0,10.0,16.06,1.96,6.43,28.36
115,CATC.O,케임브리지 뱅코프,5,60,14,44,59,1.0,10.0,16.06,40.23,10.22,28.37
115,YORW.O,요크 워터,5,60,14,44,59,1.0,10.0,16.06,2.27,12.12,28.41
115,BPRN.O,뱅크 오브 프린스턴,5,60,14,44,59,1.0,10.0,16.06,6.82,9.38,33.05
115,NWFL.O,노우드 파이낸셜,5,60,14,44,59,1.0,10.0,16.06,14.51,10.26,31.89
115,RGCO.O,RGC 리소스,5,60,14,44,59,1.0,10.0,16.06,-2.05,10.16,29.86
115,BCBP.O,BCB 뱅코프,5,60,14,44,59,1.0,10.0,16.06,8.63,9.24,30.5
115,PBBK.O,PB 뱅크셰어,5,60,14,44,59,1.0,10.0,16.06,96.55,9.17,25.53
115,CRWS.O,크라운 크래프츠,5,60,14,44,59,1.0,10.0,16.06,5.92,7.37,31.0
115,SELF.O,글로벌 셀프 스토리지,5,60,14,44,59,1.0,10.0,16.06,14.29,6.92,28.09
115,ICCH.O,ICC 홀딩스,5,60,14,44,59,1.0,10.0,16.06,-2.3,11.15,30.77
115,LSBK.O,레이크 쇼어 뱅코프,5,60,14,44,59,1.0,10.0,16.06,-3.54,7.09,26.55
115,HHGCU.O,HHG Capital Units,5,60,14,44,59,1.0,10.0,16.06,0.0,7.98,28.1
115,PROV.O,프로비던트 파이낸셜 홀딩스,5,60,14,44,59,1.0,10.0,16.06,0.73,10.62,27.22
115,ACACU.O,Acri Capital Acquisition Units,5,60,14,44,59,1.0,10.0,16.06,30.07,10.52,25.31
115,SPKLU.O,Spark I Acquisition Units,5,60,14,44,59,1.0,10.0,16.06,0.0,8.19,27.97
115,LARK.O,랜드마크 뱅코프,5,60,14,44,59,1.0,10.0,16.06,2.61,10.46,30.51
115,GLSTU.O,Global Star Acquisition Units,5,60,14,44,59,1.0,10.0,16.06,0.0,11.45,32.3
115,WINVU.O,WinVest Acquisition Units,5,60,14,44,59,1.0,10.0,16.06,0.0,11.55,29.96
115,CBFV.O,CB 파이낸셜 서비스,5,60,14,44,59,1.0,10.0,16.06,4.61,7.07,28.07
115,MRBK.O,메리디안,5,60,14,44,59,1.0,10.0,16.06,19.19,9.41,33.02
115,FRAF.O,프랭클린 파이낸셜 서비스,5,60,14,44,59,1.0,10.0,16.06,9.88,8.08,27.71
115,CZWI.O,시티즌스 커뮤니티 뱅코프,5,60,14,44,59,1.0,10.0,16.06,14.4,13.18,28.84
115,GLLIU.O,Globalink Investment Units,5,60,14,44,59,1.0,10.0,16.06,0.0,10.4,32.91
115,BFIN.O,뱅크파이낸셜,5,60,14,44,59,1.0,10.0,16.06,0.73,7.21,30.49
115,WAVSU.O,Western Acquisition Ventures Units,5,60,14,44,59,1.0,10.0,16.06,0.0,8.16,29.75
115,MSSAU.O,Metal Sky Star Acquisition Units,5,60,14,44,59,1.0,10.0,16.06,0.0,9.24,25.99
115,ESSA.O,ESSA 뱅코프,5,60,14,44,59,1.0,10.0,16.06,11.55,7.75,28.89
115,VABK.O,버지니아 내셔널 뱅크셰어,5,60,14,44,59,1.0,10.0,16.06,23.13,8.63,30.78
115,BWFG.O,뱅크웰 파이낸셜 그룹,5,60,14,44,59,1.0,10.0,16.06,11.55,8.91,29.41
115,CAC.O,캠던 내셔널,5,60,14,44,59,1.0,10.0,16.06,16.38,10.47,31.2
115,CSCO.O,시스코 시스템즈,5,60,14,44,59,1.0,10.0,16.06,26.85,9.05,25.93
115,WAFD.O,WaFd,5,60,14,44,59,1.0,10.0,16.06,26.81,10.16,28.58
115,CTSH.O,코그니전트 테크놀로지 솔루션,5,60,14,44,59,1.0,10.0,16.06,12.67,12.19,29.0
115,LBTYA.O,리버티 글로벌 Class A,5,60,14,44,59,1.0,10.0,16.06,-0.82,8.36,29.79
115,PCH.O,포틀래치델틱,5,60,14,44,59,1.0,10.0,16.06,15.48,6.78,30.39
115,FIBK.O,퍼스트 인터스테이트 뱅크시스템,5,60,14,44,59,1.0,10.0,16.06,32.23,10.42,31.05
115,FULT.O,풀턴 파이낸셜,5,60,14,44,59,1.0,10.0,16.06,37.55,10.14,31.11
115,LBTYK.O,리버티 글로벌 Class C,5,60,14,44,59,1.0,10.0,16.06,-3.48,8.66,29.05
115,PECO.O,필립스 에디슨 & 코,5,60,14,44,59,1.0,10.0,16.06,78.47,10.22,25.08
115,AVT.O,에이브이넷,5,60,14,44,59,1.0,10.0,16.06,12.09,10.14,29.6
115,UMBF.O,UMB 파이낸셜,5,60,14,44,59,1.0,10.0,16.06,31.93,12.73,31.3
115,UBSI.O,유나이티드 뱅크셰어스(Nasdaq GS),5,60,14,44,59,1.0,10.0,16.06,10.62,8.26,31.06
115,NWS.O,뉴스 코퍼레이션 Class B,5,60,14,44,59,1.0,10.0,16.06,10.59,10.08,29.0
115,ONB.O,올드 내셔널 뱅코프,5,60,14,44,59,1.0,10.0,16.06,49.38,9.39,29.06
115,BOKF.O,BOK 파이낸셜,5,60,14,44,59,1.0,10.0,16.06,32.72,10.73,30.63
115,LBRDK.O,리버티 브로드밴드 시리즈 C,5,60,14,44,59,1.0,10.0,16.06,-6.98,8.56,29.81
115,GNTX.O,젠텍스,5,60,14,44,59,1.0,10.0,16.06,22.7,13.91,29.6
115,CBSH.O,커머스 뱅크셰어스,5,60,14,44,59,1.0,10.0,16.06,22.4,10.94,24.71
115,OTEX.O,오픈 텍스트,5,60,14,44,59,1.0,10.0,16.06,0.52,13.32,29.18
115,SEIC.O,SEI 인베스트먼트,5,60,14,44,59,1.0,10.0,16.06,15.46,11.93,25.92
115,HAS.O,해즈브로,5,60,14,44,59,1.0,10.0,16.06,6.94,7.83,30.05
115,NWSA.O,뉴스 코퍼레이션 Class A,5,60,14,44,59,1.0,10.0,16.06,10.93,9.64,29.14
115,REG.O,리젠시 센터스,5,60,14,44,59,1.0,10.0,16.06,4.69,8.76,28.11
115,GLPI.O,게이밍 앤드 레저 프로퍼티스,5,60,14,44,59,1.0,10.0,16.06,20.69,6.77,29.67
115,NTRS.O,노던 트러스트,5,60,14,44,59,1.0,10.0,16.06,11.72,8.6,28.01
115,TROW.O,티 로웨 프라이스 그룹,5,60,14,44,59,1.0,10.0,16.06,4.97,10.77,28.47
115,GSBC.O,그레이트 서던 뱅코프,5,60,14,44,59,1.0,10.0,16.06,31.56,13.76,30.39
115,CVBF.O,CVB 파이낸셜,5,60,14,44,59,1.0,10.0,16.06,28.95,10.14,31.66
115,SFNC.O,시몬스 퍼스트 내셔널,5,60,14,44,59,1.0,10.0,16.06,3.53,8.87,32.24
115,ROIC.O,리테일 오퍼튜니티 인베스트먼트,5,60,14,44,59,1.0,10.0,16.06,-5.19,6.59,29.23
115,HFWA.O,헤리티지 파이낸셜,5,60,14,44,59,1.0,10.0,16.06,13.86,8.62,31.66
115,UVSP.O,유니베스트 파이낸셜,5,60,14,44,59,1.0,10.0,16.06,21.35,8.74,31.52
115,LLYVA.O,리버티 미디어 Series A,5,60,14,44,59,1.0,10.0,16.06,0.0,8.0,31.72
115,CTBI.O,커뮤니티 트러스트 뱅코프,5,60,14,44,59,1.0,10.0,16.06,14.62,9.43,27.12
115,FMBH.O,퍼스트미드 뱅크셰어스,5,60,14,44,59,1.0,10.0,16.06,16.18,11.15,31.54
115,LBRDA.O,리버티 브로드밴드 시리즈 A,5,60,14,44,59,1.0,10.0,16.06,-5.7,8.38,29.91
115,SBSI.O,사우스사이드 뱅크셰어스,5,60,14,44,59,1.0,10.0,16.06,47.33,10.87,28.92
115,OCFC.O,오션퍼스트 파이낸셜,5,60,14,44,59,1.0,10.0,16.06,-1.95,7.92,30.72
115,CSGS.O,CSG 시스템즈인터내셔널,5,60,14,44,59,1.0,10.0,16.06,18.59,10.75,27.71
115,BUSE.O,퍼스트 뷰지,5,60,14,44,59,1.0,10.0,16.06,8.22,10.2,31.44
115,STBA.O,S&T 뱅코프,5,60,14,44,59,1.0,10.0,16.06,15.5,11.11,32.19
115,INDB.O,인디펜던트 뱅크 (매사추세츠),5,60,14,44,59,1.0,10.0,16.06,31.65,12.06,30.9
115,CLBK.O,콜롬비아 파이낸셜,5,60,14,44,59,1.0,10.0,16.06,10.16,7.36,29.22
115,WSBC.O,웨스뱅코,5,60,14,44,59,1.0,10.0,16.06,5.04,9.83,30.85
115,GCMG.O,GCM 그로스브너,5,60,14,44,59,1.0,10.0,16.06,-0.78,5.66,29.75
115,TRMK.O,트러스트마크,5,60,14,44,59,1.0,10.0,16.06,19.49,8.02,29.11
115,NBTB.O,NBT 뱅코프,5,60,14,44,59,1.0,10.0,16.06,20.66,10.47,28.47
115,PRGS.O,프로그레스 소프트웨어,5,60,14,44,59,1.0,10.0,16.06,14.95,12.89,30.64
115,WERN.O,웨너 엔터프라이즈,5,60,14,44,59,1.0,10.0,16.06,11.16,8.57,27.61
115,IART.O,인테그라 라이프사이언시스 홀딩스,5,60,14,44,59,1.0,10.0,16.06,-1.21,9.72,30.85
115,TOWN.O,타운뱅크,5,60,14,44,59,1.0,10.0,16.06,16.15,11.41,31.19
115,FFBC.O,퍼스트 파이낸셜 뱅코프,5,60,14,44,59,1.0,10.0,16.06,8.61,10.35,33.13
115,CCEP.O,코카-콜라 유로퍼시픽 파트너스,5,60,14,44,59,1.0,10.0,16.06,58.22,11.58,24.49
115,PCAR.O,파카,5,120,14,49,54,1.0,10.0,14.89,31.36,11.78,27.71
115,INTC.O,인텔,5,120,14,49,54,1.0,10.0,14.89,10.39,8.11,30.6
115,HFWA.O,헤리티지 파이낸셜,5,120,14,49,54,1.0,10.0,14.89,12.64,8.62,31.66
115,PBBK.O,PB 뱅크셰어,5,120,14,49,54,1.0,10.0,14.89,18.79,9.17,25.53
115,UTMD.O,유타 메디컬 프로덕츠,5,120,14,49,54,1.0,10.0,14.89,4.76,12.66,30.8
115,FLIC.O,퍼스트 오브 롱 아일랜드,5,120,14,49,54,1.0,10.0,14.89,0.87,6.07,30.71
115,VBNK.O,버사뱅크,5,120,14,49,54,1.0,10.0,14.89,45.67,8.13,29.25
115,SLMBP.O,SLM 우선주 시리즈 B,5,120,14,49,54,1.0,10.0,14.89,21.05,8.43,26.38
115,IRAAU.O,Iris Acquisition Units,5,120,14,49,54,1.0,10.0,14.89,0.0,10.38,26.14
115,FNLC.O,퍼스트 뱅코프,5,120,14,49,54,1.0,10.0,14.89,42.41,11.47,32.35
115,ACABU.O,Atlantic Coastal Acquisition II Units,5,120,14,49,54,1.0,10.0,14.89,0.0,7.48,26.4
115,NODK.O,NI 홀딩스,5,120,14,49,54,1.0,10.0,14.89,0.06,6.1,30.73
115,BMRC.O,뱅크 오브 마린 뱅코프,5,120,14,49,54,1.0,10.0,14.89,-4.98,7.4,30.71
115,HBCP.O,홈 뱅코프,5,120,14,49,54,1.0,10.0,14.89,7.18,13.8,29.42
115,ARTNA.O,아르테시안 리소시스,5,120,14,49,54,1.0,10.0,14.89,15.72,9.07,26.07
115,CARE.O,카터 뱅크셰어스,5,120,14,49,54,1.0,10.0,14.89,60.74,10.94,32.18
115,MOFG.O,미드웨스트원 파이낸셜 그룹,5,120,14,49,54,1.0,10.0,14.89,29.73,10.82,32.59
115,PFIS.O,피플스 파이낸셜 서비스,5,120,14,49,54,1.0,10.0,14.89,13.47,10.48,32.65
115,GAIN.O,글래드스톤 인베스트먼트,5,120,14,49,54,1.0,10.0,14.89,28.59,9.82,26.4
115,ITRN.O,이투란 로케이션 앤 콘트롤,5,120,14,49,54,1.0,10.0,14.89,13.18,9.0,30.29
115,AROW.O,애로우 파이낸셜,5,120,14,49,54,1.0,10.0,14.89,35.67,8.27,28.39
115,THFF.O,퍼스트 파이낸셜,5,120,14,49,54,1.0,10.0,14.89,22.14,8.38,28.09
115,WASH.O,워싱턴 트러스트 뱅코프,5,120,14,49,54,1.0,10.0,14.89,1.9,9.35,31.4
115,CASS.O,캐스 인포메이션 시스템즈,5,120,14,49,54,1.0,10.0,14.89,25.51,9.95,31.16
115,NFBK.O,노스필드 뱅코프,5,120,14,49,54,1.0,10.0,14.89,22.25,6.43,28.36
115,CATC.O,케임브리지 뱅코프,5,120,14,49,54,1.0,10.0,14.89,-3.36,10.22,28.37
115,YORW.O,요크 워터,5,120,14,49,54,1.0,10.0,14.89,3.81,12.12,28.41
115,CAC.O,캠던 내셔널,5,120,14,49,54,1.0,10.0,14.89,30.16,10.47,31.2
115,BCML.O,베이컴,5,120,14,49,54,1.0,10.0,14.89,92.82,12.6,31.54
115,BPRN.O,뱅크 오브 프린스턴,5,120,14,49,54,1.0,10.0,14.89,1.47,9.38,33.05
115,TRST.O,트러스트코 은행 N Y,5,120,14,49,54,1.0,10.0,14.89,14.36,6.07,29.58
115,NWFL.O,노우드 파이낸셜,5,120,14,49,54,1.0,10.0,14.89,18.28,10.26,31.89
115,SELF.O,글로벌 셀프 스토리지,5,120,14,49,54,1.0,10.0,14.89,3.86,6.92,28.09
115,ICCH.O,ICC 홀딩스,5,120,14,49,54,1.0,10.0,14.89,13.57,11.15,30.77
115,LSBK.O,레이크 쇼어 뱅코프,5,120,14,49,54,1.0,10.0,14.89,4.4,7.09,26.55
115,HHGCU.O,HHG Capital Units,5,120,14,49,54,1.0,10.0,14.89,0.0,7.98,28.1
115,PROV.O,프로비던트 파이낸셜 홀딩스,5,120,14,49,54,1.0,10.0,14.89,19.73,10.62,27.22
115,ACACU.O,Acri Capital Acquisition Units,5,120,14,49,54,1.0,10.0,14.89,14.67,10.52,25.31
115,SPKLU.O,Spark I Acquisition Units,5,120,14,49,54,1.0,10.0,14.89,0.0,8.19,27.97
115,LARK.O,랜드마크 뱅코프,5,120,14,49,54,1.0,10.0,14.89,-2.79,10.46,30.51
115,GLSTU.O,Global Star Acquisition Units,5,120,14,49,54,1.0,10.0,14.89,0.0,11.45,32.3
115,WINVU.O,WinVest Acquisition Units,5,120,14,49,54,1.0,10.0,14.89,3.33,11.55,29.96
115,CBFV.O,CB 파이낸셜 서비스,5,120,14,49,54,1.0,10.0,14.89,3.01,7.07,28.07
115,MRBK.O,메리디안,5,120,14,49,54,1.0,10.0,14.89,5.72,9.41,33.02
115,FRAF.O,프랭클린 파이낸셜 서비스,5,120,14,49,54,1.0,10.0,14.89,26.89,8.08,27.71
115,CZWI.O,시티즌스 커뮤니티 뱅코프,5,120,14,49,54,1.0,10.0,14.89,-2.77,13.18,28.84
115,GLLIU.O,Globalink Investment Units,5,120,14,49,54,1.0,10.0,14.89,0.0,10.4,32.91
115,BFIN.O,뱅크파이낸셜,5,120,14,49,54,1.0,10.0,14.89,-4.05,7.21,30.49
115,WAVSU.O,Western Acquisition Ventures Units,5,120,14,49,54,1.0,10.0,14.89,0.0,8.16,29.75
115,MSSAU.O,Metal Sky Star Acquisition Units,5,120,14,49,54,1.0,10.0,14.89,0.0,9.24,25.99
115,ESSA.O,ESSA 뱅코프,5,120,14,49,54,1.0,10.0,14.89,23.6,7.75,28.89
115,VABK.O,버지니아 내셔널 뱅크셰어,5,120,14,49,54,1.0,10.0,14.89,18.18,8.63,30.78
115,BWFG.O,뱅크웰 파이낸셜 그룹,5,120,14,49,54,1.0,10.0,14.89,10.92,8.91,29.41
115,BCBP.O,BCB 뱅코프,5,120,14,49,54,1.0,10.0,14.89,6.29,9.24,30.5
115,RGCO.O,RGC 리소스,5,120,14,49,54,1.0,10.0,14.89,5.81,10.16,29.86
115,HONE.O,하버원 뱅코프,5,120,14,49,54,1.0,10.0,14.89,55.31,13.05,29.78
115,GSBC.O,그레이트 서던 뱅코프,5,120,14,49,54,1.0,10.0,14.89,63.92,13.76,30.39
115,WAFD.O,WaFd,5,120,14,49,54,1.0,10.0,14.89,68.87,10.16,28.58
115,LBTYA.O,리버티 글로벌 Class A,5,120,14,49,54,1.0,10.0,14.89,-2.87,8.36,29.79
115,FIBK.O,퍼스트 인터스테이트 뱅크시스템,5,120,14,49,54,1.0,10.0,14.89,30.76,10.42,31.05
115,FULT.O,풀턴 파이낸셜,5,120,14,49,54,1.0,10.0,14.89,11.43,10.14,31.11
115,LBTYK.O,리버티 글로벌 Class C,5,120,14,49,54,1.0,10.0,14.89,-1.43,8.66,29.05
115,PECO.O,필립스 에디슨 & 코,5,120,14,49,54,1.0,10.0,14.89,18.52,10.22,25.08
115,AVT.O,에이브이넷,5,120,14,49,54,1.0,10.0,14.89,10.04,10.14,29.6
115,UMBF.O,UMB 파이낸셜,5,120,14,49,54,1.0,10.0,14.89,8.79,12.73,31.3
115,UBSI.O,유나이티드 뱅크셰어스(Nasdaq GS),5,120,14,49,54,1.0,10.0,14.89,24.46,8.26,31.06
115,NWS.O,뉴스 코퍼레이션 Class B,5,120,14,49,54,1.0,10.0,14.89,8.37,10.08,29.0
115,ONB.O,올드 내셔널 뱅코프,5,120,14,49,54,1.0,10.0,14.89,26.88,9.39,29.06
115,BOKF.O,BOK 파이낸셜,5,120,14,49,54,1.0,10.0,14.89,9.26,10.73,30.63
115,LBRDK.O,리버티 브로드밴드 시리즈 C,5,120,14,49,54,1.0,10.0,14.89,-14.56,8.56,29.81
115,GNTX.O,젠텍스,5,120,14,49,54,1.0,10.0,14.89,27.41,13.91,29.6
115,CBSH.O,커머스 뱅크셰어스,5,120,14,49,54,1.0,10.0,14.89,32.95,10.94,24.71
115,OTEX.O,오픈 텍스트,5,120,14,49,54,1.0,10.0,14.89,12.65,13.32,29.18
115,SEIC.O,SEI 인베스트먼트,5,120,14,49,54,1.0,10.0,14.89,28.06,11.93,25.92
115,HAS.O,해즈브로,5,120,14,49,54,1.0,10.0,14.89,24.16,7.83,30.05
115,NWSA.O,뉴스 코퍼레이션 Class A,5,120,14,49,54,1.0,10.0,14.89,6.82,9.64,29.14
115,REG.O,리젠시 센터스,5,120,14,49,54,1.0,10.0,14.89,10.47,8.76,28.11
115,GLPI.O,게이밍 앤드 레저 프로퍼티스,5,120,14,49,54,1.0,10.0,14.89,13.84,6.77,29.67
115,NTRS.O,노던 트러스트,5,120,14,49,54,1.0,10.0,14.89,12.71,8.6,28.01
115,TROW.O,티 로웨 프라이스 그룹,5,120,14,49,54,1.0,10.0,14.89,0.96,10.77,28.47
115,CCEP.O,코카-콜라 유로퍼시픽 파트너스,5,120,14,49,54,1.0,10.0,14.89,42.22,11.58,24.49
115,CTSH.O,코그니전트 테크놀로지 솔루션,5,120,14,49,54,1.0,10.0,14.89,22.22,12.19,29.0
115,PCH.O,포틀래치델틱,5,120,14,49,54,1.0,10.0,14.89,13.29,6.78,30.39
115,CRWS.O,크라운 크래프츠,5,120,14,49,54,1.0,10.0,14.89,3.16,7.37,31.0
115,CSCO.O,시스코 시스템즈,5,120,14,49,54,1.0,10.0,14.89,38.27,9.05,25.93
115,CVBF.O,CVB 파이낸셜,5,120,14,49,54,1.0,10.0,14.89,7.4,10.14,31.66
115,UVSP.O,유니베스트 파이낸셜,5,120,14,49,54,1.0,10.0,14.89,18.63,8.74,31.52
115,LLYVA.O,리버티 미디어 Series A,5,120,14,49,54,1.0,10.0,14.89,0.0,8.0,31.72
115,CTBI.O,커뮤니티 트러스트 뱅코프,5,120,14,49,54,1.0,10.0,14.89,28.14,9.43,27.12
115,FMBH.O,퍼스트미드 뱅크셰어스,5,120,14,49,54,1.0,10.0,14.89,12.39,11.15,31.54
115,LBRDA.O,리버티 브로드밴드 시리즈 A,5,120,14,49,54,1.0,10.0,14.89,-14.89,8.38,29.91
115,SBSI.O,사우스사이드 뱅크셰어스,5,120,14,49,54,1.0,10.0,14.89,25.55,10.87,28.92
115,OCFC.O,오션퍼스트 파이낸셜,5,120,14,49,54,1.0,10.0,14.89,-1.9,7.92,30.72
115,CSGS.O,CSG 시스템즈인터내셔널,5,120,14,49,54,1.0,10.0,14.89,6.67,10.75,27.71
115,BUSE.O,퍼스트 뷰지,5,120,14,49,54,1.0,10.0,14.89,2.09,10.2,31.44
115,ROIC.O,리테일 오퍼튜니티 인베스트먼트,5,120,14,49,54,1.0,10.0,14.89,-8.18,6.59,29.23
115,STBA.O,S&T 뱅코프,5,120,14,49,54,1.0,10.0,14.89,17.74,11.11,32.19
115,CLBK.O,콜롬비아 파이낸셜,5,120,14,49,54,1.0,10.0,14.89,17.27,7.36,29.22
115,WSBC.O,웨스뱅코,5,120,14,49,54,1.0,10.0,14.89,5.51,9.83,30.85
115,GCMG.O,GCM 그로스브너,5,120,14,49,54,1.0,10.0,14.89,-5.47,5.66,29.75
115,TRMK.O,트러스트마크,5,120,14,49,54,1.0,10.0,14.89,23.24,8.02,29.11
115,NBTB.O,NBT 뱅코프,5,120,14,49,54,1.0,10.0,14.89,31.64,10.47,28.47
115,PRGS.O,프로그레스 소프트웨어,5,120,14,49,54,1.0,10.0,14.89,24.91,12.89,30.64
115,WERN.O,웨너 엔터프라이즈,5,120,14,49,54,1.0,10.0,14.89,13.03,8.57,27.61
115,IART.O,인테그라 라이프사이언시스 홀딩스,5,120,14,49,54,1.0,10.0,14.89,0.1,9.72,30.85
115,TOWN.O,타운뱅크,5,120,14,49,54,1.0,10.0,14.89,19.65,11.41,31.19
115,FFBC.O,퍼스트 파이낸셜 뱅코프,5,120,14,49,54,1.0,10.0,14.89,6.29,10.35,33.13
115,INDB.O,인디펜던트 뱅크 (매사추세츠),5,120,14,49,54,1.0,10.0,14.89,16.3,12.06,30.9
115,SFNC.O,시몬스 퍼스트 내셔널,5,120,14,49,54,1.0,10.0,14.89,3.03,8.87,32.24
115,ICCH.O,ICC 홀딩스,5,120,14,29,59,1.0,10.0,14.5,0.0,11.15,30.77
115,SELF.O,글로벌 셀프 스토리지,5,120,14,29,59,1.0,10.0,14.5,0.0,6.92,28.09
115,PBBK.O,PB 뱅크셰어,5,120,14,29,59,1.0,10.0,14.5,0.0,9.17,25.53
115,FLIC.O,퍼스트 오브 롱 아일랜드,5,120,14,29,59,1.0,10.0,14.5,0.0,6.07,30.71
115,SLMBP.O,SLM 우선주 시리즈 B,5,120,14,29,59,1.0,10.0,14.5,53.31,8.43,26.38
115,IRAAU.O,Iris Acquisition Units,5,120,14,29,59,1.0,10.0,14.5,0.0,10.38,26.14
115,FNLC.O,퍼스트 뱅코프,5,120,14,29,59,1.0,10.0,14.5,0.0,11.47,32.35
115,ACABU.O,Atlantic Coastal Acquisition II Units,5,120,14,29,59,1.0,10.0,14.5,0.0,7.48,26.4
115,NODK.O,NI 홀딩스,5,120,14,29,59,1.0,10.0,14.5,0.0,6.1,30.73
115,BMRC.O,뱅크 오브 마린 뱅코프,5,120,14,29,59,1.0,10.0,14.5,0.0,7.4,30.71
115,HBCP.O,홈 뱅코프,5,120,14,29,59,1.0,10.0,14.5,0.0,13.8,29.42
115,ARTNA.O,아르테시안 리소시스,5,120,14,29,59,1.0,10.0,14.5,0.0,9.07,26.07
115,CARE.O,카터 뱅크셰어스,5,120,14,29,59,1.0,10.0,14.5,0.0,10.94,32.18
115,MOFG.O,미드웨스트원 파이낸셜 그룹,5,120,14,29,59,1.0,10.0,14.5,0.0,10.82,32.59
115,PFIS.O,피플스 파이낸셜 서비스,5,120,14,29,59,1.0,10.0,14.5,0.0,10.48,32.65
115,GAIN.O,글래드스톤 인베스트먼트,5,120,14,29,59,1.0,10.0,14.5,0.0,9.82,26.4
115,ITRN.O,이투란 로케이션 앤 콘트롤,5,120,14,29,59,1.0,10.0,14.5,0.0,9.0,30.29
115,AROW.O,애로우 파이낸셜,5,120,14,29,59,1.0,10.0,14.5,0.0,8.27,28.39
115,THFF.O,퍼스트 파이낸셜,5,120,14,29,59,1.0,10.0,14.5,0.0,8.38,28.09
115,WASH.O,워싱턴 트러스트 뱅코프,5,120,14,29,59,1.0,10.0,14.5,0.0,9.35,31.4
115,CASS.O,캐스 인포메이션 시스템즈,5,120,14,29,59,1.0,10.0,14.5,0.0,9.95,31.16
115,NFBK.O,노스필드 뱅코프,5,120,14,29,59,1.0,10.0,14.5,162.67,6.43,28.36
115,CATC.O,케임브리지 뱅코프,5,120,14,29,59,1.0,10.0,14.5,0.0,10.22,28.37
115,YORW.O,요크 워터,5,120,14,29,59,1.0,10.0,14.5,0.0,12.12,28.41
115,CAC.O,캠던 내셔널,5,120,14,29,59,1.0,10.0,14.5,0.0,10.47,31.2
115,HONE.O,하버원 뱅코프,5,120,14,29,59,1.0,10.0,14.5,0.0,13.05,29.78
115,TRST.O,트러스트코 은행 N Y,5,120,14,29,59,1.0,10.0,14.5,14.24,6.07,29.58
115,VBNK.O,버사뱅크,5,120,14,29,59,1.0,10.0,14.5,45.67,8.13,29.25
115,BCML.O,베이컴,5,120,14,29,59,1.0,10.0,14.5,0.0,12.6,31.54
115,CSCO.O,시스코 시스템즈,5,120,14,29,59,1.0,10.0,14.5,25.58,9.05,25.93
115,UTMD.O,유타 메디컬 프로덕츠,5,120,14,29,59,1.0,10.0,14.5,0.0,12.66,30.8
115,LSBK.O,레이크 쇼어 뱅코프,5,120,14,29,59,1.0,10.0,14.5,0.0,7.09,26.55
115,HHGCU.O,HHG Capital Units,5,120,14,29,59,1.0,10.0,14.5,0.0,7.98,28.1
115,PROV.O,프로비던트 파이낸셜 홀딩스,5,120,14,29,59,1.0,10.0,14.5,-1.27,10.62,27.22
115,ACACU.O,Acri Capital Acquisition Units,5,120,14,29,59,1.0,10.0,14.5,0.0,10.52,25.31
115,SPKLU.O,Spark I Acquisition Units,5,120,14,29,59,1.0,10.0,14.5,0.0,8.19,27.97
115,LARK.O,랜드마크 뱅코프,5,120,14,29,59,1.0,10.0,14.5,0.0,10.46,30.51
115,GLSTU.O,Global Star Acquisition Units,5,120,14,29,59,1.0,10.0,14.5,0.0,11.45,32.3
115,WINVU.O,WinVest Acquisition Units,5,120,14,29,59,1.0,10.0,14.5,0.0,11.55,29.96
115,CBFV.O,CB 파이낸셜 서비스,5,120,14,29,59,1.0,10.0,14.5,0.0,7.07,28.07
115,MRBK.O,메리디안,5,120,14,29,59,1.0,10.0,14.5,0.0,9.41,33.02
115,FRAF.O,프랭클린 파이낸셜 서비스,5,120,14,29,59,1.0,10.0,14.5,3.93,8.08,27.71
115,CZWI.O,시티즌스 커뮤니티 뱅코프,5,120,14,29,59,1.0,10.0,14.5,0.0,13.18,28.84
115,GLLIU.O,Globalink Investment Units,5,120,14,29,59,1.0,10.0,14.5,0.0,10.4,32.91
115,BFIN.O,뱅크파이낸셜,5,120,14,29,59,1.0,10.0,14.5,8.6,7.21,30.49
115,WAVSU.O,Western Acquisition Ventures Units,5,120,14,29,59,1.0,10.0,14.5,0.0,8.16,29.75
115,MSSAU.O,Metal Sky Star Acquisition Units,5,120,14,29,59,1.0,10.0,14.5,0.0,9.24,25.99
115,ESSA.O,ESSA 뱅코프,5,120,14,29,59,1.0,10.0,14.5,0.0,7.75,28.89
115,VABK.O,버지니아 내셔널 뱅크셰어,5,120,14,29,59,1.0,10.0,14.5,0.0,8.63,30.78
115,BWFG.O,뱅크웰 파이낸셜 그룹,5,120,14,29,59,1.0,10.0,14.5,119.57,8.91,29.41
115,BCBP.O,BCB 뱅코프,5,120,14,29,59,1.0,10.0,14.5,247.2,9.24,30.5
115,RGCO.O,RGC 리소스,5,120,14,29,59,1.0,10.0,14.5,0.0,10.16,29.86
115,NWFL.O,노우드 파이낸셜,5,120,14,29,59,1.0,10.0,14.5,0.0,10.26,31.89
115,BPRN.O,뱅크 오브 프린스턴,5,120,14,29,59,1.0,10.0,14.5,0.0,9.38,33.05
115,CRWS.O,크라운 크래프츠,5,120,14,29,59,1.0,10.0,14.5,51.74,7.37,31.0
115,UVSP.O,유니베스트 파이낸셜,5,120,14,29,59,1.0,10.0,14.5,17.94,8.74,31.52
115,LLYVA.O,리버티 미디어 Series A,5,120,14,29,59,1.0,10.0,14.5,0.0,8.0,31.72
115,CTBI.O,커뮤니티 트러스트 뱅코프,5,120,14,29,59,1.0,10.0,14.5,62.11,9.43,27.12
115,LBTYK.O,리버티 글로벌 Class C,5,120,14,29,59,1.0,10.0,14.5,0.0,8.66,29.05
115,PECO.O,필립스 에디슨 & 코,5,120,14,29,59,1.0,10.0,14.5,0.0,10.22,25.08
115,AVT.O,에이브이넷,5,120,14,29,59,1.0,10.0,14.5,0.0,10.14,29.6
115,UMBF.O,UMB 파이낸셜,5,120,14,29,59,1.0,10.0,14.5,0.0,12.73,31.3
115,UBSI.O,유나이티드 뱅크셰어스(Nasdaq GS),5,120,14,29,59,1.0,10.0,14.5,66.58,8.26,31.06
115,NWS.O,뉴스 코퍼레이션 Class B,5,120,14,29,59,1.0,10.0,14.5,0.0,10.08,29.0
115,ONB.O,올드 내셔널 뱅코프,5,120,14,29,59,1.0,10.0,14.5,0.0,9.39,29.06
115,BOKF.O,BOK 파이낸셜,5,120,14,29,59,1.0,10.0,14.5,0.0,10.73,30.63
115,LBRDK.O,리버티 브로드밴드 시리즈 C,5,120,14,29,59,1.0,10.0,14.5,0.0,8.56,29.81
115,GNTX.O,젠텍스,5,120,14,29,59,1.0,10.0,14.5,0.0,13.91,29.6
115,CBSH.O,커머스 뱅크셰어스,5,120,14,29,59,1.0,10.0,14.5,0.0,10.94,24.71
115,OTEX.O,오픈 텍스트,5,120,14,29,59,1.0,10.0,14.5,0.0,13.32,29.18
115,SEIC.O,SEI 인베스트먼트,5,120,14,29,59,1.0,10.0,14.5,0.0,11.93,25.92
115,HAS.O,해즈브로,5,120,14,29,59,1.0,10.0,14.5,0.0,7.83,30.05
115,NWSA.O,뉴스 코퍼레이션 Class A,5,120,14,29,59,1.0,10.0,14.5,0.0,9.64,29.14
115,REG.O,리젠시 센터스,5,120,14,29,59,1.0,10.0,14.5,100.24,8.76,28.11
115,GLPI.O,게이밍 앤드 레저 프로퍼티스,5,120,14,29,59,1.0,10.0,14.5,6.03,6.77,29.67
115,NTRS.O,노던 트러스트,5,120,14,29,59,1.0,10.0,14.5,0.0,8.6,28.01
115,TROW.O,티 로웨 프라이스 그룹,5,120,14,29,59,1.0,10.0,14.5,0.0,10.77,28.47
115,CCEP.O,코카-콜라 유로퍼시픽 파트너스,5,120,14,29,59,1.0,10.0,14.5,0.0,11.58,24.49
115,CTSH.O,코그니전트 테크놀로지 솔루션,5,120,14,29,59,1.0,10.0,14.5,0.0,12.19,29.0
115,PCAR.O,파카,5,120,14,29,59,1.0,10.0,14.5,0.0,11.78,27.71
115,INTC.O,인텔,5,120,14,29,59,1.0,10.0,14.5,0.0,8.11,30.6
115,FULT.O,풀턴 파이낸셜,5,120,14,29,59,1.0,10.0,14.5,179.01,10.14,31.11
115,FIBK.O,퍼스트 인터스테이트 뱅크시스템,5,120,14,29,59,1.0,10.0,14.5,0.0,10.42,31.05
115,PCH.O,포틀래치델틱,5,120,14,29,59,1.0,10.0,14.5,0.0,6.78,30.39
115,GCMG.O,GCM 그로스브너,5,120,14,29,59,1.0,10.0,14.5,0.0,5.66,29.75
115,FMBH.O,퍼스트미드 뱅크셰어스,5,120,14,29,59,1.0,10.0,14.5,0.0,11.15,31.54
115,LBRDA.O,리버티 브로드밴드 시리즈 A,5,120,14,29,59,1.0,10.0,14.5,0.0,8.38,29.91
115,SBSI.O,사우스사이드 뱅크셰어스,5,120,14,29,59,1.0,10.0,14.5,0.0,10.87,28.92
115,OCFC.O,오션퍼스트 파이낸셜,5,120,14,29,59,1.0,10.0,14.5,0.0,7.92,30.72
115,CSGS.O,CSG 시스템즈인터내셔널,5,120,14,29,59,1.0,10.0,14.5,0.0,10.75,27.71
115,BUSE.O,퍼스트 뷰지,5,120,14,29,59,1.0,10.0,14.5,0.0,10.2,31.44
115,ROIC.O,리테일 오퍼튜니티 인베스트먼트,5,120,14,29,59,1.0,10.0,14.5,0.0,6.59,29.23
115,STBA.O,S&T 뱅코프,5,120,14,29,59,1.0,10.0,14.5,0.0,11.11,32.19
115,CLBK.O,콜롬비아 파이낸셜,5,120,14,29,59,1.0,10.0,14.5,100.15,7.36,29.22
115,WSBC.O,웨스뱅코,5,120,14,29,59,1.0,10.0,14.5,98.04,9.83,30.85
115,TRMK.O,트러스트마크,5,120,14,29,59,1.0,10.0,14.5,0.0,8.02,29.11
115,LBTYA.O,리버티 글로벌 Class A,5,120,14,29,59,1.0,10.0,14.5,0.0,8.36,29.79
115,NBTB.O,NBT 뱅코프,5,120,14,29,59,1.0,10.0,14.5,6.27,10.47,28.47
115,PRGS.O,프로그레스 소프트웨어,5,120,14,29,59,1.0,10.0,14.5,0.0,12.89,30.64
115,WERN.O,웨너 엔터프라이즈,5,120,14,29,59,1.0,10.0,14.5,0.0,8.57,27.61
115,IART.O,인테그라 라이프사이언시스 홀딩스,5,120,14,29,59,1.0,10.0,14.5,0.0,9.72,30.85
115,TOWN.O,타운뱅크,5,120,14,29,59,1.0,10.0,14.5,19.17,11.41,31.19
115,FFBC.O,퍼스트 파이낸셜 뱅코프,5,120,14,29,59,1.0,10.0,14.5,0.0,10.35,33.13
115,INDB.O,인디펜던트 뱅크 (매사추세츠),5,120,14,29,59,1.0,10.0,14.5,0.0,12.06,30.9
115,SFNC.O,시몬스 퍼스트 내셔널,5,120,14,29,59,1.0,10.0,14.5,6.34,8.87,32.24
115,CVBF.O,CVB 파이낸셜,5,120,14,29,59,1.0,10.0,14.5,0.0,10.14,31.66
115,WAFD.O,WaFd,5,120,14,29,59,1.0,10.0,14.5,0.0,10.16,28.58
115,HFWA.O,헤리티지 파이낸셜,5,120,14,29,59,1.0,10.0,14.5,12.1,8.62,31.66
115,GSBC.O,그레이트 서던 뱅코프,5,120,14,29,59,1.0,10.0,14.5,175.37,13.76,30.39
115,GSBC.O,그레이트 서던 뱅코프,5,60,14,39,64,1.0,10.0,13.34,34.3,13.76,30.39
115,MOFG.O,미드웨스트원 파이낸셜 그룹,5,60,14,39,64,1.0,10.0,13.34,11.16,10.82,32.59
115,FLIC.O,퍼스트 오브 롱 아일랜드,5,60,14,39,64,1.0,10.0,13.34,-4.53,6.07,30.71
115,VBNK.O,버사뱅크,5,60,14,39,64,1.0,10.0,13.34,45.25,8.13,29.25
115,SLMBP.O,SLM 우선주 시리즈 B,5,60,14,39,64,1.0,10.0,13.34,10.14,8.43,26.38
115,IRAAU.O,Iris Acquisition Units,5,60,14,39,64,1.0,10.0,13.34,0.0,10.38,26.14
115,FNLC.O,퍼스트 뱅코프,5,60,14,39,64,1.0,10.0,13.34,29.16,11.47,32.35
115,ACABU.O,Atlantic Coastal Acquisition II Units,5,60,14,39,64,1.0,10.0,13.34,0.0,7.48,26.4
115,NODK.O,NI 홀딩스,5,60,14,39,64,1.0,10.0,13.34,22.17,6.1,30.73
115,BMRC.O,뱅크 오브 마린 뱅코프,5,60,14,39,64,1.0,10.0,13.34,-9.79,7.4,30.71
115,HBCP.O,홈 뱅코프,5,60,14,39,64,1.0,10.0,13.34,5.67,13.8,29.42
115,ARTNA.O,아르테시안 리소시스,5,60,14,39,64,1.0,10.0,13.34,6.86,9.07,26.07
115,CARE.O,카터 뱅크셰어스,5,60,14,39,64,1.0,10.0,13.34,15.05,10.94,32.18
115,PFIS.O,피플스 파이낸셜 서비스,5,60,14,39,64,1.0,10.0,13.34,29.84,10.48,32.65
115,PBBK.O,PB 뱅크셰어,5,60,14,39,64,1.0,10.0,13.34,0.0,9.17,25.53
115,GAIN.O,글래드스톤 인베스트먼트,5,60,14,39,64,1.0,10.0,13.34,0.0,9.82,26.4
115,ITRN.O,이투란 로케이션 앤 콘트롤,5,60,14,39,64,1.0,10.0,13.34,15.21,9.0,30.29
115,AROW.O,애로우 파이낸셜,5,60,14,39,64,1.0,10.0,13.34,2.84,8.27,28.39
115,THFF.O,퍼스트 파이낸셜,5,60,14,39,64,1.0,10.0,13.34,6.93,8.38,28.09
115,WASH.O,워싱턴 트러스트 뱅코프,5,60,14,39,64,1.0,10.0,13.34,-2.32,9.35,31.4
115,CASS.O,캐스 인포메이션 시스템즈,5,60,14,39,64,1.0,10.0,13.34,5.35,9.95,31.16
115,NFBK.O,노스필드 뱅코프,5,60,14,39,64,1.0,10.0,13.34,8.11,6.43,28.36
115,CATC.O,케임브리지 뱅코프,5,60,14,39,64,1.0,10.0,13.34,40.91,10.22,28.37
115,YORW.O,요크 워터,5,60,14,39,64,1.0,10.0,13.34,15.54,12.12,28.41
115,CAC.O,캠던 내셔널,5,60,14,39,64,1.0,10.0,13.34,7.66,10.47,31.2
115,HONE.O,하버원 뱅코프,5,60,14,39,64,1.0,10.0,13.34,25.48,13.05,29.78
115,BCML.O,베이컴,5,60,14,39,64,1.0,10.0,13.34,44.2,12.6,31.54
115,UTMD.O,유타 메디컬 프로덕츠,5,60,14,39,64,1.0,10.0,13.34,-1.78,12.66,30.8
115,BPRN.O,뱅크 오브 프린스턴,5,60,14,39,64,1.0,10.0,13.34,3.67,9.38,33.05
115,NWFL.O,노우드 파이낸셜,5,60,14,39,64,1.0,10.0,13.34,16.47,10.26,31.89
115,SELF.O,글로벌 셀프 스토리지,5,60,14,39,64,1.0,10.0,13.34,10.73,6.92,28.09
115,ICCH.O,ICC 홀딩스,5,60,14,39,64,1.0,10.0,13.34,-0.66,11.15,30.77
115,LSBK.O,레이크 쇼어 뱅코프,5,60,14,39,64,1.0,10.0,13.34,-1.74,7.09,26.55
115,HHGCU.O,HHG Capital Units,5,60,14,39,64,1.0,10.0,13.34,0.0,7.98,28.1
115,PROV.O,프로비던트 파이낸셜 홀딩스,5,60,14,39,64,1.0,10.0,13.34,-3.31,10.62,27.22
115,ACACU.O,Acri Capital Acquisition Units,5,60,14,39,64,1.0,10.0,13.34,30.07,10.52,25.31
115,SPKLU.O,Spark I Acquisition Units,5,60,14,39,64,1.0,10.0,13.34,0.0,8.19,27.97
115,LARK.O,랜드마크 뱅코프,5,60,14,39,64,1.0,10.0,13.34,-1.3,10.46,30.51
115,GLSTU.O,Global Star Acquisition Units,5,60,14,39,64,1.0,10.0,13.34,0.0,11.45,32.3
115,WINVU.O,WinVest Acquisition Units,5,60,14,39,64,1.0,10.0,13.34,0.0,11.55,29.96
115,CBFV.O,CB 파이낸셜 서비스,5,60,14,39,64,1.0,10.0,13.34,-0.78,7.07,28.07
115,MRBK.O,메리디안,5,60,14,39,64,1.0,10.0,13.34,33.14,9.41,33.02
115,FRAF.O,프랭클린 파이낸셜 서비스,5,60,14,39,64,1.0,10.0,13.34,5.11,8.08,27.71
115,CZWI.O,시티즌스 커뮤니티 뱅코프,5,60,14,39,64,1.0,10.0,13.34,21.92,13.18,28.84
115,GLLIU.O,Globalink Investment Units,5,60,14,39,64,1.0,10.0,13.34,0.0,10.4,32.91
115,BFIN.O,뱅크파이낸셜,5,60,14,39,64,1.0,10.0,13.34,1.91,7.21,30.49
115,WAVSU.O,Western Acquisition Ventures Units,5,60,14,39,64,1.0,10.0,13.34,0.0,8.16,29.75
115,MSSAU.O,Metal Sky Star Acquisition Units,5,60,14,39,64,1.0,10.0,13.34,0.0,9.24,25.99
115,ESSA.O,ESSA 뱅코프,5,60,14,39,64,1.0,10.0,13.34,9.84,7.75,28.89
115,VABK.O,버지니아 내셔널 뱅크셰어,5,60,14,39,64,1.0,10.0,13.34,28.13,8.63,30.78
115,BWFG.O,뱅크웰 파이낸셜 그룹,5,60,14,39,64,1.0,10.0,13.34,9.01,8.91,29.41
115,BCBP.O,BCB 뱅코프,5,60,14,39,64,1.0,10.0,13.34,20.71,9.24,30.5
115,RGCO.O,RGC 리소스,5,60,14,39,64,1.0,10.0,13.34,-1.17,10.16,29.86
115,TRST.O,트러스트코 은행 N Y,5,60,14,39,64,1.0,10.0,13.34,4.29,6.07,29.58
115,HFWA.O,헤리티지 파이낸셜,5,60,14,39,64,1.0,10.0,13.34,24.03,8.62,31.66
115,UVSP.O,유니베스트 파이낸셜,5,60,14,39,64,1.0,10.0,13.34,19.18,8.74,31.52
115,FIBK.O,퍼스트 인터스테이트 뱅크시스템,5,60,14,39,64,1.0,10.0,13.34,6.65,10.42,31.05
115,LBTYK.O,리버티 글로벌 Class C,5,60,14,39,64,1.0,10.0,13.34,-5.28,8.66,29.05
115,PECO.O,필립스 에디슨 & 코,5,60,14,39,64,1.0,10.0,13.34,0.0,10.22,25.08
115,AVT.O,에이브이넷,5,60,14,39,64,1.0,10.0,13.34,16.35,10.14,29.6
115,UMBF.O,UMB 파이낸셜,5,60,14,39,64,1.0,10.0,13.34,63.73,12.73,31.3
115,UBSI.O,유나이티드 뱅크셰어스(Nasdaq GS),5,60,14,39,64,1.0,10.0,13.34,9.5,8.26,31.06
115,NWS.O,뉴스 코퍼레이션 Class B,5,60,14,39,64,1.0,10.0,13.34,10.93,10.08,29.0
115,ONB.O,올드 내셔널 뱅코프,5,60,14,39,64,1.0,10.0,13.34,16.79,9.39,29.06
115,BOKF.O,BOK 파이낸셜,5,60,14,39,64,1.0,10.0,13.34,36.21,10.73,30.63
115,LBRDK.O,리버티 브로드밴드 시리즈 C,5,60,14,39,64,1.0,10.0,13.34,-15.0,8.56,29.81
115,GNTX.O,젠텍스,5,60,14,39,64,1.0,10.0,13.34,65.21,13.91,29.6
115,CBSH.O,커머스 뱅크셰어스,5,60,14,39,64,1.0,10.0,13.34,17.05,10.94,24.71
115,OTEX.O,오픈 텍스트,5,60,14,39,64,1.0,10.0,13.34,4.05,13.32,29.18
115,SEIC.O,SEI 인베스트먼트,5,60,14,39,64,1.0,10.0,13.34,12.04,11.93,25.92
115,HAS.O,해즈브로,5,60,14,39,64,1.0,10.0,13.34,8.53,7.83,30.05
115,NWSA.O,뉴스 코퍼레이션 Class A,5,60,14,39,64,1.0,10.0,13.34,18.8,9.64,29.14
115,REG.O,리젠시 센터스,5,60,14,39,64,1.0,10.0,13.34,30.49,8.76,28.11
115,GLPI.O,게이밍 앤드 레저 프로퍼티스,5,60,14,39,64,1.0,10.0,13.34,17.25,6.77,29.67
115,NTRS.O,노던 트러스트,5,60,14,39,64,1.0,10.0,13.34,23.06,8.6,28.01
115,TROW.O,티 로웨 프라이스 그룹,5,60,14,39,64,1.0,10.0,13.34,12.9,10.77,28.47
115,CCEP.O,코카-콜라 유로퍼시픽 파트너스,5,60,14,39,64,1.0,10.0,13.34,0.0,11.58,24.49
115,CTSH.O,코그니전트 테크놀로지 솔루션,5,60,14,39,64,1.0,10.0,13.34,14.05,12.19,29.0
115,PCAR.O,파카,5,60,14,39,64,1.0,10.0,13.34,22.96,11.78,27.71
115,INTC.O,인텔,5,60,14,39,64,1.0,10.0,13.34,1.76,8.11,30.6
115,FULT.O,풀턴 파이낸셜,5,60,14,39,64,1.0,10.0,13.34,15.72,10.14,31.11
115,PCH.O,포틀래치델틱,5,60,14,39,64,1.0,10.0,13.34,19.31,6.78,30.39
115,LLYVA.O,리버티 미디어 Series A,5,60,14,39,64,1.0,10.0,13.34,0.0,8.0,31.72
115,LBTYA.O,리버티 글로벌 Class A,5,60,14,39,64,1.0,10.0,13.34,-6.21,8.36,29.79
115,CTBI.O,커뮤니티 트러스트 뱅코프,5,60,14,39,64,1.0,10.0,13.34,14.36,9.43,27.12
115,FMBH.O,퍼스트미드 뱅크셰어스,5,60,14,39,64,1.0,10.0,13.34,50.32,11.15,31.54
115,LBRDA.O,리버티 브로드밴드 시리즈 A,5,60,14,39,64,1.0,10.0,13.34,-25.74,8.38,29.91
115,SBSI.O,사우스사이드 뱅크셰어스,5,60,14,39,64,1.0,10.0,13.34,32.12,10.87,28.92
115,OCFC.O,오션퍼스트 파이낸셜,5,60,14,39,64,1.0,10.0,13.34,-4.71,7.92,30.72
115,CSGS.O,CSG 시스템즈인터내셔널,5,60,14,39,64,1.0,10.0,13.34,76.95,10.75,27.71
115,BUSE.O,퍼스트 뷰지,5,60,14,39,64,1.0,10.0,13.34,10.12,10.2,31.44
115,ROIC.O,리테일 오퍼튜니티 인베스트먼트,5,60,14,39,64,1.0,10.0,13.34,0.89,6.59,29.23
115,STBA.O,S&T 뱅코프,5,60,14,39,64,1.0,10.0,13.34,17.86,11.11,32.19
115,CLBK.O,콜롬비아 파이낸셜,5,60,14,39,64,1.0,10.0,13.34,32.5,7.36,29.22
115,WSBC.O,웨스뱅코,5,60,14,39,64,1.0,10.0,13.34,7.39,9.83,30.85
115,GCMG.O,GCM 그로스브너,5,60,14,39,64,1.0,10.0,13.34,18.85,5.66,29.75
115,TRMK.O,트러스트마크,5,60,14,39,64,1.0,10.0,13.34,7.68,8.02,29.11
115,NBTB.O,NBT 뱅코프,5,60,14,39,64,1.0,10.0,13.34,15.33,10.47,28.47
115,PRGS.O,프로그레스 소프트웨어,5,60,14,39,64,1.0,10.0,13.34,9.91,12.89,30.64
115,WERN.O,웨너 엔터프라이즈,5,60,14,39,64,1.0,10.0,13.34,9.02,8.57,27.61
115,IART.O,인테그라 라이프사이언시스 홀딩스,5,60,14,39,64,1.0,10.0,13.34,3.23,9.72,30.85
115,TOWN.O,타운뱅크,5,60,14,39,64,1.0,10.0,13.34,16.35,11.41,31.19
115,FFBC.O,퍼스트 파이낸셜 뱅코프,5,60,14,39,64,1.0,10.0,13.34,10.53,10.35,33.13
115,INDB.O,인디펜던트 뱅크 (매사추세츠),5,60,14,39,64,1.0,10.0,13.34,20.54,12.06,30.9
115,SFNC.O,시몬스 퍼스트 내셔널,5,60,14,39,64,1.0,10.0,13.34,31.82,8.87,32.24
115,CVBF.O,CVB 파이낸셜,5,60,14,39,64,1.0,10.0,13.34,37.62,10.14,31.66
115,WAFD.O,WaFd,5,60,14,39,64,1.0,10.0,13.34,10.19,10.16,28.58
115,CRWS.O,크라운 크래프츠,5,60,14,39,64,1.0,10.0,13.34,9.1,7.37,31.0
115,CSCO.O,시스코 시스템즈,5,60,14,39,64,1.0,10.0,13.34,32.78,9.05,25.93
115,CRWS.O,크라운 크래프츠,5,60,14,29,64,1.0,10.0,13.25,55.69,7.37,31.0
115,PFIS.O,피플스 파이낸셜 서비스,5,60,14,29,64,1.0,10.0,13.25,0.0,10.48,32.65
115,VBNK.O,버사뱅크,5,60,14,29,64,1.0,10.0,13.25,45.25,8.13,29.25
115,SLMBP.O,SLM 우선주 시리즈 B,5,60,14,29,64,1.0,10.0,13.25,65.01,8.43,26.38
115,IRAAU.O,Iris Acquisition Units,5,60,14,29,64,1.0,10.0,13.25,0.0,10.38,26.14
115,FNLC.O,퍼스트 뱅코프,5,60,14,29,64,1.0,10.0,13.25,0.0,11.47,32.35
115,ACABU.O,Atlantic Coastal Acquisition II Units,5,60,14,29,64,1.0,10.0,13.25,0.0,7.48,26.4
115,NODK.O,NI 홀딩스,5,60,14,29,64,1.0,10.0,13.25,0.0,6.1,30.73
115,BMRC.O,뱅크 오브 마린 뱅코프,5,60,14,29,64,1.0,10.0,13.25,13.41,7.4,30.71
115,HBCP.O,홈 뱅코프,5,60,14,29,64,1.0,10.0,13.25,0.0,13.8,29.42
115,ARTNA.O,아르테시안 리소시스,5,60,14,29,64,1.0,10.0,13.25,0.0,9.07,26.07
115,CARE.O,카터 뱅크셰어스,5,60,14,29,64,1.0,10.0,13.25,13.87,10.94,32.18
115,MOFG.O,미드웨스트원 파이낸셜 그룹,5,60,14,29,64,1.0,10.0,13.25,0.0,10.82,32.59
115,GAIN.O,글래드스톤 인베스트먼트,5,60,14,29,64,1.0,10.0,13.25,0.0,9.82,26.4
115,UTMD.O,유타 메디컬 프로덕츠,5,60,14,29,64,1.0,10.0,13.25,0.0,12.66,30.8
115,ITRN.O,이투란 로케이션 앤 콘트롤,5,60,14,29,64,1.0,10.0,13.25,0.0,9.0,30.29
115,AROW.O,애로우 파이낸셜,5,60,14,29,64,1.0,10.0,13.25,0.0,8.27,28.39
115,THFF.O,퍼스트 파이낸셜,5,60,14,29,64,1.0,10.0,13.25,0.0,8.38,28.09
115,WASH.O,워싱턴 트러스트 뱅코프,5,60,14,29,64,1.0,10.0,13.25,0.0,9.35,31.4
115,CASS.O,캐스 인포메이션 시스템즈,5,60,14,29,64,1.0,10.0,13.25,0.0,9.95,31.16
115,NFBK.O,노스필드 뱅코프,5,60,14,29,64,1.0,10.0,13.25,113.57,6.43,28.36
115,CATC.O,케임브리지 뱅코프,5,60,14,29,64,1.0,10.0,13.25,23.03,10.22,28.37
115,YORW.O,요크 워터,5,60,14,29,64,1.0,10.0,13.25,0.0,12.12,28.41
115,CAC.O,캠던 내셔널,5,60,14,29,64,1.0,10.0,13.25,18.34,10.47,31.2
115,HONE.O,하버원 뱅코프,5,60,14,29,64,1.0,10.0,13.25,0.0,13.05,29.78
115,TRST.O,트러스트코 은행 N Y,5,60,14,29,64,1.0,10.0,13.25,19.8,6.07,29.58
115,BCML.O,베이컴,5,60,14,29,64,1.0,10.0,13.25,44.2,12.6,31.54
115,BPRN.O,뱅크 오브 프린스턴,5,60,14,29,64,1.0,10.0,13.25,26.02,9.38,33.05
115,PBBK.O,PB 뱅크셰어,5,60,14,29,64,1.0,10.0,13.25,0.0,9.17,25.53
115,CBFV.O,CB 파이낸셜 서비스,5,60,14,29,64,1.0,10.0,13.25,0.0,7.07,28.07
115,CSCO.O,시스코 시스템즈,5,60,14,29,64,1.0,10.0,13.25,24.7,9.05,25.93
115,ICCH.O,ICC 홀딩스,5,60,14,29,64,1.0,10.0,13.25,43.69,11.15,30.77
115,SELF.O,글로벌 셀프 스토리지,5,60,14,29,64,1.0,10.0,13.25,0.0,6.92,28.09
115,LSBK.O,레이크 쇼어 뱅코프,5,60,14,29,64,1.0,10.0,13.25,0.0,7.09,26.55
115,HHGCU.O,HHG Capital Units,5,60,14,29,64,1.0,10.0,13.25,0.0,7.98,28.1
115,PROV.O,프로비던트 파이낸셜 홀딩스,5,60,14,29,64,1.0,10.0,13.25,0.41,10.62,27.22
115,ACACU.O,Acri Capital Acquisition Units,5,60,14,29,64,1.0,10.0,13.25,0.0,10.52,25.31
115,SPKLU.O,Spark I Acquisition Units,5,60,14,29,64,1.0,10.0,13.25,0.0,8.19,27.97
115,LARK.O,랜드마크 뱅코프,5,60,14,29,64,1.0,10.0,13.25,14.62,10.46,30.51
115,GLSTU.O,Global Star Acquisition Units,5,60,14,29,64,1.0,10.0,13.25,0.0,11.45,32.3
115,WINVU.O,WinVest Acquisition Units,5,60,14,29,64,1.0,10.0,13.25,0.0,11.55,29.96
115,MRBK.O,메리디안,5,60,14,29,64,1.0,10.0,13.25,0.0,9.41,33.02
115,NWFL.O,노우드 파이낸셜,5,60,14,29,64,1.0,10.0,13.25,31.54,10.26,31.89
115,FRAF.O,프랭클린 파이낸셜 서비스,5,60,14,29,64,1.0,10.0,13.25,11.22,8.08,27.71
115,CZWI.O,시티즌스 커뮤니티 뱅코프,5,60,14,29,64,1.0,10.0,13.25,0.0,13.18,28.84
115,GLLIU.O,Globalink Investment Units,5,60,14,29,64,1.0,10.0,13.25,0.0,10.4,32.91
115,BFIN.O,뱅크파이낸셜,5,60,14,29,64,1.0,10.0,13.25,6.47,7.21,30.49
115,WAVSU.O,Western Acquisition Ventures Units,5,60,14,29,64,1.0,10.0,13.25,0.0,8.16,29.75
115,MSSAU.O,Metal Sky Star Acquisition Units,5,60,14,29,64,1.0,10.0,13.25,0.0,9.24,25.99
115,ESSA.O,ESSA 뱅코프,5,60,14,29,64,1.0,10.0,13.25,0.0,7.75,28.89
115,VABK.O,버지니아 내셔널 뱅크셰어,5,60,14,29,64,1.0,10.0,13.25,0.0,8.63,30.78
115,BWFG.O,뱅크웰 파이낸셜 그룹,5,60,14,29,64,1.0,10.0,13.25,65.18,8.91,29.41
115,BCBP.O,BCB 뱅코프,5,60,14,29,64,1.0,10.0,13.25,134.77,9.24,30.5
115,RGCO.O,RGC 리소스,5,60,14,29,64,1.0,10.0,13.25,0.0,10.16,29.86
115,GSBC.O,그레이트 서던 뱅코프,5,60,14,29,64,1.0,10.0,13.25,78.92,13.76,30.39
115,FLIC.O,퍼스트 오브 롱 아일랜드,5,60,14,29,64,1.0,10.0,13.25,9.07,6.07,30.71
115,HFWA.O,헤리티지 파이낸셜,5,60,14,29,64,1.0,10.0,13.25,16.11,8.62,31.66
115,CBSH.O,커머스 뱅크셰어스,5,60,14,29,64,1.0,10.0,13.25,0.0,10.94,24.71
115,FULT.O,풀턴 파이낸셜,5,60,14,29,64,1.0,10.0,13.25,19.31,10.14,31.11
115,LBTYK.O,리버티 글로벌 Class C,5,60,14,29,64,1.0,10.0,13.25,0.0,8.66,29.05
115,PECO.O,필립스 에디슨 & 코,5,60,14,29,64,1.0,10.0,13.25,0.0,10.22,25.08
115,AVT.O,에이브이넷,5,60,14,29,64,1.0,10.0,13.25,0.0,10.14,29.6
115,UMBF.O,UMB 파이낸셜,5,60,14,29,64,1.0,10.0,13.25,0.0,12.73,31.3
115,UBSI.O,유나이티드 뱅크셰어스(Nasdaq GS),5,60,14,29,64,1.0,10.0,13.25,17.54,8.26,31.06
115,NWS.O,뉴스 코퍼레이션 Class B,5,60,14,29,64,1.0,10.0,13.25,0.0,10.08,29.0
115,ONB.O,올드 내셔널 뱅코프,5,60,14,29,64,1.0,10.0,13.25,0.0,9.39,29.06
115,BOKF.O,BOK 파이낸셜,5,60,14,29,64,1.0,10.0,13.25,0.0,10.73,30.63
115,LBRDK.O,리버티 브로드밴드 시리즈 C,5,60,14,29,64,1.0,10.0,13.25,0.0,8.56,29.81
115,GNTX.O,젠텍스,5,60,14,29,64,1.0,10.0,13.25,0.0,13.91,29.6
115,OTEX.O,오픈 텍스트,5,60,14,29,64,1.0,10.0,13.25,0.0,13.32,29.18
115,PCH.O,포틀래치델틱,5,60,14,29,64,1.0,10.0,13.25,0.0,6.78,30.39
115,SEIC.O,SEI 인베스트먼트,5,60,14,29,64,1.0,10.0,13.25,0.0,11.93,25.92
115,HAS.O,해즈브로,5,60,14,29,64,1.0,10.0,13.25,12.21,7.83,30.05
115,NWSA.O,뉴스 코퍼레이션 Class A,5,60,14,29,64,1.0,10.0,13.25,0.0,9.64,29.14
115,REG.O,리젠시 센터스,5,60,14,29,64,1.0,10.0,13.25,61.03,8.76,28.11
115,GLPI.O,게이밍 앤드 레저 프로퍼티스,5,60,14,29,64,1.0,10.0,13.25,8.42,6.77,29.67
115,NTRS.O,노던 트러스트,5,60,14,29,64,1.0,10.0,13.25,28.12,8.6,28.01
115,TROW.O,티 로웨 프라이스 그룹,5,60,14,29,64,1.0,10.0,13.25,0.0,10.77,28.47
115,CCEP.O,코카-콜라 유로퍼시픽 파트너스,5,60,14,29,64,1.0,10.0,13.25,0.0,11.58,24.49
115,CTSH.O,코그니전트 테크놀로지 솔루션,5,60,14,29,64,1.0,10.0,13.25,0.0,12.19,29.0
115,PCAR.O,파카,5,60,14,29,64,1.0,10.0,13.25,0.0,11.78,27.71
115,UVSP.O,유니베스트 파이낸셜,5,60,14,29,64,1.0,10.0,13.25,17.6,8.74,31.52
115,FIBK.O,퍼스트 인터스테이트 뱅크시스템,5,60,14,29,64,1.0,10.0,13.25,0.0,10.42,31.05
115,INTC.O,인텔,5,60,14,29,64,1.0,10.0,13.25,0.0,8.11,30.6
115,LBTYA.O,리버티 글로벌 Class A,5,60,14,29,64,1.0,10.0,13.25,0.0,8.36,29.79
115,WSBC.O,웨스뱅코,5,60,14,29,64,1.0,10.0,13.25,10.47,9.83,30.85
115,WAFD.O,WaFd,5,60,14,29,64,1.0,10.0,13.25,0.0,10.16,28.58
115,CTBI.O,커뮤니티 트러스트 뱅코프,5,60,14,29,64,1.0,10.0,13.25,65.44,9.43,27.12
115,FMBH.O,퍼스트미드 뱅크셰어스,5,60,14,29,64,1.0,10.0,13.25,0.0,11.15,31.54
115,LBRDA.O,리버티 브로드밴드 시리즈 A,5,60,14,29,64,1.0,10.0,13.25,0.0,8.38,29.91
115,SBSI.O,사우스사이드 뱅크셰어스,5,60,14,29,64,1.0,10.0,13.25,0.0,10.87,28.92
115,OCFC.O,오션퍼스트 파이낸셜,5,60,14,29,64,1.0,10.0,13.25,0.0,7.92,30.72
115,CSGS.O,CSG 시스템즈인터내셔널,5,60,14,29,64,1.0,10.0,13.25,60.17,10.75,27.71
115,BUSE.O,퍼스트 뷰지,5,60,14,29,64,1.0,10.0,13.25,0.0,10.2,31.44
115,ROIC.O,리테일 오퍼튜니티 인베스트먼트,5,60,14,29,64,1.0,10.0,13.25,48.21,6.59,29.23
115,STBA.O,S&T 뱅코프,5,60,14,29,64,1.0,10.0,13.25,22.9,11.11,32.19
115,CLBK.O,콜롬비아 파이낸셜,5,60,14,29,64,1.0,10.0,13.25,109.5,7.36,29.22
115,LLYVA.O,리버티 미디어 Series A,5,60,14,29,64,1.0,10.0,13.25,0.0,8.0,31.72
115,GCMG.O,GCM 그로스브너,5,60,14,29,64,1.0,10.0,13.25,0.0,5.66,29.75
115,NBTB.O,NBT 뱅코프,5,60,14,29,64,1.0,10.0,13.25,10.74,10.47,28.47
115,PRGS.O,프로그레스 소프트웨어,5,60,14,29,64,1.0,10.0,13.25,0.0,12.89,30.64
115,WERN.O,웨너 엔터프라이즈,5,60,14,29,64,1.0,10.0,13.25,0.0,8.57,27.61
115,IART.O,인테그라 라이프사이언시스 홀딩스,5,60,14,29,64,1.0,10.0,13.25,0.0,9.72,30.85
115,TOWN.O,타운뱅크,5,60,14,29,64,1.0,10.0,13.25,27.54,11.41,31.19
115,FFBC.O,퍼스트 파이낸셜 뱅코프,5,60,14,29,64,1.0,10.0,13.25,0.0,10.35,33.13
115,INDB.O,인디펜던트 뱅크 (매사추세츠),5,60,14,29,64,1.0,10.0,13.25,0.0,12.06,30.9
115,SFNC.O,시몬스 퍼스트 내셔널,5,60,14,29,64,1.0,10.0,13.25,15.94,8.87,32.24
115,CVBF.O,CVB 파이낸셜,5,60,14,29,64,1.0,10.0,13.25,34.46,10.14,31.66
115,TRMK.O,트러스트마크,5,60,14,29,64,1.0,10.0,13.25,0.0,8.02,29.11
115,IRAAU.O,Iris Acquisition Units,5,60,14,34,69,1.0,10.0,13.19,0.0,10.38,26.14
115,BMRC.O,뱅크 오브 마린 뱅코프,5,60,14,34,69,1.0,10.0,13.19,13.41,7.4,30.71
115,NODK.O,NI 홀딩스,5,60,14,34,69,1.0,10.0,13.19,5.67,6.1,30.73
115,ACABU.O,Atlantic Coastal Acquisition II Units,5,60,14,34,69,1.0,10.0,13.19,0.0,7.48,26.4
115,FNLC.O,퍼스트 뱅코프,5,60,14,34,69,1.0,10.0,13.19,0.0,11.47,32.35
115,UTMD.O,유타 메디컬 프로덕츠,5,60,14,34,69,1.0,10.0,13.19,-1.78,12.66,30.8
115,SLMBP.O,SLM 우선주 시리즈 B,5,60,14,34,69,1.0,10.0,13.19,17.32,8.43,26.38
115,VBNK.O,버사뱅크,5,60,14,34,69,1.0,10.0,13.19,31.41,8.13,29.25
115,FLIC.O,퍼스트 오브 롱 아일랜드,5,60,14,34,69,1.0,10.0,13.19,0.85,6.07,30.71
115,BCML.O,베이컴,5,60,14,34,69,1.0,10.0,13.19,18.28,12.6,31.54
115,HBCP.O,홈 뱅코프,5,60,14,34,69,1.0,10.0,13.19,13.28,13.8,29.42
115,YORW.O,요크 워터,5,60,14,34,69,1.0,10.0,13.19,0.0,12.12,28.41
115,ITRN.O,이투란 로케이션 앤 콘트롤,5,60,14,34,69,1.0,10.0,13.19,14.3,9.0,30.29
115,ARTNA.O,아르테시안 리소시스,5,60,14,34,69,1.0,10.0,13.19,0.0,9.07,26.07
115,CARE.O,카터 뱅크셰어스,5,60,14,34,69,1.0,10.0,13.19,13.87,10.94,32.18
115,MOFG.O,미드웨스트원 파이낸셜 그룹,5,60,14,34,69,1.0,10.0,13.19,11.16,10.82,32.59
115,PFIS.O,피플스 파이낸셜 서비스,5,60,14,34,69,1.0,10.0,13.19,29.84,10.48,32.65
115,GAIN.O,글래드스톤 인베스트먼트,5,60,14,34,69,1.0,10.0,13.19,0.0,9.82,26.4
115,AROW.O,애로우 파이낸셜,5,60,14,34,69,1.0,10.0,13.19,48.93,8.27,28.39
115,THFF.O,퍼스트 파이낸셜,5,60,14,34,69,1.0,10.0,13.19,23.99,8.38,28.09
115,WASH.O,워싱턴 트러스트 뱅코프,5,60,14,34,69,1.0,10.0,13.19,-2.32,9.35,31.4
115,CASS.O,캐스 인포메이션 시스템즈,5,60,14,34,69,1.0,10.0,13.19,33.43,9.95,31.16
115,NFBK.O,노스필드 뱅코프,5,60,14,34,69,1.0,10.0,13.19,2.55,6.43,28.36
115,CATC.O,케임브리지 뱅코프,5,60,14,34,69,1.0,10.0,13.19,7.41,10.22,28.37
115,NWFL.O,노우드 파이낸셜,5,60,14,34,69,1.0,10.0,13.19,25.44,10.26,31.89
115,BPRN.O,뱅크 오브 프린스턴,5,60,14,34,69,1.0,10.0,13.19,13.93,9.38,33.05
115,MRBK.O,메리디안,5,60,14,34,69,1.0,10.0,13.19,0.0,9.41,33.02
115,RGCO.O,RGC 리소스,5,60,14,34,69,1.0,10.0,13.19,3.86,10.16,29.86
115,BCBP.O,BCB 뱅코프,5,60,14,34,69,1.0,10.0,13.19,29.6,9.24,30.5
115,HONE.O,하버원 뱅코프,5,60,14,34,69,1.0,10.0,13.19,43.4,13.05,29.78
115,PBBK.O,PB 뱅크셰어,5,60,14,34,69,1.0,10.0,13.19,0.0,9.17,25.53
115,CRWS.O,크라운 크래프츠,5,60,14,34,69,1.0,10.0,13.19,3.73,7.37,31.0
115,SELF.O,글로벌 셀프 스토리지,5,60,14,34,69,1.0,10.0,13.19,19.29,6.92,28.09
115,ICCH.O,ICC 홀딩스,5,60,14,34,69,1.0,10.0,13.19,6.99,11.15,30.77
115,LSBK.O,레이크 쇼어 뱅코프,5,60,14,34,69,1.0,10.0,13.19,-1.74,7.09,26.55
115,HHGCU.O,HHG Capital Units,5,60,14,34,69,1.0,10.0,13.19,0.0,7.98,28.1
115,PROV.O,프로비던트 파이낸셜 홀딩스,5,60,14,34,69,1.0,10.0,13.19,-3.31,10.62,27.22
115,ACACU.O,Acri Capital Acquisition Units,5,60,14,34,69,1.0,10.0,13.19,48.64,10.52,25.31
115,SPKLU.O,Spark I Acquisition Units,5,60,14,34,69,1.0,10.0,13.19,0.0,8.19,27.97
115,LARK.O,랜드마크 뱅코프,5,60,14,34,69,1.0,10.0,13.19,-2.98,10.46,30.51
115,GLSTU.O,Global Star Acquisition Units,5,60,14,34,69,1.0,10.0,13.19,0.0,11.45,32.3
115,WINVU.O,WinVest Acquisition Units,5,60,14,34,69,1.0,10.0,13.19,0.0,11.55,29.96
115,CBFV.O,CB 파이낸셜 서비스,5,60,14,34,69,1.0,10.0,13.19,0.0,7.07,28.07
115,FRAF.O,프랭클린 파이낸셜 서비스,5,60,14,34,69,1.0,10.0,13.19,9.05,8.08,27.71
115,CZWI.O,시티즌스 커뮤니티 뱅코프,5,60,14,34,69,1.0,10.0,13.19,47.15,13.18,28.84
115,GLLIU.O,Globalink Investment Units,5,60,14,34,69,1.0,10.0,13.19,0.0,10.4,32.91
115,BFIN.O,뱅크파이낸셜,5,60,14,34,69,1.0,10.0,13.19,3.92,7.21,30.49
115,WAVSU.O,Western Acquisition Ventures Units,5,60,14,34,69,1.0,10.0,13.19,0.0,8.16,29.75
115,MSSAU.O,Metal Sky Star Acquisition Units,5,60,14,34,69,1.0,10.0,13.19,0.0,9.24,25.99
115,ESSA.O,ESSA 뱅코프,5,60,14,34,69,1.0,10.0,13.19,10.64,7.75,28.89
115,VABK.O,버지니아 내셔널 뱅크셰어,5,60,14,34,69,1.0,10.0,13.19,0.0,8.63,30.78
115,BWFG.O,뱅크웰 파이낸셜 그룹,5,60,14,34,69,1.0,10.0,13.19,54.39,8.91,29.41
115,CAC.O,캠던 내셔널,5,60,14,34,69,1.0,10.0,13.19,18.93,10.47,31.2
115,PCAR.O,파카,5,60,14,34,69,1.0,10.0,13.19,21.81,11.78,27.71
115,TRST.O,트러스트코 은행 N Y,5,60,14,34,69,1.0,10.0,13.19,24.58,6.07,29.58
115,GSBC.O,그레이트 서던 뱅코프,5,60,14,34,69,1.0,10.0,13.19,86.33,13.76,30.39
115,FIBK.O,퍼스트 인터스테이트 뱅크시스템,5,60,14,34,69,1.0,10.0,13.19,28.96,10.42,31.05
115,FULT.O,풀턴 파이낸셜,5,60,14,34,69,1.0,10.0,13.19,16.22,10.14,31.11
115,LBTYK.O,리버티 글로벌 Class C,5,60,14,34,69,1.0,10.0,13.19,2.34,8.66,29.05
115,PECO.O,필립스 에디슨 & 코,5,60,14,34,69,1.0,10.0,13.19,0.0,10.22,25.08
115,AVT.O,에이브이넷,5,60,14,34,69,1.0,10.0,13.19,0.0,10.14,29.6
115,UMBF.O,UMB 파이낸셜,5,60,14,34,69,1.0,10.0,13.19,0.0,12.73,31.3
115,UBSI.O,유나이티드 뱅크셰어스(Nasdaq GS),5,60,14,34,69,1.0,10.0,13.19,9.5,8.26,31.06
115,NWS.O,뉴스 코퍼레이션 Class B,5,60,14,34,69,1.0,10.0,13.19,10.11,10.08,29.0
115,ONB.O,올드 내셔널 뱅코프,5,60,14,34,69,1.0,10.0,13.19,0.0,9.39,29.06
115,BOKF.O,BOK 파이낸셜,5,60,14,34,69,1.0,10.0,13.19,0.0,10.73,30.63
115,LBRDK.O,리버티 브로드밴드 시리즈 C,5,60,14,34,69,1.0,10.0,13.19,-16.39,8.56,29.81
115,GNTX.O,젠텍스,5,60,14,34,69,1.0,10.0,13.19,0.0,13.91,29.6
115,CBSH.O,커머스 뱅크셰어스,5,60,14,34,69,1.0,10.0,13.19,20.83,10.94,24.71
115,OTEX.O,오픈 텍스트,5,60,14,34,69,1.0,10.0,13.19,0.0,13.32,29.18
115,SEIC.O,SEI 인베스트먼트,5,60,14,34,69,1.0,10.0,13.19,44.36,11.93,25.92
115,HAS.O,해즈브로,5,60,14,34,69,1.0,10.0,13.19,10.81,7.83,30.05
115,NWSA.O,뉴스 코퍼레이션 Class A,5,60,14,34,69,1.0,10.0,13.19,10.96,9.64,29.14
115,REG.O,리젠시 센터스,5,60,14,34,69,1.0,10.0,13.19,8.88,8.76,28.11
115,GLPI.O,게이밍 앤드 레저 프로퍼티스,5,60,14,34,69,1.0,10.0,13.19,8.24,6.77,29.67
115,NTRS.O,노던 트러스트,5,60,14,34,69,1.0,10.0,13.19,30.26,8.6,28.01
115,TROW.O,티 로웨 프라이스 그룹,5,60,14,34,69,1.0,10.0,13.19,0.0,10.77,28.47
115,CCEP.O,코카-콜라 유로퍼시픽 파트너스,5,60,14,34,69,1.0,10.0,13.19,0.0,11.58,24.49
115,CTSH.O,코그니전트 테크놀로지 솔루션,5,60,14,34,69,1.0,10.0,13.19,0.0,12.19,29.0
115,INTC.O,인텔,5,60,14,34,69,1.0,10.0,13.19,1.76,8.11,30.6
115,CSCO.O,시스코 시스템즈,5,60,14,34,69,1.0,10.0,13.19,18.89,9.05,25.93
115,PCH.O,포틀래치델틱,5,60,14,34,69,1.0,10.0,13.19,37.95,6.78,30.39
115,LBTYA.O,리버티 글로벌 Class A,5,60,14,34,69,1.0,10.0,13.19,-3.63,8.36,29.79
115,WAFD.O,WaFd,5,60,14,34,69,1.0,10.0,13.19,17.95,10.16,28.58
115,STBA.O,S&T 뱅코프,5,60,14,34,69,1.0,10.0,13.19,17.86,11.11,32.19
115,HFWA.O,헤리티지 파이낸셜,5,60,14,34,69,1.0,10.0,13.19,19.38,8.62,31.66
115,UVSP.O,유니베스트 파이낸셜,5,60,14,34,69,1.0,10.0,13.19,16.44,8.74,31.52
115,LLYVA.O,리버티 미디어 Series A,5,60,14,34,69,1.0,10.0,13.19,0.0,8.0,31.72
115,CTBI.O,커뮤니티 트러스트 뱅코프,5,60,14,34,69,1.0,10.0,13.19,19.09,9.43,27.12
115,FMBH.O,퍼스트미드 뱅크셰어스,5,60,14,34,69,1.0,10.0,13.19,40.92,11.15,31.54
115,LBRDA.O,리버티 브로드밴드 시리즈 A,5,60,14,34,69,1.0,10.0,13.19,-16.77,8.38,29.91
115,SBSI.O,사우스사이드 뱅크셰어스,5,60,14,34,69,1.0,10.0,13.19,52.33,10.87,28.92
115,OCFC.O,오션퍼스트 파이낸셜,5,60,14,34,69,1.0,10.0,13.19,1.66,7.92,30.72
115,CSGS.O,CSG 시스템즈인터내셔널,5,60,14,34,69,1.0,10.0,13.19,34.35,10.75,27.71
115,BUSE.O,퍼스트 뷰지,5,60,14,34,69,1.0,10.0,13.19,11.42,10.2,31.44
115,ROIC.O,리테일 오퍼튜니티 인베스트먼트,5,60,14,34,69,1.0,10.0,13.19,4.98,6.59,29.23
115,CLBK.O,콜롬비아 파이낸셜,5,60,14,34,69,1.0,10.0,13.19,55.96,7.36,29.22
115,CVBF.O,CVB 파이낸셜,5,60,14,34,69,1.0,10.0,13.19,34.46,10.14,31.66
115,WSBC.O,웨스뱅코,5,60,14,34,69,1.0,10.0,13.19,7.39,9.83,30.85
115,GCMG.O,GCM 그로스브너,5,60,14,34,69,1.0,10.0,13.19,18.85,5.66,29.75
115,TRMK.O,트러스트마크,5,60,14,34,69,1.0,10.0,13.19,9.87,8.02,29.11
115,NBTB.O,NBT 뱅코프,5,60,14,34,69,1.0,10.0,13.19,10.45,10.47,28.47
115,PRGS.O,프로그레스 소프트웨어,5,60,14,34,69,1.0,10.0,13.19,11.05,12.89,30.64
115,WERN.O,웨너 엔터프라이즈,5,60,14,34,69,1.0,10.0,13.19,0.0,8.57,27.61
115,IART.O,인테그라 라이프사이언시스 홀딩스,5,60,14,34,69,1.0,10.0,13.19,22.38,9.72,30.85
115,TOWN.O,타운뱅크,5,60,14,34,69,1.0,10.0,13.19,15.11,11.41,31.19
115,FFBC.O,퍼스트 파이낸셜 뱅코프,5,60,14,34,69,1.0,10.0,13.19,12.71,10.35,33.13
115,INDB.O,인디펜던트 뱅크 (매사추세츠),5,60,14,34,69,1.0,10.0,13.19,23.6,12.06,30.9
115,SFNC.O,시몬스 퍼스트 내셔널,5,60,14,34,69,1.0,10.0,13.19,11.32,8.87,32.24
115,INTC.O,인텔,5,60,14,49,59,1.0,10.0,12.06,17.85,8.11,30.6
115,CSCO.O,시스코 시스템즈,5,60,14,49,59,1.0,10.0,12.06,24.28,9.05,25.93
115,PBBK.O,PB 뱅크셰어,5,60,14,49,59,1.0,10.0,12.06,32.28,9.17,25.53
115,MOFG.O,미드웨스트원 파이낸셜 그룹,5,60,14,49,59,1.0,10.0,12.06,29.93,10.82,32.59
115,FLIC.O,퍼스트 오브 롱 아일랜드,5,60,14,49,59,1.0,10.0,12.06,-5.24,6.07,30.71
115,VBNK.O,버사뱅크,5,60,14,49,59,1.0,10.0,12.06,45.25,8.13,29.25
115,SLMBP.O,SLM 우선주 시리즈 B,5,60,14,49,59,1.0,10.0,12.06,20.41,8.43,26.38
115,IRAAU.O,Iris Acquisition Units,5,60,14,49,59,1.0,10.0,12.06,0.0,10.38,26.14
115,FNLC.O,퍼스트 뱅코프,5,60,14,49,59,1.0,10.0,12.06,22.3,11.47,32.35
115,ACABU.O,Atlantic Coastal Acquisition II Units,5,60,14,49,59,1.0,10.0,12.06,0.0,7.48,26.4
115,NODK.O,NI 홀딩스,5,60,14,49,59,1.0,10.0,12.06,12.42,6.1,30.73
115,BMRC.O,뱅크 오브 마린 뱅코프,5,60,14,49,59,1.0,10.0,12.06,-4.16,7.4,30.71
115,HBCP.O,홈 뱅코프,5,60,14,49,59,1.0,10.0,12.06,21.99,13.8,29.42
115,ARTNA.O,아르테시안 리소시스,5,60,14,49,59,1.0,10.0,12.06,11.89,9.07,26.07
115,CARE.O,카터 뱅크셰어스,5,60,14,49,59,1.0,10.0,12.06,27.29,10.94,32.18
115,PFIS.O,피플스 파이낸셜 서비스,5,60,14,49,59,1.0,10.0,12.06,14.04,10.48,32.65
115,GSBC.O,그레이트 서던 뱅코프,5,60,14,49,59,1.0,10.0,12.06,34.34,13.76,30.39
115,GAIN.O,글래드스톤 인베스트먼트,5,60,14,49,59,1.0,10.0,12.06,18.83,9.82,26.4
115,ITRN.O,이투란 로케이션 앤 콘트롤,5,60,14,49,59,1.0,10.0,12.06,9.89,9.0,30.29
115,AROW.O,애로우 파이낸셜,5,60,14,49,59,1.0,10.0,12.06,8.88,8.27,28.39
115,THFF.O,퍼스트 파이낸셜,5,60,14,49,59,1.0,10.0,12.06,11.2,8.38,28.09
115,WASH.O,워싱턴 트러스트 뱅코프,5,60,14,49,59,1.0,10.0,12.06,-7.18,9.35,31.4
115,CASS.O,캐스 인포메이션 시스템즈,5,60,14,49,59,1.0,10.0,12.06,15.75,9.95,31.16
115,NFBK.O,노스필드 뱅코프,5,60,14,49,59,1.0,10.0,12.06,-1.49,6.43,28.36
115,CATC.O,케임브리지 뱅코프,5,60,14,49,59,1.0,10.0,12.06,-1.13,10.22,28.37
115,YORW.O,요크 워터,5,60,14,49,59,1.0,10.0,12.06,6.85,12.12,28.41
115,CAC.O,캠던 내셔널,5,60,14,49,59,1.0,10.0,12.06,12.27,10.47,31.2
115,HONE.O,하버원 뱅코프,5,60,14,49,59,1.0,10.0,12.06,21.28,13.05,29.78
115,UTMD.O,유타 메디컬 프로덕츠,5,60,14,49,59,1.0,10.0,12.06,8.33,12.66,30.8
115,BPRN.O,뱅크 오브 프린스턴,5,60,14,49,59,1.0,10.0,12.06,15.55,9.38,33.05
115,NWFL.O,노우드 파이낸셜,5,60,14,49,59,1.0,10.0,12.06,11.44,10.26,31.89
115,RGCO.O,RGC 리소스,5,60,14,49,59,1.0,10.0,12.06,-5.0,10.16,29.86
115,CRWS.O,크라운 크래프츠,5,60,14,49,59,1.0,10.0,12.06,2.08,7.37,31.0
115,SELF.O,글로벌 셀프 스토리지,5,60,14,49,59,1.0,10.0,12.06,8.53,6.92,28.09
115,ICCH.O,ICC 홀딩스,5,60,14,49,59,1.0,10.0,12.06,11.49,11.15,30.77
115,LSBK.O,레이크 쇼어 뱅코프,5,60,14,49,59,1.0,10.0,12.06,-3.54,7.09,26.55
115,HHGCU.O,HHG Capital Units,5,60,14,49,59,1.0,10.0,12.06,22.77,7.98,28.1
115,PROV.O,프로비던트 파이낸셜 홀딩스,5,60,14,49,59,1.0,10.0,12.06,-0.78,10.62,27.22
115,ACACU.O,Acri Capital Acquisition Units,5,60,14,49,59,1.0,10.0,12.06,30.07,10.52,25.31
115,SPKLU.O,Spark I Acquisition Units,5,60,14,49,59,1.0,10.0,12.06,0.0,8.19,27.97
115,LARK.O,랜드마크 뱅코프,5,60,14,49,59,1.0,10.0,12.06,0.04,10.46,30.51
115,GLSTU.O,Global Star Acquisition Units,5,60,14,49,59,1.0,10.0,12.06,0.0,11.45,32.3
115,WINVU.O,WinVest Acquisition Units,5,60,14,49,59,1.0,10.0,12.06,0.0,11.55,29.96
115,CBFV.O,CB 파이낸셜 서비스,5,60,14,49,59,1.0,10.0,12.06,4.96,7.07,28.07
115,MRBK.O,메리디안,5,60,14,49,59,1.0,10.0,12.06,19.19,9.41,33.02
115,FRAF.O,프랭클린 파이낸셜 서비스,5,60,14,49,59,1.0,10.0,12.06,11.49,8.08,27.71
115,CZWI.O,시티즌스 커뮤니티 뱅코프,5,60,14,49,59,1.0,10.0,12.06,2.04,13.18,28.84
115,GLLIU.O,Globalink Investment Units,5,60,14,49,59,1.0,10.0,12.06,0.0,10.4,32.91
115,BFIN.O,뱅크파이낸셜,5,60,14,49,59,1.0,10.0,12.06,-0.76,7.21,30.49
115,WAVSU.O,Western Acquisition Ventures Units,5,60,14,49,59,1.0,10.0,12.06,0.0,8.16,29.75
115,MSSAU.O,Metal Sky Star Acquisition Units,5,60,14,49,59,1.0,10.0,12.06,0.0,9.24,25.99
115,ESSA.O,ESSA 뱅코프,5,60,14,49,59,1.0,10.0,12.06,12.71,7.75,28.89
115,VABK.O,버지니아 내셔널 뱅크셰어,5,60,14,49,59,1.0,10.0,12.06,23.13,8.63,30.78
115,BWFG.O,뱅크웰 파이낸셜 그룹,5,60,14,49,59,1.0,10.0,12.06,6.07,8.91,29.41
115,BCBP.O,BCB 뱅코프,5,60,14,49,59,1.0,10.0,12.06,7.08,9.24,30.5
115,TRST.O,트러스트코 은행 N Y,5,60,14,49,59,1.0,10.0,12.06,10.98,6.07,29.58
115,BCML.O,베이컴,5,60,14,49,59,1.0,10.0,12.06,14.17,12.6,31.54
115,HFWA.O,헤리티지 파이낸셜,5,60,14,49,59,1.0,10.0,12.06,16.35,8.62,31.66
115,CBSH.O,커머스 뱅크셰어스,5,60,14,49,59,1.0,10.0,12.06,31.98,10.94,24.71
115,FIBK.O,퍼스트 인터스테이트 뱅크시스템,5,60,14,49,59,1.0,10.0,12.06,34.72,10.42,31.05
115,FULT.O,풀턴 파이낸셜,5,60,14,49,59,1.0,10.0,12.06,15.07,10.14,31.11
115,LBTYK.O,리버티 글로벌 Class C,5,60,14,49,59,1.0,10.0,12.06,-4.75,8.66,29.05
115,PECO.O,필립스 에디슨 & 코,5,60,14,49,59,1.0,10.0,12.06,47.48,10.22,25.08
115,AVT.O,에이브이넷,5,60,14,49,59,1.0,10.0,12.06,19.5,10.14,29.6
115,UMBF.O,UMB 파이낸셜,5,60,14,49,59,1.0,10.0,12.06,15.74,12.73,31.3
115,UBSI.O,유나이티드 뱅크셰어스(Nasdaq GS),5,60,14,49,59,1.0,10.0,12.06,9.67,8.26,31.06
115,NWS.O,뉴스 코퍼레이션 Class B,5,60,14,49,59,1.0,10.0,12.06,10.59,10.08,29.0
115,ONB.O,올드 내셔널 뱅코프,5,60,14,49,59,1.0,10.0,12.06,18.37,9.39,29.06
115,BOKF.O,BOK 파이낸셜,5,60,14,49,59,1.0,10.0,12.06,25.42,10.73,30.63
115,GNTX.O,젠텍스,5,60,14,49,59,1.0,10.0,12.06,15.99,13.91,29.6
115,OTEX.O,오픈 텍스트,5,60,14,49,59,1.0,10.0,12.06,11.08,13.32,29.18
115,LBTYA.O,리버티 글로벌 Class A,5,60,14,49,59,1.0,10.0,12.06,-4.36,8.36,29.79
115,SEIC.O,SEI 인베스트먼트,5,60,14,49,59,1.0,10.0,12.06,19.77,11.93,25.92
115,HAS.O,해즈브로,5,60,14,49,59,1.0,10.0,12.06,6.94,7.83,30.05
115,NWSA.O,뉴스 코퍼레이션 Class A,5,60,14,49,59,1.0,10.0,12.06,10.93,9.64,29.14
115,REG.O,리젠시 센터스,5,60,14,49,59,1.0,10.0,12.06,3.71,8.76,28.11
115,GLPI.O,게이밍 앤드 레저 프로퍼티스,5,60,14,49,59,1.0,10.0,12.06,14.04,6.77,29.67
115,NTRS.O,노던 트러스트,5,60,14,49,59,1.0,10.0,12.06,9.18,8.6,28.01
115,TROW.O,티 로웨 프라이스 그룹,5,60,14,49,59,1.0,10.0,12.06,2.46,10.77,28.47
115,CCEP.O,코카-콜라 유로퍼시픽 파트너스,5,60,14,49,59,1.0,10.0,12.06,58.22,11.58,24.49
115,CTSH.O,코그니전트 테크놀로지 솔루션,5,60,14,49,59,1.0,10.0,12.06,25.23,12.19,29.0
115,PCAR.O,파카,5,60,14,49,59,1.0,10.0,12.06,39.94,11.78,27.71
115,UVSP.O,유니베스트 파이낸셜,5,60,14,49,59,1.0,10.0,12.06,10.58,8.74,31.52
115,PCH.O,포틀래치델틱,5,60,14,49,59,1.0,10.0,12.06,5.5,6.78,30.39
115,LBRDK.O,리버티 브로드밴드 시리즈 C,5,60,14,49,59,1.0,10.0,12.06,-6.98,8.56,29.81
115,WAFD.O,WaFd,5,60,14,49,59,1.0,10.0,12.06,31.07,10.16,28.58
115,GCMG.O,GCM 그로스브너,5,60,14,49,59,1.0,10.0,12.06,-0.78,5.66,29.75
115,CTBI.O,커뮤니티 트러스트 뱅코프,5,60,14,49,59,1.0,10.0,12.06,16.27,9.43,27.12
115,FMBH.O,퍼스트미드 뱅크셰어스,5,60,14,49,59,1.0,10.0,12.06,5.7,11.15,31.54
115,LBRDA.O,리버티 브로드밴드 시리즈 A,5,60,14,49,59,1.0,10.0,12.06,-5.7,8.38,29.91
115,SBSI.O,사우스사이드 뱅크셰어스,5,60,14,49,59,1.0,10.0,12.06,20.56,10.87,28.92
115,OCFC.O,오션퍼스트 파이낸셜,5,60,14,49,59,1.0,10.0,12.06,0.24,7.92,30.72
115,CSGS.O,CSG 시스템즈인터내셔널,5,60,14,49,59,1.0,10.0,12.06,13.89,10.75,27.71
115,BUSE.O,퍼스트 뷰지,5,60,14,49,59,1.0,10.0,12.06,4.79,10.2,31.44
115,ROIC.O,리테일 오퍼튜니티 인베스트먼트,5,60,14,49,59,1.0,10.0,12.06,-7.52,6.59,29.23
115,STBA.O,S&T 뱅코프,5,60,14,49,59,1.0,10.0,12.06,12.13,11.11,32.19
115,CLBK.O,콜롬비아 파이낸셜,5,60,14,49,59,1.0,10.0,12.06,10.16,7.36,29.22
115,WSBC.O,웨스뱅코,5,60,14,49,59,1.0,10.0,12.06,15.26,9.83,30.85
115,LLYVA.O,리버티 미디어 Series A,5,60,14,49,59,1.0,10.0,12.06,0.0,8.0,31.72
115,TRMK.O,트러스트마크,5,60,14,49,59,1.0,10.0,12.06,16.85,8.02,29.11
115,NBTB.O,NBT 뱅코프,5,60,14,49,59,1.0,10.0,12.06,14.99,10.47,28.47
115,PRGS.O,프로그레스 소프트웨어,5,60,14,49,59,1.0,10.0,12.06,25.81,12.89,30.64
115,WERN.O,웨너 엔터프라이즈,5,60,14,49,59,1.0,10.0,12.06,5.33,8.57,27.61
115,IART.O,인테그라 라이프사이언시스 홀딩스,5,60,14,49,59,1.0,10.0,12.06,4.23,9.72,30.85
115,TOWN.O,타운뱅크,5,60,14,49,59,1.0,10.0,12.06,18.81,11.41,31.19
115,FFBC.O,퍼스트 파이낸셜 뱅코프,5,60,14,49,59,1.0,10.0,12.06,13.08,10.35,33.13
115,INDB.O,인디펜던트 뱅크 (매사추세츠),5,60,14,49,59,1.0,10.0,12.06,2.94,12.06,30.9
115,SFNC.O,시몬스 퍼스트 내셔널,5,60,14,49,59,1.0,10.0,12.06,6.91,8.87,32.24
115,CVBF.O,CVB 파이낸셜,5,60,14,49,59,1.0,10.0,12.06,15.13,10.14,31.66
115,BMRC.O,뱅크 오브 마린 뱅코프,5,120,14,39,69,1.0,10.0,11.97,-10.16,7.4,30.71
115,MOFG.O,미드웨스트원 파이낸셜 그룹,5,120,14,39,69,1.0,10.0,11.97,8.21,10.82,32.59
115,CARE.O,카터 뱅크셰어스,5,120,14,39,69,1.0,10.0,11.97,20.32,10.94,32.18
115,ARTNA.O,아르테시안 리소시스,5,120,14,39,69,1.0,10.0,11.97,19.21,9.07,26.07
115,HBCP.O,홈 뱅코프,5,120,14,39,69,1.0,10.0,11.97,3.91,13.8,29.42
115,SLMBP.O,SLM 우선주 시리즈 B,5,120,14,39,69,1.0,10.0,11.97,15.63,8.43,26.38
115,NODK.O,NI 홀딩스,5,120,14,39,69,1.0,10.0,11.97,1.79,6.1,30.73
115,ACABU.O,Atlantic Coastal Acquisition II Units,5,120,14,39,69,1.0,10.0,11.97,0.0,7.48,26.4
115,FNLC.O,퍼스트 뱅코프,5,120,14,39,69,1.0,10.0,11.97,9.53,11.47,32.35
115,IRAAU.O,Iris Acquisition Units,5,120,14,39,69,1.0,10.0,11.97,0.0,10.38,26.14
115,GAIN.O,글래드스톤 인베스트먼트,5,120,14,39,69,1.0,10.0,11.97,0.0,9.82,26.4
115,PFIS.O,피플스 파이낸셜 서비스,5,120,14,39,69,1.0,10.0,11.97,32.88,10.48,32.65
115,CASS.O,캐스 인포메이션 시스템즈,5,120,14,39,69,1.0,10.0,11.97,7.39,9.95,31.16
115,ITRN.O,이투란 로케이션 앤 콘트롤,5,120,14,39,69,1.0,10.0,11.97,0.31,9.0,30.29
115,AROW.O,애로우 파이낸셜,5,120,14,39,69,1.0,10.0,11.97,2.62,8.27,28.39
115,THFF.O,퍼스트 파이낸셜,5,120,14,39,69,1.0,10.0,11.97,7.07,8.38,28.09
115,WASH.O,워싱턴 트러스트 뱅코프,5,120,14,39,69,1.0,10.0,11.97,-2.12,9.35,31.4
115,FLIC.O,퍼스트 오브 롱 아일랜드,5,120,14,39,69,1.0,10.0,11.97,-0.42,6.07,30.71
115,NFBK.O,노스필드 뱅코프,5,120,14,39,69,1.0,10.0,11.97,6.13,6.43,28.36
115,CATC.O,케임브리지 뱅코프,5,120,14,39,69,1.0,10.0,11.97,5.97,10.22,28.37
115,YORW.O,요크 워터,5,120,14,39,69,1.0,10.0,11.97,0.0,12.12,28.41
115,CAC.O,캠던 내셔널,5,120,14,39,69,1.0,10.0,11.97,3.7,10.47,31.2
115,HONE.O,하버원 뱅코프,5,120,14,39,69,1.0,10.0,11.97,51.06,13.05,29.78
115,TRST.O,트러스트코 은행 N Y,5,120,14,39,69,1.0,10.0,11.97,8.42,6.07,29.58
115,GSBC.O,그레이트 서던 뱅코프,5,120,14,39,69,1.0,10.0,11.97,22.63,13.76,30.39
115,VBNK.O,버사뱅크,5,120,14,39,69,1.0,10.0,11.97,31.59,8.13,29.25
115,PBBK.O,PB 뱅크셰어,5,120,14,39,69,1.0,10.0,11.97,0.0,9.17,25.53
115,BCML.O,베이컴,5,120,14,39,69,1.0,10.0,11.97,20.79,12.6,31.54
115,FRAF.O,프랭클린 파이낸셜 서비스,5,120,14,39,69,1.0,10.0,11.97,7.27,8.08,27.71
115,UVSP.O,유니베스트 파이낸셜,5,120,14,39,69,1.0,10.0,11.97,14.63,8.74,31.52
115,LSBK.O,레이크 쇼어 뱅코프,5,120,14,39,69,1.0,10.0,11.97,-1.19,7.09,26.55
115,HHGCU.O,HHG Capital Units,5,120,14,39,69,1.0,10.0,11.97,0.0,7.98,28.1
115,PROV.O,프로비던트 파이낸셜 홀딩스,5,120,14,39,69,1.0,10.0,11.97,-1.27,10.62,27.22
115,ACACU.O,Acri Capital Acquisition Units,5,120,14,39,69,1.0,10.0,11.97,49.93,10.52,25.31
115,SPKLU.O,Spark I Acquisition Units,5,120,14,39,69,1.0,10.0,11.97,0.0,8.19,27.97
115,LARK.O,랜드마크 뱅코프,5,120,14,39,69,1.0,10.0,11.97,-1.94,10.46,30.51
115,GLSTU.O,Global Star Acquisition Units,5,120,14,39,69,1.0,10.0,11.97,0.0,11.45,32.3
115,WINVU.O,WinVest Acquisition Units,5,120,14,39,69,1.0,10.0,11.97,0.0,11.55,29.96
115,CBFV.O,CB 파이낸셜 서비스,5,120,14,39,69,1.0,10.0,11.97,0.0,7.07,28.07
115,MRBK.O,메리디안,5,120,14,39,69,1.0,10.0,11.97,73.55,9.41,33.02
115,CZWI.O,시티즌스 커뮤니티 뱅코프,5,120,14,39,69,1.0,10.0,11.97,16.14,13.18,28.84
115,UTMD.O,유타 메디컬 프로덕츠,5,120,14,39,69,1.0,10.0,11.97,-83.99,12.66,30.8
115,GLLIU.O,Globalink Investment Units,5,120,14,39,69,1.0,10.0,11.97,0.0,10.4,32.91
115,BFIN.O,뱅크파이낸셜,5,120,14,39,69,1.0,10.0,11.97,10.36,7.21,30.49
115,WAVSU.O,Western Acquisition Ventures Units,5,120,14,39,69,1.0,10.0,11.97,0.0,8.16,29.75
115,MSSAU.O,Metal Sky Star Acquisition Units,5,120,14,39,69,1.0,10.0,11.97,0.0,9.24,25.99
115,ESSA.O,ESSA 뱅코프,5,120,14,39,69,1.0,10.0,11.97,13.87,7.75,28.89
115,VABK.O,버지니아 내셔널 뱅크셰어,5,120,14,39,69,1.0,10.0,11.97,8.49,8.63,30.78
115,BWFG.O,뱅크웰 파이낸셜 그룹,5,120,14,39,69,1.0,10.0,11.97,56.59,8.91,29.41
115,BCBP.O,BCB 뱅코프,5,120,14,39,69,1.0,10.0,11.97,33.37,9.24,30.5
115,RGCO.O,RGC 리소스,5,120,14,39,69,1.0,10.0,11.97,2.11,10.16,29.86
115,NWFL.O,노우드 파이낸셜,5,120,14,39,69,1.0,10.0,11.97,7.43,10.26,31.89
115,BPRN.O,뱅크 오브 프린스턴,5,120,14,39,69,1.0,10.0,11.97,17.88,9.38,33.05
115,HFWA.O,헤리티지 파이낸셜,5,120,14,39,69,1.0,10.0,11.97,18.91,8.62,31.66
115,SELF.O,글로벌 셀프 스토리지,5,120,14,39,69,1.0,10.0,11.97,12.29,6.92,28.09
115,LLYVA.O,리버티 미디어 Series A,5,120,14,39,69,1.0,10.0,11.97,0.0,8.0,31.72
115,SEIC.O,SEI 인베스트먼트,5,120,14,39,69,1.0,10.0,11.97,49.28,11.93,25.92
115,PECO.O,필립스 에디슨 & 코,5,120,14,39,69,1.0,10.0,11.97,0.0,10.22,25.08
115,AVT.O,에이브이넷,5,120,14,39,69,1.0,10.0,11.97,16.38,10.14,29.6
115,UMBF.O,UMB 파이낸셜,5,120,14,39,69,1.0,10.0,11.97,52.07,12.73,31.3
115,UBSI.O,유나이티드 뱅크셰어스(Nasdaq GS),5,120,14,39,69,1.0,10.0,11.97,13.84,8.26,31.06
115,NWS.O,뉴스 코퍼레이션 Class B,5,120,14,39,69,1.0,10.0,11.97,6.53,10.08,29.0
115,ONB.O,올드 내셔널 뱅코프,5,120,14,39,69,1.0,10.0,11.97,10.17,9.39,29.06
115,BOKF.O,BOK 파이낸셜,5,120,14,39,69,1.0,10.0,11.97,14.39,10.73,30.63
115,LBRDK.O,리버티 브로드밴드 시리즈 C,5,120,14,39,69,1.0,10.0,11.97,-20.55,8.56,29.81
115,GNTX.O,젠텍스,5,120,14,39,69,1.0,10.0,11.97,74.5,13.91,29.6
115,CBSH.O,커머스 뱅크셰어스,5,120,14,39,69,1.0,10.0,11.97,43.78,10.94,24.71
115,OTEX.O,오픈 텍스트,5,120,14,39,69,1.0,10.0,11.97,-1.64,13.32,29.18
115,HAS.O,해즈브로,5,120,14,39,69,1.0,10.0,11.97,20.33,7.83,30.05
115,CTBI.O,커뮤니티 트러스트 뱅코프,5,120,14,39,69,1.0,10.0,11.97,14.56,9.43,27.12
115,NWSA.O,뉴스 코퍼레이션 Class A,5,120,14,39,69,1.0,10.0,11.97,15.06,9.64,29.14
115,REG.O,리젠시 센터스,5,120,14,39,69,1.0,10.0,11.97,9.89,8.76,28.11
115,GLPI.O,게이밍 앤드 레저 프로퍼티스,5,120,14,39,69,1.0,10.0,11.97,8.07,6.77,29.67
115,NTRS.O,노던 트러스트,5,120,14,39,69,1.0,10.0,11.97,28.98,8.6,28.01
115,TROW.O,티 로웨 프라이스 그룹,5,120,14,39,69,1.0,10.0,11.97,8.44,10.77,28.47
115,CCEP.O,코카-콜라 유로퍼시픽 파트너스,5,120,14,39,69,1.0,10.0,11.97,0.0,11.58,24.49
115,CTSH.O,코그니전트 테크놀로지 솔루션,5,120,14,39,69,1.0,10.0,11.97,9.24,12.19,29.0
115,PCAR.O,파카,5,120,14,39,69,1.0,10.0,11.97,0.0,11.78,27.71
115,INTC.O,인텔,5,120,14,39,69,1.0,10.0,11.97,3.84,8.11,30.6
115,CSCO.O,시스코 시스템즈,5,120,14,39,69,1.0,10.0,11.97,19.4,9.05,25.93
115,ICCH.O,ICC 홀딩스,5,120,14,39,69,1.0,10.0,11.97,2.04,11.15,30.77
115,LBTYK.O,리버티 글로벌 Class C,5,120,14,39,69,1.0,10.0,11.97,-5.84,8.66,29.05
115,FULT.O,풀턴 파이낸셜,5,120,14,39,69,1.0,10.0,11.97,15.21,10.14,31.11
115,FIBK.O,퍼스트 인터스테이트 뱅크시스템,5,120,14,39,69,1.0,10.0,11.97,5.91,10.42,31.05
115,PCH.O,포틀래치델틱,5,120,14,39,69,1.0,10.0,11.97,25.3,6.78,30.39
115,FMBH.O,퍼스트미드 뱅크셰어스,5,120,14,39,69,1.0,10.0,11.97,65.71,11.15,31.54
115,LBRDA.O,리버티 브로드밴드 시리즈 A,5,120,14,39,69,1.0,10.0,11.97,-21.29,8.38,29.91
115,SBSI.O,사우스사이드 뱅크셰어스,5,120,14,39,69,1.0,10.0,11.97,24.35,10.87,28.92
115,OCFC.O,오션퍼스트 파이낸셜,5,120,14,39,69,1.0,10.0,11.97,1.79,7.92,30.72
115,CSGS.O,CSG 시스템즈인터내셔널,5,120,14,39,69,1.0,10.0,11.97,31.94,10.75,27.71
115,BUSE.O,퍼스트 뷰지,5,120,14,39,69,1.0,10.0,11.97,11.07,10.2,31.44
115,ROIC.O,리테일 오퍼튜니티 인베스트먼트,5,120,14,39,69,1.0,10.0,11.97,3.95,6.59,29.23
115,STBA.O,S&T 뱅코프,5,120,14,39,69,1.0,10.0,11.97,19.43,11.11,32.19
115,CLBK.O,콜롬비아 파이낸셜,5,120,14,39,69,1.0,10.0,11.97,49.61,7.36,29.22
115,WSBC.O,웨스뱅코,5,120,14,39,69,1.0,10.0,11.97,9.82,9.83,30.85
115,GCMG.O,GCM 그로스브너,5,120,14,39,69,1.0,10.0,11.97,16.9,5.66,29.75
115,TRMK.O,트러스트마크,5,120,14,39,69,1.0,10.0,11.97,8.93,8.02,29.11
115,NBTB.O,NBT 뱅코프,5,120,14,39,69,1.0,10.0,11.97,10.3,10.47,28.47
115,PRGS.O,프로그레스 소프트웨어,5,120,14,39,69,1.0,10.0,11.97,0.0,12.89,30.64
115,WERN.O,웨너 엔터프라이즈,5,120,14,39,69,1.0,10.0,11.97,7.8,8.57,27.61
115,IART.O,인테그라 라이프사이언시스 홀딩스,5,120,14,39,69,1.0,10.0,11.97,18.93,9.72,30.85
115,TOWN.O,타운뱅크,5,120,14,39,69,1.0,10.0,11.97,14.38,11.41,31.19
115,FFBC.O,퍼스트 파이낸셜 뱅코프,5,120,14,39,69,1.0,10.0,11.97,13.64,10.35,33.13
115,INDB.O,인디펜던트 뱅크 (매사추세츠),5,120,14,39,69,1.0,10.0,11.97,15.31,12.06,30.9
115,SFNC.O,시몬스 퍼스트 내셔널,5,120,14,39,69,1.0,10.0,11.97,8.82,8.87,32.24
115,CVBF.O,CVB 파이낸셜,5,120,14,39,69,1.0,10.0,11.97,22.14,10.14,31.66
115,WAFD.O,WaFd,5,120,14,39,69,1.0,10.0,11.97,9.53,10.16,28.58
115,LBTYA.O,리버티 글로벌 Class A,5,120,14,39,69,1.0,10.0,11.97,-3.47,8.36,29.79
115,CRWS.O,크라운 크래프츠,5,120,14,39,69,1.0,10.0,11.97,5.41,7.37,31.0
115,LSBK.O,레이크 쇼어 뱅코프,5,120,14,44,64,1.0,10.0,11.7,-3.59,7.09,26.55
115,HHGCU.O,HHG Capital Units,5,120,14,44,64,1.0,10.0,11.7,0.0,7.98,28.1
115,FULT.O,풀턴 파이낸셜,5,120,14,44,64,1.0,10.0,11.7,17.12,10.14,31.11
115,PCH.O,포틀래치델틱,5,120,14,44,64,1.0,10.0,11.7,22.34,6.78,30.39
115,LBTYA.O,리버티 글로벌 Class A,5,120,14,44,64,1.0,10.0,11.7,-6.49,8.36,29.79
115,WAFD.O,WaFd,5,120,14,44,64,1.0,10.0,11.7,15.13,10.16,28.58
115,CVBF.O,CVB 파이낸셜,5,120,14,44,64,1.0,10.0,11.7,21.53,10.14,31.66
115,SFNC.O,시몬스 퍼스트 내셔널,5,120,14,44,64,1.0,10.0,11.7,4.1,8.87,32.24
115,INDB.O,인디펜던트 뱅크 (매사추세츠),5,120,14,44,64,1.0,10.0,11.7,1.53,12.06,30.9
115,FFBC.O,퍼스트 파이낸셜 뱅코프,5,120,14,44,64,1.0,10.0,11.7,11.42,10.35,33.13
115,TOWN.O,타운뱅크,5,120,14,44,64,1.0,10.0,11.7,15.99,11.41,31.19
115,IART.O,인테그라 라이프사이언시스 홀딩스,5,120,14,44,64,1.0,10.0,11.7,1.01,9.72,30.85
115,WERN.O,웨너 엔터프라이즈,5,120,14,44,64,1.0,10.0,11.7,3.44,8.57,27.61
115,PRGS.O,프로그레스 소프트웨어,5,120,14,44,64,1.0,10.0,11.7,9.6,12.89,30.64
115,NBTB.O,NBT 뱅코프,5,120,14,44,64,1.0,10.0,11.7,17.64,10.47,28.47
115,TRMK.O,트러스트마크,5,120,14,44,64,1.0,10.0,11.7,7.07,8.02,29.11
115,GCMG.O,GCM 그로스브너,5,120,14,44,64,1.0,10.0,11.7,13.61,5.66,29.75
115,WSBC.O,웨스뱅코,5,120,14,44,64,1.0,10.0,11.7,-0.54,9.83,30.85
115,CLBK.O,콜롬비아 파이낸셜,5,120,14,44,64,1.0,10.0,11.7,9.17,7.36,29.22
115,STBA.O,S&T 뱅코프,5,120,14,44,64,1.0,10.0,11.7,24.65,11.11,32.19
115,ROIC.O,리테일 오퍼튜니티 인베스트먼트,5,120,14,44,64,1.0,10.0,11.7,-1.81,6.59,29.23
115,BUSE.O,퍼스트 뷰지,5,120,14,44,64,1.0,10.0,11.7,3.02,10.2,31.44
115,CSGS.O,CSG 시스템즈인터내셔널,5,120,14,44,64,1.0,10.0,11.7,37.25,10.75,27.71
115,OCFC.O,오션퍼스트 파이낸셜,5,120,14,44,64,1.0,10.0,11.7,5.64,7.92,30.72
115,SBSI.O,사우스사이드 뱅크셰어스,5,120,14,44,64,1.0,10.0,11.7,31.29,10.87,28.92
115,LBRDA.O,리버티 브로드밴드 시리즈 A,5,120,14,44,64,1.0,10.0,11.7,-21.29,8.38,29.91
115,FIBK.O,퍼스트 인터스테이트 뱅크시스템,5,120,14,44,64,1.0,10.0,11.7,4.82,10.42,31.05
115,LBTYK.O,리버티 글로벌 Class C,5,120,14,44,64,1.0,10.0,11.7,-6.39,8.66,29.05
115,CTBI.O,커뮤니티 트러스트 뱅코프,5,120,14,44,64,1.0,10.0,11.7,7.61,9.43,27.12
115,PECO.O,필립스 에디슨 & 코,5,120,14,44,64,1.0,10.0,11.7,4.15,10.22,25.08
115,SELF.O,글로벌 셀프 스토리지,5,120,14,44,64,1.0,10.0,11.7,7.14,6.92,28.09
115,CSCO.O,시스코 시스템즈,5,120,14,44,64,1.0,10.0,11.7,13.5,9.05,25.93
115,INTC.O,인텔,5,120,14,44,64,1.0,10.0,11.7,-4.08,8.11,30.6
115,PCAR.O,파카,5,120,14,44,64,1.0,10.0,11.7,32.06,11.78,27.71
115,CTSH.O,코그니전트 테크놀로지 솔루션,5,120,14,44,64,1.0,10.0,11.7,14.07,12.19,29.0
115,CCEP.O,코카-콜라 유로퍼시픽 파트너스,5,120,14,44,64,1.0,10.0,11.7,62.06,11.58,24.49
115,TROW.O,티 로웨 프라이스 그룹,5,120,14,44,64,1.0,10.0,11.7,1.59,10.77,28.47
115,NTRS.O,노던 트러스트,5,120,14,44,64,1.0,10.0,11.7,13.15,8.6,28.01
115,GLPI.O,게이밍 앤드 레저 프로퍼티스,5,120,14,44,64,1.0,10.0,11.7,13.66,6.77,29.67
115,REG.O,리젠시 센터스,5,120,14,44,64,1.0,10.0,11.7,0.52,8.76,28.11
115,NWSA.O,뉴스 코퍼레이션 Class A,5,120,14,44,64,1.0,10.0,11.7,14.03,9.64,29.14
115,HAS.O,해즈브로,5,120,14,44,64,1.0,10.0,11.7,1.19,7.83,30.05
115,SEIC.O,SEI 인베스트먼트,5,120,14,44,64,1.0,10.0,11.7,11.34,11.93,25.92
115,OTEX.O,오픈 텍스트,5,120,14,44,64,1.0,10.0,11.7,10.03,13.32,29.18
115,CBSH.O,커머스 뱅크셰어스,5,120,14,44,64,1.0,10.0,11.7,43.78,10.94,24.71
115,GNTX.O,젠텍스,5,120,14,44,64,1.0,10.0,11.7,22.99,13.91,29.6
115,LBRDK.O,리버티 브로드밴드 시리즈 C,5,120,14,44,64,1.0,10.0,11.7,-20.55,8.56,29.81
115,BOKF.O,BOK 파이낸셜,5,120,14,44,64,1.0,10.0,11.7,20.03,10.73,30.63
115,ONB.O,올드 내셔널 뱅코프,5,120,14,44,64,1.0,10.0,11.7,18.06,9.39,29.06
115,NWS.O,뉴스 코퍼레이션 Class B,5,120,14,44,64,1.0,10.0,11.7,14.52,10.08,29.0
115,UBSI.O,유나이티드 뱅크셰어스(Nasdaq GS),5,120,14,44,64,1.0,10.0,11.7,4.21,8.26,31.06
115,UMBF.O,UMB 파이낸셜,5,120,14,44,64,1.0,10.0,11.7,57.04,12.73,31.3
115,AVT.O,에이브이넷,5,120,14,44,64,1.0,10.0,11.7,6.41,10.14,29.6
115,FMBH.O,퍼스트미드 뱅크셰어스,5,120,14,44,64,1.0,10.0,11.7,53.82,11.15,31.54
115,LLYVA.O,리버티 미디어 Series A,5,120,14,44,64,1.0,10.0,11.7,0.0,8.0,31.72
115,PBBK.O,PB 뱅크셰어,5,120,14,44,64,1.0,10.0,11.7,0.0,9.17,25.53
115,VBNK.O,버사뱅크,5,120,14,44,64,1.0,10.0,11.7,45.67,8.13,29.25
115,BCML.O,베이컴,5,120,14,44,64,1.0,10.0,11.7,63.68,12.6,31.54
115,UTMD.O,유타 메디컬 프로덕츠,5,120,14,44,64,1.0,10.0,11.7,-83.99,12.66,30.8
115,BPRN.O,뱅크 오브 프린스턴,5,120,14,44,64,1.0,10.0,11.7,4.63,9.38,33.05
115,NWFL.O,노우드 파이낸셜,5,120,14,44,64,1.0,10.0,11.7,5.26,10.26,31.89
115,RGCO.O,RGC 리소스,5,120,14,44,64,1.0,10.0,11.7,-2.19,10.16,29.86
115,BCBP.O,BCB 뱅코프,5,120,14,44,64,1.0,10.0,11.7,8.96,9.24,30.5
115,BWFG.O,뱅크웰 파이낸셜 그룹,5,120,14,44,64,1.0,10.0,11.7,21.83,8.91,29.41
115,VABK.O,버지니아 내셔널 뱅크셰어,5,120,14,44,64,1.0,10.0,11.7,80.43,8.63,30.78
115,ESSA.O,ESSA 뱅코프,5,120,14,44,64,1.0,10.0,11.7,14.36,7.75,28.89
115,MSSAU.O,Metal Sky Star Acquisition Units,5,120,14,44,64,1.0,10.0,11.7,0.0,9.24,25.99
115,WAVSU.O,Western Acquisition Ventures Units,5,120,14,44,64,1.0,10.0,11.7,0.0,8.16,29.75
115,BFIN.O,뱅크파이낸셜,5,120,14,44,64,1.0,10.0,11.7,0.63,7.21,30.49
115,GLLIU.O,Globalink Investment Units,5,120,14,44,64,1.0,10.0,11.7,0.0,10.4,32.91
115,CZWI.O,시티즌스 커뮤니티 뱅코프,5,120,14,44,64,1.0,10.0,11.7,10.87,13.18,28.84
115,FRAF.O,프랭클린 파이낸셜 서비스,5,120,14,44,64,1.0,10.0,11.7,7.02,8.08,27.71
115,MRBK.O,메리디안,5,120,14,44,64,1.0,10.0,11.7,28.7,9.41,33.02
115,CBFV.O,CB 파이낸셜 서비스,5,120,14,44,64,1.0,10.0,11.7,-0.39,7.07,28.07
115,WINVU.O,WinVest Acquisition Units,5,120,14,44,64,1.0,10.0,11.7,0.0,11.55,29.96
115,GLSTU.O,Global Star Acquisition Units,5,120,14,44,64,1.0,10.0,11.7,0.0,11.45,32.3
115,LARK.O,랜드마크 뱅코프,5,120,14,44,64,1.0,10.0,11.7,-2.77,10.46,30.51
115,SPKLU.O,Spark I Acquisition Units,5,120,14,44,64,1.0,10.0,11.7,0.0,8.19,27.97
115,ACACU.O,Acri Capital Acquisition Units,5,120,14,44,64,1.0,10.0,11.7,49.93,10.52,25.31
115,PROV.O,프로비던트 파이낸셜 홀딩스,5,120,14,44,64,1.0,10.0,11.7,-5.46,10.62,27.22
115,FLIC.O,퍼스트 오브 롱 아일랜드,5,120,14,44,64,1.0,10.0,11.7,-5.91,6.07,30.71
115,SLMBP.O,SLM 우선주 시리즈 B,5,120,14,44,64,1.0,10.0,11.7,17.47,8.43,26.38
115,UVSP.O,유니베스트 파이낸셜,5,120,14,44,64,1.0,10.0,11.7,18.28,8.74,31.52
115,IRAAU.O,Iris Acquisition Units,5,120,14,44,64,1.0,10.0,11.7,0.0,10.38,26.14
115,ICCH.O,ICC 홀딩스,5,120,14,44,64,1.0,10.0,11.7,-0.55,11.15,30.77
115,GSBC.O,그레이트 서던 뱅코프,5,120,14,44,64,1.0,10.0,11.7,34.21,13.76,30.39
115,TRST.O,트러스트코 은행 N Y,5,120,14,44,64,1.0,10.0,11.7,7.55,6.07,29.58
115,HONE.O,하버원 뱅코프,5,120,14,44,64,1.0,10.0,11.7,23.66,13.05,29.78
115,CAC.O,캠던 내셔널,5,120,14,44,64,1.0,10.0,11.7,7.42,10.47,31.2
115,YORW.O,요크 워터,5,120,14,44,64,1.0,10.0,11.7,-2.15,12.12,28.41
115,CATC.O,케임브리지 뱅코프,5,120,14,44,64,1.0,10.0,11.7,40.38,10.22,28.37
115,NFBK.O,노스필드 뱅코프,5,120,14,44,64,1.0,10.0,11.7,0.04,6.43,28.36
115,CASS.O,캐스 인포메이션 시스템즈,5,120,14,44,64,1.0,10.0,11.7,4.54,9.95,31.16
115,WASH.O,워싱턴 트러스트 뱅코프,5,120,14,44,64,1.0,10.0,11.7,-6.19,9.35,31.4
115,THFF.O,퍼스트 파이낸셜,5,120,14,44,64,1.0,10.0,11.7,5.7,8.38,28.09
115,AROW.O,애로우 파이낸셜,5,120,14,44,64,1.0,10.0,11.7,3.43,8.27,28.39
115,ITRN.O,이투란 로케이션 앤 콘트롤,5,120,14,44,64,1.0,10.0,11.7,8.4,9.0,30.29
115,GAIN.O,글래드스톤 인베스트먼트,5,120,14,44,64,1.0,10.0,11.7,76.25,9.82,26.4
115,PFIS.O,피플스 파이낸셜 서비스,5,120,14,44,64,1.0,10.0,11.7,21.6,10.48,32.65
115,MOFG.O,미드웨스트원 파이낸셜 그룹,5,120,14,44,64,1.0,10.0,11.7,-0.8,10.82,32.59
115,CARE.O,카터 뱅크셰어스,5,120,14,44,64,1.0,10.0,11.7,20.34,10.94,32.18
115,ARTNA.O,아르테시안 리소시스,5,120,14,44,64,1.0,10.0,11.7,19.23,9.07,26.07
115,HBCP.O,홈 뱅코프,5,120,14,44,64,1.0,10.0,11.7,12.83,13.8,29.42
115,BMRC.O,뱅크 오브 마린 뱅코프,5,120,14,44,64,1.0,10.0,11.7,-5.1,7.4,30.71
115,NODK.O,NI 홀딩스,5,120,14,44,64,1.0,10.0,11.7,8.49,6.1,30.73
115,ACABU.O,Atlantic Coastal Acquisition II Units,5,120,14,44,64,1.0,10.0,11.7,0.0,7.48,26.4
115,FNLC.O,퍼스트 뱅코프,5,120,14,44,64,1.0,10.0,11.7,28.7,11.47,32.35
115,CRWS.O,크라운 크래프츠,5,120,14,44,64,1.0,10.0,11.7,6.57,7.37,31.0
115,HFWA.O,헤리티지 파이낸셜,5,120,14,44,64,1.0,10.0,11.7,23.7,8.62,31.66
115,ICCH.O,ICC 홀딩스,5,120,14,49,59,1.0,10.0,11.54,13.63,11.15,30.77
115,FLIC.O,퍼스트 오브 롱 아일랜드,5,120,14,49,59,1.0,10.0,11.54,-6.58,6.07,30.71
115,SLMBP.O,SLM 우선주 시리즈 B,5,120,14,49,59,1.0,10.0,11.54,24.67,8.43,26.38
115,IRAAU.O,Iris Acquisition Units,5,120,14,49,59,1.0,10.0,11.54,0.0,10.38,26.14
115,FNLC.O,퍼스트 뱅코프,5,120,14,49,59,1.0,10.0,11.54,20.77,11.47,32.35
115,ACABU.O,Atlantic Coastal Acquisition II Units,5,120,14,49,59,1.0,10.0,11.54,0.0,7.48,26.4
115,NODK.O,NI 홀딩스,5,120,14,49,59,1.0,10.0,11.54,7.13,6.1,30.73
115,BMRC.O,뱅크 오브 마린 뱅코프,5,120,14,49,59,1.0,10.0,11.54,-4.73,7.4,30.71
115,HBCP.O,홈 뱅코프,5,120,14,49,59,1.0,10.0,11.54,12.14,13.8,29.42
115,ARTNA.O,아르테시안 리소시스,5,120,14,49,59,1.0,10.0,11.54,19.69,9.07,26.07
115,CARE.O,카터 뱅크셰어스,5,120,14,49,59,1.0,10.0,11.54,34.71,10.94,32.18
115,MOFG.O,미드웨스트원 파이낸셜 그룹,5,120,14,49,59,1.0,10.0,11.54,32.76,10.82,32.59
115,PFIS.O,피플스 파이낸셜 서비스,5,120,14,49,59,1.0,10.0,11.54,11.91,10.48,32.65
115,GAIN.O,글래드스톤 인베스트먼트,5,120,14,49,59,1.0,10.0,11.54,19.27,9.82,26.4
115,ITRN.O,이투란 로케이션 앤 콘트롤,5,120,14,49,59,1.0,10.0,11.54,13.81,9.0,30.29
115,AROW.O,애로우 파이낸셜,5,120,14,49,59,1.0,10.0,11.54,7.78,8.27,28.39
115,THFF.O,퍼스트 파이낸셜,5,120,14,49,59,1.0,10.0,11.54,12.73,8.38,28.09
115,WASH.O,워싱턴 트러스트 뱅코프,5,120,14,49,59,1.0,10.0,11.54,-10.11,9.35,31.4
115,CASS.O,캐스 인포메이션 시스템즈,5,120,14,49,59,1.0,10.0,11.54,22.0,9.95,31.16
115,NFBK.O,노스필드 뱅코프,5,120,14,49,59,1.0,10.0,11.54,-3.92,6.43,28.36
115,CATC.O,케임브리지 뱅코프,5,120,14,49,59,1.0,10.0,11.54,0.37,10.22,28.37
115,YORW.O,요크 워터,5,120,14,49,59,1.0,10.0,11.54,6.25,12.12,28.41
115,CAC.O,캠던 내셔널,5,120,14,49,59,1.0,10.0,11.54,31.87,10.47,31.2
115,HONE.O,하버원 뱅코프,5,120,14,49,59,1.0,10.0,11.54,18.97,13.05,29.78
115,TRST.O,트러스트코 은행 N Y,5,120,14,49,59,1.0,10.0,11.54,9.23,6.07,29.58
115,VBNK.O,버사뱅크,5,120,14,49,59,1.0,10.0,11.54,45.67,8.13,29.25
115,BCML.O,베이컴,5,120,14,49,59,1.0,10.0,11.54,19.02,12.6,31.54
115,HFWA.O,헤리티지 파이낸셜,5,120,14,49,59,1.0,10.0,11.54,18.05,8.62,31.66
115,UTMD.O,유타 메디컬 프로덕츠,5,120,14,49,59,1.0,10.0,11.54,0.31,12.66,30.8
115,LSBK.O,레이크 쇼어 뱅코프,5,120,14,49,59,1.0,10.0,11.54,-4.23,7.09,26.55
115,HHGCU.O,HHG Capital Units,5,120,14,49,59,1.0,10.0,11.54,0.0,7.98,28.1
115,PROV.O,프로비던트 파이낸셜 홀딩스,5,120,14,49,59,1.0,10.0,11.54,2.2,10.62,27.22
115,ACACU.O,Acri Capital Acquisition Units,5,120,14,49,59,1.0,10.0,11.54,49.93,10.52,25.31
115,SPKLU.O,Spark I Acquisition Units,5,120,14,49,59,1.0,10.0,11.54,0.0,8.19,27.97
115,LARK.O,랜드마크 뱅코프,5,120,14,49,59,1.0,10.0,11.54,-2.53,10.46,30.51
115,GLSTU.O,Global Star Acquisition Units,5,120,14,49,59,1.0,10.0,11.54,0.0,11.45,32.3
115,WINVU.O,WinVest Acquisition Units,5,120,14,49,59,1.0,10.0,11.54,3.33,11.55,29.96
115,CBFV.O,CB 파이낸셜 서비스,5,120,14,49,59,1.0,10.0,11.54,2.43,7.07,28.07
115,MRBK.O,메리디안,5,120,14,49,59,1.0,10.0,11.54,10.55,9.41,33.02
115,FRAF.O,프랭클린 파이낸셜 서비스,5,120,14,49,59,1.0,10.0,11.54,11.73,8.08,27.71
115,CZWI.O,시티즌스 커뮤니티 뱅코프,5,120,14,49,59,1.0,10.0,11.54,1.14,13.18,28.84
115,GLLIU.O,Globalink Investment Units,5,120,14,49,59,1.0,10.0,11.54,0.0,10.4,32.91
115,BFIN.O,뱅크파이낸셜,5,120,14,49,59,1.0,10.0,11.54,-2.8,7.21,30.49
115,WAVSU.O,Western Acquisition Ventures Units,5,120,14,49,59,1.0,10.0,11.54,0.0,8.16,29.75
115,MSSAU.O,Metal Sky Star Acquisition Units,5,120,14,49,59,1.0,10.0,11.54,0.0,9.24,25.99
115,ESSA.O,ESSA 뱅코프,5,120,14,49,59,1.0,10.0,11.54,12.88,7.75,28.89
115,VABK.O,버지니아 내셔널 뱅크셰어,5,120,14,49,59,1.0,10.0,11.54,11.9,8.63,30.78
115,BWFG.O,뱅크웰 파이낸셜 그룹,5,120,14,49,59,1.0,10.0,11.54,5.64,8.91,29.41
115,BCBP.O,BCB 뱅코프,5,120,14,49,59,1.0,10.0,11.54,7.11,9.24,30.5
115,RGCO.O,RGC 리소스,5,120,14,49,59,1.0,10.0,11.54,-2.19,10.16,29.86
115,NWFL.O,노우드 파이낸셜,5,120,14,49,59,1.0,10.0,11.54,8.29,10.26,31.89
115,BPRN.O,뱅크 오브 프린스턴,5,120,14,49,59,1.0,10.0,11.54,6.26,9.38,33.05
115,GSBC.O,그레이트 서던 뱅코프,5,120,14,49,59,1.0,10.0,11.54,53.01,13.76,30.39
115,UVSP.O,유니베스트 파이낸셜,5,120,14,49,59,1.0,10.0,11.54,7.44,8.74,31.52
115,SELF.O,글로벌 셀프 스토리지,5,120,14,49,59,1.0,10.0,11.54,9.54,6.92,28.09
115,FIBK.O,퍼스트 인터스테이트 뱅크시스템,5,120,14,49,59,1.0,10.0,11.54,29.51,10.42,31.05
115,LBTYK.O,리버티 글로벌 Class C,5,120,14,49,59,1.0,10.0,11.54,-2.57,8.66,29.05
115,PECO.O,필립스 에디슨 & 코,5,120,14,49,59,1.0,10.0,11.54,34.41,10.22,25.08
115,AVT.O,에이브이넷,5,120,14,49,59,1.0,10.0,11.54,15.64,10.14,29.6
115,UMBF.O,UMB 파이낸셜,5,120,14,49,59,1.0,10.0,11.54,12.61,12.73,31.3
115,UBSI.O,유나이티드 뱅크셰어스(Nasdaq GS),5,120,14,49,59,1.0,10.0,11.54,11.06,8.26,31.06
115,NWS.O,뉴스 코퍼레이션 Class B,5,120,14,49,59,1.0,10.0,11.54,10.89,10.08,29.0
115,ONB.O,올드 내셔널 뱅코프,5,120,14,49,59,1.0,10.0,11.54,15.96,9.39,29.06
115,BOKF.O,BOK 파이낸셜,5,120,14,49,59,1.0,10.0,11.54,12.24,10.73,30.63
115,LBRDK.O,리버티 브로드밴드 시리즈 C,5,120,14,49,59,1.0,10.0,11.54,-14.56,8.56,29.81
115,GNTX.O,젠텍스,5,120,14,49,59,1.0,10.0,11.54,33.82,13.91,29.6
115,CBSH.O,커머스 뱅크셰어스,5,120,14,49,59,1.0,10.0,11.54,44.01,10.94,24.71
115,OTEX.O,오픈 텍스트,5,120,14,49,59,1.0,10.0,11.54,7.33,13.32,29.18
115,SEIC.O,SEI 인베스트먼트,5,120,14,49,59,1.0,10.0,11.54,11.43,11.93,25.92
115,HAS.O,해즈브로,5,120,14,49,59,1.0,10.0,11.54,7.08,7.83,30.05
115,NWSA.O,뉴스 코퍼레이션 Class A,5,120,14,49,59,1.0,10.0,11.54,11.63,9.64,29.14
115,REG.O,리젠시 센터스,5,120,14,49,59,1.0,10.0,11.54,2.72,8.76,28.11
115,GLPI.O,게이밍 앤드 레저 프로퍼티스,5,120,14,49,59,1.0,10.0,11.54,9.69,6.77,29.67
115,NTRS.O,노던 트러스트,5,120,14,49,59,1.0,10.0,11.54,9.54,8.6,28.01
115,TROW.O,티 로웨 프라이스 그룹,5,120,14,49,59,1.0,10.0,11.54,2.33,10.77,28.47
115,CCEP.O,코카-콜라 유로퍼시픽 파트너스,5,120,14,49,59,1.0,10.0,11.54,42.65,11.58,24.49
115,CTSH.O,코그니전트 테크놀로지 솔루션,5,120,14,49,59,1.0,10.0,11.54,35.1,12.19,29.0
115,PCAR.O,파카,5,120,14,49,59,1.0,10.0,11.54,31.36,11.78,27.71
115,INTC.O,인텔,5,120,14,49,59,1.0,10.0,11.54,12.67,8.11,30.6
115,FULT.O,풀턴 파이낸셜,5,120,14,49,59,1.0,10.0,11.54,15.59,10.14,31.11
115,PCH.O,포틀래치델틱,5,120,14,49,59,1.0,10.0,11.54,4.69,6.78,30.39
115,LLYVA.O,리버티 미디어 Series A,5,120,14,49,59,1.0,10.0,11.54,0.0,8.0,31.72
115,LBTYA.O,리버티 글로벌 Class A,5,120,14,49,59,1.0,10.0,11.54,-2.84,8.36,29.79
115,CTBI.O,커뮤니티 트러스트 뱅코프,5,120,14,49,59,1.0,10.0,11.54,15.35,9.43,27.12
115,FMBH.O,퍼스트미드 뱅크셰어스,5,120,14,49,59,1.0,10.0,11.54,14.2,11.15,31.54
115,LBRDA.O,리버티 브로드밴드 시리즈 A,5,120,14,49,59,1.0,10.0,11.54,-14.89,8.38,29.91
115,SBSI.O,사우스사이드 뱅크셰어스,5,120,14,49,59,1.0,10.0,11.54,25.24,10.87,28.92
115,OCFC.O,오션퍼스트 파이낸셜,5,120,14,49,59,1.0,10.0,11.54,-4.08,7.92,30.72
115,CSGS.O,CSG 시스템즈인터내셔널,5,120,14,49,59,1.0,10.0,11.54,11.64,10.75,27.71
115,BUSE.O,퍼스트 뷰지,5,120,14,49,59,1.0,10.0,11.54,3.02,10.2,31.44
115,ROIC.O,리테일 오퍼튜니티 인베스트먼트,5,120,14,49,59,1.0,10.0,11.54,-6.27,6.59,29.23
115,STBA.O,S&T 뱅코프,5,120,14,49,59,1.0,10.0,11.54,14.61,11.11,32.19
115,CLBK.O,콜롬비아 파이낸셜,5,120,14,49,59,1.0,10.0,11.54,20.79,7.36,29.22
115,WSBC.O,웨스뱅코,5,120,14,49,59,1.0,10.0,11.54,12.18,9.83,30.85
115,GCMG.O,GCM 그로스브너,5,120,14,49,59,1.0,10.0,11.54,-2.6,5.66,29.75
115,TRMK.O,트러스트마크,5,120,14,49,59,1.0,10.0,11.54,26.39,8.02,29.11
115,NBTB.O,NBT 뱅코프,5,120,14,49,59,1.0,10.0,11.54,13.44,10.47,28.47
115,PRGS.O,프로그레스 소프트웨어,5,120,14,49,59,1.0,10.0,11.54,23.06,12.89,30.64
115,WERN.O,웨너 엔터프라이즈,5,120,14,49,59,1.0,10.0,11.54,7.4,8.57,27.61
115,IART.O,인테그라 라이프사이언시스 홀딩스,5,120,14,49,59,1.0,10.0,11.54,2.85,9.72,30.85
115,TOWN.O,타운뱅크,5,120,14,49,59,1.0,10.0,11.54,13.17,11.41,31.19
115,FFBC.O,퍼스트 파이낸셜 뱅코프,5,120,14,49,59,1.0,10.0,11.54,11.48,10.35,33.13
115,INDB.O,인디펜던트 뱅크 (매사추세츠),5,120,14,49,59,1.0,10.0,11.54,-1.06,12.06,30.9
115,SFNC.O,시몬스 퍼스트 내셔널,5,120,14,49,59,1.0,10.0,11.54,3.22,8.87,32.24
115,CVBF.O,CVB 파이낸셜,5,120,14,49,59,1.0,10.0,11.54,8.61,10.14,31.66
115,WAFD.O,WaFd,5,120,14,49,59,1.0,10.0,11.54,34.23,10.16,28.58
115,CSCO.O,시스코 시스템즈,5,120,14,49,59,1.0,10.0,11.54,26.57,9.05,25.93
115,CRWS.O,크라운 크래프츠,5,120,14,49,59,1.0,10.0,11.54,1.2,7.37,31.0
115,PBBK.O,PB 뱅크셰어,5,120,14,49,59,1.0,10.0,11.54,24.87,9.17,25.53
115,PBBK.O,PB 뱅크셰어,5,120,14,34,69,1.0,10.0,11.29,0.0,9.17,25.53
115,MOFG.O,미드웨스트원 파이낸셜 그룹,5,120,14,34,69,1.0,10.0,11.29,8.21,10.82,32.59
115,FLIC.O,퍼스트 오브 롱 아일랜드,5,120,14,34,69,1.0,10.0,11.29,-0.42,6.07,30.71
115,VBNK.O,버사뱅크,5,120,14,34,69,1.0,10.0,11.29,31.59,8.13,29.25
115,SLMBP.O,SLM 우선주 시리즈 B,5,120,14,34,69,1.0,10.0,11.29,31.61,8.43,26.38
115,IRAAU.O,Iris Acquisition Units,5,120,14,34,69,1.0,10.0,11.29,0.0,10.38,26.14
115,FNLC.O,퍼스트 뱅코프,5,120,14,34,69,1.0,10.0,11.29,0.0,11.47,32.35
115,ACABU.O,Atlantic Coastal Acquisition II Units,5,120,14,34,69,1.0,10.0,11.29,0.0,7.48,26.4
115,NODK.O,NI 홀딩스,5,120,14,34,69,1.0,10.0,11.29,1.79,6.1,30.73
115,BMRC.O,뱅크 오브 마린 뱅코프,5,120,14,34,69,1.0,10.0,11.29,17.99,7.4,30.71
115,HBCP.O,홈 뱅코프,5,120,14,34,69,1.0,10.0,11.29,17.0,13.8,29.42
115,ARTNA.O,아르테시안 리소시스,5,120,14,34,69,1.0,10.0,11.29,0.0,9.07,26.07
115,CARE.O,카터 뱅크셰어스,5,120,14,34,69,1.0,10.0,11.29,22.43,10.94,32.18
115,PFIS.O,피플스 파이낸셜 서비스,5,120,14,34,69,1.0,10.0,11.29,0.0,10.48,32.65
115,UTMD.O,유타 메디컬 프로덕츠,5,120,14,34,69,1.0,10.0,11.29,0.0,12.66,30.8
115,GAIN.O,글래드스톤 인베스트먼트,5,120,14,34,69,1.0,10.0,11.29,0.0,9.82,26.4
115,ITRN.O,이투란 로케이션 앤 콘트롤,5,120,14,34,69,1.0,10.0,11.29,16.5,9.0,30.29
115,AROW.O,애로우 파이낸셜,5,120,14,34,69,1.0,10.0,11.29,78.8,8.27,28.39
115,THFF.O,퍼스트 파이낸셜,5,120,14,34,69,1.0,10.0,11.29,22.48,8.38,28.09
115,WASH.O,워싱턴 트러스트 뱅코프,5,120,14,34,69,1.0,10.0,11.29,-2.12,9.35,31.4
115,CASS.O,캐스 인포메이션 시스템즈,5,120,14,34,69,1.0,10.0,11.29,30.75,9.95,31.16
115,NFBK.O,노스필드 뱅코프,5,120,14,34,69,1.0,10.0,11.29,6.13,6.43,28.36
115,CATC.O,케임브리지 뱅코프,5,120,14,34,69,1.0,10.0,11.29,5.97,10.22,28.37
115,YORW.O,요크 워터,5,120,14,34,69,1.0,10.0,11.29,0.0,12.12,28.41
115,CAC.O,캠던 내셔널,5,120,14,34,69,1.0,10.0,11.29,16.41,10.47,31.2
115,HONE.O,하버원 뱅코프,5,120,14,34,69,1.0,10.0,11.29,0.0,13.05,29.78
115,BCML.O,베이컴,5,120,14,34,69,1.0,10.0,11.29,20.79,12.6,31.54
115,BPRN.O,뱅크 오브 프린스턴,5,120,14,34,69,1.0,10.0,11.29,17.88,9.38,33.05
115,GSBC.O,그레이트 서던 뱅코프,5,120,14,34,69,1.0,10.0,11.29,81.84,13.76,30.39
115,NWFL.O,노우드 파이낸셜,5,120,14,34,69,1.0,10.0,11.29,21.41,10.26,31.89
115,SELF.O,글로벌 셀프 스토리지,5,120,14,34,69,1.0,10.0,11.29,16.89,6.92,28.09
115,ICCH.O,ICC 홀딩스,5,120,14,34,69,1.0,10.0,11.29,7.33,11.15,30.77
115,LSBK.O,레이크 쇼어 뱅코프,5,120,14,34,69,1.0,10.0,11.29,26.2,7.09,26.55
115,HHGCU.O,HHG Capital Units,5,120,14,34,69,1.0,10.0,11.29,0.0,7.98,28.1
115,PROV.O,프로비던트 파이낸셜 홀딩스,5,120,14,34,69,1.0,10.0,11.29,-1.27,10.62,27.22
115,ACACU.O,Acri Capital Acquisition Units,5,120,14,34,69,1.0,10.0,11.29,49.93,10.52,25.31
115,SPKLU.O,Spark I Acquisition Units,5,120,14,34,69,1.0,10.0,11.29,0.0,8.19,27.97
115,LARK.O,랜드마크 뱅코프,5,120,14,34,69,1.0,10.0,11.29,-4.12,10.46,30.51
115,GLSTU.O,Global Star Acquisition Units,5,120,14,34,69,1.0,10.0,11.29,0.0,11.45,32.3
115,WINVU.O,WinVest Acquisition Units,5,120,14,34,69,1.0,10.0,11.29,0.0,11.55,29.96
115,CBFV.O,CB 파이낸셜 서비스,5,120,14,34,69,1.0,10.0,11.29,0.0,7.07,28.07
115,MRBK.O,메리디안,5,120,14,34,69,1.0,10.0,11.29,0.0,9.41,33.02
115,FRAF.O,프랭클린 파이낸셜 서비스,5,120,14,34,69,1.0,10.0,11.29,7.27,8.08,27.71
115,CZWI.O,시티즌스 커뮤니티 뱅코프,5,120,14,34,69,1.0,10.0,11.29,67.23,13.18,28.84
115,GLLIU.O,Globalink Investment Units,5,120,14,34,69,1.0,10.0,11.29,0.0,10.4,32.91
115,BFIN.O,뱅크파이낸셜,5,120,14,34,69,1.0,10.0,11.29,10.36,7.21,30.49
115,WAVSU.O,Western Acquisition Ventures Units,5,120,14,34,69,1.0,10.0,11.29,0.0,8.16,29.75
115,MSSAU.O,Metal Sky Star Acquisition Units,5,120,14,34,69,1.0,10.0,11.29,0.0,9.24,25.99
115,ESSA.O,ESSA 뱅코프,5,120,14,34,69,1.0,10.0,11.29,8.47,7.75,28.89
115,VABK.O,버지니아 내셔널 뱅크셰어,5,120,14,34,69,1.0,10.0,11.29,0.0,8.63,30.78
115,BWFG.O,뱅크웰 파이낸셜 그룹,5,120,14,34,69,1.0,10.0,11.29,56.59,8.91,29.41
115,BCBP.O,BCB 뱅코프,5,120,14,34,69,1.0,10.0,11.29,39.28,9.24,30.5
115,RGCO.O,RGC 리소스,5,120,14,34,69,1.0,10.0,11.29,0.0,10.16,29.86
115,TRST.O,트러스트코 은행 N Y,5,120,14,34,69,1.0,10.0,11.29,19.17,6.07,29.58
115,HFWA.O,헤리티지 파이낸셜,5,120,14,34,69,1.0,10.0,11.29,15.52,8.62,31.66
115,CSCO.O,시스코 시스템즈,5,120,14,34,69,1.0,10.0,11.29,19.4,9.05,25.93
115,PCH.O,포틀래치델틱,5,120,14,34,69,1.0,10.0,11.29,43.61,6.78,30.39
115,FULT.O,풀턴 파이낸셜,5,120,14,34,69,1.0,10.0,11.29,15.21,10.14,31.11
115,LBTYK.O,리버티 글로벌 Class C,5,120,14,34,69,1.0,10.0,11.29,0.0,8.66,29.05
115,PECO.O,필립스 에디슨 & 코,5,120,14,34,69,1.0,10.0,11.29,0.0,10.22,25.08
115,AVT.O,에이브이넷,5,120,14,34,69,1.0,10.0,11.29,0.0,10.14,29.6
115,UMBF.O,UMB 파이낸셜,5,120,14,34,69,1.0,10.0,11.29,0.0,12.73,31.3
115,UBSI.O,유나이티드 뱅크셰어스(Nasdaq GS),5,120,14,34,69,1.0,10.0,11.29,13.84,8.26,31.06
115,NWS.O,뉴스 코퍼레이션 Class B,5,120,14,34,69,1.0,10.0,11.29,9.35,10.08,29.0
115,ONB.O,올드 내셔널 뱅코프,5,120,14,34,69,1.0,10.0,11.29,0.0,9.39,29.06
115,BOKF.O,BOK 파이낸셜,5,120,14,34,69,1.0,10.0,11.29,0.0,10.73,30.63
115,LBRDK.O,리버티 브로드밴드 시리즈 C,5,120,14,34,69,1.0,10.0,11.29,-20.55,8.56,29.81
115,GNTX.O,젠텍스,5,120,14,34,69,1.0,10.0,11.29,0.0,13.91,29.6
115,CBSH.O,커머스 뱅크셰어스,5,120,14,34,69,1.0,10.0,11.29,43.78,10.94,24.71
115,OTEX.O,오픈 텍스트,5,120,14,34,69,1.0,10.0,11.29,0.0,13.32,29.18
115,SEIC.O,SEI 인베스트먼트,5,120,14,34,69,1.0,10.0,11.29,0.0,11.93,25.92
115,HAS.O,해즈브로,5,120,14,34,69,1.0,10.0,11.29,0.0,7.83,30.05
115,NWSA.O,뉴스 코퍼레이션 Class A,5,120,14,34,69,1.0,10.0,11.29,10.05,9.64,29.14
115,REG.O,리젠시 센터스,5,120,14,34,69,1.0,10.0,11.29,9.89,8.76,28.11
115,GLPI.O,게이밍 앤드 레저 프로퍼티스,5,120,14,34,69,1.0,10.0,11.29,8.07,6.77,29.67
115,NTRS.O,노던 트러스트,5,120,14,34,69,1.0,10.0,11.29,29.41,8.6,28.01
115,TROW.O,티 로웨 프라이스 그룹,5,120,14,34,69,1.0,10.0,11.29,0.0,10.77,28.47
115,CCEP.O,코카-콜라 유로퍼시픽 파트너스,5,120,14,34,69,1.0,10.0,11.29,0.0,11.58,24.49
115,CTSH.O,코그니전트 테크놀로지 솔루션,5,120,14,34,69,1.0,10.0,11.29,0.0,12.19,29.0
115,PCAR.O,파카,5,120,14,34,69,1.0,10.0,11.29,0.0,11.78,27.71
115,FIBK.O,퍼스트 인터스테이트 뱅크시스템,5,120,14,34,69,1.0,10.0,11.29,12.4,10.42,31.05
115,LBTYA.O,리버티 글로벌 Class A,5,120,14,34,69,1.0,10.0,11.29,0.0,8.36,29.79
115,UVSP.O,유니베스트 파이낸셜,5,120,14,34,69,1.0,10.0,11.29,14.63,8.74,31.52
115,WAFD.O,WaFd,5,120,14,34,69,1.0,10.0,11.29,9.53,10.16,28.58
115,LLYVA.O,리버티 미디어 Series A,5,120,14,34,69,1.0,10.0,11.29,0.0,8.0,31.72
115,CTBI.O,커뮤니티 트러스트 뱅코프,5,120,14,34,69,1.0,10.0,11.29,16.55,9.43,27.12
115,FMBH.O,퍼스트미드 뱅크셰어스,5,120,14,34,69,1.0,10.0,11.29,38.18,11.15,31.54
115,LBRDA.O,리버티 브로드밴드 시리즈 A,5,120,14,34,69,1.0,10.0,11.29,-21.29,8.38,29.91
115,SBSI.O,사우스사이드 뱅크셰어스,5,120,14,34,69,1.0,10.0,11.29,2.45,10.87,28.92
115,OCFC.O,오션퍼스트 파이낸셜,5,120,14,34,69,1.0,10.0,11.29,1.79,7.92,30.72
115,CSGS.O,CSG 시스템즈인터내셔널,5,120,14,34,69,1.0,10.0,11.29,0.0,10.75,27.71
115,BUSE.O,퍼스트 뷰지,5,120,14,34,69,1.0,10.0,11.29,11.07,10.2,31.44
115,ROIC.O,리테일 오퍼튜니티 인베스트먼트,5,120,14,34,69,1.0,10.0,11.29,-0.66,6.59,29.23
115,STBA.O,S&T 뱅코프,5,120,14,34,69,1.0,10.0,11.29,19.43,11.11,32.19
115,CLBK.O,콜롬비아 파이낸셜,5,120,14,34,69,1.0,10.0,11.29,49.61,7.36,29.22
115,WSBC.O,웨스뱅코,5,120,14,34,69,1.0,10.0,11.29,9.82,9.83,30.85
115,GCMG.O,GCM 그로스브너,5,120,14,34,69,1.0,10.0,11.29,0.0,5.66,29.75
115,TRMK.O,트러스트마크,5,120,14,34,69,1.0,10.0,11.29,8.22,8.02,29.11
115,NBTB.O,NBT 뱅코프,5,120,14,34,69,1.0,10.0,11.29,9.31,10.47,28.47
115,PRGS.O,프로그레스 소프트웨어,5,120,14,34,69,1.0,10.0,11.29,0.0,12.89,30.64
115,WERN.O,웨너 엔터프라이즈,5,120,14,34,69,1.0,10.0,11.29,0.0,8.57,27.61
115,IART.O,인테그라 라이프사이언시스 홀딩스,5,120,14,34,69,1.0,10.0,11.29,0.0,9.72,30.85
115,TOWN.O,타운뱅크,5,120,14,34,69,1.0,10.0,11.29,14.38,11.41,31.19
115,FFBC.O,퍼스트 파이낸셜 뱅코프,5,120,14,34,69,1.0,10.0,11.29,13.64,10.35,33.13
115,INDB.O,인디펜던트 뱅크 (매사추세츠),5,120,14,34,69,1.0,10.0,11.29,7.03,12.06,30.9
115,SFNC.O,시몬스 퍼스트 내셔널,5,120,14,34,69,1.0,10.0,11.29,8.82,8.87,32.24
115,CVBF.O,CVB 파이낸셜,5,120,14,34,69,1.0,10.0,11.29,11.15,10.14,31.66
115,CRWS.O,크라운 크래프츠,5,120,14,34,69,1.0,10.0,11.29,42.52,7.37,31.0
115,INTC.O,인텔,5,120,14,34,69,1.0,10.0,11.29,3.84,8.11,30.6
115,CRWS.O,크라운 크래프츠,5,60,14,44,64,1.0,10.0,11.28,6.36,7.37,31.0
115,CARE.O,카터 뱅크셰어스,5,60,14,44,64,1.0,10.0,11.28,15.05,10.94,32.18
115,BCML.O,베이컴,5,60,14,44,64,1.0,10.0,11.28,48.63,12.6,31.54
115,FLIC.O,퍼스트 오브 롱 아일랜드,5,60,14,44,64,1.0,10.0,11.28,-4.62,6.07,30.71
115,VBNK.O,버사뱅크,5,60,14,44,64,1.0,10.0,11.28,45.25,8.13,29.25
115,SLMBP.O,SLM 우선주 시리즈 B,5,60,14,44,64,1.0,10.0,11.28,16.21,8.43,26.38
115,IRAAU.O,Iris Acquisition Units,5,60,14,44,64,1.0,10.0,11.28,0.0,10.38,26.14
115,FNLC.O,퍼스트 뱅코프,5,60,14,44,64,1.0,10.0,11.28,14.14,11.47,32.35
115,ACABU.O,Atlantic Coastal Acquisition II Units,5,60,14,44,64,1.0,10.0,11.28,0.0,7.48,26.4
115,NODK.O,NI 홀딩스,5,60,14,44,64,1.0,10.0,11.28,2.53,6.1,30.73
115,BMRC.O,뱅크 오브 마린 뱅코프,5,60,14,44,64,1.0,10.0,11.28,-4.15,7.4,30.71
115,HBCP.O,홈 뱅코프,5,60,14,44,64,1.0,10.0,11.28,12.4,13.8,29.42
115,ARTNA.O,아르테시안 리소시스,5,60,14,44,64,1.0,10.0,11.28,11.91,9.07,26.07
115,MOFG.O,미드웨스트원 파이낸셜 그룹,5,60,14,44,64,1.0,10.0,11.28,0.35,10.82,32.59
115,BPRN.O,뱅크 오브 프린스턴,5,60,14,44,64,1.0,10.0,11.28,7.37,9.38,33.05
115,PFIS.O,피플스 파이낸셜 서비스,5,60,14,44,64,1.0,10.0,11.28,24.38,10.48,32.65
115,GAIN.O,글래드스톤 인베스트먼트,5,60,14,44,64,1.0,10.0,11.28,73.95,9.82,26.4
115,ITRN.O,이투란 로케이션 앤 콘트롤,5,60,14,44,64,1.0,10.0,11.28,15.21,9.0,30.29
115,AROW.O,애로우 파이낸셜,5,60,14,44,64,1.0,10.0,11.28,3.95,8.27,28.39
115,THFF.O,퍼스트 파이낸셜,5,60,14,44,64,1.0,10.0,11.28,6.19,8.38,28.09
115,WASH.O,워싱턴 트러스트 뱅코프,5,60,14,44,64,1.0,10.0,11.28,-5.15,9.35,31.4
115,CASS.O,캐스 인포메이션 시스템즈,5,60,14,44,64,1.0,10.0,11.28,6.0,9.95,31.16
115,NFBK.O,노스필드 뱅코프,5,60,14,44,64,1.0,10.0,11.28,3.07,6.43,28.36
115,CATC.O,케임브리지 뱅코프,5,60,14,44,64,1.0,10.0,11.28,40.91,10.22,28.37
115,YORW.O,요크 워터,5,60,14,44,64,1.0,10.0,11.28,7.63,12.12,28.41
115,CAC.O,캠던 내셔널,5,60,14,44,64,1.0,10.0,11.28,4.71,10.47,31.2
115,UTMD.O,유타 메디컬 프로덕츠,5,60,14,44,64,1.0,10.0,11.28,-24.19,12.66,30.8
115,NWFL.O,노우드 파이낸셜,5,60,14,44,64,1.0,10.0,11.28,16.25,10.26,31.89
115,TRST.O,트러스트코 은행 N Y,5,60,14,44,64,1.0,10.0,11.28,7.28,6.07,29.58
115,WINVU.O,WinVest Acquisition Units,5,60,14,44,64,1.0,10.0,11.28,0.0,11.55,29.96
115,PBBK.O,PB 뱅크셰어,5,60,14,44,64,1.0,10.0,11.28,43.36,9.17,25.53
115,CSCO.O,시스코 시스템즈,5,60,14,44,64,1.0,10.0,11.28,17.52,9.05,25.93
115,SELF.O,글로벌 셀프 스토리지,5,60,14,44,64,1.0,10.0,11.28,5.67,6.92,28.09
115,ICCH.O,ICC 홀딩스,5,60,14,44,64,1.0,10.0,11.28,-0.66,11.15,30.77
115,LSBK.O,레이크 쇼어 뱅코프,5,60,14,44,64,1.0,10.0,11.28,-3.54,7.09,26.55
115,HHGCU.O,HHG Capital Units,5,60,14,44,64,1.0,10.0,11.28,0.0,7.98,28.1
115,PROV.O,프로비던트 파이낸셜 홀딩스,5,60,14,44,64,1.0,10.0,11.28,-4.81,10.62,27.22
115,ACACU.O,Acri Capital Acquisition Units,5,60,14,44,64,1.0,10.0,11.28,30.07,10.52,25.31
115,SPKLU.O,Spark I Acquisition Units,5,60,14,44,64,1.0,10.0,11.28,0.0,8.19,27.97
115,LARK.O,랜드마크 뱅코프,5,60,14,44,64,1.0,10.0,11.28,-1.3,10.46,30.51
115,GLSTU.O,Global Star Acquisition Units,5,60,14,44,64,1.0,10.0,11.28,0.0,11.45,32.3
115,CBFV.O,CB 파이낸셜 서비스,5,60,14,44,64,1.0,10.0,11.28,-0.78,7.07,28.07
115,RGCO.O,RGC 리소스,5,60,14,44,64,1.0,10.0,11.28,-2.05,10.16,29.86
115,MRBK.O,메리디안,5,60,14,44,64,1.0,10.0,11.28,27.48,9.41,33.02
115,FRAF.O,프랭클린 파이낸셜 서비스,5,60,14,44,64,1.0,10.0,11.28,1.2,8.08,27.71
115,CZWI.O,시티즌스 커뮤니티 뱅코프,5,60,14,44,64,1.0,10.0,11.28,15.64,13.18,28.84
115,GLLIU.O,Globalink Investment Units,5,60,14,44,64,1.0,10.0,11.28,0.0,10.4,32.91
115,BFIN.O,뱅크파이낸셜,5,60,14,44,64,1.0,10.0,11.28,1.91,7.21,30.49
115,WAVSU.O,Western Acquisition Ventures Units,5,60,14,44,64,1.0,10.0,11.28,0.0,8.16,29.75
115,MSSAU.O,Metal Sky Star Acquisition Units,5,60,14,44,64,1.0,10.0,11.28,0.0,9.24,25.99
115,ESSA.O,ESSA 뱅코프,5,60,14,44,64,1.0,10.0,11.28,12.18,7.75,28.89
115,VABK.O,버지니아 내셔널 뱅크셰어,5,60,14,44,64,1.0,10.0,11.28,28.13,8.63,30.78
115,BWFG.O,뱅크웰 파이낸셜 그룹,5,60,14,44,64,1.0,10.0,11.28,22.09,8.91,29.41
115,BCBP.O,BCB 뱅코프,5,60,14,44,64,1.0,10.0,11.28,10.73,9.24,30.5
115,HONE.O,하버원 뱅코프,5,60,14,44,64,1.0,10.0,11.28,25.48,13.05,29.78
115,UVSP.O,유니베스트 파이낸셜,5,60,14,44,64,1.0,10.0,11.28,19.18,8.74,31.52
115,GSBC.O,그레이트 서던 뱅코프,5,60,14,44,64,1.0,10.0,11.28,16.96,13.76,30.39
115,CBSH.O,커머스 뱅크셰어스,5,60,14,44,64,1.0,10.0,11.28,17.05,10.94,24.71
115,FULT.O,풀턴 파이낸셜,5,60,14,44,64,1.0,10.0,11.28,15.72,10.14,31.11
115,LBTYK.O,리버티 글로벌 Class C,5,60,14,44,64,1.0,10.0,11.28,-5.53,8.66,29.05
115,PECO.O,필립스 에디슨 & 코,5,60,14,44,64,1.0,10.0,11.28,4.36,10.22,25.08
115,AVT.O,에이브이넷,5,60,14,44,64,1.0,10.0,11.28,6.66,10.14,29.6
115,UMBF.O,UMB 파이낸셜,5,60,14,44,64,1.0,10.0,11.28,38.27,12.73,31.3
115,UBSI.O,유나이티드 뱅크셰어스(Nasdaq GS),5,60,14,44,64,1.0,10.0,11.28,5.05,8.26,31.06
115,NWS.O,뉴스 코퍼레이션 Class B,5,60,14,44,64,1.0,10.0,11.28,13.89,10.08,29.0
115,ONB.O,올드 내셔널 뱅코프,5,60,14,44,64,1.0,10.0,11.28,18.06,9.39,29.06
115,BOKF.O,BOK 파이낸셜,5,60,14,44,64,1.0,10.0,11.28,13.7,10.73,30.63
115,LBRDK.O,리버티 브로드밴드 시리즈 C,5,60,14,44,64,1.0,10.0,11.28,-1.79,8.56,29.81
115,GNTX.O,젠텍스,5,60,14,44,64,1.0,10.0,11.28,16.63,13.91,29.6
115,OTEX.O,오픈 텍스트,5,60,14,44,64,1.0,10.0,11.28,2.94,13.32,29.18
115,PCH.O,포틀래치델틱,5,60,14,44,64,1.0,10.0,11.28,19.58,6.78,30.39
115,SEIC.O,SEI 인베스트먼트,5,60,14,44,64,1.0,10.0,11.28,12.04,11.93,25.92
115,HAS.O,해즈브로,5,60,14,44,64,1.0,10.0,11.28,8.3,7.83,30.05
115,NWSA.O,뉴스 코퍼레이션 Class A,5,60,14,44,64,1.0,10.0,11.28,12.81,9.64,29.14
115,REG.O,리젠시 센터스,5,60,14,44,64,1.0,10.0,11.28,6.82,8.76,28.11
115,GLPI.O,게이밍 앤드 레저 프로퍼티스,5,60,14,44,64,1.0,10.0,11.28,19.98,6.77,29.67
115,NTRS.O,노던 트러스트,5,60,14,44,64,1.0,10.0,11.28,15.19,8.6,28.01
115,TROW.O,티 로웨 프라이스 그룹,5,60,14,44,64,1.0,10.0,11.28,8.44,10.77,28.47
115,CCEP.O,코카-콜라 유로퍼시픽 파트너스,5,60,14,44,64,1.0,10.0,11.28,75.96,11.58,24.49
115,CTSH.O,코그니전트 테크놀로지 솔루션,5,60,14,44,64,1.0,10.0,11.28,10.99,12.19,29.0
115,PCAR.O,파카,5,60,14,44,64,1.0,10.0,11.28,35.43,11.78,27.71
115,HFWA.O,헤리티지 파이낸셜,5,60,14,44,64,1.0,10.0,11.28,13.72,8.62,31.66
115,FIBK.O,퍼스트 인터스테이트 뱅크시스템,5,60,14,44,64,1.0,10.0,11.28,5.87,10.42,31.05
115,INTC.O,인텔,5,60,14,44,64,1.0,10.0,11.28,-3.04,8.11,30.6
115,LBTYA.O,리버티 글로벌 Class A,5,60,14,44,64,1.0,10.0,11.28,-5.87,8.36,29.79
115,WSBC.O,웨스뱅코,5,60,14,44,64,1.0,10.0,11.28,-1.24,9.83,30.85
115,WAFD.O,WaFd,5,60,14,44,64,1.0,10.0,11.28,10.19,10.16,28.58
115,LLYVA.O,리버티 미디어 Series A,5,60,14,44,64,1.0,10.0,11.28,0.0,8.0,31.72
115,CTBI.O,커뮤니티 트러스트 뱅코프,5,60,14,44,64,1.0,10.0,11.28,7.63,9.43,27.12
115,FMBH.O,퍼스트미드 뱅크셰어스,5,60,14,44,64,1.0,10.0,11.28,19.92,11.15,31.54
115,LBRDA.O,리버티 브로드밴드 시리즈 A,5,60,14,44,64,1.0,10.0,11.28,-1.22,8.38,29.91
115,SBSI.O,사우스사이드 뱅크셰어스,5,60,14,44,64,1.0,10.0,11.28,41.23,10.87,28.92
115,OCFC.O,오션퍼스트 파이낸셜,5,60,14,44,64,1.0,10.0,11.28,0.83,7.92,30.72
115,BUSE.O,퍼스트 뷰지,5,60,14,44,64,1.0,10.0,11.28,3.38,10.2,31.44
115,ROIC.O,리테일 오퍼튜니티 인베스트먼트,5,60,14,44,64,1.0,10.0,11.28,-2.82,6.59,29.23
115,STBA.O,S&T 뱅코프,5,60,14,44,64,1.0,10.0,11.28,12.23,11.11,32.19
115,CLBK.O,콜롬비아 파이낸셜,5,60,14,44,64,1.0,10.0,11.28,4.36,7.36,29.22
115,CSGS.O,CSG 시스템즈인터내셔널,5,60,14,44,64,1.0,10.0,11.28,21.89,10.75,27.71
115,GCMG.O,GCM 그로스브너,5,60,14,44,64,1.0,10.0,11.28,3.19,5.66,29.75
115,NBTB.O,NBT 뱅코프,5,60,14,44,64,1.0,10.0,11.28,18.53,10.47,28.47
115,PRGS.O,프로그레스 소프트웨어,5,60,14,44,64,1.0,10.0,11.28,13.13,12.89,30.64
115,CVBF.O,CVB 파이낸셜,5,60,14,44,64,1.0,10.0,11.28,32.14,10.14,31.66
115,WERN.O,웨너 엔터프라이즈,5,60,14,44,64,1.0,10.0,11.28,11.58,8.57,27.61
115,IART.O,인테그라 라이프사이언시스 홀딩스,5,60,14,44,64,1.0,10.0,11.28,1.03,9.72,30.85
115,TOWN.O,타운뱅크,5,60,14,44,64,1.0,10.0,11.28,18.5,11.41,31.19
115,FFBC.O,퍼스트 파이낸셜 뱅코프,5,60,14,44,64,1.0,10.0,11.28,3.91,10.35,33.13
115,INDB.O,인디펜던트 뱅크 (매사추세츠),5,60,14,44,64,1.0,10.0,11.28,3.56,12.06,30.9
115,SFNC.O,시몬스 퍼스트 내셔널,5,60,14,44,64,1.0,10.0,11.28,5.74,8.87,32.24
115,TRMK.O,트러스트마크,5,60,14,44,64,1.0,10.0,11.28,4.53,8.02,29.11
115,FFBC.O,퍼스트 파이낸셜 뱅코프,5,60,14,39,69,1.0,10.0,10.85,12.71,10.35,33.13
115,PRGS.O,프로그레스 소프트웨어,5,60,14,39,69,1.0,10.0,10.85,11.05,12.89,30.64
115,WERN.O,웨너 엔터프라이즈,5,60,14,39,69,1.0,10.0,10.85,9.02,8.57,27.61
115,IART.O,인테그라 라이프사이언시스 홀딩스,5,60,14,39,69,1.0,10.0,10.85,5.8,9.72,30.85
115,TOWN.O,타운뱅크,5,60,14,39,69,1.0,10.0,10.85,8.87,11.41,31.19
115,LBTYA.O,리버티 글로벌 Class A,5,60,14,39,69,1.0,10.0,10.85,-6.21,8.36,29.79
115,INDB.O,인디펜던트 뱅크 (매사추세츠),5,60,14,39,69,1.0,10.0,10.85,24.13,12.06,30.9
115,SFNC.O,시몬스 퍼스트 내셔널,5,60,14,39,69,1.0,10.0,10.85,11.11,8.87,32.24
115,CVBF.O,CVB 파이낸셜,5,60,14,39,69,1.0,10.0,10.85,29.83,10.14,31.66
115,WAFD.O,WaFd,5,60,14,39,69,1.0,10.0,10.85,10.19,10.16,28.58
115,TRMK.O,트러스트마크,5,60,14,39,69,1.0,10.0,10.85,9.49,8.02,29.11
115,NBTB.O,NBT 뱅코프,5,60,14,39,69,1.0,10.0,10.85,11.2,10.47,28.47
115,CTBI.O,커뮤니티 트러스트 뱅코프,5,60,14,39,69,1.0,10.0,10.85,14.31,9.43,27.12
115,GCMG.O,GCM 그로스브너,5,60,14,39,69,1.0,10.0,10.85,18.85,5.66,29.75
115,WSBC.O,웨스뱅코,5,60,14,39,69,1.0,10.0,10.85,7.39,9.83,30.85
115,CLBK.O,콜롬비아 파이낸셜,5,60,14,39,69,1.0,10.0,10.85,27.9,7.36,29.22
115,STBA.O,S&T 뱅코프,5,60,14,39,69,1.0,10.0,10.85,17.86,11.11,32.19
115,ROIC.O,리테일 오퍼튜니티 인베스트먼트,5,60,14,39,69,1.0,10.0,10.85,-5.59,6.59,29.23
115,BUSE.O,퍼스트 뷰지,5,60,14,39,69,1.0,10.0,10.85,10.12,10.2,31.44
115,CSGS.O,CSG 시스템즈인터내셔널,5,60,14,39,69,1.0,10.0,10.85,48.89,10.75,27.71
115,OCFC.O,오션퍼스트 파이낸셜,5,60,14,39,69,1.0,10.0,10.85,-4.71,7.92,30.72
115,SBSI.O,사우스사이드 뱅크셰어스,5,60,14,39,69,1.0,10.0,10.85,36.57,10.87,28.92
115,LBRDA.O,리버티 브로드밴드 시리즈 A,5,60,14,39,69,1.0,10.0,10.85,-25.74,8.38,29.91
115,FMBH.O,퍼스트미드 뱅크셰어스,5,60,14,39,69,1.0,10.0,10.85,50.32,11.15,31.54
115,PCH.O,포틀래치델틱,5,60,14,39,69,1.0,10.0,10.85,21.31,6.78,30.39
115,CSCO.O,시스코 시스템즈,5,60,14,39,69,1.0,10.0,10.85,10.48,9.05,25.93
115,GNTX.O,젠텍스,5,60,14,39,69,1.0,10.0,10.85,69.42,13.91,29.6
115,FIBK.O,퍼스트 인터스테이트 뱅크시스템,5,60,14,39,69,1.0,10.0,10.85,7.74,10.42,31.05
115,FULT.O,풀턴 파이낸셜,5,60,14,39,69,1.0,10.0,10.85,14.45,10.14,31.11
115,UVSP.O,유니베스트 파이낸셜,5,60,14,39,69,1.0,10.0,10.85,7.63,8.74,31.52
115,INTC.O,인텔,5,60,14,39,69,1.0,10.0,10.85,1.76,8.11,30.6
115,PCAR.O,파카,5,60,14,39,69,1.0,10.0,10.85,21.81,11.78,27.71
115,CTSH.O,코그니전트 테크놀로지 솔루션,5,60,14,39,69,1.0,10.0,10.85,14.05,12.19,29.0
115,CCEP.O,코카-콜라 유로퍼시픽 파트너스,5,60,14,39,69,1.0,10.0,10.85,0.0,11.58,24.49
115,TROW.O,티 로웨 프라이스 그룹,5,60,14,39,69,1.0,10.0,10.85,15.64,10.77,28.47
115,NTRS.O,노던 트러스트,5,60,14,39,69,1.0,10.0,10.85,24.78,8.6,28.01
115,GLPI.O,게이밍 앤드 레저 프로퍼티스,5,60,14,39,69,1.0,10.0,10.85,9.2,6.77,29.67
115,REG.O,리젠시 센터스,5,60,14,39,69,1.0,10.0,10.85,13.65,8.76,28.11
115,NWSA.O,뉴스 코퍼레이션 Class A,5,60,14,39,69,1.0,10.0,10.85,15.08,9.64,29.14
115,HAS.O,해즈브로,5,60,14,39,69,1.0,10.0,10.85,10.81,7.83,30.05
115,SEIC.O,SEI 인베스트먼트,5,60,14,39,69,1.0,10.0,10.85,12.04,11.93,25.92
115,OTEX.O,오픈 텍스트,5,60,14,39,69,1.0,10.0,10.85,4.05,13.32,29.18
115,CBSH.O,커머스 뱅크셰어스,5,60,14,39,69,1.0,10.0,10.85,17.94,10.94,24.71
115,LBRDK.O,리버티 브로드밴드 시리즈 C,5,60,14,39,69,1.0,10.0,10.85,-11.71,8.56,29.81
115,BOKF.O,BOK 파이낸셜,5,60,14,39,69,1.0,10.0,10.85,18.03,10.73,30.63
115,ONB.O,올드 내셔널 뱅코프,5,60,14,39,69,1.0,10.0,10.85,17.96,9.39,29.06
115,NWS.O,뉴스 코퍼레이션 Class B,5,60,14,39,69,1.0,10.0,10.85,7.59,10.08,29.0
115,UBSI.O,유나이티드 뱅크셰어스(Nasdaq GS),5,60,14,39,69,1.0,10.0,10.85,9.5,8.26,31.06
115,UMBF.O,UMB 파이낸셜,5,60,14,39,69,1.0,10.0,10.85,63.54,12.73,31.3
115,AVT.O,에이브이넷,5,60,14,39,69,1.0,10.0,10.85,16.35,10.14,29.6
115,PECO.O,필립스 에디슨 & 코,5,60,14,39,69,1.0,10.0,10.85,0.0,10.22,25.08
115,LBTYK.O,리버티 글로벌 Class C,5,60,14,39,69,1.0,10.0,10.85,-5.28,8.66,29.05
115,LLYVA.O,리버티 미디어 Series A,5,60,14,39,69,1.0,10.0,10.85,0.0,8.0,31.72
115,BCML.O,베이컴,5,60,14,39,69,1.0,10.0,10.85,18.28,12.6,31.54
115,HFWA.O,헤리티지 파이낸셜,5,60,14,39,69,1.0,10.0,10.85,19.38,8.62,31.66
115,MRBK.O,메리디안,5,60,14,39,69,1.0,10.0,10.85,33.14,9.41,33.02
115,RGCO.O,RGC 리소스,5,60,14,39,69,1.0,10.0,10.85,-1.17,10.16,29.86
115,BCBP.O,BCB 뱅코프,5,60,14,39,69,1.0,10.0,10.85,21.96,9.24,30.5
115,BWFG.O,뱅크웰 파이낸셜 그룹,5,60,14,39,69,1.0,10.0,10.85,17.08,8.91,29.41
115,VABK.O,버지니아 내셔널 뱅크셰어,5,60,14,39,69,1.0,10.0,10.85,10.17,8.63,30.78
115,ESSA.O,ESSA 뱅코프,5,60,14,39,69,1.0,10.0,10.85,10.64,7.75,28.89
115,MSSAU.O,Metal Sky Star Acquisition Units,5,60,14,39,69,1.0,10.0,10.85,0.0,9.24,25.99
115,WAVSU.O,Western Acquisition Ventures Units,5,60,14,39,69,1.0,10.0,10.85,0.0,8.16,29.75
115,BFIN.O,뱅크파이낸셜,5,60,14,39,69,1.0,10.0,10.85,3.92,7.21,30.49
115,GLLIU.O,Globalink Investment Units,5,60,14,39,69,1.0,10.0,10.85,0.0,10.4,32.91
115,CZWI.O,시티즌스 커뮤니티 뱅코프,5,60,14,39,69,1.0,10.0,10.85,20.37,13.18,28.84
115,FRAF.O,프랭클린 파이낸셜 서비스,5,60,14,39,69,1.0,10.0,10.85,5.37,8.08,27.71
115,CBFV.O,CB 파이낸셜 서비스,5,60,14,39,69,1.0,10.0,10.85,-0.78,7.07,28.07
115,GSBC.O,그레이트 서던 뱅코프,5,60,14,39,69,1.0,10.0,10.85,23.02,13.76,30.39
115,WINVU.O,WinVest Acquisition Units,5,60,14,39,69,1.0,10.0,10.85,0.0,11.55,29.96
115,GLSTU.O,Global Star Acquisition Units,5,60,14,39,69,1.0,10.0,10.85,0.0,11.45,32.3
115,LARK.O,랜드마크 뱅코프,5,60,14,39,69,1.0,10.0,10.85,-1.3,10.46,30.51
115,SPKLU.O,Spark I Acquisition Units,5,60,14,39,69,1.0,10.0,10.85,0.0,8.19,27.97
115,ACACU.O,Acri Capital Acquisition Units,5,60,14,39,69,1.0,10.0,10.85,30.07,10.52,25.31
115,PROV.O,프로비던트 파이낸셜 홀딩스,5,60,14,39,69,1.0,10.0,10.85,-3.31,10.62,27.22
115,HHGCU.O,HHG Capital Units,5,60,14,39,69,1.0,10.0,10.85,0.0,7.98,28.1
115,LSBK.O,레이크 쇼어 뱅코프,5,60,14,39,69,1.0,10.0,10.85,-1.74,7.09,26.55
115,ICCH.O,ICC 홀딩스,5,60,14,39,69,1.0,10.0,10.85,1.94,11.15,30.77
115,SELF.O,글로벌 셀프 스토리지,5,60,14,39,69,1.0,10.0,10.85,12.12,6.92,28.09
115,CRWS.O,크라운 크래프츠,5,60,14,39,69,1.0,10.0,10.85,3.73,7.37,31.0
115,NWFL.O,노우드 파이낸셜,5,60,14,39,69,1.0,10.0,10.85,9.12,10.26,31.89
115,BPRN.O,뱅크 오브 프린스턴,5,60,14,39,69,1.0,10.0,10.85,4.43,9.38,33.05
115,UTMD.O,유타 메디컬 프로덕츠,5,60,14,39,69,1.0,10.0,10.85,-1.78,12.66,30.8
115,FLIC.O,퍼스트 오브 롱 아일랜드,5,60,14,39,69,1.0,10.0,10.85,-2.58,6.07,30.71
115,HONE.O,하버원 뱅코프,5,60,14,39,69,1.0,10.0,10.85,27.94,13.05,29.78
115,CAC.O,캠던 내셔널,5,60,14,39,69,1.0,10.0,10.85,8.22,10.47,31.2
115,YORW.O,요크 워터,5,60,14,39,69,1.0,10.0,10.85,15.54,12.12,28.41
115,CATC.O,케임브리지 뱅코프,5,60,14,39,69,1.0,10.0,10.85,7.41,10.22,28.37
115,NFBK.O,노스필드 뱅코프,5,60,14,39,69,1.0,10.0,10.85,-1.72,6.43,28.36
115,CASS.O,캐스 인포메이션 시스템즈,5,60,14,39,69,1.0,10.0,10.85,8.06,9.95,31.16
115,WASH.O,워싱턴 트러스트 뱅코프,5,60,14,39,69,1.0,10.0,10.85,-2.32,9.35,31.4
115,THFF.O,퍼스트 파이낸셜,5,60,14,39,69,1.0,10.0,10.85,7.41,8.38,28.09
115,AROW.O,애로우 파이낸셜,5,60,14,39,69,1.0,10.0,10.85,2.84,8.27,28.39
115,ITRN.O,이투란 로케이션 앤 콘트롤,5,60,14,39,69,1.0,10.0,10.85,12.95,9.0,30.29
115,GAIN.O,글래드스톤 인베스트먼트,5,60,14,39,69,1.0,10.0,10.85,0.0,9.82,26.4
115,PFIS.O,피플스 파이낸셜 서비스,5,60,14,39,69,1.0,10.0,10.85,29.84,10.48,32.65
115,MOFG.O,미드웨스트원 파이낸셜 그룹,5,60,14,39,69,1.0,10.0,10.85,11.16,10.82,32.59
115,CARE.O,카터 뱅크셰어스,5,60,14,39,69,1.0,10.0,10.85,15.12,10.94,32.18
115,ARTNA.O,아르테시안 리소시스,5,60,14,39,69,1.0,10.0,10.85,6.86,9.07,26.07
115,HBCP.O,홈 뱅코프,5,60,14,39,69,1.0,10.0,10.85,4.42,13.8,29.42
115,BMRC.O,뱅크 오브 마린 뱅코프,5,60,14,39,69,1.0,10.0,10.85,-9.79,7.4,30.71
115,NODK.O,NI 홀딩스,5,60,14,39,69,1.0,10.0,10.85,5.67,6.1,30.73
115,ACABU.O,Atlantic Coastal Acquisition II Units,5,60,14,39,69,1.0,10.0,10.85,0.0,7.48,26.4
115,FNLC.O,퍼스트 뱅코프,5,60,14,39,69,1.0,10.0,10.85,11.24,11.47,32.35
115,IRAAU.O,Iris Acquisition Units,5,60,14,39,69,1.0,10.0,10.85,0.0,10.38,26.14
115,SLMBP.O,SLM 우선주 시리즈 B,5,60,14,39,69,1.0,10.0,10.85,11.81,8.43,26.38
115,VBNK.O,버사뱅크,5,60,14,39,69,1.0,10.0,10.85,31.41,8.13,29.25
115,PBBK.O,PB 뱅크셰어,5,60,14,39,69,1.0,10.0,10.85,0.0,9.17,25.53
115,TRST.O,트러스트코 은행 N Y,5,60,14,39,69,1.0,10.0,10.85,5.61,6.07,29.58
115,INTC.O,인텔,5,60,14,34,74,1.0,10.0,10.43,1.76,8.11,30.6
115,CARE.O,카터 뱅크셰어스,5,60,14,34,74,1.0,10.0,10.43,13.87,10.94,32.18
115,BCML.O,베이컴,5,60,14,34,74,1.0,10.0,10.43,17.88,12.6,31.54
115,FLIC.O,퍼스트 오브 롱 아일랜드,5,60,14,34,74,1.0,10.0,10.43,2.11,6.07,30.71
115,VBNK.O,버사뱅크,5,60,14,34,74,1.0,10.0,10.43,31.41,8.13,29.25
115,SLMBP.O,SLM 우선주 시리즈 B,5,60,14,34,74,1.0,10.0,10.43,8.21,8.43,26.38
115,IRAAU.O,Iris Acquisition Units,5,60,14,34,74,1.0,10.0,10.43,0.0,10.38,26.14
115,FNLC.O,퍼스트 뱅코프,5,60,14,34,74,1.0,10.0,10.43,0.0,11.47,32.35
115,ACABU.O,Atlantic Coastal Acquisition II Units,5,60,14,34,74,1.0,10.0,10.43,0.0,7.48,26.4
115,NODK.O,NI 홀딩스,5,60,14,34,74,1.0,10.0,10.43,5.67,6.1,30.73
115,BMRC.O,뱅크 오브 마린 뱅코프,5,60,14,34,74,1.0,10.0,10.43,13.41,7.4,30.71
115,HBCP.O,홈 뱅코프,5,60,14,34,74,1.0,10.0,10.43,13.28,13.8,29.42
115,ARTNA.O,아르테시안 리소시스,5,60,14,34,74,1.0,10.0,10.43,0.0,9.07,26.07
115,MOFG.O,미드웨스트원 파이낸셜 그룹,5,60,14,34,74,1.0,10.0,10.43,11.16,10.82,32.59
115,TRST.O,트러스트코 은행 N Y,5,60,14,34,74,1.0,10.0,10.43,24.58,6.07,29.58
115,PFIS.O,피플스 파이낸셜 서비스,5,60,14,34,74,1.0,10.0,10.43,9.23,10.48,32.65
115,GAIN.O,글래드스톤 인베스트먼트,5,60,14,34,74,1.0,10.0,10.43,0.0,9.82,26.4
115,ITRN.O,이투란 로케이션 앤 콘트롤,5,60,14,34,74,1.0,10.0,10.43,15.35,9.0,30.29
115,AROW.O,애로우 파이낸셜,5,60,14,34,74,1.0,10.0,10.43,48.93,8.27,28.39
115,THFF.O,퍼스트 파이낸셜,5,60,14,34,74,1.0,10.0,10.43,23.99,8.38,28.09
115,WASH.O,워싱턴 트러스트 뱅코프,5,60,14,34,74,1.0,10.0,10.43,-2.32,9.35,31.4
115,CASS.O,캐스 인포메이션 시스템즈,5,60,14,34,74,1.0,10.0,10.43,38.28,9.95,31.16
115,NFBK.O,노스필드 뱅코프,5,60,14,34,74,1.0,10.0,10.43,2.55,6.43,28.36
115,CATC.O,케임브리지 뱅코프,5,60,14,34,74,1.0,10.0,10.43,7.41,10.22,28.37
115,YORW.O,요크 워터,5,60,14,34,74,1.0,10.0,10.43,0.0,12.12,28.41
115,CAC.O,캠던 내셔널,5,60,14,34,74,1.0,10.0,10.43,15.1,10.47,31.2
115,BPRN.O,뱅크 오브 프린스턴,5,60,14,34,74,1.0,10.0,10.43,13.93,9.38,33.05
115,NWFL.O,노우드 파이낸셜,5,60,14,34,74,1.0,10.0,10.43,10.34,10.26,31.89
115,RGCO.O,RGC 리소스,5,60,14,34,74,1.0,10.0,10.43,3.86,10.16,29.86
115,BCBP.O,BCB 뱅코프,5,60,14,34,74,1.0,10.0,10.43,33.76,9.24,30.5
115,PBBK.O,PB 뱅크셰어,5,60,14,34,74,1.0,10.0,10.43,0.0,9.17,25.53
115,CRWS.O,크라운 크래프츠,5,60,14,34,74,1.0,10.0,10.43,6.26,7.37,31.0
115,SELF.O,글로벌 셀프 스토리지,5,60,14,34,74,1.0,10.0,10.43,10.36,6.92,28.09
115,ICCH.O,ICC 홀딩스,5,60,14,34,74,1.0,10.0,10.43,9.11,11.15,30.77
115,LSBK.O,레이크 쇼어 뱅코프,5,60,14,34,74,1.0,10.0,10.43,-1.74,7.09,26.55
115,HHGCU.O,HHG Capital Units,5,60,14,34,74,1.0,10.0,10.43,0.0,7.98,28.1
115,PROV.O,프로비던트 파이낸셜 홀딩스,5,60,14,34,74,1.0,10.0,10.43,-3.31,10.62,27.22
115,ACACU.O,Acri Capital Acquisition Units,5,60,14,34,74,1.0,10.0,10.43,48.64,10.52,25.31
115,SPKLU.O,Spark I Acquisition Units,5,60,14,34,74,1.0,10.0,10.43,0.0,8.19,27.97
115,LARK.O,랜드마크 뱅코프,5,60,14,34,74,1.0,10.0,10.43,-2.98,10.46,30.51
115,GLSTU.O,Global Star Acquisition Units,5,60,14,34,74,1.0,10.0,10.43,0.0,11.45,32.3
115,WINVU.O,WinVest Acquisition Units,5,60,14,34,74,1.0,10.0,10.43,0.0,11.55,29.96
115,CBFV.O,CB 파이낸셜 서비스,5,60,14,34,74,1.0,10.0,10.43,0.0,7.07,28.07
115,MRBK.O,메리디안,5,60,14,34,74,1.0,10.0,10.43,0.0,9.41,33.02
115,FRAF.O,프랭클린 파이낸셜 서비스,5,60,14,34,74,1.0,10.0,10.43,10.36,8.08,27.71
115,CZWI.O,시티즌스 커뮤니티 뱅코프,5,60,14,34,74,1.0,10.0,10.43,52.79,13.18,28.84
115,GLLIU.O,Globalink Investment Units,5,60,14,34,74,1.0,10.0,10.43,0.0,10.4,32.91
115,BFIN.O,뱅크파이낸셜,5,60,14,34,74,1.0,10.0,10.43,3.07,7.21,30.49
115,WAVSU.O,Western Acquisition Ventures Units,5,60,14,34,74,1.0,10.0,10.43,0.0,8.16,29.75
115,MSSAU.O,Metal Sky Star Acquisition Units,5,60,14,34,74,1.0,10.0,10.43,0.0,9.24,25.99
115,ESSA.O,ESSA 뱅코프,5,60,14,34,74,1.0,10.0,10.43,8.35,7.75,28.89
115,VABK.O,버지니아 내셔널 뱅크셰어,5,60,14,34,74,1.0,10.0,10.43,0.0,8.63,30.78
115,BWFG.O,뱅크웰 파이낸셜 그룹,5,60,14,34,74,1.0,10.0,10.43,20.73,8.91,29.41
115,HONE.O,하버원 뱅코프,5,60,14,34,74,1.0,10.0,10.43,43.4,13.05,29.78
115,UTMD.O,유타 메디컬 프로덕츠,5,60,14,34,74,1.0,10.0,10.43,-1.78,12.66,30.8
115,GSBC.O,그레이트 서던 뱅코프,5,60,14,34,74,1.0,10.0,10.43,27.02,13.76,30.39
115,LBTYA.O,리버티 글로벌 Class A,5,60,14,34,74,1.0,10.0,10.43,-3.63,8.36,29.79
115,FIBK.O,퍼스트 인터스테이트 뱅크시스템,5,60,14,34,74,1.0,10.0,10.43,28.96,10.42,31.05
115,FULT.O,풀턴 파이낸셜,5,60,14,34,74,1.0,10.0,10.43,16.22,10.14,31.11
115,LBTYK.O,리버티 글로벌 Class C,5,60,14,34,74,1.0,10.0,10.43,2.34,8.66,29.05
115,PECO.O,필립스 에디슨 & 코,5,60,14,34,74,1.0,10.0,10.43,0.0,10.22,25.08
115,AVT.O,에이브이넷,5,60,14,34,74,1.0,10.0,10.43,0.0,10.14,29.6
115,UMBF.O,UMB 파이낸셜,5,60,14,34,74,1.0,10.0,10.43,0.0,12.73,31.3
115,UBSI.O,유나이티드 뱅크셰어스(Nasdaq GS),5,60,14,34,74,1.0,10.0,10.43,4.39,8.26,31.06
115,NWS.O,뉴스 코퍼레이션 Class B,5,60,14,34,74,1.0,10.0,10.43,10.72,10.08,29.0
115,ONB.O,올드 내셔널 뱅코프,5,60,14,34,74,1.0,10.0,10.43,0.0,9.39,29.06
115,BOKF.O,BOK 파이낸셜,5,60,14,34,74,1.0,10.0,10.43,0.0,10.73,30.63
115,LBRDK.O,리버티 브로드밴드 시리즈 C,5,60,14,34,74,1.0,10.0,10.43,-16.39,8.56,29.81
115,GNTX.O,젠텍스,5,60,14,34,74,1.0,10.0,10.43,0.0,13.91,29.6
115,CBSH.O,커머스 뱅크셰어스,5,60,14,34,74,1.0,10.0,10.43,20.83,10.94,24.71
115,OTEX.O,오픈 텍스트,5,60,14,34,74,1.0,10.0,10.43,0.0,13.32,29.18
115,SEIC.O,SEI 인베스트먼트,5,60,14,34,74,1.0,10.0,10.43,43.59,11.93,25.92
115,HAS.O,해즈브로,5,60,14,34,74,1.0,10.0,10.43,13.99,7.83,30.05
115,NWSA.O,뉴스 코퍼레이션 Class A,5,60,14,34,74,1.0,10.0,10.43,11.66,9.64,29.14
115,REG.O,리젠시 센터스,5,60,14,34,74,1.0,10.0,10.43,8.88,8.76,28.11
115,GLPI.O,게이밍 앤드 레저 프로퍼티스,5,60,14,34,74,1.0,10.0,10.43,4.78,6.77,29.67
115,NTRS.O,노던 트러스트,5,60,14,34,74,1.0,10.0,10.43,6.94,8.6,28.01
115,TROW.O,티 로웨 프라이스 그룹,5,60,14,34,74,1.0,10.0,10.43,0.0,10.77,28.47
115,CCEP.O,코카-콜라 유로퍼시픽 파트너스,5,60,14,34,74,1.0,10.0,10.43,0.0,11.58,24.49
115,CTSH.O,코그니전트 테크놀로지 솔루션,5,60,14,34,74,1.0,10.0,10.43,0.0,12.19,29.0
115,HFWA.O,헤리티지 파이낸셜,5,60,14,34,74,1.0,10.0,10.43,11.03,8.62,31.66
115,PCAR.O,파카,5,60,14,34,74,1.0,10.0,10.43,8.88,11.78,27.71
115,PCH.O,포틀래치델틱,5,60,14,34,74,1.0,10.0,10.43,16.01,6.78,30.39
115,CSCO.O,시스코 시스템즈,5,60,14,34,74,1.0,10.0,10.43,15.44,9.05,25.93
115,WAFD.O,WaFd,5,60,14,34,74,1.0,10.0,10.43,15.93,10.16,28.58
115,WSBC.O,웨스뱅코,5,60,14,34,74,1.0,10.0,10.43,7.39,9.83,30.85
115,LLYVA.O,리버티 미디어 Series A,5,60,14,34,74,1.0,10.0,10.43,0.0,8.0,31.72
115,CTBI.O,커뮤니티 트러스트 뱅코프,5,60,14,34,74,1.0,10.0,10.43,19.55,9.43,27.12
115,FMBH.O,퍼스트미드 뱅크셰어스,5,60,14,34,74,1.0,10.0,10.43,33.96,11.15,31.54
115,LBRDA.O,리버티 브로드밴드 시리즈 A,5,60,14,34,74,1.0,10.0,10.43,-16.77,8.38,29.91
115,SBSI.O,사우스사이드 뱅크셰어스,5,60,14,34,74,1.0,10.0,10.43,6.95,10.87,28.92
115,OCFC.O,오션퍼스트 파이낸셜,5,60,14,34,74,1.0,10.0,10.43,1.66,7.92,30.72
115,CSGS.O,CSG 시스템즈인터내셔널,5,60,14,34,74,1.0,10.0,10.43,39.81,10.75,27.71
115,BUSE.O,퍼스트 뷰지,5,60,14,34,74,1.0,10.0,10.43,11.42,10.2,31.44
115,ROIC.O,리테일 오퍼튜니티 인베스트먼트,5,60,14,34,74,1.0,10.0,10.43,4.98,6.59,29.23
115,STBA.O,S&T 뱅코프,5,60,14,34,74,1.0,10.0,10.43,7.5,11.11,32.19
115,CLBK.O,콜롬비아 파이낸셜,5,60,14,34,74,1.0,10.0,10.43,11.73,7.36,29.22
115,UVSP.O,유니베스트 파이낸셜,5,60,14,34,74,1.0,10.0,10.43,14.33,8.74,31.52
115,GCMG.O,GCM 그로스브너,5,60,14,34,74,1.0,10.0,10.43,18.85,5.66,29.75
115,NBTB.O,NBT 뱅코프,5,60,14,34,74,1.0,10.0,10.43,13.24,10.47,28.47
115,PRGS.O,프로그레스 소프트웨어,5,60,14,34,74,1.0,10.0,10.43,12.52,12.89,30.64
115,WERN.O,웨너 엔터프라이즈,5,60,14,34,74,1.0,10.0,10.43,0.0,8.57,27.61
115,IART.O,인테그라 라이프사이언시스 홀딩스,5,60,14,34,74,1.0,10.0,10.43,25.93,9.72,30.85
115,TOWN.O,타운뱅크,5,60,14,34,74,1.0,10.0,10.43,15.11,11.41,31.19
115,FFBC.O,퍼스트 파이낸셜 뱅코프,5,60,14,34,74,1.0,10.0,10.43,12.71,10.35,33.13
115,INDB.O,인디펜던트 뱅크 (매사추세츠),5,60,14,34,74,1.0,10.0,10.43,23.6,12.06,30.9
115,SFNC.O,시몬스 퍼스트 내셔널,5,60,14,34,74,1.0,10.0,10.43,12.22,8.87,32.24
115,CVBF.O,CVB 파이낸셜,5,60,14,34,74,1.0,10.0,10.43,34.46,10.14,31.66
115,TRMK.O,트러스트마크,5,60,14,34,74,1.0,10.0,10.43,10.9,8.02,29.11
115,WERN.O,웨너 엔터프라이즈,5,60,14,29,69,1.0,10.0,9.27,0.0,8.57,27.61
115,GCMG.O,GCM 그로스브너,5,60,14,29,69,1.0,10.0,9.27,0.0,5.66,29.75
115,TRMK.O,트러스트마크,5,60,14,29,69,1.0,10.0,9.27,0.0,8.02,29.11
115,NBTB.O,NBT 뱅코프,5,60,14,29,69,1.0,10.0,9.27,10.45,10.47,28.47
115,PRGS.O,프로그레스 소프트웨어,5,60,14,29,69,1.0,10.0,9.27,0.0,12.89,30.64
115,SFNC.O,시몬스 퍼스트 내셔널,5,60,14,29,69,1.0,10.0,9.27,21.21,8.87,32.24
115,IART.O,인테그라 라이프사이언시스 홀딩스,5,60,14,29,69,1.0,10.0,9.27,0.0,9.72,30.85
115,TOWN.O,타운뱅크,5,60,14,29,69,1.0,10.0,9.27,15.31,11.41,31.19
115,FFBC.O,퍼스트 파이낸셜 뱅코프,5,60,14,29,69,1.0,10.0,9.27,0.0,10.35,33.13
115,INDB.O,인디펜던트 뱅크 (매사추세츠),5,60,14,29,69,1.0,10.0,9.27,0.0,12.06,30.9
115,CLBK.O,콜롬비아 파이낸셜,5,60,14,29,69,1.0,10.0,9.27,55.96,7.36,29.22
115,WSBC.O,웨스뱅코,5,60,14,29,69,1.0,10.0,9.27,10.47,9.83,30.85
115,SBSI.O,사우스사이드 뱅크셰어스,5,60,14,29,69,1.0,10.0,9.27,0.0,10.87,28.92
115,STBA.O,S&T 뱅코프,5,60,14,29,69,1.0,10.0,9.27,22.9,11.11,32.19
115,ROIC.O,리테일 오퍼튜니티 인베스트먼트,5,60,14,29,69,1.0,10.0,9.27,4.98,6.59,29.23
115,BUSE.O,퍼스트 뷰지,5,60,14,29,69,1.0,10.0,9.27,0.0,10.2,31.44
115,CSGS.O,CSG 시스템즈인터내셔널,5,60,14,29,69,1.0,10.0,9.27,34.35,10.75,27.71
115,OCFC.O,오션퍼스트 파이낸셜,5,60,14,29,69,1.0,10.0,9.27,0.0,7.92,30.72
115,LBRDA.O,리버티 브로드밴드 시리즈 A,5,60,14,29,69,1.0,10.0,9.27,0.0,8.38,29.91
115,FMBH.O,퍼스트미드 뱅크셰어스,5,60,14,29,69,1.0,10.0,9.27,0.0,11.15,31.54
115,CTBI.O,커뮤니티 트러스트 뱅코프,5,60,14,29,69,1.0,10.0,9.27,50.03,9.43,27.12
115,LLYVA.O,리버티 미디어 Series A,5,60,14,29,69,1.0,10.0,9.27,0.0,8.0,31.72
115,UVSP.O,유니베스트 파이낸셜,5,60,14,29,69,1.0,10.0,9.27,19.6,8.74,31.52
115,HFWA.O,헤리티지 파이낸셜,5,60,14,29,69,1.0,10.0,9.27,13.19,8.62,31.66
115,WAFD.O,WaFd,5,60,14,29,69,1.0,10.0,9.27,0.0,10.16,28.58
115,CVBF.O,CVB 파이낸셜,5,60,14,29,69,1.0,10.0,9.27,34.46,10.14,31.66
115,BOKF.O,BOK 파이낸셜,5,60,14,29,69,1.0,10.0,9.27,0.0,10.73,30.63
115,LBTYA.O,리버티 글로벌 Class A,5,60,14,29,69,1.0,10.0,9.27,0.0,8.36,29.79
115,PCH.O,포틀래치델틱,5,60,14,29,69,1.0,10.0,9.27,0.0,6.78,30.39
115,CTSH.O,코그니전트 테크놀로지 솔루션,5,60,14,29,69,1.0,10.0,9.27,0.0,12.19,29.0
115,CCEP.O,코카-콜라 유로퍼시픽 파트너스,5,60,14,29,69,1.0,10.0,9.27,0.0,11.58,24.49
115,TROW.O,티 로웨 프라이스 그룹,5,60,14,29,69,1.0,10.0,9.27,0.0,10.77,28.47
115,NTRS.O,노던 트러스트,5,60,14,29,69,1.0,10.0,9.27,30.26,8.6,28.01
115,GLPI.O,게이밍 앤드 레저 프로퍼티스,5,60,14,29,69,1.0,10.0,9.27,8.24,6.77,29.67
115,REG.O,리젠시 센터스,5,60,14,29,69,1.0,10.0,9.27,9.45,8.76,28.11
115,NWSA.O,뉴스 코퍼레이션 Class A,5,60,14,29,69,1.0,10.0,9.27,0.0,9.64,29.14
115,HAS.O,해즈브로,5,60,14,29,69,1.0,10.0,9.27,14.12,7.83,30.05
115,SEIC.O,SEI 인베스트먼트,5,60,14,29,69,1.0,10.0,9.27,0.0,11.93,25.92
115,OTEX.O,오픈 텍스트,5,60,14,29,69,1.0,10.0,9.27,0.0,13.32,29.18
115,CBSH.O,커머스 뱅크셰어스,5,60,14,29,69,1.0,10.0,9.27,0.0,10.94,24.71
115,GNTX.O,젠텍스,5,60,14,29,69,1.0,10.0,9.27,0.0,13.91,29.6
115,LBRDK.O,리버티 브로드밴드 시리즈 C,5,60,14,29,69,1.0,10.0,9.27,0.0,8.56,29.81
115,TRST.O,트러스트코 은행 N Y,5,60,14,29,69,1.0,10.0,9.27,24.58,6.07,29.58
115,ONB.O,올드 내셔널 뱅코프,5,60,14,29,69,1.0,10.0,9.27,0.0,9.39,29.06
115,NWS.O,뉴스 코퍼레이션 Class B,5,60,14,29,69,1.0,10.0,9.27,0.0,10.08,29.0
115,UBSI.O,유나이티드 뱅크셰어스(Nasdaq GS),5,60,14,29,69,1.0,10.0,9.27,17.54,8.26,31.06
115,UMBF.O,UMB 파이낸셜,5,60,14,29,69,1.0,10.0,9.27,0.0,12.73,31.3
115,AVT.O,에이브이넷,5,60,14,29,69,1.0,10.0,9.27,0.0,10.14,29.6
115,PECO.O,필립스 에디슨 & 코,5,60,14,29,69,1.0,10.0,9.27,0.0,10.22,25.08
115,LBTYK.O,리버티 글로벌 Class C,5,60,14,29,69,1.0,10.0,9.27,0.0,8.66,29.05
115,FULT.O,풀턴 파이낸셜,5,60,14,29,69,1.0,10.0,9.27,19.31,10.14,31.11
115,FIBK.O,퍼스트 인터스테이트 뱅크시스템,5,60,14,29,69,1.0,10.0,9.27,0.0,10.42,31.05
115,PCAR.O,파카,5,60,14,29,69,1.0,10.0,9.27,0.0,11.78,27.71
115,PBBK.O,PB 뱅크셰어,5,60,14,29,69,1.0,10.0,9.27,0.0,9.17,25.53
115,HONE.O,하버원 뱅코프,5,60,14,29,69,1.0,10.0,9.27,0.0,13.05,29.78
115,CBFV.O,CB 파이낸셜 서비스,5,60,14,29,69,1.0,10.0,9.27,0.0,7.07,28.07
115,BCBP.O,BCB 뱅코프,5,60,14,29,69,1.0,10.0,9.27,70.01,9.24,30.5
115,BWFG.O,뱅크웰 파이낸셜 그룹,5,60,14,29,69,1.0,10.0,9.27,54.39,8.91,29.41
115,VABK.O,버지니아 내셔널 뱅크셰어,5,60,14,29,69,1.0,10.0,9.27,0.0,8.63,30.78
115,ESSA.O,ESSA 뱅코프,5,60,14,29,69,1.0,10.0,9.27,0.0,7.75,28.89
115,MSSAU.O,Metal Sky Star Acquisition Units,5,60,14,29,69,1.0,10.0,9.27,0.0,9.24,25.99
115,WAVSU.O,Western Acquisition Ventures Units,5,60,14,29,69,1.0,10.0,9.27,0.0,8.16,29.75
115,BFIN.O,뱅크파이낸셜,5,60,14,29,69,1.0,10.0,9.27,8.37,7.21,30.49
115,GLLIU.O,Globalink Investment Units,5,60,14,29,69,1.0,10.0,9.27,0.0,10.4,32.91
115,CZWI.O,시티즌스 커뮤니티 뱅코프,5,60,14,29,69,1.0,10.0,9.27,0.0,13.18,28.84
115,FRAF.O,프랭클린 파이낸셜 서비스,5,60,14,29,69,1.0,10.0,9.27,11.77,8.08,27.71
115,MRBK.O,메리디안,5,60,14,29,69,1.0,10.0,9.27,0.0,9.41,33.02
115,WINVU.O,WinVest Acquisition Units,5,60,14,29,69,1.0,10.0,9.27,0.0,11.55,29.96
115,CAC.O,캠던 내셔널,5,60,14,29,69,1.0,10.0,9.27,18.93,10.47,31.2
115,GLSTU.O,Global Star Acquisition Units,5,60,14,29,69,1.0,10.0,9.27,0.0,11.45,32.3
115,LARK.O,랜드마크 뱅코프,5,60,14,29,69,1.0,10.0,9.27,14.62,10.46,30.51
115,SPKLU.O,Spark I Acquisition Units,5,60,14,29,69,1.0,10.0,9.27,0.0,8.19,27.97
115,ACACU.O,Acri Capital Acquisition Units,5,60,14,29,69,1.0,10.0,9.27,0.0,10.52,25.31
115,PROV.O,프로비던트 파이낸셜 홀딩스,5,60,14,29,69,1.0,10.0,9.27,0.41,10.62,27.22
115,HHGCU.O,HHG Capital Units,5,60,14,29,69,1.0,10.0,9.27,0.0,7.98,28.1
115,LSBK.O,레이크 쇼어 뱅코프,5,60,14,29,69,1.0,10.0,9.27,0.0,7.09,26.55
115,ICCH.O,ICC 홀딩스,5,60,14,29,69,1.0,10.0,9.27,39.3,11.15,30.77
115,SELF.O,글로벌 셀프 스토리지,5,60,14,29,69,1.0,10.0,9.27,0.0,6.92,28.09
115,CRWS.O,크라운 크래프츠,5,60,14,29,69,1.0,10.0,9.27,45.71,7.37,31.0
115,CSCO.O,시스코 시스템즈,5,60,14,29,69,1.0,10.0,9.27,18.89,9.05,25.93
115,RGCO.O,RGC 리소스,5,60,14,29,69,1.0,10.0,9.27,0.0,10.16,29.86
115,NWFL.O,노우드 파이낸셜,5,60,14,29,69,1.0,10.0,9.27,25.44,10.26,31.89
115,BPRN.O,뱅크 오브 프린스턴,5,60,14,29,69,1.0,10.0,9.27,18.24,9.38,33.05
115,UTMD.O,유타 메디컬 프로덕츠,5,60,14,29,69,1.0,10.0,9.27,0.0,12.66,30.8
115,YORW.O,요크 워터,5,60,14,29,69,1.0,10.0,9.27,0.0,12.12,28.41
115,CATC.O,케임브리지 뱅코프,5,60,14,29,69,1.0,10.0,9.27,23.03,10.22,28.37
115,NFBK.O,노스필드 뱅코프,5,60,14,29,69,1.0,10.0,9.27,5.93,6.43,28.36
115,CASS.O,캐스 인포메이션 시스템즈,5,60,14,29,69,1.0,10.0,9.27,0.0,9.95,31.16
115,WASH.O,워싱턴 트러스트 뱅코프,5,60,14,29,69,1.0,10.0,9.27,0.0,9.35,31.4
115,THFF.O,퍼스트 파이낸셜,5,60,14,29,69,1.0,10.0,9.27,0.0,8.38,28.09
115,AROW.O,애로우 파이낸셜,5,60,14,29,69,1.0,10.0,9.27,0.0,8.27,28.39
115,ITRN.O,이투란 로케이션 앤 콘트롤,5,60,14,29,69,1.0,10.0,9.27,0.0,9.0,30.29
115,GAIN.O,글래드스톤 인베스트먼트,5,60,14,29,69,1.0,10.0,9.27,0.0,9.82,26.4
115,PFIS.O,피플스 파이낸셜 서비스,5,60,14,29,69,1.0,10.0,9.27,0.0,10.48,32.65
115,MOFG.O,미드웨스트원 파이낸셜 그룹,5,60,14,29,69,1.0,10.0,9.27,0.0,10.82,32.59
115,CARE.O,카터 뱅크셰어스,5,60,14,29,69,1.0,10.0,9.27,13.87,10.94,32.18
115,ARTNA.O,아르테시안 리소시스,5,60,14,29,69,1.0,10.0,9.27,0.0,9.07,26.07
115,HBCP.O,홈 뱅코프,5,60,14,29,69,1.0,10.0,9.27,0.0,13.8,29.42
115,BMRC.O,뱅크 오브 마린 뱅코프,5,60,14,29,69,1.0,10.0,9.27,13.41,7.4,30.71
115,NODK.O,NI 홀딩스,5,60,14,29,69,1.0,10.0,9.27,0.0,6.1,30.73
115,ACABU.O,Atlantic Coastal Acquisition II Units,5,60,14,29,69,1.0,10.0,9.27,0.0,7.48,26.4
115,FNLC.O,퍼스트 뱅코프,5,60,14,29,69,1.0,10.0,9.27,0.0,11.47,32.35
115,IRAAU.O,Iris Acquisition Units,5,60,14,29,69,1.0,10.0,9.27,0.0,10.38,26.14
115,SLMBP.O,SLM 우선주 시리즈 B,5,60,14,29,69,1.0,10.0,9.27,66.87,8.43,26.38
115,VBNK.O,버사뱅크,5,60,14,29,69,1.0,10.0,9.27,31.41,8.13,29.25
115,FLIC.O,퍼스트 오브 롱 아일랜드,5,60,14,29,69,1.0,10.0,9.27,9.07,6.07,30.71
115,BCML.O,베이컴,5,60,14,29,69,1.0,10.0,9.27,18.28,12.6,31.54
115,INTC.O,인텔,5,60,14,29,69,1.0,10.0,9.27,0.0,8.11,30.6
115,GSBC.O,그레이트 서던 뱅코프,5,60,14,29,69,1.0,10.0,9.27,86.33,13.76,30.39
115,GSBC.O,그레이트 서던 뱅코프,5,120,14,34,74,1.0,10.0,9.2,26.25,13.76,30.39
115,WSBC.O,웨스뱅코,5,120,14,34,74,1.0,10.0,9.2,9.82,9.83,30.85
115,CVBF.O,CVB 파이낸셜,5,120,14,34,74,1.0,10.0,9.2,11.15,10.14,31.66
115,SFNC.O,시몬스 퍼스트 내셔널,5,120,14,34,74,1.0,10.0,9.2,9.71,8.87,32.24
115,INDB.O,인디펜던트 뱅크 (매사추세츠),5,120,14,34,74,1.0,10.0,9.2,7.03,12.06,30.9
115,FFBC.O,퍼스트 파이낸셜 뱅코프,5,120,14,34,74,1.0,10.0,9.2,13.64,10.35,33.13
115,TOWN.O,타운뱅크,5,120,14,34,74,1.0,10.0,9.2,14.38,11.41,31.19
115,IART.O,인테그라 라이프사이언시스 홀딩스,5,120,14,34,74,1.0,10.0,9.2,0.0,9.72,30.85
115,WERN.O,웨너 엔터프라이즈,5,120,14,34,74,1.0,10.0,9.2,0.0,8.57,27.61
115,PRGS.O,프로그레스 소프트웨어,5,120,14,34,74,1.0,10.0,9.2,0.0,12.89,30.64
115,NBTB.O,NBT 뱅코프,5,120,14,34,74,1.0,10.0,9.2,12.11,10.47,28.47
115,TRMK.O,트러스트마크,5,120,14,34,74,1.0,10.0,9.2,9.26,8.02,29.11
115,GCMG.O,GCM 그로스브너,5,120,14,34,74,1.0,10.0,9.2,0.0,5.66,29.75
115,CLBK.O,콜롬비아 파이낸셜,5,120,14,34,74,1.0,10.0,9.2,9.85,7.36,29.22
115,CSCO.O,시스코 시스템즈,5,120,14,34,74,1.0,10.0,9.2,15.74,9.05,25.93
115,STBA.O,S&T 뱅코프,5,120,14,34,74,1.0,10.0,9.2,7.39,11.11,32.19
115,ROIC.O,리테일 오퍼튜니티 인베스트먼트,5,120,14,34,74,1.0,10.0,9.2,-0.66,6.59,29.23
115,BUSE.O,퍼스트 뷰지,5,120,14,34,74,1.0,10.0,9.2,11.07,10.2,31.44
115,CSGS.O,CSG 시스템즈인터내셔널,5,120,14,34,74,1.0,10.0,9.2,0.0,10.75,27.71
115,OCFC.O,오션퍼스트 파이낸셜,5,120,14,34,74,1.0,10.0,9.2,1.79,7.92,30.72
115,SBSI.O,사우스사이드 뱅크셰어스,5,120,14,34,74,1.0,10.0,9.2,2.45,10.87,28.92
115,LBRDA.O,리버티 브로드밴드 시리즈 A,5,120,14,34,74,1.0,10.0,9.2,-21.29,8.38,29.91
115,FMBH.O,퍼스트미드 뱅크셰어스,5,120,14,34,74,1.0,10.0,9.2,38.18,11.15,31.54
115,CTBI.O,커뮤니티 트러스트 뱅코프,5,120,14,34,74,1.0,10.0,9.2,17.19,9.43,27.12
115,LLYVA.O,리버티 미디어 Series A,5,120,14,34,74,1.0,10.0,9.2,0.0,8.0,31.72
115,UVSP.O,유니베스트 파이낸셜,5,120,14,34,74,1.0,10.0,9.2,13.2,8.74,31.52
115,WAFD.O,WaFd,5,120,14,34,74,1.0,10.0,9.2,9.53,10.16,28.58
115,LBTYA.O,리버티 글로벌 Class A,5,120,14,34,74,1.0,10.0,9.2,0.0,8.36,29.79
115,PCH.O,포틀래치델틱,5,120,14,34,74,1.0,10.0,9.2,42.56,6.78,30.39
115,FIBK.O,퍼스트 인터스테이트 뱅크시스템,5,120,14,34,74,1.0,10.0,9.2,12.4,10.42,31.05
115,PCAR.O,파카,5,120,14,34,74,1.0,10.0,9.2,0.0,11.78,27.71
115,CTSH.O,코그니전트 테크놀로지 솔루션,5,120,14,34,74,1.0,10.0,9.2,0.0,12.19,29.0
115,CCEP.O,코카-콜라 유로퍼시픽 파트너스,5,120,14,34,74,1.0,10.0,9.2,0.0,11.58,24.49
115,TROW.O,티 로웨 프라이스 그룹,5,120,14,34,74,1.0,10.0,9.2,0.0,10.77,28.47
115,NTRS.O,노던 트러스트,5,120,14,34,74,1.0,10.0,9.2,6.63,8.6,28.01
115,GLPI.O,게이밍 앤드 레저 프로퍼티스,5,120,14,34,74,1.0,10.0,9.2,4.69,6.77,29.67
115,REG.O,리젠시 센터스,5,120,14,34,74,1.0,10.0,9.2,9.89,8.76,28.11
115,NWSA.O,뉴스 코퍼레이션 Class A,5,120,14,34,74,1.0,10.0,9.2,10.76,9.64,29.14
115,HAS.O,해즈브로,5,120,14,34,74,1.0,10.0,9.2,0.0,7.83,30.05
115,SEIC.O,SEI 인베스트먼트,5,120,14,34,74,1.0,10.0,9.2,0.0,11.93,25.92
115,OTEX.O,오픈 텍스트,5,120,14,34,74,1.0,10.0,9.2,0.0,13.32,29.18
115,CBSH.O,커머스 뱅크셰어스,5,120,14,34,74,1.0,10.0,9.2,43.78,10.94,24.71
115,GNTX.O,젠텍스,5,120,14,34,74,1.0,10.0,9.2,0.0,13.91,29.6
115,LBRDK.O,리버티 브로드밴드 시리즈 C,5,120,14,34,74,1.0,10.0,9.2,-20.55,8.56,29.81
115,BOKF.O,BOK 파이낸셜,5,120,14,34,74,1.0,10.0,9.2,0.0,10.73,30.63
115,ONB.O,올드 내셔널 뱅코프,5,120,14,34,74,1.0,10.0,9.2,0.0,9.39,29.06
115,NWS.O,뉴스 코퍼레이션 Class B,5,120,14,34,74,1.0,10.0,9.2,9.99,10.08,29.0
115,UBSI.O,유나이티드 뱅크셰어스(Nasdaq GS),5,120,14,34,74,1.0,10.0,9.2,3.81,8.26,31.06
115,UMBF.O,UMB 파이낸셜,5,120,14,34,74,1.0,10.0,9.2,0.0,12.73,31.3
115,AVT.O,에이브이넷,5,120,14,34,74,1.0,10.0,9.2,0.0,10.14,29.6
115,PECO.O,필립스 에디슨 & 코,5,120,14,34,74,1.0,10.0,9.2,0.0,10.22,25.08
115,LBTYK.O,리버티 글로벌 Class C,5,120,14,34,74,1.0,10.0,9.2,0.0,8.66,29.05
115,FULT.O,풀턴 파이낸셜,5,120,14,34,74,1.0,10.0,9.2,15.21,10.14,31.11
115,HFWA.O,헤리티지 파이낸셜,5,120,14,34,74,1.0,10.0,9.2,9.33,8.62,31.66
115,HONE.O,하버원 뱅코프,5,120,14,34,74,1.0,10.0,9.2,0.0,13.05,29.78
115,CAC.O,캠던 내셔널,5,120,14,34,74,1.0,10.0,9.2,16.41,10.47,31.2
115,RGCO.O,RGC 리소스,5,120,14,34,74,1.0,10.0,9.2,0.0,10.16,29.86
115,BWFG.O,뱅크웰 파이낸셜 그룹,5,120,14,34,74,1.0,10.0,9.2,21.5,8.91,29.41
115,VABK.O,버지니아 내셔널 뱅크셰어,5,120,14,34,74,1.0,10.0,9.2,0.0,8.63,30.78
115,ESSA.O,ESSA 뱅코프,5,120,14,34,74,1.0,10.0,9.2,9.93,7.75,28.89
115,MSSAU.O,Metal Sky Star Acquisition Units,5,120,14,34,74,1.0,10.0,9.2,0.0,9.24,25.99
115,WAVSU.O,Western Acquisition Ventures Units,5,120,14,34,74,1.0,10.0,9.2,0.0,8.16,29.75
115,BFIN.O,뱅크파이낸셜,5,120,14,34,74,1.0,10.0,9.2,2.99,7.21,30.49
115,GLLIU.O,Globalink Investment Units,5,120,14,34,74,1.0,10.0,9.2,0.0,10.4,32.91
115,CZWI.O,시티즌스 커뮤니티 뱅코프,5,120,14,34,74,1.0,10.0,9.2,73.74,13.18,28.84
115,FRAF.O,프랭클린 파이낸셜 서비스,5,120,14,34,74,1.0,10.0,9.2,8.69,8.08,27.71
115,MRBK.O,메리디안,5,120,14,34,74,1.0,10.0,9.2,0.0,9.41,33.02
115,CBFV.O,CB 파이낸셜 서비스,5,120,14,34,74,1.0,10.0,9.2,0.0,7.07,28.07
115,WINVU.O,WinVest Acquisition Units,5,120,14,34,74,1.0,10.0,9.2,0.0,11.55,29.96
115,GLSTU.O,Global Star Acquisition Units,5,120,14,34,74,1.0,10.0,9.2,0.0,11.45,32.3
115,LARK.O,랜드마크 뱅코프,5,120,14,34,74,1.0,10.0,9.2,-4.12,10.46,30.51
115,SPKLU.O,Spark I Acquisition Units,5,120,14,34,74,1.0,10.0,9.2,0.0,8.19,27.97
115,ACACU.O,Acri Capital Acquisition Units,5,120,14,34,74,1.0,10.0,9.2,49.93,10.52,25.31
115,PROV.O,프로비던트 파이낸셜 홀딩스,5,120,14,34,74,1.0,10.0,9.2,-1.27,10.62,27.22
115,HHGCU.O,HHG Capital Units,5,120,14,34,74,1.0,10.0,9.2,0.0,7.98,28.1
115,LSBK.O,레이크 쇼어 뱅코프,5,120,14,34,74,1.0,10.0,9.2,26.2,7.09,26.55
115,ICCH.O,ICC 홀딩스,5,120,14,34,74,1.0,10.0,9.2,9.32,11.15,30.77
115,SELF.O,글로벌 셀프 스토리지,5,120,14,34,74,1.0,10.0,9.2,5.1,6.92,28.09
115,CRWS.O,크라운 크래프츠,5,120,14,34,74,1.0,10.0,9.2,34.01,7.37,31.0
115,PBBK.O,PB 뱅크셰어,5,120,14,34,74,1.0,10.0,9.2,0.0,9.17,25.53
115,BCBP.O,BCB 뱅코프,5,120,14,34,74,1.0,10.0,9.2,43.18,9.24,30.5
115,NWFL.O,노우드 파이낸셜,5,120,14,34,74,1.0,10.0,9.2,9.15,10.26,31.89
115,YORW.O,요크 워터,5,120,14,34,74,1.0,10.0,9.2,0.0,12.12,28.41
115,BPRN.O,뱅크 오브 프린스턴,5,120,14,34,74,1.0,10.0,9.2,17.88,9.38,33.05
115,CATC.O,케임브리지 뱅코프,5,120,14,34,74,1.0,10.0,9.2,5.97,10.22,28.37
115,NFBK.O,노스필드 뱅코프,5,120,14,34,74,1.0,10.0,9.2,6.13,6.43,28.36
115,CASS.O,캐스 인포메이션 시스템즈,5,120,14,34,74,1.0,10.0,9.2,36.54,9.95,31.16
115,WASH.O,워싱턴 트러스트 뱅코프,5,120,14,34,74,1.0,10.0,9.2,-2.12,9.35,31.4
115,THFF.O,퍼스트 파이낸셜,5,120,14,34,74,1.0,10.0,9.2,22.48,8.38,28.09
115,AROW.O,애로우 파이낸셜,5,120,14,34,74,1.0,10.0,9.2,78.8,8.27,28.39
115,ITRN.O,이투란 로케이션 앤 콘트롤,5,120,14,34,74,1.0,10.0,9.2,16.5,9.0,30.29
115,GAIN.O,글래드스톤 인베스트먼트,5,120,14,34,74,1.0,10.0,9.2,0.0,9.82,26.4
115,PFIS.O,피플스 파이낸셜 서비스,5,120,14,34,74,1.0,10.0,9.2,0.0,10.48,32.65
115,MOFG.O,미드웨스트원 파이낸셜 그룹,5,120,14,34,74,1.0,10.0,9.2,8.21,10.82,32.59
115,CARE.O,카터 뱅크셰어스,5,120,14,34,74,1.0,10.0,9.2,22.43,10.94,32.18
115,ARTNA.O,아르테시안 리소시스,5,120,14,34,74,1.0,10.0,9.2,0.0,9.07,26.07
115,HBCP.O,홈 뱅코프,5,120,14,34,74,1.0,10.0,9.2,17.0,13.8,29.42
115,BMRC.O,뱅크 오브 마린 뱅코프,5,120,14,34,74,1.0,10.0,9.2,17.99,7.4,30.71
115,NODK.O,NI 홀딩스,5,120,14,34,74,1.0,10.0,9.2,1.79,6.1,30.73
115,ACABU.O,Atlantic Coastal Acquisition II Units,5,120,14,34,74,1.0,10.0,9.2,0.0,7.48,26.4
115,FNLC.O,퍼스트 뱅코프,5,120,14,34,74,1.0,10.0,9.2,0.0,11.47,32.35
115,IRAAU.O,Iris Acquisition Units,5,120,14,34,74,1.0,10.0,9.2,0.0,10.38,26.14
115,SLMBP.O,SLM 우선주 시리즈 B,5,120,14,34,74,1.0,10.0,9.2,7.1,8.43,26.38
115,VBNK.O,버사뱅크,5,120,14,34,74,1.0,10.0,9.2,31.59,8.13,29.25
115,FLIC.O,퍼스트 오브 롱 아일랜드,5,120,14,34,74,1.0,10.0,9.2,0.9,6.07,30.71
115,BCML.O,베이컴,5,120,14,34,74,1.0,10.0,9.2,20.02,12.6,31.54
115,UTMD.O,유타 메디컬 프로덕츠,5,120,14,34,74,1.0,10.0,9.2,0.0,12.66,30.8
115,INTC.O,인텔,5,120,14,34,74,1.0,10.0,9.2,3.84,8.11,30.6
115,TRST.O,트러스트코 은행 N Y,5,120,14,34,74,1.0,10.0,9.2,19.17,6.07,29.58
115,CRWS.O,크라운 크래프츠,5,60,14,49,64,1.0,10.0,8.94,2.51,7.37,31.0
115,GAIN.O,글래드스톤 인베스트먼트,5,60,14,49,64,1.0,10.0,8.94,14.42,9.82,26.4
115,SLMBP.O,SLM 우선주 시리즈 B,5,60,14,49,64,1.0,10.0,8.94,16.21,8.43,26.38
115,IRAAU.O,Iris Acquisition Units,5,60,14,49,64,1.0,10.0,8.94,0.0,10.38,26.14
115,FNLC.O,퍼스트 뱅코프,5,60,14,49,64,1.0,10.0,8.94,9.63,11.47,32.35
115,ACABU.O,Atlantic Coastal Acquisition II Units,5,60,14,49,64,1.0,10.0,8.94,0.0,7.48,26.4
115,NODK.O,NI 홀딩스,5,60,14,49,64,1.0,10.0,8.94,2.57,6.1,30.73
115,BMRC.O,뱅크 오브 마린 뱅코프,5,60,14,49,64,1.0,10.0,8.94,-4.15,7.4,30.71
115,HBCP.O,홈 뱅코프,5,60,14,49,64,1.0,10.0,8.94,8.11,13.8,29.42
115,ARTNA.O,아르테시안 리소시스,5,60,14,49,64,1.0,10.0,8.94,14.48,9.07,26.07
115,CARE.O,카터 뱅크셰어스,5,60,14,49,64,1.0,10.0,8.94,15.05,10.94,32.18
115,MOFG.O,미드웨스트원 파이낸셜 그룹,5,60,14,49,64,1.0,10.0,8.94,2.34,10.82,32.59
115,PFIS.O,피플스 파이낸셜 서비스,5,60,14,49,64,1.0,10.0,8.94,7.79,10.48,32.65
115,ITRN.O,이투란 로케이션 앤 콘트롤,5,60,14,49,64,1.0,10.0,8.94,10.46,9.0,30.29
115,FLIC.O,퍼스트 오브 롱 아일랜드,5,60,14,49,64,1.0,10.0,8.94,-4.62,6.07,30.71
115,AROW.O,애로우 파이낸셜,5,60,14,49,64,1.0,10.0,8.94,0.45,8.27,28.39
115,THFF.O,퍼스트 파이낸셜,5,60,14,49,64,1.0,10.0,8.94,5.07,8.38,28.09
115,WASH.O,워싱턴 트러스트 뱅코프,5,60,14,49,64,1.0,10.0,8.94,-5.15,9.35,31.4
115,CASS.O,캐스 인포메이션 시스템즈,5,60,14,49,64,1.0,10.0,8.94,4.17,9.95,31.16
115,NFBK.O,노스필드 뱅코프,5,60,14,49,64,1.0,10.0,8.94,-0.56,6.43,28.36
115,CATC.O,케임브리지 뱅코프,5,60,14,49,64,1.0,10.0,8.94,0.47,10.22,28.37
115,YORW.O,요크 워터,5,60,14,49,64,1.0,10.0,8.94,12.15,12.12,28.41
115,CAC.O,캠던 내셔널,5,60,14,49,64,1.0,10.0,8.94,6.77,10.47,31.2
115,HONE.O,하버원 뱅코프,5,60,14,49,64,1.0,10.0,8.94,25.48,13.05,29.78
115,TRST.O,트러스트코 은행 N Y,5,60,14,49,64,1.0,10.0,8.94,7.28,6.07,29.58
115,GSBC.O,그레이트 서던 뱅코프,5,60,14,49,64,1.0,10.0,8.94,20.15,13.76,30.39
115,VBNK.O,버사뱅크,5,60,14,49,64,1.0,10.0,8.94,45.25,8.13,29.25
115,BCML.O,베이컴,5,60,14,49,64,1.0,10.0,8.94,18.11,12.6,31.54
115,ICCH.O,ICC 홀딩스,5,60,14,49,64,1.0,10.0,8.94,12.53,11.15,30.77
115,FRAF.O,프랭클린 파이낸셜 서비스,5,60,14,49,64,1.0,10.0,8.94,3.2,8.08,27.71
115,PBBK.O,PB 뱅크셰어,5,60,14,49,64,1.0,10.0,8.94,14.24,9.17,25.53
115,LSBK.O,레이크 쇼어 뱅코프,5,60,14,49,64,1.0,10.0,8.94,-3.54,7.09,26.55
115,HHGCU.O,HHG Capital Units,5,60,14,49,64,1.0,10.0,8.94,22.77,7.98,28.1
115,PROV.O,프로비던트 파이낸셜 홀딩스,5,60,14,49,64,1.0,10.0,8.94,-5.26,10.62,27.22
115,ACACU.O,Acri Capital Acquisition Units,5,60,14,49,64,1.0,10.0,8.94,30.07,10.52,25.31
115,SPKLU.O,Spark I Acquisition Units,5,60,14,49,64,1.0,10.0,8.94,0.0,8.19,27.97
115,LARK.O,랜드마크 뱅코프,5,60,14,49,64,1.0,10.0,8.94,-1.3,10.46,30.51
115,GLSTU.O,Global Star Acquisition Units,5,60,14,49,64,1.0,10.0,8.94,0.0,11.45,32.3
115,WINVU.O,WinVest Acquisition Units,5,60,14,49,64,1.0,10.0,8.94,0.0,11.55,29.96
115,CBFV.O,CB 파이낸셜 서비스,5,60,14,49,64,1.0,10.0,8.94,2.26,7.07,28.07
115,MRBK.O,메리디안,5,60,14,49,64,1.0,10.0,8.94,27.48,9.41,33.02
115,CZWI.O,시티즌스 커뮤니티 뱅코프,5,60,14,49,64,1.0,10.0,8.94,3.28,13.18,28.84
115,UTMD.O,유타 메디컬 프로덕츠,5,60,14,49,64,1.0,10.0,8.94,4.3,12.66,30.8
115,GLLIU.O,Globalink Investment Units,5,60,14,49,64,1.0,10.0,8.94,0.0,10.4,32.91
115,BFIN.O,뱅크파이낸셜,5,60,14,49,64,1.0,10.0,8.94,-1.08,7.21,30.49
115,WAVSU.O,Western Acquisition Ventures Units,5,60,14,49,64,1.0,10.0,8.94,0.0,8.16,29.75
115,MSSAU.O,Metal Sky Star Acquisition Units,5,60,14,49,64,1.0,10.0,8.94,0.0,9.24,25.99
115,ESSA.O,ESSA 뱅코프,5,60,14,49,64,1.0,10.0,8.94,11.95,7.75,28.89
115,VABK.O,버지니아 내셔널 뱅크셰어,5,60,14,49,64,1.0,10.0,8.94,28.13,8.63,30.78
115,BWFG.O,뱅크웰 파이낸셜 그룹,5,60,14,49,64,1.0,10.0,8.94,13.18,8.91,29.41
115,BCBP.O,BCB 뱅코프,5,60,14,49,64,1.0,10.0,8.94,12.37,9.24,30.5
115,RGCO.O,RGC 리소스,5,60,14,49,64,1.0,10.0,8.94,-5.0,10.16,29.86
115,NWFL.O,노우드 파이낸셜,5,60,14,49,64,1.0,10.0,8.94,10.68,10.26,31.89
115,BPRN.O,뱅크 오브 프린스턴,5,60,14,49,64,1.0,10.0,8.94,7.37,9.38,33.05
115,HFWA.O,헤리티지 파이낸셜,5,60,14,49,64,1.0,10.0,8.94,13.72,8.62,31.66
115,SELF.O,글로벌 셀프 스토리지,5,60,14,49,64,1.0,10.0,8.94,4.18,6.92,28.09
115,UVSP.O,유니베스트 파이낸셜,5,60,14,49,64,1.0,10.0,8.94,10.45,8.74,31.52
115,OTEX.O,오픈 텍스트,5,60,14,49,64,1.0,10.0,8.94,15.32,13.32,29.18
115,LBTYK.O,리버티 글로벌 Class C,5,60,14,49,64,1.0,10.0,8.94,-5.53,8.66,29.05
115,PECO.O,필립스 에디슨 & 코,5,60,14,49,64,1.0,10.0,8.94,4.24,10.22,25.08
115,AVT.O,에이브이넷,5,60,14,49,64,1.0,10.0,8.94,8.29,10.14,29.6
115,UMBF.O,UMB 파이낸셜,5,60,14,49,64,1.0,10.0,8.94,20.51,12.73,31.3
115,UBSI.O,유나이티드 뱅크셰어스(Nasdaq GS),5,60,14,49,64,1.0,10.0,8.94,3.44,8.26,31.06
115,NWS.O,뉴스 코퍼레이션 Class B,5,60,14,49,64,1.0,10.0,8.94,13.89,10.08,29.0
115,ONB.O,올드 내셔널 뱅코프,5,60,14,49,64,1.0,10.0,8.94,7.68,9.39,29.06
115,BOKF.O,BOK 파이낸셜,5,60,14,49,64,1.0,10.0,8.94,13.7,10.73,30.63
115,LBRDK.O,리버티 브로드밴드 시리즈 C,5,60,14,49,64,1.0,10.0,8.94,-1.79,8.56,29.81
115,GNTX.O,젠텍스,5,60,14,49,64,1.0,10.0,8.94,18.11,13.91,29.6
115,CBSH.O,커머스 뱅크셰어스,5,60,14,49,64,1.0,10.0,8.94,12.01,10.94,24.71
115,SEIC.O,SEI 인베스트먼트,5,60,14,49,64,1.0,10.0,8.94,14.29,11.93,25.92
115,LLYVA.O,리버티 미디어 Series A,5,60,14,49,64,1.0,10.0,8.94,0.0,8.0,31.72
115,HAS.O,해즈브로,5,60,14,49,64,1.0,10.0,8.94,8.3,7.83,30.05
115,NWSA.O,뉴스 코퍼레이션 Class A,5,60,14,49,64,1.0,10.0,8.94,12.81,9.64,29.14
115,REG.O,리젠시 센터스,5,60,14,49,64,1.0,10.0,8.94,6.41,8.76,28.11
115,GLPI.O,게이밍 앤드 레저 프로퍼티스,5,60,14,49,64,1.0,10.0,8.94,14.96,6.77,29.67
115,NTRS.O,노던 트러스트,5,60,14,49,64,1.0,10.0,8.94,12.57,8.6,28.01
115,TROW.O,티 로웨 프라이스 그룹,5,60,14,49,64,1.0,10.0,8.94,6.51,10.77,28.47
115,CCEP.O,코카-콜라 유로퍼시픽 파트너스,5,60,14,49,64,1.0,10.0,8.94,75.96,11.58,24.49
115,CTSH.O,코그니전트 테크놀로지 솔루션,5,60,14,49,64,1.0,10.0,8.94,11.59,12.19,29.0
115,PCAR.O,파카,5,60,14,49,64,1.0,10.0,8.94,32.46,11.78,27.71
115,INTC.O,인텔,5,60,14,49,64,1.0,10.0,8.94,6.17,8.11,30.6
115,CSCO.O,시스코 시스템즈,5,60,14,49,64,1.0,10.0,8.94,18.17,9.05,25.93
115,FULT.O,풀턴 파이낸셜,5,60,14,49,64,1.0,10.0,8.94,7.27,10.14,31.11
115,FIBK.O,퍼스트 인터스테이트 뱅크시스템,5,60,14,49,64,1.0,10.0,8.94,5.87,10.42,31.05
115,PCH.O,포틀래치델틱,5,60,14,49,64,1.0,10.0,8.94,8.79,6.78,30.39
115,LBTYA.O,리버티 글로벌 Class A,5,60,14,49,64,1.0,10.0,8.94,-5.87,8.36,29.79
115,CTBI.O,커뮤니티 트러스트 뱅코프,5,60,14,49,64,1.0,10.0,8.94,9.33,9.43,27.12
115,FMBH.O,퍼스트미드 뱅크셰어스,5,60,14,49,64,1.0,10.0,8.94,10.8,11.15,31.54
115,LBRDA.O,리버티 브로드밴드 시리즈 A,5,60,14,49,64,1.0,10.0,8.94,-1.22,8.38,29.91
115,SBSI.O,사우스사이드 뱅크셰어스,5,60,14,49,64,1.0,10.0,8.94,13.03,10.87,28.92
115,OCFC.O,오션퍼스트 파이낸셜,5,60,14,49,64,1.0,10.0,8.94,4.01,7.92,30.72
115,CSGS.O,CSG 시스템즈인터내셔널,5,60,14,49,64,1.0,10.0,8.94,16.83,10.75,27.71
115,BUSE.O,퍼스트 뷰지,5,60,14,49,64,1.0,10.0,8.94,3.38,10.2,31.44
115,ROIC.O,리테일 오퍼튜니티 인베스트먼트,5,60,14,49,64,1.0,10.0,8.94,-5.2,6.59,29.23
115,STBA.O,S&T 뱅코프,5,60,14,49,64,1.0,10.0,8.94,9.59,11.11,32.19
115,CLBK.O,콜롬비아 파이낸셜,5,60,14,49,64,1.0,10.0,8.94,4.36,7.36,29.22
115,WSBC.O,웨스뱅코,5,60,14,49,64,1.0,10.0,8.94,3.19,9.83,30.85
115,GCMG.O,GCM 그로스브너,5,60,14,49,64,1.0,10.0,8.94,3.19,5.66,29.75
115,TRMK.O,트러스트마크,5,60,14,49,64,1.0,10.0,8.94,4.53,8.02,29.11
115,NBTB.O,NBT 뱅코프,5,60,14,49,64,1.0,10.0,8.94,13.81,10.47,28.47
115,PRGS.O,프로그레스 소프트웨어,5,60,14,49,64,1.0,10.0,8.94,19.76,12.89,30.64
115,WERN.O,웨너 엔터프라이즈,5,60,14,49,64,1.0,10.0,8.94,7.57,8.57,27.61
115,IART.O,인테그라 라이프사이언시스 홀딩스,5,60,14,49,64,1.0,10.0,8.94,1.53,9.72,30.85
115,TOWN.O,타운뱅크,5,60,14,49,64,1.0,10.0,8.94,14.0,11.41,31.19
115,FFBC.O,퍼스트 파이낸셜 뱅코프,5,60,14,49,64,1.0,10.0,8.94,3.91,10.35,33.13
115,INDB.O,인디펜던트 뱅크 (매사추세츠),5,60,14,49,64,1.0,10.0,8.94,1.21,12.06,30.9
115,SFNC.O,시몬스 퍼스트 내셔널,5,60,14,49,64,1.0,10.0,8.94,10.11,8.87,32.24
115,CVBF.O,CVB 파이낸셜,5,60,14,49,64,1.0,10.0,8.94,18.42,10.14,31.66
115,WAFD.O,WaFd,5,60,14,49,64,1.0,10.0,8.94,11.94,10.16,28.58
115,PBBK.O,PB 뱅크셰어,5,120,14,39,74,1.0,10.0,8.83,0.0,9.17,25.53
115,ICCH.O,ICC 홀딩스,5,120,14,39,74,1.0,10.0,8.83,6.11,11.15,30.77
115,LSBK.O,레이크 쇼어 뱅코프,5,120,14,39,74,1.0,10.0,8.83,-1.19,7.09,26.55
115,PCH.O,포틀래치델틱,5,120,14,39,74,1.0,10.0,8.83,26.6,6.78,30.39
115,WAFD.O,WaFd,5,120,14,39,74,1.0,10.0,8.83,9.53,10.16,28.58
115,CVBF.O,CVB 파이낸셜,5,120,14,39,74,1.0,10.0,8.83,11.47,10.14,31.66
115,SFNC.O,시몬스 퍼스트 내셔널,5,120,14,39,74,1.0,10.0,8.83,9.71,8.87,32.24
115,INDB.O,인디펜던트 뱅크 (매사추세츠),5,120,14,39,74,1.0,10.0,8.83,18.09,12.06,30.9
115,FFBC.O,퍼스트 파이낸셜 뱅코프,5,120,14,39,74,1.0,10.0,8.83,13.64,10.35,33.13
115,TOWN.O,타운뱅크,5,120,14,39,74,1.0,10.0,8.83,14.38,11.41,31.19
115,IART.O,인테그라 라이프사이언시스 홀딩스,5,120,14,39,74,1.0,10.0,8.83,22.66,9.72,30.85
115,WERN.O,웨너 엔터프라이즈,5,120,14,39,74,1.0,10.0,8.83,8.71,8.57,27.61
115,PRGS.O,프로그레스 소프트웨어,5,120,14,39,74,1.0,10.0,8.83,0.0,12.89,30.64
115,NBTB.O,NBT 뱅코프,5,120,14,39,74,1.0,10.0,8.83,11.88,10.47,28.47
115,TRMK.O,트러스트마크,5,120,14,39,74,1.0,10.0,8.83,9.52,8.02,29.11
115,GCMG.O,GCM 그로스브너,5,120,14,39,74,1.0,10.0,8.83,16.9,5.66,29.75
115,WSBC.O,웨스뱅코,5,120,14,39,74,1.0,10.0,8.83,9.82,9.83,30.85
115,CLBK.O,콜롬비아 파이낸셜,5,120,14,39,74,1.0,10.0,8.83,9.85,7.36,29.22
115,STBA.O,S&T 뱅코프,5,120,14,39,74,1.0,10.0,8.83,7.39,11.11,32.19
115,ROIC.O,리테일 오퍼튜니티 인베스트먼트,5,120,14,39,74,1.0,10.0,8.83,3.95,6.59,29.23
115,BUSE.O,퍼스트 뷰지,5,120,14,39,74,1.0,10.0,8.83,11.07,10.2,31.44
115,CSGS.O,CSG 시스템즈인터내셔널,5,120,14,39,74,1.0,10.0,8.83,37.8,10.75,27.71
115,OCFC.O,오션퍼스트 파이낸셜,5,120,14,39,74,1.0,10.0,8.83,1.79,7.92,30.72
115,SBSI.O,사우스사이드 뱅크셰어스,5,120,14,39,74,1.0,10.0,8.83,3.37,10.87,28.92
115,LBRDA.O,리버티 브로드밴드 시리즈 A,5,120,14,39,74,1.0,10.0,8.83,-21.29,8.38,29.91
115,FMBH.O,퍼스트미드 뱅크셰어스,5,120,14,39,74,1.0,10.0,8.83,10.7,11.15,31.54
115,CTBI.O,커뮤니티 트러스트 뱅코프,5,120,14,39,74,1.0,10.0,8.83,15.29,9.43,27.12
115,LBTYA.O,리버티 글로벌 Class A,5,120,14,39,74,1.0,10.0,8.83,-3.47,8.36,29.79
115,FIBK.O,퍼스트 인터스테이트 뱅크시스템,5,120,14,39,74,1.0,10.0,8.83,7.8,10.42,31.05
115,HHGCU.O,HHG Capital Units,5,120,14,39,74,1.0,10.0,8.83,0.0,7.98,28.1
115,FULT.O,풀턴 파이낸셜,5,120,14,39,74,1.0,10.0,8.83,15.21,10.14,31.11
115,INTC.O,인텔,5,120,14,39,74,1.0,10.0,8.83,3.84,8.11,30.6
115,PCAR.O,파카,5,120,14,39,74,1.0,10.0,8.83,0.0,11.78,27.71
115,CTSH.O,코그니전트 테크놀로지 솔루션,5,120,14,39,74,1.0,10.0,8.83,9.24,12.19,29.0
115,CCEP.O,코카-콜라 유로퍼시픽 파트너스,5,120,14,39,74,1.0,10.0,8.83,0.0,11.58,24.49
115,TROW.O,티 로웨 프라이스 그룹,5,120,14,39,74,1.0,10.0,8.83,8.22,10.77,28.47
115,NTRS.O,노던 트러스트,5,120,14,39,74,1.0,10.0,8.83,6.63,8.6,28.01
115,GLPI.O,게이밍 앤드 레저 프로퍼티스,5,120,14,39,74,1.0,10.0,8.83,4.69,6.77,29.67
115,REG.O,리젠시 센터스,5,120,14,39,74,1.0,10.0,8.83,9.89,8.76,28.11
115,NWSA.O,뉴스 코퍼레이션 Class A,5,120,14,39,74,1.0,10.0,8.83,15.56,9.64,29.14
115,HAS.O,해즈브로,5,120,14,39,74,1.0,10.0,8.83,21.0,7.83,30.05
115,SEIC.O,SEI 인베스트먼트,5,120,14,39,74,1.0,10.0,8.83,47.74,11.93,25.92
115,OTEX.O,오픈 텍스트,5,120,14,39,74,1.0,10.0,8.83,-1.64,13.32,29.18
115,CBSH.O,커머스 뱅크셰어스,5,120,14,39,74,1.0,10.0,8.83,43.78,10.94,24.71
115,GNTX.O,젠텍스,5,120,14,39,74,1.0,10.0,8.83,11.1,13.91,29.6
115,LBRDK.O,리버티 브로드밴드 시리즈 C,5,120,14,39,74,1.0,10.0,8.83,-20.55,8.56,29.81
115,BOKF.O,BOK 파이낸셜,5,120,14,39,74,1.0,10.0,8.83,14.39,10.73,30.63
115,ONB.O,올드 내셔널 뱅코프,5,120,14,39,74,1.0,10.0,8.83,10.17,9.39,29.06
115,NWS.O,뉴스 코퍼레이션 Class B,5,120,14,39,74,1.0,10.0,8.83,7.2,10.08,29.0
115,UBSI.O,유나이티드 뱅크셰어스(Nasdaq GS),5,120,14,39,74,1.0,10.0,8.83,3.81,8.26,31.06
115,UMBF.O,UMB 파이낸셜,5,120,14,39,74,1.0,10.0,8.83,12.22,12.73,31.3
115,AVT.O,에이브이넷,5,120,14,39,74,1.0,10.0,8.83,16.38,10.14,29.6
115,PECO.O,필립스 에디슨 & 코,5,120,14,39,74,1.0,10.0,8.83,0.0,10.22,25.08
115,LBTYK.O,리버티 글로벌 Class C,5,120,14,39,74,1.0,10.0,8.83,-5.84,8.66,29.05
115,LLYVA.O,리버티 미디어 Series A,5,120,14,39,74,1.0,10.0,8.83,0.0,8.0,31.72
115,UVSP.O,유니베스트 파이낸셜,5,120,14,39,74,1.0,10.0,8.83,13.2,8.74,31.52
115,SELF.O,글로벌 셀프 스토리지,5,120,14,39,74,1.0,10.0,8.83,7.95,6.92,28.09
115,HFWA.O,헤리티지 파이낸셜,5,120,14,39,74,1.0,10.0,8.83,9.97,8.62,31.66
115,BCML.O,베이컴,5,120,14,39,74,1.0,10.0,8.83,20.02,12.6,31.54
115,UTMD.O,유타 메디컬 프로덕츠,5,120,14,39,74,1.0,10.0,8.83,-83.99,12.66,30.8
115,BPRN.O,뱅크 오브 프린스턴,5,120,14,39,74,1.0,10.0,8.83,17.88,9.38,33.05
115,NWFL.O,노우드 파이낸셜,5,120,14,39,74,1.0,10.0,8.83,6.32,10.26,31.89
115,RGCO.O,RGC 리소스,5,120,14,39,74,1.0,10.0,8.83,2.11,10.16,29.86
115,BCBP.O,BCB 뱅코프,5,120,14,39,74,1.0,10.0,8.83,36.91,9.24,30.5
115,BWFG.O,뱅크웰 파이낸셜 그룹,5,120,14,39,74,1.0,10.0,8.83,21.5,8.91,29.41
115,VABK.O,버지니아 내셔널 뱅크셰어,5,120,14,39,74,1.0,10.0,8.83,8.49,8.63,30.78
115,ESSA.O,ESSA 뱅코프,5,120,14,39,74,1.0,10.0,8.83,10.06,7.75,28.89
115,MSSAU.O,Metal Sky Star Acquisition Units,5,120,14,39,74,1.0,10.0,8.83,0.0,9.24,25.99
115,WAVSU.O,Western Acquisition Ventures Units,5,120,14,39,74,1.0,10.0,8.83,0.0,8.16,29.75
115,BFIN.O,뱅크파이낸셜,5,120,14,39,74,1.0,10.0,8.83,2.99,7.21,30.49
115,GLLIU.O,Globalink Investment Units,5,120,14,39,74,1.0,10.0,8.83,0.0,10.4,32.91
115,CZWI.O,시티즌스 커뮤니티 뱅코프,5,120,14,39,74,1.0,10.0,8.83,19.04,13.18,28.84
115,FRAF.O,프랭클린 파이낸셜 서비스,5,120,14,39,74,1.0,10.0,8.83,8.69,8.08,27.71
115,MRBK.O,메리디안,5,120,14,39,74,1.0,10.0,8.83,67.67,9.41,33.02
115,CBFV.O,CB 파이낸셜 서비스,5,120,14,39,74,1.0,10.0,8.83,0.0,7.07,28.07
115,WINVU.O,WinVest Acquisition Units,5,120,14,39,74,1.0,10.0,8.83,0.0,11.55,29.96
115,GLSTU.O,Global Star Acquisition Units,5,120,14,39,74,1.0,10.0,8.83,0.0,11.45,32.3
115,LARK.O,랜드마크 뱅코프,5,120,14,39,74,1.0,10.0,8.83,-1.94,10.46,30.51
115,SPKLU.O,Spark I Acquisition Units,5,120,14,39,74,1.0,10.0,8.83,0.0,8.19,27.97
115,ACACU.O,Acri Capital Acquisition Units,5,120,14,39,74,1.0,10.0,8.83,49.93,10.52,25.31
115,PROV.O,프로비던트 파이낸셜 홀딩스,5,120,14,39,74,1.0,10.0,8.83,-1.27,10.62,27.22
115,FLIC.O,퍼스트 오브 롱 아일랜드,5,120,14,39,74,1.0,10.0,8.83,0.9,6.07,30.71
115,VBNK.O,버사뱅크,5,120,14,39,74,1.0,10.0,8.83,31.59,8.13,29.25
115,SLMBP.O,SLM 우선주 시리즈 B,5,120,14,39,74,1.0,10.0,8.83,7.1,8.43,26.38
115,AROW.O,애로우 파이낸셜,5,120,14,39,74,1.0,10.0,8.83,2.62,8.27,28.39
115,GSBC.O,그레이트 서던 뱅코프,5,120,14,39,74,1.0,10.0,8.83,19.62,13.76,30.39
115,TRST.O,트러스트코 은행 N Y,5,120,14,39,74,1.0,10.0,8.83,8.42,6.07,29.58
115,HONE.O,하버원 뱅코프,5,120,14,39,74,1.0,10.0,8.83,51.06,13.05,29.78
115,CAC.O,캠던 내셔널,5,120,14,39,74,1.0,10.0,8.83,3.7,10.47,31.2
115,YORW.O,요크 워터,5,120,14,39,74,1.0,10.0,8.83,0.0,12.12,28.41
115,CATC.O,케임브리지 뱅코프,5,120,14,39,74,1.0,10.0,8.83,5.97,10.22,28.37
115,NFBK.O,노스필드 뱅코프,5,120,14,39,74,1.0,10.0,8.83,6.13,6.43,28.36
115,CASS.O,캐스 인포메이션 시스템즈,5,120,14,39,74,1.0,10.0,8.83,11.36,9.95,31.16
115,WASH.O,워싱턴 트러스트 뱅코프,5,120,14,39,74,1.0,10.0,8.83,-2.12,9.35,31.4
115,THFF.O,퍼스트 파이낸셜,5,120,14,39,74,1.0,10.0,8.83,8.53,8.38,28.09
115,ITRN.O,이투란 로케이션 앤 콘트롤,5,120,14,39,74,1.0,10.0,8.83,0.31,9.0,30.29
115,IRAAU.O,Iris Acquisition Units,5,120,14,39,74,1.0,10.0,8.83,0.0,10.38,26.14
115,GAIN.O,글래드스톤 인베스트먼트,5,120,14,39,74,1.0,10.0,8.83,0.0,9.82,26.4
115,PFIS.O,피플스 파이낸셜 서비스,5,120,14,39,74,1.0,10.0,8.83,8.42,10.48,32.65
115,MOFG.O,미드웨스트원 파이낸셜 그룹,5,120,14,39,74,1.0,10.0,8.83,8.21,10.82,32.59
115,CARE.O,카터 뱅크셰어스,5,120,14,39,74,1.0,10.0,8.83,20.22,10.94,32.18
115,ARTNA.O,아르테시안 리소시스,5,120,14,39,74,1.0,10.0,8.83,18.6,9.07,26.07
115,HBCP.O,홈 뱅코프,5,120,14,39,74,1.0,10.0,8.83,3.91,13.8,29.42
115,BMRC.O,뱅크 오브 마린 뱅코프,5,120,14,39,74,1.0,10.0,8.83,-10.16,7.4,30.71
115,NODK.O,NI 홀딩스,5,120,14,39,74,1.0,10.0,8.83,1.79,6.1,30.73
115,ACABU.O,Atlantic Coastal Acquisition II Units,5,120,14,39,74,1.0,10.0,8.83,0.0,7.48,26.4
115,FNLC.O,퍼스트 뱅코프,5,120,14,39,74,1.0,10.0,8.83,11.69,11.47,32.35
115,CRWS.O,크라운 크래프츠,5,120,14,39,74,1.0,10.0,8.83,8.07,7.37,31.0
115,CSCO.O,시스코 시스템즈,5,120,14,39,74,1.0,10.0,8.83,15.74,9.05,25.93
115,INTC.O,인텔,5,120,14,44,69,1.0,10.0,8.63,-4.08,8.11,30.6
115,CARE.O,카터 뱅크셰어스,5,120,14,44,69,1.0,10.0,8.63,20.32,10.94,32.18
115,BCML.O,베이컴,5,120,14,44,69,1.0,10.0,8.63,20.79,12.6,31.54
115,FLIC.O,퍼스트 오브 롱 아일랜드,5,120,14,44,69,1.0,10.0,8.63,-3.79,6.07,30.71
115,VBNK.O,버사뱅크,5,120,14,44,69,1.0,10.0,8.63,31.59,8.13,29.25
115,SLMBP.O,SLM 우선주 시리즈 B,5,120,14,44,69,1.0,10.0,8.63,17.84,8.43,26.38
115,IRAAU.O,Iris Acquisition Units,5,120,14,44,69,1.0,10.0,8.63,0.0,10.38,26.14
115,FNLC.O,퍼스트 뱅코프,5,120,14,44,69,1.0,10.0,8.63,9.53,11.47,32.35
115,ACABU.O,Atlantic Coastal Acquisition II Units,5,120,14,44,69,1.0,10.0,8.63,0.0,7.48,26.4
115,NODK.O,NI 홀딩스,5,120,14,44,69,1.0,10.0,8.63,-0.45,6.1,30.73
115,BMRC.O,뱅크 오브 마린 뱅코프,5,120,14,44,69,1.0,10.0,8.63,1.63,7.4,30.71
115,HBCP.O,홈 뱅코프,5,120,14,44,69,1.0,10.0,8.63,3.91,13.8,29.42
115,ARTNA.O,아르테시안 리소시스,5,120,14,44,69,1.0,10.0,8.63,19.23,9.07,26.07
115,MOFG.O,미드웨스트원 파이낸셜 그룹,5,120,14,44,69,1.0,10.0,8.63,-0.8,10.82,32.59
115,NWFL.O,노우드 파이낸셜,5,120,14,44,69,1.0,10.0,8.63,5.24,10.26,31.89
115,PFIS.O,피플스 파이낸셜 서비스,5,120,14,44,69,1.0,10.0,8.63,6.27,10.48,32.65
115,GAIN.O,글래드스톤 인베스트먼트,5,120,14,44,69,1.0,10.0,8.63,67.18,9.82,26.4
115,ITRN.O,이투란 로케이션 앤 콘트롤,5,120,14,44,69,1.0,10.0,8.63,5.53,9.0,30.29
115,AROW.O,애로우 파이낸셜,5,120,14,44,69,1.0,10.0,8.63,4.22,8.27,28.39
115,THFF.O,퍼스트 파이낸셜,5,120,14,44,69,1.0,10.0,8.63,6.57,8.38,28.09
115,WASH.O,워싱턴 트러스트 뱅코프,5,120,14,44,69,1.0,10.0,8.63,-3.98,9.35,31.4
115,CASS.O,캐스 인포메이션 시스템즈,5,120,14,44,69,1.0,10.0,8.63,7.39,9.95,31.16
115,NFBK.O,노스필드 뱅코프,5,120,14,44,69,1.0,10.0,8.63,-2.48,6.43,28.36
115,CATC.O,케임브리지 뱅코프,5,120,14,44,69,1.0,10.0,8.63,5.97,10.22,28.37
115,YORW.O,요크 워터,5,120,14,44,69,1.0,10.0,8.63,-2.15,12.12,28.41
115,CAC.O,캠던 내셔널,5,120,14,44,69,1.0,10.0,8.63,8.02,10.47,31.2
115,BPRN.O,뱅크 오브 프린스턴,5,120,14,44,69,1.0,10.0,8.63,5.21,9.38,33.05
115,RGCO.O,RGC 리소스,5,120,14,44,69,1.0,10.0,8.63,-2.19,10.16,29.86
115,TRST.O,트러스트코 은행 N Y,5,120,14,44,69,1.0,10.0,8.63,10.04,6.07,29.58
115,GLSTU.O,Global Star Acquisition Units,5,120,14,44,69,1.0,10.0,8.63,0.0,11.45,32.3
115,CSCO.O,시스코 시스템즈,5,120,14,44,69,1.0,10.0,8.63,13.56,9.05,25.93
115,PBBK.O,PB 뱅크셰어,5,120,14,44,69,1.0,10.0,8.63,0.0,9.17,25.53
115,CRWS.O,크라운 크래프츠,5,120,14,44,69,1.0,10.0,8.63,3.49,7.37,31.0
115,SELF.O,글로벌 셀프 스토리지,5,120,14,44,69,1.0,10.0,8.63,8.67,6.92,28.09
115,ICCH.O,ICC 홀딩스,5,120,14,44,69,1.0,10.0,8.63,2.04,11.15,30.77
115,LSBK.O,레이크 쇼어 뱅코프,5,120,14,44,69,1.0,10.0,8.63,-3.59,7.09,26.55
115,HHGCU.O,HHG Capital Units,5,120,14,44,69,1.0,10.0,8.63,0.0,7.98,28.1
115,PROV.O,프로비던트 파이낸셜 홀딩스,5,120,14,44,69,1.0,10.0,8.63,-5.46,10.62,27.22
115,ACACU.O,Acri Capital Acquisition Units,5,120,14,44,69,1.0,10.0,8.63,49.93,10.52,25.31
115,SPKLU.O,Spark I Acquisition Units,5,120,14,44,69,1.0,10.0,8.63,0.0,8.19,27.97
115,LARK.O,랜드마크 뱅코프,5,120,14,44,69,1.0,10.0,8.63,-2.77,10.46,30.51
115,WINVU.O,WinVest Acquisition Units,5,120,14,44,69,1.0,10.0,8.63,0.0,11.55,29.96
115,BCBP.O,BCB 뱅코프,5,120,14,44,69,1.0,10.0,8.63,11.55,9.24,30.5
115,CBFV.O,CB 파이낸셜 서비스,5,120,14,44,69,1.0,10.0,8.63,-0.39,7.07,28.07
115,MRBK.O,메리디안,5,120,14,44,69,1.0,10.0,8.63,28.7,9.41,33.02
115,FRAF.O,프랭클린 파이낸셜 서비스,5,120,14,44,69,1.0,10.0,8.63,7.27,8.08,27.71
115,CZWI.O,시티즌스 커뮤니티 뱅코프,5,120,14,44,69,1.0,10.0,8.63,11.65,13.18,28.84
115,GLLIU.O,Globalink Investment Units,5,120,14,44,69,1.0,10.0,8.63,0.0,10.4,32.91
115,BFIN.O,뱅크파이낸셜,5,120,14,44,69,1.0,10.0,8.63,2.74,7.21,30.49
115,WAVSU.O,Western Acquisition Ventures Units,5,120,14,44,69,1.0,10.0,8.63,0.0,8.16,29.75
115,MSSAU.O,Metal Sky Star Acquisition Units,5,120,14,44,69,1.0,10.0,8.63,0.0,9.24,25.99
115,ESSA.O,ESSA 뱅코프,5,120,14,44,69,1.0,10.0,8.63,14.92,7.75,28.89
115,VABK.O,버지니아 내셔널 뱅크셰어,5,120,14,44,69,1.0,10.0,8.63,8.49,8.63,30.78
115,BWFG.O,뱅크웰 파이낸셜 그룹,5,120,14,44,69,1.0,10.0,8.63,17.3,8.91,29.41
115,HONE.O,하버원 뱅코프,5,120,14,44,69,1.0,10.0,8.63,26.38,13.05,29.78
115,UTMD.O,유타 메디컬 프로덕츠,5,120,14,44,69,1.0,10.0,8.63,-83.99,12.66,30.8
115,GSBC.O,그레이트 서던 뱅코프,5,120,14,44,69,1.0,10.0,8.63,22.63,13.76,30.39
115,CBSH.O,커머스 뱅크셰어스,5,120,14,44,69,1.0,10.0,8.63,43.78,10.94,24.71
115,FIBK.O,퍼스트 인터스테이트 뱅크시스템,5,120,14,44,69,1.0,10.0,8.63,5.91,10.42,31.05
115,FULT.O,풀턴 파이낸셜,5,120,14,44,69,1.0,10.0,8.63,15.21,10.14,31.11
115,LBTYK.O,리버티 글로벌 Class C,5,120,14,44,69,1.0,10.0,8.63,-6.39,8.66,29.05
115,PECO.O,필립스 에디슨 & 코,5,120,14,44,69,1.0,10.0,8.63,4.15,10.22,25.08
115,AVT.O,에이브이넷,5,120,14,44,69,1.0,10.0,8.63,4.37,10.14,29.6
115,UMBF.O,UMB 파이낸셜,5,120,14,44,69,1.0,10.0,8.63,57.85,12.73,31.3
115,UBSI.O,유나이티드 뱅크셰어스(Nasdaq GS),5,120,14,44,69,1.0,10.0,8.63,4.21,8.26,31.06
115,NWS.O,뉴스 코퍼레이션 Class B,5,120,14,44,69,1.0,10.0,8.63,12.32,10.08,29.0
115,ONB.O,올드 내셔널 뱅코프,5,120,14,44,69,1.0,10.0,8.63,10.02,9.39,29.06
115,LBRDK.O,리버티 브로드밴드 시리즈 C,5,120,14,44,69,1.0,10.0,8.63,-20.55,8.56,29.81
115,GNTX.O,젠텍스,5,120,14,44,69,1.0,10.0,8.63,26.53,13.91,29.6
115,OTEX.O,오픈 텍스트,5,120,14,44,69,1.0,10.0,8.63,17.1,13.32,29.18
115,LBTYA.O,리버티 글로벌 Class A,5,120,14,44,69,1.0,10.0,8.63,-6.49,8.36,29.79
115,SEIC.O,SEI 인베스트먼트,5,120,14,44,69,1.0,10.0,8.63,11.34,11.93,25.92
115,HAS.O,해즈브로,5,120,14,44,69,1.0,10.0,8.63,3.25,7.83,30.05
115,NWSA.O,뉴스 코퍼레이션 Class A,5,120,14,44,69,1.0,10.0,8.63,11.65,9.64,29.14
115,REG.O,리젠시 센터스,5,120,14,44,69,1.0,10.0,8.63,-0.39,8.76,28.11
115,GLPI.O,게이밍 앤드 레저 프로퍼티스,5,120,14,44,69,1.0,10.0,8.63,9.06,6.77,29.67
115,NTRS.O,노던 트러스트,5,120,14,44,69,1.0,10.0,8.63,6.49,8.6,28.01
115,TROW.O,티 로웨 프라이스 그룹,5,120,14,44,69,1.0,10.0,8.63,5.06,10.77,28.47
115,CCEP.O,코카-콜라 유로퍼시픽 파트너스,5,120,14,44,69,1.0,10.0,8.63,25.73,11.58,24.49
115,CTSH.O,코그니전트 테크놀로지 솔루션,5,120,14,44,69,1.0,10.0,8.63,3.77,12.19,29.0
115,HFWA.O,헤리티지 파이낸셜,5,120,14,44,69,1.0,10.0,8.63,18.91,8.62,31.66
115,PCAR.O,파카,5,120,14,44,69,1.0,10.0,8.63,11.69,11.78,27.71
115,PCH.O,포틀래치델틱,5,120,14,44,69,1.0,10.0,8.63,24.33,6.78,30.39
115,BOKF.O,BOK 파이낸셜,5,120,14,44,69,1.0,10.0,8.63,11.6,10.73,30.63
115,WAFD.O,WaFd,5,120,14,44,69,1.0,10.0,8.63,15.13,10.16,28.58
115,WSBC.O,웨스뱅코,5,120,14,44,69,1.0,10.0,8.63,0.6,9.83,30.85
115,UVSP.O,유니베스트 파이낸셜,5,120,14,44,69,1.0,10.0,8.63,5.5,8.74,31.52
115,CVBF.O,CVB 파이낸셜,5,120,14,44,69,1.0,10.0,8.63,19.76,10.14,31.66
115,CTBI.O,커뮤니티 트러스트 뱅코프,5,120,14,44,69,1.0,10.0,8.63,7.76,9.43,27.12
115,FMBH.O,퍼스트미드 뱅크셰어스,5,120,14,44,69,1.0,10.0,8.63,53.82,11.15,31.54
115,LBRDA.O,리버티 브로드밴드 시리즈 A,5,120,14,44,69,1.0,10.0,8.63,-21.29,8.38,29.91
115,SBSI.O,사우스사이드 뱅크셰어스,5,120,14,44,69,1.0,10.0,8.63,31.77,10.87,28.92
115,OCFC.O,오션퍼스트 파이낸셜,5,120,14,44,69,1.0,10.0,8.63,5.64,7.92,30.72
115,CSGS.O,CSG 시스템즈인터내셔널,5,120,14,44,69,1.0,10.0,8.63,33.38,10.75,27.71
115,BUSE.O,퍼스트 뷰지,5,120,14,44,69,1.0,10.0,8.63,3.02,10.2,31.44
115,ROIC.O,리테일 오퍼튜니티 인베스트먼트,5,120,14,44,69,1.0,10.0,8.63,-6.34,6.59,29.23
115,STBA.O,S&T 뱅코프,5,120,14,44,69,1.0,10.0,8.63,26.09,11.11,32.19
115,CLBK.O,콜롬비아 파이낸셜,5,120,14,44,69,1.0,10.0,8.63,11.76,7.36,29.22
115,LLYVA.O,리버티 미디어 Series A,5,120,14,44,69,1.0,10.0,8.63,0.0,8.0,31.72
115,GCMG.O,GCM 그로스브너,5,120,14,44,69,1.0,10.0,8.63,13.61,5.66,29.75
115,NBTB.O,NBT 뱅코프,5,120,14,44,69,1.0,10.0,8.63,10.3,10.47,28.47
115,PRGS.O,프로그레스 소프트웨어,5,120,14,44,69,1.0,10.0,8.63,10.91,12.89,30.64
115,WERN.O,웨너 엔터프라이즈,5,120,14,44,69,1.0,10.0,8.63,3.44,8.57,27.61
115,IART.O,인테그라 라이프사이언시스 홀딩스,5,120,14,44,69,1.0,10.0,8.63,-1.23,9.72,30.85
115,TOWN.O,타운뱅크,5,120,14,44,69,1.0,10.0,8.63,7.7,11.41,31.19
115,FFBC.O,퍼스트 파이낸셜 뱅코프,5,120,14,44,69,1.0,10.0,8.63,13.64,10.35,33.13
115,INDB.O,인디펜던트 뱅크 (매사추세츠),5,120,14,44,69,1.0,10.0,8.63,4.31,12.06,30.9
115,SFNC.O,시몬스 퍼스트 내셔널,5,120,14,44,69,1.0,10.0,8.63,1.74,8.87,32.24
115,TRMK.O,트러스트마크,5,120,14,44,69,1.0,10.0,8.63,8.93,8.02,29.11
115,WERN.O,웨너 엔터프라이즈,5,120,14,49,64,1.0,10.0,8.59,9.07,8.57,27.61
115,GCMG.O,GCM 그로스브너,5,120,14,49,64,1.0,10.0,8.59,1.54,5.66,29.75
115,TRMK.O,트러스트마크,5,120,14,49,64,1.0,10.0,8.59,7.07,8.02,29.11
115,NBTB.O,NBT 뱅코프,5,120,14,49,64,1.0,10.0,8.59,13.79,10.47,28.47
115,PRGS.O,프로그레스 소프트웨어,5,120,14,49,64,1.0,10.0,8.59,19.29,12.89,30.64
115,INDB.O,인디펜던트 뱅크 (매사추세츠),5,120,14,49,64,1.0,10.0,8.59,-0.38,12.06,30.9
115,IART.O,인테그라 라이프사이언시스 홀딩스,5,120,14,49,64,1.0,10.0,8.59,0.89,9.72,30.85
115,TOWN.O,타운뱅크,5,120,14,49,64,1.0,10.0,8.59,9.02,11.41,31.19
115,FFBC.O,퍼스트 파이낸셜 뱅코프,5,120,14,49,64,1.0,10.0,8.59,4.47,10.35,33.13
115,CLBK.O,콜롬비아 파이낸셜,5,120,14,49,64,1.0,10.0,8.59,5.67,7.36,29.22
115,SFNC.O,시몬스 퍼스트 내셔널,5,120,14,49,64,1.0,10.0,8.59,3.26,8.87,32.24
115,WSBC.O,웨스뱅코,5,120,14,49,64,1.0,10.0,8.59,1.76,9.83,30.85
115,OCFC.O,오션퍼스트 파이낸셜,5,120,14,49,64,1.0,10.0,8.59,-1.17,7.92,30.72
115,STBA.O,S&T 뱅코프,5,120,14,49,64,1.0,10.0,8.59,11.98,11.11,32.19
115,ROIC.O,리테일 오퍼튜니티 인베스트먼트,5,120,14,49,64,1.0,10.0,8.59,-3.77,6.59,29.23
115,BUSE.O,퍼스트 뷰지,5,120,14,49,64,1.0,10.0,8.59,2.62,10.2,31.44
115,CSGS.O,CSG 시스템즈인터내셔널,5,120,14,49,64,1.0,10.0,8.59,15.05,10.75,27.71
115,SBSI.O,사우스사이드 뱅크셰어스,5,120,14,49,64,1.0,10.0,8.59,15.65,10.87,28.92
115,LBRDA.O,리버티 브로드밴드 시리즈 A,5,120,14,49,64,1.0,10.0,8.59,-8.81,8.38,29.91
115,FMBH.O,퍼스트미드 뱅크셰어스,5,120,14,49,64,1.0,10.0,8.59,20.93,11.15,31.54
115,CTBI.O,커뮤니티 트러스트 뱅코프,5,120,14,49,64,1.0,10.0,8.59,8.63,9.43,27.12
115,LLYVA.O,리버티 미디어 Series A,5,120,14,49,64,1.0,10.0,8.59,0.0,8.0,31.72
115,UVSP.O,유니베스트 파이낸셜,5,120,14,49,64,1.0,10.0,8.59,7.8,8.74,31.52
115,HFWA.O,헤리티지 파이낸셜,5,120,14,49,64,1.0,10.0,8.59,13.38,8.62,31.66
115,WAFD.O,WaFd,5,120,14,49,64,1.0,10.0,8.59,8.8,10.16,28.58
115,CVBF.O,CVB 파이낸셜,5,120,14,49,64,1.0,10.0,8.59,12.96,10.14,31.66
115,PCAR.O,파카,5,120,14,49,64,1.0,10.0,8.59,27.51,11.78,27.71
115,LBTYA.O,리버티 글로벌 Class A,5,120,14,49,64,1.0,10.0,8.59,-6.7,8.36,29.79
115,CBSH.O,커머스 뱅크셰어스,5,120,14,49,64,1.0,10.0,8.59,14.14,10.94,24.71
115,TRST.O,트러스트코 은행 N Y,5,120,14,49,64,1.0,10.0,8.59,4.61,6.07,29.58
115,CTSH.O,코그니전트 테크놀로지 솔루션,5,120,14,49,64,1.0,10.0,8.59,14.82,12.19,29.0
115,CCEP.O,코카-콜라 유로퍼시픽 파트너스,5,120,14,49,64,1.0,10.0,8.59,62.06,11.58,24.49
115,TROW.O,티 로웨 프라이스 그룹,5,120,14,49,64,1.0,10.0,8.59,6.1,10.77,28.47
115,NTRS.O,노던 트러스트,5,120,14,49,64,1.0,10.0,8.59,13.45,8.6,28.01
115,GLPI.O,게이밍 앤드 레저 프로퍼티스,5,120,14,49,64,1.0,10.0,8.59,11.6,6.77,29.67
115,REG.O,리젠시 센터스,5,120,14,49,64,1.0,10.0,8.59,4.58,8.76,28.11
115,NWSA.O,뉴스 코퍼레이션 Class A,5,120,14,49,64,1.0,10.0,8.59,13.68,9.64,29.14
115,HAS.O,해즈브로,5,120,14,49,64,1.0,10.0,8.59,5.65,7.83,30.05
115,SEIC.O,SEI 인베스트먼트,5,120,14,49,64,1.0,10.0,8.59,10.99,11.93,25.92
115,OTEX.O,오픈 텍스트,5,120,14,49,64,1.0,10.0,8.59,12.57,13.32,29.18
115,GNTX.O,젠텍스,5,120,14,49,64,1.0,10.0,8.59,27.46,13.91,29.6
115,PCH.O,포틀래치델틱,5,120,14,49,64,1.0,10.0,8.59,8.29,6.78,30.39
115,LBRDK.O,리버티 브로드밴드 시리즈 C,5,120,14,49,64,1.0,10.0,8.59,-8.06,8.56,29.81
115,BOKF.O,BOK 파이낸셜,5,120,14,49,64,1.0,10.0,8.59,11.27,10.73,30.63
115,ONB.O,올드 내셔널 뱅코프,5,120,14,49,64,1.0,10.0,8.59,7.39,9.39,29.06
115,NWS.O,뉴스 코퍼레이션 Class B,5,120,14,49,64,1.0,10.0,8.59,14.52,10.08,29.0
115,UBSI.O,유나이티드 뱅크셰어스(Nasdaq GS),5,120,14,49,64,1.0,10.0,8.59,3.73,8.26,31.06
115,UMBF.O,UMB 파이낸셜,5,120,14,49,64,1.0,10.0,8.59,17.54,12.73,31.3
115,AVT.O,에이브이넷,5,120,14,49,64,1.0,10.0,8.59,7.13,10.14,29.6
115,PECO.O,필립스 에디슨 & 코,5,120,14,49,64,1.0,10.0,8.59,4.15,10.22,25.08
115,LBTYK.O,리버티 글로벌 Class C,5,120,14,49,64,1.0,10.0,8.59,-6.08,8.66,29.05
115,FULT.O,풀턴 파이낸셜,5,120,14,49,64,1.0,10.0,8.59,7.73,10.14,31.11
115,FIBK.O,퍼스트 인터스테이트 뱅크시스템,5,120,14,49,64,1.0,10.0,8.59,4.82,10.42,31.05
115,GSBC.O,그레이트 서던 뱅코프,5,120,14,49,64,1.0,10.0,8.59,39.38,13.76,30.39
115,PBBK.O,PB 뱅크셰어,5,120,14,49,64,1.0,10.0,8.59,12.78,9.17,25.53
115,HONE.O,하버원 뱅코프,5,120,14,49,64,1.0,10.0,8.59,23.66,13.05,29.78
115,CBFV.O,CB 파이낸셜 서비스,5,120,14,49,64,1.0,10.0,8.59,2.22,7.07,28.07
115,BCBP.O,BCB 뱅코프,5,120,14,49,64,1.0,10.0,8.59,13.62,9.24,30.5
115,BWFG.O,뱅크웰 파이낸셜 그룹,5,120,14,49,64,1.0,10.0,8.59,13.25,8.91,29.41
115,VABK.O,버지니아 내셔널 뱅크셰어,5,120,14,49,64,1.0,10.0,8.59,17.95,8.63,30.78
115,ESSA.O,ESSA 뱅코프,5,120,14,49,64,1.0,10.0,8.59,13.7,7.75,28.89
115,MSSAU.O,Metal Sky Star Acquisition Units,5,120,14,49,64,1.0,10.0,8.59,0.0,9.24,25.99
115,WAVSU.O,Western Acquisition Ventures Units,5,120,14,49,64,1.0,10.0,8.59,0.0,8.16,29.75
115,BFIN.O,뱅크파이낸셜,5,120,14,49,64,1.0,10.0,8.59,-1.21,7.21,30.49
115,GLLIU.O,Globalink Investment Units,5,120,14,49,64,1.0,10.0,8.59,0.0,10.4,32.91
115,CZWI.O,시티즌스 커뮤니티 뱅코프,5,120,14,49,64,1.0,10.0,8.59,2.43,13.18,28.84
115,FRAF.O,프랭클린 파이낸셜 서비스,5,120,14,49,64,1.0,10.0,8.59,8.75,8.08,27.71
115,MRBK.O,메리디안,5,120,14,49,64,1.0,10.0,8.59,19.72,9.41,33.02
115,WINVU.O,WinVest Acquisition Units,5,120,14,49,64,1.0,10.0,8.59,10.7,11.55,29.96
115,CAC.O,캠던 내셔널,5,120,14,49,64,1.0,10.0,8.59,9.11,10.47,31.2
115,GLSTU.O,Global Star Acquisition Units,5,120,14,49,64,1.0,10.0,8.59,0.0,11.45,32.3
115,LARK.O,랜드마크 뱅코프,5,120,14,49,64,1.0,10.0,8.59,-2.77,10.46,30.51
115,SPKLU.O,Spark I Acquisition Units,5,120,14,49,64,1.0,10.0,8.59,0.0,8.19,27.97
115,ACACU.O,Acri Capital Acquisition Units,5,120,14,49,64,1.0,10.0,8.59,49.93,10.52,25.31
115,PROV.O,프로비던트 파이낸셜 홀딩스,5,120,14,49,64,1.0,10.0,8.59,-5.46,10.62,27.22
115,HHGCU.O,HHG Capital Units,5,120,14,49,64,1.0,10.0,8.59,0.0,7.98,28.1
115,LSBK.O,레이크 쇼어 뱅코프,5,120,14,49,64,1.0,10.0,8.59,-4.23,7.09,26.55
115,ICCH.O,ICC 홀딩스,5,120,14,49,64,1.0,10.0,8.59,14.79,11.15,30.77
115,SELF.O,글로벌 셀프 스토리지,5,120,14,49,64,1.0,10.0,8.59,4.89,6.92,28.09
115,CRWS.O,크라운 크래프츠,5,120,14,49,64,1.0,10.0,8.59,1.66,7.37,31.0
115,CSCO.O,시스코 시스템즈,5,120,14,49,64,1.0,10.0,8.59,18.29,9.05,25.93
115,RGCO.O,RGC 리소스,5,120,14,49,64,1.0,10.0,8.59,-2.19,10.16,29.86
115,NWFL.O,노우드 파이낸셜,5,120,14,49,64,1.0,10.0,8.59,8.22,10.26,31.89
115,BPRN.O,뱅크 오브 프린스턴,5,120,14,49,64,1.0,10.0,8.59,5.78,9.38,33.05
115,UTMD.O,유타 메디컬 프로덕츠,5,120,14,49,64,1.0,10.0,8.59,0.6,12.66,30.8
115,YORW.O,요크 워터,5,120,14,49,64,1.0,10.0,8.59,11.86,12.12,28.41
115,CATC.O,케임브리지 뱅코프,5,120,14,49,64,1.0,10.0,8.59,1.9,10.22,28.37
115,NFBK.O,노스필드 뱅코프,5,120,14,49,64,1.0,10.0,8.59,-2.93,6.43,28.36
115,CASS.O,캐스 인포메이션 시스템즈,5,120,14,49,64,1.0,10.0,8.59,4.89,9.95,31.16
115,WASH.O,워싱턴 트러스트 뱅코프,5,120,14,49,64,1.0,10.0,8.59,-5.9,9.35,31.4
115,THFF.O,퍼스트 파이낸셜,5,120,14,49,64,1.0,10.0,8.59,4.91,8.38,28.09
115,AROW.O,애로우 파이낸셜,5,120,14,49,64,1.0,10.0,8.59,-0.18,8.27,28.39
115,ITRN.O,이투란 로케이션 앤 콘트롤,5,120,14,49,64,1.0,10.0,8.59,13.3,9.0,30.29
115,GAIN.O,글래드스톤 인베스트먼트,5,120,14,49,64,1.0,10.0,8.59,14.93,9.82,26.4
115,PFIS.O,피플스 파이낸셜 서비스,5,120,14,49,64,1.0,10.0,8.59,6.88,10.48,32.65
115,MOFG.O,미드웨스트원 파이낸셜 그룹,5,120,14,49,64,1.0,10.0,8.59,0.39,10.82,32.59
115,CARE.O,카터 뱅크셰어스,5,120,14,49,64,1.0,10.0,8.59,20.34,10.94,32.18
115,ARTNA.O,아르테시안 리소시스,5,120,14,49,64,1.0,10.0,8.59,20.46,9.07,26.07
115,HBCP.O,홈 뱅코프,5,120,14,49,64,1.0,10.0,8.59,6.72,13.8,29.42
115,BMRC.O,뱅크 오브 마린 뱅코프,5,120,14,49,64,1.0,10.0,8.59,-5.1,7.4,30.71
115,NODK.O,NI 홀딩스,5,120,14,49,64,1.0,10.0,8.59,1.85,6.1,30.73
115,ACABU.O,Atlantic Coastal Acquisition II Units,5,120,14,49,64,1.0,10.0,8.59,0.0,7.48,26.4
115,FNLC.O,퍼스트 뱅코프,5,120,14,49,64,1.0,10.0,8.59,11.67,11.47,32.35
115,IRAAU.O,Iris Acquisition Units,5,120,14,49,64,1.0,10.0,8.59,0.0,10.38,26.14
115,SLMBP.O,SLM 우선주 시리즈 B,5,120,14,49,64,1.0,10.0,8.59,17.47,8.43,26.38
115,VBNK.O,버사뱅크,5,120,14,49,64,1.0,10.0,8.59,45.67,8.13,29.25
115,FLIC.O,퍼스트 오브 롱 아일랜드,5,120,14,49,64,1.0,10.0,8.59,-5.91,6.07,30.71
115,BCML.O,베이컴,5,120,14,49,64,1.0,10.0,8.59,23.77,12.6,31.54
115,INTC.O,인텔,5,120,14,49,64,1.0,10.0,8.59,-0.87,8.11,30.6
115,SELF.O,글로벌 셀프 스토리지,5,120,14,29,64,1.0,10.0,8.45,0.0,6.92,28.09
115,CRWS.O,크라운 크래프츠,5,120,14,29,64,1.0,10.0,8.45,51.15,7.37,31.0
115,PBBK.O,PB 뱅크셰어,5,120,14,29,64,1.0,10.0,8.45,0.0,9.17,25.53
115,SLMBP.O,SLM 우선주 시리즈 B,5,120,14,29,64,1.0,10.0,8.45,53.31,8.43,26.38
115,LSBK.O,레이크 쇼어 뱅코프,5,120,14,29,64,1.0,10.0,8.45,0.0,7.09,26.55
115,ACABU.O,Atlantic Coastal Acquisition II Units,5,120,14,29,64,1.0,10.0,8.45,0.0,7.48,26.4
115,NODK.O,NI 홀딩스,5,120,14,29,64,1.0,10.0,8.45,0.0,6.1,30.73
115,BMRC.O,뱅크 오브 마린 뱅코프,5,120,14,29,64,1.0,10.0,8.45,0.0,7.4,30.71
115,HBCP.O,홈 뱅코프,5,120,14,29,64,1.0,10.0,8.45,0.0,13.8,29.42
115,ARTNA.O,아르테시안 리소시스,5,120,14,29,64,1.0,10.0,8.45,0.0,9.07,26.07
115,CARE.O,카터 뱅크셰어스,5,120,14,29,64,1.0,10.0,8.45,0.0,10.94,32.18
115,MOFG.O,미드웨스트원 파이낸셜 그룹,5,120,14,29,64,1.0,10.0,8.45,0.0,10.82,32.59
115,PFIS.O,피플스 파이낸셜 서비스,5,120,14,29,64,1.0,10.0,8.45,0.0,10.48,32.65
115,GAIN.O,글래드스톤 인베스트먼트,5,120,14,29,64,1.0,10.0,8.45,0.0,9.82,26.4
115,ITRN.O,이투란 로케이션 앤 콘트롤,5,120,14,29,64,1.0,10.0,8.45,0.0,9.0,30.29
115,AROW.O,애로우 파이낸셜,5,120,14,29,64,1.0,10.0,8.45,0.0,8.27,28.39
115,THFF.O,퍼스트 파이낸셜,5,120,14,29,64,1.0,10.0,8.45,0.0,8.38,28.09
115,WASH.O,워싱턴 트러스트 뱅코프,5,120,14,29,64,1.0,10.0,8.45,0.0,9.35,31.4
115,CASS.O,캐스 인포메이션 시스템즈,5,120,14,29,64,1.0,10.0,8.45,0.0,9.95,31.16
115,NFBK.O,노스필드 뱅코프,5,120,14,29,64,1.0,10.0,8.45,119.85,6.43,28.36
115,CATC.O,케임브리지 뱅코프,5,120,14,29,64,1.0,10.0,8.45,0.0,10.22,28.37
115,YORW.O,요크 워터,5,120,14,29,64,1.0,10.0,8.45,0.0,12.12,28.41
115,CAC.O,캠던 내셔널,5,120,14,29,64,1.0,10.0,8.45,0.0,10.47,31.2
115,HONE.O,하버원 뱅코프,5,120,14,29,64,1.0,10.0,8.45,0.0,13.05,29.78
115,TRST.O,트러스트코 은행 N Y,5,120,14,29,64,1.0,10.0,8.45,14.24,6.07,29.58
115,GSBC.O,그레이트 서던 뱅코프,5,120,14,29,64,1.0,10.0,8.45,74.01,13.76,30.39
115,HFWA.O,헤리티지 파이낸셜,5,120,14,29,64,1.0,10.0,8.45,13.53,8.62,31.66
115,UVSP.O,유니베스트 파이낸셜,5,120,14,29,64,1.0,10.0,8.45,14.09,8.74,31.52
115,FNLC.O,퍼스트 뱅코프,5,120,14,29,64,1.0,10.0,8.45,0.0,11.47,32.35
115,IRAAU.O,Iris Acquisition Units,5,120,14,29,64,1.0,10.0,8.45,0.0,10.38,26.14
115,VBNK.O,버사뱅크,5,120,14,29,64,1.0,10.0,8.45,45.67,8.13,29.25
115,GLLIU.O,Globalink Investment Units,5,120,14,29,64,1.0,10.0,8.45,0.0,10.4,32.91
115,PROV.O,프로비던트 파이낸셜 홀딩스,5,120,14,29,64,1.0,10.0,8.45,-1.27,10.62,27.22
115,ACACU.O,Acri Capital Acquisition Units,5,120,14,29,64,1.0,10.0,8.45,0.0,10.52,25.31
115,SPKLU.O,Spark I Acquisition Units,5,120,14,29,64,1.0,10.0,8.45,0.0,8.19,27.97
115,LARK.O,랜드마크 뱅코프,5,120,14,29,64,1.0,10.0,8.45,0.0,10.46,30.51
115,GLSTU.O,Global Star Acquisition Units,5,120,14,29,64,1.0,10.0,8.45,0.0,11.45,32.3
115,WINVU.O,WinVest Acquisition Units,5,120,14,29,64,1.0,10.0,8.45,0.0,11.55,29.96
115,CBFV.O,CB 파이낸셜 서비스,5,120,14,29,64,1.0,10.0,8.45,0.0,7.07,28.07
115,MRBK.O,메리디안,5,120,14,29,64,1.0,10.0,8.45,0.0,9.41,33.02
115,FRAF.O,프랭클린 파이낸셜 서비스,5,120,14,29,64,1.0,10.0,8.45,8.13,8.08,27.71
115,CZWI.O,시티즌스 커뮤니티 뱅코프,5,120,14,29,64,1.0,10.0,8.45,0.0,13.18,28.84
115,WAVSU.O,Western Acquisition Ventures Units,5,120,14,29,64,1.0,10.0,8.45,0.0,8.16,29.75
115,FLIC.O,퍼스트 오브 롱 아일랜드,5,120,14,29,64,1.0,10.0,8.45,0.0,6.07,30.71
115,MSSAU.O,Metal Sky Star Acquisition Units,5,120,14,29,64,1.0,10.0,8.45,0.0,9.24,25.99
115,ESSA.O,ESSA 뱅코프,5,120,14,29,64,1.0,10.0,8.45,0.0,7.75,28.89
115,VABK.O,버지니아 내셔널 뱅크셰어,5,120,14,29,64,1.0,10.0,8.45,0.0,8.63,30.78
115,BWFG.O,뱅크웰 파이낸셜 그룹,5,120,14,29,64,1.0,10.0,8.45,69.7,8.91,29.41
115,BCBP.O,BCB 뱅코프,5,120,14,29,64,1.0,10.0,8.45,120.96,9.24,30.5
115,RGCO.O,RGC 리소스,5,120,14,29,64,1.0,10.0,8.45,0.0,10.16,29.86
115,NWFL.O,노우드 파이낸셜,5,120,14,29,64,1.0,10.0,8.45,0.0,10.26,31.89
115,BPRN.O,뱅크 오브 프린스턴,5,120,14,29,64,1.0,10.0,8.45,0.0,9.38,33.05
115,UTMD.O,유타 메디컬 프로덕츠,5,120,14,29,64,1.0,10.0,8.45,0.0,12.66,30.8
115,BCML.O,베이컴,5,120,14,29,64,1.0,10.0,8.45,0.0,12.6,31.54
115,LLYVA.O,리버티 미디어 Series A,5,120,14,29,64,1.0,10.0,8.45,0.0,8.0,31.72
115,CTBI.O,커뮤니티 트러스트 뱅코프,5,120,14,29,64,1.0,10.0,8.45,50.79,9.43,27.12
115,FMBH.O,퍼스트미드 뱅크셰어스,5,120,14,29,64,1.0,10.0,8.45,0.0,11.15,31.54
115,SEIC.O,SEI 인베스트먼트,5,120,14,29,64,1.0,10.0,8.45,0.0,11.93,25.92
115,AVT.O,에이브이넷,5,120,14,29,64,1.0,10.0,8.45,0.0,10.14,29.6
115,UMBF.O,UMB 파이낸셜,5,120,14,29,64,1.0,10.0,8.45,0.0,12.73,31.3
115,UBSI.O,유나이티드 뱅크셰어스(Nasdaq GS),5,120,14,29,64,1.0,10.0,8.45,13.84,8.26,31.06
115,NWS.O,뉴스 코퍼레이션 Class B,5,120,14,29,64,1.0,10.0,8.45,0.0,10.08,29.0
115,ONB.O,올드 내셔널 뱅코프,5,120,14,29,64,1.0,10.0,8.45,0.0,9.39,29.06
115,BOKF.O,BOK 파이낸셜,5,120,14,29,64,1.0,10.0,8.45,0.0,10.73,30.63
115,LBRDK.O,리버티 브로드밴드 시리즈 C,5,120,14,29,64,1.0,10.0,8.45,0.0,8.56,29.81
115,GNTX.O,젠텍스,5,120,14,29,64,1.0,10.0,8.45,0.0,13.91,29.6
115,CBSH.O,커머스 뱅크셰어스,5,120,14,29,64,1.0,10.0,8.45,0.0,10.94,24.71
115,OTEX.O,오픈 텍스트,5,120,14,29,64,1.0,10.0,8.45,0.0,13.32,29.18
115,HAS.O,해즈브로,5,120,14,29,64,1.0,10.0,8.45,0.0,7.83,30.05
115,LBTYK.O,리버티 글로벌 Class C,5,120,14,29,64,1.0,10.0,8.45,0.0,8.66,29.05
115,NWSA.O,뉴스 코퍼레이션 Class A,5,120,14,29,64,1.0,10.0,8.45,0.0,9.64,29.14
115,REG.O,리젠시 센터스,5,120,14,29,64,1.0,10.0,8.45,64.27,8.76,28.11
115,GLPI.O,게이밍 앤드 레저 프로퍼티스,5,120,14,29,64,1.0,10.0,8.45,8.1,6.77,29.67
115,NTRS.O,노던 트러스트,5,120,14,29,64,1.0,10.0,8.45,0.0,8.6,28.01
115,TROW.O,티 로웨 프라이스 그룹,5,120,14,29,64,1.0,10.0,8.45,0.0,10.77,28.47
115,CCEP.O,코카-콜라 유로퍼시픽 파트너스,5,120,14,29,64,1.0,10.0,8.45,0.0,11.58,24.49
115,CTSH.O,코그니전트 테크놀로지 솔루션,5,120,14,29,64,1.0,10.0,8.45,0.0,12.19,29.0
115,PCAR.O,파카,5,120,14,29,64,1.0,10.0,8.45,0.0,11.78,27.71
115,INTC.O,인텔,5,120,14,29,64,1.0,10.0,8.45,0.0,8.11,30.6
115,CSCO.O,시스코 시스템즈,5,120,14,29,64,1.0,10.0,8.45,25.58,9.05,25.93
115,PECO.O,필립스 에디슨 & 코,5,120,14,29,64,1.0,10.0,8.45,0.0,10.22,25.08
115,FULT.O,풀턴 파이낸셜,5,120,14,29,64,1.0,10.0,8.45,18.48,10.14,31.11
115,LBRDA.O,리버티 브로드밴드 시리즈 A,5,120,14,29,64,1.0,10.0,8.45,0.0,8.38,29.91
115,NBTB.O,NBT 뱅코프,5,120,14,29,64,1.0,10.0,8.45,8.04,10.47,28.47
115,SBSI.O,사우스사이드 뱅크셰어스,5,120,14,29,64,1.0,10.0,8.45,0.0,10.87,28.92
115,OCFC.O,오션퍼스트 파이낸셜,5,120,14,29,64,1.0,10.0,8.45,0.0,7.92,30.72
115,CSGS.O,CSG 시스템즈인터내셔널,5,120,14,29,64,1.0,10.0,8.45,0.0,10.75,27.71
115,BUSE.O,퍼스트 뷰지,5,120,14,29,64,1.0,10.0,8.45,0.0,10.2,31.44
115,ROIC.O,리테일 오퍼튜니티 인베스트먼트,5,120,14,29,64,1.0,10.0,8.45,0.0,6.59,29.23
115,STBA.O,S&T 뱅코프,5,120,14,29,64,1.0,10.0,8.45,0.0,11.11,32.19
115,CLBK.O,콜롬비아 파이낸셜,5,120,14,29,64,1.0,10.0,8.45,95.25,7.36,29.22
115,WSBC.O,웨스뱅코,5,120,14,29,64,1.0,10.0,8.45,9.82,9.83,30.85
115,GCMG.O,GCM 그로스브너,5,120,14,29,64,1.0,10.0,8.45,0.0,5.66,29.75
115,TRMK.O,트러스트마크,5,120,14,29,64,1.0,10.0,8.45,0.0,8.02,29.11
115,PRGS.O,프로그레스 소프트웨어,5,120,14,29,64,1.0,10.0,8.45,0.0,12.89,30.64
115,FIBK.O,퍼스트 인터스테이트 뱅크시스템,5,120,14,29,64,1.0,10.0,8.45,0.0,10.42,31.05
115,WERN.O,웨너 엔터프라이즈,5,120,14,29,64,1.0,10.0,8.45,0.0,8.57,27.61
115,IART.O,인테그라 라이프사이언시스 홀딩스,5,120,14,29,64,1.0,10.0,8.45,0.0,9.72,30.85
115,TOWN.O,타운뱅크,5,120,14,29,64,1.0,10.0,8.45,22.26,11.41,31.19
115,FFBC.O,퍼스트 파이낸셜 뱅코프,5,120,14,29,64,1.0,10.0,8.45,0.0,10.35,33.13
115,INDB.O,인디펜던트 뱅크 (매사추세츠),5,120,14,29,64,1.0,10.0,8.45,0.0,12.06,30.9
115,SFNC.O,시몬스 퍼스트 내셔널,5,120,14,29,64,1.0,10.0,8.45,12.91,8.87,32.24
115,CVBF.O,CVB 파이낸셜,5,120,14,29,64,1.0,10.0,8.45,0.0,10.14,31.66
115,WAFD.O,WaFd,5,120,14,29,64,1.0,10.0,8.45,0.0,10.16,28.58
115,LBTYA.O,리버티 글로벌 Class A,5,120,14,29,64,1.0,10.0,8.45,0.0,8.36,29.79
115,PCH.O,포틀래치델틱,5,120,14,29,64,1.0,10.0,8.45,0.0,6.78,30.39
115,HHGCU.O,HHG Capital Units,5,120,14,29,64,1.0,10.0,8.45,0.0,7.98,28.1
115,BFIN.O,뱅크파이낸셜,5,120,14,29,64,1.0,10.0,8.45,8.46,7.21,30.49
115,ICCH.O,ICC 홀딩스,5,120,14,29,64,1.0,10.0,8.45,0.0,11.15,30.77
115,ACACU.O,Acri Capital Acquisition Units,5,60,14,44,69,1.0,10.0,8.43,30.07,10.52,25.31
115,WERN.O,웨너 엔터프라이즈,5,60,14,44,69,1.0,10.0,8.43,14.34,8.57,27.61
115,FULT.O,풀턴 파이낸셜,5,60,14,44,69,1.0,10.0,8.43,14.45,10.14,31.11
115,FIBK.O,퍼스트 인터스테이트 뱅크시스템,5,60,14,44,69,1.0,10.0,8.43,6.9,10.42,31.05
115,PCH.O,포틀래치델틱,5,60,14,44,69,1.0,10.0,8.43,21.55,6.78,30.39
115,LBTYA.O,리버티 글로벌 Class A,5,60,14,44,69,1.0,10.0,8.43,-5.87,8.36,29.79
115,WAFD.O,WaFd,5,60,14,44,69,1.0,10.0,8.43,10.19,10.16,28.58
115,CVBF.O,CVB 파이낸셜,5,60,14,44,69,1.0,10.0,8.43,26.63,10.14,31.66
115,SFNC.O,시몬스 퍼스트 내셔널,5,60,14,44,69,1.0,10.0,8.43,3.02,8.87,32.24
115,INDB.O,인디펜던트 뱅크 (매사추세츠),5,60,14,44,69,1.0,10.0,8.43,6.09,12.06,30.9
115,FFBC.O,퍼스트 파이낸셜 뱅코프,5,60,14,44,69,1.0,10.0,8.43,5.85,10.35,33.13
115,TOWN.O,타운뱅크,5,60,14,44,69,1.0,10.0,8.43,8.87,11.41,31.19
115,IART.O,인테그라 라이프사이언시스 홀딩스,5,60,14,44,69,1.0,10.0,8.43,-1.88,9.72,30.85
115,PRGS.O,프로그레스 소프트웨어,5,60,14,44,69,1.0,10.0,8.43,10.57,12.89,30.64
115,LBRDA.O,리버티 브로드밴드 시리즈 A,5,60,14,44,69,1.0,10.0,8.43,3.98,8.38,29.91
115,NBTB.O,NBT 뱅코프,5,60,14,44,69,1.0,10.0,8.43,11.06,10.47,28.47
115,TRMK.O,트러스트마크,5,60,14,44,69,1.0,10.0,8.43,6.13,8.02,29.11
115,PROV.O,프로비던트 파이낸셜 홀딩스,5,60,14,44,69,1.0,10.0,8.43,-4.81,10.62,27.22
115,WSBC.O,웨스뱅코,5,60,14,44,69,1.0,10.0,8.43,-0.17,9.83,30.85
115,CLBK.O,콜롬비아 파이낸셜,5,60,14,44,69,1.0,10.0,8.43,7.41,7.36,29.22
115,STBA.O,S&T 뱅코프,5,60,14,44,69,1.0,10.0,8.43,13.47,11.11,32.19
115,ROIC.O,리테일 오퍼튜니티 인베스트먼트,5,60,14,44,69,1.0,10.0,8.43,-6.03,6.59,29.23
115,BUSE.O,퍼스트 뷰지,5,60,14,44,69,1.0,10.0,8.43,3.38,10.2,31.44
115,CSGS.O,CSG 시스템즈인터내셔널,5,60,14,44,69,1.0,10.0,8.43,23.16,10.75,27.71
115,OCFC.O,오션퍼스트 파이낸셜,5,60,14,44,69,1.0,10.0,8.43,0.83,7.92,30.72
115,SBSI.O,사우스사이드 뱅크셰어스,5,60,14,44,69,1.0,10.0,8.43,38.49,10.87,28.92
115,LBTYK.O,리버티 글로벌 Class C,5,60,14,44,69,1.0,10.0,8.43,-5.53,8.66,29.05
115,PECO.O,필립스 에디슨 & 코,5,60,14,44,69,1.0,10.0,8.43,4.36,10.22,25.08
115,AVT.O,에이브이넷,5,60,14,44,69,1.0,10.0,8.43,4.65,10.14,29.6
115,GLPI.O,게이밍 앤드 레저 프로퍼티스,5,60,14,44,69,1.0,10.0,8.43,9.2,6.77,29.67
115,SELF.O,글로벌 셀프 스토리지,5,60,14,44,69,1.0,10.0,8.43,6.71,6.92,28.09
115,CRWS.O,크라운 크래프츠,5,60,14,44,69,1.0,10.0,8.43,3.73,7.37,31.0
115,PBBK.O,PB 뱅크셰어,5,60,14,44,69,1.0,10.0,8.43,43.36,9.17,25.53
115,ICCH.O,ICC 홀딩스,5,60,14,44,69,1.0,10.0,8.43,1.94,11.15,30.77
115,CSCO.O,시스코 시스템즈,5,60,14,44,69,1.0,10.0,8.43,9.68,9.05,25.93
115,INTC.O,인텔,5,60,14,44,69,1.0,10.0,8.43,-3.04,8.11,30.6
115,PCAR.O,파카,5,60,14,44,69,1.0,10.0,8.43,12.3,11.78,27.71
115,CTSH.O,코그니전트 테크놀로지 솔루션,5,60,14,44,69,1.0,10.0,8.43,8.28,12.19,29.0
115,CCEP.O,코카-콜라 유로퍼시픽 파트너스,5,60,14,44,69,1.0,10.0,8.43,29.17,11.58,24.49
115,TROW.O,티 로웨 프라이스 그룹,5,60,14,44,69,1.0,10.0,8.43,11.5,10.77,28.47
115,NTRS.O,노던 트러스트,5,60,14,44,69,1.0,10.0,8.43,10.59,8.6,28.01
115,REG.O,리젠시 센터스,5,60,14,44,69,1.0,10.0,8.43,4.72,8.76,28.11
115,UMBF.O,UMB 파이낸셜,5,60,14,44,69,1.0,10.0,8.43,39.41,12.73,31.3
115,NWSA.O,뉴스 코퍼레이션 Class A,5,60,14,44,69,1.0,10.0,8.43,11.67,9.64,29.14
115,HAS.O,해즈브로,5,60,14,44,69,1.0,10.0,8.43,0.3,7.83,30.05
115,SEIC.O,SEI 인베스트먼트,5,60,14,44,69,1.0,10.0,8.43,12.04,11.93,25.92
115,OTEX.O,오픈 텍스트,5,60,14,44,69,1.0,10.0,8.43,9.04,13.32,29.18
115,CBSH.O,커머스 뱅크셰어스,5,60,14,44,69,1.0,10.0,8.43,17.94,10.94,24.71
115,GNTX.O,젠텍스,5,60,14,44,69,1.0,10.0,8.43,19.87,13.91,29.6
115,LBRDK.O,리버티 브로드밴드 시리즈 C,5,60,14,44,69,1.0,10.0,8.43,3.43,8.56,29.81
115,BOKF.O,BOK 파이낸셜,5,60,14,44,69,1.0,10.0,8.43,10.9,10.73,30.63
115,ONB.O,올드 내셔널 뱅코프,5,60,14,44,69,1.0,10.0,8.43,9.58,9.39,29.06
115,NWS.O,뉴스 코퍼레이션 Class B,5,60,14,44,69,1.0,10.0,8.43,13.05,10.08,29.0
115,UBSI.O,유나이티드 뱅크셰어스(Nasdaq GS),5,60,14,44,69,1.0,10.0,8.43,5.05,8.26,31.06
115,LSBK.O,레이크 쇼어 뱅코프,5,60,14,44,69,1.0,10.0,8.43,-3.54,7.09,26.55
115,GCMG.O,GCM 그로스브너,5,60,14,44,69,1.0,10.0,8.43,3.19,5.66,29.75
115,FMBH.O,퍼스트미드 뱅크셰어스,5,60,14,44,69,1.0,10.0,8.43,19.92,11.15,31.54
115,MSSAU.O,Metal Sky Star Acquisition Units,5,60,14,44,69,1.0,10.0,8.43,0.0,9.24,25.99
115,VBNK.O,버사뱅크,5,60,14,44,69,1.0,10.0,8.43,31.41,8.13,29.25
115,FLIC.O,퍼스트 오브 롱 아일랜드,5,60,14,44,69,1.0,10.0,8.43,-2.68,6.07,30.71
115,BCML.O,베이컴,5,60,14,44,69,1.0,10.0,8.43,18.28,12.6,31.54
115,UTMD.O,유타 메디컬 프로덕츠,5,60,14,44,69,1.0,10.0,8.43,-24.19,12.66,30.8
115,BPRN.O,뱅크 오브 프린스턴,5,60,14,44,69,1.0,10.0,8.43,4.43,9.38,33.05
115,NWFL.O,노우드 파이낸셜,5,60,14,44,69,1.0,10.0,8.43,12.89,10.26,31.89
115,RGCO.O,RGC 리소스,5,60,14,44,69,1.0,10.0,8.43,-2.05,10.16,29.86
115,BCBP.O,BCB 뱅코프,5,60,14,44,69,1.0,10.0,8.43,12.94,9.24,30.5
115,BWFG.O,뱅크웰 파이낸셜 그룹,5,60,14,44,69,1.0,10.0,8.43,17.08,8.91,29.41
115,CTBI.O,커뮤니티 트러스트 뱅코프,5,60,14,44,69,1.0,10.0,8.43,7.76,9.43,27.12
115,ESSA.O,ESSA 뱅코프,5,60,14,44,69,1.0,10.0,8.43,12.76,7.75,28.89
115,WAVSU.O,Western Acquisition Ventures Units,5,60,14,44,69,1.0,10.0,8.43,0.0,8.16,29.75
115,IRAAU.O,Iris Acquisition Units,5,60,14,44,69,1.0,10.0,8.43,0.0,10.38,26.14
115,BFIN.O,뱅크파이낸셜,5,60,14,44,69,1.0,10.0,8.43,3.92,7.21,30.49
115,GLLIU.O,Globalink Investment Units,5,60,14,44,69,1.0,10.0,8.43,0.0,10.4,32.91
115,CZWI.O,시티즌스 커뮤니티 뱅코프,5,60,14,44,69,1.0,10.0,8.43,15.5,13.18,28.84
115,FRAF.O,프랭클린 파이낸셜 서비스,5,60,14,44,69,1.0,10.0,8.43,1.47,8.08,27.71
115,MRBK.O,메리디안,5,60,14,44,69,1.0,10.0,8.43,27.48,9.41,33.02
115,CBFV.O,CB 파이낸셜 서비스,5,60,14,44,69,1.0,10.0,8.43,-0.78,7.07,28.07
115,WINVU.O,WinVest Acquisition Units,5,60,14,44,69,1.0,10.0,8.43,0.0,11.55,29.96
115,GLSTU.O,Global Star Acquisition Units,5,60,14,44,69,1.0,10.0,8.43,0.0,11.45,32.3
115,LARK.O,랜드마크 뱅코프,5,60,14,44,69,1.0,10.0,8.43,-1.3,10.46,30.51
115,SPKLU.O,Spark I Acquisition Units,5,60,14,44,69,1.0,10.0,8.43,0.0,8.19,27.97
115,HHGCU.O,HHG Capital Units,5,60,14,44,69,1.0,10.0,8.43,0.0,7.98,28.1
115,SLMBP.O,SLM 우선주 시리즈 B,5,60,14,44,69,1.0,10.0,8.43,14.66,8.43,26.38
115,VABK.O,버지니아 내셔널 뱅크셰어,5,60,14,44,69,1.0,10.0,8.43,10.17,8.63,30.78
115,UVSP.O,유니베스트 파이낸셜,5,60,14,44,69,1.0,10.0,8.43,7.63,8.74,31.52
115,THFF.O,퍼스트 파이낸셜,5,60,14,44,69,1.0,10.0,8.43,6.89,8.38,28.09
115,LLYVA.O,리버티 미디어 Series A,5,60,14,44,69,1.0,10.0,8.43,0.0,8.0,31.72
115,FNLC.O,퍼스트 뱅코프,5,60,14,44,69,1.0,10.0,8.43,7.14,11.47,32.35
115,HFWA.O,헤리티지 파이낸셜,5,60,14,44,69,1.0,10.0,8.43,12.88,8.62,31.66
115,GSBC.O,그레이트 서던 뱅코프,5,60,14,44,69,1.0,10.0,8.43,12.51,13.76,30.39
115,TRST.O,트러스트코 은행 N Y,5,60,14,44,69,1.0,10.0,8.43,9.35,6.07,29.58
115,HONE.O,하버원 뱅코프,5,60,14,44,69,1.0,10.0,8.43,27.94,13.05,29.78
115,CAC.O,캠던 내셔널,5,60,14,44,69,1.0,10.0,8.43,5.22,10.47,31.2
115,YORW.O,요크 워터,5,60,14,44,69,1.0,10.0,8.43,7.63,12.12,28.41
115,NFBK.O,노스필드 뱅코프,5,60,14,44,69,1.0,10.0,8.43,-1.72,6.43,28.36
115,CASS.O,캐스 인포메이션 시스템즈,5,60,14,44,69,1.0,10.0,8.43,8.09,9.95,31.16
115,WASH.O,워싱턴 트러스트 뱅코프,5,60,14,44,69,1.0,10.0,8.43,-3.28,9.35,31.4
115,CATC.O,케임브리지 뱅코프,5,60,14,44,69,1.0,10.0,8.43,7.41,10.22,28.37
115,NODK.O,NI 홀딩스,5,60,14,44,69,1.0,10.0,8.43,0.06,6.1,30.73
115,ITRN.O,이투란 로케이션 앤 콘트롤,5,60,14,44,69,1.0,10.0,8.43,12.95,9.0,30.29
115,GAIN.O,글래드스톤 인베스트먼트,5,60,14,44,69,1.0,10.0,8.43,21.28,9.82,26.4
115,PFIS.O,피플스 파이낸셜 서비스,5,60,14,44,69,1.0,10.0,8.43,7.44,10.48,32.65
115,MOFG.O,미드웨스트원 파이낸셜 그룹,5,60,14,44,69,1.0,10.0,8.43,0.35,10.82,32.59
115,CARE.O,카터 뱅크셰어스,5,60,14,44,69,1.0,10.0,8.43,15.12,10.94,32.18
115,ARTNA.O,아르테시안 리소시스,5,60,14,44,69,1.0,10.0,8.43,11.91,9.07,26.07
115,HBCP.O,홈 뱅코프,5,60,14,44,69,1.0,10.0,8.43,4.43,13.8,29.42
115,BMRC.O,뱅크 오브 마린 뱅코프,5,60,14,44,69,1.0,10.0,8.43,2.03,7.4,30.71
115,AROW.O,애로우 파이낸셜,5,60,14,44,69,1.0,10.0,8.43,4.67,8.27,28.39
115,ACABU.O,Atlantic Coastal Acquisition II Units,5,60,14,44,69,1.0,10.0,8.43,0.0,7.48,26.4
115,ACABU.O,Atlantic Coastal Acquisition II Units,5,60,14,49,69,1.0,10.0,7.74,0.0,7.48,26.4
115,ARTNA.O,아르테시안 리소시스,5,60,14,49,69,1.0,10.0,7.74,16.29,9.07,26.07
115,HBCP.O,홈 뱅코프,5,60,14,49,69,1.0,10.0,7.74,4.43,13.8,29.42
115,BMRC.O,뱅크 오브 마린 뱅코프,5,60,14,49,69,1.0,10.0,7.74,2.03,7.4,30.71
115,NODK.O,NI 홀딩스,5,60,14,49,69,1.0,10.0,7.74,0.18,6.1,30.73
115,FLIC.O,퍼스트 오브 롱 아일랜드,5,60,14,49,69,1.0,10.0,7.74,-2.68,6.07,30.71
115,FNLC.O,퍼스트 뱅코프,5,60,14,49,69,1.0,10.0,7.74,6.43,11.47,32.35
115,IRAAU.O,Iris Acquisition Units,5,60,14,49,69,1.0,10.0,7.74,0.0,10.38,26.14
115,SLMBP.O,SLM 우선주 시리즈 B,5,60,14,49,69,1.0,10.0,7.74,14.66,8.43,26.38
115,VBNK.O,버사뱅크,5,60,14,49,69,1.0,10.0,7.74,31.41,8.13,29.25
115,MOFG.O,미드웨스트원 파이낸셜 그룹,5,60,14,49,69,1.0,10.0,7.74,4.16,10.82,32.59
115,CARE.O,카터 뱅크셰어스,5,60,14,49,69,1.0,10.0,7.74,15.12,10.94,32.18
115,HONE.O,하버원 뱅코프,5,60,14,49,69,1.0,10.0,7.74,27.94,13.05,29.78
115,PFIS.O,피플스 파이낸셜 서비스,5,60,14,49,69,1.0,10.0,7.74,5.59,10.48,32.65
115,GAIN.O,글래드스톤 인베스트먼트,5,60,14,49,69,1.0,10.0,7.74,14.88,9.82,26.4
115,ITRN.O,이투란 로케이션 앤 콘트롤,5,60,14,49,69,1.0,10.0,7.74,9.26,9.0,30.29
115,AROW.O,애로우 파이낸셜,5,60,14,49,69,1.0,10.0,7.74,1.19,8.27,28.39
115,THFF.O,퍼스트 파이낸셜,5,60,14,49,69,1.0,10.0,7.74,4.56,8.38,28.09
115,WASH.O,워싱턴 트러스트 뱅코프,5,60,14,49,69,1.0,10.0,7.74,-3.28,9.35,31.4
115,CASS.O,캐스 인포메이션 시스템즈,5,60,14,49,69,1.0,10.0,7.74,6.33,9.95,31.16
115,NFBK.O,노스필드 뱅코프,5,60,14,49,69,1.0,10.0,7.74,-3.78,6.43,28.36
115,CATC.O,케임브리지 뱅코프,5,60,14,49,69,1.0,10.0,7.74,1.01,10.22,28.37
115,YORW.O,요크 워터,5,60,14,49,69,1.0,10.0,7.74,13.05,12.12,28.41
115,CAC.O,캠던 내셔널,5,60,14,49,69,1.0,10.0,7.74,8.91,10.47,31.2
115,UTMD.O,유타 메디컬 프로덕츠,5,60,14,49,69,1.0,10.0,7.74,-0.2,12.66,30.8
115,BCML.O,베이컴,5,60,14,49,69,1.0,10.0,7.74,7.83,12.6,31.54
115,GSBC.O,그레이트 서던 뱅코프,5,60,14,49,69,1.0,10.0,7.74,16.61,13.76,30.39
115,BPRN.O,뱅크 오브 프린스턴,5,60,14,49,69,1.0,10.0,7.74,4.43,9.38,33.05
115,CBFV.O,CB 파이낸셜 서비스,5,60,14,49,69,1.0,10.0,7.74,3.25,7.07,28.07
115,PBBK.O,PB 뱅크셰어,5,60,14,49,69,1.0,10.0,7.74,14.24,9.17,25.53
115,SELF.O,글로벌 셀프 스토리지,5,60,14,49,69,1.0,10.0,7.74,5.12,6.92,28.09
115,ICCH.O,ICC 홀딩스,5,60,14,49,69,1.0,10.0,7.74,9.23,11.15,30.77
115,LSBK.O,레이크 쇼어 뱅코프,5,60,14,49,69,1.0,10.0,7.74,-3.54,7.09,26.55
115,HHGCU.O,HHG Capital Units,5,60,14,49,69,1.0,10.0,7.74,31.27,7.98,28.1
115,PROV.O,프로비던트 파이낸셜 홀딩스,5,60,14,49,69,1.0,10.0,7.74,-5.26,10.62,27.22
115,ACACU.O,Acri Capital Acquisition Units,5,60,14,49,69,1.0,10.0,7.74,30.07,10.52,25.31
115,SPKLU.O,Spark I Acquisition Units,5,60,14,49,69,1.0,10.0,7.74,0.0,8.19,27.97
115,LARK.O,랜드마크 뱅코프,5,60,14,49,69,1.0,10.0,7.74,-1.3,10.46,30.51
115,GLSTU.O,Global Star Acquisition Units,5,60,14,49,69,1.0,10.0,7.74,0.0,11.45,32.3
115,WINVU.O,WinVest Acquisition Units,5,60,14,49,69,1.0,10.0,7.74,0.0,11.55,29.96
115,MRBK.O,메리디안,5,60,14,49,69,1.0,10.0,7.74,27.48,9.41,33.02
115,NWFL.O,노우드 파이낸셜,5,60,14,49,69,1.0,10.0,7.74,8.92,10.26,31.89
115,FRAF.O,프랭클린 파이낸셜 서비스,5,60,14,49,69,1.0,10.0,7.74,2.46,8.08,27.71
115,CZWI.O,시티즌스 커뮤니티 뱅코프,5,60,14,49,69,1.0,10.0,7.74,5.17,13.18,28.84
115,GLLIU.O,Globalink Investment Units,5,60,14,49,69,1.0,10.0,7.74,0.0,10.4,32.91
115,BFIN.O,뱅크파이낸셜,5,60,14,49,69,1.0,10.0,7.74,0.88,7.21,30.49
115,WAVSU.O,Western Acquisition Ventures Units,5,60,14,49,69,1.0,10.0,7.74,0.0,8.16,29.75
115,MSSAU.O,Metal Sky Star Acquisition Units,5,60,14,49,69,1.0,10.0,7.74,0.0,9.24,25.99
115,ESSA.O,ESSA 뱅코프,5,60,14,49,69,1.0,10.0,7.74,8.4,7.75,28.89
115,VABK.O,버지니아 내셔널 뱅크셰어,5,60,14,49,69,1.0,10.0,7.74,10.17,8.63,30.78
115,BWFG.O,뱅크웰 파이낸셜 그룹,5,60,14,49,69,1.0,10.0,7.74,13.86,8.91,29.41
115,BCBP.O,BCB 뱅코프,5,60,14,49,69,1.0,10.0,7.74,13.91,9.24,30.5
115,RGCO.O,RGC 리소스,5,60,14,49,69,1.0,10.0,7.74,-5.0,10.16,29.86
115,TRST.O,트러스트코 은행 N Y,5,60,14,49,69,1.0,10.0,7.74,9.35,6.07,29.58
115,CRWS.O,크라운 크래프츠,5,60,14,49,69,1.0,10.0,7.74,1.0,7.37,31.0
115,HFWA.O,헤리티지 파이낸셜,5,60,14,49,69,1.0,10.0,7.74,12.88,8.62,31.66
115,SEIC.O,SEI 인베스트먼트,5,60,14,49,69,1.0,10.0,7.74,15.14,11.93,25.92
115,LBTYK.O,리버티 글로벌 Class C,5,60,14,49,69,1.0,10.0,7.74,-5.53,8.66,29.05
115,PECO.O,필립스 에디슨 & 코,5,60,14,49,69,1.0,10.0,7.74,4.24,10.22,25.08
115,AVT.O,에이브이넷,5,60,14,49,69,1.0,10.0,7.74,4.65,10.14,29.6
115,UMBF.O,UMB 파이낸셜,5,60,14,49,69,1.0,10.0,7.74,22.0,12.73,31.3
115,UBSI.O,유나이티드 뱅크셰어스(Nasdaq GS),5,60,14,49,69,1.0,10.0,7.74,3.44,8.26,31.06
115,NWS.O,뉴스 코퍼레이션 Class B,5,60,14,49,69,1.0,10.0,7.74,13.05,10.08,29.0
115,ONB.O,올드 내셔널 뱅코프,5,60,14,49,69,1.0,10.0,7.74,6.92,9.39,29.06
115,BOKF.O,BOK 파이낸셜,5,60,14,49,69,1.0,10.0,7.74,10.9,10.73,30.63
115,LBRDK.O,리버티 브로드밴드 시리즈 C,5,60,14,49,69,1.0,10.0,7.74,3.43,8.56,29.81
115,GNTX.O,젠텍스,5,60,14,49,69,1.0,10.0,7.74,15.47,13.91,29.6
115,OTEX.O,오픈 텍스트,5,60,14,49,69,1.0,10.0,7.74,10.23,13.32,29.18
115,HAS.O,해즈브로,5,60,14,49,69,1.0,10.0,7.74,0.3,7.83,30.05
115,FIBK.O,퍼스트 인터스테이트 뱅크시스템,5,60,14,49,69,1.0,10.0,7.74,6.9,10.42,31.05
115,NWSA.O,뉴스 코퍼레이션 Class A,5,60,14,49,69,1.0,10.0,7.74,11.67,9.64,29.14
115,REG.O,리젠시 센터스,5,60,14,49,69,1.0,10.0,7.74,7.02,8.76,28.11
115,GLPI.O,게이밍 앤드 레저 프로퍼티스,5,60,14,49,69,1.0,10.0,7.74,9.2,6.77,29.67
115,NTRS.O,노던 트러스트,5,60,14,49,69,1.0,10.0,7.74,10.59,8.6,28.01
115,TROW.O,티 로웨 프라이스 그룹,5,60,14,49,69,1.0,10.0,7.74,10.49,10.77,28.47
115,CCEP.O,코카-콜라 유로퍼시픽 파트너스,5,60,14,49,69,1.0,10.0,7.74,29.17,11.58,24.49
115,CTSH.O,코그니전트 테크놀로지 솔루션,5,60,14,49,69,1.0,10.0,7.74,10.59,12.19,29.0
115,PCAR.O,파카,5,60,14,49,69,1.0,10.0,7.74,12.3,11.78,27.71
115,INTC.O,인텔,5,60,14,49,69,1.0,10.0,7.74,7.15,8.11,30.6
115,CSCO.O,시스코 시스템즈,5,60,14,49,69,1.0,10.0,7.74,11.78,9.05,25.93
115,UVSP.O,유니베스트 파이낸셜,5,60,14,49,69,1.0,10.0,7.74,7.63,8.74,31.52
115,FULT.O,풀턴 파이낸셜,5,60,14,49,69,1.0,10.0,7.74,7.45,10.14,31.11
115,CBSH.O,커머스 뱅크셰어스,5,60,14,49,69,1.0,10.0,7.74,9.84,10.94,24.71
115,PCH.O,포틀래치델틱,5,60,14,49,69,1.0,10.0,7.74,10.54,6.78,30.39
115,GCMG.O,GCM 그로스브너,5,60,14,49,69,1.0,10.0,7.74,3.19,5.66,29.75
115,LBTYA.O,리버티 글로벌 Class A,5,60,14,49,69,1.0,10.0,7.74,-5.87,8.36,29.79
115,CTBI.O,커뮤니티 트러스트 뱅코프,5,60,14,49,69,1.0,10.0,7.74,11.57,9.43,27.12
115,FMBH.O,퍼스트미드 뱅크셰어스,5,60,14,49,69,1.0,10.0,7.74,10.8,11.15,31.54
115,LBRDA.O,리버티 브로드밴드 시리즈 A,5,60,14,49,69,1.0,10.0,7.74,3.98,8.38,29.91
115,SBSI.O,사우스사이드 뱅크셰어스,5,60,14,49,69,1.0,10.0,7.74,17.04,10.87,28.92
115,OCFC.O,오션퍼스트 파이낸셜,5,60,14,49,69,1.0,10.0,7.74,7.02,7.92,30.72
115,CSGS.O,CSG 시스템즈인터내셔널,5,60,14,49,69,1.0,10.0,7.74,19.18,10.75,27.71
115,ROIC.O,리테일 오퍼튜니티 인베스트먼트,5,60,14,49,69,1.0,10.0,7.74,-6.34,6.59,29.23
115,STBA.O,S&T 뱅코프,5,60,14,49,69,1.0,10.0,7.74,10.7,11.11,32.19
115,CLBK.O,콜롬비아 파이낸셜,5,60,14,49,69,1.0,10.0,7.74,7.41,7.36,29.22
115,WSBC.O,웨스뱅코,5,60,14,49,69,1.0,10.0,7.74,4.9,9.83,30.85
115,BUSE.O,퍼스트 뷰지,5,60,14,49,69,1.0,10.0,7.74,3.38,10.2,31.44
115,TRMK.O,트러스트마크,5,60,14,49,69,1.0,10.0,7.74,6.13,8.02,29.11
115,TOWN.O,타운뱅크,5,60,14,49,69,1.0,10.0,7.74,8.87,11.41,31.19
115,LLYVA.O,리버티 미디어 Series A,5,60,14,49,69,1.0,10.0,7.74,0.0,8.0,31.72
115,CVBF.O,CVB 파이낸셜,5,60,14,49,69,1.0,10.0,7.74,17.92,10.14,31.66
115,SFNC.O,시몬스 퍼스트 내셔널,5,60,14,49,69,1.0,10.0,7.74,6.95,8.87,32.24
115,INDB.O,인디펜던트 뱅크 (매사추세츠),5,60,14,49,69,1.0,10.0,7.74,3.61,12.06,30.9
115,FFBC.O,퍼스트 파이낸셜 뱅코프,5,60,14,49,69,1.0,10.0,7.74,5.85,10.35,33.13
115,WAFD.O,WaFd,5,60,14,49,69,1.0,10.0,7.74,14.31,10.16,28.58
115,IART.O,인테그라 라이프사이언시스 홀딩스,5,60,14,49,69,1.0,10.0,7.74,-1.13,9.72,30.85
115,WERN.O,웨너 엔터프라이즈,5,60,14,49,69,1.0,10.0,7.74,9.96,8.57,27.61
115,PRGS.O,프로그레스 소프트웨어,5,60,14,49,69,1.0,10.0,7.74,10.57,12.89,30.64
115,NBTB.O,NBT 뱅코프,5,60,14,49,69,1.0,10.0,7.74,7.92,10.47,28.47
115,PFIS.O,피플스 파이낸셜 서비스,5,60,14,39,74,1.0,10.0,7.47,9.23,10.48,32.65
115,VBNK.O,버사뱅크,5,60,14,39,74,1.0,10.0,7.47,31.41,8.13,29.25
115,SLMBP.O,SLM 우선주 시리즈 B,5,60,14,39,74,1.0,10.0,7.47,8.21,8.43,26.38
115,IRAAU.O,Iris Acquisition Units,5,60,14,39,74,1.0,10.0,7.47,0.0,10.38,26.14
115,FNLC.O,퍼스트 뱅코프,5,60,14,39,74,1.0,10.0,7.47,13.19,11.47,32.35
115,ACABU.O,Atlantic Coastal Acquisition II Units,5,60,14,39,74,1.0,10.0,7.47,0.0,7.48,26.4
115,NODK.O,NI 홀딩스,5,60,14,39,74,1.0,10.0,7.47,5.67,6.1,30.73
115,BMRC.O,뱅크 오브 마린 뱅코프,5,60,14,39,74,1.0,10.0,7.47,-9.79,7.4,30.71
115,HBCP.O,홈 뱅코프,5,60,14,39,74,1.0,10.0,7.47,4.42,13.8,29.42
115,ARTNA.O,아르테시안 리소시스,5,60,14,39,74,1.0,10.0,7.47,7.72,9.07,26.07
115,CARE.O,카터 뱅크셰어스,5,60,14,39,74,1.0,10.0,7.47,15.1,10.94,32.18
115,MOFG.O,미드웨스트원 파이낸셜 그룹,5,60,14,39,74,1.0,10.0,7.47,11.16,10.82,32.59
115,TRST.O,트러스트코 은행 N Y,5,60,14,39,74,1.0,10.0,7.47,5.61,6.07,29.58
115,GAIN.O,글래드스톤 인베스트먼트,5,60,14,39,74,1.0,10.0,7.47,0.0,9.82,26.4
115,ITRN.O,이투란 로케이션 앤 콘트롤,5,60,14,39,74,1.0,10.0,7.47,15.19,9.0,30.29
115,AROW.O,애로우 파이낸셜,5,60,14,39,74,1.0,10.0,7.47,2.84,8.27,28.39
115,THFF.O,퍼스트 파이낸셜,5,60,14,39,74,1.0,10.0,7.47,8.87,8.38,28.09
115,WASH.O,워싱턴 트러스트 뱅코프,5,60,14,39,74,1.0,10.0,7.47,-2.32,9.35,31.4
115,CASS.O,캐스 인포메이션 시스템즈,5,60,14,39,74,1.0,10.0,7.47,11.93,9.95,31.16
115,NFBK.O,노스필드 뱅코프,5,60,14,39,74,1.0,10.0,7.47,-1.72,6.43,28.36
115,CATC.O,케임브리지 뱅코프,5,60,14,39,74,1.0,10.0,7.47,7.41,10.22,28.37
115,YORW.O,요크 워터,5,60,14,39,74,1.0,10.0,7.47,15.54,12.12,28.41
115,CAC.O,캠던 내셔널,5,60,14,39,74,1.0,10.0,7.47,9.13,10.47,31.2
115,HONE.O,하버원 뱅코프,5,60,14,39,74,1.0,10.0,7.47,30.24,13.05,29.78
115,UTMD.O,유타 메디컬 프로덕츠,5,60,14,39,74,1.0,10.0,7.47,-1.78,12.66,30.8
115,BCML.O,베이컴,5,60,14,39,74,1.0,10.0,7.47,17.88,12.6,31.54
115,CRWS.O,크라운 크래프츠,5,60,14,39,74,1.0,10.0,7.47,6.26,7.37,31.0
115,BPRN.O,뱅크 오브 프린스턴,5,60,14,39,74,1.0,10.0,7.47,4.43,9.38,33.05
115,CBFV.O,CB 파이낸셜 서비스,5,60,14,39,74,1.0,10.0,7.47,-0.78,7.07,28.07
115,HFWA.O,헤리티지 파이낸셜,5,60,14,39,74,1.0,10.0,7.47,11.03,8.62,31.66
115,SELF.O,글로벌 셀프 스토리지,5,60,14,39,74,1.0,10.0,7.47,6.66,6.92,28.09
115,ICCH.O,ICC 홀딩스,5,60,14,39,74,1.0,10.0,7.47,6.05,11.15,30.77
115,LSBK.O,레이크 쇼어 뱅코프,5,60,14,39,74,1.0,10.0,7.47,-1.74,7.09,26.55
115,HHGCU.O,HHG Capital Units,5,60,14,39,74,1.0,10.0,7.47,0.0,7.98,28.1
115,PROV.O,프로비던트 파이낸셜 홀딩스,5,60,14,39,74,1.0,10.0,7.47,-3.31,10.62,27.22
115,ACACU.O,Acri Capital Acquisition Units,5,60,14,39,74,1.0,10.0,7.47,30.07,10.52,25.31
115,SPKLU.O,Spark I Acquisition Units,5,60,14,39,74,1.0,10.0,7.47,0.0,8.19,27.97
115,LARK.O,랜드마크 뱅코프,5,60,14,39,74,1.0,10.0,7.47,-1.3,10.46,30.51
115,GLSTU.O,Global Star Acquisition Units,5,60,14,39,74,1.0,10.0,7.47,0.0,11.45,32.3
115,WINVU.O,WinVest Acquisition Units,5,60,14,39,74,1.0,10.0,7.47,0.0,11.55,29.96
115,MRBK.O,메리디안,5,60,14,39,74,1.0,10.0,7.47,34.05,9.41,33.02
115,NWFL.O,노우드 파이낸셜,5,60,14,39,74,1.0,10.0,7.47,7.31,10.26,31.89
115,FRAF.O,프랭클린 파이낸셜 서비스,5,60,14,39,74,1.0,10.0,7.47,6.79,8.08,27.71
115,CZWI.O,시티즌스 커뮤니티 뱅코프,5,60,14,39,74,1.0,10.0,7.47,23.15,13.18,28.84
115,GLLIU.O,Globalink Investment Units,5,60,14,39,74,1.0,10.0,7.47,0.0,10.4,32.91
115,BFIN.O,뱅크파이낸셜,5,60,14,39,74,1.0,10.0,7.47,3.07,7.21,30.49
115,WAVSU.O,Western Acquisition Ventures Units,5,60,14,39,74,1.0,10.0,7.47,0.0,8.16,29.75
115,MSSAU.O,Metal Sky Star Acquisition Units,5,60,14,39,74,1.0,10.0,7.47,0.0,9.24,25.99
115,ESSA.O,ESSA 뱅코프,5,60,14,39,74,1.0,10.0,7.47,8.35,7.75,28.89
115,VABK.O,버지니아 내셔널 뱅크셰어,5,60,14,39,74,1.0,10.0,7.47,10.17,8.63,30.78
115,BWFG.O,뱅크웰 파이낸셜 그룹,5,60,14,39,74,1.0,10.0,7.47,7.9,8.91,29.41
115,BCBP.O,BCB 뱅코프,5,60,14,39,74,1.0,10.0,7.47,25.4,9.24,30.5
115,RGCO.O,RGC 리소스,5,60,14,39,74,1.0,10.0,7.47,-1.17,10.16,29.86
115,GSBC.O,그레이트 서던 뱅코프,5,60,14,39,74,1.0,10.0,7.47,19.91,13.76,30.39
115,FLIC.O,퍼스트 오브 롱 아일랜드,5,60,14,39,74,1.0,10.0,7.47,-1.55,6.07,30.71
115,UVSP.O,유니베스트 파이낸셜,5,60,14,39,74,1.0,10.0,7.47,8.61,8.74,31.52
115,SEIC.O,SEI 인베스트먼트,5,60,14,39,74,1.0,10.0,7.47,12.59,11.93,25.92
115,PECO.O,필립스 에디슨 & 코,5,60,14,39,74,1.0,10.0,7.47,0.0,10.22,25.08
115,AVT.O,에이브이넷,5,60,14,39,74,1.0,10.0,7.47,16.35,10.14,29.6
115,UMBF.O,UMB 파이낸셜,5,60,14,39,74,1.0,10.0,7.47,7.86,12.73,31.3
115,UBSI.O,유나이티드 뱅크셰어스(Nasdaq GS),5,60,14,39,74,1.0,10.0,7.47,4.39,8.26,31.06
115,NWS.O,뉴스 코퍼레이션 Class B,5,60,14,39,74,1.0,10.0,7.47,8.22,10.08,29.0
115,ONB.O,올드 내셔널 뱅코프,5,60,14,39,74,1.0,10.0,7.47,6.33,9.39,29.06
115,BOKF.O,BOK 파이낸셜,5,60,14,39,74,1.0,10.0,7.47,6.18,10.73,30.63
115,LBRDK.O,리버티 브로드밴드 시리즈 C,5,60,14,39,74,1.0,10.0,7.47,-9.87,8.56,29.81
115,GNTX.O,젠텍스,5,60,14,39,74,1.0,10.0,7.47,11.19,13.91,29.6
115,CBSH.O,커머스 뱅크셰어스,5,60,14,39,74,1.0,10.0,7.47,14.68,10.94,24.71
115,OTEX.O,오픈 텍스트,5,60,14,39,74,1.0,10.0,7.47,4.05,13.32,29.18
115,HAS.O,해즈브로,5,60,14,39,74,1.0,10.0,7.47,13.99,7.83,30.05
115,FULT.O,풀턴 파이낸셜,5,60,14,39,74,1.0,10.0,7.47,14.45,10.14,31.11
115,NWSA.O,뉴스 코퍼레이션 Class A,5,60,14,39,74,1.0,10.0,7.47,15.57,9.64,29.14
115,REG.O,리젠시 센터스,5,60,14,39,74,1.0,10.0,7.47,4.17,8.76,28.11
115,GLPI.O,게이밍 앤드 레저 프로퍼티스,5,60,14,39,74,1.0,10.0,7.47,4.78,6.77,29.67
115,NTRS.O,노던 트러스트,5,60,14,39,74,1.0,10.0,7.47,6.94,8.6,28.01
115,TROW.O,티 로웨 프라이스 그룹,5,60,14,39,74,1.0,10.0,7.47,7.98,10.77,28.47
115,CCEP.O,코카-콜라 유로퍼시픽 파트너스,5,60,14,39,74,1.0,10.0,7.47,0.0,11.58,24.49
115,CTSH.O,코그니전트 테크놀로지 솔루션,5,60,14,39,74,1.0,10.0,7.47,14.05,12.19,29.0
115,PCAR.O,파카,5,60,14,39,74,1.0,10.0,7.47,8.88,11.78,27.71
115,INTC.O,인텔,5,60,14,39,74,1.0,10.0,7.47,1.76,8.11,30.6
115,CSCO.O,시스코 시스템즈,5,60,14,39,74,1.0,10.0,7.47,10.79,9.05,25.93
115,LLYVA.O,리버티 미디어 Series A,5,60,14,39,74,1.0,10.0,7.47,0.0,8.0,31.72
115,LBTYK.O,리버티 글로벌 Class C,5,60,14,39,74,1.0,10.0,7.47,-5.28,8.66,29.05
115,PBBK.O,PB 뱅크셰어,5,60,14,39,74,1.0,10.0,7.47,0.0,9.17,25.53
115,FIBK.O,퍼스트 인터스테이트 뱅크시스템,5,60,14,39,74,1.0,10.0,7.47,9.6,10.42,31.05
115,TRMK.O,트러스트마크,5,60,14,39,74,1.0,10.0,7.47,10.06,8.02,29.11
115,CTBI.O,커뮤니티 트러스트 뱅코프,5,60,14,39,74,1.0,10.0,7.47,15.03,9.43,27.12
115,FMBH.O,퍼스트미드 뱅크셰어스,5,60,14,39,74,1.0,10.0,7.47,14.74,11.15,31.54
115,LBRDA.O,리버티 브로드밴드 시리즈 A,5,60,14,39,74,1.0,10.0,7.47,-25.74,8.38,29.91
115,SBSI.O,사우스사이드 뱅크셰어스,5,60,14,39,74,1.0,10.0,7.47,5.01,10.87,28.92
115,OCFC.O,오션퍼스트 파이낸셜,5,60,14,39,74,1.0,10.0,7.47,-4.71,7.92,30.72
115,CSGS.O,CSG 시스템즈인터내셔널,5,60,14,39,74,1.0,10.0,7.47,13.33,10.75,27.71
115,BUSE.O,퍼스트 뷰지,5,60,14,39,74,1.0,10.0,7.47,10.12,10.2,31.44
115,STBA.O,S&T 뱅코프,5,60,14,39,74,1.0,10.0,7.47,7.5,11.11,32.19
115,CLBK.O,콜롬비아 파이낸셜,5,60,14,39,74,1.0,10.0,7.47,6.59,7.36,29.22
115,WSBC.O,웨스뱅코,5,60,14,39,74,1.0,10.0,7.47,7.39,9.83,30.85
115,GCMG.O,GCM 그로스브너,5,60,14,39,74,1.0,10.0,7.47,18.85,5.66,29.75
115,ROIC.O,리테일 오퍼튜니티 인베스트먼트,5,60,14,39,74,1.0,10.0,7.47,-5.59,6.59,29.23
115,NBTB.O,NBT 뱅코프,5,60,14,39,74,1.0,10.0,7.47,12.78,10.47,28.47
115,INDB.O,인디펜던트 뱅크 (매사추세츠),5,60,14,39,74,1.0,10.0,7.47,22.06,12.06,30.9
115,PRGS.O,프로그레스 소프트웨어,5,60,14,39,74,1.0,10.0,7.47,12.52,12.89,30.64
115,WAFD.O,WaFd,5,60,14,39,74,1.0,10.0,7.47,10.99,10.16,28.58
115,CVBF.O,CVB 파이낸셜,5,60,14,39,74,1.0,10.0,7.47,13.78,10.14,31.66
115,SFNC.O,시몬스 퍼스트 내셔널,5,60,14,39,74,1.0,10.0,7.47,11.97,8.87,32.24
115,LBTYA.O,리버티 글로벌 Class A,5,60,14,39,74,1.0,10.0,7.47,-6.21,8.36,29.79
115,FFBC.O,퍼스트 파이낸셜 뱅코프,5,60,14,39,74,1.0,10.0,7.47,12.71,10.35,33.13
115,TOWN.O,타운뱅크,5,60,14,39,74,1.0,10.0,7.47,8.87,11.41,31.19
115,IART.O,인테그라 라이프사이언시스 홀딩스,5,60,14,39,74,1.0,10.0,7.47,8.74,9.72,30.85
115,WERN.O,웨너 엔터프라이즈,5,60,14,39,74,1.0,10.0,7.47,9.31,8.57,27.61
115,PCH.O,포틀래치델틱,5,60,14,39,74,1.0,10.0,7.47,9.99,6.78,30.39
115,GCMG.O,GCM 그로스브너,5,120,14,49,69,1.0,10.0,7.25,1.54,5.66,29.75
115,CVBF.O,CVB 파이낸셜,5,120,14,49,69,1.0,10.0,7.25,13.99,10.14,31.66
115,SFNC.O,시몬스 퍼스트 내셔널,5,120,14,49,69,1.0,10.0,7.25,1.74,8.87,32.24
115,INDB.O,인디펜던트 뱅크 (매사추세츠),5,120,14,49,69,1.0,10.0,7.25,2.41,12.06,30.9
115,FFBC.O,퍼스트 파이낸셜 뱅코프,5,120,14,49,69,1.0,10.0,7.25,6.5,10.35,33.13
115,TOWN.O,타운뱅크,5,120,14,49,69,1.0,10.0,7.25,7.7,11.41,31.19
115,IART.O,인테그라 라이프사이언시스 홀딩스,5,120,14,49,69,1.0,10.0,7.25,-0.85,9.72,30.85
115,WERN.O,웨너 엔터프라이즈,5,120,14,49,69,1.0,10.0,7.25,11.83,8.57,27.61
115,PRGS.O,프로그레스 소프트웨어,5,120,14,49,69,1.0,10.0,7.25,11.5,12.89,30.64
115,NBTB.O,NBT 뱅코프,5,120,14,49,69,1.0,10.0,7.25,7.49,10.47,28.47
115,TRMK.O,트러스트마크,5,120,14,49,69,1.0,10.0,7.25,8.93,8.02,29.11
115,CRWS.O,크라운 크래프츠,5,120,14,49,69,1.0,10.0,7.25,0.16,7.37,31.0
115,WSBC.O,웨스뱅코,5,120,14,49,69,1.0,10.0,7.25,3.61,9.83,30.85
115,CLBK.O,콜롬비아 파이낸셜,5,120,14,49,69,1.0,10.0,7.25,8.61,7.36,29.22
115,STBA.O,S&T 뱅코프,5,120,14,49,69,1.0,10.0,7.25,13.23,11.11,32.19
115,ROIC.O,리테일 오퍼튜니티 인베스트먼트,5,120,14,49,69,1.0,10.0,7.25,-6.34,6.59,29.23
115,BUSE.O,퍼스트 뷰지,5,120,14,49,69,1.0,10.0,7.25,2.62,10.2,31.44
115,CSGS.O,CSG 시스템즈인터내셔널,5,120,14,49,69,1.0,10.0,7.25,18.1,10.75,27.71
115,OCFC.O,오션퍼스트 파이낸셜,5,120,14,49,69,1.0,10.0,7.25,-1.17,7.92,30.72
115,SBSI.O,사우스사이드 뱅크셰어스,5,120,14,49,69,1.0,10.0,7.25,19.6,10.87,28.92
115,LBRDA.O,리버티 브로드밴드 시리즈 A,5,120,14,49,69,1.0,10.0,7.25,-5.2,8.38,29.91
115,FMBH.O,퍼스트미드 뱅크셰어스,5,120,14,49,69,1.0,10.0,7.25,20.93,11.15,31.54
115,CTBI.O,커뮤니티 트러스트 뱅코프,5,120,14,49,69,1.0,10.0,7.25,10.99,9.43,27.12
115,LLYVA.O,리버티 미디어 Series A,5,120,14,49,69,1.0,10.0,7.25,0.0,8.0,31.72
115,WAFD.O,WaFd,5,120,14,49,69,1.0,10.0,7.25,8.8,10.16,28.58
115,LBRDK.O,리버티 브로드밴드 시리즈 C,5,120,14,49,69,1.0,10.0,7.25,-3.97,8.56,29.81
115,LBTYA.O,리버티 글로벌 Class A,5,120,14,49,69,1.0,10.0,7.25,-6.7,8.36,29.79
115,OTEX.O,오픈 텍스트,5,120,14,49,69,1.0,10.0,7.25,8.64,13.32,29.18
115,HFWA.O,헤리티지 파이낸셜,5,120,14,49,69,1.0,10.0,7.25,12.62,8.62,31.66
115,PCAR.O,파카,5,120,14,49,69,1.0,10.0,7.25,10.7,11.78,27.71
115,CTSH.O,코그니전트 테크놀로지 솔루션,5,120,14,49,69,1.0,10.0,7.25,11.33,12.19,29.0
115,CCEP.O,코카-콜라 유로퍼시픽 파트너스,5,120,14,49,69,1.0,10.0,7.25,25.73,11.58,24.49
115,TROW.O,티 로웨 프라이스 그룹,5,120,14,49,69,1.0,10.0,7.25,10.69,10.77,28.47
115,NTRS.O,노던 트러스트,5,120,14,49,69,1.0,10.0,7.25,9.3,8.6,28.01
115,GLPI.O,게이밍 앤드 레저 프로퍼티스,5,120,14,49,69,1.0,10.0,7.25,6.88,6.77,29.67
115,REG.O,리젠시 센터스,5,120,14,49,69,1.0,10.0,7.25,3.91,8.76,28.11
115,NWSA.O,뉴스 코퍼레이션 Class A,5,120,14,49,69,1.0,10.0,7.25,11.65,9.64,29.14
115,HAS.O,해즈브로,5,120,14,49,69,1.0,10.0,7.25,0.37,7.83,30.05
115,SEIC.O,SEI 인베스트먼트,5,120,14,49,69,1.0,10.0,7.25,10.99,11.93,25.92
115,CBSH.O,커머스 뱅크셰어스,5,120,14,49,69,1.0,10.0,7.25,10.82,10.94,24.71
115,PCH.O,포틀래치델틱,5,120,14,49,69,1.0,10.0,7.25,10.19,6.78,30.39
115,GNTX.O,젠텍스,5,120,14,49,69,1.0,10.0,7.25,20.82,13.91,29.6
115,BOKF.O,BOK 파이낸셜,5,120,14,49,69,1.0,10.0,7.25,8.59,10.73,30.63
115,ONB.O,올드 내셔널 뱅코프,5,120,14,49,69,1.0,10.0,7.25,6.89,9.39,29.06
115,NWS.O,뉴스 코퍼레이션 Class B,5,120,14,49,69,1.0,10.0,7.25,12.32,10.08,29.0
115,UBSI.O,유나이티드 뱅크셰어스(Nasdaq GS),5,120,14,49,69,1.0,10.0,7.25,3.73,8.26,31.06
115,UMBF.O,UMB 파이낸셜,5,120,14,49,69,1.0,10.0,7.25,19.17,12.73,31.3
115,AVT.O,에이브이넷,5,120,14,49,69,1.0,10.0,7.25,4.37,10.14,29.6
115,PECO.O,필립스 에디슨 & 코,5,120,14,49,69,1.0,10.0,7.25,4.15,10.22,25.08
115,LBTYK.O,리버티 글로벌 Class C,5,120,14,49,69,1.0,10.0,7.25,-6.08,8.66,29.05
115,FULT.O,풀턴 파이낸셜,5,120,14,49,69,1.0,10.0,7.25,7.92,10.14,31.11
115,FIBK.O,퍼스트 인터스테이트 뱅크시스템,5,120,14,49,69,1.0,10.0,7.25,5.91,10.42,31.05
115,UVSP.O,유니베스트 파이낸셜,5,120,14,49,69,1.0,10.0,7.25,5.5,8.74,31.52
115,BCML.O,베이컴,5,120,14,49,69,1.0,10.0,7.25,7.92,12.6,31.54
115,GSBC.O,그레이트 서던 뱅코프,5,120,14,49,69,1.0,10.0,7.25,28.53,13.76,30.39
115,BPRN.O,뱅크 오브 프린스턴,5,120,14,49,69,1.0,10.0,7.25,3.62,9.38,33.05
115,RGCO.O,RGC 리소스,5,120,14,49,69,1.0,10.0,7.25,-2.19,10.16,29.86
115,BCBP.O,BCB 뱅코프,5,120,14,49,69,1.0,10.0,7.25,15.32,9.24,30.5
115,BWFG.O,뱅크웰 파이낸셜 그룹,5,120,14,49,69,1.0,10.0,7.25,11.92,8.91,29.41
115,VABK.O,버지니아 내셔널 뱅크셰어,5,120,14,49,69,1.0,10.0,7.25,8.49,8.63,30.78
115,ESSA.O,ESSA 뱅코프,5,120,14,49,69,1.0,10.0,7.25,9.59,7.75,28.89
115,MSSAU.O,Metal Sky Star Acquisition Units,5,120,14,49,69,1.0,10.0,7.25,0.0,9.24,25.99
115,WAVSU.O,Western Acquisition Ventures Units,5,120,14,49,69,1.0,10.0,7.25,0.0,8.16,29.75
115,BFIN.O,뱅크파이낸셜,5,120,14,49,69,1.0,10.0,7.25,0.8,7.21,30.49
115,GLLIU.O,Globalink Investment Units,5,120,14,49,69,1.0,10.0,7.25,0.0,10.4,32.91
115,CZWI.O,시티즌스 커뮤니티 뱅코프,5,120,14,49,69,1.0,10.0,7.25,4.51,13.18,28.84
115,FRAF.O,프랭클린 파이낸셜 서비스,5,120,14,49,69,1.0,10.0,7.25,1.25,8.08,27.71
115,MRBK.O,메리디안,5,120,14,49,69,1.0,10.0,7.25,19.72,9.41,33.02
115,CBFV.O,CB 파이낸셜 서비스,5,120,14,49,69,1.0,10.0,7.25,3.25,7.07,28.07
115,WINVU.O,WinVest Acquisition Units,5,120,14,49,69,1.0,10.0,7.25,10.7,11.55,29.96
115,GLSTU.O,Global Star Acquisition Units,5,120,14,49,69,1.0,10.0,7.25,0.0,11.45,32.3
115,LARK.O,랜드마크 뱅코프,5,120,14,49,69,1.0,10.0,7.25,-2.77,10.46,30.51
115,SPKLU.O,Spark I Acquisition Units,5,120,14,49,69,1.0,10.0,7.25,0.0,8.19,27.97
115,ACACU.O,Acri Capital Acquisition Units,5,120,14,49,69,1.0,10.0,7.25,49.93,10.52,25.31
115,PROV.O,프로비던트 파이낸셜 홀딩스,5,120,14,49,69,1.0,10.0,7.25,-5.46,10.62,27.22
115,HHGCU.O,HHG Capital Units,5,120,14,49,69,1.0,10.0,7.25,0.0,7.98,28.1
115,LSBK.O,레이크 쇼어 뱅코프,5,120,14,49,69,1.0,10.0,7.25,-4.23,7.09,26.55
115,ICCH.O,ICC 홀딩스,5,120,14,49,69,1.0,10.0,7.25,9.74,11.15,30.77
115,SELF.O,글로벌 셀프 스토리지,5,120,14,49,69,1.0,10.0,7.25,5.91,6.92,28.09
115,NWFL.O,노우드 파이낸셜,5,120,14,49,69,1.0,10.0,7.25,4.21,10.26,31.89
115,UTMD.O,유타 메디컬 프로덕츠,5,120,14,49,69,1.0,10.0,7.25,-3.19,12.66,30.8
115,TRST.O,트러스트코 은행 N Y,5,120,14,49,69,1.0,10.0,7.25,6.72,6.07,29.58
115,FLIC.O,퍼스트 오브 롱 아일랜드,5,120,14,49,69,1.0,10.0,7.25,-3.79,6.07,30.71
115,HONE.O,하버원 뱅코프,5,120,14,49,69,1.0,10.0,7.25,26.38,13.05,29.78
115,CAC.O,캠던 내셔널,5,120,14,49,69,1.0,10.0,7.25,11.69,10.47,31.2
115,YORW.O,요크 워터,5,120,14,49,69,1.0,10.0,7.25,12.85,12.12,28.41
115,CATC.O,케임브리지 뱅코프,5,120,14,49,69,1.0,10.0,7.25,2.05,10.22,28.37
115,NFBK.O,노스필드 뱅코프,5,120,14,49,69,1.0,10.0,7.25,-4.41,6.43,28.36
115,CASS.O,캐스 인포메이션 시스템즈,5,120,14,49,69,1.0,10.0,7.25,7.12,9.95,31.16
115,WASH.O,워싱턴 트러스트 뱅코프,5,120,14,49,69,1.0,10.0,7.25,-3.86,9.35,31.4
115,THFF.O,퍼스트 파이낸셜,5,120,14,49,69,1.0,10.0,7.25,4.39,8.38,28.09
115,AROW.O,애로우 파이낸셜,5,120,14,49,69,1.0,10.0,7.25,0.6,8.27,28.39
115,ITRN.O,이투란 로케이션 앤 콘트롤,5,120,14,49,69,1.0,10.0,7.25,11.39,9.0,30.29
115,GAIN.O,글래드스톤 인베스트먼트,5,120,14,49,69,1.0,10.0,7.25,14.24,9.82,26.4
115,PFIS.O,피플스 파이낸셜 서비스,5,120,14,49,69,1.0,10.0,7.25,4.95,10.48,32.65
115,MOFG.O,미드웨스트원 파이낸셜 그룹,5,120,14,49,69,1.0,10.0,7.25,0.76,10.82,32.59
115,CARE.O,카터 뱅크셰어스,5,120,14,49,69,1.0,10.0,7.25,20.32,10.94,32.18
115,ARTNA.O,아르테시안 리소시스,5,120,14,49,69,1.0,10.0,7.25,21.72,9.07,26.07
115,HBCP.O,홈 뱅코프,5,120,14,49,69,1.0,10.0,7.25,3.91,13.8,29.42
115,BMRC.O,뱅크 오브 마린 뱅코프,5,120,14,49,69,1.0,10.0,7.25,1.63,7.4,30.71
115,NODK.O,NI 홀딩스,5,120,14,49,69,1.0,10.0,7.25,-0.45,6.1,30.73
115,ACABU.O,Atlantic Coastal Acquisition II Units,5,120,14,49,69,1.0,10.0,7.25,0.0,7.48,26.4
115,FNLC.O,퍼스트 뱅코프,5,120,14,49,69,1.0,10.0,7.25,6.29,11.47,32.35
115,IRAAU.O,Iris Acquisition Units,5,120,14,49,69,1.0,10.0,7.25,0.0,10.38,26.14
115,SLMBP.O,SLM 우선주 시리즈 B,5,120,14,49,69,1.0,10.0,7.25,17.84,8.43,26.38
115,VBNK.O,버사뱅크,5,120,14,49,69,1.0,10.0,7.25,31.59,8.13,29.25
115,PBBK.O,PB 뱅크셰어,5,120,14,49,69,1.0,10.0,7.25,12.78,9.17,25.53
115,INTC.O,인텔,5,120,14,49,69,1.0,10.0,7.25,0.9,8.11,30.6
115,CSCO.O,시스코 시스템즈,5,120,14,49,69,1.0,10.0,7.25,11.45,9.05,25.93
115,PCAR.O,파카,5,60,14,44,74,1.0,10.0,7.09,8.88,11.78,27.71
115,OCFC.O,오션퍼스트 파이낸셜,5,60,14,44,74,1.0,10.0,7.09,6.3,7.92,30.72
115,WERN.O,웨너 엔터프라이즈,5,60,14,44,74,1.0,10.0,7.09,7.46,8.57,27.61
115,PRGS.O,프로그레스 소프트웨어,5,60,14,44,74,1.0,10.0,7.09,11.43,12.89,30.64
115,NBTB.O,NBT 뱅코프,5,60,14,44,74,1.0,10.0,7.09,12.6,10.47,28.47
115,TRMK.O,트러스트마크,5,60,14,44,74,1.0,10.0,7.09,6.65,8.02,29.11
115,GCMG.O,GCM 그로스브너,5,60,14,44,74,1.0,10.0,7.09,3.19,5.66,29.75
115,WSBC.O,웨스뱅코,5,60,14,44,74,1.0,10.0,7.09,1.8,9.83,30.85
115,CLBK.O,콜롬비아 파이낸셜,5,60,14,44,74,1.0,10.0,7.09,3.52,7.36,29.22
115,STBA.O,S&T 뱅코프,5,60,14,44,74,1.0,10.0,7.09,7.5,11.11,32.19
115,ROIC.O,리테일 오퍼튜니티 인베스트먼트,5,60,14,44,74,1.0,10.0,7.09,-6.03,6.59,29.23
115,BUSE.O,퍼스트 뷰지,5,60,14,44,74,1.0,10.0,7.09,7.96,10.2,31.44
115,CSGS.O,CSG 시스템즈인터내셔널,5,60,14,44,74,1.0,10.0,7.09,10.52,10.75,27.71
115,SBSI.O,사우스사이드 뱅크셰어스,5,60,14,44,74,1.0,10.0,7.09,8.35,10.87,28.92
115,TOWN.O,타운뱅크,5,60,14,44,74,1.0,10.0,7.09,8.87,11.41,31.19
115,LBRDA.O,리버티 브로드밴드 시리즈 A,5,60,14,44,74,1.0,10.0,7.09,10.95,8.38,29.91
115,FMBH.O,퍼스트미드 뱅크셰어스,5,60,14,44,74,1.0,10.0,7.09,11.25,11.15,31.54
115,CTBI.O,커뮤니티 트러스트 뱅코프,5,60,14,44,74,1.0,10.0,7.09,8.64,9.43,27.12
115,LLYVA.O,리버티 미디어 Series A,5,60,14,44,74,1.0,10.0,7.09,0.0,8.0,31.72
115,UVSP.O,유니베스트 파이낸셜,5,60,14,44,74,1.0,10.0,7.09,8.61,8.74,31.52
115,HFWA.O,헤리티지 파이낸셜,5,60,14,44,74,1.0,10.0,7.09,5.99,8.62,31.66
115,GSBC.O,그레이트 서던 뱅코프,5,60,14,44,74,1.0,10.0,7.09,13.47,13.76,30.39
115,TRST.O,트러스트코 은행 N Y,5,60,14,44,74,1.0,10.0,7.09,5.91,6.07,29.58
115,HONE.O,하버원 뱅코프,5,60,14,44,74,1.0,10.0,7.09,30.24,13.05,29.78
115,CAC.O,캠던 내셔널,5,60,14,44,74,1.0,10.0,7.09,6.84,10.47,31.2
115,YORW.O,요크 워터,5,60,14,44,74,1.0,10.0,7.09,8.73,12.12,28.41
115,IART.O,인테그라 라이프사이언시스 홀딩스,5,60,14,44,74,1.0,10.0,7.09,-0.25,9.72,30.85
115,FFBC.O,퍼스트 파이낸셜 뱅코프,5,60,14,44,74,1.0,10.0,7.09,5.85,10.35,33.13
115,NFBK.O,노스필드 뱅코프,5,60,14,44,74,1.0,10.0,7.09,-1.72,6.43,28.36
115,INDB.O,인디펜던트 뱅크 (매사추세츠),5,60,14,44,74,1.0,10.0,7.09,11.03,12.06,30.9
115,REG.O,리젠시 센터스,5,60,14,44,74,1.0,10.0,7.09,4.17,8.76,28.11
115,NWSA.O,뉴스 코퍼레이션 Class A,5,60,14,44,74,1.0,10.0,7.09,12.12,9.64,29.14
115,HAS.O,해즈브로,5,60,14,44,74,1.0,10.0,7.09,3.6,7.83,30.05
115,SEIC.O,SEI 인베스트먼트,5,60,14,44,74,1.0,10.0,7.09,12.59,11.93,25.92
115,OTEX.O,오픈 텍스트,5,60,14,44,74,1.0,10.0,7.09,10.58,13.32,29.18
115,CBSH.O,커머스 뱅크셰어스,5,60,14,44,74,1.0,10.0,7.09,14.68,10.94,24.71
115,GNTX.O,젠텍스,5,60,14,44,74,1.0,10.0,7.09,8.92,13.91,29.6
115,LBRDK.O,리버티 브로드밴드 시리즈 C,5,60,14,44,74,1.0,10.0,7.09,7.15,8.56,29.81
115,BOKF.O,BOK 파이낸셜,5,60,14,44,74,1.0,10.0,7.09,6.29,10.73,30.63
115,ONB.O,올드 내셔널 뱅코프,5,60,14,44,74,1.0,10.0,7.09,5.25,9.39,29.06
115,NWS.O,뉴스 코퍼레이션 Class B,5,60,14,44,74,1.0,10.0,7.09,12.89,10.08,29.0
115,UBSI.O,유나이티드 뱅크셰어스(Nasdaq GS),5,60,14,44,74,1.0,10.0,7.09,4.39,8.26,31.06
115,UMBF.O,UMB 파이낸셜,5,60,14,44,74,1.0,10.0,7.09,7.86,12.73,31.3
115,AVT.O,에이브이넷,5,60,14,44,74,1.0,10.0,7.09,4.65,10.14,29.6
115,PECO.O,필립스 에디슨 & 코,5,60,14,44,74,1.0,10.0,7.09,4.36,10.22,25.08
115,LBTYK.O,리버티 글로벌 Class C,5,60,14,44,74,1.0,10.0,7.09,-5.53,8.66,29.05
115,FULT.O,풀턴 파이낸셜,5,60,14,44,74,1.0,10.0,7.09,14.45,10.14,31.11
115,FIBK.O,퍼스트 인터스테이트 뱅크시스템,5,60,14,44,74,1.0,10.0,7.09,8.68,10.42,31.05
115,PCH.O,포틀래치델틱,5,60,14,44,74,1.0,10.0,7.09,9.99,6.78,30.39
115,LBTYA.O,리버티 글로벌 Class A,5,60,14,44,74,1.0,10.0,7.09,-5.87,8.36,29.79
115,WAFD.O,WaFd,5,60,14,44,74,1.0,10.0,7.09,10.99,10.16,28.58
115,CVBF.O,CVB 파이낸셜,5,60,14,44,74,1.0,10.0,7.09,11.72,10.14,31.66
115,SFNC.O,시몬스 퍼스트 내셔널,5,60,14,44,74,1.0,10.0,7.09,3.76,8.87,32.24
115,CATC.O,케임브리지 뱅코프,5,60,14,44,74,1.0,10.0,7.09,7.41,10.22,28.37
115,CASS.O,캐스 인포메이션 시스템즈,5,60,14,44,74,1.0,10.0,7.09,6.86,9.95,31.16
115,GLPI.O,게이밍 앤드 레저 프로퍼티스,5,60,14,44,74,1.0,10.0,7.09,4.78,6.77,29.67
115,ACACU.O,Acri Capital Acquisition Units,5,60,14,44,74,1.0,10.0,7.09,30.07,10.52,25.31
115,WAVSU.O,Western Acquisition Ventures Units,5,60,14,44,74,1.0,10.0,7.09,0.0,8.16,29.75
115,BFIN.O,뱅크파이낸셜,5,60,14,44,74,1.0,10.0,7.09,3.07,7.21,30.49
115,GLLIU.O,Globalink Investment Units,5,60,14,44,74,1.0,10.0,7.09,0.0,10.4,32.91
115,CZWI.O,시티즌스 커뮤니티 뱅코프,5,60,14,44,74,1.0,10.0,7.09,17.92,13.18,28.84
115,FRAF.O,프랭클린 파이낸셜 서비스,5,60,14,44,74,1.0,10.0,7.09,2.93,8.08,27.71
115,MRBK.O,메리디안,5,60,14,44,74,1.0,10.0,7.09,18.74,9.41,33.02
115,CBFV.O,CB 파이낸셜 서비스,5,60,14,44,74,1.0,10.0,7.09,-0.78,7.07,28.07
115,WINVU.O,WinVest Acquisition Units,5,60,14,44,74,1.0,10.0,7.09,0.0,11.55,29.96
115,GLSTU.O,Global Star Acquisition Units,5,60,14,44,74,1.0,10.0,7.09,0.0,11.45,32.3
115,LARK.O,랜드마크 뱅코프,5,60,14,44,74,1.0,10.0,7.09,-1.3,10.46,30.51
115,SPKLU.O,Spark I Acquisition Units,5,60,14,44,74,1.0,10.0,7.09,0.0,8.19,27.97
115,PROV.O,프로비던트 파이낸셜 홀딩스,5,60,14,44,74,1.0,10.0,7.09,-4.81,10.62,27.22
115,WASH.O,워싱턴 트러스트 뱅코프,5,60,14,44,74,1.0,10.0,7.09,-0.53,9.35,31.4
115,HHGCU.O,HHG Capital Units,5,60,14,44,74,1.0,10.0,7.09,0.0,7.98,28.1
115,LSBK.O,레이크 쇼어 뱅코프,5,60,14,44,74,1.0,10.0,7.09,-3.54,7.09,26.55
115,ICCH.O,ICC 홀딩스,5,60,14,44,74,1.0,10.0,7.09,6.05,11.15,30.77
115,SELF.O,글로벌 셀프 스토리지,5,60,14,44,74,1.0,10.0,7.09,4.67,6.92,28.09
115,CRWS.O,크라운 크래프츠,5,60,14,44,74,1.0,10.0,7.09,6.26,7.37,31.0
115,PBBK.O,PB 뱅크셰어,5,60,14,44,74,1.0,10.0,7.09,43.36,9.17,25.53
115,TROW.O,티 로웨 프라이스 그룹,5,60,14,44,74,1.0,10.0,7.09,7.98,10.77,28.47
115,CCEP.O,코카-콜라 유로퍼시픽 파트너스,5,60,14,44,74,1.0,10.0,7.09,26.83,11.58,24.49
115,CTSH.O,코그니전트 테크놀로지 솔루션,5,60,14,44,74,1.0,10.0,7.09,7.35,12.19,29.0
115,CSCO.O,시스코 시스템즈,5,60,14,44,74,1.0,10.0,7.09,10.19,9.05,25.93
115,INTC.O,인텔,5,60,14,44,74,1.0,10.0,7.09,-0.65,8.11,30.6
115,MSSAU.O,Metal Sky Star Acquisition Units,5,60,14,44,74,1.0,10.0,7.09,0.0,9.24,25.99
115,ESSA.O,ESSA 뱅코프,5,60,14,44,74,1.0,10.0,7.09,8.35,7.75,28.89
115,VABK.O,버지니아 내셔널 뱅크셰어,5,60,14,44,74,1.0,10.0,7.09,10.17,8.63,30.78
115,BWFG.O,뱅크웰 파이낸셜 그룹,5,60,14,44,74,1.0,10.0,7.09,7.9,8.91,29.41
115,THFF.O,퍼스트 파이낸셜,5,60,14,44,74,1.0,10.0,7.09,8.32,8.38,28.09
115,AROW.O,애로우 파이낸셜,5,60,14,44,74,1.0,10.0,7.09,8.32,8.27,28.39
115,ITRN.O,이투란 로케이션 앤 콘트롤,5,60,14,44,74,1.0,10.0,7.09,15.19,9.0,30.29
115,GAIN.O,글래드스톤 인베스트먼트,5,60,14,44,74,1.0,10.0,7.09,6.92,9.82,26.4
115,PFIS.O,피플스 파이낸셜 서비스,5,60,14,44,74,1.0,10.0,7.09,3.49,10.48,32.65
115,MOFG.O,미드웨스트원 파이낸셜 그룹,5,60,14,44,74,1.0,10.0,7.09,0.35,10.82,32.59
115,CARE.O,카터 뱅크셰어스,5,60,14,44,74,1.0,10.0,7.09,15.1,10.94,32.18
115,ARTNA.O,아르테시안 리소시스,5,60,14,44,74,1.0,10.0,7.09,18.23,9.07,26.07
115,HBCP.O,홈 뱅코프,5,60,14,44,74,1.0,10.0,7.09,4.43,13.8,29.42
115,BMRC.O,뱅크 오브 마린 뱅코프,5,60,14,44,74,1.0,10.0,7.09,2.96,7.4,30.71
115,NODK.O,NI 홀딩스,5,60,14,44,74,1.0,10.0,7.09,0.06,6.1,30.73
115,ACABU.O,Atlantic Coastal Acquisition II Units,5,60,14,44,74,1.0,10.0,7.09,0.0,7.48,26.4
115,FNLC.O,퍼스트 뱅코프,5,60,14,44,74,1.0,10.0,7.09,9.2,11.47,32.35
115,IRAAU.O,Iris Acquisition Units,5,60,14,44,74,1.0,10.0,7.09,0.0,10.38,26.14
115,SLMBP.O,SLM 우선주 시리즈 B,5,60,14,44,74,1.0,10.0,7.09,12.36,8.43,26.38
115,VBNK.O,버사뱅크,5,60,14,44,74,1.0,10.0,7.09,31.41,8.13,29.25
115,FLIC.O,퍼스트 오브 롱 아일랜드,5,60,14,44,74,1.0,10.0,7.09,-1.67,6.07,30.71
115,BCML.O,베이컴,5,60,14,44,74,1.0,10.0,7.09,17.88,12.6,31.54
115,UTMD.O,유타 메디컬 프로덕츠,5,60,14,44,74,1.0,10.0,7.09,-24.19,12.66,30.8
115,BPRN.O,뱅크 오브 프린스턴,5,60,14,44,74,1.0,10.0,7.09,4.43,9.38,33.05
115,NWFL.O,노우드 파이낸셜,5,60,14,44,74,1.0,10.0,7.09,7.89,10.26,31.89
115,RGCO.O,RGC 리소스,5,60,14,44,74,1.0,10.0,7.09,-2.05,10.16,29.86
115,BCBP.O,BCB 뱅코프,5,60,14,44,74,1.0,10.0,7.09,15.87,9.24,30.5
115,NTRS.O,노던 트러스트,5,60,14,44,74,1.0,10.0,7.09,6.94,8.6,28.01
115,LLYVA.O,리버티 미디어 Series A,5,60,14,49,74,1.0,10.0,6.89,0.0,8.0,31.72
115,CSCO.O,시스코 시스템즈,5,60,14,49,74,1.0,10.0,6.89,10.19,9.05,25.93
115,ARTNA.O,아르테시안 리소시스,5,60,14,49,74,1.0,10.0,6.89,11.1,9.07,26.07
115,UTMD.O,유타 메디컬 프로덕츠,5,60,14,49,74,1.0,10.0,6.89,1.58,12.66,30.8
115,BCML.O,베이컴,5,60,14,49,74,1.0,10.0,6.89,8.68,12.6,31.54
115,FLIC.O,퍼스트 오브 롱 아일랜드,5,60,14,49,74,1.0,10.0,6.89,-1.67,6.07,30.71
115,VBNK.O,버사뱅크,5,60,14,49,74,1.0,10.0,6.89,31.41,8.13,29.25
115,SLMBP.O,SLM 우선주 시리즈 B,5,60,14,49,74,1.0,10.0,6.89,12.36,8.43,26.38
115,IRAAU.O,Iris Acquisition Units,5,60,14,49,74,1.0,10.0,6.89,0.0,10.38,26.14
115,FNLC.O,퍼스트 뱅코프,5,60,14,49,74,1.0,10.0,6.89,8.52,11.47,32.35
115,ACABU.O,Atlantic Coastal Acquisition II Units,5,60,14,49,74,1.0,10.0,6.89,0.0,7.48,26.4
115,NODK.O,NI 홀딩스,5,60,14,49,74,1.0,10.0,6.89,0.18,6.1,30.73
115,BMRC.O,뱅크 오브 마린 뱅코프,5,60,14,49,74,1.0,10.0,6.89,2.96,7.4,30.71
115,HBCP.O,홈 뱅코프,5,60,14,49,74,1.0,10.0,6.89,4.43,13.8,29.42
115,CARE.O,카터 뱅크셰어스,5,60,14,49,74,1.0,10.0,6.89,15.1,10.94,32.18
115,HONE.O,하버원 뱅코프,5,60,14,49,74,1.0,10.0,6.89,30.24,13.05,29.78
115,MOFG.O,미드웨스트원 파이낸셜 그룹,5,60,14,49,74,1.0,10.0,6.89,3.95,10.82,32.59
115,PFIS.O,피플스 파이낸셜 서비스,5,60,14,49,74,1.0,10.0,6.89,2.11,10.48,32.65
115,GAIN.O,글래드스톤 인베스트먼트,5,60,14,49,74,1.0,10.0,6.89,5.84,9.82,26.4
115,ITRN.O,이투란 로케이션 앤 콘트롤,5,60,14,49,74,1.0,10.0,6.89,11.71,9.0,30.29
115,AROW.O,애로우 파이낸셜,5,60,14,49,74,1.0,10.0,6.89,5.37,8.27,28.39
115,THFF.O,퍼스트 파이낸셜,5,60,14,49,74,1.0,10.0,6.89,5.81,8.38,28.09
115,WASH.O,워싱턴 트러스트 뱅코프,5,60,14,49,74,1.0,10.0,6.89,-0.53,9.35,31.4
115,CASS.O,캐스 인포메이션 시스템즈,5,60,14,49,74,1.0,10.0,6.89,6.86,9.95,31.16
115,NFBK.O,노스필드 뱅코프,5,60,14,49,74,1.0,10.0,6.89,-3.78,6.43,28.36
115,CATC.O,케임브리지 뱅코프,5,60,14,49,74,1.0,10.0,6.89,3.48,10.22,28.37
115,YORW.O,요크 워터,5,60,14,49,74,1.0,10.0,6.89,15.3,12.12,28.41
115,INTC.O,인텔,5,60,14,49,74,1.0,10.0,6.89,5.1,8.11,30.6
115,NWFL.O,노우드 파이낸셜,5,60,14,49,74,1.0,10.0,6.89,7.89,10.26,31.89
115,RGCO.O,RGC 리소스,5,60,14,49,74,1.0,10.0,6.89,-5.0,10.16,29.86
115,BCBP.O,BCB 뱅코프,5,60,14,49,74,1.0,10.0,6.89,16.16,9.24,30.5
115,PBBK.O,PB 뱅크셰어,5,60,14,49,74,1.0,10.0,6.89,14.24,9.17,25.53
115,CRWS.O,크라운 크래프츠,5,60,14,49,74,1.0,10.0,6.89,3.67,7.37,31.0
115,SELF.O,글로벌 셀프 스토리지,5,60,14,49,74,1.0,10.0,6.89,4.67,6.92,28.09
115,ICCH.O,ICC 홀딩스,5,60,14,49,74,1.0,10.0,6.89,6.05,11.15,30.77
115,LSBK.O,레이크 쇼어 뱅코프,5,60,14,49,74,1.0,10.0,6.89,-3.54,7.09,26.55
115,HHGCU.O,HHG Capital Units,5,60,14,49,74,1.0,10.0,6.89,31.27,7.98,28.1
115,PROV.O,프로비던트 파이낸셜 홀딩스,5,60,14,49,74,1.0,10.0,6.89,-5.26,10.62,27.22
115,ACACU.O,Acri Capital Acquisition Units,5,60,14,49,74,1.0,10.0,6.89,30.07,10.52,25.31
115,SPKLU.O,Spark I Acquisition Units,5,60,14,49,74,1.0,10.0,6.89,0.0,8.19,27.97
115,LARK.O,랜드마크 뱅코프,5,60,14,49,74,1.0,10.0,6.89,-1.3,10.46,30.51
115,GLSTU.O,Global Star Acquisition Units,5,60,14,49,74,1.0,10.0,6.89,0.0,11.45,32.3
115,WINVU.O,WinVest Acquisition Units,5,60,14,49,74,1.0,10.0,6.89,0.0,11.55,29.96
115,CBFV.O,CB 파이낸셜 서비스,5,60,14,49,74,1.0,10.0,6.89,4.4,7.07,28.07
115,MRBK.O,메리디안,5,60,14,49,74,1.0,10.0,6.89,18.74,9.41,33.02
115,FRAF.O,프랭클린 파이낸셜 서비스,5,60,14,49,74,1.0,10.0,6.89,3.75,8.08,27.71
115,CZWI.O,시티즌스 커뮤니티 뱅코프,5,60,14,49,74,1.0,10.0,6.89,7.34,13.18,28.84
115,GLLIU.O,Globalink Investment Units,5,60,14,49,74,1.0,10.0,6.89,0.0,10.4,32.91
115,BFIN.O,뱅크파이낸셜,5,60,14,49,74,1.0,10.0,6.89,3.07,7.21,30.49
115,WAVSU.O,Western Acquisition Ventures Units,5,60,14,49,74,1.0,10.0,6.89,0.0,8.16,29.75
115,MSSAU.O,Metal Sky Star Acquisition Units,5,60,14,49,74,1.0,10.0,6.89,0.0,9.24,25.99
115,ESSA.O,ESSA 뱅코프,5,60,14,49,74,1.0,10.0,6.89,5.51,7.75,28.89
115,VABK.O,버지니아 내셔널 뱅크셰어,5,60,14,49,74,1.0,10.0,6.89,10.17,8.63,30.78
115,BWFG.O,뱅크웰 파이낸셜 그룹,5,60,14,49,74,1.0,10.0,6.89,8.55,8.91,29.41
115,CAC.O,캠던 내셔널,5,60,14,49,74,1.0,10.0,6.89,6.84,10.47,31.2
115,BPRN.O,뱅크 오브 프린스턴,5,60,14,49,74,1.0,10.0,6.89,4.43,9.38,33.05
115,TRST.O,트러스트코 은행 N Y,5,60,14,49,74,1.0,10.0,6.89,5.91,6.07,29.58
115,GNTX.O,젠텍스,5,60,14,49,74,1.0,10.0,6.89,8.92,13.91,29.6
115,FIBK.O,퍼스트 인터스테이트 뱅크시스템,5,60,14,49,74,1.0,10.0,6.89,8.68,10.42,31.05
115,FULT.O,풀턴 파이낸셜,5,60,14,49,74,1.0,10.0,6.89,7.45,10.14,31.11
115,LBTYK.O,리버티 글로벌 Class C,5,60,14,49,74,1.0,10.0,6.89,-5.53,8.66,29.05
115,PECO.O,필립스 에디슨 & 코,5,60,14,49,74,1.0,10.0,6.89,4.24,10.22,25.08
115,AVT.O,에이브이넷,5,60,14,49,74,1.0,10.0,6.89,4.65,10.14,29.6
115,UMBF.O,UMB 파이낸셜,5,60,14,49,74,1.0,10.0,6.89,7.86,12.73,31.3
115,UBSI.O,유나이티드 뱅크셰어스(Nasdaq GS),5,60,14,49,74,1.0,10.0,6.89,4.39,8.26,31.06
115,NWS.O,뉴스 코퍼레이션 Class B,5,60,14,49,74,1.0,10.0,6.89,12.89,10.08,29.0
115,ONB.O,올드 내셔널 뱅코프,5,60,14,49,74,1.0,10.0,6.89,5.25,9.39,29.06
115,BOKF.O,BOK 파이낸셜,5,60,14,49,74,1.0,10.0,6.89,6.29,10.73,30.63
115,LBRDK.O,리버티 브로드밴드 시리즈 C,5,60,14,49,74,1.0,10.0,6.89,7.15,8.56,29.81
115,CBSH.O,커머스 뱅크셰어스,5,60,14,49,74,1.0,10.0,6.89,8.44,10.94,24.71
115,LBTYA.O,리버티 글로벌 Class A,5,60,14,49,74,1.0,10.0,6.89,-5.87,8.36,29.79
115,OTEX.O,오픈 텍스트,5,60,14,49,74,1.0,10.0,6.89,9.45,13.32,29.18
115,SEIC.O,SEI 인베스트먼트,5,60,14,49,74,1.0,10.0,6.89,16.05,11.93,25.92
115,HAS.O,해즈브로,5,60,14,49,74,1.0,10.0,6.89,3.6,7.83,30.05
115,NWSA.O,뉴스 코퍼레이션 Class A,5,60,14,49,74,1.0,10.0,6.89,12.12,9.64,29.14
115,REG.O,리젠시 센터스,5,60,14,49,74,1.0,10.0,6.89,4.17,8.76,28.11
115,GLPI.O,게이밍 앤드 레저 프로퍼티스,5,60,14,49,74,1.0,10.0,6.89,4.78,6.77,29.67
115,NTRS.O,노던 트러스트,5,60,14,49,74,1.0,10.0,6.89,6.94,8.6,28.01
115,TROW.O,티 로웨 프라이스 그룹,5,60,14,49,74,1.0,10.0,6.89,10.34,10.77,28.47
115,CCEP.O,코카-콜라 유로퍼시픽 파트너스,5,60,14,49,74,1.0,10.0,6.89,26.83,11.58,24.49
115,CTSH.O,코그니전트 테크놀로지 솔루션,5,60,14,49,74,1.0,10.0,6.89,6.34,12.19,29.0
115,GSBC.O,그레이트 서던 뱅코프,5,60,14,49,74,1.0,10.0,6.89,13.1,13.76,30.39
115,PCH.O,포틀래치델틱,5,60,14,49,74,1.0,10.0,6.89,7.82,6.78,30.39
115,PCAR.O,파카,5,60,14,49,74,1.0,10.0,6.89,8.88,11.78,27.71
115,WAFD.O,WaFd,5,60,14,49,74,1.0,10.0,6.89,10.99,10.16,28.58
115,CLBK.O,콜롬비아 파이낸셜,5,60,14,49,74,1.0,10.0,6.89,3.52,7.36,29.22
115,CVBF.O,CVB 파이낸셜,5,60,14,49,74,1.0,10.0,6.89,7.45,10.14,31.66
115,UVSP.O,유니베스트 파이낸셜,5,60,14,49,74,1.0,10.0,6.89,8.61,8.74,31.52
115,CTBI.O,커뮤니티 트러스트 뱅코프,5,60,14,49,74,1.0,10.0,6.89,12.12,9.43,27.12
115,FMBH.O,퍼스트미드 뱅크셰어스,5,60,14,49,74,1.0,10.0,6.89,7.9,11.15,31.54
115,LBRDA.O,리버티 브로드밴드 시리즈 A,5,60,14,49,74,1.0,10.0,6.89,10.95,8.38,29.91
115,SBSI.O,사우스사이드 뱅크셰어스,5,60,14,49,74,1.0,10.0,6.89,8.35,10.87,28.92
115,OCFC.O,오션퍼스트 파이낸셜,5,60,14,49,74,1.0,10.0,6.89,5.63,7.92,30.72
115,CSGS.O,CSG 시스템즈인터내셔널,5,60,14,49,74,1.0,10.0,6.89,10.52,10.75,27.71
115,BUSE.O,퍼스트 뷰지,5,60,14,49,74,1.0,10.0,6.89,7.96,10.2,31.44
115,ROIC.O,리테일 오퍼튜니티 인베스트먼트,5,60,14,49,74,1.0,10.0,6.89,-6.34,6.59,29.23
115,STBA.O,S&T 뱅코프,5,60,14,49,74,1.0,10.0,6.89,7.5,11.11,32.19
115,HFWA.O,헤리티지 파이낸셜,5,60,14,49,74,1.0,10.0,6.89,5.99,8.62,31.66
115,WSBC.O,웨스뱅코,5,60,14,49,74,1.0,10.0,6.89,4.89,9.83,30.85
115,TRMK.O,트러스트마크,5,60,14,49,74,1.0,10.0,6.89,6.65,8.02,29.11
115,NBTB.O,NBT 뱅코프,5,60,14,49,74,1.0,10.0,6.89,9.24,10.47,28.47
115,PRGS.O,프로그레스 소프트웨어,5,60,14,49,74,1.0,10.0,6.89,11.43,12.89,30.64
115,WERN.O,웨너 엔터프라이즈,5,60,14,49,74,1.0,10.0,6.89,7.46,8.57,27.61
115,IART.O,인테그라 라이프사이언시스 홀딩스,5,60,14,49,74,1.0,10.0,6.89,0.27,9.72,30.85
115,TOWN.O,타운뱅크,5,60,14,49,74,1.0,10.0,6.89,8.87,11.41,31.19
115,FFBC.O,퍼스트 파이낸셜 뱅코프,5,60,14,49,74,1.0,10.0,6.89,5.85,10.35,33.13
115,SFNC.O,시몬스 퍼스트 내셔널,5,60,14,49,74,1.0,10.0,6.89,4.34,8.87,32.24
115,INDB.O,인디펜던트 뱅크 (매사추세츠),5,60,14,49,74,1.0,10.0,6.89,9.02,12.06,30.9
115,GCMG.O,GCM 그로스브너,5,60,14,49,74,1.0,10.0,6.89,3.19,5.66,29.75
115,PRGS.O,프로그레스 소프트웨어,5,60,14,29,74,1.0,10.0,6.58,0.0,12.89,30.64
115,GCMG.O,GCM 그로스브너,5,60,14,29,74,1.0,10.0,6.58,0.0,5.66,29.75
115,TRMK.O,트러스트마크,5,60,14,29,74,1.0,10.0,6.58,0.0,8.02,29.11
115,NBTB.O,NBT 뱅코프,5,60,14,29,74,1.0,10.0,6.58,13.24,10.47,28.47
115,INDB.O,인디펜던트 뱅크 (매사추세츠),5,60,14,29,74,1.0,10.0,6.58,0.0,12.06,30.9
115,WERN.O,웨너 엔터프라이즈,5,60,14,29,74,1.0,10.0,6.58,0.0,8.57,27.61
115,IART.O,인테그라 라이프사이언시스 홀딩스,5,60,14,29,74,1.0,10.0,6.58,0.0,9.72,30.85
115,TOWN.O,타운뱅크,5,60,14,29,74,1.0,10.0,6.58,15.31,11.41,31.19
115,FFBC.O,퍼스트 파이낸셜 뱅코프,5,60,14,29,74,1.0,10.0,6.58,0.0,10.35,33.13
115,CLBK.O,콜롬비아 파이낸셜,5,60,14,29,74,1.0,10.0,6.58,11.73,7.36,29.22
115,SFNC.O,시몬스 퍼스트 내셔널,5,60,14,29,74,1.0,10.0,6.58,23.5,8.87,32.24
115,WSBC.O,웨스뱅코,5,60,14,29,74,1.0,10.0,6.58,10.47,9.83,30.85
115,OCFC.O,오션퍼스트 파이낸셜,5,60,14,29,74,1.0,10.0,6.58,0.0,7.92,30.72
115,STBA.O,S&T 뱅코프,5,60,14,29,74,1.0,10.0,6.58,22.9,11.11,32.19
115,ROIC.O,리테일 오퍼튜니티 인베스트먼트,5,60,14,29,74,1.0,10.0,6.58,4.98,6.59,29.23
115,BUSE.O,퍼스트 뷰지,5,60,14,29,74,1.0,10.0,6.58,0.0,10.2,31.44
115,CSGS.O,CSG 시스템즈인터내셔널,5,60,14,29,74,1.0,10.0,6.58,39.81,10.75,27.71
115,SBSI.O,사우스사이드 뱅크셰어스,5,60,14,29,74,1.0,10.0,6.58,0.0,10.87,28.92
115,LBRDA.O,리버티 브로드밴드 시리즈 A,5,60,14,29,74,1.0,10.0,6.58,0.0,8.38,29.91
115,FMBH.O,퍼스트미드 뱅크셰어스,5,60,14,29,74,1.0,10.0,6.58,0.0,11.15,31.54
115,CTBI.O,커뮤니티 트러스트 뱅코프,5,60,14,29,74,1.0,10.0,6.58,41.1,9.43,27.12
115,LLYVA.O,리버티 미디어 Series A,5,60,14,29,74,1.0,10.0,6.58,0.0,8.0,31.72
115,UVSP.O,유니베스트 파이낸셜,5,60,14,29,74,1.0,10.0,6.58,13.8,8.74,31.52
115,WAFD.O,WaFd,5,60,14,29,74,1.0,10.0,6.58,0.0,10.16,28.58
115,HFWA.O,헤리티지 파이낸셜,5,60,14,29,74,1.0,10.0,6.58,15.87,8.62,31.66
115,CVBF.O,CVB 파이낸셜,5,60,14,29,74,1.0,10.0,6.58,34.46,10.14,31.66
115,LBRDK.O,리버티 브로드밴드 시리즈 C,5,60,14,29,74,1.0,10.0,6.58,0.0,8.56,29.81
115,LBTYA.O,리버티 글로벌 Class A,5,60,14,29,74,1.0,10.0,6.58,0.0,8.36,29.79
115,OTEX.O,오픈 텍스트,5,60,14,29,74,1.0,10.0,6.58,0.0,13.32,29.18
115,CSCO.O,시스코 시스템즈,5,60,14,29,74,1.0,10.0,6.58,15.44,9.05,25.93
115,PCAR.O,파카,5,60,14,29,74,1.0,10.0,6.58,0.0,11.78,27.71
115,CTSH.O,코그니전트 테크놀로지 솔루션,5,60,14,29,74,1.0,10.0,6.58,0.0,12.19,29.0
115,CCEP.O,코카-콜라 유로퍼시픽 파트너스,5,60,14,29,74,1.0,10.0,6.58,0.0,11.58,24.49
115,TROW.O,티 로웨 프라이스 그룹,5,60,14,29,74,1.0,10.0,6.58,0.0,10.77,28.47
115,NTRS.O,노던 트러스트,5,60,14,29,74,1.0,10.0,6.58,6.94,8.6,28.01
115,GLPI.O,게이밍 앤드 레저 프로퍼티스,5,60,14,29,74,1.0,10.0,6.58,4.78,6.77,29.67
115,REG.O,리젠시 센터스,5,60,14,29,74,1.0,10.0,6.58,9.45,8.76,28.11
115,NWSA.O,뉴스 코퍼레이션 Class A,5,60,14,29,74,1.0,10.0,6.58,0.0,9.64,29.14
115,HAS.O,해즈브로,5,60,14,29,74,1.0,10.0,6.58,16.54,7.83,30.05
115,SEIC.O,SEI 인베스트먼트,5,60,14,29,74,1.0,10.0,6.58,0.0,11.93,25.92
115,CBSH.O,커머스 뱅크셰어스,5,60,14,29,74,1.0,10.0,6.58,0.0,10.94,24.71
115,PCH.O,포틀래치델틱,5,60,14,29,74,1.0,10.0,6.58,0.0,6.78,30.39
115,GNTX.O,젠텍스,5,60,14,29,74,1.0,10.0,6.58,0.0,13.91,29.6
115,BOKF.O,BOK 파이낸셜,5,60,14,29,74,1.0,10.0,6.58,0.0,10.73,30.63
115,ONB.O,올드 내셔널 뱅코프,5,60,14,29,74,1.0,10.0,6.58,0.0,9.39,29.06
115,NWS.O,뉴스 코퍼레이션 Class B,5,60,14,29,74,1.0,10.0,6.58,0.0,10.08,29.0
115,UBSI.O,유나이티드 뱅크셰어스(Nasdaq GS),5,60,14,29,74,1.0,10.0,6.58,4.39,8.26,31.06
115,UMBF.O,UMB 파이낸셜,5,60,14,29,74,1.0,10.0,6.58,0.0,12.73,31.3
115,AVT.O,에이브이넷,5,60,14,29,74,1.0,10.0,6.58,0.0,10.14,29.6
115,PECO.O,필립스 에디슨 & 코,5,60,14,29,74,1.0,10.0,6.58,0.0,10.22,25.08
115,LBTYK.O,리버티 글로벌 Class C,5,60,14,29,74,1.0,10.0,6.58,0.0,8.66,29.05
115,FULT.O,풀턴 파이낸셜,5,60,14,29,74,1.0,10.0,6.58,19.31,10.14,31.11
115,FIBK.O,퍼스트 인터스테이트 뱅크시스템,5,60,14,29,74,1.0,10.0,6.58,0.0,10.42,31.05
115,GSBC.O,그레이트 서던 뱅코프,5,60,14,29,74,1.0,10.0,6.58,27.02,13.76,30.39
115,TRST.O,트러스트코 은행 N Y,5,60,14,29,74,1.0,10.0,6.58,24.58,6.07,29.58
115,HONE.O,하버원 뱅코프,5,60,14,29,74,1.0,10.0,6.58,0.0,13.05,29.78
115,WINVU.O,WinVest Acquisition Units,5,60,14,29,74,1.0,10.0,6.58,0.0,11.55,29.96
115,BWFG.O,뱅크웰 파이낸셜 그룹,5,60,14,29,74,1.0,10.0,6.58,20.73,8.91,29.41
115,VABK.O,버지니아 내셔널 뱅크셰어,5,60,14,29,74,1.0,10.0,6.58,0.0,8.63,30.78
115,ESSA.O,ESSA 뱅코프,5,60,14,29,74,1.0,10.0,6.58,0.0,7.75,28.89
115,MSSAU.O,Metal Sky Star Acquisition Units,5,60,14,29,74,1.0,10.0,6.58,0.0,9.24,25.99
115,WAVSU.O,Western Acquisition Ventures Units,5,60,14,29,74,1.0,10.0,6.58,0.0,8.16,29.75
115,BFIN.O,뱅크파이낸셜,5,60,14,29,74,1.0,10.0,6.58,3.07,7.21,30.49
115,GLLIU.O,Globalink Investment Units,5,60,14,29,74,1.0,10.0,6.58,0.0,10.4,32.91
115,CZWI.O,시티즌스 커뮤니티 뱅코프,5,60,14,29,74,1.0,10.0,6.58,0.0,13.18,28.84
115,FRAF.O,프랭클린 파이낸셜 서비스,5,60,14,29,74,1.0,10.0,6.58,14.56,8.08,27.71
115,MRBK.O,메리디안,5,60,14,29,74,1.0,10.0,6.58,0.0,9.41,33.02
115,CBFV.O,CB 파이낸셜 서비스,5,60,14,29,74,1.0,10.0,6.58,0.0,7.07,28.07
115,GLSTU.O,Global Star Acquisition Units,5,60,14,29,74,1.0,10.0,6.58,0.0,11.45,32.3
115,RGCO.O,RGC 리소스,5,60,14,29,74,1.0,10.0,6.58,0.0,10.16,29.86
115,LARK.O,랜드마크 뱅코프,5,60,14,29,74,1.0,10.0,6.58,14.62,10.46,30.51
115,SPKLU.O,Spark I Acquisition Units,5,60,14,29,74,1.0,10.0,6.58,0.0,8.19,27.97
115,ACACU.O,Acri Capital Acquisition Units,5,60,14,29,74,1.0,10.0,6.58,0.0,10.52,25.31
115,PROV.O,프로비던트 파이낸셜 홀딩스,5,60,14,29,74,1.0,10.0,6.58,0.41,10.62,27.22
115,HHGCU.O,HHG Capital Units,5,60,14,29,74,1.0,10.0,6.58,0.0,7.98,28.1
115,LSBK.O,레이크 쇼어 뱅코프,5,60,14,29,74,1.0,10.0,6.58,0.0,7.09,26.55
115,ICCH.O,ICC 홀딩스,5,60,14,29,74,1.0,10.0,6.58,19.15,11.15,30.77
115,SELF.O,글로벌 셀프 스토리지,5,60,14,29,74,1.0,10.0,6.58,0.0,6.92,28.09
115,CRWS.O,크라운 크래프츠,5,60,14,29,74,1.0,10.0,6.58,35.75,7.37,31.0
115,PBBK.O,PB 뱅크셰어,5,60,14,29,74,1.0,10.0,6.58,0.0,9.17,25.53
115,CAC.O,캠던 내셔널,5,60,14,29,74,1.0,10.0,6.58,15.1,10.47,31.2
115,BCBP.O,BCB 뱅코프,5,60,14,29,74,1.0,10.0,6.58,66.88,9.24,30.5
115,INTC.O,인텔,5,60,14,29,74,1.0,10.0,6.58,0.0,8.11,30.6
115,NWFL.O,노우드 파이낸셜,5,60,14,29,74,1.0,10.0,6.58,10.34,10.26,31.89
115,CARE.O,카터 뱅크셰어스,5,60,14,29,74,1.0,10.0,6.58,13.87,10.94,32.18
115,BPRN.O,뱅크 오브 프린스턴,5,60,14,29,74,1.0,10.0,6.58,18.24,9.38,33.05
115,YORW.O,요크 워터,5,60,14,29,74,1.0,10.0,6.58,0.0,12.12,28.41
115,CATC.O,케임브리지 뱅코프,5,60,14,29,74,1.0,10.0,6.58,23.03,10.22,28.37
115,NFBK.O,노스필드 뱅코프,5,60,14,29,74,1.0,10.0,6.58,5.93,6.43,28.36
115,CASS.O,캐스 인포메이션 시스템즈,5,60,14,29,74,1.0,10.0,6.58,0.0,9.95,31.16
115,WASH.O,워싱턴 트러스트 뱅코프,5,60,14,29,74,1.0,10.0,6.58,0.0,9.35,31.4
115,THFF.O,퍼스트 파이낸셜,5,60,14,29,74,1.0,10.0,6.58,0.0,8.38,28.09
115,AROW.O,애로우 파이낸셜,5,60,14,29,74,1.0,10.0,6.58,0.0,8.27,28.39
115,GAIN.O,글래드스톤 인베스트먼트,5,60,14,29,74,1.0,10.0,6.58,0.0,9.82,26.4
115,PFIS.O,피플스 파이낸셜 서비스,5,60,14,29,74,1.0,10.0,6.58,0.0,10.48,32.65
115,MOFG.O,미드웨스트원 파이낸셜 그룹,5,60,14,29,74,1.0,10.0,6.58,0.0,10.82,32.59
115,ITRN.O,이투란 로케이션 앤 콘트롤,5,60,14,29,74,1.0,10.0,6.58,0.0,9.0,30.29
115,ARTNA.O,아르테시안 리소시스,5,60,14,29,74,1.0,10.0,6.58,0.0,9.07,26.07
115,IRAAU.O,Iris Acquisition Units,5,60,14,29,74,1.0,10.0,6.58,0.0,10.38,26.14
115,UTMD.O,유타 메디컬 프로덕츠,5,60,14,29,74,1.0,10.0,6.58,0.0,12.66,30.8
115,HBCP.O,홈 뱅코프,5,60,14,29,74,1.0,10.0,6.58,0.0,13.8,29.42
115,FLIC.O,퍼스트 오브 롱 아일랜드,5,60,14,29,74,1.0,10.0,6.58,9.07,6.07,30.71
115,VBNK.O,버사뱅크,5,60,14,29,74,1.0,10.0,6.58,31.41,8.13,29.25
115,SLMBP.O,SLM 우선주 시리즈 B,5,60,14,29,74,1.0,10.0,6.58,8.21,8.43,26.38
115,BCML.O,베이컴,5,60,14,29,74,1.0,10.0,6.58,17.88,12.6,31.54
115,FNLC.O,퍼스트 뱅코프,5,60,14,29,74,1.0,10.0,6.58,0.0,11.47,32.35
115,ACABU.O,Atlantic Coastal Acquisition II Units,5,60,14,29,74,1.0,10.0,6.58,0.0,7.48,26.4
115,NODK.O,NI 홀딩스,5,60,14,29,74,1.0,10.0,6.58,0.0,6.1,30.73
115,BMRC.O,뱅크 오브 마린 뱅코프,5,60,14,29,74,1.0,10.0,6.58,13.41,7.4,30.71
115,ARTNA.O,아르테시안 리소시스,5,120,14,49,74,1.0,10.0,6.37,11.36,9.07,26.07
115,BCML.O,베이컴,5,120,14,49,74,1.0,10.0,6.37,8.76,12.6,31.54
115,FLIC.O,퍼스트 오브 롱 아일랜드,5,120,14,49,74,1.0,10.0,6.37,-2.75,6.07,30.71
115,VBNK.O,버사뱅크,5,120,14,49,74,1.0,10.0,6.37,31.59,8.13,29.25
115,SLMBP.O,SLM 우선주 시리즈 B,5,120,14,49,74,1.0,10.0,6.37,11.11,8.43,26.38
115,IRAAU.O,Iris Acquisition Units,5,120,14,49,74,1.0,10.0,6.37,0.0,10.38,26.14
115,FNLC.O,퍼스트 뱅코프,5,120,14,49,74,1.0,10.0,6.37,8.52,11.47,32.35
115,ACABU.O,Atlantic Coastal Acquisition II Units,5,120,14,49,74,1.0,10.0,6.37,0.0,7.48,26.4
115,NODK.O,NI 홀딩스,5,120,14,49,74,1.0,10.0,6.37,-0.45,6.1,30.73
115,BMRC.O,뱅크 오브 마린 뱅코프,5,120,14,49,74,1.0,10.0,6.37,2.58,7.4,30.71
115,HBCP.O,홈 뱅코프,5,120,14,49,74,1.0,10.0,6.37,3.91,13.8,29.42
115,YORW.O,요크 워터,5,120,14,49,74,1.0,10.0,6.37,15.18,12.12,28.41
115,CARE.O,카터 뱅크셰어스,5,120,14,49,74,1.0,10.0,6.37,20.22,10.94,32.18
115,MOFG.O,미드웨스트원 파이낸셜 그룹,5,120,14,49,74,1.0,10.0,6.37,2.96,10.82,32.59
115,PFIS.O,피플스 파이낸셜 서비스,5,120,14,49,74,1.0,10.0,6.37,2.66,10.48,32.65
115,GAIN.O,글래드스톤 인베스트먼트,5,120,14,49,74,1.0,10.0,6.37,5.79,9.82,26.4
115,ITRN.O,이투란 로케이션 앤 콘트롤,5,120,14,49,74,1.0,10.0,6.37,13.85,9.0,30.29
115,AROW.O,애로우 파이낸셜,5,120,14,49,74,1.0,10.0,6.37,4.96,8.27,28.39
115,THFF.O,퍼스트 파이낸셜,5,120,14,49,74,1.0,10.0,6.37,5.69,8.38,28.09
115,WASH.O,워싱턴 트러스트 뱅코프,5,120,14,49,74,1.0,10.0,6.37,-0.95,9.35,31.4
115,CASS.O,캐스 인포메이션 시스템즈,5,120,14,49,74,1.0,10.0,6.37,6.16,9.95,31.16
115,NFBK.O,노스필드 뱅코프,5,120,14,49,74,1.0,10.0,6.37,-4.41,6.43,28.36
115,CATC.O,케임브리지 뱅코프,5,120,14,49,74,1.0,10.0,6.37,4.21,10.22,28.37
115,BPRN.O,뱅크 오브 프린스턴,5,120,14,49,74,1.0,10.0,6.37,3.62,9.38,33.05
115,UTMD.O,유타 메디컬 프로덕츠,5,120,14,49,74,1.0,10.0,6.37,-1.38,12.66,30.8
115,FRAF.O,프랭클린 파이낸셜 서비스,5,120,14,49,74,1.0,10.0,6.37,2.59,8.08,27.71
115,NWFL.O,노우드 파이낸셜,5,120,14,49,74,1.0,10.0,6.37,3.5,10.26,31.89
115,WINVU.O,WinVest Acquisition Units,5,120,14,49,74,1.0,10.0,6.37,10.7,11.55,29.96
115,CRWS.O,크라운 크래프츠,5,120,14,49,74,1.0,10.0,6.37,2.97,7.37,31.0
115,CSCO.O,시스코 시스템즈,5,120,14,49,74,1.0,10.0,6.37,9.96,9.05,25.93
115,SELF.O,글로벌 셀프 스토리지,5,120,14,49,74,1.0,10.0,6.37,5.14,6.92,28.09
115,ICCH.O,ICC 홀딩스,5,120,14,49,74,1.0,10.0,6.37,6.11,11.15,30.77
115,LSBK.O,레이크 쇼어 뱅코프,5,120,14,49,74,1.0,10.0,6.37,-4.23,7.09,26.55
115,HHGCU.O,HHG Capital Units,5,120,14,49,74,1.0,10.0,6.37,0.0,7.98,28.1
115,PROV.O,프로비던트 파이낸셜 홀딩스,5,120,14,49,74,1.0,10.0,6.37,-5.46,10.62,27.22
115,ACACU.O,Acri Capital Acquisition Units,5,120,14,49,74,1.0,10.0,6.37,49.93,10.52,25.31
115,SPKLU.O,Spark I Acquisition Units,5,120,14,49,74,1.0,10.0,6.37,0.0,8.19,27.97
115,LARK.O,랜드마크 뱅코프,5,120,14,49,74,1.0,10.0,6.37,-2.77,10.46,30.51
115,GLSTU.O,Global Star Acquisition Units,5,120,14,49,74,1.0,10.0,6.37,0.0,11.45,32.3
115,CBFV.O,CB 파이낸셜 서비스,5,120,14,49,74,1.0,10.0,6.37,4.87,7.07,28.07
115,RGCO.O,RGC 리소스,5,120,14,49,74,1.0,10.0,6.37,-2.19,10.16,29.86
115,MRBK.O,메리디안,5,120,14,49,74,1.0,10.0,6.37,11.57,9.41,33.02
115,HONE.O,하버원 뱅코프,5,120,14,49,74,1.0,10.0,6.37,28.96,13.05,29.78
115,CZWI.O,시티즌스 커뮤니티 뱅코프,5,120,14,49,74,1.0,10.0,6.37,6.74,13.18,28.84
115,GLLIU.O,Globalink Investment Units,5,120,14,49,74,1.0,10.0,6.37,0.0,10.4,32.91
115,BFIN.O,뱅크파이낸셜,5,120,14,49,74,1.0,10.0,6.37,2.99,7.21,30.49
115,WAVSU.O,Western Acquisition Ventures Units,5,120,14,49,74,1.0,10.0,6.37,0.0,8.16,29.75
115,MSSAU.O,Metal Sky Star Acquisition Units,5,120,14,49,74,1.0,10.0,6.37,0.0,9.24,25.99
115,ESSA.O,ESSA 뱅코프,5,120,14,49,74,1.0,10.0,6.37,6.79,7.75,28.89
115,VABK.O,버지니아 내셔널 뱅크셰어,5,120,14,49,74,1.0,10.0,6.37,8.49,8.63,30.78
115,BWFG.O,뱅크웰 파이낸셜 그룹,5,120,14,49,74,1.0,10.0,6.37,7.06,8.91,29.41
115,BCBP.O,BCB 뱅코프,5,120,14,49,74,1.0,10.0,6.37,17.95,9.24,30.5
115,CAC.O,캠던 내셔널,5,120,14,49,74,1.0,10.0,6.37,9.03,10.47,31.2
115,ROIC.O,리테일 오퍼튜니티 인베스트먼트,5,120,14,49,74,1.0,10.0,6.37,-6.34,6.59,29.23
115,TRST.O,트러스트코 은행 N Y,5,120,14,49,74,1.0,10.0,6.37,4.42,6.07,29.58
115,CBSH.O,커머스 뱅크셰어스,5,120,14,49,74,1.0,10.0,6.37,8.8,10.94,24.71
115,FULT.O,풀턴 파이낸셜,5,120,14,49,74,1.0,10.0,6.37,7.92,10.14,31.11
115,LBTYK.O,리버티 글로벌 Class C,5,120,14,49,74,1.0,10.0,6.37,-6.08,8.66,29.05
115,PECO.O,필립스 에디슨 & 코,5,120,14,49,74,1.0,10.0,6.37,4.15,10.22,25.08
115,AVT.O,에이브이넷,5,120,14,49,74,1.0,10.0,6.37,4.37,10.14,29.6
115,UMBF.O,UMB 파이낸셜,5,120,14,49,74,1.0,10.0,6.37,8.02,12.73,31.3
115,UBSI.O,유나이티드 뱅크셰어스(Nasdaq GS),5,120,14,49,74,1.0,10.0,6.37,3.81,8.26,31.06
115,NWS.O,뉴스 코퍼레이션 Class B,5,120,14,49,74,1.0,10.0,6.37,12.21,10.08,29.0
115,ONB.O,올드 내셔널 뱅코프,5,120,14,49,74,1.0,10.0,6.37,5.14,9.39,29.06
115,BOKF.O,BOK 파이낸셜,5,120,14,49,74,1.0,10.0,6.37,5.61,10.73,30.63
115,LBRDK.O,리버티 브로드밴드 시리즈 C,5,120,14,49,74,1.0,10.0,6.37,-1.85,8.56,29.81
115,GNTX.O,젠텍스,5,120,14,49,74,1.0,10.0,6.37,11.1,13.91,29.6
115,OTEX.O,오픈 텍스트,5,120,14,49,74,1.0,10.0,6.37,8.44,13.32,29.18
115,GSBC.O,그레이트 서던 뱅코프,5,120,14,49,74,1.0,10.0,6.37,13.18,13.76,30.39
115,SEIC.O,SEI 인베스트먼트,5,120,14,49,74,1.0,10.0,6.37,11.59,11.93,25.92
115,HAS.O,해즈브로,5,120,14,49,74,1.0,10.0,6.37,3.54,7.83,30.05
115,NWSA.O,뉴스 코퍼레이션 Class A,5,120,14,49,74,1.0,10.0,6.37,12.13,9.64,29.14
115,REG.O,리젠시 센터스,5,120,14,49,74,1.0,10.0,6.37,4.15,8.76,28.11
115,GLPI.O,게이밍 앤드 레저 프로퍼티스,5,120,14,49,74,1.0,10.0,6.37,4.69,6.77,29.67
115,NTRS.O,노던 트러스트,5,120,14,49,74,1.0,10.0,6.37,6.63,8.6,28.01
115,TROW.O,티 로웨 프라이스 그룹,5,120,14,49,74,1.0,10.0,6.37,14.71,10.77,28.47
115,CCEP.O,코카-콜라 유로퍼시픽 파트너스,5,120,14,49,74,1.0,10.0,6.37,23.73,11.58,24.49
115,CTSH.O,코그니전트 테크놀로지 솔루션,5,120,14,49,74,1.0,10.0,6.37,5.83,12.19,29.0
115,PCAR.O,파카,5,120,14,49,74,1.0,10.0,6.37,7.99,11.78,27.71
115,INTC.O,인텔,5,120,14,49,74,1.0,10.0,6.37,-1.02,8.11,30.6
115,FIBK.O,퍼스트 인터스테이트 뱅크시스템,5,120,14,49,74,1.0,10.0,6.37,7.8,10.42,31.05
115,PCH.O,포틀래치델틱,5,120,14,49,74,1.0,10.0,6.37,7.21,6.78,30.39
115,LBTYA.O,리버티 글로벌 Class A,5,120,14,49,74,1.0,10.0,6.37,-6.7,8.36,29.79
115,WAFD.O,WaFd,5,120,14,49,74,1.0,10.0,6.37,10.05,10.16,28.58
115,HFWA.O,헤리티지 파이낸셜,5,120,14,49,74,1.0,10.0,6.37,5.39,8.62,31.66
115,UVSP.O,유니베스트 파이낸셜,5,120,14,49,74,1.0,10.0,6.37,7.14,8.74,31.52
115,LLYVA.O,리버티 미디어 Series A,5,120,14,49,74,1.0,10.0,6.37,0.0,8.0,31.72
115,CTBI.O,커뮤니티 트러스트 뱅코프,5,120,14,49,74,1.0,10.0,6.37,11.59,9.43,27.12
115,FMBH.O,퍼스트미드 뱅크셰어스,5,120,14,49,74,1.0,10.0,6.37,7.99,11.15,31.54
115,LBRDA.O,리버티 브로드밴드 시리즈 A,5,120,14,49,74,1.0,10.0,6.37,4.6,8.38,29.91
115,SBSI.O,사우스사이드 뱅크셰어스,5,120,14,49,74,1.0,10.0,6.37,7.77,10.87,28.92
115,OCFC.O,오션퍼스트 파이낸셜,5,120,14,49,74,1.0,10.0,6.37,4.59,7.92,30.72
115,CSGS.O,CSG 시스템즈인터내셔널,5,120,14,49,74,1.0,10.0,6.37,9.57,10.75,27.71
115,BUSE.O,퍼스트 뷰지,5,120,14,49,74,1.0,10.0,6.37,7.5,10.2,31.44
115,STBA.O,S&T 뱅코프,5,120,14,49,74,1.0,10.0,6.37,7.39,11.11,32.19
115,CLBK.O,콜롬비아 파이낸셜,5,120,14,49,74,1.0,10.0,6.37,3.43,7.36,29.22
115,WSBC.O,웨스뱅코,5,120,14,49,74,1.0,10.0,6.37,3.71,9.83,30.85
115,GCMG.O,GCM 그로스브너,5,120,14,49,74,1.0,10.0,6.37,1.54,5.66,29.75
115,TRMK.O,트러스트마크,5,120,14,49,74,1.0,10.0,6.37,9.52,8.02,29.11
115,NBTB.O,NBT 뱅코프,5,120,14,49,74,1.0,10.0,6.37,8.91,10.47,28.47
115,PRGS.O,프로그레스 소프트웨어,5,120,14,49,74,1.0,10.0,6.37,12.41,12.89,30.64
115,WERN.O,웨너 엔터프라이즈,5,120,14,49,74,1.0,10.0,6.37,7.0,8.57,27.61
115,IART.O,인테그라 라이프사이언시스 홀딩스,5,120,14,49,74,1.0,10.0,6.37,0.61,9.72,30.85
115,TOWN.O,타운뱅크,5,120,14,49,74,1.0,10.0,6.37,7.7,11.41,31.19
115,FFBC.O,퍼스트 파이낸셜 뱅코프,5,120,14,49,74,1.0,10.0,6.37,6.5,10.35,33.13
115,INDB.O,인디펜던트 뱅크 (매사추세츠),5,120,14,49,74,1.0,10.0,6.37,8.68,12.06,30.9
115,SFNC.O,시몬스 퍼스트 내셔널,5,120,14,49,74,1.0,10.0,6.37,2.48,8.87,32.24
115,CVBF.O,CVB 파이낸셜,5,120,14,49,74,1.0,10.0,6.37,6.55,10.14,31.66
115,PBBK.O,PB 뱅크셰어,5,120,14,49,74,1.0,10.0,6.37,12.78,9.17,25.53
115,PBBK.O,PB 뱅크셰어,5,120,14,44,74,1.0,10.0,6.28,0.0,9.17,25.53
115,GCMG.O,GCM 그로스브너,5,120,14,44,74,1.0,10.0,6.28,13.61,5.66,29.75
115,WAFD.O,WaFd,5,120,14,44,74,1.0,10.0,6.28,14.2,10.16,28.58
115,CVBF.O,CVB 파이낸셜,5,120,14,44,74,1.0,10.0,6.28,9.94,10.14,31.66
115,SFNC.O,시몬스 퍼스트 내셔널,5,120,14,44,74,1.0,10.0,6.28,2.48,8.87,32.24
115,INDB.O,인디펜던트 뱅크 (매사추세츠),5,120,14,44,74,1.0,10.0,6.28,10.06,12.06,30.9
115,FFBC.O,퍼스트 파이낸셜 뱅코프,5,120,14,44,74,1.0,10.0,6.28,13.64,10.35,33.13
115,TOWN.O,타운뱅크,5,120,14,44,74,1.0,10.0,6.28,7.7,11.41,31.19
115,IART.O,인테그라 라이프사이언시스 홀딩스,5,120,14,44,74,1.0,10.0,6.28,0.61,9.72,30.85
115,WERN.O,웨너 엔터프라이즈,5,120,14,44,74,1.0,10.0,6.28,5.76,8.57,27.61
115,PRGS.O,프로그레스 소프트웨어,5,120,14,44,74,1.0,10.0,6.28,12.45,12.89,30.64
115,NBTB.O,NBT 뱅코프,5,120,14,44,74,1.0,10.0,6.28,11.88,10.47,28.47
115,TRMK.O,트러스트마크,5,120,14,44,74,1.0,10.0,6.28,9.52,8.02,29.11
115,WSBC.O,웨스뱅코,5,120,14,44,74,1.0,10.0,6.28,2.76,9.83,30.85
115,PCH.O,포틀래치델틱,5,120,14,44,74,1.0,10.0,6.28,10.75,6.78,30.39
115,CLBK.O,콜롬비아 파이낸셜,5,120,14,44,74,1.0,10.0,6.28,3.43,7.36,29.22
115,STBA.O,S&T 뱅코프,5,120,14,44,74,1.0,10.0,6.28,7.39,11.11,32.19
115,ROIC.O,리테일 오퍼튜니티 인베스트먼트,5,120,14,44,74,1.0,10.0,6.28,-6.34,6.59,29.23
115,BUSE.O,퍼스트 뷰지,5,120,14,44,74,1.0,10.0,6.28,7.86,10.2,31.44
115,CSGS.O,CSG 시스템즈인터내셔널,5,120,14,44,74,1.0,10.0,6.28,9.57,10.75,27.71
115,OCFC.O,오션퍼스트 파이낸셜,5,120,14,44,74,1.0,10.0,6.28,10.03,7.92,30.72
115,SBSI.O,사우스사이드 뱅크셰어스,5,120,14,44,74,1.0,10.0,6.28,7.77,10.87,28.92
115,LBRDA.O,리버티 브로드밴드 시리즈 A,5,120,14,44,74,1.0,10.0,6.28,-21.29,8.38,29.91
115,FMBH.O,퍼스트미드 뱅크셰어스,5,120,14,44,74,1.0,10.0,6.28,14.71,11.15,31.54
115,CTBI.O,커뮤니티 트러스트 뱅코프,5,120,14,44,74,1.0,10.0,6.28,8.73,9.43,27.12
115,LLYVA.O,리버티 미디어 Series A,5,120,14,44,74,1.0,10.0,6.28,0.0,8.0,31.72
115,LBTYA.O,리버티 글로벌 Class A,5,120,14,44,74,1.0,10.0,6.28,-6.49,8.36,29.79
115,FIBK.O,퍼스트 인터스테이트 뱅크시스템,5,120,14,44,74,1.0,10.0,6.28,7.8,10.42,31.05
115,HFWA.O,헤리티지 파이낸셜,5,120,14,44,74,1.0,10.0,6.28,9.97,8.62,31.66
115,SEIC.O,SEI 인베스트먼트,5,120,14,44,74,1.0,10.0,6.28,11.95,11.93,25.92
115,CRWS.O,크라운 크래프츠,5,120,14,44,74,1.0,10.0,6.28,6.16,7.37,31.0
115,INTC.O,인텔,5,120,14,44,74,1.0,10.0,6.28,-1.58,8.11,30.6
115,PCAR.O,파카,5,120,14,44,74,1.0,10.0,6.28,8.75,11.78,27.71
115,CTSH.O,코그니전트 테크놀로지 솔루션,5,120,14,44,74,1.0,10.0,6.28,3.77,12.19,29.0
115,CCEP.O,코카-콜라 유로퍼시픽 파트너스,5,120,14,44,74,1.0,10.0,6.28,23.73,11.58,24.49
115,TROW.O,티 로웨 프라이스 그룹,5,120,14,44,74,1.0,10.0,6.28,4.98,10.77,28.47
115,NTRS.O,노던 트러스트,5,120,14,44,74,1.0,10.0,6.28,6.63,8.6,28.01
115,GLPI.O,게이밍 앤드 레저 프로퍼티스,5,120,14,44,74,1.0,10.0,6.28,4.69,6.77,29.67
115,REG.O,리젠시 센터스,5,120,14,44,74,1.0,10.0,6.28,-0.39,8.76,28.11
115,NWSA.O,뉴스 코퍼레이션 Class A,5,120,14,44,74,1.0,10.0,6.28,12.13,9.64,29.14
115,HAS.O,해즈브로,5,120,14,44,74,1.0,10.0,6.28,6.85,7.83,30.05
115,OTEX.O,오픈 텍스트,5,120,14,44,74,1.0,10.0,6.28,18.87,13.32,29.18
115,FULT.O,풀턴 파이낸셜,5,120,14,44,74,1.0,10.0,6.28,15.21,10.14,31.11
115,CBSH.O,커머스 뱅크셰어스,5,120,14,44,74,1.0,10.0,6.28,43.78,10.94,24.71
115,GNTX.O,젠텍스,5,120,14,44,74,1.0,10.0,6.28,11.1,13.91,29.6
115,LBRDK.O,리버티 브로드밴드 시리즈 C,5,120,14,44,74,1.0,10.0,6.28,-20.55,8.56,29.81
115,BOKF.O,BOK 파이낸셜,5,120,14,44,74,1.0,10.0,6.28,5.61,10.73,30.63
115,ONB.O,올드 내셔널 뱅코프,5,120,14,44,74,1.0,10.0,6.28,5.14,9.39,29.06
115,NWS.O,뉴스 코퍼레이션 Class B,5,120,14,44,74,1.0,10.0,6.28,12.21,10.08,29.0
115,UBSI.O,유나이티드 뱅크셰어스(Nasdaq GS),5,120,14,44,74,1.0,10.0,6.28,3.81,8.26,31.06
115,UMBF.O,UMB 파이낸셜,5,120,14,44,74,1.0,10.0,6.28,8.51,12.73,31.3
115,AVT.O,에이브이넷,5,120,14,44,74,1.0,10.0,6.28,4.37,10.14,29.6
115,PECO.O,필립스 에디슨 & 코,5,120,14,44,74,1.0,10.0,6.28,4.15,10.22,25.08
115,LBTYK.O,리버티 글로벌 Class C,5,120,14,44,74,1.0,10.0,6.28,-6.39,8.66,29.05
115,UVSP.O,유니베스트 파이낸셜,5,120,14,44,74,1.0,10.0,6.28,7.14,8.74,31.52
115,CSCO.O,시스코 시스템즈,5,120,14,44,74,1.0,10.0,6.28,12.83,9.05,25.93
115,GSBC.O,그레이트 서던 뱅코프,5,120,14,44,74,1.0,10.0,6.28,19.62,13.76,30.39
115,FRAF.O,프랭클린 파이낸셜 서비스,5,120,14,44,74,1.0,10.0,6.28,8.69,8.08,27.71
115,NWFL.O,노우드 파이낸셜,5,120,14,44,74,1.0,10.0,6.28,5.03,10.26,31.89
115,RGCO.O,RGC 리소스,5,120,14,44,74,1.0,10.0,6.28,-2.19,10.16,29.86
115,BCBP.O,BCB 뱅코프,5,120,14,44,74,1.0,10.0,6.28,14.72,9.24,30.5
115,BWFG.O,뱅크웰 파이낸셜 그룹,5,120,14,44,74,1.0,10.0,6.28,8.12,8.91,29.41
115,VABK.O,버지니아 내셔널 뱅크셰어,5,120,14,44,74,1.0,10.0,6.28,8.49,8.63,30.78
115,ESSA.O,ESSA 뱅코프,5,120,14,44,74,1.0,10.0,6.28,10.06,7.75,28.89
115,MSSAU.O,Metal Sky Star Acquisition Units,5,120,14,44,74,1.0,10.0,6.28,0.0,9.24,25.99
115,WAVSU.O,Western Acquisition Ventures Units,5,120,14,44,74,1.0,10.0,6.28,0.0,8.16,29.75
115,BFIN.O,뱅크파이낸셜,5,120,14,44,74,1.0,10.0,6.28,2.99,7.21,30.49
115,GLLIU.O,Globalink Investment Units,5,120,14,44,74,1.0,10.0,6.28,0.0,10.4,32.91
115,CZWI.O,시티즌스 커뮤니티 뱅코프,5,120,14,44,74,1.0,10.0,6.28,14.16,13.18,28.84
115,MRBK.O,메리디안,5,120,14,44,74,1.0,10.0,6.28,17.39,9.41,33.02
115,UTMD.O,유타 메디컬 프로덕츠,5,120,14,44,74,1.0,10.0,6.28,-83.99,12.66,30.8
115,CBFV.O,CB 파이낸셜 서비스,5,120,14,44,74,1.0,10.0,6.28,-0.39,7.07,28.07
115,WINVU.O,WinVest Acquisition Units,5,120,14,44,74,1.0,10.0,6.28,0.0,11.55,29.96
115,GLSTU.O,Global Star Acquisition Units,5,120,14,44,74,1.0,10.0,6.28,0.0,11.45,32.3
115,LARK.O,랜드마크 뱅코프,5,120,14,44,74,1.0,10.0,6.28,-2.77,10.46,30.51
115,SPKLU.O,Spark I Acquisition Units,5,120,14,44,74,1.0,10.0,6.28,0.0,8.19,27.97
115,ACACU.O,Acri Capital Acquisition Units,5,120,14,44,74,1.0,10.0,6.28,49.93,10.52,25.31
115,PROV.O,프로비던트 파이낸셜 홀딩스,5,120,14,44,74,1.0,10.0,6.28,-5.46,10.62,27.22
115,HHGCU.O,HHG Capital Units,5,120,14,44,74,1.0,10.0,6.28,0.0,7.98,28.1
115,LSBK.O,레이크 쇼어 뱅코프,5,120,14,44,74,1.0,10.0,6.28,-3.59,7.09,26.55
115,ICCH.O,ICC 홀딩스,5,120,14,44,74,1.0,10.0,6.28,6.11,11.15,30.77
115,TRST.O,트러스트코 은행 N Y,5,120,14,44,74,1.0,10.0,6.28,4.42,6.07,29.58
115,BPRN.O,뱅크 오브 프린스턴,5,120,14,44,74,1.0,10.0,6.28,5.21,9.38,33.05
115,SELF.O,글로벌 셀프 스토리지,5,120,14,44,74,1.0,10.0,6.28,6.2,6.92,28.09
115,BCML.O,베이컴,5,120,14,44,74,1.0,10.0,6.28,20.02,12.6,31.54
115,PFIS.O,피플스 파이낸셜 서비스,5,120,14,44,74,1.0,10.0,6.28,2.66,10.48,32.65
115,FLIC.O,퍼스트 오브 롱 아일랜드,5,120,14,44,74,1.0,10.0,6.28,-2.75,6.07,30.71
115,CAC.O,캠던 내셔널,5,120,14,44,74,1.0,10.0,6.28,9.03,10.47,31.2
115,YORW.O,요크 워터,5,120,14,44,74,1.0,10.0,6.28,-2.15,12.12,28.41
115,CATC.O,케임브리지 뱅코프,5,120,14,44,74,1.0,10.0,6.28,5.97,10.22,28.37
115,NFBK.O,노스필드 뱅코프,5,120,14,44,74,1.0,10.0,6.28,-2.48,6.43,28.36
115,CASS.O,캐스 인포메이션 시스템즈,5,120,14,44,74,1.0,10.0,6.28,11.36,9.95,31.16
115,WASH.O,워싱턴 트러스트 뱅코프,5,120,14,44,74,1.0,10.0,6.28,-0.89,9.35,31.4
115,THFF.O,퍼스트 파이낸셜,5,120,14,44,74,1.0,10.0,6.28,8.0,8.38,28.09
115,AROW.O,애로우 파이낸셜,5,120,14,44,74,1.0,10.0,6.28,8.13,8.27,28.39
115,ITRN.O,이투란 로케이션 앤 콘트롤,5,120,14,44,74,1.0,10.0,6.28,6.92,9.0,30.29
115,GAIN.O,글래드스톤 인베스트먼트,5,120,14,44,74,1.0,10.0,6.28,10.99,9.82,26.4
115,HONE.O,하버원 뱅코프,5,120,14,44,74,1.0,10.0,6.28,28.96,13.05,29.78
115,MOFG.O,미드웨스트원 파이낸셜 그룹,5,120,14,44,74,1.0,10.0,6.28,-0.8,10.82,32.59
115,ARTNA.O,아르테시안 리소시스,5,120,14,44,74,1.0,10.0,6.28,26.22,9.07,26.07
115,HBCP.O,홈 뱅코프,5,120,14,44,74,1.0,10.0,6.28,3.91,13.8,29.42
115,BMRC.O,뱅크 오브 마린 뱅코프,5,120,14,44,74,1.0,10.0,6.28,2.58,7.4,30.71
115,NODK.O,NI 홀딩스,5,120,14,44,74,1.0,10.0,6.28,-0.45,6.1,30.73
115,ACABU.O,Atlantic Coastal Acquisition II Units,5,120,14,44,74,1.0,10.0,6.28,0.0,7.48,26.4
115,FNLC.O,퍼스트 뱅코프,5,120,14,44,74,1.0,10.0,6.28,11.69,11.47,32.35
115,IRAAU.O,Iris Acquisition Units,5,120,14,44,74,1.0,10.0,6.28,0.0,10.38,26.14
115,SLMBP.O,SLM 우선주 시리즈 B,5,120,14,44,74,1.0,10.0,6.28,11.11,8.43,26.38
115,VBNK.O,버사뱅크,5,120,14,44,74,1.0,10.0,6.28,31.59,8.13,29.25
115,CARE.O,카터 뱅크셰어스,5,120,14,44,74,1.0,10.0,6.28,20.22,10.94,32.18
115,NODK.O,NI 홀딩스,5,120,14,29,69,1.0,10.0,5.63,0.0,6.1,30.73
115,ARTNA.O,아르테시안 리소시스,5,120,14,29,69,1.0,10.0,5.63,0.0,9.07,26.07
115,HBCP.O,홈 뱅코프,5,120,14,29,69,1.0,10.0,5.63,0.0,13.8,29.42
115,BMRC.O,뱅크 오브 마린 뱅코프,5,120,14,29,69,1.0,10.0,5.63,0.0,7.4,30.71
115,SLMBP.O,SLM 우선주 시리즈 B,5,120,14,29,69,1.0,10.0,5.63,56.03,8.43,26.38
115,ACABU.O,Atlantic Coastal Acquisition II Units,5,120,14,29,69,1.0,10.0,5.63,0.0,7.48,26.4
115,FNLC.O,퍼스트 뱅코프,5,120,14,29,69,1.0,10.0,5.63,0.0,11.47,32.35
115,IRAAU.O,Iris Acquisition Units,5,120,14,29,69,1.0,10.0,5.63,0.0,10.38,26.14
115,MOFG.O,미드웨스트원 파이낸셜 그룹,5,120,14,29,69,1.0,10.0,5.63,0.0,10.82,32.59
115,VBNK.O,버사뱅크,5,120,14,29,69,1.0,10.0,5.63,31.59,8.13,29.25
115,CARE.O,카터 뱅크셰어스,5,120,14,29,69,1.0,10.0,5.63,0.0,10.94,32.18
115,THFF.O,퍼스트 파이낸셜,5,120,14,29,69,1.0,10.0,5.63,0.0,8.38,28.09
115,PFIS.O,피플스 파이낸셜 서비스,5,120,14,29,69,1.0,10.0,5.63,0.0,10.48,32.65
115,GAIN.O,글래드스톤 인베스트먼트,5,120,14,29,69,1.0,10.0,5.63,0.0,9.82,26.4
115,ITRN.O,이투란 로케이션 앤 콘트롤,5,120,14,29,69,1.0,10.0,5.63,0.0,9.0,30.29
115,AROW.O,애로우 파이낸셜,5,120,14,29,69,1.0,10.0,5.63,0.0,8.27,28.39
115,WASH.O,워싱턴 트러스트 뱅코프,5,120,14,29,69,1.0,10.0,5.63,0.0,9.35,31.4
115,CASS.O,캐스 인포메이션 시스템즈,5,120,14,29,69,1.0,10.0,5.63,0.0,9.95,31.16
115,NFBK.O,노스필드 뱅코프,5,120,14,29,69,1.0,10.0,5.63,6.13,6.43,28.36
115,CATC.O,케임브리지 뱅코프,5,120,14,29,69,1.0,10.0,5.63,0.0,10.22,28.37
115,YORW.O,요크 워터,5,120,14,29,69,1.0,10.0,5.63,0.0,12.12,28.41
115,CAC.O,캠던 내셔널,5,120,14,29,69,1.0,10.0,5.63,0.0,10.47,31.2
115,FLIC.O,퍼스트 오브 롱 아일랜드,5,120,14,29,69,1.0,10.0,5.63,0.0,6.07,30.71
115,TRST.O,트러스트코 은행 N Y,5,120,14,29,69,1.0,10.0,5.63,19.17,6.07,29.58
115,HONE.O,하버원 뱅코프,5,120,14,29,69,1.0,10.0,5.63,0.0,13.05,29.78
115,BFIN.O,뱅크파이낸셜,5,120,14,29,69,1.0,10.0,5.63,10.36,7.21,30.49
115,BCML.O,베이컴,5,120,14,29,69,1.0,10.0,5.63,0.0,12.6,31.54
115,MRBK.O,메리디안,5,120,14,29,69,1.0,10.0,5.63,0.0,9.41,33.02
115,SELF.O,글로벌 셀프 스토리지,5,120,14,29,69,1.0,10.0,5.63,0.0,6.92,28.09
115,GSBC.O,그레이트 서던 뱅코프,5,120,14,29,69,1.0,10.0,5.63,81.84,13.76,30.39
115,LSBK.O,레이크 쇼어 뱅코프,5,120,14,29,69,1.0,10.0,5.63,0.0,7.09,26.55
115,HHGCU.O,HHG Capital Units,5,120,14,29,69,1.0,10.0,5.63,0.0,7.98,28.1
115,PROV.O,프로비던트 파이낸셜 홀딩스,5,120,14,29,69,1.0,10.0,5.63,-1.27,10.62,27.22
115,ACACU.O,Acri Capital Acquisition Units,5,120,14,29,69,1.0,10.0,5.63,0.0,10.52,25.31
115,SPKLU.O,Spark I Acquisition Units,5,120,14,29,69,1.0,10.0,5.63,0.0,8.19,27.97
115,LARK.O,랜드마크 뱅코프,5,120,14,29,69,1.0,10.0,5.63,0.0,10.46,30.51
115,GLSTU.O,Global Star Acquisition Units,5,120,14,29,69,1.0,10.0,5.63,0.0,11.45,32.3
115,WINVU.O,WinVest Acquisition Units,5,120,14,29,69,1.0,10.0,5.63,0.0,11.55,29.96
115,CBFV.O,CB 파이낸셜 서비스,5,120,14,29,69,1.0,10.0,5.63,0.0,7.07,28.07
115,FRAF.O,프랭클린 파이낸셜 서비스,5,120,14,29,69,1.0,10.0,5.63,8.78,8.08,27.71
115,UTMD.O,유타 메디컬 프로덕츠,5,120,14,29,69,1.0,10.0,5.63,0.0,12.66,30.8
115,CZWI.O,시티즌스 커뮤니티 뱅코프,5,120,14,29,69,1.0,10.0,5.63,0.0,13.18,28.84
115,GLLIU.O,Globalink Investment Units,5,120,14,29,69,1.0,10.0,5.63,0.0,10.4,32.91
115,WAVSU.O,Western Acquisition Ventures Units,5,120,14,29,69,1.0,10.0,5.63,0.0,8.16,29.75
115,MSSAU.O,Metal Sky Star Acquisition Units,5,120,14,29,69,1.0,10.0,5.63,0.0,9.24,25.99
115,ESSA.O,ESSA 뱅코프,5,120,14,29,69,1.0,10.0,5.63,0.0,7.75,28.89
115,VABK.O,버지니아 내셔널 뱅크셰어,5,120,14,29,69,1.0,10.0,5.63,0.0,8.63,30.78
115,BWFG.O,뱅크웰 파이낸셜 그룹,5,120,14,29,69,1.0,10.0,5.63,56.59,8.91,29.41
115,BCBP.O,BCB 뱅코프,5,120,14,29,69,1.0,10.0,5.63,63.57,9.24,30.5
115,RGCO.O,RGC 리소스,5,120,14,29,69,1.0,10.0,5.63,0.0,10.16,29.86
115,NWFL.O,노우드 파이낸셜,5,120,14,29,69,1.0,10.0,5.63,0.0,10.26,31.89
115,BPRN.O,뱅크 오브 프린스턴,5,120,14,29,69,1.0,10.0,5.63,0.0,9.38,33.05
115,ICCH.O,ICC 홀딩스,5,120,14,29,69,1.0,10.0,5.63,0.0,11.15,30.77
115,WAFD.O,WaFd,5,120,14,29,69,1.0,10.0,5.63,0.0,10.16,28.58
115,HFWA.O,헤리티지 파이낸셜,5,120,14,29,69,1.0,10.0,5.63,12.13,8.62,31.66
115,OTEX.O,오픈 텍스트,5,120,14,29,69,1.0,10.0,5.63,0.0,13.32,29.18
115,LBTYK.O,리버티 글로벌 Class C,5,120,14,29,69,1.0,10.0,5.63,0.0,8.66,29.05
115,PECO.O,필립스 에디슨 & 코,5,120,14,29,69,1.0,10.0,5.63,0.0,10.22,25.08
115,AVT.O,에이브이넷,5,120,14,29,69,1.0,10.0,5.63,0.0,10.14,29.6
115,UMBF.O,UMB 파이낸셜,5,120,14,29,69,1.0,10.0,5.63,0.0,12.73,31.3
115,UBSI.O,유나이티드 뱅크셰어스(Nasdaq GS),5,120,14,29,69,1.0,10.0,5.63,13.84,8.26,31.06
115,NWS.O,뉴스 코퍼레이션 Class B,5,120,14,29,69,1.0,10.0,5.63,0.0,10.08,29.0
115,ONB.O,올드 내셔널 뱅코프,5,120,14,29,69,1.0,10.0,5.63,0.0,9.39,29.06
115,BOKF.O,BOK 파이낸셜,5,120,14,29,69,1.0,10.0,5.63,0.0,10.73,30.63
115,LBRDK.O,리버티 브로드밴드 시리즈 C,5,120,14,29,69,1.0,10.0,5.63,0.0,8.56,29.81
115,GNTX.O,젠텍스,5,120,14,29,69,1.0,10.0,5.63,0.0,13.91,29.6
115,CBSH.O,커머스 뱅크셰어스,5,120,14,29,69,1.0,10.0,5.63,0.0,10.94,24.71
115,SEIC.O,SEI 인베스트먼트,5,120,14,29,69,1.0,10.0,5.63,0.0,11.93,25.92
115,UVSP.O,유니베스트 파이낸셜,5,120,14,29,69,1.0,10.0,5.63,16.21,8.74,31.52
115,HAS.O,해즈브로,5,120,14,29,69,1.0,10.0,5.63,0.0,7.83,30.05
115,NWSA.O,뉴스 코퍼레이션 Class A,5,120,14,29,69,1.0,10.0,5.63,0.0,9.64,29.14
115,REG.O,리젠시 센터스,5,120,14,29,69,1.0,10.0,5.63,9.89,8.76,28.11
115,GLPI.O,게이밍 앤드 레저 프로퍼티스,5,120,14,29,69,1.0,10.0,5.63,8.07,6.77,29.67
115,NTRS.O,노던 트러스트,5,120,14,29,69,1.0,10.0,5.63,0.0,8.6,28.01
115,TROW.O,티 로웨 프라이스 그룹,5,120,14,29,69,1.0,10.0,5.63,0.0,10.77,28.47
115,CCEP.O,코카-콜라 유로퍼시픽 파트너스,5,120,14,29,69,1.0,10.0,5.63,0.0,11.58,24.49
115,CTSH.O,코그니전트 테크놀로지 솔루션,5,120,14,29,69,1.0,10.0,5.63,0.0,12.19,29.0
115,PCAR.O,파카,5,120,14,29,69,1.0,10.0,5.63,0.0,11.78,27.71
115,INTC.O,인텔,5,120,14,29,69,1.0,10.0,5.63,0.0,8.11,30.6
115,PBBK.O,PB 뱅크셰어,5,120,14,29,69,1.0,10.0,5.63,0.0,9.17,25.53
115,FULT.O,풀턴 파이낸셜,5,120,14,29,69,1.0,10.0,5.63,18.48,10.14,31.11
115,FIBK.O,퍼스트 인터스테이트 뱅크시스템,5,120,14,29,69,1.0,10.0,5.63,0.0,10.42,31.05
115,PCH.O,포틀래치델틱,5,120,14,29,69,1.0,10.0,5.63,0.0,6.78,30.39
115,LBTYA.O,리버티 글로벌 Class A,5,120,14,29,69,1.0,10.0,5.63,0.0,8.36,29.79
115,LLYVA.O,리버티 미디어 Series A,5,120,14,29,69,1.0,10.0,5.63,0.0,8.0,31.72
115,CTBI.O,커뮤니티 트러스트 뱅코프,5,120,14,29,69,1.0,10.0,5.63,39.51,9.43,27.12
115,FMBH.O,퍼스트미드 뱅크셰어스,5,120,14,29,69,1.0,10.0,5.63,0.0,11.15,31.54
115,LBRDA.O,리버티 브로드밴드 시리즈 A,5,120,14,29,69,1.0,10.0,5.63,0.0,8.38,29.91
115,SBSI.O,사우스사이드 뱅크셰어스,5,120,14,29,69,1.0,10.0,5.63,0.0,10.87,28.92
115,OCFC.O,오션퍼스트 파이낸셜,5,120,14,29,69,1.0,10.0,5.63,0.0,7.92,30.72
115,CSGS.O,CSG 시스템즈인터내셔널,5,120,14,29,69,1.0,10.0,5.63,0.0,10.75,27.71
115,BUSE.O,퍼스트 뷰지,5,120,14,29,69,1.0,10.0,5.63,0.0,10.2,31.44
115,ROIC.O,리테일 오퍼튜니티 인베스트먼트,5,120,14,29,69,1.0,10.0,5.63,0.0,6.59,29.23
115,STBA.O,S&T 뱅코프,5,120,14,29,69,1.0,10.0,5.63,0.0,11.11,32.19
115,CLBK.O,콜롬비아 파이낸셜,5,120,14,29,69,1.0,10.0,5.63,49.61,7.36,29.22
115,WSBC.O,웨스뱅코,5,120,14,29,69,1.0,10.0,5.63,9.82,9.83,30.85
115,GCMG.O,GCM 그로스브너,5,120,14,29,69,1.0,10.0,5.63,0.0,5.66,29.75
115,TRMK.O,트러스트마크,5,120,14,29,69,1.0,10.0,5.63,0.0,8.02,29.11
115,NBTB.O,NBT 뱅코프,5,120,14,29,69,1.0,10.0,5.63,9.31,10.47,28.47
115,PRGS.O,프로그레스 소프트웨어,5,120,14,29,69,1.0,10.0,5.63,0.0,12.89,30.64
115,WERN.O,웨너 엔터프라이즈,5,120,14,29,69,1.0,10.0,5.63,0.0,8.57,27.61
115,IART.O,인테그라 라이프사이언시스 홀딩스,5,120,14,29,69,1.0,10.0,5.63,0.0,9.72,30.85
115,TOWN.O,타운뱅크,5,120,14,29,69,1.0,10.0,5.63,14.02,11.41,31.19
115,FFBC.O,퍼스트 파이낸셜 뱅코프,5,120,14,29,69,1.0,10.0,5.63,0.0,10.35,33.13
115,INDB.O,인디펜던트 뱅크 (매사추세츠),5,120,14,29,69,1.0,10.0,5.63,0.0,12.06,30.9
115,SFNC.O,시몬스 퍼스트 내셔널,5,120,14,29,69,1.0,10.0,5.63,18.32,8.87,32.24
115,CVBF.O,CVB 파이낸셜,5,120,14,29,69,1.0,10.0,5.63,0.0,10.14,31.66
115,CRWS.O,크라운 크래프츠,5,120,14,29,69,1.0,10.0,5.63,42.52,7.37,31.0
115,CSCO.O,시스코 시스템즈,5,120,14,29,69,1.0,10.0,5.63,19.4,9.05,25.93
115,CSCO.O,시스코 시스템즈,5,120,14,29,74,1.0,10.0,3.69,15.74,9.05,25.93
115,ARTNA.O,아르테시안 리소시스,5,120,14,29,74,1.0,10.0,3.69,0.0,9.07,26.07
115,UTMD.O,유타 메디컬 프로덕츠,5,120,14,29,74,1.0,10.0,3.69,0.0,12.66,30.8
115,BCML.O,베이컴,5,120,14,29,74,1.0,10.0,3.69,0.0,12.6,31.54
115,FLIC.O,퍼스트 오브 롱 아일랜드,5,120,14,29,74,1.0,10.0,3.69,0.0,6.07,30.71
115,VBNK.O,버사뱅크,5,120,14,29,74,1.0,10.0,3.69,31.59,8.13,29.25
115,SLMBP.O,SLM 우선주 시리즈 B,5,120,14,29,74,1.0,10.0,3.69,7.1,8.43,26.38
115,IRAAU.O,Iris Acquisition Units,5,120,14,29,74,1.0,10.0,3.69,0.0,10.38,26.14
115,FNLC.O,퍼스트 뱅코프,5,120,14,29,74,1.0,10.0,3.69,0.0,11.47,32.35
115,ACABU.O,Atlantic Coastal Acquisition II Units,5,120,14,29,74,1.0,10.0,3.69,0.0,7.48,26.4
115,NODK.O,NI 홀딩스,5,120,14,29,74,1.0,10.0,3.69,0.0,6.1,30.73
115,BMRC.O,뱅크 오브 마린 뱅코프,5,120,14,29,74,1.0,10.0,3.69,0.0,7.4,30.71
115,HBCP.O,홈 뱅코프,5,120,14,29,74,1.0,10.0,3.69,0.0,13.8,29.42
115,CARE.O,카터 뱅크셰어스,5,120,14,29,74,1.0,10.0,3.69,0.0,10.94,32.18
115,HONE.O,하버원 뱅코프,5,120,14,29,74,1.0,10.0,3.69,0.0,13.05,29.78
115,MOFG.O,미드웨스트원 파이낸셜 그룹,5,120,14,29,74,1.0,10.0,3.69,0.0,10.82,32.59
115,PFIS.O,피플스 파이낸셜 서비스,5,120,14,29,74,1.0,10.0,3.69,0.0,10.48,32.65
115,GAIN.O,글래드스톤 인베스트먼트,5,120,14,29,74,1.0,10.0,3.69,0.0,9.82,26.4
115,ITRN.O,이투란 로케이션 앤 콘트롤,5,120,14,29,74,1.0,10.0,3.69,0.0,9.0,30.29
115,AROW.O,애로우 파이낸셜,5,120,14,29,74,1.0,10.0,3.69,0.0,8.27,28.39
115,THFF.O,퍼스트 파이낸셜,5,120,14,29,74,1.0,10.0,3.69,0.0,8.38,28.09
115,WASH.O,워싱턴 트러스트 뱅코프,5,120,14,29,74,1.0,10.0,3.69,0.0,9.35,31.4
115,CASS.O,캐스 인포메이션 시스템즈,5,120,14,29,74,1.0,10.0,3.69,0.0,9.95,31.16
115,NFBK.O,노스필드 뱅코프,5,120,14,29,74,1.0,10.0,3.69,6.13,6.43,28.36
115,CATC.O,케임브리지 뱅코프,5,120,14,29,74,1.0,10.0,3.69,0.0,10.22,28.37
115,YORW.O,요크 워터,5,120,14,29,74,1.0,10.0,3.69,0.0,12.12,28.41
115,BPRN.O,뱅크 오브 프린스턴,5,120,14,29,74,1.0,10.0,3.69,0.0,9.38,33.05
115,NWFL.O,노우드 파이낸셜,5,120,14,29,74,1.0,10.0,3.69,0.0,10.26,31.89
115,RGCO.O,RGC 리소스,5,120,14,29,74,1.0,10.0,3.69,0.0,10.16,29.86
115,BCBP.O,BCB 뱅코프,5,120,14,29,74,1.0,10.0,3.69,61.51,9.24,30.5
115,PBBK.O,PB 뱅크셰어,5,120,14,29,74,1.0,10.0,3.69,0.0,9.17,25.53
115,CRWS.O,크라운 크래프츠,5,120,14,29,74,1.0,10.0,3.69,34.01,7.37,31.0
115,SELF.O,글로벌 셀프 스토리지,5,120,14,29,74,1.0,10.0,3.69,0.0,6.92,28.09
115,ICCH.O,ICC 홀딩스,5,120,14,29,74,1.0,10.0,3.69,0.0,11.15,30.77
115,LSBK.O,레이크 쇼어 뱅코프,5,120,14,29,74,1.0,10.0,3.69,0.0,7.09,26.55
115,HHGCU.O,HHG Capital Units,5,120,14,29,74,1.0,10.0,3.69,0.0,7.98,28.1
115,PROV.O,프로비던트 파이낸셜 홀딩스,5,120,14,29,74,1.0,10.0,3.69,-1.27,10.62,27.22
115,ACACU.O,Acri Capital Acquisition Units,5,120,14,29,74,1.0,10.0,3.69,0.0,10.52,25.31
115,SPKLU.O,Spark I Acquisition Units,5,120,14,29,74,1.0,10.0,3.69,0.0,8.19,27.97
115,LARK.O,랜드마크 뱅코프,5,120,14,29,74,1.0,10.0,3.69,0.0,10.46,30.51
115,GLSTU.O,Global Star Acquisition Units,5,120,14,29,74,1.0,10.0,3.69,0.0,11.45,32.3
115,WINVU.O,WinVest Acquisition Units,5,120,14,29,74,1.0,10.0,3.69,0.0,11.55,29.96
115,CBFV.O,CB 파이낸셜 서비스,5,120,14,29,74,1.0,10.0,3.69,0.0,7.07,28.07
115,MRBK.O,메리디안,5,120,14,29,74,1.0,10.0,3.69,0.0,9.41,33.02
115,FRAF.O,프랭클린 파이낸셜 서비스,5,120,14,29,74,1.0,10.0,3.69,11.99,8.08,27.71
115,CZWI.O,시티즌스 커뮤니티 뱅코프,5,120,14,29,74,1.0,10.0,3.69,0.0,13.18,28.84
115,GLLIU.O,Globalink Investment Units,5,120,14,29,74,1.0,10.0,3.69,0.0,10.4,32.91
115,BFIN.O,뱅크파이낸셜,5,120,14,29,74,1.0,10.0,3.69,2.99,7.21,30.49
115,WAVSU.O,Western Acquisition Ventures Units,5,120,14,29,74,1.0,10.0,3.69,0.0,8.16,29.75
115,MSSAU.O,Metal Sky Star Acquisition Units,5,120,14,29,74,1.0,10.0,3.69,0.0,9.24,25.99
115,ESSA.O,ESSA 뱅코프,5,120,14,29,74,1.0,10.0,3.69,0.0,7.75,28.89
115,VABK.O,버지니아 내셔널 뱅크셰어,5,120,14,29,74,1.0,10.0,3.69,0.0,8.63,30.78
115,BWFG.O,뱅크웰 파이낸셜 그룹,5,120,14,29,74,1.0,10.0,3.69,21.5,8.91,29.41
115,CAC.O,캠던 내셔널,5,120,14,29,74,1.0,10.0,3.69,0.0,10.47,31.2
115,TRST.O,트러스트코 은행 N Y,5,120,14,29,74,1.0,10.0,3.69,19.17,6.07,29.58
115,INTC.O,인텔,5,120,14,29,74,1.0,10.0,3.69,0.0,8.11,30.6
115,GNTX.O,젠텍스,5,120,14,29,74,1.0,10.0,3.69,0.0,13.91,29.6
115,FIBK.O,퍼스트 인터스테이트 뱅크시스템,5,120,14,29,74,1.0,10.0,3.69,0.0,10.42,31.05
115,FULT.O,풀턴 파이낸셜,5,120,14,29,74,1.0,10.0,3.69,18.48,10.14,31.11
115,LBTYK.O,리버티 글로벌 Class C,5,120,14,29,74,1.0,10.0,3.69,0.0,8.66,29.05
115,PECO.O,필립스 에디슨 & 코,5,120,14,29,74,1.0,10.0,3.69,0.0,10.22,25.08
115,AVT.O,에이브이넷,5,120,14,29,74,1.0,10.0,3.69,0.0,10.14,29.6
115,UMBF.O,UMB 파이낸셜,5,120,14,29,74,1.0,10.0,3.69,0.0,12.73,31.3
115,UBSI.O,유나이티드 뱅크셰어스(Nasdaq GS),5,120,14,29,74,1.0,10.0,3.69,3.81,8.26,31.06
115,NWS.O,뉴스 코퍼레이션 Class B,5,120,14,29,74,1.0,10.0,3.69,0.0,10.08,29.0
115,ONB.O,올드 내셔널 뱅코프,5,120,14,29,74,1.0,10.0,3.69,0.0,9.39,29.06
115,BOKF.O,BOK 파이낸셜,5,120,14,29,74,1.0,10.0,3.69,0.0,10.73,30.63
115,LBRDK.O,리버티 브로드밴드 시리즈 C,5,120,14,29,74,1.0,10.0,3.69,0.0,8.56,29.81
115,CBSH.O,커머스 뱅크셰어스,5,120,14,29,74,1.0,10.0,3.69,0.0,10.94,24.71
115,HFWA.O,헤리티지 파이낸셜,5,120,14,29,74,1.0,10.0,3.69,14.81,8.62,31.66
115,OTEX.O,오픈 텍스트,5,120,14,29,74,1.0,10.0,3.69,0.0,13.32,29.18
115,SEIC.O,SEI 인베스트먼트,5,120,14,29,74,1.0,10.0,3.69,0.0,11.93,25.92
115,HAS.O,해즈브로,5,120,14,29,74,1.0,10.0,3.69,0.0,7.83,30.05
115,NWSA.O,뉴스 코퍼레이션 Class A,5,120,14,29,74,1.0,10.0,3.69,0.0,9.64,29.14
115,REG.O,리젠시 센터스,5,120,14,29,74,1.0,10.0,3.69,9.89,8.76,28.11
115,GLPI.O,게이밍 앤드 레저 프로퍼티스,5,120,14,29,74,1.0,10.0,3.69,4.69,6.77,29.67
115,NTRS.O,노던 트러스트,5,120,14,29,74,1.0,10.0,3.69,0.0,8.6,28.01
115,TROW.O,티 로웨 프라이스 그룹,5,120,14,29,74,1.0,10.0,3.69,0.0,10.77,28.47
115,CCEP.O,코카-콜라 유로퍼시픽 파트너스,5,120,14,29,74,1.0,10.0,3.69,0.0,11.58,24.49
115,CTSH.O,코그니전트 테크놀로지 솔루션,5,120,14,29,74,1.0,10.0,3.69,0.0,12.19,29.0
115,PCAR.O,파카,5,120,14,29,74,1.0,10.0,3.69,0.0,11.78,27.71
115,PCH.O,포틀래치델틱,5,120,14,29,74,1.0,10.0,3.69,0.0,6.78,30.39
115,LBTYA.O,리버티 글로벌 Class A,5,120,14,29,74,1.0,10.0,3.69,0.0,8.36,29.79
115,WAFD.O,WaFd,5,120,14,29,74,1.0,10.0,3.69,0.0,10.16,28.58
115,CVBF.O,CVB 파이낸셜,5,120,14,29,74,1.0,10.0,3.69,0.0,10.14,31.66
115,UVSP.O,유니베스트 파이낸셜,5,120,14,29,74,1.0,10.0,3.69,12.65,8.74,31.52
115,LLYVA.O,리버티 미디어 Series A,5,120,14,29,74,1.0,10.0,3.69,0.0,8.0,31.72
115,CTBI.O,커뮤니티 트러스트 뱅코프,5,120,14,29,74,1.0,10.0,3.69,34.41,9.43,27.12
115,FMBH.O,퍼스트미드 뱅크셰어스,5,120,14,29,74,1.0,10.0,3.69,0.0,11.15,31.54
115,LBRDA.O,리버티 브로드밴드 시리즈 A,5,120,14,29,74,1.0,10.0,3.69,0.0,8.38,29.91
115,SBSI.O,사우스사이드 뱅크셰어스,5,120,14,29,74,1.0,10.0,3.69,0.0,10.87,28.92
115,OCFC.O,오션퍼스트 파이낸셜,5,120,14,29,74,1.0,10.0,3.69,0.0,7.92,30.72
115,CSGS.O,CSG 시스템즈인터내셔널,5,120,14,29,74,1.0,10.0,3.69,0.0,10.75,27.71
115,BUSE.O,퍼스트 뷰지,5,120,14,29,74,1.0,10.0,3.69,0.0,10.2,31.44
115,ROIC.O,리테일 오퍼튜니티 인베스트먼트,5,120,14,29,74,1.0,10.0,3.69,0.0,6.59,29.23
115,STBA.O,S&T 뱅코프,5,120,14,29,74,1.0,10.0,3.69,0.0,11.11,32.19
115,CLBK.O,콜롬비아 파이낸셜,5,120,14,29,74,1.0,10.0,3.69,9.85,7.36,29.22
115,WSBC.O,웨스뱅코,5,120,14,29,74,1.0,10.0,3.69,9.82,9.83,30.85
115,GCMG.O,GCM 그로스브너,5,120,14,29,74,1.0,10.0,3.69,0.0,5.66,29.75
115,TRMK.O,트러스트마크,5,120,14,29,74,1.0,10.0,3.69,0.0,8.02,29.11
115,NBTB.O,NBT 뱅코프,5,120,14,29,74,1.0,10.0,3.69,12.11,10.47,28.47
115,PRGS.O,프로그레스 소프트웨어,5,120,14,29,74,1.0,10.0,3.69,0.0,12.89,30.64
115,WERN.O,웨너 엔터프라이즈,5,120,14,29,74,1.0,10.0,3.69,0.0,8.57,27.61
115,IART.O,인테그라 라이프사이언시스 홀딩스,5,120,14,29,74,1.0,10.0,3.69,0.0,9.72,30.85
115,TOWN.O,타운뱅크,5,120,14,29,74,1.0,10.0,3.69,14.02,11.41,31.19
115,FFBC.O,퍼스트 파이낸셜 뱅코프,5,120,14,29,74,1.0,10.0,3.69,0.0,10.35,33.13
115,INDB.O,인디펜던트 뱅크 (매사추세츠),5,120,14,29,74,1.0,10.0,3.69,0.0,12.06,30.9
115,SFNC.O,시몬스 퍼스트 내셔널,5,120,14,29,74,1.0,10.0,3.69,20.68,8.87,32.24
115,GSBC.O,그레이트 서던 뱅코프,5,120,14,29,74,1.0,10.0,3.69,26.25,13.76,30.39
