Cluster,Symbol,Name,MA_Short_Window,MA_Long_Window,RSI_Window,RSI_Buy_Threshold,RSI_Sell_Threshold,Stop_Loss_Percent,Take_Profit_Percent,Average_Return,Symbol_sim_return,Return,Std Dev
111,EWZ,Ishares Msci Brazil ETF,5,120,14,29,54,1.0,10.0,20.88,86.85,-0.46,33.74
111,ISHP.O,First Trust S-Network E-Commerce ETF,5,120,14,29,54,1.0,10.0,20.88,0.0,0.46,32.68
111,IRET.K,iREIT MarketVector Quality REIT Index ETF,5,120,14,29,54,1.0,10.0,20.88,15.26,-4.17,34.6
111,GERM.K,Amplify Treatments Testing And Advancements ETF,5,120,14,29,54,1.0,10.0,20.88,0.0,-1.65,31.6
111,GBUY.K,Goldman Sachs Future Consumer Equity ETF,5,120,14,29,54,1.0,10.0,20.88,0.0,-0.88,36.16
111,CNCR.O,Range Cancer Therapeutics ETF,5,120,14,29,54,1.0,10.0,20.88,0.0,-0.53,33.74
111,AWAY.K,Amplify Travel Tech ETF,5,120,14,29,54,1.0,10.0,20.88,0.0,0.75,34.41
111,DAT,ProShares Big Data Refiners ETF,5,120,14,29,54,1.0,10.0,20.88,36.71,0.74,35.16
111,KURE.K,KraneShares MSCI All China Health Care Index ETF,5,120,14,29,54,1.0,10.0,20.88,0.0,-3.51,32.73
111,KGRN.K,KraneShares MSCI China Clean Technology Index ETF,5,120,14,29,54,1.0,10.0,20.88,7.96,2.25,33.1
111,GNOM.O,Global X Genomics And Biotechnology ETF,5,120,14,29,54,1.0,10.0,20.88,0.0,0.28,35.38
111,BRF,VanEck Brazil Small-Cap ETF,5,120,14,29,54,1.0,10.0,20.88,75.17,-3.03,32.55
111,OILK.K,ProShares K-1 Free Crude Oil Strategy ETF,5,120,14,29,54,1.0,10.0,20.88,0.0,-2.24,38.48
111,FLBR.K,Franklin FTSE Brazil ETF,5,120,14,29,54,1.0,10.0,20.88,0.0,0.75,35.18
111,EWZS.O,iShares MSCI Brazil Small-Cap ETF,5,120,14,29,54,1.0,10.0,20.88,79.13,0.55,34.1
111,PBW,Invesco WilderHill Clean Energy ETF,5,120,14,29,54,1.0,10.0,20.88,72.95,0.76,34.46
111,URA,Global X Uranium ETF,5,120,14,29,54,1.0,10.0,20.88,-17.06,-3.25,34.98
111,MVPS.K,Amplify Thematic All-Stars ETF,5,120,14,29,54,1.0,10.0,20.88,25.39,-1.05,31.56
111,USO,United States Oil Fund LP,5,120,14,29,54,1.0,10.0,20.88,14.27,-2.4,35.7
111,EWZS.O,iShares MSCI Brazil Small-Cap ETF,5,120,14,29,64,1.0,10.0,17.25,66.07,0.55,34.1
111,CNCR.O,Range Cancer Therapeutics ETF,5,120,14,29,64,1.0,10.0,17.25,0.0,-0.53,33.74
111,PBW,Invesco WilderHill Clean Energy ETF,5,120,14,29,64,1.0,10.0,17.25,61.51,0.76,34.46
111,USO,United States Oil Fund LP,5,120,14,29,64,1.0,10.0,17.25,0.21,-2.4,35.7
111,URA,Global X Uranium ETF,5,120,14,29,64,1.0,10.0,17.25,-12.8,-3.25,34.98
111,ISHP.O,First Trust S-Network E-Commerce ETF,5,120,14,29,64,1.0,10.0,17.25,0.0,0.46,32.68
111,MVPS.K,Amplify Thematic All-Stars ETF,5,120,14,29,64,1.0,10.0,17.25,17.85,-1.05,31.56
111,IRET.K,iREIT MarketVector Quality REIT Index ETF,5,120,14,29,64,1.0,10.0,17.25,21.08,-4.17,34.6
111,GERM.K,Amplify Treatments Testing And Advancements ETF,5,120,14,29,64,1.0,10.0,17.25,0.0,-1.65,31.6
111,GBUY.K,Goldman Sachs Future Consumer Equity ETF,5,120,14,29,64,1.0,10.0,17.25,0.0,-0.88,36.16
111,EWZ,Ishares Msci Brazil ETF,5,120,14,29,64,1.0,10.0,17.25,38.5,-0.46,33.74
111,AWAY.K,Amplify Travel Tech ETF,5,120,14,29,64,1.0,10.0,17.25,0.0,0.75,34.41
111,KURE.K,KraneShares MSCI All China Health Care Index ETF,5,120,14,29,64,1.0,10.0,17.25,0.0,-3.51,32.73
111,KGRN.K,KraneShares MSCI China Clean Technology Index ETF,5,120,14,29,64,1.0,10.0,17.25,22.97,2.25,33.1
111,GNOM.O,Global X Genomics And Biotechnology ETF,5,120,14,29,64,1.0,10.0,17.25,0.0,0.28,35.38
111,BRF,VanEck Brazil Small-Cap ETF,5,120,14,29,64,1.0,10.0,17.25,63.8,-3.03,32.55
111,OILK.K,ProShares K-1 Free Crude Oil Strategy ETF,5,120,14,29,64,1.0,10.0,17.25,0.0,-2.24,38.48
111,DAT,ProShares Big Data Refiners ETF,5,120,14,29,64,1.0,10.0,17.25,48.59,0.74,35.16
111,FLBR.K,Franklin FTSE Brazil ETF,5,120,14,29,64,1.0,10.0,17.25,0.0,0.75,35.18
111,KURE.K,KraneShares MSCI All China Health Care Index ETF,5,120,14,29,59,1.0,10.0,17.12,0.0,-3.51,32.73
111,URA,Global X Uranium ETF,5,120,14,29,59,1.0,10.0,17.12,-14.55,-3.25,34.98
111,PBW,Invesco WilderHill Clean Energy ETF,5,120,14,29,59,1.0,10.0,17.12,61.51,0.76,34.46
111,EWZS.O,iShares MSCI Brazil Small-Cap ETF,5,120,14,29,59,1.0,10.0,17.12,59.33,0.55,34.1
111,FLBR.K,Franklin FTSE Brazil ETF,5,120,14,29,59,1.0,10.0,17.12,0.0,0.75,35.18
111,OILK.K,ProShares K-1 Free Crude Oil Strategy ETF,5,120,14,29,59,1.0,10.0,17.12,0.0,-2.24,38.48
111,BRF,VanEck Brazil Small-Cap ETF,5,120,14,29,59,1.0,10.0,17.12,59.13,-3.03,32.55
111,GNOM.O,Global X Genomics And Biotechnology ETF,5,120,14,29,59,1.0,10.0,17.12,0.0,0.28,35.38
111,CNCR.O,Range Cancer Therapeutics ETF,5,120,14,29,59,1.0,10.0,17.12,0.0,-0.53,33.74
111,DAT,ProShares Big Data Refiners ETF,5,120,14,29,59,1.0,10.0,17.12,48.59,0.74,35.16
111,AWAY.K,Amplify Travel Tech ETF,5,120,14,29,59,1.0,10.0,17.12,0.0,0.75,34.41
111,GBUY.K,Goldman Sachs Future Consumer Equity ETF,5,120,14,29,59,1.0,10.0,17.12,0.0,-0.88,36.16
111,GERM.K,Amplify Treatments Testing And Advancements ETF,5,120,14,29,59,1.0,10.0,17.12,0.0,-1.65,31.6
111,IRET.K,iREIT MarketVector Quality REIT Index ETF,5,120,14,29,59,1.0,10.0,17.12,14.93,-4.17,34.6
111,MVPS.K,Amplify Thematic All-Stars ETF,5,120,14,29,59,1.0,10.0,17.12,17.85,-1.05,31.56
111,ISHP.O,First Trust S-Network E-Commerce ETF,5,120,14,29,59,1.0,10.0,17.12,0.0,0.46,32.68
111,EWZ,Ishares Msci Brazil ETF,5,120,14,29,59,1.0,10.0,17.12,38.29,-0.46,33.74
111,USO,United States Oil Fund LP,5,120,14,29,59,1.0,10.0,17.12,17.32,-2.4,35.7
111,KGRN.K,KraneShares MSCI China Clean Technology Index ETF,5,120,14,29,59,1.0,10.0,17.12,22.97,2.25,33.1
111,URA,Global X Uranium ETF,5,120,14,34,54,1.0,10.0,9.44,-17.06,-3.25,34.98
111,FLBR.K,Franklin FTSE Brazil ETF,5,120,14,34,54,1.0,10.0,9.44,0.0,0.75,35.18
111,PBW,Invesco WilderHill Clean Energy ETF,5,120,14,34,54,1.0,10.0,9.44,3.89,0.76,34.46
111,OILK.K,ProShares K-1 Free Crude Oil Strategy ETF,5,120,14,34,54,1.0,10.0,9.44,4.36,-2.24,38.48
111,BRF,VanEck Brazil Small-Cap ETF,5,120,14,34,54,1.0,10.0,9.44,75.17,-3.03,32.55
111,GNOM.O,Global X Genomics And Biotechnology ETF,5,120,14,34,54,1.0,10.0,9.44,-10.7,0.28,35.38
111,KGRN.K,KraneShares MSCI China Clean Technology Index ETF,5,120,14,34,54,1.0,10.0,9.44,4.59,2.25,33.1
111,KURE.K,KraneShares MSCI All China Health Care Index ETF,5,120,14,34,54,1.0,10.0,9.44,-21.84,-3.51,32.73
111,DAT,ProShares Big Data Refiners ETF,5,120,14,34,54,1.0,10.0,9.44,36.71,0.74,35.16
111,AWAY.K,Amplify Travel Tech ETF,5,120,14,34,54,1.0,10.0,9.44,0.0,0.75,34.41
111,CNCR.O,Range Cancer Therapeutics ETF,5,120,14,34,54,1.0,10.0,9.44,1.46,-0.53,33.74
111,GBUY.K,Goldman Sachs Future Consumer Equity ETF,5,120,14,34,54,1.0,10.0,9.44,0.0,-0.88,36.16
111,GERM.K,Amplify Treatments Testing And Advancements ETF,5,120,14,34,54,1.0,10.0,9.44,0.0,-1.65,31.6
111,EWZ,Ishares Msci Brazil ETF,5,120,14,34,54,1.0,10.0,9.44,5.44,-0.46,33.74
111,USO,United States Oil Fund LP,5,120,14,34,54,1.0,10.0,9.44,6.89,-2.4,35.7
111,ISHP.O,First Trust S-Network E-Commerce ETF,5,120,14,34,54,1.0,10.0,9.44,0.0,0.46,32.68
111,MVPS.K,Amplify Thematic All-Stars ETF,5,120,14,34,54,1.0,10.0,9.44,12.66,-1.05,31.56
111,IRET.K,iREIT MarketVector Quality REIT Index ETF,5,120,14,34,54,1.0,10.0,9.44,-1.32,-4.17,34.6
111,EWZS.O,iShares MSCI Brazil Small-Cap ETF,5,120,14,34,54,1.0,10.0,9.44,79.13,0.55,34.1
111,GBUY.K,Goldman Sachs Future Consumer Equity ETF,5,120,14,34,59,1.0,10.0,8.69,0.0,-0.88,36.16
111,ISHP.O,First Trust S-Network E-Commerce ETF,5,120,14,34,59,1.0,10.0,8.69,0.0,0.46,32.68
111,MVPS.K,Amplify Thematic All-Stars ETF,5,120,14,34,59,1.0,10.0,8.69,9.62,-1.05,31.56
111,BRF,VanEck Brazil Small-Cap ETF,5,120,14,34,59,1.0,10.0,8.69,59.13,-3.03,32.55
111,GERM.K,Amplify Treatments Testing And Advancements ETF,5,120,14,34,59,1.0,10.0,8.69,0.0,-1.65,31.6
111,CNCR.O,Range Cancer Therapeutics ETF,5,120,14,34,59,1.0,10.0,8.69,-7.27,-0.53,33.74
111,AWAY.K,Amplify Travel Tech ETF,5,120,14,34,59,1.0,10.0,8.69,0.0,0.75,34.41
111,DAT,ProShares Big Data Refiners ETF,5,120,14,34,59,1.0,10.0,8.69,48.59,0.74,35.16
111,KURE.K,KraneShares MSCI All China Health Care Index ETF,5,120,14,34,59,1.0,10.0,8.69,-21.84,-3.51,32.73
111,KGRN.K,KraneShares MSCI China Clean Technology Index ETF,5,120,14,34,59,1.0,10.0,8.69,17.88,2.25,33.1
111,GNOM.O,Global X Genomics And Biotechnology ETF,5,120,14,34,59,1.0,10.0,8.69,-10.7,0.28,35.38
111,OILK.K,ProShares K-1 Free Crude Oil Strategy ETF,5,120,14,34,59,1.0,10.0,8.69,4.36,-2.24,38.48
111,FLBR.K,Franklin FTSE Brazil ETF,5,120,14,34,59,1.0,10.0,8.69,0.0,0.75,35.18
111,EWZS.O,iShares MSCI Brazil Small-Cap ETF,5,120,14,34,59,1.0,10.0,8.69,59.33,0.55,34.1
111,PBW,Invesco WilderHill Clean Energy ETF,5,120,14,34,59,1.0,10.0,8.69,10.56,0.76,34.46
111,URA,Global X Uranium ETF,5,120,14,34,59,1.0,10.0,8.69,-14.55,-3.25,34.98
111,USO,United States Oil Fund LP,5,120,14,34,59,1.0,10.0,8.69,12.17,-2.4,35.7
111,EWZ,Ishares Msci Brazil ETF,5,120,14,34,59,1.0,10.0,8.69,-3.67,-0.46,33.74
111,IRET.K,iREIT MarketVector Quality REIT Index ETF,5,120,14,34,59,1.0,10.0,8.69,1.59,-4.17,34.6
111,USO,United States Oil Fund LP,5,120,14,34,64,1.0,10.0,8.56,-8.96,-2.4,35.7
111,EWZ,Ishares Msci Brazil ETF,5,120,14,34,64,1.0,10.0,8.56,-0.93,-0.46,33.74
111,GNOM.O,Global X Genomics And Biotechnology ETF,5,120,14,34,64,1.0,10.0,8.56,-10.7,0.28,35.38
111,KURE.K,KraneShares MSCI All China Health Care Index ETF,5,120,14,34,64,1.0,10.0,8.56,-21.84,-3.51,32.73
111,ISHP.O,First Trust S-Network E-Commerce ETF,5,120,14,34,64,1.0,10.0,8.56,0.0,0.46,32.68
111,EWZS.O,iShares MSCI Brazil Small-Cap ETF,5,120,14,34,64,1.0,10.0,8.56,66.07,0.55,34.1
111,FLBR.K,Franklin FTSE Brazil ETF,5,120,14,34,64,1.0,10.0,8.56,0.0,0.75,35.18
111,OILK.K,ProShares K-1 Free Crude Oil Strategy ETF,5,120,14,34,64,1.0,10.0,8.56,4.36,-2.24,38.48
111,BRF,VanEck Brazil Small-Cap ETF,5,120,14,34,64,1.0,10.0,8.56,63.8,-3.03,32.55
111,URA,Global X Uranium ETF,5,120,14,34,64,1.0,10.0,8.56,-12.8,-3.25,34.98
111,KGRN.K,KraneShares MSCI China Clean Technology Index ETF,5,120,14,34,64,1.0,10.0,8.56,17.88,2.25,33.1
111,PBW,Invesco WilderHill Clean Energy ETF,5,120,14,34,64,1.0,10.0,8.56,10.56,0.76,34.46
111,DAT,ProShares Big Data Refiners ETF,5,120,14,34,64,1.0,10.0,8.56,48.59,0.74,35.16
111,AWAY.K,Amplify Travel Tech ETF,5,120,14,34,64,1.0,10.0,8.56,0.0,0.75,34.41
111,CNCR.O,Range Cancer Therapeutics ETF,5,120,14,34,64,1.0,10.0,8.56,-7.27,-0.53,33.74
111,GBUY.K,Goldman Sachs Future Consumer Equity ETF,5,120,14,34,64,1.0,10.0,8.56,0.0,-0.88,36.16
111,GERM.K,Amplify Treatments Testing And Advancements ETF,5,120,14,34,64,1.0,10.0,8.56,0.0,-1.65,31.6
111,IRET.K,iREIT MarketVector Quality REIT Index ETF,5,120,14,34,64,1.0,10.0,8.56,4.2,-4.17,34.6
111,MVPS.K,Amplify Thematic All-Stars ETF,5,120,14,34,64,1.0,10.0,8.56,9.62,-1.05,31.56
111,URA,Global X Uranium ETF,5,60,14,29,59,1.0,10.0,6.67,-13.82,-3.25,34.98
111,PBW,Invesco WilderHill Clean Energy ETF,5,60,14,29,59,1.0,10.0,6.67,11.23,0.76,34.46
111,EWZS.O,iShares MSCI Brazil Small-Cap ETF,5,60,14,29,59,1.0,10.0,6.67,9.29,0.55,34.1
111,FLBR.K,Franklin FTSE Brazil ETF,5,60,14,29,59,1.0,10.0,6.67,0.0,0.75,35.18
111,OILK.K,ProShares K-1 Free Crude Oil Strategy ETF,5,60,14,29,59,1.0,10.0,6.67,6.58,-2.24,38.48
111,BRF,VanEck Brazil Small-Cap ETF,5,60,14,29,59,1.0,10.0,6.67,-12.84,-3.03,32.55
111,GNOM.O,Global X Genomics And Biotechnology ETF,5,60,14,29,59,1.0,10.0,6.67,9.41,0.28,35.38
111,ISHP.O,First Trust S-Network E-Commerce ETF,5,60,14,29,59,1.0,10.0,6.67,0.0,0.46,32.68
111,GERM.K,Amplify Treatments Testing And Advancements ETF,5,60,14,29,59,1.0,10.0,6.67,0.0,-1.65,31.6
111,KGRN.K,KraneShares MSCI China Clean Technology Index ETF,5,60,14,29,59,1.0,10.0,6.67,22.87,2.25,33.1
111,KURE.K,KraneShares MSCI All China Health Care Index ETF,5,60,14,29,59,1.0,10.0,6.67,0.0,-3.51,32.73
111,DAT,ProShares Big Data Refiners ETF,5,60,14,29,59,1.0,10.0,6.67,48.13,0.74,35.16
111,AWAY.K,Amplify Travel Tech ETF,5,60,14,29,59,1.0,10.0,6.67,0.0,0.75,34.41
111,CNCR.O,Range Cancer Therapeutics ETF,5,60,14,29,59,1.0,10.0,6.67,-1.96,-0.53,33.74
111,GBUY.K,Goldman Sachs Future Consumer Equity ETF,5,60,14,29,59,1.0,10.0,6.67,0.0,-0.88,36.16
111,EWZ,Ishares Msci Brazil ETF,5,60,14,29,59,1.0,10.0,6.67,-6.74,-0.46,33.74
111,IRET.K,iREIT MarketVector Quality REIT Index ETF,5,60,14,29,59,1.0,10.0,6.67,18.7,-4.17,34.6
111,MVPS.K,Amplify Thematic All-Stars ETF,5,60,14,29,59,1.0,10.0,6.67,19.71,-1.05,31.56
111,USO,United States Oil Fund LP,5,60,14,29,59,1.0,10.0,6.67,16.16,-2.4,35.7
111,ISHP.O,First Trust S-Network E-Commerce ETF,5,60,14,29,64,1.0,10.0,6.39,0.0,0.46,32.68
111,USO,United States Oil Fund LP,5,60,14,29,64,1.0,10.0,6.39,-7.09,-2.4,35.7
111,URA,Global X Uranium ETF,5,60,14,29,64,1.0,10.0,6.39,-12.06,-3.25,34.98
111,EWZ,Ishares Msci Brazil ETF,5,60,14,29,64,1.0,10.0,6.39,-4.73,-0.46,33.74
111,MVPS.K,Amplify Thematic All-Stars ETF,5,60,14,29,64,1.0,10.0,6.39,19.71,-1.05,31.56
111,IRET.K,iREIT MarketVector Quality REIT Index ETF,5,60,14,29,64,1.0,10.0,6.39,24.68,-4.17,34.6
111,GERM.K,Amplify Treatments Testing And Advancements ETF,5,60,14,29,64,1.0,10.0,6.39,0.0,-1.65,31.6
111,GBUY.K,Goldman Sachs Future Consumer Equity ETF,5,60,14,29,64,1.0,10.0,6.39,0.0,-0.88,36.16
111,CNCR.O,Range Cancer Therapeutics ETF,5,60,14,29,64,1.0,10.0,6.39,-1.96,-0.53,33.74
111,AWAY.K,Amplify Travel Tech ETF,5,60,14,29,64,1.0,10.0,6.39,0.0,0.75,34.41
111,DAT,ProShares Big Data Refiners ETF,5,60,14,29,64,1.0,10.0,6.39,48.13,0.74,35.16
111,KURE.K,KraneShares MSCI All China Health Care Index ETF,5,60,14,29,64,1.0,10.0,6.39,0.0,-3.51,32.73
111,GNOM.O,Global X Genomics And Biotechnology ETF,5,60,14,29,64,1.0,10.0,6.39,9.41,0.28,35.38
111,BRF,VanEck Brazil Small-Cap ETF,5,60,14,29,64,1.0,10.0,6.39,-10.62,-3.03,32.55
111,OILK.K,ProShares K-1 Free Crude Oil Strategy ETF,5,60,14,29,64,1.0,10.0,6.39,6.58,-2.24,38.48
111,FLBR.K,Franklin FTSE Brazil ETF,5,60,14,29,64,1.0,10.0,6.39,0.0,0.75,35.18
111,EWZS.O,iShares MSCI Brazil Small-Cap ETF,5,60,14,29,64,1.0,10.0,6.39,15.21,0.55,34.1
111,PBW,Invesco WilderHill Clean Energy ETF,5,60,14,29,64,1.0,10.0,6.39,11.23,0.76,34.46
111,KGRN.K,KraneShares MSCI China Clean Technology Index ETF,5,60,14,29,64,1.0,10.0,6.39,22.87,2.25,33.1
111,BRF,VanEck Brazil Small-Cap ETF,5,60,14,29,54,1.0,10.0,6.39,-15.38,-3.03,32.55
111,ISHP.O,First Trust S-Network E-Commerce ETF,5,60,14,29,54,1.0,10.0,6.39,0.0,0.46,32.68
111,GNOM.O,Global X Genomics And Biotechnology ETF,5,60,14,29,54,1.0,10.0,6.39,9.41,0.28,35.38
111,MVPS.K,Amplify Thematic All-Stars ETF,5,60,14,29,54,1.0,10.0,6.39,27.89,-1.05,31.56
111,USO,United States Oil Fund LP,5,60,14,29,54,1.0,10.0,6.39,11.26,-2.4,35.7
111,URA,Global X Uranium ETF,5,60,14,29,54,1.0,10.0,6.39,-16.31,-3.25,34.98
111,PBW,Invesco WilderHill Clean Energy ETF,5,60,14,29,54,1.0,10.0,6.39,4.89,0.76,34.46
111,EWZS.O,iShares MSCI Brazil Small-Cap ETF,5,60,14,29,54,1.0,10.0,6.39,4.48,0.55,34.1
111,FLBR.K,Franklin FTSE Brazil ETF,5,60,14,29,54,1.0,10.0,6.39,0.0,0.75,35.18
111,OILK.K,ProShares K-1 Free Crude Oil Strategy ETF,5,60,14,29,54,1.0,10.0,6.39,6.58,-2.24,38.48
111,EWZ,Ishares Msci Brazil ETF,5,60,14,29,54,1.0,10.0,6.39,13.88,-0.46,33.74
111,KURE.K,KraneShares MSCI All China Health Care Index ETF,5,60,14,29,54,1.0,10.0,6.39,0.0,-3.51,32.73
111,GERM.K,Amplify Treatments Testing And Advancements ETF,5,60,14,29,54,1.0,10.0,6.39,0.0,-1.65,31.6
111,DAT,ProShares Big Data Refiners ETF,5,60,14,29,54,1.0,10.0,6.39,37.55,0.74,35.16
111,IRET.K,iREIT MarketVector Quality REIT Index ETF,5,60,14,29,54,1.0,10.0,6.39,20.88,-4.17,34.6
111,KGRN.K,KraneShares MSCI China Clean Technology Index ETF,5,60,14,29,54,1.0,10.0,6.39,7.99,2.25,33.1
111,GBUY.K,Goldman Sachs Future Consumer Equity ETF,5,60,14,29,54,1.0,10.0,6.39,0.0,-0.88,36.16
111,AWAY.K,Amplify Travel Tech ETF,5,60,14,29,54,1.0,10.0,6.39,0.0,0.75,34.41
111,CNCR.O,Range Cancer Therapeutics ETF,5,60,14,29,54,1.0,10.0,6.39,8.31,-0.53,33.74
111,KURE.K,KraneShares MSCI All China Health Care Index ETF,5,120,14,29,79,1.0,10.0,5.45,0.0,-3.51,32.73
111,EWZS.O,iShares MSCI Brazil Small-Cap ETF,5,120,14,29,79,1.0,10.0,5.45,5.69,0.55,34.1
111,FLBR.K,Franklin FTSE Brazil ETF,5,120,14,29,79,1.0,10.0,5.45,0.0,0.75,35.18
111,OILK.K,ProShares K-1 Free Crude Oil Strategy ETF,5,120,14,29,79,1.0,10.0,5.45,0.0,-2.24,38.48
111,BRF,VanEck Brazil Small-Cap ETF,5,120,14,29,79,1.0,10.0,5.45,2.59,-3.03,32.55
111,GNOM.O,Global X Genomics And Biotechnology ETF,5,120,14,29,79,1.0,10.0,5.45,0.0,0.28,35.38
111,KGRN.K,KraneShares MSCI China Clean Technology Index ETF,5,120,14,29,79,1.0,10.0,5.45,48.98,2.25,33.1
111,DAT,ProShares Big Data Refiners ETF,5,120,14,29,79,1.0,10.0,5.45,28.97,0.74,35.16
111,AWAY.K,Amplify Travel Tech ETF,5,120,14,29,79,1.0,10.0,5.45,0.0,0.75,34.41
111,CNCR.O,Range Cancer Therapeutics ETF,5,120,14,29,79,1.0,10.0,5.45,0.0,-0.53,33.74
111,GERM.K,Amplify Treatments Testing And Advancements ETF,5,120,14,29,79,1.0,10.0,5.45,0.0,-1.65,31.6
111,IRET.K,iREIT MarketVector Quality REIT Index ETF,5,120,14,29,79,1.0,10.0,5.45,-9.64,-4.17,34.6
111,MVPS.K,Amplify Thematic All-Stars ETF,5,120,14,29,79,1.0,10.0,5.45,17.85,-1.05,31.56
111,ISHP.O,First Trust S-Network E-Commerce ETF,5,120,14,29,79,1.0,10.0,5.45,0.0,0.46,32.68
111,GBUY.K,Goldman Sachs Future Consumer Equity ETF,5,120,14,29,79,1.0,10.0,5.45,0.0,-0.88,36.16
111,USO,United States Oil Fund LP,5,120,14,29,79,1.0,10.0,5.45,-0.95,-2.4,35.7
111,EWZ,Ishares Msci Brazil ETF,5,120,14,29,79,1.0,10.0,5.45,1.37,-0.46,33.74
111,URA,Global X Uranium ETF,5,120,14,29,79,1.0,10.0,5.45,-6.19,-3.25,34.98
111,PBW,Invesco WilderHill Clean Energy ETF,5,120,14,29,79,1.0,10.0,5.45,14.84,0.76,34.46
111,USO,United States Oil Fund LP,5,120,14,29,69,1.0,10.0,5.24,-0.95,-2.4,35.7
111,KURE.K,KraneShares MSCI All China Health Care Index ETF,5,120,14,29,69,1.0,10.0,5.24,0.0,-3.51,32.73
111,EWZ,Ishares Msci Brazil ETF,5,120,14,29,69,1.0,10.0,5.24,1.37,-0.46,33.74
111,EWZS.O,iShares MSCI Brazil Small-Cap ETF,5,120,14,29,69,1.0,10.0,5.24,5.69,0.55,34.1
111,FLBR.K,Franklin FTSE Brazil ETF,5,120,14,29,69,1.0,10.0,5.24,0.0,0.75,35.18
111,OILK.K,ProShares K-1 Free Crude Oil Strategy ETF,5,120,14,29,69,1.0,10.0,5.24,0.0,-2.24,38.48
111,BRF,VanEck Brazil Small-Cap ETF,5,120,14,29,69,1.0,10.0,5.24,2.59,-3.03,32.55
111,GNOM.O,Global X Genomics And Biotechnology ETF,5,120,14,29,69,1.0,10.0,5.24,0.0,0.28,35.38
111,KGRN.K,KraneShares MSCI China Clean Technology Index ETF,5,120,14,29,69,1.0,10.0,5.24,27.37,2.25,33.1
111,DAT,ProShares Big Data Refiners ETF,5,120,14,29,69,1.0,10.0,5.24,28.97,0.74,35.16
111,URA,Global X Uranium ETF,5,120,14,29,69,1.0,10.0,5.24,-12.25,-3.25,34.98
111,AWAY.K,Amplify Travel Tech ETF,5,120,14,29,69,1.0,10.0,5.24,0.0,0.75,34.41
111,CNCR.O,Range Cancer Therapeutics ETF,5,120,14,29,69,1.0,10.0,5.24,0.0,-0.53,33.74
111,GBUY.K,Goldman Sachs Future Consumer Equity ETF,5,120,14,29,69,1.0,10.0,5.24,0.0,-0.88,36.16
111,GERM.K,Amplify Treatments Testing And Advancements ETF,5,120,14,29,69,1.0,10.0,5.24,0.0,-1.65,31.6
111,IRET.K,iREIT MarketVector Quality REIT Index ETF,5,120,14,29,69,1.0,10.0,5.24,21.48,-4.17,34.6
111,MVPS.K,Amplify Thematic All-Stars ETF,5,120,14,29,69,1.0,10.0,5.24,17.85,-1.05,31.56
111,ISHP.O,First Trust S-Network E-Commerce ETF,5,120,14,29,69,1.0,10.0,5.24,0.0,0.46,32.68
111,PBW,Invesco WilderHill Clean Energy ETF,5,120,14,29,69,1.0,10.0,5.24,7.41,0.76,34.46
111,ISHP.O,First Trust S-Network E-Commerce ETF,5,120,14,44,54,1.0,10.0,4.8,14.85,0.46,32.68
111,MVPS.K,Amplify Thematic All-Stars ETF,5,120,14,44,54,1.0,10.0,4.8,12.66,-1.05,31.56
111,KURE.K,KraneShares MSCI All China Health Care Index ETF,5,120,14,44,54,1.0,10.0,4.8,-10.81,-3.51,32.73
111,IRET.K,iREIT MarketVector Quality REIT Index ETF,5,120,14,44,54,1.0,10.0,4.8,-0.57,-4.17,34.6
111,GERM.K,Amplify Treatments Testing And Advancements ETF,5,120,14,44,54,1.0,10.0,4.8,-12.82,-1.65,31.6
111,GBUY.K,Goldman Sachs Future Consumer Equity ETF,5,120,14,44,54,1.0,10.0,4.8,27.55,-0.88,36.16
111,CNCR.O,Range Cancer Therapeutics ETF,5,120,14,44,54,1.0,10.0,4.8,7.31,-0.53,33.74
111,AWAY.K,Amplify Travel Tech ETF,5,120,14,44,54,1.0,10.0,4.8,14.89,0.75,34.41
111,DAT,ProShares Big Data Refiners ETF,5,120,14,44,54,1.0,10.0,4.8,36.71,0.74,35.16
111,KGRN.K,KraneShares MSCI China Clean Technology Index ETF,5,120,14,44,54,1.0,10.0,4.8,-11.12,2.25,33.1
111,URA,Global X Uranium ETF,5,120,14,44,54,1.0,10.0,4.8,-17.06,-3.25,34.98
111,GNOM.O,Global X Genomics And Biotechnology ETF,5,120,14,44,54,1.0,10.0,4.8,-10.7,0.28,35.38
111,BRF,VanEck Brazil Small-Cap ETF,5,120,14,44,54,1.0,10.0,4.8,-2.16,-3.03,32.55
111,OILK.K,ProShares K-1 Free Crude Oil Strategy ETF,5,120,14,44,54,1.0,10.0,4.8,4.36,-2.24,38.48
111,FLBR.K,Franklin FTSE Brazil ETF,5,120,14,44,54,1.0,10.0,4.8,29.62,0.75,35.18
111,EWZS.O,iShares MSCI Brazil Small-Cap ETF,5,120,14,44,54,1.0,10.0,4.8,7.67,0.55,34.1
111,PBW,Invesco WilderHill Clean Energy ETF,5,120,14,44,54,1.0,10.0,4.8,-12.41,0.76,34.46
111,EWZ,Ishares Msci Brazil ETF,5,120,14,44,54,1.0,10.0,4.8,5.56,-0.46,33.74
111,USO,United States Oil Fund LP,5,120,14,44,54,1.0,10.0,4.8,7.6,-2.4,35.7
111,EWZ,Ishares Msci Brazil ETF,5,60,14,34,54,1.0,10.0,4.61,-1.49,-0.46,33.74
111,KURE.K,KraneShares MSCI All China Health Care Index ETF,5,60,14,34,54,1.0,10.0,4.61,-20.47,-3.51,32.73
111,USO,United States Oil Fund LP,5,60,14,34,54,1.0,10.0,4.61,11.26,-2.4,35.7
111,ISHP.O,First Trust S-Network E-Commerce ETF,5,60,14,34,54,1.0,10.0,4.61,0.0,0.46,32.68
111,MVPS.K,Amplify Thematic All-Stars ETF,5,60,14,34,54,1.0,10.0,4.61,10.81,-1.05,31.56
111,GERM.K,Amplify Treatments Testing And Advancements ETF,5,60,14,34,54,1.0,10.0,4.61,14.5,-1.65,31.6
111,GBUY.K,Goldman Sachs Future Consumer Equity ETF,5,60,14,34,54,1.0,10.0,4.61,0.0,-0.88,36.16
111,CNCR.O,Range Cancer Therapeutics ETF,5,60,14,34,54,1.0,10.0,4.61,-4.45,-0.53,33.74
111,AWAY.K,Amplify Travel Tech ETF,5,60,14,34,54,1.0,10.0,4.61,15.47,0.75,34.41
111,DAT,ProShares Big Data Refiners ETF,5,60,14,34,54,1.0,10.0,4.61,37.55,0.74,35.16
111,IRET.K,iREIT MarketVector Quality REIT Index ETF,5,60,14,34,54,1.0,10.0,4.61,-0.56,-4.17,34.6
111,KGRN.K,KraneShares MSCI China Clean Technology Index ETF,5,60,14,34,54,1.0,10.0,4.61,7.99,2.25,33.1
111,URA,Global X Uranium ETF,5,60,14,34,54,1.0,10.0,4.61,-16.31,-3.25,34.98
111,BRF,VanEck Brazil Small-Cap ETF,5,60,14,34,54,1.0,10.0,4.61,-15.38,-3.03,32.55
111,OILK.K,ProShares K-1 Free Crude Oil Strategy ETF,5,60,14,34,54,1.0,10.0,4.61,6.58,-2.24,38.48
111,FLBR.K,Franklin FTSE Brazil ETF,5,60,14,34,54,1.0,10.0,4.61,45.31,0.75,35.18
111,EWZS.O,iShares MSCI Brazil Small-Cap ETF,5,60,14,34,54,1.0,10.0,4.61,4.48,0.55,34.1
111,PBW,Invesco WilderHill Clean Energy ETF,5,60,14,34,54,1.0,10.0,4.61,0.98,0.76,34.46
111,GNOM.O,Global X Genomics And Biotechnology ETF,5,60,14,34,54,1.0,10.0,4.61,-8.63,0.28,35.38
111,GERM.K,Amplify Treatments Testing And Advancements ETF,5,60,14,29,79,1.0,10.0,4.45,0.0,-1.65,31.6
111,IRET.K,iREIT MarketVector Quality REIT Index ETF,5,60,14,29,79,1.0,10.0,4.45,-9.38,-4.17,34.6
111,MVPS.K,Amplify Thematic All-Stars ETF,5,60,14,29,79,1.0,10.0,4.45,19.71,-1.05,31.56
111,IRET.K,iREIT MarketVector Quality REIT Index ETF,5,60,14,29,69,1.0,10.0,4.45,24.63,-4.17,34.6
111,GERM.K,Amplify Treatments Testing And Advancements ETF,5,60,14,29,69,1.0,10.0,4.45,0.0,-1.65,31.6
111,DAT,ProShares Big Data Refiners ETF,5,60,14,29,69,1.0,10.0,4.45,30.07,0.74,35.16
111,GBUY.K,Goldman Sachs Future Consumer Equity ETF,5,60,14,29,69,1.0,10.0,4.45,0.0,-0.88,36.16
111,CNCR.O,Range Cancer Therapeutics ETF,5,60,14,29,69,1.0,10.0,4.45,-1.96,-0.53,33.74
111,AWAY.K,Amplify Travel Tech ETF,5,60,14,29,69,1.0,10.0,4.45,0.0,0.75,34.41
111,KURE.K,KraneShares MSCI All China Health Care Index ETF,5,60,14,29,69,1.0,10.0,4.45,0.0,-3.51,32.73
111,KGRN.K,KraneShares MSCI China Clean Technology Index ETF,5,60,14,29,69,1.0,10.0,4.45,27.23,2.25,33.1
111,CNCR.O,Range Cancer Therapeutics ETF,5,60,14,29,79,1.0,10.0,4.45,-1.96,-0.53,33.74
111,GBUY.K,Goldman Sachs Future Consumer Equity ETF,5,60,14,29,79,1.0,10.0,4.45,0.0,-0.88,36.16
111,EWZS.O,iShares MSCI Brazil Small-Cap ETF,5,60,14,29,79,1.0,10.0,4.45,0.16,0.55,34.1
111,AWAY.K,Amplify Travel Tech ETF,5,60,14,29,79,1.0,10.0,4.45,0.0,0.75,34.41
111,DAT,ProShares Big Data Refiners ETF,5,60,14,29,79,1.0,10.0,4.45,30.07,0.74,35.16
111,KURE.K,KraneShares MSCI All China Health Care Index ETF,5,60,14,29,79,1.0,10.0,4.45,0.0,-3.51,32.73
111,KGRN.K,KraneShares MSCI China Clean Technology Index ETF,5,60,14,29,79,1.0,10.0,4.45,48.66,2.25,33.1
111,GNOM.O,Global X Genomics And Biotechnology ETF,5,60,14,29,79,1.0,10.0,4.45,9.41,0.28,35.38
111,BRF,VanEck Brazil Small-Cap ETF,5,60,14,29,79,1.0,10.0,4.45,-9.19,-3.03,32.55
111,OILK.K,ProShares K-1 Free Crude Oil Strategy ETF,5,60,14,29,79,1.0,10.0,4.45,6.58,-2.24,38.48
111,FLBR.K,Franklin FTSE Brazil ETF,5,60,14,29,79,1.0,10.0,4.45,0.0,0.75,35.18
111,BRF,VanEck Brazil Small-Cap ETF,5,60,14,29,69,1.0,10.0,4.45,-9.19,-3.03,32.55
111,PBW,Invesco WilderHill Clean Energy ETF,5,60,14,29,79,1.0,10.0,4.45,8.75,0.76,34.46
111,URA,Global X Uranium ETF,5,60,14,29,79,1.0,10.0,4.45,-5.61,-3.25,34.98
111,USO,United States Oil Fund LP,5,60,14,29,79,1.0,10.0,4.45,-6.43,-2.4,35.7
111,EWZ,Ishares Msci Brazil ETF,5,60,14,29,79,1.0,10.0,4.45,-6.18,-0.46,33.74
111,GNOM.O,Global X Genomics And Biotechnology ETF,5,60,14,29,69,1.0,10.0,4.45,9.41,0.28,35.38
111,MVPS.K,Amplify Thematic All-Stars ETF,5,60,14,29,69,1.0,10.0,4.45,19.71,-1.05,31.56
111,OILK.K,ProShares K-1 Free Crude Oil Strategy ETF,5,60,14,29,69,1.0,10.0,4.45,6.58,-2.24,38.48
111,EWZS.O,iShares MSCI Brazil Small-Cap ETF,5,60,14,29,69,1.0,10.0,4.45,0.16,0.55,34.1
111,PBW,Invesco WilderHill Clean Energy ETF,5,60,14,29,69,1.0,10.0,4.45,1.99,0.76,34.46
111,URA,Global X Uranium ETF,5,60,14,29,69,1.0,10.0,4.45,-11.52,-3.25,34.98
111,USO,United States Oil Fund LP,5,60,14,29,69,1.0,10.0,4.45,-6.43,-2.4,35.7
111,EWZ,Ishares Msci Brazil ETF,5,60,14,29,69,1.0,10.0,4.45,-6.18,-0.46,33.74
111,ISHP.O,First Trust S-Network E-Commerce ETF,5,60,14,29,69,1.0,10.0,4.45,0.0,0.46,32.68
111,ISHP.O,First Trust S-Network E-Commerce ETF,5,60,14,29,79,1.0,10.0,4.45,0.0,0.46,32.68
111,FLBR.K,Franklin FTSE Brazil ETF,5,60,14,29,69,1.0,10.0,4.45,0.0,0.75,35.18
111,GBUY.K,Goldman Sachs Future Consumer Equity ETF,5,120,14,29,74,1.0,10.0,4.12,0.0,-0.88,36.16
111,AWAY.K,Amplify Travel Tech ETF,5,120,14,29,74,1.0,10.0,4.12,0.0,0.75,34.41
111,CNCR.O,Range Cancer Therapeutics ETF,5,120,14,29,74,1.0,10.0,4.12,0.0,-0.53,33.74
111,ISHP.O,First Trust S-Network E-Commerce ETF,5,120,14,29,74,1.0,10.0,4.12,0.0,0.46,32.68
111,GERM.K,Amplify Treatments Testing And Advancements ETF,5,120,14,29,74,1.0,10.0,4.12,0.0,-1.65,31.6
111,IRET.K,iREIT MarketVector Quality REIT Index ETF,5,120,14,29,74,1.0,10.0,4.12,-9.64,-4.17,34.6
111,MVPS.K,Amplify Thematic All-Stars ETF,5,120,14,29,74,1.0,10.0,4.12,17.85,-1.05,31.56
111,KURE.K,KraneShares MSCI All China Health Care Index ETF,5,120,14,29,74,1.0,10.0,4.12,0.0,-3.51,32.73
111,DAT,ProShares Big Data Refiners ETF,5,120,14,29,74,1.0,10.0,4.12,28.97,0.74,35.16
111,OILK.K,ProShares K-1 Free Crude Oil Strategy ETF,5,120,14,29,74,1.0,10.0,4.12,0.0,-2.24,38.48
111,KGRN.K,KraneShares MSCI China Clean Technology Index ETF,5,120,14,29,74,1.0,10.0,4.12,33.61,2.25,33.1
111,GNOM.O,Global X Genomics And Biotechnology ETF,5,120,14,29,74,1.0,10.0,4.12,0.0,0.28,35.38
111,BRF,VanEck Brazil Small-Cap ETF,5,120,14,29,74,1.0,10.0,4.12,2.59,-3.03,32.55
111,FLBR.K,Franklin FTSE Brazil ETF,5,120,14,29,74,1.0,10.0,4.12,0.0,0.75,35.18
111,EWZS.O,iShares MSCI Brazil Small-Cap ETF,5,120,14,29,74,1.0,10.0,4.12,5.69,0.55,34.1
111,PBW,Invesco WilderHill Clean Energy ETF,5,120,14,29,74,1.0,10.0,4.12,9.05,0.76,34.46
111,URA,Global X Uranium ETF,5,120,14,29,74,1.0,10.0,4.12,-10.24,-3.25,34.98
111,USO,United States Oil Fund LP,5,120,14,29,74,1.0,10.0,4.12,-0.95,-2.4,35.7
111,EWZ,Ishares Msci Brazil ETF,5,120,14,29,74,1.0,10.0,4.12,1.37,-0.46,33.74
111,ISHP.O,First Trust S-Network E-Commerce ETF,5,60,14,34,59,1.0,10.0,3.73,0.0,0.46,32.68
111,MVPS.K,Amplify Thematic All-Stars ETF,5,60,14,34,59,1.0,10.0,3.73,8.22,-1.05,31.56
111,GNOM.O,Global X Genomics And Biotechnology ETF,5,60,14,34,59,1.0,10.0,3.73,-8.63,0.28,35.38
111,IRET.K,iREIT MarketVector Quality REIT Index ETF,5,60,14,34,59,1.0,10.0,3.73,2.3,-4.17,34.6
111,GERM.K,Amplify Treatments Testing And Advancements ETF,5,60,14,34,59,1.0,10.0,3.73,14.5,-1.65,31.6
111,GBUY.K,Goldman Sachs Future Consumer Equity ETF,5,60,14,34,59,1.0,10.0,3.73,0.0,-0.88,36.16
111,CNCR.O,Range Cancer Therapeutics ETF,5,60,14,34,59,1.0,10.0,3.73,-10.77,-0.53,33.74
111,AWAY.K,Amplify Travel Tech ETF,5,60,14,34,59,1.0,10.0,3.73,10.11,0.75,34.41
111,KURE.K,KraneShares MSCI All China Health Care Index ETF,5,60,14,34,59,1.0,10.0,3.73,-20.47,-3.51,32.73
111,KGRN.K,KraneShares MSCI China Clean Technology Index ETF,5,60,14,34,59,1.0,10.0,3.73,22.87,2.25,33.1
111,DAT,ProShares Big Data Refiners ETF,5,60,14,34,59,1.0,10.0,3.73,48.13,0.74,35.16
111,BRF,VanEck Brazil Small-Cap ETF,5,60,14,34,59,1.0,10.0,3.73,-12.84,-3.03,32.55
111,PBW,Invesco WilderHill Clean Energy ETF,5,60,14,34,59,1.0,10.0,3.73,6.17,0.76,34.46
111,OILK.K,ProShares K-1 Free Crude Oil Strategy ETF,5,60,14,34,59,1.0,10.0,3.73,6.58,-2.24,38.48
111,USO,United States Oil Fund LP,5,60,14,34,59,1.0,10.0,3.73,16.16,-2.4,35.7
111,URA,Global X Uranium ETF,5,60,14,34,59,1.0,10.0,3.73,-13.82,-3.25,34.98
111,EWZ,Ishares Msci Brazil ETF,5,60,14,34,59,1.0,10.0,3.73,-6.74,-0.46,33.74
111,EWZS.O,iShares MSCI Brazil Small-Cap ETF,5,60,14,34,59,1.0,10.0,3.73,9.29,0.55,34.1
111,FLBR.K,Franklin FTSE Brazil ETF,5,60,14,34,59,1.0,10.0,3.73,-0.13,0.75,35.18
111,GNOM.O,Global X Genomics And Biotechnology ETF,5,60,14,34,64,1.0,10.0,3.45,-8.63,0.28,35.38
111,IRET.K,iREIT MarketVector Quality REIT Index ETF,5,60,14,34,64,1.0,10.0,3.45,4.9,-4.17,34.6
111,GERM.K,Amplify Treatments Testing And Advancements ETF,5,60,14,34,64,1.0,10.0,3.45,14.5,-1.65,31.6
111,GBUY.K,Goldman Sachs Future Consumer Equity ETF,5,60,14,34,64,1.0,10.0,3.45,0.0,-0.88,36.16
111,CNCR.O,Range Cancer Therapeutics ETF,5,60,14,34,64,1.0,10.0,3.45,-10.77,-0.53,33.74
111,AWAY.K,Amplify Travel Tech ETF,5,60,14,34,64,1.0,10.0,3.45,10.11,0.75,34.41
111,DAT,ProShares Big Data Refiners ETF,5,60,14,34,64,1.0,10.0,3.45,48.13,0.74,35.16
111,KURE.K,KraneShares MSCI All China Health Care Index ETF,5,60,14,34,64,1.0,10.0,3.45,-20.47,-3.51,32.73
111,KGRN.K,KraneShares MSCI China Clean Technology Index ETF,5,60,14,34,64,1.0,10.0,3.45,22.87,2.25,33.1
111,EWZ,Ishares Msci Brazil ETF,5,60,14,34,64,1.0,10.0,3.45,-4.73,-0.46,33.74
111,BRF,VanEck Brazil Small-Cap ETF,5,60,14,34,64,1.0,10.0,3.45,-10.62,-3.03,32.55
111,OILK.K,ProShares K-1 Free Crude Oil Strategy ETF,5,60,14,34,64,1.0,10.0,3.45,6.58,-2.24,38.48
111,FLBR.K,Franklin FTSE Brazil ETF,5,60,14,34,64,1.0,10.0,3.45,-0.13,0.75,35.18
111,EWZS.O,iShares MSCI Brazil Small-Cap ETF,5,60,14,34,64,1.0,10.0,3.45,15.21,0.55,34.1
111,PBW,Invesco WilderHill Clean Energy ETF,5,60,14,34,64,1.0,10.0,3.45,9.48,0.76,34.46
111,URA,Global X Uranium ETF,5,60,14,34,64,1.0,10.0,3.45,-12.06,-3.25,34.98
111,USO,United States Oil Fund LP,5,60,14,34,64,1.0,10.0,3.45,-7.09,-2.4,35.7
111,ISHP.O,First Trust S-Network E-Commerce ETF,5,60,14,34,64,1.0,10.0,3.45,0.0,0.46,32.68
111,MVPS.K,Amplify Thematic All-Stars ETF,5,60,14,34,64,1.0,10.0,3.45,8.22,-1.05,31.56
111,GERM.K,Amplify Treatments Testing And Advancements ETF,5,60,14,29,74,1.0,10.0,3.17,0.0,-1.65,31.6
111,IRET.K,iREIT MarketVector Quality REIT Index ETF,5,60,14,29,74,1.0,10.0,3.17,-9.38,-4.17,34.6
111,ISHP.O,First Trust S-Network E-Commerce ETF,5,60,14,29,74,1.0,10.0,3.17,0.0,0.46,32.68
111,BRF,VanEck Brazil Small-Cap ETF,5,60,14,29,74,1.0,10.0,3.17,-9.19,-3.03,32.55
111,EWZ,Ishares Msci Brazil ETF,5,60,14,29,74,1.0,10.0,3.17,-6.18,-0.46,33.74
111,USO,United States Oil Fund LP,5,60,14,29,74,1.0,10.0,3.17,-6.43,-2.4,35.7
111,URA,Global X Uranium ETF,5,60,14,29,74,1.0,10.0,3.17,-9.5,-3.25,34.98
111,PBW,Invesco WilderHill Clean Energy ETF,5,60,14,29,74,1.0,10.0,3.17,3.48,0.76,34.46
111,EWZS.O,iShares MSCI Brazil Small-Cap ETF,5,60,14,29,74,1.0,10.0,3.17,0.16,0.55,34.1
111,FLBR.K,Franklin FTSE Brazil ETF,5,60,14,29,74,1.0,10.0,3.17,0.0,0.75,35.18
111,OILK.K,ProShares K-1 Free Crude Oil Strategy ETF,5,60,14,29,74,1.0,10.0,3.17,6.58,-2.24,38.48
111,MVPS.K,Amplify Thematic All-Stars ETF,5,60,14,29,74,1.0,10.0,3.17,19.71,-1.05,31.56
111,GNOM.O,Global X Genomics And Biotechnology ETF,5,60,14,29,74,1.0,10.0,3.17,9.41,0.28,35.38
111,KURE.K,KraneShares MSCI All China Health Care Index ETF,5,60,14,29,74,1.0,10.0,3.17,0.0,-3.51,32.73
111,DAT,ProShares Big Data Refiners ETF,5,60,14,29,74,1.0,10.0,3.17,30.07,0.74,35.16
111,AWAY.K,Amplify Travel Tech ETF,5,60,14,29,74,1.0,10.0,3.17,0.0,0.75,34.41
111,CNCR.O,Range Cancer Therapeutics ETF,5,60,14,29,74,1.0,10.0,3.17,-1.96,-0.53,33.74
111,GBUY.K,Goldman Sachs Future Consumer Equity ETF,5,60,14,29,74,1.0,10.0,3.17,0.0,-0.88,36.16
111,KGRN.K,KraneShares MSCI China Clean Technology Index ETF,5,60,14,29,74,1.0,10.0,3.17,33.42,2.25,33.1
111,KGRN.K,KraneShares MSCI China Clean Technology Index ETF,5,60,14,44,54,1.0,10.0,2.75,-7.79,2.25,33.1
111,IRET.K,iREIT MarketVector Quality REIT Index ETF,5,60,14,44,54,1.0,10.0,2.75,-1.0,-4.17,34.6
111,GERM.K,Amplify Treatments Testing And Advancements ETF,5,60,14,44,54,1.0,10.0,2.75,-12.17,-1.65,31.6
111,GBUY.K,Goldman Sachs Future Consumer Equity ETF,5,60,14,44,54,1.0,10.0,2.75,11.35,-0.88,36.16
111,CNCR.O,Range Cancer Therapeutics ETF,5,60,14,44,54,1.0,10.0,2.75,5.67,-0.53,33.74
111,AWAY.K,Amplify Travel Tech ETF,5,60,14,44,54,1.0,10.0,2.75,4.94,0.75,34.41
111,DAT,ProShares Big Data Refiners ETF,5,60,14,44,54,1.0,10.0,2.75,37.55,0.74,35.16
111,KURE.K,KraneShares MSCI All China Health Care Index ETF,5,60,14,44,54,1.0,10.0,2.75,-8.84,-3.51,32.73
111,FLBR.K,Franklin FTSE Brazil ETF,5,60,14,44,54,1.0,10.0,2.75,38.3,0.75,35.18
111,GNOM.O,Global X Genomics And Biotechnology ETF,5,60,14,44,54,1.0,10.0,2.75,-12.68,0.28,35.38
111,BRF,VanEck Brazil Small-Cap ETF,5,60,14,44,54,1.0,10.0,2.75,-2.67,-3.03,32.55
111,OILK.K,ProShares K-1 Free Crude Oil Strategy ETF,5,60,14,44,54,1.0,10.0,2.75,-13.02,-2.24,38.48
111,EWZS.O,iShares MSCI Brazil Small-Cap ETF,5,60,14,44,54,1.0,10.0,2.75,9.54,0.55,34.1
111,PBW,Invesco WilderHill Clean Energy ETF,5,60,14,44,54,1.0,10.0,2.75,-12.29,0.76,34.46
111,URA,Global X Uranium ETF,5,60,14,44,54,1.0,10.0,2.75,-16.31,-3.25,34.98
111,USO,United States Oil Fund LP,5,60,14,44,54,1.0,10.0,2.75,-5.49,-2.4,35.7
111,ISHP.O,First Trust S-Network E-Commerce ETF,5,60,14,44,54,1.0,10.0,2.75,13.48,0.46,32.68
111,MVPS.K,Amplify Thematic All-Stars ETF,5,60,14,44,54,1.0,10.0,2.75,10.81,-1.05,31.56
111,EWZ,Ishares Msci Brazil ETF,5,60,14,44,54,1.0,10.0,2.75,12.81,-0.46,33.74
111,URA,Global X Uranium ETF,5,120,14,24,59,1.0,10.0,2.7,-14.55,-3.25,34.98
111,PBW,Invesco WilderHill Clean Energy ETF,5,120,14,24,59,1.0,10.0,2.7,0.0,0.76,34.46
111,ISHP.O,First Trust S-Network E-Commerce ETF,5,120,14,24,59,1.0,10.0,2.7,0.0,0.46,32.68
111,MVPS.K,Amplify Thematic All-Stars ETF,5,120,14,24,59,1.0,10.0,2.7,0.0,-1.05,31.56
111,IRET.K,iREIT MarketVector Quality REIT Index ETF,5,120,14,24,59,1.0,10.0,2.7,0.0,-4.17,34.6
111,GERM.K,Amplify Treatments Testing And Advancements ETF,5,120,14,24,59,1.0,10.0,2.7,0.0,-1.65,31.6
111,GBUY.K,Goldman Sachs Future Consumer Equity ETF,5,120,14,24,59,1.0,10.0,2.7,0.0,-0.88,36.16
111,CNCR.O,Range Cancer Therapeutics ETF,5,120,14,24,59,1.0,10.0,2.7,0.0,-0.53,33.74
111,AWAY.K,Amplify Travel Tech ETF,5,120,14,24,59,1.0,10.0,2.7,0.0,0.75,34.41
111,DAT,ProShares Big Data Refiners ETF,5,120,14,24,59,1.0,10.0,2.7,48.59,0.74,35.16
111,KURE.K,KraneShares MSCI All China Health Care Index ETF,5,120,14,24,59,1.0,10.0,2.7,0.0,-3.51,32.73
111,USO,United States Oil Fund LP,5,120,14,24,59,1.0,10.0,2.7,17.32,-2.4,35.7
111,GNOM.O,Global X Genomics And Biotechnology ETF,5,120,14,24,59,1.0,10.0,2.7,0.0,0.28,35.38
111,BRF,VanEck Brazil Small-Cap ETF,5,120,14,24,59,1.0,10.0,2.7,0.0,-3.03,32.55
111,OILK.K,ProShares K-1 Free Crude Oil Strategy ETF,5,120,14,24,59,1.0,10.0,2.7,0.0,-2.24,38.48
111,FLBR.K,Franklin FTSE Brazil ETF,5,120,14,24,59,1.0,10.0,2.7,0.0,0.75,35.18
111,EWZS.O,iShares MSCI Brazil Small-Cap ETF,5,120,14,24,59,1.0,10.0,2.7,0.0,0.55,34.1
111,KGRN.K,KraneShares MSCI China Clean Technology Index ETF,5,120,14,24,59,1.0,10.0,2.7,0.0,2.25,33.1
111,EWZ,Ishares Msci Brazil ETF,5,120,14,24,59,1.0,10.0,2.7,0.0,-0.46,33.74
111,FLBR.K,Franklin FTSE Brazil ETF,5,60,14,34,79,1.0,10.0,2.63,-0.13,0.75,35.18
111,KGRN.K,KraneShares MSCI China Clean Technology Index ETF,5,60,14,34,79,1.0,10.0,2.63,48.66,2.25,33.1
111,USO,United States Oil Fund LP,5,60,14,34,79,1.0,10.0,2.63,-6.43,-2.4,35.7
111,URA,Global X Uranium ETF,5,60,14,34,79,1.0,10.0,2.63,-5.61,-3.25,34.98
111,ISHP.O,First Trust S-Network E-Commerce ETF,5,60,14,34,79,1.0,10.0,2.63,0.0,0.46,32.68
111,PBW,Invesco WilderHill Clean Energy ETF,5,60,14,34,79,1.0,10.0,2.63,8.4,0.76,34.46
111,EWZ,Ishares Msci Brazil ETF,5,60,14,34,79,1.0,10.0,2.63,-6.18,-0.46,33.74
111,EWZS.O,iShares MSCI Brazil Small-Cap ETF,5,60,14,34,79,1.0,10.0,2.63,0.16,0.55,34.1
111,OILK.K,ProShares K-1 Free Crude Oil Strategy ETF,5,60,14,34,79,1.0,10.0,2.63,6.58,-2.24,38.48
111,BRF,VanEck Brazil Small-Cap ETF,5,60,14,34,79,1.0,10.0,2.63,-9.19,-3.03,32.55
111,GNOM.O,Global X Genomics And Biotechnology ETF,5,60,14,34,79,1.0,10.0,2.63,-8.63,0.28,35.38
111,KURE.K,KraneShares MSCI All China Health Care Index ETF,5,60,14,34,79,1.0,10.0,2.63,-20.47,-3.51,32.73
111,DAT,ProShares Big Data Refiners ETF,5,60,14,34,79,1.0,10.0,2.63,30.07,0.74,35.16
111,AWAY.K,Amplify Travel Tech ETF,5,60,14,34,79,1.0,10.0,2.63,10.11,0.75,34.41
111,CNCR.O,Range Cancer Therapeutics ETF,5,60,14,34,79,1.0,10.0,2.63,-10.77,-0.53,33.74
111,GBUY.K,Goldman Sachs Future Consumer Equity ETF,5,60,14,34,79,1.0,10.0,2.63,0.0,-0.88,36.16
111,GERM.K,Amplify Treatments Testing And Advancements ETF,5,60,14,34,79,1.0,10.0,2.63,14.5,-1.65,31.6
111,IRET.K,iREIT MarketVector Quality REIT Index ETF,5,60,14,34,79,1.0,10.0,2.63,-9.38,-4.17,34.6
111,MVPS.K,Amplify Thematic All-Stars ETF,5,60,14,34,79,1.0,10.0,2.63,8.22,-1.05,31.56
111,FLBR.K,Franklin FTSE Brazil ETF,5,120,14,39,54,1.0,10.0,2.53,55.45,0.75,35.18
111,GNOM.O,Global X Genomics And Biotechnology ETF,5,120,14,39,54,1.0,10.0,2.53,-10.7,0.28,35.38
111,BRF,VanEck Brazil Small-Cap ETF,5,120,14,39,54,1.0,10.0,2.53,-13.05,-3.03,32.55
111,OILK.K,ProShares K-1 Free Crude Oil Strategy ETF,5,120,14,39,54,1.0,10.0,2.53,4.36,-2.24,38.48
111,USO,United States Oil Fund LP,5,120,14,39,54,1.0,10.0,2.53,8.5,-2.4,35.7
111,EWZS.O,iShares MSCI Brazil Small-Cap ETF,5,120,14,39,54,1.0,10.0,2.53,-8.71,0.55,34.1
111,PBW,Invesco WilderHill Clean Energy ETF,5,120,14,39,54,1.0,10.0,2.53,-2.56,0.76,34.46
111,KURE.K,KraneShares MSCI All China Health Care Index ETF,5,120,14,39,54,1.0,10.0,2.53,-21.84,-3.51,32.73
111,KGRN.K,KraneShares MSCI China Clean Technology Index ETF,5,120,14,39,54,1.0,10.0,2.53,4.12,2.25,33.1
111,ISHP.O,First Trust S-Network E-Commerce ETF,5,120,14,39,54,1.0,10.0,2.53,0.0,0.46,32.68
111,DAT,ProShares Big Data Refiners ETF,5,120,14,39,54,1.0,10.0,2.53,36.71,0.74,35.16
111,EWZ,Ishares Msci Brazil ETF,5,120,14,39,54,1.0,10.0,2.53,-2.77,-0.46,33.74
111,CNCR.O,Range Cancer Therapeutics ETF,5,120,14,39,54,1.0,10.0,2.53,1.46,-0.53,33.74
111,GBUY.K,Goldman Sachs Future Consumer Equity ETF,5,120,14,39,54,1.0,10.0,2.53,0.0,-0.88,36.16
111,GERM.K,Amplify Treatments Testing And Advancements ETF,5,120,14,39,54,1.0,10.0,2.53,-12.82,-1.65,31.6
111,IRET.K,iREIT MarketVector Quality REIT Index ETF,5,120,14,39,54,1.0,10.0,2.53,-0.57,-4.17,34.6
111,MVPS.K,Amplify Thematic All-Stars ETF,5,120,14,39,54,1.0,10.0,2.53,12.66,-1.05,31.56
111,URA,Global X Uranium ETF,5,120,14,39,54,1.0,10.0,2.53,-17.06,-3.25,34.98
111,AWAY.K,Amplify Travel Tech ETF,5,120,14,39,54,1.0,10.0,2.53,14.89,0.75,34.41
111,GERM.K,Amplify Treatments Testing And Advancements ETF,5,120,14,44,59,1.0,10.0,2.49,-12.82,-1.65,31.6
111,DAT,ProShares Big Data Refiners ETF,5,120,14,44,59,1.0,10.0,2.49,48.59,0.74,35.16
111,PBW,Invesco WilderHill Clean Energy ETF,5,120,14,44,59,1.0,10.0,2.49,-4.91,0.76,34.46
111,URA,Global X Uranium ETF,5,120,14,44,59,1.0,10.0,2.49,-14.55,-3.25,34.98
111,USO,United States Oil Fund LP,5,120,14,44,59,1.0,10.0,2.49,-0.06,-2.4,35.7
111,ISHP.O,First Trust S-Network E-Commerce ETF,5,120,14,44,59,1.0,10.0,2.49,11.41,0.46,32.68
111,MVPS.K,Amplify Thematic All-Stars ETF,5,120,14,44,59,1.0,10.0,2.49,9.62,-1.05,31.56
111,IRET.K,iREIT MarketVector Quality REIT Index ETF,5,120,14,44,59,1.0,10.0,2.49,2.25,-4.17,34.6
111,GBUY.K,Goldman Sachs Future Consumer Equity ETF,5,120,14,44,59,1.0,10.0,2.49,19.3,-0.88,36.16
111,CNCR.O,Range Cancer Therapeutics ETF,5,120,14,44,59,1.0,10.0,2.49,6.09,-0.53,33.74
111,AWAY.K,Amplify Travel Tech ETF,5,120,14,44,59,1.0,10.0,2.49,9.49,0.75,34.41
111,KURE.K,KraneShares MSCI All China Health Care Index ETF,5,120,14,44,59,1.0,10.0,2.49,-7.59,-3.51,32.73
111,KGRN.K,KraneShares MSCI China Clean Technology Index ETF,5,120,14,44,59,1.0,10.0,2.49,-4.92,2.25,33.1
111,GNOM.O,Global X Genomics And Biotechnology ETF,5,120,14,44,59,1.0,10.0,2.49,-10.7,0.28,35.38
111,BRF,VanEck Brazil Small-Cap ETF,5,120,14,44,59,1.0,10.0,2.49,-2.74,-3.03,32.55
111,OILK.K,ProShares K-1 Free Crude Oil Strategy ETF,5,120,14,44,59,1.0,10.0,2.49,4.36,-2.24,38.48
111,FLBR.K,Franklin FTSE Brazil ETF,5,120,14,44,59,1.0,10.0,2.49,-2.65,0.75,35.18
111,EWZS.O,iShares MSCI Brazil Small-Cap ETF,5,120,14,44,59,1.0,10.0,2.49,2.05,0.55,34.1
111,EWZ,Ishares Msci Brazil ETF,5,120,14,44,59,1.0,10.0,2.49,-4.93,-0.46,33.74
111,URA,Global X Uranium ETF,5,120,14,44,64,1.0,10.0,2.32,-12.8,-3.25,34.98
111,FLBR.K,Franklin FTSE Brazil ETF,5,120,14,44,64,1.0,10.0,2.32,-2.65,0.75,35.18
111,EWZS.O,iShares MSCI Brazil Small-Cap ETF,5,120,14,44,64,1.0,10.0,2.32,0.18,0.55,34.1
111,PBW,Invesco WilderHill Clean Energy ETF,5,120,14,44,64,1.0,10.0,2.32,-0.76,0.76,34.46
111,ISHP.O,First Trust S-Network E-Commerce ETF,5,120,14,44,64,1.0,10.0,2.32,11.41,0.46,32.68
111,USO,United States Oil Fund LP,5,120,14,44,64,1.0,10.0,2.32,-10.84,-2.4,35.7
111,EWZ,Ishares Msci Brazil ETF,5,120,14,44,64,1.0,10.0,2.32,-3.72,-0.46,33.74
111,BRF,VanEck Brazil Small-Cap ETF,5,120,14,44,64,1.0,10.0,2.32,-3.75,-3.03,32.55
111,OILK.K,ProShares K-1 Free Crude Oil Strategy ETF,5,120,14,44,64,1.0,10.0,2.32,4.36,-2.24,38.48
111,DAT,ProShares Big Data Refiners ETF,5,120,14,44,64,1.0,10.0,2.32,48.59,0.74,35.16
111,GNOM.O,Global X Genomics And Biotechnology ETF,5,120,14,44,64,1.0,10.0,2.32,-10.7,0.28,35.38
111,GBUY.K,Goldman Sachs Future Consumer Equity ETF,5,120,14,44,64,1.0,10.0,2.32,18.44,-0.88,36.16
111,KGRN.K,KraneShares MSCI China Clean Technology Index ETF,5,120,14,44,64,1.0,10.0,2.32,-4.92,2.25,33.1
111,IRET.K,iREIT MarketVector Quality REIT Index ETF,5,120,14,44,64,1.0,10.0,2.32,4.82,-4.17,34.6
111,GERM.K,Amplify Treatments Testing And Advancements ETF,5,120,14,44,64,1.0,10.0,2.32,-12.82,-1.65,31.6
111,MVPS.K,Amplify Thematic All-Stars ETF,5,120,14,44,64,1.0,10.0,2.32,9.62,-1.05,31.56
111,CNCR.O,Range Cancer Therapeutics ETF,5,120,14,44,64,1.0,10.0,2.32,3.14,-0.53,33.74
111,AWAY.K,Amplify Travel Tech ETF,5,120,14,44,64,1.0,10.0,2.32,9.49,0.75,34.41
111,KURE.K,KraneShares MSCI All China Health Care Index ETF,5,120,14,44,64,1.0,10.0,2.32,-3.06,-3.51,32.73
111,DAT,ProShares Big Data Refiners ETF,5,120,14,24,64,1.0,10.0,1.89,48.59,0.74,35.16
111,EWZ,Ishares Msci Brazil ETF,5,120,14,24,64,1.0,10.0,1.89,0.0,-0.46,33.74
111,EWZS.O,iShares MSCI Brazil Small-Cap ETF,5,120,14,24,64,1.0,10.0,1.89,0.0,0.55,34.1
111,FLBR.K,Franklin FTSE Brazil ETF,5,120,14,24,64,1.0,10.0,1.89,0.0,0.75,35.18
111,OILK.K,ProShares K-1 Free Crude Oil Strategy ETF,5,120,14,24,64,1.0,10.0,1.89,0.0,-2.24,38.48
111,BRF,VanEck Brazil Small-Cap ETF,5,120,14,24,64,1.0,10.0,1.89,0.0,-3.03,32.55
111,GNOM.O,Global X Genomics And Biotechnology ETF,5,120,14,24,64,1.0,10.0,1.89,0.0,0.28,35.38
111,KGRN.K,KraneShares MSCI China Clean Technology Index ETF,5,120,14,24,64,1.0,10.0,1.89,0.0,2.25,33.1
111,KURE.K,KraneShares MSCI All China Health Care Index ETF,5,120,14,24,64,1.0,10.0,1.89,0.0,-3.51,32.73
111,PBW,Invesco WilderHill Clean Energy ETF,5,120,14,24,64,1.0,10.0,1.89,0.0,0.76,34.46
111,USO,United States Oil Fund LP,5,120,14,24,64,1.0,10.0,1.89,0.21,-2.4,35.7
111,AWAY.K,Amplify Travel Tech ETF,5,120,14,24,64,1.0,10.0,1.89,0.0,0.75,34.41
111,MVPS.K,Amplify Thematic All-Stars ETF,5,120,14,24,64,1.0,10.0,1.89,0.0,-1.05,31.56
111,CNCR.O,Range Cancer Therapeutics ETF,5,120,14,24,64,1.0,10.0,1.89,0.0,-0.53,33.74
111,ISHP.O,First Trust S-Network E-Commerce ETF,5,120,14,24,64,1.0,10.0,1.89,0.0,0.46,32.68
111,URA,Global X Uranium ETF,5,120,14,24,64,1.0,10.0,1.89,-12.8,-3.25,34.98
111,IRET.K,iREIT MarketVector Quality REIT Index ETF,5,120,14,24,64,1.0,10.0,1.89,0.0,-4.17,34.6
111,GERM.K,Amplify Treatments Testing And Advancements ETF,5,120,14,24,64,1.0,10.0,1.89,0.0,-1.65,31.6
111,GBUY.K,Goldman Sachs Future Consumer Equity ETF,5,120,14,24,64,1.0,10.0,1.89,0.0,-0.88,36.16
111,ISHP.O,First Trust S-Network E-Commerce ETF,5,60,14,24,64,1.0,10.0,1.87,0.0,0.46,32.68
111,KURE.K,KraneShares MSCI All China Health Care Index ETF,5,60,14,24,64,1.0,10.0,1.87,0.0,-3.51,32.73
111,MVPS.K,Amplify Thematic All-Stars ETF,5,60,14,24,64,1.0,10.0,1.87,0.0,-1.05,31.56
111,IRET.K,iREIT MarketVector Quality REIT Index ETF,5,60,14,24,64,1.0,10.0,1.87,0.0,-4.17,34.6
111,GERM.K,Amplify Treatments Testing And Advancements ETF,5,60,14,24,64,1.0,10.0,1.87,0.0,-1.65,31.6
111,GBUY.K,Goldman Sachs Future Consumer Equity ETF,5,60,14,24,64,1.0,10.0,1.87,0.0,-0.88,36.16
111,CNCR.O,Range Cancer Therapeutics ETF,5,60,14,24,64,1.0,10.0,1.87,0.0,-0.53,33.74
111,AWAY.K,Amplify Travel Tech ETF,5,60,14,24,64,1.0,10.0,1.87,0.0,0.75,34.41
111,DAT,ProShares Big Data Refiners ETF,5,60,14,24,64,1.0,10.0,1.87,48.13,0.74,35.16
111,OILK.K,ProShares K-1 Free Crude Oil Strategy ETF,5,60,14,24,64,1.0,10.0,1.87,0.0,-2.24,38.48
111,KGRN.K,KraneShares MSCI China Clean Technology Index ETF,5,60,14,24,64,1.0,10.0,1.87,0.0,2.25,33.1
111,GNOM.O,Global X Genomics And Biotechnology ETF,5,60,14,24,64,1.0,10.0,1.87,0.0,0.28,35.38
111,BRF,VanEck Brazil Small-Cap ETF,5,60,14,24,64,1.0,10.0,1.87,0.0,-3.03,32.55
111,FLBR.K,Franklin FTSE Brazil ETF,5,60,14,24,64,1.0,10.0,1.87,0.0,0.75,35.18
111,EWZS.O,iShares MSCI Brazil Small-Cap ETF,5,60,14,24,64,1.0,10.0,1.87,0.0,0.55,34.1
111,PBW,Invesco WilderHill Clean Energy ETF,5,60,14,24,64,1.0,10.0,1.87,11.23,0.76,34.46
111,URA,Global X Uranium ETF,5,60,14,24,64,1.0,10.0,1.87,-12.06,-3.25,34.98
111,EWZ,Ishares Msci Brazil ETF,5,60,14,24,64,1.0,10.0,1.87,-4.73,-0.46,33.74
111,USO,United States Oil Fund LP,5,60,14,24,64,1.0,10.0,1.87,-7.09,-2.4,35.7
111,KURE.K,KraneShares MSCI All China Health Care Index ETF,5,120,14,24,54,1.0,10.0,1.79,0.0,-3.51,32.73
111,USO,United States Oil Fund LP,5,120,14,24,54,1.0,10.0,1.79,14.27,-2.4,35.7
111,DAT,ProShares Big Data Refiners ETF,5,120,14,24,54,1.0,10.0,1.79,36.71,0.74,35.16
111,MVPS.K,Amplify Thematic All-Stars ETF,5,120,14,24,54,1.0,10.0,1.79,0.0,-1.05,31.56
111,IRET.K,iREIT MarketVector Quality REIT Index ETF,5,120,14,24,54,1.0,10.0,1.79,0.0,-4.17,34.6
111,GERM.K,Amplify Treatments Testing And Advancements ETF,5,120,14,24,54,1.0,10.0,1.79,0.0,-1.65,31.6
111,GBUY.K,Goldman Sachs Future Consumer Equity ETF,5,120,14,24,54,1.0,10.0,1.79,0.0,-0.88,36.16
111,CNCR.O,Range Cancer Therapeutics ETF,5,120,14,24,54,1.0,10.0,1.79,0.0,-0.53,33.74
111,AWAY.K,Amplify Travel Tech ETF,5,120,14,24,54,1.0,10.0,1.79,0.0,0.75,34.41
111,KGRN.K,KraneShares MSCI China Clean Technology Index ETF,5,120,14,24,54,1.0,10.0,1.79,0.0,2.25,33.1
111,URA,Global X Uranium ETF,5,120,14,24,54,1.0,10.0,1.79,-17.06,-3.25,34.98
111,GNOM.O,Global X Genomics And Biotechnology ETF,5,120,14,24,54,1.0,10.0,1.79,0.0,0.28,35.38
111,BRF,VanEck Brazil Small-Cap ETF,5,120,14,24,54,1.0,10.0,1.79,0.0,-3.03,32.55
111,OILK.K,ProShares K-1 Free Crude Oil Strategy ETF,5,120,14,24,54,1.0,10.0,1.79,0.0,-2.24,38.48
111,FLBR.K,Franklin FTSE Brazil ETF,5,120,14,24,54,1.0,10.0,1.79,0.0,0.75,35.18
111,EWZS.O,iShares MSCI Brazil Small-Cap ETF,5,120,14,24,54,1.0,10.0,1.79,0.0,0.55,34.1
111,PBW,Invesco WilderHill Clean Energy ETF,5,120,14,24,54,1.0,10.0,1.79,0.0,0.76,34.46
111,ISHP.O,First Trust S-Network E-Commerce ETF,5,120,14,24,54,1.0,10.0,1.79,0.0,0.46,32.68
111,EWZ,Ishares Msci Brazil ETF,5,120,14,24,54,1.0,10.0,1.79,0.0,-0.46,33.74
111,PBW,Invesco WilderHill Clean Energy ETF,5,60,14,24,59,1.0,10.0,1.74,11.23,0.76,34.46
111,USO,United States Oil Fund LP,5,120,14,34,79,1.0,10.0,1.74,-7.88,-2.4,35.7
111,PBW,Invesco WilderHill Clean Energy ETF,5,120,14,34,79,1.0,10.0,1.74,8.57,0.76,34.46
111,EWZS.O,iShares MSCI Brazil Small-Cap ETF,5,120,14,34,79,1.0,10.0,1.74,5.69,0.55,34.1
111,FLBR.K,Franklin FTSE Brazil ETF,5,120,14,34,79,1.0,10.0,1.74,0.0,0.75,35.18
111,OILK.K,ProShares K-1 Free Crude Oil Strategy ETF,5,120,14,34,79,1.0,10.0,1.74,4.36,-2.24,38.48
111,BRF,VanEck Brazil Small-Cap ETF,5,120,14,34,79,1.0,10.0,1.74,2.59,-3.03,32.55
111,GNOM.O,Global X Genomics And Biotechnology ETF,5,120,14,34,79,1.0,10.0,1.74,-10.7,0.28,35.38
111,EWZ,Ishares Msci Brazil ETF,5,60,14,24,59,1.0,10.0,1.74,-6.74,-0.46,33.74
111,KURE.K,KraneShares MSCI All China Health Care Index ETF,5,120,14,34,79,1.0,10.0,1.74,-21.84,-3.51,32.73
111,DAT,ProShares Big Data Refiners ETF,5,120,14,34,79,1.0,10.0,1.74,28.97,0.74,35.16
111,AWAY.K,Amplify Travel Tech ETF,5,120,14,34,79,1.0,10.0,1.74,0.0,0.75,34.41
111,CNCR.O,Range Cancer Therapeutics ETF,5,120,14,34,79,1.0,10.0,1.74,-7.27,-0.53,33.74
111,GBUY.K,Goldman Sachs Future Consumer Equity ETF,5,120,14,34,79,1.0,10.0,1.74,0.0,-0.88,36.16
111,GERM.K,Amplify Treatments Testing And Advancements ETF,5,120,14,34,79,1.0,10.0,1.74,0.0,-1.65,31.6
111,IRET.K,iREIT MarketVector Quality REIT Index ETF,5,120,14,34,79,1.0,10.0,1.74,-9.64,-4.17,34.6
111,MVPS.K,Amplify Thematic All-Stars ETF,5,120,14,34,79,1.0,10.0,1.74,9.62,-1.05,31.56
111,ISHP.O,First Trust S-Network E-Commerce ETF,5,120,14,34,79,1.0,10.0,1.74,0.0,0.46,32.68
111,URA,Global X Uranium ETF,5,60,14,24,59,1.0,10.0,1.74,-13.82,-3.25,34.98
111,URA,Global X Uranium ETF,5,120,14,34,79,1.0,10.0,1.74,-6.19,-3.25,34.98
111,KGRN.K,KraneShares MSCI China Clean Technology Index ETF,5,120,14,34,79,1.0,10.0,1.74,41.68,2.25,33.1
111,EWZ,Ishares Msci Brazil ETF,5,120,14,34,79,1.0,10.0,1.74,-4.95,-0.46,33.74
111,AWAY.K,Amplify Travel Tech ETF,5,60,14,24,59,1.0,10.0,1.74,0.0,0.75,34.41
111,FLBR.K,Franklin FTSE Brazil ETF,5,60,14,24,59,1.0,10.0,1.74,0.0,0.75,35.18
111,OILK.K,ProShares K-1 Free Crude Oil Strategy ETF,5,60,14,24,59,1.0,10.0,1.74,0.0,-2.24,38.48
111,BRF,VanEck Brazil Small-Cap ETF,5,60,14,24,59,1.0,10.0,1.74,0.0,-3.03,32.55
111,GNOM.O,Global X Genomics And Biotechnology ETF,5,60,14,24,59,1.0,10.0,1.74,0.0,0.28,35.38
111,KGRN.K,KraneShares MSCI China Clean Technology Index ETF,5,60,14,24,59,1.0,10.0,1.74,0.0,2.25,33.1
111,KURE.K,KraneShares MSCI All China Health Care Index ETF,5,60,14,24,59,1.0,10.0,1.74,0.0,-3.51,32.73
111,DAT,ProShares Big Data Refiners ETF,5,60,14,24,59,1.0,10.0,1.74,48.13,0.74,35.16
111,EWZS.O,iShares MSCI Brazil Small-Cap ETF,5,60,14,24,59,1.0,10.0,1.74,0.0,0.55,34.1
111,CNCR.O,Range Cancer Therapeutics ETF,5,60,14,24,59,1.0,10.0,1.74,0.0,-0.53,33.74
111,GERM.K,Amplify Treatments Testing And Advancements ETF,5,60,14,24,59,1.0,10.0,1.74,0.0,-1.65,31.6
111,IRET.K,iREIT MarketVector Quality REIT Index ETF,5,60,14,24,59,1.0,10.0,1.74,0.0,-4.17,34.6
111,MVPS.K,Amplify Thematic All-Stars ETF,5,60,14,24,59,1.0,10.0,1.74,0.0,-1.05,31.56
111,ISHP.O,First Trust S-Network E-Commerce ETF,5,60,14,24,59,1.0,10.0,1.74,0.0,0.46,32.68
111,USO,United States Oil Fund LP,5,60,14,24,59,1.0,10.0,1.74,-5.67,-2.4,35.7
111,GBUY.K,Goldman Sachs Future Consumer Equity ETF,5,60,14,24,59,1.0,10.0,1.74,0.0,-0.88,36.16
111,KURE.K,KraneShares MSCI All China Health Care Index ETF,5,60,14,34,74,1.0,10.0,1.35,-20.47,-3.51,32.73
111,MVPS.K,Amplify Thematic All-Stars ETF,5,60,14,34,74,1.0,10.0,1.35,8.22,-1.05,31.56
111,IRET.K,iREIT MarketVector Quality REIT Index ETF,5,60,14,34,74,1.0,10.0,1.35,-9.38,-4.17,34.6
111,GERM.K,Amplify Treatments Testing And Advancements ETF,5,60,14,34,74,1.0,10.0,1.35,14.5,-1.65,31.6
111,GBUY.K,Goldman Sachs Future Consumer Equity ETF,5,60,14,34,74,1.0,10.0,1.35,0.0,-0.88,36.16
111,CNCR.O,Range Cancer Therapeutics ETF,5,60,14,34,74,1.0,10.0,1.35,-10.77,-0.53,33.74
111,AWAY.K,Amplify Travel Tech ETF,5,60,14,34,74,1.0,10.0,1.35,10.11,0.75,34.41
111,DAT,ProShares Big Data Refiners ETF,5,60,14,34,74,1.0,10.0,1.35,30.07,0.74,35.16
111,OILK.K,ProShares K-1 Free Crude Oil Strategy ETF,5,60,14,34,74,1.0,10.0,1.35,6.58,-2.24,38.48
111,KGRN.K,KraneShares MSCI China Clean Technology Index ETF,5,60,14,34,74,1.0,10.0,1.35,33.42,2.25,33.1
111,GNOM.O,Global X Genomics And Biotechnology ETF,5,60,14,34,74,1.0,10.0,1.35,-8.63,0.28,35.38
111,BRF,VanEck Brazil Small-Cap ETF,5,60,14,34,74,1.0,10.0,1.35,-9.19,-3.03,32.55
111,FLBR.K,Franklin FTSE Brazil ETF,5,60,14,34,74,1.0,10.0,1.35,-0.13,0.75,35.18
111,EWZS.O,iShares MSCI Brazil Small-Cap ETF,5,60,14,34,74,1.0,10.0,1.35,0.16,0.55,34.1
111,PBW,Invesco WilderHill Clean Energy ETF,5,60,14,34,74,1.0,10.0,1.35,3.24,0.76,34.46
111,URA,Global X Uranium ETF,5,60,14,34,74,1.0,10.0,1.35,-9.5,-3.25,34.98
111,EWZ,Ishares Msci Brazil ETF,5,60,14,34,74,1.0,10.0,1.35,-6.18,-0.46,33.74
111,ISHP.O,First Trust S-Network E-Commerce ETF,5,60,14,34,74,1.0,10.0,1.35,0.0,0.46,32.68
111,USO,United States Oil Fund LP,5,60,14,34,74,1.0,10.0,1.35,-6.43,-2.4,35.7
111,DAT,ProShares Big Data Refiners ETF,5,120,14,24,79,1.0,10.0,1.15,28.97,0.74,35.16
111,GNOM.O,Global X Genomics And Biotechnology ETF,5,120,14,24,79,1.0,10.0,1.15,0.0,0.28,35.38
111,ISHP.O,First Trust S-Network E-Commerce ETF,5,120,14,24,79,1.0,10.0,1.15,0.0,0.46,32.68
111,MVPS.K,Amplify Thematic All-Stars ETF,5,120,14,24,79,1.0,10.0,1.15,0.0,-1.05,31.56
111,IRET.K,iREIT MarketVector Quality REIT Index ETF,5,120,14,24,79,1.0,10.0,1.15,0.0,-4.17,34.6
111,GERM.K,Amplify Treatments Testing And Advancements ETF,5,120,14,24,79,1.0,10.0,1.15,0.0,-1.65,31.6
111,GBUY.K,Goldman Sachs Future Consumer Equity ETF,5,120,14,24,79,1.0,10.0,1.15,0.0,-0.88,36.16
111,AWAY.K,Amplify Travel Tech ETF,5,120,14,24,79,1.0,10.0,1.15,0.0,0.75,34.41
111,KURE.K,KraneShares MSCI All China Health Care Index ETF,5,120,14,24,79,1.0,10.0,1.15,0.0,-3.51,32.73
111,KGRN.K,KraneShares MSCI China Clean Technology Index ETF,5,120,14,24,79,1.0,10.0,1.15,0.0,2.25,33.1
111,CNCR.O,Range Cancer Therapeutics ETF,5,120,14,24,79,1.0,10.0,1.15,0.0,-0.53,33.74
111,BRF,VanEck Brazil Small-Cap ETF,5,120,14,24,79,1.0,10.0,1.15,0.0,-3.03,32.55
111,PBW,Invesco WilderHill Clean Energy ETF,5,120,14,24,79,1.0,10.0,1.15,0.0,0.76,34.46
111,OILK.K,ProShares K-1 Free Crude Oil Strategy ETF,5,120,14,24,79,1.0,10.0,1.15,0.0,-2.24,38.48
111,USO,United States Oil Fund LP,5,120,14,24,79,1.0,10.0,1.15,-0.95,-2.4,35.7
111,URA,Global X Uranium ETF,5,120,14,24,79,1.0,10.0,1.15,-6.19,-3.25,34.98
111,EWZ,Ishares Msci Brazil ETF,5,120,14,24,79,1.0,10.0,1.15,0.0,-0.46,33.74
111,EWZS.O,iShares MSCI Brazil Small-Cap ETF,5,120,14,24,79,1.0,10.0,1.15,0.0,0.55,34.1
111,FLBR.K,Franklin FTSE Brazil ETF,5,120,14,24,79,1.0,10.0,1.15,0.0,0.75,35.18
111,GNOM.O,Global X Genomics And Biotechnology ETF,5,60,14,49,54,1.0,10.0,1.11,-12.68,0.28,35.38
111,EWZ,Ishares Msci Brazil ETF,5,60,14,49,54,1.0,10.0,1.11,7.09,-0.46,33.74
111,USO,United States Oil Fund LP,5,60,14,49,54,1.0,10.0,1.11,-2.81,-2.4,35.7
111,URA,Global X Uranium ETF,5,60,14,49,54,1.0,10.0,1.11,-13.44,-3.25,34.98
111,PBW,Invesco WilderHill Clean Energy ETF,5,60,14,49,54,1.0,10.0,1.11,-15.28,0.76,34.46
111,EWZS.O,iShares MSCI Brazil Small-Cap ETF,5,60,14,49,54,1.0,10.0,1.11,9.88,0.55,34.1
111,FLBR.K,Franklin FTSE Brazil ETF,5,60,14,49,54,1.0,10.0,1.11,16.24,0.75,35.18
111,OILK.K,ProShares K-1 Free Crude Oil Strategy ETF,5,60,14,49,54,1.0,10.0,1.11,-13.02,-2.24,38.48
111,BRF,VanEck Brazil Small-Cap ETF,5,60,14,49,54,1.0,10.0,1.11,-3.75,-3.03,32.55
111,CNCR.O,Range Cancer Therapeutics ETF,5,60,14,49,54,1.0,10.0,1.11,3.57,-0.53,33.74
111,KGRN.K,KraneShares MSCI China Clean Technology Index ETF,5,60,14,49,54,1.0,10.0,1.11,-2.8,2.25,33.1
111,GERM.K,Amplify Treatments Testing And Advancements ETF,5,60,14,49,54,1.0,10.0,1.11,-12.17,-1.65,31.6
111,KURE.K,KraneShares MSCI All China Health Care Index ETF,5,60,14,49,54,1.0,10.0,1.11,-8.84,-3.51,32.73
111,MVPS.K,Amplify Thematic All-Stars ETF,5,60,14,49,54,1.0,10.0,1.11,10.81,-1.05,31.56
111,IRET.K,iREIT MarketVector Quality REIT Index ETF,5,60,14,49,54,1.0,10.0,1.11,1.55,-4.17,34.6
111,ISHP.O,First Trust S-Network E-Commerce ETF,5,60,14,49,54,1.0,10.0,1.11,13.48,0.46,32.68
111,GBUY.K,Goldman Sachs Future Consumer Equity ETF,5,60,14,49,54,1.0,10.0,1.11,15.32,-0.88,36.16
111,AWAY.K,Amplify Travel Tech ETF,5,60,14,49,54,1.0,10.0,1.11,-9.58,0.75,34.41
111,DAT,ProShares Big Data Refiners ETF,5,60,14,49,54,1.0,10.0,1.11,37.55,0.74,35.16
111,KGRN.K,KraneShares MSCI China Clean Technology Index ETF,5,60,14,24,79,1.0,10.0,1.08,0.0,2.25,33.1
111,ISHP.O,First Trust S-Network E-Commerce ETF,5,60,14,24,79,1.0,10.0,1.08,0.0,0.46,32.68
111,MVPS.K,Amplify Thematic All-Stars ETF,5,60,14,24,79,1.0,10.0,1.08,0.0,-1.05,31.56
111,IRET.K,iREIT MarketVector Quality REIT Index ETF,5,60,14,24,79,1.0,10.0,1.08,0.0,-4.17,34.6
111,GERM.K,Amplify Treatments Testing And Advancements ETF,5,60,14,24,79,1.0,10.0,1.08,0.0,-1.65,31.6
111,GBUY.K,Goldman Sachs Future Consumer Equity ETF,5,60,14,24,79,1.0,10.0,1.08,0.0,-0.88,36.16
111,CNCR.O,Range Cancer Therapeutics ETF,5,60,14,24,79,1.0,10.0,1.08,0.0,-0.53,33.74
111,AWAY.K,Amplify Travel Tech ETF,5,60,14,24,79,1.0,10.0,1.08,0.0,0.75,34.41
111,DAT,ProShares Big Data Refiners ETF,5,60,14,24,79,1.0,10.0,1.08,30.07,0.74,35.16
111,KURE.K,KraneShares MSCI All China Health Care Index ETF,5,60,14,24,79,1.0,10.0,1.08,0.0,-3.51,32.73
111,PBW,Invesco WilderHill Clean Energy ETF,5,60,14,24,79,1.0,10.0,1.08,8.75,0.76,34.46
111,GNOM.O,Global X Genomics And Biotechnology ETF,5,60,14,24,79,1.0,10.0,1.08,0.0,0.28,35.38
111,OILK.K,ProShares K-1 Free Crude Oil Strategy ETF,5,60,14,24,79,1.0,10.0,1.08,0.0,-2.24,38.48
111,FLBR.K,Franklin FTSE Brazil ETF,5,60,14,24,79,1.0,10.0,1.08,0.0,0.75,35.18
111,EWZS.O,iShares MSCI Brazil Small-Cap ETF,5,60,14,24,79,1.0,10.0,1.08,0.0,0.55,34.1
111,URA,Global X Uranium ETF,5,60,14,24,79,1.0,10.0,1.08,-5.61,-3.25,34.98
111,USO,United States Oil Fund LP,5,60,14,24,79,1.0,10.0,1.08,-6.43,-2.4,35.7
111,EWZ,Ishares Msci Brazil ETF,5,60,14,24,79,1.0,10.0,1.08,-6.18,-0.46,33.74
111,BRF,VanEck Brazil Small-Cap ETF,5,60,14,24,79,1.0,10.0,1.08,0.0,-3.03,32.55
111,CNCR.O,Range Cancer Therapeutics ETF,5,120,14,49,54,1.0,10.0,1.05,10.01,-0.53,33.74
111,KURE.K,KraneShares MSCI All China Health Care Index ETF,5,120,14,49,54,1.0,10.0,1.05,-10.81,-3.51,32.73
111,DAT,ProShares Big Data Refiners ETF,5,120,14,49,54,1.0,10.0,1.05,36.71,0.74,35.16
111,AWAY.K,Amplify Travel Tech ETF,5,120,14,49,54,1.0,10.0,1.05,14.89,0.75,34.41
111,MVPS.K,Amplify Thematic All-Stars ETF,5,120,14,49,54,1.0,10.0,1.05,12.66,-1.05,31.56
111,GBUY.K,Goldman Sachs Future Consumer Equity ETF,5,120,14,49,54,1.0,10.0,1.05,6.43,-0.88,36.16
111,GERM.K,Amplify Treatments Testing And Advancements ETF,5,120,14,49,54,1.0,10.0,1.05,-12.82,-1.65,31.6
111,IRET.K,iREIT MarketVector Quality REIT Index ETF,5,120,14,49,54,1.0,10.0,1.05,-3.1,-4.17,34.6
111,ISHP.O,First Trust S-Network E-Commerce ETF,5,120,14,49,54,1.0,10.0,1.05,14.85,0.46,32.68
111,KGRN.K,KraneShares MSCI China Clean Technology Index ETF,5,120,14,49,54,1.0,10.0,1.05,-9.63,2.25,33.1
111,GNOM.O,Global X Genomics And Biotechnology ETF,5,120,14,49,54,1.0,10.0,1.05,-10.7,0.28,35.38
111,OILK.K,ProShares K-1 Free Crude Oil Strategy ETF,5,120,14,49,54,1.0,10.0,1.05,-14.55,-2.24,38.48
111,FLBR.K,Franklin FTSE Brazil ETF,5,120,14,49,54,1.0,10.0,1.05,17.82,0.75,35.18
111,EWZS.O,iShares MSCI Brazil Small-Cap ETF,5,120,14,49,54,1.0,10.0,1.05,2.19,0.55,34.1
111,PBW,Invesco WilderHill Clean Energy ETF,5,120,14,49,54,1.0,10.0,1.05,-16.31,0.76,34.46
111,URA,Global X Uranium ETF,5,120,14,49,54,1.0,10.0,1.05,-13.97,-3.25,34.98
111,USO,United States Oil Fund LP,5,120,14,49,54,1.0,10.0,1.05,-9.34,-2.4,35.7
111,EWZ,Ishares Msci Brazil ETF,5,120,14,49,54,1.0,10.0,1.05,8.33,-0.46,33.74
111,BRF,VanEck Brazil Small-Cap ETF,5,120,14,49,54,1.0,10.0,1.05,-2.62,-3.03,32.55
111,USO,United States Oil Fund LP,5,120,14,24,74,1.0,10.0,0.94,-0.95,-2.4,35.7
111,FLBR.K,Franklin FTSE Brazil ETF,5,120,14,24,74,1.0,10.0,0.94,0.0,0.75,35.18
111,GNOM.O,Global X Genomics And Biotechnology ETF,5,120,14,24,74,1.0,10.0,0.94,0.0,0.28,35.38
111,BRF,VanEck Brazil Small-Cap ETF,5,120,14,24,74,1.0,10.0,0.94,0.0,-3.03,32.55
111,OILK.K,ProShares K-1 Free Crude Oil Strategy ETF,5,120,14,24,74,1.0,10.0,0.94,0.0,-2.24,38.48
111,KURE.K,KraneShares MSCI All China Health Care Index ETF,5,120,14,24,74,1.0,10.0,0.94,0.0,-3.51,32.73
111,EWZS.O,iShares MSCI Brazil Small-Cap ETF,5,120,14,24,74,1.0,10.0,0.94,0.0,0.55,34.1
111,PBW,Invesco WilderHill Clean Energy ETF,5,120,14,24,74,1.0,10.0,0.94,0.0,0.76,34.46
111,URA,Global X Uranium ETF,5,120,14,24,74,1.0,10.0,0.94,-10.24,-3.25,34.98
111,KGRN.K,KraneShares MSCI China Clean Technology Index ETF,5,120,14,24,74,1.0,10.0,0.94,0.0,2.25,33.1
111,EWZ,Ishares Msci Brazil ETF,5,120,14,24,74,1.0,10.0,0.94,0.0,-0.46,33.74
111,DAT,ProShares Big Data Refiners ETF,5,120,14,24,74,1.0,10.0,0.94,28.97,0.74,35.16
111,CNCR.O,Range Cancer Therapeutics ETF,5,120,14,24,74,1.0,10.0,0.94,0.0,-0.53,33.74
111,GBUY.K,Goldman Sachs Future Consumer Equity ETF,5,120,14,24,74,1.0,10.0,0.94,0.0,-0.88,36.16
111,GERM.K,Amplify Treatments Testing And Advancements ETF,5,120,14,24,74,1.0,10.0,0.94,0.0,-1.65,31.6
111,IRET.K,iREIT MarketVector Quality REIT Index ETF,5,120,14,24,74,1.0,10.0,0.94,0.0,-4.17,34.6
111,MVPS.K,Amplify Thematic All-Stars ETF,5,120,14,24,74,1.0,10.0,0.94,0.0,-1.05,31.56
111,ISHP.O,First Trust S-Network E-Commerce ETF,5,120,14,24,74,1.0,10.0,0.94,0.0,0.46,32.68
111,AWAY.K,Amplify Travel Tech ETF,5,120,14,24,74,1.0,10.0,0.94,0.0,0.75,34.41
111,GBUY.K,Goldman Sachs Future Consumer Equity ETF,5,60,14,34,69,1.0,10.0,0.85,0.0,-0.88,36.16
111,DAT,ProShares Big Data Refiners ETF,5,60,14,34,69,1.0,10.0,0.85,30.07,0.74,35.16
111,AWAY.K,Amplify Travel Tech ETF,5,60,14,34,69,1.0,10.0,0.85,10.11,0.75,34.41
111,ISHP.O,First Trust S-Network E-Commerce ETF,5,60,14,34,69,1.0,10.0,0.85,0.0,0.46,32.68
111,GERM.K,Amplify Treatments Testing And Advancements ETF,5,60,14,34,69,1.0,10.0,0.85,14.5,-1.65,31.6
111,IRET.K,iREIT MarketVector Quality REIT Index ETF,5,60,14,34,69,1.0,10.0,0.85,-9.22,-4.17,34.6
111,MVPS.K,Amplify Thematic All-Stars ETF,5,60,14,34,69,1.0,10.0,0.85,8.22,-1.05,31.56
111,KGRN.K,KraneShares MSCI China Clean Technology Index ETF,5,60,14,34,69,1.0,10.0,0.85,27.23,2.25,33.1
111,KURE.K,KraneShares MSCI All China Health Care Index ETF,5,60,14,34,69,1.0,10.0,0.85,-20.47,-3.51,32.73
111,CNCR.O,Range Cancer Therapeutics ETF,5,60,14,34,69,1.0,10.0,0.85,-10.77,-0.53,33.74
111,GNOM.O,Global X Genomics And Biotechnology ETF,5,60,14,34,69,1.0,10.0,0.85,-8.63,0.28,35.38
111,PBW,Invesco WilderHill Clean Energy ETF,5,60,14,34,69,1.0,10.0,0.85,1.78,0.76,34.46
111,BRF,VanEck Brazil Small-Cap ETF,5,60,14,34,69,1.0,10.0,0.85,-9.19,-3.03,32.55
111,USO,United States Oil Fund LP,5,60,14,34,69,1.0,10.0,0.85,-6.43,-2.4,35.7
111,URA,Global X Uranium ETF,5,60,14,34,69,1.0,10.0,0.85,-11.52,-3.25,34.98
111,EWZ,Ishares Msci Brazil ETF,5,60,14,34,69,1.0,10.0,0.85,-6.18,-0.46,33.74
111,EWZS.O,iShares MSCI Brazil Small-Cap ETF,5,60,14,34,69,1.0,10.0,0.85,0.16,0.55,34.1
111,OILK.K,ProShares K-1 Free Crude Oil Strategy ETF,5,60,14,34,69,1.0,10.0,0.85,6.58,-2.24,38.48
111,FLBR.K,Franklin FTSE Brazil ETF,5,60,14,34,69,1.0,10.0,0.85,-0.13,0.75,35.18
111,KURE.K,KraneShares MSCI All China Health Care Index ETF,5,120,14,24,69,1.0,10.0,0.83,0.0,-3.51,32.73
111,MVPS.K,Amplify Thematic All-Stars ETF,5,120,14,24,69,1.0,10.0,0.83,0.0,-1.05,31.56
111,IRET.K,iREIT MarketVector Quality REIT Index ETF,5,120,14,24,69,1.0,10.0,0.83,0.0,-4.17,34.6
111,GERM.K,Amplify Treatments Testing And Advancements ETF,5,120,14,24,69,1.0,10.0,0.83,0.0,-1.65,31.6
111,GBUY.K,Goldman Sachs Future Consumer Equity ETF,5,120,14,24,69,1.0,10.0,0.83,0.0,-0.88,36.16
111,CNCR.O,Range Cancer Therapeutics ETF,5,120,14,24,69,1.0,10.0,0.83,0.0,-0.53,33.74
111,AWAY.K,Amplify Travel Tech ETF,5,120,14,24,69,1.0,10.0,0.83,0.0,0.75,34.41
111,DAT,ProShares Big Data Refiners ETF,5,120,14,24,69,1.0,10.0,0.83,28.97,0.74,35.16
111,GNOM.O,Global X Genomics And Biotechnology ETF,5,120,14,24,69,1.0,10.0,0.83,0.0,0.28,35.38
111,KGRN.K,KraneShares MSCI China Clean Technology Index ETF,5,120,14,24,69,1.0,10.0,0.83,0.0,2.25,33.1
111,BRF,VanEck Brazil Small-Cap ETF,5,120,14,24,69,1.0,10.0,0.83,0.0,-3.03,32.55
111,OILK.K,ProShares K-1 Free Crude Oil Strategy ETF,5,120,14,24,69,1.0,10.0,0.83,0.0,-2.24,38.48
111,EWZS.O,iShares MSCI Brazil Small-Cap ETF,5,120,14,24,69,1.0,10.0,0.83,0.0,0.55,34.1
111,PBW,Invesco WilderHill Clean Energy ETF,5,120,14,24,69,1.0,10.0,0.83,0.0,0.76,34.46
111,USO,United States Oil Fund LP,5,120,14,24,69,1.0,10.0,0.83,-0.95,-2.4,35.7
111,EWZ,Ishares Msci Brazil ETF,5,120,14,24,69,1.0,10.0,0.83,0.0,-0.46,33.74
111,URA,Global X Uranium ETF,5,120,14,24,69,1.0,10.0,0.83,-12.25,-3.25,34.98
111,FLBR.K,Franklin FTSE Brazil ETF,5,120,14,24,69,1.0,10.0,0.83,0.0,0.75,35.18
111,ISHP.O,First Trust S-Network E-Commerce ETF,5,120,14,24,69,1.0,10.0,0.83,0.0,0.46,32.68
111,ISHP.O,First Trust S-Network E-Commerce ETF,5,60,14,39,54,1.0,10.0,0.75,0.0,0.46,32.68
111,KGRN.K,KraneShares MSCI China Clean Technology Index ETF,5,60,14,39,54,1.0,10.0,0.75,7.99,2.25,33.1
111,EWZ,Ishares Msci Brazil ETF,5,60,14,39,54,1.0,10.0,0.75,5.79,-0.46,33.74
111,MVPS.K,Amplify Thematic All-Stars ETF,5,60,14,39,54,1.0,10.0,0.75,10.81,-1.05,31.56
111,IRET.K,iREIT MarketVector Quality REIT Index ETF,5,60,14,39,54,1.0,10.0,0.75,-2.26,-4.17,34.6
111,GERM.K,Amplify Treatments Testing And Advancements ETF,5,60,14,39,54,1.0,10.0,0.75,-12.17,-1.65,31.6
111,GBUY.K,Goldman Sachs Future Consumer Equity ETF,5,60,14,39,54,1.0,10.0,0.75,0.0,-0.88,36.16
111,AWAY.K,Amplify Travel Tech ETF,5,60,14,39,54,1.0,10.0,0.75,4.94,0.75,34.41
111,DAT,ProShares Big Data Refiners ETF,5,60,14,39,54,1.0,10.0,0.75,37.55,0.74,35.16
111,KURE.K,KraneShares MSCI All China Health Care Index ETF,5,60,14,39,54,1.0,10.0,0.75,-20.47,-3.51,32.73
111,CNCR.O,Range Cancer Therapeutics ETF,5,60,14,39,54,1.0,10.0,0.75,4.81,-0.53,33.74
111,GNOM.O,Global X Genomics And Biotechnology ETF,5,60,14,39,54,1.0,10.0,0.75,-12.68,0.28,35.38
111,EWZS.O,iShares MSCI Brazil Small-Cap ETF,5,60,14,39,54,1.0,10.0,0.75,1.39,0.55,34.1
111,BRF,VanEck Brazil Small-Cap ETF,5,60,14,39,54,1.0,10.0,0.75,-6.54,-3.03,32.55
111,URA,Global X Uranium ETF,5,60,14,39,54,1.0,10.0,0.75,-16.31,-3.25,34.98
111,PBW,Invesco WilderHill Clean Energy ETF,5,60,14,39,54,1.0,10.0,0.75,-13.12,0.76,34.46
111,USO,United States Oil Fund LP,5,60,14,39,54,1.0,10.0,0.75,-7.7,-2.4,35.7
111,FLBR.K,Franklin FTSE Brazil ETF,5,60,14,39,54,1.0,10.0,0.75,45.31,0.75,35.18
111,OILK.K,ProShares K-1 Free Crude Oil Strategy ETF,5,60,14,39,54,1.0,10.0,0.75,-13.02,-2.24,38.48
111,GNOM.O,Global X Genomics And Biotechnology ETF,5,60,14,44,64,1.0,10.0,0.71,-12.68,0.28,35.38
111,IRET.K,iREIT MarketVector Quality REIT Index ETF,5,60,14,44,64,1.0,10.0,0.71,3.57,-4.17,34.6
111,GERM.K,Amplify Treatments Testing And Advancements ETF,5,60,14,44,64,1.0,10.0,0.71,-12.17,-1.65,31.6
111,GBUY.K,Goldman Sachs Future Consumer Equity ETF,5,60,14,44,64,1.0,10.0,0.71,12.42,-0.88,36.16
111,CNCR.O,Range Cancer Therapeutics ETF,5,60,14,44,64,1.0,10.0,0.71,1.43,-0.53,33.74
111,AWAY.K,Amplify Travel Tech ETF,5,60,14,44,64,1.0,10.0,0.71,2.23,0.75,34.41
111,DAT,ProShares Big Data Refiners ETF,5,60,14,44,64,1.0,10.0,0.71,48.13,0.74,35.16
111,KURE.K,KraneShares MSCI All China Health Care Index ETF,5,60,14,44,64,1.0,10.0,0.71,-1.2,-3.51,32.73
111,KGRN.K,KraneShares MSCI China Clean Technology Index ETF,5,60,14,44,64,1.0,10.0,0.71,-1.44,2.25,33.1
111,MVPS.K,Amplify Thematic All-Stars ETF,5,60,14,44,64,1.0,10.0,0.71,8.22,-1.05,31.56
111,BRF,VanEck Brazil Small-Cap ETF,5,60,14,44,64,1.0,10.0,0.71,-3.6,-3.03,32.55
111,OILK.K,ProShares K-1 Free Crude Oil Strategy ETF,5,60,14,44,64,1.0,10.0,0.71,-13.02,-2.24,38.48
111,FLBR.K,Franklin FTSE Brazil ETF,5,60,14,44,64,1.0,10.0,0.71,-0.13,0.75,35.18
111,EWZS.O,iShares MSCI Brazil Small-Cap ETF,5,60,14,44,64,1.0,10.0,0.71,1.39,0.55,34.1
111,PBW,Invesco WilderHill Clean Energy ETF,5,60,14,44,64,1.0,10.0,0.71,-3.72,0.76,34.46
111,URA,Global X Uranium ETF,5,60,14,44,64,1.0,10.0,0.71,-12.06,-3.25,34.98
111,USO,United States Oil Fund LP,5,60,14,44,64,1.0,10.0,0.71,-10.15,-2.4,35.7
111,EWZ,Ishares Msci Brazil ETF,5,60,14,44,64,1.0,10.0,0.71,-4.67,-0.46,33.74
111,ISHP.O,First Trust S-Network E-Commerce ETF,5,60,14,44,64,1.0,10.0,0.71,10.99,0.46,32.68
111,EWZ,Ishares Msci Brazil ETF,5,60,14,24,54,1.0,10.0,0.65,-5.4,-0.46,33.74
111,USO,United States Oil Fund LP,5,60,14,24,54,1.0,10.0,0.65,-8.43,-2.4,35.7
111,KURE.K,KraneShares MSCI All China Health Care Index ETF,5,60,14,24,54,1.0,10.0,0.65,0.0,-3.51,32.73
111,MVPS.K,Amplify Thematic All-Stars ETF,5,60,14,24,54,1.0,10.0,0.65,0.0,-1.05,31.56
111,IRET.K,iREIT MarketVector Quality REIT Index ETF,5,60,14,24,54,1.0,10.0,0.65,0.0,-4.17,34.6
111,GERM.K,Amplify Treatments Testing And Advancements ETF,5,60,14,24,54,1.0,10.0,0.65,0.0,-1.65,31.6
111,GBUY.K,Goldman Sachs Future Consumer Equity ETF,5,60,14,24,54,1.0,10.0,0.65,0.0,-0.88,36.16
111,CNCR.O,Range Cancer Therapeutics ETF,5,60,14,24,54,1.0,10.0,0.65,0.0,-0.53,33.74
111,AWAY.K,Amplify Travel Tech ETF,5,60,14,24,54,1.0,10.0,0.65,0.0,0.75,34.41
111,DAT,ProShares Big Data Refiners ETF,5,60,14,24,54,1.0,10.0,0.65,37.55,0.74,35.16
111,ISHP.O,First Trust S-Network E-Commerce ETF,5,60,14,24,54,1.0,10.0,0.65,0.0,0.46,32.68
111,KGRN.K,KraneShares MSCI China Clean Technology Index ETF,5,60,14,24,54,1.0,10.0,0.65,0.0,2.25,33.1
111,BRF,VanEck Brazil Small-Cap ETF,5,60,14,24,54,1.0,10.0,0.65,0.0,-3.03,32.55
111,OILK.K,ProShares K-1 Free Crude Oil Strategy ETF,5,60,14,24,54,1.0,10.0,0.65,0.0,-2.24,38.48
111,FLBR.K,Franklin FTSE Brazil ETF,5,60,14,24,54,1.0,10.0,0.65,0.0,0.75,35.18
111,EWZS.O,iShares MSCI Brazil Small-Cap ETF,5,60,14,24,54,1.0,10.0,0.65,0.0,0.55,34.1
111,PBW,Invesco WilderHill Clean Energy ETF,5,60,14,24,54,1.0,10.0,0.65,4.89,0.76,34.46
111,URA,Global X Uranium ETF,5,60,14,24,54,1.0,10.0,0.65,-16.31,-3.25,34.98
111,GNOM.O,Global X Genomics And Biotechnology ETF,5,60,14,24,54,1.0,10.0,0.65,0.0,0.28,35.38
111,KGRN.K,KraneShares MSCI China Clean Technology Index ETF,5,60,14,24,74,1.0,10.0,0.6,0.0,2.25,33.1
111,URA,Global X Uranium ETF,5,60,14,24,74,1.0,10.0,0.6,-9.5,-3.25,34.98
111,PBW,Invesco WilderHill Clean Energy ETF,5,60,14,24,74,1.0,10.0,0.6,3.48,0.76,34.46
111,EWZS.O,iShares MSCI Brazil Small-Cap ETF,5,60,14,24,74,1.0,10.0,0.6,0.0,0.55,34.1
111,FLBR.K,Franklin FTSE Brazil ETF,5,60,14,24,74,1.0,10.0,0.6,0.0,0.75,35.18
111,OILK.K,ProShares K-1 Free Crude Oil Strategy ETF,5,60,14,24,74,1.0,10.0,0.6,0.0,-2.24,38.48
111,BRF,VanEck Brazil Small-Cap ETF,5,60,14,24,74,1.0,10.0,0.6,0.0,-3.03,32.55
111,GNOM.O,Global X Genomics And Biotechnology ETF,5,60,14,24,74,1.0,10.0,0.6,0.0,0.28,35.38
111,CNCR.O,Range Cancer Therapeutics ETF,5,60,14,24,74,1.0,10.0,0.6,0.0,-0.53,33.74
111,KURE.K,KraneShares MSCI All China Health Care Index ETF,5,60,14,24,74,1.0,10.0,0.6,0.0,-3.51,32.73
111,DAT,ProShares Big Data Refiners ETF,5,60,14,24,74,1.0,10.0,0.6,30.07,0.74,35.16
111,AWAY.K,Amplify Travel Tech ETF,5,60,14,24,74,1.0,10.0,0.6,0.0,0.75,34.41
111,GBUY.K,Goldman Sachs Future Consumer Equity ETF,5,60,14,24,74,1.0,10.0,0.6,0.0,-0.88,36.16
111,GERM.K,Amplify Treatments Testing And Advancements ETF,5,60,14,24,74,1.0,10.0,0.6,0.0,-1.65,31.6
111,IRET.K,iREIT MarketVector Quality REIT Index ETF,5,60,14,24,74,1.0,10.0,0.6,0.0,-4.17,34.6
111,MVPS.K,Amplify Thematic All-Stars ETF,5,60,14,24,74,1.0,10.0,0.6,0.0,-1.05,31.56
111,EWZ,Ishares Msci Brazil ETF,5,60,14,24,74,1.0,10.0,0.6,-6.18,-0.46,33.74
111,USO,United States Oil Fund LP,5,60,14,24,74,1.0,10.0,0.6,-6.43,-2.4,35.7
111,ISHP.O,First Trust S-Network E-Commerce ETF,5,60,14,24,74,1.0,10.0,0.6,0.0,0.46,32.68
111,MVPS.K,Amplify Thematic All-Stars ETF,5,60,14,44,59,1.0,10.0,0.51,8.22,-1.05,31.56
111,GNOM.O,Global X Genomics And Biotechnology ETF,5,120,14,34,74,1.0,10.0,0.51,-10.7,0.28,35.38
111,USO,United States Oil Fund LP,5,120,14,34,74,1.0,10.0,0.51,-7.88,-2.4,35.7
111,URA,Global X Uranium ETF,5,120,14,34,74,1.0,10.0,0.51,-10.24,-3.25,34.98
111,PBW,Invesco WilderHill Clean Energy ETF,5,120,14,34,74,1.0,10.0,0.51,3.27,0.76,34.46
111,EWZS.O,iShares MSCI Brazil Small-Cap ETF,5,120,14,34,74,1.0,10.0,0.51,5.69,0.55,34.1
111,FLBR.K,Franklin FTSE Brazil ETF,5,120,14,34,74,1.0,10.0,0.51,0.0,0.75,35.18
111,OILK.K,ProShares K-1 Free Crude Oil Strategy ETF,5,120,14,34,74,1.0,10.0,0.51,4.36,-2.24,38.48
111,BRF,VanEck Brazil Small-Cap ETF,5,120,14,34,74,1.0,10.0,0.51,2.59,-3.03,32.55
111,KGRN.K,KraneShares MSCI China Clean Technology Index ETF,5,120,14,34,74,1.0,10.0,0.51,27.67,2.25,33.1
111,ISHP.O,First Trust S-Network E-Commerce ETF,5,120,14,34,74,1.0,10.0,0.51,0.0,0.46,32.68
111,KURE.K,KraneShares MSCI All China Health Care Index ETF,5,120,14,34,74,1.0,10.0,0.51,-21.84,-3.51,32.73
111,DAT,ProShares Big Data Refiners ETF,5,120,14,34,74,1.0,10.0,0.51,28.97,0.74,35.16
111,AWAY.K,Amplify Travel Tech ETF,5,120,14,34,74,1.0,10.0,0.51,0.0,0.75,34.41
111,CNCR.O,Range Cancer Therapeutics ETF,5,120,14,34,74,1.0,10.0,0.51,-7.27,-0.53,33.74
111,GBUY.K,Goldman Sachs Future Consumer Equity ETF,5,120,14,34,74,1.0,10.0,0.51,0.0,-0.88,36.16
111,GERM.K,Amplify Treatments Testing And Advancements ETF,5,120,14,34,74,1.0,10.0,0.51,0.0,-1.65,31.6
111,IRET.K,iREIT MarketVector Quality REIT Index ETF,5,120,14,34,74,1.0,10.0,0.51,-9.64,-4.17,34.6
111,EWZ,Ishares Msci Brazil ETF,5,120,14,34,74,1.0,10.0,0.51,-4.95,-0.46,33.74
111,ISHP.O,First Trust S-Network E-Commerce ETF,5,60,14,44,59,1.0,10.0,0.51,10.99,0.46,32.68
111,EWZ,Ishares Msci Brazil ETF,5,60,14,44,59,1.0,10.0,0.51,-1.94,-0.46,33.74
111,USO,United States Oil Fund LP,5,60,14,44,59,1.0,10.0,0.51,-9.7,-2.4,35.7
111,IRET.K,iREIT MarketVector Quality REIT Index ETF,5,60,14,44,59,1.0,10.0,0.51,1.39,-4.17,34.6
111,GERM.K,Amplify Treatments Testing And Advancements ETF,5,60,14,44,59,1.0,10.0,0.51,-12.17,-1.65,31.6
111,GBUY.K,Goldman Sachs Future Consumer Equity ETF,5,60,14,44,59,1.0,10.0,0.51,11.59,-0.88,36.16
111,CNCR.O,Range Cancer Therapeutics ETF,5,60,14,44,59,1.0,10.0,0.51,4.59,-0.53,33.74
111,AWAY.K,Amplify Travel Tech ETF,5,60,14,44,59,1.0,10.0,0.51,2.23,0.75,34.41
111,DAT,ProShares Big Data Refiners ETF,5,60,14,44,59,1.0,10.0,0.51,48.13,0.74,35.16
111,KURE.K,KraneShares MSCI All China Health Care Index ETF,5,60,14,44,59,1.0,10.0,0.51,-5.74,-3.51,32.73
111,KGRN.K,KraneShares MSCI China Clean Technology Index ETF,5,60,14,44,59,1.0,10.0,0.51,-1.44,2.25,33.1
111,GNOM.O,Global X Genomics And Biotechnology ETF,5,60,14,44,59,1.0,10.0,0.51,-12.68,0.28,35.38
111,BRF,VanEck Brazil Small-Cap ETF,5,60,14,44,59,1.0,10.0,0.51,-2.53,-3.03,32.55
111,OILK.K,ProShares K-1 Free Crude Oil Strategy ETF,5,60,14,44,59,1.0,10.0,0.51,-13.02,-2.24,38.48
111,FLBR.K,Franklin FTSE Brazil ETF,5,60,14,44,59,1.0,10.0,0.51,-0.13,0.75,35.18
111,EWZS.O,iShares MSCI Brazil Small-Cap ETF,5,60,14,44,59,1.0,10.0,0.51,2.49,0.55,34.1
111,PBW,Invesco WilderHill Clean Energy ETF,5,60,14,44,59,1.0,10.0,0.51,-6.85,0.76,34.46
111,URA,Global X Uranium ETF,5,60,14,44,59,1.0,10.0,0.51,-13.82,-3.25,34.98
111,MVPS.K,Amplify Thematic All-Stars ETF,5,120,14,34,74,1.0,10.0,0.51,9.62,-1.05,31.56
111,ISHP.O,First Trust S-Network E-Commerce ETF,5,60,14,24,69,1.0,10.0,0.42,0.0,0.46,32.68
111,MVPS.K,Amplify Thematic All-Stars ETF,5,60,14,24,69,1.0,10.0,0.42,0.0,-1.05,31.56
111,KGRN.K,KraneShares MSCI China Clean Technology Index ETF,5,60,14,24,69,1.0,10.0,0.42,0.0,2.25,33.1
111,PBW,Invesco WilderHill Clean Energy ETF,5,60,14,24,69,1.0,10.0,0.42,1.99,0.76,34.46
111,EWZS.O,iShares MSCI Brazil Small-Cap ETF,5,60,14,24,69,1.0,10.0,0.42,0.0,0.55,34.1
111,FLBR.K,Franklin FTSE Brazil ETF,5,60,14,24,69,1.0,10.0,0.42,0.0,0.75,35.18
111,OILK.K,ProShares K-1 Free Crude Oil Strategy ETF,5,60,14,24,69,1.0,10.0,0.42,0.0,-2.24,38.48
111,BRF,VanEck Brazil Small-Cap ETF,5,60,14,24,69,1.0,10.0,0.42,0.0,-3.03,32.55
111,GNOM.O,Global X Genomics And Biotechnology ETF,5,60,14,24,69,1.0,10.0,0.42,0.0,0.28,35.38
111,KURE.K,KraneShares MSCI All China Health Care Index ETF,5,60,14,24,69,1.0,10.0,0.42,0.0,-3.51,32.73
111,USO,United States Oil Fund LP,5,60,14,24,69,1.0,10.0,0.42,-6.43,-2.4,35.7
111,DAT,ProShares Big Data Refiners ETF,5,60,14,24,69,1.0,10.0,0.42,30.07,0.74,35.16
111,AWAY.K,Amplify Travel Tech ETF,5,60,14,24,69,1.0,10.0,0.42,0.0,0.75,34.41
111,CNCR.O,Range Cancer Therapeutics ETF,5,60,14,24,69,1.0,10.0,0.42,0.0,-0.53,33.74
111,GBUY.K,Goldman Sachs Future Consumer Equity ETF,5,60,14,24,69,1.0,10.0,0.42,0.0,-0.88,36.16
111,GERM.K,Amplify Treatments Testing And Advancements ETF,5,60,14,24,69,1.0,10.0,0.42,0.0,-1.65,31.6
111,IRET.K,iREIT MarketVector Quality REIT Index ETF,5,60,14,24,69,1.0,10.0,0.42,0.0,-4.17,34.6
111,URA,Global X Uranium ETF,5,60,14,24,69,1.0,10.0,0.42,-11.52,-3.25,34.98
111,EWZ,Ishares Msci Brazil ETF,5,60,14,24,69,1.0,10.0,0.42,-6.18,-0.46,33.74
111,URA,Global X Uranium ETF,5,120,14,39,64,1.0,10.0,0.34,-12.8,-3.25,34.98
111,ISHP.O,First Trust S-Network E-Commerce ETF,5,120,14,39,64,1.0,10.0,0.34,0.0,0.46,32.68
111,PBW,Invesco WilderHill Clean Energy ETF,5,120,14,39,64,1.0,10.0,0.34,7.99,0.76,34.46
111,EWZS.O,iShares MSCI Brazil Small-Cap ETF,5,120,14,39,64,1.0,10.0,0.34,-6.05,0.55,34.1
111,FLBR.K,Franklin FTSE Brazil ETF,5,120,14,39,64,1.0,10.0,0.34,-3.69,0.75,35.18
111,OILK.K,ProShares K-1 Free Crude Oil Strategy ETF,5,120,14,39,64,1.0,10.0,0.34,4.36,-2.24,38.48
111,BRF,VanEck Brazil Small-Cap ETF,5,120,14,39,64,1.0,10.0,0.34,-4.99,-3.03,32.55
111,GNOM.O,Global X Genomics And Biotechnology ETF,5,120,14,39,64,1.0,10.0,0.34,-10.7,0.28,35.38
111,KGRN.K,KraneShares MSCI China Clean Technology Index ETF,5,120,14,39,64,1.0,10.0,0.34,17.3,2.25,33.1
111,KURE.K,KraneShares MSCI All China Health Care Index ETF,5,120,14,39,64,1.0,10.0,0.34,-21.84,-3.51,32.73
111,DAT,ProShares Big Data Refiners ETF,5,120,14,39,64,1.0,10.0,0.34,48.59,0.74,35.16
111,AWAY.K,Amplify Travel Tech ETF,5,120,14,39,64,1.0,10.0,0.34,9.49,0.75,34.41
111,CNCR.O,Range Cancer Therapeutics ETF,5,120,14,39,64,1.0,10.0,0.34,-7.27,-0.53,33.74
111,GBUY.K,Goldman Sachs Future Consumer Equity ETF,5,120,14,39,64,1.0,10.0,0.34,0.0,-0.88,36.16
111,GERM.K,Amplify Treatments Testing And Advancements ETF,5,120,14,39,64,1.0,10.0,0.34,-12.82,-1.65,31.6
111,IRET.K,iREIT MarketVector Quality REIT Index ETF,5,120,14,39,64,1.0,10.0,0.34,4.82,-4.17,34.6
111,MVPS.K,Amplify Thematic All-Stars ETF,5,120,14,39,64,1.0,10.0,0.34,9.62,-1.05,31.56
111,USO,United States Oil Fund LP,5,120,14,39,64,1.0,10.0,0.34,-10.84,-2.4,35.7
111,EWZ,Ishares Msci Brazil ETF,5,120,14,39,64,1.0,10.0,0.34,-4.64,-0.46,33.74
111,PBW,Invesco WilderHill Clean Energy ETF,5,120,14,44,79,1.0,10.0,0.25,0.89,0.76,34.46
111,AWAY.K,Amplify Travel Tech ETF,5,120,14,44,79,1.0,10.0,0.25,9.49,0.75,34.41
111,EWZ,Ishares Msci Brazil ETF,5,120,14,44,79,1.0,10.0,0.25,-6.16,-0.46,33.74
111,USO,United States Oil Fund LP,5,120,14,44,79,1.0,10.0,0.25,-9.76,-2.4,35.7
111,ISHP.O,First Trust S-Network E-Commerce ETF,5,120,14,44,79,1.0,10.0,0.25,11.41,0.46,32.68
111,MVPS.K,Amplify Thematic All-Stars ETF,5,120,14,44,79,1.0,10.0,0.25,9.62,-1.05,31.56
111,URA,Global X Uranium ETF,5,120,14,44,79,1.0,10.0,0.25,-6.19,-3.25,34.98
111,GERM.K,Amplify Treatments Testing And Advancements ETF,5,120,14,44,79,1.0,10.0,0.25,-12.82,-1.65,31.6
111,GBUY.K,Goldman Sachs Future Consumer Equity ETF,5,120,14,44,79,1.0,10.0,0.25,18.44,-0.88,36.16
111,CNCR.O,Range Cancer Therapeutics ETF,5,120,14,44,79,1.0,10.0,0.25,-6.17,-0.53,33.74
111,IRET.K,iREIT MarketVector Quality REIT Index ETF,5,120,14,44,79,1.0,10.0,0.25,-9.64,-4.17,34.6
111,DAT,ProShares Big Data Refiners ETF,5,120,14,44,79,1.0,10.0,0.25,28.97,0.74,35.16
111,KGRN.K,KraneShares MSCI China Clean Technology Index ETF,5,120,14,44,79,1.0,10.0,0.25,7.84,2.25,33.1
111,GNOM.O,Global X Genomics And Biotechnology ETF,5,120,14,44,79,1.0,10.0,0.25,-10.7,0.28,35.38
111,BRF,VanEck Brazil Small-Cap ETF,5,120,14,44,79,1.0,10.0,0.25,-8.73,-3.03,32.55
111,OILK.K,ProShares K-1 Free Crude Oil Strategy ETF,5,120,14,44,79,1.0,10.0,0.25,4.36,-2.24,38.48
111,FLBR.K,Franklin FTSE Brazil ETF,5,120,14,44,79,1.0,10.0,0.25,-2.65,0.75,35.18
111,EWZS.O,iShares MSCI Brazil Small-Cap ETF,5,120,14,44,79,1.0,10.0,0.25,-5.37,0.55,34.1
111,KURE.K,KraneShares MSCI All China Health Care Index ETF,5,120,14,44,79,1.0,10.0,0.25,-8.06,-3.51,32.73
111,EWZS.O,iShares MSCI Brazil Small-Cap ETF,5,120,14,34,69,1.0,10.0,0.03,5.69,0.55,34.1
111,BRF,VanEck Brazil Small-Cap ETF,5,120,14,34,69,1.0,10.0,0.03,2.59,-3.03,32.55
111,OILK.K,ProShares K-1 Free Crude Oil Strategy ETF,5,120,14,34,69,1.0,10.0,0.03,4.36,-2.24,38.48
111,FLBR.K,Franklin FTSE Brazil ETF,5,120,14,34,69,1.0,10.0,0.03,0.0,0.75,35.18
111,EWZ,Ishares Msci Brazil ETF,5,120,14,34,69,1.0,10.0,0.03,-4.95,-0.46,33.74
111,PBW,Invesco WilderHill Clean Energy ETF,5,120,14,34,69,1.0,10.0,0.03,1.77,0.76,34.46
111,URA,Global X Uranium ETF,5,120,14,34,69,1.0,10.0,0.03,-12.25,-3.25,34.98
111,USO,United States Oil Fund LP,5,120,14,34,69,1.0,10.0,0.03,-7.88,-2.4,35.7
111,GNOM.O,Global X Genomics And Biotechnology ETF,5,120,14,34,69,1.0,10.0,0.03,-10.7,0.28,35.38
111,KGRN.K,KraneShares MSCI China Clean Technology Index ETF,5,120,14,34,69,1.0,10.0,0.03,21.97,2.25,33.1
111,KURE.K,KraneShares MSCI All China Health Care Index ETF,5,120,14,34,69,1.0,10.0,0.03,-21.84,-3.51,32.73
111,GERM.K,Amplify Treatments Testing And Advancements ETF,5,120,14,34,69,1.0,10.0,0.03,0.0,-1.65,31.6
111,DAT,ProShares Big Data Refiners ETF,5,120,14,34,69,1.0,10.0,0.03,28.97,0.74,35.16
111,MVPS.K,Amplify Thematic All-Stars ETF,5,120,14,34,69,1.0,10.0,0.03,9.62,-1.05,31.56
111,IRET.K,iREIT MarketVector Quality REIT Index ETF,5,120,14,34,69,1.0,10.0,0.03,-9.54,-4.17,34.6
111,ISHP.O,First Trust S-Network E-Commerce ETF,5,120,14,34,69,1.0,10.0,0.03,0.0,0.46,32.68
111,GBUY.K,Goldman Sachs Future Consumer Equity ETF,5,120,14,34,69,1.0,10.0,0.03,0.0,-0.88,36.16
111,CNCR.O,Range Cancer Therapeutics ETF,5,120,14,34,69,1.0,10.0,0.03,-7.27,-0.53,33.74
111,AWAY.K,Amplify Travel Tech ETF,5,120,14,34,69,1.0,10.0,0.03,0.0,0.75,34.41
111,KURE.K,KraneShares MSCI All China Health Care Index ETF,5,120,14,39,79,1.0,10.0,0.02,-21.84,-3.51,32.73
111,PBW,Invesco WilderHill Clean Energy ETF,5,120,14,39,79,1.0,10.0,0.02,7.3,0.76,34.46
111,EWZS.O,iShares MSCI Brazil Small-Cap ETF,5,120,14,39,79,1.0,10.0,0.02,-5.37,0.55,34.1
111,FLBR.K,Franklin FTSE Brazil ETF,5,120,14,39,79,1.0,10.0,0.02,-3.69,0.75,35.18
111,OILK.K,ProShares K-1 Free Crude Oil Strategy ETF,5,120,14,39,79,1.0,10.0,0.02,4.36,-2.24,38.48
111,BRF,VanEck Brazil Small-Cap ETF,5,120,14,39,79,1.0,10.0,0.02,-6.94,-3.03,32.55
111,GNOM.O,Global X Genomics And Biotechnology ETF,5,120,14,39,79,1.0,10.0,0.02,-10.7,0.28,35.38
111,KGRN.K,KraneShares MSCI China Clean Technology Index ETF,5,120,14,39,79,1.0,10.0,0.02,40.99,2.25,33.1
111,GERM.K,Amplify Treatments Testing And Advancements ETF,5,120,14,39,79,1.0,10.0,0.02,-12.82,-1.65,31.6
111,DAT,ProShares Big Data Refiners ETF,5,120,14,39,79,1.0,10.0,0.02,28.97,0.74,35.16
111,AWAY.K,Amplify Travel Tech ETF,5,120,14,39,79,1.0,10.0,0.02,9.49,0.75,34.41
111,CNCR.O,Range Cancer Therapeutics ETF,5,120,14,39,79,1.0,10.0,0.02,-7.27,-0.53,33.74
111,GBUY.K,Goldman Sachs Future Consumer Equity ETF,5,120,14,39,79,1.0,10.0,0.02,0.0,-0.88,36.16
111,IRET.K,iREIT MarketVector Quality REIT Index ETF,5,120,14,39,79,1.0,10.0,0.02,-9.64,-4.17,34.6
111,MVPS.K,Amplify Thematic All-Stars ETF,5,120,14,39,79,1.0,10.0,0.02,9.62,-1.05,31.56
111,ISHP.O,First Trust S-Network E-Commerce ETF,5,120,14,39,79,1.0,10.0,0.02,0.0,0.46,32.68
111,USO,United States Oil Fund LP,5,120,14,39,79,1.0,10.0,0.02,-9.76,-2.4,35.7
111,EWZ,Ishares Msci Brazil ETF,5,120,14,39,79,1.0,10.0,0.02,-6.16,-0.46,33.74
111,URA,Global X Uranium ETF,5,120,14,39,79,1.0,10.0,0.02,-6.19,-3.25,34.98
111,ISHP.O,First Trust S-Network E-Commerce ETF,5,120,14,39,59,1.0,10.0,0.01,0.0,0.46,32.68
111,GNOM.O,Global X Genomics And Biotechnology ETF,5,120,14,39,59,1.0,10.0,0.01,-10.7,0.28,35.38
111,USO,United States Oil Fund LP,5,120,14,39,59,1.0,10.0,0.01,-0.06,-2.4,35.7
111,EWZ,Ishares Msci Brazil ETF,5,120,14,39,59,1.0,10.0,0.01,-6.72,-0.46,33.74
111,MVPS.K,Amplify Thematic All-Stars ETF,5,120,14,39,59,1.0,10.0,0.01,9.62,-1.05,31.56
111,GERM.K,Amplify Treatments Testing And Advancements ETF,5,120,14,39,59,1.0,10.0,0.01,-12.82,-1.65,31.6
111,GBUY.K,Goldman Sachs Future Consumer Equity ETF,5,120,14,39,59,1.0,10.0,0.01,0.0,-0.88,36.16
111,CNCR.O,Range Cancer Therapeutics ETF,5,120,14,39,59,1.0,10.0,0.01,-7.27,-0.53,33.74
111,AWAY.K,Amplify Travel Tech ETF,5,120,14,39,59,1.0,10.0,0.01,9.49,0.75,34.41
111,DAT,ProShares Big Data Refiners ETF,5,120,14,39,59,1.0,10.0,0.01,48.59,0.74,35.16
111,KURE.K,KraneShares MSCI All China Health Care Index ETF,5,120,14,39,59,1.0,10.0,0.01,-21.84,-3.51,32.73
111,KGRN.K,KraneShares MSCI China Clean Technology Index ETF,5,120,14,39,59,1.0,10.0,0.01,17.3,2.25,33.1
111,IRET.K,iREIT MarketVector Quality REIT Index ETF,5,120,14,39,59,1.0,10.0,0.01,2.25,-4.17,34.6
111,BRF,VanEck Brazil Small-Cap ETF,5,120,14,39,59,1.0,10.0,0.01,-8.77,-3.03,32.55
111,FLBR.K,Franklin FTSE Brazil ETF,5,120,14,39,59,1.0,10.0,0.01,-3.69,0.75,35.18
111,EWZS.O,iShares MSCI Brazil Small-Cap ETF,5,120,14,39,59,1.0,10.0,0.01,-8.67,0.55,34.1
111,PBW,Invesco WilderHill Clean Energy ETF,5,120,14,39,59,1.0,10.0,0.01,3.61,0.76,34.46
111,URA,Global X Uranium ETF,5,120,14,39,59,1.0,10.0,0.01,-14.55,-3.25,34.98
111,OILK.K,ProShares K-1 Free Crude Oil Strategy ETF,5,120,14,39,59,1.0,10.0,0.01,4.36,-2.24,38.48
111,DAT,ProShares Big Data Refiners ETF,5,120,14,44,74,1.0,10.0,-0.15,28.97,0.74,35.16
111,EWZ,Ishares Msci Brazil ETF,5,120,14,44,74,1.0,10.0,-0.15,-6.16,-0.46,33.74
111,USO,United States Oil Fund LP,5,120,14,44,74,1.0,10.0,-0.15,-9.76,-2.4,35.7
111,EWZS.O,iShares MSCI Brazil Small-Cap ETF,5,120,14,44,74,1.0,10.0,-0.15,-5.37,0.55,34.1
111,FLBR.K,Franklin FTSE Brazil ETF,5,120,14,44,74,1.0,10.0,-0.15,-2.65,0.75,35.18
111,OILK.K,ProShares K-1 Free Crude Oil Strategy ETF,5,120,14,44,74,1.0,10.0,-0.15,4.36,-2.24,38.48
111,BRF,VanEck Brazil Small-Cap ETF,5,120,14,44,74,1.0,10.0,-0.15,-8.73,-3.03,32.55
111,GNOM.O,Global X Genomics And Biotechnology ETF,5,120,14,44,74,1.0,10.0,-0.15,-10.7,0.28,35.38
111,KGRN.K,KraneShares MSCI China Clean Technology Index ETF,5,120,14,44,74,1.0,10.0,-0.15,0.44,2.25,33.1
111,KURE.K,KraneShares MSCI All China Health Care Index ETF,5,120,14,44,74,1.0,10.0,-0.15,0.55,-3.51,32.73
111,GBUY.K,Goldman Sachs Future Consumer Equity ETF,5,120,14,44,74,1.0,10.0,-0.15,18.44,-0.88,36.16
111,AWAY.K,Amplify Travel Tech ETF,5,120,14,44,74,1.0,10.0,-0.15,9.49,0.75,34.41
111,CNCR.O,Range Cancer Therapeutics ETF,5,120,14,44,74,1.0,10.0,-0.15,-6.17,-0.53,33.74
111,GERM.K,Amplify Treatments Testing And Advancements ETF,5,120,14,44,74,1.0,10.0,-0.15,-12.82,-1.65,31.6
111,IRET.K,iREIT MarketVector Quality REIT Index ETF,5,120,14,44,74,1.0,10.0,-0.15,-9.64,-4.17,34.6
111,MVPS.K,Amplify Thematic All-Stars ETF,5,120,14,44,74,1.0,10.0,-0.15,9.62,-1.05,31.56
111,ISHP.O,First Trust S-Network E-Commerce ETF,5,120,14,44,74,1.0,10.0,-0.15,11.41,0.46,32.68
111,URA,Global X Uranium ETF,5,120,14,44,74,1.0,10.0,-0.15,-10.24,-3.25,34.98
111,PBW,Invesco WilderHill Clean Energy ETF,5,120,14,44,74,1.0,10.0,-0.15,-3.92,0.76,34.46
111,GERM.K,Amplify Treatments Testing And Advancements ETF,5,60,14,39,64,1.0,10.0,-0.4,-12.17,-1.65,31.6
111,MVPS.K,Amplify Thematic All-Stars ETF,5,60,14,39,64,1.0,10.0,-0.4,8.22,-1.05,31.56
111,IRET.K,iREIT MarketVector Quality REIT Index ETF,5,60,14,39,64,1.0,10.0,-0.4,2.47,-4.17,34.6
111,URA,Global X Uranium ETF,5,60,14,39,64,1.0,10.0,-0.4,-12.06,-3.25,34.98
111,ISHP.O,First Trust S-Network E-Commerce ETF,5,60,14,39,64,1.0,10.0,-0.4,0.0,0.46,32.68
111,CNCR.O,Range Cancer Therapeutics ETF,5,60,14,39,64,1.0,10.0,-0.4,4.17,-0.53,33.74
111,GBUY.K,Goldman Sachs Future Consumer Equity ETF,5,60,14,39,64,1.0,10.0,-0.4,0.0,-0.88,36.16
111,DAT,ProShares Big Data Refiners ETF,5,60,14,39,64,1.0,10.0,-0.4,48.13,0.74,35.16
111,AWAY.K,Amplify Travel Tech ETF,5,60,14,39,64,1.0,10.0,-0.4,2.23,0.75,34.41
111,FLBR.K,Franklin FTSE Brazil ETF,5,60,14,39,64,1.0,10.0,-0.4,-0.13,0.75,35.18
111,USO,United States Oil Fund LP,5,60,14,39,64,1.0,10.0,-0.4,-10.15,-2.4,35.7
111,EWZ,Ishares Msci Brazil ETF,5,60,14,39,64,1.0,10.0,-0.4,-2.81,-0.46,33.74
111,PBW,Invesco WilderHill Clean Energy ETF,5,60,14,39,64,1.0,10.0,-0.4,-2.83,0.76,34.46
111,EWZS.O,iShares MSCI Brazil Small-Cap ETF,5,60,14,39,64,1.0,10.0,-0.4,-2.46,0.55,34.1
111,OILK.K,ProShares K-1 Free Crude Oil Strategy ETF,5,60,14,39,64,1.0,10.0,-0.4,-13.02,-2.24,38.48
111,BRF,VanEck Brazil Small-Cap ETF,5,60,14,39,64,1.0,10.0,-0.4,-6.98,-3.03,32.55
111,GNOM.O,Global X Genomics And Biotechnology ETF,5,60,14,39,64,1.0,10.0,-0.4,-12.68,0.28,35.38
111,KGRN.K,KraneShares MSCI China Clean Technology Index ETF,5,60,14,39,64,1.0,10.0,-0.4,22.87,2.25,33.1
111,KURE.K,KraneShares MSCI All China Health Care Index ETF,5,60,14,39,64,1.0,10.0,-0.4,-20.47,-3.51,32.73
111,MVPS.K,Amplify Thematic All-Stars ETF,5,120,14,49,64,1.0,10.0,-0.47,9.62,-1.05,31.56
111,IRET.K,iREIT MarketVector Quality REIT Index ETF,5,120,14,49,64,1.0,10.0,-0.47,-9.94,-4.17,34.6
111,GERM.K,Amplify Treatments Testing And Advancements ETF,5,120,14,49,64,1.0,10.0,-0.47,-12.82,-1.65,31.6
111,GBUY.K,Goldman Sachs Future Consumer Equity ETF,5,120,14,49,64,1.0,10.0,-0.47,8.35,-0.88,36.16
111,GNOM.O,Global X Genomics And Biotechnology ETF,5,120,14,49,64,1.0,10.0,-0.47,-10.7,0.28,35.38
111,ISHP.O,First Trust S-Network E-Commerce ETF,5,120,14,49,64,1.0,10.0,-0.47,11.41,0.46,32.68
111,CNCR.O,Range Cancer Therapeutics ETF,5,120,14,49,64,1.0,10.0,-0.47,3.14,-0.53,33.74
111,AWAY.K,Amplify Travel Tech ETF,5,120,14,49,64,1.0,10.0,-0.47,9.49,0.75,34.41
111,DAT,ProShares Big Data Refiners ETF,5,120,14,49,64,1.0,10.0,-0.47,48.59,0.74,35.16
111,KURE.K,KraneShares MSCI All China Health Care Index ETF,5,120,14,49,64,1.0,10.0,-0.47,-3.06,-3.51,32.73
111,KGRN.K,KraneShares MSCI China Clean Technology Index ETF,5,120,14,49,64,1.0,10.0,-0.47,-9.99,2.25,33.1
111,URA,Global X Uranium ETF,5,120,14,49,64,1.0,10.0,-0.47,-12.8,-3.25,34.98
111,BRF,VanEck Brazil Small-Cap ETF,5,120,14,49,64,1.0,10.0,-0.47,-3.75,-3.03,32.55
111,FLBR.K,Franklin FTSE Brazil ETF,5,120,14,49,64,1.0,10.0,-0.47,-2.65,0.75,35.18
111,EWZS.O,iShares MSCI Brazil Small-Cap ETF,5,120,14,49,64,1.0,10.0,-0.47,0.18,0.55,34.1
111,PBW,Invesco WilderHill Clean Energy ETF,5,120,14,49,64,1.0,10.0,-0.47,-6.01,0.76,34.46
111,USO,United States Oil Fund LP,5,120,14,49,64,1.0,10.0,-0.47,-8.85,-2.4,35.7
111,EWZ,Ishares Msci Brazil ETF,5,120,14,49,64,1.0,10.0,-0.47,-4.59,-0.46,33.74
111,OILK.K,ProShares K-1 Free Crude Oil Strategy ETF,5,120,14,49,64,1.0,10.0,-0.47,-14.55,-2.24,38.48
111,BRF,VanEck Brazil Small-Cap ETF,5,120,14,44,69,1.0,10.0,-0.65,-8.73,-3.03,32.55
111,KURE.K,KraneShares MSCI All China Health Care Index ETF,5,120,14,44,69,1.0,10.0,-0.65,-3.06,-3.51,32.73
111,KGRN.K,KraneShares MSCI China Clean Technology Index ETF,5,120,14,44,69,1.0,10.0,-0.65,-2.6,2.25,33.1
111,GNOM.O,Global X Genomics And Biotechnology ETF,5,120,14,44,69,1.0,10.0,-0.65,-10.7,0.28,35.38
111,FLBR.K,Franklin FTSE Brazil ETF,5,120,14,44,69,1.0,10.0,-0.65,-2.65,0.75,35.18
111,OILK.K,ProShares K-1 Free Crude Oil Strategy ETF,5,120,14,44,69,1.0,10.0,-0.65,4.36,-2.24,38.48
111,URA,Global X Uranium ETF,5,120,14,44,69,1.0,10.0,-0.65,-12.25,-3.25,34.98
111,EWZS.O,iShares MSCI Brazil Small-Cap ETF,5,120,14,44,69,1.0,10.0,-0.65,-5.37,0.55,34.1
111,AWAY.K,Amplify Travel Tech ETF,5,120,14,44,69,1.0,10.0,-0.65,9.49,0.75,34.41
111,DAT,ProShares Big Data Refiners ETF,5,120,14,44,69,1.0,10.0,-0.65,28.97,0.74,35.16
111,PBW,Invesco WilderHill Clean Energy ETF,5,120,14,44,69,1.0,10.0,-0.65,-5.27,0.76,34.46
111,CNCR.O,Range Cancer Therapeutics ETF,5,120,14,44,69,1.0,10.0,-0.65,-6.17,-0.53,33.74
111,ISHP.O,First Trust S-Network E-Commerce ETF,5,120,14,44,69,1.0,10.0,-0.65,11.41,0.46,32.68
111,GBUY.K,Goldman Sachs Future Consumer Equity ETF,5,120,14,44,69,1.0,10.0,-0.65,18.44,-0.88,36.16
111,EWZ,Ishares Msci Brazil ETF,5,120,14,44,69,1.0,10.0,-0.65,-6.16,-0.46,33.74
111,USO,United States Oil Fund LP,5,120,14,44,69,1.0,10.0,-0.65,-9.76,-2.4,35.7
111,MVPS.K,Amplify Thematic All-Stars ETF,5,120,14,44,69,1.0,10.0,-0.65,9.62,-1.05,31.56
111,GERM.K,Amplify Treatments Testing And Advancements ETF,5,120,14,44,69,1.0,10.0,-0.65,-12.82,-1.65,31.6
111,IRET.K,iREIT MarketVector Quality REIT Index ETF,5,120,14,44,69,1.0,10.0,-0.65,-9.17,-4.17,34.6
111,KURE.K,KraneShares MSCI All China Health Care Index ETF,5,60,14,39,59,1.0,10.0,-0.86,-20.47,-3.51,32.73
111,ISHP.O,First Trust S-Network E-Commerce ETF,5,60,14,39,59,1.0,10.0,-0.86,0.0,0.46,32.68
111,MVPS.K,Amplify Thematic All-Stars ETF,5,60,14,39,59,1.0,10.0,-0.86,8.22,-1.05,31.56
111,IRET.K,iREIT MarketVector Quality REIT Index ETF,5,60,14,39,59,1.0,10.0,-0.86,0.25,-4.17,34.6
111,GERM.K,Amplify Treatments Testing And Advancements ETF,5,60,14,39,59,1.0,10.0,-0.86,-12.17,-1.65,31.6
111,GBUY.K,Goldman Sachs Future Consumer Equity ETF,5,60,14,39,59,1.0,10.0,-0.86,0.0,-0.88,36.16
111,CNCR.O,Range Cancer Therapeutics ETF,5,60,14,39,59,1.0,10.0,-0.86,-0.18,-0.53,33.74
111,AWAY.K,Amplify Travel Tech ETF,5,60,14,39,59,1.0,10.0,-0.86,2.23,0.75,34.41
111,DAT,ProShares Big Data Refiners ETF,5,60,14,39,59,1.0,10.0,-0.86,48.13,0.74,35.16
111,KGRN.K,KraneShares MSCI China Clean Technology Index ETF,5,60,14,39,59,1.0,10.0,-0.86,22.87,2.25,33.1
111,GNOM.O,Global X Genomics And Biotechnology ETF,5,60,14,39,59,1.0,10.0,-0.86,-12.68,0.28,35.38
111,BRF,VanEck Brazil Small-Cap ETF,5,60,14,39,59,1.0,10.0,-0.86,-4.35,-3.03,32.55
111,FLBR.K,Franklin FTSE Brazil ETF,5,60,14,39,59,1.0,10.0,-0.86,-0.13,0.75,35.18
111,EWZS.O,iShares MSCI Brazil Small-Cap ETF,5,60,14,39,59,1.0,10.0,-0.86,1.1,0.55,34.1
111,PBW,Invesco WilderHill Clean Energy ETF,5,60,14,39,59,1.0,10.0,-0.86,-8.65,0.76,34.46
111,URA,Global X Uranium ETF,5,60,14,39,59,1.0,10.0,-0.86,-13.82,-3.25,34.98
111,USO,United States Oil Fund LP,5,60,14,39,59,1.0,10.0,-0.86,-9.7,-2.4,35.7
111,EWZ,Ishares Msci Brazil ETF,5,60,14,39,59,1.0,10.0,-0.86,-3.96,-0.46,33.74
111,OILK.K,ProShares K-1 Free Crude Oil Strategy ETF,5,60,14,39,59,1.0,10.0,-0.86,-13.02,-2.24,38.48
111,EWZ,Ishares Msci Brazil ETF,5,60,14,49,59,1.0,10.0,-0.96,-1.94,-0.46,33.74
111,USO,United States Oil Fund LP,5,60,14,49,59,1.0,10.0,-0.96,-6.75,-2.4,35.7
111,KURE.K,KraneShares MSCI All China Health Care Index ETF,5,60,14,49,59,1.0,10.0,-0.96,-5.74,-3.51,32.73
111,URA,Global X Uranium ETF,5,60,14,49,59,1.0,10.0,-0.96,-10.66,-3.25,34.98
111,PBW,Invesco WilderHill Clean Energy ETF,5,60,14,49,59,1.0,10.0,-0.96,-9.96,0.76,34.46
111,EWZS.O,iShares MSCI Brazil Small-Cap ETF,5,60,14,49,59,1.0,10.0,-0.96,1.88,0.55,34.1
111,FLBR.K,Franklin FTSE Brazil ETF,5,60,14,49,59,1.0,10.0,-0.96,1.71,0.75,35.18
111,OILK.K,ProShares K-1 Free Crude Oil Strategy ETF,5,60,14,49,59,1.0,10.0,-0.96,-13.02,-2.24,38.48
111,BRF,VanEck Brazil Small-Cap ETF,5,60,14,49,59,1.0,10.0,-0.96,-2.53,-3.03,32.55
111,GNOM.O,Global X Genomics And Biotechnology ETF,5,60,14,49,59,1.0,10.0,-0.96,-12.68,0.28,35.38
111,KGRN.K,KraneShares MSCI China Clean Technology Index ETF,5,60,14,49,59,1.0,10.0,-0.96,-6.46,2.25,33.1
111,DAT,ProShares Big Data Refiners ETF,5,60,14,49,59,1.0,10.0,-0.96,48.13,0.74,35.16
111,AWAY.K,Amplify Travel Tech ETF,5,60,14,49,59,1.0,10.0,-0.96,-9.82,0.75,34.41
111,GBUY.K,Goldman Sachs Future Consumer Equity ETF,5,60,14,49,59,1.0,10.0,-0.96,11.59,-0.88,36.16
111,GERM.K,Amplify Treatments Testing And Advancements ETF,5,60,14,49,59,1.0,10.0,-0.96,-12.17,-1.65,31.6
111,IRET.K,iREIT MarketVector Quality REIT Index ETF,5,60,14,49,59,1.0,10.0,-0.96,-9.61,-4.17,34.6
111,MVPS.K,Amplify Thematic All-Stars ETF,5,60,14,49,59,1.0,10.0,-0.96,8.22,-1.05,31.56
111,ISHP.O,First Trust S-Network E-Commerce ETF,5,60,14,49,59,1.0,10.0,-0.96,10.99,0.46,32.68
111,CNCR.O,Range Cancer Therapeutics ETF,5,60,14,49,59,1.0,10.0,-0.96,0.64,-0.53,33.74
111,GNOM.O,Global X Genomics And Biotechnology ETF,5,120,14,49,59,1.0,10.0,-0.97,-10.7,0.28,35.38
111,GERM.K,Amplify Treatments Testing And Advancements ETF,5,120,14,49,59,1.0,10.0,-0.97,-12.82,-1.65,31.6
111,GBUY.K,Goldman Sachs Future Consumer Equity ETF,5,120,14,49,59,1.0,10.0,-0.97,6.53,-0.88,36.16
111,CNCR.O,Range Cancer Therapeutics ETF,5,120,14,49,59,1.0,10.0,-0.97,6.09,-0.53,33.74
111,AWAY.K,Amplify Travel Tech ETF,5,120,14,49,59,1.0,10.0,-0.97,9.49,0.75,34.41
111,KURE.K,KraneShares MSCI All China Health Care Index ETF,5,120,14,49,59,1.0,10.0,-0.97,-7.59,-3.51,32.73
111,KGRN.K,KraneShares MSCI China Clean Technology Index ETF,5,120,14,49,59,1.0,10.0,-0.97,-9.99,2.25,33.1
111,FLBR.K,Franklin FTSE Brazil ETF,5,120,14,49,59,1.0,10.0,-0.97,-2.65,0.75,35.18
111,BRF,VanEck Brazil Small-Cap ETF,5,120,14,49,59,1.0,10.0,-0.97,-3.08,-3.03,32.55
111,OILK.K,ProShares K-1 Free Crude Oil Strategy ETF,5,120,14,49,59,1.0,10.0,-0.97,-14.55,-2.24,38.48
111,ISHP.O,First Trust S-Network E-Commerce ETF,5,120,14,49,59,1.0,10.0,-0.97,11.41,0.46,32.68
111,EWZS.O,iShares MSCI Brazil Small-Cap ETF,5,120,14,49,59,1.0,10.0,-0.97,-0.26,0.55,34.1
111,PBW,Invesco WilderHill Clean Energy ETF,5,120,14,49,59,1.0,10.0,-0.97,-10.51,0.76,34.46
111,URA,Global X Uranium ETF,5,120,14,49,59,1.0,10.0,-0.97,-14.55,-3.25,34.98
111,USO,United States Oil Fund LP,5,120,14,49,59,1.0,10.0,-0.97,-9.6,-2.4,35.7
111,EWZ,Ishares Msci Brazil ETF,5,120,14,49,59,1.0,10.0,-0.97,-2.74,-0.46,33.74
111,IRET.K,iREIT MarketVector Quality REIT Index ETF,5,120,14,49,59,1.0,10.0,-0.97,-11.15,-4.17,34.6
111,DAT,ProShares Big Data Refiners ETF,5,120,14,49,59,1.0,10.0,-0.97,48.59,0.74,35.16
111,MVPS.K,Amplify Thematic All-Stars ETF,5,120,14,49,59,1.0,10.0,-0.97,9.62,-1.05,31.56
111,GNOM.O,Global X Genomics And Biotechnology ETF,5,60,14,49,64,1.0,10.0,-1.01,-12.68,0.28,35.38
111,USO,United States Oil Fund LP,5,60,14,49,64,1.0,10.0,-1.01,-7.93,-2.4,35.7
111,EWZ,Ishares Msci Brazil ETF,5,60,14,49,64,1.0,10.0,-1.01,-4.67,-0.46,33.74
111,URA,Global X Uranium ETF,5,60,14,49,64,1.0,10.0,-1.01,-8.06,-3.25,34.98
111,PBW,Invesco WilderHill Clean Energy ETF,5,60,14,49,64,1.0,10.0,-1.01,-6.35,0.76,34.46
111,EWZS.O,iShares MSCI Brazil Small-Cap ETF,5,60,14,49,64,1.0,10.0,-1.01,1.39,0.55,34.1
111,FLBR.K,Franklin FTSE Brazil ETF,5,60,14,49,64,1.0,10.0,-1.01,-7.33,0.75,35.18
111,OILK.K,ProShares K-1 Free Crude Oil Strategy ETF,5,60,14,49,64,1.0,10.0,-1.01,-13.02,-2.24,38.48
111,BRF,VanEck Brazil Small-Cap ETF,5,60,14,49,64,1.0,10.0,-1.01,-3.6,-3.03,32.55
111,ISHP.O,First Trust S-Network E-Commerce ETF,5,60,14,49,64,1.0,10.0,-1.01,10.99,0.46,32.68
111,KGRN.K,KraneShares MSCI China Clean Technology Index ETF,5,60,14,49,64,1.0,10.0,-1.01,-6.46,2.25,33.1
111,DAT,ProShares Big Data Refiners ETF,5,60,14,49,64,1.0,10.0,-1.01,48.13,0.74,35.16
111,AWAY.K,Amplify Travel Tech ETF,5,60,14,49,64,1.0,10.0,-1.01,-9.82,0.75,34.41
111,CNCR.O,Range Cancer Therapeutics ETF,5,60,14,49,64,1.0,10.0,-1.01,1.43,-0.53,33.74
111,GBUY.K,Goldman Sachs Future Consumer Equity ETF,5,60,14,49,64,1.0,10.0,-1.01,12.42,-0.88,36.16
111,GERM.K,Amplify Treatments Testing And Advancements ETF,5,60,14,49,64,1.0,10.0,-1.01,-12.17,-1.65,31.6
111,IRET.K,iREIT MarketVector Quality REIT Index ETF,5,60,14,49,64,1.0,10.0,-1.01,-8.41,-4.17,34.6
111,MVPS.K,Amplify Thematic All-Stars ETF,5,60,14,49,64,1.0,10.0,-1.01,8.22,-1.05,31.56
111,KURE.K,KraneShares MSCI All China Health Care Index ETF,5,60,14,49,64,1.0,10.0,-1.01,-1.2,-3.51,32.73
111,GBUY.K,Goldman Sachs Future Consumer Equity ETF,5,60,14,39,79,1.0,10.0,-1.07,0.0,-0.88,36.16
111,AWAY.K,Amplify Travel Tech ETF,5,60,14,39,79,1.0,10.0,-1.07,2.23,0.75,34.41
111,CNCR.O,Range Cancer Therapeutics ETF,5,60,14,39,79,1.0,10.0,-1.07,-6.49,-0.53,33.74
111,ISHP.O,First Trust S-Network E-Commerce ETF,5,60,14,39,79,1.0,10.0,-1.07,0.0,0.46,32.68
111,GERM.K,Amplify Treatments Testing And Advancements ETF,5,60,14,39,79,1.0,10.0,-1.07,-12.17,-1.65,31.6
111,IRET.K,iREIT MarketVector Quality REIT Index ETF,5,60,14,39,79,1.0,10.0,-1.07,-9.38,-4.17,34.6
111,MVPS.K,Amplify Thematic All-Stars ETF,5,60,14,39,79,1.0,10.0,-1.07,8.22,-1.05,31.56
111,KURE.K,KraneShares MSCI All China Health Care Index ETF,5,60,14,39,79,1.0,10.0,-1.07,-20.47,-3.51,32.73
111,DAT,ProShares Big Data Refiners ETF,5,60,14,39,79,1.0,10.0,-1.07,30.07,0.74,35.16
111,OILK.K,ProShares K-1 Free Crude Oil Strategy ETF,5,60,14,39,79,1.0,10.0,-1.07,-13.02,-2.24,38.48
111,KGRN.K,KraneShares MSCI China Clean Technology Index ETF,5,60,14,39,79,1.0,10.0,-1.07,48.66,2.25,33.1
111,GNOM.O,Global X Genomics And Biotechnology ETF,5,60,14,39,79,1.0,10.0,-1.07,-12.68,0.28,35.38
111,BRF,VanEck Brazil Small-Cap ETF,5,60,14,39,79,1.0,10.0,-1.07,-9.19,-3.03,32.55
111,FLBR.K,Franklin FTSE Brazil ETF,5,60,14,39,79,1.0,10.0,-1.07,-0.13,0.75,35.18
111,EWZS.O,iShares MSCI Brazil Small-Cap ETF,5,60,14,39,79,1.0,10.0,-1.07,-5.09,0.55,34.1
111,PBW,Invesco WilderHill Clean Energy ETF,5,60,14,39,79,1.0,10.0,-1.07,0.12,0.76,34.46
111,URA,Global X Uranium ETF,5,60,14,39,79,1.0,10.0,-1.07,-5.61,-3.25,34.98
111,USO,United States Oil Fund LP,5,60,14,39,79,1.0,10.0,-1.07,-9.18,-2.4,35.7
111,EWZ,Ishares Msci Brazil ETF,5,60,14,39,79,1.0,10.0,-1.07,-6.18,-0.46,33.74
111,USO,United States Oil Fund LP,5,60,14,44,79,1.0,10.0,-1.13,-9.18,-2.4,35.7
111,EWZ,Ishares Msci Brazil ETF,5,60,14,44,79,1.0,10.0,-1.13,-6.18,-0.46,33.74
111,KGRN.K,KraneShares MSCI China Clean Technology Index ETF,5,60,14,44,79,1.0,10.0,-1.13,11.43,2.25,33.1
111,IRET.K,iREIT MarketVector Quality REIT Index ETF,5,60,14,44,79,1.0,10.0,-1.13,-9.38,-4.17,34.6
111,GERM.K,Amplify Treatments Testing And Advancements ETF,5,60,14,44,79,1.0,10.0,-1.13,-12.17,-1.65,31.6
111,GBUY.K,Goldman Sachs Future Consumer Equity ETF,5,60,14,44,79,1.0,10.0,-1.13,12.42,-0.88,36.16
111,CNCR.O,Range Cancer Therapeutics ETF,5,60,14,44,79,1.0,10.0,-1.13,-5.85,-0.53,33.74
111,AWAY.K,Amplify Travel Tech ETF,5,60,14,44,79,1.0,10.0,-1.13,2.23,0.75,34.41
111,DAT,ProShares Big Data Refiners ETF,5,60,14,44,79,1.0,10.0,-1.13,30.07,0.74,35.16
111,GNOM.O,Global X Genomics And Biotechnology ETF,5,60,14,44,79,1.0,10.0,-1.13,-12.68,0.28,35.38
111,ISHP.O,First Trust S-Network E-Commerce ETF,5,60,14,44,79,1.0,10.0,-1.13,10.99,0.46,32.68
111,BRF,VanEck Brazil Small-Cap ETF,5,60,14,44,79,1.0,10.0,-1.13,-9.19,-3.03,32.55
111,OILK.K,ProShares K-1 Free Crude Oil Strategy ETF,5,60,14,44,79,1.0,10.0,-1.13,-13.02,-2.24,38.48
111,FLBR.K,Franklin FTSE Brazil ETF,5,60,14,44,79,1.0,10.0,-1.13,-0.13,0.75,35.18
111,EWZS.O,iShares MSCI Brazil Small-Cap ETF,5,60,14,44,79,1.0,10.0,-1.13,-5.05,0.55,34.1
111,PBW,Invesco WilderHill Clean Energy ETF,5,60,14,44,79,1.0,10.0,-1.13,-0.8,0.76,34.46
111,URA,Global X Uranium ETF,5,60,14,44,79,1.0,10.0,-1.13,-5.61,-3.25,34.98
111,MVPS.K,Amplify Thematic All-Stars ETF,5,60,14,44,79,1.0,10.0,-1.13,8.22,-1.05,31.56
111,KURE.K,KraneShares MSCI All China Health Care Index ETF,5,60,14,44,79,1.0,10.0,-1.13,-7.57,-3.51,32.73
111,USO,United States Oil Fund LP,5,120,14,39,74,1.0,10.0,-1.21,-9.76,-2.4,35.7
111,URA,Global X Uranium ETF,5,120,14,39,74,1.0,10.0,-1.21,-10.24,-3.25,34.98
111,MVPS.K,Amplify Thematic All-Stars ETF,5,120,14,39,74,1.0,10.0,-1.21,9.62,-1.05,31.56
111,IRET.K,iREIT MarketVector Quality REIT Index ETF,5,120,14,39,74,1.0,10.0,-1.21,-9.64,-4.17,34.6
111,GERM.K,Amplify Treatments Testing And Advancements ETF,5,120,14,39,74,1.0,10.0,-1.21,-12.82,-1.65,31.6
111,GBUY.K,Goldman Sachs Future Consumer Equity ETF,5,120,14,39,74,1.0,10.0,-1.21,0.0,-0.88,36.16
111,CNCR.O,Range Cancer Therapeutics ETF,5,120,14,39,74,1.0,10.0,-1.21,-7.27,-0.53,33.74
111,AWAY.K,Amplify Travel Tech ETF,5,120,14,39,74,1.0,10.0,-1.21,9.49,0.75,34.41
111,DAT,ProShares Big Data Refiners ETF,5,120,14,39,74,1.0,10.0,-1.21,28.97,0.74,35.16
111,KURE.K,KraneShares MSCI All China Health Care Index ETF,5,120,14,39,74,1.0,10.0,-1.21,-21.84,-3.51,32.73
111,ISHP.O,First Trust S-Network E-Commerce ETF,5,120,14,39,74,1.0,10.0,-1.21,0.0,0.46,32.68
111,KGRN.K,KraneShares MSCI China Clean Technology Index ETF,5,120,14,39,74,1.0,10.0,-1.21,27.05,2.25,33.1
111,GNOM.O,Global X Genomics And Biotechnology ETF,5,120,14,39,74,1.0,10.0,-1.21,-10.7,0.28,35.38
111,BRF,VanEck Brazil Small-Cap ETF,5,120,14,39,74,1.0,10.0,-1.21,-6.94,-3.03,32.55
111,OILK.K,ProShares K-1 Free Crude Oil Strategy ETF,5,120,14,39,74,1.0,10.0,-1.21,4.36,-2.24,38.48
111,FLBR.K,Franklin FTSE Brazil ETF,5,120,14,39,74,1.0,10.0,-1.21,-3.69,0.75,35.18
111,EWZS.O,iShares MSCI Brazil Small-Cap ETF,5,120,14,39,74,1.0,10.0,-1.21,-5.37,0.55,34.1
111,EWZ,Ishares Msci Brazil ETF,5,120,14,39,74,1.0,10.0,-1.21,-6.16,-0.46,33.74
111,PBW,Invesco WilderHill Clean Energy ETF,5,120,14,39,74,1.0,10.0,-1.21,1.98,0.76,34.46
111,KURE.K,KraneShares MSCI All China Health Care Index ETF,5,60,14,44,74,1.0,10.0,-1.43,2.41,-3.51,32.73
111,AWAY.K,Amplify Travel Tech ETF,5,60,14,44,74,1.0,10.0,-1.43,2.23,0.75,34.41
111,ISHP.O,First Trust S-Network E-Commerce ETF,5,60,14,44,74,1.0,10.0,-1.43,10.99,0.46,32.68
111,MVPS.K,Amplify Thematic All-Stars ETF,5,60,14,44,74,1.0,10.0,-1.43,8.22,-1.05,31.56
111,IRET.K,iREIT MarketVector Quality REIT Index ETF,5,60,14,44,74,1.0,10.0,-1.43,-9.38,-4.17,34.6
111,GERM.K,Amplify Treatments Testing And Advancements ETF,5,60,14,44,74,1.0,10.0,-1.43,-12.17,-1.65,31.6
111,GBUY.K,Goldman Sachs Future Consumer Equity ETF,5,60,14,44,74,1.0,10.0,-1.43,12.42,-0.88,36.16
111,CNCR.O,Range Cancer Therapeutics ETF,5,60,14,44,74,1.0,10.0,-1.43,-5.85,-0.53,33.74
111,DAT,ProShares Big Data Refiners ETF,5,60,14,44,74,1.0,10.0,-1.43,30.07,0.74,35.16
111,EWZ,Ishares Msci Brazil ETF,5,60,14,44,74,1.0,10.0,-1.43,-6.18,-0.46,33.74
111,URA,Global X Uranium ETF,5,60,14,44,74,1.0,10.0,-1.43,-9.5,-3.25,34.98
111,KGRN.K,KraneShares MSCI China Clean Technology Index ETF,5,60,14,44,74,1.0,10.0,-1.43,3.93,2.25,33.1
111,GNOM.O,Global X Genomics And Biotechnology ETF,5,60,14,44,74,1.0,10.0,-1.43,-12.68,0.28,35.38
111,BRF,VanEck Brazil Small-Cap ETF,5,60,14,44,74,1.0,10.0,-1.43,-9.19,-3.03,32.55
111,OILK.K,ProShares K-1 Free Crude Oil Strategy ETF,5,60,14,44,74,1.0,10.0,-1.43,-13.02,-2.24,38.48
111,FLBR.K,Franklin FTSE Brazil ETF,5,60,14,44,74,1.0,10.0,-1.43,-0.13,0.75,35.18
111,USO,United States Oil Fund LP,5,60,14,44,74,1.0,10.0,-1.43,-9.18,-2.4,35.7
111,EWZS.O,iShares MSCI Brazil Small-Cap ETF,5,60,14,44,74,1.0,10.0,-1.43,-5.05,0.55,34.1
111,PBW,Invesco WilderHill Clean Energy ETF,5,60,14,44,74,1.0,10.0,-1.43,-5.18,0.76,34.46
111,AWAY.K,Amplify Travel Tech ETF,5,120,14,39,69,1.0,10.0,-1.67,9.49,0.75,34.41
111,ISHP.O,First Trust S-Network E-Commerce ETF,5,120,14,39,69,1.0,10.0,-1.67,0.0,0.46,32.68
111,MVPS.K,Amplify Thematic All-Stars ETF,5,120,14,39,69,1.0,10.0,-1.67,9.62,-1.05,31.56
111,IRET.K,iREIT MarketVector Quality REIT Index ETF,5,120,14,39,69,1.0,10.0,-1.67,-9.17,-4.17,34.6
111,GERM.K,Amplify Treatments Testing And Advancements ETF,5,120,14,39,69,1.0,10.0,-1.67,-12.82,-1.65,31.6
111,GBUY.K,Goldman Sachs Future Consumer Equity ETF,5,120,14,39,69,1.0,10.0,-1.67,0.0,-0.88,36.16
111,CNCR.O,Range Cancer Therapeutics ETF,5,120,14,39,69,1.0,10.0,-1.67,-7.27,-0.53,33.74
111,DAT,ProShares Big Data Refiners ETF,5,120,14,39,69,1.0,10.0,-1.67,28.97,0.74,35.16
111,EWZS.O,iShares MSCI Brazil Small-Cap ETF,5,120,14,39,69,1.0,10.0,-1.67,-5.37,0.55,34.1
111,KURE.K,KraneShares MSCI All China Health Care Index ETF,5,120,14,39,69,1.0,10.0,-1.67,-21.84,-3.51,32.73
111,KGRN.K,KraneShares MSCI China Clean Technology Index ETF,5,120,14,39,69,1.0,10.0,-1.67,21.38,2.25,33.1
111,GNOM.O,Global X Genomics And Biotechnology ETF,5,120,14,39,69,1.0,10.0,-1.67,-10.7,0.28,35.38
111,BRF,VanEck Brazil Small-Cap ETF,5,120,14,39,69,1.0,10.0,-1.67,-6.94,-3.03,32.55
111,OILK.K,ProShares K-1 Free Crude Oil Strategy ETF,5,120,14,39,69,1.0,10.0,-1.67,4.36,-2.24,38.48
111,FLBR.K,Franklin FTSE Brazil ETF,5,120,14,39,69,1.0,10.0,-1.67,-3.69,0.75,35.18
111,PBW,Invesco WilderHill Clean Energy ETF,5,120,14,39,69,1.0,10.0,-1.67,0.47,0.76,34.46
111,USO,United States Oil Fund LP,5,120,14,39,69,1.0,10.0,-1.67,-9.76,-2.4,35.7
111,EWZ,Ishares Msci Brazil ETF,5,120,14,39,69,1.0,10.0,-1.67,-6.16,-0.46,33.74
111,URA,Global X Uranium ETF,5,120,14,39,69,1.0,10.0,-1.67,-12.25,-3.25,34.98
111,KURE.K,KraneShares MSCI All China Health Care Index ETF,5,120,14,49,79,1.0,10.0,-1.82,-8.06,-3.51,32.73
111,MVPS.K,Amplify Thematic All-Stars ETF,5,120,14,49,79,1.0,10.0,-1.82,9.62,-1.05,31.56
111,IRET.K,iREIT MarketVector Quality REIT Index ETF,5,120,14,49,79,1.0,10.0,-1.82,-9.64,-4.17,34.6
111,GERM.K,Amplify Treatments Testing And Advancements ETF,5,120,14,49,79,1.0,10.0,-1.82,-12.82,-1.65,31.6
111,GBUY.K,Goldman Sachs Future Consumer Equity ETF,5,120,14,49,79,1.0,10.0,-1.82,8.35,-0.88,36.16
111,CNCR.O,Range Cancer Therapeutics ETF,5,120,14,49,79,1.0,10.0,-1.82,-6.17,-0.53,33.74
111,AWAY.K,Amplify Travel Tech ETF,5,120,14,49,79,1.0,10.0,-1.82,9.49,0.75,34.41
111,DAT,ProShares Big Data Refiners ETF,5,120,14,49,79,1.0,10.0,-1.82,28.97,0.74,35.16
111,KGRN.K,KraneShares MSCI China Clean Technology Index ETF,5,120,14,49,79,1.0,10.0,-1.82,0.69,2.25,33.1
111,EWZ,Ishares Msci Brazil ETF,5,120,14,49,79,1.0,10.0,-1.82,-6.16,-0.46,33.74
111,GNOM.O,Global X Genomics And Biotechnology ETF,5,120,14,49,79,1.0,10.0,-1.82,-10.7,0.28,35.38
111,BRF,VanEck Brazil Small-Cap ETF,5,120,14,49,79,1.0,10.0,-1.82,-8.73,-3.03,32.55
111,OILK.K,ProShares K-1 Free Crude Oil Strategy ETF,5,120,14,49,79,1.0,10.0,-1.82,-14.55,-2.24,38.48
111,FLBR.K,Franklin FTSE Brazil ETF,5,120,14,49,79,1.0,10.0,-1.82,-2.65,0.75,35.18
111,EWZS.O,iShares MSCI Brazil Small-Cap ETF,5,120,14,49,79,1.0,10.0,-1.82,-5.37,0.55,34.1
111,PBW,Invesco WilderHill Clean Energy ETF,5,120,14,49,79,1.0,10.0,-1.82,-2.32,0.76,34.46
111,URA,Global X Uranium ETF,5,120,14,49,79,1.0,10.0,-1.82,-6.19,-3.25,34.98
111,USO,United States Oil Fund LP,5,120,14,49,79,1.0,10.0,-1.82,-9.76,-2.4,35.7
111,ISHP.O,First Trust S-Network E-Commerce ETF,5,120,14,49,79,1.0,10.0,-1.82,11.41,0.46,32.68
111,EWZ,Ishares Msci Brazil ETF,5,60,14,44,69,1.0,10.0,-1.95,-6.18,-0.46,33.74
111,ISHP.O,First Trust S-Network E-Commerce ETF,5,60,14,44,69,1.0,10.0,-1.95,10.99,0.46,32.68
111,URA,Global X Uranium ETF,5,60,14,44,69,1.0,10.0,-1.95,-11.52,-3.25,34.98
111,PBW,Invesco WilderHill Clean Energy ETF,5,60,14,44,69,1.0,10.0,-1.95,-6.41,0.76,34.46
111,EWZS.O,iShares MSCI Brazil Small-Cap ETF,5,60,14,44,69,1.0,10.0,-1.95,-5.05,0.55,34.1
111,FLBR.K,Franklin FTSE Brazil ETF,5,60,14,44,69,1.0,10.0,-1.95,-0.13,0.75,35.18
111,OILK.K,ProShares K-1 Free Crude Oil Strategy ETF,5,60,14,44,69,1.0,10.0,-1.95,-13.02,-2.24,38.48
111,BRF,VanEck Brazil Small-Cap ETF,5,60,14,44,69,1.0,10.0,-1.95,-9.19,-3.03,32.55
111,GNOM.O,Global X Genomics And Biotechnology ETF,5,60,14,44,69,1.0,10.0,-1.95,-12.68,0.28,35.38
111,KGRN.K,KraneShares MSCI China Clean Technology Index ETF,5,60,14,44,69,1.0,10.0,-1.95,0.87,2.25,33.1
111,KURE.K,KraneShares MSCI All China Health Care Index ETF,5,60,14,44,69,1.0,10.0,-1.95,-1.2,-3.51,32.73
111,DAT,ProShares Big Data Refiners ETF,5,60,14,44,69,1.0,10.0,-1.95,30.07,0.74,35.16
111,AWAY.K,Amplify Travel Tech ETF,5,60,14,44,69,1.0,10.0,-1.95,2.23,0.75,34.41
111,CNCR.O,Range Cancer Therapeutics ETF,5,60,14,44,69,1.0,10.0,-1.95,-5.85,-0.53,33.74
111,GBUY.K,Goldman Sachs Future Consumer Equity ETF,5,60,14,44,69,1.0,10.0,-1.95,12.42,-0.88,36.16
111,GERM.K,Amplify Treatments Testing And Advancements ETF,5,60,14,44,69,1.0,10.0,-1.95,-12.17,-1.65,31.6
111,IRET.K,iREIT MarketVector Quality REIT Index ETF,5,60,14,44,69,1.0,10.0,-1.95,-9.33,-4.17,34.6
111,USO,United States Oil Fund LP,5,60,14,44,69,1.0,10.0,-1.95,-9.18,-2.4,35.7
111,MVPS.K,Amplify Thematic All-Stars ETF,5,60,14,44,69,1.0,10.0,-1.95,8.22,-1.05,31.56
111,URA,Global X Uranium ETF,5,120,14,49,74,1.0,10.0,-2.14,-10.24,-3.25,34.98
111,KURE.K,KraneShares MSCI All China Health Care Index ETF,5,120,14,49,74,1.0,10.0,-2.14,0.55,-3.51,32.73
111,USO,United States Oil Fund LP,5,120,14,49,74,1.0,10.0,-2.14,-9.76,-2.4,35.7
111,EWZS.O,iShares MSCI Brazil Small-Cap ETF,5,120,14,49,74,1.0,10.0,-2.14,-5.37,0.55,34.1
111,FLBR.K,Franklin FTSE Brazil ETF,5,120,14,49,74,1.0,10.0,-2.14,-2.65,0.75,35.18
111,OILK.K,ProShares K-1 Free Crude Oil Strategy ETF,5,120,14,49,74,1.0,10.0,-2.14,-14.55,-2.24,38.48
111,BRF,VanEck Brazil Small-Cap ETF,5,120,14,49,74,1.0,10.0,-2.14,-8.73,-3.03,32.55
111,GNOM.O,Global X Genomics And Biotechnology ETF,5,120,14,49,74,1.0,10.0,-2.14,-10.7,0.28,35.38
111,KGRN.K,KraneShares MSCI China Clean Technology Index ETF,5,120,14,49,74,1.0,10.0,-2.14,-5.49,2.25,33.1
111,PBW,Invesco WilderHill Clean Energy ETF,5,120,14,49,74,1.0,10.0,-2.14,-6.75,0.76,34.46
111,DAT,ProShares Big Data Refiners ETF,5,120,14,49,74,1.0,10.0,-2.14,28.97,0.74,35.16
111,IRET.K,iREIT MarketVector Quality REIT Index ETF,5,120,14,49,74,1.0,10.0,-2.14,-9.64,-4.17,34.6
111,AWAY.K,Amplify Travel Tech ETF,5,120,14,49,74,1.0,10.0,-2.14,9.49,0.75,34.41
111,ISHP.O,First Trust S-Network E-Commerce ETF,5,120,14,49,74,1.0,10.0,-2.14,11.41,0.46,32.68
111,MVPS.K,Amplify Thematic All-Stars ETF,5,120,14,49,74,1.0,10.0,-2.14,9.62,-1.05,31.56
111,EWZ,Ishares Msci Brazil ETF,5,120,14,49,74,1.0,10.0,-2.14,-6.16,-0.46,33.74
111,GERM.K,Amplify Treatments Testing And Advancements ETF,5,120,14,49,74,1.0,10.0,-2.14,-12.82,-1.65,31.6
111,CNCR.O,Range Cancer Therapeutics ETF,5,120,14,49,74,1.0,10.0,-2.14,-6.17,-0.53,33.74
111,GBUY.K,Goldman Sachs Future Consumer Equity ETF,5,120,14,49,74,1.0,10.0,-2.14,8.35,-0.88,36.16
111,KGRN.K,KraneShares MSCI China Clean Technology Index ETF,5,60,14,39,74,1.0,10.0,-2.32,33.42,2.25,33.1
111,GERM.K,Amplify Treatments Testing And Advancements ETF,5,60,14,39,74,1.0,10.0,-2.32,-12.17,-1.65,31.6
111,GBUY.K,Goldman Sachs Future Consumer Equity ETF,5,60,14,39,74,1.0,10.0,-2.32,0.0,-0.88,36.16
111,CNCR.O,Range Cancer Therapeutics ETF,5,60,14,39,74,1.0,10.0,-2.32,-6.49,-0.53,33.74
111,AWAY.K,Amplify Travel Tech ETF,5,60,14,39,74,1.0,10.0,-2.32,2.23,0.75,34.41
111,DAT,ProShares Big Data Refiners ETF,5,60,14,39,74,1.0,10.0,-2.32,30.07,0.74,35.16
111,KURE.K,KraneShares MSCI All China Health Care Index ETF,5,60,14,39,74,1.0,10.0,-2.32,-20.47,-3.51,32.73
111,BRF,VanEck Brazil Small-Cap ETF,5,60,14,39,74,1.0,10.0,-2.32,-9.19,-3.03,32.55
111,GNOM.O,Global X Genomics And Biotechnology ETF,5,60,14,39,74,1.0,10.0,-2.32,-12.68,0.28,35.38
111,OILK.K,ProShares K-1 Free Crude Oil Strategy ETF,5,60,14,39,74,1.0,10.0,-2.32,-13.02,-2.24,38.48
111,FLBR.K,Franklin FTSE Brazil ETF,5,60,14,39,74,1.0,10.0,-2.32,-0.13,0.75,35.18
111,PBW,Invesco WilderHill Clean Energy ETF,5,60,14,39,74,1.0,10.0,-2.32,-4.47,0.76,34.46
111,URA,Global X Uranium ETF,5,60,14,39,74,1.0,10.0,-2.32,-9.5,-3.25,34.98
111,USO,United States Oil Fund LP,5,60,14,39,74,1.0,10.0,-2.32,-9.18,-2.4,35.7
111,EWZ,Ishares Msci Brazil ETF,5,60,14,39,74,1.0,10.0,-2.32,-6.18,-0.46,33.74
111,EWZS.O,iShares MSCI Brazil Small-Cap ETF,5,60,14,39,74,1.0,10.0,-2.32,-5.09,0.55,34.1
111,MVPS.K,Amplify Thematic All-Stars ETF,5,60,14,39,74,1.0,10.0,-2.32,8.22,-1.05,31.56
111,IRET.K,iREIT MarketVector Quality REIT Index ETF,5,60,14,39,74,1.0,10.0,-2.32,-9.38,-4.17,34.6
111,ISHP.O,First Trust S-Network E-Commerce ETF,5,60,14,39,74,1.0,10.0,-2.32,0.0,0.46,32.68
111,EWZ,Ishares Msci Brazil ETF,5,120,14,49,69,1.0,10.0,-2.62,-6.16,-0.46,33.74
111,DAT,ProShares Big Data Refiners ETF,5,120,14,49,69,1.0,10.0,-2.62,28.97,0.74,35.16
111,MVPS.K,Amplify Thematic All-Stars ETF,5,120,14,49,69,1.0,10.0,-2.62,9.62,-1.05,31.56
111,IRET.K,iREIT MarketVector Quality REIT Index ETF,5,120,14,49,69,1.0,10.0,-2.62,-9.41,-4.17,34.6
111,GERM.K,Amplify Treatments Testing And Advancements ETF,5,120,14,49,69,1.0,10.0,-2.62,-12.82,-1.65,31.6
111,GBUY.K,Goldman Sachs Future Consumer Equity ETF,5,120,14,49,69,1.0,10.0,-2.62,8.35,-0.88,36.16
111,CNCR.O,Range Cancer Therapeutics ETF,5,120,14,49,69,1.0,10.0,-2.62,-6.17,-0.53,33.74
111,AWAY.K,Amplify Travel Tech ETF,5,120,14,49,69,1.0,10.0,-2.62,9.49,0.75,34.41
111,KURE.K,KraneShares MSCI All China Health Care Index ETF,5,120,14,49,69,1.0,10.0,-2.62,-3.06,-3.51,32.73
111,USO,United States Oil Fund LP,5,120,14,49,69,1.0,10.0,-2.62,-9.76,-2.4,35.7
111,KGRN.K,KraneShares MSCI China Clean Technology Index ETF,5,120,14,49,69,1.0,10.0,-2.62,-8.03,2.25,33.1
111,BRF,VanEck Brazil Small-Cap ETF,5,120,14,49,69,1.0,10.0,-2.62,-8.73,-3.03,32.55
111,OILK.K,ProShares K-1 Free Crude Oil Strategy ETF,5,120,14,49,69,1.0,10.0,-2.62,-14.55,-2.24,38.48
111,FLBR.K,Franklin FTSE Brazil ETF,5,120,14,49,69,1.0,10.0,-2.62,-2.65,0.75,35.18
111,EWZS.O,iShares MSCI Brazil Small-Cap ETF,5,120,14,49,69,1.0,10.0,-2.62,-5.37,0.55,34.1
111,PBW,Invesco WilderHill Clean Energy ETF,5,120,14,49,69,1.0,10.0,-2.62,-8.0,0.76,34.46
111,URA,Global X Uranium ETF,5,120,14,49,69,1.0,10.0,-2.62,-12.25,-3.25,34.98
111,GNOM.O,Global X Genomics And Biotechnology ETF,5,120,14,49,69,1.0,10.0,-2.62,-10.7,0.28,35.38
111,ISHP.O,First Trust S-Network E-Commerce ETF,5,120,14,49,69,1.0,10.0,-2.62,11.41,0.46,32.68
111,MVPS.K,Amplify Thematic All-Stars ETF,5,60,14,49,79,1.0,10.0,-2.63,8.22,-1.05,31.56
111,GERM.K,Amplify Treatments Testing And Advancements ETF,5,60,14,49,79,1.0,10.0,-2.63,-12.17,-1.65,31.6
111,CNCR.O,Range Cancer Therapeutics ETF,5,60,14,49,79,1.0,10.0,-2.63,-5.85,-0.53,33.74
111,AWAY.K,Amplify Travel Tech ETF,5,60,14,49,79,1.0,10.0,-2.63,-9.82,0.75,34.41
111,DAT,ProShares Big Data Refiners ETF,5,60,14,49,79,1.0,10.0,-2.63,30.07,0.74,35.16
111,KURE.K,KraneShares MSCI All China Health Care Index ETF,5,60,14,49,79,1.0,10.0,-2.63,-7.57,-3.51,32.73
111,KGRN.K,KraneShares MSCI China Clean Technology Index ETF,5,60,14,49,79,1.0,10.0,-2.63,4.56,2.25,33.1
111,GNOM.O,Global X Genomics And Biotechnology ETF,5,60,14,49,79,1.0,10.0,-2.63,-12.68,0.28,35.38
111,BRF,VanEck Brazil Small-Cap ETF,5,60,14,49,79,1.0,10.0,-2.63,-9.19,-3.03,32.55
111,OILK.K,ProShares K-1 Free Crude Oil Strategy ETF,5,60,14,49,79,1.0,10.0,-2.63,-13.02,-2.24,38.48
111,FLBR.K,Franklin FTSE Brazil ETF,5,60,14,49,79,1.0,10.0,-2.63,-7.33,0.75,35.18
111,EWZS.O,iShares MSCI Brazil Small-Cap ETF,5,60,14,49,79,1.0,10.0,-2.63,-5.05,0.55,34.1
111,PBW,Invesco WilderHill Clean Energy ETF,5,60,14,49,79,1.0,10.0,-2.63,-3.18,0.76,34.46
111,URA,Global X Uranium ETF,5,60,14,49,79,1.0,10.0,-2.63,-5.61,-3.25,34.98
111,USO,United States Oil Fund LP,5,60,14,49,79,1.0,10.0,-2.63,-9.18,-2.4,35.7
111,EWZ,Ishares Msci Brazil ETF,5,60,14,49,79,1.0,10.0,-2.63,-6.18,-0.46,33.74
111,ISHP.O,First Trust S-Network E-Commerce ETF,5,60,14,49,79,1.0,10.0,-2.63,10.99,0.46,32.68
111,GBUY.K,Goldman Sachs Future Consumer Equity ETF,5,60,14,49,79,1.0,10.0,-2.63,12.42,-0.88,36.16
111,IRET.K,iREIT MarketVector Quality REIT Index ETF,5,60,14,49,79,1.0,10.0,-2.63,-9.38,-4.17,34.6
111,MVPS.K,Amplify Thematic All-Stars ETF,5,60,14,49,74,1.0,10.0,-2.67,8.22,-1.05,31.56
111,KGRN.K,KraneShares MSCI China Clean Technology Index ETF,5,60,14,49,74,1.0,10.0,-2.67,-1.83,2.25,33.1
111,IRET.K,iREIT MarketVector Quality REIT Index ETF,5,60,14,49,74,1.0,10.0,-2.67,-9.38,-4.17,34.6
111,GERM.K,Amplify Treatments Testing And Advancements ETF,5,60,14,49,74,1.0,10.0,-2.67,-12.17,-1.65,31.6
111,GBUY.K,Goldman Sachs Future Consumer Equity ETF,5,60,14,49,74,1.0,10.0,-2.67,12.42,-0.88,36.16
111,CNCR.O,Range Cancer Therapeutics ETF,5,60,14,49,74,1.0,10.0,-2.67,-5.85,-0.53,33.74
111,AWAY.K,Amplify Travel Tech ETF,5,60,14,49,74,1.0,10.0,-2.67,-9.82,0.75,34.41
111,DAT,ProShares Big Data Refiners ETF,5,60,14,49,74,1.0,10.0,-2.67,30.07,0.74,35.16
111,KURE.K,KraneShares MSCI All China Health Care Index ETF,5,60,14,49,74,1.0,10.0,-2.67,2.41,-3.51,32.73
111,GNOM.O,Global X Genomics And Biotechnology ETF,5,60,14,49,74,1.0,10.0,-2.67,-12.68,0.28,35.38
111,EWZ,Ishares Msci Brazil ETF,5,60,14,49,74,1.0,10.0,-2.67,-6.18,-0.46,33.74
111,BRF,VanEck Brazil Small-Cap ETF,5,60,14,49,74,1.0,10.0,-2.67,-9.19,-3.03,32.55
111,OILK.K,ProShares K-1 Free Crude Oil Strategy ETF,5,60,14,49,74,1.0,10.0,-2.67,-13.02,-2.24,38.48
111,FLBR.K,Franklin FTSE Brazil ETF,5,60,14,49,74,1.0,10.0,-2.67,-7.33,0.75,35.18
111,EWZS.O,iShares MSCI Brazil Small-Cap ETF,5,60,14,49,74,1.0,10.0,-2.67,-5.05,0.55,34.1
111,PBW,Invesco WilderHill Clean Energy ETF,5,60,14,49,74,1.0,10.0,-2.67,-7.45,0.76,34.46
111,URA,Global X Uranium ETF,5,60,14,49,74,1.0,10.0,-2.67,-5.71,-3.25,34.98
111,USO,United States Oil Fund LP,5,60,14,49,74,1.0,10.0,-2.67,-9.18,-2.4,35.7
111,ISHP.O,First Trust S-Network E-Commerce ETF,5,60,14,49,74,1.0,10.0,-2.67,10.99,0.46,32.68
111,MVPS.K,Amplify Thematic All-Stars ETF,5,60,14,39,69,1.0,10.0,-2.81,8.22,-1.05,31.56
111,ISHP.O,First Trust S-Network E-Commerce ETF,5,60,14,39,69,1.0,10.0,-2.81,0.0,0.46,32.68
111,KGRN.K,KraneShares MSCI China Clean Technology Index ETF,5,60,14,39,69,1.0,10.0,-2.81,27.23,2.25,33.1
111,EWZ,Ishares Msci Brazil ETF,5,60,14,39,69,1.0,10.0,-2.81,-6.18,-0.46,33.74
111,IRET.K,iREIT MarketVector Quality REIT Index ETF,5,60,14,39,69,1.0,10.0,-2.81,-9.33,-4.17,34.6
111,GERM.K,Amplify Treatments Testing And Advancements ETF,5,60,14,39,69,1.0,10.0,-2.81,-12.17,-1.65,31.6
111,GBUY.K,Goldman Sachs Future Consumer Equity ETF,5,60,14,39,69,1.0,10.0,-2.81,0.0,-0.88,36.16
111,CNCR.O,Range Cancer Therapeutics ETF,5,60,14,39,69,1.0,10.0,-2.81,-6.49,-0.53,33.74
111,DAT,ProShares Big Data Refiners ETF,5,60,14,39,69,1.0,10.0,-2.81,30.07,0.74,35.16
111,KURE.K,KraneShares MSCI All China Health Care Index ETF,5,60,14,39,69,1.0,10.0,-2.81,-20.47,-3.51,32.73
111,AWAY.K,Amplify Travel Tech ETF,5,60,14,39,69,1.0,10.0,-2.81,2.23,0.75,34.41
111,GNOM.O,Global X Genomics And Biotechnology ETF,5,60,14,39,69,1.0,10.0,-2.81,-12.68,0.28,35.38
111,EWZS.O,iShares MSCI Brazil Small-Cap ETF,5,60,14,39,69,1.0,10.0,-2.81,-5.09,0.55,34.1
111,BRF,VanEck Brazil Small-Cap ETF,5,60,14,39,69,1.0,10.0,-2.81,-9.19,-3.03,32.55
111,URA,Global X Uranium ETF,5,60,14,39,69,1.0,10.0,-2.81,-11.52,-3.25,34.98
111,PBW,Invesco WilderHill Clean Energy ETF,5,60,14,39,69,1.0,10.0,-2.81,-5.76,0.76,34.46
111,USO,United States Oil Fund LP,5,60,14,39,69,1.0,10.0,-2.81,-9.18,-2.4,35.7
111,FLBR.K,Franklin FTSE Brazil ETF,5,60,14,39,69,1.0,10.0,-2.81,-0.13,0.75,35.18
111,OILK.K,ProShares K-1 Free Crude Oil Strategy ETF,5,60,14,39,69,1.0,10.0,-2.81,-13.02,-2.24,38.48
111,KGRN.K,KraneShares MSCI China Clean Technology Index ETF,5,60,14,49,69,1.0,10.0,-3.12,-4.46,2.25,33.1
111,USO,United States Oil Fund LP,5,60,14,49,69,1.0,10.0,-3.12,-9.18,-2.4,35.7
111,URA,Global X Uranium ETF,5,60,14,49,69,1.0,10.0,-3.12,-7.39,-3.25,34.98
111,PBW,Invesco WilderHill Clean Energy ETF,5,60,14,49,69,1.0,10.0,-3.12,-8.65,0.76,34.46
111,EWZS.O,iShares MSCI Brazil Small-Cap ETF,5,60,14,49,69,1.0,10.0,-3.12,-5.05,0.55,34.1
111,FLBR.K,Franklin FTSE Brazil ETF,5,60,14,49,69,1.0,10.0,-3.12,-7.33,0.75,35.18
111,OILK.K,ProShares K-1 Free Crude Oil Strategy ETF,5,60,14,49,69,1.0,10.0,-3.12,-13.02,-2.24,38.48
111,BRF,VanEck Brazil Small-Cap ETF,5,60,14,49,69,1.0,10.0,-3.12,-9.19,-3.03,32.55
111,GNOM.O,Global X Genomics And Biotechnology ETF,5,60,14,49,69,1.0,10.0,-3.12,-12.68,0.28,35.38
111,ISHP.O,First Trust S-Network E-Commerce ETF,5,60,14,49,69,1.0,10.0,-3.12,10.99,0.46,32.68
111,KURE.K,KraneShares MSCI All China Health Care Index ETF,5,60,14,49,69,1.0,10.0,-3.12,-1.2,-3.51,32.73
111,DAT,ProShares Big Data Refiners ETF,5,60,14,49,69,1.0,10.0,-3.12,30.07,0.74,35.16
111,AWAY.K,Amplify Travel Tech ETF,5,60,14,49,69,1.0,10.0,-3.12,-9.82,0.75,34.41
111,CNCR.O,Range Cancer Therapeutics ETF,5,60,14,49,69,1.0,10.0,-3.12,-5.85,-0.53,33.74
111,GBUY.K,Goldman Sachs Future Consumer Equity ETF,5,60,14,49,69,1.0,10.0,-3.12,12.42,-0.88,36.16
111,GERM.K,Amplify Treatments Testing And Advancements ETF,5,60,14,49,69,1.0,10.0,-3.12,-12.17,-1.65,31.6
111,IRET.K,iREIT MarketVector Quality REIT Index ETF,5,60,14,49,69,1.0,10.0,-3.12,-8.72,-4.17,34.6
111,MVPS.K,Amplify Thematic All-Stars ETF,5,60,14,49,69,1.0,10.0,-3.12,8.22,-1.05,31.56
111,EWZ,Ishares Msci Brazil ETF,5,60,14,49,69,1.0,10.0,-3.12,-6.18,-0.46,33.74
