Cluster,Symbol,Name,MA_Short_Window,MA_Long_Window,RSI_Window,RSI_Buy_Threshold,RSI_Sell_Threshold,Stop_Loss_Percent,Take_Profit_Percent,Average_Return,Symbol_sim_return,Return,Std Dev
56,060850,영림원소프트랩,5,120,14,39,69,1.0,10.0,622.25,-9.33,-4.87,37.87
56,115310,인포바인,5,120,14,39,69,1.0,10.0,622.25,10.96,3.73,36.57
56,008470,부스타,5,120,14,39,69,1.0,10.0,622.25,-31.27,6.26,37.9
56,333050,모코엠시스,5,120,14,39,69,1.0,10.0,622.25,-27.64,-3.68,36.53
56,001810,무림SP,5,120,14,39,69,1.0,10.0,622.25,60.12,5.86,38.74
56,051390,YW,5,120,14,39,69,1.0,10.0,622.25,-1.85,3.52,38.69
56,126640,화신정공,5,120,14,39,69,1.0,10.0,622.25,2.79,3.9,37.21
56,299170,더블유에스아이,5,120,14,39,69,1.0,10.0,622.25,3.5,3.75,39.36
56,024830,세원물산,5,120,14,39,69,1.0,10.0,622.25,-19.97,2.82,35.93
56,307280,원바이오젠,5,120,14,39,69,1.0,10.0,622.25,16211.47,2.25,39.28
56,088910,동우팜투테이블,5,120,14,39,69,1.0,10.0,622.25,0.0,2.32,34.37
56,067920,이글루,5,120,14,39,69,1.0,10.0,622.25,11.63,2.38,33.87
56,021320,KCC건설,5,120,14,39,69,1.0,10.0,622.25,-9.94,-4.55,36.6
56,035760,CJ ENM,5,120,14,39,69,1.0,10.0,622.25,-5.59,2.11,35.83
56,104540,코렌텍,5,120,14,39,69,1.0,10.0,622.25,-2.14,-0.01,39.11
56,043650,국순당,5,120,14,39,69,1.0,10.0,622.25,33.39,3.13,37.15
56,005990,매일홀딩스,5,120,14,39,69,1.0,10.0,622.25,6.37,6.14,35.17
56,054050,농우바이오,5,120,14,39,69,1.0,10.0,622.25,-9.74,4.63,34.36
56,228850,레이언스,5,120,14,39,69,1.0,10.0,622.25,-12.24,-7.51,31.92
56,072870,메가스터디,5,120,14,39,69,1.0,10.0,622.25,-2.83,-2.31,36.61
56,261200,덴티스,5,120,14,39,69,1.0,10.0,622.25,0.0,5.74,39.05
56,121440,골프존뉴딘홀딩스,5,120,14,39,69,1.0,10.0,622.25,-3.52,-3.82,35.68
56,214180,헥토이노베이션,5,120,14,39,69,1.0,10.0,622.25,5.2,1.07,36.97
56,006730,서부T&D,5,120,14,39,69,1.0,10.0,622.25,0.0,5.3,36.12
56,413600,키움제6호스팩,5,120,14,39,69,1.0,10.0,622.25,9.3,6.4,35.54
56,253450,스튜디오드래곤,5,120,14,39,69,1.0,10.0,622.25,-40.12,-1.52,38.55
56,413600,키움제6호스팩,5,120,14,39,74,1.0,10.0,619.46,9.3,6.4,35.54
56,104540,코렌텍,5,120,14,39,74,1.0,10.0,619.46,-2.14,-0.01,39.11
56,008470,부스타,5,120,14,39,74,1.0,10.0,619.46,-31.27,6.26,37.9
56,253450,스튜디오드래곤,5,120,14,39,74,1.0,10.0,619.46,-40.12,-1.52,38.55
56,006730,서부T&D,5,120,14,39,74,1.0,10.0,619.46,0.0,5.3,36.12
56,214180,헥토이노베이션,5,120,14,39,74,1.0,10.0,619.46,-2.2,1.07,36.97
56,121440,골프존뉴딘홀딩스,5,120,14,39,74,1.0,10.0,619.46,-7.56,-3.82,35.68
56,261200,덴티스,5,120,14,39,74,1.0,10.0,619.46,0.0,5.74,39.05
56,072870,메가스터디,5,120,14,39,74,1.0,10.0,619.46,-2.83,-2.31,36.61
56,228850,레이언스,5,120,14,39,74,1.0,10.0,619.46,-12.24,-7.51,31.92
56,054050,농우바이오,5,120,14,39,74,1.0,10.0,619.46,-9.74,4.63,34.36
56,005990,매일홀딩스,5,120,14,39,74,1.0,10.0,619.46,7.37,6.14,35.17
56,043650,국순당,5,120,14,39,74,1.0,10.0,619.46,36.69,3.13,37.15
56,035760,CJ ENM,5,120,14,39,74,1.0,10.0,619.46,-11.82,2.11,35.83
56,021320,KCC건설,5,120,14,39,74,1.0,10.0,619.46,-9.94,-4.55,36.6
56,299170,더블유에스아이,5,120,14,39,74,1.0,10.0,619.46,29.87,3.75,39.36
56,333050,모코엠시스,5,120,14,39,74,1.0,10.0,619.46,-27.64,-3.68,36.53
56,001810,무림SP,5,120,14,39,74,1.0,10.0,619.46,-3.47,5.86,38.74
56,051390,YW,5,120,14,39,74,1.0,10.0,619.46,-3.9,3.52,38.69
56,126640,화신정공,5,120,14,39,74,1.0,10.0,619.46,-1.48,3.9,37.21
56,060850,영림원소프트랩,5,120,14,39,74,1.0,10.0,619.46,-9.33,-4.87,37.87
56,024830,세원물산,5,120,14,39,74,1.0,10.0,619.46,-19.97,2.82,35.93
56,088910,동우팜투테이블,5,120,14,39,74,1.0,10.0,619.46,0.0,2.32,34.37
56,067920,이글루,5,120,14,39,74,1.0,10.0,619.46,1.81,2.38,33.87
56,115310,인포바인,5,120,14,39,74,1.0,10.0,619.46,5.18,3.73,36.57
56,307280,원바이오젠,5,120,14,39,74,1.0,10.0,619.46,16211.47,2.25,39.28
56,054050,농우바이오,5,120,14,39,79,1.0,10.0,618.13,-9.74,4.63,34.36
56,021320,KCC건설,5,120,14,39,79,1.0,10.0,618.13,-9.94,-4.55,36.6
56,104540,코렌텍,5,120,14,39,79,1.0,10.0,618.13,-9.29,-0.01,39.11
56,043650,국순당,5,120,14,39,79,1.0,10.0,618.13,-1.75,3.13,37.15
56,005990,매일홀딩스,5,120,14,39,79,1.0,10.0,618.13,14.13,6.14,35.17
56,072870,메가스터디,5,120,14,39,79,1.0,10.0,618.13,-0.68,-2.31,36.61
56,228850,레이언스,5,120,14,39,79,1.0,10.0,618.13,-12.24,-7.51,31.92
56,253450,스튜디오드래곤,5,120,14,39,79,1.0,10.0,618.13,-40.12,-1.52,38.55
56,261200,덴티스,5,120,14,39,79,1.0,10.0,618.13,0.0,5.74,39.05
56,121440,골프존뉴딘홀딩스,5,120,14,39,79,1.0,10.0,618.13,-7.56,-3.82,35.68
56,214180,헥토이노베이션,5,120,14,39,79,1.0,10.0,618.13,-2.2,1.07,36.97
56,060850,영림원소프트랩,5,120,14,39,79,1.0,10.0,618.13,-9.33,-4.87,37.87
56,067920,이글루,5,120,14,39,79,1.0,10.0,618.13,3.91,2.38,33.87
56,115310,인포바인,5,120,14,39,79,1.0,10.0,618.13,5.18,3.73,36.57
56,088910,동우팜투테이블,5,120,14,39,79,1.0,10.0,618.13,0.0,2.32,34.37
56,307280,원바이오젠,5,120,14,39,79,1.0,10.0,618.13,16211.47,2.25,39.28
56,024830,세원물산,5,120,14,39,79,1.0,10.0,618.13,-19.97,2.82,35.93
56,035760,CJ ENM,5,120,14,39,79,1.0,10.0,618.13,-11.82,2.11,35.83
56,126640,화신정공,5,120,14,39,79,1.0,10.0,618.13,-1.48,3.9,37.21
56,051390,YW,5,120,14,39,79,1.0,10.0,618.13,-3.9,3.52,38.69
56,001810,무림SP,5,120,14,39,79,1.0,10.0,618.13,-3.47,5.86,38.74
56,333050,모코엠시스,5,120,14,39,79,1.0,10.0,618.13,-27.64,-3.68,36.53
56,008470,부스타,5,120,14,39,79,1.0,10.0,618.13,-31.27,6.26,37.9
56,413600,키움제6호스팩,5,120,14,39,79,1.0,10.0,618.13,9.3,6.4,35.54
56,299170,더블유에스아이,5,120,14,39,79,1.0,10.0,618.13,29.87,3.75,39.36
56,006730,서부T&D,5,120,14,39,79,1.0,10.0,618.13,0.0,5.3,36.12
56,413600,키움제6호스팩,5,60,14,29,74,1.0,10.0,207.87,0.0,6.4,35.54
56,104540,코렌텍,5,60,14,29,74,1.0,10.0,207.87,32.59,-0.01,39.11
56,333050,모코엠시스,5,60,14,29,74,1.0,10.0,207.87,-12.87,-3.68,36.53
56,001810,무림SP,5,60,14,29,74,1.0,10.0,207.87,0.0,5.86,38.74
56,051390,YW,5,60,14,29,74,1.0,10.0,207.87,0.0,3.52,38.69
56,126640,화신정공,5,60,14,29,74,1.0,10.0,207.87,0.0,3.9,37.21
56,299170,더블유에스아이,5,60,14,29,74,1.0,10.0,207.87,5401.49,3.75,39.36
56,024830,세원물산,5,60,14,29,74,1.0,10.0,207.87,-14.17,2.82,35.93
56,307280,원바이오젠,5,60,14,29,74,1.0,10.0,207.87,0.0,2.25,39.28
56,067920,이글루,5,60,14,29,74,1.0,10.0,207.87,0.0,2.38,33.87
56,115310,인포바인,5,60,14,29,74,1.0,10.0,207.87,5.18,3.73,36.57
56,060850,영림원소프트랩,5,60,14,29,74,1.0,10.0,207.87,-8.09,-4.87,37.87
56,021320,KCC건설,5,60,14,29,74,1.0,10.0,207.87,0.0,-4.55,36.6
56,088910,동우팜투테이블,5,60,14,29,74,1.0,10.0,207.87,0.0,2.32,34.37
56,043650,국순당,5,60,14,29,74,1.0,10.0,207.87,0.0,3.13,37.15
56,121440,골프존뉴딘홀딩스,5,60,14,29,74,1.0,10.0,207.87,2.21,-3.82,35.68
56,005990,매일홀딩스,5,60,14,29,74,1.0,10.0,207.87,0.0,6.14,35.17
56,035760,CJ ENM,5,60,14,29,74,1.0,10.0,207.87,0.0,2.11,35.83
56,253450,스튜디오드래곤,5,60,14,29,74,1.0,10.0,207.87,0.0,-1.52,38.55
56,006730,서부T&D,5,60,14,29,74,1.0,10.0,207.87,0.0,5.3,36.12
56,214180,헥토이노베이션,5,60,14,29,74,1.0,10.0,207.87,0.0,1.07,36.97
56,008470,부스타,5,60,14,29,74,1.0,10.0,207.87,0.0,6.26,37.9
56,261200,덴티스,5,60,14,29,74,1.0,10.0,207.87,0.0,5.74,39.05
56,072870,메가스터디,5,60,14,29,74,1.0,10.0,207.87,-1.76,-2.31,36.61
56,228850,레이언스,5,60,14,29,74,1.0,10.0,207.87,0.0,-7.51,31.92
56,054050,농우바이오,5,60,14,29,74,1.0,10.0,207.87,0.0,4.63,34.36
56,060850,영림원소프트랩,5,120,14,29,79,1.0,10.0,207.26,0.0,-4.87,37.87
56,006730,서부T&D,5,120,14,29,79,1.0,10.0,207.26,0.0,5.3,36.12
56,214180,헥토이노베이션,5,120,14,29,79,1.0,10.0,207.26,0.0,1.07,36.97
56,121440,골프존뉴딘홀딩스,5,120,14,29,79,1.0,10.0,207.26,0.0,-3.82,35.68
56,261200,덴티스,5,120,14,29,79,1.0,10.0,207.26,0.0,5.74,39.05
56,072870,메가스터디,5,120,14,29,79,1.0,10.0,207.26,-0.68,-2.31,36.61
56,228850,레이언스,5,120,14,29,79,1.0,10.0,207.26,0.0,-7.51,31.92
56,054050,농우바이오,5,120,14,29,79,1.0,10.0,207.26,0.0,4.63,34.36
56,005990,매일홀딩스,5,120,14,29,79,1.0,10.0,207.26,0.0,6.14,35.17
56,043650,국순당,5,120,14,29,79,1.0,10.0,207.26,0.0,3.13,37.15
56,104540,코렌텍,5,120,14,29,79,1.0,10.0,207.26,0.0,-0.01,39.11
56,021320,KCC건설,5,120,14,29,79,1.0,10.0,207.26,0.0,-4.55,36.6
56,035760,CJ ENM,5,120,14,29,79,1.0,10.0,207.26,0.0,2.11,35.83
56,115310,인포바인,5,120,14,29,79,1.0,10.0,207.26,5.18,3.73,36.57
56,067920,이글루,5,120,14,29,79,1.0,10.0,207.26,0.0,2.38,33.87
56,088910,동우팜투테이블,5,120,14,29,79,1.0,10.0,207.26,0.0,2.32,34.37
56,307280,원바이오젠,5,120,14,29,79,1.0,10.0,207.26,0.0,2.25,39.28
56,024830,세원물산,5,120,14,29,79,1.0,10.0,207.26,-17.18,2.82,35.93
56,299170,더블유에스아이,5,120,14,29,79,1.0,10.0,207.26,5401.49,3.75,39.36
56,126640,화신정공,5,120,14,29,79,1.0,10.0,207.26,0.0,3.9,37.21
56,051390,YW,5,120,14,29,79,1.0,10.0,207.26,0.0,3.52,38.69
56,001810,무림SP,5,120,14,29,79,1.0,10.0,207.26,0.0,5.86,38.74
56,333050,모코엠시스,5,120,14,29,79,1.0,10.0,207.26,0.0,-3.68,36.53
56,008470,부스타,5,120,14,29,79,1.0,10.0,207.26,0.0,6.26,37.9
56,253450,스튜디오드래곤,5,120,14,29,79,1.0,10.0,207.26,0.0,-1.52,38.55
56,413600,키움제6호스팩,5,120,14,29,79,1.0,10.0,207.26,0.0,6.4,35.54
56,008470,부스타,5,120,14,29,74,1.0,10.0,207.18,0.0,6.26,37.9
56,413600,키움제6호스팩,5,120,14,29,74,1.0,10.0,207.18,0.0,6.4,35.54
56,035760,CJ ENM,5,120,14,29,74,1.0,10.0,207.18,0.0,2.11,35.83
56,021320,KCC건설,5,120,14,29,74,1.0,10.0,207.18,0.0,-4.55,36.6
56,253450,스튜디오드래곤,5,120,14,29,74,1.0,10.0,207.18,0.0,-1.52,38.55
56,006730,서부T&D,5,120,14,29,74,1.0,10.0,207.18,0.0,5.3,36.12
56,214180,헥토이노베이션,5,120,14,29,74,1.0,10.0,207.18,0.0,1.07,36.97
56,121440,골프존뉴딘홀딩스,5,120,14,29,74,1.0,10.0,207.18,0.0,-3.82,35.68
56,261200,덴티스,5,120,14,29,74,1.0,10.0,207.18,0.0,5.74,39.05
56,072870,메가스터디,5,120,14,29,74,1.0,10.0,207.18,-2.83,-2.31,36.61
56,054050,농우바이오,5,120,14,29,74,1.0,10.0,207.18,0.0,4.63,34.36
56,005990,매일홀딩스,5,120,14,29,74,1.0,10.0,207.18,0.0,6.14,35.17
56,043650,국순당,5,120,14,29,74,1.0,10.0,207.18,0.0,3.13,37.15
56,104540,코렌텍,5,120,14,29,74,1.0,10.0,207.18,0.0,-0.01,39.11
56,228850,레이언스,5,120,14,29,74,1.0,10.0,207.18,0.0,-7.51,31.92
56,060850,영림원소프트랩,5,120,14,29,74,1.0,10.0,207.18,0.0,-4.87,37.87
56,299170,더블유에스아이,5,120,14,29,74,1.0,10.0,207.18,5401.49,3.75,39.36
56,115310,인포바인,5,120,14,29,74,1.0,10.0,207.18,5.18,3.73,36.57
56,333050,모코엠시스,5,120,14,29,74,1.0,10.0,207.18,0.0,-3.68,36.53
56,001810,무림SP,5,120,14,29,74,1.0,10.0,207.18,0.0,5.86,38.74
56,051390,YW,5,120,14,29,74,1.0,10.0,207.18,0.0,3.52,38.69
56,126640,화신정공,5,120,14,29,74,1.0,10.0,207.18,0.0,3.9,37.21
56,024830,세원물산,5,120,14,29,74,1.0,10.0,207.18,-17.18,2.82,35.93
56,307280,원바이오젠,5,120,14,29,74,1.0,10.0,207.18,0.0,2.25,39.28
56,088910,동우팜투테이블,5,120,14,29,74,1.0,10.0,207.18,0.0,2.32,34.37
56,067920,이글루,5,120,14,29,74,1.0,10.0,207.18,0.0,2.38,33.87
56,261200,덴티스,5,60,14,29,79,1.0,10.0,206.6,0.0,5.74,39.05
56,043650,국순당,5,60,14,29,79,1.0,10.0,206.6,0.0,3.13,37.15
56,005990,매일홀딩스,5,60,14,29,79,1.0,10.0,206.6,0.0,6.14,35.17
56,054050,농우바이오,5,60,14,29,79,1.0,10.0,206.6,0.0,4.63,34.36
56,228850,레이언스,5,60,14,29,79,1.0,10.0,206.6,0.0,-7.51,31.92
56,072870,메가스터디,5,60,14,29,79,1.0,10.0,206.6,0.4,-2.31,36.61
56,035760,CJ ENM,5,60,14,29,79,1.0,10.0,206.6,0.0,2.11,35.83
56,121440,골프존뉴딘홀딩스,5,60,14,29,79,1.0,10.0,206.6,2.21,-3.82,35.68
56,214180,헥토이노베이션,5,60,14,29,79,1.0,10.0,206.6,0.0,1.07,36.97
56,006730,서부T&D,5,60,14,29,79,1.0,10.0,206.6,0.0,5.3,36.12
56,253450,스튜디오드래곤,5,60,14,29,79,1.0,10.0,206.6,0.0,-1.52,38.55
56,021320,KCC건설,5,60,14,29,79,1.0,10.0,206.6,0.0,-4.55,36.6
56,104540,코렌텍,5,60,14,29,79,1.0,10.0,206.6,-2.67,-0.01,39.11
56,333050,모코엠시스,5,60,14,29,79,1.0,10.0,206.6,-12.87,-3.68,36.53
56,060850,영림원소프트랩,5,60,14,29,79,1.0,10.0,206.6,-8.09,-4.87,37.87
56,115310,인포바인,5,60,14,29,79,1.0,10.0,206.6,5.18,3.73,36.57
56,067920,이글루,5,60,14,29,79,1.0,10.0,206.6,0.0,2.38,33.87
56,088910,동우팜투테이블,5,60,14,29,79,1.0,10.0,206.6,0.0,2.32,34.37
56,307280,원바이오젠,5,60,14,29,79,1.0,10.0,206.6,0.0,2.25,39.28
56,024830,세원물산,5,60,14,29,79,1.0,10.0,206.6,-14.17,2.82,35.93
56,299170,더블유에스아이,5,60,14,29,79,1.0,10.0,206.6,5401.49,3.75,39.36
56,126640,화신정공,5,60,14,29,79,1.0,10.0,206.6,0.0,3.9,37.21
56,051390,YW,5,60,14,29,79,1.0,10.0,206.6,0.0,3.52,38.69
56,001810,무림SP,5,60,14,29,79,1.0,10.0,206.6,0.0,5.86,38.74
56,008470,부스타,5,60,14,29,79,1.0,10.0,206.6,0.0,6.26,37.9
56,413600,키움제6호스팩,5,60,14,29,79,1.0,10.0,206.6,0.0,6.4,35.54
56,253450,스튜디오드래곤,5,120,14,34,74,1.0,10.0,206.13,-40.12,-1.52,38.55
56,121440,골프존뉴딘홀딩스,5,120,14,34,74,1.0,10.0,206.13,-9.27,-3.82,35.68
56,006730,서부T&D,5,120,14,34,74,1.0,10.0,206.13,0.0,5.3,36.12
56,035760,CJ ENM,5,120,14,34,74,1.0,10.0,206.13,-10.32,2.11,35.83
56,088910,동우팜투테이블,5,120,14,34,74,1.0,10.0,206.13,0.0,2.32,34.37
56,261200,덴티스,5,120,14,34,74,1.0,10.0,206.13,0.0,5.74,39.05
56,072870,메가스터디,5,120,14,34,74,1.0,10.0,206.13,-2.83,-2.31,36.61
56,228850,레이언스,5,120,14,34,74,1.0,10.0,206.13,-8.72,-7.51,31.92
56,054050,농우바이오,5,120,14,34,74,1.0,10.0,206.13,-8.99,4.63,34.36
56,005990,매일홀딩스,5,120,14,34,74,1.0,10.0,206.13,0.1,6.14,35.17
56,043650,국순당,5,120,14,34,74,1.0,10.0,206.13,30.61,3.13,37.15
56,104540,코렌텍,5,120,14,34,74,1.0,10.0,206.13,46.4,-0.01,39.11
56,060850,영림원소프트랩,5,120,14,34,74,1.0,10.0,206.13,-9.33,-4.87,37.87
56,115310,인포바인,5,120,14,34,74,1.0,10.0,206.13,5.18,3.73,36.57
56,067920,이글루,5,120,14,34,74,1.0,10.0,206.13,0.0,2.38,33.87
56,021320,KCC건설,5,120,14,34,74,1.0,10.0,206.13,-9.21,-4.55,36.6
56,307280,원바이오젠,5,120,14,34,74,1.0,10.0,206.13,0.0,2.25,39.28
56,299170,더블유에스아이,5,120,14,34,74,1.0,10.0,206.13,5401.49,3.75,39.36
56,126640,화신정공,5,120,14,34,74,1.0,10.0,206.13,0.0,3.9,37.21
56,051390,YW,5,120,14,34,74,1.0,10.0,206.13,-3.9,3.52,38.69
56,001810,무림SP,5,120,14,34,74,1.0,10.0,206.13,0.0,5.86,38.74
56,333050,모코엠시스,5,120,14,34,74,1.0,10.0,206.13,0.0,-3.68,36.53
56,008470,부스타,5,120,14,34,74,1.0,10.0,206.13,0.0,6.26,37.9
56,413600,키움제6호스팩,5,120,14,34,74,1.0,10.0,206.13,0.0,6.4,35.54
56,214180,헥토이노베이션,5,120,14,34,74,1.0,10.0,206.13,-1.69,1.07,36.97
56,024830,세원물산,5,120,14,34,74,1.0,10.0,206.13,-19.97,2.82,35.93
56,307280,원바이오젠,5,60,14,34,74,1.0,10.0,205.42,0.0,2.25,39.28
56,060850,영림원소프트랩,5,60,14,34,74,1.0,10.0,205.42,-8.09,-4.87,37.87
56,115310,인포바인,5,60,14,34,74,1.0,10.0,205.42,5.18,3.73,36.57
56,067920,이글루,5,60,14,34,74,1.0,10.0,205.42,0.0,2.38,33.87
56,088910,동우팜투테이블,5,60,14,34,74,1.0,10.0,205.42,0.0,2.32,34.37
56,001810,무림SP,5,60,14,34,74,1.0,10.0,205.42,0.0,5.86,38.74
56,024830,세원물산,5,60,14,34,74,1.0,10.0,205.42,-14.17,2.82,35.93
56,299170,더블유에스아이,5,60,14,34,74,1.0,10.0,205.42,5401.49,3.75,39.36
56,126640,화신정공,5,60,14,34,74,1.0,10.0,205.42,-0.18,3.9,37.21
56,051390,YW,5,60,14,34,74,1.0,10.0,205.42,-3.84,3.52,38.69
56,104540,코렌텍,5,60,14,34,74,1.0,10.0,205.42,32.59,-0.01,39.11
56,021320,KCC건설,5,60,14,34,74,1.0,10.0,205.42,-8.14,-4.55,36.6
56,035760,CJ ENM,5,60,14,34,74,1.0,10.0,205.42,-10.18,2.11,35.83
56,043650,국순당,5,60,14,34,74,1.0,10.0,205.42,22.1,3.13,37.15
56,005990,매일홀딩스,5,60,14,34,74,1.0,10.0,205.42,-4.99,6.14,35.17
56,054050,농우바이오,5,60,14,34,74,1.0,10.0,205.42,-9.34,4.63,34.36
56,228850,레이언스,5,60,14,34,74,1.0,10.0,205.42,-11.47,-7.51,31.92
56,072870,메가스터디,5,60,14,34,74,1.0,10.0,205.42,-1.76,-2.31,36.61
56,261200,덴티스,5,60,14,34,74,1.0,10.0,205.42,0.0,5.74,39.05
56,121440,골프존뉴딘홀딩스,5,60,14,34,74,1.0,10.0,205.42,-6.95,-3.82,35.68
56,214180,헥토이노베이션,5,60,14,34,74,1.0,10.0,205.42,-1.78,1.07,36.97
56,006730,서부T&D,5,60,14,34,74,1.0,10.0,205.42,0.0,5.3,36.12
56,253450,스튜디오드래곤,5,60,14,34,74,1.0,10.0,205.42,-32.14,-1.52,38.55
56,008470,부스타,5,60,14,34,74,1.0,10.0,205.42,0.0,6.26,37.9
56,333050,모코엠시스,5,60,14,34,74,1.0,10.0,205.42,-12.87,-3.68,36.53
56,413600,키움제6호스팩,5,60,14,34,74,1.0,10.0,205.42,5.32,6.4,35.54
56,413600,키움제6호스팩,5,60,14,34,79,1.0,10.0,203.43,5.32,6.4,35.54
56,060850,영림원소프트랩,5,60,14,34,79,1.0,10.0,203.43,-8.09,-4.87,37.87
56,008470,부스타,5,60,14,34,79,1.0,10.0,203.43,0.0,6.26,37.9
56,333050,모코엠시스,5,60,14,34,79,1.0,10.0,203.43,-12.87,-3.68,36.53
56,001810,무림SP,5,60,14,34,79,1.0,10.0,203.43,0.0,5.86,38.74
56,051390,YW,5,60,14,34,79,1.0,10.0,203.43,-3.84,3.52,38.69
56,126640,화신정공,5,60,14,34,79,1.0,10.0,203.43,-0.18,3.9,37.21
56,299170,더블유에스아이,5,60,14,34,79,1.0,10.0,203.43,5401.49,3.75,39.36
56,035760,CJ ENM,5,60,14,34,79,1.0,10.0,203.43,-10.18,2.11,35.83
56,307280,원바이오젠,5,60,14,34,79,1.0,10.0,203.43,0.0,2.25,39.28
56,088910,동우팜투테이블,5,60,14,34,79,1.0,10.0,203.43,0.0,2.32,34.37
56,067920,이글루,5,60,14,34,79,1.0,10.0,203.43,0.0,2.38,33.87
56,115310,인포바인,5,60,14,34,79,1.0,10.0,203.43,5.18,3.73,36.57
56,024830,세원물산,5,60,14,34,79,1.0,10.0,203.43,-14.17,2.82,35.93
56,021320,KCC건설,5,60,14,34,79,1.0,10.0,203.43,-8.14,-4.55,36.6
56,261200,덴티스,5,60,14,34,79,1.0,10.0,203.43,0.0,5.74,39.05
56,104540,코렌텍,5,60,14,34,79,1.0,10.0,203.43,-2.67,-0.01,39.11
56,253450,스튜디오드래곤,5,60,14,34,79,1.0,10.0,203.43,-32.14,-1.52,38.55
56,006730,서부T&D,5,60,14,34,79,1.0,10.0,203.43,0.0,5.3,36.12
56,214180,헥토이노베이션,5,60,14,34,79,1.0,10.0,203.43,-1.78,1.07,36.97
56,121440,골프존뉴딘홀딩스,5,60,14,34,79,1.0,10.0,203.43,-6.95,-3.82,35.68
56,072870,메가스터디,5,60,14,34,79,1.0,10.0,203.43,0.4,-2.31,36.61
56,228850,레이언스,5,60,14,34,79,1.0,10.0,203.43,-11.47,-7.51,31.92
56,054050,농우바이오,5,60,14,34,79,1.0,10.0,203.43,-9.34,4.63,34.36
56,005990,매일홀딩스,5,60,14,34,79,1.0,10.0,203.43,-4.99,6.14,35.17
56,043650,국순당,5,60,14,34,79,1.0,10.0,203.43,3.48,3.13,37.15
56,299170,더블유에스아이,5,120,14,34,79,1.0,10.0,203.37,5401.49,3.75,39.36
56,067920,이글루,5,120,14,34,79,1.0,10.0,203.37,0.0,2.38,33.87
56,088910,동우팜투테이블,5,120,14,34,79,1.0,10.0,203.37,0.0,2.32,34.37
56,307280,원바이오젠,5,120,14,34,79,1.0,10.0,203.37,0.0,2.25,39.28
56,024830,세원물산,5,120,14,34,79,1.0,10.0,203.37,-19.97,2.82,35.93
56,413600,키움제6호스팩,5,120,14,34,79,1.0,10.0,203.37,0.0,6.4,35.54
56,126640,화신정공,5,120,14,34,79,1.0,10.0,203.37,0.0,3.9,37.21
56,051390,YW,5,120,14,34,79,1.0,10.0,203.37,-3.9,3.52,38.69
56,001810,무림SP,5,120,14,34,79,1.0,10.0,203.37,0.0,5.86,38.74
56,333050,모코엠시스,5,120,14,34,79,1.0,10.0,203.37,0.0,-3.68,36.53
56,008470,부스타,5,120,14,34,79,1.0,10.0,203.37,0.0,6.26,37.9
56,115310,인포바인,5,120,14,34,79,1.0,10.0,203.37,5.18,3.73,36.57
56,006730,서부T&D,5,120,14,34,79,1.0,10.0,203.37,0.0,5.3,36.12
56,060850,영림원소프트랩,5,120,14,34,79,1.0,10.0,203.37,-9.33,-4.87,37.87
56,021320,KCC건설,5,120,14,34,79,1.0,10.0,203.37,-9.21,-4.55,36.6
56,104540,코렌텍,5,120,14,34,79,1.0,10.0,203.37,-1.9,-0.01,39.11
56,043650,국순당,5,120,14,34,79,1.0,10.0,203.37,5.0,3.13,37.15
56,005990,매일홀딩스,5,120,14,34,79,1.0,10.0,203.37,0.1,6.14,35.17
56,054050,농우바이오,5,120,14,34,79,1.0,10.0,203.37,-8.99,4.63,34.36
56,228850,레이언스,5,120,14,34,79,1.0,10.0,203.37,-8.72,-7.51,31.92
56,072870,메가스터디,5,120,14,34,79,1.0,10.0,203.37,-0.68,-2.31,36.61
56,261200,덴티스,5,120,14,34,79,1.0,10.0,203.37,0.0,5.74,39.05
56,121440,골프존뉴딘홀딩스,5,120,14,34,79,1.0,10.0,203.37,-9.27,-3.82,35.68
56,214180,헥토이노베이션,5,120,14,34,79,1.0,10.0,203.37,-1.69,1.07,36.97
56,253450,스튜디오드래곤,5,120,14,34,79,1.0,10.0,203.37,-40.12,-1.52,38.55
56,035760,CJ ENM,5,120,14,34,79,1.0,10.0,203.37,-10.32,2.11,35.83
56,253450,스튜디오드래곤,5,120,14,39,59,1.0,10.0,7.52,-40.12,-1.52,38.55
56,121440,골프존뉴딘홀딩스,5,120,14,39,59,1.0,10.0,7.52,-3.7,-3.82,35.68
56,261200,덴티스,5,120,14,39,59,1.0,10.0,7.52,0.0,5.74,39.05
56,253450,스튜디오드래곤,5,120,14,39,64,1.0,10.0,7.52,-40.12,-1.52,38.55
56,035760,CJ ENM,5,120,14,39,64,1.0,10.0,7.52,-5.59,2.11,35.83
56,413600,키움제6호스팩,5,120,14,39,59,1.0,10.0,7.52,44.05,6.4,35.54
56,008470,부스타,5,120,14,39,59,1.0,10.0,7.52,-31.27,6.26,37.9
56,333050,모코엠시스,5,120,14,39,59,1.0,10.0,7.52,-27.64,-3.68,36.53
56,001810,무림SP,5,120,14,39,59,1.0,10.0,7.52,55.95,5.86,38.74
56,051390,YW,5,120,14,39,59,1.0,10.0,7.52,-0.84,3.52,38.69
56,126640,화신정공,5,120,14,39,59,1.0,10.0,7.52,5.04,3.9,37.21
56,299170,더블유에스아이,5,120,14,39,59,1.0,10.0,7.52,3.5,3.75,39.36
56,024830,세원물산,5,120,14,39,59,1.0,10.0,7.52,-19.97,2.82,35.93
56,307280,원바이오젠,5,120,14,39,59,1.0,10.0,7.52,207.44,2.25,39.28
56,067920,이글루,5,120,14,39,59,1.0,10.0,7.52,26.21,2.38,33.87
56,115310,인포바인,5,120,14,39,59,1.0,10.0,7.52,3.53,3.73,36.57
56,060850,영림원소프트랩,5,120,14,39,59,1.0,10.0,7.52,-9.33,-4.87,37.87
56,021320,KCC건설,5,120,14,39,59,1.0,10.0,7.52,-5.1,-4.55,36.6
56,104540,코렌텍,5,120,14,39,59,1.0,10.0,7.52,-7.92,-0.01,39.11
56,043650,국순당,5,120,14,39,59,1.0,10.0,7.52,10.85,3.13,37.15
56,005990,매일홀딩스,5,120,14,39,59,1.0,10.0,7.52,-0.81,6.14,35.17
56,054050,농우바이오,5,120,14,39,59,1.0,10.0,7.52,-4.48,4.63,34.36
56,228850,레이언스,5,120,14,39,59,1.0,10.0,7.52,-5.71,-7.51,31.92
56,072870,메가스터디,5,120,14,39,59,1.0,10.0,7.52,-8.23,-2.31,36.61
56,088910,동우팜투테이블,5,120,14,39,59,1.0,10.0,7.52,0.0,2.32,34.37
56,214180,헥토이노베이션,5,120,14,39,59,1.0,10.0,7.52,12.41,1.07,36.97
56,006730,서부T&D,5,120,14,39,59,1.0,10.0,7.52,0.0,5.3,36.12
56,067920,이글루,5,120,14,39,64,1.0,10.0,7.52,26.21,2.38,33.87
56,006730,서부T&D,5,120,14,39,64,1.0,10.0,7.52,0.0,5.3,36.12
56,413600,키움제6호스팩,5,120,14,39,64,1.0,10.0,7.52,9.3,6.4,35.54
56,008470,부스타,5,120,14,39,64,1.0,10.0,7.52,-31.27,6.26,37.9
56,333050,모코엠시스,5,120,14,39,64,1.0,10.0,7.52,-27.64,-3.68,36.53
56,001810,무림SP,5,120,14,39,64,1.0,10.0,7.52,64.55,5.86,38.74
56,051390,YW,5,120,14,39,64,1.0,10.0,7.52,-2.96,3.52,38.69
56,126640,화신정공,5,120,14,39,64,1.0,10.0,7.52,0.85,3.9,37.21
56,299170,더블유에스아이,5,120,14,39,64,1.0,10.0,7.52,3.5,3.75,39.36
56,024830,세원물산,5,120,14,39,64,1.0,10.0,7.52,-19.97,2.82,35.93
56,307280,원바이오젠,5,120,14,39,64,1.0,10.0,7.52,207.44,2.25,39.28
56,088910,동우팜투테이블,5,120,14,39,64,1.0,10.0,7.52,0.0,2.32,34.37
56,035760,CJ ENM,5,120,14,39,59,1.0,10.0,7.52,-8.32,2.11,35.83
56,115310,인포바인,5,120,14,39,64,1.0,10.0,7.52,7.63,3.73,36.57
56,054050,농우바이오,5,120,14,39,64,1.0,10.0,7.52,-9.74,4.63,34.36
56,121440,골프존뉴딘홀딩스,5,120,14,39,64,1.0,10.0,7.52,-1.85,-3.82,35.68
56,214180,헥토이노베이션,5,120,14,39,64,1.0,10.0,7.52,18.85,1.07,36.97
56,261200,덴티스,5,120,14,39,64,1.0,10.0,7.52,0.0,5.74,39.05
56,228850,레이언스,5,120,14,39,64,1.0,10.0,7.52,-12.24,-7.51,31.92
56,072870,메가스터디,5,120,14,39,64,1.0,10.0,7.52,-2.83,-2.31,36.61
56,005990,매일홀딩스,5,120,14,39,64,1.0,10.0,7.52,3.21,6.14,35.17
56,043650,국순당,5,120,14,39,64,1.0,10.0,7.52,33.39,3.13,37.15
56,104540,코렌텍,5,120,14,39,64,1.0,10.0,7.52,-7.92,-0.01,39.11
56,021320,KCC건설,5,120,14,39,64,1.0,10.0,7.52,-7.99,-4.55,36.6
56,060850,영림원소프트랩,5,120,14,39,64,1.0,10.0,7.52,-9.33,-4.87,37.87
56,005990,매일홀딩스,5,120,14,39,54,1.0,10.0,7.24,9.72,6.14,35.17
56,060850,영림원소프트랩,5,120,14,39,54,1.0,10.0,7.24,-9.33,-4.87,37.87
56,021320,KCC건설,5,120,14,39,54,1.0,10.0,7.24,-6.82,-4.55,36.6
56,104540,코렌텍,5,120,14,39,54,1.0,10.0,7.24,-11.97,-0.01,39.11
56,043650,국순당,5,120,14,39,54,1.0,10.0,7.24,6.91,3.13,37.15
56,261200,덴티스,5,120,14,39,54,1.0,10.0,7.24,0.0,5.74,39.05
56,054050,농우바이오,5,120,14,39,54,1.0,10.0,7.24,-5.64,4.63,34.36
56,228850,레이언스,5,120,14,39,54,1.0,10.0,7.24,-3.67,-7.51,31.92
56,072870,메가스터디,5,120,14,39,54,1.0,10.0,7.24,-9.78,-2.31,36.61
56,121440,골프존뉴딘홀딩스,5,120,14,39,54,1.0,10.0,7.24,-9.37,-3.82,35.68
56,115310,인포바인,5,120,14,39,54,1.0,10.0,7.24,2.1,3.73,36.57
56,299170,더블유에스아이,5,120,14,39,54,1.0,10.0,7.24,3.5,3.75,39.36
56,067920,이글루,5,120,14,39,54,1.0,10.0,7.24,19.97,2.38,33.87
56,088910,동우팜투테이블,5,120,14,39,54,1.0,10.0,7.24,0.0,2.32,34.37
56,307280,원바이오젠,5,120,14,39,54,1.0,10.0,7.24,207.44,2.25,39.28
56,024830,세원물산,5,120,14,39,54,1.0,10.0,7.24,-19.97,2.82,35.93
56,006730,서부T&D,5,120,14,39,54,1.0,10.0,7.24,0.0,5.3,36.12
56,126640,화신정공,5,120,14,39,54,1.0,10.0,7.24,8.79,3.9,37.21
56,051390,YW,5,120,14,39,54,1.0,10.0,7.24,-4.03,3.52,38.69
56,001810,무림SP,5,120,14,39,54,1.0,10.0,7.24,55.95,5.86,38.74
56,333050,모코엠시스,5,120,14,39,54,1.0,10.0,7.24,-27.64,-3.68,36.53
56,008470,부스타,5,120,14,39,54,1.0,10.0,7.24,-31.27,6.26,37.9
56,413600,키움제6호스팩,5,120,14,39,54,1.0,10.0,7.24,44.05,6.4,35.54
56,253450,스튜디오드래곤,5,120,14,39,54,1.0,10.0,7.24,-40.12,-1.52,38.55
56,035760,CJ ENM,5,120,14,39,54,1.0,10.0,7.24,-0.34,2.11,35.83
56,214180,헥토이노베이션,5,120,14,39,54,1.0,10.0,7.24,9.63,1.07,36.97
56,072870,메가스터디,5,60,14,39,54,1.0,10.0,6.08,-14.18,-2.31,36.61
56,035760,CJ ENM,5,60,14,39,54,1.0,10.0,6.08,-5.06,2.11,35.83
56,253450,스튜디오드래곤,5,60,14,39,54,1.0,10.0,6.08,-25.95,-1.52,38.55
56,008470,부스타,5,60,14,39,54,1.0,10.0,6.08,-1.62,6.26,37.9
56,333050,모코엠시스,5,60,14,39,54,1.0,10.0,6.08,-12.87,-3.68,36.53
56,001810,무림SP,5,60,14,39,54,1.0,10.0,6.08,46.01,5.86,38.74
56,051390,YW,5,60,14,39,54,1.0,10.0,6.08,-3.6,3.52,38.69
56,126640,화신정공,5,60,14,39,54,1.0,10.0,6.08,10.15,3.9,37.21
56,299170,더블유에스아이,5,60,14,39,54,1.0,10.0,6.08,-1.22,3.75,39.36
56,024830,세원물산,5,60,14,39,54,1.0,10.0,6.08,-3.7,2.82,35.93
56,307280,원바이오젠,5,60,14,39,54,1.0,10.0,6.08,92.94,2.25,39.28
56,088910,동우팜투테이블,5,60,14,39,54,1.0,10.0,6.08,15.25,2.32,34.37
56,067920,이글루,5,60,14,39,54,1.0,10.0,6.08,7.35,2.38,33.87
56,115310,인포바인,5,60,14,39,54,1.0,10.0,6.08,1.83,3.73,36.57
56,021320,KCC건설,5,60,14,39,54,1.0,10.0,6.08,-3.87,-4.55,36.6
56,104540,코렌텍,5,60,14,39,54,1.0,10.0,6.08,-8.64,-0.01,39.11
56,043650,국순당,5,60,14,39,54,1.0,10.0,6.08,8.05,3.13,37.15
56,005990,매일홀딩스,5,60,14,39,54,1.0,10.0,6.08,-2.07,6.14,35.17
56,054050,농우바이오,5,60,14,39,54,1.0,10.0,6.08,-5.62,4.63,34.36
56,228850,레이언스,5,60,14,39,54,1.0,10.0,6.08,-5.4,-7.51,31.92
56,261200,덴티스,5,60,14,39,54,1.0,10.0,6.08,62.63,5.74,39.05
56,121440,골프존뉴딘홀딩스,5,60,14,39,54,1.0,10.0,6.08,-6.01,-3.82,35.68
56,214180,헥토이노베이션,5,60,14,39,54,1.0,10.0,6.08,10.26,1.07,36.97
56,006730,서부T&D,5,60,14,39,54,1.0,10.0,6.08,1.05,5.3,36.12
56,413600,키움제6호스팩,5,60,14,39,54,1.0,10.0,6.08,10.32,6.4,35.54
56,060850,영림원소프트랩,5,60,14,39,54,1.0,10.0,6.08,-8.09,-4.87,37.87
56,253450,스튜디오드래곤,5,60,14,39,59,1.0,10.0,4.09,-25.95,-1.52,38.55
56,115310,인포바인,5,60,14,39,59,1.0,10.0,4.09,3.16,3.73,36.57
56,413600,키움제6호스팩,5,60,14,39,59,1.0,10.0,4.09,10.32,6.4,35.54
56,008470,부스타,5,60,14,39,59,1.0,10.0,4.09,7.34,6.26,37.9
56,333050,모코엠시스,5,60,14,39,59,1.0,10.0,4.09,-12.87,-3.68,36.53
56,001810,무림SP,5,60,14,39,59,1.0,10.0,4.09,48.03,5.86,38.74
56,051390,YW,5,60,14,39,59,1.0,10.0,4.09,-0.54,3.52,38.69
56,126640,화신정공,5,60,14,39,59,1.0,10.0,4.09,5.98,3.9,37.21
56,035760,CJ ENM,5,60,14,39,59,1.0,10.0,4.09,-11.87,2.11,35.83
56,024830,세원물산,5,60,14,39,59,1.0,10.0,4.09,-0.85,2.82,35.93
56,307280,원바이오젠,5,60,14,39,59,1.0,10.0,4.09,1.71,2.25,39.28
56,088910,동우팜투테이블,5,60,14,39,59,1.0,10.0,4.09,0.48,2.32,34.37
56,067920,이글루,5,60,14,39,59,1.0,10.0,4.09,11.68,2.38,33.87
56,299170,더블유에스아이,5,60,14,39,59,1.0,10.0,4.09,-1.22,3.75,39.36
56,060850,영림원소프트랩,5,60,14,39,59,1.0,10.0,4.09,-8.09,-4.87,37.87
56,072870,메가스터디,5,60,14,39,59,1.0,10.0,4.09,-12.71,-2.31,36.61
56,021320,KCC건설,5,60,14,39,59,1.0,10.0,4.09,-2.38,-4.55,36.6
56,006730,서부T&D,5,60,14,39,59,1.0,10.0,4.09,4.45,5.3,36.12
56,214180,헥토이노베이션,5,60,14,39,59,1.0,10.0,4.09,12.85,1.07,36.97
56,121440,골프존뉴딘홀딩스,5,60,14,39,59,1.0,10.0,4.09,-0.99,-3.82,35.68
56,261200,덴티스,5,60,14,39,59,1.0,10.0,4.09,91.85,5.74,39.05
56,228850,레이언스,5,60,14,39,59,1.0,10.0,4.09,-7.89,-7.51,31.92
56,054050,농우바이오,5,60,14,39,59,1.0,10.0,4.09,-4.8,4.63,34.36
56,005990,매일홀딩스,5,60,14,39,59,1.0,10.0,4.09,-5.3,6.14,35.17
56,043650,국순당,5,60,14,39,59,1.0,10.0,4.09,10.79,3.13,37.15
56,104540,코렌텍,5,60,14,39,59,1.0,10.0,4.09,-6.89,-0.01,39.11
56,072870,메가스터디,5,60,14,29,69,1.0,10.0,2.89,-1.76,-2.31,36.61
56,043650,국순당,5,60,14,29,69,1.0,10.0,2.89,0.0,3.13,37.15
56,005990,매일홀딩스,5,60,14,29,69,1.0,10.0,2.89,0.0,6.14,35.17
56,054050,농우바이오,5,60,14,29,69,1.0,10.0,2.89,0.0,4.63,34.36
56,228850,레이언스,5,60,14,29,69,1.0,10.0,2.89,0.0,-7.51,31.92
56,035760,CJ ENM,5,60,14,29,69,1.0,10.0,2.89,0.0,2.11,35.83
56,261200,덴티스,5,60,14,29,69,1.0,10.0,2.89,0.0,5.74,39.05
56,121440,골프존뉴딘홀딩스,5,60,14,29,69,1.0,10.0,2.89,68.99,-3.82,35.68
56,214180,헥토이노베이션,5,60,14,29,69,1.0,10.0,2.89,0.0,1.07,36.97
56,006730,서부T&D,5,60,14,29,69,1.0,10.0,2.89,0.0,5.3,36.12
56,253450,스튜디오드래곤,5,60,14,29,69,1.0,10.0,2.89,0.0,-1.52,38.55
56,104540,코렌텍,5,60,14,29,69,1.0,10.0,2.89,32.59,-0.01,39.11
56,413600,키움제6호스팩,5,60,14,29,69,1.0,10.0,2.89,0.0,6.4,35.54
56,060850,영림원소프트랩,5,60,14,29,69,1.0,10.0,2.89,-8.09,-4.87,37.87
56,126640,화신정공,5,60,14,29,69,1.0,10.0,2.89,0.0,3.9,37.21
56,115310,인포바인,5,60,14,29,69,1.0,10.0,2.89,23.16,3.73,36.57
56,008470,부스타,5,60,14,29,69,1.0,10.0,2.89,0.0,6.26,37.9
56,333050,모코엠시스,5,60,14,29,69,1.0,10.0,2.89,-12.87,-3.68,36.53
56,001810,무림SP,5,60,14,29,69,1.0,10.0,2.89,0.0,5.86,38.74
56,051390,YW,5,60,14,29,69,1.0,10.0,2.89,0.0,3.52,38.69
56,021320,KCC건설,5,60,14,29,69,1.0,10.0,2.89,0.0,-4.55,36.6
56,299170,더블유에스아이,5,60,14,29,69,1.0,10.0,2.89,-12.59,3.75,39.36
56,307280,원바이오젠,5,60,14,29,69,1.0,10.0,2.89,0.0,2.25,39.28
56,088910,동우팜투테이블,5,60,14,29,69,1.0,10.0,2.89,0.0,2.32,34.37
56,024830,세원물산,5,60,14,29,69,1.0,10.0,2.89,-14.17,2.82,35.93
56,067920,이글루,5,60,14,29,69,1.0,10.0,2.89,0.0,2.38,33.87
56,299170,더블유에스아이,5,60,14,39,69,1.0,10.0,2.79,-1.22,3.75,39.36
56,088910,동우팜투테이블,5,60,14,39,69,1.0,10.0,2.79,-7.0,2.32,34.37
56,307280,원바이오젠,5,60,14,39,69,1.0,10.0,2.79,37.1,2.25,39.28
56,024830,세원물산,5,60,14,39,69,1.0,10.0,2.79,3.83,2.82,35.93
56,051390,YW,5,60,14,39,69,1.0,10.0,2.79,-1.77,3.52,38.69
56,126640,화신정공,5,60,14,39,69,1.0,10.0,2.79,4.6,3.9,37.21
56,115310,인포바인,5,60,14,39,69,1.0,10.0,2.79,10.15,3.73,36.57
56,001810,무림SP,5,60,14,39,69,1.0,10.0,2.79,50.45,5.86,38.74
56,333050,모코엠시스,5,60,14,39,69,1.0,10.0,2.79,-12.87,-3.68,36.53
56,008470,부스타,5,60,14,39,69,1.0,10.0,2.79,20.89,6.26,37.9
56,413600,키움제6호스팩,5,60,14,39,69,1.0,10.0,2.79,1.09,6.4,35.54
56,067920,이글루,5,60,14,39,69,1.0,10.0,2.79,6.7,2.38,33.87
56,021320,KCC건설,5,60,14,39,69,1.0,10.0,2.79,-10.1,-4.55,36.6
56,060850,영림원소프트랩,5,60,14,39,69,1.0,10.0,2.79,-8.09,-4.87,37.87
56,104540,코렌텍,5,60,14,39,69,1.0,10.0,2.79,-1.09,-0.01,39.11
56,043650,국순당,5,60,14,39,69,1.0,10.0,2.79,26.47,3.13,37.15
56,005990,매일홀딩스,5,60,14,39,69,1.0,10.0,2.79,0.99,6.14,35.17
56,228850,레이언스,5,60,14,39,69,1.0,10.0,2.79,-12.0,-7.51,31.92
56,072870,메가스터디,5,60,14,39,69,1.0,10.0,2.79,-6.25,-2.31,36.61
56,261200,덴티스,5,60,14,39,69,1.0,10.0,2.79,7.1,5.74,39.05
56,121440,골프존뉴딘홀딩스,5,60,14,39,69,1.0,10.0,2.79,-3.4,-3.82,35.68
56,214180,헥토이노베이션,5,60,14,39,69,1.0,10.0,2.79,5.25,1.07,36.97
56,006730,서부T&D,5,60,14,39,69,1.0,10.0,2.79,6.38,5.3,36.12
56,253450,스튜디오드래곤,5,60,14,39,69,1.0,10.0,2.79,-25.95,-1.52,38.55
56,054050,농우바이오,5,60,14,39,69,1.0,10.0,2.79,-9.34,4.63,34.36
56,035760,CJ ENM,5,60,14,39,69,1.0,10.0,2.79,-9.4,2.11,35.83
56,104540,코렌텍,5,60,14,29,64,1.0,10.0,2.65,13.72,-0.01,39.11
56,035760,CJ ENM,5,60,14,29,64,1.0,10.0,2.65,0.0,2.11,35.83
56,006730,서부T&D,5,60,14,29,64,1.0,10.0,2.65,0.0,5.3,36.12
56,214180,헥토이노베이션,5,60,14,29,64,1.0,10.0,2.65,0.0,1.07,36.97
56,121440,골프존뉴딘홀딩스,5,60,14,29,64,1.0,10.0,2.65,87.26,-3.82,35.68
56,261200,덴티스,5,60,14,29,64,1.0,10.0,2.65,0.0,5.74,39.05
56,072870,메가스터디,5,60,14,29,64,1.0,10.0,2.65,-1.76,-2.31,36.61
56,228850,레이언스,5,60,14,29,64,1.0,10.0,2.65,0.0,-7.51,31.92
56,054050,농우바이오,5,60,14,29,64,1.0,10.0,2.65,0.0,4.63,34.36
56,005990,매일홀딩스,5,60,14,29,64,1.0,10.0,2.65,0.0,6.14,35.17
56,043650,국순당,5,60,14,29,64,1.0,10.0,2.65,0.0,3.13,37.15
56,413600,키움제6호스팩,5,60,14,29,64,1.0,10.0,2.65,0.0,6.4,35.54
56,021320,KCC건설,5,60,14,29,64,1.0,10.0,2.65,0.0,-4.55,36.6
56,060850,영림원소프트랩,5,60,14,29,64,1.0,10.0,2.65,-8.09,-4.87,37.87
56,115310,인포바인,5,60,14,29,64,1.0,10.0,2.65,17.34,3.73,36.57
56,067920,이글루,5,60,14,29,64,1.0,10.0,2.65,0.0,2.38,33.87
56,088910,동우팜투테이블,5,60,14,29,64,1.0,10.0,2.65,0.0,2.32,34.37
56,307280,원바이오젠,5,60,14,29,64,1.0,10.0,2.65,0.0,2.25,39.28
56,024830,세원물산,5,60,14,29,64,1.0,10.0,2.65,-14.17,2.82,35.93
56,299170,더블유에스아이,5,60,14,29,64,1.0,10.0,2.65,-12.59,3.75,39.36
56,126640,화신정공,5,60,14,29,64,1.0,10.0,2.65,0.0,3.9,37.21
56,051390,YW,5,60,14,29,64,1.0,10.0,2.65,0.0,3.52,38.69
56,001810,무림SP,5,60,14,29,64,1.0,10.0,2.65,0.0,5.86,38.74
56,333050,모코엠시스,5,60,14,29,64,1.0,10.0,2.65,-12.87,-3.68,36.53
56,008470,부스타,5,60,14,29,64,1.0,10.0,2.65,0.0,6.26,37.9
56,253450,스튜디오드래곤,5,60,14,29,64,1.0,10.0,2.65,0.0,-1.52,38.55
56,008470,부스타,5,60,14,29,59,1.0,10.0,2.3,0.0,6.26,37.9
56,413600,키움제6호스팩,5,60,14,29,59,1.0,10.0,2.3,0.0,6.4,35.54
56,104540,코렌텍,5,60,14,29,59,1.0,10.0,2.3,13.72,-0.01,39.11
56,333050,모코엠시스,5,60,14,29,59,1.0,10.0,2.3,-12.87,-3.68,36.53
56,051390,YW,5,60,14,29,59,1.0,10.0,2.3,0.0,3.52,38.69
56,126640,화신정공,5,60,14,29,59,1.0,10.0,2.3,0.0,3.9,37.21
56,299170,더블유에스아이,5,60,14,29,59,1.0,10.0,2.3,-12.59,3.75,39.36
56,024830,세원물산,5,60,14,29,59,1.0,10.0,2.3,-14.17,2.82,35.93
56,307280,원바이오젠,5,60,14,29,59,1.0,10.0,2.3,0.0,2.25,39.28
56,088910,동우팜투테이블,5,60,14,29,59,1.0,10.0,2.3,0.0,2.32,34.37
56,067920,이글루,5,60,14,29,59,1.0,10.0,2.3,0.0,2.38,33.87
56,115310,인포바인,5,60,14,29,59,1.0,10.0,2.3,13.11,3.73,36.57
56,060850,영림원소프트랩,5,60,14,29,59,1.0,10.0,2.3,-8.09,-4.87,37.87
56,021320,KCC건설,5,60,14,29,59,1.0,10.0,2.3,0.0,-4.55,36.6
56,001810,무림SP,5,60,14,29,59,1.0,10.0,2.3,0.0,5.86,38.74
56,043650,국순당,5,60,14,29,59,1.0,10.0,2.3,0.0,3.13,37.15
56,054050,농우바이오,5,60,14,29,59,1.0,10.0,2.3,0.0,4.63,34.36
56,228850,레이언스,5,60,14,29,59,1.0,10.0,2.3,0.0,-7.51,31.92
56,072870,메가스터디,5,60,14,29,59,1.0,10.0,2.3,-6.47,-2.31,36.61
56,261200,덴티스,5,60,14,29,59,1.0,10.0,2.3,0.0,5.74,39.05
56,121440,골프존뉴딘홀딩스,5,60,14,29,59,1.0,10.0,2.3,87.26,-3.82,35.68
56,214180,헥토이노베이션,5,60,14,29,59,1.0,10.0,2.3,0.0,1.07,36.97
56,006730,서부T&D,5,60,14,29,59,1.0,10.0,2.3,0.0,5.3,36.12
56,253450,스튜디오드래곤,5,60,14,29,59,1.0,10.0,2.3,0.0,-1.52,38.55
56,035760,CJ ENM,5,60,14,29,59,1.0,10.0,2.3,0.0,2.11,35.83
56,005990,매일홀딩스,5,60,14,29,59,1.0,10.0,2.3,0.0,6.14,35.17
56,307280,원바이오젠,5,120,14,34,54,1.0,10.0,1.98,0.0,2.25,39.28
56,115310,인포바인,5,120,14,34,54,1.0,10.0,1.98,13.11,3.73,36.57
56,067920,이글루,5,120,14,34,54,1.0,10.0,1.98,0.0,2.38,33.87
56,088910,동우팜투테이블,5,120,14,34,54,1.0,10.0,1.98,0.0,2.32,34.37
56,001810,무림SP,5,120,14,34,54,1.0,10.0,1.98,0.0,5.86,38.74
56,024830,세원물산,5,120,14,34,54,1.0,10.0,1.98,-19.97,2.82,35.93
56,299170,더블유에스아이,5,120,14,34,54,1.0,10.0,1.98,-12.59,3.75,39.36
56,126640,화신정공,5,120,14,34,54,1.0,10.0,1.98,0.0,3.9,37.21
56,051390,YW,5,120,14,34,54,1.0,10.0,1.98,-6.21,3.52,38.69
56,021320,KCC건설,5,120,14,34,54,1.0,10.0,1.98,-3.49,-4.55,36.6
56,060850,영림원소프트랩,5,120,14,34,54,1.0,10.0,1.98,-9.33,-4.87,37.87
56,072870,메가스터디,5,120,14,34,54,1.0,10.0,1.98,-9.78,-2.31,36.61
56,104540,코렌텍,5,120,14,34,54,1.0,10.0,1.98,2.74,-0.01,39.11
56,043650,국순당,5,120,14,34,54,1.0,10.0,1.98,2.27,3.13,37.15
56,005990,매일홀딩스,5,120,14,34,54,1.0,10.0,1.98,77.21,6.14,35.17
56,054050,농우바이오,5,120,14,34,54,1.0,10.0,1.98,-0.34,4.63,34.36
56,228850,레이언스,5,120,14,34,54,1.0,10.0,1.98,8.79,-7.51,31.92
56,261200,덴티스,5,120,14,34,54,1.0,10.0,1.98,0.0,5.74,39.05
56,121440,골프존뉴딘홀딩스,5,120,14,34,54,1.0,10.0,1.98,-12.03,-3.82,35.68
56,214180,헥토이노베이션,5,120,14,34,54,1.0,10.0,1.98,41.31,1.07,36.97
56,006730,서부T&D,5,120,14,34,54,1.0,10.0,1.98,0.0,5.3,36.12
56,253450,스튜디오드래곤,5,120,14,34,54,1.0,10.0,1.98,-40.12,-1.52,38.55
56,035760,CJ ENM,5,120,14,34,54,1.0,10.0,1.98,19.99,2.11,35.83
56,333050,모코엠시스,5,120,14,34,54,1.0,10.0,1.98,0.0,-3.68,36.53
56,413600,키움제6호스팩,5,120,14,34,54,1.0,10.0,1.98,0.0,6.4,35.54
56,008470,부스타,5,120,14,34,54,1.0,10.0,1.98,0.0,6.26,37.9
56,035760,CJ ENM,5,120,14,44,54,1.0,10.0,1.57,-3.44,2.11,35.83
56,115310,인포바인,5,120,14,44,54,1.0,10.0,1.57,2.1,3.73,36.57
56,253450,스튜디오드래곤,5,120,14,44,54,1.0,10.0,1.57,-17.89,-1.52,38.55
56,121440,골프존뉴딘홀딩스,5,120,14,44,54,1.0,10.0,1.57,-6.43,-3.82,35.68
56,261200,덴티스,5,120,14,44,54,1.0,10.0,1.57,6.89,5.74,39.05
56,072870,메가스터디,5,120,14,44,54,1.0,10.0,1.57,-2.29,-2.31,36.61
56,228850,레이언스,5,120,14,44,54,1.0,10.0,1.57,-9.58,-7.51,31.92
56,054050,농우바이오,5,120,14,44,54,1.0,10.0,1.57,-6.78,4.63,34.36
56,005990,매일홀딩스,5,120,14,44,54,1.0,10.0,1.57,1.39,6.14,35.17
56,043650,국순당,5,120,14,44,54,1.0,10.0,1.57,-5.22,3.13,37.15
56,104540,코렌텍,5,120,14,44,54,1.0,10.0,1.57,-4.18,-0.01,39.11
56,021320,KCC건설,5,120,14,44,54,1.0,10.0,1.57,-7.17,-4.55,36.6
56,060850,영림원소프트랩,5,120,14,44,54,1.0,10.0,1.57,-9.33,-4.87,37.87
56,006730,서부T&D,5,120,14,44,54,1.0,10.0,1.57,-4.68,5.3,36.12
56,214180,헥토이노베이션,5,120,14,44,54,1.0,10.0,1.57,13.35,1.07,36.97
56,067920,이글루,5,120,14,44,54,1.0,10.0,1.57,4.03,2.38,33.87
56,088910,동우팜투테이블,5,120,14,44,54,1.0,10.0,1.57,8.74,2.32,34.37
56,307280,원바이오젠,5,120,14,44,54,1.0,10.0,1.57,25.49,2.25,39.28
56,024830,세원물산,5,120,14,44,54,1.0,10.0,1.57,-7.39,2.82,35.93
56,299170,더블유에스아이,5,120,14,44,54,1.0,10.0,1.57,3.5,3.75,39.36
56,126640,화신정공,5,120,14,44,54,1.0,10.0,1.57,8.22,3.9,37.21
56,051390,YW,5,120,14,44,54,1.0,10.0,1.57,-1.87,3.52,38.69
56,001810,무림SP,5,120,14,44,54,1.0,10.0,1.57,37.17,5.86,38.74
56,333050,모코엠시스,5,120,14,44,54,1.0,10.0,1.57,-35.1,-3.68,36.53
56,008470,부스타,5,120,14,44,54,1.0,10.0,1.57,7.16,6.26,37.9
56,413600,키움제6호스팩,5,120,14,44,54,1.0,10.0,1.57,44.05,6.4,35.54
56,413600,키움제6호스팩,5,60,14,39,64,1.0,10.0,1.32,1.09,6.4,35.54
56,035760,CJ ENM,5,60,14,39,64,1.0,10.0,1.32,-9.4,2.11,35.83
56,253450,스튜디오드래곤,5,60,14,39,64,1.0,10.0,1.32,-25.95,-1.52,38.55
56,006730,서부T&D,5,60,14,39,64,1.0,10.0,1.32,4.45,5.3,36.12
56,008470,부스타,5,60,14,39,64,1.0,10.0,1.32,7.34,6.26,37.9
56,333050,모코엠시스,5,60,14,39,64,1.0,10.0,1.32,-12.87,-3.68,36.53
56,001810,무림SP,5,60,14,39,64,1.0,10.0,1.32,51.43,5.86,38.74
56,051390,YW,5,60,14,39,64,1.0,10.0,1.32,-2.88,3.52,38.69
56,126640,화신정공,5,60,14,39,64,1.0,10.0,1.32,2.69,3.9,37.21
56,299170,더블유에스아이,5,60,14,39,64,1.0,10.0,1.32,-1.22,3.75,39.36
56,024830,세원물산,5,60,14,39,64,1.0,10.0,1.32,3.83,2.82,35.93
56,307280,원바이오젠,5,60,14,39,64,1.0,10.0,1.32,1.71,2.25,39.28
56,088910,동우팜투테이블,5,60,14,39,64,1.0,10.0,1.32,-7.0,2.32,34.37
56,067920,이글루,5,60,14,39,64,1.0,10.0,1.32,11.68,2.38,33.87
56,115310,인포바인,5,60,14,39,64,1.0,10.0,1.32,6.98,3.73,36.57
56,021320,KCC건설,5,60,14,39,64,1.0,10.0,1.32,-6.67,-4.55,36.6
56,104540,코렌텍,5,60,14,39,64,1.0,10.0,1.32,-6.89,-0.01,39.11
56,043650,국순당,5,60,14,39,64,1.0,10.0,1.32,26.47,3.13,37.15
56,005990,매일홀딩스,5,60,14,39,64,1.0,10.0,1.32,-1.64,6.14,35.17
56,054050,농우바이오,5,60,14,39,64,1.0,10.0,1.32,-9.34,4.63,34.36
56,228850,레이언스,5,60,14,39,64,1.0,10.0,1.32,-12.0,-7.51,31.92
56,072870,메가스터디,5,60,14,39,64,1.0,10.0,1.32,-6.25,-2.31,36.61
56,261200,덴티스,5,60,14,39,64,1.0,10.0,1.32,7.1,5.74,39.05
56,121440,골프존뉴딘홀딩스,5,60,14,39,64,1.0,10.0,1.32,0.68,-3.82,35.68
56,214180,헥토이노베이션,5,60,14,39,64,1.0,10.0,1.32,18.97,1.07,36.97
56,060850,영림원소프트랩,5,60,14,39,64,1.0,10.0,1.32,-8.09,-4.87,37.87
56,060850,영림원소프트랩,5,60,14,39,74,1.0,10.0,0.98,-8.09,-4.87,37.87
56,413600,키움제6호스팩,5,60,14,39,74,1.0,10.0,0.98,1.09,6.4,35.54
56,104540,코렌텍,5,60,14,39,74,1.0,10.0,0.98,-1.09,-0.01,39.11
56,008470,부스타,5,60,14,39,74,1.0,10.0,0.98,20.89,6.26,37.9
56,035760,CJ ENM,5,60,14,39,74,1.0,10.0,0.98,-12.43,2.11,35.83
56,253450,스튜디오드래곤,5,60,14,39,74,1.0,10.0,0.98,-25.95,-1.52,38.55
56,006730,서부T&D,5,60,14,39,74,1.0,10.0,0.98,-2.33,5.3,36.12
56,214180,헥토이노베이션,5,60,14,39,74,1.0,10.0,0.98,-2.12,1.07,36.97
56,121440,골프존뉴딘홀딩스,5,60,14,39,74,1.0,10.0,0.98,-7.46,-3.82,35.68
56,261200,덴티스,5,60,14,39,74,1.0,10.0,0.98,7.1,5.74,39.05
56,228850,레이언스,5,60,14,39,74,1.0,10.0,0.98,-12.0,-7.51,31.92
56,054050,농우바이오,5,60,14,39,74,1.0,10.0,0.98,-9.34,4.63,34.36
56,005990,매일홀딩스,5,60,14,39,74,1.0,10.0,0.98,1.85,6.14,35.17
56,043650,국순당,5,60,14,39,74,1.0,10.0,0.98,29.11,3.13,37.15
56,072870,메가스터디,5,60,14,39,74,1.0,10.0,0.98,-6.25,-2.31,36.61
56,021320,KCC건설,5,60,14,39,74,1.0,10.0,0.98,-10.1,-4.55,36.6
56,299170,더블유에스아이,5,60,14,39,74,1.0,10.0,0.98,24.04,3.75,39.36
56,115310,인포바인,5,60,14,39,74,1.0,10.0,0.98,5.18,3.73,36.57
56,001810,무림SP,5,60,14,39,74,1.0,10.0,0.98,14.54,5.86,38.74
56,051390,YW,5,60,14,39,74,1.0,10.0,0.98,-3.84,3.52,38.69
56,126640,화신정공,5,60,14,39,74,1.0,10.0,0.98,-0.18,3.9,37.21
56,333050,모코엠시스,5,60,14,39,74,1.0,10.0,0.98,-12.87,-3.68,36.53
56,024830,세원물산,5,60,14,39,74,1.0,10.0,0.98,3.83,2.82,35.93
56,307280,원바이오젠,5,60,14,39,74,1.0,10.0,0.98,37.1,2.25,39.28
56,088910,동우팜투테이블,5,60,14,39,74,1.0,10.0,0.98,-7.0,2.32,34.37
56,067920,이글루,5,60,14,39,74,1.0,10.0,0.98,1.78,2.38,33.87
56,060850,영림원소프트랩,5,120,14,49,54,1.0,10.0,0.69,-9.33,-4.87,37.87
56,035760,CJ ENM,5,120,14,49,54,1.0,10.0,0.69,-1.04,2.11,35.83
56,214180,헥토이노베이션,5,120,14,49,54,1.0,10.0,0.69,13.35,1.07,36.97
56,121440,골프존뉴딘홀딩스,5,120,14,49,54,1.0,10.0,0.69,-6.43,-3.82,35.68
56,261200,덴티스,5,120,14,49,54,1.0,10.0,0.69,2.72,5.74,39.05
56,072870,메가스터디,5,120,14,49,54,1.0,10.0,0.69,-2.34,-2.31,36.61
56,228850,레이언스,5,120,14,49,54,1.0,10.0,0.69,-10.81,-7.51,31.92
56,054050,농우바이오,5,120,14,49,54,1.0,10.0,0.69,-1.67,4.63,34.36
56,005990,매일홀딩스,5,120,14,49,54,1.0,10.0,0.69,4.44,6.14,35.17
56,043650,국순당,5,120,14,49,54,1.0,10.0,0.69,-7.58,3.13,37.15
56,104540,코렌텍,5,120,14,49,54,1.0,10.0,0.69,-12.11,-0.01,39.11
56,021320,KCC건설,5,120,14,49,54,1.0,10.0,0.69,-4.9,-4.55,36.6
56,413600,키움제6호스팩,5,120,14,49,54,1.0,10.0,0.69,56.39,6.4,35.54
56,115310,인포바인,5,120,14,49,54,1.0,10.0,0.69,7.77,3.73,36.57
56,067920,이글루,5,120,14,49,54,1.0,10.0,0.69,9.85,2.38,33.87
56,088910,동우팜투테이블,5,120,14,49,54,1.0,10.0,0.69,-1.41,2.32,34.37
56,307280,원바이오젠,5,120,14,49,54,1.0,10.0,0.69,-7.12,2.25,39.28
56,024830,세원물산,5,120,14,49,54,1.0,10.0,0.69,7.2,2.82,35.93
56,299170,더블유에스아이,5,120,14,49,54,1.0,10.0,0.69,-3.1,3.75,39.36
56,126640,화신정공,5,120,14,49,54,1.0,10.0,0.69,7.2,3.9,37.21
56,051390,YW,5,120,14,49,54,1.0,10.0,0.69,-0.83,3.52,38.69
56,001810,무림SP,5,120,14,49,54,1.0,10.0,0.69,3.73,5.86,38.74
56,333050,모코엠시스,5,120,14,49,54,1.0,10.0,0.69,-19.63,-3.68,36.53
56,008470,부스타,5,120,14,49,54,1.0,10.0,0.69,3.88,6.26,37.9
56,006730,서부T&D,5,120,14,49,54,1.0,10.0,0.69,9.01,5.3,36.12
56,253450,스튜디오드래곤,5,120,14,49,54,1.0,10.0,0.69,-19.22,-1.52,38.55
56,413600,키움제6호스팩,5,60,14,44,54,1.0,10.0,0.54,10.32,6.4,35.54
56,104540,코렌텍,5,60,14,44,54,1.0,10.0,0.54,-5.16,-0.01,39.11
56,051390,YW,5,60,14,44,54,1.0,10.0,0.54,-0.61,3.52,38.69
56,126640,화신정공,5,60,14,44,54,1.0,10.0,0.54,8.96,3.9,37.21
56,299170,더블유에스아이,5,60,14,44,54,1.0,10.0,0.54,-1.39,3.75,39.36
56,024830,세원물산,5,60,14,44,54,1.0,10.0,0.54,-5.02,2.82,35.93
56,307280,원바이오젠,5,60,14,44,54,1.0,10.0,0.54,16.17,2.25,39.28
56,088910,동우팜투테이블,5,60,14,44,54,1.0,10.0,0.54,8.12,2.32,34.37
56,067920,이글루,5,60,14,44,54,1.0,10.0,0.54,8.2,2.38,33.87
56,115310,인포바인,5,60,14,44,54,1.0,10.0,0.54,7.3,3.73,36.57
56,060850,영림원소프트랩,5,60,14,44,54,1.0,10.0,0.54,-8.09,-4.87,37.87
56,021320,KCC건설,5,60,14,44,54,1.0,10.0,0.54,-5.59,-4.55,36.6
56,043650,국순당,5,60,14,44,54,1.0,10.0,0.54,-3.7,3.13,37.15
56,008470,부스타,5,60,14,44,54,1.0,10.0,0.54,5.57,6.26,37.9
56,005990,매일홀딩스,5,60,14,44,54,1.0,10.0,0.54,4.92,6.14,35.17
56,054050,농우바이오,5,60,14,44,54,1.0,10.0,0.54,-4.62,4.63,34.36
56,228850,레이언스,5,60,14,44,54,1.0,10.0,0.54,-7.98,-7.51,31.92
56,072870,메가스터디,5,60,14,44,54,1.0,10.0,0.54,-4.63,-2.31,36.61
56,261200,덴티스,5,60,14,44,54,1.0,10.0,0.54,15.44,5.74,39.05
56,121440,골프존뉴딘홀딩스,5,60,14,44,54,1.0,10.0,0.54,-3.13,-3.82,35.68
56,214180,헥토이노베이션,5,60,14,44,54,1.0,10.0,0.54,9.65,1.07,36.97
56,006730,서부T&D,5,60,14,44,54,1.0,10.0,0.54,7.19,5.3,36.12
56,253450,스튜디오드래곤,5,60,14,44,54,1.0,10.0,0.54,-15.61,-1.52,38.55
56,035760,CJ ENM,5,60,14,44,54,1.0,10.0,0.54,-1.12,2.11,35.83
56,001810,무림SP,5,60,14,44,54,1.0,10.0,0.54,14.04,5.86,38.74
56,333050,모코엠시스,5,60,14,44,54,1.0,10.0,0.54,-35.1,-3.68,36.53
56,006730,서부T&D,5,60,14,49,54,1.0,10.0,0.47,6.59,5.3,36.12
56,035760,CJ ENM,5,60,14,49,54,1.0,10.0,0.47,-3.81,2.11,35.83
56,214180,헥토이노베이션,5,60,14,49,54,1.0,10.0,0.47,8.38,1.07,36.97
56,121440,골프존뉴딘홀딩스,5,60,14,49,54,1.0,10.0,0.47,-7.0,-3.82,35.68
56,261200,덴티스,5,60,14,49,54,1.0,10.0,0.47,24.09,5.74,39.05
56,072870,메가스터디,5,60,14,49,54,1.0,10.0,0.47,-4.27,-2.31,36.61
56,228850,레이언스,5,60,14,49,54,1.0,10.0,0.47,-10.01,-7.51,31.92
56,054050,농우바이오,5,60,14,49,54,1.0,10.0,0.47,-1.3,4.63,34.36
56,005990,매일홀딩스,5,60,14,49,54,1.0,10.0,0.47,7.57,6.14,35.17
56,043650,국순당,5,60,14,49,54,1.0,10.0,0.47,-4.56,3.13,37.15
56,104540,코렌텍,5,60,14,49,54,1.0,10.0,0.47,-10.71,-0.01,39.11
56,021320,KCC건설,5,60,14,49,54,1.0,10.0,0.47,-1.74,-4.55,36.6
56,060850,영림원소프트랩,5,60,14,49,54,1.0,10.0,0.47,-8.09,-4.87,37.87
56,115310,인포바인,5,60,14,49,54,1.0,10.0,0.47,9.51,3.73,36.57
56,067920,이글루,5,60,14,49,54,1.0,10.0,0.47,9.17,2.38,33.87
56,088910,동우팜투테이블,5,60,14,49,54,1.0,10.0,0.47,7.85,2.32,34.37
56,307280,원바이오젠,5,60,14,49,54,1.0,10.0,0.47,-3.87,2.25,39.28
56,024830,세원물산,5,60,14,49,54,1.0,10.0,0.47,4.53,2.82,35.93
56,299170,더블유에스아이,5,60,14,49,54,1.0,10.0,0.47,-3.35,3.75,39.36
56,126640,화신정공,5,60,14,49,54,1.0,10.0,0.47,5.54,3.9,37.21
56,051390,YW,5,60,14,49,54,1.0,10.0,0.47,-1.47,3.52,38.69
56,001810,무림SP,5,60,14,49,54,1.0,10.0,0.47,3.95,5.86,38.74
56,333050,모코엠시스,5,60,14,49,54,1.0,10.0,0.47,-18.37,-3.68,36.53
56,008470,부스타,5,60,14,49,54,1.0,10.0,0.47,5.08,6.26,37.9
56,413600,키움제6호스팩,5,60,14,49,54,1.0,10.0,0.47,13.14,6.4,35.54
56,253450,스튜디오드래곤,5,60,14,49,54,1.0,10.0,0.47,-14.64,-1.52,38.55
56,054050,농우바이오,5,120,14,44,59,1.0,10.0,0.41,-5.88,4.63,34.36
56,413600,키움제6호스팩,5,120,14,44,59,1.0,10.0,0.41,44.05,6.4,35.54
56,060850,영림원소프트랩,5,120,14,44,59,1.0,10.0,0.41,-9.33,-4.87,37.87
56,035760,CJ ENM,5,120,14,44,59,1.0,10.0,0.41,-8.06,2.11,35.83
56,008470,부스타,5,120,14,44,59,1.0,10.0,0.41,11.1,6.26,37.9
56,333050,모코엠시스,5,120,14,44,59,1.0,10.0,0.41,-35.1,-3.68,36.53
56,001810,무림SP,5,120,14,44,59,1.0,10.0,0.41,11.0,5.86,38.74
56,051390,YW,5,120,14,44,59,1.0,10.0,0.41,-0.3,3.52,38.69
56,126640,화신정공,5,120,14,44,59,1.0,10.0,0.41,4.86,3.9,37.21
56,299170,더블유에스아이,5,120,14,44,59,1.0,10.0,0.41,3.5,3.75,39.36
56,024830,세원물산,5,120,14,44,59,1.0,10.0,0.41,-4.34,2.82,35.93
56,088910,동우팜투테이블,5,120,14,44,59,1.0,10.0,0.41,5.62,2.32,34.37
56,067920,이글루,5,120,14,44,59,1.0,10.0,0.41,8.78,2.38,33.87
56,115310,인포바인,5,120,14,44,59,1.0,10.0,0.41,3.53,3.73,36.57
56,307280,원바이오젠,5,120,14,44,59,1.0,10.0,0.41,-5.79,2.25,39.28
56,021320,KCC건설,5,120,14,44,59,1.0,10.0,0.41,-3.71,-4.55,36.6
56,072870,메가스터디,5,120,14,44,59,1.0,10.0,0.41,4.04,-2.31,36.61
56,253450,스튜디오드래곤,5,120,14,44,59,1.0,10.0,0.41,-10.15,-1.52,38.55
56,104540,코렌텍,5,120,14,44,59,1.0,10.0,0.41,-8.74,-0.01,39.11
56,214180,헥토이노베이션,5,120,14,44,59,1.0,10.0,0.41,4.09,1.07,36.97
56,121440,골프존뉴딘홀딩스,5,120,14,44,59,1.0,10.0,0.41,-3.7,-3.82,35.68
56,261200,덴티스,5,120,14,44,59,1.0,10.0,0.41,22.37,5.74,39.05
56,006730,서부T&D,5,120,14,44,59,1.0,10.0,0.41,-1.39,5.3,36.12
56,228850,레이언스,5,120,14,44,59,1.0,10.0,0.41,-9.66,-7.51,31.92
56,005990,매일홀딩스,5,120,14,44,59,1.0,10.0,0.41,-2.47,6.14,35.17
56,043650,국순당,5,120,14,44,59,1.0,10.0,0.41,-3.63,3.13,37.15
56,008470,부스타,5,60,14,29,54,1.0,10.0,0.32,0.0,6.26,37.9
56,021320,KCC건설,5,60,14,29,54,1.0,10.0,0.32,0.0,-4.55,36.6
56,333050,모코엠시스,5,60,14,29,54,1.0,10.0,0.32,-12.87,-3.68,36.53
56,001810,무림SP,5,60,14,29,54,1.0,10.0,0.32,0.0,5.86,38.74
56,126640,화신정공,5,60,14,29,54,1.0,10.0,0.32,0.0,3.9,37.21
56,299170,더블유에스아이,5,60,14,29,54,1.0,10.0,0.32,-12.59,3.75,39.36
56,024830,세원물산,5,60,14,29,54,1.0,10.0,0.32,-14.17,2.82,35.93
56,307280,원바이오젠,5,60,14,29,54,1.0,10.0,0.32,0.0,2.25,39.28
56,088910,동우팜투테이블,5,60,14,29,54,1.0,10.0,0.32,0.0,2.32,34.37
56,067920,이글루,5,60,14,29,54,1.0,10.0,0.32,0.0,2.38,33.87
56,115310,인포바인,5,60,14,29,54,1.0,10.0,0.32,13.11,3.73,36.57
56,060850,영림원소프트랩,5,60,14,29,54,1.0,10.0,0.32,-8.09,-4.87,37.87
56,051390,YW,5,60,14,29,54,1.0,10.0,0.32,0.0,3.52,38.69
56,104540,코렌텍,5,60,14,29,54,1.0,10.0,0.32,-0.55,-0.01,39.11
56,043650,국순당,5,60,14,29,54,1.0,10.0,0.32,0.0,3.13,37.15
56,005990,매일홀딩스,5,60,14,29,54,1.0,10.0,0.32,0.0,6.14,35.17
56,054050,농우바이오,5,60,14,29,54,1.0,10.0,0.32,0.0,4.63,34.36
56,228850,레이언스,5,60,14,29,54,1.0,10.0,0.32,0.0,-7.51,31.92
56,072870,메가스터디,5,60,14,29,54,1.0,10.0,0.32,-7.97,-2.31,36.61
56,261200,덴티스,5,60,14,29,54,1.0,10.0,0.32,0.0,5.74,39.05
56,121440,골프존뉴딘홀딩스,5,60,14,29,54,1.0,10.0,0.32,51.54,-3.82,35.68
56,214180,헥토이노베이션,5,60,14,29,54,1.0,10.0,0.32,0.0,1.07,36.97
56,006730,서부T&D,5,60,14,29,54,1.0,10.0,0.32,0.0,5.3,36.12
56,253450,스튜디오드래곤,5,60,14,29,54,1.0,10.0,0.32,0.0,-1.52,38.55
56,035760,CJ ENM,5,60,14,29,54,1.0,10.0,0.32,0.0,2.11,35.83
56,413600,키움제6호스팩,5,60,14,29,54,1.0,10.0,0.32,0.0,6.4,35.54
56,035760,CJ ENM,5,60,14,34,59,1.0,10.0,0.12,-5.64,2.11,35.83
56,261200,덴티스,5,60,14,34,59,1.0,10.0,0.12,0.0,5.74,39.05
56,253450,스튜디오드래곤,5,60,14,34,59,1.0,10.0,0.12,-32.14,-1.52,38.55
56,115310,인포바인,5,60,14,34,59,1.0,10.0,0.12,17.42,3.73,36.57
56,413600,키움제6호스팩,5,60,14,34,59,1.0,10.0,0.12,19.99,6.4,35.54
56,008470,부스타,5,60,14,34,59,1.0,10.0,0.12,0.0,6.26,37.9
56,333050,모코엠시스,5,60,14,34,59,1.0,10.0,0.12,-12.87,-3.68,36.53
56,006730,서부T&D,5,60,14,34,59,1.0,10.0,0.12,0.0,5.3,36.12
56,051390,YW,5,60,14,34,59,1.0,10.0,0.12,-4.13,3.52,38.69
56,126640,화신정공,5,60,14,34,59,1.0,10.0,0.12,10.31,3.9,37.21
56,299170,더블유에스아이,5,60,14,34,59,1.0,10.0,0.12,-12.59,3.75,39.36
56,024830,세원물산,5,60,14,34,59,1.0,10.0,0.12,-14.17,2.82,35.93
56,307280,원바이오젠,5,60,14,34,59,1.0,10.0,0.12,0.0,2.25,39.28
56,088910,동우팜투테이블,5,60,14,34,59,1.0,10.0,0.12,0.0,2.32,34.37
56,067920,이글루,5,60,14,34,59,1.0,10.0,0.12,0.0,2.38,33.87
56,001810,무림SP,5,60,14,34,59,1.0,10.0,0.12,0.0,5.86,38.74
56,060850,영림원소프트랩,5,60,14,34,59,1.0,10.0,0.12,-8.09,-4.87,37.87
56,228850,레이언스,5,60,14,34,59,1.0,10.0,0.12,-1.05,-7.51,31.92
56,021320,KCC건설,5,60,14,34,59,1.0,10.0,0.12,4.81,-4.55,36.6
56,214180,헥토이노베이션,5,60,14,34,59,1.0,10.0,0.12,41.75,1.07,36.97
56,072870,메가스터디,5,60,14,34,59,1.0,10.0,0.12,-6.47,-2.31,36.61
56,121440,골프존뉴딘홀딩스,5,60,14,34,59,1.0,10.0,0.12,-6.23,-3.82,35.68
56,054050,농우바이오,5,60,14,34,59,1.0,10.0,0.12,-4.17,4.63,34.36
56,005990,매일홀딩스,5,60,14,34,59,1.0,10.0,0.12,-4.99,6.14,35.17
56,043650,국순당,5,60,14,34,59,1.0,10.0,0.12,7.77,3.13,37.15
56,104540,코렌텍,5,60,14,34,59,1.0,10.0,0.12,13.72,-0.01,39.11
56,126640,화신정공,5,120,14,24,54,1.0,10.0,0.0,0.0,3.9,37.21
56,121440,골프존뉴딘홀딩스,5,120,14,24,59,1.0,10.0,0.0,0.0,-3.82,35.68
56,051390,YW,5,120,14,24,54,1.0,10.0,0.0,0.0,3.52,38.69
56,001810,무림SP,5,120,14,24,54,1.0,10.0,0.0,0.0,5.86,38.74
56,333050,모코엠시스,5,120,14,24,54,1.0,10.0,0.0,0.0,-3.68,36.53
56,008470,부스타,5,120,14,24,54,1.0,10.0,0.0,0.0,6.26,37.9
56,006730,서부T&D,5,120,14,24,59,1.0,10.0,0.0,0.0,5.3,36.12
56,214180,헥토이노베이션,5,120,14,24,59,1.0,10.0,0.0,0.0,1.07,36.97
56,005990,매일홀딩스,5,120,14,24,59,1.0,10.0,0.0,0.0,6.14,35.17
56,261200,덴티스,5,120,14,24,59,1.0,10.0,0.0,0.0,5.74,39.05
56,072870,메가스터디,5,120,14,24,59,1.0,10.0,0.0,0.0,-2.31,36.61
56,228850,레이언스,5,120,14,24,59,1.0,10.0,0.0,0.0,-7.51,31.92
56,054050,농우바이오,5,120,14,24,59,1.0,10.0,0.0,0.0,4.63,34.36
56,043650,국순당,5,120,14,24,59,1.0,10.0,0.0,0.0,3.13,37.15
56,104540,코렌텍,5,120,14,24,59,1.0,10.0,0.0,0.0,-0.01,39.11
56,021320,KCC건설,5,120,14,24,59,1.0,10.0,0.0,0.0,-4.55,36.6
56,024830,세원물산,5,120,14,24,54,1.0,10.0,0.0,0.0,2.82,35.93
56,299170,더블유에스아이,5,120,14,24,54,1.0,10.0,0.0,0.0,3.75,39.36
56,253450,스튜디오드래곤,5,120,14,24,59,1.0,10.0,0.0,0.0,-1.52,38.55
56,307280,원바이오젠,5,120,14,24,54,1.0,10.0,0.0,0.0,2.25,39.28
56,228850,레이언스,5,120,14,24,54,1.0,10.0,0.0,0.0,-7.51,31.92
56,115310,인포바인,5,120,14,24,59,1.0,10.0,0.0,0.0,3.73,36.57
56,253450,스튜디오드래곤,5,120,14,24,54,1.0,10.0,0.0,0.0,-1.52,38.55
56,006730,서부T&D,5,120,14,24,54,1.0,10.0,0.0,0.0,5.3,36.12
56,214180,헥토이노베이션,5,120,14,24,54,1.0,10.0,0.0,0.0,1.07,36.97
56,121440,골프존뉴딘홀딩스,5,120,14,24,54,1.0,10.0,0.0,0.0,-3.82,35.68
56,261200,덴티스,5,120,14,24,54,1.0,10.0,0.0,0.0,5.74,39.05
56,072870,메가스터디,5,120,14,24,54,1.0,10.0,0.0,0.0,-2.31,36.61
56,054050,농우바이오,5,120,14,24,54,1.0,10.0,0.0,0.0,4.63,34.36
56,088910,동우팜투테이블,5,120,14,24,54,1.0,10.0,0.0,0.0,2.32,34.37
56,005990,매일홀딩스,5,120,14,24,54,1.0,10.0,0.0,0.0,6.14,35.17
56,043650,국순당,5,120,14,24,54,1.0,10.0,0.0,0.0,3.13,37.15
56,104540,코렌텍,5,120,14,24,54,1.0,10.0,0.0,0.0,-0.01,39.11
56,021320,KCC건설,5,120,14,24,54,1.0,10.0,0.0,0.0,-4.55,36.6
56,060850,영림원소프트랩,5,120,14,24,54,1.0,10.0,0.0,0.0,-4.87,37.87
56,115310,인포바인,5,120,14,24,54,1.0,10.0,0.0,0.0,3.73,36.57
56,067920,이글루,5,120,14,24,54,1.0,10.0,0.0,0.0,2.38,33.87
56,060850,영림원소프트랩,5,120,14,24,59,1.0,10.0,0.0,0.0,-4.87,37.87
56,035760,CJ ENM,5,120,14,24,54,1.0,10.0,0.0,0.0,2.11,35.83
56,067920,이글루,5,120,14,24,59,1.0,10.0,0.0,0.0,2.38,33.87
56,005990,매일홀딩스,5,120,14,24,74,1.0,10.0,0.0,0.0,6.14,35.17
56,051390,YW,5,120,14,24,74,1.0,10.0,0.0,0.0,3.52,38.69
56,126640,화신정공,5,120,14,24,74,1.0,10.0,0.0,0.0,3.9,37.21
56,299170,더블유에스아이,5,120,14,24,74,1.0,10.0,0.0,0.0,3.75,39.36
56,024830,세원물산,5,120,14,24,74,1.0,10.0,0.0,0.0,2.82,35.93
56,307280,원바이오젠,5,120,14,24,74,1.0,10.0,0.0,0.0,2.25,39.28
56,088910,동우팜투테이블,5,120,14,24,74,1.0,10.0,0.0,0.0,2.32,34.37
56,067920,이글루,5,120,14,24,74,1.0,10.0,0.0,0.0,2.38,33.87
56,115310,인포바인,5,120,14,24,74,1.0,10.0,0.0,0.0,3.73,36.57
56,060850,영림원소프트랩,5,120,14,24,74,1.0,10.0,0.0,0.0,-4.87,37.87
56,021320,KCC건설,5,120,14,24,74,1.0,10.0,0.0,0.0,-4.55,36.6
56,104540,코렌텍,5,120,14,24,74,1.0,10.0,0.0,0.0,-0.01,39.11
56,043650,국순당,5,120,14,24,74,1.0,10.0,0.0,0.0,3.13,37.15
56,054050,농우바이오,5,120,14,24,74,1.0,10.0,0.0,0.0,4.63,34.36
56,333050,모코엠시스,5,120,14,24,74,1.0,10.0,0.0,0.0,-3.68,36.53
56,228850,레이언스,5,120,14,24,74,1.0,10.0,0.0,0.0,-7.51,31.92
56,088910,동우팜투테이블,5,120,14,24,59,1.0,10.0,0.0,0.0,2.32,34.37
56,261200,덴티스,5,120,14,24,74,1.0,10.0,0.0,0.0,5.74,39.05
56,121440,골프존뉴딘홀딩스,5,120,14,24,74,1.0,10.0,0.0,0.0,-3.82,35.68
56,214180,헥토이노베이션,5,120,14,24,74,1.0,10.0,0.0,0.0,1.07,36.97
56,006730,서부T&D,5,120,14,24,74,1.0,10.0,0.0,0.0,5.3,36.12
56,253450,스튜디오드래곤,5,120,14,24,74,1.0,10.0,0.0,0.0,-1.52,38.55
56,035760,CJ ENM,5,120,14,24,74,1.0,10.0,0.0,0.0,2.11,35.83
56,413600,키움제6호스팩,5,120,14,24,69,1.0,10.0,0.0,0.0,6.4,35.54
56,008470,부스타,5,120,14,24,69,1.0,10.0,0.0,0.0,6.26,37.9
56,333050,모코엠시스,5,120,14,24,69,1.0,10.0,0.0,0.0,-3.68,36.53
56,001810,무림SP,5,120,14,24,69,1.0,10.0,0.0,0.0,5.86,38.74
56,001810,무림SP,5,120,14,24,74,1.0,10.0,0.0,0.0,5.86,38.74
56,008470,부스타,5,120,14,24,74,1.0,10.0,0.0,0.0,6.26,37.9
56,126640,화신정공,5,120,14,24,69,1.0,10.0,0.0,0.0,3.9,37.21
56,060850,영림원소프트랩,5,120,14,24,79,1.0,10.0,0.0,0.0,-4.87,37.87
56,413600,키움제6호스팩,5,120,14,24,79,1.0,10.0,0.0,0.0,6.4,35.54
56,008470,부스타,5,120,14,24,79,1.0,10.0,0.0,0.0,6.26,37.9
56,333050,모코엠시스,5,120,14,24,79,1.0,10.0,0.0,0.0,-3.68,36.53
56,001810,무림SP,5,120,14,24,79,1.0,10.0,0.0,0.0,5.86,38.74
56,051390,YW,5,120,14,24,79,1.0,10.0,0.0,0.0,3.52,38.69
56,126640,화신정공,5,120,14,24,79,1.0,10.0,0.0,0.0,3.9,37.21
56,299170,더블유에스아이,5,120,14,24,79,1.0,10.0,0.0,0.0,3.75,39.36
56,024830,세원물산,5,120,14,24,79,1.0,10.0,0.0,0.0,2.82,35.93
56,307280,원바이오젠,5,120,14,24,79,1.0,10.0,0.0,0.0,2.25,39.28
56,088910,동우팜투테이블,5,120,14,24,79,1.0,10.0,0.0,0.0,2.32,34.37
56,067920,이글루,5,120,14,24,79,1.0,10.0,0.0,0.0,2.38,33.87
56,115310,인포바인,5,120,14,24,79,1.0,10.0,0.0,0.0,3.73,36.57
56,021320,KCC건설,5,120,14,24,79,1.0,10.0,0.0,0.0,-4.55,36.6
56,413600,키움제6호스팩,5,120,14,24,74,1.0,10.0,0.0,0.0,6.4,35.54
56,104540,코렌텍,5,120,14,24,79,1.0,10.0,0.0,0.0,-0.01,39.11
56,043650,국순당,5,120,14,24,79,1.0,10.0,0.0,0.0,3.13,37.15
56,005990,매일홀딩스,5,120,14,24,79,1.0,10.0,0.0,0.0,6.14,35.17
56,054050,농우바이오,5,120,14,24,79,1.0,10.0,0.0,0.0,4.63,34.36
56,228850,레이언스,5,120,14,24,79,1.0,10.0,0.0,0.0,-7.51,31.92
56,072870,메가스터디,5,120,14,24,79,1.0,10.0,0.0,0.0,-2.31,36.61
56,261200,덴티스,5,120,14,24,79,1.0,10.0,0.0,0.0,5.74,39.05
56,121440,골프존뉴딘홀딩스,5,120,14,24,79,1.0,10.0,0.0,0.0,-3.82,35.68
56,214180,헥토이노베이션,5,120,14,24,79,1.0,10.0,0.0,0.0,1.07,36.97
56,006730,서부T&D,5,120,14,24,79,1.0,10.0,0.0,0.0,5.3,36.12
56,253450,스튜디오드래곤,5,120,14,24,79,1.0,10.0,0.0,0.0,-1.52,38.55
56,035760,CJ ENM,5,120,14,24,79,1.0,10.0,0.0,0.0,2.11,35.83
56,051390,YW,5,120,14,24,69,1.0,10.0,0.0,0.0,3.52,38.69
56,072870,메가스터디,5,120,14,24,74,1.0,10.0,0.0,0.0,-2.31,36.61
56,299170,더블유에스아이,5,120,14,24,69,1.0,10.0,0.0,0.0,3.75,39.36
56,121440,골프존뉴딘홀딩스,5,120,14,24,64,1.0,10.0,0.0,0.0,-3.82,35.68
56,088910,동우팜투테이블,5,120,14,24,64,1.0,10.0,0.0,0.0,2.32,34.37
56,067920,이글루,5,120,14,24,64,1.0,10.0,0.0,0.0,2.38,33.87
56,115310,인포바인,5,120,14,24,64,1.0,10.0,0.0,0.0,3.73,36.57
56,060850,영림원소프트랩,5,120,14,24,64,1.0,10.0,0.0,0.0,-4.87,37.87
56,021320,KCC건설,5,120,14,24,64,1.0,10.0,0.0,0.0,-4.55,36.6
56,104540,코렌텍,5,120,14,24,64,1.0,10.0,0.0,0.0,-0.01,39.11
56,043650,국순당,5,120,14,24,64,1.0,10.0,0.0,0.0,3.13,37.15
56,005990,매일홀딩스,5,120,14,24,64,1.0,10.0,0.0,0.0,6.14,35.17
56,054050,농우바이오,5,120,14,24,64,1.0,10.0,0.0,0.0,4.63,34.36
56,228850,레이언스,5,120,14,24,64,1.0,10.0,0.0,0.0,-7.51,31.92
56,024830,세원물산,5,120,14,24,69,1.0,10.0,0.0,0.0,2.82,35.93
56,261200,덴티스,5,120,14,24,64,1.0,10.0,0.0,0.0,5.74,39.05
56,214180,헥토이노베이션,5,120,14,24,64,1.0,10.0,0.0,0.0,1.07,36.97
56,024830,세원물산,5,120,14,24,64,1.0,10.0,0.0,0.0,2.82,35.93
56,006730,서부T&D,5,120,14,24,64,1.0,10.0,0.0,0.0,5.3,36.12
56,253450,스튜디오드래곤,5,120,14,24,64,1.0,10.0,0.0,0.0,-1.52,38.55
56,035760,CJ ENM,5,120,14,24,64,1.0,10.0,0.0,0.0,2.11,35.83
56,413600,키움제6호스팩,5,120,14,24,59,1.0,10.0,0.0,0.0,6.4,35.54
56,008470,부스타,5,120,14,24,59,1.0,10.0,0.0,0.0,6.26,37.9
56,333050,모코엠시스,5,120,14,24,59,1.0,10.0,0.0,0.0,-3.68,36.53
56,001810,무림SP,5,120,14,24,59,1.0,10.0,0.0,0.0,5.86,38.74
56,051390,YW,5,120,14,24,59,1.0,10.0,0.0,0.0,3.52,38.69
56,126640,화신정공,5,120,14,24,59,1.0,10.0,0.0,0.0,3.9,37.21
56,299170,더블유에스아이,5,120,14,24,59,1.0,10.0,0.0,0.0,3.75,39.36
56,024830,세원물산,5,120,14,24,59,1.0,10.0,0.0,0.0,2.82,35.93
56,307280,원바이오젠,5,120,14,24,59,1.0,10.0,0.0,0.0,2.25,39.28
56,307280,원바이오젠,5,120,14,24,64,1.0,10.0,0.0,0.0,2.25,39.28
56,072870,메가스터디,5,120,14,24,64,1.0,10.0,0.0,0.0,-2.31,36.61
56,299170,더블유에스아이,5,120,14,24,64,1.0,10.0,0.0,0.0,3.75,39.36
56,261200,덴티스,5,120,14,24,69,1.0,10.0,0.0,0.0,5.74,39.05
56,126640,화신정공,5,120,14,24,64,1.0,10.0,0.0,0.0,3.9,37.21
56,088910,동우팜투테이블,5,120,14,24,69,1.0,10.0,0.0,0.0,2.32,34.37
56,067920,이글루,5,120,14,24,69,1.0,10.0,0.0,0.0,2.38,33.87
56,115310,인포바인,5,120,14,24,69,1.0,10.0,0.0,0.0,3.73,36.57
56,060850,영림원소프트랩,5,120,14,24,69,1.0,10.0,0.0,0.0,-4.87,37.87
56,021320,KCC건설,5,120,14,24,69,1.0,10.0,0.0,0.0,-4.55,36.6
56,104540,코렌텍,5,120,14,24,69,1.0,10.0,0.0,0.0,-0.01,39.11
56,043650,국순당,5,120,14,24,69,1.0,10.0,0.0,0.0,3.13,37.15
56,005990,매일홀딩스,5,120,14,24,69,1.0,10.0,0.0,0.0,6.14,35.17
56,054050,농우바이오,5,120,14,24,69,1.0,10.0,0.0,0.0,4.63,34.36
56,228850,레이언스,5,120,14,24,69,1.0,10.0,0.0,0.0,-7.51,31.92
56,072870,메가스터디,5,120,14,24,69,1.0,10.0,0.0,0.0,-2.31,36.61
56,307280,원바이오젠,5,120,14,24,69,1.0,10.0,0.0,0.0,2.25,39.28
56,121440,골프존뉴딘홀딩스,5,120,14,24,69,1.0,10.0,0.0,0.0,-3.82,35.68
56,413600,키움제6호스팩,5,120,14,24,64,1.0,10.0,0.0,0.0,6.4,35.54
56,214180,헥토이노베이션,5,120,14,24,69,1.0,10.0,0.0,0.0,1.07,36.97
56,051390,YW,5,120,14,24,64,1.0,10.0,0.0,0.0,3.52,38.69
56,001810,무림SP,5,120,14,24,64,1.0,10.0,0.0,0.0,5.86,38.74
56,333050,모코엠시스,5,120,14,24,64,1.0,10.0,0.0,0.0,-3.68,36.53
56,008470,부스타,5,120,14,24,64,1.0,10.0,0.0,0.0,6.26,37.9
56,413600,키움제6호스팩,5,120,14,24,54,1.0,10.0,0.0,0.0,6.4,35.54
56,035760,CJ ENM,5,120,14,24,69,1.0,10.0,0.0,0.0,2.11,35.83
56,253450,스튜디오드래곤,5,120,14,24,69,1.0,10.0,0.0,0.0,-1.52,38.55
56,035760,CJ ENM,5,120,14,24,59,1.0,10.0,0.0,0.0,2.11,35.83
56,006730,서부T&D,5,120,14,24,69,1.0,10.0,0.0,0.0,5.3,36.12
56,035760,CJ ENM,5,120,14,34,64,1.0,10.0,-0.08,-2.57,2.11,35.83
56,228850,레이언스,5,120,14,34,64,1.0,10.0,-0.08,-8.72,-7.51,31.92
56,043650,국순당,5,120,14,34,64,1.0,10.0,-0.08,24.6,3.13,37.15
56,005990,매일홀딩스,5,120,14,34,64,1.0,10.0,-0.08,0.1,6.14,35.17
56,054050,농우바이오,5,120,14,34,64,1.0,10.0,-0.08,-8.99,4.63,34.36
56,261200,덴티스,5,120,14,34,64,1.0,10.0,-0.08,0.0,5.74,39.05
56,072870,메가스터디,5,120,14,34,64,1.0,10.0,-0.08,-2.83,-2.31,36.61
56,021320,KCC건설,5,120,14,34,64,1.0,10.0,-0.08,-1.67,-4.55,36.6
56,121440,골프존뉴딘홀딩스,5,120,14,34,64,1.0,10.0,-0.08,-7.7,-3.82,35.68
56,214180,헥토이노베이션,5,120,14,34,64,1.0,10.0,-0.08,52.1,1.07,36.97
56,006730,서부T&D,5,120,14,34,64,1.0,10.0,-0.08,0.0,5.3,36.12
56,253450,스튜디오드래곤,5,120,14,34,64,1.0,10.0,-0.08,-40.12,-1.52,38.55
56,104540,코렌텍,5,120,14,34,64,1.0,10.0,-0.08,21.3,-0.01,39.11
56,115310,인포바인,5,120,14,34,64,1.0,10.0,-0.08,17.34,3.73,36.57
56,060850,영림원소프트랩,5,120,14,34,64,1.0,10.0,-0.08,-9.33,-4.87,37.87
56,067920,이글루,5,120,14,34,64,1.0,10.0,-0.08,0.0,2.38,33.87
56,088910,동우팜투테이블,5,120,14,34,64,1.0,10.0,-0.08,0.0,2.32,34.37
56,307280,원바이오젠,5,120,14,34,64,1.0,10.0,-0.08,0.0,2.25,39.28
56,299170,더블유에스아이,5,120,14,34,64,1.0,10.0,-0.08,-12.59,3.75,39.36
56,126640,화신정공,5,120,14,34,64,1.0,10.0,-0.08,0.0,3.9,37.21
56,051390,YW,5,120,14,34,64,1.0,10.0,-0.08,-2.96,3.52,38.69
56,001810,무림SP,5,120,14,34,64,1.0,10.0,-0.08,0.0,5.86,38.74
56,333050,모코엠시스,5,120,14,34,64,1.0,10.0,-0.08,0.0,-3.68,36.53
56,008470,부스타,5,120,14,34,64,1.0,10.0,-0.08,0.0,6.26,37.9
56,413600,키움제6호스팩,5,120,14,34,64,1.0,10.0,-0.08,0.0,6.4,35.54
56,024830,세원물산,5,120,14,34,64,1.0,10.0,-0.08,-19.97,2.82,35.93
56,035760,CJ ENM,5,60,14,44,59,1.0,10.0,-0.09,-7.27,2.11,35.83
56,021320,KCC건설,5,60,14,44,59,1.0,10.0,-0.09,-2.62,-4.55,36.6
56,413600,키움제6호스팩,5,60,14,44,59,1.0,10.0,-0.09,10.32,6.4,35.54
56,333050,모코엠시스,5,60,14,44,59,1.0,10.0,-0.09,-35.1,-3.68,36.53
56,001810,무림SP,5,60,14,44,59,1.0,10.0,-0.09,9.65,5.86,38.74
56,051390,YW,5,60,14,44,59,1.0,10.0,-0.09,-0.23,3.52,38.69
56,126640,화신정공,5,60,14,44,59,1.0,10.0,-0.09,5.12,3.9,37.21
56,299170,더블유에스아이,5,60,14,44,59,1.0,10.0,-0.09,-1.39,3.75,39.36
56,024830,세원물산,5,60,14,44,59,1.0,10.0,-0.09,-4.2,2.82,35.93
56,307280,원바이오젠,5,60,14,44,59,1.0,10.0,-0.09,-3.51,2.25,39.28
56,088910,동우팜투테이블,5,60,14,44,59,1.0,10.0,-0.09,7.63,2.32,34.37
56,067920,이글루,5,60,14,44,59,1.0,10.0,-0.09,14.65,2.38,33.87
56,115310,인포바인,5,60,14,44,59,1.0,10.0,-0.09,9.69,3.73,36.57
56,060850,영림원소프트랩,5,60,14,44,59,1.0,10.0,-0.09,-8.09,-4.87,37.87
56,104540,코렌텍,5,60,14,44,59,1.0,10.0,-0.09,-8.82,-0.01,39.11
56,043650,국순당,5,60,14,44,59,1.0,10.0,-0.09,-6.93,3.13,37.15
56,005990,매일홀딩스,5,60,14,44,59,1.0,10.0,-0.09,-1.61,6.14,35.17
56,054050,농우바이오,5,60,14,44,59,1.0,10.0,-0.09,-7.37,4.63,34.36
56,228850,레이언스,5,60,14,44,59,1.0,10.0,-0.09,-9.24,-7.51,31.92
56,072870,메가스터디,5,60,14,44,59,1.0,10.0,-0.09,1.13,-2.31,36.61
56,261200,덴티스,5,60,14,44,59,1.0,10.0,-0.09,26.66,5.74,39.05
56,121440,골프존뉴딘홀딩스,5,60,14,44,59,1.0,10.0,-0.09,-0.99,-3.82,35.68
56,214180,헥토이노베이션,5,60,14,44,59,1.0,10.0,-0.09,3.13,1.07,36.97
56,006730,서부T&D,5,60,14,44,59,1.0,10.0,-0.09,8.42,5.3,36.12
56,008470,부스타,5,60,14,44,59,1.0,10.0,-0.09,8.54,6.26,37.9
56,253450,스튜디오드래곤,5,60,14,44,59,1.0,10.0,-0.09,-9.97,-1.52,38.55
56,413600,키움제6호스팩,5,60,14,34,64,1.0,10.0,-0.17,5.32,6.4,35.54
56,001810,무림SP,5,60,14,34,64,1.0,10.0,-0.17,0.0,5.86,38.74
56,035760,CJ ENM,5,60,14,34,64,1.0,10.0,-0.17,-2.89,2.11,35.83
56,253450,스튜디오드래곤,5,60,14,34,64,1.0,10.0,-0.17,-32.14,-1.52,38.55
56,006730,서부T&D,5,60,14,34,64,1.0,10.0,-0.17,0.0,5.3,36.12
56,214180,헥토이노베이션,5,60,14,34,64,1.0,10.0,-0.17,52.02,1.07,36.97
56,121440,골프존뉴딘홀딩스,5,60,14,34,64,1.0,10.0,-0.17,-6.23,-3.82,35.68
56,333050,모코엠시스,5,60,14,34,54,1.0,10.0,-0.17,-12.87,-3.68,36.53
56,072870,메가스터디,5,60,14,34,64,1.0,10.0,-0.17,-1.76,-2.31,36.61
56,228850,레이언스,5,60,14,34,64,1.0,10.0,-0.17,-11.47,-7.51,31.92
56,054050,농우바이오,5,60,14,34,64,1.0,10.0,-0.17,-9.34,4.63,34.36
56,005990,매일홀딩스,5,60,14,34,64,1.0,10.0,-0.17,-4.99,6.14,35.17
56,008470,부스타,5,60,14,34,64,1.0,10.0,-0.17,0.0,6.26,37.9
56,043650,국순당,5,60,14,34,64,1.0,10.0,-0.17,17.75,3.13,37.15
56,104540,코렌텍,5,60,14,34,64,1.0,10.0,-0.17,13.72,-0.01,39.11
56,021320,KCC건설,5,60,14,34,64,1.0,10.0,-0.17,0.0,-4.55,36.6
56,060850,영림원소프트랩,5,60,14,34,64,1.0,10.0,-0.17,-8.09,-4.87,37.87
56,115310,인포바인,5,60,14,34,64,1.0,10.0,-0.17,23.56,3.73,36.57
56,067920,이글루,5,60,14,34,64,1.0,10.0,-0.17,0.0,2.38,33.87
56,088910,동우팜투테이블,5,60,14,34,64,1.0,10.0,-0.17,0.0,2.32,34.37
56,307280,원바이오젠,5,60,14,34,64,1.0,10.0,-0.17,0.0,2.25,39.28
56,024830,세원물산,5,60,14,34,64,1.0,10.0,-0.17,-14.17,2.82,35.93
56,299170,더블유에스아이,5,60,14,34,64,1.0,10.0,-0.17,-12.59,3.75,39.36
56,126640,화신정공,5,60,14,34,64,1.0,10.0,-0.17,2.69,3.9,37.21
56,051390,YW,5,60,14,34,64,1.0,10.0,-0.17,-2.88,3.52,38.69
56,333050,모코엠시스,5,60,14,34,64,1.0,10.0,-0.17,-12.87,-3.68,36.53
56,261200,덴티스,5,60,14,34,64,1.0,10.0,-0.17,0.0,5.74,39.05
56,008470,부스타,5,60,14,34,54,1.0,10.0,-0.17,0.0,6.26,37.9
56,001810,무림SP,5,60,14,34,54,1.0,10.0,-0.17,0.0,5.86,38.74
56,035760,CJ ENM,5,60,14,34,54,1.0,10.0,-0.17,6.81,2.11,35.83
56,253450,스튜디오드래곤,5,60,14,34,54,1.0,10.0,-0.17,-32.14,-1.52,38.55
56,006730,서부T&D,5,60,14,34,54,1.0,10.0,-0.17,0.0,5.3,36.12
56,214180,헥토이노베이션,5,60,14,34,54,1.0,10.0,-0.17,41.34,1.07,36.97
56,121440,골프존뉴딘홀딩스,5,60,14,34,54,1.0,10.0,-0.17,-9.85,-3.82,35.68
56,261200,덴티스,5,60,14,34,54,1.0,10.0,-0.17,0.0,5.74,39.05
56,072870,메가스터디,5,60,14,34,54,1.0,10.0,-0.17,-7.97,-2.31,36.61
56,228850,레이언스,5,60,14,34,54,1.0,10.0,-0.17,-5.11,-7.51,31.92
56,054050,농우바이오,5,60,14,34,54,1.0,10.0,-0.17,-5.13,4.63,34.36
56,005990,매일홀딩스,5,60,14,34,54,1.0,10.0,-0.17,0.76,6.14,35.17
56,043650,국순당,5,60,14,34,54,1.0,10.0,-0.17,3.71,3.13,37.15
56,104540,코렌텍,5,60,14,34,54,1.0,10.0,-0.17,-0.55,-0.01,39.11
56,021320,KCC건설,5,60,14,34,54,1.0,10.0,-0.17,2.32,-4.55,36.6
56,060850,영림원소프트랩,5,60,14,34,54,1.0,10.0,-0.17,-8.09,-4.87,37.87
56,115310,인포바인,5,60,14,34,54,1.0,10.0,-0.17,15.71,3.73,36.57
56,067920,이글루,5,60,14,34,54,1.0,10.0,-0.17,0.0,2.38,33.87
56,088910,동우팜투테이블,5,60,14,34,54,1.0,10.0,-0.17,0.0,2.32,34.37
56,307280,원바이오젠,5,60,14,34,54,1.0,10.0,-0.17,0.0,2.25,39.28
56,024830,세원물산,5,60,14,34,54,1.0,10.0,-0.17,-14.17,2.82,35.93
56,299170,더블유에스아이,5,60,14,34,54,1.0,10.0,-0.17,-12.59,3.75,39.36
56,126640,화신정공,5,60,14,34,54,1.0,10.0,-0.17,19.52,3.9,37.21
56,051390,YW,5,60,14,34,54,1.0,10.0,-0.17,-6.07,3.52,38.69
56,413600,키움제6호스팩,5,60,14,34,54,1.0,10.0,-0.17,19.99,6.4,35.54
56,035760,CJ ENM,5,120,14,34,59,1.0,10.0,-0.3,-5.54,2.11,35.83
56,413600,키움제6호스팩,5,120,14,34,59,1.0,10.0,-0.3,0.0,6.4,35.54
56,299170,더블유에스아이,5,120,14,34,59,1.0,10.0,-0.3,-12.59,3.75,39.36
56,060850,영림원소프트랩,5,120,14,34,59,1.0,10.0,-0.3,-9.33,-4.87,37.87
56,253450,스튜디오드래곤,5,120,14,34,59,1.0,10.0,-0.3,-40.12,-1.52,38.55
56,008470,부스타,5,120,14,34,59,1.0,10.0,-0.3,0.0,6.26,37.9
56,333050,모코엠시스,5,120,14,34,59,1.0,10.0,-0.3,0.0,-3.68,36.53
56,001810,무림SP,5,120,14,34,59,1.0,10.0,-0.3,0.0,5.86,38.74
56,051390,YW,5,120,14,34,59,1.0,10.0,-0.3,-4.23,3.52,38.69
56,126640,화신정공,5,120,14,34,59,1.0,10.0,-0.3,0.0,3.9,37.21
56,024830,세원물산,5,120,14,34,59,1.0,10.0,-0.3,-19.97,2.82,35.93
56,307280,원바이오젠,5,120,14,34,59,1.0,10.0,-0.3,0.0,2.25,39.28
56,088910,동우팜투테이블,5,120,14,34,59,1.0,10.0,-0.3,0.0,2.32,34.37
56,115310,인포바인,5,120,14,34,59,1.0,10.0,-0.3,13.11,3.73,36.57
56,067920,이글루,5,120,14,34,59,1.0,10.0,-0.3,0.0,2.38,33.87
56,021320,KCC건설,5,120,14,34,59,1.0,10.0,-0.3,-0.82,-4.55,36.6
56,228850,레이언스,5,120,14,34,59,1.0,10.0,-0.3,14.72,-7.51,31.92
56,006730,서부T&D,5,120,14,34,59,1.0,10.0,-0.3,0.0,5.3,36.12
56,214180,헥토이노베이션,5,120,14,34,59,1.0,10.0,-0.3,41.72,1.07,36.97
56,121440,골프존뉴딘홀딩스,5,120,14,34,59,1.0,10.0,-0.3,-7.7,-3.82,35.68
56,261200,덴티스,5,120,14,34,59,1.0,10.0,-0.3,0.0,5.74,39.05
56,104540,코렌텍,5,120,14,34,59,1.0,10.0,-0.3,21.3,-0.01,39.11
56,072870,메가스터디,5,120,14,34,59,1.0,10.0,-0.3,-8.23,-2.31,36.61
56,054050,농우바이오,5,120,14,34,59,1.0,10.0,-0.3,1.19,4.63,34.36
56,005990,매일홀딩스,5,120,14,34,59,1.0,10.0,-0.3,0.1,6.14,35.17
56,043650,국순당,5,120,14,34,59,1.0,10.0,-0.3,8.7,3.13,37.15
56,043650,국순당,5,120,14,29,69,1.0,10.0,-0.36,0.0,3.13,37.15
56,005990,매일홀딩스,5,120,14,29,69,1.0,10.0,-0.36,0.0,6.14,35.17
56,054050,농우바이오,5,120,14,29,69,1.0,10.0,-0.36,0.0,4.63,34.36
56,228850,레이언스,5,120,14,29,69,1.0,10.0,-0.36,0.0,-7.51,31.92
56,261200,덴티스,5,120,14,29,69,1.0,10.0,-0.36,0.0,5.74,39.05
56,072870,메가스터디,5,120,14,29,69,1.0,10.0,-0.36,-2.83,-2.31,36.61
56,024830,세원물산,5,120,14,29,69,1.0,10.0,-0.36,-17.18,2.82,35.93
56,121440,골프존뉴딘홀딩스,5,120,14,29,69,1.0,10.0,-0.36,0.0,-3.82,35.68
56,214180,헥토이노베이션,5,120,14,29,69,1.0,10.0,-0.36,0.0,1.07,36.97
56,006730,서부T&D,5,120,14,29,69,1.0,10.0,-0.36,0.0,5.3,36.12
56,253450,스튜디오드래곤,5,120,14,29,69,1.0,10.0,-0.36,0.0,-1.52,38.55
56,035760,CJ ENM,5,120,14,29,69,1.0,10.0,-0.36,0.0,2.11,35.83
56,021320,KCC건설,5,120,14,29,69,1.0,10.0,-0.36,0.0,-4.55,36.6
56,104540,코렌텍,5,120,14,29,69,1.0,10.0,-0.36,0.0,-0.01,39.11
56,001810,무림SP,5,120,14,29,69,1.0,10.0,-0.36,0.0,5.86,38.74
56,060850,영림원소프트랩,5,120,14,29,69,1.0,10.0,-0.36,0.0,-4.87,37.87
56,067920,이글루,5,120,14,29,69,1.0,10.0,-0.36,0.0,2.38,33.87
56,088910,동우팜투테이블,5,120,14,29,69,1.0,10.0,-0.36,0.0,2.32,34.37
56,307280,원바이오젠,5,120,14,29,69,1.0,10.0,-0.36,0.0,2.25,39.28
56,299170,더블유에스아이,5,120,14,29,69,1.0,10.0,-0.36,-12.59,3.75,39.36
56,126640,화신정공,5,120,14,29,69,1.0,10.0,-0.36,0.0,3.9,37.21
56,051390,YW,5,120,14,29,69,1.0,10.0,-0.36,0.0,3.52,38.69
56,115310,인포바인,5,120,14,29,69,1.0,10.0,-0.36,23.16,3.73,36.57
56,333050,모코엠시스,5,120,14,29,69,1.0,10.0,-0.36,0.0,-3.68,36.53
56,008470,부스타,5,120,14,29,69,1.0,10.0,-0.36,0.0,6.26,37.9
56,413600,키움제6호스팩,5,120,14,29,69,1.0,10.0,-0.36,0.0,6.4,35.54
56,054050,농우바이오,5,120,14,34,69,1.0,10.0,-0.54,-8.99,4.63,34.36
56,228850,레이언스,5,120,14,34,69,1.0,10.0,-0.54,-8.72,-7.51,31.92
56,261200,덴티스,5,120,14,34,69,1.0,10.0,-0.54,0.0,5.74,39.05
56,005990,매일홀딩스,5,120,14,34,69,1.0,10.0,-0.54,0.1,6.14,35.17
56,043650,국순당,5,120,14,34,69,1.0,10.0,-0.54,24.6,3.13,37.15
56,072870,메가스터디,5,120,14,34,69,1.0,10.0,-0.54,-2.83,-2.31,36.61
56,021320,KCC건설,5,120,14,34,69,1.0,10.0,-0.54,-9.21,-4.55,36.6
56,121440,골프존뉴딘홀딩스,5,120,14,34,69,1.0,10.0,-0.54,-0.96,-3.82,35.68
56,214180,헥토이노베이션,5,120,14,34,69,1.0,10.0,-0.54,8.91,1.07,36.97
56,006730,서부T&D,5,120,14,34,69,1.0,10.0,-0.54,0.0,5.3,36.12
56,253450,스튜디오드래곤,5,120,14,34,69,1.0,10.0,-0.54,-40.12,-1.52,38.55
56,035760,CJ ENM,5,120,14,34,69,1.0,10.0,-0.54,-2.57,2.11,35.83
56,008470,부스타,5,60,14,49,59,1.0,10.0,-0.54,6.8,6.26,37.9
56,104540,코렌텍,5,120,14,34,69,1.0,10.0,-0.54,46.4,-0.01,39.11
56,413600,키움제6호스팩,5,60,14,49,59,1.0,10.0,-0.54,8.05,6.4,35.54
56,060850,영림원소프트랩,5,120,14,34,69,1.0,10.0,-0.54,-9.33,-4.87,37.87
56,121440,골프존뉴딘홀딩스,5,60,14,49,59,1.0,10.0,-0.54,-4.49,-3.82,35.68
56,006730,서부T&D,5,60,14,49,59,1.0,10.0,-0.54,7.42,5.3,36.12
56,253450,스튜디오드래곤,5,60,14,49,59,1.0,10.0,-0.54,-9.5,-1.52,38.55
56,035760,CJ ENM,5,60,14,49,59,1.0,10.0,-0.54,-9.02,2.11,35.83
56,413600,키움제6호스팩,5,60,14,24,79,1.0,10.0,-0.54,0.0,6.4,35.54
56,253450,스튜디오드래곤,5,60,14,24,79,1.0,10.0,-0.54,0.0,-1.52,38.55
56,006730,서부T&D,5,60,14,24,79,1.0,10.0,-0.54,0.0,5.3,36.12
56,214180,헥토이노베이션,5,60,14,24,79,1.0,10.0,-0.54,0.0,1.07,36.97
56,121440,골프존뉴딘홀딩스,5,60,14,24,79,1.0,10.0,-0.54,0.0,-3.82,35.68
56,261200,덴티스,5,60,14,24,79,1.0,10.0,-0.54,0.0,5.74,39.05
56,072870,메가스터디,5,60,14,24,79,1.0,10.0,-0.54,8.11,-2.31,36.61
56,228850,레이언스,5,60,14,24,79,1.0,10.0,-0.54,0.0,-7.51,31.92
56,054050,농우바이오,5,60,14,24,79,1.0,10.0,-0.54,0.0,4.63,34.36
56,005990,매일홀딩스,5,60,14,24,79,1.0,10.0,-0.54,0.0,6.14,35.17
56,043650,국순당,5,60,14,24,79,1.0,10.0,-0.54,0.0,3.13,37.15
56,104540,코렌텍,5,60,14,24,79,1.0,10.0,-0.54,0.0,-0.01,39.11
56,021320,KCC건설,5,60,14,24,79,1.0,10.0,-0.54,0.0,-4.55,36.6
56,060850,영림원소프트랩,5,60,14,24,79,1.0,10.0,-0.54,-8.09,-4.87,37.87
56,115310,인포바인,5,60,14,24,79,1.0,10.0,-0.54,0.0,3.73,36.57
56,067920,이글루,5,60,14,24,79,1.0,10.0,-0.54,0.0,2.38,33.87
56,088910,동우팜투테이블,5,60,14,24,79,1.0,10.0,-0.54,0.0,2.32,34.37
56,307280,원바이오젠,5,60,14,24,79,1.0,10.0,-0.54,0.0,2.25,39.28
56,024830,세원물산,5,60,14,24,79,1.0,10.0,-0.54,-14.17,2.82,35.93
56,299170,더블유에스아이,5,60,14,24,79,1.0,10.0,-0.54,0.0,3.75,39.36
56,126640,화신정공,5,60,14,24,79,1.0,10.0,-0.54,0.0,3.9,37.21
56,051390,YW,5,60,14,24,79,1.0,10.0,-0.54,0.0,3.52,38.69
56,001810,무림SP,5,60,14,24,79,1.0,10.0,-0.54,0.0,5.86,38.74
56,333050,모코엠시스,5,60,14,24,79,1.0,10.0,-0.54,0.0,-3.68,36.53
56,008470,부스타,5,60,14,24,79,1.0,10.0,-0.54,0.0,6.26,37.9
56,115310,인포바인,5,120,14,34,69,1.0,10.0,-0.54,23.16,3.73,36.57
56,214180,헥토이노베이션,5,60,14,49,59,1.0,10.0,-0.54,2.27,1.07,36.97
56,035760,CJ ENM,5,60,14,24,79,1.0,10.0,-0.54,0.0,2.11,35.83
56,261200,덴티스,5,60,14,49,59,1.0,10.0,-0.54,32.22,5.74,39.05
56,051390,YW,5,60,14,49,59,1.0,10.0,-0.54,-1.55,3.52,38.69
56,104540,코렌텍,5,60,14,49,59,1.0,10.0,-0.54,-9.41,-0.01,39.11
56,413600,키움제6호스팩,5,120,14,34,69,1.0,10.0,-0.54,0.0,6.4,35.54
56,021320,KCC건설,5,60,14,49,59,1.0,10.0,-0.54,-7.74,-4.55,36.6
56,060850,영림원소프트랩,5,60,14,49,59,1.0,10.0,-0.54,-8.09,-4.87,37.87
56,115310,인포바인,5,60,14,49,59,1.0,10.0,-0.54,7.02,3.73,36.57
56,067920,이글루,5,60,14,49,59,1.0,10.0,-0.54,15.06,2.38,33.87
56,088910,동우팜투테이블,5,60,14,49,59,1.0,10.0,-0.54,2.36,2.32,34.37
56,307280,원바이오젠,5,60,14,49,59,1.0,10.0,-0.54,-13.91,2.25,39.28
56,024830,세원물산,5,60,14,49,59,1.0,10.0,-0.54,2.55,2.82,35.93
56,299170,더블유에스아이,5,60,14,49,59,1.0,10.0,-0.54,-3.35,3.75,39.36
56,126640,화신정공,5,60,14,49,59,1.0,10.0,-0.54,2.54,3.9,37.21
56,001810,무림SP,5,60,14,49,59,1.0,10.0,-0.54,6.88,5.86,38.74
56,005990,매일홀딩스,5,60,14,49,59,1.0,10.0,-0.54,3.34,6.14,35.17
56,333050,모코엠시스,5,60,14,49,59,1.0,10.0,-0.54,-18.37,-3.68,36.53
56,072870,메가스터디,5,60,14,49,59,1.0,10.0,-0.54,0.8,-2.31,36.61
56,333050,모코엠시스,5,120,14,34,69,1.0,10.0,-0.54,0.0,-3.68,36.53
56,001810,무림SP,5,120,14,34,69,1.0,10.0,-0.54,0.0,5.86,38.74
56,051390,YW,5,120,14,34,69,1.0,10.0,-0.54,-1.85,3.52,38.69
56,126640,화신정공,5,120,14,34,69,1.0,10.0,-0.54,0.0,3.9,37.21
56,299170,더블유에스아이,5,120,14,34,69,1.0,10.0,-0.54,-12.59,3.75,39.36
56,024830,세원물산,5,120,14,34,69,1.0,10.0,-0.54,-19.97,2.82,35.93
56,307280,원바이오젠,5,120,14,34,69,1.0,10.0,-0.54,0.0,2.25,39.28
56,088910,동우팜투테이블,5,120,14,34,69,1.0,10.0,-0.54,0.0,2.32,34.37
56,067920,이글루,5,120,14,34,69,1.0,10.0,-0.54,0.0,2.38,33.87
56,043650,국순당,5,60,14,49,59,1.0,10.0,-0.54,-7.17,3.13,37.15
56,008470,부스타,5,120,14,34,69,1.0,10.0,-0.54,0.0,6.26,37.9
56,228850,레이언스,5,60,14,49,59,1.0,10.0,-0.54,-9.24,-7.51,31.92
56,054050,농우바이오,5,60,14,49,59,1.0,10.0,-0.54,-9.55,4.63,34.36
56,008470,부스타,5,120,14,29,64,1.0,10.0,-0.59,0.0,6.26,37.9
56,104540,코렌텍,5,120,14,29,64,1.0,10.0,-0.59,0.0,-0.01,39.11
56,413600,키움제6호스팩,5,120,14,29,64,1.0,10.0,-0.59,0.0,6.4,35.54
56,035760,CJ ENM,5,120,14,29,64,1.0,10.0,-0.59,0.0,2.11,35.83
56,253450,스튜디오드래곤,5,120,14,29,64,1.0,10.0,-0.59,0.0,-1.52,38.55
56,006730,서부T&D,5,120,14,29,64,1.0,10.0,-0.59,0.0,5.3,36.12
56,214180,헥토이노베이션,5,120,14,29,64,1.0,10.0,-0.59,0.0,1.07,36.97
56,121440,골프존뉴딘홀딩스,5,120,14,29,64,1.0,10.0,-0.59,0.0,-3.82,35.68
56,261200,덴티스,5,120,14,29,64,1.0,10.0,-0.59,0.0,5.74,39.05
56,228850,레이언스,5,120,14,29,64,1.0,10.0,-0.59,0.0,-7.51,31.92
56,054050,농우바이오,5,120,14,29,64,1.0,10.0,-0.59,0.0,4.63,34.36
56,005990,매일홀딩스,5,120,14,29,64,1.0,10.0,-0.59,0.0,6.14,35.17
56,043650,국순당,5,120,14,29,64,1.0,10.0,-0.59,0.0,3.13,37.15
56,072870,메가스터디,5,120,14,29,64,1.0,10.0,-0.59,-2.83,-2.31,36.61
56,021320,KCC건설,5,120,14,29,64,1.0,10.0,-0.59,0.0,-4.55,36.6
56,024830,세원물산,5,120,14,29,64,1.0,10.0,-0.59,-17.18,2.82,35.93
56,060850,영림원소프트랩,5,120,14,29,64,1.0,10.0,-0.59,0.0,-4.87,37.87
56,001810,무림SP,5,120,14,29,64,1.0,10.0,-0.59,0.0,5.86,38.74
56,051390,YW,5,120,14,29,64,1.0,10.0,-0.59,0.0,3.52,38.69
56,126640,화신정공,5,120,14,29,64,1.0,10.0,-0.59,0.0,3.9,37.21
56,299170,더블유에스아이,5,120,14,29,64,1.0,10.0,-0.59,-12.59,3.75,39.36
56,307280,원바이오젠,5,120,14,29,64,1.0,10.0,-0.59,0.0,2.25,39.28
56,088910,동우팜투테이블,5,120,14,29,64,1.0,10.0,-0.59,0.0,2.32,34.37
56,067920,이글루,5,120,14,29,64,1.0,10.0,-0.59,0.0,2.38,33.87
56,115310,인포바인,5,120,14,29,64,1.0,10.0,-0.59,17.34,3.73,36.57
56,333050,모코엠시스,5,120,14,29,64,1.0,10.0,-0.59,0.0,-3.68,36.53
56,299170,더블유에스아이,5,60,14,24,59,1.0,10.0,-0.63,0.0,3.75,39.36
56,067920,이글루,5,60,14,24,59,1.0,10.0,-0.63,0.0,2.38,33.87
56,088910,동우팜투테이블,5,60,14,24,59,1.0,10.0,-0.63,0.0,2.32,34.37
56,307280,원바이오젠,5,60,14,24,59,1.0,10.0,-0.63,0.0,2.25,39.28
56,024830,세원물산,5,60,14,24,59,1.0,10.0,-0.63,-14.17,2.82,35.93
56,008470,부스타,5,60,14,24,59,1.0,10.0,-0.63,0.0,6.26,37.9
56,413600,키움제6호스팩,5,60,14,24,59,1.0,10.0,-0.63,0.0,6.4,35.54
56,126640,화신정공,5,60,14,24,59,1.0,10.0,-0.63,0.0,3.9,37.21
56,051390,YW,5,60,14,24,59,1.0,10.0,-0.63,0.0,3.52,38.69
56,001810,무림SP,5,60,14,24,59,1.0,10.0,-0.63,0.0,5.86,38.74
56,333050,모코엠시스,5,60,14,24,59,1.0,10.0,-0.63,0.0,-3.68,36.53
56,060850,영림원소프트랩,5,60,14,24,59,1.0,10.0,-0.63,-8.09,-4.87,37.87
56,115310,인포바인,5,60,14,24,59,1.0,10.0,-0.63,0.0,3.73,36.57
56,261200,덴티스,5,60,14,24,59,1.0,10.0,-0.63,0.0,5.74,39.05
56,021320,KCC건설,5,60,14,24,59,1.0,10.0,-0.63,0.0,-4.55,36.6
56,121440,골프존뉴딘홀딩스,5,60,14,24,59,1.0,10.0,-0.63,0.0,-3.82,35.68
56,104540,코렌텍,5,60,14,24,59,1.0,10.0,-0.63,0.0,-0.01,39.11
56,035760,CJ ENM,5,60,14,24,59,1.0,10.0,-0.63,0.0,2.11,35.83
56,253450,스튜디오드래곤,5,60,14,24,59,1.0,10.0,-0.63,0.0,-1.52,38.55
56,214180,헥토이노베이션,5,60,14,24,59,1.0,10.0,-0.63,0.0,1.07,36.97
56,006730,서부T&D,5,60,14,24,59,1.0,10.0,-0.63,0.0,5.3,36.12
56,072870,메가스터디,5,60,14,24,59,1.0,10.0,-0.63,5.83,-2.31,36.61
56,228850,레이언스,5,60,14,24,59,1.0,10.0,-0.63,0.0,-7.51,31.92
56,054050,농우바이오,5,60,14,24,59,1.0,10.0,-0.63,0.0,4.63,34.36
56,005990,매일홀딩스,5,60,14,24,59,1.0,10.0,-0.63,0.0,6.14,35.17
56,043650,국순당,5,60,14,24,59,1.0,10.0,-0.63,0.0,3.13,37.15
56,261200,덴티스,5,60,14,24,64,1.0,10.0,-0.64,0.0,5.74,39.05
56,043650,국순당,5,60,14,24,64,1.0,10.0,-0.64,0.0,3.13,37.15
56,005990,매일홀딩스,5,60,14,24,64,1.0,10.0,-0.64,0.0,6.14,35.17
56,054050,농우바이오,5,60,14,24,64,1.0,10.0,-0.64,0.0,4.63,34.36
56,228850,레이언스,5,60,14,24,64,1.0,10.0,-0.64,0.0,-7.51,31.92
56,072870,메가스터디,5,60,14,24,64,1.0,10.0,-0.64,5.66,-2.31,36.61
56,021320,KCC건설,5,60,14,24,64,1.0,10.0,-0.64,0.0,-4.55,36.6
56,121440,골프존뉴딘홀딩스,5,60,14,24,64,1.0,10.0,-0.64,0.0,-3.82,35.68
56,214180,헥토이노베이션,5,60,14,24,64,1.0,10.0,-0.64,0.0,1.07,36.97
56,006730,서부T&D,5,60,14,24,64,1.0,10.0,-0.64,0.0,5.3,36.12
56,253450,스튜디오드래곤,5,60,14,24,64,1.0,10.0,-0.64,0.0,-1.52,38.55
56,035760,CJ ENM,5,60,14,24,64,1.0,10.0,-0.64,0.0,2.11,35.83
56,104540,코렌텍,5,60,14,24,64,1.0,10.0,-0.64,0.0,-0.01,39.11
56,024830,세원물산,5,60,14,24,69,1.0,10.0,-0.64,-14.17,2.82,35.93
56,060850,영림원소프트랩,5,60,14,24,64,1.0,10.0,-0.64,-8.09,-4.87,37.87
56,115310,인포바인,5,60,14,24,64,1.0,10.0,-0.64,0.0,3.73,36.57
56,001810,무림SP,5,60,14,24,69,1.0,10.0,-0.64,0.0,5.86,38.74
56,333050,모코엠시스,5,60,14,24,69,1.0,10.0,-0.64,0.0,-3.68,36.53
56,008470,부스타,5,60,14,24,69,1.0,10.0,-0.64,0.0,6.26,37.9
56,413600,키움제6호스팩,5,60,14,24,69,1.0,10.0,-0.64,0.0,6.4,35.54
56,413600,키움제6호스팩,5,60,14,24,74,1.0,10.0,-0.64,0.0,6.4,35.54
56,035760,CJ ENM,5,60,14,24,74,1.0,10.0,-0.64,0.0,2.11,35.83
56,253450,스튜디오드래곤,5,60,14,24,74,1.0,10.0,-0.64,0.0,-1.52,38.55
56,006730,서부T&D,5,60,14,24,74,1.0,10.0,-0.64,0.0,5.3,36.12
56,214180,헥토이노베이션,5,60,14,24,74,1.0,10.0,-0.64,0.0,1.07,36.97
56,121440,골프존뉴딘홀딩스,5,60,14,24,74,1.0,10.0,-0.64,0.0,-3.82,35.68
56,261200,덴티스,5,60,14,24,74,1.0,10.0,-0.64,0.0,5.74,39.05
56,072870,메가스터디,5,60,14,24,74,1.0,10.0,-0.64,5.66,-2.31,36.61
56,228850,레이언스,5,60,14,24,74,1.0,10.0,-0.64,0.0,-7.51,31.92
56,054050,농우바이오,5,60,14,24,74,1.0,10.0,-0.64,0.0,4.63,34.36
56,005990,매일홀딩스,5,60,14,24,74,1.0,10.0,-0.64,0.0,6.14,35.17
56,043650,국순당,5,60,14,24,74,1.0,10.0,-0.64,0.0,3.13,37.15
56,104540,코렌텍,5,60,14,24,74,1.0,10.0,-0.64,0.0,-0.01,39.11
56,060850,영림원소프트랩,5,60,14,24,74,1.0,10.0,-0.64,-8.09,-4.87,37.87
56,115310,인포바인,5,60,14,24,74,1.0,10.0,-0.64,0.0,3.73,36.57
56,067920,이글루,5,60,14,24,74,1.0,10.0,-0.64,0.0,2.38,33.87
56,088910,동우팜투테이블,5,60,14,24,74,1.0,10.0,-0.64,0.0,2.32,34.37
56,307280,원바이오젠,5,60,14,24,74,1.0,10.0,-0.64,0.0,2.25,39.28
56,024830,세원물산,5,60,14,24,74,1.0,10.0,-0.64,-14.17,2.82,35.93
56,299170,더블유에스아이,5,60,14,24,74,1.0,10.0,-0.64,0.0,3.75,39.36
56,126640,화신정공,5,60,14,24,74,1.0,10.0,-0.64,0.0,3.9,37.21
56,051390,YW,5,60,14,24,74,1.0,10.0,-0.64,0.0,3.52,38.69
56,001810,무림SP,5,60,14,24,74,1.0,10.0,-0.64,0.0,5.86,38.74
56,333050,모코엠시스,5,60,14,24,74,1.0,10.0,-0.64,0.0,-3.68,36.53
56,008470,부스타,5,60,14,24,74,1.0,10.0,-0.64,0.0,6.26,37.9
56,051390,YW,5,60,14,24,69,1.0,10.0,-0.64,0.0,3.52,38.69
56,126640,화신정공,5,60,14,24,69,1.0,10.0,-0.64,0.0,3.9,37.21
56,299170,더블유에스아이,5,60,14,24,69,1.0,10.0,-0.64,0.0,3.75,39.36
56,006730,서부T&D,5,60,14,24,69,1.0,10.0,-0.64,0.0,5.3,36.12
56,067920,이글루,5,60,14,24,64,1.0,10.0,-0.64,0.0,2.38,33.87
56,088910,동우팜투테이블,5,60,14,24,64,1.0,10.0,-0.64,0.0,2.32,34.37
56,307280,원바이오젠,5,60,14,24,64,1.0,10.0,-0.64,0.0,2.25,39.28
56,024830,세원물산,5,60,14,24,64,1.0,10.0,-0.64,-14.17,2.82,35.93
56,299170,더블유에스아이,5,60,14,24,64,1.0,10.0,-0.64,0.0,3.75,39.36
56,126640,화신정공,5,60,14,24,64,1.0,10.0,-0.64,0.0,3.9,37.21
56,051390,YW,5,60,14,24,64,1.0,10.0,-0.64,0.0,3.52,38.69
56,001810,무림SP,5,60,14,24,64,1.0,10.0,-0.64,0.0,5.86,38.74
56,333050,모코엠시스,5,60,14,24,64,1.0,10.0,-0.64,0.0,-3.68,36.53
56,008470,부스타,5,60,14,24,64,1.0,10.0,-0.64,0.0,6.26,37.9
56,413600,키움제6호스팩,5,60,14,24,64,1.0,10.0,-0.64,0.0,6.4,35.54
56,035760,CJ ENM,5,60,14,24,69,1.0,10.0,-0.64,0.0,2.11,35.83
56,253450,스튜디오드래곤,5,60,14,24,69,1.0,10.0,-0.64,0.0,-1.52,38.55
56,214180,헥토이노베이션,5,60,14,24,69,1.0,10.0,-0.64,0.0,1.07,36.97
56,307280,원바이오젠,5,60,14,24,69,1.0,10.0,-0.64,0.0,2.25,39.28
56,121440,골프존뉴딘홀딩스,5,60,14,24,69,1.0,10.0,-0.64,0.0,-3.82,35.68
56,261200,덴티스,5,60,14,24,69,1.0,10.0,-0.64,0.0,5.74,39.05
56,072870,메가스터디,5,60,14,24,69,1.0,10.0,-0.64,5.66,-2.31,36.61
56,228850,레이언스,5,60,14,24,69,1.0,10.0,-0.64,0.0,-7.51,31.92
56,054050,농우바이오,5,60,14,24,69,1.0,10.0,-0.64,0.0,4.63,34.36
56,005990,매일홀딩스,5,60,14,24,69,1.0,10.0,-0.64,0.0,6.14,35.17
56,043650,국순당,5,60,14,24,69,1.0,10.0,-0.64,0.0,3.13,37.15
56,104540,코렌텍,5,60,14,24,69,1.0,10.0,-0.64,0.0,-0.01,39.11
56,021320,KCC건설,5,60,14,24,69,1.0,10.0,-0.64,0.0,-4.55,36.6
56,060850,영림원소프트랩,5,60,14,24,69,1.0,10.0,-0.64,-8.09,-4.87,37.87
56,115310,인포바인,5,60,14,24,69,1.0,10.0,-0.64,0.0,3.73,36.57
56,067920,이글루,5,60,14,24,69,1.0,10.0,-0.64,0.0,2.38,33.87
56,088910,동우팜투테이블,5,60,14,24,69,1.0,10.0,-0.64,0.0,2.32,34.37
56,021320,KCC건설,5,60,14,24,74,1.0,10.0,-0.64,0.0,-4.55,36.6
56,035760,CJ ENM,5,60,14,24,54,1.0,10.0,-0.68,0.0,2.11,35.83
56,115310,인포바인,5,60,14,24,54,1.0,10.0,-0.68,0.0,3.73,36.57
56,006730,서부T&D,5,60,14,24,54,1.0,10.0,-0.68,0.0,5.3,36.12
56,214180,헥토이노베이션,5,60,14,24,54,1.0,10.0,-0.68,0.0,1.07,36.97
56,121440,골프존뉴딘홀딩스,5,60,14,24,54,1.0,10.0,-0.68,0.0,-3.82,35.68
56,261200,덴티스,5,60,14,24,54,1.0,10.0,-0.68,0.0,5.74,39.05
56,072870,메가스터디,5,60,14,24,54,1.0,10.0,-0.68,4.54,-2.31,36.61
56,228850,레이언스,5,60,14,24,54,1.0,10.0,-0.68,0.0,-7.51,31.92
56,054050,농우바이오,5,60,14,24,54,1.0,10.0,-0.68,0.0,4.63,34.36
56,005990,매일홀딩스,5,60,14,24,54,1.0,10.0,-0.68,0.0,6.14,35.17
56,043650,국순당,5,60,14,24,54,1.0,10.0,-0.68,0.0,3.13,37.15
56,104540,코렌텍,5,60,14,24,54,1.0,10.0,-0.68,0.0,-0.01,39.11
56,021320,KCC건설,5,60,14,24,54,1.0,10.0,-0.68,0.0,-4.55,36.6
56,060850,영림원소프트랩,5,60,14,24,54,1.0,10.0,-0.68,-8.09,-4.87,37.87
56,253450,스튜디오드래곤,5,60,14,24,54,1.0,10.0,-0.68,0.0,-1.52,38.55
56,067920,이글루,5,60,14,24,54,1.0,10.0,-0.68,0.0,2.38,33.87
56,088910,동우팜투테이블,5,60,14,24,54,1.0,10.0,-0.68,0.0,2.32,34.37
56,307280,원바이오젠,5,60,14,24,54,1.0,10.0,-0.68,0.0,2.25,39.28
56,024830,세원물산,5,60,14,24,54,1.0,10.0,-0.68,-14.17,2.82,35.93
56,299170,더블유에스아이,5,60,14,24,54,1.0,10.0,-0.68,0.0,3.75,39.36
56,126640,화신정공,5,60,14,24,54,1.0,10.0,-0.68,0.0,3.9,37.21
56,051390,YW,5,60,14,24,54,1.0,10.0,-0.68,0.0,3.52,38.69
56,001810,무림SP,5,60,14,24,54,1.0,10.0,-0.68,0.0,5.86,38.74
56,333050,모코엠시스,5,60,14,24,54,1.0,10.0,-0.68,0.0,-3.68,36.53
56,008470,부스타,5,60,14,24,54,1.0,10.0,-0.68,0.0,6.26,37.9
56,413600,키움제6호스팩,5,60,14,24,54,1.0,10.0,-0.68,0.0,6.4,35.54
56,413600,키움제6호스팩,5,120,14,29,59,1.0,10.0,-0.96,0.0,6.4,35.54
56,214180,헥토이노베이션,5,60,14,34,69,1.0,10.0,-0.96,9.02,1.07,36.97
56,121440,골프존뉴딘홀딩스,5,60,14,34,69,1.0,10.0,-0.96,-0.66,-3.82,35.68
56,261200,덴티스,5,60,14,34,69,1.0,10.0,-0.96,0.0,5.74,39.05
56,008470,부스타,5,120,14,29,59,1.0,10.0,-0.96,0.0,6.26,37.9
56,413600,키움제6호스팩,5,60,14,34,69,1.0,10.0,-0.96,5.32,6.4,35.54
56,008470,부스타,5,60,14,34,69,1.0,10.0,-0.96,0.0,6.26,37.9
56,333050,모코엠시스,5,60,14,34,69,1.0,10.0,-0.96,-12.87,-3.68,36.53
56,001810,무림SP,5,60,14,34,69,1.0,10.0,-0.96,0.0,5.86,38.74
56,051390,YW,5,60,14,34,69,1.0,10.0,-0.96,-1.77,3.52,38.69
56,126640,화신정공,5,60,14,34,69,1.0,10.0,-0.96,4.6,3.9,37.21
56,299170,더블유에스아이,5,60,14,34,69,1.0,10.0,-0.96,-12.59,3.75,39.36
56,024830,세원물산,5,60,14,34,69,1.0,10.0,-0.96,-14.17,2.82,35.93
56,307280,원바이오젠,5,60,14,34,69,1.0,10.0,-0.96,0.0,2.25,39.28
56,088910,동우팜투테이블,5,60,14,34,69,1.0,10.0,-0.96,0.0,2.32,34.37
56,067920,이글루,5,60,14,34,69,1.0,10.0,-0.96,0.0,2.38,33.87
56,115310,인포바인,5,60,14,34,69,1.0,10.0,-0.96,26.61,3.73,36.57
56,060850,영림원소프트랩,5,60,14,34,69,1.0,10.0,-0.96,-8.09,-4.87,37.87
56,021320,KCC건설,5,60,14,34,69,1.0,10.0,-0.96,-8.14,-4.55,36.6
56,104540,코렌텍,5,60,14,34,69,1.0,10.0,-0.96,32.59,-0.01,39.11
56,043650,국순당,5,60,14,34,69,1.0,10.0,-0.96,17.75,3.13,37.15
56,005990,매일홀딩스,5,60,14,34,69,1.0,10.0,-0.96,-4.99,6.14,35.17
56,054050,농우바이오,5,60,14,34,69,1.0,10.0,-0.96,-9.34,4.63,34.36
56,228850,레이언스,5,60,14,34,69,1.0,10.0,-0.96,-11.47,-7.51,31.92
56,072870,메가스터디,5,60,14,34,69,1.0,10.0,-0.96,-1.76,-2.31,36.61
56,006730,서부T&D,5,60,14,34,69,1.0,10.0,-0.96,0.0,5.3,36.12
56,253450,스튜디오드래곤,5,60,14,34,69,1.0,10.0,-0.96,-32.14,-1.52,38.55
56,088910,동우팜투테이블,5,120,14,29,59,1.0,10.0,-0.96,0.0,2.32,34.37
56,104540,코렌텍,5,120,14,29,59,1.0,10.0,-0.96,0.0,-0.01,39.11
56,333050,모코엠시스,5,120,14,29,59,1.0,10.0,-0.96,0.0,-3.68,36.53
56,035760,CJ ENM,5,60,14,34,69,1.0,10.0,-0.96,-2.89,2.11,35.83
56,001810,무림SP,5,120,14,29,59,1.0,10.0,-0.96,0.0,5.86,38.74
56,051390,YW,5,120,14,29,59,1.0,10.0,-0.96,0.0,3.52,38.69
56,126640,화신정공,5,120,14,29,59,1.0,10.0,-0.96,0.0,3.9,37.21
56,299170,더블유에스아이,5,120,14,29,59,1.0,10.0,-0.96,-12.59,3.75,39.36
56,024830,세원물산,5,120,14,29,59,1.0,10.0,-0.96,-17.18,2.82,35.93
56,307280,원바이오젠,5,120,14,29,59,1.0,10.0,-0.96,0.0,2.25,39.28
56,067920,이글루,5,120,14,29,59,1.0,10.0,-0.96,0.0,2.38,33.87
56,115310,인포바인,5,120,14,29,59,1.0,10.0,-0.96,13.11,3.73,36.57
56,021320,KCC건설,5,120,14,29,59,1.0,10.0,-0.96,0.0,-4.55,36.6
56,060850,영림원소프트랩,5,120,14,29,59,1.0,10.0,-0.96,0.0,-4.87,37.87
56,043650,국순당,5,120,14,29,59,1.0,10.0,-0.96,0.0,3.13,37.15
56,005990,매일홀딩스,5,120,14,29,59,1.0,10.0,-0.96,0.0,6.14,35.17
56,054050,농우바이오,5,120,14,29,59,1.0,10.0,-0.96,0.0,4.63,34.36
56,228850,레이언스,5,120,14,29,59,1.0,10.0,-0.96,0.0,-7.51,31.92
56,072870,메가스터디,5,120,14,29,59,1.0,10.0,-0.96,-8.23,-2.31,36.61
56,261200,덴티스,5,120,14,29,59,1.0,10.0,-0.96,0.0,5.74,39.05
56,121440,골프존뉴딘홀딩스,5,120,14,29,59,1.0,10.0,-0.96,0.0,-3.82,35.68
56,214180,헥토이노베이션,5,120,14,29,59,1.0,10.0,-0.96,0.0,1.07,36.97
56,006730,서부T&D,5,120,14,29,59,1.0,10.0,-0.96,0.0,5.3,36.12
56,253450,스튜디오드래곤,5,120,14,29,59,1.0,10.0,-0.96,0.0,-1.52,38.55
56,035760,CJ ENM,5,120,14,29,59,1.0,10.0,-0.96,0.0,2.11,35.83
56,299170,더블유에스아이,5,60,14,39,79,1.0,10.0,-0.97,24.04,3.75,39.36
56,067920,이글루,5,60,14,39,79,1.0,10.0,-0.97,3.88,2.38,33.87
56,088910,동우팜투테이블,5,60,14,39,79,1.0,10.0,-0.97,-7.0,2.32,34.37
56,307280,원바이오젠,5,60,14,39,79,1.0,10.0,-0.97,37.1,2.25,39.28
56,024830,세원물산,5,60,14,39,79,1.0,10.0,-0.97,5.44,2.82,35.93
56,413600,키움제6호스팩,5,60,14,39,79,1.0,10.0,-0.97,1.09,6.4,35.54
56,126640,화신정공,5,60,14,39,79,1.0,10.0,-0.97,-0.18,3.9,37.21
56,051390,YW,5,60,14,39,79,1.0,10.0,-0.97,-3.84,3.52,38.69
56,001810,무림SP,5,60,14,39,79,1.0,10.0,-0.97,14.54,5.86,38.74
56,333050,모코엠시스,5,60,14,39,79,1.0,10.0,-0.97,-12.87,-3.68,36.53
56,060850,영림원소프트랩,5,60,14,39,79,1.0,10.0,-0.97,-8.09,-4.87,37.87
56,115310,인포바인,5,60,14,39,79,1.0,10.0,-0.97,5.18,3.73,36.57
56,035760,CJ ENM,5,60,14,39,79,1.0,10.0,-0.97,-12.43,2.11,35.83
56,021320,KCC건설,5,60,14,39,79,1.0,10.0,-0.97,-10.1,-4.55,36.6
56,104540,코렌텍,5,60,14,39,79,1.0,10.0,-0.97,-8.65,-0.01,39.11
56,043650,국순당,5,60,14,39,79,1.0,10.0,-0.97,-1.11,3.13,37.15
56,005990,매일홀딩스,5,60,14,39,79,1.0,10.0,-0.97,7.72,6.14,35.17
56,054050,농우바이오,5,60,14,39,79,1.0,10.0,-0.97,-9.34,4.63,34.36
56,228850,레이언스,5,60,14,39,79,1.0,10.0,-0.97,-12.0,-7.51,31.92
56,072870,메가스터디,5,60,14,39,79,1.0,10.0,-0.97,-4.3,-2.31,36.61
56,261200,덴티스,5,60,14,39,79,1.0,10.0,-0.97,7.1,5.74,39.05
56,121440,골프존뉴딘홀딩스,5,60,14,39,79,1.0,10.0,-0.97,-7.46,-3.82,35.68
56,214180,헥토이노베이션,5,60,14,39,79,1.0,10.0,-0.97,-2.12,1.07,36.97
56,006730,서부T&D,5,60,14,39,79,1.0,10.0,-0.97,-2.33,5.3,36.12
56,008470,부스타,5,60,14,39,79,1.0,10.0,-0.97,-3.65,6.26,37.9
56,253450,스튜디오드래곤,5,60,14,39,79,1.0,10.0,-0.97,-25.95,-1.52,38.55
56,006730,서부T&D,5,120,14,49,59,1.0,10.0,-1.0,7.43,5.3,36.12
56,115310,인포바인,5,120,14,49,59,1.0,10.0,-1.0,2.38,3.73,36.57
56,035760,CJ ENM,5,120,14,49,59,1.0,10.0,-1.0,-10.54,2.11,35.83
56,253450,스튜디오드래곤,5,120,14,49,59,1.0,10.0,-1.0,-13.45,-1.52,38.55
56,214180,헥토이노베이션,5,120,14,49,59,1.0,10.0,-1.0,4.09,1.07,36.97
56,121440,골프존뉴딘홀딩스,5,120,14,49,59,1.0,10.0,-1.0,-3.7,-3.82,35.68
56,261200,덴티스,5,120,14,49,59,1.0,10.0,-1.0,14.09,5.74,39.05
56,072870,메가스터디,5,120,14,49,59,1.0,10.0,-1.0,3.48,-2.31,36.61
56,228850,레이언스,5,120,14,49,59,1.0,10.0,-1.0,-9.66,-7.51,31.92
56,054050,농우바이오,5,120,14,49,59,1.0,10.0,-1.0,-10.26,4.63,34.36
56,043650,국순당,5,120,14,49,59,1.0,10.0,-1.0,-6.47,3.13,37.15
56,104540,코렌텍,5,120,14,49,59,1.0,10.0,-1.0,-10.8,-0.01,39.11
56,021320,KCC건설,5,120,14,49,59,1.0,10.0,-1.0,-8.41,-4.55,36.6
56,060850,영림원소프트랩,5,120,14,49,59,1.0,10.0,-1.0,-9.33,-4.87,37.87
56,005990,매일홀딩스,5,120,14,49,59,1.0,10.0,-1.0,0.51,6.14,35.17
56,067920,이글루,5,120,14,49,59,1.0,10.0,-1.0,16.67,2.38,33.87
56,307280,원바이오젠,5,120,14,49,59,1.0,10.0,-1.0,-14.29,2.25,39.28
56,024830,세원물산,5,120,14,49,59,1.0,10.0,-1.0,5.36,2.82,35.93
56,299170,더블유에스아이,5,120,14,49,59,1.0,10.0,-1.0,-3.1,3.75,39.36
56,126640,화신정공,5,120,14,49,59,1.0,10.0,-1.0,2.0,3.9,37.21
56,051390,YW,5,120,14,49,59,1.0,10.0,-1.0,-0.3,3.52,38.69
56,001810,무림SP,5,120,14,49,59,1.0,10.0,-1.0,-1.08,5.86,38.74
56,333050,모코엠시스,5,120,14,49,59,1.0,10.0,-1.0,-19.63,-3.68,36.53
56,008470,부스타,5,120,14,49,59,1.0,10.0,-1.0,5.73,6.26,37.9
56,088910,동우팜투테이블,5,120,14,49,59,1.0,10.0,-1.0,-3.5,2.32,34.37
56,413600,키움제6호스팩,5,120,14,49,59,1.0,10.0,-1.0,36.7,6.4,35.54
56,005990,매일홀딩스,5,120,14,29,54,1.0,10.0,-1.02,0.0,6.14,35.17
56,060850,영림원소프트랩,5,120,14,29,54,1.0,10.0,-1.02,0.0,-4.87,37.87
56,021320,KCC건설,5,120,14,29,54,1.0,10.0,-1.02,0.0,-4.55,36.6
56,104540,코렌텍,5,120,14,29,54,1.0,10.0,-1.02,0.0,-0.01,39.11
56,043650,국순당,5,120,14,29,54,1.0,10.0,-1.02,0.0,3.13,37.15
56,261200,덴티스,5,120,14,29,54,1.0,10.0,-1.02,0.0,5.74,39.05
56,054050,농우바이오,5,120,14,29,54,1.0,10.0,-1.02,0.0,4.63,34.36
56,228850,레이언스,5,120,14,29,54,1.0,10.0,-1.02,0.0,-7.51,31.92
56,121440,골프존뉴딘홀딩스,5,120,14,29,54,1.0,10.0,-1.02,0.0,-3.82,35.68
56,072870,메가스터디,5,120,14,29,54,1.0,10.0,-1.02,-9.78,-2.31,36.61
56,067920,이글루,5,120,14,29,54,1.0,10.0,-1.02,0.0,2.38,33.87
56,115310,인포바인,5,120,14,29,54,1.0,10.0,-1.02,13.11,3.73,36.57
56,299170,더블유에스아이,5,120,14,29,54,1.0,10.0,-1.02,-12.59,3.75,39.36
56,088910,동우팜투테이블,5,120,14,29,54,1.0,10.0,-1.02,0.0,2.32,34.37
56,307280,원바이오젠,5,120,14,29,54,1.0,10.0,-1.02,0.0,2.25,39.28
56,024830,세원물산,5,120,14,29,54,1.0,10.0,-1.02,-17.18,2.82,35.93
56,126640,화신정공,5,120,14,29,54,1.0,10.0,-1.02,0.0,3.9,37.21
56,051390,YW,5,120,14,29,54,1.0,10.0,-1.02,0.0,3.52,38.69
56,001810,무림SP,5,120,14,29,54,1.0,10.0,-1.02,0.0,5.86,38.74
56,333050,모코엠시스,5,120,14,29,54,1.0,10.0,-1.02,0.0,-3.68,36.53
56,008470,부스타,5,120,14,29,54,1.0,10.0,-1.02,0.0,6.26,37.9
56,413600,키움제6호스팩,5,120,14,29,54,1.0,10.0,-1.02,0.0,6.4,35.54
56,253450,스튜디오드래곤,5,120,14,29,54,1.0,10.0,-1.02,0.0,-1.52,38.55
56,006730,서부T&D,5,120,14,29,54,1.0,10.0,-1.02,0.0,5.3,36.12
56,035760,CJ ENM,5,120,14,29,54,1.0,10.0,-1.02,0.0,2.11,35.83
56,214180,헥토이노베이션,5,120,14,29,54,1.0,10.0,-1.02,0.0,1.07,36.97
56,035760,CJ ENM,5,120,14,44,69,1.0,10.0,-1.38,-2.16,2.11,35.83
56,299170,더블유에스아이,5,120,14,44,69,1.0,10.0,-1.38,3.5,3.75,39.36
56,413600,키움제6호스팩,5,120,14,44,69,1.0,10.0,-1.38,9.3,6.4,35.54
56,006730,서부T&D,5,120,14,44,69,1.0,10.0,-1.38,0.04,5.3,36.12
56,214180,헥토이노베이션,5,120,14,44,69,1.0,10.0,-1.38,0.69,1.07,36.97
56,121440,골프존뉴딘홀딩스,5,120,14,44,69,1.0,10.0,-1.38,-3.52,-3.82,35.68
56,261200,덴티스,5,120,14,44,69,1.0,10.0,-1.38,-7.39,5.74,39.05
56,072870,메가스터디,5,120,14,44,69,1.0,10.0,-1.38,-1.77,-2.31,36.61
56,228850,레이언스,5,120,14,44,69,1.0,10.0,-1.38,-11.65,-7.51,31.92
56,054050,농우바이오,5,120,14,44,69,1.0,10.0,-1.38,-9.74,4.63,34.36
56,005990,매일홀딩스,5,120,14,44,69,1.0,10.0,-1.38,-0.95,6.14,35.17
56,043650,국순당,5,120,14,44,69,1.0,10.0,-1.38,4.9,3.13,37.15
56,104540,코렌텍,5,120,14,44,69,1.0,10.0,-1.38,-4.21,-0.01,39.11
56,021320,KCC건설,5,120,14,44,69,1.0,10.0,-1.38,-10.06,-4.55,36.6
56,060850,영림원소프트랩,5,120,14,44,69,1.0,10.0,-1.38,-9.33,-4.87,37.87
56,115310,인포바인,5,120,14,44,69,1.0,10.0,-1.38,10.96,3.73,36.57
56,067920,이글루,5,120,14,44,69,1.0,10.0,-1.38,6.39,2.38,33.87
56,088910,동우팜투테이블,5,120,14,44,69,1.0,10.0,-1.38,-1.94,2.32,34.37
56,307280,원바이오젠,5,120,14,44,69,1.0,10.0,-1.38,18.78,2.25,39.28
56,024830,세원물산,5,120,14,44,69,1.0,10.0,-1.38,0.31,2.82,35.93
56,126640,화신정공,5,120,14,44,69,1.0,10.0,-1.38,2.79,3.9,37.21
56,051390,YW,5,120,14,44,69,1.0,10.0,-1.38,-0.98,3.52,38.69
56,001810,무림SP,5,120,14,44,69,1.0,10.0,-1.38,13.69,5.86,38.74
56,333050,모코엠시스,5,120,14,44,69,1.0,10.0,-1.38,-35.1,-3.68,36.53
56,253450,스튜디오드래곤,5,120,14,44,69,1.0,10.0,-1.38,-12.03,-1.52,38.55
56,008470,부스타,5,120,14,44,69,1.0,10.0,-1.38,3.63,6.26,37.9
56,001810,무림SP,5,60,14,44,69,1.0,10.0,-1.73,12.09,5.86,38.74
56,008470,부스타,5,60,14,44,69,1.0,10.0,-1.73,3.1,6.26,37.9
56,035760,CJ ENM,5,60,14,44,69,1.0,10.0,-1.73,-1.8,2.11,35.83
56,253450,스튜디오드래곤,5,60,14,44,69,1.0,10.0,-1.73,-10.59,-1.52,38.55
56,006730,서부T&D,5,60,14,44,69,1.0,10.0,-1.73,5.13,5.3,36.12
56,214180,헥토이노베이션,5,60,14,44,69,1.0,10.0,-1.73,2.17,1.07,36.97
56,413600,키움제6호스팩,5,60,14,44,69,1.0,10.0,-1.73,1.09,6.4,35.54
56,121440,골프존뉴딘홀딩스,5,60,14,44,69,1.0,10.0,-1.73,-3.4,-3.82,35.68
56,261200,덴티스,5,60,14,44,69,1.0,10.0,-1.73,-0.23,5.74,39.05
56,072870,메가스터디,5,60,14,44,69,1.0,10.0,-1.73,-3.7,-2.31,36.61
56,228850,레이언스,5,60,14,44,69,1.0,10.0,-1.73,-11.65,-7.51,31.92
56,054050,농우바이오,5,60,14,44,69,1.0,10.0,-1.73,-9.34,4.63,34.36
56,005990,매일홀딩스,5,60,14,44,69,1.0,10.0,-1.73,0.48,6.14,35.17
56,043650,국순당,5,60,14,44,69,1.0,10.0,-1.73,-0.47,3.13,37.15
56,104540,코렌텍,5,60,14,44,69,1.0,10.0,-1.73,-4.48,-0.01,39.11
56,021320,KCC건설,5,60,14,44,69,1.0,10.0,-1.73,-10.95,-4.55,36.6
56,060850,영림원소프트랩,5,60,14,44,69,1.0,10.0,-1.73,-8.09,-4.87,37.87
56,115310,인포바인,5,60,14,44,69,1.0,10.0,-1.73,4.15,3.73,36.57
56,067920,이글루,5,60,14,44,69,1.0,10.0,-1.73,5.46,2.38,33.87
56,088910,동우팜투테이블,5,60,14,44,69,1.0,10.0,-1.73,0.33,2.32,34.37
56,307280,원바이오젠,5,60,14,44,69,1.0,10.0,-1.73,18.75,2.25,39.28
56,024830,세원물산,5,60,14,44,69,1.0,10.0,-1.73,0.34,2.82,35.93
56,299170,더블유에스아이,5,60,14,44,69,1.0,10.0,-1.73,-1.39,3.75,39.36
56,126640,화신정공,5,60,14,44,69,1.0,10.0,-1.73,3.9,3.9,37.21
56,051390,YW,5,60,14,44,69,1.0,10.0,-1.73,-0.91,3.52,38.69
56,333050,모코엠시스,5,60,14,44,69,1.0,10.0,-1.73,-35.1,-3.68,36.53
56,035760,CJ ENM,5,120,14,44,64,1.0,10.0,-1.73,-4.3,2.11,35.83
56,005990,매일홀딩스,5,120,14,44,64,1.0,10.0,-1.73,2.76,6.14,35.17
56,115310,인포바인,5,120,14,44,64,1.0,10.0,-1.73,7.63,3.73,36.57
56,006730,서부T&D,5,120,14,44,64,1.0,10.0,-1.73,-1.39,5.3,36.12
56,214180,헥토이노베이션,5,120,14,44,64,1.0,10.0,-1.73,9.37,1.07,36.97
56,121440,골프존뉴딘홀딩스,5,120,14,44,64,1.0,10.0,-1.73,-1.85,-3.82,35.68
56,261200,덴티스,5,120,14,44,64,1.0,10.0,-1.73,-7.39,5.74,39.05
56,072870,메가스터디,5,120,14,44,64,1.0,10.0,-1.73,-1.77,-2.31,36.61
56,228850,레이언스,5,120,14,44,64,1.0,10.0,-1.73,-11.65,-7.51,31.92
56,054050,농우바이오,5,120,14,44,64,1.0,10.0,-1.73,-9.74,4.63,34.36
56,253450,스튜디오드래곤,5,120,14,44,64,1.0,10.0,-1.73,-12.03,-1.52,38.55
56,043650,국순당,5,120,14,44,64,1.0,10.0,-1.73,4.9,3.13,37.15
56,104540,코렌텍,5,120,14,44,64,1.0,10.0,-1.73,-8.74,-0.01,39.11
56,021320,KCC건설,5,120,14,44,64,1.0,10.0,-1.73,-8.19,-4.55,36.6
56,060850,영림원소프트랩,5,120,14,44,64,1.0,10.0,-1.73,-9.33,-4.87,37.87
56,067920,이글루,5,120,14,44,64,1.0,10.0,-1.73,8.78,2.38,33.87
56,126640,화신정공,5,120,14,44,64,1.0,10.0,-1.73,0.85,3.9,37.21
56,413600,키움제6호스팩,5,120,14,44,64,1.0,10.0,-1.73,9.3,6.4,35.54
56,008470,부스타,5,120,14,44,64,1.0,10.0,-1.73,11.1,6.26,37.9
56,333050,모코엠시스,5,120,14,44,64,1.0,10.0,-1.73,-35.1,-3.68,36.53
56,001810,무림SP,5,120,14,44,64,1.0,10.0,-1.73,12.94,5.86,38.74
56,051390,YW,5,120,14,44,64,1.0,10.0,-1.73,-1.93,3.52,38.69
56,299170,더블유에스아이,5,120,14,44,64,1.0,10.0,-1.73,3.5,3.75,39.36
56,024830,세원물산,5,120,14,44,64,1.0,10.0,-1.73,0.31,2.82,35.93
56,307280,원바이오젠,5,120,14,44,64,1.0,10.0,-1.73,-5.79,2.25,39.28
56,088910,동우팜투테이블,5,120,14,44,64,1.0,10.0,-1.73,2.74,2.32,34.37
56,072870,메가스터디,5,60,14,44,64,1.0,10.0,-1.85,-3.7,-2.31,36.61
56,104540,코렌텍,5,60,14,44,64,1.0,10.0,-1.85,-8.82,-0.01,39.11
56,043650,국순당,5,60,14,44,64,1.0,10.0,-1.85,-0.47,3.13,37.15
56,005990,매일홀딩스,5,60,14,44,64,1.0,10.0,-1.85,3.37,6.14,35.17
56,054050,농우바이오,5,60,14,44,64,1.0,10.0,-1.85,-9.34,4.63,34.36
56,228850,레이언스,5,60,14,44,64,1.0,10.0,-1.85,-11.65,-7.51,31.92
56,035760,CJ ENM,5,60,14,44,64,1.0,10.0,-1.85,-3.8,2.11,35.83
56,261200,덴티스,5,60,14,44,64,1.0,10.0,-1.85,-0.23,5.74,39.05
56,121440,골프존뉴딘홀딩스,5,60,14,44,64,1.0,10.0,-1.85,0.68,-3.82,35.68
56,214180,헥토이노베이션,5,60,14,44,64,1.0,10.0,-1.85,7.96,1.07,36.97
56,006730,서부T&D,5,60,14,44,64,1.0,10.0,-1.85,2.95,5.3,36.12
56,060850,영림원소프트랩,5,60,14,44,64,1.0,10.0,-1.85,-8.09,-4.87,37.87
56,021320,KCC건설,5,60,14,44,64,1.0,10.0,-1.85,-7.83,-4.55,36.6
56,253450,스튜디오드래곤,5,60,14,44,64,1.0,10.0,-1.85,-10.59,-1.52,38.55
56,115310,인포바인,5,60,14,44,64,1.0,10.0,-1.85,6.64,3.73,36.57
56,051390,YW,5,60,14,44,64,1.0,10.0,-1.85,-1.85,3.52,38.69
56,067920,이글루,5,60,14,44,64,1.0,10.0,-1.85,7.91,2.38,33.87
56,413600,키움제6호스팩,5,60,14,44,64,1.0,10.0,-1.85,1.09,6.4,35.54
56,008470,부스타,5,60,14,44,64,1.0,10.0,-1.85,8.54,6.26,37.9
56,333050,모코엠시스,5,60,14,44,64,1.0,10.0,-1.85,-35.1,-3.68,36.53
56,001810,무림SP,5,60,14,44,64,1.0,10.0,-1.85,11.38,5.86,38.74
56,126640,화신정공,5,60,14,44,64,1.0,10.0,-1.85,2.0,3.9,37.21
56,299170,더블유에스아이,5,60,14,44,64,1.0,10.0,-1.85,-1.39,3.75,39.36
56,024830,세원물산,5,60,14,44,64,1.0,10.0,-1.85,0.34,2.82,35.93
56,307280,원바이오젠,5,60,14,44,64,1.0,10.0,-1.85,-3.51,2.25,39.28
56,088910,동우팜투테이블,5,60,14,44,64,1.0,10.0,-1.85,5.36,2.32,34.37
56,299170,더블유에스아이,5,120,14,44,74,1.0,10.0,-1.96,29.87,3.75,39.36
56,067920,이글루,5,120,14,44,74,1.0,10.0,-1.96,1.81,2.38,33.87
56,088910,동우팜투테이블,5,120,14,44,74,1.0,10.0,-1.96,-3.5,2.32,34.37
56,307280,원바이오젠,5,120,14,44,74,1.0,10.0,-1.96,18.78,2.25,39.28
56,024830,세원물산,5,120,14,44,74,1.0,10.0,-1.96,0.31,2.82,35.93
56,008470,부스타,5,120,14,44,74,1.0,10.0,-1.96,3.63,6.26,37.9
56,126640,화신정공,5,120,14,44,74,1.0,10.0,-1.96,-1.48,3.9,37.21
56,051390,YW,5,120,14,44,74,1.0,10.0,-1.96,-3.9,3.52,38.69
56,001810,무림SP,5,120,14,44,74,1.0,10.0,-1.96,6.64,5.86,38.74
56,333050,모코엠시스,5,120,14,44,74,1.0,10.0,-1.96,-35.1,-3.68,36.53
56,060850,영림원소프트랩,5,120,14,44,74,1.0,10.0,-1.96,-9.33,-4.87,37.87
56,115310,인포바인,5,120,14,44,74,1.0,10.0,-1.96,5.18,3.73,36.57
56,228850,레이언스,5,120,14,44,74,1.0,10.0,-1.96,-11.65,-7.51,31.92
56,021320,KCC건설,5,120,14,44,74,1.0,10.0,-1.96,-10.06,-4.55,36.6
56,104540,코렌텍,5,120,14,44,74,1.0,10.0,-1.96,-4.21,-0.01,39.11
56,043650,국순당,5,120,14,44,74,1.0,10.0,-1.96,6.9,3.13,37.15
56,005990,매일홀딩스,5,120,14,44,74,1.0,10.0,-1.96,-0.19,6.14,35.17
56,054050,농우바이오,5,120,14,44,74,1.0,10.0,-1.96,-9.74,4.63,34.36
56,035760,CJ ENM,5,120,14,44,74,1.0,10.0,-1.96,-8.33,2.11,35.83
56,072870,메가스터디,5,120,14,44,74,1.0,10.0,-1.96,-1.77,-2.31,36.61
56,261200,덴티스,5,120,14,44,74,1.0,10.0,-1.96,-7.39,5.74,39.05
56,121440,골프존뉴딘홀딩스,5,120,14,44,74,1.0,10.0,-1.96,-7.56,-3.82,35.68
56,214180,헥토이노베이션,5,120,14,44,74,1.0,10.0,-1.96,-2.2,1.07,36.97
56,006730,서부T&D,5,120,14,44,74,1.0,10.0,-1.96,-4.93,5.3,36.12
56,413600,키움제6호스팩,5,120,14,44,74,1.0,10.0,-1.96,9.3,6.4,35.54
56,253450,스튜디오드래곤,5,120,14,44,74,1.0,10.0,-1.96,-12.03,-1.52,38.55
56,008470,부스타,5,60,14,44,74,1.0,10.0,-2.21,3.1,6.26,37.9
56,333050,모코엠시스,5,60,14,44,74,1.0,10.0,-2.21,-35.1,-3.68,36.53
56,051390,YW,5,60,14,44,74,1.0,10.0,-2.21,-3.84,3.52,38.69
56,126640,화신정공,5,60,14,44,74,1.0,10.0,-2.21,-0.18,3.9,37.21
56,299170,더블유에스아이,5,60,14,44,74,1.0,10.0,-2.21,21.29,3.75,39.36
56,024830,세원물산,5,60,14,44,74,1.0,10.0,-2.21,0.34,2.82,35.93
56,307280,원바이오젠,5,60,14,44,74,1.0,10.0,-2.21,18.75,2.25,39.28
56,088910,동우팜투테이블,5,60,14,44,74,1.0,10.0,-2.21,-3.15,2.32,34.37
56,067920,이글루,5,60,14,44,74,1.0,10.0,-2.21,1.59,2.38,33.87
56,115310,인포바인,5,60,14,44,74,1.0,10.0,-2.21,4.82,3.73,36.57
56,060850,영림원소프트랩,5,60,14,44,74,1.0,10.0,-2.21,-8.09,-4.87,37.87
56,021320,KCC건설,5,60,14,44,74,1.0,10.0,-2.21,-10.95,-4.55,36.6
56,104540,코렌텍,5,60,14,44,74,1.0,10.0,-2.21,-4.48,-0.01,39.11
56,043650,국순당,5,60,14,44,74,1.0,10.0,-2.21,1.16,3.13,37.15
56,005990,매일홀딩스,5,60,14,44,74,1.0,10.0,-2.21,1.23,6.14,35.17
56,054050,농우바이오,5,60,14,44,74,1.0,10.0,-2.21,-9.34,4.63,34.36
56,228850,레이언스,5,60,14,44,74,1.0,10.0,-2.21,-11.65,-7.51,31.92
56,072870,메가스터디,5,60,14,44,74,1.0,10.0,-2.21,-3.7,-2.31,36.61
56,261200,덴티스,5,60,14,44,74,1.0,10.0,-2.21,-0.23,5.74,39.05
56,121440,골프존뉴딘홀딩스,5,60,14,44,74,1.0,10.0,-2.21,-7.46,-3.82,35.68
56,413600,키움제6호스팩,5,60,14,44,74,1.0,10.0,-2.21,1.09,6.4,35.54
56,214180,헥토이노베이션,5,60,14,44,74,1.0,10.0,-2.21,-2.12,1.07,36.97
56,006730,서부T&D,5,60,14,44,74,1.0,10.0,-2.21,1.11,5.3,36.12
56,253450,스튜디오드래곤,5,60,14,44,74,1.0,10.0,-2.21,-10.59,-1.52,38.55
56,035760,CJ ENM,5,60,14,44,74,1.0,10.0,-2.21,-7.29,2.11,35.83
56,001810,무림SP,5,60,14,44,74,1.0,10.0,-2.21,6.1,5.86,38.74
56,008470,부스타,5,120,14,44,79,1.0,10.0,-2.36,-1.07,6.26,37.9
56,333050,모코엠시스,5,120,14,44,79,1.0,10.0,-2.36,-35.1,-3.68,36.53
56,035760,CJ ENM,5,120,14,44,79,1.0,10.0,-2.36,-8.33,2.11,35.83
56,001810,무림SP,5,120,14,44,79,1.0,10.0,-2.36,6.64,5.86,38.74
56,051390,YW,5,120,14,44,79,1.0,10.0,-2.36,-3.9,3.52,38.69
56,126640,화신정공,5,120,14,44,79,1.0,10.0,-2.36,-1.48,3.9,37.21
56,299170,더블유에스아이,5,120,14,44,79,1.0,10.0,-2.36,29.87,3.75,39.36
56,307280,원바이오젠,5,120,14,44,79,1.0,10.0,-2.36,18.78,2.25,39.28
56,088910,동우팜투테이블,5,120,14,44,79,1.0,10.0,-2.36,-3.5,2.32,34.37
56,067920,이글루,5,120,14,44,79,1.0,10.0,-2.36,3.91,2.38,33.87
56,115310,인포바인,5,120,14,44,79,1.0,10.0,-2.36,5.18,3.73,36.57
56,060850,영림원소프트랩,5,120,14,44,79,1.0,10.0,-2.36,-9.33,-4.87,37.87
56,021320,KCC건설,5,120,14,44,79,1.0,10.0,-2.36,-10.06,-4.55,36.6
56,104540,코렌텍,5,120,14,44,79,1.0,10.0,-2.36,-9.29,-0.01,39.11
56,043650,국순당,5,120,14,44,79,1.0,10.0,-2.36,-3.59,3.13,37.15
56,005990,매일홀딩스,5,120,14,44,79,1.0,10.0,-2.36,4.95,6.14,35.17
56,054050,농우바이오,5,120,14,44,79,1.0,10.0,-2.36,-9.74,4.63,34.36
56,228850,레이언스,5,120,14,44,79,1.0,10.0,-2.36,-11.65,-7.51,31.92
56,072870,메가스터디,5,120,14,44,79,1.0,10.0,-2.36,-0.54,-2.31,36.61
56,261200,덴티스,5,120,14,44,79,1.0,10.0,-2.36,-7.39,5.74,39.05
56,121440,골프존뉴딘홀딩스,5,120,14,44,79,1.0,10.0,-2.36,-7.56,-3.82,35.68
56,214180,헥토이노베이션,5,120,14,44,79,1.0,10.0,-2.36,-2.2,1.07,36.97
56,006730,서부T&D,5,120,14,44,79,1.0,10.0,-2.36,-4.93,5.3,36.12
56,253450,스튜디오드래곤,5,120,14,44,79,1.0,10.0,-2.36,-12.03,-1.52,38.55
56,024830,세원물산,5,120,14,44,79,1.0,10.0,-2.36,1.77,2.82,35.93
56,413600,키움제6호스팩,5,120,14,44,79,1.0,10.0,-2.36,9.3,6.4,35.54
56,307280,원바이오젠,5,60,14,44,79,1.0,10.0,-2.46,18.75,2.25,39.28
56,021320,KCC건설,5,60,14,44,79,1.0,10.0,-2.46,-10.95,-4.55,36.6
56,413600,키움제6호스팩,5,60,14,44,79,1.0,10.0,-2.46,1.09,6.4,35.54
56,008470,부스타,5,60,14,44,79,1.0,10.0,-2.46,-0.71,6.26,37.9
56,333050,모코엠시스,5,60,14,44,79,1.0,10.0,-2.46,-35.1,-3.68,36.53
56,001810,무림SP,5,60,14,44,79,1.0,10.0,-2.46,6.1,5.86,38.74
56,051390,YW,5,60,14,44,79,1.0,10.0,-2.46,-3.84,3.52,38.69
56,126640,화신정공,5,60,14,44,79,1.0,10.0,-2.46,-0.18,3.9,37.21
56,299170,더블유에스아이,5,60,14,44,79,1.0,10.0,-2.46,21.29,3.75,39.36
56,024830,세원물산,5,60,14,44,79,1.0,10.0,-2.46,1.76,2.82,35.93
56,088910,동우팜투테이블,5,60,14,44,79,1.0,10.0,-2.46,-3.15,2.32,34.37
56,067920,이글루,5,60,14,44,79,1.0,10.0,-2.46,3.34,2.38,33.87
56,115310,인포바인,5,60,14,44,79,1.0,10.0,-2.46,4.82,3.73,36.57
56,060850,영림원소프트랩,5,60,14,44,79,1.0,10.0,-2.46,-8.09,-4.87,37.87
56,104540,코렌텍,5,60,14,44,79,1.0,10.0,-2.46,-9.39,-0.01,39.11
56,072870,메가스터디,5,60,14,44,79,1.0,10.0,-2.46,-2.55,-2.31,36.61
56,035760,CJ ENM,5,60,14,44,79,1.0,10.0,-2.46,-7.29,2.11,35.83
56,253450,스튜디오드래곤,5,60,14,44,79,1.0,10.0,-2.46,-10.59,-1.52,38.55
56,006730,서부T&D,5,60,14,44,79,1.0,10.0,-2.46,-0.1,5.3,36.12
56,214180,헥토이노베이션,5,60,14,44,79,1.0,10.0,-2.46,-2.12,1.07,36.97
56,121440,골프존뉴딘홀딩스,5,60,14,44,79,1.0,10.0,-2.46,-7.46,-3.82,35.68
56,261200,덴티스,5,60,14,44,79,1.0,10.0,-2.46,-0.23,5.74,39.05
56,228850,레이언스,5,60,14,44,79,1.0,10.0,-2.46,-11.65,-7.51,31.92
56,054050,농우바이오,5,60,14,44,79,1.0,10.0,-2.46,-9.34,4.63,34.36
56,005990,매일홀딩스,5,60,14,44,79,1.0,10.0,-2.46,6.34,6.14,35.17
56,043650,국순당,5,60,14,44,79,1.0,10.0,-2.46,-4.79,3.13,37.15
56,121440,골프존뉴딘홀딩스,5,60,14,49,64,1.0,10.0,-2.47,-2.78,-3.82,35.68
56,054050,농우바이오,5,60,14,49,64,1.0,10.0,-2.47,-10.88,4.63,34.36
56,228850,레이언스,5,60,14,49,64,1.0,10.0,-2.47,-11.65,-7.51,31.92
56,072870,메가스터디,5,60,14,49,64,1.0,10.0,-2.47,-2.88,-2.31,36.61
56,261200,덴티스,5,60,14,49,64,1.0,10.0,-2.47,7.34,5.74,39.05
56,104540,코렌텍,5,60,14,49,64,1.0,10.0,-2.47,-9.41,-0.01,39.11
56,214180,헥토이노베이션,5,60,14,49,64,1.0,10.0,-2.47,7.01,1.07,36.97
56,006730,서부T&D,5,60,14,49,64,1.0,10.0,-2.47,6.19,5.3,36.12
56,253450,스튜디오드래곤,5,60,14,49,64,1.0,10.0,-2.47,-10.59,-1.52,38.55
56,035760,CJ ENM,5,60,14,49,64,1.0,10.0,-2.47,-5.72,2.11,35.83
56,043650,국순당,5,60,14,49,64,1.0,10.0,-2.47,-1.83,3.13,37.15
56,005990,매일홀딩스,5,60,14,49,64,1.0,10.0,-2.47,2.99,6.14,35.17
56,126640,화신정공,5,60,14,49,64,1.0,10.0,-2.47,0.28,3.9,37.21
56,413600,키움제6호스팩,5,60,14,49,64,1.0,10.0,-2.47,1.09,6.4,35.54
56,024830,세원물산,5,60,14,49,64,1.0,10.0,-2.47,-2.47,2.82,35.93
56,008470,부스타,5,60,14,49,64,1.0,10.0,-2.47,4.56,6.26,37.9
56,333050,모코엠시스,5,60,14,49,64,1.0,10.0,-2.47,-18.37,-3.68,36.53
56,001810,무림SP,5,60,14,49,64,1.0,10.0,-2.47,4.4,5.86,38.74
56,021320,KCC건설,5,60,14,49,64,1.0,10.0,-2.47,-9.72,-4.55,36.6
56,299170,더블유에스아이,5,60,14,49,64,1.0,10.0,-2.47,-3.35,3.75,39.36
56,051390,YW,5,60,14,49,64,1.0,10.0,-2.47,-3.04,3.52,38.69
56,307280,원바이오젠,5,60,14,49,64,1.0,10.0,-2.47,-13.91,2.25,39.28
56,088910,동우팜투테이블,5,60,14,49,64,1.0,10.0,-2.47,5.5,2.32,34.37
56,067920,이글루,5,60,14,49,64,1.0,10.0,-2.47,6.23,2.38,33.87
56,115310,인포바인,5,60,14,49,64,1.0,10.0,-2.47,4.8,3.73,36.57
56,060850,영림원소프트랩,5,60,14,49,64,1.0,10.0,-2.47,-8.09,-4.87,37.87
56,104540,코렌텍,5,60,14,49,69,1.0,10.0,-2.56,-5.41,-0.01,39.11
56,043650,국순당,5,60,14,49,69,1.0,10.0,-2.56,-1.83,3.13,37.15
56,005990,매일홀딩스,5,60,14,49,69,1.0,10.0,-2.56,0.65,6.14,35.17
56,054050,농우바이오,5,60,14,49,69,1.0,10.0,-2.56,-10.88,4.63,34.36
56,228850,레이언스,5,60,14,49,69,1.0,10.0,-2.56,-11.65,-7.51,31.92
56,253450,스튜디오드래곤,5,60,14,49,69,1.0,10.0,-2.56,-10.59,-1.52,38.55
56,072870,메가스터디,5,60,14,49,69,1.0,10.0,-2.56,-2.88,-2.31,36.61
56,261200,덴티스,5,60,14,49,69,1.0,10.0,-2.56,7.34,5.74,39.05
56,121440,골프존뉴딘홀딩스,5,60,14,49,69,1.0,10.0,-2.56,-6.07,-3.82,35.68
56,214180,헥토이노베이션,5,60,14,49,69,1.0,10.0,-2.56,1.52,1.07,36.97
56,006730,서부T&D,5,60,14,49,69,1.0,10.0,-2.56,2.77,5.3,36.12
56,060850,영림원소프트랩,5,60,14,49,69,1.0,10.0,-2.56,-8.09,-4.87,37.87
56,021320,KCC건설,5,60,14,49,69,1.0,10.0,-2.56,-10.95,-4.55,36.6
56,126640,화신정공,5,60,14,49,69,1.0,10.0,-2.56,1.87,3.9,37.21
56,115310,인포바인,5,60,14,49,69,1.0,10.0,-2.56,2.74,3.73,36.57
56,067920,이글루,5,60,14,49,69,1.0,10.0,-2.56,4.13,2.38,33.87
56,088910,동우팜투테이블,5,60,14,49,69,1.0,10.0,-2.56,0.33,2.32,34.37
56,307280,원바이오젠,5,60,14,49,69,1.0,10.0,-2.56,2.46,2.25,39.28
56,024830,세원물산,5,60,14,49,69,1.0,10.0,-2.56,-2.47,2.82,35.93
56,299170,더블유에스아이,5,60,14,49,69,1.0,10.0,-2.56,-3.35,3.75,39.36
56,051390,YW,5,60,14,49,69,1.0,10.0,-2.56,-2.15,3.52,38.69
56,001810,무림SP,5,60,14,49,69,1.0,10.0,-2.56,4.9,5.86,38.74
56,333050,모코엠시스,5,60,14,49,69,1.0,10.0,-2.56,-18.37,-3.68,36.53
56,008470,부스타,5,60,14,49,69,1.0,10.0,-2.56,2.0,6.26,37.9
56,413600,키움제6호스팩,5,60,14,49,69,1.0,10.0,-2.56,1.09,6.4,35.54
56,035760,CJ ENM,5,60,14,49,69,1.0,10.0,-2.56,-3.81,2.11,35.83
56,253450,스튜디오드래곤,5,60,14,49,74,1.0,10.0,-2.58,-10.59,-1.52,38.55
56,035760,CJ ENM,5,60,14,49,74,1.0,10.0,-2.58,-7.29,2.11,35.83
56,413600,키움제6호스팩,5,60,14,49,74,1.0,10.0,-2.58,1.09,6.4,35.54
56,333050,모코엠시스,5,60,14,49,74,1.0,10.0,-2.58,-18.37,-3.68,36.53
56,001810,무림SP,5,60,14,49,74,1.0,10.0,-2.58,4.5,5.86,38.74
56,051390,YW,5,60,14,49,74,1.0,10.0,-2.58,-3.84,3.52,38.69
56,126640,화신정공,5,60,14,49,74,1.0,10.0,-2.58,-0.18,3.9,37.21
56,299170,더블유에스아이,5,60,14,49,74,1.0,10.0,-2.58,13.35,3.75,39.36
56,024830,세원물산,5,60,14,49,74,1.0,10.0,-2.58,-2.47,2.82,35.93
56,307280,원바이오젠,5,60,14,49,74,1.0,10.0,-2.58,2.46,2.25,39.28
56,088910,동우팜투테이블,5,60,14,49,74,1.0,10.0,-2.58,-3.15,2.32,34.37
56,067920,이글루,5,60,14,49,74,1.0,10.0,-2.58,1.59,2.38,33.87
56,060850,영림원소프트랩,5,60,14,49,74,1.0,10.0,-2.58,-8.09,-4.87,37.87
56,021320,KCC건설,5,60,14,49,74,1.0,10.0,-2.58,-10.95,-4.55,36.6
56,104540,코렌텍,5,60,14,49,74,1.0,10.0,-2.58,-5.41,-0.01,39.11
56,043650,국순당,5,60,14,49,74,1.0,10.0,-2.58,-0.46,3.13,37.15
56,005990,매일홀딩스,5,60,14,49,74,1.0,10.0,-2.58,1.27,6.14,35.17
56,054050,농우바이오,5,60,14,49,74,1.0,10.0,-2.58,-10.88,4.63,34.36
56,228850,레이언스,5,60,14,49,74,1.0,10.0,-2.58,-11.65,-7.51,31.92
56,072870,메가스터디,5,60,14,49,74,1.0,10.0,-2.58,-2.88,-2.31,36.61
56,261200,덴티스,5,60,14,49,74,1.0,10.0,-2.58,7.34,5.74,39.05
56,121440,골프존뉴딘홀딩스,5,60,14,49,74,1.0,10.0,-2.58,-7.46,-3.82,35.68
56,214180,헥토이노베이션,5,60,14,49,74,1.0,10.0,-2.58,-2.12,1.07,36.97
56,006730,서부T&D,5,60,14,49,74,1.0,10.0,-2.58,1.29,5.3,36.12
56,008470,부스타,5,60,14,49,74,1.0,10.0,-2.58,2.0,6.26,37.9
56,115310,인포바인,5,60,14,49,74,1.0,10.0,-2.58,3.66,3.73,36.57
56,006730,서부T&D,5,120,14,49,74,1.0,10.0,-2.63,0.59,5.3,36.12
56,115310,인포바인,5,120,14,49,74,1.0,10.0,-2.63,3.22,3.73,36.57
56,035760,CJ ENM,5,120,14,49,74,1.0,10.0,-2.63,-8.33,2.11,35.83
56,253450,스튜디오드래곤,5,120,14,49,74,1.0,10.0,-2.63,-12.03,-1.52,38.55
56,008470,부스타,5,120,14,49,74,1.0,10.0,-2.63,1.49,6.26,37.9
56,333050,모코엠시스,5,120,14,49,74,1.0,10.0,-2.63,-19.63,-3.68,36.53
56,001810,무림SP,5,120,14,49,74,1.0,10.0,-2.63,4.63,5.86,38.74
56,051390,YW,5,120,14,49,74,1.0,10.0,-2.63,-3.9,3.52,38.69
56,126640,화신정공,5,120,14,49,74,1.0,10.0,-2.63,-1.48,3.9,37.21
56,299170,더블유에스아이,5,120,14,49,74,1.0,10.0,-2.63,16.32,3.75,39.36
56,024830,세원물산,5,120,14,49,74,1.0,10.0,-2.63,-1.58,2.82,35.93
56,307280,원바이오젠,5,120,14,49,74,1.0,10.0,-2.63,4.27,2.25,39.28
56,088910,동우팜투테이블,5,120,14,49,74,1.0,10.0,-2.63,-3.5,2.32,34.37
56,067920,이글루,5,120,14,49,74,1.0,10.0,-2.63,1.72,2.38,33.87
56,413600,키움제6호스팩,5,120,14,49,74,1.0,10.0,-2.63,9.3,6.4,35.54
56,214180,헥토이노베이션,5,120,14,49,74,1.0,10.0,-2.63,-2.2,1.07,36.97
56,021320,KCC건설,5,120,14,49,74,1.0,10.0,-2.63,-10.06,-4.55,36.6
56,104540,코렌텍,5,120,14,49,74,1.0,10.0,-2.63,-6.7,-0.01,39.11
56,043650,국순당,5,120,14,49,74,1.0,10.0,-2.63,0.95,3.13,37.15
56,005990,매일홀딩스,5,120,14,49,74,1.0,10.0,-2.63,0.99,6.14,35.17
56,054050,농우바이오,5,120,14,49,74,1.0,10.0,-2.63,-10.94,4.63,34.36
56,228850,레이언스,5,120,14,49,74,1.0,10.0,-2.63,-11.65,-7.51,31.92
56,072870,메가스터디,5,120,14,49,74,1.0,10.0,-2.63,-1.61,-2.31,36.61
56,261200,덴티스,5,120,14,49,74,1.0,10.0,-2.63,-1.35,5.74,39.05
56,121440,골프존뉴딘홀딩스,5,120,14,49,74,1.0,10.0,-2.63,-7.56,-3.82,35.68
56,060850,영림원소프트랩,5,120,14,49,74,1.0,10.0,-2.63,-9.33,-4.87,37.87
56,228850,레이언스,5,120,14,49,69,1.0,10.0,-2.79,-11.65,-7.51,31.92
56,104540,코렌텍,5,120,14,49,69,1.0,10.0,-2.79,-6.7,-0.01,39.11
56,043650,국순당,5,120,14,49,69,1.0,10.0,-2.79,-0.55,3.13,37.15
56,005990,매일홀딩스,5,120,14,49,69,1.0,10.0,-2.79,0.37,6.14,35.17
56,054050,농우바이오,5,120,14,49,69,1.0,10.0,-2.79,-10.94,4.63,34.36
56,253450,스튜디오드래곤,5,120,14,49,69,1.0,10.0,-2.79,-12.03,-1.52,38.55
56,072870,메가스터디,5,120,14,49,69,1.0,10.0,-2.79,-1.61,-2.31,36.61
56,261200,덴티스,5,120,14,49,69,1.0,10.0,-2.79,-1.35,5.74,39.05
56,121440,골프존뉴딘홀딩스,5,120,14,49,69,1.0,10.0,-2.79,-3.52,-3.82,35.68
56,214180,헥토이노베이션,5,120,14,49,69,1.0,10.0,-2.79,0.69,1.07,36.97
56,060850,영림원소프트랩,5,120,14,49,69,1.0,10.0,-2.79,-9.33,-4.87,37.87
56,021320,KCC건설,5,120,14,49,69,1.0,10.0,-2.79,-10.06,-4.55,36.6
56,299170,더블유에스아이,5,120,14,49,69,1.0,10.0,-2.79,-3.1,3.75,39.36
56,115310,인포바인,5,120,14,49,69,1.0,10.0,-2.79,2.74,3.73,36.57
56,067920,이글루,5,120,14,49,69,1.0,10.0,-2.79,3.87,2.38,33.87
56,088910,동우팜투테이블,5,120,14,49,69,1.0,10.0,-2.79,-1.94,2.32,34.37
56,307280,원바이오젠,5,120,14,49,69,1.0,10.0,-2.79,4.27,2.25,39.28
56,024830,세원물산,5,120,14,49,69,1.0,10.0,-2.79,-1.58,2.82,35.93
56,126640,화신정공,5,120,14,49,69,1.0,10.0,-2.79,0.75,3.9,37.21
56,051390,YW,5,120,14,49,69,1.0,10.0,-2.79,-0.98,3.52,38.69
56,001810,무림SP,5,120,14,49,69,1.0,10.0,-2.79,0.98,5.86,38.74
56,333050,모코엠시스,5,120,14,49,69,1.0,10.0,-2.79,-19.63,-3.68,36.53
56,008470,부스타,5,120,14,49,69,1.0,10.0,-2.79,1.49,6.26,37.9
56,413600,키움제6호스팩,5,120,14,49,69,1.0,10.0,-2.79,9.3,6.4,35.54
56,006730,서부T&D,5,120,14,49,69,1.0,10.0,-2.79,3.02,5.3,36.12
56,035760,CJ ENM,5,120,14,49,69,1.0,10.0,-2.79,-4.94,2.11,35.83
56,413600,키움제6호스팩,5,120,14,49,79,1.0,10.0,-2.86,9.3,6.4,35.54
56,060850,영림원소프트랩,5,120,14,49,79,1.0,10.0,-2.86,-9.33,-4.87,37.87
56,333050,모코엠시스,5,120,14,49,79,1.0,10.0,-2.86,-19.63,-3.68,36.53
56,001810,무림SP,5,120,14,49,79,1.0,10.0,-2.86,4.63,5.86,38.74
56,051390,YW,5,120,14,49,79,1.0,10.0,-2.86,-3.9,3.52,38.69
56,126640,화신정공,5,120,14,49,79,1.0,10.0,-2.86,-1.48,3.9,37.21
56,299170,더블유에스아이,5,120,14,49,79,1.0,10.0,-2.86,16.32,3.75,39.36
56,024830,세원물산,5,120,14,49,79,1.0,10.0,-2.86,-0.26,2.82,35.93
56,307280,원바이오젠,5,120,14,49,79,1.0,10.0,-2.86,4.27,2.25,39.28
56,088910,동우팜투테이블,5,120,14,49,79,1.0,10.0,-2.86,-3.5,2.32,34.37
56,067920,이글루,5,120,14,49,79,1.0,10.0,-2.86,3.5,2.38,33.87
56,115310,인포바인,5,120,14,49,79,1.0,10.0,-2.86,3.22,3.73,36.57
56,021320,KCC건설,5,120,14,49,79,1.0,10.0,-2.86,-10.06,-4.55,36.6
56,035760,CJ ENM,5,120,14,49,79,1.0,10.0,-2.86,-8.33,2.11,35.83
56,104540,코렌텍,5,120,14,49,79,1.0,10.0,-2.86,-9.29,-0.01,39.11
56,043650,국순당,5,120,14,49,79,1.0,10.0,-2.86,-3.59,3.13,37.15
56,005990,매일홀딩스,5,120,14,49,79,1.0,10.0,-2.86,5.21,6.14,35.17
56,054050,농우바이오,5,120,14,49,79,1.0,10.0,-2.86,-10.94,4.63,34.36
56,228850,레이언스,5,120,14,49,79,1.0,10.0,-2.86,-11.65,-7.51,31.92
56,072870,메가스터디,5,120,14,49,79,1.0,10.0,-2.86,-0.44,-2.31,36.61
56,261200,덴티스,5,120,14,49,79,1.0,10.0,-2.86,-5.71,5.74,39.05
56,121440,골프존뉴딘홀딩스,5,120,14,49,79,1.0,10.0,-2.86,-7.56,-3.82,35.68
56,214180,헥토이노베이션,5,120,14,49,79,1.0,10.0,-2.86,-2.2,1.07,36.97
56,006730,서부T&D,5,120,14,49,79,1.0,10.0,-2.86,0.21,5.3,36.12
56,008470,부스타,5,120,14,49,79,1.0,10.0,-2.86,-1.07,6.26,37.9
56,253450,스튜디오드래곤,5,120,14,49,79,1.0,10.0,-2.86,-12.03,-1.52,38.55
56,253450,스튜디오드래곤,5,120,14,49,64,1.0,10.0,-3.14,-12.03,-1.52,38.55
56,006730,서부T&D,5,120,14,49,64,1.0,10.0,-3.14,4.92,5.3,36.12
56,008470,부스타,5,120,14,49,64,1.0,10.0,-3.14,3.58,6.26,37.9
56,333050,모코엠시스,5,120,14,49,64,1.0,10.0,-3.14,-19.63,-3.68,36.53
56,001810,무림SP,5,120,14,49,64,1.0,10.0,-3.14,0.23,5.86,38.74
56,051390,YW,5,120,14,49,64,1.0,10.0,-3.14,-1.93,3.52,38.69
56,126640,화신정공,5,120,14,49,64,1.0,10.0,-3.14,-0.9,3.9,37.21
56,299170,더블유에스아이,5,120,14,49,64,1.0,10.0,-3.14,-3.1,3.75,39.36
56,024830,세원물산,5,120,14,49,64,1.0,10.0,-3.14,-1.58,2.82,35.93
56,307280,원바이오젠,5,120,14,49,64,1.0,10.0,-3.14,-14.29,2.25,39.28
56,088910,동우팜투테이블,5,120,14,49,64,1.0,10.0,-3.14,0.46,2.32,34.37
56,067920,이글루,5,120,14,49,64,1.0,10.0,-3.14,5.38,2.38,33.87
56,115310,인포바인,5,120,14,49,64,1.0,10.0,-3.14,0.7,3.73,36.57
56,413600,키움제6호스팩,5,120,14,49,64,1.0,10.0,-3.14,9.3,6.4,35.54
56,060850,영림원소프트랩,5,120,14,49,64,1.0,10.0,-3.14,-9.33,-4.87,37.87
56,021320,KCC건설,5,120,14,49,64,1.0,10.0,-3.14,-10.52,-4.55,36.6
56,104540,코렌텍,5,120,14,49,64,1.0,10.0,-3.14,-10.8,-0.01,39.11
56,043650,국순당,5,120,14,49,64,1.0,10.0,-3.14,-0.55,3.13,37.15
56,005990,매일홀딩스,5,120,14,49,64,1.0,10.0,-3.14,3.51,6.14,35.17
56,054050,농우바이오,5,120,14,49,64,1.0,10.0,-3.14,-10.94,4.63,34.36
56,228850,레이언스,5,120,14,49,64,1.0,10.0,-3.14,-11.65,-7.51,31.92
56,072870,메가스터디,5,120,14,49,64,1.0,10.0,-3.14,-1.61,-2.31,36.61
56,261200,덴티스,5,120,14,49,64,1.0,10.0,-3.14,-1.35,5.74,39.05
56,121440,골프존뉴딘홀딩스,5,120,14,49,64,1.0,10.0,-3.14,-1.85,-3.82,35.68
56,214180,헥토이노베이션,5,120,14,49,64,1.0,10.0,-3.14,9.37,1.07,36.97
56,035760,CJ ENM,5,120,14,49,64,1.0,10.0,-3.14,-6.99,2.11,35.83
56,413600,키움제6호스팩,5,60,14,49,79,1.0,10.0,-3.19,1.09,6.4,35.54
56,008470,부스타,5,60,14,49,79,1.0,10.0,-3.19,-0.71,6.26,37.9
56,043650,국순당,5,60,14,49,79,1.0,10.0,-3.19,-4.79,3.13,37.15
56,035760,CJ ENM,5,60,14,49,79,1.0,10.0,-3.19,-7.29,2.11,35.83
56,253450,스튜디오드래곤,5,60,14,49,79,1.0,10.0,-3.19,-10.59,-1.52,38.55
56,006730,서부T&D,5,60,14,49,79,1.0,10.0,-3.19,-0.1,5.3,36.12
56,214180,헥토이노베이션,5,60,14,49,79,1.0,10.0,-3.19,-2.12,1.07,36.97
56,121440,골프존뉴딘홀딩스,5,60,14,49,79,1.0,10.0,-3.19,-7.46,-3.82,35.68
56,261200,덴티스,5,60,14,49,79,1.0,10.0,-3.19,-4.32,5.74,39.05
56,072870,메가스터디,5,60,14,49,79,1.0,10.0,-3.19,-1.78,-2.31,36.61
56,228850,레이언스,5,60,14,49,79,1.0,10.0,-3.19,-11.65,-7.51,31.92
56,054050,농우바이오,5,60,14,49,79,1.0,10.0,-3.19,-10.88,4.63,34.36
56,005990,매일홀딩스,5,60,14,49,79,1.0,10.0,-3.19,5.48,6.14,35.17
56,104540,코렌텍,5,60,14,49,79,1.0,10.0,-3.19,-9.39,-0.01,39.11
56,333050,모코엠시스,5,60,14,49,79,1.0,10.0,-3.19,-18.37,-3.68,36.53
56,060850,영림원소프트랩,5,60,14,49,79,1.0,10.0,-3.19,-8.09,-4.87,37.87
56,115310,인포바인,5,60,14,49,79,1.0,10.0,-3.19,3.66,3.73,36.57
56,067920,이글루,5,60,14,49,79,1.0,10.0,-3.19,3.34,2.38,33.87
56,088910,동우팜투테이블,5,60,14,49,79,1.0,10.0,-3.19,-3.15,2.32,34.37
56,307280,원바이오젠,5,60,14,49,79,1.0,10.0,-3.19,2.46,2.25,39.28
56,024830,세원물산,5,60,14,49,79,1.0,10.0,-3.19,-1.26,2.82,35.93
56,299170,더블유에스아이,5,60,14,49,79,1.0,10.0,-3.19,13.35,3.75,39.36
56,126640,화신정공,5,60,14,49,79,1.0,10.0,-3.19,-0.18,3.9,37.21
56,051390,YW,5,60,14,49,79,1.0,10.0,-3.19,-3.84,3.52,38.69
56,001810,무림SP,5,60,14,49,79,1.0,10.0,-3.19,4.5,5.86,38.74
56,021320,KCC건설,5,60,14,49,79,1.0,10.0,-3.19,-10.95,-4.55,36.6
