Cluster,Symbol,Name,MA_Short_Window,MA_Long_Window,RSI_Window,RSI_Buy_Threshold,RSI_Sell_Threshold,Stop_Loss_Percent,Take_Profit_Percent,Average_Return,Symbol_sim_return,Return,Std Dev
41,235980,메드팩토,5,60,14,39,59,1.0,10.0,35974.82,-42.78,11.82,72.18
41,043220,티에스넥스젠,5,60,14,39,59,1.0,10.0,35974.82,11.5,15.34,77.15
41,315640,딥노이드,5,60,14,39,59,1.0,10.0,35974.82,435.17,11.0,76.6
41,321820,아티스트유나이티드,5,60,14,39,59,1.0,10.0,35974.82,310.52,8.96,73.93
41,226330,신테카바이오,5,60,14,39,59,1.0,10.0,35974.82,0.0,12.91,78.87
41,066410,버킷스튜디오,5,60,14,39,59,1.0,10.0,35974.82,26.37,16.56,74.05
41,307930,컴퍼니케이,5,60,14,39,59,1.0,10.0,35974.82,79.35,14.22,73.07
41,204840,지엘팜텍,5,60,14,39,59,1.0,10.0,35974.82,17.04,17.67,72.64
41,185490,아이진,5,60,14,39,59,1.0,10.0,35974.82,57.02,17.44,75.98
41,237820,플레이디,5,60,14,39,59,1.0,10.0,35974.82,-11.75,14.36,70.13
41,900100,애머릿지,5,60,14,39,59,1.0,10.0,35974.82,-9.0,10.16,76.99
41,096040,이트론,5,60,14,39,59,1.0,10.0,35974.82,33.29,12.41,74.08
41,220180,핸디소프트,5,60,14,39,59,1.0,10.0,35974.82,191.59,17.8,78.3
41,128540,에코캡,5,60,14,39,59,1.0,10.0,35974.82,97.81,14.79,71.07
41,042040,케이피엠테크,5,60,14,39,59,1.0,10.0,35974.82,43.99,17.24,76.57
41,032980,바이온,5,60,14,39,59,1.0,10.0,35974.82,-3.99,12.63,74.87
41,018700,바른손,5,60,14,39,59,1.0,10.0,35974.82,33.03,14.61,76.58
41,229000,젠큐릭스,5,60,14,39,59,1.0,10.0,35974.82,-5.58,8.93,76.64
41,060240,스타코링크,5,60,14,39,59,1.0,10.0,35974.82,16.17,13.42,75.89
41,043090,더테크놀로지,5,60,14,39,59,1.0,10.0,35974.82,4.33,17.69,75.37
41,024810,이화전기,5,60,14,39,59,1.0,10.0,35974.82,8.98,13.82,71.14
41,317830,에스피시스템스,5,60,14,39,59,1.0,10.0,35974.82,790152.87,17.13,74.6
41,060240,스타코링크,5,60,14,39,54,1.0,10.0,35973.93,-13.29,13.42,75.89
41,185490,아이진,5,60,14,39,54,1.0,10.0,35973.93,33.45,17.44,75.98
41,235980,메드팩토,5,60,14,39,54,1.0,10.0,35973.93,-42.78,11.82,72.18
41,043090,더테크놀로지,5,60,14,39,54,1.0,10.0,35973.93,-2.04,17.69,75.37
41,024810,이화전기,5,60,14,39,54,1.0,10.0,35973.93,30.97,13.82,71.14
41,315640,딥노이드,5,60,14,39,54,1.0,10.0,35973.93,435.17,11.0,76.6
41,321820,아티스트유나이티드,5,60,14,39,54,1.0,10.0,35973.93,310.52,8.96,73.93
41,226330,신테카바이오,5,60,14,39,54,1.0,10.0,35973.93,0.0,12.91,78.87
41,066410,버킷스튜디오,5,60,14,39,54,1.0,10.0,35973.93,26.37,16.56,74.05
41,307930,컴퍼니케이,5,60,14,39,54,1.0,10.0,35973.93,116.34,14.22,73.07
41,204840,지엘팜텍,5,60,14,39,54,1.0,10.0,35973.93,10.07,17.67,72.64
41,317830,에스피시스템스,5,60,14,39,54,1.0,10.0,35973.93,790152.87,17.13,74.6
41,096040,이트론,5,60,14,39,54,1.0,10.0,35973.93,29.45,12.41,74.08
41,237820,플레이디,5,60,14,39,54,1.0,10.0,35973.93,-1.26,14.36,70.13
41,128540,에코캡,5,60,14,39,54,1.0,10.0,35973.93,97.81,14.79,71.07
41,018700,바른손,5,60,14,39,54,1.0,10.0,35973.93,31.25,14.61,76.58
41,032980,바이온,5,60,14,39,54,1.0,10.0,35973.93,5.41,12.63,74.87
41,042040,케이피엠테크,5,60,14,39,54,1.0,10.0,35973.93,10.3,17.24,76.57
41,229000,젠큐릭스,5,60,14,39,54,1.0,10.0,35973.93,-5.58,8.93,76.64
41,220180,핸디소프트,5,60,14,39,54,1.0,10.0,35973.93,191.59,17.8,78.3
41,900100,애머릿지,5,60,14,39,54,1.0,10.0,35973.93,-13.38,10.16,76.99
41,043220,티에스넥스젠,5,60,14,39,54,1.0,10.0,35973.93,23.14,15.34,77.15
41,185490,아이진,5,60,14,39,64,1.0,10.0,35967.27,84.81,17.44,75.98
41,229000,젠큐릭스,5,60,14,39,64,1.0,10.0,35967.27,-5.58,8.93,76.64
41,018700,바른손,5,60,14,39,64,1.0,10.0,35967.27,39.21,14.61,76.58
41,032980,바이온,5,60,14,39,64,1.0,10.0,35967.27,-3.99,12.63,74.87
41,042040,케이피엠테크,5,60,14,39,64,1.0,10.0,35967.27,43.99,17.24,76.57
41,128540,에코캡,5,60,14,39,64,1.0,10.0,35967.27,102.02,14.79,71.07
41,220180,핸디소프트,5,60,14,39,64,1.0,10.0,35967.27,-3.17,17.8,78.3
41,900100,애머릿지,5,60,14,39,64,1.0,10.0,35967.27,-9.0,10.16,76.99
41,043220,티에스넥스젠,5,60,14,39,64,1.0,10.0,35967.27,1.11,15.34,77.15
41,237820,플레이디,5,60,14,39,64,1.0,10.0,35967.27,-11.75,14.36,70.13
41,066410,버킷스튜디오,5,60,14,39,64,1.0,10.0,35967.27,26.37,16.56,74.05
41,317830,에스피시스템스,5,60,14,39,64,1.0,10.0,35967.27,790152.87,17.13,74.6
41,204840,지엘팜텍,5,60,14,39,64,1.0,10.0,35967.27,17.04,17.67,72.64
41,307930,컴퍼니케이,5,60,14,39,64,1.0,10.0,35967.27,-2.95,14.22,73.07
41,043090,더테크놀로지,5,60,14,39,64,1.0,10.0,35967.27,4.46,17.69,75.37
41,226330,신테카바이오,5,60,14,39,64,1.0,10.0,35967.27,0.0,12.91,78.87
41,321820,아티스트유나이티드,5,60,14,39,64,1.0,10.0,35967.27,310.52,8.96,73.93
41,315640,딥노이드,5,60,14,39,64,1.0,10.0,35967.27,556.55,11.0,76.6
41,096040,이트론,5,60,14,39,64,1.0,10.0,35967.27,18.91,12.41,74.08
41,235980,메드팩토,5,60,14,39,64,1.0,10.0,35967.27,-42.78,11.82,72.18
41,060240,스타코링크,5,60,14,39,64,1.0,10.0,35967.27,1.28,13.42,75.89
41,024810,이화전기,5,60,14,39,64,1.0,10.0,35967.27,0.02,13.82,71.14
41,024810,이화전기,5,60,14,44,54,1.0,10.0,35961.01,3.08,13.82,71.14
41,237820,플레이디,5,60,14,44,54,1.0,10.0,35961.01,8.41,14.36,70.13
41,235980,메드팩토,5,60,14,44,54,1.0,10.0,35961.01,-52.73,11.82,72.18
41,096040,이트론,5,60,14,44,54,1.0,10.0,35961.01,36.22,12.41,74.08
41,315640,딥노이드,5,60,14,44,54,1.0,10.0,35961.01,435.17,11.0,76.6
41,321820,아티스트유나이티드,5,60,14,44,54,1.0,10.0,35961.01,310.52,8.96,73.93
41,226330,신테카바이오,5,60,14,44,54,1.0,10.0,35961.01,-1.28,12.91,78.87
41,066410,버킷스튜디오,5,60,14,44,54,1.0,10.0,35961.01,11.23,16.56,74.05
41,307930,컴퍼니케이,5,60,14,44,54,1.0,10.0,35961.01,202.95,14.22,73.07
41,317830,에스피시스템스,5,60,14,44,54,1.0,10.0,35961.01,790152.87,17.13,74.6
41,185490,아이진,5,60,14,44,54,1.0,10.0,35961.01,-8.36,17.44,75.98
41,204840,지엘팜텍,5,60,14,44,54,1.0,10.0,35961.01,10.07,17.67,72.64
41,043220,티에스넥스젠,5,60,14,44,54,1.0,10.0,35961.01,12.59,15.34,77.15
41,220180,핸디소프트,5,60,14,44,54,1.0,10.0,35961.01,68.52,17.8,78.3
41,128540,에코캡,5,60,14,44,54,1.0,10.0,35961.01,19.34,14.79,71.07
41,042040,케이피엠테크,5,60,14,44,54,1.0,10.0,35961.01,-13.89,17.24,76.57
41,032980,바이온,5,60,14,44,54,1.0,10.0,35961.01,-13.21,12.63,74.87
41,018700,바른손,5,60,14,44,54,1.0,10.0,35961.01,3.47,14.61,76.58
41,229000,젠큐릭스,5,60,14,44,54,1.0,10.0,35961.01,-13.74,8.93,76.64
41,900100,애머릿지,5,60,14,44,54,1.0,10.0,35961.01,-8.48,10.16,76.99
41,060240,스타코링크,5,60,14,44,54,1.0,10.0,35961.01,-11.34,13.42,75.89
41,043090,더테크놀로지,5,60,14,44,54,1.0,10.0,35961.01,-9.13,17.69,75.37
41,321820,아티스트유나이티드,5,60,14,44,59,1.0,10.0,35955.08,310.52,8.96,73.93
41,307930,컴퍼니케이,5,60,14,44,59,1.0,10.0,35955.08,79.35,14.22,73.07
41,066410,버킷스튜디오,5,60,14,44,59,1.0,10.0,35955.08,8.54,16.56,74.05
41,226330,신테카바이오,5,60,14,44,59,1.0,10.0,35955.08,10.97,12.91,78.87
41,060240,스타코링크,5,60,14,44,59,1.0,10.0,35955.08,14.41,13.42,75.89
41,315640,딥노이드,5,60,14,44,59,1.0,10.0,35955.08,435.17,11.0,76.6
41,024810,이화전기,5,60,14,44,59,1.0,10.0,35955.08,-2.26,13.82,71.14
41,317830,에스피시스템스,5,60,14,44,59,1.0,10.0,35955.08,790152.87,17.13,74.6
41,204840,지엘팜텍,5,60,14,44,59,1.0,10.0,35955.08,17.04,17.67,72.64
41,096040,이트론,5,60,14,44,59,1.0,10.0,35955.08,23.27,12.41,74.08
41,185490,아이진,5,60,14,44,59,1.0,10.0,35955.08,3.95,17.44,75.98
41,237820,플레이디,5,60,14,44,59,1.0,10.0,35955.08,-11.75,14.36,70.13
41,043220,티에스넥스젠,5,60,14,44,59,1.0,10.0,35955.08,3.79,15.34,77.15
41,900100,애머릿지,5,60,14,44,59,1.0,10.0,35955.08,-4.76,10.16,76.99
41,220180,핸디소프트,5,60,14,44,59,1.0,10.0,35955.08,31.91,17.8,78.3
41,128540,에코캡,5,60,14,44,59,1.0,10.0,35955.08,19.34,14.79,71.07
41,042040,케이피엠테크,5,60,14,44,59,1.0,10.0,35955.08,-4.7,17.24,76.57
41,032980,바이온,5,60,14,44,59,1.0,10.0,35955.08,-12.44,12.63,74.87
41,043090,더테크놀로지,5,60,14,44,59,1.0,10.0,35955.08,-0.53,17.69,75.37
41,235980,메드팩토,5,60,14,44,59,1.0,10.0,35955.08,-52.73,11.82,72.18
41,018700,바른손,5,60,14,44,59,1.0,10.0,35955.08,9.21,14.61,76.58
41,229000,젠큐릭스,5,60,14,44,59,1.0,10.0,35955.08,-19.48,8.93,76.64
41,060240,스타코링크,5,60,14,44,64,1.0,10.0,35952.45,-3.52,13.42,75.89
41,235980,메드팩토,5,60,14,44,64,1.0,10.0,35952.45,-52.73,11.82,72.18
41,032980,바이온,5,60,14,44,64,1.0,10.0,35952.45,-12.44,12.63,74.87
41,042040,케이피엠테크,5,60,14,44,64,1.0,10.0,35952.45,-4.7,17.24,76.57
41,128540,에코캡,5,60,14,44,64,1.0,10.0,35952.45,24.24,14.79,71.07
41,220180,핸디소프트,5,60,14,44,64,1.0,10.0,35952.45,-7.34,17.8,78.3
41,900100,애머릿지,5,60,14,44,64,1.0,10.0,35952.45,-0.93,10.16,76.99
41,043220,티에스넥스젠,5,60,14,44,64,1.0,10.0,35952.45,-1.6,15.34,77.15
41,237820,플레이디,5,60,14,44,64,1.0,10.0,35952.45,-11.75,14.36,70.13
41,317830,에스피시스템스,5,60,14,44,64,1.0,10.0,35952.45,790152.87,17.13,74.6
41,204840,지엘팜텍,5,60,14,44,64,1.0,10.0,35952.45,17.04,17.67,72.64
41,307930,컴퍼니케이,5,60,14,44,64,1.0,10.0,35952.45,-2.95,14.22,73.07
41,066410,버킷스튜디오,5,60,14,44,64,1.0,10.0,35952.45,-4.29,16.56,74.05
41,226330,신테카바이오,5,60,14,44,64,1.0,10.0,35952.45,-20.18,12.91,78.87
41,321820,아티스트유나이티드,5,60,14,44,64,1.0,10.0,35952.45,310.52,8.96,73.93
41,315640,딥노이드,5,60,14,44,64,1.0,10.0,35952.45,556.55,11.0,76.6
41,024810,이화전기,5,60,14,44,64,1.0,10.0,35952.45,-3.86,13.82,71.14
41,096040,이트론,5,60,14,44,64,1.0,10.0,35952.45,12.77,12.41,74.08
41,185490,아이진,5,60,14,44,64,1.0,10.0,35952.45,15.84,17.44,75.98
41,018700,바른손,5,60,14,44,64,1.0,10.0,35952.45,13.13,14.61,76.58
41,043090,더테크놀로지,5,60,14,44,64,1.0,10.0,35952.45,-0.28,17.69,75.37
41,229000,젠큐릭스,5,60,14,44,64,1.0,10.0,35952.45,-22.43,8.93,76.64
41,024810,이화전기,5,120,14,39,54,1.0,10.0,114.23,19.8,13.82,71.14
41,315640,딥노이드,5,120,14,39,54,1.0,10.0,114.23,484.5,11.0,76.6
41,321820,아티스트유나이티드,5,120,14,39,54,1.0,10.0,114.23,228.51,8.96,73.93
41,226330,신테카바이오,5,120,14,39,54,1.0,10.0,114.23,0.0,12.91,78.87
41,066410,버킷스튜디오,5,120,14,39,54,1.0,10.0,114.23,20.46,16.56,74.05
41,307930,컴퍼니케이,5,120,14,39,54,1.0,10.0,114.23,125.77,14.22,73.07
41,204840,지엘팜텍,5,120,14,39,54,1.0,10.0,114.23,3.75,17.67,72.64
41,317830,에스피시스템스,5,120,14,39,54,1.0,10.0,114.23,143.59,17.13,74.6
41,185490,아이진,5,120,14,39,54,1.0,10.0,114.23,34.28,17.44,75.98
41,237820,플레이디,5,120,14,39,54,1.0,10.0,114.23,0.0,14.36,70.13
41,043220,티에스넥스젠,5,120,14,39,54,1.0,10.0,114.23,45.08,15.34,77.15
41,900100,애머릿지,5,120,14,39,54,1.0,10.0,114.23,-2.31,10.16,76.99
41,220180,핸디소프트,5,120,14,39,54,1.0,10.0,114.23,1248.63,17.8,78.3
41,128540,에코캡,5,120,14,39,54,1.0,10.0,114.23,0.0,14.79,71.07
41,042040,케이피엠테크,5,120,14,39,54,1.0,10.0,114.23,27.37,17.24,76.57
41,032980,바이온,5,120,14,39,54,1.0,10.0,114.23,3.51,12.63,74.87
41,018700,바른손,5,120,14,39,54,1.0,10.0,114.23,166.64,14.61,76.58
41,229000,젠큐릭스,5,120,14,39,54,1.0,10.0,114.23,-13.45,8.93,76.64
41,060240,스타코링크,5,120,14,39,54,1.0,10.0,114.23,-8.09,13.42,75.89
41,043090,더테크놀로지,5,120,14,39,54,1.0,10.0,114.23,-1.36,17.69,75.37
41,096040,이트론,5,120,14,39,54,1.0,10.0,114.23,33.85,12.41,74.08
41,235980,메드팩토,5,120,14,39,54,1.0,10.0,114.23,-47.55,11.82,72.18
41,185490,아이진,5,120,14,39,59,1.0,10.0,113.65,58.29,17.44,75.98
41,043090,더테크놀로지,5,120,14,39,59,1.0,10.0,113.65,5.27,17.69,75.37
41,229000,젠큐릭스,5,120,14,39,59,1.0,10.0,113.65,-13.45,8.93,76.64
41,018700,바른손,5,120,14,39,59,1.0,10.0,113.65,98.5,14.61,76.58
41,032980,바이온,5,120,14,39,59,1.0,10.0,113.65,-4.03,12.63,74.87
41,042040,케이피엠테크,5,120,14,39,59,1.0,10.0,113.65,76.56,17.24,76.57
41,128540,에코캡,5,120,14,39,59,1.0,10.0,113.65,0.0,14.79,71.07
41,220180,핸디소프트,5,120,14,39,59,1.0,10.0,113.65,1248.63,17.8,78.3
41,900100,애머릿지,5,120,14,39,59,1.0,10.0,113.65,8.73,10.16,76.99
41,043220,티에스넥스젠,5,120,14,39,59,1.0,10.0,113.65,22.88,15.34,77.15
41,237820,플레이디,5,120,14,39,59,1.0,10.0,113.65,0.0,14.36,70.13
41,060240,스타코링크,5,120,14,39,59,1.0,10.0,113.65,35.3,13.42,75.89
41,317830,에스피시스템스,5,120,14,39,59,1.0,10.0,113.65,143.59,17.13,74.6
41,315640,딥노이드,5,120,14,39,59,1.0,10.0,113.65,484.5,11.0,76.6
41,204840,지엘팜텍,5,120,14,39,59,1.0,10.0,113.65,10.69,17.67,72.64
41,096040,이트론,5,120,14,39,59,1.0,10.0,113.65,37.3,12.41,74.08
41,024810,이화전기,5,120,14,39,59,1.0,10.0,113.65,3.4,13.82,71.14
41,235980,메드팩토,5,120,14,39,59,1.0,10.0,113.65,-47.55,11.82,72.18
41,321820,아티스트유나이티드,5,120,14,39,59,1.0,10.0,113.65,228.51,8.96,73.93
41,226330,신테카바이오,5,120,14,39,59,1.0,10.0,113.65,0.0,12.91,78.87
41,066410,버킷스튜디오,5,120,14,39,59,1.0,10.0,113.65,20.46,16.56,74.05
41,307930,컴퍼니케이,5,120,14,39,59,1.0,10.0,113.65,82.59,14.22,73.07
41,229000,젠큐릭스,5,60,14,34,54,1.0,10.0,95.93,-32.59,8.93,76.64
41,317830,에스피시스템스,5,60,14,34,54,1.0,10.0,95.93,0.0,17.13,74.6
41,018700,바른손,5,60,14,34,54,1.0,10.0,95.93,351.02,14.61,76.58
41,032980,바이온,5,60,14,34,54,1.0,10.0,95.93,0.81,12.63,74.87
41,042040,케이피엠테크,5,60,14,34,54,1.0,10.0,95.93,32.98,17.24,76.57
41,128540,에코캡,5,60,14,34,54,1.0,10.0,95.93,0.0,14.79,71.07
41,220180,핸디소프트,5,60,14,34,54,1.0,10.0,95.93,0.0,17.8,78.3
41,900100,애머릿지,5,60,14,34,54,1.0,10.0,95.93,8.51,10.16,76.99
41,043220,티에스넥스젠,5,60,14,34,54,1.0,10.0,95.93,485.52,15.34,77.15
41,185490,아이진,5,60,14,34,54,1.0,10.0,95.93,0.0,17.44,75.98
41,321820,아티스트유나이티드,5,60,14,34,54,1.0,10.0,95.93,310.52,8.96,73.93
41,204840,지엘팜텍,5,60,14,34,54,1.0,10.0,95.93,10.07,17.67,72.64
41,307930,컴퍼니케이,5,60,14,34,54,1.0,10.0,95.93,336.08,14.22,73.07
41,066410,버킷스튜디오,5,60,14,34,54,1.0,10.0,95.93,0.0,16.56,74.05
41,226330,신테카바이오,5,60,14,34,54,1.0,10.0,95.93,0.0,12.91,78.87
41,315640,딥노이드,5,60,14,34,54,1.0,10.0,95.93,435.17,11.0,76.6
41,024810,이화전기,5,60,14,34,54,1.0,10.0,95.93,111.69,13.82,71.14
41,096040,이트론,5,60,14,34,54,1.0,10.0,95.93,33.59,12.41,74.08
41,235980,메드팩토,5,60,14,34,54,1.0,10.0,95.93,7.83,11.82,72.18
41,043090,더테크놀로지,5,60,14,34,54,1.0,10.0,95.93,12.7,17.69,75.37
41,060240,스타코링크,5,60,14,34,54,1.0,10.0,95.93,6.58,13.42,75.89
41,237820,플레이디,5,60,14,34,54,1.0,10.0,95.93,0.0,14.36,70.13
41,237820,플레이디,5,120,14,34,54,1.0,10.0,84.3,0.0,14.36,70.13
41,185490,아이진,5,120,14,34,54,1.0,10.0,84.3,0.0,17.44,75.98
41,024810,이화전기,5,120,14,34,54,1.0,10.0,84.3,172.95,13.82,71.14
41,315640,딥노이드,5,120,14,34,54,1.0,10.0,84.3,484.5,11.0,76.6
41,321820,아티스트유나이티드,5,120,14,34,54,1.0,10.0,84.3,228.51,8.96,73.93
41,226330,신테카바이오,5,120,14,34,54,1.0,10.0,84.3,0.0,12.91,78.87
41,066410,버킷스튜디오,5,120,14,34,54,1.0,10.0,84.3,0.0,16.56,74.05
41,307930,컴퍼니케이,5,120,14,34,54,1.0,10.0,84.3,0.0,14.22,73.07
41,204840,지엘팜텍,5,120,14,34,54,1.0,10.0,84.3,0.0,17.67,72.64
41,317830,에스피시스템스,5,120,14,34,54,1.0,10.0,84.3,0.0,17.13,74.6
41,043220,티에스넥스젠,5,120,14,34,54,1.0,10.0,84.3,0.0,15.34,77.15
41,235980,메드팩토,5,120,14,34,54,1.0,10.0,84.3,0.0,11.82,72.18
41,220180,핸디소프트,5,120,14,34,54,1.0,10.0,84.3,0.0,17.8,78.3
41,128540,에코캡,5,120,14,34,54,1.0,10.0,84.3,0.0,14.79,71.07
41,042040,케이피엠테크,5,120,14,34,54,1.0,10.0,84.3,278.32,17.24,76.57
41,032980,바이온,5,120,14,34,54,1.0,10.0,84.3,-7.85,12.63,74.87
41,018700,바른손,5,120,14,34,54,1.0,10.0,84.3,698.17,14.61,76.58
41,229000,젠큐릭스,5,120,14,34,54,1.0,10.0,84.3,-46.2,8.93,76.64
41,060240,스타코링크,5,120,14,34,54,1.0,10.0,84.3,-19.37,13.42,75.89
41,043090,더테크놀로지,5,120,14,34,54,1.0,10.0,84.3,23.85,17.69,75.37
41,096040,이트론,5,120,14,34,54,1.0,10.0,84.3,44.01,12.41,74.08
41,900100,애머릿지,5,120,14,34,54,1.0,10.0,84.3,-2.31,10.16,76.99
41,043090,더테크놀로지,5,120,14,34,64,1.0,10.0,80.46,42.59,17.69,75.37
41,060240,스타코링크,5,120,14,34,64,1.0,10.0,80.46,36.16,13.42,75.89
41,032980,바이온,5,120,14,34,64,1.0,10.0,80.46,-7.85,12.63,74.87
41,042040,케이피엠테크,5,120,14,34,64,1.0,10.0,80.46,142.79,17.24,76.57
41,128540,에코캡,5,120,14,34,64,1.0,10.0,80.46,0.0,14.79,71.07
41,220180,핸디소프트,5,120,14,34,64,1.0,10.0,80.46,0.0,17.8,78.3
41,900100,애머릿지,5,120,14,34,64,1.0,10.0,80.46,8.73,10.16,76.99
41,043220,티에스넥스젠,5,120,14,34,64,1.0,10.0,80.46,0.0,15.34,77.15
41,237820,플레이디,5,120,14,34,64,1.0,10.0,80.46,0.0,14.36,70.13
41,185490,아이진,5,120,14,34,64,1.0,10.0,80.46,0.0,17.44,75.98
41,317830,에스피시스템스,5,120,14,34,64,1.0,10.0,80.46,0.0,17.13,74.6
41,229000,젠큐릭스,5,120,14,34,64,1.0,10.0,80.46,-46.2,8.93,76.64
41,018700,바른손,5,120,14,34,64,1.0,10.0,80.46,698.17,14.61,76.58
41,204840,지엘팜텍,5,120,14,34,64,1.0,10.0,80.46,0.0,17.67,72.64
41,307930,컴퍼니케이,5,120,14,34,64,1.0,10.0,80.46,0.0,14.22,73.07
41,066410,버킷스튜디오,5,120,14,34,64,1.0,10.0,80.46,0.0,16.56,74.05
41,226330,신테카바이오,5,120,14,34,64,1.0,10.0,80.46,0.0,12.91,78.87
41,321820,아티스트유나이티드,5,120,14,34,64,1.0,10.0,80.46,228.51,8.96,73.93
41,315640,딥노이드,5,120,14,34,64,1.0,10.0,80.46,642.12,11.0,76.6
41,024810,이화전기,5,120,14,34,64,1.0,10.0,80.46,9.56,13.82,71.14
41,096040,이트론,5,120,14,34,64,1.0,10.0,80.46,15.65,12.41,74.08
41,235980,메드팩토,5,120,14,34,64,1.0,10.0,80.46,0.0,11.82,72.18
41,018700,바른손,5,120,14,29,64,1.0,10.0,77.91,698.17,14.61,76.58
41,229000,젠큐릭스,5,120,14,29,64,1.0,10.0,77.91,0.0,8.93,76.64
41,032980,바이온,5,120,14,29,64,1.0,10.0,77.91,0.0,12.63,74.87
41,317830,에스피시스템스,5,120,14,29,64,1.0,10.0,77.91,0.0,17.13,74.6
41,042040,케이피엠테크,5,120,14,29,64,1.0,10.0,77.91,0.0,17.24,76.57
41,128540,에코캡,5,120,14,29,64,1.0,10.0,77.91,0.0,14.79,71.07
41,220180,핸디소프트,5,120,14,29,64,1.0,10.0,77.91,0.0,17.8,78.3
41,900100,애머릿지,5,120,14,29,64,1.0,10.0,77.91,8.73,10.16,76.99
41,043220,티에스넥스젠,5,120,14,29,64,1.0,10.0,77.91,0.0,15.34,77.15
41,237820,플레이디,5,120,14,29,64,1.0,10.0,77.91,0.0,14.36,70.13
41,185490,아이진,5,120,14,29,64,1.0,10.0,77.91,0.0,17.44,75.98
41,235980,메드팩토,5,120,14,29,64,1.0,10.0,77.91,0.0,11.82,72.18
41,096040,이트론,5,120,14,29,64,1.0,10.0,77.91,15.65,12.41,74.08
41,204840,지엘팜텍,5,120,14,29,64,1.0,10.0,77.91,0.0,17.67,72.64
41,307930,컴퍼니케이,5,120,14,29,64,1.0,10.0,77.91,0.0,14.22,73.07
41,066410,버킷스튜디오,5,120,14,29,64,1.0,10.0,77.91,0.0,16.56,74.05
41,226330,신테카바이오,5,120,14,29,64,1.0,10.0,77.91,0.0,12.91,78.87
41,321820,아티스트유나이티드,5,120,14,29,64,1.0,10.0,77.91,228.51,8.96,73.93
41,315640,딥노이드,5,120,14,29,64,1.0,10.0,77.91,642.12,11.0,76.6
41,024810,이화전기,5,120,14,29,64,1.0,10.0,77.91,84.75,13.82,71.14
41,060240,스타코링크,5,120,14,29,64,1.0,10.0,77.91,36.16,13.42,75.89
41,043090,더테크놀로지,5,120,14,29,64,1.0,10.0,77.91,0.0,17.69,75.37
41,185490,아이진,5,120,14,34,59,1.0,10.0,77.25,0.0,17.44,75.98
41,235980,메드팩토,5,120,14,34,59,1.0,10.0,77.25,0.0,11.82,72.18
41,229000,젠큐릭스,5,120,14,34,59,1.0,10.0,77.25,-46.2,8.93,76.64
41,018700,바른손,5,120,14,34,59,1.0,10.0,77.25,698.17,14.61,76.58
41,032980,바이온,5,120,14,34,59,1.0,10.0,77.25,-7.85,12.63,74.87
41,042040,케이피엠테크,5,120,14,34,59,1.0,10.0,77.25,142.79,17.24,76.57
41,128540,에코캡,5,120,14,34,59,1.0,10.0,77.25,0.0,14.79,71.07
41,220180,핸디소프트,5,120,14,34,59,1.0,10.0,77.25,0.0,17.8,78.3
41,900100,애머릿지,5,120,14,34,59,1.0,10.0,77.25,8.73,10.16,76.99
41,043220,티에스넥스젠,5,120,14,34,59,1.0,10.0,77.25,0.0,15.34,77.15
41,237820,플레이디,5,120,14,34,59,1.0,10.0,77.25,0.0,14.36,70.13
41,317830,에스피시스템스,5,120,14,34,59,1.0,10.0,77.25,0.0,17.13,74.6
41,204840,지엘팜텍,5,120,14,34,59,1.0,10.0,77.25,0.0,17.67,72.64
41,307930,컴퍼니케이,5,120,14,34,59,1.0,10.0,77.25,0.0,14.22,73.07
41,066410,버킷스튜디오,5,120,14,34,59,1.0,10.0,77.25,0.0,16.56,74.05
41,226330,신테카바이오,5,120,14,34,59,1.0,10.0,77.25,0.0,12.91,78.87
41,321820,아티스트유나이티드,5,120,14,34,59,1.0,10.0,77.25,228.51,8.96,73.93
41,315640,딥노이드,5,120,14,34,59,1.0,10.0,77.25,484.5,11.0,76.6
41,024810,이화전기,5,120,14,34,59,1.0,10.0,77.25,42.35,13.82,71.14
41,060240,스타코링크,5,120,14,34,59,1.0,10.0,77.25,36.16,13.42,75.89
41,043090,더테크놀로지,5,120,14,34,59,1.0,10.0,77.25,53.11,17.69,75.37
41,096040,이트론,5,120,14,34,59,1.0,10.0,77.25,59.24,12.41,74.08
41,235980,메드팩토,5,60,14,39,69,1.0,10.0,76.32,-42.78,11.82,72.18
41,024810,이화전기,5,60,14,39,69,1.0,10.0,76.32,-2.53,13.82,71.14
41,315640,딥노이드,5,60,14,39,69,1.0,10.0,76.32,71.15,11.0,76.6
41,321820,아티스트유나이티드,5,60,14,39,69,1.0,10.0,76.32,310.52,8.96,73.93
41,226330,신테카바이오,5,60,14,39,69,1.0,10.0,76.32,0.0,12.91,78.87
41,066410,버킷스튜디오,5,60,14,39,69,1.0,10.0,76.32,26.37,16.56,74.05
41,307930,컴퍼니케이,5,60,14,39,69,1.0,10.0,76.32,-2.95,14.22,73.07
41,204840,지엘팜텍,5,60,14,39,69,1.0,10.0,76.32,4.87,17.67,72.64
41,317830,에스피시스템스,5,60,14,39,69,1.0,10.0,76.32,1076.22,17.13,74.6
41,043090,더테크놀로지,5,60,14,39,69,1.0,10.0,76.32,-17.34,17.69,75.37
41,060240,스타코링크,5,60,14,39,69,1.0,10.0,76.32,1.28,13.42,75.89
41,043220,티에스넥스젠,5,60,14,39,69,1.0,10.0,76.32,1.11,15.34,77.15
41,900100,애머릿지,5,60,14,39,69,1.0,10.0,76.32,13.22,10.16,76.99
41,220180,핸디소프트,5,60,14,39,69,1.0,10.0,76.32,-3.17,17.8,78.3
41,128540,에코캡,5,60,14,39,69,1.0,10.0,76.32,136.72,14.79,71.07
41,042040,케이피엠테크,5,60,14,39,69,1.0,10.0,76.32,49.79,17.24,76.57
41,032980,바이온,5,60,14,39,69,1.0,10.0,76.32,-3.99,12.63,74.87
41,018700,바른손,5,60,14,39,69,1.0,10.0,76.32,51.29,14.61,76.58
41,229000,젠큐릭스,5,60,14,39,69,1.0,10.0,76.32,-5.58,8.93,76.64
41,185490,아이진,5,60,14,39,69,1.0,10.0,76.32,21.78,17.44,75.98
41,237820,플레이디,5,60,14,39,69,1.0,10.0,76.32,-11.75,14.36,70.13
41,096040,이트론,5,60,14,39,69,1.0,10.0,76.32,4.86,12.41,74.08
41,185490,아이진,5,60,14,34,59,1.0,10.0,74.78,0.0,17.44,75.98
41,235980,메드팩토,5,60,14,34,59,1.0,10.0,74.78,7.83,11.82,72.18
41,096040,이트론,5,60,14,34,59,1.0,10.0,74.78,46.45,12.41,74.08
41,024810,이화전기,5,60,14,34,59,1.0,10.0,74.78,45.37,13.82,71.14
41,315640,딥노이드,5,60,14,34,59,1.0,10.0,74.78,435.17,11.0,76.6
41,321820,아티스트유나이티드,5,60,14,34,59,1.0,10.0,74.78,310.52,8.96,73.93
41,226330,신테카바이오,5,60,14,34,59,1.0,10.0,74.78,0.0,12.91,78.87
41,066410,버킷스튜디오,5,60,14,34,59,1.0,10.0,74.78,0.0,16.56,74.05
41,307930,컴퍼니케이,5,60,14,34,59,1.0,10.0,74.78,336.08,14.22,73.07
41,204840,지엘팜텍,5,60,14,34,59,1.0,10.0,74.78,17.04,17.67,72.64
41,317830,에스피시스템스,5,60,14,34,59,1.0,10.0,74.78,0.0,17.13,74.6
41,043090,더테크놀로지,5,60,14,34,59,1.0,10.0,74.78,40.62,17.69,75.37
41,237820,플레이디,5,60,14,34,59,1.0,10.0,74.78,0.0,14.36,70.13
41,900100,애머릿지,5,60,14,34,59,1.0,10.0,74.78,19.25,10.16,76.99
41,220180,핸디소프트,5,60,14,34,59,1.0,10.0,74.78,0.0,17.8,78.3
41,128540,에코캡,5,60,14,34,59,1.0,10.0,74.78,0.0,14.79,71.07
41,042040,케이피엠테크,5,60,14,34,59,1.0,10.0,74.78,38.62,17.24,76.57
41,032980,바이온,5,60,14,34,59,1.0,10.0,74.78,0.81,12.63,74.87
41,018700,바른손,5,60,14,34,59,1.0,10.0,74.78,351.02,14.61,76.58
41,229000,젠큐릭스,5,60,14,34,59,1.0,10.0,74.78,-32.59,8.93,76.64
41,060240,스타코링크,5,60,14,34,59,1.0,10.0,74.78,51.71,13.42,75.89
41,043220,티에스넥스젠,5,60,14,34,59,1.0,10.0,74.78,-22.69,15.34,77.15
41,042040,케이피엠테크,5,120,14,29,59,1.0,10.0,71.15,0.0,17.24,76.57
41,043220,티에스넥스젠,5,120,14,29,59,1.0,10.0,71.15,0.0,15.34,77.15
41,900100,애머릿지,5,120,14,29,59,1.0,10.0,71.15,8.73,10.16,76.99
41,220180,핸디소프트,5,120,14,29,59,1.0,10.0,71.15,0.0,17.8,78.3
41,043090,더테크놀로지,5,120,14,29,59,1.0,10.0,71.15,0.0,17.69,75.37
41,032980,바이온,5,120,14,29,59,1.0,10.0,71.15,0.0,12.63,74.87
41,018700,바른손,5,120,14,29,59,1.0,10.0,71.15,698.17,14.61,76.58
41,229000,젠큐릭스,5,120,14,29,59,1.0,10.0,71.15,0.0,8.93,76.64
41,060240,스타코링크,5,120,14,29,59,1.0,10.0,71.15,36.16,13.42,75.89
41,185490,아이진,5,120,14,29,59,1.0,10.0,71.15,0.0,17.44,75.98
41,237820,플레이디,5,120,14,29,59,1.0,10.0,71.15,0.0,14.36,70.13
41,128540,에코캡,5,120,14,29,59,1.0,10.0,71.15,0.0,14.79,71.07
41,317830,에스피시스템스,5,120,14,29,59,1.0,10.0,71.15,0.0,17.13,74.6
41,315640,딥노이드,5,120,14,29,59,1.0,10.0,71.15,484.5,11.0,76.6
41,235980,메드팩토,5,120,14,29,59,1.0,10.0,71.15,0.0,11.82,72.18
41,096040,이트론,5,120,14,29,59,1.0,10.0,71.15,59.24,12.41,74.08
41,024810,이화전기,5,120,14,29,59,1.0,10.0,71.15,50.02,13.82,71.14
41,204840,지엘팜텍,5,120,14,29,59,1.0,10.0,71.15,0.0,17.67,72.64
41,321820,아티스트유나이티드,5,120,14,29,59,1.0,10.0,71.15,228.51,8.96,73.93
41,066410,버킷스튜디오,5,120,14,29,59,1.0,10.0,71.15,0.0,16.56,74.05
41,307930,컴퍼니케이,5,120,14,29,59,1.0,10.0,71.15,0.0,14.22,73.07
41,226330,신테카바이오,5,120,14,29,59,1.0,10.0,71.15,0.0,12.91,78.87
41,317830,에스피시스템스,5,120,14,29,54,1.0,10.0,67.47,0.0,17.13,74.6
41,235980,메드팩토,5,120,14,29,54,1.0,10.0,67.47,0.0,11.82,72.18
41,096040,이트론,5,120,14,29,54,1.0,10.0,67.47,44.01,12.41,74.08
41,024810,이화전기,5,120,14,29,54,1.0,10.0,67.47,50.88,13.82,71.14
41,315640,딥노이드,5,120,14,29,54,1.0,10.0,67.47,484.5,11.0,76.6
41,321820,아티스트유나이티드,5,120,14,29,54,1.0,10.0,67.47,228.51,8.96,73.93
41,226330,신테카바이오,5,120,14,29,54,1.0,10.0,67.47,0.0,12.91,78.87
41,066410,버킷스튜디오,5,120,14,29,54,1.0,10.0,67.47,0.0,16.56,74.05
41,307930,컴퍼니케이,5,120,14,29,54,1.0,10.0,67.47,0.0,14.22,73.07
41,204840,지엘팜텍,5,120,14,29,54,1.0,10.0,67.47,0.0,17.67,72.64
41,237820,플레이디,5,120,14,29,54,1.0,10.0,67.47,0.0,14.36,70.13
41,185490,아이진,5,120,14,29,54,1.0,10.0,67.47,0.0,17.44,75.98
41,043220,티에스넥스젠,5,120,14,29,54,1.0,10.0,67.47,0.0,15.34,77.15
41,900100,애머릿지,5,120,14,29,54,1.0,10.0,67.47,-2.31,10.16,76.99
41,060240,스타코링크,5,120,14,29,54,1.0,10.0,67.47,-19.37,13.42,75.89
41,128540,에코캡,5,120,14,29,54,1.0,10.0,67.47,0.0,14.79,71.07
41,042040,케이피엠테크,5,120,14,29,54,1.0,10.0,67.47,0.0,17.24,76.57
41,032980,바이온,5,120,14,29,54,1.0,10.0,67.47,0.0,12.63,74.87
41,229000,젠큐릭스,5,120,14,29,54,1.0,10.0,67.47,0.0,8.93,76.64
41,043090,더테크놀로지,5,120,14,29,54,1.0,10.0,67.47,0.0,17.69,75.37
41,018700,바른손,5,120,14,29,54,1.0,10.0,67.47,698.17,14.61,76.58
41,220180,핸디소프트,5,120,14,29,54,1.0,10.0,67.47,0.0,17.8,78.3
41,185490,아이진,5,120,14,34,79,1.0,10.0,67.46,0.0,17.44,75.98
41,024810,이화전기,5,120,14,34,79,1.0,10.0,67.46,-13.03,13.82,71.14
41,226330,신테카바이오,5,120,14,34,79,1.0,10.0,67.46,0.0,12.91,78.87
41,235980,메드팩토,5,120,14,34,79,1.0,10.0,67.46,0.0,11.82,72.18
41,096040,이트론,5,120,14,34,79,1.0,10.0,67.46,4.71,12.41,74.08
41,321820,아티스트유나이티드,5,120,14,34,79,1.0,10.0,67.46,32.72,8.96,73.93
41,043090,더테크놀로지,5,120,14,34,79,1.0,10.0,67.46,86.08,17.69,75.37
41,060240,스타코링크,5,120,14,34,79,1.0,10.0,67.46,36.16,13.42,75.89
41,229000,젠큐릭스,5,120,14,34,79,1.0,10.0,67.46,-46.2,8.93,76.64
41,018700,바른손,5,120,14,34,79,1.0,10.0,67.46,1104.44,14.61,76.58
41,032980,바이온,5,120,14,34,79,1.0,10.0,67.46,-7.85,12.63,74.87
41,042040,케이피엠테크,5,120,14,34,79,1.0,10.0,67.46,185.99,17.24,76.57
41,128540,에코캡,5,120,14,34,79,1.0,10.0,67.46,0.0,14.79,71.07
41,220180,핸디소프트,5,120,14,34,79,1.0,10.0,67.46,0.0,17.8,78.3
41,900100,애머릿지,5,120,14,34,79,1.0,10.0,67.46,42.4,10.16,76.99
41,043220,티에스넥스젠,5,120,14,34,79,1.0,10.0,67.46,0.0,15.34,77.15
41,237820,플레이디,5,120,14,34,79,1.0,10.0,67.46,0.0,14.36,70.13
41,317830,에스피시스템스,5,120,14,34,79,1.0,10.0,67.46,0.0,17.13,74.6
41,204840,지엘팜텍,5,120,14,34,79,1.0,10.0,67.46,0.0,17.67,72.64
41,307930,컴퍼니케이,5,120,14,34,79,1.0,10.0,67.46,0.0,14.22,73.07
41,315640,딥노이드,5,120,14,34,79,1.0,10.0,67.46,58.75,11.0,76.6
41,066410,버킷스튜디오,5,120,14,34,79,1.0,10.0,67.46,0.0,16.56,74.05
41,096040,이트론,5,60,14,29,64,1.0,10.0,65.59,13.66,12.41,74.08
41,185490,아이진,5,60,14,29,64,1.0,10.0,65.59,0.0,17.44,75.98
41,018700,바른손,5,60,14,29,64,1.0,10.0,65.59,351.02,14.61,76.58
41,032980,바이온,5,60,14,29,64,1.0,10.0,65.59,0.0,12.63,74.87
41,042040,케이피엠테크,5,60,14,29,64,1.0,10.0,65.59,0.0,17.24,76.57
41,128540,에코캡,5,60,14,29,64,1.0,10.0,65.59,0.0,14.79,71.07
41,220180,핸디소프트,5,60,14,29,64,1.0,10.0,65.59,0.0,17.8,78.3
41,235980,메드팩토,5,60,14,29,64,1.0,10.0,65.59,0.0,11.82,72.18
41,043220,티에스넥스젠,5,60,14,29,64,1.0,10.0,65.59,0.0,15.34,77.15
41,237820,플레이디,5,60,14,29,64,1.0,10.0,65.59,0.0,14.36,70.13
41,317830,에스피시스템스,5,60,14,29,64,1.0,10.0,65.59,0.0,17.13,74.6
41,060240,스타코링크,5,60,14,29,64,1.0,10.0,65.59,51.12,13.42,75.89
41,204840,지엘팜텍,5,60,14,29,64,1.0,10.0,65.59,0.0,17.67,72.64
41,307930,컴퍼니케이,5,60,14,29,64,1.0,10.0,65.59,0.0,14.22,73.07
41,066410,버킷스튜디오,5,60,14,29,64,1.0,10.0,65.59,0.0,16.56,74.05
41,226330,신테카바이오,5,60,14,29,64,1.0,10.0,65.59,0.0,12.91,78.87
41,321820,아티스트유나이티드,5,60,14,29,64,1.0,10.0,65.59,310.52,8.96,73.93
41,315640,딥노이드,5,60,14,29,64,1.0,10.0,65.59,556.55,11.0,76.6
41,024810,이화전기,5,60,14,29,64,1.0,10.0,65.59,140.76,13.82,71.14
41,043090,더테크놀로지,5,60,14,29,64,1.0,10.0,65.59,0.0,17.69,75.37
41,229000,젠큐릭스,5,60,14,29,64,1.0,10.0,65.59,0.0,8.93,76.64
41,900100,애머릿지,5,60,14,29,64,1.0,10.0,65.59,19.25,10.16,76.99
41,315640,딥노이드,5,60,14,44,69,1.0,10.0,63.34,71.15,11.0,76.6
41,024810,이화전기,5,60,14,44,69,1.0,10.0,63.34,-5.88,13.82,71.14
41,235980,메드팩토,5,60,14,44,69,1.0,10.0,63.34,-52.73,11.82,72.18
41,204840,지엘팜텍,5,60,14,44,69,1.0,10.0,63.34,4.87,17.67,72.64
41,317830,에스피시스템스,5,60,14,44,69,1.0,10.0,63.34,1076.22,17.13,74.6
41,185490,아이진,5,60,14,44,69,1.0,10.0,63.34,-3.19,17.44,75.98
41,237820,플레이디,5,60,14,44,69,1.0,10.0,63.34,-11.75,14.36,70.13
41,043220,티에스넥스젠,5,60,14,44,69,1.0,10.0,63.34,-1.6,15.34,77.15
41,900100,애머릿지,5,60,14,44,69,1.0,10.0,63.34,5.53,10.16,76.99
41,307930,컴퍼니케이,5,60,14,44,69,1.0,10.0,63.34,-2.95,14.22,73.07
41,220180,핸디소프트,5,60,14,44,69,1.0,10.0,63.34,-7.34,17.8,78.3
41,066410,버킷스튜디오,5,60,14,44,69,1.0,10.0,63.34,-1.95,16.56,74.05
41,128540,에코캡,5,60,14,44,69,1.0,10.0,63.34,57.31,14.79,71.07
41,042040,케이피엠테크,5,60,14,44,69,1.0,10.0,63.34,0.58,17.24,76.57
41,032980,바이온,5,60,14,44,69,1.0,10.0,63.34,-12.44,12.63,74.87
41,018700,바른손,5,60,14,44,69,1.0,10.0,63.34,20.39,14.61,76.58
41,229000,젠큐릭스,5,60,14,44,69,1.0,10.0,63.34,-22.43,8.93,76.64
41,060240,스타코링크,5,60,14,44,69,1.0,10.0,63.34,-3.52,13.42,75.89
41,043090,더테크놀로지,5,60,14,44,69,1.0,10.0,63.34,-12.04,17.69,75.37
41,226330,신테카바이오,5,60,14,44,69,1.0,10.0,63.34,-20.18,12.91,78.87
41,321820,아티스트유나이티드,5,60,14,44,69,1.0,10.0,63.34,310.52,8.96,73.93
41,096040,이트론,5,60,14,44,69,1.0,10.0,63.34,4.86,12.41,74.08
41,043090,더테크놀로지,5,60,14,29,59,1.0,10.0,59.95,0.0,17.69,75.37
41,060240,스타코링크,5,60,14,29,59,1.0,10.0,59.95,51.12,13.42,75.89
41,018700,바른손,5,60,14,29,59,1.0,10.0,59.95,351.02,14.61,76.58
41,229000,젠큐릭스,5,60,14,29,59,1.0,10.0,59.95,0.0,8.93,76.64
41,317830,에스피시스템스,5,60,14,29,59,1.0,10.0,59.95,0.0,17.13,74.6
41,024810,이화전기,5,60,14,29,59,1.0,10.0,59.95,105.42,13.82,71.14
41,315640,딥노이드,5,60,14,29,59,1.0,10.0,59.95,435.17,11.0,76.6
41,321820,아티스트유나이티드,5,60,14,29,59,1.0,10.0,59.95,310.52,8.96,73.93
41,226330,신테카바이오,5,60,14,29,59,1.0,10.0,59.95,0.0,12.91,78.87
41,066410,버킷스튜디오,5,60,14,29,59,1.0,10.0,59.95,0.0,16.56,74.05
41,307930,컴퍼니케이,5,60,14,29,59,1.0,10.0,59.95,0.0,14.22,73.07
41,204840,지엘팜텍,5,60,14,29,59,1.0,10.0,59.95,0.0,17.67,72.64
41,185490,아이진,5,60,14,29,59,1.0,10.0,59.95,0.0,17.44,75.98
41,235980,메드팩토,5,60,14,29,59,1.0,10.0,59.95,0.0,11.82,72.18
41,237820,플레이디,5,60,14,29,59,1.0,10.0,59.95,0.0,14.36,70.13
41,043220,티에스넥스젠,5,60,14,29,59,1.0,10.0,59.95,0.0,15.34,77.15
41,900100,애머릿지,5,60,14,29,59,1.0,10.0,59.95,19.25,10.16,76.99
41,220180,핸디소프트,5,60,14,29,59,1.0,10.0,59.95,0.0,17.8,78.3
41,128540,에코캡,5,60,14,29,59,1.0,10.0,59.95,0.0,14.79,71.07
41,042040,케이피엠테크,5,60,14,29,59,1.0,10.0,59.95,0.0,17.24,76.57
41,032980,바이온,5,60,14,29,59,1.0,10.0,59.95,0.0,12.63,74.87
41,096040,이트론,5,60,14,29,59,1.0,10.0,59.95,46.45,12.41,74.08
41,317830,에스피시스템스,5,60,14,34,64,1.0,10.0,59.29,0.0,17.13,74.6
41,043090,더테크놀로지,5,60,14,34,64,1.0,10.0,59.29,33.22,17.69,75.37
41,060240,스타코링크,5,60,14,34,64,1.0,10.0,59.29,1.28,13.42,75.89
41,235980,메드팩토,5,60,14,34,64,1.0,10.0,59.29,7.83,11.82,72.18
41,096040,이트론,5,60,14,34,64,1.0,10.0,59.29,13.66,12.41,74.08
41,024810,이화전기,5,60,14,34,64,1.0,10.0,59.29,12.85,13.82,71.14
41,315640,딥노이드,5,60,14,34,64,1.0,10.0,59.29,556.55,11.0,76.6
41,321820,아티스트유나이티드,5,60,14,34,64,1.0,10.0,59.29,310.52,8.96,73.93
41,226330,신테카바이오,5,60,14,34,64,1.0,10.0,59.29,0.0,12.91,78.87
41,066410,버킷스튜디오,5,60,14,34,64,1.0,10.0,59.29,0.0,16.56,74.05
41,307930,컴퍼니케이,5,60,14,34,64,1.0,10.0,59.29,-2.95,14.22,73.07
41,204840,지엘팜텍,5,60,14,34,64,1.0,10.0,59.29,17.04,17.67,72.64
41,185490,아이진,5,60,14,34,64,1.0,10.0,59.29,0.0,17.44,75.98
41,237820,플레이디,5,60,14,34,64,1.0,10.0,59.29,0.0,14.36,70.13
41,043220,티에스넥스젠,5,60,14,34,64,1.0,10.0,59.29,-22.69,15.34,77.15
41,900100,애머릿지,5,60,14,34,64,1.0,10.0,59.29,19.25,10.16,76.99
41,220180,핸디소프트,5,60,14,34,64,1.0,10.0,59.29,0.0,17.8,78.3
41,128540,에코캡,5,60,14,34,64,1.0,10.0,59.29,0.0,14.79,71.07
41,042040,케이피엠테크,5,60,14,34,64,1.0,10.0,59.29,38.62,17.24,76.57
41,032980,바이온,5,60,14,34,64,1.0,10.0,59.29,0.81,12.63,74.87
41,018700,바른손,5,60,14,34,64,1.0,10.0,59.29,351.02,14.61,76.58
41,229000,젠큐릭스,5,60,14,34,64,1.0,10.0,59.29,-32.59,8.93,76.64
41,043090,더테크놀로지,5,60,14,24,64,1.0,10.0,59.19,0.0,17.69,75.37
41,043220,티에스넥스젠,5,60,14,24,64,1.0,10.0,59.19,0.0,15.34,77.15
41,317830,에스피시스템스,5,60,14,24,64,1.0,10.0,59.19,0.0,17.13,74.6
41,060240,스타코링크,5,60,14,24,64,1.0,10.0,59.19,51.12,13.42,75.89
41,204840,지엘팜텍,5,60,14,24,64,1.0,10.0,59.19,0.0,17.67,72.64
41,229000,젠큐릭스,5,60,14,24,64,1.0,10.0,59.19,0.0,8.93,76.64
41,235980,메드팩토,5,60,14,24,64,1.0,10.0,59.19,0.0,11.82,72.18
41,096040,이트론,5,60,14,24,64,1.0,10.0,59.19,13.66,12.41,74.08
41,024810,이화전기,5,60,14,24,64,1.0,10.0,59.19,0.0,13.82,71.14
41,315640,딥노이드,5,60,14,24,64,1.0,10.0,59.19,556.55,11.0,76.6
41,321820,아티스트유나이티드,5,60,14,24,64,1.0,10.0,59.19,310.52,8.96,73.93
41,066410,버킷스튜디오,5,60,14,24,64,1.0,10.0,59.19,0.0,16.56,74.05
41,307930,컴퍼니케이,5,60,14,24,64,1.0,10.0,59.19,0.0,14.22,73.07
41,226330,신테카바이오,5,60,14,24,64,1.0,10.0,59.19,0.0,12.91,78.87
41,237820,플레이디,5,60,14,24,64,1.0,10.0,59.19,0.0,14.36,70.13
41,900100,애머릿지,5,60,14,24,64,1.0,10.0,59.19,19.25,10.16,76.99
41,220180,핸디소프트,5,60,14,24,64,1.0,10.0,59.19,0.0,17.8,78.3
41,128540,에코캡,5,60,14,24,64,1.0,10.0,59.19,0.0,14.79,71.07
41,042040,케이피엠테크,5,60,14,24,64,1.0,10.0,59.19,0.0,17.24,76.57
41,032980,바이온,5,60,14,24,64,1.0,10.0,59.19,0.0,12.63,74.87
41,185490,아이진,5,60,14,24,64,1.0,10.0,59.19,0.0,17.44,75.98
41,018700,바른손,5,60,14,24,64,1.0,10.0,59.19,351.02,14.61,76.58
41,060240,스타코링크,5,60,14,29,54,1.0,10.0,58.41,-8.26,13.42,75.89
41,042040,케이피엠테크,5,60,14,29,54,1.0,10.0,58.41,0.0,17.24,76.57
41,043220,티에스넥스젠,5,60,14,29,54,1.0,10.0,58.41,0.0,15.34,77.15
41,900100,애머릿지,5,60,14,29,54,1.0,10.0,58.41,8.51,10.16,76.99
41,220180,핸디소프트,5,60,14,29,54,1.0,10.0,58.41,0.0,17.8,78.3
41,128540,에코캡,5,60,14,29,54,1.0,10.0,58.41,0.0,14.79,71.07
41,229000,젠큐릭스,5,60,14,29,54,1.0,10.0,58.41,0.0,8.93,76.64
41,032980,바이온,5,60,14,29,54,1.0,10.0,58.41,0.0,12.63,74.87
41,018700,바른손,5,60,14,29,54,1.0,10.0,58.41,351.02,14.61,76.58
41,185490,아이진,5,60,14,29,54,1.0,10.0,58.41,0.0,17.44,75.98
41,043090,더테크놀로지,5,60,14,29,54,1.0,10.0,58.41,0.0,17.69,75.37
41,237820,플레이디,5,60,14,29,54,1.0,10.0,58.41,0.0,14.36,70.13
41,024810,이화전기,5,60,14,29,54,1.0,10.0,58.41,154.57,13.82,71.14
41,317830,에스피시스템스,5,60,14,29,54,1.0,10.0,58.41,0.0,17.13,74.6
41,204840,지엘팜텍,5,60,14,29,54,1.0,10.0,58.41,0.0,17.67,72.64
41,307930,컴퍼니케이,5,60,14,29,54,1.0,10.0,58.41,0.0,14.22,73.07
41,066410,버킷스튜디오,5,60,14,29,54,1.0,10.0,58.41,0.0,16.56,74.05
41,226330,신테카바이오,5,60,14,29,54,1.0,10.0,58.41,0.0,12.91,78.87
41,321820,아티스트유나이티드,5,60,14,29,54,1.0,10.0,58.41,310.52,8.96,73.93
41,315640,딥노이드,5,60,14,29,54,1.0,10.0,58.41,435.17,11.0,76.6
41,096040,이트론,5,60,14,29,54,1.0,10.0,58.41,33.59,12.41,74.08
41,235980,메드팩토,5,60,14,29,54,1.0,10.0,58.41,0.0,11.82,72.18
41,226330,신테카바이오,5,120,14,39,64,1.0,10.0,57.96,0.0,12.91,78.87
41,317830,에스피시스템스,5,120,14,39,64,1.0,10.0,57.96,143.59,17.13,74.6
41,204840,지엘팜텍,5,120,14,39,64,1.0,10.0,57.96,10.69,17.67,72.64
41,307930,컴퍼니케이,5,120,14,39,64,1.0,10.0,57.96,-5.3,14.22,73.07
41,066410,버킷스튜디오,5,120,14,39,64,1.0,10.0,57.96,20.46,16.56,74.05
41,043090,더테크놀로지,5,120,14,39,64,1.0,10.0,57.96,5.35,17.69,75.37
41,321820,아티스트유나이티드,5,120,14,39,64,1.0,10.0,57.96,228.51,8.96,73.93
41,315640,딥노이드,5,120,14,39,64,1.0,10.0,57.96,642.12,11.0,76.6
41,024810,이화전기,5,120,14,39,64,1.0,10.0,57.96,-2.69,13.82,71.14
41,237820,플레이디,5,120,14,39,64,1.0,10.0,57.96,0.0,14.36,70.13
41,185490,아이진,5,120,14,39,64,1.0,10.0,57.96,86.75,17.44,75.98
41,235980,메드팩토,5,120,14,39,64,1.0,10.0,57.96,-47.55,11.82,72.18
41,043220,티에스넥스젠,5,120,14,39,64,1.0,10.0,57.96,0.37,15.34,77.15
41,096040,이트론,5,120,14,39,64,1.0,10.0,57.96,23.86,12.41,74.08
41,220180,핸디소프트,5,120,14,39,64,1.0,10.0,57.96,-5.39,17.8,78.3
41,128540,에코캡,5,120,14,39,64,1.0,10.0,57.96,0.0,14.79,71.07
41,042040,케이피엠테크,5,120,14,39,64,1.0,10.0,57.96,76.56,17.24,76.57
41,032980,바이온,5,120,14,39,64,1.0,10.0,57.96,-4.03,12.63,74.87
41,018700,바른손,5,120,14,39,64,1.0,10.0,57.96,110.14,14.61,76.58
41,229000,젠큐릭스,5,120,14,39,64,1.0,10.0,57.96,-13.45,8.93,76.64
41,060240,스타코링크,5,120,14,39,64,1.0,10.0,57.96,-3.53,13.42,75.89
41,900100,애머릿지,5,120,14,39,64,1.0,10.0,57.96,8.73,10.16,76.99
41,237820,플레이디,5,120,14,29,79,1.0,10.0,57.55,0.0,14.36,70.13
41,043220,티에스넥스젠,5,120,14,29,79,1.0,10.0,57.55,0.0,15.34,77.15
41,900100,애머릿지,5,120,14,29,79,1.0,10.0,57.55,42.4,10.16,76.99
41,043090,더테크놀로지,5,120,14,29,79,1.0,10.0,57.55,0.0,17.69,75.37
41,128540,에코캡,5,120,14,29,79,1.0,10.0,57.55,0.0,14.79,71.07
41,229000,젠큐릭스,5,120,14,29,79,1.0,10.0,57.55,0.0,8.93,76.64
41,042040,케이피엠테크,5,120,14,29,79,1.0,10.0,57.55,0.0,17.24,76.57
41,032980,바이온,5,120,14,29,79,1.0,10.0,57.55,0.0,12.63,74.87
41,018700,바른손,5,120,14,29,79,1.0,10.0,57.55,1104.44,14.61,76.58
41,317830,에스피시스템스,5,120,14,29,79,1.0,10.0,57.55,0.0,17.13,74.6
41,060240,스타코링크,5,120,14,29,79,1.0,10.0,57.55,36.16,13.42,75.89
41,185490,아이진,5,120,14,29,79,1.0,10.0,57.55,0.0,17.44,75.98
41,220180,핸디소프트,5,120,14,29,79,1.0,10.0,57.55,0.0,17.8,78.3
41,204840,지엘팜텍,5,120,14,29,79,1.0,10.0,57.55,0.0,17.67,72.64
41,066410,버킷스튜디오,5,120,14,29,79,1.0,10.0,57.55,0.0,16.56,74.05
41,226330,신테카바이오,5,120,14,29,79,1.0,10.0,57.55,0.0,12.91,78.87
41,321820,아티스트유나이티드,5,120,14,29,79,1.0,10.0,57.55,32.72,8.96,73.93
41,315640,딥노이드,5,120,14,29,79,1.0,10.0,57.55,58.75,11.0,76.6
41,024810,이화전기,5,120,14,29,79,1.0,10.0,57.55,-13.03,13.82,71.14
41,096040,이트론,5,120,14,29,79,1.0,10.0,57.55,4.71,12.41,74.08
41,235980,메드팩토,5,120,14,29,79,1.0,10.0,57.55,0.0,11.82,72.18
41,307930,컴퍼니케이,5,120,14,29,79,1.0,10.0,57.55,0.0,14.22,73.07
41,226330,신테카바이오,5,120,14,24,79,1.0,10.0,57.02,0.0,12.91,78.87
41,204840,지엘팜텍,5,120,14,24,79,1.0,10.0,57.02,0.0,17.67,72.64
41,307930,컴퍼니케이,5,120,14,24,79,1.0,10.0,57.02,0.0,14.22,73.07
41,066410,버킷스튜디오,5,120,14,24,79,1.0,10.0,57.02,0.0,16.56,74.05
41,096040,이트론,5,120,14,24,79,1.0,10.0,57.02,4.71,12.41,74.08
41,321820,아티스트유나이티드,5,120,14,24,79,1.0,10.0,57.02,32.72,8.96,73.93
41,315640,딥노이드,5,120,14,24,79,1.0,10.0,57.02,0.0,11.0,76.6
41,024810,이화전기,5,120,14,24,79,1.0,10.0,57.02,0.0,13.82,71.14
41,185490,아이진,5,120,14,24,79,1.0,10.0,57.02,0.0,17.44,75.98
41,317830,에스피시스템스,5,120,14,24,79,1.0,10.0,57.02,0.0,17.13,74.6
41,128540,에코캡,5,120,14,24,79,1.0,10.0,57.02,0.0,14.79,71.07
41,237820,플레이디,5,120,14,24,79,1.0,10.0,57.02,0.0,14.36,70.13
41,043220,티에스넥스젠,5,120,14,24,79,1.0,10.0,57.02,0.0,15.34,77.15
41,900100,애머릿지,5,120,14,24,79,1.0,10.0,57.02,76.46,10.16,76.99
41,220180,핸디소프트,5,120,14,24,79,1.0,10.0,57.02,0.0,17.8,78.3
41,043090,더테크놀로지,5,120,14,24,79,1.0,10.0,57.02,0.0,17.69,75.37
41,042040,케이피엠테크,5,120,14,24,79,1.0,10.0,57.02,0.0,17.24,76.57
41,032980,바이온,5,120,14,24,79,1.0,10.0,57.02,0.0,12.63,74.87
41,018700,바른손,5,120,14,24,79,1.0,10.0,57.02,1104.44,14.61,76.58
41,060240,스타코링크,5,120,14,24,79,1.0,10.0,57.02,36.16,13.42,75.89
41,229000,젠큐릭스,5,120,14,24,79,1.0,10.0,57.02,0.0,8.93,76.64
41,235980,메드팩토,5,120,14,24,79,1.0,10.0,57.02,0.0,11.82,72.18
41,032980,바이온,5,60,14,24,59,1.0,10.0,55.16,0.0,12.63,74.87
41,024810,이화전기,5,60,14,24,59,1.0,10.0,55.16,0.0,13.82,71.14
41,900100,애머릿지,5,60,14,24,59,1.0,10.0,55.16,19.25,10.16,76.99
41,043090,더테크놀로지,5,60,14,24,59,1.0,10.0,55.16,0.0,17.69,75.37
41,060240,스타코링크,5,60,14,24,59,1.0,10.0,55.16,51.12,13.42,75.89
41,229000,젠큐릭스,5,60,14,24,59,1.0,10.0,55.16,0.0,8.93,76.64
41,018700,바른손,5,60,14,24,59,1.0,10.0,55.16,351.02,14.61,76.58
41,096040,이트론,5,60,14,24,59,1.0,10.0,55.16,46.45,12.41,74.08
41,042040,케이피엠테크,5,60,14,24,59,1.0,10.0,55.16,0.0,17.24,76.57
41,128540,에코캡,5,60,14,24,59,1.0,10.0,55.16,0.0,14.79,71.07
41,220180,핸디소프트,5,60,14,24,59,1.0,10.0,55.16,0.0,17.8,78.3
41,043220,티에스넥스젠,5,60,14,24,59,1.0,10.0,55.16,0.0,15.34,77.15
41,315640,딥노이드,5,60,14,24,59,1.0,10.0,55.16,435.17,11.0,76.6
41,237820,플레이디,5,60,14,24,59,1.0,10.0,55.16,0.0,14.36,70.13
41,185490,아이진,5,60,14,24,59,1.0,10.0,55.16,0.0,17.44,75.98
41,317830,에스피시스템스,5,60,14,24,59,1.0,10.0,55.16,0.0,17.13,74.6
41,204840,지엘팜텍,5,60,14,24,59,1.0,10.0,55.16,0.0,17.67,72.64
41,307930,컴퍼니케이,5,60,14,24,59,1.0,10.0,55.16,0.0,14.22,73.07
41,066410,버킷스튜디오,5,60,14,24,59,1.0,10.0,55.16,0.0,16.56,74.05
41,226330,신테카바이오,5,60,14,24,59,1.0,10.0,55.16,0.0,12.91,78.87
41,321820,아티스트유나이티드,5,60,14,24,59,1.0,10.0,55.16,310.52,8.96,73.93
41,235980,메드팩토,5,60,14,24,59,1.0,10.0,55.16,0.0,11.82,72.18
41,220180,핸디소프트,5,120,14,34,69,1.0,10.0,53.88,0.0,17.8,78.3
41,018700,바른손,5,120,14,34,69,1.0,10.0,53.88,698.17,14.61,76.58
41,066410,버킷스튜디오,5,120,14,34,69,1.0,10.0,53.88,0.0,16.56,74.05
41,229000,젠큐릭스,5,120,14,34,69,1.0,10.0,53.88,-46.2,8.93,76.64
41,043090,더테크놀로지,5,120,14,34,69,1.0,10.0,53.88,38.84,17.69,75.37
41,032980,바이온,5,120,14,34,69,1.0,10.0,53.88,-7.85,12.63,74.87
41,235980,메드팩토,5,120,14,34,69,1.0,10.0,53.88,0.0,11.82,72.18
41,096040,이트론,5,120,14,34,69,1.0,10.0,53.88,0.34,12.41,74.08
41,024810,이화전기,5,120,14,34,69,1.0,10.0,53.88,9.56,13.82,71.14
41,315640,딥노이드,5,120,14,34,69,1.0,10.0,53.88,58.75,11.0,76.6
41,321820,아티스트유나이티드,5,120,14,34,69,1.0,10.0,53.88,228.51,8.96,73.93
41,226330,신테카바이오,5,120,14,34,69,1.0,10.0,53.88,0.0,12.91,78.87
41,060240,스타코링크,5,120,14,34,69,1.0,10.0,53.88,36.16,13.42,75.89
41,307930,컴퍼니케이,5,120,14,34,69,1.0,10.0,53.88,0.0,14.22,73.07
41,043220,티에스넥스젠,5,120,14,34,69,1.0,10.0,53.88,0.0,15.34,77.15
41,042040,케이피엠테크,5,120,14,34,69,1.0,10.0,53.88,126.63,17.24,76.57
41,204840,지엘팜텍,5,120,14,34,69,1.0,10.0,53.88,0.0,17.67,72.64
41,900100,애머릿지,5,120,14,34,69,1.0,10.0,53.88,42.4,10.16,76.99
41,128540,에코캡,5,120,14,34,69,1.0,10.0,53.88,0.0,14.79,71.07
41,317830,에스피시스템스,5,120,14,34,69,1.0,10.0,53.88,0.0,17.13,74.6
41,185490,아이진,5,120,14,34,69,1.0,10.0,53.88,0.0,17.44,75.98
41,237820,플레이디,5,120,14,34,69,1.0,10.0,53.88,0.0,14.36,70.13
41,237820,플레이디,5,120,14,29,69,1.0,10.0,52.23,0.0,14.36,70.13
41,229000,젠큐릭스,5,120,14,29,69,1.0,10.0,52.23,0.0,8.93,76.64
41,018700,바른손,5,120,14,29,69,1.0,10.0,52.23,698.17,14.61,76.58
41,032980,바이온,5,120,14,29,69,1.0,10.0,52.23,0.0,12.63,74.87
41,042040,케이피엠테크,5,120,14,29,69,1.0,10.0,52.23,0.0,17.24,76.57
41,128540,에코캡,5,120,14,29,69,1.0,10.0,52.23,0.0,14.79,71.07
41,220180,핸디소프트,5,120,14,29,69,1.0,10.0,52.23,0.0,17.8,78.3
41,900100,애머릿지,5,120,14,29,69,1.0,10.0,52.23,42.4,10.16,76.99
41,043220,티에스넥스젠,5,120,14,29,69,1.0,10.0,52.23,0.0,15.34,77.15
41,185490,아이진,5,120,14,29,69,1.0,10.0,52.23,0.0,17.44,75.98
41,043090,더테크놀로지,5,120,14,29,69,1.0,10.0,52.23,0.0,17.69,75.37
41,317830,에스피시스템스,5,120,14,29,69,1.0,10.0,52.23,0.0,17.13,74.6
41,204840,지엘팜텍,5,120,14,29,69,1.0,10.0,52.23,0.0,17.67,72.64
41,307930,컴퍼니케이,5,120,14,29,69,1.0,10.0,52.23,0.0,14.22,73.07
41,066410,버킷스튜디오,5,120,14,29,69,1.0,10.0,52.23,0.0,16.56,74.05
41,226330,신테카바이오,5,120,14,29,69,1.0,10.0,52.23,0.0,12.91,78.87
41,321820,아티스트유나이티드,5,120,14,29,69,1.0,10.0,52.23,228.51,8.96,73.93
41,315640,딥노이드,5,120,14,29,69,1.0,10.0,52.23,58.75,11.0,76.6
41,024810,이화전기,5,120,14,29,69,1.0,10.0,52.23,84.75,13.82,71.14
41,096040,이트론,5,120,14,29,69,1.0,10.0,52.23,0.34,12.41,74.08
41,235980,메드팩토,5,120,14,29,69,1.0,10.0,52.23,0.0,11.82,72.18
41,060240,스타코링크,5,120,14,29,69,1.0,10.0,52.23,36.16,13.42,75.89
41,235980,메드팩토,5,120,14,44,54,1.0,10.0,52.18,-52.91,11.82,72.18
41,096040,이트론,5,120,14,44,54,1.0,10.0,52.18,55.48,12.41,74.08
41,043090,더테크놀로지,5,120,14,44,54,1.0,10.0,52.18,-17.41,17.69,75.37
41,024810,이화전기,5,120,14,44,54,1.0,10.0,52.18,6.93,13.82,71.14
41,315640,딥노이드,5,120,14,44,54,1.0,10.0,52.18,484.5,11.0,76.6
41,321820,아티스트유나이티드,5,120,14,44,54,1.0,10.0,52.18,228.51,8.96,73.93
41,226330,신테카바이오,5,120,14,44,54,1.0,10.0,52.18,7.23,12.91,78.87
41,066410,버킷스튜디오,5,120,14,44,54,1.0,10.0,52.18,19.74,16.56,74.05
41,307930,컴퍼니케이,5,120,14,44,54,1.0,10.0,52.18,146.76,14.22,73.07
41,204840,지엘팜텍,5,120,14,44,54,1.0,10.0,52.18,3.75,17.67,72.64
41,317830,에스피시스템스,5,120,14,44,54,1.0,10.0,52.18,143.59,17.13,74.6
41,185490,아이진,5,120,14,44,54,1.0,10.0,52.18,-6.4,17.44,75.98
41,237820,플레이디,5,120,14,44,54,1.0,10.0,52.18,-2.02,14.36,70.13
41,043220,티에스넥스젠,5,120,14,44,54,1.0,10.0,52.18,38.98,15.34,77.15
41,900100,애머릿지,5,120,14,44,54,1.0,10.0,52.18,22.66,10.16,76.99
41,128540,에코캡,5,120,14,44,54,1.0,10.0,52.18,36.22,14.79,71.07
41,042040,케이피엠테크,5,120,14,44,54,1.0,10.0,52.18,-16.15,17.24,76.57
41,032980,바이온,5,120,14,44,54,1.0,10.0,52.18,-9.15,12.63,74.87
41,018700,바른손,5,120,14,44,54,1.0,10.0,52.18,5.56,14.61,76.58
41,229000,젠큐릭스,5,120,14,44,54,1.0,10.0,52.18,5.79,8.93,76.64
41,060240,스타코링크,5,120,14,44,54,1.0,10.0,52.18,-8.09,13.42,75.89
41,220180,핸디소프트,5,120,14,44,54,1.0,10.0,52.18,54.42,17.8,78.3
41,096040,이트론,5,60,14,24,54,1.0,10.0,51.39,33.59,12.41,74.08
41,235980,메드팩토,5,60,14,24,54,1.0,10.0,51.39,0.0,11.82,72.18
41,043220,티에스넥스젠,5,60,14,24,54,1.0,10.0,51.39,0.0,15.34,77.15
41,185490,아이진,5,60,14,24,54,1.0,10.0,51.39,0.0,17.44,75.98
41,315640,딥노이드,5,60,14,24,54,1.0,10.0,51.39,435.17,11.0,76.6
41,321820,아티스트유나이티드,5,60,14,24,54,1.0,10.0,51.39,310.52,8.96,73.93
41,226330,신테카바이오,5,60,14,24,54,1.0,10.0,51.39,0.0,12.91,78.87
41,066410,버킷스튜디오,5,60,14,24,54,1.0,10.0,51.39,0.0,16.56,74.05
41,307930,컴퍼니케이,5,60,14,24,54,1.0,10.0,51.39,0.0,14.22,73.07
41,204840,지엘팜텍,5,60,14,24,54,1.0,10.0,51.39,0.0,17.67,72.64
41,317830,에스피시스템스,5,60,14,24,54,1.0,10.0,51.39,0.0,17.13,74.6
41,237820,플레이디,5,60,14,24,54,1.0,10.0,51.39,0.0,14.36,70.13
41,043090,더테크놀로지,5,60,14,24,54,1.0,10.0,51.39,0.0,17.69,75.37
41,900100,애머릿지,5,60,14,24,54,1.0,10.0,51.39,8.51,10.16,76.99
41,220180,핸디소프트,5,60,14,24,54,1.0,10.0,51.39,0.0,17.8,78.3
41,128540,에코캡,5,60,14,24,54,1.0,10.0,51.39,0.0,14.79,71.07
41,042040,케이피엠테크,5,60,14,24,54,1.0,10.0,51.39,0.0,17.24,76.57
41,032980,바이온,5,60,14,24,54,1.0,10.0,51.39,0.0,12.63,74.87
41,018700,바른손,5,60,14,24,54,1.0,10.0,51.39,351.02,14.61,76.58
41,229000,젠큐릭스,5,60,14,24,54,1.0,10.0,51.39,0.0,8.93,76.64
41,024810,이화전기,5,60,14,24,54,1.0,10.0,51.39,0.0,13.82,71.14
41,060240,스타코링크,5,60,14,24,54,1.0,10.0,51.39,-8.26,13.42,75.89
41,018700,바른손,5,120,14,44,59,1.0,10.0,49.55,11.85,14.61,76.58
41,185490,아이진,5,120,14,44,59,1.0,10.0,49.55,7.45,17.44,75.98
41,043090,더테크놀로지,5,120,14,44,59,1.0,10.0,49.55,-7.3,17.69,75.37
41,060240,스타코링크,5,120,14,44,59,1.0,10.0,49.55,35.3,13.42,75.89
41,229000,젠큐릭스,5,120,14,44,59,1.0,10.0,49.55,-19.52,8.93,76.64
41,032980,바이온,5,120,14,44,59,1.0,10.0,49.55,-12.84,12.63,74.87
41,042040,케이피엠테크,5,120,14,44,59,1.0,10.0,49.55,-1.35,17.24,76.57
41,128540,에코캡,5,120,14,44,59,1.0,10.0,49.55,36.22,14.79,71.07
41,220180,핸디소프트,5,120,14,44,59,1.0,10.0,49.55,26.01,17.8,78.3
41,900100,애머릿지,5,120,14,44,59,1.0,10.0,49.55,33.13,10.16,76.99
41,043220,티에스넥스젠,5,120,14,44,59,1.0,10.0,49.55,19.53,15.34,77.15
41,237820,플레이디,5,120,14,44,59,1.0,10.0,49.55,-9.08,14.36,70.13
41,204840,지엘팜텍,5,120,14,44,59,1.0,10.0,49.55,10.69,17.67,72.64
41,317830,에스피시스템스,5,120,14,44,59,1.0,10.0,49.55,143.59,17.13,74.6
41,321820,아티스트유나이티드,5,120,14,44,59,1.0,10.0,49.55,228.51,8.96,73.93
41,235980,메드팩토,5,120,14,44,59,1.0,10.0,49.55,-52.91,11.82,72.18
41,024810,이화전기,5,120,14,44,59,1.0,10.0,49.55,-2.05,13.82,71.14
41,315640,딥노이드,5,120,14,44,59,1.0,10.0,49.55,484.5,11.0,76.6
41,096040,이트론,5,120,14,44,59,1.0,10.0,49.55,37.3,12.41,74.08
41,226330,신테카바이오,5,120,14,44,59,1.0,10.0,49.55,20.12,12.91,78.87
41,066410,버킷스튜디오,5,120,14,44,59,1.0,10.0,49.55,18.38,16.56,74.05
41,307930,컴퍼니케이,5,120,14,44,59,1.0,10.0,49.55,82.59,14.22,73.07
41,060240,스타코링크,5,120,14,24,59,1.0,10.0,48.7,36.16,13.42,75.89
41,237820,플레이디,5,120,14,24,59,1.0,10.0,48.7,0.0,14.36,70.13
41,229000,젠큐릭스,5,120,14,24,59,1.0,10.0,48.7,0.0,8.93,76.64
41,018700,바른손,5,120,14,24,59,1.0,10.0,48.7,698.17,14.61,76.58
41,032980,바이온,5,120,14,24,59,1.0,10.0,48.7,0.0,12.63,74.87
41,042040,케이피엠테크,5,120,14,24,59,1.0,10.0,48.7,0.0,17.24,76.57
41,128540,에코캡,5,120,14,24,59,1.0,10.0,48.7,0.0,14.79,71.07
41,220180,핸디소프트,5,120,14,24,59,1.0,10.0,48.7,0.0,17.8,78.3
41,900100,애머릿지,5,120,14,24,59,1.0,10.0,48.7,49.3,10.16,76.99
41,043220,티에스넥스젠,5,120,14,24,59,1.0,10.0,48.7,0.0,15.34,77.15
41,307930,컴퍼니케이,5,120,14,24,59,1.0,10.0,48.7,0.0,14.22,73.07
41,185490,아이진,5,120,14,24,59,1.0,10.0,48.7,0.0,17.44,75.98
41,317830,에스피시스템스,5,120,14,24,59,1.0,10.0,48.7,0.0,17.13,74.6
41,204840,지엘팜텍,5,120,14,24,59,1.0,10.0,48.7,0.0,17.67,72.64
41,315640,딥노이드,5,120,14,24,59,1.0,10.0,48.7,0.0,11.0,76.6
41,066410,버킷스튜디오,5,120,14,24,59,1.0,10.0,48.7,0.0,16.56,74.05
41,226330,신테카바이오,5,120,14,24,59,1.0,10.0,48.7,0.0,12.91,78.87
41,321820,아티스트유나이티드,5,120,14,24,59,1.0,10.0,48.7,228.51,8.96,73.93
41,235980,메드팩토,5,120,14,24,59,1.0,10.0,48.7,0.0,11.82,72.18
41,096040,이트론,5,120,14,24,59,1.0,10.0,48.7,59.24,12.41,74.08
41,024810,이화전기,5,120,14,24,59,1.0,10.0,48.7,0.0,13.82,71.14
41,043090,더테크놀로지,5,120,14,24,59,1.0,10.0,48.7,0.0,17.69,75.37
41,317830,에스피시스템스,5,120,14,24,69,1.0,10.0,47.26,0.0,17.13,74.6
41,229000,젠큐릭스,5,120,14,24,69,1.0,10.0,47.26,0.0,8.93,76.64
41,043090,더테크놀로지,5,120,14,24,69,1.0,10.0,47.26,0.0,17.69,75.37
41,018700,바른손,5,120,14,24,69,1.0,10.0,47.26,698.17,14.61,76.58
41,032980,바이온,5,120,14,24,69,1.0,10.0,47.26,0.0,12.63,74.87
41,042040,케이피엠테크,5,120,14,24,69,1.0,10.0,47.26,0.0,17.24,76.57
41,128540,에코캡,5,120,14,24,69,1.0,10.0,47.26,0.0,14.79,71.07
41,220180,핸디소프트,5,120,14,24,69,1.0,10.0,47.26,0.0,17.8,78.3
41,900100,애머릿지,5,120,14,24,69,1.0,10.0,47.26,76.46,10.16,76.99
41,043220,티에스넥스젠,5,120,14,24,69,1.0,10.0,47.26,0.0,15.34,77.15
41,237820,플레이디,5,120,14,24,69,1.0,10.0,47.26,0.0,14.36,70.13
41,185490,아이진,5,120,14,24,69,1.0,10.0,47.26,0.0,17.44,75.98
41,060240,스타코링크,5,120,14,24,69,1.0,10.0,47.26,36.16,13.42,75.89
41,204840,지엘팜텍,5,120,14,24,69,1.0,10.0,47.26,0.0,17.67,72.64
41,307930,컴퍼니케이,5,120,14,24,69,1.0,10.0,47.26,0.0,14.22,73.07
41,066410,버킷스튜디오,5,120,14,24,69,1.0,10.0,47.26,0.0,16.56,74.05
41,226330,신테카바이오,5,120,14,24,69,1.0,10.0,47.26,0.0,12.91,78.87
41,321820,아티스트유나이티드,5,120,14,24,69,1.0,10.0,47.26,228.51,8.96,73.93
41,315640,딥노이드,5,120,14,24,69,1.0,10.0,47.26,0.0,11.0,76.6
41,024810,이화전기,5,120,14,24,69,1.0,10.0,47.26,0.0,13.82,71.14
41,096040,이트론,5,120,14,24,69,1.0,10.0,47.26,0.34,12.41,74.08
41,235980,메드팩토,5,120,14,24,69,1.0,10.0,47.26,0.0,11.82,72.18
41,060240,스타코링크,5,120,14,44,64,1.0,10.0,46.99,-3.53,13.42,75.89
41,229000,젠큐릭스,5,120,14,44,64,1.0,10.0,46.99,-22.8,8.93,76.64
41,235980,메드팩토,5,120,14,44,64,1.0,10.0,46.99,-52.91,11.82,72.18
41,096040,이트론,5,120,14,44,64,1.0,10.0,46.99,23.86,12.41,74.08
41,185490,아이진,5,120,14,44,64,1.0,10.0,46.99,21.05,17.44,75.98
41,043090,더테크놀로지,5,120,14,44,64,1.0,10.0,46.99,-6.71,17.69,75.37
41,018700,바른손,5,120,14,44,64,1.0,10.0,46.99,16.42,14.61,76.58
41,032980,바이온,5,120,14,44,64,1.0,10.0,46.99,-12.84,12.63,74.87
41,042040,케이피엠테크,5,120,14,44,64,1.0,10.0,46.99,-1.35,17.24,76.57
41,128540,에코캡,5,120,14,44,64,1.0,10.0,46.99,45.13,14.79,71.07
41,900100,애머릿지,5,120,14,44,64,1.0,10.0,46.99,42.84,10.16,76.99
41,043220,티에스넥스젠,5,120,14,44,64,1.0,10.0,46.99,0.37,15.34,77.15
41,237820,플레이디,5,120,14,44,64,1.0,10.0,46.99,-9.08,14.36,70.13
41,220180,핸디소프트,5,120,14,44,64,1.0,10.0,46.99,-9.26,17.8,78.3
41,024810,이화전기,5,120,14,44,64,1.0,10.0,46.99,-3.89,13.82,71.14
41,204840,지엘팜텍,5,120,14,44,64,1.0,10.0,46.99,10.69,17.67,72.64
41,307930,컴퍼니케이,5,120,14,44,64,1.0,10.0,46.99,-5.3,14.22,73.07
41,066410,버킷스튜디오,5,120,14,44,64,1.0,10.0,46.99,2.84,16.56,74.05
41,226330,신테카바이오,5,120,14,44,64,1.0,10.0,46.99,-15.94,12.91,78.87
41,321820,아티스트유나이티드,5,120,14,44,64,1.0,10.0,46.99,228.51,8.96,73.93
41,315640,딥노이드,5,120,14,44,64,1.0,10.0,46.99,642.12,11.0,76.6
41,317830,에스피시스템스,5,120,14,44,64,1.0,10.0,46.99,143.59,17.13,74.6
41,066410,버킷스튜디오,5,120,14,24,64,1.0,10.0,46.72,0.0,16.56,74.05
41,317830,에스피시스템스,5,120,14,24,64,1.0,10.0,46.72,0.0,17.13,74.6
41,204840,지엘팜텍,5,120,14,24,64,1.0,10.0,46.72,0.0,17.67,72.64
41,307930,컴퍼니케이,5,120,14,24,64,1.0,10.0,46.72,0.0,14.22,73.07
41,096040,이트론,5,120,14,24,64,1.0,10.0,46.72,15.65,12.41,74.08
41,226330,신테카바이오,5,120,14,24,64,1.0,10.0,46.72,0.0,12.91,78.87
41,321820,아티스트유나이티드,5,120,14,24,64,1.0,10.0,46.72,228.51,8.96,73.93
41,315640,딥노이드,5,120,14,24,64,1.0,10.0,46.72,0.0,11.0,76.6
41,237820,플레이디,5,120,14,24,64,1.0,10.0,46.72,0.0,14.36,70.13
41,024810,이화전기,5,120,14,24,64,1.0,10.0,46.72,0.0,13.82,71.14
41,185490,아이진,5,120,14,24,64,1.0,10.0,46.72,0.0,17.44,75.98
41,043220,티에스넥스젠,5,120,14,24,64,1.0,10.0,46.72,0.0,15.34,77.15
41,018700,바른손,5,120,14,24,64,1.0,10.0,46.72,698.17,14.61,76.58
41,900100,애머릿지,5,120,14,24,64,1.0,10.0,46.72,49.3,10.16,76.99
41,043090,더테크놀로지,5,120,14,24,64,1.0,10.0,46.72,0.0,17.69,75.37
41,060240,스타코링크,5,120,14,24,64,1.0,10.0,46.72,36.16,13.42,75.89
41,229000,젠큐릭스,5,120,14,24,64,1.0,10.0,46.72,0.0,8.93,76.64
41,235980,메드팩토,5,120,14,24,64,1.0,10.0,46.72,0.0,11.82,72.18
41,032980,바이온,5,120,14,24,64,1.0,10.0,46.72,0.0,12.63,74.87
41,128540,에코캡,5,120,14,24,64,1.0,10.0,46.72,0.0,14.79,71.07
41,220180,핸디소프트,5,120,14,24,64,1.0,10.0,46.72,0.0,17.8,78.3
41,042040,케이피엠테크,5,120,14,24,64,1.0,10.0,46.72,0.0,17.24,76.57
41,185490,아이진,5,120,14,34,74,1.0,10.0,45.27,0.0,17.44,75.98
41,096040,이트론,5,120,14,34,74,1.0,10.0,45.27,0.71,12.41,74.08
41,024810,이화전기,5,120,14,34,74,1.0,10.0,45.27,-13.03,13.82,71.14
41,315640,딥노이드,5,120,14,34,74,1.0,10.0,45.27,58.75,11.0,76.6
41,321820,아티스트유나이티드,5,120,14,34,74,1.0,10.0,45.27,32.72,8.96,73.93
41,226330,신테카바이오,5,120,14,34,74,1.0,10.0,45.27,0.0,12.91,78.87
41,066410,버킷스튜디오,5,120,14,34,74,1.0,10.0,45.27,0.0,16.56,74.05
41,307930,컴퍼니케이,5,120,14,34,74,1.0,10.0,45.27,0.0,14.22,73.07
41,204840,지엘팜텍,5,120,14,34,74,1.0,10.0,45.27,0.0,17.67,72.64
41,317830,에스피시스템스,5,120,14,34,74,1.0,10.0,45.27,0.0,17.13,74.6
41,043220,티에스넥스젠,5,120,14,34,74,1.0,10.0,45.27,0.0,15.34,77.15
41,237820,플레이디,5,120,14,34,74,1.0,10.0,45.27,0.0,14.36,70.13
41,900100,애머릿지,5,120,14,34,74,1.0,10.0,45.27,42.4,10.16,76.99
41,220180,핸디소프트,5,120,14,34,74,1.0,10.0,45.27,0.0,17.8,78.3
41,128540,에코캡,5,120,14,34,74,1.0,10.0,45.27,0.0,14.79,71.07
41,032980,바이온,5,120,14,34,74,1.0,10.0,45.27,-7.85,12.63,74.87
41,018700,바른손,5,120,14,34,74,1.0,10.0,45.27,698.17,14.61,76.58
41,229000,젠큐릭스,5,120,14,34,74,1.0,10.0,45.27,-46.2,8.93,76.64
41,060240,스타코링크,5,120,14,34,74,1.0,10.0,45.27,36.16,13.42,75.89
41,043090,더테크놀로지,5,120,14,34,74,1.0,10.0,45.27,49.42,17.69,75.37
41,235980,메드팩토,5,120,14,34,74,1.0,10.0,45.27,0.0,11.82,72.18
41,042040,케이피엠테크,5,120,14,34,74,1.0,10.0,45.27,144.76,17.24,76.57
41,235980,메드팩토,5,120,14,24,54,1.0,10.0,44.38,0.0,11.82,72.18
41,043090,더테크놀로지,5,120,14,24,54,1.0,10.0,44.38,0.0,17.69,75.37
41,185490,아이진,5,120,14,24,54,1.0,10.0,44.38,0.0,17.44,75.98
41,096040,이트론,5,120,14,24,54,1.0,10.0,44.38,44.01,12.41,74.08
41,024810,이화전기,5,120,14,24,54,1.0,10.0,44.38,0.0,13.82,71.14
41,315640,딥노이드,5,120,14,24,54,1.0,10.0,44.38,0.0,11.0,76.6
41,321820,아티스트유나이티드,5,120,14,24,54,1.0,10.0,44.38,228.51,8.96,73.93
41,226330,신테카바이오,5,120,14,24,54,1.0,10.0,44.38,0.0,12.91,78.87
41,066410,버킷스튜디오,5,120,14,24,54,1.0,10.0,44.38,0.0,16.56,74.05
41,307930,컴퍼니케이,5,120,14,24,54,1.0,10.0,44.38,0.0,14.22,73.07
41,204840,지엘팜텍,5,120,14,24,54,1.0,10.0,44.38,0.0,17.67,72.64
41,317830,에스피시스템스,5,120,14,24,54,1.0,10.0,44.38,0.0,17.13,74.6
41,060240,스타코링크,5,120,14,24,54,1.0,10.0,44.38,-19.37,13.42,75.89
41,237820,플레이디,5,120,14,24,54,1.0,10.0,44.38,0.0,14.36,70.13
41,900100,애머릿지,5,120,14,24,54,1.0,10.0,44.38,24.96,10.16,76.99
41,220180,핸디소프트,5,120,14,24,54,1.0,10.0,44.38,0.0,17.8,78.3
41,128540,에코캡,5,120,14,24,54,1.0,10.0,44.38,0.0,14.79,71.07
41,042040,케이피엠테크,5,120,14,24,54,1.0,10.0,44.38,0.0,17.24,76.57
41,032980,바이온,5,120,14,24,54,1.0,10.0,44.38,0.0,12.63,74.87
41,018700,바른손,5,120,14,24,54,1.0,10.0,44.38,698.17,14.61,76.58
41,229000,젠큐릭스,5,120,14,24,54,1.0,10.0,44.38,0.0,8.93,76.64
41,043220,티에스넥스젠,5,120,14,24,54,1.0,10.0,44.38,0.0,15.34,77.15
41,321820,아티스트유나이티드,5,60,14,29,69,1.0,10.0,44.32,310.52,8.96,73.93
41,307930,컴퍼니케이,5,60,14,29,69,1.0,10.0,44.32,0.0,14.22,73.07
41,066410,버킷스튜디오,5,60,14,29,69,1.0,10.0,44.32,0.0,16.56,74.05
41,226330,신테카바이오,5,60,14,29,69,1.0,10.0,44.32,0.0,12.91,78.87
41,235980,메드팩토,5,60,14,29,69,1.0,10.0,44.32,0.0,11.82,72.18
41,315640,딥노이드,5,60,14,29,69,1.0,10.0,44.32,71.15,11.0,76.6
41,024810,이화전기,5,60,14,29,69,1.0,10.0,44.32,140.76,13.82,71.14
41,096040,이트론,5,60,14,29,69,1.0,10.0,44.32,-0.12,12.41,74.08
41,317830,에스피시스템스,5,60,14,29,69,1.0,10.0,44.32,0.0,17.13,74.6
41,204840,지엘팜텍,5,60,14,29,69,1.0,10.0,44.32,0.0,17.67,72.64
41,900100,애머릿지,5,60,14,29,69,1.0,10.0,44.32,50.68,10.16,76.99
41,185490,아이진,5,60,14,29,69,1.0,10.0,44.32,0.0,17.44,75.98
41,237820,플레이디,5,60,14,29,69,1.0,10.0,44.32,0.0,14.36,70.13
41,043220,티에스넥스젠,5,60,14,29,69,1.0,10.0,44.32,0.0,15.34,77.15
41,220180,핸디소프트,5,60,14,29,69,1.0,10.0,44.32,0.0,17.8,78.3
41,128540,에코캡,5,60,14,29,69,1.0,10.0,44.32,0.0,14.79,71.07
41,042040,케이피엠테크,5,60,14,29,69,1.0,10.0,44.32,0.0,17.24,76.57
41,032980,바이온,5,60,14,29,69,1.0,10.0,44.32,0.0,12.63,74.87
41,018700,바른손,5,60,14,29,69,1.0,10.0,44.32,351.02,14.61,76.58
41,043090,더테크놀로지,5,60,14,29,69,1.0,10.0,44.32,0.0,17.69,75.37
41,229000,젠큐릭스,5,60,14,29,69,1.0,10.0,44.32,0.0,8.93,76.64
41,060240,스타코링크,5,60,14,29,69,1.0,10.0,44.32,51.12,13.42,75.89
41,024810,이화전기,5,120,14,29,74,1.0,10.0,38.9,-13.03,13.82,71.14
41,096040,이트론,5,120,14,29,74,1.0,10.0,38.9,0.71,12.41,74.08
41,043090,더테크놀로지,5,120,14,29,74,1.0,10.0,38.9,0.0,17.69,75.37
41,060240,스타코링크,5,120,14,29,74,1.0,10.0,38.9,36.16,13.42,75.89
41,229000,젠큐릭스,5,120,14,29,74,1.0,10.0,38.9,0.0,8.93,76.64
41,018700,바른손,5,120,14,29,74,1.0,10.0,38.9,698.17,14.61,76.58
41,032980,바이온,5,120,14,29,74,1.0,10.0,38.9,0.0,12.63,74.87
41,042040,케이피엠테크,5,120,14,29,74,1.0,10.0,38.9,0.0,17.24,76.57
41,128540,에코캡,5,120,14,29,74,1.0,10.0,38.9,0.0,14.79,71.07
41,220180,핸디소프트,5,120,14,29,74,1.0,10.0,38.9,0.0,17.8,78.3
41,900100,애머릿지,5,120,14,29,74,1.0,10.0,38.9,42.4,10.16,76.99
41,043220,티에스넥스젠,5,120,14,29,74,1.0,10.0,38.9,0.0,15.34,77.15
41,237820,플레이디,5,120,14,29,74,1.0,10.0,38.9,0.0,14.36,70.13
41,185490,아이진,5,120,14,29,74,1.0,10.0,38.9,0.0,17.44,75.98
41,317830,에스피시스템스,5,120,14,29,74,1.0,10.0,38.9,0.0,17.13,74.6
41,204840,지엘팜텍,5,120,14,29,74,1.0,10.0,38.9,0.0,17.67,72.64
41,307930,컴퍼니케이,5,120,14,29,74,1.0,10.0,38.9,0.0,14.22,73.07
41,066410,버킷스튜디오,5,120,14,29,74,1.0,10.0,38.9,0.0,16.56,74.05
41,226330,신테카바이오,5,120,14,29,74,1.0,10.0,38.9,0.0,12.91,78.87
41,321820,아티스트유나이티드,5,120,14,29,74,1.0,10.0,38.9,32.72,8.96,73.93
41,315640,딥노이드,5,120,14,29,74,1.0,10.0,38.9,58.75,11.0,76.6
41,235980,메드팩토,5,120,14,29,74,1.0,10.0,38.9,0.0,11.82,72.18
41,235980,메드팩토,5,120,14,24,74,1.0,10.0,38.37,0.0,11.82,72.18
41,043090,더테크놀로지,5,120,14,24,74,1.0,10.0,38.37,0.0,17.69,75.37
41,185490,아이진,5,120,14,24,74,1.0,10.0,38.37,0.0,17.44,75.98
41,018700,바른손,5,120,14,24,74,1.0,10.0,38.37,698.17,14.61,76.58
41,032980,바이온,5,120,14,24,74,1.0,10.0,38.37,0.0,12.63,74.87
41,042040,케이피엠테크,5,120,14,24,74,1.0,10.0,38.37,0.0,17.24,76.57
41,128540,에코캡,5,120,14,24,74,1.0,10.0,38.37,0.0,14.79,71.07
41,220180,핸디소프트,5,120,14,24,74,1.0,10.0,38.37,0.0,17.8,78.3
41,900100,애머릿지,5,120,14,24,74,1.0,10.0,38.37,76.46,10.16,76.99
41,043220,티에스넥스젠,5,120,14,24,74,1.0,10.0,38.37,0.0,15.34,77.15
41,237820,플레이디,5,120,14,24,74,1.0,10.0,38.37,0.0,14.36,70.13
41,317830,에스피시스템스,5,120,14,24,74,1.0,10.0,38.37,0.0,17.13,74.6
41,060240,스타코링크,5,120,14,24,74,1.0,10.0,38.37,36.16,13.42,75.89
41,096040,이트론,5,120,14,24,74,1.0,10.0,38.37,0.71,12.41,74.08
41,204840,지엘팜텍,5,120,14,24,74,1.0,10.0,38.37,0.0,17.67,72.64
41,307930,컴퍼니케이,5,120,14,24,74,1.0,10.0,38.37,0.0,14.22,73.07
41,066410,버킷스튜디오,5,120,14,24,74,1.0,10.0,38.37,0.0,16.56,74.05
41,226330,신테카바이오,5,120,14,24,74,1.0,10.0,38.37,0.0,12.91,78.87
41,321820,아티스트유나이티드,5,120,14,24,74,1.0,10.0,38.37,32.72,8.96,73.93
41,315640,딥노이드,5,120,14,24,74,1.0,10.0,38.37,0.0,11.0,76.6
41,024810,이화전기,5,120,14,24,74,1.0,10.0,38.37,0.0,13.82,71.14
41,229000,젠큐릭스,5,120,14,24,74,1.0,10.0,38.37,0.0,8.93,76.64
41,024810,이화전기,5,60,14,49,64,1.0,10.0,38.25,-4.55,13.82,71.14
41,315640,딥노이드,5,60,14,49,64,1.0,10.0,38.25,556.55,11.0,76.6
41,043220,티에스넥스젠,5,60,14,49,64,1.0,10.0,38.25,-7.83,15.34,77.15
41,321820,아티스트유나이티드,5,60,14,49,64,1.0,10.0,38.25,310.52,8.96,73.93
41,226330,신테카바이오,5,60,14,49,64,1.0,10.0,38.25,-22.8,12.91,78.87
41,066410,버킷스튜디오,5,60,14,49,64,1.0,10.0,38.25,-6.38,16.56,74.05
41,307930,컴퍼니케이,5,60,14,49,64,1.0,10.0,38.25,-2.95,14.22,73.07
41,204840,지엘팜텍,5,60,14,49,64,1.0,10.0,38.25,0.84,17.67,72.64
41,317830,에스피시스템스,5,60,14,49,64,1.0,10.0,38.25,145.72,17.13,74.6
41,185490,아이진,5,60,14,49,64,1.0,10.0,38.25,-2.28,17.44,75.98
41,900100,애머릿지,5,60,14,49,64,1.0,10.0,38.25,-9.25,10.16,76.99
41,043090,더테크놀로지,5,60,14,49,64,1.0,10.0,38.25,-3.98,17.69,75.37
41,220180,핸디소프트,5,60,14,49,64,1.0,10.0,38.25,-11.98,17.8,78.3
41,128540,에코캡,5,60,14,49,64,1.0,10.0,38.25,-3.71,14.79,71.07
41,042040,케이피엠테크,5,60,14,49,64,1.0,10.0,38.25,-9.5,17.24,76.57
41,032980,바이온,5,60,14,49,64,1.0,10.0,38.25,-13.77,12.63,74.87
41,018700,바른손,5,60,14,49,64,1.0,10.0,38.25,9.2,14.61,76.58
41,229000,젠큐릭스,5,60,14,49,64,1.0,10.0,38.25,-20.12,8.93,76.64
41,060240,스타코링크,5,60,14,49,64,1.0,10.0,38.25,-7.35,13.42,75.89
41,237820,플레이디,5,60,14,49,64,1.0,10.0,38.25,-11.75,14.36,70.13
41,096040,이트론,5,60,14,49,64,1.0,10.0,38.25,7.18,12.41,74.08
41,235980,메드팩토,5,60,14,49,64,1.0,10.0,38.25,-50.22,11.82,72.18
41,024810,이화전기,5,60,14,24,69,1.0,10.0,37.93,0.0,13.82,71.14
41,043090,더테크놀로지,5,60,14,24,69,1.0,10.0,37.93,0.0,17.69,75.37
41,060240,스타코링크,5,60,14,24,69,1.0,10.0,37.93,51.12,13.42,75.89
41,229000,젠큐릭스,5,60,14,24,69,1.0,10.0,37.93,0.0,8.93,76.64
41,018700,바른손,5,60,14,24,69,1.0,10.0,37.93,351.02,14.61,76.58
41,032980,바이온,5,60,14,24,69,1.0,10.0,37.93,0.0,12.63,74.87
41,042040,케이피엠테크,5,60,14,24,69,1.0,10.0,37.93,0.0,17.24,76.57
41,128540,에코캡,5,60,14,24,69,1.0,10.0,37.93,0.0,14.79,71.07
41,220180,핸디소프트,5,60,14,24,69,1.0,10.0,37.93,0.0,17.8,78.3
41,900100,애머릿지,5,60,14,24,69,1.0,10.0,37.93,50.68,10.16,76.99
41,043220,티에스넥스젠,5,60,14,24,69,1.0,10.0,37.93,0.0,15.34,77.15
41,237820,플레이디,5,60,14,24,69,1.0,10.0,37.93,0.0,14.36,70.13
41,185490,아이진,5,60,14,24,69,1.0,10.0,37.93,0.0,17.44,75.98
41,317830,에스피시스템스,5,60,14,24,69,1.0,10.0,37.93,0.0,17.13,74.6
41,204840,지엘팜텍,5,60,14,24,69,1.0,10.0,37.93,0.0,17.67,72.64
41,307930,컴퍼니케이,5,60,14,24,69,1.0,10.0,37.93,0.0,14.22,73.07
41,066410,버킷스튜디오,5,60,14,24,69,1.0,10.0,37.93,0.0,16.56,74.05
41,226330,신테카바이오,5,60,14,24,69,1.0,10.0,37.93,0.0,12.91,78.87
41,321820,아티스트유나이티드,5,60,14,24,69,1.0,10.0,37.93,310.52,8.96,73.93
41,315640,딥노이드,5,60,14,24,69,1.0,10.0,37.93,71.15,11.0,76.6
41,096040,이트론,5,60,14,24,69,1.0,10.0,37.93,-0.12,12.41,74.08
41,235980,메드팩토,5,60,14,24,69,1.0,10.0,37.93,0.0,11.82,72.18
41,060240,스타코링크,5,60,14,34,69,1.0,10.0,37.9,1.28,13.42,75.89
41,317830,에스피시스템스,5,60,14,34,69,1.0,10.0,37.9,0.0,17.13,74.6
41,235980,메드팩토,5,60,14,34,69,1.0,10.0,37.9,7.83,11.82,72.18
41,096040,이트론,5,60,14,34,69,1.0,10.0,37.9,-0.12,12.41,74.08
41,024810,이화전기,5,60,14,34,69,1.0,10.0,37.9,12.85,13.82,71.14
41,315640,딥노이드,5,60,14,34,69,1.0,10.0,37.9,71.15,11.0,76.6
41,321820,아티스트유나이티드,5,60,14,34,69,1.0,10.0,37.9,310.52,8.96,73.93
41,226330,신테카바이오,5,60,14,34,69,1.0,10.0,37.9,0.0,12.91,78.87
41,066410,버킷스튜디오,5,60,14,34,69,1.0,10.0,37.9,0.0,16.56,74.05
41,307930,컴퍼니케이,5,60,14,34,69,1.0,10.0,37.9,-2.95,14.22,73.07
41,204840,지엘팜텍,5,60,14,34,69,1.0,10.0,37.9,4.87,17.67,72.64
41,185490,아이진,5,60,14,34,69,1.0,10.0,37.9,0.0,17.44,75.98
41,043090,더테크놀로지,5,60,14,34,69,1.0,10.0,37.9,33.21,17.69,75.37
41,237820,플레이디,5,60,14,34,69,1.0,10.0,37.9,0.0,14.36,70.13
41,043220,티에스넥스젠,5,60,14,34,69,1.0,10.0,37.9,-22.69,15.34,77.15
41,900100,애머릿지,5,60,14,34,69,1.0,10.0,37.9,50.68,10.16,76.99
41,220180,핸디소프트,5,60,14,34,69,1.0,10.0,37.9,0.0,17.8,78.3
41,128540,에코캡,5,60,14,34,69,1.0,10.0,37.9,0.0,14.79,71.07
41,042040,케이피엠테크,5,60,14,34,69,1.0,10.0,37.9,48.04,17.24,76.57
41,032980,바이온,5,60,14,34,69,1.0,10.0,37.9,0.81,12.63,74.87
41,018700,바른손,5,60,14,34,69,1.0,10.0,37.9,351.02,14.61,76.58
41,229000,젠큐릭스,5,60,14,34,69,1.0,10.0,37.9,-32.59,8.93,76.64
41,060240,스타코링크,5,60,14,49,59,1.0,10.0,37.21,1.57,13.42,75.89
41,043090,더테크놀로지,5,60,14,49,59,1.0,10.0,37.21,-2.0,17.69,75.37
41,032980,바이온,5,60,14,49,59,1.0,10.0,37.21,-13.77,12.63,74.87
41,307930,컴퍼니케이,5,60,14,49,59,1.0,10.0,37.21,25.56,14.22,73.07
41,018700,바른손,5,60,14,49,59,1.0,10.0,37.21,5.68,14.61,76.58
41,229000,젠큐릭스,5,60,14,49,59,1.0,10.0,37.21,-17.09,8.93,76.64
41,220180,핸디소프트,5,60,14,49,59,1.0,10.0,37.21,12.34,17.8,78.3
41,900100,애머릿지,5,60,14,49,59,1.0,10.0,37.21,-11.98,10.16,76.99
41,043220,티에스넥스젠,5,60,14,49,59,1.0,10.0,37.21,-5.26,15.34,77.15
41,237820,플레이디,5,60,14,49,59,1.0,10.0,37.21,-11.75,14.36,70.13
41,185490,아이진,5,60,14,49,59,1.0,10.0,37.21,4.02,17.44,75.98
41,317830,에스피시스템스,5,60,14,49,59,1.0,10.0,37.21,145.72,17.13,74.6
41,204840,지엘팜텍,5,60,14,49,59,1.0,10.0,37.21,-4.7,17.67,72.64
41,066410,버킷스튜디오,5,60,14,49,59,1.0,10.0,37.21,5.29,16.56,74.05
41,042040,케이피엠테크,5,60,14,49,59,1.0,10.0,37.21,-9.5,17.24,76.57
41,226330,신테카바이오,5,60,14,49,59,1.0,10.0,37.21,-2.43,12.91,78.87
41,321820,아티스트유나이티드,5,60,14,49,59,1.0,10.0,37.21,310.52,8.96,73.93
41,315640,딥노이드,5,60,14,49,59,1.0,10.0,37.21,435.17,11.0,76.6
41,024810,이화전기,5,60,14,49,59,1.0,10.0,37.21,-3.18,13.82,71.14
41,096040,이트론,5,60,14,49,59,1.0,10.0,37.21,11.56,12.41,74.08
41,235980,메드팩토,5,60,14,49,59,1.0,10.0,37.21,-50.22,11.82,72.18
41,128540,에코캡,5,60,14,49,59,1.0,10.0,37.21,-6.88,14.79,71.07
41,235980,메드팩토,5,60,14,34,79,1.0,10.0,36.65,7.83,11.82,72.18
41,096040,이트론,5,60,14,34,79,1.0,10.0,36.65,4.14,12.41,74.08
41,226330,신테카바이오,5,60,14,34,79,1.0,10.0,36.65,0.0,12.91,78.87
41,024810,이화전기,5,60,14,34,79,1.0,10.0,36.65,-10.68,13.82,71.14
41,321820,아티스트유나이티드,5,60,14,34,79,1.0,10.0,36.65,55.47,8.96,73.93
41,220180,핸디소프트,5,60,14,34,79,1.0,10.0,36.65,0.0,17.8,78.3
41,043090,더테크놀로지,5,60,14,34,79,1.0,10.0,36.65,79.29,17.69,75.37
41,060240,스타코링크,5,60,14,34,79,1.0,10.0,36.65,1.28,13.42,75.89
41,229000,젠큐릭스,5,60,14,34,79,1.0,10.0,36.65,-32.59,8.93,76.64
41,018700,바른손,5,60,14,34,79,1.0,10.0,36.65,528.13,14.61,76.58
41,032980,바이온,5,60,14,34,79,1.0,10.0,36.65,0.81,12.63,74.87
41,042040,케이피엠테크,5,60,14,34,79,1.0,10.0,36.65,71.65,17.24,76.57
41,066410,버킷스튜디오,5,60,14,34,79,1.0,10.0,36.65,0.0,16.56,74.05
41,128540,에코캡,5,60,14,34,79,1.0,10.0,36.65,0.0,14.79,71.07
41,900100,애머릿지,5,60,14,34,79,1.0,10.0,36.65,50.68,10.16,76.99
41,043220,티에스넥스젠,5,60,14,34,79,1.0,10.0,36.65,-22.69,15.34,77.15
41,237820,플레이디,5,60,14,34,79,1.0,10.0,36.65,0.0,14.36,70.13
41,185490,아이진,5,60,14,34,79,1.0,10.0,36.65,0.0,17.44,75.98
41,317830,에스피시스템스,5,60,14,34,79,1.0,10.0,36.65,0.0,17.13,74.6
41,204840,지엘팜텍,5,60,14,34,79,1.0,10.0,36.65,4.87,17.67,72.64
41,307930,컴퍼니케이,5,60,14,34,79,1.0,10.0,36.65,-2.95,14.22,73.07
41,315640,딥노이드,5,60,14,34,79,1.0,10.0,36.65,71.15,11.0,76.6
41,043090,더테크놀로지,5,60,14,49,54,1.0,10.0,34.79,-7.96,17.69,75.37
41,060240,스타코링크,5,60,14,49,54,1.0,10.0,34.79,-18.69,13.42,75.89
41,229000,젠큐릭스,5,60,14,49,54,1.0,10.0,34.79,-16.82,8.93,76.64
41,018700,바른손,5,60,14,49,54,1.0,10.0,34.79,5.09,14.61,76.58
41,317830,에스피시스템스,5,60,14,49,54,1.0,10.0,34.79,60.96,17.13,74.6
41,235980,메드팩토,5,60,14,49,54,1.0,10.0,34.79,-50.22,11.82,72.18
41,042040,케이피엠테크,5,60,14,49,54,1.0,10.0,34.79,-16.17,17.24,76.57
41,128540,에코캡,5,60,14,49,54,1.0,10.0,34.79,-6.88,14.79,71.07
41,220180,핸디소프트,5,60,14,49,54,1.0,10.0,34.79,30.9,17.8,78.3
41,043220,티에스넥스젠,5,60,14,49,54,1.0,10.0,34.79,-9.3,15.34,77.15
41,237820,플레이디,5,60,14,49,54,1.0,10.0,34.79,8.41,14.36,70.13
41,185490,아이진,5,60,14,49,54,1.0,10.0,34.79,-6.78,17.44,75.98
41,900100,애머릿지,5,60,14,49,54,1.0,10.0,34.79,-8.43,10.16,76.99
41,204840,지엘팜텍,5,60,14,49,54,1.0,10.0,34.79,-8.63,17.67,72.64
41,315640,딥노이드,5,60,14,49,54,1.0,10.0,34.79,435.17,11.0,76.6
41,096040,이트론,5,60,14,49,54,1.0,10.0,34.79,22.13,12.41,74.08
41,307930,컴퍼니케이,5,60,14,49,54,1.0,10.0,34.79,59.24,14.22,73.07
41,024810,이화전기,5,60,14,49,54,1.0,10.0,34.79,5.72,13.82,71.14
41,032980,바이온,5,60,14,49,54,1.0,10.0,34.79,-15.92,12.63,74.87
41,321820,아티스트유나이티드,5,60,14,49,54,1.0,10.0,34.79,310.52,8.96,73.93
41,226330,신테카바이오,5,60,14,49,54,1.0,10.0,34.79,-10.93,12.91,78.87
41,066410,버킷스튜디오,5,60,14,49,54,1.0,10.0,34.79,3.89,16.56,74.05
41,185490,아이진,5,60,14,24,79,1.0,10.0,34.58,0.0,17.44,75.98
41,024810,이화전기,5,60,14,24,79,1.0,10.0,34.58,0.0,13.82,71.14
41,321820,아티스트유나이티드,5,60,14,24,79,1.0,10.0,34.58,55.47,8.96,73.93
41,226330,신테카바이오,5,60,14,24,79,1.0,10.0,34.58,0.0,12.91,78.87
41,066410,버킷스튜디오,5,60,14,24,79,1.0,10.0,34.58,0.0,16.56,74.05
41,307930,컴퍼니케이,5,60,14,24,79,1.0,10.0,34.58,0.0,14.22,73.07
41,204840,지엘팜텍,5,60,14,24,79,1.0,10.0,34.58,0.0,17.67,72.64
41,317830,에스피시스템스,5,60,14,24,79,1.0,10.0,34.58,0.0,17.13,74.6
41,315640,딥노이드,5,60,14,24,79,1.0,10.0,34.58,71.15,11.0,76.6
41,235980,메드팩토,5,60,14,24,79,1.0,10.0,34.58,0.0,11.82,72.18
41,237820,플레이디,5,60,14,24,79,1.0,10.0,34.58,0.0,14.36,70.13
41,043220,티에스넥스젠,5,60,14,24,79,1.0,10.0,34.58,0.0,15.34,77.15
41,900100,애머릿지,5,60,14,24,79,1.0,10.0,34.58,50.68,10.16,76.99
41,220180,핸디소프트,5,60,14,24,79,1.0,10.0,34.58,0.0,17.8,78.3
41,128540,에코캡,5,60,14,24,79,1.0,10.0,34.58,0.0,14.79,71.07
41,042040,케이피엠테크,5,60,14,24,79,1.0,10.0,34.58,0.0,17.24,76.57
41,032980,바이온,5,60,14,24,79,1.0,10.0,34.58,0.0,12.63,74.87
41,018700,바른손,5,60,14,24,79,1.0,10.0,34.58,528.13,14.61,76.58
41,060240,스타코링크,5,60,14,24,79,1.0,10.0,34.58,51.12,13.42,75.89
41,043090,더테크놀로지,5,60,14,24,79,1.0,10.0,34.58,0.0,17.69,75.37
41,229000,젠큐릭스,5,60,14,24,79,1.0,10.0,34.58,0.0,8.93,76.64
41,096040,이트론,5,60,14,24,79,1.0,10.0,34.58,4.14,12.41,74.08
41,900100,애머릿지,5,60,14,29,79,1.0,10.0,34.09,50.68,10.16,76.99
41,043220,티에스넥스젠,5,60,14,29,79,1.0,10.0,34.09,0.0,15.34,77.15
41,235980,메드팩토,5,60,14,29,79,1.0,10.0,34.09,0.0,11.82,72.18
41,315640,딥노이드,5,60,14,29,79,1.0,10.0,34.09,71.15,11.0,76.6
41,321820,아티스트유나이티드,5,60,14,29,79,1.0,10.0,34.09,55.47,8.96,73.93
41,226330,신테카바이오,5,60,14,29,79,1.0,10.0,34.09,0.0,12.91,78.87
41,066410,버킷스튜디오,5,60,14,29,79,1.0,10.0,34.09,0.0,16.56,74.05
41,307930,컴퍼니케이,5,60,14,29,79,1.0,10.0,34.09,0.0,14.22,73.07
41,204840,지엘팜텍,5,60,14,29,79,1.0,10.0,34.09,0.0,17.67,72.64
41,317830,에스피시스템스,5,60,14,29,79,1.0,10.0,34.09,0.0,17.13,74.6
41,185490,아이진,5,60,14,29,79,1.0,10.0,34.09,0.0,17.44,75.98
41,237820,플레이디,5,60,14,29,79,1.0,10.0,34.09,0.0,14.36,70.13
41,096040,이트론,5,60,14,29,79,1.0,10.0,34.09,4.14,12.41,74.08
41,024810,이화전기,5,60,14,29,79,1.0,10.0,34.09,-10.68,13.82,71.14
41,220180,핸디소프트,5,60,14,29,79,1.0,10.0,34.09,0.0,17.8,78.3
41,128540,에코캡,5,60,14,29,79,1.0,10.0,34.09,0.0,14.79,71.07
41,042040,케이피엠테크,5,60,14,29,79,1.0,10.0,34.09,0.0,17.24,76.57
41,032980,바이온,5,60,14,29,79,1.0,10.0,34.09,0.0,12.63,74.87
41,018700,바른손,5,60,14,29,79,1.0,10.0,34.09,528.13,14.61,76.58
41,229000,젠큐릭스,5,60,14,29,79,1.0,10.0,34.09,0.0,8.93,76.64
41,060240,스타코링크,5,60,14,29,79,1.0,10.0,34.09,51.12,13.42,75.89
41,043090,더테크놀로지,5,60,14,29,79,1.0,10.0,34.09,0.0,17.69,75.37
41,024810,이화전기,5,120,14,49,64,1.0,10.0,33.77,-8.19,13.82,71.14
41,235980,메드팩토,5,120,14,49,64,1.0,10.0,33.77,-52.91,11.82,72.18
41,096040,이트론,5,120,14,49,64,1.0,10.0,33.77,23.86,12.41,74.08
41,237820,플레이디,5,120,14,49,64,1.0,10.0,33.77,-9.08,14.36,70.13
41,317830,에스피시스템스,5,120,14,49,64,1.0,10.0,33.77,6.55,17.13,74.6
41,220180,핸디소프트,5,120,14,49,64,1.0,10.0,33.77,-11.26,17.8,78.3
41,321820,아티스트유나이티드,5,120,14,49,64,1.0,10.0,33.77,228.51,8.96,73.93
41,226330,신테카바이오,5,120,14,49,64,1.0,10.0,33.77,-15.94,12.91,78.87
41,066410,버킷스튜디오,5,120,14,49,64,1.0,10.0,33.77,-11.08,16.56,74.05
41,307930,컴퍼니케이,5,120,14,49,64,1.0,10.0,33.77,-5.3,14.22,73.07
41,204840,지엘팜텍,5,120,14,49,64,1.0,10.0,33.77,30.55,17.67,72.64
41,185490,아이진,5,120,14,49,64,1.0,10.0,33.77,-0.11,17.44,75.98
41,043220,티에스넥스젠,5,120,14,49,64,1.0,10.0,33.77,7.79,15.34,77.15
41,900100,애머릿지,5,120,14,49,64,1.0,10.0,33.77,-11.13,10.16,76.99
41,128540,에코캡,5,120,14,49,64,1.0,10.0,33.77,-13.45,14.79,71.07
41,042040,케이피엠테크,5,120,14,49,64,1.0,10.0,33.77,-5.84,17.24,76.57
41,032980,바이온,5,120,14,49,64,1.0,10.0,33.77,-12.84,12.63,74.87
41,018700,바른손,5,120,14,49,64,1.0,10.0,33.77,8.82,14.61,76.58
41,229000,젠큐릭스,5,120,14,49,64,1.0,10.0,33.77,-22.88,8.93,76.64
41,060240,스타코링크,5,120,14,49,64,1.0,10.0,33.77,-12.29,13.42,75.89
41,043090,더테크놀로지,5,120,14,49,64,1.0,10.0,33.77,-12.87,17.69,75.37
41,315640,딥노이드,5,120,14,49,64,1.0,10.0,33.77,642.12,11.0,76.6
41,315640,딥노이드,5,120,14,49,59,1.0,10.0,33.04,484.5,11.0,76.6
41,066410,버킷스튜디오,5,120,14,49,59,1.0,10.0,33.04,-1.67,16.56,74.05
41,060240,스타코링크,5,120,14,49,59,1.0,10.0,33.04,7.56,13.42,75.89
41,321820,아티스트유나이티드,5,120,14,49,59,1.0,10.0,33.04,228.51,8.96,73.93
41,229000,젠큐릭스,5,120,14,49,59,1.0,10.0,33.04,-19.92,8.93,76.64
41,024810,이화전기,5,120,14,49,59,1.0,10.0,33.04,-7.25,13.82,71.14
41,096040,이트론,5,120,14,49,59,1.0,10.0,33.04,37.3,12.41,74.08
41,235980,메드팩토,5,120,14,49,59,1.0,10.0,33.04,-52.91,11.82,72.18
41,204840,지엘팜텍,5,120,14,49,59,1.0,10.0,33.04,24.1,17.67,72.64
41,307930,컴퍼니케이,5,120,14,49,59,1.0,10.0,33.04,22.61,14.22,73.07
41,226330,신테카바이오,5,120,14,49,59,1.0,10.0,33.04,20.12,12.91,78.87
41,317830,에스피시스템스,5,120,14,49,59,1.0,10.0,33.04,6.55,17.13,74.6
41,128540,에코캡,5,120,14,49,59,1.0,10.0,33.04,-17.04,14.79,71.07
41,185490,아이진,5,120,14,49,59,1.0,10.0,33.04,11.92,17.44,75.98
41,043090,더테크놀로지,5,120,14,49,59,1.0,10.0,33.04,-11.95,17.69,75.37
41,032980,바이온,5,120,14,49,59,1.0,10.0,33.04,-12.84,12.63,74.87
41,042040,케이피엠테크,5,120,14,49,59,1.0,10.0,33.04,-5.84,17.24,76.57
41,018700,바른손,5,120,14,49,59,1.0,10.0,33.04,4.92,14.61,76.58
41,220180,핸디소프트,5,120,14,49,59,1.0,10.0,33.04,12.09,17.8,78.3
41,043220,티에스넥스젠,5,120,14,49,59,1.0,10.0,33.04,19.33,15.34,77.15
41,237820,플레이디,5,120,14,49,59,1.0,10.0,33.04,-9.08,14.36,70.13
41,900100,애머릿지,5,120,14,49,59,1.0,10.0,33.04,-14.06,10.16,76.99
41,317830,에스피시스템스,5,120,14,49,54,1.0,10.0,30.3,-53.9,17.13,74.6
41,235980,메드팩토,5,120,14,49,54,1.0,10.0,30.3,-52.91,11.82,72.18
41,096040,이트론,5,120,14,49,54,1.0,10.0,30.3,55.48,12.41,74.08
41,024810,이화전기,5,120,14,49,54,1.0,10.0,30.3,-0.44,13.82,71.14
41,315640,딥노이드,5,120,14,49,54,1.0,10.0,30.3,484.5,11.0,76.6
41,321820,아티스트유나이티드,5,120,14,49,54,1.0,10.0,30.3,228.51,8.96,73.93
41,226330,신테카바이오,5,120,14,49,54,1.0,10.0,30.3,7.23,12.91,78.87
41,066410,버킷스튜디오,5,120,14,49,54,1.0,10.0,30.3,-2.67,16.56,74.05
41,307930,컴퍼니케이,5,120,14,49,54,1.0,10.0,30.3,34.66,14.22,73.07
41,204840,지엘팜텍,5,120,14,49,54,1.0,10.0,30.3,17.81,17.67,72.64
41,237820,플레이디,5,120,14,49,54,1.0,10.0,30.3,-2.02,14.36,70.13
41,185490,아이진,5,120,14,49,54,1.0,10.0,30.3,-2.08,17.44,75.98
41,043220,티에스넥스젠,5,120,14,49,54,1.0,10.0,30.3,28.33,15.34,77.15
41,900100,애머릿지,5,120,14,49,54,1.0,10.0,30.3,-10.48,10.16,76.99
41,220180,핸디소프트,5,120,14,49,54,1.0,10.0,30.3,30.45,17.8,78.3
41,042040,케이피엠테크,5,120,14,49,54,1.0,10.0,30.3,-12.01,17.24,76.57
41,032980,바이온,5,120,14,49,54,1.0,10.0,30.3,-14.66,12.63,74.87
41,018700,바른손,5,120,14,49,54,1.0,10.0,30.3,4.51,14.61,76.58
41,229000,젠큐릭스,5,120,14,49,54,1.0,10.0,30.3,-19.8,8.93,76.64
41,060240,스타코링크,5,120,14,49,54,1.0,10.0,30.3,-18.24,13.42,75.89
41,043090,더테크놀로지,5,120,14,49,54,1.0,10.0,30.3,-18.63,17.69,75.37
41,128540,에코캡,5,120,14,49,54,1.0,10.0,30.3,-17.04,14.79,71.07
41,043090,더테크놀로지,5,120,14,39,69,1.0,10.0,29.58,-19.57,17.69,75.37
41,185490,아이진,5,120,14,39,69,1.0,10.0,29.58,23.56,17.44,75.98
41,060240,스타코링크,5,120,14,39,69,1.0,10.0,29.58,-3.53,13.42,75.89
41,096040,이트론,5,120,14,39,69,1.0,10.0,29.58,4.4,12.41,74.08
41,024810,이화전기,5,120,14,39,69,1.0,10.0,29.58,-5.82,13.82,71.14
41,315640,딥노이드,5,120,14,39,69,1.0,10.0,29.58,58.75,11.0,76.6
41,321820,아티스트유나이티드,5,120,14,39,69,1.0,10.0,29.58,228.51,8.96,73.93
41,226330,신테카바이오,5,120,14,39,69,1.0,10.0,29.58,0.0,12.91,78.87
41,066410,버킷스튜디오,5,120,14,39,69,1.0,10.0,29.58,20.46,16.56,74.05
41,307930,컴퍼니케이,5,120,14,39,69,1.0,10.0,29.58,-5.3,14.22,73.07
41,204840,지엘팜텍,5,120,14,39,69,1.0,10.0,29.58,-0.26,17.67,72.64
41,317830,에스피시스템스,5,120,14,39,69,1.0,10.0,29.58,160.87,17.13,74.6
41,237820,플레이디,5,120,14,39,69,1.0,10.0,29.58,0.0,14.36,70.13
41,043220,티에스넥스젠,5,120,14,39,69,1.0,10.0,29.58,0.37,15.34,77.15
41,900100,애머릿지,5,120,14,39,69,1.0,10.0,29.58,42.4,10.16,76.99
41,220180,핸디소프트,5,120,14,39,69,1.0,10.0,29.58,-5.39,17.8,78.3
41,128540,에코캡,5,120,14,39,69,1.0,10.0,29.58,0.0,14.79,71.07
41,042040,케이피엠테크,5,120,14,39,69,1.0,10.0,29.58,79.86,17.24,76.57
41,032980,바이온,5,120,14,39,69,1.0,10.0,29.58,-4.03,12.63,74.87
41,018700,바른손,5,120,14,39,69,1.0,10.0,29.58,136.38,14.61,76.58
41,235980,메드팩토,5,120,14,39,69,1.0,10.0,29.58,-47.55,11.82,72.18
41,229000,젠큐릭스,5,120,14,39,69,1.0,10.0,29.58,-13.45,8.93,76.64
41,229000,젠큐릭스,5,60,14,24,74,1.0,10.0,26.35,0.0,8.93,76.64
41,043090,더테크놀로지,5,60,14,24,74,1.0,10.0,26.35,0.0,17.69,75.37
41,096040,이트론,5,60,14,24,74,1.0,10.0,26.35,0.24,12.41,74.08
41,024810,이화전기,5,60,14,24,74,1.0,10.0,26.35,0.0,13.82,71.14
41,315640,딥노이드,5,60,14,24,74,1.0,10.0,26.35,71.15,11.0,76.6
41,321820,아티스트유나이티드,5,60,14,24,74,1.0,10.0,26.35,55.47,8.96,73.93
41,226330,신테카바이오,5,60,14,24,74,1.0,10.0,26.35,0.0,12.91,78.87
41,066410,버킷스튜디오,5,60,14,24,74,1.0,10.0,26.35,0.0,16.56,74.05
41,307930,컴퍼니케이,5,60,14,24,74,1.0,10.0,26.35,0.0,14.22,73.07
41,204840,지엘팜텍,5,60,14,24,74,1.0,10.0,26.35,0.0,17.67,72.64
41,317830,에스피시스템스,5,60,14,24,74,1.0,10.0,26.35,0.0,17.13,74.6
41,018700,바른손,5,60,14,24,74,1.0,10.0,26.35,351.02,14.61,76.58
41,185490,아이진,5,60,14,24,74,1.0,10.0,26.35,0.0,17.44,75.98
41,237820,플레이디,5,60,14,24,74,1.0,10.0,26.35,0.0,14.36,70.13
41,043220,티에스넥스젠,5,60,14,24,74,1.0,10.0,26.35,0.0,15.34,77.15
41,900100,애머릿지,5,60,14,24,74,1.0,10.0,26.35,50.68,10.16,76.99
41,220180,핸디소프트,5,60,14,24,74,1.0,10.0,26.35,0.0,17.8,78.3
41,128540,에코캡,5,60,14,24,74,1.0,10.0,26.35,0.0,14.79,71.07
41,042040,케이피엠테크,5,60,14,24,74,1.0,10.0,26.35,0.0,17.24,76.57
41,032980,바이온,5,60,14,24,74,1.0,10.0,26.35,0.0,12.63,74.87
41,060240,스타코링크,5,60,14,24,74,1.0,10.0,26.35,51.12,13.42,75.89
41,235980,메드팩토,5,60,14,24,74,1.0,10.0,26.35,0.0,11.82,72.18
41,096040,이트론,5,60,14,34,74,1.0,10.0,26.08,0.24,12.41,74.08
41,043090,더테크놀로지,5,60,14,34,74,1.0,10.0,26.08,43.48,17.69,75.37
41,024810,이화전기,5,60,14,34,74,1.0,10.0,26.08,-10.68,13.82,71.14
41,315640,딥노이드,5,60,14,34,74,1.0,10.0,26.08,71.15,11.0,76.6
41,321820,아티스트유나이티드,5,60,14,34,74,1.0,10.0,26.08,55.47,8.96,73.93
41,226330,신테카바이오,5,60,14,34,74,1.0,10.0,26.08,0.0,12.91,78.87
41,066410,버킷스튜디오,5,60,14,34,74,1.0,10.0,26.08,0.0,16.56,74.05
41,307930,컴퍼니케이,5,60,14,34,74,1.0,10.0,26.08,-2.95,14.22,73.07
41,204840,지엘팜텍,5,60,14,34,74,1.0,10.0,26.08,4.87,17.67,72.64
41,317830,에스피시스템스,5,60,14,34,74,1.0,10.0,26.08,0.0,17.13,74.6
41,185490,아이진,5,60,14,34,74,1.0,10.0,26.08,0.0,17.44,75.98
41,237820,플레이디,5,60,14,34,74,1.0,10.0,26.08,0.0,14.36,70.13
41,043220,티에스넥스젠,5,60,14,34,74,1.0,10.0,26.08,-22.69,15.34,77.15
41,900100,애머릿지,5,60,14,34,74,1.0,10.0,26.08,50.68,10.16,76.99
41,220180,핸디소프트,5,60,14,34,74,1.0,10.0,26.08,0.0,17.8,78.3
41,128540,에코캡,5,60,14,34,74,1.0,10.0,26.08,0.0,14.79,71.07
41,042040,케이피엠테크,5,60,14,34,74,1.0,10.0,26.08,55.86,17.24,76.57
41,032980,바이온,5,60,14,34,74,1.0,10.0,26.08,0.81,12.63,74.87
41,018700,바른손,5,60,14,34,74,1.0,10.0,26.08,351.02,14.61,76.58
41,229000,젠큐릭스,5,60,14,34,74,1.0,10.0,26.08,-32.59,8.93,76.64
41,060240,스타코링크,5,60,14,34,74,1.0,10.0,26.08,1.28,13.42,75.89
41,235980,메드팩토,5,60,14,34,74,1.0,10.0,26.08,7.83,11.82,72.18
41,043090,더테크놀로지,5,60,14,29,74,1.0,10.0,25.86,0.0,17.69,75.37
41,235980,메드팩토,5,60,14,29,74,1.0,10.0,25.86,0.0,11.82,72.18
41,237820,플레이디,5,60,14,29,74,1.0,10.0,25.86,0.0,14.36,70.13
41,060240,스타코링크,5,60,14,29,74,1.0,10.0,25.86,51.12,13.42,75.89
41,229000,젠큐릭스,5,60,14,29,74,1.0,10.0,25.86,0.0,8.93,76.64
41,018700,바른손,5,60,14,29,74,1.0,10.0,25.86,351.02,14.61,76.58
41,032980,바이온,5,60,14,29,74,1.0,10.0,25.86,0.0,12.63,74.87
41,042040,케이피엠테크,5,60,14,29,74,1.0,10.0,25.86,0.0,17.24,76.57
41,128540,에코캡,5,60,14,29,74,1.0,10.0,25.86,0.0,14.79,71.07
41,220180,핸디소프트,5,60,14,29,74,1.0,10.0,25.86,0.0,17.8,78.3
41,900100,애머릿지,5,60,14,29,74,1.0,10.0,25.86,50.68,10.16,76.99
41,043220,티에스넥스젠,5,60,14,29,74,1.0,10.0,25.86,0.0,15.34,77.15
41,096040,이트론,5,60,14,29,74,1.0,10.0,25.86,0.24,12.41,74.08
41,185490,아이진,5,60,14,29,74,1.0,10.0,25.86,0.0,17.44,75.98
41,204840,지엘팜텍,5,60,14,29,74,1.0,10.0,25.86,0.0,17.67,72.64
41,307930,컴퍼니케이,5,60,14,29,74,1.0,10.0,25.86,0.0,14.22,73.07
41,066410,버킷스튜디오,5,60,14,29,74,1.0,10.0,25.86,0.0,16.56,74.05
41,226330,신테카바이오,5,60,14,29,74,1.0,10.0,25.86,0.0,12.91,78.87
41,321820,아티스트유나이티드,5,60,14,29,74,1.0,10.0,25.86,55.47,8.96,73.93
41,315640,딥노이드,5,60,14,29,74,1.0,10.0,25.86,71.15,11.0,76.6
41,024810,이화전기,5,60,14,29,74,1.0,10.0,25.86,-10.68,13.82,71.14
41,317830,에스피시스템스,5,60,14,29,74,1.0,10.0,25.86,0.0,17.13,74.6
41,032980,바이온,5,120,14,44,69,1.0,10.0,21.64,-12.84,12.63,74.87
41,220180,핸디소프트,5,120,14,44,69,1.0,10.0,21.64,-9.26,17.8,78.3
41,128540,에코캡,5,120,14,44,69,1.0,10.0,21.64,96.87,14.79,71.07
41,042040,케이피엠테크,5,120,14,44,69,1.0,10.0,21.64,5.0,17.24,76.57
41,043090,더테크놀로지,5,120,14,44,69,1.0,10.0,21.64,-12.18,17.69,75.37
41,018700,바른손,5,120,14,44,69,1.0,10.0,21.64,24.93,14.61,76.58
41,229000,젠큐릭스,5,120,14,44,69,1.0,10.0,21.64,-22.8,8.93,76.64
41,060240,스타코링크,5,120,14,44,69,1.0,10.0,21.64,-3.53,13.42,75.89
41,043220,티에스넥스젠,5,120,14,44,69,1.0,10.0,21.64,0.37,15.34,77.15
41,900100,애머릿지,5,120,14,44,69,1.0,10.0,21.64,42.4,10.16,76.99
41,204840,지엘팜텍,5,120,14,44,69,1.0,10.0,21.64,-0.26,17.67,72.64
41,237820,플레이디,5,120,14,44,69,1.0,10.0,21.64,-9.08,14.36,70.13
41,185490,아이진,5,120,14,44,69,1.0,10.0,21.64,-0.42,17.44,75.98
41,317830,에스피시스템스,5,120,14,44,69,1.0,10.0,21.64,160.87,17.13,74.6
41,307930,컴퍼니케이,5,120,14,44,69,1.0,10.0,21.64,-5.3,14.22,73.07
41,066410,버킷스튜디오,5,120,14,44,69,1.0,10.0,21.64,5.37,16.56,74.05
41,226330,신테카바이오,5,120,14,44,69,1.0,10.0,21.64,-15.94,12.91,78.87
41,321820,아티스트유나이티드,5,120,14,44,69,1.0,10.0,21.64,228.51,8.96,73.93
41,315640,딥노이드,5,120,14,44,69,1.0,10.0,21.64,58.75,11.0,76.6
41,235980,메드팩토,5,120,14,44,69,1.0,10.0,21.64,-52.91,11.82,72.18
41,024810,이화전기,5,120,14,44,69,1.0,10.0,21.64,-6.81,13.82,71.14
41,096040,이트론,5,120,14,44,69,1.0,10.0,21.64,4.4,12.41,74.08
41,185490,아이진,5,60,14,39,79,1.0,10.0,16.39,30.58,17.44,75.98
41,237820,플레이디,5,60,14,39,79,1.0,10.0,16.39,-11.75,14.36,70.13
41,024810,이화전기,5,60,14,39,79,1.0,10.0,16.39,-10.68,13.82,71.14
41,315640,딥노이드,5,60,14,39,79,1.0,10.0,16.39,71.15,11.0,76.6
41,321820,아티스트유나이티드,5,60,14,39,79,1.0,10.0,16.39,55.47,8.96,73.93
41,226330,신테카바이오,5,60,14,39,79,1.0,10.0,16.39,0.0,12.91,78.87
41,066410,버킷스튜디오,5,60,14,39,79,1.0,10.0,16.39,-13.33,16.56,74.05
41,307930,컴퍼니케이,5,60,14,39,79,1.0,10.0,16.39,-2.95,14.22,73.07
41,204840,지엘팜텍,5,60,14,39,79,1.0,10.0,16.39,4.87,17.67,72.64
41,317830,에스피시스템스,5,60,14,39,79,1.0,10.0,16.39,5.89,17.13,74.6
41,043220,티에스넥스젠,5,60,14,39,79,1.0,10.0,16.39,-8.83,15.34,77.15
41,235980,메드팩토,5,60,14,39,79,1.0,10.0,16.39,-42.78,11.82,72.18
41,900100,애머릿지,5,60,14,39,79,1.0,10.0,16.39,13.22,10.16,76.99
41,220180,핸디소프트,5,60,14,39,79,1.0,10.0,16.39,-3.17,17.8,78.3
41,128540,에코캡,5,60,14,39,79,1.0,10.0,16.39,226.3,14.79,71.07
41,042040,케이피엠테크,5,60,14,39,79,1.0,10.0,16.39,65.6,17.24,76.57
41,032980,바이온,5,60,14,39,79,1.0,10.0,16.39,-12.94,12.63,74.87
41,018700,바른손,5,60,14,39,79,1.0,10.0,16.39,10.2,14.61,76.58
41,229000,젠큐릭스,5,60,14,39,79,1.0,10.0,16.39,-20.45,8.93,76.64
41,060240,스타코링크,5,60,14,39,79,1.0,10.0,16.39,1.28,13.42,75.89
41,096040,이트론,5,60,14,39,79,1.0,10.0,16.39,8.66,12.41,74.08
41,043090,더테크놀로지,5,60,14,39,79,1.0,10.0,16.39,-5.68,17.69,75.37
41,060240,스타코링크,5,60,14,39,74,1.0,10.0,13.72,1.28,13.42,75.89
41,018700,바른손,5,60,14,39,74,1.0,10.0,13.72,20.95,14.61,76.58
41,042040,케이피엠테크,5,60,14,39,74,1.0,10.0,13.72,55.06,17.24,76.57
41,128540,에코캡,5,60,14,39,74,1.0,10.0,13.72,136.72,14.79,71.07
41,220180,핸디소프트,5,60,14,39,74,1.0,10.0,13.72,-3.17,17.8,78.3
41,900100,애머릿지,5,60,14,39,74,1.0,10.0,13.72,13.22,10.16,76.99
41,043220,티에스넥스젠,5,60,14,39,74,1.0,10.0,13.72,-8.83,15.34,77.15
41,237820,플레이디,5,60,14,39,74,1.0,10.0,13.72,-11.75,14.36,70.13
41,185490,아이진,5,60,14,39,74,1.0,10.0,13.72,21.78,17.44,75.98
41,317830,에스피시스템스,5,60,14,39,74,1.0,10.0,13.72,5.89,17.13,74.6
41,204840,지엘팜텍,5,60,14,39,74,1.0,10.0,13.72,4.87,17.67,72.64
41,307930,컴퍼니케이,5,60,14,39,74,1.0,10.0,13.72,-2.95,14.22,73.07
41,066410,버킷스튜디오,5,60,14,39,74,1.0,10.0,13.72,38.58,16.56,74.05
41,226330,신테카바이오,5,60,14,39,74,1.0,10.0,13.72,0.0,12.91,78.87
41,321820,아티스트유나이티드,5,60,14,39,74,1.0,10.0,13.72,55.47,8.96,73.93
41,315640,딥노이드,5,60,14,39,74,1.0,10.0,13.72,71.15,11.0,76.6
41,024810,이화전기,5,60,14,39,74,1.0,10.0,13.72,-10.68,13.82,71.14
41,096040,이트론,5,60,14,39,74,1.0,10.0,13.72,5.16,12.41,74.08
41,235980,메드팩토,5,60,14,39,74,1.0,10.0,13.72,-42.78,11.82,72.18
41,032980,바이온,5,60,14,39,74,1.0,10.0,13.72,-12.94,12.63,74.87
41,229000,젠큐릭스,5,60,14,39,74,1.0,10.0,13.72,-20.45,8.93,76.64
41,043090,더테크놀로지,5,60,14,39,74,1.0,10.0,13.72,-14.84,17.69,75.37
41,235980,메드팩토,5,60,14,49,69,1.0,10.0,11.5,-50.22,11.82,72.18
41,060240,스타코링크,5,60,14,49,69,1.0,10.0,11.5,-7.35,13.42,75.89
41,229000,젠큐릭스,5,60,14,49,69,1.0,10.0,11.5,-20.12,8.93,76.64
41,018700,바른손,5,60,14,49,69,1.0,10.0,11.5,15.65,14.61,76.58
41,032980,바이온,5,60,14,49,69,1.0,10.0,11.5,-13.77,12.63,74.87
41,042040,케이피엠테크,5,60,14,49,69,1.0,10.0,11.5,-4.81,17.24,76.57
41,128540,에코캡,5,60,14,49,69,1.0,10.0,11.5,18.52,14.79,71.07
41,220180,핸디소프트,5,60,14,49,69,1.0,10.0,11.5,-11.98,17.8,78.3
41,900100,애머릿지,5,60,14,49,69,1.0,10.0,11.5,1.72,10.16,76.99
41,043220,티에스넥스젠,5,60,14,49,69,1.0,10.0,11.5,-12.8,15.34,77.15
41,096040,이트론,5,60,14,49,69,1.0,10.0,11.5,4.86,12.41,74.08
41,043090,더테크놀로지,5,60,14,49,69,1.0,10.0,11.5,-13.76,17.69,75.37
41,237820,플레이디,5,60,14,49,69,1.0,10.0,11.5,-11.75,14.36,70.13
41,185490,아이진,5,60,14,49,69,1.0,10.0,11.5,-8.86,17.44,75.98
41,317830,에스피시스템스,5,60,14,49,69,1.0,10.0,11.5,35.3,17.13,74.6
41,204840,지엘팜텍,5,60,14,49,69,1.0,10.0,11.5,-12.58,17.67,72.64
41,307930,컴퍼니케이,5,60,14,49,69,1.0,10.0,11.5,-2.95,14.22,73.07
41,066410,버킷스튜디오,5,60,14,49,69,1.0,10.0,11.5,-4.11,16.56,74.05
41,226330,신테카바이오,5,60,14,49,69,1.0,10.0,11.5,-22.8,12.91,78.87
41,321820,아티스트유나이티드,5,60,14,49,69,1.0,10.0,11.5,310.52,8.96,73.93
41,315640,딥노이드,5,60,14,49,69,1.0,10.0,11.5,71.15,11.0,76.6
41,024810,이화전기,5,60,14,49,69,1.0,10.0,11.5,-6.9,13.82,71.14
41,235980,메드팩토,5,120,14,39,74,1.0,10.0,7.71,-47.55,11.82,72.18
41,096040,이트론,5,120,14,39,74,1.0,10.0,7.71,4.71,12.41,74.08
41,060240,스타코링크,5,120,14,39,74,1.0,10.0,7.71,-3.53,13.42,75.89
41,018700,바른손,5,120,14,39,74,1.0,10.0,7.71,35.28,14.61,76.58
41,032980,바이온,5,120,14,39,74,1.0,10.0,7.71,-11.53,12.63,74.87
41,042040,케이피엠테크,5,120,14,39,74,1.0,10.0,7.71,87.36,17.24,76.57
41,128540,에코캡,5,120,14,39,74,1.0,10.0,7.71,0.0,14.79,71.07
41,220180,핸디소프트,5,120,14,39,74,1.0,10.0,7.71,-5.39,17.8,78.3
41,900100,애머릿지,5,120,14,39,74,1.0,10.0,7.71,42.4,10.16,76.99
41,043220,티에스넥스젠,5,120,14,39,74,1.0,10.0,7.71,-12.1,15.34,77.15
41,237820,플레이디,5,120,14,39,74,1.0,10.0,7.71,0.0,14.36,70.13
41,185490,아이진,5,120,14,39,74,1.0,10.0,7.71,23.56,17.44,75.98
41,317830,에스피시스템스,5,120,14,39,74,1.0,10.0,7.71,-11.47,17.13,74.6
41,204840,지엘팜텍,5,120,14,39,74,1.0,10.0,7.71,-0.26,17.67,72.64
41,307930,컴퍼니케이,5,120,14,39,74,1.0,10.0,7.71,-5.3,14.22,73.07
41,066410,버킷스튜디오,5,120,14,39,74,1.0,10.0,7.71,33.02,16.56,74.05
41,226330,신테카바이오,5,120,14,39,74,1.0,10.0,7.71,0.0,12.91,78.87
41,321820,아티스트유나이티드,5,120,14,39,74,1.0,10.0,7.71,32.72,8.96,73.93
41,315640,딥노이드,5,120,14,39,74,1.0,10.0,7.71,58.75,11.0,76.6
41,024810,이화전기,5,120,14,39,74,1.0,10.0,7.71,-13.03,13.82,71.14
41,229000,젠큐릭스,5,120,14,39,74,1.0,10.0,7.71,-20.98,8.93,76.64
41,043090,더테크놀로지,5,120,14,39,74,1.0,10.0,7.71,-17.1,17.69,75.37
41,235980,메드팩토,5,120,14,44,79,1.0,10.0,6.9,-52.91,11.82,72.18
41,185490,아이진,5,120,14,44,79,1.0,10.0,6.9,5.38,17.44,75.98
41,096040,이트론,5,120,14,44,79,1.0,10.0,6.9,8.31,12.41,74.08
41,024810,이화전기,5,120,14,44,79,1.0,10.0,6.9,-13.03,13.82,71.14
41,315640,딥노이드,5,120,14,44,79,1.0,10.0,6.9,58.75,11.0,76.6
41,321820,아티스트유나이티드,5,120,14,44,79,1.0,10.0,6.9,32.72,8.96,73.93
41,226330,신테카바이오,5,120,14,44,79,1.0,10.0,6.9,-15.94,12.91,78.87
41,066410,버킷스튜디오,5,120,14,44,79,1.0,10.0,6.9,-12.68,16.56,74.05
41,307930,컴퍼니케이,5,120,14,44,79,1.0,10.0,6.9,-5.3,14.22,73.07
41,204840,지엘팜텍,5,120,14,44,79,1.0,10.0,6.9,-0.26,17.67,72.64
41,237820,플레이디,5,120,14,44,79,1.0,10.0,6.9,-9.08,14.36,70.13
41,060240,스타코링크,5,120,14,44,79,1.0,10.0,6.9,-3.53,13.42,75.89
41,043220,티에스넥스젠,5,120,14,44,79,1.0,10.0,6.9,-12.1,15.34,77.15
41,900100,애머릿지,5,120,14,44,79,1.0,10.0,6.9,42.4,10.16,76.99
41,220180,핸디소프트,5,120,14,44,79,1.0,10.0,6.9,-9.26,17.8,78.3
41,128540,에코캡,5,120,14,44,79,1.0,10.0,6.9,182.61,14.79,71.07
41,042040,케이피엠테크,5,120,14,44,79,1.0,10.0,6.9,13.87,17.24,76.57
41,032980,바이온,5,120,14,44,79,1.0,10.0,6.9,-17.72,12.63,74.87
41,018700,바른손,5,120,14,44,79,1.0,10.0,6.9,-0.63,14.61,76.58
41,229000,젠큐릭스,5,120,14,44,79,1.0,10.0,6.9,-20.98,8.93,76.64
41,317830,에스피시스템스,5,120,14,44,79,1.0,10.0,6.9,-11.47,17.13,74.6
41,043090,더테크놀로지,5,120,14,44,79,1.0,10.0,6.9,-7.25,17.69,75.37
41,220180,핸디소프트,5,120,14,39,79,1.0,10.0,5.99,-5.39,17.8,78.3
41,185490,아이진,5,120,14,39,79,1.0,10.0,5.99,32.49,17.44,75.98
41,043090,더테크놀로지,5,120,14,39,79,1.0,10.0,5.99,-8.05,17.69,75.37
41,060240,스타코링크,5,120,14,39,79,1.0,10.0,5.99,-3.53,13.42,75.89
41,229000,젠큐릭스,5,120,14,39,79,1.0,10.0,5.99,-20.98,8.93,76.64
41,018700,바른손,5,120,14,39,79,1.0,10.0,5.99,9.31,14.61,76.58
41,032980,바이온,5,120,14,39,79,1.0,10.0,5.99,-11.53,12.63,74.87
41,042040,케이피엠테크,5,120,14,39,79,1.0,10.0,5.99,103.04,17.24,76.57
41,128540,에코캡,5,120,14,39,79,1.0,10.0,5.99,0.0,14.79,71.07
41,900100,애머릿지,5,120,14,39,79,1.0,10.0,5.99,42.4,10.16,76.99
41,043220,티에스넥스젠,5,120,14,39,79,1.0,10.0,5.99,-12.1,15.34,77.15
41,237820,플레이디,5,120,14,39,79,1.0,10.0,5.99,0.0,14.36,70.13
41,317830,에스피시스템스,5,120,14,39,79,1.0,10.0,5.99,-11.47,17.13,74.6
41,204840,지엘팜텍,5,120,14,39,79,1.0,10.0,5.99,-0.26,17.67,72.64
41,307930,컴퍼니케이,5,120,14,39,79,1.0,10.0,5.99,-5.3,14.22,73.07
41,066410,버킷스튜디오,5,120,14,39,79,1.0,10.0,5.99,-16.13,16.56,74.05
41,226330,신테카바이오,5,120,14,39,79,1.0,10.0,5.99,0.0,12.91,78.87
41,321820,아티스트유나이티드,5,120,14,39,79,1.0,10.0,5.99,32.72,8.96,73.93
41,315640,딥노이드,5,120,14,39,79,1.0,10.0,5.99,58.75,11.0,76.6
41,024810,이화전기,5,120,14,39,79,1.0,10.0,5.99,-13.03,13.82,71.14
41,096040,이트론,5,120,14,39,79,1.0,10.0,5.99,8.31,12.41,74.08
41,235980,메드팩토,5,120,14,39,79,1.0,10.0,5.99,-47.55,11.82,72.18
41,032980,바이온,5,120,14,49,69,1.0,10.0,4.97,-12.84,12.63,74.87
41,220180,핸디소프트,5,120,14,49,69,1.0,10.0,4.97,-11.26,17.8,78.3
41,128540,에코캡,5,120,14,49,69,1.0,10.0,4.97,11.18,14.79,71.07
41,042040,케이피엠테크,5,120,14,49,69,1.0,10.0,4.97,-0.61,17.24,76.57
41,237820,플레이디,5,120,14,49,69,1.0,10.0,4.97,-9.08,14.36,70.13
41,018700,바른손,5,120,14,49,69,1.0,10.0,4.97,15.98,14.61,76.58
41,229000,젠큐릭스,5,120,14,49,69,1.0,10.0,4.97,-22.88,8.93,76.64
41,060240,스타코링크,5,120,14,49,69,1.0,10.0,4.97,-12.29,13.42,75.89
41,043220,티에스넥스젠,5,120,14,49,69,1.0,10.0,4.97,-6.33,15.34,77.15
41,900100,애머릿지,5,120,14,49,69,1.0,10.0,4.97,0.6,10.16,76.99
41,043090,더테크놀로지,5,120,14,49,69,1.0,10.0,4.97,-16.14,17.69,75.37
41,235980,메드팩토,5,120,14,49,69,1.0,10.0,4.97,-52.91,11.82,72.18
41,185490,아이진,5,120,14,49,69,1.0,10.0,4.97,-11.16,17.44,75.98
41,317830,에스피시스템스,5,120,14,49,69,1.0,10.0,4.97,-0.92,17.13,74.6
41,204840,지엘팜텍,5,120,14,49,69,1.0,10.0,4.97,-13.43,17.67,72.64
41,307930,컴퍼니케이,5,120,14,49,69,1.0,10.0,4.97,-5.3,14.22,73.07
41,066410,버킷스튜디오,5,120,14,49,69,1.0,10.0,4.97,-8.65,16.56,74.05
41,226330,신테카바이오,5,120,14,49,69,1.0,10.0,4.97,-15.94,12.91,78.87
41,321820,아티스트유나이티드,5,120,14,49,69,1.0,10.0,4.97,228.51,8.96,73.93
41,315640,딥노이드,5,120,14,49,69,1.0,10.0,4.97,58.75,11.0,76.6
41,024810,이화전기,5,120,14,49,69,1.0,10.0,4.97,-10.37,13.82,71.14
41,096040,이트론,5,120,14,49,69,1.0,10.0,4.97,4.4,12.41,74.08
41,043220,티에스넥스젠,5,60,14,44,79,1.0,10.0,4.1,-8.83,15.34,77.15
41,900100,애머릿지,5,60,14,44,79,1.0,10.0,4.1,5.53,10.16,76.99
41,220180,핸디소프트,5,60,14,44,79,1.0,10.0,4.1,-7.34,17.8,78.3
41,128540,에코캡,5,60,14,44,79,1.0,10.0,4.1,101.57,14.79,71.07
41,060240,스타코링크,5,60,14,44,79,1.0,10.0,4.1,-3.52,13.42,75.89
41,042040,케이피엠테크,5,60,14,44,79,1.0,10.0,4.1,7.63,17.24,76.57
41,032980,바이온,5,60,14,44,79,1.0,10.0,4.1,-17.5,12.63,74.87
41,018700,바른손,5,60,14,44,79,1.0,10.0,4.1,1.18,14.61,76.58
41,229000,젠큐릭스,5,60,14,44,79,1.0,10.0,4.1,-21.45,8.93,76.64
41,185490,아이진,5,60,14,44,79,1.0,10.0,4.1,2.1,17.44,75.98
41,237820,플레이디,5,60,14,44,79,1.0,10.0,4.1,-11.75,14.36,70.13
41,321820,아티스트유나이티드,5,60,14,44,79,1.0,10.0,4.1,55.47,8.96,73.93
41,317830,에스피시스템스,5,60,14,44,79,1.0,10.0,4.1,5.89,17.13,74.6
41,204840,지엘팜텍,5,60,14,44,79,1.0,10.0,4.1,4.87,17.67,72.64
41,307930,컴퍼니케이,5,60,14,44,79,1.0,10.0,4.1,-2.95,14.22,73.07
41,066410,버킷스튜디오,5,60,14,44,79,1.0,10.0,4.1,-11.52,16.56,74.05
41,226330,신테카바이오,5,60,14,44,79,1.0,10.0,4.1,-20.18,12.91,78.87
41,315640,딥노이드,5,60,14,44,79,1.0,10.0,4.1,71.15,11.0,76.6
41,024810,이화전기,5,60,14,44,79,1.0,10.0,4.1,-10.68,13.82,71.14
41,096040,이트론,5,60,14,44,79,1.0,10.0,4.1,8.66,12.41,74.08
41,235980,메드팩토,5,60,14,44,79,1.0,10.0,4.1,-52.73,11.82,72.18
41,043090,더테크놀로지,5,60,14,44,79,1.0,10.0,4.1,-5.47,17.69,75.37
41,235980,메드팩토,5,120,14,44,74,1.0,10.0,2.83,-52.91,11.82,72.18
41,043090,더테크놀로지,5,120,14,44,74,1.0,10.0,2.83,-14.74,17.69,75.37
41,185490,아이진,5,120,14,44,74,1.0,10.0,2.83,-0.42,17.44,75.98
41,060240,스타코링크,5,120,14,44,74,1.0,10.0,2.83,-3.53,13.42,75.89
41,096040,이트론,5,120,14,44,74,1.0,10.0,2.83,4.71,12.41,74.08
41,024810,이화전기,5,120,14,44,74,1.0,10.0,2.83,-13.03,13.82,71.14
41,315640,딥노이드,5,120,14,44,74,1.0,10.0,2.83,58.75,11.0,76.6
41,321820,아티스트유나이티드,5,120,14,44,74,1.0,10.0,2.83,32.72,8.96,73.93
41,226330,신테카바이오,5,120,14,44,74,1.0,10.0,2.83,-15.94,12.91,78.87
41,307930,컴퍼니케이,5,120,14,44,74,1.0,10.0,2.83,-5.3,14.22,73.07
41,204840,지엘팜텍,5,120,14,44,74,1.0,10.0,2.83,-0.26,17.67,72.64
41,317830,에스피시스템스,5,120,14,44,74,1.0,10.0,2.83,-11.47,17.13,74.6
41,066410,버킷스튜디오,5,120,14,44,74,1.0,10.0,2.83,-0.77,16.56,74.05
41,237820,플레이디,5,120,14,44,74,1.0,10.0,2.83,-9.08,14.36,70.13
41,042040,케이피엠테크,5,120,14,44,74,1.0,10.0,2.83,8.1,17.24,76.57
41,043220,티에스넥스젠,5,120,14,44,74,1.0,10.0,2.83,-12.1,15.34,77.15
41,018700,바른손,5,120,14,44,74,1.0,10.0,2.83,6.33,14.61,76.58
41,032980,바이온,5,120,14,44,74,1.0,10.0,2.83,-17.72,12.63,74.87
41,229000,젠큐릭스,5,120,14,44,74,1.0,10.0,2.83,-20.98,8.93,76.64
41,128540,에코캡,5,120,14,44,74,1.0,10.0,2.83,96.87,14.79,71.07
41,220180,핸디소프트,5,120,14,44,74,1.0,10.0,2.83,-9.26,17.8,78.3
41,900100,애머릿지,5,120,14,44,74,1.0,10.0,2.83,42.4,10.16,76.99
41,185490,아이진,5,60,14,44,74,1.0,10.0,1.73,-3.19,17.44,75.98
41,229000,젠큐릭스,5,60,14,44,74,1.0,10.0,1.73,-21.45,8.93,76.64
41,018700,바른손,5,60,14,44,74,1.0,10.0,1.73,8.06,14.61,76.58
41,032980,바이온,5,60,14,44,74,1.0,10.0,1.73,-17.5,12.63,74.87
41,042040,케이피엠테크,5,60,14,44,74,1.0,10.0,1.73,3.06,17.24,76.57
41,128540,에코캡,5,60,14,44,74,1.0,10.0,1.73,57.31,14.79,71.07
41,220180,핸디소프트,5,60,14,44,74,1.0,10.0,1.73,-7.34,17.8,78.3
41,900100,애머릿지,5,60,14,44,74,1.0,10.0,1.73,5.53,10.16,76.99
41,043220,티에스넥스젠,5,60,14,44,74,1.0,10.0,1.73,-8.83,15.34,77.15
41,237820,플레이디,5,60,14,44,74,1.0,10.0,1.73,-11.75,14.36,70.13
41,235980,메드팩토,5,60,14,44,74,1.0,10.0,1.73,-52.73,11.82,72.18
41,317830,에스피시스템스,5,60,14,44,74,1.0,10.0,1.73,5.89,17.13,74.6
41,204840,지엘팜텍,5,60,14,44,74,1.0,10.0,1.73,4.87,17.67,72.64
41,307930,컴퍼니케이,5,60,14,44,74,1.0,10.0,1.73,-2.95,14.22,73.07
41,066410,버킷스튜디오,5,60,14,44,74,1.0,10.0,1.73,-5.77,16.56,74.05
41,226330,신테카바이오,5,60,14,44,74,1.0,10.0,1.73,-20.18,12.91,78.87
41,321820,아티스트유나이티드,5,60,14,44,74,1.0,10.0,1.73,55.47,8.96,73.93
41,315640,딥노이드,5,60,14,44,74,1.0,10.0,1.73,71.15,11.0,76.6
41,024810,이화전기,5,60,14,44,74,1.0,10.0,1.73,-10.68,13.82,71.14
41,096040,이트론,5,60,14,44,74,1.0,10.0,1.73,5.16,12.41,74.08
41,060240,스타코링크,5,60,14,44,74,1.0,10.0,1.73,-3.52,13.42,75.89
41,043090,더테크놀로지,5,60,14,44,74,1.0,10.0,1.73,-12.54,17.69,75.37
41,235980,메드팩토,5,60,14,49,79,1.0,10.0,-1.06,-50.22,11.82,72.18
41,043220,티에스넥스젠,5,60,14,49,79,1.0,10.0,-1.06,-18.23,15.34,77.15
41,096040,이트론,5,60,14,49,79,1.0,10.0,-1.06,8.66,12.41,74.08
41,043090,더테크놀로지,5,60,14,49,79,1.0,10.0,-1.06,-7.79,17.69,75.37
41,060240,스타코링크,5,60,14,49,79,1.0,10.0,-1.06,-7.35,13.42,75.89
41,229000,젠큐릭스,5,60,14,49,79,1.0,10.0,-1.06,-19.7,8.93,76.64
41,018700,바른손,5,60,14,49,79,1.0,10.0,-1.06,1.18,14.61,76.58
41,032980,바이온,5,60,14,49,79,1.0,10.0,-1.06,-18.54,12.63,74.87
41,128540,에코캡,5,60,14,49,79,1.0,10.0,-1.06,42.15,14.79,71.07
41,220180,핸디소프트,5,60,14,49,79,1.0,10.0,-1.06,-11.98,17.8,78.3
41,900100,애머릿지,5,60,14,49,79,1.0,10.0,-1.06,1.72,10.16,76.99
41,042040,케이피엠테크,5,60,14,49,79,1.0,10.0,-1.06,1.12,17.24,76.57
41,237820,플레이디,5,60,14,49,79,1.0,10.0,-1.06,-11.75,14.36,70.13
41,066410,버킷스튜디오,5,60,14,49,79,1.0,10.0,-1.06,-11.52,16.56,74.05
41,185490,아이진,5,60,14,49,79,1.0,10.0,-1.06,-4.47,17.44,75.98
41,315640,딥노이드,5,60,14,49,79,1.0,10.0,-1.06,71.15,11.0,76.6
41,321820,아티스트유나이티드,5,60,14,49,79,1.0,10.0,-1.06,55.47,8.96,73.93
41,226330,신테카바이오,5,60,14,49,79,1.0,10.0,-1.06,-22.8,12.91,78.87
41,024810,이화전기,5,60,14,49,79,1.0,10.0,-1.06,-10.68,13.82,71.14
41,307930,컴퍼니케이,5,60,14,49,79,1.0,10.0,-1.06,-2.95,14.22,73.07
41,204840,지엘팜텍,5,60,14,49,79,1.0,10.0,-1.06,-12.58,17.67,72.64
41,317830,에스피시스템스,5,60,14,49,79,1.0,10.0,-1.06,5.89,17.13,74.6
41,185490,아이진,5,60,14,49,74,1.0,10.0,-2.37,-8.86,17.44,75.98
41,235980,메드팩토,5,60,14,49,74,1.0,10.0,-2.37,-50.22,11.82,72.18
41,096040,이트론,5,60,14,49,74,1.0,10.0,-2.37,5.16,12.41,74.08
41,024810,이화전기,5,60,14,49,74,1.0,10.0,-2.37,-10.68,13.82,71.14
41,315640,딥노이드,5,60,14,49,74,1.0,10.0,-2.37,71.15,11.0,76.6
41,321820,아티스트유나이티드,5,60,14,49,74,1.0,10.0,-2.37,55.47,8.96,73.93
41,226330,신테카바이오,5,60,14,49,74,1.0,10.0,-2.37,-22.8,12.91,78.87
41,066410,버킷스튜디오,5,60,14,49,74,1.0,10.0,-2.37,-5.77,16.56,74.05
41,307930,컴퍼니케이,5,60,14,49,74,1.0,10.0,-2.37,-2.95,14.22,73.07
41,204840,지엘팜텍,5,60,14,49,74,1.0,10.0,-2.37,-12.58,17.67,72.64
41,317830,에스피시스템스,5,60,14,49,74,1.0,10.0,-2.37,5.89,17.13,74.6
41,237820,플레이디,5,60,14,49,74,1.0,10.0,-2.37,-11.75,14.36,70.13
41,043090,더테크놀로지,5,60,14,49,74,1.0,10.0,-2.37,-14.05,17.69,75.37
41,900100,애머릿지,5,60,14,49,74,1.0,10.0,-2.37,1.72,10.16,76.99
41,220180,핸디소프트,5,60,14,49,74,1.0,10.0,-2.37,-11.98,17.8,78.3
41,128540,에코캡,5,60,14,49,74,1.0,10.0,-2.37,18.52,14.79,71.07
41,042040,케이피엠테크,5,60,14,49,74,1.0,10.0,-2.37,-2.71,17.24,76.57
41,032980,바이온,5,60,14,49,74,1.0,10.0,-2.37,-18.54,12.63,74.87
41,018700,바른손,5,60,14,49,74,1.0,10.0,-2.37,8.06,14.61,76.58
41,229000,젠큐릭스,5,60,14,49,74,1.0,10.0,-2.37,-19.7,8.93,76.64
41,060240,스타코링크,5,60,14,49,74,1.0,10.0,-2.37,-7.35,13.42,75.89
41,043220,티에스넥스젠,5,60,14,49,74,1.0,10.0,-2.37,-18.23,15.34,77.15
41,226330,신테카바이오,5,120,14,49,79,1.0,10.0,-3.76,-15.94,12.91,78.87
41,204840,지엘팜텍,5,120,14,49,79,1.0,10.0,-3.76,-13.43,17.67,72.64
41,307930,컴퍼니케이,5,120,14,49,79,1.0,10.0,-3.76,-5.3,14.22,73.07
41,066410,버킷스튜디오,5,120,14,49,79,1.0,10.0,-3.76,-12.68,16.56,74.05
41,235980,메드팩토,5,120,14,49,79,1.0,10.0,-3.76,-52.91,11.82,72.18
41,321820,아티스트유나이티드,5,120,14,49,79,1.0,10.0,-3.76,32.72,8.96,73.93
41,315640,딥노이드,5,120,14,49,79,1.0,10.0,-3.76,58.75,11.0,76.6
41,024810,이화전기,5,120,14,49,79,1.0,10.0,-3.76,-13.03,13.82,71.14
41,185490,아이진,5,120,14,49,79,1.0,10.0,-3.76,-6.77,17.44,75.98
41,317830,에스피시스템스,5,120,14,49,79,1.0,10.0,-3.76,-11.47,17.13,74.6
41,042040,케이피엠테크,5,120,14,49,79,1.0,10.0,-3.76,6.28,17.24,76.57
41,237820,플레이디,5,120,14,49,79,1.0,10.0,-3.76,-9.08,14.36,70.13
41,043220,티에스넥스젠,5,120,14,49,79,1.0,10.0,-3.76,-12.1,15.34,77.15
41,900100,애머릿지,5,120,14,49,79,1.0,10.0,-3.76,0.6,10.16,76.99
41,220180,핸디소프트,5,120,14,49,79,1.0,10.0,-3.76,-11.26,17.8,78.3
41,128540,에코캡,5,120,14,49,79,1.0,10.0,-3.76,36.12,14.79,71.07
41,032980,바이온,5,120,14,49,79,1.0,10.0,-3.76,-17.72,12.63,74.87
41,018700,바른손,5,120,14,49,79,1.0,10.0,-3.76,-0.63,14.61,76.58
41,229000,젠큐릭스,5,120,14,49,79,1.0,10.0,-3.76,-21.17,8.93,76.64
41,060240,스타코링크,5,120,14,49,79,1.0,10.0,-3.76,-12.29,13.42,75.89
41,096040,이트론,5,120,14,49,79,1.0,10.0,-3.76,8.31,12.41,74.08
41,043090,더테크놀로지,5,120,14,49,79,1.0,10.0,-3.76,-9.73,17.69,75.37
41,043090,더테크놀로지,5,120,14,49,74,1.0,10.0,-5.24,-15.94,17.69,75.37
41,060240,스타코링크,5,120,14,49,74,1.0,10.0,-5.24,-12.29,13.42,75.89
41,096040,이트론,5,120,14,49,74,1.0,10.0,-5.24,4.71,12.41,74.08
41,024810,이화전기,5,120,14,49,74,1.0,10.0,-5.24,-13.03,13.82,71.14
41,315640,딥노이드,5,120,14,49,74,1.0,10.0,-5.24,58.75,11.0,76.6
41,321820,아티스트유나이티드,5,120,14,49,74,1.0,10.0,-5.24,32.72,8.96,73.93
41,226330,신테카바이오,5,120,14,49,74,1.0,10.0,-5.24,-15.94,12.91,78.87
41,066410,버킷스튜디오,5,120,14,49,74,1.0,10.0,-5.24,-8.59,16.56,74.05
41,307930,컴퍼니케이,5,120,14,49,74,1.0,10.0,-5.24,-5.3,14.22,73.07
41,204840,지엘팜텍,5,120,14,49,74,1.0,10.0,-5.24,-13.43,17.67,72.64
41,317830,에스피시스템스,5,120,14,49,74,1.0,10.0,-5.24,-11.47,17.13,74.6
41,185490,아이진,5,120,14,49,74,1.0,10.0,-5.24,-11.16,17.44,75.98
41,237820,플레이디,5,120,14,49,74,1.0,10.0,-5.24,-9.08,14.36,70.13
41,043220,티에스넥스젠,5,120,14,49,74,1.0,10.0,-5.24,-12.1,15.34,77.15
41,900100,애머릿지,5,120,14,49,74,1.0,10.0,-5.24,0.6,10.16,76.99
41,220180,핸디소프트,5,120,14,49,74,1.0,10.0,-5.24,-11.26,17.8,78.3
41,128540,에코캡,5,120,14,49,74,1.0,10.0,-5.24,11.18,14.79,71.07
41,042040,케이피엠테크,5,120,14,49,74,1.0,10.0,-5.24,1.81,17.24,76.57
41,032980,바이온,5,120,14,49,74,1.0,10.0,-5.24,-17.72,12.63,74.87
41,018700,바른손,5,120,14,49,74,1.0,10.0,-5.24,6.33,14.61,76.58
41,229000,젠큐릭스,5,120,14,49,74,1.0,10.0,-5.24,-21.17,8.93,76.64
41,235980,메드팩토,5,120,14,49,74,1.0,10.0,-5.24,-52.91,11.82,72.18
