Cluster,Symbol,Name,MA_Short_Window,MA_Long_Window,RSI_Window,RSI_Buy_Threshold,RSI_Sell_Threshold,Stop_Loss_Percent,Take_Profit_Percent,Average_Return,Symbol_sim_return,Return,Std Dev
96,SDG.O,iShares MSCI Global Sustainable Development Goals,5,120,14,49,59,1.0,10.0,26.31,0.43,7.1,16.69
96,XDQQ.K,Innovator Growth Accelerated ETF - Quarterly,5,120,14,49,59,1.0,10.0,26.31,18.88,8.26,19.4
96,SDOG.K,ALPS Sector Dividend Dogs ETF,5,120,14,49,59,1.0,10.0,26.31,8.04,7.9,18.15
96,IQDG.K,WisdomTree International Quality Dividend Growth,5,120,14,49,59,1.0,10.0,26.31,15.52,6.88,17.43
96,SPGM.K,SPDR Portfolio MSCI Global Stock Market ETF,5,120,14,49,59,1.0,10.0,26.31,9.68,9.21,17.65
96,NULV.K,Nuveen ESG Large-Cap Value ETF,5,120,14,49,59,1.0,10.0,26.31,15.22,7.25,17.78
96,XMLV.K,Invesco S&P MidCap Low Volatility ETF,5,120,14,49,59,1.0,10.0,26.31,7.89,8.42,16.26
96,REGL.K,ProShares S&P MidCap 400 Dividend Aristocrats ETF,5,120,14,49,59,1.0,10.0,26.31,28.07,8.27,18.41
96,EWJV.O,iShares MSCI Japan Value ETF,5,120,14,49,59,1.0,10.0,26.31,24.42,7.14,17.83
96,DMXF.O,iShares ESG Advanced MSCI EAFE ETF,5,120,14,49,59,1.0,10.0,26.31,16.7,8.92,17.13
96,ROUS.K,Hartford Multifactor US Equity ETF,5,120,14,49,59,1.0,10.0,26.31,23.92,8.84,17.12
96,EQAL.K,Invesco Russell 1000 Equal Weight ETF,5,120,14,49,59,1.0,10.0,26.31,8.83,7.96,18.98
96,KJAN.K,Innovator US Small Cap Power Buffer ETF - January,5,120,14,49,59,1.0,10.0,26.31,14.92,7.44,16.26
96,SMMV.K,iShares MSCI USA Small-Cap Min Vol Factor ETF,5,120,14,49,59,1.0,10.0,26.31,8.51,6.93,16.34
96,QYLG.O,Global X Nasdaq 100 Covered Call & Growth ETF,5,120,14,49,59,1.0,10.0,26.31,8.32,6.66,18.14
96,WTV,WisdomTree US Value Fund,5,120,14,49,59,1.0,10.0,26.31,25.59,7.11,18.31
96,JIG,JPMorgan International Growth ETF,5,120,14,49,59,1.0,10.0,26.31,8.33,7.83,19.01
96,PEY.O,Invesco High Yield Equity Dividend Achvrs ETF,5,120,14,49,59,1.0,10.0,26.31,17.95,8.13,17.46
96,DFUV.K,DFA Dimensional US Marketwide Value ETF,5,120,14,49,59,1.0,10.0,26.31,50.78,8.68,16.62
96,FXU,First Trust Utilities AlphaDEX Fund,5,120,14,49,59,1.0,10.0,26.31,15.17,7.29,17.3
96,ESGD.O,iShares ESG Aware MSCI EAFE ETF,5,120,14,49,59,1.0,10.0,26.31,15.97,6.91,17.17
96,ACWI.O,iShares MSCI ACWI ETF,5,120,14,49,59,1.0,10.0,26.31,10.34,9.39,17.16
96,VT,Vanguard Total World Stock Index Fund;ETF,5,120,14,49,59,1.0,10.0,26.31,11.28,9.19,17.33
96,DVY.O,iShares Select Dividend ETF,5,120,14,49,59,1.0,10.0,26.31,17.42,8.85,16.78
96,VLUE.K,iShares MSCI USA Value Factor ETF,5,120,14,49,59,1.0,10.0,26.31,14.61,8.6,18.61
96,DFAC.K,Dimensional U S Core Equity 2 ETF,5,120,14,49,59,1.0,10.0,26.31,8.45,8.2,17.32
96,EFG,iShares MSCI EAFE Growth ETF,5,120,14,49,59,1.0,10.0,26.31,11.64,6.88,17.93
96,SDY,SPDR S&P Dividend ETF,5,120,14,49,59,1.0,10.0,26.31,8.73,8.75,16.49
96,FUTY.K,Fidelity MSCI Utilities Index ETF,5,120,14,49,59,1.0,10.0,26.31,10.34,7.2,18.7
96,AVLV.K,Avantis US Large Cap Value ETF,5,120,14,49,59,1.0,10.0,26.31,20.79,9.26,17.8
96,ICVT.K,iShares Convertible Bond ETF,5,120,14,49,59,1.0,10.0,26.31,1.66,6.6,16.08
96,IHDG.K,WisdomTree International Hedged Qual Dividend Gro,5,120,14,49,59,1.0,10.0,26.31,6.01,7.5,15.93
96,EWL,Ishares Msci Switzerland ETF,5,120,14,49,59,1.0,10.0,26.31,9.17,7.69,17.03
96,VPU,Vanguard Utilities Index Fund;ETF,5,120,14,49,59,1.0,10.0,26.31,9.91,7.9,17.53
96,VIGI.O,Vanguard Intl Dividend Appreciation Index Fund;ETF,5,120,14,49,59,1.0,10.0,26.31,11.07,7.08,16.24
96,CRBN.K,iShares MSCI ACWI Low Carbon Target ETF,5,120,14,49,59,1.0,10.0,26.31,7.85,8.75,16.71
96,DJD,Invesco Dow Jones Industrial Average Div ETF,5,120,14,49,59,1.0,10.0,26.31,15.15,8.96,17.31
96,IBGK.O,iShares iBonds Dec 2054 Term Treasury ETF,5,120,14,49,59,1.0,10.0,26.31,0.0,9.18,16.97
96,PCCE.K,Polen Capital China Growth ETF,5,120,14,49,59,1.0,10.0,26.31,0.0,7.06,18.69
96,KLDW.K,Knowledge Leaders Developed World ETF,5,120,14,49,59,1.0,10.0,26.31,13.64,8.21,16.78
96,PSCU.O,Invesco S&P SmallCap Utilities & Comm Svcs,5,120,14,49,59,1.0,10.0,26.31,-1.63,6.82,18.04
96,CEFA.O,Global X S&P Catholic Values Developed ex-US ETF,5,120,14,49,59,1.0,10.0,26.31,14.53,6.9,16.61
96,EBLU.K,Ecofin Global Water ESG Fund,5,120,14,49,59,1.0,10.0,26.31,10.14,9.46,17.33
96,DDIV.O,First Trust Dorsey Wright Momentum & Dividend ETF,5,120,14,49,59,1.0,10.0,26.31,27.92,6.92,18.71
96,RVER.K,Trenchless Fund ETF,5,120,14,49,59,1.0,10.0,26.31,0.0,6.94,18.05
96,DIEM.K,Franklin Emerging Market Core Dividend Tilt Ix ETF,5,120,14,49,59,1.0,10.0,26.31,19.76,8.45,16.01
96,ECLN.K,First Trust EIP Carbon Impact ETF,5,120,14,49,59,1.0,10.0,26.31,9.25,6.8,18.77
96,PUI.O,Invesco Dorsey Wright Utilities Momentum ETF,5,120,14,49,59,1.0,10.0,26.31,9.26,8.12,17.8
96,FMCX.K,FM Focus Equity ETF,5,120,14,49,59,1.0,10.0,26.31,112.12,8.06,17.02
96,XRLV.K,Invesco S&P 500 ex-Rate Sensitive LV ETF,5,120,14,49,59,1.0,10.0,26.31,0.0,8.91,16.04
96,KEM,KraneShares Dynamic Emerging Markets Strategy ETF,5,120,14,49,59,1.0,10.0,26.31,0.0,7.02,16.43
96,DFND.K,Siren DIVCON Dividend Defender ETF,5,120,14,49,59,1.0,10.0,26.31,5.51,7.37,16.75
96,HLGE.K,Hartford Longevity Economy ETF,5,120,14,49,59,1.0,10.0,26.31,7.09,7.52,16.4
96,EMSF.K,Matthews Emerging Markets Sustainable Ftr Actv ETF,5,120,14,49,59,1.0,10.0,26.31,0.0,8.49,18.29
96,FLSW.K,Franklin FTSE Switzerland ETF,5,120,14,49,59,1.0,10.0,26.31,8.46,7.11,17.35
96,CBLS.K,Clough Hedged Equity ETF,5,120,14,49,59,1.0,10.0,26.31,8.14,8.19,16.06
96,TSLH.K,Innovator Hedged TSLA Strategy ETF,5,120,14,49,59,1.0,10.0,26.31,1001.27,7.61,18.42
96,IPKW.O,Invesco International BuyBack Achievers ETF,5,120,14,49,59,1.0,10.0,26.31,14.78,6.48,17.45
96,STXK.K,Strive Small Cap ETF,5,120,14,49,59,1.0,10.0,26.31,0.0,8.6,18.65
96,IDHQ.K,Invesco S&P Internatnl Developed Quality ETF,5,120,14,49,59,1.0,10.0,26.31,11.25,7.24,18.46
96,GLOF.K,iShares Global Equity Factor ETF,5,120,14,49,59,1.0,10.0,26.31,13.82,7.66,17.64
96,FBOT.O,Fidelity Disruptive Automation ETF,5,120,14,49,59,1.0,10.0,26.31,0.0,6.88,16.49
96,VALQ.K,American Century US Quality Value ETF,5,120,14,49,59,1.0,10.0,26.31,17.72,7.11,18.57
96,DGT,SPDR Global Dow ETF,5,120,14,49,59,1.0,10.0,26.31,18.41,8.55,17.36
96,FVC.O,First Trust Dorsey Wright Dynamic Focus 5 ETF,5,120,14,49,59,1.0,10.0,26.31,18.9,8.69,17.6
96,IVRA.K,Invesco Real Assets ESG ETF,5,120,14,49,59,1.0,10.0,26.31,2.57,7.68,17.81
96,EASG.K,Xtrackers MSCI EAFE ESG Leaders Equity ETF,5,120,14,49,59,1.0,10.0,26.31,17.45,7.14,18.94
96,PIO.O,Invesco Global Water ETF,5,120,14,49,59,1.0,10.0,26.31,13.32,8.25,18.67
96,DGIN.K,VanEck Digital India ETF,5,120,14,49,59,1.0,10.0,26.31,39.77,8.42,18.66
96,FSZ.O,First Trust Switzerland AlphaDEX Fund,5,120,14,49,59,1.0,10.0,26.31,16.84,8.14,18.41
96,GVLU.K,Gotham 1000 Value ETF,5,120,14,49,59,1.0,10.0,26.31,0.0,8.72,18.29
96,RAYD.K,Rayliant Quantitative Developed Market Equity ETF,5,120,14,49,59,1.0,10.0,26.31,15.14,8.75,16.45
96,XLU,Utilities Select Sector SPDR Fund,5,120,14,49,59,1.0,10.0,26.31,10.27,7.76,17.66
96,JPSV.K,JPMorgan Active Small Cap Value ETF,5,120,14,49,59,1.0,10.0,26.31,0.0,7.51,16.6
96,WCEO.K,Hypatia Women CEO ETF,5,120,14,49,59,1.0,10.0,26.31,0.0,8.39,16.8
96,SDG.O,iShares MSCI Global Sustainable Development Goals,5,120,14,49,64,1.0,10.0,25.4,1.94,7.1,16.69
96,CBLS.K,Clough Hedged Equity ETF,5,120,14,49,64,1.0,10.0,25.4,8.14,8.19,16.06
96,TSLH.K,Innovator Hedged TSLA Strategy ETF,5,120,14,49,64,1.0,10.0,25.4,1001.27,7.61,18.42
96,IVRA.K,Invesco Real Assets ESG ETF,5,120,14,49,64,1.0,10.0,25.4,2.57,7.68,17.81
96,RAYD.K,Rayliant Quantitative Developed Market Equity ETF,5,120,14,49,64,1.0,10.0,25.4,20.4,8.75,16.45
96,GVLU.K,Gotham 1000 Value ETF,5,120,14,49,64,1.0,10.0,25.4,0.0,8.72,18.29
96,FSZ.O,First Trust Switzerland AlphaDEX Fund,5,120,14,49,64,1.0,10.0,25.4,10.66,8.14,18.41
96,DGIN.K,VanEck Digital India ETF,5,120,14,49,64,1.0,10.0,25.4,42.72,8.42,18.66
96,PIO.O,Invesco Global Water ETF,5,120,14,49,64,1.0,10.0,25.4,14.87,8.25,18.67
96,EASG.K,Xtrackers MSCI EAFE ESG Leaders Equity ETF,5,120,14,49,64,1.0,10.0,25.4,17.81,7.14,18.94
96,FVC.O,First Trust Dorsey Wright Dynamic Focus 5 ETF,5,120,14,49,64,1.0,10.0,25.4,21.61,8.69,17.6
96,IPKW.O,Invesco International BuyBack Achievers ETF,5,120,14,49,64,1.0,10.0,25.4,13.79,6.48,17.45
96,DGT,SPDR Global Dow ETF,5,120,14,49,64,1.0,10.0,25.4,19.38,8.55,17.36
96,VALQ.K,American Century US Quality Value ETF,5,120,14,49,64,1.0,10.0,25.4,15.1,7.11,18.57
96,FBOT.O,Fidelity Disruptive Automation ETF,5,120,14,49,64,1.0,10.0,25.4,0.0,6.88,16.49
96,GLOF.K,iShares Global Equity Factor ETF,5,120,14,49,64,1.0,10.0,25.4,13.64,7.66,17.64
96,FLSW.K,Franklin FTSE Switzerland ETF,5,120,14,49,64,1.0,10.0,25.4,8.46,7.11,17.35
96,KLDW.K,Knowledge Leaders Developed World ETF,5,120,14,49,64,1.0,10.0,25.4,15.33,8.21,16.78
96,PSCU.O,Invesco S&P SmallCap Utilities & Comm Svcs,5,120,14,49,64,1.0,10.0,25.4,1.28,6.82,18.04
96,XRLV.K,Invesco S&P 500 ex-Rate Sensitive LV ETF,5,120,14,49,64,1.0,10.0,25.4,0.0,8.91,16.04
96,WCEO.K,Hypatia Women CEO ETF,5,120,14,49,64,1.0,10.0,25.4,0.0,8.39,16.8
96,JPSV.K,JPMorgan Active Small Cap Value ETF,5,120,14,49,64,1.0,10.0,25.4,0.0,7.51,16.6
96,EMSF.K,Matthews Emerging Markets Sustainable Ftr Actv ETF,5,120,14,49,64,1.0,10.0,25.4,0.0,8.49,18.29
96,HLGE.K,Hartford Longevity Economy ETF,5,120,14,49,64,1.0,10.0,25.4,11.56,7.52,16.4
96,DFND.K,Siren DIVCON Dividend Defender ETF,5,120,14,49,64,1.0,10.0,25.4,8.41,7.37,16.75
96,KEM,KraneShares Dynamic Emerging Markets Strategy ETF,5,120,14,49,64,1.0,10.0,25.4,0.0,7.02,16.43
96,FMCX.K,FM Focus Equity ETF,5,120,14,49,64,1.0,10.0,25.4,45.89,8.06,17.02
96,CEFA.O,Global X S&P Catholic Values Developed ex-US ETF,5,120,14,49,64,1.0,10.0,25.4,11.97,6.9,16.61
96,PUI.O,Invesco Dorsey Wright Utilities Momentum ETF,5,120,14,49,64,1.0,10.0,25.4,3.17,8.12,17.8
96,ECLN.K,First Trust EIP Carbon Impact ETF,5,120,14,49,64,1.0,10.0,25.4,9.25,6.8,18.77
96,DIEM.K,Franklin Emerging Market Core Dividend Tilt Ix ETF,5,120,14,49,64,1.0,10.0,25.4,21.3,8.45,16.01
96,RVER.K,Trenchless Fund ETF,5,120,14,49,64,1.0,10.0,25.4,0.0,6.94,18.05
96,DDIV.O,First Trust Dorsey Wright Momentum & Dividend ETF,5,120,14,49,64,1.0,10.0,25.4,22.38,6.92,18.71
96,EBLU.K,Ecofin Global Water ESG Fund,5,120,14,49,64,1.0,10.0,25.4,7.92,9.46,17.33
96,IDHQ.K,Invesco S&P Internatnl Developed Quality ETF,5,120,14,49,64,1.0,10.0,25.4,13.3,7.24,18.46
96,DJD,Invesco Dow Jones Industrial Average Div ETF,5,120,14,49,64,1.0,10.0,25.4,14.43,8.96,17.31
96,ACWI.O,iShares MSCI ACWI ETF,5,120,14,49,64,1.0,10.0,25.4,12.43,9.39,17.16
96,XDQQ.K,Innovator Growth Accelerated ETF - Quarterly,5,120,14,49,64,1.0,10.0,25.4,22.12,8.26,19.4
96,FXU,First Trust Utilities AlphaDEX Fund,5,120,14,49,64,1.0,10.0,25.4,12.31,7.29,17.3
96,FUTY.K,Fidelity MSCI Utilities Index ETF,5,120,14,49,64,1.0,10.0,25.4,3.16,7.2,18.7
96,VIGI.O,Vanguard Intl Dividend Appreciation Index Fund;ETF,5,120,14,49,64,1.0,10.0,25.4,11.07,7.08,16.24
96,VPU,Vanguard Utilities Index Fund;ETF,5,120,14,49,64,1.0,10.0,25.4,2.86,7.9,17.53
96,EWL,Ishares Msci Switzerland ETF,5,120,14,49,64,1.0,10.0,25.4,12.12,7.69,17.03
96,IHDG.K,WisdomTree International Hedged Qual Dividend Gro,5,120,14,49,64,1.0,10.0,25.4,8.12,7.5,15.93
96,ICVT.K,iShares Convertible Bond ETF,5,120,14,49,64,1.0,10.0,25.4,1.66,6.6,16.08
96,AVLV.K,Avantis US Large Cap Value ETF,5,120,14,49,64,1.0,10.0,25.4,25.85,9.26,17.8
96,SDY,SPDR S&P Dividend ETF,5,120,14,49,64,1.0,10.0,25.4,16.8,8.75,16.49
96,ESGD.O,iShares ESG Aware MSCI EAFE ETF,5,120,14,49,64,1.0,10.0,25.4,11.19,6.91,17.17
96,EFG,iShares MSCI EAFE Growth ETF,5,120,14,49,64,1.0,10.0,25.4,13.18,6.88,17.93
96,DFAC.K,Dimensional U S Core Equity 2 ETF,5,120,14,49,64,1.0,10.0,25.4,11.54,8.2,17.32
96,VLUE.K,iShares MSCI USA Value Factor ETF,5,120,14,49,64,1.0,10.0,25.4,10.58,8.6,18.61
96,DVY.O,iShares Select Dividend ETF,5,120,14,49,64,1.0,10.0,25.4,7.24,8.85,16.78
96,VT,Vanguard Total World Stock Index Fund;ETF,5,120,14,49,64,1.0,10.0,25.4,12.04,9.19,17.33
96,DFUV.K,DFA Dimensional US Marketwide Value ETF,5,120,14,49,64,1.0,10.0,25.4,57.15,8.68,16.62
96,PEY.O,Invesco High Yield Equity Dividend Achvrs ETF,5,120,14,49,64,1.0,10.0,25.4,21.62,8.13,17.46
96,SDOG.K,ALPS Sector Dividend Dogs ETF,5,120,14,49,64,1.0,10.0,25.4,10.68,7.9,18.15
96,EQAL.K,Invesco Russell 1000 Equal Weight ETF,5,120,14,49,64,1.0,10.0,25.4,9.38,7.96,18.98
96,CRBN.K,iShares MSCI ACWI Low Carbon Target ETF,5,120,14,49,64,1.0,10.0,25.4,11.84,8.75,16.71
96,JIG,JPMorgan International Growth ETF,5,120,14,49,64,1.0,10.0,25.4,8.33,7.83,19.01
96,WTV,WisdomTree US Value Fund,5,120,14,49,64,1.0,10.0,25.4,26.23,7.11,18.31
96,QYLG.O,Global X Nasdaq 100 Covered Call & Growth ETF,5,120,14,49,64,1.0,10.0,25.4,10.43,6.66,18.14
96,SMMV.K,iShares MSCI USA Small-Cap Min Vol Factor ETF,5,120,14,49,64,1.0,10.0,25.4,9.9,6.93,16.34
96,KJAN.K,Innovator US Small Cap Power Buffer ETF - January,5,120,14,49,64,1.0,10.0,25.4,9.47,7.44,16.26
96,ROUS.K,Hartford Multifactor US Equity ETF,5,120,14,49,64,1.0,10.0,25.4,25.29,8.84,17.12
96,IQDG.K,WisdomTree International Quality Dividend Growth,5,120,14,49,64,1.0,10.0,25.4,14.85,6.88,17.43
96,DMXF.O,iShares ESG Advanced MSCI EAFE ETF,5,120,14,49,64,1.0,10.0,25.4,14.97,8.92,17.13
96,EWJV.O,iShares MSCI Japan Value ETF,5,120,14,49,64,1.0,10.0,25.4,24.07,7.14,17.83
96,REGL.K,ProShares S&P MidCap 400 Dividend Aristocrats ETF,5,120,14,49,64,1.0,10.0,25.4,19.21,8.27,18.41
96,XMLV.K,Invesco S&P MidCap Low Volatility ETF,5,120,14,49,64,1.0,10.0,25.4,8.94,8.42,16.26
96,NULV.K,Nuveen ESG Large-Cap Value ETF,5,120,14,49,64,1.0,10.0,25.4,15.48,7.25,17.78
96,SPGM.K,SPDR Portfolio MSCI Global Stock Market ETF,5,120,14,49,64,1.0,10.0,25.4,11.33,9.21,17.65
96,XLU,Utilities Select Sector SPDR Fund,5,120,14,49,64,1.0,10.0,25.4,3.16,7.76,17.66
96,STXK.K,Strive Small Cap ETF,5,120,14,49,64,1.0,10.0,25.4,0.0,8.6,18.65
96,IBGK.O,iShares iBonds Dec 2054 Term Treasury ETF,5,120,14,49,64,1.0,10.0,25.4,0.0,9.18,16.97
96,PCCE.K,Polen Capital China Growth ETF,5,120,14,49,64,1.0,10.0,25.4,0.0,7.06,18.69
96,PCCE.K,Polen Capital China Growth ETF,5,120,14,44,59,1.0,10.0,25.33,0.0,7.06,18.69
96,SDOG.K,ALPS Sector Dividend Dogs ETF,5,120,14,44,59,1.0,10.0,25.33,8.47,7.9,18.15
96,SPGM.K,SPDR Portfolio MSCI Global Stock Market ETF,5,120,14,44,59,1.0,10.0,25.33,11.27,9.21,17.65
96,NULV.K,Nuveen ESG Large-Cap Value ETF,5,120,14,44,59,1.0,10.0,25.33,0.0,7.25,17.78
96,XMLV.K,Invesco S&P MidCap Low Volatility ETF,5,120,14,44,59,1.0,10.0,25.33,35.46,8.42,16.26
96,REGL.K,ProShares S&P MidCap 400 Dividend Aristocrats ETF,5,120,14,44,59,1.0,10.0,25.33,0.0,8.27,18.41
96,EWJV.O,iShares MSCI Japan Value ETF,5,120,14,44,59,1.0,10.0,25.33,24.42,7.14,17.83
96,DMXF.O,iShares ESG Advanced MSCI EAFE ETF,5,120,14,44,59,1.0,10.0,25.33,16.7,8.92,17.13
96,ROUS.K,Hartford Multifactor US Equity ETF,5,120,14,44,59,1.0,10.0,25.33,24.86,8.84,17.12
96,EQAL.K,Invesco Russell 1000 Equal Weight ETF,5,120,14,44,59,1.0,10.0,25.33,26.0,7.96,18.98
96,KJAN.K,Innovator US Small Cap Power Buffer ETF - January,5,120,14,44,59,1.0,10.0,25.33,0.0,7.44,16.26
96,SMMV.K,iShares MSCI USA Small-Cap Min Vol Factor ETF,5,120,14,44,59,1.0,10.0,25.33,24.75,6.93,16.34
96,QYLG.O,Global X Nasdaq 100 Covered Call & Growth ETF,5,120,14,44,59,1.0,10.0,25.33,8.32,6.66,18.14
96,WTV,WisdomTree US Value Fund,5,120,14,44,59,1.0,10.0,25.33,0.0,7.11,18.31
96,JIG,JPMorgan International Growth ETF,5,120,14,44,59,1.0,10.0,25.33,8.33,7.83,19.01
96,CRBN.K,iShares MSCI ACWI Low Carbon Target ETF,5,120,14,44,59,1.0,10.0,25.33,11.94,8.75,16.71
96,XDQQ.K,Innovator Growth Accelerated ETF - Quarterly,5,120,14,44,59,1.0,10.0,25.33,18.88,8.26,19.4
96,IQDG.K,WisdomTree International Quality Dividend Growth,5,120,14,44,59,1.0,10.0,25.33,17.45,6.88,17.43
96,PEY.O,Invesco High Yield Equity Dividend Achvrs ETF,5,120,14,44,59,1.0,10.0,25.33,57.62,8.13,17.46
96,WCEO.K,Hypatia Women CEO ETF,5,120,14,44,59,1.0,10.0,25.33,0.0,8.39,16.8
96,DFUV.K,DFA Dimensional US Marketwide Value ETF,5,120,14,44,59,1.0,10.0,25.33,0.0,8.68,16.62
96,VT,Vanguard Total World Stock Index Fund;ETF,5,120,14,44,59,1.0,10.0,25.33,13.95,9.19,17.33
96,DVY.O,iShares Select Dividend ETF,5,120,14,44,59,1.0,10.0,25.33,53.96,8.85,16.78
96,VLUE.K,iShares MSCI USA Value Factor ETF,5,120,14,44,59,1.0,10.0,25.33,18.53,8.6,18.61
96,DFAC.K,Dimensional U S Core Equity 2 ETF,5,120,14,44,59,1.0,10.0,25.33,8.45,8.2,17.32
96,EFG,iShares MSCI EAFE Growth ETF,5,120,14,44,59,1.0,10.0,25.33,11.64,6.88,17.93
96,ESGD.O,iShares ESG Aware MSCI EAFE ETF,5,120,14,44,59,1.0,10.0,25.33,14.84,6.91,17.17
96,SDY,SPDR S&P Dividend ETF,5,120,14,44,59,1.0,10.0,25.33,9.61,8.75,16.49
96,AVLV.K,Avantis US Large Cap Value ETF,5,120,14,44,59,1.0,10.0,25.33,0.0,9.26,17.8
96,ICVT.K,iShares Convertible Bond ETF,5,120,14,44,59,1.0,10.0,25.33,1.66,6.6,16.08
96,IHDG.K,WisdomTree International Hedged Qual Dividend Gro,5,120,14,44,59,1.0,10.0,25.33,8.35,7.5,15.93
96,EWL,Ishares Msci Switzerland ETF,5,120,14,44,59,1.0,10.0,25.33,8.6,7.69,17.03
96,VPU,Vanguard Utilities Index Fund;ETF,5,120,14,44,59,1.0,10.0,25.33,83.21,7.9,17.53
96,VIGI.O,Vanguard Intl Dividend Appreciation Index Fund;ETF,5,120,14,44,59,1.0,10.0,25.33,11.07,7.08,16.24
96,FUTY.K,Fidelity MSCI Utilities Index ETF,5,120,14,44,59,1.0,10.0,25.33,0.0,7.2,18.7
96,FXU,First Trust Utilities AlphaDEX Fund,5,120,14,44,59,1.0,10.0,25.33,16.62,7.29,17.3
96,XLU,Utilities Select Sector SPDR Fund,5,120,14,44,59,1.0,10.0,25.33,0.0,7.76,17.66
96,DJD,Invesco Dow Jones Industrial Average Div ETF,5,120,14,44,59,1.0,10.0,25.33,0.0,8.96,17.31
96,IBGK.O,iShares iBonds Dec 2054 Term Treasury ETF,5,120,14,44,59,1.0,10.0,25.33,0.0,9.18,16.97
96,STXK.K,Strive Small Cap ETF,5,120,14,44,59,1.0,10.0,25.33,0.0,8.6,18.65
96,PSCU.O,Invesco S&P SmallCap Utilities & Comm Svcs,5,120,14,44,59,1.0,10.0,25.33,1.54,6.82,18.04
96,CEFA.O,Global X S&P Catholic Values Developed ex-US ETF,5,120,14,44,59,1.0,10.0,25.33,14.53,6.9,16.61
96,EBLU.K,Ecofin Global Water ESG Fund,5,120,14,44,59,1.0,10.0,25.33,15.88,9.46,17.33
96,DDIV.O,First Trust Dorsey Wright Momentum & Dividend ETF,5,120,14,44,59,1.0,10.0,25.33,57.88,6.92,18.71
96,RVER.K,Trenchless Fund ETF,5,120,14,44,59,1.0,10.0,25.33,0.0,6.94,18.05
96,DIEM.K,Franklin Emerging Market Core Dividend Tilt Ix ETF,5,120,14,44,59,1.0,10.0,25.33,0.0,8.45,16.01
96,ECLN.K,First Trust EIP Carbon Impact ETF,5,120,14,44,59,1.0,10.0,25.33,0.0,6.8,18.77
96,PUI.O,Invesco Dorsey Wright Utilities Momentum ETF,5,120,14,44,59,1.0,10.0,25.33,0.0,8.12,17.8
96,FMCX.K,FM Focus Equity ETF,5,120,14,44,59,1.0,10.0,25.33,0.0,8.06,17.02
96,XRLV.K,Invesco S&P 500 ex-Rate Sensitive LV ETF,5,120,14,44,59,1.0,10.0,25.33,0.0,8.91,16.04
96,KEM,KraneShares Dynamic Emerging Markets Strategy ETF,5,120,14,44,59,1.0,10.0,25.33,0.0,7.02,16.43
96,DFND.K,Siren DIVCON Dividend Defender ETF,5,120,14,44,59,1.0,10.0,25.33,10.36,7.37,16.75
96,HLGE.K,Hartford Longevity Economy ETF,5,120,14,44,59,1.0,10.0,25.33,14.47,7.52,16.4
96,EMSF.K,Matthews Emerging Markets Sustainable Ftr Actv ETF,5,120,14,44,59,1.0,10.0,25.33,0.0,8.49,18.29
96,JPSV.K,JPMorgan Active Small Cap Value ETF,5,120,14,44,59,1.0,10.0,25.33,0.0,7.51,16.6
96,KLDW.K,Knowledge Leaders Developed World ETF,5,120,14,44,59,1.0,10.0,25.33,13.44,8.21,16.78
96,FLSW.K,Franklin FTSE Switzerland ETF,5,120,14,44,59,1.0,10.0,25.33,8.46,7.11,17.35
96,CBLS.K,Clough Hedged Equity ETF,5,120,14,44,59,1.0,10.0,25.33,8.14,8.19,16.06
96,FVC.O,First Trust Dorsey Wright Dynamic Focus 5 ETF,5,120,14,44,59,1.0,10.0,25.33,0.0,8.69,17.6
96,IDHQ.K,Invesco S&P Internatnl Developed Quality ETF,5,120,14,44,59,1.0,10.0,25.33,12.75,7.24,18.46
96,GLOF.K,iShares Global Equity Factor ETF,5,120,14,44,59,1.0,10.0,25.33,15.73,7.66,17.64
96,FBOT.O,Fidelity Disruptive Automation ETF,5,120,14,44,59,1.0,10.0,25.33,0.0,6.88,16.49
96,VALQ.K,American Century US Quality Value ETF,5,120,14,44,59,1.0,10.0,25.33,17.8,7.11,18.57
96,DGT,SPDR Global Dow ETF,5,120,14,44,59,1.0,10.0,25.33,13.85,8.55,17.36
96,IPKW.O,Invesco International BuyBack Achievers ETF,5,120,14,44,59,1.0,10.0,25.33,12.57,6.48,17.45
96,EASG.K,Xtrackers MSCI EAFE ESG Leaders Equity ETF,5,120,14,44,59,1.0,10.0,25.33,14.53,7.14,18.94
96,TSLH.K,Innovator Hedged TSLA Strategy ETF,5,120,14,44,59,1.0,10.0,25.33,1001.27,7.61,18.42
96,PIO.O,Invesco Global Water ETF,5,120,14,44,59,1.0,10.0,25.33,15.19,8.25,18.67
96,DGIN.K,VanEck Digital India ETF,5,120,14,44,59,1.0,10.0,25.33,39.77,8.42,18.66
96,FSZ.O,First Trust Switzerland AlphaDEX Fund,5,120,14,44,59,1.0,10.0,25.33,13.0,8.14,18.41
96,GVLU.K,Gotham 1000 Value ETF,5,120,14,44,59,1.0,10.0,25.33,0.0,8.72,18.29
96,RAYD.K,Rayliant Quantitative Developed Market Equity ETF,5,120,14,44,59,1.0,10.0,25.33,15.14,8.75,16.45
96,IVRA.K,Invesco Real Assets ESG ETF,5,120,14,44,59,1.0,10.0,25.33,15.18,7.68,17.81
96,SDG.O,iShares MSCI Global Sustainable Development Goals,5,120,14,44,59,1.0,10.0,25.33,1.49,7.1,16.69
96,ACWI.O,iShares MSCI ACWI ETF,5,120,14,44,59,1.0,10.0,25.33,12.07,9.39,17.16
96,IBGK.O,iShares iBonds Dec 2054 Term Treasury ETF,5,120,14,44,64,1.0,10.0,25.01,0.0,9.18,16.97
96,SDOG.K,ALPS Sector Dividend Dogs ETF,5,120,14,44,64,1.0,10.0,25.01,10.92,7.9,18.15
96,SPGM.K,SPDR Portfolio MSCI Global Stock Market ETF,5,120,14,44,64,1.0,10.0,25.01,13.21,9.21,17.65
96,NULV.K,Nuveen ESG Large-Cap Value ETF,5,120,14,44,64,1.0,10.0,25.01,0.0,7.25,17.78
96,XMLV.K,Invesco S&P MidCap Low Volatility ETF,5,120,14,44,64,1.0,10.0,25.01,36.77,8.42,16.26
96,REGL.K,ProShares S&P MidCap 400 Dividend Aristocrats ETF,5,120,14,44,64,1.0,10.0,25.01,0.0,8.27,18.41
96,EWJV.O,iShares MSCI Japan Value ETF,5,120,14,44,64,1.0,10.0,25.01,24.07,7.14,17.83
96,DMXF.O,iShares ESG Advanced MSCI EAFE ETF,5,120,14,44,64,1.0,10.0,25.01,14.97,8.92,17.13
96,ROUS.K,Hartford Multifactor US Equity ETF,5,120,14,44,64,1.0,10.0,25.01,23.95,8.84,17.12
96,EQAL.K,Invesco Russell 1000 Equal Weight ETF,5,120,14,44,64,1.0,10.0,25.01,17.72,7.96,18.98
96,KJAN.K,Innovator US Small Cap Power Buffer ETF - January,5,120,14,44,64,1.0,10.0,25.01,0.0,7.44,16.26
96,SMMV.K,iShares MSCI USA Small-Cap Min Vol Factor ETF,5,120,14,44,64,1.0,10.0,25.01,25.82,6.93,16.34
96,QYLG.O,Global X Nasdaq 100 Covered Call & Growth ETF,5,120,14,44,64,1.0,10.0,25.01,10.43,6.66,18.14
96,WTV,WisdomTree US Value Fund,5,120,14,44,64,1.0,10.0,25.01,0.0,7.11,18.31
96,JIG,JPMorgan International Growth ETF,5,120,14,44,64,1.0,10.0,25.01,8.33,7.83,19.01
96,CRBN.K,iShares MSCI ACWI Low Carbon Target ETF,5,120,14,44,64,1.0,10.0,25.01,15.93,8.75,16.71
96,XDQQ.K,Innovator Growth Accelerated ETF - Quarterly,5,120,14,44,64,1.0,10.0,25.01,22.12,8.26,19.4
96,IQDG.K,WisdomTree International Quality Dividend Growth,5,120,14,44,64,1.0,10.0,25.01,14.38,6.88,17.43
96,PEY.O,Invesco High Yield Equity Dividend Achvrs ETF,5,120,14,44,64,1.0,10.0,25.01,54.49,8.13,17.46
96,XLU,Utilities Select Sector SPDR Fund,5,120,14,44,64,1.0,10.0,25.01,0.0,7.76,17.66
96,DFUV.K,DFA Dimensional US Marketwide Value ETF,5,120,14,44,64,1.0,10.0,25.01,0.0,8.68,16.62
96,VT,Vanguard Total World Stock Index Fund;ETF,5,120,14,44,64,1.0,10.0,25.01,15.35,9.19,17.33
96,DVY.O,iShares Select Dividend ETF,5,120,14,44,64,1.0,10.0,25.01,58.71,8.85,16.78
96,VLUE.K,iShares MSCI USA Value Factor ETF,5,120,14,44,64,1.0,10.0,25.01,20.11,8.6,18.61
96,DFAC.K,Dimensional U S Core Equity 2 ETF,5,120,14,44,64,1.0,10.0,25.01,11.54,8.2,17.32
96,EFG,iShares MSCI EAFE Growth ETF,5,120,14,44,64,1.0,10.0,25.01,12.17,6.88,17.93
96,ESGD.O,iShares ESG Aware MSCI EAFE ETF,5,120,14,44,64,1.0,10.0,25.01,13.1,6.91,17.17
96,SDY,SPDR S&P Dividend ETF,5,120,14,44,64,1.0,10.0,25.01,14.73,8.75,16.49
96,AVLV.K,Avantis US Large Cap Value ETF,5,120,14,44,64,1.0,10.0,25.01,0.0,9.26,17.8
96,ICVT.K,iShares Convertible Bond ETF,5,120,14,44,64,1.0,10.0,25.01,1.66,6.6,16.08
96,IHDG.K,WisdomTree International Hedged Qual Dividend Gro,5,120,14,44,64,1.0,10.0,25.01,10.23,7.5,15.93
96,EWL,Ishares Msci Switzerland ETF,5,120,14,44,64,1.0,10.0,25.01,8.6,7.69,17.03
96,VPU,Vanguard Utilities Index Fund;ETF,5,120,14,44,64,1.0,10.0,25.01,32.72,7.9,17.53
96,VIGI.O,Vanguard Intl Dividend Appreciation Index Fund;ETF,5,120,14,44,64,1.0,10.0,25.01,11.07,7.08,16.24
96,FUTY.K,Fidelity MSCI Utilities Index ETF,5,120,14,44,64,1.0,10.0,25.01,0.0,7.2,18.7
96,FXU,First Trust Utilities AlphaDEX Fund,5,120,14,44,64,1.0,10.0,25.01,13.81,7.29,17.3
96,DJD,Invesco Dow Jones Industrial Average Div ETF,5,120,14,44,64,1.0,10.0,25.01,0.0,8.96,17.31
96,SDG.O,iShares MSCI Global Sustainable Development Goals,5,120,14,44,64,1.0,10.0,25.01,4.89,7.1,16.69
96,STXK.K,Strive Small Cap ETF,5,120,14,44,64,1.0,10.0,25.01,0.0,8.6,18.65
96,IDHQ.K,Invesco S&P Internatnl Developed Quality ETF,5,120,14,44,64,1.0,10.0,25.01,14.25,7.24,18.46
96,CEFA.O,Global X S&P Catholic Values Developed ex-US ETF,5,120,14,44,64,1.0,10.0,25.01,11.97,6.9,16.61
96,EBLU.K,Ecofin Global Water ESG Fund,5,120,14,44,64,1.0,10.0,25.01,12.24,9.46,17.33
96,DDIV.O,First Trust Dorsey Wright Momentum & Dividend ETF,5,120,14,44,64,1.0,10.0,25.01,55.34,6.92,18.71
96,RVER.K,Trenchless Fund ETF,5,120,14,44,64,1.0,10.0,25.01,0.0,6.94,18.05
96,DIEM.K,Franklin Emerging Market Core Dividend Tilt Ix ETF,5,120,14,44,64,1.0,10.0,25.01,0.0,8.45,16.01
96,ECLN.K,First Trust EIP Carbon Impact ETF,5,120,14,44,64,1.0,10.0,25.01,0.0,6.8,18.77
96,PUI.O,Invesco Dorsey Wright Utilities Momentum ETF,5,120,14,44,64,1.0,10.0,25.01,0.0,8.12,17.8
96,FMCX.K,FM Focus Equity ETF,5,120,14,44,64,1.0,10.0,25.01,0.0,8.06,17.02
96,XRLV.K,Invesco S&P 500 ex-Rate Sensitive LV ETF,5,120,14,44,64,1.0,10.0,25.01,0.0,8.91,16.04
96,KEM,KraneShares Dynamic Emerging Markets Strategy ETF,5,120,14,44,64,1.0,10.0,25.01,0.0,7.02,16.43
96,DFND.K,Siren DIVCON Dividend Defender ETF,5,120,14,44,64,1.0,10.0,25.01,13.03,7.37,16.75
96,HLGE.K,Hartford Longevity Economy ETF,5,120,14,44,64,1.0,10.0,25.01,19.83,7.52,16.4
96,EMSF.K,Matthews Emerging Markets Sustainable Ftr Actv ETF,5,120,14,44,64,1.0,10.0,25.01,0.0,8.49,18.29
96,JPSV.K,JPMorgan Active Small Cap Value ETF,5,120,14,44,64,1.0,10.0,25.01,0.0,7.51,16.6
96,WCEO.K,Hypatia Women CEO ETF,5,120,14,44,64,1.0,10.0,25.01,0.0,8.39,16.8
96,PSCU.O,Invesco S&P SmallCap Utilities & Comm Svcs,5,120,14,44,64,1.0,10.0,25.01,5.27,6.82,18.04
96,KLDW.K,Knowledge Leaders Developed World ETF,5,120,14,44,64,1.0,10.0,25.01,11.42,8.21,16.78
96,FLSW.K,Franklin FTSE Switzerland ETF,5,120,14,44,64,1.0,10.0,25.01,8.46,7.11,17.35
96,EASG.K,Xtrackers MSCI EAFE ESG Leaders Equity ETF,5,120,14,44,64,1.0,10.0,25.01,13.64,7.14,18.94
96,GLOF.K,iShares Global Equity Factor ETF,5,120,14,44,64,1.0,10.0,25.01,16.56,7.66,17.64
96,FBOT.O,Fidelity Disruptive Automation ETF,5,120,14,44,64,1.0,10.0,25.01,0.0,6.88,16.49
96,VALQ.K,American Century US Quality Value ETF,5,120,14,44,64,1.0,10.0,25.01,10.95,7.11,18.57
96,DGT,SPDR Global Dow ETF,5,120,14,44,64,1.0,10.0,25.01,14.47,8.55,17.36
96,IPKW.O,Invesco International BuyBack Achievers ETF,5,120,14,44,64,1.0,10.0,25.01,14.35,6.48,17.45
96,FVC.O,First Trust Dorsey Wright Dynamic Focus 5 ETF,5,120,14,44,64,1.0,10.0,25.01,0.0,8.69,17.6
96,PIO.O,Invesco Global Water ETF,5,120,14,44,64,1.0,10.0,25.01,16.25,8.25,18.67
96,CBLS.K,Clough Hedged Equity ETF,5,120,14,44,64,1.0,10.0,25.01,8.14,8.19,16.06
96,DGIN.K,VanEck Digital India ETF,5,120,14,44,64,1.0,10.0,25.01,42.72,8.42,18.66
96,FSZ.O,First Trust Switzerland AlphaDEX Fund,5,120,14,44,64,1.0,10.0,25.01,13.0,8.14,18.41
96,GVLU.K,Gotham 1000 Value ETF,5,120,14,44,64,1.0,10.0,25.01,0.0,8.72,18.29
96,RAYD.K,Rayliant Quantitative Developed Market Equity ETF,5,120,14,44,64,1.0,10.0,25.01,20.4,8.75,16.45
96,IVRA.K,Invesco Real Assets ESG ETF,5,120,14,44,64,1.0,10.0,25.01,15.18,7.68,17.81
96,TSLH.K,Innovator Hedged TSLA Strategy ETF,5,120,14,44,64,1.0,10.0,25.01,1001.27,7.61,18.42
96,ACWI.O,iShares MSCI ACWI ETF,5,120,14,44,64,1.0,10.0,25.01,15.58,9.39,17.16
96,PCCE.K,Polen Capital China Growth ETF,5,120,14,44,64,1.0,10.0,25.01,0.0,7.06,18.69
96,IBGK.O,iShares iBonds Dec 2054 Term Treasury ETF,5,120,14,49,54,1.0,10.0,24.88,0.0,9.18,16.97
96,PEY.O,Invesco High Yield Equity Dividend Achvrs ETF,5,120,14,49,54,1.0,10.0,24.88,33.32,8.13,17.46
96,IQDG.K,WisdomTree International Quality Dividend Growth,5,120,14,49,54,1.0,10.0,24.88,38.7,6.88,17.43
96,SPGM.K,SPDR Portfolio MSCI Global Stock Market ETF,5,120,14,49,54,1.0,10.0,24.88,9.11,9.21,17.65
96,NULV.K,Nuveen ESG Large-Cap Value ETF,5,120,14,49,54,1.0,10.0,24.88,12.35,7.25,17.78
96,XMLV.K,Invesco S&P MidCap Low Volatility ETF,5,120,14,49,54,1.0,10.0,24.88,14.82,8.42,16.26
96,REGL.K,ProShares S&P MidCap 400 Dividend Aristocrats ETF,5,120,14,49,54,1.0,10.0,24.88,29.51,8.27,18.41
96,EWJV.O,iShares MSCI Japan Value ETF,5,120,14,49,54,1.0,10.0,24.88,18.73,7.14,17.83
96,DMXF.O,iShares ESG Advanced MSCI EAFE ETF,5,120,14,49,54,1.0,10.0,24.88,29.6,8.92,17.13
96,ROUS.K,Hartford Multifactor US Equity ETF,5,120,14,49,54,1.0,10.0,24.88,23.45,8.84,17.12
96,EQAL.K,Invesco Russell 1000 Equal Weight ETF,5,120,14,49,54,1.0,10.0,24.88,45.1,7.96,18.98
96,KJAN.K,Innovator US Small Cap Power Buffer ETF - January,5,120,14,49,54,1.0,10.0,24.88,53.66,7.44,16.26
96,SMMV.K,iShares MSCI USA Small-Cap Min Vol Factor ETF,5,120,14,49,54,1.0,10.0,24.88,5.11,6.93,16.34
96,QYLG.O,Global X Nasdaq 100 Covered Call & Growth ETF,5,120,14,49,54,1.0,10.0,24.88,7.16,6.66,18.14
96,WTV,WisdomTree US Value Fund,5,120,14,49,54,1.0,10.0,24.88,84.56,7.11,18.31
96,JIG,JPMorgan International Growth ETF,5,120,14,49,54,1.0,10.0,24.88,5.72,7.83,19.01
96,CRBN.K,iShares MSCI ACWI Low Carbon Target ETF,5,120,14,49,54,1.0,10.0,24.88,7.28,8.75,16.71
96,SDOG.K,ALPS Sector Dividend Dogs ETF,5,120,14,49,54,1.0,10.0,24.88,19.24,7.9,18.15
96,DFUV.K,DFA Dimensional US Marketwide Value ETF,5,120,14,49,54,1.0,10.0,24.88,90.63,8.68,16.62
96,WCEO.K,Hypatia Women CEO ETF,5,120,14,49,54,1.0,10.0,24.88,0.0,8.39,16.8
96,FXU,First Trust Utilities AlphaDEX Fund,5,120,14,49,54,1.0,10.0,24.88,10.79,7.29,17.3
96,ACWI.O,iShares MSCI ACWI ETF,5,120,14,49,54,1.0,10.0,24.88,13.02,9.39,17.16
96,VT,Vanguard Total World Stock Index Fund;ETF,5,120,14,49,54,1.0,10.0,24.88,12.68,9.19,17.33
96,DVY.O,iShares Select Dividend ETF,5,120,14,49,54,1.0,10.0,24.88,18.03,8.85,16.78
96,VLUE.K,iShares MSCI USA Value Factor ETF,5,120,14,49,54,1.0,10.0,24.88,8.83,8.6,18.61
96,DFAC.K,Dimensional U S Core Equity 2 ETF,5,120,14,49,54,1.0,10.0,24.88,6.95,8.2,17.32
96,EFG,iShares MSCI EAFE Growth ETF,5,120,14,49,54,1.0,10.0,24.88,12.18,6.88,17.93
96,ESGD.O,iShares ESG Aware MSCI EAFE ETF,5,120,14,49,54,1.0,10.0,24.88,31.16,6.91,17.17
96,SDY,SPDR S&P Dividend ETF,5,120,14,49,54,1.0,10.0,24.88,20.35,8.75,16.49
96,AVLV.K,Avantis US Large Cap Value ETF,5,120,14,49,54,1.0,10.0,24.88,55.41,9.26,17.8
96,ICVT.K,iShares Convertible Bond ETF,5,120,14,49,54,1.0,10.0,24.88,2.6,6.6,16.08
96,IHDG.K,WisdomTree International Hedged Qual Dividend Gro,5,120,14,49,54,1.0,10.0,24.88,3.96,7.5,15.93
96,EWL,Ishares Msci Switzerland ETF,5,120,14,49,54,1.0,10.0,24.88,18.39,7.69,17.03
96,VPU,Vanguard Utilities Index Fund;ETF,5,120,14,49,54,1.0,10.0,24.88,9.88,7.9,17.53
96,VIGI.O,Vanguard Intl Dividend Appreciation Index Fund;ETF,5,120,14,49,54,1.0,10.0,24.88,11.3,7.08,16.24
96,FUTY.K,Fidelity MSCI Utilities Index ETF,5,120,14,49,54,1.0,10.0,24.88,9.74,7.2,18.7
96,XDQQ.K,Innovator Growth Accelerated ETF - Quarterly,5,120,14,49,54,1.0,10.0,24.88,25.51,8.26,19.4
96,DJD,Invesco Dow Jones Industrial Average Div ETF,5,120,14,49,54,1.0,10.0,24.88,8.88,8.96,17.31
96,SDG.O,iShares MSCI Global Sustainable Development Goals,5,120,14,49,54,1.0,10.0,24.88,-2.47,7.1,16.69
96,XLU,Utilities Select Sector SPDR Fund,5,120,14,49,54,1.0,10.0,24.88,12.81,7.76,17.66
96,PSCU.O,Invesco S&P SmallCap Utilities & Comm Svcs,5,120,14,49,54,1.0,10.0,24.88,-4.6,6.82,18.04
96,CEFA.O,Global X S&P Catholic Values Developed ex-US ETF,5,120,14,49,54,1.0,10.0,24.88,19.97,6.9,16.61
96,EBLU.K,Ecofin Global Water ESG Fund,5,120,14,49,54,1.0,10.0,24.88,12.91,9.46,17.33
96,DDIV.O,First Trust Dorsey Wright Momentum & Dividend ETF,5,120,14,49,54,1.0,10.0,24.88,21.02,6.92,18.71
96,RVER.K,Trenchless Fund ETF,5,120,14,49,54,1.0,10.0,24.88,0.0,6.94,18.05
96,DIEM.K,Franklin Emerging Market Core Dividend Tilt Ix ETF,5,120,14,49,54,1.0,10.0,24.88,19.01,8.45,16.01
96,ECLN.K,First Trust EIP Carbon Impact ETF,5,120,14,49,54,1.0,10.0,24.88,17.06,6.8,18.77
96,PUI.O,Invesco Dorsey Wright Utilities Momentum ETF,5,120,14,49,54,1.0,10.0,24.88,7.74,8.12,17.8
96,FMCX.K,FM Focus Equity ETF,5,120,14,49,54,1.0,10.0,24.88,112.12,8.06,17.02
96,XRLV.K,Invesco S&P 500 ex-Rate Sensitive LV ETF,5,120,14,49,54,1.0,10.0,24.88,0.0,8.91,16.04
96,KEM,KraneShares Dynamic Emerging Markets Strategy ETF,5,120,14,49,54,1.0,10.0,24.88,0.0,7.02,16.43
96,DFND.K,Siren DIVCON Dividend Defender ETF,5,120,14,49,54,1.0,10.0,24.88,2.66,7.37,16.75
96,HLGE.K,Hartford Longevity Economy ETF,5,120,14,49,54,1.0,10.0,24.88,12.36,7.52,16.4
96,EMSF.K,Matthews Emerging Markets Sustainable Ftr Actv ETF,5,120,14,49,54,1.0,10.0,24.88,0.0,8.49,18.29
96,JPSV.K,JPMorgan Active Small Cap Value ETF,5,120,14,49,54,1.0,10.0,24.88,0.0,7.51,16.6
96,KLDW.K,Knowledge Leaders Developed World ETF,5,120,14,49,54,1.0,10.0,24.88,12.33,8.21,16.78
96,FLSW.K,Franklin FTSE Switzerland ETF,5,120,14,49,54,1.0,10.0,24.88,29.48,7.11,17.35
96,CBLS.K,Clough Hedged Equity ETF,5,120,14,49,54,1.0,10.0,24.88,0.79,8.19,16.06
96,FVC.O,First Trust Dorsey Wright Dynamic Focus 5 ETF,5,120,14,49,54,1.0,10.0,24.88,18.41,8.69,17.6
96,IDHQ.K,Invesco S&P Internatnl Developed Quality ETF,5,120,14,49,54,1.0,10.0,24.88,17.46,7.24,18.46
96,GLOF.K,iShares Global Equity Factor ETF,5,120,14,49,54,1.0,10.0,24.88,11.45,7.66,17.64
96,FBOT.O,Fidelity Disruptive Automation ETF,5,120,14,49,54,1.0,10.0,24.88,0.0,6.88,16.49
96,VALQ.K,American Century US Quality Value ETF,5,120,14,49,54,1.0,10.0,24.88,13.65,7.11,18.57
96,DGT,SPDR Global Dow ETF,5,120,14,49,54,1.0,10.0,24.88,18.58,8.55,17.36
96,IPKW.O,Invesco International BuyBack Achievers ETF,5,120,14,49,54,1.0,10.0,24.88,18.9,6.48,17.45
96,EASG.K,Xtrackers MSCI EAFE ESG Leaders Equity ETF,5,120,14,49,54,1.0,10.0,24.88,25.75,7.14,18.94
96,TSLH.K,Innovator Hedged TSLA Strategy ETF,5,120,14,49,54,1.0,10.0,24.88,518.38,7.61,18.42
96,PIO.O,Invesco Global Water ETF,5,120,14,49,54,1.0,10.0,24.88,10.82,8.25,18.67
96,DGIN.K,VanEck Digital India ETF,5,120,14,49,54,1.0,10.0,24.88,53.42,8.42,18.66
96,FSZ.O,First Trust Switzerland AlphaDEX Fund,5,120,14,49,54,1.0,10.0,24.88,42.43,8.14,18.41
96,GVLU.K,Gotham 1000 Value ETF,5,120,14,49,54,1.0,10.0,24.88,0.0,8.72,18.29
96,RAYD.K,Rayliant Quantitative Developed Market Equity ETF,5,120,14,49,54,1.0,10.0,24.88,20.19,8.75,16.45
96,IVRA.K,Invesco Real Assets ESG ETF,5,120,14,49,54,1.0,10.0,24.88,15.9,7.68,17.81
96,PCCE.K,Polen Capital China Growth ETF,5,120,14,49,54,1.0,10.0,24.88,0.0,7.06,18.69
96,STXK.K,Strive Small Cap ETF,5,120,14,49,54,1.0,10.0,24.88,0.0,8.6,18.65
96,VT,Vanguard Total World Stock Index Fund;ETF,5,120,14,49,69,1.0,10.0,24.41,13.5,9.19,17.33
96,EQAL.K,Invesco Russell 1000 Equal Weight ETF,5,120,14,49,69,1.0,10.0,24.41,9.52,7.96,18.98
96,SPGM.K,SPDR Portfolio MSCI Global Stock Market ETF,5,120,14,49,69,1.0,10.0,24.41,12.26,9.21,17.65
96,NULV.K,Nuveen ESG Large-Cap Value ETF,5,120,14,49,69,1.0,10.0,24.41,16.62,7.25,17.78
96,XMLV.K,Invesco S&P MidCap Low Volatility ETF,5,120,14,49,69,1.0,10.0,24.41,6.39,8.42,16.26
96,REGL.K,ProShares S&P MidCap 400 Dividend Aristocrats ETF,5,120,14,49,69,1.0,10.0,24.41,21.5,8.27,18.41
96,EWJV.O,iShares MSCI Japan Value ETF,5,120,14,49,69,1.0,10.0,24.41,8.33,7.14,17.83
96,DMXF.O,iShares ESG Advanced MSCI EAFE ETF,5,120,14,49,69,1.0,10.0,24.41,14.97,8.92,17.13
96,ROUS.K,Hartford Multifactor US Equity ETF,5,120,14,49,69,1.0,10.0,24.41,23.7,8.84,17.12
96,KJAN.K,Innovator US Small Cap Power Buffer ETF - January,5,120,14,49,69,1.0,10.0,24.41,9.47,7.44,16.26
96,STXK.K,Strive Small Cap ETF,5,120,14,49,69,1.0,10.0,24.41,0.0,8.6,18.65
96,SMMV.K,iShares MSCI USA Small-Cap Min Vol Factor ETF,5,120,14,49,69,1.0,10.0,24.41,5.77,6.93,16.34
96,QYLG.O,Global X Nasdaq 100 Covered Call & Growth ETF,5,120,14,49,69,1.0,10.0,24.41,10.43,6.66,18.14
96,WTV,WisdomTree US Value Fund,5,120,14,49,69,1.0,10.0,24.41,18.53,7.11,18.31
96,JIG,JPMorgan International Growth ETF,5,120,14,49,69,1.0,10.0,24.41,8.33,7.83,19.01
96,CRBN.K,iShares MSCI ACWI Low Carbon Target ETF,5,120,14,49,69,1.0,10.0,24.41,12.87,8.75,16.71
96,XDQQ.K,Innovator Growth Accelerated ETF - Quarterly,5,120,14,49,69,1.0,10.0,24.41,23.41,8.26,19.4
96,DJD,Invesco Dow Jones Industrial Average Div ETF,5,120,14,49,69,1.0,10.0,24.41,15.11,8.96,17.31
96,IQDG.K,WisdomTree International Quality Dividend Growth,5,120,14,49,69,1.0,10.0,24.41,15.26,6.88,17.43
96,SDOG.K,ALPS Sector Dividend Dogs ETF,5,120,14,49,69,1.0,10.0,24.41,10.74,7.9,18.15
96,PEY.O,Invesco High Yield Equity Dividend Achvrs ETF,5,120,14,49,69,1.0,10.0,24.41,16.99,8.13,17.46
96,DFUV.K,DFA Dimensional US Marketwide Value ETF,5,120,14,49,69,1.0,10.0,24.41,21.19,8.68,16.62
96,ACWI.O,iShares MSCI ACWI ETF,5,120,14,49,69,1.0,10.0,24.41,14.01,9.39,17.16
96,DVY.O,iShares Select Dividend ETF,5,120,14,49,69,1.0,10.0,24.41,8.84,8.85,16.78
96,VLUE.K,iShares MSCI USA Value Factor ETF,5,120,14,49,69,1.0,10.0,24.41,12.23,8.6,18.61
96,DFAC.K,Dimensional U S Core Equity 2 ETF,5,120,14,49,69,1.0,10.0,24.41,12.5,8.2,17.32
96,EFG,iShares MSCI EAFE Growth ETF,5,120,14,49,69,1.0,10.0,24.41,13.67,6.88,17.93
96,ESGD.O,iShares ESG Aware MSCI EAFE ETF,5,120,14,49,69,1.0,10.0,24.41,12.63,6.91,17.17
96,SDY,SPDR S&P Dividend ETF,5,120,14,49,69,1.0,10.0,24.41,13.35,8.75,16.49
96,AVLV.K,Avantis US Large Cap Value ETF,5,120,14,49,69,1.0,10.0,24.41,19.83,9.26,17.8
96,ICVT.K,iShares Convertible Bond ETF,5,120,14,49,69,1.0,10.0,24.41,1.66,6.6,16.08
96,IHDG.K,WisdomTree International Hedged Qual Dividend Gro,5,120,14,49,69,1.0,10.0,24.41,8.75,7.5,15.93
96,EWL,Ishares Msci Switzerland ETF,5,120,14,49,69,1.0,10.0,24.41,12.46,7.69,17.03
96,VPU,Vanguard Utilities Index Fund;ETF,5,120,14,49,69,1.0,10.0,24.41,2.86,7.9,17.53
96,VIGI.O,Vanguard Intl Dividend Appreciation Index Fund;ETF,5,120,14,49,69,1.0,10.0,24.41,11.07,7.08,16.24
96,FUTY.K,Fidelity MSCI Utilities Index ETF,5,120,14,49,69,1.0,10.0,24.41,3.16,7.2,18.7
96,FXU,First Trust Utilities AlphaDEX Fund,5,120,14,49,69,1.0,10.0,24.41,3.91,7.29,17.3
96,SDG.O,iShares MSCI Global Sustainable Development Goals,5,120,14,49,69,1.0,10.0,24.41,2.37,7.1,16.69
96,XLU,Utilities Select Sector SPDR Fund,5,120,14,49,69,1.0,10.0,24.41,3.16,7.76,17.66
96,IDHQ.K,Invesco S&P Internatnl Developed Quality ETF,5,120,14,49,69,1.0,10.0,24.41,10.84,7.24,18.46
96,CEFA.O,Global X S&P Catholic Values Developed ex-US ETF,5,120,14,49,69,1.0,10.0,24.41,11.97,6.9,16.61
96,DDIV.O,First Trust Dorsey Wright Momentum & Dividend ETF,5,120,14,49,69,1.0,10.0,24.41,11.42,6.92,18.71
96,RVER.K,Trenchless Fund ETF,5,120,14,49,69,1.0,10.0,24.41,0.0,6.94,18.05
96,DIEM.K,Franklin Emerging Market Core Dividend Tilt Ix ETF,5,120,14,49,69,1.0,10.0,24.41,21.3,8.45,16.01
96,ECLN.K,First Trust EIP Carbon Impact ETF,5,120,14,49,69,1.0,10.0,24.41,9.25,6.8,18.77
96,PUI.O,Invesco Dorsey Wright Utilities Momentum ETF,5,120,14,49,69,1.0,10.0,24.41,3.17,8.12,17.8
96,XRLV.K,Invesco S&P 500 ex-Rate Sensitive LV ETF,5,120,14,49,69,1.0,10.0,24.41,0.0,8.91,16.04
96,KEM,KraneShares Dynamic Emerging Markets Strategy ETF,5,120,14,49,69,1.0,10.0,24.41,0.0,7.02,16.43
96,DFND.K,Siren DIVCON Dividend Defender ETF,5,120,14,49,69,1.0,10.0,24.41,3.8,7.37,16.75
96,HLGE.K,Hartford Longevity Economy ETF,5,120,14,49,69,1.0,10.0,24.41,11.16,7.52,16.4
96,EMSF.K,Matthews Emerging Markets Sustainable Ftr Actv ETF,5,120,14,49,69,1.0,10.0,24.41,0.0,8.49,18.29
96,JPSV.K,JPMorgan Active Small Cap Value ETF,5,120,14,49,69,1.0,10.0,24.41,0.0,7.51,16.6
96,WCEO.K,Hypatia Women CEO ETF,5,120,14,49,69,1.0,10.0,24.41,0.0,8.39,16.8
96,PCCE.K,Polen Capital China Growth ETF,5,120,14,49,69,1.0,10.0,24.41,0.0,7.06,18.69
96,IBGK.O,iShares iBonds Dec 2054 Term Treasury ETF,5,120,14,49,69,1.0,10.0,24.41,0.0,9.18,16.97
96,GLOF.K,iShares Global Equity Factor ETF,5,120,14,49,69,1.0,10.0,24.41,15.18,7.66,17.64
96,EBLU.K,Ecofin Global Water ESG Fund,5,120,14,49,69,1.0,10.0,24.41,7.92,9.46,17.33
96,FMCX.K,FM Focus Equity ETF,5,120,14,49,69,1.0,10.0,24.41,43.83,8.06,17.02
96,PSCU.O,Invesco S&P SmallCap Utilities & Comm Svcs,5,120,14,49,69,1.0,10.0,24.41,2.22,6.82,18.04
96,FSZ.O,First Trust Switzerland AlphaDEX Fund,5,120,14,49,69,1.0,10.0,24.41,12.12,8.14,18.41
96,KLDW.K,Knowledge Leaders Developed World ETF,5,120,14,49,69,1.0,10.0,24.41,12.18,8.21,16.78
96,VALQ.K,American Century US Quality Value ETF,5,120,14,49,69,1.0,10.0,24.41,13.87,7.11,18.57
96,DGT,SPDR Global Dow ETF,5,120,14,49,69,1.0,10.0,24.41,19.41,8.55,17.36
96,IPKW.O,Invesco International BuyBack Achievers ETF,5,120,14,49,69,1.0,10.0,24.41,16.25,6.48,17.45
96,FVC.O,First Trust Dorsey Wright Dynamic Focus 5 ETF,5,120,14,49,69,1.0,10.0,24.41,26.7,8.69,17.6
96,PIO.O,Invesco Global Water ETF,5,120,14,49,69,1.0,10.0,24.41,14.88,8.25,18.67
96,DGIN.K,VanEck Digital India ETF,5,120,14,49,69,1.0,10.0,24.41,48.86,8.42,18.66
96,EASG.K,Xtrackers MSCI EAFE ESG Leaders Equity ETF,5,120,14,49,69,1.0,10.0,24.41,18.52,7.14,18.94
96,GVLU.K,Gotham 1000 Value ETF,5,120,14,49,69,1.0,10.0,24.41,0.0,8.72,18.29
96,FBOT.O,Fidelity Disruptive Automation ETF,5,120,14,49,69,1.0,10.0,24.41,0.0,6.88,16.49
96,RAYD.K,Rayliant Quantitative Developed Market Equity ETF,5,120,14,49,69,1.0,10.0,24.41,22.96,8.75,16.45
96,IVRA.K,Invesco Real Assets ESG ETF,5,120,14,49,69,1.0,10.0,24.41,2.57,7.68,17.81
96,TSLH.K,Innovator Hedged TSLA Strategy ETF,5,120,14,49,69,1.0,10.0,24.41,1001.27,7.61,18.42
96,CBLS.K,Clough Hedged Equity ETF,5,120,14,49,69,1.0,10.0,24.41,9.11,8.19,16.06
96,FLSW.K,Franklin FTSE Switzerland ETF,5,120,14,49,69,1.0,10.0,24.41,8.46,7.11,17.35
96,FSZ.O,First Trust Switzerland AlphaDEX Fund,5,120,14,44,69,1.0,10.0,23.36,13.0,8.14,18.41
96,FLSW.K,Franklin FTSE Switzerland ETF,5,120,14,44,69,1.0,10.0,23.36,8.46,7.11,17.35
96,CBLS.K,Clough Hedged Equity ETF,5,120,14,44,69,1.0,10.0,23.36,9.11,8.19,16.06
96,TSLH.K,Innovator Hedged TSLA Strategy ETF,5,120,14,44,69,1.0,10.0,23.36,1001.27,7.61,18.42
96,IVRA.K,Invesco Real Assets ESG ETF,5,120,14,44,69,1.0,10.0,23.36,15.18,7.68,17.81
96,RAYD.K,Rayliant Quantitative Developed Market Equity ETF,5,120,14,44,69,1.0,10.0,23.36,22.96,8.75,16.45
96,GVLU.K,Gotham 1000 Value ETF,5,120,14,44,69,1.0,10.0,23.36,0.0,8.72,18.29
96,FBOT.O,Fidelity Disruptive Automation ETF,5,120,14,44,69,1.0,10.0,23.36,0.0,6.88,16.49
96,DGIN.K,VanEck Digital India ETF,5,120,14,44,69,1.0,10.0,23.36,48.86,8.42,18.66
96,PIO.O,Invesco Global Water ETF,5,120,14,44,69,1.0,10.0,23.36,16.11,8.25,18.67
96,EASG.K,Xtrackers MSCI EAFE ESG Leaders Equity ETF,5,120,14,44,69,1.0,10.0,23.36,13.64,7.14,18.94
96,FVC.O,First Trust Dorsey Wright Dynamic Focus 5 ETF,5,120,14,44,69,1.0,10.0,23.36,0.0,8.69,17.6
96,IPKW.O,Invesco International BuyBack Achievers ETF,5,120,14,44,69,1.0,10.0,23.36,17.07,6.48,17.45
96,DGT,SPDR Global Dow ETF,5,120,14,44,69,1.0,10.0,23.36,16.08,8.55,17.36
96,VALQ.K,American Century US Quality Value ETF,5,120,14,44,69,1.0,10.0,23.36,12.82,7.11,18.57
96,PSCU.O,Invesco S&P SmallCap Utilities & Comm Svcs,5,120,14,44,69,1.0,10.0,23.36,6.2,6.82,18.04
96,KLDW.K,Knowledge Leaders Developed World ETF,5,120,14,44,69,1.0,10.0,23.36,11.42,8.21,16.78
96,IBGK.O,iShares iBonds Dec 2054 Term Treasury ETF,5,120,14,44,69,1.0,10.0,23.36,0.0,9.18,16.97
96,CEFA.O,Global X S&P Catholic Values Developed ex-US ETF,5,120,14,44,69,1.0,10.0,23.36,11.97,6.9,16.61
96,EBLU.K,Ecofin Global Water ESG Fund,5,120,14,44,69,1.0,10.0,23.36,12.24,9.46,17.33
96,IDHQ.K,Invesco S&P Internatnl Developed Quality ETF,5,120,14,44,69,1.0,10.0,23.36,9.26,7.24,18.46
96,PCCE.K,Polen Capital China Growth ETF,5,120,14,44,69,1.0,10.0,23.36,0.0,7.06,18.69
96,WCEO.K,Hypatia Women CEO ETF,5,120,14,44,69,1.0,10.0,23.36,0.0,8.39,16.8
96,JPSV.K,JPMorgan Active Small Cap Value ETF,5,120,14,44,69,1.0,10.0,23.36,0.0,7.51,16.6
96,EMSF.K,Matthews Emerging Markets Sustainable Ftr Actv ETF,5,120,14,44,69,1.0,10.0,23.36,0.0,8.49,18.29
96,HLGE.K,Hartford Longevity Economy ETF,5,120,14,44,69,1.0,10.0,23.36,17.79,7.52,16.4
96,DFND.K,Siren DIVCON Dividend Defender ETF,5,120,14,44,69,1.0,10.0,23.36,6.54,7.37,16.75
96,KEM,KraneShares Dynamic Emerging Markets Strategy ETF,5,120,14,44,69,1.0,10.0,23.36,0.0,7.02,16.43
96,XRLV.K,Invesco S&P 500 ex-Rate Sensitive LV ETF,5,120,14,44,69,1.0,10.0,23.36,0.0,8.91,16.04
96,FMCX.K,FM Focus Equity ETF,5,120,14,44,69,1.0,10.0,23.36,0.0,8.06,17.02
96,PUI.O,Invesco Dorsey Wright Utilities Momentum ETF,5,120,14,44,69,1.0,10.0,23.36,0.0,8.12,17.8
96,ECLN.K,First Trust EIP Carbon Impact ETF,5,120,14,44,69,1.0,10.0,23.36,0.0,6.8,18.77
96,DIEM.K,Franklin Emerging Market Core Dividend Tilt Ix ETF,5,120,14,44,69,1.0,10.0,23.36,0.0,8.45,16.01
96,RVER.K,Trenchless Fund ETF,5,120,14,44,69,1.0,10.0,23.36,0.0,6.94,18.05
96,DDIV.O,First Trust Dorsey Wright Momentum & Dividend ETF,5,120,14,44,69,1.0,10.0,23.36,27.86,6.92,18.71
96,GLOF.K,iShares Global Equity Factor ETF,5,120,14,44,69,1.0,10.0,23.36,18.89,7.66,17.64
96,IQDG.K,WisdomTree International Quality Dividend Growth,5,120,14,44,69,1.0,10.0,23.36,14.38,6.88,17.43
96,STXK.K,Strive Small Cap ETF,5,120,14,44,69,1.0,10.0,23.36,0.0,8.6,18.65
96,DFUV.K,DFA Dimensional US Marketwide Value ETF,5,120,14,44,69,1.0,10.0,23.36,0.0,8.68,16.62
96,FUTY.K,Fidelity MSCI Utilities Index ETF,5,120,14,44,69,1.0,10.0,23.36,0.0,7.2,18.7
96,VIGI.O,Vanguard Intl Dividend Appreciation Index Fund;ETF,5,120,14,44,69,1.0,10.0,23.36,11.07,7.08,16.24
96,VPU,Vanguard Utilities Index Fund;ETF,5,120,14,44,69,1.0,10.0,23.36,32.72,7.9,17.53
96,EWL,Ishares Msci Switzerland ETF,5,120,14,44,69,1.0,10.0,23.36,8.6,7.69,17.03
96,IHDG.K,WisdomTree International Hedged Qual Dividend Gro,5,120,14,44,69,1.0,10.0,23.36,10.86,7.5,15.93
96,ICVT.K,iShares Convertible Bond ETF,5,120,14,44,69,1.0,10.0,23.36,1.66,6.6,16.08
96,AVLV.K,Avantis US Large Cap Value ETF,5,120,14,44,69,1.0,10.0,23.36,0.0,9.26,17.8
96,SDY,SPDR S&P Dividend ETF,5,120,14,44,69,1.0,10.0,23.36,12.49,8.75,16.49
96,ESGD.O,iShares ESG Aware MSCI EAFE ETF,5,120,14,44,69,1.0,10.0,23.36,13.1,6.91,17.17
96,EFG,iShares MSCI EAFE Growth ETF,5,120,14,44,69,1.0,10.0,23.36,12.3,6.88,17.93
96,DFAC.K,Dimensional U S Core Equity 2 ETF,5,120,14,44,69,1.0,10.0,23.36,12.5,8.2,17.32
96,VLUE.K,iShares MSCI USA Value Factor ETF,5,120,14,44,69,1.0,10.0,23.36,22.5,8.6,18.61
96,DVY.O,iShares Select Dividend ETF,5,120,14,44,69,1.0,10.0,23.36,58.3,8.85,16.78
96,VT,Vanguard Total World Stock Index Fund;ETF,5,120,14,44,69,1.0,10.0,23.36,15.94,9.19,17.33
96,ACWI.O,iShares MSCI ACWI ETF,5,120,14,44,69,1.0,10.0,23.36,16.34,9.39,17.16
96,FXU,First Trust Utilities AlphaDEX Fund,5,120,14,44,69,1.0,10.0,23.36,4.71,7.29,17.3
96,PEY.O,Invesco High Yield Equity Dividend Achvrs ETF,5,120,14,44,69,1.0,10.0,23.36,27.04,8.13,17.46
96,DJD,Invesco Dow Jones Industrial Average Div ETF,5,120,14,44,69,1.0,10.0,23.36,0.0,8.96,17.31
96,SDOG.K,ALPS Sector Dividend Dogs ETF,5,120,14,44,69,1.0,10.0,23.36,13.68,7.9,18.15
96,XDQQ.K,Innovator Growth Accelerated ETF - Quarterly,5,120,14,44,69,1.0,10.0,23.36,23.41,8.26,19.4
96,CRBN.K,iShares MSCI ACWI Low Carbon Target ETF,5,120,14,44,69,1.0,10.0,23.36,16.45,8.75,16.71
96,JIG,JPMorgan International Growth ETF,5,120,14,44,69,1.0,10.0,23.36,8.33,7.83,19.01
96,WTV,WisdomTree US Value Fund,5,120,14,44,69,1.0,10.0,23.36,0.0,7.11,18.31
96,QYLG.O,Global X Nasdaq 100 Covered Call & Growth ETF,5,120,14,44,69,1.0,10.0,23.36,10.43,6.66,18.14
96,SMMV.K,iShares MSCI USA Small-Cap Min Vol Factor ETF,5,120,14,44,69,1.0,10.0,23.36,5.77,6.93,16.34
96,KJAN.K,Innovator US Small Cap Power Buffer ETF - January,5,120,14,44,69,1.0,10.0,23.36,0.0,7.44,16.26
96,EQAL.K,Invesco Russell 1000 Equal Weight ETF,5,120,14,44,69,1.0,10.0,23.36,15.0,7.96,18.98
96,ROUS.K,Hartford Multifactor US Equity ETF,5,120,14,44,69,1.0,10.0,23.36,18.65,8.84,17.12
96,DMXF.O,iShares ESG Advanced MSCI EAFE ETF,5,120,14,44,69,1.0,10.0,23.36,14.97,8.92,17.13
96,EWJV.O,iShares MSCI Japan Value ETF,5,120,14,44,69,1.0,10.0,23.36,8.33,7.14,17.83
96,REGL.K,ProShares S&P MidCap 400 Dividend Aristocrats ETF,5,120,14,44,69,1.0,10.0,23.36,0.0,8.27,18.41
96,XMLV.K,Invesco S&P MidCap Low Volatility ETF,5,120,14,44,69,1.0,10.0,23.36,6.39,8.42,16.26
96,NULV.K,Nuveen ESG Large-Cap Value ETF,5,120,14,44,69,1.0,10.0,23.36,0.0,7.25,17.78
96,SPGM.K,SPDR Portfolio MSCI Global Stock Market ETF,5,120,14,44,69,1.0,10.0,23.36,14.3,9.21,17.65
96,XLU,Utilities Select Sector SPDR Fund,5,120,14,44,69,1.0,10.0,23.36,0.0,7.76,17.66
96,SDG.O,iShares MSCI Global Sustainable Development Goals,5,120,14,44,69,1.0,10.0,23.36,5.28,7.1,16.69
96,PCCE.K,Polen Capital China Growth ETF,5,60,14,49,54,1.0,10.0,23.29,0.0,7.06,18.69
96,FVC.O,First Trust Dorsey Wright Dynamic Focus 5 ETF,5,60,14,49,54,1.0,10.0,23.29,24.33,8.69,17.6
96,IVRA.K,Invesco Real Assets ESG ETF,5,60,14,49,54,1.0,10.0,23.29,16.19,7.68,17.81
96,RAYD.K,Rayliant Quantitative Developed Market Equity ETF,5,60,14,49,54,1.0,10.0,23.29,20.53,8.75,16.45
96,GVLU.K,Gotham 1000 Value ETF,5,60,14,49,54,1.0,10.0,23.29,0.0,8.72,18.29
96,FSZ.O,First Trust Switzerland AlphaDEX Fund,5,60,14,49,54,1.0,10.0,23.29,28.19,8.14,18.41
96,DGIN.K,VanEck Digital India ETF,5,60,14,49,54,1.0,10.0,23.29,47.52,8.42,18.66
96,PIO.O,Invesco Global Water ETF,5,60,14,49,54,1.0,10.0,23.29,9.77,8.25,18.67
96,EASG.K,Xtrackers MSCI EAFE ESG Leaders Equity ETF,5,60,14,49,54,1.0,10.0,23.29,31.06,7.14,18.94
96,IPKW.O,Invesco International BuyBack Achievers ETF,5,60,14,49,54,1.0,10.0,23.29,30.28,6.48,17.45
96,DJD,Invesco Dow Jones Industrial Average Div ETF,5,60,14,49,54,1.0,10.0,23.29,29.13,8.96,17.31
96,DGT,SPDR Global Dow ETF,5,60,14,49,54,1.0,10.0,23.29,13.5,8.55,17.36
96,VALQ.K,American Century US Quality Value ETF,5,60,14,49,54,1.0,10.0,23.29,30.49,7.11,18.57
96,FBOT.O,Fidelity Disruptive Automation ETF,5,60,14,49,54,1.0,10.0,23.29,0.0,6.88,16.49
96,GLOF.K,iShares Global Equity Factor ETF,5,60,14,49,54,1.0,10.0,23.29,18.5,7.66,17.64
96,IDHQ.K,Invesco S&P Internatnl Developed Quality ETF,5,60,14,49,54,1.0,10.0,23.29,17.3,7.24,18.46
96,STXK.K,Strive Small Cap ETF,5,60,14,49,54,1.0,10.0,23.29,0.0,8.6,18.65
96,SDG.O,iShares MSCI Global Sustainable Development Goals,5,60,14,49,54,1.0,10.0,23.29,-1.76,7.1,16.69
96,CBLS.K,Clough Hedged Equity ETF,5,60,14,49,54,1.0,10.0,23.29,4.67,8.19,16.06
96,FLSW.K,Franklin FTSE Switzerland ETF,5,60,14,49,54,1.0,10.0,23.29,22.21,7.11,17.35
96,KLDW.K,Knowledge Leaders Developed World ETF,5,60,14,49,54,1.0,10.0,23.29,26.54,8.21,16.78
96,PSCU.O,Invesco S&P SmallCap Utilities & Comm Svcs,5,60,14,49,54,1.0,10.0,23.29,-4.67,6.82,18.04
96,WCEO.K,Hypatia Women CEO ETF,5,60,14,49,54,1.0,10.0,23.29,0.0,8.39,16.8
96,JPSV.K,JPMorgan Active Small Cap Value ETF,5,60,14,49,54,1.0,10.0,23.29,0.0,7.51,16.6
96,EMSF.K,Matthews Emerging Markets Sustainable Ftr Actv ETF,5,60,14,49,54,1.0,10.0,23.29,0.0,8.49,18.29
96,HLGE.K,Hartford Longevity Economy ETF,5,60,14,49,54,1.0,10.0,23.29,16.23,7.52,16.4
96,DFND.K,Siren DIVCON Dividend Defender ETF,5,60,14,49,54,1.0,10.0,23.29,7.49,7.37,16.75
96,KEM,KraneShares Dynamic Emerging Markets Strategy ETF,5,60,14,49,54,1.0,10.0,23.29,0.0,7.02,16.43
96,XRLV.K,Invesco S&P 500 ex-Rate Sensitive LV ETF,5,60,14,49,54,1.0,10.0,23.29,40.76,8.91,16.04
96,FMCX.K,FM Focus Equity ETF,5,60,14,49,54,1.0,10.0,23.29,176.34,8.06,17.02
96,PUI.O,Invesco Dorsey Wright Utilities Momentum ETF,5,60,14,49,54,1.0,10.0,23.29,10.56,8.12,17.8
96,ECLN.K,First Trust EIP Carbon Impact ETF,5,60,14,49,54,1.0,10.0,23.29,21.02,6.8,18.77
96,DIEM.K,Franklin Emerging Market Core Dividend Tilt Ix ETF,5,60,14,49,54,1.0,10.0,23.29,57.71,8.45,16.01
96,RVER.K,Trenchless Fund ETF,5,60,14,49,54,1.0,10.0,23.29,0.0,6.94,18.05
96,DDIV.O,First Trust Dorsey Wright Momentum & Dividend ETF,5,60,14,49,54,1.0,10.0,23.29,19.1,6.92,18.71
96,EBLU.K,Ecofin Global Water ESG Fund,5,60,14,49,54,1.0,10.0,23.29,21.41,9.46,17.33
96,CEFA.O,Global X S&P Catholic Values Developed ex-US ETF,5,60,14,49,54,1.0,10.0,23.29,19.46,6.9,16.61
96,IBGK.O,iShares iBonds Dec 2054 Term Treasury ETF,5,60,14,49,54,1.0,10.0,23.29,0.0,9.18,16.97
96,TSLH.K,Innovator Hedged TSLA Strategy ETF,5,60,14,49,54,1.0,10.0,23.29,87.19,7.61,18.42
96,XDQQ.K,Innovator Growth Accelerated ETF - Quarterly,5,60,14,49,54,1.0,10.0,23.29,15.22,8.26,19.4
96,SDY,SPDR S&P Dividend ETF,5,60,14,49,54,1.0,10.0,23.29,44.29,8.75,16.49
96,FUTY.K,Fidelity MSCI Utilities Index ETF,5,60,14,49,54,1.0,10.0,23.29,11.08,7.2,18.7
96,VIGI.O,Vanguard Intl Dividend Appreciation Index Fund;ETF,5,60,14,49,54,1.0,10.0,23.29,16.7,7.08,16.24
96,VPU,Vanguard Utilities Index Fund;ETF,5,60,14,49,54,1.0,10.0,23.29,11.38,7.9,17.53
96,EWL,Ishares Msci Switzerland ETF,5,60,14,49,54,1.0,10.0,23.29,14.22,7.69,17.03
96,IHDG.K,WisdomTree International Hedged Qual Dividend Gro,5,60,14,49,54,1.0,10.0,23.29,7.08,7.5,15.93
96,ICVT.K,iShares Convertible Bond ETF,5,60,14,49,54,1.0,10.0,23.29,-0.63,6.6,16.08
96,AVLV.K,Avantis US Large Cap Value ETF,5,60,14,49,54,1.0,10.0,23.29,77.64,9.26,17.8
96,ESGD.O,iShares ESG Aware MSCI EAFE ETF,5,60,14,49,54,1.0,10.0,23.29,29.27,6.91,17.17
96,DFUV.K,DFA Dimensional US Marketwide Value ETF,5,60,14,49,54,1.0,10.0,23.29,87.89,8.68,16.62
96,EFG,iShares MSCI EAFE Growth ETF,5,60,14,49,54,1.0,10.0,23.29,15.1,6.88,17.93
96,DFAC.K,Dimensional U S Core Equity 2 ETF,5,60,14,49,54,1.0,10.0,23.29,11.36,8.2,17.32
96,VLUE.K,iShares MSCI USA Value Factor ETF,5,60,14,49,54,1.0,10.0,23.29,18.87,8.6,18.61
96,DVY.O,iShares Select Dividend ETF,5,60,14,49,54,1.0,10.0,23.29,25.71,8.85,16.78
96,VT,Vanguard Total World Stock Index Fund;ETF,5,60,14,49,54,1.0,10.0,23.29,15.43,9.19,17.33
96,ACWI.O,iShares MSCI ACWI ETF,5,60,14,49,54,1.0,10.0,23.29,18.66,9.39,17.16
96,CRBN.K,iShares MSCI ACWI Low Carbon Target ETF,5,60,14,49,54,1.0,10.0,23.29,19.76,8.75,16.71
96,FXU,First Trust Utilities AlphaDEX Fund,5,60,14,49,54,1.0,10.0,23.29,18.92,7.29,17.3
96,XLU,Utilities Select Sector SPDR Fund,5,60,14,49,54,1.0,10.0,23.29,12.03,7.76,17.66
96,PEY.O,Invesco High Yield Equity Dividend Achvrs ETF,5,60,14,49,54,1.0,10.0,23.29,32.51,8.13,17.46
96,DMXF.O,iShares ESG Advanced MSCI EAFE ETF,5,60,14,49,54,1.0,10.0,23.29,23.74,8.92,17.13
96,JIG,JPMorgan International Growth ETF,5,60,14,49,54,1.0,10.0,23.29,8.44,7.83,19.01
96,WTV,WisdomTree US Value Fund,5,60,14,49,54,1.0,10.0,23.29,83.97,7.11,18.31
96,QYLG.O,Global X Nasdaq 100 Covered Call & Growth ETF,5,60,14,49,54,1.0,10.0,23.29,-1.35,6.66,18.14
96,SMMV.K,iShares MSCI USA Small-Cap Min Vol Factor ETF,5,60,14,49,54,1.0,10.0,23.29,8.63,6.93,16.34
96,EQAL.K,Invesco Russell 1000 Equal Weight ETF,5,60,14,49,54,1.0,10.0,23.29,36.64,7.96,18.98
96,ROUS.K,Hartford Multifactor US Equity ETF,5,60,14,49,54,1.0,10.0,23.29,34.34,8.84,17.12
96,KJAN.K,Innovator US Small Cap Power Buffer ETF - January,5,60,14,49,54,1.0,10.0,23.29,37.42,7.44,16.26
96,EWJV.O,iShares MSCI Japan Value ETF,5,60,14,49,54,1.0,10.0,23.29,17.22,7.14,17.83
96,REGL.K,ProShares S&P MidCap 400 Dividend Aristocrats ETF,5,60,14,49,54,1.0,10.0,23.29,44.91,8.27,18.41
96,XMLV.K,Invesco S&P MidCap Low Volatility ETF,5,60,14,49,54,1.0,10.0,23.29,15.54,8.42,16.26
96,NULV.K,Nuveen ESG Large-Cap Value ETF,5,60,14,49,54,1.0,10.0,23.29,16.43,7.25,17.78
96,SPGM.K,SPDR Portfolio MSCI Global Stock Market ETF,5,60,14,49,54,1.0,10.0,23.29,24.0,9.21,17.65
96,IQDG.K,WisdomTree International Quality Dividend Growth,5,60,14,49,54,1.0,10.0,23.29,28.92,6.88,17.43
96,SDOG.K,ALPS Sector Dividend Dogs ETF,5,60,14,49,54,1.0,10.0,23.29,24.08,7.9,18.15
96,PIO.O,Invesco Global Water ETF,5,120,14,49,74,1.0,10.0,22.38,9.22,8.25,18.67
96,CBLS.K,Clough Hedged Equity ETF,5,120,14,49,74,1.0,10.0,22.38,9.11,8.19,16.06
96,TSLH.K,Innovator Hedged TSLA Strategy ETF,5,120,14,49,74,1.0,10.0,22.38,1001.27,7.61,18.42
96,IVRA.K,Invesco Real Assets ESG ETF,5,120,14,49,74,1.0,10.0,22.38,2.57,7.68,17.81
96,RAYD.K,Rayliant Quantitative Developed Market Equity ETF,5,120,14,49,74,1.0,10.0,22.38,24.35,8.75,16.45
96,GVLU.K,Gotham 1000 Value ETF,5,120,14,49,74,1.0,10.0,22.38,0.0,8.72,18.29
96,FSZ.O,First Trust Switzerland AlphaDEX Fund,5,120,14,49,74,1.0,10.0,22.38,7.54,8.14,18.41
96,DGIN.K,VanEck Digital India ETF,5,120,14,49,74,1.0,10.0,22.38,39.22,8.42,18.66
96,IDHQ.K,Invesco S&P Internatnl Developed Quality ETF,5,120,14,49,74,1.0,10.0,22.38,7.37,7.24,18.46
96,EASG.K,Xtrackers MSCI EAFE ESG Leaders Equity ETF,5,120,14,49,74,1.0,10.0,22.38,6.12,7.14,18.94
96,FVC.O,First Trust Dorsey Wright Dynamic Focus 5 ETF,5,120,14,49,74,1.0,10.0,22.38,25.66,8.69,17.6
96,IPKW.O,Invesco International BuyBack Achievers ETF,5,120,14,49,74,1.0,10.0,22.38,17.9,6.48,17.45
96,DGT,SPDR Global Dow ETF,5,120,14,49,74,1.0,10.0,22.38,9.76,8.55,17.36
96,VALQ.K,American Century US Quality Value ETF,5,120,14,49,74,1.0,10.0,22.38,7.5,7.11,18.57
96,FBOT.O,Fidelity Disruptive Automation ETF,5,120,14,49,74,1.0,10.0,22.38,0.0,6.88,16.49
96,GLOF.K,iShares Global Equity Factor ETF,5,120,14,49,74,1.0,10.0,22.38,10.13,7.66,17.64
96,KLDW.K,Knowledge Leaders Developed World ETF,5,120,14,49,74,1.0,10.0,22.38,13.11,8.21,16.78
96,FLSW.K,Franklin FTSE Switzerland ETF,5,120,14,49,74,1.0,10.0,22.38,8.46,7.11,17.35
96,PUI.O,Invesco Dorsey Wright Utilities Momentum ETF,5,120,14,49,74,1.0,10.0,22.38,3.17,8.12,17.8
96,PSCU.O,Invesco S&P SmallCap Utilities & Comm Svcs,5,120,14,49,74,1.0,10.0,22.38,-1.38,6.82,18.04
96,CEFA.O,Global X S&P Catholic Values Developed ex-US ETF,5,120,14,49,74,1.0,10.0,22.38,11.97,6.9,16.61
96,PCCE.K,Polen Capital China Growth ETF,5,120,14,49,74,1.0,10.0,22.38,0.0,7.06,18.69
96,WCEO.K,Hypatia Women CEO ETF,5,120,14,49,74,1.0,10.0,22.38,0.0,8.39,16.8
96,JPSV.K,JPMorgan Active Small Cap Value ETF,5,120,14,49,74,1.0,10.0,22.38,0.0,7.51,16.6
96,EMSF.K,Matthews Emerging Markets Sustainable Ftr Actv ETF,5,120,14,49,74,1.0,10.0,22.38,0.0,8.49,18.29
96,HLGE.K,Hartford Longevity Economy ETF,5,120,14,49,74,1.0,10.0,22.38,11.16,7.52,16.4
96,DFND.K,Siren DIVCON Dividend Defender ETF,5,120,14,49,74,1.0,10.0,22.38,3.8,7.37,16.75
96,KEM,KraneShares Dynamic Emerging Markets Strategy ETF,5,120,14,49,74,1.0,10.0,22.38,0.0,7.02,16.43
96,XRLV.K,Invesco S&P 500 ex-Rate Sensitive LV ETF,5,120,14,49,74,1.0,10.0,22.38,0.0,8.91,16.04
96,FMCX.K,FM Focus Equity ETF,5,120,14,49,74,1.0,10.0,22.38,24.47,8.06,17.02
96,SDG.O,iShares MSCI Global Sustainable Development Goals,5,120,14,49,74,1.0,10.0,22.38,8.29,7.1,16.69
96,ECLN.K,First Trust EIP Carbon Impact ETF,5,120,14,49,74,1.0,10.0,22.38,9.25,6.8,18.77
96,DIEM.K,Franklin Emerging Market Core Dividend Tilt Ix ETF,5,120,14,49,74,1.0,10.0,22.38,21.3,8.45,16.01
96,RVER.K,Trenchless Fund ETF,5,120,14,49,74,1.0,10.0,22.38,0.0,6.94,18.05
96,DDIV.O,First Trust Dorsey Wright Momentum & Dividend ETF,5,120,14,49,74,1.0,10.0,22.38,8.53,6.92,18.71
96,EBLU.K,Ecofin Global Water ESG Fund,5,120,14,49,74,1.0,10.0,22.38,7.92,9.46,17.33
96,STXK.K,Strive Small Cap ETF,5,120,14,49,74,1.0,10.0,22.38,0.0,8.6,18.65
96,XLU,Utilities Select Sector SPDR Fund,5,120,14,49,74,1.0,10.0,22.38,3.16,7.76,17.66
96,DJD,Invesco Dow Jones Industrial Average Div ETF,5,120,14,49,74,1.0,10.0,22.38,6.66,8.96,17.31
96,DFUV.K,DFA Dimensional US Marketwide Value ETF,5,120,14,49,74,1.0,10.0,22.38,21.19,8.68,16.62
96,FUTY.K,Fidelity MSCI Utilities Index ETF,5,120,14,49,74,1.0,10.0,22.38,3.16,7.2,18.7
96,VIGI.O,Vanguard Intl Dividend Appreciation Index Fund;ETF,5,120,14,49,74,1.0,10.0,22.38,11.07,7.08,16.24
96,VPU,Vanguard Utilities Index Fund;ETF,5,120,14,49,74,1.0,10.0,22.38,2.86,7.9,17.53
96,EWL,Ishares Msci Switzerland ETF,5,120,14,49,74,1.0,10.0,22.38,11.78,7.69,17.03
96,IHDG.K,WisdomTree International Hedged Qual Dividend Gro,5,120,14,49,74,1.0,10.0,22.38,9.17,7.5,15.93
96,ICVT.K,iShares Convertible Bond ETF,5,120,14,49,74,1.0,10.0,22.38,1.66,6.6,16.08
96,AVLV.K,Avantis US Large Cap Value ETF,5,120,14,49,74,1.0,10.0,22.38,19.83,9.26,17.8
96,SDY,SPDR S&P Dividend ETF,5,120,14,49,74,1.0,10.0,22.38,8.32,8.75,16.49
96,ESGD.O,iShares ESG Aware MSCI EAFE ETF,5,120,14,49,74,1.0,10.0,22.38,4.83,6.91,17.17
96,EFG,iShares MSCI EAFE Growth ETF,5,120,14,49,74,1.0,10.0,22.38,10.06,6.88,17.93
96,DFAC.K,Dimensional U S Core Equity 2 ETF,5,120,14,49,74,1.0,10.0,22.38,12.5,8.2,17.32
96,VLUE.K,iShares MSCI USA Value Factor ETF,5,120,14,49,74,1.0,10.0,22.38,7.57,8.6,18.61
96,DVY.O,iShares Select Dividend ETF,5,120,14,49,74,1.0,10.0,22.38,5.8,8.85,16.78
96,VT,Vanguard Total World Stock Index Fund;ETF,5,120,14,49,74,1.0,10.0,22.38,9.12,9.19,17.33
96,ACWI.O,iShares MSCI ACWI ETF,5,120,14,49,74,1.0,10.0,22.38,9.45,9.39,17.16
96,FXU,First Trust Utilities AlphaDEX Fund,5,120,14,49,74,1.0,10.0,22.38,3.91,7.29,17.3
96,PEY.O,Invesco High Yield Equity Dividend Achvrs ETF,5,120,14,49,74,1.0,10.0,22.38,9.09,8.13,17.46
96,XDQQ.K,Innovator Growth Accelerated ETF - Quarterly,5,120,14,49,74,1.0,10.0,22.38,23.41,8.26,19.4
96,SDOG.K,ALPS Sector Dividend Dogs ETF,5,120,14,49,74,1.0,10.0,22.38,6.17,7.9,18.15
96,CRBN.K,iShares MSCI ACWI Low Carbon Target ETF,5,120,14,49,74,1.0,10.0,22.38,12.88,8.75,16.71
96,JIG,JPMorgan International Growth ETF,5,120,14,49,74,1.0,10.0,22.38,8.33,7.83,19.01
96,WTV,WisdomTree US Value Fund,5,120,14,49,74,1.0,10.0,22.38,18.53,7.11,18.31
96,QYLG.O,Global X Nasdaq 100 Covered Call & Growth ETF,5,120,14,49,74,1.0,10.0,22.38,10.43,6.66,18.14
96,SMMV.K,iShares MSCI USA Small-Cap Min Vol Factor ETF,5,120,14,49,74,1.0,10.0,22.38,5.77,6.93,16.34
96,KJAN.K,Innovator US Small Cap Power Buffer ETF - January,5,120,14,49,74,1.0,10.0,22.38,9.47,7.44,16.26
96,EQAL.K,Invesco Russell 1000 Equal Weight ETF,5,120,14,49,74,1.0,10.0,22.38,10.77,7.96,18.98
96,ROUS.K,Hartford Multifactor US Equity ETF,5,120,14,49,74,1.0,10.0,22.38,23.12,8.84,17.12
96,DMXF.O,iShares ESG Advanced MSCI EAFE ETF,5,120,14,49,74,1.0,10.0,22.38,14.97,8.92,17.13
96,EWJV.O,iShares MSCI Japan Value ETF,5,120,14,49,74,1.0,10.0,22.38,8.29,7.14,17.83
96,REGL.K,ProShares S&P MidCap 400 Dividend Aristocrats ETF,5,120,14,49,74,1.0,10.0,22.38,6.89,8.27,18.41
96,XMLV.K,Invesco S&P MidCap Low Volatility ETF,5,120,14,49,74,1.0,10.0,22.38,6.39,8.42,16.26
96,NULV.K,Nuveen ESG Large-Cap Value ETF,5,120,14,49,74,1.0,10.0,22.38,5.53,7.25,17.78
96,SPGM.K,SPDR Portfolio MSCI Global Stock Market ETF,5,120,14,49,74,1.0,10.0,22.38,12.76,9.21,17.65
96,IQDG.K,WisdomTree International Quality Dividend Growth,5,120,14,49,74,1.0,10.0,22.38,15.94,6.88,17.43
96,IBGK.O,iShares iBonds Dec 2054 Term Treasury ETF,5,120,14,49,74,1.0,10.0,22.38,0.0,9.18,16.97
96,IBGK.O,iShares iBonds Dec 2054 Term Treasury ETF,5,120,14,44,54,1.0,10.0,21.92,0.0,9.18,16.97
96,PCCE.K,Polen Capital China Growth ETF,5,120,14,44,54,1.0,10.0,21.92,0.0,7.06,18.69
96,KLDW.K,Knowledge Leaders Developed World ETF,5,120,14,44,54,1.0,10.0,21.92,16.5,8.21,16.78
96,TSLH.K,Innovator Hedged TSLA Strategy ETF,5,120,14,44,54,1.0,10.0,21.92,518.38,7.61,18.42
96,IVRA.K,Invesco Real Assets ESG ETF,5,120,14,44,54,1.0,10.0,21.92,140.67,7.68,17.81
96,RAYD.K,Rayliant Quantitative Developed Market Equity ETF,5,120,14,44,54,1.0,10.0,21.92,21.7,8.75,16.45
96,GVLU.K,Gotham 1000 Value ETF,5,120,14,44,54,1.0,10.0,21.92,0.0,8.72,18.29
96,FSZ.O,First Trust Switzerland AlphaDEX Fund,5,120,14,44,54,1.0,10.0,21.92,41.28,8.14,18.41
96,DGIN.K,VanEck Digital India ETF,5,120,14,44,54,1.0,10.0,21.92,53.42,8.42,18.66
96,PIO.O,Invesco Global Water ETF,5,120,14,44,54,1.0,10.0,21.92,13.0,8.25,18.67
96,EASG.K,Xtrackers MSCI EAFE ESG Leaders Equity ETF,5,120,14,44,54,1.0,10.0,21.92,28.75,7.14,18.94
96,FVC.O,First Trust Dorsey Wright Dynamic Focus 5 ETF,5,120,14,44,54,1.0,10.0,21.92,0.0,8.69,17.6
96,IPKW.O,Invesco International BuyBack Achievers ETF,5,120,14,44,54,1.0,10.0,21.92,19.67,6.48,17.45
96,DGT,SPDR Global Dow ETF,5,120,14,44,54,1.0,10.0,21.92,9.61,8.55,17.36
96,VALQ.K,American Century US Quality Value ETF,5,120,14,44,54,1.0,10.0,21.92,10.27,7.11,18.57
96,FBOT.O,Fidelity Disruptive Automation ETF,5,120,14,44,54,1.0,10.0,21.92,0.0,6.88,16.49
96,GLOF.K,iShares Global Equity Factor ETF,5,120,14,44,54,1.0,10.0,21.92,14.64,7.66,17.64
96,IDHQ.K,Invesco S&P Internatnl Developed Quality ETF,5,120,14,44,54,1.0,10.0,21.92,14.3,7.24,18.46
96,FLSW.K,Franklin FTSE Switzerland ETF,5,120,14,44,54,1.0,10.0,21.92,29.48,7.11,17.35
96,PSCU.O,Invesco S&P SmallCap Utilities & Comm Svcs,5,120,14,44,54,1.0,10.0,21.92,-2.31,6.82,18.04
96,SDG.O,iShares MSCI Global Sustainable Development Goals,5,120,14,44,54,1.0,10.0,21.92,0.2,7.1,16.69
96,CEFA.O,Global X S&P Catholic Values Developed ex-US ETF,5,120,14,44,54,1.0,10.0,21.92,18.15,6.9,16.61
96,XLU,Utilities Select Sector SPDR Fund,5,120,14,44,54,1.0,10.0,21.92,0.0,7.76,17.66
96,WCEO.K,Hypatia Women CEO ETF,5,120,14,44,54,1.0,10.0,21.92,0.0,8.39,16.8
96,JPSV.K,JPMorgan Active Small Cap Value ETF,5,120,14,44,54,1.0,10.0,21.92,0.0,7.51,16.6
96,EMSF.K,Matthews Emerging Markets Sustainable Ftr Actv ETF,5,120,14,44,54,1.0,10.0,21.92,0.0,8.49,18.29
96,HLGE.K,Hartford Longevity Economy ETF,5,120,14,44,54,1.0,10.0,21.92,17.95,7.52,16.4
96,DFND.K,Siren DIVCON Dividend Defender ETF,5,120,14,44,54,1.0,10.0,21.92,9.43,7.37,16.75
96,KEM,KraneShares Dynamic Emerging Markets Strategy ETF,5,120,14,44,54,1.0,10.0,21.92,0.0,7.02,16.43
96,XRLV.K,Invesco S&P 500 ex-Rate Sensitive LV ETF,5,120,14,44,54,1.0,10.0,21.92,0.0,8.91,16.04
96,FMCX.K,FM Focus Equity ETF,5,120,14,44,54,1.0,10.0,21.92,0.0,8.06,17.02
96,PUI.O,Invesco Dorsey Wright Utilities Momentum ETF,5,120,14,44,54,1.0,10.0,21.92,0.0,8.12,17.8
96,ECLN.K,First Trust EIP Carbon Impact ETF,5,120,14,44,54,1.0,10.0,21.92,0.0,6.8,18.77
96,DIEM.K,Franklin Emerging Market Core Dividend Tilt Ix ETF,5,120,14,44,54,1.0,10.0,21.92,0.0,8.45,16.01
96,RVER.K,Trenchless Fund ETF,5,120,14,44,54,1.0,10.0,21.92,0.0,6.94,18.05
96,DDIV.O,First Trust Dorsey Wright Momentum & Dividend ETF,5,120,14,44,54,1.0,10.0,21.92,59.54,6.92,18.71
96,EBLU.K,Ecofin Global Water ESG Fund,5,120,14,44,54,1.0,10.0,21.92,17.29,9.46,17.33
96,STXK.K,Strive Small Cap ETF,5,120,14,44,54,1.0,10.0,21.92,0.0,8.6,18.65
96,CBLS.K,Clough Hedged Equity ETF,5,120,14,44,54,1.0,10.0,21.92,0.79,8.19,16.06
96,DJD,Invesco Dow Jones Industrial Average Div ETF,5,120,14,44,54,1.0,10.0,21.92,0.0,8.96,17.31
96,AVLV.K,Avantis US Large Cap Value ETF,5,120,14,44,54,1.0,10.0,21.92,0.0,9.26,17.8
96,FXU,First Trust Utilities AlphaDEX Fund,5,120,14,44,54,1.0,10.0,21.92,12.81,7.29,17.3
96,FUTY.K,Fidelity MSCI Utilities Index ETF,5,120,14,44,54,1.0,10.0,21.92,0.0,7.2,18.7
96,VIGI.O,Vanguard Intl Dividend Appreciation Index Fund;ETF,5,120,14,44,54,1.0,10.0,21.92,11.3,7.08,16.24
96,VPU,Vanguard Utilities Index Fund;ETF,5,120,14,44,54,1.0,10.0,21.92,83.21,7.9,17.53
96,EWL,Ishares Msci Switzerland ETF,5,120,14,44,54,1.0,10.0,21.92,30.93,7.69,17.03
96,IHDG.K,WisdomTree International Hedged Qual Dividend Gro,5,120,14,44,54,1.0,10.0,21.92,10.43,7.5,15.93
96,ICVT.K,iShares Convertible Bond ETF,5,120,14,44,54,1.0,10.0,21.92,2.6,6.6,16.08
96,SDY,SPDR S&P Dividend ETF,5,120,14,44,54,1.0,10.0,21.92,-15.35,8.75,16.49
96,PEY.O,Invesco High Yield Equity Dividend Achvrs ETF,5,120,14,44,54,1.0,10.0,21.92,50.88,8.13,17.46
96,ESGD.O,iShares ESG Aware MSCI EAFE ETF,5,120,14,44,54,1.0,10.0,21.92,28.3,6.91,17.17
96,EFG,iShares MSCI EAFE Growth ETF,5,120,14,44,54,1.0,10.0,21.92,12.8,6.88,17.93
96,DFAC.K,Dimensional U S Core Equity 2 ETF,5,120,14,44,54,1.0,10.0,21.92,5.15,8.2,17.32
96,VLUE.K,iShares MSCI USA Value Factor ETF,5,120,14,44,54,1.0,10.0,21.92,13.07,8.6,18.61
96,DVY.O,iShares Select Dividend ETF,5,120,14,44,54,1.0,10.0,21.92,39.03,8.85,16.78
96,VT,Vanguard Total World Stock Index Fund;ETF,5,120,14,44,54,1.0,10.0,21.92,14.84,9.19,17.33
96,XDQQ.K,Innovator Growth Accelerated ETF - Quarterly,5,120,14,44,54,1.0,10.0,21.92,22.44,8.26,19.4
96,DFUV.K,DFA Dimensional US Marketwide Value ETF,5,120,14,44,54,1.0,10.0,21.92,0.0,8.68,16.62
96,ACWI.O,iShares MSCI ACWI ETF,5,120,14,44,54,1.0,10.0,21.92,13.96,9.39,17.16
96,SDOG.K,ALPS Sector Dividend Dogs ETF,5,120,14,44,54,1.0,10.0,21.92,15.86,7.9,18.15
96,ROUS.K,Hartford Multifactor US Equity ETF,5,120,14,44,54,1.0,10.0,21.92,24.86,8.84,17.12
96,CRBN.K,iShares MSCI ACWI Low Carbon Target ETF,5,120,14,44,54,1.0,10.0,21.92,13.5,8.75,16.71
96,JIG,JPMorgan International Growth ETF,5,120,14,44,54,1.0,10.0,21.92,5.72,7.83,19.01
96,WTV,WisdomTree US Value Fund,5,120,14,44,54,1.0,10.0,21.92,0.0,7.11,18.31
96,QYLG.O,Global X Nasdaq 100 Covered Call & Growth ETF,5,120,14,44,54,1.0,10.0,21.92,3.81,6.66,18.14
96,KJAN.K,Innovator US Small Cap Power Buffer ETF - January,5,120,14,44,54,1.0,10.0,21.92,0.0,7.44,16.26
96,EQAL.K,Invesco Russell 1000 Equal Weight ETF,5,120,14,44,54,1.0,10.0,21.92,30.26,7.96,18.98
96,SMMV.K,iShares MSCI USA Small-Cap Min Vol Factor ETF,5,120,14,44,54,1.0,10.0,21.92,26.82,6.93,16.34
96,DMXF.O,iShares ESG Advanced MSCI EAFE ETF,5,120,14,44,54,1.0,10.0,21.92,26.84,8.92,17.13
96,EWJV.O,iShares MSCI Japan Value ETF,5,120,14,44,54,1.0,10.0,21.92,18.73,7.14,17.83
96,REGL.K,ProShares S&P MidCap 400 Dividend Aristocrats ETF,5,120,14,44,54,1.0,10.0,21.92,0.0,8.27,18.41
96,XMLV.K,Invesco S&P MidCap Low Volatility ETF,5,120,14,44,54,1.0,10.0,21.92,32.39,8.42,16.26
96,NULV.K,Nuveen ESG Large-Cap Value ETF,5,120,14,44,54,1.0,10.0,21.92,0.0,7.25,17.78
96,SPGM.K,SPDR Portfolio MSCI Global Stock Market ETF,5,120,14,44,54,1.0,10.0,21.92,19.57,9.21,17.65
96,IQDG.K,WisdomTree International Quality Dividend Growth,5,120,14,44,54,1.0,10.0,21.92,36.8,6.88,17.43
96,PIO.O,Invesco Global Water ETF,5,120,14,44,74,1.0,10.0,21.7,9.73,8.25,18.67
96,CBLS.K,Clough Hedged Equity ETF,5,120,14,44,74,1.0,10.0,21.7,9.11,8.19,16.06
96,TSLH.K,Innovator Hedged TSLA Strategy ETF,5,120,14,44,74,1.0,10.0,21.7,1001.27,7.61,18.42
96,IVRA.K,Invesco Real Assets ESG ETF,5,120,14,44,74,1.0,10.0,21.7,15.18,7.68,17.81
96,RAYD.K,Rayliant Quantitative Developed Market Equity ETF,5,120,14,44,74,1.0,10.0,21.7,24.35,8.75,16.45
96,GVLU.K,Gotham 1000 Value ETF,5,120,14,44,74,1.0,10.0,21.7,0.0,8.72,18.29
96,FSZ.O,First Trust Switzerland AlphaDEX Fund,5,120,14,44,74,1.0,10.0,21.7,13.0,8.14,18.41
96,DGIN.K,VanEck Digital India ETF,5,120,14,44,74,1.0,10.0,21.7,39.22,8.42,18.66
96,IDHQ.K,Invesco S&P Internatnl Developed Quality ETF,5,120,14,44,74,1.0,10.0,21.7,9.73,7.24,18.46
96,EASG.K,Xtrackers MSCI EAFE ESG Leaders Equity ETF,5,120,14,44,74,1.0,10.0,21.7,13.64,7.14,18.94
96,FVC.O,First Trust Dorsey Wright Dynamic Focus 5 ETF,5,120,14,44,74,1.0,10.0,21.7,0.0,8.69,17.6
96,IPKW.O,Invesco International BuyBack Achievers ETF,5,120,14,44,74,1.0,10.0,21.7,18.76,6.48,17.45
96,DGT,SPDR Global Dow ETF,5,120,14,44,74,1.0,10.0,21.7,8.19,8.55,17.36
96,VALQ.K,American Century US Quality Value ETF,5,120,14,44,74,1.0,10.0,21.7,7.5,7.11,18.57
96,FBOT.O,Fidelity Disruptive Automation ETF,5,120,14,44,74,1.0,10.0,21.7,0.0,6.88,16.49
96,GLOF.K,iShares Global Equity Factor ETF,5,120,14,44,74,1.0,10.0,21.7,18.68,7.66,17.64
96,KLDW.K,Knowledge Leaders Developed World ETF,5,120,14,44,74,1.0,10.0,21.7,11.42,8.21,16.78
96,FLSW.K,Franklin FTSE Switzerland ETF,5,120,14,44,74,1.0,10.0,21.7,8.46,7.11,17.35
96,PUI.O,Invesco Dorsey Wright Utilities Momentum ETF,5,120,14,44,74,1.0,10.0,21.7,0.0,8.12,17.8
96,PSCU.O,Invesco S&P SmallCap Utilities & Comm Svcs,5,120,14,44,74,1.0,10.0,21.7,0.24,6.82,18.04
96,CEFA.O,Global X S&P Catholic Values Developed ex-US ETF,5,120,14,44,74,1.0,10.0,21.7,11.97,6.9,16.61
96,PCCE.K,Polen Capital China Growth ETF,5,120,14,44,74,1.0,10.0,21.7,0.0,7.06,18.69
96,WCEO.K,Hypatia Women CEO ETF,5,120,14,44,74,1.0,10.0,21.7,0.0,8.39,16.8
96,JPSV.K,JPMorgan Active Small Cap Value ETF,5,120,14,44,74,1.0,10.0,21.7,0.0,7.51,16.6
96,EMSF.K,Matthews Emerging Markets Sustainable Ftr Actv ETF,5,120,14,44,74,1.0,10.0,21.7,0.0,8.49,18.29
96,HLGE.K,Hartford Longevity Economy ETF,5,120,14,44,74,1.0,10.0,21.7,17.79,7.52,16.4
96,DFND.K,Siren DIVCON Dividend Defender ETF,5,120,14,44,74,1.0,10.0,21.7,6.54,7.37,16.75
96,KEM,KraneShares Dynamic Emerging Markets Strategy ETF,5,120,14,44,74,1.0,10.0,21.7,0.0,7.02,16.43
96,XRLV.K,Invesco S&P 500 ex-Rate Sensitive LV ETF,5,120,14,44,74,1.0,10.0,21.7,0.0,8.91,16.04
96,FMCX.K,FM Focus Equity ETF,5,120,14,44,74,1.0,10.0,21.7,0.0,8.06,17.02
96,SDG.O,iShares MSCI Global Sustainable Development Goals,5,120,14,44,74,1.0,10.0,21.7,11.31,7.1,16.69
96,ECLN.K,First Trust EIP Carbon Impact ETF,5,120,14,44,74,1.0,10.0,21.7,0.0,6.8,18.77
96,DIEM.K,Franklin Emerging Market Core Dividend Tilt Ix ETF,5,120,14,44,74,1.0,10.0,21.7,0.0,8.45,16.01
96,RVER.K,Trenchless Fund ETF,5,120,14,44,74,1.0,10.0,21.7,0.0,6.94,18.05
96,DDIV.O,First Trust Dorsey Wright Momentum & Dividend ETF,5,120,14,44,74,1.0,10.0,21.7,13.3,6.92,18.71
96,EBLU.K,Ecofin Global Water ESG Fund,5,120,14,44,74,1.0,10.0,21.7,12.24,9.46,17.33
96,STXK.K,Strive Small Cap ETF,5,120,14,44,74,1.0,10.0,21.7,0.0,8.6,18.65
96,XLU,Utilities Select Sector SPDR Fund,5,120,14,44,74,1.0,10.0,21.7,0.0,7.76,17.66
96,DJD,Invesco Dow Jones Industrial Average Div ETF,5,120,14,44,74,1.0,10.0,21.7,0.0,8.96,17.31
96,DFUV.K,DFA Dimensional US Marketwide Value ETF,5,120,14,44,74,1.0,10.0,21.7,0.0,8.68,16.62
96,FUTY.K,Fidelity MSCI Utilities Index ETF,5,120,14,44,74,1.0,10.0,21.7,0.0,7.2,18.7
96,VIGI.O,Vanguard Intl Dividend Appreciation Index Fund;ETF,5,120,14,44,74,1.0,10.0,21.7,11.07,7.08,16.24
96,VPU,Vanguard Utilities Index Fund;ETF,5,120,14,44,74,1.0,10.0,21.7,32.72,7.9,17.53
96,EWL,Ishares Msci Switzerland ETF,5,120,14,44,74,1.0,10.0,21.7,8.6,7.69,17.03
96,IHDG.K,WisdomTree International Hedged Qual Dividend Gro,5,120,14,44,74,1.0,10.0,21.7,10.09,7.5,15.93
96,ICVT.K,iShares Convertible Bond ETF,5,120,14,44,74,1.0,10.0,21.7,1.66,6.6,16.08
96,AVLV.K,Avantis US Large Cap Value ETF,5,120,14,44,74,1.0,10.0,21.7,0.0,9.26,17.8
96,SDY,SPDR S&P Dividend ETF,5,120,14,44,74,1.0,10.0,21.7,12.49,8.75,16.49
96,ESGD.O,iShares ESG Aware MSCI EAFE ETF,5,120,14,44,74,1.0,10.0,21.7,13.1,6.91,17.17
96,EFG,iShares MSCI EAFE Growth ETF,5,120,14,44,74,1.0,10.0,21.7,8.01,6.88,17.93
96,DFAC.K,Dimensional U S Core Equity 2 ETF,5,120,14,44,74,1.0,10.0,21.7,12.5,8.2,17.32
96,VLUE.K,iShares MSCI USA Value Factor ETF,5,120,14,44,74,1.0,10.0,21.7,16.96,8.6,18.61
96,DVY.O,iShares Select Dividend ETF,5,120,14,44,74,1.0,10.0,21.7,9.64,8.85,16.78
96,VT,Vanguard Total World Stock Index Fund;ETF,5,120,14,44,74,1.0,10.0,21.7,15.85,9.19,17.33
96,ACWI.O,iShares MSCI ACWI ETF,5,120,14,44,74,1.0,10.0,21.7,16.2,9.39,17.16
96,FXU,First Trust Utilities AlphaDEX Fund,5,120,14,44,74,1.0,10.0,21.7,4.71,7.29,17.3
96,PEY.O,Invesco High Yield Equity Dividend Achvrs ETF,5,120,14,44,74,1.0,10.0,21.7,9.09,8.13,17.46
96,XDQQ.K,Innovator Growth Accelerated ETF - Quarterly,5,120,14,44,74,1.0,10.0,21.7,23.41,8.26,19.4
96,SDOG.K,ALPS Sector Dividend Dogs ETF,5,120,14,44,74,1.0,10.0,21.7,4.06,7.9,18.15
96,CRBN.K,iShares MSCI ACWI Low Carbon Target ETF,5,120,14,44,74,1.0,10.0,21.7,16.08,8.75,16.71
96,JIG,JPMorgan International Growth ETF,5,120,14,44,74,1.0,10.0,21.7,8.33,7.83,19.01
96,WTV,WisdomTree US Value Fund,5,120,14,44,74,1.0,10.0,21.7,0.0,7.11,18.31
96,QYLG.O,Global X Nasdaq 100 Covered Call & Growth ETF,5,120,14,44,74,1.0,10.0,21.7,10.43,6.66,18.14
96,SMMV.K,iShares MSCI USA Small-Cap Min Vol Factor ETF,5,120,14,44,74,1.0,10.0,21.7,5.77,6.93,16.34
96,KJAN.K,Innovator US Small Cap Power Buffer ETF - January,5,120,14,44,74,1.0,10.0,21.7,0.0,7.44,16.26
96,EQAL.K,Invesco Russell 1000 Equal Weight ETF,5,120,14,44,74,1.0,10.0,21.7,16.35,7.96,18.98
96,ROUS.K,Hartford Multifactor US Equity ETF,5,120,14,44,74,1.0,10.0,21.7,19.48,8.84,17.12
96,DMXF.O,iShares ESG Advanced MSCI EAFE ETF,5,120,14,44,74,1.0,10.0,21.7,14.97,8.92,17.13
96,EWJV.O,iShares MSCI Japan Value ETF,5,120,14,44,74,1.0,10.0,21.7,8.29,7.14,17.83
96,REGL.K,ProShares S&P MidCap 400 Dividend Aristocrats ETF,5,120,14,44,74,1.0,10.0,21.7,0.0,8.27,18.41
96,XMLV.K,Invesco S&P MidCap Low Volatility ETF,5,120,14,44,74,1.0,10.0,21.7,6.39,8.42,16.26
96,NULV.K,Nuveen ESG Large-Cap Value ETF,5,120,14,44,74,1.0,10.0,21.7,0.0,7.25,17.78
96,SPGM.K,SPDR Portfolio MSCI Global Stock Market ETF,5,120,14,44,74,1.0,10.0,21.7,14.98,9.21,17.65
96,IQDG.K,WisdomTree International Quality Dividend Growth,5,120,14,44,74,1.0,10.0,21.7,14.38,6.88,17.43
96,IBGK.O,iShares iBonds Dec 2054 Term Treasury ETF,5,120,14,44,74,1.0,10.0,21.7,0.0,9.18,16.97
96,IBGK.O,iShares iBonds Dec 2054 Term Treasury ETF,5,120,14,49,79,1.0,10.0,21.5,0.0,9.18,16.97
96,PCCE.K,Polen Capital China Growth ETF,5,120,14,49,79,1.0,10.0,21.5,0.0,7.06,18.69
96,SDOG.K,ALPS Sector Dividend Dogs ETF,5,120,14,49,79,1.0,10.0,21.5,4.16,7.9,18.15
96,SPGM.K,SPDR Portfolio MSCI Global Stock Market ETF,5,120,14,49,79,1.0,10.0,21.5,13.27,9.21,17.65
96,NULV.K,Nuveen ESG Large-Cap Value ETF,5,120,14,49,79,1.0,10.0,21.5,5.53,7.25,17.78
96,XMLV.K,Invesco S&P MidCap Low Volatility ETF,5,120,14,49,79,1.0,10.0,21.5,6.39,8.42,16.26
96,REGL.K,ProShares S&P MidCap 400 Dividend Aristocrats ETF,5,120,14,49,79,1.0,10.0,21.5,6.89,8.27,18.41
96,EWJV.O,iShares MSCI Japan Value ETF,5,120,14,49,79,1.0,10.0,21.5,8.29,7.14,17.83
96,DMXF.O,iShares ESG Advanced MSCI EAFE ETF,5,120,14,49,79,1.0,10.0,21.5,14.97,8.92,17.13
96,ROUS.K,Hartford Multifactor US Equity ETF,5,120,14,49,79,1.0,10.0,21.5,13.92,8.84,17.12
96,EQAL.K,Invesco Russell 1000 Equal Weight ETF,5,120,14,49,79,1.0,10.0,21.5,11.46,7.96,18.98
96,KJAN.K,Innovator US Small Cap Power Buffer ETF - January,5,120,14,49,79,1.0,10.0,21.5,9.47,7.44,16.26
96,SMMV.K,iShares MSCI USA Small-Cap Min Vol Factor ETF,5,120,14,49,79,1.0,10.0,21.5,5.77,6.93,16.34
96,QYLG.O,Global X Nasdaq 100 Covered Call & Growth ETF,5,120,14,49,79,1.0,10.0,21.5,10.43,6.66,18.14
96,WTV,WisdomTree US Value Fund,5,120,14,49,79,1.0,10.0,21.5,18.53,7.11,18.31
96,JIG,JPMorgan International Growth ETF,5,120,14,49,79,1.0,10.0,21.5,8.33,7.83,19.01
96,CRBN.K,iShares MSCI ACWI Low Carbon Target ETF,5,120,14,49,79,1.0,10.0,21.5,14.5,8.75,16.71
96,XDQQ.K,Innovator Growth Accelerated ETF - Quarterly,5,120,14,49,79,1.0,10.0,21.5,23.41,8.26,19.4
96,IQDG.K,WisdomTree International Quality Dividend Growth,5,120,14,49,79,1.0,10.0,21.5,5.77,6.88,17.43
96,PEY.O,Invesco High Yield Equity Dividend Achvrs ETF,5,120,14,49,79,1.0,10.0,21.5,9.94,8.13,17.46
96,SDG.O,iShares MSCI Global Sustainable Development Goals,5,120,14,49,79,1.0,10.0,21.5,5.68,7.1,16.69
96,DFUV.K,DFA Dimensional US Marketwide Value ETF,5,120,14,49,79,1.0,10.0,21.5,21.19,8.68,16.62
96,VT,Vanguard Total World Stock Index Fund;ETF,5,120,14,49,79,1.0,10.0,21.5,9.58,9.19,17.33
96,DVY.O,iShares Select Dividend ETF,5,120,14,49,79,1.0,10.0,21.5,6.26,8.85,16.78
96,VLUE.K,iShares MSCI USA Value Factor ETF,5,120,14,49,79,1.0,10.0,21.5,8.3,8.6,18.61
96,DFAC.K,Dimensional U S Core Equity 2 ETF,5,120,14,49,79,1.0,10.0,21.5,12.5,8.2,17.32
96,EFG,iShares MSCI EAFE Growth ETF,5,120,14,49,79,1.0,10.0,21.5,5.33,6.88,17.93
96,ESGD.O,iShares ESG Aware MSCI EAFE ETF,5,120,14,49,79,1.0,10.0,21.5,4.83,6.91,17.17
96,SDY,SPDR S&P Dividend ETF,5,120,14,49,79,1.0,10.0,21.5,7.14,8.75,16.49
96,AVLV.K,Avantis US Large Cap Value ETF,5,120,14,49,79,1.0,10.0,21.5,19.83,9.26,17.8
96,ICVT.K,iShares Convertible Bond ETF,5,120,14,49,79,1.0,10.0,21.5,1.66,6.6,16.08
96,IHDG.K,WisdomTree International Hedged Qual Dividend Gro,5,120,14,49,79,1.0,10.0,21.5,6.53,7.5,15.93
96,EWL,Ishares Msci Switzerland ETF,5,120,14,49,79,1.0,10.0,21.5,5.94,7.69,17.03
96,VPU,Vanguard Utilities Index Fund;ETF,5,120,14,49,79,1.0,10.0,21.5,2.86,7.9,17.53
96,VIGI.O,Vanguard Intl Dividend Appreciation Index Fund;ETF,5,120,14,49,79,1.0,10.0,21.5,11.07,7.08,16.24
96,FUTY.K,Fidelity MSCI Utilities Index ETF,5,120,14,49,79,1.0,10.0,21.5,3.16,7.2,18.7
96,FXU,First Trust Utilities AlphaDEX Fund,5,120,14,49,79,1.0,10.0,21.5,3.91,7.29,17.3
96,DJD,Invesco Dow Jones Industrial Average Div ETF,5,120,14,49,79,1.0,10.0,21.5,6.66,8.96,17.31
96,STXK.K,Strive Small Cap ETF,5,120,14,49,79,1.0,10.0,21.5,0.0,8.6,18.65
96,XLU,Utilities Select Sector SPDR Fund,5,120,14,49,79,1.0,10.0,21.5,3.16,7.76,17.66
96,IDHQ.K,Invesco S&P Internatnl Developed Quality ETF,5,120,14,49,79,1.0,10.0,21.5,5.73,7.24,18.46
96,CEFA.O,Global X S&P Catholic Values Developed ex-US ETF,5,120,14,49,79,1.0,10.0,21.5,11.97,6.9,16.61
96,EBLU.K,Ecofin Global Water ESG Fund,5,120,14,49,79,1.0,10.0,21.5,7.92,9.46,17.33
96,DDIV.O,First Trust Dorsey Wright Momentum & Dividend ETF,5,120,14,49,79,1.0,10.0,21.5,6.11,6.92,18.71
96,RVER.K,Trenchless Fund ETF,5,120,14,49,79,1.0,10.0,21.5,0.0,6.94,18.05
96,DIEM.K,Franklin Emerging Market Core Dividend Tilt Ix ETF,5,120,14,49,79,1.0,10.0,21.5,21.3,8.45,16.01
96,ECLN.K,First Trust EIP Carbon Impact ETF,5,120,14,49,79,1.0,10.0,21.5,9.25,6.8,18.77
96,PUI.O,Invesco Dorsey Wright Utilities Momentum ETF,5,120,14,49,79,1.0,10.0,21.5,3.17,8.12,17.8
96,FMCX.K,FM Focus Equity ETF,5,120,14,49,79,1.0,10.0,21.5,24.47,8.06,17.02
96,XRLV.K,Invesco S&P 500 ex-Rate Sensitive LV ETF,5,120,14,49,79,1.0,10.0,21.5,0.0,8.91,16.04
96,KEM,KraneShares Dynamic Emerging Markets Strategy ETF,5,120,14,49,79,1.0,10.0,21.5,0.0,7.02,16.43
96,DFND.K,Siren DIVCON Dividend Defender ETF,5,120,14,49,79,1.0,10.0,21.5,3.8,7.37,16.75
96,HLGE.K,Hartford Longevity Economy ETF,5,120,14,49,79,1.0,10.0,21.5,11.16,7.52,16.4
96,EMSF.K,Matthews Emerging Markets Sustainable Ftr Actv ETF,5,120,14,49,79,1.0,10.0,21.5,0.0,8.49,18.29
96,JPSV.K,JPMorgan Active Small Cap Value ETF,5,120,14,49,79,1.0,10.0,21.5,0.0,7.51,16.6
96,WCEO.K,Hypatia Women CEO ETF,5,120,14,49,79,1.0,10.0,21.5,0.0,8.39,16.8
96,PSCU.O,Invesco S&P SmallCap Utilities & Comm Svcs,5,120,14,49,79,1.0,10.0,21.5,-1.38,6.82,18.04
96,KLDW.K,Knowledge Leaders Developed World ETF,5,120,14,49,79,1.0,10.0,21.5,6.33,8.21,16.78
96,FLSW.K,Franklin FTSE Switzerland ETF,5,120,14,49,79,1.0,10.0,21.5,8.46,7.11,17.35
96,CBLS.K,Clough Hedged Equity ETF,5,120,14,49,79,1.0,10.0,21.5,9.11,8.19,16.06
96,GLOF.K,iShares Global Equity Factor ETF,5,120,14,49,79,1.0,10.0,21.5,10.86,7.66,17.64
96,FBOT.O,Fidelity Disruptive Automation ETF,5,120,14,49,79,1.0,10.0,21.5,0.0,6.88,16.49
96,VALQ.K,American Century US Quality Value ETF,5,120,14,49,79,1.0,10.0,21.5,7.5,7.11,18.57
96,DGT,SPDR Global Dow ETF,5,120,14,49,79,1.0,10.0,21.5,10.3,8.55,17.36
96,IPKW.O,Invesco International BuyBack Achievers ETF,5,120,14,49,79,1.0,10.0,21.5,8.75,6.48,17.45
96,FVC.O,First Trust Dorsey Wright Dynamic Focus 5 ETF,5,120,14,49,79,1.0,10.0,21.5,8.66,8.69,17.6
96,EASG.K,Xtrackers MSCI EAFE ESG Leaders Equity ETF,5,120,14,49,79,1.0,10.0,21.5,6.12,7.14,18.94
96,PIO.O,Invesco Global Water ETF,5,120,14,49,79,1.0,10.0,21.5,9.89,8.25,18.67
96,DGIN.K,VanEck Digital India ETF,5,120,14,49,79,1.0,10.0,21.5,39.22,8.42,18.66
96,FSZ.O,First Trust Switzerland AlphaDEX Fund,5,120,14,49,79,1.0,10.0,21.5,8.38,8.14,18.41
96,GVLU.K,Gotham 1000 Value ETF,5,120,14,49,79,1.0,10.0,21.5,0.0,8.72,18.29
96,RAYD.K,Rayliant Quantitative Developed Market Equity ETF,5,120,14,49,79,1.0,10.0,21.5,24.35,8.75,16.45
96,IVRA.K,Invesco Real Assets ESG ETF,5,120,14,49,79,1.0,10.0,21.5,2.57,7.68,17.81
96,TSLH.K,Innovator Hedged TSLA Strategy ETF,5,120,14,49,79,1.0,10.0,21.5,1001.27,7.61,18.42
96,ACWI.O,iShares MSCI ACWI ETF,5,120,14,49,79,1.0,10.0,21.5,10.43,9.39,17.16
96,VT,Vanguard Total World Stock Index Fund;ETF,5,120,14,44,79,1.0,10.0,21.46,16.47,9.19,17.33
96,ACWI.O,iShares MSCI ACWI ETF,5,120,14,44,79,1.0,10.0,21.46,17.9,9.39,17.16
96,GLOF.K,iShares Global Equity Factor ETF,5,120,14,44,79,1.0,10.0,21.46,21.37,7.66,17.64
96,CEFA.O,Global X S&P Catholic Values Developed ex-US ETF,5,120,14,44,79,1.0,10.0,21.46,11.97,6.9,16.61
96,KLDW.K,Knowledge Leaders Developed World ETF,5,120,14,44,79,1.0,10.0,21.46,11.42,8.21,16.78
96,FLSW.K,Franklin FTSE Switzerland ETF,5,120,14,44,79,1.0,10.0,21.46,8.46,7.11,17.35
96,CBLS.K,Clough Hedged Equity ETF,5,120,14,44,79,1.0,10.0,21.46,9.11,8.19,16.06
96,TSLH.K,Innovator Hedged TSLA Strategy ETF,5,120,14,44,79,1.0,10.0,21.46,1001.27,7.61,18.42
96,IVRA.K,Invesco Real Assets ESG ETF,5,120,14,44,79,1.0,10.0,21.46,15.18,7.68,17.81
96,RAYD.K,Rayliant Quantitative Developed Market Equity ETF,5,120,14,44,79,1.0,10.0,21.46,24.35,8.75,16.45
96,GVLU.K,Gotham 1000 Value ETF,5,120,14,44,79,1.0,10.0,21.46,0.0,8.72,18.29
96,FSZ.O,First Trust Switzerland AlphaDEX Fund,5,120,14,44,79,1.0,10.0,21.46,13.0,8.14,18.41
96,DGIN.K,VanEck Digital India ETF,5,120,14,44,79,1.0,10.0,21.46,39.22,8.42,18.66
96,PIO.O,Invesco Global Water ETF,5,120,14,44,79,1.0,10.0,21.46,10.41,8.25,18.67
96,EASG.K,Xtrackers MSCI EAFE ESG Leaders Equity ETF,5,120,14,44,79,1.0,10.0,21.46,13.64,7.14,18.94
96,FVC.O,First Trust Dorsey Wright Dynamic Focus 5 ETF,5,120,14,44,79,1.0,10.0,21.46,0.0,8.69,17.6
96,IPKW.O,Invesco International BuyBack Achievers ETF,5,120,14,44,79,1.0,10.0,21.46,5.33,6.48,17.45
96,DGT,SPDR Global Dow ETF,5,120,14,44,79,1.0,10.0,21.46,9.16,8.55,17.36
96,VALQ.K,American Century US Quality Value ETF,5,120,14,44,79,1.0,10.0,21.46,7.5,7.11,18.57
96,PSCU.O,Invesco S&P SmallCap Utilities & Comm Svcs,5,120,14,44,79,1.0,10.0,21.46,0.24,6.82,18.04
96,EBLU.K,Ecofin Global Water ESG Fund,5,120,14,44,79,1.0,10.0,21.46,12.24,9.46,17.33
96,IDHQ.K,Invesco S&P Internatnl Developed Quality ETF,5,120,14,44,79,1.0,10.0,21.46,5.73,7.24,18.46
96,DDIV.O,First Trust Dorsey Wright Momentum & Dividend ETF,5,120,14,44,79,1.0,10.0,21.46,6.11,6.92,18.71
96,XLU,Utilities Select Sector SPDR Fund,5,120,14,44,79,1.0,10.0,21.46,0.0,7.76,17.66
96,IBGK.O,iShares iBonds Dec 2054 Term Treasury ETF,5,120,14,44,79,1.0,10.0,21.46,0.0,9.18,16.97
96,PCCE.K,Polen Capital China Growth ETF,5,120,14,44,79,1.0,10.0,21.46,0.0,7.06,18.69
96,WCEO.K,Hypatia Women CEO ETF,5,120,14,44,79,1.0,10.0,21.46,0.0,8.39,16.8
96,JPSV.K,JPMorgan Active Small Cap Value ETF,5,120,14,44,79,1.0,10.0,21.46,0.0,7.51,16.6
96,EMSF.K,Matthews Emerging Markets Sustainable Ftr Actv ETF,5,120,14,44,79,1.0,10.0,21.46,0.0,8.49,18.29
96,HLGE.K,Hartford Longevity Economy ETF,5,120,14,44,79,1.0,10.0,21.46,17.79,7.52,16.4
96,DFND.K,Siren DIVCON Dividend Defender ETF,5,120,14,44,79,1.0,10.0,21.46,6.54,7.37,16.75
96,KEM,KraneShares Dynamic Emerging Markets Strategy ETF,5,120,14,44,79,1.0,10.0,21.46,0.0,7.02,16.43
96,XRLV.K,Invesco S&P 500 ex-Rate Sensitive LV ETF,5,120,14,44,79,1.0,10.0,21.46,0.0,8.91,16.04
96,FMCX.K,FM Focus Equity ETF,5,120,14,44,79,1.0,10.0,21.46,0.0,8.06,17.02
96,PUI.O,Invesco Dorsey Wright Utilities Momentum ETF,5,120,14,44,79,1.0,10.0,21.46,0.0,8.12,17.8
96,ECLN.K,First Trust EIP Carbon Impact ETF,5,120,14,44,79,1.0,10.0,21.46,0.0,6.8,18.77
96,DIEM.K,Franklin Emerging Market Core Dividend Tilt Ix ETF,5,120,14,44,79,1.0,10.0,21.46,0.0,8.45,16.01
96,RVER.K,Trenchless Fund ETF,5,120,14,44,79,1.0,10.0,21.46,0.0,6.94,18.05
96,FBOT.O,Fidelity Disruptive Automation ETF,5,120,14,44,79,1.0,10.0,21.46,0.0,6.88,16.49
96,STXK.K,Strive Small Cap ETF,5,120,14,44,79,1.0,10.0,21.46,0.0,8.6,18.65
96,IQDG.K,WisdomTree International Quality Dividend Growth,5,120,14,44,79,1.0,10.0,21.46,14.38,6.88,17.43
96,EWL,Ishares Msci Switzerland ETF,5,120,14,44,79,1.0,10.0,21.46,8.6,7.69,17.03
96,PEY.O,Invesco High Yield Equity Dividend Achvrs ETF,5,120,14,44,79,1.0,10.0,21.46,9.94,8.13,17.46
96,DFUV.K,DFA Dimensional US Marketwide Value ETF,5,120,14,44,79,1.0,10.0,21.46,0.0,8.68,16.62
96,FXU,First Trust Utilities AlphaDEX Fund,5,120,14,44,79,1.0,10.0,21.46,4.71,7.29,17.3
96,FUTY.K,Fidelity MSCI Utilities Index ETF,5,120,14,44,79,1.0,10.0,21.46,0.0,7.2,18.7
96,VIGI.O,Vanguard Intl Dividend Appreciation Index Fund;ETF,5,120,14,44,79,1.0,10.0,21.46,11.07,7.08,16.24
96,VPU,Vanguard Utilities Index Fund;ETF,5,120,14,44,79,1.0,10.0,21.46,32.72,7.9,17.53
96,IHDG.K,WisdomTree International Hedged Qual Dividend Gro,5,120,14,44,79,1.0,10.0,21.46,6.53,7.5,15.93
96,SDG.O,iShares MSCI Global Sustainable Development Goals,5,120,14,44,79,1.0,10.0,21.46,5.68,7.1,16.69
96,ICVT.K,iShares Convertible Bond ETF,5,120,14,44,79,1.0,10.0,21.46,1.66,6.6,16.08
96,AVLV.K,Avantis US Large Cap Value ETF,5,120,14,44,79,1.0,10.0,21.46,0.0,9.26,17.8
96,SDY,SPDR S&P Dividend ETF,5,120,14,44,79,1.0,10.0,21.46,15.67,8.75,16.49
96,ESGD.O,iShares ESG Aware MSCI EAFE ETF,5,120,14,44,79,1.0,10.0,21.46,13.1,6.91,17.17
96,EFG,iShares MSCI EAFE Growth ETF,5,120,14,44,79,1.0,10.0,21.46,5.33,6.88,17.93
96,DFAC.K,Dimensional U S Core Equity 2 ETF,5,120,14,44,79,1.0,10.0,21.46,12.5,8.2,17.32
96,SDOG.K,ALPS Sector Dividend Dogs ETF,5,120,14,44,79,1.0,10.0,21.46,4.06,7.9,18.15
96,SPGM.K,SPDR Portfolio MSCI Global Stock Market ETF,5,120,14,44,79,1.0,10.0,21.46,15.88,9.21,17.65
96,DVY.O,iShares Select Dividend ETF,5,120,14,44,79,1.0,10.0,21.46,9.64,8.85,16.78
96,SMMV.K,iShares MSCI USA Small-Cap Min Vol Factor ETF,5,120,14,44,79,1.0,10.0,21.46,5.77,6.93,16.34
96,DJD,Invesco Dow Jones Industrial Average Div ETF,5,120,14,44,79,1.0,10.0,21.46,0.0,8.96,17.31
96,XDQQ.K,Innovator Growth Accelerated ETF - Quarterly,5,120,14,44,79,1.0,10.0,21.46,23.41,8.26,19.4
96,CRBN.K,iShares MSCI ACWI Low Carbon Target ETF,5,120,14,44,79,1.0,10.0,21.46,17.55,8.75,16.71
96,JIG,JPMorgan International Growth ETF,5,120,14,44,79,1.0,10.0,21.46,8.33,7.83,19.01
96,WTV,WisdomTree US Value Fund,5,120,14,44,79,1.0,10.0,21.46,0.0,7.11,18.31
96,QYLG.O,Global X Nasdaq 100 Covered Call & Growth ETF,5,120,14,44,79,1.0,10.0,21.46,10.43,6.66,18.14
96,KJAN.K,Innovator US Small Cap Power Buffer ETF - January,5,120,14,44,79,1.0,10.0,21.46,0.0,7.44,16.26
96,NULV.K,Nuveen ESG Large-Cap Value ETF,5,120,14,44,79,1.0,10.0,21.46,0.0,7.25,17.78
96,EQAL.K,Invesco Russell 1000 Equal Weight ETF,5,120,14,44,79,1.0,10.0,21.46,17.12,7.96,18.98
96,ROUS.K,Hartford Multifactor US Equity ETF,5,120,14,44,79,1.0,10.0,21.46,21.92,8.84,17.12
96,DMXF.O,iShares ESG Advanced MSCI EAFE ETF,5,120,14,44,79,1.0,10.0,21.46,14.97,8.92,17.13
96,EWJV.O,iShares MSCI Japan Value ETF,5,120,14,44,79,1.0,10.0,21.46,8.29,7.14,17.83
96,REGL.K,ProShares S&P MidCap 400 Dividend Aristocrats ETF,5,120,14,44,79,1.0,10.0,21.46,0.0,8.27,18.41
96,XMLV.K,Invesco S&P MidCap Low Volatility ETF,5,120,14,44,79,1.0,10.0,21.46,6.39,8.42,16.26
96,VLUE.K,iShares MSCI USA Value Factor ETF,5,120,14,44,79,1.0,10.0,21.46,19.18,8.6,18.61
96,XLU,Utilities Select Sector SPDR Fund,5,60,14,44,54,1.0,10.0,19.38,35.55,7.76,17.66
96,IBGK.O,iShares iBonds Dec 2054 Term Treasury ETF,5,60,14,44,54,1.0,10.0,19.38,0.0,9.18,16.97
96,ACWI.O,iShares MSCI ACWI ETF,5,60,14,44,54,1.0,10.0,19.38,11.29,9.39,17.16
96,KLDW.K,Knowledge Leaders Developed World ETF,5,60,14,44,54,1.0,10.0,19.38,18.21,8.21,16.78
96,SDG.O,iShares MSCI Global Sustainable Development Goals,5,60,14,44,54,1.0,10.0,19.38,-1.99,7.1,16.69
96,TSLH.K,Innovator Hedged TSLA Strategy ETF,5,60,14,44,54,1.0,10.0,19.38,87.19,7.61,18.42
96,IVRA.K,Invesco Real Assets ESG ETF,5,60,14,44,54,1.0,10.0,19.38,13.14,7.68,17.81
96,RAYD.K,Rayliant Quantitative Developed Market Equity ETF,5,60,14,44,54,1.0,10.0,19.38,21.53,8.75,16.45
96,GVLU.K,Gotham 1000 Value ETF,5,60,14,44,54,1.0,10.0,19.38,0.0,8.72,18.29
96,FSZ.O,First Trust Switzerland AlphaDEX Fund,5,60,14,44,54,1.0,10.0,19.38,33.67,8.14,18.41
96,DGIN.K,VanEck Digital India ETF,5,60,14,44,54,1.0,10.0,19.38,47.52,8.42,18.66
96,PIO.O,Invesco Global Water ETF,5,60,14,44,54,1.0,10.0,19.38,9.77,8.25,18.67
96,EASG.K,Xtrackers MSCI EAFE ESG Leaders Equity ETF,5,60,14,44,54,1.0,10.0,19.38,29.63,7.14,18.94
96,FVC.O,First Trust Dorsey Wright Dynamic Focus 5 ETF,5,60,14,44,54,1.0,10.0,19.38,24.13,8.69,17.6
96,IPKW.O,Invesco International BuyBack Achievers ETF,5,60,14,44,54,1.0,10.0,19.38,28.49,6.48,17.45
96,DGT,SPDR Global Dow ETF,5,60,14,44,54,1.0,10.0,19.38,11.65,8.55,17.36
96,VALQ.K,American Century US Quality Value ETF,5,60,14,44,54,1.0,10.0,19.38,24.63,7.11,18.57
96,FBOT.O,Fidelity Disruptive Automation ETF,5,60,14,44,54,1.0,10.0,19.38,0.0,6.88,16.49
96,GLOF.K,iShares Global Equity Factor ETF,5,60,14,44,54,1.0,10.0,19.38,18.47,7.66,17.64
96,IDHQ.K,Invesco S&P Internatnl Developed Quality ETF,5,60,14,44,54,1.0,10.0,19.38,12.9,7.24,18.46
96,CBLS.K,Clough Hedged Equity ETF,5,60,14,44,54,1.0,10.0,19.38,4.67,8.19,16.06
96,FLSW.K,Franklin FTSE Switzerland ETF,5,60,14,44,54,1.0,10.0,19.38,14.54,7.11,17.35
96,PSCU.O,Invesco S&P SmallCap Utilities & Comm Svcs,5,60,14,44,54,1.0,10.0,19.38,0.93,6.82,18.04
96,XRLV.K,Invesco S&P 500 ex-Rate Sensitive LV ETF,5,60,14,44,54,1.0,10.0,19.38,0.0,8.91,16.04
96,WCEO.K,Hypatia Women CEO ETF,5,60,14,44,54,1.0,10.0,19.38,0.0,8.39,16.8
96,JPSV.K,JPMorgan Active Small Cap Value ETF,5,60,14,44,54,1.0,10.0,19.38,0.0,7.51,16.6
96,EMSF.K,Matthews Emerging Markets Sustainable Ftr Actv ETF,5,60,14,44,54,1.0,10.0,19.38,0.0,8.49,18.29
96,HLGE.K,Hartford Longevity Economy ETF,5,60,14,44,54,1.0,10.0,19.38,9.99,7.52,16.4
96,DFND.K,Siren DIVCON Dividend Defender ETF,5,60,14,44,54,1.0,10.0,19.38,7.49,7.37,16.75
96,KEM,KraneShares Dynamic Emerging Markets Strategy ETF,5,60,14,44,54,1.0,10.0,19.38,0.0,7.02,16.43
96,FMCX.K,FM Focus Equity ETF,5,60,14,44,54,1.0,10.0,19.38,0.0,8.06,17.02
96,CEFA.O,Global X S&P Catholic Values Developed ex-US ETF,5,60,14,44,54,1.0,10.0,19.38,13.76,6.9,16.61
96,PUI.O,Invesco Dorsey Wright Utilities Momentum ETF,5,60,14,44,54,1.0,10.0,19.38,34.11,8.12,17.8
96,ECLN.K,First Trust EIP Carbon Impact ETF,5,60,14,44,54,1.0,10.0,19.38,21.02,6.8,18.77
96,DIEM.K,Franklin Emerging Market Core Dividend Tilt Ix ETF,5,60,14,44,54,1.0,10.0,19.38,0.0,8.45,16.01
96,RVER.K,Trenchless Fund ETF,5,60,14,44,54,1.0,10.0,19.38,0.0,6.94,18.05
96,DDIV.O,First Trust Dorsey Wright Momentum & Dividend ETF,5,60,14,44,54,1.0,10.0,19.38,27.53,6.92,18.71
96,EBLU.K,Ecofin Global Water ESG Fund,5,60,14,44,54,1.0,10.0,19.38,11.86,9.46,17.33
96,STXK.K,Strive Small Cap ETF,5,60,14,44,54,1.0,10.0,19.38,0.0,8.6,18.65
96,DJD,Invesco Dow Jones Industrial Average Div ETF,5,60,14,44,54,1.0,10.0,19.38,166.08,8.96,17.31
96,PEY.O,Invesco High Yield Equity Dividend Achvrs ETF,5,60,14,44,54,1.0,10.0,19.38,32.51,8.13,17.46
96,XDQQ.K,Innovator Growth Accelerated ETF - Quarterly,5,60,14,44,54,1.0,10.0,19.38,12.59,8.26,19.4
96,FXU,First Trust Utilities AlphaDEX Fund,5,60,14,44,54,1.0,10.0,19.38,18.59,7.29,17.3
96,FUTY.K,Fidelity MSCI Utilities Index ETF,5,60,14,44,54,1.0,10.0,19.38,36.3,7.2,18.7
96,VIGI.O,Vanguard Intl Dividend Appreciation Index Fund;ETF,5,60,14,44,54,1.0,10.0,19.38,11.16,7.08,16.24
96,VPU,Vanguard Utilities Index Fund;ETF,5,60,14,44,54,1.0,10.0,19.38,38.47,7.9,17.53
96,EWL,Ishares Msci Switzerland ETF,5,60,14,44,54,1.0,10.0,19.38,14.2,7.69,17.03
96,IHDG.K,WisdomTree International Hedged Qual Dividend Gro,5,60,14,44,54,1.0,10.0,19.38,8.67,7.5,15.93
96,ICVT.K,iShares Convertible Bond ETF,5,60,14,44,54,1.0,10.0,19.38,7.62,6.6,16.08
96,AVLV.K,Avantis US Large Cap Value ETF,5,60,14,44,54,1.0,10.0,19.38,0.0,9.26,17.8
96,SDY,SPDR S&P Dividend ETF,5,60,14,44,54,1.0,10.0,19.38,39.37,8.75,16.49
96,ESGD.O,iShares ESG Aware MSCI EAFE ETF,5,60,14,44,54,1.0,10.0,19.38,29.83,6.91,17.17
96,EFG,iShares MSCI EAFE Growth ETF,5,60,14,44,54,1.0,10.0,19.38,11.57,6.88,17.93
96,DFAC.K,Dimensional U S Core Equity 2 ETF,5,60,14,44,54,1.0,10.0,19.38,9.75,8.2,17.32
96,VLUE.K,iShares MSCI USA Value Factor ETF,5,60,14,44,54,1.0,10.0,19.38,18.16,8.6,18.61
96,DVY.O,iShares Select Dividend ETF,5,60,14,44,54,1.0,10.0,19.38,36.29,8.85,16.78
96,VT,Vanguard Total World Stock Index Fund;ETF,5,60,14,44,54,1.0,10.0,19.38,9.38,9.19,17.33
96,DFUV.K,DFA Dimensional US Marketwide Value ETF,5,60,14,44,54,1.0,10.0,19.38,0.0,8.68,16.62
96,PCCE.K,Polen Capital China Growth ETF,5,60,14,44,54,1.0,10.0,19.38,0.0,7.06,18.69
96,SDOG.K,ALPS Sector Dividend Dogs ETF,5,60,14,44,54,1.0,10.0,19.38,50.28,7.9,18.15
96,IQDG.K,WisdomTree International Quality Dividend Growth,5,60,14,44,54,1.0,10.0,19.38,25.8,6.88,17.43
96,CRBN.K,iShares MSCI ACWI Low Carbon Target ETF,5,60,14,44,54,1.0,10.0,19.38,12.67,8.75,16.71
96,JIG,JPMorgan International Growth ETF,5,60,14,44,54,1.0,10.0,19.38,8.44,7.83,19.01
96,WTV,WisdomTree US Value Fund,5,60,14,44,54,1.0,10.0,19.38,0.0,7.11,18.31
96,QYLG.O,Global X Nasdaq 100 Covered Call & Growth ETF,5,60,14,44,54,1.0,10.0,19.38,-4.89,6.66,18.14
96,SMMV.K,iShares MSCI USA Small-Cap Min Vol Factor ETF,5,60,14,44,54,1.0,10.0,19.38,28.51,6.93,16.34
96,KJAN.K,Innovator US Small Cap Power Buffer ETF - January,5,60,14,44,54,1.0,10.0,19.38,14.79,7.44,16.26
96,EQAL.K,Invesco Russell 1000 Equal Weight ETF,5,60,14,44,54,1.0,10.0,19.38,45.75,7.96,18.98
96,ROUS.K,Hartford Multifactor US Equity ETF,5,60,14,44,54,1.0,10.0,19.38,27.7,8.84,17.12
96,DMXF.O,iShares ESG Advanced MSCI EAFE ETF,5,60,14,44,54,1.0,10.0,19.38,14.29,8.92,17.13
96,EWJV.O,iShares MSCI Japan Value ETF,5,60,14,44,54,1.0,10.0,19.38,26.52,7.14,17.83
96,REGL.K,ProShares S&P MidCap 400 Dividend Aristocrats ETF,5,60,14,44,54,1.0,10.0,19.38,47.12,8.27,18.41
96,XMLV.K,Invesco S&P MidCap Low Volatility ETF,5,60,14,44,54,1.0,10.0,19.38,24.05,8.42,16.26
96,NULV.K,Nuveen ESG Large-Cap Value ETF,5,60,14,44,54,1.0,10.0,19.38,45.76,7.25,17.78
96,SPGM.K,SPDR Portfolio MSCI Global Stock Market ETF,5,60,14,44,54,1.0,10.0,19.38,14.72,9.21,17.65
96,JPSV.K,JPMorgan Active Small Cap Value ETF,5,60,14,49,59,1.0,10.0,17.32,0.0,7.51,16.6
96,IBGK.O,iShares iBonds Dec 2054 Term Treasury ETF,5,60,14,49,59,1.0,10.0,17.32,0.0,9.18,16.97
96,WCEO.K,Hypatia Women CEO ETF,5,60,14,49,59,1.0,10.0,17.32,0.0,8.39,16.8
96,PCCE.K,Polen Capital China Growth ETF,5,60,14,49,59,1.0,10.0,17.32,0.0,7.06,18.69
96,TSLH.K,Innovator Hedged TSLA Strategy ETF,5,60,14,49,59,1.0,10.0,17.32,135.56,7.61,18.42
96,XLU,Utilities Select Sector SPDR Fund,5,60,14,49,59,1.0,10.0,17.32,11.82,7.76,17.66
96,GVLU.K,Gotham 1000 Value ETF,5,60,14,49,59,1.0,10.0,17.32,0.0,8.72,18.29
96,FSZ.O,First Trust Switzerland AlphaDEX Fund,5,60,14,49,59,1.0,10.0,17.32,15.65,8.14,18.41
96,DGIN.K,VanEck Digital India ETF,5,60,14,49,59,1.0,10.0,17.32,36.78,8.42,18.66
96,PIO.O,Invesco Global Water ETF,5,60,14,49,59,1.0,10.0,17.32,11.79,8.25,18.67
96,EASG.K,Xtrackers MSCI EAFE ESG Leaders Equity ETF,5,60,14,49,59,1.0,10.0,17.32,20.68,7.14,18.94
96,FVC.O,First Trust Dorsey Wright Dynamic Focus 5 ETF,5,60,14,49,59,1.0,10.0,17.32,16.45,8.69,17.6
96,IPKW.O,Invesco International BuyBack Achievers ETF,5,60,14,49,59,1.0,10.0,17.32,14.5,6.48,17.45
96,DGT,SPDR Global Dow ETF,5,60,14,49,59,1.0,10.0,17.32,15.92,8.55,17.36
96,VALQ.K,American Century US Quality Value ETF,5,60,14,49,59,1.0,10.0,17.32,25.78,7.11,18.57
96,FBOT.O,Fidelity Disruptive Automation ETF,5,60,14,49,59,1.0,10.0,17.32,0.0,6.88,16.49
96,GLOF.K,iShares Global Equity Factor ETF,5,60,14,49,59,1.0,10.0,17.32,15.83,7.66,17.64
96,IDHQ.K,Invesco S&P Internatnl Developed Quality ETF,5,60,14,49,59,1.0,10.0,17.32,12.14,7.24,18.46
96,STXK.K,Strive Small Cap ETF,5,60,14,49,59,1.0,10.0,17.32,0.0,8.6,18.65
96,SDG.O,iShares MSCI Global Sustainable Development Goals,5,60,14,49,59,1.0,10.0,17.32,1.04,7.1,16.69
96,IVRA.K,Invesco Real Assets ESG ETF,5,60,14,49,59,1.0,10.0,17.32,-0.96,7.68,17.81
96,CBLS.K,Clough Hedged Equity ETF,5,60,14,49,59,1.0,10.0,17.32,11.61,8.19,16.06
96,XDQQ.K,Innovator Growth Accelerated ETF - Quarterly,5,60,14,49,59,1.0,10.0,17.32,13.44,8.26,19.4
96,FLSW.K,Franklin FTSE Switzerland ETF,5,60,14,49,59,1.0,10.0,17.32,6.24,7.11,17.35
96,EMSF.K,Matthews Emerging Markets Sustainable Ftr Actv ETF,5,60,14,49,59,1.0,10.0,17.32,0.0,8.49,18.29
96,HLGE.K,Hartford Longevity Economy ETF,5,60,14,49,59,1.0,10.0,17.32,10.25,7.52,16.4
96,DFND.K,Siren DIVCON Dividend Defender ETF,5,60,14,49,59,1.0,10.0,17.32,8.78,7.37,16.75
96,KEM,KraneShares Dynamic Emerging Markets Strategy ETF,5,60,14,49,59,1.0,10.0,17.32,0.0,7.02,16.43
96,XRLV.K,Invesco S&P 500 ex-Rate Sensitive LV ETF,5,60,14,49,59,1.0,10.0,17.32,23.56,8.91,16.04
96,FMCX.K,FM Focus Equity ETF,5,60,14,49,59,1.0,10.0,17.32,176.34,8.06,17.02
96,PUI.O,Invesco Dorsey Wright Utilities Momentum ETF,5,60,14,49,59,1.0,10.0,17.32,11.99,8.12,17.8
96,ECLN.K,First Trust EIP Carbon Impact ETF,5,60,14,49,59,1.0,10.0,17.32,12.96,6.8,18.77
96,DIEM.K,Franklin Emerging Market Core Dividend Tilt Ix ETF,5,60,14,49,59,1.0,10.0,17.32,33.03,8.45,16.01
96,RVER.K,Trenchless Fund ETF,5,60,14,49,59,1.0,10.0,17.32,0.0,6.94,18.05
96,DDIV.O,First Trust Dorsey Wright Momentum & Dividend ETF,5,60,14,49,59,1.0,10.0,17.32,25.0,6.92,18.71
96,EBLU.K,Ecofin Global Water ESG Fund,5,60,14,49,59,1.0,10.0,17.32,12.87,9.46,17.33
96,CEFA.O,Global X S&P Catholic Values Developed ex-US ETF,5,60,14,49,59,1.0,10.0,17.32,12.56,6.9,16.61
96,PSCU.O,Invesco S&P SmallCap Utilities & Comm Svcs,5,60,14,49,59,1.0,10.0,17.32,-2.17,6.82,18.04
96,KLDW.K,Knowledge Leaders Developed World ETF,5,60,14,49,59,1.0,10.0,17.32,19.24,8.21,16.78
96,DJD,Invesco Dow Jones Industrial Average Div ETF,5,60,14,49,59,1.0,10.0,17.32,17.83,8.96,17.31
96,RAYD.K,Rayliant Quantitative Developed Market Equity ETF,5,60,14,49,59,1.0,10.0,17.32,15.49,8.75,16.45
96,CRBN.K,iShares MSCI ACWI Low Carbon Target ETF,5,60,14,49,59,1.0,10.0,17.32,18.15,8.75,16.71
96,DFUV.K,DFA Dimensional US Marketwide Value ETF,5,60,14,49,59,1.0,10.0,17.32,50.83,8.68,16.62
96,FUTY.K,Fidelity MSCI Utilities Index ETF,5,60,14,49,59,1.0,10.0,17.32,11.96,7.2,18.7
96,VIGI.O,Vanguard Intl Dividend Appreciation Index Fund;ETF,5,60,14,49,59,1.0,10.0,17.32,17.14,7.08,16.24
96,VPU,Vanguard Utilities Index Fund;ETF,5,60,14,49,59,1.0,10.0,17.32,11.78,7.9,17.53
96,EWL,Ishares Msci Switzerland ETF,5,60,14,49,59,1.0,10.0,17.32,6.57,7.69,17.03
96,IHDG.K,WisdomTree International Hedged Qual Dividend Gro,5,60,14,49,59,1.0,10.0,17.32,9.51,7.5,15.93
96,ICVT.K,iShares Convertible Bond ETF,5,60,14,49,59,1.0,10.0,17.32,4.06,6.6,16.08
96,AVLV.K,Avantis US Large Cap Value ETF,5,60,14,49,59,1.0,10.0,17.32,22.58,9.26,17.8
96,SDY,SPDR S&P Dividend ETF,5,60,14,49,59,1.0,10.0,17.32,17.03,8.75,16.49
96,ESGD.O,iShares ESG Aware MSCI EAFE ETF,5,60,14,49,59,1.0,10.0,17.32,19.03,6.91,17.17
96,EFG,iShares MSCI EAFE Growth ETF,5,60,14,49,59,1.0,10.0,17.32,13.71,6.88,17.93
96,DFAC.K,Dimensional U S Core Equity 2 ETF,5,60,14,49,59,1.0,10.0,17.32,11.54,8.2,17.32
96,VLUE.K,iShares MSCI USA Value Factor ETF,5,60,14,49,59,1.0,10.0,17.32,15.51,8.6,18.61
96,DVY.O,iShares Select Dividend ETF,5,60,14,49,59,1.0,10.0,17.32,22.2,8.85,16.78
96,VT,Vanguard Total World Stock Index Fund;ETF,5,60,14,49,59,1.0,10.0,17.32,14.22,9.19,17.33
96,JIG,JPMorgan International Growth ETF,5,60,14,49,59,1.0,10.0,17.32,10.53,7.83,19.01
96,FXU,First Trust Utilities AlphaDEX Fund,5,60,14,49,59,1.0,10.0,17.32,21.78,7.29,17.3
96,ACWI.O,iShares MSCI ACWI ETF,5,60,14,49,59,1.0,10.0,17.32,14.41,9.39,17.16
96,PEY.O,Invesco High Yield Equity Dividend Achvrs ETF,5,60,14,49,59,1.0,10.0,17.32,19.67,8.13,17.46
96,EWJV.O,iShares MSCI Japan Value ETF,5,60,14,49,59,1.0,10.0,17.32,21.75,7.14,17.83
96,WTV,WisdomTree US Value Fund,5,60,14,49,59,1.0,10.0,17.32,31.27,7.11,18.31
96,QYLG.O,Global X Nasdaq 100 Covered Call & Growth ETF,5,60,14,49,59,1.0,10.0,17.32,1.41,6.66,18.14
96,SMMV.K,iShares MSCI USA Small-Cap Min Vol Factor ETF,5,60,14,49,59,1.0,10.0,17.32,11.17,6.93,16.34
96,KJAN.K,Innovator US Small Cap Power Buffer ETF - January,5,60,14,49,59,1.0,10.0,17.32,20.88,7.44,16.26
96,ROUS.K,Hartford Multifactor US Equity ETF,5,60,14,49,59,1.0,10.0,17.32,15.67,8.84,17.12
96,DMXF.O,iShares ESG Advanced MSCI EAFE ETF,5,60,14,49,59,1.0,10.0,17.32,12.75,8.92,17.13
96,EQAL.K,Invesco Russell 1000 Equal Weight ETF,5,60,14,49,59,1.0,10.0,17.32,17.36,7.96,18.98
96,REGL.K,ProShares S&P MidCap 400 Dividend Aristocrats ETF,5,60,14,49,59,1.0,10.0,17.32,26.35,8.27,18.41
96,XMLV.K,Invesco S&P MidCap Low Volatility ETF,5,60,14,49,59,1.0,10.0,17.32,8.67,8.42,16.26
96,NULV.K,Nuveen ESG Large-Cap Value ETF,5,60,14,49,59,1.0,10.0,17.32,15.08,7.25,17.78
96,SPGM.K,SPDR Portfolio MSCI Global Stock Market ETF,5,60,14,49,59,1.0,10.0,17.32,16.09,9.21,17.65
96,IQDG.K,WisdomTree International Quality Dividend Growth,5,60,14,49,59,1.0,10.0,17.32,19.19,6.88,17.43
96,SDOG.K,ALPS Sector Dividend Dogs ETF,5,60,14,49,59,1.0,10.0,17.32,7.08,7.9,18.15
96,PIO.O,Invesco Global Water ETF,5,60,14,44,59,1.0,10.0,16.03,11.79,8.25,18.67
96,CBLS.K,Clough Hedged Equity ETF,5,60,14,44,59,1.0,10.0,16.03,11.61,8.19,16.06
96,TSLH.K,Innovator Hedged TSLA Strategy ETF,5,60,14,44,59,1.0,10.0,16.03,135.56,7.61,18.42
96,IVRA.K,Invesco Real Assets ESG ETF,5,60,14,44,59,1.0,10.0,16.03,6.52,7.68,17.81
96,RAYD.K,Rayliant Quantitative Developed Market Equity ETF,5,60,14,44,59,1.0,10.0,16.03,15.49,8.75,16.45
96,GVLU.K,Gotham 1000 Value ETF,5,60,14,44,59,1.0,10.0,16.03,0.0,8.72,18.29
96,FSZ.O,First Trust Switzerland AlphaDEX Fund,5,60,14,44,59,1.0,10.0,16.03,17.74,8.14,18.41
96,DGIN.K,VanEck Digital India ETF,5,60,14,44,59,1.0,10.0,16.03,36.78,8.42,18.66
96,IDHQ.K,Invesco S&P Internatnl Developed Quality ETF,5,60,14,44,59,1.0,10.0,16.03,11.85,7.24,18.46
96,EASG.K,Xtrackers MSCI EAFE ESG Leaders Equity ETF,5,60,14,44,59,1.0,10.0,16.03,20.68,7.14,18.94
96,FVC.O,First Trust Dorsey Wright Dynamic Focus 5 ETF,5,60,14,44,59,1.0,10.0,16.03,16.45,8.69,17.6
96,IPKW.O,Invesco International BuyBack Achievers ETF,5,60,14,44,59,1.0,10.0,16.03,13.45,6.48,17.45
96,DGT,SPDR Global Dow ETF,5,60,14,44,59,1.0,10.0,16.03,16.13,8.55,17.36
96,VALQ.K,American Century US Quality Value ETF,5,60,14,44,59,1.0,10.0,16.03,28.64,7.11,18.57
96,FBOT.O,Fidelity Disruptive Automation ETF,5,60,14,44,59,1.0,10.0,16.03,0.0,6.88,16.49
96,GLOF.K,iShares Global Equity Factor ETF,5,60,14,44,59,1.0,10.0,16.03,15.83,7.66,17.64
96,KLDW.K,Knowledge Leaders Developed World ETF,5,60,14,44,59,1.0,10.0,16.03,13.63,8.21,16.78
96,FLSW.K,Franklin FTSE Switzerland ETF,5,60,14,44,59,1.0,10.0,16.03,6.24,7.11,17.35
96,ECLN.K,First Trust EIP Carbon Impact ETF,5,60,14,44,59,1.0,10.0,16.03,12.96,6.8,18.77
96,PSCU.O,Invesco S&P SmallCap Utilities & Comm Svcs,5,60,14,44,59,1.0,10.0,16.03,4.43,6.82,18.04
96,CEFA.O,Global X S&P Catholic Values Developed ex-US ETF,5,60,14,44,59,1.0,10.0,16.03,12.56,6.9,16.61
96,PCCE.K,Polen Capital China Growth ETF,5,60,14,44,59,1.0,10.0,16.03,0.0,7.06,18.69
96,WCEO.K,Hypatia Women CEO ETF,5,60,14,44,59,1.0,10.0,16.03,0.0,8.39,16.8
96,JPSV.K,JPMorgan Active Small Cap Value ETF,5,60,14,44,59,1.0,10.0,16.03,0.0,7.51,16.6
96,EMSF.K,Matthews Emerging Markets Sustainable Ftr Actv ETF,5,60,14,44,59,1.0,10.0,16.03,0.0,8.49,18.29
96,HLGE.K,Hartford Longevity Economy ETF,5,60,14,44,59,1.0,10.0,16.03,10.25,7.52,16.4
96,DFND.K,Siren DIVCON Dividend Defender ETF,5,60,14,44,59,1.0,10.0,16.03,8.78,7.37,16.75
96,KEM,KraneShares Dynamic Emerging Markets Strategy ETF,5,60,14,44,59,1.0,10.0,16.03,0.0,7.02,16.43
96,XRLV.K,Invesco S&P 500 ex-Rate Sensitive LV ETF,5,60,14,44,59,1.0,10.0,16.03,0.0,8.91,16.04
96,FMCX.K,FM Focus Equity ETF,5,60,14,44,59,1.0,10.0,16.03,0.0,8.06,17.02
96,PUI.O,Invesco Dorsey Wright Utilities Momentum ETF,5,60,14,44,59,1.0,10.0,16.03,34.11,8.12,17.8
96,SDG.O,iShares MSCI Global Sustainable Development Goals,5,60,14,44,59,1.0,10.0,16.03,-0.76,7.1,16.69
96,DIEM.K,Franklin Emerging Market Core Dividend Tilt Ix ETF,5,60,14,44,59,1.0,10.0,16.03,0.0,8.45,16.01
96,RVER.K,Trenchless Fund ETF,5,60,14,44,59,1.0,10.0,16.03,0.0,6.94,18.05
96,DDIV.O,First Trust Dorsey Wright Momentum & Dividend ETF,5,60,14,44,59,1.0,10.0,16.03,32.32,6.92,18.71
96,EBLU.K,Ecofin Global Water ESG Fund,5,60,14,44,59,1.0,10.0,16.03,12.87,9.46,17.33
96,STXK.K,Strive Small Cap ETF,5,60,14,44,59,1.0,10.0,16.03,0.0,8.6,18.65
96,XLU,Utilities Select Sector SPDR Fund,5,60,14,44,59,1.0,10.0,16.03,35.55,7.76,17.66
96,DJD,Invesco Dow Jones Industrial Average Div ETF,5,60,14,44,59,1.0,10.0,16.03,10.47,8.96,17.31
96,DFUV.K,DFA Dimensional US Marketwide Value ETF,5,60,14,44,59,1.0,10.0,16.03,0.0,8.68,16.62
96,FUTY.K,Fidelity MSCI Utilities Index ETF,5,60,14,44,59,1.0,10.0,16.03,36.3,7.2,18.7
96,VIGI.O,Vanguard Intl Dividend Appreciation Index Fund;ETF,5,60,14,44,59,1.0,10.0,16.03,11.67,7.08,16.24
96,VPU,Vanguard Utilities Index Fund;ETF,5,60,14,44,59,1.0,10.0,16.03,38.47,7.9,17.53
96,EWL,Ishares Msci Switzerland ETF,5,60,14,44,59,1.0,10.0,16.03,10.5,7.69,17.03
96,IHDG.K,WisdomTree International Hedged Qual Dividend Gro,5,60,14,44,59,1.0,10.0,16.03,9.51,7.5,15.93
96,ICVT.K,iShares Convertible Bond ETF,5,60,14,44,59,1.0,10.0,16.03,11.74,6.6,16.08
96,SDY,SPDR S&P Dividend ETF,5,60,14,44,59,1.0,10.0,16.03,24.73,8.75,16.49
96,ESGD.O,iShares ESG Aware MSCI EAFE ETF,5,60,14,44,59,1.0,10.0,16.03,19.03,6.91,17.17
96,EFG,iShares MSCI EAFE Growth ETF,5,60,14,44,59,1.0,10.0,16.03,10.51,6.88,17.93
96,DFAC.K,Dimensional U S Core Equity 2 ETF,5,60,14,44,59,1.0,10.0,16.03,11.54,8.2,17.32
96,VLUE.K,iShares MSCI USA Value Factor ETF,5,60,14,44,59,1.0,10.0,16.03,19.18,8.6,18.61
96,DVY.O,iShares Select Dividend ETF,5,60,14,44,59,1.0,10.0,16.03,32.87,8.85,16.78
96,VT,Vanguard Total World Stock Index Fund;ETF,5,60,14,44,59,1.0,10.0,16.03,10.8,9.19,17.33
96,ACWI.O,iShares MSCI ACWI ETF,5,60,14,44,59,1.0,10.0,16.03,11.04,9.39,17.16
96,IBGK.O,iShares iBonds Dec 2054 Term Treasury ETF,5,60,14,44,59,1.0,10.0,16.03,0.0,9.18,16.97
96,FXU,First Trust Utilities AlphaDEX Fund,5,60,14,44,59,1.0,10.0,16.03,21.72,7.29,17.3
96,AVLV.K,Avantis US Large Cap Value ETF,5,60,14,44,59,1.0,10.0,16.03,0.0,9.26,17.8
96,PEY.O,Invesco High Yield Equity Dividend Achvrs ETF,5,60,14,44,59,1.0,10.0,16.03,19.67,8.13,17.46
96,ROUS.K,Hartford Multifactor US Equity ETF,5,60,14,44,59,1.0,10.0,16.03,15.53,8.84,17.12
96,SDOG.K,ALPS Sector Dividend Dogs ETF,5,60,14,44,59,1.0,10.0,16.03,38.37,7.9,18.15
96,JIG,JPMorgan International Growth ETF,5,60,14,44,59,1.0,10.0,16.03,10.53,7.83,19.01
96,WTV,WisdomTree US Value Fund,5,60,14,44,59,1.0,10.0,16.03,0.0,7.11,18.31
96,QYLG.O,Global X Nasdaq 100 Covered Call & Growth ETF,5,60,14,44,59,1.0,10.0,16.03,1.41,6.66,18.14
96,SMMV.K,iShares MSCI USA Small-Cap Min Vol Factor ETF,5,60,14,44,59,1.0,10.0,16.03,26.05,6.93,16.34
96,KJAN.K,Innovator US Small Cap Power Buffer ETF - January,5,60,14,44,59,1.0,10.0,16.03,11.8,7.44,16.26
96,EQAL.K,Invesco Russell 1000 Equal Weight ETF,5,60,14,44,59,1.0,10.0,16.03,34.5,7.96,18.98
96,CRBN.K,iShares MSCI ACWI Low Carbon Target ETF,5,60,14,44,59,1.0,10.0,16.03,13.0,8.75,16.71
96,DMXF.O,iShares ESG Advanced MSCI EAFE ETF,5,60,14,44,59,1.0,10.0,16.03,12.75,8.92,17.13
96,NULV.K,Nuveen ESG Large-Cap Value ETF,5,60,14,44,59,1.0,10.0,16.03,45.76,7.25,17.78
96,IQDG.K,WisdomTree International Quality Dividend Growth,5,60,14,44,59,1.0,10.0,16.03,14.68,6.88,17.43
96,SPGM.K,SPDR Portfolio MSCI Global Stock Market ETF,5,60,14,44,59,1.0,10.0,16.03,14.42,9.21,17.65
96,XDQQ.K,Innovator Growth Accelerated ETF - Quarterly,5,60,14,44,59,1.0,10.0,16.03,13.44,8.26,19.4
96,XMLV.K,Invesco S&P MidCap Low Volatility ETF,5,60,14,44,59,1.0,10.0,16.03,20.64,8.42,16.26
96,EWJV.O,iShares MSCI Japan Value ETF,5,60,14,44,59,1.0,10.0,16.03,31.17,7.14,17.83
96,REGL.K,ProShares S&P MidCap 400 Dividend Aristocrats ETF,5,60,14,44,59,1.0,10.0,16.03,47.12,8.27,18.41
96,ROUS.K,Hartford Multifactor US Equity ETF,5,60,14,44,64,1.0,10.0,14.58,13.27,8.84,17.12
96,IQDG.K,WisdomTree International Quality Dividend Growth,5,60,14,44,64,1.0,10.0,14.58,14.36,6.88,17.43
96,SPGM.K,SPDR Portfolio MSCI Global Stock Market ETF,5,60,14,44,64,1.0,10.0,14.58,13.72,9.21,17.65
96,NULV.K,Nuveen ESG Large-Cap Value ETF,5,60,14,44,64,1.0,10.0,14.58,43.62,7.25,17.78
96,XMLV.K,Invesco S&P MidCap Low Volatility ETF,5,60,14,44,64,1.0,10.0,14.58,21.94,8.42,16.26
96,REGL.K,ProShares S&P MidCap 400 Dividend Aristocrats ETF,5,60,14,44,64,1.0,10.0,14.58,48.02,8.27,18.41
96,EWJV.O,iShares MSCI Japan Value ETF,5,60,14,44,64,1.0,10.0,14.58,28.56,7.14,17.83
96,DMXF.O,iShares ESG Advanced MSCI EAFE ETF,5,60,14,44,64,1.0,10.0,14.58,12.01,8.92,17.13
96,EQAL.K,Invesco Russell 1000 Equal Weight ETF,5,60,14,44,64,1.0,10.0,14.58,15.92,7.96,18.98
96,KJAN.K,Innovator US Small Cap Power Buffer ETF - January,5,60,14,44,64,1.0,10.0,14.58,8.61,7.44,16.26
96,SMMV.K,iShares MSCI USA Small-Cap Min Vol Factor ETF,5,60,14,44,64,1.0,10.0,14.58,26.86,6.93,16.34
96,SDOG.K,ALPS Sector Dividend Dogs ETF,5,60,14,44,64,1.0,10.0,14.58,40.27,7.9,18.15
96,WTV,WisdomTree US Value Fund,5,60,14,44,64,1.0,10.0,14.58,0.0,7.11,18.31
96,JIG,JPMorgan International Growth ETF,5,60,14,44,64,1.0,10.0,14.58,10.53,7.83,19.01
96,CRBN.K,iShares MSCI ACWI Low Carbon Target ETF,5,60,14,44,64,1.0,10.0,14.58,15.12,8.75,16.71
96,XDQQ.K,Innovator Growth Accelerated ETF - Quarterly,5,60,14,44,64,1.0,10.0,14.58,16.9,8.26,19.4
96,QYLG.O,Global X Nasdaq 100 Covered Call & Growth ETF,5,60,14,44,64,1.0,10.0,14.58,4.09,6.66,18.14
96,ACWI.O,iShares MSCI ACWI ETF,5,60,14,44,64,1.0,10.0,14.58,12.25,9.39,17.16
96,PEY.O,Invesco High Yield Equity Dividend Achvrs ETF,5,60,14,44,64,1.0,10.0,14.58,22.68,8.13,17.46
96,SDY,SPDR S&P Dividend ETF,5,60,14,44,64,1.0,10.0,14.58,28.06,8.75,16.49
96,SDG.O,iShares MSCI Global Sustainable Development Goals,5,60,14,44,64,1.0,10.0,14.58,2.69,7.1,16.69
96,VT,Vanguard Total World Stock Index Fund;ETF,5,60,14,44,64,1.0,10.0,14.58,11.34,9.19,17.33
96,DVY.O,iShares Select Dividend ETF,5,60,14,44,64,1.0,10.0,14.58,35.82,8.85,16.78
96,VLUE.K,iShares MSCI USA Value Factor ETF,5,60,14,44,64,1.0,10.0,14.58,11.3,8.6,18.61
96,DFAC.K,Dimensional U S Core Equity 2 ETF,5,60,14,44,64,1.0,10.0,14.58,14.54,8.2,17.32
96,EFG,iShares MSCI EAFE Growth ETF,5,60,14,44,64,1.0,10.0,14.58,11.96,6.88,17.93
96,ESGD.O,iShares ESG Aware MSCI EAFE ETF,5,60,14,44,64,1.0,10.0,14.58,10.72,6.91,17.17
96,AVLV.K,Avantis US Large Cap Value ETF,5,60,14,44,64,1.0,10.0,14.58,0.0,9.26,17.8
96,DFUV.K,DFA Dimensional US Marketwide Value ETF,5,60,14,44,64,1.0,10.0,14.58,0.0,8.68,16.62
96,ICVT.K,iShares Convertible Bond ETF,5,60,14,44,64,1.0,10.0,14.58,13.62,6.6,16.08
96,IHDG.K,WisdomTree International Hedged Qual Dividend Gro,5,60,14,44,64,1.0,10.0,14.58,10.75,7.5,15.93
96,EWL,Ishares Msci Switzerland ETF,5,60,14,44,64,1.0,10.0,14.58,13.21,7.69,17.03
96,VPU,Vanguard Utilities Index Fund;ETF,5,60,14,44,64,1.0,10.0,14.58,20.64,7.9,17.53
96,VIGI.O,Vanguard Intl Dividend Appreciation Index Fund;ETF,5,60,14,44,64,1.0,10.0,14.58,11.8,7.08,16.24
96,FUTY.K,Fidelity MSCI Utilities Index ETF,5,60,14,44,64,1.0,10.0,14.58,19.34,7.2,18.7
96,FXU,First Trust Utilities AlphaDEX Fund,5,60,14,44,64,1.0,10.0,14.58,16.23,7.29,17.3
96,DJD,Invesco Dow Jones Industrial Average Div ETF,5,60,14,44,64,1.0,10.0,14.58,7.78,8.96,17.31
96,FLSW.K,Franklin FTSE Switzerland ETF,5,60,14,44,64,1.0,10.0,14.58,6.24,7.11,17.35
96,STXK.K,Strive Small Cap ETF,5,60,14,44,64,1.0,10.0,14.58,0.0,8.6,18.65
96,CEFA.O,Global X S&P Catholic Values Developed ex-US ETF,5,60,14,44,64,1.0,10.0,14.58,10.66,6.9,16.61
96,DDIV.O,First Trust Dorsey Wright Momentum & Dividend ETF,5,60,14,44,64,1.0,10.0,14.58,25.95,6.92,18.71
96,RVER.K,Trenchless Fund ETF,5,60,14,44,64,1.0,10.0,14.58,0.0,6.94,18.05
96,DIEM.K,Franklin Emerging Market Core Dividend Tilt Ix ETF,5,60,14,44,64,1.0,10.0,14.58,0.0,8.45,16.01
96,ECLN.K,First Trust EIP Carbon Impact ETF,5,60,14,44,64,1.0,10.0,14.58,12.96,6.8,18.77
96,PUI.O,Invesco Dorsey Wright Utilities Momentum ETF,5,60,14,44,64,1.0,10.0,14.58,20.87,8.12,17.8
96,FMCX.K,FM Focus Equity ETF,5,60,14,44,64,1.0,10.0,14.58,0.0,8.06,17.02
96,XRLV.K,Invesco S&P 500 ex-Rate Sensitive LV ETF,5,60,14,44,64,1.0,10.0,14.58,0.0,8.91,16.04
96,KEM,KraneShares Dynamic Emerging Markets Strategy ETF,5,60,14,44,64,1.0,10.0,14.58,0.0,7.02,16.43
96,DFND.K,Siren DIVCON Dividend Defender ETF,5,60,14,44,64,1.0,10.0,14.58,11.12,7.37,16.75
96,HLGE.K,Hartford Longevity Economy ETF,5,60,14,44,64,1.0,10.0,14.58,14.4,7.52,16.4
96,EMSF.K,Matthews Emerging Markets Sustainable Ftr Actv ETF,5,60,14,44,64,1.0,10.0,14.58,0.0,8.49,18.29
96,JPSV.K,JPMorgan Active Small Cap Value ETF,5,60,14,44,64,1.0,10.0,14.58,0.0,7.51,16.6
96,WCEO.K,Hypatia Women CEO ETF,5,60,14,44,64,1.0,10.0,14.58,0.0,8.39,16.8
96,PCCE.K,Polen Capital China Growth ETF,5,60,14,44,64,1.0,10.0,14.58,0.0,7.06,18.69
96,IBGK.O,iShares iBonds Dec 2054 Term Treasury ETF,5,60,14,44,64,1.0,10.0,14.58,0.0,9.18,16.97
96,EBLU.K,Ecofin Global Water ESG Fund,5,60,14,44,64,1.0,10.0,14.58,10.26,9.46,17.33
96,PSCU.O,Invesco S&P SmallCap Utilities & Comm Svcs,5,60,14,44,64,1.0,10.0,14.58,7.85,6.82,18.04
96,IDHQ.K,Invesco S&P Internatnl Developed Quality ETF,5,60,14,44,64,1.0,10.0,14.58,13.73,7.24,18.46
96,KLDW.K,Knowledge Leaders Developed World ETF,5,60,14,44,64,1.0,10.0,14.58,13.48,8.21,16.78
96,GLOF.K,iShares Global Equity Factor ETF,5,60,14,44,64,1.0,10.0,14.58,13.72,7.66,17.64
96,FBOT.O,Fidelity Disruptive Automation ETF,5,60,14,44,64,1.0,10.0,14.58,0.0,6.88,16.49
96,VALQ.K,American Century US Quality Value ETF,5,60,14,44,64,1.0,10.0,14.58,9.98,7.11,18.57
96,DGT,SPDR Global Dow ETF,5,60,14,44,64,1.0,10.0,14.58,10.75,8.55,17.36
96,IPKW.O,Invesco International BuyBack Achievers ETF,5,60,14,44,64,1.0,10.0,14.58,13.79,6.48,17.45
96,FVC.O,First Trust Dorsey Wright Dynamic Focus 5 ETF,5,60,14,44,64,1.0,10.0,14.58,10.2,8.69,17.6
96,EASG.K,Xtrackers MSCI EAFE ESG Leaders Equity ETF,5,60,14,44,64,1.0,10.0,14.58,20.55,7.14,18.94
96,PIO.O,Invesco Global Water ETF,5,60,14,44,64,1.0,10.0,14.58,13.53,8.25,18.67
96,DGIN.K,VanEck Digital India ETF,5,60,14,44,64,1.0,10.0,14.58,40.05,8.42,18.66
96,FSZ.O,First Trust Switzerland AlphaDEX Fund,5,60,14,44,64,1.0,10.0,14.58,12.15,8.14,18.41
96,GVLU.K,Gotham 1000 Value ETF,5,60,14,44,64,1.0,10.0,14.58,0.0,8.72,18.29
96,RAYD.K,Rayliant Quantitative Developed Market Equity ETF,5,60,14,44,64,1.0,10.0,14.58,20.41,8.75,16.45
96,IVRA.K,Invesco Real Assets ESG ETF,5,60,14,44,64,1.0,10.0,14.58,6.52,7.68,17.81
96,TSLH.K,Innovator Hedged TSLA Strategy ETF,5,60,14,44,64,1.0,10.0,14.58,135.56,7.61,18.42
96,CBLS.K,Clough Hedged Equity ETF,5,60,14,44,64,1.0,10.0,14.58,11.61,8.19,16.06
96,XLU,Utilities Select Sector SPDR Fund,5,60,14,44,64,1.0,10.0,14.58,18.59,7.76,17.66
96,PCCE.K,Polen Capital China Growth ETF,5,60,14,49,64,1.0,10.0,14.55,0.0,7.06,18.69
96,IBGK.O,iShares iBonds Dec 2054 Term Treasury ETF,5,60,14,49,64,1.0,10.0,14.55,0.0,9.18,16.97
96,SDOG.K,ALPS Sector Dividend Dogs ETF,5,60,14,49,64,1.0,10.0,14.55,9.42,7.9,18.15
96,SPGM.K,SPDR Portfolio MSCI Global Stock Market ETF,5,60,14,49,64,1.0,10.0,14.55,11.75,9.21,17.65
96,NULV.K,Nuveen ESG Large-Cap Value ETF,5,60,14,49,64,1.0,10.0,14.55,15.29,7.25,17.78
96,XMLV.K,Invesco S&P MidCap Low Volatility ETF,5,60,14,49,64,1.0,10.0,14.55,9.63,8.42,16.26
96,REGL.K,ProShares S&P MidCap 400 Dividend Aristocrats ETF,5,60,14,49,64,1.0,10.0,14.55,7.07,8.27,18.41
96,EWJV.O,iShares MSCI Japan Value ETF,5,60,14,49,64,1.0,10.0,14.55,22.23,7.14,17.83
96,DMXF.O,iShares ESG Advanced MSCI EAFE ETF,5,60,14,49,64,1.0,10.0,14.55,12.01,8.92,17.13
96,ROUS.K,Hartford Multifactor US Equity ETF,5,60,14,49,64,1.0,10.0,14.55,12.59,8.84,17.12
96,EQAL.K,Invesco Russell 1000 Equal Weight ETF,5,60,14,49,64,1.0,10.0,14.55,10.28,7.96,18.98
96,KJAN.K,Innovator US Small Cap Power Buffer ETF - January,5,60,14,49,64,1.0,10.0,14.55,8.61,7.44,16.26
96,SMMV.K,iShares MSCI USA Small-Cap Min Vol Factor ETF,5,60,14,49,64,1.0,10.0,14.55,12.34,6.93,16.34
96,QYLG.O,Global X Nasdaq 100 Covered Call & Growth ETF,5,60,14,49,64,1.0,10.0,14.55,4.09,6.66,18.14
96,WTV,WisdomTree US Value Fund,5,60,14,49,64,1.0,10.0,14.55,30.7,7.11,18.31
96,JIG,JPMorgan International Growth ETF,5,60,14,49,64,1.0,10.0,14.55,10.53,7.83,19.01
96,CRBN.K,iShares MSCI ACWI Low Carbon Target ETF,5,60,14,49,64,1.0,10.0,14.55,19.37,8.75,16.71
96,XDQQ.K,Innovator Growth Accelerated ETF - Quarterly,5,60,14,49,64,1.0,10.0,14.55,16.9,8.26,19.4
96,IQDG.K,WisdomTree International Quality Dividend Growth,5,60,14,49,64,1.0,10.0,14.55,14.36,6.88,17.43
96,PEY.O,Invesco High Yield Equity Dividend Achvrs ETF,5,60,14,49,64,1.0,10.0,14.55,22.68,8.13,17.46
96,XLU,Utilities Select Sector SPDR Fund,5,60,14,49,64,1.0,10.0,14.55,5.87,7.76,17.66
96,DFUV.K,DFA Dimensional US Marketwide Value ETF,5,60,14,49,64,1.0,10.0,14.55,57.05,8.68,16.62
96,VT,Vanguard Total World Stock Index Fund;ETF,5,60,14,49,64,1.0,10.0,14.55,15.2,9.19,17.33
96,DVY.O,iShares Select Dividend ETF,5,60,14,49,64,1.0,10.0,14.55,9.47,8.85,16.78
96,VLUE.K,iShares MSCI USA Value Factor ETF,5,60,14,49,64,1.0,10.0,14.55,9.07,8.6,18.61
96,DFAC.K,Dimensional U S Core Equity 2 ETF,5,60,14,49,64,1.0,10.0,14.55,14.54,8.2,17.32
96,EFG,iShares MSCI EAFE Growth ETF,5,60,14,49,64,1.0,10.0,14.55,13.66,6.88,17.93
96,ESGD.O,iShares ESG Aware MSCI EAFE ETF,5,60,14,49,64,1.0,10.0,14.55,10.72,6.91,17.17
96,SDY,SPDR S&P Dividend ETF,5,60,14,49,64,1.0,10.0,14.55,18.04,8.75,16.49
96,AVLV.K,Avantis US Large Cap Value ETF,5,60,14,49,64,1.0,10.0,14.55,27.27,9.26,17.8
96,ICVT.K,iShares Convertible Bond ETF,5,60,14,49,64,1.0,10.0,14.55,7.83,6.6,16.08
96,IHDG.K,WisdomTree International Hedged Qual Dividend Gro,5,60,14,49,64,1.0,10.0,14.55,10.75,7.5,15.93
96,EWL,Ishares Msci Switzerland ETF,5,60,14,49,64,1.0,10.0,14.55,9.3,7.69,17.03
96,VPU,Vanguard Utilities Index Fund;ETF,5,60,14,49,64,1.0,10.0,14.55,5.44,7.9,17.53
96,VIGI.O,Vanguard Intl Dividend Appreciation Index Fund;ETF,5,60,14,49,64,1.0,10.0,14.55,17.34,7.08,16.24
96,FUTY.K,Fidelity MSCI Utilities Index ETF,5,60,14,49,64,1.0,10.0,14.55,5.7,7.2,18.7
96,FXU,First Trust Utilities AlphaDEX Fund,5,60,14,49,64,1.0,10.0,14.55,16.5,7.29,17.3
96,DJD,Invesco Dow Jones Industrial Average Div ETF,5,60,14,49,64,1.0,10.0,14.55,16.93,8.96,17.31
96,SDG.O,iShares MSCI Global Sustainable Development Goals,5,60,14,49,64,1.0,10.0,14.55,2.69,7.1,16.69
96,WCEO.K,Hypatia Women CEO ETF,5,60,14,49,64,1.0,10.0,14.55,0.0,8.39,16.8
96,STXK.K,Strive Small Cap ETF,5,60,14,49,64,1.0,10.0,14.55,0.0,8.6,18.65
96,PSCU.O,Invesco S&P SmallCap Utilities & Comm Svcs,5,60,14,49,64,1.0,10.0,14.55,0.28,6.82,18.04
96,CEFA.O,Global X S&P Catholic Values Developed ex-US ETF,5,60,14,49,64,1.0,10.0,14.55,10.66,6.9,16.61
96,EBLU.K,Ecofin Global Water ESG Fund,5,60,14,49,64,1.0,10.0,14.55,10.26,9.46,17.33
96,DDIV.O,First Trust Dorsey Wright Momentum & Dividend ETF,5,60,14,49,64,1.0,10.0,14.55,20.99,6.92,18.71
96,RVER.K,Trenchless Fund ETF,5,60,14,49,64,1.0,10.0,14.55,0.0,6.94,18.05
96,DIEM.K,Franklin Emerging Market Core Dividend Tilt Ix ETF,5,60,14,49,64,1.0,10.0,14.55,29.15,8.45,16.01
96,ECLN.K,First Trust EIP Carbon Impact ETF,5,60,14,49,64,1.0,10.0,14.55,12.96,6.8,18.77
96,PUI.O,Invesco Dorsey Wright Utilities Momentum ETF,5,60,14,49,64,1.0,10.0,14.55,7.13,8.12,17.8
96,FMCX.K,FM Focus Equity ETF,5,60,14,49,64,1.0,10.0,14.55,55.61,8.06,17.02
96,XRLV.K,Invesco S&P 500 ex-Rate Sensitive LV ETF,5,60,14,49,64,1.0,10.0,14.55,24.24,8.91,16.04
96,KEM,KraneShares Dynamic Emerging Markets Strategy ETF,5,60,14,49,64,1.0,10.0,14.55,0.0,7.02,16.43
96,DFND.K,Siren DIVCON Dividend Defender ETF,5,60,14,49,64,1.0,10.0,14.55,11.12,7.37,16.75
96,HLGE.K,Hartford Longevity Economy ETF,5,60,14,49,64,1.0,10.0,14.55,14.4,7.52,16.4
96,EMSF.K,Matthews Emerging Markets Sustainable Ftr Actv ETF,5,60,14,49,64,1.0,10.0,14.55,0.0,8.49,18.29
96,JPSV.K,JPMorgan Active Small Cap Value ETF,5,60,14,49,64,1.0,10.0,14.55,0.0,7.51,16.6
96,KLDW.K,Knowledge Leaders Developed World ETF,5,60,14,49,64,1.0,10.0,14.55,19.62,8.21,16.78
96,FLSW.K,Franklin FTSE Switzerland ETF,5,60,14,49,64,1.0,10.0,14.55,6.24,7.11,17.35
96,CBLS.K,Clough Hedged Equity ETF,5,60,14,49,64,1.0,10.0,14.55,11.61,8.19,16.06
96,FVC.O,First Trust Dorsey Wright Dynamic Focus 5 ETF,5,60,14,49,64,1.0,10.0,14.55,10.2,8.69,17.6
96,IDHQ.K,Invesco S&P Internatnl Developed Quality ETF,5,60,14,49,64,1.0,10.0,14.55,14.34,7.24,18.46
96,GLOF.K,iShares Global Equity Factor ETF,5,60,14,49,64,1.0,10.0,14.55,13.72,7.66,17.64
96,FBOT.O,Fidelity Disruptive Automation ETF,5,60,14,49,64,1.0,10.0,14.55,0.0,6.88,16.49
96,VALQ.K,American Century US Quality Value ETF,5,60,14,49,64,1.0,10.0,14.55,14.96,7.11,18.57
96,DGT,SPDR Global Dow ETF,5,60,14,49,64,1.0,10.0,14.55,11.69,8.55,17.36
96,IPKW.O,Invesco International BuyBack Achievers ETF,5,60,14,49,64,1.0,10.0,14.55,13.79,6.48,17.45
96,EASG.K,Xtrackers MSCI EAFE ESG Leaders Equity ETF,5,60,14,49,64,1.0,10.0,14.55,20.55,7.14,18.94
96,TSLH.K,Innovator Hedged TSLA Strategy ETF,5,60,14,49,64,1.0,10.0,14.55,135.56,7.61,18.42
96,PIO.O,Invesco Global Water ETF,5,60,14,49,64,1.0,10.0,14.55,13.53,8.25,18.67
96,DGIN.K,VanEck Digital India ETF,5,60,14,49,64,1.0,10.0,14.55,40.05,8.42,18.66
96,FSZ.O,First Trust Switzerland AlphaDEX Fund,5,60,14,49,64,1.0,10.0,14.55,10.21,8.14,18.41
96,GVLU.K,Gotham 1000 Value ETF,5,60,14,49,64,1.0,10.0,14.55,0.0,8.72,18.29
96,RAYD.K,Rayliant Quantitative Developed Market Equity ETF,5,60,14,49,64,1.0,10.0,14.55,20.41,8.75,16.45
96,IVRA.K,Invesco Real Assets ESG ETF,5,60,14,49,64,1.0,10.0,14.55,-0.96,7.68,17.81
96,ACWI.O,iShares MSCI ACWI ETF,5,60,14,49,64,1.0,10.0,14.55,15.36,9.39,17.16
96,ACWI.O,iShares MSCI ACWI ETF,5,60,14,44,69,1.0,10.0,13.81,13.83,9.39,17.16
96,VT,Vanguard Total World Stock Index Fund;ETF,5,60,14,44,69,1.0,10.0,13.81,13.06,9.19,17.33
96,STXK.K,Strive Small Cap ETF,5,60,14,44,69,1.0,10.0,13.81,0.0,8.6,18.65
96,SPGM.K,SPDR Portfolio MSCI Global Stock Market ETF,5,60,14,44,69,1.0,10.0,13.81,15.28,9.21,17.65
96,NULV.K,Nuveen ESG Large-Cap Value ETF,5,60,14,44,69,1.0,10.0,13.81,43.81,7.25,17.78
96,XMLV.K,Invesco S&P MidCap Low Volatility ETF,5,60,14,44,69,1.0,10.0,13.81,6.17,8.42,16.26
96,REGL.K,ProShares S&P MidCap 400 Dividend Aristocrats ETF,5,60,14,44,69,1.0,10.0,13.81,49.65,8.27,18.41
96,EWJV.O,iShares MSCI Japan Value ETF,5,60,14,44,69,1.0,10.0,13.81,10.74,7.14,17.83
96,DMXF.O,iShares ESG Advanced MSCI EAFE ETF,5,60,14,44,69,1.0,10.0,13.81,12.01,8.92,17.13
96,ROUS.K,Hartford Multifactor US Equity ETF,5,60,14,44,69,1.0,10.0,13.81,14.17,8.84,17.12
96,EQAL.K,Invesco Russell 1000 Equal Weight ETF,5,60,14,44,69,1.0,10.0,13.81,17.06,7.96,18.98
96,KJAN.K,Innovator US Small Cap Power Buffer ETF - January,5,60,14,44,69,1.0,10.0,13.81,8.61,7.44,16.26
96,SMMV.K,iShares MSCI USA Small-Cap Min Vol Factor ETF,5,60,14,44,69,1.0,10.0,13.81,6.95,6.93,16.34
96,QYLG.O,Global X Nasdaq 100 Covered Call & Growth ETF,5,60,14,44,69,1.0,10.0,13.81,4.09,6.66,18.14
96,WTV,WisdomTree US Value Fund,5,60,14,44,69,1.0,10.0,13.81,0.0,7.11,18.31
96,JIG,JPMorgan International Growth ETF,5,60,14,44,69,1.0,10.0,13.81,10.53,7.83,19.01
96,CRBN.K,iShares MSCI ACWI Low Carbon Target ETF,5,60,14,44,69,1.0,10.0,13.81,15.71,8.75,16.71
96,XDQQ.K,Innovator Growth Accelerated ETF - Quarterly,5,60,14,44,69,1.0,10.0,13.81,17.94,8.26,19.4
96,IQDG.K,WisdomTree International Quality Dividend Growth,5,60,14,44,69,1.0,10.0,13.81,14.77,6.88,17.43
96,SDOG.K,ALPS Sector Dividend Dogs ETF,5,60,14,44,69,1.0,10.0,13.81,40.99,7.9,18.15
96,PEY.O,Invesco High Yield Equity Dividend Achvrs ETF,5,60,14,44,69,1.0,10.0,13.81,18.02,8.13,17.46
96,AVLV.K,Avantis US Large Cap Value ETF,5,60,14,44,69,1.0,10.0,13.81,0.0,9.26,17.8
96,DVY.O,iShares Select Dividend ETF,5,60,14,44,69,1.0,10.0,13.81,36.75,8.85,16.78
96,VLUE.K,iShares MSCI USA Value Factor ETF,5,60,14,44,69,1.0,10.0,13.81,12.76,8.6,18.61
96,DFAC.K,Dimensional U S Core Equity 2 ETF,5,60,14,44,69,1.0,10.0,13.81,14.99,8.2,17.32
96,EFG,iShares MSCI EAFE Growth ETF,5,60,14,44,69,1.0,10.0,13.81,12.71,6.88,17.93
96,ESGD.O,iShares ESG Aware MSCI EAFE ETF,5,60,14,44,69,1.0,10.0,13.81,12.05,6.91,17.17
96,SDY,SPDR S&P Dividend ETF,5,60,14,44,69,1.0,10.0,13.81,23.36,8.75,16.49
96,ICVT.K,iShares Convertible Bond ETF,5,60,14,44,69,1.0,10.0,13.81,12.82,6.6,16.08
96,DFUV.K,DFA Dimensional US Marketwide Value ETF,5,60,14,44,69,1.0,10.0,13.81,0.0,8.68,16.62
96,IHDG.K,WisdomTree International Hedged Qual Dividend Gro,5,60,14,44,69,1.0,10.0,13.81,11.75,7.5,15.93
96,EWL,Ishares Msci Switzerland ETF,5,60,14,44,69,1.0,10.0,13.81,13.36,7.69,17.03
96,VPU,Vanguard Utilities Index Fund;ETF,5,60,14,44,69,1.0,10.0,13.81,20.64,7.9,17.53
96,VIGI.O,Vanguard Intl Dividend Appreciation Index Fund;ETF,5,60,14,44,69,1.0,10.0,13.81,11.8,7.08,16.24
96,FUTY.K,Fidelity MSCI Utilities Index ETF,5,60,14,44,69,1.0,10.0,13.81,19.34,7.2,18.7
96,FXU,First Trust Utilities AlphaDEX Fund,5,60,14,44,69,1.0,10.0,13.81,4.06,7.29,17.3
96,DJD,Invesco Dow Jones Industrial Average Div ETF,5,60,14,44,69,1.0,10.0,13.81,7.78,8.96,17.31
96,IDHQ.K,Invesco S&P Internatnl Developed Quality ETF,5,60,14,44,69,1.0,10.0,13.81,10.06,7.24,18.46
96,IBGK.O,iShares iBonds Dec 2054 Term Treasury ETF,5,60,14,44,69,1.0,10.0,13.81,0.0,9.18,16.97
96,GLOF.K,iShares Global Equity Factor ETF,5,60,14,44,69,1.0,10.0,13.81,15.13,7.66,17.64
96,EBLU.K,Ecofin Global Water ESG Fund,5,60,14,44,69,1.0,10.0,13.81,10.26,9.46,17.33
96,DDIV.O,First Trust Dorsey Wright Momentum & Dividend ETF,5,60,14,44,69,1.0,10.0,13.81,13.23,6.92,18.71
96,RVER.K,Trenchless Fund ETF,5,60,14,44,69,1.0,10.0,13.81,0.0,6.94,18.05
96,DIEM.K,Franklin Emerging Market Core Dividend Tilt Ix ETF,5,60,14,44,69,1.0,10.0,13.81,0.0,8.45,16.01
96,ECLN.K,First Trust EIP Carbon Impact ETF,5,60,14,44,69,1.0,10.0,13.81,12.96,6.8,18.77
96,PUI.O,Invesco Dorsey Wright Utilities Momentum ETF,5,60,14,44,69,1.0,10.0,13.81,20.87,8.12,17.8
96,FMCX.K,FM Focus Equity ETF,5,60,14,44,69,1.0,10.0,13.81,0.0,8.06,17.02
96,XRLV.K,Invesco S&P 500 ex-Rate Sensitive LV ETF,5,60,14,44,69,1.0,10.0,13.81,0.0,8.91,16.04
96,KEM,KraneShares Dynamic Emerging Markets Strategy ETF,5,60,14,44,69,1.0,10.0,13.81,0.0,7.02,16.43
96,DFND.K,Siren DIVCON Dividend Defender ETF,5,60,14,44,69,1.0,10.0,13.81,6.09,7.37,16.75
96,HLGE.K,Hartford Longevity Economy ETF,5,60,14,44,69,1.0,10.0,13.81,13.61,7.52,16.4
96,EMSF.K,Matthews Emerging Markets Sustainable Ftr Actv ETF,5,60,14,44,69,1.0,10.0,13.81,0.0,8.49,18.29
96,JPSV.K,JPMorgan Active Small Cap Value ETF,5,60,14,44,69,1.0,10.0,13.81,0.0,7.51,16.6
96,WCEO.K,Hypatia Women CEO ETF,5,60,14,44,69,1.0,10.0,13.81,0.0,8.39,16.8
96,PCCE.K,Polen Capital China Growth ETF,5,60,14,44,69,1.0,10.0,13.81,0.0,7.06,18.69
96,CEFA.O,Global X S&P Catholic Values Developed ex-US ETF,5,60,14,44,69,1.0,10.0,13.81,10.66,6.9,16.61
96,PSCU.O,Invesco S&P SmallCap Utilities & Comm Svcs,5,60,14,44,69,1.0,10.0,13.81,8.55,6.82,18.04
96,KLDW.K,Knowledge Leaders Developed World ETF,5,60,14,44,69,1.0,10.0,13.81,14.2,8.21,16.78
96,PIO.O,Invesco Global Water ETF,5,60,14,44,69,1.0,10.0,13.81,13.67,8.25,18.67
96,FBOT.O,Fidelity Disruptive Automation ETF,5,60,14,44,69,1.0,10.0,13.81,0.0,6.88,16.49
96,VALQ.K,American Century US Quality Value ETF,5,60,14,44,69,1.0,10.0,13.81,11.91,7.11,18.57
96,DGT,SPDR Global Dow ETF,5,60,14,44,69,1.0,10.0,13.81,12.61,8.55,17.36
96,IPKW.O,Invesco International BuyBack Achievers ETF,5,60,14,44,69,1.0,10.0,13.81,16.02,6.48,17.45
96,FVC.O,First Trust Dorsey Wright Dynamic Focus 5 ETF,5,60,14,44,69,1.0,10.0,13.81,12.88,8.69,17.6
96,EASG.K,Xtrackers MSCI EAFE ESG Leaders Equity ETF,5,60,14,44,69,1.0,10.0,13.81,20.81,7.14,18.94
96,DGIN.K,VanEck Digital India ETF,5,60,14,44,69,1.0,10.0,13.81,46.32,8.42,18.66
96,FLSW.K,Franklin FTSE Switzerland ETF,5,60,14,44,69,1.0,10.0,13.81,6.24,7.11,17.35
96,FSZ.O,First Trust Switzerland AlphaDEX Fund,5,60,14,44,69,1.0,10.0,13.81,12.85,8.14,18.41
96,GVLU.K,Gotham 1000 Value ETF,5,60,14,44,69,1.0,10.0,13.81,0.0,8.72,18.29
96,RAYD.K,Rayliant Quantitative Developed Market Equity ETF,5,60,14,44,69,1.0,10.0,13.81,22.85,8.75,16.45
96,IVRA.K,Invesco Real Assets ESG ETF,5,60,14,44,69,1.0,10.0,13.81,6.52,7.68,17.81
96,TSLH.K,Innovator Hedged TSLA Strategy ETF,5,60,14,44,69,1.0,10.0,13.81,135.56,7.61,18.42
96,CBLS.K,Clough Hedged Equity ETF,5,60,14,44,69,1.0,10.0,13.81,12.42,8.19,16.06
96,SDG.O,iShares MSCI Global Sustainable Development Goals,5,60,14,44,69,1.0,10.0,13.81,3.09,7.1,16.69
96,XLU,Utilities Select Sector SPDR Fund,5,60,14,44,69,1.0,10.0,13.81,18.59,7.76,17.66
96,XDQQ.K,Innovator Growth Accelerated ETF - Quarterly,5,60,14,49,69,1.0,10.0,13.2,17.94,8.26,19.4
96,PEY.O,Invesco High Yield Equity Dividend Achvrs ETF,5,60,14,49,69,1.0,10.0,13.2,18.02,8.13,17.46
96,IQDG.K,WisdomTree International Quality Dividend Growth,5,60,14,49,69,1.0,10.0,13.2,14.77,6.88,17.43
96,SPGM.K,SPDR Portfolio MSCI Global Stock Market ETF,5,60,14,49,69,1.0,10.0,13.2,13.44,9.21,17.65
96,NULV.K,Nuveen ESG Large-Cap Value ETF,5,60,14,49,69,1.0,10.0,13.2,16.1,7.25,17.78
96,XMLV.K,Invesco S&P MidCap Low Volatility ETF,5,60,14,49,69,1.0,10.0,13.2,6.17,8.42,16.26
96,REGL.K,ProShares S&P MidCap 400 Dividend Aristocrats ETF,5,60,14,49,69,1.0,10.0,13.2,8.26,8.27,18.41
96,EWJV.O,iShares MSCI Japan Value ETF,5,60,14,49,69,1.0,10.0,13.2,10.74,7.14,17.83
96,DMXF.O,iShares ESG Advanced MSCI EAFE ETF,5,60,14,49,69,1.0,10.0,13.2,12.01,8.92,17.13
96,ROUS.K,Hartford Multifactor US Equity ETF,5,60,14,49,69,1.0,10.0,13.2,13.04,8.84,17.12
96,EQAL.K,Invesco Russell 1000 Equal Weight ETF,5,60,14,49,69,1.0,10.0,13.2,11.73,7.96,18.98
96,KJAN.K,Innovator US Small Cap Power Buffer ETF - January,5,60,14,49,69,1.0,10.0,13.2,8.61,7.44,16.26
96,SMMV.K,iShares MSCI USA Small-Cap Min Vol Factor ETF,5,60,14,49,69,1.0,10.0,13.2,6.95,6.93,16.34
96,QYLG.O,Global X Nasdaq 100 Covered Call & Growth ETF,5,60,14,49,69,1.0,10.0,13.2,4.09,6.66,18.14
96,WTV,WisdomTree US Value Fund,5,60,14,49,69,1.0,10.0,13.2,21.71,7.11,18.31
96,JIG,JPMorgan International Growth ETF,5,60,14,49,69,1.0,10.0,13.2,10.53,7.83,19.01
96,CRBN.K,iShares MSCI ACWI Low Carbon Target ETF,5,60,14,49,69,1.0,10.0,13.2,15.71,8.75,16.71
96,SDOG.K,ALPS Sector Dividend Dogs ETF,5,60,14,49,69,1.0,10.0,13.2,9.82,7.9,18.15
96,DFUV.K,DFA Dimensional US Marketwide Value ETF,5,60,14,49,69,1.0,10.0,13.2,21.56,8.68,16.62
96,IBGK.O,iShares iBonds Dec 2054 Term Treasury ETF,5,60,14,49,69,1.0,10.0,13.2,0.0,9.18,16.97
96,FXU,First Trust Utilities AlphaDEX Fund,5,60,14,49,69,1.0,10.0,13.2,4.06,7.29,17.3
96,ACWI.O,iShares MSCI ACWI ETF,5,60,14,49,69,1.0,10.0,13.2,13.83,9.39,17.16
96,VT,Vanguard Total World Stock Index Fund;ETF,5,60,14,49,69,1.0,10.0,13.2,13.06,9.19,17.33
96,DVY.O,iShares Select Dividend ETF,5,60,14,49,69,1.0,10.0,13.2,10.92,8.85,16.78
96,VLUE.K,iShares MSCI USA Value Factor ETF,5,60,14,49,69,1.0,10.0,13.2,10.49,8.6,18.61
96,DFAC.K,Dimensional U S Core Equity 2 ETF,5,60,14,49,69,1.0,10.0,13.2,14.99,8.2,17.32
96,EFG,iShares MSCI EAFE Growth ETF,5,60,14,49,69,1.0,10.0,13.2,11.67,6.88,17.93
96,ESGD.O,iShares ESG Aware MSCI EAFE ETF,5,60,14,49,69,1.0,10.0,13.2,12.05,6.91,17.17
96,SDY,SPDR S&P Dividend ETF,5,60,14,49,69,1.0,10.0,13.2,10.75,8.75,16.49
96,AVLV.K,Avantis US Large Cap Value ETF,5,60,14,49,69,1.0,10.0,13.2,20.78,9.26,17.8
96,ICVT.K,iShares Convertible Bond ETF,5,60,14,49,69,1.0,10.0,13.2,7.62,6.6,16.08
96,IHDG.K,WisdomTree International Hedged Qual Dividend Gro,5,60,14,49,69,1.0,10.0,13.2,11.75,7.5,15.93
96,EWL,Ishares Msci Switzerland ETF,5,60,14,49,69,1.0,10.0,13.2,9.98,7.69,17.03
96,VPU,Vanguard Utilities Index Fund;ETF,5,60,14,49,69,1.0,10.0,13.2,6.81,7.9,17.53
96,VIGI.O,Vanguard Intl Dividend Appreciation Index Fund;ETF,5,60,14,49,69,1.0,10.0,13.2,11.8,7.08,16.24
96,FUTY.K,Fidelity MSCI Utilities Index ETF,5,60,14,49,69,1.0,10.0,13.2,7.04,7.2,18.7
96,DJD,Invesco Dow Jones Industrial Average Div ETF,5,60,14,49,69,1.0,10.0,13.2,17.29,8.96,17.31
96,SDG.O,iShares MSCI Global Sustainable Development Goals,5,60,14,49,69,1.0,10.0,13.2,3.09,7.1,16.69
96,STXK.K,Strive Small Cap ETF,5,60,14,49,69,1.0,10.0,13.2,0.0,8.6,18.65
96,IDHQ.K,Invesco S&P Internatnl Developed Quality ETF,5,60,14,49,69,1.0,10.0,13.2,10.06,7.24,18.46
96,CEFA.O,Global X S&P Catholic Values Developed ex-US ETF,5,60,14,49,69,1.0,10.0,13.2,10.66,6.9,16.61
96,EBLU.K,Ecofin Global Water ESG Fund,5,60,14,49,69,1.0,10.0,13.2,10.26,9.46,17.33
96,DDIV.O,First Trust Dorsey Wright Momentum & Dividend ETF,5,60,14,49,69,1.0,10.0,13.2,10.89,6.92,18.71
96,RVER.K,Trenchless Fund ETF,5,60,14,49,69,1.0,10.0,13.2,0.0,6.94,18.05
96,DIEM.K,Franklin Emerging Market Core Dividend Tilt Ix ETF,5,60,14,49,69,1.0,10.0,13.2,29.15,8.45,16.01
96,ECLN.K,First Trust EIP Carbon Impact ETF,5,60,14,49,69,1.0,10.0,13.2,12.96,6.8,18.77
96,PUI.O,Invesco Dorsey Wright Utilities Momentum ETF,5,60,14,49,69,1.0,10.0,13.2,8.68,8.12,17.8
96,FMCX.K,FM Focus Equity ETF,5,60,14,49,69,1.0,10.0,13.2,51.29,8.06,17.02
96,XRLV.K,Invesco S&P 500 ex-Rate Sensitive LV ETF,5,60,14,49,69,1.0,10.0,13.2,25.61,8.91,16.04
96,KEM,KraneShares Dynamic Emerging Markets Strategy ETF,5,60,14,49,69,1.0,10.0,13.2,0.0,7.02,16.43
96,DFND.K,Siren DIVCON Dividend Defender ETF,5,60,14,49,69,1.0,10.0,13.2,6.09,7.37,16.75
96,HLGE.K,Hartford Longevity Economy ETF,5,60,14,49,69,1.0,10.0,13.2,13.61,7.52,16.4
96,EMSF.K,Matthews Emerging Markets Sustainable Ftr Actv ETF,5,60,14,49,69,1.0,10.0,13.2,0.0,8.49,18.29
96,JPSV.K,JPMorgan Active Small Cap Value ETF,5,60,14,49,69,1.0,10.0,13.2,0.0,7.51,16.6
96,WCEO.K,Hypatia Women CEO ETF,5,60,14,49,69,1.0,10.0,13.2,0.0,8.39,16.8
96,PSCU.O,Invesco S&P SmallCap Utilities & Comm Svcs,5,60,14,49,69,1.0,10.0,13.2,1.12,6.82,18.04
96,KLDW.K,Knowledge Leaders Developed World ETF,5,60,14,49,69,1.0,10.0,13.2,14.2,8.21,16.78
96,FLSW.K,Franklin FTSE Switzerland ETF,5,60,14,49,69,1.0,10.0,13.2,6.24,7.11,17.35
96,EASG.K,Xtrackers MSCI EAFE ESG Leaders Equity ETF,5,60,14,49,69,1.0,10.0,13.2,20.81,7.14,18.94
96,GLOF.K,iShares Global Equity Factor ETF,5,60,14,49,69,1.0,10.0,13.2,15.13,7.66,17.64
96,FBOT.O,Fidelity Disruptive Automation ETF,5,60,14,49,69,1.0,10.0,13.2,0.0,6.88,16.49
96,VALQ.K,American Century US Quality Value ETF,5,60,14,49,69,1.0,10.0,13.2,13.75,7.11,18.57
96,DGT,SPDR Global Dow ETF,5,60,14,49,69,1.0,10.0,13.2,12.88,8.55,17.36
96,IPKW.O,Invesco International BuyBack Achievers ETF,5,60,14,49,69,1.0,10.0,13.2,16.02,6.48,17.45
96,FVC.O,First Trust Dorsey Wright Dynamic Focus 5 ETF,5,60,14,49,69,1.0,10.0,13.2,12.88,8.69,17.6
96,PIO.O,Invesco Global Water ETF,5,60,14,49,69,1.0,10.0,13.2,13.67,8.25,18.67
96,CBLS.K,Clough Hedged Equity ETF,5,60,14,49,69,1.0,10.0,13.2,12.42,8.19,16.06
96,DGIN.K,VanEck Digital India ETF,5,60,14,49,69,1.0,10.0,13.2,46.32,8.42,18.66
96,FSZ.O,First Trust Switzerland AlphaDEX Fund,5,60,14,49,69,1.0,10.0,13.2,11.59,8.14,18.41
96,GVLU.K,Gotham 1000 Value ETF,5,60,14,49,69,1.0,10.0,13.2,0.0,8.72,18.29
96,RAYD.K,Rayliant Quantitative Developed Market Equity ETF,5,60,14,49,69,1.0,10.0,13.2,22.85,8.75,16.45
96,IVRA.K,Invesco Real Assets ESG ETF,5,60,14,49,69,1.0,10.0,13.2,-0.96,7.68,17.81
96,TSLH.K,Innovator Hedged TSLA Strategy ETF,5,60,14,49,69,1.0,10.0,13.2,135.56,7.61,18.42
96,XLU,Utilities Select Sector SPDR Fund,5,60,14,49,69,1.0,10.0,13.2,7.05,7.76,17.66
96,PCCE.K,Polen Capital China Growth ETF,5,60,14,49,69,1.0,10.0,13.2,0.0,7.06,18.69
96,ACWI.O,iShares MSCI ACWI ETF,5,60,14,39,54,1.0,10.0,12.86,26.83,9.39,17.16
96,FLSW.K,Franklin FTSE Switzerland ETF,5,60,14,39,54,1.0,10.0,12.86,0.0,7.11,17.35
96,TSLH.K,Innovator Hedged TSLA Strategy ETF,5,60,14,39,54,1.0,10.0,12.86,0.0,7.61,18.42
96,IVRA.K,Invesco Real Assets ESG ETF,5,60,14,39,54,1.0,10.0,12.86,0.0,7.68,17.81
96,RAYD.K,Rayliant Quantitative Developed Market Equity ETF,5,60,14,39,54,1.0,10.0,12.86,0.0,8.75,16.45
96,GVLU.K,Gotham 1000 Value ETF,5,60,14,39,54,1.0,10.0,12.86,0.0,8.72,18.29
96,FSZ.O,First Trust Switzerland AlphaDEX Fund,5,60,14,39,54,1.0,10.0,12.86,49.58,8.14,18.41
96,DGIN.K,VanEck Digital India ETF,5,60,14,39,54,1.0,10.0,12.86,47.52,8.42,18.66
96,PIO.O,Invesco Global Water ETF,5,60,14,39,54,1.0,10.0,12.86,9.28,8.25,18.67
96,EASG.K,Xtrackers MSCI EAFE ESG Leaders Equity ETF,5,60,14,39,54,1.0,10.0,12.86,46.22,7.14,18.94
96,FVC.O,First Trust Dorsey Wright Dynamic Focus 5 ETF,5,60,14,39,54,1.0,10.0,12.86,29.99,8.69,17.6
96,IPKW.O,Invesco International BuyBack Achievers ETF,5,60,14,39,54,1.0,10.0,12.86,27.73,6.48,17.45
96,DGT,SPDR Global Dow ETF,5,60,14,39,54,1.0,10.0,12.86,7.94,8.55,17.36
96,VALQ.K,American Century US Quality Value ETF,5,60,14,39,54,1.0,10.0,12.86,0.0,7.11,18.57
96,FBOT.O,Fidelity Disruptive Automation ETF,5,60,14,39,54,1.0,10.0,12.86,0.0,6.88,16.49
96,GLOF.K,iShares Global Equity Factor ETF,5,60,14,39,54,1.0,10.0,12.86,31.83,7.66,17.64
96,IDHQ.K,Invesco S&P Internatnl Developed Quality ETF,5,60,14,39,54,1.0,10.0,12.86,11.46,7.24,18.46
96,CBLS.K,Clough Hedged Equity ETF,5,60,14,39,54,1.0,10.0,12.86,4.67,8.19,16.06
96,KLDW.K,Knowledge Leaders Developed World ETF,5,60,14,39,54,1.0,10.0,12.86,18.21,8.21,16.78
96,VT,Vanguard Total World Stock Index Fund;ETF,5,60,14,39,54,1.0,10.0,12.86,22.38,9.19,17.33
96,PSCU.O,Invesco S&P SmallCap Utilities & Comm Svcs,5,60,14,39,54,1.0,10.0,12.86,9.86,6.82,18.04
96,WCEO.K,Hypatia Women CEO ETF,5,60,14,39,54,1.0,10.0,12.86,0.0,8.39,16.8
96,JPSV.K,JPMorgan Active Small Cap Value ETF,5,60,14,39,54,1.0,10.0,12.86,0.0,7.51,16.6
96,EMSF.K,Matthews Emerging Markets Sustainable Ftr Actv ETF,5,60,14,39,54,1.0,10.0,12.86,0.0,8.49,18.29
96,HLGE.K,Hartford Longevity Economy ETF,5,60,14,39,54,1.0,10.0,12.86,9.99,7.52,16.4
96,DFND.K,Siren DIVCON Dividend Defender ETF,5,60,14,39,54,1.0,10.0,12.86,0.0,7.37,16.75
96,KEM,KraneShares Dynamic Emerging Markets Strategy ETF,5,60,14,39,54,1.0,10.0,12.86,0.0,7.02,16.43
96,XRLV.K,Invesco S&P 500 ex-Rate Sensitive LV ETF,5,60,14,39,54,1.0,10.0,12.86,0.0,8.91,16.04
96,FMCX.K,FM Focus Equity ETF,5,60,14,39,54,1.0,10.0,12.86,0.0,8.06,17.02
96,PUI.O,Invesco Dorsey Wright Utilities Momentum ETF,5,60,14,39,54,1.0,10.0,12.86,0.0,8.12,17.8
96,ECLN.K,First Trust EIP Carbon Impact ETF,5,60,14,39,54,1.0,10.0,12.86,0.0,6.8,18.77
96,DIEM.K,Franklin Emerging Market Core Dividend Tilt Ix ETF,5,60,14,39,54,1.0,10.0,12.86,0.0,8.45,16.01
96,RVER.K,Trenchless Fund ETF,5,60,14,39,54,1.0,10.0,12.86,0.0,6.94,18.05
96,DDIV.O,First Trust Dorsey Wright Momentum & Dividend ETF,5,60,14,39,54,1.0,10.0,12.86,51.35,6.92,18.71
96,EBLU.K,Ecofin Global Water ESG Fund,5,60,14,39,54,1.0,10.0,12.86,11.86,9.46,17.33
96,CEFA.O,Global X S&P Catholic Values Developed ex-US ETF,5,60,14,39,54,1.0,10.0,12.86,31.98,6.9,16.61
96,STXK.K,Strive Small Cap ETF,5,60,14,39,54,1.0,10.0,12.86,0.0,8.6,18.65
96,SDG.O,iShares MSCI Global Sustainable Development Goals,5,60,14,39,54,1.0,10.0,12.86,-1.8,7.1,16.69
96,DJD,Invesco Dow Jones Industrial Average Div ETF,5,60,14,39,54,1.0,10.0,12.86,0.0,8.96,17.31
96,PCCE.K,Polen Capital China Growth ETF,5,60,14,39,54,1.0,10.0,12.86,0.0,7.06,18.69
96,DFUV.K,DFA Dimensional US Marketwide Value ETF,5,60,14,39,54,1.0,10.0,12.86,0.0,8.68,16.62
96,FXU,First Trust Utilities AlphaDEX Fund,5,60,14,39,54,1.0,10.0,12.86,0.0,7.29,17.3
96,FUTY.K,Fidelity MSCI Utilities Index ETF,5,60,14,39,54,1.0,10.0,12.86,0.0,7.2,18.7
96,VIGI.O,Vanguard Intl Dividend Appreciation Index Fund;ETF,5,60,14,39,54,1.0,10.0,12.86,6.36,7.08,16.24
96,VPU,Vanguard Utilities Index Fund;ETF,5,60,14,39,54,1.0,10.0,12.86,0.0,7.9,17.53
96,EWL,Ishares Msci Switzerland ETF,5,60,14,39,54,1.0,10.0,12.86,0.0,7.69,17.03
96,IHDG.K,WisdomTree International Hedged Qual Dividend Gro,5,60,14,39,54,1.0,10.0,12.86,93.85,7.5,15.93
96,ICVT.K,iShares Convertible Bond ETF,5,60,14,39,54,1.0,10.0,12.86,5.72,6.6,16.08
96,AVLV.K,Avantis US Large Cap Value ETF,5,60,14,39,54,1.0,10.0,12.86,0.0,9.26,17.8
96,SDY,SPDR S&P Dividend ETF,5,60,14,39,54,1.0,10.0,12.86,0.0,8.75,16.49
96,ESGD.O,iShares ESG Aware MSCI EAFE ETF,5,60,14,39,54,1.0,10.0,12.86,39.43,6.91,17.17
96,EFG,iShares MSCI EAFE Growth ETF,5,60,14,39,54,1.0,10.0,12.86,15.31,6.88,17.93
96,DFAC.K,Dimensional U S Core Equity 2 ETF,5,60,14,39,54,1.0,10.0,12.86,0.0,8.2,17.32
96,VLUE.K,iShares MSCI USA Value Factor ETF,5,60,14,39,54,1.0,10.0,12.86,0.0,8.6,18.61
96,DVY.O,iShares Select Dividend ETF,5,60,14,39,54,1.0,10.0,12.86,39.06,8.85,16.78
96,PEY.O,Invesco High Yield Equity Dividend Achvrs ETF,5,60,14,39,54,1.0,10.0,12.86,40.21,8.13,17.46
96,SDOG.K,ALPS Sector Dividend Dogs ETF,5,60,14,39,54,1.0,10.0,12.86,59.13,7.9,18.15
96,IQDG.K,WisdomTree International Quality Dividend Growth,5,60,14,39,54,1.0,10.0,12.86,43.33,6.88,17.43
96,KJAN.K,Innovator US Small Cap Power Buffer ETF - January,5,60,14,39,54,1.0,10.0,12.86,0.0,7.44,16.26
96,XDQQ.K,Innovator Growth Accelerated ETF - Quarterly,5,60,14,39,54,1.0,10.0,12.86,12.59,8.26,19.4
96,CRBN.K,iShares MSCI ACWI Low Carbon Target ETF,5,60,14,39,54,1.0,10.0,12.86,14.1,8.75,16.71
96,JIG,JPMorgan International Growth ETF,5,60,14,39,54,1.0,10.0,12.86,8.44,7.83,19.01
96,WTV,WisdomTree US Value Fund,5,60,14,39,54,1.0,10.0,12.86,0.0,7.11,18.31
96,QYLG.O,Global X Nasdaq 100 Covered Call & Growth ETF,5,60,14,39,54,1.0,10.0,12.86,9.2,6.66,18.14
96,SMMV.K,iShares MSCI USA Small-Cap Min Vol Factor ETF,5,60,14,39,54,1.0,10.0,12.86,0.0,6.93,16.34
96,EQAL.K,Invesco Russell 1000 Equal Weight ETF,5,60,14,39,54,1.0,10.0,12.86,45.41,7.96,18.98
96,SPGM.K,SPDR Portfolio MSCI Global Stock Market ETF,5,60,14,39,54,1.0,10.0,12.86,22.41,9.21,17.65
96,ROUS.K,Hartford Multifactor US Equity ETF,5,60,14,39,54,1.0,10.0,12.86,0.0,8.84,17.12
96,DMXF.O,iShares ESG Advanced MSCI EAFE ETF,5,60,14,39,54,1.0,10.0,12.86,14.29,8.92,17.13
96,EWJV.O,iShares MSCI Japan Value ETF,5,60,14,39,54,1.0,10.0,12.86,26.52,7.14,17.83
96,REGL.K,ProShares S&P MidCap 400 Dividend Aristocrats ETF,5,60,14,39,54,1.0,10.0,12.86,0.0,8.27,18.41
96,XMLV.K,Invesco S&P MidCap Low Volatility ETF,5,60,14,39,54,1.0,10.0,12.86,22.25,8.42,16.26
96,NULV.K,Nuveen ESG Large-Cap Value ETF,5,60,14,39,54,1.0,10.0,12.86,0.0,7.25,17.78
96,XLU,Utilities Select Sector SPDR Fund,5,60,14,39,54,1.0,10.0,12.86,0.0,7.76,17.66
96,IBGK.O,iShares iBonds Dec 2054 Term Treasury ETF,5,60,14,39,54,1.0,10.0,12.86,0.0,9.18,16.97
96,XLU,Utilities Select Sector SPDR Fund,5,60,14,49,74,1.0,10.0,11.52,7.99,7.76,17.66
96,DGIN.K,VanEck Digital India ETF,5,60,14,49,74,1.0,10.0,11.52,37.74,8.42,18.66
96,FLSW.K,Franklin FTSE Switzerland ETF,5,60,14,49,74,1.0,10.0,11.52,6.24,7.11,17.35
96,CBLS.K,Clough Hedged Equity ETF,5,60,14,49,74,1.0,10.0,11.52,12.42,8.19,16.06
96,TSLH.K,Innovator Hedged TSLA Strategy ETF,5,60,14,49,74,1.0,10.0,11.52,135.56,7.61,18.42
96,IVRA.K,Invesco Real Assets ESG ETF,5,60,14,49,74,1.0,10.0,11.52,-0.96,7.68,17.81
96,RAYD.K,Rayliant Quantitative Developed Market Equity ETF,5,60,14,49,74,1.0,10.0,11.52,24.17,8.75,16.45
96,GVLU.K,Gotham 1000 Value ETF,5,60,14,49,74,1.0,10.0,11.52,0.0,8.72,18.29
96,FSZ.O,First Trust Switzerland AlphaDEX Fund,5,60,14,49,74,1.0,10.0,11.52,7.96,8.14,18.41
96,PIO.O,Invesco Global Water ETF,5,60,14,49,74,1.0,10.0,11.52,9.29,8.25,18.67
96,STXK.K,Strive Small Cap ETF,5,60,14,49,74,1.0,10.0,11.52,0.0,8.6,18.65
96,EASG.K,Xtrackers MSCI EAFE ESG Leaders Equity ETF,5,60,14,49,74,1.0,10.0,11.52,9.25,7.14,18.94
96,FVC.O,First Trust Dorsey Wright Dynamic Focus 5 ETF,5,60,14,49,74,1.0,10.0,11.52,13.63,8.69,17.6
96,IPKW.O,Invesco International BuyBack Achievers ETF,5,60,14,49,74,1.0,10.0,11.52,17.53,6.48,17.45
96,DGT,SPDR Global Dow ETF,5,60,14,49,74,1.0,10.0,11.52,8.24,8.55,17.36
96,VALQ.K,American Century US Quality Value ETF,5,60,14,49,74,1.0,10.0,11.52,7.14,7.11,18.57
96,FBOT.O,Fidelity Disruptive Automation ETF,5,60,14,49,74,1.0,10.0,11.52,0.0,6.88,16.49
96,GLOF.K,iShares Global Equity Factor ETF,5,60,14,49,74,1.0,10.0,11.52,10.12,7.66,17.64
96,ACWI.O,iShares MSCI ACWI ETF,5,60,14,49,74,1.0,10.0,11.52,11.53,9.39,17.16
96,PSCU.O,Invesco S&P SmallCap Utilities & Comm Svcs,5,60,14,49,74,1.0,10.0,11.52,-1.11,6.82,18.04
96,CEFA.O,Global X S&P Catholic Values Developed ex-US ETF,5,60,14,49,74,1.0,10.0,11.52,10.66,6.9,16.61
96,EBLU.K,Ecofin Global Water ESG Fund,5,60,14,49,74,1.0,10.0,11.52,10.26,9.46,17.33
96,IBGK.O,iShares iBonds Dec 2054 Term Treasury ETF,5,60,14,49,74,1.0,10.0,11.52,0.0,9.18,16.97
96,PCCE.K,Polen Capital China Growth ETF,5,60,14,49,74,1.0,10.0,11.52,0.0,7.06,18.69
96,WCEO.K,Hypatia Women CEO ETF,5,60,14,49,74,1.0,10.0,11.52,0.0,8.39,16.8
96,JPSV.K,JPMorgan Active Small Cap Value ETF,5,60,14,49,74,1.0,10.0,11.52,0.0,7.51,16.6
96,EMSF.K,Matthews Emerging Markets Sustainable Ftr Actv ETF,5,60,14,49,74,1.0,10.0,11.52,0.0,8.49,18.29
96,HLGE.K,Hartford Longevity Economy ETF,5,60,14,49,74,1.0,10.0,11.52,13.61,7.52,16.4
96,DFND.K,Siren DIVCON Dividend Defender ETF,5,60,14,49,74,1.0,10.0,11.52,6.09,7.37,16.75
96,KEM,KraneShares Dynamic Emerging Markets Strategy ETF,5,60,14,49,74,1.0,10.0,11.52,0.0,7.02,16.43
96,XRLV.K,Invesco S&P 500 ex-Rate Sensitive LV ETF,5,60,14,49,74,1.0,10.0,11.52,9.31,8.91,16.04
96,FMCX.K,FM Focus Equity ETF,5,60,14,49,74,1.0,10.0,11.52,28.7,8.06,17.02
96,PUI.O,Invesco Dorsey Wright Utilities Momentum ETF,5,60,14,49,74,1.0,10.0,11.52,9.52,8.12,17.8
96,ECLN.K,First Trust EIP Carbon Impact ETF,5,60,14,49,74,1.0,10.0,11.52,12.96,6.8,18.77
96,DIEM.K,Franklin Emerging Market Core Dividend Tilt Ix ETF,5,60,14,49,74,1.0,10.0,11.52,29.15,8.45,16.01
96,RVER.K,Trenchless Fund ETF,5,60,14,49,74,1.0,10.0,11.52,0.0,6.94,18.05
96,DDIV.O,First Trust Dorsey Wright Momentum & Dividend ETF,5,60,14,49,74,1.0,10.0,11.52,8.35,6.92,18.71
96,IDHQ.K,Invesco S&P Internatnl Developed Quality ETF,5,60,14,49,74,1.0,10.0,11.52,7.41,7.24,18.46
96,KLDW.K,Knowledge Leaders Developed World ETF,5,60,14,49,74,1.0,10.0,11.52,14.94,8.21,16.78
96,SDG.O,iShares MSCI Global Sustainable Development Goals,5,60,14,49,74,1.0,10.0,11.52,8.79,7.1,16.69
96,PEY.O,Invesco High Yield Equity Dividend Achvrs ETF,5,60,14,49,74,1.0,10.0,11.52,9.78,8.13,17.46
96,FXU,First Trust Utilities AlphaDEX Fund,5,60,14,49,74,1.0,10.0,11.52,4.06,7.29,17.3
96,FUTY.K,Fidelity MSCI Utilities Index ETF,5,60,14,49,74,1.0,10.0,11.52,7.26,7.2,18.7
96,VIGI.O,Vanguard Intl Dividend Appreciation Index Fund;ETF,5,60,14,49,74,1.0,10.0,11.52,13.01,7.08,16.24
96,VPU,Vanguard Utilities Index Fund;ETF,5,60,14,49,74,1.0,10.0,11.52,7.02,7.9,17.53
96,EWL,Ishares Msci Switzerland ETF,5,60,14,49,74,1.0,10.0,11.52,10.03,7.69,17.03
96,IHDG.K,WisdomTree International Hedged Qual Dividend Gro,5,60,14,49,74,1.0,10.0,11.52,8.92,7.5,15.93
96,AVLV.K,Avantis US Large Cap Value ETF,5,60,14,49,74,1.0,10.0,11.52,20.78,9.26,17.8
96,SDY,SPDR S&P Dividend ETF,5,60,14,49,74,1.0,10.0,11.52,8.56,8.75,16.49
96,ESGD.O,iShares ESG Aware MSCI EAFE ETF,5,60,14,49,74,1.0,10.0,11.52,5.36,6.91,17.17
96,EFG,iShares MSCI EAFE Growth ETF,5,60,14,49,74,1.0,10.0,11.52,10.49,6.88,17.93
96,DFAC.K,Dimensional U S Core Equity 2 ETF,5,60,14,49,74,1.0,10.0,11.52,14.99,8.2,17.32
96,VLUE.K,iShares MSCI USA Value Factor ETF,5,60,14,49,74,1.0,10.0,11.52,6.62,8.6,18.61
96,DVY.O,iShares Select Dividend ETF,5,60,14,49,74,1.0,10.0,11.52,6.22,8.85,16.78
96,VT,Vanguard Total World Stock Index Fund;ETF,5,60,14,49,74,1.0,10.0,11.52,11.13,9.19,17.33
96,DJD,Invesco Dow Jones Industrial Average Div ETF,5,60,14,49,74,1.0,10.0,11.52,9.27,8.96,17.31
96,DFUV.K,DFA Dimensional US Marketwide Value ETF,5,60,14,49,74,1.0,10.0,11.52,21.56,8.68,16.62
96,ICVT.K,iShares Convertible Bond ETF,5,60,14,49,74,1.0,10.0,11.52,10.15,6.6,16.08
96,SDOG.K,ALPS Sector Dividend Dogs ETF,5,60,14,49,74,1.0,10.0,11.52,6.53,7.9,18.15
96,EQAL.K,Invesco Russell 1000 Equal Weight ETF,5,60,14,49,74,1.0,10.0,11.52,13.19,7.96,18.98
96,IQDG.K,WisdomTree International Quality Dividend Growth,5,60,14,49,74,1.0,10.0,11.52,15.42,6.88,17.43
96,CRBN.K,iShares MSCI ACWI Low Carbon Target ETF,5,60,14,49,74,1.0,10.0,11.52,16.04,8.75,16.71
96,JIG,JPMorgan International Growth ETF,5,60,14,49,74,1.0,10.0,11.52,10.53,7.83,19.01
96,WTV,WisdomTree US Value Fund,5,60,14,49,74,1.0,10.0,11.52,21.71,7.11,18.31
96,QYLG.O,Global X Nasdaq 100 Covered Call & Growth ETF,5,60,14,49,74,1.0,10.0,11.52,4.09,6.66,18.14
96,SMMV.K,iShares MSCI USA Small-Cap Min Vol Factor ETF,5,60,14,49,74,1.0,10.0,11.52,6.95,6.93,16.34
96,KJAN.K,Innovator US Small Cap Power Buffer ETF - January,5,60,14,49,74,1.0,10.0,11.52,8.61,7.44,16.26
96,XDQQ.K,Innovator Growth Accelerated ETF - Quarterly,5,60,14,49,74,1.0,10.0,11.52,17.94,8.26,19.4
96,ROUS.K,Hartford Multifactor US Equity ETF,5,60,14,49,74,1.0,10.0,11.52,13.96,8.84,17.12
96,DMXF.O,iShares ESG Advanced MSCI EAFE ETF,5,60,14,49,74,1.0,10.0,11.52,12.01,8.92,17.13
96,EWJV.O,iShares MSCI Japan Value ETF,5,60,14,49,74,1.0,10.0,11.52,10.49,7.14,17.83
96,REGL.K,ProShares S&P MidCap 400 Dividend Aristocrats ETF,5,60,14,49,74,1.0,10.0,11.52,5.34,8.27,18.41
96,XMLV.K,Invesco S&P MidCap Low Volatility ETF,5,60,14,49,74,1.0,10.0,11.52,6.17,8.42,16.26
96,NULV.K,Nuveen ESG Large-Cap Value ETF,5,60,14,49,74,1.0,10.0,11.52,8.95,7.25,17.78
96,SPGM.K,SPDR Portfolio MSCI Global Stock Market ETF,5,60,14,49,74,1.0,10.0,11.52,14.21,9.21,17.65
96,ROUS.K,Hartford Multifactor US Equity ETF,5,60,14,44,74,1.0,10.0,10.93,15.4,8.84,17.12
96,IQDG.K,WisdomTree International Quality Dividend Growth,5,60,14,44,74,1.0,10.0,10.93,15.42,6.88,17.43
96,SPGM.K,SPDR Portfolio MSCI Global Stock Market ETF,5,60,14,44,74,1.0,10.0,10.93,15.95,9.21,17.65
96,NULV.K,Nuveen ESG Large-Cap Value ETF,5,60,14,44,74,1.0,10.0,10.93,8.95,7.25,17.78
96,XMLV.K,Invesco S&P MidCap Low Volatility ETF,5,60,14,44,74,1.0,10.0,10.93,6.17,8.42,16.26
96,REGL.K,ProShares S&P MidCap 400 Dividend Aristocrats ETF,5,60,14,44,74,1.0,10.0,10.93,9.87,8.27,18.41
96,EWJV.O,iShares MSCI Japan Value ETF,5,60,14,44,74,1.0,10.0,10.93,10.49,7.14,17.83
96,DMXF.O,iShares ESG Advanced MSCI EAFE ETF,5,60,14,44,74,1.0,10.0,10.93,12.01,8.92,17.13
96,QYLG.O,Global X Nasdaq 100 Covered Call & Growth ETF,5,60,14,44,74,1.0,10.0,10.93,4.09,6.66,18.14
96,EQAL.K,Invesco Russell 1000 Equal Weight ETF,5,60,14,44,74,1.0,10.0,10.93,18.64,7.96,18.98
96,KJAN.K,Innovator US Small Cap Power Buffer ETF - January,5,60,14,44,74,1.0,10.0,10.93,8.61,7.44,16.26
96,SMMV.K,iShares MSCI USA Small-Cap Min Vol Factor ETF,5,60,14,44,74,1.0,10.0,10.93,6.95,6.93,16.34
96,PEY.O,Invesco High Yield Equity Dividend Achvrs ETF,5,60,14,44,74,1.0,10.0,10.93,9.78,8.13,17.46
96,WTV,WisdomTree US Value Fund,5,60,14,44,74,1.0,10.0,10.93,0.0,7.11,18.31
96,JIG,JPMorgan International Growth ETF,5,60,14,44,74,1.0,10.0,10.93,10.53,7.83,19.01
96,CRBN.K,iShares MSCI ACWI Low Carbon Target ETF,5,60,14,44,74,1.0,10.0,10.93,16.04,8.75,16.71
96,XDQQ.K,Innovator Growth Accelerated ETF - Quarterly,5,60,14,44,74,1.0,10.0,10.93,17.94,8.26,19.4
96,SDOG.K,ALPS Sector Dividend Dogs ETF,5,60,14,44,74,1.0,10.0,10.93,10.83,7.9,18.15
96,XLU,Utilities Select Sector SPDR Fund,5,60,14,44,74,1.0,10.0,10.93,18.59,7.76,17.66
96,DFUV.K,DFA Dimensional US Marketwide Value ETF,5,60,14,44,74,1.0,10.0,10.93,0.0,8.68,16.62
96,FXU,First Trust Utilities AlphaDEX Fund,5,60,14,44,74,1.0,10.0,10.93,4.06,7.29,17.3
96,ACWI.O,iShares MSCI ACWI ETF,5,60,14,44,74,1.0,10.0,10.93,11.53,9.39,17.16
96,VT,Vanguard Total World Stock Index Fund;ETF,5,60,14,44,74,1.0,10.0,10.93,11.13,9.19,17.33
96,DVY.O,iShares Select Dividend ETF,5,60,14,44,74,1.0,10.0,10.93,10.79,8.85,16.78
96,VLUE.K,iShares MSCI USA Value Factor ETF,5,60,14,44,74,1.0,10.0,10.93,7.91,8.6,18.61
96,DFAC.K,Dimensional U S Core Equity 2 ETF,5,60,14,44,74,1.0,10.0,10.93,14.99,8.2,17.32
96,EFG,iShares MSCI EAFE Growth ETF,5,60,14,44,74,1.0,10.0,10.93,10.49,6.88,17.93
96,ESGD.O,iShares ESG Aware MSCI EAFE ETF,5,60,14,44,74,1.0,10.0,10.93,5.36,6.91,17.17
96,SDY,SPDR S&P Dividend ETF,5,60,14,44,74,1.0,10.0,10.93,10.97,8.75,16.49
96,AVLV.K,Avantis US Large Cap Value ETF,5,60,14,44,74,1.0,10.0,10.93,0.0,9.26,17.8
96,ICVT.K,iShares Convertible Bond ETF,5,60,14,44,74,1.0,10.0,10.93,15.6,6.6,16.08
96,IHDG.K,WisdomTree International Hedged Qual Dividend Gro,5,60,14,44,74,1.0,10.0,10.93,8.92,7.5,15.93
96,EWL,Ishares Msci Switzerland ETF,5,60,14,44,74,1.0,10.0,10.93,11.24,7.69,17.03
96,VPU,Vanguard Utilities Index Fund;ETF,5,60,14,44,74,1.0,10.0,10.93,20.64,7.9,17.53
96,VIGI.O,Vanguard Intl Dividend Appreciation Index Fund;ETF,5,60,14,44,74,1.0,10.0,10.93,13.01,7.08,16.24
96,FUTY.K,Fidelity MSCI Utilities Index ETF,5,60,14,44,74,1.0,10.0,10.93,19.34,7.2,18.7
96,DJD,Invesco Dow Jones Industrial Average Div ETF,5,60,14,44,74,1.0,10.0,10.93,7.78,8.96,17.31
96,SDG.O,iShares MSCI Global Sustainable Development Goals,5,60,14,44,74,1.0,10.0,10.93,8.79,7.1,16.69
96,STXK.K,Strive Small Cap ETF,5,60,14,44,74,1.0,10.0,10.93,0.0,8.6,18.65
96,PSCU.O,Invesco S&P SmallCap Utilities & Comm Svcs,5,60,14,44,74,1.0,10.0,10.93,1.19,6.82,18.04
96,EBLU.K,Ecofin Global Water ESG Fund,5,60,14,44,74,1.0,10.0,10.93,10.26,9.46,17.33
96,DDIV.O,First Trust Dorsey Wright Momentum & Dividend ETF,5,60,14,44,74,1.0,10.0,10.93,8.35,6.92,18.71
96,RVER.K,Trenchless Fund ETF,5,60,14,44,74,1.0,10.0,10.93,0.0,6.94,18.05
96,DIEM.K,Franklin Emerging Market Core Dividend Tilt Ix ETF,5,60,14,44,74,1.0,10.0,10.93,0.0,8.45,16.01
96,ECLN.K,First Trust EIP Carbon Impact ETF,5,60,14,44,74,1.0,10.0,10.93,12.96,6.8,18.77
96,PUI.O,Invesco Dorsey Wright Utilities Momentum ETF,5,60,14,44,74,1.0,10.0,10.93,20.87,8.12,17.8
96,XRLV.K,Invesco S&P 500 ex-Rate Sensitive LV ETF,5,60,14,44,74,1.0,10.0,10.93,0.0,8.91,16.04
96,KEM,KraneShares Dynamic Emerging Markets Strategy ETF,5,60,14,44,74,1.0,10.0,10.93,0.0,7.02,16.43
96,DFND.K,Siren DIVCON Dividend Defender ETF,5,60,14,44,74,1.0,10.0,10.93,6.09,7.37,16.75
96,HLGE.K,Hartford Longevity Economy ETF,5,60,14,44,74,1.0,10.0,10.93,13.61,7.52,16.4
96,EMSF.K,Matthews Emerging Markets Sustainable Ftr Actv ETF,5,60,14,44,74,1.0,10.0,10.93,0.0,8.49,18.29
96,JPSV.K,JPMorgan Active Small Cap Value ETF,5,60,14,44,74,1.0,10.0,10.93,0.0,7.51,16.6
96,WCEO.K,Hypatia Women CEO ETF,5,60,14,44,74,1.0,10.0,10.93,0.0,8.39,16.8
96,PCCE.K,Polen Capital China Growth ETF,5,60,14,44,74,1.0,10.0,10.93,0.0,7.06,18.69
96,IBGK.O,iShares iBonds Dec 2054 Term Treasury ETF,5,60,14,44,74,1.0,10.0,10.93,0.0,9.18,16.97
96,CEFA.O,Global X S&P Catholic Values Developed ex-US ETF,5,60,14,44,74,1.0,10.0,10.93,10.66,6.9,16.61
96,FMCX.K,FM Focus Equity ETF,5,60,14,44,74,1.0,10.0,10.93,0.0,8.06,17.02
96,KLDW.K,Knowledge Leaders Developed World ETF,5,60,14,44,74,1.0,10.0,10.93,14.94,8.21,16.78
96,PIO.O,Invesco Global Water ETF,5,60,14,44,74,1.0,10.0,10.93,9.29,8.25,18.67
96,FLSW.K,Franklin FTSE Switzerland ETF,5,60,14,44,74,1.0,10.0,10.93,6.24,7.11,17.35
96,FBOT.O,Fidelity Disruptive Automation ETF,5,60,14,44,74,1.0,10.0,10.93,0.0,6.88,16.49
96,VALQ.K,American Century US Quality Value ETF,5,60,14,44,74,1.0,10.0,10.93,7.14,7.11,18.57
96,DGT,SPDR Global Dow ETF,5,60,14,44,74,1.0,10.0,10.93,8.24,8.55,17.36
96,IPKW.O,Invesco International BuyBack Achievers ETF,5,60,14,44,74,1.0,10.0,10.93,17.53,6.48,17.45
96,FVC.O,First Trust Dorsey Wright Dynamic Focus 5 ETF,5,60,14,44,74,1.0,10.0,10.93,13.63,8.69,17.6
96,EASG.K,Xtrackers MSCI EAFE ESG Leaders Equity ETF,5,60,14,44,74,1.0,10.0,10.93,9.25,7.14,18.94
96,GLOF.K,iShares Global Equity Factor ETF,5,60,14,44,74,1.0,10.0,10.93,10.12,7.66,17.64
96,DGIN.K,VanEck Digital India ETF,5,60,14,44,74,1.0,10.0,10.93,37.74,8.42,18.66
96,IVRA.K,Invesco Real Assets ESG ETF,5,60,14,44,74,1.0,10.0,10.93,6.52,7.68,17.81
96,CBLS.K,Clough Hedged Equity ETF,5,60,14,44,74,1.0,10.0,10.93,12.42,8.19,16.06
96,TSLH.K,Innovator Hedged TSLA Strategy ETF,5,60,14,44,74,1.0,10.0,10.93,135.56,7.61,18.42
96,IDHQ.K,Invesco S&P Internatnl Developed Quality ETF,5,60,14,44,74,1.0,10.0,10.93,7.41,7.24,18.46
96,RAYD.K,Rayliant Quantitative Developed Market Equity ETF,5,60,14,44,74,1.0,10.0,10.93,24.17,8.75,16.45
96,FSZ.O,First Trust Switzerland AlphaDEX Fund,5,60,14,44,74,1.0,10.0,10.93,6.64,8.14,18.41
96,GVLU.K,Gotham 1000 Value ETF,5,60,14,44,74,1.0,10.0,10.93,0.0,8.72,18.29
96,FVC.O,First Trust Dorsey Wright Dynamic Focus 5 ETF,5,60,14,49,79,1.0,10.0,10.42,6.55,8.69,17.6
96,IVRA.K,Invesco Real Assets ESG ETF,5,60,14,49,79,1.0,10.0,10.42,-0.96,7.68,17.81
96,RAYD.K,Rayliant Quantitative Developed Market Equity ETF,5,60,14,49,79,1.0,10.0,10.42,24.17,8.75,16.45
96,GVLU.K,Gotham 1000 Value ETF,5,60,14,49,79,1.0,10.0,10.42,0.0,8.72,18.29
96,FSZ.O,First Trust Switzerland AlphaDEX Fund,5,60,14,49,79,1.0,10.0,10.42,8.78,8.14,18.41
96,DGIN.K,VanEck Digital India ETF,5,60,14,49,79,1.0,10.0,10.42,37.74,8.42,18.66
96,PIO.O,Invesco Global Water ETF,5,60,14,49,79,1.0,10.0,10.42,9.94,8.25,18.67
96,EASG.K,Xtrackers MSCI EAFE ESG Leaders Equity ETF,5,60,14,49,79,1.0,10.0,10.42,9.25,7.14,18.94
96,IPKW.O,Invesco International BuyBack Achievers ETF,5,60,14,49,79,1.0,10.0,10.42,8.57,6.48,17.45
96,DGT,SPDR Global Dow ETF,5,60,14,49,79,1.0,10.0,10.42,8.74,8.55,17.36
96,VALQ.K,American Century US Quality Value ETF,5,60,14,49,79,1.0,10.0,10.42,7.14,7.11,18.57
96,TSLH.K,Innovator Hedged TSLA Strategy ETF,5,60,14,49,79,1.0,10.0,10.42,135.56,7.61,18.42
96,GLOF.K,iShares Global Equity Factor ETF,5,60,14,49,79,1.0,10.0,10.42,10.8,7.66,17.64
96,IDHQ.K,Invesco S&P Internatnl Developed Quality ETF,5,60,14,49,79,1.0,10.0,10.42,5.49,7.24,18.46
96,STXK.K,Strive Small Cap ETF,5,60,14,49,79,1.0,10.0,10.42,0.0,8.6,18.65
96,SDG.O,iShares MSCI Global Sustainable Development Goals,5,60,14,49,79,1.0,10.0,10.42,5.83,7.1,16.69
96,FBOT.O,Fidelity Disruptive Automation ETF,5,60,14,49,79,1.0,10.0,10.42,0.0,6.88,16.49
96,JPSV.K,JPMorgan Active Small Cap Value ETF,5,60,14,49,79,1.0,10.0,10.42,0.0,7.51,16.6
96,CBLS.K,Clough Hedged Equity ETF,5,60,14,49,79,1.0,10.0,10.42,12.42,8.19,16.06
96,PUI.O,Invesco Dorsey Wright Utilities Momentum ETF,5,60,14,49,79,1.0,10.0,10.42,6.39,8.12,17.8
96,XDQQ.K,Innovator Growth Accelerated ETF - Quarterly,5,60,14,49,79,1.0,10.0,10.42,17.94,8.26,19.4
96,EMSF.K,Matthews Emerging Markets Sustainable Ftr Actv ETF,5,60,14,49,79,1.0,10.0,10.42,0.0,8.49,18.29
96,HLGE.K,Hartford Longevity Economy ETF,5,60,14,49,79,1.0,10.0,10.42,13.61,7.52,16.4
96,DFND.K,Siren DIVCON Dividend Defender ETF,5,60,14,49,79,1.0,10.0,10.42,6.09,7.37,16.75
96,KEM,KraneShares Dynamic Emerging Markets Strategy ETF,5,60,14,49,79,1.0,10.0,10.42,0.0,7.02,16.43
96,XRLV.K,Invesco S&P 500 ex-Rate Sensitive LV ETF,5,60,14,49,79,1.0,10.0,10.42,9.31,8.91,16.04
96,FMCX.K,FM Focus Equity ETF,5,60,14,49,79,1.0,10.0,10.42,28.7,8.06,17.02
96,ECLN.K,First Trust EIP Carbon Impact ETF,5,60,14,49,79,1.0,10.0,10.42,12.96,6.8,18.77
96,FLSW.K,Franklin FTSE Switzerland ETF,5,60,14,49,79,1.0,10.0,10.42,6.24,7.11,17.35
96,DIEM.K,Franklin Emerging Market Core Dividend Tilt Ix ETF,5,60,14,49,79,1.0,10.0,10.42,29.15,8.45,16.01
96,RVER.K,Trenchless Fund ETF,5,60,14,49,79,1.0,10.0,10.42,0.0,6.94,18.05
96,DDIV.O,First Trust Dorsey Wright Momentum & Dividend ETF,5,60,14,49,79,1.0,10.0,10.42,5.6,6.92,18.71
96,EBLU.K,Ecofin Global Water ESG Fund,5,60,14,49,79,1.0,10.0,10.42,10.26,9.46,17.33
96,CEFA.O,Global X S&P Catholic Values Developed ex-US ETF,5,60,14,49,79,1.0,10.0,10.42,10.66,6.9,16.61
96,PSCU.O,Invesco S&P SmallCap Utilities & Comm Svcs,5,60,14,49,79,1.0,10.0,10.42,-1.11,6.82,18.04
96,KLDW.K,Knowledge Leaders Developed World ETF,5,60,14,49,79,1.0,10.0,10.42,7.11,8.21,16.78
96,DJD,Invesco Dow Jones Industrial Average Div ETF,5,60,14,49,79,1.0,10.0,10.42,9.27,8.96,17.31
96,FXU,First Trust Utilities AlphaDEX Fund,5,60,14,49,79,1.0,10.0,10.42,4.06,7.29,17.3
96,CRBN.K,iShares MSCI ACWI Low Carbon Target ETF,5,60,14,49,79,1.0,10.0,10.42,12.15,8.75,16.71
96,JIG,JPMorgan International Growth ETF,5,60,14,49,79,1.0,10.0,10.42,10.53,7.83,19.01
96,EWL,Ishares Msci Switzerland ETF,5,60,14,49,79,1.0,10.0,10.42,5.97,7.69,17.03
96,IHDG.K,WisdomTree International Hedged Qual Dividend Gro,5,60,14,49,79,1.0,10.0,10.42,6.83,7.5,15.93
96,ICVT.K,iShares Convertible Bond ETF,5,60,14,49,79,1.0,10.0,10.42,13.02,6.6,16.08
96,AVLV.K,Avantis US Large Cap Value ETF,5,60,14,49,79,1.0,10.0,10.42,20.78,9.26,17.8
96,SDY,SPDR S&P Dividend ETF,5,60,14,49,79,1.0,10.0,10.42,7.77,8.75,16.49
96,ESGD.O,iShares ESG Aware MSCI EAFE ETF,5,60,14,49,79,1.0,10.0,10.42,5.36,6.91,17.17
96,EFG,iShares MSCI EAFE Growth ETF,5,60,14,49,79,1.0,10.0,10.42,5.12,6.88,17.93
96,DFAC.K,Dimensional U S Core Equity 2 ETF,5,60,14,49,79,1.0,10.0,10.42,14.99,8.2,17.32
96,VLUE.K,iShares MSCI USA Value Factor ETF,5,60,14,49,79,1.0,10.0,10.42,7.28,8.6,18.61
96,DVY.O,iShares Select Dividend ETF,5,60,14,49,79,1.0,10.0,10.42,6.67,8.85,16.78
96,VT,Vanguard Total World Stock Index Fund;ETF,5,60,14,49,79,1.0,10.0,10.42,9.16,9.19,17.33
96,ACWI.O,iShares MSCI ACWI ETF,5,60,14,49,79,1.0,10.0,10.42,9.91,9.39,17.16
96,XLU,Utilities Select Sector SPDR Fund,5,60,14,49,79,1.0,10.0,10.42,4.98,7.76,17.66
96,IBGK.O,iShares iBonds Dec 2054 Term Treasury ETF,5,60,14,49,79,1.0,10.0,10.42,0.0,9.18,16.97
96,PCCE.K,Polen Capital China Growth ETF,5,60,14,49,79,1.0,10.0,10.42,0.0,7.06,18.69
96,VPU,Vanguard Utilities Index Fund;ETF,5,60,14,49,79,1.0,10.0,10.42,4.61,7.9,17.53
96,VIGI.O,Vanguard Intl Dividend Appreciation Index Fund;ETF,5,60,14,49,79,1.0,10.0,10.42,6.0,7.08,16.24
96,FUTY.K,Fidelity MSCI Utilities Index ETF,5,60,14,49,79,1.0,10.0,10.42,4.73,7.2,18.7
96,DFUV.K,DFA Dimensional US Marketwide Value ETF,5,60,14,49,79,1.0,10.0,10.42,21.56,8.68,16.62
96,WTV,WisdomTree US Value Fund,5,60,14,49,79,1.0,10.0,10.42,21.71,7.11,18.31
96,QYLG.O,Global X Nasdaq 100 Covered Call & Growth ETF,5,60,14,49,79,1.0,10.0,10.42,4.09,6.66,18.14
96,SMMV.K,iShares MSCI USA Small-Cap Min Vol Factor ETF,5,60,14,49,79,1.0,10.0,10.42,6.95,6.93,16.34
96,KJAN.K,Innovator US Small Cap Power Buffer ETF - January,5,60,14,49,79,1.0,10.0,10.42,8.61,7.44,16.26
96,EQAL.K,Invesco Russell 1000 Equal Weight ETF,5,60,14,49,79,1.0,10.0,10.42,10.09,7.96,18.98
96,ROUS.K,Hartford Multifactor US Equity ETF,5,60,14,49,79,1.0,10.0,10.42,11.35,8.84,17.12
96,DMXF.O,iShares ESG Advanced MSCI EAFE ETF,5,60,14,49,79,1.0,10.0,10.42,12.01,8.92,17.13
96,EWJV.O,iShares MSCI Japan Value ETF,5,60,14,49,79,1.0,10.0,10.42,10.49,7.14,17.83
96,REGL.K,ProShares S&P MidCap 400 Dividend Aristocrats ETF,5,60,14,49,79,1.0,10.0,10.42,5.34,8.27,18.41
96,XMLV.K,Invesco S&P MidCap Low Volatility ETF,5,60,14,49,79,1.0,10.0,10.42,6.17,8.42,16.26
96,NULV.K,Nuveen ESG Large-Cap Value ETF,5,60,14,49,79,1.0,10.0,10.42,8.95,7.25,17.78
96,SPGM.K,SPDR Portfolio MSCI Global Stock Market ETF,5,60,14,49,79,1.0,10.0,10.42,10.4,9.21,17.65
96,IQDG.K,WisdomTree International Quality Dividend Growth,5,60,14,49,79,1.0,10.0,10.42,6.83,6.88,17.43
96,SDOG.K,ALPS Sector Dividend Dogs ETF,5,60,14,49,79,1.0,10.0,10.42,4.3,7.9,18.15
96,PEY.O,Invesco High Yield Equity Dividend Achvrs ETF,5,60,14,49,79,1.0,10.0,10.42,10.57,8.13,17.46
96,WCEO.K,Hypatia Women CEO ETF,5,60,14,49,79,1.0,10.0,10.42,0.0,8.39,16.8
96,ACWI.O,iShares MSCI ACWI ETF,5,60,14,39,59,1.0,10.0,10.14,12.65,9.39,17.16
96,XLU,Utilities Select Sector SPDR Fund,5,60,14,39,59,1.0,10.0,10.14,0.0,7.76,17.66
96,FLSW.K,Franklin FTSE Switzerland ETF,5,60,14,39,59,1.0,10.0,10.14,0.0,7.11,17.35
96,PSCU.O,Invesco S&P SmallCap Utilities & Comm Svcs,5,60,14,39,59,1.0,10.0,10.14,18.73,6.82,18.04
96,CBLS.K,Clough Hedged Equity ETF,5,60,14,39,59,1.0,10.0,10.14,11.61,8.19,16.06
96,TSLH.K,Innovator Hedged TSLA Strategy ETF,5,60,14,39,59,1.0,10.0,10.14,0.0,7.61,18.42
96,IVRA.K,Invesco Real Assets ESG ETF,5,60,14,39,59,1.0,10.0,10.14,0.0,7.68,17.81
96,RAYD.K,Rayliant Quantitative Developed Market Equity ETF,5,60,14,39,59,1.0,10.0,10.14,0.0,8.75,16.45
96,GVLU.K,Gotham 1000 Value ETF,5,60,14,39,59,1.0,10.0,10.14,0.0,8.72,18.29
96,FSZ.O,First Trust Switzerland AlphaDEX Fund,5,60,14,39,59,1.0,10.0,10.14,17.47,8.14,18.41
96,DGIN.K,VanEck Digital India ETF,5,60,14,39,59,1.0,10.0,10.14,36.78,8.42,18.66
96,PIO.O,Invesco Global Water ETF,5,60,14,39,59,1.0,10.0,10.14,11.16,8.25,18.67
96,EASG.K,Xtrackers MSCI EAFE ESG Leaders Equity ETF,5,60,14,39,59,1.0,10.0,10.14,19.69,7.14,18.94
96,IPKW.O,Invesco International BuyBack Achievers ETF,5,60,14,39,59,1.0,10.0,10.14,13.29,6.48,17.45
96,DGT,SPDR Global Dow ETF,5,60,14,39,59,1.0,10.0,10.14,11.82,8.55,17.36
96,VALQ.K,American Century US Quality Value ETF,5,60,14,39,59,1.0,10.0,10.14,0.0,7.11,18.57
96,FBOT.O,Fidelity Disruptive Automation ETF,5,60,14,39,59,1.0,10.0,10.14,0.0,6.88,16.49
96,GLOF.K,iShares Global Equity Factor ETF,5,60,14,39,59,1.0,10.0,10.14,14.16,7.66,17.64
96,IDHQ.K,Invesco S&P Internatnl Developed Quality ETF,5,60,14,39,59,1.0,10.0,10.14,12.27,7.24,18.46
96,KLDW.K,Knowledge Leaders Developed World ETF,5,60,14,39,59,1.0,10.0,10.14,13.63,8.21,16.78
96,CEFA.O,Global X S&P Catholic Values Developed ex-US ETF,5,60,14,39,59,1.0,10.0,10.14,21.32,6.9,16.61
96,SDG.O,iShares MSCI Global Sustainable Development Goals,5,60,14,39,59,1.0,10.0,10.14,-1.8,7.1,16.69
96,EBLU.K,Ecofin Global Water ESG Fund,5,60,14,39,59,1.0,10.0,10.14,12.87,9.46,17.33
96,IBGK.O,iShares iBonds Dec 2054 Term Treasury ETF,5,60,14,39,59,1.0,10.0,10.14,0.0,9.18,16.97
96,PCCE.K,Polen Capital China Growth ETF,5,60,14,39,59,1.0,10.0,10.14,0.0,7.06,18.69
96,WCEO.K,Hypatia Women CEO ETF,5,60,14,39,59,1.0,10.0,10.14,0.0,8.39,16.8
96,JPSV.K,JPMorgan Active Small Cap Value ETF,5,60,14,39,59,1.0,10.0,10.14,0.0,7.51,16.6
96,EMSF.K,Matthews Emerging Markets Sustainable Ftr Actv ETF,5,60,14,39,59,1.0,10.0,10.14,0.0,8.49,18.29
96,HLGE.K,Hartford Longevity Economy ETF,5,60,14,39,59,1.0,10.0,10.14,10.25,7.52,16.4
96,DFND.K,Siren DIVCON Dividend Defender ETF,5,60,14,39,59,1.0,10.0,10.14,0.0,7.37,16.75
96,KEM,KraneShares Dynamic Emerging Markets Strategy ETF,5,60,14,39,59,1.0,10.0,10.14,0.0,7.02,16.43
96,XRLV.K,Invesco S&P 500 ex-Rate Sensitive LV ETF,5,60,14,39,59,1.0,10.0,10.14,0.0,8.91,16.04
96,FMCX.K,FM Focus Equity ETF,5,60,14,39,59,1.0,10.0,10.14,0.0,8.06,17.02
96,PUI.O,Invesco Dorsey Wright Utilities Momentum ETF,5,60,14,39,59,1.0,10.0,10.14,0.0,8.12,17.8
96,ECLN.K,First Trust EIP Carbon Impact ETF,5,60,14,39,59,1.0,10.0,10.14,0.0,6.8,18.77
96,DIEM.K,Franklin Emerging Market Core Dividend Tilt Ix ETF,5,60,14,39,59,1.0,10.0,10.14,0.0,8.45,16.01
96,RVER.K,Trenchless Fund ETF,5,60,14,39,59,1.0,10.0,10.14,0.0,6.94,18.05
96,DDIV.O,First Trust Dorsey Wright Momentum & Dividend ETF,5,60,14,39,59,1.0,10.0,10.14,46.5,6.92,18.71
96,STXK.K,Strive Small Cap ETF,5,60,14,39,59,1.0,10.0,10.14,0.0,8.6,18.65
96,FVC.O,First Trust Dorsey Wright Dynamic Focus 5 ETF,5,60,14,39,59,1.0,10.0,10.14,20.38,8.69,17.6
96,DJD,Invesco Dow Jones Industrial Average Div ETF,5,60,14,39,59,1.0,10.0,10.14,0.0,8.96,17.31
96,ICVT.K,iShares Convertible Bond ETF,5,60,14,39,59,1.0,10.0,10.14,4.35,6.6,16.08
96,DFUV.K,DFA Dimensional US Marketwide Value ETF,5,60,14,39,59,1.0,10.0,10.14,0.0,8.68,16.62
96,FXU,First Trust Utilities AlphaDEX Fund,5,60,14,39,59,1.0,10.0,10.14,0.0,7.29,17.3
96,FUTY.K,Fidelity MSCI Utilities Index ETF,5,60,14,39,59,1.0,10.0,10.14,0.0,7.2,18.7
96,VIGI.O,Vanguard Intl Dividend Appreciation Index Fund;ETF,5,60,14,39,59,1.0,10.0,10.14,7.44,7.08,16.24
96,VPU,Vanguard Utilities Index Fund;ETF,5,60,14,39,59,1.0,10.0,10.14,0.0,7.9,17.53
96,XDQQ.K,Innovator Growth Accelerated ETF - Quarterly,5,60,14,39,59,1.0,10.0,10.14,13.44,8.26,19.4
96,IHDG.K,WisdomTree International Hedged Qual Dividend Gro,5,60,14,39,59,1.0,10.0,10.14,61.19,7.5,15.93
96,AVLV.K,Avantis US Large Cap Value ETF,5,60,14,39,59,1.0,10.0,10.14,0.0,9.26,17.8
96,SDOG.K,ALPS Sector Dividend Dogs ETF,5,60,14,39,59,1.0,10.0,10.14,59.27,7.9,18.15
96,SDY,SPDR S&P Dividend ETF,5,60,14,39,59,1.0,10.0,10.14,0.0,8.75,16.49
96,ESGD.O,iShares ESG Aware MSCI EAFE ETF,5,60,14,39,59,1.0,10.0,10.14,17.58,6.91,17.17
96,EFG,iShares MSCI EAFE Growth ETF,5,60,14,39,59,1.0,10.0,10.14,13.44,6.88,17.93
96,DFAC.K,Dimensional U S Core Equity 2 ETF,5,60,14,39,59,1.0,10.0,10.14,0.0,8.2,17.32
96,VLUE.K,iShares MSCI USA Value Factor ETF,5,60,14,39,59,1.0,10.0,10.14,0.0,8.6,18.61
96,DVY.O,iShares Select Dividend ETF,5,60,14,39,59,1.0,10.0,10.14,50.37,8.85,16.78
96,VT,Vanguard Total World Stock Index Fund;ETF,5,60,14,39,59,1.0,10.0,10.14,12.21,9.19,17.33
96,PEY.O,Invesco High Yield Equity Dividend Achvrs ETF,5,60,14,39,59,1.0,10.0,10.14,47.72,8.13,17.46
96,EWL,Ishares Msci Switzerland ETF,5,60,14,39,59,1.0,10.0,10.14,0.0,7.69,17.03
96,IQDG.K,WisdomTree International Quality Dividend Growth,5,60,14,39,59,1.0,10.0,10.14,18.36,6.88,17.43
96,ROUS.K,Hartford Multifactor US Equity ETF,5,60,14,39,59,1.0,10.0,10.14,0.0,8.84,17.12
96,JIG,JPMorgan International Growth ETF,5,60,14,39,59,1.0,10.0,10.14,10.53,7.83,19.01
96,WTV,WisdomTree US Value Fund,5,60,14,39,59,1.0,10.0,10.14,0.0,7.11,18.31
96,QYLG.O,Global X Nasdaq 100 Covered Call & Growth ETF,5,60,14,39,59,1.0,10.0,10.14,11.37,6.66,18.14
96,SMMV.K,iShares MSCI USA Small-Cap Min Vol Factor ETF,5,60,14,39,59,1.0,10.0,10.14,0.0,6.93,16.34
96,KJAN.K,Innovator US Small Cap Power Buffer ETF - January,5,60,14,39,59,1.0,10.0,10.14,0.0,7.44,16.26
96,EQAL.K,Invesco Russell 1000 Equal Weight ETF,5,60,14,39,59,1.0,10.0,10.14,34.63,7.96,18.98
96,CRBN.K,iShares MSCI ACWI Low Carbon Target ETF,5,60,14,39,59,1.0,10.0,10.14,11.93,8.75,16.71
96,DMXF.O,iShares ESG Advanced MSCI EAFE ETF,5,60,14,39,59,1.0,10.0,10.14,12.75,8.92,17.13
96,REGL.K,ProShares S&P MidCap 400 Dividend Aristocrats ETF,5,60,14,39,59,1.0,10.0,10.14,0.0,8.27,18.41
96,XMLV.K,Invesco S&P MidCap Low Volatility ETF,5,60,14,39,59,1.0,10.0,10.14,27.41,8.42,16.26
96,NULV.K,Nuveen ESG Large-Cap Value ETF,5,60,14,39,59,1.0,10.0,10.14,0.0,7.25,17.78
96,SPGM.K,SPDR Portfolio MSCI Global Stock Market ETF,5,60,14,39,59,1.0,10.0,10.14,12.75,9.21,17.65
96,EWJV.O,iShares MSCI Japan Value ETF,5,60,14,39,59,1.0,10.0,10.14,31.17,7.14,17.83
96,EASG.K,Xtrackers MSCI EAFE ESG Leaders Equity ETF,5,120,14,39,54,1.0,10.0,9.98,28.75,7.14,18.94
96,TSLH.K,Innovator Hedged TSLA Strategy ETF,5,120,14,39,54,1.0,10.0,9.98,0.0,7.61,18.42
96,IVRA.K,Invesco Real Assets ESG ETF,5,120,14,39,54,1.0,10.0,9.98,0.0,7.68,17.81
96,RAYD.K,Rayliant Quantitative Developed Market Equity ETF,5,120,14,39,54,1.0,10.0,9.98,0.0,8.75,16.45
96,GVLU.K,Gotham 1000 Value ETF,5,120,14,39,54,1.0,10.0,9.98,0.0,8.72,18.29
96,FSZ.O,First Trust Switzerland AlphaDEX Fund,5,120,14,39,54,1.0,10.0,9.98,41.28,8.14,18.41
96,DGIN.K,VanEck Digital India ETF,5,120,14,39,54,1.0,10.0,9.98,53.42,8.42,18.66
96,PIO.O,Invesco Global Water ETF,5,120,14,39,54,1.0,10.0,9.98,10.55,8.25,18.67
96,DGT,SPDR Global Dow ETF,5,120,14,39,54,1.0,10.0,9.98,8.8,8.55,17.36
96,FVC.O,First Trust Dorsey Wright Dynamic Focus 5 ETF,5,120,14,39,54,1.0,10.0,9.98,0.0,8.69,17.6
96,IPKW.O,Invesco International BuyBack Achievers ETF,5,120,14,39,54,1.0,10.0,9.98,12.4,6.48,17.45
96,VALQ.K,American Century US Quality Value ETF,5,120,14,39,54,1.0,10.0,9.98,0.0,7.11,18.57
96,FBOT.O,Fidelity Disruptive Automation ETF,5,120,14,39,54,1.0,10.0,9.98,0.0,6.88,16.49
96,GLOF.K,iShares Global Equity Factor ETF,5,120,14,39,54,1.0,10.0,9.98,0.0,7.66,17.64
96,IDHQ.K,Invesco S&P Internatnl Developed Quality ETF,5,120,14,39,54,1.0,10.0,9.98,14.34,7.24,18.46
96,STXK.K,Strive Small Cap ETF,5,120,14,39,54,1.0,10.0,9.98,0.0,8.6,18.65
96,FLSW.K,Franklin FTSE Switzerland ETF,5,120,14,39,54,1.0,10.0,9.98,0.0,7.11,17.35
96,CBLS.K,Clough Hedged Equity ETF,5,120,14,39,54,1.0,10.0,9.98,55.21,8.19,16.06
96,DJD,Invesco Dow Jones Industrial Average Div ETF,5,120,14,39,54,1.0,10.0,9.98,0.0,8.96,17.31
96,KLDW.K,Knowledge Leaders Developed World ETF,5,120,14,39,54,1.0,10.0,9.98,16.5,8.21,16.78
96,XRLV.K,Invesco S&P 500 ex-Rate Sensitive LV ETF,5,120,14,39,54,1.0,10.0,9.98,0.0,8.91,16.04
96,XDQQ.K,Innovator Growth Accelerated ETF - Quarterly,5,120,14,39,54,1.0,10.0,9.98,0.0,8.26,19.4
96,JPSV.K,JPMorgan Active Small Cap Value ETF,5,120,14,39,54,1.0,10.0,9.98,0.0,7.51,16.6
96,DFND.K,Siren DIVCON Dividend Defender ETF,5,120,14,39,54,1.0,10.0,9.98,0.0,7.37,16.75
96,WCEO.K,Hypatia Women CEO ETF,5,120,14,39,54,1.0,10.0,9.98,0.0,8.39,16.8
96,PCCE.K,Polen Capital China Growth ETF,5,120,14,39,54,1.0,10.0,9.98,0.0,7.06,18.69
96,IBGK.O,iShares iBonds Dec 2054 Term Treasury ETF,5,120,14,39,54,1.0,10.0,9.98,0.0,9.18,16.97
96,KEM,KraneShares Dynamic Emerging Markets Strategy ETF,5,120,14,39,54,1.0,10.0,9.98,0.0,7.02,16.43
96,FMCX.K,FM Focus Equity ETF,5,120,14,39,54,1.0,10.0,9.98,0.0,8.06,17.02
96,PSCU.O,Invesco S&P SmallCap Utilities & Comm Svcs,5,120,14,39,54,1.0,10.0,9.98,68.64,6.82,18.04
96,PUI.O,Invesco Dorsey Wright Utilities Momentum ETF,5,120,14,39,54,1.0,10.0,9.98,0.0,8.12,17.8
96,ECLN.K,First Trust EIP Carbon Impact ETF,5,120,14,39,54,1.0,10.0,9.98,0.0,6.8,18.77
96,DIEM.K,Franklin Emerging Market Core Dividend Tilt Ix ETF,5,120,14,39,54,1.0,10.0,9.98,0.0,8.45,16.01
96,RVER.K,Trenchless Fund ETF,5,120,14,39,54,1.0,10.0,9.98,0.0,6.94,18.05
96,DDIV.O,First Trust Dorsey Wright Momentum & Dividend ETF,5,120,14,39,54,1.0,10.0,9.98,59.54,6.92,18.71
96,EBLU.K,Ecofin Global Water ESG Fund,5,120,14,39,54,1.0,10.0,9.98,0.0,9.46,17.33
96,CEFA.O,Global X S&P Catholic Values Developed ex-US ETF,5,120,14,39,54,1.0,10.0,9.98,18.15,6.9,16.61
96,SDG.O,iShares MSCI Global Sustainable Development Goals,5,120,14,39,54,1.0,10.0,9.98,-1.76,7.1,16.69
96,EMSF.K,Matthews Emerging Markets Sustainable Ftr Actv ETF,5,120,14,39,54,1.0,10.0,9.98,0.0,8.49,18.29
96,DFUV.K,DFA Dimensional US Marketwide Value ETF,5,120,14,39,54,1.0,10.0,9.98,0.0,8.68,16.62
96,HLGE.K,Hartford Longevity Economy ETF,5,120,14,39,54,1.0,10.0,9.98,0.0,7.52,16.4
96,FXU,First Trust Utilities AlphaDEX Fund,5,120,14,39,54,1.0,10.0,9.98,0.0,7.29,17.3
96,FUTY.K,Fidelity MSCI Utilities Index ETF,5,120,14,39,54,1.0,10.0,9.98,0.0,7.2,18.7
96,VIGI.O,Vanguard Intl Dividend Appreciation Index Fund;ETF,5,120,14,39,54,1.0,10.0,9.98,11.3,7.08,16.24
96,VPU,Vanguard Utilities Index Fund;ETF,5,120,14,39,54,1.0,10.0,9.98,0.0,7.9,17.53
96,EWL,Ishares Msci Switzerland ETF,5,120,14,39,54,1.0,10.0,9.98,0.0,7.69,17.03
96,IHDG.K,WisdomTree International Hedged Qual Dividend Gro,5,120,14,39,54,1.0,10.0,9.98,0.0,7.5,15.93
96,ICVT.K,iShares Convertible Bond ETF,5,120,14,39,54,1.0,10.0,9.98,8.85,6.6,16.08
96,AVLV.K,Avantis US Large Cap Value ETF,5,120,14,39,54,1.0,10.0,9.98,0.0,9.26,17.8
96,SDY,SPDR S&P Dividend ETF,5,120,14,39,54,1.0,10.0,9.98,0.0,8.75,16.49
96,ESGD.O,iShares ESG Aware MSCI EAFE ETF,5,120,14,39,54,1.0,10.0,9.98,28.3,6.91,17.17
96,EFG,iShares MSCI EAFE Growth ETF,5,120,14,39,54,1.0,10.0,9.98,28.98,6.88,17.93
96,DFAC.K,Dimensional U S Core Equity 2 ETF,5,120,14,39,54,1.0,10.0,9.98,0.0,8.2,17.32
96,VLUE.K,iShares MSCI USA Value Factor ETF,5,120,14,39,54,1.0,10.0,9.98,0.0,8.6,18.61
96,DVY.O,iShares Select Dividend ETF,5,120,14,39,54,1.0,10.0,9.98,39.03,8.85,16.78
96,VT,Vanguard Total World Stock Index Fund;ETF,5,120,14,39,54,1.0,10.0,9.98,0.0,9.19,17.33
96,XLU,Utilities Select Sector SPDR Fund,5,120,14,39,54,1.0,10.0,9.98,0.0,7.76,17.66
96,PEY.O,Invesco High Yield Equity Dividend Achvrs ETF,5,120,14,39,54,1.0,10.0,9.98,46.0,8.13,17.46
96,SDOG.K,ALPS Sector Dividend Dogs ETF,5,120,14,39,54,1.0,10.0,9.98,0.0,7.9,18.15
96,EQAL.K,Invesco Russell 1000 Equal Weight ETF,5,120,14,39,54,1.0,10.0,9.98,30.26,7.96,18.98
96,CRBN.K,iShares MSCI ACWI Low Carbon Target ETF,5,120,14,39,54,1.0,10.0,9.98,10.87,8.75,16.71
96,JIG,JPMorgan International Growth ETF,5,120,14,39,54,1.0,10.0,9.98,5.72,7.83,19.01
96,WTV,WisdomTree US Value Fund,5,120,14,39,54,1.0,10.0,9.98,0.0,7.11,18.31
96,QYLG.O,Global X Nasdaq 100 Covered Call & Growth ETF,5,120,14,39,54,1.0,10.0,9.98,44.39,6.66,18.14
96,SMMV.K,iShares MSCI USA Small-Cap Min Vol Factor ETF,5,120,14,39,54,1.0,10.0,9.98,0.0,6.93,16.34
96,KJAN.K,Innovator US Small Cap Power Buffer ETF - January,5,120,14,39,54,1.0,10.0,9.98,0.0,7.44,16.26
96,ROUS.K,Hartford Multifactor US Equity ETF,5,120,14,39,54,1.0,10.0,9.98,0.0,8.84,17.12
96,IQDG.K,WisdomTree International Quality Dividend Growth,5,120,14,39,54,1.0,10.0,9.98,36.8,6.88,17.43
96,DMXF.O,iShares ESG Advanced MSCI EAFE ETF,5,120,14,39,54,1.0,10.0,9.98,26.84,8.92,17.13
96,EWJV.O,iShares MSCI Japan Value ETF,5,120,14,39,54,1.0,10.0,9.98,25.48,7.14,17.83
96,REGL.K,ProShares S&P MidCap 400 Dividend Aristocrats ETF,5,120,14,39,54,1.0,10.0,9.98,0.0,8.27,18.41
96,XMLV.K,Invesco S&P MidCap Low Volatility ETF,5,120,14,39,54,1.0,10.0,9.98,0.0,8.42,16.26
96,NULV.K,Nuveen ESG Large-Cap Value ETF,5,120,14,39,54,1.0,10.0,9.98,0.0,7.25,17.78
96,SPGM.K,SPDR Portfolio MSCI Global Stock Market ETF,5,120,14,39,54,1.0,10.0,9.98,19.57,9.21,17.65
96,ACWI.O,iShares MSCI ACWI ETF,5,120,14,39,54,1.0,10.0,9.98,0.0,9.39,17.16
96,WCEO.K,Hypatia Women CEO ETF,5,60,14,44,79,1.0,10.0,9.9,0.0,8.39,16.8
96,PCCE.K,Polen Capital China Growth ETF,5,60,14,44,79,1.0,10.0,9.9,0.0,7.06,18.69
96,SDG.O,iShares MSCI Global Sustainable Development Goals,5,60,14,44,79,1.0,10.0,9.9,5.83,7.1,16.69
96,JPSV.K,JPMorgan Active Small Cap Value ETF,5,60,14,44,79,1.0,10.0,9.9,0.0,7.51,16.6
96,DMXF.O,iShares ESG Advanced MSCI EAFE ETF,5,60,14,44,79,1.0,10.0,9.9,12.01,8.92,17.13
96,IQDG.K,WisdomTree International Quality Dividend Growth,5,60,14,44,79,1.0,10.0,9.9,6.83,6.88,17.43
96,SPGM.K,SPDR Portfolio MSCI Global Stock Market ETF,5,60,14,44,79,1.0,10.0,9.9,11.57,9.21,17.65
96,NULV.K,Nuveen ESG Large-Cap Value ETF,5,60,14,44,79,1.0,10.0,9.9,8.95,7.25,17.78
96,XMLV.K,Invesco S&P MidCap Low Volatility ETF,5,60,14,44,79,1.0,10.0,9.9,6.17,8.42,16.26
96,REGL.K,ProShares S&P MidCap 400 Dividend Aristocrats ETF,5,60,14,44,79,1.0,10.0,9.9,9.87,8.27,18.41
96,EWJV.O,iShares MSCI Japan Value ETF,5,60,14,44,79,1.0,10.0,9.9,10.49,7.14,17.83
96,ROUS.K,Hartford Multifactor US Equity ETF,5,60,14,44,79,1.0,10.0,9.9,11.47,8.84,17.12
96,PEY.O,Invesco High Yield Equity Dividend Achvrs ETF,5,60,14,44,79,1.0,10.0,9.9,10.57,8.13,17.46
96,EQAL.K,Invesco Russell 1000 Equal Weight ETF,5,60,14,44,79,1.0,10.0,9.9,10.09,7.96,18.98
96,KJAN.K,Innovator US Small Cap Power Buffer ETF - January,5,60,14,44,79,1.0,10.0,9.9,8.61,7.44,16.26
96,SMMV.K,iShares MSCI USA Small-Cap Min Vol Factor ETF,5,60,14,44,79,1.0,10.0,9.9,6.95,6.93,16.34
96,QYLG.O,Global X Nasdaq 100 Covered Call & Growth ETF,5,60,14,44,79,1.0,10.0,9.9,4.09,6.66,18.14
96,WTV,WisdomTree US Value Fund,5,60,14,44,79,1.0,10.0,9.9,0.0,7.11,18.31
96,JIG,JPMorgan International Growth ETF,5,60,14,44,79,1.0,10.0,9.9,10.53,7.83,19.01
96,SDOG.K,ALPS Sector Dividend Dogs ETF,5,60,14,44,79,1.0,10.0,9.9,10.83,7.9,18.15
96,DFUV.K,DFA Dimensional US Marketwide Value ETF,5,60,14,44,79,1.0,10.0,9.9,0.0,8.68,16.62
96,EMSF.K,Matthews Emerging Markets Sustainable Ftr Actv ETF,5,60,14,44,79,1.0,10.0,9.9,0.0,8.49,18.29
96,SDY,SPDR S&P Dividend ETF,5,60,14,44,79,1.0,10.0,9.9,11.82,8.75,16.49
96,VT,Vanguard Total World Stock Index Fund;ETF,5,60,14,44,79,1.0,10.0,9.9,9.16,9.19,17.33
96,DVY.O,iShares Select Dividend ETF,5,60,14,44,79,1.0,10.0,9.9,10.79,8.85,16.78
96,VLUE.K,iShares MSCI USA Value Factor ETF,5,60,14,44,79,1.0,10.0,9.9,8.59,8.6,18.61
96,DFAC.K,Dimensional U S Core Equity 2 ETF,5,60,14,44,79,1.0,10.0,9.9,14.99,8.2,17.32
96,EFG,iShares MSCI EAFE Growth ETF,5,60,14,44,79,1.0,10.0,9.9,5.12,6.88,17.93
96,ESGD.O,iShares ESG Aware MSCI EAFE ETF,5,60,14,44,79,1.0,10.0,9.9,5.36,6.91,17.17
96,AVLV.K,Avantis US Large Cap Value ETF,5,60,14,44,79,1.0,10.0,9.9,0.0,9.26,17.8
96,FXU,First Trust Utilities AlphaDEX Fund,5,60,14,44,79,1.0,10.0,9.9,4.06,7.29,17.3
96,ICVT.K,iShares Convertible Bond ETF,5,60,14,44,79,1.0,10.0,9.9,18.39,6.6,16.08
96,IHDG.K,WisdomTree International Hedged Qual Dividend Gro,5,60,14,44,79,1.0,10.0,9.9,6.83,7.5,15.93
96,EWL,Ishares Msci Switzerland ETF,5,60,14,44,79,1.0,10.0,9.9,5.97,7.69,17.03
96,VPU,Vanguard Utilities Index Fund;ETF,5,60,14,44,79,1.0,10.0,9.9,20.64,7.9,17.53
96,VIGI.O,Vanguard Intl Dividend Appreciation Index Fund;ETF,5,60,14,44,79,1.0,10.0,9.9,6.0,7.08,16.24
96,FUTY.K,Fidelity MSCI Utilities Index ETF,5,60,14,44,79,1.0,10.0,9.9,19.34,7.2,18.7
96,CRBN.K,iShares MSCI ACWI Low Carbon Target ETF,5,60,14,44,79,1.0,10.0,9.9,12.15,8.75,16.71
96,XDQQ.K,Innovator Growth Accelerated ETF - Quarterly,5,60,14,44,79,1.0,10.0,9.9,17.94,8.26,19.4
96,DJD,Invesco Dow Jones Industrial Average Div ETF,5,60,14,44,79,1.0,10.0,9.9,7.78,8.96,17.31
96,DIEM.K,Franklin Emerging Market Core Dividend Tilt Ix ETF,5,60,14,44,79,1.0,10.0,9.9,0.0,8.45,16.01
96,KLDW.K,Knowledge Leaders Developed World ETF,5,60,14,44,79,1.0,10.0,9.9,7.11,8.21,16.78
96,PSCU.O,Invesco S&P SmallCap Utilities & Comm Svcs,5,60,14,44,79,1.0,10.0,9.9,1.19,6.82,18.04
96,CEFA.O,Global X S&P Catholic Values Developed ex-US ETF,5,60,14,44,79,1.0,10.0,9.9,10.66,6.9,16.61
96,EBLU.K,Ecofin Global Water ESG Fund,5,60,14,44,79,1.0,10.0,9.9,10.26,9.46,17.33
96,DDIV.O,First Trust Dorsey Wright Momentum & Dividend ETF,5,60,14,44,79,1.0,10.0,9.9,5.6,6.92,18.71
96,RVER.K,Trenchless Fund ETF,5,60,14,44,79,1.0,10.0,9.9,0.0,6.94,18.05
96,ECLN.K,First Trust EIP Carbon Impact ETF,5,60,14,44,79,1.0,10.0,9.9,12.96,6.8,18.77
96,STXK.K,Strive Small Cap ETF,5,60,14,44,79,1.0,10.0,9.9,0.0,8.6,18.65
96,PUI.O,Invesco Dorsey Wright Utilities Momentum ETF,5,60,14,44,79,1.0,10.0,9.9,20.87,8.12,17.8
96,FMCX.K,FM Focus Equity ETF,5,60,14,44,79,1.0,10.0,9.9,0.0,8.06,17.02
96,XRLV.K,Invesco S&P 500 ex-Rate Sensitive LV ETF,5,60,14,44,79,1.0,10.0,9.9,0.0,8.91,16.04
96,KEM,KraneShares Dynamic Emerging Markets Strategy ETF,5,60,14,44,79,1.0,10.0,9.9,0.0,7.02,16.43
96,DFND.K,Siren DIVCON Dividend Defender ETF,5,60,14,44,79,1.0,10.0,9.9,6.09,7.37,16.75
96,HLGE.K,Hartford Longevity Economy ETF,5,60,14,44,79,1.0,10.0,9.9,13.61,7.52,16.4
96,FLSW.K,Franklin FTSE Switzerland ETF,5,60,14,44,79,1.0,10.0,9.9,6.24,7.11,17.35
96,CBLS.K,Clough Hedged Equity ETF,5,60,14,44,79,1.0,10.0,9.9,12.42,8.19,16.06
96,TSLH.K,Innovator Hedged TSLA Strategy ETF,5,60,14,44,79,1.0,10.0,9.9,135.56,7.61,18.42
96,IVRA.K,Invesco Real Assets ESG ETF,5,60,14,44,79,1.0,10.0,9.9,6.52,7.68,17.81
96,RAYD.K,Rayliant Quantitative Developed Market Equity ETF,5,60,14,44,79,1.0,10.0,9.9,24.17,8.75,16.45
96,GVLU.K,Gotham 1000 Value ETF,5,60,14,44,79,1.0,10.0,9.9,0.0,8.72,18.29
96,FSZ.O,First Trust Switzerland AlphaDEX Fund,5,60,14,44,79,1.0,10.0,9.9,6.64,8.14,18.41
96,DGIN.K,VanEck Digital India ETF,5,60,14,44,79,1.0,10.0,9.9,37.74,8.42,18.66
96,PIO.O,Invesco Global Water ETF,5,60,14,44,79,1.0,10.0,9.9,9.94,8.25,18.67
96,EASG.K,Xtrackers MSCI EAFE ESG Leaders Equity ETF,5,60,14,44,79,1.0,10.0,9.9,9.25,7.14,18.94
96,FVC.O,First Trust Dorsey Wright Dynamic Focus 5 ETF,5,60,14,44,79,1.0,10.0,9.9,6.55,8.69,17.6
96,IPKW.O,Invesco International BuyBack Achievers ETF,5,60,14,44,79,1.0,10.0,9.9,8.57,6.48,17.45
96,DGT,SPDR Global Dow ETF,5,60,14,44,79,1.0,10.0,9.9,8.74,8.55,17.36
96,VALQ.K,American Century US Quality Value ETF,5,60,14,44,79,1.0,10.0,9.9,7.14,7.11,18.57
96,FBOT.O,Fidelity Disruptive Automation ETF,5,60,14,44,79,1.0,10.0,9.9,0.0,6.88,16.49
96,GLOF.K,iShares Global Equity Factor ETF,5,60,14,44,79,1.0,10.0,9.9,10.8,7.66,17.64
96,IDHQ.K,Invesco S&P Internatnl Developed Quality ETF,5,60,14,44,79,1.0,10.0,9.9,5.49,7.24,18.46
96,IBGK.O,iShares iBonds Dec 2054 Term Treasury ETF,5,60,14,44,79,1.0,10.0,9.9,0.0,9.18,16.97
96,ACWI.O,iShares MSCI ACWI ETF,5,60,14,44,79,1.0,10.0,9.9,9.91,9.39,17.16
96,XLU,Utilities Select Sector SPDR Fund,5,60,14,44,79,1.0,10.0,9.9,18.59,7.76,17.66
96,FVC.O,First Trust Dorsey Wright Dynamic Focus 5 ETF,5,60,14,39,64,1.0,10.0,9.63,20.38,8.69,17.6
96,IVRA.K,Invesco Real Assets ESG ETF,5,60,14,39,64,1.0,10.0,9.63,0.0,7.68,17.81
96,RAYD.K,Rayliant Quantitative Developed Market Equity ETF,5,60,14,39,64,1.0,10.0,9.63,0.0,8.75,16.45
96,GVLU.K,Gotham 1000 Value ETF,5,60,14,39,64,1.0,10.0,9.63,0.0,8.72,18.29
96,FSZ.O,First Trust Switzerland AlphaDEX Fund,5,60,14,39,64,1.0,10.0,9.63,15.85,8.14,18.41
96,DGIN.K,VanEck Digital India ETF,5,60,14,39,64,1.0,10.0,9.63,40.05,8.42,18.66
96,PIO.O,Invesco Global Water ETF,5,60,14,39,64,1.0,10.0,9.63,12.57,8.25,18.67
96,EASG.K,Xtrackers MSCI EAFE ESG Leaders Equity ETF,5,60,14,39,64,1.0,10.0,9.63,17.95,7.14,18.94
96,IPKW.O,Invesco International BuyBack Achievers ETF,5,60,14,39,64,1.0,10.0,9.63,14.79,6.48,17.45
96,DJD,Invesco Dow Jones Industrial Average Div ETF,5,60,14,39,64,1.0,10.0,9.63,0.0,8.96,17.31
96,DGT,SPDR Global Dow ETF,5,60,14,39,64,1.0,10.0,9.63,12.74,8.55,17.36
96,VALQ.K,American Century US Quality Value ETF,5,60,14,39,64,1.0,10.0,9.63,0.0,7.11,18.57
96,FBOT.O,Fidelity Disruptive Automation ETF,5,60,14,39,64,1.0,10.0,9.63,0.0,6.88,16.49
96,GLOF.K,iShares Global Equity Factor ETF,5,60,14,39,64,1.0,10.0,9.63,13.13,7.66,17.64
96,IDHQ.K,Invesco S&P Internatnl Developed Quality ETF,5,60,14,39,64,1.0,10.0,9.63,13.66,7.24,18.46
96,STXK.K,Strive Small Cap ETF,5,60,14,39,64,1.0,10.0,9.63,0.0,8.6,18.65
96,SDG.O,iShares MSCI Global Sustainable Development Goals,5,60,14,39,64,1.0,10.0,9.63,-1.8,7.1,16.69
96,TSLH.K,Innovator Hedged TSLA Strategy ETF,5,60,14,39,64,1.0,10.0,9.63,0.0,7.61,18.42
96,PCCE.K,Polen Capital China Growth ETF,5,60,14,39,64,1.0,10.0,9.63,0.0,7.06,18.69
96,FLSW.K,Franklin FTSE Switzerland ETF,5,60,14,39,64,1.0,10.0,9.63,0.0,7.11,17.35
96,KLDW.K,Knowledge Leaders Developed World ETF,5,60,14,39,64,1.0,10.0,9.63,13.48,8.21,16.78
96,EMSF.K,Matthews Emerging Markets Sustainable Ftr Actv ETF,5,60,14,39,64,1.0,10.0,9.63,0.0,8.49,18.29
96,IBGK.O,iShares iBonds Dec 2054 Term Treasury ETF,5,60,14,39,64,1.0,10.0,9.63,0.0,9.18,16.97
96,HLGE.K,Hartford Longevity Economy ETF,5,60,14,39,64,1.0,10.0,9.63,14.4,7.52,16.4
96,DFND.K,Siren DIVCON Dividend Defender ETF,5,60,14,39,64,1.0,10.0,9.63,0.0,7.37,16.75
96,KEM,KraneShares Dynamic Emerging Markets Strategy ETF,5,60,14,39,64,1.0,10.0,9.63,0.0,7.02,16.43
96,XRLV.K,Invesco S&P 500 ex-Rate Sensitive LV ETF,5,60,14,39,64,1.0,10.0,9.63,0.0,8.91,16.04
96,FMCX.K,FM Focus Equity ETF,5,60,14,39,64,1.0,10.0,9.63,0.0,8.06,17.02
96,PUI.O,Invesco Dorsey Wright Utilities Momentum ETF,5,60,14,39,64,1.0,10.0,9.63,0.0,8.12,17.8
96,ECLN.K,First Trust EIP Carbon Impact ETF,5,60,14,39,64,1.0,10.0,9.63,0.0,6.8,18.77
96,DIEM.K,Franklin Emerging Market Core Dividend Tilt Ix ETF,5,60,14,39,64,1.0,10.0,9.63,0.0,8.45,16.01
96,RVER.K,Trenchless Fund ETF,5,60,14,39,64,1.0,10.0,9.63,0.0,6.94,18.05
96,DDIV.O,First Trust Dorsey Wright Momentum & Dividend ETF,5,60,14,39,64,1.0,10.0,9.63,36.86,6.92,18.71
96,EBLU.K,Ecofin Global Water ESG Fund,5,60,14,39,64,1.0,10.0,9.63,10.26,9.46,17.33
96,CEFA.O,Global X S&P Catholic Values Developed ex-US ETF,5,60,14,39,64,1.0,10.0,9.63,17.55,6.9,16.61
96,PSCU.O,Invesco S&P SmallCap Utilities & Comm Svcs,5,60,14,39,64,1.0,10.0,9.63,26.98,6.82,18.04
96,CBLS.K,Clough Hedged Equity ETF,5,60,14,39,64,1.0,10.0,9.63,11.61,8.19,16.06
96,XDQQ.K,Innovator Growth Accelerated ETF - Quarterly,5,60,14,39,64,1.0,10.0,9.63,16.9,8.26,19.4
96,JPSV.K,JPMorgan Active Small Cap Value ETF,5,60,14,39,64,1.0,10.0,9.63,0.0,7.51,16.6
96,FXU,First Trust Utilities AlphaDEX Fund,5,60,14,39,64,1.0,10.0,9.63,0.0,7.29,17.3
96,VIGI.O,Vanguard Intl Dividend Appreciation Index Fund;ETF,5,60,14,39,64,1.0,10.0,9.63,7.44,7.08,16.24
96,VPU,Vanguard Utilities Index Fund;ETF,5,60,14,39,64,1.0,10.0,9.63,0.0,7.9,17.53
96,EWL,Ishares Msci Switzerland ETF,5,60,14,39,64,1.0,10.0,9.63,0.0,7.69,17.03
96,IHDG.K,WisdomTree International Hedged Qual Dividend Gro,5,60,14,39,64,1.0,10.0,9.63,24.02,7.5,15.93
96,ICVT.K,iShares Convertible Bond ETF,5,60,14,39,64,1.0,10.0,9.63,4.35,6.6,16.08
96,AVLV.K,Avantis US Large Cap Value ETF,5,60,14,39,64,1.0,10.0,9.63,0.0,9.26,17.8
96,SDY,SPDR S&P Dividend ETF,5,60,14,39,64,1.0,10.0,9.63,0.0,8.75,16.49
96,ESGD.O,iShares ESG Aware MSCI EAFE ETF,5,60,14,39,64,1.0,10.0,9.63,13.55,6.91,17.17
96,EFG,iShares MSCI EAFE Growth ETF,5,60,14,39,64,1.0,10.0,9.63,14.09,6.88,17.93
96,DFAC.K,Dimensional U S Core Equity 2 ETF,5,60,14,39,64,1.0,10.0,9.63,0.0,8.2,17.32
96,VLUE.K,iShares MSCI USA Value Factor ETF,5,60,14,39,64,1.0,10.0,9.63,0.0,8.6,18.61
96,DVY.O,iShares Select Dividend ETF,5,60,14,39,64,1.0,10.0,9.63,54.37,8.85,16.78
96,VT,Vanguard Total World Stock Index Fund;ETF,5,60,14,39,64,1.0,10.0,9.63,11.39,9.19,17.33
96,ACWI.O,iShares MSCI ACWI ETF,5,60,14,39,64,1.0,10.0,9.63,11.9,9.39,17.16
96,XLU,Utilities Select Sector SPDR Fund,5,60,14,39,64,1.0,10.0,9.63,0.0,7.76,17.66
96,FUTY.K,Fidelity MSCI Utilities Index ETF,5,60,14,39,64,1.0,10.0,9.63,0.0,7.2,18.7
96,DFUV.K,DFA Dimensional US Marketwide Value ETF,5,60,14,39,64,1.0,10.0,9.63,0.0,8.68,16.62
96,CRBN.K,iShares MSCI ACWI Low Carbon Target ETF,5,60,14,39,64,1.0,10.0,9.63,14.93,8.75,16.71
96,PEY.O,Invesco High Yield Equity Dividend Achvrs ETF,5,60,14,39,64,1.0,10.0,9.63,52.21,8.13,17.46
96,JIG,JPMorgan International Growth ETF,5,60,14,39,64,1.0,10.0,9.63,10.53,7.83,19.01
96,WTV,WisdomTree US Value Fund,5,60,14,39,64,1.0,10.0,9.63,0.0,7.11,18.31
96,QYLG.O,Global X Nasdaq 100 Covered Call & Growth ETF,5,60,14,39,64,1.0,10.0,9.63,12.9,6.66,18.14
96,SMMV.K,iShares MSCI USA Small-Cap Min Vol Factor ETF,5,60,14,39,64,1.0,10.0,9.63,0.0,6.93,16.34
96,KJAN.K,Innovator US Small Cap Power Buffer ETF - January,5,60,14,39,64,1.0,10.0,9.63,0.0,7.44,16.26
96,EQAL.K,Invesco Russell 1000 Equal Weight ETF,5,60,14,39,64,1.0,10.0,9.63,21.44,7.96,18.98
96,ROUS.K,Hartford Multifactor US Equity ETF,5,60,14,39,64,1.0,10.0,9.63,0.0,8.84,17.12
96,DMXF.O,iShares ESG Advanced MSCI EAFE ETF,5,60,14,39,64,1.0,10.0,9.63,12.01,8.92,17.13
96,EWJV.O,iShares MSCI Japan Value ETF,5,60,14,39,64,1.0,10.0,9.63,28.56,7.14,17.83
96,REGL.K,ProShares S&P MidCap 400 Dividend Aristocrats ETF,5,60,14,39,64,1.0,10.0,9.63,0.0,8.27,18.41
96,XMLV.K,Invesco S&P MidCap Low Volatility ETF,5,60,14,39,64,1.0,10.0,9.63,29.1,8.42,16.26
96,NULV.K,Nuveen ESG Large-Cap Value ETF,5,60,14,39,64,1.0,10.0,9.63,0.0,7.25,17.78
96,SPGM.K,SPDR Portfolio MSCI Global Stock Market ETF,5,60,14,39,64,1.0,10.0,9.63,14.42,9.21,17.65
96,IQDG.K,WisdomTree International Quality Dividend Growth,5,60,14,39,64,1.0,10.0,9.63,16.62,6.88,17.43
96,SDOG.K,ALPS Sector Dividend Dogs ETF,5,60,14,39,64,1.0,10.0,9.63,60.88,7.9,18.15
96,WCEO.K,Hypatia Women CEO ETF,5,60,14,39,64,1.0,10.0,9.63,0.0,8.39,16.8
96,WCEO.K,Hypatia Women CEO ETF,5,120,14,39,64,1.0,10.0,8.97,0.0,8.39,16.8
96,JPSV.K,JPMorgan Active Small Cap Value ETF,5,120,14,39,64,1.0,10.0,8.97,0.0,7.51,16.6
96,XLU,Utilities Select Sector SPDR Fund,5,120,14,39,64,1.0,10.0,8.97,0.0,7.76,17.66
96,IVRA.K,Invesco Real Assets ESG ETF,5,120,14,39,64,1.0,10.0,8.97,0.0,7.68,17.81
96,RAYD.K,Rayliant Quantitative Developed Market Equity ETF,5,120,14,39,64,1.0,10.0,8.97,0.0,8.75,16.45
96,GVLU.K,Gotham 1000 Value ETF,5,120,14,39,64,1.0,10.0,8.97,0.0,8.72,18.29
96,FSZ.O,First Trust Switzerland AlphaDEX Fund,5,120,14,39,64,1.0,10.0,8.97,13.0,8.14,18.41
96,DGIN.K,VanEck Digital India ETF,5,120,14,39,64,1.0,10.0,8.97,42.72,8.42,18.66
96,PIO.O,Invesco Global Water ETF,5,120,14,39,64,1.0,10.0,8.97,13.7,8.25,18.67
96,EASG.K,Xtrackers MSCI EAFE ESG Leaders Equity ETF,5,120,14,39,64,1.0,10.0,8.97,13.64,7.14,18.94
96,FVC.O,First Trust Dorsey Wright Dynamic Focus 5 ETF,5,120,14,39,64,1.0,10.0,8.97,0.0,8.69,17.6
96,IPKW.O,Invesco International BuyBack Achievers ETF,5,120,14,39,64,1.0,10.0,8.97,15.53,6.48,17.45
96,DGT,SPDR Global Dow ETF,5,120,14,39,64,1.0,10.0,8.97,14.89,8.55,17.36
96,VALQ.K,American Century US Quality Value ETF,5,120,14,39,64,1.0,10.0,8.97,0.0,7.11,18.57
96,FBOT.O,Fidelity Disruptive Automation ETF,5,120,14,39,64,1.0,10.0,8.97,0.0,6.88,16.49
96,GLOF.K,iShares Global Equity Factor ETF,5,120,14,39,64,1.0,10.0,8.97,0.0,7.66,17.64
96,IDHQ.K,Invesco S&P Internatnl Developed Quality ETF,5,120,14,39,64,1.0,10.0,8.97,15.49,7.24,18.46
96,STXK.K,Strive Small Cap ETF,5,120,14,39,64,1.0,10.0,8.97,0.0,8.6,18.65
96,TSLH.K,Innovator Hedged TSLA Strategy ETF,5,120,14,39,64,1.0,10.0,8.97,0.0,7.61,18.42
96,CBLS.K,Clough Hedged Equity ETF,5,120,14,39,64,1.0,10.0,8.97,60.87,8.19,16.06
96,FLSW.K,Franklin FTSE Switzerland ETF,5,120,14,39,64,1.0,10.0,8.97,0.0,7.11,17.35
96,PUI.O,Invesco Dorsey Wright Utilities Momentum ETF,5,120,14,39,64,1.0,10.0,8.97,0.0,8.12,17.8
96,EMSF.K,Matthews Emerging Markets Sustainable Ftr Actv ETF,5,120,14,39,64,1.0,10.0,8.97,0.0,8.49,18.29
96,HLGE.K,Hartford Longevity Economy ETF,5,120,14,39,64,1.0,10.0,8.97,0.0,7.52,16.4
96,DFND.K,Siren DIVCON Dividend Defender ETF,5,120,14,39,64,1.0,10.0,8.97,0.0,7.37,16.75
96,KEM,KraneShares Dynamic Emerging Markets Strategy ETF,5,120,14,39,64,1.0,10.0,8.97,0.0,7.02,16.43
96,XRLV.K,Invesco S&P 500 ex-Rate Sensitive LV ETF,5,120,14,39,64,1.0,10.0,8.97,0.0,8.91,16.04
96,FMCX.K,FM Focus Equity ETF,5,120,14,39,64,1.0,10.0,8.97,0.0,8.06,17.02
96,ECLN.K,First Trust EIP Carbon Impact ETF,5,120,14,39,64,1.0,10.0,8.97,0.0,6.8,18.77
96,KLDW.K,Knowledge Leaders Developed World ETF,5,120,14,39,64,1.0,10.0,8.97,11.42,8.21,16.78
96,DIEM.K,Franklin Emerging Market Core Dividend Tilt Ix ETF,5,120,14,39,64,1.0,10.0,8.97,0.0,8.45,16.01
96,RVER.K,Trenchless Fund ETF,5,120,14,39,64,1.0,10.0,8.97,0.0,6.94,18.05
96,DDIV.O,First Trust Dorsey Wright Momentum & Dividend ETF,5,120,14,39,64,1.0,10.0,8.97,55.34,6.92,18.71
96,EBLU.K,Ecofin Global Water ESG Fund,5,120,14,39,64,1.0,10.0,8.97,0.0,9.46,17.33
96,CEFA.O,Global X S&P Catholic Values Developed ex-US ETF,5,120,14,39,64,1.0,10.0,8.97,11.97,6.9,16.61
96,PSCU.O,Invesco S&P SmallCap Utilities & Comm Svcs,5,120,14,39,64,1.0,10.0,8.97,109.66,6.82,18.04
96,SDG.O,iShares MSCI Global Sustainable Development Goals,5,120,14,39,64,1.0,10.0,8.97,-1.76,7.1,16.69
96,DJD,Invesco Dow Jones Industrial Average Div ETF,5,120,14,39,64,1.0,10.0,8.97,0.0,8.96,17.31
96,CRBN.K,iShares MSCI ACWI Low Carbon Target ETF,5,120,14,39,64,1.0,10.0,8.97,13.25,8.75,16.71
96,SDY,SPDR S&P Dividend ETF,5,120,14,39,64,1.0,10.0,8.97,0.0,8.75,16.49
96,VIGI.O,Vanguard Intl Dividend Appreciation Index Fund;ETF,5,120,14,39,64,1.0,10.0,8.97,11.07,7.08,16.24
96,VPU,Vanguard Utilities Index Fund;ETF,5,120,14,39,64,1.0,10.0,8.97,0.0,7.9,17.53
96,EWL,Ishares Msci Switzerland ETF,5,120,14,39,64,1.0,10.0,8.97,0.0,7.69,17.03
96,IHDG.K,WisdomTree International Hedged Qual Dividend Gro,5,120,14,39,64,1.0,10.0,8.97,0.0,7.5,15.93
96,ICVT.K,iShares Convertible Bond ETF,5,120,14,39,64,1.0,10.0,8.97,6.44,6.6,16.08
96,AVLV.K,Avantis US Large Cap Value ETF,5,120,14,39,64,1.0,10.0,8.97,0.0,9.26,17.8
96,ESGD.O,iShares ESG Aware MSCI EAFE ETF,5,120,14,39,64,1.0,10.0,8.97,13.1,6.91,17.17
96,FXU,First Trust Utilities AlphaDEX Fund,5,120,14,39,64,1.0,10.0,8.97,0.0,7.29,17.3
96,EFG,iShares MSCI EAFE Growth ETF,5,120,14,39,64,1.0,10.0,8.97,13.12,6.88,17.93
96,DFAC.K,Dimensional U S Core Equity 2 ETF,5,120,14,39,64,1.0,10.0,8.97,0.0,8.2,17.32
96,VLUE.K,iShares MSCI USA Value Factor ETF,5,120,14,39,64,1.0,10.0,8.97,0.0,8.6,18.61
96,DVY.O,iShares Select Dividend ETF,5,120,14,39,64,1.0,10.0,8.97,58.71,8.85,16.78
96,VT,Vanguard Total World Stock Index Fund;ETF,5,120,14,39,64,1.0,10.0,8.97,0.0,9.19,17.33
96,ACWI.O,iShares MSCI ACWI ETF,5,120,14,39,64,1.0,10.0,8.97,0.0,9.39,17.16
96,FUTY.K,Fidelity MSCI Utilities Index ETF,5,120,14,39,64,1.0,10.0,8.97,0.0,7.2,18.7
96,DFUV.K,DFA Dimensional US Marketwide Value ETF,5,120,14,39,64,1.0,10.0,8.97,0.0,8.68,16.62
96,JIG,JPMorgan International Growth ETF,5,120,14,39,64,1.0,10.0,8.97,8.33,7.83,19.01
96,DMXF.O,iShares ESG Advanced MSCI EAFE ETF,5,120,14,39,64,1.0,10.0,8.97,14.97,8.92,17.13
96,WTV,WisdomTree US Value Fund,5,120,14,39,64,1.0,10.0,8.97,0.0,7.11,18.31
96,QYLG.O,Global X Nasdaq 100 Covered Call & Growth ETF,5,120,14,39,64,1.0,10.0,8.97,24.11,6.66,18.14
96,SMMV.K,iShares MSCI USA Small-Cap Min Vol Factor ETF,5,120,14,39,64,1.0,10.0,8.97,0.0,6.93,16.34
96,KJAN.K,Innovator US Small Cap Power Buffer ETF - January,5,120,14,39,64,1.0,10.0,8.97,0.0,7.44,16.26
96,EQAL.K,Invesco Russell 1000 Equal Weight ETF,5,120,14,39,64,1.0,10.0,8.97,17.72,7.96,18.98
96,ROUS.K,Hartford Multifactor US Equity ETF,5,120,14,39,64,1.0,10.0,8.97,0.0,8.84,17.12
96,EWJV.O,iShares MSCI Japan Value ETF,5,120,14,39,64,1.0,10.0,8.97,28.19,7.14,17.83
96,PEY.O,Invesco High Yield Equity Dividend Achvrs ETF,5,120,14,39,64,1.0,10.0,8.97,59.53,8.13,17.46
96,REGL.K,ProShares S&P MidCap 400 Dividend Aristocrats ETF,5,120,14,39,64,1.0,10.0,8.97,0.0,8.27,18.41
96,XMLV.K,Invesco S&P MidCap Low Volatility ETF,5,120,14,39,64,1.0,10.0,8.97,0.0,8.42,16.26
96,NULV.K,Nuveen ESG Large-Cap Value ETF,5,120,14,39,64,1.0,10.0,8.97,0.0,7.25,17.78
96,SPGM.K,SPDR Portfolio MSCI Global Stock Market ETF,5,120,14,39,64,1.0,10.0,8.97,13.21,9.21,17.65
96,IQDG.K,WisdomTree International Quality Dividend Growth,5,120,14,39,64,1.0,10.0,8.97,14.38,6.88,17.43
96,SDOG.K,ALPS Sector Dividend Dogs ETF,5,120,14,39,64,1.0,10.0,8.97,0.0,7.9,18.15
96,XDQQ.K,Innovator Growth Accelerated ETF - Quarterly,5,120,14,39,64,1.0,10.0,8.97,0.0,8.26,19.4
96,PCCE.K,Polen Capital China Growth ETF,5,120,14,39,64,1.0,10.0,8.97,0.0,7.06,18.69
96,IBGK.O,iShares iBonds Dec 2054 Term Treasury ETF,5,120,14,39,64,1.0,10.0,8.97,0.0,9.18,16.97
96,PCCE.K,Polen Capital China Growth ETF,5,60,14,39,69,1.0,10.0,8.94,0.0,7.06,18.69
96,FVC.O,First Trust Dorsey Wright Dynamic Focus 5 ETF,5,60,14,39,69,1.0,10.0,8.94,20.38,8.69,17.6
96,IVRA.K,Invesco Real Assets ESG ETF,5,60,14,39,69,1.0,10.0,8.94,0.0,7.68,17.81
96,RAYD.K,Rayliant Quantitative Developed Market Equity ETF,5,60,14,39,69,1.0,10.0,8.94,0.0,8.75,16.45
96,GVLU.K,Gotham 1000 Value ETF,5,60,14,39,69,1.0,10.0,8.94,0.0,8.72,18.29
96,FSZ.O,First Trust Switzerland AlphaDEX Fund,5,60,14,39,69,1.0,10.0,8.94,16.31,8.14,18.41
96,DGIN.K,VanEck Digital India ETF,5,60,14,39,69,1.0,10.0,8.94,46.32,8.42,18.66
96,PIO.O,Invesco Global Water ETF,5,60,14,39,69,1.0,10.0,8.94,14.29,8.25,18.67
96,EASG.K,Xtrackers MSCI EAFE ESG Leaders Equity ETF,5,60,14,39,69,1.0,10.0,8.94,17.95,7.14,18.94
96,IPKW.O,Invesco International BuyBack Achievers ETF,5,60,14,39,69,1.0,10.0,8.94,17.2,6.48,17.45
96,CBLS.K,Clough Hedged Equity ETF,5,60,14,39,69,1.0,10.0,8.94,12.42,8.19,16.06
96,DGT,SPDR Global Dow ETF,5,60,14,39,69,1.0,10.0,8.94,14.62,8.55,17.36
96,VALQ.K,American Century US Quality Value ETF,5,60,14,39,69,1.0,10.0,8.94,0.0,7.11,18.57
96,FBOT.O,Fidelity Disruptive Automation ETF,5,60,14,39,69,1.0,10.0,8.94,0.0,6.88,16.49
96,GLOF.K,iShares Global Equity Factor ETF,5,60,14,39,69,1.0,10.0,8.94,14.65,7.66,17.64
96,IDHQ.K,Invesco S&P Internatnl Developed Quality ETF,5,60,14,39,69,1.0,10.0,8.94,10.06,7.24,18.46
96,STXK.K,Strive Small Cap ETF,5,60,14,39,69,1.0,10.0,8.94,0.0,8.6,18.65
96,TSLH.K,Innovator Hedged TSLA Strategy ETF,5,60,14,39,69,1.0,10.0,8.94,0.0,7.61,18.42
96,FLSW.K,Franklin FTSE Switzerland ETF,5,60,14,39,69,1.0,10.0,8.94,0.0,7.11,17.35
96,WCEO.K,Hypatia Women CEO ETF,5,60,14,39,69,1.0,10.0,8.94,0.0,8.39,16.8
96,KLDW.K,Knowledge Leaders Developed World ETF,5,60,14,39,69,1.0,10.0,8.94,14.2,8.21,16.78
96,IBGK.O,iShares iBonds Dec 2054 Term Treasury ETF,5,60,14,39,69,1.0,10.0,8.94,0.0,9.18,16.97
96,EMSF.K,Matthews Emerging Markets Sustainable Ftr Actv ETF,5,60,14,39,69,1.0,10.0,8.94,0.0,8.49,18.29
96,HLGE.K,Hartford Longevity Economy ETF,5,60,14,39,69,1.0,10.0,8.94,13.61,7.52,16.4
96,DFND.K,Siren DIVCON Dividend Defender ETF,5,60,14,39,69,1.0,10.0,8.94,0.0,7.37,16.75
96,KEM,KraneShares Dynamic Emerging Markets Strategy ETF,5,60,14,39,69,1.0,10.0,8.94,0.0,7.02,16.43
96,XRLV.K,Invesco S&P 500 ex-Rate Sensitive LV ETF,5,60,14,39,69,1.0,10.0,8.94,0.0,8.91,16.04
96,FMCX.K,FM Focus Equity ETF,5,60,14,39,69,1.0,10.0,8.94,0.0,8.06,17.02
96,PUI.O,Invesco Dorsey Wright Utilities Momentum ETF,5,60,14,39,69,1.0,10.0,8.94,0.0,8.12,17.8
96,ECLN.K,First Trust EIP Carbon Impact ETF,5,60,14,39,69,1.0,10.0,8.94,0.0,6.8,18.77
96,DIEM.K,Franklin Emerging Market Core Dividend Tilt Ix ETF,5,60,14,39,69,1.0,10.0,8.94,0.0,8.45,16.01
96,RVER.K,Trenchless Fund ETF,5,60,14,39,69,1.0,10.0,8.94,0.0,6.94,18.05
96,DDIV.O,First Trust Dorsey Wright Momentum & Dividend ETF,5,60,14,39,69,1.0,10.0,8.94,14.17,6.92,18.71
96,EBLU.K,Ecofin Global Water ESG Fund,5,60,14,39,69,1.0,10.0,8.94,10.26,9.46,17.33
96,CEFA.O,Global X S&P Catholic Values Developed ex-US ETF,5,60,14,39,69,1.0,10.0,8.94,17.55,6.9,16.61
96,PSCU.O,Invesco S&P SmallCap Utilities & Comm Svcs,5,60,14,39,69,1.0,10.0,8.94,25.7,6.82,18.04
96,SDG.O,iShares MSCI Global Sustainable Development Goals,5,60,14,39,69,1.0,10.0,8.94,-1.8,7.1,16.69
96,DJD,Invesco Dow Jones Industrial Average Div ETF,5,60,14,39,69,1.0,10.0,8.94,0.0,8.96,17.31
96,XDQQ.K,Innovator Growth Accelerated ETF - Quarterly,5,60,14,39,69,1.0,10.0,8.94,17.94,8.26,19.4
96,FXU,First Trust Utilities AlphaDEX Fund,5,60,14,39,69,1.0,10.0,8.94,0.0,7.29,17.3
96,VIGI.O,Vanguard Intl Dividend Appreciation Index Fund;ETF,5,60,14,39,69,1.0,10.0,8.94,7.44,7.08,16.24
96,VPU,Vanguard Utilities Index Fund;ETF,5,60,14,39,69,1.0,10.0,8.94,0.0,7.9,17.53
96,EWL,Ishares Msci Switzerland ETF,5,60,14,39,69,1.0,10.0,8.94,0.0,7.69,17.03
96,IHDG.K,WisdomTree International Hedged Qual Dividend Gro,5,60,14,39,69,1.0,10.0,8.94,25.94,7.5,15.93
96,ICVT.K,iShares Convertible Bond ETF,5,60,14,39,69,1.0,10.0,8.94,4.35,6.6,16.08
96,AVLV.K,Avantis US Large Cap Value ETF,5,60,14,39,69,1.0,10.0,8.94,0.0,9.26,17.8
96,SDY,SPDR S&P Dividend ETF,5,60,14,39,69,1.0,10.0,8.94,0.0,8.75,16.49
96,ESGD.O,iShares ESG Aware MSCI EAFE ETF,5,60,14,39,69,1.0,10.0,8.94,14.88,6.91,17.17
96,EFG,iShares MSCI EAFE Growth ETF,5,60,14,39,69,1.0,10.0,8.94,14.38,6.88,17.93
96,DFAC.K,Dimensional U S Core Equity 2 ETF,5,60,14,39,69,1.0,10.0,8.94,0.0,8.2,17.32
96,VLUE.K,iShares MSCI USA Value Factor ETF,5,60,14,39,69,1.0,10.0,8.94,0.0,8.6,18.61
96,DVY.O,iShares Select Dividend ETF,5,60,14,39,69,1.0,10.0,8.94,54.42,8.85,16.78
96,VT,Vanguard Total World Stock Index Fund;ETF,5,60,14,39,69,1.0,10.0,8.94,13.6,9.19,17.33
96,ACWI.O,iShares MSCI ACWI ETF,5,60,14,39,69,1.0,10.0,8.94,14.17,9.39,17.16
96,XLU,Utilities Select Sector SPDR Fund,5,60,14,39,69,1.0,10.0,8.94,0.0,7.76,17.66
96,FUTY.K,Fidelity MSCI Utilities Index ETF,5,60,14,39,69,1.0,10.0,8.94,0.0,7.2,18.7
96,DFUV.K,DFA Dimensional US Marketwide Value ETF,5,60,14,39,69,1.0,10.0,8.94,0.0,8.68,16.62
96,CRBN.K,iShares MSCI ACWI Low Carbon Target ETF,5,60,14,39,69,1.0,10.0,8.94,15.82,8.75,16.71
96,PEY.O,Invesco High Yield Equity Dividend Achvrs ETF,5,60,14,39,69,1.0,10.0,8.94,49.12,8.13,17.46
96,JIG,JPMorgan International Growth ETF,5,60,14,39,69,1.0,10.0,8.94,10.53,7.83,19.01
96,WTV,WisdomTree US Value Fund,5,60,14,39,69,1.0,10.0,8.94,0.0,7.11,18.31
96,QYLG.O,Global X Nasdaq 100 Covered Call & Growth ETF,5,60,14,39,69,1.0,10.0,8.94,12.9,6.66,18.14
96,SMMV.K,iShares MSCI USA Small-Cap Min Vol Factor ETF,5,60,14,39,69,1.0,10.0,8.94,0.0,6.93,16.34
96,KJAN.K,Innovator US Small Cap Power Buffer ETF - January,5,60,14,39,69,1.0,10.0,8.94,0.0,7.44,16.26
96,EQAL.K,Invesco Russell 1000 Equal Weight ETF,5,60,14,39,69,1.0,10.0,8.94,17.37,7.96,18.98
96,ROUS.K,Hartford Multifactor US Equity ETF,5,60,14,39,69,1.0,10.0,8.94,0.0,8.84,17.12
96,DMXF.O,iShares ESG Advanced MSCI EAFE ETF,5,60,14,39,69,1.0,10.0,8.94,12.01,8.92,17.13
96,EWJV.O,iShares MSCI Japan Value ETF,5,60,14,39,69,1.0,10.0,8.94,10.74,7.14,17.83
96,REGL.K,ProShares S&P MidCap 400 Dividend Aristocrats ETF,5,60,14,39,69,1.0,10.0,8.94,0.0,8.27,18.41
96,XMLV.K,Invesco S&P MidCap Low Volatility ETF,5,60,14,39,69,1.0,10.0,8.94,6.17,8.42,16.26
96,NULV.K,Nuveen ESG Large-Cap Value ETF,5,60,14,39,69,1.0,10.0,8.94,0.0,7.25,17.78
96,SPGM.K,SPDR Portfolio MSCI Global Stock Market ETF,5,60,14,39,69,1.0,10.0,8.94,15.33,9.21,17.65
96,IQDG.K,WisdomTree International Quality Dividend Growth,5,60,14,39,69,1.0,10.0,8.94,16.88,6.88,17.43
96,SDOG.K,ALPS Sector Dividend Dogs ETF,5,60,14,39,69,1.0,10.0,8.94,58.59,7.9,18.15
96,JPSV.K,JPMorgan Active Small Cap Value ETF,5,60,14,39,69,1.0,10.0,8.94,0.0,7.51,16.6
96,JPSV.K,JPMorgan Active Small Cap Value ETF,5,120,14,39,59,1.0,10.0,8.83,0.0,7.51,16.6
96,WCEO.K,Hypatia Women CEO ETF,5,120,14,39,59,1.0,10.0,8.83,0.0,8.39,16.8
96,IVRA.K,Invesco Real Assets ESG ETF,5,120,14,39,59,1.0,10.0,8.83,0.0,7.68,17.81
96,GVLU.K,Gotham 1000 Value ETF,5,120,14,39,59,1.0,10.0,8.83,0.0,8.72,18.29
96,FSZ.O,First Trust Switzerland AlphaDEX Fund,5,120,14,39,59,1.0,10.0,8.83,13.0,8.14,18.41
96,DGIN.K,VanEck Digital India ETF,5,120,14,39,59,1.0,10.0,8.83,39.77,8.42,18.66
96,PIO.O,Invesco Global Water ETF,5,120,14,39,59,1.0,10.0,8.83,12.5,8.25,18.67
96,EASG.K,Xtrackers MSCI EAFE ESG Leaders Equity ETF,5,120,14,39,59,1.0,10.0,8.83,14.53,7.14,18.94
96,FVC.O,First Trust Dorsey Wright Dynamic Focus 5 ETF,5,120,14,39,59,1.0,10.0,8.83,0.0,8.69,17.6
96,IPKW.O,Invesco International BuyBack Achievers ETF,5,120,14,39,59,1.0,10.0,8.83,15.13,6.48,17.45
96,DGT,SPDR Global Dow ETF,5,120,14,39,59,1.0,10.0,8.83,12.99,8.55,17.36
96,VALQ.K,American Century US Quality Value ETF,5,120,14,39,59,1.0,10.0,8.83,0.0,7.11,18.57
96,FBOT.O,Fidelity Disruptive Automation ETF,5,120,14,39,59,1.0,10.0,8.83,0.0,6.88,16.49
96,GLOF.K,iShares Global Equity Factor ETF,5,120,14,39,59,1.0,10.0,8.83,0.0,7.66,17.64
96,IDHQ.K,Invesco S&P Internatnl Developed Quality ETF,5,120,14,39,59,1.0,10.0,8.83,15.31,7.24,18.46
96,STXK.K,Strive Small Cap ETF,5,120,14,39,59,1.0,10.0,8.83,0.0,8.6,18.65
96,SDG.O,iShares MSCI Global Sustainable Development Goals,5,120,14,39,59,1.0,10.0,8.83,-1.76,7.1,16.69
96,DJD,Invesco Dow Jones Industrial Average Div ETF,5,120,14,39,59,1.0,10.0,8.83,0.0,8.96,17.31
96,RAYD.K,Rayliant Quantitative Developed Market Equity ETF,5,120,14,39,59,1.0,10.0,8.83,0.0,8.75,16.45
96,TSLH.K,Innovator Hedged TSLA Strategy ETF,5,120,14,39,59,1.0,10.0,8.83,0.0,7.61,18.42
96,EMSF.K,Matthews Emerging Markets Sustainable Ftr Actv ETF,5,120,14,39,59,1.0,10.0,8.83,0.0,8.49,18.29
96,CBLS.K,Clough Hedged Equity ETF,5,120,14,39,59,1.0,10.0,8.83,60.87,8.19,16.06
96,HLGE.K,Hartford Longevity Economy ETF,5,120,14,39,59,1.0,10.0,8.83,0.0,7.52,16.4
96,DFND.K,Siren DIVCON Dividend Defender ETF,5,120,14,39,59,1.0,10.0,8.83,0.0,7.37,16.75
96,KEM,KraneShares Dynamic Emerging Markets Strategy ETF,5,120,14,39,59,1.0,10.0,8.83,0.0,7.02,16.43
96,XRLV.K,Invesco S&P 500 ex-Rate Sensitive LV ETF,5,120,14,39,59,1.0,10.0,8.83,0.0,8.91,16.04
96,FMCX.K,FM Focus Equity ETF,5,120,14,39,59,1.0,10.0,8.83,0.0,8.06,17.02
96,PUI.O,Invesco Dorsey Wright Utilities Momentum ETF,5,120,14,39,59,1.0,10.0,8.83,0.0,8.12,17.8
96,ECLN.K,First Trust EIP Carbon Impact ETF,5,120,14,39,59,1.0,10.0,8.83,0.0,6.8,18.77
96,DIEM.K,Franklin Emerging Market Core Dividend Tilt Ix ETF,5,120,14,39,59,1.0,10.0,8.83,0.0,8.45,16.01
96,RVER.K,Trenchless Fund ETF,5,120,14,39,59,1.0,10.0,8.83,0.0,6.94,18.05
96,DDIV.O,First Trust Dorsey Wright Momentum & Dividend ETF,5,120,14,39,59,1.0,10.0,8.83,57.88,6.92,18.71
96,EBLU.K,Ecofin Global Water ESG Fund,5,120,14,39,59,1.0,10.0,8.83,0.0,9.46,17.33
96,CEFA.O,Global X S&P Catholic Values Developed ex-US ETF,5,120,14,39,59,1.0,10.0,8.83,14.53,6.9,16.61
96,PSCU.O,Invesco S&P SmallCap Utilities & Comm Svcs,5,120,14,39,59,1.0,10.0,8.83,92.22,6.82,18.04
96,KLDW.K,Knowledge Leaders Developed World ETF,5,120,14,39,59,1.0,10.0,8.83,13.44,8.21,16.78
96,FLSW.K,Franklin FTSE Switzerland ETF,5,120,14,39,59,1.0,10.0,8.83,0.0,7.11,17.35
96,XDQQ.K,Innovator Growth Accelerated ETF - Quarterly,5,120,14,39,59,1.0,10.0,8.83,0.0,8.26,19.4
96,CRBN.K,iShares MSCI ACWI Low Carbon Target ETF,5,120,14,39,59,1.0,10.0,8.83,9.88,8.75,16.71
96,JIG,JPMorgan International Growth ETF,5,120,14,39,59,1.0,10.0,8.83,8.33,7.83,19.01
96,WTV,WisdomTree US Value Fund,5,120,14,39,59,1.0,10.0,8.83,0.0,7.11,18.31
96,VPU,Vanguard Utilities Index Fund;ETF,5,120,14,39,59,1.0,10.0,8.83,0.0,7.9,17.53
96,EWL,Ishares Msci Switzerland ETF,5,120,14,39,59,1.0,10.0,8.83,0.0,7.69,17.03
96,IHDG.K,WisdomTree International Hedged Qual Dividend Gro,5,120,14,39,59,1.0,10.0,8.83,0.0,7.5,15.93
96,ICVT.K,iShares Convertible Bond ETF,5,120,14,39,59,1.0,10.0,8.83,6.44,6.6,16.08
96,AVLV.K,Avantis US Large Cap Value ETF,5,120,14,39,59,1.0,10.0,8.83,0.0,9.26,17.8
96,SDY,SPDR S&P Dividend ETF,5,120,14,39,59,1.0,10.0,8.83,0.0,8.75,16.49
96,ESGD.O,iShares ESG Aware MSCI EAFE ETF,5,120,14,39,59,1.0,10.0,8.83,14.84,6.91,17.17
96,EFG,iShares MSCI EAFE Growth ETF,5,120,14,39,59,1.0,10.0,8.83,15.01,6.88,17.93
96,DFAC.K,Dimensional U S Core Equity 2 ETF,5,120,14,39,59,1.0,10.0,8.83,0.0,8.2,17.32
96,VLUE.K,iShares MSCI USA Value Factor ETF,5,120,14,39,59,1.0,10.0,8.83,0.0,8.6,18.61
96,DVY.O,iShares Select Dividend ETF,5,120,14,39,59,1.0,10.0,8.83,53.96,8.85,16.78
96,VT,Vanguard Total World Stock Index Fund;ETF,5,120,14,39,59,1.0,10.0,8.83,0.0,9.19,17.33
96,ACWI.O,iShares MSCI ACWI ETF,5,120,14,39,59,1.0,10.0,8.83,0.0,9.39,17.16
96,XLU,Utilities Select Sector SPDR Fund,5,120,14,39,59,1.0,10.0,8.83,0.0,7.76,17.66
96,PCCE.K,Polen Capital China Growth ETF,5,120,14,39,59,1.0,10.0,8.83,0.0,7.06,18.69
96,VIGI.O,Vanguard Intl Dividend Appreciation Index Fund;ETF,5,120,14,39,59,1.0,10.0,8.83,11.07,7.08,16.24
96,FUTY.K,Fidelity MSCI Utilities Index ETF,5,120,14,39,59,1.0,10.0,8.83,0.0,7.2,18.7
96,FXU,First Trust Utilities AlphaDEX Fund,5,120,14,39,59,1.0,10.0,8.83,0.0,7.29,17.3
96,EWJV.O,iShares MSCI Japan Value ETF,5,120,14,39,59,1.0,10.0,8.83,31.02,7.14,17.83
96,QYLG.O,Global X Nasdaq 100 Covered Call & Growth ETF,5,120,14,39,59,1.0,10.0,8.83,25.34,6.66,18.14
96,SMMV.K,iShares MSCI USA Small-Cap Min Vol Factor ETF,5,120,14,39,59,1.0,10.0,8.83,0.0,6.93,16.34
96,KJAN.K,Innovator US Small Cap Power Buffer ETF - January,5,120,14,39,59,1.0,10.0,8.83,0.0,7.44,16.26
96,EQAL.K,Invesco Russell 1000 Equal Weight ETF,5,120,14,39,59,1.0,10.0,8.83,26.0,7.96,18.98
96,ROUS.K,Hartford Multifactor US Equity ETF,5,120,14,39,59,1.0,10.0,8.83,0.0,8.84,17.12
96,DMXF.O,iShares ESG Advanced MSCI EAFE ETF,5,120,14,39,59,1.0,10.0,8.83,16.7,8.92,17.13
96,REGL.K,ProShares S&P MidCap 400 Dividend Aristocrats ETF,5,120,14,39,59,1.0,10.0,8.83,0.0,8.27,18.41
96,DFUV.K,DFA Dimensional US Marketwide Value ETF,5,120,14,39,59,1.0,10.0,8.83,0.0,8.68,16.62
96,XMLV.K,Invesco S&P MidCap Low Volatility ETF,5,120,14,39,59,1.0,10.0,8.83,0.0,8.42,16.26
96,NULV.K,Nuveen ESG Large-Cap Value ETF,5,120,14,39,59,1.0,10.0,8.83,0.0,7.25,17.78
96,SPGM.K,SPDR Portfolio MSCI Global Stock Market ETF,5,120,14,39,59,1.0,10.0,8.83,11.27,9.21,17.65
96,IQDG.K,WisdomTree International Quality Dividend Growth,5,120,14,39,59,1.0,10.0,8.83,17.45,6.88,17.43
96,SDOG.K,ALPS Sector Dividend Dogs ETF,5,120,14,39,59,1.0,10.0,8.83,0.0,7.9,18.15
96,PEY.O,Invesco High Yield Equity Dividend Achvrs ETF,5,120,14,39,59,1.0,10.0,8.83,54.46,8.13,17.46
96,IBGK.O,iShares iBonds Dec 2054 Term Treasury ETF,5,120,14,39,59,1.0,10.0,8.83,0.0,9.18,16.97
96,SDG.O,iShares MSCI Global Sustainable Development Goals,5,120,14,39,69,1.0,10.0,7.73,-1.76,7.1,16.69
96,CRBN.K,iShares MSCI ACWI Low Carbon Target ETF,5,120,14,39,69,1.0,10.0,7.73,14.39,8.75,16.71
96,IDHQ.K,Invesco S&P Internatnl Developed Quality ETF,5,120,14,39,69,1.0,10.0,7.73,9.26,7.24,18.46
96,SPGM.K,SPDR Portfolio MSCI Global Stock Market ETF,5,120,14,39,69,1.0,10.0,7.73,14.3,9.21,17.65
96,NULV.K,Nuveen ESG Large-Cap Value ETF,5,120,14,39,69,1.0,10.0,7.73,0.0,7.25,17.78
96,XMLV.K,Invesco S&P MidCap Low Volatility ETF,5,120,14,39,69,1.0,10.0,7.73,0.0,8.42,16.26
96,REGL.K,ProShares S&P MidCap 400 Dividend Aristocrats ETF,5,120,14,39,69,1.0,10.0,7.73,0.0,8.27,18.41
96,EWJV.O,iShares MSCI Japan Value ETF,5,120,14,39,69,1.0,10.0,7.73,9.68,7.14,17.83
96,DMXF.O,iShares ESG Advanced MSCI EAFE ETF,5,120,14,39,69,1.0,10.0,7.73,14.97,8.92,17.13
96,ROUS.K,Hartford Multifactor US Equity ETF,5,120,14,39,69,1.0,10.0,7.73,0.0,8.84,17.12
96,EQAL.K,Invesco Russell 1000 Equal Weight ETF,5,120,14,39,69,1.0,10.0,7.73,15.0,7.96,18.98
96,KJAN.K,Innovator US Small Cap Power Buffer ETF - January,5,120,14,39,69,1.0,10.0,7.73,0.0,7.44,16.26
96,SMMV.K,iShares MSCI USA Small-Cap Min Vol Factor ETF,5,120,14,39,69,1.0,10.0,7.73,0.0,6.93,16.34
96,QYLG.O,Global X Nasdaq 100 Covered Call & Growth ETF,5,120,14,39,69,1.0,10.0,7.73,24.11,6.66,18.14
96,WTV,WisdomTree US Value Fund,5,120,14,39,69,1.0,10.0,7.73,0.0,7.11,18.31
96,JIG,JPMorgan International Growth ETF,5,120,14,39,69,1.0,10.0,7.73,8.33,7.83,19.01
96,XDQQ.K,Innovator Growth Accelerated ETF - Quarterly,5,120,14,39,69,1.0,10.0,7.73,0.0,8.26,19.4
96,DJD,Invesco Dow Jones Industrial Average Div ETF,5,120,14,39,69,1.0,10.0,7.73,0.0,8.96,17.31
96,IQDG.K,WisdomTree International Quality Dividend Growth,5,120,14,39,69,1.0,10.0,7.73,14.38,6.88,17.43
96,SDOG.K,ALPS Sector Dividend Dogs ETF,5,120,14,39,69,1.0,10.0,7.73,0.0,7.9,18.15
96,PEY.O,Invesco High Yield Equity Dividend Achvrs ETF,5,120,14,39,69,1.0,10.0,7.73,54.17,8.13,17.46
96,SDY,SPDR S&P Dividend ETF,5,120,14,39,69,1.0,10.0,7.73,0.0,8.75,16.49
96,VT,Vanguard Total World Stock Index Fund;ETF,5,120,14,39,69,1.0,10.0,7.73,0.0,9.19,17.33
96,DVY.O,iShares Select Dividend ETF,5,120,14,39,69,1.0,10.0,7.73,58.3,8.85,16.78
96,VLUE.K,iShares MSCI USA Value Factor ETF,5,120,14,39,69,1.0,10.0,7.73,0.0,8.6,18.61
96,DFAC.K,Dimensional U S Core Equity 2 ETF,5,120,14,39,69,1.0,10.0,7.73,0.0,8.2,17.32
96,EFG,iShares MSCI EAFE Growth ETF,5,120,14,39,69,1.0,10.0,7.73,13.12,6.88,17.93
96,ESGD.O,iShares ESG Aware MSCI EAFE ETF,5,120,14,39,69,1.0,10.0,7.73,13.1,6.91,17.17
96,AVLV.K,Avantis US Large Cap Value ETF,5,120,14,39,69,1.0,10.0,7.73,0.0,9.26,17.8
96,DFUV.K,DFA Dimensional US Marketwide Value ETF,5,120,14,39,69,1.0,10.0,7.73,0.0,8.68,16.62
96,ICVT.K,iShares Convertible Bond ETF,5,120,14,39,69,1.0,10.0,7.73,6.44,6.6,16.08
96,IHDG.K,WisdomTree International Hedged Qual Dividend Gro,5,120,14,39,69,1.0,10.0,7.73,0.0,7.5,15.93
96,EWL,Ishares Msci Switzerland ETF,5,120,14,39,69,1.0,10.0,7.73,0.0,7.69,17.03
96,VPU,Vanguard Utilities Index Fund;ETF,5,120,14,39,69,1.0,10.0,7.73,0.0,7.9,17.53
96,VIGI.O,Vanguard Intl Dividend Appreciation Index Fund;ETF,5,120,14,39,69,1.0,10.0,7.73,11.07,7.08,16.24
96,FUTY.K,Fidelity MSCI Utilities Index ETF,5,120,14,39,69,1.0,10.0,7.73,0.0,7.2,18.7
96,STXK.K,Strive Small Cap ETF,5,120,14,39,69,1.0,10.0,7.73,0.0,8.6,18.65
96,GLOF.K,iShares Global Equity Factor ETF,5,120,14,39,69,1.0,10.0,7.73,0.0,7.66,17.64
96,XLU,Utilities Select Sector SPDR Fund,5,120,14,39,69,1.0,10.0,7.73,0.0,7.76,17.66
96,FBOT.O,Fidelity Disruptive Automation ETF,5,120,14,39,69,1.0,10.0,7.73,0.0,6.88,16.49
96,DDIV.O,First Trust Dorsey Wright Momentum & Dividend ETF,5,120,14,39,69,1.0,10.0,7.73,27.86,6.92,18.71
96,RVER.K,Trenchless Fund ETF,5,120,14,39,69,1.0,10.0,7.73,0.0,6.94,18.05
96,DIEM.K,Franklin Emerging Market Core Dividend Tilt Ix ETF,5,120,14,39,69,1.0,10.0,7.73,0.0,8.45,16.01
96,ECLN.K,First Trust EIP Carbon Impact ETF,5,120,14,39,69,1.0,10.0,7.73,0.0,6.8,18.77
96,PUI.O,Invesco Dorsey Wright Utilities Momentum ETF,5,120,14,39,69,1.0,10.0,7.73,0.0,8.12,17.8
96,FMCX.K,FM Focus Equity ETF,5,120,14,39,69,1.0,10.0,7.73,0.0,8.06,17.02
96,XRLV.K,Invesco S&P 500 ex-Rate Sensitive LV ETF,5,120,14,39,69,1.0,10.0,7.73,0.0,8.91,16.04
96,KEM,KraneShares Dynamic Emerging Markets Strategy ETF,5,120,14,39,69,1.0,10.0,7.73,0.0,7.02,16.43
96,DFND.K,Siren DIVCON Dividend Defender ETF,5,120,14,39,69,1.0,10.0,7.73,0.0,7.37,16.75
96,HLGE.K,Hartford Longevity Economy ETF,5,120,14,39,69,1.0,10.0,7.73,0.0,7.52,16.4
96,EMSF.K,Matthews Emerging Markets Sustainable Ftr Actv ETF,5,120,14,39,69,1.0,10.0,7.73,0.0,8.49,18.29
96,JPSV.K,JPMorgan Active Small Cap Value ETF,5,120,14,39,69,1.0,10.0,7.73,0.0,7.51,16.6
96,WCEO.K,Hypatia Women CEO ETF,5,120,14,39,69,1.0,10.0,7.73,0.0,8.39,16.8
96,PCCE.K,Polen Capital China Growth ETF,5,120,14,39,69,1.0,10.0,7.73,0.0,7.06,18.69
96,IBGK.O,iShares iBonds Dec 2054 Term Treasury ETF,5,120,14,39,69,1.0,10.0,7.73,0.0,9.18,16.97
96,EBLU.K,Ecofin Global Water ESG Fund,5,120,14,39,69,1.0,10.0,7.73,0.0,9.46,17.33
96,CEFA.O,Global X S&P Catholic Values Developed ex-US ETF,5,120,14,39,69,1.0,10.0,7.73,11.97,6.9,16.61
96,PSCU.O,Invesco S&P SmallCap Utilities & Comm Svcs,5,120,14,39,69,1.0,10.0,7.73,71.5,6.82,18.04
96,DGIN.K,VanEck Digital India ETF,5,120,14,39,69,1.0,10.0,7.73,48.86,8.42,18.66
96,VALQ.K,American Century US Quality Value ETF,5,120,14,39,69,1.0,10.0,7.73,0.0,7.11,18.57
96,DGT,SPDR Global Dow ETF,5,120,14,39,69,1.0,10.0,7.73,15.72,8.55,17.36
96,IPKW.O,Invesco International BuyBack Achievers ETF,5,120,14,39,69,1.0,10.0,7.73,15.53,6.48,17.45
96,FVC.O,First Trust Dorsey Wright Dynamic Focus 5 ETF,5,120,14,39,69,1.0,10.0,7.73,0.0,8.69,17.6
96,EASG.K,Xtrackers MSCI EAFE ESG Leaders Equity ETF,5,120,14,39,69,1.0,10.0,7.73,13.64,7.14,18.94
96,PIO.O,Invesco Global Water ETF,5,120,14,39,69,1.0,10.0,7.73,15.5,8.25,18.67
96,FSZ.O,First Trust Switzerland AlphaDEX Fund,5,120,14,39,69,1.0,10.0,7.73,13.0,8.14,18.41
96,KLDW.K,Knowledge Leaders Developed World ETF,5,120,14,39,69,1.0,10.0,7.73,11.42,8.21,16.78
96,GVLU.K,Gotham 1000 Value ETF,5,120,14,39,69,1.0,10.0,7.73,0.0,8.72,18.29
96,RAYD.K,Rayliant Quantitative Developed Market Equity ETF,5,120,14,39,69,1.0,10.0,7.73,0.0,8.75,16.45
96,IVRA.K,Invesco Real Assets ESG ETF,5,120,14,39,69,1.0,10.0,7.73,0.0,7.68,17.81
96,TSLH.K,Innovator Hedged TSLA Strategy ETF,5,120,14,39,69,1.0,10.0,7.73,0.0,7.61,18.42
96,CBLS.K,Clough Hedged Equity ETF,5,120,14,39,69,1.0,10.0,7.73,55.67,8.19,16.06
96,FLSW.K,Franklin FTSE Switzerland ETF,5,120,14,39,69,1.0,10.0,7.73,0.0,7.11,17.35
96,ACWI.O,iShares MSCI ACWI ETF,5,120,14,39,69,1.0,10.0,7.73,0.0,9.39,17.16
96,FXU,First Trust Utilities AlphaDEX Fund,5,120,14,39,69,1.0,10.0,7.73,0.0,7.29,17.3
96,IBGK.O,iShares iBonds Dec 2054 Term Treasury ETF,5,60,14,39,74,1.0,10.0,5.85,0.0,9.18,16.97
96,KJAN.K,Innovator US Small Cap Power Buffer ETF - January,5,60,14,39,74,1.0,10.0,5.85,0.0,7.44,16.26
96,SPGM.K,SPDR Portfolio MSCI Global Stock Market ETF,5,60,14,39,74,1.0,10.0,5.85,15.78,9.21,17.65
96,NULV.K,Nuveen ESG Large-Cap Value ETF,5,60,14,39,74,1.0,10.0,5.85,0.0,7.25,17.78
96,XMLV.K,Invesco S&P MidCap Low Volatility ETF,5,60,14,39,74,1.0,10.0,5.85,6.17,8.42,16.26
96,EWJV.O,iShares MSCI Japan Value ETF,5,60,14,39,74,1.0,10.0,5.85,10.49,7.14,17.83
96,DMXF.O,iShares ESG Advanced MSCI EAFE ETF,5,60,14,39,74,1.0,10.0,5.85,12.01,8.92,17.13
96,ROUS.K,Hartford Multifactor US Equity ETF,5,60,14,39,74,1.0,10.0,5.85,0.0,8.84,17.12
96,EQAL.K,Invesco Russell 1000 Equal Weight ETF,5,60,14,39,74,1.0,10.0,5.85,18.27,7.96,18.98
96,SMMV.K,iShares MSCI USA Small-Cap Min Vol Factor ETF,5,60,14,39,74,1.0,10.0,5.85,0.0,6.93,16.34
96,SDOG.K,ALPS Sector Dividend Dogs ETF,5,60,14,39,74,1.0,10.0,5.85,10.83,7.9,18.15
96,QYLG.O,Global X Nasdaq 100 Covered Call & Growth ETF,5,60,14,39,74,1.0,10.0,5.85,12.9,6.66,18.14
96,WTV,WisdomTree US Value Fund,5,60,14,39,74,1.0,10.0,5.85,0.0,7.11,18.31
96,JIG,JPMorgan International Growth ETF,5,60,14,39,74,1.0,10.0,5.85,10.53,7.83,19.01
96,CRBN.K,iShares MSCI ACWI Low Carbon Target ETF,5,60,14,39,74,1.0,10.0,5.85,15.2,8.75,16.71
96,XDQQ.K,Innovator Growth Accelerated ETF - Quarterly,5,60,14,39,74,1.0,10.0,5.85,17.94,8.26,19.4
96,DJD,Invesco Dow Jones Industrial Average Div ETF,5,60,14,39,74,1.0,10.0,5.85,0.0,8.96,17.31
96,SDG.O,iShares MSCI Global Sustainable Development Goals,5,60,14,39,74,1.0,10.0,5.85,-1.8,7.1,16.69
96,IQDG.K,WisdomTree International Quality Dividend Growth,5,60,14,39,74,1.0,10.0,5.85,17.45,6.88,17.43
96,PEY.O,Invesco High Yield Equity Dividend Achvrs ETF,5,60,14,39,74,1.0,10.0,5.85,7.9,8.13,17.46
96,IDHQ.K,Invesco S&P Internatnl Developed Quality ETF,5,60,14,39,74,1.0,10.0,5.85,7.41,7.24,18.46
96,SDY,SPDR S&P Dividend ETF,5,60,14,39,74,1.0,10.0,5.85,0.0,8.75,16.49
96,ACWI.O,iShares MSCI ACWI ETF,5,60,14,39,74,1.0,10.0,5.85,8.32,9.39,17.16
96,VT,Vanguard Total World Stock Index Fund;ETF,5,60,14,39,74,1.0,10.0,5.85,8.2,9.19,17.33
96,DVY.O,iShares Select Dividend ETF,5,60,14,39,74,1.0,10.0,5.85,10.79,8.85,16.78
96,VLUE.K,iShares MSCI USA Value Factor ETF,5,60,14,39,74,1.0,10.0,5.85,0.0,8.6,18.61
96,DFAC.K,Dimensional U S Core Equity 2 ETF,5,60,14,39,74,1.0,10.0,5.85,0.0,8.2,17.32
96,EFG,iShares MSCI EAFE Growth ETF,5,60,14,39,74,1.0,10.0,5.85,10.49,6.88,17.93
96,ESGD.O,iShares ESG Aware MSCI EAFE ETF,5,60,14,39,74,1.0,10.0,5.85,5.36,6.91,17.17
96,AVLV.K,Avantis US Large Cap Value ETF,5,60,14,39,74,1.0,10.0,5.85,0.0,9.26,17.8
96,DFUV.K,DFA Dimensional US Marketwide Value ETF,5,60,14,39,74,1.0,10.0,5.85,0.0,8.68,16.62
96,ICVT.K,iShares Convertible Bond ETF,5,60,14,39,74,1.0,10.0,5.85,4.35,6.6,16.08
96,IHDG.K,WisdomTree International Hedged Qual Dividend Gro,5,60,14,39,74,1.0,10.0,5.85,18.33,7.5,15.93
96,EWL,Ishares Msci Switzerland ETF,5,60,14,39,74,1.0,10.0,5.85,0.0,7.69,17.03
96,VPU,Vanguard Utilities Index Fund;ETF,5,60,14,39,74,1.0,10.0,5.85,0.0,7.9,17.53
96,VIGI.O,Vanguard Intl Dividend Appreciation Index Fund;ETF,5,60,14,39,74,1.0,10.0,5.85,7.44,7.08,16.24
96,FUTY.K,Fidelity MSCI Utilities Index ETF,5,60,14,39,74,1.0,10.0,5.85,0.0,7.2,18.7
96,FXU,First Trust Utilities AlphaDEX Fund,5,60,14,39,74,1.0,10.0,5.85,0.0,7.29,17.3
96,STXK.K,Strive Small Cap ETF,5,60,14,39,74,1.0,10.0,5.85,0.0,8.6,18.65
96,REGL.K,ProShares S&P MidCap 400 Dividend Aristocrats ETF,5,60,14,39,74,1.0,10.0,5.85,0.0,8.27,18.41
96,EMSF.K,Matthews Emerging Markets Sustainable Ftr Actv ETF,5,60,14,39,74,1.0,10.0,5.85,0.0,8.49,18.29
96,FLSW.K,Franklin FTSE Switzerland ETF,5,60,14,39,74,1.0,10.0,5.85,0.0,7.11,17.35
96,PSCU.O,Invesco S&P SmallCap Utilities & Comm Svcs,5,60,14,39,74,1.0,10.0,5.85,0.34,6.82,18.04
96,CEFA.O,Global X S&P Catholic Values Developed ex-US ETF,5,60,14,39,74,1.0,10.0,5.85,17.55,6.9,16.61
96,EBLU.K,Ecofin Global Water ESG Fund,5,60,14,39,74,1.0,10.0,5.85,10.26,9.46,17.33
96,RVER.K,Trenchless Fund ETF,5,60,14,39,74,1.0,10.0,5.85,0.0,6.94,18.05
96,DIEM.K,Franklin Emerging Market Core Dividend Tilt Ix ETF,5,60,14,39,74,1.0,10.0,5.85,0.0,8.45,16.01
96,ECLN.K,First Trust EIP Carbon Impact ETF,5,60,14,39,74,1.0,10.0,5.85,0.0,6.8,18.77
96,PUI.O,Invesco Dorsey Wright Utilities Momentum ETF,5,60,14,39,74,1.0,10.0,5.85,0.0,8.12,17.8
96,FMCX.K,FM Focus Equity ETF,5,60,14,39,74,1.0,10.0,5.85,0.0,8.06,17.02
96,XRLV.K,Invesco S&P 500 ex-Rate Sensitive LV ETF,5,60,14,39,74,1.0,10.0,5.85,0.0,8.91,16.04
96,KEM,KraneShares Dynamic Emerging Markets Strategy ETF,5,60,14,39,74,1.0,10.0,5.85,0.0,7.02,16.43
96,DFND.K,Siren DIVCON Dividend Defender ETF,5,60,14,39,74,1.0,10.0,5.85,0.0,7.37,16.75
96,HLGE.K,Hartford Longevity Economy ETF,5,60,14,39,74,1.0,10.0,5.85,13.61,7.52,16.4
96,GLOF.K,iShares Global Equity Factor ETF,5,60,14,39,74,1.0,10.0,5.85,8.6,7.66,17.64
96,JPSV.K,JPMorgan Active Small Cap Value ETF,5,60,14,39,74,1.0,10.0,5.85,0.0,7.51,16.6
96,WCEO.K,Hypatia Women CEO ETF,5,60,14,39,74,1.0,10.0,5.85,0.0,8.39,16.8
96,KLDW.K,Knowledge Leaders Developed World ETF,5,60,14,39,74,1.0,10.0,5.85,14.94,8.21,16.78
96,DDIV.O,First Trust Dorsey Wright Momentum & Dividend ETF,5,60,14,39,74,1.0,10.0,5.85,9.22,6.92,18.71
96,CBLS.K,Clough Hedged Equity ETF,5,60,14,39,74,1.0,10.0,5.85,12.42,8.19,16.06
96,PIO.O,Invesco Global Water ETF,5,60,14,39,74,1.0,10.0,5.85,8.78,8.25,18.67
96,XLU,Utilities Select Sector SPDR Fund,5,60,14,39,74,1.0,10.0,5.85,0.0,7.76,17.66
96,PCCE.K,Polen Capital China Growth ETF,5,60,14,39,74,1.0,10.0,5.85,0.0,7.06,18.69
96,TSLH.K,Innovator Hedged TSLA Strategy ETF,5,60,14,39,74,1.0,10.0,5.85,0.0,7.61,18.42
96,VALQ.K,American Century US Quality Value ETF,5,60,14,39,74,1.0,10.0,5.85,0.0,7.11,18.57
96,DGT,SPDR Global Dow ETF,5,60,14,39,74,1.0,10.0,5.85,7.33,8.55,17.36
96,IPKW.O,Invesco International BuyBack Achievers ETF,5,60,14,39,74,1.0,10.0,5.85,18.72,6.48,17.45
96,FVC.O,First Trust Dorsey Wright Dynamic Focus 5 ETF,5,60,14,39,74,1.0,10.0,5.85,20.38,8.69,17.6
96,EASG.K,Xtrackers MSCI EAFE ESG Leaders Equity ETF,5,60,14,39,74,1.0,10.0,5.85,17.95,7.14,18.94
96,FBOT.O,Fidelity Disruptive Automation ETF,5,60,14,39,74,1.0,10.0,5.85,0.0,6.88,16.49
96,DGIN.K,VanEck Digital India ETF,5,60,14,39,74,1.0,10.0,5.85,37.74,8.42,18.66
96,GVLU.K,Gotham 1000 Value ETF,5,60,14,39,74,1.0,10.0,5.85,0.0,8.72,18.29
96,RAYD.K,Rayliant Quantitative Developed Market Equity ETF,5,60,14,39,74,1.0,10.0,5.85,0.0,8.75,16.45
96,IVRA.K,Invesco Real Assets ESG ETF,5,60,14,39,74,1.0,10.0,5.85,0.0,7.68,17.81
96,FSZ.O,First Trust Switzerland AlphaDEX Fund,5,60,14,39,74,1.0,10.0,5.85,6.64,8.14,18.41
96,KJAN.K,Innovator US Small Cap Power Buffer ETF - January,5,60,14,39,79,1.0,10.0,5.27,0.0,7.44,16.26
96,XMLV.K,Invesco S&P MidCap Low Volatility ETF,5,60,14,39,79,1.0,10.0,5.27,6.17,8.42,16.26
96,REGL.K,ProShares S&P MidCap 400 Dividend Aristocrats ETF,5,60,14,39,79,1.0,10.0,5.27,0.0,8.27,18.41
96,EWJV.O,iShares MSCI Japan Value ETF,5,60,14,39,79,1.0,10.0,5.27,10.49,7.14,17.83
96,DMXF.O,iShares ESG Advanced MSCI EAFE ETF,5,60,14,39,79,1.0,10.0,5.27,12.01,8.92,17.13
96,ROUS.K,Hartford Multifactor US Equity ETF,5,60,14,39,79,1.0,10.0,5.27,0.0,8.84,17.12
96,EQAL.K,Invesco Russell 1000 Equal Weight ETF,5,60,14,39,79,1.0,10.0,5.27,18.88,7.96,18.98
96,WTV,WisdomTree US Value Fund,5,60,14,39,79,1.0,10.0,5.27,0.0,7.11,18.31
96,SMMV.K,iShares MSCI USA Small-Cap Min Vol Factor ETF,5,60,14,39,79,1.0,10.0,5.27,0.0,6.93,16.34
96,QYLG.O,Global X Nasdaq 100 Covered Call & Growth ETF,5,60,14,39,79,1.0,10.0,5.27,12.9,6.66,18.14
96,JIG,JPMorgan International Growth ETF,5,60,14,39,79,1.0,10.0,5.27,10.53,7.83,19.01
96,CRBN.K,iShares MSCI ACWI Low Carbon Target ETF,5,60,14,39,79,1.0,10.0,5.27,18.06,8.75,16.71
96,XDQQ.K,Innovator Growth Accelerated ETF - Quarterly,5,60,14,39,79,1.0,10.0,5.27,17.94,8.26,19.4
96,DJD,Invesco Dow Jones Industrial Average Div ETF,5,60,14,39,79,1.0,10.0,5.27,0.0,8.96,17.31
96,SPGM.K,SPDR Portfolio MSCI Global Stock Market ETF,5,60,14,39,79,1.0,10.0,5.27,16.59,9.21,17.65
96,NULV.K,Nuveen ESG Large-Cap Value ETF,5,60,14,39,79,1.0,10.0,5.27,0.0,7.25,17.78
96,EFG,iShares MSCI EAFE Growth ETF,5,60,14,39,79,1.0,10.0,5.27,5.12,6.88,17.93
96,IQDG.K,WisdomTree International Quality Dividend Growth,5,60,14,39,79,1.0,10.0,5.27,6.83,6.88,17.43
96,SDOG.K,ALPS Sector Dividend Dogs ETF,5,60,14,39,79,1.0,10.0,5.27,10.83,7.9,18.15
96,DFAC.K,Dimensional U S Core Equity 2 ETF,5,60,14,39,79,1.0,10.0,5.27,0.0,8.2,17.32
96,VLUE.K,iShares MSCI USA Value Factor ETF,5,60,14,39,79,1.0,10.0,5.27,0.0,8.6,18.61
96,STXK.K,Strive Small Cap ETF,5,60,14,39,79,1.0,10.0,5.27,0.0,8.6,18.65
96,ESGD.O,iShares ESG Aware MSCI EAFE ETF,5,60,14,39,79,1.0,10.0,5.27,5.36,6.91,17.17
96,SDY,SPDR S&P Dividend ETF,5,60,14,39,79,1.0,10.0,5.27,0.0,8.75,16.49
96,AVLV.K,Avantis US Large Cap Value ETF,5,60,14,39,79,1.0,10.0,5.27,0.0,9.26,17.8
96,ICVT.K,iShares Convertible Bond ETF,5,60,14,39,79,1.0,10.0,5.27,4.35,6.6,16.08
96,IHDG.K,WisdomTree International Hedged Qual Dividend Gro,5,60,14,39,79,1.0,10.0,5.27,8.7,7.5,15.93
96,EWL,Ishares Msci Switzerland ETF,5,60,14,39,79,1.0,10.0,5.27,0.0,7.69,17.03
96,VPU,Vanguard Utilities Index Fund;ETF,5,60,14,39,79,1.0,10.0,5.27,0.0,7.9,17.53
96,VIGI.O,Vanguard Intl Dividend Appreciation Index Fund;ETF,5,60,14,39,79,1.0,10.0,5.27,7.44,7.08,16.24
96,FUTY.K,Fidelity MSCI Utilities Index ETF,5,60,14,39,79,1.0,10.0,5.27,0.0,7.2,18.7
96,FXU,First Trust Utilities AlphaDEX Fund,5,60,14,39,79,1.0,10.0,5.27,0.0,7.29,17.3
96,DFUV.K,DFA Dimensional US Marketwide Value ETF,5,60,14,39,79,1.0,10.0,5.27,0.0,8.68,16.62
96,PEY.O,Invesco High Yield Equity Dividend Achvrs ETF,5,60,14,39,79,1.0,10.0,5.27,7.9,8.13,17.46
96,SDG.O,iShares MSCI Global Sustainable Development Goals,5,60,14,39,79,1.0,10.0,5.27,-1.8,7.1,16.69
96,PCCE.K,Polen Capital China Growth ETF,5,60,14,39,79,1.0,10.0,5.27,0.0,7.06,18.69
96,IDHQ.K,Invesco S&P Internatnl Developed Quality ETF,5,60,14,39,79,1.0,10.0,5.27,5.49,7.24,18.46
96,GLOF.K,iShares Global Equity Factor ETF,5,60,14,39,79,1.0,10.0,5.27,8.6,7.66,17.64
96,EBLU.K,Ecofin Global Water ESG Fund,5,60,14,39,79,1.0,10.0,5.27,10.26,9.46,17.33
96,DDIV.O,First Trust Dorsey Wright Momentum & Dividend ETF,5,60,14,39,79,1.0,10.0,5.27,6.21,6.92,18.71
96,RVER.K,Trenchless Fund ETF,5,60,14,39,79,1.0,10.0,5.27,0.0,6.94,18.05
96,DIEM.K,Franklin Emerging Market Core Dividend Tilt Ix ETF,5,60,14,39,79,1.0,10.0,5.27,0.0,8.45,16.01
96,ECLN.K,First Trust EIP Carbon Impact ETF,5,60,14,39,79,1.0,10.0,5.27,0.0,6.8,18.77
96,PUI.O,Invesco Dorsey Wright Utilities Momentum ETF,5,60,14,39,79,1.0,10.0,5.27,0.0,8.12,17.8
96,FMCX.K,FM Focus Equity ETF,5,60,14,39,79,1.0,10.0,5.27,0.0,8.06,17.02
96,XRLV.K,Invesco S&P 500 ex-Rate Sensitive LV ETF,5,60,14,39,79,1.0,10.0,5.27,0.0,8.91,16.04
96,KEM,KraneShares Dynamic Emerging Markets Strategy ETF,5,60,14,39,79,1.0,10.0,5.27,0.0,7.02,16.43
96,DFND.K,Siren DIVCON Dividend Defender ETF,5,60,14,39,79,1.0,10.0,5.27,0.0,7.37,16.75
96,HLGE.K,Hartford Longevity Economy ETF,5,60,14,39,79,1.0,10.0,5.27,13.61,7.52,16.4
96,EMSF.K,Matthews Emerging Markets Sustainable Ftr Actv ETF,5,60,14,39,79,1.0,10.0,5.27,0.0,8.49,18.29
96,JPSV.K,JPMorgan Active Small Cap Value ETF,5,60,14,39,79,1.0,10.0,5.27,0.0,7.51,16.6
96,VT,Vanguard Total World Stock Index Fund;ETF,5,60,14,39,79,1.0,10.0,5.27,8.82,9.19,17.33
96,WCEO.K,Hypatia Women CEO ETF,5,60,14,39,79,1.0,10.0,5.27,0.0,8.39,16.8
96,CEFA.O,Global X S&P Catholic Values Developed ex-US ETF,5,60,14,39,79,1.0,10.0,5.27,17.55,6.9,16.61
96,PSCU.O,Invesco S&P SmallCap Utilities & Comm Svcs,5,60,14,39,79,1.0,10.0,5.27,0.34,6.82,18.04
96,KLDW.K,Knowledge Leaders Developed World ETF,5,60,14,39,79,1.0,10.0,5.27,7.11,8.21,16.78
96,PIO.O,Invesco Global Water ETF,5,60,14,39,79,1.0,10.0,5.27,9.58,8.25,18.67
96,FBOT.O,Fidelity Disruptive Automation ETF,5,60,14,39,79,1.0,10.0,5.27,0.0,6.88,16.49
96,VALQ.K,American Century US Quality Value ETF,5,60,14,39,79,1.0,10.0,5.27,0.0,7.11,18.57
96,DGT,SPDR Global Dow ETF,5,60,14,39,79,1.0,10.0,5.27,8.29,8.55,17.36
96,IPKW.O,Invesco International BuyBack Achievers ETF,5,60,14,39,79,1.0,10.0,5.27,5.55,6.48,17.45
96,FVC.O,First Trust Dorsey Wright Dynamic Focus 5 ETF,5,60,14,39,79,1.0,10.0,5.27,20.38,8.69,17.6
96,EASG.K,Xtrackers MSCI EAFE ESG Leaders Equity ETF,5,60,14,39,79,1.0,10.0,5.27,17.95,7.14,18.94
96,DGIN.K,VanEck Digital India ETF,5,60,14,39,79,1.0,10.0,5.27,37.74,8.42,18.66
96,FLSW.K,Franklin FTSE Switzerland ETF,5,60,14,39,79,1.0,10.0,5.27,0.0,7.11,17.35
96,FSZ.O,First Trust Switzerland AlphaDEX Fund,5,60,14,39,79,1.0,10.0,5.27,6.64,8.14,18.41
96,GVLU.K,Gotham 1000 Value ETF,5,60,14,39,79,1.0,10.0,5.27,0.0,8.72,18.29
96,RAYD.K,Rayliant Quantitative Developed Market Equity ETF,5,60,14,39,79,1.0,10.0,5.27,0.0,8.75,16.45
96,IVRA.K,Invesco Real Assets ESG ETF,5,60,14,39,79,1.0,10.0,5.27,0.0,7.68,17.81
96,TSLH.K,Innovator Hedged TSLA Strategy ETF,5,60,14,39,79,1.0,10.0,5.27,0.0,7.61,18.42
96,CBLS.K,Clough Hedged Equity ETF,5,60,14,39,79,1.0,10.0,5.27,12.42,8.19,16.06
96,DVY.O,iShares Select Dividend ETF,5,60,14,39,79,1.0,10.0,5.27,10.79,8.85,16.78
96,IBGK.O,iShares iBonds Dec 2054 Term Treasury ETF,5,60,14,39,79,1.0,10.0,5.27,0.0,9.18,16.97
96,XLU,Utilities Select Sector SPDR Fund,5,60,14,39,79,1.0,10.0,5.27,0.0,7.76,17.66
96,ACWI.O,iShares MSCI ACWI ETF,5,60,14,39,79,1.0,10.0,5.27,9.61,9.39,17.16
96,EMSF.K,Matthews Emerging Markets Sustainable Ftr Actv ETF,5,120,14,39,74,1.0,10.0,5.11,0.0,8.49,18.29
96,IPKW.O,Invesco International BuyBack Achievers ETF,5,120,14,39,74,1.0,10.0,5.11,15.53,6.48,17.45
96,GVLU.K,Gotham 1000 Value ETF,5,120,14,39,74,1.0,10.0,5.11,0.0,8.72,18.29
96,FSZ.O,First Trust Switzerland AlphaDEX Fund,5,120,14,39,74,1.0,10.0,5.11,13.0,8.14,18.41
96,DGIN.K,VanEck Digital India ETF,5,120,14,39,74,1.0,10.0,5.11,39.22,8.42,18.66
96,PIO.O,Invesco Global Water ETF,5,120,14,39,74,1.0,10.0,5.11,9.37,8.25,18.67
96,EASG.K,Xtrackers MSCI EAFE ESG Leaders Equity ETF,5,120,14,39,74,1.0,10.0,5.11,13.64,7.14,18.94
96,FVC.O,First Trust Dorsey Wright Dynamic Focus 5 ETF,5,120,14,39,74,1.0,10.0,5.11,0.0,8.69,17.6
96,VALQ.K,American Century US Quality Value ETF,5,120,14,39,74,1.0,10.0,5.11,0.0,7.11,18.57
96,DGT,SPDR Global Dow ETF,5,120,14,39,74,1.0,10.0,5.11,15.2,8.55,17.36
96,IVRA.K,Invesco Real Assets ESG ETF,5,120,14,39,74,1.0,10.0,5.11,0.0,7.68,17.81
96,FBOT.O,Fidelity Disruptive Automation ETF,5,120,14,39,74,1.0,10.0,5.11,0.0,6.88,16.49
96,GLOF.K,iShares Global Equity Factor ETF,5,120,14,39,74,1.0,10.0,5.11,0.0,7.66,17.64
96,IDHQ.K,Invesco S&P Internatnl Developed Quality ETF,5,120,14,39,74,1.0,10.0,5.11,9.73,7.24,18.46
96,STXK.K,Strive Small Cap ETF,5,120,14,39,74,1.0,10.0,5.11,0.0,8.6,18.65
96,SDG.O,iShares MSCI Global Sustainable Development Goals,5,120,14,39,74,1.0,10.0,5.11,-1.76,7.1,16.69
96,RAYD.K,Rayliant Quantitative Developed Market Equity ETF,5,120,14,39,74,1.0,10.0,5.11,0.0,8.75,16.45
96,CBLS.K,Clough Hedged Equity ETF,5,120,14,39,74,1.0,10.0,5.11,55.67,8.19,16.06
96,TSLH.K,Innovator Hedged TSLA Strategy ETF,5,120,14,39,74,1.0,10.0,5.11,0.0,7.61,18.42
96,DIEM.K,Franklin Emerging Market Core Dividend Tilt Ix ETF,5,120,14,39,74,1.0,10.0,5.11,0.0,8.45,16.01
96,DFND.K,Siren DIVCON Dividend Defender ETF,5,120,14,39,74,1.0,10.0,5.11,0.0,7.37,16.75
96,KEM,KraneShares Dynamic Emerging Markets Strategy ETF,5,120,14,39,74,1.0,10.0,5.11,0.0,7.02,16.43
96,XRLV.K,Invesco S&P 500 ex-Rate Sensitive LV ETF,5,120,14,39,74,1.0,10.0,5.11,0.0,8.91,16.04
96,FMCX.K,FM Focus Equity ETF,5,120,14,39,74,1.0,10.0,5.11,0.0,8.06,17.02
96,PUI.O,Invesco Dorsey Wright Utilities Momentum ETF,5,120,14,39,74,1.0,10.0,5.11,0.0,8.12,17.8
96,ECLN.K,First Trust EIP Carbon Impact ETF,5,120,14,39,74,1.0,10.0,5.11,0.0,6.8,18.77
96,RVER.K,Trenchless Fund ETF,5,120,14,39,74,1.0,10.0,5.11,0.0,6.94,18.05
96,XDQQ.K,Innovator Growth Accelerated ETF - Quarterly,5,120,14,39,74,1.0,10.0,5.11,0.0,8.26,19.4
96,DDIV.O,First Trust Dorsey Wright Momentum & Dividend ETF,5,120,14,39,74,1.0,10.0,5.11,13.3,6.92,18.71
96,EBLU.K,Ecofin Global Water ESG Fund,5,120,14,39,74,1.0,10.0,5.11,0.0,9.46,17.33
96,CEFA.O,Global X S&P Catholic Values Developed ex-US ETF,5,120,14,39,74,1.0,10.0,5.11,11.97,6.9,16.61
96,PSCU.O,Invesco S&P SmallCap Utilities & Comm Svcs,5,120,14,39,74,1.0,10.0,5.11,-0.15,6.82,18.04
96,KLDW.K,Knowledge Leaders Developed World ETF,5,120,14,39,74,1.0,10.0,5.11,11.42,8.21,16.78
96,FLSW.K,Franklin FTSE Switzerland ETF,5,120,14,39,74,1.0,10.0,5.11,0.0,7.11,17.35
96,DJD,Invesco Dow Jones Industrial Average Div ETF,5,120,14,39,74,1.0,10.0,5.11,0.0,8.96,17.31
96,WTV,WisdomTree US Value Fund,5,120,14,39,74,1.0,10.0,5.11,0.0,7.11,18.31
96,JIG,JPMorgan International Growth ETF,5,120,14,39,74,1.0,10.0,5.11,8.33,7.83,19.01
96,ESGD.O,iShares ESG Aware MSCI EAFE ETF,5,120,14,39,74,1.0,10.0,5.11,13.1,6.91,17.17
96,VPU,Vanguard Utilities Index Fund;ETF,5,120,14,39,74,1.0,10.0,5.11,0.0,7.9,17.53
96,EWL,Ishares Msci Switzerland ETF,5,120,14,39,74,1.0,10.0,5.11,0.0,7.69,17.03
96,IHDG.K,WisdomTree International Hedged Qual Dividend Gro,5,120,14,39,74,1.0,10.0,5.11,0.0,7.5,15.93
96,ICVT.K,iShares Convertible Bond ETF,5,120,14,39,74,1.0,10.0,5.11,6.44,6.6,16.08
96,AVLV.K,Avantis US Large Cap Value ETF,5,120,14,39,74,1.0,10.0,5.11,0.0,9.26,17.8
96,SDY,SPDR S&P Dividend ETF,5,120,14,39,74,1.0,10.0,5.11,0.0,8.75,16.49
96,EFG,iShares MSCI EAFE Growth ETF,5,120,14,39,74,1.0,10.0,5.11,13.12,6.88,17.93
96,FUTY.K,Fidelity MSCI Utilities Index ETF,5,120,14,39,74,1.0,10.0,5.11,0.0,7.2,18.7
96,DFAC.K,Dimensional U S Core Equity 2 ETF,5,120,14,39,74,1.0,10.0,5.11,0.0,8.2,17.32
96,VLUE.K,iShares MSCI USA Value Factor ETF,5,120,14,39,74,1.0,10.0,5.11,0.0,8.6,18.61
96,DVY.O,iShares Select Dividend ETF,5,120,14,39,74,1.0,10.0,5.11,9.64,8.85,16.78
96,VT,Vanguard Total World Stock Index Fund;ETF,5,120,14,39,74,1.0,10.0,5.11,0.0,9.19,17.33
96,ACWI.O,iShares MSCI ACWI ETF,5,120,14,39,74,1.0,10.0,5.11,0.0,9.39,17.16
96,XLU,Utilities Select Sector SPDR Fund,5,120,14,39,74,1.0,10.0,5.11,0.0,7.76,17.66
96,VIGI.O,Vanguard Intl Dividend Appreciation Index Fund;ETF,5,120,14,39,74,1.0,10.0,5.11,11.07,7.08,16.24
96,FXU,First Trust Utilities AlphaDEX Fund,5,120,14,39,74,1.0,10.0,5.11,0.0,7.29,17.3
96,JPSV.K,JPMorgan Active Small Cap Value ETF,5,120,14,39,74,1.0,10.0,5.11,0.0,7.51,16.6
96,EWJV.O,iShares MSCI Japan Value ETF,5,120,14,39,74,1.0,10.0,5.11,9.52,7.14,17.83
96,QYLG.O,Global X Nasdaq 100 Covered Call & Growth ETF,5,120,14,39,74,1.0,10.0,5.11,24.11,6.66,18.14
96,SMMV.K,iShares MSCI USA Small-Cap Min Vol Factor ETF,5,120,14,39,74,1.0,10.0,5.11,0.0,6.93,16.34
96,KJAN.K,Innovator US Small Cap Power Buffer ETF - January,5,120,14,39,74,1.0,10.0,5.11,0.0,7.44,16.26
96,EQAL.K,Invesco Russell 1000 Equal Weight ETF,5,120,14,39,74,1.0,10.0,5.11,16.35,7.96,18.98
96,ROUS.K,Hartford Multifactor US Equity ETF,5,120,14,39,74,1.0,10.0,5.11,0.0,8.84,17.12
96,DMXF.O,iShares ESG Advanced MSCI EAFE ETF,5,120,14,39,74,1.0,10.0,5.11,14.97,8.92,17.13
96,REGL.K,ProShares S&P MidCap 400 Dividend Aristocrats ETF,5,120,14,39,74,1.0,10.0,5.11,0.0,8.27,18.41
96,DFUV.K,DFA Dimensional US Marketwide Value ETF,5,120,14,39,74,1.0,10.0,5.11,0.0,8.68,16.62
96,XMLV.K,Invesco S&P MidCap Low Volatility ETF,5,120,14,39,74,1.0,10.0,5.11,0.0,8.42,16.26
96,NULV.K,Nuveen ESG Large-Cap Value ETF,5,120,14,39,74,1.0,10.0,5.11,0.0,7.25,17.78
96,SPGM.K,SPDR Portfolio MSCI Global Stock Market ETF,5,120,14,39,74,1.0,10.0,5.11,14.98,9.21,17.65
96,IQDG.K,WisdomTree International Quality Dividend Growth,5,120,14,39,74,1.0,10.0,5.11,14.38,6.88,17.43
96,SDOG.K,ALPS Sector Dividend Dogs ETF,5,120,14,39,74,1.0,10.0,5.11,0.0,7.9,18.15
96,PEY.O,Invesco High Yield Equity Dividend Achvrs ETF,5,120,14,39,74,1.0,10.0,5.11,7.12,8.13,17.46
96,HLGE.K,Hartford Longevity Economy ETF,5,120,14,39,74,1.0,10.0,5.11,0.0,7.52,16.4
96,CRBN.K,iShares MSCI ACWI Low Carbon Target ETF,5,120,14,39,74,1.0,10.0,5.11,14.07,8.75,16.71
96,WCEO.K,Hypatia Women CEO ETF,5,120,14,39,74,1.0,10.0,5.11,0.0,8.39,16.8
96,PCCE.K,Polen Capital China Growth ETF,5,120,14,39,74,1.0,10.0,5.11,0.0,7.06,18.69
96,IBGK.O,iShares iBonds Dec 2054 Term Treasury ETF,5,120,14,39,74,1.0,10.0,5.11,0.0,9.18,16.97
96,HLGE.K,Hartford Longevity Economy ETF,5,120,14,39,79,1.0,10.0,5.07,0.0,7.52,16.4
96,REGL.K,ProShares S&P MidCap 400 Dividend Aristocrats ETF,5,120,14,39,79,1.0,10.0,5.07,0.0,8.27,18.41
96,PEY.O,Invesco High Yield Equity Dividend Achvrs ETF,5,120,14,39,79,1.0,10.0,5.07,7.12,8.13,17.46
96,SDOG.K,ALPS Sector Dividend Dogs ETF,5,120,14,39,79,1.0,10.0,5.07,0.0,7.9,18.15
96,IQDG.K,WisdomTree International Quality Dividend Growth,5,120,14,39,79,1.0,10.0,5.07,14.38,6.88,17.43
96,SPGM.K,SPDR Portfolio MSCI Global Stock Market ETF,5,120,14,39,79,1.0,10.0,5.07,15.88,9.21,17.65
96,NULV.K,Nuveen ESG Large-Cap Value ETF,5,120,14,39,79,1.0,10.0,5.07,0.0,7.25,17.78
96,XMLV.K,Invesco S&P MidCap Low Volatility ETF,5,120,14,39,79,1.0,10.0,5.07,0.0,8.42,16.26
96,DMXF.O,iShares ESG Advanced MSCI EAFE ETF,5,120,14,39,79,1.0,10.0,5.07,14.97,8.92,17.13
96,EWJV.O,iShares MSCI Japan Value ETF,5,120,14,39,79,1.0,10.0,5.07,9.52,7.14,17.83
96,FXU,First Trust Utilities AlphaDEX Fund,5,120,14,39,79,1.0,10.0,5.07,0.0,7.29,17.3
96,ROUS.K,Hartford Multifactor US Equity ETF,5,120,14,39,79,1.0,10.0,5.07,0.0,8.84,17.12
96,EQAL.K,Invesco Russell 1000 Equal Weight ETF,5,120,14,39,79,1.0,10.0,5.07,17.12,7.96,18.98
96,KJAN.K,Innovator US Small Cap Power Buffer ETF - January,5,120,14,39,79,1.0,10.0,5.07,0.0,7.44,16.26
96,SMMV.K,iShares MSCI USA Small-Cap Min Vol Factor ETF,5,120,14,39,79,1.0,10.0,5.07,0.0,6.93,16.34
96,QYLG.O,Global X Nasdaq 100 Covered Call & Growth ETF,5,120,14,39,79,1.0,10.0,5.07,24.11,6.66,18.14
96,DFUV.K,DFA Dimensional US Marketwide Value ETF,5,120,14,39,79,1.0,10.0,5.07,0.0,8.68,16.62
96,VIGI.O,Vanguard Intl Dividend Appreciation Index Fund;ETF,5,120,14,39,79,1.0,10.0,5.07,11.07,7.08,16.24
96,FUTY.K,Fidelity MSCI Utilities Index ETF,5,120,14,39,79,1.0,10.0,5.07,0.0,7.2,18.7
96,EFG,iShares MSCI EAFE Growth ETF,5,120,14,39,79,1.0,10.0,5.07,13.12,6.88,17.93
96,XLU,Utilities Select Sector SPDR Fund,5,120,14,39,79,1.0,10.0,5.07,0.0,7.76,17.66
96,ACWI.O,iShares MSCI ACWI ETF,5,120,14,39,79,1.0,10.0,5.07,0.0,9.39,17.16
96,VT,Vanguard Total World Stock Index Fund;ETF,5,120,14,39,79,1.0,10.0,5.07,0.0,9.19,17.33
96,DVY.O,iShares Select Dividend ETF,5,120,14,39,79,1.0,10.0,5.07,9.64,8.85,16.78
96,VLUE.K,iShares MSCI USA Value Factor ETF,5,120,14,39,79,1.0,10.0,5.07,0.0,8.6,18.61
96,DFAC.K,Dimensional U S Core Equity 2 ETF,5,120,14,39,79,1.0,10.0,5.07,0.0,8.2,17.32
96,ESGD.O,iShares ESG Aware MSCI EAFE ETF,5,120,14,39,79,1.0,10.0,5.07,13.1,6.91,17.17
96,DFND.K,Siren DIVCON Dividend Defender ETF,5,120,14,39,79,1.0,10.0,5.07,0.0,7.37,16.75
96,SDY,SPDR S&P Dividend ETF,5,120,14,39,79,1.0,10.0,5.07,0.0,8.75,16.49
96,AVLV.K,Avantis US Large Cap Value ETF,5,120,14,39,79,1.0,10.0,5.07,0.0,9.26,17.8
96,ICVT.K,iShares Convertible Bond ETF,5,120,14,39,79,1.0,10.0,5.07,6.44,6.6,16.08
96,IHDG.K,WisdomTree International Hedged Qual Dividend Gro,5,120,14,39,79,1.0,10.0,5.07,0.0,7.5,15.93
96,EWL,Ishares Msci Switzerland ETF,5,120,14,39,79,1.0,10.0,5.07,0.0,7.69,17.03
96,VPU,Vanguard Utilities Index Fund;ETF,5,120,14,39,79,1.0,10.0,5.07,0.0,7.9,17.53
96,WTV,WisdomTree US Value Fund,5,120,14,39,79,1.0,10.0,5.07,0.0,7.11,18.31
96,JIG,JPMorgan International Growth ETF,5,120,14,39,79,1.0,10.0,5.07,8.33,7.83,19.01
96,CRBN.K,iShares MSCI ACWI Low Carbon Target ETF,5,120,14,39,79,1.0,10.0,5.07,17.17,8.75,16.71
96,TSLH.K,Innovator Hedged TSLA Strategy ETF,5,120,14,39,79,1.0,10.0,5.07,0.0,7.61,18.42
96,FLSW.K,Franklin FTSE Switzerland ETF,5,120,14,39,79,1.0,10.0,5.07,0.0,7.11,17.35
96,KLDW.K,Knowledge Leaders Developed World ETF,5,120,14,39,79,1.0,10.0,5.07,11.42,8.21,16.78
96,PSCU.O,Invesco S&P SmallCap Utilities & Comm Svcs,5,120,14,39,79,1.0,10.0,5.07,-0.15,6.82,18.04
96,CEFA.O,Global X S&P Catholic Values Developed ex-US ETF,5,120,14,39,79,1.0,10.0,5.07,11.97,6.9,16.61
96,EBLU.K,Ecofin Global Water ESG Fund,5,120,14,39,79,1.0,10.0,5.07,0.0,9.46,17.33
96,DDIV.O,First Trust Dorsey Wright Momentum & Dividend ETF,5,120,14,39,79,1.0,10.0,5.07,6.11,6.92,18.71
96,RVER.K,Trenchless Fund ETF,5,120,14,39,79,1.0,10.0,5.07,0.0,6.94,18.05
96,DIEM.K,Franklin Emerging Market Core Dividend Tilt Ix ETF,5,120,14,39,79,1.0,10.0,5.07,0.0,8.45,16.01
96,ECLN.K,First Trust EIP Carbon Impact ETF,5,120,14,39,79,1.0,10.0,5.07,0.0,6.8,18.77
96,PUI.O,Invesco Dorsey Wright Utilities Momentum ETF,5,120,14,39,79,1.0,10.0,5.07,0.0,8.12,17.8
96,FMCX.K,FM Focus Equity ETF,5,120,14,39,79,1.0,10.0,5.07,0.0,8.06,17.02
96,XRLV.K,Invesco S&P 500 ex-Rate Sensitive LV ETF,5,120,14,39,79,1.0,10.0,5.07,0.0,8.91,16.04
96,KEM,KraneShares Dynamic Emerging Markets Strategy ETF,5,120,14,39,79,1.0,10.0,5.07,0.0,7.02,16.43
96,WCEO.K,Hypatia Women CEO ETF,5,120,14,39,79,1.0,10.0,5.07,0.0,8.39,16.8
96,JPSV.K,JPMorgan Active Small Cap Value ETF,5,120,14,39,79,1.0,10.0,5.07,0.0,7.51,16.6
96,CBLS.K,Clough Hedged Equity ETF,5,120,14,39,79,1.0,10.0,5.07,55.67,8.19,16.06
96,IVRA.K,Invesco Real Assets ESG ETF,5,120,14,39,79,1.0,10.0,5.07,0.0,7.68,17.81
96,XDQQ.K,Innovator Growth Accelerated ETF - Quarterly,5,120,14,39,79,1.0,10.0,5.07,0.0,8.26,19.4
96,RAYD.K,Rayliant Quantitative Developed Market Equity ETF,5,120,14,39,79,1.0,10.0,5.07,0.0,8.75,16.45
96,DJD,Invesco Dow Jones Industrial Average Div ETF,5,120,14,39,79,1.0,10.0,5.07,0.0,8.96,17.31
96,SDG.O,iShares MSCI Global Sustainable Development Goals,5,120,14,39,79,1.0,10.0,5.07,-1.76,7.1,16.69
96,STXK.K,Strive Small Cap ETF,5,120,14,39,79,1.0,10.0,5.07,0.0,8.6,18.65
96,IDHQ.K,Invesco S&P Internatnl Developed Quality ETF,5,120,14,39,79,1.0,10.0,5.07,5.73,7.24,18.46
96,GLOF.K,iShares Global Equity Factor ETF,5,120,14,39,79,1.0,10.0,5.07,0.0,7.66,17.64
96,FBOT.O,Fidelity Disruptive Automation ETF,5,120,14,39,79,1.0,10.0,5.07,0.0,6.88,16.49
96,VALQ.K,American Century US Quality Value ETF,5,120,14,39,79,1.0,10.0,5.07,0.0,7.11,18.57
96,DGT,SPDR Global Dow ETF,5,120,14,39,79,1.0,10.0,5.07,17.63,8.55,17.36
96,IPKW.O,Invesco International BuyBack Achievers ETF,5,120,14,39,79,1.0,10.0,5.07,15.53,6.48,17.45
96,FVC.O,First Trust Dorsey Wright Dynamic Focus 5 ETF,5,120,14,39,79,1.0,10.0,5.07,0.0,8.69,17.6
96,EASG.K,Xtrackers MSCI EAFE ESG Leaders Equity ETF,5,120,14,39,79,1.0,10.0,5.07,13.64,7.14,18.94
96,PIO.O,Invesco Global Water ETF,5,120,14,39,79,1.0,10.0,5.07,10.18,8.25,18.67
96,DGIN.K,VanEck Digital India ETF,5,120,14,39,79,1.0,10.0,5.07,39.22,8.42,18.66
96,FSZ.O,First Trust Switzerland AlphaDEX Fund,5,120,14,39,79,1.0,10.0,5.07,13.0,8.14,18.41
96,GVLU.K,Gotham 1000 Value ETF,5,120,14,39,79,1.0,10.0,5.07,0.0,8.72,18.29
96,EMSF.K,Matthews Emerging Markets Sustainable Ftr Actv ETF,5,120,14,39,79,1.0,10.0,5.07,0.0,8.49,18.29
96,PCCE.K,Polen Capital China Growth ETF,5,120,14,39,79,1.0,10.0,5.07,0.0,7.06,18.69
96,IBGK.O,iShares iBonds Dec 2054 Term Treasury ETF,5,120,14,39,79,1.0,10.0,5.07,0.0,9.18,16.97
96,ACWI.O,iShares MSCI ACWI ETF,5,60,14,34,54,1.0,10.0,2.48,0.0,9.39,17.16
96,DGIN.K,VanEck Digital India ETF,5,60,14,34,54,1.0,10.0,2.48,0.0,8.42,18.66
96,FLSW.K,Franklin FTSE Switzerland ETF,5,60,14,34,54,1.0,10.0,2.48,0.0,7.11,17.35
96,CBLS.K,Clough Hedged Equity ETF,5,60,14,34,54,1.0,10.0,2.48,4.67,8.19,16.06
96,TSLH.K,Innovator Hedged TSLA Strategy ETF,5,60,14,34,54,1.0,10.0,2.48,0.0,7.61,18.42
96,IVRA.K,Invesco Real Assets ESG ETF,5,60,14,34,54,1.0,10.0,2.48,0.0,7.68,17.81
96,RAYD.K,Rayliant Quantitative Developed Market Equity ETF,5,60,14,34,54,1.0,10.0,2.48,0.0,8.75,16.45
96,GVLU.K,Gotham 1000 Value ETF,5,60,14,34,54,1.0,10.0,2.48,0.0,8.72,18.29
96,FSZ.O,First Trust Switzerland AlphaDEX Fund,5,60,14,34,54,1.0,10.0,2.48,0.0,8.14,18.41
96,PIO.O,Invesco Global Water ETF,5,60,14,34,54,1.0,10.0,2.48,7.63,8.25,18.67
96,PSCU.O,Invesco S&P SmallCap Utilities & Comm Svcs,5,60,14,34,54,1.0,10.0,2.48,0.0,6.82,18.04
96,EASG.K,Xtrackers MSCI EAFE ESG Leaders Equity ETF,5,60,14,34,54,1.0,10.0,2.48,0.0,7.14,18.94
96,FVC.O,First Trust Dorsey Wright Dynamic Focus 5 ETF,5,60,14,34,54,1.0,10.0,2.48,0.0,8.69,17.6
96,IPKW.O,Invesco International BuyBack Achievers ETF,5,60,14,34,54,1.0,10.0,2.48,0.0,6.48,17.45
96,DGT,SPDR Global Dow ETF,5,60,14,34,54,1.0,10.0,2.48,5.51,8.55,17.36
96,VALQ.K,American Century US Quality Value ETF,5,60,14,34,54,1.0,10.0,2.48,0.0,7.11,18.57
96,FBOT.O,Fidelity Disruptive Automation ETF,5,60,14,34,54,1.0,10.0,2.48,0.0,6.88,16.49
96,KLDW.K,Knowledge Leaders Developed World ETF,5,60,14,34,54,1.0,10.0,2.48,0.0,8.21,16.78
96,CEFA.O,Global X S&P Catholic Values Developed ex-US ETF,5,60,14,34,54,1.0,10.0,2.48,0.0,6.9,16.61
96,IDHQ.K,Invesco S&P Internatnl Developed Quality ETF,5,60,14,34,54,1.0,10.0,2.48,0.0,7.24,18.46
96,EBLU.K,Ecofin Global Water ESG Fund,5,60,14,34,54,1.0,10.0,2.48,0.0,9.46,17.33
96,IBGK.O,iShares iBonds Dec 2054 Term Treasury ETF,5,60,14,34,54,1.0,10.0,2.48,0.0,9.18,16.97
96,PCCE.K,Polen Capital China Growth ETF,5,60,14,34,54,1.0,10.0,2.48,0.0,7.06,18.69
96,WCEO.K,Hypatia Women CEO ETF,5,60,14,34,54,1.0,10.0,2.48,0.0,8.39,16.8
96,JPSV.K,JPMorgan Active Small Cap Value ETF,5,60,14,34,54,1.0,10.0,2.48,0.0,7.51,16.6
96,EMSF.K,Matthews Emerging Markets Sustainable Ftr Actv ETF,5,60,14,34,54,1.0,10.0,2.48,0.0,8.49,18.29
96,HLGE.K,Hartford Longevity Economy ETF,5,60,14,34,54,1.0,10.0,2.48,9.99,7.52,16.4
96,DFND.K,Siren DIVCON Dividend Defender ETF,5,60,14,34,54,1.0,10.0,2.48,0.0,7.37,16.75
96,KEM,KraneShares Dynamic Emerging Markets Strategy ETF,5,60,14,34,54,1.0,10.0,2.48,0.0,7.02,16.43
96,XRLV.K,Invesco S&P 500 ex-Rate Sensitive LV ETF,5,60,14,34,54,1.0,10.0,2.48,0.0,8.91,16.04
96,FMCX.K,FM Focus Equity ETF,5,60,14,34,54,1.0,10.0,2.48,0.0,8.06,17.02
96,PUI.O,Invesco Dorsey Wright Utilities Momentum ETF,5,60,14,34,54,1.0,10.0,2.48,0.0,8.12,17.8
96,ECLN.K,First Trust EIP Carbon Impact ETF,5,60,14,34,54,1.0,10.0,2.48,0.0,6.8,18.77
96,DIEM.K,Franklin Emerging Market Core Dividend Tilt Ix ETF,5,60,14,34,54,1.0,10.0,2.48,0.0,8.45,16.01
96,RVER.K,Trenchless Fund ETF,5,60,14,34,54,1.0,10.0,2.48,0.0,6.94,18.05
96,DDIV.O,First Trust Dorsey Wright Momentum & Dividend ETF,5,60,14,34,54,1.0,10.0,2.48,46.48,6.92,18.71
96,GLOF.K,iShares Global Equity Factor ETF,5,60,14,34,54,1.0,10.0,2.48,0.0,7.66,17.64
96,XLU,Utilities Select Sector SPDR Fund,5,60,14,34,54,1.0,10.0,2.48,0.0,7.76,17.66
96,STXK.K,Strive Small Cap ETF,5,60,14,34,54,1.0,10.0,2.48,0.0,8.6,18.65
96,SDOG.K,ALPS Sector Dividend Dogs ETF,5,60,14,34,54,1.0,10.0,2.48,0.0,7.9,18.15
96,DFUV.K,DFA Dimensional US Marketwide Value ETF,5,60,14,34,54,1.0,10.0,2.48,0.0,8.68,16.62
96,FXU,First Trust Utilities AlphaDEX Fund,5,60,14,34,54,1.0,10.0,2.48,0.0,7.29,17.3
96,FUTY.K,Fidelity MSCI Utilities Index ETF,5,60,14,34,54,1.0,10.0,2.48,0.0,7.2,18.7
96,VIGI.O,Vanguard Intl Dividend Appreciation Index Fund;ETF,5,60,14,34,54,1.0,10.0,2.48,0.0,7.08,16.24
96,VPU,Vanguard Utilities Index Fund;ETF,5,60,14,34,54,1.0,10.0,2.48,0.0,7.9,17.53
96,EWL,Ishares Msci Switzerland ETF,5,60,14,34,54,1.0,10.0,2.48,0.0,7.69,17.03
96,ICVT.K,iShares Convertible Bond ETF,5,60,14,34,54,1.0,10.0,2.48,0.0,6.6,16.08
96,AVLV.K,Avantis US Large Cap Value ETF,5,60,14,34,54,1.0,10.0,2.48,0.0,9.26,17.8
96,SDY,SPDR S&P Dividend ETF,5,60,14,34,54,1.0,10.0,2.48,0.0,8.75,16.49
96,ESGD.O,iShares ESG Aware MSCI EAFE ETF,5,60,14,34,54,1.0,10.0,2.48,0.0,6.91,17.17
96,EFG,iShares MSCI EAFE Growth ETF,5,60,14,34,54,1.0,10.0,2.48,0.0,6.88,17.93
96,DFAC.K,Dimensional U S Core Equity 2 ETF,5,60,14,34,54,1.0,10.0,2.48,0.0,8.2,17.32
96,VLUE.K,iShares MSCI USA Value Factor ETF,5,60,14,34,54,1.0,10.0,2.48,0.0,8.6,18.61
96,DVY.O,iShares Select Dividend ETF,5,60,14,34,54,1.0,10.0,2.48,0.0,8.85,16.78
96,VT,Vanguard Total World Stock Index Fund;ETF,5,60,14,34,54,1.0,10.0,2.48,0.0,9.19,17.33
96,PEY.O,Invesco High Yield Equity Dividend Achvrs ETF,5,60,14,34,54,1.0,10.0,2.48,0.0,8.13,17.46
96,IHDG.K,WisdomTree International Hedged Qual Dividend Gro,5,60,14,34,54,1.0,10.0,2.48,0.0,7.5,15.93
96,IQDG.K,WisdomTree International Quality Dividend Growth,5,60,14,34,54,1.0,10.0,2.48,53.15,6.88,17.43
96,KJAN.K,Innovator US Small Cap Power Buffer ETF - January,5,60,14,34,54,1.0,10.0,2.48,0.0,7.44,16.26
96,SPGM.K,SPDR Portfolio MSCI Global Stock Market ETF,5,60,14,34,54,1.0,10.0,2.48,0.0,9.21,17.65
96,XDQQ.K,Innovator Growth Accelerated ETF - Quarterly,5,60,14,34,54,1.0,10.0,2.48,12.59,8.26,19.4
96,CRBN.K,iShares MSCI ACWI Low Carbon Target ETF,5,60,14,34,54,1.0,10.0,2.48,0.0,8.75,16.71
96,JIG,JPMorgan International Growth ETF,5,60,14,34,54,1.0,10.0,2.48,8.44,7.83,19.01
96,WTV,WisdomTree US Value Fund,5,60,14,34,54,1.0,10.0,2.48,0.0,7.11,18.31
96,QYLG.O,Global X Nasdaq 100 Covered Call & Growth ETF,5,60,14,34,54,1.0,10.0,2.48,9.2,6.66,18.14
96,SMMV.K,iShares MSCI USA Small-Cap Min Vol Factor ETF,5,60,14,34,54,1.0,10.0,2.48,0.0,6.93,16.34
96,DJD,Invesco Dow Jones Industrial Average Div ETF,5,60,14,34,54,1.0,10.0,2.48,0.0,8.96,17.31
96,EQAL.K,Invesco Russell 1000 Equal Weight ETF,5,60,14,34,54,1.0,10.0,2.48,0.0,7.96,18.98
96,REGL.K,ProShares S&P MidCap 400 Dividend Aristocrats ETF,5,60,14,34,54,1.0,10.0,2.48,0.0,8.27,18.41
96,NULV.K,Nuveen ESG Large-Cap Value ETF,5,60,14,34,54,1.0,10.0,2.48,0.0,7.25,17.78
96,XMLV.K,Invesco S&P MidCap Low Volatility ETF,5,60,14,34,54,1.0,10.0,2.48,0.0,8.42,16.26
96,SDG.O,iShares MSCI Global Sustainable Development Goals,5,60,14,34,54,1.0,10.0,2.48,0.0,7.1,16.69
96,EWJV.O,iShares MSCI Japan Value ETF,5,60,14,34,54,1.0,10.0,2.48,28.47,7.14,17.83
96,ROUS.K,Hartford Multifactor US Equity ETF,5,60,14,34,54,1.0,10.0,2.48,0.0,8.84,17.12
96,DMXF.O,iShares ESG Advanced MSCI EAFE ETF,5,60,14,34,54,1.0,10.0,2.48,0.0,8.92,17.13
96,EQAL.K,Invesco Russell 1000 Equal Weight ETF,5,60,14,34,64,1.0,10.0,2.41,0.0,7.96,18.98
96,SPGM.K,SPDR Portfolio MSCI Global Stock Market ETF,5,60,14,34,64,1.0,10.0,2.41,0.0,9.21,17.65
96,NULV.K,Nuveen ESG Large-Cap Value ETF,5,60,14,34,64,1.0,10.0,2.41,0.0,7.25,17.78
96,XMLV.K,Invesco S&P MidCap Low Volatility ETF,5,60,14,34,64,1.0,10.0,2.41,0.0,8.42,16.26
96,REGL.K,ProShares S&P MidCap 400 Dividend Aristocrats ETF,5,60,14,34,64,1.0,10.0,2.41,0.0,8.27,18.41
96,EWJV.O,iShares MSCI Japan Value ETF,5,60,14,34,64,1.0,10.0,2.41,37.73,7.14,17.83
96,DMXF.O,iShares ESG Advanced MSCI EAFE ETF,5,60,14,34,64,1.0,10.0,2.41,0.0,8.92,17.13
96,ROUS.K,Hartford Multifactor US Equity ETF,5,60,14,34,64,1.0,10.0,2.41,0.0,8.84,17.12
96,KJAN.K,Innovator US Small Cap Power Buffer ETF - January,5,60,14,34,64,1.0,10.0,2.41,0.0,7.44,16.26
96,SMMV.K,iShares MSCI USA Small-Cap Min Vol Factor ETF,5,60,14,34,64,1.0,10.0,2.41,0.0,6.93,16.34
96,QYLG.O,Global X Nasdaq 100 Covered Call & Growth ETF,5,60,14,34,64,1.0,10.0,2.41,12.9,6.66,18.14
96,IQDG.K,WisdomTree International Quality Dividend Growth,5,60,14,34,64,1.0,10.0,2.41,18.19,6.88,17.43
96,JIG,JPMorgan International Growth ETF,5,60,14,34,64,1.0,10.0,2.41,10.53,7.83,19.01
96,CRBN.K,iShares MSCI ACWI Low Carbon Target ETF,5,60,14,34,64,1.0,10.0,2.41,0.0,8.75,16.71
96,XDQQ.K,Innovator Growth Accelerated ETF - Quarterly,5,60,14,34,64,1.0,10.0,2.41,16.9,8.26,19.4
96,DJD,Invesco Dow Jones Industrial Average Div ETF,5,60,14,34,64,1.0,10.0,2.41,0.0,8.96,17.31
96,WTV,WisdomTree US Value Fund,5,60,14,34,64,1.0,10.0,2.41,0.0,7.11,18.31
96,VT,Vanguard Total World Stock Index Fund;ETF,5,60,14,34,64,1.0,10.0,2.41,0.0,9.19,17.33
96,SDOG.K,ALPS Sector Dividend Dogs ETF,5,60,14,34,64,1.0,10.0,2.41,0.0,7.9,18.15
96,PEY.O,Invesco High Yield Equity Dividend Achvrs ETF,5,60,14,34,64,1.0,10.0,2.41,0.0,8.13,17.46
96,DVY.O,iShares Select Dividend ETF,5,60,14,34,64,1.0,10.0,2.41,0.0,8.85,16.78
96,VLUE.K,iShares MSCI USA Value Factor ETF,5,60,14,34,64,1.0,10.0,2.41,0.0,8.6,18.61
96,DFAC.K,Dimensional U S Core Equity 2 ETF,5,60,14,34,64,1.0,10.0,2.41,0.0,8.2,17.32
96,EFG,iShares MSCI EAFE Growth ETF,5,60,14,34,64,1.0,10.0,2.41,0.0,6.88,17.93
96,ESGD.O,iShares ESG Aware MSCI EAFE ETF,5,60,14,34,64,1.0,10.0,2.41,0.0,6.91,17.17
96,SDY,SPDR S&P Dividend ETF,5,60,14,34,64,1.0,10.0,2.41,0.0,8.75,16.49
96,AVLV.K,Avantis US Large Cap Value ETF,5,60,14,34,64,1.0,10.0,2.41,0.0,9.26,17.8
96,ICVT.K,iShares Convertible Bond ETF,5,60,14,34,64,1.0,10.0,2.41,0.0,6.6,16.08
96,IHDG.K,WisdomTree International Hedged Qual Dividend Gro,5,60,14,34,64,1.0,10.0,2.41,0.0,7.5,15.93
96,EWL,Ishares Msci Switzerland ETF,5,60,14,34,64,1.0,10.0,2.41,0.0,7.69,17.03
96,VPU,Vanguard Utilities Index Fund;ETF,5,60,14,34,64,1.0,10.0,2.41,0.0,7.9,17.53
96,VIGI.O,Vanguard Intl Dividend Appreciation Index Fund;ETF,5,60,14,34,64,1.0,10.0,2.41,0.0,7.08,16.24
96,FUTY.K,Fidelity MSCI Utilities Index ETF,5,60,14,34,64,1.0,10.0,2.41,0.0,7.2,18.7
96,FXU,First Trust Utilities AlphaDEX Fund,5,60,14,34,64,1.0,10.0,2.41,0.0,7.29,17.3
96,DFUV.K,DFA Dimensional US Marketwide Value ETF,5,60,14,34,64,1.0,10.0,2.41,0.0,8.68,16.62
96,SDG.O,iShares MSCI Global Sustainable Development Goals,5,60,14,34,64,1.0,10.0,2.41,0.0,7.1,16.69
96,KLDW.K,Knowledge Leaders Developed World ETF,5,60,14,34,64,1.0,10.0,2.41,0.0,8.21,16.78
96,IDHQ.K,Invesco S&P Internatnl Developed Quality ETF,5,60,14,34,64,1.0,10.0,2.41,0.0,7.24,18.46
96,EBLU.K,Ecofin Global Water ESG Fund,5,60,14,34,64,1.0,10.0,2.41,0.0,9.46,17.33
96,RVER.K,Trenchless Fund ETF,5,60,14,34,64,1.0,10.0,2.41,0.0,6.94,18.05
96,DIEM.K,Franklin Emerging Market Core Dividend Tilt Ix ETF,5,60,14,34,64,1.0,10.0,2.41,0.0,8.45,16.01
96,ECLN.K,First Trust EIP Carbon Impact ETF,5,60,14,34,64,1.0,10.0,2.41,0.0,6.8,18.77
96,PUI.O,Invesco Dorsey Wright Utilities Momentum ETF,5,60,14,34,64,1.0,10.0,2.41,0.0,8.12,17.8
96,FMCX.K,FM Focus Equity ETF,5,60,14,34,64,1.0,10.0,2.41,0.0,8.06,17.02
96,XRLV.K,Invesco S&P 500 ex-Rate Sensitive LV ETF,5,60,14,34,64,1.0,10.0,2.41,0.0,8.91,16.04
96,KEM,KraneShares Dynamic Emerging Markets Strategy ETF,5,60,14,34,64,1.0,10.0,2.41,0.0,7.02,16.43
96,DFND.K,Siren DIVCON Dividend Defender ETF,5,60,14,34,64,1.0,10.0,2.41,0.0,7.37,16.75
96,HLGE.K,Hartford Longevity Economy ETF,5,60,14,34,64,1.0,10.0,2.41,14.4,7.52,16.4
96,EMSF.K,Matthews Emerging Markets Sustainable Ftr Actv ETF,5,60,14,34,64,1.0,10.0,2.41,0.0,8.49,18.29
96,JPSV.K,JPMorgan Active Small Cap Value ETF,5,60,14,34,64,1.0,10.0,2.41,0.0,7.51,16.6
96,WCEO.K,Hypatia Women CEO ETF,5,60,14,34,64,1.0,10.0,2.41,0.0,8.39,16.8
96,PCCE.K,Polen Capital China Growth ETF,5,60,14,34,64,1.0,10.0,2.41,0.0,7.06,18.69
96,IBGK.O,iShares iBonds Dec 2054 Term Treasury ETF,5,60,14,34,64,1.0,10.0,2.41,0.0,9.18,16.97
96,XLU,Utilities Select Sector SPDR Fund,5,60,14,34,64,1.0,10.0,2.41,0.0,7.76,17.66
96,DDIV.O,First Trust Dorsey Wright Momentum & Dividend ETF,5,60,14,34,64,1.0,10.0,2.41,37.17,6.92,18.71
96,CEFA.O,Global X S&P Catholic Values Developed ex-US ETF,5,60,14,34,64,1.0,10.0,2.41,0.0,6.9,16.61
96,GLOF.K,iShares Global Equity Factor ETF,5,60,14,34,64,1.0,10.0,2.41,0.0,7.66,17.64
96,PSCU.O,Invesco S&P SmallCap Utilities & Comm Svcs,5,60,14,34,64,1.0,10.0,2.41,0.0,6.82,18.04
96,FBOT.O,Fidelity Disruptive Automation ETF,5,60,14,34,64,1.0,10.0,2.41,0.0,6.88,16.49
96,VALQ.K,American Century US Quality Value ETF,5,60,14,34,64,1.0,10.0,2.41,0.0,7.11,18.57
96,DGT,SPDR Global Dow ETF,5,60,14,34,64,1.0,10.0,2.41,9.99,8.55,17.36
96,IPKW.O,Invesco International BuyBack Achievers ETF,5,60,14,34,64,1.0,10.0,2.41,0.0,6.48,17.45
96,FVC.O,First Trust Dorsey Wright Dynamic Focus 5 ETF,5,60,14,34,64,1.0,10.0,2.41,0.0,8.69,17.6
96,EASG.K,Xtrackers MSCI EAFE ESG Leaders Equity ETF,5,60,14,34,64,1.0,10.0,2.41,0.0,7.14,18.94
96,PIO.O,Invesco Global Water ETF,5,60,14,34,64,1.0,10.0,2.41,11.12,8.25,18.67
96,DGIN.K,VanEck Digital India ETF,5,60,14,34,64,1.0,10.0,2.41,0.0,8.42,18.66
96,FSZ.O,First Trust Switzerland AlphaDEX Fund,5,60,14,34,64,1.0,10.0,2.41,0.0,8.14,18.41
96,GVLU.K,Gotham 1000 Value ETF,5,60,14,34,64,1.0,10.0,2.41,0.0,8.72,18.29
96,RAYD.K,Rayliant Quantitative Developed Market Equity ETF,5,60,14,34,64,1.0,10.0,2.41,0.0,8.75,16.45
96,IVRA.K,Invesco Real Assets ESG ETF,5,60,14,34,64,1.0,10.0,2.41,0.0,7.68,17.81
96,TSLH.K,Innovator Hedged TSLA Strategy ETF,5,60,14,34,64,1.0,10.0,2.41,0.0,7.61,18.42
96,CBLS.K,Clough Hedged Equity ETF,5,60,14,34,64,1.0,10.0,2.41,11.61,8.19,16.06
96,FLSW.K,Franklin FTSE Switzerland ETF,5,60,14,34,64,1.0,10.0,2.41,0.0,7.11,17.35
96,ACWI.O,iShares MSCI ACWI ETF,5,60,14,34,64,1.0,10.0,2.41,0.0,9.39,17.16
96,STXK.K,Strive Small Cap ETF,5,60,14,34,64,1.0,10.0,2.41,0.0,8.6,18.65
96,IBGK.O,iShares iBonds Dec 2054 Term Treasury ETF,5,60,14,34,59,1.0,10.0,2.34,0.0,9.18,16.97
96,DMXF.O,iShares ESG Advanced MSCI EAFE ETF,5,60,14,34,59,1.0,10.0,2.34,0.0,8.92,17.13
96,SDOG.K,ALPS Sector Dividend Dogs ETF,5,60,14,34,59,1.0,10.0,2.34,0.0,7.9,18.15
96,IQDG.K,WisdomTree International Quality Dividend Growth,5,60,14,34,59,1.0,10.0,2.34,19.05,6.88,17.43
96,SPGM.K,SPDR Portfolio MSCI Global Stock Market ETF,5,60,14,34,59,1.0,10.0,2.34,0.0,9.21,17.65
96,NULV.K,Nuveen ESG Large-Cap Value ETF,5,60,14,34,59,1.0,10.0,2.34,0.0,7.25,17.78
96,XMLV.K,Invesco S&P MidCap Low Volatility ETF,5,60,14,34,59,1.0,10.0,2.34,0.0,8.42,16.26
96,REGL.K,ProShares S&P MidCap 400 Dividend Aristocrats ETF,5,60,14,34,59,1.0,10.0,2.34,0.0,8.27,18.41
96,EWJV.O,iShares MSCI Japan Value ETF,5,60,14,34,59,1.0,10.0,2.34,34.29,7.14,17.83
96,ROUS.K,Hartford Multifactor US Equity ETF,5,60,14,34,59,1.0,10.0,2.34,0.0,8.84,17.12
96,DJD,Invesco Dow Jones Industrial Average Div ETF,5,60,14,34,59,1.0,10.0,2.34,0.0,8.96,17.31
96,EQAL.K,Invesco Russell 1000 Equal Weight ETF,5,60,14,34,59,1.0,10.0,2.34,0.0,7.96,18.98
96,KJAN.K,Innovator US Small Cap Power Buffer ETF - January,5,60,14,34,59,1.0,10.0,2.34,0.0,7.44,16.26
96,SMMV.K,iShares MSCI USA Small-Cap Min Vol Factor ETF,5,60,14,34,59,1.0,10.0,2.34,0.0,6.93,16.34
96,QYLG.O,Global X Nasdaq 100 Covered Call & Growth ETF,5,60,14,34,59,1.0,10.0,2.34,11.37,6.66,18.14
96,WTV,WisdomTree US Value Fund,5,60,14,34,59,1.0,10.0,2.34,0.0,7.11,18.31
96,JIG,JPMorgan International Growth ETF,5,60,14,34,59,1.0,10.0,2.34,10.53,7.83,19.01
96,CRBN.K,iShares MSCI ACWI Low Carbon Target ETF,5,60,14,34,59,1.0,10.0,2.34,0.0,8.75,16.71
96,DFUV.K,DFA Dimensional US Marketwide Value ETF,5,60,14,34,59,1.0,10.0,2.34,0.0,8.68,16.62
96,FXU,First Trust Utilities AlphaDEX Fund,5,60,14,34,59,1.0,10.0,2.34,0.0,7.29,17.3
96,FUTY.K,Fidelity MSCI Utilities Index ETF,5,60,14,34,59,1.0,10.0,2.34,0.0,7.2,18.7
96,VIGI.O,Vanguard Intl Dividend Appreciation Index Fund;ETF,5,60,14,34,59,1.0,10.0,2.34,0.0,7.08,16.24
96,PCCE.K,Polen Capital China Growth ETF,5,60,14,34,59,1.0,10.0,2.34,0.0,7.06,18.69
96,XLU,Utilities Select Sector SPDR Fund,5,60,14,34,59,1.0,10.0,2.34,0.0,7.76,17.66
96,ACWI.O,iShares MSCI ACWI ETF,5,60,14,34,59,1.0,10.0,2.34,0.0,9.39,17.16
96,VT,Vanguard Total World Stock Index Fund;ETF,5,60,14,34,59,1.0,10.0,2.34,0.0,9.19,17.33
96,DVY.O,iShares Select Dividend ETF,5,60,14,34,59,1.0,10.0,2.34,0.0,8.85,16.78
96,VLUE.K,iShares MSCI USA Value Factor ETF,5,60,14,34,59,1.0,10.0,2.34,0.0,8.6,18.61
96,DFAC.K,Dimensional U S Core Equity 2 ETF,5,60,14,34,59,1.0,10.0,2.34,0.0,8.2,17.32
96,EFG,iShares MSCI EAFE Growth ETF,5,60,14,34,59,1.0,10.0,2.34,0.0,6.88,17.93
96,ESGD.O,iShares ESG Aware MSCI EAFE ETF,5,60,14,34,59,1.0,10.0,2.34,0.0,6.91,17.17
96,SDY,SPDR S&P Dividend ETF,5,60,14,34,59,1.0,10.0,2.34,0.0,8.75,16.49
96,AVLV.K,Avantis US Large Cap Value ETF,5,60,14,34,59,1.0,10.0,2.34,0.0,9.26,17.8
96,ICVT.K,iShares Convertible Bond ETF,5,60,14,34,59,1.0,10.0,2.34,0.0,6.6,16.08
96,IHDG.K,WisdomTree International Hedged Qual Dividend Gro,5,60,14,34,59,1.0,10.0,2.34,0.0,7.5,15.93
96,EWL,Ishares Msci Switzerland ETF,5,60,14,34,59,1.0,10.0,2.34,0.0,7.69,17.03
96,VPU,Vanguard Utilities Index Fund;ETF,5,60,14,34,59,1.0,10.0,2.34,0.0,7.9,17.53
96,XDQQ.K,Innovator Growth Accelerated ETF - Quarterly,5,60,14,34,59,1.0,10.0,2.34,13.44,8.26,19.4
96,PEY.O,Invesco High Yield Equity Dividend Achvrs ETF,5,60,14,34,59,1.0,10.0,2.34,0.0,8.13,17.46
96,SDG.O,iShares MSCI Global Sustainable Development Goals,5,60,14,34,59,1.0,10.0,2.34,0.0,7.1,16.69
96,PUI.O,Invesco Dorsey Wright Utilities Momentum ETF,5,60,14,34,59,1.0,10.0,2.34,0.0,8.12,17.8
96,PSCU.O,Invesco S&P SmallCap Utilities & Comm Svcs,5,60,14,34,59,1.0,10.0,2.34,0.0,6.82,18.04
96,CEFA.O,Global X S&P Catholic Values Developed ex-US ETF,5,60,14,34,59,1.0,10.0,2.34,0.0,6.9,16.61
96,EBLU.K,Ecofin Global Water ESG Fund,5,60,14,34,59,1.0,10.0,2.34,0.0,9.46,17.33
96,DDIV.O,First Trust Dorsey Wright Momentum & Dividend ETF,5,60,14,34,59,1.0,10.0,2.34,49.32,6.92,18.71
96,RVER.K,Trenchless Fund ETF,5,60,14,34,59,1.0,10.0,2.34,0.0,6.94,18.05
96,DIEM.K,Franklin Emerging Market Core Dividend Tilt Ix ETF,5,60,14,34,59,1.0,10.0,2.34,0.0,8.45,16.01
96,ECLN.K,First Trust EIP Carbon Impact ETF,5,60,14,34,59,1.0,10.0,2.34,0.0,6.8,18.77
96,FMCX.K,FM Focus Equity ETF,5,60,14,34,59,1.0,10.0,2.34,0.0,8.06,17.02
96,FLSW.K,Franklin FTSE Switzerland ETF,5,60,14,34,59,1.0,10.0,2.34,0.0,7.11,17.35
96,XRLV.K,Invesco S&P 500 ex-Rate Sensitive LV ETF,5,60,14,34,59,1.0,10.0,2.34,0.0,8.91,16.04
96,KEM,KraneShares Dynamic Emerging Markets Strategy ETF,5,60,14,34,59,1.0,10.0,2.34,0.0,7.02,16.43
96,DFND.K,Siren DIVCON Dividend Defender ETF,5,60,14,34,59,1.0,10.0,2.34,0.0,7.37,16.75
96,HLGE.K,Hartford Longevity Economy ETF,5,60,14,34,59,1.0,10.0,2.34,10.25,7.52,16.4
96,EMSF.K,Matthews Emerging Markets Sustainable Ftr Actv ETF,5,60,14,34,59,1.0,10.0,2.34,0.0,8.49,18.29
96,JPSV.K,JPMorgan Active Small Cap Value ETF,5,60,14,34,59,1.0,10.0,2.34,0.0,7.51,16.6
96,STXK.K,Strive Small Cap ETF,5,60,14,34,59,1.0,10.0,2.34,0.0,8.6,18.65
96,KLDW.K,Knowledge Leaders Developed World ETF,5,60,14,34,59,1.0,10.0,2.34,0.0,8.21,16.78
96,WCEO.K,Hypatia Women CEO ETF,5,60,14,34,59,1.0,10.0,2.34,0.0,8.39,16.8
96,CBLS.K,Clough Hedged Equity ETF,5,60,14,34,59,1.0,10.0,2.34,11.61,8.19,16.06
96,EASG.K,Xtrackers MSCI EAFE ESG Leaders Equity ETF,5,60,14,34,59,1.0,10.0,2.34,0.0,7.14,18.94
96,IDHQ.K,Invesco S&P Internatnl Developed Quality ETF,5,60,14,34,59,1.0,10.0,2.34,0.0,7.24,18.46
96,GLOF.K,iShares Global Equity Factor ETF,5,60,14,34,59,1.0,10.0,2.34,0.0,7.66,17.64
96,FBOT.O,Fidelity Disruptive Automation ETF,5,60,14,34,59,1.0,10.0,2.34,0.0,6.88,16.49
96,VALQ.K,American Century US Quality Value ETF,5,60,14,34,59,1.0,10.0,2.34,0.0,7.11,18.57
96,IPKW.O,Invesco International BuyBack Achievers ETF,5,60,14,34,59,1.0,10.0,2.34,0.0,6.48,17.45
96,FVC.O,First Trust Dorsey Wright Dynamic Focus 5 ETF,5,60,14,34,59,1.0,10.0,2.34,0.0,8.69,17.6
96,DGT,SPDR Global Dow ETF,5,60,14,34,59,1.0,10.0,2.34,9.27,8.55,17.36
96,PIO.O,Invesco Global Water ETF,5,60,14,34,59,1.0,10.0,2.34,6.69,8.25,18.67
96,DGIN.K,VanEck Digital India ETF,5,60,14,34,59,1.0,10.0,2.34,0.0,8.42,18.66
96,FSZ.O,First Trust Switzerland AlphaDEX Fund,5,60,14,34,59,1.0,10.0,2.34,0.0,8.14,18.41
96,GVLU.K,Gotham 1000 Value ETF,5,60,14,34,59,1.0,10.0,2.34,0.0,8.72,18.29
96,RAYD.K,Rayliant Quantitative Developed Market Equity ETF,5,60,14,34,59,1.0,10.0,2.34,0.0,8.75,16.45
96,IVRA.K,Invesco Real Assets ESG ETF,5,60,14,34,59,1.0,10.0,2.34,0.0,7.68,17.81
96,TSLH.K,Innovator Hedged TSLA Strategy ETF,5,60,14,34,59,1.0,10.0,2.34,0.0,7.61,18.42
96,DGIN.K,VanEck Digital India ETF,5,60,14,34,69,1.0,10.0,1.84,0.0,8.42,18.66
96,FLSW.K,Franklin FTSE Switzerland ETF,5,60,14,34,69,1.0,10.0,1.84,0.0,7.11,17.35
96,CBLS.K,Clough Hedged Equity ETF,5,60,14,34,69,1.0,10.0,1.84,12.42,8.19,16.06
96,TSLH.K,Innovator Hedged TSLA Strategy ETF,5,60,14,34,69,1.0,10.0,1.84,0.0,7.61,18.42
96,IVRA.K,Invesco Real Assets ESG ETF,5,60,14,34,69,1.0,10.0,1.84,0.0,7.68,17.81
96,RAYD.K,Rayliant Quantitative Developed Market Equity ETF,5,60,14,34,69,1.0,10.0,1.84,0.0,8.75,16.45
96,GVLU.K,Gotham 1000 Value ETF,5,60,14,34,69,1.0,10.0,1.84,0.0,8.72,18.29
96,FSZ.O,First Trust Switzerland AlphaDEX Fund,5,60,14,34,69,1.0,10.0,1.84,0.0,8.14,18.41
96,GLOF.K,iShares Global Equity Factor ETF,5,60,14,34,69,1.0,10.0,1.84,0.0,7.66,17.64
96,PIO.O,Invesco Global Water ETF,5,60,14,34,69,1.0,10.0,1.84,12.91,8.25,18.67
96,EASG.K,Xtrackers MSCI EAFE ESG Leaders Equity ETF,5,60,14,34,69,1.0,10.0,1.84,0.0,7.14,18.94
96,FVC.O,First Trust Dorsey Wright Dynamic Focus 5 ETF,5,60,14,34,69,1.0,10.0,1.84,0.0,8.69,17.6
96,IPKW.O,Invesco International BuyBack Achievers ETF,5,60,14,34,69,1.0,10.0,1.84,0.0,6.48,17.45
96,DGT,SPDR Global Dow ETF,5,60,14,34,69,1.0,10.0,1.84,12.87,8.55,17.36
96,VALQ.K,American Century US Quality Value ETF,5,60,14,34,69,1.0,10.0,1.84,0.0,7.11,18.57
96,FBOT.O,Fidelity Disruptive Automation ETF,5,60,14,34,69,1.0,10.0,1.84,0.0,6.88,16.49
96,PSCU.O,Invesco S&P SmallCap Utilities & Comm Svcs,5,60,14,34,69,1.0,10.0,1.84,0.0,6.82,18.04
96,KLDW.K,Knowledge Leaders Developed World ETF,5,60,14,34,69,1.0,10.0,1.84,0.0,8.21,16.78
96,FMCX.K,FM Focus Equity ETF,5,60,14,34,69,1.0,10.0,1.84,0.0,8.06,17.02
96,CEFA.O,Global X S&P Catholic Values Developed ex-US ETF,5,60,14,34,69,1.0,10.0,1.84,0.0,6.9,16.61
96,EBLU.K,Ecofin Global Water ESG Fund,5,60,14,34,69,1.0,10.0,1.84,0.0,9.46,17.33
96,IBGK.O,iShares iBonds Dec 2054 Term Treasury ETF,5,60,14,34,69,1.0,10.0,1.84,0.0,9.18,16.97
96,PCCE.K,Polen Capital China Growth ETF,5,60,14,34,69,1.0,10.0,1.84,0.0,7.06,18.69
96,WCEO.K,Hypatia Women CEO ETF,5,60,14,34,69,1.0,10.0,1.84,0.0,8.39,16.8
96,JPSV.K,JPMorgan Active Small Cap Value ETF,5,60,14,34,69,1.0,10.0,1.84,0.0,7.51,16.6
96,EMSF.K,Matthews Emerging Markets Sustainable Ftr Actv ETF,5,60,14,34,69,1.0,10.0,1.84,0.0,8.49,18.29
96,HLGE.K,Hartford Longevity Economy ETF,5,60,14,34,69,1.0,10.0,1.84,13.61,7.52,16.4
96,DFND.K,Siren DIVCON Dividend Defender ETF,5,60,14,34,69,1.0,10.0,1.84,0.0,7.37,16.75
96,KEM,KraneShares Dynamic Emerging Markets Strategy ETF,5,60,14,34,69,1.0,10.0,1.84,0.0,7.02,16.43
96,XRLV.K,Invesco S&P 500 ex-Rate Sensitive LV ETF,5,60,14,34,69,1.0,10.0,1.84,0.0,8.91,16.04
96,STXK.K,Strive Small Cap ETF,5,60,14,34,69,1.0,10.0,1.84,0.0,8.6,18.65
96,PUI.O,Invesco Dorsey Wright Utilities Momentum ETF,5,60,14,34,69,1.0,10.0,1.84,0.0,8.12,17.8
96,ECLN.K,First Trust EIP Carbon Impact ETF,5,60,14,34,69,1.0,10.0,1.84,0.0,6.8,18.77
96,DIEM.K,Franklin Emerging Market Core Dividend Tilt Ix ETF,5,60,14,34,69,1.0,10.0,1.84,0.0,8.45,16.01
96,RVER.K,Trenchless Fund ETF,5,60,14,34,69,1.0,10.0,1.84,0.0,6.94,18.05
96,DDIV.O,First Trust Dorsey Wright Momentum & Dividend ETF,5,60,14,34,69,1.0,10.0,1.84,15.3,6.92,18.71
96,IDHQ.K,Invesco S&P Internatnl Developed Quality ETF,5,60,14,34,69,1.0,10.0,1.84,0.0,7.24,18.46
96,XLU,Utilities Select Sector SPDR Fund,5,60,14,34,69,1.0,10.0,1.84,0.0,7.76,17.66
96,SDG.O,iShares MSCI Global Sustainable Development Goals,5,60,14,34,69,1.0,10.0,1.84,0.0,7.1,16.69
96,AVLV.K,Avantis US Large Cap Value ETF,5,60,14,34,69,1.0,10.0,1.84,0.0,9.26,17.8
96,FXU,First Trust Utilities AlphaDEX Fund,5,60,14,34,69,1.0,10.0,1.84,0.0,7.29,17.3
96,FUTY.K,Fidelity MSCI Utilities Index ETF,5,60,14,34,69,1.0,10.0,1.84,0.0,7.2,18.7
96,VIGI.O,Vanguard Intl Dividend Appreciation Index Fund;ETF,5,60,14,34,69,1.0,10.0,1.84,0.0,7.08,16.24
96,VPU,Vanguard Utilities Index Fund;ETF,5,60,14,34,69,1.0,10.0,1.84,0.0,7.9,17.53
96,EWL,Ishares Msci Switzerland ETF,5,60,14,34,69,1.0,10.0,1.84,0.0,7.69,17.03
96,IHDG.K,WisdomTree International Hedged Qual Dividend Gro,5,60,14,34,69,1.0,10.0,1.84,0.0,7.5,15.93
96,DJD,Invesco Dow Jones Industrial Average Div ETF,5,60,14,34,69,1.0,10.0,1.84,0.0,8.96,17.31
96,SDY,SPDR S&P Dividend ETF,5,60,14,34,69,1.0,10.0,1.84,0.0,8.75,16.49
96,PEY.O,Invesco High Yield Equity Dividend Achvrs ETF,5,60,14,34,69,1.0,10.0,1.84,0.0,8.13,17.46
96,ESGD.O,iShares ESG Aware MSCI EAFE ETF,5,60,14,34,69,1.0,10.0,1.84,0.0,6.91,17.17
96,EFG,iShares MSCI EAFE Growth ETF,5,60,14,34,69,1.0,10.0,1.84,0.0,6.88,17.93
96,DFAC.K,Dimensional U S Core Equity 2 ETF,5,60,14,34,69,1.0,10.0,1.84,0.0,8.2,17.32
96,VLUE.K,iShares MSCI USA Value Factor ETF,5,60,14,34,69,1.0,10.0,1.84,0.0,8.6,18.61
96,DVY.O,iShares Select Dividend ETF,5,60,14,34,69,1.0,10.0,1.84,0.0,8.85,16.78
96,VT,Vanguard Total World Stock Index Fund;ETF,5,60,14,34,69,1.0,10.0,1.84,0.0,9.19,17.33
96,ACWI.O,iShares MSCI ACWI ETF,5,60,14,34,69,1.0,10.0,1.84,0.0,9.39,17.16
96,DFUV.K,DFA Dimensional US Marketwide Value ETF,5,60,14,34,69,1.0,10.0,1.84,0.0,8.68,16.62
96,ICVT.K,iShares Convertible Bond ETF,5,60,14,34,69,1.0,10.0,1.84,0.0,6.6,16.08
96,SDOG.K,ALPS Sector Dividend Dogs ETF,5,60,14,34,69,1.0,10.0,1.84,0.0,7.9,18.15
96,EQAL.K,Invesco Russell 1000 Equal Weight ETF,5,60,14,34,69,1.0,10.0,1.84,0.0,7.96,18.98
96,IQDG.K,WisdomTree International Quality Dividend Growth,5,60,14,34,69,1.0,10.0,1.84,18.41,6.88,17.43
96,CRBN.K,iShares MSCI ACWI Low Carbon Target ETF,5,60,14,34,69,1.0,10.0,1.84,0.0,8.75,16.71
96,JIG,JPMorgan International Growth ETF,5,60,14,34,69,1.0,10.0,1.84,10.53,7.83,19.01
96,WTV,WisdomTree US Value Fund,5,60,14,34,69,1.0,10.0,1.84,0.0,7.11,18.31
96,QYLG.O,Global X Nasdaq 100 Covered Call & Growth ETF,5,60,14,34,69,1.0,10.0,1.84,12.9,6.66,18.14
96,SMMV.K,iShares MSCI USA Small-Cap Min Vol Factor ETF,5,60,14,34,69,1.0,10.0,1.84,0.0,6.93,16.34
96,KJAN.K,Innovator US Small Cap Power Buffer ETF - January,5,60,14,34,69,1.0,10.0,1.84,0.0,7.44,16.26
96,XDQQ.K,Innovator Growth Accelerated ETF - Quarterly,5,60,14,34,69,1.0,10.0,1.84,17.94,8.26,19.4
96,ROUS.K,Hartford Multifactor US Equity ETF,5,60,14,34,69,1.0,10.0,1.84,0.0,8.84,17.12
96,EWJV.O,iShares MSCI Japan Value ETF,5,60,14,34,69,1.0,10.0,1.84,10.74,7.14,17.83
96,REGL.K,ProShares S&P MidCap 400 Dividend Aristocrats ETF,5,60,14,34,69,1.0,10.0,1.84,0.0,8.27,18.41
96,XMLV.K,Invesco S&P MidCap Low Volatility ETF,5,60,14,34,69,1.0,10.0,1.84,0.0,8.42,16.26
96,NULV.K,Nuveen ESG Large-Cap Value ETF,5,60,14,34,69,1.0,10.0,1.84,0.0,7.25,17.78
96,SPGM.K,SPDR Portfolio MSCI Global Stock Market ETF,5,60,14,34,69,1.0,10.0,1.84,0.0,9.21,17.65
96,DMXF.O,iShares ESG Advanced MSCI EAFE ETF,5,60,14,34,69,1.0,10.0,1.84,0.0,8.92,17.13
96,DGIN.K,VanEck Digital India ETF,5,60,14,34,74,1.0,10.0,1.61,0.0,8.42,18.66
96,FLSW.K,Franklin FTSE Switzerland ETF,5,60,14,34,74,1.0,10.0,1.61,0.0,7.11,17.35
96,CBLS.K,Clough Hedged Equity ETF,5,60,14,34,74,1.0,10.0,1.61,12.42,8.19,16.06
96,TSLH.K,Innovator Hedged TSLA Strategy ETF,5,60,14,34,74,1.0,10.0,1.61,0.0,7.61,18.42
96,IVRA.K,Invesco Real Assets ESG ETF,5,60,14,34,74,1.0,10.0,1.61,0.0,7.68,17.81
96,RAYD.K,Rayliant Quantitative Developed Market Equity ETF,5,60,14,34,74,1.0,10.0,1.61,0.0,8.75,16.45
96,GVLU.K,Gotham 1000 Value ETF,5,60,14,34,74,1.0,10.0,1.61,0.0,8.72,18.29
96,FSZ.O,First Trust Switzerland AlphaDEX Fund,5,60,14,34,74,1.0,10.0,1.61,0.0,8.14,18.41
96,FVC.O,First Trust Dorsey Wright Dynamic Focus 5 ETF,5,60,14,34,74,1.0,10.0,1.61,0.0,8.69,17.6
96,PIO.O,Invesco Global Water ETF,5,60,14,34,74,1.0,10.0,1.61,8.78,8.25,18.67
96,EASG.K,Xtrackers MSCI EAFE ESG Leaders Equity ETF,5,60,14,34,74,1.0,10.0,1.61,0.0,7.14,18.94
96,IPKW.O,Invesco International BuyBack Achievers ETF,5,60,14,34,74,1.0,10.0,1.61,0.0,6.48,17.45
96,DGT,SPDR Global Dow ETF,5,60,14,34,74,1.0,10.0,1.61,7.33,8.55,17.36
96,VALQ.K,American Century US Quality Value ETF,5,60,14,34,74,1.0,10.0,1.61,0.0,7.11,18.57
96,FBOT.O,Fidelity Disruptive Automation ETF,5,60,14,34,74,1.0,10.0,1.61,0.0,6.88,16.49
96,GLOF.K,iShares Global Equity Factor ETF,5,60,14,34,74,1.0,10.0,1.61,0.0,7.66,17.64
96,KLDW.K,Knowledge Leaders Developed World ETF,5,60,14,34,74,1.0,10.0,1.61,0.0,8.21,16.78
96,IBGK.O,iShares iBonds Dec 2054 Term Treasury ETF,5,60,14,34,74,1.0,10.0,1.61,0.0,9.18,16.97
96,CEFA.O,Global X S&P Catholic Values Developed ex-US ETF,5,60,14,34,74,1.0,10.0,1.61,0.0,6.9,16.61
96,EBLU.K,Ecofin Global Water ESG Fund,5,60,14,34,74,1.0,10.0,1.61,0.0,9.46,17.33
96,STXK.K,Strive Small Cap ETF,5,60,14,34,74,1.0,10.0,1.61,0.0,8.6,18.65
96,PCCE.K,Polen Capital China Growth ETF,5,60,14,34,74,1.0,10.0,1.61,0.0,7.06,18.69
96,WCEO.K,Hypatia Women CEO ETF,5,60,14,34,74,1.0,10.0,1.61,0.0,8.39,16.8
96,JPSV.K,JPMorgan Active Small Cap Value ETF,5,60,14,34,74,1.0,10.0,1.61,0.0,7.51,16.6
96,EMSF.K,Matthews Emerging Markets Sustainable Ftr Actv ETF,5,60,14,34,74,1.0,10.0,1.61,0.0,8.49,18.29
96,HLGE.K,Hartford Longevity Economy ETF,5,60,14,34,74,1.0,10.0,1.61,13.61,7.52,16.4
96,DFND.K,Siren DIVCON Dividend Defender ETF,5,60,14,34,74,1.0,10.0,1.61,0.0,7.37,16.75
96,KEM,KraneShares Dynamic Emerging Markets Strategy ETF,5,60,14,34,74,1.0,10.0,1.61,0.0,7.02,16.43
96,XRLV.K,Invesco S&P 500 ex-Rate Sensitive LV ETF,5,60,14,34,74,1.0,10.0,1.61,0.0,8.91,16.04
96,FMCX.K,FM Focus Equity ETF,5,60,14,34,74,1.0,10.0,1.61,0.0,8.06,17.02
96,PUI.O,Invesco Dorsey Wright Utilities Momentum ETF,5,60,14,34,74,1.0,10.0,1.61,0.0,8.12,17.8
96,ECLN.K,First Trust EIP Carbon Impact ETF,5,60,14,34,74,1.0,10.0,1.61,0.0,6.8,18.77
96,DIEM.K,Franklin Emerging Market Core Dividend Tilt Ix ETF,5,60,14,34,74,1.0,10.0,1.61,0.0,8.45,16.01
96,RVER.K,Trenchless Fund ETF,5,60,14,34,74,1.0,10.0,1.61,0.0,6.94,18.05
96,DDIV.O,First Trust Dorsey Wright Momentum & Dividend ETF,5,60,14,34,74,1.0,10.0,1.61,7.46,6.92,18.71
96,IDHQ.K,Invesco S&P Internatnl Developed Quality ETF,5,60,14,34,74,1.0,10.0,1.61,0.0,7.24,18.46
96,PSCU.O,Invesco S&P SmallCap Utilities & Comm Svcs,5,60,14,34,74,1.0,10.0,1.61,0.0,6.82,18.04
96,SDG.O,iShares MSCI Global Sustainable Development Goals,5,60,14,34,74,1.0,10.0,1.61,0.0,7.1,16.69
96,SDY,SPDR S&P Dividend ETF,5,60,14,34,74,1.0,10.0,1.61,0.0,8.75,16.49
96,FUTY.K,Fidelity MSCI Utilities Index ETF,5,60,14,34,74,1.0,10.0,1.61,0.0,7.2,18.7
96,VIGI.O,Vanguard Intl Dividend Appreciation Index Fund;ETF,5,60,14,34,74,1.0,10.0,1.61,0.0,7.08,16.24
96,VPU,Vanguard Utilities Index Fund;ETF,5,60,14,34,74,1.0,10.0,1.61,0.0,7.9,17.53
96,EWL,Ishares Msci Switzerland ETF,5,60,14,34,74,1.0,10.0,1.61,0.0,7.69,17.03
96,IHDG.K,WisdomTree International Hedged Qual Dividend Gro,5,60,14,34,74,1.0,10.0,1.61,0.0,7.5,15.93
96,ICVT.K,iShares Convertible Bond ETF,5,60,14,34,74,1.0,10.0,1.61,0.0,6.6,16.08
96,AVLV.K,Avantis US Large Cap Value ETF,5,60,14,34,74,1.0,10.0,1.61,0.0,9.26,17.8
96,ESGD.O,iShares ESG Aware MSCI EAFE ETF,5,60,14,34,74,1.0,10.0,1.61,0.0,6.91,17.17
96,DFUV.K,DFA Dimensional US Marketwide Value ETF,5,60,14,34,74,1.0,10.0,1.61,0.0,8.68,16.62
96,EFG,iShares MSCI EAFE Growth ETF,5,60,14,34,74,1.0,10.0,1.61,0.0,6.88,17.93
96,DFAC.K,Dimensional U S Core Equity 2 ETF,5,60,14,34,74,1.0,10.0,1.61,0.0,8.2,17.32
96,VLUE.K,iShares MSCI USA Value Factor ETF,5,60,14,34,74,1.0,10.0,1.61,0.0,8.6,18.61
96,DVY.O,iShares Select Dividend ETF,5,60,14,34,74,1.0,10.0,1.61,0.0,8.85,16.78
96,VT,Vanguard Total World Stock Index Fund;ETF,5,60,14,34,74,1.0,10.0,1.61,0.0,9.19,17.33
96,XLU,Utilities Select Sector SPDR Fund,5,60,14,34,74,1.0,10.0,1.61,0.0,7.76,17.66
96,DJD,Invesco Dow Jones Industrial Average Div ETF,5,60,14,34,74,1.0,10.0,1.61,0.0,8.96,17.31
96,FXU,First Trust Utilities AlphaDEX Fund,5,60,14,34,74,1.0,10.0,1.61,0.0,7.29,17.3
96,ACWI.O,iShares MSCI ACWI ETF,5,60,14,34,74,1.0,10.0,1.61,0.0,9.39,17.16
96,PEY.O,Invesco High Yield Equity Dividend Achvrs ETF,5,60,14,34,74,1.0,10.0,1.61,0.0,8.13,17.46
96,EQAL.K,Invesco Russell 1000 Equal Weight ETF,5,60,14,34,74,1.0,10.0,1.61,0.0,7.96,18.98
96,SDOG.K,ALPS Sector Dividend Dogs ETF,5,60,14,34,74,1.0,10.0,1.61,0.0,7.9,18.15
96,CRBN.K,iShares MSCI ACWI Low Carbon Target ETF,5,60,14,34,74,1.0,10.0,1.61,0.0,8.75,16.71
96,JIG,JPMorgan International Growth ETF,5,60,14,34,74,1.0,10.0,1.61,10.53,7.83,19.01
96,WTV,WisdomTree US Value Fund,5,60,14,34,74,1.0,10.0,1.61,0.0,7.11,18.31
96,QYLG.O,Global X Nasdaq 100 Covered Call & Growth ETF,5,60,14,34,74,1.0,10.0,1.61,12.9,6.66,18.14
96,SMMV.K,iShares MSCI USA Small-Cap Min Vol Factor ETF,5,60,14,34,74,1.0,10.0,1.61,0.0,6.93,16.34
96,KJAN.K,Innovator US Small Cap Power Buffer ETF - January,5,60,14,34,74,1.0,10.0,1.61,0.0,7.44,16.26
96,XDQQ.K,Innovator Growth Accelerated ETF - Quarterly,5,60,14,34,74,1.0,10.0,1.61,17.94,8.26,19.4
96,ROUS.K,Hartford Multifactor US Equity ETF,5,60,14,34,74,1.0,10.0,1.61,0.0,8.84,17.12
96,EWJV.O,iShares MSCI Japan Value ETF,5,60,14,34,74,1.0,10.0,1.61,10.49,7.14,17.83
96,REGL.K,ProShares S&P MidCap 400 Dividend Aristocrats ETF,5,60,14,34,74,1.0,10.0,1.61,0.0,8.27,18.41
96,XMLV.K,Invesco S&P MidCap Low Volatility ETF,5,60,14,34,74,1.0,10.0,1.61,0.0,8.42,16.26
96,NULV.K,Nuveen ESG Large-Cap Value ETF,5,60,14,34,74,1.0,10.0,1.61,0.0,7.25,17.78
96,SPGM.K,SPDR Portfolio MSCI Global Stock Market ETF,5,60,14,34,74,1.0,10.0,1.61,0.0,9.21,17.65
96,DMXF.O,iShares ESG Advanced MSCI EAFE ETF,5,60,14,34,74,1.0,10.0,1.61,0.0,8.92,17.13
96,IQDG.K,WisdomTree International Quality Dividend Growth,5,60,14,34,74,1.0,10.0,1.61,19.22,6.88,17.43
96,DGIN.K,VanEck Digital India ETF,5,60,14,34,79,1.0,10.0,1.47,0.0,8.42,18.66
96,FLSW.K,Franklin FTSE Switzerland ETF,5,60,14,34,79,1.0,10.0,1.47,0.0,7.11,17.35
96,CBLS.K,Clough Hedged Equity ETF,5,60,14,34,79,1.0,10.0,1.47,12.42,8.19,16.06
96,TSLH.K,Innovator Hedged TSLA Strategy ETF,5,60,14,34,79,1.0,10.0,1.47,0.0,7.61,18.42
96,IVRA.K,Invesco Real Assets ESG ETF,5,60,14,34,79,1.0,10.0,1.47,0.0,7.68,17.81
96,RAYD.K,Rayliant Quantitative Developed Market Equity ETF,5,60,14,34,79,1.0,10.0,1.47,0.0,8.75,16.45
96,GVLU.K,Gotham 1000 Value ETF,5,60,14,34,79,1.0,10.0,1.47,0.0,8.72,18.29
96,FSZ.O,First Trust Switzerland AlphaDEX Fund,5,60,14,34,79,1.0,10.0,1.47,0.0,8.14,18.41
96,FVC.O,First Trust Dorsey Wright Dynamic Focus 5 ETF,5,60,14,34,79,1.0,10.0,1.47,0.0,8.69,17.6
96,PIO.O,Invesco Global Water ETF,5,60,14,34,79,1.0,10.0,1.47,9.58,8.25,18.67
96,EASG.K,Xtrackers MSCI EAFE ESG Leaders Equity ETF,5,60,14,34,79,1.0,10.0,1.47,0.0,7.14,18.94
96,IPKW.O,Invesco International BuyBack Achievers ETF,5,60,14,34,79,1.0,10.0,1.47,0.0,6.48,17.45
96,DGT,SPDR Global Dow ETF,5,60,14,34,79,1.0,10.0,1.47,8.29,8.55,17.36
96,VALQ.K,American Century US Quality Value ETF,5,60,14,34,79,1.0,10.0,1.47,0.0,7.11,18.57
96,FBOT.O,Fidelity Disruptive Automation ETF,5,60,14,34,79,1.0,10.0,1.47,0.0,6.88,16.49
96,KLDW.K,Knowledge Leaders Developed World ETF,5,60,14,34,79,1.0,10.0,1.47,0.0,8.21,16.78
96,GLOF.K,iShares Global Equity Factor ETF,5,60,14,34,79,1.0,10.0,1.47,0.0,7.66,17.64
96,PUI.O,Invesco Dorsey Wright Utilities Momentum ETF,5,60,14,34,79,1.0,10.0,1.47,0.0,8.12,17.8
96,PSCU.O,Invesco S&P SmallCap Utilities & Comm Svcs,5,60,14,34,79,1.0,10.0,1.47,0.0,6.82,18.04
96,KEM,KraneShares Dynamic Emerging Markets Strategy ETF,5,60,14,34,79,1.0,10.0,1.47,0.0,7.02,16.43
96,IBGK.O,iShares iBonds Dec 2054 Term Treasury ETF,5,60,14,34,79,1.0,10.0,1.47,0.0,9.18,16.97
96,PCCE.K,Polen Capital China Growth ETF,5,60,14,34,79,1.0,10.0,1.47,0.0,7.06,18.69
96,WCEO.K,Hypatia Women CEO ETF,5,60,14,34,79,1.0,10.0,1.47,0.0,8.39,16.8
96,JPSV.K,JPMorgan Active Small Cap Value ETF,5,60,14,34,79,1.0,10.0,1.47,0.0,7.51,16.6
96,EMSF.K,Matthews Emerging Markets Sustainable Ftr Actv ETF,5,60,14,34,79,1.0,10.0,1.47,0.0,8.49,18.29
96,HLGE.K,Hartford Longevity Economy ETF,5,60,14,34,79,1.0,10.0,1.47,13.61,7.52,16.4
96,DFND.K,Siren DIVCON Dividend Defender ETF,5,60,14,34,79,1.0,10.0,1.47,0.0,7.37,16.75
96,XRLV.K,Invesco S&P 500 ex-Rate Sensitive LV ETF,5,60,14,34,79,1.0,10.0,1.47,0.0,8.91,16.04
96,CEFA.O,Global X S&P Catholic Values Developed ex-US ETF,5,60,14,34,79,1.0,10.0,1.47,0.0,6.9,16.61
96,FMCX.K,FM Focus Equity ETF,5,60,14,34,79,1.0,10.0,1.47,0.0,8.06,17.02
96,STXK.K,Strive Small Cap ETF,5,60,14,34,79,1.0,10.0,1.47,0.0,8.6,18.65
96,ECLN.K,First Trust EIP Carbon Impact ETF,5,60,14,34,79,1.0,10.0,1.47,0.0,6.8,18.77
96,DIEM.K,Franklin Emerging Market Core Dividend Tilt Ix ETF,5,60,14,34,79,1.0,10.0,1.47,0.0,8.45,16.01
96,RVER.K,Trenchless Fund ETF,5,60,14,34,79,1.0,10.0,1.47,0.0,6.94,18.05
96,DDIV.O,First Trust Dorsey Wright Momentum & Dividend ETF,5,60,14,34,79,1.0,10.0,1.47,7.46,6.92,18.71
96,EBLU.K,Ecofin Global Water ESG Fund,5,60,14,34,79,1.0,10.0,1.47,0.0,9.46,17.33
96,IDHQ.K,Invesco S&P Internatnl Developed Quality ETF,5,60,14,34,79,1.0,10.0,1.47,0.0,7.24,18.46
96,KJAN.K,Innovator US Small Cap Power Buffer ETF - January,5,60,14,34,79,1.0,10.0,1.47,0.0,7.44,16.26
96,SDG.O,iShares MSCI Global Sustainable Development Goals,5,60,14,34,79,1.0,10.0,1.47,0.0,7.1,16.69
96,FXU,First Trust Utilities AlphaDEX Fund,5,60,14,34,79,1.0,10.0,1.47,0.0,7.29,17.3
96,VIGI.O,Vanguard Intl Dividend Appreciation Index Fund;ETF,5,60,14,34,79,1.0,10.0,1.47,0.0,7.08,16.24
96,VPU,Vanguard Utilities Index Fund;ETF,5,60,14,34,79,1.0,10.0,1.47,0.0,7.9,17.53
96,EWL,Ishares Msci Switzerland ETF,5,60,14,34,79,1.0,10.0,1.47,0.0,7.69,17.03
96,IHDG.K,WisdomTree International Hedged Qual Dividend Gro,5,60,14,34,79,1.0,10.0,1.47,0.0,7.5,15.93
96,ICVT.K,iShares Convertible Bond ETF,5,60,14,34,79,1.0,10.0,1.47,0.0,6.6,16.08
96,AVLV.K,Avantis US Large Cap Value ETF,5,60,14,34,79,1.0,10.0,1.47,0.0,9.26,17.8
96,SDY,SPDR S&P Dividend ETF,5,60,14,34,79,1.0,10.0,1.47,0.0,8.75,16.49
96,ESGD.O,iShares ESG Aware MSCI EAFE ETF,5,60,14,34,79,1.0,10.0,1.47,0.0,6.91,17.17
96,EFG,iShares MSCI EAFE Growth ETF,5,60,14,34,79,1.0,10.0,1.47,0.0,6.88,17.93
96,DFAC.K,Dimensional U S Core Equity 2 ETF,5,60,14,34,79,1.0,10.0,1.47,0.0,8.2,17.32
96,VLUE.K,iShares MSCI USA Value Factor ETF,5,60,14,34,79,1.0,10.0,1.47,0.0,8.6,18.61
96,DVY.O,iShares Select Dividend ETF,5,60,14,34,79,1.0,10.0,1.47,0.0,8.85,16.78
96,VT,Vanguard Total World Stock Index Fund;ETF,5,60,14,34,79,1.0,10.0,1.47,0.0,9.19,17.33
96,ACWI.O,iShares MSCI ACWI ETF,5,60,14,34,79,1.0,10.0,1.47,0.0,9.39,17.16
96,XLU,Utilities Select Sector SPDR Fund,5,60,14,34,79,1.0,10.0,1.47,0.0,7.76,17.66
96,FUTY.K,Fidelity MSCI Utilities Index ETF,5,60,14,34,79,1.0,10.0,1.47,0.0,7.2,18.7
96,DFUV.K,DFA Dimensional US Marketwide Value ETF,5,60,14,34,79,1.0,10.0,1.47,0.0,8.68,16.62
96,DJD,Invesco Dow Jones Industrial Average Div ETF,5,60,14,34,79,1.0,10.0,1.47,0.0,8.96,17.31
96,PEY.O,Invesco High Yield Equity Dividend Achvrs ETF,5,60,14,34,79,1.0,10.0,1.47,0.0,8.13,17.46
96,XDQQ.K,Innovator Growth Accelerated ETF - Quarterly,5,60,14,34,79,1.0,10.0,1.47,17.94,8.26,19.4
96,CRBN.K,iShares MSCI ACWI Low Carbon Target ETF,5,60,14,34,79,1.0,10.0,1.47,0.0,8.75,16.71
96,JIG,JPMorgan International Growth ETF,5,60,14,34,79,1.0,10.0,1.47,10.53,7.83,19.01
96,WTV,WisdomTree US Value Fund,5,60,14,34,79,1.0,10.0,1.47,0.0,7.11,18.31
96,QYLG.O,Global X Nasdaq 100 Covered Call & Growth ETF,5,60,14,34,79,1.0,10.0,1.47,12.9,6.66,18.14
96,SMMV.K,iShares MSCI USA Small-Cap Min Vol Factor ETF,5,60,14,34,79,1.0,10.0,1.47,0.0,6.93,16.34
96,EQAL.K,Invesco Russell 1000 Equal Weight ETF,5,60,14,34,79,1.0,10.0,1.47,0.0,7.96,18.98
96,ROUS.K,Hartford Multifactor US Equity ETF,5,60,14,34,79,1.0,10.0,1.47,0.0,8.84,17.12
96,DMXF.O,iShares ESG Advanced MSCI EAFE ETF,5,60,14,34,79,1.0,10.0,1.47,0.0,8.92,17.13
96,EWJV.O,iShares MSCI Japan Value ETF,5,60,14,34,79,1.0,10.0,1.47,10.49,7.14,17.83
96,REGL.K,ProShares S&P MidCap 400 Dividend Aristocrats ETF,5,60,14,34,79,1.0,10.0,1.47,0.0,8.27,18.41
96,XMLV.K,Invesco S&P MidCap Low Volatility ETF,5,60,14,34,79,1.0,10.0,1.47,0.0,8.42,16.26
96,NULV.K,Nuveen ESG Large-Cap Value ETF,5,60,14,34,79,1.0,10.0,1.47,0.0,7.25,17.78
96,SPGM.K,SPDR Portfolio MSCI Global Stock Market ETF,5,60,14,34,79,1.0,10.0,1.47,0.0,9.21,17.65
96,IQDG.K,WisdomTree International Quality Dividend Growth,5,60,14,34,79,1.0,10.0,1.47,6.83,6.88,17.43
96,SDOG.K,ALPS Sector Dividend Dogs ETF,5,60,14,34,79,1.0,10.0,1.47,0.0,7.9,18.15
96,STXK.K,Strive Small Cap ETF,5,60,14,29,79,1.0,10.0,0.24,0.0,8.6,18.65
96,PEY.O,Invesco High Yield Equity Dividend Achvrs ETF,5,60,14,29,74,1.0,10.0,0.24,0.0,8.13,17.46
96,JPSV.K,JPMorgan Active Small Cap Value ETF,5,60,14,29,69,1.0,10.0,0.24,0.0,7.51,16.6
96,ESGD.O,iShares ESG Aware MSCI EAFE ETF,5,60,14,29,74,1.0,10.0,0.24,0.0,6.91,17.17
96,EFG,iShares MSCI EAFE Growth ETF,5,60,14,29,74,1.0,10.0,0.24,0.0,6.88,17.93
96,DFAC.K,Dimensional U S Core Equity 2 ETF,5,60,14,29,74,1.0,10.0,0.24,0.0,8.2,17.32
96,VLUE.K,iShares MSCI USA Value Factor ETF,5,60,14,29,74,1.0,10.0,0.24,0.0,8.6,18.61
96,DVY.O,iShares Select Dividend ETF,5,60,14,29,74,1.0,10.0,0.24,0.0,8.85,16.78
96,VT,Vanguard Total World Stock Index Fund;ETF,5,60,14,29,74,1.0,10.0,0.24,0.0,9.19,17.33
96,ACWI.O,iShares MSCI ACWI ETF,5,60,14,29,74,1.0,10.0,0.24,0.0,9.39,17.16
96,XLU,Utilities Select Sector SPDR Fund,5,60,14,29,74,1.0,10.0,0.24,0.0,7.76,17.66
96,IBGK.O,iShares iBonds Dec 2054 Term Treasury ETF,5,60,14,29,69,1.0,10.0,0.24,0.0,9.18,16.97
96,PCCE.K,Polen Capital China Growth ETF,5,60,14,29,69,1.0,10.0,0.24,0.0,7.06,18.69
96,WCEO.K,Hypatia Women CEO ETF,5,60,14,29,69,1.0,10.0,0.24,0.0,8.39,16.8
96,EMSF.K,Matthews Emerging Markets Sustainable Ftr Actv ETF,5,60,14,29,69,1.0,10.0,0.24,0.0,8.49,18.29
96,AVLV.K,Avantis US Large Cap Value ETF,5,60,14,29,74,1.0,10.0,0.24,0.0,9.26,17.8
96,HLGE.K,Hartford Longevity Economy ETF,5,60,14,29,69,1.0,10.0,0.24,0.0,7.52,16.4
96,DFND.K,Siren DIVCON Dividend Defender ETF,5,60,14,29,69,1.0,10.0,0.24,0.0,7.37,16.75
96,KEM,KraneShares Dynamic Emerging Markets Strategy ETF,5,60,14,29,69,1.0,10.0,0.24,0.0,7.02,16.43
96,XRLV.K,Invesco S&P 500 ex-Rate Sensitive LV ETF,5,60,14,29,69,1.0,10.0,0.24,0.0,8.91,16.04
96,FMCX.K,FM Focus Equity ETF,5,60,14,29,69,1.0,10.0,0.24,0.0,8.06,17.02
96,PUI.O,Invesco Dorsey Wright Utilities Momentum ETF,5,60,14,29,69,1.0,10.0,0.24,0.0,8.12,17.8
96,ECLN.K,First Trust EIP Carbon Impact ETF,5,60,14,29,69,1.0,10.0,0.24,0.0,6.8,18.77
96,DIEM.K,Franklin Emerging Market Core Dividend Tilt Ix ETF,5,60,14,29,69,1.0,10.0,0.24,0.0,8.45,16.01
96,RVER.K,Trenchless Fund ETF,5,60,14,29,69,1.0,10.0,0.24,0.0,6.94,18.05
96,DDIV.O,First Trust Dorsey Wright Momentum & Dividend ETF,5,60,14,29,69,1.0,10.0,0.24,0.0,6.92,18.71
96,EBLU.K,Ecofin Global Water ESG Fund,5,60,14,29,69,1.0,10.0,0.24,0.0,9.46,17.33
96,SDY,SPDR S&P Dividend ETF,5,60,14,29,74,1.0,10.0,0.24,0.0,8.75,16.49
96,ICVT.K,iShares Convertible Bond ETF,5,60,14,29,74,1.0,10.0,0.24,0.0,6.6,16.08
96,PSCU.O,Invesco S&P SmallCap Utilities & Comm Svcs,5,60,14,29,69,1.0,10.0,0.24,0.0,6.82,18.04
96,EWJV.O,iShares MSCI Japan Value ETF,5,60,14,29,74,1.0,10.0,0.24,0.0,7.14,17.83
96,DJD,Invesco Dow Jones Industrial Average Div ETF,5,60,14,29,74,1.0,10.0,0.24,0.0,8.96,17.31
96,XDQQ.K,Innovator Growth Accelerated ETF - Quarterly,5,60,14,29,74,1.0,10.0,0.24,17.94,8.26,19.4
96,CRBN.K,iShares MSCI ACWI Low Carbon Target ETF,5,60,14,29,74,1.0,10.0,0.24,0.0,8.75,16.71
96,JIG,JPMorgan International Growth ETF,5,60,14,29,74,1.0,10.0,0.24,0.0,7.83,19.01
96,WTV,WisdomTree US Value Fund,5,60,14,29,74,1.0,10.0,0.24,0.0,7.11,18.31
96,QYLG.O,Global X Nasdaq 100 Covered Call & Growth ETF,5,60,14,29,74,1.0,10.0,0.24,0.0,6.66,18.14
96,SMMV.K,iShares MSCI USA Small-Cap Min Vol Factor ETF,5,60,14,29,74,1.0,10.0,0.24,0.0,6.93,16.34
96,KJAN.K,Innovator US Small Cap Power Buffer ETF - January,5,60,14,29,74,1.0,10.0,0.24,0.0,7.44,16.26
96,EQAL.K,Invesco Russell 1000 Equal Weight ETF,5,60,14,29,74,1.0,10.0,0.24,0.0,7.96,18.98
96,ROUS.K,Hartford Multifactor US Equity ETF,5,60,14,29,74,1.0,10.0,0.24,0.0,8.84,17.12
96,DMXF.O,iShares ESG Advanced MSCI EAFE ETF,5,60,14,29,74,1.0,10.0,0.24,0.0,8.92,17.13
96,REGL.K,ProShares S&P MidCap 400 Dividend Aristocrats ETF,5,60,14,29,74,1.0,10.0,0.24,0.0,8.27,18.41
96,IHDG.K,WisdomTree International Hedged Qual Dividend Gro,5,60,14,29,74,1.0,10.0,0.24,0.0,7.5,15.93
96,XMLV.K,Invesco S&P MidCap Low Volatility ETF,5,60,14,29,74,1.0,10.0,0.24,0.0,8.42,16.26
96,NULV.K,Nuveen ESG Large-Cap Value ETF,5,60,14,29,74,1.0,10.0,0.24,0.0,7.25,17.78
96,SPGM.K,SPDR Portfolio MSCI Global Stock Market ETF,5,60,14,29,74,1.0,10.0,0.24,0.0,9.21,17.65
96,IQDG.K,WisdomTree International Quality Dividend Growth,5,60,14,29,74,1.0,10.0,0.24,0.0,6.88,17.43
96,SDOG.K,ALPS Sector Dividend Dogs ETF,5,60,14,29,74,1.0,10.0,0.24,0.0,7.9,18.15
96,DFUV.K,DFA Dimensional US Marketwide Value ETF,5,60,14,29,74,1.0,10.0,0.24,0.0,8.68,16.62
96,FXU,First Trust Utilities AlphaDEX Fund,5,60,14,29,74,1.0,10.0,0.24,0.0,7.29,17.3
96,FUTY.K,Fidelity MSCI Utilities Index ETF,5,60,14,29,74,1.0,10.0,0.24,0.0,7.2,18.7
96,VIGI.O,Vanguard Intl Dividend Appreciation Index Fund;ETF,5,60,14,29,74,1.0,10.0,0.24,0.0,7.08,16.24
96,VPU,Vanguard Utilities Index Fund;ETF,5,60,14,29,74,1.0,10.0,0.24,0.0,7.9,17.53
96,EWL,Ishares Msci Switzerland ETF,5,60,14,29,74,1.0,10.0,0.24,0.0,7.69,17.03
96,CEFA.O,Global X S&P Catholic Values Developed ex-US ETF,5,60,14,29,69,1.0,10.0,0.24,0.0,6.9,16.61
96,KLDW.K,Knowledge Leaders Developed World ETF,5,60,14,29,69,1.0,10.0,0.24,0.0,8.21,16.78
96,STXK.K,Strive Small Cap ETF,5,60,14,29,74,1.0,10.0,0.24,0.0,8.6,18.65
96,VIGI.O,Vanguard Intl Dividend Appreciation Index Fund;ETF,5,60,14,29,69,1.0,10.0,0.24,0.0,7.08,16.24
96,EWJV.O,iShares MSCI Japan Value ETF,5,60,14,29,69,1.0,10.0,0.24,0.0,7.14,17.83
96,REGL.K,ProShares S&P MidCap 400 Dividend Aristocrats ETF,5,60,14,29,69,1.0,10.0,0.24,0.0,8.27,18.41
96,XMLV.K,Invesco S&P MidCap Low Volatility ETF,5,60,14,29,69,1.0,10.0,0.24,0.0,8.42,16.26
96,NULV.K,Nuveen ESG Large-Cap Value ETF,5,60,14,29,69,1.0,10.0,0.24,0.0,7.25,17.78
96,SPGM.K,SPDR Portfolio MSCI Global Stock Market ETF,5,60,14,29,69,1.0,10.0,0.24,0.0,9.21,17.65
96,IQDG.K,WisdomTree International Quality Dividend Growth,5,60,14,29,69,1.0,10.0,0.24,0.0,6.88,17.43
96,SDOG.K,ALPS Sector Dividend Dogs ETF,5,60,14,29,69,1.0,10.0,0.24,0.0,7.9,18.15
96,PEY.O,Invesco High Yield Equity Dividend Achvrs ETF,5,60,14,29,69,1.0,10.0,0.24,0.0,8.13,17.46
96,DFUV.K,DFA Dimensional US Marketwide Value ETF,5,60,14,29,69,1.0,10.0,0.24,0.0,8.68,16.62
96,FXU,First Trust Utilities AlphaDEX Fund,5,60,14,29,69,1.0,10.0,0.24,0.0,7.29,17.3
96,FUTY.K,Fidelity MSCI Utilities Index ETF,5,60,14,29,69,1.0,10.0,0.24,0.0,7.2,18.7
96,VPU,Vanguard Utilities Index Fund;ETF,5,60,14,29,69,1.0,10.0,0.24,0.0,7.9,17.53
96,EQAL.K,Invesco Russell 1000 Equal Weight ETF,5,60,14,29,69,1.0,10.0,0.24,0.0,7.96,18.98
96,EWL,Ishares Msci Switzerland ETF,5,60,14,29,69,1.0,10.0,0.24,0.0,7.69,17.03
96,IHDG.K,WisdomTree International Hedged Qual Dividend Gro,5,60,14,29,69,1.0,10.0,0.24,0.0,7.5,15.93
96,ICVT.K,iShares Convertible Bond ETF,5,60,14,29,69,1.0,10.0,0.24,0.0,6.6,16.08
96,AVLV.K,Avantis US Large Cap Value ETF,5,60,14,29,69,1.0,10.0,0.24,0.0,9.26,17.8
96,SDY,SPDR S&P Dividend ETF,5,60,14,29,69,1.0,10.0,0.24,0.0,8.75,16.49
96,ESGD.O,iShares ESG Aware MSCI EAFE ETF,5,60,14,29,69,1.0,10.0,0.24,0.0,6.91,17.17
96,EFG,iShares MSCI EAFE Growth ETF,5,60,14,29,69,1.0,10.0,0.24,0.0,6.88,17.93
96,DFAC.K,Dimensional U S Core Equity 2 ETF,5,60,14,29,69,1.0,10.0,0.24,0.0,8.2,17.32
96,VLUE.K,iShares MSCI USA Value Factor ETF,5,60,14,29,69,1.0,10.0,0.24,0.0,8.6,18.61
96,DVY.O,iShares Select Dividend ETF,5,60,14,29,69,1.0,10.0,0.24,0.0,8.85,16.78
96,VT,Vanguard Total World Stock Index Fund;ETF,5,60,14,29,69,1.0,10.0,0.24,0.0,9.19,17.33
96,DMXF.O,iShares ESG Advanced MSCI EAFE ETF,5,60,14,29,69,1.0,10.0,0.24,0.0,8.92,17.13
96,KJAN.K,Innovator US Small Cap Power Buffer ETF - January,5,60,14,29,69,1.0,10.0,0.24,0.0,7.44,16.26
96,FLSW.K,Franklin FTSE Switzerland ETF,5,60,14,29,69,1.0,10.0,0.24,0.0,7.11,17.35
96,DGT,SPDR Global Dow ETF,5,60,14,29,69,1.0,10.0,0.24,0.0,8.55,17.36
96,CBLS.K,Clough Hedged Equity ETF,5,60,14,29,69,1.0,10.0,0.24,0.0,8.19,16.06
96,TSLH.K,Innovator Hedged TSLA Strategy ETF,5,60,14,29,69,1.0,10.0,0.24,0.0,7.61,18.42
96,IVRA.K,Invesco Real Assets ESG ETF,5,60,14,29,69,1.0,10.0,0.24,0.0,7.68,17.81
96,RAYD.K,Rayliant Quantitative Developed Market Equity ETF,5,60,14,29,69,1.0,10.0,0.24,0.0,8.75,16.45
96,GVLU.K,Gotham 1000 Value ETF,5,60,14,29,69,1.0,10.0,0.24,0.0,8.72,18.29
96,FSZ.O,First Trust Switzerland AlphaDEX Fund,5,60,14,29,69,1.0,10.0,0.24,0.0,8.14,18.41
96,DGIN.K,VanEck Digital India ETF,5,60,14,29,69,1.0,10.0,0.24,0.0,8.42,18.66
96,PIO.O,Invesco Global Water ETF,5,60,14,29,69,1.0,10.0,0.24,0.0,8.25,18.67
96,EASG.K,Xtrackers MSCI EAFE ESG Leaders Equity ETF,5,60,14,29,69,1.0,10.0,0.24,0.0,7.14,18.94
96,FVC.O,First Trust Dorsey Wright Dynamic Focus 5 ETF,5,60,14,29,69,1.0,10.0,0.24,0.0,8.69,17.6
96,IPKW.O,Invesco International BuyBack Achievers ETF,5,60,14,29,69,1.0,10.0,0.24,0.0,6.48,17.45
96,VALQ.K,American Century US Quality Value ETF,5,60,14,29,69,1.0,10.0,0.24,0.0,7.11,18.57
96,SMMV.K,iShares MSCI USA Small-Cap Min Vol Factor ETF,5,60,14,29,69,1.0,10.0,0.24,0.0,6.93,16.34
96,FBOT.O,Fidelity Disruptive Automation ETF,5,60,14,29,69,1.0,10.0,0.24,0.0,6.88,16.49
96,GLOF.K,iShares Global Equity Factor ETF,5,60,14,29,69,1.0,10.0,0.24,0.0,7.66,17.64
96,IDHQ.K,Invesco S&P Internatnl Developed Quality ETF,5,60,14,29,69,1.0,10.0,0.24,0.0,7.24,18.46
96,STXK.K,Strive Small Cap ETF,5,60,14,29,69,1.0,10.0,0.24,0.0,8.6,18.65
96,SDG.O,iShares MSCI Global Sustainable Development Goals,5,60,14,29,69,1.0,10.0,0.24,0.0,7.1,16.69
96,DJD,Invesco Dow Jones Industrial Average Div ETF,5,60,14,29,69,1.0,10.0,0.24,0.0,8.96,17.31
96,XDQQ.K,Innovator Growth Accelerated ETF - Quarterly,5,60,14,29,69,1.0,10.0,0.24,17.94,8.26,19.4
96,CRBN.K,iShares MSCI ACWI Low Carbon Target ETF,5,60,14,29,69,1.0,10.0,0.24,0.0,8.75,16.71
96,JIG,JPMorgan International Growth ETF,5,60,14,29,69,1.0,10.0,0.24,0.0,7.83,19.01
96,WTV,WisdomTree US Value Fund,5,60,14,29,69,1.0,10.0,0.24,0.0,7.11,18.31
96,QYLG.O,Global X Nasdaq 100 Covered Call & Growth ETF,5,60,14,29,69,1.0,10.0,0.24,0.0,6.66,18.14
96,SDG.O,iShares MSCI Global Sustainable Development Goals,5,60,14,29,74,1.0,10.0,0.24,0.0,7.1,16.69
96,IDHQ.K,Invesco S&P Internatnl Developed Quality ETF,5,60,14,29,74,1.0,10.0,0.24,0.0,7.24,18.46
96,XLU,Utilities Select Sector SPDR Fund,5,60,14,29,69,1.0,10.0,0.24,0.0,7.76,17.66
96,CRBN.K,iShares MSCI ACWI Low Carbon Target ETF,5,60,14,29,79,1.0,10.0,0.24,0.0,8.75,16.71
96,EASG.K,Xtrackers MSCI EAFE ESG Leaders Equity ETF,5,60,14,29,79,1.0,10.0,0.24,0.0,7.14,18.94
96,FVC.O,First Trust Dorsey Wright Dynamic Focus 5 ETF,5,60,14,29,79,1.0,10.0,0.24,0.0,8.69,17.6
96,IPKW.O,Invesco International BuyBack Achievers ETF,5,60,14,29,79,1.0,10.0,0.24,0.0,6.48,17.45
96,DGT,SPDR Global Dow ETF,5,60,14,29,79,1.0,10.0,0.24,0.0,8.55,17.36
96,VALQ.K,American Century US Quality Value ETF,5,60,14,29,79,1.0,10.0,0.24,0.0,7.11,18.57
96,FBOT.O,Fidelity Disruptive Automation ETF,5,60,14,29,79,1.0,10.0,0.24,0.0,6.88,16.49
96,GLOF.K,iShares Global Equity Factor ETF,5,60,14,29,79,1.0,10.0,0.24,0.0,7.66,17.64
96,IDHQ.K,Invesco S&P Internatnl Developed Quality ETF,5,60,14,29,79,1.0,10.0,0.24,0.0,7.24,18.46
96,SDG.O,iShares MSCI Global Sustainable Development Goals,5,60,14,29,79,1.0,10.0,0.24,0.0,7.1,16.69
96,DJD,Invesco Dow Jones Industrial Average Div ETF,5,60,14,29,79,1.0,10.0,0.24,0.0,8.96,17.31
96,XDQQ.K,Innovator Growth Accelerated ETF - Quarterly,5,60,14,29,79,1.0,10.0,0.24,17.94,8.26,19.4
96,JIG,JPMorgan International Growth ETF,5,60,14,29,79,1.0,10.0,0.24,0.0,7.83,19.01
96,DGIN.K,VanEck Digital India ETF,5,60,14,29,79,1.0,10.0,0.24,0.0,8.42,18.66
96,WTV,WisdomTree US Value Fund,5,60,14,29,79,1.0,10.0,0.24,0.0,7.11,18.31
96,QYLG.O,Global X Nasdaq 100 Covered Call & Growth ETF,5,60,14,29,79,1.0,10.0,0.24,0.0,6.66,18.14
96,SMMV.K,iShares MSCI USA Small-Cap Min Vol Factor ETF,5,60,14,29,79,1.0,10.0,0.24,0.0,6.93,16.34
96,KJAN.K,Innovator US Small Cap Power Buffer ETF - January,5,60,14,29,79,1.0,10.0,0.24,0.0,7.44,16.26
96,EQAL.K,Invesco Russell 1000 Equal Weight ETF,5,60,14,29,79,1.0,10.0,0.24,0.0,7.96,18.98
96,ROUS.K,Hartford Multifactor US Equity ETF,5,60,14,29,79,1.0,10.0,0.24,0.0,8.84,17.12
96,DMXF.O,iShares ESG Advanced MSCI EAFE ETF,5,60,14,29,79,1.0,10.0,0.24,0.0,8.92,17.13
96,EWJV.O,iShares MSCI Japan Value ETF,5,60,14,29,79,1.0,10.0,0.24,0.0,7.14,17.83
96,REGL.K,ProShares S&P MidCap 400 Dividend Aristocrats ETF,5,60,14,29,79,1.0,10.0,0.24,0.0,8.27,18.41
96,XMLV.K,Invesco S&P MidCap Low Volatility ETF,5,60,14,29,79,1.0,10.0,0.24,0.0,8.42,16.26
96,NULV.K,Nuveen ESG Large-Cap Value ETF,5,60,14,29,79,1.0,10.0,0.24,0.0,7.25,17.78
96,PIO.O,Invesco Global Water ETF,5,60,14,29,79,1.0,10.0,0.24,0.0,8.25,18.67
96,FSZ.O,First Trust Switzerland AlphaDEX Fund,5,60,14,29,79,1.0,10.0,0.24,0.0,8.14,18.41
96,IQDG.K,WisdomTree International Quality Dividend Growth,5,60,14,29,79,1.0,10.0,0.24,0.0,6.88,17.43
96,ECLN.K,First Trust EIP Carbon Impact ETF,5,60,14,29,79,1.0,10.0,0.24,0.0,6.8,18.77
96,IBGK.O,iShares iBonds Dec 2054 Term Treasury ETF,5,60,14,29,79,1.0,10.0,0.24,0.0,9.18,16.97
96,PCCE.K,Polen Capital China Growth ETF,5,60,14,29,79,1.0,10.0,0.24,0.0,7.06,18.69
96,WCEO.K,Hypatia Women CEO ETF,5,60,14,29,79,1.0,10.0,0.24,0.0,8.39,16.8
96,JPSV.K,JPMorgan Active Small Cap Value ETF,5,60,14,29,79,1.0,10.0,0.24,0.0,7.51,16.6
96,EMSF.K,Matthews Emerging Markets Sustainable Ftr Actv ETF,5,60,14,29,79,1.0,10.0,0.24,0.0,8.49,18.29
96,HLGE.K,Hartford Longevity Economy ETF,5,60,14,29,79,1.0,10.0,0.24,0.0,7.52,16.4
96,DFND.K,Siren DIVCON Dividend Defender ETF,5,60,14,29,79,1.0,10.0,0.24,0.0,7.37,16.75
96,KEM,KraneShares Dynamic Emerging Markets Strategy ETF,5,60,14,29,79,1.0,10.0,0.24,0.0,7.02,16.43
96,XRLV.K,Invesco S&P 500 ex-Rate Sensitive LV ETF,5,60,14,29,79,1.0,10.0,0.24,0.0,8.91,16.04
96,FMCX.K,FM Focus Equity ETF,5,60,14,29,79,1.0,10.0,0.24,0.0,8.06,17.02
96,PUI.O,Invesco Dorsey Wright Utilities Momentum ETF,5,60,14,29,79,1.0,10.0,0.24,0.0,8.12,17.8
96,DIEM.K,Franklin Emerging Market Core Dividend Tilt Ix ETF,5,60,14,29,79,1.0,10.0,0.24,0.0,8.45,16.01
96,GVLU.K,Gotham 1000 Value ETF,5,60,14,29,79,1.0,10.0,0.24,0.0,8.72,18.29
96,RVER.K,Trenchless Fund ETF,5,60,14,29,79,1.0,10.0,0.24,0.0,6.94,18.05
96,DDIV.O,First Trust Dorsey Wright Momentum & Dividend ETF,5,60,14,29,79,1.0,10.0,0.24,0.0,6.92,18.71
96,EBLU.K,Ecofin Global Water ESG Fund,5,60,14,29,79,1.0,10.0,0.24,0.0,9.46,17.33
96,CEFA.O,Global X S&P Catholic Values Developed ex-US ETF,5,60,14,29,79,1.0,10.0,0.24,0.0,6.9,16.61
96,PSCU.O,Invesco S&P SmallCap Utilities & Comm Svcs,5,60,14,29,79,1.0,10.0,0.24,0.0,6.82,18.04
96,KLDW.K,Knowledge Leaders Developed World ETF,5,60,14,29,79,1.0,10.0,0.24,0.0,8.21,16.78
96,FLSW.K,Franklin FTSE Switzerland ETF,5,60,14,29,79,1.0,10.0,0.24,0.0,7.11,17.35
96,CBLS.K,Clough Hedged Equity ETF,5,60,14,29,79,1.0,10.0,0.24,0.0,8.19,16.06
96,TSLH.K,Innovator Hedged TSLA Strategy ETF,5,60,14,29,79,1.0,10.0,0.24,0.0,7.61,18.42
96,IVRA.K,Invesco Real Assets ESG ETF,5,60,14,29,79,1.0,10.0,0.24,0.0,7.68,17.81
96,RAYD.K,Rayliant Quantitative Developed Market Equity ETF,5,60,14,29,79,1.0,10.0,0.24,0.0,8.75,16.45
96,SPGM.K,SPDR Portfolio MSCI Global Stock Market ETF,5,60,14,29,79,1.0,10.0,0.24,0.0,9.21,17.65
96,SDOG.K,ALPS Sector Dividend Dogs ETF,5,60,14,29,79,1.0,10.0,0.24,0.0,7.9,18.15
96,GLOF.K,iShares Global Equity Factor ETF,5,60,14,29,74,1.0,10.0,0.24,0.0,7.66,17.64
96,TSLH.K,Innovator Hedged TSLA Strategy ETF,5,60,14,29,74,1.0,10.0,0.24,0.0,7.61,18.42
96,PUI.O,Invesco Dorsey Wright Utilities Momentum ETF,5,60,14,29,74,1.0,10.0,0.24,0.0,8.12,17.8
96,ECLN.K,First Trust EIP Carbon Impact ETF,5,60,14,29,74,1.0,10.0,0.24,0.0,6.8,18.77
96,DIEM.K,Franklin Emerging Market Core Dividend Tilt Ix ETF,5,60,14,29,74,1.0,10.0,0.24,0.0,8.45,16.01
96,RVER.K,Trenchless Fund ETF,5,60,14,29,74,1.0,10.0,0.24,0.0,6.94,18.05
96,DDIV.O,First Trust Dorsey Wright Momentum & Dividend ETF,5,60,14,29,74,1.0,10.0,0.24,0.0,6.92,18.71
96,EBLU.K,Ecofin Global Water ESG Fund,5,60,14,29,74,1.0,10.0,0.24,0.0,9.46,17.33
96,CEFA.O,Global X S&P Catholic Values Developed ex-US ETF,5,60,14,29,74,1.0,10.0,0.24,0.0,6.9,16.61
96,PSCU.O,Invesco S&P SmallCap Utilities & Comm Svcs,5,60,14,29,74,1.0,10.0,0.24,0.0,6.82,18.04
96,KLDW.K,Knowledge Leaders Developed World ETF,5,60,14,29,74,1.0,10.0,0.24,0.0,8.21,16.78
96,FLSW.K,Franklin FTSE Switzerland ETF,5,60,14,29,74,1.0,10.0,0.24,0.0,7.11,17.35
96,CBLS.K,Clough Hedged Equity ETF,5,60,14,29,74,1.0,10.0,0.24,0.0,8.19,16.06
96,IVRA.K,Invesco Real Assets ESG ETF,5,60,14,29,74,1.0,10.0,0.24,0.0,7.68,17.81
96,XRLV.K,Invesco S&P 500 ex-Rate Sensitive LV ETF,5,60,14,29,74,1.0,10.0,0.24,0.0,8.91,16.04
96,RAYD.K,Rayliant Quantitative Developed Market Equity ETF,5,60,14,29,74,1.0,10.0,0.24,0.0,8.75,16.45
96,GVLU.K,Gotham 1000 Value ETF,5,60,14,29,74,1.0,10.0,0.24,0.0,8.72,18.29
96,FSZ.O,First Trust Switzerland AlphaDEX Fund,5,60,14,29,74,1.0,10.0,0.24,0.0,8.14,18.41
96,DGIN.K,VanEck Digital India ETF,5,60,14,29,74,1.0,10.0,0.24,0.0,8.42,18.66
96,PIO.O,Invesco Global Water ETF,5,60,14,29,74,1.0,10.0,0.24,0.0,8.25,18.67
96,EASG.K,Xtrackers MSCI EAFE ESG Leaders Equity ETF,5,60,14,29,74,1.0,10.0,0.24,0.0,7.14,18.94
96,FVC.O,First Trust Dorsey Wright Dynamic Focus 5 ETF,5,60,14,29,74,1.0,10.0,0.24,0.0,8.69,17.6
96,IPKW.O,Invesco International BuyBack Achievers ETF,5,60,14,29,74,1.0,10.0,0.24,0.0,6.48,17.45
96,DGT,SPDR Global Dow ETF,5,60,14,29,74,1.0,10.0,0.24,0.0,8.55,17.36
96,VALQ.K,American Century US Quality Value ETF,5,60,14,29,74,1.0,10.0,0.24,0.0,7.11,18.57
96,FBOT.O,Fidelity Disruptive Automation ETF,5,60,14,29,74,1.0,10.0,0.24,0.0,6.88,16.49
96,FMCX.K,FM Focus Equity ETF,5,60,14,29,74,1.0,10.0,0.24,0.0,8.06,17.02
96,KEM,KraneShares Dynamic Emerging Markets Strategy ETF,5,60,14,29,74,1.0,10.0,0.24,0.0,7.02,16.43
96,PEY.O,Invesco High Yield Equity Dividend Achvrs ETF,5,60,14,29,79,1.0,10.0,0.24,0.0,8.13,17.46
96,EFG,iShares MSCI EAFE Growth ETF,5,60,14,29,79,1.0,10.0,0.24,0.0,6.88,17.93
96,DFUV.K,DFA Dimensional US Marketwide Value ETF,5,60,14,29,79,1.0,10.0,0.24,0.0,8.68,16.62
96,FXU,First Trust Utilities AlphaDEX Fund,5,60,14,29,79,1.0,10.0,0.24,0.0,7.29,17.3
96,FUTY.K,Fidelity MSCI Utilities Index ETF,5,60,14,29,79,1.0,10.0,0.24,0.0,7.2,18.7
96,VIGI.O,Vanguard Intl Dividend Appreciation Index Fund;ETF,5,60,14,29,79,1.0,10.0,0.24,0.0,7.08,16.24
96,VPU,Vanguard Utilities Index Fund;ETF,5,60,14,29,79,1.0,10.0,0.24,0.0,7.9,17.53
96,EWL,Ishares Msci Switzerland ETF,5,60,14,29,79,1.0,10.0,0.24,0.0,7.69,17.03
96,IHDG.K,WisdomTree International Hedged Qual Dividend Gro,5,60,14,29,79,1.0,10.0,0.24,0.0,7.5,15.93
96,ICVT.K,iShares Convertible Bond ETF,5,60,14,29,79,1.0,10.0,0.24,0.0,6.6,16.08
96,AVLV.K,Avantis US Large Cap Value ETF,5,60,14,29,79,1.0,10.0,0.24,0.0,9.26,17.8
96,SDY,SPDR S&P Dividend ETF,5,60,14,29,79,1.0,10.0,0.24,0.0,8.75,16.49
96,ESGD.O,iShares ESG Aware MSCI EAFE ETF,5,60,14,29,79,1.0,10.0,0.24,0.0,6.91,17.17
96,DFAC.K,Dimensional U S Core Equity 2 ETF,5,60,14,29,79,1.0,10.0,0.24,0.0,8.2,17.32
96,DFND.K,Siren DIVCON Dividend Defender ETF,5,60,14,29,74,1.0,10.0,0.24,0.0,7.37,16.75
96,VLUE.K,iShares MSCI USA Value Factor ETF,5,60,14,29,79,1.0,10.0,0.24,0.0,8.6,18.61
96,DVY.O,iShares Select Dividend ETF,5,60,14,29,79,1.0,10.0,0.24,0.0,8.85,16.78
96,VT,Vanguard Total World Stock Index Fund;ETF,5,60,14,29,79,1.0,10.0,0.24,0.0,9.19,17.33
96,ACWI.O,iShares MSCI ACWI ETF,5,60,14,29,79,1.0,10.0,0.24,0.0,9.39,17.16
96,XLU,Utilities Select Sector SPDR Fund,5,60,14,29,79,1.0,10.0,0.24,0.0,7.76,17.66
96,IBGK.O,iShares iBonds Dec 2054 Term Treasury ETF,5,60,14,29,74,1.0,10.0,0.24,0.0,9.18,16.97
96,PCCE.K,Polen Capital China Growth ETF,5,60,14,29,74,1.0,10.0,0.24,0.0,7.06,18.69
96,WCEO.K,Hypatia Women CEO ETF,5,60,14,29,74,1.0,10.0,0.24,0.0,8.39,16.8
96,JPSV.K,JPMorgan Active Small Cap Value ETF,5,60,14,29,74,1.0,10.0,0.24,0.0,7.51,16.6
96,EMSF.K,Matthews Emerging Markets Sustainable Ftr Actv ETF,5,60,14,29,74,1.0,10.0,0.24,0.0,8.49,18.29
96,HLGE.K,Hartford Longevity Economy ETF,5,60,14,29,74,1.0,10.0,0.24,0.0,7.52,16.4
96,ACWI.O,iShares MSCI ACWI ETF,5,60,14,29,69,1.0,10.0,0.24,0.0,9.39,17.16
96,ROUS.K,Hartford Multifactor US Equity ETF,5,60,14,29,69,1.0,10.0,0.24,0.0,8.84,17.12
96,IBGK.O,iShares iBonds Dec 2054 Term Treasury ETF,5,60,14,29,64,1.0,10.0,0.23,0.0,9.18,16.97
96,DMXF.O,iShares ESG Advanced MSCI EAFE ETF,5,60,14,29,64,1.0,10.0,0.23,0.0,8.92,17.13
96,PEY.O,Invesco High Yield Equity Dividend Achvrs ETF,5,60,14,29,64,1.0,10.0,0.23,0.0,8.13,17.46
96,IQDG.K,WisdomTree International Quality Dividend Growth,5,60,14,29,64,1.0,10.0,0.23,0.0,6.88,17.43
96,SPGM.K,SPDR Portfolio MSCI Global Stock Market ETF,5,60,14,29,64,1.0,10.0,0.23,0.0,9.21,17.65
96,NULV.K,Nuveen ESG Large-Cap Value ETF,5,60,14,29,64,1.0,10.0,0.23,0.0,7.25,17.78
96,XMLV.K,Invesco S&P MidCap Low Volatility ETF,5,60,14,29,64,1.0,10.0,0.23,0.0,8.42,16.26
96,REGL.K,ProShares S&P MidCap 400 Dividend Aristocrats ETF,5,60,14,29,64,1.0,10.0,0.23,0.0,8.27,18.41
96,EWJV.O,iShares MSCI Japan Value ETF,5,60,14,29,64,1.0,10.0,0.23,0.0,7.14,17.83
96,ROUS.K,Hartford Multifactor US Equity ETF,5,60,14,29,64,1.0,10.0,0.23,0.0,8.84,17.12
96,DJD,Invesco Dow Jones Industrial Average Div ETF,5,60,14,29,64,1.0,10.0,0.23,0.0,8.96,17.31
96,EQAL.K,Invesco Russell 1000 Equal Weight ETF,5,60,14,29,64,1.0,10.0,0.23,0.0,7.96,18.98
96,KJAN.K,Innovator US Small Cap Power Buffer ETF - January,5,60,14,29,64,1.0,10.0,0.23,0.0,7.44,16.26
96,SMMV.K,iShares MSCI USA Small-Cap Min Vol Factor ETF,5,60,14,29,64,1.0,10.0,0.23,0.0,6.93,16.34
96,QYLG.O,Global X Nasdaq 100 Covered Call & Growth ETF,5,60,14,29,64,1.0,10.0,0.23,0.0,6.66,18.14
96,WTV,WisdomTree US Value Fund,5,60,14,29,64,1.0,10.0,0.23,0.0,7.11,18.31
96,JIG,JPMorgan International Growth ETF,5,60,14,29,64,1.0,10.0,0.23,0.0,7.83,19.01
96,CRBN.K,iShares MSCI ACWI Low Carbon Target ETF,5,60,14,29,64,1.0,10.0,0.23,0.0,8.75,16.71
96,DFUV.K,DFA Dimensional US Marketwide Value ETF,5,60,14,29,64,1.0,10.0,0.23,0.0,8.68,16.62
96,FXU,First Trust Utilities AlphaDEX Fund,5,60,14,29,64,1.0,10.0,0.23,0.0,7.29,17.3
96,FUTY.K,Fidelity MSCI Utilities Index ETF,5,60,14,29,64,1.0,10.0,0.23,0.0,7.2,18.7
96,VIGI.O,Vanguard Intl Dividend Appreciation Index Fund;ETF,5,60,14,29,64,1.0,10.0,0.23,0.0,7.08,16.24
96,PCCE.K,Polen Capital China Growth ETF,5,60,14,29,64,1.0,10.0,0.23,0.0,7.06,18.69
96,XLU,Utilities Select Sector SPDR Fund,5,60,14,29,64,1.0,10.0,0.23,0.0,7.76,17.66
96,ACWI.O,iShares MSCI ACWI ETF,5,60,14,29,64,1.0,10.0,0.23,0.0,9.39,17.16
96,VT,Vanguard Total World Stock Index Fund;ETF,5,60,14,29,64,1.0,10.0,0.23,0.0,9.19,17.33
96,DVY.O,iShares Select Dividend ETF,5,60,14,29,64,1.0,10.0,0.23,0.0,8.85,16.78
96,VLUE.K,iShares MSCI USA Value Factor ETF,5,60,14,29,64,1.0,10.0,0.23,0.0,8.6,18.61
96,DFAC.K,Dimensional U S Core Equity 2 ETF,5,60,14,29,64,1.0,10.0,0.23,0.0,8.2,17.32
96,EFG,iShares MSCI EAFE Growth ETF,5,60,14,29,64,1.0,10.0,0.23,0.0,6.88,17.93
96,ESGD.O,iShares ESG Aware MSCI EAFE ETF,5,60,14,29,64,1.0,10.0,0.23,0.0,6.91,17.17
96,SDY,SPDR S&P Dividend ETF,5,60,14,29,64,1.0,10.0,0.23,0.0,8.75,16.49
96,AVLV.K,Avantis US Large Cap Value ETF,5,60,14,29,64,1.0,10.0,0.23,0.0,9.26,17.8
96,ICVT.K,iShares Convertible Bond ETF,5,60,14,29,64,1.0,10.0,0.23,0.0,6.6,16.08
96,IHDG.K,WisdomTree International Hedged Qual Dividend Gro,5,60,14,29,64,1.0,10.0,0.23,0.0,7.5,15.93
96,EWL,Ishares Msci Switzerland ETF,5,60,14,29,64,1.0,10.0,0.23,0.0,7.69,17.03
96,VPU,Vanguard Utilities Index Fund;ETF,5,60,14,29,64,1.0,10.0,0.23,0.0,7.9,17.53
96,XDQQ.K,Innovator Growth Accelerated ETF - Quarterly,5,60,14,29,64,1.0,10.0,0.23,16.9,8.26,19.4
96,SDOG.K,ALPS Sector Dividend Dogs ETF,5,60,14,29,64,1.0,10.0,0.23,0.0,7.9,18.15
96,SDG.O,iShares MSCI Global Sustainable Development Goals,5,60,14,29,64,1.0,10.0,0.23,0.0,7.1,16.69
96,FMCX.K,FM Focus Equity ETF,5,60,14,29,64,1.0,10.0,0.23,0.0,8.06,17.02
96,PSCU.O,Invesco S&P SmallCap Utilities & Comm Svcs,5,60,14,29,64,1.0,10.0,0.23,0.0,6.82,18.04
96,CEFA.O,Global X S&P Catholic Values Developed ex-US ETF,5,60,14,29,64,1.0,10.0,0.23,0.0,6.9,16.61
96,EBLU.K,Ecofin Global Water ESG Fund,5,60,14,29,64,1.0,10.0,0.23,0.0,9.46,17.33
96,DDIV.O,First Trust Dorsey Wright Momentum & Dividend ETF,5,60,14,29,64,1.0,10.0,0.23,0.0,6.92,18.71
96,RVER.K,Trenchless Fund ETF,5,60,14,29,64,1.0,10.0,0.23,0.0,6.94,18.05
96,ECLN.K,First Trust EIP Carbon Impact ETF,5,60,14,29,64,1.0,10.0,0.23,0.0,6.8,18.77
96,PUI.O,Invesco Dorsey Wright Utilities Momentum ETF,5,60,14,29,64,1.0,10.0,0.23,0.0,8.12,17.8
96,XRLV.K,Invesco S&P 500 ex-Rate Sensitive LV ETF,5,60,14,29,64,1.0,10.0,0.23,0.0,8.91,16.04
96,FLSW.K,Franklin FTSE Switzerland ETF,5,60,14,29,64,1.0,10.0,0.23,0.0,7.11,17.35
96,KEM,KraneShares Dynamic Emerging Markets Strategy ETF,5,60,14,29,64,1.0,10.0,0.23,0.0,7.02,16.43
96,DFND.K,Siren DIVCON Dividend Defender ETF,5,60,14,29,64,1.0,10.0,0.23,0.0,7.37,16.75
96,HLGE.K,Hartford Longevity Economy ETF,5,60,14,29,64,1.0,10.0,0.23,0.0,7.52,16.4
96,EMSF.K,Matthews Emerging Markets Sustainable Ftr Actv ETF,5,60,14,29,64,1.0,10.0,0.23,0.0,8.49,18.29
96,JPSV.K,JPMorgan Active Small Cap Value ETF,5,60,14,29,64,1.0,10.0,0.23,0.0,7.51,16.6
96,STXK.K,Strive Small Cap ETF,5,60,14,29,64,1.0,10.0,0.23,0.0,8.6,18.65
96,WCEO.K,Hypatia Women CEO ETF,5,60,14,29,64,1.0,10.0,0.23,0.0,8.39,16.8
96,KLDW.K,Knowledge Leaders Developed World ETF,5,60,14,29,64,1.0,10.0,0.23,0.0,8.21,16.78
96,DIEM.K,Franklin Emerging Market Core Dividend Tilt Ix ETF,5,60,14,29,64,1.0,10.0,0.23,0.0,8.45,16.01
96,CBLS.K,Clough Hedged Equity ETF,5,60,14,29,64,1.0,10.0,0.23,0.0,8.19,16.06
96,EASG.K,Xtrackers MSCI EAFE ESG Leaders Equity ETF,5,60,14,29,64,1.0,10.0,0.23,0.0,7.14,18.94
96,IDHQ.K,Invesco S&P Internatnl Developed Quality ETF,5,60,14,29,64,1.0,10.0,0.23,0.0,7.24,18.46
96,TSLH.K,Innovator Hedged TSLA Strategy ETF,5,60,14,29,64,1.0,10.0,0.23,0.0,7.61,18.42
96,FBOT.O,Fidelity Disruptive Automation ETF,5,60,14,29,64,1.0,10.0,0.23,0.0,6.88,16.49
96,VALQ.K,American Century US Quality Value ETF,5,60,14,29,64,1.0,10.0,0.23,0.0,7.11,18.57
96,DGT,SPDR Global Dow ETF,5,60,14,29,64,1.0,10.0,0.23,0.0,8.55,17.36
96,IPKW.O,Invesco International BuyBack Achievers ETF,5,60,14,29,64,1.0,10.0,0.23,0.0,6.48,17.45
96,FVC.O,First Trust Dorsey Wright Dynamic Focus 5 ETF,5,60,14,29,64,1.0,10.0,0.23,0.0,8.69,17.6
96,GLOF.K,iShares Global Equity Factor ETF,5,60,14,29,64,1.0,10.0,0.23,0.0,7.66,17.64
96,DGIN.K,VanEck Digital India ETF,5,60,14,29,64,1.0,10.0,0.23,0.0,8.42,18.66
96,FSZ.O,First Trust Switzerland AlphaDEX Fund,5,60,14,29,64,1.0,10.0,0.23,0.0,8.14,18.41
96,GVLU.K,Gotham 1000 Value ETF,5,60,14,29,64,1.0,10.0,0.23,0.0,8.72,18.29
96,RAYD.K,Rayliant Quantitative Developed Market Equity ETF,5,60,14,29,64,1.0,10.0,0.23,0.0,8.75,16.45
96,IVRA.K,Invesco Real Assets ESG ETF,5,60,14,29,64,1.0,10.0,0.23,0.0,7.68,17.81
96,PIO.O,Invesco Global Water ETF,5,60,14,29,64,1.0,10.0,0.23,0.0,8.25,18.67
96,DJD,Invesco Dow Jones Industrial Average Div ETF,5,60,14,29,59,1.0,10.0,0.18,0.0,8.96,17.31
96,ROUS.K,Hartford Multifactor US Equity ETF,5,60,14,29,59,1.0,10.0,0.18,0.0,8.84,17.12
96,SPGM.K,SPDR Portfolio MSCI Global Stock Market ETF,5,60,14,29,59,1.0,10.0,0.18,0.0,9.21,17.65
96,NULV.K,Nuveen ESG Large-Cap Value ETF,5,60,14,29,59,1.0,10.0,0.18,0.0,7.25,17.78
96,XMLV.K,Invesco S&P MidCap Low Volatility ETF,5,60,14,29,59,1.0,10.0,0.18,0.0,8.42,16.26
96,REGL.K,ProShares S&P MidCap 400 Dividend Aristocrats ETF,5,60,14,29,59,1.0,10.0,0.18,0.0,8.27,18.41
96,EWJV.O,iShares MSCI Japan Value ETF,5,60,14,29,59,1.0,10.0,0.18,0.0,7.14,17.83
96,XDQQ.K,Innovator Growth Accelerated ETF - Quarterly,5,60,14,29,59,1.0,10.0,0.18,13.44,8.26,19.4
96,DMXF.O,iShares ESG Advanced MSCI EAFE ETF,5,60,14,29,59,1.0,10.0,0.18,0.0,8.92,17.13
96,SMMV.K,iShares MSCI USA Small-Cap Min Vol Factor ETF,5,60,14,29,59,1.0,10.0,0.18,0.0,6.93,16.34
96,EQAL.K,Invesco Russell 1000 Equal Weight ETF,5,60,14,29,59,1.0,10.0,0.18,0.0,7.96,18.98
96,KJAN.K,Innovator US Small Cap Power Buffer ETF - January,5,60,14,29,59,1.0,10.0,0.18,0.0,7.44,16.26
96,QYLG.O,Global X Nasdaq 100 Covered Call & Growth ETF,5,60,14,29,59,1.0,10.0,0.18,0.0,6.66,18.14
96,WTV,WisdomTree US Value Fund,5,60,14,29,59,1.0,10.0,0.18,0.0,7.11,18.31
96,JIG,JPMorgan International Growth ETF,5,60,14,29,59,1.0,10.0,0.18,0.0,7.83,19.01
96,CRBN.K,iShares MSCI ACWI Low Carbon Target ETF,5,60,14,29,59,1.0,10.0,0.18,0.0,8.75,16.71
96,SDOG.K,ALPS Sector Dividend Dogs ETF,5,60,14,29,59,1.0,10.0,0.18,0.0,7.9,18.15
96,IQDG.K,WisdomTree International Quality Dividend Growth,5,60,14,29,59,1.0,10.0,0.18,0.0,6.88,17.43
96,ACWI.O,iShares MSCI ACWI ETF,5,60,14,29,59,1.0,10.0,0.18,0.0,9.39,17.16
96,PEY.O,Invesco High Yield Equity Dividend Achvrs ETF,5,60,14,29,59,1.0,10.0,0.18,0.0,8.13,17.46
96,ESGD.O,iShares ESG Aware MSCI EAFE ETF,5,60,14,29,59,1.0,10.0,0.18,0.0,6.91,17.17
96,XLU,Utilities Select Sector SPDR Fund,5,60,14,29,59,1.0,10.0,0.18,0.0,7.76,17.66
96,STXK.K,Strive Small Cap ETF,5,60,14,29,59,1.0,10.0,0.18,0.0,8.6,18.65
96,VT,Vanguard Total World Stock Index Fund;ETF,5,60,14,29,59,1.0,10.0,0.18,0.0,9.19,17.33
96,DVY.O,iShares Select Dividend ETF,5,60,14,29,59,1.0,10.0,0.18,0.0,8.85,16.78
96,VLUE.K,iShares MSCI USA Value Factor ETF,5,60,14,29,59,1.0,10.0,0.18,0.0,8.6,18.61
96,DFAC.K,Dimensional U S Core Equity 2 ETF,5,60,14,29,59,1.0,10.0,0.18,0.0,8.2,17.32
96,EFG,iShares MSCI EAFE Growth ETF,5,60,14,29,59,1.0,10.0,0.18,0.0,6.88,17.93
96,SDY,SPDR S&P Dividend ETF,5,60,14,29,59,1.0,10.0,0.18,0.0,8.75,16.49
96,DFUV.K,DFA Dimensional US Marketwide Value ETF,5,60,14,29,59,1.0,10.0,0.18,0.0,8.68,16.62
96,AVLV.K,Avantis US Large Cap Value ETF,5,60,14,29,59,1.0,10.0,0.18,0.0,9.26,17.8
96,ICVT.K,iShares Convertible Bond ETF,5,60,14,29,59,1.0,10.0,0.18,0.0,6.6,16.08
96,EWL,Ishares Msci Switzerland ETF,5,60,14,29,59,1.0,10.0,0.18,0.0,7.69,17.03
96,VPU,Vanguard Utilities Index Fund;ETF,5,60,14,29,59,1.0,10.0,0.18,0.0,7.9,17.53
96,VIGI.O,Vanguard Intl Dividend Appreciation Index Fund;ETF,5,60,14,29,59,1.0,10.0,0.18,0.0,7.08,16.24
96,FUTY.K,Fidelity MSCI Utilities Index ETF,5,60,14,29,59,1.0,10.0,0.18,0.0,7.2,18.7
96,FXU,First Trust Utilities AlphaDEX Fund,5,60,14,29,59,1.0,10.0,0.18,0.0,7.29,17.3
96,SDG.O,iShares MSCI Global Sustainable Development Goals,5,60,14,29,59,1.0,10.0,0.18,0.0,7.1,16.69
96,IHDG.K,WisdomTree International Hedged Qual Dividend Gro,5,60,14,29,59,1.0,10.0,0.18,0.0,7.5,15.93
96,IDHQ.K,Invesco S&P Internatnl Developed Quality ETF,5,60,14,29,59,1.0,10.0,0.18,0.0,7.24,18.46
96,XRLV.K,Invesco S&P 500 ex-Rate Sensitive LV ETF,5,60,14,29,59,1.0,10.0,0.18,0.0,8.91,16.04
96,EBLU.K,Ecofin Global Water ESG Fund,5,60,14,29,59,1.0,10.0,0.18,0.0,9.46,17.33
96,DDIV.O,First Trust Dorsey Wright Momentum & Dividend ETF,5,60,14,29,59,1.0,10.0,0.18,0.0,6.92,18.71
96,RVER.K,Trenchless Fund ETF,5,60,14,29,59,1.0,10.0,0.18,0.0,6.94,18.05
96,DIEM.K,Franklin Emerging Market Core Dividend Tilt Ix ETF,5,60,14,29,59,1.0,10.0,0.18,0.0,8.45,16.01
96,ECLN.K,First Trust EIP Carbon Impact ETF,5,60,14,29,59,1.0,10.0,0.18,0.0,6.8,18.77
96,PUI.O,Invesco Dorsey Wright Utilities Momentum ETF,5,60,14,29,59,1.0,10.0,0.18,0.0,8.12,17.8
96,FMCX.K,FM Focus Equity ETF,5,60,14,29,59,1.0,10.0,0.18,0.0,8.06,17.02
96,KEM,KraneShares Dynamic Emerging Markets Strategy ETF,5,60,14,29,59,1.0,10.0,0.18,0.0,7.02,16.43
96,PSCU.O,Invesco S&P SmallCap Utilities & Comm Svcs,5,60,14,29,59,1.0,10.0,0.18,0.0,6.82,18.04
96,DFND.K,Siren DIVCON Dividend Defender ETF,5,60,14,29,59,1.0,10.0,0.18,0.0,7.37,16.75
96,HLGE.K,Hartford Longevity Economy ETF,5,60,14,29,59,1.0,10.0,0.18,0.0,7.52,16.4
96,EMSF.K,Matthews Emerging Markets Sustainable Ftr Actv ETF,5,60,14,29,59,1.0,10.0,0.18,0.0,8.49,18.29
96,WCEO.K,Hypatia Women CEO ETF,5,60,14,29,59,1.0,10.0,0.18,0.0,8.39,16.8
96,PCCE.K,Polen Capital China Growth ETF,5,60,14,29,59,1.0,10.0,0.18,0.0,7.06,18.69
96,IBGK.O,iShares iBonds Dec 2054 Term Treasury ETF,5,60,14,29,59,1.0,10.0,0.18,0.0,9.18,16.97
96,GLOF.K,iShares Global Equity Factor ETF,5,60,14,29,59,1.0,10.0,0.18,0.0,7.66,17.64
96,CEFA.O,Global X S&P Catholic Values Developed ex-US ETF,5,60,14,29,59,1.0,10.0,0.18,0.0,6.9,16.61
96,JPSV.K,JPMorgan Active Small Cap Value ETF,5,60,14,29,59,1.0,10.0,0.18,0.0,7.51,16.6
96,DGT,SPDR Global Dow ETF,5,60,14,29,59,1.0,10.0,0.18,0.0,8.55,17.36
96,DGIN.K,VanEck Digital India ETF,5,60,14,29,59,1.0,10.0,0.18,0.0,8.42,18.66
96,VALQ.K,American Century US Quality Value ETF,5,60,14,29,59,1.0,10.0,0.18,0.0,7.11,18.57
96,FBOT.O,Fidelity Disruptive Automation ETF,5,60,14,29,59,1.0,10.0,0.18,0.0,6.88,16.49
96,IPKW.O,Invesco International BuyBack Achievers ETF,5,60,14,29,59,1.0,10.0,0.18,0.0,6.48,17.45
96,FVC.O,First Trust Dorsey Wright Dynamic Focus 5 ETF,5,60,14,29,59,1.0,10.0,0.18,0.0,8.69,17.6
96,KLDW.K,Knowledge Leaders Developed World ETF,5,60,14,29,59,1.0,10.0,0.18,0.0,8.21,16.78
96,PIO.O,Invesco Global Water ETF,5,60,14,29,59,1.0,10.0,0.18,0.0,8.25,18.67
96,EASG.K,Xtrackers MSCI EAFE ESG Leaders Equity ETF,5,60,14,29,59,1.0,10.0,0.18,0.0,7.14,18.94
96,FSZ.O,First Trust Switzerland AlphaDEX Fund,5,60,14,29,59,1.0,10.0,0.18,0.0,8.14,18.41
96,GVLU.K,Gotham 1000 Value ETF,5,60,14,29,59,1.0,10.0,0.18,0.0,8.72,18.29
96,RAYD.K,Rayliant Quantitative Developed Market Equity ETF,5,60,14,29,59,1.0,10.0,0.18,0.0,8.75,16.45
96,IVRA.K,Invesco Real Assets ESG ETF,5,60,14,29,59,1.0,10.0,0.18,0.0,7.68,17.81
96,TSLH.K,Innovator Hedged TSLA Strategy ETF,5,60,14,29,59,1.0,10.0,0.18,0.0,7.61,18.42
96,CBLS.K,Clough Hedged Equity ETF,5,60,14,29,59,1.0,10.0,0.18,0.0,8.19,16.06
96,FLSW.K,Franklin FTSE Switzerland ETF,5,60,14,29,59,1.0,10.0,0.18,0.0,7.11,17.35
96,PIO.O,Invesco Global Water ETF,5,120,14,34,69,1.0,10.0,0.17,0.0,8.25,18.67
96,DGIN.K,VanEck Digital India ETF,5,120,14,34,69,1.0,10.0,0.17,0.0,8.42,18.66
96,FSZ.O,First Trust Switzerland AlphaDEX Fund,5,120,14,34,69,1.0,10.0,0.17,0.0,8.14,18.41
96,GVLU.K,Gotham 1000 Value ETF,5,120,14,34,69,1.0,10.0,0.17,0.0,8.72,18.29
96,RAYD.K,Rayliant Quantitative Developed Market Equity ETF,5,120,14,34,69,1.0,10.0,0.17,0.0,8.75,16.45
96,IVRA.K,Invesco Real Assets ESG ETF,5,120,14,34,69,1.0,10.0,0.17,0.0,7.68,17.81
96,PIO.O,Invesco Global Water ETF,5,120,14,34,64,1.0,10.0,0.17,0.0,8.25,18.67
96,TSLH.K,Innovator Hedged TSLA Strategy ETF,5,120,14,34,69,1.0,10.0,0.17,0.0,7.61,18.42
96,CBLS.K,Clough Hedged Equity ETF,5,120,14,34,69,1.0,10.0,0.17,0.0,8.19,16.06
96,FLSW.K,Franklin FTSE Switzerland ETF,5,120,14,34,69,1.0,10.0,0.17,0.0,7.11,17.35
96,KLDW.K,Knowledge Leaders Developed World ETF,5,120,14,34,69,1.0,10.0,0.17,0.0,8.21,16.78
96,PSCU.O,Invesco S&P SmallCap Utilities & Comm Svcs,5,120,14,34,69,1.0,10.0,0.17,0.0,6.82,18.04
96,CEFA.O,Global X S&P Catholic Values Developed ex-US ETF,5,120,14,34,69,1.0,10.0,0.17,0.0,6.9,16.61
96,EBLU.K,Ecofin Global Water ESG Fund,5,120,14,34,69,1.0,10.0,0.17,0.0,9.46,17.33
96,EASG.K,Xtrackers MSCI EAFE ESG Leaders Equity ETF,5,120,14,34,69,1.0,10.0,0.17,0.0,7.14,18.94
96,GLOF.K,iShares Global Equity Factor ETF,5,120,14,34,64,1.0,10.0,0.17,0.0,7.66,17.64
96,FVC.O,First Trust Dorsey Wright Dynamic Focus 5 ETF,5,120,14,34,69,1.0,10.0,0.17,0.0,8.69,17.6
96,IPKW.O,Invesco International BuyBack Achievers ETF,5,120,14,34,69,1.0,10.0,0.17,0.0,6.48,17.45
96,DGT,SPDR Global Dow ETF,5,120,14,34,69,1.0,10.0,0.17,0.0,8.55,17.36
96,VALQ.K,American Century US Quality Value ETF,5,120,14,34,69,1.0,10.0,0.17,0.0,7.11,18.57
96,FBOT.O,Fidelity Disruptive Automation ETF,5,120,14,34,69,1.0,10.0,0.17,0.0,6.88,16.49
96,GLOF.K,iShares Global Equity Factor ETF,5,120,14,34,69,1.0,10.0,0.17,0.0,7.66,17.64
96,IDHQ.K,Invesco S&P Internatnl Developed Quality ETF,5,120,14,34,69,1.0,10.0,0.17,0.0,7.24,18.46
96,FBOT.O,Fidelity Disruptive Automation ETF,5,120,14,34,64,1.0,10.0,0.17,0.0,6.88,16.49
96,VALQ.K,American Century US Quality Value ETF,5,120,14,34,64,1.0,10.0,0.17,0.0,7.11,18.57
96,DGT,SPDR Global Dow ETF,5,120,14,34,64,1.0,10.0,0.17,0.0,8.55,17.36
96,IPKW.O,Invesco International BuyBack Achievers ETF,5,120,14,34,64,1.0,10.0,0.17,0.0,6.48,17.45
96,FVC.O,First Trust Dorsey Wright Dynamic Focus 5 ETF,5,120,14,34,64,1.0,10.0,0.17,0.0,8.69,17.6
96,EASG.K,Xtrackers MSCI EAFE ESG Leaders Equity ETF,5,120,14,34,64,1.0,10.0,0.17,0.0,7.14,18.94
96,RVER.K,Trenchless Fund ETF,5,120,14,34,69,1.0,10.0,0.17,0.0,6.94,18.05
96,DDIV.O,First Trust Dorsey Wright Momentum & Dividend ETF,5,120,14,34,69,1.0,10.0,0.17,0.0,6.92,18.71
96,DVY.O,iShares Select Dividend ETF,5,120,14,34,74,1.0,10.0,0.17,0.0,8.85,16.78
96,DIEM.K,Franklin Emerging Market Core Dividend Tilt Ix ETF,5,120,14,34,69,1.0,10.0,0.17,0.0,8.45,16.01
96,ECLN.K,First Trust EIP Carbon Impact ETF,5,120,14,34,69,1.0,10.0,0.17,0.0,6.8,18.77
96,DFUV.K,DFA Dimensional US Marketwide Value ETF,5,120,14,34,74,1.0,10.0,0.17,0.0,8.68,16.62
96,FXU,First Trust Utilities AlphaDEX Fund,5,120,14,34,74,1.0,10.0,0.17,0.0,7.29,17.3
96,FUTY.K,Fidelity MSCI Utilities Index ETF,5,120,14,34,74,1.0,10.0,0.17,0.0,7.2,18.7
96,VIGI.O,Vanguard Intl Dividend Appreciation Index Fund;ETF,5,120,14,34,74,1.0,10.0,0.17,0.0,7.08,16.24
96,VPU,Vanguard Utilities Index Fund;ETF,5,120,14,34,74,1.0,10.0,0.17,0.0,7.9,17.53
96,EWL,Ishares Msci Switzerland ETF,5,120,14,34,74,1.0,10.0,0.17,0.0,7.69,17.03
96,IHDG.K,WisdomTree International Hedged Qual Dividend Gro,5,120,14,34,74,1.0,10.0,0.17,0.0,7.5,15.93
96,ICVT.K,iShares Convertible Bond ETF,5,120,14,34,74,1.0,10.0,0.17,0.0,6.6,16.08
96,AVLV.K,Avantis US Large Cap Value ETF,5,120,14,34,74,1.0,10.0,0.17,0.0,9.26,17.8
96,SDY,SPDR S&P Dividend ETF,5,120,14,34,74,1.0,10.0,0.17,0.0,8.75,16.49
96,ESGD.O,iShares ESG Aware MSCI EAFE ETF,5,120,14,34,74,1.0,10.0,0.17,0.0,6.91,17.17
96,EFG,iShares MSCI EAFE Growth ETF,5,120,14,34,74,1.0,10.0,0.17,0.0,6.88,17.93
96,DFAC.K,Dimensional U S Core Equity 2 ETF,5,120,14,34,74,1.0,10.0,0.17,0.0,8.2,17.32
96,VLUE.K,iShares MSCI USA Value Factor ETF,5,120,14,34,74,1.0,10.0,0.17,0.0,8.6,18.61
96,FSZ.O,First Trust Switzerland AlphaDEX Fund,5,120,14,34,64,1.0,10.0,0.17,0.0,8.14,18.41
96,VT,Vanguard Total World Stock Index Fund;ETF,5,120,14,34,74,1.0,10.0,0.17,0.0,9.19,17.33
96,ACWI.O,iShares MSCI ACWI ETF,5,120,14,34,74,1.0,10.0,0.17,0.0,9.39,17.16
96,XLU,Utilities Select Sector SPDR Fund,5,120,14,34,74,1.0,10.0,0.17,0.0,7.76,17.66
96,IBGK.O,iShares iBonds Dec 2054 Term Treasury ETF,5,120,14,34,69,1.0,10.0,0.17,0.0,9.18,16.97
96,PCCE.K,Polen Capital China Growth ETF,5,120,14,34,69,1.0,10.0,0.17,0.0,7.06,18.69
96,WCEO.K,Hypatia Women CEO ETF,5,120,14,34,69,1.0,10.0,0.17,0.0,8.39,16.8
96,JPSV.K,JPMorgan Active Small Cap Value ETF,5,120,14,34,69,1.0,10.0,0.17,0.0,7.51,16.6
96,EMSF.K,Matthews Emerging Markets Sustainable Ftr Actv ETF,5,120,14,34,69,1.0,10.0,0.17,0.0,8.49,18.29
96,HLGE.K,Hartford Longevity Economy ETF,5,120,14,34,69,1.0,10.0,0.17,0.0,7.52,16.4
96,DFND.K,Siren DIVCON Dividend Defender ETF,5,120,14,34,69,1.0,10.0,0.17,0.0,7.37,16.75
96,KEM,KraneShares Dynamic Emerging Markets Strategy ETF,5,120,14,34,69,1.0,10.0,0.17,0.0,7.02,16.43
96,XRLV.K,Invesco S&P 500 ex-Rate Sensitive LV ETF,5,120,14,34,69,1.0,10.0,0.17,0.0,8.91,16.04
96,FMCX.K,FM Focus Equity ETF,5,120,14,34,69,1.0,10.0,0.17,0.0,8.06,17.02
96,PUI.O,Invesco Dorsey Wright Utilities Momentum ETF,5,120,14,34,69,1.0,10.0,0.17,0.0,8.12,17.8
96,DGIN.K,VanEck Digital India ETF,5,120,14,34,64,1.0,10.0,0.17,0.0,8.42,18.66
96,KEM,KraneShares Dynamic Emerging Markets Strategy ETF,5,120,14,34,64,1.0,10.0,0.17,0.0,7.02,16.43
96,GVLU.K,Gotham 1000 Value ETF,5,120,14,34,64,1.0,10.0,0.17,0.0,8.72,18.29
96,AVLV.K,Avantis US Large Cap Value ETF,5,120,14,34,69,1.0,10.0,0.17,0.0,9.26,17.8
96,IHDG.K,WisdomTree International Hedged Qual Dividend Gro,5,120,14,34,69,1.0,10.0,0.17,0.0,7.5,15.93
96,EWL,Ishares Msci Switzerland ETF,5,120,14,34,69,1.0,10.0,0.17,0.0,7.69,17.03
96,VPU,Vanguard Utilities Index Fund;ETF,5,120,14,34,69,1.0,10.0,0.17,0.0,7.9,17.53
96,VIGI.O,Vanguard Intl Dividend Appreciation Index Fund;ETF,5,120,14,34,69,1.0,10.0,0.17,0.0,7.08,16.24
96,FUTY.K,Fidelity MSCI Utilities Index ETF,5,120,14,34,69,1.0,10.0,0.17,0.0,7.2,18.7
96,FXU,First Trust Utilities AlphaDEX Fund,5,120,14,34,69,1.0,10.0,0.17,0.0,7.29,17.3
96,DFUV.K,DFA Dimensional US Marketwide Value ETF,5,120,14,34,69,1.0,10.0,0.17,0.0,8.68,16.62
96,PEY.O,Invesco High Yield Equity Dividend Achvrs ETF,5,120,14,34,69,1.0,10.0,0.17,0.0,8.13,17.46
96,SDOG.K,ALPS Sector Dividend Dogs ETF,5,120,14,34,69,1.0,10.0,0.17,0.0,7.9,18.15
96,IQDG.K,WisdomTree International Quality Dividend Growth,5,120,14,34,69,1.0,10.0,0.17,0.0,6.88,17.43
96,SPGM.K,SPDR Portfolio MSCI Global Stock Market ETF,5,120,14,34,69,1.0,10.0,0.17,0.0,9.21,17.65
96,NULV.K,Nuveen ESG Large-Cap Value ETF,5,120,14,34,69,1.0,10.0,0.17,0.0,7.25,17.78
96,XMLV.K,Invesco S&P MidCap Low Volatility ETF,5,120,14,34,69,1.0,10.0,0.17,0.0,8.42,16.26
96,REGL.K,ProShares S&P MidCap 400 Dividend Aristocrats ETF,5,120,14,34,69,1.0,10.0,0.17,0.0,8.27,18.41
96,EWJV.O,iShares MSCI Japan Value ETF,5,120,14,34,69,1.0,10.0,0.17,0.0,7.14,17.83
96,DMXF.O,iShares ESG Advanced MSCI EAFE ETF,5,120,14,34,69,1.0,10.0,0.17,0.0,8.92,17.13
96,ROUS.K,Hartford Multifactor US Equity ETF,5,120,14,34,69,1.0,10.0,0.17,0.0,8.84,17.12
96,EQAL.K,Invesco Russell 1000 Equal Weight ETF,5,120,14,34,69,1.0,10.0,0.17,0.0,7.96,18.98
96,KJAN.K,Innovator US Small Cap Power Buffer ETF - January,5,120,14,34,69,1.0,10.0,0.17,0.0,7.44,16.26
96,SMMV.K,iShares MSCI USA Small-Cap Min Vol Factor ETF,5,120,14,34,69,1.0,10.0,0.17,0.0,6.93,16.34
96,QYLG.O,Global X Nasdaq 100 Covered Call & Growth ETF,5,120,14,34,69,1.0,10.0,0.17,0.0,6.66,18.14
96,WTV,WisdomTree US Value Fund,5,120,14,34,69,1.0,10.0,0.17,0.0,7.11,18.31
96,JIG,JPMorgan International Growth ETF,5,120,14,34,69,1.0,10.0,0.17,13.03,7.83,19.01
96,CRBN.K,iShares MSCI ACWI Low Carbon Target ETF,5,120,14,34,69,1.0,10.0,0.17,0.0,8.75,16.71
96,XDQQ.K,Innovator Growth Accelerated ETF - Quarterly,5,120,14,34,69,1.0,10.0,0.17,0.0,8.26,19.4
96,DJD,Invesco Dow Jones Industrial Average Div ETF,5,120,14,34,69,1.0,10.0,0.17,0.0,8.96,17.31
96,SDG.O,iShares MSCI Global Sustainable Development Goals,5,120,14,34,69,1.0,10.0,0.17,0.0,7.1,16.69
96,SDOG.K,ALPS Sector Dividend Dogs ETF,5,120,14,34,74,1.0,10.0,0.17,0.0,7.9,18.15
96,STXK.K,Strive Small Cap ETF,5,120,14,34,69,1.0,10.0,0.17,0.0,8.6,18.65
96,ICVT.K,iShares Convertible Bond ETF,5,120,14,34,69,1.0,10.0,0.17,0.0,6.6,16.08
96,SDY,SPDR S&P Dividend ETF,5,120,14,34,69,1.0,10.0,0.17,0.0,8.75,16.49
96,RAYD.K,Rayliant Quantitative Developed Market Equity ETF,5,120,14,34,64,1.0,10.0,0.17,0.0,8.75,16.45
96,ESGD.O,iShares ESG Aware MSCI EAFE ETF,5,120,14,34,69,1.0,10.0,0.17,0.0,6.91,17.17
96,IVRA.K,Invesco Real Assets ESG ETF,5,120,14,34,64,1.0,10.0,0.17,0.0,7.68,17.81
96,TSLH.K,Innovator Hedged TSLA Strategy ETF,5,120,14,34,64,1.0,10.0,0.17,0.0,7.61,18.42
96,CBLS.K,Clough Hedged Equity ETF,5,120,14,34,64,1.0,10.0,0.17,0.0,8.19,16.06
96,FLSW.K,Franklin FTSE Switzerland ETF,5,120,14,34,64,1.0,10.0,0.17,0.0,7.11,17.35
96,KLDW.K,Knowledge Leaders Developed World ETF,5,120,14,34,64,1.0,10.0,0.17,0.0,8.21,16.78
96,PSCU.O,Invesco S&P SmallCap Utilities & Comm Svcs,5,120,14,34,64,1.0,10.0,0.17,0.0,6.82,18.04
96,CEFA.O,Global X S&P Catholic Values Developed ex-US ETF,5,120,14,34,64,1.0,10.0,0.17,0.0,6.9,16.61
96,EBLU.K,Ecofin Global Water ESG Fund,5,120,14,34,64,1.0,10.0,0.17,0.0,9.46,17.33
96,DDIV.O,First Trust Dorsey Wright Momentum & Dividend ETF,5,120,14,34,64,1.0,10.0,0.17,0.0,6.92,18.71
96,RVER.K,Trenchless Fund ETF,5,120,14,34,64,1.0,10.0,0.17,0.0,6.94,18.05
96,DIEM.K,Franklin Emerging Market Core Dividend Tilt Ix ETF,5,120,14,34,64,1.0,10.0,0.17,0.0,8.45,16.01
96,ECLN.K,First Trust EIP Carbon Impact ETF,5,120,14,34,64,1.0,10.0,0.17,0.0,6.8,18.77
96,PUI.O,Invesco Dorsey Wright Utilities Momentum ETF,5,120,14,34,64,1.0,10.0,0.17,0.0,8.12,17.8
96,FMCX.K,FM Focus Equity ETF,5,120,14,34,64,1.0,10.0,0.17,0.0,8.06,17.02
96,XRLV.K,Invesco S&P 500 ex-Rate Sensitive LV ETF,5,120,14,34,64,1.0,10.0,0.17,0.0,8.91,16.04
96,DFND.K,Siren DIVCON Dividend Defender ETF,5,120,14,34,64,1.0,10.0,0.17,0.0,7.37,16.75
96,HLGE.K,Hartford Longevity Economy ETF,5,120,14,34,64,1.0,10.0,0.17,0.0,7.52,16.4
96,EMSF.K,Matthews Emerging Markets Sustainable Ftr Actv ETF,5,120,14,34,64,1.0,10.0,0.17,0.0,8.49,18.29
96,JPSV.K,JPMorgan Active Small Cap Value ETF,5,120,14,34,64,1.0,10.0,0.17,0.0,7.51,16.6
96,WCEO.K,Hypatia Women CEO ETF,5,120,14,34,64,1.0,10.0,0.17,0.0,8.39,16.8
96,PCCE.K,Polen Capital China Growth ETF,5,120,14,34,64,1.0,10.0,0.17,0.0,7.06,18.69
96,IBGK.O,iShares iBonds Dec 2054 Term Treasury ETF,5,120,14,34,64,1.0,10.0,0.17,0.0,9.18,16.97
96,XLU,Utilities Select Sector SPDR Fund,5,120,14,34,69,1.0,10.0,0.17,0.0,7.76,17.66
96,ACWI.O,iShares MSCI ACWI ETF,5,120,14,34,69,1.0,10.0,0.17,0.0,9.39,17.16
96,VT,Vanguard Total World Stock Index Fund;ETF,5,120,14,34,69,1.0,10.0,0.17,0.0,9.19,17.33
96,DVY.O,iShares Select Dividend ETF,5,120,14,34,69,1.0,10.0,0.17,0.0,8.85,16.78
96,VLUE.K,iShares MSCI USA Value Factor ETF,5,120,14,34,69,1.0,10.0,0.17,0.0,8.6,18.61
96,DFAC.K,Dimensional U S Core Equity 2 ETF,5,120,14,34,69,1.0,10.0,0.17,0.0,8.2,17.32
96,EFG,iShares MSCI EAFE Growth ETF,5,120,14,34,69,1.0,10.0,0.17,0.0,6.88,17.93
96,PEY.O,Invesco High Yield Equity Dividend Achvrs ETF,5,120,14,34,74,1.0,10.0,0.17,0.0,8.13,17.46
96,XLU,Utilities Select Sector SPDR Fund,5,60,14,29,54,1.0,10.0,0.17,0.0,7.76,17.66
96,IQDG.K,WisdomTree International Quality Dividend Growth,5,120,14,34,74,1.0,10.0,0.17,0.0,6.88,17.43
96,VALQ.K,American Century US Quality Value ETF,5,120,14,34,79,1.0,10.0,0.17,0.0,7.11,18.57
96,GLOF.K,iShares Global Equity Factor ETF,5,120,14,34,79,1.0,10.0,0.17,0.0,7.66,17.64
96,IDHQ.K,Invesco S&P Internatnl Developed Quality ETF,5,120,14,34,79,1.0,10.0,0.17,0.0,7.24,18.46
96,STXK.K,Strive Small Cap ETF,5,120,14,34,79,1.0,10.0,0.17,0.0,8.6,18.65
96,SDG.O,iShares MSCI Global Sustainable Development Goals,5,120,14,34,79,1.0,10.0,0.17,0.0,7.1,16.69
96,DJD,Invesco Dow Jones Industrial Average Div ETF,5,120,14,34,79,1.0,10.0,0.17,0.0,8.96,17.31
96,XDQQ.K,Innovator Growth Accelerated ETF - Quarterly,5,120,14,34,79,1.0,10.0,0.17,0.0,8.26,19.4
96,CRBN.K,iShares MSCI ACWI Low Carbon Target ETF,5,120,14,34,79,1.0,10.0,0.17,0.0,8.75,16.71
96,JIG,JPMorgan International Growth ETF,5,120,14,34,79,1.0,10.0,0.17,13.03,7.83,19.01
96,WTV,WisdomTree US Value Fund,5,120,14,34,79,1.0,10.0,0.17,0.0,7.11,18.31
96,QYLG.O,Global X Nasdaq 100 Covered Call & Growth ETF,5,120,14,34,79,1.0,10.0,0.17,0.0,6.66,18.14
96,SMMV.K,iShares MSCI USA Small-Cap Min Vol Factor ETF,5,120,14,34,79,1.0,10.0,0.17,0.0,6.93,16.34
96,KJAN.K,Innovator US Small Cap Power Buffer ETF - January,5,120,14,34,79,1.0,10.0,0.17,0.0,7.44,16.26
96,EQAL.K,Invesco Russell 1000 Equal Weight ETF,5,120,14,34,79,1.0,10.0,0.17,0.0,7.96,18.98
96,ROUS.K,Hartford Multifactor US Equity ETF,5,120,14,34,79,1.0,10.0,0.17,0.0,8.84,17.12
96,DMXF.O,iShares ESG Advanced MSCI EAFE ETF,5,120,14,34,79,1.0,10.0,0.17,0.0,8.92,17.13
96,EWJV.O,iShares MSCI Japan Value ETF,5,120,14,34,79,1.0,10.0,0.17,0.0,7.14,17.83
96,REGL.K,ProShares S&P MidCap 400 Dividend Aristocrats ETF,5,120,14,34,79,1.0,10.0,0.17,0.0,8.27,18.41
96,XMLV.K,Invesco S&P MidCap Low Volatility ETF,5,120,14,34,79,1.0,10.0,0.17,0.0,8.42,16.26
96,NULV.K,Nuveen ESG Large-Cap Value ETF,5,120,14,34,79,1.0,10.0,0.17,0.0,7.25,17.78
96,SPGM.K,SPDR Portfolio MSCI Global Stock Market ETF,5,120,14,34,79,1.0,10.0,0.17,0.0,9.21,17.65
96,IQDG.K,WisdomTree International Quality Dividend Growth,5,120,14,34,79,1.0,10.0,0.17,0.0,6.88,17.43
96,SDOG.K,ALPS Sector Dividend Dogs ETF,5,120,14,34,79,1.0,10.0,0.17,0.0,7.9,18.15
96,PEY.O,Invesco High Yield Equity Dividend Achvrs ETF,5,120,14,34,79,1.0,10.0,0.17,0.0,8.13,17.46
96,DFUV.K,DFA Dimensional US Marketwide Value ETF,5,120,14,34,79,1.0,10.0,0.17,0.0,8.68,16.62
96,FXU,First Trust Utilities AlphaDEX Fund,5,120,14,34,79,1.0,10.0,0.17,0.0,7.29,17.3
96,FUTY.K,Fidelity MSCI Utilities Index ETF,5,120,14,34,79,1.0,10.0,0.17,0.0,7.2,18.7
96,VIGI.O,Vanguard Intl Dividend Appreciation Index Fund;ETF,5,120,14,34,79,1.0,10.0,0.17,0.0,7.08,16.24
96,VPU,Vanguard Utilities Index Fund;ETF,5,120,14,34,79,1.0,10.0,0.17,0.0,7.9,17.53
96,EWL,Ishares Msci Switzerland ETF,5,120,14,34,79,1.0,10.0,0.17,0.0,7.69,17.03
96,FBOT.O,Fidelity Disruptive Automation ETF,5,120,14,34,79,1.0,10.0,0.17,0.0,6.88,16.49
96,DGT,SPDR Global Dow ETF,5,120,14,34,79,1.0,10.0,0.17,0.0,8.55,17.36
96,ICVT.K,iShares Convertible Bond ETF,5,120,14,34,79,1.0,10.0,0.17,0.0,6.6,16.08
96,IPKW.O,Invesco International BuyBack Achievers ETF,5,120,14,34,79,1.0,10.0,0.17,0.0,6.48,17.45
96,PCCE.K,Polen Capital China Growth ETF,5,120,14,34,79,1.0,10.0,0.17,0.0,7.06,18.69
96,WCEO.K,Hypatia Women CEO ETF,5,120,14,34,79,1.0,10.0,0.17,0.0,8.39,16.8
96,JPSV.K,JPMorgan Active Small Cap Value ETF,5,120,14,34,79,1.0,10.0,0.17,0.0,7.51,16.6
96,EMSF.K,Matthews Emerging Markets Sustainable Ftr Actv ETF,5,120,14,34,79,1.0,10.0,0.17,0.0,8.49,18.29
96,HLGE.K,Hartford Longevity Economy ETF,5,120,14,34,79,1.0,10.0,0.17,0.0,7.52,16.4
96,DFND.K,Siren DIVCON Dividend Defender ETF,5,120,14,34,79,1.0,10.0,0.17,0.0,7.37,16.75
96,KEM,KraneShares Dynamic Emerging Markets Strategy ETF,5,120,14,34,79,1.0,10.0,0.17,0.0,7.02,16.43
96,XRLV.K,Invesco S&P 500 ex-Rate Sensitive LV ETF,5,120,14,34,79,1.0,10.0,0.17,0.0,8.91,16.04
96,FMCX.K,FM Focus Equity ETF,5,120,14,34,79,1.0,10.0,0.17,0.0,8.06,17.02
96,PUI.O,Invesco Dorsey Wright Utilities Momentum ETF,5,120,14,34,79,1.0,10.0,0.17,0.0,8.12,17.8
96,ECLN.K,First Trust EIP Carbon Impact ETF,5,120,14,34,79,1.0,10.0,0.17,0.0,6.8,18.77
96,DIEM.K,Franklin Emerging Market Core Dividend Tilt Ix ETF,5,120,14,34,79,1.0,10.0,0.17,0.0,8.45,16.01
96,RVER.K,Trenchless Fund ETF,5,120,14,34,79,1.0,10.0,0.17,0.0,6.94,18.05
96,DDIV.O,First Trust Dorsey Wright Momentum & Dividend ETF,5,120,14,34,79,1.0,10.0,0.17,0.0,6.92,18.71
96,EBLU.K,Ecofin Global Water ESG Fund,5,120,14,34,79,1.0,10.0,0.17,0.0,9.46,17.33
96,CEFA.O,Global X S&P Catholic Values Developed ex-US ETF,5,120,14,34,79,1.0,10.0,0.17,0.0,6.9,16.61
96,PSCU.O,Invesco S&P SmallCap Utilities & Comm Svcs,5,120,14,34,79,1.0,10.0,0.17,0.0,6.82,18.04
96,KLDW.K,Knowledge Leaders Developed World ETF,5,120,14,34,79,1.0,10.0,0.17,0.0,8.21,16.78
96,FLSW.K,Franklin FTSE Switzerland ETF,5,120,14,34,79,1.0,10.0,0.17,0.0,7.11,17.35
96,CBLS.K,Clough Hedged Equity ETF,5,120,14,34,79,1.0,10.0,0.17,0.0,8.19,16.06
96,TSLH.K,Innovator Hedged TSLA Strategy ETF,5,120,14,34,79,1.0,10.0,0.17,0.0,7.61,18.42
96,IVRA.K,Invesco Real Assets ESG ETF,5,120,14,34,79,1.0,10.0,0.17,0.0,7.68,17.81
96,RAYD.K,Rayliant Quantitative Developed Market Equity ETF,5,120,14,34,79,1.0,10.0,0.17,0.0,8.75,16.45
96,GVLU.K,Gotham 1000 Value ETF,5,120,14,34,79,1.0,10.0,0.17,0.0,8.72,18.29
96,FSZ.O,First Trust Switzerland AlphaDEX Fund,5,120,14,34,79,1.0,10.0,0.17,0.0,8.14,18.41
96,DGIN.K,VanEck Digital India ETF,5,120,14,34,79,1.0,10.0,0.17,0.0,8.42,18.66
96,PIO.O,Invesco Global Water ETF,5,120,14,34,79,1.0,10.0,0.17,0.0,8.25,18.67
96,EASG.K,Xtrackers MSCI EAFE ESG Leaders Equity ETF,5,120,14,34,79,1.0,10.0,0.17,0.0,7.14,18.94
96,FVC.O,First Trust Dorsey Wright Dynamic Focus 5 ETF,5,120,14,34,79,1.0,10.0,0.17,0.0,8.69,17.6
96,IHDG.K,WisdomTree International Hedged Qual Dividend Gro,5,120,14,34,79,1.0,10.0,0.17,0.0,7.5,15.93
96,AVLV.K,Avantis US Large Cap Value ETF,5,120,14,34,79,1.0,10.0,0.17,0.0,9.26,17.8
96,SPGM.K,SPDR Portfolio MSCI Global Stock Market ETF,5,120,14,34,74,1.0,10.0,0.17,0.0,9.21,17.65
96,IVRA.K,Invesco Real Assets ESG ETF,5,120,14,34,74,1.0,10.0,0.17,0.0,7.68,17.81
96,GVLU.K,Gotham 1000 Value ETF,5,120,14,34,74,1.0,10.0,0.17,0.0,8.72,18.29
96,FSZ.O,First Trust Switzerland AlphaDEX Fund,5,120,14,34,74,1.0,10.0,0.17,0.0,8.14,18.41
96,DGIN.K,VanEck Digital India ETF,5,120,14,34,74,1.0,10.0,0.17,0.0,8.42,18.66
96,PIO.O,Invesco Global Water ETF,5,120,14,34,74,1.0,10.0,0.17,0.0,8.25,18.67
96,EASG.K,Xtrackers MSCI EAFE ESG Leaders Equity ETF,5,120,14,34,74,1.0,10.0,0.17,0.0,7.14,18.94
96,FVC.O,First Trust Dorsey Wright Dynamic Focus 5 ETF,5,120,14,34,74,1.0,10.0,0.17,0.0,8.69,17.6
96,IPKW.O,Invesco International BuyBack Achievers ETF,5,120,14,34,74,1.0,10.0,0.17,0.0,6.48,17.45
96,DGT,SPDR Global Dow ETF,5,120,14,34,74,1.0,10.0,0.17,0.0,8.55,17.36
96,VALQ.K,American Century US Quality Value ETF,5,120,14,34,74,1.0,10.0,0.17,0.0,7.11,18.57
96,FBOT.O,Fidelity Disruptive Automation ETF,5,120,14,34,74,1.0,10.0,0.17,0.0,6.88,16.49
96,GLOF.K,iShares Global Equity Factor ETF,5,120,14,34,74,1.0,10.0,0.17,0.0,7.66,17.64
96,IDHQ.K,Invesco S&P Internatnl Developed Quality ETF,5,120,14,34,74,1.0,10.0,0.17,0.0,7.24,18.46
96,STXK.K,Strive Small Cap ETF,5,120,14,34,74,1.0,10.0,0.17,0.0,8.6,18.65
96,SDG.O,iShares MSCI Global Sustainable Development Goals,5,120,14,34,74,1.0,10.0,0.17,0.0,7.1,16.69
96,DJD,Invesco Dow Jones Industrial Average Div ETF,5,120,14,34,74,1.0,10.0,0.17,0.0,8.96,17.31
96,XDQQ.K,Innovator Growth Accelerated ETF - Quarterly,5,120,14,34,74,1.0,10.0,0.17,0.0,8.26,19.4
96,CRBN.K,iShares MSCI ACWI Low Carbon Target ETF,5,120,14,34,74,1.0,10.0,0.17,0.0,8.75,16.71
96,JIG,JPMorgan International Growth ETF,5,120,14,34,74,1.0,10.0,0.17,13.03,7.83,19.01
96,WTV,WisdomTree US Value Fund,5,120,14,34,74,1.0,10.0,0.17,0.0,7.11,18.31
96,QYLG.O,Global X Nasdaq 100 Covered Call & Growth ETF,5,120,14,34,74,1.0,10.0,0.17,0.0,6.66,18.14
96,SMMV.K,iShares MSCI USA Small-Cap Min Vol Factor ETF,5,120,14,34,74,1.0,10.0,0.17,0.0,6.93,16.34
96,KJAN.K,Innovator US Small Cap Power Buffer ETF - January,5,120,14,34,74,1.0,10.0,0.17,0.0,7.44,16.26
96,EQAL.K,Invesco Russell 1000 Equal Weight ETF,5,120,14,34,74,1.0,10.0,0.17,0.0,7.96,18.98
96,ROUS.K,Hartford Multifactor US Equity ETF,5,120,14,34,74,1.0,10.0,0.17,0.0,8.84,17.12
96,DMXF.O,iShares ESG Advanced MSCI EAFE ETF,5,120,14,34,74,1.0,10.0,0.17,0.0,8.92,17.13
96,EWJV.O,iShares MSCI Japan Value ETF,5,120,14,34,74,1.0,10.0,0.17,0.0,7.14,17.83
96,REGL.K,ProShares S&P MidCap 400 Dividend Aristocrats ETF,5,120,14,34,74,1.0,10.0,0.17,0.0,8.27,18.41
96,XMLV.K,Invesco S&P MidCap Low Volatility ETF,5,120,14,34,74,1.0,10.0,0.17,0.0,8.42,16.26
96,NULV.K,Nuveen ESG Large-Cap Value ETF,5,120,14,34,74,1.0,10.0,0.17,0.0,7.25,17.78
96,RAYD.K,Rayliant Quantitative Developed Market Equity ETF,5,120,14,34,74,1.0,10.0,0.17,0.0,8.75,16.45
96,TSLH.K,Innovator Hedged TSLA Strategy ETF,5,120,14,34,74,1.0,10.0,0.17,0.0,7.61,18.42
96,SDY,SPDR S&P Dividend ETF,5,120,14,34,79,1.0,10.0,0.17,0.0,8.75,16.49
96,CBLS.K,Clough Hedged Equity ETF,5,120,14,34,74,1.0,10.0,0.17,0.0,8.19,16.06
96,ESGD.O,iShares ESG Aware MSCI EAFE ETF,5,120,14,34,79,1.0,10.0,0.17,0.0,6.91,17.17
96,EFG,iShares MSCI EAFE Growth ETF,5,120,14,34,79,1.0,10.0,0.17,0.0,6.88,17.93
96,DFAC.K,Dimensional U S Core Equity 2 ETF,5,120,14,34,79,1.0,10.0,0.17,0.0,8.2,17.32
96,VLUE.K,iShares MSCI USA Value Factor ETF,5,120,14,34,79,1.0,10.0,0.17,0.0,8.6,18.61
96,DVY.O,iShares Select Dividend ETF,5,120,14,34,79,1.0,10.0,0.17,0.0,8.85,16.78
96,VT,Vanguard Total World Stock Index Fund;ETF,5,120,14,34,79,1.0,10.0,0.17,0.0,9.19,17.33
96,ACWI.O,iShares MSCI ACWI ETF,5,120,14,34,79,1.0,10.0,0.17,0.0,9.39,17.16
96,STXK.K,Strive Small Cap ETF,5,120,14,34,64,1.0,10.0,0.17,0.0,8.6,18.65
96,XLU,Utilities Select Sector SPDR Fund,5,120,14,34,79,1.0,10.0,0.17,0.0,7.76,17.66
96,IBGK.O,iShares iBonds Dec 2054 Term Treasury ETF,5,120,14,34,74,1.0,10.0,0.17,0.0,9.18,16.97
96,PCCE.K,Polen Capital China Growth ETF,5,120,14,34,74,1.0,10.0,0.17,0.0,7.06,18.69
96,WCEO.K,Hypatia Women CEO ETF,5,120,14,34,74,1.0,10.0,0.17,0.0,8.39,16.8
96,JPSV.K,JPMorgan Active Small Cap Value ETF,5,120,14,34,74,1.0,10.0,0.17,0.0,7.51,16.6
96,EMSF.K,Matthews Emerging Markets Sustainable Ftr Actv ETF,5,120,14,34,74,1.0,10.0,0.17,0.0,8.49,18.29
96,HLGE.K,Hartford Longevity Economy ETF,5,120,14,34,74,1.0,10.0,0.17,0.0,7.52,16.4
96,DFND.K,Siren DIVCON Dividend Defender ETF,5,120,14,34,74,1.0,10.0,0.17,0.0,7.37,16.75
96,KEM,KraneShares Dynamic Emerging Markets Strategy ETF,5,120,14,34,74,1.0,10.0,0.17,0.0,7.02,16.43
96,XRLV.K,Invesco S&P 500 ex-Rate Sensitive LV ETF,5,120,14,34,74,1.0,10.0,0.17,0.0,8.91,16.04
96,FMCX.K,FM Focus Equity ETF,5,120,14,34,74,1.0,10.0,0.17,0.0,8.06,17.02
96,PUI.O,Invesco Dorsey Wright Utilities Momentum ETF,5,120,14,34,74,1.0,10.0,0.17,0.0,8.12,17.8
96,ECLN.K,First Trust EIP Carbon Impact ETF,5,120,14,34,74,1.0,10.0,0.17,0.0,6.8,18.77
96,DIEM.K,Franklin Emerging Market Core Dividend Tilt Ix ETF,5,120,14,34,74,1.0,10.0,0.17,0.0,8.45,16.01
96,RVER.K,Trenchless Fund ETF,5,120,14,34,74,1.0,10.0,0.17,0.0,6.94,18.05
96,DDIV.O,First Trust Dorsey Wright Momentum & Dividend ETF,5,120,14,34,74,1.0,10.0,0.17,0.0,6.92,18.71
96,EBLU.K,Ecofin Global Water ESG Fund,5,120,14,34,74,1.0,10.0,0.17,0.0,9.46,17.33
96,CEFA.O,Global X S&P Catholic Values Developed ex-US ETF,5,120,14,34,74,1.0,10.0,0.17,0.0,6.9,16.61
96,PSCU.O,Invesco S&P SmallCap Utilities & Comm Svcs,5,120,14,34,74,1.0,10.0,0.17,0.0,6.82,18.04
96,KLDW.K,Knowledge Leaders Developed World ETF,5,120,14,34,74,1.0,10.0,0.17,0.0,8.21,16.78
96,FLSW.K,Franklin FTSE Switzerland ETF,5,120,14,34,74,1.0,10.0,0.17,0.0,7.11,17.35
96,IDHQ.K,Invesco S&P Internatnl Developed Quality ETF,5,120,14,34,64,1.0,10.0,0.17,0.0,7.24,18.46
96,IBGK.O,iShares iBonds Dec 2054 Term Treasury ETF,5,120,14,34,79,1.0,10.0,0.17,0.0,9.18,16.97
96,SDG.O,iShares MSCI Global Sustainable Development Goals,5,120,14,34,64,1.0,10.0,0.17,0.0,7.1,16.69
96,DFUV.K,DFA Dimensional US Marketwide Value ETF,5,60,14,29,54,1.0,10.0,0.17,0.0,8.68,16.62
96,SDY,SPDR S&P Dividend ETF,5,60,14,29,54,1.0,10.0,0.17,0.0,8.75,16.49
96,AVLV.K,Avantis US Large Cap Value ETF,5,60,14,29,54,1.0,10.0,0.17,0.0,9.26,17.8
96,ICVT.K,iShares Convertible Bond ETF,5,60,14,29,54,1.0,10.0,0.17,0.0,6.6,16.08
96,IHDG.K,WisdomTree International Hedged Qual Dividend Gro,5,60,14,29,54,1.0,10.0,0.17,0.0,7.5,15.93
96,EWL,Ishares Msci Switzerland ETF,5,60,14,29,54,1.0,10.0,0.17,0.0,7.69,17.03
96,VPU,Vanguard Utilities Index Fund;ETF,5,60,14,29,54,1.0,10.0,0.17,0.0,7.9,17.53
96,VIGI.O,Vanguard Intl Dividend Appreciation Index Fund;ETF,5,60,14,29,54,1.0,10.0,0.17,0.0,7.08,16.24
96,FUTY.K,Fidelity MSCI Utilities Index ETF,5,60,14,29,54,1.0,10.0,0.17,0.0,7.2,18.7
96,FXU,First Trust Utilities AlphaDEX Fund,5,60,14,29,54,1.0,10.0,0.17,0.0,7.29,17.3
96,PEY.O,Invesco High Yield Equity Dividend Achvrs ETF,5,60,14,29,54,1.0,10.0,0.17,0.0,8.13,17.46
96,EQAL.K,Invesco Russell 1000 Equal Weight ETF,5,60,14,29,54,1.0,10.0,0.17,0.0,7.96,18.98
96,SDOG.K,ALPS Sector Dividend Dogs ETF,5,60,14,29,54,1.0,10.0,0.17,0.0,7.9,18.15
96,DJD,Invesco Dow Jones Industrial Average Div ETF,5,120,14,34,64,1.0,10.0,0.17,0.0,8.96,17.31
96,IQDG.K,WisdomTree International Quality Dividend Growth,5,60,14,29,54,1.0,10.0,0.17,0.0,6.88,17.43
96,SPGM.K,SPDR Portfolio MSCI Global Stock Market ETF,5,60,14,29,54,1.0,10.0,0.17,0.0,9.21,17.65
96,NULV.K,Nuveen ESG Large-Cap Value ETF,5,60,14,29,54,1.0,10.0,0.17,0.0,7.25,17.78
96,XMLV.K,Invesco S&P MidCap Low Volatility ETF,5,60,14,29,54,1.0,10.0,0.17,0.0,8.42,16.26
96,REGL.K,ProShares S&P MidCap 400 Dividend Aristocrats ETF,5,60,14,29,54,1.0,10.0,0.17,0.0,8.27,18.41
96,EWJV.O,iShares MSCI Japan Value ETF,5,60,14,29,54,1.0,10.0,0.17,0.0,7.14,17.83
96,DMXF.O,iShares ESG Advanced MSCI EAFE ETF,5,60,14,29,54,1.0,10.0,0.17,0.0,8.92,17.13
96,ESGD.O,iShares ESG Aware MSCI EAFE ETF,5,60,14,29,54,1.0,10.0,0.17,0.0,6.91,17.17
96,EFG,iShares MSCI EAFE Growth ETF,5,60,14,29,54,1.0,10.0,0.17,0.0,6.88,17.93
96,DFAC.K,Dimensional U S Core Equity 2 ETF,5,60,14,29,54,1.0,10.0,0.17,0.0,8.2,17.32
96,VLUE.K,iShares MSCI USA Value Factor ETF,5,60,14,29,54,1.0,10.0,0.17,0.0,8.6,18.61
96,FXU,First Trust Utilities AlphaDEX Fund,5,120,14,34,59,1.0,10.0,0.17,0.0,7.29,17.3
96,FUTY.K,Fidelity MSCI Utilities Index ETF,5,120,14,34,59,1.0,10.0,0.17,0.0,7.2,18.7
96,VIGI.O,Vanguard Intl Dividend Appreciation Index Fund;ETF,5,120,14,34,59,1.0,10.0,0.17,0.0,7.08,16.24
96,VPU,Vanguard Utilities Index Fund;ETF,5,120,14,34,59,1.0,10.0,0.17,0.0,7.9,17.53
96,EWL,Ishares Msci Switzerland ETF,5,120,14,34,59,1.0,10.0,0.17,0.0,7.69,17.03
96,IHDG.K,WisdomTree International Hedged Qual Dividend Gro,5,120,14,34,59,1.0,10.0,0.17,0.0,7.5,15.93
96,ICVT.K,iShares Convertible Bond ETF,5,120,14,34,59,1.0,10.0,0.17,0.0,6.6,16.08
96,AVLV.K,Avantis US Large Cap Value ETF,5,120,14,34,59,1.0,10.0,0.17,0.0,9.26,17.8
96,SDY,SPDR S&P Dividend ETF,5,120,14,34,59,1.0,10.0,0.17,0.0,8.75,16.49
96,ESGD.O,iShares ESG Aware MSCI EAFE ETF,5,120,14,34,59,1.0,10.0,0.17,0.0,6.91,17.17
96,EFG,iShares MSCI EAFE Growth ETF,5,120,14,34,59,1.0,10.0,0.17,0.0,6.88,17.93
96,DFAC.K,Dimensional U S Core Equity 2 ETF,5,120,14,34,59,1.0,10.0,0.17,0.0,8.2,17.32
96,VLUE.K,iShares MSCI USA Value Factor ETF,5,120,14,34,59,1.0,10.0,0.17,0.0,8.6,18.61
96,DVY.O,iShares Select Dividend ETF,5,120,14,34,59,1.0,10.0,0.17,0.0,8.85,16.78
96,VT,Vanguard Total World Stock Index Fund;ETF,5,120,14,34,59,1.0,10.0,0.17,0.0,9.19,17.33
96,ACWI.O,iShares MSCI ACWI ETF,5,120,14,34,59,1.0,10.0,0.17,0.0,9.39,17.16
96,XLU,Utilities Select Sector SPDR Fund,5,120,14,34,59,1.0,10.0,0.17,0.0,7.76,17.66
96,VT,Vanguard Total World Stock Index Fund;ETF,5,60,14,29,54,1.0,10.0,0.17,0.0,9.19,17.33
96,DVY.O,iShares Select Dividend ETF,5,60,14,29,54,1.0,10.0,0.17,0.0,8.85,16.78
96,ROUS.K,Hartford Multifactor US Equity ETF,5,60,14,29,54,1.0,10.0,0.17,0.0,8.84,17.12
96,KJAN.K,Innovator US Small Cap Power Buffer ETF - January,5,60,14,29,54,1.0,10.0,0.17,0.0,7.44,16.26
96,PEY.O,Invesco High Yield Equity Dividend Achvrs ETF,5,120,14,34,59,1.0,10.0,0.17,0.0,8.13,17.46
96,ECLN.K,First Trust EIP Carbon Impact ETF,5,60,14,29,54,1.0,10.0,0.17,0.0,6.8,18.77
96,CBLS.K,Clough Hedged Equity ETF,5,60,14,29,54,1.0,10.0,0.17,0.0,8.19,16.06
96,FLSW.K,Franklin FTSE Switzerland ETF,5,60,14,29,54,1.0,10.0,0.17,0.0,7.11,17.35
96,KLDW.K,Knowledge Leaders Developed World ETF,5,60,14,29,54,1.0,10.0,0.17,0.0,8.21,16.78
96,PSCU.O,Invesco S&P SmallCap Utilities & Comm Svcs,5,60,14,29,54,1.0,10.0,0.17,0.0,6.82,18.04
96,CEFA.O,Global X S&P Catholic Values Developed ex-US ETF,5,60,14,29,54,1.0,10.0,0.17,0.0,6.9,16.61
96,EBLU.K,Ecofin Global Water ESG Fund,5,60,14,29,54,1.0,10.0,0.17,0.0,9.46,17.33
96,DDIV.O,First Trust Dorsey Wright Momentum & Dividend ETF,5,60,14,29,54,1.0,10.0,0.17,0.0,6.92,18.71
96,RVER.K,Trenchless Fund ETF,5,60,14,29,54,1.0,10.0,0.17,0.0,6.94,18.05
96,DIEM.K,Franklin Emerging Market Core Dividend Tilt Ix ETF,5,60,14,29,54,1.0,10.0,0.17,0.0,8.45,16.01
96,PUI.O,Invesco Dorsey Wright Utilities Momentum ETF,5,60,14,29,54,1.0,10.0,0.17,0.0,8.12,17.8
96,SMMV.K,iShares MSCI USA Small-Cap Min Vol Factor ETF,5,60,14,29,54,1.0,10.0,0.17,0.0,6.93,16.34
96,FMCX.K,FM Focus Equity ETF,5,60,14,29,54,1.0,10.0,0.17,0.0,8.06,17.02
96,XRLV.K,Invesco S&P 500 ex-Rate Sensitive LV ETF,5,60,14,29,54,1.0,10.0,0.17,0.0,8.91,16.04
96,KEM,KraneShares Dynamic Emerging Markets Strategy ETF,5,60,14,29,54,1.0,10.0,0.17,0.0,7.02,16.43
96,DFND.K,Siren DIVCON Dividend Defender ETF,5,60,14,29,54,1.0,10.0,0.17,0.0,7.37,16.75
96,HLGE.K,Hartford Longevity Economy ETF,5,60,14,29,54,1.0,10.0,0.17,0.0,7.52,16.4
96,EMSF.K,Matthews Emerging Markets Sustainable Ftr Actv ETF,5,60,14,29,54,1.0,10.0,0.17,0.0,8.49,18.29
96,JPSV.K,JPMorgan Active Small Cap Value ETF,5,60,14,29,54,1.0,10.0,0.17,0.0,7.51,16.6
96,WCEO.K,Hypatia Women CEO ETF,5,60,14,29,54,1.0,10.0,0.17,0.0,8.39,16.8
96,PCCE.K,Polen Capital China Growth ETF,5,60,14,29,54,1.0,10.0,0.17,0.0,7.06,18.69
96,TSLH.K,Innovator Hedged TSLA Strategy ETF,5,60,14,29,54,1.0,10.0,0.17,0.0,7.61,18.42
96,IVRA.K,Invesco Real Assets ESG ETF,5,60,14,29,54,1.0,10.0,0.17,0.0,7.68,17.81
96,RAYD.K,Rayliant Quantitative Developed Market Equity ETF,5,60,14,29,54,1.0,10.0,0.17,0.0,8.75,16.45
96,GVLU.K,Gotham 1000 Value ETF,5,60,14,29,54,1.0,10.0,0.17,0.0,8.72,18.29
96,QYLG.O,Global X Nasdaq 100 Covered Call & Growth ETF,5,60,14,29,54,1.0,10.0,0.17,0.0,6.66,18.14
96,WTV,WisdomTree US Value Fund,5,60,14,29,54,1.0,10.0,0.17,0.0,7.11,18.31
96,JIG,JPMorgan International Growth ETF,5,60,14,29,54,1.0,10.0,0.17,0.0,7.83,19.01
96,CRBN.K,iShares MSCI ACWI Low Carbon Target ETF,5,60,14,29,54,1.0,10.0,0.17,0.0,8.75,16.71
96,XDQQ.K,Innovator Growth Accelerated ETF - Quarterly,5,60,14,29,54,1.0,10.0,0.17,12.59,8.26,19.4
96,DJD,Invesco Dow Jones Industrial Average Div ETF,5,60,14,29,54,1.0,10.0,0.17,0.0,8.96,17.31
96,SDG.O,iShares MSCI Global Sustainable Development Goals,5,60,14,29,54,1.0,10.0,0.17,0.0,7.1,16.69
96,STXK.K,Strive Small Cap ETF,5,60,14,29,54,1.0,10.0,0.17,0.0,8.6,18.65
96,IDHQ.K,Invesco S&P Internatnl Developed Quality ETF,5,60,14,29,54,1.0,10.0,0.17,0.0,7.24,18.46
96,GLOF.K,iShares Global Equity Factor ETF,5,60,14,29,54,1.0,10.0,0.17,0.0,7.66,17.64
96,FBOT.O,Fidelity Disruptive Automation ETF,5,60,14,29,54,1.0,10.0,0.17,0.0,6.88,16.49
96,VALQ.K,American Century US Quality Value ETF,5,60,14,29,54,1.0,10.0,0.17,0.0,7.11,18.57
96,DGT,SPDR Global Dow ETF,5,60,14,29,54,1.0,10.0,0.17,0.0,8.55,17.36
96,IPKW.O,Invesco International BuyBack Achievers ETF,5,60,14,29,54,1.0,10.0,0.17,0.0,6.48,17.45
96,FVC.O,First Trust Dorsey Wright Dynamic Focus 5 ETF,5,60,14,29,54,1.0,10.0,0.17,0.0,8.69,17.6
96,EASG.K,Xtrackers MSCI EAFE ESG Leaders Equity ETF,5,60,14,29,54,1.0,10.0,0.17,0.0,7.14,18.94
96,PIO.O,Invesco Global Water ETF,5,60,14,29,54,1.0,10.0,0.17,0.0,8.25,18.67
96,DGIN.K,VanEck Digital India ETF,5,60,14,29,54,1.0,10.0,0.17,0.0,8.42,18.66
96,FSZ.O,First Trust Switzerland AlphaDEX Fund,5,60,14,29,54,1.0,10.0,0.17,0.0,8.14,18.41
96,DFUV.K,DFA Dimensional US Marketwide Value ETF,5,120,14,34,59,1.0,10.0,0.17,0.0,8.68,16.62
96,SDOG.K,ALPS Sector Dividend Dogs ETF,5,120,14,34,59,1.0,10.0,0.17,0.0,7.9,18.15
96,ACWI.O,iShares MSCI ACWI ETF,5,60,14,29,54,1.0,10.0,0.17,0.0,9.39,17.16
96,DVY.O,iShares Select Dividend ETF,5,120,14,34,64,1.0,10.0,0.17,0.0,8.85,16.78
96,EWL,Ishares Msci Switzerland ETF,5,120,14,34,64,1.0,10.0,0.17,0.0,7.69,17.03
96,IHDG.K,WisdomTree International Hedged Qual Dividend Gro,5,120,14,34,64,1.0,10.0,0.17,0.0,7.5,15.93
96,ICVT.K,iShares Convertible Bond ETF,5,120,14,34,64,1.0,10.0,0.17,0.0,6.6,16.08
96,AVLV.K,Avantis US Large Cap Value ETF,5,120,14,34,64,1.0,10.0,0.17,0.0,9.26,17.8
96,SDY,SPDR S&P Dividend ETF,5,120,14,34,64,1.0,10.0,0.17,0.0,8.75,16.49
96,ESGD.O,iShares ESG Aware MSCI EAFE ETF,5,120,14,34,64,1.0,10.0,0.17,0.0,6.91,17.17
96,EFG,iShares MSCI EAFE Growth ETF,5,120,14,34,64,1.0,10.0,0.17,0.0,6.88,17.93
96,DFAC.K,Dimensional U S Core Equity 2 ETF,5,120,14,34,64,1.0,10.0,0.17,0.0,8.2,17.32
96,VLUE.K,iShares MSCI USA Value Factor ETF,5,120,14,34,64,1.0,10.0,0.17,0.0,8.6,18.61
96,VT,Vanguard Total World Stock Index Fund;ETF,5,120,14,34,64,1.0,10.0,0.17,0.0,9.19,17.33
96,XRLV.K,Invesco S&P 500 ex-Rate Sensitive LV ETF,5,120,14,34,59,1.0,10.0,0.17,0.0,8.91,16.04
96,ACWI.O,iShares MSCI ACWI ETF,5,120,14,34,64,1.0,10.0,0.17,0.0,9.39,17.16
96,XLU,Utilities Select Sector SPDR Fund,5,120,14,34,64,1.0,10.0,0.17,0.0,7.76,17.66
96,IBGK.O,iShares iBonds Dec 2054 Term Treasury ETF,5,120,14,34,59,1.0,10.0,0.17,0.0,9.18,16.97
96,PCCE.K,Polen Capital China Growth ETF,5,120,14,34,59,1.0,10.0,0.17,0.0,7.06,18.69
96,WCEO.K,Hypatia Women CEO ETF,5,120,14,34,59,1.0,10.0,0.17,0.0,8.39,16.8
96,JPSV.K,JPMorgan Active Small Cap Value ETF,5,120,14,34,59,1.0,10.0,0.17,0.0,7.51,16.6
96,EMSF.K,Matthews Emerging Markets Sustainable Ftr Actv ETF,5,120,14,34,59,1.0,10.0,0.17,0.0,8.49,18.29
96,HLGE.K,Hartford Longevity Economy ETF,5,120,14,34,59,1.0,10.0,0.17,0.0,7.52,16.4
96,DFND.K,Siren DIVCON Dividend Defender ETF,5,120,14,34,59,1.0,10.0,0.17,0.0,7.37,16.75
96,VPU,Vanguard Utilities Index Fund;ETF,5,120,14,34,64,1.0,10.0,0.17,0.0,7.9,17.53
96,VIGI.O,Vanguard Intl Dividend Appreciation Index Fund;ETF,5,120,14,34,64,1.0,10.0,0.17,0.0,7.08,16.24
96,FUTY.K,Fidelity MSCI Utilities Index ETF,5,120,14,34,64,1.0,10.0,0.17,0.0,7.2,18.7
96,FXU,First Trust Utilities AlphaDEX Fund,5,120,14,34,64,1.0,10.0,0.17,0.0,7.29,17.3
96,XDQQ.K,Innovator Growth Accelerated ETF - Quarterly,5,120,14,34,64,1.0,10.0,0.17,0.0,8.26,19.4
96,CRBN.K,iShares MSCI ACWI Low Carbon Target ETF,5,120,14,34,64,1.0,10.0,0.17,0.0,8.75,16.71
96,JIG,JPMorgan International Growth ETF,5,120,14,34,64,1.0,10.0,0.17,13.03,7.83,19.01
96,WTV,WisdomTree US Value Fund,5,120,14,34,64,1.0,10.0,0.17,0.0,7.11,18.31
96,QYLG.O,Global X Nasdaq 100 Covered Call & Growth ETF,5,120,14,34,64,1.0,10.0,0.17,0.0,6.66,18.14
96,SMMV.K,iShares MSCI USA Small-Cap Min Vol Factor ETF,5,120,14,34,64,1.0,10.0,0.17,0.0,6.93,16.34
96,KJAN.K,Innovator US Small Cap Power Buffer ETF - January,5,120,14,34,64,1.0,10.0,0.17,0.0,7.44,16.26
96,EQAL.K,Invesco Russell 1000 Equal Weight ETF,5,120,14,34,64,1.0,10.0,0.17,0.0,7.96,18.98
96,ROUS.K,Hartford Multifactor US Equity ETF,5,120,14,34,64,1.0,10.0,0.17,0.0,8.84,17.12
96,DMXF.O,iShares ESG Advanced MSCI EAFE ETF,5,120,14,34,64,1.0,10.0,0.17,0.0,8.92,17.13
96,EWJV.O,iShares MSCI Japan Value ETF,5,120,14,34,64,1.0,10.0,0.17,0.0,7.14,17.83
96,REGL.K,ProShares S&P MidCap 400 Dividend Aristocrats ETF,5,120,14,34,64,1.0,10.0,0.17,0.0,8.27,18.41
96,XMLV.K,Invesco S&P MidCap Low Volatility ETF,5,120,14,34,64,1.0,10.0,0.17,0.0,8.42,16.26
96,NULV.K,Nuveen ESG Large-Cap Value ETF,5,120,14,34,64,1.0,10.0,0.17,0.0,7.25,17.78
96,SPGM.K,SPDR Portfolio MSCI Global Stock Market ETF,5,120,14,34,64,1.0,10.0,0.17,0.0,9.21,17.65
96,IQDG.K,WisdomTree International Quality Dividend Growth,5,120,14,34,64,1.0,10.0,0.17,0.0,6.88,17.43
96,SDOG.K,ALPS Sector Dividend Dogs ETF,5,120,14,34,64,1.0,10.0,0.17,0.0,7.9,18.15
96,PEY.O,Invesco High Yield Equity Dividend Achvrs ETF,5,120,14,34,64,1.0,10.0,0.17,0.0,8.13,17.46
96,DFUV.K,DFA Dimensional US Marketwide Value ETF,5,120,14,34,64,1.0,10.0,0.17,0.0,8.68,16.62
96,KEM,KraneShares Dynamic Emerging Markets Strategy ETF,5,120,14,34,59,1.0,10.0,0.17,0.0,7.02,16.43
96,FMCX.K,FM Focus Equity ETF,5,120,14,34,59,1.0,10.0,0.17,0.0,8.06,17.02
96,IQDG.K,WisdomTree International Quality Dividend Growth,5,120,14,34,59,1.0,10.0,0.17,0.0,6.88,17.43
96,QYLG.O,Global X Nasdaq 100 Covered Call & Growth ETF,5,120,14,34,59,1.0,10.0,0.17,0.0,6.66,18.14
96,GLOF.K,iShares Global Equity Factor ETF,5,120,14,34,59,1.0,10.0,0.17,0.0,7.66,17.64
96,IDHQ.K,Invesco S&P Internatnl Developed Quality ETF,5,120,14,34,59,1.0,10.0,0.17,0.0,7.24,18.46
96,STXK.K,Strive Small Cap ETF,5,120,14,34,59,1.0,10.0,0.17,0.0,8.6,18.65
96,SDG.O,iShares MSCI Global Sustainable Development Goals,5,120,14,34,59,1.0,10.0,0.17,0.0,7.1,16.69
96,DJD,Invesco Dow Jones Industrial Average Div ETF,5,120,14,34,59,1.0,10.0,0.17,0.0,8.96,17.31
96,XDQQ.K,Innovator Growth Accelerated ETF - Quarterly,5,120,14,34,59,1.0,10.0,0.17,0.0,8.26,19.4
96,CRBN.K,iShares MSCI ACWI Low Carbon Target ETF,5,120,14,34,59,1.0,10.0,0.17,0.0,8.75,16.71
96,JIG,JPMorgan International Growth ETF,5,120,14,34,59,1.0,10.0,0.17,13.03,7.83,19.01
96,WTV,WisdomTree US Value Fund,5,120,14,34,59,1.0,10.0,0.17,0.0,7.11,18.31
96,SMMV.K,iShares MSCI USA Small-Cap Min Vol Factor ETF,5,120,14,34,59,1.0,10.0,0.17,0.0,6.93,16.34
96,PUI.O,Invesco Dorsey Wright Utilities Momentum ETF,5,120,14,34,59,1.0,10.0,0.17,0.0,8.12,17.8
96,KJAN.K,Innovator US Small Cap Power Buffer ETF - January,5,120,14,34,59,1.0,10.0,0.17,0.0,7.44,16.26
96,EQAL.K,Invesco Russell 1000 Equal Weight ETF,5,120,14,34,59,1.0,10.0,0.17,0.0,7.96,18.98
96,ROUS.K,Hartford Multifactor US Equity ETF,5,120,14,34,59,1.0,10.0,0.17,0.0,8.84,17.12
96,DMXF.O,iShares ESG Advanced MSCI EAFE ETF,5,120,14,34,59,1.0,10.0,0.17,0.0,8.92,17.13
96,EWJV.O,iShares MSCI Japan Value ETF,5,120,14,34,59,1.0,10.0,0.17,0.0,7.14,17.83
96,REGL.K,ProShares S&P MidCap 400 Dividend Aristocrats ETF,5,120,14,34,59,1.0,10.0,0.17,0.0,8.27,18.41
96,XMLV.K,Invesco S&P MidCap Low Volatility ETF,5,120,14,34,59,1.0,10.0,0.17,0.0,8.42,16.26
96,NULV.K,Nuveen ESG Large-Cap Value ETF,5,120,14,34,59,1.0,10.0,0.17,0.0,7.25,17.78
96,SPGM.K,SPDR Portfolio MSCI Global Stock Market ETF,5,120,14,34,59,1.0,10.0,0.17,0.0,9.21,17.65
96,FBOT.O,Fidelity Disruptive Automation ETF,5,120,14,34,59,1.0,10.0,0.17,0.0,6.88,16.49
96,VALQ.K,American Century US Quality Value ETF,5,120,14,34,59,1.0,10.0,0.17,0.0,7.11,18.57
96,DGT,SPDR Global Dow ETF,5,120,14,34,59,1.0,10.0,0.17,0.0,8.55,17.36
96,IPKW.O,Invesco International BuyBack Achievers ETF,5,120,14,34,59,1.0,10.0,0.17,0.0,6.48,17.45
96,ECLN.K,First Trust EIP Carbon Impact ETF,5,120,14,34,59,1.0,10.0,0.17,0.0,6.8,18.77
96,DIEM.K,Franklin Emerging Market Core Dividend Tilt Ix ETF,5,120,14,34,59,1.0,10.0,0.17,0.0,8.45,16.01
96,RVER.K,Trenchless Fund ETF,5,120,14,34,59,1.0,10.0,0.17,0.0,6.94,18.05
96,DDIV.O,First Trust Dorsey Wright Momentum & Dividend ETF,5,120,14,34,59,1.0,10.0,0.17,0.0,6.92,18.71
96,EBLU.K,Ecofin Global Water ESG Fund,5,120,14,34,59,1.0,10.0,0.17,0.0,9.46,17.33
96,CEFA.O,Global X S&P Catholic Values Developed ex-US ETF,5,120,14,34,59,1.0,10.0,0.17,0.0,6.9,16.61
96,PSCU.O,Invesco S&P SmallCap Utilities & Comm Svcs,5,120,14,34,59,1.0,10.0,0.17,0.0,6.82,18.04
96,KLDW.K,Knowledge Leaders Developed World ETF,5,120,14,34,59,1.0,10.0,0.17,0.0,8.21,16.78
96,FLSW.K,Franklin FTSE Switzerland ETF,5,120,14,34,59,1.0,10.0,0.17,0.0,7.11,17.35
96,CBLS.K,Clough Hedged Equity ETF,5,120,14,34,59,1.0,10.0,0.17,0.0,8.19,16.06
96,TSLH.K,Innovator Hedged TSLA Strategy ETF,5,120,14,34,59,1.0,10.0,0.17,0.0,7.61,18.42
96,IVRA.K,Invesco Real Assets ESG ETF,5,120,14,34,59,1.0,10.0,0.17,0.0,7.68,17.81
96,RAYD.K,Rayliant Quantitative Developed Market Equity ETF,5,120,14,34,59,1.0,10.0,0.17,0.0,8.75,16.45
96,GVLU.K,Gotham 1000 Value ETF,5,120,14,34,59,1.0,10.0,0.17,0.0,8.72,18.29
96,FSZ.O,First Trust Switzerland AlphaDEX Fund,5,120,14,34,59,1.0,10.0,0.17,0.0,8.14,18.41
96,DGIN.K,VanEck Digital India ETF,5,120,14,34,59,1.0,10.0,0.17,0.0,8.42,18.66
96,PIO.O,Invesco Global Water ETF,5,120,14,34,59,1.0,10.0,0.17,0.0,8.25,18.67
96,EASG.K,Xtrackers MSCI EAFE ESG Leaders Equity ETF,5,120,14,34,59,1.0,10.0,0.17,0.0,7.14,18.94
96,FVC.O,First Trust Dorsey Wright Dynamic Focus 5 ETF,5,120,14,34,59,1.0,10.0,0.17,0.0,8.69,17.6
96,IBGK.O,iShares iBonds Dec 2054 Term Treasury ETF,5,60,14,29,54,1.0,10.0,0.17,0.0,9.18,16.97
96,KLDW.K,Knowledge Leaders Developed World ETF,5,120,14,34,54,1.0,10.0,0.15,0.0,8.21,16.78
96,ACWI.O,iShares MSCI ACWI ETF,5,120,14,34,54,1.0,10.0,0.15,0.0,9.39,17.16
96,PSCU.O,Invesco S&P SmallCap Utilities & Comm Svcs,5,120,14,34,54,1.0,10.0,0.15,0.0,6.82,18.04
96,CBLS.K,Clough Hedged Equity ETF,5,120,14,34,54,1.0,10.0,0.15,0.0,8.19,16.06
96,TSLH.K,Innovator Hedged TSLA Strategy ETF,5,120,14,34,54,1.0,10.0,0.15,0.0,7.61,18.42
96,IVRA.K,Invesco Real Assets ESG ETF,5,120,14,34,54,1.0,10.0,0.15,0.0,7.68,17.81
96,RAYD.K,Rayliant Quantitative Developed Market Equity ETF,5,120,14,34,54,1.0,10.0,0.15,0.0,8.75,16.45
96,GVLU.K,Gotham 1000 Value ETF,5,120,14,34,54,1.0,10.0,0.15,0.0,8.72,18.29
96,FSZ.O,First Trust Switzerland AlphaDEX Fund,5,120,14,34,54,1.0,10.0,0.15,0.0,8.14,18.41
96,DGIN.K,VanEck Digital India ETF,5,120,14,34,54,1.0,10.0,0.15,0.0,8.42,18.66
96,PIO.O,Invesco Global Water ETF,5,120,14,34,54,1.0,10.0,0.15,0.0,8.25,18.67
96,EASG.K,Xtrackers MSCI EAFE ESG Leaders Equity ETF,5,120,14,34,54,1.0,10.0,0.15,0.0,7.14,18.94
96,FVC.O,First Trust Dorsey Wright Dynamic Focus 5 ETF,5,120,14,34,54,1.0,10.0,0.15,0.0,8.69,17.6
96,IPKW.O,Invesco International BuyBack Achievers ETF,5,120,14,34,54,1.0,10.0,0.15,0.0,6.48,17.45
96,DGT,SPDR Global Dow ETF,5,120,14,34,54,1.0,10.0,0.15,0.0,8.55,17.36
96,VALQ.K,American Century US Quality Value ETF,5,120,14,34,54,1.0,10.0,0.15,0.0,7.11,18.57
96,FBOT.O,Fidelity Disruptive Automation ETF,5,120,14,34,54,1.0,10.0,0.15,0.0,6.88,16.49
96,GLOF.K,iShares Global Equity Factor ETF,5,120,14,34,54,1.0,10.0,0.15,0.0,7.66,17.64
96,FLSW.K,Franklin FTSE Switzerland ETF,5,120,14,34,54,1.0,10.0,0.15,0.0,7.11,17.35
96,CEFA.O,Global X S&P Catholic Values Developed ex-US ETF,5,120,14,34,54,1.0,10.0,0.15,0.0,6.9,16.61
96,VT,Vanguard Total World Stock Index Fund;ETF,5,120,14,34,54,1.0,10.0,0.15,0.0,9.19,17.33
96,EBLU.K,Ecofin Global Water ESG Fund,5,120,14,34,54,1.0,10.0,0.15,0.0,9.46,17.33
96,IBGK.O,iShares iBonds Dec 2054 Term Treasury ETF,5,120,14,34,54,1.0,10.0,0.15,0.0,9.18,16.97
96,PCCE.K,Polen Capital China Growth ETF,5,120,14,34,54,1.0,10.0,0.15,0.0,7.06,18.69
96,WCEO.K,Hypatia Women CEO ETF,5,120,14,34,54,1.0,10.0,0.15,0.0,8.39,16.8
96,JPSV.K,JPMorgan Active Small Cap Value ETF,5,120,14,34,54,1.0,10.0,0.15,0.0,7.51,16.6
96,EMSF.K,Matthews Emerging Markets Sustainable Ftr Actv ETF,5,120,14,34,54,1.0,10.0,0.15,0.0,8.49,18.29
96,HLGE.K,Hartford Longevity Economy ETF,5,120,14,34,54,1.0,10.0,0.15,0.0,7.52,16.4
96,DFND.K,Siren DIVCON Dividend Defender ETF,5,120,14,34,54,1.0,10.0,0.15,0.0,7.37,16.75
96,KEM,KraneShares Dynamic Emerging Markets Strategy ETF,5,120,14,34,54,1.0,10.0,0.15,0.0,7.02,16.43
96,XRLV.K,Invesco S&P 500 ex-Rate Sensitive LV ETF,5,120,14,34,54,1.0,10.0,0.15,0.0,8.91,16.04
96,FMCX.K,FM Focus Equity ETF,5,120,14,34,54,1.0,10.0,0.15,0.0,8.06,17.02
96,PUI.O,Invesco Dorsey Wright Utilities Momentum ETF,5,120,14,34,54,1.0,10.0,0.15,0.0,8.12,17.8
96,ECLN.K,First Trust EIP Carbon Impact ETF,5,120,14,34,54,1.0,10.0,0.15,0.0,6.8,18.77
96,DIEM.K,Franklin Emerging Market Core Dividend Tilt Ix ETF,5,120,14,34,54,1.0,10.0,0.15,0.0,8.45,16.01
96,RVER.K,Trenchless Fund ETF,5,120,14,34,54,1.0,10.0,0.15,0.0,6.94,18.05
96,DDIV.O,First Trust Dorsey Wright Momentum & Dividend ETF,5,120,14,34,54,1.0,10.0,0.15,0.0,6.92,18.71
96,IDHQ.K,Invesco S&P Internatnl Developed Quality ETF,5,120,14,34,54,1.0,10.0,0.15,0.0,7.24,18.46
96,STXK.K,Strive Small Cap ETF,5,120,14,34,54,1.0,10.0,0.15,0.0,8.6,18.65
96,SDG.O,iShares MSCI Global Sustainable Development Goals,5,120,14,34,54,1.0,10.0,0.15,0.0,7.1,16.69
96,DJD,Invesco Dow Jones Industrial Average Div ETF,5,120,14,34,54,1.0,10.0,0.15,0.0,8.96,17.31
96,DFUV.K,DFA Dimensional US Marketwide Value ETF,5,120,14,34,54,1.0,10.0,0.15,0.0,8.68,16.62
96,FXU,First Trust Utilities AlphaDEX Fund,5,120,14,34,54,1.0,10.0,0.15,0.0,7.29,17.3
96,FUTY.K,Fidelity MSCI Utilities Index ETF,5,120,14,34,54,1.0,10.0,0.15,0.0,7.2,18.7
96,VIGI.O,Vanguard Intl Dividend Appreciation Index Fund;ETF,5,120,14,34,54,1.0,10.0,0.15,0.0,7.08,16.24
96,VPU,Vanguard Utilities Index Fund;ETF,5,120,14,34,54,1.0,10.0,0.15,0.0,7.9,17.53
96,EWL,Ishares Msci Switzerland ETF,5,120,14,34,54,1.0,10.0,0.15,0.0,7.69,17.03
96,IHDG.K,WisdomTree International Hedged Qual Dividend Gro,5,120,14,34,54,1.0,10.0,0.15,0.0,7.5,15.93
96,ICVT.K,iShares Convertible Bond ETF,5,120,14,34,54,1.0,10.0,0.15,0.0,6.6,16.08
96,AVLV.K,Avantis US Large Cap Value ETF,5,120,14,34,54,1.0,10.0,0.15,0.0,9.26,17.8
96,SDY,SPDR S&P Dividend ETF,5,120,14,34,54,1.0,10.0,0.15,0.0,8.75,16.49
96,ESGD.O,iShares ESG Aware MSCI EAFE ETF,5,120,14,34,54,1.0,10.0,0.15,0.0,6.91,17.17
96,EFG,iShares MSCI EAFE Growth ETF,5,120,14,34,54,1.0,10.0,0.15,0.0,6.88,17.93
96,DFAC.K,Dimensional U S Core Equity 2 ETF,5,120,14,34,54,1.0,10.0,0.15,0.0,8.2,17.32
96,VLUE.K,iShares MSCI USA Value Factor ETF,5,120,14,34,54,1.0,10.0,0.15,0.0,8.6,18.61
96,DVY.O,iShares Select Dividend ETF,5,120,14,34,54,1.0,10.0,0.15,0.0,8.85,16.78
96,PEY.O,Invesco High Yield Equity Dividend Achvrs ETF,5,120,14,34,54,1.0,10.0,0.15,0.0,8.13,17.46
96,SDOG.K,ALPS Sector Dividend Dogs ETF,5,120,14,34,54,1.0,10.0,0.15,0.0,7.9,18.15
96,IQDG.K,WisdomTree International Quality Dividend Growth,5,120,14,34,54,1.0,10.0,0.15,0.0,6.88,17.43
96,KJAN.K,Innovator US Small Cap Power Buffer ETF - January,5,120,14,34,54,1.0,10.0,0.15,0.0,7.44,16.26
96,XDQQ.K,Innovator Growth Accelerated ETF - Quarterly,5,120,14,34,54,1.0,10.0,0.15,0.0,8.26,19.4
96,CRBN.K,iShares MSCI ACWI Low Carbon Target ETF,5,120,14,34,54,1.0,10.0,0.15,0.0,8.75,16.71
96,JIG,JPMorgan International Growth ETF,5,120,14,34,54,1.0,10.0,0.15,11.05,7.83,19.01
96,WTV,WisdomTree US Value Fund,5,120,14,34,54,1.0,10.0,0.15,0.0,7.11,18.31
96,QYLG.O,Global X Nasdaq 100 Covered Call & Growth ETF,5,120,14,34,54,1.0,10.0,0.15,0.0,6.66,18.14
96,SMMV.K,iShares MSCI USA Small-Cap Min Vol Factor ETF,5,120,14,34,54,1.0,10.0,0.15,0.0,6.93,16.34
96,EQAL.K,Invesco Russell 1000 Equal Weight ETF,5,120,14,34,54,1.0,10.0,0.15,0.0,7.96,18.98
96,SPGM.K,SPDR Portfolio MSCI Global Stock Market ETF,5,120,14,34,54,1.0,10.0,0.15,0.0,9.21,17.65
96,ROUS.K,Hartford Multifactor US Equity ETF,5,120,14,34,54,1.0,10.0,0.15,0.0,8.84,17.12
96,DMXF.O,iShares ESG Advanced MSCI EAFE ETF,5,120,14,34,54,1.0,10.0,0.15,0.0,8.92,17.13
96,EWJV.O,iShares MSCI Japan Value ETF,5,120,14,34,54,1.0,10.0,0.15,0.0,7.14,17.83
96,REGL.K,ProShares S&P MidCap 400 Dividend Aristocrats ETF,5,120,14,34,54,1.0,10.0,0.15,0.0,8.27,18.41
96,XMLV.K,Invesco S&P MidCap Low Volatility ETF,5,120,14,34,54,1.0,10.0,0.15,0.0,8.42,16.26
96,NULV.K,Nuveen ESG Large-Cap Value ETF,5,120,14,34,54,1.0,10.0,0.15,0.0,7.25,17.78
96,XLU,Utilities Select Sector SPDR Fund,5,120,14,34,54,1.0,10.0,0.15,0.0,7.76,17.66
96,XLU,Utilities Select Sector SPDR Fund,5,60,14,24,54,1.0,10.0,0.0,0.0,7.76,17.66
96,IBGK.O,iShares iBonds Dec 2054 Term Treasury ETF,5,120,14,29,79,1.0,10.0,0.0,0.0,9.18,16.97
96,VT,Vanguard Total World Stock Index Fund;ETF,5,120,14,24,54,1.0,10.0,0.0,0.0,9.19,17.33
96,HLGE.K,Hartford Longevity Economy ETF,5,60,14,24,79,1.0,10.0,0.0,0.0,7.52,16.4
96,EMSF.K,Matthews Emerging Markets Sustainable Ftr Actv ETF,5,60,14,24,79,1.0,10.0,0.0,0.0,8.49,18.29
96,JPSV.K,JPMorgan Active Small Cap Value ETF,5,60,14,24,79,1.0,10.0,0.0,0.0,7.51,16.6
96,WCEO.K,Hypatia Women CEO ETF,5,60,14,24,79,1.0,10.0,0.0,0.0,8.39,16.8
96,PCCE.K,Polen Capital China Growth ETF,5,60,14,24,79,1.0,10.0,0.0,0.0,7.06,18.69
96,IBGK.O,iShares iBonds Dec 2054 Term Treasury ETF,5,60,14,24,79,1.0,10.0,0.0,0.0,9.18,16.97
96,ACWI.O,iShares MSCI ACWI ETF,5,60,14,24,54,1.0,10.0,0.0,0.0,9.39,17.16
96,ACWI.O,iShares MSCI ACWI ETF,5,120,14,24,54,1.0,10.0,0.0,0.0,9.39,17.16
96,DVY.O,iShares Select Dividend ETF,5,120,14,24,54,1.0,10.0,0.0,0.0,8.85,16.78
96,FLSW.K,Franklin FTSE Switzerland ETF,5,120,14,24,54,1.0,10.0,0.0,0.0,7.11,17.35
96,VLUE.K,iShares MSCI USA Value Factor ETF,5,120,14,24,54,1.0,10.0,0.0,0.0,8.6,18.61
96,DFAC.K,Dimensional U S Core Equity 2 ETF,5,120,14,24,54,1.0,10.0,0.0,0.0,8.2,17.32
96,EFG,iShares MSCI EAFE Growth ETF,5,120,14,24,54,1.0,10.0,0.0,0.0,6.88,17.93
96,ESGD.O,iShares ESG Aware MSCI EAFE ETF,5,120,14,24,54,1.0,10.0,0.0,0.0,6.91,17.17
96,SDY,SPDR S&P Dividend ETF,5,120,14,24,54,1.0,10.0,0.0,0.0,8.75,16.49
96,AVLV.K,Avantis US Large Cap Value ETF,5,120,14,24,54,1.0,10.0,0.0,0.0,9.26,17.8
96,ICVT.K,iShares Convertible Bond ETF,5,120,14,24,54,1.0,10.0,0.0,0.0,6.6,16.08
96,IHDG.K,WisdomTree International Hedged Qual Dividend Gro,5,120,14,24,54,1.0,10.0,0.0,0.0,7.5,15.93
96,DFND.K,Siren DIVCON Dividend Defender ETF,5,60,14,24,79,1.0,10.0,0.0,0.0,7.37,16.75
96,KEM,KraneShares Dynamic Emerging Markets Strategy ETF,5,60,14,24,79,1.0,10.0,0.0,0.0,7.02,16.43
96,XRLV.K,Invesco S&P 500 ex-Rate Sensitive LV ETF,5,60,14,24,79,1.0,10.0,0.0,0.0,8.91,16.04
96,FMCX.K,FM Focus Equity ETF,5,60,14,24,79,1.0,10.0,0.0,0.0,8.06,17.02
96,DGIN.K,VanEck Digital India ETF,5,60,14,24,79,1.0,10.0,0.0,0.0,8.42,18.66
96,FSZ.O,First Trust Switzerland AlphaDEX Fund,5,60,14,24,79,1.0,10.0,0.0,0.0,8.14,18.41
96,GVLU.K,Gotham 1000 Value ETF,5,60,14,24,79,1.0,10.0,0.0,0.0,8.72,18.29
96,RAYD.K,Rayliant Quantitative Developed Market Equity ETF,5,60,14,24,79,1.0,10.0,0.0,0.0,8.75,16.45
96,IVRA.K,Invesco Real Assets ESG ETF,5,60,14,24,79,1.0,10.0,0.0,0.0,7.68,17.81
96,TSLH.K,Innovator Hedged TSLA Strategy ETF,5,60,14,24,79,1.0,10.0,0.0,0.0,7.61,18.42
96,CBLS.K,Clough Hedged Equity ETF,5,60,14,24,79,1.0,10.0,0.0,0.0,8.19,16.06
96,FLSW.K,Franklin FTSE Switzerland ETF,5,60,14,24,79,1.0,10.0,0.0,0.0,7.11,17.35
96,KLDW.K,Knowledge Leaders Developed World ETF,5,60,14,24,79,1.0,10.0,0.0,0.0,8.21,16.78
96,PSCU.O,Invesco S&P SmallCap Utilities & Comm Svcs,5,60,14,24,79,1.0,10.0,0.0,0.0,6.82,18.04
96,CEFA.O,Global X S&P Catholic Values Developed ex-US ETF,5,60,14,24,79,1.0,10.0,0.0,0.0,6.9,16.61
96,EBLU.K,Ecofin Global Water ESG Fund,5,60,14,24,79,1.0,10.0,0.0,0.0,9.46,17.33
96,DDIV.O,First Trust Dorsey Wright Momentum & Dividend ETF,5,60,14,24,79,1.0,10.0,0.0,0.0,6.92,18.71
96,RVER.K,Trenchless Fund ETF,5,60,14,24,79,1.0,10.0,0.0,0.0,6.94,18.05
96,DIEM.K,Franklin Emerging Market Core Dividend Tilt Ix ETF,5,60,14,24,79,1.0,10.0,0.0,0.0,8.45,16.01
96,ECLN.K,First Trust EIP Carbon Impact ETF,5,60,14,24,79,1.0,10.0,0.0,0.0,6.8,18.77
96,PUI.O,Invesco Dorsey Wright Utilities Momentum ETF,5,60,14,24,79,1.0,10.0,0.0,0.0,8.12,17.8
96,EWL,Ishares Msci Switzerland ETF,5,120,14,24,54,1.0,10.0,0.0,0.0,7.69,17.03
96,VPU,Vanguard Utilities Index Fund;ETF,5,120,14,24,54,1.0,10.0,0.0,0.0,7.9,17.53
96,VIGI.O,Vanguard Intl Dividend Appreciation Index Fund;ETF,5,120,14,24,54,1.0,10.0,0.0,0.0,7.08,16.24
96,XDQQ.K,Innovator Growth Accelerated ETF - Quarterly,5,120,14,24,54,1.0,10.0,0.0,0.0,8.26,19.4
96,SDG.O,iShares MSCI Global Sustainable Development Goals,5,120,14,24,54,1.0,10.0,0.0,0.0,7.1,16.69
96,STXK.K,Strive Small Cap ETF,5,120,14,24,54,1.0,10.0,0.0,0.0,8.6,18.65
96,IDHQ.K,Invesco S&P Internatnl Developed Quality ETF,5,120,14,24,54,1.0,10.0,0.0,0.0,7.24,18.46
96,GLOF.K,iShares Global Equity Factor ETF,5,120,14,24,54,1.0,10.0,0.0,0.0,7.66,17.64
96,FBOT.O,Fidelity Disruptive Automation ETF,5,120,14,24,54,1.0,10.0,0.0,0.0,6.88,16.49
96,VALQ.K,American Century US Quality Value ETF,5,120,14,24,54,1.0,10.0,0.0,0.0,7.11,18.57
96,DGT,SPDR Global Dow ETF,5,120,14,24,54,1.0,10.0,0.0,0.0,8.55,17.36
96,IPKW.O,Invesco International BuyBack Achievers ETF,5,120,14,24,54,1.0,10.0,0.0,0.0,6.48,17.45
96,FVC.O,First Trust Dorsey Wright Dynamic Focus 5 ETF,5,120,14,24,54,1.0,10.0,0.0,0.0,8.69,17.6
96,EASG.K,Xtrackers MSCI EAFE ESG Leaders Equity ETF,5,120,14,24,54,1.0,10.0,0.0,0.0,7.14,18.94
96,PIO.O,Invesco Global Water ETF,5,120,14,24,54,1.0,10.0,0.0,0.0,8.25,18.67
96,DGIN.K,VanEck Digital India ETF,5,120,14,24,54,1.0,10.0,0.0,0.0,8.42,18.66
96,FSZ.O,First Trust Switzerland AlphaDEX Fund,5,120,14,24,54,1.0,10.0,0.0,0.0,8.14,18.41
96,GVLU.K,Gotham 1000 Value ETF,5,120,14,24,54,1.0,10.0,0.0,0.0,8.72,18.29
96,RAYD.K,Rayliant Quantitative Developed Market Equity ETF,5,120,14,24,54,1.0,10.0,0.0,0.0,8.75,16.45
96,IVRA.K,Invesco Real Assets ESG ETF,5,120,14,24,54,1.0,10.0,0.0,0.0,7.68,17.81
96,TSLH.K,Innovator Hedged TSLA Strategy ETF,5,120,14,24,54,1.0,10.0,0.0,0.0,7.61,18.42
96,DJD,Invesco Dow Jones Industrial Average Div ETF,5,120,14,24,54,1.0,10.0,0.0,0.0,8.96,17.31
96,CRBN.K,iShares MSCI ACWI Low Carbon Target ETF,5,120,14,24,54,1.0,10.0,0.0,0.0,8.75,16.71
96,FUTY.K,Fidelity MSCI Utilities Index ETF,5,120,14,24,54,1.0,10.0,0.0,0.0,7.2,18.7
96,JIG,JPMorgan International Growth ETF,5,120,14,24,54,1.0,10.0,0.0,0.0,7.83,19.01
96,FXU,First Trust Utilities AlphaDEX Fund,5,120,14,24,54,1.0,10.0,0.0,0.0,7.29,17.3
96,DFUV.K,DFA Dimensional US Marketwide Value ETF,5,120,14,24,54,1.0,10.0,0.0,0.0,8.68,16.62
96,PEY.O,Invesco High Yield Equity Dividend Achvrs ETF,5,120,14,24,54,1.0,10.0,0.0,0.0,8.13,17.46
96,SDOG.K,ALPS Sector Dividend Dogs ETF,5,120,14,24,54,1.0,10.0,0.0,0.0,7.9,18.15
96,IQDG.K,WisdomTree International Quality Dividend Growth,5,120,14,24,54,1.0,10.0,0.0,0.0,6.88,17.43
96,SPGM.K,SPDR Portfolio MSCI Global Stock Market ETF,5,120,14,24,54,1.0,10.0,0.0,0.0,9.21,17.65
96,NULV.K,Nuveen ESG Large-Cap Value ETF,5,120,14,24,54,1.0,10.0,0.0,0.0,7.25,17.78
96,XMLV.K,Invesco S&P MidCap Low Volatility ETF,5,120,14,24,54,1.0,10.0,0.0,0.0,8.42,16.26
96,REGL.K,ProShares S&P MidCap 400 Dividend Aristocrats ETF,5,120,14,24,54,1.0,10.0,0.0,0.0,8.27,18.41
96,EWJV.O,iShares MSCI Japan Value ETF,5,120,14,24,54,1.0,10.0,0.0,0.0,7.14,17.83
96,DMXF.O,iShares ESG Advanced MSCI EAFE ETF,5,120,14,24,54,1.0,10.0,0.0,0.0,8.92,17.13
96,ROUS.K,Hartford Multifactor US Equity ETF,5,120,14,24,54,1.0,10.0,0.0,0.0,8.84,17.12
96,EQAL.K,Invesco Russell 1000 Equal Weight ETF,5,120,14,24,54,1.0,10.0,0.0,0.0,7.96,18.98
96,KJAN.K,Innovator US Small Cap Power Buffer ETF - January,5,120,14,24,54,1.0,10.0,0.0,0.0,7.44,16.26
96,SMMV.K,iShares MSCI USA Small-Cap Min Vol Factor ETF,5,120,14,24,54,1.0,10.0,0.0,0.0,6.93,16.34
96,QYLG.O,Global X Nasdaq 100 Covered Call & Growth ETF,5,120,14,24,54,1.0,10.0,0.0,0.0,6.66,18.14
96,WTV,WisdomTree US Value Fund,5,120,14,24,54,1.0,10.0,0.0,0.0,7.11,18.31
96,PIO.O,Invesco Global Water ETF,5,60,14,24,79,1.0,10.0,0.0,0.0,8.25,18.67
96,EASG.K,Xtrackers MSCI EAFE ESG Leaders Equity ETF,5,60,14,24,79,1.0,10.0,0.0,0.0,7.14,18.94
96,FVC.O,First Trust Dorsey Wright Dynamic Focus 5 ETF,5,60,14,24,79,1.0,10.0,0.0,0.0,8.69,17.6
96,CEFA.O,Global X S&P Catholic Values Developed ex-US ETF,5,60,14,24,74,1.0,10.0,0.0,0.0,6.9,16.61
96,DDIV.O,First Trust Dorsey Wright Momentum & Dividend ETF,5,60,14,24,74,1.0,10.0,0.0,0.0,6.92,18.71
96,RVER.K,Trenchless Fund ETF,5,60,14,24,74,1.0,10.0,0.0,0.0,6.94,18.05
96,DIEM.K,Franklin Emerging Market Core Dividend Tilt Ix ETF,5,60,14,24,74,1.0,10.0,0.0,0.0,8.45,16.01
96,ECLN.K,First Trust EIP Carbon Impact ETF,5,60,14,24,74,1.0,10.0,0.0,0.0,6.8,18.77
96,PUI.O,Invesco Dorsey Wright Utilities Momentum ETF,5,60,14,24,74,1.0,10.0,0.0,0.0,8.12,17.8
96,FMCX.K,FM Focus Equity ETF,5,60,14,24,74,1.0,10.0,0.0,0.0,8.06,17.02
96,XRLV.K,Invesco S&P 500 ex-Rate Sensitive LV ETF,5,60,14,24,74,1.0,10.0,0.0,0.0,8.91,16.04
96,KEM,KraneShares Dynamic Emerging Markets Strategy ETF,5,60,14,24,74,1.0,10.0,0.0,0.0,7.02,16.43
96,DFND.K,Siren DIVCON Dividend Defender ETF,5,60,14,24,74,1.0,10.0,0.0,0.0,7.37,16.75
96,HLGE.K,Hartford Longevity Economy ETF,5,60,14,24,74,1.0,10.0,0.0,0.0,7.52,16.4
96,EMSF.K,Matthews Emerging Markets Sustainable Ftr Actv ETF,5,60,14,24,74,1.0,10.0,0.0,0.0,8.49,18.29
96,JPSV.K,JPMorgan Active Small Cap Value ETF,5,60,14,24,74,1.0,10.0,0.0,0.0,7.51,16.6
96,WCEO.K,Hypatia Women CEO ETF,5,60,14,24,74,1.0,10.0,0.0,0.0,8.39,16.8
96,PCCE.K,Polen Capital China Growth ETF,5,60,14,24,74,1.0,10.0,0.0,0.0,7.06,18.69
96,IBGK.O,iShares iBonds Dec 2054 Term Treasury ETF,5,60,14,24,74,1.0,10.0,0.0,0.0,9.18,16.97
96,XLU,Utilities Select Sector SPDR Fund,5,60,14,24,79,1.0,10.0,0.0,0.0,7.76,17.66
96,ACWI.O,iShares MSCI ACWI ETF,5,60,14,24,79,1.0,10.0,0.0,0.0,9.39,17.16
96,EBLU.K,Ecofin Global Water ESG Fund,5,60,14,24,74,1.0,10.0,0.0,0.0,9.46,17.33
96,PSCU.O,Invesco S&P SmallCap Utilities & Comm Svcs,5,60,14,24,74,1.0,10.0,0.0,0.0,6.82,18.04
96,DVY.O,iShares Select Dividend ETF,5,60,14,24,79,1.0,10.0,0.0,0.0,8.85,16.78
96,KLDW.K,Knowledge Leaders Developed World ETF,5,60,14,24,74,1.0,10.0,0.0,0.0,8.21,16.78
96,IDHQ.K,Invesco S&P Internatnl Developed Quality ETF,5,60,14,24,74,1.0,10.0,0.0,0.0,7.24,18.46
96,GLOF.K,iShares Global Equity Factor ETF,5,60,14,24,74,1.0,10.0,0.0,0.0,7.66,17.64
96,FBOT.O,Fidelity Disruptive Automation ETF,5,60,14,24,74,1.0,10.0,0.0,0.0,6.88,16.49
96,VALQ.K,American Century US Quality Value ETF,5,60,14,24,74,1.0,10.0,0.0,0.0,7.11,18.57
96,DGT,SPDR Global Dow ETF,5,60,14,24,74,1.0,10.0,0.0,0.0,8.55,17.36
96,IPKW.O,Invesco International BuyBack Achievers ETF,5,60,14,24,74,1.0,10.0,0.0,0.0,6.48,17.45
96,FVC.O,First Trust Dorsey Wright Dynamic Focus 5 ETF,5,60,14,24,74,1.0,10.0,0.0,0.0,8.69,17.6
96,EASG.K,Xtrackers MSCI EAFE ESG Leaders Equity ETF,5,60,14,24,74,1.0,10.0,0.0,0.0,7.14,18.94
96,PIO.O,Invesco Global Water ETF,5,60,14,24,74,1.0,10.0,0.0,0.0,8.25,18.67
96,DGIN.K,VanEck Digital India ETF,5,60,14,24,74,1.0,10.0,0.0,0.0,8.42,18.66
96,FSZ.O,First Trust Switzerland AlphaDEX Fund,5,60,14,24,74,1.0,10.0,0.0,0.0,8.14,18.41
96,GVLU.K,Gotham 1000 Value ETF,5,60,14,24,74,1.0,10.0,0.0,0.0,8.72,18.29
96,RAYD.K,Rayliant Quantitative Developed Market Equity ETF,5,60,14,24,74,1.0,10.0,0.0,0.0,8.75,16.45
96,IVRA.K,Invesco Real Assets ESG ETF,5,60,14,24,74,1.0,10.0,0.0,0.0,7.68,17.81
96,TSLH.K,Innovator Hedged TSLA Strategy ETF,5,60,14,24,74,1.0,10.0,0.0,0.0,7.61,18.42
96,CBLS.K,Clough Hedged Equity ETF,5,60,14,24,74,1.0,10.0,0.0,0.0,8.19,16.06
96,FLSW.K,Franklin FTSE Switzerland ETF,5,60,14,24,74,1.0,10.0,0.0,0.0,7.11,17.35
96,VT,Vanguard Total World Stock Index Fund;ETF,5,60,14,24,79,1.0,10.0,0.0,0.0,9.19,17.33
96,VLUE.K,iShares MSCI USA Value Factor ETF,5,60,14,24,79,1.0,10.0,0.0,0.0,8.6,18.61
96,IPKW.O,Invesco International BuyBack Achievers ETF,5,60,14,24,79,1.0,10.0,0.0,0.0,6.48,17.45
96,EWJV.O,iShares MSCI Japan Value ETF,5,60,14,24,79,1.0,10.0,0.0,0.0,7.14,17.83
96,ROUS.K,Hartford Multifactor US Equity ETF,5,60,14,24,79,1.0,10.0,0.0,0.0,8.84,17.12
96,EQAL.K,Invesco Russell 1000 Equal Weight ETF,5,60,14,24,79,1.0,10.0,0.0,0.0,7.96,18.98
96,KJAN.K,Innovator US Small Cap Power Buffer ETF - January,5,60,14,24,79,1.0,10.0,0.0,0.0,7.44,16.26
96,SMMV.K,iShares MSCI USA Small-Cap Min Vol Factor ETF,5,60,14,24,79,1.0,10.0,0.0,0.0,6.93,16.34
96,QYLG.O,Global X Nasdaq 100 Covered Call & Growth ETF,5,60,14,24,79,1.0,10.0,0.0,0.0,6.66,18.14
96,WTV,WisdomTree US Value Fund,5,60,14,24,79,1.0,10.0,0.0,0.0,7.11,18.31
96,JIG,JPMorgan International Growth ETF,5,60,14,24,79,1.0,10.0,0.0,0.0,7.83,19.01
96,CRBN.K,iShares MSCI ACWI Low Carbon Target ETF,5,60,14,24,79,1.0,10.0,0.0,0.0,8.75,16.71
96,XDQQ.K,Innovator Growth Accelerated ETF - Quarterly,5,60,14,24,79,1.0,10.0,0.0,0.0,8.26,19.4
96,DJD,Invesco Dow Jones Industrial Average Div ETF,5,60,14,24,79,1.0,10.0,0.0,0.0,8.96,17.31
96,SDG.O,iShares MSCI Global Sustainable Development Goals,5,60,14,24,79,1.0,10.0,0.0,0.0,7.1,16.69
96,STXK.K,Strive Small Cap ETF,5,60,14,24,79,1.0,10.0,0.0,0.0,8.6,18.65
96,IDHQ.K,Invesco S&P Internatnl Developed Quality ETF,5,60,14,24,79,1.0,10.0,0.0,0.0,7.24,18.46
96,GLOF.K,iShares Global Equity Factor ETF,5,60,14,24,79,1.0,10.0,0.0,0.0,7.66,17.64
96,FBOT.O,Fidelity Disruptive Automation ETF,5,60,14,24,79,1.0,10.0,0.0,0.0,6.88,16.49
96,VALQ.K,American Century US Quality Value ETF,5,60,14,24,79,1.0,10.0,0.0,0.0,7.11,18.57
96,DGT,SPDR Global Dow ETF,5,60,14,24,79,1.0,10.0,0.0,0.0,8.55,17.36
96,DMXF.O,iShares ESG Advanced MSCI EAFE ETF,5,60,14,24,79,1.0,10.0,0.0,0.0,8.92,17.13
96,REGL.K,ProShares S&P MidCap 400 Dividend Aristocrats ETF,5,60,14,24,79,1.0,10.0,0.0,0.0,8.27,18.41
96,DFAC.K,Dimensional U S Core Equity 2 ETF,5,60,14,24,79,1.0,10.0,0.0,0.0,8.2,17.32
96,XMLV.K,Invesco S&P MidCap Low Volatility ETF,5,60,14,24,79,1.0,10.0,0.0,0.0,8.42,16.26
96,EFG,iShares MSCI EAFE Growth ETF,5,60,14,24,79,1.0,10.0,0.0,0.0,6.88,17.93
96,ESGD.O,iShares ESG Aware MSCI EAFE ETF,5,60,14,24,79,1.0,10.0,0.0,0.0,6.91,17.17
96,SDY,SPDR S&P Dividend ETF,5,60,14,24,79,1.0,10.0,0.0,0.0,8.75,16.49
96,AVLV.K,Avantis US Large Cap Value ETF,5,60,14,24,79,1.0,10.0,0.0,0.0,9.26,17.8
96,ICVT.K,iShares Convertible Bond ETF,5,60,14,24,79,1.0,10.0,0.0,0.0,6.6,16.08
96,IHDG.K,WisdomTree International Hedged Qual Dividend Gro,5,60,14,24,79,1.0,10.0,0.0,0.0,7.5,15.93
96,EWL,Ishares Msci Switzerland ETF,5,60,14,24,79,1.0,10.0,0.0,0.0,7.69,17.03
96,VPU,Vanguard Utilities Index Fund;ETF,5,60,14,24,79,1.0,10.0,0.0,0.0,7.9,17.53
96,VIGI.O,Vanguard Intl Dividend Appreciation Index Fund;ETF,5,60,14,24,79,1.0,10.0,0.0,0.0,7.08,16.24
96,FUTY.K,Fidelity MSCI Utilities Index ETF,5,60,14,24,79,1.0,10.0,0.0,0.0,7.2,18.7
96,FXU,First Trust Utilities AlphaDEX Fund,5,60,14,24,79,1.0,10.0,0.0,0.0,7.29,17.3
96,DFUV.K,DFA Dimensional US Marketwide Value ETF,5,60,14,24,79,1.0,10.0,0.0,0.0,8.68,16.62
96,PEY.O,Invesco High Yield Equity Dividend Achvrs ETF,5,60,14,24,79,1.0,10.0,0.0,0.0,8.13,17.46
96,SDOG.K,ALPS Sector Dividend Dogs ETF,5,60,14,24,79,1.0,10.0,0.0,0.0,7.9,18.15
96,IQDG.K,WisdomTree International Quality Dividend Growth,5,60,14,24,79,1.0,10.0,0.0,0.0,6.88,17.43
96,SPGM.K,SPDR Portfolio MSCI Global Stock Market ETF,5,60,14,24,79,1.0,10.0,0.0,0.0,9.21,17.65
96,NULV.K,Nuveen ESG Large-Cap Value ETF,5,60,14,24,79,1.0,10.0,0.0,0.0,7.25,17.78
96,CBLS.K,Clough Hedged Equity ETF,5,120,14,24,54,1.0,10.0,0.0,0.0,8.19,16.06
96,KLDW.K,Knowledge Leaders Developed World ETF,5,120,14,24,54,1.0,10.0,0.0,0.0,8.21,16.78
96,IBGK.O,iShares iBonds Dec 2054 Term Treasury ETF,5,120,14,24,64,1.0,10.0,0.0,0.0,9.18,16.97
96,SPGM.K,SPDR Portfolio MSCI Global Stock Market ETF,5,120,14,24,64,1.0,10.0,0.0,0.0,9.21,17.65
96,VPU,Vanguard Utilities Index Fund;ETF,5,120,14,24,64,1.0,10.0,0.0,0.0,7.9,17.53
96,VIGI.O,Vanguard Intl Dividend Appreciation Index Fund;ETF,5,120,14,24,64,1.0,10.0,0.0,0.0,7.08,16.24
96,FUTY.K,Fidelity MSCI Utilities Index ETF,5,120,14,24,64,1.0,10.0,0.0,0.0,7.2,18.7
96,FXU,First Trust Utilities AlphaDEX Fund,5,120,14,24,64,1.0,10.0,0.0,0.0,7.29,17.3
96,DFUV.K,DFA Dimensional US Marketwide Value ETF,5,120,14,24,64,1.0,10.0,0.0,0.0,8.68,16.62
96,PEY.O,Invesco High Yield Equity Dividend Achvrs ETF,5,120,14,24,64,1.0,10.0,0.0,0.0,8.13,17.46
96,SDOG.K,ALPS Sector Dividend Dogs ETF,5,120,14,24,64,1.0,10.0,0.0,0.0,7.9,18.15
96,IQDG.K,WisdomTree International Quality Dividend Growth,5,120,14,24,64,1.0,10.0,0.0,0.0,6.88,17.43
96,NULV.K,Nuveen ESG Large-Cap Value ETF,5,120,14,24,64,1.0,10.0,0.0,0.0,7.25,17.78
96,PSCU.O,Invesco S&P SmallCap Utilities & Comm Svcs,5,120,14,24,54,1.0,10.0,0.0,0.0,6.82,18.04
96,XMLV.K,Invesco S&P MidCap Low Volatility ETF,5,120,14,24,64,1.0,10.0,0.0,0.0,8.42,16.26
96,REGL.K,ProShares S&P MidCap 400 Dividend Aristocrats ETF,5,120,14,24,64,1.0,10.0,0.0,0.0,8.27,18.41
96,EWJV.O,iShares MSCI Japan Value ETF,5,120,14,24,64,1.0,10.0,0.0,0.0,7.14,17.83
96,DMXF.O,iShares ESG Advanced MSCI EAFE ETF,5,120,14,24,64,1.0,10.0,0.0,0.0,8.92,17.13
96,ROUS.K,Hartford Multifactor US Equity ETF,5,120,14,24,64,1.0,10.0,0.0,0.0,8.84,17.12
96,EQAL.K,Invesco Russell 1000 Equal Weight ETF,5,120,14,24,64,1.0,10.0,0.0,0.0,7.96,18.98
96,KJAN.K,Innovator US Small Cap Power Buffer ETF - January,5,120,14,24,64,1.0,10.0,0.0,0.0,7.44,16.26
96,SMMV.K,iShares MSCI USA Small-Cap Min Vol Factor ETF,5,120,14,24,64,1.0,10.0,0.0,0.0,6.93,16.34
96,EWL,Ishares Msci Switzerland ETF,5,120,14,24,64,1.0,10.0,0.0,0.0,7.69,17.03
96,IHDG.K,WisdomTree International Hedged Qual Dividend Gro,5,120,14,24,64,1.0,10.0,0.0,0.0,7.5,15.93
96,ICVT.K,iShares Convertible Bond ETF,5,120,14,24,64,1.0,10.0,0.0,0.0,6.6,16.08
96,AVLV.K,Avantis US Large Cap Value ETF,5,120,14,24,64,1.0,10.0,0.0,0.0,9.26,17.8
96,KEM,KraneShares Dynamic Emerging Markets Strategy ETF,5,120,14,24,59,1.0,10.0,0.0,0.0,7.02,16.43
96,DFND.K,Siren DIVCON Dividend Defender ETF,5,120,14,24,59,1.0,10.0,0.0,0.0,7.37,16.75
96,HLGE.K,Hartford Longevity Economy ETF,5,120,14,24,59,1.0,10.0,0.0,0.0,7.52,16.4
96,EMSF.K,Matthews Emerging Markets Sustainable Ftr Actv ETF,5,120,14,24,59,1.0,10.0,0.0,0.0,8.49,18.29
96,JPSV.K,JPMorgan Active Small Cap Value ETF,5,120,14,24,59,1.0,10.0,0.0,0.0,7.51,16.6
96,WCEO.K,Hypatia Women CEO ETF,5,120,14,24,59,1.0,10.0,0.0,0.0,8.39,16.8
96,PCCE.K,Polen Capital China Growth ETF,5,120,14,24,59,1.0,10.0,0.0,0.0,7.06,18.69
96,IBGK.O,iShares iBonds Dec 2054 Term Treasury ETF,5,120,14,24,59,1.0,10.0,0.0,0.0,9.18,16.97
96,XLU,Utilities Select Sector SPDR Fund,5,120,14,24,64,1.0,10.0,0.0,0.0,7.76,17.66
96,ACWI.O,iShares MSCI ACWI ETF,5,120,14,24,64,1.0,10.0,0.0,0.0,9.39,17.16
96,VT,Vanguard Total World Stock Index Fund;ETF,5,120,14,24,64,1.0,10.0,0.0,0.0,9.19,17.33
96,DVY.O,iShares Select Dividend ETF,5,120,14,24,64,1.0,10.0,0.0,0.0,8.85,16.78
96,VLUE.K,iShares MSCI USA Value Factor ETF,5,120,14,24,64,1.0,10.0,0.0,0.0,8.6,18.61
96,DFAC.K,Dimensional U S Core Equity 2 ETF,5,120,14,24,64,1.0,10.0,0.0,0.0,8.2,17.32
96,EFG,iShares MSCI EAFE Growth ETF,5,120,14,24,64,1.0,10.0,0.0,0.0,6.88,17.93
96,ESGD.O,iShares ESG Aware MSCI EAFE ETF,5,120,14,24,64,1.0,10.0,0.0,0.0,6.91,17.17
96,SDY,SPDR S&P Dividend ETF,5,120,14,24,64,1.0,10.0,0.0,0.0,8.75,16.49
96,QYLG.O,Global X Nasdaq 100 Covered Call & Growth ETF,5,120,14,24,64,1.0,10.0,0.0,0.0,6.66,18.14
96,WTV,WisdomTree US Value Fund,5,120,14,24,64,1.0,10.0,0.0,0.0,7.11,18.31
96,JIG,JPMorgan International Growth ETF,5,120,14,24,64,1.0,10.0,0.0,0.0,7.83,19.01
96,CBLS.K,Clough Hedged Equity ETF,5,120,14,24,64,1.0,10.0,0.0,0.0,8.19,16.06
96,KLDW.K,Knowledge Leaders Developed World ETF,5,120,14,24,64,1.0,10.0,0.0,0.0,8.21,16.78
96,PSCU.O,Invesco S&P SmallCap Utilities & Comm Svcs,5,120,14,24,64,1.0,10.0,0.0,0.0,6.82,18.04
96,CEFA.O,Global X S&P Catholic Values Developed ex-US ETF,5,120,14,24,64,1.0,10.0,0.0,0.0,6.9,16.61
96,EBLU.K,Ecofin Global Water ESG Fund,5,120,14,24,64,1.0,10.0,0.0,0.0,9.46,17.33
96,DDIV.O,First Trust Dorsey Wright Momentum & Dividend ETF,5,120,14,24,64,1.0,10.0,0.0,0.0,6.92,18.71
96,RVER.K,Trenchless Fund ETF,5,120,14,24,64,1.0,10.0,0.0,0.0,6.94,18.05
96,DIEM.K,Franklin Emerging Market Core Dividend Tilt Ix ETF,5,120,14,24,64,1.0,10.0,0.0,0.0,8.45,16.01
96,ECLN.K,First Trust EIP Carbon Impact ETF,5,120,14,24,64,1.0,10.0,0.0,0.0,6.8,18.77
96,PUI.O,Invesco Dorsey Wright Utilities Momentum ETF,5,120,14,24,64,1.0,10.0,0.0,0.0,8.12,17.8
96,FMCX.K,FM Focus Equity ETF,5,120,14,24,64,1.0,10.0,0.0,0.0,8.06,17.02
96,XRLV.K,Invesco S&P 500 ex-Rate Sensitive LV ETF,5,120,14,24,64,1.0,10.0,0.0,0.0,8.91,16.04
96,KEM,KraneShares Dynamic Emerging Markets Strategy ETF,5,120,14,24,64,1.0,10.0,0.0,0.0,7.02,16.43
96,DFND.K,Siren DIVCON Dividend Defender ETF,5,120,14,24,64,1.0,10.0,0.0,0.0,7.37,16.75
96,HLGE.K,Hartford Longevity Economy ETF,5,120,14,24,64,1.0,10.0,0.0,0.0,7.52,16.4
96,EMSF.K,Matthews Emerging Markets Sustainable Ftr Actv ETF,5,120,14,24,64,1.0,10.0,0.0,0.0,8.49,18.29
96,JPSV.K,JPMorgan Active Small Cap Value ETF,5,120,14,24,64,1.0,10.0,0.0,0.0,7.51,16.6
96,WCEO.K,Hypatia Women CEO ETF,5,120,14,24,64,1.0,10.0,0.0,0.0,8.39,16.8
96,FLSW.K,Franklin FTSE Switzerland ETF,5,120,14,24,64,1.0,10.0,0.0,0.0,7.11,17.35
96,TSLH.K,Innovator Hedged TSLA Strategy ETF,5,120,14,24,64,1.0,10.0,0.0,0.0,7.61,18.42
96,CRBN.K,iShares MSCI ACWI Low Carbon Target ETF,5,120,14,24,64,1.0,10.0,0.0,0.0,8.75,16.71
96,IVRA.K,Invesco Real Assets ESG ETF,5,120,14,24,64,1.0,10.0,0.0,0.0,7.68,17.81
96,XDQQ.K,Innovator Growth Accelerated ETF - Quarterly,5,120,14,24,64,1.0,10.0,0.0,0.0,8.26,19.4
96,DJD,Invesco Dow Jones Industrial Average Div ETF,5,120,14,24,64,1.0,10.0,0.0,0.0,8.96,17.31
96,SDG.O,iShares MSCI Global Sustainable Development Goals,5,120,14,24,64,1.0,10.0,0.0,0.0,7.1,16.69
96,STXK.K,Strive Small Cap ETF,5,120,14,24,64,1.0,10.0,0.0,0.0,8.6,18.65
96,IDHQ.K,Invesco S&P Internatnl Developed Quality ETF,5,120,14,24,64,1.0,10.0,0.0,0.0,7.24,18.46
96,GLOF.K,iShares Global Equity Factor ETF,5,120,14,24,64,1.0,10.0,0.0,0.0,7.66,17.64
96,FBOT.O,Fidelity Disruptive Automation ETF,5,120,14,24,64,1.0,10.0,0.0,0.0,6.88,16.49
96,VALQ.K,American Century US Quality Value ETF,5,120,14,24,64,1.0,10.0,0.0,0.0,7.11,18.57
96,DGT,SPDR Global Dow ETF,5,120,14,24,64,1.0,10.0,0.0,0.0,8.55,17.36
96,IPKW.O,Invesco International BuyBack Achievers ETF,5,120,14,24,64,1.0,10.0,0.0,0.0,6.48,17.45
96,FVC.O,First Trust Dorsey Wright Dynamic Focus 5 ETF,5,120,14,24,64,1.0,10.0,0.0,0.0,8.69,17.6
96,EASG.K,Xtrackers MSCI EAFE ESG Leaders Equity ETF,5,120,14,24,64,1.0,10.0,0.0,0.0,7.14,18.94
96,PIO.O,Invesco Global Water ETF,5,120,14,24,64,1.0,10.0,0.0,0.0,8.25,18.67
96,DGIN.K,VanEck Digital India ETF,5,120,14,24,64,1.0,10.0,0.0,0.0,8.42,18.66
96,FSZ.O,First Trust Switzerland AlphaDEX Fund,5,120,14,24,64,1.0,10.0,0.0,0.0,8.14,18.41
96,GVLU.K,Gotham 1000 Value ETF,5,120,14,24,64,1.0,10.0,0.0,0.0,8.72,18.29
96,RAYD.K,Rayliant Quantitative Developed Market Equity ETF,5,120,14,24,64,1.0,10.0,0.0,0.0,8.75,16.45
96,XRLV.K,Invesco S&P 500 ex-Rate Sensitive LV ETF,5,120,14,24,59,1.0,10.0,0.0,0.0,8.91,16.04
96,FMCX.K,FM Focus Equity ETF,5,120,14,24,59,1.0,10.0,0.0,0.0,8.06,17.02
96,PUI.O,Invesco Dorsey Wright Utilities Momentum ETF,5,120,14,24,59,1.0,10.0,0.0,0.0,8.12,17.8
96,VT,Vanguard Total World Stock Index Fund;ETF,5,120,14,24,59,1.0,10.0,0.0,0.0,9.19,17.33
96,VLUE.K,iShares MSCI USA Value Factor ETF,5,120,14,24,59,1.0,10.0,0.0,0.0,8.6,18.61
96,DFAC.K,Dimensional U S Core Equity 2 ETF,5,120,14,24,59,1.0,10.0,0.0,0.0,8.2,17.32
96,EFG,iShares MSCI EAFE Growth ETF,5,120,14,24,59,1.0,10.0,0.0,0.0,6.88,17.93
96,ESGD.O,iShares ESG Aware MSCI EAFE ETF,5,120,14,24,59,1.0,10.0,0.0,0.0,6.91,17.17
96,SDY,SPDR S&P Dividend ETF,5,120,14,24,59,1.0,10.0,0.0,0.0,8.75,16.49
96,AVLV.K,Avantis US Large Cap Value ETF,5,120,14,24,59,1.0,10.0,0.0,0.0,9.26,17.8
96,ICVT.K,iShares Convertible Bond ETF,5,120,14,24,59,1.0,10.0,0.0,0.0,6.6,16.08
96,IHDG.K,WisdomTree International Hedged Qual Dividend Gro,5,120,14,24,59,1.0,10.0,0.0,0.0,7.5,15.93
96,EWL,Ishares Msci Switzerland ETF,5,120,14,24,59,1.0,10.0,0.0,0.0,7.69,17.03
96,VPU,Vanguard Utilities Index Fund;ETF,5,120,14,24,59,1.0,10.0,0.0,0.0,7.9,17.53
96,VIGI.O,Vanguard Intl Dividend Appreciation Index Fund;ETF,5,120,14,24,59,1.0,10.0,0.0,0.0,7.08,16.24
96,FUTY.K,Fidelity MSCI Utilities Index ETF,5,120,14,24,59,1.0,10.0,0.0,0.0,7.2,18.7
96,FXU,First Trust Utilities AlphaDEX Fund,5,120,14,24,59,1.0,10.0,0.0,0.0,7.29,17.3
96,DFUV.K,DFA Dimensional US Marketwide Value ETF,5,120,14,24,59,1.0,10.0,0.0,0.0,8.68,16.62
96,PEY.O,Invesco High Yield Equity Dividend Achvrs ETF,5,120,14,24,59,1.0,10.0,0.0,0.0,8.13,17.46
96,SDOG.K,ALPS Sector Dividend Dogs ETF,5,120,14,24,59,1.0,10.0,0.0,0.0,7.9,18.15
96,IQDG.K,WisdomTree International Quality Dividend Growth,5,120,14,24,59,1.0,10.0,0.0,0.0,6.88,17.43
96,DVY.O,iShares Select Dividend ETF,5,120,14,24,59,1.0,10.0,0.0,0.0,8.85,16.78
96,ACWI.O,iShares MSCI ACWI ETF,5,120,14,24,59,1.0,10.0,0.0,0.0,9.39,17.16
96,NULV.K,Nuveen ESG Large-Cap Value ETF,5,120,14,24,59,1.0,10.0,0.0,0.0,7.25,17.78
96,XLU,Utilities Select Sector SPDR Fund,5,120,14,24,59,1.0,10.0,0.0,0.0,7.76,17.66
96,CEFA.O,Global X S&P Catholic Values Developed ex-US ETF,5,120,14,24,54,1.0,10.0,0.0,0.0,6.9,16.61
96,EBLU.K,Ecofin Global Water ESG Fund,5,120,14,24,54,1.0,10.0,0.0,0.0,9.46,17.33
96,DDIV.O,First Trust Dorsey Wright Momentum & Dividend ETF,5,120,14,24,54,1.0,10.0,0.0,0.0,6.92,18.71
96,RVER.K,Trenchless Fund ETF,5,120,14,24,54,1.0,10.0,0.0,0.0,6.94,18.05
96,DIEM.K,Franklin Emerging Market Core Dividend Tilt Ix ETF,5,120,14,24,54,1.0,10.0,0.0,0.0,8.45,16.01
96,ECLN.K,First Trust EIP Carbon Impact ETF,5,120,14,24,54,1.0,10.0,0.0,0.0,6.8,18.77
96,PUI.O,Invesco Dorsey Wright Utilities Momentum ETF,5,120,14,24,54,1.0,10.0,0.0,0.0,8.12,17.8
96,FMCX.K,FM Focus Equity ETF,5,120,14,24,54,1.0,10.0,0.0,0.0,8.06,17.02
96,XRLV.K,Invesco S&P 500 ex-Rate Sensitive LV ETF,5,120,14,24,54,1.0,10.0,0.0,0.0,8.91,16.04
96,KEM,KraneShares Dynamic Emerging Markets Strategy ETF,5,120,14,24,54,1.0,10.0,0.0,0.0,7.02,16.43
96,DFND.K,Siren DIVCON Dividend Defender ETF,5,120,14,24,54,1.0,10.0,0.0,0.0,7.37,16.75
96,HLGE.K,Hartford Longevity Economy ETF,5,120,14,24,54,1.0,10.0,0.0,0.0,7.52,16.4
96,EMSF.K,Matthews Emerging Markets Sustainable Ftr Actv ETF,5,120,14,24,54,1.0,10.0,0.0,0.0,8.49,18.29
96,JPSV.K,JPMorgan Active Small Cap Value ETF,5,120,14,24,54,1.0,10.0,0.0,0.0,7.51,16.6
96,WCEO.K,Hypatia Women CEO ETF,5,120,14,24,54,1.0,10.0,0.0,0.0,8.39,16.8
96,PCCE.K,Polen Capital China Growth ETF,5,120,14,24,54,1.0,10.0,0.0,0.0,7.06,18.69
96,IBGK.O,iShares iBonds Dec 2054 Term Treasury ETF,5,120,14,24,54,1.0,10.0,0.0,0.0,9.18,16.97
96,SPGM.K,SPDR Portfolio MSCI Global Stock Market ETF,5,120,14,24,59,1.0,10.0,0.0,0.0,9.21,17.65
96,XMLV.K,Invesco S&P MidCap Low Volatility ETF,5,120,14,24,59,1.0,10.0,0.0,0.0,8.42,16.26
96,ECLN.K,First Trust EIP Carbon Impact ETF,5,120,14,24,59,1.0,10.0,0.0,0.0,6.8,18.77
96,IPKW.O,Invesco International BuyBack Achievers ETF,5,120,14,24,59,1.0,10.0,0.0,0.0,6.48,17.45
96,EASG.K,Xtrackers MSCI EAFE ESG Leaders Equity ETF,5,120,14,24,59,1.0,10.0,0.0,0.0,7.14,18.94
96,PIO.O,Invesco Global Water ETF,5,120,14,24,59,1.0,10.0,0.0,0.0,8.25,18.67
96,DGIN.K,VanEck Digital India ETF,5,120,14,24,59,1.0,10.0,0.0,0.0,8.42,18.66
96,FSZ.O,First Trust Switzerland AlphaDEX Fund,5,120,14,24,59,1.0,10.0,0.0,0.0,8.14,18.41
96,GVLU.K,Gotham 1000 Value ETF,5,120,14,24,59,1.0,10.0,0.0,0.0,8.72,18.29
96,RAYD.K,Rayliant Quantitative Developed Market Equity ETF,5,120,14,24,59,1.0,10.0,0.0,0.0,8.75,16.45
96,IVRA.K,Invesco Real Assets ESG ETF,5,120,14,24,59,1.0,10.0,0.0,0.0,7.68,17.81
96,TSLH.K,Innovator Hedged TSLA Strategy ETF,5,120,14,24,59,1.0,10.0,0.0,0.0,7.61,18.42
96,CBLS.K,Clough Hedged Equity ETF,5,120,14,24,59,1.0,10.0,0.0,0.0,8.19,16.06
96,FLSW.K,Franklin FTSE Switzerland ETF,5,120,14,24,59,1.0,10.0,0.0,0.0,7.11,17.35
96,KLDW.K,Knowledge Leaders Developed World ETF,5,120,14,24,59,1.0,10.0,0.0,0.0,8.21,16.78
96,PSCU.O,Invesco S&P SmallCap Utilities & Comm Svcs,5,120,14,24,59,1.0,10.0,0.0,0.0,6.82,18.04
96,CEFA.O,Global X S&P Catholic Values Developed ex-US ETF,5,120,14,24,59,1.0,10.0,0.0,0.0,6.9,16.61
96,EBLU.K,Ecofin Global Water ESG Fund,5,120,14,24,59,1.0,10.0,0.0,0.0,9.46,17.33
96,DDIV.O,First Trust Dorsey Wright Momentum & Dividend ETF,5,120,14,24,59,1.0,10.0,0.0,0.0,6.92,18.71
96,RVER.K,Trenchless Fund ETF,5,120,14,24,59,1.0,10.0,0.0,0.0,6.94,18.05
96,DIEM.K,Franklin Emerging Market Core Dividend Tilt Ix ETF,5,120,14,24,59,1.0,10.0,0.0,0.0,8.45,16.01
96,FVC.O,First Trust Dorsey Wright Dynamic Focus 5 ETF,5,120,14,24,59,1.0,10.0,0.0,0.0,8.69,17.6
96,DGT,SPDR Global Dow ETF,5,120,14,24,59,1.0,10.0,0.0,0.0,8.55,17.36
96,REGL.K,ProShares S&P MidCap 400 Dividend Aristocrats ETF,5,120,14,24,59,1.0,10.0,0.0,0.0,8.27,18.41
96,VALQ.K,American Century US Quality Value ETF,5,120,14,24,59,1.0,10.0,0.0,0.0,7.11,18.57
96,EWJV.O,iShares MSCI Japan Value ETF,5,120,14,24,59,1.0,10.0,0.0,0.0,7.14,17.83
96,DMXF.O,iShares ESG Advanced MSCI EAFE ETF,5,120,14,24,59,1.0,10.0,0.0,0.0,8.92,17.13
96,ROUS.K,Hartford Multifactor US Equity ETF,5,120,14,24,59,1.0,10.0,0.0,0.0,8.84,17.12
96,EQAL.K,Invesco Russell 1000 Equal Weight ETF,5,120,14,24,59,1.0,10.0,0.0,0.0,7.96,18.98
96,KJAN.K,Innovator US Small Cap Power Buffer ETF - January,5,120,14,24,59,1.0,10.0,0.0,0.0,7.44,16.26
96,SMMV.K,iShares MSCI USA Small-Cap Min Vol Factor ETF,5,120,14,24,59,1.0,10.0,0.0,0.0,6.93,16.34
96,QYLG.O,Global X Nasdaq 100 Covered Call & Growth ETF,5,120,14,24,59,1.0,10.0,0.0,0.0,6.66,18.14
96,WTV,WisdomTree US Value Fund,5,120,14,24,59,1.0,10.0,0.0,0.0,7.11,18.31
96,JIG,JPMorgan International Growth ETF,5,120,14,24,59,1.0,10.0,0.0,0.0,7.83,19.01
96,CRBN.K,iShares MSCI ACWI Low Carbon Target ETF,5,120,14,24,59,1.0,10.0,0.0,0.0,8.75,16.71
96,XDQQ.K,Innovator Growth Accelerated ETF - Quarterly,5,120,14,24,59,1.0,10.0,0.0,0.0,8.26,19.4
96,DJD,Invesco Dow Jones Industrial Average Div ETF,5,120,14,24,59,1.0,10.0,0.0,0.0,8.96,17.31
96,SDG.O,iShares MSCI Global Sustainable Development Goals,5,120,14,24,59,1.0,10.0,0.0,0.0,7.1,16.69
96,STXK.K,Strive Small Cap ETF,5,120,14,24,59,1.0,10.0,0.0,0.0,8.6,18.65
96,IDHQ.K,Invesco S&P Internatnl Developed Quality ETF,5,120,14,24,59,1.0,10.0,0.0,0.0,7.24,18.46
96,GLOF.K,iShares Global Equity Factor ETF,5,120,14,24,59,1.0,10.0,0.0,0.0,7.66,17.64
96,FBOT.O,Fidelity Disruptive Automation ETF,5,120,14,24,59,1.0,10.0,0.0,0.0,6.88,16.49
96,STXK.K,Strive Small Cap ETF,5,60,14,24,74,1.0,10.0,0.0,0.0,8.6,18.65
96,SDG.O,iShares MSCI Global Sustainable Development Goals,5,60,14,24,74,1.0,10.0,0.0,0.0,7.1,16.69
96,DJD,Invesco Dow Jones Industrial Average Div ETF,5,60,14,24,74,1.0,10.0,0.0,0.0,8.96,17.31
96,GLOF.K,iShares Global Equity Factor ETF,5,60,14,24,59,1.0,10.0,0.0,0.0,7.66,17.64
96,WTV,WisdomTree US Value Fund,5,60,14,24,59,1.0,10.0,0.0,0.0,7.11,18.31
96,JIG,JPMorgan International Growth ETF,5,60,14,24,59,1.0,10.0,0.0,0.0,7.83,19.01
96,CRBN.K,iShares MSCI ACWI Low Carbon Target ETF,5,60,14,24,59,1.0,10.0,0.0,0.0,8.75,16.71
96,XDQQ.K,Innovator Growth Accelerated ETF - Quarterly,5,60,14,24,59,1.0,10.0,0.0,0.0,8.26,19.4
96,DJD,Invesco Dow Jones Industrial Average Div ETF,5,60,14,24,59,1.0,10.0,0.0,0.0,8.96,17.31
96,SDG.O,iShares MSCI Global Sustainable Development Goals,5,60,14,24,59,1.0,10.0,0.0,0.0,7.1,16.69
96,STXK.K,Strive Small Cap ETF,5,60,14,24,59,1.0,10.0,0.0,0.0,8.6,18.65
96,IDHQ.K,Invesco S&P Internatnl Developed Quality ETF,5,60,14,24,59,1.0,10.0,0.0,0.0,7.24,18.46
96,FBOT.O,Fidelity Disruptive Automation ETF,5,60,14,24,59,1.0,10.0,0.0,0.0,6.88,16.49
96,XDQQ.K,Innovator Growth Accelerated ETF - Quarterly,5,60,14,24,74,1.0,10.0,0.0,0.0,8.26,19.4
96,VALQ.K,American Century US Quality Value ETF,5,60,14,24,59,1.0,10.0,0.0,0.0,7.11,18.57
96,DGT,SPDR Global Dow ETF,5,60,14,24,59,1.0,10.0,0.0,0.0,8.55,17.36
96,IPKW.O,Invesco International BuyBack Achievers ETF,5,60,14,24,59,1.0,10.0,0.0,0.0,6.48,17.45
96,FVC.O,First Trust Dorsey Wright Dynamic Focus 5 ETF,5,60,14,24,59,1.0,10.0,0.0,0.0,8.69,17.6
96,EASG.K,Xtrackers MSCI EAFE ESG Leaders Equity ETF,5,60,14,24,59,1.0,10.0,0.0,0.0,7.14,18.94
96,PIO.O,Invesco Global Water ETF,5,60,14,24,59,1.0,10.0,0.0,0.0,8.25,18.67
96,DGIN.K,VanEck Digital India ETF,5,60,14,24,59,1.0,10.0,0.0,0.0,8.42,18.66
96,FSZ.O,First Trust Switzerland AlphaDEX Fund,5,60,14,24,59,1.0,10.0,0.0,0.0,8.14,18.41
96,QYLG.O,Global X Nasdaq 100 Covered Call & Growth ETF,5,60,14,24,59,1.0,10.0,0.0,0.0,6.66,18.14
96,SMMV.K,iShares MSCI USA Small-Cap Min Vol Factor ETF,5,60,14,24,59,1.0,10.0,0.0,0.0,6.93,16.34
96,KJAN.K,Innovator US Small Cap Power Buffer ETF - January,5,60,14,24,59,1.0,10.0,0.0,0.0,7.44,16.26
96,EQAL.K,Invesco Russell 1000 Equal Weight ETF,5,60,14,24,59,1.0,10.0,0.0,0.0,7.96,18.98
96,IHDG.K,WisdomTree International Hedged Qual Dividend Gro,5,60,14,24,59,1.0,10.0,0.0,0.0,7.5,15.93
96,EWL,Ishares Msci Switzerland ETF,5,60,14,24,59,1.0,10.0,0.0,0.0,7.69,17.03
96,VPU,Vanguard Utilities Index Fund;ETF,5,60,14,24,59,1.0,10.0,0.0,0.0,7.9,17.53
96,VIGI.O,Vanguard Intl Dividend Appreciation Index Fund;ETF,5,60,14,24,59,1.0,10.0,0.0,0.0,7.08,16.24
96,FUTY.K,Fidelity MSCI Utilities Index ETF,5,60,14,24,59,1.0,10.0,0.0,0.0,7.2,18.7
96,FXU,First Trust Utilities AlphaDEX Fund,5,60,14,24,59,1.0,10.0,0.0,0.0,7.29,17.3
96,DFUV.K,DFA Dimensional US Marketwide Value ETF,5,60,14,24,59,1.0,10.0,0.0,0.0,8.68,16.62
96,PEY.O,Invesco High Yield Equity Dividend Achvrs ETF,5,60,14,24,59,1.0,10.0,0.0,0.0,8.13,17.46
96,SDOG.K,ALPS Sector Dividend Dogs ETF,5,60,14,24,59,1.0,10.0,0.0,0.0,7.9,18.15
96,IQDG.K,WisdomTree International Quality Dividend Growth,5,60,14,24,59,1.0,10.0,0.0,0.0,6.88,17.43
96,SPGM.K,SPDR Portfolio MSCI Global Stock Market ETF,5,60,14,24,59,1.0,10.0,0.0,0.0,9.21,17.65
96,NULV.K,Nuveen ESG Large-Cap Value ETF,5,60,14,24,59,1.0,10.0,0.0,0.0,7.25,17.78
96,XMLV.K,Invesco S&P MidCap Low Volatility ETF,5,60,14,24,59,1.0,10.0,0.0,0.0,8.42,16.26
96,REGL.K,ProShares S&P MidCap 400 Dividend Aristocrats ETF,5,60,14,24,59,1.0,10.0,0.0,0.0,8.27,18.41
96,EWJV.O,iShares MSCI Japan Value ETF,5,60,14,24,59,1.0,10.0,0.0,0.0,7.14,17.83
96,DMXF.O,iShares ESG Advanced MSCI EAFE ETF,5,60,14,24,59,1.0,10.0,0.0,0.0,8.92,17.13
96,ROUS.K,Hartford Multifactor US Equity ETF,5,60,14,24,59,1.0,10.0,0.0,0.0,8.84,17.12
96,GVLU.K,Gotham 1000 Value ETF,5,60,14,24,59,1.0,10.0,0.0,0.0,8.72,18.29
96,RAYD.K,Rayliant Quantitative Developed Market Equity ETF,5,60,14,24,59,1.0,10.0,0.0,0.0,8.75,16.45
96,IVRA.K,Invesco Real Assets ESG ETF,5,60,14,24,59,1.0,10.0,0.0,0.0,7.68,17.81
96,PCCE.K,Polen Capital China Growth ETF,5,60,14,24,59,1.0,10.0,0.0,0.0,7.06,18.69
96,XLU,Utilities Select Sector SPDR Fund,5,60,14,24,64,1.0,10.0,0.0,0.0,7.76,17.66
96,ACWI.O,iShares MSCI ACWI ETF,5,60,14,24,64,1.0,10.0,0.0,0.0,9.39,17.16
96,VT,Vanguard Total World Stock Index Fund;ETF,5,60,14,24,64,1.0,10.0,0.0,0.0,9.19,17.33
96,DVY.O,iShares Select Dividend ETF,5,60,14,24,64,1.0,10.0,0.0,0.0,8.85,16.78
96,VLUE.K,iShares MSCI USA Value Factor ETF,5,60,14,24,64,1.0,10.0,0.0,0.0,8.6,18.61
96,DFAC.K,Dimensional U S Core Equity 2 ETF,5,60,14,24,64,1.0,10.0,0.0,0.0,8.2,17.32
96,EFG,iShares MSCI EAFE Growth ETF,5,60,14,24,64,1.0,10.0,0.0,0.0,6.88,17.93
96,ESGD.O,iShares ESG Aware MSCI EAFE ETF,5,60,14,24,64,1.0,10.0,0.0,0.0,6.91,17.17
96,SDY,SPDR S&P Dividend ETF,5,60,14,24,64,1.0,10.0,0.0,0.0,8.75,16.49
96,AVLV.K,Avantis US Large Cap Value ETF,5,60,14,24,64,1.0,10.0,0.0,0.0,9.26,17.8
96,ICVT.K,iShares Convertible Bond ETF,5,60,14,24,64,1.0,10.0,0.0,0.0,6.6,16.08
96,IHDG.K,WisdomTree International Hedged Qual Dividend Gro,5,60,14,24,64,1.0,10.0,0.0,0.0,7.5,15.93
96,EWL,Ishares Msci Switzerland ETF,5,60,14,24,64,1.0,10.0,0.0,0.0,7.69,17.03
96,VPU,Vanguard Utilities Index Fund;ETF,5,60,14,24,64,1.0,10.0,0.0,0.0,7.9,17.53
96,VIGI.O,Vanguard Intl Dividend Appreciation Index Fund;ETF,5,60,14,24,64,1.0,10.0,0.0,0.0,7.08,16.24
96,FUTY.K,Fidelity MSCI Utilities Index ETF,5,60,14,24,64,1.0,10.0,0.0,0.0,7.2,18.7
96,FXU,First Trust Utilities AlphaDEX Fund,5,60,14,24,64,1.0,10.0,0.0,0.0,7.29,17.3
96,IBGK.O,iShares iBonds Dec 2054 Term Treasury ETF,5,60,14,24,59,1.0,10.0,0.0,0.0,9.18,16.97
96,WCEO.K,Hypatia Women CEO ETF,5,60,14,24,59,1.0,10.0,0.0,0.0,8.39,16.8
96,TSLH.K,Innovator Hedged TSLA Strategy ETF,5,60,14,24,59,1.0,10.0,0.0,0.0,7.61,18.42
96,JPSV.K,JPMorgan Active Small Cap Value ETF,5,60,14,24,59,1.0,10.0,0.0,0.0,7.51,16.6
96,CBLS.K,Clough Hedged Equity ETF,5,60,14,24,59,1.0,10.0,0.0,0.0,8.19,16.06
96,FLSW.K,Franklin FTSE Switzerland ETF,5,60,14,24,59,1.0,10.0,0.0,0.0,7.11,17.35
96,KLDW.K,Knowledge Leaders Developed World ETF,5,60,14,24,59,1.0,10.0,0.0,0.0,8.21,16.78
96,PSCU.O,Invesco S&P SmallCap Utilities & Comm Svcs,5,60,14,24,59,1.0,10.0,0.0,0.0,6.82,18.04
96,CEFA.O,Global X S&P Catholic Values Developed ex-US ETF,5,60,14,24,59,1.0,10.0,0.0,0.0,6.9,16.61
96,EBLU.K,Ecofin Global Water ESG Fund,5,60,14,24,59,1.0,10.0,0.0,0.0,9.46,17.33
96,DDIV.O,First Trust Dorsey Wright Momentum & Dividend ETF,5,60,14,24,59,1.0,10.0,0.0,0.0,6.92,18.71
96,RVER.K,Trenchless Fund ETF,5,60,14,24,59,1.0,10.0,0.0,0.0,6.94,18.05
96,DIEM.K,Franklin Emerging Market Core Dividend Tilt Ix ETF,5,60,14,24,59,1.0,10.0,0.0,0.0,8.45,16.01
96,ECLN.K,First Trust EIP Carbon Impact ETF,5,60,14,24,59,1.0,10.0,0.0,0.0,6.8,18.77
96,PUI.O,Invesco Dorsey Wright Utilities Momentum ETF,5,60,14,24,59,1.0,10.0,0.0,0.0,8.12,17.8
96,FMCX.K,FM Focus Equity ETF,5,60,14,24,59,1.0,10.0,0.0,0.0,8.06,17.02
96,XRLV.K,Invesco S&P 500 ex-Rate Sensitive LV ETF,5,60,14,24,59,1.0,10.0,0.0,0.0,8.91,16.04
96,KEM,KraneShares Dynamic Emerging Markets Strategy ETF,5,60,14,24,59,1.0,10.0,0.0,0.0,7.02,16.43
96,DFND.K,Siren DIVCON Dividend Defender ETF,5,60,14,24,59,1.0,10.0,0.0,0.0,7.37,16.75
96,HLGE.K,Hartford Longevity Economy ETF,5,60,14,24,59,1.0,10.0,0.0,0.0,7.52,16.4
96,EMSF.K,Matthews Emerging Markets Sustainable Ftr Actv ETF,5,60,14,24,59,1.0,10.0,0.0,0.0,8.49,18.29
96,ICVT.K,iShares Convertible Bond ETF,5,60,14,24,59,1.0,10.0,0.0,0.0,6.6,16.08
96,AVLV.K,Avantis US Large Cap Value ETF,5,60,14,24,59,1.0,10.0,0.0,0.0,9.26,17.8
96,SDY,SPDR S&P Dividend ETF,5,60,14,24,59,1.0,10.0,0.0,0.0,8.75,16.49
96,SPGM.K,SPDR Portfolio MSCI Global Stock Market ETF,5,60,14,24,54,1.0,10.0,0.0,0.0,9.21,17.65
96,XMLV.K,Invesco S&P MidCap Low Volatility ETF,5,60,14,24,54,1.0,10.0,0.0,0.0,8.42,16.26
96,REGL.K,ProShares S&P MidCap 400 Dividend Aristocrats ETF,5,60,14,24,54,1.0,10.0,0.0,0.0,8.27,18.41
96,EWJV.O,iShares MSCI Japan Value ETF,5,60,14,24,54,1.0,10.0,0.0,0.0,7.14,17.83
96,DMXF.O,iShares ESG Advanced MSCI EAFE ETF,5,60,14,24,54,1.0,10.0,0.0,0.0,8.92,17.13
96,ROUS.K,Hartford Multifactor US Equity ETF,5,60,14,24,54,1.0,10.0,0.0,0.0,8.84,17.12
96,EQAL.K,Invesco Russell 1000 Equal Weight ETF,5,60,14,24,54,1.0,10.0,0.0,0.0,7.96,18.98
96,KJAN.K,Innovator US Small Cap Power Buffer ETF - January,5,60,14,24,54,1.0,10.0,0.0,0.0,7.44,16.26
96,SMMV.K,iShares MSCI USA Small-Cap Min Vol Factor ETF,5,60,14,24,54,1.0,10.0,0.0,0.0,6.93,16.34
96,QYLG.O,Global X Nasdaq 100 Covered Call & Growth ETF,5,60,14,24,54,1.0,10.0,0.0,0.0,6.66,18.14
96,WTV,WisdomTree US Value Fund,5,60,14,24,54,1.0,10.0,0.0,0.0,7.11,18.31
96,JIG,JPMorgan International Growth ETF,5,60,14,24,54,1.0,10.0,0.0,0.0,7.83,19.01
96,CRBN.K,iShares MSCI ACWI Low Carbon Target ETF,5,60,14,24,54,1.0,10.0,0.0,0.0,8.75,16.71
96,XDQQ.K,Innovator Growth Accelerated ETF - Quarterly,5,60,14,24,54,1.0,10.0,0.0,0.0,8.26,19.4
96,DJD,Invesco Dow Jones Industrial Average Div ETF,5,60,14,24,54,1.0,10.0,0.0,0.0,8.96,17.31
96,SDG.O,iShares MSCI Global Sustainable Development Goals,5,60,14,24,54,1.0,10.0,0.0,0.0,7.1,16.69
96,STXK.K,Strive Small Cap ETF,5,60,14,24,54,1.0,10.0,0.0,0.0,8.6,18.65
96,IDHQ.K,Invesco S&P Internatnl Developed Quality ETF,5,60,14,24,54,1.0,10.0,0.0,0.0,7.24,18.46
96,NULV.K,Nuveen ESG Large-Cap Value ETF,5,60,14,24,54,1.0,10.0,0.0,0.0,7.25,17.78
96,IQDG.K,WisdomTree International Quality Dividend Growth,5,60,14,24,54,1.0,10.0,0.0,0.0,6.88,17.43
96,FBOT.O,Fidelity Disruptive Automation ETF,5,60,14,24,54,1.0,10.0,0.0,0.0,6.88,16.49
96,SDOG.K,ALPS Sector Dividend Dogs ETF,5,60,14,24,54,1.0,10.0,0.0,0.0,7.9,18.15
96,VT,Vanguard Total World Stock Index Fund;ETF,5,60,14,24,54,1.0,10.0,0.0,0.0,9.19,17.33
96,DVY.O,iShares Select Dividend ETF,5,60,14,24,54,1.0,10.0,0.0,0.0,8.85,16.78
96,VLUE.K,iShares MSCI USA Value Factor ETF,5,60,14,24,54,1.0,10.0,0.0,0.0,8.6,18.61
96,DFAC.K,Dimensional U S Core Equity 2 ETF,5,60,14,24,54,1.0,10.0,0.0,0.0,8.2,17.32
96,EFG,iShares MSCI EAFE Growth ETF,5,60,14,24,54,1.0,10.0,0.0,0.0,6.88,17.93
96,ESGD.O,iShares ESG Aware MSCI EAFE ETF,5,60,14,24,54,1.0,10.0,0.0,0.0,6.91,17.17
96,SDY,SPDR S&P Dividend ETF,5,60,14,24,54,1.0,10.0,0.0,0.0,8.75,16.49
96,AVLV.K,Avantis US Large Cap Value ETF,5,60,14,24,54,1.0,10.0,0.0,0.0,9.26,17.8
96,ICVT.K,iShares Convertible Bond ETF,5,60,14,24,54,1.0,10.0,0.0,0.0,6.6,16.08
96,IHDG.K,WisdomTree International Hedged Qual Dividend Gro,5,60,14,24,54,1.0,10.0,0.0,0.0,7.5,15.93
96,EWL,Ishares Msci Switzerland ETF,5,60,14,24,54,1.0,10.0,0.0,0.0,7.69,17.03
96,VPU,Vanguard Utilities Index Fund;ETF,5,60,14,24,54,1.0,10.0,0.0,0.0,7.9,17.53
96,VIGI.O,Vanguard Intl Dividend Appreciation Index Fund;ETF,5,60,14,24,54,1.0,10.0,0.0,0.0,7.08,16.24
96,FUTY.K,Fidelity MSCI Utilities Index ETF,5,60,14,24,54,1.0,10.0,0.0,0.0,7.2,18.7
96,FXU,First Trust Utilities AlphaDEX Fund,5,60,14,24,54,1.0,10.0,0.0,0.0,7.29,17.3
96,DFUV.K,DFA Dimensional US Marketwide Value ETF,5,60,14,24,54,1.0,10.0,0.0,0.0,8.68,16.62
96,PEY.O,Invesco High Yield Equity Dividend Achvrs ETF,5,60,14,24,54,1.0,10.0,0.0,0.0,8.13,17.46
96,GLOF.K,iShares Global Equity Factor ETF,5,60,14,24,54,1.0,10.0,0.0,0.0,7.66,17.64
96,VALQ.K,American Century US Quality Value ETF,5,60,14,24,54,1.0,10.0,0.0,0.0,7.11,18.57
96,ESGD.O,iShares ESG Aware MSCI EAFE ETF,5,60,14,24,59,1.0,10.0,0.0,0.0,6.91,17.17
96,ECLN.K,First Trust EIP Carbon Impact ETF,5,60,14,24,54,1.0,10.0,0.0,0.0,6.8,18.77
96,FMCX.K,FM Focus Equity ETF,5,60,14,24,54,1.0,10.0,0.0,0.0,8.06,17.02
96,XRLV.K,Invesco S&P 500 ex-Rate Sensitive LV ETF,5,60,14,24,54,1.0,10.0,0.0,0.0,8.91,16.04
96,KEM,KraneShares Dynamic Emerging Markets Strategy ETF,5,60,14,24,54,1.0,10.0,0.0,0.0,7.02,16.43
96,DFND.K,Siren DIVCON Dividend Defender ETF,5,60,14,24,54,1.0,10.0,0.0,0.0,7.37,16.75
96,HLGE.K,Hartford Longevity Economy ETF,5,60,14,24,54,1.0,10.0,0.0,0.0,7.52,16.4
96,EMSF.K,Matthews Emerging Markets Sustainable Ftr Actv ETF,5,60,14,24,54,1.0,10.0,0.0,0.0,8.49,18.29
96,JPSV.K,JPMorgan Active Small Cap Value ETF,5,60,14,24,54,1.0,10.0,0.0,0.0,7.51,16.6
96,WCEO.K,Hypatia Women CEO ETF,5,60,14,24,54,1.0,10.0,0.0,0.0,8.39,16.8
96,PCCE.K,Polen Capital China Growth ETF,5,60,14,24,54,1.0,10.0,0.0,0.0,7.06,18.69
96,IBGK.O,iShares iBonds Dec 2054 Term Treasury ETF,5,60,14,24,54,1.0,10.0,0.0,0.0,9.18,16.97
96,XLU,Utilities Select Sector SPDR Fund,5,60,14,24,59,1.0,10.0,0.0,0.0,7.76,17.66
96,ACWI.O,iShares MSCI ACWI ETF,5,60,14,24,59,1.0,10.0,0.0,0.0,9.39,17.16
96,VT,Vanguard Total World Stock Index Fund;ETF,5,60,14,24,59,1.0,10.0,0.0,0.0,9.19,17.33
96,DVY.O,iShares Select Dividend ETF,5,60,14,24,59,1.0,10.0,0.0,0.0,8.85,16.78
96,VLUE.K,iShares MSCI USA Value Factor ETF,5,60,14,24,59,1.0,10.0,0.0,0.0,8.6,18.61
96,DFAC.K,Dimensional U S Core Equity 2 ETF,5,60,14,24,59,1.0,10.0,0.0,0.0,8.2,17.32
96,EFG,iShares MSCI EAFE Growth ETF,5,60,14,24,59,1.0,10.0,0.0,0.0,6.88,17.93
96,PUI.O,Invesco Dorsey Wright Utilities Momentum ETF,5,60,14,24,54,1.0,10.0,0.0,0.0,8.12,17.8
96,DIEM.K,Franklin Emerging Market Core Dividend Tilt Ix ETF,5,60,14,24,54,1.0,10.0,0.0,0.0,8.45,16.01
96,DGT,SPDR Global Dow ETF,5,60,14,24,54,1.0,10.0,0.0,0.0,8.55,17.36
96,RVER.K,Trenchless Fund ETF,5,60,14,24,54,1.0,10.0,0.0,0.0,6.94,18.05
96,IPKW.O,Invesco International BuyBack Achievers ETF,5,60,14,24,54,1.0,10.0,0.0,0.0,6.48,17.45
96,FVC.O,First Trust Dorsey Wright Dynamic Focus 5 ETF,5,60,14,24,54,1.0,10.0,0.0,0.0,8.69,17.6
96,EASG.K,Xtrackers MSCI EAFE ESG Leaders Equity ETF,5,60,14,24,54,1.0,10.0,0.0,0.0,7.14,18.94
96,PIO.O,Invesco Global Water ETF,5,60,14,24,54,1.0,10.0,0.0,0.0,8.25,18.67
96,DGIN.K,VanEck Digital India ETF,5,60,14,24,54,1.0,10.0,0.0,0.0,8.42,18.66
96,FSZ.O,First Trust Switzerland AlphaDEX Fund,5,60,14,24,54,1.0,10.0,0.0,0.0,8.14,18.41
96,GVLU.K,Gotham 1000 Value ETF,5,60,14,24,54,1.0,10.0,0.0,0.0,8.72,18.29
96,RAYD.K,Rayliant Quantitative Developed Market Equity ETF,5,60,14,24,54,1.0,10.0,0.0,0.0,8.75,16.45
96,IVRA.K,Invesco Real Assets ESG ETF,5,60,14,24,54,1.0,10.0,0.0,0.0,7.68,17.81
96,TSLH.K,Innovator Hedged TSLA Strategy ETF,5,60,14,24,54,1.0,10.0,0.0,0.0,7.61,18.42
96,CBLS.K,Clough Hedged Equity ETF,5,60,14,24,54,1.0,10.0,0.0,0.0,8.19,16.06
96,FLSW.K,Franklin FTSE Switzerland ETF,5,60,14,24,54,1.0,10.0,0.0,0.0,7.11,17.35
96,KLDW.K,Knowledge Leaders Developed World ETF,5,60,14,24,54,1.0,10.0,0.0,0.0,8.21,16.78
96,PSCU.O,Invesco S&P SmallCap Utilities & Comm Svcs,5,60,14,24,54,1.0,10.0,0.0,0.0,6.82,18.04
96,CEFA.O,Global X S&P Catholic Values Developed ex-US ETF,5,60,14,24,54,1.0,10.0,0.0,0.0,6.9,16.61
96,EBLU.K,Ecofin Global Water ESG Fund,5,60,14,24,54,1.0,10.0,0.0,0.0,9.46,17.33
96,DDIV.O,First Trust Dorsey Wright Momentum & Dividend ETF,5,60,14,24,54,1.0,10.0,0.0,0.0,6.92,18.71
96,DFUV.K,DFA Dimensional US Marketwide Value ETF,5,60,14,24,64,1.0,10.0,0.0,0.0,8.68,16.62
96,PEY.O,Invesco High Yield Equity Dividend Achvrs ETF,5,60,14,24,64,1.0,10.0,0.0,0.0,8.13,17.46
96,SDOG.K,ALPS Sector Dividend Dogs ETF,5,60,14,24,64,1.0,10.0,0.0,0.0,7.9,18.15
96,FSZ.O,First Trust Switzerland AlphaDEX Fund,5,60,14,24,69,1.0,10.0,0.0,0.0,8.14,18.41
96,RAYD.K,Rayliant Quantitative Developed Market Equity ETF,5,60,14,24,69,1.0,10.0,0.0,0.0,8.75,16.45
96,IVRA.K,Invesco Real Assets ESG ETF,5,60,14,24,69,1.0,10.0,0.0,0.0,7.68,17.81
96,TSLH.K,Innovator Hedged TSLA Strategy ETF,5,60,14,24,69,1.0,10.0,0.0,0.0,7.61,18.42
96,CBLS.K,Clough Hedged Equity ETF,5,60,14,24,69,1.0,10.0,0.0,0.0,8.19,16.06
96,FLSW.K,Franklin FTSE Switzerland ETF,5,60,14,24,69,1.0,10.0,0.0,0.0,7.11,17.35
96,KLDW.K,Knowledge Leaders Developed World ETF,5,60,14,24,69,1.0,10.0,0.0,0.0,8.21,16.78
96,PSCU.O,Invesco S&P SmallCap Utilities & Comm Svcs,5,60,14,24,69,1.0,10.0,0.0,0.0,6.82,18.04
96,CEFA.O,Global X S&P Catholic Values Developed ex-US ETF,5,60,14,24,69,1.0,10.0,0.0,0.0,6.9,16.61
96,EBLU.K,Ecofin Global Water ESG Fund,5,60,14,24,69,1.0,10.0,0.0,0.0,9.46,17.33
96,DDIV.O,First Trust Dorsey Wright Momentum & Dividend ETF,5,60,14,24,69,1.0,10.0,0.0,0.0,6.92,18.71
96,RVER.K,Trenchless Fund ETF,5,60,14,24,69,1.0,10.0,0.0,0.0,6.94,18.05
96,DIEM.K,Franklin Emerging Market Core Dividend Tilt Ix ETF,5,60,14,24,69,1.0,10.0,0.0,0.0,8.45,16.01
96,ECLN.K,First Trust EIP Carbon Impact ETF,5,60,14,24,69,1.0,10.0,0.0,0.0,6.8,18.77
96,PUI.O,Invesco Dorsey Wright Utilities Momentum ETF,5,60,14,24,69,1.0,10.0,0.0,0.0,8.12,17.8
96,FMCX.K,FM Focus Equity ETF,5,60,14,24,69,1.0,10.0,0.0,0.0,8.06,17.02
96,XRLV.K,Invesco S&P 500 ex-Rate Sensitive LV ETF,5,60,14,24,69,1.0,10.0,0.0,0.0,8.91,16.04
96,KEM,KraneShares Dynamic Emerging Markets Strategy ETF,5,60,14,24,69,1.0,10.0,0.0,0.0,7.02,16.43
96,GVLU.K,Gotham 1000 Value ETF,5,60,14,24,69,1.0,10.0,0.0,0.0,8.72,18.29
96,DGIN.K,VanEck Digital India ETF,5,60,14,24,69,1.0,10.0,0.0,0.0,8.42,18.66
96,HLGE.K,Hartford Longevity Economy ETF,5,60,14,24,69,1.0,10.0,0.0,0.0,7.52,16.4
96,PIO.O,Invesco Global Water ETF,5,60,14,24,69,1.0,10.0,0.0,0.0,8.25,18.67
96,SMMV.K,iShares MSCI USA Small-Cap Min Vol Factor ETF,5,60,14,24,69,1.0,10.0,0.0,0.0,6.93,16.34
96,QYLG.O,Global X Nasdaq 100 Covered Call & Growth ETF,5,60,14,24,69,1.0,10.0,0.0,0.0,6.66,18.14
96,WTV,WisdomTree US Value Fund,5,60,14,24,69,1.0,10.0,0.0,0.0,7.11,18.31
96,JIG,JPMorgan International Growth ETF,5,60,14,24,69,1.0,10.0,0.0,0.0,7.83,19.01
96,CRBN.K,iShares MSCI ACWI Low Carbon Target ETF,5,60,14,24,69,1.0,10.0,0.0,0.0,8.75,16.71
96,XDQQ.K,Innovator Growth Accelerated ETF - Quarterly,5,60,14,24,69,1.0,10.0,0.0,0.0,8.26,19.4
96,DJD,Invesco Dow Jones Industrial Average Div ETF,5,60,14,24,69,1.0,10.0,0.0,0.0,8.96,17.31
96,SDG.O,iShares MSCI Global Sustainable Development Goals,5,60,14,24,69,1.0,10.0,0.0,0.0,7.1,16.69
96,STXK.K,Strive Small Cap ETF,5,60,14,24,69,1.0,10.0,0.0,0.0,8.6,18.65
96,IDHQ.K,Invesco S&P Internatnl Developed Quality ETF,5,60,14,24,69,1.0,10.0,0.0,0.0,7.24,18.46
96,GLOF.K,iShares Global Equity Factor ETF,5,60,14,24,69,1.0,10.0,0.0,0.0,7.66,17.64
96,FBOT.O,Fidelity Disruptive Automation ETF,5,60,14,24,69,1.0,10.0,0.0,0.0,6.88,16.49
96,VALQ.K,American Century US Quality Value ETF,5,60,14,24,69,1.0,10.0,0.0,0.0,7.11,18.57
96,DGT,SPDR Global Dow ETF,5,60,14,24,69,1.0,10.0,0.0,0.0,8.55,17.36
96,IPKW.O,Invesco International BuyBack Achievers ETF,5,60,14,24,69,1.0,10.0,0.0,0.0,6.48,17.45
96,FVC.O,First Trust Dorsey Wright Dynamic Focus 5 ETF,5,60,14,24,69,1.0,10.0,0.0,0.0,8.69,17.6
96,EASG.K,Xtrackers MSCI EAFE ESG Leaders Equity ETF,5,60,14,24,69,1.0,10.0,0.0,0.0,7.14,18.94
96,DFND.K,Siren DIVCON Dividend Defender ETF,5,60,14,24,69,1.0,10.0,0.0,0.0,7.37,16.75
96,EMSF.K,Matthews Emerging Markets Sustainable Ftr Actv ETF,5,60,14,24,69,1.0,10.0,0.0,0.0,8.49,18.29
96,EQAL.K,Invesco Russell 1000 Equal Weight ETF,5,60,14,24,69,1.0,10.0,0.0,0.0,7.96,18.98
96,FXU,First Trust Utilities AlphaDEX Fund,5,60,14,24,74,1.0,10.0,0.0,0.0,7.29,17.3
96,PEY.O,Invesco High Yield Equity Dividend Achvrs ETF,5,60,14,24,74,1.0,10.0,0.0,0.0,8.13,17.46
96,SDOG.K,ALPS Sector Dividend Dogs ETF,5,60,14,24,74,1.0,10.0,0.0,0.0,7.9,18.15
96,IQDG.K,WisdomTree International Quality Dividend Growth,5,60,14,24,74,1.0,10.0,0.0,0.0,6.88,17.43
96,SPGM.K,SPDR Portfolio MSCI Global Stock Market ETF,5,60,14,24,74,1.0,10.0,0.0,0.0,9.21,17.65
96,NULV.K,Nuveen ESG Large-Cap Value ETF,5,60,14,24,74,1.0,10.0,0.0,0.0,7.25,17.78
96,XMLV.K,Invesco S&P MidCap Low Volatility ETF,5,60,14,24,74,1.0,10.0,0.0,0.0,8.42,16.26
96,REGL.K,ProShares S&P MidCap 400 Dividend Aristocrats ETF,5,60,14,24,74,1.0,10.0,0.0,0.0,8.27,18.41
96,EWJV.O,iShares MSCI Japan Value ETF,5,60,14,24,74,1.0,10.0,0.0,0.0,7.14,17.83
96,DMXF.O,iShares ESG Advanced MSCI EAFE ETF,5,60,14,24,74,1.0,10.0,0.0,0.0,8.92,17.13
96,ROUS.K,Hartford Multifactor US Equity ETF,5,60,14,24,74,1.0,10.0,0.0,0.0,8.84,17.12
96,EQAL.K,Invesco Russell 1000 Equal Weight ETF,5,60,14,24,74,1.0,10.0,0.0,0.0,7.96,18.98
96,KJAN.K,Innovator US Small Cap Power Buffer ETF - January,5,60,14,24,74,1.0,10.0,0.0,0.0,7.44,16.26
96,SMMV.K,iShares MSCI USA Small-Cap Min Vol Factor ETF,5,60,14,24,74,1.0,10.0,0.0,0.0,6.93,16.34
96,QYLG.O,Global X Nasdaq 100 Covered Call & Growth ETF,5,60,14,24,74,1.0,10.0,0.0,0.0,6.66,18.14
96,WTV,WisdomTree US Value Fund,5,60,14,24,74,1.0,10.0,0.0,0.0,7.11,18.31
96,JIG,JPMorgan International Growth ETF,5,60,14,24,74,1.0,10.0,0.0,0.0,7.83,19.01
96,CRBN.K,iShares MSCI ACWI Low Carbon Target ETF,5,60,14,24,74,1.0,10.0,0.0,0.0,8.75,16.71
96,DFUV.K,DFA Dimensional US Marketwide Value ETF,5,60,14,24,74,1.0,10.0,0.0,0.0,8.68,16.62
96,FUTY.K,Fidelity MSCI Utilities Index ETF,5,60,14,24,74,1.0,10.0,0.0,0.0,7.2,18.7
96,JPSV.K,JPMorgan Active Small Cap Value ETF,5,60,14,24,69,1.0,10.0,0.0,0.0,7.51,16.6
96,VIGI.O,Vanguard Intl Dividend Appreciation Index Fund;ETF,5,60,14,24,74,1.0,10.0,0.0,0.0,7.08,16.24
96,WCEO.K,Hypatia Women CEO ETF,5,60,14,24,69,1.0,10.0,0.0,0.0,8.39,16.8
96,PCCE.K,Polen Capital China Growth ETF,5,60,14,24,69,1.0,10.0,0.0,0.0,7.06,18.69
96,IBGK.O,iShares iBonds Dec 2054 Term Treasury ETF,5,60,14,24,69,1.0,10.0,0.0,0.0,9.18,16.97
96,XLU,Utilities Select Sector SPDR Fund,5,60,14,24,74,1.0,10.0,0.0,0.0,7.76,17.66
96,ACWI.O,iShares MSCI ACWI ETF,5,60,14,24,74,1.0,10.0,0.0,0.0,9.39,17.16
96,VT,Vanguard Total World Stock Index Fund;ETF,5,60,14,24,74,1.0,10.0,0.0,0.0,9.19,17.33
96,DVY.O,iShares Select Dividend ETF,5,60,14,24,74,1.0,10.0,0.0,0.0,8.85,16.78
96,VLUE.K,iShares MSCI USA Value Factor ETF,5,60,14,24,74,1.0,10.0,0.0,0.0,8.6,18.61
96,DFAC.K,Dimensional U S Core Equity 2 ETF,5,60,14,24,74,1.0,10.0,0.0,0.0,8.2,17.32
96,EFG,iShares MSCI EAFE Growth ETF,5,60,14,24,74,1.0,10.0,0.0,0.0,6.88,17.93
96,ESGD.O,iShares ESG Aware MSCI EAFE ETF,5,60,14,24,74,1.0,10.0,0.0,0.0,6.91,17.17
96,SDY,SPDR S&P Dividend ETF,5,60,14,24,74,1.0,10.0,0.0,0.0,8.75,16.49
96,AVLV.K,Avantis US Large Cap Value ETF,5,60,14,24,74,1.0,10.0,0.0,0.0,9.26,17.8
96,ICVT.K,iShares Convertible Bond ETF,5,60,14,24,74,1.0,10.0,0.0,0.0,6.6,16.08
96,IHDG.K,WisdomTree International Hedged Qual Dividend Gro,5,60,14,24,74,1.0,10.0,0.0,0.0,7.5,15.93
96,EWL,Ishares Msci Switzerland ETF,5,60,14,24,74,1.0,10.0,0.0,0.0,7.69,17.03
96,VPU,Vanguard Utilities Index Fund;ETF,5,60,14,24,74,1.0,10.0,0.0,0.0,7.9,17.53
96,KJAN.K,Innovator US Small Cap Power Buffer ETF - January,5,60,14,24,69,1.0,10.0,0.0,0.0,7.44,16.26
96,ROUS.K,Hartford Multifactor US Equity ETF,5,60,14,24,69,1.0,10.0,0.0,0.0,8.84,17.12
96,IQDG.K,WisdomTree International Quality Dividend Growth,5,60,14,24,64,1.0,10.0,0.0,0.0,6.88,17.43
96,GLOF.K,iShares Global Equity Factor ETF,5,60,14,24,64,1.0,10.0,0.0,0.0,7.66,17.64
96,VALQ.K,American Century US Quality Value ETF,5,60,14,24,64,1.0,10.0,0.0,0.0,7.11,18.57
96,DGT,SPDR Global Dow ETF,5,60,14,24,64,1.0,10.0,0.0,0.0,8.55,17.36
96,IPKW.O,Invesco International BuyBack Achievers ETF,5,60,14,24,64,1.0,10.0,0.0,0.0,6.48,17.45
96,FVC.O,First Trust Dorsey Wright Dynamic Focus 5 ETF,5,60,14,24,64,1.0,10.0,0.0,0.0,8.69,17.6
96,EASG.K,Xtrackers MSCI EAFE ESG Leaders Equity ETF,5,60,14,24,64,1.0,10.0,0.0,0.0,7.14,18.94
96,PIO.O,Invesco Global Water ETF,5,60,14,24,64,1.0,10.0,0.0,0.0,8.25,18.67
96,DGIN.K,VanEck Digital India ETF,5,60,14,24,64,1.0,10.0,0.0,0.0,8.42,18.66
96,FSZ.O,First Trust Switzerland AlphaDEX Fund,5,60,14,24,64,1.0,10.0,0.0,0.0,8.14,18.41
96,GVLU.K,Gotham 1000 Value ETF,5,60,14,24,64,1.0,10.0,0.0,0.0,8.72,18.29
96,RAYD.K,Rayliant Quantitative Developed Market Equity ETF,5,60,14,24,64,1.0,10.0,0.0,0.0,8.75,16.45
96,IVRA.K,Invesco Real Assets ESG ETF,5,60,14,24,64,1.0,10.0,0.0,0.0,7.68,17.81
96,TSLH.K,Innovator Hedged TSLA Strategy ETF,5,60,14,24,64,1.0,10.0,0.0,0.0,7.61,18.42
96,CBLS.K,Clough Hedged Equity ETF,5,60,14,24,64,1.0,10.0,0.0,0.0,8.19,16.06
96,FLSW.K,Franklin FTSE Switzerland ETF,5,60,14,24,64,1.0,10.0,0.0,0.0,7.11,17.35
96,KLDW.K,Knowledge Leaders Developed World ETF,5,60,14,24,64,1.0,10.0,0.0,0.0,8.21,16.78
96,PSCU.O,Invesco S&P SmallCap Utilities & Comm Svcs,5,60,14,24,64,1.0,10.0,0.0,0.0,6.82,18.04
96,CEFA.O,Global X S&P Catholic Values Developed ex-US ETF,5,60,14,24,64,1.0,10.0,0.0,0.0,6.9,16.61
96,FBOT.O,Fidelity Disruptive Automation ETF,5,60,14,24,64,1.0,10.0,0.0,0.0,6.88,16.49
96,IDHQ.K,Invesco S&P Internatnl Developed Quality ETF,5,60,14,24,64,1.0,10.0,0.0,0.0,7.24,18.46
96,DDIV.O,First Trust Dorsey Wright Momentum & Dividend ETF,5,60,14,24,64,1.0,10.0,0.0,0.0,6.92,18.71
96,STXK.K,Strive Small Cap ETF,5,60,14,24,64,1.0,10.0,0.0,0.0,8.6,18.65
96,SPGM.K,SPDR Portfolio MSCI Global Stock Market ETF,5,60,14,24,64,1.0,10.0,0.0,0.0,9.21,17.65
96,NULV.K,Nuveen ESG Large-Cap Value ETF,5,60,14,24,64,1.0,10.0,0.0,0.0,7.25,17.78
96,XMLV.K,Invesco S&P MidCap Low Volatility ETF,5,60,14,24,64,1.0,10.0,0.0,0.0,8.42,16.26
96,REGL.K,ProShares S&P MidCap 400 Dividend Aristocrats ETF,5,60,14,24,64,1.0,10.0,0.0,0.0,8.27,18.41
96,EWJV.O,iShares MSCI Japan Value ETF,5,60,14,24,64,1.0,10.0,0.0,0.0,7.14,17.83
96,DMXF.O,iShares ESG Advanced MSCI EAFE ETF,5,60,14,24,64,1.0,10.0,0.0,0.0,8.92,17.13
96,ROUS.K,Hartford Multifactor US Equity ETF,5,60,14,24,64,1.0,10.0,0.0,0.0,8.84,17.12
96,EQAL.K,Invesco Russell 1000 Equal Weight ETF,5,60,14,24,64,1.0,10.0,0.0,0.0,7.96,18.98
96,KJAN.K,Innovator US Small Cap Power Buffer ETF - January,5,60,14,24,64,1.0,10.0,0.0,0.0,7.44,16.26
96,SMMV.K,iShares MSCI USA Small-Cap Min Vol Factor ETF,5,60,14,24,64,1.0,10.0,0.0,0.0,6.93,16.34
96,QYLG.O,Global X Nasdaq 100 Covered Call & Growth ETF,5,60,14,24,64,1.0,10.0,0.0,0.0,6.66,18.14
96,WTV,WisdomTree US Value Fund,5,60,14,24,64,1.0,10.0,0.0,0.0,7.11,18.31
96,JIG,JPMorgan International Growth ETF,5,60,14,24,64,1.0,10.0,0.0,0.0,7.83,19.01
96,CRBN.K,iShares MSCI ACWI Low Carbon Target ETF,5,60,14,24,64,1.0,10.0,0.0,0.0,8.75,16.71
96,XDQQ.K,Innovator Growth Accelerated ETF - Quarterly,5,60,14,24,64,1.0,10.0,0.0,0.0,8.26,19.4
96,DJD,Invesco Dow Jones Industrial Average Div ETF,5,60,14,24,64,1.0,10.0,0.0,0.0,8.96,17.31
96,SDG.O,iShares MSCI Global Sustainable Development Goals,5,60,14,24,64,1.0,10.0,0.0,0.0,7.1,16.69
96,EBLU.K,Ecofin Global Water ESG Fund,5,60,14,24,64,1.0,10.0,0.0,0.0,9.46,17.33
96,RVER.K,Trenchless Fund ETF,5,60,14,24,64,1.0,10.0,0.0,0.0,6.94,18.05
96,DMXF.O,iShares ESG Advanced MSCI EAFE ETF,5,60,14,24,69,1.0,10.0,0.0,0.0,8.92,17.13
96,ESGD.O,iShares ESG Aware MSCI EAFE ETF,5,60,14,24,69,1.0,10.0,0.0,0.0,6.91,17.17
96,AVLV.K,Avantis US Large Cap Value ETF,5,60,14,24,69,1.0,10.0,0.0,0.0,9.26,17.8
96,ICVT.K,iShares Convertible Bond ETF,5,60,14,24,69,1.0,10.0,0.0,0.0,6.6,16.08
96,IHDG.K,WisdomTree International Hedged Qual Dividend Gro,5,60,14,24,69,1.0,10.0,0.0,0.0,7.5,15.93
96,EWL,Ishares Msci Switzerland ETF,5,60,14,24,69,1.0,10.0,0.0,0.0,7.69,17.03
96,VPU,Vanguard Utilities Index Fund;ETF,5,60,14,24,69,1.0,10.0,0.0,0.0,7.9,17.53
96,VIGI.O,Vanguard Intl Dividend Appreciation Index Fund;ETF,5,60,14,24,69,1.0,10.0,0.0,0.0,7.08,16.24
96,FUTY.K,Fidelity MSCI Utilities Index ETF,5,60,14,24,69,1.0,10.0,0.0,0.0,7.2,18.7
96,FXU,First Trust Utilities AlphaDEX Fund,5,60,14,24,69,1.0,10.0,0.0,0.0,7.29,17.3
96,DFUV.K,DFA Dimensional US Marketwide Value ETF,5,60,14,24,69,1.0,10.0,0.0,0.0,8.68,16.62
96,PEY.O,Invesco High Yield Equity Dividend Achvrs ETF,5,60,14,24,69,1.0,10.0,0.0,0.0,8.13,17.46
96,SDOG.K,ALPS Sector Dividend Dogs ETF,5,60,14,24,69,1.0,10.0,0.0,0.0,7.9,18.15
96,IQDG.K,WisdomTree International Quality Dividend Growth,5,60,14,24,69,1.0,10.0,0.0,0.0,6.88,17.43
96,SPGM.K,SPDR Portfolio MSCI Global Stock Market ETF,5,60,14,24,69,1.0,10.0,0.0,0.0,9.21,17.65
96,NULV.K,Nuveen ESG Large-Cap Value ETF,5,60,14,24,69,1.0,10.0,0.0,0.0,7.25,17.78
96,XMLV.K,Invesco S&P MidCap Low Volatility ETF,5,60,14,24,69,1.0,10.0,0.0,0.0,8.42,16.26
96,REGL.K,ProShares S&P MidCap 400 Dividend Aristocrats ETF,5,60,14,24,69,1.0,10.0,0.0,0.0,8.27,18.41
96,EWJV.O,iShares MSCI Japan Value ETF,5,60,14,24,69,1.0,10.0,0.0,0.0,7.14,17.83
96,SDY,SPDR S&P Dividend ETF,5,60,14,24,69,1.0,10.0,0.0,0.0,8.75,16.49
96,EFG,iShares MSCI EAFE Growth ETF,5,60,14,24,69,1.0,10.0,0.0,0.0,6.88,17.93
96,DIEM.K,Franklin Emerging Market Core Dividend Tilt Ix ETF,5,60,14,24,64,1.0,10.0,0.0,0.0,8.45,16.01
96,DFAC.K,Dimensional U S Core Equity 2 ETF,5,60,14,24,69,1.0,10.0,0.0,0.0,8.2,17.32
96,ECLN.K,First Trust EIP Carbon Impact ETF,5,60,14,24,64,1.0,10.0,0.0,0.0,6.8,18.77
96,PUI.O,Invesco Dorsey Wright Utilities Momentum ETF,5,60,14,24,64,1.0,10.0,0.0,0.0,8.12,17.8
96,FMCX.K,FM Focus Equity ETF,5,60,14,24,64,1.0,10.0,0.0,0.0,8.06,17.02
96,XRLV.K,Invesco S&P 500 ex-Rate Sensitive LV ETF,5,60,14,24,64,1.0,10.0,0.0,0.0,8.91,16.04
96,KEM,KraneShares Dynamic Emerging Markets Strategy ETF,5,60,14,24,64,1.0,10.0,0.0,0.0,7.02,16.43
96,DFND.K,Siren DIVCON Dividend Defender ETF,5,60,14,24,64,1.0,10.0,0.0,0.0,7.37,16.75
96,HLGE.K,Hartford Longevity Economy ETF,5,60,14,24,64,1.0,10.0,0.0,0.0,7.52,16.4
96,EMSF.K,Matthews Emerging Markets Sustainable Ftr Actv ETF,5,60,14,24,64,1.0,10.0,0.0,0.0,8.49,18.29
96,JPSV.K,JPMorgan Active Small Cap Value ETF,5,60,14,24,64,1.0,10.0,0.0,0.0,7.51,16.6
96,WCEO.K,Hypatia Women CEO ETF,5,60,14,24,64,1.0,10.0,0.0,0.0,8.39,16.8
96,PCCE.K,Polen Capital China Growth ETF,5,60,14,24,64,1.0,10.0,0.0,0.0,7.06,18.69
96,IBGK.O,iShares iBonds Dec 2054 Term Treasury ETF,5,60,14,24,64,1.0,10.0,0.0,0.0,9.18,16.97
96,XLU,Utilities Select Sector SPDR Fund,5,60,14,24,69,1.0,10.0,0.0,0.0,7.76,17.66
96,ACWI.O,iShares MSCI ACWI ETF,5,60,14,24,69,1.0,10.0,0.0,0.0,9.39,17.16
96,VT,Vanguard Total World Stock Index Fund;ETF,5,60,14,24,69,1.0,10.0,0.0,0.0,9.19,17.33
96,DVY.O,iShares Select Dividend ETF,5,60,14,24,69,1.0,10.0,0.0,0.0,8.85,16.78
96,VLUE.K,iShares MSCI USA Value Factor ETF,5,60,14,24,69,1.0,10.0,0.0,0.0,8.6,18.61
96,PCCE.K,Polen Capital China Growth ETF,5,120,14,24,64,1.0,10.0,0.0,0.0,7.06,18.69
96,XLU,Utilities Select Sector SPDR Fund,5,120,14,24,69,1.0,10.0,0.0,0.0,7.76,17.66
96,PCCE.K,Polen Capital China Growth ETF,5,120,14,29,79,1.0,10.0,0.0,0.0,7.06,18.69
96,VT,Vanguard Total World Stock Index Fund;ETF,5,120,14,29,69,1.0,10.0,0.0,0.0,9.19,17.33
96,HLGE.K,Hartford Longevity Economy ETF,5,120,14,29,64,1.0,10.0,0.0,0.0,7.52,16.4
96,EMSF.K,Matthews Emerging Markets Sustainable Ftr Actv ETF,5,120,14,29,64,1.0,10.0,0.0,0.0,8.49,18.29
96,JPSV.K,JPMorgan Active Small Cap Value ETF,5,120,14,29,64,1.0,10.0,0.0,0.0,7.51,16.6
96,WCEO.K,Hypatia Women CEO ETF,5,120,14,29,64,1.0,10.0,0.0,0.0,8.39,16.8
96,PCCE.K,Polen Capital China Growth ETF,5,120,14,29,64,1.0,10.0,0.0,0.0,7.06,18.69
96,IBGK.O,iShares iBonds Dec 2054 Term Treasury ETF,5,120,14,29,64,1.0,10.0,0.0,0.0,9.18,16.97
96,XLU,Utilities Select Sector SPDR Fund,5,120,14,29,69,1.0,10.0,0.0,0.0,7.76,17.66
96,ACWI.O,iShares MSCI ACWI ETF,5,120,14,29,69,1.0,10.0,0.0,0.0,9.39,17.16
96,DVY.O,iShares Select Dividend ETF,5,120,14,29,69,1.0,10.0,0.0,0.0,8.85,16.78
96,FLSW.K,Franklin FTSE Switzerland ETF,5,120,14,29,69,1.0,10.0,0.0,0.0,7.11,17.35
96,VLUE.K,iShares MSCI USA Value Factor ETF,5,120,14,29,69,1.0,10.0,0.0,0.0,8.6,18.61
96,DFAC.K,Dimensional U S Core Equity 2 ETF,5,120,14,29,69,1.0,10.0,0.0,0.0,8.2,17.32
96,EFG,iShares MSCI EAFE Growth ETF,5,120,14,29,69,1.0,10.0,0.0,0.0,6.88,17.93
96,ESGD.O,iShares ESG Aware MSCI EAFE ETF,5,120,14,29,69,1.0,10.0,0.0,0.0,6.91,17.17
96,SDY,SPDR S&P Dividend ETF,5,120,14,29,69,1.0,10.0,0.0,0.0,8.75,16.49
96,AVLV.K,Avantis US Large Cap Value ETF,5,120,14,29,69,1.0,10.0,0.0,0.0,9.26,17.8
96,ICVT.K,iShares Convertible Bond ETF,5,120,14,29,69,1.0,10.0,0.0,0.0,6.6,16.08
96,IHDG.K,WisdomTree International Hedged Qual Dividend Gro,5,120,14,29,69,1.0,10.0,0.0,0.0,7.5,15.93
96,DFND.K,Siren DIVCON Dividend Defender ETF,5,120,14,29,64,1.0,10.0,0.0,0.0,7.37,16.75
96,KEM,KraneShares Dynamic Emerging Markets Strategy ETF,5,120,14,29,64,1.0,10.0,0.0,0.0,7.02,16.43
96,XRLV.K,Invesco S&P 500 ex-Rate Sensitive LV ETF,5,120,14,29,64,1.0,10.0,0.0,0.0,8.91,16.04
96,FMCX.K,FM Focus Equity ETF,5,120,14,29,64,1.0,10.0,0.0,0.0,8.06,17.02
96,DGIN.K,VanEck Digital India ETF,5,120,14,29,64,1.0,10.0,0.0,0.0,8.42,18.66
96,FSZ.O,First Trust Switzerland AlphaDEX Fund,5,120,14,29,64,1.0,10.0,0.0,0.0,8.14,18.41
96,GVLU.K,Gotham 1000 Value ETF,5,120,14,29,64,1.0,10.0,0.0,0.0,8.72,18.29
96,RAYD.K,Rayliant Quantitative Developed Market Equity ETF,5,120,14,29,64,1.0,10.0,0.0,0.0,8.75,16.45
96,IVRA.K,Invesco Real Assets ESG ETF,5,120,14,29,64,1.0,10.0,0.0,0.0,7.68,17.81
96,TSLH.K,Innovator Hedged TSLA Strategy ETF,5,120,14,29,64,1.0,10.0,0.0,0.0,7.61,18.42
96,CBLS.K,Clough Hedged Equity ETF,5,120,14,29,64,1.0,10.0,0.0,0.0,8.19,16.06
96,FLSW.K,Franklin FTSE Switzerland ETF,5,120,14,29,64,1.0,10.0,0.0,0.0,7.11,17.35
96,KLDW.K,Knowledge Leaders Developed World ETF,5,120,14,29,64,1.0,10.0,0.0,0.0,8.21,16.78
96,PSCU.O,Invesco S&P SmallCap Utilities & Comm Svcs,5,120,14,29,64,1.0,10.0,0.0,0.0,6.82,18.04
96,CEFA.O,Global X S&P Catholic Values Developed ex-US ETF,5,120,14,29,64,1.0,10.0,0.0,0.0,6.9,16.61
96,EBLU.K,Ecofin Global Water ESG Fund,5,120,14,29,64,1.0,10.0,0.0,0.0,9.46,17.33
96,DDIV.O,First Trust Dorsey Wright Momentum & Dividend ETF,5,120,14,29,64,1.0,10.0,0.0,0.0,6.92,18.71
96,RVER.K,Trenchless Fund ETF,5,120,14,29,64,1.0,10.0,0.0,0.0,6.94,18.05
96,DIEM.K,Franklin Emerging Market Core Dividend Tilt Ix ETF,5,120,14,29,64,1.0,10.0,0.0,0.0,8.45,16.01
96,ECLN.K,First Trust EIP Carbon Impact ETF,5,120,14,29,64,1.0,10.0,0.0,0.0,6.8,18.77
96,PUI.O,Invesco Dorsey Wright Utilities Momentum ETF,5,120,14,29,64,1.0,10.0,0.0,0.0,8.12,17.8
96,EWL,Ishares Msci Switzerland ETF,5,120,14,29,69,1.0,10.0,0.0,0.0,7.69,17.03
96,VPU,Vanguard Utilities Index Fund;ETF,5,120,14,29,69,1.0,10.0,0.0,0.0,7.9,17.53
96,VIGI.O,Vanguard Intl Dividend Appreciation Index Fund;ETF,5,120,14,29,69,1.0,10.0,0.0,0.0,7.08,16.24
96,XDQQ.K,Innovator Growth Accelerated ETF - Quarterly,5,120,14,29,69,1.0,10.0,0.0,0.0,8.26,19.4
96,SDG.O,iShares MSCI Global Sustainable Development Goals,5,120,14,29,69,1.0,10.0,0.0,0.0,7.1,16.69
96,STXK.K,Strive Small Cap ETF,5,120,14,29,69,1.0,10.0,0.0,0.0,8.6,18.65
96,IDHQ.K,Invesco S&P Internatnl Developed Quality ETF,5,120,14,29,69,1.0,10.0,0.0,0.0,7.24,18.46
96,GLOF.K,iShares Global Equity Factor ETF,5,120,14,29,69,1.0,10.0,0.0,0.0,7.66,17.64
96,FBOT.O,Fidelity Disruptive Automation ETF,5,120,14,29,69,1.0,10.0,0.0,0.0,6.88,16.49
96,VALQ.K,American Century US Quality Value ETF,5,120,14,29,69,1.0,10.0,0.0,0.0,7.11,18.57
96,DGT,SPDR Global Dow ETF,5,120,14,29,69,1.0,10.0,0.0,0.0,8.55,17.36
96,IPKW.O,Invesco International BuyBack Achievers ETF,5,120,14,29,69,1.0,10.0,0.0,0.0,6.48,17.45
96,FVC.O,First Trust Dorsey Wright Dynamic Focus 5 ETF,5,120,14,29,69,1.0,10.0,0.0,0.0,8.69,17.6
96,EASG.K,Xtrackers MSCI EAFE ESG Leaders Equity ETF,5,120,14,29,69,1.0,10.0,0.0,0.0,7.14,18.94
96,PIO.O,Invesco Global Water ETF,5,120,14,29,69,1.0,10.0,0.0,0.0,8.25,18.67
96,DGIN.K,VanEck Digital India ETF,5,120,14,29,69,1.0,10.0,0.0,0.0,8.42,18.66
96,FSZ.O,First Trust Switzerland AlphaDEX Fund,5,120,14,29,69,1.0,10.0,0.0,0.0,8.14,18.41
96,GVLU.K,Gotham 1000 Value ETF,5,120,14,29,69,1.0,10.0,0.0,0.0,8.72,18.29
96,RAYD.K,Rayliant Quantitative Developed Market Equity ETF,5,120,14,29,69,1.0,10.0,0.0,0.0,8.75,16.45
96,IVRA.K,Invesco Real Assets ESG ETF,5,120,14,29,69,1.0,10.0,0.0,0.0,7.68,17.81
96,TSLH.K,Innovator Hedged TSLA Strategy ETF,5,120,14,29,69,1.0,10.0,0.0,0.0,7.61,18.42
96,DJD,Invesco Dow Jones Industrial Average Div ETF,5,120,14,29,69,1.0,10.0,0.0,0.0,8.96,17.31
96,CRBN.K,iShares MSCI ACWI Low Carbon Target ETF,5,120,14,29,69,1.0,10.0,0.0,0.0,8.75,16.71
96,FUTY.K,Fidelity MSCI Utilities Index ETF,5,120,14,29,69,1.0,10.0,0.0,0.0,7.2,18.7
96,JIG,JPMorgan International Growth ETF,5,120,14,29,69,1.0,10.0,0.0,0.0,7.83,19.01
96,FXU,First Trust Utilities AlphaDEX Fund,5,120,14,29,69,1.0,10.0,0.0,0.0,7.29,17.3
96,DFUV.K,DFA Dimensional US Marketwide Value ETF,5,120,14,29,69,1.0,10.0,0.0,0.0,8.68,16.62
96,PEY.O,Invesco High Yield Equity Dividend Achvrs ETF,5,120,14,29,69,1.0,10.0,0.0,0.0,8.13,17.46
96,SDOG.K,ALPS Sector Dividend Dogs ETF,5,120,14,29,69,1.0,10.0,0.0,0.0,7.9,18.15
96,IQDG.K,WisdomTree International Quality Dividend Growth,5,120,14,29,69,1.0,10.0,0.0,0.0,6.88,17.43
96,SPGM.K,SPDR Portfolio MSCI Global Stock Market ETF,5,120,14,29,69,1.0,10.0,0.0,0.0,9.21,17.65
96,NULV.K,Nuveen ESG Large-Cap Value ETF,5,120,14,29,69,1.0,10.0,0.0,0.0,7.25,17.78
96,XMLV.K,Invesco S&P MidCap Low Volatility ETF,5,120,14,29,69,1.0,10.0,0.0,0.0,8.42,16.26
96,REGL.K,ProShares S&P MidCap 400 Dividend Aristocrats ETF,5,120,14,29,69,1.0,10.0,0.0,0.0,8.27,18.41
96,EWJV.O,iShares MSCI Japan Value ETF,5,120,14,29,69,1.0,10.0,0.0,0.0,7.14,17.83
96,DMXF.O,iShares ESG Advanced MSCI EAFE ETF,5,120,14,29,69,1.0,10.0,0.0,0.0,8.92,17.13
96,ROUS.K,Hartford Multifactor US Equity ETF,5,120,14,29,69,1.0,10.0,0.0,0.0,8.84,17.12
96,EQAL.K,Invesco Russell 1000 Equal Weight ETF,5,120,14,29,69,1.0,10.0,0.0,0.0,7.96,18.98
96,KJAN.K,Innovator US Small Cap Power Buffer ETF - January,5,120,14,29,69,1.0,10.0,0.0,0.0,7.44,16.26
96,SMMV.K,iShares MSCI USA Small-Cap Min Vol Factor ETF,5,120,14,29,69,1.0,10.0,0.0,0.0,6.93,16.34
96,QYLG.O,Global X Nasdaq 100 Covered Call & Growth ETF,5,120,14,29,69,1.0,10.0,0.0,0.0,6.66,18.14
96,WTV,WisdomTree US Value Fund,5,120,14,29,69,1.0,10.0,0.0,0.0,7.11,18.31
96,PIO.O,Invesco Global Water ETF,5,120,14,29,64,1.0,10.0,0.0,0.0,8.25,18.67
96,EASG.K,Xtrackers MSCI EAFE ESG Leaders Equity ETF,5,120,14,29,64,1.0,10.0,0.0,0.0,7.14,18.94
96,FVC.O,First Trust Dorsey Wright Dynamic Focus 5 ETF,5,120,14,29,64,1.0,10.0,0.0,0.0,8.69,17.6
96,CEFA.O,Global X S&P Catholic Values Developed ex-US ETF,5,120,14,29,59,1.0,10.0,0.0,0.0,6.9,16.61
96,DDIV.O,First Trust Dorsey Wright Momentum & Dividend ETF,5,120,14,29,59,1.0,10.0,0.0,0.0,6.92,18.71
96,RVER.K,Trenchless Fund ETF,5,120,14,29,59,1.0,10.0,0.0,0.0,6.94,18.05
96,DIEM.K,Franklin Emerging Market Core Dividend Tilt Ix ETF,5,120,14,29,59,1.0,10.0,0.0,0.0,8.45,16.01
96,ECLN.K,First Trust EIP Carbon Impact ETF,5,120,14,29,59,1.0,10.0,0.0,0.0,6.8,18.77
96,PUI.O,Invesco Dorsey Wright Utilities Momentum ETF,5,120,14,29,59,1.0,10.0,0.0,0.0,8.12,17.8
96,FMCX.K,FM Focus Equity ETF,5,120,14,29,59,1.0,10.0,0.0,0.0,8.06,17.02
96,XRLV.K,Invesco S&P 500 ex-Rate Sensitive LV ETF,5,120,14,29,59,1.0,10.0,0.0,0.0,8.91,16.04
96,KEM,KraneShares Dynamic Emerging Markets Strategy ETF,5,120,14,29,59,1.0,10.0,0.0,0.0,7.02,16.43
96,DFND.K,Siren DIVCON Dividend Defender ETF,5,120,14,29,59,1.0,10.0,0.0,0.0,7.37,16.75
96,HLGE.K,Hartford Longevity Economy ETF,5,120,14,29,59,1.0,10.0,0.0,0.0,7.52,16.4
96,EMSF.K,Matthews Emerging Markets Sustainable Ftr Actv ETF,5,120,14,29,59,1.0,10.0,0.0,0.0,8.49,18.29
96,JPSV.K,JPMorgan Active Small Cap Value ETF,5,120,14,29,59,1.0,10.0,0.0,0.0,7.51,16.6
96,WCEO.K,Hypatia Women CEO ETF,5,120,14,29,59,1.0,10.0,0.0,0.0,8.39,16.8
96,PCCE.K,Polen Capital China Growth ETF,5,120,14,29,59,1.0,10.0,0.0,0.0,7.06,18.69
96,IBGK.O,iShares iBonds Dec 2054 Term Treasury ETF,5,120,14,29,59,1.0,10.0,0.0,0.0,9.18,16.97
96,XLU,Utilities Select Sector SPDR Fund,5,120,14,29,64,1.0,10.0,0.0,0.0,7.76,17.66
96,ACWI.O,iShares MSCI ACWI ETF,5,120,14,29,64,1.0,10.0,0.0,0.0,9.39,17.16
96,EBLU.K,Ecofin Global Water ESG Fund,5,120,14,29,59,1.0,10.0,0.0,0.0,9.46,17.33
96,PSCU.O,Invesco S&P SmallCap Utilities & Comm Svcs,5,120,14,29,59,1.0,10.0,0.0,0.0,6.82,18.04
96,DVY.O,iShares Select Dividend ETF,5,120,14,29,64,1.0,10.0,0.0,0.0,8.85,16.78
96,KLDW.K,Knowledge Leaders Developed World ETF,5,120,14,29,59,1.0,10.0,0.0,0.0,8.21,16.78
96,IDHQ.K,Invesco S&P Internatnl Developed Quality ETF,5,120,14,29,59,1.0,10.0,0.0,0.0,7.24,18.46
96,GLOF.K,iShares Global Equity Factor ETF,5,120,14,29,59,1.0,10.0,0.0,0.0,7.66,17.64
96,FBOT.O,Fidelity Disruptive Automation ETF,5,120,14,29,59,1.0,10.0,0.0,0.0,6.88,16.49
96,VALQ.K,American Century US Quality Value ETF,5,120,14,29,59,1.0,10.0,0.0,0.0,7.11,18.57
96,DGT,SPDR Global Dow ETF,5,120,14,29,59,1.0,10.0,0.0,0.0,8.55,17.36
96,IPKW.O,Invesco International BuyBack Achievers ETF,5,120,14,29,59,1.0,10.0,0.0,0.0,6.48,17.45
96,FVC.O,First Trust Dorsey Wright Dynamic Focus 5 ETF,5,120,14,29,59,1.0,10.0,0.0,0.0,8.69,17.6
96,EASG.K,Xtrackers MSCI EAFE ESG Leaders Equity ETF,5,120,14,29,59,1.0,10.0,0.0,0.0,7.14,18.94
96,PIO.O,Invesco Global Water ETF,5,120,14,29,59,1.0,10.0,0.0,0.0,8.25,18.67
96,DGIN.K,VanEck Digital India ETF,5,120,14,29,59,1.0,10.0,0.0,0.0,8.42,18.66
96,FSZ.O,First Trust Switzerland AlphaDEX Fund,5,120,14,29,59,1.0,10.0,0.0,0.0,8.14,18.41
96,GVLU.K,Gotham 1000 Value ETF,5,120,14,29,59,1.0,10.0,0.0,0.0,8.72,18.29
96,RAYD.K,Rayliant Quantitative Developed Market Equity ETF,5,120,14,29,59,1.0,10.0,0.0,0.0,8.75,16.45
96,IVRA.K,Invesco Real Assets ESG ETF,5,120,14,29,59,1.0,10.0,0.0,0.0,7.68,17.81
96,TSLH.K,Innovator Hedged TSLA Strategy ETF,5,120,14,29,59,1.0,10.0,0.0,0.0,7.61,18.42
96,CBLS.K,Clough Hedged Equity ETF,5,120,14,29,59,1.0,10.0,0.0,0.0,8.19,16.06
96,FLSW.K,Franklin FTSE Switzerland ETF,5,120,14,29,59,1.0,10.0,0.0,0.0,7.11,17.35
96,VT,Vanguard Total World Stock Index Fund;ETF,5,120,14,29,64,1.0,10.0,0.0,0.0,9.19,17.33
96,VLUE.K,iShares MSCI USA Value Factor ETF,5,120,14,29,64,1.0,10.0,0.0,0.0,8.6,18.61
96,IPKW.O,Invesco International BuyBack Achievers ETF,5,120,14,29,64,1.0,10.0,0.0,0.0,6.48,17.45
96,EWJV.O,iShares MSCI Japan Value ETF,5,120,14,29,64,1.0,10.0,0.0,0.0,7.14,17.83
96,ROUS.K,Hartford Multifactor US Equity ETF,5,120,14,29,64,1.0,10.0,0.0,0.0,8.84,17.12
96,EQAL.K,Invesco Russell 1000 Equal Weight ETF,5,120,14,29,64,1.0,10.0,0.0,0.0,7.96,18.98
96,KJAN.K,Innovator US Small Cap Power Buffer ETF - January,5,120,14,29,64,1.0,10.0,0.0,0.0,7.44,16.26
96,SMMV.K,iShares MSCI USA Small-Cap Min Vol Factor ETF,5,120,14,29,64,1.0,10.0,0.0,0.0,6.93,16.34
96,QYLG.O,Global X Nasdaq 100 Covered Call & Growth ETF,5,120,14,29,64,1.0,10.0,0.0,0.0,6.66,18.14
96,WTV,WisdomTree US Value Fund,5,120,14,29,64,1.0,10.0,0.0,0.0,7.11,18.31
96,JIG,JPMorgan International Growth ETF,5,120,14,29,64,1.0,10.0,0.0,0.0,7.83,19.01
96,CRBN.K,iShares MSCI ACWI Low Carbon Target ETF,5,120,14,29,64,1.0,10.0,0.0,0.0,8.75,16.71
96,XDQQ.K,Innovator Growth Accelerated ETF - Quarterly,5,120,14,29,64,1.0,10.0,0.0,0.0,8.26,19.4
96,DJD,Invesco Dow Jones Industrial Average Div ETF,5,120,14,29,64,1.0,10.0,0.0,0.0,8.96,17.31
96,SDG.O,iShares MSCI Global Sustainable Development Goals,5,120,14,29,64,1.0,10.0,0.0,0.0,7.1,16.69
96,STXK.K,Strive Small Cap ETF,5,120,14,29,64,1.0,10.0,0.0,0.0,8.6,18.65
96,IDHQ.K,Invesco S&P Internatnl Developed Quality ETF,5,120,14,29,64,1.0,10.0,0.0,0.0,7.24,18.46
96,GLOF.K,iShares Global Equity Factor ETF,5,120,14,29,64,1.0,10.0,0.0,0.0,7.66,17.64
96,FBOT.O,Fidelity Disruptive Automation ETF,5,120,14,29,64,1.0,10.0,0.0,0.0,6.88,16.49
96,VALQ.K,American Century US Quality Value ETF,5,120,14,29,64,1.0,10.0,0.0,0.0,7.11,18.57
96,DGT,SPDR Global Dow ETF,5,120,14,29,64,1.0,10.0,0.0,0.0,8.55,17.36
96,DMXF.O,iShares ESG Advanced MSCI EAFE ETF,5,120,14,29,64,1.0,10.0,0.0,0.0,8.92,17.13
96,REGL.K,ProShares S&P MidCap 400 Dividend Aristocrats ETF,5,120,14,29,64,1.0,10.0,0.0,0.0,8.27,18.41
96,DFAC.K,Dimensional U S Core Equity 2 ETF,5,120,14,29,64,1.0,10.0,0.0,0.0,8.2,17.32
96,XMLV.K,Invesco S&P MidCap Low Volatility ETF,5,120,14,29,64,1.0,10.0,0.0,0.0,8.42,16.26
96,EFG,iShares MSCI EAFE Growth ETF,5,120,14,29,64,1.0,10.0,0.0,0.0,6.88,17.93
96,ESGD.O,iShares ESG Aware MSCI EAFE ETF,5,120,14,29,64,1.0,10.0,0.0,0.0,6.91,17.17
96,SDY,SPDR S&P Dividend ETF,5,120,14,29,64,1.0,10.0,0.0,0.0,8.75,16.49
96,AVLV.K,Avantis US Large Cap Value ETF,5,120,14,29,64,1.0,10.0,0.0,0.0,9.26,17.8
96,ICVT.K,iShares Convertible Bond ETF,5,120,14,29,64,1.0,10.0,0.0,0.0,6.6,16.08
96,IHDG.K,WisdomTree International Hedged Qual Dividend Gro,5,120,14,29,64,1.0,10.0,0.0,0.0,7.5,15.93
96,EWL,Ishares Msci Switzerland ETF,5,120,14,29,64,1.0,10.0,0.0,0.0,7.69,17.03
96,VPU,Vanguard Utilities Index Fund;ETF,5,120,14,29,64,1.0,10.0,0.0,0.0,7.9,17.53
96,VIGI.O,Vanguard Intl Dividend Appreciation Index Fund;ETF,5,120,14,29,64,1.0,10.0,0.0,0.0,7.08,16.24
96,FUTY.K,Fidelity MSCI Utilities Index ETF,5,120,14,29,64,1.0,10.0,0.0,0.0,7.2,18.7
96,FXU,First Trust Utilities AlphaDEX Fund,5,120,14,29,64,1.0,10.0,0.0,0.0,7.29,17.3
96,DFUV.K,DFA Dimensional US Marketwide Value ETF,5,120,14,29,64,1.0,10.0,0.0,0.0,8.68,16.62
96,PEY.O,Invesco High Yield Equity Dividend Achvrs ETF,5,120,14,29,64,1.0,10.0,0.0,0.0,8.13,17.46
96,SDOG.K,ALPS Sector Dividend Dogs ETF,5,120,14,29,64,1.0,10.0,0.0,0.0,7.9,18.15
96,IQDG.K,WisdomTree International Quality Dividend Growth,5,120,14,29,64,1.0,10.0,0.0,0.0,6.88,17.43
96,SPGM.K,SPDR Portfolio MSCI Global Stock Market ETF,5,120,14,29,64,1.0,10.0,0.0,0.0,9.21,17.65
96,NULV.K,Nuveen ESG Large-Cap Value ETF,5,120,14,29,64,1.0,10.0,0.0,0.0,7.25,17.78
96,CBLS.K,Clough Hedged Equity ETF,5,120,14,29,69,1.0,10.0,0.0,0.0,8.19,16.06
96,KLDW.K,Knowledge Leaders Developed World ETF,5,120,14,29,69,1.0,10.0,0.0,0.0,8.21,16.78
96,ACWI.O,iShares MSCI ACWI ETF,5,120,14,24,69,1.0,10.0,0.0,0.0,9.39,17.16
96,SPGM.K,SPDR Portfolio MSCI Global Stock Market ETF,5,120,14,29,79,1.0,10.0,0.0,0.0,9.21,17.65
96,VPU,Vanguard Utilities Index Fund;ETF,5,120,14,29,79,1.0,10.0,0.0,0.0,7.9,17.53
96,VIGI.O,Vanguard Intl Dividend Appreciation Index Fund;ETF,5,120,14,29,79,1.0,10.0,0.0,0.0,7.08,16.24
96,FUTY.K,Fidelity MSCI Utilities Index ETF,5,120,14,29,79,1.0,10.0,0.0,0.0,7.2,18.7
96,FXU,First Trust Utilities AlphaDEX Fund,5,120,14,29,79,1.0,10.0,0.0,0.0,7.29,17.3
96,DFUV.K,DFA Dimensional US Marketwide Value ETF,5,120,14,29,79,1.0,10.0,0.0,0.0,8.68,16.62
96,PEY.O,Invesco High Yield Equity Dividend Achvrs ETF,5,120,14,29,79,1.0,10.0,0.0,0.0,8.13,17.46
96,SDOG.K,ALPS Sector Dividend Dogs ETF,5,120,14,29,79,1.0,10.0,0.0,0.0,7.9,18.15
96,IQDG.K,WisdomTree International Quality Dividend Growth,5,120,14,29,79,1.0,10.0,0.0,0.0,6.88,17.43
96,NULV.K,Nuveen ESG Large-Cap Value ETF,5,120,14,29,79,1.0,10.0,0.0,0.0,7.25,17.78
96,PSCU.O,Invesco S&P SmallCap Utilities & Comm Svcs,5,120,14,29,69,1.0,10.0,0.0,0.0,6.82,18.04
96,XMLV.K,Invesco S&P MidCap Low Volatility ETF,5,120,14,29,79,1.0,10.0,0.0,0.0,8.42,16.26
96,REGL.K,ProShares S&P MidCap 400 Dividend Aristocrats ETF,5,120,14,29,79,1.0,10.0,0.0,0.0,8.27,18.41
96,EWJV.O,iShares MSCI Japan Value ETF,5,120,14,29,79,1.0,10.0,0.0,0.0,7.14,17.83
96,DMXF.O,iShares ESG Advanced MSCI EAFE ETF,5,120,14,29,79,1.0,10.0,0.0,0.0,8.92,17.13
96,ROUS.K,Hartford Multifactor US Equity ETF,5,120,14,29,79,1.0,10.0,0.0,0.0,8.84,17.12
96,EQAL.K,Invesco Russell 1000 Equal Weight ETF,5,120,14,29,79,1.0,10.0,0.0,0.0,7.96,18.98
96,KJAN.K,Innovator US Small Cap Power Buffer ETF - January,5,120,14,29,79,1.0,10.0,0.0,0.0,7.44,16.26
96,SMMV.K,iShares MSCI USA Small-Cap Min Vol Factor ETF,5,120,14,29,79,1.0,10.0,0.0,0.0,6.93,16.34
96,EWL,Ishares Msci Switzerland ETF,5,120,14,29,79,1.0,10.0,0.0,0.0,7.69,17.03
96,IHDG.K,WisdomTree International Hedged Qual Dividend Gro,5,120,14,29,79,1.0,10.0,0.0,0.0,7.5,15.93
96,ICVT.K,iShares Convertible Bond ETF,5,120,14,29,79,1.0,10.0,0.0,0.0,6.6,16.08
96,AVLV.K,Avantis US Large Cap Value ETF,5,120,14,29,79,1.0,10.0,0.0,0.0,9.26,17.8
96,KEM,KraneShares Dynamic Emerging Markets Strategy ETF,5,120,14,29,74,1.0,10.0,0.0,0.0,7.02,16.43
96,DFND.K,Siren DIVCON Dividend Defender ETF,5,120,14,29,74,1.0,10.0,0.0,0.0,7.37,16.75
96,HLGE.K,Hartford Longevity Economy ETF,5,120,14,29,74,1.0,10.0,0.0,0.0,7.52,16.4
96,EMSF.K,Matthews Emerging Markets Sustainable Ftr Actv ETF,5,120,14,29,74,1.0,10.0,0.0,0.0,8.49,18.29
96,JPSV.K,JPMorgan Active Small Cap Value ETF,5,120,14,29,74,1.0,10.0,0.0,0.0,7.51,16.6
96,WCEO.K,Hypatia Women CEO ETF,5,120,14,29,74,1.0,10.0,0.0,0.0,8.39,16.8
96,PCCE.K,Polen Capital China Growth ETF,5,120,14,29,74,1.0,10.0,0.0,0.0,7.06,18.69
96,IBGK.O,iShares iBonds Dec 2054 Term Treasury ETF,5,120,14,29,74,1.0,10.0,0.0,0.0,9.18,16.97
96,XLU,Utilities Select Sector SPDR Fund,5,120,14,29,79,1.0,10.0,0.0,0.0,7.76,17.66
96,ACWI.O,iShares MSCI ACWI ETF,5,120,14,29,79,1.0,10.0,0.0,0.0,9.39,17.16
96,VT,Vanguard Total World Stock Index Fund;ETF,5,120,14,29,79,1.0,10.0,0.0,0.0,9.19,17.33
96,DVY.O,iShares Select Dividend ETF,5,120,14,29,79,1.0,10.0,0.0,0.0,8.85,16.78
96,VLUE.K,iShares MSCI USA Value Factor ETF,5,120,14,29,79,1.0,10.0,0.0,0.0,8.6,18.61
96,DFAC.K,Dimensional U S Core Equity 2 ETF,5,120,14,29,79,1.0,10.0,0.0,0.0,8.2,17.32
96,EFG,iShares MSCI EAFE Growth ETF,5,120,14,29,79,1.0,10.0,0.0,0.0,6.88,17.93
96,ESGD.O,iShares ESG Aware MSCI EAFE ETF,5,120,14,29,79,1.0,10.0,0.0,0.0,6.91,17.17
96,SDY,SPDR S&P Dividend ETF,5,120,14,29,79,1.0,10.0,0.0,0.0,8.75,16.49
96,QYLG.O,Global X Nasdaq 100 Covered Call & Growth ETF,5,120,14,29,79,1.0,10.0,0.0,0.0,6.66,18.14
96,WTV,WisdomTree US Value Fund,5,120,14,29,79,1.0,10.0,0.0,0.0,7.11,18.31
96,JIG,JPMorgan International Growth ETF,5,120,14,29,79,1.0,10.0,0.0,0.0,7.83,19.01
96,CBLS.K,Clough Hedged Equity ETF,5,120,14,29,79,1.0,10.0,0.0,0.0,8.19,16.06
96,KLDW.K,Knowledge Leaders Developed World ETF,5,120,14,29,79,1.0,10.0,0.0,0.0,8.21,16.78
96,PSCU.O,Invesco S&P SmallCap Utilities & Comm Svcs,5,120,14,29,79,1.0,10.0,0.0,0.0,6.82,18.04
96,CEFA.O,Global X S&P Catholic Values Developed ex-US ETF,5,120,14,29,79,1.0,10.0,0.0,0.0,6.9,16.61
96,EBLU.K,Ecofin Global Water ESG Fund,5,120,14,29,79,1.0,10.0,0.0,0.0,9.46,17.33
96,DDIV.O,First Trust Dorsey Wright Momentum & Dividend ETF,5,120,14,29,79,1.0,10.0,0.0,0.0,6.92,18.71
96,RVER.K,Trenchless Fund ETF,5,120,14,29,79,1.0,10.0,0.0,0.0,6.94,18.05
96,DIEM.K,Franklin Emerging Market Core Dividend Tilt Ix ETF,5,120,14,29,79,1.0,10.0,0.0,0.0,8.45,16.01
96,ECLN.K,First Trust EIP Carbon Impact ETF,5,120,14,29,79,1.0,10.0,0.0,0.0,6.8,18.77
96,PUI.O,Invesco Dorsey Wright Utilities Momentum ETF,5,120,14,29,79,1.0,10.0,0.0,0.0,8.12,17.8
96,FMCX.K,FM Focus Equity ETF,5,120,14,29,79,1.0,10.0,0.0,0.0,8.06,17.02
96,XRLV.K,Invesco S&P 500 ex-Rate Sensitive LV ETF,5,120,14,29,79,1.0,10.0,0.0,0.0,8.91,16.04
96,KEM,KraneShares Dynamic Emerging Markets Strategy ETF,5,120,14,29,79,1.0,10.0,0.0,0.0,7.02,16.43
96,DFND.K,Siren DIVCON Dividend Defender ETF,5,120,14,29,79,1.0,10.0,0.0,0.0,7.37,16.75
96,HLGE.K,Hartford Longevity Economy ETF,5,120,14,29,79,1.0,10.0,0.0,0.0,7.52,16.4
96,EMSF.K,Matthews Emerging Markets Sustainable Ftr Actv ETF,5,120,14,29,79,1.0,10.0,0.0,0.0,8.49,18.29
96,JPSV.K,JPMorgan Active Small Cap Value ETF,5,120,14,29,79,1.0,10.0,0.0,0.0,7.51,16.6
96,WCEO.K,Hypatia Women CEO ETF,5,120,14,29,79,1.0,10.0,0.0,0.0,8.39,16.8
96,FLSW.K,Franklin FTSE Switzerland ETF,5,120,14,29,79,1.0,10.0,0.0,0.0,7.11,17.35
96,TSLH.K,Innovator Hedged TSLA Strategy ETF,5,120,14,29,79,1.0,10.0,0.0,0.0,7.61,18.42
96,CRBN.K,iShares MSCI ACWI Low Carbon Target ETF,5,120,14,29,79,1.0,10.0,0.0,0.0,8.75,16.71
96,IVRA.K,Invesco Real Assets ESG ETF,5,120,14,29,79,1.0,10.0,0.0,0.0,7.68,17.81
96,XDQQ.K,Innovator Growth Accelerated ETF - Quarterly,5,120,14,29,79,1.0,10.0,0.0,0.0,8.26,19.4
96,DJD,Invesco Dow Jones Industrial Average Div ETF,5,120,14,29,79,1.0,10.0,0.0,0.0,8.96,17.31
96,SDG.O,iShares MSCI Global Sustainable Development Goals,5,120,14,29,79,1.0,10.0,0.0,0.0,7.1,16.69
96,STXK.K,Strive Small Cap ETF,5,120,14,29,79,1.0,10.0,0.0,0.0,8.6,18.65
96,IDHQ.K,Invesco S&P Internatnl Developed Quality ETF,5,120,14,29,79,1.0,10.0,0.0,0.0,7.24,18.46
96,GLOF.K,iShares Global Equity Factor ETF,5,120,14,29,79,1.0,10.0,0.0,0.0,7.66,17.64
96,FBOT.O,Fidelity Disruptive Automation ETF,5,120,14,29,79,1.0,10.0,0.0,0.0,6.88,16.49
96,VALQ.K,American Century US Quality Value ETF,5,120,14,29,79,1.0,10.0,0.0,0.0,7.11,18.57
96,DGT,SPDR Global Dow ETF,5,120,14,29,79,1.0,10.0,0.0,0.0,8.55,17.36
96,IPKW.O,Invesco International BuyBack Achievers ETF,5,120,14,29,79,1.0,10.0,0.0,0.0,6.48,17.45
96,FVC.O,First Trust Dorsey Wright Dynamic Focus 5 ETF,5,120,14,29,79,1.0,10.0,0.0,0.0,8.69,17.6
96,EASG.K,Xtrackers MSCI EAFE ESG Leaders Equity ETF,5,120,14,29,79,1.0,10.0,0.0,0.0,7.14,18.94
96,PIO.O,Invesco Global Water ETF,5,120,14,29,79,1.0,10.0,0.0,0.0,8.25,18.67
96,DGIN.K,VanEck Digital India ETF,5,120,14,29,79,1.0,10.0,0.0,0.0,8.42,18.66
96,FSZ.O,First Trust Switzerland AlphaDEX Fund,5,120,14,29,79,1.0,10.0,0.0,0.0,8.14,18.41
96,GVLU.K,Gotham 1000 Value ETF,5,120,14,29,79,1.0,10.0,0.0,0.0,8.72,18.29
96,RAYD.K,Rayliant Quantitative Developed Market Equity ETF,5,120,14,29,79,1.0,10.0,0.0,0.0,8.75,16.45
96,XRLV.K,Invesco S&P 500 ex-Rate Sensitive LV ETF,5,120,14,29,74,1.0,10.0,0.0,0.0,8.91,16.04
96,FMCX.K,FM Focus Equity ETF,5,120,14,29,74,1.0,10.0,0.0,0.0,8.06,17.02
96,PUI.O,Invesco Dorsey Wright Utilities Momentum ETF,5,120,14,29,74,1.0,10.0,0.0,0.0,8.12,17.8
96,VT,Vanguard Total World Stock Index Fund;ETF,5,120,14,29,74,1.0,10.0,0.0,0.0,9.19,17.33
96,VLUE.K,iShares MSCI USA Value Factor ETF,5,120,14,29,74,1.0,10.0,0.0,0.0,8.6,18.61
96,DFAC.K,Dimensional U S Core Equity 2 ETF,5,120,14,29,74,1.0,10.0,0.0,0.0,8.2,17.32
96,EFG,iShares MSCI EAFE Growth ETF,5,120,14,29,74,1.0,10.0,0.0,0.0,6.88,17.93
96,ESGD.O,iShares ESG Aware MSCI EAFE ETF,5,120,14,29,74,1.0,10.0,0.0,0.0,6.91,17.17
96,SDY,SPDR S&P Dividend ETF,5,120,14,29,74,1.0,10.0,0.0,0.0,8.75,16.49
96,AVLV.K,Avantis US Large Cap Value ETF,5,120,14,29,74,1.0,10.0,0.0,0.0,9.26,17.8
96,ICVT.K,iShares Convertible Bond ETF,5,120,14,29,74,1.0,10.0,0.0,0.0,6.6,16.08
96,IHDG.K,WisdomTree International Hedged Qual Dividend Gro,5,120,14,29,74,1.0,10.0,0.0,0.0,7.5,15.93
96,EWL,Ishares Msci Switzerland ETF,5,120,14,29,74,1.0,10.0,0.0,0.0,7.69,17.03
96,VPU,Vanguard Utilities Index Fund;ETF,5,120,14,29,74,1.0,10.0,0.0,0.0,7.9,17.53
96,VIGI.O,Vanguard Intl Dividend Appreciation Index Fund;ETF,5,120,14,29,74,1.0,10.0,0.0,0.0,7.08,16.24
96,FUTY.K,Fidelity MSCI Utilities Index ETF,5,120,14,29,74,1.0,10.0,0.0,0.0,7.2,18.7
96,FXU,First Trust Utilities AlphaDEX Fund,5,120,14,29,74,1.0,10.0,0.0,0.0,7.29,17.3
96,DFUV.K,DFA Dimensional US Marketwide Value ETF,5,120,14,29,74,1.0,10.0,0.0,0.0,8.68,16.62
96,PEY.O,Invesco High Yield Equity Dividend Achvrs ETF,5,120,14,29,74,1.0,10.0,0.0,0.0,8.13,17.46
96,SDOG.K,ALPS Sector Dividend Dogs ETF,5,120,14,29,74,1.0,10.0,0.0,0.0,7.9,18.15
96,IQDG.K,WisdomTree International Quality Dividend Growth,5,120,14,29,74,1.0,10.0,0.0,0.0,6.88,17.43
96,DVY.O,iShares Select Dividend ETF,5,120,14,29,74,1.0,10.0,0.0,0.0,8.85,16.78
96,ACWI.O,iShares MSCI ACWI ETF,5,120,14,29,74,1.0,10.0,0.0,0.0,9.39,17.16
96,NULV.K,Nuveen ESG Large-Cap Value ETF,5,120,14,29,74,1.0,10.0,0.0,0.0,7.25,17.78
96,XLU,Utilities Select Sector SPDR Fund,5,120,14,29,74,1.0,10.0,0.0,0.0,7.76,17.66
96,CEFA.O,Global X S&P Catholic Values Developed ex-US ETF,5,120,14,29,69,1.0,10.0,0.0,0.0,6.9,16.61
96,EBLU.K,Ecofin Global Water ESG Fund,5,120,14,29,69,1.0,10.0,0.0,0.0,9.46,17.33
96,DDIV.O,First Trust Dorsey Wright Momentum & Dividend ETF,5,120,14,29,69,1.0,10.0,0.0,0.0,6.92,18.71
96,RVER.K,Trenchless Fund ETF,5,120,14,29,69,1.0,10.0,0.0,0.0,6.94,18.05
96,DIEM.K,Franklin Emerging Market Core Dividend Tilt Ix ETF,5,120,14,29,69,1.0,10.0,0.0,0.0,8.45,16.01
96,ECLN.K,First Trust EIP Carbon Impact ETF,5,120,14,29,69,1.0,10.0,0.0,0.0,6.8,18.77
96,PUI.O,Invesco Dorsey Wright Utilities Momentum ETF,5,120,14,29,69,1.0,10.0,0.0,0.0,8.12,17.8
96,FMCX.K,FM Focus Equity ETF,5,120,14,29,69,1.0,10.0,0.0,0.0,8.06,17.02
96,XRLV.K,Invesco S&P 500 ex-Rate Sensitive LV ETF,5,120,14,29,69,1.0,10.0,0.0,0.0,8.91,16.04
96,KEM,KraneShares Dynamic Emerging Markets Strategy ETF,5,120,14,29,69,1.0,10.0,0.0,0.0,7.02,16.43
96,DFND.K,Siren DIVCON Dividend Defender ETF,5,120,14,29,69,1.0,10.0,0.0,0.0,7.37,16.75
96,HLGE.K,Hartford Longevity Economy ETF,5,120,14,29,69,1.0,10.0,0.0,0.0,7.52,16.4
96,EMSF.K,Matthews Emerging Markets Sustainable Ftr Actv ETF,5,120,14,29,69,1.0,10.0,0.0,0.0,8.49,18.29
96,JPSV.K,JPMorgan Active Small Cap Value ETF,5,120,14,29,69,1.0,10.0,0.0,0.0,7.51,16.6
96,WCEO.K,Hypatia Women CEO ETF,5,120,14,29,69,1.0,10.0,0.0,0.0,8.39,16.8
96,PCCE.K,Polen Capital China Growth ETF,5,120,14,29,69,1.0,10.0,0.0,0.0,7.06,18.69
96,IBGK.O,iShares iBonds Dec 2054 Term Treasury ETF,5,120,14,29,69,1.0,10.0,0.0,0.0,9.18,16.97
96,SPGM.K,SPDR Portfolio MSCI Global Stock Market ETF,5,120,14,29,74,1.0,10.0,0.0,0.0,9.21,17.65
96,XMLV.K,Invesco S&P MidCap Low Volatility ETF,5,120,14,29,74,1.0,10.0,0.0,0.0,8.42,16.26
96,ECLN.K,First Trust EIP Carbon Impact ETF,5,120,14,29,74,1.0,10.0,0.0,0.0,6.8,18.77
96,IPKW.O,Invesco International BuyBack Achievers ETF,5,120,14,29,74,1.0,10.0,0.0,0.0,6.48,17.45
96,EASG.K,Xtrackers MSCI EAFE ESG Leaders Equity ETF,5,120,14,29,74,1.0,10.0,0.0,0.0,7.14,18.94
96,PIO.O,Invesco Global Water ETF,5,120,14,29,74,1.0,10.0,0.0,0.0,8.25,18.67
96,DGIN.K,VanEck Digital India ETF,5,120,14,29,74,1.0,10.0,0.0,0.0,8.42,18.66
96,FSZ.O,First Trust Switzerland AlphaDEX Fund,5,120,14,29,74,1.0,10.0,0.0,0.0,8.14,18.41
96,GVLU.K,Gotham 1000 Value ETF,5,120,14,29,74,1.0,10.0,0.0,0.0,8.72,18.29
96,RAYD.K,Rayliant Quantitative Developed Market Equity ETF,5,120,14,29,74,1.0,10.0,0.0,0.0,8.75,16.45
96,IVRA.K,Invesco Real Assets ESG ETF,5,120,14,29,74,1.0,10.0,0.0,0.0,7.68,17.81
96,TSLH.K,Innovator Hedged TSLA Strategy ETF,5,120,14,29,74,1.0,10.0,0.0,0.0,7.61,18.42
96,CBLS.K,Clough Hedged Equity ETF,5,120,14,29,74,1.0,10.0,0.0,0.0,8.19,16.06
96,FLSW.K,Franklin FTSE Switzerland ETF,5,120,14,29,74,1.0,10.0,0.0,0.0,7.11,17.35
96,KLDW.K,Knowledge Leaders Developed World ETF,5,120,14,29,74,1.0,10.0,0.0,0.0,8.21,16.78
96,PSCU.O,Invesco S&P SmallCap Utilities & Comm Svcs,5,120,14,29,74,1.0,10.0,0.0,0.0,6.82,18.04
96,CEFA.O,Global X S&P Catholic Values Developed ex-US ETF,5,120,14,29,74,1.0,10.0,0.0,0.0,6.9,16.61
96,EBLU.K,Ecofin Global Water ESG Fund,5,120,14,29,74,1.0,10.0,0.0,0.0,9.46,17.33
96,DDIV.O,First Trust Dorsey Wright Momentum & Dividend ETF,5,120,14,29,74,1.0,10.0,0.0,0.0,6.92,18.71
96,RVER.K,Trenchless Fund ETF,5,120,14,29,74,1.0,10.0,0.0,0.0,6.94,18.05
96,DIEM.K,Franklin Emerging Market Core Dividend Tilt Ix ETF,5,120,14,29,74,1.0,10.0,0.0,0.0,8.45,16.01
96,FVC.O,First Trust Dorsey Wright Dynamic Focus 5 ETF,5,120,14,29,74,1.0,10.0,0.0,0.0,8.69,17.6
96,DGT,SPDR Global Dow ETF,5,120,14,29,74,1.0,10.0,0.0,0.0,8.55,17.36
96,REGL.K,ProShares S&P MidCap 400 Dividend Aristocrats ETF,5,120,14,29,74,1.0,10.0,0.0,0.0,8.27,18.41
96,VALQ.K,American Century US Quality Value ETF,5,120,14,29,74,1.0,10.0,0.0,0.0,7.11,18.57
96,EWJV.O,iShares MSCI Japan Value ETF,5,120,14,29,74,1.0,10.0,0.0,0.0,7.14,17.83
96,DMXF.O,iShares ESG Advanced MSCI EAFE ETF,5,120,14,29,74,1.0,10.0,0.0,0.0,8.92,17.13
96,ROUS.K,Hartford Multifactor US Equity ETF,5,120,14,29,74,1.0,10.0,0.0,0.0,8.84,17.12
96,EQAL.K,Invesco Russell 1000 Equal Weight ETF,5,120,14,29,74,1.0,10.0,0.0,0.0,7.96,18.98
96,KJAN.K,Innovator US Small Cap Power Buffer ETF - January,5,120,14,29,74,1.0,10.0,0.0,0.0,7.44,16.26
96,SMMV.K,iShares MSCI USA Small-Cap Min Vol Factor ETF,5,120,14,29,74,1.0,10.0,0.0,0.0,6.93,16.34
96,QYLG.O,Global X Nasdaq 100 Covered Call & Growth ETF,5,120,14,29,74,1.0,10.0,0.0,0.0,6.66,18.14
96,WTV,WisdomTree US Value Fund,5,120,14,29,74,1.0,10.0,0.0,0.0,7.11,18.31
96,JIG,JPMorgan International Growth ETF,5,120,14,29,74,1.0,10.0,0.0,0.0,7.83,19.01
96,CRBN.K,iShares MSCI ACWI Low Carbon Target ETF,5,120,14,29,74,1.0,10.0,0.0,0.0,8.75,16.71
96,XDQQ.K,Innovator Growth Accelerated ETF - Quarterly,5,120,14,29,74,1.0,10.0,0.0,0.0,8.26,19.4
96,DJD,Invesco Dow Jones Industrial Average Div ETF,5,120,14,29,74,1.0,10.0,0.0,0.0,8.96,17.31
96,SDG.O,iShares MSCI Global Sustainable Development Goals,5,120,14,29,74,1.0,10.0,0.0,0.0,7.1,16.69
96,STXK.K,Strive Small Cap ETF,5,120,14,29,74,1.0,10.0,0.0,0.0,8.6,18.65
96,IDHQ.K,Invesco S&P Internatnl Developed Quality ETF,5,120,14,29,74,1.0,10.0,0.0,0.0,7.24,18.46
96,GLOF.K,iShares Global Equity Factor ETF,5,120,14,29,74,1.0,10.0,0.0,0.0,7.66,17.64
96,FBOT.O,Fidelity Disruptive Automation ETF,5,120,14,29,74,1.0,10.0,0.0,0.0,6.88,16.49
96,STXK.K,Strive Small Cap ETF,5,120,14,29,59,1.0,10.0,0.0,0.0,8.6,18.65
96,SDG.O,iShares MSCI Global Sustainable Development Goals,5,120,14,29,59,1.0,10.0,0.0,0.0,7.1,16.69
96,DJD,Invesco Dow Jones Industrial Average Div ETF,5,120,14,29,59,1.0,10.0,0.0,0.0,8.96,17.31
96,GLOF.K,iShares Global Equity Factor ETF,5,120,14,24,74,1.0,10.0,0.0,0.0,7.66,17.64
96,WTV,WisdomTree US Value Fund,5,120,14,24,74,1.0,10.0,0.0,0.0,7.11,18.31
96,JIG,JPMorgan International Growth ETF,5,120,14,24,74,1.0,10.0,0.0,0.0,7.83,19.01
96,CRBN.K,iShares MSCI ACWI Low Carbon Target ETF,5,120,14,24,74,1.0,10.0,0.0,0.0,8.75,16.71
96,XDQQ.K,Innovator Growth Accelerated ETF - Quarterly,5,120,14,24,74,1.0,10.0,0.0,0.0,8.26,19.4
96,DJD,Invesco Dow Jones Industrial Average Div ETF,5,120,14,24,74,1.0,10.0,0.0,0.0,8.96,17.31
96,SDG.O,iShares MSCI Global Sustainable Development Goals,5,120,14,24,74,1.0,10.0,0.0,0.0,7.1,16.69
96,STXK.K,Strive Small Cap ETF,5,120,14,24,74,1.0,10.0,0.0,0.0,8.6,18.65
96,IDHQ.K,Invesco S&P Internatnl Developed Quality ETF,5,120,14,24,74,1.0,10.0,0.0,0.0,7.24,18.46
96,FBOT.O,Fidelity Disruptive Automation ETF,5,120,14,24,74,1.0,10.0,0.0,0.0,6.88,16.49
96,XDQQ.K,Innovator Growth Accelerated ETF - Quarterly,5,120,14,29,59,1.0,10.0,0.0,0.0,8.26,19.4
96,VALQ.K,American Century US Quality Value ETF,5,120,14,24,74,1.0,10.0,0.0,0.0,7.11,18.57
96,DGT,SPDR Global Dow ETF,5,120,14,24,74,1.0,10.0,0.0,0.0,8.55,17.36
96,IPKW.O,Invesco International BuyBack Achievers ETF,5,120,14,24,74,1.0,10.0,0.0,0.0,6.48,17.45
96,FVC.O,First Trust Dorsey Wright Dynamic Focus 5 ETF,5,120,14,24,74,1.0,10.0,0.0,0.0,8.69,17.6
96,EASG.K,Xtrackers MSCI EAFE ESG Leaders Equity ETF,5,120,14,24,74,1.0,10.0,0.0,0.0,7.14,18.94
96,PIO.O,Invesco Global Water ETF,5,120,14,24,74,1.0,10.0,0.0,0.0,8.25,18.67
96,DGIN.K,VanEck Digital India ETF,5,120,14,24,74,1.0,10.0,0.0,0.0,8.42,18.66
96,FSZ.O,First Trust Switzerland AlphaDEX Fund,5,120,14,24,74,1.0,10.0,0.0,0.0,8.14,18.41
96,QYLG.O,Global X Nasdaq 100 Covered Call & Growth ETF,5,120,14,24,74,1.0,10.0,0.0,0.0,6.66,18.14
96,SMMV.K,iShares MSCI USA Small-Cap Min Vol Factor ETF,5,120,14,24,74,1.0,10.0,0.0,0.0,6.93,16.34
96,KJAN.K,Innovator US Small Cap Power Buffer ETF - January,5,120,14,24,74,1.0,10.0,0.0,0.0,7.44,16.26
96,EQAL.K,Invesco Russell 1000 Equal Weight ETF,5,120,14,24,74,1.0,10.0,0.0,0.0,7.96,18.98
96,IHDG.K,WisdomTree International Hedged Qual Dividend Gro,5,120,14,24,74,1.0,10.0,0.0,0.0,7.5,15.93
96,EWL,Ishares Msci Switzerland ETF,5,120,14,24,74,1.0,10.0,0.0,0.0,7.69,17.03
96,VPU,Vanguard Utilities Index Fund;ETF,5,120,14,24,74,1.0,10.0,0.0,0.0,7.9,17.53
96,VIGI.O,Vanguard Intl Dividend Appreciation Index Fund;ETF,5,120,14,24,74,1.0,10.0,0.0,0.0,7.08,16.24
96,FUTY.K,Fidelity MSCI Utilities Index ETF,5,120,14,24,74,1.0,10.0,0.0,0.0,7.2,18.7
96,FXU,First Trust Utilities AlphaDEX Fund,5,120,14,24,74,1.0,10.0,0.0,0.0,7.29,17.3
96,DFUV.K,DFA Dimensional US Marketwide Value ETF,5,120,14,24,74,1.0,10.0,0.0,0.0,8.68,16.62
96,PEY.O,Invesco High Yield Equity Dividend Achvrs ETF,5,120,14,24,74,1.0,10.0,0.0,0.0,8.13,17.46
96,SDOG.K,ALPS Sector Dividend Dogs ETF,5,120,14,24,74,1.0,10.0,0.0,0.0,7.9,18.15
96,IQDG.K,WisdomTree International Quality Dividend Growth,5,120,14,24,74,1.0,10.0,0.0,0.0,6.88,17.43
96,SPGM.K,SPDR Portfolio MSCI Global Stock Market ETF,5,120,14,24,74,1.0,10.0,0.0,0.0,9.21,17.65
96,NULV.K,Nuveen ESG Large-Cap Value ETF,5,120,14,24,74,1.0,10.0,0.0,0.0,7.25,17.78
96,XMLV.K,Invesco S&P MidCap Low Volatility ETF,5,120,14,24,74,1.0,10.0,0.0,0.0,8.42,16.26
96,REGL.K,ProShares S&P MidCap 400 Dividend Aristocrats ETF,5,120,14,24,74,1.0,10.0,0.0,0.0,8.27,18.41
96,EWJV.O,iShares MSCI Japan Value ETF,5,120,14,24,74,1.0,10.0,0.0,0.0,7.14,17.83
96,DMXF.O,iShares ESG Advanced MSCI EAFE ETF,5,120,14,24,74,1.0,10.0,0.0,0.0,8.92,17.13
96,ROUS.K,Hartford Multifactor US Equity ETF,5,120,14,24,74,1.0,10.0,0.0,0.0,8.84,17.12
96,GVLU.K,Gotham 1000 Value ETF,5,120,14,24,74,1.0,10.0,0.0,0.0,8.72,18.29
96,RAYD.K,Rayliant Quantitative Developed Market Equity ETF,5,120,14,24,74,1.0,10.0,0.0,0.0,8.75,16.45
96,IVRA.K,Invesco Real Assets ESG ETF,5,120,14,24,74,1.0,10.0,0.0,0.0,7.68,17.81
96,PCCE.K,Polen Capital China Growth ETF,5,120,14,24,74,1.0,10.0,0.0,0.0,7.06,18.69
96,XLU,Utilities Select Sector SPDR Fund,5,120,14,24,79,1.0,10.0,0.0,0.0,7.76,17.66
96,ACWI.O,iShares MSCI ACWI ETF,5,120,14,24,79,1.0,10.0,0.0,0.0,9.39,17.16
96,VT,Vanguard Total World Stock Index Fund;ETF,5,120,14,24,79,1.0,10.0,0.0,0.0,9.19,17.33
96,DVY.O,iShares Select Dividend ETF,5,120,14,24,79,1.0,10.0,0.0,0.0,8.85,16.78
96,VLUE.K,iShares MSCI USA Value Factor ETF,5,120,14,24,79,1.0,10.0,0.0,0.0,8.6,18.61
96,DFAC.K,Dimensional U S Core Equity 2 ETF,5,120,14,24,79,1.0,10.0,0.0,0.0,8.2,17.32
96,EFG,iShares MSCI EAFE Growth ETF,5,120,14,24,79,1.0,10.0,0.0,0.0,6.88,17.93
96,ESGD.O,iShares ESG Aware MSCI EAFE ETF,5,120,14,24,79,1.0,10.0,0.0,0.0,6.91,17.17
96,SDY,SPDR S&P Dividend ETF,5,120,14,24,79,1.0,10.0,0.0,0.0,8.75,16.49
96,AVLV.K,Avantis US Large Cap Value ETF,5,120,14,24,79,1.0,10.0,0.0,0.0,9.26,17.8
96,ICVT.K,iShares Convertible Bond ETF,5,120,14,24,79,1.0,10.0,0.0,0.0,6.6,16.08
96,IHDG.K,WisdomTree International Hedged Qual Dividend Gro,5,120,14,24,79,1.0,10.0,0.0,0.0,7.5,15.93
96,EWL,Ishares Msci Switzerland ETF,5,120,14,24,79,1.0,10.0,0.0,0.0,7.69,17.03
96,VPU,Vanguard Utilities Index Fund;ETF,5,120,14,24,79,1.0,10.0,0.0,0.0,7.9,17.53
96,VIGI.O,Vanguard Intl Dividend Appreciation Index Fund;ETF,5,120,14,24,79,1.0,10.0,0.0,0.0,7.08,16.24
96,FUTY.K,Fidelity MSCI Utilities Index ETF,5,120,14,24,79,1.0,10.0,0.0,0.0,7.2,18.7
96,FXU,First Trust Utilities AlphaDEX Fund,5,120,14,24,79,1.0,10.0,0.0,0.0,7.29,17.3
96,IBGK.O,iShares iBonds Dec 2054 Term Treasury ETF,5,120,14,24,74,1.0,10.0,0.0,0.0,9.18,16.97
96,WCEO.K,Hypatia Women CEO ETF,5,120,14,24,74,1.0,10.0,0.0,0.0,8.39,16.8
96,TSLH.K,Innovator Hedged TSLA Strategy ETF,5,120,14,24,74,1.0,10.0,0.0,0.0,7.61,18.42
96,JPSV.K,JPMorgan Active Small Cap Value ETF,5,120,14,24,74,1.0,10.0,0.0,0.0,7.51,16.6
96,CBLS.K,Clough Hedged Equity ETF,5,120,14,24,74,1.0,10.0,0.0,0.0,8.19,16.06
96,FLSW.K,Franklin FTSE Switzerland ETF,5,120,14,24,74,1.0,10.0,0.0,0.0,7.11,17.35
96,KLDW.K,Knowledge Leaders Developed World ETF,5,120,14,24,74,1.0,10.0,0.0,0.0,8.21,16.78
96,PSCU.O,Invesco S&P SmallCap Utilities & Comm Svcs,5,120,14,24,74,1.0,10.0,0.0,0.0,6.82,18.04
96,CEFA.O,Global X S&P Catholic Values Developed ex-US ETF,5,120,14,24,74,1.0,10.0,0.0,0.0,6.9,16.61
96,EBLU.K,Ecofin Global Water ESG Fund,5,120,14,24,74,1.0,10.0,0.0,0.0,9.46,17.33
96,DDIV.O,First Trust Dorsey Wright Momentum & Dividend ETF,5,120,14,24,74,1.0,10.0,0.0,0.0,6.92,18.71
96,RVER.K,Trenchless Fund ETF,5,120,14,24,74,1.0,10.0,0.0,0.0,6.94,18.05
96,DIEM.K,Franklin Emerging Market Core Dividend Tilt Ix ETF,5,120,14,24,74,1.0,10.0,0.0,0.0,8.45,16.01
96,ECLN.K,First Trust EIP Carbon Impact ETF,5,120,14,24,74,1.0,10.0,0.0,0.0,6.8,18.77
96,PUI.O,Invesco Dorsey Wright Utilities Momentum ETF,5,120,14,24,74,1.0,10.0,0.0,0.0,8.12,17.8
96,FMCX.K,FM Focus Equity ETF,5,120,14,24,74,1.0,10.0,0.0,0.0,8.06,17.02
96,XRLV.K,Invesco S&P 500 ex-Rate Sensitive LV ETF,5,120,14,24,74,1.0,10.0,0.0,0.0,8.91,16.04
96,KEM,KraneShares Dynamic Emerging Markets Strategy ETF,5,120,14,24,74,1.0,10.0,0.0,0.0,7.02,16.43
96,DFND.K,Siren DIVCON Dividend Defender ETF,5,120,14,24,74,1.0,10.0,0.0,0.0,7.37,16.75
96,HLGE.K,Hartford Longevity Economy ETF,5,120,14,24,74,1.0,10.0,0.0,0.0,7.52,16.4
96,EMSF.K,Matthews Emerging Markets Sustainable Ftr Actv ETF,5,120,14,24,74,1.0,10.0,0.0,0.0,8.49,18.29
96,ICVT.K,iShares Convertible Bond ETF,5,120,14,24,74,1.0,10.0,0.0,0.0,6.6,16.08
96,AVLV.K,Avantis US Large Cap Value ETF,5,120,14,24,74,1.0,10.0,0.0,0.0,9.26,17.8
96,SDY,SPDR S&P Dividend ETF,5,120,14,24,74,1.0,10.0,0.0,0.0,8.75,16.49
96,SPGM.K,SPDR Portfolio MSCI Global Stock Market ETF,5,120,14,24,69,1.0,10.0,0.0,0.0,9.21,17.65
96,XMLV.K,Invesco S&P MidCap Low Volatility ETF,5,120,14,24,69,1.0,10.0,0.0,0.0,8.42,16.26
96,REGL.K,ProShares S&P MidCap 400 Dividend Aristocrats ETF,5,120,14,24,69,1.0,10.0,0.0,0.0,8.27,18.41
96,EWJV.O,iShares MSCI Japan Value ETF,5,120,14,24,69,1.0,10.0,0.0,0.0,7.14,17.83
96,DMXF.O,iShares ESG Advanced MSCI EAFE ETF,5,120,14,24,69,1.0,10.0,0.0,0.0,8.92,17.13
96,ROUS.K,Hartford Multifactor US Equity ETF,5,120,14,24,69,1.0,10.0,0.0,0.0,8.84,17.12
96,EQAL.K,Invesco Russell 1000 Equal Weight ETF,5,120,14,24,69,1.0,10.0,0.0,0.0,7.96,18.98
96,KJAN.K,Innovator US Small Cap Power Buffer ETF - January,5,120,14,24,69,1.0,10.0,0.0,0.0,7.44,16.26
96,SMMV.K,iShares MSCI USA Small-Cap Min Vol Factor ETF,5,120,14,24,69,1.0,10.0,0.0,0.0,6.93,16.34
96,QYLG.O,Global X Nasdaq 100 Covered Call & Growth ETF,5,120,14,24,69,1.0,10.0,0.0,0.0,6.66,18.14
96,WTV,WisdomTree US Value Fund,5,120,14,24,69,1.0,10.0,0.0,0.0,7.11,18.31
96,JIG,JPMorgan International Growth ETF,5,120,14,24,69,1.0,10.0,0.0,0.0,7.83,19.01
96,CRBN.K,iShares MSCI ACWI Low Carbon Target ETF,5,120,14,24,69,1.0,10.0,0.0,0.0,8.75,16.71
96,XDQQ.K,Innovator Growth Accelerated ETF - Quarterly,5,120,14,24,69,1.0,10.0,0.0,0.0,8.26,19.4
96,DJD,Invesco Dow Jones Industrial Average Div ETF,5,120,14,24,69,1.0,10.0,0.0,0.0,8.96,17.31
96,SDG.O,iShares MSCI Global Sustainable Development Goals,5,120,14,24,69,1.0,10.0,0.0,0.0,7.1,16.69
96,STXK.K,Strive Small Cap ETF,5,120,14,24,69,1.0,10.0,0.0,0.0,8.6,18.65
96,IDHQ.K,Invesco S&P Internatnl Developed Quality ETF,5,120,14,24,69,1.0,10.0,0.0,0.0,7.24,18.46
96,NULV.K,Nuveen ESG Large-Cap Value ETF,5,120,14,24,69,1.0,10.0,0.0,0.0,7.25,17.78
96,IQDG.K,WisdomTree International Quality Dividend Growth,5,120,14,24,69,1.0,10.0,0.0,0.0,6.88,17.43
96,FBOT.O,Fidelity Disruptive Automation ETF,5,120,14,24,69,1.0,10.0,0.0,0.0,6.88,16.49
96,SDOG.K,ALPS Sector Dividend Dogs ETF,5,120,14,24,69,1.0,10.0,0.0,0.0,7.9,18.15
96,VT,Vanguard Total World Stock Index Fund;ETF,5,120,14,24,69,1.0,10.0,0.0,0.0,9.19,17.33
96,DVY.O,iShares Select Dividend ETF,5,120,14,24,69,1.0,10.0,0.0,0.0,8.85,16.78
96,VLUE.K,iShares MSCI USA Value Factor ETF,5,120,14,24,69,1.0,10.0,0.0,0.0,8.6,18.61
96,DFAC.K,Dimensional U S Core Equity 2 ETF,5,120,14,24,69,1.0,10.0,0.0,0.0,8.2,17.32
96,EFG,iShares MSCI EAFE Growth ETF,5,120,14,24,69,1.0,10.0,0.0,0.0,6.88,17.93
96,ESGD.O,iShares ESG Aware MSCI EAFE ETF,5,120,14,24,69,1.0,10.0,0.0,0.0,6.91,17.17
96,SDY,SPDR S&P Dividend ETF,5,120,14,24,69,1.0,10.0,0.0,0.0,8.75,16.49
96,AVLV.K,Avantis US Large Cap Value ETF,5,120,14,24,69,1.0,10.0,0.0,0.0,9.26,17.8
96,ICVT.K,iShares Convertible Bond ETF,5,120,14,24,69,1.0,10.0,0.0,0.0,6.6,16.08
96,IHDG.K,WisdomTree International Hedged Qual Dividend Gro,5,120,14,24,69,1.0,10.0,0.0,0.0,7.5,15.93
96,EWL,Ishares Msci Switzerland ETF,5,120,14,24,69,1.0,10.0,0.0,0.0,7.69,17.03
96,VPU,Vanguard Utilities Index Fund;ETF,5,120,14,24,69,1.0,10.0,0.0,0.0,7.9,17.53
96,VIGI.O,Vanguard Intl Dividend Appreciation Index Fund;ETF,5,120,14,24,69,1.0,10.0,0.0,0.0,7.08,16.24
96,FUTY.K,Fidelity MSCI Utilities Index ETF,5,120,14,24,69,1.0,10.0,0.0,0.0,7.2,18.7
96,FXU,First Trust Utilities AlphaDEX Fund,5,120,14,24,69,1.0,10.0,0.0,0.0,7.29,17.3
96,DFUV.K,DFA Dimensional US Marketwide Value ETF,5,120,14,24,69,1.0,10.0,0.0,0.0,8.68,16.62
96,PEY.O,Invesco High Yield Equity Dividend Achvrs ETF,5,120,14,24,69,1.0,10.0,0.0,0.0,8.13,17.46
96,GLOF.K,iShares Global Equity Factor ETF,5,120,14,24,69,1.0,10.0,0.0,0.0,7.66,17.64
96,VALQ.K,American Century US Quality Value ETF,5,120,14,24,69,1.0,10.0,0.0,0.0,7.11,18.57
96,ESGD.O,iShares ESG Aware MSCI EAFE ETF,5,120,14,24,74,1.0,10.0,0.0,0.0,6.91,17.17
96,ECLN.K,First Trust EIP Carbon Impact ETF,5,120,14,24,69,1.0,10.0,0.0,0.0,6.8,18.77
96,FMCX.K,FM Focus Equity ETF,5,120,14,24,69,1.0,10.0,0.0,0.0,8.06,17.02
96,XRLV.K,Invesco S&P 500 ex-Rate Sensitive LV ETF,5,120,14,24,69,1.0,10.0,0.0,0.0,8.91,16.04
96,KEM,KraneShares Dynamic Emerging Markets Strategy ETF,5,120,14,24,69,1.0,10.0,0.0,0.0,7.02,16.43
96,DFND.K,Siren DIVCON Dividend Defender ETF,5,120,14,24,69,1.0,10.0,0.0,0.0,7.37,16.75
96,HLGE.K,Hartford Longevity Economy ETF,5,120,14,24,69,1.0,10.0,0.0,0.0,7.52,16.4
96,EMSF.K,Matthews Emerging Markets Sustainable Ftr Actv ETF,5,120,14,24,69,1.0,10.0,0.0,0.0,8.49,18.29
96,JPSV.K,JPMorgan Active Small Cap Value ETF,5,120,14,24,69,1.0,10.0,0.0,0.0,7.51,16.6
96,WCEO.K,Hypatia Women CEO ETF,5,120,14,24,69,1.0,10.0,0.0,0.0,8.39,16.8
96,PCCE.K,Polen Capital China Growth ETF,5,120,14,24,69,1.0,10.0,0.0,0.0,7.06,18.69
96,IBGK.O,iShares iBonds Dec 2054 Term Treasury ETF,5,120,14,24,69,1.0,10.0,0.0,0.0,9.18,16.97
96,XLU,Utilities Select Sector SPDR Fund,5,120,14,24,74,1.0,10.0,0.0,0.0,7.76,17.66
96,ACWI.O,iShares MSCI ACWI ETF,5,120,14,24,74,1.0,10.0,0.0,0.0,9.39,17.16
96,VT,Vanguard Total World Stock Index Fund;ETF,5,120,14,24,74,1.0,10.0,0.0,0.0,9.19,17.33
96,DVY.O,iShares Select Dividend ETF,5,120,14,24,74,1.0,10.0,0.0,0.0,8.85,16.78
96,VLUE.K,iShares MSCI USA Value Factor ETF,5,120,14,24,74,1.0,10.0,0.0,0.0,8.6,18.61
96,DFAC.K,Dimensional U S Core Equity 2 ETF,5,120,14,24,74,1.0,10.0,0.0,0.0,8.2,17.32
96,EFG,iShares MSCI EAFE Growth ETF,5,120,14,24,74,1.0,10.0,0.0,0.0,6.88,17.93
96,PUI.O,Invesco Dorsey Wright Utilities Momentum ETF,5,120,14,24,69,1.0,10.0,0.0,0.0,8.12,17.8
96,DIEM.K,Franklin Emerging Market Core Dividend Tilt Ix ETF,5,120,14,24,69,1.0,10.0,0.0,0.0,8.45,16.01
96,DGT,SPDR Global Dow ETF,5,120,14,24,69,1.0,10.0,0.0,0.0,8.55,17.36
96,RVER.K,Trenchless Fund ETF,5,120,14,24,69,1.0,10.0,0.0,0.0,6.94,18.05
96,IPKW.O,Invesco International BuyBack Achievers ETF,5,120,14,24,69,1.0,10.0,0.0,0.0,6.48,17.45
96,FVC.O,First Trust Dorsey Wright Dynamic Focus 5 ETF,5,120,14,24,69,1.0,10.0,0.0,0.0,8.69,17.6
96,EASG.K,Xtrackers MSCI EAFE ESG Leaders Equity ETF,5,120,14,24,69,1.0,10.0,0.0,0.0,7.14,18.94
96,PIO.O,Invesco Global Water ETF,5,120,14,24,69,1.0,10.0,0.0,0.0,8.25,18.67
96,DGIN.K,VanEck Digital India ETF,5,120,14,24,69,1.0,10.0,0.0,0.0,8.42,18.66
96,FSZ.O,First Trust Switzerland AlphaDEX Fund,5,120,14,24,69,1.0,10.0,0.0,0.0,8.14,18.41
96,GVLU.K,Gotham 1000 Value ETF,5,120,14,24,69,1.0,10.0,0.0,0.0,8.72,18.29
96,RAYD.K,Rayliant Quantitative Developed Market Equity ETF,5,120,14,24,69,1.0,10.0,0.0,0.0,8.75,16.45
96,IVRA.K,Invesco Real Assets ESG ETF,5,120,14,24,69,1.0,10.0,0.0,0.0,7.68,17.81
96,TSLH.K,Innovator Hedged TSLA Strategy ETF,5,120,14,24,69,1.0,10.0,0.0,0.0,7.61,18.42
96,CBLS.K,Clough Hedged Equity ETF,5,120,14,24,69,1.0,10.0,0.0,0.0,8.19,16.06
96,FLSW.K,Franklin FTSE Switzerland ETF,5,120,14,24,69,1.0,10.0,0.0,0.0,7.11,17.35
96,KLDW.K,Knowledge Leaders Developed World ETF,5,120,14,24,69,1.0,10.0,0.0,0.0,8.21,16.78
96,PSCU.O,Invesco S&P SmallCap Utilities & Comm Svcs,5,120,14,24,69,1.0,10.0,0.0,0.0,6.82,18.04
96,CEFA.O,Global X S&P Catholic Values Developed ex-US ETF,5,120,14,24,69,1.0,10.0,0.0,0.0,6.9,16.61
96,EBLU.K,Ecofin Global Water ESG Fund,5,120,14,24,69,1.0,10.0,0.0,0.0,9.46,17.33
96,DDIV.O,First Trust Dorsey Wright Momentum & Dividend ETF,5,120,14,24,69,1.0,10.0,0.0,0.0,6.92,18.71
96,DFUV.K,DFA Dimensional US Marketwide Value ETF,5,120,14,24,79,1.0,10.0,0.0,0.0,8.68,16.62
96,PEY.O,Invesco High Yield Equity Dividend Achvrs ETF,5,120,14,24,79,1.0,10.0,0.0,0.0,8.13,17.46
96,SDOG.K,ALPS Sector Dividend Dogs ETF,5,120,14,24,79,1.0,10.0,0.0,0.0,7.9,18.15
96,FSZ.O,First Trust Switzerland AlphaDEX Fund,5,120,14,29,54,1.0,10.0,0.0,0.0,8.14,18.41
96,RAYD.K,Rayliant Quantitative Developed Market Equity ETF,5,120,14,29,54,1.0,10.0,0.0,0.0,8.75,16.45
96,IVRA.K,Invesco Real Assets ESG ETF,5,120,14,29,54,1.0,10.0,0.0,0.0,7.68,17.81
96,TSLH.K,Innovator Hedged TSLA Strategy ETF,5,120,14,29,54,1.0,10.0,0.0,0.0,7.61,18.42
96,CBLS.K,Clough Hedged Equity ETF,5,120,14,29,54,1.0,10.0,0.0,0.0,8.19,16.06
96,FLSW.K,Franklin FTSE Switzerland ETF,5,120,14,29,54,1.0,10.0,0.0,0.0,7.11,17.35
96,KLDW.K,Knowledge Leaders Developed World ETF,5,120,14,29,54,1.0,10.0,0.0,0.0,8.21,16.78
96,PSCU.O,Invesco S&P SmallCap Utilities & Comm Svcs,5,120,14,29,54,1.0,10.0,0.0,0.0,6.82,18.04
96,CEFA.O,Global X S&P Catholic Values Developed ex-US ETF,5,120,14,29,54,1.0,10.0,0.0,0.0,6.9,16.61
96,EBLU.K,Ecofin Global Water ESG Fund,5,120,14,29,54,1.0,10.0,0.0,0.0,9.46,17.33
96,DDIV.O,First Trust Dorsey Wright Momentum & Dividend ETF,5,120,14,29,54,1.0,10.0,0.0,0.0,6.92,18.71
96,RVER.K,Trenchless Fund ETF,5,120,14,29,54,1.0,10.0,0.0,0.0,6.94,18.05
96,DIEM.K,Franklin Emerging Market Core Dividend Tilt Ix ETF,5,120,14,29,54,1.0,10.0,0.0,0.0,8.45,16.01
96,ECLN.K,First Trust EIP Carbon Impact ETF,5,120,14,29,54,1.0,10.0,0.0,0.0,6.8,18.77
96,PUI.O,Invesco Dorsey Wright Utilities Momentum ETF,5,120,14,29,54,1.0,10.0,0.0,0.0,8.12,17.8
96,FMCX.K,FM Focus Equity ETF,5,120,14,29,54,1.0,10.0,0.0,0.0,8.06,17.02
96,XRLV.K,Invesco S&P 500 ex-Rate Sensitive LV ETF,5,120,14,29,54,1.0,10.0,0.0,0.0,8.91,16.04
96,KEM,KraneShares Dynamic Emerging Markets Strategy ETF,5,120,14,29,54,1.0,10.0,0.0,0.0,7.02,16.43
96,GVLU.K,Gotham 1000 Value ETF,5,120,14,29,54,1.0,10.0,0.0,0.0,8.72,18.29
96,DGIN.K,VanEck Digital India ETF,5,120,14,29,54,1.0,10.0,0.0,0.0,8.42,18.66
96,HLGE.K,Hartford Longevity Economy ETF,5,120,14,29,54,1.0,10.0,0.0,0.0,7.52,16.4
96,PIO.O,Invesco Global Water ETF,5,120,14,29,54,1.0,10.0,0.0,0.0,8.25,18.67
96,SMMV.K,iShares MSCI USA Small-Cap Min Vol Factor ETF,5,120,14,29,54,1.0,10.0,0.0,0.0,6.93,16.34
96,QYLG.O,Global X Nasdaq 100 Covered Call & Growth ETF,5,120,14,29,54,1.0,10.0,0.0,0.0,6.66,18.14
96,WTV,WisdomTree US Value Fund,5,120,14,29,54,1.0,10.0,0.0,0.0,7.11,18.31
96,JIG,JPMorgan International Growth ETF,5,120,14,29,54,1.0,10.0,0.0,0.0,7.83,19.01
96,CRBN.K,iShares MSCI ACWI Low Carbon Target ETF,5,120,14,29,54,1.0,10.0,0.0,0.0,8.75,16.71
96,XDQQ.K,Innovator Growth Accelerated ETF - Quarterly,5,120,14,29,54,1.0,10.0,0.0,0.0,8.26,19.4
96,DJD,Invesco Dow Jones Industrial Average Div ETF,5,120,14,29,54,1.0,10.0,0.0,0.0,8.96,17.31
96,SDG.O,iShares MSCI Global Sustainable Development Goals,5,120,14,29,54,1.0,10.0,0.0,0.0,7.1,16.69
96,STXK.K,Strive Small Cap ETF,5,120,14,29,54,1.0,10.0,0.0,0.0,8.6,18.65
96,IDHQ.K,Invesco S&P Internatnl Developed Quality ETF,5,120,14,29,54,1.0,10.0,0.0,0.0,7.24,18.46
96,GLOF.K,iShares Global Equity Factor ETF,5,120,14,29,54,1.0,10.0,0.0,0.0,7.66,17.64
96,FBOT.O,Fidelity Disruptive Automation ETF,5,120,14,29,54,1.0,10.0,0.0,0.0,6.88,16.49
96,VALQ.K,American Century US Quality Value ETF,5,120,14,29,54,1.0,10.0,0.0,0.0,7.11,18.57
96,DGT,SPDR Global Dow ETF,5,120,14,29,54,1.0,10.0,0.0,0.0,8.55,17.36
96,IPKW.O,Invesco International BuyBack Achievers ETF,5,120,14,29,54,1.0,10.0,0.0,0.0,6.48,17.45
96,FVC.O,First Trust Dorsey Wright Dynamic Focus 5 ETF,5,120,14,29,54,1.0,10.0,0.0,0.0,8.69,17.6
96,EASG.K,Xtrackers MSCI EAFE ESG Leaders Equity ETF,5,120,14,29,54,1.0,10.0,0.0,0.0,7.14,18.94
96,DFND.K,Siren DIVCON Dividend Defender ETF,5,120,14,29,54,1.0,10.0,0.0,0.0,7.37,16.75
96,EMSF.K,Matthews Emerging Markets Sustainable Ftr Actv ETF,5,120,14,29,54,1.0,10.0,0.0,0.0,8.49,18.29
96,EQAL.K,Invesco Russell 1000 Equal Weight ETF,5,120,14,29,54,1.0,10.0,0.0,0.0,7.96,18.98
96,FXU,First Trust Utilities AlphaDEX Fund,5,120,14,29,59,1.0,10.0,0.0,0.0,7.29,17.3
96,PEY.O,Invesco High Yield Equity Dividend Achvrs ETF,5,120,14,29,59,1.0,10.0,0.0,0.0,8.13,17.46
96,SDOG.K,ALPS Sector Dividend Dogs ETF,5,120,14,29,59,1.0,10.0,0.0,0.0,7.9,18.15
96,IQDG.K,WisdomTree International Quality Dividend Growth,5,120,14,29,59,1.0,10.0,0.0,0.0,6.88,17.43
96,SPGM.K,SPDR Portfolio MSCI Global Stock Market ETF,5,120,14,29,59,1.0,10.0,0.0,0.0,9.21,17.65
96,NULV.K,Nuveen ESG Large-Cap Value ETF,5,120,14,29,59,1.0,10.0,0.0,0.0,7.25,17.78
96,XMLV.K,Invesco S&P MidCap Low Volatility ETF,5,120,14,29,59,1.0,10.0,0.0,0.0,8.42,16.26
96,REGL.K,ProShares S&P MidCap 400 Dividend Aristocrats ETF,5,120,14,29,59,1.0,10.0,0.0,0.0,8.27,18.41
96,EWJV.O,iShares MSCI Japan Value ETF,5,120,14,29,59,1.0,10.0,0.0,0.0,7.14,17.83
96,DMXF.O,iShares ESG Advanced MSCI EAFE ETF,5,120,14,29,59,1.0,10.0,0.0,0.0,8.92,17.13
96,ROUS.K,Hartford Multifactor US Equity ETF,5,120,14,29,59,1.0,10.0,0.0,0.0,8.84,17.12
96,EQAL.K,Invesco Russell 1000 Equal Weight ETF,5,120,14,29,59,1.0,10.0,0.0,0.0,7.96,18.98
96,KJAN.K,Innovator US Small Cap Power Buffer ETF - January,5,120,14,29,59,1.0,10.0,0.0,0.0,7.44,16.26
96,SMMV.K,iShares MSCI USA Small-Cap Min Vol Factor ETF,5,120,14,29,59,1.0,10.0,0.0,0.0,6.93,16.34
96,QYLG.O,Global X Nasdaq 100 Covered Call & Growth ETF,5,120,14,29,59,1.0,10.0,0.0,0.0,6.66,18.14
96,WTV,WisdomTree US Value Fund,5,120,14,29,59,1.0,10.0,0.0,0.0,7.11,18.31
96,JIG,JPMorgan International Growth ETF,5,120,14,29,59,1.0,10.0,0.0,0.0,7.83,19.01
96,CRBN.K,iShares MSCI ACWI Low Carbon Target ETF,5,120,14,29,59,1.0,10.0,0.0,0.0,8.75,16.71
96,DFUV.K,DFA Dimensional US Marketwide Value ETF,5,120,14,29,59,1.0,10.0,0.0,0.0,8.68,16.62
96,FUTY.K,Fidelity MSCI Utilities Index ETF,5,120,14,29,59,1.0,10.0,0.0,0.0,7.2,18.7
96,JPSV.K,JPMorgan Active Small Cap Value ETF,5,120,14,29,54,1.0,10.0,0.0,0.0,7.51,16.6
96,VIGI.O,Vanguard Intl Dividend Appreciation Index Fund;ETF,5,120,14,29,59,1.0,10.0,0.0,0.0,7.08,16.24
96,WCEO.K,Hypatia Women CEO ETF,5,120,14,29,54,1.0,10.0,0.0,0.0,8.39,16.8
96,PCCE.K,Polen Capital China Growth ETF,5,120,14,29,54,1.0,10.0,0.0,0.0,7.06,18.69
96,IBGK.O,iShares iBonds Dec 2054 Term Treasury ETF,5,120,14,29,54,1.0,10.0,0.0,0.0,9.18,16.97
96,XLU,Utilities Select Sector SPDR Fund,5,120,14,29,59,1.0,10.0,0.0,0.0,7.76,17.66
96,ACWI.O,iShares MSCI ACWI ETF,5,120,14,29,59,1.0,10.0,0.0,0.0,9.39,17.16
96,VT,Vanguard Total World Stock Index Fund;ETF,5,120,14,29,59,1.0,10.0,0.0,0.0,9.19,17.33
96,DVY.O,iShares Select Dividend ETF,5,120,14,29,59,1.0,10.0,0.0,0.0,8.85,16.78
96,VLUE.K,iShares MSCI USA Value Factor ETF,5,120,14,29,59,1.0,10.0,0.0,0.0,8.6,18.61
96,DFAC.K,Dimensional U S Core Equity 2 ETF,5,120,14,29,59,1.0,10.0,0.0,0.0,8.2,17.32
96,EFG,iShares MSCI EAFE Growth ETF,5,120,14,29,59,1.0,10.0,0.0,0.0,6.88,17.93
96,ESGD.O,iShares ESG Aware MSCI EAFE ETF,5,120,14,29,59,1.0,10.0,0.0,0.0,6.91,17.17
96,SDY,SPDR S&P Dividend ETF,5,120,14,29,59,1.0,10.0,0.0,0.0,8.75,16.49
96,AVLV.K,Avantis US Large Cap Value ETF,5,120,14,29,59,1.0,10.0,0.0,0.0,9.26,17.8
96,ICVT.K,iShares Convertible Bond ETF,5,120,14,29,59,1.0,10.0,0.0,0.0,6.6,16.08
96,IHDG.K,WisdomTree International Hedged Qual Dividend Gro,5,120,14,29,59,1.0,10.0,0.0,0.0,7.5,15.93
96,EWL,Ishares Msci Switzerland ETF,5,120,14,29,59,1.0,10.0,0.0,0.0,7.69,17.03
96,VPU,Vanguard Utilities Index Fund;ETF,5,120,14,29,59,1.0,10.0,0.0,0.0,7.9,17.53
96,KJAN.K,Innovator US Small Cap Power Buffer ETF - January,5,120,14,29,54,1.0,10.0,0.0,0.0,7.44,16.26
96,ROUS.K,Hartford Multifactor US Equity ETF,5,120,14,29,54,1.0,10.0,0.0,0.0,8.84,17.12
96,IQDG.K,WisdomTree International Quality Dividend Growth,5,120,14,24,79,1.0,10.0,0.0,0.0,6.88,17.43
96,GLOF.K,iShares Global Equity Factor ETF,5,120,14,24,79,1.0,10.0,0.0,0.0,7.66,17.64
96,VALQ.K,American Century US Quality Value ETF,5,120,14,24,79,1.0,10.0,0.0,0.0,7.11,18.57
96,DGT,SPDR Global Dow ETF,5,120,14,24,79,1.0,10.0,0.0,0.0,8.55,17.36
96,IPKW.O,Invesco International BuyBack Achievers ETF,5,120,14,24,79,1.0,10.0,0.0,0.0,6.48,17.45
96,FVC.O,First Trust Dorsey Wright Dynamic Focus 5 ETF,5,120,14,24,79,1.0,10.0,0.0,0.0,8.69,17.6
96,EASG.K,Xtrackers MSCI EAFE ESG Leaders Equity ETF,5,120,14,24,79,1.0,10.0,0.0,0.0,7.14,18.94
96,PIO.O,Invesco Global Water ETF,5,120,14,24,79,1.0,10.0,0.0,0.0,8.25,18.67
96,DGIN.K,VanEck Digital India ETF,5,120,14,24,79,1.0,10.0,0.0,0.0,8.42,18.66
96,FSZ.O,First Trust Switzerland AlphaDEX Fund,5,120,14,24,79,1.0,10.0,0.0,0.0,8.14,18.41
96,GVLU.K,Gotham 1000 Value ETF,5,120,14,24,79,1.0,10.0,0.0,0.0,8.72,18.29
96,RAYD.K,Rayliant Quantitative Developed Market Equity ETF,5,120,14,24,79,1.0,10.0,0.0,0.0,8.75,16.45
96,IVRA.K,Invesco Real Assets ESG ETF,5,120,14,24,79,1.0,10.0,0.0,0.0,7.68,17.81
96,TSLH.K,Innovator Hedged TSLA Strategy ETF,5,120,14,24,79,1.0,10.0,0.0,0.0,7.61,18.42
96,CBLS.K,Clough Hedged Equity ETF,5,120,14,24,79,1.0,10.0,0.0,0.0,8.19,16.06
96,FLSW.K,Franklin FTSE Switzerland ETF,5,120,14,24,79,1.0,10.0,0.0,0.0,7.11,17.35
96,KLDW.K,Knowledge Leaders Developed World ETF,5,120,14,24,79,1.0,10.0,0.0,0.0,8.21,16.78
96,PSCU.O,Invesco S&P SmallCap Utilities & Comm Svcs,5,120,14,24,79,1.0,10.0,0.0,0.0,6.82,18.04
96,CEFA.O,Global X S&P Catholic Values Developed ex-US ETF,5,120,14,24,79,1.0,10.0,0.0,0.0,6.9,16.61
96,FBOT.O,Fidelity Disruptive Automation ETF,5,120,14,24,79,1.0,10.0,0.0,0.0,6.88,16.49
96,IDHQ.K,Invesco S&P Internatnl Developed Quality ETF,5,120,14,24,79,1.0,10.0,0.0,0.0,7.24,18.46
96,DDIV.O,First Trust Dorsey Wright Momentum & Dividend ETF,5,120,14,24,79,1.0,10.0,0.0,0.0,6.92,18.71
96,STXK.K,Strive Small Cap ETF,5,120,14,24,79,1.0,10.0,0.0,0.0,8.6,18.65
96,SPGM.K,SPDR Portfolio MSCI Global Stock Market ETF,5,120,14,24,79,1.0,10.0,0.0,0.0,9.21,17.65
96,NULV.K,Nuveen ESG Large-Cap Value ETF,5,120,14,24,79,1.0,10.0,0.0,0.0,7.25,17.78
96,XMLV.K,Invesco S&P MidCap Low Volatility ETF,5,120,14,24,79,1.0,10.0,0.0,0.0,8.42,16.26
96,REGL.K,ProShares S&P MidCap 400 Dividend Aristocrats ETF,5,120,14,24,79,1.0,10.0,0.0,0.0,8.27,18.41
96,EWJV.O,iShares MSCI Japan Value ETF,5,120,14,24,79,1.0,10.0,0.0,0.0,7.14,17.83
96,DMXF.O,iShares ESG Advanced MSCI EAFE ETF,5,120,14,24,79,1.0,10.0,0.0,0.0,8.92,17.13
96,ROUS.K,Hartford Multifactor US Equity ETF,5,120,14,24,79,1.0,10.0,0.0,0.0,8.84,17.12
96,EQAL.K,Invesco Russell 1000 Equal Weight ETF,5,120,14,24,79,1.0,10.0,0.0,0.0,7.96,18.98
96,KJAN.K,Innovator US Small Cap Power Buffer ETF - January,5,120,14,24,79,1.0,10.0,0.0,0.0,7.44,16.26
96,SMMV.K,iShares MSCI USA Small-Cap Min Vol Factor ETF,5,120,14,24,79,1.0,10.0,0.0,0.0,6.93,16.34
96,QYLG.O,Global X Nasdaq 100 Covered Call & Growth ETF,5,120,14,24,79,1.0,10.0,0.0,0.0,6.66,18.14
96,WTV,WisdomTree US Value Fund,5,120,14,24,79,1.0,10.0,0.0,0.0,7.11,18.31
96,JIG,JPMorgan International Growth ETF,5,120,14,24,79,1.0,10.0,0.0,0.0,7.83,19.01
96,CRBN.K,iShares MSCI ACWI Low Carbon Target ETF,5,120,14,24,79,1.0,10.0,0.0,0.0,8.75,16.71
96,XDQQ.K,Innovator Growth Accelerated ETF - Quarterly,5,120,14,24,79,1.0,10.0,0.0,0.0,8.26,19.4
96,DJD,Invesco Dow Jones Industrial Average Div ETF,5,120,14,24,79,1.0,10.0,0.0,0.0,8.96,17.31
96,SDG.O,iShares MSCI Global Sustainable Development Goals,5,120,14,24,79,1.0,10.0,0.0,0.0,7.1,16.69
96,EBLU.K,Ecofin Global Water ESG Fund,5,120,14,24,79,1.0,10.0,0.0,0.0,9.46,17.33
96,RVER.K,Trenchless Fund ETF,5,120,14,24,79,1.0,10.0,0.0,0.0,6.94,18.05
96,DMXF.O,iShares ESG Advanced MSCI EAFE ETF,5,120,14,29,54,1.0,10.0,0.0,0.0,8.92,17.13
96,ESGD.O,iShares ESG Aware MSCI EAFE ETF,5,120,14,29,54,1.0,10.0,0.0,0.0,6.91,17.17
96,AVLV.K,Avantis US Large Cap Value ETF,5,120,14,29,54,1.0,10.0,0.0,0.0,9.26,17.8
96,ICVT.K,iShares Convertible Bond ETF,5,120,14,29,54,1.0,10.0,0.0,0.0,6.6,16.08
96,IHDG.K,WisdomTree International Hedged Qual Dividend Gro,5,120,14,29,54,1.0,10.0,0.0,0.0,7.5,15.93
96,EWL,Ishares Msci Switzerland ETF,5,120,14,29,54,1.0,10.0,0.0,0.0,7.69,17.03
96,VPU,Vanguard Utilities Index Fund;ETF,5,120,14,29,54,1.0,10.0,0.0,0.0,7.9,17.53
96,VIGI.O,Vanguard Intl Dividend Appreciation Index Fund;ETF,5,120,14,29,54,1.0,10.0,0.0,0.0,7.08,16.24
96,FUTY.K,Fidelity MSCI Utilities Index ETF,5,120,14,29,54,1.0,10.0,0.0,0.0,7.2,18.7
96,FXU,First Trust Utilities AlphaDEX Fund,5,120,14,29,54,1.0,10.0,0.0,0.0,7.29,17.3
96,DFUV.K,DFA Dimensional US Marketwide Value ETF,5,120,14,29,54,1.0,10.0,0.0,0.0,8.68,16.62
96,PEY.O,Invesco High Yield Equity Dividend Achvrs ETF,5,120,14,29,54,1.0,10.0,0.0,0.0,8.13,17.46
96,SDOG.K,ALPS Sector Dividend Dogs ETF,5,120,14,29,54,1.0,10.0,0.0,0.0,7.9,18.15
96,IQDG.K,WisdomTree International Quality Dividend Growth,5,120,14,29,54,1.0,10.0,0.0,0.0,6.88,17.43
96,SPGM.K,SPDR Portfolio MSCI Global Stock Market ETF,5,120,14,29,54,1.0,10.0,0.0,0.0,9.21,17.65
96,NULV.K,Nuveen ESG Large-Cap Value ETF,5,120,14,29,54,1.0,10.0,0.0,0.0,7.25,17.78
96,XMLV.K,Invesco S&P MidCap Low Volatility ETF,5,120,14,29,54,1.0,10.0,0.0,0.0,8.42,16.26
96,REGL.K,ProShares S&P MidCap 400 Dividend Aristocrats ETF,5,120,14,29,54,1.0,10.0,0.0,0.0,8.27,18.41
96,EWJV.O,iShares MSCI Japan Value ETF,5,120,14,29,54,1.0,10.0,0.0,0.0,7.14,17.83
96,SDY,SPDR S&P Dividend ETF,5,120,14,29,54,1.0,10.0,0.0,0.0,8.75,16.49
96,EFG,iShares MSCI EAFE Growth ETF,5,120,14,29,54,1.0,10.0,0.0,0.0,6.88,17.93
96,DIEM.K,Franklin Emerging Market Core Dividend Tilt Ix ETF,5,120,14,24,79,1.0,10.0,0.0,0.0,8.45,16.01
96,DFAC.K,Dimensional U S Core Equity 2 ETF,5,120,14,29,54,1.0,10.0,0.0,0.0,8.2,17.32
96,ECLN.K,First Trust EIP Carbon Impact ETF,5,120,14,24,79,1.0,10.0,0.0,0.0,6.8,18.77
96,PUI.O,Invesco Dorsey Wright Utilities Momentum ETF,5,120,14,24,79,1.0,10.0,0.0,0.0,8.12,17.8
96,FMCX.K,FM Focus Equity ETF,5,120,14,24,79,1.0,10.0,0.0,0.0,8.06,17.02
96,XRLV.K,Invesco S&P 500 ex-Rate Sensitive LV ETF,5,120,14,24,79,1.0,10.0,0.0,0.0,8.91,16.04
96,KEM,KraneShares Dynamic Emerging Markets Strategy ETF,5,120,14,24,79,1.0,10.0,0.0,0.0,7.02,16.43
96,DFND.K,Siren DIVCON Dividend Defender ETF,5,120,14,24,79,1.0,10.0,0.0,0.0,7.37,16.75
96,HLGE.K,Hartford Longevity Economy ETF,5,120,14,24,79,1.0,10.0,0.0,0.0,7.52,16.4
96,EMSF.K,Matthews Emerging Markets Sustainable Ftr Actv ETF,5,120,14,24,79,1.0,10.0,0.0,0.0,8.49,18.29
96,JPSV.K,JPMorgan Active Small Cap Value ETF,5,120,14,24,79,1.0,10.0,0.0,0.0,7.51,16.6
96,WCEO.K,Hypatia Women CEO ETF,5,120,14,24,79,1.0,10.0,0.0,0.0,8.39,16.8
96,PCCE.K,Polen Capital China Growth ETF,5,120,14,24,79,1.0,10.0,0.0,0.0,7.06,18.69
96,IBGK.O,iShares iBonds Dec 2054 Term Treasury ETF,5,120,14,24,79,1.0,10.0,0.0,0.0,9.18,16.97
96,XLU,Utilities Select Sector SPDR Fund,5,120,14,29,54,1.0,10.0,0.0,0.0,7.76,17.66
96,ACWI.O,iShares MSCI ACWI ETF,5,120,14,29,54,1.0,10.0,0.0,0.0,9.39,17.16
96,VT,Vanguard Total World Stock Index Fund;ETF,5,120,14,29,54,1.0,10.0,0.0,0.0,9.19,17.33
96,DVY.O,iShares Select Dividend ETF,5,120,14,29,54,1.0,10.0,0.0,0.0,8.85,16.78
96,VLUE.K,iShares MSCI USA Value Factor ETF,5,120,14,29,54,1.0,10.0,0.0,0.0,8.6,18.61
96,XLU,Utilities Select Sector SPDR Fund,5,120,14,24,54,1.0,10.0,0.0,0.0,7.76,17.66
