Cluster,Symbol,Name,MA_Short_Window,MA_Long_Window,RSI_Window,RSI_Buy_Threshold,RSI_Sell_Threshold,Stop_Loss_Percent,Take_Profit_Percent,Average_Return,Symbol_sim_return,Return,Std Dev
103,SELV.K,SEI Enhanced Low Volatility US Large Cap ETF,5,60,14,49,54,1.0,10.0,14.71,36.34,6.4,12.4
103,BCIL.K,Bancreek International Large Cap ETF,5,60,14,49,54,1.0,10.0,14.71,0.0,6.29,10.59
103,PHDG.K,Invesco S&P 500 Downside Hedged ETF,5,60,14,49,54,1.0,10.0,14.71,7.18,4.29,11.27
103,TACK.K,Fairlead Tactical Sector ETF,5,60,14,49,54,1.0,10.0,14.71,5.51,2.65,10.21
103,YMAR.K,FT Vest International Equity Mod Buffer ETF - Mar,5,60,14,49,54,1.0,10.0,14.71,17.19,5.59,12.24
103,TOGA.K,Tremblant Global ETF,5,60,14,49,54,1.0,10.0,14.71,0.0,4.48,8.74
103,YJUN.K,FT Vest International Equity Moderate Buffer ETF,5,60,14,49,54,1.0,10.0,14.71,19.69,4.07,12.14
103,GAL,SPDR SSgA Global Allocation ETF,5,60,14,49,54,1.0,10.0,14.71,7.39,3.74,10.98
103,GDMA.K,Gadsden Dynamic Multi-Asset ETF,5,60,14,49,54,1.0,10.0,14.71,9.39,4.83,10.92
103,MPRO.K,Monarch ProCap Index ETF,5,60,14,49,54,1.0,10.0,14.71,1.39,4.32,9.75
103,HEQT.K,Simplify Hedged Equity ETF,5,60,14,49,54,1.0,10.0,14.71,21.19,4.5,8.77
103,DAUG.K,FT Vest US Equity Deep Buffer ETF - August,5,60,14,49,54,1.0,10.0,14.71,4.86,5.5,9.6
103,PTMC.K,Pacer Trendpilot US Mid Cap ETF,5,60,14,49,54,1.0,10.0,14.71,17.0,4.37,12.15
103,SIXJ.K,AllianzIM US LargeCap 6 Month Buffer10 Jan/Jul,5,60,14,49,54,1.0,10.0,14.71,21.65,5.93,10.74
103,COM,Direxion Auspice Broad Commodity Strategy ETF,5,60,14,49,54,1.0,10.0,14.71,1.09,2.8,10.59
103,KJUL.K,Innovator US Small Cap Power Buffer ETF - July,5,60,14,49,54,1.0,10.0,14.71,14.96,5.13,12.04
103,XDTE.K,Roundhill S&P 500 0DTE Covered Call Strategy ETF,5,60,14,49,54,1.0,10.0,14.71,0.0,2.98,9.79
103,UJUL.K,Innovator US Equity Ultra Buffer ETF - July,5,60,14,49,54,1.0,10.0,14.71,4.98,5.09,9.19
103,IJUL.K,Innovator Intl Developed Power Buffer ETF - July,5,60,14,49,54,1.0,10.0,14.71,10.86,4.88,11.65
103,AOR,iShares Core Growth Allocation ETF,5,60,14,49,54,1.0,10.0,14.71,11.96,5.58,10.4
103,ACWV.K,iShares MSCI Global Min Vol Factor ETF,5,60,14,49,54,1.0,10.0,14.71,6.25,6.46,12.15
103,MSMR.K,McElhenny Sheffield Managed Risk ETF,5,60,14,49,54,1.0,10.0,14.71,211.06,5.62,9.28
103,YDEC.K,FT Vest International Eq Mod Buffer ETF - Dec,5,60,14,49,54,1.0,10.0,14.71,23.88,5.93,11.77
103,PTIN.K,Pacer Trendpilot International ETF,5,60,14,49,54,1.0,10.0,14.71,19.45,3.9,12.73
103,OCIO.K,ClearShares OCIO ETF,5,60,14,49,54,1.0,10.0,14.71,15.48,4.89,11.29
103,MAYZ.K,TrueShares Structured Outcome (May) ETF,5,60,14,49,54,1.0,10.0,14.71,11.45,5.86,11.75
103,CMCI.K,VanEck CMCI Commodity Strategy ETF,5,60,14,49,54,1.0,10.0,14.71,0.0,5.03,10.24
103,UPGD.K,Invesco Bloomberg Analyst Rating Improvers ETF,5,60,14,49,54,1.0,10.0,14.71,0.0,4.56,9.14
103,VEMY.K,Virtus Stone Harbor Emerging Markets HY Bd ETF,5,60,14,49,54,1.0,10.0,14.71,0.0,3.99,8.94
103,FYLG.K,Global X Financials Covered Call & Growth ETF,5,60,14,49,54,1.0,10.0,14.71,0.0,3.01,11.81
103,XCLR.K,Global X S&P 500 Collar 95-110 ETF,5,60,14,49,54,1.0,10.0,14.71,13.67,5.49,10.42
103,JUNZ.K,TrueShares Structured Outcome (June) ETF,5,60,14,49,54,1.0,10.0,14.71,8.28,6.19,11.69
103,JADE.K,JPMorgan Active Developing Markets Equity ETF,5,60,14,49,54,1.0,10.0,14.71,0.0,6.5,11.93
103,MPAY.K,Akros Monthly Payout ETF,5,60,14,49,54,1.0,10.0,14.71,6.79,3.43,10.56
103,PAPI.K,Parametric Equity Premium Income ETF,5,60,14,49,54,1.0,10.0,14.71,0.0,4.79,9.27
103,TRND.K,Pacer Trendpilot Fund of Funds ETF,5,60,14,49,54,1.0,10.0,14.71,6.84,5.54,11.27
103,WBIL.K,WBI BullBear Quality 3000 ETF,5,60,14,49,54,1.0,10.0,14.71,8.51,3.63,11.32
103,MDST.K,Westwood Salient Enhanced Midstream Income ETF,5,60,14,49,54,1.0,10.0,14.71,0.0,4.07,12.53
103,USG,USCF Gold Strategy Plus Income Fund,5,60,14,49,54,1.0,10.0,14.71,16.46,5.33,12.05
103,EAOR.K,iShares ESG Aware Growth Allocation ETF,5,60,14,49,54,1.0,10.0,14.71,4.21,5.31,10.53
103,XBJA.K,Innovator US Eqty Accelerated 9 Buffer ETF - Jan,5,60,14,49,54,1.0,10.0,14.71,25.77,5.47,12.59
103,VEGA.K,AdvisorShares STAR Global Buy-Write ETF,5,60,14,49,54,1.0,10.0,14.71,17.26,5.39,11.93
103,GHTA.K,Goose Hollow Tactical Allocation ETF,5,60,14,49,54,1.0,10.0,14.71,53.35,5.58,12.59
103,JEPI.K,JPMorgan Equity Premium Income ETF,5,60,14,49,54,1.0,10.0,14.71,0.55,3.55,10.6
103,EVUS.K,iShares ESG Aware MSCI USA Value ETF,5,60,14,49,54,1.0,10.0,14.71,0.0,5.4,11.24
103,SELV.K,SEI Enhanced Low Volatility US Large Cap ETF,5,60,14,44,54,1.0,10.0,13.93,36.34,6.4,12.4
103,BCIL.K,Bancreek International Large Cap ETF,5,60,14,44,54,1.0,10.0,13.93,0.0,6.29,10.59
103,PAPI.K,Parametric Equity Premium Income ETF,5,60,14,44,54,1.0,10.0,13.93,0.0,4.79,9.27
103,GHTA.K,Goose Hollow Tactical Allocation ETF,5,60,14,44,54,1.0,10.0,13.93,0.0,5.58,12.59
103,VEGA.K,AdvisorShares STAR Global Buy-Write ETF,5,60,14,44,54,1.0,10.0,13.93,12.26,5.39,11.93
103,XBJA.K,Innovator US Eqty Accelerated 9 Buffer ETF - Jan,5,60,14,44,54,1.0,10.0,13.93,0.0,5.47,12.59
103,EAOR.K,iShares ESG Aware Growth Allocation ETF,5,60,14,44,54,1.0,10.0,13.93,4.21,5.31,10.53
103,USG,USCF Gold Strategy Plus Income Fund,5,60,14,44,54,1.0,10.0,13.93,16.46,5.33,12.05
103,MDST.K,Westwood Salient Enhanced Midstream Income ETF,5,60,14,44,54,1.0,10.0,13.93,0.0,4.07,12.53
103,WBIL.K,WBI BullBear Quality 3000 ETF,5,60,14,44,54,1.0,10.0,13.93,2.37,3.63,11.32
103,TRND.K,Pacer Trendpilot Fund of Funds ETF,5,60,14,44,54,1.0,10.0,13.93,13.42,5.54,11.27
103,MPAY.K,Akros Monthly Payout ETF,5,60,14,44,54,1.0,10.0,13.93,36.67,3.43,10.56
103,OCIO.K,ClearShares OCIO ETF,5,60,14,44,54,1.0,10.0,13.93,3.73,4.89,11.29
103,JADE.K,JPMorgan Active Developing Markets Equity ETF,5,60,14,44,54,1.0,10.0,13.93,0.0,6.5,11.93
103,JUNZ.K,TrueShares Structured Outcome (June) ETF,5,60,14,44,54,1.0,10.0,13.93,8.28,6.19,11.69
103,XCLR.K,Global X S&P 500 Collar 95-110 ETF,5,60,14,44,54,1.0,10.0,13.93,13.67,5.49,10.42
103,FYLG.K,Global X Financials Covered Call & Growth ETF,5,60,14,44,54,1.0,10.0,13.93,0.0,3.01,11.81
103,VEMY.K,Virtus Stone Harbor Emerging Markets HY Bd ETF,5,60,14,44,54,1.0,10.0,13.93,0.0,3.99,8.94
103,UPGD.K,Invesco Bloomberg Analyst Rating Improvers ETF,5,60,14,44,54,1.0,10.0,13.93,0.0,4.56,9.14
103,CMCI.K,VanEck CMCI Commodity Strategy ETF,5,60,14,44,54,1.0,10.0,13.93,0.0,5.03,10.24
103,MAYZ.K,TrueShares Structured Outcome (May) ETF,5,60,14,44,54,1.0,10.0,13.93,8.61,5.86,11.75
103,PTIN.K,Pacer Trendpilot International ETF,5,60,14,44,54,1.0,10.0,13.93,18.93,3.9,12.73
103,YDEC.K,FT Vest International Eq Mod Buffer ETF - Dec,5,60,14,44,54,1.0,10.0,13.93,21.35,5.93,11.77
103,MSMR.K,McElhenny Sheffield Managed Risk ETF,5,60,14,44,54,1.0,10.0,13.93,211.06,5.62,9.28
103,PTMC.K,Pacer Trendpilot US Mid Cap ETF,5,60,14,44,54,1.0,10.0,13.93,22.82,4.37,12.15
103,ACWV.K,iShares MSCI Global Min Vol Factor ETF,5,60,14,44,54,1.0,10.0,13.93,0.0,6.46,12.15
103,AOR,iShares Core Growth Allocation ETF,5,60,14,44,54,1.0,10.0,13.93,10.86,5.58,10.4
103,IJUL.K,Innovator Intl Developed Power Buffer ETF - July,5,60,14,44,54,1.0,10.0,13.93,14.13,4.88,11.65
103,UJUL.K,Innovator US Equity Ultra Buffer ETF - July,5,60,14,44,54,1.0,10.0,13.93,10.22,5.09,9.19
103,XDTE.K,Roundhill S&P 500 0DTE Covered Call Strategy ETF,5,60,14,44,54,1.0,10.0,13.93,0.0,2.98,9.79
103,KJUL.K,Innovator US Small Cap Power Buffer ETF - July,5,60,14,44,54,1.0,10.0,13.93,12.61,5.13,12.04
103,COM,Direxion Auspice Broad Commodity Strategy ETF,5,60,14,44,54,1.0,10.0,13.93,3.94,2.8,10.59
103,SIXJ.K,AllianzIM US LargeCap 6 Month Buffer10 Jan/Jul,5,60,14,44,54,1.0,10.0,13.93,0.0,5.93,10.74
103,DAUG.K,FT Vest US Equity Deep Buffer ETF - August,5,60,14,44,54,1.0,10.0,13.93,12.21,5.5,9.6
103,PHDG.K,Invesco S&P 500 Downside Hedged ETF,5,60,14,44,54,1.0,10.0,13.93,8.06,4.29,11.27
103,HEQT.K,Simplify Hedged Equity ETF,5,60,14,44,54,1.0,10.0,13.93,20.58,4.5,8.77
103,MPRO.K,Monarch ProCap Index ETF,5,60,14,44,54,1.0,10.0,13.93,1.39,4.32,9.75
103,GDMA.K,Gadsden Dynamic Multi-Asset ETF,5,60,14,44,54,1.0,10.0,13.93,9.39,4.83,10.92
103,GAL,SPDR SSgA Global Allocation ETF,5,60,14,44,54,1.0,10.0,13.93,7.39,3.74,10.98
103,YJUN.K,FT Vest International Equity Moderate Buffer ETF,5,60,14,44,54,1.0,10.0,13.93,19.69,4.07,12.14
103,TOGA.K,Tremblant Global ETF,5,60,14,44,54,1.0,10.0,13.93,0.0,4.48,8.74
103,YMAR.K,FT Vest International Equity Mod Buffer ETF - Mar,5,60,14,44,54,1.0,10.0,13.93,17.19,5.59,12.24
103,TACK.K,Fairlead Tactical Sector ETF,5,60,14,44,54,1.0,10.0,13.93,48.24,2.65,10.21
103,EVUS.K,iShares ESG Aware MSCI USA Value ETF,5,60,14,44,54,1.0,10.0,13.93,0.0,5.4,11.24
103,JEPI.K,JPMorgan Equity Premium Income ETF,5,60,14,44,54,1.0,10.0,13.93,0.55,3.55,10.6
103,JEPI.K,JPMorgan Equity Premium Income ETF,5,60,14,49,59,1.0,10.0,13.35,-0.33,3.55,10.6
103,JADE.K,JPMorgan Active Developing Markets Equity ETF,5,60,14,49,59,1.0,10.0,13.35,0.0,6.5,11.93
103,VEGA.K,AdvisorShares STAR Global Buy-Write ETF,5,60,14,49,59,1.0,10.0,13.35,13.35,5.39,11.93
103,XBJA.K,Innovator US Eqty Accelerated 9 Buffer ETF - Jan,5,60,14,49,59,1.0,10.0,13.35,31.1,5.47,12.59
103,EAOR.K,iShares ESG Aware Growth Allocation ETF,5,60,14,49,59,1.0,10.0,13.35,6.54,5.31,10.53
103,USG,USCF Gold Strategy Plus Income Fund,5,60,14,49,59,1.0,10.0,13.35,18.25,5.33,12.05
103,MDST.K,Westwood Salient Enhanced Midstream Income ETF,5,60,14,49,59,1.0,10.0,13.35,0.0,4.07,12.53
103,WBIL.K,WBI BullBear Quality 3000 ETF,5,60,14,49,59,1.0,10.0,13.35,7.68,3.63,11.32
103,TRND.K,Pacer Trendpilot Fund of Funds ETF,5,60,14,49,59,1.0,10.0,13.35,12.03,5.54,11.27
103,MPAY.K,Akros Monthly Payout ETF,5,60,14,49,59,1.0,10.0,13.35,9.43,3.43,10.56
103,OCIO.K,ClearShares OCIO ETF,5,60,14,49,59,1.0,10.0,13.35,11.23,4.89,11.29
103,JUNZ.K,TrueShares Structured Outcome (June) ETF,5,60,14,49,59,1.0,10.0,13.35,10.31,6.19,11.69
103,PAPI.K,Parametric Equity Premium Income ETF,5,60,14,49,59,1.0,10.0,13.35,0.0,4.79,9.27
103,XCLR.K,Global X S&P 500 Collar 95-110 ETF,5,60,14,49,59,1.0,10.0,13.35,9.01,5.49,10.42
103,FYLG.K,Global X Financials Covered Call & Growth ETF,5,60,14,49,59,1.0,10.0,13.35,0.0,3.01,11.81
103,VEMY.K,Virtus Stone Harbor Emerging Markets HY Bd ETF,5,60,14,49,59,1.0,10.0,13.35,0.0,3.99,8.94
103,UPGD.K,Invesco Bloomberg Analyst Rating Improvers ETF,5,60,14,49,59,1.0,10.0,13.35,0.0,4.56,9.14
103,CMCI.K,VanEck CMCI Commodity Strategy ETF,5,60,14,49,59,1.0,10.0,13.35,0.0,5.03,10.24
103,MAYZ.K,TrueShares Structured Outcome (May) ETF,5,60,14,49,59,1.0,10.0,13.35,8.25,5.86,11.75
103,EVUS.K,iShares ESG Aware MSCI USA Value ETF,5,60,14,49,59,1.0,10.0,13.35,0.0,5.4,11.24
103,BCIL.K,Bancreek International Large Cap ETF,5,60,14,49,59,1.0,10.0,13.35,0.0,6.29,10.59
103,ACWV.K,iShares MSCI Global Min Vol Factor ETF,5,60,14,49,59,1.0,10.0,13.35,9.28,6.46,12.15
103,GHTA.K,Goose Hollow Tactical Allocation ETF,5,60,14,49,59,1.0,10.0,13.35,48.81,5.58,12.59
103,SELV.K,SEI Enhanced Low Volatility US Large Cap ETF,5,60,14,49,59,1.0,10.0,13.35,36.98,6.4,12.4
103,PTIN.K,Pacer Trendpilot International ETF,5,60,14,49,59,1.0,10.0,13.35,20.8,3.9,12.73
103,MPRO.K,Monarch ProCap Index ETF,5,60,14,49,59,1.0,10.0,13.35,2.59,4.32,9.75
103,IJUL.K,Innovator Intl Developed Power Buffer ETF - July,5,60,14,49,59,1.0,10.0,13.35,10.86,4.88,11.65
103,UJUL.K,Innovator US Equity Ultra Buffer ETF - July,5,60,14,49,59,1.0,10.0,13.35,8.24,5.09,9.19
103,XDTE.K,Roundhill S&P 500 0DTE Covered Call Strategy ETF,5,60,14,49,59,1.0,10.0,13.35,0.0,2.98,9.79
103,KJUL.K,Innovator US Small Cap Power Buffer ETF - July,5,60,14,49,59,1.0,10.0,13.35,4.61,5.13,12.04
103,COM,Direxion Auspice Broad Commodity Strategy ETF,5,60,14,49,59,1.0,10.0,13.35,3.79,2.8,10.59
103,SIXJ.K,AllianzIM US LargeCap 6 Month Buffer10 Jan/Jul,5,60,14,49,59,1.0,10.0,13.35,26.55,5.93,10.74
103,PTMC.K,Pacer Trendpilot US Mid Cap ETF,5,60,14,49,59,1.0,10.0,13.35,6.64,4.37,12.15
103,DAUG.K,FT Vest US Equity Deep Buffer ETF - August,5,60,14,49,59,1.0,10.0,13.35,7.32,5.5,9.6
103,HEQT.K,Simplify Hedged Equity ETF,5,60,14,49,59,1.0,10.0,13.35,18.26,4.5,8.77
103,AOR,iShares Core Growth Allocation ETF,5,60,14,49,59,1.0,10.0,13.35,11.54,5.58,10.4
103,GDMA.K,Gadsden Dynamic Multi-Asset ETF,5,60,14,49,59,1.0,10.0,13.35,14.86,4.83,10.92
103,YJUN.K,FT Vest International Equity Moderate Buffer ETF,5,60,14,49,59,1.0,10.0,13.35,15.57,4.07,12.14
103,TOGA.K,Tremblant Global ETF,5,60,14,49,59,1.0,10.0,13.35,0.0,4.48,8.74
103,YMAR.K,FT Vest International Equity Mod Buffer ETF - Mar,5,60,14,49,59,1.0,10.0,13.35,18.26,5.59,12.24
103,TACK.K,Fairlead Tactical Sector ETF,5,60,14,49,59,1.0,10.0,13.35,12.03,2.65,10.21
103,PHDG.K,Invesco S&P 500 Downside Hedged ETF,5,60,14,49,59,1.0,10.0,13.35,4.55,4.29,11.27
103,MSMR.K,McElhenny Sheffield Managed Risk ETF,5,60,14,49,59,1.0,10.0,13.35,152.32,5.62,9.28
103,YDEC.K,FT Vest International Eq Mod Buffer ETF - Dec,5,60,14,49,59,1.0,10.0,13.35,21.96,5.93,11.77
103,GAL,SPDR SSgA Global Allocation ETF,5,60,14,49,59,1.0,10.0,13.35,8.04,3.74,10.98
103,TOGA.K,Tremblant Global ETF,5,60,14,34,54,1.0,10.0,12.8,0.0,4.48,8.74
103,GDMA.K,Gadsden Dynamic Multi-Asset ETF,5,60,14,34,54,1.0,10.0,12.8,38.25,4.83,10.92
103,GAL,SPDR SSgA Global Allocation ETF,5,60,14,34,54,1.0,10.0,12.8,0.0,3.74,10.98
103,YJUN.K,FT Vest International Equity Moderate Buffer ETF,5,60,14,34,54,1.0,10.0,12.8,73.12,4.07,12.14
103,MSMR.K,McElhenny Sheffield Managed Risk ETF,5,60,14,34,54,1.0,10.0,12.8,211.06,5.62,9.28
103,YMAR.K,FT Vest International Equity Mod Buffer ETF - Mar,5,60,14,34,54,1.0,10.0,12.8,17.19,5.59,12.24
103,TACK.K,Fairlead Tactical Sector ETF,5,60,14,34,54,1.0,10.0,12.8,0.0,2.65,10.21
103,PHDG.K,Invesco S&P 500 Downside Hedged ETF,5,60,14,34,54,1.0,10.0,12.8,2.47,4.29,11.27
103,HEQT.K,Simplify Hedged Equity ETF,5,60,14,34,54,1.0,10.0,12.8,0.0,4.5,8.77
103,MPRO.K,Monarch ProCap Index ETF,5,60,14,34,54,1.0,10.0,12.8,0.0,4.32,9.75
103,KJUL.K,Innovator US Small Cap Power Buffer ETF - July,5,60,14,34,54,1.0,10.0,12.8,0.0,5.13,12.04
103,DAUG.K,FT Vest US Equity Deep Buffer ETF - August,5,60,14,34,54,1.0,10.0,12.8,0.0,5.5,9.6
103,PTMC.K,Pacer Trendpilot US Mid Cap ETF,5,60,14,34,54,1.0,10.0,12.8,0.0,4.37,12.15
103,SIXJ.K,AllianzIM US LargeCap 6 Month Buffer10 Jan/Jul,5,60,14,34,54,1.0,10.0,12.8,0.0,5.93,10.74
103,COM,Direxion Auspice Broad Commodity Strategy ETF,5,60,14,34,54,1.0,10.0,12.8,21.11,2.8,10.59
103,XDTE.K,Roundhill S&P 500 0DTE Covered Call Strategy ETF,5,60,14,34,54,1.0,10.0,12.8,0.0,2.98,9.79
103,UJUL.K,Innovator US Equity Ultra Buffer ETF - July,5,60,14,34,54,1.0,10.0,12.8,17.37,5.09,9.19
103,IJUL.K,Innovator Intl Developed Power Buffer ETF - July,5,60,14,34,54,1.0,10.0,12.8,0.0,4.88,11.65
103,AOR,iShares Core Growth Allocation ETF,5,60,14,34,54,1.0,10.0,12.8,0.0,5.58,10.4
103,ACWV.K,iShares MSCI Global Min Vol Factor ETF,5,60,14,34,54,1.0,10.0,12.8,0.0,6.46,12.15
103,JEPI.K,JPMorgan Equity Premium Income ETF,5,60,14,34,54,1.0,10.0,12.8,0.0,3.55,10.6
103,YDEC.K,FT Vest International Eq Mod Buffer ETF - Dec,5,60,14,34,54,1.0,10.0,12.8,21.35,5.93,11.77
103,WBIL.K,WBI BullBear Quality 3000 ETF,5,60,14,34,54,1.0,10.0,12.8,2.37,3.63,11.32
103,SELV.K,SEI Enhanced Low Volatility US Large Cap ETF,5,60,14,34,54,1.0,10.0,12.8,0.0,6.4,12.4
103,PTIN.K,Pacer Trendpilot International ETF,5,60,14,34,54,1.0,10.0,12.8,163.1,3.9,12.73
103,MAYZ.K,TrueShares Structured Outcome (May) ETF,5,60,14,34,54,1.0,10.0,12.8,8.61,5.86,11.75
103,CMCI.K,VanEck CMCI Commodity Strategy ETF,5,60,14,34,54,1.0,10.0,12.8,0.0,5.03,10.24
103,UPGD.K,Invesco Bloomberg Analyst Rating Improvers ETF,5,60,14,34,54,1.0,10.0,12.8,0.0,4.56,9.14
103,VEMY.K,Virtus Stone Harbor Emerging Markets HY Bd ETF,5,60,14,34,54,1.0,10.0,12.8,0.0,3.99,8.94
103,FYLG.K,Global X Financials Covered Call & Growth ETF,5,60,14,34,54,1.0,10.0,12.8,0.0,3.01,11.81
103,XCLR.K,Global X S&P 500 Collar 95-110 ETF,5,60,14,34,54,1.0,10.0,12.8,0.0,5.49,10.42
103,JUNZ.K,TrueShares Structured Outcome (June) ETF,5,60,14,34,54,1.0,10.0,12.8,0.0,6.19,11.69
103,JADE.K,JPMorgan Active Developing Markets Equity ETF,5,60,14,34,54,1.0,10.0,12.8,0.0,6.5,11.93
103,OCIO.K,ClearShares OCIO ETF,5,60,14,34,54,1.0,10.0,12.8,0.0,4.89,11.29
103,MPAY.K,Akros Monthly Payout ETF,5,60,14,34,54,1.0,10.0,12.8,0.0,3.43,10.56
103,TRND.K,Pacer Trendpilot Fund of Funds ETF,5,60,14,34,54,1.0,10.0,12.8,0.0,5.54,11.27
103,BCIL.K,Bancreek International Large Cap ETF,5,60,14,34,54,1.0,10.0,12.8,0.0,6.29,10.59
103,MDST.K,Westwood Salient Enhanced Midstream Income ETF,5,60,14,34,54,1.0,10.0,12.8,0.0,4.07,12.53
103,USG,USCF Gold Strategy Plus Income Fund,5,60,14,34,54,1.0,10.0,12.8,0.0,5.33,12.05
103,EAOR.K,iShares ESG Aware Growth Allocation ETF,5,60,14,34,54,1.0,10.0,12.8,0.0,5.31,10.53
103,XBJA.K,Innovator US Eqty Accelerated 9 Buffer ETF - Jan,5,60,14,34,54,1.0,10.0,12.8,0.0,5.47,12.59
103,VEGA.K,AdvisorShares STAR Global Buy-Write ETF,5,60,14,34,54,1.0,10.0,12.8,0.0,5.39,11.93
103,GHTA.K,Goose Hollow Tactical Allocation ETF,5,60,14,34,54,1.0,10.0,12.8,0.0,5.58,12.59
103,PAPI.K,Parametric Equity Premium Income ETF,5,60,14,34,54,1.0,10.0,12.8,0.0,4.79,9.27
103,EVUS.K,iShares ESG Aware MSCI USA Value ETF,5,60,14,34,54,1.0,10.0,12.8,0.0,5.4,11.24
103,JEPI.K,JPMorgan Equity Premium Income ETF,5,60,14,44,59,1.0,10.0,12.19,-0.33,3.55,10.6
103,TRND.K,Pacer Trendpilot Fund of Funds ETF,5,60,14,44,59,1.0,10.0,12.19,15.41,5.54,11.27
103,PTIN.K,Pacer Trendpilot International ETF,5,60,14,44,59,1.0,10.0,12.19,18.72,3.9,12.73
103,GHTA.K,Goose Hollow Tactical Allocation ETF,5,60,14,44,59,1.0,10.0,12.19,0.0,5.58,12.59
103,VEGA.K,AdvisorShares STAR Global Buy-Write ETF,5,60,14,44,59,1.0,10.0,12.19,9.52,5.39,11.93
103,EAOR.K,iShares ESG Aware Growth Allocation ETF,5,60,14,44,59,1.0,10.0,12.19,6.54,5.31,10.53
103,USG,USCF Gold Strategy Plus Income Fund,5,60,14,44,59,1.0,10.0,12.19,18.25,5.33,12.05
103,MDST.K,Westwood Salient Enhanced Midstream Income ETF,5,60,14,44,59,1.0,10.0,12.19,0.0,4.07,12.53
103,WBIL.K,WBI BullBear Quality 3000 ETF,5,60,14,44,59,1.0,10.0,12.19,6.32,3.63,11.32
103,BCIL.K,Bancreek International Large Cap ETF,5,60,14,44,59,1.0,10.0,12.19,0.0,6.29,10.59
103,MPAY.K,Akros Monthly Payout ETF,5,60,14,44,59,1.0,10.0,12.19,35.16,3.43,10.56
103,OCIO.K,ClearShares OCIO ETF,5,60,14,44,59,1.0,10.0,12.19,4.92,4.89,11.29
103,JADE.K,JPMorgan Active Developing Markets Equity ETF,5,60,14,44,59,1.0,10.0,12.19,0.0,6.5,11.93
103,JUNZ.K,TrueShares Structured Outcome (June) ETF,5,60,14,44,59,1.0,10.0,12.19,10.31,6.19,11.69
103,XCLR.K,Global X S&P 500 Collar 95-110 ETF,5,60,14,44,59,1.0,10.0,12.19,9.01,5.49,10.42
103,FYLG.K,Global X Financials Covered Call & Growth ETF,5,60,14,44,59,1.0,10.0,12.19,0.0,3.01,11.81
103,VEMY.K,Virtus Stone Harbor Emerging Markets HY Bd ETF,5,60,14,44,59,1.0,10.0,12.19,0.0,3.99,8.94
103,UPGD.K,Invesco Bloomberg Analyst Rating Improvers ETF,5,60,14,44,59,1.0,10.0,12.19,0.0,4.56,9.14
103,CMCI.K,VanEck CMCI Commodity Strategy ETF,5,60,14,44,59,1.0,10.0,12.19,0.0,5.03,10.24
103,MAYZ.K,TrueShares Structured Outcome (May) ETF,5,60,14,44,59,1.0,10.0,12.19,8.25,5.86,11.75
103,EVUS.K,iShares ESG Aware MSCI USA Value ETF,5,60,14,44,59,1.0,10.0,12.19,0.0,5.4,11.24
103,ACWV.K,iShares MSCI Global Min Vol Factor ETF,5,60,14,44,59,1.0,10.0,12.19,0.0,6.46,12.15
103,PAPI.K,Parametric Equity Premium Income ETF,5,60,14,44,59,1.0,10.0,12.19,0.0,4.79,9.27
103,XBJA.K,Innovator US Eqty Accelerated 9 Buffer ETF - Jan,5,60,14,44,59,1.0,10.0,12.19,0.0,5.47,12.59
103,SELV.K,SEI Enhanced Low Volatility US Large Cap ETF,5,60,14,44,59,1.0,10.0,12.19,36.98,6.4,12.4
103,HEQT.K,Simplify Hedged Equity ETF,5,60,14,44,59,1.0,10.0,12.19,20.6,4.5,8.77
103,AOR,iShares Core Growth Allocation ETF,5,60,14,44,59,1.0,10.0,12.19,10.87,5.58,10.4
103,IJUL.K,Innovator Intl Developed Power Buffer ETF - July,5,60,14,44,59,1.0,10.0,12.19,14.13,4.88,11.65
103,UJUL.K,Innovator US Equity Ultra Buffer ETF - July,5,60,14,44,59,1.0,10.0,12.19,12.15,5.09,9.19
103,XDTE.K,Roundhill S&P 500 0DTE Covered Call Strategy ETF,5,60,14,44,59,1.0,10.0,12.19,0.0,2.98,9.79
103,KJUL.K,Innovator US Small Cap Power Buffer ETF - July,5,60,14,44,59,1.0,10.0,12.19,8.03,5.13,12.04
103,COM,Direxion Auspice Broad Commodity Strategy ETF,5,60,14,44,59,1.0,10.0,12.19,7.29,2.8,10.59
103,YDEC.K,FT Vest International Eq Mod Buffer ETF - Dec,5,60,14,44,59,1.0,10.0,12.19,17.83,5.93,11.77
103,PTMC.K,Pacer Trendpilot US Mid Cap ETF,5,60,14,44,59,1.0,10.0,12.19,7.52,4.37,12.15
103,DAUG.K,FT Vest US Equity Deep Buffer ETF - August,5,60,14,44,59,1.0,10.0,12.19,14.92,5.5,9.6
103,SIXJ.K,AllianzIM US LargeCap 6 Month Buffer10 Jan/Jul,5,60,14,44,59,1.0,10.0,12.19,0.0,5.93,10.74
103,MPRO.K,Monarch ProCap Index ETF,5,60,14,44,59,1.0,10.0,12.19,2.59,4.32,9.75
103,YMAR.K,FT Vest International Equity Mod Buffer ETF - Mar,5,60,14,44,59,1.0,10.0,12.19,18.26,5.59,12.24
103,GDMA.K,Gadsden Dynamic Multi-Asset ETF,5,60,14,44,59,1.0,10.0,12.19,14.86,4.83,10.92
103,PHDG.K,Invesco S&P 500 Downside Hedged ETF,5,60,14,44,59,1.0,10.0,12.19,3.89,4.29,11.27
103,TACK.K,Fairlead Tactical Sector ETF,5,60,14,44,59,1.0,10.0,12.19,40.44,2.65,10.21
103,MSMR.K,McElhenny Sheffield Managed Risk ETF,5,60,14,44,59,1.0,10.0,12.19,152.32,5.62,9.28
103,TOGA.K,Tremblant Global ETF,5,60,14,44,59,1.0,10.0,12.19,0.0,4.48,8.74
103,YJUN.K,FT Vest International Equity Moderate Buffer ETF,5,60,14,44,59,1.0,10.0,12.19,15.57,4.07,12.14
103,GAL,SPDR SSgA Global Allocation ETF,5,60,14,44,59,1.0,10.0,12.19,8.04,3.74,10.98
103,JADE.K,JPMorgan Active Developing Markets Equity ETF,5,60,14,49,64,1.0,10.0,11.27,0.0,6.5,11.93
103,VEGA.K,AdvisorShares STAR Global Buy-Write ETF,5,60,14,49,64,1.0,10.0,11.27,12.66,5.39,11.93
103,XBJA.K,Innovator US Eqty Accelerated 9 Buffer ETF - Jan,5,60,14,49,64,1.0,10.0,11.27,16.23,5.47,12.59
103,EAOR.K,iShares ESG Aware Growth Allocation ETF,5,60,14,49,64,1.0,10.0,11.27,6.78,5.31,10.53
103,USG,USCF Gold Strategy Plus Income Fund,5,60,14,49,64,1.0,10.0,11.27,19.05,5.33,12.05
103,MDST.K,Westwood Salient Enhanced Midstream Income ETF,5,60,14,49,64,1.0,10.0,11.27,0.0,4.07,12.53
103,WBIL.K,WBI BullBear Quality 3000 ETF,5,60,14,49,64,1.0,10.0,11.27,7.98,3.63,11.32
103,TRND.K,Pacer Trendpilot Fund of Funds ETF,5,60,14,49,64,1.0,10.0,11.27,8.16,5.54,11.27
103,MPAY.K,Akros Monthly Payout ETF,5,60,14,49,64,1.0,10.0,11.27,12.12,3.43,10.56
103,OCIO.K,ClearShares OCIO ETF,5,60,14,49,64,1.0,10.0,11.27,8.22,4.89,11.29
103,ACWV.K,iShares MSCI Global Min Vol Factor ETF,5,60,14,49,64,1.0,10.0,11.27,9.46,6.46,12.15
103,JUNZ.K,TrueShares Structured Outcome (June) ETF,5,60,14,49,64,1.0,10.0,11.27,9.36,6.19,11.69
103,XCLR.K,Global X S&P 500 Collar 95-110 ETF,5,60,14,49,64,1.0,10.0,11.27,12.47,5.49,10.42
103,FYLG.K,Global X Financials Covered Call & Growth ETF,5,60,14,49,64,1.0,10.0,11.27,0.0,3.01,11.81
103,VEMY.K,Virtus Stone Harbor Emerging Markets HY Bd ETF,5,60,14,49,64,1.0,10.0,11.27,0.0,3.99,8.94
103,UPGD.K,Invesco Bloomberg Analyst Rating Improvers ETF,5,60,14,49,64,1.0,10.0,11.27,0.0,4.56,9.14
103,CMCI.K,VanEck CMCI Commodity Strategy ETF,5,60,14,49,64,1.0,10.0,11.27,0.0,5.03,10.24
103,MAYZ.K,TrueShares Structured Outcome (May) ETF,5,60,14,49,64,1.0,10.0,11.27,10.74,5.86,11.75
103,EVUS.K,iShares ESG Aware MSCI USA Value ETF,5,60,14,49,64,1.0,10.0,11.27,0.0,5.4,11.24
103,BCIL.K,Bancreek International Large Cap ETF,5,60,14,49,64,1.0,10.0,11.27,0.0,6.29,10.59
103,GHTA.K,Goose Hollow Tactical Allocation ETF,5,60,14,49,64,1.0,10.0,11.27,11.82,5.58,12.59
103,AOR,iShares Core Growth Allocation ETF,5,60,14,49,64,1.0,10.0,11.27,10.8,5.58,10.4
103,PAPI.K,Parametric Equity Premium Income ETF,5,60,14,49,64,1.0,10.0,11.27,0.0,4.79,9.27
103,PTIN.K,Pacer Trendpilot International ETF,5,60,14,49,64,1.0,10.0,11.27,14.4,3.9,12.73
103,IJUL.K,Innovator Intl Developed Power Buffer ETF - July,5,60,14,49,64,1.0,10.0,11.27,9.77,4.88,11.65
103,UJUL.K,Innovator US Equity Ultra Buffer ETF - July,5,60,14,49,64,1.0,10.0,11.27,7.23,5.09,9.19
103,XDTE.K,Roundhill S&P 500 0DTE Covered Call Strategy ETF,5,60,14,49,64,1.0,10.0,11.27,0.0,2.98,9.79
103,KJUL.K,Innovator US Small Cap Power Buffer ETF - July,5,60,14,49,64,1.0,10.0,11.27,4.37,5.13,12.04
103,COM,Direxion Auspice Broad Commodity Strategy ETF,5,60,14,49,64,1.0,10.0,11.27,3.79,2.8,10.59
103,SIXJ.K,AllianzIM US LargeCap 6 Month Buffer10 Jan/Jul,5,60,14,49,64,1.0,10.0,11.27,20.48,5.93,10.74
103,PTMC.K,Pacer Trendpilot US Mid Cap ETF,5,60,14,49,64,1.0,10.0,11.27,5.79,4.37,12.15
103,DAUG.K,FT Vest US Equity Deep Buffer ETF - August,5,60,14,49,64,1.0,10.0,11.27,7.62,5.5,9.6
103,HEQT.K,Simplify Hedged Equity ETF,5,60,14,49,64,1.0,10.0,11.27,10.94,4.5,8.77
103,MPRO.K,Monarch ProCap Index ETF,5,60,14,49,64,1.0,10.0,11.27,3.52,4.32,9.75
103,GDMA.K,Gadsden Dynamic Multi-Asset ETF,5,60,14,49,64,1.0,10.0,11.27,14.86,4.83,10.92
103,GAL,SPDR SSgA Global Allocation ETF,5,60,14,49,64,1.0,10.0,11.27,6.29,3.74,10.98
103,YJUN.K,FT Vest International Equity Moderate Buffer ETF,5,60,14,49,64,1.0,10.0,11.27,12.54,4.07,12.14
103,TOGA.K,Tremblant Global ETF,5,60,14,49,64,1.0,10.0,11.27,0.0,4.48,8.74
103,YMAR.K,FT Vest International Equity Mod Buffer ETF - Mar,5,60,14,49,64,1.0,10.0,11.27,13.85,5.59,12.24
103,TACK.K,Fairlead Tactical Sector ETF,5,60,14,49,64,1.0,10.0,11.27,13.75,2.65,10.21
103,PHDG.K,Invesco S&P 500 Downside Hedged ETF,5,60,14,49,64,1.0,10.0,11.27,6.62,4.29,11.27
103,MSMR.K,McElhenny Sheffield Managed Risk ETF,5,60,14,49,64,1.0,10.0,11.27,152.32,5.62,9.28
103,YDEC.K,FT Vest International Eq Mod Buffer ETF - Dec,5,60,14,49,64,1.0,10.0,11.27,11.96,5.93,11.77
103,JEPI.K,JPMorgan Equity Premium Income ETF,5,60,14,49,64,1.0,10.0,11.27,-0.33,3.55,10.6
103,SELV.K,SEI Enhanced Low Volatility US Large Cap ETF,5,60,14,49,64,1.0,10.0,11.27,31.65,6.4,12.4
103,MSMR.K,McElhenny Sheffield Managed Risk ETF,5,60,14,44,64,1.0,10.0,11.16,152.32,5.62,9.28
103,JEPI.K,JPMorgan Equity Premium Income ETF,5,60,14,44,64,1.0,10.0,11.16,-0.33,3.55,10.6
103,EVUS.K,iShares ESG Aware MSCI USA Value ETF,5,60,14,44,64,1.0,10.0,11.16,0.0,5.4,11.24
103,PHDG.K,Invesco S&P 500 Downside Hedged ETF,5,60,14,44,64,1.0,10.0,11.16,5.71,4.29,11.27
103,TACK.K,Fairlead Tactical Sector ETF,5,60,14,44,64,1.0,10.0,11.16,37.29,2.65,10.21
103,YMAR.K,FT Vest International Equity Mod Buffer ETF - Mar,5,60,14,44,64,1.0,10.0,11.16,13.85,5.59,12.24
103,TOGA.K,Tremblant Global ETF,5,60,14,44,64,1.0,10.0,11.16,0.0,4.48,8.74
103,YJUN.K,FT Vest International Equity Moderate Buffer ETF,5,60,14,44,64,1.0,10.0,11.16,12.54,4.07,12.14
103,GAL,SPDR SSgA Global Allocation ETF,5,60,14,44,64,1.0,10.0,11.16,6.29,3.74,10.98
103,GDMA.K,Gadsden Dynamic Multi-Asset ETF,5,60,14,44,64,1.0,10.0,11.16,14.86,4.83,10.92
103,MPRO.K,Monarch ProCap Index ETF,5,60,14,44,64,1.0,10.0,11.16,3.52,4.32,9.75
103,HEQT.K,Simplify Hedged Equity ETF,5,60,14,44,64,1.0,10.0,11.16,12.19,4.5,8.77
103,DAUG.K,FT Vest US Equity Deep Buffer ETF - August,5,60,14,44,64,1.0,10.0,11.16,11.82,5.5,9.6
103,PTMC.K,Pacer Trendpilot US Mid Cap ETF,5,60,14,44,64,1.0,10.0,11.16,6.49,4.37,12.15
103,SIXJ.K,AllianzIM US LargeCap 6 Month Buffer10 Jan/Jul,5,60,14,44,64,1.0,10.0,11.16,0.0,5.93,10.74
103,COM,Direxion Auspice Broad Commodity Strategy ETF,5,60,14,44,64,1.0,10.0,11.16,7.29,2.8,10.59
103,KJUL.K,Innovator US Small Cap Power Buffer ETF - July,5,60,14,44,64,1.0,10.0,11.16,6.87,5.13,12.04
103,XDTE.K,Roundhill S&P 500 0DTE Covered Call Strategy ETF,5,60,14,44,64,1.0,10.0,11.16,0.0,2.98,9.79
103,UJUL.K,Innovator US Equity Ultra Buffer ETF - July,5,60,14,44,64,1.0,10.0,11.16,9.85,5.09,9.19
103,IJUL.K,Innovator Intl Developed Power Buffer ETF - July,5,60,14,44,64,1.0,10.0,11.16,11.16,4.88,11.65
103,AOR,iShares Core Growth Allocation ETF,5,60,14,44,64,1.0,10.0,11.16,10.05,5.58,10.4
103,YDEC.K,FT Vest International Eq Mod Buffer ETF - Dec,5,60,14,44,64,1.0,10.0,11.16,11.96,5.93,11.77
103,SELV.K,SEI Enhanced Low Volatility US Large Cap ETF,5,60,14,44,64,1.0,10.0,11.16,31.65,6.4,12.4
103,PTIN.K,Pacer Trendpilot International ETF,5,60,14,44,64,1.0,10.0,11.16,14.4,3.9,12.73
103,OCIO.K,ClearShares OCIO ETF,5,60,14,44,64,1.0,10.0,11.16,7.11,4.89,11.29
103,MAYZ.K,TrueShares Structured Outcome (May) ETF,5,60,14,44,64,1.0,10.0,11.16,10.74,5.86,11.75
103,CMCI.K,VanEck CMCI Commodity Strategy ETF,5,60,14,44,64,1.0,10.0,11.16,0.0,5.03,10.24
103,UPGD.K,Invesco Bloomberg Analyst Rating Improvers ETF,5,60,14,44,64,1.0,10.0,11.16,0.0,4.56,9.14
103,VEMY.K,Virtus Stone Harbor Emerging Markets HY Bd ETF,5,60,14,44,64,1.0,10.0,11.16,0.0,3.99,8.94
103,FYLG.K,Global X Financials Covered Call & Growth ETF,5,60,14,44,64,1.0,10.0,11.16,0.0,3.01,11.81
103,XCLR.K,Global X S&P 500 Collar 95-110 ETF,5,60,14,44,64,1.0,10.0,11.16,12.47,5.49,10.42
103,JUNZ.K,TrueShares Structured Outcome (June) ETF,5,60,14,44,64,1.0,10.0,11.16,9.36,6.19,11.69
103,JADE.K,JPMorgan Active Developing Markets Equity ETF,5,60,14,44,64,1.0,10.0,11.16,0.0,6.5,11.93
103,MPAY.K,Akros Monthly Payout ETF,5,60,14,44,64,1.0,10.0,11.16,28.53,3.43,10.56
103,PAPI.K,Parametric Equity Premium Income ETF,5,60,14,44,64,1.0,10.0,11.16,0.0,4.79,9.27
103,TRND.K,Pacer Trendpilot Fund of Funds ETF,5,60,14,44,64,1.0,10.0,11.16,12.16,5.54,11.27
103,WBIL.K,WBI BullBear Quality 3000 ETF,5,60,14,44,64,1.0,10.0,11.16,6.18,3.63,11.32
103,MDST.K,Westwood Salient Enhanced Midstream Income ETF,5,60,14,44,64,1.0,10.0,11.16,0.0,4.07,12.53
103,USG,USCF Gold Strategy Plus Income Fund,5,60,14,44,64,1.0,10.0,11.16,19.05,5.33,12.05
103,EAOR.K,iShares ESG Aware Growth Allocation ETF,5,60,14,44,64,1.0,10.0,11.16,6.78,5.31,10.53
103,XBJA.K,Innovator US Eqty Accelerated 9 Buffer ETF - Jan,5,60,14,44,64,1.0,10.0,11.16,0.0,5.47,12.59
103,VEGA.K,AdvisorShares STAR Global Buy-Write ETF,5,60,14,44,64,1.0,10.0,11.16,9.96,5.39,11.93
103,GHTA.K,Goose Hollow Tactical Allocation ETF,5,60,14,44,64,1.0,10.0,11.16,0.0,5.58,12.59
103,ACWV.K,iShares MSCI Global Min Vol Factor ETF,5,60,14,44,64,1.0,10.0,11.16,0.0,6.46,12.15
103,BCIL.K,Bancreek International Large Cap ETF,5,60,14,44,64,1.0,10.0,11.16,0.0,6.29,10.59
103,ACWV.K,iShares MSCI Global Min Vol Factor ETF,5,60,14,39,54,1.0,10.0,10.86,0.0,6.46,12.15
103,SELV.K,SEI Enhanced Low Volatility US Large Cap ETF,5,60,14,39,54,1.0,10.0,10.86,0.0,6.4,12.4
103,MSMR.K,McElhenny Sheffield Managed Risk ETF,5,60,14,39,54,1.0,10.0,10.86,211.06,5.62,9.28
103,PHDG.K,Invesco S&P 500 Downside Hedged ETF,5,60,14,39,54,1.0,10.0,10.86,2.47,4.29,11.27
103,TACK.K,Fairlead Tactical Sector ETF,5,60,14,39,54,1.0,10.0,10.86,48.24,2.65,10.21
103,YMAR.K,FT Vest International Equity Mod Buffer ETF - Mar,5,60,14,39,54,1.0,10.0,10.86,17.19,5.59,12.24
103,TOGA.K,Tremblant Global ETF,5,60,14,39,54,1.0,10.0,10.86,0.0,4.48,8.74
103,YJUN.K,FT Vest International Equity Moderate Buffer ETF,5,60,14,39,54,1.0,10.0,10.86,19.69,4.07,12.14
103,GAL,SPDR SSgA Global Allocation ETF,5,60,14,39,54,1.0,10.0,10.86,8.36,3.74,10.98
103,GDMA.K,Gadsden Dynamic Multi-Asset ETF,5,60,14,39,54,1.0,10.0,10.86,38.25,4.83,10.92
103,HEQT.K,Simplify Hedged Equity ETF,5,60,14,39,54,1.0,10.0,10.86,0.0,4.5,8.77
103,DAUG.K,FT Vest US Equity Deep Buffer ETF - August,5,60,14,39,54,1.0,10.0,10.86,0.0,5.5,9.6
103,PTMC.K,Pacer Trendpilot US Mid Cap ETF,5,60,14,39,54,1.0,10.0,10.86,0.0,4.37,12.15
103,SIXJ.K,AllianzIM US LargeCap 6 Month Buffer10 Jan/Jul,5,60,14,39,54,1.0,10.0,10.86,0.0,5.93,10.74
103,COM,Direxion Auspice Broad Commodity Strategy ETF,5,60,14,39,54,1.0,10.0,10.86,1.11,2.8,10.59
103,KJUL.K,Innovator US Small Cap Power Buffer ETF - July,5,60,14,39,54,1.0,10.0,10.86,12.61,5.13,12.04
103,XDTE.K,Roundhill S&P 500 0DTE Covered Call Strategy ETF,5,60,14,39,54,1.0,10.0,10.86,0.0,2.98,9.79
103,UJUL.K,Innovator US Equity Ultra Buffer ETF - July,5,60,14,39,54,1.0,10.0,10.86,17.37,5.09,9.19
103,IJUL.K,Innovator Intl Developed Power Buffer ETF - July,5,60,14,39,54,1.0,10.0,10.86,0.0,4.88,11.65
103,AOR,iShares Core Growth Allocation ETF,5,60,14,39,54,1.0,10.0,10.86,4.93,5.58,10.4
103,BCIL.K,Bancreek International Large Cap ETF,5,60,14,39,54,1.0,10.0,10.86,0.0,6.29,10.59
103,YDEC.K,FT Vest International Eq Mod Buffer ETF - Dec,5,60,14,39,54,1.0,10.0,10.86,21.35,5.93,11.77
103,MPRO.K,Monarch ProCap Index ETF,5,60,14,39,54,1.0,10.0,10.86,0.0,4.32,9.75
103,PTIN.K,Pacer Trendpilot International ETF,5,60,14,39,54,1.0,10.0,10.86,25.04,3.9,12.73
103,OCIO.K,ClearShares OCIO ETF,5,60,14,39,54,1.0,10.0,10.86,0.0,4.89,11.29
103,PAPI.K,Parametric Equity Premium Income ETF,5,60,14,39,54,1.0,10.0,10.86,0.0,4.79,9.27
103,MAYZ.K,TrueShares Structured Outcome (May) ETF,5,60,14,39,54,1.0,10.0,10.86,8.61,5.86,11.75
103,CMCI.K,VanEck CMCI Commodity Strategy ETF,5,60,14,39,54,1.0,10.0,10.86,0.0,5.03,10.24
103,UPGD.K,Invesco Bloomberg Analyst Rating Improvers ETF,5,60,14,39,54,1.0,10.0,10.86,0.0,4.56,9.14
103,VEMY.K,Virtus Stone Harbor Emerging Markets HY Bd ETF,5,60,14,39,54,1.0,10.0,10.86,0.0,3.99,8.94
103,FYLG.K,Global X Financials Covered Call & Growth ETF,5,60,14,39,54,1.0,10.0,10.86,0.0,3.01,11.81
103,XCLR.K,Global X S&P 500 Collar 95-110 ETF,5,60,14,39,54,1.0,10.0,10.86,9.36,5.49,10.42
103,JUNZ.K,TrueShares Structured Outcome (June) ETF,5,60,14,39,54,1.0,10.0,10.86,0.0,6.19,11.69
103,JADE.K,JPMorgan Active Developing Markets Equity ETF,5,60,14,39,54,1.0,10.0,10.86,0.0,6.5,11.93
103,EVUS.K,iShares ESG Aware MSCI USA Value ETF,5,60,14,39,54,1.0,10.0,10.86,0.0,5.4,11.24
103,MPAY.K,Akros Monthly Payout ETF,5,60,14,39,54,1.0,10.0,10.86,36.67,3.43,10.56
103,EAOR.K,iShares ESG Aware Growth Allocation ETF,5,60,14,39,54,1.0,10.0,10.86,4.21,5.31,10.53
103,GHTA.K,Goose Hollow Tactical Allocation ETF,5,60,14,39,54,1.0,10.0,10.86,0.0,5.58,12.59
103,VEGA.K,AdvisorShares STAR Global Buy-Write ETF,5,60,14,39,54,1.0,10.0,10.86,0.0,5.39,11.93
103,XBJA.K,Innovator US Eqty Accelerated 9 Buffer ETF - Jan,5,60,14,39,54,1.0,10.0,10.86,0.0,5.47,12.59
103,JEPI.K,JPMorgan Equity Premium Income ETF,5,60,14,39,54,1.0,10.0,10.86,0.0,3.55,10.6
103,USG,USCF Gold Strategy Plus Income Fund,5,60,14,39,54,1.0,10.0,10.86,0.0,5.33,12.05
103,WBIL.K,WBI BullBear Quality 3000 ETF,5,60,14,39,54,1.0,10.0,10.86,2.37,3.63,11.32
103,TRND.K,Pacer Trendpilot Fund of Funds ETF,5,60,14,39,54,1.0,10.0,10.86,0.0,5.54,11.27
103,MDST.K,Westwood Salient Enhanced Midstream Income ETF,5,60,14,39,54,1.0,10.0,10.86,0.0,4.07,12.53
103,JADE.K,JPMorgan Active Developing Markets Equity ETF,5,60,14,49,69,1.0,10.0,10.82,0.0,6.5,11.93
103,VEGA.K,AdvisorShares STAR Global Buy-Write ETF,5,60,14,49,69,1.0,10.0,10.82,10.09,5.39,11.93
103,XBJA.K,Innovator US Eqty Accelerated 9 Buffer ETF - Jan,5,60,14,49,69,1.0,10.0,10.82,17.8,5.47,12.59
103,EAOR.K,iShares ESG Aware Growth Allocation ETF,5,60,14,49,69,1.0,10.0,10.82,6.78,5.31,10.53
103,USG,USCF Gold Strategy Plus Income Fund,5,60,14,49,69,1.0,10.0,10.82,19.05,5.33,12.05
103,MDST.K,Westwood Salient Enhanced Midstream Income ETF,5,60,14,49,69,1.0,10.0,10.82,0.0,4.07,12.53
103,WBIL.K,WBI BullBear Quality 3000 ETF,5,60,14,49,69,1.0,10.0,10.82,9.19,3.63,11.32
103,TRND.K,Pacer Trendpilot Fund of Funds ETF,5,60,14,49,69,1.0,10.0,10.82,8.4,5.54,11.27
103,MPAY.K,Akros Monthly Payout ETF,5,60,14,49,69,1.0,10.0,10.82,12.12,3.43,10.56
103,OCIO.K,ClearShares OCIO ETF,5,60,14,49,69,1.0,10.0,10.82,8.94,4.89,11.29
103,XCLR.K,Global X S&P 500 Collar 95-110 ETF,5,60,14,49,69,1.0,10.0,10.82,14.89,5.49,10.42
103,JUNZ.K,TrueShares Structured Outcome (June) ETF,5,60,14,49,69,1.0,10.0,10.82,10.56,6.19,11.69
103,FYLG.K,Global X Financials Covered Call & Growth ETF,5,60,14,49,69,1.0,10.0,10.82,0.0,3.01,11.81
103,VEMY.K,Virtus Stone Harbor Emerging Markets HY Bd ETF,5,60,14,49,69,1.0,10.0,10.82,0.0,3.99,8.94
103,GHTA.K,Goose Hollow Tactical Allocation ETF,5,60,14,49,69,1.0,10.0,10.82,11.82,5.58,12.59
103,CMCI.K,VanEck CMCI Commodity Strategy ETF,5,60,14,49,69,1.0,10.0,10.82,0.0,5.03,10.24
103,MAYZ.K,TrueShares Structured Outcome (May) ETF,5,60,14,49,69,1.0,10.0,10.82,12.32,5.86,11.75
103,EVUS.K,iShares ESG Aware MSCI USA Value ETF,5,60,14,49,69,1.0,10.0,10.82,0.0,5.4,11.24
103,BCIL.K,Bancreek International Large Cap ETF,5,60,14,49,69,1.0,10.0,10.82,0.0,6.29,10.59
103,JEPI.K,JPMorgan Equity Premium Income ETF,5,60,14,49,69,1.0,10.0,10.82,-0.33,3.55,10.6
103,UPGD.K,Invesco Bloomberg Analyst Rating Improvers ETF,5,60,14,49,69,1.0,10.0,10.82,0.0,4.56,9.14
103,IJUL.K,Innovator Intl Developed Power Buffer ETF - July,5,60,14,49,69,1.0,10.0,10.82,5.59,4.88,11.65
103,PAPI.K,Parametric Equity Premium Income ETF,5,60,14,49,69,1.0,10.0,10.82,0.0,4.79,9.27
103,PTIN.K,Pacer Trendpilot International ETF,5,60,14,49,69,1.0,10.0,10.82,14.66,3.9,12.73
103,UJUL.K,Innovator US Equity Ultra Buffer ETF - July,5,60,14,49,69,1.0,10.0,10.82,5.29,5.09,9.19
103,XDTE.K,Roundhill S&P 500 0DTE Covered Call Strategy ETF,5,60,14,49,69,1.0,10.0,10.82,0.0,2.98,9.79
103,KJUL.K,Innovator US Small Cap Power Buffer ETF - July,5,60,14,49,69,1.0,10.0,10.82,4.37,5.13,12.04
103,COM,Direxion Auspice Broad Commodity Strategy ETF,5,60,14,49,69,1.0,10.0,10.82,5.27,2.8,10.59
103,SIXJ.K,AllianzIM US LargeCap 6 Month Buffer10 Jan/Jul,5,60,14,49,69,1.0,10.0,10.82,18.18,5.93,10.74
103,PTMC.K,Pacer Trendpilot US Mid Cap ETF,5,60,14,49,69,1.0,10.0,10.82,7.02,4.37,12.15
103,DAUG.K,FT Vest US Equity Deep Buffer ETF - August,5,60,14,49,69,1.0,10.0,10.82,8.19,5.5,9.6
103,HEQT.K,Simplify Hedged Equity ETF,5,60,14,49,69,1.0,10.0,10.82,12.58,4.5,8.77
103,MPRO.K,Monarch ProCap Index ETF,5,60,14,49,69,1.0,10.0,10.82,3.52,4.32,9.75
103,GDMA.K,Gadsden Dynamic Multi-Asset ETF,5,60,14,49,69,1.0,10.0,10.82,14.86,4.83,10.92
103,GAL,SPDR SSgA Global Allocation ETF,5,60,14,49,69,1.0,10.0,10.82,6.71,3.74,10.98
103,YJUN.K,FT Vest International Equity Moderate Buffer ETF,5,60,14,49,69,1.0,10.0,10.82,11.31,4.07,12.14
103,TOGA.K,Tremblant Global ETF,5,60,14,49,69,1.0,10.0,10.82,0.0,4.48,8.74
103,YMAR.K,FT Vest International Equity Mod Buffer ETF - Mar,5,60,14,49,69,1.0,10.0,10.82,12.78,5.59,12.24
103,TACK.K,Fairlead Tactical Sector ETF,5,60,14,49,69,1.0,10.0,10.82,9.31,2.65,10.21
103,PHDG.K,Invesco S&P 500 Downside Hedged ETF,5,60,14,49,69,1.0,10.0,10.82,8.07,4.29,11.27
103,MSMR.K,McElhenny Sheffield Managed Risk ETF,5,60,14,49,69,1.0,10.0,10.82,152.32,5.62,9.28
103,YDEC.K,FT Vest International Eq Mod Buffer ETF - Dec,5,60,14,49,69,1.0,10.0,10.82,11.96,5.93,11.77
103,SELV.K,SEI Enhanced Low Volatility US Large Cap ETF,5,60,14,49,69,1.0,10.0,10.82,19.01,6.4,12.4
103,ACWV.K,iShares MSCI Global Min Vol Factor ETF,5,60,14,49,69,1.0,10.0,10.82,5.37,6.46,12.15
103,AOR,iShares Core Growth Allocation ETF,5,60,14,49,69,1.0,10.0,10.82,8.87,5.58,10.4
103,JEPI.K,JPMorgan Equity Premium Income ETF,5,120,14,44,54,1.0,10.0,10.71,15.02,3.55,10.6
103,ACWV.K,iShares MSCI Global Min Vol Factor ETF,5,120,14,44,54,1.0,10.0,10.71,0.0,6.46,12.15
103,YDEC.K,FT Vest International Eq Mod Buffer ETF - Dec,5,120,14,44,54,1.0,10.0,10.71,19.37,5.93,11.77
103,MSMR.K,McElhenny Sheffield Managed Risk ETF,5,120,14,44,54,1.0,10.0,10.71,17.72,5.62,9.28
103,PHDG.K,Invesco S&P 500 Downside Hedged ETF,5,120,14,44,54,1.0,10.0,10.71,5.48,4.29,11.27
103,TACK.K,Fairlead Tactical Sector ETF,5,120,14,44,54,1.0,10.0,10.71,37.41,2.65,10.21
103,YMAR.K,FT Vest International Equity Mod Buffer ETF - Mar,5,120,14,44,54,1.0,10.0,10.71,34.23,5.59,12.24
103,TOGA.K,Tremblant Global ETF,5,120,14,44,54,1.0,10.0,10.71,0.0,4.48,8.74
103,YJUN.K,FT Vest International Equity Moderate Buffer ETF,5,120,14,44,54,1.0,10.0,10.71,43.47,4.07,12.14
103,GAL,SPDR SSgA Global Allocation ETF,5,120,14,44,54,1.0,10.0,10.71,5.56,3.74,10.98
103,GDMA.K,Gadsden Dynamic Multi-Asset ETF,5,120,14,44,54,1.0,10.0,10.71,7.46,4.83,10.92
103,MPRO.K,Monarch ProCap Index ETF,5,120,14,44,54,1.0,10.0,10.71,4.82,4.32,9.75
103,HEQT.K,Simplify Hedged Equity ETF,5,120,14,44,54,1.0,10.0,10.71,17.96,4.5,8.77
103,DAUG.K,FT Vest US Equity Deep Buffer ETF - August,5,120,14,44,54,1.0,10.0,10.71,13.66,5.5,9.6
103,PTMC.K,Pacer Trendpilot US Mid Cap ETF,5,120,14,44,54,1.0,10.0,10.71,16.46,4.37,12.15
103,SIXJ.K,AllianzIM US LargeCap 6 Month Buffer10 Jan/Jul,5,120,14,44,54,1.0,10.0,10.71,0.0,5.93,10.74
103,COM,Direxion Auspice Broad Commodity Strategy ETF,5,120,14,44,54,1.0,10.0,10.71,2.09,2.8,10.59
103,KJUL.K,Innovator US Small Cap Power Buffer ETF - July,5,120,14,44,54,1.0,10.0,10.71,21.38,5.13,12.04
103,XDTE.K,Roundhill S&P 500 0DTE Covered Call Strategy ETF,5,120,14,44,54,1.0,10.0,10.71,0.0,2.98,9.79
103,UJUL.K,Innovator US Equity Ultra Buffer ETF - July,5,120,14,44,54,1.0,10.0,10.71,0.0,5.09,9.19
103,IJUL.K,Innovator Intl Developed Power Buffer ETF - July,5,120,14,44,54,1.0,10.0,10.71,37.55,4.88,11.65
103,PTIN.K,Pacer Trendpilot International ETF,5,120,14,44,54,1.0,10.0,10.71,26.94,3.9,12.73
103,PAPI.K,Parametric Equity Premium Income ETF,5,120,14,44,54,1.0,10.0,10.71,0.0,4.79,9.27
103,GHTA.K,Goose Hollow Tactical Allocation ETF,5,120,14,44,54,1.0,10.0,10.71,0.0,5.58,12.59
103,JUNZ.K,TrueShares Structured Outcome (June) ETF,5,120,14,44,54,1.0,10.0,10.71,13.8,6.19,11.69
103,BCIL.K,Bancreek International Large Cap ETF,5,120,14,44,54,1.0,10.0,10.71,0.0,6.29,10.59
103,EVUS.K,iShares ESG Aware MSCI USA Value ETF,5,120,14,44,54,1.0,10.0,10.71,0.0,5.4,11.24
103,MAYZ.K,TrueShares Structured Outcome (May) ETF,5,120,14,44,54,1.0,10.0,10.71,3.89,5.86,11.75
103,CMCI.K,VanEck CMCI Commodity Strategy ETF,5,120,14,44,54,1.0,10.0,10.71,0.0,5.03,10.24
103,UPGD.K,Invesco Bloomberg Analyst Rating Improvers ETF,5,120,14,44,54,1.0,10.0,10.71,0.0,4.56,9.14
103,VEMY.K,Virtus Stone Harbor Emerging Markets HY Bd ETF,5,120,14,44,54,1.0,10.0,10.71,0.0,3.99,8.94
103,FYLG.K,Global X Financials Covered Call & Growth ETF,5,120,14,44,54,1.0,10.0,10.71,0.0,3.01,11.81
103,XCLR.K,Global X S&P 500 Collar 95-110 ETF,5,120,14,44,54,1.0,10.0,10.71,13.39,5.49,10.42
103,JADE.K,JPMorgan Active Developing Markets Equity ETF,5,120,14,44,54,1.0,10.0,10.71,0.0,6.5,11.93
103,VEGA.K,AdvisorShares STAR Global Buy-Write ETF,5,120,14,44,54,1.0,10.0,10.71,9.79,5.39,11.93
103,OCIO.K,ClearShares OCIO ETF,5,120,14,44,54,1.0,10.0,10.71,7.53,4.89,11.29
103,MPAY.K,Akros Monthly Payout ETF,5,120,14,44,54,1.0,10.0,10.71,34.91,3.43,10.56
103,TRND.K,Pacer Trendpilot Fund of Funds ETF,5,120,14,44,54,1.0,10.0,10.71,16.07,5.54,11.27
103,WBIL.K,WBI BullBear Quality 3000 ETF,5,120,14,44,54,1.0,10.0,10.71,12.03,3.63,11.32
103,MDST.K,Westwood Salient Enhanced Midstream Income ETF,5,120,14,44,54,1.0,10.0,10.71,0.0,4.07,12.53
103,USG,USCF Gold Strategy Plus Income Fund,5,120,14,44,54,1.0,10.0,10.71,0.0,5.33,12.05
103,EAOR.K,iShares ESG Aware Growth Allocation ETF,5,120,14,44,54,1.0,10.0,10.71,1.92,5.31,10.53
103,XBJA.K,Innovator US Eqty Accelerated 9 Buffer ETF - Jan,5,120,14,44,54,1.0,10.0,10.71,0.0,5.47,12.59
103,AOR,iShares Core Growth Allocation ETF,5,120,14,44,54,1.0,10.0,10.71,12.16,5.58,10.4
103,SELV.K,SEI Enhanced Low Volatility US Large Cap ETF,5,120,14,44,54,1.0,10.0,10.71,29.86,6.4,12.4
103,CMCI.K,VanEck CMCI Commodity Strategy ETF,5,60,14,44,69,1.0,10.0,10.63,0.0,5.03,10.24
103,UPGD.K,Invesco Bloomberg Analyst Rating Improvers ETF,5,60,14,44,69,1.0,10.0,10.63,0.0,4.56,9.14
103,YMAR.K,FT Vest International Equity Mod Buffer ETF - Mar,5,60,14,44,69,1.0,10.0,10.63,12.78,5.59,12.24
103,TOGA.K,Tremblant Global ETF,5,60,14,44,69,1.0,10.0,10.63,0.0,4.48,8.74
103,YJUN.K,FT Vest International Equity Moderate Buffer ETF,5,60,14,44,69,1.0,10.0,10.63,11.31,4.07,12.14
103,GAL,SPDR SSgA Global Allocation ETF,5,60,14,44,69,1.0,10.0,10.63,6.71,3.74,10.98
103,GDMA.K,Gadsden Dynamic Multi-Asset ETF,5,60,14,44,69,1.0,10.0,10.63,14.86,4.83,10.92
103,MPRO.K,Monarch ProCap Index ETF,5,60,14,44,69,1.0,10.0,10.63,3.52,4.32,9.75
103,HEQT.K,Simplify Hedged Equity ETF,5,60,14,44,69,1.0,10.0,10.63,13.7,4.5,8.77
103,DAUG.K,FT Vest US Equity Deep Buffer ETF - August,5,60,14,44,69,1.0,10.0,10.63,11.61,5.5,9.6
103,PTMC.K,Pacer Trendpilot US Mid Cap ETF,5,60,14,44,69,1.0,10.0,10.63,7.75,4.37,12.15
103,SIXJ.K,AllianzIM US LargeCap 6 Month Buffer10 Jan/Jul,5,60,14,44,69,1.0,10.0,10.63,0.0,5.93,10.74
103,COM,Direxion Auspice Broad Commodity Strategy ETF,5,60,14,44,69,1.0,10.0,10.63,9.03,2.8,10.59
103,KJUL.K,Innovator US Small Cap Power Buffer ETF - July,5,60,14,44,69,1.0,10.0,10.63,6.87,5.13,12.04
103,XDTE.K,Roundhill S&P 500 0DTE Covered Call Strategy ETF,5,60,14,44,69,1.0,10.0,10.63,0.0,2.98,9.79
103,UJUL.K,Innovator US Equity Ultra Buffer ETF - July,5,60,14,44,69,1.0,10.0,10.63,6.69,5.09,9.19
103,IJUL.K,Innovator Intl Developed Power Buffer ETF - July,5,60,14,44,69,1.0,10.0,10.63,10.41,4.88,11.65
103,AOR,iShares Core Growth Allocation ETF,5,60,14,44,69,1.0,10.0,10.63,9.71,5.58,10.4
103,ACWV.K,iShares MSCI Global Min Vol Factor ETF,5,60,14,44,69,1.0,10.0,10.63,0.0,6.46,12.15
103,JEPI.K,JPMorgan Equity Premium Income ETF,5,60,14,44,69,1.0,10.0,10.63,-0.33,3.55,10.6
103,BCIL.K,Bancreek International Large Cap ETF,5,60,14,44,69,1.0,10.0,10.63,0.0,6.29,10.59
103,TACK.K,Fairlead Tactical Sector ETF,5,60,14,44,69,1.0,10.0,10.63,20.18,2.65,10.21
103,PHDG.K,Invesco S&P 500 Downside Hedged ETF,5,60,14,44,69,1.0,10.0,10.63,6.87,4.29,11.27
103,MSMR.K,McElhenny Sheffield Managed Risk ETF,5,60,14,44,69,1.0,10.0,10.63,152.32,5.62,9.28
103,WBIL.K,WBI BullBear Quality 3000 ETF,5,60,14,44,69,1.0,10.0,10.63,7.66,3.63,11.32
103,VEMY.K,Virtus Stone Harbor Emerging Markets HY Bd ETF,5,60,14,44,69,1.0,10.0,10.63,0.0,3.99,8.94
103,FYLG.K,Global X Financials Covered Call & Growth ETF,5,60,14,44,69,1.0,10.0,10.63,0.0,3.01,11.81
103,XCLR.K,Global X S&P 500 Collar 95-110 ETF,5,60,14,44,69,1.0,10.0,10.63,14.89,5.49,10.42
103,JUNZ.K,TrueShares Structured Outcome (June) ETF,5,60,14,44,69,1.0,10.0,10.63,10.56,6.19,11.69
103,JADE.K,JPMorgan Active Developing Markets Equity ETF,5,60,14,44,69,1.0,10.0,10.63,0.0,6.5,11.93
103,OCIO.K,ClearShares OCIO ETF,5,60,14,44,69,1.0,10.0,10.63,7.11,4.89,11.29
103,MPAY.K,Akros Monthly Payout ETF,5,60,14,44,69,1.0,10.0,10.63,28.53,3.43,10.56
103,TRND.K,Pacer Trendpilot Fund of Funds ETF,5,60,14,44,69,1.0,10.0,10.63,11.8,5.54,11.27
103,MDST.K,Westwood Salient Enhanced Midstream Income ETF,5,60,14,44,69,1.0,10.0,10.63,0.0,4.07,12.53
103,YDEC.K,FT Vest International Eq Mod Buffer ETF - Dec,5,60,14,44,69,1.0,10.0,10.63,11.96,5.93,11.77
103,USG,USCF Gold Strategy Plus Income Fund,5,60,14,44,69,1.0,10.0,10.63,19.05,5.33,12.05
103,EAOR.K,iShares ESG Aware Growth Allocation ETF,5,60,14,44,69,1.0,10.0,10.63,6.78,5.31,10.53
103,XBJA.K,Innovator US Eqty Accelerated 9 Buffer ETF - Jan,5,60,14,44,69,1.0,10.0,10.63,0.0,5.47,12.59
103,VEGA.K,AdvisorShares STAR Global Buy-Write ETF,5,60,14,44,69,1.0,10.0,10.63,10.09,5.39,11.93
103,GHTA.K,Goose Hollow Tactical Allocation ETF,5,60,14,44,69,1.0,10.0,10.63,0.0,5.58,12.59
103,PAPI.K,Parametric Equity Premium Income ETF,5,60,14,44,69,1.0,10.0,10.63,0.0,4.79,9.27
103,PTIN.K,Pacer Trendpilot International ETF,5,60,14,44,69,1.0,10.0,10.63,14.66,3.9,12.73
103,SELV.K,SEI Enhanced Low Volatility US Large Cap ETF,5,60,14,44,69,1.0,10.0,10.63,19.01,6.4,12.4
103,MAYZ.K,TrueShares Structured Outcome (May) ETF,5,60,14,44,69,1.0,10.0,10.63,12.32,5.86,11.75
103,EVUS.K,iShares ESG Aware MSCI USA Value ETF,5,60,14,44,69,1.0,10.0,10.63,0.0,5.4,11.24
103,SELV.K,SEI Enhanced Low Volatility US Large Cap ETF,5,60,14,39,59,1.0,10.0,10.28,0.0,6.4,12.4
103,HEQT.K,Simplify Hedged Equity ETF,5,60,14,39,59,1.0,10.0,10.28,0.0,4.5,8.77
103,MSMR.K,McElhenny Sheffield Managed Risk ETF,5,60,14,39,59,1.0,10.0,10.28,152.32,5.62,9.28
103,PHDG.K,Invesco S&P 500 Downside Hedged ETF,5,60,14,39,59,1.0,10.0,10.28,3.49,4.29,11.27
103,TACK.K,Fairlead Tactical Sector ETF,5,60,14,39,59,1.0,10.0,10.28,40.44,2.65,10.21
103,YMAR.K,FT Vest International Equity Mod Buffer ETF - Mar,5,60,14,39,59,1.0,10.0,10.28,18.26,5.59,12.24
103,TOGA.K,Tremblant Global ETF,5,60,14,39,59,1.0,10.0,10.28,0.0,4.48,8.74
103,YJUN.K,FT Vest International Equity Moderate Buffer ETF,5,60,14,39,59,1.0,10.0,10.28,15.57,4.07,12.14
103,GAL,SPDR SSgA Global Allocation ETF,5,60,14,39,59,1.0,10.0,10.28,8.32,3.74,10.98
103,GDMA.K,Gadsden Dynamic Multi-Asset ETF,5,60,14,39,59,1.0,10.0,10.28,74.52,4.83,10.92
103,MPRO.K,Monarch ProCap Index ETF,5,60,14,39,59,1.0,10.0,10.28,0.0,4.32,9.75
103,DAUG.K,FT Vest US Equity Deep Buffer ETF - August,5,60,14,39,59,1.0,10.0,10.28,0.0,5.5,9.6
103,PTIN.K,Pacer Trendpilot International ETF,5,60,14,39,59,1.0,10.0,10.28,34.35,3.9,12.73
103,PTMC.K,Pacer Trendpilot US Mid Cap ETF,5,60,14,39,59,1.0,10.0,10.28,0.0,4.37,12.15
103,SIXJ.K,AllianzIM US LargeCap 6 Month Buffer10 Jan/Jul,5,60,14,39,59,1.0,10.0,10.28,0.0,5.93,10.74
103,COM,Direxion Auspice Broad Commodity Strategy ETF,5,60,14,39,59,1.0,10.0,10.28,5.32,2.8,10.59
103,KJUL.K,Innovator US Small Cap Power Buffer ETF - July,5,60,14,39,59,1.0,10.0,10.28,8.03,5.13,12.04
103,XDTE.K,Roundhill S&P 500 0DTE Covered Call Strategy ETF,5,60,14,39,59,1.0,10.0,10.28,0.0,2.98,9.79
103,UJUL.K,Innovator US Equity Ultra Buffer ETF - July,5,60,14,39,59,1.0,10.0,10.28,11.93,5.09,9.19
103,IJUL.K,Innovator Intl Developed Power Buffer ETF - July,5,60,14,39,59,1.0,10.0,10.28,0.0,4.88,11.65
103,AOR,iShares Core Growth Allocation ETF,5,60,14,39,59,1.0,10.0,10.28,6.71,5.58,10.4
103,JEPI.K,JPMorgan Equity Premium Income ETF,5,60,14,39,59,1.0,10.0,10.28,0.0,3.55,10.6
103,YDEC.K,FT Vest International Eq Mod Buffer ETF - Dec,5,60,14,39,59,1.0,10.0,10.28,17.83,5.93,11.77
103,ACWV.K,iShares MSCI Global Min Vol Factor ETF,5,60,14,39,59,1.0,10.0,10.28,0.0,6.46,12.15
103,PAPI.K,Parametric Equity Premium Income ETF,5,60,14,39,59,1.0,10.0,10.28,0.0,4.79,9.27
103,JADE.K,JPMorgan Active Developing Markets Equity ETF,5,60,14,39,59,1.0,10.0,10.28,0.0,6.5,11.93
103,GHTA.K,Goose Hollow Tactical Allocation ETF,5,60,14,39,59,1.0,10.0,10.28,0.0,5.58,12.59
103,EVUS.K,iShares ESG Aware MSCI USA Value ETF,5,60,14,39,59,1.0,10.0,10.28,0.0,5.4,11.24
103,MAYZ.K,TrueShares Structured Outcome (May) ETF,5,60,14,39,59,1.0,10.0,10.28,8.25,5.86,11.75
103,CMCI.K,VanEck CMCI Commodity Strategy ETF,5,60,14,39,59,1.0,10.0,10.28,0.0,5.03,10.24
103,UPGD.K,Invesco Bloomberg Analyst Rating Improvers ETF,5,60,14,39,59,1.0,10.0,10.28,0.0,4.56,9.14
103,VEMY.K,Virtus Stone Harbor Emerging Markets HY Bd ETF,5,60,14,39,59,1.0,10.0,10.28,0.0,3.99,8.94
103,FYLG.K,Global X Financials Covered Call & Growth ETF,5,60,14,39,59,1.0,10.0,10.28,0.0,3.01,11.81
103,XCLR.K,Global X S&P 500 Collar 95-110 ETF,5,60,14,39,59,1.0,10.0,10.28,9.01,5.49,10.42
103,JUNZ.K,TrueShares Structured Outcome (June) ETF,5,60,14,39,59,1.0,10.0,10.28,0.0,6.19,11.69
103,BCIL.K,Bancreek International Large Cap ETF,5,60,14,39,59,1.0,10.0,10.28,0.0,6.29,10.59
103,OCIO.K,ClearShares OCIO ETF,5,60,14,39,59,1.0,10.0,10.28,0.0,4.89,11.29
103,USG,USCF Gold Strategy Plus Income Fund,5,60,14,39,59,1.0,10.0,10.28,0.0,5.33,12.05
103,MPAY.K,Akros Monthly Payout ETF,5,60,14,39,59,1.0,10.0,10.28,35.16,3.43,10.56
103,XBJA.K,Innovator US Eqty Accelerated 9 Buffer ETF - Jan,5,60,14,39,59,1.0,10.0,10.28,0.0,5.47,12.59
103,EAOR.K,iShares ESG Aware Growth Allocation ETF,5,60,14,39,59,1.0,10.0,10.28,6.54,5.31,10.53
103,VEGA.K,AdvisorShares STAR Global Buy-Write ETF,5,60,14,39,59,1.0,10.0,10.28,0.0,5.39,11.93
103,MDST.K,Westwood Salient Enhanced Midstream Income ETF,5,60,14,39,59,1.0,10.0,10.28,0.0,4.07,12.53
103,WBIL.K,WBI BullBear Quality 3000 ETF,5,60,14,39,59,1.0,10.0,10.28,6.32,3.63,11.32
103,TRND.K,Pacer Trendpilot Fund of Funds ETF,5,60,14,39,59,1.0,10.0,10.28,0.0,5.54,11.27
103,MSMR.K,McElhenny Sheffield Managed Risk ETF,5,60,14,34,59,1.0,10.0,10.25,152.32,5.62,9.28
103,MPRO.K,Monarch ProCap Index ETF,5,60,14,34,59,1.0,10.0,10.25,0.0,4.32,9.75
103,TACK.K,Fairlead Tactical Sector ETF,5,60,14,34,59,1.0,10.0,10.25,0.0,2.65,10.21
103,YMAR.K,FT Vest International Equity Mod Buffer ETF - Mar,5,60,14,34,59,1.0,10.0,10.25,18.26,5.59,12.24
103,TOGA.K,Tremblant Global ETF,5,60,14,34,59,1.0,10.0,10.25,0.0,4.48,8.74
103,YJUN.K,FT Vest International Equity Moderate Buffer ETF,5,60,14,34,59,1.0,10.0,10.25,28.24,4.07,12.14
103,GAL,SPDR SSgA Global Allocation ETF,5,60,14,34,59,1.0,10.0,10.25,0.0,3.74,10.98
103,GDMA.K,Gadsden Dynamic Multi-Asset ETF,5,60,14,34,59,1.0,10.0,10.25,74.52,4.83,10.92
103,PHDG.K,Invesco S&P 500 Downside Hedged ETF,5,60,14,34,59,1.0,10.0,10.25,3.49,4.29,11.27
103,SIXJ.K,AllianzIM US LargeCap 6 Month Buffer10 Jan/Jul,5,60,14,34,59,1.0,10.0,10.25,0.0,5.93,10.74
103,HEQT.K,Simplify Hedged Equity ETF,5,60,14,34,59,1.0,10.0,10.25,0.0,4.5,8.77
103,DAUG.K,FT Vest US Equity Deep Buffer ETF - August,5,60,14,34,59,1.0,10.0,10.25,0.0,5.5,9.6
103,PTMC.K,Pacer Trendpilot US Mid Cap ETF,5,60,14,34,59,1.0,10.0,10.25,0.0,4.37,12.15
103,COM,Direxion Auspice Broad Commodity Strategy ETF,5,60,14,34,59,1.0,10.0,10.25,30.82,2.8,10.59
103,KJUL.K,Innovator US Small Cap Power Buffer ETF - July,5,60,14,34,59,1.0,10.0,10.25,0.0,5.13,12.04
103,XDTE.K,Roundhill S&P 500 0DTE Covered Call Strategy ETF,5,60,14,34,59,1.0,10.0,10.25,0.0,2.98,9.79
103,UJUL.K,Innovator US Equity Ultra Buffer ETF - July,5,60,14,34,59,1.0,10.0,10.25,11.93,5.09,9.19
103,IJUL.K,Innovator Intl Developed Power Buffer ETF - July,5,60,14,34,59,1.0,10.0,10.25,0.0,4.88,11.65
103,SELV.K,SEI Enhanced Low Volatility US Large Cap ETF,5,60,14,34,59,1.0,10.0,10.25,0.0,6.4,12.4
103,AOR,iShares Core Growth Allocation ETF,5,60,14,34,59,1.0,10.0,10.25,0.0,5.58,10.4
103,YDEC.K,FT Vest International Eq Mod Buffer ETF - Dec,5,60,14,34,59,1.0,10.0,10.25,17.83,5.93,11.77
103,MPAY.K,Akros Monthly Payout ETF,5,60,14,34,59,1.0,10.0,10.25,0.0,3.43,10.56
103,PTIN.K,Pacer Trendpilot International ETF,5,60,14,34,59,1.0,10.0,10.25,109.36,3.9,12.73
103,PAPI.K,Parametric Equity Premium Income ETF,5,60,14,34,59,1.0,10.0,10.25,0.0,4.79,9.27
103,JEPI.K,JPMorgan Equity Premium Income ETF,5,60,14,34,59,1.0,10.0,10.25,0.0,3.55,10.6
103,EVUS.K,iShares ESG Aware MSCI USA Value ETF,5,60,14,34,59,1.0,10.0,10.25,0.0,5.4,11.24
103,MAYZ.K,TrueShares Structured Outcome (May) ETF,5,60,14,34,59,1.0,10.0,10.25,8.25,5.86,11.75
103,CMCI.K,VanEck CMCI Commodity Strategy ETF,5,60,14,34,59,1.0,10.0,10.25,0.0,5.03,10.24
103,UPGD.K,Invesco Bloomberg Analyst Rating Improvers ETF,5,60,14,34,59,1.0,10.0,10.25,0.0,4.56,9.14
103,VEMY.K,Virtus Stone Harbor Emerging Markets HY Bd ETF,5,60,14,34,59,1.0,10.0,10.25,0.0,3.99,8.94
103,FYLG.K,Global X Financials Covered Call & Growth ETF,5,60,14,34,59,1.0,10.0,10.25,0.0,3.01,11.81
103,XCLR.K,Global X S&P 500 Collar 95-110 ETF,5,60,14,34,59,1.0,10.0,10.25,0.0,5.49,10.42
103,JUNZ.K,TrueShares Structured Outcome (June) ETF,5,60,14,34,59,1.0,10.0,10.25,0.0,6.19,11.69
103,JADE.K,JPMorgan Active Developing Markets Equity ETF,5,60,14,34,59,1.0,10.0,10.25,0.0,6.5,11.93
103,OCIO.K,ClearShares OCIO ETF,5,60,14,34,59,1.0,10.0,10.25,0.0,4.89,11.29
103,TRND.K,Pacer Trendpilot Fund of Funds ETF,5,60,14,34,59,1.0,10.0,10.25,0.0,5.54,11.27
103,WBIL.K,WBI BullBear Quality 3000 ETF,5,60,14,34,59,1.0,10.0,10.25,6.32,3.63,11.32
103,MDST.K,Westwood Salient Enhanced Midstream Income ETF,5,60,14,34,59,1.0,10.0,10.25,0.0,4.07,12.53
103,USG,USCF Gold Strategy Plus Income Fund,5,60,14,34,59,1.0,10.0,10.25,0.0,5.33,12.05
103,EAOR.K,iShares ESG Aware Growth Allocation ETF,5,60,14,34,59,1.0,10.0,10.25,0.0,5.31,10.53
103,XBJA.K,Innovator US Eqty Accelerated 9 Buffer ETF - Jan,5,60,14,34,59,1.0,10.0,10.25,0.0,5.47,12.59
103,VEGA.K,AdvisorShares STAR Global Buy-Write ETF,5,60,14,34,59,1.0,10.0,10.25,0.0,5.39,11.93
103,GHTA.K,Goose Hollow Tactical Allocation ETF,5,60,14,34,59,1.0,10.0,10.25,0.0,5.58,12.59
103,ACWV.K,iShares MSCI Global Min Vol Factor ETF,5,60,14,34,59,1.0,10.0,10.25,0.0,6.46,12.15
103,BCIL.K,Bancreek International Large Cap ETF,5,60,14,34,59,1.0,10.0,10.25,0.0,6.29,10.59
103,EVUS.K,iShares ESG Aware MSCI USA Value ETF,5,120,14,44,59,1.0,10.0,10.0,0.0,5.4,11.24
103,PTMC.K,Pacer Trendpilot US Mid Cap ETF,5,120,14,44,59,1.0,10.0,10.0,6.42,4.37,12.15
103,TACK.K,Fairlead Tactical Sector ETF,5,120,14,44,59,1.0,10.0,10.0,35.18,2.65,10.21
103,YMAR.K,FT Vest International Equity Mod Buffer ETF - Mar,5,120,14,44,59,1.0,10.0,10.0,32.91,5.59,12.24
103,TOGA.K,Tremblant Global ETF,5,120,14,44,59,1.0,10.0,10.0,0.0,4.48,8.74
103,YJUN.K,FT Vest International Equity Moderate Buffer ETF,5,120,14,44,59,1.0,10.0,10.0,20.59,4.07,12.14
103,GAL,SPDR SSgA Global Allocation ETF,5,120,14,44,59,1.0,10.0,10.0,6.6,3.74,10.98
103,GDMA.K,Gadsden Dynamic Multi-Asset ETF,5,120,14,44,59,1.0,10.0,10.0,7.29,4.83,10.92
103,MPRO.K,Monarch ProCap Index ETF,5,120,14,44,59,1.0,10.0,10.0,5.94,4.32,9.75
103,HEQT.K,Simplify Hedged Equity ETF,5,120,14,44,59,1.0,10.0,10.0,18.52,4.5,8.77
103,DAUG.K,FT Vest US Equity Deep Buffer ETF - August,5,120,14,44,59,1.0,10.0,10.0,16.42,5.5,9.6
103,SIXJ.K,AllianzIM US LargeCap 6 Month Buffer10 Jan/Jul,5,120,14,44,59,1.0,10.0,10.0,0.0,5.93,10.74
103,MSMR.K,McElhenny Sheffield Managed Risk ETF,5,120,14,44,59,1.0,10.0,10.0,31.87,5.62,9.28
103,COM,Direxion Auspice Broad Commodity Strategy ETF,5,120,14,44,59,1.0,10.0,10.0,5.85,2.8,10.59
103,KJUL.K,Innovator US Small Cap Power Buffer ETF - July,5,120,14,44,59,1.0,10.0,10.0,8.83,5.13,12.04
103,XDTE.K,Roundhill S&P 500 0DTE Covered Call Strategy ETF,5,120,14,44,59,1.0,10.0,10.0,0.0,2.98,9.79
103,UJUL.K,Innovator US Equity Ultra Buffer ETF - July,5,120,14,44,59,1.0,10.0,10.0,0.0,5.09,9.19
103,IJUL.K,Innovator Intl Developed Power Buffer ETF - July,5,120,14,44,59,1.0,10.0,10.0,37.55,4.88,11.65
103,AOR,iShares Core Growth Allocation ETF,5,120,14,44,59,1.0,10.0,10.0,11.28,5.58,10.4
103,ACWV.K,iShares MSCI Global Min Vol Factor ETF,5,120,14,44,59,1.0,10.0,10.0,0.0,6.46,12.15
103,JEPI.K,JPMorgan Equity Premium Income ETF,5,120,14,44,59,1.0,10.0,10.0,5.54,3.55,10.6
103,MAYZ.K,TrueShares Structured Outcome (May) ETF,5,120,14,44,59,1.0,10.0,10.0,5.39,5.86,11.75
103,PHDG.K,Invesco S&P 500 Downside Hedged ETF,5,120,14,44,59,1.0,10.0,10.0,7.91,4.29,11.27
103,BCIL.K,Bancreek International Large Cap ETF,5,120,14,44,59,1.0,10.0,10.0,0.0,6.29,10.59
103,YDEC.K,FT Vest International Eq Mod Buffer ETF - Dec,5,120,14,44,59,1.0,10.0,10.0,16.34,5.93,11.77
103,TRND.K,Pacer Trendpilot Fund of Funds ETF,5,120,14,44,59,1.0,10.0,10.0,18.33,5.54,11.27
103,SELV.K,SEI Enhanced Low Volatility US Large Cap ETF,5,120,14,44,59,1.0,10.0,10.0,33.03,6.4,12.4
103,UPGD.K,Invesco Bloomberg Analyst Rating Improvers ETF,5,120,14,44,59,1.0,10.0,10.0,0.0,4.56,9.14
103,VEMY.K,Virtus Stone Harbor Emerging Markets HY Bd ETF,5,120,14,44,59,1.0,10.0,10.0,0.0,3.99,8.94
103,FYLG.K,Global X Financials Covered Call & Growth ETF,5,120,14,44,59,1.0,10.0,10.0,0.0,3.01,11.81
103,XCLR.K,Global X S&P 500 Collar 95-110 ETF,5,120,14,44,59,1.0,10.0,10.0,9.01,5.49,10.42
103,JUNZ.K,TrueShares Structured Outcome (June) ETF,5,120,14,44,59,1.0,10.0,10.0,15.8,6.19,11.69
103,JADE.K,JPMorgan Active Developing Markets Equity ETF,5,120,14,44,59,1.0,10.0,10.0,0.0,6.5,11.93
103,OCIO.K,ClearShares OCIO ETF,5,120,14,44,59,1.0,10.0,10.0,7.29,4.89,11.29
103,MPAY.K,Akros Monthly Payout ETF,5,120,14,44,59,1.0,10.0,10.0,33.73,3.43,10.56
103,CMCI.K,VanEck CMCI Commodity Strategy ETF,5,120,14,44,59,1.0,10.0,10.0,0.0,5.03,10.24
103,WBIL.K,WBI BullBear Quality 3000 ETF,5,120,14,44,59,1.0,10.0,10.0,17.28,3.63,11.32
103,VEGA.K,AdvisorShares STAR Global Buy-Write ETF,5,120,14,44,59,1.0,10.0,10.0,7.77,5.39,11.93
103,MDST.K,Westwood Salient Enhanced Midstream Income ETF,5,120,14,44,59,1.0,10.0,10.0,0.0,4.07,12.53
103,PAPI.K,Parametric Equity Premium Income ETF,5,120,14,44,59,1.0,10.0,10.0,0.0,4.79,9.27
103,GHTA.K,Goose Hollow Tactical Allocation ETF,5,120,14,44,59,1.0,10.0,10.0,0.0,5.58,12.59
103,PTIN.K,Pacer Trendpilot International ETF,5,120,14,44,59,1.0,10.0,10.0,22.84,3.9,12.73
103,XBJA.K,Innovator US Eqty Accelerated 9 Buffer ETF - Jan,5,120,14,44,59,1.0,10.0,10.0,0.0,5.47,12.59
103,EAOR.K,iShares ESG Aware Growth Allocation ETF,5,120,14,44,59,1.0,10.0,10.0,4.63,5.31,10.53
103,USG,USCF Gold Strategy Plus Income Fund,5,120,14,44,59,1.0,10.0,10.0,0.0,5.33,12.05
103,YDEC.K,FT Vest International Eq Mod Buffer ETF - Dec,5,60,14,39,64,1.0,10.0,9.78,11.96,5.93,11.77
103,GDMA.K,Gadsden Dynamic Multi-Asset ETF,5,60,14,39,64,1.0,10.0,9.78,74.52,4.83,10.92
103,PHDG.K,Invesco S&P 500 Downside Hedged ETF,5,60,14,39,64,1.0,10.0,9.78,5.06,4.29,11.27
103,TACK.K,Fairlead Tactical Sector ETF,5,60,14,39,64,1.0,10.0,9.78,37.29,2.65,10.21
103,YMAR.K,FT Vest International Equity Mod Buffer ETF - Mar,5,60,14,39,64,1.0,10.0,9.78,13.85,5.59,12.24
103,TOGA.K,Tremblant Global ETF,5,60,14,39,64,1.0,10.0,9.78,0.0,4.48,8.74
103,YJUN.K,FT Vest International Equity Moderate Buffer ETF,5,60,14,39,64,1.0,10.0,9.78,12.54,4.07,12.14
103,GAL,SPDR SSgA Global Allocation ETF,5,60,14,39,64,1.0,10.0,9.78,8.8,3.74,10.98
103,MSMR.K,McElhenny Sheffield Managed Risk ETF,5,60,14,39,64,1.0,10.0,9.78,152.32,5.62,9.28
103,PTMC.K,Pacer Trendpilot US Mid Cap ETF,5,60,14,39,64,1.0,10.0,9.78,0.0,4.37,12.15
103,MPRO.K,Monarch ProCap Index ETF,5,60,14,39,64,1.0,10.0,9.78,0.0,4.32,9.75
103,HEQT.K,Simplify Hedged Equity ETF,5,60,14,39,64,1.0,10.0,9.78,0.0,4.5,8.77
103,DAUG.K,FT Vest US Equity Deep Buffer ETF - August,5,60,14,39,64,1.0,10.0,9.78,0.0,5.5,9.6
103,SIXJ.K,AllianzIM US LargeCap 6 Month Buffer10 Jan/Jul,5,60,14,39,64,1.0,10.0,9.78,0.0,5.93,10.74
103,COM,Direxion Auspice Broad Commodity Strategy ETF,5,60,14,39,64,1.0,10.0,9.78,5.32,2.8,10.59
103,KJUL.K,Innovator US Small Cap Power Buffer ETF - July,5,60,14,39,64,1.0,10.0,9.78,6.87,5.13,12.04
103,XDTE.K,Roundhill S&P 500 0DTE Covered Call Strategy ETF,5,60,14,39,64,1.0,10.0,9.78,0.0,2.98,9.79
103,UJUL.K,Innovator US Equity Ultra Buffer ETF - July,5,60,14,39,64,1.0,10.0,9.78,8.17,5.09,9.19
103,PTIN.K,Pacer Trendpilot International ETF,5,60,14,39,64,1.0,10.0,9.78,31.69,3.9,12.73
103,AOR,iShares Core Growth Allocation ETF,5,60,14,39,64,1.0,10.0,9.78,7.01,5.58,10.4
103,IJUL.K,Innovator Intl Developed Power Buffer ETF - July,5,60,14,39,64,1.0,10.0,9.78,0.0,4.88,11.65
103,MPAY.K,Akros Monthly Payout ETF,5,60,14,39,64,1.0,10.0,9.78,28.53,3.43,10.56
103,PAPI.K,Parametric Equity Premium Income ETF,5,60,14,39,64,1.0,10.0,9.78,0.0,4.79,9.27
103,GHTA.K,Goose Hollow Tactical Allocation ETF,5,60,14,39,64,1.0,10.0,9.78,0.0,5.58,12.59
103,JEPI.K,JPMorgan Equity Premium Income ETF,5,60,14,39,64,1.0,10.0,9.78,0.0,3.55,10.6
103,BCIL.K,Bancreek International Large Cap ETF,5,60,14,39,64,1.0,10.0,9.78,0.0,6.29,10.59
103,EVUS.K,iShares ESG Aware MSCI USA Value ETF,5,60,14,39,64,1.0,10.0,9.78,0.0,5.4,11.24
103,MAYZ.K,TrueShares Structured Outcome (May) ETF,5,60,14,39,64,1.0,10.0,9.78,10.74,5.86,11.75
103,CMCI.K,VanEck CMCI Commodity Strategy ETF,5,60,14,39,64,1.0,10.0,9.78,0.0,5.03,10.24
103,UPGD.K,Invesco Bloomberg Analyst Rating Improvers ETF,5,60,14,39,64,1.0,10.0,9.78,0.0,4.56,9.14
103,VEMY.K,Virtus Stone Harbor Emerging Markets HY Bd ETF,5,60,14,39,64,1.0,10.0,9.78,0.0,3.99,8.94
103,FYLG.K,Global X Financials Covered Call & Growth ETF,5,60,14,39,64,1.0,10.0,9.78,0.0,3.01,11.81
103,XCLR.K,Global X S&P 500 Collar 95-110 ETF,5,60,14,39,64,1.0,10.0,9.78,12.47,5.49,10.42
103,JUNZ.K,TrueShares Structured Outcome (June) ETF,5,60,14,39,64,1.0,10.0,9.78,0.0,6.19,11.69
103,JADE.K,JPMorgan Active Developing Markets Equity ETF,5,60,14,39,64,1.0,10.0,9.78,0.0,6.5,11.93
103,OCIO.K,ClearShares OCIO ETF,5,60,14,39,64,1.0,10.0,9.78,0.0,4.89,11.29
103,TRND.K,Pacer Trendpilot Fund of Funds ETF,5,60,14,39,64,1.0,10.0,9.78,0.0,5.54,11.27
103,WBIL.K,WBI BullBear Quality 3000 ETF,5,60,14,39,64,1.0,10.0,9.78,6.18,3.63,11.32
103,MDST.K,Westwood Salient Enhanced Midstream Income ETF,5,60,14,39,64,1.0,10.0,9.78,0.0,4.07,12.53
103,USG,USCF Gold Strategy Plus Income Fund,5,60,14,39,64,1.0,10.0,9.78,0.0,5.33,12.05
103,EAOR.K,iShares ESG Aware Growth Allocation ETF,5,60,14,39,64,1.0,10.0,9.78,6.78,5.31,10.53
103,XBJA.K,Innovator US Eqty Accelerated 9 Buffer ETF - Jan,5,60,14,39,64,1.0,10.0,9.78,0.0,5.47,12.59
103,VEGA.K,AdvisorShares STAR Global Buy-Write ETF,5,60,14,39,64,1.0,10.0,9.78,0.0,5.39,11.93
103,ACWV.K,iShares MSCI Global Min Vol Factor ETF,5,60,14,39,64,1.0,10.0,9.78,0.0,6.46,12.15
103,SELV.K,SEI Enhanced Low Volatility US Large Cap ETF,5,60,14,39,64,1.0,10.0,9.78,0.0,6.4,12.4
103,ACWV.K,iShares MSCI Global Min Vol Factor ETF,5,120,14,49,54,1.0,10.0,9.62,0.31,6.46,12.15
103,AOR,iShares Core Growth Allocation ETF,5,120,14,49,54,1.0,10.0,9.62,6.7,5.58,10.4
103,SELV.K,SEI Enhanced Low Volatility US Large Cap ETF,5,120,14,49,54,1.0,10.0,9.62,29.86,6.4,12.4
103,YDEC.K,FT Vest International Eq Mod Buffer ETF - Dec,5,120,14,49,54,1.0,10.0,9.62,19.11,5.93,11.77
103,MSMR.K,McElhenny Sheffield Managed Risk ETF,5,120,14,49,54,1.0,10.0,9.62,17.72,5.62,9.28
103,PHDG.K,Invesco S&P 500 Downside Hedged ETF,5,120,14,49,54,1.0,10.0,9.62,5.83,4.29,11.27
103,TACK.K,Fairlead Tactical Sector ETF,5,120,14,49,54,1.0,10.0,9.62,3.73,2.65,10.21
103,YMAR.K,FT Vest International Equity Mod Buffer ETF - Mar,5,120,14,49,54,1.0,10.0,9.62,34.23,5.59,12.24
103,TOGA.K,Tremblant Global ETF,5,120,14,49,54,1.0,10.0,9.62,0.0,4.48,8.74
103,YJUN.K,FT Vest International Equity Moderate Buffer ETF,5,120,14,49,54,1.0,10.0,9.62,43.47,4.07,12.14
103,GAL,SPDR SSgA Global Allocation ETF,5,120,14,49,54,1.0,10.0,9.62,7.36,3.74,10.98
103,GDMA.K,Gadsden Dynamic Multi-Asset ETF,5,120,14,49,54,1.0,10.0,9.62,11.54,4.83,10.92
103,MPRO.K,Monarch ProCap Index ETF,5,120,14,49,54,1.0,10.0,9.62,4.82,4.32,9.75
103,HEQT.K,Simplify Hedged Equity ETF,5,120,14,49,54,1.0,10.0,9.62,16.12,4.5,8.77
103,DAUG.K,FT Vest US Equity Deep Buffer ETF - August,5,120,14,49,54,1.0,10.0,9.62,13.66,5.5,9.6
103,PTMC.K,Pacer Trendpilot US Mid Cap ETF,5,120,14,49,54,1.0,10.0,9.62,16.46,4.37,12.15
103,SIXJ.K,AllianzIM US LargeCap 6 Month Buffer10 Jan/Jul,5,120,14,49,54,1.0,10.0,9.62,0.0,5.93,10.74
103,COM,Direxion Auspice Broad Commodity Strategy ETF,5,120,14,49,54,1.0,10.0,9.62,2.09,2.8,10.59
103,KJUL.K,Innovator US Small Cap Power Buffer ETF - July,5,120,14,49,54,1.0,10.0,9.62,6.32,5.13,12.04
103,XDTE.K,Roundhill S&P 500 0DTE Covered Call Strategy ETF,5,120,14,49,54,1.0,10.0,9.62,0.0,2.98,9.79
103,UJUL.K,Innovator US Equity Ultra Buffer ETF - July,5,120,14,49,54,1.0,10.0,9.62,7.2,5.09,9.19
103,PTIN.K,Pacer Trendpilot International ETF,5,120,14,49,54,1.0,10.0,9.62,26.94,3.9,12.73
103,PAPI.K,Parametric Equity Premium Income ETF,5,120,14,49,54,1.0,10.0,9.62,0.0,4.79,9.27
103,GHTA.K,Goose Hollow Tactical Allocation ETF,5,120,14,49,54,1.0,10.0,9.62,68.29,5.58,12.59
103,JUNZ.K,TrueShares Structured Outcome (June) ETF,5,120,14,49,54,1.0,10.0,9.62,5.07,6.19,11.69
103,BCIL.K,Bancreek International Large Cap ETF,5,120,14,49,54,1.0,10.0,9.62,0.0,6.29,10.59
103,EVUS.K,iShares ESG Aware MSCI USA Value ETF,5,120,14,49,54,1.0,10.0,9.62,0.0,5.4,11.24
103,MAYZ.K,TrueShares Structured Outcome (May) ETF,5,120,14,49,54,1.0,10.0,9.62,6.51,5.86,11.75
103,CMCI.K,VanEck CMCI Commodity Strategy ETF,5,120,14,49,54,1.0,10.0,9.62,0.0,5.03,10.24
103,UPGD.K,Invesco Bloomberg Analyst Rating Improvers ETF,5,120,14,49,54,1.0,10.0,9.62,0.0,4.56,9.14
103,VEMY.K,Virtus Stone Harbor Emerging Markets HY Bd ETF,5,120,14,49,54,1.0,10.0,9.62,0.0,3.99,8.94
103,FYLG.K,Global X Financials Covered Call & Growth ETF,5,120,14,49,54,1.0,10.0,9.62,0.0,3.01,11.81
103,XCLR.K,Global X S&P 500 Collar 95-110 ETF,5,120,14,49,54,1.0,10.0,9.62,13.39,5.49,10.42
103,JADE.K,JPMorgan Active Developing Markets Equity ETF,5,120,14,49,54,1.0,10.0,9.62,0.0,6.5,11.93
103,VEGA.K,AdvisorShares STAR Global Buy-Write ETF,5,120,14,49,54,1.0,10.0,9.62,4.28,5.39,11.93
103,OCIO.K,ClearShares OCIO ETF,5,120,14,49,54,1.0,10.0,9.62,5.73,4.89,11.29
103,MPAY.K,Akros Monthly Payout ETF,5,120,14,49,54,1.0,10.0,9.62,6.79,3.43,10.56
103,TRND.K,Pacer Trendpilot Fund of Funds ETF,5,120,14,49,54,1.0,10.0,9.62,17.57,5.54,11.27
103,WBIL.K,WBI BullBear Quality 3000 ETF,5,120,14,49,54,1.0,10.0,9.62,8.75,3.63,11.32
103,MDST.K,Westwood Salient Enhanced Midstream Income ETF,5,120,14,49,54,1.0,10.0,9.62,0.0,4.07,12.53
103,USG,USCF Gold Strategy Plus Income Fund,5,120,14,49,54,1.0,10.0,9.62,0.0,5.33,12.05
103,EAOR.K,iShares ESG Aware Growth Allocation ETF,5,120,14,49,54,1.0,10.0,9.62,1.92,5.31,10.53
103,XBJA.K,Innovator US Eqty Accelerated 9 Buffer ETF - Jan,5,120,14,49,54,1.0,10.0,9.62,0.0,5.47,12.59
103,IJUL.K,Innovator Intl Developed Power Buffer ETF - July,5,120,14,49,54,1.0,10.0,9.62,18.35,4.88,11.65
103,JEPI.K,JPMorgan Equity Premium Income ETF,5,120,14,49,54,1.0,10.0,9.62,2.71,3.55,10.6
103,GDMA.K,Gadsden Dynamic Multi-Asset ETF,5,120,14,49,59,1.0,10.0,9.61,17.99,4.83,10.92
103,DAUG.K,FT Vest US Equity Deep Buffer ETF - August,5,120,14,49,59,1.0,10.0,9.61,16.42,5.5,9.6
103,YDEC.K,FT Vest International Eq Mod Buffer ETF - Dec,5,120,14,49,59,1.0,10.0,9.61,19.01,5.93,11.77
103,MSMR.K,McElhenny Sheffield Managed Risk ETF,5,120,14,49,59,1.0,10.0,9.61,31.87,5.62,9.28
103,TACK.K,Fairlead Tactical Sector ETF,5,120,14,49,59,1.0,10.0,9.61,10.65,2.65,10.21
103,YMAR.K,FT Vest International Equity Mod Buffer ETF - Mar,5,120,14,49,59,1.0,10.0,9.61,32.91,5.59,12.24
103,TOGA.K,Tremblant Global ETF,5,120,14,49,59,1.0,10.0,9.61,0.0,4.48,8.74
103,YJUN.K,FT Vest International Equity Moderate Buffer ETF,5,120,14,49,59,1.0,10.0,9.61,20.59,4.07,12.14
103,GAL,SPDR SSgA Global Allocation ETF,5,120,14,49,59,1.0,10.0,9.61,8.63,3.74,10.98
103,MPRO.K,Monarch ProCap Index ETF,5,120,14,49,59,1.0,10.0,9.61,5.94,4.32,9.75
103,HEQT.K,Simplify Hedged Equity ETF,5,120,14,49,59,1.0,10.0,9.61,15.37,4.5,8.77
103,PTMC.K,Pacer Trendpilot US Mid Cap ETF,5,120,14,49,59,1.0,10.0,9.61,6.42,4.37,12.15
103,PTIN.K,Pacer Trendpilot International ETF,5,120,14,49,59,1.0,10.0,9.61,22.84,3.9,12.73
103,SIXJ.K,AllianzIM US LargeCap 6 Month Buffer10 Jan/Jul,5,120,14,49,59,1.0,10.0,9.61,0.0,5.93,10.74
103,COM,Direxion Auspice Broad Commodity Strategy ETF,5,120,14,49,59,1.0,10.0,9.61,5.85,2.8,10.59
103,KJUL.K,Innovator US Small Cap Power Buffer ETF - July,5,120,14,49,59,1.0,10.0,9.61,6.08,5.13,12.04
103,XDTE.K,Roundhill S&P 500 0DTE Covered Call Strategy ETF,5,120,14,49,59,1.0,10.0,9.61,0.0,2.98,9.79
103,UJUL.K,Innovator US Equity Ultra Buffer ETF - July,5,120,14,49,59,1.0,10.0,9.61,10.47,5.09,9.19
103,IJUL.K,Innovator Intl Developed Power Buffer ETF - July,5,120,14,49,59,1.0,10.0,9.61,18.35,4.88,11.65
103,AOR,iShares Core Growth Allocation ETF,5,120,14,49,59,1.0,10.0,9.61,6.72,5.58,10.4
103,ACWV.K,iShares MSCI Global Min Vol Factor ETF,5,120,14,49,59,1.0,10.0,9.61,2.92,6.46,12.15
103,JEPI.K,JPMorgan Equity Premium Income ETF,5,120,14,49,59,1.0,10.0,9.61,1.3,3.55,10.6
103,SELV.K,SEI Enhanced Low Volatility US Large Cap ETF,5,120,14,49,59,1.0,10.0,9.61,33.03,6.4,12.4
103,PHDG.K,Invesco S&P 500 Downside Hedged ETF,5,120,14,49,59,1.0,10.0,9.61,6.0,4.29,11.27
103,PAPI.K,Parametric Equity Premium Income ETF,5,120,14,49,59,1.0,10.0,9.61,0.0,4.79,9.27
103,OCIO.K,ClearShares OCIO ETF,5,120,14,49,59,1.0,10.0,9.61,5.1,4.89,11.29
103,BCIL.K,Bancreek International Large Cap ETF,5,120,14,49,59,1.0,10.0,9.61,0.0,6.29,10.59
103,EVUS.K,iShares ESG Aware MSCI USA Value ETF,5,120,14,49,59,1.0,10.0,9.61,0.0,5.4,11.24
103,MAYZ.K,TrueShares Structured Outcome (May) ETF,5,120,14,49,59,1.0,10.0,9.61,5.39,5.86,11.75
103,CMCI.K,VanEck CMCI Commodity Strategy ETF,5,120,14,49,59,1.0,10.0,9.61,0.0,5.03,10.24
103,UPGD.K,Invesco Bloomberg Analyst Rating Improvers ETF,5,120,14,49,59,1.0,10.0,9.61,0.0,4.56,9.14
103,VEMY.K,Virtus Stone Harbor Emerging Markets HY Bd ETF,5,120,14,49,59,1.0,10.0,9.61,0.0,3.99,8.94
103,FYLG.K,Global X Financials Covered Call & Growth ETF,5,120,14,49,59,1.0,10.0,9.61,0.0,3.01,11.81
103,GHTA.K,Goose Hollow Tactical Allocation ETF,5,120,14,49,59,1.0,10.0,9.61,52.47,5.58,12.59
103,JUNZ.K,TrueShares Structured Outcome (June) ETF,5,120,14,49,59,1.0,10.0,9.61,7.15,6.19,11.69
103,JADE.K,JPMorgan Active Developing Markets Equity ETF,5,120,14,49,59,1.0,10.0,9.61,0.0,6.5,11.93
103,XCLR.K,Global X S&P 500 Collar 95-110 ETF,5,120,14,49,59,1.0,10.0,9.61,9.01,5.49,10.42
103,MPAY.K,Akros Monthly Payout ETF,5,120,14,49,59,1.0,10.0,9.61,9.43,3.43,10.56
103,USG,USCF Gold Strategy Plus Income Fund,5,120,14,49,59,1.0,10.0,9.61,0.0,5.33,12.05
103,TRND.K,Pacer Trendpilot Fund of Funds ETF,5,120,14,49,59,1.0,10.0,9.61,20.86,5.54,11.27
103,XBJA.K,Innovator US Eqty Accelerated 9 Buffer ETF - Jan,5,120,14,49,59,1.0,10.0,9.61,0.0,5.47,12.59
103,EAOR.K,iShares ESG Aware Growth Allocation ETF,5,120,14,49,59,1.0,10.0,9.61,4.63,5.31,10.53
103,VEGA.K,AdvisorShares STAR Global Buy-Write ETF,5,120,14,49,59,1.0,10.0,9.61,4.51,5.39,11.93
103,MDST.K,Westwood Salient Enhanced Midstream Income ETF,5,120,14,49,59,1.0,10.0,9.61,0.0,4.07,12.53
103,WBIL.K,WBI BullBear Quality 3000 ETF,5,120,14,49,59,1.0,10.0,9.61,14.38,3.63,11.32
103,JADE.K,JPMorgan Active Developing Markets Equity ETF,5,60,14,39,69,1.0,10.0,9.48,0.0,6.5,11.93
103,VEGA.K,AdvisorShares STAR Global Buy-Write ETF,5,60,14,39,69,1.0,10.0,9.48,0.0,5.39,11.93
103,XBJA.K,Innovator US Eqty Accelerated 9 Buffer ETF - Jan,5,60,14,39,69,1.0,10.0,9.48,0.0,5.47,12.59
103,EAOR.K,iShares ESG Aware Growth Allocation ETF,5,60,14,39,69,1.0,10.0,9.48,6.78,5.31,10.53
103,USG,USCF Gold Strategy Plus Income Fund,5,60,14,39,69,1.0,10.0,9.48,0.0,5.33,12.05
103,MDST.K,Westwood Salient Enhanced Midstream Income ETF,5,60,14,39,69,1.0,10.0,9.48,0.0,4.07,12.53
103,WBIL.K,WBI BullBear Quality 3000 ETF,5,60,14,39,69,1.0,10.0,9.48,7.66,3.63,11.32
103,TRND.K,Pacer Trendpilot Fund of Funds ETF,5,60,14,39,69,1.0,10.0,9.48,0.0,5.54,11.27
103,MPAY.K,Akros Monthly Payout ETF,5,60,14,39,69,1.0,10.0,9.48,28.53,3.43,10.56
103,OCIO.K,ClearShares OCIO ETF,5,60,14,39,69,1.0,10.0,9.48,0.0,4.89,11.29
103,ACWV.K,iShares MSCI Global Min Vol Factor ETF,5,60,14,39,69,1.0,10.0,9.48,0.0,6.46,12.15
103,JUNZ.K,TrueShares Structured Outcome (June) ETF,5,60,14,39,69,1.0,10.0,9.48,0.0,6.19,11.69
103,XCLR.K,Global X S&P 500 Collar 95-110 ETF,5,60,14,39,69,1.0,10.0,9.48,14.89,5.49,10.42
103,FYLG.K,Global X Financials Covered Call & Growth ETF,5,60,14,39,69,1.0,10.0,9.48,0.0,3.01,11.81
103,VEMY.K,Virtus Stone Harbor Emerging Markets HY Bd ETF,5,60,14,39,69,1.0,10.0,9.48,0.0,3.99,8.94
103,UPGD.K,Invesco Bloomberg Analyst Rating Improvers ETF,5,60,14,39,69,1.0,10.0,9.48,0.0,4.56,9.14
103,CMCI.K,VanEck CMCI Commodity Strategy ETF,5,60,14,39,69,1.0,10.0,9.48,0.0,5.03,10.24
103,MAYZ.K,TrueShares Structured Outcome (May) ETF,5,60,14,39,69,1.0,10.0,9.48,12.32,5.86,11.75
103,EVUS.K,iShares ESG Aware MSCI USA Value ETF,5,60,14,39,69,1.0,10.0,9.48,0.0,5.4,11.24
103,BCIL.K,Bancreek International Large Cap ETF,5,60,14,39,69,1.0,10.0,9.48,0.0,6.29,10.59
103,JEPI.K,JPMorgan Equity Premium Income ETF,5,60,14,39,69,1.0,10.0,9.48,0.0,3.55,10.6
103,GHTA.K,Goose Hollow Tactical Allocation ETF,5,60,14,39,69,1.0,10.0,9.48,0.0,5.58,12.59
103,PAPI.K,Parametric Equity Premium Income ETF,5,60,14,39,69,1.0,10.0,9.48,0.0,4.79,9.27
103,PTIN.K,Pacer Trendpilot International ETF,5,60,14,39,69,1.0,10.0,9.48,28.67,3.9,12.73
103,HEQT.K,Simplify Hedged Equity ETF,5,60,14,39,69,1.0,10.0,9.48,0.0,4.5,8.77
103,AOR,iShares Core Growth Allocation ETF,5,60,14,39,69,1.0,10.0,9.48,7.01,5.58,10.4
103,IJUL.K,Innovator Intl Developed Power Buffer ETF - July,5,60,14,39,69,1.0,10.0,9.48,0.0,4.88,11.65
103,UJUL.K,Innovator US Equity Ultra Buffer ETF - July,5,60,14,39,69,1.0,10.0,9.48,6.69,5.09,9.19
103,XDTE.K,Roundhill S&P 500 0DTE Covered Call Strategy ETF,5,60,14,39,69,1.0,10.0,9.48,0.0,2.98,9.79
103,KJUL.K,Innovator US Small Cap Power Buffer ETF - July,5,60,14,39,69,1.0,10.0,9.48,6.87,5.13,12.04
103,COM,Direxion Auspice Broad Commodity Strategy ETF,5,60,14,39,69,1.0,10.0,9.48,7.52,2.8,10.59
103,SIXJ.K,AllianzIM US LargeCap 6 Month Buffer10 Jan/Jul,5,60,14,39,69,1.0,10.0,9.48,0.0,5.93,10.74
103,PTMC.K,Pacer Trendpilot US Mid Cap ETF,5,60,14,39,69,1.0,10.0,9.48,0.0,4.37,12.15
103,DAUG.K,FT Vest US Equity Deep Buffer ETF - August,5,60,14,39,69,1.0,10.0,9.48,0.0,5.5,9.6
103,SELV.K,SEI Enhanced Low Volatility US Large Cap ETF,5,60,14,39,69,1.0,10.0,9.48,0.0,6.4,12.4
103,MPRO.K,Monarch ProCap Index ETF,5,60,14,39,69,1.0,10.0,9.48,0.0,4.32,9.75
103,GAL,SPDR SSgA Global Allocation ETF,5,60,14,39,69,1.0,10.0,9.48,9.13,3.74,10.98
103,YJUN.K,FT Vest International Equity Moderate Buffer ETF,5,60,14,39,69,1.0,10.0,9.48,11.31,4.07,12.14
103,TOGA.K,Tremblant Global ETF,5,60,14,39,69,1.0,10.0,9.48,0.0,4.48,8.74
103,YMAR.K,FT Vest International Equity Mod Buffer ETF - Mar,5,60,14,39,69,1.0,10.0,9.48,12.78,5.59,12.24
103,TACK.K,Fairlead Tactical Sector ETF,5,60,14,39,69,1.0,10.0,9.48,20.18,2.65,10.21
103,PHDG.K,Invesco S&P 500 Downside Hedged ETF,5,60,14,39,69,1.0,10.0,9.48,7.27,4.29,11.27
103,MSMR.K,McElhenny Sheffield Managed Risk ETF,5,60,14,39,69,1.0,10.0,9.48,152.32,5.62,9.28
103,YDEC.K,FT Vest International Eq Mod Buffer ETF - Dec,5,60,14,39,69,1.0,10.0,9.48,11.96,5.93,11.77
103,GDMA.K,Gadsden Dynamic Multi-Asset ETF,5,60,14,39,69,1.0,10.0,9.48,74.52,4.83,10.92
103,GAL,SPDR SSgA Global Allocation ETF,5,60,14,34,64,1.0,10.0,8.71,0.0,3.74,10.98
103,HEQT.K,Simplify Hedged Equity ETF,5,60,14,34,64,1.0,10.0,8.71,0.0,4.5,8.77
103,MPRO.K,Monarch ProCap Index ETF,5,60,14,34,64,1.0,10.0,8.71,0.0,4.32,9.75
103,GDMA.K,Gadsden Dynamic Multi-Asset ETF,5,60,14,34,64,1.0,10.0,8.71,74.52,4.83,10.92
103,TACK.K,Fairlead Tactical Sector ETF,5,60,14,34,64,1.0,10.0,8.71,0.0,2.65,10.21
103,YJUN.K,FT Vest International Equity Moderate Buffer ETF,5,60,14,34,64,1.0,10.0,8.71,18.19,4.07,12.14
103,TOGA.K,Tremblant Global ETF,5,60,14,34,64,1.0,10.0,8.71,0.0,4.48,8.74
103,YMAR.K,FT Vest International Equity Mod Buffer ETF - Mar,5,60,14,34,64,1.0,10.0,8.71,13.85,5.59,12.24
103,PTMC.K,Pacer Trendpilot US Mid Cap ETF,5,60,14,34,64,1.0,10.0,8.71,0.0,4.37,12.15
103,DAUG.K,FT Vest US Equity Deep Buffer ETF - August,5,60,14,34,64,1.0,10.0,8.71,0.0,5.5,9.6
103,XDTE.K,Roundhill S&P 500 0DTE Covered Call Strategy ETF,5,60,14,34,64,1.0,10.0,8.71,0.0,2.98,9.79
103,SIXJ.K,AllianzIM US LargeCap 6 Month Buffer10 Jan/Jul,5,60,14,34,64,1.0,10.0,8.71,0.0,5.93,10.74
103,COM,Direxion Auspice Broad Commodity Strategy ETF,5,60,14,34,64,1.0,10.0,8.71,30.82,2.8,10.59
103,KJUL.K,Innovator US Small Cap Power Buffer ETF - July,5,60,14,34,64,1.0,10.0,8.71,0.0,5.13,12.04
103,MSMR.K,McElhenny Sheffield Managed Risk ETF,5,60,14,34,64,1.0,10.0,8.71,152.32,5.62,9.28
103,UJUL.K,Innovator US Equity Ultra Buffer ETF - July,5,60,14,34,64,1.0,10.0,8.71,8.17,5.09,9.19
103,IJUL.K,Innovator Intl Developed Power Buffer ETF - July,5,60,14,34,64,1.0,10.0,8.71,0.0,4.88,11.65
103,AOR,iShares Core Growth Allocation ETF,5,60,14,34,64,1.0,10.0,8.71,0.0,5.58,10.4
103,ACWV.K,iShares MSCI Global Min Vol Factor ETF,5,60,14,34,64,1.0,10.0,8.71,0.0,6.46,12.15
103,JEPI.K,JPMorgan Equity Premium Income ETF,5,60,14,34,64,1.0,10.0,8.71,0.0,3.55,10.6
103,EVUS.K,iShares ESG Aware MSCI USA Value ETF,5,60,14,34,64,1.0,10.0,8.71,0.0,5.4,11.24
103,PHDG.K,Invesco S&P 500 Downside Hedged ETF,5,60,14,34,64,1.0,10.0,8.71,5.06,4.29,11.27
103,GHTA.K,Goose Hollow Tactical Allocation ETF,5,60,14,34,64,1.0,10.0,8.71,0.0,5.58,12.59
103,YDEC.K,FT Vest International Eq Mod Buffer ETF - Dec,5,60,14,34,64,1.0,10.0,8.71,11.96,5.93,11.77
103,OCIO.K,ClearShares OCIO ETF,5,60,14,34,64,1.0,10.0,8.71,0.0,4.89,11.29
103,BCIL.K,Bancreek International Large Cap ETF,5,60,14,34,64,1.0,10.0,8.71,0.0,6.29,10.59
103,MAYZ.K,TrueShares Structured Outcome (May) ETF,5,60,14,34,64,1.0,10.0,8.71,10.74,5.86,11.75
103,CMCI.K,VanEck CMCI Commodity Strategy ETF,5,60,14,34,64,1.0,10.0,8.71,0.0,5.03,10.24
103,UPGD.K,Invesco Bloomberg Analyst Rating Improvers ETF,5,60,14,34,64,1.0,10.0,8.71,0.0,4.56,9.14
103,VEMY.K,Virtus Stone Harbor Emerging Markets HY Bd ETF,5,60,14,34,64,1.0,10.0,8.71,0.0,3.99,8.94
103,FYLG.K,Global X Financials Covered Call & Growth ETF,5,60,14,34,64,1.0,10.0,8.71,0.0,3.01,11.81
103,XCLR.K,Global X S&P 500 Collar 95-110 ETF,5,60,14,34,64,1.0,10.0,8.71,0.0,5.49,10.42
103,JUNZ.K,TrueShares Structured Outcome (June) ETF,5,60,14,34,64,1.0,10.0,8.71,0.0,6.19,11.69
103,JADE.K,JPMorgan Active Developing Markets Equity ETF,5,60,14,34,64,1.0,10.0,8.71,0.0,6.5,11.93
103,MPAY.K,Akros Monthly Payout ETF,5,60,14,34,64,1.0,10.0,8.71,0.0,3.43,10.56
103,SELV.K,SEI Enhanced Low Volatility US Large Cap ETF,5,60,14,34,64,1.0,10.0,8.71,0.0,6.4,12.4
103,TRND.K,Pacer Trendpilot Fund of Funds ETF,5,60,14,34,64,1.0,10.0,8.71,0.0,5.54,11.27
103,MDST.K,Westwood Salient Enhanced Midstream Income ETF,5,60,14,34,64,1.0,10.0,8.71,0.0,4.07,12.53
103,USG,USCF Gold Strategy Plus Income Fund,5,60,14,34,64,1.0,10.0,8.71,0.0,5.33,12.05
103,EAOR.K,iShares ESG Aware Growth Allocation ETF,5,60,14,34,64,1.0,10.0,8.71,0.0,5.31,10.53
103,XBJA.K,Innovator US Eqty Accelerated 9 Buffer ETF - Jan,5,60,14,34,64,1.0,10.0,8.71,0.0,5.47,12.59
103,VEGA.K,AdvisorShares STAR Global Buy-Write ETF,5,60,14,34,64,1.0,10.0,8.71,0.0,5.39,11.93
103,PAPI.K,Parametric Equity Premium Income ETF,5,60,14,34,64,1.0,10.0,8.71,0.0,4.79,9.27
103,PTIN.K,Pacer Trendpilot International ETF,5,60,14,34,64,1.0,10.0,8.71,60.26,3.9,12.73
103,WBIL.K,WBI BullBear Quality 3000 ETF,5,60,14,34,64,1.0,10.0,8.71,6.18,3.63,11.32
103,ACWV.K,iShares MSCI Global Min Vol Factor ETF,5,60,14,34,69,1.0,10.0,8.43,0.0,6.46,12.15
103,JEPI.K,JPMorgan Equity Premium Income ETF,5,60,14,34,69,1.0,10.0,8.43,0.0,3.55,10.6
103,TRND.K,Pacer Trendpilot Fund of Funds ETF,5,60,14,34,69,1.0,10.0,8.43,0.0,5.54,11.27
103,SELV.K,SEI Enhanced Low Volatility US Large Cap ETF,5,60,14,34,69,1.0,10.0,8.43,0.0,6.4,12.4
103,PAPI.K,Parametric Equity Premium Income ETF,5,60,14,34,69,1.0,10.0,8.43,0.0,4.79,9.27
103,GHTA.K,Goose Hollow Tactical Allocation ETF,5,60,14,34,69,1.0,10.0,8.43,0.0,5.58,12.59
103,XBJA.K,Innovator US Eqty Accelerated 9 Buffer ETF - Jan,5,60,14,34,69,1.0,10.0,8.43,0.0,5.47,12.59
103,EAOR.K,iShares ESG Aware Growth Allocation ETF,5,60,14,34,69,1.0,10.0,8.43,0.0,5.31,10.53
103,USG,USCF Gold Strategy Plus Income Fund,5,60,14,34,69,1.0,10.0,8.43,0.0,5.33,12.05
103,MDST.K,Westwood Salient Enhanced Midstream Income ETF,5,60,14,34,69,1.0,10.0,8.43,0.0,4.07,12.53
103,WBIL.K,WBI BullBear Quality 3000 ETF,5,60,14,34,69,1.0,10.0,8.43,7.66,3.63,11.32
103,MPAY.K,Akros Monthly Payout ETF,5,60,14,34,69,1.0,10.0,8.43,0.0,3.43,10.56
103,OCIO.K,ClearShares OCIO ETF,5,60,14,34,69,1.0,10.0,8.43,0.0,4.89,11.29
103,JADE.K,JPMorgan Active Developing Markets Equity ETF,5,60,14,34,69,1.0,10.0,8.43,0.0,6.5,11.93
103,JUNZ.K,TrueShares Structured Outcome (June) ETF,5,60,14,34,69,1.0,10.0,8.43,0.0,6.19,11.69
103,XCLR.K,Global X S&P 500 Collar 95-110 ETF,5,60,14,34,69,1.0,10.0,8.43,0.0,5.49,10.42
103,FYLG.K,Global X Financials Covered Call & Growth ETF,5,60,14,34,69,1.0,10.0,8.43,0.0,3.01,11.81
103,VEMY.K,Virtus Stone Harbor Emerging Markets HY Bd ETF,5,60,14,34,69,1.0,10.0,8.43,0.0,3.99,8.94
103,UPGD.K,Invesco Bloomberg Analyst Rating Improvers ETF,5,60,14,34,69,1.0,10.0,8.43,0.0,4.56,9.14
103,CMCI.K,VanEck CMCI Commodity Strategy ETF,5,60,14,34,69,1.0,10.0,8.43,0.0,5.03,10.24
103,MAYZ.K,TrueShares Structured Outcome (May) ETF,5,60,14,34,69,1.0,10.0,8.43,12.32,5.86,11.75
103,EVUS.K,iShares ESG Aware MSCI USA Value ETF,5,60,14,34,69,1.0,10.0,8.43,0.0,5.4,11.24
103,BCIL.K,Bancreek International Large Cap ETF,5,60,14,34,69,1.0,10.0,8.43,0.0,6.29,10.59
103,PTIN.K,Pacer Trendpilot International ETF,5,60,14,34,69,1.0,10.0,8.43,44.62,3.9,12.73
103,VEGA.K,AdvisorShares STAR Global Buy-Write ETF,5,60,14,34,69,1.0,10.0,8.43,0.0,5.39,11.93
103,YDEC.K,FT Vest International Eq Mod Buffer ETF - Dec,5,60,14,34,69,1.0,10.0,8.43,11.96,5.93,11.77
103,HEQT.K,Simplify Hedged Equity ETF,5,60,14,34,69,1.0,10.0,8.43,0.0,4.5,8.77
103,AOR,iShares Core Growth Allocation ETF,5,60,14,34,69,1.0,10.0,8.43,0.0,5.58,10.4
103,IJUL.K,Innovator Intl Developed Power Buffer ETF - July,5,60,14,34,69,1.0,10.0,8.43,0.0,4.88,11.65
103,UJUL.K,Innovator US Equity Ultra Buffer ETF - July,5,60,14,34,69,1.0,10.0,8.43,6.69,5.09,9.19
103,XDTE.K,Roundhill S&P 500 0DTE Covered Call Strategy ETF,5,60,14,34,69,1.0,10.0,8.43,0.0,2.98,9.79
103,KJUL.K,Innovator US Small Cap Power Buffer ETF - July,5,60,14,34,69,1.0,10.0,8.43,0.0,5.13,12.04
103,COM,Direxion Auspice Broad Commodity Strategy ETF,5,60,14,34,69,1.0,10.0,8.43,33.42,2.8,10.59
103,MSMR.K,McElhenny Sheffield Managed Risk ETF,5,60,14,34,69,1.0,10.0,8.43,152.32,5.62,9.28
103,PTMC.K,Pacer Trendpilot US Mid Cap ETF,5,60,14,34,69,1.0,10.0,8.43,0.0,4.37,12.15
103,DAUG.K,FT Vest US Equity Deep Buffer ETF - August,5,60,14,34,69,1.0,10.0,8.43,0.0,5.5,9.6
103,SIXJ.K,AllianzIM US LargeCap 6 Month Buffer10 Jan/Jul,5,60,14,34,69,1.0,10.0,8.43,0.0,5.93,10.74
103,MPRO.K,Monarch ProCap Index ETF,5,60,14,34,69,1.0,10.0,8.43,0.0,4.32,9.75
103,TOGA.K,Tremblant Global ETF,5,60,14,34,69,1.0,10.0,8.43,0.0,4.48,8.74
103,TACK.K,Fairlead Tactical Sector ETF,5,60,14,34,69,1.0,10.0,8.43,0.0,2.65,10.21
103,YMAR.K,FT Vest International Equity Mod Buffer ETF - Mar,5,60,14,34,69,1.0,10.0,8.43,12.78,5.59,12.24
103,PHDG.K,Invesco S&P 500 Downside Hedged ETF,5,60,14,34,69,1.0,10.0,8.43,7.27,4.29,11.27
103,YJUN.K,FT Vest International Equity Moderate Buffer ETF,5,60,14,34,69,1.0,10.0,8.43,15.79,4.07,12.14
103,GAL,SPDR SSgA Global Allocation ETF,5,60,14,34,69,1.0,10.0,8.43,0.0,3.74,10.98
103,GDMA.K,Gadsden Dynamic Multi-Asset ETF,5,60,14,34,69,1.0,10.0,8.43,74.52,4.83,10.92
103,DAUG.K,FT Vest US Equity Deep Buffer ETF - August,5,120,14,44,64,1.0,10.0,8.17,12.48,5.5,9.6
103,PHDG.K,Invesco S&P 500 Downside Hedged ETF,5,120,14,44,64,1.0,10.0,8.17,10.08,4.29,11.27
103,MSMR.K,McElhenny Sheffield Managed Risk ETF,5,120,14,44,64,1.0,10.0,8.17,31.87,5.62,9.28
103,TACK.K,Fairlead Tactical Sector ETF,5,120,14,44,64,1.0,10.0,8.17,33.13,2.65,10.21
103,YMAR.K,FT Vest International Equity Mod Buffer ETF - Mar,5,120,14,44,64,1.0,10.0,8.17,17.53,5.59,12.24
103,TOGA.K,Tremblant Global ETF,5,120,14,44,64,1.0,10.0,8.17,0.0,4.48,8.74
103,YJUN.K,FT Vest International Equity Moderate Buffer ETF,5,120,14,44,64,1.0,10.0,8.17,14.44,4.07,12.14
103,GAL,SPDR SSgA Global Allocation ETF,5,120,14,44,64,1.0,10.0,8.17,7.27,3.74,10.98
103,GDMA.K,Gadsden Dynamic Multi-Asset ETF,5,120,14,44,64,1.0,10.0,8.17,7.29,4.83,10.92
103,MPRO.K,Monarch ProCap Index ETF,5,120,14,44,64,1.0,10.0,8.17,6.36,4.32,9.75
103,HEQT.K,Simplify Hedged Equity ETF,5,120,14,44,64,1.0,10.0,8.17,11.43,4.5,8.77
103,BCIL.K,Bancreek International Large Cap ETF,5,120,14,44,64,1.0,10.0,8.17,0.0,6.29,10.59
103,PTMC.K,Pacer Trendpilot US Mid Cap ETF,5,120,14,44,64,1.0,10.0,8.17,5.51,4.37,12.15
103,SIXJ.K,AllianzIM US LargeCap 6 Month Buffer10 Jan/Jul,5,120,14,44,64,1.0,10.0,8.17,0.0,5.93,10.74
103,COM,Direxion Auspice Broad Commodity Strategy ETF,5,120,14,44,64,1.0,10.0,8.17,5.85,2.8,10.59
103,KJUL.K,Innovator US Small Cap Power Buffer ETF - July,5,120,14,44,64,1.0,10.0,8.17,7.24,5.13,12.04
103,XDTE.K,Roundhill S&P 500 0DTE Covered Call Strategy ETF,5,120,14,44,64,1.0,10.0,8.17,0.0,2.98,9.79
103,UJUL.K,Innovator US Equity Ultra Buffer ETF - July,5,120,14,44,64,1.0,10.0,8.17,0.0,5.09,9.19
103,IJUL.K,Innovator Intl Developed Power Buffer ETF - July,5,120,14,44,64,1.0,10.0,8.17,13.9,4.88,11.65
103,AOR,iShares Core Growth Allocation ETF,5,120,14,44,64,1.0,10.0,8.17,9.72,5.58,10.4
103,SELV.K,SEI Enhanced Low Volatility US Large Cap ETF,5,120,14,44,64,1.0,10.0,8.17,29.2,6.4,12.4
103,ACWV.K,iShares MSCI Global Min Vol Factor ETF,5,120,14,44,64,1.0,10.0,8.17,0.0,6.46,12.15
103,YDEC.K,FT Vest International Eq Mod Buffer ETF - Dec,5,120,14,44,64,1.0,10.0,8.17,11.28,5.93,11.77
103,JEPI.K,JPMorgan Equity Premium Income ETF,5,120,14,44,64,1.0,10.0,8.17,5.54,3.55,10.6
103,PTIN.K,Pacer Trendpilot International ETF,5,120,14,44,64,1.0,10.0,8.17,16.06,3.9,12.73
103,PAPI.K,Parametric Equity Premium Income ETF,5,120,14,44,64,1.0,10.0,8.17,0.0,4.79,9.27
103,EVUS.K,iShares ESG Aware MSCI USA Value ETF,5,120,14,44,64,1.0,10.0,8.17,0.0,5.4,11.24
103,MAYZ.K,TrueShares Structured Outcome (May) ETF,5,120,14,44,64,1.0,10.0,8.17,8.03,5.86,11.75
103,CMCI.K,VanEck CMCI Commodity Strategy ETF,5,120,14,44,64,1.0,10.0,8.17,0.0,5.03,10.24
103,UPGD.K,Invesco Bloomberg Analyst Rating Improvers ETF,5,120,14,44,64,1.0,10.0,8.17,0.0,4.56,9.14
103,VEMY.K,Virtus Stone Harbor Emerging Markets HY Bd ETF,5,120,14,44,64,1.0,10.0,8.17,0.0,3.99,8.94
103,FYLG.K,Global X Financials Covered Call & Growth ETF,5,120,14,44,64,1.0,10.0,8.17,0.0,3.01,11.81
103,XCLR.K,Global X S&P 500 Collar 95-110 ETF,5,120,14,44,64,1.0,10.0,8.17,12.47,5.49,10.42
103,JUNZ.K,TrueShares Structured Outcome (June) ETF,5,120,14,44,64,1.0,10.0,8.17,11.99,6.19,11.69
103,JADE.K,JPMorgan Active Developing Markets Equity ETF,5,120,14,44,64,1.0,10.0,8.17,0.0,6.5,11.93
103,OCIO.K,ClearShares OCIO ETF,5,120,14,44,64,1.0,10.0,8.17,9.42,4.89,11.29
103,MPAY.K,Akros Monthly Payout ETF,5,120,14,44,64,1.0,10.0,8.17,27.42,3.43,10.56
103,TRND.K,Pacer Trendpilot Fund of Funds ETF,5,120,14,44,64,1.0,10.0,8.17,12.94,5.54,11.27
103,WBIL.K,WBI BullBear Quality 3000 ETF,5,120,14,44,64,1.0,10.0,8.17,14.93,3.63,11.32
103,MDST.K,Westwood Salient Enhanced Midstream Income ETF,5,120,14,44,64,1.0,10.0,8.17,0.0,4.07,12.53
103,USG,USCF Gold Strategy Plus Income Fund,5,120,14,44,64,1.0,10.0,8.17,0.0,5.33,12.05
103,EAOR.K,iShares ESG Aware Growth Allocation ETF,5,120,14,44,64,1.0,10.0,8.17,5.14,5.31,10.53
103,XBJA.K,Innovator US Eqty Accelerated 9 Buffer ETF - Jan,5,120,14,44,64,1.0,10.0,8.17,0.0,5.47,12.59
103,VEGA.K,AdvisorShares STAR Global Buy-Write ETF,5,120,14,44,64,1.0,10.0,8.17,9.16,5.39,11.93
103,GHTA.K,Goose Hollow Tactical Allocation ETF,5,120,14,44,64,1.0,10.0,8.17,0.0,5.58,12.59
103,MAYZ.K,TrueShares Structured Outcome (May) ETF,5,60,14,49,74,1.0,10.0,7.76,12.32,5.86,11.75
103,EVUS.K,iShares ESG Aware MSCI USA Value ETF,5,60,14,49,74,1.0,10.0,7.76,0.0,5.4,11.24
103,JEPI.K,JPMorgan Equity Premium Income ETF,5,60,14,49,74,1.0,10.0,7.76,-0.33,3.55,10.6
103,WBIL.K,WBI BullBear Quality 3000 ETF,5,60,14,49,74,1.0,10.0,7.76,6.38,3.63,11.32
103,TRND.K,Pacer Trendpilot Fund of Funds ETF,5,60,14,49,74,1.0,10.0,7.76,8.4,5.54,11.27
103,ACWV.K,iShares MSCI Global Min Vol Factor ETF,5,60,14,49,74,1.0,10.0,7.76,5.37,6.46,12.15
103,PAPI.K,Parametric Equity Premium Income ETF,5,60,14,49,74,1.0,10.0,7.76,0.0,4.79,9.27
103,VEGA.K,AdvisorShares STAR Global Buy-Write ETF,5,60,14,49,74,1.0,10.0,7.76,7.0,5.39,11.93
103,XBJA.K,Innovator US Eqty Accelerated 9 Buffer ETF - Jan,5,60,14,49,74,1.0,10.0,7.76,16.53,5.47,12.59
103,EAOR.K,iShares ESG Aware Growth Allocation ETF,5,60,14,49,74,1.0,10.0,7.76,6.78,5.31,10.53
103,USG,USCF Gold Strategy Plus Income Fund,5,60,14,49,74,1.0,10.0,7.76,19.05,5.33,12.05
103,MDST.K,Westwood Salient Enhanced Midstream Income ETF,5,60,14,49,74,1.0,10.0,7.76,0.0,4.07,12.53
103,BCIL.K,Bancreek International Large Cap ETF,5,60,14,49,74,1.0,10.0,7.76,0.0,6.29,10.59
103,MPAY.K,Akros Monthly Payout ETF,5,60,14,49,74,1.0,10.0,7.76,12.12,3.43,10.56
103,SELV.K,SEI Enhanced Low Volatility US Large Cap ETF,5,60,14,49,74,1.0,10.0,7.76,19.01,6.4,12.4
103,OCIO.K,ClearShares OCIO ETF,5,60,14,49,74,1.0,10.0,7.76,9.19,4.89,11.29
103,JADE.K,JPMorgan Active Developing Markets Equity ETF,5,60,14,49,74,1.0,10.0,7.76,0.0,6.5,11.93
103,JUNZ.K,TrueShares Structured Outcome (June) ETF,5,60,14,49,74,1.0,10.0,7.76,10.56,6.19,11.69
103,XCLR.K,Global X S&P 500 Collar 95-110 ETF,5,60,14,49,74,1.0,10.0,7.76,14.89,5.49,10.42
103,FYLG.K,Global X Financials Covered Call & Growth ETF,5,60,14,49,74,1.0,10.0,7.76,0.0,3.01,11.81
103,VEMY.K,Virtus Stone Harbor Emerging Markets HY Bd ETF,5,60,14,49,74,1.0,10.0,7.76,0.0,3.99,8.94
103,UPGD.K,Invesco Bloomberg Analyst Rating Improvers ETF,5,60,14,49,74,1.0,10.0,7.76,0.0,4.56,9.14
103,CMCI.K,VanEck CMCI Commodity Strategy ETF,5,60,14,49,74,1.0,10.0,7.76,0.0,5.03,10.24
103,PTIN.K,Pacer Trendpilot International ETF,5,60,14,49,74,1.0,10.0,7.76,5.9,3.9,12.73
103,GHTA.K,Goose Hollow Tactical Allocation ETF,5,60,14,49,74,1.0,10.0,7.76,11.82,5.58,12.59
103,YDEC.K,FT Vest International Eq Mod Buffer ETF - Dec,5,60,14,49,74,1.0,10.0,7.76,11.96,5.93,11.77
103,HEQT.K,Simplify Hedged Equity ETF,5,60,14,49,74,1.0,10.0,7.76,13.21,4.5,8.77
103,AOR,iShares Core Growth Allocation ETF,5,60,14,49,74,1.0,10.0,7.76,9.31,5.58,10.4
103,IJUL.K,Innovator Intl Developed Power Buffer ETF - July,5,60,14,49,74,1.0,10.0,7.76,5.59,4.88,11.65
103,UJUL.K,Innovator US Equity Ultra Buffer ETF - July,5,60,14,49,74,1.0,10.0,7.76,5.99,5.09,9.19
103,XDTE.K,Roundhill S&P 500 0DTE Covered Call Strategy ETF,5,60,14,49,74,1.0,10.0,7.76,0.0,2.98,9.79
103,KJUL.K,Innovator US Small Cap Power Buffer ETF - July,5,60,14,49,74,1.0,10.0,7.76,4.37,5.13,12.04
103,MSMR.K,McElhenny Sheffield Managed Risk ETF,5,60,14,49,74,1.0,10.0,7.76,30.09,5.62,9.28
103,SIXJ.K,AllianzIM US LargeCap 6 Month Buffer10 Jan/Jul,5,60,14,49,74,1.0,10.0,7.76,17.31,5.93,10.74
103,PTMC.K,Pacer Trendpilot US Mid Cap ETF,5,60,14,49,74,1.0,10.0,7.76,3.16,4.37,12.15
103,DAUG.K,FT Vest US Equity Deep Buffer ETF - August,5,60,14,49,74,1.0,10.0,7.76,8.19,5.5,9.6
103,COM,Direxion Auspice Broad Commodity Strategy ETF,5,60,14,49,74,1.0,10.0,7.76,7.9,2.8,10.59
103,MPRO.K,Monarch ProCap Index ETF,5,60,14,49,74,1.0,10.0,7.76,3.52,4.32,9.75
103,YMAR.K,FT Vest International Equity Mod Buffer ETF - Mar,5,60,14,49,74,1.0,10.0,7.76,12.78,5.59,12.24
103,GDMA.K,Gadsden Dynamic Multi-Asset ETF,5,60,14,49,74,1.0,10.0,7.76,16.76,4.83,10.92
103,TACK.K,Fairlead Tactical Sector ETF,5,60,14,49,74,1.0,10.0,7.76,9.31,2.65,10.21
103,PHDG.K,Invesco S&P 500 Downside Hedged ETF,5,60,14,49,74,1.0,10.0,7.76,9.25,4.29,11.27
103,TOGA.K,Tremblant Global ETF,5,60,14,49,74,1.0,10.0,7.76,0.0,4.48,8.74
103,YJUN.K,FT Vest International Equity Moderate Buffer ETF,5,60,14,49,74,1.0,10.0,7.76,11.31,4.07,12.14
103,GAL,SPDR SSgA Global Allocation ETF,5,60,14,49,74,1.0,10.0,7.76,4.32,3.74,10.98
103,HEQT.K,Simplify Hedged Equity ETF,5,120,14,49,64,1.0,10.0,7.73,10.62,4.5,8.77
103,MSMR.K,McElhenny Sheffield Managed Risk ETF,5,120,14,49,64,1.0,10.0,7.73,31.87,5.62,9.28
103,PHDG.K,Invesco S&P 500 Downside Hedged ETF,5,120,14,49,64,1.0,10.0,7.73,8.41,4.29,11.27
103,TACK.K,Fairlead Tactical Sector ETF,5,120,14,49,64,1.0,10.0,7.73,12.53,2.65,10.21
103,YMAR.K,FT Vest International Equity Mod Buffer ETF - Mar,5,120,14,49,64,1.0,10.0,7.73,17.53,5.59,12.24
103,TOGA.K,Tremblant Global ETF,5,120,14,49,64,1.0,10.0,7.73,0.0,4.48,8.74
103,YJUN.K,FT Vest International Equity Moderate Buffer ETF,5,120,14,49,64,1.0,10.0,7.73,14.44,4.07,12.14
103,GAL,SPDR SSgA Global Allocation ETF,5,120,14,49,64,1.0,10.0,7.73,10.22,3.74,10.98
103,GDMA.K,Gadsden Dynamic Multi-Asset ETF,5,120,14,49,64,1.0,10.0,7.73,17.99,4.83,10.92
103,MPRO.K,Monarch ProCap Index ETF,5,120,14,49,64,1.0,10.0,7.73,6.36,4.32,9.75
103,JEPI.K,JPMorgan Equity Premium Income ETF,5,120,14,49,64,1.0,10.0,7.73,1.3,3.55,10.6
103,DAUG.K,FT Vest US Equity Deep Buffer ETF - August,5,120,14,49,64,1.0,10.0,7.73,12.48,5.5,9.6
103,PTMC.K,Pacer Trendpilot US Mid Cap ETF,5,120,14,49,64,1.0,10.0,7.73,5.51,4.37,12.15
103,SIXJ.K,AllianzIM US LargeCap 6 Month Buffer10 Jan/Jul,5,120,14,49,64,1.0,10.0,7.73,0.0,5.93,10.74
103,COM,Direxion Auspice Broad Commodity Strategy ETF,5,120,14,49,64,1.0,10.0,7.73,5.85,2.8,10.59
103,KJUL.K,Innovator US Small Cap Power Buffer ETF - July,5,120,14,49,64,1.0,10.0,7.73,5.42,5.13,12.04
103,XDTE.K,Roundhill S&P 500 0DTE Covered Call Strategy ETF,5,120,14,49,64,1.0,10.0,7.73,0.0,2.98,9.79
103,UJUL.K,Innovator US Equity Ultra Buffer ETF - July,5,120,14,49,64,1.0,10.0,7.73,8.57,5.09,9.19
103,IJUL.K,Innovator Intl Developed Power Buffer ETF - July,5,120,14,49,64,1.0,10.0,7.73,11.66,4.88,11.65
103,AOR,iShares Core Growth Allocation ETF,5,120,14,49,64,1.0,10.0,7.73,6.66,5.58,10.4
103,SELV.K,SEI Enhanced Low Volatility US Large Cap ETF,5,120,14,49,64,1.0,10.0,7.73,29.2,6.4,12.4
103,YDEC.K,FT Vest International Eq Mod Buffer ETF - Dec,5,120,14,49,64,1.0,10.0,7.73,11.28,5.93,11.77
103,EVUS.K,iShares ESG Aware MSCI USA Value ETF,5,120,14,49,64,1.0,10.0,7.73,0.0,5.4,11.24
103,PTIN.K,Pacer Trendpilot International ETF,5,120,14,49,64,1.0,10.0,7.73,16.06,3.9,12.73
103,JADE.K,JPMorgan Active Developing Markets Equity ETF,5,120,14,49,64,1.0,10.0,7.73,0.0,6.5,11.93
103,BCIL.K,Bancreek International Large Cap ETF,5,120,14,49,64,1.0,10.0,7.73,0.0,6.29,10.59
103,MAYZ.K,TrueShares Structured Outcome (May) ETF,5,120,14,49,64,1.0,10.0,7.73,8.03,5.86,11.75
103,CMCI.K,VanEck CMCI Commodity Strategy ETF,5,120,14,49,64,1.0,10.0,7.73,0.0,5.03,10.24
103,UPGD.K,Invesco Bloomberg Analyst Rating Improvers ETF,5,120,14,49,64,1.0,10.0,7.73,0.0,4.56,9.14
103,VEMY.K,Virtus Stone Harbor Emerging Markets HY Bd ETF,5,120,14,49,64,1.0,10.0,7.73,0.0,3.99,8.94
103,FYLG.K,Global X Financials Covered Call & Growth ETF,5,120,14,49,64,1.0,10.0,7.73,0.0,3.01,11.81
103,XCLR.K,Global X S&P 500 Collar 95-110 ETF,5,120,14,49,64,1.0,10.0,7.73,12.47,5.49,10.42
103,JUNZ.K,TrueShares Structured Outcome (June) ETF,5,120,14,49,64,1.0,10.0,7.73,7.54,6.19,11.69
103,OCIO.K,ClearShares OCIO ETF,5,120,14,49,64,1.0,10.0,7.73,7.21,4.89,11.29
103,GHTA.K,Goose Hollow Tactical Allocation ETF,5,120,14,49,64,1.0,10.0,7.73,11.95,5.58,12.59
103,MPAY.K,Akros Monthly Payout ETF,5,120,14,49,64,1.0,10.0,7.73,12.12,3.43,10.56
103,TRND.K,Pacer Trendpilot Fund of Funds ETF,5,120,14,49,64,1.0,10.0,7.73,14.88,5.54,11.27
103,WBIL.K,WBI BullBear Quality 3000 ETF,5,120,14,49,64,1.0,10.0,7.73,15.35,3.63,11.32
103,MDST.K,Westwood Salient Enhanced Midstream Income ETF,5,120,14,49,64,1.0,10.0,7.73,0.0,4.07,12.53
103,USG,USCF Gold Strategy Plus Income Fund,5,120,14,49,64,1.0,10.0,7.73,0.0,5.33,12.05
103,EAOR.K,iShares ESG Aware Growth Allocation ETF,5,120,14,49,64,1.0,10.0,7.73,5.14,5.31,10.53
103,XBJA.K,Innovator US Eqty Accelerated 9 Buffer ETF - Jan,5,120,14,49,64,1.0,10.0,7.73,0.0,5.47,12.59
103,VEGA.K,AdvisorShares STAR Global Buy-Write ETF,5,120,14,49,64,1.0,10.0,7.73,6.68,5.39,11.93
103,ACWV.K,iShares MSCI Global Min Vol Factor ETF,5,120,14,49,64,1.0,10.0,7.73,2.73,6.46,12.15
103,PAPI.K,Parametric Equity Premium Income ETF,5,120,14,49,64,1.0,10.0,7.73,0.0,4.79,9.27
103,PTIN.K,Pacer Trendpilot International ETF,5,120,14,44,69,1.0,10.0,7.71,16.24,3.9,12.73
103,HEQT.K,Simplify Hedged Equity ETF,5,120,14,44,69,1.0,10.0,7.71,13.08,4.5,8.77
103,MSMR.K,McElhenny Sheffield Managed Risk ETF,5,120,14,44,69,1.0,10.0,7.71,31.87,5.62,9.28
103,PHDG.K,Invesco S&P 500 Downside Hedged ETF,5,120,14,44,69,1.0,10.0,7.71,11.68,4.29,11.27
103,TACK.K,Fairlead Tactical Sector ETF,5,120,14,44,69,1.0,10.0,7.71,17.41,2.65,10.21
103,YMAR.K,FT Vest International Equity Mod Buffer ETF - Mar,5,120,14,44,69,1.0,10.0,7.71,15.65,5.59,12.24
103,TOGA.K,Tremblant Global ETF,5,120,14,44,69,1.0,10.0,7.71,0.0,4.48,8.74
103,YJUN.K,FT Vest International Equity Moderate Buffer ETF,5,120,14,44,69,1.0,10.0,7.71,12.68,4.07,12.14
103,GAL,SPDR SSgA Global Allocation ETF,5,120,14,44,69,1.0,10.0,7.71,7.45,3.74,10.98
103,GDMA.K,Gadsden Dynamic Multi-Asset ETF,5,120,14,44,69,1.0,10.0,7.71,7.29,4.83,10.92
103,MPRO.K,Monarch ProCap Index ETF,5,120,14,44,69,1.0,10.0,7.71,6.36,4.32,9.75
103,DAUG.K,FT Vest US Equity Deep Buffer ETF - August,5,120,14,44,69,1.0,10.0,7.71,12.11,5.5,9.6
103,SELV.K,SEI Enhanced Low Volatility US Large Cap ETF,5,120,14,44,69,1.0,10.0,7.71,17.24,6.4,12.4
103,PTMC.K,Pacer Trendpilot US Mid Cap ETF,5,120,14,44,69,1.0,10.0,7.71,6.87,4.37,12.15
103,SIXJ.K,AllianzIM US LargeCap 6 Month Buffer10 Jan/Jul,5,120,14,44,69,1.0,10.0,7.71,0.0,5.93,10.74
103,COM,Direxion Auspice Broad Commodity Strategy ETF,5,120,14,44,69,1.0,10.0,7.71,7.82,2.8,10.59
103,KJUL.K,Innovator US Small Cap Power Buffer ETF - July,5,120,14,44,69,1.0,10.0,7.71,7.24,5.13,12.04
103,XDTE.K,Roundhill S&P 500 0DTE Covered Call Strategy ETF,5,120,14,44,69,1.0,10.0,7.71,0.0,2.98,9.79
103,UJUL.K,Innovator US Equity Ultra Buffer ETF - July,5,120,14,44,69,1.0,10.0,7.71,0.0,5.09,9.19
103,IJUL.K,Innovator Intl Developed Power Buffer ETF - July,5,120,14,44,69,1.0,10.0,7.71,12.57,4.88,11.65
103,AOR,iShares Core Growth Allocation ETF,5,120,14,44,69,1.0,10.0,7.71,10.15,5.58,10.4
103,ACWV.K,iShares MSCI Global Min Vol Factor ETF,5,120,14,44,69,1.0,10.0,7.71,0.0,6.46,12.15
103,YDEC.K,FT Vest International Eq Mod Buffer ETF - Dec,5,120,14,44,69,1.0,10.0,7.71,11.28,5.93,11.77
103,JEPI.K,JPMorgan Equity Premium Income ETF,5,120,14,44,69,1.0,10.0,7.71,5.54,3.55,10.6
103,OCIO.K,ClearShares OCIO ETF,5,120,14,44,69,1.0,10.0,7.71,9.42,4.89,11.29
103,PAPI.K,Parametric Equity Premium Income ETF,5,120,14,44,69,1.0,10.0,7.71,0.0,4.79,9.27
103,MAYZ.K,TrueShares Structured Outcome (May) ETF,5,120,14,44,69,1.0,10.0,7.71,10.1,5.86,11.75
103,CMCI.K,VanEck CMCI Commodity Strategy ETF,5,120,14,44,69,1.0,10.0,7.71,0.0,5.03,10.24
103,UPGD.K,Invesco Bloomberg Analyst Rating Improvers ETF,5,120,14,44,69,1.0,10.0,7.71,0.0,4.56,9.14
103,VEMY.K,Virtus Stone Harbor Emerging Markets HY Bd ETF,5,120,14,44,69,1.0,10.0,7.71,0.0,3.99,8.94
103,FYLG.K,Global X Financials Covered Call & Growth ETF,5,120,14,44,69,1.0,10.0,7.71,0.0,3.01,11.81
103,XCLR.K,Global X S&P 500 Collar 95-110 ETF,5,120,14,44,69,1.0,10.0,7.71,14.89,5.49,10.42
103,JUNZ.K,TrueShares Structured Outcome (June) ETF,5,120,14,44,69,1.0,10.0,7.71,12.93,6.19,11.69
103,JADE.K,JPMorgan Active Developing Markets Equity ETF,5,120,14,44,69,1.0,10.0,7.71,0.0,6.5,11.93
103,MPAY.K,Akros Monthly Payout ETF,5,120,14,44,69,1.0,10.0,7.71,27.42,3.43,10.56
103,BCIL.K,Bancreek International Large Cap ETF,5,120,14,44,69,1.0,10.0,7.71,0.0,6.29,10.59
103,TRND.K,Pacer Trendpilot Fund of Funds ETF,5,120,14,44,69,1.0,10.0,7.71,12.41,5.54,11.27
103,WBIL.K,WBI BullBear Quality 3000 ETF,5,120,14,44,69,1.0,10.0,7.71,15.28,3.63,11.32
103,MDST.K,Westwood Salient Enhanced Midstream Income ETF,5,120,14,44,69,1.0,10.0,7.71,0.0,4.07,12.53
103,USG,USCF Gold Strategy Plus Income Fund,5,120,14,44,69,1.0,10.0,7.71,0.0,5.33,12.05
103,EAOR.K,iShares ESG Aware Growth Allocation ETF,5,120,14,44,69,1.0,10.0,7.71,5.14,5.31,10.53
103,XBJA.K,Innovator US Eqty Accelerated 9 Buffer ETF - Jan,5,120,14,44,69,1.0,10.0,7.71,0.0,5.47,12.59
103,VEGA.K,AdvisorShares STAR Global Buy-Write ETF,5,120,14,44,69,1.0,10.0,7.71,8.99,5.39,11.93
103,GHTA.K,Goose Hollow Tactical Allocation ETF,5,120,14,44,69,1.0,10.0,7.71,0.0,5.58,12.59
103,EVUS.K,iShares ESG Aware MSCI USA Value ETF,5,120,14,44,69,1.0,10.0,7.71,0.0,5.4,11.24
103,EVUS.K,iShares ESG Aware MSCI USA Value ETF,5,60,14,44,74,1.0,10.0,7.69,0.0,5.4,11.24
103,BCIL.K,Bancreek International Large Cap ETF,5,60,14,44,74,1.0,10.0,7.69,0.0,6.29,10.59
103,YDEC.K,FT Vest International Eq Mod Buffer ETF - Dec,5,60,14,44,74,1.0,10.0,7.69,11.96,5.93,11.77
103,JEPI.K,JPMorgan Equity Premium Income ETF,5,60,14,44,74,1.0,10.0,7.69,-0.33,3.55,10.6
103,DAUG.K,FT Vest US Equity Deep Buffer ETF - August,5,60,14,44,74,1.0,10.0,7.69,11.61,5.5,9.6
103,PHDG.K,Invesco S&P 500 Downside Hedged ETF,5,60,14,44,74,1.0,10.0,7.69,6.87,4.29,11.27
103,TACK.K,Fairlead Tactical Sector ETF,5,60,14,44,74,1.0,10.0,7.69,20.18,2.65,10.21
103,YMAR.K,FT Vest International Equity Mod Buffer ETF - Mar,5,60,14,44,74,1.0,10.0,7.69,12.78,5.59,12.24
103,TOGA.K,Tremblant Global ETF,5,60,14,44,74,1.0,10.0,7.69,0.0,4.48,8.74
103,YJUN.K,FT Vest International Equity Moderate Buffer ETF,5,60,14,44,74,1.0,10.0,7.69,11.31,4.07,12.14
103,GAL,SPDR SSgA Global Allocation ETF,5,60,14,44,74,1.0,10.0,7.69,4.32,3.74,10.98
103,GDMA.K,Gadsden Dynamic Multi-Asset ETF,5,60,14,44,74,1.0,10.0,7.69,16.76,4.83,10.92
103,HEQT.K,Simplify Hedged Equity ETF,5,60,14,44,74,1.0,10.0,7.69,14.37,4.5,8.77
103,PTMC.K,Pacer Trendpilot US Mid Cap ETF,5,60,14,44,74,1.0,10.0,7.69,3.52,4.37,12.15
103,SELV.K,SEI Enhanced Low Volatility US Large Cap ETF,5,60,14,44,74,1.0,10.0,7.69,19.01,6.4,12.4
103,SIXJ.K,AllianzIM US LargeCap 6 Month Buffer10 Jan/Jul,5,60,14,44,74,1.0,10.0,7.69,0.0,5.93,10.74
103,COM,Direxion Auspice Broad Commodity Strategy ETF,5,60,14,44,74,1.0,10.0,7.69,12.23,2.8,10.59
103,KJUL.K,Innovator US Small Cap Power Buffer ETF - July,5,60,14,44,74,1.0,10.0,7.69,6.87,5.13,12.04
103,XDTE.K,Roundhill S&P 500 0DTE Covered Call Strategy ETF,5,60,14,44,74,1.0,10.0,7.69,0.0,2.98,9.79
103,UJUL.K,Innovator US Equity Ultra Buffer ETF - July,5,60,14,44,74,1.0,10.0,7.69,7.32,5.09,9.19
103,IJUL.K,Innovator Intl Developed Power Buffer ETF - July,5,60,14,44,74,1.0,10.0,7.69,10.41,4.88,11.65
103,AOR,iShares Core Growth Allocation ETF,5,60,14,44,74,1.0,10.0,7.69,10.09,5.58,10.4
103,ACWV.K,iShares MSCI Global Min Vol Factor ETF,5,60,14,44,74,1.0,10.0,7.69,0.0,6.46,12.15
103,MSMR.K,McElhenny Sheffield Managed Risk ETF,5,60,14,44,74,1.0,10.0,7.69,30.09,5.62,9.28
103,MPRO.K,Monarch ProCap Index ETF,5,60,14,44,74,1.0,10.0,7.69,3.52,4.32,9.75
103,PTIN.K,Pacer Trendpilot International ETF,5,60,14,44,74,1.0,10.0,7.69,5.9,3.9,12.73
103,MPAY.K,Akros Monthly Payout ETF,5,60,14,44,74,1.0,10.0,7.69,28.53,3.43,10.56
103,PAPI.K,Parametric Equity Premium Income ETF,5,60,14,44,74,1.0,10.0,7.69,0.0,4.79,9.27
103,CMCI.K,VanEck CMCI Commodity Strategy ETF,5,60,14,44,74,1.0,10.0,7.69,0.0,5.03,10.24
103,UPGD.K,Invesco Bloomberg Analyst Rating Improvers ETF,5,60,14,44,74,1.0,10.0,7.69,0.0,4.56,9.14
103,VEMY.K,Virtus Stone Harbor Emerging Markets HY Bd ETF,5,60,14,44,74,1.0,10.0,7.69,0.0,3.99,8.94
103,FYLG.K,Global X Financials Covered Call & Growth ETF,5,60,14,44,74,1.0,10.0,7.69,0.0,3.01,11.81
103,XCLR.K,Global X S&P 500 Collar 95-110 ETF,5,60,14,44,74,1.0,10.0,7.69,14.89,5.49,10.42
103,JUNZ.K,TrueShares Structured Outcome (June) ETF,5,60,14,44,74,1.0,10.0,7.69,10.56,6.19,11.69
103,JADE.K,JPMorgan Active Developing Markets Equity ETF,5,60,14,44,74,1.0,10.0,7.69,0.0,6.5,11.93
103,OCIO.K,ClearShares OCIO ETF,5,60,14,44,74,1.0,10.0,7.69,7.11,4.89,11.29
103,MAYZ.K,TrueShares Structured Outcome (May) ETF,5,60,14,44,74,1.0,10.0,7.69,12.32,5.86,11.75
103,TRND.K,Pacer Trendpilot Fund of Funds ETF,5,60,14,44,74,1.0,10.0,7.69,11.8,5.54,11.27
103,WBIL.K,WBI BullBear Quality 3000 ETF,5,60,14,44,74,1.0,10.0,7.69,9.06,3.63,11.32
103,MDST.K,Westwood Salient Enhanced Midstream Income ETF,5,60,14,44,74,1.0,10.0,7.69,0.0,4.07,12.53
103,USG,USCF Gold Strategy Plus Income Fund,5,60,14,44,74,1.0,10.0,7.69,19.05,5.33,12.05
103,EAOR.K,iShares ESG Aware Growth Allocation ETF,5,60,14,44,74,1.0,10.0,7.69,6.78,5.31,10.53
103,XBJA.K,Innovator US Eqty Accelerated 9 Buffer ETF - Jan,5,60,14,44,74,1.0,10.0,7.69,0.0,5.47,12.59
103,VEGA.K,AdvisorShares STAR Global Buy-Write ETF,5,60,14,44,74,1.0,10.0,7.69,7.0,5.39,11.93
103,GHTA.K,Goose Hollow Tactical Allocation ETF,5,60,14,44,74,1.0,10.0,7.69,0.0,5.58,12.59
103,MDST.K,Westwood Salient Enhanced Midstream Income ETF,5,120,14,49,69,1.0,10.0,7.46,0.0,4.07,12.53
103,MPAY.K,Akros Monthly Payout ETF,5,120,14,49,69,1.0,10.0,7.46,12.12,3.43,10.56
103,TRND.K,Pacer Trendpilot Fund of Funds ETF,5,120,14,49,69,1.0,10.0,7.46,15.49,5.54,11.27
103,WBIL.K,WBI BullBear Quality 3000 ETF,5,120,14,49,69,1.0,10.0,7.46,16.11,3.63,11.32
103,VEGA.K,AdvisorShares STAR Global Buy-Write ETF,5,120,14,49,69,1.0,10.0,7.46,6.66,5.39,11.93
103,USG,USCF Gold Strategy Plus Income Fund,5,120,14,49,69,1.0,10.0,7.46,0.0,5.33,12.05
103,EAOR.K,iShares ESG Aware Growth Allocation ETF,5,120,14,49,69,1.0,10.0,7.46,5.14,5.31,10.53
103,XBJA.K,Innovator US Eqty Accelerated 9 Buffer ETF - Jan,5,120,14,49,69,1.0,10.0,7.46,0.0,5.47,12.59
103,JADE.K,JPMorgan Active Developing Markets Equity ETF,5,120,14,49,69,1.0,10.0,7.46,0.0,6.5,11.93
103,OCIO.K,ClearShares OCIO ETF,5,120,14,49,69,1.0,10.0,7.46,8.03,4.89,11.29
103,VEMY.K,Virtus Stone Harbor Emerging Markets HY Bd ETF,5,120,14,49,69,1.0,10.0,7.46,0.0,3.99,8.94
103,JUNZ.K,TrueShares Structured Outcome (June) ETF,5,120,14,49,69,1.0,10.0,7.46,8.92,6.19,11.69
103,XCLR.K,Global X S&P 500 Collar 95-110 ETF,5,120,14,49,69,1.0,10.0,7.46,14.89,5.49,10.42
103,FYLG.K,Global X Financials Covered Call & Growth ETF,5,120,14,49,69,1.0,10.0,7.46,0.0,3.01,11.81
103,PAPI.K,Parametric Equity Premium Income ETF,5,120,14,49,69,1.0,10.0,7.46,0.0,4.79,9.27
103,UPGD.K,Invesco Bloomberg Analyst Rating Improvers ETF,5,120,14,49,69,1.0,10.0,7.46,0.0,4.56,9.14
103,CMCI.K,VanEck CMCI Commodity Strategy ETF,5,120,14,49,69,1.0,10.0,7.46,0.0,5.03,10.24
103,MAYZ.K,TrueShares Structured Outcome (May) ETF,5,120,14,49,69,1.0,10.0,7.46,10.1,5.86,11.75
103,EVUS.K,iShares ESG Aware MSCI USA Value ETF,5,120,14,49,69,1.0,10.0,7.46,0.0,5.4,11.24
103,BCIL.K,Bancreek International Large Cap ETF,5,120,14,49,69,1.0,10.0,7.46,0.0,6.29,10.59
103,GHTA.K,Goose Hollow Tactical Allocation ETF,5,120,14,49,69,1.0,10.0,7.46,11.95,5.58,12.59
103,PTIN.K,Pacer Trendpilot International ETF,5,120,14,49,69,1.0,10.0,7.46,16.24,3.9,12.73
103,COM,Direxion Auspice Broad Commodity Strategy ETF,5,120,14,49,69,1.0,10.0,7.46,7.82,2.8,10.59
103,HEQT.K,Simplify Hedged Equity ETF,5,120,14,49,69,1.0,10.0,7.46,12.31,4.5,8.77
103,ACWV.K,iShares MSCI Global Min Vol Factor ETF,5,120,14,49,69,1.0,10.0,7.46,2.73,6.46,12.15
103,AOR,iShares Core Growth Allocation ETF,5,120,14,49,69,1.0,10.0,7.46,7.29,5.58,10.4
103,IJUL.K,Innovator Intl Developed Power Buffer ETF - July,5,120,14,49,69,1.0,10.0,7.46,5.69,4.88,11.65
103,UJUL.K,Innovator US Equity Ultra Buffer ETF - July,5,120,14,49,69,1.0,10.0,7.46,6.53,5.09,9.19
103,XDTE.K,Roundhill S&P 500 0DTE Covered Call Strategy ETF,5,120,14,49,69,1.0,10.0,7.46,0.0,2.98,9.79
103,KJUL.K,Innovator US Small Cap Power Buffer ETF - July,5,120,14,49,69,1.0,10.0,7.46,5.42,5.13,12.04
103,SELV.K,SEI Enhanced Low Volatility US Large Cap ETF,5,120,14,49,69,1.0,10.0,7.46,17.24,6.4,12.4
103,SIXJ.K,AllianzIM US LargeCap 6 Month Buffer10 Jan/Jul,5,120,14,49,69,1.0,10.0,7.46,0.0,5.93,10.74
103,PTMC.K,Pacer Trendpilot US Mid Cap ETF,5,120,14,49,69,1.0,10.0,7.46,6.87,4.37,12.15
103,DAUG.K,FT Vest US Equity Deep Buffer ETF - August,5,120,14,49,69,1.0,10.0,7.46,12.11,5.5,9.6
103,MPRO.K,Monarch ProCap Index ETF,5,120,14,49,69,1.0,10.0,7.46,6.36,4.32,9.75
103,GDMA.K,Gadsden Dynamic Multi-Asset ETF,5,120,14,49,69,1.0,10.0,7.46,17.99,4.83,10.92
103,GAL,SPDR SSgA Global Allocation ETF,5,120,14,49,69,1.0,10.0,7.46,10.55,3.74,10.98
103,YJUN.K,FT Vest International Equity Moderate Buffer ETF,5,120,14,49,69,1.0,10.0,7.46,12.68,4.07,12.14
103,TOGA.K,Tremblant Global ETF,5,120,14,49,69,1.0,10.0,7.46,0.0,4.48,8.74
103,YMAR.K,FT Vest International Equity Mod Buffer ETF - Mar,5,120,14,49,69,1.0,10.0,7.46,15.65,5.59,12.24
103,TACK.K,Fairlead Tactical Sector ETF,5,120,14,49,69,1.0,10.0,7.46,8.44,2.65,10.21
103,PHDG.K,Invesco S&P 500 Downside Hedged ETF,5,120,14,49,69,1.0,10.0,7.46,10.1,4.29,11.27
103,MSMR.K,McElhenny Sheffield Managed Risk ETF,5,120,14,49,69,1.0,10.0,7.46,31.87,5.62,9.28
103,YDEC.K,FT Vest International Eq Mod Buffer ETF - Dec,5,120,14,49,69,1.0,10.0,7.46,11.28,5.93,11.77
103,JEPI.K,JPMorgan Equity Premium Income ETF,5,120,14,49,69,1.0,10.0,7.46,1.3,3.55,10.6
103,YDEC.K,FT Vest International Eq Mod Buffer ETF - Dec,5,60,14,44,79,1.0,10.0,7.32,11.96,5.93,11.77
103,TACK.K,Fairlead Tactical Sector ETF,5,60,14,44,79,1.0,10.0,7.32,20.18,2.65,10.21
103,PHDG.K,Invesco S&P 500 Downside Hedged ETF,5,60,14,44,79,1.0,10.0,7.32,5.09,4.29,11.27
103,MSMR.K,McElhenny Sheffield Managed Risk ETF,5,60,14,44,79,1.0,10.0,7.32,25.43,5.62,9.28
103,IJUL.K,Innovator Intl Developed Power Buffer ETF - July,5,60,14,44,79,1.0,10.0,7.32,10.41,4.88,11.65
103,SELV.K,SEI Enhanced Low Volatility US Large Cap ETF,5,60,14,44,79,1.0,10.0,7.32,19.01,6.4,12.4
103,PTIN.K,Pacer Trendpilot International ETF,5,60,14,44,79,1.0,10.0,7.32,5.9,3.9,12.73
103,PAPI.K,Parametric Equity Premium Income ETF,5,60,14,44,79,1.0,10.0,7.32,0.0,4.79,9.27
103,GHTA.K,Goose Hollow Tactical Allocation ETF,5,60,14,44,79,1.0,10.0,7.32,0.0,5.58,12.59
103,YMAR.K,FT Vest International Equity Mod Buffer ETF - Mar,5,60,14,44,79,1.0,10.0,7.32,12.78,5.59,12.24
103,KJUL.K,Innovator US Small Cap Power Buffer ETF - July,5,60,14,44,79,1.0,10.0,7.32,6.87,5.13,12.04
103,YJUN.K,FT Vest International Equity Moderate Buffer ETF,5,60,14,44,79,1.0,10.0,7.32,11.31,4.07,12.14
103,GAL,SPDR SSgA Global Allocation ETF,5,60,14,44,79,1.0,10.0,7.32,4.86,3.74,10.98
103,GDMA.K,Gadsden Dynamic Multi-Asset ETF,5,60,14,44,79,1.0,10.0,7.32,5.81,4.83,10.92
103,MPRO.K,Monarch ProCap Index ETF,5,60,14,44,79,1.0,10.0,7.32,3.52,4.32,9.75
103,HEQT.K,Simplify Hedged Equity ETF,5,60,14,44,79,1.0,10.0,7.32,14.37,4.5,8.77
103,DAUG.K,FT Vest US Equity Deep Buffer ETF - August,5,60,14,44,79,1.0,10.0,7.32,11.61,5.5,9.6
103,PTMC.K,Pacer Trendpilot US Mid Cap ETF,5,60,14,44,79,1.0,10.0,7.32,3.52,4.37,12.15
103,SIXJ.K,AllianzIM US LargeCap 6 Month Buffer10 Jan/Jul,5,60,14,44,79,1.0,10.0,7.32,0.0,5.93,10.74
103,COM,Direxion Auspice Broad Commodity Strategy ETF,5,60,14,44,79,1.0,10.0,7.32,14.16,2.8,10.59
103,JEPI.K,JPMorgan Equity Premium Income ETF,5,60,14,44,79,1.0,10.0,7.32,-0.33,3.55,10.6
103,VEGA.K,AdvisorShares STAR Global Buy-Write ETF,5,60,14,44,79,1.0,10.0,7.32,7.25,5.39,11.93
103,TOGA.K,Tremblant Global ETF,5,60,14,44,79,1.0,10.0,7.32,0.0,4.48,8.74
103,XBJA.K,Innovator US Eqty Accelerated 9 Buffer ETF - Jan,5,60,14,44,79,1.0,10.0,7.32,0.0,5.47,12.59
103,VEMY.K,Virtus Stone Harbor Emerging Markets HY Bd ETF,5,60,14,44,79,1.0,10.0,7.32,0.0,3.99,8.94
103,EAOR.K,iShares ESG Aware Growth Allocation ETF,5,60,14,44,79,1.0,10.0,7.32,6.78,5.31,10.53
103,AOR,iShares Core Growth Allocation ETF,5,60,14,44,79,1.0,10.0,7.32,6.04,5.58,10.4
103,ACWV.K,iShares MSCI Global Min Vol Factor ETF,5,60,14,44,79,1.0,10.0,7.32,0.0,6.46,12.15
103,XDTE.K,Roundhill S&P 500 0DTE Covered Call Strategy ETF,5,60,14,44,79,1.0,10.0,7.32,0.0,2.98,9.79
103,BCIL.K,Bancreek International Large Cap ETF,5,60,14,44,79,1.0,10.0,7.32,0.0,6.29,10.59
103,EVUS.K,iShares ESG Aware MSCI USA Value ETF,5,60,14,44,79,1.0,10.0,7.32,0.0,5.4,11.24
103,MAYZ.K,TrueShares Structured Outcome (May) ETF,5,60,14,44,79,1.0,10.0,7.32,12.32,5.86,11.75
103,CMCI.K,VanEck CMCI Commodity Strategy ETF,5,60,14,44,79,1.0,10.0,7.32,0.0,5.03,10.24
103,UPGD.K,Invesco Bloomberg Analyst Rating Improvers ETF,5,60,14,44,79,1.0,10.0,7.32,0.0,4.56,9.14
103,UJUL.K,Innovator US Equity Ultra Buffer ETF - July,5,60,14,44,79,1.0,10.0,7.32,7.32,5.09,9.19
103,FYLG.K,Global X Financials Covered Call & Growth ETF,5,60,14,44,79,1.0,10.0,7.32,0.0,3.01,11.81
103,JUNZ.K,TrueShares Structured Outcome (June) ETF,5,60,14,44,79,1.0,10.0,7.32,10.56,6.19,11.69
103,JADE.K,JPMorgan Active Developing Markets Equity ETF,5,60,14,44,79,1.0,10.0,7.32,0.0,6.5,11.93
103,OCIO.K,ClearShares OCIO ETF,5,60,14,44,79,1.0,10.0,7.32,7.11,4.89,11.29
103,MPAY.K,Akros Monthly Payout ETF,5,60,14,44,79,1.0,10.0,7.32,28.53,3.43,10.56
103,TRND.K,Pacer Trendpilot Fund of Funds ETF,5,60,14,44,79,1.0,10.0,7.32,11.8,5.54,11.27
103,WBIL.K,WBI BullBear Quality 3000 ETF,5,60,14,44,79,1.0,10.0,7.32,11.06,3.63,11.32
103,MDST.K,Westwood Salient Enhanced Midstream Income ETF,5,60,14,44,79,1.0,10.0,7.32,0.0,4.07,12.53
103,USG,USCF Gold Strategy Plus Income Fund,5,60,14,44,79,1.0,10.0,7.32,19.05,5.33,12.05
103,XCLR.K,Global X S&P 500 Collar 95-110 ETF,5,60,14,44,79,1.0,10.0,7.32,14.89,5.49,10.42
103,USG,USCF Gold Strategy Plus Income Fund,5,120,14,44,74,1.0,10.0,7.31,0.0,5.33,12.05
103,WBIL.K,WBI BullBear Quality 3000 ETF,5,120,14,44,74,1.0,10.0,7.31,15.54,3.63,11.32
103,MDST.K,Westwood Salient Enhanced Midstream Income ETF,5,120,14,44,74,1.0,10.0,7.31,0.0,4.07,12.53
103,GHTA.K,Goose Hollow Tactical Allocation ETF,5,120,14,44,74,1.0,10.0,7.31,0.0,5.58,12.59
103,EAOR.K,iShares ESG Aware Growth Allocation ETF,5,120,14,44,74,1.0,10.0,7.31,5.14,5.31,10.53
103,XBJA.K,Innovator US Eqty Accelerated 9 Buffer ETF - Jan,5,120,14,44,74,1.0,10.0,7.31,0.0,5.47,12.59
103,VEGA.K,AdvisorShares STAR Global Buy-Write ETF,5,120,14,44,74,1.0,10.0,7.31,9.14,5.39,11.93
103,MPAY.K,Akros Monthly Payout ETF,5,120,14,44,74,1.0,10.0,7.31,27.42,3.43,10.56
103,TRND.K,Pacer Trendpilot Fund of Funds ETF,5,120,14,44,74,1.0,10.0,7.31,12.41,5.54,11.27
103,XCLR.K,Global X S&P 500 Collar 95-110 ETF,5,120,14,44,74,1.0,10.0,7.31,14.89,5.49,10.42
103,OCIO.K,ClearShares OCIO ETF,5,120,14,44,74,1.0,10.0,7.31,9.42,4.89,11.29
103,JADE.K,JPMorgan Active Developing Markets Equity ETF,5,120,14,44,74,1.0,10.0,7.31,0.0,6.5,11.93
103,JUNZ.K,TrueShares Structured Outcome (June) ETF,5,120,14,44,74,1.0,10.0,7.31,12.93,6.19,11.69
103,PTIN.K,Pacer Trendpilot International ETF,5,120,14,44,74,1.0,10.0,7.31,6.1,3.9,12.73
103,FYLG.K,Global X Financials Covered Call & Growth ETF,5,120,14,44,74,1.0,10.0,7.31,0.0,3.01,11.81
103,VEMY.K,Virtus Stone Harbor Emerging Markets HY Bd ETF,5,120,14,44,74,1.0,10.0,7.31,0.0,3.99,8.94
103,UPGD.K,Invesco Bloomberg Analyst Rating Improvers ETF,5,120,14,44,74,1.0,10.0,7.31,0.0,4.56,9.14
103,CMCI.K,VanEck CMCI Commodity Strategy ETF,5,120,14,44,74,1.0,10.0,7.31,0.0,5.03,10.24
103,MAYZ.K,TrueShares Structured Outcome (May) ETF,5,120,14,44,74,1.0,10.0,7.31,10.1,5.86,11.75
103,EVUS.K,iShares ESG Aware MSCI USA Value ETF,5,120,14,44,74,1.0,10.0,7.31,0.0,5.4,11.24
103,PAPI.K,Parametric Equity Premium Income ETF,5,120,14,44,74,1.0,10.0,7.31,0.0,4.79,9.27
103,TACK.K,Fairlead Tactical Sector ETF,5,120,14,44,74,1.0,10.0,7.31,17.41,2.65,10.21
103,SELV.K,SEI Enhanced Low Volatility US Large Cap ETF,5,120,14,44,74,1.0,10.0,7.31,17.24,6.4,12.4
103,YDEC.K,FT Vest International Eq Mod Buffer ETF - Dec,5,120,14,44,74,1.0,10.0,7.31,11.28,5.93,11.77
103,JEPI.K,JPMorgan Equity Premium Income ETF,5,120,14,44,74,1.0,10.0,7.31,5.54,3.55,10.6
103,ACWV.K,iShares MSCI Global Min Vol Factor ETF,5,120,14,44,74,1.0,10.0,7.31,0.0,6.46,12.15
103,AOR,iShares Core Growth Allocation ETF,5,120,14,44,74,1.0,10.0,7.31,10.13,5.58,10.4
103,IJUL.K,Innovator Intl Developed Power Buffer ETF - July,5,120,14,44,74,1.0,10.0,7.31,12.57,4.88,11.65
103,UJUL.K,Innovator US Equity Ultra Buffer ETF - July,5,120,14,44,74,1.0,10.0,7.31,0.0,5.09,9.19
103,XDTE.K,Roundhill S&P 500 0DTE Covered Call Strategy ETF,5,120,14,44,74,1.0,10.0,7.31,0.0,2.98,9.79
103,KJUL.K,Innovator US Small Cap Power Buffer ETF - July,5,120,14,44,74,1.0,10.0,7.31,7.24,5.13,12.04
103,COM,Direxion Auspice Broad Commodity Strategy ETF,5,120,14,44,74,1.0,10.0,7.31,11.36,2.8,10.59
103,SIXJ.K,AllianzIM US LargeCap 6 Month Buffer10 Jan/Jul,5,120,14,44,74,1.0,10.0,7.31,0.0,5.93,10.74
103,PTMC.K,Pacer Trendpilot US Mid Cap ETF,5,120,14,44,74,1.0,10.0,7.31,3.21,4.37,12.15
103,DAUG.K,FT Vest US Equity Deep Buffer ETF - August,5,120,14,44,74,1.0,10.0,7.31,12.11,5.5,9.6
103,HEQT.K,Simplify Hedged Equity ETF,5,120,14,44,74,1.0,10.0,7.31,13.75,4.5,8.77
103,GDMA.K,Gadsden Dynamic Multi-Asset ETF,5,120,14,44,74,1.0,10.0,7.31,7.29,4.83,10.92
103,GAL,SPDR SSgA Global Allocation ETF,5,120,14,44,74,1.0,10.0,7.31,8.06,3.74,10.98
103,YJUN.K,FT Vest International Equity Moderate Buffer ETF,5,120,14,44,74,1.0,10.0,7.31,12.68,4.07,12.14
103,TOGA.K,Tremblant Global ETF,5,120,14,44,74,1.0,10.0,7.31,0.0,4.48,8.74
103,YMAR.K,FT Vest International Equity Mod Buffer ETF - Mar,5,120,14,44,74,1.0,10.0,7.31,15.65,5.59,12.24
103,PHDG.K,Invesco S&P 500 Downside Hedged ETF,5,120,14,44,74,1.0,10.0,7.31,11.68,4.29,11.27
103,MSMR.K,McElhenny Sheffield Managed Risk ETF,5,120,14,44,74,1.0,10.0,7.31,22.17,5.62,9.28
103,MPRO.K,Monarch ProCap Index ETF,5,120,14,44,74,1.0,10.0,7.31,6.36,4.32,9.75
103,BCIL.K,Bancreek International Large Cap ETF,5,120,14,44,74,1.0,10.0,7.31,0.0,6.29,10.59
103,EVUS.K,iShares ESG Aware MSCI USA Value ETF,5,120,14,44,79,1.0,10.0,7.24,0.0,5.4,11.24
103,YDEC.K,FT Vest International Eq Mod Buffer ETF - Dec,5,120,14,44,79,1.0,10.0,7.24,11.28,5.93,11.77
103,PTIN.K,Pacer Trendpilot International ETF,5,120,14,44,79,1.0,10.0,7.24,6.1,3.9,12.73
103,PAPI.K,Parametric Equity Premium Income ETF,5,120,14,44,79,1.0,10.0,7.24,0.0,4.79,9.27
103,GHTA.K,Goose Hollow Tactical Allocation ETF,5,120,14,44,79,1.0,10.0,7.24,0.0,5.58,12.59
103,VEGA.K,AdvisorShares STAR Global Buy-Write ETF,5,120,14,44,79,1.0,10.0,7.24,9.47,5.39,11.93
103,XBJA.K,Innovator US Eqty Accelerated 9 Buffer ETF - Jan,5,120,14,44,79,1.0,10.0,7.24,0.0,5.47,12.59
103,EAOR.K,iShares ESG Aware Growth Allocation ETF,5,120,14,44,79,1.0,10.0,7.24,5.14,5.31,10.53
103,USG,USCF Gold Strategy Plus Income Fund,5,120,14,44,79,1.0,10.0,7.24,0.0,5.33,12.05
103,MDST.K,Westwood Salient Enhanced Midstream Income ETF,5,120,14,44,79,1.0,10.0,7.24,0.0,4.07,12.53
103,WBIL.K,WBI BullBear Quality 3000 ETF,5,120,14,44,79,1.0,10.0,7.24,17.63,3.63,11.32
103,TRND.K,Pacer Trendpilot Fund of Funds ETF,5,120,14,44,79,1.0,10.0,7.24,12.41,5.54,11.27
103,MPAY.K,Akros Monthly Payout ETF,5,120,14,44,79,1.0,10.0,7.24,27.42,3.43,10.56
103,OCIO.K,ClearShares OCIO ETF,5,120,14,44,79,1.0,10.0,7.24,9.42,4.89,11.29
103,JADE.K,JPMorgan Active Developing Markets Equity ETF,5,120,14,44,79,1.0,10.0,7.24,0.0,6.5,11.93
103,JUNZ.K,TrueShares Structured Outcome (June) ETF,5,120,14,44,79,1.0,10.0,7.24,12.93,6.19,11.69
103,XCLR.K,Global X S&P 500 Collar 95-110 ETF,5,120,14,44,79,1.0,10.0,7.24,14.89,5.49,10.42
103,FYLG.K,Global X Financials Covered Call & Growth ETF,5,120,14,44,79,1.0,10.0,7.24,0.0,3.01,11.81
103,VEMY.K,Virtus Stone Harbor Emerging Markets HY Bd ETF,5,120,14,44,79,1.0,10.0,7.24,0.0,3.99,8.94
103,UPGD.K,Invesco Bloomberg Analyst Rating Improvers ETF,5,120,14,44,79,1.0,10.0,7.24,0.0,4.56,9.14
103,CMCI.K,VanEck CMCI Commodity Strategy ETF,5,120,14,44,79,1.0,10.0,7.24,0.0,5.03,10.24
103,SELV.K,SEI Enhanced Low Volatility US Large Cap ETF,5,120,14,44,79,1.0,10.0,7.24,17.24,6.4,12.4
103,MSMR.K,McElhenny Sheffield Managed Risk ETF,5,120,14,44,79,1.0,10.0,7.24,20.11,5.62,9.28
103,JEPI.K,JPMorgan Equity Premium Income ETF,5,60,14,49,79,1.0,10.0,7.24,-0.33,3.55,10.6
103,PHDG.K,Invesco S&P 500 Downside Hedged ETF,5,120,14,44,79,1.0,10.0,7.24,5.11,4.29,11.27
103,BCIL.K,Bancreek International Large Cap ETF,5,120,14,44,79,1.0,10.0,7.24,0.0,6.29,10.59
103,ACWV.K,iShares MSCI Global Min Vol Factor ETF,5,120,14,44,79,1.0,10.0,7.24,0.0,6.46,12.15
103,AOR,iShares Core Growth Allocation ETF,5,120,14,44,79,1.0,10.0,7.24,10.3,5.58,10.4
103,IJUL.K,Innovator Intl Developed Power Buffer ETF - July,5,120,14,44,79,1.0,10.0,7.24,12.57,4.88,11.65
103,UJUL.K,Innovator US Equity Ultra Buffer ETF - July,5,120,14,44,79,1.0,10.0,7.24,0.0,5.09,9.19
103,XDTE.K,Roundhill S&P 500 0DTE Covered Call Strategy ETF,5,120,14,44,79,1.0,10.0,7.24,0.0,2.98,9.79
103,KJUL.K,Innovator US Small Cap Power Buffer ETF - July,5,120,14,44,79,1.0,10.0,7.24,7.24,5.13,12.04
103,COM,Direxion Auspice Broad Commodity Strategy ETF,5,120,14,44,79,1.0,10.0,7.24,13.53,2.8,10.59
103,SIXJ.K,AllianzIM US LargeCap 6 Month Buffer10 Jan/Jul,5,120,14,44,79,1.0,10.0,7.24,0.0,5.93,10.74
103,PTMC.K,Pacer Trendpilot US Mid Cap ETF,5,120,14,44,79,1.0,10.0,7.24,3.21,4.37,12.15
103,DAUG.K,FT Vest US Equity Deep Buffer ETF - August,5,120,14,44,79,1.0,10.0,7.24,12.11,5.5,9.6
103,HEQT.K,Simplify Hedged Equity ETF,5,120,14,44,79,1.0,10.0,7.24,13.75,4.5,8.77
103,MPRO.K,Monarch ProCap Index ETF,5,120,14,44,79,1.0,10.0,7.24,6.36,4.32,9.75
103,GDMA.K,Gadsden Dynamic Multi-Asset ETF,5,120,14,44,79,1.0,10.0,7.24,7.29,4.83,10.92
103,GAL,SPDR SSgA Global Allocation ETF,5,120,14,44,79,1.0,10.0,7.24,9.09,3.74,10.98
103,YJUN.K,FT Vest International Equity Moderate Buffer ETF,5,120,14,44,79,1.0,10.0,7.24,12.68,4.07,12.14
103,TOGA.K,Tremblant Global ETF,5,120,14,44,79,1.0,10.0,7.24,0.0,4.48,8.74
103,YMAR.K,FT Vest International Equity Mod Buffer ETF - Mar,5,120,14,44,79,1.0,10.0,7.24,15.65,5.59,12.24
103,TACK.K,Fairlead Tactical Sector ETF,5,120,14,44,79,1.0,10.0,7.24,17.41,2.65,10.21
103,MAYZ.K,TrueShares Structured Outcome (May) ETF,5,120,14,44,79,1.0,10.0,7.24,10.1,5.86,11.75
103,JEPI.K,JPMorgan Equity Premium Income ETF,5,120,14,44,79,1.0,10.0,7.24,5.54,3.55,10.6
103,ACWV.K,iShares MSCI Global Min Vol Factor ETF,5,60,14,49,79,1.0,10.0,7.24,5.37,6.46,12.15
103,PAPI.K,Parametric Equity Premium Income ETF,5,60,14,49,79,1.0,10.0,7.24,0.0,4.79,9.27
103,VEGA.K,AdvisorShares STAR Global Buy-Write ETF,5,60,14,49,79,1.0,10.0,7.24,7.25,5.39,11.93
103,XBJA.K,Innovator US Eqty Accelerated 9 Buffer ETF - Jan,5,60,14,49,79,1.0,10.0,7.24,16.53,5.47,12.59
103,EAOR.K,iShares ESG Aware Growth Allocation ETF,5,60,14,49,79,1.0,10.0,7.24,6.78,5.31,10.53
103,USG,USCF Gold Strategy Plus Income Fund,5,60,14,49,79,1.0,10.0,7.24,19.05,5.33,12.05
103,MDST.K,Westwood Salient Enhanced Midstream Income ETF,5,60,14,49,79,1.0,10.0,7.24,0.0,4.07,12.53
103,WBIL.K,WBI BullBear Quality 3000 ETF,5,60,14,49,79,1.0,10.0,7.24,7.0,3.63,11.32
103,TRND.K,Pacer Trendpilot Fund of Funds ETF,5,60,14,49,79,1.0,10.0,7.24,8.4,5.54,11.27
103,MPAY.K,Akros Monthly Payout ETF,5,60,14,49,79,1.0,10.0,7.24,12.12,3.43,10.56
103,AOR,iShares Core Growth Allocation ETF,5,60,14,49,79,1.0,10.0,7.24,6.04,5.58,10.4
103,JADE.K,JPMorgan Active Developing Markets Equity ETF,5,60,14,49,79,1.0,10.0,7.24,0.0,6.5,11.93
103,JUNZ.K,TrueShares Structured Outcome (June) ETF,5,60,14,49,79,1.0,10.0,7.24,10.56,6.19,11.69
103,XCLR.K,Global X S&P 500 Collar 95-110 ETF,5,60,14,49,79,1.0,10.0,7.24,14.89,5.49,10.42
103,FYLG.K,Global X Financials Covered Call & Growth ETF,5,60,14,49,79,1.0,10.0,7.24,0.0,3.01,11.81
103,VEMY.K,Virtus Stone Harbor Emerging Markets HY Bd ETF,5,60,14,49,79,1.0,10.0,7.24,0.0,3.99,8.94
103,UPGD.K,Invesco Bloomberg Analyst Rating Improvers ETF,5,60,14,49,79,1.0,10.0,7.24,0.0,4.56,9.14
103,CMCI.K,VanEck CMCI Commodity Strategy ETF,5,60,14,49,79,1.0,10.0,7.24,0.0,5.03,10.24
103,MAYZ.K,TrueShares Structured Outcome (May) ETF,5,60,14,49,79,1.0,10.0,7.24,12.32,5.86,11.75
103,EVUS.K,iShares ESG Aware MSCI USA Value ETF,5,60,14,49,79,1.0,10.0,7.24,0.0,5.4,11.24
103,BCIL.K,Bancreek International Large Cap ETF,5,60,14,49,79,1.0,10.0,7.24,0.0,6.29,10.59
103,GHTA.K,Goose Hollow Tactical Allocation ETF,5,60,14,49,79,1.0,10.0,7.24,11.82,5.58,12.59
103,OCIO.K,ClearShares OCIO ETF,5,60,14,49,79,1.0,10.0,7.24,5.25,4.89,11.29
103,PTIN.K,Pacer Trendpilot International ETF,5,60,14,49,79,1.0,10.0,7.24,5.9,3.9,12.73
103,MPRO.K,Monarch ProCap Index ETF,5,60,14,49,79,1.0,10.0,7.24,3.52,4.32,9.75
103,SELV.K,SEI Enhanced Low Volatility US Large Cap ETF,5,60,14,49,79,1.0,10.0,7.24,19.01,6.4,12.4
103,UJUL.K,Innovator US Equity Ultra Buffer ETF - July,5,60,14,49,79,1.0,10.0,7.24,5.99,5.09,9.19
103,XDTE.K,Roundhill S&P 500 0DTE Covered Call Strategy ETF,5,60,14,49,79,1.0,10.0,7.24,0.0,2.98,9.79
103,KJUL.K,Innovator US Small Cap Power Buffer ETF - July,5,60,14,49,79,1.0,10.0,7.24,4.37,5.13,12.04
103,COM,Direxion Auspice Broad Commodity Strategy ETF,5,60,14,49,79,1.0,10.0,7.24,9.7,2.8,10.59
103,SIXJ.K,AllianzIM US LargeCap 6 Month Buffer10 Jan/Jul,5,60,14,49,79,1.0,10.0,7.24,17.31,5.93,10.74
103,PTMC.K,Pacer Trendpilot US Mid Cap ETF,5,60,14,49,79,1.0,10.0,7.24,3.16,4.37,12.15
103,DAUG.K,FT Vest US Equity Deep Buffer ETF - August,5,60,14,49,79,1.0,10.0,7.24,8.19,5.5,9.6
103,HEQT.K,Simplify Hedged Equity ETF,5,60,14,49,79,1.0,10.0,7.24,13.21,4.5,8.77
103,IJUL.K,Innovator Intl Developed Power Buffer ETF - July,5,60,14,49,79,1.0,10.0,7.24,5.59,4.88,11.65
103,GDMA.K,Gadsden Dynamic Multi-Asset ETF,5,60,14,49,79,1.0,10.0,7.24,5.81,4.83,10.92
103,TACK.K,Fairlead Tactical Sector ETF,5,60,14,49,79,1.0,10.0,7.24,9.31,2.65,10.21
103,GAL,SPDR SSgA Global Allocation ETF,5,60,14,49,79,1.0,10.0,7.24,4.86,3.74,10.98
103,MSMR.K,McElhenny Sheffield Managed Risk ETF,5,60,14,49,79,1.0,10.0,7.24,25.43,5.62,9.28
103,PHDG.K,Invesco S&P 500 Downside Hedged ETF,5,60,14,49,79,1.0,10.0,7.24,5.09,4.29,11.27
103,YDEC.K,FT Vest International Eq Mod Buffer ETF - Dec,5,60,14,49,79,1.0,10.0,7.24,11.96,5.93,11.77
103,YMAR.K,FT Vest International Equity Mod Buffer ETF - Mar,5,60,14,49,79,1.0,10.0,7.24,12.78,5.59,12.24
103,TOGA.K,Tremblant Global ETF,5,60,14,49,79,1.0,10.0,7.24,0.0,4.48,8.74
103,YJUN.K,FT Vest International Equity Moderate Buffer ETF,5,60,14,49,79,1.0,10.0,7.24,11.31,4.07,12.14
103,MSMR.K,McElhenny Sheffield Managed Risk ETF,5,120,14,49,74,1.0,10.0,6.84,22.17,5.62,9.28
103,HEQT.K,Simplify Hedged Equity ETF,5,120,14,49,74,1.0,10.0,6.84,12.94,4.5,8.77
103,PHDG.K,Invesco S&P 500 Downside Hedged ETF,5,120,14,49,74,1.0,10.0,6.84,11.55,4.29,11.27
103,TACK.K,Fairlead Tactical Sector ETF,5,120,14,49,74,1.0,10.0,6.84,8.44,2.65,10.21
103,YMAR.K,FT Vest International Equity Mod Buffer ETF - Mar,5,120,14,49,74,1.0,10.0,6.84,15.65,5.59,12.24
103,TOGA.K,Tremblant Global ETF,5,120,14,49,74,1.0,10.0,6.84,0.0,4.48,8.74
103,YJUN.K,FT Vest International Equity Moderate Buffer ETF,5,120,14,49,74,1.0,10.0,6.84,12.68,4.07,12.14
103,GAL,SPDR SSgA Global Allocation ETF,5,120,14,49,74,1.0,10.0,6.84,5.21,3.74,10.98
103,GDMA.K,Gadsden Dynamic Multi-Asset ETF,5,120,14,49,74,1.0,10.0,6.84,18.92,4.83,10.92
103,MPRO.K,Monarch ProCap Index ETF,5,120,14,49,74,1.0,10.0,6.84,6.36,4.32,9.75
103,KJUL.K,Innovator US Small Cap Power Buffer ETF - July,5,120,14,49,74,1.0,10.0,6.84,5.42,5.13,12.04
103,DAUG.K,FT Vest US Equity Deep Buffer ETF - August,5,120,14,49,74,1.0,10.0,6.84,12.11,5.5,9.6
103,PTMC.K,Pacer Trendpilot US Mid Cap ETF,5,120,14,49,74,1.0,10.0,6.84,3.21,4.37,12.15
103,SIXJ.K,AllianzIM US LargeCap 6 Month Buffer10 Jan/Jul,5,120,14,49,74,1.0,10.0,6.84,0.0,5.93,10.74
103,COM,Direxion Auspice Broad Commodity Strategy ETF,5,120,14,49,74,1.0,10.0,6.84,11.36,2.8,10.59
103,XDTE.K,Roundhill S&P 500 0DTE Covered Call Strategy ETF,5,120,14,49,74,1.0,10.0,6.84,0.0,2.98,9.79
103,UJUL.K,Innovator US Equity Ultra Buffer ETF - July,5,120,14,49,74,1.0,10.0,6.84,7.18,5.09,9.19
103,IJUL.K,Innovator Intl Developed Power Buffer ETF - July,5,120,14,49,74,1.0,10.0,6.84,5.69,4.88,11.65
103,AOR,iShares Core Growth Allocation ETF,5,120,14,49,74,1.0,10.0,6.84,7.54,5.58,10.4
103,ACWV.K,iShares MSCI Global Min Vol Factor ETF,5,120,14,49,74,1.0,10.0,6.84,2.73,6.46,12.15
103,JEPI.K,JPMorgan Equity Premium Income ETF,5,120,14,49,74,1.0,10.0,6.84,1.3,3.55,10.6
103,YDEC.K,FT Vest International Eq Mod Buffer ETF - Dec,5,120,14,49,74,1.0,10.0,6.84,11.28,5.93,11.77
103,SELV.K,SEI Enhanced Low Volatility US Large Cap ETF,5,120,14,49,74,1.0,10.0,6.84,17.24,6.4,12.4
103,PTIN.K,Pacer Trendpilot International ETF,5,120,14,49,74,1.0,10.0,6.84,6.1,3.9,12.73
103,OCIO.K,ClearShares OCIO ETF,5,120,14,49,74,1.0,10.0,6.84,8.35,4.89,11.29
103,BCIL.K,Bancreek International Large Cap ETF,5,120,14,49,74,1.0,10.0,6.84,0.0,6.29,10.59
103,EVUS.K,iShares ESG Aware MSCI USA Value ETF,5,120,14,49,74,1.0,10.0,6.84,0.0,5.4,11.24
103,MAYZ.K,TrueShares Structured Outcome (May) ETF,5,120,14,49,74,1.0,10.0,6.84,10.1,5.86,11.75
103,CMCI.K,VanEck CMCI Commodity Strategy ETF,5,120,14,49,74,1.0,10.0,6.84,0.0,5.03,10.24
103,UPGD.K,Invesco Bloomberg Analyst Rating Improvers ETF,5,120,14,49,74,1.0,10.0,6.84,0.0,4.56,9.14
103,FYLG.K,Global X Financials Covered Call & Growth ETF,5,120,14,49,74,1.0,10.0,6.84,0.0,3.01,11.81
103,XCLR.K,Global X S&P 500 Collar 95-110 ETF,5,120,14,49,74,1.0,10.0,6.84,14.89,5.49,10.42
103,JUNZ.K,TrueShares Structured Outcome (June) ETF,5,120,14,49,74,1.0,10.0,6.84,8.92,6.19,11.69
103,JADE.K,JPMorgan Active Developing Markets Equity ETF,5,120,14,49,74,1.0,10.0,6.84,0.0,6.5,11.93
103,VEMY.K,Virtus Stone Harbor Emerging Markets HY Bd ETF,5,120,14,49,74,1.0,10.0,6.84,0.0,3.99,8.94
103,MPAY.K,Akros Monthly Payout ETF,5,120,14,49,74,1.0,10.0,6.84,12.12,3.43,10.56
103,EAOR.K,iShares ESG Aware Growth Allocation ETF,5,120,14,49,74,1.0,10.0,6.84,5.14,5.31,10.53
103,TRND.K,Pacer Trendpilot Fund of Funds ETF,5,120,14,49,74,1.0,10.0,6.84,15.7,5.54,11.27
103,GHTA.K,Goose Hollow Tactical Allocation ETF,5,120,14,49,74,1.0,10.0,6.84,11.95,5.58,12.59
103,VEGA.K,AdvisorShares STAR Global Buy-Write ETF,5,120,14,49,74,1.0,10.0,6.84,7.0,5.39,11.93
103,XBJA.K,Innovator US Eqty Accelerated 9 Buffer ETF - Jan,5,120,14,49,74,1.0,10.0,6.84,0.0,5.47,12.59
103,PAPI.K,Parametric Equity Premium Income ETF,5,120,14,49,74,1.0,10.0,6.84,0.0,4.79,9.27
103,USG,USCF Gold Strategy Plus Income Fund,5,120,14,49,74,1.0,10.0,6.84,0.0,5.33,12.05
103,MDST.K,Westwood Salient Enhanced Midstream Income ETF,5,120,14,49,74,1.0,10.0,6.84,0.0,4.07,12.53
103,WBIL.K,WBI BullBear Quality 3000 ETF,5,120,14,49,74,1.0,10.0,6.84,8.55,3.63,11.32
103,OCIO.K,ClearShares OCIO ETF,5,120,14,39,54,1.0,10.0,6.34,0.0,4.89,11.29
103,VEGA.K,AdvisorShares STAR Global Buy-Write ETF,5,120,14,39,54,1.0,10.0,6.34,0.0,5.39,11.93
103,XBJA.K,Innovator US Eqty Accelerated 9 Buffer ETF - Jan,5,120,14,39,54,1.0,10.0,6.34,0.0,5.47,12.59
103,EAOR.K,iShares ESG Aware Growth Allocation ETF,5,120,14,39,54,1.0,10.0,6.34,8.74,5.31,10.53
103,USG,USCF Gold Strategy Plus Income Fund,5,120,14,39,54,1.0,10.0,6.34,0.0,5.33,12.05
103,MDST.K,Westwood Salient Enhanced Midstream Income ETF,5,120,14,39,54,1.0,10.0,6.34,0.0,4.07,12.53
103,WBIL.K,WBI BullBear Quality 3000 ETF,5,120,14,39,54,1.0,10.0,6.34,12.03,3.63,11.32
103,TRND.K,Pacer Trendpilot Fund of Funds ETF,5,120,14,39,54,1.0,10.0,6.34,0.0,5.54,11.27
103,MPAY.K,Akros Monthly Payout ETF,5,120,14,39,54,1.0,10.0,6.34,0.0,3.43,10.56
103,GHTA.K,Goose Hollow Tactical Allocation ETF,5,120,14,39,54,1.0,10.0,6.34,0.0,5.58,12.59
103,BCIL.K,Bancreek International Large Cap ETF,5,120,14,39,54,1.0,10.0,6.34,0.0,6.29,10.59
103,JADE.K,JPMorgan Active Developing Markets Equity ETF,5,120,14,39,54,1.0,10.0,6.34,0.0,6.5,11.93
103,JUNZ.K,TrueShares Structured Outcome (June) ETF,5,120,14,39,54,1.0,10.0,6.34,0.0,6.19,11.69
103,XCLR.K,Global X S&P 500 Collar 95-110 ETF,5,120,14,39,54,1.0,10.0,6.34,9.36,5.49,10.42
103,FYLG.K,Global X Financials Covered Call & Growth ETF,5,120,14,39,54,1.0,10.0,6.34,0.0,3.01,11.81
103,VEMY.K,Virtus Stone Harbor Emerging Markets HY Bd ETF,5,120,14,39,54,1.0,10.0,6.34,0.0,3.99,8.94
103,UPGD.K,Invesco Bloomberg Analyst Rating Improvers ETF,5,120,14,39,54,1.0,10.0,6.34,0.0,4.56,9.14
103,CMCI.K,VanEck CMCI Commodity Strategy ETF,5,120,14,39,54,1.0,10.0,6.34,0.0,5.03,10.24
103,MAYZ.K,TrueShares Structured Outcome (May) ETF,5,120,14,39,54,1.0,10.0,6.34,0.0,5.86,11.75
103,EVUS.K,iShares ESG Aware MSCI USA Value ETF,5,120,14,39,54,1.0,10.0,6.34,0.0,5.4,11.24
103,PTIN.K,Pacer Trendpilot International ETF,5,120,14,39,54,1.0,10.0,6.34,26.07,3.9,12.73
103,PAPI.K,Parametric Equity Premium Income ETF,5,120,14,39,54,1.0,10.0,6.34,0.0,4.79,9.27
103,MPRO.K,Monarch ProCap Index ETF,5,120,14,39,54,1.0,10.0,6.34,0.0,4.32,9.75
103,SELV.K,SEI Enhanced Low Volatility US Large Cap ETF,5,120,14,39,54,1.0,10.0,6.34,0.0,6.4,12.4
103,YDEC.K,FT Vest International Eq Mod Buffer ETF - Dec,5,120,14,39,54,1.0,10.0,6.34,54.02,5.93,11.77
103,JEPI.K,JPMorgan Equity Premium Income ETF,5,120,14,39,54,1.0,10.0,6.34,0.0,3.55,10.6
103,AOR,iShares Core Growth Allocation ETF,5,120,14,39,54,1.0,10.0,6.34,12.19,5.58,10.4
103,IJUL.K,Innovator Intl Developed Power Buffer ETF - July,5,120,14,39,54,1.0,10.0,6.34,0.0,4.88,11.65
103,UJUL.K,Innovator US Equity Ultra Buffer ETF - July,5,120,14,39,54,1.0,10.0,6.34,0.0,5.09,9.19
103,XDTE.K,Roundhill S&P 500 0DTE Covered Call Strategy ETF,5,120,14,39,54,1.0,10.0,6.34,0.0,2.98,9.79
103,KJUL.K,Innovator US Small Cap Power Buffer ETF - July,5,120,14,39,54,1.0,10.0,6.34,21.38,5.13,12.04
103,COM,Direxion Auspice Broad Commodity Strategy ETF,5,120,14,39,54,1.0,10.0,6.34,0.86,2.8,10.59
103,SIXJ.K,AllianzIM US LargeCap 6 Month Buffer10 Jan/Jul,5,120,14,39,54,1.0,10.0,6.34,0.0,5.93,10.74
103,PTMC.K,Pacer Trendpilot US Mid Cap ETF,5,120,14,39,54,1.0,10.0,6.34,0.0,4.37,12.15
103,DAUG.K,FT Vest US Equity Deep Buffer ETF - August,5,120,14,39,54,1.0,10.0,6.34,0.0,5.5,9.6
103,HEQT.K,Simplify Hedged Equity ETF,5,120,14,39,54,1.0,10.0,6.34,0.0,4.5,8.77
103,GDMA.K,Gadsden Dynamic Multi-Asset ETF,5,120,14,39,54,1.0,10.0,6.34,0.0,4.83,10.92
103,GAL,SPDR SSgA Global Allocation ETF,5,120,14,39,54,1.0,10.0,6.34,5.56,3.74,10.98
103,YJUN.K,FT Vest International Equity Moderate Buffer ETF,5,120,14,39,54,1.0,10.0,6.34,43.47,4.07,12.14
103,TOGA.K,Tremblant Global ETF,5,120,14,39,54,1.0,10.0,6.34,0.0,4.48,8.74
103,YMAR.K,FT Vest International Equity Mod Buffer ETF - Mar,5,120,14,39,54,1.0,10.0,6.34,34.23,5.59,12.24
103,TACK.K,Fairlead Tactical Sector ETF,5,120,14,39,54,1.0,10.0,6.34,37.41,2.65,10.21
103,PHDG.K,Invesco S&P 500 Downside Hedged ETF,5,120,14,39,54,1.0,10.0,6.34,2.26,4.29,11.27
103,MSMR.K,McElhenny Sheffield Managed Risk ETF,5,120,14,39,54,1.0,10.0,6.34,17.72,5.62,9.28
103,ACWV.K,iShares MSCI Global Min Vol Factor ETF,5,120,14,39,54,1.0,10.0,6.34,0.0,6.46,12.15
103,BCIL.K,Bancreek International Large Cap ETF,5,120,14,49,79,1.0,10.0,6.18,0.0,6.29,10.59
103,TRND.K,Pacer Trendpilot Fund of Funds ETF,5,120,14,49,79,1.0,10.0,6.18,6.95,5.54,11.27
103,PHDG.K,Invesco S&P 500 Downside Hedged ETF,5,120,14,49,79,1.0,10.0,6.18,5.11,4.29,11.27
103,YDEC.K,FT Vest International Eq Mod Buffer ETF - Dec,5,120,14,49,79,1.0,10.0,6.18,11.28,5.93,11.77
103,SELV.K,SEI Enhanced Low Volatility US Large Cap ETF,5,120,14,49,79,1.0,10.0,6.18,17.24,6.4,12.4
103,PTIN.K,Pacer Trendpilot International ETF,5,120,14,49,79,1.0,10.0,6.18,6.1,3.9,12.73
103,PAPI.K,Parametric Equity Premium Income ETF,5,120,14,49,79,1.0,10.0,6.18,0.0,4.79,9.27
103,GHTA.K,Goose Hollow Tactical Allocation ETF,5,120,14,49,79,1.0,10.0,6.18,11.95,5.58,12.59
103,VEGA.K,AdvisorShares STAR Global Buy-Write ETF,5,120,14,49,79,1.0,10.0,6.18,7.48,5.39,11.93
103,XBJA.K,Innovator US Eqty Accelerated 9 Buffer ETF - Jan,5,120,14,49,79,1.0,10.0,6.18,0.0,5.47,12.59
103,EAOR.K,iShares ESG Aware Growth Allocation ETF,5,120,14,49,79,1.0,10.0,6.18,5.14,5.31,10.53
103,USG,USCF Gold Strategy Plus Income Fund,5,120,14,49,79,1.0,10.0,6.18,0.0,5.33,12.05
103,MDST.K,Westwood Salient Enhanced Midstream Income ETF,5,120,14,49,79,1.0,10.0,6.18,0.0,4.07,12.53
103,WBIL.K,WBI BullBear Quality 3000 ETF,5,120,14,49,79,1.0,10.0,6.18,9.38,3.63,11.32
103,MPAY.K,Akros Monthly Payout ETF,5,120,14,49,79,1.0,10.0,6.18,12.12,3.43,10.56
103,OCIO.K,ClearShares OCIO ETF,5,120,14,49,79,1.0,10.0,6.18,4.92,4.89,11.29
103,JADE.K,JPMorgan Active Developing Markets Equity ETF,5,120,14,49,79,1.0,10.0,6.18,0.0,6.5,11.93
103,JUNZ.K,TrueShares Structured Outcome (June) ETF,5,120,14,49,79,1.0,10.0,6.18,8.92,6.19,11.69
103,XCLR.K,Global X S&P 500 Collar 95-110 ETF,5,120,14,49,79,1.0,10.0,6.18,14.89,5.49,10.42
103,FYLG.K,Global X Financials Covered Call & Growth ETF,5,120,14,49,79,1.0,10.0,6.18,0.0,3.01,11.81
103,VEMY.K,Virtus Stone Harbor Emerging Markets HY Bd ETF,5,120,14,49,79,1.0,10.0,6.18,0.0,3.99,8.94
103,UPGD.K,Invesco Bloomberg Analyst Rating Improvers ETF,5,120,14,49,79,1.0,10.0,6.18,0.0,4.56,9.14
103,MSMR.K,McElhenny Sheffield Managed Risk ETF,5,120,14,49,79,1.0,10.0,6.18,20.11,5.62,9.28
103,TACK.K,Fairlead Tactical Sector ETF,5,120,14,49,79,1.0,10.0,6.18,8.44,2.65,10.21
103,MAYZ.K,TrueShares Structured Outcome (May) ETF,5,120,14,49,79,1.0,10.0,6.18,10.1,5.86,11.75
103,EVUS.K,iShares ESG Aware MSCI USA Value ETF,5,120,14,49,79,1.0,10.0,6.18,0.0,5.4,11.24
103,JEPI.K,JPMorgan Equity Premium Income ETF,5,120,14,49,79,1.0,10.0,6.18,1.3,3.55,10.6
103,ACWV.K,iShares MSCI Global Min Vol Factor ETF,5,120,14,49,79,1.0,10.0,6.18,2.73,6.46,12.15
103,AOR,iShares Core Growth Allocation ETF,5,120,14,49,79,1.0,10.0,6.18,7.82,5.58,10.4
103,IJUL.K,Innovator Intl Developed Power Buffer ETF - July,5,120,14,49,79,1.0,10.0,6.18,5.69,4.88,11.65
103,UJUL.K,Innovator US Equity Ultra Buffer ETF - July,5,120,14,49,79,1.0,10.0,6.18,7.18,5.09,9.19
103,XDTE.K,Roundhill S&P 500 0DTE Covered Call Strategy ETF,5,120,14,49,79,1.0,10.0,6.18,0.0,2.98,9.79
103,KJUL.K,Innovator US Small Cap Power Buffer ETF - July,5,120,14,49,79,1.0,10.0,6.18,5.42,5.13,12.04
103,COM,Direxion Auspice Broad Commodity Strategy ETF,5,120,14,49,79,1.0,10.0,6.18,13.53,2.8,10.59
103,SIXJ.K,AllianzIM US LargeCap 6 Month Buffer10 Jan/Jul,5,120,14,49,79,1.0,10.0,6.18,0.0,5.93,10.74
103,PTMC.K,Pacer Trendpilot US Mid Cap ETF,5,120,14,49,79,1.0,10.0,6.18,3.21,4.37,12.15
103,DAUG.K,FT Vest US Equity Deep Buffer ETF - August,5,120,14,49,79,1.0,10.0,6.18,12.11,5.5,9.6
103,HEQT.K,Simplify Hedged Equity ETF,5,120,14,49,79,1.0,10.0,6.18,12.94,4.5,8.77
103,MPRO.K,Monarch ProCap Index ETF,5,120,14,49,79,1.0,10.0,6.18,6.36,4.32,9.75
103,GDMA.K,Gadsden Dynamic Multi-Asset ETF,5,120,14,49,79,1.0,10.0,6.18,5.48,4.83,10.92
103,GAL,SPDR SSgA Global Allocation ETF,5,120,14,49,79,1.0,10.0,6.18,5.88,3.74,10.98
103,YJUN.K,FT Vest International Equity Moderate Buffer ETF,5,120,14,49,79,1.0,10.0,6.18,12.68,4.07,12.14
103,TOGA.K,Tremblant Global ETF,5,120,14,49,79,1.0,10.0,6.18,0.0,4.48,8.74
103,YMAR.K,FT Vest International Equity Mod Buffer ETF - Mar,5,120,14,49,79,1.0,10.0,6.18,15.65,5.59,12.24
103,CMCI.K,VanEck CMCI Commodity Strategy ETF,5,120,14,49,79,1.0,10.0,6.18,0.0,5.03,10.24
103,EVUS.K,iShares ESG Aware MSCI USA Value ETF,5,120,14,39,59,1.0,10.0,5.75,0.0,5.4,11.24
103,BCIL.K,Bancreek International Large Cap ETF,5,120,14,39,59,1.0,10.0,5.75,0.0,6.29,10.59
103,JEPI.K,JPMorgan Equity Premium Income ETF,5,120,14,39,59,1.0,10.0,5.75,0.0,3.55,10.6
103,SELV.K,SEI Enhanced Low Volatility US Large Cap ETF,5,120,14,39,59,1.0,10.0,5.75,0.0,6.4,12.4
103,PAPI.K,Parametric Equity Premium Income ETF,5,120,14,39,59,1.0,10.0,5.75,0.0,4.79,9.27
103,GHTA.K,Goose Hollow Tactical Allocation ETF,5,120,14,39,59,1.0,10.0,5.75,0.0,5.58,12.59
103,VEGA.K,AdvisorShares STAR Global Buy-Write ETF,5,120,14,39,59,1.0,10.0,5.75,0.0,5.39,11.93
103,XBJA.K,Innovator US Eqty Accelerated 9 Buffer ETF - Jan,5,120,14,39,59,1.0,10.0,5.75,0.0,5.47,12.59
103,EAOR.K,iShares ESG Aware Growth Allocation ETF,5,120,14,39,59,1.0,10.0,5.75,10.88,5.31,10.53
103,USG,USCF Gold Strategy Plus Income Fund,5,120,14,39,59,1.0,10.0,5.75,0.0,5.33,12.05
103,MDST.K,Westwood Salient Enhanced Midstream Income ETF,5,120,14,39,59,1.0,10.0,5.75,0.0,4.07,12.53
103,WBIL.K,WBI BullBear Quality 3000 ETF,5,120,14,39,59,1.0,10.0,5.75,17.28,3.63,11.32
103,ACWV.K,iShares MSCI Global Min Vol Factor ETF,5,120,14,39,59,1.0,10.0,5.75,0.0,6.46,12.15
103,MPAY.K,Akros Monthly Payout ETF,5,120,14,39,59,1.0,10.0,5.75,0.0,3.43,10.56
103,OCIO.K,ClearShares OCIO ETF,5,120,14,39,59,1.0,10.0,5.75,0.0,4.89,11.29
103,JADE.K,JPMorgan Active Developing Markets Equity ETF,5,120,14,39,59,1.0,10.0,5.75,0.0,6.5,11.93
103,JUNZ.K,TrueShares Structured Outcome (June) ETF,5,120,14,39,59,1.0,10.0,5.75,0.0,6.19,11.69
103,XCLR.K,Global X S&P 500 Collar 95-110 ETF,5,120,14,39,59,1.0,10.0,5.75,9.01,5.49,10.42
103,FYLG.K,Global X Financials Covered Call & Growth ETF,5,120,14,39,59,1.0,10.0,5.75,0.0,3.01,11.81
103,VEMY.K,Virtus Stone Harbor Emerging Markets HY Bd ETF,5,120,14,39,59,1.0,10.0,5.75,0.0,3.99,8.94
103,UPGD.K,Invesco Bloomberg Analyst Rating Improvers ETF,5,120,14,39,59,1.0,10.0,5.75,0.0,4.56,9.14
103,CMCI.K,VanEck CMCI Commodity Strategy ETF,5,120,14,39,59,1.0,10.0,5.75,0.0,5.03,10.24
103,MAYZ.K,TrueShares Structured Outcome (May) ETF,5,120,14,39,59,1.0,10.0,5.75,0.0,5.86,11.75
103,PTIN.K,Pacer Trendpilot International ETF,5,120,14,39,59,1.0,10.0,5.75,35.71,3.9,12.73
103,TRND.K,Pacer Trendpilot Fund of Funds ETF,5,120,14,39,59,1.0,10.0,5.75,0.0,5.54,11.27
103,YDEC.K,FT Vest International Eq Mod Buffer ETF - Dec,5,120,14,39,59,1.0,10.0,5.75,29.66,5.93,11.77
103,DAUG.K,FT Vest US Equity Deep Buffer ETF - August,5,120,14,39,59,1.0,10.0,5.75,0.0,5.5,9.6
103,MSMR.K,McElhenny Sheffield Managed Risk ETF,5,120,14,39,59,1.0,10.0,5.75,31.87,5.62,9.28
103,IJUL.K,Innovator Intl Developed Power Buffer ETF - July,5,120,14,39,59,1.0,10.0,5.75,0.0,4.88,11.65
103,UJUL.K,Innovator US Equity Ultra Buffer ETF - July,5,120,14,39,59,1.0,10.0,5.75,0.0,5.09,9.19
103,XDTE.K,Roundhill S&P 500 0DTE Covered Call Strategy ETF,5,120,14,39,59,1.0,10.0,5.75,0.0,2.98,9.79
103,KJUL.K,Innovator US Small Cap Power Buffer ETF - July,5,120,14,39,59,1.0,10.0,5.75,8.83,5.13,12.04
103,COM,Direxion Auspice Broad Commodity Strategy ETF,5,120,14,39,59,1.0,10.0,5.75,6.0,2.8,10.59
103,SIXJ.K,AllianzIM US LargeCap 6 Month Buffer10 Jan/Jul,5,120,14,39,59,1.0,10.0,5.75,0.0,5.93,10.74
103,PTMC.K,Pacer Trendpilot US Mid Cap ETF,5,120,14,39,59,1.0,10.0,5.75,0.0,4.37,12.15
103,AOR,iShares Core Growth Allocation ETF,5,120,14,39,59,1.0,10.0,5.75,10.84,5.58,10.4
103,HEQT.K,Simplify Hedged Equity ETF,5,120,14,39,59,1.0,10.0,5.75,0.0,4.5,8.77
103,YJUN.K,FT Vest International Equity Moderate Buffer ETF,5,120,14,39,59,1.0,10.0,5.75,20.59,4.07,12.14
103,TACK.K,Fairlead Tactical Sector ETF,5,120,14,39,59,1.0,10.0,5.75,35.18,2.65,10.21
103,YMAR.K,FT Vest International Equity Mod Buffer ETF - Mar,5,120,14,39,59,1.0,10.0,5.75,32.91,5.59,12.24
103,TOGA.K,Tremblant Global ETF,5,120,14,39,59,1.0,10.0,5.75,0.0,4.48,8.74
103,PHDG.K,Invesco S&P 500 Downside Hedged ETF,5,120,14,39,59,1.0,10.0,5.75,3.41,4.29,11.27
103,GAL,SPDR SSgA Global Allocation ETF,5,120,14,39,59,1.0,10.0,5.75,6.6,3.74,10.98
103,GDMA.K,Gadsden Dynamic Multi-Asset ETF,5,120,14,39,59,1.0,10.0,5.75,0.0,4.83,10.92
103,MPRO.K,Monarch ProCap Index ETF,5,120,14,39,59,1.0,10.0,5.75,0.0,4.32,9.75
103,PAPI.K,Parametric Equity Premium Income ETF,5,60,14,39,74,1.0,10.0,5.34,0.0,4.79,9.27
103,OCIO.K,ClearShares OCIO ETF,5,60,14,39,74,1.0,10.0,5.34,0.0,4.89,11.29
103,GHTA.K,Goose Hollow Tactical Allocation ETF,5,60,14,39,74,1.0,10.0,5.34,0.0,5.58,12.59
103,VEGA.K,AdvisorShares STAR Global Buy-Write ETF,5,60,14,39,74,1.0,10.0,5.34,0.0,5.39,11.93
103,XBJA.K,Innovator US Eqty Accelerated 9 Buffer ETF - Jan,5,60,14,39,74,1.0,10.0,5.34,0.0,5.47,12.59
103,EAOR.K,iShares ESG Aware Growth Allocation ETF,5,60,14,39,74,1.0,10.0,5.34,6.78,5.31,10.53
103,USG,USCF Gold Strategy Plus Income Fund,5,60,14,39,74,1.0,10.0,5.34,0.0,5.33,12.05
103,MDST.K,Westwood Salient Enhanced Midstream Income ETF,5,60,14,39,74,1.0,10.0,5.34,0.0,4.07,12.53
103,WBIL.K,WBI BullBear Quality 3000 ETF,5,60,14,39,74,1.0,10.0,5.34,9.06,3.63,11.32
103,TRND.K,Pacer Trendpilot Fund of Funds ETF,5,60,14,39,74,1.0,10.0,5.34,0.0,5.54,11.27
103,MPAY.K,Akros Monthly Payout ETF,5,60,14,39,74,1.0,10.0,5.34,28.53,3.43,10.56
103,FYLG.K,Global X Financials Covered Call & Growth ETF,5,60,14,39,74,1.0,10.0,5.34,0.0,3.01,11.81
103,JADE.K,JPMorgan Active Developing Markets Equity ETF,5,60,14,39,74,1.0,10.0,5.34,0.0,6.5,11.93
103,JUNZ.K,TrueShares Structured Outcome (June) ETF,5,60,14,39,74,1.0,10.0,5.34,0.0,6.19,11.69
103,XCLR.K,Global X S&P 500 Collar 95-110 ETF,5,60,14,39,74,1.0,10.0,5.34,14.89,5.49,10.42
103,SELV.K,SEI Enhanced Low Volatility US Large Cap ETF,5,60,14,39,74,1.0,10.0,5.34,0.0,6.4,12.4
103,VEMY.K,Virtus Stone Harbor Emerging Markets HY Bd ETF,5,60,14,39,74,1.0,10.0,5.34,0.0,3.99,8.94
103,UPGD.K,Invesco Bloomberg Analyst Rating Improvers ETF,5,60,14,39,74,1.0,10.0,5.34,0.0,4.56,9.14
103,CMCI.K,VanEck CMCI Commodity Strategy ETF,5,60,14,39,74,1.0,10.0,5.34,0.0,5.03,10.24
103,MAYZ.K,TrueShares Structured Outcome (May) ETF,5,60,14,39,74,1.0,10.0,5.34,12.32,5.86,11.75
103,EVUS.K,iShares ESG Aware MSCI USA Value ETF,5,60,14,39,74,1.0,10.0,5.34,0.0,5.4,11.24
103,BCIL.K,Bancreek International Large Cap ETF,5,60,14,39,74,1.0,10.0,5.34,0.0,6.29,10.59
103,PTIN.K,Pacer Trendpilot International ETF,5,60,14,39,74,1.0,10.0,5.34,6.12,3.9,12.73
103,JEPI.K,JPMorgan Equity Premium Income ETF,5,60,14,39,74,1.0,10.0,5.34,0.0,3.55,10.6
103,YDEC.K,FT Vest International Eq Mod Buffer ETF - Dec,5,60,14,39,74,1.0,10.0,5.34,11.96,5.93,11.77
103,DAUG.K,FT Vest US Equity Deep Buffer ETF - August,5,60,14,39,74,1.0,10.0,5.34,0.0,5.5,9.6
103,MSMR.K,McElhenny Sheffield Managed Risk ETF,5,60,14,39,74,1.0,10.0,5.34,30.09,5.62,9.28
103,ACWV.K,iShares MSCI Global Min Vol Factor ETF,5,60,14,39,74,1.0,10.0,5.34,0.0,6.46,12.15
103,AOR,iShares Core Growth Allocation ETF,5,60,14,39,74,1.0,10.0,5.34,7.01,5.58,10.4
103,IJUL.K,Innovator Intl Developed Power Buffer ETF - July,5,60,14,39,74,1.0,10.0,5.34,0.0,4.88,11.65
103,UJUL.K,Innovator US Equity Ultra Buffer ETF - July,5,60,14,39,74,1.0,10.0,5.34,7.32,5.09,9.19
103,XDTE.K,Roundhill S&P 500 0DTE Covered Call Strategy ETF,5,60,14,39,74,1.0,10.0,5.34,0.0,2.98,9.79
103,COM,Direxion Auspice Broad Commodity Strategy ETF,5,60,14,39,74,1.0,10.0,5.34,11.43,2.8,10.59
103,SIXJ.K,AllianzIM US LargeCap 6 Month Buffer10 Jan/Jul,5,60,14,39,74,1.0,10.0,5.34,0.0,5.93,10.74
103,PTMC.K,Pacer Trendpilot US Mid Cap ETF,5,60,14,39,74,1.0,10.0,5.34,0.0,4.37,12.15
103,KJUL.K,Innovator US Small Cap Power Buffer ETF - July,5,60,14,39,74,1.0,10.0,5.34,6.87,5.13,12.04
103,HEQT.K,Simplify Hedged Equity ETF,5,60,14,39,74,1.0,10.0,5.34,0.0,4.5,8.77
103,GDMA.K,Gadsden Dynamic Multi-Asset ETF,5,60,14,39,74,1.0,10.0,5.34,31.3,4.83,10.92
103,PHDG.K,Invesco S&P 500 Downside Hedged ETF,5,60,14,39,74,1.0,10.0,5.34,7.27,4.29,11.27
103,GAL,SPDR SSgA Global Allocation ETF,5,60,14,39,74,1.0,10.0,5.34,5.1,3.74,10.98
103,YJUN.K,FT Vest International Equity Moderate Buffer ETF,5,60,14,39,74,1.0,10.0,5.34,11.31,4.07,12.14
103,TOGA.K,Tremblant Global ETF,5,60,14,39,74,1.0,10.0,5.34,0.0,4.48,8.74
103,YMAR.K,FT Vest International Equity Mod Buffer ETF - Mar,5,60,14,39,74,1.0,10.0,5.34,12.78,5.59,12.24
103,TACK.K,Fairlead Tactical Sector ETF,5,60,14,39,74,1.0,10.0,5.34,20.18,2.65,10.21
103,MPRO.K,Monarch ProCap Index ETF,5,60,14,39,74,1.0,10.0,5.34,0.0,4.32,9.75
103,TOGA.K,Tremblant Global ETF,5,120,14,39,64,1.0,10.0,4.84,0.0,4.48,8.74
103,GDMA.K,Gadsden Dynamic Multi-Asset ETF,5,120,14,39,64,1.0,10.0,4.84,0.0,4.83,10.92
103,GAL,SPDR SSgA Global Allocation ETF,5,120,14,39,64,1.0,10.0,4.84,7.27,3.74,10.98
103,YJUN.K,FT Vest International Equity Moderate Buffer ETF,5,120,14,39,64,1.0,10.0,4.84,14.44,4.07,12.14
103,MSMR.K,McElhenny Sheffield Managed Risk ETF,5,120,14,39,64,1.0,10.0,4.84,31.87,5.62,9.28
103,YMAR.K,FT Vest International Equity Mod Buffer ETF - Mar,5,120,14,39,64,1.0,10.0,4.84,17.53,5.59,12.24
103,TACK.K,Fairlead Tactical Sector ETF,5,120,14,39,64,1.0,10.0,4.84,33.13,2.65,10.21
103,PHDG.K,Invesco S&P 500 Downside Hedged ETF,5,120,14,39,64,1.0,10.0,4.84,5.14,4.29,11.27
103,HEQT.K,Simplify Hedged Equity ETF,5,120,14,39,64,1.0,10.0,4.84,0.0,4.5,8.77
103,MPRO.K,Monarch ProCap Index ETF,5,120,14,39,64,1.0,10.0,4.84,0.0,4.32,9.75
103,ACWV.K,iShares MSCI Global Min Vol Factor ETF,5,120,14,39,64,1.0,10.0,4.84,0.0,6.46,12.15
103,DAUG.K,FT Vest US Equity Deep Buffer ETF - August,5,120,14,39,64,1.0,10.0,4.84,0.0,5.5,9.6
103,PTMC.K,Pacer Trendpilot US Mid Cap ETF,5,120,14,39,64,1.0,10.0,4.84,0.0,4.37,12.15
103,SIXJ.K,AllianzIM US LargeCap 6 Month Buffer10 Jan/Jul,5,120,14,39,64,1.0,10.0,4.84,0.0,5.93,10.74
103,COM,Direxion Auspice Broad Commodity Strategy ETF,5,120,14,39,64,1.0,10.0,4.84,6.0,2.8,10.59
103,KJUL.K,Innovator US Small Cap Power Buffer ETF - July,5,120,14,39,64,1.0,10.0,4.84,7.24,5.13,12.04
103,XDTE.K,Roundhill S&P 500 0DTE Covered Call Strategy ETF,5,120,14,39,64,1.0,10.0,4.84,0.0,2.98,9.79
103,UJUL.K,Innovator US Equity Ultra Buffer ETF - July,5,120,14,39,64,1.0,10.0,4.84,0.0,5.09,9.19
103,IJUL.K,Innovator Intl Developed Power Buffer ETF - July,5,120,14,39,64,1.0,10.0,4.84,0.0,4.88,11.65
103,AOR,iShares Core Growth Allocation ETF,5,120,14,39,64,1.0,10.0,4.84,10.54,5.58,10.4
103,SELV.K,SEI Enhanced Low Volatility US Large Cap ETF,5,120,14,39,64,1.0,10.0,4.84,0.0,6.4,12.4
103,YDEC.K,FT Vest International Eq Mod Buffer ETF - Dec,5,120,14,39,64,1.0,10.0,4.84,14.04,5.93,11.77
103,MPAY.K,Akros Monthly Payout ETF,5,120,14,39,64,1.0,10.0,4.84,0.0,3.43,10.56
103,PTIN.K,Pacer Trendpilot International ETF,5,120,14,39,64,1.0,10.0,4.84,32.53,3.9,12.73
103,PAPI.K,Parametric Equity Premium Income ETF,5,120,14,39,64,1.0,10.0,4.84,0.0,4.79,9.27
103,BCIL.K,Bancreek International Large Cap ETF,5,120,14,39,64,1.0,10.0,4.84,0.0,6.29,10.59
103,EVUS.K,iShares ESG Aware MSCI USA Value ETF,5,120,14,39,64,1.0,10.0,4.84,0.0,5.4,11.24
103,MAYZ.K,TrueShares Structured Outcome (May) ETF,5,120,14,39,64,1.0,10.0,4.84,0.0,5.86,11.75
103,CMCI.K,VanEck CMCI Commodity Strategy ETF,5,120,14,39,64,1.0,10.0,4.84,0.0,5.03,10.24
103,UPGD.K,Invesco Bloomberg Analyst Rating Improvers ETF,5,120,14,39,64,1.0,10.0,4.84,0.0,4.56,9.14
103,VEMY.K,Virtus Stone Harbor Emerging Markets HY Bd ETF,5,120,14,39,64,1.0,10.0,4.84,0.0,3.99,8.94
103,FYLG.K,Global X Financials Covered Call & Growth ETF,5,120,14,39,64,1.0,10.0,4.84,0.0,3.01,11.81
103,XCLR.K,Global X S&P 500 Collar 95-110 ETF,5,120,14,39,64,1.0,10.0,4.84,12.47,5.49,10.42
103,JUNZ.K,TrueShares Structured Outcome (June) ETF,5,120,14,39,64,1.0,10.0,4.84,0.0,6.19,11.69
103,JADE.K,JPMorgan Active Developing Markets Equity ETF,5,120,14,39,64,1.0,10.0,4.84,0.0,6.5,11.93
103,OCIO.K,ClearShares OCIO ETF,5,120,14,39,64,1.0,10.0,4.84,0.0,4.89,11.29
103,TRND.K,Pacer Trendpilot Fund of Funds ETF,5,120,14,39,64,1.0,10.0,4.84,0.0,5.54,11.27
103,WBIL.K,WBI BullBear Quality 3000 ETF,5,120,14,39,64,1.0,10.0,4.84,14.93,3.63,11.32
103,MDST.K,Westwood Salient Enhanced Midstream Income ETF,5,120,14,39,64,1.0,10.0,4.84,0.0,4.07,12.53
103,USG,USCF Gold Strategy Plus Income Fund,5,120,14,39,64,1.0,10.0,4.84,0.0,5.33,12.05
103,EAOR.K,iShares ESG Aware Growth Allocation ETF,5,120,14,39,64,1.0,10.0,4.84,10.47,5.31,10.53
103,XBJA.K,Innovator US Eqty Accelerated 9 Buffer ETF - Jan,5,120,14,39,64,1.0,10.0,4.84,0.0,5.47,12.59
103,VEGA.K,AdvisorShares STAR Global Buy-Write ETF,5,120,14,39,64,1.0,10.0,4.84,0.0,5.39,11.93
103,GHTA.K,Goose Hollow Tactical Allocation ETF,5,120,14,39,64,1.0,10.0,4.84,0.0,5.58,12.59
103,JEPI.K,JPMorgan Equity Premium Income ETF,5,120,14,39,64,1.0,10.0,4.84,0.0,3.55,10.6
103,EVUS.K,iShares ESG Aware MSCI USA Value ETF,5,60,14,39,79,1.0,10.0,4.73,0.0,5.4,11.24
103,BCIL.K,Bancreek International Large Cap ETF,5,60,14,39,79,1.0,10.0,4.73,0.0,6.29,10.59
103,ACWV.K,iShares MSCI Global Min Vol Factor ETF,5,60,14,39,79,1.0,10.0,4.73,0.0,6.46,12.15
103,SELV.K,SEI Enhanced Low Volatility US Large Cap ETF,5,60,14,39,79,1.0,10.0,4.73,0.0,6.4,12.4
103,MSMR.K,McElhenny Sheffield Managed Risk ETF,5,60,14,39,79,1.0,10.0,4.73,25.43,5.62,9.28
103,PHDG.K,Invesco S&P 500 Downside Hedged ETF,5,60,14,39,79,1.0,10.0,4.73,5.09,4.29,11.27
103,TACK.K,Fairlead Tactical Sector ETF,5,60,14,39,79,1.0,10.0,4.73,20.18,2.65,10.21
103,YMAR.K,FT Vest International Equity Mod Buffer ETF - Mar,5,60,14,39,79,1.0,10.0,4.73,12.78,5.59,12.24
103,TOGA.K,Tremblant Global ETF,5,60,14,39,79,1.0,10.0,4.73,0.0,4.48,8.74
103,YJUN.K,FT Vest International Equity Moderate Buffer ETF,5,60,14,39,79,1.0,10.0,4.73,11.31,4.07,12.14
103,GAL,SPDR SSgA Global Allocation ETF,5,60,14,39,79,1.0,10.0,4.73,5.65,3.74,10.98
103,GDMA.K,Gadsden Dynamic Multi-Asset ETF,5,60,14,39,79,1.0,10.0,4.73,5.81,4.83,10.92
103,HEQT.K,Simplify Hedged Equity ETF,5,60,14,39,79,1.0,10.0,4.73,0.0,4.5,8.77
103,DAUG.K,FT Vest US Equity Deep Buffer ETF - August,5,60,14,39,79,1.0,10.0,4.73,0.0,5.5,9.6
103,PTMC.K,Pacer Trendpilot US Mid Cap ETF,5,60,14,39,79,1.0,10.0,4.73,0.0,4.37,12.15
103,SIXJ.K,AllianzIM US LargeCap 6 Month Buffer10 Jan/Jul,5,60,14,39,79,1.0,10.0,4.73,0.0,5.93,10.74
103,COM,Direxion Auspice Broad Commodity Strategy ETF,5,60,14,39,79,1.0,10.0,4.73,13.8,2.8,10.59
103,KJUL.K,Innovator US Small Cap Power Buffer ETF - July,5,60,14,39,79,1.0,10.0,4.73,6.87,5.13,12.04
103,XDTE.K,Roundhill S&P 500 0DTE Covered Call Strategy ETF,5,60,14,39,79,1.0,10.0,4.73,0.0,2.98,9.79
103,UJUL.K,Innovator US Equity Ultra Buffer ETF - July,5,60,14,39,79,1.0,10.0,4.73,7.32,5.09,9.19
103,IJUL.K,Innovator Intl Developed Power Buffer ETF - July,5,60,14,39,79,1.0,10.0,4.73,0.0,4.88,11.65
103,AOR,iShares Core Growth Allocation ETF,5,60,14,39,79,1.0,10.0,4.73,7.01,5.58,10.4
103,JEPI.K,JPMorgan Equity Premium Income ETF,5,60,14,39,79,1.0,10.0,4.73,0.0,3.55,10.6
103,YDEC.K,FT Vest International Eq Mod Buffer ETF - Dec,5,60,14,39,79,1.0,10.0,4.73,11.96,5.93,11.77
103,MPRO.K,Monarch ProCap Index ETF,5,60,14,39,79,1.0,10.0,4.73,0.0,4.32,9.75
103,PTIN.K,Pacer Trendpilot International ETF,5,60,14,39,79,1.0,10.0,4.73,6.12,3.9,12.73
103,MPAY.K,Akros Monthly Payout ETF,5,60,14,39,79,1.0,10.0,4.73,28.53,3.43,10.56
103,MAYZ.K,TrueShares Structured Outcome (May) ETF,5,60,14,39,79,1.0,10.0,4.73,12.32,5.86,11.75
103,PAPI.K,Parametric Equity Premium Income ETF,5,60,14,39,79,1.0,10.0,4.73,0.0,4.79,9.27
103,CMCI.K,VanEck CMCI Commodity Strategy ETF,5,60,14,39,79,1.0,10.0,4.73,0.0,5.03,10.24
103,UPGD.K,Invesco Bloomberg Analyst Rating Improvers ETF,5,60,14,39,79,1.0,10.0,4.73,0.0,4.56,9.14
103,VEMY.K,Virtus Stone Harbor Emerging Markets HY Bd ETF,5,60,14,39,79,1.0,10.0,4.73,0.0,3.99,8.94
103,FYLG.K,Global X Financials Covered Call & Growth ETF,5,60,14,39,79,1.0,10.0,4.73,0.0,3.01,11.81
103,JUNZ.K,TrueShares Structured Outcome (June) ETF,5,60,14,39,79,1.0,10.0,4.73,0.0,6.19,11.69
103,JADE.K,JPMorgan Active Developing Markets Equity ETF,5,60,14,39,79,1.0,10.0,4.73,0.0,6.5,11.93
103,OCIO.K,ClearShares OCIO ETF,5,60,14,39,79,1.0,10.0,4.73,0.0,4.89,11.29
103,XCLR.K,Global X S&P 500 Collar 95-110 ETF,5,60,14,39,79,1.0,10.0,4.73,14.89,5.49,10.42
103,TRND.K,Pacer Trendpilot Fund of Funds ETF,5,60,14,39,79,1.0,10.0,4.73,0.0,5.54,11.27
103,USG,USCF Gold Strategy Plus Income Fund,5,60,14,39,79,1.0,10.0,4.73,0.0,5.33,12.05
103,VEGA.K,AdvisorShares STAR Global Buy-Write ETF,5,60,14,39,79,1.0,10.0,4.73,0.0,5.39,11.93
103,XBJA.K,Innovator US Eqty Accelerated 9 Buffer ETF - Jan,5,60,14,39,79,1.0,10.0,4.73,0.0,5.47,12.59
103,EAOR.K,iShares ESG Aware Growth Allocation ETF,5,60,14,39,79,1.0,10.0,4.73,6.78,5.31,10.53
103,GHTA.K,Goose Hollow Tactical Allocation ETF,5,60,14,39,79,1.0,10.0,4.73,0.0,5.58,12.59
103,MDST.K,Westwood Salient Enhanced Midstream Income ETF,5,60,14,39,79,1.0,10.0,4.73,0.0,4.07,12.53
103,WBIL.K,WBI BullBear Quality 3000 ETF,5,60,14,39,79,1.0,10.0,4.73,11.06,3.63,11.32
103,DAUG.K,FT Vest US Equity Deep Buffer ETF - August,5,120,14,39,69,1.0,10.0,4.51,0.0,5.5,9.6
103,PHDG.K,Invesco S&P 500 Downside Hedged ETF,5,120,14,39,69,1.0,10.0,4.51,7.53,4.29,11.27
103,TACK.K,Fairlead Tactical Sector ETF,5,120,14,39,69,1.0,10.0,4.51,17.41,2.65,10.21
103,YMAR.K,FT Vest International Equity Mod Buffer ETF - Mar,5,120,14,39,69,1.0,10.0,4.51,15.65,5.59,12.24
103,TOGA.K,Tremblant Global ETF,5,120,14,39,69,1.0,10.0,4.51,0.0,4.48,8.74
103,YJUN.K,FT Vest International Equity Moderate Buffer ETF,5,120,14,39,69,1.0,10.0,4.51,12.68,4.07,12.14
103,GAL,SPDR SSgA Global Allocation ETF,5,120,14,39,69,1.0,10.0,4.51,7.45,3.74,10.98
103,GDMA.K,Gadsden Dynamic Multi-Asset ETF,5,120,14,39,69,1.0,10.0,4.51,0.0,4.83,10.92
103,MPRO.K,Monarch ProCap Index ETF,5,120,14,39,69,1.0,10.0,4.51,0.0,4.32,9.75
103,HEQT.K,Simplify Hedged Equity ETF,5,120,14,39,69,1.0,10.0,4.51,0.0,4.5,8.77
103,ACWV.K,iShares MSCI Global Min Vol Factor ETF,5,120,14,39,69,1.0,10.0,4.51,0.0,6.46,12.15
103,PTMC.K,Pacer Trendpilot US Mid Cap ETF,5,120,14,39,69,1.0,10.0,4.51,0.0,4.37,12.15
103,SIXJ.K,AllianzIM US LargeCap 6 Month Buffer10 Jan/Jul,5,120,14,39,69,1.0,10.0,4.51,0.0,5.93,10.74
103,COM,Direxion Auspice Broad Commodity Strategy ETF,5,120,14,39,69,1.0,10.0,4.51,8.61,2.8,10.59
103,KJUL.K,Innovator US Small Cap Power Buffer ETF - July,5,120,14,39,69,1.0,10.0,4.51,7.24,5.13,12.04
103,XDTE.K,Roundhill S&P 500 0DTE Covered Call Strategy ETF,5,120,14,39,69,1.0,10.0,4.51,0.0,2.98,9.79
103,UJUL.K,Innovator US Equity Ultra Buffer ETF - July,5,120,14,39,69,1.0,10.0,4.51,0.0,5.09,9.19
103,IJUL.K,Innovator Intl Developed Power Buffer ETF - July,5,120,14,39,69,1.0,10.0,4.51,0.0,4.88,11.65
103,AOR,iShares Core Growth Allocation ETF,5,120,14,39,69,1.0,10.0,4.51,10.54,5.58,10.4
103,YDEC.K,FT Vest International Eq Mod Buffer ETF - Dec,5,120,14,39,69,1.0,10.0,4.51,14.04,5.93,11.77
103,MSMR.K,McElhenny Sheffield Managed Risk ETF,5,120,14,39,69,1.0,10.0,4.51,31.87,5.62,9.28
103,PTIN.K,Pacer Trendpilot International ETF,5,120,14,39,69,1.0,10.0,4.51,29.21,3.9,12.73
103,SELV.K,SEI Enhanced Low Volatility US Large Cap ETF,5,120,14,39,69,1.0,10.0,4.51,0.0,6.4,12.4
103,PAPI.K,Parametric Equity Premium Income ETF,5,120,14,39,69,1.0,10.0,4.51,0.0,4.79,9.27
103,BCIL.K,Bancreek International Large Cap ETF,5,120,14,39,69,1.0,10.0,4.51,0.0,6.29,10.59
103,MAYZ.K,TrueShares Structured Outcome (May) ETF,5,120,14,39,69,1.0,10.0,4.51,0.0,5.86,11.75
103,CMCI.K,VanEck CMCI Commodity Strategy ETF,5,120,14,39,69,1.0,10.0,4.51,0.0,5.03,10.24
103,UPGD.K,Invesco Bloomberg Analyst Rating Improvers ETF,5,120,14,39,69,1.0,10.0,4.51,0.0,4.56,9.14
103,VEMY.K,Virtus Stone Harbor Emerging Markets HY Bd ETF,5,120,14,39,69,1.0,10.0,4.51,0.0,3.99,8.94
103,FYLG.K,Global X Financials Covered Call & Growth ETF,5,120,14,39,69,1.0,10.0,4.51,0.0,3.01,11.81
103,XCLR.K,Global X S&P 500 Collar 95-110 ETF,5,120,14,39,69,1.0,10.0,4.51,14.89,5.49,10.42
103,JUNZ.K,TrueShares Structured Outcome (June) ETF,5,120,14,39,69,1.0,10.0,4.51,0.0,6.19,11.69
103,JADE.K,JPMorgan Active Developing Markets Equity ETF,5,120,14,39,69,1.0,10.0,4.51,0.0,6.5,11.93
103,OCIO.K,ClearShares OCIO ETF,5,120,14,39,69,1.0,10.0,4.51,0.0,4.89,11.29
103,MPAY.K,Akros Monthly Payout ETF,5,120,14,39,69,1.0,10.0,4.51,0.0,3.43,10.56
103,TRND.K,Pacer Trendpilot Fund of Funds ETF,5,120,14,39,69,1.0,10.0,4.51,0.0,5.54,11.27
103,WBIL.K,WBI BullBear Quality 3000 ETF,5,120,14,39,69,1.0,10.0,4.51,15.28,3.63,11.32
103,MDST.K,Westwood Salient Enhanced Midstream Income ETF,5,120,14,39,69,1.0,10.0,4.51,0.0,4.07,12.53
103,USG,USCF Gold Strategy Plus Income Fund,5,120,14,39,69,1.0,10.0,4.51,0.0,5.33,12.05
103,EAOR.K,iShares ESG Aware Growth Allocation ETF,5,120,14,39,69,1.0,10.0,4.51,10.47,5.31,10.53
103,XBJA.K,Innovator US Eqty Accelerated 9 Buffer ETF - Jan,5,120,14,39,69,1.0,10.0,4.51,0.0,5.47,12.59
103,VEGA.K,AdvisorShares STAR Global Buy-Write ETF,5,120,14,39,69,1.0,10.0,4.51,0.0,5.39,11.93
103,GHTA.K,Goose Hollow Tactical Allocation ETF,5,120,14,39,69,1.0,10.0,4.51,0.0,5.58,12.59
103,JEPI.K,JPMorgan Equity Premium Income ETF,5,120,14,39,69,1.0,10.0,4.51,0.0,3.55,10.6
103,EVUS.K,iShares ESG Aware MSCI USA Value ETF,5,120,14,39,69,1.0,10.0,4.51,0.0,5.4,11.24
103,JEPI.K,JPMorgan Equity Premium Income ETF,5,120,14,34,59,1.0,10.0,4.12,0.0,3.55,10.6
103,SELV.K,SEI Enhanced Low Volatility US Large Cap ETF,5,60,14,34,74,1.0,10.0,4.12,0.0,6.4,12.4
103,MSMR.K,McElhenny Sheffield Managed Risk ETF,5,60,14,34,74,1.0,10.0,4.12,30.09,5.62,9.28
103,PHDG.K,Invesco S&P 500 Downside Hedged ETF,5,60,14,34,74,1.0,10.0,4.12,7.27,4.29,11.27
103,TACK.K,Fairlead Tactical Sector ETF,5,60,14,34,74,1.0,10.0,4.12,0.0,2.65,10.21
103,YMAR.K,FT Vest International Equity Mod Buffer ETF - Mar,5,60,14,34,74,1.0,10.0,4.12,12.78,5.59,12.24
103,TOGA.K,Tremblant Global ETF,5,60,14,34,74,1.0,10.0,4.12,0.0,4.48,8.74
103,YJUN.K,FT Vest International Equity Moderate Buffer ETF,5,60,14,34,74,1.0,10.0,4.12,15.79,4.07,12.14
103,GAL,SPDR SSgA Global Allocation ETF,5,60,14,34,74,1.0,10.0,4.12,0.0,3.74,10.98
103,GDMA.K,Gadsden Dynamic Multi-Asset ETF,5,60,14,34,74,1.0,10.0,4.12,31.3,4.83,10.92
103,MPRO.K,Monarch ProCap Index ETF,5,60,14,34,74,1.0,10.0,4.12,0.0,4.32,9.75
103,HEQT.K,Simplify Hedged Equity ETF,5,60,14,34,74,1.0,10.0,4.12,0.0,4.5,8.77
103,DAUG.K,FT Vest US Equity Deep Buffer ETF - August,5,60,14,34,74,1.0,10.0,4.12,0.0,5.5,9.6
103,PTMC.K,Pacer Trendpilot US Mid Cap ETF,5,60,14,34,74,1.0,10.0,4.12,0.0,4.37,12.15
103,SIXJ.K,AllianzIM US LargeCap 6 Month Buffer10 Jan/Jul,5,60,14,34,74,1.0,10.0,4.12,0.0,5.93,10.74
103,COM,Direxion Auspice Broad Commodity Strategy ETF,5,60,14,34,74,1.0,10.0,4.12,41.13,2.8,10.59
103,KJUL.K,Innovator US Small Cap Power Buffer ETF - July,5,60,14,34,74,1.0,10.0,4.12,0.0,5.13,12.04
103,XDTE.K,Roundhill S&P 500 0DTE Covered Call Strategy ETF,5,60,14,34,74,1.0,10.0,4.12,0.0,2.98,9.79
103,UJUL.K,Innovator US Equity Ultra Buffer ETF - July,5,60,14,34,74,1.0,10.0,4.12,7.32,5.09,9.19
103,IJUL.K,Innovator Intl Developed Power Buffer ETF - July,5,60,14,34,74,1.0,10.0,4.12,0.0,4.88,11.65
103,AOR,iShares Core Growth Allocation ETF,5,60,14,34,74,1.0,10.0,4.12,0.0,5.58,10.4
103,ACWV.K,iShares MSCI Global Min Vol Factor ETF,5,120,14,34,59,1.0,10.0,4.12,0.0,6.46,12.15
103,PTIN.K,Pacer Trendpilot International ETF,5,60,14,34,74,1.0,10.0,4.12,6.36,3.9,12.73
103,JEPI.K,JPMorgan Equity Premium Income ETF,5,60,14,34,74,1.0,10.0,4.12,0.0,3.55,10.6
103,PAPI.K,Parametric Equity Premium Income ETF,5,60,14,34,74,1.0,10.0,4.12,0.0,4.79,9.27
103,EVUS.K,iShares ESG Aware MSCI USA Value ETF,5,60,14,34,74,1.0,10.0,4.12,0.0,5.4,11.24
103,MAYZ.K,TrueShares Structured Outcome (May) ETF,5,60,14,34,74,1.0,10.0,4.12,12.32,5.86,11.75
103,CMCI.K,VanEck CMCI Commodity Strategy ETF,5,60,14,34,74,1.0,10.0,4.12,0.0,5.03,10.24
103,UPGD.K,Invesco Bloomberg Analyst Rating Improvers ETF,5,60,14,34,74,1.0,10.0,4.12,0.0,4.56,9.14
103,VEMY.K,Virtus Stone Harbor Emerging Markets HY Bd ETF,5,60,14,34,74,1.0,10.0,4.12,0.0,3.99,8.94
103,FYLG.K,Global X Financials Covered Call & Growth ETF,5,60,14,34,74,1.0,10.0,4.12,0.0,3.01,11.81
103,XCLR.K,Global X S&P 500 Collar 95-110 ETF,5,60,14,34,74,1.0,10.0,4.12,0.0,5.49,10.42
103,JUNZ.K,TrueShares Structured Outcome (June) ETF,5,60,14,34,74,1.0,10.0,4.12,0.0,6.19,11.69
103,JADE.K,JPMorgan Active Developing Markets Equity ETF,5,60,14,34,74,1.0,10.0,4.12,0.0,6.5,11.93
103,OCIO.K,ClearShares OCIO ETF,5,60,14,34,74,1.0,10.0,4.12,0.0,4.89,11.29
103,MPAY.K,Akros Monthly Payout ETF,5,60,14,34,74,1.0,10.0,4.12,0.0,3.43,10.56
103,TRND.K,Pacer Trendpilot Fund of Funds ETF,5,60,14,34,74,1.0,10.0,4.12,0.0,5.54,11.27
103,WBIL.K,WBI BullBear Quality 3000 ETF,5,60,14,34,74,1.0,10.0,4.12,9.06,3.63,11.32
103,MDST.K,Westwood Salient Enhanced Midstream Income ETF,5,60,14,34,74,1.0,10.0,4.12,0.0,4.07,12.53
103,USG,USCF Gold Strategy Plus Income Fund,5,60,14,34,74,1.0,10.0,4.12,0.0,5.33,12.05
103,EAOR.K,iShares ESG Aware Growth Allocation ETF,5,60,14,34,74,1.0,10.0,4.12,0.0,5.31,10.53
103,XBJA.K,Innovator US Eqty Accelerated 9 Buffer ETF - Jan,5,60,14,34,74,1.0,10.0,4.12,0.0,5.47,12.59
103,VEGA.K,AdvisorShares STAR Global Buy-Write ETF,5,60,14,34,74,1.0,10.0,4.12,0.0,5.39,11.93
103,GHTA.K,Goose Hollow Tactical Allocation ETF,5,60,14,34,74,1.0,10.0,4.12,0.0,5.58,12.59
103,ACWV.K,iShares MSCI Global Min Vol Factor ETF,5,60,14,34,74,1.0,10.0,4.12,0.0,6.46,12.15
103,YDEC.K,FT Vest International Eq Mod Buffer ETF - Dec,5,60,14,34,74,1.0,10.0,4.12,11.96,5.93,11.77
103,BCIL.K,Bancreek International Large Cap ETF,5,120,14,34,59,1.0,10.0,4.12,0.0,6.29,10.59
103,DAUG.K,FT Vest US Equity Deep Buffer ETF - August,5,120,14,34,59,1.0,10.0,4.12,0.0,5.5,9.6
103,PHDG.K,Invesco S&P 500 Downside Hedged ETF,5,120,14,34,59,1.0,10.0,4.12,0.0,4.29,11.27
103,TACK.K,Fairlead Tactical Sector ETF,5,120,14,34,59,1.0,10.0,4.12,0.0,2.65,10.21
103,YMAR.K,FT Vest International Equity Mod Buffer ETF - Mar,5,120,14,34,59,1.0,10.0,4.12,0.0,5.59,12.24
103,TOGA.K,Tremblant Global ETF,5,120,14,34,59,1.0,10.0,4.12,0.0,4.48,8.74
103,YJUN.K,FT Vest International Equity Moderate Buffer ETF,5,120,14,34,59,1.0,10.0,4.12,20.59,4.07,12.14
103,GAL,SPDR SSgA Global Allocation ETF,5,120,14,34,59,1.0,10.0,4.12,0.0,3.74,10.98
103,GDMA.K,Gadsden Dynamic Multi-Asset ETF,5,120,14,34,59,1.0,10.0,4.12,0.0,4.83,10.92
103,MPRO.K,Monarch ProCap Index ETF,5,120,14,34,59,1.0,10.0,4.12,0.0,4.32,9.75
103,HEQT.K,Simplify Hedged Equity ETF,5,120,14,34,59,1.0,10.0,4.12,0.0,4.5,8.77
103,PTMC.K,Pacer Trendpilot US Mid Cap ETF,5,120,14,34,59,1.0,10.0,4.12,0.0,4.37,12.15
103,YDEC.K,FT Vest International Eq Mod Buffer ETF - Dec,5,120,14,34,59,1.0,10.0,4.12,0.0,5.93,11.77
103,SIXJ.K,AllianzIM US LargeCap 6 Month Buffer10 Jan/Jul,5,120,14,34,59,1.0,10.0,4.12,0.0,5.93,10.74
103,COM,Direxion Auspice Broad Commodity Strategy ETF,5,120,14,34,59,1.0,10.0,4.12,36.56,2.8,10.59
103,KJUL.K,Innovator US Small Cap Power Buffer ETF - July,5,120,14,34,59,1.0,10.0,4.12,0.0,5.13,12.04
103,XDTE.K,Roundhill S&P 500 0DTE Covered Call Strategy ETF,5,120,14,34,59,1.0,10.0,4.12,0.0,2.98,9.79
103,UJUL.K,Innovator US Equity Ultra Buffer ETF - July,5,120,14,34,59,1.0,10.0,4.12,0.0,5.09,9.19
103,IJUL.K,Innovator Intl Developed Power Buffer ETF - July,5,120,14,34,59,1.0,10.0,4.12,0.0,4.88,11.65
103,AOR,iShares Core Growth Allocation ETF,5,120,14,34,59,1.0,10.0,4.12,0.0,5.58,10.4
103,BCIL.K,Bancreek International Large Cap ETF,5,60,14,34,74,1.0,10.0,4.12,0.0,6.29,10.59
103,EVUS.K,iShares ESG Aware MSCI USA Value ETF,5,120,14,34,59,1.0,10.0,4.12,0.0,5.4,11.24
103,MSMR.K,McElhenny Sheffield Managed Risk ETF,5,120,14,34,59,1.0,10.0,4.12,31.87,5.62,9.28
103,SELV.K,SEI Enhanced Low Volatility US Large Cap ETF,5,120,14,34,59,1.0,10.0,4.12,0.0,6.4,12.4
103,XCLR.K,Global X S&P 500 Collar 95-110 ETF,5,120,14,34,59,1.0,10.0,4.12,0.0,5.49,10.42
103,MPAY.K,Akros Monthly Payout ETF,5,120,14,34,59,1.0,10.0,4.12,0.0,3.43,10.56
103,MAYZ.K,TrueShares Structured Outcome (May) ETF,5,120,14,34,59,1.0,10.0,4.12,0.0,5.86,11.75
103,CMCI.K,VanEck CMCI Commodity Strategy ETF,5,120,14,34,59,1.0,10.0,4.12,0.0,5.03,10.24
103,UPGD.K,Invesco Bloomberg Analyst Rating Improvers ETF,5,120,14,34,59,1.0,10.0,4.12,0.0,4.56,9.14
103,VEMY.K,Virtus Stone Harbor Emerging Markets HY Bd ETF,5,120,14,34,59,1.0,10.0,4.12,0.0,3.99,8.94
103,FYLG.K,Global X Financials Covered Call & Growth ETF,5,120,14,34,59,1.0,10.0,4.12,0.0,3.01,11.81
103,JUNZ.K,TrueShares Structured Outcome (June) ETF,5,120,14,34,59,1.0,10.0,4.12,0.0,6.19,11.69
103,JADE.K,JPMorgan Active Developing Markets Equity ETF,5,120,14,34,59,1.0,10.0,4.12,0.0,6.5,11.93
103,OCIO.K,ClearShares OCIO ETF,5,120,14,34,59,1.0,10.0,4.12,0.0,4.89,11.29
103,PTIN.K,Pacer Trendpilot International ETF,5,120,14,34,59,1.0,10.0,4.12,79.06,3.9,12.73
103,TRND.K,Pacer Trendpilot Fund of Funds ETF,5,120,14,34,59,1.0,10.0,4.12,0.0,5.54,11.27
103,XBJA.K,Innovator US Eqty Accelerated 9 Buffer ETF - Jan,5,120,14,34,59,1.0,10.0,4.12,0.0,5.47,12.59
103,WBIL.K,WBI BullBear Quality 3000 ETF,5,120,14,34,59,1.0,10.0,4.12,17.28,3.63,11.32
103,GHTA.K,Goose Hollow Tactical Allocation ETF,5,120,14,34,59,1.0,10.0,4.12,0.0,5.58,12.59
103,VEGA.K,AdvisorShares STAR Global Buy-Write ETF,5,120,14,34,59,1.0,10.0,4.12,0.0,5.39,11.93
103,PAPI.K,Parametric Equity Premium Income ETF,5,120,14,34,59,1.0,10.0,4.12,0.0,4.79,9.27
103,EAOR.K,iShares ESG Aware Growth Allocation ETF,5,120,14,34,59,1.0,10.0,4.12,0.0,5.31,10.53
103,USG,USCF Gold Strategy Plus Income Fund,5,120,14,34,59,1.0,10.0,4.12,0.0,5.33,12.05
103,MDST.K,Westwood Salient Enhanced Midstream Income ETF,5,120,14,34,59,1.0,10.0,4.12,0.0,4.07,12.53
103,MPRO.K,Monarch ProCap Index ETF,5,120,14,34,54,1.0,10.0,4.05,0.0,4.32,9.75
103,MSMR.K,McElhenny Sheffield Managed Risk ETF,5,120,14,34,54,1.0,10.0,4.05,17.72,5.62,9.28
103,PHDG.K,Invesco S&P 500 Downside Hedged ETF,5,120,14,34,54,1.0,10.0,4.05,0.0,4.29,11.27
103,TACK.K,Fairlead Tactical Sector ETF,5,120,14,34,54,1.0,10.0,4.05,0.0,2.65,10.21
103,YMAR.K,FT Vest International Equity Mod Buffer ETF - Mar,5,120,14,34,54,1.0,10.0,4.05,0.0,5.59,12.24
103,TOGA.K,Tremblant Global ETF,5,120,14,34,54,1.0,10.0,4.05,0.0,4.48,8.74
103,YJUN.K,FT Vest International Equity Moderate Buffer ETF,5,120,14,34,54,1.0,10.0,4.05,43.47,4.07,12.14
103,GAL,SPDR SSgA Global Allocation ETF,5,120,14,34,54,1.0,10.0,4.05,0.0,3.74,10.98
103,GDMA.K,Gadsden Dynamic Multi-Asset ETF,5,120,14,34,54,1.0,10.0,4.05,0.0,4.83,10.92
103,BCIL.K,Bancreek International Large Cap ETF,5,120,14,34,54,1.0,10.0,4.05,0.0,6.29,10.59
103,AOR,iShares Core Growth Allocation ETF,5,120,14,34,54,1.0,10.0,4.05,0.0,5.58,10.4
103,HEQT.K,Simplify Hedged Equity ETF,5,120,14,34,54,1.0,10.0,4.05,0.0,4.5,8.77
103,DAUG.K,FT Vest US Equity Deep Buffer ETF - August,5,120,14,34,54,1.0,10.0,4.05,0.0,5.5,9.6
103,PTMC.K,Pacer Trendpilot US Mid Cap ETF,5,120,14,34,54,1.0,10.0,4.05,0.0,4.37,12.15
103,SIXJ.K,AllianzIM US LargeCap 6 Month Buffer10 Jan/Jul,5,120,14,34,54,1.0,10.0,4.05,0.0,5.93,10.74
103,COM,Direxion Auspice Broad Commodity Strategy ETF,5,120,14,34,54,1.0,10.0,4.05,24.25,2.8,10.59
103,KJUL.K,Innovator US Small Cap Power Buffer ETF - July,5,120,14,34,54,1.0,10.0,4.05,0.0,5.13,12.04
103,XDTE.K,Roundhill S&P 500 0DTE Covered Call Strategy ETF,5,120,14,34,54,1.0,10.0,4.05,0.0,2.98,9.79
103,UJUL.K,Innovator US Equity Ultra Buffer ETF - July,5,120,14,34,54,1.0,10.0,4.05,0.0,5.09,9.19
103,IJUL.K,Innovator Intl Developed Power Buffer ETF - July,5,120,14,34,54,1.0,10.0,4.05,0.0,4.88,11.65
103,YDEC.K,FT Vest International Eq Mod Buffer ETF - Dec,5,120,14,34,54,1.0,10.0,4.05,0.0,5.93,11.77
103,JEPI.K,JPMorgan Equity Premium Income ETF,5,120,14,34,54,1.0,10.0,4.05,0.0,3.55,10.6
103,WBIL.K,WBI BullBear Quality 3000 ETF,5,120,14,34,54,1.0,10.0,4.05,12.03,3.63,11.32
103,SELV.K,SEI Enhanced Low Volatility US Large Cap ETF,5,120,14,34,54,1.0,10.0,4.05,0.0,6.4,12.4
103,OCIO.K,ClearShares OCIO ETF,5,120,14,34,54,1.0,10.0,4.05,0.0,4.89,11.29
103,MAYZ.K,TrueShares Structured Outcome (May) ETF,5,120,14,34,54,1.0,10.0,4.05,0.0,5.86,11.75
103,CMCI.K,VanEck CMCI Commodity Strategy ETF,5,120,14,34,54,1.0,10.0,4.05,0.0,5.03,10.24
103,UPGD.K,Invesco Bloomberg Analyst Rating Improvers ETF,5,120,14,34,54,1.0,10.0,4.05,0.0,4.56,9.14
103,VEMY.K,Virtus Stone Harbor Emerging Markets HY Bd ETF,5,120,14,34,54,1.0,10.0,4.05,0.0,3.99,8.94
103,FYLG.K,Global X Financials Covered Call & Growth ETF,5,120,14,34,54,1.0,10.0,4.05,0.0,3.01,11.81
103,XCLR.K,Global X S&P 500 Collar 95-110 ETF,5,120,14,34,54,1.0,10.0,4.05,0.0,5.49,10.42
103,JUNZ.K,TrueShares Structured Outcome (June) ETF,5,120,14,34,54,1.0,10.0,4.05,0.0,6.19,11.69
103,JADE.K,JPMorgan Active Developing Markets Equity ETF,5,120,14,34,54,1.0,10.0,4.05,0.0,6.5,11.93
103,MPAY.K,Akros Monthly Payout ETF,5,120,14,34,54,1.0,10.0,4.05,0.0,3.43,10.56
103,PTIN.K,Pacer Trendpilot International ETF,5,120,14,34,54,1.0,10.0,4.05,84.57,3.9,12.73
103,TRND.K,Pacer Trendpilot Fund of Funds ETF,5,120,14,34,54,1.0,10.0,4.05,0.0,5.54,11.27
103,MDST.K,Westwood Salient Enhanced Midstream Income ETF,5,120,14,34,54,1.0,10.0,4.05,0.0,4.07,12.53
103,USG,USCF Gold Strategy Plus Income Fund,5,120,14,34,54,1.0,10.0,4.05,0.0,5.33,12.05
103,EAOR.K,iShares ESG Aware Growth Allocation ETF,5,120,14,34,54,1.0,10.0,4.05,0.0,5.31,10.53
103,XBJA.K,Innovator US Eqty Accelerated 9 Buffer ETF - Jan,5,120,14,34,54,1.0,10.0,4.05,0.0,5.47,12.59
103,VEGA.K,AdvisorShares STAR Global Buy-Write ETF,5,120,14,34,54,1.0,10.0,4.05,0.0,5.39,11.93
103,GHTA.K,Goose Hollow Tactical Allocation ETF,5,120,14,34,54,1.0,10.0,4.05,0.0,5.58,12.59
103,PAPI.K,Parametric Equity Premium Income ETF,5,120,14,34,54,1.0,10.0,4.05,0.0,4.79,9.27
103,EVUS.K,iShares ESG Aware MSCI USA Value ETF,5,120,14,34,54,1.0,10.0,4.05,0.0,5.4,11.24
103,ACWV.K,iShares MSCI Global Min Vol Factor ETF,5,120,14,34,54,1.0,10.0,4.05,0.0,6.46,12.15
103,OCIO.K,ClearShares OCIO ETF,5,120,14,39,79,1.0,10.0,3.93,0.0,4.89,11.29
103,MPRO.K,Monarch ProCap Index ETF,5,120,14,39,79,1.0,10.0,3.93,0.0,4.32,9.75
103,YDEC.K,FT Vest International Eq Mod Buffer ETF - Dec,5,120,14,39,79,1.0,10.0,3.93,14.04,5.93,11.77
103,MSMR.K,McElhenny Sheffield Managed Risk ETF,5,120,14,39,79,1.0,10.0,3.93,20.11,5.62,9.28
103,PHDG.K,Invesco S&P 500 Downside Hedged ETF,5,120,14,39,79,1.0,10.0,3.93,5.11,4.29,11.27
103,TACK.K,Fairlead Tactical Sector ETF,5,120,14,39,79,1.0,10.0,3.93,17.41,2.65,10.21
103,YMAR.K,FT Vest International Equity Mod Buffer ETF - Mar,5,120,14,39,79,1.0,10.0,3.93,15.65,5.59,12.24
103,TOGA.K,Tremblant Global ETF,5,120,14,39,79,1.0,10.0,3.93,0.0,4.48,8.74
103,YJUN.K,FT Vest International Equity Moderate Buffer ETF,5,120,14,39,79,1.0,10.0,3.93,12.68,4.07,12.14
103,GAL,SPDR SSgA Global Allocation ETF,5,120,14,39,79,1.0,10.0,3.93,9.09,3.74,10.98
103,GDMA.K,Gadsden Dynamic Multi-Asset ETF,5,120,14,39,79,1.0,10.0,3.93,0.0,4.83,10.92
103,HEQT.K,Simplify Hedged Equity ETF,5,120,14,39,79,1.0,10.0,3.93,0.0,4.5,8.77
103,ACWV.K,iShares MSCI Global Min Vol Factor ETF,5,120,14,39,79,1.0,10.0,3.93,0.0,6.46,12.15
103,DAUG.K,FT Vest US Equity Deep Buffer ETF - August,5,120,14,39,79,1.0,10.0,3.93,0.0,5.5,9.6
103,PTMC.K,Pacer Trendpilot US Mid Cap ETF,5,120,14,39,79,1.0,10.0,3.93,0.0,4.37,12.15
103,SIXJ.K,AllianzIM US LargeCap 6 Month Buffer10 Jan/Jul,5,120,14,39,79,1.0,10.0,3.93,0.0,5.93,10.74
103,COM,Direxion Auspice Broad Commodity Strategy ETF,5,120,14,39,79,1.0,10.0,3.93,15.87,2.8,10.59
103,KJUL.K,Innovator US Small Cap Power Buffer ETF - July,5,120,14,39,79,1.0,10.0,3.93,7.24,5.13,12.04
103,XDTE.K,Roundhill S&P 500 0DTE Covered Call Strategy ETF,5,120,14,39,79,1.0,10.0,3.93,0.0,2.98,9.79
103,UJUL.K,Innovator US Equity Ultra Buffer ETF - July,5,120,14,39,79,1.0,10.0,3.93,0.0,5.09,9.19
103,IJUL.K,Innovator Intl Developed Power Buffer ETF - July,5,120,14,39,79,1.0,10.0,3.93,0.0,4.88,11.65
103,AOR,iShares Core Growth Allocation ETF,5,120,14,39,79,1.0,10.0,3.93,10.54,5.58,10.4
103,SELV.K,SEI Enhanced Low Volatility US Large Cap ETF,5,120,14,39,79,1.0,10.0,3.93,0.0,6.4,12.4
103,PTIN.K,Pacer Trendpilot International ETF,5,120,14,39,79,1.0,10.0,3.93,6.1,3.9,12.73
103,PAPI.K,Parametric Equity Premium Income ETF,5,120,14,39,79,1.0,10.0,3.93,0.0,4.79,9.27
103,GHTA.K,Goose Hollow Tactical Allocation ETF,5,120,14,39,79,1.0,10.0,3.93,0.0,5.58,12.59
103,BCIL.K,Bancreek International Large Cap ETF,5,120,14,39,79,1.0,10.0,3.93,0.0,6.29,10.59
103,EVUS.K,iShares ESG Aware MSCI USA Value ETF,5,120,14,39,79,1.0,10.0,3.93,0.0,5.4,11.24
103,MAYZ.K,TrueShares Structured Outcome (May) ETF,5,120,14,39,79,1.0,10.0,3.93,0.0,5.86,11.75
103,CMCI.K,VanEck CMCI Commodity Strategy ETF,5,120,14,39,79,1.0,10.0,3.93,0.0,5.03,10.24
103,UPGD.K,Invesco Bloomberg Analyst Rating Improvers ETF,5,120,14,39,79,1.0,10.0,3.93,0.0,4.56,9.14
103,VEMY.K,Virtus Stone Harbor Emerging Markets HY Bd ETF,5,120,14,39,79,1.0,10.0,3.93,0.0,3.99,8.94
103,FYLG.K,Global X Financials Covered Call & Growth ETF,5,120,14,39,79,1.0,10.0,3.93,0.0,3.01,11.81
103,XCLR.K,Global X S&P 500 Collar 95-110 ETF,5,120,14,39,79,1.0,10.0,3.93,14.89,5.49,10.42
103,JUNZ.K,TrueShares Structured Outcome (June) ETF,5,120,14,39,79,1.0,10.0,3.93,0.0,6.19,11.69
103,JADE.K,JPMorgan Active Developing Markets Equity ETF,5,120,14,39,79,1.0,10.0,3.93,0.0,6.5,11.93
103,MPAY.K,Akros Monthly Payout ETF,5,120,14,39,79,1.0,10.0,3.93,0.0,3.43,10.56
103,TRND.K,Pacer Trendpilot Fund of Funds ETF,5,120,14,39,79,1.0,10.0,3.93,0.0,5.54,11.27
103,WBIL.K,WBI BullBear Quality 3000 ETF,5,120,14,39,79,1.0,10.0,3.93,17.63,3.63,11.32
103,MDST.K,Westwood Salient Enhanced Midstream Income ETF,5,120,14,39,79,1.0,10.0,3.93,0.0,4.07,12.53
103,USG,USCF Gold Strategy Plus Income Fund,5,120,14,39,79,1.0,10.0,3.93,0.0,5.33,12.05
103,EAOR.K,iShares ESG Aware Growth Allocation ETF,5,120,14,39,79,1.0,10.0,3.93,10.47,5.31,10.53
103,XBJA.K,Innovator US Eqty Accelerated 9 Buffer ETF - Jan,5,120,14,39,79,1.0,10.0,3.93,0.0,5.47,12.59
103,VEGA.K,AdvisorShares STAR Global Buy-Write ETF,5,120,14,39,79,1.0,10.0,3.93,0.0,5.39,11.93
103,JEPI.K,JPMorgan Equity Premium Income ETF,5,120,14,39,79,1.0,10.0,3.93,0.0,3.55,10.6
103,ACWV.K,iShares MSCI Global Min Vol Factor ETF,5,120,14,39,74,1.0,10.0,3.9,0.0,6.46,12.15
103,AOR,iShares Core Growth Allocation ETF,5,120,14,39,74,1.0,10.0,3.9,10.54,5.58,10.4
103,BCIL.K,Bancreek International Large Cap ETF,5,120,14,39,74,1.0,10.0,3.9,0.0,6.29,10.59
103,SELV.K,SEI Enhanced Low Volatility US Large Cap ETF,5,120,14,39,74,1.0,10.0,3.9,0.0,6.4,12.4
103,MSMR.K,McElhenny Sheffield Managed Risk ETF,5,120,14,39,74,1.0,10.0,3.9,22.17,5.62,9.28
103,PHDG.K,Invesco S&P 500 Downside Hedged ETF,5,120,14,39,74,1.0,10.0,3.9,7.53,4.29,11.27
103,TACK.K,Fairlead Tactical Sector ETF,5,120,14,39,74,1.0,10.0,3.9,17.41,2.65,10.21
103,YMAR.K,FT Vest International Equity Mod Buffer ETF - Mar,5,120,14,39,74,1.0,10.0,3.9,15.65,5.59,12.24
103,TOGA.K,Tremblant Global ETF,5,120,14,39,74,1.0,10.0,3.9,0.0,4.48,8.74
103,YJUN.K,FT Vest International Equity Moderate Buffer ETF,5,120,14,39,74,1.0,10.0,3.9,12.68,4.07,12.14
103,GAL,SPDR SSgA Global Allocation ETF,5,120,14,39,74,1.0,10.0,3.9,8.06,3.74,10.98
103,GDMA.K,Gadsden Dynamic Multi-Asset ETF,5,120,14,39,74,1.0,10.0,3.9,0.0,4.83,10.92
103,MPRO.K,Monarch ProCap Index ETF,5,120,14,39,74,1.0,10.0,3.9,0.0,4.32,9.75
103,HEQT.K,Simplify Hedged Equity ETF,5,120,14,39,74,1.0,10.0,3.9,0.0,4.5,8.77
103,DAUG.K,FT Vest US Equity Deep Buffer ETF - August,5,120,14,39,74,1.0,10.0,3.9,0.0,5.5,9.6
103,PTMC.K,Pacer Trendpilot US Mid Cap ETF,5,120,14,39,74,1.0,10.0,3.9,0.0,4.37,12.15
103,SIXJ.K,AllianzIM US LargeCap 6 Month Buffer10 Jan/Jul,5,120,14,39,74,1.0,10.0,3.9,0.0,5.93,10.74
103,COM,Direxion Auspice Broad Commodity Strategy ETF,5,120,14,39,74,1.0,10.0,3.9,13.26,2.8,10.59
103,KJUL.K,Innovator US Small Cap Power Buffer ETF - July,5,120,14,39,74,1.0,10.0,3.9,7.24,5.13,12.04
103,XDTE.K,Roundhill S&P 500 0DTE Covered Call Strategy ETF,5,120,14,39,74,1.0,10.0,3.9,0.0,2.98,9.79
103,UJUL.K,Innovator US Equity Ultra Buffer ETF - July,5,120,14,39,74,1.0,10.0,3.9,0.0,5.09,9.19
103,IJUL.K,Innovator Intl Developed Power Buffer ETF - July,5,120,14,39,74,1.0,10.0,3.9,0.0,4.88,11.65
103,EVUS.K,iShares ESG Aware MSCI USA Value ETF,5,120,14,39,74,1.0,10.0,3.9,0.0,5.4,11.24
103,YDEC.K,FT Vest International Eq Mod Buffer ETF - Dec,5,120,14,39,74,1.0,10.0,3.9,14.04,5.93,11.77
103,JEPI.K,JPMorgan Equity Premium Income ETF,5,120,14,39,74,1.0,10.0,3.9,0.0,3.55,10.6
103,PTIN.K,Pacer Trendpilot International ETF,5,120,14,39,74,1.0,10.0,3.9,6.1,3.9,12.73
103,MPAY.K,Akros Monthly Payout ETF,5,120,14,39,74,1.0,10.0,3.9,0.0,3.43,10.56
103,MAYZ.K,TrueShares Structured Outcome (May) ETF,5,120,14,39,74,1.0,10.0,3.9,0.0,5.86,11.75
103,PAPI.K,Parametric Equity Premium Income ETF,5,120,14,39,74,1.0,10.0,3.9,0.0,4.79,9.27
103,CMCI.K,VanEck CMCI Commodity Strategy ETF,5,120,14,39,74,1.0,10.0,3.9,0.0,5.03,10.24
103,UPGD.K,Invesco Bloomberg Analyst Rating Improvers ETF,5,120,14,39,74,1.0,10.0,3.9,0.0,4.56,9.14
103,VEMY.K,Virtus Stone Harbor Emerging Markets HY Bd ETF,5,120,14,39,74,1.0,10.0,3.9,0.0,3.99,8.94
103,FYLG.K,Global X Financials Covered Call & Growth ETF,5,120,14,39,74,1.0,10.0,3.9,0.0,3.01,11.81
103,JUNZ.K,TrueShares Structured Outcome (June) ETF,5,120,14,39,74,1.0,10.0,3.9,0.0,6.19,11.69
103,JADE.K,JPMorgan Active Developing Markets Equity ETF,5,120,14,39,74,1.0,10.0,3.9,0.0,6.5,11.93
103,OCIO.K,ClearShares OCIO ETF,5,120,14,39,74,1.0,10.0,3.9,0.0,4.89,11.29
103,XCLR.K,Global X S&P 500 Collar 95-110 ETF,5,120,14,39,74,1.0,10.0,3.9,14.89,5.49,10.42
103,TRND.K,Pacer Trendpilot Fund of Funds ETF,5,120,14,39,74,1.0,10.0,3.9,0.0,5.54,11.27
103,USG,USCF Gold Strategy Plus Income Fund,5,120,14,39,74,1.0,10.0,3.9,0.0,5.33,12.05
103,GHTA.K,Goose Hollow Tactical Allocation ETF,5,120,14,39,74,1.0,10.0,3.9,0.0,5.58,12.59
103,XBJA.K,Innovator US Eqty Accelerated 9 Buffer ETF - Jan,5,120,14,39,74,1.0,10.0,3.9,0.0,5.47,12.59
103,EAOR.K,iShares ESG Aware Growth Allocation ETF,5,120,14,39,74,1.0,10.0,3.9,10.47,5.31,10.53
103,VEGA.K,AdvisorShares STAR Global Buy-Write ETF,5,120,14,39,74,1.0,10.0,3.9,0.0,5.39,11.93
103,MDST.K,Westwood Salient Enhanced Midstream Income ETF,5,120,14,39,74,1.0,10.0,3.9,0.0,4.07,12.53
103,WBIL.K,WBI BullBear Quality 3000 ETF,5,120,14,39,74,1.0,10.0,3.9,15.54,3.63,11.32
103,DAUG.K,FT Vest US Equity Deep Buffer ETF - August,5,60,14,34,79,1.0,10.0,3.44,0.0,5.5,9.6
103,TACK.K,Fairlead Tactical Sector ETF,5,60,14,34,79,1.0,10.0,3.44,0.0,2.65,10.21
103,PHDG.K,Invesco S&P 500 Downside Hedged ETF,5,60,14,34,79,1.0,10.0,3.44,5.09,4.29,11.27
103,YMAR.K,FT Vest International Equity Mod Buffer ETF - Mar,5,60,14,34,79,1.0,10.0,3.44,12.78,5.59,12.24
103,TOGA.K,Tremblant Global ETF,5,60,14,34,79,1.0,10.0,3.44,0.0,4.48,8.74
103,YJUN.K,FT Vest International Equity Moderate Buffer ETF,5,60,14,34,79,1.0,10.0,3.44,15.79,4.07,12.14
103,GAL,SPDR SSgA Global Allocation ETF,5,60,14,34,79,1.0,10.0,3.44,0.0,3.74,10.98
103,GDMA.K,Gadsden Dynamic Multi-Asset ETF,5,60,14,34,79,1.0,10.0,3.44,5.81,4.83,10.92
103,MPRO.K,Monarch ProCap Index ETF,5,60,14,34,79,1.0,10.0,3.44,0.0,4.32,9.75
103,HEQT.K,Simplify Hedged Equity ETF,5,60,14,34,79,1.0,10.0,3.44,0.0,4.5,8.77
103,ACWV.K,iShares MSCI Global Min Vol Factor ETF,5,60,14,34,79,1.0,10.0,3.44,0.0,6.46,12.15
103,PTMC.K,Pacer Trendpilot US Mid Cap ETF,5,60,14,34,79,1.0,10.0,3.44,0.0,4.37,12.15
103,SIXJ.K,AllianzIM US LargeCap 6 Month Buffer10 Jan/Jul,5,60,14,34,79,1.0,10.0,3.44,0.0,5.93,10.74
103,COM,Direxion Auspice Broad Commodity Strategy ETF,5,60,14,34,79,1.0,10.0,3.44,40.95,2.8,10.59
103,KJUL.K,Innovator US Small Cap Power Buffer ETF - July,5,60,14,34,79,1.0,10.0,3.44,0.0,5.13,12.04
103,XDTE.K,Roundhill S&P 500 0DTE Covered Call Strategy ETF,5,60,14,34,79,1.0,10.0,3.44,0.0,2.98,9.79
103,UJUL.K,Innovator US Equity Ultra Buffer ETF - July,5,60,14,34,79,1.0,10.0,3.44,7.32,5.09,9.19
103,IJUL.K,Innovator Intl Developed Power Buffer ETF - July,5,60,14,34,79,1.0,10.0,3.44,0.0,4.88,11.65
103,AOR,iShares Core Growth Allocation ETF,5,60,14,34,79,1.0,10.0,3.44,0.0,5.58,10.4
103,JEPI.K,JPMorgan Equity Premium Income ETF,5,60,14,34,79,1.0,10.0,3.44,0.0,3.55,10.6
103,YDEC.K,FT Vest International Eq Mod Buffer ETF - Dec,5,60,14,34,79,1.0,10.0,3.44,11.96,5.93,11.77
103,MSMR.K,McElhenny Sheffield Managed Risk ETF,5,60,14,34,79,1.0,10.0,3.44,25.43,5.62,9.28
103,TRND.K,Pacer Trendpilot Fund of Funds ETF,5,60,14,34,79,1.0,10.0,3.44,0.0,5.54,11.27
103,SELV.K,SEI Enhanced Low Volatility US Large Cap ETF,5,60,14,34,79,1.0,10.0,3.44,0.0,6.4,12.4
103,JADE.K,JPMorgan Active Developing Markets Equity ETF,5,60,14,34,79,1.0,10.0,3.44,0.0,6.5,11.93
103,PTIN.K,Pacer Trendpilot International ETF,5,60,14,34,79,1.0,10.0,3.44,6.36,3.9,12.73
103,BCIL.K,Bancreek International Large Cap ETF,5,60,14,34,79,1.0,10.0,3.44,0.0,6.29,10.59
103,EVUS.K,iShares ESG Aware MSCI USA Value ETF,5,60,14,34,79,1.0,10.0,3.44,0.0,5.4,11.24
103,MAYZ.K,TrueShares Structured Outcome (May) ETF,5,60,14,34,79,1.0,10.0,3.44,12.32,5.86,11.75
103,CMCI.K,VanEck CMCI Commodity Strategy ETF,5,60,14,34,79,1.0,10.0,3.44,0.0,5.03,10.24
103,UPGD.K,Invesco Bloomberg Analyst Rating Improvers ETF,5,60,14,34,79,1.0,10.0,3.44,0.0,4.56,9.14
103,FYLG.K,Global X Financials Covered Call & Growth ETF,5,60,14,34,79,1.0,10.0,3.44,0.0,3.01,11.81
103,XCLR.K,Global X S&P 500 Collar 95-110 ETF,5,60,14,34,79,1.0,10.0,3.44,0.0,5.49,10.42
103,JUNZ.K,TrueShares Structured Outcome (June) ETF,5,60,14,34,79,1.0,10.0,3.44,0.0,6.19,11.69
103,VEMY.K,Virtus Stone Harbor Emerging Markets HY Bd ETF,5,60,14,34,79,1.0,10.0,3.44,0.0,3.99,8.94
103,OCIO.K,ClearShares OCIO ETF,5,60,14,34,79,1.0,10.0,3.44,0.0,4.89,11.29
103,EAOR.K,iShares ESG Aware Growth Allocation ETF,5,60,14,34,79,1.0,10.0,3.44,0.0,5.31,10.53
103,MPAY.K,Akros Monthly Payout ETF,5,60,14,34,79,1.0,10.0,3.44,0.0,3.43,10.56
103,GHTA.K,Goose Hollow Tactical Allocation ETF,5,60,14,34,79,1.0,10.0,3.44,0.0,5.58,12.59
103,VEGA.K,AdvisorShares STAR Global Buy-Write ETF,5,60,14,34,79,1.0,10.0,3.44,0.0,5.39,11.93
103,XBJA.K,Innovator US Eqty Accelerated 9 Buffer ETF - Jan,5,60,14,34,79,1.0,10.0,3.44,0.0,5.47,12.59
103,PAPI.K,Parametric Equity Premium Income ETF,5,60,14,34,79,1.0,10.0,3.44,0.0,4.79,9.27
103,USG,USCF Gold Strategy Plus Income Fund,5,60,14,34,79,1.0,10.0,3.44,0.0,5.33,12.05
103,MDST.K,Westwood Salient Enhanced Midstream Income ETF,5,60,14,34,79,1.0,10.0,3.44,0.0,4.07,12.53
103,WBIL.K,WBI BullBear Quality 3000 ETF,5,60,14,34,79,1.0,10.0,3.44,11.06,3.63,11.32
103,DAUG.K,FT Vest US Equity Deep Buffer ETF - August,5,120,14,34,64,1.0,10.0,3.24,0.0,5.5,9.6
103,MSMR.K,McElhenny Sheffield Managed Risk ETF,5,120,14,34,64,1.0,10.0,3.24,31.87,5.62,9.28
103,PHDG.K,Invesco S&P 500 Downside Hedged ETF,5,120,14,34,64,1.0,10.0,3.24,0.0,4.29,11.27
103,TACK.K,Fairlead Tactical Sector ETF,5,120,14,34,64,1.0,10.0,3.24,0.0,2.65,10.21
103,YMAR.K,FT Vest International Equity Mod Buffer ETF - Mar,5,120,14,34,64,1.0,10.0,3.24,0.0,5.59,12.24
103,TOGA.K,Tremblant Global ETF,5,120,14,34,64,1.0,10.0,3.24,0.0,4.48,8.74
103,YJUN.K,FT Vest International Equity Moderate Buffer ETF,5,120,14,34,64,1.0,10.0,3.24,14.44,4.07,12.14
103,GAL,SPDR SSgA Global Allocation ETF,5,120,14,34,64,1.0,10.0,3.24,0.0,3.74,10.98
103,GDMA.K,Gadsden Dynamic Multi-Asset ETF,5,120,14,34,64,1.0,10.0,3.24,0.0,4.83,10.92
103,MPRO.K,Monarch ProCap Index ETF,5,120,14,34,64,1.0,10.0,3.24,0.0,4.32,9.75
103,HEQT.K,Simplify Hedged Equity ETF,5,120,14,34,64,1.0,10.0,3.24,0.0,4.5,8.77
103,JEPI.K,JPMorgan Equity Premium Income ETF,5,120,14,34,64,1.0,10.0,3.24,0.0,3.55,10.6
103,PTMC.K,Pacer Trendpilot US Mid Cap ETF,5,120,14,34,64,1.0,10.0,3.24,0.0,4.37,12.15
103,SIXJ.K,AllianzIM US LargeCap 6 Month Buffer10 Jan/Jul,5,120,14,34,64,1.0,10.0,3.24,0.0,5.93,10.74
103,COM,Direxion Auspice Broad Commodity Strategy ETF,5,120,14,34,64,1.0,10.0,3.24,36.56,2.8,10.59
103,KJUL.K,Innovator US Small Cap Power Buffer ETF - July,5,120,14,34,64,1.0,10.0,3.24,0.0,5.13,12.04
103,XDTE.K,Roundhill S&P 500 0DTE Covered Call Strategy ETF,5,120,14,34,64,1.0,10.0,3.24,0.0,2.98,9.79
103,UJUL.K,Innovator US Equity Ultra Buffer ETF - July,5,120,14,34,64,1.0,10.0,3.24,0.0,5.09,9.19
103,IJUL.K,Innovator Intl Developed Power Buffer ETF - July,5,120,14,34,64,1.0,10.0,3.24,0.0,4.88,11.65
103,AOR,iShares Core Growth Allocation ETF,5,120,14,34,64,1.0,10.0,3.24,0.0,5.58,10.4
103,ACWV.K,iShares MSCI Global Min Vol Factor ETF,5,120,14,34,64,1.0,10.0,3.24,0.0,6.46,12.15
103,SELV.K,SEI Enhanced Low Volatility US Large Cap ETF,5,120,14,34,64,1.0,10.0,3.24,0.0,6.4,12.4
103,YDEC.K,FT Vest International Eq Mod Buffer ETF - Dec,5,120,14,34,64,1.0,10.0,3.24,0.0,5.93,11.77
103,PTIN.K,Pacer Trendpilot International ETF,5,120,14,34,64,1.0,10.0,3.24,47.98,3.9,12.73
103,VEMY.K,Virtus Stone Harbor Emerging Markets HY Bd ETF,5,120,14,34,64,1.0,10.0,3.24,0.0,3.99,8.94
103,OCIO.K,ClearShares OCIO ETF,5,120,14,34,64,1.0,10.0,3.24,0.0,4.89,11.29
103,BCIL.K,Bancreek International Large Cap ETF,5,120,14,34,64,1.0,10.0,3.24,0.0,6.29,10.59
103,EVUS.K,iShares ESG Aware MSCI USA Value ETF,5,120,14,34,64,1.0,10.0,3.24,0.0,5.4,11.24
103,MAYZ.K,TrueShares Structured Outcome (May) ETF,5,120,14,34,64,1.0,10.0,3.24,0.0,5.86,11.75
103,CMCI.K,VanEck CMCI Commodity Strategy ETF,5,120,14,34,64,1.0,10.0,3.24,0.0,5.03,10.24
103,UPGD.K,Invesco Bloomberg Analyst Rating Improvers ETF,5,120,14,34,64,1.0,10.0,3.24,0.0,4.56,9.14
103,PAPI.K,Parametric Equity Premium Income ETF,5,120,14,34,64,1.0,10.0,3.24,0.0,4.79,9.27
103,FYLG.K,Global X Financials Covered Call & Growth ETF,5,120,14,34,64,1.0,10.0,3.24,0.0,3.01,11.81
103,XCLR.K,Global X S&P 500 Collar 95-110 ETF,5,120,14,34,64,1.0,10.0,3.24,0.0,5.49,10.42
103,JADE.K,JPMorgan Active Developing Markets Equity ETF,5,120,14,34,64,1.0,10.0,3.24,0.0,6.5,11.93
103,JUNZ.K,TrueShares Structured Outcome (June) ETF,5,120,14,34,64,1.0,10.0,3.24,0.0,6.19,11.69
103,MPAY.K,Akros Monthly Payout ETF,5,120,14,34,64,1.0,10.0,3.24,0.0,3.43,10.56
103,TRND.K,Pacer Trendpilot Fund of Funds ETF,5,120,14,34,64,1.0,10.0,3.24,0.0,5.54,11.27
103,WBIL.K,WBI BullBear Quality 3000 ETF,5,120,14,34,64,1.0,10.0,3.24,14.93,3.63,11.32
103,MDST.K,Westwood Salient Enhanced Midstream Income ETF,5,120,14,34,64,1.0,10.0,3.24,0.0,4.07,12.53
103,USG,USCF Gold Strategy Plus Income Fund,5,120,14,34,64,1.0,10.0,3.24,0.0,5.33,12.05
103,EAOR.K,iShares ESG Aware Growth Allocation ETF,5,120,14,34,64,1.0,10.0,3.24,0.0,5.31,10.53
103,XBJA.K,Innovator US Eqty Accelerated 9 Buffer ETF - Jan,5,120,14,34,64,1.0,10.0,3.24,0.0,5.47,12.59
103,VEGA.K,AdvisorShares STAR Global Buy-Write ETF,5,120,14,34,64,1.0,10.0,3.24,0.0,5.39,11.93
103,GHTA.K,Goose Hollow Tactical Allocation ETF,5,120,14,34,64,1.0,10.0,3.24,0.0,5.58,12.59
103,MSMR.K,McElhenny Sheffield Managed Risk ETF,5,120,14,34,69,1.0,10.0,3.02,31.87,5.62,9.28
103,TOGA.K,Tremblant Global ETF,5,120,14,34,69,1.0,10.0,3.02,0.0,4.48,8.74
103,YMAR.K,FT Vest International Equity Mod Buffer ETF - Mar,5,120,14,34,69,1.0,10.0,3.02,0.0,5.59,12.24
103,TACK.K,Fairlead Tactical Sector ETF,5,120,14,34,69,1.0,10.0,3.02,0.0,2.65,10.21
103,PHDG.K,Invesco S&P 500 Downside Hedged ETF,5,120,14,34,69,1.0,10.0,3.02,0.0,4.29,11.27
103,ACWV.K,iShares MSCI Global Min Vol Factor ETF,5,120,14,34,69,1.0,10.0,3.02,0.0,6.46,12.15
103,YDEC.K,FT Vest International Eq Mod Buffer ETF - Dec,5,120,14,34,69,1.0,10.0,3.02,0.0,5.93,11.77
103,SELV.K,SEI Enhanced Low Volatility US Large Cap ETF,5,120,14,34,69,1.0,10.0,3.02,0.0,6.4,12.4
103,PTIN.K,Pacer Trendpilot International ETF,5,120,14,34,69,1.0,10.0,3.02,37.06,3.9,12.73
103,PAPI.K,Parametric Equity Premium Income ETF,5,120,14,34,69,1.0,10.0,3.02,0.0,4.79,9.27
103,YJUN.K,FT Vest International Equity Moderate Buffer ETF,5,120,14,34,69,1.0,10.0,3.02,12.68,4.07,12.14
103,XDTE.K,Roundhill S&P 500 0DTE Covered Call Strategy ETF,5,120,14,34,69,1.0,10.0,3.02,0.0,2.98,9.79
103,GAL,SPDR SSgA Global Allocation ETF,5,120,14,34,69,1.0,10.0,3.02,0.0,3.74,10.98
103,GDMA.K,Gadsden Dynamic Multi-Asset ETF,5,120,14,34,69,1.0,10.0,3.02,0.0,4.83,10.92
103,MPRO.K,Monarch ProCap Index ETF,5,120,14,34,69,1.0,10.0,3.02,0.0,4.32,9.75
103,HEQT.K,Simplify Hedged Equity ETF,5,120,14,34,69,1.0,10.0,3.02,0.0,4.5,8.77
103,DAUG.K,FT Vest US Equity Deep Buffer ETF - August,5,120,14,34,69,1.0,10.0,3.02,0.0,5.5,9.6
103,PTMC.K,Pacer Trendpilot US Mid Cap ETF,5,120,14,34,69,1.0,10.0,3.02,0.0,4.37,12.15
103,SIXJ.K,AllianzIM US LargeCap 6 Month Buffer10 Jan/Jul,5,120,14,34,69,1.0,10.0,3.02,0.0,5.93,10.74
103,COM,Direxion Auspice Broad Commodity Strategy ETF,5,120,14,34,69,1.0,10.0,3.02,38.96,2.8,10.59
103,KJUL.K,Innovator US Small Cap Power Buffer ETF - July,5,120,14,34,69,1.0,10.0,3.02,0.0,5.13,12.04
103,VEGA.K,AdvisorShares STAR Global Buy-Write ETF,5,120,14,34,69,1.0,10.0,3.02,0.0,5.39,11.93
103,GHTA.K,Goose Hollow Tactical Allocation ETF,5,120,14,34,69,1.0,10.0,3.02,0.0,5.58,12.59
103,JUNZ.K,TrueShares Structured Outcome (June) ETF,5,120,14,34,69,1.0,10.0,3.02,0.0,6.19,11.69
103,XBJA.K,Innovator US Eqty Accelerated 9 Buffer ETF - Jan,5,120,14,34,69,1.0,10.0,3.02,0.0,5.47,12.59
103,EAOR.K,iShares ESG Aware Growth Allocation ETF,5,120,14,34,69,1.0,10.0,3.02,0.0,5.31,10.53
103,JEPI.K,JPMorgan Equity Premium Income ETF,5,120,14,34,69,1.0,10.0,3.02,0.0,3.55,10.6
103,AOR,iShares Core Growth Allocation ETF,5,120,14,34,69,1.0,10.0,3.02,0.0,5.58,10.4
103,BCIL.K,Bancreek International Large Cap ETF,5,120,14,34,69,1.0,10.0,3.02,0.0,6.29,10.59
103,EVUS.K,iShares ESG Aware MSCI USA Value ETF,5,120,14,34,69,1.0,10.0,3.02,0.0,5.4,11.24
103,MAYZ.K,TrueShares Structured Outcome (May) ETF,5,120,14,34,69,1.0,10.0,3.02,0.0,5.86,11.75
103,CMCI.K,VanEck CMCI Commodity Strategy ETF,5,120,14,34,69,1.0,10.0,3.02,0.0,5.03,10.24
103,UPGD.K,Invesco Bloomberg Analyst Rating Improvers ETF,5,120,14,34,69,1.0,10.0,3.02,0.0,4.56,9.14
103,VEMY.K,Virtus Stone Harbor Emerging Markets HY Bd ETF,5,120,14,34,69,1.0,10.0,3.02,0.0,3.99,8.94
103,FYLG.K,Global X Financials Covered Call & Growth ETF,5,120,14,34,69,1.0,10.0,3.02,0.0,3.01,11.81
103,XCLR.K,Global X S&P 500 Collar 95-110 ETF,5,120,14,34,69,1.0,10.0,3.02,0.0,5.49,10.42
103,UJUL.K,Innovator US Equity Ultra Buffer ETF - July,5,120,14,34,69,1.0,10.0,3.02,0.0,5.09,9.19
103,JADE.K,JPMorgan Active Developing Markets Equity ETF,5,120,14,34,69,1.0,10.0,3.02,0.0,6.5,11.93
103,OCIO.K,ClearShares OCIO ETF,5,120,14,34,69,1.0,10.0,3.02,0.0,4.89,11.29
103,MPAY.K,Akros Monthly Payout ETF,5,120,14,34,69,1.0,10.0,3.02,0.0,3.43,10.56
103,TRND.K,Pacer Trendpilot Fund of Funds ETF,5,120,14,34,69,1.0,10.0,3.02,0.0,5.54,11.27
103,WBIL.K,WBI BullBear Quality 3000 ETF,5,120,14,34,69,1.0,10.0,3.02,15.28,3.63,11.32
103,MDST.K,Westwood Salient Enhanced Midstream Income ETF,5,120,14,34,69,1.0,10.0,3.02,0.0,4.07,12.53
103,USG,USCF Gold Strategy Plus Income Fund,5,120,14,34,69,1.0,10.0,3.02,0.0,5.33,12.05
103,IJUL.K,Innovator Intl Developed Power Buffer ETF - July,5,120,14,34,69,1.0,10.0,3.02,0.0,4.88,11.65
103,EVUS.K,iShares ESG Aware MSCI USA Value ETF,5,60,14,29,59,1.0,10.0,2.89,0.0,5.4,11.24
103,BCIL.K,Bancreek International Large Cap ETF,5,60,14,29,59,1.0,10.0,2.89,0.0,6.29,10.59
103,DAUG.K,FT Vest US Equity Deep Buffer ETF - August,5,60,14,29,59,1.0,10.0,2.89,0.0,5.5,9.6
103,JEPI.K,JPMorgan Equity Premium Income ETF,5,60,14,29,59,1.0,10.0,2.89,0.0,3.55,10.6
103,MPAY.K,Akros Monthly Payout ETF,5,60,14,29,59,1.0,10.0,2.89,0.0,3.43,10.56
103,GHTA.K,Goose Hollow Tactical Allocation ETF,5,60,14,29,59,1.0,10.0,2.89,0.0,5.58,12.59
103,VEGA.K,AdvisorShares STAR Global Buy-Write ETF,5,60,14,29,59,1.0,10.0,2.89,0.0,5.39,11.93
103,XBJA.K,Innovator US Eqty Accelerated 9 Buffer ETF - Jan,5,60,14,29,59,1.0,10.0,2.89,0.0,5.47,12.59
103,EAOR.K,iShares ESG Aware Growth Allocation ETF,5,60,14,29,59,1.0,10.0,2.89,0.0,5.31,10.53
103,USG,USCF Gold Strategy Plus Income Fund,5,60,14,29,59,1.0,10.0,2.89,0.0,5.33,12.05
103,MDST.K,Westwood Salient Enhanced Midstream Income ETF,5,60,14,29,59,1.0,10.0,2.89,0.0,4.07,12.53
103,WBIL.K,WBI BullBear Quality 3000 ETF,5,60,14,29,59,1.0,10.0,2.89,6.32,3.63,11.32
103,TRND.K,Pacer Trendpilot Fund of Funds ETF,5,60,14,29,59,1.0,10.0,2.89,0.0,5.54,11.27
103,OCIO.K,ClearShares OCIO ETF,5,60,14,29,59,1.0,10.0,2.89,0.0,4.89,11.29
103,ACWV.K,iShares MSCI Global Min Vol Factor ETF,5,60,14,29,59,1.0,10.0,2.89,0.0,6.46,12.15
103,JADE.K,JPMorgan Active Developing Markets Equity ETF,5,60,14,29,59,1.0,10.0,2.89,0.0,6.5,11.93
103,JUNZ.K,TrueShares Structured Outcome (June) ETF,5,60,14,29,59,1.0,10.0,2.89,0.0,6.19,11.69
103,XCLR.K,Global X S&P 500 Collar 95-110 ETF,5,60,14,29,59,1.0,10.0,2.89,0.0,5.49,10.42
103,FYLG.K,Global X Financials Covered Call & Growth ETF,5,60,14,29,59,1.0,10.0,2.89,0.0,3.01,11.81
103,VEMY.K,Virtus Stone Harbor Emerging Markets HY Bd ETF,5,60,14,29,59,1.0,10.0,2.89,0.0,3.99,8.94
103,UPGD.K,Invesco Bloomberg Analyst Rating Improvers ETF,5,60,14,29,59,1.0,10.0,2.89,0.0,4.56,9.14
103,CMCI.K,VanEck CMCI Commodity Strategy ETF,5,60,14,29,59,1.0,10.0,2.89,0.0,5.03,10.24
103,MAYZ.K,TrueShares Structured Outcome (May) ETF,5,60,14,29,59,1.0,10.0,2.89,0.0,5.86,11.75
103,PAPI.K,Parametric Equity Premium Income ETF,5,60,14,29,59,1.0,10.0,2.89,0.0,4.79,9.27
103,PTIN.K,Pacer Trendpilot International ETF,5,60,14,29,59,1.0,10.0,2.89,0.0,3.9,12.73
103,SELV.K,SEI Enhanced Low Volatility US Large Cap ETF,5,60,14,29,59,1.0,10.0,2.89,0.0,6.4,12.4
103,YDEC.K,FT Vest International Eq Mod Buffer ETF - Dec,5,60,14,29,59,1.0,10.0,2.89,0.0,5.93,11.77
103,AOR,iShares Core Growth Allocation ETF,5,60,14,29,59,1.0,10.0,2.89,0.0,5.58,10.4
103,IJUL.K,Innovator Intl Developed Power Buffer ETF - July,5,60,14,29,59,1.0,10.0,2.89,0.0,4.88,11.65
103,UJUL.K,Innovator US Equity Ultra Buffer ETF - July,5,60,14,29,59,1.0,10.0,2.89,0.0,5.09,9.19
103,XDTE.K,Roundhill S&P 500 0DTE Covered Call Strategy ETF,5,60,14,29,59,1.0,10.0,2.89,0.0,2.98,9.79
103,KJUL.K,Innovator US Small Cap Power Buffer ETF - July,5,60,14,29,59,1.0,10.0,2.89,0.0,5.13,12.04
103,COM,Direxion Auspice Broad Commodity Strategy ETF,5,60,14,29,59,1.0,10.0,2.89,30.82,2.8,10.59
103,SIXJ.K,AllianzIM US LargeCap 6 Month Buffer10 Jan/Jul,5,60,14,29,59,1.0,10.0,2.89,0.0,5.93,10.74
103,PTMC.K,Pacer Trendpilot US Mid Cap ETF,5,60,14,29,59,1.0,10.0,2.89,0.0,4.37,12.15
103,HEQT.K,Simplify Hedged Equity ETF,5,60,14,29,59,1.0,10.0,2.89,0.0,4.5,8.77
103,MPRO.K,Monarch ProCap Index ETF,5,60,14,29,59,1.0,10.0,2.89,0.0,4.32,9.75
103,GDMA.K,Gadsden Dynamic Multi-Asset ETF,5,60,14,29,59,1.0,10.0,2.89,74.52,4.83,10.92
103,GAL,SPDR SSgA Global Allocation ETF,5,60,14,29,59,1.0,10.0,2.89,0.0,3.74,10.98
103,YJUN.K,FT Vest International Equity Moderate Buffer ETF,5,60,14,29,59,1.0,10.0,2.89,0.0,4.07,12.14
103,TOGA.K,Tremblant Global ETF,5,60,14,29,59,1.0,10.0,2.89,0.0,4.48,8.74
103,YMAR.K,FT Vest International Equity Mod Buffer ETF - Mar,5,60,14,29,59,1.0,10.0,2.89,18.26,5.59,12.24
103,TACK.K,Fairlead Tactical Sector ETF,5,60,14,29,59,1.0,10.0,2.89,0.0,2.65,10.21
103,PHDG.K,Invesco S&P 500 Downside Hedged ETF,5,60,14,29,59,1.0,10.0,2.89,0.0,4.29,11.27
103,MSMR.K,McElhenny Sheffield Managed Risk ETF,5,60,14,29,59,1.0,10.0,2.89,0.0,5.62,9.28
103,BCIL.K,Bancreek International Large Cap ETF,5,60,14,29,69,1.0,10.0,2.85,0.0,6.29,10.59
103,ACWV.K,iShares MSCI Global Min Vol Factor ETF,5,60,14,29,69,1.0,10.0,2.85,0.0,6.46,12.15
103,JEPI.K,JPMorgan Equity Premium Income ETF,5,60,14,29,69,1.0,10.0,2.85,0.0,3.55,10.6
103,TRND.K,Pacer Trendpilot Fund of Funds ETF,5,60,14,29,69,1.0,10.0,2.85,0.0,5.54,11.27
103,MPAY.K,Akros Monthly Payout ETF,5,60,14,29,69,1.0,10.0,2.85,0.0,3.43,10.56
103,PAPI.K,Parametric Equity Premium Income ETF,5,60,14,29,69,1.0,10.0,2.85,0.0,4.79,9.27
103,GHTA.K,Goose Hollow Tactical Allocation ETF,5,60,14,29,69,1.0,10.0,2.85,0.0,5.58,12.59
103,XBJA.K,Innovator US Eqty Accelerated 9 Buffer ETF - Jan,5,60,14,29,69,1.0,10.0,2.85,0.0,5.47,12.59
103,EAOR.K,iShares ESG Aware Growth Allocation ETF,5,60,14,29,69,1.0,10.0,2.85,0.0,5.31,10.53
103,USG,USCF Gold Strategy Plus Income Fund,5,60,14,29,69,1.0,10.0,2.85,0.0,5.33,12.05
103,MDST.K,Westwood Salient Enhanced Midstream Income ETF,5,60,14,29,69,1.0,10.0,2.85,0.0,4.07,12.53
103,WBIL.K,WBI BullBear Quality 3000 ETF,5,60,14,29,69,1.0,10.0,2.85,7.66,3.63,11.32
103,EVUS.K,iShares ESG Aware MSCI USA Value ETF,5,60,14,29,69,1.0,10.0,2.85,0.0,5.4,11.24
103,OCIO.K,ClearShares OCIO ETF,5,60,14,29,69,1.0,10.0,2.85,0.0,4.89,11.29
103,SELV.K,SEI Enhanced Low Volatility US Large Cap ETF,5,60,14,29,69,1.0,10.0,2.85,0.0,6.4,12.4
103,JADE.K,JPMorgan Active Developing Markets Equity ETF,5,60,14,29,69,1.0,10.0,2.85,0.0,6.5,11.93
103,JUNZ.K,TrueShares Structured Outcome (June) ETF,5,60,14,29,69,1.0,10.0,2.85,0.0,6.19,11.69
103,XCLR.K,Global X S&P 500 Collar 95-110 ETF,5,60,14,29,69,1.0,10.0,2.85,0.0,5.49,10.42
103,FYLG.K,Global X Financials Covered Call & Growth ETF,5,60,14,29,69,1.0,10.0,2.85,0.0,3.01,11.81
103,VEMY.K,Virtus Stone Harbor Emerging Markets HY Bd ETF,5,60,14,29,69,1.0,10.0,2.85,0.0,3.99,8.94
103,UPGD.K,Invesco Bloomberg Analyst Rating Improvers ETF,5,60,14,29,69,1.0,10.0,2.85,0.0,4.56,9.14
103,CMCI.K,VanEck CMCI Commodity Strategy ETF,5,60,14,29,69,1.0,10.0,2.85,0.0,5.03,10.24
103,MAYZ.K,TrueShares Structured Outcome (May) ETF,5,60,14,29,69,1.0,10.0,2.85,0.0,5.86,11.75
103,PTIN.K,Pacer Trendpilot International ETF,5,60,14,29,69,1.0,10.0,2.85,0.0,3.9,12.73
103,VEGA.K,AdvisorShares STAR Global Buy-Write ETF,5,60,14,29,69,1.0,10.0,2.85,0.0,5.39,11.93
103,YDEC.K,FT Vest International Eq Mod Buffer ETF - Dec,5,60,14,29,69,1.0,10.0,2.85,0.0,5.93,11.77
103,HEQT.K,Simplify Hedged Equity ETF,5,60,14,29,69,1.0,10.0,2.85,0.0,4.5,8.77
103,AOR,iShares Core Growth Allocation ETF,5,60,14,29,69,1.0,10.0,2.85,0.0,5.58,10.4
103,IJUL.K,Innovator Intl Developed Power Buffer ETF - July,5,60,14,29,69,1.0,10.0,2.85,0.0,4.88,11.65
103,UJUL.K,Innovator US Equity Ultra Buffer ETF - July,5,60,14,29,69,1.0,10.0,2.85,0.0,5.09,9.19
103,XDTE.K,Roundhill S&P 500 0DTE Covered Call Strategy ETF,5,60,14,29,69,1.0,10.0,2.85,0.0,2.98,9.79
103,KJUL.K,Innovator US Small Cap Power Buffer ETF - July,5,60,14,29,69,1.0,10.0,2.85,0.0,5.13,12.04
103,MSMR.K,McElhenny Sheffield Managed Risk ETF,5,60,14,29,69,1.0,10.0,2.85,0.0,5.62,9.28
103,SIXJ.K,AllianzIM US LargeCap 6 Month Buffer10 Jan/Jul,5,60,14,29,69,1.0,10.0,2.85,0.0,5.93,10.74
103,PTMC.K,Pacer Trendpilot US Mid Cap ETF,5,60,14,29,69,1.0,10.0,2.85,0.0,4.37,12.15
103,DAUG.K,FT Vest US Equity Deep Buffer ETF - August,5,60,14,29,69,1.0,10.0,2.85,0.0,5.5,9.6
103,COM,Direxion Auspice Broad Commodity Strategy ETF,5,60,14,29,69,1.0,10.0,2.85,33.42,2.8,10.59
103,MPRO.K,Monarch ProCap Index ETF,5,60,14,29,69,1.0,10.0,2.85,0.0,4.32,9.75
103,GAL,SPDR SSgA Global Allocation ETF,5,60,14,29,69,1.0,10.0,2.85,0.0,3.74,10.98
103,YJUN.K,FT Vest International Equity Moderate Buffer ETF,5,60,14,29,69,1.0,10.0,2.85,0.0,4.07,12.14
103,TOGA.K,Tremblant Global ETF,5,60,14,29,69,1.0,10.0,2.85,0.0,4.48,8.74
103,YMAR.K,FT Vest International Equity Mod Buffer ETF - Mar,5,60,14,29,69,1.0,10.0,2.85,12.78,5.59,12.24
103,TACK.K,Fairlead Tactical Sector ETF,5,60,14,29,69,1.0,10.0,2.85,0.0,2.65,10.21
103,PHDG.K,Invesco S&P 500 Downside Hedged ETF,5,60,14,29,69,1.0,10.0,2.85,0.0,4.29,11.27
103,GDMA.K,Gadsden Dynamic Multi-Asset ETF,5,60,14,29,69,1.0,10.0,2.85,74.52,4.83,10.92
103,GAL,SPDR SSgA Global Allocation ETF,5,60,14,29,64,1.0,10.0,2.79,0.0,3.74,10.98
103,HEQT.K,Simplify Hedged Equity ETF,5,60,14,29,64,1.0,10.0,2.79,0.0,4.5,8.77
103,MPRO.K,Monarch ProCap Index ETF,5,60,14,29,64,1.0,10.0,2.79,0.0,4.32,9.75
103,GDMA.K,Gadsden Dynamic Multi-Asset ETF,5,60,14,29,64,1.0,10.0,2.79,74.52,4.83,10.92
103,TACK.K,Fairlead Tactical Sector ETF,5,60,14,29,64,1.0,10.0,2.79,0.0,2.65,10.21
103,YJUN.K,FT Vest International Equity Moderate Buffer ETF,5,60,14,29,64,1.0,10.0,2.79,0.0,4.07,12.14
103,TOGA.K,Tremblant Global ETF,5,60,14,29,64,1.0,10.0,2.79,0.0,4.48,8.74
103,YMAR.K,FT Vest International Equity Mod Buffer ETF - Mar,5,60,14,29,64,1.0,10.0,2.79,13.85,5.59,12.24
103,PTMC.K,Pacer Trendpilot US Mid Cap ETF,5,60,14,29,64,1.0,10.0,2.79,0.0,4.37,12.15
103,DAUG.K,FT Vest US Equity Deep Buffer ETF - August,5,60,14,29,64,1.0,10.0,2.79,0.0,5.5,9.6
103,EVUS.K,iShares ESG Aware MSCI USA Value ETF,5,60,14,29,64,1.0,10.0,2.79,0.0,5.4,11.24
103,SIXJ.K,AllianzIM US LargeCap 6 Month Buffer10 Jan/Jul,5,60,14,29,64,1.0,10.0,2.79,0.0,5.93,10.74
103,COM,Direxion Auspice Broad Commodity Strategy ETF,5,60,14,29,64,1.0,10.0,2.79,30.82,2.8,10.59
103,KJUL.K,Innovator US Small Cap Power Buffer ETF - July,5,60,14,29,64,1.0,10.0,2.79,0.0,5.13,12.04
103,XDTE.K,Roundhill S&P 500 0DTE Covered Call Strategy ETF,5,60,14,29,64,1.0,10.0,2.79,0.0,2.98,9.79
103,UJUL.K,Innovator US Equity Ultra Buffer ETF - July,5,60,14,29,64,1.0,10.0,2.79,0.0,5.09,9.19
103,IJUL.K,Innovator Intl Developed Power Buffer ETF - July,5,60,14,29,64,1.0,10.0,2.79,0.0,4.88,11.65
103,AOR,iShares Core Growth Allocation ETF,5,60,14,29,64,1.0,10.0,2.79,0.0,5.58,10.4
103,ACWV.K,iShares MSCI Global Min Vol Factor ETF,5,60,14,29,64,1.0,10.0,2.79,0.0,6.46,12.15
103,JEPI.K,JPMorgan Equity Premium Income ETF,5,60,14,29,64,1.0,10.0,2.79,0.0,3.55,10.6
103,YDEC.K,FT Vest International Eq Mod Buffer ETF - Dec,5,60,14,29,64,1.0,10.0,2.79,0.0,5.93,11.77
103,PHDG.K,Invesco S&P 500 Downside Hedged ETF,5,60,14,29,64,1.0,10.0,2.79,0.0,4.29,11.27
103,MSMR.K,McElhenny Sheffield Managed Risk ETF,5,60,14,29,64,1.0,10.0,2.79,0.0,5.62,9.28
103,BCIL.K,Bancreek International Large Cap ETF,5,60,14,29,64,1.0,10.0,2.79,0.0,6.29,10.59
103,TRND.K,Pacer Trendpilot Fund of Funds ETF,5,60,14,29,64,1.0,10.0,2.79,0.0,5.54,11.27
103,MAYZ.K,TrueShares Structured Outcome (May) ETF,5,60,14,29,64,1.0,10.0,2.79,0.0,5.86,11.75
103,CMCI.K,VanEck CMCI Commodity Strategy ETF,5,60,14,29,64,1.0,10.0,2.79,0.0,5.03,10.24
103,UPGD.K,Invesco Bloomberg Analyst Rating Improvers ETF,5,60,14,29,64,1.0,10.0,2.79,0.0,4.56,9.14
103,VEMY.K,Virtus Stone Harbor Emerging Markets HY Bd ETF,5,60,14,29,64,1.0,10.0,2.79,0.0,3.99,8.94
103,FYLG.K,Global X Financials Covered Call & Growth ETF,5,60,14,29,64,1.0,10.0,2.79,0.0,3.01,11.81
103,XCLR.K,Global X S&P 500 Collar 95-110 ETF,5,60,14,29,64,1.0,10.0,2.79,0.0,5.49,10.42
103,JADE.K,JPMorgan Active Developing Markets Equity ETF,5,60,14,29,64,1.0,10.0,2.79,0.0,6.5,11.93
103,OCIO.K,ClearShares OCIO ETF,5,60,14,29,64,1.0,10.0,2.79,0.0,4.89,11.29
103,MPAY.K,Akros Monthly Payout ETF,5,60,14,29,64,1.0,10.0,2.79,0.0,3.43,10.56
103,JUNZ.K,TrueShares Structured Outcome (June) ETF,5,60,14,29,64,1.0,10.0,2.79,0.0,6.19,11.69
103,WBIL.K,WBI BullBear Quality 3000 ETF,5,60,14,29,64,1.0,10.0,2.79,6.18,3.63,11.32
103,VEGA.K,AdvisorShares STAR Global Buy-Write ETF,5,60,14,29,64,1.0,10.0,2.79,0.0,5.39,11.93
103,PTIN.K,Pacer Trendpilot International ETF,5,60,14,29,64,1.0,10.0,2.79,0.0,3.9,12.73
103,MDST.K,Westwood Salient Enhanced Midstream Income ETF,5,60,14,29,64,1.0,10.0,2.79,0.0,4.07,12.53
103,PAPI.K,Parametric Equity Premium Income ETF,5,60,14,29,64,1.0,10.0,2.79,0.0,4.79,9.27
103,GHTA.K,Goose Hollow Tactical Allocation ETF,5,60,14,29,64,1.0,10.0,2.79,0.0,5.58,12.59
103,SELV.K,SEI Enhanced Low Volatility US Large Cap ETF,5,60,14,29,64,1.0,10.0,2.79,0.0,6.4,12.4
103,XBJA.K,Innovator US Eqty Accelerated 9 Buffer ETF - Jan,5,60,14,29,64,1.0,10.0,2.79,0.0,5.47,12.59
103,EAOR.K,iShares ESG Aware Growth Allocation ETF,5,60,14,29,64,1.0,10.0,2.79,0.0,5.31,10.53
103,USG,USCF Gold Strategy Plus Income Fund,5,60,14,29,64,1.0,10.0,2.79,0.0,5.33,12.05
103,MPRO.K,Monarch ProCap Index ETF,5,120,14,34,74,1.0,10.0,2.31,0.0,4.32,9.75
103,PHDG.K,Invesco S&P 500 Downside Hedged ETF,5,120,14,34,74,1.0,10.0,2.31,0.0,4.29,11.27
103,TACK.K,Fairlead Tactical Sector ETF,5,120,14,34,74,1.0,10.0,2.31,0.0,2.65,10.21
103,YMAR.K,FT Vest International Equity Mod Buffer ETF - Mar,5,120,14,34,74,1.0,10.0,2.31,0.0,5.59,12.24
103,TOGA.K,Tremblant Global ETF,5,120,14,34,74,1.0,10.0,2.31,0.0,4.48,8.74
103,YJUN.K,FT Vest International Equity Moderate Buffer ETF,5,120,14,34,74,1.0,10.0,2.31,12.68,4.07,12.14
103,GAL,SPDR SSgA Global Allocation ETF,5,120,14,34,74,1.0,10.0,2.31,0.0,3.74,10.98
103,GDMA.K,Gadsden Dynamic Multi-Asset ETF,5,120,14,34,74,1.0,10.0,2.31,0.0,4.83,10.92
103,MSMR.K,McElhenny Sheffield Managed Risk ETF,5,120,14,34,74,1.0,10.0,2.31,22.17,5.62,9.28
103,AOR,iShares Core Growth Allocation ETF,5,120,14,34,74,1.0,10.0,2.31,0.0,5.58,10.4
103,HEQT.K,Simplify Hedged Equity ETF,5,120,14,34,74,1.0,10.0,2.31,0.0,4.5,8.77
103,DAUG.K,FT Vest US Equity Deep Buffer ETF - August,5,120,14,34,74,1.0,10.0,2.31,0.0,5.5,9.6
103,PTMC.K,Pacer Trendpilot US Mid Cap ETF,5,120,14,34,74,1.0,10.0,2.31,0.0,4.37,12.15
103,SIXJ.K,AllianzIM US LargeCap 6 Month Buffer10 Jan/Jul,5,120,14,34,74,1.0,10.0,2.31,0.0,5.93,10.74
103,COM,Direxion Auspice Broad Commodity Strategy ETF,5,120,14,34,74,1.0,10.0,2.31,47.99,2.8,10.59
103,KJUL.K,Innovator US Small Cap Power Buffer ETF - July,5,120,14,34,74,1.0,10.0,2.31,0.0,5.13,12.04
103,XDTE.K,Roundhill S&P 500 0DTE Covered Call Strategy ETF,5,120,14,34,74,1.0,10.0,2.31,0.0,2.98,9.79
103,UJUL.K,Innovator US Equity Ultra Buffer ETF - July,5,120,14,34,74,1.0,10.0,2.31,0.0,5.09,9.19
103,IJUL.K,Innovator Intl Developed Power Buffer ETF - July,5,120,14,34,74,1.0,10.0,2.31,0.0,4.88,11.65
103,SELV.K,SEI Enhanced Low Volatility US Large Cap ETF,5,120,14,34,74,1.0,10.0,2.31,0.0,6.4,12.4
103,YDEC.K,FT Vest International Eq Mod Buffer ETF - Dec,5,120,14,34,74,1.0,10.0,2.31,0.0,5.93,11.77
103,JEPI.K,JPMorgan Equity Premium Income ETF,5,120,14,34,74,1.0,10.0,2.31,0.0,3.55,10.6
103,PTIN.K,Pacer Trendpilot International ETF,5,120,14,34,74,1.0,10.0,2.31,5.55,3.9,12.73
103,PAPI.K,Parametric Equity Premium Income ETF,5,120,14,34,74,1.0,10.0,2.31,0.0,4.79,9.27
103,BCIL.K,Bancreek International Large Cap ETF,5,120,14,34,74,1.0,10.0,2.31,0.0,6.29,10.59
103,EVUS.K,iShares ESG Aware MSCI USA Value ETF,5,120,14,34,74,1.0,10.0,2.31,0.0,5.4,11.24
103,MAYZ.K,TrueShares Structured Outcome (May) ETF,5,120,14,34,74,1.0,10.0,2.31,0.0,5.86,11.75
103,CMCI.K,VanEck CMCI Commodity Strategy ETF,5,120,14,34,74,1.0,10.0,2.31,0.0,5.03,10.24
103,UPGD.K,Invesco Bloomberg Analyst Rating Improvers ETF,5,120,14,34,74,1.0,10.0,2.31,0.0,4.56,9.14
103,VEMY.K,Virtus Stone Harbor Emerging Markets HY Bd ETF,5,120,14,34,74,1.0,10.0,2.31,0.0,3.99,8.94
103,FYLG.K,Global X Financials Covered Call & Growth ETF,5,120,14,34,74,1.0,10.0,2.31,0.0,3.01,11.81
103,XCLR.K,Global X S&P 500 Collar 95-110 ETF,5,120,14,34,74,1.0,10.0,2.31,0.0,5.49,10.42
103,JUNZ.K,TrueShares Structured Outcome (June) ETF,5,120,14,34,74,1.0,10.0,2.31,0.0,6.19,11.69
103,JADE.K,JPMorgan Active Developing Markets Equity ETF,5,120,14,34,74,1.0,10.0,2.31,0.0,6.5,11.93
103,OCIO.K,ClearShares OCIO ETF,5,120,14,34,74,1.0,10.0,2.31,0.0,4.89,11.29
103,TRND.K,Pacer Trendpilot Fund of Funds ETF,5,120,14,34,74,1.0,10.0,2.31,0.0,5.54,11.27
103,WBIL.K,WBI BullBear Quality 3000 ETF,5,120,14,34,74,1.0,10.0,2.31,15.54,3.63,11.32
103,MDST.K,Westwood Salient Enhanced Midstream Income ETF,5,120,14,34,74,1.0,10.0,2.31,0.0,4.07,12.53
103,USG,USCF Gold Strategy Plus Income Fund,5,120,14,34,74,1.0,10.0,2.31,0.0,5.33,12.05
103,EAOR.K,iShares ESG Aware Growth Allocation ETF,5,120,14,34,74,1.0,10.0,2.31,0.0,5.31,10.53
103,XBJA.K,Innovator US Eqty Accelerated 9 Buffer ETF - Jan,5,120,14,34,74,1.0,10.0,2.31,0.0,5.47,12.59
103,VEGA.K,AdvisorShares STAR Global Buy-Write ETF,5,120,14,34,74,1.0,10.0,2.31,0.0,5.39,11.93
103,GHTA.K,Goose Hollow Tactical Allocation ETF,5,120,14,34,74,1.0,10.0,2.31,0.0,5.58,12.59
103,MPAY.K,Akros Monthly Payout ETF,5,120,14,34,74,1.0,10.0,2.31,0.0,3.43,10.56
103,ACWV.K,iShares MSCI Global Min Vol Factor ETF,5,120,14,34,74,1.0,10.0,2.31,0.0,6.46,12.15
103,SELV.K,SEI Enhanced Low Volatility US Large Cap ETF,5,120,14,34,79,1.0,10.0,2.27,0.0,6.4,12.4
103,HEQT.K,Simplify Hedged Equity ETF,5,120,14,34,79,1.0,10.0,2.27,0.0,4.5,8.77
103,MSMR.K,McElhenny Sheffield Managed Risk ETF,5,120,14,34,79,1.0,10.0,2.27,20.11,5.62,9.28
103,PHDG.K,Invesco S&P 500 Downside Hedged ETF,5,120,14,34,79,1.0,10.0,2.27,0.0,4.29,11.27
103,TACK.K,Fairlead Tactical Sector ETF,5,120,14,34,79,1.0,10.0,2.27,0.0,2.65,10.21
103,YMAR.K,FT Vest International Equity Mod Buffer ETF - Mar,5,120,14,34,79,1.0,10.0,2.27,0.0,5.59,12.24
103,TOGA.K,Tremblant Global ETF,5,120,14,34,79,1.0,10.0,2.27,0.0,4.48,8.74
103,YJUN.K,FT Vest International Equity Moderate Buffer ETF,5,120,14,34,79,1.0,10.0,2.27,12.68,4.07,12.14
103,GAL,SPDR SSgA Global Allocation ETF,5,120,14,34,79,1.0,10.0,2.27,0.0,3.74,10.98
103,GDMA.K,Gadsden Dynamic Multi-Asset ETF,5,120,14,34,79,1.0,10.0,2.27,0.0,4.83,10.92
103,MPRO.K,Monarch ProCap Index ETF,5,120,14,34,79,1.0,10.0,2.27,0.0,4.32,9.75
103,DAUG.K,FT Vest US Equity Deep Buffer ETF - August,5,120,14,34,79,1.0,10.0,2.27,0.0,5.5,9.6
103,PTIN.K,Pacer Trendpilot International ETF,5,120,14,34,79,1.0,10.0,2.27,5.55,3.9,12.73
103,PTMC.K,Pacer Trendpilot US Mid Cap ETF,5,120,14,34,79,1.0,10.0,2.27,0.0,4.37,12.15
103,SIXJ.K,AllianzIM US LargeCap 6 Month Buffer10 Jan/Jul,5,120,14,34,79,1.0,10.0,2.27,0.0,5.93,10.74
103,COM,Direxion Auspice Broad Commodity Strategy ETF,5,120,14,34,79,1.0,10.0,2.27,46.29,2.8,10.59
103,KJUL.K,Innovator US Small Cap Power Buffer ETF - July,5,120,14,34,79,1.0,10.0,2.27,0.0,5.13,12.04
103,XDTE.K,Roundhill S&P 500 0DTE Covered Call Strategy ETF,5,120,14,34,79,1.0,10.0,2.27,0.0,2.98,9.79
103,UJUL.K,Innovator US Equity Ultra Buffer ETF - July,5,120,14,34,79,1.0,10.0,2.27,0.0,5.09,9.19
103,IJUL.K,Innovator Intl Developed Power Buffer ETF - July,5,120,14,34,79,1.0,10.0,2.27,0.0,4.88,11.65
103,ACWV.K,iShares MSCI Global Min Vol Factor ETF,5,120,14,34,79,1.0,10.0,2.27,0.0,6.46,12.15
103,JEPI.K,JPMorgan Equity Premium Income ETF,5,120,14,34,79,1.0,10.0,2.27,0.0,3.55,10.6
103,YDEC.K,FT Vest International Eq Mod Buffer ETF - Dec,5,120,14,34,79,1.0,10.0,2.27,0.0,5.93,11.77
103,AOR,iShares Core Growth Allocation ETF,5,120,14,34,79,1.0,10.0,2.27,0.0,5.58,10.4
103,EVUS.K,iShares ESG Aware MSCI USA Value ETF,5,120,14,34,79,1.0,10.0,2.27,0.0,5.4,11.24
103,OCIO.K,ClearShares OCIO ETF,5,120,14,34,79,1.0,10.0,2.27,0.0,4.89,11.29
103,BCIL.K,Bancreek International Large Cap ETF,5,120,14,34,79,1.0,10.0,2.27,0.0,6.29,10.59
103,MAYZ.K,TrueShares Structured Outcome (May) ETF,5,120,14,34,79,1.0,10.0,2.27,0.0,5.86,11.75
103,CMCI.K,VanEck CMCI Commodity Strategy ETF,5,120,14,34,79,1.0,10.0,2.27,0.0,5.03,10.24
103,UPGD.K,Invesco Bloomberg Analyst Rating Improvers ETF,5,120,14,34,79,1.0,10.0,2.27,0.0,4.56,9.14
103,VEMY.K,Virtus Stone Harbor Emerging Markets HY Bd ETF,5,120,14,34,79,1.0,10.0,2.27,0.0,3.99,8.94
103,XCLR.K,Global X S&P 500 Collar 95-110 ETF,5,120,14,34,79,1.0,10.0,2.27,0.0,5.49,10.42
103,JUNZ.K,TrueShares Structured Outcome (June) ETF,5,120,14,34,79,1.0,10.0,2.27,0.0,6.19,11.69
103,JADE.K,JPMorgan Active Developing Markets Equity ETF,5,120,14,34,79,1.0,10.0,2.27,0.0,6.5,11.93
103,FYLG.K,Global X Financials Covered Call & Growth ETF,5,120,14,34,79,1.0,10.0,2.27,0.0,3.01,11.81
103,MPAY.K,Akros Monthly Payout ETF,5,120,14,34,79,1.0,10.0,2.27,0.0,3.43,10.56
103,EAOR.K,iShares ESG Aware Growth Allocation ETF,5,120,14,34,79,1.0,10.0,2.27,0.0,5.31,10.53
103,GHTA.K,Goose Hollow Tactical Allocation ETF,5,120,14,34,79,1.0,10.0,2.27,0.0,5.58,12.59
103,TRND.K,Pacer Trendpilot Fund of Funds ETF,5,120,14,34,79,1.0,10.0,2.27,0.0,5.54,11.27
103,VEGA.K,AdvisorShares STAR Global Buy-Write ETF,5,120,14,34,79,1.0,10.0,2.27,0.0,5.39,11.93
103,XBJA.K,Innovator US Eqty Accelerated 9 Buffer ETF - Jan,5,120,14,34,79,1.0,10.0,2.27,0.0,5.47,12.59
103,PAPI.K,Parametric Equity Premium Income ETF,5,120,14,34,79,1.0,10.0,2.27,0.0,4.79,9.27
103,USG,USCF Gold Strategy Plus Income Fund,5,120,14,34,79,1.0,10.0,2.27,0.0,5.33,12.05
103,MDST.K,Westwood Salient Enhanced Midstream Income ETF,5,120,14,34,79,1.0,10.0,2.27,0.0,4.07,12.53
103,WBIL.K,WBI BullBear Quality 3000 ETF,5,120,14,34,79,1.0,10.0,2.27,17.63,3.63,11.32
103,MPAY.K,Akros Monthly Payout ETF,5,60,14,29,74,1.0,10.0,2.1,0.0,3.43,10.56
103,VEGA.K,AdvisorShares STAR Global Buy-Write ETF,5,60,14,29,74,1.0,10.0,2.1,0.0,5.39,11.93
103,XBJA.K,Innovator US Eqty Accelerated 9 Buffer ETF - Jan,5,60,14,29,74,1.0,10.0,2.1,0.0,5.47,12.59
103,EAOR.K,iShares ESG Aware Growth Allocation ETF,5,60,14,29,74,1.0,10.0,2.1,0.0,5.31,10.53
103,USG,USCF Gold Strategy Plus Income Fund,5,60,14,29,74,1.0,10.0,2.1,0.0,5.33,12.05
103,MDST.K,Westwood Salient Enhanced Midstream Income ETF,5,60,14,29,74,1.0,10.0,2.1,0.0,4.07,12.53
103,WBIL.K,WBI BullBear Quality 3000 ETF,5,60,14,29,74,1.0,10.0,2.1,9.06,3.63,11.32
103,TRND.K,Pacer Trendpilot Fund of Funds ETF,5,60,14,29,74,1.0,10.0,2.1,0.0,5.54,11.27
103,GHTA.K,Goose Hollow Tactical Allocation ETF,5,60,14,29,74,1.0,10.0,2.1,0.0,5.58,12.59
103,AOR,iShares Core Growth Allocation ETF,5,60,14,29,74,1.0,10.0,2.1,0.0,5.58,10.4
103,OCIO.K,ClearShares OCIO ETF,5,60,14,29,74,1.0,10.0,2.1,0.0,4.89,11.29
103,JADE.K,JPMorgan Active Developing Markets Equity ETF,5,60,14,29,74,1.0,10.0,2.1,0.0,6.5,11.93
103,JUNZ.K,TrueShares Structured Outcome (June) ETF,5,60,14,29,74,1.0,10.0,2.1,0.0,6.19,11.69
103,XCLR.K,Global X S&P 500 Collar 95-110 ETF,5,60,14,29,74,1.0,10.0,2.1,0.0,5.49,10.42
103,FYLG.K,Global X Financials Covered Call & Growth ETF,5,60,14,29,74,1.0,10.0,2.1,0.0,3.01,11.81
103,VEMY.K,Virtus Stone Harbor Emerging Markets HY Bd ETF,5,60,14,29,74,1.0,10.0,2.1,0.0,3.99,8.94
103,UPGD.K,Invesco Bloomberg Analyst Rating Improvers ETF,5,60,14,29,74,1.0,10.0,2.1,0.0,4.56,9.14
103,CMCI.K,VanEck CMCI Commodity Strategy ETF,5,60,14,29,74,1.0,10.0,2.1,0.0,5.03,10.24
103,PTIN.K,Pacer Trendpilot International ETF,5,60,14,29,74,1.0,10.0,2.1,0.0,3.9,12.73
103,MAYZ.K,TrueShares Structured Outcome (May) ETF,5,60,14,29,74,1.0,10.0,2.1,0.0,5.86,11.75
103,PAPI.K,Parametric Equity Premium Income ETF,5,60,14,29,74,1.0,10.0,2.1,0.0,4.79,9.27
103,MPRO.K,Monarch ProCap Index ETF,5,60,14,29,74,1.0,10.0,2.1,0.0,4.32,9.75
103,SELV.K,SEI Enhanced Low Volatility US Large Cap ETF,5,60,14,29,74,1.0,10.0,2.1,0.0,6.4,12.4
103,DAUG.K,FT Vest US Equity Deep Buffer ETF - August,5,60,14,29,74,1.0,10.0,2.1,0.0,5.5,9.6
103,JEPI.K,JPMorgan Equity Premium Income ETF,5,60,14,29,74,1.0,10.0,2.1,0.0,3.55,10.6
103,IJUL.K,Innovator Intl Developed Power Buffer ETF - July,5,60,14,29,74,1.0,10.0,2.1,0.0,4.88,11.65
103,UJUL.K,Innovator US Equity Ultra Buffer ETF - July,5,60,14,29,74,1.0,10.0,2.1,0.0,5.09,9.19
103,XDTE.K,Roundhill S&P 500 0DTE Covered Call Strategy ETF,5,60,14,29,74,1.0,10.0,2.1,0.0,2.98,9.79
103,KJUL.K,Innovator US Small Cap Power Buffer ETF - July,5,60,14,29,74,1.0,10.0,2.1,0.0,5.13,12.04
103,COM,Direxion Auspice Broad Commodity Strategy ETF,5,60,14,29,74,1.0,10.0,2.1,41.13,2.8,10.59
103,SIXJ.K,AllianzIM US LargeCap 6 Month Buffer10 Jan/Jul,5,60,14,29,74,1.0,10.0,2.1,0.0,5.93,10.74
103,PTMC.K,Pacer Trendpilot US Mid Cap ETF,5,60,14,29,74,1.0,10.0,2.1,0.0,4.37,12.15
103,HEQT.K,Simplify Hedged Equity ETF,5,60,14,29,74,1.0,10.0,2.1,0.0,4.5,8.77
103,YDEC.K,FT Vest International Eq Mod Buffer ETF - Dec,5,60,14,29,74,1.0,10.0,2.1,0.0,5.93,11.77
103,GDMA.K,Gadsden Dynamic Multi-Asset ETF,5,60,14,29,74,1.0,10.0,2.1,31.3,4.83,10.92
103,GAL,SPDR SSgA Global Allocation ETF,5,60,14,29,74,1.0,10.0,2.1,0.0,3.74,10.98
103,YJUN.K,FT Vest International Equity Moderate Buffer ETF,5,60,14,29,74,1.0,10.0,2.1,0.0,4.07,12.14
103,TOGA.K,Tremblant Global ETF,5,60,14,29,74,1.0,10.0,2.1,0.0,4.48,8.74
103,YMAR.K,FT Vest International Equity Mod Buffer ETF - Mar,5,60,14,29,74,1.0,10.0,2.1,12.78,5.59,12.24
103,TACK.K,Fairlead Tactical Sector ETF,5,60,14,29,74,1.0,10.0,2.1,0.0,2.65,10.21
103,PHDG.K,Invesco S&P 500 Downside Hedged ETF,5,60,14,29,74,1.0,10.0,2.1,0.0,4.29,11.27
103,MSMR.K,McElhenny Sheffield Managed Risk ETF,5,60,14,29,74,1.0,10.0,2.1,0.0,5.62,9.28
103,EVUS.K,iShares ESG Aware MSCI USA Value ETF,5,60,14,29,74,1.0,10.0,2.1,0.0,5.4,11.24
103,BCIL.K,Bancreek International Large Cap ETF,5,60,14,29,74,1.0,10.0,2.1,0.0,6.29,10.59
103,ACWV.K,iShares MSCI Global Min Vol Factor ETF,5,60,14,29,74,1.0,10.0,2.1,0.0,6.46,12.15
103,MPAY.K,Akros Monthly Payout ETF,5,60,14,29,54,1.0,10.0,1.75,0.0,3.43,10.56
103,PAPI.K,Parametric Equity Premium Income ETF,5,60,14,29,54,1.0,10.0,1.75,0.0,4.79,9.27
103,GHTA.K,Goose Hollow Tactical Allocation ETF,5,60,14,29,54,1.0,10.0,1.75,0.0,5.58,12.59
103,VEGA.K,AdvisorShares STAR Global Buy-Write ETF,5,60,14,29,54,1.0,10.0,1.75,0.0,5.39,11.93
103,XBJA.K,Innovator US Eqty Accelerated 9 Buffer ETF - Jan,5,60,14,29,54,1.0,10.0,1.75,0.0,5.47,12.59
103,EAOR.K,iShares ESG Aware Growth Allocation ETF,5,60,14,29,54,1.0,10.0,1.75,0.0,5.31,10.53
103,USG,USCF Gold Strategy Plus Income Fund,5,60,14,29,54,1.0,10.0,1.75,0.0,5.33,12.05
103,MDST.K,Westwood Salient Enhanced Midstream Income ETF,5,60,14,29,54,1.0,10.0,1.75,0.0,4.07,12.53
103,WBIL.K,WBI BullBear Quality 3000 ETF,5,60,14,29,54,1.0,10.0,1.75,2.37,3.63,11.32
103,TRND.K,Pacer Trendpilot Fund of Funds ETF,5,60,14,29,54,1.0,10.0,1.75,0.0,5.54,11.27
103,OCIO.K,ClearShares OCIO ETF,5,60,14,29,54,1.0,10.0,1.75,0.0,4.89,11.29
103,SELV.K,SEI Enhanced Low Volatility US Large Cap ETF,5,60,14,29,54,1.0,10.0,1.75,0.0,6.4,12.4
103,JADE.K,JPMorgan Active Developing Markets Equity ETF,5,60,14,29,54,1.0,10.0,1.75,0.0,6.5,11.93
103,JUNZ.K,TrueShares Structured Outcome (June) ETF,5,60,14,29,54,1.0,10.0,1.75,0.0,6.19,11.69
103,XCLR.K,Global X S&P 500 Collar 95-110 ETF,5,60,14,29,54,1.0,10.0,1.75,0.0,5.49,10.42
103,FYLG.K,Global X Financials Covered Call & Growth ETF,5,60,14,29,54,1.0,10.0,1.75,0.0,3.01,11.81
103,VEMY.K,Virtus Stone Harbor Emerging Markets HY Bd ETF,5,60,14,29,54,1.0,10.0,1.75,0.0,3.99,8.94
103,UPGD.K,Invesco Bloomberg Analyst Rating Improvers ETF,5,60,14,29,54,1.0,10.0,1.75,0.0,4.56,9.14
103,BCIL.K,Bancreek International Large Cap ETF,5,60,14,29,54,1.0,10.0,1.75,0.0,6.29,10.59
103,EVUS.K,iShares ESG Aware MSCI USA Value ETF,5,60,14,29,54,1.0,10.0,1.75,0.0,5.4,11.24
103,MAYZ.K,TrueShares Structured Outcome (May) ETF,5,60,14,29,54,1.0,10.0,1.75,0.0,5.86,11.75
103,PTIN.K,Pacer Trendpilot International ETF,5,60,14,29,54,1.0,10.0,1.75,0.0,3.9,12.73
103,YDEC.K,FT Vest International Eq Mod Buffer ETF - Dec,5,60,14,29,54,1.0,10.0,1.75,0.0,5.93,11.77
103,DAUG.K,FT Vest US Equity Deep Buffer ETF - August,5,60,14,29,54,1.0,10.0,1.75,0.0,5.5,9.6
103,PTMC.K,Pacer Trendpilot US Mid Cap ETF,5,60,14,29,54,1.0,10.0,1.75,0.0,4.37,12.15
103,JEPI.K,JPMorgan Equity Premium Income ETF,5,60,14,29,54,1.0,10.0,1.75,0.0,3.55,10.6
103,ACWV.K,iShares MSCI Global Min Vol Factor ETF,5,60,14,29,54,1.0,10.0,1.75,0.0,6.46,12.15
103,AOR,iShares Core Growth Allocation ETF,5,60,14,29,54,1.0,10.0,1.75,0.0,5.58,10.4
103,IJUL.K,Innovator Intl Developed Power Buffer ETF - July,5,60,14,29,54,1.0,10.0,1.75,0.0,4.88,11.65
103,UJUL.K,Innovator US Equity Ultra Buffer ETF - July,5,60,14,29,54,1.0,10.0,1.75,0.0,5.09,9.19
103,XDTE.K,Roundhill S&P 500 0DTE Covered Call Strategy ETF,5,60,14,29,54,1.0,10.0,1.75,0.0,2.98,9.79
103,KJUL.K,Innovator US Small Cap Power Buffer ETF - July,5,60,14,29,54,1.0,10.0,1.75,0.0,5.13,12.04
103,COM,Direxion Auspice Broad Commodity Strategy ETF,5,60,14,29,54,1.0,10.0,1.75,21.11,2.8,10.59
103,SIXJ.K,AllianzIM US LargeCap 6 Month Buffer10 Jan/Jul,5,60,14,29,54,1.0,10.0,1.75,0.0,5.93,10.74
103,CMCI.K,VanEck CMCI Commodity Strategy ETF,5,60,14,29,54,1.0,10.0,1.75,0.0,5.03,10.24
103,MSMR.K,McElhenny Sheffield Managed Risk ETF,5,60,14,29,54,1.0,10.0,1.75,0.0,5.62,9.28
103,HEQT.K,Simplify Hedged Equity ETF,5,60,14,29,54,1.0,10.0,1.75,0.0,4.5,8.77
103,MPRO.K,Monarch ProCap Index ETF,5,60,14,29,54,1.0,10.0,1.75,0.0,4.32,9.75
103,GDMA.K,Gadsden Dynamic Multi-Asset ETF,5,60,14,29,54,1.0,10.0,1.75,38.25,4.83,10.92
103,GAL,SPDR SSgA Global Allocation ETF,5,60,14,29,54,1.0,10.0,1.75,0.0,3.74,10.98
103,YJUN.K,FT Vest International Equity Moderate Buffer ETF,5,60,14,29,54,1.0,10.0,1.75,0.0,4.07,12.14
103,TOGA.K,Tremblant Global ETF,5,60,14,29,54,1.0,10.0,1.75,0.0,4.48,8.74
103,YMAR.K,FT Vest International Equity Mod Buffer ETF - Mar,5,60,14,29,54,1.0,10.0,1.75,17.19,5.59,12.24
103,TACK.K,Fairlead Tactical Sector ETF,5,60,14,29,54,1.0,10.0,1.75,0.0,2.65,10.21
103,PHDG.K,Invesco S&P 500 Downside Hedged ETF,5,60,14,29,54,1.0,10.0,1.75,0.0,4.29,11.27
103,BCIL.K,Bancreek International Large Cap ETF,5,60,14,29,79,1.0,10.0,1.57,0.0,6.29,10.59
103,JEPI.K,JPMorgan Equity Premium Income ETF,5,60,14,29,79,1.0,10.0,1.57,0.0,3.55,10.6
103,ACWV.K,iShares MSCI Global Min Vol Factor ETF,5,60,14,29,79,1.0,10.0,1.57,0.0,6.46,12.15
103,HEQT.K,Simplify Hedged Equity ETF,5,60,14,29,79,1.0,10.0,1.57,0.0,4.5,8.77
103,PHDG.K,Invesco S&P 500 Downside Hedged ETF,5,60,14,29,79,1.0,10.0,1.57,0.0,4.29,11.27
103,TACK.K,Fairlead Tactical Sector ETF,5,60,14,29,79,1.0,10.0,1.57,0.0,2.65,10.21
103,YMAR.K,FT Vest International Equity Mod Buffer ETF - Mar,5,60,14,29,79,1.0,10.0,1.57,12.78,5.59,12.24
103,TOGA.K,Tremblant Global ETF,5,60,14,29,79,1.0,10.0,1.57,0.0,4.48,8.74
103,YJUN.K,FT Vest International Equity Moderate Buffer ETF,5,60,14,29,79,1.0,10.0,1.57,0.0,4.07,12.14
103,GAL,SPDR SSgA Global Allocation ETF,5,60,14,29,79,1.0,10.0,1.57,0.0,3.74,10.98
103,GDMA.K,Gadsden Dynamic Multi-Asset ETF,5,60,14,29,79,1.0,10.0,1.57,5.81,4.83,10.92
103,MPRO.K,Monarch ProCap Index ETF,5,60,14,29,79,1.0,10.0,1.57,0.0,4.32,9.75
103,DAUG.K,FT Vest US Equity Deep Buffer ETF - August,5,60,14,29,79,1.0,10.0,1.57,0.0,5.5,9.6
103,YDEC.K,FT Vest International Eq Mod Buffer ETF - Dec,5,60,14,29,79,1.0,10.0,1.57,0.0,5.93,11.77
103,PTMC.K,Pacer Trendpilot US Mid Cap ETF,5,60,14,29,79,1.0,10.0,1.57,0.0,4.37,12.15
103,SIXJ.K,AllianzIM US LargeCap 6 Month Buffer10 Jan/Jul,5,60,14,29,79,1.0,10.0,1.57,0.0,5.93,10.74
103,COM,Direxion Auspice Broad Commodity Strategy ETF,5,60,14,29,79,1.0,10.0,1.57,40.95,2.8,10.59
103,KJUL.K,Innovator US Small Cap Power Buffer ETF - July,5,60,14,29,79,1.0,10.0,1.57,0.0,5.13,12.04
103,XDTE.K,Roundhill S&P 500 0DTE Covered Call Strategy ETF,5,60,14,29,79,1.0,10.0,1.57,0.0,2.98,9.79
103,UJUL.K,Innovator US Equity Ultra Buffer ETF - July,5,60,14,29,79,1.0,10.0,1.57,0.0,5.09,9.19
103,IJUL.K,Innovator Intl Developed Power Buffer ETF - July,5,60,14,29,79,1.0,10.0,1.57,0.0,4.88,11.65
103,AOR,iShares Core Growth Allocation ETF,5,60,14,29,79,1.0,10.0,1.57,0.0,5.58,10.4
103,MSMR.K,McElhenny Sheffield Managed Risk ETF,5,60,14,29,79,1.0,10.0,1.57,0.0,5.62,9.28
103,SELV.K,SEI Enhanced Low Volatility US Large Cap ETF,5,60,14,29,79,1.0,10.0,1.57,0.0,6.4,12.4
103,MPAY.K,Akros Monthly Payout ETF,5,60,14,29,79,1.0,10.0,1.57,0.0,3.43,10.56
103,PTIN.K,Pacer Trendpilot International ETF,5,60,14,29,79,1.0,10.0,1.57,0.0,3.9,12.73
103,MAYZ.K,TrueShares Structured Outcome (May) ETF,5,60,14,29,79,1.0,10.0,1.57,0.0,5.86,11.75
103,CMCI.K,VanEck CMCI Commodity Strategy ETF,5,60,14,29,79,1.0,10.0,1.57,0.0,5.03,10.24
103,UPGD.K,Invesco Bloomberg Analyst Rating Improvers ETF,5,60,14,29,79,1.0,10.0,1.57,0.0,4.56,9.14
103,VEMY.K,Virtus Stone Harbor Emerging Markets HY Bd ETF,5,60,14,29,79,1.0,10.0,1.57,0.0,3.99,8.94
103,FYLG.K,Global X Financials Covered Call & Growth ETF,5,60,14,29,79,1.0,10.0,1.57,0.0,3.01,11.81
103,XCLR.K,Global X S&P 500 Collar 95-110 ETF,5,60,14,29,79,1.0,10.0,1.57,0.0,5.49,10.42
103,JUNZ.K,TrueShares Structured Outcome (June) ETF,5,60,14,29,79,1.0,10.0,1.57,0.0,6.19,11.69
103,JADE.K,JPMorgan Active Developing Markets Equity ETF,5,60,14,29,79,1.0,10.0,1.57,0.0,6.5,11.93
103,OCIO.K,ClearShares OCIO ETF,5,60,14,29,79,1.0,10.0,1.57,0.0,4.89,11.29
103,EVUS.K,iShares ESG Aware MSCI USA Value ETF,5,60,14,29,79,1.0,10.0,1.57,0.0,5.4,11.24
103,TRND.K,Pacer Trendpilot Fund of Funds ETF,5,60,14,29,79,1.0,10.0,1.57,0.0,5.54,11.27
103,WBIL.K,WBI BullBear Quality 3000 ETF,5,60,14,29,79,1.0,10.0,1.57,11.06,3.63,11.32
103,MDST.K,Westwood Salient Enhanced Midstream Income ETF,5,60,14,29,79,1.0,10.0,1.57,0.0,4.07,12.53
103,USG,USCF Gold Strategy Plus Income Fund,5,60,14,29,79,1.0,10.0,1.57,0.0,5.33,12.05
103,EAOR.K,iShares ESG Aware Growth Allocation ETF,5,60,14,29,79,1.0,10.0,1.57,0.0,5.31,10.53
103,XBJA.K,Innovator US Eqty Accelerated 9 Buffer ETF - Jan,5,60,14,29,79,1.0,10.0,1.57,0.0,5.47,12.59
103,VEGA.K,AdvisorShares STAR Global Buy-Write ETF,5,60,14,29,79,1.0,10.0,1.57,0.0,5.39,11.93
103,GHTA.K,Goose Hollow Tactical Allocation ETF,5,60,14,29,79,1.0,10.0,1.57,0.0,5.58,12.59
103,PAPI.K,Parametric Equity Premium Income ETF,5,60,14,29,79,1.0,10.0,1.57,0.0,4.79,9.27
103,JEPI.K,JPMorgan Equity Premium Income ETF,5,120,14,29,59,1.0,10.0,1.09,0.0,3.55,10.6
103,ACWV.K,iShares MSCI Global Min Vol Factor ETF,5,120,14,29,59,1.0,10.0,1.09,0.0,6.46,12.15
103,AOR,iShares Core Growth Allocation ETF,5,120,14,29,59,1.0,10.0,1.09,0.0,5.58,10.4
103,GAL,SPDR SSgA Global Allocation ETF,5,120,14,29,59,1.0,10.0,1.09,0.0,3.74,10.98
103,SELV.K,SEI Enhanced Low Volatility US Large Cap ETF,5,120,14,29,59,1.0,10.0,1.09,0.0,6.4,12.4
103,YDEC.K,FT Vest International Eq Mod Buffer ETF - Dec,5,120,14,29,59,1.0,10.0,1.09,0.0,5.93,11.77
103,MSMR.K,McElhenny Sheffield Managed Risk ETF,5,120,14,29,59,1.0,10.0,1.09,31.87,5.62,9.28
103,PHDG.K,Invesco S&P 500 Downside Hedged ETF,5,120,14,29,59,1.0,10.0,1.09,0.0,4.29,11.27
103,TACK.K,Fairlead Tactical Sector ETF,5,120,14,29,59,1.0,10.0,1.09,0.0,2.65,10.21
103,YMAR.K,FT Vest International Equity Mod Buffer ETF - Mar,5,120,14,29,59,1.0,10.0,1.09,0.0,5.59,12.24
103,TOGA.K,Tremblant Global ETF,5,120,14,29,59,1.0,10.0,1.09,0.0,4.48,8.74
103,YJUN.K,FT Vest International Equity Moderate Buffer ETF,5,120,14,29,59,1.0,10.0,1.09,0.0,4.07,12.14
103,GDMA.K,Gadsden Dynamic Multi-Asset ETF,5,120,14,29,59,1.0,10.0,1.09,0.0,4.83,10.92
103,IJUL.K,Innovator Intl Developed Power Buffer ETF - July,5,120,14,29,59,1.0,10.0,1.09,0.0,4.88,11.65
103,MPRO.K,Monarch ProCap Index ETF,5,120,14,29,59,1.0,10.0,1.09,0.0,4.32,9.75
103,HEQT.K,Simplify Hedged Equity ETF,5,120,14,29,59,1.0,10.0,1.09,0.0,4.5,8.77
103,DAUG.K,FT Vest US Equity Deep Buffer ETF - August,5,120,14,29,59,1.0,10.0,1.09,0.0,5.5,9.6
103,PTMC.K,Pacer Trendpilot US Mid Cap ETF,5,120,14,29,59,1.0,10.0,1.09,0.0,4.37,12.15
103,SIXJ.K,AllianzIM US LargeCap 6 Month Buffer10 Jan/Jul,5,120,14,29,59,1.0,10.0,1.09,0.0,5.93,10.74
103,COM,Direxion Auspice Broad Commodity Strategy ETF,5,120,14,29,59,1.0,10.0,1.09,0.0,2.8,10.59
103,KJUL.K,Innovator US Small Cap Power Buffer ETF - July,5,120,14,29,59,1.0,10.0,1.09,0.0,5.13,12.04
103,XDTE.K,Roundhill S&P 500 0DTE Covered Call Strategy ETF,5,120,14,29,59,1.0,10.0,1.09,0.0,2.98,9.79
103,PTIN.K,Pacer Trendpilot International ETF,5,120,14,29,59,1.0,10.0,1.09,0.0,3.9,12.73
103,PAPI.K,Parametric Equity Premium Income ETF,5,120,14,29,59,1.0,10.0,1.09,0.0,4.79,9.27
103,VEGA.K,AdvisorShares STAR Global Buy-Write ETF,5,120,14,29,59,1.0,10.0,1.09,0.0,5.39,11.93
103,XBJA.K,Innovator US Eqty Accelerated 9 Buffer ETF - Jan,5,120,14,29,59,1.0,10.0,1.09,0.0,5.47,12.59
103,BCIL.K,Bancreek International Large Cap ETF,5,120,14,29,59,1.0,10.0,1.09,0.0,6.29,10.59
103,EVUS.K,iShares ESG Aware MSCI USA Value ETF,5,120,14,29,59,1.0,10.0,1.09,0.0,5.4,11.24
103,MAYZ.K,TrueShares Structured Outcome (May) ETF,5,120,14,29,59,1.0,10.0,1.09,0.0,5.86,11.75
103,CMCI.K,VanEck CMCI Commodity Strategy ETF,5,120,14,29,59,1.0,10.0,1.09,0.0,5.03,10.24
103,UPGD.K,Invesco Bloomberg Analyst Rating Improvers ETF,5,120,14,29,59,1.0,10.0,1.09,0.0,4.56,9.14
103,VEMY.K,Virtus Stone Harbor Emerging Markets HY Bd ETF,5,120,14,29,59,1.0,10.0,1.09,0.0,3.99,8.94
103,FYLG.K,Global X Financials Covered Call & Growth ETF,5,120,14,29,59,1.0,10.0,1.09,0.0,3.01,11.81
103,XCLR.K,Global X S&P 500 Collar 95-110 ETF,5,120,14,29,59,1.0,10.0,1.09,0.0,5.49,10.42
103,JUNZ.K,TrueShares Structured Outcome (June) ETF,5,120,14,29,59,1.0,10.0,1.09,0.0,6.19,11.69
103,JADE.K,JPMorgan Active Developing Markets Equity ETF,5,120,14,29,59,1.0,10.0,1.09,0.0,6.5,11.93
103,OCIO.K,ClearShares OCIO ETF,5,120,14,29,59,1.0,10.0,1.09,0.0,4.89,11.29
103,MPAY.K,Akros Monthly Payout ETF,5,120,14,29,59,1.0,10.0,1.09,0.0,3.43,10.56
103,TRND.K,Pacer Trendpilot Fund of Funds ETF,5,120,14,29,59,1.0,10.0,1.09,0.0,5.54,11.27
103,WBIL.K,WBI BullBear Quality 3000 ETF,5,120,14,29,59,1.0,10.0,1.09,17.28,3.63,11.32
103,MDST.K,Westwood Salient Enhanced Midstream Income ETF,5,120,14,29,59,1.0,10.0,1.09,0.0,4.07,12.53
103,USG,USCF Gold Strategy Plus Income Fund,5,120,14,29,59,1.0,10.0,1.09,0.0,5.33,12.05
103,EAOR.K,iShares ESG Aware Growth Allocation ETF,5,120,14,29,59,1.0,10.0,1.09,0.0,5.31,10.53
103,UJUL.K,Innovator US Equity Ultra Buffer ETF - July,5,120,14,29,59,1.0,10.0,1.09,0.0,5.09,9.19
103,GHTA.K,Goose Hollow Tactical Allocation ETF,5,120,14,29,59,1.0,10.0,1.09,0.0,5.58,12.59
103,IJUL.K,Innovator Intl Developed Power Buffer ETF - July,5,120,14,29,69,1.0,10.0,1.05,0.0,4.88,11.65
103,JUNZ.K,TrueShares Structured Outcome (June) ETF,5,120,14,29,69,1.0,10.0,1.05,0.0,6.19,11.69
103,XBJA.K,Innovator US Eqty Accelerated 9 Buffer ETF - Jan,5,120,14,29,69,1.0,10.0,1.05,0.0,5.47,12.59
103,EAOR.K,iShares ESG Aware Growth Allocation ETF,5,120,14,29,69,1.0,10.0,1.05,0.0,5.31,10.53
103,USG,USCF Gold Strategy Plus Income Fund,5,120,14,29,69,1.0,10.0,1.05,0.0,5.33,12.05
103,MDST.K,Westwood Salient Enhanced Midstream Income ETF,5,120,14,29,69,1.0,10.0,1.05,0.0,4.07,12.53
103,WBIL.K,WBI BullBear Quality 3000 ETF,5,120,14,29,69,1.0,10.0,1.05,15.28,3.63,11.32
103,TRND.K,Pacer Trendpilot Fund of Funds ETF,5,120,14,29,69,1.0,10.0,1.05,0.0,5.54,11.27
103,MPAY.K,Akros Monthly Payout ETF,5,120,14,29,69,1.0,10.0,1.05,0.0,3.43,10.56
103,OCIO.K,ClearShares OCIO ETF,5,120,14,29,69,1.0,10.0,1.05,0.0,4.89,11.29
103,JADE.K,JPMorgan Active Developing Markets Equity ETF,5,120,14,29,69,1.0,10.0,1.05,0.0,6.5,11.93
103,XCLR.K,Global X S&P 500 Collar 95-110 ETF,5,120,14,29,69,1.0,10.0,1.05,0.0,5.49,10.42
103,ACWV.K,iShares MSCI Global Min Vol Factor ETF,5,120,14,29,69,1.0,10.0,1.05,0.0,6.46,12.15
103,FYLG.K,Global X Financials Covered Call & Growth ETF,5,120,14,29,69,1.0,10.0,1.05,0.0,3.01,11.81
103,VEMY.K,Virtus Stone Harbor Emerging Markets HY Bd ETF,5,120,14,29,69,1.0,10.0,1.05,0.0,3.99,8.94
103,UPGD.K,Invesco Bloomberg Analyst Rating Improvers ETF,5,120,14,29,69,1.0,10.0,1.05,0.0,4.56,9.14
103,CMCI.K,VanEck CMCI Commodity Strategy ETF,5,120,14,29,69,1.0,10.0,1.05,0.0,5.03,10.24
103,MAYZ.K,TrueShares Structured Outcome (May) ETF,5,120,14,29,69,1.0,10.0,1.05,0.0,5.86,11.75
103,EVUS.K,iShares ESG Aware MSCI USA Value ETF,5,120,14,29,69,1.0,10.0,1.05,0.0,5.4,11.24
103,BCIL.K,Bancreek International Large Cap ETF,5,120,14,29,69,1.0,10.0,1.05,0.0,6.29,10.59
103,UJUL.K,Innovator US Equity Ultra Buffer ETF - July,5,120,14,29,69,1.0,10.0,1.05,0.0,5.09,9.19
103,JEPI.K,JPMorgan Equity Premium Income ETF,5,120,14,29,69,1.0,10.0,1.05,0.0,3.55,10.6
103,VEGA.K,AdvisorShares STAR Global Buy-Write ETF,5,120,14,29,69,1.0,10.0,1.05,0.0,5.39,11.93
103,AOR,iShares Core Growth Allocation ETF,5,120,14,29,69,1.0,10.0,1.05,0.0,5.58,10.4
103,GHTA.K,Goose Hollow Tactical Allocation ETF,5,120,14,29,69,1.0,10.0,1.05,0.0,5.58,12.59
103,GAL,SPDR SSgA Global Allocation ETF,5,120,14,29,69,1.0,10.0,1.05,0.0,3.74,10.98
103,PAPI.K,Parametric Equity Premium Income ETF,5,120,14,29,69,1.0,10.0,1.05,0.0,4.79,9.27
103,XDTE.K,Roundhill S&P 500 0DTE Covered Call Strategy ETF,5,120,14,29,69,1.0,10.0,1.05,0.0,2.98,9.79
103,COM,Direxion Auspice Broad Commodity Strategy ETF,5,120,14,29,69,1.0,10.0,1.05,0.0,2.8,10.59
103,SIXJ.K,AllianzIM US LargeCap 6 Month Buffer10 Jan/Jul,5,120,14,29,69,1.0,10.0,1.05,0.0,5.93,10.74
103,PTMC.K,Pacer Trendpilot US Mid Cap ETF,5,120,14,29,69,1.0,10.0,1.05,0.0,4.37,12.15
103,DAUG.K,FT Vest US Equity Deep Buffer ETF - August,5,120,14,29,69,1.0,10.0,1.05,0.0,5.5,9.6
103,HEQT.K,Simplify Hedged Equity ETF,5,120,14,29,69,1.0,10.0,1.05,0.0,4.5,8.77
103,MPRO.K,Monarch ProCap Index ETF,5,120,14,29,69,1.0,10.0,1.05,0.0,4.32,9.75
103,GDMA.K,Gadsden Dynamic Multi-Asset ETF,5,120,14,29,69,1.0,10.0,1.05,0.0,4.83,10.92
103,KJUL.K,Innovator US Small Cap Power Buffer ETF - July,5,120,14,29,69,1.0,10.0,1.05,0.0,5.13,12.04
103,YJUN.K,FT Vest International Equity Moderate Buffer ETF,5,120,14,29,69,1.0,10.0,1.05,0.0,4.07,12.14
103,YMAR.K,FT Vest International Equity Mod Buffer ETF - Mar,5,120,14,29,69,1.0,10.0,1.05,0.0,5.59,12.24
103,TACK.K,Fairlead Tactical Sector ETF,5,120,14,29,69,1.0,10.0,1.05,0.0,2.65,10.21
103,PHDG.K,Invesco S&P 500 Downside Hedged ETF,5,120,14,29,69,1.0,10.0,1.05,0.0,4.29,11.27
103,MSMR.K,McElhenny Sheffield Managed Risk ETF,5,120,14,29,69,1.0,10.0,1.05,31.87,5.62,9.28
103,YDEC.K,FT Vest International Eq Mod Buffer ETF - Dec,5,120,14,29,69,1.0,10.0,1.05,0.0,5.93,11.77
103,SELV.K,SEI Enhanced Low Volatility US Large Cap ETF,5,120,14,29,69,1.0,10.0,1.05,0.0,6.4,12.4
103,PTIN.K,Pacer Trendpilot International ETF,5,120,14,29,69,1.0,10.0,1.05,0.0,3.9,12.73
103,TOGA.K,Tremblant Global ETF,5,120,14,29,69,1.0,10.0,1.05,0.0,4.48,8.74
103,MDST.K,Westwood Salient Enhanced Midstream Income ETF,5,120,14,29,64,1.0,10.0,1.04,0.0,4.07,12.53
103,TRND.K,Pacer Trendpilot Fund of Funds ETF,5,120,14,29,64,1.0,10.0,1.04,0.0,5.54,11.27
103,WBIL.K,WBI BullBear Quality 3000 ETF,5,120,14,29,64,1.0,10.0,1.04,14.93,3.63,11.32
103,XBJA.K,Innovator US Eqty Accelerated 9 Buffer ETF - Jan,5,120,14,29,64,1.0,10.0,1.04,0.0,5.47,12.59
103,USG,USCF Gold Strategy Plus Income Fund,5,120,14,29,64,1.0,10.0,1.04,0.0,5.33,12.05
103,EAOR.K,iShares ESG Aware Growth Allocation ETF,5,120,14,29,64,1.0,10.0,1.04,0.0,5.31,10.53
103,OCIO.K,ClearShares OCIO ETF,5,120,14,29,64,1.0,10.0,1.04,0.0,4.89,11.29
103,VEGA.K,AdvisorShares STAR Global Buy-Write ETF,5,120,14,29,64,1.0,10.0,1.04,0.0,5.39,11.93
103,MPAY.K,Akros Monthly Payout ETF,5,120,14,29,64,1.0,10.0,1.04,0.0,3.43,10.56
103,FYLG.K,Global X Financials Covered Call & Growth ETF,5,120,14,29,64,1.0,10.0,1.04,0.0,3.01,11.81
103,JADE.K,JPMorgan Active Developing Markets Equity ETF,5,120,14,29,64,1.0,10.0,1.04,0.0,6.5,11.93
103,JUNZ.K,TrueShares Structured Outcome (June) ETF,5,120,14,29,64,1.0,10.0,1.04,0.0,6.19,11.69
103,XCLR.K,Global X S&P 500 Collar 95-110 ETF,5,120,14,29,64,1.0,10.0,1.04,0.0,5.49,10.42
103,VEMY.K,Virtus Stone Harbor Emerging Markets HY Bd ETF,5,120,14,29,64,1.0,10.0,1.04,0.0,3.99,8.94
103,UPGD.K,Invesco Bloomberg Analyst Rating Improvers ETF,5,120,14,29,64,1.0,10.0,1.04,0.0,4.56,9.14
103,CMCI.K,VanEck CMCI Commodity Strategy ETF,5,120,14,29,64,1.0,10.0,1.04,0.0,5.03,10.24
103,MAYZ.K,TrueShares Structured Outcome (May) ETF,5,120,14,29,64,1.0,10.0,1.04,0.0,5.86,11.75
103,EVUS.K,iShares ESG Aware MSCI USA Value ETF,5,120,14,29,64,1.0,10.0,1.04,0.0,5.4,11.24
103,PAPI.K,Parametric Equity Premium Income ETF,5,120,14,29,64,1.0,10.0,1.04,0.0,4.79,9.27
103,BCIL.K,Bancreek International Large Cap ETF,5,120,14,29,64,1.0,10.0,1.04,0.0,6.29,10.59
103,GHTA.K,Goose Hollow Tactical Allocation ETF,5,120,14,29,64,1.0,10.0,1.04,0.0,5.58,12.59
103,GAL,SPDR SSgA Global Allocation ETF,5,120,14,29,64,1.0,10.0,1.04,0.0,3.74,10.98
103,PTIN.K,Pacer Trendpilot International ETF,5,120,14,29,64,1.0,10.0,1.04,0.0,3.9,12.73
103,DAUG.K,FT Vest US Equity Deep Buffer ETF - August,5,120,14,29,64,1.0,10.0,1.04,0.0,5.5,9.6
103,JEPI.K,JPMorgan Equity Premium Income ETF,5,120,14,29,64,1.0,10.0,1.04,0.0,3.55,10.6
103,ACWV.K,iShares MSCI Global Min Vol Factor ETF,5,120,14,29,64,1.0,10.0,1.04,0.0,6.46,12.15
103,IJUL.K,Innovator Intl Developed Power Buffer ETF - July,5,120,14,29,64,1.0,10.0,1.04,0.0,4.88,11.65
103,UJUL.K,Innovator US Equity Ultra Buffer ETF - July,5,120,14,29,64,1.0,10.0,1.04,0.0,5.09,9.19
103,XDTE.K,Roundhill S&P 500 0DTE Covered Call Strategy ETF,5,120,14,29,64,1.0,10.0,1.04,0.0,2.98,9.79
103,KJUL.K,Innovator US Small Cap Power Buffer ETF - July,5,120,14,29,64,1.0,10.0,1.04,0.0,5.13,12.04
103,COM,Direxion Auspice Broad Commodity Strategy ETF,5,120,14,29,64,1.0,10.0,1.04,0.0,2.8,10.59
103,SIXJ.K,AllianzIM US LargeCap 6 Month Buffer10 Jan/Jul,5,120,14,29,64,1.0,10.0,1.04,0.0,5.93,10.74
103,PTMC.K,Pacer Trendpilot US Mid Cap ETF,5,120,14,29,64,1.0,10.0,1.04,0.0,4.37,12.15
103,HEQT.K,Simplify Hedged Equity ETF,5,120,14,29,64,1.0,10.0,1.04,0.0,4.5,8.77
103,SELV.K,SEI Enhanced Low Volatility US Large Cap ETF,5,120,14,29,64,1.0,10.0,1.04,0.0,6.4,12.4
103,MPRO.K,Monarch ProCap Index ETF,5,120,14,29,64,1.0,10.0,1.04,0.0,4.32,9.75
103,GDMA.K,Gadsden Dynamic Multi-Asset ETF,5,120,14,29,64,1.0,10.0,1.04,0.0,4.83,10.92
103,YJUN.K,FT Vest International Equity Moderate Buffer ETF,5,120,14,29,64,1.0,10.0,1.04,0.0,4.07,12.14
103,TOGA.K,Tremblant Global ETF,5,120,14,29,64,1.0,10.0,1.04,0.0,4.48,8.74
103,YMAR.K,FT Vest International Equity Mod Buffer ETF - Mar,5,120,14,29,64,1.0,10.0,1.04,0.0,5.59,12.24
103,TACK.K,Fairlead Tactical Sector ETF,5,120,14,29,64,1.0,10.0,1.04,0.0,2.65,10.21
103,PHDG.K,Invesco S&P 500 Downside Hedged ETF,5,120,14,29,64,1.0,10.0,1.04,0.0,4.29,11.27
103,MSMR.K,McElhenny Sheffield Managed Risk ETF,5,120,14,29,64,1.0,10.0,1.04,31.87,5.62,9.28
103,YDEC.K,FT Vest International Eq Mod Buffer ETF - Dec,5,120,14,29,64,1.0,10.0,1.04,0.0,5.93,11.77
103,AOR,iShares Core Growth Allocation ETF,5,120,14,29,64,1.0,10.0,1.04,0.0,5.58,10.4
103,IJUL.K,Innovator Intl Developed Power Buffer ETF - July,5,120,14,29,79,1.0,10.0,0.84,0.0,4.88,11.65
103,SELV.K,SEI Enhanced Low Volatility US Large Cap ETF,5,120,14,29,74,1.0,10.0,0.84,0.0,6.4,12.4
103,MDST.K,Westwood Salient Enhanced Midstream Income ETF,5,120,14,29,74,1.0,10.0,0.84,0.0,4.07,12.53
103,TRND.K,Pacer Trendpilot Fund of Funds ETF,5,120,14,29,74,1.0,10.0,0.84,0.0,5.54,11.27
103,MPAY.K,Akros Monthly Payout ETF,5,120,14,29,74,1.0,10.0,0.84,0.0,3.43,10.56
103,OCIO.K,ClearShares OCIO ETF,5,120,14,29,74,1.0,10.0,0.84,0.0,4.89,11.29
103,JADE.K,JPMorgan Active Developing Markets Equity ETF,5,120,14,29,74,1.0,10.0,0.84,0.0,6.5,11.93
103,JUNZ.K,TrueShares Structured Outcome (June) ETF,5,120,14,29,74,1.0,10.0,0.84,0.0,6.19,11.69
103,XCLR.K,Global X S&P 500 Collar 95-110 ETF,5,120,14,29,74,1.0,10.0,0.84,0.0,5.49,10.42
103,FYLG.K,Global X Financials Covered Call & Growth ETF,5,120,14,29,74,1.0,10.0,0.84,0.0,3.01,11.81
103,VEMY.K,Virtus Stone Harbor Emerging Markets HY Bd ETF,5,120,14,29,74,1.0,10.0,0.84,0.0,3.99,8.94
103,UPGD.K,Invesco Bloomberg Analyst Rating Improvers ETF,5,120,14,29,74,1.0,10.0,0.84,0.0,4.56,9.14
103,CMCI.K,VanEck CMCI Commodity Strategy ETF,5,120,14,29,74,1.0,10.0,0.84,0.0,5.03,10.24
103,MAYZ.K,TrueShares Structured Outcome (May) ETF,5,120,14,29,74,1.0,10.0,0.84,0.0,5.86,11.75
103,EVUS.K,iShares ESG Aware MSCI USA Value ETF,5,120,14,29,74,1.0,10.0,0.84,0.0,5.4,11.24
103,BCIL.K,Bancreek International Large Cap ETF,5,120,14,29,74,1.0,10.0,0.84,0.0,6.29,10.59
103,JEPI.K,JPMorgan Equity Premium Income ETF,5,120,14,29,79,1.0,10.0,0.84,0.0,3.55,10.6
103,ACWV.K,iShares MSCI Global Min Vol Factor ETF,5,120,14,29,79,1.0,10.0,0.84,0.0,6.46,12.15
103,XDTE.K,Roundhill S&P 500 0DTE Covered Call Strategy ETF,5,120,14,29,74,1.0,10.0,0.84,0.0,2.98,9.79
103,UJUL.K,Innovator US Equity Ultra Buffer ETF - July,5,120,14,29,74,1.0,10.0,0.84,0.0,5.09,9.19
103,IJUL.K,Innovator Intl Developed Power Buffer ETF - July,5,120,14,29,74,1.0,10.0,0.84,0.0,4.88,11.65
103,AOR,iShares Core Growth Allocation ETF,5,120,14,29,74,1.0,10.0,0.84,0.0,5.58,10.4
103,WBIL.K,WBI BullBear Quality 3000 ETF,5,120,14,29,74,1.0,10.0,0.84,15.54,3.63,11.32
103,USG,USCF Gold Strategy Plus Income Fund,5,120,14,29,74,1.0,10.0,0.84,0.0,5.33,12.05
103,KJUL.K,Innovator US Small Cap Power Buffer ETF - July,5,120,14,29,74,1.0,10.0,0.84,0.0,5.13,12.04
103,EAOR.K,iShares ESG Aware Growth Allocation ETF,5,120,14,29,74,1.0,10.0,0.84,0.0,5.31,10.53
103,SIXJ.K,AllianzIM US LargeCap 6 Month Buffer10 Jan/Jul,5,120,14,29,74,1.0,10.0,0.84,0.0,5.93,10.74
103,PTMC.K,Pacer Trendpilot US Mid Cap ETF,5,120,14,29,74,1.0,10.0,0.84,0.0,4.37,12.15
103,DAUG.K,FT Vest US Equity Deep Buffer ETF - August,5,120,14,29,74,1.0,10.0,0.84,0.0,5.5,9.6
103,HEQT.K,Simplify Hedged Equity ETF,5,120,14,29,74,1.0,10.0,0.84,0.0,4.5,8.77
103,MPRO.K,Monarch ProCap Index ETF,5,120,14,29,74,1.0,10.0,0.84,0.0,4.32,9.75
103,GDMA.K,Gadsden Dynamic Multi-Asset ETF,5,120,14,29,74,1.0,10.0,0.84,0.0,4.83,10.92
103,GAL,SPDR SSgA Global Allocation ETF,5,120,14,29,74,1.0,10.0,0.84,0.0,3.74,10.98
103,YJUN.K,FT Vest International Equity Moderate Buffer ETF,5,120,14,29,74,1.0,10.0,0.84,0.0,4.07,12.14
103,TOGA.K,Tremblant Global ETF,5,120,14,29,74,1.0,10.0,0.84,0.0,4.48,8.74
103,YMAR.K,FT Vest International Equity Mod Buffer ETF - Mar,5,120,14,29,74,1.0,10.0,0.84,0.0,5.59,12.24
103,TACK.K,Fairlead Tactical Sector ETF,5,120,14,29,74,1.0,10.0,0.84,0.0,2.65,10.21
103,PHDG.K,Invesco S&P 500 Downside Hedged ETF,5,120,14,29,74,1.0,10.0,0.84,0.0,4.29,11.27
103,MSMR.K,McElhenny Sheffield Managed Risk ETF,5,120,14,29,74,1.0,10.0,0.84,22.17,5.62,9.28
103,YDEC.K,FT Vest International Eq Mod Buffer ETF - Dec,5,120,14,29,74,1.0,10.0,0.84,0.0,5.93,11.77
103,PTIN.K,Pacer Trendpilot International ETF,5,120,14,29,74,1.0,10.0,0.84,0.0,3.9,12.73
103,PAPI.K,Parametric Equity Premium Income ETF,5,120,14,29,74,1.0,10.0,0.84,0.0,4.79,9.27
103,GHTA.K,Goose Hollow Tactical Allocation ETF,5,120,14,29,74,1.0,10.0,0.84,0.0,5.58,12.59
103,VEGA.K,AdvisorShares STAR Global Buy-Write ETF,5,120,14,29,74,1.0,10.0,0.84,0.0,5.39,11.93
103,XBJA.K,Innovator US Eqty Accelerated 9 Buffer ETF - Jan,5,120,14,29,74,1.0,10.0,0.84,0.0,5.47,12.59
103,ACWV.K,iShares MSCI Global Min Vol Factor ETF,5,120,14,29,74,1.0,10.0,0.84,0.0,6.46,12.15
103,COM,Direxion Auspice Broad Commodity Strategy ETF,5,120,14,29,74,1.0,10.0,0.84,0.0,2.8,10.59
103,AOR,iShares Core Growth Allocation ETF,5,120,14,29,79,1.0,10.0,0.84,0.0,5.58,10.4
103,JADE.K,JPMorgan Active Developing Markets Equity ETF,5,120,14,29,79,1.0,10.0,0.84,0.0,6.5,11.93
103,XBJA.K,Innovator US Eqty Accelerated 9 Buffer ETF - Jan,5,120,14,29,79,1.0,10.0,0.84,0.0,5.47,12.59
103,EAOR.K,iShares ESG Aware Growth Allocation ETF,5,120,14,29,79,1.0,10.0,0.84,0.0,5.31,10.53
103,USG,USCF Gold Strategy Plus Income Fund,5,120,14,29,79,1.0,10.0,0.84,0.0,5.33,12.05
103,MDST.K,Westwood Salient Enhanced Midstream Income ETF,5,120,14,29,79,1.0,10.0,0.84,0.0,4.07,12.53
103,WBIL.K,WBI BullBear Quality 3000 ETF,5,120,14,29,79,1.0,10.0,0.84,17.63,3.63,11.32
103,TRND.K,Pacer Trendpilot Fund of Funds ETF,5,120,14,29,79,1.0,10.0,0.84,0.0,5.54,11.27
103,MPAY.K,Akros Monthly Payout ETF,5,120,14,29,79,1.0,10.0,0.84,0.0,3.43,10.56
103,OCIO.K,ClearShares OCIO ETF,5,120,14,29,79,1.0,10.0,0.84,0.0,4.89,11.29
103,JUNZ.K,TrueShares Structured Outcome (June) ETF,5,120,14,29,79,1.0,10.0,0.84,0.0,6.19,11.69
103,GHTA.K,Goose Hollow Tactical Allocation ETF,5,120,14,29,79,1.0,10.0,0.84,0.0,5.58,12.59
103,XCLR.K,Global X S&P 500 Collar 95-110 ETF,5,120,14,29,79,1.0,10.0,0.84,0.0,5.49,10.42
103,FYLG.K,Global X Financials Covered Call & Growth ETF,5,120,14,29,79,1.0,10.0,0.84,0.0,3.01,11.81
103,VEMY.K,Virtus Stone Harbor Emerging Markets HY Bd ETF,5,120,14,29,79,1.0,10.0,0.84,0.0,3.99,8.94
103,UPGD.K,Invesco Bloomberg Analyst Rating Improvers ETF,5,120,14,29,79,1.0,10.0,0.84,0.0,4.56,9.14
103,CMCI.K,VanEck CMCI Commodity Strategy ETF,5,120,14,29,79,1.0,10.0,0.84,0.0,5.03,10.24
103,MAYZ.K,TrueShares Structured Outcome (May) ETF,5,120,14,29,79,1.0,10.0,0.84,0.0,5.86,11.75
103,UJUL.K,Innovator US Equity Ultra Buffer ETF - July,5,120,14,29,79,1.0,10.0,0.84,0.0,5.09,9.19
103,JEPI.K,JPMorgan Equity Premium Income ETF,5,120,14,29,74,1.0,10.0,0.84,0.0,3.55,10.6
103,VEGA.K,AdvisorShares STAR Global Buy-Write ETF,5,120,14,29,79,1.0,10.0,0.84,0.0,5.39,11.93
103,PAPI.K,Parametric Equity Premium Income ETF,5,120,14,29,79,1.0,10.0,0.84,0.0,4.79,9.27
103,BCIL.K,Bancreek International Large Cap ETF,5,120,14,29,79,1.0,10.0,0.84,0.0,6.29,10.59
103,GDMA.K,Gadsden Dynamic Multi-Asset ETF,5,120,14,29,79,1.0,10.0,0.84,0.0,4.83,10.92
103,XDTE.K,Roundhill S&P 500 0DTE Covered Call Strategy ETF,5,120,14,29,79,1.0,10.0,0.84,0.0,2.98,9.79
103,KJUL.K,Innovator US Small Cap Power Buffer ETF - July,5,120,14,29,79,1.0,10.0,0.84,0.0,5.13,12.04
103,COM,Direxion Auspice Broad Commodity Strategy ETF,5,120,14,29,79,1.0,10.0,0.84,0.0,2.8,10.59
103,SIXJ.K,AllianzIM US LargeCap 6 Month Buffer10 Jan/Jul,5,120,14,29,79,1.0,10.0,0.84,0.0,5.93,10.74
103,PTMC.K,Pacer Trendpilot US Mid Cap ETF,5,120,14,29,79,1.0,10.0,0.84,0.0,4.37,12.15
103,DAUG.K,FT Vest US Equity Deep Buffer ETF - August,5,120,14,29,79,1.0,10.0,0.84,0.0,5.5,9.6
103,HEQT.K,Simplify Hedged Equity ETF,5,120,14,29,79,1.0,10.0,0.84,0.0,4.5,8.77
103,MPRO.K,Monarch ProCap Index ETF,5,120,14,29,79,1.0,10.0,0.84,0.0,4.32,9.75
103,GAL,SPDR SSgA Global Allocation ETF,5,120,14,29,79,1.0,10.0,0.84,0.0,3.74,10.98
103,PTIN.K,Pacer Trendpilot International ETF,5,120,14,29,79,1.0,10.0,0.84,0.0,3.9,12.73
103,YJUN.K,FT Vest International Equity Moderate Buffer ETF,5,120,14,29,79,1.0,10.0,0.84,0.0,4.07,12.14
103,TOGA.K,Tremblant Global ETF,5,120,14,29,79,1.0,10.0,0.84,0.0,4.48,8.74
103,YMAR.K,FT Vest International Equity Mod Buffer ETF - Mar,5,120,14,29,79,1.0,10.0,0.84,0.0,5.59,12.24
103,TACK.K,Fairlead Tactical Sector ETF,5,120,14,29,79,1.0,10.0,0.84,0.0,2.65,10.21
103,PHDG.K,Invesco S&P 500 Downside Hedged ETF,5,120,14,29,79,1.0,10.0,0.84,0.0,4.29,11.27
103,MSMR.K,McElhenny Sheffield Managed Risk ETF,5,120,14,29,79,1.0,10.0,0.84,20.11,5.62,9.28
103,YDEC.K,FT Vest International Eq Mod Buffer ETF - Dec,5,120,14,29,79,1.0,10.0,0.84,0.0,5.93,11.77
103,SELV.K,SEI Enhanced Low Volatility US Large Cap ETF,5,120,14,29,79,1.0,10.0,0.84,0.0,6.4,12.4
103,EVUS.K,iShares ESG Aware MSCI USA Value ETF,5,120,14,29,79,1.0,10.0,0.84,0.0,5.4,11.24
103,MAYZ.K,TrueShares Structured Outcome (May) ETF,5,120,14,24,64,1.0,10.0,0.71,0.0,5.86,11.75
103,CMCI.K,VanEck CMCI Commodity Strategy ETF,5,120,14,24,64,1.0,10.0,0.71,0.0,5.03,10.24
103,IJUL.K,Innovator Intl Developed Power Buffer ETF - July,5,120,14,24,64,1.0,10.0,0.71,0.0,4.88,11.65
103,PAPI.K,Parametric Equity Premium Income ETF,5,120,14,24,64,1.0,10.0,0.71,0.0,4.79,9.27
103,GHTA.K,Goose Hollow Tactical Allocation ETF,5,120,14,24,64,1.0,10.0,0.71,0.0,5.58,12.59
103,VEGA.K,AdvisorShares STAR Global Buy-Write ETF,5,120,14,24,64,1.0,10.0,0.71,0.0,5.39,11.93
103,XBJA.K,Innovator US Eqty Accelerated 9 Buffer ETF - Jan,5,120,14,24,64,1.0,10.0,0.71,0.0,5.47,12.59
103,EAOR.K,iShares ESG Aware Growth Allocation ETF,5,120,14,24,64,1.0,10.0,0.71,0.0,5.31,10.53
103,USG,USCF Gold Strategy Plus Income Fund,5,120,14,24,64,1.0,10.0,0.71,0.0,5.33,12.05
103,MDST.K,Westwood Salient Enhanced Midstream Income ETF,5,120,14,24,64,1.0,10.0,0.71,0.0,4.07,12.53
103,WBIL.K,WBI BullBear Quality 3000 ETF,5,120,14,24,64,1.0,10.0,0.71,0.0,3.63,11.32
103,TRND.K,Pacer Trendpilot Fund of Funds ETF,5,120,14,24,64,1.0,10.0,0.71,0.0,5.54,11.27
103,MPAY.K,Akros Monthly Payout ETF,5,120,14,24,64,1.0,10.0,0.71,0.0,3.43,10.56
103,OCIO.K,ClearShares OCIO ETF,5,120,14,24,64,1.0,10.0,0.71,0.0,4.89,11.29
103,JADE.K,JPMorgan Active Developing Markets Equity ETF,5,120,14,24,64,1.0,10.0,0.71,0.0,6.5,11.93
103,JUNZ.K,TrueShares Structured Outcome (June) ETF,5,120,14,24,64,1.0,10.0,0.71,0.0,6.19,11.69
103,XCLR.K,Global X S&P 500 Collar 95-110 ETF,5,120,14,24,64,1.0,10.0,0.71,0.0,5.49,10.42
103,FYLG.K,Global X Financials Covered Call & Growth ETF,5,120,14,24,64,1.0,10.0,0.71,0.0,3.01,11.81
103,VEMY.K,Virtus Stone Harbor Emerging Markets HY Bd ETF,5,120,14,24,64,1.0,10.0,0.71,0.0,3.99,8.94
103,UPGD.K,Invesco Bloomberg Analyst Rating Improvers ETF,5,120,14,24,64,1.0,10.0,0.71,0.0,4.56,9.14
103,EVUS.K,iShares ESG Aware MSCI USA Value ETF,5,120,14,24,64,1.0,10.0,0.71,0.0,5.4,11.24
103,SELV.K,SEI Enhanced Low Volatility US Large Cap ETF,5,120,14,24,64,1.0,10.0,0.71,0.0,6.4,12.4
103,YDEC.K,FT Vest International Eq Mod Buffer ETF - Dec,5,120,14,24,64,1.0,10.0,0.71,0.0,5.93,11.77
103,HEQT.K,Simplify Hedged Equity ETF,5,120,14,24,64,1.0,10.0,0.71,0.0,4.5,8.77
103,UJUL.K,Innovator US Equity Ultra Buffer ETF - July,5,120,14,24,64,1.0,10.0,0.71,0.0,5.09,9.19
103,XDTE.K,Roundhill S&P 500 0DTE Covered Call Strategy ETF,5,120,14,24,64,1.0,10.0,0.71,0.0,2.98,9.79
103,KJUL.K,Innovator US Small Cap Power Buffer ETF - July,5,120,14,24,64,1.0,10.0,0.71,0.0,5.13,12.04
103,COM,Direxion Auspice Broad Commodity Strategy ETF,5,120,14,24,64,1.0,10.0,0.71,0.0,2.8,10.59
103,SIXJ.K,AllianzIM US LargeCap 6 Month Buffer10 Jan/Jul,5,120,14,24,64,1.0,10.0,0.71,0.0,5.93,10.74
103,PTMC.K,Pacer Trendpilot US Mid Cap ETF,5,120,14,24,64,1.0,10.0,0.71,0.0,4.37,12.15
103,DAUG.K,FT Vest US Equity Deep Buffer ETF - August,5,120,14,24,64,1.0,10.0,0.71,0.0,5.5,9.6
103,MPRO.K,Monarch ProCap Index ETF,5,120,14,24,64,1.0,10.0,0.71,0.0,4.32,9.75
103,MSMR.K,McElhenny Sheffield Managed Risk ETF,5,120,14,24,64,1.0,10.0,0.71,31.87,5.62,9.28
103,GDMA.K,Gadsden Dynamic Multi-Asset ETF,5,120,14,24,64,1.0,10.0,0.71,0.0,4.83,10.92
103,GAL,SPDR SSgA Global Allocation ETF,5,120,14,24,64,1.0,10.0,0.71,0.0,3.74,10.98
103,YJUN.K,FT Vest International Equity Moderate Buffer ETF,5,120,14,24,64,1.0,10.0,0.71,0.0,4.07,12.14
103,TOGA.K,Tremblant Global ETF,5,120,14,24,64,1.0,10.0,0.71,0.0,4.48,8.74
103,YMAR.K,FT Vest International Equity Mod Buffer ETF - Mar,5,120,14,24,64,1.0,10.0,0.71,0.0,5.59,12.24
103,TACK.K,Fairlead Tactical Sector ETF,5,120,14,24,64,1.0,10.0,0.71,0.0,2.65,10.21
103,PHDG.K,Invesco S&P 500 Downside Hedged ETF,5,120,14,24,64,1.0,10.0,0.71,0.0,4.29,11.27
103,PTIN.K,Pacer Trendpilot International ETF,5,120,14,24,64,1.0,10.0,0.71,0.0,3.9,12.73
103,AOR,iShares Core Growth Allocation ETF,5,120,14,24,64,1.0,10.0,0.71,0.0,5.58,10.4
103,JEPI.K,JPMorgan Equity Premium Income ETF,5,120,14,24,69,1.0,10.0,0.71,0.0,3.55,10.6
103,SELV.K,SEI Enhanced Low Volatility US Large Cap ETF,5,120,14,24,59,1.0,10.0,0.71,0.0,6.4,12.4
103,MSMR.K,McElhenny Sheffield Managed Risk ETF,5,120,14,24,59,1.0,10.0,0.71,31.87,5.62,9.28
103,PHDG.K,Invesco S&P 500 Downside Hedged ETF,5,120,14,24,59,1.0,10.0,0.71,0.0,4.29,11.27
103,TACK.K,Fairlead Tactical Sector ETF,5,120,14,24,59,1.0,10.0,0.71,0.0,2.65,10.21
103,YMAR.K,FT Vest International Equity Mod Buffer ETF - Mar,5,120,14,24,59,1.0,10.0,0.71,0.0,5.59,12.24
103,TOGA.K,Tremblant Global ETF,5,120,14,24,59,1.0,10.0,0.71,0.0,4.48,8.74
103,YJUN.K,FT Vest International Equity Moderate Buffer ETF,5,120,14,24,59,1.0,10.0,0.71,0.0,4.07,12.14
103,GAL,SPDR SSgA Global Allocation ETF,5,120,14,24,59,1.0,10.0,0.71,0.0,3.74,10.98
103,GDMA.K,Gadsden Dynamic Multi-Asset ETF,5,120,14,24,59,1.0,10.0,0.71,0.0,4.83,10.92
103,MPRO.K,Monarch ProCap Index ETF,5,120,14,24,59,1.0,10.0,0.71,0.0,4.32,9.75
103,HEQT.K,Simplify Hedged Equity ETF,5,120,14,24,59,1.0,10.0,0.71,0.0,4.5,8.77
103,DAUG.K,FT Vest US Equity Deep Buffer ETF - August,5,120,14,24,59,1.0,10.0,0.71,0.0,5.5,9.6
103,PTMC.K,Pacer Trendpilot US Mid Cap ETF,5,120,14,24,59,1.0,10.0,0.71,0.0,4.37,12.15
103,SIXJ.K,AllianzIM US LargeCap 6 Month Buffer10 Jan/Jul,5,120,14,24,59,1.0,10.0,0.71,0.0,5.93,10.74
103,COM,Direxion Auspice Broad Commodity Strategy ETF,5,120,14,24,59,1.0,10.0,0.71,0.0,2.8,10.59
103,KJUL.K,Innovator US Small Cap Power Buffer ETF - July,5,120,14,24,59,1.0,10.0,0.71,0.0,5.13,12.04
103,XDTE.K,Roundhill S&P 500 0DTE Covered Call Strategy ETF,5,120,14,24,59,1.0,10.0,0.71,0.0,2.98,9.79
103,UJUL.K,Innovator US Equity Ultra Buffer ETF - July,5,120,14,24,59,1.0,10.0,0.71,0.0,5.09,9.19
103,IJUL.K,Innovator Intl Developed Power Buffer ETF - July,5,120,14,24,59,1.0,10.0,0.71,0.0,4.88,11.65
103,AOR,iShares Core Growth Allocation ETF,5,120,14,24,59,1.0,10.0,0.71,0.0,5.58,10.4
103,ACWV.K,iShares MSCI Global Min Vol Factor ETF,5,120,14,24,59,1.0,10.0,0.71,0.0,6.46,12.15
103,JEPI.K,JPMorgan Equity Premium Income ETF,5,120,14,24,59,1.0,10.0,0.71,0.0,3.55,10.6
103,YDEC.K,FT Vest International Eq Mod Buffer ETF - Dec,5,120,14,24,59,1.0,10.0,0.71,0.0,5.93,11.77
103,PTIN.K,Pacer Trendpilot International ETF,5,120,14,24,59,1.0,10.0,0.71,0.0,3.9,12.73
103,ACWV.K,iShares MSCI Global Min Vol Factor ETF,5,120,14,24,64,1.0,10.0,0.71,0.0,6.46,12.15
103,PAPI.K,Parametric Equity Premium Income ETF,5,120,14,24,59,1.0,10.0,0.71,0.0,4.79,9.27
103,JEPI.K,JPMorgan Equity Premium Income ETF,5,120,14,24,64,1.0,10.0,0.71,0.0,3.55,10.6
103,BCIL.K,Bancreek International Large Cap ETF,5,120,14,24,59,1.0,10.0,0.71,0.0,6.29,10.59
103,EVUS.K,iShares ESG Aware MSCI USA Value ETF,5,120,14,24,59,1.0,10.0,0.71,0.0,5.4,11.24
103,MAYZ.K,TrueShares Structured Outcome (May) ETF,5,120,14,24,59,1.0,10.0,0.71,0.0,5.86,11.75
103,CMCI.K,VanEck CMCI Commodity Strategy ETF,5,120,14,24,59,1.0,10.0,0.71,0.0,5.03,10.24
103,UPGD.K,Invesco Bloomberg Analyst Rating Improvers ETF,5,120,14,24,59,1.0,10.0,0.71,0.0,4.56,9.14
103,VEMY.K,Virtus Stone Harbor Emerging Markets HY Bd ETF,5,120,14,24,59,1.0,10.0,0.71,0.0,3.99,8.94
103,FYLG.K,Global X Financials Covered Call & Growth ETF,5,120,14,24,59,1.0,10.0,0.71,0.0,3.01,11.81
103,XCLR.K,Global X S&P 500 Collar 95-110 ETF,5,120,14,24,59,1.0,10.0,0.71,0.0,5.49,10.42
103,JUNZ.K,TrueShares Structured Outcome (June) ETF,5,120,14,24,59,1.0,10.0,0.71,0.0,6.19,11.69
103,JADE.K,JPMorgan Active Developing Markets Equity ETF,5,120,14,24,59,1.0,10.0,0.71,0.0,6.5,11.93
103,OCIO.K,ClearShares OCIO ETF,5,120,14,24,59,1.0,10.0,0.71,0.0,4.89,11.29
103,MPAY.K,Akros Monthly Payout ETF,5,120,14,24,59,1.0,10.0,0.71,0.0,3.43,10.56
103,TRND.K,Pacer Trendpilot Fund of Funds ETF,5,120,14,24,59,1.0,10.0,0.71,0.0,5.54,11.27
103,WBIL.K,WBI BullBear Quality 3000 ETF,5,120,14,24,59,1.0,10.0,0.71,0.0,3.63,11.32
103,MDST.K,Westwood Salient Enhanced Midstream Income ETF,5,120,14,24,59,1.0,10.0,0.71,0.0,4.07,12.53
103,USG,USCF Gold Strategy Plus Income Fund,5,120,14,24,59,1.0,10.0,0.71,0.0,5.33,12.05
103,EAOR.K,iShares ESG Aware Growth Allocation ETF,5,120,14,24,59,1.0,10.0,0.71,0.0,5.31,10.53
103,XBJA.K,Innovator US Eqty Accelerated 9 Buffer ETF - Jan,5,120,14,24,59,1.0,10.0,0.71,0.0,5.47,12.59
103,VEGA.K,AdvisorShares STAR Global Buy-Write ETF,5,120,14,24,59,1.0,10.0,0.71,0.0,5.39,11.93
103,GHTA.K,Goose Hollow Tactical Allocation ETF,5,120,14,24,59,1.0,10.0,0.71,0.0,5.58,12.59
103,BCIL.K,Bancreek International Large Cap ETF,5,120,14,24,64,1.0,10.0,0.71,0.0,6.29,10.59
103,AOR,iShares Core Growth Allocation ETF,5,120,14,24,69,1.0,10.0,0.71,0.0,5.58,10.4
103,ACWV.K,iShares MSCI Global Min Vol Factor ETF,5,120,14,24,69,1.0,10.0,0.71,0.0,6.46,12.15
103,IJUL.K,Innovator Intl Developed Power Buffer ETF - July,5,120,14,24,69,1.0,10.0,0.71,0.0,4.88,11.65
103,PTIN.K,Pacer Trendpilot International ETF,5,120,14,24,69,1.0,10.0,0.71,0.0,3.9,12.73
103,SELV.K,SEI Enhanced Low Volatility US Large Cap ETF,5,120,14,24,69,1.0,10.0,0.71,0.0,6.4,12.4
103,YDEC.K,FT Vest International Eq Mod Buffer ETF - Dec,5,120,14,24,69,1.0,10.0,0.71,0.0,5.93,11.77
103,MSMR.K,McElhenny Sheffield Managed Risk ETF,5,120,14,24,69,1.0,10.0,0.71,31.87,5.62,9.28
103,PHDG.K,Invesco S&P 500 Downside Hedged ETF,5,120,14,24,69,1.0,10.0,0.71,0.0,4.29,11.27
103,TACK.K,Fairlead Tactical Sector ETF,5,120,14,24,69,1.0,10.0,0.71,0.0,2.65,10.21
103,YMAR.K,FT Vest International Equity Mod Buffer ETF - Mar,5,120,14,24,69,1.0,10.0,0.71,0.0,5.59,12.24
103,TOGA.K,Tremblant Global ETF,5,120,14,24,69,1.0,10.0,0.71,0.0,4.48,8.74
103,YJUN.K,FT Vest International Equity Moderate Buffer ETF,5,120,14,24,69,1.0,10.0,0.71,0.0,4.07,12.14
103,GAL,SPDR SSgA Global Allocation ETF,5,120,14,24,69,1.0,10.0,0.71,0.0,3.74,10.98
103,GDMA.K,Gadsden Dynamic Multi-Asset ETF,5,120,14,24,69,1.0,10.0,0.71,0.0,4.83,10.92
103,MPRO.K,Monarch ProCap Index ETF,5,120,14,24,69,1.0,10.0,0.71,0.0,4.32,9.75
103,HEQT.K,Simplify Hedged Equity ETF,5,120,14,24,69,1.0,10.0,0.71,0.0,4.5,8.77
103,DAUG.K,FT Vest US Equity Deep Buffer ETF - August,5,120,14,24,69,1.0,10.0,0.71,0.0,5.5,9.6
103,PTMC.K,Pacer Trendpilot US Mid Cap ETF,5,120,14,24,69,1.0,10.0,0.71,0.0,4.37,12.15
103,SIXJ.K,AllianzIM US LargeCap 6 Month Buffer10 Jan/Jul,5,120,14,24,69,1.0,10.0,0.71,0.0,5.93,10.74
103,COM,Direxion Auspice Broad Commodity Strategy ETF,5,120,14,24,69,1.0,10.0,0.71,0.0,2.8,10.59
103,KJUL.K,Innovator US Small Cap Power Buffer ETF - July,5,120,14,24,69,1.0,10.0,0.71,0.0,5.13,12.04
103,XDTE.K,Roundhill S&P 500 0DTE Covered Call Strategy ETF,5,120,14,24,69,1.0,10.0,0.71,0.0,2.98,9.79
103,PAPI.K,Parametric Equity Premium Income ETF,5,120,14,24,69,1.0,10.0,0.71,0.0,4.79,9.27
103,GHTA.K,Goose Hollow Tactical Allocation ETF,5,120,14,24,69,1.0,10.0,0.71,0.0,5.58,12.59
103,VEGA.K,AdvisorShares STAR Global Buy-Write ETF,5,120,14,24,69,1.0,10.0,0.71,0.0,5.39,11.93
103,XBJA.K,Innovator US Eqty Accelerated 9 Buffer ETF - Jan,5,120,14,24,69,1.0,10.0,0.71,0.0,5.47,12.59
103,BCIL.K,Bancreek International Large Cap ETF,5,120,14,24,69,1.0,10.0,0.71,0.0,6.29,10.59
103,EVUS.K,iShares ESG Aware MSCI USA Value ETF,5,120,14,24,69,1.0,10.0,0.71,0.0,5.4,11.24
103,MAYZ.K,TrueShares Structured Outcome (May) ETF,5,120,14,24,69,1.0,10.0,0.71,0.0,5.86,11.75
103,CMCI.K,VanEck CMCI Commodity Strategy ETF,5,120,14,24,69,1.0,10.0,0.71,0.0,5.03,10.24
103,UPGD.K,Invesco Bloomberg Analyst Rating Improvers ETF,5,120,14,24,69,1.0,10.0,0.71,0.0,4.56,9.14
103,VEMY.K,Virtus Stone Harbor Emerging Markets HY Bd ETF,5,120,14,24,69,1.0,10.0,0.71,0.0,3.99,8.94
103,FYLG.K,Global X Financials Covered Call & Growth ETF,5,120,14,24,69,1.0,10.0,0.71,0.0,3.01,11.81
103,XCLR.K,Global X S&P 500 Collar 95-110 ETF,5,120,14,24,69,1.0,10.0,0.71,0.0,5.49,10.42
103,JUNZ.K,TrueShares Structured Outcome (June) ETF,5,120,14,24,69,1.0,10.0,0.71,0.0,6.19,11.69
103,JADE.K,JPMorgan Active Developing Markets Equity ETF,5,120,14,24,69,1.0,10.0,0.71,0.0,6.5,11.93
103,OCIO.K,ClearShares OCIO ETF,5,120,14,24,69,1.0,10.0,0.71,0.0,4.89,11.29
103,MPAY.K,Akros Monthly Payout ETF,5,120,14,24,69,1.0,10.0,0.71,0.0,3.43,10.56
103,TRND.K,Pacer Trendpilot Fund of Funds ETF,5,120,14,24,69,1.0,10.0,0.71,0.0,5.54,11.27
103,WBIL.K,WBI BullBear Quality 3000 ETF,5,120,14,24,69,1.0,10.0,0.71,0.0,3.63,11.32
103,MDST.K,Westwood Salient Enhanced Midstream Income ETF,5,120,14,24,69,1.0,10.0,0.71,0.0,4.07,12.53
103,USG,USCF Gold Strategy Plus Income Fund,5,120,14,24,69,1.0,10.0,0.71,0.0,5.33,12.05
103,EAOR.K,iShares ESG Aware Growth Allocation ETF,5,120,14,24,69,1.0,10.0,0.71,0.0,5.31,10.53
103,UJUL.K,Innovator US Equity Ultra Buffer ETF - July,5,120,14,24,69,1.0,10.0,0.71,0.0,5.09,9.19
103,JEPI.K,JPMorgan Equity Premium Income ETF,5,120,14,29,54,1.0,10.0,0.66,0.0,3.55,10.6
103,ACWV.K,iShares MSCI Global Min Vol Factor ETF,5,120,14,29,54,1.0,10.0,0.66,0.0,6.46,12.15
103,AOR,iShares Core Growth Allocation ETF,5,120,14,29,54,1.0,10.0,0.66,0.0,5.58,10.4
103,JADE.K,JPMorgan Active Developing Markets Equity ETF,5,120,14,29,54,1.0,10.0,0.66,0.0,6.5,11.93
103,VEGA.K,AdvisorShares STAR Global Buy-Write ETF,5,120,14,29,54,1.0,10.0,0.66,0.0,5.39,11.93
103,XBJA.K,Innovator US Eqty Accelerated 9 Buffer ETF - Jan,5,120,14,29,54,1.0,10.0,0.66,0.0,5.47,12.59
103,EAOR.K,iShares ESG Aware Growth Allocation ETF,5,120,14,29,54,1.0,10.0,0.66,0.0,5.31,10.53
103,USG,USCF Gold Strategy Plus Income Fund,5,120,14,29,54,1.0,10.0,0.66,0.0,5.33,12.05
103,MDST.K,Westwood Salient Enhanced Midstream Income ETF,5,120,14,29,54,1.0,10.0,0.66,0.0,4.07,12.53
103,WBIL.K,WBI BullBear Quality 3000 ETF,5,120,14,29,54,1.0,10.0,0.66,12.03,3.63,11.32
103,TRND.K,Pacer Trendpilot Fund of Funds ETF,5,120,14,29,54,1.0,10.0,0.66,0.0,5.54,11.27
103,MPAY.K,Akros Monthly Payout ETF,5,120,14,29,54,1.0,10.0,0.66,0.0,3.43,10.56
103,JUNZ.K,TrueShares Structured Outcome (June) ETF,5,120,14,29,54,1.0,10.0,0.66,0.0,6.19,11.69
103,PAPI.K,Parametric Equity Premium Income ETF,5,120,14,29,54,1.0,10.0,0.66,0.0,4.79,9.27
103,XCLR.K,Global X S&P 500 Collar 95-110 ETF,5,120,14,29,54,1.0,10.0,0.66,0.0,5.49,10.42
103,FYLG.K,Global X Financials Covered Call & Growth ETF,5,120,14,29,54,1.0,10.0,0.66,0.0,3.01,11.81
103,VEMY.K,Virtus Stone Harbor Emerging Markets HY Bd ETF,5,120,14,29,54,1.0,10.0,0.66,0.0,3.99,8.94
103,UPGD.K,Invesco Bloomberg Analyst Rating Improvers ETF,5,120,14,29,54,1.0,10.0,0.66,0.0,4.56,9.14
103,CMCI.K,VanEck CMCI Commodity Strategy ETF,5,120,14,29,54,1.0,10.0,0.66,0.0,5.03,10.24
103,MAYZ.K,TrueShares Structured Outcome (May) ETF,5,120,14,29,54,1.0,10.0,0.66,0.0,5.86,11.75
103,EVUS.K,iShares ESG Aware MSCI USA Value ETF,5,120,14,29,54,1.0,10.0,0.66,0.0,5.4,11.24
103,BCIL.K,Bancreek International Large Cap ETF,5,120,14,29,54,1.0,10.0,0.66,0.0,6.29,10.59
103,GHTA.K,Goose Hollow Tactical Allocation ETF,5,120,14,29,54,1.0,10.0,0.66,0.0,5.58,12.59
103,OCIO.K,ClearShares OCIO ETF,5,120,14,29,54,1.0,10.0,0.66,0.0,4.89,11.29
103,PTIN.K,Pacer Trendpilot International ETF,5,120,14,29,54,1.0,10.0,0.66,0.0,3.9,12.73
103,MPRO.K,Monarch ProCap Index ETF,5,120,14,29,54,1.0,10.0,0.66,0.0,4.32,9.75
103,UJUL.K,Innovator US Equity Ultra Buffer ETF - July,5,120,14,29,54,1.0,10.0,0.66,0.0,5.09,9.19
103,SELV.K,SEI Enhanced Low Volatility US Large Cap ETF,5,120,14,29,54,1.0,10.0,0.66,0.0,6.4,12.4
103,XDTE.K,Roundhill S&P 500 0DTE Covered Call Strategy ETF,5,120,14,29,54,1.0,10.0,0.66,0.0,2.98,9.79
103,KJUL.K,Innovator US Small Cap Power Buffer ETF - July,5,120,14,29,54,1.0,10.0,0.66,0.0,5.13,12.04
103,COM,Direxion Auspice Broad Commodity Strategy ETF,5,120,14,29,54,1.0,10.0,0.66,0.0,2.8,10.59
103,SIXJ.K,AllianzIM US LargeCap 6 Month Buffer10 Jan/Jul,5,120,14,29,54,1.0,10.0,0.66,0.0,5.93,10.74
103,PTMC.K,Pacer Trendpilot US Mid Cap ETF,5,120,14,29,54,1.0,10.0,0.66,0.0,4.37,12.15
103,DAUG.K,FT Vest US Equity Deep Buffer ETF - August,5,120,14,29,54,1.0,10.0,0.66,0.0,5.5,9.6
103,HEQT.K,Simplify Hedged Equity ETF,5,120,14,29,54,1.0,10.0,0.66,0.0,4.5,8.77
103,IJUL.K,Innovator Intl Developed Power Buffer ETF - July,5,120,14,29,54,1.0,10.0,0.66,0.0,4.88,11.65
103,GDMA.K,Gadsden Dynamic Multi-Asset ETF,5,120,14,29,54,1.0,10.0,0.66,0.0,4.83,10.92
103,YMAR.K,FT Vest International Equity Mod Buffer ETF - Mar,5,120,14,29,54,1.0,10.0,0.66,0.0,5.59,12.24
103,YDEC.K,FT Vest International Eq Mod Buffer ETF - Dec,5,120,14,29,54,1.0,10.0,0.66,0.0,5.93,11.77
103,PHDG.K,Invesco S&P 500 Downside Hedged ETF,5,120,14,29,54,1.0,10.0,0.66,0.0,4.29,11.27
103,TACK.K,Fairlead Tactical Sector ETF,5,120,14,29,54,1.0,10.0,0.66,0.0,2.65,10.21
103,MSMR.K,McElhenny Sheffield Managed Risk ETF,5,120,14,29,54,1.0,10.0,0.66,17.72,5.62,9.28
103,TOGA.K,Tremblant Global ETF,5,120,14,29,54,1.0,10.0,0.66,0.0,4.48,8.74
103,YJUN.K,FT Vest International Equity Moderate Buffer ETF,5,120,14,29,54,1.0,10.0,0.66,0.0,4.07,12.14
103,GAL,SPDR SSgA Global Allocation ETF,5,120,14,29,54,1.0,10.0,0.66,0.0,3.74,10.98
103,GHTA.K,Goose Hollow Tactical Allocation ETF,5,120,14,24,74,1.0,10.0,0.49,0.0,5.58,12.59
103,OCIO.K,ClearShares OCIO ETF,5,120,14,24,74,1.0,10.0,0.49,0.0,4.89,11.29
103,VEGA.K,AdvisorShares STAR Global Buy-Write ETF,5,120,14,24,74,1.0,10.0,0.49,0.0,5.39,11.93
103,XBJA.K,Innovator US Eqty Accelerated 9 Buffer ETF - Jan,5,120,14,24,74,1.0,10.0,0.49,0.0,5.47,12.59
103,EAOR.K,iShares ESG Aware Growth Allocation ETF,5,120,14,24,74,1.0,10.0,0.49,0.0,5.31,10.53
103,USG,USCF Gold Strategy Plus Income Fund,5,120,14,24,74,1.0,10.0,0.49,0.0,5.33,12.05
103,MDST.K,Westwood Salient Enhanced Midstream Income ETF,5,120,14,24,74,1.0,10.0,0.49,0.0,4.07,12.53
103,WBIL.K,WBI BullBear Quality 3000 ETF,5,120,14,24,74,1.0,10.0,0.49,0.0,3.63,11.32
103,TRND.K,Pacer Trendpilot Fund of Funds ETF,5,120,14,24,74,1.0,10.0,0.49,0.0,5.54,11.27
103,MPAY.K,Akros Monthly Payout ETF,5,120,14,24,74,1.0,10.0,0.49,0.0,3.43,10.56
103,FYLG.K,Global X Financials Covered Call & Growth ETF,5,120,14,24,74,1.0,10.0,0.49,0.0,3.01,11.81
103,JADE.K,JPMorgan Active Developing Markets Equity ETF,5,120,14,24,74,1.0,10.0,0.49,0.0,6.5,11.93
103,JUNZ.K,TrueShares Structured Outcome (June) ETF,5,120,14,24,74,1.0,10.0,0.49,0.0,6.19,11.69
103,XCLR.K,Global X S&P 500 Collar 95-110 ETF,5,120,14,24,74,1.0,10.0,0.49,0.0,5.49,10.42
103,PTIN.K,Pacer Trendpilot International ETF,5,120,14,24,74,1.0,10.0,0.49,0.0,3.9,12.73
103,VEMY.K,Virtus Stone Harbor Emerging Markets HY Bd ETF,5,120,14,24,74,1.0,10.0,0.49,0.0,3.99,8.94
103,UPGD.K,Invesco Bloomberg Analyst Rating Improvers ETF,5,120,14,24,74,1.0,10.0,0.49,0.0,4.56,9.14
103,CMCI.K,VanEck CMCI Commodity Strategy ETF,5,120,14,24,74,1.0,10.0,0.49,0.0,5.03,10.24
103,MAYZ.K,TrueShares Structured Outcome (May) ETF,5,120,14,24,74,1.0,10.0,0.49,0.0,5.86,11.75
103,BCIL.K,Bancreek International Large Cap ETF,5,120,14,24,74,1.0,10.0,0.49,0.0,6.29,10.59
103,EVUS.K,iShares ESG Aware MSCI USA Value ETF,5,120,14,24,74,1.0,10.0,0.49,0.0,5.4,11.24
103,PAPI.K,Parametric Equity Premium Income ETF,5,120,14,24,74,1.0,10.0,0.49,0.0,4.79,9.27
103,SELV.K,SEI Enhanced Low Volatility US Large Cap ETF,5,120,14,24,74,1.0,10.0,0.49,0.0,6.4,12.4
103,DAUG.K,FT Vest US Equity Deep Buffer ETF - August,5,120,14,24,74,1.0,10.0,0.49,0.0,5.5,9.6
103,YDEC.K,FT Vest International Eq Mod Buffer ETF - Dec,5,120,14,24,74,1.0,10.0,0.49,0.0,5.93,11.77
103,JEPI.K,JPMorgan Equity Premium Income ETF,5,120,14,24,74,1.0,10.0,0.49,0.0,3.55,10.6
103,ACWV.K,iShares MSCI Global Min Vol Factor ETF,5,120,14,24,74,1.0,10.0,0.49,0.0,6.46,12.15
103,IJUL.K,Innovator Intl Developed Power Buffer ETF - July,5,120,14,24,74,1.0,10.0,0.49,0.0,4.88,11.65
103,UJUL.K,Innovator US Equity Ultra Buffer ETF - July,5,120,14,24,74,1.0,10.0,0.49,0.0,5.09,9.19
103,XDTE.K,Roundhill S&P 500 0DTE Covered Call Strategy ETF,5,120,14,24,74,1.0,10.0,0.49,0.0,2.98,9.79
103,KJUL.K,Innovator US Small Cap Power Buffer ETF - July,5,120,14,24,74,1.0,10.0,0.49,0.0,5.13,12.04
103,COM,Direxion Auspice Broad Commodity Strategy ETF,5,120,14,24,74,1.0,10.0,0.49,0.0,2.8,10.59
103,SIXJ.K,AllianzIM US LargeCap 6 Month Buffer10 Jan/Jul,5,120,14,24,74,1.0,10.0,0.49,0.0,5.93,10.74
103,PTMC.K,Pacer Trendpilot US Mid Cap ETF,5,120,14,24,74,1.0,10.0,0.49,0.0,4.37,12.15
103,AOR,iShares Core Growth Allocation ETF,5,120,14,24,74,1.0,10.0,0.49,0.0,5.58,10.4
103,HEQT.K,Simplify Hedged Equity ETF,5,120,14,24,74,1.0,10.0,0.49,0.0,4.5,8.77
103,YMAR.K,FT Vest International Equity Mod Buffer ETF - Mar,5,120,14,24,74,1.0,10.0,0.49,0.0,5.59,12.24
103,MPRO.K,Monarch ProCap Index ETF,5,120,14,24,74,1.0,10.0,0.49,0.0,4.32,9.75
103,PHDG.K,Invesco S&P 500 Downside Hedged ETF,5,120,14,24,74,1.0,10.0,0.49,0.0,4.29,11.27
103,TACK.K,Fairlead Tactical Sector ETF,5,120,14,24,74,1.0,10.0,0.49,0.0,2.65,10.21
103,MSMR.K,McElhenny Sheffield Managed Risk ETF,5,120,14,24,74,1.0,10.0,0.49,22.17,5.62,9.28
103,TOGA.K,Tremblant Global ETF,5,120,14,24,74,1.0,10.0,0.49,0.0,4.48,8.74
103,YJUN.K,FT Vest International Equity Moderate Buffer ETF,5,120,14,24,74,1.0,10.0,0.49,0.0,4.07,12.14
103,GAL,SPDR SSgA Global Allocation ETF,5,120,14,24,74,1.0,10.0,0.49,0.0,3.74,10.98
103,GDMA.K,Gadsden Dynamic Multi-Asset ETF,5,120,14,24,74,1.0,10.0,0.49,0.0,4.83,10.92
103,MPAY.K,Akros Monthly Payout ETF,5,120,14,24,79,1.0,10.0,0.45,0.0,3.43,10.56
103,VEGA.K,AdvisorShares STAR Global Buy-Write ETF,5,120,14,24,79,1.0,10.0,0.45,0.0,5.39,11.93
103,XBJA.K,Innovator US Eqty Accelerated 9 Buffer ETF - Jan,5,120,14,24,79,1.0,10.0,0.45,0.0,5.47,12.59
103,EAOR.K,iShares ESG Aware Growth Allocation ETF,5,120,14,24,79,1.0,10.0,0.45,0.0,5.31,10.53
103,USG,USCF Gold Strategy Plus Income Fund,5,120,14,24,79,1.0,10.0,0.45,0.0,5.33,12.05
103,MDST.K,Westwood Salient Enhanced Midstream Income ETF,5,120,14,24,79,1.0,10.0,0.45,0.0,4.07,12.53
103,WBIL.K,WBI BullBear Quality 3000 ETF,5,120,14,24,79,1.0,10.0,0.45,0.0,3.63,11.32
103,TRND.K,Pacer Trendpilot Fund of Funds ETF,5,120,14,24,79,1.0,10.0,0.45,0.0,5.54,11.27
103,GHTA.K,Goose Hollow Tactical Allocation ETF,5,120,14,24,79,1.0,10.0,0.45,0.0,5.58,12.59
103,XCLR.K,Global X S&P 500 Collar 95-110 ETF,5,120,14,24,79,1.0,10.0,0.45,0.0,5.49,10.42
103,OCIO.K,ClearShares OCIO ETF,5,120,14,24,79,1.0,10.0,0.45,0.0,4.89,11.29
103,JADE.K,JPMorgan Active Developing Markets Equity ETF,5,120,14,24,79,1.0,10.0,0.45,0.0,6.5,11.93
103,JUNZ.K,TrueShares Structured Outcome (June) ETF,5,120,14,24,79,1.0,10.0,0.45,0.0,6.19,11.69
103,PTIN.K,Pacer Trendpilot International ETF,5,120,14,24,79,1.0,10.0,0.45,0.0,3.9,12.73
103,FYLG.K,Global X Financials Covered Call & Growth ETF,5,120,14,24,79,1.0,10.0,0.45,0.0,3.01,11.81
103,VEMY.K,Virtus Stone Harbor Emerging Markets HY Bd ETF,5,120,14,24,79,1.0,10.0,0.45,0.0,3.99,8.94
103,UPGD.K,Invesco Bloomberg Analyst Rating Improvers ETF,5,120,14,24,79,1.0,10.0,0.45,0.0,4.56,9.14
103,CMCI.K,VanEck CMCI Commodity Strategy ETF,5,120,14,24,79,1.0,10.0,0.45,0.0,5.03,10.24
103,MAYZ.K,TrueShares Structured Outcome (May) ETF,5,120,14,24,79,1.0,10.0,0.45,0.0,5.86,11.75
103,EVUS.K,iShares ESG Aware MSCI USA Value ETF,5,120,14,24,79,1.0,10.0,0.45,0.0,5.4,11.24
103,BCIL.K,Bancreek International Large Cap ETF,5,120,14,24,79,1.0,10.0,0.45,0.0,6.29,10.59
103,PAPI.K,Parametric Equity Premium Income ETF,5,120,14,24,79,1.0,10.0,0.45,0.0,4.79,9.27
103,TACK.K,Fairlead Tactical Sector ETF,5,120,14,24,79,1.0,10.0,0.45,0.0,2.65,10.21
103,SELV.K,SEI Enhanced Low Volatility US Large Cap ETF,5,120,14,24,79,1.0,10.0,0.45,0.0,6.4,12.4
103,YDEC.K,FT Vest International Eq Mod Buffer ETF - Dec,5,120,14,24,79,1.0,10.0,0.45,0.0,5.93,11.77
103,JEPI.K,JPMorgan Equity Premium Income ETF,5,120,14,24,79,1.0,10.0,0.45,0.0,3.55,10.6
103,ACWV.K,iShares MSCI Global Min Vol Factor ETF,5,120,14,24,79,1.0,10.0,0.45,0.0,6.46,12.15
103,AOR,iShares Core Growth Allocation ETF,5,120,14,24,79,1.0,10.0,0.45,0.0,5.58,10.4
103,IJUL.K,Innovator Intl Developed Power Buffer ETF - July,5,120,14,24,79,1.0,10.0,0.45,0.0,4.88,11.65
103,UJUL.K,Innovator US Equity Ultra Buffer ETF - July,5,120,14,24,79,1.0,10.0,0.45,0.0,5.09,9.19
103,XDTE.K,Roundhill S&P 500 0DTE Covered Call Strategy ETF,5,120,14,24,79,1.0,10.0,0.45,0.0,2.98,9.79
103,KJUL.K,Innovator US Small Cap Power Buffer ETF - July,5,120,14,24,79,1.0,10.0,0.45,0.0,5.13,12.04
103,COM,Direxion Auspice Broad Commodity Strategy ETF,5,120,14,24,79,1.0,10.0,0.45,0.0,2.8,10.59
103,SIXJ.K,AllianzIM US LargeCap 6 Month Buffer10 Jan/Jul,5,120,14,24,79,1.0,10.0,0.45,0.0,5.93,10.74
103,PTMC.K,Pacer Trendpilot US Mid Cap ETF,5,120,14,24,79,1.0,10.0,0.45,0.0,4.37,12.15
103,DAUG.K,FT Vest US Equity Deep Buffer ETF - August,5,120,14,24,79,1.0,10.0,0.45,0.0,5.5,9.6
103,HEQT.K,Simplify Hedged Equity ETF,5,120,14,24,79,1.0,10.0,0.45,0.0,4.5,8.77
103,GDMA.K,Gadsden Dynamic Multi-Asset ETF,5,120,14,24,79,1.0,10.0,0.45,0.0,4.83,10.92
103,GAL,SPDR SSgA Global Allocation ETF,5,120,14,24,79,1.0,10.0,0.45,0.0,3.74,10.98
103,YJUN.K,FT Vest International Equity Moderate Buffer ETF,5,120,14,24,79,1.0,10.0,0.45,0.0,4.07,12.14
103,TOGA.K,Tremblant Global ETF,5,120,14,24,79,1.0,10.0,0.45,0.0,4.48,8.74
103,YMAR.K,FT Vest International Equity Mod Buffer ETF - Mar,5,120,14,24,79,1.0,10.0,0.45,0.0,5.59,12.24
103,PHDG.K,Invesco S&P 500 Downside Hedged ETF,5,120,14,24,79,1.0,10.0,0.45,0.0,4.29,11.27
103,MSMR.K,McElhenny Sheffield Managed Risk ETF,5,120,14,24,79,1.0,10.0,0.45,20.11,5.62,9.28
103,MPRO.K,Monarch ProCap Index ETF,5,120,14,24,79,1.0,10.0,0.45,0.0,4.32,9.75
103,JEPI.K,JPMorgan Equity Premium Income ETF,5,120,14,24,54,1.0,10.0,0.39,0.0,3.55,10.6
103,BCIL.K,Bancreek International Large Cap ETF,5,120,14,24,54,1.0,10.0,0.39,0.0,6.29,10.59
103,YDEC.K,FT Vest International Eq Mod Buffer ETF - Dec,5,120,14,24,54,1.0,10.0,0.39,0.0,5.93,11.77
103,PHDG.K,Invesco S&P 500 Downside Hedged ETF,5,120,14,24,54,1.0,10.0,0.39,0.0,4.29,11.27
103,TACK.K,Fairlead Tactical Sector ETF,5,120,14,24,54,1.0,10.0,0.39,0.0,2.65,10.21
103,YMAR.K,FT Vest International Equity Mod Buffer ETF - Mar,5,120,14,24,54,1.0,10.0,0.39,0.0,5.59,12.24
103,TOGA.K,Tremblant Global ETF,5,120,14,24,54,1.0,10.0,0.39,0.0,4.48,8.74
103,YJUN.K,FT Vest International Equity Moderate Buffer ETF,5,120,14,24,54,1.0,10.0,0.39,0.0,4.07,12.14
103,GAL,SPDR SSgA Global Allocation ETF,5,120,14,24,54,1.0,10.0,0.39,0.0,3.74,10.98
103,GDMA.K,Gadsden Dynamic Multi-Asset ETF,5,120,14,24,54,1.0,10.0,0.39,0.0,4.83,10.92
103,MPRO.K,Monarch ProCap Index ETF,5,120,14,24,54,1.0,10.0,0.39,0.0,4.32,9.75
103,DAUG.K,FT Vest US Equity Deep Buffer ETF - August,5,120,14,24,54,1.0,10.0,0.39,0.0,5.5,9.6
103,PTMC.K,Pacer Trendpilot US Mid Cap ETF,5,120,14,24,54,1.0,10.0,0.39,0.0,4.37,12.15
103,SIXJ.K,AllianzIM US LargeCap 6 Month Buffer10 Jan/Jul,5,120,14,24,54,1.0,10.0,0.39,0.0,5.93,10.74
103,COM,Direxion Auspice Broad Commodity Strategy ETF,5,120,14,24,54,1.0,10.0,0.39,0.0,2.8,10.59
103,KJUL.K,Innovator US Small Cap Power Buffer ETF - July,5,120,14,24,54,1.0,10.0,0.39,0.0,5.13,12.04
103,XDTE.K,Roundhill S&P 500 0DTE Covered Call Strategy ETF,5,120,14,24,54,1.0,10.0,0.39,0.0,2.98,9.79
103,UJUL.K,Innovator US Equity Ultra Buffer ETF - July,5,120,14,24,54,1.0,10.0,0.39,0.0,5.09,9.19
103,IJUL.K,Innovator Intl Developed Power Buffer ETF - July,5,120,14,24,54,1.0,10.0,0.39,0.0,4.88,11.65
103,AOR,iShares Core Growth Allocation ETF,5,120,14,24,54,1.0,10.0,0.39,0.0,5.58,10.4
103,ACWV.K,iShares MSCI Global Min Vol Factor ETF,5,120,14,24,54,1.0,10.0,0.39,0.0,6.46,12.15
103,EVUS.K,iShares ESG Aware MSCI USA Value ETF,5,120,14,24,54,1.0,10.0,0.39,0.0,5.4,11.24
103,MSMR.K,McElhenny Sheffield Managed Risk ETF,5,120,14,24,54,1.0,10.0,0.39,17.72,5.62,9.28
103,HEQT.K,Simplify Hedged Equity ETF,5,120,14,24,54,1.0,10.0,0.39,0.0,4.5,8.77
103,SELV.K,SEI Enhanced Low Volatility US Large Cap ETF,5,120,14,24,54,1.0,10.0,0.39,0.0,6.4,12.4
103,TRND.K,Pacer Trendpilot Fund of Funds ETF,5,120,14,24,54,1.0,10.0,0.39,0.0,5.54,11.27
103,PTIN.K,Pacer Trendpilot International ETF,5,120,14,24,54,1.0,10.0,0.39,0.0,3.9,12.73
103,CMCI.K,VanEck CMCI Commodity Strategy ETF,5,120,14,24,54,1.0,10.0,0.39,0.0,5.03,10.24
103,UPGD.K,Invesco Bloomberg Analyst Rating Improvers ETF,5,120,14,24,54,1.0,10.0,0.39,0.0,4.56,9.14
103,VEMY.K,Virtus Stone Harbor Emerging Markets HY Bd ETF,5,120,14,24,54,1.0,10.0,0.39,0.0,3.99,8.94
103,FYLG.K,Global X Financials Covered Call & Growth ETF,5,120,14,24,54,1.0,10.0,0.39,0.0,3.01,11.81
103,XCLR.K,Global X S&P 500 Collar 95-110 ETF,5,120,14,24,54,1.0,10.0,0.39,0.0,5.49,10.42
103,JADE.K,JPMorgan Active Developing Markets Equity ETF,5,120,14,24,54,1.0,10.0,0.39,0.0,6.5,11.93
103,OCIO.K,ClearShares OCIO ETF,5,120,14,24,54,1.0,10.0,0.39,0.0,4.89,11.29
103,MPAY.K,Akros Monthly Payout ETF,5,120,14,24,54,1.0,10.0,0.39,0.0,3.43,10.56
103,JUNZ.K,TrueShares Structured Outcome (June) ETF,5,120,14,24,54,1.0,10.0,0.39,0.0,6.19,11.69
103,PAPI.K,Parametric Equity Premium Income ETF,5,120,14,24,54,1.0,10.0,0.39,0.0,4.79,9.27
103,XBJA.K,Innovator US Eqty Accelerated 9 Buffer ETF - Jan,5,120,14,24,54,1.0,10.0,0.39,0.0,5.47,12.59
103,WBIL.K,WBI BullBear Quality 3000 ETF,5,120,14,24,54,1.0,10.0,0.39,0.0,3.63,11.32
103,GHTA.K,Goose Hollow Tactical Allocation ETF,5,120,14,24,54,1.0,10.0,0.39,0.0,5.58,12.59
103,VEGA.K,AdvisorShares STAR Global Buy-Write ETF,5,120,14,24,54,1.0,10.0,0.39,0.0,5.39,11.93
103,MAYZ.K,TrueShares Structured Outcome (May) ETF,5,120,14,24,54,1.0,10.0,0.39,0.0,5.86,11.75
103,EAOR.K,iShares ESG Aware Growth Allocation ETF,5,120,14,24,54,1.0,10.0,0.39,0.0,5.31,10.53
103,USG,USCF Gold Strategy Plus Income Fund,5,120,14,24,54,1.0,10.0,0.39,0.0,5.33,12.05
103,MDST.K,Westwood Salient Enhanced Midstream Income ETF,5,120,14,24,54,1.0,10.0,0.39,0.0,4.07,12.53
103,DAUG.K,FT Vest US Equity Deep Buffer ETF - August,5,60,14,24,79,1.0,10.0,0.25,0.0,5.5,9.6
103,PHDG.K,Invesco S&P 500 Downside Hedged ETF,5,60,14,24,79,1.0,10.0,0.25,0.0,4.29,11.27
103,TACK.K,Fairlead Tactical Sector ETF,5,60,14,24,79,1.0,10.0,0.25,0.0,2.65,10.21
103,YMAR.K,FT Vest International Equity Mod Buffer ETF - Mar,5,60,14,24,79,1.0,10.0,0.25,0.0,5.59,12.24
103,TOGA.K,Tremblant Global ETF,5,60,14,24,79,1.0,10.0,0.25,0.0,4.48,8.74
103,YJUN.K,FT Vest International Equity Moderate Buffer ETF,5,60,14,24,79,1.0,10.0,0.25,0.0,4.07,12.14
103,GAL,SPDR SSgA Global Allocation ETF,5,60,14,24,79,1.0,10.0,0.25,0.0,3.74,10.98
103,GDMA.K,Gadsden Dynamic Multi-Asset ETF,5,60,14,24,79,1.0,10.0,0.25,0.0,4.83,10.92
103,MPRO.K,Monarch ProCap Index ETF,5,60,14,24,79,1.0,10.0,0.25,0.0,4.32,9.75
103,MSMR.K,McElhenny Sheffield Managed Risk ETF,5,60,14,24,79,1.0,10.0,0.25,0.0,5.62,9.28
103,JEPI.K,JPMorgan Equity Premium Income ETF,5,60,14,24,79,1.0,10.0,0.25,0.0,3.55,10.6
103,PTMC.K,Pacer Trendpilot US Mid Cap ETF,5,60,14,24,79,1.0,10.0,0.25,0.0,4.37,12.15
103,SIXJ.K,AllianzIM US LargeCap 6 Month Buffer10 Jan/Jul,5,60,14,24,79,1.0,10.0,0.25,0.0,5.93,10.74
103,COM,Direxion Auspice Broad Commodity Strategy ETF,5,60,14,24,79,1.0,10.0,0.25,0.0,2.8,10.59
103,KJUL.K,Innovator US Small Cap Power Buffer ETF - July,5,60,14,24,79,1.0,10.0,0.25,0.0,5.13,12.04
103,XDTE.K,Roundhill S&P 500 0DTE Covered Call Strategy ETF,5,60,14,24,79,1.0,10.0,0.25,0.0,2.98,9.79
103,UJUL.K,Innovator US Equity Ultra Buffer ETF - July,5,60,14,24,79,1.0,10.0,0.25,0.0,5.09,9.19
103,IJUL.K,Innovator Intl Developed Power Buffer ETF - July,5,60,14,24,79,1.0,10.0,0.25,0.0,4.88,11.65
103,AOR,iShares Core Growth Allocation ETF,5,60,14,24,79,1.0,10.0,0.25,0.0,5.58,10.4
103,ACWV.K,iShares MSCI Global Min Vol Factor ETF,5,60,14,24,79,1.0,10.0,0.25,0.0,6.46,12.15
103,SELV.K,SEI Enhanced Low Volatility US Large Cap ETF,5,60,14,24,79,1.0,10.0,0.25,0.0,6.4,12.4
103,YDEC.K,FT Vest International Eq Mod Buffer ETF - Dec,5,60,14,24,79,1.0,10.0,0.25,0.0,5.93,11.77
103,HEQT.K,Simplify Hedged Equity ETF,5,60,14,24,79,1.0,10.0,0.25,0.0,4.5,8.77
103,PTIN.K,Pacer Trendpilot International ETF,5,60,14,24,79,1.0,10.0,0.25,0.0,3.9,12.73
103,JADE.K,JPMorgan Active Developing Markets Equity ETF,5,60,14,24,79,1.0,10.0,0.25,0.0,6.5,11.93
103,BCIL.K,Bancreek International Large Cap ETF,5,60,14,24,79,1.0,10.0,0.25,0.0,6.29,10.59
103,EVUS.K,iShares ESG Aware MSCI USA Value ETF,5,60,14,24,79,1.0,10.0,0.25,0.0,5.4,11.24
103,MAYZ.K,TrueShares Structured Outcome (May) ETF,5,60,14,24,79,1.0,10.0,0.25,0.0,5.86,11.75
103,CMCI.K,VanEck CMCI Commodity Strategy ETF,5,60,14,24,79,1.0,10.0,0.25,0.0,5.03,10.24
103,UPGD.K,Invesco Bloomberg Analyst Rating Improvers ETF,5,60,14,24,79,1.0,10.0,0.25,0.0,4.56,9.14
103,VEMY.K,Virtus Stone Harbor Emerging Markets HY Bd ETF,5,60,14,24,79,1.0,10.0,0.25,0.0,3.99,8.94
103,FYLG.K,Global X Financials Covered Call & Growth ETF,5,60,14,24,79,1.0,10.0,0.25,0.0,3.01,11.81
103,XCLR.K,Global X S&P 500 Collar 95-110 ETF,5,60,14,24,79,1.0,10.0,0.25,0.0,5.49,10.42
103,JUNZ.K,TrueShares Structured Outcome (June) ETF,5,60,14,24,79,1.0,10.0,0.25,0.0,6.19,11.69
103,PAPI.K,Parametric Equity Premium Income ETF,5,60,14,24,79,1.0,10.0,0.25,0.0,4.79,9.27
103,OCIO.K,ClearShares OCIO ETF,5,60,14,24,79,1.0,10.0,0.25,0.0,4.89,11.29
103,TRND.K,Pacer Trendpilot Fund of Funds ETF,5,60,14,24,79,1.0,10.0,0.25,0.0,5.54,11.27
103,WBIL.K,WBI BullBear Quality 3000 ETF,5,60,14,24,79,1.0,10.0,0.25,11.06,3.63,11.32
103,MDST.K,Westwood Salient Enhanced Midstream Income ETF,5,60,14,24,79,1.0,10.0,0.25,0.0,4.07,12.53
103,USG,USCF Gold Strategy Plus Income Fund,5,60,14,24,79,1.0,10.0,0.25,0.0,5.33,12.05
103,EAOR.K,iShares ESG Aware Growth Allocation ETF,5,60,14,24,79,1.0,10.0,0.25,0.0,5.31,10.53
103,XBJA.K,Innovator US Eqty Accelerated 9 Buffer ETF - Jan,5,60,14,24,79,1.0,10.0,0.25,0.0,5.47,12.59
103,VEGA.K,AdvisorShares STAR Global Buy-Write ETF,5,60,14,24,79,1.0,10.0,0.25,0.0,5.39,11.93
103,GHTA.K,Goose Hollow Tactical Allocation ETF,5,60,14,24,79,1.0,10.0,0.25,0.0,5.58,12.59
103,MPAY.K,Akros Monthly Payout ETF,5,60,14,24,79,1.0,10.0,0.25,0.0,3.43,10.56
103,TOGA.K,Tremblant Global ETF,5,60,14,24,74,1.0,10.0,0.2,0.0,4.48,8.74
103,GDMA.K,Gadsden Dynamic Multi-Asset ETF,5,60,14,24,74,1.0,10.0,0.2,0.0,4.83,10.92
103,GAL,SPDR SSgA Global Allocation ETF,5,60,14,24,74,1.0,10.0,0.2,0.0,3.74,10.98
103,YJUN.K,FT Vest International Equity Moderate Buffer ETF,5,60,14,24,74,1.0,10.0,0.2,0.0,4.07,12.14
103,YDEC.K,FT Vest International Eq Mod Buffer ETF - Dec,5,60,14,24,74,1.0,10.0,0.2,0.0,5.93,11.77
103,YMAR.K,FT Vest International Equity Mod Buffer ETF - Mar,5,60,14,24,74,1.0,10.0,0.2,0.0,5.59,12.24
103,TACK.K,Fairlead Tactical Sector ETF,5,60,14,24,74,1.0,10.0,0.2,0.0,2.65,10.21
103,PHDG.K,Invesco S&P 500 Downside Hedged ETF,5,60,14,24,74,1.0,10.0,0.2,0.0,4.29,11.27
103,MSMR.K,McElhenny Sheffield Managed Risk ETF,5,60,14,24,74,1.0,10.0,0.2,0.0,5.62,9.28
103,HEQT.K,Simplify Hedged Equity ETF,5,60,14,24,74,1.0,10.0,0.2,0.0,4.5,8.77
103,MPRO.K,Monarch ProCap Index ETF,5,60,14,24,74,1.0,10.0,0.2,0.0,4.32,9.75
103,KJUL.K,Innovator US Small Cap Power Buffer ETF - July,5,60,14,24,74,1.0,10.0,0.2,0.0,5.13,12.04
103,DAUG.K,FT Vest US Equity Deep Buffer ETF - August,5,60,14,24,74,1.0,10.0,0.2,0.0,5.5,9.6
103,PTMC.K,Pacer Trendpilot US Mid Cap ETF,5,60,14,24,74,1.0,10.0,0.2,0.0,4.37,12.15
103,SIXJ.K,AllianzIM US LargeCap 6 Month Buffer10 Jan/Jul,5,60,14,24,74,1.0,10.0,0.2,0.0,5.93,10.74
103,COM,Direxion Auspice Broad Commodity Strategy ETF,5,60,14,24,74,1.0,10.0,0.2,0.0,2.8,10.59
103,XDTE.K,Roundhill S&P 500 0DTE Covered Call Strategy ETF,5,60,14,24,74,1.0,10.0,0.2,0.0,2.98,9.79
103,UJUL.K,Innovator US Equity Ultra Buffer ETF - July,5,60,14,24,74,1.0,10.0,0.2,0.0,5.09,9.19
103,IJUL.K,Innovator Intl Developed Power Buffer ETF - July,5,60,14,24,74,1.0,10.0,0.2,0.0,4.88,11.65
103,AOR,iShares Core Growth Allocation ETF,5,60,14,24,74,1.0,10.0,0.2,0.0,5.58,10.4
103,ACWV.K,iShares MSCI Global Min Vol Factor ETF,5,60,14,24,74,1.0,10.0,0.2,0.0,6.46,12.15
103,SELV.K,SEI Enhanced Low Volatility US Large Cap ETF,5,60,14,24,74,1.0,10.0,0.2,0.0,6.4,12.4
103,JEPI.K,JPMorgan Equity Premium Income ETF,5,60,14,24,74,1.0,10.0,0.2,0.0,3.55,10.6
103,PTIN.K,Pacer Trendpilot International ETF,5,60,14,24,74,1.0,10.0,0.2,0.0,3.9,12.73
103,PAPI.K,Parametric Equity Premium Income ETF,5,60,14,24,74,1.0,10.0,0.2,0.0,4.79,9.27
103,JADE.K,JPMorgan Active Developing Markets Equity ETF,5,60,14,24,74,1.0,10.0,0.2,0.0,6.5,11.93
103,GHTA.K,Goose Hollow Tactical Allocation ETF,5,60,14,24,74,1.0,10.0,0.2,0.0,5.58,12.59
103,BCIL.K,Bancreek International Large Cap ETF,5,60,14,24,74,1.0,10.0,0.2,0.0,6.29,10.59
103,EVUS.K,iShares ESG Aware MSCI USA Value ETF,5,60,14,24,74,1.0,10.0,0.2,0.0,5.4,11.24
103,MAYZ.K,TrueShares Structured Outcome (May) ETF,5,60,14,24,74,1.0,10.0,0.2,0.0,5.86,11.75
103,CMCI.K,VanEck CMCI Commodity Strategy ETF,5,60,14,24,74,1.0,10.0,0.2,0.0,5.03,10.24
103,UPGD.K,Invesco Bloomberg Analyst Rating Improvers ETF,5,60,14,24,74,1.0,10.0,0.2,0.0,4.56,9.14
103,FYLG.K,Global X Financials Covered Call & Growth ETF,5,60,14,24,74,1.0,10.0,0.2,0.0,3.01,11.81
103,XCLR.K,Global X S&P 500 Collar 95-110 ETF,5,60,14,24,74,1.0,10.0,0.2,0.0,5.49,10.42
103,JUNZ.K,TrueShares Structured Outcome (June) ETF,5,60,14,24,74,1.0,10.0,0.2,0.0,6.19,11.69
103,VEMY.K,Virtus Stone Harbor Emerging Markets HY Bd ETF,5,60,14,24,74,1.0,10.0,0.2,0.0,3.99,8.94
103,OCIO.K,ClearShares OCIO ETF,5,60,14,24,74,1.0,10.0,0.2,0.0,4.89,11.29
103,USG,USCF Gold Strategy Plus Income Fund,5,60,14,24,74,1.0,10.0,0.2,0.0,5.33,12.05
103,MPAY.K,Akros Monthly Payout ETF,5,60,14,24,74,1.0,10.0,0.2,0.0,3.43,10.56
103,XBJA.K,Innovator US Eqty Accelerated 9 Buffer ETF - Jan,5,60,14,24,74,1.0,10.0,0.2,0.0,5.47,12.59
103,EAOR.K,iShares ESG Aware Growth Allocation ETF,5,60,14,24,74,1.0,10.0,0.2,0.0,5.31,10.53
103,VEGA.K,AdvisorShares STAR Global Buy-Write ETF,5,60,14,24,74,1.0,10.0,0.2,0.0,5.39,11.93
103,MDST.K,Westwood Salient Enhanced Midstream Income ETF,5,60,14,24,74,1.0,10.0,0.2,0.0,4.07,12.53
103,WBIL.K,WBI BullBear Quality 3000 ETF,5,60,14,24,74,1.0,10.0,0.2,9.06,3.63,11.32
103,TRND.K,Pacer Trendpilot Fund of Funds ETF,5,60,14,24,74,1.0,10.0,0.2,0.0,5.54,11.27
103,HEQT.K,Simplify Hedged Equity ETF,5,60,14,24,69,1.0,10.0,0.17,0.0,4.5,8.77
103,MSMR.K,McElhenny Sheffield Managed Risk ETF,5,60,14,24,69,1.0,10.0,0.17,0.0,5.62,9.28
103,PHDG.K,Invesco S&P 500 Downside Hedged ETF,5,60,14,24,69,1.0,10.0,0.17,0.0,4.29,11.27
103,TACK.K,Fairlead Tactical Sector ETF,5,60,14,24,69,1.0,10.0,0.17,0.0,2.65,10.21
103,YMAR.K,FT Vest International Equity Mod Buffer ETF - Mar,5,60,14,24,69,1.0,10.0,0.17,0.0,5.59,12.24
103,TOGA.K,Tremblant Global ETF,5,60,14,24,69,1.0,10.0,0.17,0.0,4.48,8.74
103,YJUN.K,FT Vest International Equity Moderate Buffer ETF,5,60,14,24,69,1.0,10.0,0.17,0.0,4.07,12.14
103,GAL,SPDR SSgA Global Allocation ETF,5,60,14,24,69,1.0,10.0,0.17,0.0,3.74,10.98
103,GDMA.K,Gadsden Dynamic Multi-Asset ETF,5,60,14,24,69,1.0,10.0,0.17,0.0,4.83,10.92
103,MPRO.K,Monarch ProCap Index ETF,5,60,14,24,69,1.0,10.0,0.17,0.0,4.32,9.75
103,JEPI.K,JPMorgan Equity Premium Income ETF,5,60,14,24,69,1.0,10.0,0.17,0.0,3.55,10.6
103,DAUG.K,FT Vest US Equity Deep Buffer ETF - August,5,60,14,24,69,1.0,10.0,0.17,0.0,5.5,9.6
103,PTMC.K,Pacer Trendpilot US Mid Cap ETF,5,60,14,24,69,1.0,10.0,0.17,0.0,4.37,12.15
103,SIXJ.K,AllianzIM US LargeCap 6 Month Buffer10 Jan/Jul,5,60,14,24,69,1.0,10.0,0.17,0.0,5.93,10.74
103,COM,Direxion Auspice Broad Commodity Strategy ETF,5,60,14,24,69,1.0,10.0,0.17,0.0,2.8,10.59
103,KJUL.K,Innovator US Small Cap Power Buffer ETF - July,5,60,14,24,69,1.0,10.0,0.17,0.0,5.13,12.04
103,XDTE.K,Roundhill S&P 500 0DTE Covered Call Strategy ETF,5,60,14,24,69,1.0,10.0,0.17,0.0,2.98,9.79
103,UJUL.K,Innovator US Equity Ultra Buffer ETF - July,5,60,14,24,69,1.0,10.0,0.17,0.0,5.09,9.19
103,IJUL.K,Innovator Intl Developed Power Buffer ETF - July,5,60,14,24,69,1.0,10.0,0.17,0.0,4.88,11.65
103,AOR,iShares Core Growth Allocation ETF,5,60,14,24,69,1.0,10.0,0.17,0.0,5.58,10.4
103,ACWV.K,iShares MSCI Global Min Vol Factor ETF,5,60,14,24,69,1.0,10.0,0.17,0.0,6.46,12.15
103,YDEC.K,FT Vest International Eq Mod Buffer ETF - Dec,5,60,14,24,69,1.0,10.0,0.17,0.0,5.93,11.77
103,SELV.K,SEI Enhanced Low Volatility US Large Cap ETF,5,60,14,24,69,1.0,10.0,0.17,0.0,6.4,12.4
103,PTIN.K,Pacer Trendpilot International ETF,5,60,14,24,69,1.0,10.0,0.17,0.0,3.9,12.73
103,JADE.K,JPMorgan Active Developing Markets Equity ETF,5,60,14,24,69,1.0,10.0,0.17,0.0,6.5,11.93
103,PAPI.K,Parametric Equity Premium Income ETF,5,60,14,24,69,1.0,10.0,0.17,0.0,4.79,9.27
103,EVUS.K,iShares ESG Aware MSCI USA Value ETF,5,60,14,24,69,1.0,10.0,0.17,0.0,5.4,11.24
103,MAYZ.K,TrueShares Structured Outcome (May) ETF,5,60,14,24,69,1.0,10.0,0.17,0.0,5.86,11.75
103,CMCI.K,VanEck CMCI Commodity Strategy ETF,5,60,14,24,69,1.0,10.0,0.17,0.0,5.03,10.24
103,UPGD.K,Invesco Bloomberg Analyst Rating Improvers ETF,5,60,14,24,69,1.0,10.0,0.17,0.0,4.56,9.14
103,VEMY.K,Virtus Stone Harbor Emerging Markets HY Bd ETF,5,60,14,24,69,1.0,10.0,0.17,0.0,3.99,8.94
103,FYLG.K,Global X Financials Covered Call & Growth ETF,5,60,14,24,69,1.0,10.0,0.17,0.0,3.01,11.81
103,XCLR.K,Global X S&P 500 Collar 95-110 ETF,5,60,14,24,69,1.0,10.0,0.17,0.0,5.49,10.42
103,JUNZ.K,TrueShares Structured Outcome (June) ETF,5,60,14,24,69,1.0,10.0,0.17,0.0,6.19,11.69
103,BCIL.K,Bancreek International Large Cap ETF,5,60,14,24,69,1.0,10.0,0.17,0.0,6.29,10.59
103,OCIO.K,ClearShares OCIO ETF,5,60,14,24,69,1.0,10.0,0.17,0.0,4.89,11.29
103,EAOR.K,iShares ESG Aware Growth Allocation ETF,5,60,14,24,69,1.0,10.0,0.17,0.0,5.31,10.53
103,MPAY.K,Akros Monthly Payout ETF,5,60,14,24,69,1.0,10.0,0.17,0.0,3.43,10.56
103,VEGA.K,AdvisorShares STAR Global Buy-Write ETF,5,60,14,24,69,1.0,10.0,0.17,0.0,5.39,11.93
103,XBJA.K,Innovator US Eqty Accelerated 9 Buffer ETF - Jan,5,60,14,24,69,1.0,10.0,0.17,0.0,5.47,12.59
103,GHTA.K,Goose Hollow Tactical Allocation ETF,5,60,14,24,69,1.0,10.0,0.17,0.0,5.58,12.59
103,USG,USCF Gold Strategy Plus Income Fund,5,60,14,24,69,1.0,10.0,0.17,0.0,5.33,12.05
103,MDST.K,Westwood Salient Enhanced Midstream Income ETF,5,60,14,24,69,1.0,10.0,0.17,0.0,4.07,12.53
103,WBIL.K,WBI BullBear Quality 3000 ETF,5,60,14,24,69,1.0,10.0,0.17,7.66,3.63,11.32
103,TRND.K,Pacer Trendpilot Fund of Funds ETF,5,60,14,24,69,1.0,10.0,0.17,0.0,5.54,11.27
103,PAPI.K,Parametric Equity Premium Income ETF,5,60,14,24,59,1.0,10.0,0.14,0.0,4.79,9.27
103,MPAY.K,Akros Monthly Payout ETF,5,60,14,24,59,1.0,10.0,0.14,0.0,3.43,10.56
103,VEGA.K,AdvisorShares STAR Global Buy-Write ETF,5,60,14,24,59,1.0,10.0,0.14,0.0,5.39,11.93
103,XBJA.K,Innovator US Eqty Accelerated 9 Buffer ETF - Jan,5,60,14,24,59,1.0,10.0,0.14,0.0,5.47,12.59
103,EAOR.K,iShares ESG Aware Growth Allocation ETF,5,60,14,24,59,1.0,10.0,0.14,0.0,5.31,10.53
103,USG,USCF Gold Strategy Plus Income Fund,5,60,14,24,59,1.0,10.0,0.14,0.0,5.33,12.05
103,MDST.K,Westwood Salient Enhanced Midstream Income ETF,5,60,14,24,59,1.0,10.0,0.14,0.0,4.07,12.53
103,WBIL.K,WBI BullBear Quality 3000 ETF,5,60,14,24,59,1.0,10.0,0.14,6.32,3.63,11.32
103,TRND.K,Pacer Trendpilot Fund of Funds ETF,5,60,14,24,59,1.0,10.0,0.14,0.0,5.54,11.27
103,GHTA.K,Goose Hollow Tactical Allocation ETF,5,60,14,24,59,1.0,10.0,0.14,0.0,5.58,12.59
103,FYLG.K,Global X Financials Covered Call & Growth ETF,5,60,14,24,59,1.0,10.0,0.14,0.0,3.01,11.81
103,JADE.K,JPMorgan Active Developing Markets Equity ETF,5,60,14,24,59,1.0,10.0,0.14,0.0,6.5,11.93
103,JUNZ.K,TrueShares Structured Outcome (June) ETF,5,60,14,24,59,1.0,10.0,0.14,0.0,6.19,11.69
103,XCLR.K,Global X S&P 500 Collar 95-110 ETF,5,60,14,24,59,1.0,10.0,0.14,0.0,5.49,10.42
103,VEMY.K,Virtus Stone Harbor Emerging Markets HY Bd ETF,5,60,14,24,59,1.0,10.0,0.14,0.0,3.99,8.94
103,UPGD.K,Invesco Bloomberg Analyst Rating Improvers ETF,5,60,14,24,59,1.0,10.0,0.14,0.0,4.56,9.14
103,CMCI.K,VanEck CMCI Commodity Strategy ETF,5,60,14,24,59,1.0,10.0,0.14,0.0,5.03,10.24
103,MAYZ.K,TrueShares Structured Outcome (May) ETF,5,60,14,24,59,1.0,10.0,0.14,0.0,5.86,11.75
103,EVUS.K,iShares ESG Aware MSCI USA Value ETF,5,60,14,24,59,1.0,10.0,0.14,0.0,5.4,11.24
103,SELV.K,SEI Enhanced Low Volatility US Large Cap ETF,5,60,14,24,59,1.0,10.0,0.14,0.0,6.4,12.4
103,PTIN.K,Pacer Trendpilot International ETF,5,60,14,24,59,1.0,10.0,0.14,0.0,3.9,12.73
103,HEQT.K,Simplify Hedged Equity ETF,5,60,14,24,59,1.0,10.0,0.14,0.0,4.5,8.77
103,YDEC.K,FT Vest International Eq Mod Buffer ETF - Dec,5,60,14,24,59,1.0,10.0,0.14,0.0,5.93,11.77
103,PTMC.K,Pacer Trendpilot US Mid Cap ETF,5,60,14,24,59,1.0,10.0,0.14,0.0,4.37,12.15
103,JEPI.K,JPMorgan Equity Premium Income ETF,5,60,14,24,59,1.0,10.0,0.14,0.0,3.55,10.6
103,ACWV.K,iShares MSCI Global Min Vol Factor ETF,5,60,14,24,59,1.0,10.0,0.14,0.0,6.46,12.15
103,AOR,iShares Core Growth Allocation ETF,5,60,14,24,59,1.0,10.0,0.14,0.0,5.58,10.4
103,IJUL.K,Innovator Intl Developed Power Buffer ETF - July,5,60,14,24,59,1.0,10.0,0.14,0.0,4.88,11.65
103,UJUL.K,Innovator US Equity Ultra Buffer ETF - July,5,60,14,24,59,1.0,10.0,0.14,0.0,5.09,9.19
103,XDTE.K,Roundhill S&P 500 0DTE Covered Call Strategy ETF,5,60,14,24,59,1.0,10.0,0.14,0.0,2.98,9.79
103,KJUL.K,Innovator US Small Cap Power Buffer ETF - July,5,60,14,24,59,1.0,10.0,0.14,0.0,5.13,12.04
103,COM,Direxion Auspice Broad Commodity Strategy ETF,5,60,14,24,59,1.0,10.0,0.14,0.0,2.8,10.59
103,SIXJ.K,AllianzIM US LargeCap 6 Month Buffer10 Jan/Jul,5,60,14,24,59,1.0,10.0,0.14,0.0,5.93,10.74
103,DAUG.K,FT Vest US Equity Deep Buffer ETF - August,5,60,14,24,59,1.0,10.0,0.14,0.0,5.5,9.6
103,MSMR.K,McElhenny Sheffield Managed Risk ETF,5,60,14,24,59,1.0,10.0,0.14,0.0,5.62,9.28
103,JEPI.K,JPMorgan Equity Premium Income ETF,5,60,14,24,64,1.0,10.0,0.14,0.0,3.55,10.6
103,MPRO.K,Monarch ProCap Index ETF,5,60,14,24,59,1.0,10.0,0.14,0.0,4.32,9.75
103,GDMA.K,Gadsden Dynamic Multi-Asset ETF,5,60,14,24,59,1.0,10.0,0.14,0.0,4.83,10.92
103,GAL,SPDR SSgA Global Allocation ETF,5,60,14,24,59,1.0,10.0,0.14,0.0,3.74,10.98
103,YJUN.K,FT Vest International Equity Moderate Buffer ETF,5,60,14,24,59,1.0,10.0,0.14,0.0,4.07,12.14
103,TOGA.K,Tremblant Global ETF,5,60,14,24,59,1.0,10.0,0.14,0.0,4.48,8.74
103,YMAR.K,FT Vest International Equity Mod Buffer ETF - Mar,5,60,14,24,59,1.0,10.0,0.14,0.0,5.59,12.24
103,TACK.K,Fairlead Tactical Sector ETF,5,60,14,24,59,1.0,10.0,0.14,0.0,2.65,10.21
103,PHDG.K,Invesco S&P 500 Downside Hedged ETF,5,60,14,24,59,1.0,10.0,0.14,0.0,4.29,11.27
103,BCIL.K,Bancreek International Large Cap ETF,5,60,14,24,59,1.0,10.0,0.14,0.0,6.29,10.59
103,OCIO.K,ClearShares OCIO ETF,5,60,14,24,59,1.0,10.0,0.14,0.0,4.89,11.29
103,ACWV.K,iShares MSCI Global Min Vol Factor ETF,5,60,14,24,64,1.0,10.0,0.14,0.0,6.46,12.15
103,PAPI.K,Parametric Equity Premium Income ETF,5,60,14,24,64,1.0,10.0,0.14,0.0,4.79,9.27
103,VEGA.K,AdvisorShares STAR Global Buy-Write ETF,5,60,14,24,64,1.0,10.0,0.14,0.0,5.39,11.93
103,XBJA.K,Innovator US Eqty Accelerated 9 Buffer ETF - Jan,5,60,14,24,64,1.0,10.0,0.14,0.0,5.47,12.59
103,EAOR.K,iShares ESG Aware Growth Allocation ETF,5,60,14,24,64,1.0,10.0,0.14,0.0,5.31,10.53
103,USG,USCF Gold Strategy Plus Income Fund,5,60,14,24,64,1.0,10.0,0.14,0.0,5.33,12.05
103,MDST.K,Westwood Salient Enhanced Midstream Income ETF,5,60,14,24,64,1.0,10.0,0.14,0.0,4.07,12.53
103,WBIL.K,WBI BullBear Quality 3000 ETF,5,60,14,24,64,1.0,10.0,0.14,6.18,3.63,11.32
103,TRND.K,Pacer Trendpilot Fund of Funds ETF,5,60,14,24,64,1.0,10.0,0.14,0.0,5.54,11.27
103,MPAY.K,Akros Monthly Payout ETF,5,60,14,24,64,1.0,10.0,0.14,0.0,3.43,10.56
103,JADE.K,JPMorgan Active Developing Markets Equity ETF,5,60,14,24,64,1.0,10.0,0.14,0.0,6.5,11.93
103,JUNZ.K,TrueShares Structured Outcome (June) ETF,5,60,14,24,64,1.0,10.0,0.14,0.0,6.19,11.69
103,XCLR.K,Global X S&P 500 Collar 95-110 ETF,5,60,14,24,64,1.0,10.0,0.14,0.0,5.49,10.42
103,FYLG.K,Global X Financials Covered Call & Growth ETF,5,60,14,24,64,1.0,10.0,0.14,0.0,3.01,11.81
103,VEMY.K,Virtus Stone Harbor Emerging Markets HY Bd ETF,5,60,14,24,64,1.0,10.0,0.14,0.0,3.99,8.94
103,UPGD.K,Invesco Bloomberg Analyst Rating Improvers ETF,5,60,14,24,64,1.0,10.0,0.14,0.0,4.56,9.14
103,CMCI.K,VanEck CMCI Commodity Strategy ETF,5,60,14,24,64,1.0,10.0,0.14,0.0,5.03,10.24
103,MAYZ.K,TrueShares Structured Outcome (May) ETF,5,60,14,24,64,1.0,10.0,0.14,0.0,5.86,11.75
103,EVUS.K,iShares ESG Aware MSCI USA Value ETF,5,60,14,24,64,1.0,10.0,0.14,0.0,5.4,11.24
103,BCIL.K,Bancreek International Large Cap ETF,5,60,14,24,64,1.0,10.0,0.14,0.0,6.29,10.59
103,AOR,iShares Core Growth Allocation ETF,5,60,14,24,64,1.0,10.0,0.14,0.0,5.58,10.4
103,GHTA.K,Goose Hollow Tactical Allocation ETF,5,60,14,24,64,1.0,10.0,0.14,0.0,5.58,12.59
103,OCIO.K,ClearShares OCIO ETF,5,60,14,24,64,1.0,10.0,0.14,0.0,4.89,11.29
103,PTIN.K,Pacer Trendpilot International ETF,5,60,14,24,64,1.0,10.0,0.14,0.0,3.9,12.73
103,MPRO.K,Monarch ProCap Index ETF,5,60,14,24,64,1.0,10.0,0.14,0.0,4.32,9.75
103,SELV.K,SEI Enhanced Low Volatility US Large Cap ETF,5,60,14,24,64,1.0,10.0,0.14,0.0,6.4,12.4
103,UJUL.K,Innovator US Equity Ultra Buffer ETF - July,5,60,14,24,64,1.0,10.0,0.14,0.0,5.09,9.19
103,XDTE.K,Roundhill S&P 500 0DTE Covered Call Strategy ETF,5,60,14,24,64,1.0,10.0,0.14,0.0,2.98,9.79
103,KJUL.K,Innovator US Small Cap Power Buffer ETF - July,5,60,14,24,64,1.0,10.0,0.14,0.0,5.13,12.04
103,COM,Direxion Auspice Broad Commodity Strategy ETF,5,60,14,24,64,1.0,10.0,0.14,0.0,2.8,10.59
103,SIXJ.K,AllianzIM US LargeCap 6 Month Buffer10 Jan/Jul,5,60,14,24,64,1.0,10.0,0.14,0.0,5.93,10.74
103,PTMC.K,Pacer Trendpilot US Mid Cap ETF,5,60,14,24,64,1.0,10.0,0.14,0.0,4.37,12.15
103,DAUG.K,FT Vest US Equity Deep Buffer ETF - August,5,60,14,24,64,1.0,10.0,0.14,0.0,5.5,9.6
103,HEQT.K,Simplify Hedged Equity ETF,5,60,14,24,64,1.0,10.0,0.14,0.0,4.5,8.77
103,IJUL.K,Innovator Intl Developed Power Buffer ETF - July,5,60,14,24,64,1.0,10.0,0.14,0.0,4.88,11.65
103,GDMA.K,Gadsden Dynamic Multi-Asset ETF,5,60,14,24,64,1.0,10.0,0.14,0.0,4.83,10.92
103,YMAR.K,FT Vest International Equity Mod Buffer ETF - Mar,5,60,14,24,64,1.0,10.0,0.14,0.0,5.59,12.24
103,MSMR.K,McElhenny Sheffield Managed Risk ETF,5,60,14,24,64,1.0,10.0,0.14,0.0,5.62,9.28
103,PHDG.K,Invesco S&P 500 Downside Hedged ETF,5,60,14,24,64,1.0,10.0,0.14,0.0,4.29,11.27
103,TACK.K,Fairlead Tactical Sector ETF,5,60,14,24,64,1.0,10.0,0.14,0.0,2.65,10.21
103,YDEC.K,FT Vest International Eq Mod Buffer ETF - Dec,5,60,14,24,64,1.0,10.0,0.14,0.0,5.93,11.77
103,TOGA.K,Tremblant Global ETF,5,60,14,24,64,1.0,10.0,0.14,0.0,4.48,8.74
103,YJUN.K,FT Vest International Equity Moderate Buffer ETF,5,60,14,24,64,1.0,10.0,0.14,0.0,4.07,12.14
103,GAL,SPDR SSgA Global Allocation ETF,5,60,14,24,64,1.0,10.0,0.14,0.0,3.74,10.98
103,MPRO.K,Monarch ProCap Index ETF,5,60,14,24,54,1.0,10.0,0.05,0.0,4.32,9.75
103,YDEC.K,FT Vest International Eq Mod Buffer ETF - Dec,5,60,14,24,54,1.0,10.0,0.05,0.0,5.93,11.77
103,MSMR.K,McElhenny Sheffield Managed Risk ETF,5,60,14,24,54,1.0,10.0,0.05,0.0,5.62,9.28
103,PHDG.K,Invesco S&P 500 Downside Hedged ETF,5,60,14,24,54,1.0,10.0,0.05,0.0,4.29,11.27
103,TACK.K,Fairlead Tactical Sector ETF,5,60,14,24,54,1.0,10.0,0.05,0.0,2.65,10.21
103,YMAR.K,FT Vest International Equity Mod Buffer ETF - Mar,5,60,14,24,54,1.0,10.0,0.05,0.0,5.59,12.24
103,TOGA.K,Tremblant Global ETF,5,60,14,24,54,1.0,10.0,0.05,0.0,4.48,8.74
103,YJUN.K,FT Vest International Equity Moderate Buffer ETF,5,60,14,24,54,1.0,10.0,0.05,0.0,4.07,12.14
103,GAL,SPDR SSgA Global Allocation ETF,5,60,14,24,54,1.0,10.0,0.05,0.0,3.74,10.98
103,GDMA.K,Gadsden Dynamic Multi-Asset ETF,5,60,14,24,54,1.0,10.0,0.05,0.0,4.83,10.92
103,COM,Direxion Auspice Broad Commodity Strategy ETF,5,60,14,24,54,1.0,10.0,0.05,0.0,2.8,10.59
103,HEQT.K,Simplify Hedged Equity ETF,5,60,14,24,54,1.0,10.0,0.05,0.0,4.5,8.77
103,DAUG.K,FT Vest US Equity Deep Buffer ETF - August,5,60,14,24,54,1.0,10.0,0.05,0.0,5.5,9.6
103,PTMC.K,Pacer Trendpilot US Mid Cap ETF,5,60,14,24,54,1.0,10.0,0.05,0.0,4.37,12.15
103,SIXJ.K,AllianzIM US LargeCap 6 Month Buffer10 Jan/Jul,5,60,14,24,54,1.0,10.0,0.05,0.0,5.93,10.74
103,PTIN.K,Pacer Trendpilot International ETF,5,60,14,24,54,1.0,10.0,0.05,0.0,3.9,12.73
103,KJUL.K,Innovator US Small Cap Power Buffer ETF - July,5,60,14,24,54,1.0,10.0,0.05,0.0,5.13,12.04
103,XDTE.K,Roundhill S&P 500 0DTE Covered Call Strategy ETF,5,60,14,24,54,1.0,10.0,0.05,0.0,2.98,9.79
103,UJUL.K,Innovator US Equity Ultra Buffer ETF - July,5,60,14,24,54,1.0,10.0,0.05,0.0,5.09,9.19
103,IJUL.K,Innovator Intl Developed Power Buffer ETF - July,5,60,14,24,54,1.0,10.0,0.05,0.0,4.88,11.65
103,AOR,iShares Core Growth Allocation ETF,5,60,14,24,54,1.0,10.0,0.05,0.0,5.58,10.4
103,SELV.K,SEI Enhanced Low Volatility US Large Cap ETF,5,60,14,24,54,1.0,10.0,0.05,0.0,6.4,12.4
103,ACWV.K,iShares MSCI Global Min Vol Factor ETF,5,60,14,24,54,1.0,10.0,0.05,0.0,6.46,12.15
103,PAPI.K,Parametric Equity Premium Income ETF,5,60,14,24,54,1.0,10.0,0.05,0.0,4.79,9.27
103,GHTA.K,Goose Hollow Tactical Allocation ETF,5,60,14,24,54,1.0,10.0,0.05,0.0,5.58,12.59
103,BCIL.K,Bancreek International Large Cap ETF,5,60,14,24,54,1.0,10.0,0.05,0.0,6.29,10.59
103,EVUS.K,iShares ESG Aware MSCI USA Value ETF,5,60,14,24,54,1.0,10.0,0.05,0.0,5.4,11.24
103,MAYZ.K,TrueShares Structured Outcome (May) ETF,5,60,14,24,54,1.0,10.0,0.05,0.0,5.86,11.75
103,CMCI.K,VanEck CMCI Commodity Strategy ETF,5,60,14,24,54,1.0,10.0,0.05,0.0,5.03,10.24
103,UPGD.K,Invesco Bloomberg Analyst Rating Improvers ETF,5,60,14,24,54,1.0,10.0,0.05,0.0,4.56,9.14
103,VEMY.K,Virtus Stone Harbor Emerging Markets HY Bd ETF,5,60,14,24,54,1.0,10.0,0.05,0.0,3.99,8.94
103,FYLG.K,Global X Financials Covered Call & Growth ETF,5,60,14,24,54,1.0,10.0,0.05,0.0,3.01,11.81
103,XCLR.K,Global X S&P 500 Collar 95-110 ETF,5,60,14,24,54,1.0,10.0,0.05,0.0,5.49,10.42
103,JUNZ.K,TrueShares Structured Outcome (June) ETF,5,60,14,24,54,1.0,10.0,0.05,0.0,6.19,11.69
103,JADE.K,JPMorgan Active Developing Markets Equity ETF,5,60,14,24,54,1.0,10.0,0.05,0.0,6.5,11.93
103,OCIO.K,ClearShares OCIO ETF,5,60,14,24,54,1.0,10.0,0.05,0.0,4.89,11.29
103,MPAY.K,Akros Monthly Payout ETF,5,60,14,24,54,1.0,10.0,0.05,0.0,3.43,10.56
103,TRND.K,Pacer Trendpilot Fund of Funds ETF,5,60,14,24,54,1.0,10.0,0.05,0.0,5.54,11.27
103,WBIL.K,WBI BullBear Quality 3000 ETF,5,60,14,24,54,1.0,10.0,0.05,2.37,3.63,11.32
103,MDST.K,Westwood Salient Enhanced Midstream Income ETF,5,60,14,24,54,1.0,10.0,0.05,0.0,4.07,12.53
103,USG,USCF Gold Strategy Plus Income Fund,5,60,14,24,54,1.0,10.0,0.05,0.0,5.33,12.05
103,EAOR.K,iShares ESG Aware Growth Allocation ETF,5,60,14,24,54,1.0,10.0,0.05,0.0,5.31,10.53
103,XBJA.K,Innovator US Eqty Accelerated 9 Buffer ETF - Jan,5,60,14,24,54,1.0,10.0,0.05,0.0,5.47,12.59
103,VEGA.K,AdvisorShares STAR Global Buy-Write ETF,5,60,14,24,54,1.0,10.0,0.05,0.0,5.39,11.93
103,JEPI.K,JPMorgan Equity Premium Income ETF,5,60,14,24,54,1.0,10.0,0.05,0.0,3.55,10.6
