Cluster,Symbol,Name,MA_Short_Window,MA_Long_Window,RSI_Window,RSI_Buy_Threshold,RSI_Sell_Threshold,Stop_Loss_Percent,Take_Profit_Percent,Average_Return,Symbol_sim_return,Return,Std Dev
17,FRT,페더럴 리얼티 인베스트먼트 트러스트,5,60,14,39,54,1.0,10.0,32.98,19.27,5.88,26.43
17,EIX,에디슨 인터내셔널,5,60,14,39,54,1.0,10.0,32.98,10.29,8.81,23.92
17,PNC,PNC 파이낸셜 서비스,5,60,14,39,54,1.0,10.0,32.98,35.1,11.08,27.98
17,OMC,옴니콤 그룹,5,60,14,39,54,1.0,10.0,32.98,47.44,10.3,24.92
17,EMR,에머슨 일렉트릭,5,60,14,39,54,1.0,10.0,32.98,13.24,10.04,26.3
17,SYY,시스코,5,60,14,39,54,1.0,10.0,32.98,14.06,10.04,26.41
17,CNP,센터포인트 에너지,5,60,14,39,54,1.0,10.0,32.98,33.36,8.9,24.49
17,FIS,피델리티 내셔널 인포메이션 서비스,5,60,14,39,54,1.0,10.0,32.98,-4.79,11.43,26.93
17,WELL.K,웰타워,5,60,14,39,54,1.0,10.0,32.98,41.73,11.26,29.08
17,O,리얼티 인컴,5,60,14,39,54,1.0,10.0,32.98,0.54,6.94,24.33
17,GPC,제뉴인 파츠,5,60,14,39,54,1.0,10.0,32.98,61.69,11.9,24.24
17,DLR,디지털 리얼티 트러스트,5,60,14,39,54,1.0,10.0,32.98,23.3,10.63,26.75
17,BG,번지 글로벌,5,60,14,39,54,1.0,10.0,32.98,20.48,9.56,28.73
17,USB,U.S. 뱅코프,5,60,14,39,54,1.0,10.0,32.98,33.8,7.57,27.63
17,PCAR.O,파카,5,60,14,39,54,1.0,10.0,32.98,15.96,11.84,27.57
17,ADM,아처 대니얼스 미들랜드,5,60,14,39,54,1.0,10.0,32.98,24.77,9.79,26.0
17,SRE,셈프라 에너지,5,60,14,39,54,1.0,10.0,32.98,25.31,7.02,25.36
17,CVS,CVS 헬스,5,60,14,39,54,1.0,10.0,32.98,-7.76,7.84,24.33
17,ELV,엘레반스 헬스,5,60,14,39,54,1.0,10.0,32.98,24.61,8.76,23.49
17,UPS,유나이티드 파셀 서비스,5,60,14,39,54,1.0,10.0,32.98,82.06,8.83,23.0
17,TGT,타겟,5,60,14,39,54,1.0,10.0,32.98,69.55,12.21,27.87
17,CSCO.O,시스코 시스템즈,5,60,14,39,54,1.0,10.0,32.98,64.91,8.88,25.96
17,DIS,월트 디즈니,5,60,14,39,54,1.0,10.0,32.98,15.68,11.6,26.11
17,CVX,셰브론,5,60,14,39,54,1.0,10.0,32.98,17.4,9.54,27.06
17,XOM,엑슨 모빌,5,60,14,39,54,1.0,10.0,32.98,28.33,8.19,25.31
17,WMT,월마트,5,60,14,39,54,1.0,10.0,32.98,0.41,7.62,26.15
17,NWS.O,뉴스 코퍼레이션 Class B,5,60,14,39,54,1.0,10.0,32.98,9.44,10.11,29.02
17,PSA,퍼블릭 스토리지,5,60,14,39,54,1.0,10.0,32.98,37.92,11.11,21.95
17,CAH,카디널 헬스,5,60,14,39,54,1.0,10.0,32.98,-1.32,11.39,26.48
17,DGX,퀘스트 다이아그노스틱스,5,60,14,39,54,1.0,10.0,32.98,609.48,10.54,22.98
17,L,로우스,5,60,14,39,54,1.0,10.0,32.98,17.94,8.25,23.49
17,BK,뱅크 오브 뉴욕 멜론,5,60,14,39,54,1.0,10.0,32.98,26.49,10.0,27.05
17,CPT,캠든 프로퍼티 트러스트,5,60,14,39,54,1.0,10.0,32.98,27.99,10.05,23.46
17,BFb,브라운-포맨 Class B,5,60,14,39,54,1.0,10.0,32.98,-54.39,9.97,22.73
17,ARE,알렉산드리아 리얼에스테이트 이쿼티,5,60,14,39,54,1.0,10.0,32.98,-0.28,7.44,24.6
17,LH,랩코프 홀딩스,5,60,14,39,54,1.0,10.0,32.98,-8.26,10.81,24.66
17,MAA,미드아메리카 아파트 커뮤니티,5,60,14,39,54,1.0,10.0,32.98,16.33,9.97,23.17
17,ESS,에섹스 프로퍼티 트러스트,5,60,14,39,54,1.0,10.0,32.98,21.7,10.29,24.07
17,IFF,인터내셔널 플레이버스 & 프레그런스,5,60,14,39,54,1.0,10.0,32.98,3.52,9.43,26.71
17,ALLE.K,얼리지언,5,60,14,39,54,1.0,10.0,32.98,24.64,12.13,25.97
17,EQR,에퀴티 레지덴셜,5,60,14,39,54,1.0,10.0,32.98,11.08,7.36,23.9
17,INVH.K,인비테이션 홈스,5,60,14,39,54,1.0,10.0,32.98,139.69,12.09,26.31
17,HSIC.O,헨리 셰인,5,60,14,39,54,1.0,10.0,32.98,26.05,11.37,24.1
17,REG.O,리젠시 센터스,5,60,14,39,54,1.0,10.0,32.98,29.88,8.38,28.14
17,EXPD.K,익스페디터스 인터내셔널 오브 워싱턴,5,60,14,39,54,1.0,10.0,32.98,0.12,12.4,24.17
17,CCI,크라운 캐슬,5,60,14,39,54,1.0,10.0,32.98,-1.64,9.8,23.52
17,UDR,UDR,5,60,14,39,54,1.0,10.0,32.98,12.06,8.42,24.52
17,NTRS.O,노던 트러스트,5,60,14,39,54,1.0,10.0,32.98,24.9,8.06,28.0
17,GRMN.K,가민,5,60,14,39,54,1.0,10.0,32.98,41.34,10.64,26.54
17,CHRW.O,CH 로빈슨 월드와이드,5,60,14,39,54,1.0,10.0,32.98,16.22,6.33,25.1
17,TAP,몰슨 쿠어스 베버리지 Class B,5,60,14,39,54,1.0,10.0,32.98,-4.1,4.47,26.41
17,ZBH,짐머 바이오멧 홀딩스,5,60,14,39,54,1.0,10.0,32.98,30.18,8.26,25.69
17,AVB,아발론베이 커뮤니티,5,60,14,39,54,1.0,10.0,32.98,15.76,8.2,23.49
17,CTSH.O,코그니전트 테크놀로지 솔루션,5,60,14,39,54,1.0,10.0,32.98,22.73,11.5,29.01
17,TROW.O,티 로웨 프라이스 그룹,5,60,14,39,54,1.0,10.0,32.98,7.46,11.0,28.49
17,CCI,크라운 캐슬,5,60,14,39,59,1.0,10.0,21.85,-1.64,9.8,23.52
17,EXPD.K,익스페디터스 인터내셔널 오브 워싱턴,5,60,14,39,59,1.0,10.0,21.85,1.05,12.4,24.17
17,TROW.O,티 로웨 프라이스 그룹,5,60,14,39,59,1.0,10.0,21.85,9.49,11.0,28.49
17,CTSH.O,코그니전트 테크놀로지 솔루션,5,60,14,39,59,1.0,10.0,21.85,25.75,11.5,29.01
17,AVB,아발론베이 커뮤니티,5,60,14,39,59,1.0,10.0,21.85,20.61,8.2,23.49
17,ZBH,짐머 바이오멧 홀딩스,5,60,14,39,59,1.0,10.0,21.85,-2.79,8.26,25.69
17,UDR,UDR,5,60,14,39,59,1.0,10.0,21.85,14.74,8.42,24.52
17,CHRW.O,CH 로빈슨 월드와이드,5,60,14,39,59,1.0,10.0,21.85,18.2,6.33,25.1
17,TAP,몰슨 쿠어스 베버리지 Class B,5,60,14,39,59,1.0,10.0,21.85,-1.93,4.47,26.41
17,GRMN.K,가민,5,60,14,39,59,1.0,10.0,21.85,41.34,10.64,26.54
17,NTRS.O,노던 트러스트,5,60,14,39,59,1.0,10.0,21.85,18.29,8.06,28.0
17,HSIC.O,헨리 셰인,5,60,14,39,59,1.0,10.0,21.85,24.39,11.37,24.1
17,L,로우스,5,60,14,39,59,1.0,10.0,21.85,16.12,8.25,23.49
17,ESS,에섹스 프로퍼티 트러스트,5,60,14,39,59,1.0,10.0,21.85,26.65,10.29,24.07
17,INVH.K,인비테이션 홈스,5,60,14,39,59,1.0,10.0,21.85,114.8,12.09,26.31
17,EQR,에퀴티 레지덴셜,5,60,14,39,59,1.0,10.0,21.85,14.75,7.36,23.9
17,ALLE.K,얼리지언,5,60,14,39,59,1.0,10.0,21.85,18.77,12.13,25.97
17,IFF,인터내셔널 플레이버스 & 프레그런스,5,60,14,39,59,1.0,10.0,21.85,5.73,9.43,26.71
17,DGX,퀘스트 다이아그노스틱스,5,60,14,39,59,1.0,10.0,21.85,174.52,10.54,22.98
17,MAA,미드아메리카 아파트 커뮤니티,5,60,14,39,59,1.0,10.0,21.85,16.33,9.97,23.17
17,LH,랩코프 홀딩스,5,60,14,39,59,1.0,10.0,21.85,34.81,10.81,24.66
17,ARE,알렉산드리아 리얼에스테이트 이쿼티,5,60,14,39,59,1.0,10.0,21.85,1.36,7.44,24.6
17,BFb,브라운-포맨 Class B,5,60,14,39,59,1.0,10.0,21.85,-54.39,9.97,22.73
17,CPT,캠든 프로퍼티 트러스트,5,60,14,39,59,1.0,10.0,21.85,27.99,10.05,23.46
17,REG.O,리젠시 센터스,5,60,14,39,59,1.0,10.0,21.85,39.59,8.38,28.14
17,FRT,페더럴 리얼티 인베스트먼트 트러스트,5,60,14,39,59,1.0,10.0,21.85,-1.47,5.88,26.43
17,BK,뱅크 오브 뉴욕 멜론,5,60,14,39,59,1.0,10.0,21.85,30.98,10.0,27.05
17,USB,U.S. 뱅코프,5,60,14,39,59,1.0,10.0,21.85,37.64,7.57,27.63
17,EIX,에디슨 인터내셔널,5,60,14,39,59,1.0,10.0,21.85,10.29,8.81,23.92
17,PCAR.O,파카,5,60,14,39,59,1.0,10.0,21.85,18.72,11.84,27.57
17,PSA,퍼블릭 스토리지,5,60,14,39,59,1.0,10.0,21.85,26.41,11.11,21.95
17,WMT,월마트,5,60,14,39,59,1.0,10.0,21.85,2.78,7.62,26.15
17,XOM,엑슨 모빌,5,60,14,39,59,1.0,10.0,21.85,2.29,8.19,25.31
17,CVX,셰브론,5,60,14,39,59,1.0,10.0,21.85,19.12,9.54,27.06
17,DIS,월트 디즈니,5,60,14,39,59,1.0,10.0,21.85,6.68,11.6,26.11
17,CSCO.O,시스코 시스템즈,5,60,14,39,59,1.0,10.0,21.85,31.9,8.88,25.96
17,TGT,타겟,5,60,14,39,59,1.0,10.0,21.85,32.57,12.21,27.87
17,UPS,유나이티드 파셀 서비스,5,60,14,39,59,1.0,10.0,21.85,46.41,8.83,23.0
17,NWS.O,뉴스 코퍼레이션 Class B,5,60,14,39,59,1.0,10.0,21.85,9.04,10.11,29.02
17,CVS,CVS 헬스,5,60,14,39,59,1.0,10.0,21.85,-5.55,7.84,24.33
17,SRE,셈프라 에너지,5,60,14,39,59,1.0,10.0,21.85,12.32,7.02,25.36
17,ADM,아처 대니얼스 미들랜드,5,60,14,39,59,1.0,10.0,21.85,12.58,9.79,26.0
17,ELV,엘레반스 헬스,5,60,14,39,59,1.0,10.0,21.85,26.78,8.76,23.49
17,PNC,PNC 파이낸셜 서비스,5,60,14,39,59,1.0,10.0,21.85,31.38,11.08,27.98
17,FIS,피델리티 내셔널 인포메이션 서비스,5,60,14,39,59,1.0,10.0,21.85,-2.33,11.43,26.93
17,CAH,카디널 헬스,5,60,14,39,59,1.0,10.0,21.85,2.33,11.39,26.48
17,OMC,옴니콤 그룹,5,60,14,39,59,1.0,10.0,21.85,53.14,10.3,24.92
17,EMR,에머슨 일렉트릭,5,60,14,39,59,1.0,10.0,21.85,15.31,10.04,26.3
17,SYY,시스코,5,60,14,39,59,1.0,10.0,21.85,11.1,10.04,26.41
17,CNP,센터포인트 에너지,5,60,14,39,59,1.0,10.0,21.85,32.16,8.9,24.49
17,WELL.K,웰타워,5,60,14,39,59,1.0,10.0,21.85,43.5,11.26,29.08
17,O,리얼티 인컴,5,60,14,39,59,1.0,10.0,21.85,0.54,6.94,24.33
17,GPC,제뉴인 파츠,5,60,14,39,59,1.0,10.0,21.85,61.69,11.9,24.24
17,DLR,디지털 리얼티 트러스트,5,60,14,39,59,1.0,10.0,21.85,25.49,10.63,26.75
17,BG,번지 글로벌,5,60,14,39,59,1.0,10.0,21.85,3.4,9.56,28.73
17,AVB,아발론베이 커뮤니티,5,60,14,34,54,1.0,10.0,21.26,33.92,8.2,23.49
17,L,로우스,5,60,14,34,54,1.0,10.0,21.26,61.54,8.25,23.49
17,EXPD.K,익스페디터스 인터내셔널 오브 워싱턴,5,60,14,34,54,1.0,10.0,21.26,0.0,12.4,24.17
17,TROW.O,티 로웨 프라이스 그룹,5,60,14,34,54,1.0,10.0,21.26,0.0,11.0,28.49
17,CTSH.O,코그니전트 테크놀로지 솔루션,5,60,14,34,54,1.0,10.0,21.26,0.0,11.5,29.01
17,NTRS.O,노던 트러스트,5,60,14,34,54,1.0,10.0,21.26,66.52,8.06,28.0
17,ZBH,짐머 바이오멧 홀딩스,5,60,14,34,54,1.0,10.0,21.26,0.0,8.26,25.69
17,CCI,크라운 캐슬,5,60,14,34,54,1.0,10.0,21.26,-1.64,9.8,23.52
17,CHRW.O,CH 로빈슨 월드와이드,5,60,14,34,54,1.0,10.0,21.26,2.7,6.33,25.1
17,TAP,몰슨 쿠어스 베버리지 Class B,5,60,14,34,54,1.0,10.0,21.26,-0.43,4.47,26.41
17,GRMN.K,가민,5,60,14,34,54,1.0,10.0,21.26,0.0,10.64,26.54
17,HSIC.O,헨리 셰인,5,60,14,34,54,1.0,10.0,21.26,0.0,11.37,24.1
17,NWS.O,뉴스 코퍼레이션 Class B,5,60,14,34,54,1.0,10.0,21.26,2.29,10.11,29.02
17,INVH.K,인비테이션 홈스,5,60,14,34,54,1.0,10.0,21.26,0.0,12.09,26.31
17,EQR,에퀴티 레지덴셜,5,60,14,34,54,1.0,10.0,21.26,66.41,7.36,23.9
17,ALLE.K,얼리지언,5,60,14,34,54,1.0,10.0,21.26,0.0,12.13,25.97
17,IFF,인터내셔널 플레이버스 & 프레그런스,5,60,14,34,54,1.0,10.0,21.26,63.08,9.43,26.71
17,ESS,에섹스 프로퍼티 트러스트,5,60,14,34,54,1.0,10.0,21.26,0.0,10.29,24.07
17,MAA,미드아메리카 아파트 커뮤니티,5,60,14,34,54,1.0,10.0,21.26,0.0,9.97,23.17
17,LH,랩코프 홀딩스,5,60,14,34,54,1.0,10.0,21.26,0.0,10.81,24.66
17,ARE,알렉산드리아 리얼에스테이트 이쿼티,5,60,14,34,54,1.0,10.0,21.26,19.54,7.44,24.6
17,BFb,브라운-포맨 Class B,5,60,14,34,54,1.0,10.0,21.26,0.0,9.97,22.73
17,CPT,캠든 프로퍼티 트러스트,5,60,14,34,54,1.0,10.0,21.26,0.0,10.05,23.46
17,REG.O,리젠시 센터스,5,60,14,34,54,1.0,10.0,21.26,28.67,8.38,28.14
17,FRT,페더럴 리얼티 인베스트먼트 트러스트,5,60,14,34,54,1.0,10.0,21.26,45.48,5.88,26.43
17,BK,뱅크 오브 뉴욕 멜론,5,60,14,34,54,1.0,10.0,21.26,17.29,10.0,27.05
17,UDR,UDR,5,60,14,34,54,1.0,10.0,21.26,53.64,8.42,24.52
17,BG,번지 글로벌,5,60,14,34,54,1.0,10.0,21.26,152.01,9.56,28.73
17,DGX,퀘스트 다이아그노스틱스,5,60,14,34,54,1.0,10.0,21.26,0.0,10.54,22.98
17,USB,U.S. 뱅코프,5,60,14,34,54,1.0,10.0,21.26,19.95,7.57,27.63
17,EIX,에디슨 인터내셔널,5,60,14,34,54,1.0,10.0,21.26,0.0,8.81,23.92
17,WMT,월마트,5,60,14,34,54,1.0,10.0,21.26,0.41,7.62,26.15
17,XOM,엑슨 모빌,5,60,14,34,54,1.0,10.0,21.26,28.95,8.19,25.31
17,CVX,셰브론,5,60,14,34,54,1.0,10.0,21.26,17.4,9.54,27.06
17,DIS,월트 디즈니,5,60,14,34,54,1.0,10.0,21.26,15.68,11.6,26.11
17,CSCO.O,시스코 시스템즈,5,60,14,34,54,1.0,10.0,21.26,61.52,8.88,25.96
17,TGT,타겟,5,60,14,34,54,1.0,10.0,21.26,81.84,12.21,27.87
17,ELV,엘레반스 헬스,5,60,14,34,54,1.0,10.0,21.26,0.0,8.76,23.49
17,CVS,CVS 헬스,5,60,14,34,54,1.0,10.0,21.26,0.0,7.84,24.33
17,SRE,셈프라 에너지,5,60,14,34,54,1.0,10.0,21.26,23.83,7.02,25.36
17,ADM,아처 대니얼스 미들랜드,5,60,14,34,54,1.0,10.0,21.26,0.0,9.79,26.0
17,PCAR.O,파카,5,60,14,34,54,1.0,10.0,21.26,15.96,11.84,27.57
17,UPS,유나이티드 파셀 서비스,5,60,14,34,54,1.0,10.0,21.26,0.0,8.83,23.0
17,CAH,카디널 헬스,5,60,14,34,54,1.0,10.0,21.26,0.0,11.39,26.48
17,CNP,센터포인트 에너지,5,60,14,34,54,1.0,10.0,21.26,41.1,8.9,24.49
17,DLR,디지털 리얼티 트러스트,5,60,14,34,54,1.0,10.0,21.26,58.05,10.63,26.75
17,PNC,PNC 파이낸셜 서비스,5,60,14,34,54,1.0,10.0,21.26,42.43,11.08,27.98
17,OMC,옴니콤 그룹,5,60,14,34,54,1.0,10.0,21.26,41.52,10.3,24.92
17,EMR,에머슨 일렉트릭,5,60,14,34,54,1.0,10.0,21.26,13.24,10.04,26.3
17,SYY,시스코,5,60,14,34,54,1.0,10.0,21.26,0.0,10.04,26.41
17,PSA,퍼블릭 스토리지,5,60,14,34,54,1.0,10.0,21.26,0.0,11.11,21.95
17,FIS,피델리티 내셔널 인포메이션 서비스,5,60,14,34,54,1.0,10.0,21.26,37.66,11.43,26.93
17,WELL.K,웰타워,5,60,14,34,54,1.0,10.0,21.26,58.17,11.26,29.08
17,O,리얼티 인컴,5,60,14,34,54,1.0,10.0,21.26,0.54,6.94,24.33
17,GPC,제뉴인 파츠,5,60,14,34,54,1.0,10.0,21.26,0.0,11.9,24.24
17,CCI,크라운 캐슬,5,60,14,34,59,1.0,10.0,20.74,-1.64,9.8,23.52
17,EXPD.K,익스페디터스 인터내셔널 오브 워싱턴,5,60,14,34,59,1.0,10.0,20.74,0.0,12.4,24.17
17,TROW.O,티 로웨 프라이스 그룹,5,60,14,34,59,1.0,10.0,20.74,0.0,11.0,28.49
17,CTSH.O,코그니전트 테크놀로지 솔루션,5,60,14,34,59,1.0,10.0,20.74,0.0,11.5,29.01
17,AVB,아발론베이 커뮤니티,5,60,14,34,59,1.0,10.0,20.74,55.37,8.2,23.49
17,ZBH,짐머 바이오멧 홀딩스,5,60,14,34,59,1.0,10.0,20.74,0.0,8.26,25.69
17,TAP,몰슨 쿠어스 베버리지 Class B,5,60,14,34,59,1.0,10.0,20.74,1.16,4.47,26.41
17,CHRW.O,CH 로빈슨 월드와이드,5,60,14,34,59,1.0,10.0,20.74,5.4,6.33,25.1
17,HSIC.O,헨리 셰인,5,60,14,34,59,1.0,10.0,20.74,0.0,11.37,24.1
17,GRMN.K,가민,5,60,14,34,59,1.0,10.0,20.74,0.0,10.64,26.54
17,NTRS.O,노던 트러스트,5,60,14,34,59,1.0,10.0,20.74,26.16,8.06,28.0
17,UDR,UDR,5,60,14,34,59,1.0,10.0,20.74,59.83,8.42,24.52
17,L,로우스,5,60,14,34,59,1.0,10.0,20.74,60.66,8.25,23.49
17,NWS.O,뉴스 코퍼레이션 Class B,5,60,14,34,59,1.0,10.0,20.74,7.26,10.11,29.02
17,INVH.K,인비테이션 홈스,5,60,14,34,59,1.0,10.0,20.74,0.0,12.09,26.31
17,EQR,에퀴티 레지덴셜,5,60,14,34,59,1.0,10.0,20.74,70.1,7.36,23.9
17,ALLE.K,얼리지언,5,60,14,34,59,1.0,10.0,20.74,0.0,12.13,25.97
17,IFF,인터내셔널 플레이버스 & 프레그런스,5,60,14,34,59,1.0,10.0,20.74,63.08,9.43,26.71
17,ESS,에섹스 프로퍼티 트러스트,5,60,14,34,59,1.0,10.0,20.74,0.0,10.29,24.07
17,MAA,미드아메리카 아파트 커뮤니티,5,60,14,34,59,1.0,10.0,20.74,0.0,9.97,23.17
17,LH,랩코프 홀딩스,5,60,14,34,59,1.0,10.0,20.74,0.0,10.81,24.66
17,ARE,알렉산드리아 리얼에스테이트 이쿼티,5,60,14,34,59,1.0,10.0,20.74,19.54,7.44,24.6
17,BFb,브라운-포맨 Class B,5,60,14,34,59,1.0,10.0,20.74,0.0,9.97,22.73
17,CPT,캠든 프로퍼티 트러스트,5,60,14,34,59,1.0,10.0,20.74,0.0,10.05,23.46
17,REG.O,리젠시 센터스,5,60,14,34,59,1.0,10.0,20.74,42.55,8.38,28.14
17,FRT,페더럴 리얼티 인베스트먼트 트러스트,5,60,14,34,59,1.0,10.0,20.74,39.79,5.88,26.43
17,BK,뱅크 오브 뉴욕 멜론,5,60,14,34,59,1.0,10.0,20.74,21.2,10.0,27.05
17,DGX,퀘스트 다이아그노스틱스,5,60,14,34,59,1.0,10.0,20.74,0.0,10.54,22.98
17,EIX,에디슨 인터내셔널,5,60,14,34,59,1.0,10.0,20.74,0.0,8.81,23.92
17,USB,U.S. 뱅코프,5,60,14,34,59,1.0,10.0,20.74,19.95,7.57,27.63
17,PSA,퍼블릭 스토리지,5,60,14,34,59,1.0,10.0,20.74,0.0,11.11,21.95
17,WMT,월마트,5,60,14,34,59,1.0,10.0,20.74,2.78,7.62,26.15
17,XOM,엑슨 모빌,5,60,14,34,59,1.0,10.0,20.74,32.48,8.19,25.31
17,CVX,셰브론,5,60,14,34,59,1.0,10.0,20.74,19.12,9.54,27.06
17,DIS,월트 디즈니,5,60,14,34,59,1.0,10.0,20.74,6.68,11.6,26.11
17,CSCO.O,시스코 시스템즈,5,60,14,34,59,1.0,10.0,20.74,24.7,8.88,25.96
17,TGT,타겟,5,60,14,34,59,1.0,10.0,20.74,81.84,12.21,27.87
17,ELV,엘레반스 헬스,5,60,14,34,59,1.0,10.0,20.74,0.0,8.76,23.49
17,CVS,CVS 헬스,5,60,14,34,59,1.0,10.0,20.74,0.0,7.84,24.33
17,SRE,셈프라 에너지,5,60,14,34,59,1.0,10.0,20.74,11.59,7.02,25.36
17,ADM,아처 대니얼스 미들랜드,5,60,14,34,59,1.0,10.0,20.74,0.0,9.79,26.0
17,PCAR.O,파카,5,60,14,34,59,1.0,10.0,20.74,18.72,11.84,27.57
17,UPS,유나이티드 파셀 서비스,5,60,14,34,59,1.0,10.0,20.74,0.0,8.83,23.0
17,CAH,카디널 헬스,5,60,14,34,59,1.0,10.0,20.74,0.0,11.39,26.48
17,FIS,피델리티 내셔널 인포메이션 서비스,5,60,14,34,59,1.0,10.0,20.74,40.16,11.43,26.93
17,BG,번지 글로벌,5,60,14,34,59,1.0,10.0,20.74,140.45,9.56,28.73
17,OMC,옴니콤 그룹,5,60,14,34,59,1.0,10.0,20.74,53.69,10.3,24.92
17,EMR,에머슨 일렉트릭,5,60,14,34,59,1.0,10.0,20.74,15.31,10.04,26.3
17,SYY,시스코,5,60,14,34,59,1.0,10.0,20.74,0.0,10.04,26.41
17,CNP,센터포인트 에너지,5,60,14,34,59,1.0,10.0,20.74,37.54,8.9,24.49
17,PNC,PNC 파이낸셜 서비스,5,60,14,34,59,1.0,10.0,20.74,58.87,11.08,27.98
17,WELL.K,웰타워,5,60,14,34,59,1.0,10.0,20.74,56.28,11.26,29.08
17,O,리얼티 인컴,5,60,14,34,59,1.0,10.0,20.74,0.54,6.94,24.33
17,GPC,제뉴인 파츠,5,60,14,34,59,1.0,10.0,20.74,0.0,11.9,24.24
17,DLR,디지털 리얼티 트러스트,5,60,14,34,59,1.0,10.0,20.74,49.32,10.63,26.75
17,CNP,센터포인트 에너지,5,60,14,34,64,1.0,10.0,18.29,33.94,8.9,24.49
17,DLR,디지털 리얼티 트러스트,5,60,14,34,64,1.0,10.0,18.29,25.51,10.63,26.75
17,GPC,제뉴인 파츠,5,60,14,34,64,1.0,10.0,18.29,0.0,11.9,24.24
17,O,리얼티 인컴,5,60,14,34,64,1.0,10.0,18.29,0.54,6.94,24.33
17,WELL.K,웰타워,5,60,14,34,64,1.0,10.0,18.29,38.38,11.26,29.08
17,FIS,피델리티 내셔널 인포메이션 서비스,5,60,14,34,64,1.0,10.0,18.29,30.81,11.43,26.93
17,EMR,에머슨 일렉트릭,5,60,14,34,64,1.0,10.0,18.29,16.17,10.04,26.3
17,SYY,시스코,5,60,14,34,64,1.0,10.0,18.29,0.0,10.04,26.41
17,CAH,카디널 헬스,5,60,14,34,64,1.0,10.0,18.29,0.0,11.39,26.48
17,OMC,옴니콤 그룹,5,60,14,34,64,1.0,10.0,18.29,20.56,10.3,24.92
17,PNC,PNC 파이낸셜 서비스,5,60,14,34,64,1.0,10.0,18.29,55.7,11.08,27.98
17,PSA,퍼블릭 스토리지,5,60,14,34,64,1.0,10.0,18.29,0.0,11.11,21.95
17,BG,번지 글로벌,5,60,14,34,64,1.0,10.0,18.29,152.81,9.56,28.73
17,WMT,월마트,5,60,14,34,64,1.0,10.0,18.29,2.78,7.62,26.15
17,USB,U.S. 뱅코프,5,60,14,34,64,1.0,10.0,18.29,19.95,7.57,27.63
17,PCAR.O,파카,5,60,14,34,64,1.0,10.0,18.29,22.96,11.84,27.57
17,ADM,아처 대니얼스 미들랜드,5,60,14,34,64,1.0,10.0,18.29,0.0,9.79,26.0
17,SRE,셈프라 에너지,5,60,14,34,64,1.0,10.0,18.29,8.33,7.02,25.36
17,CVS,CVS 헬스,5,60,14,34,64,1.0,10.0,18.29,0.0,7.84,24.33
17,ELV,엘레반스 헬스,5,60,14,34,64,1.0,10.0,18.29,0.0,8.76,23.49
17,UPS,유나이티드 파셀 서비스,5,60,14,34,64,1.0,10.0,18.29,0.0,8.83,23.0
17,TGT,타겟,5,60,14,34,64,1.0,10.0,18.29,52.18,12.21,27.87
17,CSCO.O,시스코 시스템즈,5,60,14,34,64,1.0,10.0,18.29,24.7,8.88,25.96
17,DIS,월트 디즈니,5,60,14,34,64,1.0,10.0,18.29,8.34,11.6,26.11
17,CVX,셰브론,5,60,14,34,64,1.0,10.0,18.29,19.06,9.54,27.06
17,XOM,엑슨 모빌,5,60,14,34,64,1.0,10.0,18.29,-0.66,8.19,25.31
17,EIX,에디슨 인터내셔널,5,60,14,34,64,1.0,10.0,18.29,0.0,8.81,23.92
17,DGX,퀘스트 다이아그노스틱스,5,60,14,34,64,1.0,10.0,18.29,0.0,10.54,22.98
17,BK,뱅크 오브 뉴욕 멜론,5,60,14,34,64,1.0,10.0,18.29,24.12,10.0,27.05
17,INVH.K,인비테이션 홈스,5,60,14,34,64,1.0,10.0,18.29,0.0,12.09,26.31
17,UDR,UDR,5,60,14,34,64,1.0,10.0,18.29,54.35,8.42,24.52
17,FRT,페더럴 리얼티 인베스트먼트 트러스트,5,60,14,34,64,1.0,10.0,18.29,39.87,5.88,26.43
17,REG.O,리젠시 센터스,5,60,14,34,64,1.0,10.0,18.29,37.62,8.38,28.14
17,CPT,캠든 프로퍼티 트러스트,5,60,14,34,64,1.0,10.0,18.29,0.0,10.05,23.46
17,BFb,브라운-포맨 Class B,5,60,14,34,64,1.0,10.0,18.29,0.0,9.97,22.73
17,ARE,알렉산드리아 리얼에스테이트 이쿼티,5,60,14,34,64,1.0,10.0,18.29,19.54,7.44,24.6
17,LH,랩코프 홀딩스,5,60,14,34,64,1.0,10.0,18.29,0.0,10.81,24.66
17,MAA,미드아메리카 아파트 커뮤니티,5,60,14,34,64,1.0,10.0,18.29,0.0,9.97,23.17
17,ESS,에섹스 프로퍼티 트러스트,5,60,14,34,64,1.0,10.0,18.29,0.0,10.29,24.07
17,IFF,인터내셔널 플레이버스 & 프레그런스,5,60,14,34,64,1.0,10.0,18.29,63.08,9.43,26.71
17,ALLE.K,얼리지언,5,60,14,34,64,1.0,10.0,18.29,0.0,12.13,25.97
17,EQR,에퀴티 레지덴셜,5,60,14,34,64,1.0,10.0,18.29,63.45,7.36,23.9
17,NWS.O,뉴스 코퍼레이션 Class B,5,60,14,34,64,1.0,10.0,18.29,9.61,10.11,29.02
17,HSIC.O,헨리 셰인,5,60,14,34,64,1.0,10.0,18.29,0.0,11.37,24.1
17,CCI,크라운 캐슬,5,60,14,34,64,1.0,10.0,18.29,-1.64,9.8,23.52
17,L,로우스,5,60,14,34,64,1.0,10.0,18.29,68.74,8.25,23.49
17,GRMN.K,가민,5,60,14,34,64,1.0,10.0,18.29,0.0,10.64,26.54
17,TAP,몰슨 쿠어스 베버리지 Class B,5,60,14,34,64,1.0,10.0,18.29,2.42,4.47,26.41
17,CHRW.O,CH 로빈슨 월드와이드,5,60,14,34,64,1.0,10.0,18.29,7.81,6.33,25.1
17,NTRS.O,노던 트러스트,5,60,14,34,64,1.0,10.0,18.29,28.12,8.06,28.0
17,ZBH,짐머 바이오멧 홀딩스,5,60,14,34,64,1.0,10.0,18.29,0.0,8.26,25.69
17,CTSH.O,코그니전트 테크놀로지 솔루션,5,60,14,34,64,1.0,10.0,18.29,0.0,11.5,29.01
17,TROW.O,티 로웨 프라이스 그룹,5,60,14,34,64,1.0,10.0,18.29,0.0,11.0,28.49
17,EXPD.K,익스페디터스 인터내셔널 오브 워싱턴,5,60,14,34,64,1.0,10.0,18.29,0.0,12.4,24.17
17,AVB,아발론베이 커뮤니티,5,60,14,34,64,1.0,10.0,18.29,57.02,8.2,23.49
17,WELL.K,웰타워,5,120,14,39,59,1.0,10.0,16.85,63.46,11.26,29.08
17,BG,번지 글로벌,5,120,14,39,59,1.0,10.0,16.85,1.03,9.56,28.73
17,DLR,디지털 리얼티 트러스트,5,120,14,39,59,1.0,10.0,16.85,34.17,10.63,26.75
17,GPC,제뉴인 파츠,5,120,14,39,59,1.0,10.0,16.85,33.32,11.9,24.24
17,O,리얼티 인컴,5,120,14,39,59,1.0,10.0,16.85,0.0,6.94,24.33
17,CNP,센터포인트 에너지,5,120,14,39,59,1.0,10.0,16.85,38.52,8.9,24.49
17,FIS,피델리티 내셔널 인포메이션 서비스,5,120,14,39,59,1.0,10.0,16.85,-2.19,11.43,26.93
17,SYY,시스코,5,120,14,39,59,1.0,10.0,16.85,0.0,10.04,26.41
17,EMR,에머슨 일렉트릭,5,120,14,39,59,1.0,10.0,16.85,13.36,10.04,26.3
17,CAH,카디널 헬스,5,120,14,39,59,1.0,10.0,16.85,0.83,11.39,26.48
17,PNC,PNC 파이낸셜 서비스,5,120,14,39,59,1.0,10.0,16.85,36.94,11.08,27.98
17,OMC,옴니콤 그룹,5,120,14,39,59,1.0,10.0,16.85,74.42,10.3,24.92
17,CVS,CVS 헬스,5,120,14,39,59,1.0,10.0,16.85,-0.13,7.84,24.33
17,USB,U.S. 뱅코프,5,120,14,39,59,1.0,10.0,16.85,27.35,7.57,27.63
17,PCAR.O,파카,5,120,14,39,59,1.0,10.0,16.85,0.0,11.84,27.57
17,ADM,아처 대니얼스 미들랜드,5,120,14,39,59,1.0,10.0,16.85,7.61,9.79,26.0
17,SRE,셈프라 에너지,5,120,14,39,59,1.0,10.0,16.85,9.48,7.02,25.36
17,ELV,엘레반스 헬스,5,120,14,39,59,1.0,10.0,16.85,26.78,8.76,23.49
17,UPS,유나이티드 파셀 서비스,5,120,14,39,59,1.0,10.0,16.85,32.38,8.83,23.0
17,TGT,타겟,5,120,14,39,59,1.0,10.0,16.85,47.91,12.21,27.87
17,CSCO.O,시스코 시스템즈,5,120,14,39,59,1.0,10.0,16.85,25.58,8.88,25.96
17,DIS,월트 디즈니,5,120,14,39,59,1.0,10.0,16.85,-11.81,11.6,26.11
17,CVX,셰브론,5,120,14,39,59,1.0,10.0,16.85,30.12,9.54,27.06
17,XOM,엑슨 모빌,5,120,14,39,59,1.0,10.0,16.85,1.16,8.19,25.31
17,EIX,에디슨 인터내셔널,5,120,14,39,59,1.0,10.0,16.85,0.0,8.81,23.92
17,PSA,퍼블릭 스토리지,5,120,14,39,59,1.0,10.0,16.85,0.0,11.11,21.95
17,L,로우스,5,120,14,39,59,1.0,10.0,16.85,12.15,8.25,23.49
17,DGX,퀘스트 다이아그노스틱스,5,120,14,39,59,1.0,10.0,16.85,24.02,10.54,22.98
17,INVH.K,인비테이션 홈스,5,120,14,39,59,1.0,10.0,16.85,0.0,12.09,26.31
17,FRT,페더럴 리얼티 인베스트먼트 트러스트,5,120,14,39,59,1.0,10.0,16.85,-1.47,5.88,26.43
17,REG.O,리젠시 센터스,5,120,14,39,59,1.0,10.0,16.85,100.24,8.38,28.14
17,CPT,캠든 프로퍼티 트러스트,5,120,14,39,59,1.0,10.0,16.85,17.04,10.05,23.46
17,BFb,브라운-포맨 Class B,5,120,14,39,59,1.0,10.0,16.85,-58.28,9.97,22.73
17,ARE,알렉산드리아 리얼에스테이트 이쿼티,5,120,14,39,59,1.0,10.0,16.85,0.0,7.44,24.6
17,LH,랩코프 홀딩스,5,120,14,39,59,1.0,10.0,16.85,42.95,10.81,24.66
17,MAA,미드아메리카 아파트 커뮤니티,5,120,14,39,59,1.0,10.0,16.85,14.67,9.97,23.17
17,ESS,에섹스 프로퍼티 트러스트,5,120,14,39,59,1.0,10.0,16.85,30.69,10.29,24.07
17,IFF,인터내셔널 플레이버스 & 프레그런스,5,120,14,39,59,1.0,10.0,16.85,22.72,9.43,26.71
17,ALLE.K,얼리지언,5,120,14,39,59,1.0,10.0,16.85,0.0,12.13,25.97
17,EQR,에퀴티 레지덴셜,5,120,14,39,59,1.0,10.0,16.85,67.28,7.36,23.9
17,HSIC.O,헨리 셰인,5,120,14,39,59,1.0,10.0,16.85,14.94,11.37,24.1
17,BK,뱅크 오브 뉴욕 멜론,5,120,14,39,59,1.0,10.0,16.85,36.49,10.0,27.05
17,EXPD.K,익스페디터스 인터내셔널 오브 워싱턴,5,120,14,39,59,1.0,10.0,16.85,0.0,12.4,24.17
17,TROW.O,티 로웨 프라이스 그룹,5,120,14,39,59,1.0,10.0,16.85,1.17,11.0,28.49
17,CTSH.O,코그니전트 테크놀로지 솔루션,5,120,14,39,59,1.0,10.0,16.85,18.68,11.5,29.01
17,AVB,아발론베이 커뮤니티,5,120,14,39,59,1.0,10.0,16.85,44.15,8.2,23.49
17,ZBH,짐머 바이오멧 홀딩스,5,120,14,39,59,1.0,10.0,16.85,-4.06,8.26,25.69
17,CCI,크라운 캐슬,5,120,14,39,59,1.0,10.0,16.85,-12.5,9.8,23.52
17,CHRW.O,CH 로빈슨 월드와이드,5,120,14,39,59,1.0,10.0,16.85,10.26,6.33,25.1
17,TAP,몰슨 쿠어스 베버리지 Class B,5,120,14,39,59,1.0,10.0,16.85,-2.11,4.47,26.41
17,GRMN.K,가민,5,120,14,39,59,1.0,10.0,16.85,0.0,10.64,26.54
17,NTRS.O,노던 트러스트,5,120,14,39,59,1.0,10.0,16.85,21.53,8.06,28.0
17,UDR,UDR,5,120,14,39,59,1.0,10.0,16.85,26.01,8.42,24.52
17,WMT,월마트,5,120,14,39,59,1.0,10.0,16.85,3.4,7.62,26.15
17,NWS.O,뉴스 코퍼레이션 Class B,5,120,14,39,59,1.0,10.0,16.85,6.67,10.11,29.02
17,WMT,월마트,5,60,14,39,64,1.0,10.0,16.78,2.78,7.62,26.15
17,BK,뱅크 오브 뉴욕 멜론,5,60,14,39,64,1.0,10.0,16.78,32.15,10.0,27.05
17,EIX,에디슨 인터내셔널,5,60,14,39,64,1.0,10.0,16.78,1.69,8.81,23.92
17,PSA,퍼블릭 스토리지,5,60,14,39,64,1.0,10.0,16.78,42.65,11.11,21.95
17,PNC,PNC 파이낸셜 서비스,5,60,14,39,64,1.0,10.0,16.78,31.66,11.08,27.98
17,OMC,옴니콤 그룹,5,60,14,39,64,1.0,10.0,16.78,22.05,10.3,24.92
17,EMR,에머슨 일렉트릭,5,60,14,39,64,1.0,10.0,16.78,16.17,10.04,26.3
17,SYY,시스코,5,60,14,39,64,1.0,10.0,16.78,17.69,10.04,26.41
17,CNP,센터포인트 에너지,5,60,14,39,64,1.0,10.0,16.78,30.15,8.9,24.49
17,FIS,피델리티 내셔널 인포메이션 서비스,5,60,14,39,64,1.0,10.0,16.78,0.54,11.43,26.93
17,WELL.K,웰타워,5,60,14,39,64,1.0,10.0,16.78,38.75,11.26,29.08
17,O,리얼티 인컴,5,60,14,39,64,1.0,10.0,16.78,0.54,6.94,24.33
17,GPC,제뉴인 파츠,5,60,14,39,64,1.0,10.0,16.78,10.68,11.9,24.24
17,DLR,디지털 리얼티 트러스트,5,60,14,39,64,1.0,10.0,16.78,21.36,10.63,26.75
17,BG,번지 글로벌,5,60,14,39,64,1.0,10.0,16.78,7.18,9.56,28.73
17,CAH,카디널 헬스,5,60,14,39,64,1.0,10.0,16.78,2.33,11.39,26.48
17,USB,U.S. 뱅코프,5,60,14,39,64,1.0,10.0,16.78,40.56,7.57,27.63
17,PCAR.O,파카,5,60,14,39,64,1.0,10.0,16.78,22.96,11.84,27.57
17,ADM,아처 대니얼스 미들랜드,5,60,14,39,64,1.0,10.0,16.78,14.77,9.79,26.0
17,SRE,셈프라 에너지,5,60,14,39,64,1.0,10.0,16.78,8.71,7.02,25.36
17,CVS,CVS 헬스,5,60,14,39,64,1.0,10.0,16.78,-3.39,7.84,24.33
17,ELV,엘레반스 헬스,5,60,14,39,64,1.0,10.0,16.78,27.52,8.76,23.49
17,UPS,유나이티드 파셀 서비스,5,60,14,39,64,1.0,10.0,16.78,38.33,8.83,23.0
17,TGT,타겟,5,60,14,39,64,1.0,10.0,16.78,31.72,12.21,27.87
17,CSCO.O,시스코 시스템즈,5,60,14,39,64,1.0,10.0,16.78,32.78,8.88,25.96
17,DIS,월트 디즈니,5,60,14,39,64,1.0,10.0,16.78,8.34,11.6,26.11
17,CVX,셰브론,5,60,14,39,64,1.0,10.0,16.78,19.06,9.54,27.06
17,DGX,퀘스트 다이아그노스틱스,5,60,14,39,64,1.0,10.0,16.78,30.48,10.54,22.98
17,XOM,엑슨 모빌,5,60,14,39,64,1.0,10.0,16.78,-0.66,8.19,25.31
17,UDR,UDR,5,60,14,39,64,1.0,10.0,16.78,16.32,8.42,24.52
17,INVH.K,인비테이션 홈스,5,60,14,39,64,1.0,10.0,16.78,74.12,12.09,26.31
17,NTRS.O,노던 트러스트,5,60,14,39,64,1.0,10.0,16.78,19.89,8.06,28.0
17,NWS.O,뉴스 코퍼레이션 Class B,5,60,14,39,64,1.0,10.0,16.78,10.93,10.11,29.02
17,FRT,페더럴 리얼티 인베스트먼트 트러스트,5,60,14,39,64,1.0,10.0,16.78,1.36,5.88,26.43
17,REG.O,리젠시 센터스,5,60,14,39,64,1.0,10.0,16.78,30.49,8.38,28.14
17,CPT,캠든 프로퍼티 트러스트,5,60,14,39,64,1.0,10.0,16.78,27.99,10.05,23.46
17,BFb,브라운-포맨 Class B,5,60,14,39,64,1.0,10.0,16.78,-54.39,9.97,22.73
17,ARE,알렉산드리아 리얼에스테이트 이쿼티,5,60,14,39,64,1.0,10.0,16.78,3.92,7.44,24.6
17,LH,랩코프 홀딩스,5,60,14,39,64,1.0,10.0,16.78,42.66,10.81,24.66
17,ESS,에섹스 프로퍼티 트러스트,5,60,14,39,64,1.0,10.0,16.78,30.2,10.29,24.07
17,IFF,인터내셔널 플레이버스 & 프레그런스,5,60,14,39,64,1.0,10.0,16.78,-6.12,9.43,26.71
17,ALLE.K,얼리지언,5,60,14,39,64,1.0,10.0,16.78,6.43,12.13,25.97
17,EQR,에퀴티 레지덴셜,5,60,14,39,64,1.0,10.0,16.78,16.22,7.36,23.9
17,MAA,미드아메리카 아파트 커뮤니티,5,60,14,39,64,1.0,10.0,16.78,16.33,9.97,23.17
17,HSIC.O,헨리 셰인,5,60,14,39,64,1.0,10.0,16.78,10.32,11.37,24.1
17,AVB,아발론베이 커뮤니티,5,60,14,39,64,1.0,10.0,16.78,22.96,8.2,23.49
17,TAP,몰슨 쿠어스 베버리지 Class B,5,60,14,39,64,1.0,10.0,16.78,-0.36,4.47,26.41
17,CHRW.O,CH 로빈슨 월드와이드,5,60,14,39,64,1.0,10.0,16.78,21.11,6.33,25.1
17,CCI,크라운 캐슬,5,60,14,39,64,1.0,10.0,16.78,-1.64,9.8,23.52
17,ZBH,짐머 바이오멧 홀딩스,5,60,14,39,64,1.0,10.0,16.78,-2.79,8.26,25.69
17,GRMN.K,가민,5,60,14,39,64,1.0,10.0,16.78,42.07,10.64,26.54
17,CTSH.O,코그니전트 테크놀로지 솔루션,5,60,14,39,64,1.0,10.0,16.78,7.74,11.5,29.01
17,EXPD.K,익스페디터스 인터내셔널 오브 워싱턴,5,60,14,39,64,1.0,10.0,16.78,3.61,12.4,24.17
17,L,로우스,5,60,14,39,64,1.0,10.0,16.78,19.94,8.25,23.49
17,TROW.O,티 로웨 프라이스 그룹,5,60,14,39,64,1.0,10.0,16.78,13.96,11.0,28.49
17,ZBH,짐머 바이오멧 홀딩스,5,120,14,39,54,1.0,10.0,16.47,32.41,8.26,25.69
17,L,로우스,5,120,14,39,54,1.0,10.0,16.47,12.18,8.25,23.49
17,EXPD.K,익스페디터스 인터내셔널 오브 워싱턴,5,120,14,39,54,1.0,10.0,16.47,0.0,12.4,24.17
17,TROW.O,티 로웨 프라이스 그룹,5,120,14,39,54,1.0,10.0,16.47,1.17,11.0,28.49
17,CTSH.O,코그니전트 테크놀로지 솔루션,5,120,14,39,54,1.0,10.0,16.47,14.72,11.5,29.01
17,AVB,아발론베이 커뮤니티,5,120,14,39,54,1.0,10.0,16.47,27.89,8.2,23.49
17,CHRW.O,CH 로빈슨 월드와이드,5,120,14,39,54,1.0,10.0,16.47,7.55,6.33,25.1
17,CCI,크라운 캐슬,5,120,14,39,54,1.0,10.0,16.47,-12.5,9.8,23.52
17,TAP,몰슨 쿠어스 베버리지 Class B,5,120,14,39,54,1.0,10.0,16.47,-4.51,4.47,26.41
17,GRMN.K,가민,5,120,14,39,54,1.0,10.0,16.47,0.0,10.64,26.54
17,NTRS.O,노던 트러스트,5,120,14,39,54,1.0,10.0,16.47,34.81,8.06,28.0
17,INVH.K,인비테이션 홈스,5,120,14,39,54,1.0,10.0,16.47,0.0,12.09,26.31
17,HSIC.O,헨리 셰인,5,120,14,39,54,1.0,10.0,16.47,14.37,11.37,24.1
17,WMT,월마트,5,120,14,39,54,1.0,10.0,16.47,0.82,7.62,26.15
17,EQR,에퀴티 레지덴셜,5,120,14,39,54,1.0,10.0,16.47,61.57,7.36,23.9
17,ALLE.K,얼리지언,5,120,14,39,54,1.0,10.0,16.47,0.0,12.13,25.97
17,IFF,인터내셔널 플레이버스 & 프레그런스,5,120,14,39,54,1.0,10.0,16.47,22.46,9.43,26.71
17,ESS,에섹스 프로퍼티 트러스트,5,120,14,39,54,1.0,10.0,16.47,24.69,10.29,24.07
17,MAA,미드아메리카 아파트 커뮤니티,5,120,14,39,54,1.0,10.0,16.47,14.67,9.97,23.17
17,LH,랩코프 홀딩스,5,120,14,39,54,1.0,10.0,16.47,6.66,10.81,24.66
17,ARE,알렉산드리아 리얼에스테이트 이쿼티,5,120,14,39,54,1.0,10.0,16.47,0.0,7.44,24.6
17,BFb,브라운-포맨 Class B,5,120,14,39,54,1.0,10.0,16.47,-58.28,9.97,22.73
17,CPT,캠든 프로퍼티 트러스트,5,120,14,39,54,1.0,10.0,16.47,17.04,10.05,23.46
17,REG.O,리젠시 센터스,5,120,14,39,54,1.0,10.0,16.47,71.9,8.38,28.14
17,FRT,페더럴 리얼티 인베스트먼트 트러스트,5,120,14,39,54,1.0,10.0,16.47,20.71,5.88,26.43
17,NWS.O,뉴스 코퍼레이션 Class B,5,120,14,39,54,1.0,10.0,16.47,4.9,10.11,29.02
17,BK,뱅크 오브 뉴욕 멜론,5,120,14,39,54,1.0,10.0,16.47,31.82,10.0,27.05
17,UDR,UDR,5,120,14,39,54,1.0,10.0,16.47,20.92,8.42,24.52
17,DGX,퀘스트 다이아그노스틱스,5,120,14,39,54,1.0,10.0,16.47,-99.83,10.54,22.98
17,XOM,엑슨 모빌,5,120,14,39,54,1.0,10.0,16.47,19.78,8.19,25.31
17,BG,번지 글로벌,5,120,14,39,54,1.0,10.0,16.47,15.91,9.56,28.73
17,CVX,셰브론,5,120,14,39,54,1.0,10.0,16.47,28.17,9.54,27.06
17,DIS,월트 디즈니,5,120,14,39,54,1.0,10.0,16.47,-1.35,11.6,26.11
17,CSCO.O,시스코 시스템즈,5,120,14,39,54,1.0,10.0,16.47,60.5,8.88,25.96
17,TGT,타겟,5,120,14,39,54,1.0,10.0,16.47,117.6,12.21,27.87
17,UPS,유나이티드 파셀 서비스,5,120,14,39,54,1.0,10.0,16.47,9.82,8.83,23.0
17,ELV,엘레반스 헬스,5,120,14,39,54,1.0,10.0,16.47,24.61,8.76,23.49
17,SRE,셈프라 에너지,5,120,14,39,54,1.0,10.0,16.47,20.17,7.02,25.36
17,ADM,아처 대니얼스 미들랜드,5,120,14,39,54,1.0,10.0,16.47,15.92,9.79,26.0
17,PCAR.O,파카,5,120,14,39,54,1.0,10.0,16.47,0.0,11.84,27.57
17,USB,U.S. 뱅코프,5,120,14,39,54,1.0,10.0,16.47,22.57,7.57,27.63
17,CAH,카디널 헬스,5,120,14,39,54,1.0,10.0,16.47,-3.47,11.39,26.48
17,CVS,CVS 헬스,5,120,14,39,54,1.0,10.0,16.47,-1.11,7.84,24.33
17,DLR,디지털 리얼티 트러스트,5,120,14,39,54,1.0,10.0,16.47,34.68,10.63,26.75
17,SYY,시스코,5,120,14,39,54,1.0,10.0,16.47,0.0,10.04,26.41
17,GPC,제뉴인 파츠,5,120,14,39,54,1.0,10.0,16.47,33.32,11.9,24.24
17,PSA,퍼블릭 스토리지,5,120,14,39,54,1.0,10.0,16.47,0.0,11.11,21.95
17,PNC,PNC 파이낸셜 서비스,5,120,14,39,54,1.0,10.0,16.47,46.45,11.08,27.98
17,OMC,옴니콤 그룹,5,120,14,39,54,1.0,10.0,16.47,83.78,10.3,24.92
17,EMR,에머슨 일렉트릭,5,120,14,39,54,1.0,10.0,16.47,14.24,10.04,26.3
17,EIX,에디슨 인터내셔널,5,120,14,39,54,1.0,10.0,16.47,0.0,8.81,23.92
17,CNP,센터포인트 에너지,5,120,14,39,54,1.0,10.0,16.47,43.73,8.9,24.49
17,FIS,피델리티 내셔널 인포메이션 서비스,5,120,14,39,54,1.0,10.0,16.47,-4.86,11.43,26.93
17,WELL.K,웰타워,5,120,14,39,54,1.0,10.0,16.47,57.1,11.26,29.08
17,O,리얼티 인컴,5,120,14,39,54,1.0,10.0,16.47,0.0,6.94,24.33
17,HSIC.O,헨리 셰인,5,120,14,34,59,1.0,10.0,16.32,0.0,11.37,24.1
17,GRMN.K,가민,5,120,14,34,59,1.0,10.0,16.32,0.0,10.64,26.54
17,TAP,몰슨 쿠어스 베버리지 Class B,5,120,14,34,59,1.0,10.0,16.32,-1.7,4.47,26.41
17,CHRW.O,CH 로빈슨 월드와이드,5,120,14,34,59,1.0,10.0,16.32,0.0,6.33,25.1
17,CCI,크라운 캐슬,5,120,14,34,59,1.0,10.0,16.32,-12.5,9.8,23.52
17,ZBH,짐머 바이오멧 홀딩스,5,120,14,34,59,1.0,10.0,16.32,0.0,8.26,25.69
17,AVB,아발론베이 커뮤니티,5,120,14,34,59,1.0,10.0,16.32,44.33,8.2,23.49
17,CTSH.O,코그니전트 테크놀로지 솔루션,5,120,14,34,59,1.0,10.0,16.32,0.0,11.5,29.01
17,TROW.O,티 로웨 프라이스 그룹,5,120,14,34,59,1.0,10.0,16.32,0.0,11.0,28.49
17,EXPD.K,익스페디터스 인터내셔널 오브 워싱턴,5,120,14,34,59,1.0,10.0,16.32,0.0,12.4,24.17
17,L,로우스,5,120,14,34,59,1.0,10.0,16.32,0.0,8.25,23.49
17,NTRS.O,노던 트러스트,5,120,14,34,59,1.0,10.0,16.32,24.49,8.06,28.0
17,NWS.O,뉴스 코퍼레이션 Class B,5,120,14,34,59,1.0,10.0,16.32,5.38,10.11,29.02
17,INVH.K,인비테이션 홈스,5,120,14,34,59,1.0,10.0,16.32,0.0,12.09,26.31
17,EQR,에퀴티 레지덴셜,5,120,14,34,59,1.0,10.0,16.32,67.28,7.36,23.9
17,ALLE.K,얼리지언,5,120,14,34,59,1.0,10.0,16.32,0.0,12.13,25.97
17,IFF,인터내셔널 플레이버스 & 프레그런스,5,120,14,34,59,1.0,10.0,16.32,46.85,9.43,26.71
17,ESS,에섹스 프로퍼티 트러스트,5,120,14,34,59,1.0,10.0,16.32,0.0,10.29,24.07
17,MAA,미드아메리카 아파트 커뮤니티,5,120,14,34,59,1.0,10.0,16.32,0.0,9.97,23.17
17,LH,랩코프 홀딩스,5,120,14,34,59,1.0,10.0,16.32,0.0,10.81,24.66
17,ARE,알렉산드리아 리얼에스테이트 이쿼티,5,120,14,34,59,1.0,10.0,16.32,0.0,7.44,24.6
17,BFb,브라운-포맨 Class B,5,120,14,34,59,1.0,10.0,16.32,0.0,9.97,22.73
17,CPT,캠든 프로퍼티 트러스트,5,120,14,34,59,1.0,10.0,16.32,0.0,10.05,23.46
17,REG.O,리젠시 센터스,5,120,14,34,59,1.0,10.0,16.32,100.24,8.38,28.14
17,FRT,페더럴 리얼티 인베스트먼트 트러스트,5,120,14,34,59,1.0,10.0,16.32,48.92,5.88,26.43
17,BK,뱅크 오브 뉴욕 멜론,5,120,14,34,59,1.0,10.0,16.32,0.0,10.0,27.05
17,UDR,UDR,5,120,14,34,59,1.0,10.0,16.32,38.18,8.42,24.52
17,CAH,카디널 헬스,5,120,14,34,59,1.0,10.0,16.32,0.0,11.39,26.48
17,DGX,퀘스트 다이아그노스틱스,5,120,14,34,59,1.0,10.0,16.32,0.0,10.54,22.98
17,PCAR.O,파카,5,120,14,34,59,1.0,10.0,16.32,0.0,11.84,27.57
17,WMT,월마트,5,120,14,34,59,1.0,10.0,16.32,3.4,7.62,26.15
17,XOM,엑슨 모빌,5,120,14,34,59,1.0,10.0,16.32,25.46,8.19,25.31
17,CVX,셰브론,5,120,14,34,59,1.0,10.0,16.32,30.14,9.54,27.06
17,DIS,월트 디즈니,5,120,14,34,59,1.0,10.0,16.32,0.0,11.6,26.11
17,CSCO.O,시스코 시스템즈,5,120,14,34,59,1.0,10.0,16.32,25.58,8.88,25.96
17,TGT,타겟,5,120,14,34,59,1.0,10.0,16.32,0.0,12.21,27.87
17,UPS,유나이티드 파셀 서비스,5,120,14,34,59,1.0,10.0,16.32,0.0,8.83,23.0
17,ELV,엘레반스 헬스,5,120,14,34,59,1.0,10.0,16.32,0.0,8.76,23.49
17,CVS,CVS 헬스,5,120,14,34,59,1.0,10.0,16.32,0.0,7.84,24.33
17,SRE,셈프라 에너지,5,120,14,34,59,1.0,10.0,16.32,0.0,7.02,25.36
17,ADM,아처 대니얼스 미들랜드,5,120,14,34,59,1.0,10.0,16.32,0.0,9.79,26.0
17,USB,U.S. 뱅코프,5,120,14,34,59,1.0,10.0,16.32,0.0,7.57,27.63
17,EIX,에디슨 인터내셔널,5,120,14,34,59,1.0,10.0,16.32,0.0,8.81,23.92
17,DLR,디지털 리얼티 트러스트,5,120,14,34,59,1.0,10.0,16.32,44.08,10.63,26.75
17,GPC,제뉴인 파츠,5,120,14,34,59,1.0,10.0,16.32,0.0,11.9,24.24
17,O,리얼티 인컴,5,120,14,34,59,1.0,10.0,16.32,0.0,6.94,24.33
17,WELL.K,웰타워,5,120,14,34,59,1.0,10.0,16.32,0.0,11.26,29.08
17,FIS,피델리티 내셔널 인포메이션 서비스,5,120,14,34,59,1.0,10.0,16.32,27.06,11.43,26.93
17,CNP,센터포인트 에너지,5,120,14,34,59,1.0,10.0,16.32,71.74,8.9,24.49
17,SYY,시스코,5,120,14,34,59,1.0,10.0,16.32,0.0,10.04,26.41
17,EMR,에머슨 일렉트릭,5,120,14,34,59,1.0,10.0,16.32,0.0,10.04,26.3
17,OMC,옴니콤 그룹,5,120,14,34,59,1.0,10.0,16.32,117.92,10.3,24.92
17,PNC,PNC 파이낸셜 서비스,5,120,14,34,59,1.0,10.0,16.32,39.87,11.08,27.98
17,PSA,퍼블릭 스토리지,5,120,14,34,59,1.0,10.0,16.32,0.0,11.11,21.95
17,BG,번지 글로벌,5,120,14,34,59,1.0,10.0,16.32,150.79,9.56,28.73
17,XOM,엑슨 모빌,5,120,14,34,54,1.0,10.0,16.28,19.26,8.19,25.31
17,REG.O,리젠시 센터스,5,120,14,34,54,1.0,10.0,16.28,71.9,8.38,28.14
17,DGX,퀘스트 다이아그노스틱스,5,120,14,34,54,1.0,10.0,16.28,0.0,10.54,22.98
17,UDR,UDR,5,120,14,34,54,1.0,10.0,16.28,27.59,8.42,24.52
17,NTRS.O,노던 트러스트,5,120,14,34,54,1.0,10.0,16.28,80.06,8.06,28.0
17,GRMN.K,가민,5,120,14,34,54,1.0,10.0,16.28,0.0,10.64,26.54
17,TAP,몰슨 쿠어스 베버리지 Class B,5,120,14,34,54,1.0,10.0,16.28,-6.11,4.47,26.41
17,CHRW.O,CH 로빈슨 월드와이드,5,120,14,34,54,1.0,10.0,16.28,0.0,6.33,25.1
17,CCI,크라운 캐슬,5,120,14,34,54,1.0,10.0,16.28,-12.5,9.8,23.52
17,ZBH,짐머 바이오멧 홀딩스,5,120,14,34,54,1.0,10.0,16.28,0.0,8.26,25.69
17,AVB,아발론베이 커뮤니티,5,120,14,34,54,1.0,10.0,16.28,20.31,8.2,23.49
17,CTSH.O,코그니전트 테크놀로지 솔루션,5,120,14,34,54,1.0,10.0,16.28,0.0,11.5,29.01
17,TROW.O,티 로웨 프라이스 그룹,5,120,14,34,54,1.0,10.0,16.28,0.0,11.0,28.49
17,EXPD.K,익스페디터스 인터내셔널 오브 워싱턴,5,120,14,34,54,1.0,10.0,16.28,0.0,12.4,24.17
17,L,로우스,5,120,14,34,54,1.0,10.0,16.28,0.0,8.25,23.49
17,HSIC.O,헨리 셰인,5,120,14,34,54,1.0,10.0,16.28,0.0,11.37,24.1
17,INVH.K,인비테이션 홈스,5,120,14,34,54,1.0,10.0,16.28,0.0,12.09,26.31
17,EQR,에퀴티 레지덴셜,5,120,14,34,54,1.0,10.0,16.28,61.57,7.36,23.9
17,ALLE.K,얼리지언,5,120,14,34,54,1.0,10.0,16.28,0.0,12.13,25.97
17,IFF,인터내셔널 플레이버스 & 프레그런스,5,120,14,34,54,1.0,10.0,16.28,46.85,9.43,26.71
17,ESS,에섹스 프로퍼티 트러스트,5,120,14,34,54,1.0,10.0,16.28,0.0,10.29,24.07
17,MAA,미드아메리카 아파트 커뮤니티,5,120,14,34,54,1.0,10.0,16.28,0.0,9.97,23.17
17,LH,랩코프 홀딩스,5,120,14,34,54,1.0,10.0,16.28,0.0,10.81,24.66
17,ARE,알렉산드리아 리얼에스테이트 이쿼티,5,120,14,34,54,1.0,10.0,16.28,0.0,7.44,24.6
17,BFb,브라운-포맨 Class B,5,120,14,34,54,1.0,10.0,16.28,0.0,9.97,22.73
17,CPT,캠든 프로퍼티 트러스트,5,120,14,34,54,1.0,10.0,16.28,0.0,10.05,23.46
17,NWS.O,뉴스 코퍼레이션 Class B,5,120,14,34,54,1.0,10.0,16.28,0.11,10.11,29.02
17,FRT,페더럴 리얼티 인베스트먼트 트러스트,5,120,14,34,54,1.0,10.0,16.28,62.32,5.88,26.43
17,BK,뱅크 오브 뉴욕 멜론,5,120,14,34,54,1.0,10.0,16.28,0.0,10.0,27.05
17,WMT,월마트,5,120,14,34,54,1.0,10.0,16.28,0.82,7.62,26.15
17,EIX,에디슨 인터내셔널,5,120,14,34,54,1.0,10.0,16.28,0.0,8.81,23.92
17,BG,번지 글로벌,5,120,14,34,54,1.0,10.0,16.28,174.75,9.56,28.73
17,DIS,월트 디즈니,5,120,14,34,54,1.0,10.0,16.28,0.0,11.6,26.11
17,CSCO.O,시스코 시스템즈,5,120,14,34,54,1.0,10.0,16.28,60.5,8.88,25.96
17,TGT,타겟,5,120,14,34,54,1.0,10.0,16.28,0.0,12.21,27.87
17,UPS,유나이티드 파셀 서비스,5,120,14,34,54,1.0,10.0,16.28,0.0,8.83,23.0
17,ELV,엘레반스 헬스,5,120,14,34,54,1.0,10.0,16.28,0.0,8.76,23.49
17,CVS,CVS 헬스,5,120,14,34,54,1.0,10.0,16.28,0.0,7.84,24.33
17,SRE,셈프라 에너지,5,120,14,34,54,1.0,10.0,16.28,0.0,7.02,25.36
17,ADM,아처 대니얼스 미들랜드,5,120,14,34,54,1.0,10.0,16.28,0.0,9.79,26.0
17,PCAR.O,파카,5,120,14,34,54,1.0,10.0,16.28,0.0,11.84,27.57
17,USB,U.S. 뱅코프,5,120,14,34,54,1.0,10.0,16.28,0.0,7.57,27.63
17,CAH,카디널 헬스,5,120,14,34,54,1.0,10.0,16.28,0.0,11.39,26.48
17,CVX,셰브론,5,120,14,34,54,1.0,10.0,16.28,30.14,9.54,27.06
17,DLR,디지털 리얼티 트러스트,5,120,14,34,54,1.0,10.0,16.28,50.43,10.63,26.75
17,O,리얼티 인컴,5,120,14,34,54,1.0,10.0,16.28,0.0,6.94,24.33
17,WELL.K,웰타워,5,120,14,34,54,1.0,10.0,16.28,0.0,11.26,29.08
17,FIS,피델리티 내셔널 인포메이션 서비스,5,120,14,34,54,1.0,10.0,16.28,27.06,11.43,26.93
17,CNP,센터포인트 에너지,5,120,14,34,54,1.0,10.0,16.28,64.23,8.9,24.49
17,SYY,시스코,5,120,14,34,54,1.0,10.0,16.28,0.0,10.04,26.41
17,EMR,에머슨 일렉트릭,5,120,14,34,54,1.0,10.0,16.28,0.0,10.04,26.3
17,OMC,옴니콤 그룹,5,120,14,34,54,1.0,10.0,16.28,96.46,10.3,24.92
17,PNC,PNC 파이낸셜 서비스,5,120,14,34,54,1.0,10.0,16.28,19.67,11.08,27.98
17,PSA,퍼블릭 스토리지,5,120,14,34,54,1.0,10.0,16.28,0.0,11.11,21.95
17,GPC,제뉴인 파츠,5,120,14,34,54,1.0,10.0,16.28,0.0,11.9,24.24
17,WELL.K,웰타워,5,60,14,44,54,1.0,10.0,15.3,45.28,11.26,29.08
17,BG,번지 글로벌,5,60,14,44,54,1.0,10.0,15.3,-2.2,9.56,28.73
17,DLR,디지털 리얼티 트러스트,5,60,14,44,54,1.0,10.0,15.3,14.46,10.63,26.75
17,GPC,제뉴인 파츠,5,60,14,44,54,1.0,10.0,15.3,56.39,11.9,24.24
17,O,리얼티 인컴,5,60,14,44,54,1.0,10.0,15.3,10.56,6.94,24.33
17,OMC,옴니콤 그룹,5,60,14,44,54,1.0,10.0,15.3,25.22,10.3,24.92
17,FIS,피델리티 내셔널 인포메이션 서비스,5,60,14,44,54,1.0,10.0,15.3,-9.55,11.43,26.93
17,CNP,센터포인트 에너지,5,60,14,44,54,1.0,10.0,15.3,24.18,8.9,24.49
17,SYY,시스코,5,60,14,44,54,1.0,10.0,15.3,42.2,10.04,26.41
17,EMR,에머슨 일렉트릭,5,60,14,44,54,1.0,10.0,15.3,9.41,10.04,26.3
17,USB,U.S. 뱅코프,5,60,14,44,54,1.0,10.0,15.3,14.0,7.57,27.63
17,CAH,카디널 헬스,5,60,14,44,54,1.0,10.0,15.3,5.38,11.39,26.48
17,UPS,유나이티드 파셀 서비스,5,60,14,44,54,1.0,10.0,15.3,31.27,8.83,23.0
17,PCAR.O,파카,5,60,14,44,54,1.0,10.0,15.3,34.45,11.84,27.57
17,ADM,아처 대니얼스 미들랜드,5,60,14,44,54,1.0,10.0,15.3,47.7,9.79,26.0
17,SRE,셈프라 에너지,5,60,14,44,54,1.0,10.0,15.3,23.97,7.02,25.36
17,CVS,CVS 헬스,5,60,14,44,54,1.0,10.0,15.3,-3.83,7.84,24.33
17,ELV,엘레반스 헬스,5,60,14,44,54,1.0,10.0,15.3,24.61,8.76,23.49
17,TGT,타겟,5,60,14,44,54,1.0,10.0,15.3,18.38,12.21,27.87
17,CSCO.O,시스코 시스템즈,5,60,14,44,54,1.0,10.0,15.3,39.42,8.88,25.96
17,DIS,월트 디즈니,5,60,14,44,54,1.0,10.0,15.3,15.68,11.6,26.11
17,CVX,셰브론,5,60,14,44,54,1.0,10.0,15.3,6.39,9.54,27.06
17,XOM,엑슨 모빌,5,60,14,44,54,1.0,10.0,15.3,-3.03,8.19,25.31
17,NWS.O,뉴스 코퍼레이션 Class B,5,60,14,44,54,1.0,10.0,15.3,8.98,10.11,29.02
17,PSA,퍼블릭 스토리지,5,60,14,44,54,1.0,10.0,15.3,28.63,11.11,21.95
17,PNC,PNC 파이낸셜 서비스,5,60,14,44,54,1.0,10.0,15.3,19.65,11.08,27.98
17,CTSH.O,코그니전트 테크놀로지 솔루션,5,60,14,44,54,1.0,10.0,15.3,6.62,11.5,29.01
17,EIX,에디슨 인터내셔널,5,60,14,44,54,1.0,10.0,15.3,12.02,8.81,23.92
17,DGX,퀘스트 다이아그노스틱스,5,60,14,44,54,1.0,10.0,15.3,53.16,10.54,22.98
17,BFb,브라운-포맨 Class B,5,60,14,44,54,1.0,10.0,15.3,-33.18,9.97,22.73
17,ARE,알렉산드리아 리얼에스테이트 이쿼티,5,60,14,44,54,1.0,10.0,15.3,-6.95,7.44,24.6
17,LH,랩코프 홀딩스,5,60,14,44,54,1.0,10.0,15.3,28.06,10.81,24.66
17,MAA,미드아메리카 아파트 커뮤니티,5,60,14,44,54,1.0,10.0,15.3,2.66,9.97,23.17
17,ESS,에섹스 프로퍼티 트러스트,5,60,14,44,54,1.0,10.0,15.3,-0.01,10.29,24.07
17,IFF,인터내셔널 플레이버스 & 프레그런스,5,60,14,44,54,1.0,10.0,15.3,3.52,9.43,26.71
17,ALLE.K,얼리지언,5,60,14,44,54,1.0,10.0,15.3,46.73,12.13,25.97
17,EQR,에퀴티 레지덴셜,5,60,14,44,54,1.0,10.0,15.3,10.93,7.36,23.9
17,INVH.K,인비테이션 홈스,5,60,14,44,54,1.0,10.0,15.3,17.59,12.09,26.31
17,HSIC.O,헨리 셰인,5,60,14,44,54,1.0,10.0,15.3,18.7,11.37,24.1
17,L,로우스,5,60,14,44,54,1.0,10.0,15.3,17.94,8.25,23.49
17,EXPD.K,익스페디터스 인터내셔널 오브 워싱턴,5,60,14,44,54,1.0,10.0,15.3,0.12,12.4,24.17
17,TROW.O,티 로웨 프라이스 그룹,5,60,14,44,54,1.0,10.0,15.3,4.13,11.0,28.49
17,CPT,캠든 프로퍼티 트러스트,5,60,14,44,54,1.0,10.0,15.3,7.98,10.05,23.46
17,AVB,아발론베이 커뮤니티,5,60,14,44,54,1.0,10.0,15.3,20.09,8.2,23.49
17,ZBH,짐머 바이오멧 홀딩스,5,60,14,44,54,1.0,10.0,15.3,21.31,8.26,25.69
17,CCI,크라운 캐슬,5,60,14,44,54,1.0,10.0,15.3,-20.21,9.8,23.52
17,CHRW.O,CH 로빈슨 월드와이드,5,60,14,44,54,1.0,10.0,15.3,7.64,6.33,25.1
17,TAP,몰슨 쿠어스 베버리지 Class B,5,60,14,44,54,1.0,10.0,15.3,-4.1,4.47,26.41
17,GRMN.K,가민,5,60,14,44,54,1.0,10.0,15.3,33.2,10.64,26.54
17,NTRS.O,노던 트러스트,5,60,14,44,54,1.0,10.0,15.3,16.59,8.06,28.0
17,UDR,UDR,5,60,14,44,54,1.0,10.0,15.3,9.3,8.42,24.52
17,BK,뱅크 오브 뉴욕 멜론,5,60,14,44,54,1.0,10.0,15.3,14.26,10.0,27.05
17,WMT,월마트,5,60,14,44,54,1.0,10.0,15.3,2.12,7.62,26.15
17,REG.O,리젠시 센터스,5,60,14,44,54,1.0,10.0,15.3,13.43,8.38,28.14
17,FRT,페더럴 리얼티 인베스트먼트 트러스트,5,60,14,44,54,1.0,10.0,15.3,10.47,5.88,26.43
17,NWS.O,뉴스 코퍼레이션 Class B,5,60,14,34,69,1.0,10.0,15.01,10.11,10.11,29.02
17,EIX,에디슨 인터내셔널,5,60,14,34,69,1.0,10.0,15.01,0.0,8.81,23.92
17,PNC,PNC 파이낸셜 서비스,5,60,14,34,69,1.0,10.0,15.01,23.51,11.08,27.98
17,OMC,옴니콤 그룹,5,60,14,34,69,1.0,10.0,15.01,12.15,10.3,24.92
17,EMR,에머슨 일렉트릭,5,60,14,34,69,1.0,10.0,15.01,19.31,10.04,26.3
17,SYY,시스코,5,60,14,34,69,1.0,10.0,15.01,0.0,10.04,26.41
17,CNP,센터포인트 에너지,5,60,14,34,69,1.0,10.0,15.01,19.15,8.9,24.49
17,FIS,피델리티 내셔널 인포메이션 서비스,5,60,14,34,69,1.0,10.0,15.01,31.08,11.43,26.93
17,WELL.K,웰타워,5,60,14,34,69,1.0,10.0,15.01,45.22,11.26,29.08
17,O,리얼티 인컴,5,60,14,34,69,1.0,10.0,15.01,0.54,6.94,24.33
17,GPC,제뉴인 파츠,5,60,14,34,69,1.0,10.0,15.01,0.0,11.9,24.24
17,DLR,디지털 리얼티 트러스트,5,60,14,34,69,1.0,10.0,15.01,29.45,10.63,26.75
17,BG,번지 글로벌,5,60,14,34,69,1.0,10.0,15.01,152.81,9.56,28.73
17,CAH,카디널 헬스,5,60,14,34,69,1.0,10.0,15.01,0.0,11.39,26.48
17,USB,U.S. 뱅코프,5,60,14,34,69,1.0,10.0,15.01,19.95,7.57,27.63
17,PCAR.O,파카,5,60,14,34,69,1.0,10.0,15.01,21.81,11.84,27.57
17,ADM,아처 대니얼스 미들랜드,5,60,14,34,69,1.0,10.0,15.01,0.0,9.79,26.0
17,SRE,셈프라 에너지,5,60,14,34,69,1.0,10.0,15.01,9.5,7.02,25.36
17,CVS,CVS 헬스,5,60,14,34,69,1.0,10.0,15.01,0.0,7.84,24.33
17,ELV,엘레반스 헬스,5,60,14,34,69,1.0,10.0,15.01,0.0,8.76,23.49
17,UPS,유나이티드 파셀 서비스,5,60,14,34,69,1.0,10.0,15.01,0.0,8.83,23.0
17,TGT,타겟,5,60,14,34,69,1.0,10.0,15.01,36.8,12.21,27.87
17,CSCO.O,시스코 시스템즈,5,60,14,34,69,1.0,10.0,15.01,18.89,8.88,25.96
17,DIS,월트 디즈니,5,60,14,34,69,1.0,10.0,15.01,11.88,11.6,26.11
17,CVX,셰브론,5,60,14,34,69,1.0,10.0,15.01,7.98,9.54,27.06
17,XOM,엑슨 모빌,5,60,14,34,69,1.0,10.0,15.01,1.33,8.19,25.31
17,PSA,퍼블릭 스토리지,5,60,14,34,69,1.0,10.0,15.01,0.0,11.11,21.95
17,DGX,퀘스트 다이아그노스틱스,5,60,14,34,69,1.0,10.0,15.01,0.0,10.54,22.98
17,FRT,페더럴 리얼티 인베스트먼트 트러스트,5,60,14,34,69,1.0,10.0,15.01,5.82,5.88,26.43
17,UDR,UDR,5,60,14,34,69,1.0,10.0,15.01,69.51,8.42,24.52
17,REG.O,리젠시 센터스,5,60,14,34,69,1.0,10.0,15.01,7.6,8.38,28.14
17,CPT,캠든 프로퍼티 트러스트,5,60,14,34,69,1.0,10.0,15.01,0.0,10.05,23.46
17,BFb,브라운-포맨 Class B,5,60,14,34,69,1.0,10.0,15.01,0.0,9.97,22.73
17,ARE,알렉산드리아 리얼에스테이트 이쿼티,5,60,14,34,69,1.0,10.0,15.01,19.54,7.44,24.6
17,LH,랩코프 홀딩스,5,60,14,34,69,1.0,10.0,15.01,0.0,10.81,24.66
17,MAA,미드아메리카 아파트 커뮤니티,5,60,14,34,69,1.0,10.0,15.01,0.0,9.97,23.17
17,ESS,에섹스 프로퍼티 트러스트,5,60,14,34,69,1.0,10.0,15.01,0.0,10.29,24.07
17,IFF,인터내셔널 플레이버스 & 프레그런스,5,60,14,34,69,1.0,10.0,15.01,63.08,9.43,26.71
17,ALLE.K,얼리지언,5,60,14,34,69,1.0,10.0,15.01,0.0,12.13,25.97
17,EQR,에퀴티 레지덴셜,5,60,14,34,69,1.0,10.0,15.01,5.18,7.36,23.9
17,INVH.K,인비테이션 홈스,5,60,14,34,69,1.0,10.0,15.01,0.0,12.09,26.31
17,HSIC.O,헨리 셰인,5,60,14,34,69,1.0,10.0,15.01,0.0,11.37,24.1
17,L,로우스,5,60,14,34,69,1.0,10.0,15.01,69.12,8.25,23.49
17,EXPD.K,익스페디터스 인터내셔널 오브 워싱턴,5,60,14,34,69,1.0,10.0,15.01,0.0,12.4,24.17
17,TROW.O,티 로웨 프라이스 그룹,5,60,14,34,69,1.0,10.0,15.01,0.0,11.0,28.49
17,CTSH.O,코그니전트 테크놀로지 솔루션,5,60,14,34,69,1.0,10.0,15.01,0.0,11.5,29.01
17,AVB,아발론베이 커뮤니티,5,60,14,34,69,1.0,10.0,15.01,45.41,8.2,23.49
17,ZBH,짐머 바이오멧 홀딩스,5,60,14,34,69,1.0,10.0,15.01,0.0,8.26,25.69
17,CCI,크라운 캐슬,5,60,14,34,69,1.0,10.0,15.01,-1.64,9.8,23.52
17,CHRW.O,CH 로빈슨 월드와이드,5,60,14,34,69,1.0,10.0,15.01,7.97,6.33,25.1
17,TAP,몰슨 쿠어스 베버리지 Class B,5,60,14,34,69,1.0,10.0,15.01,1.44,4.47,26.41
17,GRMN.K,가민,5,60,14,34,69,1.0,10.0,15.01,0.0,10.64,26.54
17,NTRS.O,노던 트러스트,5,60,14,34,69,1.0,10.0,15.01,30.26,8.06,28.0
17,BK,뱅크 오브 뉴욕 멜론,5,60,14,34,69,1.0,10.0,15.01,25.48,10.0,27.05
17,WMT,월마트,5,60,14,34,69,1.0,10.0,15.01,5.2,7.62,26.15
17,DGX,퀘스트 다이아그노스틱스,5,60,14,39,69,1.0,10.0,14.14,33.22,10.54,22.98
17,BG,번지 글로벌,5,60,14,39,69,1.0,10.0,14.14,7.18,9.56,28.73
17,PSA,퍼블릭 스토리지,5,60,14,39,69,1.0,10.0,14.14,42.65,11.11,21.95
17,PNC,PNC 파이낸셜 서비스,5,60,14,39,69,1.0,10.0,14.14,22.51,11.08,27.98
17,OMC,옴니콤 그룹,5,60,14,39,69,1.0,10.0,14.14,15.52,10.3,24.92
17,EMR,에머슨 일렉트릭,5,60,14,39,69,1.0,10.0,14.14,19.31,10.04,26.3
17,SYY,시스코,5,60,14,39,69,1.0,10.0,14.14,17.69,10.04,26.41
17,CNP,센터포인트 에너지,5,60,14,39,69,1.0,10.0,14.14,17.53,8.9,24.49
17,FIS,피델리티 내셔널 인포메이션 서비스,5,60,14,39,69,1.0,10.0,14.14,3.36,11.43,26.93
17,WELL.K,웰타워,5,60,14,39,69,1.0,10.0,14.14,25.05,11.26,29.08
17,O,리얼티 인컴,5,60,14,39,69,1.0,10.0,14.14,0.54,6.94,24.33
17,GPC,제뉴인 파츠,5,60,14,39,69,1.0,10.0,14.14,15.08,11.9,24.24
17,DLR,디지털 리얼티 트러스트,5,60,14,39,69,1.0,10.0,14.14,23.77,10.63,26.75
17,CAH,카디널 헬스,5,60,14,39,69,1.0,10.0,14.14,4.84,11.39,26.48
17,NWS.O,뉴스 코퍼레이션 Class B,5,60,14,39,69,1.0,10.0,14.14,7.59,10.11,29.02
17,USB,U.S. 뱅코프,5,60,14,39,69,1.0,10.0,14.14,1.64,7.57,27.63
17,PCAR.O,파카,5,60,14,39,69,1.0,10.0,14.14,21.81,11.84,27.57
17,ADM,아처 대니얼스 미들랜드,5,60,14,39,69,1.0,10.0,14.14,18.77,9.79,26.0
17,SRE,셈프라 에너지,5,60,14,39,69,1.0,10.0,14.14,9.86,7.02,25.36
17,CVS,CVS 헬스,5,60,14,39,69,1.0,10.0,14.14,-0.04,7.84,24.33
17,ELV,엘레반스 헬스,5,60,14,39,69,1.0,10.0,14.14,20.87,8.76,23.49
17,UPS,유나이티드 파셀 서비스,5,60,14,39,69,1.0,10.0,14.14,43.43,8.83,23.0
17,TGT,타겟,5,60,14,39,69,1.0,10.0,14.14,28.24,12.21,27.87
17,CSCO.O,시스코 시스템즈,5,60,14,39,69,1.0,10.0,14.14,10.16,8.88,25.96
17,DIS,월트 디즈니,5,60,14,39,69,1.0,10.0,14.14,11.88,11.6,26.11
17,CVX,셰브론,5,60,14,39,69,1.0,10.0,14.14,7.98,9.54,27.06
17,EIX,에디슨 인터내셔널,5,60,14,39,69,1.0,10.0,14.14,1.69,8.81,23.92
17,BK,뱅크 오브 뉴욕 멜론,5,60,14,39,69,1.0,10.0,14.14,17.3,10.0,27.05
17,WMT,월마트,5,60,14,39,69,1.0,10.0,14.14,5.2,7.62,26.15
17,INVH.K,인비테이션 홈스,5,60,14,39,69,1.0,10.0,14.14,73.59,12.09,26.31
17,FRT,페더럴 리얼티 인베스트먼트 트러스트,5,60,14,39,69,1.0,10.0,14.14,-3.62,5.88,26.43
17,REG.O,리젠시 센터스,5,60,14,39,69,1.0,10.0,14.14,12.71,8.38,28.14
17,CPT,캠든 프로퍼티 트러스트,5,60,14,39,69,1.0,10.0,14.14,27.99,10.05,23.46
17,BFb,브라운-포맨 Class B,5,60,14,39,69,1.0,10.0,14.14,-54.39,9.97,22.73
17,ARE,알렉산드리아 리얼에스테이트 이쿼티,5,60,14,39,69,1.0,10.0,14.14,6.69,7.44,24.6
17,LH,랩코프 홀딩스,5,60,14,39,69,1.0,10.0,14.14,43.09,10.81,24.66
17,MAA,미드아메리카 아파트 커뮤니티,5,60,14,39,69,1.0,10.0,14.14,16.33,9.97,23.17
17,ESS,에섹스 프로퍼티 트러스트,5,60,14,39,69,1.0,10.0,14.14,28.3,10.29,24.07
17,IFF,인터내셔널 플레이버스 & 프레그런스,5,60,14,39,69,1.0,10.0,14.14,-6.12,9.43,26.71
17,ALLE.K,얼리지언,5,60,14,39,69,1.0,10.0,14.14,6.43,12.13,25.97
17,EQR,에퀴티 레지덴셜,5,60,14,39,69,1.0,10.0,14.14,6.98,7.36,23.9
17,HSIC.O,헨리 셰인,5,60,14,39,69,1.0,10.0,14.14,1.88,11.37,24.1
17,UDR,UDR,5,60,14,39,69,1.0,10.0,14.14,21.61,8.42,24.52
17,L,로우스,5,60,14,39,69,1.0,10.0,14.14,12.26,8.25,23.49
17,EXPD.K,익스페디터스 인터내셔널 오브 워싱턴,5,60,14,39,69,1.0,10.0,14.14,4.73,12.4,24.17
17,TROW.O,티 로웨 프라이스 그룹,5,60,14,39,69,1.0,10.0,14.14,16.48,11.0,28.49
17,CTSH.O,코그니전트 테크놀로지 솔루션,5,60,14,39,69,1.0,10.0,14.14,7.74,11.5,29.01
17,AVB,아발론베이 커뮤니티,5,60,14,39,69,1.0,10.0,14.14,23.5,8.2,23.49
17,ZBH,짐머 바이오멧 홀딩스,5,60,14,39,69,1.0,10.0,14.14,-2.79,8.26,25.69
17,CCI,크라운 캐슬,5,60,14,39,69,1.0,10.0,14.14,-1.64,9.8,23.52
17,CHRW.O,CH 로빈슨 월드와이드,5,60,14,39,69,1.0,10.0,14.14,6.31,6.33,25.1
17,TAP,몰슨 쿠어스 베버리지 Class B,5,60,14,39,69,1.0,10.0,14.14,-0.63,4.47,26.41
17,GRMN.K,가민,5,60,14,39,69,1.0,10.0,14.14,52.63,10.64,26.54
17,NTRS.O,노던 트러스트,5,60,14,39,69,1.0,10.0,14.14,21.91,8.06,28.0
17,XOM,엑슨 모빌,5,60,14,39,69,1.0,10.0,14.14,1.33,8.19,25.31
17,FRT,페더럴 리얼티 인베스트먼트 트러스트,5,120,14,39,64,1.0,10.0,13.99,1.36,5.88,26.43
17,NWS.O,뉴스 코퍼레이션 Class B,5,120,14,39,64,1.0,10.0,13.99,8.86,10.11,29.02
17,BK,뱅크 오브 뉴욕 멜론,5,120,14,39,64,1.0,10.0,13.99,36.27,10.0,27.05
17,CAH,카디널 헬스,5,120,14,39,64,1.0,10.0,13.99,0.83,11.39,26.48
17,EIX,에디슨 인터내셔널,5,120,14,39,64,1.0,10.0,13.99,0.0,8.81,23.92
17,PNC,PNC 파이낸셜 서비스,5,120,14,39,64,1.0,10.0,13.99,36.98,11.08,27.98
17,OMC,옴니콤 그룹,5,120,14,39,64,1.0,10.0,13.99,21.91,10.3,24.92
17,EMR,에머슨 일렉트릭,5,120,14,39,64,1.0,10.0,13.99,13.64,10.04,26.3
17,CNP,센터포인트 에너지,5,120,14,39,64,1.0,10.0,13.99,34.09,8.9,24.49
17,FIS,피델리티 내셔널 인포메이션 서비스,5,120,14,39,64,1.0,10.0,13.99,0.84,11.43,26.93
17,WELL.K,웰타워,5,120,14,39,64,1.0,10.0,13.99,62.32,11.26,29.08
17,O,리얼티 인컴,5,120,14,39,64,1.0,10.0,13.99,0.0,6.94,24.33
17,GPC,제뉴인 파츠,5,120,14,39,64,1.0,10.0,13.99,8.19,11.9,24.24
17,DLR,디지털 리얼티 트러스트,5,120,14,39,64,1.0,10.0,13.99,25.4,10.63,26.75
17,BG,번지 글로벌,5,120,14,39,64,1.0,10.0,13.99,4.86,9.56,28.73
17,USB,U.S. 뱅코프,5,120,14,39,64,1.0,10.0,13.99,31.5,7.57,27.63
17,PCAR.O,파카,5,120,14,39,64,1.0,10.0,13.99,0.0,11.84,27.57
17,ADM,아처 대니얼스 미들랜드,5,120,14,39,64,1.0,10.0,13.99,11.03,9.79,26.0
17,SRE,셈프라 에너지,5,120,14,39,64,1.0,10.0,13.99,7.21,7.02,25.36
17,CVS,CVS 헬스,5,120,14,39,64,1.0,10.0,13.99,4.09,7.84,24.33
17,ELV,엘레반스 헬스,5,120,14,39,64,1.0,10.0,13.99,27.52,8.76,23.49
17,UPS,유나이티드 파셀 서비스,5,120,14,39,64,1.0,10.0,13.99,30.06,8.83,23.0
17,TGT,타겟,5,120,14,39,64,1.0,10.0,13.99,41.13,12.21,27.87
17,CSCO.O,시스코 시스템즈,5,120,14,39,64,1.0,10.0,13.99,25.58,8.88,25.96
17,DIS,월트 디즈니,5,120,14,39,64,1.0,10.0,13.99,-11.81,11.6,26.11
17,CVX,셰브론,5,120,14,39,64,1.0,10.0,13.99,25.84,9.54,27.06
17,XOM,엑슨 모빌,5,120,14,39,64,1.0,10.0,13.99,-1.3,8.19,25.31
17,WMT,월마트,5,120,14,39,64,1.0,10.0,13.99,3.4,7.62,26.15
17,PSA,퍼블릭 스토리지,5,120,14,39,64,1.0,10.0,13.99,0.0,11.11,21.95
17,SYY,시스코,5,120,14,39,64,1.0,10.0,13.99,0.0,10.04,26.41
17,DGX,퀘스트 다이아그노스틱스,5,120,14,39,64,1.0,10.0,13.99,22.73,10.54,22.98
17,L,로우스,5,120,14,39,64,1.0,10.0,13.99,16.59,8.25,23.49
17,REG.O,리젠시 센터스,5,120,14,39,64,1.0,10.0,13.99,64.27,8.38,28.14
17,CPT,캠든 프로퍼티 트러스트,5,120,14,39,64,1.0,10.0,13.99,17.04,10.05,23.46
17,BFb,브라운-포맨 Class B,5,120,14,39,64,1.0,10.0,13.99,-58.28,9.97,22.73
17,ARE,알렉산드리아 리얼에스테이트 이쿼티,5,120,14,39,64,1.0,10.0,13.99,0.0,7.44,24.6
17,LH,랩코프 홀딩스,5,120,14,39,64,1.0,10.0,13.99,45.53,10.81,24.66
17,MAA,미드아메리카 아파트 커뮤니티,5,120,14,39,64,1.0,10.0,13.99,14.67,9.97,23.17
17,ESS,에섹스 프로퍼티 트러스트,5,120,14,39,64,1.0,10.0,13.99,34.56,10.29,24.07
17,UDR,UDR,5,120,14,39,64,1.0,10.0,13.99,27.56,8.42,24.52
17,ALLE.K,얼리지언,5,120,14,39,64,1.0,10.0,13.99,0.0,12.13,25.97
17,EQR,에퀴티 레지덴셜,5,120,14,39,64,1.0,10.0,13.99,60.54,7.36,23.9
17,INVH.K,인비테이션 홈스,5,120,14,39,64,1.0,10.0,13.99,0.0,12.09,26.31
17,HSIC.O,헨리 셰인,5,120,14,39,64,1.0,10.0,13.99,8.42,11.37,24.1
17,IFF,인터내셔널 플레이버스 & 프레그런스,5,120,14,39,64,1.0,10.0,13.99,-7.44,9.43,26.71
17,NTRS.O,노던 트러스트,5,120,14,39,64,1.0,10.0,13.99,23.32,8.06,28.0
17,TROW.O,티 로웨 프라이스 그룹,5,120,14,39,64,1.0,10.0,13.99,4.84,11.0,28.49
17,CTSH.O,코그니전트 테크놀로지 솔루션,5,120,14,39,64,1.0,10.0,13.99,2.99,11.5,29.01
17,AVB,아발론베이 커뮤니티,5,120,14,39,64,1.0,10.0,13.99,47.36,8.2,23.49
17,ZBH,짐머 바이오멧 홀딩스,5,120,14,39,64,1.0,10.0,13.99,-4.06,8.26,25.69
17,CCI,크라운 캐슬,5,120,14,39,64,1.0,10.0,13.99,-12.5,9.8,23.52
17,CHRW.O,CH 로빈슨 월드와이드,5,120,14,39,64,1.0,10.0,13.99,12.13,6.33,25.1
17,TAP,몰슨 쿠어스 베버리지 Class B,5,120,14,39,64,1.0,10.0,13.99,-0.43,4.47,26.41
17,GRMN.K,가민,5,120,14,39,64,1.0,10.0,13.99,0.0,10.64,26.54
17,EXPD.K,익스페디터스 인터내셔널 오브 워싱턴,5,120,14,39,64,1.0,10.0,13.99,0.0,12.4,24.17
17,ZBH,짐머 바이오멧 홀딩스,5,120,14,44,54,1.0,10.0,13.14,32.41,8.26,25.69
17,L,로우스,5,120,14,44,54,1.0,10.0,13.14,12.18,8.25,23.49
17,EXPD.K,익스페디터스 인터내셔널 오브 워싱턴,5,120,14,44,54,1.0,10.0,13.14,-0.48,12.4,24.17
17,TROW.O,티 로웨 프라이스 그룹,5,120,14,44,54,1.0,10.0,13.14,-0.37,11.0,28.49
17,CTSH.O,코그니전트 테크놀로지 솔루션,5,120,14,44,54,1.0,10.0,13.14,13.9,11.5,29.01
17,AVB,아발론베이 커뮤니티,5,120,14,44,54,1.0,10.0,13.14,15.02,8.2,23.49
17,NTRS.O,노던 트러스트,5,120,14,44,54,1.0,10.0,13.14,5.36,8.06,28.0
17,CCI,크라운 캐슬,5,120,14,44,54,1.0,10.0,13.14,-26.32,9.8,23.52
17,CHRW.O,CH 로빈슨 월드와이드,5,120,14,44,54,1.0,10.0,13.14,14.4,6.33,25.1
17,TAP,몰슨 쿠어스 베버리지 Class B,5,120,14,44,54,1.0,10.0,13.14,-5.21,4.47,26.41
17,GRMN.K,가민,5,120,14,44,54,1.0,10.0,13.14,135.93,10.64,26.54
17,INVH.K,인비테이션 홈스,5,120,14,44,54,1.0,10.0,13.14,0.0,12.09,26.31
17,HSIC.O,헨리 셰인,5,120,14,44,54,1.0,10.0,13.14,-2.97,11.37,24.1
17,WMT,월마트,5,120,14,44,54,1.0,10.0,13.14,0.82,7.62,26.15
17,EQR,에퀴티 레지덴셜,5,120,14,44,54,1.0,10.0,13.14,17.22,7.36,23.9
17,ALLE.K,얼리지언,5,120,14,44,54,1.0,10.0,13.14,0.0,12.13,25.97
17,IFF,인터내셔널 플레이버스 & 프레그런스,5,120,14,44,54,1.0,10.0,13.14,-2.68,9.43,26.71
17,ESS,에섹스 프로퍼티 트러스트,5,120,14,44,54,1.0,10.0,13.14,17.78,10.29,24.07
17,MAA,미드아메리카 아파트 커뮤니티,5,120,14,44,54,1.0,10.0,13.14,4.43,9.97,23.17
17,LH,랩코프 홀딩스,5,120,14,44,54,1.0,10.0,13.14,15.76,10.81,24.66
17,ARE,알렉산드리아 리얼에스테이트 이쿼티,5,120,14,44,54,1.0,10.0,13.14,-5.02,7.44,24.6
17,BFb,브라운-포맨 Class B,5,120,14,44,54,1.0,10.0,13.14,-33.3,9.97,22.73
17,CPT,캠든 프로퍼티 트러스트,5,120,14,44,54,1.0,10.0,13.14,-4.55,10.05,23.46
17,REG.O,리젠시 센터스,5,120,14,44,54,1.0,10.0,13.14,10.99,8.38,28.14
17,FRT,페더럴 리얼티 인베스트먼트 트러스트,5,120,14,44,54,1.0,10.0,13.14,15.67,5.88,26.43
17,NWS.O,뉴스 코퍼레이션 Class B,5,120,14,44,54,1.0,10.0,13.14,10.35,10.11,29.02
17,BK,뱅크 오브 뉴욕 멜론,5,120,14,44,54,1.0,10.0,13.14,13.65,10.0,27.05
17,UDR,UDR,5,120,14,44,54,1.0,10.0,13.14,6.41,8.42,24.52
17,DGX,퀘스트 다이아그노스틱스,5,120,14,44,54,1.0,10.0,13.14,-7.91,10.54,22.98
17,XOM,엑슨 모빌,5,120,14,44,54,1.0,10.0,13.14,-2.75,8.19,25.31
17,BG,번지 글로벌,5,120,14,44,54,1.0,10.0,13.14,15.91,9.56,28.73
17,CVX,셰브론,5,120,14,44,54,1.0,10.0,13.14,3.89,9.54,27.06
17,DIS,월트 디즈니,5,120,14,44,54,1.0,10.0,13.14,-1.35,11.6,26.11
17,CSCO.O,시스코 시스템즈,5,120,14,44,54,1.0,10.0,13.14,40.04,8.88,25.96
17,TGT,타겟,5,120,14,44,54,1.0,10.0,13.14,22.11,12.21,27.87
17,UPS,유나이티드 파셀 서비스,5,120,14,44,54,1.0,10.0,13.14,-28.57,8.83,23.0
17,ELV,엘레반스 헬스,5,120,14,44,54,1.0,10.0,13.14,24.61,8.76,23.49
17,SRE,셈프라 에너지,5,120,14,44,54,1.0,10.0,13.14,18.9,7.02,25.36
17,ADM,아처 대니얼스 미들랜드,5,120,14,44,54,1.0,10.0,13.14,44.33,9.79,26.0
17,PCAR.O,파카,5,120,14,44,54,1.0,10.0,13.14,26.55,11.84,27.57
17,USB,U.S. 뱅코프,5,120,14,44,54,1.0,10.0,13.14,7.81,7.57,27.63
17,CAH,카디널 헬스,5,120,14,44,54,1.0,10.0,13.14,-0.87,11.39,26.48
17,CVS,CVS 헬스,5,120,14,44,54,1.0,10.0,13.14,-8.04,7.84,24.33
17,DLR,디지털 리얼티 트러스트,5,120,14,44,54,1.0,10.0,13.14,34.68,10.63,26.75
17,SYY,시스코,5,120,14,44,54,1.0,10.0,13.14,73.16,10.04,26.41
17,GPC,제뉴인 파츠,5,120,14,44,54,1.0,10.0,13.14,25.14,11.9,24.24
17,PSA,퍼블릭 스토리지,5,120,14,44,54,1.0,10.0,13.14,8.32,11.11,21.95
17,PNC,PNC 파이낸셜 서비스,5,120,14,44,54,1.0,10.0,13.14,14.09,11.08,27.98
17,OMC,옴니콤 그룹,5,120,14,44,54,1.0,10.0,13.14,34.54,10.3,24.92
17,EMR,에머슨 일렉트릭,5,120,14,44,54,1.0,10.0,13.14,18.81,10.04,26.3
17,EIX,에디슨 인터내셔널,5,120,14,44,54,1.0,10.0,13.14,15.35,8.81,23.92
17,CNP,센터포인트 에너지,5,120,14,44,54,1.0,10.0,13.14,43.73,8.9,24.49
17,FIS,피델리티 내셔널 인포메이션 서비스,5,120,14,44,54,1.0,10.0,13.14,-5.47,11.43,26.93
17,WELL.K,웰타워,5,120,14,44,54,1.0,10.0,13.14,48.89,11.26,29.08
17,O,리얼티 인컴,5,120,14,44,54,1.0,10.0,13.14,-4.36,6.94,24.33
17,EXPD.K,익스페디터스 인터내셔널 오브 워싱턴,5,120,14,34,64,1.0,10.0,12.9,0.0,12.4,24.17
17,UDR,UDR,5,120,14,34,64,1.0,10.0,12.9,37.96,8.42,24.52
17,NTRS.O,노던 트러스트,5,120,14,34,64,1.0,10.0,12.9,26.88,8.06,28.0
17,GRMN.K,가민,5,120,14,34,64,1.0,10.0,12.9,0.0,10.64,26.54
17,TAP,몰슨 쿠어스 베버리지 Class B,5,120,14,34,64,1.0,10.0,12.9,0.86,4.47,26.41
17,CHRW.O,CH 로빈슨 월드와이드,5,120,14,34,64,1.0,10.0,12.9,0.0,6.33,25.1
17,CCI,크라운 캐슬,5,120,14,34,64,1.0,10.0,12.9,-12.5,9.8,23.52
17,ZBH,짐머 바이오멧 홀딩스,5,120,14,34,64,1.0,10.0,12.9,0.0,8.26,25.69
17,AVB,아발론베이 커뮤니티,5,120,14,34,64,1.0,10.0,12.9,48.41,8.2,23.49
17,CTSH.O,코그니전트 테크놀로지 솔루션,5,120,14,34,64,1.0,10.0,12.9,0.0,11.5,29.01
17,TROW.O,티 로웨 프라이스 그룹,5,120,14,34,64,1.0,10.0,12.9,0.0,11.0,28.49
17,BK,뱅크 오브 뉴욕 멜론,5,120,14,34,64,1.0,10.0,12.9,0.0,10.0,27.05
17,FRT,페더럴 리얼티 인베스트먼트 트러스트,5,120,14,34,64,1.0,10.0,12.9,46.7,5.88,26.43
17,L,로우스,5,120,14,34,64,1.0,10.0,12.9,0.0,8.25,23.49
17,HSIC.O,헨리 셰인,5,120,14,34,64,1.0,10.0,12.9,0.0,11.37,24.1
17,INVH.K,인비테이션 홈스,5,120,14,34,64,1.0,10.0,12.9,0.0,12.09,26.31
17,EQR,에퀴티 레지덴셜,5,120,14,34,64,1.0,10.0,12.9,60.54,7.36,23.9
17,ALLE.K,얼리지언,5,120,14,34,64,1.0,10.0,12.9,0.0,12.13,25.97
17,IFF,인터내셔널 플레이버스 & 프레그런스,5,120,14,34,64,1.0,10.0,12.9,46.85,9.43,26.71
17,ESS,에섹스 프로퍼티 트러스트,5,120,14,34,64,1.0,10.0,12.9,0.0,10.29,24.07
17,MAA,미드아메리카 아파트 커뮤니티,5,120,14,34,64,1.0,10.0,12.9,0.0,9.97,23.17
17,LH,랩코프 홀딩스,5,120,14,34,64,1.0,10.0,12.9,0.0,10.81,24.66
17,ARE,알렉산드리아 리얼에스테이트 이쿼티,5,120,14,34,64,1.0,10.0,12.9,0.0,7.44,24.6
17,BFb,브라운-포맨 Class B,5,120,14,34,64,1.0,10.0,12.9,0.0,9.97,22.73
17,CPT,캠든 프로퍼티 트러스트,5,120,14,34,64,1.0,10.0,12.9,0.0,10.05,23.46
17,EIX,에디슨 인터내셔널,5,120,14,34,64,1.0,10.0,12.9,0.0,8.81,23.92
17,DGX,퀘스트 다이아그노스틱스,5,120,14,34,64,1.0,10.0,12.9,0.0,10.54,22.98
17,CAH,카디널 헬스,5,120,14,34,64,1.0,10.0,12.9,0.0,11.39,26.48
17,PSA,퍼블릭 스토리지,5,120,14,34,64,1.0,10.0,12.9,0.0,11.11,21.95
17,PNC,PNC 파이낸셜 서비스,5,120,14,34,64,1.0,10.0,12.9,39.51,11.08,27.98
17,WMT,월마트,5,120,14,34,64,1.0,10.0,12.9,3.4,7.62,26.15
17,XOM,엑슨 모빌,5,120,14,34,64,1.0,10.0,12.9,-1.3,8.19,25.31
17,CVX,셰브론,5,120,14,34,64,1.0,10.0,12.9,38.04,9.54,27.06
17,DIS,월트 디즈니,5,120,14,34,64,1.0,10.0,12.9,0.0,11.6,26.11
17,CSCO.O,시스코 시스템즈,5,120,14,34,64,1.0,10.0,12.9,25.58,8.88,25.96
17,TGT,타겟,5,120,14,34,64,1.0,10.0,12.9,0.0,12.21,27.87
17,UPS,유나이티드 파셀 서비스,5,120,14,34,64,1.0,10.0,12.9,0.0,8.83,23.0
17,ELV,엘레반스 헬스,5,120,14,34,64,1.0,10.0,12.9,0.0,8.76,23.49
17,CVS,CVS 헬스,5,120,14,34,64,1.0,10.0,12.9,0.0,7.84,24.33
17,SRE,셈프라 에너지,5,120,14,34,64,1.0,10.0,12.9,0.0,7.02,25.36
17,ADM,아처 대니얼스 미들랜드,5,120,14,34,64,1.0,10.0,12.9,0.0,9.79,26.0
17,PCAR.O,파카,5,120,14,34,64,1.0,10.0,12.9,0.0,11.84,27.57
17,USB,U.S. 뱅코프,5,120,14,34,64,1.0,10.0,12.9,0.0,7.57,27.63
17,BG,번지 글로벌,5,120,14,34,64,1.0,10.0,12.9,163.6,9.56,28.73
17,DLR,디지털 리얼티 트러스트,5,120,14,34,64,1.0,10.0,12.9,23.48,10.63,26.75
17,GPC,제뉴인 파츠,5,120,14,34,64,1.0,10.0,12.9,0.0,11.9,24.24
17,O,리얼티 인컴,5,120,14,34,64,1.0,10.0,12.9,0.0,6.94,24.33
17,WELL.K,웰타워,5,120,14,34,64,1.0,10.0,12.9,0.0,11.26,29.08
17,FIS,피델리티 내셔널 인포메이션 서비스,5,120,14,34,64,1.0,10.0,12.9,27.06,11.43,26.93
17,CNP,센터포인트 에너지,5,120,14,34,64,1.0,10.0,12.9,39.02,8.9,24.49
17,SYY,시스코,5,120,14,34,64,1.0,10.0,12.9,0.0,10.04,26.41
17,EMR,에머슨 일렉트릭,5,120,14,34,64,1.0,10.0,12.9,0.0,10.04,26.3
17,OMC,옴니콤 그룹,5,120,14,34,64,1.0,10.0,12.9,23.33,10.3,24.92
17,REG.O,리젠시 센터스,5,120,14,34,64,1.0,10.0,12.9,64.27,8.38,28.14
17,NWS.O,뉴스 코퍼레이션 Class B,5,120,14,34,64,1.0,10.0,12.9,7.85,10.11,29.02
17,WMT,월마트,5,120,14,49,54,1.0,10.0,12.87,2.67,7.62,26.15
17,EQR,에퀴티 레지덴셜,5,120,14,49,54,1.0,10.0,12.87,10.03,7.36,23.9
17,TAP,몰슨 쿠어스 베버리지 Class B,5,120,14,49,54,1.0,10.0,12.87,-3.43,4.47,26.41
17,CHRW.O,CH 로빈슨 월드와이드,5,120,14,49,54,1.0,10.0,12.87,-4.67,6.33,25.1
17,CCI,크라운 캐슬,5,120,14,49,54,1.0,10.0,12.87,-24.37,9.8,23.52
17,ZBH,짐머 바이오멧 홀딩스,5,120,14,49,54,1.0,10.0,12.87,24.75,8.26,25.69
17,AVB,아발론베이 커뮤니티,5,120,14,49,54,1.0,10.0,12.87,15.44,8.2,23.49
17,CTSH.O,코그니전트 테크놀로지 솔루션,5,120,14,49,54,1.0,10.0,12.87,22.55,11.5,29.01
17,TROW.O,티 로웨 프라이스 그룹,5,120,14,49,54,1.0,10.0,12.87,1.67,11.0,28.49
17,EXPD.K,익스페디터스 인터내셔널 오브 워싱턴,5,120,14,49,54,1.0,10.0,12.87,3.33,12.4,24.17
17,L,로우스,5,120,14,49,54,1.0,10.0,12.87,8.73,8.25,23.49
17,HSIC.O,헨리 셰인,5,120,14,49,54,1.0,10.0,12.87,15.46,11.37,24.1
17,INVH.K,인비테이션 홈스,5,120,14,49,54,1.0,10.0,12.87,6.14,12.09,26.31
17,ALLE.K,얼리지언,5,120,14,49,54,1.0,10.0,12.87,25.05,12.13,25.97
17,XOM,엑슨 모빌,5,120,14,49,54,1.0,10.0,12.87,-0.54,8.19,25.31
17,IFF,인터내셔널 플레이버스 & 프레그런스,5,120,14,49,54,1.0,10.0,12.87,-4.22,9.43,26.71
17,ESS,에섹스 프로퍼티 트러스트,5,120,14,49,54,1.0,10.0,12.87,19.61,10.29,24.07
17,MAA,미드아메리카 아파트 커뮤니티,5,120,14,49,54,1.0,10.0,12.87,-3.03,9.97,23.17
17,LH,랩코프 홀딩스,5,120,14,49,54,1.0,10.0,12.87,9.57,10.81,24.66
17,ARE,알렉산드리아 리얼에스테이트 이쿼티,5,120,14,49,54,1.0,10.0,12.87,-2.48,7.44,24.6
17,BFb,브라운-포맨 Class B,5,120,14,49,54,1.0,10.0,12.87,-12.74,9.97,22.73
17,CPT,캠든 프로퍼티 트러스트,5,120,14,49,54,1.0,10.0,12.87,-0.6,10.05,23.46
17,REG.O,리젠시 센터스,5,120,14,49,54,1.0,10.0,12.87,10.47,8.38,28.14
17,FRT,페더럴 리얼티 인베스트먼트 트러스트,5,120,14,49,54,1.0,10.0,12.87,5.61,5.88,26.43
17,NWS.O,뉴스 코퍼레이션 Class B,5,120,14,49,54,1.0,10.0,12.87,8.37,10.11,29.02
17,CVX,셰브론,5,120,14,49,54,1.0,10.0,12.87,4.73,9.54,27.06
17,GRMN.K,가민,5,120,14,49,54,1.0,10.0,12.87,93.97,10.64,26.54
17,NTRS.O,노던 트러스트,5,120,14,49,54,1.0,10.0,12.87,10.22,8.06,28.0
17,UDR,UDR,5,120,14,49,54,1.0,10.0,12.87,4.52,8.42,24.52
17,BK,뱅크 오브 뉴욕 멜론,5,120,14,49,54,1.0,10.0,12.87,15.75,10.0,27.05
17,TGT,타겟,5,120,14,49,54,1.0,10.0,12.87,24.92,12.21,27.87
17,UPS,유나이티드 파셀 서비스,5,120,14,49,54,1.0,10.0,12.87,24.37,8.83,23.0
17,ELV,엘레반스 헬스,5,120,14,49,54,1.0,10.0,12.87,24.61,8.76,23.49
17,CVS,CVS 헬스,5,120,14,49,54,1.0,10.0,12.87,-6.42,7.84,24.33
17,SRE,셈프라 에너지,5,120,14,49,54,1.0,10.0,12.87,15.9,7.02,25.36
17,ADM,아처 대니얼스 미들랜드,5,120,14,49,54,1.0,10.0,12.87,26.56,9.79,26.0
17,PCAR.O,파카,5,120,14,49,54,1.0,10.0,12.87,31.36,11.84,27.57
17,USB,U.S. 뱅코프,5,120,14,49,54,1.0,10.0,12.87,17.21,7.57,27.63
17,CAH,카디널 헬스,5,120,14,49,54,1.0,10.0,12.87,-0.25,11.39,26.48
17,BG,번지 글로벌,5,120,14,49,54,1.0,10.0,12.87,8.39,9.56,28.73
17,DLR,디지털 리얼티 트러스트,5,120,14,49,54,1.0,10.0,12.87,34.68,10.63,26.75
17,GPC,제뉴인 파츠,5,120,14,49,54,1.0,10.0,12.87,29.69,11.9,24.24
17,O,리얼티 인컴,5,120,14,49,54,1.0,10.0,12.87,2.61,6.94,24.33
17,WELL.K,웰타워,5,120,14,49,54,1.0,10.0,12.87,40.26,11.26,29.08
17,FIS,피델리티 내셔널 인포메이션 서비스,5,120,14,49,54,1.0,10.0,12.87,-9.17,11.43,26.93
17,CNP,센터포인트 에너지,5,120,14,49,54,1.0,10.0,12.87,42.14,8.9,24.49
17,SYY,시스코,5,120,14,49,54,1.0,10.0,12.87,28.59,10.04,26.41
17,EMR,에머슨 일렉트릭,5,120,14,49,54,1.0,10.0,12.87,13.12,10.04,26.3
17,OMC,옴니콤 그룹,5,120,14,49,54,1.0,10.0,12.87,5.71,10.3,24.92
17,PNC,PNC 파이낸셜 서비스,5,120,14,49,54,1.0,10.0,12.87,7.57,11.08,27.98
17,PSA,퍼블릭 스토리지,5,120,14,49,54,1.0,10.0,12.87,3.23,11.11,21.95
17,EIX,에디슨 인터내셔널,5,120,14,49,54,1.0,10.0,12.87,20.14,8.81,23.92
17,DGX,퀘스트 다이아그노스틱스,5,120,14,49,54,1.0,10.0,12.87,8.39,10.54,22.98
17,CSCO.O,시스코 시스템즈,5,120,14,49,54,1.0,10.0,12.87,38.27,8.88,25.96
17,DIS,월트 디즈니,5,120,14,49,54,1.0,10.0,12.87,13.24,11.6,26.11
17,NWS.O,뉴스 코퍼레이션 Class B,5,60,14,44,59,1.0,10.0,12.53,10.59,10.11,29.02
17,L,로우스,5,60,14,44,59,1.0,10.0,12.53,16.12,8.25,23.49
17,UDR,UDR,5,60,14,44,59,1.0,10.0,12.53,11.84,8.42,24.52
17,NTRS.O,노던 트러스트,5,60,14,44,59,1.0,10.0,12.53,10.44,8.06,28.0
17,GRMN.K,가민,5,60,14,44,59,1.0,10.0,12.53,33.2,10.64,26.54
17,TAP,몰슨 쿠어스 베버리지 Class B,5,60,14,44,59,1.0,10.0,12.53,-1.93,4.47,26.41
17,CHRW.O,CH 로빈슨 월드와이드,5,60,14,44,59,1.0,10.0,12.53,9.34,6.33,25.1
17,CCI,크라운 캐슬,5,60,14,44,59,1.0,10.0,12.53,-20.21,9.8,23.52
17,ZBH,짐머 바이오멧 홀딩스,5,60,14,44,59,1.0,10.0,12.53,7.02,8.26,25.69
17,AVB,아발론베이 커뮤니티,5,60,14,44,59,1.0,10.0,12.53,23.9,8.2,23.49
17,CTSH.O,코그니전트 테크놀로지 솔루션,5,60,14,44,59,1.0,10.0,12.53,12.67,11.5,29.01
17,TROW.O,티 로웨 프라이스 그룹,5,60,14,44,59,1.0,10.0,12.53,5.66,11.0,28.49
17,EXPD.K,익스페디터스 인터내셔널 오브 워싱턴,5,60,14,44,59,1.0,10.0,12.53,1.05,12.4,24.17
17,HSIC.O,헨리 셰인,5,60,14,44,59,1.0,10.0,12.53,16.65,11.37,24.1
17,DGX,퀘스트 다이아그노스틱스,5,60,14,44,59,1.0,10.0,12.53,36.88,10.54,22.98
17,INVH.K,인비테이션 홈스,5,60,14,44,59,1.0,10.0,12.53,19.54,12.09,26.31
17,EQR,에퀴티 레지덴셜,5,60,14,44,59,1.0,10.0,12.53,14.94,7.36,23.9
17,ALLE.K,얼리지언,5,60,14,44,59,1.0,10.0,12.53,18.77,12.13,25.97
17,IFF,인터내셔널 플레이버스 & 프레그런스,5,60,14,44,59,1.0,10.0,12.53,5.73,9.43,26.71
17,ESS,에섹스 프로퍼티 트러스트,5,60,14,44,59,1.0,10.0,12.53,4.02,10.29,24.07
17,MAA,미드아메리카 아파트 커뮤니티,5,60,14,44,59,1.0,10.0,12.53,6.02,9.97,23.17
17,LH,랩코프 홀딩스,5,60,14,44,59,1.0,10.0,12.53,20.94,10.81,24.66
17,ARE,알렉산드리아 리얼에스테이트 이쿼티,5,60,14,44,59,1.0,10.0,12.53,-5.34,7.44,24.6
17,BFb,브라운-포맨 Class B,5,60,14,44,59,1.0,10.0,12.53,-33.18,9.97,22.73
17,CPT,캠든 프로퍼티 트러스트,5,60,14,44,59,1.0,10.0,12.53,10.74,10.05,23.46
17,FRT,페더럴 리얼티 인베스트먼트 트러스트,5,60,14,44,59,1.0,10.0,12.53,-1.32,5.88,26.43
17,BK,뱅크 오브 뉴욕 멜론,5,60,14,44,59,1.0,10.0,12.53,12.86,10.0,27.05
17,EIX,에디슨 인터내셔널,5,60,14,44,59,1.0,10.0,12.53,9.36,8.81,23.92
17,CAH,카디널 헬스,5,60,14,44,59,1.0,10.0,12.53,-0.55,11.39,26.48
17,REG.O,리젠시 센터스,5,60,14,44,59,1.0,10.0,12.53,4.69,8.38,28.14
17,XOM,엑슨 모빌,5,60,14,44,59,1.0,10.0,12.53,-0.39,8.19,25.31
17,CVX,셰브론,5,60,14,44,59,1.0,10.0,12.53,7.94,9.54,27.06
17,DIS,월트 디즈니,5,60,14,44,59,1.0,10.0,12.53,6.68,11.6,26.11
17,CSCO.O,시스코 시스템즈,5,60,14,44,59,1.0,10.0,12.53,26.85,8.88,25.96
17,TGT,타겟,5,60,14,44,59,1.0,10.0,12.53,8.54,12.21,27.87
17,UPS,유나이티드 파셀 서비스,5,60,14,44,59,1.0,10.0,12.53,32.05,8.83,23.0
17,ELV,엘레반스 헬스,5,60,14,44,59,1.0,10.0,12.53,26.78,8.76,23.49
17,CVS,CVS 헬스,5,60,14,44,59,1.0,10.0,12.53,-5.55,7.84,24.33
17,SRE,셈프라 에너지,5,60,14,44,59,1.0,10.0,12.53,12.74,7.02,25.36
17,ADM,아처 대니얼스 미들랜드,5,60,14,44,59,1.0,10.0,12.53,14.14,9.79,26.0
17,PCAR.O,파카,5,60,14,44,59,1.0,10.0,12.53,36.22,11.84,27.57
17,USB,U.S. 뱅코프,5,60,14,44,59,1.0,10.0,12.53,18.99,7.57,27.63
17,WMT,월마트,5,60,14,44,59,1.0,10.0,12.53,5.63,7.62,26.15
17,BG,번지 글로벌,5,60,14,44,59,1.0,10.0,12.53,-3.05,9.56,28.73
17,DLR,디지털 리얼티 트러스트,5,60,14,44,59,1.0,10.0,12.53,18.16,10.63,26.75
17,GPC,제뉴인 파츠,5,60,14,44,59,1.0,10.0,12.53,60.23,11.9,24.24
17,O,리얼티 인컴,5,60,14,44,59,1.0,10.0,12.53,14.62,6.94,24.33
17,WELL.K,웰타워,5,60,14,44,59,1.0,10.0,12.53,43.36,11.26,29.08
17,FIS,피델리티 내셔널 인포메이션 서비스,5,60,14,44,59,1.0,10.0,12.53,-7.5,11.43,26.93
17,CNP,센터포인트 에너지,5,60,14,44,59,1.0,10.0,12.53,25.29,8.9,24.49
17,SYY,시스코,5,60,14,44,59,1.0,10.0,12.53,23.63,10.04,26.41
17,EMR,에머슨 일렉트릭,5,60,14,44,59,1.0,10.0,12.53,11.11,10.04,26.3
17,OMC,옴니콤 그룹,5,60,14,44,59,1.0,10.0,12.53,11.92,10.3,24.92
17,PNC,PNC 파이낸셜 서비스,5,60,14,44,59,1.0,10.0,12.53,22.27,11.08,27.98
17,PSA,퍼블릭 스토리지,5,60,14,44,59,1.0,10.0,12.53,18.2,11.11,21.95
17,XOM,엑슨 모빌,5,60,14,49,54,1.0,10.0,12.21,-1.39,8.19,25.31
17,CVX,셰브론,5,60,14,49,54,1.0,10.0,12.21,9.21,9.54,27.06
17,DIS,월트 디즈니,5,60,14,49,54,1.0,10.0,12.21,12.68,11.6,26.11
17,CSCO.O,시스코 시스템즈,5,60,14,49,54,1.0,10.0,12.21,35.34,8.88,25.96
17,TAP,몰슨 쿠어스 베버리지 Class B,5,60,14,49,54,1.0,10.0,12.21,-3.43,4.47,26.41
17,CHRW.O,CH 로빈슨 월드와이드,5,60,14,49,54,1.0,10.0,12.21,2.6,6.33,25.1
17,CCI,크라운 캐슬,5,60,14,49,54,1.0,10.0,12.21,-26.97,9.8,23.52
17,ZBH,짐머 바이오멧 홀딩스,5,60,14,49,54,1.0,10.0,12.21,23.79,8.26,25.69
17,AVB,아발론베이 커뮤니티,5,60,14,49,54,1.0,10.0,12.21,8.3,8.2,23.49
17,CTSH.O,코그니전트 테크놀로지 솔루션,5,60,14,49,54,1.0,10.0,12.21,13.54,11.5,29.01
17,TROW.O,티 로웨 프라이스 그룹,5,60,14,49,54,1.0,10.0,12.21,0.63,11.0,28.49
17,EXPD.K,익스페디터스 인터내셔널 오브 워싱턴,5,60,14,49,54,1.0,10.0,12.21,11.19,12.4,24.17
17,L,로우스,5,60,14,49,54,1.0,10.0,12.21,12.33,8.25,23.49
17,HSIC.O,헨리 셰인,5,60,14,49,54,1.0,10.0,12.21,15.21,11.37,24.1
17,INVH.K,인비테이션 홈스,5,60,14,49,54,1.0,10.0,12.21,26.05,12.09,26.31
17,EQR,에퀴티 레지덴셜,5,60,14,49,54,1.0,10.0,12.21,2.82,7.36,23.9
17,ALLE.K,얼리지언,5,60,14,49,54,1.0,10.0,12.21,15.97,12.13,25.97
17,IFF,인터내셔널 플레이버스 & 프레그런스,5,60,14,49,54,1.0,10.0,12.21,-0.65,9.43,26.71
17,ESS,에섹스 프로퍼티 트러스트,5,60,14,49,54,1.0,10.0,12.21,1.93,10.29,24.07
17,MAA,미드아메리카 아파트 커뮤니티,5,60,14,49,54,1.0,10.0,12.21,9.95,9.97,23.17
17,LH,랩코프 홀딩스,5,60,14,49,54,1.0,10.0,12.21,12.87,10.81,24.66
17,ARE,알렉산드리아 리얼에스테이트 이쿼티,5,60,14,49,54,1.0,10.0,12.21,-2.51,7.44,24.6
17,BFb,브라운-포맨 Class B,5,60,14,49,54,1.0,10.0,12.21,-9.59,9.97,22.73
17,CPT,캠든 프로퍼티 트러스트,5,60,14,49,54,1.0,10.0,12.21,2.78,10.05,23.46
17,REG.O,리젠시 센터스,5,60,14,49,54,1.0,10.0,12.21,1.64,8.38,28.14
17,FRT,페더럴 리얼티 인베스트먼트 트러스트,5,60,14,49,54,1.0,10.0,12.21,-2.67,5.88,26.43
17,NWS.O,뉴스 코퍼레이션 Class B,5,60,14,49,54,1.0,10.0,12.21,10.77,10.11,29.02
17,GRMN.K,가민,5,60,14,49,54,1.0,10.0,12.21,33.2,10.64,26.54
17,NTRS.O,노던 트러스트,5,60,14,49,54,1.0,10.0,12.21,12.4,8.06,28.0
17,BK,뱅크 오브 뉴욕 멜론,5,60,14,49,54,1.0,10.0,12.21,15.33,10.0,27.05
17,DLR,디지털 리얼티 트러스트,5,60,14,49,54,1.0,10.0,12.21,2.89,10.63,26.75
17,TGT,타겟,5,60,14,49,54,1.0,10.0,12.21,26.8,12.21,27.87
17,UPS,유나이티드 파셀 서비스,5,60,14,49,54,1.0,10.0,12.21,33.7,8.83,23.0
17,ELV,엘레반스 헬스,5,60,14,49,54,1.0,10.0,12.21,18.36,8.76,23.49
17,CVS,CVS 헬스,5,60,14,49,54,1.0,10.0,12.21,-3.83,7.84,24.33
17,SRE,셈프라 에너지,5,60,14,49,54,1.0,10.0,12.21,16.61,7.02,25.36
17,ADM,아처 대니얼스 미들랜드,5,60,14,49,54,1.0,10.0,12.21,11.6,9.79,26.0
17,PCAR.O,파카,5,60,14,49,54,1.0,10.0,12.21,52.4,11.84,27.57
17,USB,U.S. 뱅코프,5,60,14,49,54,1.0,10.0,12.21,11.28,7.57,27.63
17,CAH,카디널 헬스,5,60,14,49,54,1.0,10.0,12.21,3.42,11.39,26.48
17,BG,번지 글로벌,5,60,14,49,54,1.0,10.0,12.21,6.71,9.56,28.73
17,GPC,제뉴인 파츠,5,60,14,49,54,1.0,10.0,12.21,50.66,11.9,24.24
17,DGX,퀘스트 다이아그노스틱스,5,60,14,49,54,1.0,10.0,12.21,32.1,10.54,22.98
17,O,리얼티 인컴,5,60,14,49,54,1.0,10.0,12.21,4.16,6.94,24.33
17,WELL.K,웰타워,5,60,14,49,54,1.0,10.0,12.21,36.01,11.26,29.08
17,FIS,피델리티 내셔널 인포메이션 서비스,5,60,14,49,54,1.0,10.0,12.21,-7.05,11.43,26.93
17,CNP,센터포인트 에너지,5,60,14,49,54,1.0,10.0,12.21,2.8,8.9,24.49
17,SYY,시스코,5,60,14,49,54,1.0,10.0,12.21,31.21,10.04,26.41
17,EMR,에머슨 일렉트릭,5,60,14,49,54,1.0,10.0,12.21,20.91,10.04,26.3
17,OMC,옴니콤 그룹,5,60,14,49,54,1.0,10.0,12.21,30.57,10.3,24.92
17,PNC,PNC 파이낸셜 서비스,5,60,14,49,54,1.0,10.0,12.21,20.86,11.08,27.98
17,PSA,퍼블릭 스토리지,5,60,14,49,54,1.0,10.0,12.21,3.35,11.11,21.95
17,EIX,에디슨 인터내셔널,5,60,14,49,54,1.0,10.0,12.21,14.33,8.81,23.92
17,UDR,UDR,5,60,14,49,54,1.0,10.0,12.21,4.59,8.42,24.52
17,WMT,월마트,5,60,14,49,54,1.0,10.0,12.21,3.84,7.62,26.15
17,DGX,퀘스트 다이아그노스틱스,5,60,14,44,64,1.0,10.0,11.1,26.61,10.54,22.98
17,TROW.O,티 로웨 프라이스 그룹,5,120,14,44,59,1.0,10.0,11.1,-0.37,11.0,28.49
17,DGX,퀘스트 다이아그노스틱스,5,120,14,44,59,1.0,10.0,11.1,18.45,10.54,22.98
17,BK,뱅크 오브 뉴욕 멜론,5,120,14,44,59,1.0,10.0,11.1,15.1,10.0,27.05
17,UDR,UDR,5,120,14,44,59,1.0,10.0,11.1,9.69,8.42,24.52
17,NTRS.O,노던 트러스트,5,120,14,44,59,1.0,10.0,11.1,7.44,8.06,28.0
17,GRMN.K,가민,5,120,14,44,59,1.0,10.0,11.1,135.93,10.64,26.54
17,TAP,몰슨 쿠어스 베버리지 Class B,5,120,14,44,59,1.0,10.0,11.1,-2.75,4.47,26.41
17,CHRW.O,CH 로빈슨 월드와이드,5,120,14,44,59,1.0,10.0,11.1,16.46,6.33,25.1
17,CCI,크라운 캐슬,5,120,14,44,59,1.0,10.0,11.1,-26.32,9.8,23.52
17,ZBH,짐머 바이오멧 홀딩스,5,120,14,44,59,1.0,10.0,11.1,-4.06,8.26,25.69
17,AVB,아발론베이 커뮤니티,5,120,14,44,59,1.0,10.0,11.1,20.57,8.2,23.49
17,CTSH.O,코그니전트 테크놀로지 솔루션,5,120,14,44,59,1.0,10.0,11.1,20.89,11.5,29.01
17,EXPD.K,익스페디터스 인터내셔널 오브 워싱턴,5,120,14,44,59,1.0,10.0,11.1,0.78,12.4,24.17
17,PSA,퍼블릭 스토리지,5,120,14,44,59,1.0,10.0,11.1,8.32,11.11,21.95
17,L,로우스,5,120,14,44,59,1.0,10.0,11.1,12.15,8.25,23.49
17,HSIC.O,헨리 셰인,5,120,14,44,59,1.0,10.0,11.1,-0.76,11.37,24.1
17,INVH.K,인비테이션 홈스,5,120,14,44,59,1.0,10.0,11.1,0.0,12.09,26.31
17,EQR,에퀴티 레지덴셜,5,120,14,44,59,1.0,10.0,11.1,21.69,7.36,23.9
17,ALLE.K,얼리지언,5,120,14,44,59,1.0,10.0,11.1,0.0,12.13,25.97
17,IFF,인터내셔널 플레이버스 & 프레그런스,5,120,14,44,59,1.0,10.0,11.1,0.28,9.43,26.71
17,ESS,에섹스 프로퍼티 트러스트,5,120,14,44,59,1.0,10.0,11.1,23.16,10.29,24.07
17,MAA,미드아메리카 아파트 커뮤니티,5,120,14,44,59,1.0,10.0,11.1,10.32,9.97,23.17
17,LH,랩코프 홀딩스,5,120,14,44,59,1.0,10.0,11.1,8.5,10.81,24.66
17,ARE,알렉산드리아 리얼에스테이트 이쿼티,5,120,14,44,59,1.0,10.0,11.1,-3.31,7.44,24.6
17,BFb,브라운-포맨 Class B,5,120,14,44,59,1.0,10.0,11.1,-33.3,9.97,22.73
17,EIX,에디슨 인터내셔널,5,120,14,44,59,1.0,10.0,11.1,10.71,8.81,23.92
17,PNC,PNC 파이낸셜 서비스,5,120,14,44,59,1.0,10.0,11.1,17.82,11.08,27.98
17,XOM,엑슨 모빌,5,60,14,44,64,1.0,10.0,11.1,-2.12,8.19,25.31
17,PCAR.O,파카,5,120,14,44,59,1.0,10.0,11.1,31.55,11.84,27.57
17,WMT,월마트,5,120,14,44,59,1.0,10.0,11.1,3.4,7.62,26.15
17,XOM,엑슨 모빌,5,120,14,44,59,1.0,10.0,11.1,1.16,8.19,25.31
17,CVX,셰브론,5,120,14,44,59,1.0,10.0,11.1,5.62,9.54,27.06
17,DIS,월트 디즈니,5,120,14,44,59,1.0,10.0,11.1,-11.81,11.6,26.11
17,CSCO.O,시스코 시스템즈,5,120,14,44,59,1.0,10.0,11.1,27.4,8.88,25.96
17,TGT,타겟,5,120,14,44,59,1.0,10.0,11.1,10.31,12.21,27.87
17,UPS,유나이티드 파셀 서비스,5,120,14,44,59,1.0,10.0,11.1,-11.5,8.83,23.0
17,ELV,엘레반스 헬스,5,120,14,44,59,1.0,10.0,11.1,26.78,8.76,23.49
17,CVS,CVS 헬스,5,120,14,44,59,1.0,10.0,11.1,-7.05,7.84,24.33
17,SRE,셈프라 에너지,5,120,14,44,59,1.0,10.0,11.1,10.22,7.02,25.36
17,ADM,아처 대니얼스 미들랜드,5,120,14,44,59,1.0,10.0,11.1,10.9,9.79,26.0
17,FRT,페더럴 리얼티 인베스트먼트 트러스트,5,120,14,44,59,1.0,10.0,11.1,-2.49,5.88,26.43
17,OMC,옴니콤 그룹,5,120,14,44,59,1.0,10.0,11.1,10.78,10.3,24.92
17,USB,U.S. 뱅코프,5,120,14,44,59,1.0,10.0,11.1,11.5,7.57,27.63
17,CAH,카디널 헬스,5,120,14,44,59,1.0,10.0,11.1,0.83,11.39,26.48
17,BG,번지 글로벌,5,120,14,44,59,1.0,10.0,11.1,1.03,9.56,28.73
17,DLR,디지털 리얼티 트러스트,5,120,14,44,59,1.0,10.0,11.1,34.17,10.63,26.75
17,GPC,제뉴인 파츠,5,120,14,44,59,1.0,10.0,11.1,34.6,11.9,24.24
17,O,리얼티 인컴,5,120,14,44,59,1.0,10.0,11.1,4.03,6.94,24.33
17,WELL.K,웰타워,5,120,14,44,59,1.0,10.0,11.1,48.82,11.26,29.08
17,FIS,피델리티 내셔널 인포메이션 서비스,5,120,14,44,59,1.0,10.0,11.1,-2.98,11.43,26.93
17,CNP,센터포인트 에너지,5,120,14,44,59,1.0,10.0,11.1,38.52,8.9,24.49
17,SYY,시스코,5,120,14,44,59,1.0,10.0,11.1,25.92,10.04,26.41
17,EMR,에머슨 일렉트릭,5,120,14,44,59,1.0,10.0,11.1,16.52,10.04,26.3
17,CPT,캠든 프로퍼티 트러스트,5,120,14,44,59,1.0,10.0,11.1,-4.55,10.05,23.46
17,REG.O,리젠시 센터스,5,120,14,44,59,1.0,10.0,11.1,-1.42,8.38,28.14
17,CVX,셰브론,5,60,14,44,64,1.0,10.0,11.1,10.78,9.54,27.06
17,EQR,에퀴티 레지덴셜,5,60,14,44,64,1.0,10.0,11.1,16.56,7.36,23.9
17,TAP,몰슨 쿠어스 베버리지 Class B,5,60,14,44,64,1.0,10.0,11.1,-0.36,4.47,26.41
17,CHRW.O,CH 로빈슨 월드와이드,5,60,14,44,64,1.0,10.0,11.1,12.77,6.33,25.1
17,CCI,크라운 캐슬,5,60,14,44,64,1.0,10.0,11.1,-20.21,9.8,23.52
17,ZBH,짐머 바이오멧 홀딩스,5,60,14,44,64,1.0,10.0,11.1,9.79,8.26,25.69
17,AVB,아발론베이 커뮤니티,5,60,14,44,64,1.0,10.0,11.1,23.98,8.2,23.49
17,CTSH.O,코그니전트 테크놀로지 솔루션,5,60,14,44,64,1.0,10.0,11.1,9.42,11.5,29.01
17,TROW.O,티 로웨 프라이스 그룹,5,60,14,44,64,1.0,10.0,11.1,9.15,11.0,28.49
17,EXPD.K,익스페디터스 인터내셔널 오브 워싱턴,5,60,14,44,64,1.0,10.0,11.1,3.61,12.4,24.17
17,L,로우스,5,60,14,44,64,1.0,10.0,11.1,19.94,8.25,23.49
17,HSIC.O,헨리 셰인,5,60,14,44,64,1.0,10.0,11.1,6.85,11.37,24.1
17,INVH.K,인비테이션 홈스,5,60,14,44,64,1.0,10.0,11.1,21.05,12.09,26.31
17,ALLE.K,얼리지언,5,60,14,44,64,1.0,10.0,11.1,6.43,12.13,25.97
17,DIS,월트 디즈니,5,60,14,44,64,1.0,10.0,11.1,8.34,11.6,26.11
17,IFF,인터내셔널 플레이버스 & 프레그런스,5,60,14,44,64,1.0,10.0,11.1,-6.12,9.43,26.71
17,ESS,에섹스 프로퍼티 트러스트,5,60,14,44,64,1.0,10.0,11.1,7.82,10.29,24.07
17,MAA,미드아메리카 아파트 커뮤니티,5,60,14,44,64,1.0,10.0,11.1,4.02,9.97,23.17
17,LH,랩코프 홀딩스,5,60,14,44,64,1.0,10.0,11.1,21.34,10.81,24.66
17,ARE,알렉산드리아 리얼에스테이트 이쿼티,5,60,14,44,64,1.0,10.0,11.1,-2.71,7.44,24.6
17,BFb,브라운-포맨 Class B,5,60,14,44,64,1.0,10.0,11.1,-33.18,9.97,22.73
17,CPT,캠든 프로퍼티 트러스트,5,60,14,44,64,1.0,10.0,11.1,12.95,10.05,23.46
17,REG.O,리젠시 센터스,5,60,14,44,64,1.0,10.0,11.1,6.82,8.38,28.14
17,FRT,페더럴 리얼티 인베스트먼트 트러스트,5,60,14,44,64,1.0,10.0,11.1,0.71,5.88,26.43
17,NWS.O,뉴스 코퍼레이션 Class B,5,60,14,44,64,1.0,10.0,11.1,13.89,10.11,29.02
17,NWS.O,뉴스 코퍼레이션 Class B,5,120,14,44,59,1.0,10.0,11.1,10.89,10.11,29.02
17,GRMN.K,가민,5,60,14,44,64,1.0,10.0,11.1,34.76,10.64,26.54
17,NTRS.O,노던 트러스트,5,60,14,44,64,1.0,10.0,11.1,13.97,8.06,28.0
17,UDR,UDR,5,60,14,44,64,1.0,10.0,11.1,14.12,8.42,24.52
17,BK,뱅크 오브 뉴욕 멜론,5,60,14,44,64,1.0,10.0,11.1,16.03,10.0,27.05
17,CSCO.O,시스코 시스템즈,5,60,14,44,64,1.0,10.0,11.1,17.11,8.88,25.96
17,TGT,타겟,5,60,14,44,64,1.0,10.0,11.1,11.91,12.21,27.87
17,UPS,유나이티드 파셀 서비스,5,60,14,44,64,1.0,10.0,11.1,31.43,8.83,23.0
17,ELV,엘레반스 헬스,5,60,14,44,64,1.0,10.0,11.1,27.52,8.76,23.49
17,CVS,CVS 헬스,5,60,14,44,64,1.0,10.0,11.1,-3.39,7.84,24.33
17,SRE,셈프라 에너지,5,60,14,44,64,1.0,10.0,11.1,11.72,7.02,25.36
17,ADM,아처 대니얼스 미들랜드,5,60,14,44,64,1.0,10.0,11.1,17.5,9.79,26.0
17,PCAR.O,파카,5,60,14,44,64,1.0,10.0,11.1,35.43,11.84,27.57
17,USB,U.S. 뱅코프,5,60,14,44,64,1.0,10.0,11.1,7.88,7.57,27.63
17,CAH,카디널 헬스,5,60,14,44,64,1.0,10.0,11.1,-0.55,11.39,26.48
17,BG,번지 글로벌,5,60,14,44,64,1.0,10.0,11.1,0.37,9.56,28.73
17,DLR,디지털 리얼티 트러스트,5,60,14,44,64,1.0,10.0,11.1,17.11,10.63,26.75
17,GPC,제뉴인 파츠,5,60,14,44,64,1.0,10.0,11.1,10.68,11.9,24.24
17,O,리얼티 인컴,5,60,14,44,64,1.0,10.0,11.1,6.73,6.94,24.33
17,WELL.K,웰타워,5,60,14,44,64,1.0,10.0,11.1,39.8,11.26,29.08
17,FIS,피델리티 내셔널 인포메이션 서비스,5,60,14,44,64,1.0,10.0,11.1,-4.25,11.43,26.93
17,CNP,센터포인트 에너지,5,60,14,44,64,1.0,10.0,11.1,25.05,8.9,24.49
17,SYY,시스코,5,60,14,44,64,1.0,10.0,11.1,9.76,10.04,26.41
17,EMR,에머슨 일렉트릭,5,60,14,44,64,1.0,10.0,11.1,12.23,10.04,26.3
17,OMC,옴니콤 그룹,5,60,14,44,64,1.0,10.0,11.1,8.44,10.3,24.92
17,PNC,PNC 파이낸셜 서비스,5,60,14,44,64,1.0,10.0,11.1,27.46,11.08,27.98
17,PSA,퍼블릭 스토리지,5,60,14,44,64,1.0,10.0,11.1,25.11,11.11,21.95
17,EIX,에디슨 인터내셔널,5,60,14,44,64,1.0,10.0,11.1,1.69,8.81,23.92
17,WMT,월마트,5,60,14,44,64,1.0,10.0,11.1,6.96,7.62,26.15
17,CAH,카디널 헬스,5,60,14,34,74,1.0,10.0,10.87,0.0,11.39,26.48
17,WMT,월마트,5,60,14,34,74,1.0,10.0,10.87,7.09,7.62,26.15
17,INVH.K,인비테이션 홈스,5,60,14,34,74,1.0,10.0,10.87,0.0,12.09,26.31
17,GRMN.K,가민,5,60,14,34,74,1.0,10.0,10.87,0.0,10.64,26.54
17,TAP,몰슨 쿠어스 베버리지 Class B,5,60,14,34,74,1.0,10.0,10.87,2.83,4.47,26.41
17,CHRW.O,CH 로빈슨 월드와이드,5,60,14,34,74,1.0,10.0,10.87,3.02,6.33,25.1
17,CCI,크라운 캐슬,5,60,14,34,74,1.0,10.0,10.87,-1.64,9.8,23.52
17,ZBH,짐머 바이오멧 홀딩스,5,60,14,34,74,1.0,10.0,10.87,0.0,8.26,25.69
17,AVB,아발론베이 커뮤니티,5,60,14,34,74,1.0,10.0,10.87,5.93,8.2,23.49
17,CTSH.O,코그니전트 테크놀로지 솔루션,5,60,14,34,74,1.0,10.0,10.87,0.0,11.5,29.01
17,TROW.O,티 로웨 프라이스 그룹,5,60,14,34,74,1.0,10.0,10.87,0.0,11.0,28.49
17,EXPD.K,익스페디터스 인터내셔널 오브 워싱턴,5,60,14,34,74,1.0,10.0,10.87,0.0,12.4,24.17
17,L,로우스,5,60,14,34,74,1.0,10.0,10.87,20.28,8.25,23.49
17,XOM,엑슨 모빌,5,60,14,34,74,1.0,10.0,10.87,2.93,8.19,25.31
17,EQR,에퀴티 레지덴셜,5,60,14,34,74,1.0,10.0,10.87,5.18,7.36,23.9
17,UDR,UDR,5,60,14,34,74,1.0,10.0,10.87,52.35,8.42,24.52
17,ALLE.K,얼리지언,5,60,14,34,74,1.0,10.0,10.87,0.0,12.13,25.97
17,IFF,인터내셔널 플레이버스 & 프레그런스,5,60,14,34,74,1.0,10.0,10.87,63.08,9.43,26.71
17,ESS,에섹스 프로퍼티 트러스트,5,60,14,34,74,1.0,10.0,10.87,0.0,10.29,24.07
17,MAA,미드아메리카 아파트 커뮤니티,5,60,14,34,74,1.0,10.0,10.87,0.0,9.97,23.17
17,LH,랩코프 홀딩스,5,60,14,34,74,1.0,10.0,10.87,0.0,10.81,24.66
17,ARE,알렉산드리아 리얼에스테이트 이쿼티,5,60,14,34,74,1.0,10.0,10.87,19.54,7.44,24.6
17,BFb,브라운-포맨 Class B,5,60,14,34,74,1.0,10.0,10.87,0.0,9.97,22.73
17,CPT,캠든 프로퍼티 트러스트,5,60,14,34,74,1.0,10.0,10.87,0.0,10.05,23.46
17,REG.O,리젠시 센터스,5,60,14,34,74,1.0,10.0,10.87,7.6,8.38,28.14
17,FRT,페더럴 리얼티 인베스트먼트 트러스트,5,60,14,34,74,1.0,10.0,10.87,5.82,5.88,26.43
17,NWS.O,뉴스 코퍼레이션 Class B,5,60,14,34,74,1.0,10.0,10.87,10.72,10.11,29.02
17,NTRS.O,노던 트러스트,5,60,14,34,74,1.0,10.0,10.87,6.36,8.06,28.0
17,HSIC.O,헨리 셰인,5,60,14,34,74,1.0,10.0,10.87,0.0,11.37,24.1
17,BK,뱅크 오브 뉴욕 멜론,5,60,14,34,74,1.0,10.0,10.87,8.49,10.0,27.05
17,BG,번지 글로벌,5,60,14,34,74,1.0,10.0,10.87,131.25,9.56,28.73
17,DGX,퀘스트 다이아그노스틱스,5,60,14,34,74,1.0,10.0,10.87,0.0,10.54,22.98
17,CVX,셰브론,5,60,14,34,74,1.0,10.0,10.87,9.93,9.54,27.06
17,DIS,월트 디즈니,5,60,14,34,74,1.0,10.0,10.87,13.36,11.6,26.11
17,CSCO.O,시스코 시스템즈,5,60,14,34,74,1.0,10.0,10.87,15.44,8.88,25.96
17,TGT,타겟,5,60,14,34,74,1.0,10.0,10.87,41.08,12.21,27.87
17,UPS,유나이티드 파셀 서비스,5,60,14,34,74,1.0,10.0,10.87,0.0,8.83,23.0
17,ELV,엘레반스 헬스,5,60,14,34,74,1.0,10.0,10.87,0.0,8.76,23.49
17,SRE,셈프라 에너지,5,60,14,34,74,1.0,10.0,10.87,10.74,7.02,25.36
17,ADM,아처 대니얼스 미들랜드,5,60,14,34,74,1.0,10.0,10.87,0.0,9.79,26.0
17,PCAR.O,파카,5,60,14,34,74,1.0,10.0,10.87,9.0,11.84,27.57
17,USB,U.S. 뱅코프,5,60,14,34,74,1.0,10.0,10.87,19.95,7.57,27.63
17,CVS,CVS 헬스,5,60,14,34,74,1.0,10.0,10.87,0.0,7.84,24.33
17,DLR,디지털 리얼티 트러스트,5,60,14,34,74,1.0,10.0,10.87,31.21,10.63,26.75
17,SYY,시스코,5,60,14,34,74,1.0,10.0,10.87,0.0,10.04,26.41
17,GPC,제뉴인 파츠,5,60,14,34,74,1.0,10.0,10.87,0.0,11.9,24.24
17,PSA,퍼블릭 스토리지,5,60,14,34,74,1.0,10.0,10.87,0.0,11.11,21.95
17,PNC,PNC 파이낸셜 서비스,5,60,14,34,74,1.0,10.0,10.87,23.21,11.08,27.98
17,OMC,옴니콤 그룹,5,60,14,34,74,1.0,10.0,10.87,12.15,10.3,24.92
17,EMR,에머슨 일렉트릭,5,60,14,34,74,1.0,10.0,10.87,8.4,10.04,26.3
17,EIX,에디슨 인터내셔널,5,60,14,34,74,1.0,10.0,10.87,0.0,8.81,23.92
17,CNP,센터포인트 에너지,5,60,14,34,74,1.0,10.0,10.87,5.77,8.9,24.49
17,FIS,피델리티 내셔널 인포메이션 서비스,5,60,14,34,74,1.0,10.0,10.87,34.97,11.43,26.93
17,WELL.K,웰타워,5,60,14,34,74,1.0,10.0,10.87,11.13,11.26,29.08
17,O,리얼티 인컴,5,60,14,34,74,1.0,10.0,10.87,0.54,6.94,24.33
17,CCI,크라운 캐슬,5,60,14,39,74,1.0,10.0,10.78,-1.64,9.8,23.52
17,EXPD.K,익스페디터스 인터내셔널 오브 워싱턴,5,60,14,39,74,1.0,10.0,10.78,8.27,12.4,24.17
17,TROW.O,티 로웨 프라이스 그룹,5,60,14,39,74,1.0,10.0,10.78,8.35,11.0,28.49
17,CTSH.O,코그니전트 테크놀로지 솔루션,5,60,14,39,74,1.0,10.0,10.78,7.74,11.5,29.01
17,AVB,아발론베이 커뮤니티,5,60,14,39,74,1.0,10.0,10.78,6.22,8.2,23.49
17,ZBH,짐머 바이오멧 홀딩스,5,60,14,39,74,1.0,10.0,10.78,-2.79,8.26,25.69
17,TAP,몰슨 쿠어스 베버리지 Class B,5,60,14,39,74,1.0,10.0,10.78,0.67,4.47,26.41
17,CHRW.O,CH 로빈슨 월드와이드,5,60,14,39,74,1.0,10.0,10.78,3.02,6.33,25.1
17,HSIC.O,헨리 셰인,5,60,14,39,74,1.0,10.0,10.78,1.88,11.37,24.1
17,GRMN.K,가민,5,60,14,39,74,1.0,10.0,10.78,57.88,10.64,26.54
17,NTRS.O,노던 트러스트,5,60,14,39,74,1.0,10.0,10.78,6.36,8.06,28.0
17,UDR,UDR,5,60,14,39,74,1.0,10.0,10.78,21.88,8.42,24.52
17,L,로우스,5,60,14,39,74,1.0,10.0,10.78,5.46,8.25,23.49
17,NWS.O,뉴스 코퍼레이션 Class B,5,60,14,39,74,1.0,10.0,10.78,8.22,10.11,29.02
17,INVH.K,인비테이션 홈스,5,60,14,39,74,1.0,10.0,10.78,69.53,12.09,26.31
17,EQR,에퀴티 레지덴셜,5,60,14,39,74,1.0,10.0,10.78,7.4,7.36,23.9
17,ALLE.K,얼리지언,5,60,14,39,74,1.0,10.0,10.78,6.43,12.13,25.97
17,IFF,인터내셔널 플레이버스 & 프레그런스,5,60,14,39,74,1.0,10.0,10.78,-6.12,9.43,26.71
17,ESS,에섹스 프로퍼티 트러스트,5,60,14,39,74,1.0,10.0,10.78,5.27,10.29,24.07
17,MAA,미드아메리카 아파트 커뮤니티,5,60,14,39,74,1.0,10.0,10.78,16.33,9.97,23.17
17,LH,랩코프 홀딩스,5,60,14,39,74,1.0,10.0,10.78,42.8,10.81,24.66
17,ARE,알렉산드리아 리얼에스테이트 이쿼티,5,60,14,39,74,1.0,10.0,10.78,6.69,7.44,24.6
17,BFb,브라운-포맨 Class B,5,60,14,39,74,1.0,10.0,10.78,-54.39,9.97,22.73
17,CPT,캠든 프로퍼티 트러스트,5,60,14,39,74,1.0,10.0,10.78,27.99,10.05,23.46
17,REG.O,리젠시 센터스,5,60,14,39,74,1.0,10.0,10.78,3.75,8.38,28.14
17,FRT,페더럴 리얼티 인베스트먼트 트러스트,5,60,14,39,74,1.0,10.0,10.78,-3.62,5.88,26.43
17,BK,뱅크 오브 뉴욕 멜론,5,60,14,39,74,1.0,10.0,10.78,8.49,10.0,27.05
17,DGX,퀘스트 다이아그노스틱스,5,60,14,39,74,1.0,10.0,10.78,6.78,10.54,22.98
17,EIX,에디슨 인터내셔널,5,60,14,39,74,1.0,10.0,10.78,1.69,8.81,23.92
17,USB,U.S. 뱅코프,5,60,14,39,74,1.0,10.0,10.78,1.64,7.57,27.63
17,WMT,월마트,5,60,14,39,74,1.0,10.0,10.78,7.09,7.62,26.15
17,XOM,엑슨 모빌,5,60,14,39,74,1.0,10.0,10.78,2.93,8.19,25.31
17,CVX,셰브론,5,60,14,39,74,1.0,10.0,10.78,9.93,9.54,27.06
17,DIS,월트 디즈니,5,60,14,39,74,1.0,10.0,10.78,13.36,11.6,26.11
17,CSCO.O,시스코 시스템즈,5,60,14,39,74,1.0,10.0,10.78,10.57,8.88,25.96
17,TGT,타겟,5,60,14,39,74,1.0,10.0,10.78,31.84,12.21,27.87
17,UPS,유나이티드 파셀 서비스,5,60,14,39,74,1.0,10.0,10.78,19.67,8.83,23.0
17,ELV,엘레반스 헬스,5,60,14,39,74,1.0,10.0,10.78,20.87,8.76,23.49
17,CVS,CVS 헬스,5,60,14,39,74,1.0,10.0,10.78,0.49,7.84,24.33
17,SRE,셈프라 에너지,5,60,14,39,74,1.0,10.0,10.78,11.08,7.02,25.36
17,ADM,아처 대니얼스 미들랜드,5,60,14,39,74,1.0,10.0,10.78,21.19,9.79,26.0
17,PCAR.O,파카,5,60,14,39,74,1.0,10.0,10.78,9.0,11.84,27.57
17,PSA,퍼블릭 스토리지,5,60,14,39,74,1.0,10.0,10.78,43.79,11.11,21.95
17,CAH,카디널 헬스,5,60,14,39,74,1.0,10.0,10.78,7.48,11.39,26.48
17,CNP,센터포인트 에너지,5,60,14,39,74,1.0,10.0,10.78,5.07,8.9,24.49
17,BG,번지 글로벌,5,60,14,39,74,1.0,10.0,10.78,8.44,9.56,28.73
17,PNC,PNC 파이낸셜 서비스,5,60,14,39,74,1.0,10.0,10.78,22.49,11.08,27.98
17,OMC,옴니콤 그룹,5,60,14,39,74,1.0,10.0,10.78,16.3,10.3,24.92
17,EMR,에머슨 일렉트릭,5,60,14,39,74,1.0,10.0,10.78,8.4,10.04,26.3
17,SYY,시스코,5,60,14,39,74,1.0,10.0,10.78,12.56,10.04,26.41
17,FIS,피델리티 내셔널 인포메이션 서비스,5,60,14,39,74,1.0,10.0,10.78,6.85,11.43,26.93
17,WELL.K,웰타워,5,60,14,39,74,1.0,10.0,10.78,11.13,11.26,29.08
17,O,리얼티 인컴,5,60,14,39,74,1.0,10.0,10.78,0.54,6.94,24.33
17,GPC,제뉴인 파츠,5,60,14,39,74,1.0,10.0,10.78,6.46,11.9,24.24
17,DLR,디지털 리얼티 트러스트,5,60,14,39,74,1.0,10.0,10.78,13.36,10.63,26.75
17,AVB,아발론베이 커뮤니티,5,60,14,29,54,1.0,10.0,10.37,0.0,8.2,23.49
17,L,로우스,5,60,14,29,54,1.0,10.0,10.37,0.0,8.25,23.49
17,EXPD.K,익스페디터스 인터내셔널 오브 워싱턴,5,60,14,29,54,1.0,10.0,10.37,0.0,12.4,24.17
17,TROW.O,티 로웨 프라이스 그룹,5,60,14,29,54,1.0,10.0,10.37,0.0,11.0,28.49
17,CTSH.O,코그니전트 테크놀로지 솔루션,5,60,14,29,54,1.0,10.0,10.37,0.0,11.5,29.01
17,GRMN.K,가민,5,60,14,29,54,1.0,10.0,10.37,0.0,10.64,26.54
17,ZBH,짐머 바이오멧 홀딩스,5,60,14,29,54,1.0,10.0,10.37,0.0,8.26,25.69
17,CCI,크라운 캐슬,5,60,14,29,54,1.0,10.0,10.37,0.0,9.8,23.52
17,CHRW.O,CH 로빈슨 월드와이드,5,60,14,29,54,1.0,10.0,10.37,6.0,6.33,25.1
17,TAP,몰슨 쿠어스 베버리지 Class B,5,60,14,29,54,1.0,10.0,10.37,-6.98,4.47,26.41
17,INVH.K,인비테이션 홈스,5,60,14,29,54,1.0,10.0,10.37,0.0,12.09,26.31
17,HSIC.O,헨리 셰인,5,60,14,29,54,1.0,10.0,10.37,0.0,11.37,24.1
17,MAA,미드아메리카 아파트 커뮤니티,5,60,14,29,54,1.0,10.0,10.37,0.0,9.97,23.17
17,EQR,에퀴티 레지덴셜,5,60,14,29,54,1.0,10.0,10.37,0.0,7.36,23.9
17,ALLE.K,얼리지언,5,60,14,29,54,1.0,10.0,10.37,0.0,12.13,25.97
17,IFF,인터내셔널 플레이버스 & 프레그런스,5,60,14,29,54,1.0,10.0,10.37,0.0,9.43,26.71
17,ESS,에섹스 프로퍼티 트러스트,5,60,14,29,54,1.0,10.0,10.37,0.0,10.29,24.07
17,UDR,UDR,5,60,14,29,54,1.0,10.0,10.37,0.0,8.42,24.52
17,LH,랩코프 홀딩스,5,60,14,29,54,1.0,10.0,10.37,0.0,10.81,24.66
17,ARE,알렉산드리아 리얼에스테이트 이쿼티,5,60,14,29,54,1.0,10.0,10.37,0.0,7.44,24.6
17,BFb,브라운-포맨 Class B,5,60,14,29,54,1.0,10.0,10.37,0.0,9.97,22.73
17,CPT,캠든 프로퍼티 트러스트,5,60,14,29,54,1.0,10.0,10.37,0.0,10.05,23.46
17,REG.O,리젠시 센터스,5,60,14,29,54,1.0,10.0,10.37,64.87,8.38,28.14
17,FRT,페더럴 리얼티 인베스트먼트 트러스트,5,60,14,29,54,1.0,10.0,10.37,47.42,5.88,26.43
17,NWS.O,뉴스 코퍼레이션 Class B,5,60,14,29,54,1.0,10.0,10.37,0.0,10.11,29.02
17,NTRS.O,노던 트러스트,5,60,14,29,54,1.0,10.0,10.37,66.52,8.06,28.0
17,OMC,옴니콤 그룹,5,60,14,29,54,1.0,10.0,10.37,96.46,10.3,24.92
17,BK,뱅크 오브 뉴욕 멜론,5,60,14,29,54,1.0,10.0,10.37,17.29,10.0,27.05
17,CAH,카디널 헬스,5,60,14,29,54,1.0,10.0,10.37,0.0,11.39,26.48
17,CVX,셰브론,5,60,14,29,54,1.0,10.0,10.37,13.49,9.54,27.06
17,DIS,월트 디즈니,5,60,14,29,54,1.0,10.0,10.37,0.0,11.6,26.11
17,CSCO.O,시스코 시스템즈,5,60,14,29,54,1.0,10.0,10.37,61.52,8.88,25.96
17,TGT,타겟,5,60,14,29,54,1.0,10.0,10.37,0.0,12.21,27.87
17,UPS,유나이티드 파셀 서비스,5,60,14,29,54,1.0,10.0,10.37,0.0,8.83,23.0
17,ELV,엘레반스 헬스,5,60,14,29,54,1.0,10.0,10.37,0.0,8.76,23.49
17,CVS,CVS 헬스,5,60,14,29,54,1.0,10.0,10.37,0.0,7.84,24.33
17,SRE,셈프라 에너지,5,60,14,29,54,1.0,10.0,10.37,0.0,7.02,25.36
17,ADM,아처 대니얼스 미들랜드,5,60,14,29,54,1.0,10.0,10.37,0.0,9.79,26.0
17,PCAR.O,파카,5,60,14,29,54,1.0,10.0,10.37,0.0,11.84,27.57
17,USB,U.S. 뱅코프,5,60,14,29,54,1.0,10.0,10.37,0.0,7.57,27.63
17,BG,번지 글로벌,5,60,14,29,54,1.0,10.0,10.37,0.0,9.56,28.73
17,DGX,퀘스트 다이아그노스틱스,5,60,14,29,54,1.0,10.0,10.37,0.0,10.54,22.98
17,WMT,월마트,5,60,14,29,54,1.0,10.0,10.37,0.41,7.62,26.15
17,GPC,제뉴인 파츠,5,60,14,29,54,1.0,10.0,10.37,0.0,11.9,24.24
17,O,리얼티 인컴,5,60,14,29,54,1.0,10.0,10.37,0.0,6.94,24.33
17,WELL.K,웰타워,5,60,14,29,54,1.0,10.0,10.37,0.0,11.26,29.08
17,FIS,피델리티 내셔널 인포메이션 서비스,5,60,14,29,54,1.0,10.0,10.37,0.0,11.43,26.93
17,CNP,센터포인트 에너지,5,60,14,29,54,1.0,10.0,10.37,0.0,8.9,24.49
17,SYY,시스코,5,60,14,29,54,1.0,10.0,10.37,0.0,10.04,26.41
17,EMR,에머슨 일렉트릭,5,60,14,29,54,1.0,10.0,10.37,17.11,10.04,26.3
17,PNC,PNC 파이낸셜 서비스,5,60,14,29,54,1.0,10.0,10.37,42.43,11.08,27.98
17,PSA,퍼블릭 스토리지,5,60,14,29,54,1.0,10.0,10.37,0.0,11.11,21.95
17,EIX,에디슨 인터내셔널,5,60,14,29,54,1.0,10.0,10.37,0.0,8.81,23.92
17,DLR,디지털 리얼티 트러스트,5,60,14,29,54,1.0,10.0,10.37,0.0,10.63,26.75
17,XOM,엑슨 모빌,5,60,14,29,54,1.0,10.0,10.37,143.62,8.19,25.31
17,WMT,월마트,5,120,14,49,59,1.0,10.0,10.36,6.38,7.62,26.15
17,XOM,엑슨 모빌,5,120,14,49,59,1.0,10.0,10.36,1.16,8.19,25.31
17,EIX,에디슨 인터내셔널,5,120,14,49,59,1.0,10.0,10.36,4.54,8.81,23.92
17,PSA,퍼블릭 스토리지,5,120,14,49,59,1.0,10.0,10.36,3.84,11.11,21.95
17,PNC,PNC 파이낸셜 서비스,5,120,14,49,59,1.0,10.0,10.36,16.61,11.08,27.98
17,OMC,옴니콤 그룹,5,120,14,49,59,1.0,10.0,10.36,14.81,10.3,24.92
17,EMR,에머슨 일렉트릭,5,120,14,49,59,1.0,10.0,10.36,13.53,10.04,26.3
17,SYY,시스코,5,120,14,49,59,1.0,10.0,10.36,11.16,10.04,26.41
17,CNP,센터포인트 에너지,5,120,14,49,59,1.0,10.0,10.36,9.24,8.9,24.49
17,FIS,피델리티 내셔널 인포메이션 서비스,5,120,14,49,59,1.0,10.0,10.36,-6.98,11.43,26.93
17,WELL.K,웰타워,5,120,14,49,59,1.0,10.0,10.36,24.0,11.26,29.08
17,O,리얼티 인컴,5,120,14,49,59,1.0,10.0,10.36,6.39,6.94,24.33
17,GPC,제뉴인 파츠,5,120,14,49,59,1.0,10.0,10.36,20.01,11.9,24.24
17,DLR,디지털 리얼티 트러스트,5,120,14,49,59,1.0,10.0,10.36,34.17,10.63,26.75
17,BK,뱅크 오브 뉴욕 멜론,5,120,14,49,59,1.0,10.0,10.36,12.1,10.0,27.05
17,BG,번지 글로벌,5,120,14,49,59,1.0,10.0,10.36,3.88,9.56,28.73
17,CAH,카디널 헬스,5,120,14,49,59,1.0,10.0,10.36,-0.34,11.39,26.48
17,USB,U.S. 뱅코프,5,120,14,49,59,1.0,10.0,10.36,21.17,7.57,27.63
17,PCAR.O,파카,5,120,14,49,59,1.0,10.0,10.36,31.36,11.84,27.57
17,ADM,아처 대니얼스 미들랜드,5,120,14,49,59,1.0,10.0,10.36,10.82,9.79,26.0
17,SRE,셈프라 에너지,5,120,14,49,59,1.0,10.0,10.36,11.29,7.02,25.36
17,CVS,CVS 헬스,5,120,14,49,59,1.0,10.0,10.36,-7.05,7.84,24.33
17,ELV,엘레반스 헬스,5,120,14,49,59,1.0,10.0,10.36,26.78,8.76,23.49
17,UPS,유나이티드 파셀 서비스,5,120,14,49,59,1.0,10.0,10.36,0.01,8.83,23.0
17,TGT,타겟,5,120,14,49,59,1.0,10.0,10.36,3.22,12.21,27.87
17,CSCO.O,시스코 시스템즈,5,120,14,49,59,1.0,10.0,10.36,26.57,8.88,25.96
17,DGX,퀘스트 다이아그노스틱스,5,120,14,49,59,1.0,10.0,10.36,17.82,10.54,22.98
17,UDR,UDR,5,120,14,49,59,1.0,10.0,10.36,6.82,8.42,24.52
17,CVX,셰브론,5,120,14,49,59,1.0,10.0,10.36,0.18,9.54,27.06
17,EQR,에퀴티 레지덴셜,5,120,14,49,59,1.0,10.0,10.36,10.37,7.36,23.9
17,NWS.O,뉴스 코퍼레이션 Class B,5,120,14,49,59,1.0,10.0,10.36,10.89,10.11,29.02
17,FRT,페더럴 리얼티 인베스트먼트 트러스트,5,120,14,49,59,1.0,10.0,10.36,-3.52,5.88,26.43
17,REG.O,리젠시 센터스,5,120,14,49,59,1.0,10.0,10.36,1.85,8.38,28.14
17,CPT,캠든 프로퍼티 트러스트,5,120,14,49,59,1.0,10.0,10.36,3.41,10.05,23.46
17,BFb,브라운-포맨 Class B,5,120,14,49,59,1.0,10.0,10.36,-14.63,9.97,22.73
17,ARE,알렉산드리아 리얼에스테이트 이쿼티,5,120,14,49,59,1.0,10.0,10.36,0.62,7.44,24.6
17,LH,랩코프 홀딩스,5,120,14,49,59,1.0,10.0,10.36,5.81,10.81,24.66
17,MAA,미드아메리카 아파트 커뮤니티,5,120,14,49,59,1.0,10.0,10.36,2.33,9.97,23.17
17,ESS,에섹스 프로퍼티 트러스트,5,120,14,49,59,1.0,10.0,10.36,27.14,10.29,24.07
17,IFF,인터내셔널 플레이버스 & 프레그런스,5,120,14,49,59,1.0,10.0,10.36,-2.62,9.43,26.71
17,ALLE.K,얼리지언,5,120,14,49,59,1.0,10.0,10.36,12.63,12.13,25.97
17,INVH.K,인비테이션 홈스,5,120,14,49,59,1.0,10.0,10.36,7.73,12.09,26.31
17,NTRS.O,노던 트러스트,5,120,14,49,59,1.0,10.0,10.36,8.11,8.06,28.0
17,HSIC.O,헨리 셰인,5,120,14,49,59,1.0,10.0,10.36,6.45,11.37,24.1
17,L,로우스,5,120,14,49,59,1.0,10.0,10.36,11.1,8.25,23.49
17,EXPD.K,익스페디터스 인터내셔널 오브 워싱턴,5,120,14,49,59,1.0,10.0,10.36,5.15,12.4,24.17
17,TROW.O,티 로웨 프라이스 그룹,5,120,14,49,59,1.0,10.0,10.36,3.03,11.0,28.49
17,CTSH.O,코그니전트 테크놀로지 솔루션,5,120,14,49,59,1.0,10.0,10.36,35.46,11.5,29.01
17,AVB,아발론베이 커뮤니티,5,120,14,49,59,1.0,10.0,10.36,18.78,8.2,23.49
17,ZBH,짐머 바이오멧 홀딩스,5,120,14,49,59,1.0,10.0,10.36,16.88,8.26,25.69
17,CCI,크라운 캐슬,5,120,14,49,59,1.0,10.0,10.36,-20.44,9.8,23.52
17,CHRW.O,CH 로빈슨 월드와이드,5,120,14,49,59,1.0,10.0,10.36,0.59,6.33,25.1
17,TAP,몰슨 쿠어스 베버리지 Class B,5,120,14,49,59,1.0,10.0,10.36,-2.75,4.47,26.41
17,GRMN.K,가민,5,120,14,49,59,1.0,10.0,10.36,93.97,10.64,26.54
17,DIS,월트 디즈니,5,120,14,49,59,1.0,10.0,10.36,8.02,11.6,26.11
17,WMT,월마트,5,120,14,44,64,1.0,10.0,10.11,3.4,7.62,26.15
17,FRT,페더럴 리얼티 인베스트먼트 트러스트,5,120,14,44,64,1.0,10.0,10.11,0.21,5.88,26.43
17,BK,뱅크 오브 뉴욕 멜론,5,120,14,44,64,1.0,10.0,10.11,18.21,10.0,27.05
17,NTRS.O,노던 트러스트,5,120,14,44,64,1.0,10.0,10.11,11.1,8.06,28.0
17,GRMN.K,가민,5,120,14,44,64,1.0,10.0,10.11,82.54,10.64,26.54
17,TAP,몰슨 쿠어스 베버리지 Class B,5,120,14,44,64,1.0,10.0,10.11,-1.02,4.47,26.41
17,CHRW.O,CH 로빈슨 월드와이드,5,120,14,44,64,1.0,10.0,10.11,19.68,6.33,25.1
17,CCI,크라운 캐슬,5,120,14,44,64,1.0,10.0,10.11,-26.32,9.8,23.52
17,ZBH,짐머 바이오멧 홀딩스,5,120,14,44,64,1.0,10.0,10.11,-4.06,8.26,25.69
17,AVB,아발론베이 커뮤니티,5,120,14,44,64,1.0,10.0,10.11,23.21,8.2,23.49
17,CTSH.O,코그니전트 테크놀로지 솔루션,5,120,14,44,64,1.0,10.0,10.11,11.43,11.5,29.01
17,TROW.O,티 로웨 프라이스 그룹,5,120,14,44,64,1.0,10.0,10.11,2.32,11.0,28.49
17,EXPD.K,익스페디터스 인터내셔널 오브 워싱턴,5,120,14,44,64,1.0,10.0,10.11,3.59,12.4,24.17
17,L,로우스,5,120,14,44,64,1.0,10.0,10.11,16.59,8.25,23.49
17,NWS.O,뉴스 코퍼레이션 Class B,5,120,14,44,64,1.0,10.0,10.11,14.52,10.11,29.02
17,INVH.K,인비테이션 홈스,5,120,14,44,64,1.0,10.0,10.11,0.0,12.09,26.31
17,EQR,에퀴티 레지덴셜,5,120,14,44,64,1.0,10.0,10.11,23.18,7.36,23.9
17,ALLE.K,얼리지언,5,120,14,44,64,1.0,10.0,10.11,0.0,12.13,25.97
17,IFF,인터내셔널 플레이버스 & 프레그런스,5,120,14,44,64,1.0,10.0,10.11,-7.44,9.43,26.71
17,ESS,에섹스 프로퍼티 트러스트,5,120,14,44,64,1.0,10.0,10.11,27.16,10.29,24.07
17,MAA,미드아메리카 아파트 커뮤니티,5,120,14,44,64,1.0,10.0,10.11,11.82,9.97,23.17
17,LH,랩코프 홀딩스,5,120,14,44,64,1.0,10.0,10.11,18.14,10.81,24.66
17,ARE,알렉산드리아 리얼에스테이트 이쿼티,5,120,14,44,64,1.0,10.0,10.11,-0.57,7.44,24.6
17,BFb,브라운-포맨 Class B,5,120,14,44,64,1.0,10.0,10.11,-33.3,9.97,22.73
17,CPT,캠든 프로퍼티 트러스트,5,120,14,44,64,1.0,10.0,10.11,-4.55,10.05,23.46
17,REG.O,리젠시 센터스,5,120,14,44,64,1.0,10.0,10.11,0.52,8.38,28.14
17,UDR,UDR,5,120,14,44,64,1.0,10.0,10.11,11.89,8.42,24.52
17,DGX,퀘스트 다이아그노스틱스,5,120,14,44,64,1.0,10.0,10.11,24.97,10.54,22.98
17,XOM,엑슨 모빌,5,120,14,44,64,1.0,10.0,10.11,-1.3,8.19,25.31
17,EIX,에디슨 인터내셔널,5,120,14,44,64,1.0,10.0,10.11,2.36,8.81,23.92
17,CVX,셰브론,5,120,14,44,64,1.0,10.0,10.11,9.27,9.54,27.06
17,DIS,월트 디즈니,5,120,14,44,64,1.0,10.0,10.11,-11.81,11.6,26.11
17,CSCO.O,시스코 시스템즈,5,120,14,44,64,1.0,10.0,10.11,12.88,8.88,25.96
17,TGT,타겟,5,120,14,44,64,1.0,10.0,10.11,13.47,12.21,27.87
17,UPS,유나이티드 파셀 서비스,5,120,14,44,64,1.0,10.0,10.11,-3.89,8.83,23.0
17,ELV,엘레반스 헬스,5,120,14,44,64,1.0,10.0,10.11,27.52,8.76,23.49
17,CVS,CVS 헬스,5,120,14,44,64,1.0,10.0,10.11,-4.75,7.84,24.33
17,SRE,셈프라 에너지,5,120,14,44,64,1.0,10.0,10.11,10.27,7.02,25.36
17,ADM,아처 대니얼스 미들랜드,5,120,14,44,64,1.0,10.0,10.11,14.77,9.79,26.0
17,PCAR.O,파카,5,120,14,44,64,1.0,10.0,10.11,32.06,11.84,27.57
17,USB,U.S. 뱅코프,5,120,14,44,64,1.0,10.0,10.11,15.39,7.57,27.63
17,BG,번지 글로벌,5,120,14,44,64,1.0,10.0,10.11,4.86,9.56,28.73
17,DLR,디지털 리얼티 트러스트,5,120,14,44,64,1.0,10.0,10.11,25.4,10.63,26.75
17,GPC,제뉴인 파츠,5,120,14,44,64,1.0,10.0,10.11,8.19,11.9,24.24
17,O,리얼티 인컴,5,120,14,44,64,1.0,10.0,10.11,7.84,6.94,24.33
17,WELL.K,웰타워,5,120,14,44,64,1.0,10.0,10.11,41.53,11.26,29.08
17,FIS,피델리티 내셔널 인포메이션 서비스,5,120,14,44,64,1.0,10.0,10.11,0.05,11.43,26.93
17,CNP,센터포인트 에너지,5,120,14,44,64,1.0,10.0,10.11,34.09,8.9,24.49
17,SYY,시스코,5,120,14,44,64,1.0,10.0,10.11,8.87,10.04,26.41
17,EMR,에머슨 일렉트릭,5,120,14,44,64,1.0,10.0,10.11,16.36,10.04,26.3
17,OMC,옴니콤 그룹,5,120,14,44,64,1.0,10.0,10.11,7.77,10.3,24.92
17,PNC,PNC 파이낸셜 서비스,5,120,14,44,64,1.0,10.0,10.11,23.72,11.08,27.98
17,PSA,퍼블릭 스토리지,5,120,14,44,64,1.0,10.0,10.11,8.32,11.11,21.95
17,HSIC.O,헨리 셰인,5,120,14,44,64,1.0,10.0,10.11,4.55,11.37,24.1
17,CAH,카디널 헬스,5,120,14,44,64,1.0,10.0,10.11,0.83,11.39,26.48
17,BK,뱅크 오브 뉴욕 멜론,5,60,14,44,69,1.0,10.0,9.98,10.99,10.0,27.05
17,ARE,알렉산드리아 리얼에스테이트 이쿼티,5,60,14,44,69,1.0,10.0,9.98,-0.34,7.44,24.6
17,CPT,캠든 프로퍼티 트러스트,5,60,14,44,69,1.0,10.0,9.98,11.98,10.05,23.46
17,REG.O,리젠시 센터스,5,60,14,44,69,1.0,10.0,9.98,4.1,8.38,28.14
17,FRT,페더럴 리얼티 인베스트먼트 트러스트,5,60,14,44,69,1.0,10.0,9.98,-4.19,5.88,26.43
17,NWS.O,뉴스 코퍼레이션 Class B,5,60,14,44,69,1.0,10.0,9.98,13.05,10.11,29.02
17,XOM,엑슨 모빌,5,120,14,49,64,1.0,10.0,9.98,-1.3,8.19,25.31
17,CVX,셰브론,5,120,14,49,64,1.0,10.0,9.98,4.26,9.54,27.06
17,DIS,월트 디즈니,5,120,14,49,64,1.0,10.0,9.98,17.0,11.6,26.11
17,CSCO.O,시스코 시스템즈,5,120,14,49,64,1.0,10.0,9.98,17.95,8.88,25.96
17,TGT,타겟,5,120,14,49,64,1.0,10.0,9.98,6.49,12.21,27.87
17,UPS,유나이티드 파셀 서비스,5,120,14,49,64,1.0,10.0,9.98,0.95,8.83,23.0
17,ELV,엘레반스 헬스,5,120,14,49,64,1.0,10.0,9.98,27.52,8.76,23.49
17,CVS,CVS 헬스,5,120,14,49,64,1.0,10.0,9.98,-4.75,7.84,24.33
17,SRE,셈프라 에너지,5,120,14,49,64,1.0,10.0,9.98,9.53,7.02,25.36
17,ADM,아처 대니얼스 미들랜드,5,120,14,49,64,1.0,10.0,9.98,14.64,9.79,26.0
17,PCAR.O,파카,5,120,14,49,64,1.0,10.0,9.98,27.51,11.84,27.57
17,USB,U.S. 뱅코프,5,120,14,49,64,1.0,10.0,9.98,8.11,7.57,27.63
17,CAH,카디널 헬스,5,120,14,49,64,1.0,10.0,9.98,0.56,11.39,26.48
17,BFb,브라운-포맨 Class B,5,60,14,44,69,1.0,10.0,9.98,-33.18,9.97,22.73
17,LH,랩코프 홀딩스,5,60,14,44,69,1.0,10.0,9.98,21.96,10.81,24.66
17,DGX,퀘스트 다이아그노스틱스,5,60,14,44,69,1.0,10.0,9.98,29.11,10.54,22.98
17,MAA,미드아메리카 아파트 커뮤니티,5,60,14,44,69,1.0,10.0,9.98,6.57,9.97,23.17
17,NTRS.O,노던 트러스트,5,60,14,44,69,1.0,10.0,9.98,9.76,8.06,28.0
17,GRMN.K,가민,5,60,14,44,69,1.0,10.0,9.98,45.72,10.64,26.54
17,TAP,몰슨 쿠어스 베버리지 Class B,5,60,14,44,69,1.0,10.0,9.98,-0.63,4.47,26.41
17,CHRW.O,CH 로빈슨 월드와이드,5,60,14,44,69,1.0,10.0,9.98,5.24,6.33,25.1
17,CCI,크라운 캐슬,5,60,14,44,69,1.0,10.0,9.98,-20.21,9.8,23.52
17,ZBH,짐머 바이오멧 홀딩스,5,60,14,44,69,1.0,10.0,9.98,10.45,8.26,25.69
17,AVB,아발론베이 커뮤니티,5,60,14,44,69,1.0,10.0,9.98,16.29,8.2,23.49
17,CTSH.O,코그니전트 테크놀로지 솔루션,5,60,14,44,69,1.0,10.0,9.98,6.91,11.5,29.01
17,TROW.O,티 로웨 프라이스 그룹,5,60,14,44,69,1.0,10.0,9.98,12.12,11.0,28.49
17,EXPD.K,익스페디터스 인터내셔널 오브 워싱턴,5,60,14,44,69,1.0,10.0,9.98,4.73,12.4,24.17
17,L,로우스,5,60,14,44,69,1.0,10.0,9.98,12.26,8.25,23.49
17,HSIC.O,헨리 셰인,5,60,14,44,69,1.0,10.0,9.98,1.88,11.37,24.1
17,INVH.K,인비테이션 홈스,5,60,14,44,69,1.0,10.0,9.98,22.94,12.09,26.31
17,EQR,에퀴티 레지덴셜,5,60,14,44,69,1.0,10.0,9.98,9.55,7.36,23.9
17,ALLE.K,얼리지언,5,60,14,44,69,1.0,10.0,9.98,6.43,12.13,25.97
17,IFF,인터내셔널 플레이버스 & 프레그런스,5,60,14,44,69,1.0,10.0,9.98,-6.12,9.43,26.71
17,ESS,에섹스 프로퍼티 트러스트,5,60,14,44,69,1.0,10.0,9.98,9.02,10.29,24.07
17,BG,번지 글로벌,5,120,14,49,64,1.0,10.0,9.98,9.28,9.56,28.73
17,DLR,디지털 리얼티 트러스트,5,120,14,49,64,1.0,10.0,9.98,25.4,10.63,26.75
17,GPC,제뉴인 파츠,5,120,14,49,64,1.0,10.0,9.98,7.29,11.9,24.24
17,O,리얼티 인컴,5,120,14,49,64,1.0,10.0,9.98,6.56,6.94,24.33
17,TROW.O,티 로웨 프라이스 그룹,5,120,14,49,64,1.0,10.0,9.98,6.79,11.0,28.49
17,EXPD.K,익스페디터스 인터내셔널 오브 워싱턴,5,120,14,49,64,1.0,10.0,9.98,4.69,12.4,24.17
17,L,로우스,5,120,14,49,64,1.0,10.0,9.98,14.69,8.25,23.49
17,HSIC.O,헨리 셰인,5,120,14,49,64,1.0,10.0,9.98,2.54,11.37,24.1
17,INVH.K,인비테이션 홈스,5,120,14,49,64,1.0,10.0,9.98,9.57,12.09,26.31
17,EQR,에퀴티 레지덴셜,5,120,14,49,64,1.0,10.0,9.98,12.13,7.36,23.9
17,ALLE.K,얼리지언,5,120,14,49,64,1.0,10.0,9.98,2.81,12.13,25.97
17,IFF,인터내셔널 플레이버스 & 프레그런스,5,120,14,49,64,1.0,10.0,9.98,-3.35,9.43,26.71
17,ESS,에섹스 프로퍼티 트러스트,5,120,14,49,64,1.0,10.0,9.98,31.24,10.29,24.07
17,MAA,미드아메리카 아파트 커뮤니티,5,120,14,49,64,1.0,10.0,9.98,6.57,9.97,23.17
17,LH,랩코프 홀딩스,5,120,14,49,64,1.0,10.0,9.98,10.78,10.81,24.66
17,ARE,알렉산드리아 리얼에스테이트 이쿼티,5,120,14,49,64,1.0,10.0,9.98,4.84,7.44,24.6
17,BFb,브라운-포맨 Class B,5,120,14,49,64,1.0,10.0,9.98,-9.62,9.97,22.73
17,CPT,캠든 프로퍼티 트러스트,5,120,14,49,64,1.0,10.0,9.98,8.79,10.05,23.46
17,REG.O,리젠시 센터스,5,120,14,49,64,1.0,10.0,9.98,3.84,8.38,28.14
17,FRT,페더럴 리얼티 인베스트먼트 트러스트,5,120,14,49,64,1.0,10.0,9.98,-1.6,5.88,26.43
17,NWS.O,뉴스 코퍼레이션 Class B,5,120,14,49,64,1.0,10.0,9.98,14.52,10.11,29.02
17,CTSH.O,코그니전트 테크놀로지 솔루션,5,120,14,49,64,1.0,10.0,9.98,13.28,11.5,29.01
17,AVB,아발론베이 커뮤니티,5,120,14,49,64,1.0,10.0,9.98,13.24,8.2,23.49
17,ZBH,짐머 바이오멧 홀딩스,5,120,14,49,64,1.0,10.0,9.98,16.84,8.26,25.69
17,PSA,퍼블릭 스토리지,5,120,14,49,64,1.0,10.0,9.98,9.17,11.11,21.95
17,WELL.K,웰타워,5,120,14,49,64,1.0,10.0,9.98,20.65,11.26,29.08
17,FIS,피델리티 내셔널 인포메이션 서비스,5,120,14,49,64,1.0,10.0,9.98,-7.1,11.43,26.93
17,CNP,센터포인트 에너지,5,120,14,49,64,1.0,10.0,9.98,12.24,8.9,24.49
17,SYY,시스코,5,120,14,49,64,1.0,10.0,9.98,7.98,10.04,26.41
17,EMR,에머슨 일렉트릭,5,120,14,49,64,1.0,10.0,9.98,12.43,10.04,26.3
17,OMC,옴니콤 그룹,5,120,14,49,64,1.0,10.0,9.98,8.85,10.3,24.92
17,PNC,PNC 파이낸셜 서비스,5,120,14,49,64,1.0,10.0,9.98,15.12,11.08,27.98
17,EIX,에디슨 인터내셔널,5,120,14,49,64,1.0,10.0,9.98,2.36,8.81,23.92
17,CCI,크라운 캐슬,5,120,14,49,64,1.0,10.0,9.98,-16.1,9.8,23.52
17,DGX,퀘스트 다이아그노스틱스,5,120,14,49,64,1.0,10.0,9.98,16.61,10.54,22.98
17,BK,뱅크 오브 뉴욕 멜론,5,120,14,49,64,1.0,10.0,9.98,14.86,10.0,27.05
17,UDR,UDR,5,120,14,49,64,1.0,10.0,9.98,9.08,8.42,24.52
17,NTRS.O,노던 트러스트,5,120,14,49,64,1.0,10.0,9.98,12.1,8.06,28.0
17,GRMN.K,가민,5,120,14,49,64,1.0,10.0,9.98,80.83,10.64,26.54
17,TAP,몰슨 쿠어스 베버리지 Class B,5,120,14,49,64,1.0,10.0,9.98,-1.02,4.47,26.41
17,CHRW.O,CH 로빈슨 월드와이드,5,120,14,49,64,1.0,10.0,9.98,3.0,6.33,25.1
17,UDR,UDR,5,60,14,44,69,1.0,10.0,9.98,17.16,8.42,24.52
17,WMT,월마트,5,120,14,49,64,1.0,10.0,9.98,8.33,7.62,26.15
17,WMT,월마트,5,60,14,44,69,1.0,10.0,9.98,10.36,7.62,26.15
17,CAH,카디널 헬스,5,60,14,44,69,1.0,10.0,9.98,1.58,11.39,26.48
17,XOM,엑슨 모빌,5,60,14,44,69,1.0,10.0,9.98,-0.23,8.19,25.31
17,CVX,셰브론,5,60,14,44,69,1.0,10.0,9.98,3.9,9.54,27.06
17,DIS,월트 디즈니,5,60,14,44,69,1.0,10.0,9.98,11.88,11.6,26.11
17,CSCO.O,시스코 시스템즈,5,60,14,44,69,1.0,10.0,9.98,9.38,8.88,25.96
17,TGT,타겟,5,60,14,44,69,1.0,10.0,9.98,14.93,12.21,27.87
17,UPS,유나이티드 파셀 서비스,5,60,14,44,69,1.0,10.0,9.98,44.23,8.83,23.0
17,CVS,CVS 헬스,5,60,14,44,69,1.0,10.0,9.98,-0.04,7.84,24.33
17,SRE,셈프라 에너지,5,60,14,44,69,1.0,10.0,9.98,12.62,7.02,25.36
17,ADM,아처 대니얼스 미들랜드,5,60,14,44,69,1.0,10.0,9.98,12.98,9.79,26.0
17,PCAR.O,파카,5,60,14,44,69,1.0,10.0,9.98,12.47,11.84,27.57
17,USB,U.S. 뱅코프,5,60,14,44,69,1.0,10.0,9.98,3.79,7.57,27.63
17,ELV,엘레반스 헬스,5,60,14,44,69,1.0,10.0,9.98,20.87,8.76,23.49
17,BG,번지 글로벌,5,60,14,44,69,1.0,10.0,9.98,0.37,9.56,28.73
17,SYY,시스코,5,60,14,44,69,1.0,10.0,9.98,9.76,10.04,26.41
17,DLR,디지털 리얼티 트러스트,5,60,14,44,69,1.0,10.0,9.98,19.61,10.63,26.75
17,PSA,퍼블릭 스토리지,5,60,14,44,69,1.0,10.0,9.98,25.11,11.11,21.95
17,PNC,PNC 파이낸셜 서비스,5,60,14,44,69,1.0,10.0,9.98,24.55,11.08,27.98
17,OMC,옴니콤 그룹,5,60,14,44,69,1.0,10.0,9.98,6.49,10.3,24.92
17,EMR,에머슨 일렉트릭,5,60,14,44,69,1.0,10.0,9.98,14.54,10.04,26.3
17,EIX,에디슨 인터내셔널,5,60,14,44,69,1.0,10.0,9.98,1.69,8.81,23.92
17,CNP,센터포인트 에너지,5,60,14,44,69,1.0,10.0,9.98,15.25,8.9,24.49
17,FIS,피델리티 내셔널 인포메이션 서비스,5,60,14,44,69,1.0,10.0,9.98,-1.54,11.43,26.93
17,WELL.K,웰타워,5,60,14,44,69,1.0,10.0,9.98,27.12,11.26,29.08
17,O,리얼티 인컴,5,60,14,44,69,1.0,10.0,9.98,8.55,6.94,24.33
17,GPC,제뉴인 파츠,5,60,14,44,69,1.0,10.0,9.98,15.08,11.9,24.24
17,CCI,크라운 캐슬,5,120,14,34,69,1.0,10.0,9.91,-12.5,9.8,23.52
17,EXPD.K,익스페디터스 인터내셔널 오브 워싱턴,5,120,14,34,69,1.0,10.0,9.91,0.0,12.4,24.17
17,TROW.O,티 로웨 프라이스 그룹,5,120,14,34,69,1.0,10.0,9.91,0.0,11.0,28.49
17,CTSH.O,코그니전트 테크놀로지 솔루션,5,120,14,34,69,1.0,10.0,9.91,0.0,11.5,29.01
17,AVB,아발론베이 커뮤니티,5,120,14,34,69,1.0,10.0,9.91,40.25,8.2,23.49
17,ZBH,짐머 바이오멧 홀딩스,5,120,14,34,69,1.0,10.0,9.91,0.0,8.26,25.69
17,TAP,몰슨 쿠어스 베버리지 Class B,5,120,14,34,69,1.0,10.0,9.91,-4.27,4.47,26.41
17,CHRW.O,CH 로빈슨 월드와이드,5,120,14,34,69,1.0,10.0,9.91,0.0,6.33,25.1
17,L,로우스,5,120,14,34,69,1.0,10.0,9.91,0.0,8.25,23.49
17,GRMN.K,가민,5,120,14,34,69,1.0,10.0,9.91,0.0,10.64,26.54
17,NTRS.O,노던 트러스트,5,120,14,34,69,1.0,10.0,9.91,29.41,8.06,28.0
17,UDR,UDR,5,120,14,34,69,1.0,10.0,9.91,55.45,8.42,24.52
17,BK,뱅크 오브 뉴욕 멜론,5,120,14,34,69,1.0,10.0,9.91,0.0,10.0,27.05
17,CAH,카디널 헬스,5,120,14,34,69,1.0,10.0,9.91,0.0,11.39,26.48
17,HSIC.O,헨리 셰인,5,120,14,34,69,1.0,10.0,9.91,0.0,11.37,24.1
17,INVH.K,인비테이션 홈스,5,120,14,34,69,1.0,10.0,9.91,0.0,12.09,26.31
17,EQR,에퀴티 레지덴셜,5,120,14,34,69,1.0,10.0,9.91,3.63,7.36,23.9
17,ALLE.K,얼리지언,5,120,14,34,69,1.0,10.0,9.91,0.0,12.13,25.97
17,IFF,인터내셔널 플레이버스 & 프레그런스,5,120,14,34,69,1.0,10.0,9.91,46.85,9.43,26.71
17,ESS,에섹스 프로퍼티 트러스트,5,120,14,34,69,1.0,10.0,9.91,0.0,10.29,24.07
17,MAA,미드아메리카 아파트 커뮤니티,5,120,14,34,69,1.0,10.0,9.91,0.0,9.97,23.17
17,LH,랩코프 홀딩스,5,120,14,34,69,1.0,10.0,9.91,0.0,10.81,24.66
17,ARE,알렉산드리아 리얼에스테이트 이쿼티,5,120,14,34,69,1.0,10.0,9.91,0.0,7.44,24.6
17,BFb,브라운-포맨 Class B,5,120,14,34,69,1.0,10.0,9.91,0.0,9.97,22.73
17,CPT,캠든 프로퍼티 트러스트,5,120,14,34,69,1.0,10.0,9.91,0.0,10.05,23.46
17,REG.O,리젠시 센터스,5,120,14,34,69,1.0,10.0,9.91,8.45,8.38,28.14
17,DGX,퀘스트 다이아그노스틱스,5,120,14,34,69,1.0,10.0,9.91,0.0,10.54,22.98
17,NWS.O,뉴스 코퍼레이션 Class B,5,120,14,34,69,1.0,10.0,9.91,9.35,10.11,29.02
17,FRT,페더럴 리얼티 인베스트먼트 트러스트,5,120,14,34,69,1.0,10.0,9.91,5.69,5.88,26.43
17,EIX,에디슨 인터내셔널,5,120,14,34,69,1.0,10.0,9.91,0.0,8.81,23.92
17,PCAR.O,파카,5,120,14,34,69,1.0,10.0,9.91,0.0,11.84,27.57
17,WMT,월마트,5,120,14,34,69,1.0,10.0,9.91,6.07,7.62,26.15
17,XOM,엑슨 모빌,5,120,14,34,69,1.0,10.0,9.91,0.71,8.19,25.31
17,CVX,셰브론,5,120,14,34,69,1.0,10.0,9.91,45.47,9.54,27.06
17,DIS,월트 디즈니,5,120,14,34,69,1.0,10.0,9.91,0.0,11.6,26.11
17,CSCO.O,시스코 시스템즈,5,120,14,34,69,1.0,10.0,9.91,19.4,8.88,25.96
17,TGT,타겟,5,120,14,34,69,1.0,10.0,9.91,0.0,12.21,27.87
17,UPS,유나이티드 파셀 서비스,5,120,14,34,69,1.0,10.0,9.91,0.0,8.83,23.0
17,ELV,엘레반스 헬스,5,120,14,34,69,1.0,10.0,9.91,0.0,8.76,23.49
17,CVS,CVS 헬스,5,120,14,34,69,1.0,10.0,9.91,0.0,7.84,24.33
17,SRE,셈프라 에너지,5,120,14,34,69,1.0,10.0,9.91,0.0,7.02,25.36
17,ADM,아처 대니얼스 미들랜드,5,120,14,34,69,1.0,10.0,9.91,0.0,9.79,26.0
17,USB,U.S. 뱅코프,5,120,14,34,69,1.0,10.0,9.91,0.0,7.57,27.63
17,PSA,퍼블릭 스토리지,5,120,14,34,69,1.0,10.0,9.91,0.0,11.11,21.95
17,BG,번지 글로벌,5,120,14,34,69,1.0,10.0,9.91,163.6,9.56,28.73
17,DLR,디지털 리얼티 트러스트,5,120,14,34,69,1.0,10.0,9.91,27.55,10.63,26.75
17,GPC,제뉴인 파츠,5,120,14,34,69,1.0,10.0,9.91,0.0,11.9,24.24
17,O,리얼티 인컴,5,120,14,34,69,1.0,10.0,9.91,0.0,6.94,24.33
17,WELL.K,웰타워,5,120,14,34,69,1.0,10.0,9.91,0.0,11.26,29.08
17,FIS,피델리티 내셔널 인포메이션 서비스,5,120,14,34,69,1.0,10.0,9.91,27.06,11.43,26.93
17,CNP,센터포인트 에너지,5,120,14,34,69,1.0,10.0,9.91,40.96,8.9,24.49
17,SYY,시스코,5,120,14,34,69,1.0,10.0,9.91,0.0,10.04,26.41
17,EMR,에머슨 일렉트릭,5,120,14,34,69,1.0,10.0,9.91,0.0,10.04,26.3
17,OMC,옴니콤 그룹,5,120,14,34,69,1.0,10.0,9.91,12.83,10.3,24.92
17,PNC,PNC 파이낸셜 서비스,5,120,14,34,69,1.0,10.0,9.91,19.01,11.08,27.98
17,WMT,월마트,5,120,14,39,69,1.0,10.0,9.42,6.07,7.62,26.15
17,XOM,엑슨 모빌,5,120,14,39,69,1.0,10.0,9.42,0.71,8.19,25.31
17,FRT,페더럴 리얼티 인베스트먼트 트러스트,5,120,14,39,69,1.0,10.0,9.42,-3.62,5.88,26.43
17,HSIC.O,헨리 셰인,5,120,14,39,69,1.0,10.0,9.42,0.66,11.37,24.1
17,UDR,UDR,5,120,14,39,69,1.0,10.0,9.42,37.32,8.42,24.52
17,NTRS.O,노던 트러스트,5,120,14,39,69,1.0,10.0,9.42,25.46,8.06,28.0
17,GRMN.K,가민,5,120,14,39,69,1.0,10.0,9.42,0.0,10.64,26.54
17,TAP,몰슨 쿠어스 베버리지 Class B,5,120,14,39,69,1.0,10.0,9.42,-0.7,4.47,26.41
17,CHRW.O,CH 로빈슨 월드와이드,5,120,14,39,69,1.0,10.0,9.42,9.77,6.33,25.1
17,CCI,크라운 캐슬,5,120,14,39,69,1.0,10.0,9.42,-12.5,9.8,23.52
17,ZBH,짐머 바이오멧 홀딩스,5,120,14,39,69,1.0,10.0,9.42,-4.06,8.26,25.69
17,AVB,아발론베이 커뮤니티,5,120,14,39,69,1.0,10.0,9.42,40.76,8.2,23.49
17,CTSH.O,코그니전트 테크놀로지 솔루션,5,120,14,39,69,1.0,10.0,9.42,2.99,11.5,29.01
17,TROW.O,티 로웨 프라이스 그룹,5,120,14,39,69,1.0,10.0,9.42,9.6,11.0,28.49
17,L,로우스,5,120,14,39,69,1.0,10.0,9.42,10.33,8.25,23.49
17,INVH.K,인비테이션 홈스,5,120,14,39,69,1.0,10.0,9.42,0.0,12.09,26.31
17,DGX,퀘스트 다이아그노스틱스,5,120,14,39,69,1.0,10.0,9.42,26.86,10.54,22.98
17,EQR,에퀴티 레지덴셜,5,120,14,39,69,1.0,10.0,9.42,3.63,7.36,23.9
17,ALLE.K,얼리지언,5,120,14,39,69,1.0,10.0,9.42,0.0,12.13,25.97
17,IFF,인터내셔널 플레이버스 & 프레그런스,5,120,14,39,69,1.0,10.0,9.42,-7.44,9.43,26.71
17,ESS,에섹스 프로퍼티 트러스트,5,120,14,39,69,1.0,10.0,9.42,31.45,10.29,24.07
17,MAA,미드아메리카 아파트 커뮤니티,5,120,14,39,69,1.0,10.0,9.42,14.67,9.97,23.17
17,LH,랩코프 홀딩스,5,120,14,39,69,1.0,10.0,9.42,45.71,10.81,24.66
17,ARE,알렉산드리아 리얼에스테이트 이쿼티,5,120,14,39,69,1.0,10.0,9.42,0.0,7.44,24.6
17,BFb,브라운-포맨 Class B,5,120,14,39,69,1.0,10.0,9.42,-58.28,9.97,22.73
17,CPT,캠든 프로퍼티 트러스트,5,120,14,39,69,1.0,10.0,9.42,17.04,10.05,23.46
17,REG.O,리젠시 센터스,5,120,14,39,69,1.0,10.0,9.42,8.45,8.38,28.14
17,NWS.O,뉴스 코퍼레이션 Class B,5,120,14,39,69,1.0,10.0,9.42,6.53,10.11,29.02
17,BK,뱅크 오브 뉴욕 멜론,5,120,14,39,69,1.0,10.0,9.42,18.34,10.0,27.05
17,EXPD.K,익스페디터스 인터내셔널 오브 워싱턴,5,120,14,39,69,1.0,10.0,9.42,0.0,12.4,24.17
17,EIX,에디슨 인터내셔널,5,120,14,39,69,1.0,10.0,9.42,0.0,8.81,23.92
17,CAH,카디널 헬스,5,120,14,39,69,1.0,10.0,9.42,3.41,11.39,26.48
17,CVX,셰브론,5,120,14,39,69,1.0,10.0,9.42,8.82,9.54,27.06
17,PSA,퍼블릭 스토리지,5,120,14,39,69,1.0,10.0,9.42,0.0,11.11,21.95
17,DIS,월트 디즈니,5,120,14,39,69,1.0,10.0,9.42,-11.81,11.6,26.11
17,CSCO.O,시스코 시스템즈,5,120,14,39,69,1.0,10.0,9.42,19.4,8.88,25.96
17,TGT,타겟,5,120,14,39,69,1.0,10.0,9.42,33.36,12.21,27.87
17,UPS,유나이티드 파셀 서비스,5,120,14,39,69,1.0,10.0,9.42,36.87,8.83,23.0
17,ELV,엘레반스 헬스,5,120,14,39,69,1.0,10.0,9.42,20.87,8.76,23.49
17,CVS,CVS 헬스,5,120,14,39,69,1.0,10.0,9.42,9.09,7.84,24.33
17,ADM,아처 대니얼스 미들랜드,5,120,14,39,69,1.0,10.0,9.42,16.01,9.79,26.0
17,PCAR.O,파카,5,120,14,39,69,1.0,10.0,9.42,0.0,11.84,27.57
17,USB,U.S. 뱅코프,5,120,14,39,69,1.0,10.0,9.42,1.06,7.57,27.63
17,SRE,셈프라 에너지,5,120,14,39,69,1.0,10.0,9.42,8.44,7.02,25.36
17,BG,번지 글로벌,5,120,14,39,69,1.0,10.0,9.42,4.86,9.56,28.73
17,FIS,피델리티 내셔널 인포메이션 서비스,5,120,14,39,69,1.0,10.0,9.42,3.79,11.43,26.93
17,PNC,PNC 파이낸셜 서비스,5,120,14,39,69,1.0,10.0,9.42,23.05,11.08,27.98
17,DLR,디지털 리얼티 트러스트,5,120,14,39,69,1.0,10.0,9.42,27.84,10.63,26.75
17,EMR,에머슨 일렉트릭,5,120,14,39,69,1.0,10.0,9.42,17.8,10.04,26.3
17,SYY,시스코,5,120,14,39,69,1.0,10.0,9.42,0.0,10.04,26.41
17,CNP,센터포인트 에너지,5,120,14,39,69,1.0,10.0,9.42,18.16,8.9,24.49
17,OMC,옴니콤 그룹,5,120,14,39,69,1.0,10.0,9.42,14.82,10.3,24.92
17,WELL.K,웰타워,5,120,14,39,69,1.0,10.0,9.42,19.31,11.26,29.08
17,O,리얼티 인컴,5,120,14,39,69,1.0,10.0,9.42,0.0,6.94,24.33
17,GPC,제뉴인 파츠,5,120,14,39,69,1.0,10.0,9.42,13.29,11.9,24.24
17,BG,번지 글로벌,5,60,14,49,59,1.0,10.0,9.23,1.9,9.56,28.73
17,PSA,퍼블릭 스토리지,5,60,14,49,59,1.0,10.0,9.23,3.75,11.11,21.95
17,PNC,PNC 파이낸셜 서비스,5,60,14,49,59,1.0,10.0,9.23,26.29,11.08,27.98
17,OMC,옴니콤 그룹,5,60,14,49,59,1.0,10.0,9.23,20.98,10.3,24.92
17,EMR,에머슨 일렉트릭,5,60,14,49,59,1.0,10.0,9.23,15.74,10.04,26.3
17,SYY,시스코,5,60,14,49,59,1.0,10.0,9.23,13.52,10.04,26.41
17,CNP,센터포인트 에너지,5,60,14,49,59,1.0,10.0,9.23,3.54,8.9,24.49
17,FIS,피델리티 내셔널 인포메이션 서비스,5,60,14,49,59,1.0,10.0,9.23,2.31,11.43,26.93
17,WELL.K,웰타워,5,60,14,49,59,1.0,10.0,9.23,23.81,11.26,29.08
17,O,리얼티 인컴,5,60,14,49,59,1.0,10.0,9.23,6.61,6.94,24.33
17,GPC,제뉴인 파츠,5,60,14,49,59,1.0,10.0,9.23,11.12,11.9,24.24
17,DLR,디지털 리얼티 트러스트,5,60,14,49,59,1.0,10.0,9.23,4.15,10.63,26.75
17,CVX,셰브론,5,60,14,49,59,1.0,10.0,9.23,2.49,9.54,27.06
17,CAH,카디널 헬스,5,60,14,49,59,1.0,10.0,9.23,0.64,11.39,26.48
17,USB,U.S. 뱅코프,5,60,14,49,59,1.0,10.0,9.23,15.65,7.57,27.63
17,PCAR.O,파카,5,60,14,49,59,1.0,10.0,9.23,39.94,11.84,27.57
17,ADM,아처 대니얼스 미들랜드,5,60,14,49,59,1.0,10.0,9.23,3.61,9.79,26.0
17,SRE,셈프라 에너지,5,60,14,49,59,1.0,10.0,9.23,12.21,7.02,25.36
17,CVS,CVS 헬스,5,60,14,49,59,1.0,10.0,9.23,-5.55,7.84,24.33
17,ELV,엘레반스 헬스,5,60,14,49,59,1.0,10.0,9.23,21.73,8.76,23.49
17,UPS,유나이티드 파셀 서비스,5,60,14,49,59,1.0,10.0,9.23,4.3,8.83,23.0
17,TGT,타겟,5,60,14,49,59,1.0,10.0,9.23,8.44,12.21,27.87
17,CSCO.O,시스코 시스템즈,5,60,14,49,59,1.0,10.0,9.23,23.88,8.88,25.96
17,DIS,월트 디즈니,5,60,14,49,59,1.0,10.0,9.23,8.36,11.6,26.11
17,DGX,퀘스트 다이아그노스틱스,5,60,14,49,59,1.0,10.0,9.23,31.19,10.54,22.98
17,EIX,에디슨 인터내셔널,5,60,14,49,59,1.0,10.0,9.23,8.03,8.81,23.92
17,BK,뱅크 오브 뉴욕 멜론,5,60,14,49,59,1.0,10.0,9.23,12.15,10.0,27.05
17,UDR,UDR,5,60,14,49,59,1.0,10.0,9.23,7.71,8.42,24.52
17,NTRS.O,노던 트러스트,5,60,14,49,59,1.0,10.0,9.23,7.95,8.06,28.0
17,WMT,월마트,5,60,14,49,59,1.0,10.0,9.23,7.0,7.62,26.15
17,REG.O,리젠시 센터스,5,60,14,49,59,1.0,10.0,9.23,2.95,8.38,28.14
17,CPT,캠든 프로퍼티 트러스트,5,60,14,49,59,1.0,10.0,9.23,5.77,10.05,23.46
17,BFb,브라운-포맨 Class B,5,60,14,49,59,1.0,10.0,9.23,-12.0,9.97,22.73
17,ARE,알렉산드리아 리얼에스테이트 이쿼티,5,60,14,49,59,1.0,10.0,9.23,0.23,7.44,24.6
17,LH,랩코프 홀딩스,5,60,14,49,59,1.0,10.0,9.23,6.83,10.81,24.66
17,MAA,미드아메리카 아파트 커뮤니티,5,60,14,49,59,1.0,10.0,9.23,13.06,9.97,23.17
17,ESS,에섹스 프로퍼티 트러스트,5,60,14,49,59,1.0,10.0,9.23,8.23,10.29,24.07
17,IFF,인터내셔널 플레이버스 & 프레그런스,5,60,14,49,59,1.0,10.0,9.23,-2.13,9.43,26.71
17,ALLE.K,얼리지언,5,60,14,49,59,1.0,10.0,9.23,7.04,12.13,25.97
17,EQR,에퀴티 레지덴셜,5,60,14,49,59,1.0,10.0,9.23,4.28,7.36,23.9
17,INVH.K,인비테이션 홈스,5,60,14,49,59,1.0,10.0,9.23,18.85,12.09,26.31
17,HSIC.O,헨리 셰인,5,60,14,49,59,1.0,10.0,9.23,13.15,11.37,24.1
17,L,로우스,5,60,14,49,59,1.0,10.0,9.23,12.88,8.25,23.49
17,EXPD.K,익스페디터스 인터내셔널 오브 워싱턴,5,60,14,49,59,1.0,10.0,9.23,7.5,12.4,24.17
17,TROW.O,티 로웨 프라이스 그룹,5,60,14,49,59,1.0,10.0,9.23,2.98,11.0,28.49
17,CTSH.O,코그니전트 테크놀로지 솔루션,5,60,14,49,59,1.0,10.0,9.23,23.25,11.5,29.01
17,AVB,아발론베이 커뮤니티,5,60,14,49,59,1.0,10.0,9.23,12.58,8.2,23.49
17,ZBH,짐머 바이오멧 홀딩스,5,60,14,49,59,1.0,10.0,9.23,16.12,8.26,25.69
17,CCI,크라운 캐슬,5,60,14,49,59,1.0,10.0,9.23,-21.79,9.8,23.52
17,CHRW.O,CH 로빈슨 월드와이드,5,60,14,49,59,1.0,10.0,9.23,7.53,6.33,25.1
17,TAP,몰슨 쿠어스 베버리지 Class B,5,60,14,49,59,1.0,10.0,9.23,-3.54,4.47,26.41
17,GRMN.K,가민,5,60,14,49,59,1.0,10.0,9.23,33.2,10.64,26.54
17,XOM,엑슨 모빌,5,60,14,49,59,1.0,10.0,9.23,-1.97,8.19,25.31
17,FRT,페더럴 리얼티 인베스트먼트 트러스트,5,60,14,49,59,1.0,10.0,9.23,-1.62,5.88,26.43
17,NWS.O,뉴스 코퍼레이션 Class B,5,60,14,49,59,1.0,10.0,9.23,10.59,10.11,29.02
17,REG.O,리젠시 센터스,5,60,14,29,59,1.0,10.0,9.12,93.29,8.38,28.14
17,PNC,PNC 파이낸셜 서비스,5,60,14,29,59,1.0,10.0,9.12,58.87,11.08,27.98
17,OMC,옴니콤 그룹,5,60,14,29,59,1.0,10.0,9.12,117.92,10.3,24.92
17,EMR,에머슨 일렉트릭,5,60,14,29,59,1.0,10.0,9.12,15.25,10.04,26.3
17,SYY,시스코,5,60,14,29,59,1.0,10.0,9.12,0.0,10.04,26.41
17,CNP,센터포인트 에너지,5,60,14,29,59,1.0,10.0,9.12,0.0,8.9,24.49
17,FIS,피델리티 내셔널 인포메이션 서비스,5,60,14,29,59,1.0,10.0,9.12,0.0,11.43,26.93
17,WELL.K,웰타워,5,60,14,29,59,1.0,10.0,9.12,0.0,11.26,29.08
17,O,리얼티 인컴,5,60,14,29,59,1.0,10.0,9.12,0.0,6.94,24.33
17,GPC,제뉴인 파츠,5,60,14,29,59,1.0,10.0,9.12,0.0,11.9,24.24
17,DLR,디지털 리얼티 트러스트,5,60,14,29,59,1.0,10.0,9.12,0.0,10.63,26.75
17,BG,번지 글로벌,5,60,14,29,59,1.0,10.0,9.12,0.0,9.56,28.73
17,CAH,카디널 헬스,5,60,14,29,59,1.0,10.0,9.12,0.0,11.39,26.48
17,USB,U.S. 뱅코프,5,60,14,29,59,1.0,10.0,9.12,0.0,7.57,27.63
17,PCAR.O,파카,5,60,14,29,59,1.0,10.0,9.12,0.0,11.84,27.57
17,ADM,아처 대니얼스 미들랜드,5,60,14,29,59,1.0,10.0,9.12,0.0,9.79,26.0
17,SRE,셈프라 에너지,5,60,14,29,59,1.0,10.0,9.12,0.0,7.02,25.36
17,CVS,CVS 헬스,5,60,14,29,59,1.0,10.0,9.12,0.0,7.84,24.33
17,ELV,엘레반스 헬스,5,60,14,29,59,1.0,10.0,9.12,0.0,8.76,23.49
17,UPS,유나이티드 파셀 서비스,5,60,14,29,59,1.0,10.0,9.12,0.0,8.83,23.0
17,TGT,타겟,5,60,14,29,59,1.0,10.0,9.12,0.0,12.21,27.87
17,CSCO.O,시스코 시스템즈,5,60,14,29,59,1.0,10.0,9.12,24.7,8.88,25.96
17,DIS,월트 디즈니,5,60,14,29,59,1.0,10.0,9.12,0.0,11.6,26.11
17,CVX,셰브론,5,60,14,29,59,1.0,10.0,9.12,13.49,9.54,27.06
17,XOM,엑슨 모빌,5,60,14,29,59,1.0,10.0,9.12,84.41,8.19,25.31
17,WMT,월마트,5,60,14,29,59,1.0,10.0,9.12,2.78,7.62,26.15
17,FRT,페더럴 리얼티 인베스트먼트 트러스트,5,60,14,29,59,1.0,10.0,9.12,37.75,5.88,26.43
17,PSA,퍼블릭 스토리지,5,60,14,29,59,1.0,10.0,9.12,0.0,11.11,21.95
17,CPT,캠든 프로퍼티 트러스트,5,60,14,29,59,1.0,10.0,9.12,0.0,10.05,23.46
17,DGX,퀘스트 다이아그노스틱스,5,60,14,29,59,1.0,10.0,9.12,0.0,10.54,22.98
17,BFb,브라운-포맨 Class B,5,60,14,29,59,1.0,10.0,9.12,0.0,9.97,22.73
17,ARE,알렉산드리아 리얼에스테이트 이쿼티,5,60,14,29,59,1.0,10.0,9.12,0.0,7.44,24.6
17,LH,랩코프 홀딩스,5,60,14,29,59,1.0,10.0,9.12,0.0,10.81,24.66
17,MAA,미드아메리카 아파트 커뮤니티,5,60,14,29,59,1.0,10.0,9.12,0.0,9.97,23.17
17,ESS,에섹스 프로퍼티 트러스트,5,60,14,29,59,1.0,10.0,9.12,0.0,10.29,24.07
17,IFF,인터내셔널 플레이버스 & 프레그런스,5,60,14,29,59,1.0,10.0,9.12,0.0,9.43,26.71
17,ALLE.K,얼리지언,5,60,14,29,59,1.0,10.0,9.12,0.0,12.13,25.97
17,EQR,에퀴티 레지덴셜,5,60,14,29,59,1.0,10.0,9.12,0.0,7.36,23.9
17,INVH.K,인비테이션 홈스,5,60,14,29,59,1.0,10.0,9.12,0.0,12.09,26.31
17,HSIC.O,헨리 셰인,5,60,14,29,59,1.0,10.0,9.12,0.0,11.37,24.1
17,L,로우스,5,60,14,29,59,1.0,10.0,9.12,0.0,8.25,23.49
17,EXPD.K,익스페디터스 인터내셔널 오브 워싱턴,5,60,14,29,59,1.0,10.0,9.12,0.0,12.4,24.17
17,TROW.O,티 로웨 프라이스 그룹,5,60,14,29,59,1.0,10.0,9.12,0.0,11.0,28.49
17,CTSH.O,코그니전트 테크놀로지 솔루션,5,60,14,29,59,1.0,10.0,9.12,0.0,11.5,29.01
17,AVB,아발론베이 커뮤니티,5,60,14,29,59,1.0,10.0,9.12,0.0,8.2,23.49
17,ZBH,짐머 바이오멧 홀딩스,5,60,14,29,59,1.0,10.0,9.12,0.0,8.26,25.69
17,CCI,크라운 캐슬,5,60,14,29,59,1.0,10.0,9.12,0.0,9.8,23.52
17,CHRW.O,CH 로빈슨 월드와이드,5,60,14,29,59,1.0,10.0,9.12,8.82,6.33,25.1
17,TAP,몰슨 쿠어스 베버리지 Class B,5,60,14,29,59,1.0,10.0,9.12,-2.99,4.47,26.41
17,GRMN.K,가민,5,60,14,29,59,1.0,10.0,9.12,0.0,10.64,26.54
17,NTRS.O,노던 트러스트,5,60,14,29,59,1.0,10.0,9.12,26.16,8.06,28.0
17,UDR,UDR,5,60,14,29,59,1.0,10.0,9.12,0.0,8.42,24.52
17,BK,뱅크 오브 뉴욕 멜론,5,60,14,29,59,1.0,10.0,9.12,21.2,10.0,27.05
17,EIX,에디슨 인터내셔널,5,60,14,29,59,1.0,10.0,9.12,0.0,8.81,23.92
17,FRT,페더럴 리얼티 인베스트먼트 트러스트,5,60,14,39,79,1.0,10.0,9.12,-3.62,5.88,26.43
17,CPT,캠든 프로퍼티 트러스트,5,60,14,39,79,1.0,10.0,9.12,27.99,10.05,23.46
17,PSA,퍼블릭 스토리지,5,60,14,39,79,1.0,10.0,9.12,9.08,11.11,21.95
17,DGX,퀘스트 다이아그노스틱스,5,60,14,39,79,1.0,10.0,9.12,6.78,10.54,22.98
17,BK,뱅크 오브 뉴욕 멜론,5,60,14,39,79,1.0,10.0,9.12,8.49,10.0,27.05
17,UDR,UDR,5,60,14,39,79,1.0,10.0,9.12,3.65,8.42,24.52
17,NTRS.O,노던 트러스트,5,60,14,39,79,1.0,10.0,9.12,6.36,8.06,28.0
17,GRMN.K,가민,5,60,14,39,79,1.0,10.0,9.12,50.59,10.64,26.54
17,TAP,몰슨 쿠어스 베버리지 Class B,5,60,14,39,79,1.0,10.0,9.12,1.2,4.47,26.41
17,CHRW.O,CH 로빈슨 월드와이드,5,60,14,39,79,1.0,10.0,9.12,3.02,6.33,25.1
17,CCI,크라운 캐슬,5,60,14,39,79,1.0,10.0,9.12,-1.64,9.8,23.52
17,ZBH,짐머 바이오멧 홀딩스,5,60,14,39,79,1.0,10.0,9.12,-2.79,8.26,25.69
17,AVB,아발론베이 커뮤니티,5,60,14,39,79,1.0,10.0,9.12,6.22,8.2,23.49
17,TROW.O,티 로웨 프라이스 그룹,5,60,14,39,79,1.0,10.0,9.12,12.16,11.0,28.49
17,EXPD.K,익스페디터스 인터내셔널 오브 워싱턴,5,60,14,39,79,1.0,10.0,9.12,11.28,12.4,24.17
17,L,로우스,5,60,14,39,79,1.0,10.0,9.12,5.46,8.25,23.49
17,HSIC.O,헨리 셰인,5,60,14,39,79,1.0,10.0,9.12,1.88,11.37,24.1
17,INVH.K,인비테이션 홈스,5,60,14,39,79,1.0,10.0,9.12,63.38,12.09,26.31
17,EQR,에퀴티 레지덴셜,5,60,14,39,79,1.0,10.0,9.12,1.89,7.36,23.9
17,ALLE.K,얼리지언,5,60,14,39,79,1.0,10.0,9.12,6.43,12.13,25.97
17,IFF,인터내셔널 플레이버스 & 프레그런스,5,60,14,39,79,1.0,10.0,9.12,-6.12,9.43,26.71
17,ESS,에섹스 프로퍼티 트러스트,5,60,14,39,79,1.0,10.0,9.12,5.27,10.29,24.07
17,MAA,미드아메리카 아파트 커뮤니티,5,60,14,39,79,1.0,10.0,9.12,16.33,9.97,23.17
17,LH,랩코프 홀딩스,5,60,14,39,79,1.0,10.0,9.12,48.34,10.81,24.66
17,ARE,알렉산드리아 리얼에스테이트 이쿼티,5,60,14,39,79,1.0,10.0,9.12,4.04,7.44,24.6
17,BFb,브라운-포맨 Class B,5,60,14,39,79,1.0,10.0,9.12,-54.39,9.97,22.73
17,REG.O,리젠시 센터스,5,60,14,39,79,1.0,10.0,9.12,3.75,8.38,28.14
17,NWS.O,뉴스 코퍼레이션 Class B,5,60,14,39,79,1.0,10.0,9.12,6.82,10.11,29.02
17,EIX,에디슨 인터내셔널,5,60,14,39,79,1.0,10.0,9.12,1.69,8.81,23.92
17,CTSH.O,코그니전트 테크놀로지 솔루션,5,60,14,39,79,1.0,10.0,9.12,7.74,11.5,29.01
17,PNC,PNC 파이낸셜 서비스,5,60,14,39,79,1.0,10.0,9.12,19.5,11.08,27.98
17,PCAR.O,파카,5,60,14,39,79,1.0,10.0,9.12,9.0,11.84,27.57
17,NWS.O,뉴스 코퍼레이션 Class B,5,60,14,29,59,1.0,10.0,9.12,0.0,10.11,29.02
17,OMC,옴니콤 그룹,5,60,14,39,79,1.0,10.0,9.12,6.02,10.3,24.92
17,WMT,월마트,5,60,14,39,79,1.0,10.0,9.12,9.41,7.62,26.15
17,XOM,엑슨 모빌,5,60,14,39,79,1.0,10.0,9.12,4.18,8.19,25.31
17,CVX,셰브론,5,60,14,39,79,1.0,10.0,9.12,6.61,9.54,27.06
17,DIS,월트 디즈니,5,60,14,39,79,1.0,10.0,9.12,17.17,11.6,26.11
17,CSCO.O,시스코 시스템즈,5,60,14,39,79,1.0,10.0,9.12,11.31,8.88,25.96
17,TGT,타겟,5,60,14,39,79,1.0,10.0,9.12,32.3,12.21,27.87
17,ELV,엘레반스 헬스,5,60,14,39,79,1.0,10.0,9.12,20.87,8.76,23.49
17,CVS,CVS 헬스,5,60,14,39,79,1.0,10.0,9.12,-4.85,7.84,24.33
17,SRE,셈프라 에너지,5,60,14,39,79,1.0,10.0,9.12,6.02,7.02,25.36
17,ADM,아처 대니얼스 미들랜드,5,60,14,39,79,1.0,10.0,9.12,11.73,9.79,26.0
17,UPS,유나이티드 파셀 서비스,5,60,14,39,79,1.0,10.0,9.12,21.07,8.83,23.0
17,USB,U.S. 뱅코프,5,60,14,39,79,1.0,10.0,9.12,1.64,7.57,27.63
17,O,리얼티 인컴,5,60,14,39,79,1.0,10.0,9.12,0.54,6.94,24.33
17,SYY,시스코,5,60,14,39,79,1.0,10.0,9.12,7.47,10.04,26.41
17,CNP,센터포인트 에너지,5,60,14,39,79,1.0,10.0,9.12,5.07,8.9,24.49
17,FIS,피델리티 내셔널 인포메이션 서비스,5,60,14,39,79,1.0,10.0,9.12,10.53,11.43,26.93
17,WELL.K,웰타워,5,60,14,39,79,1.0,10.0,9.12,11.13,11.26,29.08
17,EMR,에머슨 일렉트릭,5,60,14,39,79,1.0,10.0,9.12,6.77,10.04,26.3
17,GPC,제뉴인 파츠,5,60,14,39,79,1.0,10.0,9.12,6.46,11.9,24.24
17,BG,번지 글로벌,5,60,14,39,79,1.0,10.0,9.12,8.36,9.56,28.73
17,CAH,카디널 헬스,5,60,14,39,79,1.0,10.0,9.12,6.51,11.39,26.48
17,DLR,디지털 리얼티 트러스트,5,60,14,39,79,1.0,10.0,9.12,15.57,10.63,26.75
17,CHRW.O,CH 로빈슨 월드와이드,5,120,14,49,69,1.0,10.0,8.82,2.14,6.33,25.1
17,TROW.O,티 로웨 프라이스 그룹,5,120,14,49,69,1.0,10.0,8.82,11.42,11.0,28.49
17,CTSH.O,코그니전트 테크놀로지 솔루션,5,120,14,49,69,1.0,10.0,8.82,10.12,11.5,29.01
17,AVB,아발론베이 커뮤니티,5,120,14,49,69,1.0,10.0,8.82,7.92,8.2,23.49
17,ZBH,짐머 바이오멧 홀딩스,5,120,14,49,69,1.0,10.0,8.82,7.48,8.26,25.69
17,CCI,크라운 캐슬,5,120,14,49,69,1.0,10.0,8.82,-16.1,9.8,23.52
17,GRMN.K,가민,5,120,14,49,69,1.0,10.0,8.82,82.66,10.64,26.54
17,TAP,몰슨 쿠어스 베버리지 Class B,5,120,14,49,69,1.0,10.0,8.82,-1.15,4.47,26.41
17,NTRS.O,노던 트러스트,5,120,14,49,69,1.0,10.0,8.82,8.43,8.06,28.0
17,UDR,UDR,5,120,14,49,69,1.0,10.0,8.82,13.16,8.42,24.52
17,BK,뱅크 오브 뉴욕 멜론,5,120,14,49,69,1.0,10.0,8.82,11.23,10.0,27.05
17,L,로우스,5,120,14,49,69,1.0,10.0,8.82,4.6,8.25,23.49
17,EXPD.K,익스페디터스 인터내셔널 오브 워싱턴,5,120,14,49,69,1.0,10.0,8.82,5.55,12.4,24.17
17,CPT,캠든 프로퍼티 트러스트,5,120,14,49,69,1.0,10.0,8.82,9.52,10.05,23.46
17,HSIC.O,헨리 셰인,5,120,14,49,69,1.0,10.0,8.82,0.66,11.37,24.1
17,INVH.K,인비테이션 홈스,5,120,14,49,69,1.0,10.0,8.82,11.28,12.09,26.31
17,EQR,에퀴티 레지덴셜,5,120,14,49,69,1.0,10.0,8.82,8.38,7.36,23.9
17,ALLE.K,얼리지언,5,120,14,49,69,1.0,10.0,8.82,2.81,12.13,25.97
17,IFF,인터내셔널 플레이버스 & 프레그런스,5,120,14,49,69,1.0,10.0,8.82,-2.0,9.43,26.71
17,ESS,에섹스 프로퍼티 트러스트,5,120,14,49,69,1.0,10.0,8.82,29.26,10.29,24.07
17,MAA,미드아메리카 아파트 커뮤니티,5,120,14,49,69,1.0,10.0,8.82,10.2,9.97,23.17
17,LH,랩코프 홀딩스,5,120,14,49,69,1.0,10.0,8.82,11.64,10.81,24.66
17,ARE,알렉산드리아 리얼에스테이트 이쿼티,5,120,14,49,69,1.0,10.0,8.82,9.85,7.44,24.6
17,BFb,브라운-포맨 Class B,5,120,14,49,69,1.0,10.0,8.82,-7.84,9.97,22.73
17,REG.O,리젠시 센터스,5,120,14,49,69,1.0,10.0,8.82,3.28,8.38,28.14
17,EIX,에디슨 인터내셔널,5,120,14,49,69,1.0,10.0,8.82,2.36,8.81,23.92
17,DGX,퀘스트 다이아그노스틱스,5,120,14,49,69,1.0,10.0,8.82,12.88,10.54,22.98
17,XOM,엑슨 모빌,5,120,14,49,69,1.0,10.0,8.82,0.71,8.19,25.31
17,PSA,퍼블릭 스토리지,5,120,14,49,69,1.0,10.0,8.82,9.17,11.11,21.95
17,PCAR.O,파카,5,120,14,49,69,1.0,10.0,8.82,10.86,11.84,27.57
17,FRT,페더럴 리얼티 인베스트먼트 트러스트,5,120,14,49,69,1.0,10.0,8.82,-4.12,5.88,26.43
17,WMT,월마트,5,120,14,49,69,1.0,10.0,8.82,12.15,7.62,26.15
17,CVX,셰브론,5,120,14,49,69,1.0,10.0,8.82,3.96,9.54,27.06
17,DIS,월트 디즈니,5,120,14,49,69,1.0,10.0,8.82,5.5,11.6,26.11
17,CSCO.O,시스코 시스템즈,5,120,14,49,69,1.0,10.0,8.82,11.22,8.88,25.96
17,TGT,타겟,5,120,14,49,69,1.0,10.0,8.82,11.17,12.21,27.87
17,UPS,유나이티드 파셀 서비스,5,120,14,49,69,1.0,10.0,8.82,5.43,8.83,23.0
17,ELV,엘레반스 헬스,5,120,14,49,69,1.0,10.0,8.82,20.87,8.76,23.49
17,CVS,CVS 헬스,5,120,14,49,69,1.0,10.0,8.82,-1.1,7.84,24.33
17,SRE,셈프라 에너지,5,120,14,49,69,1.0,10.0,8.82,10.37,7.02,25.36
17,ADM,아처 대니얼스 미들랜드,5,120,14,49,69,1.0,10.0,8.82,10.6,9.79,26.0
17,USB,U.S. 뱅코프,5,120,14,49,69,1.0,10.0,8.82,3.25,7.57,27.63
17,PNC,PNC 파이낸셜 서비스,5,120,14,49,69,1.0,10.0,8.82,14.81,11.08,27.98
17,CAH,카디널 헬스,5,120,14,49,69,1.0,10.0,8.82,4.21,11.39,26.48
17,BG,번지 글로벌,5,120,14,49,69,1.0,10.0,8.82,3.25,9.56,28.73
17,DLR,디지털 리얼티 트러스트,5,120,14,49,69,1.0,10.0,8.82,27.84,10.63,26.75
17,GPC,제뉴인 파츠,5,120,14,49,69,1.0,10.0,8.82,8.5,11.9,24.24
17,O,리얼티 인컴,5,120,14,49,69,1.0,10.0,8.82,8.96,6.94,24.33
17,WELL.K,웰타워,5,120,14,49,69,1.0,10.0,8.82,15.37,11.26,29.08
17,FIS,피델리티 내셔널 인포메이션 서비스,5,120,14,49,69,1.0,10.0,8.82,-4.8,11.43,26.93
17,CNP,센터포인트 에너지,5,120,14,49,69,1.0,10.0,8.82,7.29,8.9,24.49
17,SYY,시스코,5,120,14,49,69,1.0,10.0,8.82,7.98,10.04,26.41
17,EMR,에머슨 일렉트릭,5,120,14,49,69,1.0,10.0,8.82,14.95,10.04,26.3
17,OMC,옴니콤 그룹,5,120,14,49,69,1.0,10.0,8.82,4.71,10.3,24.92
17,NWS.O,뉴스 코퍼레이션 Class B,5,120,14,49,69,1.0,10.0,8.82,12.32,10.11,29.02
17,WMT,월마트,5,60,14,49,64,1.0,10.0,8.71,8.73,7.62,26.15
17,CVX,셰브론,5,60,14,49,64,1.0,10.0,8.71,3.98,9.54,27.06
17,GPC,제뉴인 파츠,5,60,14,49,64,1.0,10.0,8.71,6.86,11.9,24.24
17,DGX,퀘스트 다이아그노스틱스,5,60,14,49,64,1.0,10.0,8.71,20.78,10.54,22.98
17,EIX,에디슨 인터내셔널,5,60,14,49,64,1.0,10.0,8.71,1.69,8.81,23.92
17,PSA,퍼블릭 스토리지,5,60,14,49,64,1.0,10.0,8.71,7.89,11.11,21.95
17,PNC,PNC 파이낸셜 서비스,5,60,14,49,64,1.0,10.0,8.71,19.06,11.08,27.98
17,OMC,옴니콤 그룹,5,60,14,49,64,1.0,10.0,8.71,11.49,10.3,24.92
17,EMR,에머슨 일렉트릭,5,60,14,49,64,1.0,10.0,8.71,11.59,10.04,26.3
17,SYY,시스코,5,60,14,49,64,1.0,10.0,8.71,9.76,10.04,26.41
17,CNP,센터포인트 에너지,5,60,14,49,64,1.0,10.0,8.71,6.8,8.9,24.49
17,FIS,피델리티 내셔널 인포메이션 서비스,5,60,14,49,64,1.0,10.0,8.71,-3.83,11.43,26.93
17,WELL.K,웰타워,5,60,14,49,64,1.0,10.0,8.71,21.5,11.26,29.08
17,O,리얼티 인컴,5,60,14,49,64,1.0,10.0,8.71,6.61,6.94,24.33
17,DLR,디지털 리얼티 트러스트,5,60,14,49,64,1.0,10.0,8.71,7.34,10.63,26.75
17,DIS,월트 디즈니,5,60,14,49,64,1.0,10.0,8.71,16.12,11.6,26.11
17,BG,번지 글로벌,5,60,14,49,64,1.0,10.0,8.71,4.53,9.56,28.73
17,CAH,카디널 헬스,5,60,14,49,64,1.0,10.0,8.71,1.51,11.39,26.48
17,USB,U.S. 뱅코프,5,60,14,49,64,1.0,10.0,8.71,5.73,7.57,27.63
17,PCAR.O,파카,5,60,14,49,64,1.0,10.0,8.71,32.46,11.84,27.57
17,ADM,아처 대니얼스 미들랜드,5,60,14,49,64,1.0,10.0,8.71,7.12,9.79,26.0
17,SRE,셈프라 에너지,5,60,14,49,64,1.0,10.0,8.71,10.33,7.02,25.36
17,CVS,CVS 헬스,5,60,14,49,64,1.0,10.0,8.71,-3.39,7.84,24.33
17,ELV,엘레반스 헬스,5,60,14,49,64,1.0,10.0,8.71,23.41,8.76,23.49
17,UPS,유나이티드 파셀 서비스,5,60,14,49,64,1.0,10.0,8.71,6.09,8.83,23.0
17,TGT,타겟,5,60,14,49,64,1.0,10.0,8.71,14.29,12.21,27.87
17,XOM,엑슨 모빌,5,60,14,49,64,1.0,10.0,8.71,-2.92,8.19,25.31
17,BK,뱅크 오브 뉴욕 멜론,5,60,14,49,64,1.0,10.0,8.71,14.67,10.0,27.05
17,UDR,UDR,5,60,14,49,64,1.0,10.0,8.71,7.02,8.42,24.52
17,NTRS.O,노던 트러스트,5,60,14,49,64,1.0,10.0,8.71,11.4,8.06,28.0
17,GRMN.K,가민,5,60,14,49,64,1.0,10.0,8.71,34.76,10.64,26.54
17,NWS.O,뉴스 코퍼레이션 Class B,5,60,14,49,64,1.0,10.0,8.71,13.89,10.11,29.02
17,FRT,페더럴 리얼티 인베스트먼트 트러스트,5,60,14,49,64,1.0,10.0,8.71,0.74,5.88,26.43
17,REG.O,리젠시 센터스,5,60,14,49,64,1.0,10.0,8.71,5.78,8.38,28.14
17,CPT,캠든 프로퍼티 트러스트,5,60,14,49,64,1.0,10.0,8.71,9.72,10.05,23.46
17,BFb,브라운-포맨 Class B,5,60,14,49,64,1.0,10.0,8.71,-7.87,9.97,22.73
17,ARE,알렉산드리아 리얼에스테이트 이쿼티,5,60,14,49,64,1.0,10.0,8.71,6.11,7.44,24.6
17,LH,랩코프 홀딩스,5,60,14,49,64,1.0,10.0,8.71,10.41,10.81,24.66
17,MAA,미드아메리카 아파트 커뮤니티,5,60,14,49,64,1.0,10.0,8.71,9.44,9.97,23.17
17,ESS,에섹스 프로퍼티 트러스트,5,60,14,49,64,1.0,10.0,8.71,13.38,10.29,24.07
17,IFF,인터내셔널 플레이버스 & 프레그런스,5,60,14,49,64,1.0,10.0,8.71,-2.26,9.43,26.71
17,ALLE.K,얼리지언,5,60,14,49,64,1.0,10.0,8.71,-0.42,12.13,25.97
17,EQR,에퀴티 레지덴셜,5,60,14,49,64,1.0,10.0,8.71,4.96,7.36,23.9
17,INVH.K,인비테이션 홈스,5,60,14,49,64,1.0,10.0,8.71,20.86,12.09,26.31
17,HSIC.O,헨리 셰인,5,60,14,49,64,1.0,10.0,8.71,4.9,11.37,24.1
17,L,로우스,5,60,14,49,64,1.0,10.0,8.71,17.27,8.25,23.49
17,EXPD.K,익스페디터스 인터내셔널 오브 워싱턴,5,60,14,49,64,1.0,10.0,8.71,6.74,12.4,24.17
17,TROW.O,티 로웨 프라이스 그룹,5,60,14,49,64,1.0,10.0,8.71,7.04,11.0,28.49
17,CTSH.O,코그니전트 테크놀로지 솔루션,5,60,14,49,64,1.0,10.0,8.71,10.35,11.5,29.01
17,AVB,아발론베이 커뮤니티,5,60,14,49,64,1.0,10.0,8.71,9.71,8.2,23.49
17,ZBH,짐머 바이오멧 홀딩스,5,60,14,49,64,1.0,10.0,8.71,12.38,8.26,25.69
17,CCI,크라운 캐슬,5,60,14,49,64,1.0,10.0,8.71,-18.85,9.8,23.52
17,CHRW.O,CH 로빈슨 월드와이드,5,60,14,49,64,1.0,10.0,8.71,5.34,6.33,25.1
17,TAP,몰슨 쿠어스 베버리지 Class B,5,60,14,49,64,1.0,10.0,8.71,-1.86,4.47,26.41
17,CSCO.O,시스코 시스템즈,5,60,14,49,64,1.0,10.0,8.71,17.85,8.88,25.96
17,XOM,엑슨 모빌,5,120,14,44,69,1.0,10.0,8.4,0.71,8.19,25.31
17,CVX,셰브론,5,120,14,44,69,1.0,10.0,8.4,3.96,9.54,27.06
17,CSCO.O,시스코 시스템즈,5,120,14,44,69,1.0,10.0,8.4,13.14,8.88,25.96
17,GRMN.K,가민,5,120,14,44,69,1.0,10.0,8.4,84.21,10.64,26.54
17,TAP,몰슨 쿠어스 베버리지 Class B,5,120,14,44,69,1.0,10.0,8.4,-1.15,4.47,26.41
17,CHRW.O,CH 로빈슨 월드와이드,5,120,14,44,69,1.0,10.0,8.4,6.86,6.33,25.1
17,CCI,크라운 캐슬,5,120,14,44,69,1.0,10.0,8.4,-26.32,9.8,23.52
17,ZBH,짐머 바이오멧 홀딩스,5,120,14,44,69,1.0,10.0,8.4,-4.06,8.26,25.69
17,AVB,아발론베이 커뮤니티,5,120,14,44,69,1.0,10.0,8.4,23.78,8.2,23.49
17,CTSH.O,코그니전트 테크놀로지 솔루션,5,120,14,44,69,1.0,10.0,8.4,1.78,11.5,29.01
17,TROW.O,티 로웨 프라이스 그룹,5,120,14,44,69,1.0,10.0,8.4,5.84,11.0,28.49
17,EXPD.K,익스페디터스 인터내셔널 오브 워싱턴,5,120,14,44,69,1.0,10.0,8.4,4.77,12.4,24.17
17,L,로우스,5,120,14,44,69,1.0,10.0,8.4,10.33,8.25,23.49
17,HSIC.O,헨리 셰인,5,120,14,44,69,1.0,10.0,8.4,0.66,11.37,24.1
17,INVH.K,인비테이션 홈스,5,120,14,44,69,1.0,10.0,8.4,0.0,12.09,26.31
17,EQR,에퀴티 레지덴셜,5,120,14,44,69,1.0,10.0,8.4,9.6,7.36,23.9
17,ALLE.K,얼리지언,5,120,14,44,69,1.0,10.0,8.4,0.0,12.13,25.97
17,IFF,인터내셔널 플레이버스 & 프레그런스,5,120,14,44,69,1.0,10.0,8.4,-7.44,9.43,26.71
17,ESS,에섹스 프로퍼티 트러스트,5,120,14,44,69,1.0,10.0,8.4,25.73,10.29,24.07
17,MAA,미드아메리카 아파트 커뮤니티,5,120,14,44,69,1.0,10.0,8.4,14.0,9.97,23.17
17,LH,랩코프 홀딩스,5,120,14,44,69,1.0,10.0,8.4,19.21,10.81,24.66
17,ARE,알렉산드리아 리얼에스테이트 이쿼티,5,120,14,44,69,1.0,10.0,8.4,2.02,7.44,24.6
17,BFb,브라운-포맨 Class B,5,120,14,44,69,1.0,10.0,8.4,-33.3,9.97,22.73
17,CPT,캠든 프로퍼티 트러스트,5,120,14,44,69,1.0,10.0,8.4,-4.55,10.05,23.46
17,REG.O,리젠시 센터스,5,120,14,44,69,1.0,10.0,8.4,-1.16,8.38,28.14
17,FRT,페더럴 리얼티 인베스트먼트 트러스트,5,120,14,44,69,1.0,10.0,8.4,-4.12,5.88,26.43
17,NTRS.O,노던 트러스트,5,120,14,44,69,1.0,10.0,8.4,5.16,8.06,28.0
17,UDR,UDR,5,120,14,44,69,1.0,10.0,8.4,18.03,8.42,24.52
17,BK,뱅크 오브 뉴욕 멜론,5,120,14,44,69,1.0,10.0,8.4,12.15,10.0,27.05
17,DLR,디지털 리얼티 트러스트,5,120,14,44,69,1.0,10.0,8.4,27.84,10.63,26.75
17,TGT,타겟,5,120,14,44,69,1.0,10.0,8.4,16.3,12.21,27.87
17,UPS,유나이티드 파셀 서비스,5,120,14,44,69,1.0,10.0,8.4,2.55,8.83,23.0
17,ELV,엘레반스 헬스,5,120,14,44,69,1.0,10.0,8.4,20.87,8.76,23.49
17,CVS,CVS 헬스,5,120,14,44,69,1.0,10.0,8.4,-1.1,7.84,24.33
17,SRE,셈프라 에너지,5,120,14,44,69,1.0,10.0,8.4,11.24,7.02,25.36
17,ADM,아처 대니얼스 미들랜드,5,120,14,44,69,1.0,10.0,8.4,10.66,9.79,26.0
17,PCAR.O,파카,5,120,14,44,69,1.0,10.0,8.4,11.86,11.84,27.57
17,USB,U.S. 뱅코프,5,120,14,44,69,1.0,10.0,8.4,1.06,7.57,27.63
17,CAH,카디널 헬스,5,120,14,44,69,1.0,10.0,8.4,3.41,11.39,26.48
17,BG,번지 글로벌,5,120,14,44,69,1.0,10.0,8.4,4.86,9.56,28.73
17,GPC,제뉴인 파츠,5,120,14,44,69,1.0,10.0,8.4,13.29,11.9,24.24
17,DGX,퀘스트 다이아그노스틱스,5,120,14,44,69,1.0,10.0,8.4,28.9,10.54,22.98
17,O,리얼티 인컴,5,120,14,44,69,1.0,10.0,8.4,12.16,6.94,24.33
17,WELL.K,웰타워,5,120,14,44,69,1.0,10.0,8.4,24.42,11.26,29.08
17,FIS,피델리티 내셔널 인포메이션 서비스,5,120,14,44,69,1.0,10.0,8.4,2.92,11.43,26.93
17,CNP,센터포인트 에너지,5,120,14,44,69,1.0,10.0,8.4,18.16,8.9,24.49
17,SYY,시스코,5,120,14,44,69,1.0,10.0,8.4,8.87,10.04,26.41
17,EMR,에머슨 일렉트릭,5,120,14,44,69,1.0,10.0,8.4,18.73,10.04,26.3
17,OMC,옴니콤 그룹,5,120,14,44,69,1.0,10.0,8.4,5.82,10.3,24.92
17,PNC,PNC 파이낸셜 서비스,5,120,14,44,69,1.0,10.0,8.4,22.0,11.08,27.98
17,PSA,퍼블릭 스토리지,5,120,14,44,69,1.0,10.0,8.4,8.32,11.11,21.95
17,EIX,에디슨 인터내셔널,5,120,14,44,69,1.0,10.0,8.4,2.36,8.81,23.92
17,DIS,월트 디즈니,5,120,14,44,69,1.0,10.0,8.4,-11.81,11.6,26.11
17,NWS.O,뉴스 코퍼레이션 Class B,5,120,14,44,69,1.0,10.0,8.4,12.32,10.11,29.02
17,WMT,월마트,5,120,14,44,69,1.0,10.0,8.4,6.07,7.62,26.15
17,NWS.O,뉴스 코퍼레이션 Class B,5,60,14,34,79,1.0,10.0,8.06,8.3,10.11,29.02
17,CAH,카디널 헬스,5,60,14,34,79,1.0,10.0,8.06,0.0,11.39,26.48
17,PNC,PNC 파이낸셜 서비스,5,60,14,34,79,1.0,10.0,8.06,19.27,11.08,27.98
17,OMC,옴니콤 그룹,5,60,14,34,79,1.0,10.0,8.06,12.15,10.3,24.92
17,EMR,에머슨 일렉트릭,5,60,14,34,79,1.0,10.0,8.06,6.77,10.04,26.3
17,SYY,시스코,5,60,14,34,79,1.0,10.0,8.06,0.0,10.04,26.41
17,CNP,센터포인트 에너지,5,60,14,34,79,1.0,10.0,8.06,5.77,8.9,24.49
17,FIS,피델리티 내셔널 인포메이션 서비스,5,60,14,34,79,1.0,10.0,8.06,35.09,11.43,26.93
17,WELL.K,웰타워,5,60,14,34,79,1.0,10.0,8.06,11.13,11.26,29.08
17,O,리얼티 인컴,5,60,14,34,79,1.0,10.0,8.06,0.54,6.94,24.33
17,GPC,제뉴인 파츠,5,60,14,34,79,1.0,10.0,8.06,0.0,11.9,24.24
17,DLR,디지털 리얼티 트러스트,5,60,14,34,79,1.0,10.0,8.06,37.18,10.63,26.75
17,BG,번지 글로벌,5,60,14,34,79,1.0,10.0,8.06,28.32,9.56,28.73
17,USB,U.S. 뱅코프,5,60,14,34,79,1.0,10.0,8.06,19.95,7.57,27.63
17,CVX,셰브론,5,60,14,34,79,1.0,10.0,8.06,6.61,9.54,27.06
17,PCAR.O,파카,5,60,14,34,79,1.0,10.0,8.06,9.0,11.84,27.57
17,ADM,아처 대니얼스 미들랜드,5,60,14,34,79,1.0,10.0,8.06,0.0,9.79,26.0
17,SRE,셈프라 에너지,5,60,14,34,79,1.0,10.0,8.06,5.81,7.02,25.36
17,CVS,CVS 헬스,5,60,14,34,79,1.0,10.0,8.06,0.0,7.84,24.33
17,ELV,엘레반스 헬스,5,60,14,34,79,1.0,10.0,8.06,0.0,8.76,23.49
17,UPS,유나이티드 파셀 서비스,5,60,14,34,79,1.0,10.0,8.06,0.0,8.83,23.0
17,TGT,타겟,5,60,14,34,79,1.0,10.0,8.06,41.44,12.21,27.87
17,CSCO.O,시스코 시스템즈,5,60,14,34,79,1.0,10.0,8.06,16.6,8.88,25.96
17,DIS,월트 디즈니,5,60,14,34,79,1.0,10.0,8.06,17.17,11.6,26.11
17,FRT,페더럴 리얼티 인베스트먼트 트러스트,5,60,14,34,79,1.0,10.0,8.06,5.82,5.88,26.43
17,WMT,월마트,5,60,14,34,79,1.0,10.0,8.06,9.41,7.62,26.15
17,PSA,퍼블릭 스토리지,5,60,14,34,79,1.0,10.0,8.06,0.0,11.11,21.95
17,EIX,에디슨 인터내셔널,5,60,14,34,79,1.0,10.0,8.06,0.0,8.81,23.92
17,DGX,퀘스트 다이아그노스틱스,5,60,14,34,79,1.0,10.0,8.06,0.0,10.54,22.98
17,HSIC.O,헨리 셰인,5,60,14,34,79,1.0,10.0,8.06,0.0,11.37,24.1
17,REG.O,리젠시 센터스,5,60,14,34,79,1.0,10.0,8.06,7.6,8.38,28.14
17,CPT,캠든 프로퍼티 트러스트,5,60,14,34,79,1.0,10.0,8.06,0.0,10.05,23.46
17,BFb,브라운-포맨 Class B,5,60,14,34,79,1.0,10.0,8.06,0.0,9.97,22.73
17,ARE,알렉산드리아 리얼에스테이트 이쿼티,5,60,14,34,79,1.0,10.0,8.06,19.54,7.44,24.6
17,LH,랩코프 홀딩스,5,60,14,34,79,1.0,10.0,8.06,0.0,10.81,24.66
17,MAA,미드아메리카 아파트 커뮤니티,5,60,14,34,79,1.0,10.0,8.06,0.0,9.97,23.17
17,ESS,에섹스 프로퍼티 트러스트,5,60,14,34,79,1.0,10.0,8.06,0.0,10.29,24.07
17,IFF,인터내셔널 플레이버스 & 프레그런스,5,60,14,34,79,1.0,10.0,8.06,63.08,9.43,26.71
17,ALLE.K,얼리지언,5,60,14,34,79,1.0,10.0,8.06,0.0,12.13,25.97
17,EQR,에퀴티 레지덴셜,5,60,14,34,79,1.0,10.0,8.06,5.18,7.36,23.9
17,INVH.K,인비테이션 홈스,5,60,14,34,79,1.0,10.0,8.06,0.0,12.09,26.31
17,L,로우스,5,60,14,34,79,1.0,10.0,8.06,20.28,8.25,23.49
17,BK,뱅크 오브 뉴욕 멜론,5,60,14,34,79,1.0,10.0,8.06,8.49,10.0,27.05
17,EXPD.K,익스페디터스 인터내셔널 오브 워싱턴,5,60,14,34,79,1.0,10.0,8.06,0.0,12.4,24.17
17,TROW.O,티 로웨 프라이스 그룹,5,60,14,34,79,1.0,10.0,8.06,0.0,11.0,28.49
17,CTSH.O,코그니전트 테크놀로지 솔루션,5,60,14,34,79,1.0,10.0,8.06,0.0,11.5,29.01
17,AVB,아발론베이 커뮤니티,5,60,14,34,79,1.0,10.0,8.06,5.93,8.2,23.49
17,ZBH,짐머 바이오멧 홀딩스,5,60,14,34,79,1.0,10.0,8.06,0.0,8.26,25.69
17,CCI,크라운 캐슬,5,60,14,34,79,1.0,10.0,8.06,-1.64,9.8,23.52
17,CHRW.O,CH 로빈슨 월드와이드,5,60,14,34,79,1.0,10.0,8.06,3.02,6.33,25.1
17,TAP,몰슨 쿠어스 베버리지 Class B,5,60,14,34,79,1.0,10.0,8.06,1.2,4.47,26.41
17,GRMN.K,가민,5,60,14,34,79,1.0,10.0,8.06,0.0,10.64,26.54
17,NTRS.O,노던 트러스트,5,60,14,34,79,1.0,10.0,8.06,6.36,8.06,28.0
17,UDR,UDR,5,60,14,34,79,1.0,10.0,8.06,3.65,8.42,24.52
17,XOM,엑슨 모빌,5,60,14,34,79,1.0,10.0,8.06,4.18,8.19,25.31
17,WMT,월마트,5,120,14,49,74,1.0,10.0,7.97,14.98,7.62,26.15
17,CSCO.O,시스코 시스템즈,5,120,14,49,74,1.0,10.0,7.97,9.75,8.88,25.96
17,TGT,타겟,5,120,14,49,74,1.0,10.0,7.97,7.75,12.21,27.87
17,TAP,몰슨 쿠어스 베버리지 Class B,5,120,14,49,74,1.0,10.0,7.97,0.19,4.47,26.41
17,CHRW.O,CH 로빈슨 월드와이드,5,120,14,49,74,1.0,10.0,7.97,0.99,6.33,25.1
17,CCI,크라운 캐슬,5,120,14,49,74,1.0,10.0,7.97,-12.37,9.8,23.52
17,ZBH,짐머 바이오멧 홀딩스,5,120,14,49,74,1.0,10.0,7.97,6.17,8.26,25.69
17,AVB,아발론베이 커뮤니티,5,120,14,49,74,1.0,10.0,7.97,3.24,8.2,23.49
17,CTSH.O,코그니전트 테크놀로지 솔루션,5,120,14,49,74,1.0,10.0,7.97,5.1,11.5,29.01
17,TROW.O,티 로웨 프라이스 그룹,5,120,14,49,74,1.0,10.0,7.97,15.32,11.0,28.49
17,EXPD.K,익스페디터스 인터내셔널 오브 워싱턴,5,120,14,49,74,1.0,10.0,7.97,8.36,12.4,24.17
17,L,로우스,5,120,14,49,74,1.0,10.0,7.97,5.04,8.25,23.49
17,HSIC.O,헨리 셰인,5,120,14,49,74,1.0,10.0,7.97,0.66,11.37,24.1
17,INVH.K,인비테이션 홈스,5,120,14,49,74,1.0,10.0,7.97,14.02,12.09,26.31
17,EQR,에퀴티 레지덴셜,5,120,14,49,74,1.0,10.0,7.97,9.45,7.36,23.9
17,ALLE.K,얼리지언,5,120,14,49,74,1.0,10.0,7.97,2.81,12.13,25.97
17,IFF,인터내셔널 플레이버스 & 프레그런스,5,120,14,49,74,1.0,10.0,7.97,-0.98,9.43,26.71
17,ESS,에섹스 프로퍼티 트러스트,5,120,14,49,74,1.0,10.0,7.97,12.91,10.29,24.07
17,MAA,미드아메리카 아파트 커뮤니티,5,120,14,49,74,1.0,10.0,7.97,7.84,9.97,23.17
17,LH,랩코프 홀딩스,5,120,14,49,74,1.0,10.0,7.97,9.11,10.81,24.66
17,ARE,알렉산드리아 리얼에스테이트 이쿼티,5,120,14,49,74,1.0,10.0,7.97,8.57,7.44,24.6
17,BFb,브라운-포맨 Class B,5,120,14,49,74,1.0,10.0,7.97,-3.67,9.97,22.73
17,CPT,캠든 프로퍼티 트러스트,5,120,14,49,74,1.0,10.0,7.97,7.82,10.05,23.46
17,REG.O,리젠시 센터스,5,120,14,49,74,1.0,10.0,7.97,3.72,8.38,28.14
17,FRT,페더럴 리얼티 인베스트먼트 트러스트,5,120,14,49,74,1.0,10.0,7.97,-4.12,5.88,26.43
17,NWS.O,뉴스 코퍼레이션 Class B,5,120,14,49,74,1.0,10.0,7.97,12.29,10.11,29.02
17,GRMN.K,가민,5,120,14,49,74,1.0,10.0,7.97,84.34,10.64,26.54
17,NTRS.O,노던 트러스트,5,120,14,49,74,1.0,10.0,7.97,6.04,8.06,28.0
17,UDR,UDR,5,120,14,49,74,1.0,10.0,7.97,12.12,8.42,24.52
17,GPC,제뉴인 파츠,5,120,14,49,74,1.0,10.0,7.97,4.55,11.9,24.24
17,UPS,유나이티드 파셀 서비스,5,120,14,49,74,1.0,10.0,7.97,11.06,8.83,23.0
17,ELV,엘레반스 헬스,5,120,14,49,74,1.0,10.0,7.97,20.87,8.76,23.49
17,CVS,CVS 헬스,5,120,14,49,74,1.0,10.0,7.97,-0.53,7.84,24.33
17,SRE,셈프라 에너지,5,120,14,49,74,1.0,10.0,7.97,7.85,7.02,25.36
17,ADM,아처 대니얼스 미들랜드,5,120,14,49,74,1.0,10.0,7.97,13.51,9.79,26.0
17,PCAR.O,파카,5,120,14,49,74,1.0,10.0,7.97,8.11,11.84,27.57
17,USB,U.S. 뱅코프,5,120,14,49,74,1.0,10.0,7.97,2.23,7.57,27.63
17,CAH,카디널 헬스,5,120,14,49,74,1.0,10.0,7.97,7.85,11.39,26.48
17,BG,번지 글로벌,5,120,14,49,74,1.0,10.0,7.97,3.96,9.56,28.73
17,DLR,디지털 리얼티 트러스트,5,120,14,49,74,1.0,10.0,7.97,12.58,10.63,26.75
17,O,리얼티 인컴,5,120,14,49,74,1.0,10.0,7.97,9.16,6.94,24.33
17,BK,뱅크 오브 뉴욕 멜론,5,120,14,49,74,1.0,10.0,7.97,8.97,10.0,27.05
17,WELL.K,웰타워,5,120,14,49,74,1.0,10.0,7.97,8.78,11.26,29.08
17,FIS,피델리티 내셔널 인포메이션 서비스,5,120,14,49,74,1.0,10.0,7.97,-2.31,11.43,26.93
17,CNP,센터포인트 에너지,5,120,14,49,74,1.0,10.0,7.97,6.17,8.9,24.49
17,SYY,시스코,5,120,14,49,74,1.0,10.0,7.97,8.86,10.04,26.41
17,EMR,에머슨 일렉트릭,5,120,14,49,74,1.0,10.0,7.97,9.08,10.04,26.3
17,OMC,옴니콤 그룹,5,120,14,49,74,1.0,10.0,7.97,5.44,10.3,24.92
17,PNC,PNC 파이낸셜 서비스,5,120,14,49,74,1.0,10.0,7.97,12.4,11.08,27.98
17,PSA,퍼블릭 스토리지,5,120,14,49,74,1.0,10.0,7.97,7.0,11.11,21.95
17,EIX,에디슨 인터내셔널,5,120,14,49,74,1.0,10.0,7.97,2.36,8.81,23.92
17,DGX,퀘스트 다이아그노스틱스,5,120,14,49,74,1.0,10.0,7.97,10.32,10.54,22.98
17,DIS,월트 디즈니,5,120,14,49,74,1.0,10.0,7.97,4.28,11.6,26.11
17,CVX,셰브론,5,120,14,49,74,1.0,10.0,7.97,5.77,9.54,27.06
17,XOM,엑슨 모빌,5,120,14,49,74,1.0,10.0,7.97,2.32,8.19,25.31
17,DIS,월트 디즈니,5,60,14,49,69,1.0,10.0,7.95,9.09,11.6,26.11
17,DLR,디지털 리얼티 트러스트,5,60,14,49,69,1.0,10.0,7.95,9.69,10.63,26.75
17,EIX,에디슨 인터내셔널,5,60,14,49,69,1.0,10.0,7.95,1.69,8.81,23.92
17,PSA,퍼블릭 스토리지,5,60,14,49,69,1.0,10.0,7.95,7.89,11.11,21.95
17,PNC,PNC 파이낸셜 서비스,5,60,14,49,69,1.0,10.0,7.95,17.63,11.08,27.98
17,OMC,옴니콤 그룹,5,60,14,49,69,1.0,10.0,7.95,5.62,10.3,24.92
17,EMR,에머슨 일렉트릭,5,60,14,49,69,1.0,10.0,7.95,13.87,10.04,26.3
17,SYY,시스코,5,60,14,49,69,1.0,10.0,7.95,9.76,10.04,26.41
17,CNP,센터포인트 에너지,5,60,14,49,69,1.0,10.0,7.95,4.0,8.9,24.49
17,FIS,피델리티 내셔널 인포메이션 서비스,5,60,14,49,69,1.0,10.0,7.95,-0.64,11.43,26.93
17,WELL.K,웰타워,5,60,14,49,69,1.0,10.0,7.95,17.44,11.26,29.08
17,CSCO.O,시스코 시스템즈,5,60,14,49,69,1.0,10.0,7.95,11.55,8.88,25.96
17,GPC,제뉴인 파츠,5,60,14,49,69,1.0,10.0,7.95,9.55,11.9,24.24
17,BG,번지 글로벌,5,60,14,49,69,1.0,10.0,7.95,3.11,9.56,28.73
17,BK,뱅크 오브 뉴욕 멜론,5,60,14,49,69,1.0,10.0,7.95,11.33,10.0,27.05
17,CAH,카디널 헬스,5,60,14,49,69,1.0,10.0,7.95,4.99,11.39,26.48
17,USB,U.S. 뱅코프,5,60,14,49,69,1.0,10.0,7.95,3.79,7.57,27.63
17,PCAR.O,파카,5,60,14,49,69,1.0,10.0,7.95,12.47,11.84,27.57
17,ADM,아처 대니얼스 미들랜드,5,60,14,49,69,1.0,10.0,7.95,5.9,9.79,26.0
17,SRE,셈프라 에너지,5,60,14,49,69,1.0,10.0,7.95,11.1,7.02,25.36
17,CVS,CVS 헬스,5,60,14,49,69,1.0,10.0,7.95,-0.04,7.84,24.33
17,ELV,엘레반스 헬스,5,60,14,49,69,1.0,10.0,7.95,18.36,8.76,23.49
17,UPS,유나이티드 파셀 서비스,5,60,14,49,69,1.0,10.0,7.95,6.49,8.83,23.0
17,WMT,월마트,5,60,14,49,69,1.0,10.0,7.95,12.24,7.62,26.15
17,XOM,엑슨 모빌,5,60,14,49,69,1.0,10.0,7.95,-1.11,8.19,25.31
17,CVX,셰브론,5,60,14,49,69,1.0,10.0,7.95,3.84,9.54,27.06
17,TGT,타겟,5,60,14,49,69,1.0,10.0,7.95,12.16,12.21,27.87
17,DGX,퀘스트 다이아그노스틱스,5,60,14,49,69,1.0,10.0,7.95,14.86,10.54,22.98
17,O,리얼티 인컴,5,60,14,49,69,1.0,10.0,7.95,8.76,6.94,24.33
17,UDR,UDR,5,60,14,49,69,1.0,10.0,7.95,10.26,8.42,24.52
17,EQR,에퀴티 레지덴셜,5,60,14,49,69,1.0,10.0,7.95,5.31,7.36,23.9
17,NTRS.O,노던 트러스트,5,60,14,49,69,1.0,10.0,7.95,9.76,8.06,28.0
17,NWS.O,뉴스 코퍼레이션 Class B,5,60,14,49,69,1.0,10.0,7.95,13.05,10.11,29.02
17,FRT,페더럴 리얼티 인베스트먼트 트러스트,5,60,14,49,69,1.0,10.0,7.95,-2.12,5.88,26.43
17,REG.O,리젠시 센터스,5,60,14,49,69,1.0,10.0,7.95,6.48,8.38,28.14
17,CPT,캠든 프로퍼티 트러스트,5,60,14,49,69,1.0,10.0,7.95,10.05,10.05,23.46
17,BFb,브라운-포맨 Class B,5,60,14,49,69,1.0,10.0,7.95,-6.33,9.97,22.73
17,ARE,알렉산드리아 리얼에스테이트 이쿼티,5,60,14,49,69,1.0,10.0,7.95,6.71,7.44,24.6
17,MAA,미드아메리카 아파트 커뮤니티,5,60,14,49,69,1.0,10.0,7.95,12.36,9.97,23.17
17,ESS,에섹스 프로퍼티 트러스트,5,60,14,49,69,1.0,10.0,7.95,14.89,10.29,24.07
17,IFF,인터내셔널 플레이버스 & 프레그런스,5,60,14,49,69,1.0,10.0,7.95,-0.97,9.43,26.71
17,ALLE.K,얼리지언,5,60,14,49,69,1.0,10.0,7.95,-0.42,12.13,25.97
17,LH,랩코프 홀딩스,5,60,14,49,69,1.0,10.0,7.95,11.21,10.81,24.66
17,INVH.K,인비테이션 홈스,5,60,14,49,69,1.0,10.0,7.95,22.76,12.09,26.31
17,AVB,아발론베이 커뮤니티,5,60,14,49,69,1.0,10.0,7.95,5.92,8.2,23.49
17,HSIC.O,헨리 셰인,5,60,14,49,69,1.0,10.0,7.95,1.88,11.37,24.1
17,TAP,몰슨 쿠어스 베버리지 Class B,5,60,14,49,69,1.0,10.0,7.95,-1.79,4.47,26.41
17,CHRW.O,CH 로빈슨 월드와이드,5,60,14,49,69,1.0,10.0,7.95,2.96,6.33,25.1
17,CCI,크라운 캐슬,5,60,14,49,69,1.0,10.0,7.95,-18.85,9.8,23.52
17,ZBH,짐머 바이오멧 홀딩스,5,60,14,49,69,1.0,10.0,7.95,5.6,8.26,25.69
17,GRMN.K,가민,5,60,14,49,69,1.0,10.0,7.95,45.72,10.64,26.54
17,CTSH.O,코그니전트 테크놀로지 솔루션,5,60,14,49,69,1.0,10.0,7.95,9.53,11.5,29.01
17,TROW.O,티 로웨 프라이스 그룹,5,60,14,49,69,1.0,10.0,7.95,10.96,11.0,28.49
17,EXPD.K,익스페디터스 인터내셔널 오브 워싱턴,5,60,14,49,69,1.0,10.0,7.95,9.4,12.4,24.17
17,L,로우스,5,60,14,49,69,1.0,10.0,7.95,7.46,8.25,23.49
17,EMR,에머슨 일렉트릭,5,120,14,29,54,1.0,10.0,7.74,0.0,10.04,26.3
17,O,리얼티 인컴,5,120,14,29,54,1.0,10.0,7.74,0.0,6.94,24.33
17,WELL.K,웰타워,5,120,14,29,54,1.0,10.0,7.74,0.0,11.26,29.08
17,FIS,피델리티 내셔널 인포메이션 서비스,5,120,14,29,54,1.0,10.0,7.74,0.0,11.43,26.93
17,CNP,센터포인트 에너지,5,120,14,29,54,1.0,10.0,7.74,0.0,8.9,24.49
17,SYY,시스코,5,120,14,29,54,1.0,10.0,7.74,0.0,10.04,26.41
17,PNC,PNC 파이낸셜 서비스,5,120,14,29,54,1.0,10.0,7.74,19.67,11.08,27.98
17,OMC,옴니콤 그룹,5,120,14,29,54,1.0,10.0,7.74,96.46,10.3,24.92
17,DLR,디지털 리얼티 트러스트,5,120,14,29,54,1.0,10.0,7.74,0.0,10.63,26.75
17,PSA,퍼블릭 스토리지,5,120,14,29,54,1.0,10.0,7.74,0.0,11.11,21.95
17,EIX,에디슨 인터내셔널,5,120,14,29,54,1.0,10.0,7.74,0.0,8.81,23.92
17,DGX,퀘스트 다이아그노스틱스,5,120,14,29,54,1.0,10.0,7.74,0.0,10.54,22.98
17,GPC,제뉴인 파츠,5,120,14,29,54,1.0,10.0,7.74,0.0,11.9,24.24
17,DIS,월트 디즈니,5,120,14,29,54,1.0,10.0,7.74,0.0,11.6,26.11
17,BG,번지 글로벌,5,120,14,29,54,1.0,10.0,7.74,0.0,9.56,28.73
17,CAH,카디널 헬스,5,120,14,29,54,1.0,10.0,7.74,0.0,11.39,26.48
17,USB,U.S. 뱅코프,5,120,14,29,54,1.0,10.0,7.74,0.0,7.57,27.63
17,PCAR.O,파카,5,120,14,29,54,1.0,10.0,7.74,0.0,11.84,27.57
17,ADM,아처 대니얼스 미들랜드,5,120,14,29,54,1.0,10.0,7.74,0.0,9.79,26.0
17,SRE,셈프라 에너지,5,120,14,29,54,1.0,10.0,7.74,0.0,7.02,25.36
17,CVS,CVS 헬스,5,120,14,29,54,1.0,10.0,7.74,0.0,7.84,24.33
17,ELV,엘레반스 헬스,5,120,14,29,54,1.0,10.0,7.74,0.0,8.76,23.49
17,UPS,유나이티드 파셀 서비스,5,120,14,29,54,1.0,10.0,7.74,0.0,8.83,23.0
17,TGT,타겟,5,120,14,29,54,1.0,10.0,7.74,0.0,12.21,27.87
17,CSCO.O,시스코 시스템즈,5,120,14,29,54,1.0,10.0,7.74,60.5,8.88,25.96
17,CVX,셰브론,5,120,14,29,54,1.0,10.0,7.74,0.0,9.54,27.06
17,BK,뱅크 오브 뉴욕 멜론,5,120,14,29,54,1.0,10.0,7.74,0.0,10.0,27.05
17,UDR,UDR,5,120,14,29,54,1.0,10.0,7.74,0.0,8.42,24.52
17,NTRS.O,노던 트러스트,5,120,14,29,54,1.0,10.0,7.74,0.0,8.06,28.0
17,GRMN.K,가민,5,120,14,29,54,1.0,10.0,7.74,0.0,10.64,26.54
17,WMT,월마트,5,120,14,29,54,1.0,10.0,7.74,0.82,7.62,26.15
17,NWS.O,뉴스 코퍼레이션 Class B,5,120,14,29,54,1.0,10.0,7.74,0.0,10.11,29.02
17,FRT,페더럴 리얼티 인베스트먼트 트러스트,5,120,14,29,54,1.0,10.0,7.74,61.28,5.88,26.43
17,REG.O,리젠시 센터스,5,120,14,29,54,1.0,10.0,7.74,71.9,8.38,28.14
17,CPT,캠든 프로퍼티 트러스트,5,120,14,29,54,1.0,10.0,7.74,0.0,10.05,23.46
17,BFb,브라운-포맨 Class B,5,120,14,29,54,1.0,10.0,7.74,0.0,9.97,22.73
17,ARE,알렉산드리아 리얼에스테이트 이쿼티,5,120,14,29,54,1.0,10.0,7.74,0.0,7.44,24.6
17,LH,랩코프 홀딩스,5,120,14,29,54,1.0,10.0,7.74,0.0,10.81,24.66
17,MAA,미드아메리카 아파트 커뮤니티,5,120,14,29,54,1.0,10.0,7.74,0.0,9.97,23.17
17,ESS,에섹스 프로퍼티 트러스트,5,120,14,29,54,1.0,10.0,7.74,0.0,10.29,24.07
17,IFF,인터내셔널 플레이버스 & 프레그런스,5,120,14,29,54,1.0,10.0,7.74,0.0,9.43,26.71
17,ALLE.K,얼리지언,5,120,14,29,54,1.0,10.0,7.74,0.0,12.13,25.97
17,EQR,에퀴티 레지덴셜,5,120,14,29,54,1.0,10.0,7.74,0.0,7.36,23.9
17,INVH.K,인비테이션 홈스,5,120,14,29,54,1.0,10.0,7.74,0.0,12.09,26.31
17,HSIC.O,헨리 셰인,5,120,14,29,54,1.0,10.0,7.74,0.0,11.37,24.1
17,L,로우스,5,120,14,29,54,1.0,10.0,7.74,0.0,8.25,23.49
17,EXPD.K,익스페디터스 인터내셔널 오브 워싱턴,5,120,14,29,54,1.0,10.0,7.74,0.0,12.4,24.17
17,TROW.O,티 로웨 프라이스 그룹,5,120,14,29,54,1.0,10.0,7.74,0.0,11.0,28.49
17,CTSH.O,코그니전트 테크놀로지 솔루션,5,120,14,29,54,1.0,10.0,7.74,0.0,11.5,29.01
17,AVB,아발론베이 커뮤니티,5,120,14,29,54,1.0,10.0,7.74,0.0,8.2,23.49
17,ZBH,짐머 바이오멧 홀딩스,5,120,14,29,54,1.0,10.0,7.74,0.0,8.26,25.69
17,CCI,크라운 캐슬,5,120,14,29,54,1.0,10.0,7.74,0.0,9.8,23.52
17,CHRW.O,CH 로빈슨 월드와이드,5,120,14,29,54,1.0,10.0,7.74,0.0,6.33,25.1
17,TAP,몰슨 쿠어스 베버리지 Class B,5,120,14,29,54,1.0,10.0,7.74,0.0,4.47,26.41
17,XOM,엑슨 모빌,5,120,14,29,54,1.0,10.0,7.74,114.96,8.19,25.31
17,WMT,월마트,5,120,14,34,74,1.0,10.0,7.71,8.12,7.62,26.15
17,FRT,페더럴 리얼티 인베스트먼트 트러스트,5,120,14,34,74,1.0,10.0,7.71,5.69,5.88,26.43
17,REG.O,리젠시 센터스,5,120,14,34,74,1.0,10.0,7.71,8.45,8.38,28.14
17,EIX,에디슨 인터내셔널,5,120,14,34,74,1.0,10.0,7.71,0.0,8.81,23.92
17,UDR,UDR,5,120,14,34,74,1.0,10.0,7.71,42.96,8.42,24.52
17,NTRS.O,노던 트러스트,5,120,14,34,74,1.0,10.0,7.71,6.04,8.06,28.0
17,GRMN.K,가민,5,120,14,34,74,1.0,10.0,7.71,0.0,10.64,26.54
17,TAP,몰슨 쿠어스 베버리지 Class B,5,120,14,34,74,1.0,10.0,7.71,-4.27,4.47,26.41
17,CHRW.O,CH 로빈슨 월드와이드,5,120,14,34,74,1.0,10.0,7.71,0.0,6.33,25.1
17,CCI,크라운 캐슬,5,120,14,34,74,1.0,10.0,7.71,-12.5,9.8,23.52
17,ZBH,짐머 바이오멧 홀딩스,5,120,14,34,74,1.0,10.0,7.71,0.0,8.26,25.69
17,AVB,아발론베이 커뮤니티,5,120,14,34,74,1.0,10.0,7.71,4.72,8.2,23.49
17,CTSH.O,코그니전트 테크놀로지 솔루션,5,120,14,34,74,1.0,10.0,7.71,0.0,11.5,29.01
17,TROW.O,티 로웨 프라이스 그룹,5,120,14,34,74,1.0,10.0,7.71,0.0,11.0,28.49
17,EXPD.K,익스페디터스 인터내셔널 오브 워싱턴,5,120,14,34,74,1.0,10.0,7.71,0.0,12.4,24.17
17,L,로우스,5,120,14,34,74,1.0,10.0,7.71,0.0,8.25,23.49
17,HSIC.O,헨리 셰인,5,120,14,34,74,1.0,10.0,7.71,0.0,11.37,24.1
17,INVH.K,인비테이션 홈스,5,120,14,34,74,1.0,10.0,7.71,0.0,12.09,26.31
17,EQR,에퀴티 레지덴셜,5,120,14,34,74,1.0,10.0,7.71,3.63,7.36,23.9
17,ALLE.K,얼리지언,5,120,14,34,74,1.0,10.0,7.71,0.0,12.13,25.97
17,IFF,인터내셔널 플레이버스 & 프레그런스,5,120,14,34,74,1.0,10.0,7.71,46.85,9.43,26.71
17,ESS,에섹스 프로퍼티 트러스트,5,120,14,34,74,1.0,10.0,7.71,0.0,10.29,24.07
17,MAA,미드아메리카 아파트 커뮤니티,5,120,14,34,74,1.0,10.0,7.71,0.0,9.97,23.17
17,LH,랩코프 홀딩스,5,120,14,34,74,1.0,10.0,7.71,0.0,10.81,24.66
17,ARE,알렉산드리아 리얼에스테이트 이쿼티,5,120,14,34,74,1.0,10.0,7.71,0.0,7.44,24.6
17,BFb,브라운-포맨 Class B,5,120,14,34,74,1.0,10.0,7.71,0.0,9.97,22.73
17,CPT,캠든 프로퍼티 트러스트,5,120,14,34,74,1.0,10.0,7.71,0.0,10.05,23.46
17,BK,뱅크 오브 뉴욕 멜론,5,120,14,34,74,1.0,10.0,7.71,0.0,10.0,27.05
17,PSA,퍼블릭 스토리지,5,120,14,34,74,1.0,10.0,7.71,0.0,11.11,21.95
17,NWS.O,뉴스 코퍼레이션 Class B,5,120,14,34,74,1.0,10.0,7.71,9.99,10.11,29.02
17,PNC,PNC 파이낸셜 서비스,5,120,14,34,74,1.0,10.0,7.71,19.93,11.08,27.98
17,XOM,엑슨 모빌,5,120,14,34,74,1.0,10.0,7.71,2.32,8.19,25.31
17,CVX,셰브론,5,120,14,34,74,1.0,10.0,7.71,55.47,9.54,27.06
17,DIS,월트 디즈니,5,120,14,34,74,1.0,10.0,7.71,0.0,11.6,26.11
17,CSCO.O,시스코 시스템즈,5,120,14,34,74,1.0,10.0,7.71,15.74,8.88,25.96
17,TGT,타겟,5,120,14,34,74,1.0,10.0,7.71,0.0,12.21,27.87
17,UPS,유나이티드 파셀 서비스,5,120,14,34,74,1.0,10.0,7.71,0.0,8.83,23.0
17,ELV,엘레반스 헬스,5,120,14,34,74,1.0,10.0,7.71,0.0,8.76,23.49
17,CVS,CVS 헬스,5,120,14,34,74,1.0,10.0,7.71,0.0,7.84,24.33
17,SRE,셈프라 에너지,5,120,14,34,74,1.0,10.0,7.71,0.0,7.02,25.36
17,ADM,아처 대니얼스 미들랜드,5,120,14,34,74,1.0,10.0,7.71,0.0,9.79,26.0
17,PCAR.O,파카,5,120,14,34,74,1.0,10.0,7.71,0.0,11.84,27.57
17,USB,U.S. 뱅코프,5,120,14,34,74,1.0,10.0,7.71,0.0,7.57,27.63
17,CAH,카디널 헬스,5,120,14,34,74,1.0,10.0,7.71,0.0,11.39,26.48
17,BG,번지 글로벌,5,120,14,34,74,1.0,10.0,7.71,135.41,9.56,28.73
17,DLR,디지털 리얼티 트러스트,5,120,14,34,74,1.0,10.0,7.71,29.45,10.63,26.75
17,GPC,제뉴인 파츠,5,120,14,34,74,1.0,10.0,7.71,0.0,11.9,24.24
17,O,리얼티 인컴,5,120,14,34,74,1.0,10.0,7.71,0.0,6.94,24.33
17,WELL.K,웰타워,5,120,14,34,74,1.0,10.0,7.71,0.0,11.26,29.08
17,FIS,피델리티 내셔널 인포메이션 서비스,5,120,14,34,74,1.0,10.0,7.71,27.06,11.43,26.93
17,CNP,센터포인트 에너지,5,120,14,34,74,1.0,10.0,7.71,6.17,8.9,24.49
17,SYY,시스코,5,120,14,34,74,1.0,10.0,7.71,0.0,10.04,26.41
17,EMR,에머슨 일렉트릭,5,120,14,34,74,1.0,10.0,7.71,0.0,10.04,26.3
17,OMC,옴니콤 그룹,5,120,14,34,74,1.0,10.0,7.71,12.83,10.3,24.92
17,DGX,퀘스트 다이아그노스틱스,5,120,14,34,74,1.0,10.0,7.71,0.0,10.54,22.98
17,BK,뱅크 오브 뉴욕 멜론,5,60,14,44,74,1.0,10.0,7.66,8.49,10.0,27.05
17,BG,번지 글로벌,5,60,14,44,74,1.0,10.0,7.66,1.64,9.56,28.73
17,DLR,디지털 리얼티 트러스트,5,60,14,44,74,1.0,10.0,7.66,13.36,10.63,26.75
17,EIX,에디슨 인터내셔널,5,60,14,44,74,1.0,10.0,7.66,1.69,8.81,23.92
17,PSA,퍼블릭 스토리지,5,60,14,44,74,1.0,10.0,7.66,13.78,11.11,21.95
17,PNC,PNC 파이낸셜 서비스,5,60,14,44,74,1.0,10.0,7.66,15.18,11.08,27.98
17,OMC,옴니콤 그룹,5,60,14,44,74,1.0,10.0,7.66,7.34,10.3,24.92
17,EMR,에머슨 일렉트릭,5,60,14,44,74,1.0,10.0,7.66,9.54,10.04,26.3
17,SYY,시스코,5,60,14,44,74,1.0,10.0,7.66,9.96,10.04,26.41
17,CNP,센터포인트 에너지,5,60,14,44,74,1.0,10.0,7.66,4.09,8.9,24.49
17,FIS,피델리티 내셔널 인포메이션 서비스,5,60,14,44,74,1.0,10.0,7.66,1.53,11.43,26.93
17,WELL.K,웰타워,5,60,14,44,74,1.0,10.0,7.66,9.0,11.26,29.08
17,O,리얼티 인컴,5,60,14,44,74,1.0,10.0,7.66,12.47,6.94,24.33
17,GPC,제뉴인 파츠,5,60,14,44,74,1.0,10.0,7.66,6.46,11.9,24.24
17,CAH,카디널 헬스,5,60,14,44,74,1.0,10.0,7.66,4.04,11.39,26.48
17,CVX,셰브론,5,60,14,44,74,1.0,10.0,7.66,5.65,9.54,27.06
17,USB,U.S. 뱅코프,5,60,14,44,74,1.0,10.0,7.66,2.79,7.57,27.63
17,PCAR.O,파카,5,60,14,44,74,1.0,10.0,7.66,9.0,11.84,27.57
17,ADM,아처 대니얼스 미들랜드,5,60,14,44,74,1.0,10.0,7.66,15.53,9.79,26.0
17,SRE,셈프라 에너지,5,60,14,44,74,1.0,10.0,7.66,9.25,7.02,25.36
17,CVS,CVS 헬스,5,60,14,44,74,1.0,10.0,7.66,0.49,7.84,24.33
17,ELV,엘레반스 헬스,5,60,14,44,74,1.0,10.0,7.66,20.87,8.76,23.49
17,UPS,유나이티드 파셀 서비스,5,60,14,44,74,1.0,10.0,7.66,30.05,8.83,23.0
17,TGT,타겟,5,60,14,44,74,1.0,10.0,7.66,7.6,12.21,27.87
17,CSCO.O,시스코 시스템즈,5,60,14,44,74,1.0,10.0,7.66,9.98,8.88,25.96
17,DIS,월트 디즈니,5,60,14,44,74,1.0,10.0,7.66,13.36,11.6,26.11
17,WMT,월마트,5,60,14,44,74,1.0,10.0,7.66,11.92,7.62,26.15
17,DGX,퀘스트 다이아그노스틱스,5,60,14,44,74,1.0,10.0,7.66,14.06,10.54,22.98
17,UDR,UDR,5,60,14,44,74,1.0,10.0,7.66,13.07,8.42,24.52
17,NTRS.O,노던 트러스트,5,60,14,44,74,1.0,10.0,7.66,6.36,8.06,28.0
17,INVH.K,인비테이션 홈스,5,60,14,44,74,1.0,10.0,7.66,25.7,12.09,26.31
17,NWS.O,뉴스 코퍼레이션 Class B,5,60,14,44,74,1.0,10.0,7.66,12.97,10.11,29.02
17,FRT,페더럴 리얼티 인베스트먼트 트러스트,5,60,14,44,74,1.0,10.0,7.66,-4.19,5.88,26.43
17,REG.O,리젠시 센터스,5,60,14,44,74,1.0,10.0,7.66,3.75,8.38,28.14
17,CPT,캠든 프로퍼티 트러스트,5,60,14,44,74,1.0,10.0,7.66,8.68,10.05,23.46
17,BFb,브라운-포맨 Class B,5,60,14,44,74,1.0,10.0,7.66,-33.18,9.97,22.73
17,ARE,알렉산드리아 리얼에스테이트 이쿼티,5,60,14,44,74,1.0,10.0,7.66,-0.34,7.44,24.6
17,LH,랩코프 홀딩스,5,60,14,44,74,1.0,10.0,7.66,13.87,10.81,24.66
17,MAA,미드아메리카 아파트 커뮤니티,5,60,14,44,74,1.0,10.0,7.66,8.42,9.97,23.17
17,ESS,에섹스 프로퍼티 트러스트,5,60,14,44,74,1.0,10.0,7.66,2.29,10.29,24.07
17,IFF,인터내셔널 플레이버스 & 프레그런스,5,60,14,44,74,1.0,10.0,7.66,-6.12,9.43,26.71
17,ALLE.K,얼리지언,5,60,14,44,74,1.0,10.0,7.66,6.43,12.13,25.97
17,EQR,에퀴티 레지덴셜,5,60,14,44,74,1.0,10.0,7.66,10.8,7.36,23.9
17,HSIC.O,헨리 셰인,5,60,14,44,74,1.0,10.0,7.66,1.88,11.37,24.1
17,L,로우스,5,60,14,44,74,1.0,10.0,7.66,5.46,8.25,23.49
17,EXPD.K,익스페디터스 인터내셔널 오브 워싱턴,5,60,14,44,74,1.0,10.0,7.66,8.27,12.4,24.17
17,TROW.O,티 로웨 프라이스 그룹,5,60,14,44,74,1.0,10.0,7.66,8.35,11.0,28.49
17,CTSH.O,코그니전트 테크놀로지 솔루션,5,60,14,44,74,1.0,10.0,7.66,6.56,11.5,29.01
17,AVB,아발론베이 커뮤니티,5,60,14,44,74,1.0,10.0,7.66,4.93,8.2,23.49
17,ZBH,짐머 바이오멧 홀딩스,5,60,14,44,74,1.0,10.0,7.66,13.21,8.26,25.69
17,CCI,크라운 캐슬,5,60,14,44,74,1.0,10.0,7.66,-20.21,9.8,23.52
17,CHRW.O,CH 로빈슨 월드와이드,5,60,14,44,74,1.0,10.0,7.66,2.22,6.33,25.1
17,TAP,몰슨 쿠어스 베버리지 Class B,5,60,14,44,74,1.0,10.0,7.66,0.67,4.47,26.41
17,GRMN.K,가민,5,60,14,44,74,1.0,10.0,7.66,51.32,10.64,26.54
17,XOM,엑슨 모빌,5,60,14,44,74,1.0,10.0,7.66,1.27,8.19,25.31
17,CVX,셰브론,5,60,14,49,74,1.0,10.0,7.44,5.47,9.54,27.06
17,WMT,월마트,5,60,14,49,74,1.0,10.0,7.44,14.86,7.62,26.15
17,XOM,엑슨 모빌,5,60,14,49,74,1.0,10.0,7.44,0.32,8.19,25.31
17,NWS.O,뉴스 코퍼레이션 Class B,5,60,14,49,74,1.0,10.0,7.44,12.97,10.11,29.02
17,DLR,디지털 리얼티 트러스트,5,60,14,49,74,1.0,10.0,7.44,7.84,10.63,26.75
17,EIX,에디슨 인터내셔널,5,60,14,49,74,1.0,10.0,7.44,1.69,8.81,23.92
17,PSA,퍼블릭 스토리지,5,60,14,49,74,1.0,10.0,7.44,5.63,11.11,21.95
17,PNC,PNC 파이낸셜 서비스,5,60,14,49,74,1.0,10.0,7.44,13.75,11.08,27.98
17,OMC,옴니콤 그룹,5,60,14,49,74,1.0,10.0,7.44,6.32,10.3,24.92
17,EMR,에머슨 일렉트릭,5,60,14,49,74,1.0,10.0,7.44,9.14,10.04,26.3
17,SYY,시스코,5,60,14,49,74,1.0,10.0,7.44,9.96,10.04,26.41
17,CNP,센터포인트 에너지,5,60,14,49,74,1.0,10.0,7.44,4.09,8.9,24.49
17,FIS,피델리티 내셔널 인포메이션 서비스,5,60,14,49,74,1.0,10.0,7.44,4.94,11.43,26.93
17,WELL.K,웰타워,5,60,14,49,74,1.0,10.0,7.44,9.0,11.26,29.08
17,O,리얼티 인컴,5,60,14,49,74,1.0,10.0,7.44,9.23,6.94,24.33
17,FRT,페더럴 리얼티 인베스트먼트 트러스트,5,60,14,49,74,1.0,10.0,7.44,-0.15,5.88,26.43
17,BG,번지 글로벌,5,60,14,49,74,1.0,10.0,7.44,3.71,9.56,28.73
17,BK,뱅크 오브 뉴욕 멜론,5,60,14,49,74,1.0,10.0,7.44,8.49,10.0,27.05
17,CAH,카디널 헬스,5,60,14,49,74,1.0,10.0,7.44,8.5,11.39,26.48
17,USB,U.S. 뱅코프,5,60,14,49,74,1.0,10.0,7.44,2.79,7.57,27.63
17,PCAR.O,파카,5,60,14,49,74,1.0,10.0,7.44,9.0,11.84,27.57
17,ADM,아처 대니얼스 미들랜드,5,60,14,49,74,1.0,10.0,7.44,8.94,9.79,26.0
17,SRE,셈프라 에너지,5,60,14,49,74,1.0,10.0,7.44,8.87,7.02,25.36
17,CVS,CVS 헬스,5,60,14,49,74,1.0,10.0,7.44,0.49,7.84,24.33
17,ELV,엘레반스 헬스,5,60,14,49,74,1.0,10.0,7.44,18.36,8.76,23.49
17,UPS,유나이티드 파셀 서비스,5,60,14,49,74,1.0,10.0,7.44,10.29,8.83,23.0
17,TGT,타겟,5,60,14,49,74,1.0,10.0,7.44,7.63,12.21,27.87
17,CSCO.O,시스코 시스템즈,5,60,14,49,74,1.0,10.0,7.44,9.98,8.88,25.96
17,DIS,월트 디즈니,5,60,14,49,74,1.0,10.0,7.44,5.32,11.6,26.11
17,DGX,퀘스트 다이아그노스틱스,5,60,14,49,74,1.0,10.0,7.44,11.63,10.54,22.98
17,GPC,제뉴인 파츠,5,60,14,49,74,1.0,10.0,7.44,5.3,11.9,24.24
17,UDR,UDR,5,60,14,49,74,1.0,10.0,7.44,9.25,8.42,24.52
17,INVH.K,인비테이션 홈스,5,60,14,49,74,1.0,10.0,7.44,26.5,12.09,26.31
17,NTRS.O,노던 트러스트,5,60,14,49,74,1.0,10.0,7.44,6.36,8.06,28.0
17,REG.O,리젠시 센터스,5,60,14,49,74,1.0,10.0,7.44,3.75,8.38,28.14
17,CPT,캠든 프로퍼티 트러스트,5,60,14,49,74,1.0,10.0,7.44,7.08,10.05,23.46
17,BFb,브라운-포맨 Class B,5,60,14,49,74,1.0,10.0,7.44,-2.65,9.97,22.73
17,ARE,알렉산드리아 리얼에스테이트 이쿼티,5,60,14,49,74,1.0,10.0,7.44,6.52,7.44,24.6
17,LH,랩코프 홀딩스,5,60,14,49,74,1.0,10.0,7.44,8.75,10.81,24.66
17,MAA,미드아메리카 아파트 커뮤니티,5,60,14,49,74,1.0,10.0,7.44,10.38,9.97,23.17
17,IFF,인터내셔널 플레이버스 & 프레그런스,5,60,14,49,74,1.0,10.0,7.44,0.02,9.43,26.71
17,ALLE.K,얼리지언,5,60,14,49,74,1.0,10.0,7.44,-0.42,12.13,25.97
17,EQR,에퀴티 레지덴셜,5,60,14,49,74,1.0,10.0,7.44,6.25,7.36,23.9
17,ESS,에섹스 프로퍼티 트러스트,5,60,14,49,74,1.0,10.0,7.44,12.51,10.29,24.07
17,HSIC.O,헨리 셰인,5,60,14,49,74,1.0,10.0,7.44,1.88,11.37,24.1
17,AVB,아발론베이 커뮤니티,5,60,14,49,74,1.0,10.0,7.44,3.24,8.2,23.49
17,L,로우스,5,60,14,49,74,1.0,10.0,7.44,5.46,8.25,23.49
17,TAP,몰슨 쿠어스 베버리지 Class B,5,60,14,49,74,1.0,10.0,7.44,-0.54,4.47,26.41
17,CHRW.O,CH 로빈슨 월드와이드,5,60,14,49,74,1.0,10.0,7.44,1.33,6.33,25.1
17,CCI,크라운 캐슬,5,60,14,49,74,1.0,10.0,7.44,-16.26,9.8,23.52
17,ZBH,짐머 바이오멧 홀딩스,5,60,14,49,74,1.0,10.0,7.44,5.45,8.26,25.69
17,GRMN.K,가민,5,60,14,49,74,1.0,10.0,7.44,51.32,10.64,26.54
17,CTSH.O,코그니전트 테크놀로지 솔루션,5,60,14,49,74,1.0,10.0,7.44,5.6,11.5,29.01
17,TROW.O,티 로웨 프라이스 그룹,5,60,14,49,74,1.0,10.0,7.44,10.64,11.0,28.49
17,EXPD.K,익스페디터스 인터내셔널 오브 워싱턴,5,60,14,49,74,1.0,10.0,7.44,12.58,12.4,24.17
17,INVH.K,인비테이션 홈스,5,120,14,29,59,1.0,10.0,7.34,0.0,12.09,26.31
17,NTRS.O,노던 트러스트,5,120,14,29,59,1.0,10.0,7.34,0.0,8.06,28.0
17,GRMN.K,가민,5,120,14,29,59,1.0,10.0,7.34,0.0,10.64,26.54
17,TAP,몰슨 쿠어스 베버리지 Class B,5,120,14,29,59,1.0,10.0,7.34,0.0,4.47,26.41
17,CHRW.O,CH 로빈슨 월드와이드,5,120,14,29,59,1.0,10.0,7.34,0.0,6.33,25.1
17,CCI,크라운 캐슬,5,120,14,29,59,1.0,10.0,7.34,0.0,9.8,23.52
17,ZBH,짐머 바이오멧 홀딩스,5,120,14,29,59,1.0,10.0,7.34,0.0,8.26,25.69
17,AVB,아발론베이 커뮤니티,5,120,14,29,59,1.0,10.0,7.34,0.0,8.2,23.49
17,CTSH.O,코그니전트 테크놀로지 솔루션,5,120,14,29,59,1.0,10.0,7.34,0.0,11.5,29.01
17,TROW.O,티 로웨 프라이스 그룹,5,120,14,29,59,1.0,10.0,7.34,0.0,11.0,28.49
17,EXPD.K,익스페디터스 인터내셔널 오브 워싱턴,5,120,14,29,59,1.0,10.0,7.34,0.0,12.4,24.17
17,L,로우스,5,120,14,29,59,1.0,10.0,7.34,0.0,8.25,23.49
17,HSIC.O,헨리 셰인,5,120,14,29,59,1.0,10.0,7.34,0.0,11.37,24.1
17,NWS.O,뉴스 코퍼레이션 Class B,5,120,14,29,59,1.0,10.0,7.34,0.0,10.11,29.02
17,EQR,에퀴티 레지덴셜,5,120,14,29,59,1.0,10.0,7.34,0.0,7.36,23.9
17,ALLE.K,얼리지언,5,120,14,29,59,1.0,10.0,7.34,0.0,12.13,25.97
17,IFF,인터내셔널 플레이버스 & 프레그런스,5,120,14,29,59,1.0,10.0,7.34,0.0,9.43,26.71
17,ESS,에섹스 프로퍼티 트러스트,5,120,14,29,59,1.0,10.0,7.34,0.0,10.29,24.07
17,MAA,미드아메리카 아파트 커뮤니티,5,120,14,29,59,1.0,10.0,7.34,0.0,9.97,23.17
17,LH,랩코프 홀딩스,5,120,14,29,59,1.0,10.0,7.34,0.0,10.81,24.66
17,ARE,알렉산드리아 리얼에스테이트 이쿼티,5,120,14,29,59,1.0,10.0,7.34,0.0,7.44,24.6
17,BFb,브라운-포맨 Class B,5,120,14,29,59,1.0,10.0,7.34,0.0,9.97,22.73
17,CPT,캠든 프로퍼티 트러스트,5,120,14,29,59,1.0,10.0,7.34,0.0,10.05,23.46
17,REG.O,리젠시 센터스,5,120,14,29,59,1.0,10.0,7.34,100.24,8.38,28.14
17,FRT,페더럴 리얼티 인베스트먼트 트러스트,5,120,14,29,59,1.0,10.0,7.34,45.09,5.88,26.43
17,BK,뱅크 오브 뉴욕 멜론,5,120,14,29,59,1.0,10.0,7.34,0.0,10.0,27.05
17,UDR,UDR,5,120,14,29,59,1.0,10.0,7.34,0.0,8.42,24.52
17,WMT,월마트,5,120,14,29,59,1.0,10.0,7.34,3.4,7.62,26.15
17,DGX,퀘스트 다이아그노스틱스,5,120,14,29,59,1.0,10.0,7.34,0.0,10.54,22.98
17,CAH,카디널 헬스,5,120,14,29,59,1.0,10.0,7.34,0.0,11.39,26.48
17,XOM,엑슨 모빌,5,120,14,29,59,1.0,10.0,7.34,71.66,8.19,25.31
17,CVX,셰브론,5,120,14,29,59,1.0,10.0,7.34,0.0,9.54,27.06
17,DIS,월트 디즈니,5,120,14,29,59,1.0,10.0,7.34,0.0,11.6,26.11
17,CSCO.O,시스코 시스템즈,5,120,14,29,59,1.0,10.0,7.34,25.58,8.88,25.96
17,TGT,타겟,5,120,14,29,59,1.0,10.0,7.34,0.0,12.21,27.87
17,UPS,유나이티드 파셀 서비스,5,120,14,29,59,1.0,10.0,7.34,0.0,8.83,23.0
17,ELV,엘레반스 헬스,5,120,14,29,59,1.0,10.0,7.34,0.0,8.76,23.49
17,SRE,셈프라 에너지,5,120,14,29,59,1.0,10.0,7.34,0.0,7.02,25.36
17,ADM,아처 대니얼스 미들랜드,5,120,14,29,59,1.0,10.0,7.34,0.0,9.79,26.0
17,PCAR.O,파카,5,120,14,29,59,1.0,10.0,7.34,0.0,11.84,27.57
17,USB,U.S. 뱅코프,5,120,14,29,59,1.0,10.0,7.34,0.0,7.57,27.63
17,CVS,CVS 헬스,5,120,14,29,59,1.0,10.0,7.34,0.0,7.84,24.33
17,BG,번지 글로벌,5,120,14,29,59,1.0,10.0,7.34,0.0,9.56,28.73
17,CNP,센터포인트 에너지,5,120,14,29,59,1.0,10.0,7.34,0.0,8.9,24.49
17,DLR,디지털 리얼티 트러스트,5,120,14,29,59,1.0,10.0,7.34,0.0,10.63,26.75
17,PNC,PNC 파이낸셜 서비스,5,120,14,29,59,1.0,10.0,7.34,39.87,11.08,27.98
17,OMC,옴니콤 그룹,5,120,14,29,59,1.0,10.0,7.34,117.92,10.3,24.92
17,EMR,에머슨 일렉트릭,5,120,14,29,59,1.0,10.0,7.34,0.0,10.04,26.3
17,SYY,시스코,5,120,14,29,59,1.0,10.0,7.34,0.0,10.04,26.41
17,PSA,퍼블릭 스토리지,5,120,14,29,59,1.0,10.0,7.34,0.0,11.11,21.95
17,FIS,피델리티 내셔널 인포메이션 서비스,5,120,14,29,59,1.0,10.0,7.34,0.0,11.43,26.93
17,O,리얼티 인컴,5,120,14,29,59,1.0,10.0,7.34,0.0,6.94,24.33
17,GPC,제뉴인 파츠,5,120,14,29,59,1.0,10.0,7.34,0.0,11.9,24.24
17,EIX,에디슨 인터내셔널,5,120,14,29,59,1.0,10.0,7.34,0.0,8.81,23.92
17,WELL.K,웰타워,5,120,14,29,59,1.0,10.0,7.34,0.0,11.26,29.08
17,DGX,퀘스트 다이아그노스틱스,5,60,14,29,64,1.0,10.0,7.07,0.0,10.54,22.98
17,BK,뱅크 오브 뉴욕 멜론,5,60,14,29,64,1.0,10.0,7.07,24.12,10.0,27.05
17,UDR,UDR,5,60,14,29,64,1.0,10.0,7.07,0.0,8.42,24.52
17,TROW.O,티 로웨 프라이스 그룹,5,60,14,29,64,1.0,10.0,7.07,0.0,11.0,28.49
17,GRMN.K,가민,5,60,14,29,64,1.0,10.0,7.07,0.0,10.64,26.54
17,TAP,몰슨 쿠어스 베버리지 Class B,5,60,14,29,64,1.0,10.0,7.07,-0.53,4.47,26.41
17,CHRW.O,CH 로빈슨 월드와이드,5,60,14,29,64,1.0,10.0,7.07,10.93,6.33,25.1
17,CCI,크라운 캐슬,5,60,14,29,64,1.0,10.0,7.07,0.0,9.8,23.52
17,ZBH,짐머 바이오멧 홀딩스,5,60,14,29,64,1.0,10.0,7.07,0.0,8.26,25.69
17,AVB,아발론베이 커뮤니티,5,60,14,29,64,1.0,10.0,7.07,0.0,8.2,23.49
17,CTSH.O,코그니전트 테크놀로지 솔루션,5,60,14,29,64,1.0,10.0,7.07,0.0,11.5,29.01
17,NTRS.O,노던 트러스트,5,60,14,29,64,1.0,10.0,7.07,28.12,8.06,28.0
17,CPT,캠든 프로퍼티 트러스트,5,60,14,29,64,1.0,10.0,7.07,0.0,10.05,23.46
17,EXPD.K,익스페디터스 인터내셔널 오브 워싱턴,5,60,14,29,64,1.0,10.0,7.07,0.0,12.4,24.17
17,L,로우스,5,60,14,29,64,1.0,10.0,7.07,0.0,8.25,23.49
17,HSIC.O,헨리 셰인,5,60,14,29,64,1.0,10.0,7.07,0.0,11.37,24.1
17,INVH.K,인비테이션 홈스,5,60,14,29,64,1.0,10.0,7.07,0.0,12.09,26.31
17,EQR,에퀴티 레지덴셜,5,60,14,29,64,1.0,10.0,7.07,0.0,7.36,23.9
17,ALLE.K,얼리지언,5,60,14,29,64,1.0,10.0,7.07,0.0,12.13,25.97
17,IFF,인터내셔널 플레이버스 & 프레그런스,5,60,14,29,64,1.0,10.0,7.07,0.0,9.43,26.71
17,ESS,에섹스 프로퍼티 트러스트,5,60,14,29,64,1.0,10.0,7.07,0.0,10.29,24.07
17,MAA,미드아메리카 아파트 커뮤니티,5,60,14,29,64,1.0,10.0,7.07,0.0,9.97,23.17
17,LH,랩코프 홀딩스,5,60,14,29,64,1.0,10.0,7.07,0.0,10.81,24.66
17,ARE,알렉산드리아 리얼에스테이트 이쿼티,5,60,14,29,64,1.0,10.0,7.07,0.0,7.44,24.6
17,BFb,브라운-포맨 Class B,5,60,14,29,64,1.0,10.0,7.07,0.0,9.97,22.73
17,PSA,퍼블릭 스토리지,5,60,14,29,64,1.0,10.0,7.07,0.0,11.11,21.95
17,EIX,에디슨 인터내셔널,5,60,14,29,64,1.0,10.0,7.07,0.0,8.81,23.92
17,USB,U.S. 뱅코프,5,60,14,29,64,1.0,10.0,7.07,0.0,7.57,27.63
17,PNC,PNC 파이낸셜 서비스,5,60,14,29,64,1.0,10.0,7.07,55.7,11.08,27.98
17,SRE,셈프라 에너지,5,60,14,29,64,1.0,10.0,7.07,0.0,7.02,25.36
17,NWS.O,뉴스 코퍼레이션 Class B,5,60,14,29,64,1.0,10.0,7.07,0.0,10.11,29.02
17,REG.O,리젠시 센터스,5,60,14,29,64,1.0,10.0,7.07,61.03,8.38,28.14
17,WMT,월마트,5,60,14,29,64,1.0,10.0,7.07,2.78,7.62,26.15
17,XOM,엑슨 모빌,5,60,14,29,64,1.0,10.0,7.07,84.41,8.19,25.31
17,CVX,셰브론,5,60,14,29,64,1.0,10.0,7.07,20.49,9.54,27.06
17,DIS,월트 디즈니,5,60,14,29,64,1.0,10.0,7.07,0.0,11.6,26.11
17,CSCO.O,시스코 시스템즈,5,60,14,29,64,1.0,10.0,7.07,24.7,8.88,25.96
17,TGT,타겟,5,60,14,29,64,1.0,10.0,7.07,0.0,12.21,27.87
17,UPS,유나이티드 파셀 서비스,5,60,14,29,64,1.0,10.0,7.07,0.0,8.83,23.0
17,ELV,엘레반스 헬스,5,60,14,29,64,1.0,10.0,7.07,0.0,8.76,23.49
17,CVS,CVS 헬스,5,60,14,29,64,1.0,10.0,7.07,0.0,7.84,24.33
17,ADM,아처 대니얼스 미들랜드,5,60,14,29,64,1.0,10.0,7.07,0.0,9.79,26.0
17,OMC,옴니콤 그룹,5,60,14,29,64,1.0,10.0,7.07,23.33,10.3,24.92
17,PCAR.O,파카,5,60,14,29,64,1.0,10.0,7.07,0.0,11.84,27.57
17,CAH,카디널 헬스,5,60,14,29,64,1.0,10.0,7.07,0.0,11.39,26.48
17,BG,번지 글로벌,5,60,14,29,64,1.0,10.0,7.07,0.0,9.56,28.73
17,DLR,디지털 리얼티 트러스트,5,60,14,29,64,1.0,10.0,7.07,0.0,10.63,26.75
17,GPC,제뉴인 파츠,5,60,14,29,64,1.0,10.0,7.07,0.0,11.9,24.24
17,O,리얼티 인컴,5,60,14,29,64,1.0,10.0,7.07,0.0,6.94,24.33
17,WELL.K,웰타워,5,60,14,29,64,1.0,10.0,7.07,0.0,11.26,29.08
17,FIS,피델리티 내셔널 인포메이션 서비스,5,60,14,29,64,1.0,10.0,7.07,0.0,11.43,26.93
17,CNP,센터포인트 에너지,5,60,14,29,64,1.0,10.0,7.07,0.0,8.9,24.49
17,SYY,시스코,5,60,14,29,64,1.0,10.0,7.07,0.0,10.04,26.41
17,EMR,에머슨 일렉트릭,5,60,14,29,64,1.0,10.0,7.07,15.38,10.04,26.3
17,FRT,페더럴 리얼티 인베스트먼트 트러스트,5,60,14,29,64,1.0,10.0,7.07,38.46,5.88,26.43
17,NWS.O,뉴스 코퍼레이션 Class B,5,120,14,49,79,1.0,10.0,6.89,6.14,10.11,29.02
17,REG.O,리젠시 센터스,5,120,14,49,79,1.0,10.0,6.89,3.72,8.38,28.14
17,CAH,카디널 헬스,5,120,14,49,79,1.0,10.0,6.89,8.19,11.39,26.48
17,PNC,PNC 파이낸셜 서비스,5,120,14,49,79,1.0,10.0,6.89,11.24,11.08,27.98
17,OMC,옴니콤 그룹,5,120,14,49,79,1.0,10.0,6.89,5.45,10.3,24.92
17,EMR,에머슨 일렉트릭,5,120,14,49,79,1.0,10.0,6.89,6.41,10.04,26.3
17,SYY,시스코,5,120,14,49,79,1.0,10.0,6.89,7.18,10.04,26.41
17,CNP,센터포인트 에너지,5,120,14,49,79,1.0,10.0,6.89,6.17,8.9,24.49
17,FIS,피델리티 내셔널 인포메이션 서비스,5,120,14,49,79,1.0,10.0,6.89,1.07,11.43,26.93
17,WELL.K,웰타워,5,120,14,49,79,1.0,10.0,6.89,5.95,11.26,29.08
17,O,리얼티 인컴,5,120,14,49,79,1.0,10.0,6.89,3.56,6.94,24.33
17,GPC,제뉴인 파츠,5,120,14,49,79,1.0,10.0,6.89,4.55,11.9,24.24
17,DLR,디지털 리얼티 트러스트,5,120,14,49,79,1.0,10.0,6.89,14.87,10.63,26.75
17,BG,번지 글로벌,5,120,14,49,79,1.0,10.0,6.89,4.42,9.56,28.73
17,USB,U.S. 뱅코프,5,120,14,49,79,1.0,10.0,6.89,3.66,7.57,27.63
17,FRT,페더럴 리얼티 인베스트먼트 트러스트,5,120,14,49,79,1.0,10.0,6.89,-4.12,5.88,26.43
17,PCAR.O,파카,5,120,14,49,79,1.0,10.0,6.89,8.11,11.84,27.57
17,ADM,아처 대니얼스 미들랜드,5,120,14,49,79,1.0,10.0,6.89,10.98,9.79,26.0
17,SRE,셈프라 에너지,5,120,14,49,79,1.0,10.0,6.89,5.19,7.02,25.36
17,CVS,CVS 헬스,5,120,14,49,79,1.0,10.0,6.89,-5.04,7.84,24.33
17,ELV,엘레반스 헬스,5,120,14,49,79,1.0,10.0,6.89,20.87,8.76,23.49
17,UPS,유나이티드 파셀 서비스,5,120,14,49,79,1.0,10.0,6.89,7.28,8.83,23.0
17,TGT,타겟,5,120,14,49,79,1.0,10.0,6.89,8.05,12.21,27.87
17,CSCO.O,시스코 시스템즈,5,120,14,49,79,1.0,10.0,6.89,10.46,8.88,25.96
17,DIS,월트 디즈니,5,120,14,49,79,1.0,10.0,6.89,6.18,11.6,26.11
17,CVX,셰브론,5,120,14,49,79,1.0,10.0,6.89,3.71,9.54,27.06
17,XOM,엑슨 모빌,5,120,14,49,79,1.0,10.0,6.89,3.71,8.19,25.31
17,PSA,퍼블릭 스토리지,5,120,14,49,79,1.0,10.0,6.89,4.58,11.11,21.95
17,EIX,에디슨 인터내셔널,5,120,14,49,79,1.0,10.0,6.89,2.36,8.81,23.92
17,DGX,퀘스트 다이아그노스틱스,5,120,14,49,79,1.0,10.0,6.89,10.62,10.54,22.98
17,BK,뱅크 오브 뉴욕 멜론,5,120,14,49,79,1.0,10.0,6.89,8.97,10.0,27.05
17,CPT,캠든 프로퍼티 트러스트,5,120,14,49,79,1.0,10.0,6.89,9.24,10.05,23.46
17,BFb,브라운-포맨 Class B,5,120,14,49,79,1.0,10.0,6.89,-1.44,9.97,22.73
17,ARE,알렉산드리아 리얼에스테이트 이쿼티,5,120,14,49,79,1.0,10.0,6.89,4.19,7.44,24.6
17,LH,랩코프 홀딩스,5,120,14,49,79,1.0,10.0,6.89,10.31,10.81,24.66
17,MAA,미드아메리카 아파트 커뮤니티,5,120,14,49,79,1.0,10.0,6.89,10.29,9.97,23.17
17,ESS,에섹스 프로퍼티 트러스트,5,120,14,49,79,1.0,10.0,6.89,5.64,10.29,24.07
17,IFF,인터내셔널 플레이버스 & 프레그런스,5,120,14,49,79,1.0,10.0,6.89,2.48,9.43,26.71
17,ALLE.K,얼리지언,5,120,14,49,79,1.0,10.0,6.89,2.81,12.13,25.97
17,EQR,에퀴티 레지덴셜,5,120,14,49,79,1.0,10.0,6.89,2.95,7.36,23.9
17,INVH.K,인비테이션 홈스,5,120,14,49,79,1.0,10.0,6.89,15.45,12.09,26.31
17,HSIC.O,헨리 셰인,5,120,14,49,79,1.0,10.0,6.89,0.66,11.37,24.1
17,L,로우스,5,120,14,49,79,1.0,10.0,6.89,5.04,8.25,23.49
17,EXPD.K,익스페디터스 인터내셔널 오브 워싱턴,5,120,14,49,79,1.0,10.0,6.89,10.97,12.4,24.17
17,TROW.O,티 로웨 프라이스 그룹,5,120,14,49,79,1.0,10.0,6.89,13.13,11.0,28.49
17,CTSH.O,코그니전트 테크놀로지 솔루션,5,120,14,49,79,1.0,10.0,6.89,5.1,11.5,29.01
17,AVB,아발론베이 커뮤니티,5,120,14,49,79,1.0,10.0,6.89,3.24,8.2,23.49
17,ZBH,짐머 바이오멧 홀딩스,5,120,14,49,79,1.0,10.0,6.89,7.07,8.26,25.69
17,CCI,크라운 캐슬,5,120,14,49,79,1.0,10.0,6.89,-7.42,9.8,23.52
17,CHRW.O,CH 로빈슨 월드와이드,5,120,14,49,79,1.0,10.0,6.89,0.99,6.33,25.1
17,TAP,몰슨 쿠어스 베버리지 Class B,5,120,14,49,79,1.0,10.0,6.89,1.22,4.47,26.41
17,GRMN.K,가민,5,120,14,49,79,1.0,10.0,6.89,69.93,10.64,26.54
17,NTRS.O,노던 트러스트,5,120,14,49,79,1.0,10.0,6.89,6.04,8.06,28.0
17,UDR,UDR,5,120,14,49,79,1.0,10.0,6.89,4.49,8.42,24.52
17,WMT,월마트,5,120,14,49,79,1.0,10.0,6.89,1.94,7.62,26.15
17,DGX,퀘스트 다이아그노스틱스,5,60,14,44,79,1.0,10.0,6.7,14.36,10.54,22.98
17,XOM,엑슨 모빌,5,60,14,44,79,1.0,10.0,6.7,2.82,8.19,25.31
17,NTRS.O,노던 트러스트,5,60,14,44,79,1.0,10.0,6.7,6.36,8.06,28.0
17,TAP,몰슨 쿠어스 베버리지 Class B,5,60,14,44,79,1.0,10.0,6.7,1.2,4.47,26.41
17,CHRW.O,CH 로빈슨 월드와이드,5,60,14,44,79,1.0,10.0,6.7,2.22,6.33,25.1
17,CCI,크라운 캐슬,5,60,14,44,79,1.0,10.0,6.7,-20.21,9.8,23.52
17,ZBH,짐머 바이오멧 홀딩스,5,60,14,44,79,1.0,10.0,6.7,15.3,8.26,25.69
17,AVB,아발론베이 커뮤니티,5,60,14,44,79,1.0,10.0,6.7,4.93,8.2,23.49
17,CTSH.O,코그니전트 테크놀로지 솔루션,5,60,14,44,79,1.0,10.0,6.7,6.56,11.5,29.01
17,TROW.O,티 로웨 프라이스 그룹,5,60,14,44,79,1.0,10.0,6.7,12.16,11.0,28.49
17,EXPD.K,익스페디터스 인터내셔널 오브 워싱턴,5,60,14,44,79,1.0,10.0,6.7,11.28,12.4,24.17
17,L,로우스,5,60,14,44,79,1.0,10.0,6.7,5.46,8.25,23.49
17,HSIC.O,헨리 셰인,5,60,14,44,79,1.0,10.0,6.7,1.88,11.37,24.1
17,INVH.K,인비테이션 홈스,5,60,14,44,79,1.0,10.0,6.7,26.78,12.09,26.31
17,EQR,에퀴티 레지덴셜,5,60,14,44,79,1.0,10.0,6.7,3.31,7.36,23.9
17,ALLE.K,얼리지언,5,60,14,44,79,1.0,10.0,6.7,6.43,12.13,25.97
17,IFF,인터내셔널 플레이버스 & 프레그런스,5,60,14,44,79,1.0,10.0,6.7,-6.12,9.43,26.71
17,ESS,에섹스 프로퍼티 트러스트,5,60,14,44,79,1.0,10.0,6.7,2.29,10.29,24.07
17,MAA,미드아메리카 아파트 커뮤니티,5,60,14,44,79,1.0,10.0,6.7,10.44,9.97,23.17
17,LH,랩코프 홀딩스,5,60,14,44,79,1.0,10.0,6.7,15.31,10.81,24.66
17,ARE,알렉산드리아 리얼에스테이트 이쿼티,5,60,14,44,79,1.0,10.0,6.7,4.04,7.44,24.6
17,BFb,브라운-포맨 Class B,5,60,14,44,79,1.0,10.0,6.7,-33.18,9.97,22.73
17,CPT,캠든 프로퍼티 트러스트,5,60,14,44,79,1.0,10.0,6.7,10.09,10.05,23.46
17,REG.O,리젠시 센터스,5,60,14,44,79,1.0,10.0,6.7,3.75,8.38,28.14
17,FRT,페더럴 리얼티 인베스트먼트 트러스트,5,60,14,44,79,1.0,10.0,6.7,-4.19,5.88,26.43
17,NWS.O,뉴스 코퍼레이션 Class B,5,60,14,44,79,1.0,10.0,6.7,6.81,10.11,29.02
17,GRMN.K,가민,5,60,14,44,79,1.0,10.0,6.7,45.29,10.64,26.54
17,UDR,UDR,5,60,14,44,79,1.0,10.0,6.7,4.82,8.42,24.52
17,CVX,셰브론,5,60,14,44,79,1.0,10.0,6.7,3.67,9.54,27.06
17,BK,뱅크 오브 뉴욕 멜론,5,60,14,44,79,1.0,10.0,6.7,8.49,10.0,27.05
17,DIS,월트 디즈니,5,60,14,44,79,1.0,10.0,6.7,17.17,11.6,26.11
17,CSCO.O,시스코 시스템즈,5,60,14,44,79,1.0,10.0,6.7,10.68,8.88,25.96
17,TGT,타겟,5,60,14,44,79,1.0,10.0,6.7,7.9,12.21,27.87
17,UPS,유나이티드 파셀 서비스,5,60,14,44,79,1.0,10.0,6.7,11.6,8.83,23.0
17,ELV,엘레반스 헬스,5,60,14,44,79,1.0,10.0,6.7,20.87,8.76,23.49
17,CVS,CVS 헬스,5,60,14,44,79,1.0,10.0,6.7,-4.85,7.84,24.33
17,SRE,셈프라 에너지,5,60,14,44,79,1.0,10.0,6.7,6.02,7.02,25.36
17,ADM,아처 대니얼스 미들랜드,5,60,14,44,79,1.0,10.0,6.7,11.73,9.79,26.0
17,PCAR.O,파카,5,60,14,44,79,1.0,10.0,6.7,9.0,11.84,27.57
17,USB,U.S. 뱅코프,5,60,14,44,79,1.0,10.0,6.7,3.84,7.57,27.63
17,CAH,카디널 헬스,5,60,14,44,79,1.0,10.0,6.7,3.67,11.39,26.48
17,BG,번지 글로벌,5,60,14,44,79,1.0,10.0,6.7,3.99,9.56,28.73
17,DLR,디지털 리얼티 트러스트,5,60,14,44,79,1.0,10.0,6.7,15.57,10.63,26.75
17,GPC,제뉴인 파츠,5,60,14,44,79,1.0,10.0,6.7,6.46,11.9,24.24
17,O,리얼티 인컴,5,60,14,44,79,1.0,10.0,6.7,3.61,6.94,24.33
17,WELL.K,웰타워,5,60,14,44,79,1.0,10.0,6.7,6.14,11.26,29.08
17,FIS,피델리티 내셔널 인포메이션 서비스,5,60,14,44,79,1.0,10.0,6.7,5.28,11.43,26.93
17,CNP,센터포인트 에너지,5,60,14,44,79,1.0,10.0,6.7,4.09,8.9,24.49
17,SYY,시스코,5,60,14,44,79,1.0,10.0,6.7,7.47,10.04,26.41
17,EMR,에머슨 일렉트릭,5,60,14,44,79,1.0,10.0,6.7,6.77,10.04,26.3
17,OMC,옴니콤 그룹,5,60,14,44,79,1.0,10.0,6.7,6.02,10.3,24.92
17,PNC,PNC 파이낸셜 서비스,5,60,14,44,79,1.0,10.0,6.7,15.78,11.08,27.98
17,PSA,퍼블릭 스토리지,5,60,14,44,79,1.0,10.0,6.7,6.04,11.11,21.95
17,WMT,월마트,5,60,14,44,79,1.0,10.0,6.7,9.41,7.62,26.15
17,EIX,에디슨 인터내셔널,5,60,14,44,79,1.0,10.0,6.7,1.69,8.81,23.92
17,EIX,에디슨 인터내셔널,5,120,14,44,74,1.0,10.0,6.51,2.36,8.81,23.92
17,BG,번지 글로벌,5,120,14,44,74,1.0,10.0,6.51,6.18,9.56,28.73
17,PSA,퍼블릭 스토리지,5,120,14,44,74,1.0,10.0,6.51,8.32,11.11,21.95
17,PNC,PNC 파이낸셜 서비스,5,120,14,44,74,1.0,10.0,6.51,13.41,11.08,27.98
17,OMC,옴니콤 그룹,5,120,14,44,74,1.0,10.0,6.51,6.75,10.3,24.92
17,EMR,에머슨 일렉트릭,5,120,14,44,74,1.0,10.0,6.51,9.75,10.04,26.3
17,SYY,시스코,5,120,14,44,74,1.0,10.0,6.51,9.46,10.04,26.41
17,CNP,센터포인트 에너지,5,120,14,44,74,1.0,10.0,6.51,6.17,8.9,24.49
17,FIS,피델리티 내셔널 인포메이션 서비스,5,120,14,44,74,1.0,10.0,6.51,6.44,11.43,26.93
17,WELL.K,웰타워,5,120,14,44,74,1.0,10.0,6.51,13.99,11.26,29.08
17,O,리얼티 인컴,5,120,14,44,74,1.0,10.0,6.51,17.97,6.94,24.33
17,GPC,제뉴인 파츠,5,120,14,44,74,1.0,10.0,6.51,5.16,11.9,24.24
17,DLR,디지털 리얼티 트러스트,5,120,14,44,74,1.0,10.0,6.51,12.58,10.63,26.75
17,CAH,카디널 헬스,5,120,14,44,74,1.0,10.0,6.51,6.2,11.39,26.48
17,WMT,월마트,5,120,14,44,74,1.0,10.0,6.51,8.12,7.62,26.15
17,USB,U.S. 뱅코프,5,120,14,44,74,1.0,10.0,6.51,1.06,7.57,27.63
17,PCAR.O,파카,5,120,14,44,74,1.0,10.0,6.51,8.88,11.84,27.57
17,ADM,아처 대니얼스 미들랜드,5,120,14,44,74,1.0,10.0,6.51,13.59,9.79,26.0
17,SRE,셈프라 에너지,5,120,14,44,74,1.0,10.0,6.51,8.2,7.02,25.36
17,CVS,CVS 헬스,5,120,14,44,74,1.0,10.0,6.51,-0.53,7.84,24.33
17,ELV,엘레반스 헬스,5,120,14,44,74,1.0,10.0,6.51,20.87,8.76,23.49
17,UPS,유나이티드 파셀 서비스,5,120,14,44,74,1.0,10.0,6.51,9.63,8.83,23.0
17,TGT,타겟,5,120,14,44,74,1.0,10.0,6.51,7.75,12.21,27.87
17,CSCO.O,시스코 시스템즈,5,120,14,44,74,1.0,10.0,6.51,12.56,8.88,25.96
17,DIS,월트 디즈니,5,120,14,44,74,1.0,10.0,6.51,-11.81,11.6,26.11
17,CVX,셰브론,5,120,14,44,74,1.0,10.0,6.51,5.77,9.54,27.06
17,DGX,퀘스트 다이아그노스틱스,5,120,14,44,74,1.0,10.0,6.51,11.58,10.54,22.98
17,BK,뱅크 오브 뉴욕 멜론,5,120,14,44,74,1.0,10.0,6.51,8.97,10.0,27.05
17,UDR,UDR,5,120,14,44,74,1.0,10.0,6.51,18.94,8.42,24.52
17,NTRS.O,노던 트러스트,5,120,14,44,74,1.0,10.0,6.51,6.04,8.06,28.0
17,NWS.O,뉴스 코퍼레이션 Class B,5,120,14,44,74,1.0,10.0,6.51,12.29,10.11,29.02
17,FRT,페더럴 리얼티 인베스트먼트 트러스트,5,120,14,44,74,1.0,10.0,6.51,-4.12,5.88,26.43
17,REG.O,리젠시 센터스,5,120,14,44,74,1.0,10.0,6.51,-1.16,8.38,28.14
17,CPT,캠든 프로퍼티 트러스트,5,120,14,44,74,1.0,10.0,6.51,-4.55,10.05,23.46
17,BFb,브라운-포맨 Class B,5,120,14,44,74,1.0,10.0,6.51,-33.3,9.97,22.73
17,ARE,알렉산드리아 리얼에스테이트 이쿼티,5,120,14,44,74,1.0,10.0,6.51,2.02,7.44,24.6
17,LH,랩코프 홀딩스,5,120,14,44,74,1.0,10.0,6.51,21.69,10.81,24.66
17,MAA,미드아메리카 아파트 커뮤니티,5,120,14,44,74,1.0,10.0,6.51,12.3,9.97,23.17
17,ESS,에섹스 프로퍼티 트러스트,5,120,14,44,74,1.0,10.0,6.51,5.07,10.29,24.07
17,IFF,인터내셔널 플레이버스 & 프레그런스,5,120,14,44,74,1.0,10.0,6.51,-7.44,9.43,26.71
17,ALLE.K,얼리지언,5,120,14,44,74,1.0,10.0,6.51,0.0,12.13,25.97
17,EQR,에퀴티 레지덴셜,5,120,14,44,74,1.0,10.0,6.51,11.06,7.36,23.9
17,INVH.K,인비테이션 홈스,5,120,14,44,74,1.0,10.0,6.51,0.0,12.09,26.31
17,HSIC.O,헨리 셰인,5,120,14,44,74,1.0,10.0,6.51,0.66,11.37,24.1
17,L,로우스,5,120,14,44,74,1.0,10.0,6.51,5.04,8.25,23.49
17,EXPD.K,익스페디터스 인터내셔널 오브 워싱턴,5,120,14,44,74,1.0,10.0,6.51,8.46,12.4,24.17
17,TROW.O,티 로웨 프라이스 그룹,5,120,14,44,74,1.0,10.0,6.51,5.74,11.0,28.49
17,CTSH.O,코그니전트 테크놀로지 솔루션,5,120,14,44,74,1.0,10.0,6.51,1.78,11.5,29.01
17,AVB,아발론베이 커뮤니티,5,120,14,44,74,1.0,10.0,6.51,6.47,8.2,23.49
17,ZBH,짐머 바이오멧 홀딩스,5,120,14,44,74,1.0,10.0,6.51,-4.06,8.26,25.69
17,CCI,크라운 캐슬,5,120,14,44,74,1.0,10.0,6.51,-26.32,9.8,23.52
17,CHRW.O,CH 로빈슨 월드와이드,5,120,14,44,74,1.0,10.0,6.51,3.26,6.33,25.1
17,TAP,몰슨 쿠어스 베버리지 Class B,5,120,14,44,74,1.0,10.0,6.51,0.19,4.47,26.41
17,GRMN.K,가민,5,120,14,44,74,1.0,10.0,6.51,86.02,10.64,26.54
17,XOM,엑슨 모빌,5,120,14,44,74,1.0,10.0,6.51,2.32,8.19,25.31
17,WMT,월마트,5,120,14,39,74,1.0,10.0,6.43,8.12,7.62,26.15
17,XOM,엑슨 모빌,5,120,14,39,74,1.0,10.0,6.43,2.32,8.19,25.31
17,CVX,셰브론,5,120,14,39,74,1.0,10.0,6.43,10.9,9.54,27.06
17,TGT,타겟,5,120,14,39,74,1.0,10.0,6.43,37.08,12.21,27.87
17,CHRW.O,CH 로빈슨 월드와이드,5,120,14,39,74,1.0,10.0,6.43,3.26,6.33,25.1
17,CCI,크라운 캐슬,5,120,14,39,74,1.0,10.0,6.43,-12.5,9.8,23.52
17,ZBH,짐머 바이오멧 홀딩스,5,120,14,39,74,1.0,10.0,6.43,-4.06,8.26,25.69
17,AVB,아발론베이 커뮤니티,5,120,14,39,74,1.0,10.0,6.43,6.47,8.2,23.49
17,CTSH.O,코그니전트 테크놀로지 솔루션,5,120,14,39,74,1.0,10.0,6.43,2.99,11.5,29.01
17,TROW.O,티 로웨 프라이스 그룹,5,120,14,39,74,1.0,10.0,6.43,9.33,11.0,28.49
17,EXPD.K,익스페디터스 인터내셔널 오브 워싱턴,5,120,14,39,74,1.0,10.0,6.43,0.0,12.4,24.17
17,L,로우스,5,120,14,39,74,1.0,10.0,6.43,5.04,8.25,23.49
17,HSIC.O,헨리 셰인,5,120,14,39,74,1.0,10.0,6.43,0.66,11.37,24.1
17,INVH.K,인비테이션 홈스,5,120,14,39,74,1.0,10.0,6.43,0.0,12.09,26.31
17,EQR,에퀴티 레지덴셜,5,120,14,39,74,1.0,10.0,6.43,3.63,7.36,23.9
17,ALLE.K,얼리지언,5,120,14,39,74,1.0,10.0,6.43,0.0,12.13,25.97
17,IFF,인터내셔널 플레이버스 & 프레그런스,5,120,14,39,74,1.0,10.0,6.43,-7.44,9.43,26.71
17,ESS,에섹스 프로퍼티 트러스트,5,120,14,39,74,1.0,10.0,6.43,5.07,10.29,24.07
17,MAA,미드아메리카 아파트 커뮤니티,5,120,14,39,74,1.0,10.0,6.43,14.67,9.97,23.17
17,LH,랩코프 홀딩스,5,120,14,39,74,1.0,10.0,6.43,44.81,10.81,24.66
17,ARE,알렉산드리아 리얼에스테이트 이쿼티,5,120,14,39,74,1.0,10.0,6.43,0.0,7.44,24.6
17,BFb,브라운-포맨 Class B,5,120,14,39,74,1.0,10.0,6.43,-58.28,9.97,22.73
17,CPT,캠든 프로퍼티 트러스트,5,120,14,39,74,1.0,10.0,6.43,17.04,10.05,23.46
17,REG.O,리젠시 센터스,5,120,14,39,74,1.0,10.0,6.43,8.45,8.38,28.14
17,FRT,페더럴 리얼티 인베스트먼트 트러스트,5,120,14,39,74,1.0,10.0,6.43,-3.62,5.88,26.43
17,NWS.O,뉴스 코퍼레이션 Class B,5,120,14,39,74,1.0,10.0,6.43,7.2,10.11,29.02
17,CSCO.O,시스코 시스템즈,5,120,14,39,74,1.0,10.0,6.43,15.74,8.88,25.96
17,TAP,몰슨 쿠어스 베버리지 Class B,5,120,14,39,74,1.0,10.0,6.43,0.66,4.47,26.41
17,GRMN.K,가민,5,120,14,39,74,1.0,10.0,6.43,0.0,10.64,26.54
17,NTRS.O,노던 트러스트,5,120,14,39,74,1.0,10.0,6.43,6.04,8.06,28.0
17,O,리얼티 인컴,5,120,14,39,74,1.0,10.0,6.43,0.0,6.94,24.33
17,ELV,엘레반스 헬스,5,120,14,39,74,1.0,10.0,6.43,20.87,8.76,23.49
17,CVS,CVS 헬스,5,120,14,39,74,1.0,10.0,6.43,9.86,7.84,24.33
17,SRE,셈프라 에너지,5,120,14,39,74,1.0,10.0,6.43,9.78,7.02,25.36
17,ADM,아처 대니얼스 미들랜드,5,120,14,39,74,1.0,10.0,6.43,19.5,9.79,26.0
17,PCAR.O,파카,5,120,14,39,74,1.0,10.0,6.43,0.0,11.84,27.57
17,USB,U.S. 뱅코프,5,120,14,39,74,1.0,10.0,6.43,1.06,7.57,27.63
17,CAH,카디널 헬스,5,120,14,39,74,1.0,10.0,6.43,6.2,11.39,26.48
17,BG,번지 글로벌,5,120,14,39,74,1.0,10.0,6.43,6.18,9.56,28.73
17,DLR,디지털 리얼티 트러스트,5,120,14,39,74,1.0,10.0,6.43,12.58,10.63,26.75
17,GPC,제뉴인 파츠,5,120,14,39,74,1.0,10.0,6.43,5.16,11.9,24.24
17,WELL.K,웰타워,5,120,14,39,74,1.0,10.0,6.43,19.31,11.26,29.08
17,UDR,UDR,5,120,14,39,74,1.0,10.0,6.43,33.76,8.42,24.52
17,FIS,피델리티 내셔널 인포메이션 서비스,5,120,14,39,74,1.0,10.0,6.43,7.46,11.43,26.93
17,CNP,센터포인트 에너지,5,120,14,39,74,1.0,10.0,6.43,6.17,8.9,24.49
17,SYY,시스코,5,120,14,39,74,1.0,10.0,6.43,0.0,10.04,26.41
17,EMR,에머슨 일렉트릭,5,120,14,39,74,1.0,10.0,6.43,13.78,10.04,26.3
17,OMC,옴니콤 그룹,5,120,14,39,74,1.0,10.0,6.43,15.71,10.3,24.92
17,PNC,PNC 파이낸셜 서비스,5,120,14,39,74,1.0,10.0,6.43,22.91,11.08,27.98
17,PSA,퍼블릭 스토리지,5,120,14,39,74,1.0,10.0,6.43,0.0,11.11,21.95
17,EIX,에디슨 인터내셔널,5,120,14,39,74,1.0,10.0,6.43,0.0,8.81,23.92
17,DGX,퀘스트 다이아그노스틱스,5,120,14,39,74,1.0,10.0,6.43,4.66,10.54,22.98
17,BK,뱅크 오브 뉴욕 멜론,5,120,14,39,74,1.0,10.0,6.43,8.97,10.0,27.05
17,DIS,월트 디즈니,5,120,14,39,74,1.0,10.0,6.43,-11.81,11.6,26.11
17,UPS,유나이티드 파셀 서비스,5,120,14,39,74,1.0,10.0,6.43,18.12,8.83,23.0
17,NWS.O,뉴스 코퍼레이션 Class B,5,60,14,49,79,1.0,10.0,6.28,6.81,10.11,29.02
17,REG.O,리젠시 센터스,5,60,14,49,79,1.0,10.0,6.28,3.75,8.38,28.14
17,PSA,퍼블릭 스토리지,5,60,14,49,79,1.0,10.0,6.28,3.63,11.11,21.95
17,PNC,PNC 파이낸셜 서비스,5,60,14,49,79,1.0,10.0,6.28,12.01,11.08,27.98
17,OMC,옴니콤 그룹,5,60,14,49,79,1.0,10.0,6.28,6.02,10.3,24.92
17,EMR,에머슨 일렉트릭,5,60,14,49,79,1.0,10.0,6.28,6.77,10.04,26.3
17,SYY,시스코,5,60,14,49,79,1.0,10.0,6.28,7.47,10.04,26.41
17,CNP,센터포인트 에너지,5,60,14,49,79,1.0,10.0,6.28,4.09,8.9,24.49
17,FIS,피델리티 내셔널 인포메이션 서비스,5,60,14,49,79,1.0,10.0,6.28,8.9,11.43,26.93
17,WELL.K,웰타워,5,60,14,49,79,1.0,10.0,6.28,6.14,11.26,29.08
17,O,리얼티 인컴,5,60,14,49,79,1.0,10.0,6.28,3.61,6.94,24.33
17,GPC,제뉴인 파츠,5,60,14,49,79,1.0,10.0,6.28,5.3,11.9,24.24
17,DLR,디지털 리얼티 트러스트,5,60,14,49,79,1.0,10.0,6.28,9.82,10.63,26.75
17,BG,번지 글로벌,5,60,14,49,79,1.0,10.0,6.28,4.48,9.56,28.73
17,CAH,카디널 헬스,5,60,14,49,79,1.0,10.0,6.28,8.76,11.39,26.48
17,USB,U.S. 뱅코프,5,60,14,49,79,1.0,10.0,6.28,3.84,7.57,27.63
17,PCAR.O,파카,5,60,14,49,79,1.0,10.0,6.28,9.0,11.84,27.57
17,ADM,아처 대니얼스 미들랜드,5,60,14,49,79,1.0,10.0,6.28,9.55,9.79,26.0
17,SRE,셈프라 에너지,5,60,14,49,79,1.0,10.0,6.28,6.02,7.02,25.36
17,CVS,CVS 헬스,5,60,14,49,79,1.0,10.0,6.28,-4.85,7.84,24.33
17,ELV,엘레반스 헬스,5,60,14,49,79,1.0,10.0,6.28,18.36,8.76,23.49
17,UPS,유나이티드 파셀 서비스,5,60,14,49,79,1.0,10.0,6.28,7.23,8.83,23.0
17,TGT,타겟,5,60,14,49,79,1.0,10.0,6.28,7.93,12.21,27.87
17,CSCO.O,시스코 시스템즈,5,60,14,49,79,1.0,10.0,6.28,10.68,8.88,25.96
17,DIS,월트 디즈니,5,60,14,49,79,1.0,10.0,6.28,7.15,11.6,26.11
17,EIX,에디슨 인터내셔널,5,60,14,49,79,1.0,10.0,6.28,1.69,8.81,23.92
17,DGX,퀘스트 다이아그노스틱스,5,60,14,49,79,1.0,10.0,6.28,11.9,10.54,22.98
17,BK,뱅크 오브 뉴욕 멜론,5,60,14,49,79,1.0,10.0,6.28,8.49,10.0,27.05
17,HSIC.O,헨리 셰인,5,60,14,49,79,1.0,10.0,6.28,1.88,11.37,24.1
17,CPT,캠든 프로퍼티 트러스트,5,60,14,49,79,1.0,10.0,6.28,8.43,10.05,23.46
17,BFb,브라운-포맨 Class B,5,60,14,49,79,1.0,10.0,6.28,-0.75,9.97,22.73
17,ARE,알렉산드리아 리얼에스테이트 이쿼티,5,60,14,49,79,1.0,10.0,6.28,4.04,7.44,24.6
17,LH,랩코프 홀딩스,5,60,14,49,79,1.0,10.0,6.28,9.85,10.81,24.66
17,MAA,미드아메리카 아파트 커뮤니티,5,60,14,49,79,1.0,10.0,6.28,9.53,9.97,23.17
17,ESS,에섹스 프로퍼티 트러스트,5,60,14,49,79,1.0,10.0,6.28,5.57,10.29,24.07
17,IFF,인터내셔널 플레이버스 & 프레그런스,5,60,14,49,79,1.0,10.0,6.28,3.29,9.43,26.71
17,ALLE.K,얼리지언,5,60,14,49,79,1.0,10.0,6.28,-0.42,12.13,25.97
17,EQR,에퀴티 레지덴셜,5,60,14,49,79,1.0,10.0,6.28,2.3,7.36,23.9
17,INVH.K,인비테이션 홈스,5,60,14,49,79,1.0,10.0,6.28,13.48,12.09,26.31
17,L,로우스,5,60,14,49,79,1.0,10.0,6.28,5.46,8.25,23.49
17,UDR,UDR,5,60,14,49,79,1.0,10.0,6.28,3.99,8.42,24.52
17,EXPD.K,익스페디터스 인터내셔널 오브 워싱턴,5,60,14,49,79,1.0,10.0,6.28,10.12,12.4,24.17
17,TROW.O,티 로웨 프라이스 그룹,5,60,14,49,79,1.0,10.0,6.28,9.62,11.0,28.49
17,CTSH.O,코그니전트 테크놀로지 솔루션,5,60,14,49,79,1.0,10.0,6.28,5.6,11.5,29.01
17,AVB,아발론베이 커뮤니티,5,60,14,49,79,1.0,10.0,6.28,3.24,8.2,23.49
17,ZBH,짐머 바이오멧 홀딩스,5,60,14,49,79,1.0,10.0,6.28,6.31,8.26,25.69
17,CCI,크라운 캐슬,5,60,14,49,79,1.0,10.0,6.28,-12.67,9.8,23.52
17,CHRW.O,CH 로빈슨 월드와이드,5,60,14,49,79,1.0,10.0,6.28,1.33,6.33,25.1
17,TAP,몰슨 쿠어스 베버리지 Class B,5,60,14,49,79,1.0,10.0,6.28,1.2,4.47,26.41
17,GRMN.K,가민,5,60,14,49,79,1.0,10.0,6.28,45.29,10.64,26.54
17,NTRS.O,노던 트러스트,5,60,14,49,79,1.0,10.0,6.28,6.36,8.06,28.0
17,FRT,페더럴 리얼티 인베스트먼트 트러스트,5,60,14,49,79,1.0,10.0,6.28,-0.18,5.88,26.43
17,CVX,셰브론,5,60,14,49,79,1.0,10.0,6.28,3.67,9.54,27.06
17,XOM,엑슨 모빌,5,60,14,49,79,1.0,10.0,6.28,2.01,8.19,25.31
17,WMT,월마트,5,60,14,49,79,1.0,10.0,6.28,2.26,7.62,26.15
17,REG.O,리젠시 센터스,5,120,14,44,79,1.0,10.0,5.47,-1.16,8.38,28.14
17,HSIC.O,헨리 셰인,5,120,14,44,79,1.0,10.0,5.47,0.66,11.37,24.1
17,UDR,UDR,5,120,14,44,79,1.0,10.0,5.47,0.65,8.42,24.52
17,NTRS.O,노던 트러스트,5,120,14,44,79,1.0,10.0,5.47,6.04,8.06,28.0
17,GRMN.K,가민,5,120,14,44,79,1.0,10.0,5.47,67.35,10.64,26.54
17,TAP,몰슨 쿠어스 베버리지 Class B,5,120,14,44,79,1.0,10.0,5.47,1.22,4.47,26.41
17,CHRW.O,CH 로빈슨 월드와이드,5,120,14,44,79,1.0,10.0,5.47,3.26,6.33,25.1
17,CCI,크라운 캐슬,5,120,14,44,79,1.0,10.0,5.47,-26.32,9.8,23.52
17,ZBH,짐머 바이오멧 홀딩스,5,120,14,44,79,1.0,10.0,5.47,-4.06,8.26,25.69
17,AVB,아발론베이 커뮤니티,5,120,14,44,79,1.0,10.0,5.47,6.47,8.2,23.49
17,CTSH.O,코그니전트 테크놀로지 솔루션,5,120,14,44,79,1.0,10.0,5.47,1.78,11.5,29.01
17,EXPD.K,익스페디터스 인터내셔널 오브 워싱턴,5,120,14,44,79,1.0,10.0,5.47,11.5,12.4,24.17
17,L,로우스,5,120,14,44,79,1.0,10.0,5.47,5.04,8.25,23.49
17,EQR,에퀴티 레지덴셜,5,120,14,44,79,1.0,10.0,5.47,3.86,7.36,23.9
17,INVH.K,인비테이션 홈스,5,120,14,44,79,1.0,10.0,5.47,0.0,12.09,26.31
17,DGX,퀘스트 다이아그노스틱스,5,120,14,44,79,1.0,10.0,5.47,11.98,10.54,22.98
17,ALLE.K,얼리지언,5,120,14,44,79,1.0,10.0,5.47,0.0,12.13,25.97
17,IFF,인터내셔널 플레이버스 & 프레그런스,5,120,14,44,79,1.0,10.0,5.47,-7.44,9.43,26.71
17,ESS,에섹스 프로퍼티 트러스트,5,120,14,44,79,1.0,10.0,5.47,5.07,10.29,24.07
17,MAA,미드아메리카 아파트 커뮤니티,5,120,14,44,79,1.0,10.0,5.47,14.15,9.97,23.17
17,LH,랩코프 홀딩스,5,120,14,44,79,1.0,10.0,5.47,26.43,10.81,24.66
17,ARE,알렉산드리아 리얼에스테이트 이쿼티,5,120,14,44,79,1.0,10.0,5.47,4.19,7.44,24.6
17,BFb,브라운-포맨 Class B,5,120,14,44,79,1.0,10.0,5.47,-33.3,9.97,22.73
17,CPT,캠든 프로퍼티 트러스트,5,120,14,44,79,1.0,10.0,5.47,-4.55,10.05,23.46
17,FRT,페더럴 리얼티 인베스트먼트 트러스트,5,120,14,44,79,1.0,10.0,5.47,-4.12,5.88,26.43
17,NWS.O,뉴스 코퍼레이션 Class B,5,120,14,44,79,1.0,10.0,5.47,6.14,10.11,29.02
17,BK,뱅크 오브 뉴욕 멜론,5,120,14,44,79,1.0,10.0,5.47,8.97,10.0,27.05
17,TROW.O,티 로웨 프라이스 그룹,5,120,14,44,79,1.0,10.0,5.47,13.13,11.0,28.49
17,EIX,에디슨 인터내셔널,5,120,14,44,79,1.0,10.0,5.47,2.36,8.81,23.92
17,USB,U.S. 뱅코프,5,120,14,44,79,1.0,10.0,5.47,1.06,7.57,27.63
17,WMT,월마트,5,120,14,44,79,1.0,10.0,5.47,9.92,7.62,26.15
17,XOM,엑슨 모빌,5,120,14,44,79,1.0,10.0,5.47,3.71,8.19,25.31
17,PSA,퍼블릭 스토리지,5,120,14,44,79,1.0,10.0,5.47,8.32,11.11,21.95
17,DIS,월트 디즈니,5,120,14,44,79,1.0,10.0,5.47,-11.81,11.6,26.11
17,CSCO.O,시스코 시스템즈,5,120,14,44,79,1.0,10.0,5.47,13.48,8.88,25.96
17,TGT,타겟,5,120,14,44,79,1.0,10.0,5.47,8.05,12.21,27.87
17,UPS,유나이티드 파셀 서비스,5,120,14,44,79,1.0,10.0,5.47,11.11,8.83,23.0
17,ELV,엘레반스 헬스,5,120,14,44,79,1.0,10.0,5.47,20.87,8.76,23.49
17,CVS,CVS 헬스,5,120,14,44,79,1.0,10.0,5.47,-5.04,7.84,24.33
17,SRE,셈프라 에너지,5,120,14,44,79,1.0,10.0,5.47,5.19,7.02,25.36
17,ADM,아처 대니얼스 미들랜드,5,120,14,44,79,1.0,10.0,5.47,11.02,9.79,26.0
17,PCAR.O,파카,5,120,14,44,79,1.0,10.0,5.47,8.88,11.84,27.57
17,CVX,셰브론,5,120,14,44,79,1.0,10.0,5.47,3.71,9.54,27.06
17,CAH,카디널 헬스,5,120,14,44,79,1.0,10.0,5.47,5.43,11.39,26.48
17,FIS,피델리티 내셔널 인포메이션 서비스,5,120,14,44,79,1.0,10.0,5.47,10.18,11.43,26.93
17,BG,번지 글로벌,5,120,14,44,79,1.0,10.0,5.47,6.97,9.56,28.73
17,PNC,PNC 파이낸셜 서비스,5,120,14,44,79,1.0,10.0,5.47,14.68,11.08,27.98
17,EMR,에머슨 일렉트릭,5,120,14,44,79,1.0,10.0,5.47,6.97,10.04,26.3
17,SYY,시스코,5,120,14,44,79,1.0,10.0,5.47,7.48,10.04,26.41
17,CNP,센터포인트 에너지,5,120,14,44,79,1.0,10.0,5.47,6.17,8.9,24.49
17,OMC,옴니콤 그룹,5,120,14,44,79,1.0,10.0,5.47,5.45,10.3,24.92
17,WELL.K,웰타워,5,120,14,44,79,1.0,10.0,5.47,5.95,11.26,29.08
17,O,리얼티 인컴,5,120,14,44,79,1.0,10.0,5.47,3.56,6.94,24.33
17,GPC,제뉴인 파츠,5,120,14,44,79,1.0,10.0,5.47,5.16,11.9,24.24
17,DLR,디지털 리얼티 트러스트,5,120,14,44,79,1.0,10.0,5.47,14.87,10.63,26.75
17,CSCO.O,시스코 시스템즈,5,120,14,39,79,1.0,10.0,5.44,16.89,8.88,25.96
17,O,리얼티 인컴,5,120,14,39,79,1.0,10.0,5.44,0.0,6.94,24.33
17,DGX,퀘스트 다이아그노스틱스,5,120,14,39,79,1.0,10.0,5.44,4.66,10.54,22.98
17,EIX,에디슨 인터내셔널,5,120,14,39,79,1.0,10.0,5.44,0.0,8.81,23.92
17,PSA,퍼블릭 스토리지,5,120,14,39,79,1.0,10.0,5.44,0.0,11.11,21.95
17,PNC,PNC 파이낸셜 서비스,5,120,14,39,79,1.0,10.0,5.44,19.48,11.08,27.98
17,OMC,옴니콤 그룹,5,120,14,39,79,1.0,10.0,5.44,5.45,10.3,24.92
17,EMR,에머슨 일렉트릭,5,120,14,39,79,1.0,10.0,5.44,9.5,10.04,26.3
17,SYY,시스코,5,120,14,39,79,1.0,10.0,5.44,0.0,10.04,26.41
17,CNP,센터포인트 에너지,5,120,14,39,79,1.0,10.0,5.44,6.17,8.9,24.49
17,FIS,피델리티 내셔널 인포메이션 서비스,5,120,14,39,79,1.0,10.0,5.44,11.23,11.43,26.93
17,WELL.K,웰타워,5,120,14,39,79,1.0,10.0,5.44,19.31,11.26,29.08
17,PCAR.O,파카,5,120,14,39,79,1.0,10.0,5.44,0.0,11.84,27.57
17,GPC,제뉴인 파츠,5,120,14,39,79,1.0,10.0,5.44,5.16,11.9,24.24
17,DLR,디지털 리얼티 트러스트,5,120,14,39,79,1.0,10.0,5.44,14.87,10.63,26.75
17,BG,번지 글로벌,5,120,14,39,79,1.0,10.0,5.44,6.97,9.56,28.73
17,CAH,카디널 헬스,5,120,14,39,79,1.0,10.0,5.44,5.43,11.39,26.48
17,USB,U.S. 뱅코프,5,120,14,39,79,1.0,10.0,5.44,1.06,7.57,27.63
17,ADM,아처 대니얼스 미들랜드,5,120,14,39,79,1.0,10.0,5.44,11.02,9.79,26.0
17,SRE,셈프라 에너지,5,120,14,39,79,1.0,10.0,5.44,5.19,7.02,25.36
17,CVS,CVS 헬스,5,120,14,39,79,1.0,10.0,5.44,-0.27,7.84,24.33
17,ELV,엘레반스 헬스,5,120,14,39,79,1.0,10.0,5.44,20.87,8.76,23.49
17,UPS,유나이티드 파셀 서비스,5,120,14,39,79,1.0,10.0,5.44,19.59,8.83,23.0
17,TGT,타겟,5,120,14,39,79,1.0,10.0,5.44,37.47,12.21,27.87
17,UDR,UDR,5,120,14,39,79,1.0,10.0,5.44,0.65,8.42,24.52
17,BK,뱅크 오브 뉴욕 멜론,5,120,14,39,79,1.0,10.0,5.44,8.97,10.0,27.05
17,WMT,월마트,5,120,14,39,79,1.0,10.0,5.44,9.92,7.62,26.15
17,NTRS.O,노던 트러스트,5,120,14,39,79,1.0,10.0,5.44,6.04,8.06,28.0
17,ALLE.K,얼리지언,5,120,14,39,79,1.0,10.0,5.44,0.0,12.13,25.97
17,DIS,월트 디즈니,5,120,14,39,79,1.0,10.0,5.44,-11.81,11.6,26.11
17,XOM,엑슨 모빌,5,120,14,39,79,1.0,10.0,5.44,3.71,8.19,25.31
17,FRT,페더럴 리얼티 인베스트먼트 트러스트,5,120,14,39,79,1.0,10.0,5.44,-3.62,5.88,26.43
17,REG.O,리젠시 센터스,5,120,14,39,79,1.0,10.0,5.44,8.45,8.38,28.14
17,CPT,캠든 프로퍼티 트러스트,5,120,14,39,79,1.0,10.0,5.44,17.04,10.05,23.46
17,BFb,브라운-포맨 Class B,5,120,14,39,79,1.0,10.0,5.44,-58.28,9.97,22.73
17,ARE,알렉산드리아 리얼에스테이트 이쿼티,5,120,14,39,79,1.0,10.0,5.44,0.0,7.44,24.6
17,LH,랩코프 홀딩스,5,120,14,39,79,1.0,10.0,5.44,50.05,10.81,24.66
17,MAA,미드아메리카 아파트 커뮤니티,5,120,14,39,79,1.0,10.0,5.44,14.67,9.97,23.17
17,ESS,에섹스 프로퍼티 트러스트,5,120,14,39,79,1.0,10.0,5.44,5.07,10.29,24.07
17,IFF,인터내셔널 플레이버스 & 프레그런스,5,120,14,39,79,1.0,10.0,5.44,-7.44,9.43,26.71
17,EQR,에퀴티 레지덴셜,5,120,14,39,79,1.0,10.0,5.44,3.63,7.36,23.9
17,GRMN.K,가민,5,120,14,39,79,1.0,10.0,5.44,0.0,10.64,26.54
17,INVH.K,인비테이션 홈스,5,120,14,39,79,1.0,10.0,5.44,0.0,12.09,26.31
17,HSIC.O,헨리 셰인,5,120,14,39,79,1.0,10.0,5.44,0.66,11.37,24.1
17,L,로우스,5,120,14,39,79,1.0,10.0,5.44,5.04,8.25,23.49
17,EXPD.K,익스페디터스 인터내셔널 오브 워싱턴,5,120,14,39,79,1.0,10.0,5.44,0.0,12.4,24.17
17,TROW.O,티 로웨 프라이스 그룹,5,120,14,39,79,1.0,10.0,5.44,15.96,11.0,28.49
17,CTSH.O,코그니전트 테크놀로지 솔루션,5,120,14,39,79,1.0,10.0,5.44,2.99,11.5,29.01
17,AVB,아발론베이 커뮤니티,5,120,14,39,79,1.0,10.0,5.44,6.47,8.2,23.49
17,ZBH,짐머 바이오멧 홀딩스,5,120,14,39,79,1.0,10.0,5.44,-4.06,8.26,25.69
17,CCI,크라운 캐슬,5,120,14,39,79,1.0,10.0,5.44,-12.5,9.8,23.52
17,CHRW.O,CH 로빈슨 월드와이드,5,120,14,39,79,1.0,10.0,5.44,3.26,6.33,25.1
17,TAP,몰슨 쿠어스 베버리지 Class B,5,120,14,39,79,1.0,10.0,5.44,1.22,4.47,26.41
17,CVX,셰브론,5,120,14,39,79,1.0,10.0,5.44,7.15,9.54,27.06
17,NWS.O,뉴스 코퍼레이션 Class B,5,120,14,39,79,1.0,10.0,5.44,6.14,10.11,29.02
17,WMT,월마트,5,120,14,29,64,1.0,10.0,4.93,3.4,7.62,26.15
17,BK,뱅크 오브 뉴욕 멜론,5,120,14,29,64,1.0,10.0,4.93,0.0,10.0,27.05
17,NTRS.O,노던 트러스트,5,120,14,29,64,1.0,10.0,4.93,0.0,8.06,28.0
17,GRMN.K,가민,5,120,14,29,64,1.0,10.0,4.93,0.0,10.64,26.54
17,TAP,몰슨 쿠어스 베버리지 Class B,5,120,14,29,64,1.0,10.0,4.93,0.0,4.47,26.41
17,CHRW.O,CH 로빈슨 월드와이드,5,120,14,29,64,1.0,10.0,4.93,0.0,6.33,25.1
17,CCI,크라운 캐슬,5,120,14,29,64,1.0,10.0,4.93,0.0,9.8,23.52
17,ZBH,짐머 바이오멧 홀딩스,5,120,14,29,64,1.0,10.0,4.93,0.0,8.26,25.69
17,AVB,아발론베이 커뮤니티,5,120,14,29,64,1.0,10.0,4.93,0.0,8.2,23.49
17,CTSH.O,코그니전트 테크놀로지 솔루션,5,120,14,29,64,1.0,10.0,4.93,0.0,11.5,29.01
17,TROW.O,티 로웨 프라이스 그룹,5,120,14,29,64,1.0,10.0,4.93,0.0,11.0,28.49
17,EXPD.K,익스페디터스 인터내셔널 오브 워싱턴,5,120,14,29,64,1.0,10.0,4.93,0.0,12.4,24.17
17,L,로우스,5,120,14,29,64,1.0,10.0,4.93,0.0,8.25,23.49
17,HSIC.O,헨리 셰인,5,120,14,29,64,1.0,10.0,4.93,0.0,11.37,24.1
17,INVH.K,인비테이션 홈스,5,120,14,29,64,1.0,10.0,4.93,0.0,12.09,26.31
17,EQR,에퀴티 레지덴셜,5,120,14,29,64,1.0,10.0,4.93,0.0,7.36,23.9
17,ALLE.K,얼리지언,5,120,14,29,64,1.0,10.0,4.93,0.0,12.13,25.97
17,IFF,인터내셔널 플레이버스 & 프레그런스,5,120,14,29,64,1.0,10.0,4.93,0.0,9.43,26.71
17,ESS,에섹스 프로퍼티 트러스트,5,120,14,29,64,1.0,10.0,4.93,0.0,10.29,24.07
17,MAA,미드아메리카 아파트 커뮤니티,5,120,14,29,64,1.0,10.0,4.93,0.0,9.97,23.17
17,LH,랩코프 홀딩스,5,120,14,29,64,1.0,10.0,4.93,0.0,10.81,24.66
17,ARE,알렉산드리아 리얼에스테이트 이쿼티,5,120,14,29,64,1.0,10.0,4.93,0.0,7.44,24.6
17,BFb,브라운-포맨 Class B,5,120,14,29,64,1.0,10.0,4.93,0.0,9.97,22.73
17,CPT,캠든 프로퍼티 트러스트,5,120,14,29,64,1.0,10.0,4.93,0.0,10.05,23.46
17,REG.O,리젠시 센터스,5,120,14,29,64,1.0,10.0,4.93,64.27,8.38,28.14
17,FRT,페더럴 리얼티 인베스트먼트 트러스트,5,120,14,29,64,1.0,10.0,4.93,43.63,5.88,26.43
17,NWS.O,뉴스 코퍼레이션 Class B,5,120,14,29,64,1.0,10.0,4.93,0.0,10.11,29.02
17,UDR,UDR,5,120,14,29,64,1.0,10.0,4.93,0.0,8.42,24.52
17,XOM,엑슨 모빌,5,120,14,29,64,1.0,10.0,4.93,71.66,8.19,25.31
17,CVX,셰브론,5,120,14,29,64,1.0,10.0,4.93,0.0,9.54,27.06
17,DLR,디지털 리얼티 트러스트,5,120,14,29,64,1.0,10.0,4.93,0.0,10.63,26.75
17,DIS,월트 디즈니,5,120,14,29,64,1.0,10.0,4.93,0.0,11.6,26.11
17,CSCO.O,시스코 시스템즈,5,120,14,29,64,1.0,10.0,4.93,25.58,8.88,25.96
17,TGT,타겟,5,120,14,29,64,1.0,10.0,4.93,0.0,12.21,27.87
17,UPS,유나이티드 파셀 서비스,5,120,14,29,64,1.0,10.0,4.93,0.0,8.83,23.0
17,ELV,엘레반스 헬스,5,120,14,29,64,1.0,10.0,4.93,0.0,8.76,23.49
17,CVS,CVS 헬스,5,120,14,29,64,1.0,10.0,4.93,0.0,7.84,24.33
17,ADM,아처 대니얼스 미들랜드,5,120,14,29,64,1.0,10.0,4.93,0.0,9.79,26.0
17,PCAR.O,파카,5,120,14,29,64,1.0,10.0,4.93,0.0,11.84,27.57
17,USB,U.S. 뱅코프,5,120,14,29,64,1.0,10.0,4.93,0.0,7.57,27.63
17,CAH,카디널 헬스,5,120,14,29,64,1.0,10.0,4.93,0.0,11.39,26.48
17,BG,번지 글로벌,5,120,14,29,64,1.0,10.0,4.93,0.0,9.56,28.73
17,SRE,셈프라 에너지,5,120,14,29,64,1.0,10.0,4.93,0.0,7.02,25.36
17,GPC,제뉴인 파츠,5,120,14,29,64,1.0,10.0,4.93,0.0,11.9,24.24
17,EMR,에머슨 일렉트릭,5,120,14,29,64,1.0,10.0,4.93,0.0,10.04,26.3
17,O,리얼티 인컴,5,120,14,29,64,1.0,10.0,4.93,0.0,6.94,24.33
17,EIX,에디슨 인터내셔널,5,120,14,29,64,1.0,10.0,4.93,0.0,8.81,23.92
17,PSA,퍼블릭 스토리지,5,120,14,29,64,1.0,10.0,4.93,0.0,11.11,21.95
17,PNC,PNC 파이낸셜 서비스,5,120,14,29,64,1.0,10.0,4.93,39.51,11.08,27.98
17,OMC,옴니콤 그룹,5,120,14,29,64,1.0,10.0,4.93,23.33,10.3,24.92
17,DGX,퀘스트 다이아그노스틱스,5,120,14,29,64,1.0,10.0,4.93,0.0,10.54,22.98
17,SYY,시스코,5,120,14,29,64,1.0,10.0,4.93,0.0,10.04,26.41
17,CNP,센터포인트 에너지,5,120,14,29,64,1.0,10.0,4.93,0.0,8.9,24.49
17,FIS,피델리티 내셔널 인포메이션 서비스,5,120,14,29,64,1.0,10.0,4.93,0.0,11.43,26.93
17,WELL.K,웰타워,5,120,14,29,64,1.0,10.0,4.93,0.0,11.26,29.08
17,BG,번지 글로벌,5,60,14,29,69,1.0,10.0,4.67,0.0,9.56,28.73
17,PNC,PNC 파이낸셜 서비스,5,60,14,29,69,1.0,10.0,4.67,23.51,11.08,27.98
17,OMC,옴니콤 그룹,5,60,14,29,69,1.0,10.0,4.67,12.83,10.3,24.92
17,EMR,에머슨 일렉트릭,5,60,14,29,69,1.0,10.0,4.67,19.37,10.04,26.3
17,SYY,시스코,5,60,14,29,69,1.0,10.0,4.67,0.0,10.04,26.41
17,CNP,센터포인트 에너지,5,60,14,29,69,1.0,10.0,4.67,0.0,8.9,24.49
17,FIS,피델리티 내셔널 인포메이션 서비스,5,60,14,29,69,1.0,10.0,4.67,0.0,11.43,26.93
17,WELL.K,웰타워,5,60,14,29,69,1.0,10.0,4.67,0.0,11.26,29.08
17,O,리얼티 인컴,5,60,14,29,69,1.0,10.0,4.67,0.0,6.94,24.33
17,GPC,제뉴인 파츠,5,60,14,29,69,1.0,10.0,4.67,0.0,11.9,24.24
17,DLR,디지털 리얼티 트러스트,5,60,14,29,69,1.0,10.0,4.67,0.0,10.63,26.75
17,PSA,퍼블릭 스토리지,5,60,14,29,69,1.0,10.0,4.67,0.0,11.11,21.95
17,WMT,월마트,5,60,14,29,69,1.0,10.0,4.67,5.2,7.62,26.15
17,CAH,카디널 헬스,5,60,14,29,69,1.0,10.0,4.67,0.0,11.39,26.48
17,USB,U.S. 뱅코프,5,60,14,29,69,1.0,10.0,4.67,0.0,7.57,27.63
17,PCAR.O,파카,5,60,14,29,69,1.0,10.0,4.67,0.0,11.84,27.57
17,ADM,아처 대니얼스 미들랜드,5,60,14,29,69,1.0,10.0,4.67,0.0,9.79,26.0
17,SRE,셈프라 에너지,5,60,14,29,69,1.0,10.0,4.67,0.0,7.02,25.36
17,CVS,CVS 헬스,5,60,14,29,69,1.0,10.0,4.67,0.0,7.84,24.33
17,ELV,엘레반스 헬스,5,60,14,29,69,1.0,10.0,4.67,0.0,8.76,23.49
17,UPS,유나이티드 파셀 서비스,5,60,14,29,69,1.0,10.0,4.67,0.0,8.83,23.0
17,TGT,타겟,5,60,14,29,69,1.0,10.0,4.67,0.0,12.21,27.87
17,CSCO.O,시스코 시스템즈,5,60,14,29,69,1.0,10.0,4.67,18.89,8.88,25.96
17,DIS,월트 디즈니,5,60,14,29,69,1.0,10.0,4.67,0.0,11.6,26.11
17,CVX,셰브론,5,60,14,29,69,1.0,10.0,4.67,25.71,9.54,27.06
17,DGX,퀘스트 다이아그노스틱스,5,60,14,29,69,1.0,10.0,4.67,0.0,10.54,22.98
17,EIX,에디슨 인터내셔널,5,60,14,29,69,1.0,10.0,4.67,0.0,8.81,23.92
17,HSIC.O,헨리 셰인,5,60,14,29,69,1.0,10.0,4.67,0.0,11.37,24.1
17,BK,뱅크 오브 뉴욕 멜론,5,60,14,29,69,1.0,10.0,4.67,25.48,10.0,27.05
17,EQR,에퀴티 레지덴셜,5,60,14,29,69,1.0,10.0,4.67,0.0,7.36,23.9
17,NWS.O,뉴스 코퍼레이션 Class B,5,60,14,29,69,1.0,10.0,4.67,0.0,10.11,29.02
17,FRT,페더럴 리얼티 인베스트먼트 트러스트,5,60,14,29,69,1.0,10.0,4.67,1.91,5.88,26.43
17,REG.O,리젠시 센터스,5,60,14,29,69,1.0,10.0,4.67,8.01,8.38,28.14
17,CPT,캠든 프로퍼티 트러스트,5,60,14,29,69,1.0,10.0,4.67,0.0,10.05,23.46
17,BFb,브라운-포맨 Class B,5,60,14,29,69,1.0,10.0,4.67,0.0,9.97,22.73
17,ARE,알렉산드리아 리얼에스테이트 이쿼티,5,60,14,29,69,1.0,10.0,4.67,0.0,7.44,24.6
17,LH,랩코프 홀딩스,5,60,14,29,69,1.0,10.0,4.67,0.0,10.81,24.66
17,MAA,미드아메리카 아파트 커뮤니티,5,60,14,29,69,1.0,10.0,4.67,0.0,9.97,23.17
17,ESS,에섹스 프로퍼티 트러스트,5,60,14,29,69,1.0,10.0,4.67,0.0,10.29,24.07
17,IFF,인터내셔널 플레이버스 & 프레그런스,5,60,14,29,69,1.0,10.0,4.67,0.0,9.43,26.71
17,ALLE.K,얼리지언,5,60,14,29,69,1.0,10.0,4.67,0.0,12.13,25.97
17,INVH.K,인비테이션 홈스,5,60,14,29,69,1.0,10.0,4.67,0.0,12.09,26.31
17,UDR,UDR,5,60,14,29,69,1.0,10.0,4.67,0.0,8.42,24.52
17,L,로우스,5,60,14,29,69,1.0,10.0,4.67,0.0,8.25,23.49
17,EXPD.K,익스페디터스 인터내셔널 오브 워싱턴,5,60,14,29,69,1.0,10.0,4.67,0.0,12.4,24.17
17,TROW.O,티 로웨 프라이스 그룹,5,60,14,29,69,1.0,10.0,4.67,0.0,11.0,28.49
17,CTSH.O,코그니전트 테크놀로지 솔루션,5,60,14,29,69,1.0,10.0,4.67,0.0,11.5,29.01
17,AVB,아발론베이 커뮤니티,5,60,14,29,69,1.0,10.0,4.67,0.0,8.2,23.49
17,ZBH,짐머 바이오멧 홀딩스,5,60,14,29,69,1.0,10.0,4.67,0.0,8.26,25.69
17,CCI,크라운 캐슬,5,60,14,29,69,1.0,10.0,4.67,0.0,9.8,23.52
17,CHRW.O,CH 로빈슨 월드와이드,5,60,14,29,69,1.0,10.0,4.67,9.25,6.33,25.1
17,TAP,몰슨 쿠어스 베버리지 Class B,5,60,14,29,69,1.0,10.0,4.67,-4.87,4.47,26.41
17,GRMN.K,가민,5,60,14,29,69,1.0,10.0,4.67,0.0,10.64,26.54
17,NTRS.O,노던 트러스트,5,60,14,29,69,1.0,10.0,4.67,30.26,8.06,28.0
17,XOM,엑슨 모빌,5,60,14,29,69,1.0,10.0,4.67,81.46,8.19,25.31
17,HSIC.O,헨리 셰인,5,120,14,34,79,1.0,10.0,4.36,0.0,11.37,24.1
17,NWS.O,뉴스 코퍼레이션 Class B,5,120,14,34,79,1.0,10.0,4.36,7.83,10.11,29.02
17,EIX,에디슨 인터내셔널,5,120,14,34,79,1.0,10.0,4.36,0.0,8.81,23.92
17,PNC,PNC 파이낸셜 서비스,5,120,14,34,79,1.0,10.0,4.36,18.01,11.08,27.98
17,OMC,옴니콤 그룹,5,120,14,34,79,1.0,10.0,4.36,12.83,10.3,24.92
17,EMR,에머슨 일렉트릭,5,120,14,34,79,1.0,10.0,4.36,0.0,10.04,26.3
17,SYY,시스코,5,120,14,34,79,1.0,10.0,4.36,0.0,10.04,26.41
17,CNP,센터포인트 에너지,5,120,14,34,79,1.0,10.0,4.36,6.17,8.9,24.49
17,FIS,피델리티 내셔널 인포메이션 서비스,5,120,14,34,79,1.0,10.0,4.36,27.06,11.43,26.93
17,WELL.K,웰타워,5,120,14,34,79,1.0,10.0,4.36,0.0,11.26,29.08
17,O,리얼티 인컴,5,120,14,34,79,1.0,10.0,4.36,0.0,6.94,24.33
17,GPC,제뉴인 파츠,5,120,14,34,79,1.0,10.0,4.36,0.0,11.9,24.24
17,DLR,디지털 리얼티 트러스트,5,120,14,34,79,1.0,10.0,4.36,35.47,10.63,26.75
17,FRT,페더럴 리얼티 인베스트먼트 트러스트,5,120,14,34,79,1.0,10.0,4.36,5.69,5.88,26.43
17,CAH,카디널 헬스,5,120,14,34,79,1.0,10.0,4.36,0.0,11.39,26.48
17,USB,U.S. 뱅코프,5,120,14,34,79,1.0,10.0,4.36,0.0,7.57,27.63
17,PCAR.O,파카,5,120,14,34,79,1.0,10.0,4.36,0.0,11.84,27.57
17,ADM,아처 대니얼스 미들랜드,5,120,14,34,79,1.0,10.0,4.36,0.0,9.79,26.0
17,SRE,셈프라 에너지,5,120,14,34,79,1.0,10.0,4.36,0.0,7.02,25.36
17,CVS,CVS 헬스,5,120,14,34,79,1.0,10.0,4.36,0.0,7.84,24.33
17,ELV,엘레반스 헬스,5,120,14,34,79,1.0,10.0,4.36,0.0,8.76,23.49
17,UPS,유나이티드 파셀 서비스,5,120,14,34,79,1.0,10.0,4.36,0.0,8.83,23.0
17,TGT,타겟,5,120,14,34,79,1.0,10.0,4.36,0.0,12.21,27.87
17,CSCO.O,시스코 시스템즈,5,120,14,34,79,1.0,10.0,4.36,16.89,8.88,25.96
17,DIS,월트 디즈니,5,120,14,34,79,1.0,10.0,4.36,0.0,11.6,26.11
17,CVX,셰브론,5,120,14,34,79,1.0,10.0,4.36,16.36,9.54,27.06
17,XOM,엑슨 모빌,5,120,14,34,79,1.0,10.0,4.36,3.71,8.19,25.31
17,WMT,월마트,5,120,14,34,79,1.0,10.0,4.36,9.92,7.62,26.15
17,PSA,퍼블릭 스토리지,5,120,14,34,79,1.0,10.0,4.36,0.0,11.11,21.95
17,BG,번지 글로벌,5,120,14,34,79,1.0,10.0,4.36,26.24,9.56,28.73
17,DGX,퀘스트 다이아그노스틱스,5,120,14,34,79,1.0,10.0,4.36,0.0,10.54,22.98
17,L,로우스,5,120,14,34,79,1.0,10.0,4.36,0.0,8.25,23.49
17,BK,뱅크 오브 뉴욕 멜론,5,120,14,34,79,1.0,10.0,4.36,0.0,10.0,27.05
17,REG.O,리젠시 센터스,5,120,14,34,79,1.0,10.0,4.36,8.45,8.38,28.14
17,CPT,캠든 프로퍼티 트러스트,5,120,14,34,79,1.0,10.0,4.36,0.0,10.05,23.46
17,BFb,브라운-포맨 Class B,5,120,14,34,79,1.0,10.0,4.36,0.0,9.97,22.73
17,ARE,알렉산드리아 리얼에스테이트 이쿼티,5,120,14,34,79,1.0,10.0,4.36,0.0,7.44,24.6
17,LH,랩코프 홀딩스,5,120,14,34,79,1.0,10.0,4.36,0.0,10.81,24.66
17,MAA,미드아메리카 아파트 커뮤니티,5,120,14,34,79,1.0,10.0,4.36,0.0,9.97,23.17
17,IFF,인터내셔널 플레이버스 & 프레그런스,5,120,14,34,79,1.0,10.0,4.36,46.85,9.43,26.71
17,ALLE.K,얼리지언,5,120,14,34,79,1.0,10.0,4.36,0.0,12.13,25.97
17,EQR,에퀴티 레지덴셜,5,120,14,34,79,1.0,10.0,4.36,3.63,7.36,23.9
17,INVH.K,인비테이션 홈스,5,120,14,34,79,1.0,10.0,4.36,0.0,12.09,26.31
17,ESS,에섹스 프로퍼티 트러스트,5,120,14,34,79,1.0,10.0,4.36,0.0,10.29,24.07
17,UDR,UDR,5,120,14,34,79,1.0,10.0,4.36,0.65,8.42,24.52
17,CCI,크라운 캐슬,5,120,14,34,79,1.0,10.0,4.36,-12.5,9.8,23.52
17,EXPD.K,익스페디터스 인터내셔널 오브 워싱턴,5,120,14,34,79,1.0,10.0,4.36,0.0,12.4,24.17
17,NTRS.O,노던 트러스트,5,120,14,34,79,1.0,10.0,4.36,6.04,8.06,28.0
17,GRMN.K,가민,5,120,14,34,79,1.0,10.0,4.36,0.0,10.64,26.54
17,TAP,몰슨 쿠어스 베버리지 Class B,5,120,14,34,79,1.0,10.0,4.36,-4.27,4.47,26.41
17,CHRW.O,CH 로빈슨 월드와이드,5,120,14,34,79,1.0,10.0,4.36,0.0,6.33,25.1
17,ZBH,짐머 바이오멧 홀딩스,5,120,14,34,79,1.0,10.0,4.36,0.0,8.26,25.69
17,AVB,아발론베이 커뮤니티,5,120,14,34,79,1.0,10.0,4.36,4.72,8.2,23.49
17,CTSH.O,코그니전트 테크놀로지 솔루션,5,120,14,34,79,1.0,10.0,4.36,0.0,11.5,29.01
17,TROW.O,티 로웨 프라이스 그룹,5,120,14,34,79,1.0,10.0,4.36,0.0,11.0,28.49
17,CNP,센터포인트 에너지,5,60,14,29,74,1.0,10.0,3.95,0.0,8.9,24.49
17,DLR,디지털 리얼티 트러스트,5,60,14,29,74,1.0,10.0,3.95,0.0,10.63,26.75
17,GPC,제뉴인 파츠,5,60,14,29,74,1.0,10.0,3.95,0.0,11.9,24.24
17,O,리얼티 인컴,5,60,14,29,74,1.0,10.0,3.95,0.0,6.94,24.33
17,WELL.K,웰타워,5,60,14,29,74,1.0,10.0,3.95,0.0,11.26,29.08
17,FIS,피델리티 내셔널 인포메이션 서비스,5,60,14,29,74,1.0,10.0,3.95,0.0,11.43,26.93
17,PSA,퍼블릭 스토리지,5,60,14,29,74,1.0,10.0,3.95,0.0,11.11,21.95
17,SYY,시스코,5,60,14,29,74,1.0,10.0,3.95,0.0,10.04,26.41
17,EMR,에머슨 일렉트릭,5,60,14,29,74,1.0,10.0,3.95,14.4,10.04,26.3
17,OMC,옴니콤 그룹,5,60,14,29,74,1.0,10.0,3.95,12.83,10.3,24.92
17,PNC,PNC 파이낸셜 서비스,5,60,14,29,74,1.0,10.0,3.95,23.21,11.08,27.98
17,CAH,카디널 헬스,5,60,14,29,74,1.0,10.0,3.95,0.0,11.39,26.48
17,BG,번지 글로벌,5,60,14,29,74,1.0,10.0,3.95,0.0,9.56,28.73
17,XOM,엑슨 모빌,5,60,14,29,74,1.0,10.0,3.95,88.39,8.19,25.31
17,USB,U.S. 뱅코프,5,60,14,29,74,1.0,10.0,3.95,0.0,7.57,27.63
17,PCAR.O,파카,5,60,14,29,74,1.0,10.0,3.95,0.0,11.84,27.57
17,ADM,아처 대니얼스 미들랜드,5,60,14,29,74,1.0,10.0,3.95,0.0,9.79,26.0
17,SRE,셈프라 에너지,5,60,14,29,74,1.0,10.0,3.95,0.0,7.02,25.36
17,CVS,CVS 헬스,5,60,14,29,74,1.0,10.0,3.95,0.0,7.84,24.33
17,ELV,엘레반스 헬스,5,60,14,29,74,1.0,10.0,3.95,0.0,8.76,23.49
17,UPS,유나이티드 파셀 서비스,5,60,14,29,74,1.0,10.0,3.95,0.0,8.83,23.0
17,TGT,타겟,5,60,14,29,74,1.0,10.0,3.95,0.0,12.21,27.87
17,CSCO.O,시스코 시스템즈,5,60,14,29,74,1.0,10.0,3.95,15.44,8.88,25.96
17,DIS,월트 디즈니,5,60,14,29,74,1.0,10.0,3.95,0.0,11.6,26.11
17,CVX,셰브론,5,60,14,29,74,1.0,10.0,3.95,32.66,9.54,27.06
17,DGX,퀘스트 다이아그노스틱스,5,60,14,29,74,1.0,10.0,3.95,0.0,10.54,22.98
17,EIX,에디슨 인터내셔널,5,60,14,29,74,1.0,10.0,3.95,0.0,8.81,23.92
17,WMT,월마트,5,60,14,29,74,1.0,10.0,3.95,7.09,7.62,26.15
17,BK,뱅크 오브 뉴욕 멜론,5,60,14,29,74,1.0,10.0,3.95,8.49,10.0,27.05
17,INVH.K,인비테이션 홈스,5,60,14,29,74,1.0,10.0,3.95,0.0,12.09,26.31
17,NWS.O,뉴스 코퍼레이션 Class B,5,60,14,29,74,1.0,10.0,3.95,0.0,10.11,29.02
17,FRT,페더럴 리얼티 인베스트먼트 트러스트,5,60,14,29,74,1.0,10.0,3.95,1.91,5.88,26.43
17,REG.O,리젠시 센터스,5,60,14,29,74,1.0,10.0,3.95,8.01,8.38,28.14
17,CPT,캠든 프로퍼티 트러스트,5,60,14,29,74,1.0,10.0,3.95,0.0,10.05,23.46
17,BFb,브라운-포맨 Class B,5,60,14,29,74,1.0,10.0,3.95,0.0,9.97,22.73
17,ARE,알렉산드리아 리얼에스테이트 이쿼티,5,60,14,29,74,1.0,10.0,3.95,0.0,7.44,24.6
17,LH,랩코프 홀딩스,5,60,14,29,74,1.0,10.0,3.95,0.0,10.81,24.66
17,MAA,미드아메리카 아파트 커뮤니티,5,60,14,29,74,1.0,10.0,3.95,0.0,9.97,23.17
17,ESS,에섹스 프로퍼티 트러스트,5,60,14,29,74,1.0,10.0,3.95,0.0,10.29,24.07
17,IFF,인터내셔널 플레이버스 & 프레그런스,5,60,14,29,74,1.0,10.0,3.95,0.0,9.43,26.71
17,ALLE.K,얼리지언,5,60,14,29,74,1.0,10.0,3.95,0.0,12.13,25.97
17,EQR,에퀴티 레지덴셜,5,60,14,29,74,1.0,10.0,3.95,0.0,7.36,23.9
17,UDR,UDR,5,60,14,29,74,1.0,10.0,3.95,0.0,8.42,24.52
17,HSIC.O,헨리 셰인,5,60,14,29,74,1.0,10.0,3.95,0.0,11.37,24.1
17,CCI,크라운 캐슬,5,60,14,29,74,1.0,10.0,3.95,0.0,9.8,23.52
17,L,로우스,5,60,14,29,74,1.0,10.0,3.95,0.0,8.25,23.49
17,NTRS.O,노던 트러스트,5,60,14,29,74,1.0,10.0,3.95,6.36,8.06,28.0
17,GRMN.K,가민,5,60,14,29,74,1.0,10.0,3.95,0.0,10.64,26.54
17,TAP,몰슨 쿠어스 베버리지 Class B,5,60,14,29,74,1.0,10.0,3.95,-4.87,4.47,26.41
17,CHRW.O,CH 로빈슨 월드와이드,5,60,14,29,74,1.0,10.0,3.95,3.53,6.33,25.1
17,ZBH,짐머 바이오멧 홀딩스,5,60,14,29,74,1.0,10.0,3.95,0.0,8.26,25.69
17,AVB,아발론베이 커뮤니티,5,60,14,29,74,1.0,10.0,3.95,0.0,8.2,23.49
17,CTSH.O,코그니전트 테크놀로지 솔루션,5,60,14,29,74,1.0,10.0,3.95,0.0,11.5,29.01
17,TROW.O,티 로웨 프라이스 그룹,5,60,14,29,74,1.0,10.0,3.95,0.0,11.0,28.49
17,EXPD.K,익스페디터스 인터내셔널 오브 워싱턴,5,60,14,29,74,1.0,10.0,3.95,0.0,12.4,24.17
17,L,로우스,5,120,14,29,74,1.0,10.0,2.66,0.0,8.25,23.49
17,ALLE.K,얼리지언,5,120,14,29,74,1.0,10.0,2.66,0.0,12.13,25.97
17,EQR,에퀴티 레지덴셜,5,120,14,29,74,1.0,10.0,2.66,0.0,7.36,23.9
17,INVH.K,인비테이션 홈스,5,120,14,29,74,1.0,10.0,2.66,0.0,12.09,26.31
17,HSIC.O,헨리 셰인,5,120,14,29,74,1.0,10.0,2.66,0.0,11.37,24.1
17,ZBH,짐머 바이오멧 홀딩스,5,120,14,29,74,1.0,10.0,2.66,0.0,8.26,25.69
17,EXPD.K,익스페디터스 인터내셔널 오브 워싱턴,5,120,14,29,74,1.0,10.0,2.66,0.0,12.4,24.17
17,TROW.O,티 로웨 프라이스 그룹,5,120,14,29,74,1.0,10.0,2.66,0.0,11.0,28.49
17,CTSH.O,코그니전트 테크놀로지 솔루션,5,120,14,29,74,1.0,10.0,2.66,0.0,11.5,29.01
17,AVB,아발론베이 커뮤니티,5,120,14,29,74,1.0,10.0,2.66,0.0,8.2,23.49
17,ESS,에섹스 프로퍼티 트러스트,5,120,14,29,74,1.0,10.0,2.66,0.0,10.29,24.07
17,IFF,인터내셔널 플레이버스 & 프레그런스,5,120,14,29,74,1.0,10.0,2.66,0.0,9.43,26.71
17,CPT,캠든 프로퍼티 트러스트,5,120,14,29,74,1.0,10.0,2.66,0.0,10.05,23.46
17,MAA,미드아메리카 아파트 커뮤니티,5,120,14,29,74,1.0,10.0,2.66,0.0,9.97,23.17
17,LH,랩코프 홀딩스,5,120,14,29,74,1.0,10.0,2.66,0.0,10.81,24.66
17,ARE,알렉산드리아 리얼에스테이트 이쿼티,5,120,14,29,74,1.0,10.0,2.66,0.0,7.44,24.6
17,BFb,브라운-포맨 Class B,5,120,14,29,74,1.0,10.0,2.66,0.0,9.97,22.73
17,CHRW.O,CH 로빈슨 월드와이드,5,120,14,29,74,1.0,10.0,2.66,0.0,6.33,25.1
17,REG.O,리젠시 센터스,5,120,14,29,74,1.0,10.0,2.66,8.45,8.38,28.14
17,FRT,페더럴 리얼티 인베스트먼트 트러스트,5,120,14,29,74,1.0,10.0,2.66,3.05,5.88,26.43
17,NWS.O,뉴스 코퍼레이션 Class B,5,120,14,29,74,1.0,10.0,2.66,0.0,10.11,29.02
17,DIS,월트 디즈니,5,120,14,29,74,1.0,10.0,2.66,0.0,11.6,26.11
17,CVX,셰브론,5,120,14,29,74,1.0,10.0,2.66,0.0,9.54,27.06
17,XOM,엑슨 모빌,5,120,14,29,74,1.0,10.0,2.66,78.22,8.19,25.31
17,WMT,월마트,5,120,14,29,74,1.0,10.0,2.66,8.12,7.62,26.15
17,CCI,크라운 캐슬,5,120,14,29,74,1.0,10.0,2.66,0.0,9.8,23.52
17,DGX,퀘스트 다이아그노스틱스,5,120,14,29,74,1.0,10.0,2.66,0.0,10.54,22.98
17,TAP,몰슨 쿠어스 베버리지 Class B,5,120,14,29,74,1.0,10.0,2.66,0.0,4.47,26.41
17,O,리얼티 인컴,5,120,14,29,74,1.0,10.0,2.66,0.0,6.94,24.33
17,UPS,유나이티드 파셀 서비스,5,120,14,29,74,1.0,10.0,2.66,0.0,8.83,23.0
17,ELV,엘레반스 헬스,5,120,14,29,74,1.0,10.0,2.66,0.0,8.76,23.49
17,CVS,CVS 헬스,5,120,14,29,74,1.0,10.0,2.66,0.0,7.84,24.33
17,SRE,셈프라 에너지,5,120,14,29,74,1.0,10.0,2.66,0.0,7.02,25.36
17,ADM,아처 대니얼스 미들랜드,5,120,14,29,74,1.0,10.0,2.66,0.0,9.79,26.0
17,PCAR.O,파카,5,120,14,29,74,1.0,10.0,2.66,0.0,11.84,27.57
17,USB,U.S. 뱅코프,5,120,14,29,74,1.0,10.0,2.66,0.0,7.57,27.63
17,CAH,카디널 헬스,5,120,14,29,74,1.0,10.0,2.66,0.0,11.39,26.48
17,BG,번지 글로벌,5,120,14,29,74,1.0,10.0,2.66,0.0,9.56,28.73
17,DLR,디지털 리얼티 트러스트,5,120,14,29,74,1.0,10.0,2.66,0.0,10.63,26.75
17,GPC,제뉴인 파츠,5,120,14,29,74,1.0,10.0,2.66,0.0,11.9,24.24
17,WELL.K,웰타워,5,120,14,29,74,1.0,10.0,2.66,0.0,11.26,29.08
17,GRMN.K,가민,5,120,14,29,74,1.0,10.0,2.66,0.0,10.64,26.54
17,CSCO.O,시스코 시스템즈,5,120,14,29,74,1.0,10.0,2.66,15.74,8.88,25.96
17,CNP,센터포인트 에너지,5,120,14,29,74,1.0,10.0,2.66,0.0,8.9,24.49
17,SYY,시스코,5,120,14,29,74,1.0,10.0,2.66,0.0,10.04,26.41
17,EMR,에머슨 일렉트릭,5,120,14,29,74,1.0,10.0,2.66,0.0,10.04,26.3
17,OMC,옴니콤 그룹,5,120,14,29,74,1.0,10.0,2.66,12.83,10.3,24.92
17,PNC,PNC 파이낸셜 서비스,5,120,14,29,74,1.0,10.0,2.66,19.93,11.08,27.98
17,PSA,퍼블릭 스토리지,5,120,14,29,74,1.0,10.0,2.66,0.0,11.11,21.95
17,EIX,에디슨 인터내셔널,5,120,14,29,74,1.0,10.0,2.66,0.0,8.81,23.92
17,BK,뱅크 오브 뉴욕 멜론,5,120,14,29,74,1.0,10.0,2.66,0.0,10.0,27.05
17,UDR,UDR,5,120,14,29,74,1.0,10.0,2.66,0.0,8.42,24.52
17,NTRS.O,노던 트러스트,5,120,14,29,74,1.0,10.0,2.66,0.0,8.06,28.0
17,FIS,피델리티 내셔널 인포메이션 서비스,5,120,14,29,74,1.0,10.0,2.66,0.0,11.43,26.93
17,TGT,타겟,5,120,14,29,74,1.0,10.0,2.66,0.0,12.21,27.87
17,REG.O,리젠시 센터스,5,60,14,29,79,1.0,10.0,2.56,8.01,8.38,28.14
17,FRT,페더럴 리얼티 인베스트먼트 트러스트,5,60,14,29,79,1.0,10.0,2.56,1.91,5.88,26.43
17,DGX,퀘스트 다이아그노스틱스,5,60,14,29,79,1.0,10.0,2.56,0.0,10.54,22.98
17,BK,뱅크 오브 뉴욕 멜론,5,60,14,29,79,1.0,10.0,2.56,8.49,10.0,27.05
17,UDR,UDR,5,60,14,29,79,1.0,10.0,2.56,0.0,8.42,24.52
17,NTRS.O,노던 트러스트,5,60,14,29,79,1.0,10.0,2.56,6.36,8.06,28.0
17,GRMN.K,가민,5,60,14,29,79,1.0,10.0,2.56,0.0,10.64,26.54
17,TAP,몰슨 쿠어스 베버리지 Class B,5,60,14,29,79,1.0,10.0,2.56,-4.87,4.47,26.41
17,CHRW.O,CH 로빈슨 월드와이드,5,60,14,29,79,1.0,10.0,2.56,3.53,6.33,25.1
17,CCI,크라운 캐슬,5,60,14,29,79,1.0,10.0,2.56,0.0,9.8,23.52
17,ZBH,짐머 바이오멧 홀딩스,5,60,14,29,79,1.0,10.0,2.56,0.0,8.26,25.69
17,AVB,아발론베이 커뮤니티,5,60,14,29,79,1.0,10.0,2.56,0.0,8.2,23.49
17,CTSH.O,코그니전트 테크놀로지 솔루션,5,60,14,29,79,1.0,10.0,2.56,0.0,11.5,29.01
17,TROW.O,티 로웨 프라이스 그룹,5,60,14,29,79,1.0,10.0,2.56,0.0,11.0,28.49
17,PSA,퍼블릭 스토리지,5,60,14,29,79,1.0,10.0,2.56,0.0,11.11,21.95
17,EXPD.K,익스페디터스 인터내셔널 오브 워싱턴,5,60,14,29,79,1.0,10.0,2.56,0.0,12.4,24.17
17,L,로우스,5,60,14,29,79,1.0,10.0,2.56,0.0,8.25,23.49
17,HSIC.O,헨리 셰인,5,60,14,29,79,1.0,10.0,2.56,0.0,11.37,24.1
17,INVH.K,인비테이션 홈스,5,60,14,29,79,1.0,10.0,2.56,0.0,12.09,26.31
17,EQR,에퀴티 레지덴셜,5,60,14,29,79,1.0,10.0,2.56,0.0,7.36,23.9
17,ALLE.K,얼리지언,5,60,14,29,79,1.0,10.0,2.56,0.0,12.13,25.97
17,IFF,인터내셔널 플레이버스 & 프레그런스,5,60,14,29,79,1.0,10.0,2.56,0.0,9.43,26.71
17,ESS,에섹스 프로퍼티 트러스트,5,60,14,29,79,1.0,10.0,2.56,0.0,10.29,24.07
17,MAA,미드아메리카 아파트 커뮤니티,5,60,14,29,79,1.0,10.0,2.56,0.0,9.97,23.17
17,LH,랩코프 홀딩스,5,60,14,29,79,1.0,10.0,2.56,0.0,10.81,24.66
17,ARE,알렉산드리아 리얼에스테이트 이쿼티,5,60,14,29,79,1.0,10.0,2.56,0.0,7.44,24.6
17,EIX,에디슨 인터내셔널,5,60,14,29,79,1.0,10.0,2.56,0.0,8.81,23.92
17,PNC,PNC 파이낸셜 서비스,5,60,14,29,79,1.0,10.0,2.56,19.27,11.08,27.98
17,BFb,브라운-포맨 Class B,5,60,14,29,79,1.0,10.0,2.56,0.0,9.97,22.73
17,ADM,아처 대니얼스 미들랜드,5,60,14,29,79,1.0,10.0,2.56,0.0,9.79,26.0
17,WMT,월마트,5,60,14,29,79,1.0,10.0,2.56,9.41,7.62,26.15
17,XOM,엑슨 모빌,5,60,14,29,79,1.0,10.0,2.56,36.92,8.19,25.31
17,CVX,셰브론,5,60,14,29,79,1.0,10.0,2.56,12.39,9.54,27.06
17,DIS,월트 디즈니,5,60,14,29,79,1.0,10.0,2.56,0.0,11.6,26.11
17,CSCO.O,시스코 시스템즈,5,60,14,29,79,1.0,10.0,2.56,16.6,8.88,25.96
17,TGT,타겟,5,60,14,29,79,1.0,10.0,2.56,0.0,12.21,27.87
17,UPS,유나이티드 파셀 서비스,5,60,14,29,79,1.0,10.0,2.56,0.0,8.83,23.0
17,ELV,엘레반스 헬스,5,60,14,29,79,1.0,10.0,2.56,0.0,8.76,23.49
17,CVS,CVS 헬스,5,60,14,29,79,1.0,10.0,2.56,0.0,7.84,24.33
17,SRE,셈프라 에너지,5,60,14,29,79,1.0,10.0,2.56,0.0,7.02,25.36
17,NWS.O,뉴스 코퍼레이션 Class B,5,60,14,29,79,1.0,10.0,2.56,0.0,10.11,29.02
17,PCAR.O,파카,5,60,14,29,79,1.0,10.0,2.56,0.0,11.84,27.57
17,OMC,옴니콤 그룹,5,60,14,29,79,1.0,10.0,2.56,12.83,10.3,24.92
17,USB,U.S. 뱅코프,5,60,14,29,79,1.0,10.0,2.56,0.0,7.57,27.63
17,CAH,카디널 헬스,5,60,14,29,79,1.0,10.0,2.56,0.0,11.39,26.48
17,BG,번지 글로벌,5,60,14,29,79,1.0,10.0,2.56,0.0,9.56,28.73
17,DLR,디지털 리얼티 트러스트,5,60,14,29,79,1.0,10.0,2.56,0.0,10.63,26.75
17,GPC,제뉴인 파츠,5,60,14,29,79,1.0,10.0,2.56,0.0,11.9,24.24
17,O,리얼티 인컴,5,60,14,29,79,1.0,10.0,2.56,0.0,6.94,24.33
17,WELL.K,웰타워,5,60,14,29,79,1.0,10.0,2.56,0.0,11.26,29.08
17,FIS,피델리티 내셔널 인포메이션 서비스,5,60,14,29,79,1.0,10.0,2.56,0.0,11.43,26.93
17,CNP,센터포인트 에너지,5,60,14,29,79,1.0,10.0,2.56,0.0,8.9,24.49
17,SYY,시스코,5,60,14,29,79,1.0,10.0,2.56,0.0,10.04,26.41
17,EMR,에머슨 일렉트릭,5,60,14,29,79,1.0,10.0,2.56,9.94,10.04,26.3
17,CPT,캠든 프로퍼티 트러스트,5,60,14,29,79,1.0,10.0,2.56,0.0,10.05,23.46
17,DIS,월트 디즈니,5,120,14,29,69,1.0,10.0,2.54,0.0,11.6,26.11
17,CSCO.O,시스코 시스템즈,5,120,14,29,69,1.0,10.0,2.54,19.4,8.88,25.96
17,O,리얼티 인컴,5,120,14,29,69,1.0,10.0,2.54,0.0,6.94,24.33
17,DGX,퀘스트 다이아그노스틱스,5,120,14,29,69,1.0,10.0,2.54,0.0,10.54,22.98
17,EIX,에디슨 인터내셔널,5,120,14,29,69,1.0,10.0,2.54,0.0,8.81,23.92
17,PSA,퍼블릭 스토리지,5,120,14,29,69,1.0,10.0,2.54,0.0,11.11,21.95
17,PNC,PNC 파이낸셜 서비스,5,120,14,29,69,1.0,10.0,2.54,19.01,11.08,27.98
17,OMC,옴니콤 그룹,5,120,14,29,69,1.0,10.0,2.54,12.83,10.3,24.92
17,EMR,에머슨 일렉트릭,5,120,14,29,69,1.0,10.0,2.54,0.0,10.04,26.3
17,SYY,시스코,5,120,14,29,69,1.0,10.0,2.54,0.0,10.04,26.41
17,CNP,센터포인트 에너지,5,120,14,29,69,1.0,10.0,2.54,0.0,8.9,24.49
17,FIS,피델리티 내셔널 인포메이션 서비스,5,120,14,29,69,1.0,10.0,2.54,0.0,11.43,26.93
17,WELL.K,웰타워,5,120,14,29,69,1.0,10.0,2.54,0.0,11.26,29.08
17,GPC,제뉴인 파츠,5,120,14,29,69,1.0,10.0,2.54,0.0,11.9,24.24
17,UDR,UDR,5,120,14,29,69,1.0,10.0,2.54,0.0,8.42,24.52
17,BG,번지 글로벌,5,120,14,29,69,1.0,10.0,2.54,0.0,9.56,28.73
17,CAH,카디널 헬스,5,120,14,29,69,1.0,10.0,2.54,0.0,11.39,26.48
17,USB,U.S. 뱅코프,5,120,14,29,69,1.0,10.0,2.54,0.0,7.57,27.63
17,PCAR.O,파카,5,120,14,29,69,1.0,10.0,2.54,0.0,11.84,27.57
17,ADM,아처 대니얼스 미들랜드,5,120,14,29,69,1.0,10.0,2.54,0.0,9.79,26.0
17,SRE,셈프라 에너지,5,120,14,29,69,1.0,10.0,2.54,0.0,7.02,25.36
17,CVS,CVS 헬스,5,120,14,29,69,1.0,10.0,2.54,0.0,7.84,24.33
17,ELV,엘레반스 헬스,5,120,14,29,69,1.0,10.0,2.54,0.0,8.76,23.49
17,UPS,유나이티드 파셀 서비스,5,120,14,29,69,1.0,10.0,2.54,0.0,8.83,23.0
17,TGT,타겟,5,120,14,29,69,1.0,10.0,2.54,0.0,12.21,27.87
17,BK,뱅크 오브 뉴욕 멜론,5,120,14,29,69,1.0,10.0,2.54,0.0,10.0,27.05
17,NTRS.O,노던 트러스트,5,120,14,29,69,1.0,10.0,2.54,0.0,8.06,28.0
17,NWS.O,뉴스 코퍼레이션 Class B,5,120,14,29,69,1.0,10.0,2.54,0.0,10.11,29.02
17,EQR,에퀴티 레지덴셜,5,120,14,29,69,1.0,10.0,2.54,0.0,7.36,23.9
17,FRT,페더럴 리얼티 인베스트먼트 트러스트,5,120,14,29,69,1.0,10.0,2.54,3.05,5.88,26.43
17,REG.O,리젠시 센터스,5,120,14,29,69,1.0,10.0,2.54,8.45,8.38,28.14
17,CPT,캠든 프로퍼티 트러스트,5,120,14,29,69,1.0,10.0,2.54,0.0,10.05,23.46
17,BFb,브라운-포맨 Class B,5,120,14,29,69,1.0,10.0,2.54,0.0,9.97,22.73
17,ARE,알렉산드리아 리얼에스테이트 이쿼티,5,120,14,29,69,1.0,10.0,2.54,0.0,7.44,24.6
17,LH,랩코프 홀딩스,5,120,14,29,69,1.0,10.0,2.54,0.0,10.81,24.66
17,MAA,미드아메리카 아파트 커뮤니티,5,120,14,29,69,1.0,10.0,2.54,0.0,9.97,23.17
17,ESS,에섹스 프로퍼티 트러스트,5,120,14,29,69,1.0,10.0,2.54,0.0,10.29,24.07
17,IFF,인터내셔널 플레이버스 & 프레그런스,5,120,14,29,69,1.0,10.0,2.54,0.0,9.43,26.71
17,ALLE.K,얼리지언,5,120,14,29,69,1.0,10.0,2.54,0.0,12.13,25.97
17,INVH.K,인비테이션 홈스,5,120,14,29,69,1.0,10.0,2.54,0.0,12.09,26.31
17,GRMN.K,가민,5,120,14,29,69,1.0,10.0,2.54,0.0,10.64,26.54
17,HSIC.O,헨리 셰인,5,120,14,29,69,1.0,10.0,2.54,0.0,11.37,24.1
17,L,로우스,5,120,14,29,69,1.0,10.0,2.54,0.0,8.25,23.49
17,EXPD.K,익스페디터스 인터내셔널 오브 워싱턴,5,120,14,29,69,1.0,10.0,2.54,0.0,12.4,24.17
17,TROW.O,티 로웨 프라이스 그룹,5,120,14,29,69,1.0,10.0,2.54,0.0,11.0,28.49
17,CTSH.O,코그니전트 테크놀로지 솔루션,5,120,14,29,69,1.0,10.0,2.54,0.0,11.5,29.01
17,AVB,아발론베이 커뮤니티,5,120,14,29,69,1.0,10.0,2.54,0.0,8.2,23.49
17,ZBH,짐머 바이오멧 홀딩스,5,120,14,29,69,1.0,10.0,2.54,0.0,8.26,25.69
17,CCI,크라운 캐슬,5,120,14,29,69,1.0,10.0,2.54,0.0,9.8,23.52
17,CHRW.O,CH 로빈슨 월드와이드,5,120,14,29,69,1.0,10.0,2.54,0.0,6.33,25.1
17,TAP,몰슨 쿠어스 베버리지 Class B,5,120,14,29,69,1.0,10.0,2.54,0.0,4.47,26.41
17,DLR,디지털 리얼티 트러스트,5,120,14,29,69,1.0,10.0,2.54,0.0,10.63,26.75
17,XOM,엑슨 모빌,5,120,14,29,69,1.0,10.0,2.54,70.96,8.19,25.31
17,CVX,셰브론,5,120,14,29,69,1.0,10.0,2.54,0.0,9.54,27.06
17,WMT,월마트,5,120,14,29,69,1.0,10.0,2.54,6.07,7.62,26.15
17,WMT,월마트,5,120,14,29,79,1.0,10.0,1.86,9.92,7.62,26.15
17,EQR,에퀴티 레지덴셜,5,120,14,29,79,1.0,10.0,1.86,0.0,7.36,23.9
17,TAP,몰슨 쿠어스 베버리지 Class B,5,120,14,29,79,1.0,10.0,1.86,0.0,4.47,26.41
17,CHRW.O,CH 로빈슨 월드와이드,5,120,14,29,79,1.0,10.0,1.86,0.0,6.33,25.1
17,CCI,크라운 캐슬,5,120,14,29,79,1.0,10.0,1.86,0.0,9.8,23.52
17,ZBH,짐머 바이오멧 홀딩스,5,120,14,29,79,1.0,10.0,1.86,0.0,8.26,25.69
17,AVB,아발론베이 커뮤니티,5,120,14,29,79,1.0,10.0,1.86,0.0,8.2,23.49
17,CTSH.O,코그니전트 테크놀로지 솔루션,5,120,14,29,79,1.0,10.0,1.86,0.0,11.5,29.01
17,TROW.O,티 로웨 프라이스 그룹,5,120,14,29,79,1.0,10.0,1.86,0.0,11.0,28.49
17,EXPD.K,익스페디터스 인터내셔널 오브 워싱턴,5,120,14,29,79,1.0,10.0,1.86,0.0,12.4,24.17
17,L,로우스,5,120,14,29,79,1.0,10.0,1.86,0.0,8.25,23.49
17,HSIC.O,헨리 셰인,5,120,14,29,79,1.0,10.0,1.86,0.0,11.37,24.1
17,INVH.K,인비테이션 홈스,5,120,14,29,79,1.0,10.0,1.86,0.0,12.09,26.31
17,ALLE.K,얼리지언,5,120,14,29,79,1.0,10.0,1.86,0.0,12.13,25.97
17,NTRS.O,노던 트러스트,5,120,14,29,79,1.0,10.0,1.86,0.0,8.06,28.0
17,IFF,인터내셔널 플레이버스 & 프레그런스,5,120,14,29,79,1.0,10.0,1.86,0.0,9.43,26.71
17,ESS,에섹스 프로퍼티 트러스트,5,120,14,29,79,1.0,10.0,1.86,0.0,10.29,24.07
17,MAA,미드아메리카 아파트 커뮤니티,5,120,14,29,79,1.0,10.0,1.86,0.0,9.97,23.17
17,LH,랩코프 홀딩스,5,120,14,29,79,1.0,10.0,1.86,0.0,10.81,24.66
17,ARE,알렉산드리아 리얼에스테이트 이쿼티,5,120,14,29,79,1.0,10.0,1.86,0.0,7.44,24.6
17,BFb,브라운-포맨 Class B,5,120,14,29,79,1.0,10.0,1.86,0.0,9.97,22.73
17,CPT,캠든 프로퍼티 트러스트,5,120,14,29,79,1.0,10.0,1.86,0.0,10.05,23.46
17,REG.O,리젠시 센터스,5,120,14,29,79,1.0,10.0,1.86,8.45,8.38,28.14
17,FRT,페더럴 리얼티 인베스트먼트 트러스트,5,120,14,29,79,1.0,10.0,1.86,3.05,5.88,26.43
17,NWS.O,뉴스 코퍼레이션 Class B,5,120,14,29,79,1.0,10.0,1.86,0.0,10.11,29.02
17,GRMN.K,가민,5,120,14,29,79,1.0,10.0,1.86,0.0,10.64,26.54
17,UDR,UDR,5,120,14,29,79,1.0,10.0,1.86,0.0,8.42,24.52
17,XOM,엑슨 모빌,5,120,14,29,79,1.0,10.0,1.86,33.33,8.19,25.31
17,BK,뱅크 오브 뉴욕 멜론,5,120,14,29,79,1.0,10.0,1.86,0.0,10.0,27.05
17,CVX,셰브론,5,120,14,29,79,1.0,10.0,1.86,0.0,9.54,27.06
17,DIS,월트 디즈니,5,120,14,29,79,1.0,10.0,1.86,0.0,11.6,26.11
17,CSCO.O,시스코 시스템즈,5,120,14,29,79,1.0,10.0,1.86,16.89,8.88,25.96
17,TGT,타겟,5,120,14,29,79,1.0,10.0,1.86,0.0,12.21,27.87
17,UPS,유나이티드 파셀 서비스,5,120,14,29,79,1.0,10.0,1.86,0.0,8.83,23.0
17,ELV,엘레반스 헬스,5,120,14,29,79,1.0,10.0,1.86,0.0,8.76,23.49
17,CVS,CVS 헬스,5,120,14,29,79,1.0,10.0,1.86,0.0,7.84,24.33
17,SRE,셈프라 에너지,5,120,14,29,79,1.0,10.0,1.86,0.0,7.02,25.36
17,ADM,아처 대니얼스 미들랜드,5,120,14,29,79,1.0,10.0,1.86,0.0,9.79,26.0
17,PCAR.O,파카,5,120,14,29,79,1.0,10.0,1.86,0.0,11.84,27.57
17,USB,U.S. 뱅코프,5,120,14,29,79,1.0,10.0,1.86,0.0,7.57,27.63
17,CAH,카디널 헬스,5,120,14,29,79,1.0,10.0,1.86,0.0,11.39,26.48
17,BG,번지 글로벌,5,120,14,29,79,1.0,10.0,1.86,0.0,9.56,28.73
17,GPC,제뉴인 파츠,5,120,14,29,79,1.0,10.0,1.86,0.0,11.9,24.24
17,O,리얼티 인컴,5,120,14,29,79,1.0,10.0,1.86,0.0,6.94,24.33
17,WELL.K,웰타워,5,120,14,29,79,1.0,10.0,1.86,0.0,11.26,29.08
17,FIS,피델리티 내셔널 인포메이션 서비스,5,120,14,29,79,1.0,10.0,1.86,0.0,11.43,26.93
17,CNP,센터포인트 에너지,5,120,14,29,79,1.0,10.0,1.86,0.0,8.9,24.49
17,SYY,시스코,5,120,14,29,79,1.0,10.0,1.86,0.0,10.04,26.41
17,EMR,에머슨 일렉트릭,5,120,14,29,79,1.0,10.0,1.86,0.0,10.04,26.3
17,OMC,옴니콤 그룹,5,120,14,29,79,1.0,10.0,1.86,12.83,10.3,24.92
17,PNC,PNC 파이낸셜 서비스,5,120,14,29,79,1.0,10.0,1.86,18.01,11.08,27.98
17,PSA,퍼블릭 스토리지,5,120,14,29,79,1.0,10.0,1.86,0.0,11.11,21.95
17,EIX,에디슨 인터내셔널,5,120,14,29,79,1.0,10.0,1.86,0.0,8.81,23.92
17,DGX,퀘스트 다이아그노스틱스,5,120,14,29,79,1.0,10.0,1.86,0.0,10.54,22.98
17,DLR,디지털 리얼티 트러스트,5,120,14,29,79,1.0,10.0,1.86,0.0,10.63,26.75
17,WMT,월마트,5,60,14,24,54,1.0,10.0,1.21,0.0,7.62,26.15
17,XOM,엑슨 모빌,5,60,14,24,54,1.0,10.0,1.21,0.0,8.19,25.31
17,INVH.K,인비테이션 홈스,5,60,14,24,54,1.0,10.0,1.21,0.0,12.09,26.31
17,NTRS.O,노던 트러스트,5,60,14,24,54,1.0,10.0,1.21,66.52,8.06,28.0
17,GRMN.K,가민,5,60,14,24,54,1.0,10.0,1.21,0.0,10.64,26.54
17,TAP,몰슨 쿠어스 베버리지 Class B,5,60,14,24,54,1.0,10.0,1.21,0.0,4.47,26.41
17,CHRW.O,CH 로빈슨 월드와이드,5,60,14,24,54,1.0,10.0,1.21,0.0,6.33,25.1
17,CCI,크라운 캐슬,5,60,14,24,54,1.0,10.0,1.21,0.0,9.8,23.52
17,ZBH,짐머 바이오멧 홀딩스,5,60,14,24,54,1.0,10.0,1.21,0.0,8.26,25.69
17,AVB,아발론베이 커뮤니티,5,60,14,24,54,1.0,10.0,1.21,0.0,8.2,23.49
17,CTSH.O,코그니전트 테크놀로지 솔루션,5,60,14,24,54,1.0,10.0,1.21,0.0,11.5,29.01
17,TROW.O,티 로웨 프라이스 그룹,5,60,14,24,54,1.0,10.0,1.21,0.0,11.0,28.49
17,EXPD.K,익스페디터스 인터내셔널 오브 워싱턴,5,60,14,24,54,1.0,10.0,1.21,0.0,12.4,24.17
17,L,로우스,5,60,14,24,54,1.0,10.0,1.21,0.0,8.25,23.49
17,EQR,에퀴티 레지덴셜,5,60,14,24,54,1.0,10.0,1.21,0.0,7.36,23.9
17,BK,뱅크 오브 뉴욕 멜론,5,60,14,24,54,1.0,10.0,1.21,0.0,10.0,27.05
17,ALLE.K,얼리지언,5,60,14,24,54,1.0,10.0,1.21,0.0,12.13,25.97
17,IFF,인터내셔널 플레이버스 & 프레그런스,5,60,14,24,54,1.0,10.0,1.21,0.0,9.43,26.71
17,ESS,에섹스 프로퍼티 트러스트,5,60,14,24,54,1.0,10.0,1.21,0.0,10.29,24.07
17,MAA,미드아메리카 아파트 커뮤니티,5,60,14,24,54,1.0,10.0,1.21,0.0,9.97,23.17
17,LH,랩코프 홀딩스,5,60,14,24,54,1.0,10.0,1.21,0.0,10.81,24.66
17,ARE,알렉산드리아 리얼에스테이트 이쿼티,5,60,14,24,54,1.0,10.0,1.21,0.0,7.44,24.6
17,BFb,브라운-포맨 Class B,5,60,14,24,54,1.0,10.0,1.21,0.0,9.97,22.73
17,CPT,캠든 프로퍼티 트러스트,5,60,14,24,54,1.0,10.0,1.21,0.0,10.05,23.46
17,REG.O,리젠시 센터스,5,60,14,24,54,1.0,10.0,1.21,0.0,8.38,28.14
17,FRT,페더럴 리얼티 인베스트먼트 트러스트,5,60,14,24,54,1.0,10.0,1.21,0.0,5.88,26.43
17,NWS.O,뉴스 코퍼레이션 Class B,5,60,14,24,54,1.0,10.0,1.21,0.0,10.11,29.02
17,UDR,UDR,5,60,14,24,54,1.0,10.0,1.21,0.0,8.42,24.52
17,HSIC.O,헨리 셰인,5,60,14,24,54,1.0,10.0,1.21,0.0,11.37,24.1
17,DGX,퀘스트 다이아그노스틱스,5,60,14,24,54,1.0,10.0,1.21,0.0,10.54,22.98
17,BG,번지 글로벌,5,60,14,24,54,1.0,10.0,1.21,0.0,9.56,28.73
17,EIX,에디슨 인터내셔널,5,60,14,24,54,1.0,10.0,1.21,0.0,8.81,23.92
17,CVX,셰브론,5,60,14,24,54,1.0,10.0,1.21,0.0,9.54,27.06
17,DIS,월트 디즈니,5,60,14,24,54,1.0,10.0,1.21,0.0,11.6,26.11
17,CSCO.O,시스코 시스템즈,5,60,14,24,54,1.0,10.0,1.21,0.0,8.88,25.96
17,TGT,타겟,5,60,14,24,54,1.0,10.0,1.21,0.0,12.21,27.87
17,UPS,유나이티드 파셀 서비스,5,60,14,24,54,1.0,10.0,1.21,0.0,8.83,23.0
17,ELV,엘레반스 헬스,5,60,14,24,54,1.0,10.0,1.21,0.0,8.76,23.49
17,CVS,CVS 헬스,5,60,14,24,54,1.0,10.0,1.21,0.0,7.84,24.33
17,ADM,아처 대니얼스 미들랜드,5,60,14,24,54,1.0,10.0,1.21,0.0,9.79,26.0
17,PCAR.O,파카,5,60,14,24,54,1.0,10.0,1.21,0.0,11.84,27.57
17,USB,U.S. 뱅코프,5,60,14,24,54,1.0,10.0,1.21,0.0,7.57,27.63
17,CAH,카디널 헬스,5,60,14,24,54,1.0,10.0,1.21,0.0,11.39,26.48
17,SRE,셈프라 에너지,5,60,14,24,54,1.0,10.0,1.21,0.0,7.02,25.36
17,PSA,퍼블릭 스토리지,5,60,14,24,54,1.0,10.0,1.21,0.0,11.11,21.95
17,CNP,센터포인트 에너지,5,60,14,24,54,1.0,10.0,1.21,0.0,8.9,24.49
17,DLR,디지털 리얼티 트러스트,5,60,14,24,54,1.0,10.0,1.21,0.0,10.63,26.75
17,PNC,PNC 파이낸셜 서비스,5,60,14,24,54,1.0,10.0,1.21,0.0,11.08,27.98
17,OMC,옴니콤 그룹,5,60,14,24,54,1.0,10.0,1.21,0.0,10.3,24.92
17,EMR,에머슨 일렉트릭,5,60,14,24,54,1.0,10.0,1.21,0.0,10.04,26.3
17,SYY,시스코,5,60,14,24,54,1.0,10.0,1.21,0.0,10.04,26.41
17,FIS,피델리티 내셔널 인포메이션 서비스,5,60,14,24,54,1.0,10.0,1.21,0.0,11.43,26.93
17,WELL.K,웰타워,5,60,14,24,54,1.0,10.0,1.21,0.0,11.26,29.08
17,O,리얼티 인컴,5,60,14,24,54,1.0,10.0,1.21,0.0,6.94,24.33
17,GPC,제뉴인 파츠,5,60,14,24,54,1.0,10.0,1.21,0.0,11.9,24.24
17,CNP,센터포인트 에너지,5,60,14,24,69,1.0,10.0,0.55,0.0,8.9,24.49
17,DLR,디지털 리얼티 트러스트,5,60,14,24,69,1.0,10.0,0.55,0.0,10.63,26.75
17,GPC,제뉴인 파츠,5,60,14,24,69,1.0,10.0,0.55,0.0,11.9,24.24
17,O,리얼티 인컴,5,60,14,24,69,1.0,10.0,0.55,0.0,6.94,24.33
17,WELL.K,웰타워,5,60,14,24,69,1.0,10.0,0.55,0.0,11.26,29.08
17,FIS,피델리티 내셔널 인포메이션 서비스,5,60,14,24,69,1.0,10.0,0.55,0.0,11.43,26.93
17,PSA,퍼블릭 스토리지,5,60,14,24,69,1.0,10.0,0.55,0.0,11.11,21.95
17,SYY,시스코,5,60,14,24,69,1.0,10.0,0.55,0.0,10.04,26.41
17,EMR,에머슨 일렉트릭,5,60,14,24,69,1.0,10.0,0.55,0.0,10.04,26.3
17,OMC,옴니콤 그룹,5,60,14,24,69,1.0,10.0,0.55,0.0,10.3,24.92
17,PNC,PNC 파이낸셜 서비스,5,60,14,24,69,1.0,10.0,0.55,0.0,11.08,27.98
17,CAH,카디널 헬스,5,60,14,24,69,1.0,10.0,0.55,0.0,11.39,26.48
17,BG,번지 글로벌,5,60,14,24,69,1.0,10.0,0.55,0.0,9.56,28.73
17,WMT,월마트,5,60,14,24,69,1.0,10.0,0.55,0.0,7.62,26.15
17,USB,U.S. 뱅코프,5,60,14,24,69,1.0,10.0,0.55,0.0,7.57,27.63
17,PCAR.O,파카,5,60,14,24,69,1.0,10.0,0.55,0.0,11.84,27.57
17,ADM,아처 대니얼스 미들랜드,5,60,14,24,69,1.0,10.0,0.55,0.0,9.79,26.0
17,SRE,셈프라 에너지,5,60,14,24,69,1.0,10.0,0.55,0.0,7.02,25.36
17,CVS,CVS 헬스,5,60,14,24,69,1.0,10.0,0.55,0.0,7.84,24.33
17,ELV,엘레반스 헬스,5,60,14,24,69,1.0,10.0,0.55,0.0,8.76,23.49
17,UPS,유나이티드 파셀 서비스,5,60,14,24,69,1.0,10.0,0.55,0.0,8.83,23.0
17,TGT,타겟,5,60,14,24,69,1.0,10.0,0.55,0.0,12.21,27.87
17,CSCO.O,시스코 시스템즈,5,60,14,24,69,1.0,10.0,0.55,0.0,8.88,25.96
17,DIS,월트 디즈니,5,60,14,24,69,1.0,10.0,0.55,0.0,11.6,26.11
17,CVX,셰브론,5,60,14,24,69,1.0,10.0,0.55,0.0,9.54,27.06
17,XOM,엑슨 모빌,5,60,14,24,69,1.0,10.0,0.55,0.0,8.19,25.31
17,DGX,퀘스트 다이아그노스틱스,5,60,14,24,69,1.0,10.0,0.55,0.0,10.54,22.98
17,EIX,에디슨 인터내셔널,5,60,14,24,69,1.0,10.0,0.55,0.0,8.81,23.92
17,HSIC.O,헨리 셰인,5,60,14,24,69,1.0,10.0,0.55,0.0,11.37,24.1
17,BK,뱅크 오브 뉴욕 멜론,5,60,14,24,69,1.0,10.0,0.55,0.0,10.0,27.05
17,INVH.K,인비테이션 홈스,5,60,14,24,69,1.0,10.0,0.55,0.0,12.09,26.31
17,UDR,UDR,5,60,14,24,69,1.0,10.0,0.55,0.0,8.42,24.52
17,FRT,페더럴 리얼티 인베스트먼트 트러스트,5,60,14,24,69,1.0,10.0,0.55,0.0,5.88,26.43
17,REG.O,리젠시 센터스,5,60,14,24,69,1.0,10.0,0.55,0.0,8.38,28.14
17,CPT,캠든 프로퍼티 트러스트,5,60,14,24,69,1.0,10.0,0.55,0.0,10.05,23.46
17,BFb,브라운-포맨 Class B,5,60,14,24,69,1.0,10.0,0.55,0.0,9.97,22.73
17,ARE,알렉산드리아 리얼에스테이트 이쿼티,5,60,14,24,69,1.0,10.0,0.55,0.0,7.44,24.6
17,LH,랩코프 홀딩스,5,60,14,24,69,1.0,10.0,0.55,0.0,10.81,24.66
17,MAA,미드아메리카 아파트 커뮤니티,5,60,14,24,69,1.0,10.0,0.55,0.0,9.97,23.17
17,ESS,에섹스 프로퍼티 트러스트,5,60,14,24,69,1.0,10.0,0.55,0.0,10.29,24.07
17,IFF,인터내셔널 플레이버스 & 프레그런스,5,60,14,24,69,1.0,10.0,0.55,0.0,9.43,26.71
17,ALLE.K,얼리지언,5,60,14,24,69,1.0,10.0,0.55,0.0,12.13,25.97
17,EQR,에퀴티 레지덴셜,5,60,14,24,69,1.0,10.0,0.55,0.0,7.36,23.9
17,NWS.O,뉴스 코퍼레이션 Class B,5,60,14,24,69,1.0,10.0,0.55,0.0,10.11,29.02
17,CHRW.O,CH 로빈슨 월드와이드,5,60,14,24,69,1.0,10.0,0.55,0.0,6.33,25.1
17,EXPD.K,익스페디터스 인터내셔널 오브 워싱턴,5,60,14,24,69,1.0,10.0,0.55,0.0,12.4,24.17
17,TROW.O,티 로웨 프라이스 그룹,5,60,14,24,69,1.0,10.0,0.55,0.0,11.0,28.49
17,CTSH.O,코그니전트 테크놀로지 솔루션,5,60,14,24,69,1.0,10.0,0.55,0.0,11.5,29.01
17,AVB,아발론베이 커뮤니티,5,60,14,24,69,1.0,10.0,0.55,0.0,8.2,23.49
17,ZBH,짐머 바이오멧 홀딩스,5,60,14,24,69,1.0,10.0,0.55,0.0,8.26,25.69
17,CCI,크라운 캐슬,5,60,14,24,69,1.0,10.0,0.55,0.0,9.8,23.52
17,L,로우스,5,60,14,24,69,1.0,10.0,0.55,0.0,8.25,23.49
17,TAP,몰슨 쿠어스 베버리지 Class B,5,60,14,24,69,1.0,10.0,0.55,0.0,4.47,26.41
17,GRMN.K,가민,5,60,14,24,69,1.0,10.0,0.55,0.0,10.64,26.54
17,NTRS.O,노던 트러스트,5,60,14,24,69,1.0,10.0,0.55,30.26,8.06,28.0
17,CTSH.O,코그니전트 테크놀로지 솔루션,5,60,14,24,64,1.0,10.0,0.51,0.0,11.5,29.01
17,AVB,아발론베이 커뮤니티,5,60,14,24,64,1.0,10.0,0.51,0.0,8.2,23.49
17,DGX,퀘스트 다이아그노스틱스,5,60,14,24,64,1.0,10.0,0.51,0.0,10.54,22.98
17,TROW.O,티 로웨 프라이스 그룹,5,60,14,24,64,1.0,10.0,0.51,0.0,11.0,28.49
17,CCI,크라운 캐슬,5,60,14,24,64,1.0,10.0,0.51,0.0,9.8,23.52
17,ZBH,짐머 바이오멧 홀딩스,5,60,14,24,64,1.0,10.0,0.51,0.0,8.26,25.69
17,UDR,UDR,5,60,14,24,64,1.0,10.0,0.51,0.0,8.42,24.52
17,CHRW.O,CH 로빈슨 월드와이드,5,60,14,24,64,1.0,10.0,0.51,0.0,6.33,25.1
17,TAP,몰슨 쿠어스 베버리지 Class B,5,60,14,24,64,1.0,10.0,0.51,0.0,4.47,26.41
17,GRMN.K,가민,5,60,14,24,64,1.0,10.0,0.51,0.0,10.64,26.54
17,NTRS.O,노던 트러스트,5,60,14,24,64,1.0,10.0,0.51,28.12,8.06,28.0
17,L,로우스,5,60,14,24,64,1.0,10.0,0.51,0.0,8.25,23.49
17,EXPD.K,익스페디터스 인터내셔널 오브 워싱턴,5,60,14,24,64,1.0,10.0,0.51,0.0,12.4,24.17
17,ESS,에섹스 프로퍼티 트러스트,5,60,14,24,64,1.0,10.0,0.51,0.0,10.29,24.07
17,HSIC.O,헨리 셰인,5,60,14,24,64,1.0,10.0,0.51,0.0,11.37,24.1
17,INVH.K,인비테이션 홈스,5,60,14,24,64,1.0,10.0,0.51,0.0,12.09,26.31
17,EQR,에퀴티 레지덴셜,5,60,14,24,64,1.0,10.0,0.51,0.0,7.36,23.9
17,ALLE.K,얼리지언,5,60,14,24,64,1.0,10.0,0.51,0.0,12.13,25.97
17,IFF,인터내셔널 플레이버스 & 프레그런스,5,60,14,24,64,1.0,10.0,0.51,0.0,9.43,26.71
17,MAA,미드아메리카 아파트 커뮤니티,5,60,14,24,64,1.0,10.0,0.51,0.0,9.97,23.17
17,LH,랩코프 홀딩스,5,60,14,24,64,1.0,10.0,0.51,0.0,10.81,24.66
17,ARE,알렉산드리아 리얼에스테이트 이쿼티,5,60,14,24,64,1.0,10.0,0.51,0.0,7.44,24.6
17,BFb,브라운-포맨 Class B,5,60,14,24,64,1.0,10.0,0.51,0.0,9.97,22.73
17,CPT,캠든 프로퍼티 트러스트,5,60,14,24,64,1.0,10.0,0.51,0.0,10.05,23.46
17,REG.O,리젠시 센터스,5,60,14,24,64,1.0,10.0,0.51,0.0,8.38,28.14
17,FRT,페더럴 리얼티 인베스트먼트 트러스트,5,60,14,24,64,1.0,10.0,0.51,0.0,5.88,26.43
17,BK,뱅크 오브 뉴욕 멜론,5,60,14,24,64,1.0,10.0,0.51,0.0,10.0,27.05
17,NWS.O,뉴스 코퍼레이션 Class B,5,60,14,24,64,1.0,10.0,0.51,0.0,10.11,29.02
17,EIX,에디슨 인터내셔널,5,60,14,24,64,1.0,10.0,0.51,0.0,8.81,23.92
17,USB,U.S. 뱅코프,5,60,14,24,64,1.0,10.0,0.51,0.0,7.57,27.63
17,WMT,월마트,5,60,14,24,64,1.0,10.0,0.51,0.0,7.62,26.15
17,XOM,엑슨 모빌,5,60,14,24,64,1.0,10.0,0.51,0.0,8.19,25.31
17,CVX,셰브론,5,60,14,24,64,1.0,10.0,0.51,0.0,9.54,27.06
17,DIS,월트 디즈니,5,60,14,24,64,1.0,10.0,0.51,0.0,11.6,26.11
17,CSCO.O,시스코 시스템즈,5,60,14,24,64,1.0,10.0,0.51,0.0,8.88,25.96
17,TGT,타겟,5,60,14,24,64,1.0,10.0,0.51,0.0,12.21,27.87
17,UPS,유나이티드 파셀 서비스,5,60,14,24,64,1.0,10.0,0.51,0.0,8.83,23.0
17,ELV,엘레반스 헬스,5,60,14,24,64,1.0,10.0,0.51,0.0,8.76,23.49
17,CVS,CVS 헬스,5,60,14,24,64,1.0,10.0,0.51,0.0,7.84,24.33
17,SRE,셈프라 에너지,5,60,14,24,64,1.0,10.0,0.51,0.0,7.02,25.36
17,ADM,아처 대니얼스 미들랜드,5,60,14,24,64,1.0,10.0,0.51,0.0,9.79,26.0
17,PCAR.O,파카,5,60,14,24,64,1.0,10.0,0.51,0.0,11.84,27.57
17,PSA,퍼블릭 스토리지,5,60,14,24,64,1.0,10.0,0.51,0.0,11.11,21.95
17,CAH,카디널 헬스,5,60,14,24,64,1.0,10.0,0.51,0.0,11.39,26.48
17,FIS,피델리티 내셔널 인포메이션 서비스,5,60,14,24,64,1.0,10.0,0.51,0.0,11.43,26.93
17,PNC,PNC 파이낸셜 서비스,5,60,14,24,64,1.0,10.0,0.51,0.0,11.08,27.98
17,OMC,옴니콤 그룹,5,60,14,24,64,1.0,10.0,0.51,0.0,10.3,24.92
17,EMR,에머슨 일렉트릭,5,60,14,24,64,1.0,10.0,0.51,0.0,10.04,26.3
17,CNP,센터포인트 에너지,5,60,14,24,64,1.0,10.0,0.51,0.0,8.9,24.49
17,SYY,시스코,5,60,14,24,64,1.0,10.0,0.51,0.0,10.04,26.41
17,WELL.K,웰타워,5,60,14,24,64,1.0,10.0,0.51,0.0,11.26,29.08
17,O,리얼티 인컴,5,60,14,24,64,1.0,10.0,0.51,0.0,6.94,24.33
17,GPC,제뉴인 파츠,5,60,14,24,64,1.0,10.0,0.51,0.0,11.9,24.24
17,DLR,디지털 리얼티 트러스트,5,60,14,24,64,1.0,10.0,0.51,0.0,10.63,26.75
17,BG,번지 글로벌,5,60,14,24,64,1.0,10.0,0.51,0.0,9.56,28.73
17,FIS,피델리티 내셔널 인포메이션 서비스,5,60,14,24,59,1.0,10.0,0.48,0.0,11.43,26.93
17,DLR,디지털 리얼티 트러스트,5,60,14,24,59,1.0,10.0,0.48,0.0,10.63,26.75
17,GPC,제뉴인 파츠,5,60,14,24,59,1.0,10.0,0.48,0.0,11.9,24.24
17,O,리얼티 인컴,5,60,14,24,59,1.0,10.0,0.48,0.0,6.94,24.33
17,WELL.K,웰타워,5,60,14,24,59,1.0,10.0,0.48,0.0,11.26,29.08
17,PSA,퍼블릭 스토리지,5,60,14,24,59,1.0,10.0,0.48,0.0,11.11,21.95
17,CNP,센터포인트 에너지,5,60,14,24,59,1.0,10.0,0.48,0.0,8.9,24.49
17,SYY,시스코,5,60,14,24,59,1.0,10.0,0.48,0.0,10.04,26.41
17,EMR,에머슨 일렉트릭,5,60,14,24,59,1.0,10.0,0.48,0.0,10.04,26.3
17,OMC,옴니콤 그룹,5,60,14,24,59,1.0,10.0,0.48,0.0,10.3,24.92
17,PNC,PNC 파이낸셜 서비스,5,60,14,24,59,1.0,10.0,0.48,0.0,11.08,27.98
17,USB,U.S. 뱅코프,5,60,14,24,59,1.0,10.0,0.48,0.0,7.57,27.63
17,CAH,카디널 헬스,5,60,14,24,59,1.0,10.0,0.48,0.0,11.39,26.48
17,UPS,유나이티드 파셀 서비스,5,60,14,24,59,1.0,10.0,0.48,0.0,8.83,23.0
17,PCAR.O,파카,5,60,14,24,59,1.0,10.0,0.48,0.0,11.84,27.57
17,ADM,아처 대니얼스 미들랜드,5,60,14,24,59,1.0,10.0,0.48,0.0,9.79,26.0
17,SRE,셈프라 에너지,5,60,14,24,59,1.0,10.0,0.48,0.0,7.02,25.36
17,CVS,CVS 헬스,5,60,14,24,59,1.0,10.0,0.48,0.0,7.84,24.33
17,ELV,엘레반스 헬스,5,60,14,24,59,1.0,10.0,0.48,0.0,8.76,23.49
17,TGT,타겟,5,60,14,24,59,1.0,10.0,0.48,0.0,12.21,27.87
17,CSCO.O,시스코 시스템즈,5,60,14,24,59,1.0,10.0,0.48,0.0,8.88,25.96
17,DIS,월트 디즈니,5,60,14,24,59,1.0,10.0,0.48,0.0,11.6,26.11
17,CVX,셰브론,5,60,14,24,59,1.0,10.0,0.48,0.0,9.54,27.06
17,XOM,엑슨 모빌,5,60,14,24,59,1.0,10.0,0.48,0.0,8.19,25.31
17,WMT,월마트,5,60,14,24,59,1.0,10.0,0.48,0.0,7.62,26.15
17,DGX,퀘스트 다이아그노스틱스,5,60,14,24,59,1.0,10.0,0.48,0.0,10.54,22.98
17,EIX,에디슨 인터내셔널,5,60,14,24,59,1.0,10.0,0.48,0.0,8.81,23.92
17,BG,번지 글로벌,5,60,14,24,59,1.0,10.0,0.48,0.0,9.56,28.73
17,BK,뱅크 오브 뉴욕 멜론,5,60,14,24,59,1.0,10.0,0.48,0.0,10.0,27.05
17,INVH.K,인비테이션 홈스,5,60,14,24,59,1.0,10.0,0.48,0.0,12.09,26.31
17,UDR,UDR,5,60,14,24,59,1.0,10.0,0.48,0.0,8.42,24.52
17,NWS.O,뉴스 코퍼레이션 Class B,5,60,14,24,59,1.0,10.0,0.48,0.0,10.11,29.02
17,REG.O,리젠시 센터스,5,60,14,24,59,1.0,10.0,0.48,0.0,8.38,28.14
17,CPT,캠든 프로퍼티 트러스트,5,60,14,24,59,1.0,10.0,0.48,0.0,10.05,23.46
17,BFb,브라운-포맨 Class B,5,60,14,24,59,1.0,10.0,0.48,0.0,9.97,22.73
17,ARE,알렉산드리아 리얼에스테이트 이쿼티,5,60,14,24,59,1.0,10.0,0.48,0.0,7.44,24.6
17,LH,랩코프 홀딩스,5,60,14,24,59,1.0,10.0,0.48,0.0,10.81,24.66
17,MAA,미드아메리카 아파트 커뮤니티,5,60,14,24,59,1.0,10.0,0.48,0.0,9.97,23.17
17,ESS,에섹스 프로퍼티 트러스트,5,60,14,24,59,1.0,10.0,0.48,0.0,10.29,24.07
17,IFF,인터내셔널 플레이버스 & 프레그런스,5,60,14,24,59,1.0,10.0,0.48,0.0,9.43,26.71
17,ALLE.K,얼리지언,5,60,14,24,59,1.0,10.0,0.48,0.0,12.13,25.97
17,EQR,에퀴티 레지덴셜,5,60,14,24,59,1.0,10.0,0.48,0.0,7.36,23.9
17,FRT,페더럴 리얼티 인베스트먼트 트러스트,5,60,14,24,59,1.0,10.0,0.48,0.0,5.88,26.43
17,HSIC.O,헨리 셰인,5,60,14,24,59,1.0,10.0,0.48,0.0,11.37,24.1
17,AVB,아발론베이 커뮤니티,5,60,14,24,59,1.0,10.0,0.48,0.0,8.2,23.49
17,TAP,몰슨 쿠어스 베버리지 Class B,5,60,14,24,59,1.0,10.0,0.48,0.0,4.47,26.41
17,CHRW.O,CH 로빈슨 월드와이드,5,60,14,24,59,1.0,10.0,0.48,0.0,6.33,25.1
17,CCI,크라운 캐슬,5,60,14,24,59,1.0,10.0,0.48,0.0,9.8,23.52
17,ZBH,짐머 바이오멧 홀딩스,5,60,14,24,59,1.0,10.0,0.48,0.0,8.26,25.69
17,GRMN.K,가민,5,60,14,24,59,1.0,10.0,0.48,0.0,10.64,26.54
17,CTSH.O,코그니전트 테크놀로지 솔루션,5,60,14,24,59,1.0,10.0,0.48,0.0,11.5,29.01
17,L,로우스,5,60,14,24,59,1.0,10.0,0.48,0.0,8.25,23.49
17,TROW.O,티 로웨 프라이스 그룹,5,60,14,24,59,1.0,10.0,0.48,0.0,11.0,28.49
17,NTRS.O,노던 트러스트,5,60,14,24,59,1.0,10.0,0.48,26.16,8.06,28.0
17,EXPD.K,익스페디터스 인터내셔널 오브 워싱턴,5,60,14,24,59,1.0,10.0,0.48,0.0,12.4,24.17
17,PNC,PNC 파이낸셜 서비스,5,60,14,24,79,1.0,10.0,0.12,0.0,11.08,27.98
17,CAH,카디널 헬스,5,60,14,24,79,1.0,10.0,0.12,0.0,11.39,26.48
17,OMC,옴니콤 그룹,5,60,14,24,79,1.0,10.0,0.12,0.0,10.3,24.92
17,EMR,에머슨 일렉트릭,5,60,14,24,79,1.0,10.0,0.12,0.0,10.04,26.3
17,CNP,센터포인트 에너지,5,60,14,24,79,1.0,10.0,0.12,0.0,8.9,24.49
17,FIS,피델리티 내셔널 인포메이션 서비스,5,60,14,24,79,1.0,10.0,0.12,0.0,11.43,26.93
17,WELL.K,웰타워,5,60,14,24,79,1.0,10.0,0.12,0.0,11.26,29.08
17,O,리얼티 인컴,5,60,14,24,79,1.0,10.0,0.12,0.0,6.94,24.33
17,GPC,제뉴인 파츠,5,60,14,24,79,1.0,10.0,0.12,0.0,11.9,24.24
17,DLR,디지털 리얼티 트러스트,5,60,14,24,79,1.0,10.0,0.12,0.0,10.63,26.75
17,BG,번지 글로벌,5,60,14,24,79,1.0,10.0,0.12,0.0,9.56,28.73
17,SYY,시스코,5,60,14,24,79,1.0,10.0,0.12,0.0,10.04,26.41
17,CVS,CVS 헬스,5,60,14,24,79,1.0,10.0,0.12,0.0,7.84,24.33
17,USB,U.S. 뱅코프,5,60,14,24,79,1.0,10.0,0.12,0.0,7.57,27.63
17,PCAR.O,파카,5,60,14,24,79,1.0,10.0,0.12,0.0,11.84,27.57
17,ADM,아처 대니얼스 미들랜드,5,60,14,24,79,1.0,10.0,0.12,0.0,9.79,26.0
17,SRE,셈프라 에너지,5,60,14,24,79,1.0,10.0,0.12,0.0,7.02,25.36
17,XOM,엑슨 모빌,5,60,14,24,79,1.0,10.0,0.12,0.0,8.19,25.31
17,ELV,엘레반스 헬스,5,60,14,24,79,1.0,10.0,0.12,0.0,8.76,23.49
17,UPS,유나이티드 파셀 서비스,5,60,14,24,79,1.0,10.0,0.12,0.0,8.83,23.0
17,TGT,타겟,5,60,14,24,79,1.0,10.0,0.12,0.0,12.21,27.87
17,CSCO.O,시스코 시스템즈,5,60,14,24,79,1.0,10.0,0.12,0.0,8.88,25.96
17,DIS,월트 디즈니,5,60,14,24,79,1.0,10.0,0.12,0.0,11.6,26.11
17,CVX,셰브론,5,60,14,24,79,1.0,10.0,0.12,0.0,9.54,27.06
17,EIX,에디슨 인터내셔널,5,60,14,24,79,1.0,10.0,0.12,0.0,8.81,23.92
17,PSA,퍼블릭 스토리지,5,60,14,24,79,1.0,10.0,0.12,0.0,11.11,21.95
17,EXPD.K,익스페디터스 인터내셔널 오브 워싱턴,5,60,14,24,79,1.0,10.0,0.12,0.0,12.4,24.17
17,DGX,퀘스트 다이아그노스틱스,5,60,14,24,79,1.0,10.0,0.12,0.0,10.54,22.98
17,HSIC.O,헨리 셰인,5,60,14,24,79,1.0,10.0,0.12,0.0,11.37,24.1
17,NWS.O,뉴스 코퍼레이션 Class B,5,60,14,24,74,1.0,10.0,0.12,0.0,10.11,29.02
17,CPT,캠든 프로퍼티 트러스트,5,60,14,24,79,1.0,10.0,0.12,0.0,10.05,23.46
17,BFb,브라운-포맨 Class B,5,60,14,24,79,1.0,10.0,0.12,0.0,9.97,22.73
17,ARE,알렉산드리아 리얼에스테이트 이쿼티,5,60,14,24,79,1.0,10.0,0.12,0.0,7.44,24.6
17,LH,랩코프 홀딩스,5,60,14,24,79,1.0,10.0,0.12,0.0,10.81,24.66
17,MAA,미드아메리카 아파트 커뮤니티,5,60,14,24,79,1.0,10.0,0.12,0.0,9.97,23.17
17,ESS,에섹스 프로퍼티 트러스트,5,60,14,24,79,1.0,10.0,0.12,0.0,10.29,24.07
17,IFF,인터내셔널 플레이버스 & 프레그런스,5,60,14,24,79,1.0,10.0,0.12,0.0,9.43,26.71
17,ALLE.K,얼리지언,5,60,14,24,79,1.0,10.0,0.12,0.0,12.13,25.97
17,EQR,에퀴티 레지덴셜,5,60,14,24,79,1.0,10.0,0.12,0.0,7.36,23.9
17,INVH.K,인비테이션 홈스,5,60,14,24,79,1.0,10.0,0.12,0.0,12.09,26.31
17,L,로우스,5,60,14,24,79,1.0,10.0,0.12,0.0,8.25,23.49
17,BK,뱅크 오브 뉴욕 멜론,5,60,14,24,79,1.0,10.0,0.12,0.0,10.0,27.05
17,REG.O,리젠시 센터스,5,60,14,24,79,1.0,10.0,0.12,0.0,8.38,28.14
17,TROW.O,티 로웨 프라이스 그룹,5,60,14,24,79,1.0,10.0,0.12,0.0,11.0,28.49
17,CTSH.O,코그니전트 테크놀로지 솔루션,5,60,14,24,79,1.0,10.0,0.12,0.0,11.5,29.01
17,AVB,아발론베이 커뮤니티,5,60,14,24,79,1.0,10.0,0.12,0.0,8.2,23.49
17,ZBH,짐머 바이오멧 홀딩스,5,60,14,24,79,1.0,10.0,0.12,0.0,8.26,25.69
17,CCI,크라운 캐슬,5,60,14,24,79,1.0,10.0,0.12,0.0,9.8,23.52
17,CHRW.O,CH 로빈슨 월드와이드,5,60,14,24,79,1.0,10.0,0.12,0.0,6.33,25.1
17,TAP,몰슨 쿠어스 베버리지 Class B,5,60,14,24,79,1.0,10.0,0.12,0.0,4.47,26.41
17,GRMN.K,가민,5,60,14,24,79,1.0,10.0,0.12,0.0,10.64,26.54
17,NTRS.O,노던 트러스트,5,60,14,24,79,1.0,10.0,0.12,6.36,8.06,28.0
17,UDR,UDR,5,60,14,24,79,1.0,10.0,0.12,0.0,8.42,24.52
17,WMT,월마트,5,60,14,24,79,1.0,10.0,0.12,0.0,7.62,26.15
17,CAH,카디널 헬스,5,60,14,24,74,1.0,10.0,0.12,0.0,11.39,26.48
17,FRT,페더럴 리얼티 인베스트먼트 트러스트,5,60,14,24,74,1.0,10.0,0.12,0.0,5.88,26.43
17,PCAR.O,파카,5,60,14,24,74,1.0,10.0,0.12,0.0,11.84,27.57
17,OMC,옴니콤 그룹,5,60,14,24,74,1.0,10.0,0.12,0.0,10.3,24.92
17,EMR,에머슨 일렉트릭,5,60,14,24,74,1.0,10.0,0.12,0.0,10.04,26.3
17,SYY,시스코,5,60,14,24,74,1.0,10.0,0.12,0.0,10.04,26.41
17,CNP,센터포인트 에너지,5,60,14,24,74,1.0,10.0,0.12,0.0,8.9,24.49
17,FIS,피델리티 내셔널 인포메이션 서비스,5,60,14,24,74,1.0,10.0,0.12,0.0,11.43,26.93
17,WELL.K,웰타워,5,60,14,24,74,1.0,10.0,0.12,0.0,11.26,29.08
17,O,리얼티 인컴,5,60,14,24,74,1.0,10.0,0.12,0.0,6.94,24.33
17,GPC,제뉴인 파츠,5,60,14,24,74,1.0,10.0,0.12,0.0,11.9,24.24
17,DLR,디지털 리얼티 트러스트,5,60,14,24,74,1.0,10.0,0.12,0.0,10.63,26.75
17,BG,번지 글로벌,5,60,14,24,74,1.0,10.0,0.12,0.0,9.56,28.73
17,USB,U.S. 뱅코프,5,60,14,24,74,1.0,10.0,0.12,0.0,7.57,27.63
17,ADM,아처 대니얼스 미들랜드,5,60,14,24,74,1.0,10.0,0.12,0.0,9.79,26.0
17,PSA,퍼블릭 스토리지,5,60,14,24,74,1.0,10.0,0.12,0.0,11.11,21.95
17,SRE,셈프라 에너지,5,60,14,24,74,1.0,10.0,0.12,0.0,7.02,25.36
17,CVS,CVS 헬스,5,60,14,24,74,1.0,10.0,0.12,0.0,7.84,24.33
17,ELV,엘레반스 헬스,5,60,14,24,74,1.0,10.0,0.12,0.0,8.76,23.49
17,UPS,유나이티드 파셀 서비스,5,60,14,24,74,1.0,10.0,0.12,0.0,8.83,23.0
17,TGT,타겟,5,60,14,24,74,1.0,10.0,0.12,0.0,12.21,27.87
17,CSCO.O,시스코 시스템즈,5,60,14,24,74,1.0,10.0,0.12,0.0,8.88,25.96
17,DIS,월트 디즈니,5,60,14,24,74,1.0,10.0,0.12,0.0,11.6,26.11
17,CVX,셰브론,5,60,14,24,74,1.0,10.0,0.12,0.0,9.54,27.06
17,XOM,엑슨 모빌,5,60,14,24,74,1.0,10.0,0.12,0.0,8.19,25.31
17,WMT,월마트,5,60,14,24,74,1.0,10.0,0.12,0.0,7.62,26.15
17,NWS.O,뉴스 코퍼레이션 Class B,5,60,14,24,79,1.0,10.0,0.12,0.0,10.11,29.02
17,PNC,PNC 파이낸셜 서비스,5,60,14,24,74,1.0,10.0,0.12,0.0,11.08,27.98
17,EIX,에디슨 인터내셔널,5,60,14,24,74,1.0,10.0,0.12,0.0,8.81,23.92
17,REG.O,리젠시 센터스,5,60,14,24,74,1.0,10.0,0.12,0.0,8.38,28.14
17,L,로우스,5,60,14,24,74,1.0,10.0,0.12,0.0,8.25,23.49
17,CPT,캠든 프로퍼티 트러스트,5,60,14,24,74,1.0,10.0,0.12,0.0,10.05,23.46
17,BFb,브라운-포맨 Class B,5,60,14,24,74,1.0,10.0,0.12,0.0,9.97,22.73
17,ARE,알렉산드리아 리얼에스테이트 이쿼티,5,60,14,24,74,1.0,10.0,0.12,0.0,7.44,24.6
17,LH,랩코프 홀딩스,5,60,14,24,74,1.0,10.0,0.12,0.0,10.81,24.66
17,MAA,미드아메리카 아파트 커뮤니티,5,60,14,24,74,1.0,10.0,0.12,0.0,9.97,23.17
17,ESS,에섹스 프로퍼티 트러스트,5,60,14,24,74,1.0,10.0,0.12,0.0,10.29,24.07
17,IFF,인터내셔널 플레이버스 & 프레그런스,5,60,14,24,74,1.0,10.0,0.12,0.0,9.43,26.71
17,ALLE.K,얼리지언,5,60,14,24,74,1.0,10.0,0.12,0.0,12.13,25.97
17,EQR,에퀴티 레지덴셜,5,60,14,24,74,1.0,10.0,0.12,0.0,7.36,23.9
17,INVH.K,인비테이션 홈스,5,60,14,24,74,1.0,10.0,0.12,0.0,12.09,26.31
17,HSIC.O,헨리 셰인,5,60,14,24,74,1.0,10.0,0.12,0.0,11.37,24.1
17,EXPD.K,익스페디터스 인터내셔널 오브 워싱턴,5,60,14,24,74,1.0,10.0,0.12,0.0,12.4,24.17
17,DGX,퀘스트 다이아그노스틱스,5,60,14,24,74,1.0,10.0,0.12,0.0,10.54,22.98
17,TROW.O,티 로웨 프라이스 그룹,5,60,14,24,74,1.0,10.0,0.12,0.0,11.0,28.49
17,CTSH.O,코그니전트 테크놀로지 솔루션,5,60,14,24,74,1.0,10.0,0.12,0.0,11.5,29.01
17,AVB,아발론베이 커뮤니티,5,60,14,24,74,1.0,10.0,0.12,0.0,8.2,23.49
17,ZBH,짐머 바이오멧 홀딩스,5,60,14,24,74,1.0,10.0,0.12,0.0,8.26,25.69
17,CCI,크라운 캐슬,5,60,14,24,74,1.0,10.0,0.12,0.0,9.8,23.52
17,CHRW.O,CH 로빈슨 월드와이드,5,60,14,24,74,1.0,10.0,0.12,0.0,6.33,25.1
17,TAP,몰슨 쿠어스 베버리지 Class B,5,60,14,24,74,1.0,10.0,0.12,0.0,4.47,26.41
17,GRMN.K,가민,5,60,14,24,74,1.0,10.0,0.12,0.0,10.64,26.54
17,NTRS.O,노던 트러스트,5,60,14,24,74,1.0,10.0,0.12,6.36,8.06,28.0
17,UDR,UDR,5,60,14,24,74,1.0,10.0,0.12,0.0,8.42,24.52
17,BK,뱅크 오브 뉴욕 멜론,5,60,14,24,74,1.0,10.0,0.12,0.0,10.0,27.05
17,FRT,페더럴 리얼티 인베스트먼트 트러스트,5,60,14,24,79,1.0,10.0,0.12,0.0,5.88,26.43
17,NWS.O,뉴스 코퍼레이션 Class B,5,120,14,24,79,1.0,10.0,0.0,0.0,10.11,29.02
17,FRT,페더럴 리얼티 인베스트먼트 트러스트,5,120,14,24,79,1.0,10.0,0.0,0.0,5.88,26.43
17,UPS,유나이티드 파셀 서비스,5,120,14,24,74,1.0,10.0,0.0,0.0,8.83,23.0
17,CSCO.O,시스코 시스템즈,5,120,14,24,74,1.0,10.0,0.0,0.0,8.88,25.96
17,DIS,월트 디즈니,5,120,14,24,74,1.0,10.0,0.0,0.0,11.6,26.11
17,CVX,셰브론,5,120,14,24,74,1.0,10.0,0.0,0.0,9.54,27.06
17,XOM,엑슨 모빌,5,120,14,24,74,1.0,10.0,0.0,0.0,8.19,25.31
17,WMT,월마트,5,120,14,24,74,1.0,10.0,0.0,0.0,7.62,26.15
17,NWS.O,뉴스 코퍼레이션 Class B,5,120,14,24,69,1.0,10.0,0.0,0.0,10.11,29.02
17,FRT,페더럴 리얼티 인베스트먼트 트러스트,5,120,14,24,69,1.0,10.0,0.0,0.0,5.88,26.43
17,REG.O,리젠시 센터스,5,120,14,24,69,1.0,10.0,0.0,0.0,8.38,28.14
17,CPT,캠든 프로퍼티 트러스트,5,120,14,24,69,1.0,10.0,0.0,0.0,10.05,23.46
17,BFb,브라운-포맨 Class B,5,120,14,24,69,1.0,10.0,0.0,0.0,9.97,22.73
17,ARE,알렉산드리아 리얼에스테이트 이쿼티,5,120,14,24,69,1.0,10.0,0.0,0.0,7.44,24.6
17,LH,랩코프 홀딩스,5,120,14,24,69,1.0,10.0,0.0,0.0,10.81,24.66
17,MAA,미드아메리카 아파트 커뮤니티,5,120,14,24,69,1.0,10.0,0.0,0.0,9.97,23.17
17,ESS,에섹스 프로퍼티 트러스트,5,120,14,24,69,1.0,10.0,0.0,0.0,10.29,24.07
17,IFF,인터내셔널 플레이버스 & 프레그런스,5,120,14,24,69,1.0,10.0,0.0,0.0,9.43,26.71
17,ALLE.K,얼리지언,5,120,14,24,69,1.0,10.0,0.0,0.0,12.13,25.97
17,EQR,에퀴티 레지덴셜,5,120,14,24,69,1.0,10.0,0.0,0.0,7.36,23.9
17,TGT,타겟,5,120,14,24,74,1.0,10.0,0.0,0.0,12.21,27.87
17,ELV,엘레반스 헬스,5,120,14,24,74,1.0,10.0,0.0,0.0,8.76,23.49
17,WMT,월마트,5,120,14,24,69,1.0,10.0,0.0,0.0,7.62,26.15
17,CVS,CVS 헬스,5,120,14,24,74,1.0,10.0,0.0,0.0,7.84,24.33
17,PSA,퍼블릭 스토리지,5,120,14,24,74,1.0,10.0,0.0,0.0,11.11,21.95
17,PNC,PNC 파이낸셜 서비스,5,120,14,24,74,1.0,10.0,0.0,0.0,11.08,27.98
17,OMC,옴니콤 그룹,5,120,14,24,74,1.0,10.0,0.0,0.0,10.3,24.92
17,EMR,에머슨 일렉트릭,5,120,14,24,74,1.0,10.0,0.0,0.0,10.04,26.3
17,SYY,시스코,5,120,14,24,74,1.0,10.0,0.0,0.0,10.04,26.41
17,CNP,센터포인트 에너지,5,120,14,24,74,1.0,10.0,0.0,0.0,8.9,24.49
17,FIS,피델리티 내셔널 인포메이션 서비스,5,120,14,24,74,1.0,10.0,0.0,0.0,11.43,26.93
17,WELL.K,웰타워,5,120,14,24,74,1.0,10.0,0.0,0.0,11.26,29.08
17,O,리얼티 인컴,5,120,14,24,74,1.0,10.0,0.0,0.0,6.94,24.33
17,GPC,제뉴인 파츠,5,120,14,24,74,1.0,10.0,0.0,0.0,11.9,24.24
17,DLR,디지털 리얼티 트러스트,5,120,14,24,74,1.0,10.0,0.0,0.0,10.63,26.75
17,BG,번지 글로벌,5,120,14,24,74,1.0,10.0,0.0,0.0,9.56,28.73
17,CAH,카디널 헬스,5,120,14,24,74,1.0,10.0,0.0,0.0,11.39,26.48
17,USB,U.S. 뱅코프,5,120,14,24,74,1.0,10.0,0.0,0.0,7.57,27.63
17,PCAR.O,파카,5,120,14,24,74,1.0,10.0,0.0,0.0,11.84,27.57
17,ADM,아처 대니얼스 미들랜드,5,120,14,24,74,1.0,10.0,0.0,0.0,9.79,26.0
17,SRE,셈프라 에너지,5,120,14,24,74,1.0,10.0,0.0,0.0,7.02,25.36
17,INVH.K,인비테이션 홈스,5,120,14,24,69,1.0,10.0,0.0,0.0,12.09,26.31
17,HSIC.O,헨리 셰인,5,120,14,24,69,1.0,10.0,0.0,0.0,11.37,24.1
17,L,로우스,5,120,14,24,69,1.0,10.0,0.0,0.0,8.25,23.49
17,EXPD.K,익스페디터스 인터내셔널 오브 워싱턴,5,120,14,24,69,1.0,10.0,0.0,0.0,12.4,24.17
17,WELL.K,웰타워,5,120,14,24,69,1.0,10.0,0.0,0.0,11.26,29.08
17,O,리얼티 인컴,5,120,14,24,69,1.0,10.0,0.0,0.0,6.94,24.33
17,GPC,제뉴인 파츠,5,120,14,24,69,1.0,10.0,0.0,0.0,11.9,24.24
17,DLR,디지털 리얼티 트러스트,5,120,14,24,69,1.0,10.0,0.0,0.0,10.63,26.75
17,BG,번지 글로벌,5,120,14,24,69,1.0,10.0,0.0,0.0,9.56,28.73
17,CAH,카디널 헬스,5,120,14,24,69,1.0,10.0,0.0,0.0,11.39,26.48
17,USB,U.S. 뱅코프,5,120,14,24,69,1.0,10.0,0.0,0.0,7.57,27.63
17,PCAR.O,파카,5,120,14,24,69,1.0,10.0,0.0,0.0,11.84,27.57
17,ADM,아처 대니얼스 미들랜드,5,120,14,24,69,1.0,10.0,0.0,0.0,9.79,26.0
17,SRE,셈프라 에너지,5,120,14,24,69,1.0,10.0,0.0,0.0,7.02,25.36
17,CVS,CVS 헬스,5,120,14,24,69,1.0,10.0,0.0,0.0,7.84,24.33
17,ELV,엘레반스 헬스,5,120,14,24,69,1.0,10.0,0.0,0.0,8.76,23.49
17,UPS,유나이티드 파셀 서비스,5,120,14,24,69,1.0,10.0,0.0,0.0,8.83,23.0
17,TGT,타겟,5,120,14,24,69,1.0,10.0,0.0,0.0,12.21,27.87
17,CSCO.O,시스코 시스템즈,5,120,14,24,69,1.0,10.0,0.0,0.0,8.88,25.96
17,DIS,월트 디즈니,5,120,14,24,69,1.0,10.0,0.0,0.0,11.6,26.11
17,CVX,셰브론,5,120,14,24,69,1.0,10.0,0.0,0.0,9.54,27.06
17,FIS,피델리티 내셔널 인포메이션 서비스,5,120,14,24,69,1.0,10.0,0.0,0.0,11.43,26.93
17,CNP,센터포인트 에너지,5,120,14,24,69,1.0,10.0,0.0,0.0,8.9,24.49
17,SYY,시스코,5,120,14,24,69,1.0,10.0,0.0,0.0,10.04,26.41
17,GRMN.K,가민,5,120,14,24,69,1.0,10.0,0.0,0.0,10.64,26.54
17,TROW.O,티 로웨 프라이스 그룹,5,120,14,24,69,1.0,10.0,0.0,0.0,11.0,28.49
17,CTSH.O,코그니전트 테크놀로지 솔루션,5,120,14,24,69,1.0,10.0,0.0,0.0,11.5,29.01
17,AVB,아발론베이 커뮤니티,5,120,14,24,69,1.0,10.0,0.0,0.0,8.2,23.49
17,ZBH,짐머 바이오멧 홀딩스,5,120,14,24,69,1.0,10.0,0.0,0.0,8.26,25.69
17,CCI,크라운 캐슬,5,120,14,24,69,1.0,10.0,0.0,0.0,9.8,23.52
17,CHRW.O,CH 로빈슨 월드와이드,5,120,14,24,69,1.0,10.0,0.0,0.0,6.33,25.1
17,TAP,몰슨 쿠어스 베버리지 Class B,5,120,14,24,69,1.0,10.0,0.0,0.0,4.47,26.41
17,NTRS.O,노던 트러스트,5,120,14,24,69,1.0,10.0,0.0,0.0,8.06,28.0
17,EMR,에머슨 일렉트릭,5,120,14,24,69,1.0,10.0,0.0,0.0,10.04,26.3
17,UDR,UDR,5,120,14,24,69,1.0,10.0,0.0,0.0,8.42,24.52
17,BK,뱅크 오브 뉴욕 멜론,5,120,14,24,69,1.0,10.0,0.0,0.0,10.0,27.05
17,DGX,퀘스트 다이아그노스틱스,5,120,14,24,69,1.0,10.0,0.0,0.0,10.54,22.98
17,EIX,에디슨 인터내셔널,5,120,14,24,69,1.0,10.0,0.0,0.0,8.81,23.92
17,PSA,퍼블릭 스토리지,5,120,14,24,69,1.0,10.0,0.0,0.0,11.11,21.95
17,PNC,PNC 파이낸셜 서비스,5,120,14,24,69,1.0,10.0,0.0,0.0,11.08,27.98
17,OMC,옴니콤 그룹,5,120,14,24,69,1.0,10.0,0.0,0.0,10.3,24.92
17,EIX,에디슨 인터내셔널,5,120,14,24,74,1.0,10.0,0.0,0.0,8.81,23.92
17,DGX,퀘스트 다이아그노스틱스,5,120,14,24,74,1.0,10.0,0.0,0.0,10.54,22.98
17,BK,뱅크 오브 뉴욕 멜론,5,120,14,24,74,1.0,10.0,0.0,0.0,10.0,27.05
17,BG,번지 글로벌,5,120,14,24,79,1.0,10.0,0.0,0.0,9.56,28.73
17,TAP,몰슨 쿠어스 베버리지 Class B,5,120,14,24,79,1.0,10.0,0.0,0.0,4.47,26.41
17,GRMN.K,가민,5,120,14,24,79,1.0,10.0,0.0,0.0,10.64,26.54
17,NTRS.O,노던 트러스트,5,120,14,24,79,1.0,10.0,0.0,0.0,8.06,28.0
17,UDR,UDR,5,120,14,24,79,1.0,10.0,0.0,0.0,8.42,24.52
17,BK,뱅크 오브 뉴욕 멜론,5,120,14,24,79,1.0,10.0,0.0,0.0,10.0,27.05
17,DGX,퀘스트 다이아그노스틱스,5,120,14,24,79,1.0,10.0,0.0,0.0,10.54,22.98
17,EIX,에디슨 인터내셔널,5,120,14,24,79,1.0,10.0,0.0,0.0,8.81,23.92
17,PSA,퍼블릭 스토리지,5,120,14,24,79,1.0,10.0,0.0,0.0,11.11,21.95
17,PNC,PNC 파이낸셜 서비스,5,120,14,24,79,1.0,10.0,0.0,0.0,11.08,27.98
17,OMC,옴니콤 그룹,5,120,14,24,79,1.0,10.0,0.0,0.0,10.3,24.92
17,EMR,에머슨 일렉트릭,5,120,14,24,79,1.0,10.0,0.0,0.0,10.04,26.3
17,SYY,시스코,5,120,14,24,79,1.0,10.0,0.0,0.0,10.04,26.41
17,CNP,센터포인트 에너지,5,120,14,24,79,1.0,10.0,0.0,0.0,8.9,24.49
17,FIS,피델리티 내셔널 인포메이션 서비스,5,120,14,24,79,1.0,10.0,0.0,0.0,11.43,26.93
17,WELL.K,웰타워,5,120,14,24,79,1.0,10.0,0.0,0.0,11.26,29.08
17,O,리얼티 인컴,5,120,14,24,79,1.0,10.0,0.0,0.0,6.94,24.33
17,GPC,제뉴인 파츠,5,120,14,24,79,1.0,10.0,0.0,0.0,11.9,24.24
17,CHRW.O,CH 로빈슨 월드와이드,5,120,14,24,79,1.0,10.0,0.0,0.0,6.33,25.1
17,CCI,크라운 캐슬,5,120,14,24,79,1.0,10.0,0.0,0.0,9.8,23.52
17,ZBH,짐머 바이오멧 홀딩스,5,120,14,24,79,1.0,10.0,0.0,0.0,8.26,25.69
17,IFF,인터내셔널 플레이버스 & 프레그런스,5,120,14,24,79,1.0,10.0,0.0,0.0,9.43,26.71
17,REG.O,리젠시 센터스,5,120,14,24,79,1.0,10.0,0.0,0.0,8.38,28.14
17,CPT,캠든 프로퍼티 트러스트,5,120,14,24,79,1.0,10.0,0.0,0.0,10.05,23.46
17,BFb,브라운-포맨 Class B,5,120,14,24,79,1.0,10.0,0.0,0.0,9.97,22.73
17,ARE,알렉산드리아 리얼에스테이트 이쿼티,5,120,14,24,79,1.0,10.0,0.0,0.0,7.44,24.6
17,LH,랩코프 홀딩스,5,120,14,24,79,1.0,10.0,0.0,0.0,10.81,24.66
17,MAA,미드아메리카 아파트 커뮤니티,5,120,14,24,79,1.0,10.0,0.0,0.0,9.97,23.17
17,ESS,에섹스 프로퍼티 트러스트,5,120,14,24,79,1.0,10.0,0.0,0.0,10.29,24.07
17,ALLE.K,얼리지언,5,120,14,24,79,1.0,10.0,0.0,0.0,12.13,25.97
17,AVB,아발론베이 커뮤니티,5,120,14,24,79,1.0,10.0,0.0,0.0,8.2,23.49
17,EQR,에퀴티 레지덴셜,5,120,14,24,79,1.0,10.0,0.0,0.0,7.36,23.9
17,INVH.K,인비테이션 홈스,5,120,14,24,79,1.0,10.0,0.0,0.0,12.09,26.31
17,HSIC.O,헨리 셰인,5,120,14,24,79,1.0,10.0,0.0,0.0,11.37,24.1
17,L,로우스,5,120,14,24,79,1.0,10.0,0.0,0.0,8.25,23.49
17,EXPD.K,익스페디터스 인터내셔널 오브 워싱턴,5,120,14,24,79,1.0,10.0,0.0,0.0,12.4,24.17
17,TROW.O,티 로웨 프라이스 그룹,5,120,14,24,79,1.0,10.0,0.0,0.0,11.0,28.49
17,CTSH.O,코그니전트 테크놀로지 솔루션,5,120,14,24,79,1.0,10.0,0.0,0.0,11.5,29.01
17,DLR,디지털 리얼티 트러스트,5,120,14,24,79,1.0,10.0,0.0,0.0,10.63,26.75
17,CAH,카디널 헬스,5,120,14,24,79,1.0,10.0,0.0,0.0,11.39,26.48
17,UDR,UDR,5,120,14,24,74,1.0,10.0,0.0,0.0,8.42,24.52
17,USB,U.S. 뱅코프,5,120,14,24,79,1.0,10.0,0.0,0.0,7.57,27.63
17,ESS,에섹스 프로퍼티 트러스트,5,120,14,24,74,1.0,10.0,0.0,0.0,10.29,24.07
17,IFF,인터내셔널 플레이버스 & 프레그런스,5,120,14,24,74,1.0,10.0,0.0,0.0,9.43,26.71
17,ALLE.K,얼리지언,5,120,14,24,74,1.0,10.0,0.0,0.0,12.13,25.97
17,EQR,에퀴티 레지덴셜,5,120,14,24,74,1.0,10.0,0.0,0.0,7.36,23.9
17,INVH.K,인비테이션 홈스,5,120,14,24,74,1.0,10.0,0.0,0.0,12.09,26.31
17,HSIC.O,헨리 셰인,5,120,14,24,74,1.0,10.0,0.0,0.0,11.37,24.1
17,L,로우스,5,120,14,24,74,1.0,10.0,0.0,0.0,8.25,23.49
17,EXPD.K,익스페디터스 인터내셔널 오브 워싱턴,5,120,14,24,74,1.0,10.0,0.0,0.0,12.4,24.17
17,TROW.O,티 로웨 프라이스 그룹,5,120,14,24,74,1.0,10.0,0.0,0.0,11.0,28.49
17,CTSH.O,코그니전트 테크놀로지 솔루션,5,120,14,24,74,1.0,10.0,0.0,0.0,11.5,29.01
17,AVB,아발론베이 커뮤니티,5,120,14,24,74,1.0,10.0,0.0,0.0,8.2,23.49
17,ZBH,짐머 바이오멧 홀딩스,5,120,14,24,74,1.0,10.0,0.0,0.0,8.26,25.69
17,CCI,크라운 캐슬,5,120,14,24,74,1.0,10.0,0.0,0.0,9.8,23.52
17,CHRW.O,CH 로빈슨 월드와이드,5,120,14,24,74,1.0,10.0,0.0,0.0,6.33,25.1
17,TAP,몰슨 쿠어스 베버리지 Class B,5,120,14,24,74,1.0,10.0,0.0,0.0,4.47,26.41
17,GRMN.K,가민,5,120,14,24,74,1.0,10.0,0.0,0.0,10.64,26.54
17,NTRS.O,노던 트러스트,5,120,14,24,74,1.0,10.0,0.0,0.0,8.06,28.0
17,MAA,미드아메리카 아파트 커뮤니티,5,120,14,24,74,1.0,10.0,0.0,0.0,9.97,23.17
17,LH,랩코프 홀딩스,5,120,14,24,74,1.0,10.0,0.0,0.0,10.81,24.66
17,ARE,알렉산드리아 리얼에스테이트 이쿼티,5,120,14,24,74,1.0,10.0,0.0,0.0,7.44,24.6
17,CSCO.O,시스코 시스템즈,5,120,14,24,79,1.0,10.0,0.0,0.0,8.88,25.96
17,PCAR.O,파카,5,120,14,24,79,1.0,10.0,0.0,0.0,11.84,27.57
17,ADM,아처 대니얼스 미들랜드,5,120,14,24,79,1.0,10.0,0.0,0.0,9.79,26.0
17,SRE,셈프라 에너지,5,120,14,24,79,1.0,10.0,0.0,0.0,7.02,25.36
17,CVS,CVS 헬스,5,120,14,24,79,1.0,10.0,0.0,0.0,7.84,24.33
17,ELV,엘레반스 헬스,5,120,14,24,79,1.0,10.0,0.0,0.0,8.76,23.49
17,UPS,유나이티드 파셀 서비스,5,120,14,24,79,1.0,10.0,0.0,0.0,8.83,23.0
17,TGT,타겟,5,120,14,24,79,1.0,10.0,0.0,0.0,12.21,27.87
17,DIS,월트 디즈니,5,120,14,24,79,1.0,10.0,0.0,0.0,11.6,26.11
17,BFb,브라운-포맨 Class B,5,120,14,24,74,1.0,10.0,0.0,0.0,9.97,22.73
17,CVX,셰브론,5,120,14,24,79,1.0,10.0,0.0,0.0,9.54,27.06
17,XOM,엑슨 모빌,5,120,14,24,79,1.0,10.0,0.0,0.0,8.19,25.31
17,WMT,월마트,5,120,14,24,79,1.0,10.0,0.0,0.0,7.62,26.15
17,NWS.O,뉴스 코퍼레이션 Class B,5,120,14,24,74,1.0,10.0,0.0,0.0,10.11,29.02
17,FRT,페더럴 리얼티 인베스트먼트 트러스트,5,120,14,24,74,1.0,10.0,0.0,0.0,5.88,26.43
17,REG.O,리젠시 센터스,5,120,14,24,74,1.0,10.0,0.0,0.0,8.38,28.14
17,CPT,캠든 프로퍼티 트러스트,5,120,14,24,74,1.0,10.0,0.0,0.0,10.05,23.46
17,XOM,엑슨 모빌,5,120,14,24,69,1.0,10.0,0.0,0.0,8.19,25.31
17,NWS.O,뉴스 코퍼레이션 Class B,5,120,14,24,64,1.0,10.0,0.0,0.0,10.11,29.02
17,XOM,엑슨 모빌,5,120,14,24,54,1.0,10.0,0.0,0.0,8.19,25.31
17,UPS,유나이티드 파셀 서비스,5,120,14,24,59,1.0,10.0,0.0,0.0,8.83,23.0
17,CSCO.O,시스코 시스템즈,5,120,14,24,59,1.0,10.0,0.0,0.0,8.88,25.96
17,DIS,월트 디즈니,5,120,14,24,59,1.0,10.0,0.0,0.0,11.6,26.11
17,CVX,셰브론,5,120,14,24,59,1.0,10.0,0.0,0.0,9.54,27.06
17,XOM,엑슨 모빌,5,120,14,24,59,1.0,10.0,0.0,0.0,8.19,25.31
17,WMT,월마트,5,120,14,24,59,1.0,10.0,0.0,0.0,7.62,26.15
17,NWS.O,뉴스 코퍼레이션 Class B,5,120,14,24,54,1.0,10.0,0.0,0.0,10.11,29.02
17,FRT,페더럴 리얼티 인베스트먼트 트러스트,5,120,14,24,54,1.0,10.0,0.0,0.0,5.88,26.43
17,REG.O,리젠시 센터스,5,120,14,24,54,1.0,10.0,0.0,0.0,8.38,28.14
17,CPT,캠든 프로퍼티 트러스트,5,120,14,24,54,1.0,10.0,0.0,0.0,10.05,23.46
17,BFb,브라운-포맨 Class B,5,120,14,24,54,1.0,10.0,0.0,0.0,9.97,22.73
17,ARE,알렉산드리아 리얼에스테이트 이쿼티,5,120,14,24,54,1.0,10.0,0.0,0.0,7.44,24.6
17,LH,랩코프 홀딩스,5,120,14,24,54,1.0,10.0,0.0,0.0,10.81,24.66
17,MAA,미드아메리카 아파트 커뮤니티,5,120,14,24,54,1.0,10.0,0.0,0.0,9.97,23.17
17,ESS,에섹스 프로퍼티 트러스트,5,120,14,24,54,1.0,10.0,0.0,0.0,10.29,24.07
17,IFF,인터내셔널 플레이버스 & 프레그런스,5,120,14,24,54,1.0,10.0,0.0,0.0,9.43,26.71
17,ALLE.K,얼리지언,5,120,14,24,54,1.0,10.0,0.0,0.0,12.13,25.97
17,EQR,에퀴티 레지덴셜,5,120,14,24,54,1.0,10.0,0.0,0.0,7.36,23.9
17,TGT,타겟,5,120,14,24,59,1.0,10.0,0.0,0.0,12.21,27.87
17,ELV,엘레반스 헬스,5,120,14,24,59,1.0,10.0,0.0,0.0,8.76,23.49
17,FRT,페더럴 리얼티 인베스트먼트 트러스트,5,120,14,24,64,1.0,10.0,0.0,0.0,5.88,26.43
17,CVS,CVS 헬스,5,120,14,24,59,1.0,10.0,0.0,0.0,7.84,24.33
17,PSA,퍼블릭 스토리지,5,120,14,24,59,1.0,10.0,0.0,0.0,11.11,21.95
17,PNC,PNC 파이낸셜 서비스,5,120,14,24,59,1.0,10.0,0.0,0.0,11.08,27.98
17,OMC,옴니콤 그룹,5,120,14,24,59,1.0,10.0,0.0,0.0,10.3,24.92
17,EMR,에머슨 일렉트릭,5,120,14,24,59,1.0,10.0,0.0,0.0,10.04,26.3
17,SYY,시스코,5,120,14,24,59,1.0,10.0,0.0,0.0,10.04,26.41
17,CNP,센터포인트 에너지,5,120,14,24,59,1.0,10.0,0.0,0.0,8.9,24.49
17,FIS,피델리티 내셔널 인포메이션 서비스,5,120,14,24,59,1.0,10.0,0.0,0.0,11.43,26.93
17,WELL.K,웰타워,5,120,14,24,59,1.0,10.0,0.0,0.0,11.26,29.08
17,O,리얼티 인컴,5,120,14,24,59,1.0,10.0,0.0,0.0,6.94,24.33
17,GPC,제뉴인 파츠,5,120,14,24,59,1.0,10.0,0.0,0.0,11.9,24.24
17,DLR,디지털 리얼티 트러스트,5,120,14,24,59,1.0,10.0,0.0,0.0,10.63,26.75
17,BG,번지 글로벌,5,120,14,24,59,1.0,10.0,0.0,0.0,9.56,28.73
17,CAH,카디널 헬스,5,120,14,24,59,1.0,10.0,0.0,0.0,11.39,26.48
17,USB,U.S. 뱅코프,5,120,14,24,59,1.0,10.0,0.0,0.0,7.57,27.63
17,PCAR.O,파카,5,120,14,24,59,1.0,10.0,0.0,0.0,11.84,27.57
17,ADM,아처 대니얼스 미들랜드,5,120,14,24,59,1.0,10.0,0.0,0.0,9.79,26.0
17,SRE,셈프라 에너지,5,120,14,24,59,1.0,10.0,0.0,0.0,7.02,25.36
17,INVH.K,인비테이션 홈스,5,120,14,24,54,1.0,10.0,0.0,0.0,12.09,26.31
17,HSIC.O,헨리 셰인,5,120,14,24,54,1.0,10.0,0.0,0.0,11.37,24.1
17,L,로우스,5,120,14,24,54,1.0,10.0,0.0,0.0,8.25,23.49
17,EXPD.K,익스페디터스 인터내셔널 오브 워싱턴,5,120,14,24,54,1.0,10.0,0.0,0.0,12.4,24.17
17,WELL.K,웰타워,5,120,14,24,54,1.0,10.0,0.0,0.0,11.26,29.08
17,O,리얼티 인컴,5,120,14,24,54,1.0,10.0,0.0,0.0,6.94,24.33
17,GPC,제뉴인 파츠,5,120,14,24,54,1.0,10.0,0.0,0.0,11.9,24.24
17,DLR,디지털 리얼티 트러스트,5,120,14,24,54,1.0,10.0,0.0,0.0,10.63,26.75
17,BG,번지 글로벌,5,120,14,24,54,1.0,10.0,0.0,0.0,9.56,28.73
17,CAH,카디널 헬스,5,120,14,24,54,1.0,10.0,0.0,0.0,11.39,26.48
17,USB,U.S. 뱅코프,5,120,14,24,54,1.0,10.0,0.0,0.0,7.57,27.63
17,PCAR.O,파카,5,120,14,24,54,1.0,10.0,0.0,0.0,11.84,27.57
17,ADM,아처 대니얼스 미들랜드,5,120,14,24,54,1.0,10.0,0.0,0.0,9.79,26.0
17,SRE,셈프라 에너지,5,120,14,24,54,1.0,10.0,0.0,0.0,7.02,25.36
17,CVS,CVS 헬스,5,120,14,24,54,1.0,10.0,0.0,0.0,7.84,24.33
17,ELV,엘레반스 헬스,5,120,14,24,54,1.0,10.0,0.0,0.0,8.76,23.49
17,UPS,유나이티드 파셀 서비스,5,120,14,24,54,1.0,10.0,0.0,0.0,8.83,23.0
17,TGT,타겟,5,120,14,24,54,1.0,10.0,0.0,0.0,12.21,27.87
17,CSCO.O,시스코 시스템즈,5,120,14,24,54,1.0,10.0,0.0,0.0,8.88,25.96
17,DIS,월트 디즈니,5,120,14,24,54,1.0,10.0,0.0,0.0,11.6,26.11
17,CVX,셰브론,5,120,14,24,54,1.0,10.0,0.0,0.0,9.54,27.06
17,FIS,피델리티 내셔널 인포메이션 서비스,5,120,14,24,54,1.0,10.0,0.0,0.0,11.43,26.93
17,CNP,센터포인트 에너지,5,120,14,24,54,1.0,10.0,0.0,0.0,8.9,24.49
17,SYY,시스코,5,120,14,24,54,1.0,10.0,0.0,0.0,10.04,26.41
17,GRMN.K,가민,5,120,14,24,54,1.0,10.0,0.0,0.0,10.64,26.54
17,TROW.O,티 로웨 프라이스 그룹,5,120,14,24,54,1.0,10.0,0.0,0.0,11.0,28.49
17,CTSH.O,코그니전트 테크놀로지 솔루션,5,120,14,24,54,1.0,10.0,0.0,0.0,11.5,29.01
17,AVB,아발론베이 커뮤니티,5,120,14,24,54,1.0,10.0,0.0,0.0,8.2,23.49
17,ZBH,짐머 바이오멧 홀딩스,5,120,14,24,54,1.0,10.0,0.0,0.0,8.26,25.69
17,CCI,크라운 캐슬,5,120,14,24,54,1.0,10.0,0.0,0.0,9.8,23.52
17,CHRW.O,CH 로빈슨 월드와이드,5,120,14,24,54,1.0,10.0,0.0,0.0,6.33,25.1
17,TAP,몰슨 쿠어스 베버리지 Class B,5,120,14,24,54,1.0,10.0,0.0,0.0,4.47,26.41
17,NTRS.O,노던 트러스트,5,120,14,24,54,1.0,10.0,0.0,0.0,8.06,28.0
17,EMR,에머슨 일렉트릭,5,120,14,24,54,1.0,10.0,0.0,0.0,10.04,26.3
17,UDR,UDR,5,120,14,24,54,1.0,10.0,0.0,0.0,8.42,24.52
17,BK,뱅크 오브 뉴욕 멜론,5,120,14,24,54,1.0,10.0,0.0,0.0,10.0,27.05
17,DGX,퀘스트 다이아그노스틱스,5,120,14,24,54,1.0,10.0,0.0,0.0,10.54,22.98
17,EIX,에디슨 인터내셔널,5,120,14,24,54,1.0,10.0,0.0,0.0,8.81,23.92
17,PSA,퍼블릭 스토리지,5,120,14,24,54,1.0,10.0,0.0,0.0,11.11,21.95
17,PNC,PNC 파이낸셜 서비스,5,120,14,24,54,1.0,10.0,0.0,0.0,11.08,27.98
17,OMC,옴니콤 그룹,5,120,14,24,54,1.0,10.0,0.0,0.0,10.3,24.92
17,EIX,에디슨 인터내셔널,5,120,14,24,59,1.0,10.0,0.0,0.0,8.81,23.92
17,DGX,퀘스트 다이아그노스틱스,5,120,14,24,59,1.0,10.0,0.0,0.0,10.54,22.98
17,BK,뱅크 오브 뉴욕 멜론,5,120,14,24,59,1.0,10.0,0.0,0.0,10.0,27.05
17,BG,번지 글로벌,5,120,14,24,64,1.0,10.0,0.0,0.0,9.56,28.73
17,TAP,몰슨 쿠어스 베버리지 Class B,5,120,14,24,64,1.0,10.0,0.0,0.0,4.47,26.41
17,GRMN.K,가민,5,120,14,24,64,1.0,10.0,0.0,0.0,10.64,26.54
17,NTRS.O,노던 트러스트,5,120,14,24,64,1.0,10.0,0.0,0.0,8.06,28.0
17,UDR,UDR,5,120,14,24,64,1.0,10.0,0.0,0.0,8.42,24.52
17,BK,뱅크 오브 뉴욕 멜론,5,120,14,24,64,1.0,10.0,0.0,0.0,10.0,27.05
17,DGX,퀘스트 다이아그노스틱스,5,120,14,24,64,1.0,10.0,0.0,0.0,10.54,22.98
17,EIX,에디슨 인터내셔널,5,120,14,24,64,1.0,10.0,0.0,0.0,8.81,23.92
17,PSA,퍼블릭 스토리지,5,120,14,24,64,1.0,10.0,0.0,0.0,11.11,21.95
17,PNC,PNC 파이낸셜 서비스,5,120,14,24,64,1.0,10.0,0.0,0.0,11.08,27.98
17,OMC,옴니콤 그룹,5,120,14,24,64,1.0,10.0,0.0,0.0,10.3,24.92
17,EMR,에머슨 일렉트릭,5,120,14,24,64,1.0,10.0,0.0,0.0,10.04,26.3
17,SYY,시스코,5,120,14,24,64,1.0,10.0,0.0,0.0,10.04,26.41
17,CNP,센터포인트 에너지,5,120,14,24,64,1.0,10.0,0.0,0.0,8.9,24.49
17,FIS,피델리티 내셔널 인포메이션 서비스,5,120,14,24,64,1.0,10.0,0.0,0.0,11.43,26.93
17,WELL.K,웰타워,5,120,14,24,64,1.0,10.0,0.0,0.0,11.26,29.08
17,O,리얼티 인컴,5,120,14,24,64,1.0,10.0,0.0,0.0,6.94,24.33
17,GPC,제뉴인 파츠,5,120,14,24,64,1.0,10.0,0.0,0.0,11.9,24.24
17,CHRW.O,CH 로빈슨 월드와이드,5,120,14,24,64,1.0,10.0,0.0,0.0,6.33,25.1
17,CCI,크라운 캐슬,5,120,14,24,64,1.0,10.0,0.0,0.0,9.8,23.52
17,ZBH,짐머 바이오멧 홀딩스,5,120,14,24,64,1.0,10.0,0.0,0.0,8.26,25.69
17,IFF,인터내셔널 플레이버스 & 프레그런스,5,120,14,24,64,1.0,10.0,0.0,0.0,9.43,26.71
17,REG.O,리젠시 센터스,5,120,14,24,64,1.0,10.0,0.0,0.0,8.38,28.14
17,CPT,캠든 프로퍼티 트러스트,5,120,14,24,64,1.0,10.0,0.0,0.0,10.05,23.46
17,BFb,브라운-포맨 Class B,5,120,14,24,64,1.0,10.0,0.0,0.0,9.97,22.73
17,ARE,알렉산드리아 리얼에스테이트 이쿼티,5,120,14,24,64,1.0,10.0,0.0,0.0,7.44,24.6
17,LH,랩코프 홀딩스,5,120,14,24,64,1.0,10.0,0.0,0.0,10.81,24.66
17,MAA,미드아메리카 아파트 커뮤니티,5,120,14,24,64,1.0,10.0,0.0,0.0,9.97,23.17
17,ESS,에섹스 프로퍼티 트러스트,5,120,14,24,64,1.0,10.0,0.0,0.0,10.29,24.07
17,ALLE.K,얼리지언,5,120,14,24,64,1.0,10.0,0.0,0.0,12.13,25.97
17,AVB,아발론베이 커뮤니티,5,120,14,24,64,1.0,10.0,0.0,0.0,8.2,23.49
17,EQR,에퀴티 레지덴셜,5,120,14,24,64,1.0,10.0,0.0,0.0,7.36,23.9
17,INVH.K,인비테이션 홈스,5,120,14,24,64,1.0,10.0,0.0,0.0,12.09,26.31
17,HSIC.O,헨리 셰인,5,120,14,24,64,1.0,10.0,0.0,0.0,11.37,24.1
17,L,로우스,5,120,14,24,64,1.0,10.0,0.0,0.0,8.25,23.49
17,EXPD.K,익스페디터스 인터내셔널 오브 워싱턴,5,120,14,24,64,1.0,10.0,0.0,0.0,12.4,24.17
17,TROW.O,티 로웨 프라이스 그룹,5,120,14,24,64,1.0,10.0,0.0,0.0,11.0,28.49
17,CTSH.O,코그니전트 테크놀로지 솔루션,5,120,14,24,64,1.0,10.0,0.0,0.0,11.5,29.01
17,DLR,디지털 리얼티 트러스트,5,120,14,24,64,1.0,10.0,0.0,0.0,10.63,26.75
17,CAH,카디널 헬스,5,120,14,24,64,1.0,10.0,0.0,0.0,11.39,26.48
17,UDR,UDR,5,120,14,24,59,1.0,10.0,0.0,0.0,8.42,24.52
17,USB,U.S. 뱅코프,5,120,14,24,64,1.0,10.0,0.0,0.0,7.57,27.63
17,ESS,에섹스 프로퍼티 트러스트,5,120,14,24,59,1.0,10.0,0.0,0.0,10.29,24.07
17,IFF,인터내셔널 플레이버스 & 프레그런스,5,120,14,24,59,1.0,10.0,0.0,0.0,9.43,26.71
17,ALLE.K,얼리지언,5,120,14,24,59,1.0,10.0,0.0,0.0,12.13,25.97
17,EQR,에퀴티 레지덴셜,5,120,14,24,59,1.0,10.0,0.0,0.0,7.36,23.9
17,INVH.K,인비테이션 홈스,5,120,14,24,59,1.0,10.0,0.0,0.0,12.09,26.31
17,HSIC.O,헨리 셰인,5,120,14,24,59,1.0,10.0,0.0,0.0,11.37,24.1
17,L,로우스,5,120,14,24,59,1.0,10.0,0.0,0.0,8.25,23.49
17,EXPD.K,익스페디터스 인터내셔널 오브 워싱턴,5,120,14,24,59,1.0,10.0,0.0,0.0,12.4,24.17
17,TROW.O,티 로웨 프라이스 그룹,5,120,14,24,59,1.0,10.0,0.0,0.0,11.0,28.49
17,CTSH.O,코그니전트 테크놀로지 솔루션,5,120,14,24,59,1.0,10.0,0.0,0.0,11.5,29.01
17,AVB,아발론베이 커뮤니티,5,120,14,24,59,1.0,10.0,0.0,0.0,8.2,23.49
17,ZBH,짐머 바이오멧 홀딩스,5,120,14,24,59,1.0,10.0,0.0,0.0,8.26,25.69
17,CCI,크라운 캐슬,5,120,14,24,59,1.0,10.0,0.0,0.0,9.8,23.52
17,CHRW.O,CH 로빈슨 월드와이드,5,120,14,24,59,1.0,10.0,0.0,0.0,6.33,25.1
17,TAP,몰슨 쿠어스 베버리지 Class B,5,120,14,24,59,1.0,10.0,0.0,0.0,4.47,26.41
17,GRMN.K,가민,5,120,14,24,59,1.0,10.0,0.0,0.0,10.64,26.54
17,NTRS.O,노던 트러스트,5,120,14,24,59,1.0,10.0,0.0,0.0,8.06,28.0
17,MAA,미드아메리카 아파트 커뮤니티,5,120,14,24,59,1.0,10.0,0.0,0.0,9.97,23.17
17,LH,랩코프 홀딩스,5,120,14,24,59,1.0,10.0,0.0,0.0,10.81,24.66
17,ARE,알렉산드리아 리얼에스테이트 이쿼티,5,120,14,24,59,1.0,10.0,0.0,0.0,7.44,24.6
17,CSCO.O,시스코 시스템즈,5,120,14,24,64,1.0,10.0,0.0,0.0,8.88,25.96
17,PCAR.O,파카,5,120,14,24,64,1.0,10.0,0.0,0.0,11.84,27.57
17,ADM,아처 대니얼스 미들랜드,5,120,14,24,64,1.0,10.0,0.0,0.0,9.79,26.0
17,SRE,셈프라 에너지,5,120,14,24,64,1.0,10.0,0.0,0.0,7.02,25.36
17,CVS,CVS 헬스,5,120,14,24,64,1.0,10.0,0.0,0.0,7.84,24.33
17,ELV,엘레반스 헬스,5,120,14,24,64,1.0,10.0,0.0,0.0,8.76,23.49
17,UPS,유나이티드 파셀 서비스,5,120,14,24,64,1.0,10.0,0.0,0.0,8.83,23.0
17,TGT,타겟,5,120,14,24,64,1.0,10.0,0.0,0.0,12.21,27.87
17,DIS,월트 디즈니,5,120,14,24,64,1.0,10.0,0.0,0.0,11.6,26.11
17,BFb,브라운-포맨 Class B,5,120,14,24,59,1.0,10.0,0.0,0.0,9.97,22.73
17,CVX,셰브론,5,120,14,24,64,1.0,10.0,0.0,0.0,9.54,27.06
17,XOM,엑슨 모빌,5,120,14,24,64,1.0,10.0,0.0,0.0,8.19,25.31
17,WMT,월마트,5,120,14,24,64,1.0,10.0,0.0,0.0,7.62,26.15
17,NWS.O,뉴스 코퍼레이션 Class B,5,120,14,24,59,1.0,10.0,0.0,0.0,10.11,29.02
17,FRT,페더럴 리얼티 인베스트먼트 트러스트,5,120,14,24,59,1.0,10.0,0.0,0.0,5.88,26.43
17,REG.O,리젠시 센터스,5,120,14,24,59,1.0,10.0,0.0,0.0,8.38,28.14
17,CPT,캠든 프로퍼티 트러스트,5,120,14,24,59,1.0,10.0,0.0,0.0,10.05,23.46
17,WMT,월마트,5,120,14,24,54,1.0,10.0,0.0,0.0,7.62,26.15
