Cluster,Symbol,Name,MA_Short_Window,MA_Long_Window,RSI_Window,RSI_Buy_Threshold,RSI_Sell_Threshold,Stop_Loss_Percent,Take_Profit_Percent,Average_Return,Symbol_sim_return,Return,Std Dev
25,186230,그린플러스,5,120,14,44,54,1.0,10.0,2523.67,13.09,41.5,65.87
25,299900,위지윅스튜디오,5,120,14,44,54,1.0,10.0,2523.67,-63.44,40.29,63.29
25,094940,푸른기술,5,120,14,44,54,1.0,10.0,2523.67,-18.1,38.49,69.62
25,320000,윈텍,5,120,14,44,54,1.0,10.0,2523.67,367.1,40.95,66.22
25,036120,SCI평가정보,5,120,14,44,54,1.0,10.0,2523.67,106.98,37.18,67.07
25,065350,신성델타테크,5,120,14,44,54,1.0,10.0,2523.67,16.63,41.39,59.31
25,298380,에이비엘바이오,5,120,14,44,54,1.0,10.0,2523.67,453.31,42.05,66.02
25,087010,펩트론,5,120,14,44,54,1.0,10.0,2523.67,7.25,42.49,67.26
25,064550,바이오니아,5,120,14,44,54,1.0,10.0,2523.67,153.52,41.81,68.66
25,136510,스마트솔루션즈,5,120,14,44,54,1.0,10.0,2523.67,58.64,43.75,66.42
25,297890,HB솔루션,5,120,14,44,54,1.0,10.0,2523.67,130.29,39.97,65.11
25,025980,아난티,5,120,14,44,54,1.0,10.0,2523.67,8.74,38.55,62.6
25,206650,유바이오로직스,5,120,14,44,54,1.0,10.0,2523.67,56.88,37.69,64.37
25,314930,바이오다인,5,120,14,44,54,1.0,10.0,2523.67,29.42,38.5,61.67
25,094170,동운아나텍,5,120,14,44,54,1.0,10.0,2523.67,162.76,39.91,62.42
25,200710,에이디테크놀로지,5,120,14,44,54,1.0,10.0,2523.67,43.29,39.28,61.75
25,080220,제주반도체,5,120,14,44,54,1.0,10.0,2523.67,108.31,41.86,60.53
25,216080,제테마,5,120,14,44,54,1.0,10.0,2523.67,332.16,38.11,63.89
25,147830,제룡산업,5,120,14,44,54,1.0,10.0,2523.67,10.97,41.19,61.55
25,323280,태성,5,120,14,44,54,1.0,10.0,2523.67,206.15,42.44,64.55
25,256940,케이피에스,5,120,14,44,54,1.0,10.0,2523.67,-1.08,37.2,64.5
25,014470,부방,5,120,14,44,54,1.0,10.0,2523.67,15.49,35.67,62.87
25,021080,에이티넘인베스트,5,120,14,44,54,1.0,10.0,2523.67,49.09,35.58,64.04
25,311320,지오엘리먼트,5,120,14,44,54,1.0,10.0,2523.67,0.0,40.94,69.82
25,093520,매커스,5,120,14,44,54,1.0,10.0,2523.67,56.61,40.09,59.78
25,091440,한울소재과학,5,120,14,44,54,1.0,10.0,2523.67,211.84,38.76,64.89
25,297090,씨에스베어링,5,120,14,44,54,1.0,10.0,2523.67,152.04,40.36,69.14
25,285490,노바텍,5,120,14,44,54,1.0,10.0,2523.67,374.16,38.32,64.48
25,093640,케이알엠,5,120,14,44,54,1.0,10.0,2523.67,28.58,42.34,70.28
25,117730,티로보틱스,5,120,14,44,54,1.0,10.0,2523.67,56.31,35.56,63.32
25,150840,인트로메딕,5,120,14,44,54,1.0,10.0,2523.67,-9.88,35.44,68.92
25,270520,지오릿에너지,5,120,14,44,54,1.0,10.0,2523.67,77640.2,43.44,65.85
25,323280,태성,5,120,14,44,59,1.0,10.0,2506.46,206.15,42.44,64.55
25,025980,아난티,5,120,14,44,59,1.0,10.0,2506.46,22.99,38.55,62.6
25,216080,제테마,5,120,14,44,59,1.0,10.0,2506.46,-1.91,38.11,63.89
25,299900,위지윅스튜디오,5,120,14,44,59,1.0,10.0,2506.46,-63.44,40.29,63.29
25,200710,에이디테크놀로지,5,120,14,44,59,1.0,10.0,2506.46,36.55,39.28,61.75
25,094170,동운아나텍,5,120,14,44,59,1.0,10.0,2506.46,258.73,39.91,62.42
25,314930,바이오다인,5,120,14,44,59,1.0,10.0,2506.46,69.59,38.5,61.67
25,206650,유바이오로직스,5,120,14,44,59,1.0,10.0,2506.46,56.88,37.69,64.37
25,065350,신성델타테크,5,120,14,44,59,1.0,10.0,2506.46,27.26,41.39,59.31
25,297890,HB솔루션,5,120,14,44,59,1.0,10.0,2506.46,129.7,39.97,65.11
25,080220,제주반도체,5,120,14,44,59,1.0,10.0,2506.46,94.09,41.86,60.53
25,136510,스마트솔루션즈,5,120,14,44,59,1.0,10.0,2506.46,70.19,43.75,66.42
25,064550,바이오니아,5,120,14,44,59,1.0,10.0,2506.46,145.38,41.81,68.66
25,087010,펩트론,5,120,14,44,59,1.0,10.0,2506.46,7.25,42.49,67.26
25,298380,에이비엘바이오,5,120,14,44,59,1.0,10.0,2506.46,88.68,42.05,66.02
25,150840,인트로메딕,5,120,14,44,59,1.0,10.0,2506.46,-2.21,35.44,68.92
25,270520,지오릿에너지,5,120,14,44,59,1.0,10.0,2506.46,77640.2,43.44,65.85
25,297090,씨에스베어링,5,120,14,44,59,1.0,10.0,2506.46,152.04,40.36,69.14
25,320000,윈텍,5,120,14,44,59,1.0,10.0,2506.46,367.1,40.95,66.22
25,311320,지오엘리먼트,5,120,14,44,59,1.0,10.0,2506.46,0.0,40.94,69.82
25,094940,푸른기술,5,120,14,44,59,1.0,10.0,2506.46,-18.1,38.49,69.62
25,036120,SCI평가정보,5,120,14,44,59,1.0,10.0,2506.46,64.92,37.18,67.07
25,186230,그린플러스,5,120,14,44,59,1.0,10.0,2506.46,16.82,41.5,65.87
25,256940,케이피에스,5,120,14,44,59,1.0,10.0,2506.46,5.18,37.2,64.5
25,021080,에이티넘인베스트,5,120,14,44,59,1.0,10.0,2506.46,17.15,35.58,64.04
25,014470,부방,5,120,14,44,59,1.0,10.0,2506.46,4.06,35.67,62.87
25,091440,한울소재과학,5,120,14,44,59,1.0,10.0,2506.46,262.62,38.76,64.89
25,093520,매커스,5,120,14,44,59,1.0,10.0,2506.46,52.41,40.09,59.78
25,147830,제룡산업,5,120,14,44,59,1.0,10.0,2506.46,15.26,41.19,61.55
25,285490,노바텍,5,120,14,44,59,1.0,10.0,2506.46,374.16,38.32,64.48
25,093640,케이알엠,5,120,14,44,59,1.0,10.0,2506.46,28.58,42.34,70.28
25,117730,티로보틱스,5,120,14,44,59,1.0,10.0,2506.46,78.36,35.56,63.32
25,314930,바이오다인,5,60,14,39,54,1.0,10.0,1134.68,35.73,38.5,61.67
25,323280,태성,5,60,14,39,54,1.0,10.0,1134.68,175.08,42.44,64.55
25,216080,제테마,5,60,14,39,54,1.0,10.0,1134.68,457.02,38.11,63.89
25,299900,위지윅스튜디오,5,60,14,39,54,1.0,10.0,1134.68,0.0,40.29,63.29
25,200710,에이디테크놀로지,5,60,14,39,54,1.0,10.0,1134.68,51.37,39.28,61.75
25,094170,동운아나텍,5,60,14,39,54,1.0,10.0,1134.68,22.12,39.91,62.42
25,014470,부방,5,60,14,39,54,1.0,10.0,1134.68,134.88,35.67,62.87
25,206650,유바이오로직스,5,60,14,39,54,1.0,10.0,1134.68,33.19,37.69,64.37
25,025980,아난티,5,60,14,39,54,1.0,10.0,1134.68,11.19,38.55,62.6
25,297890,HB솔루션,5,60,14,39,54,1.0,10.0,1134.68,0.0,39.97,65.11
25,080220,제주반도체,5,60,14,39,54,1.0,10.0,1134.68,0.0,41.86,60.53
25,270520,지오릿에너지,5,60,14,39,54,1.0,10.0,1134.68,8108.24,43.44,65.85
25,136510,스마트솔루션즈,5,60,14,39,54,1.0,10.0,1134.68,24.7,43.75,66.42
25,094940,푸른기술,5,60,14,39,54,1.0,10.0,1134.68,0.0,38.49,69.62
25,091440,한울소재과학,5,60,14,39,54,1.0,10.0,1134.68,269.86,38.76,64.89
25,150840,인트로메딕,5,60,14,39,54,1.0,10.0,1134.68,3.51,35.44,68.92
25,117730,티로보틱스,5,60,14,39,54,1.0,10.0,1134.68,219.59,35.56,63.32
25,093640,케이알엠,5,60,14,39,54,1.0,10.0,1134.68,15.86,42.34,70.28
25,285490,노바텍,5,60,14,39,54,1.0,10.0,1134.68,25573.08,38.32,64.48
25,297090,씨에스베어링,5,60,14,39,54,1.0,10.0,1134.68,0.0,40.36,69.14
25,147830,제룡산업,5,60,14,39,54,1.0,10.0,1134.68,0.0,41.19,61.55
25,320000,윈텍,5,60,14,39,54,1.0,10.0,1134.68,418.87,40.95,66.22
25,311320,지오엘리먼트,5,60,14,39,54,1.0,10.0,1134.68,0.0,40.94,69.82
25,021080,에이티넘인베스트,5,60,14,39,54,1.0,10.0,1134.68,183.19,35.58,64.04
25,036120,SCI평가정보,5,60,14,39,54,1.0,10.0,1134.68,0.0,37.18,67.07
25,186230,그린플러스,5,60,14,39,54,1.0,10.0,1134.68,190.55,41.5,65.87
25,256940,케이피에스,5,60,14,39,54,1.0,10.0,1134.68,16.62,37.2,64.5
25,087010,펩트론,5,60,14,39,54,1.0,10.0,1134.68,4.78,42.49,67.26
25,064550,바이오니아,5,60,14,39,54,1.0,10.0,1134.68,127.22,41.81,68.66
25,093520,매커스,5,60,14,39,54,1.0,10.0,1134.68,218.97,40.09,59.78
25,065350,신성델타테크,5,60,14,39,54,1.0,10.0,1134.68,14.11,41.39,59.31
25,298380,에이비엘바이오,5,60,14,39,54,1.0,10.0,1134.68,0.0,42.05,66.02
25,256940,케이피에스,5,60,14,39,59,1.0,10.0,1117.97,20.74,37.2,64.5
25,080220,제주반도체,5,60,14,39,59,1.0,10.0,1117.97,0.0,41.86,60.53
25,094170,동운아나텍,5,60,14,39,59,1.0,10.0,1117.97,34.09,39.91,62.42
25,314930,바이오다인,5,60,14,39,59,1.0,10.0,1117.97,75.3,38.5,61.67
25,206650,유바이오로직스,5,60,14,39,59,1.0,10.0,1117.97,33.19,37.69,64.37
25,025980,아난티,5,60,14,39,59,1.0,10.0,1117.97,21.89,38.55,62.6
25,297890,HB솔루션,5,60,14,39,59,1.0,10.0,1117.97,0.0,39.97,65.11
25,064550,바이오니아,5,60,14,39,59,1.0,10.0,1117.97,122.48,41.81,68.66
25,136510,스마트솔루션즈,5,60,14,39,59,1.0,10.0,1117.97,65.5,43.75,66.42
25,299900,위지윅스튜디오,5,60,14,39,59,1.0,10.0,1117.97,0.0,40.29,63.29
25,087010,펩트론,5,60,14,39,59,1.0,10.0,1117.97,4.78,42.49,67.26
25,186230,그린플러스,5,60,14,39,59,1.0,10.0,1117.97,190.55,41.5,65.87
25,065350,신성델타테크,5,60,14,39,59,1.0,10.0,1117.97,14.11,41.39,59.31
25,298380,에이비엘바이오,5,60,14,39,59,1.0,10.0,1117.97,0.0,42.05,66.02
25,200710,에이디테크놀로지,5,60,14,39,59,1.0,10.0,1117.97,41.43,39.28,61.75
25,216080,제테마,5,60,14,39,59,1.0,10.0,1117.97,2.05,38.11,63.89
25,323280,태성,5,60,14,39,59,1.0,10.0,1117.97,175.08,42.44,64.55
25,091440,한울소재과학,5,60,14,39,59,1.0,10.0,1117.97,341.45,38.76,64.89
25,270520,지오릿에너지,5,60,14,39,59,1.0,10.0,1117.97,8108.24,43.44,65.85
25,036120,SCI평가정보,5,60,14,39,59,1.0,10.0,1117.97,0.0,37.18,67.07
25,320000,윈텍,5,60,14,39,59,1.0,10.0,1117.97,418.87,40.95,66.22
25,014470,부방,5,60,14,39,59,1.0,10.0,1117.97,39.38,35.67,62.87
25,021080,에이티넘인베스트,5,60,14,39,59,1.0,10.0,1117.97,49.74,35.58,64.04
25,311320,지오엘리먼트,5,60,14,39,59,1.0,10.0,1117.97,0.0,40.94,69.82
25,094940,푸른기술,5,60,14,39,59,1.0,10.0,1117.97,0.0,38.49,69.62
25,093520,매커스,5,60,14,39,59,1.0,10.0,1117.97,218.97,40.09,59.78
25,297090,씨에스베어링,5,60,14,39,59,1.0,10.0,1117.97,0.0,40.36,69.14
25,285490,노바텍,5,60,14,39,59,1.0,10.0,1117.97,25573.08,38.32,64.48
25,093640,케이알엠,5,60,14,39,59,1.0,10.0,1117.97,15.86,42.34,70.28
25,117730,티로보틱스,5,60,14,39,59,1.0,10.0,1117.97,196.17,35.56,63.32
25,147830,제룡산업,5,60,14,39,59,1.0,10.0,1117.97,0.0,41.19,61.55
25,150840,인트로메딕,5,60,14,39,59,1.0,10.0,1117.97,12.26,35.44,68.92
25,311320,지오엘리먼트,5,60,14,44,54,1.0,10.0,281.51,0.0,40.94,69.82
25,285490,노바텍,5,60,14,44,54,1.0,10.0,281.51,173.11,38.32,64.48
25,297090,씨에스베어링,5,60,14,44,54,1.0,10.0,281.51,204.04,40.36,69.14
25,147830,제룡산업,5,60,14,44,54,1.0,10.0,281.51,13.89,41.19,61.55
25,093520,매커스,5,60,14,44,54,1.0,10.0,281.51,72.67,40.09,59.78
25,091440,한울소재과학,5,60,14,44,54,1.0,10.0,281.51,147.73,38.76,64.89
25,256940,케이피에스,5,60,14,44,54,1.0,10.0,281.51,6.42,37.2,64.5
25,021080,에이티넘인베스트,5,60,14,44,54,1.0,10.0,281.51,27.27,35.58,64.04
25,014470,부방,5,60,14,44,54,1.0,10.0,281.51,29.95,35.67,62.87
25,186230,그린플러스,5,60,14,44,54,1.0,10.0,281.51,52.34,41.5,65.87
25,036120,SCI평가정보,5,60,14,44,54,1.0,10.0,281.51,68.21,37.18,67.07
25,117730,티로보틱스,5,60,14,44,54,1.0,10.0,281.51,70.65,35.56,63.32
25,320000,윈텍,5,60,14,44,54,1.0,10.0,281.51,148.78,40.95,66.22
25,094940,푸른기술,5,60,14,44,54,1.0,10.0,281.51,-1.19,38.49,69.62
25,093640,케이알엠,5,60,14,44,54,1.0,10.0,281.51,50.88,42.34,70.28
25,314930,바이오다인,5,60,14,44,54,1.0,10.0,281.51,35.73,38.5,61.67
25,150840,인트로메딕,5,60,14,44,54,1.0,10.0,281.51,-4.03,35.44,68.92
25,270520,지오릿에너지,5,60,14,44,54,1.0,10.0,281.51,7076.33,43.44,65.85
25,323280,태성,5,60,14,44,54,1.0,10.0,281.51,175.08,42.44,64.55
25,216080,제테마,5,60,14,44,54,1.0,10.0,281.51,-0.96,38.11,63.89
25,299900,위지윅스튜디오,5,60,14,44,54,1.0,10.0,281.51,-19.19,40.29,63.29
25,200710,에이디테크놀로지,5,60,14,44,54,1.0,10.0,281.51,48.94,39.28,61.75
25,094170,동운아나텍,5,60,14,44,54,1.0,10.0,281.51,69.04,39.91,62.42
25,206650,유바이오로직스,5,60,14,44,54,1.0,10.0,281.51,-19.38,37.69,64.37
25,025980,아난티,5,60,14,44,54,1.0,10.0,281.51,9.07,38.55,62.6
25,297890,HB솔루션,5,60,14,44,54,1.0,10.0,281.51,37.55,39.97,65.11
25,080220,제주반도체,5,60,14,44,54,1.0,10.0,281.51,56.09,41.86,60.53
25,136510,스마트솔루션즈,5,60,14,44,54,1.0,10.0,281.51,57.28,43.75,66.42
25,064550,바이오니아,5,60,14,44,54,1.0,10.0,281.51,98.57,41.81,68.66
25,298380,에이비엘바이오,5,60,14,44,54,1.0,10.0,281.51,289.96,42.05,66.02
25,065350,신성델타테크,5,60,14,44,54,1.0,10.0,281.51,28.57,41.39,59.31
25,087010,펩트론,5,60,14,44,54,1.0,10.0,281.51,4.78,42.49,67.26
25,150840,인트로메딕,5,60,14,34,59,1.0,10.0,274.21,0.0,35.44,68.92
25,297890,HB솔루션,5,60,14,34,59,1.0,10.0,274.21,0.0,39.97,65.11
25,065350,신성델타테크,5,60,14,34,59,1.0,10.0,274.21,-4.65,41.39,59.31
25,064550,바이오니아,5,60,14,34,59,1.0,10.0,274.21,122.48,41.81,68.66
25,136510,스마트솔루션즈,5,60,14,34,59,1.0,10.0,274.21,0.0,43.75,66.42
25,080220,제주반도체,5,60,14,34,59,1.0,10.0,274.21,0.0,41.86,60.53
25,025980,아난티,5,60,14,34,59,1.0,10.0,274.21,80.93,38.55,62.6
25,206650,유바이오로직스,5,60,14,34,59,1.0,10.0,274.21,0.0,37.69,64.37
25,314930,바이오다인,5,60,14,34,59,1.0,10.0,274.21,75.3,38.5,61.67
25,094170,동운아나텍,5,60,14,34,59,1.0,10.0,274.21,0.0,39.91,62.42
25,200710,에이디테크놀로지,5,60,14,34,59,1.0,10.0,274.21,0.0,39.28,61.75
25,299900,위지윅스튜디오,5,60,14,34,59,1.0,10.0,274.21,0.0,40.29,63.29
25,216080,제테마,5,60,14,34,59,1.0,10.0,274.21,0.0,38.11,63.89
25,323280,태성,5,60,14,34,59,1.0,10.0,274.21,175.08,42.44,64.55
25,270520,지오릿에너지,5,60,14,34,59,1.0,10.0,274.21,8108.24,43.44,65.85
25,117730,티로보틱스,5,60,14,34,59,1.0,10.0,274.21,0.0,35.56,63.32
25,093640,케이알엠,5,60,14,34,59,1.0,10.0,274.21,0.0,42.34,70.28
25,285490,노바텍,5,60,14,34,59,1.0,10.0,274.21,0.0,38.32,64.48
25,297090,씨에스베어링,5,60,14,34,59,1.0,10.0,274.21,0.0,40.36,69.14
25,147830,제룡산업,5,60,14,34,59,1.0,10.0,274.21,0.0,41.19,61.55
25,093520,매커스,5,60,14,34,59,1.0,10.0,274.21,0.0,40.09,59.78
25,091440,한울소재과학,5,60,14,34,59,1.0,10.0,274.21,216.37,38.76,64.89
25,311320,지오엘리먼트,5,60,14,34,59,1.0,10.0,274.21,0.0,40.94,69.82
25,021080,에이티넘인베스트,5,60,14,34,59,1.0,10.0,274.21,0.0,35.58,64.04
25,014470,부방,5,60,14,34,59,1.0,10.0,274.21,0.0,35.67,62.87
25,256940,케이피에스,5,60,14,34,59,1.0,10.0,274.21,0.0,37.2,64.5
25,186230,그린플러스,5,60,14,34,59,1.0,10.0,274.21,0.0,41.5,65.87
25,036120,SCI평가정보,5,60,14,34,59,1.0,10.0,274.21,0.0,37.18,67.07
25,320000,윈텍,5,60,14,34,59,1.0,10.0,274.21,0.0,40.95,66.22
25,094940,푸른기술,5,60,14,34,59,1.0,10.0,274.21,0.0,38.49,69.62
25,298380,에이비엘바이오,5,60,14,34,59,1.0,10.0,274.21,0.0,42.05,66.02
25,087010,펩트론,5,60,14,34,59,1.0,10.0,274.21,0.93,42.49,67.26
25,320000,윈텍,5,60,14,34,54,1.0,10.0,267.39,0.0,40.95,66.22
25,206650,유바이오로직스,5,60,14,34,54,1.0,10.0,267.39,0.0,37.69,64.37
25,094940,푸른기술,5,60,14,34,54,1.0,10.0,267.39,0.0,38.49,69.62
25,216080,제테마,5,60,14,34,54,1.0,10.0,267.39,0.0,38.11,63.89
25,299900,위지윅스튜디오,5,60,14,34,54,1.0,10.0,267.39,0.0,40.29,63.29
25,200710,에이디테크놀로지,5,60,14,34,54,1.0,10.0,267.39,0.0,39.28,61.75
25,094170,동운아나텍,5,60,14,34,54,1.0,10.0,267.39,0.0,39.91,62.42
25,314930,바이오다인,5,60,14,34,54,1.0,10.0,267.39,35.73,38.5,61.67
25,025980,아난티,5,60,14,34,54,1.0,10.0,267.39,48.02,38.55,62.6
25,150840,인트로메딕,5,60,14,34,54,1.0,10.0,267.39,0.0,35.44,68.92
25,297890,HB솔루션,5,60,14,34,54,1.0,10.0,267.39,0.0,39.97,65.11
25,080220,제주반도체,5,60,14,34,54,1.0,10.0,267.39,0.0,41.86,60.53
25,136510,스마트솔루션즈,5,60,14,34,54,1.0,10.0,267.39,0.0,43.75,66.42
25,064550,바이오니아,5,60,14,34,54,1.0,10.0,267.39,127.22,41.81,68.66
25,087010,펩트론,5,60,14,34,54,1.0,10.0,267.39,0.93,42.49,67.26
25,298380,에이비엘바이오,5,60,14,34,54,1.0,10.0,267.39,0.0,42.05,66.02
25,270520,지오릿에너지,5,60,14,34,54,1.0,10.0,267.39,8108.24,43.44,65.85
25,323280,태성,5,60,14,34,54,1.0,10.0,267.39,175.08,42.44,64.55
25,117730,티로보틱스,5,60,14,34,54,1.0,10.0,267.39,0.0,35.56,63.32
25,065350,신성델타테크,5,60,14,34,54,1.0,10.0,267.39,-4.65,41.39,59.31
25,036120,SCI평가정보,5,60,14,34,54,1.0,10.0,267.39,0.0,37.18,67.07
25,186230,그린플러스,5,60,14,34,54,1.0,10.0,267.39,0.0,41.5,65.87
25,256940,케이피에스,5,60,14,34,54,1.0,10.0,267.39,0.0,37.2,64.5
25,093640,케이알엠,5,60,14,34,54,1.0,10.0,267.39,0.0,42.34,70.28
25,021080,에이티넘인베스트,5,60,14,34,54,1.0,10.0,267.39,0.0,35.58,64.04
25,014470,부방,5,60,14,34,54,1.0,10.0,267.39,0.0,35.67,62.87
25,311320,지오엘리먼트,5,60,14,34,54,1.0,10.0,267.39,0.0,40.94,69.82
25,091440,한울소재과학,5,60,14,34,54,1.0,10.0,267.39,66.04,38.76,64.89
25,093520,매커스,5,60,14,34,54,1.0,10.0,267.39,0.0,40.09,59.78
25,147830,제룡산업,5,60,14,34,54,1.0,10.0,267.39,0.0,41.19,61.55
25,297090,씨에스베어링,5,60,14,34,54,1.0,10.0,267.39,0.0,40.36,69.14
25,285490,노바텍,5,60,14,34,54,1.0,10.0,267.39,0.0,38.32,64.48
25,297890,HB솔루션,5,120,14,44,64,1.0,10.0,235.44,114.96,39.97,65.11
25,299900,위지윅스튜디오,5,120,14,44,64,1.0,10.0,235.44,-63.44,40.29,63.29
25,200710,에이디테크놀로지,5,120,14,44,64,1.0,10.0,235.44,42.86,39.28,61.75
25,094170,동운아나텍,5,120,14,44,64,1.0,10.0,235.44,233.83,39.91,62.42
25,314930,바이오다인,5,120,14,44,64,1.0,10.0,235.44,69.59,38.5,61.67
25,206650,유바이오로직스,5,120,14,44,64,1.0,10.0,235.44,56.88,37.69,64.37
25,025980,아난티,5,120,14,44,64,1.0,10.0,235.44,9.56,38.55,62.6
25,323280,태성,5,120,14,44,64,1.0,10.0,235.44,147.8,42.44,64.55
25,080220,제주반도체,5,120,14,44,64,1.0,10.0,235.44,34.27,41.86,60.53
25,136510,스마트솔루션즈,5,120,14,44,64,1.0,10.0,235.44,50.85,43.75,66.42
25,064550,바이오니아,5,120,14,44,64,1.0,10.0,235.44,136.47,41.81,68.66
25,087010,펩트론,5,120,14,44,64,1.0,10.0,235.44,26.02,42.49,67.26
25,298380,에이비엘바이오,5,120,14,44,64,1.0,10.0,235.44,88.68,42.05,66.02
25,065350,신성델타테크,5,120,14,44,64,1.0,10.0,235.44,39.7,41.39,59.31
25,216080,제테마,5,120,14,44,64,1.0,10.0,235.44,-1.91,38.11,63.89
25,270520,지오릿에너지,5,120,14,44,64,1.0,10.0,235.44,5685.66,43.44,65.85
25,320000,윈텍,5,120,14,44,64,1.0,10.0,235.44,367.1,40.95,66.22
25,311320,지오엘리먼트,5,120,14,44,64,1.0,10.0,235.44,0.0,40.94,69.82
25,150840,인트로메딕,5,120,14,44,64,1.0,10.0,235.44,2.46,35.44,68.92
25,094940,푸른기술,5,120,14,44,64,1.0,10.0,235.44,-18.1,38.49,69.62
25,036120,SCI평가정보,5,120,14,44,64,1.0,10.0,235.44,12.6,37.18,67.07
25,186230,그린플러스,5,120,14,44,64,1.0,10.0,235.44,13.73,41.5,65.87
25,256940,케이피에스,5,120,14,44,64,1.0,10.0,235.44,29.59,37.2,64.5
25,021080,에이티넘인베스트,5,120,14,44,64,1.0,10.0,235.44,38.8,35.58,64.04
25,014470,부방,5,120,14,44,64,1.0,10.0,235.44,-5.3,35.67,62.87
25,091440,한울소재과학,5,120,14,44,64,1.0,10.0,235.44,65.51,38.76,64.89
25,093520,매커스,5,120,14,44,64,1.0,10.0,235.44,125.52,40.09,59.78
25,147830,제룡산업,5,120,14,44,64,1.0,10.0,235.44,21.53,41.19,61.55
25,297090,씨에스베어링,5,120,14,44,64,1.0,10.0,235.44,-13.43,40.36,69.14
25,285490,노바텍,5,120,14,44,64,1.0,10.0,235.44,25.27,38.32,64.48
25,093640,케이알엠,5,120,14,44,64,1.0,10.0,235.44,39.41,42.34,70.28
25,117730,티로보틱스,5,120,14,44,64,1.0,10.0,235.44,157.57,35.56,63.32
25,080220,제주반도체,5,60,14,39,64,1.0,10.0,142.12,0.0,41.86,60.53
25,094170,동운아나텍,5,60,14,39,64,1.0,10.0,142.12,52.09,39.91,62.42
25,314930,바이오다인,5,60,14,39,64,1.0,10.0,142.12,75.3,38.5,61.67
25,206650,유바이오로직스,5,60,14,39,64,1.0,10.0,142.12,33.19,37.69,64.37
25,025980,아난티,5,60,14,39,64,1.0,10.0,142.12,21.89,38.55,62.6
25,186230,그린플러스,5,60,14,39,64,1.0,10.0,142.12,54.16,41.5,65.87
25,297890,HB솔루션,5,60,14,39,64,1.0,10.0,142.12,0.0,39.97,65.11
25,136510,스마트솔루션즈,5,60,14,39,64,1.0,10.0,142.12,50.88,43.75,66.42
25,064550,바이오니아,5,60,14,39,64,1.0,10.0,142.12,119.86,41.81,68.66
25,087010,펩트론,5,60,14,39,64,1.0,10.0,142.12,21.82,42.49,67.26
25,298380,에이비엘바이오,5,60,14,39,64,1.0,10.0,142.12,0.0,42.05,66.02
25,065350,신성델타테크,5,60,14,39,64,1.0,10.0,142.12,-0.57,41.39,59.31
25,299900,위지윅스튜디오,5,60,14,39,64,1.0,10.0,142.12,0.0,40.29,63.29
25,200710,에이디테크놀로지,5,60,14,39,64,1.0,10.0,142.12,48.18,39.28,61.75
25,297090,씨에스베어링,5,60,14,39,64,1.0,10.0,142.12,0.0,40.36,69.14
25,216080,제테마,5,60,14,39,64,1.0,10.0,142.12,2.05,38.11,63.89
25,323280,태성,5,60,14,39,64,1.0,10.0,142.12,134.14,42.44,64.55
25,270520,지오릿에너지,5,60,14,39,64,1.0,10.0,142.12,1495.67,43.44,65.85
25,150840,인트로메딕,5,60,14,39,64,1.0,10.0,142.12,11.22,35.44,68.92
25,117730,티로보틱스,5,60,14,39,64,1.0,10.0,142.12,150.39,35.56,63.32
25,093640,케이알엠,5,60,14,39,64,1.0,10.0,142.12,12.0,42.34,70.28
25,285490,노바텍,5,60,14,39,64,1.0,10.0,142.12,770.23,38.32,64.48
25,320000,윈텍,5,60,14,39,64,1.0,10.0,142.12,418.87,40.95,66.22
25,147830,제룡산업,5,60,14,39,64,1.0,10.0,142.12,0.0,41.19,61.55
25,093520,매커스,5,60,14,39,64,1.0,10.0,142.12,763.92,40.09,59.78
25,091440,한울소재과학,5,60,14,39,64,1.0,10.0,142.12,153.23,38.76,64.89
25,311320,지오엘리먼트,5,60,14,39,64,1.0,10.0,142.12,0.0,40.94,69.82
25,021080,에이티넘인베스트,5,60,14,39,64,1.0,10.0,142.12,74.25,35.58,64.04
25,036120,SCI평가정보,5,60,14,39,64,1.0,10.0,142.12,0.0,37.18,67.07
25,014470,부방,5,60,14,39,64,1.0,10.0,142.12,39.38,35.67,62.87
25,094940,푸른기술,5,60,14,39,64,1.0,10.0,142.12,0.0,38.49,69.62
25,256940,케이피에스,5,60,14,39,64,1.0,10.0,142.12,45.81,37.2,64.5
25,270520,지오릿에너지,5,60,14,39,69,1.0,10.0,132.96,320.53,43.44,65.85
25,256940,케이피에스,5,60,14,39,69,1.0,10.0,132.96,45.81,37.2,64.5
25,014470,부방,5,60,14,39,69,1.0,10.0,132.96,-0.91,35.67,62.87
25,021080,에이티넘인베스트,5,60,14,39,69,1.0,10.0,132.96,74.25,35.58,64.04
25,311320,지오엘리먼트,5,60,14,39,69,1.0,10.0,132.96,0.0,40.94,69.82
25,091440,한울소재과학,5,60,14,39,69,1.0,10.0,132.96,38.35,38.76,64.89
25,093520,매커스,5,60,14,39,69,1.0,10.0,132.96,763.92,40.09,59.78
25,147830,제룡산업,5,60,14,39,69,1.0,10.0,132.96,0.0,41.19,61.55
25,297090,씨에스베어링,5,60,14,39,69,1.0,10.0,132.96,0.0,40.36,69.14
25,285490,노바텍,5,60,14,39,69,1.0,10.0,132.96,1334.48,38.32,64.48
25,093640,케이알엠,5,60,14,39,69,1.0,10.0,132.96,32.42,42.34,70.28
25,117730,티로보틱스,5,60,14,39,69,1.0,10.0,132.96,210.93,35.56,63.32
25,150840,인트로메딕,5,60,14,39,69,1.0,10.0,132.96,11.22,35.44,68.92
25,323280,태성,5,60,14,39,69,1.0,10.0,132.96,155.22,42.44,64.55
25,065350,신성델타테크,5,60,14,39,69,1.0,10.0,132.96,-0.57,41.39,59.31
25,216080,제테마,5,60,14,39,69,1.0,10.0,132.96,2.05,38.11,63.89
25,299900,위지윅스튜디오,5,60,14,39,69,1.0,10.0,132.96,0.0,40.29,63.29
25,200710,에이디테크놀로지,5,60,14,39,69,1.0,10.0,132.96,38.71,39.28,61.75
25,094170,동운아나텍,5,60,14,39,69,1.0,10.0,132.96,28.3,39.91,62.42
25,314930,바이오다인,5,60,14,39,69,1.0,10.0,132.96,107.99,38.5,61.67
25,206650,유바이오로직스,5,60,14,39,69,1.0,10.0,132.96,33.19,37.69,64.37
25,025980,아난티,5,60,14,39,69,1.0,10.0,132.96,31.75,38.55,62.6
25,080220,제주반도체,5,60,14,39,69,1.0,10.0,132.96,0.0,41.86,60.53
25,136510,스마트솔루션즈,5,60,14,39,69,1.0,10.0,132.96,50.88,43.75,66.42
25,064550,바이오니아,5,60,14,39,69,1.0,10.0,132.96,69.84,41.81,68.66
25,087010,펩트론,5,60,14,39,69,1.0,10.0,132.96,21.82,42.49,67.26
25,298380,에이비엘바이오,5,60,14,39,69,1.0,10.0,132.96,0.0,42.05,66.02
25,320000,윈텍,5,60,14,39,69,1.0,10.0,132.96,830.33,40.95,66.22
25,297890,HB솔루션,5,60,14,39,69,1.0,10.0,132.96,0.0,39.97,65.11
25,036120,SCI평가정보,5,60,14,39,69,1.0,10.0,132.96,0.0,37.18,67.07
25,094940,푸른기술,5,60,14,39,69,1.0,10.0,132.96,0.0,38.49,69.62
25,186230,그린플러스,5,60,14,39,69,1.0,10.0,132.96,54.16,41.5,65.87
25,065350,신성델타테크,5,60,14,39,74,1.0,10.0,130.9,10.52,41.39,59.31
25,298380,에이비엘바이오,5,60,14,39,74,1.0,10.0,130.9,0.0,42.05,66.02
25,186230,그린플러스,5,60,14,39,74,1.0,10.0,130.9,54.16,41.5,65.87
25,256940,케이피에스,5,60,14,39,74,1.0,10.0,130.9,49.92,37.2,64.5
25,014470,부방,5,60,14,39,74,1.0,10.0,130.9,-0.91,35.67,62.87
25,021080,에이티넘인베스트,5,60,14,39,74,1.0,10.0,130.9,11.35,35.58,64.04
25,311320,지오엘리먼트,5,60,14,39,74,1.0,10.0,130.9,0.0,40.94,69.82
25,091440,한울소재과학,5,60,14,39,74,1.0,10.0,130.9,39.15,38.76,64.89
25,093520,매커스,5,60,14,39,74,1.0,10.0,130.9,763.92,40.09,59.78
25,147830,제룡산업,5,60,14,39,74,1.0,10.0,130.9,0.0,41.19,61.55
25,297090,씨에스베어링,5,60,14,39,74,1.0,10.0,130.9,0.0,40.36,69.14
25,285490,노바텍,5,60,14,39,74,1.0,10.0,130.9,1334.48,38.32,64.48
25,093640,케이알엠,5,60,14,39,74,1.0,10.0,130.9,32.42,42.34,70.28
25,117730,티로보틱스,5,60,14,39,74,1.0,10.0,130.9,210.93,35.56,63.32
25,150840,인트로메딕,5,60,14,39,74,1.0,10.0,130.9,19.28,35.44,68.92
25,270520,지오릿에너지,5,60,14,39,74,1.0,10.0,130.9,320.53,43.44,65.85
25,323280,태성,5,60,14,39,74,1.0,10.0,130.9,155.22,42.44,64.55
25,094940,푸른기술,5,60,14,39,74,1.0,10.0,130.9,0.0,38.49,69.62
25,299900,위지윅스튜디오,5,60,14,39,74,1.0,10.0,130.9,0.0,40.29,63.29
25,200710,에이디테크놀로지,5,60,14,39,74,1.0,10.0,130.9,18.58,39.28,61.75
25,094170,동운아나텍,5,60,14,39,74,1.0,10.0,130.9,27.58,39.91,62.42
25,314930,바이오다인,5,60,14,39,74,1.0,10.0,130.9,107.99,38.5,61.67
25,206650,유바이오로직스,5,60,14,39,74,1.0,10.0,130.9,33.19,37.69,64.37
25,025980,아난티,5,60,14,39,74,1.0,10.0,130.9,34.84,38.55,62.6
25,297890,HB솔루션,5,60,14,39,74,1.0,10.0,130.9,0.0,39.97,65.11
25,080220,제주반도체,5,60,14,39,74,1.0,10.0,130.9,0.0,41.86,60.53
25,136510,스마트솔루션즈,5,60,14,39,74,1.0,10.0,130.9,56.38,43.75,66.42
25,064550,바이오니아,5,60,14,39,74,1.0,10.0,130.9,77.11,41.81,68.66
25,087010,펩트론,5,60,14,39,74,1.0,10.0,130.9,-0.34,42.49,67.26
25,216080,제테마,5,60,14,39,74,1.0,10.0,130.9,2.05,38.11,63.89
25,036120,SCI평가정보,5,60,14,39,74,1.0,10.0,130.9,0.0,37.18,67.07
25,320000,윈텍,5,60,14,39,74,1.0,10.0,130.9,830.33,40.95,66.22
25,297890,HB솔루션,5,60,14,39,79,1.0,10.0,96.83,0.0,39.97,65.11
25,299900,위지윅스튜디오,5,60,14,39,79,1.0,10.0,96.83,0.0,40.29,63.29
25,200710,에이디테크놀로지,5,60,14,39,79,1.0,10.0,96.83,18.58,39.28,61.75
25,094170,동운아나텍,5,60,14,39,79,1.0,10.0,96.83,33.98,39.91,62.42
25,314930,바이오다인,5,60,14,39,79,1.0,10.0,96.83,56.94,38.5,61.67
25,206650,유바이오로직스,5,60,14,39,79,1.0,10.0,96.83,33.19,37.69,64.37
25,025980,아난티,5,60,14,39,79,1.0,10.0,96.83,53.87,38.55,62.6
25,080220,제주반도체,5,60,14,39,79,1.0,10.0,96.83,0.0,41.86,60.53
25,323280,태성,5,60,14,39,79,1.0,10.0,96.83,192.29,42.44,64.55
25,136510,스마트솔루션즈,5,60,14,39,79,1.0,10.0,96.83,33.37,43.75,66.42
25,064550,바이오니아,5,60,14,39,79,1.0,10.0,96.83,87.4,41.81,68.66
25,087010,펩트론,5,60,14,39,79,1.0,10.0,96.83,7.46,42.49,67.26
25,298380,에이비엘바이오,5,60,14,39,79,1.0,10.0,96.83,0.0,42.05,66.02
25,065350,신성델타테크,5,60,14,39,79,1.0,10.0,96.83,10.52,41.39,59.31
25,036120,SCI평가정보,5,60,14,39,79,1.0,10.0,96.83,0.0,37.18,67.07
25,216080,제테마,5,60,14,39,79,1.0,10.0,96.83,2.05,38.11,63.89
25,094940,푸른기술,5,60,14,39,79,1.0,10.0,96.83,0.0,38.49,69.62
25,270520,지오릿에너지,5,60,14,39,79,1.0,10.0,96.83,135.77,43.44,65.85
25,093520,매커스,5,60,14,39,79,1.0,10.0,96.83,763.92,40.09,59.78
25,186230,그린플러스,5,60,14,39,79,1.0,10.0,96.83,54.16,41.5,65.87
25,256940,케이피에스,5,60,14,39,79,1.0,10.0,96.83,67.06,37.2,64.5
25,014470,부방,5,60,14,39,79,1.0,10.0,96.83,-0.91,35.67,62.87
25,021080,에이티넘인베스트,5,60,14,39,79,1.0,10.0,96.83,11.35,35.58,64.04
25,091440,한울소재과학,5,60,14,39,79,1.0,10.0,96.83,42.24,38.76,64.89
25,311320,지오엘리먼트,5,60,14,39,79,1.0,10.0,96.83,0.0,40.94,69.82
25,320000,윈텍,5,60,14,39,79,1.0,10.0,96.83,32.54,40.95,66.22
25,147830,제룡산업,5,60,14,39,79,1.0,10.0,96.83,0.0,41.19,61.55
25,297090,씨에스베어링,5,60,14,39,79,1.0,10.0,96.83,0.0,40.36,69.14
25,285490,노바텍,5,60,14,39,79,1.0,10.0,96.83,1334.48,38.32,64.48
25,093640,케이알엠,5,60,14,39,79,1.0,10.0,96.83,38.02,42.34,70.28
25,117730,티로보틱스,5,60,14,39,79,1.0,10.0,96.83,71.11,35.56,63.32
25,150840,인트로메딕,5,60,14,39,79,1.0,10.0,96.83,19.28,35.44,68.92
25,093520,매커스,5,120,14,39,69,1.0,10.0,88.87,970.3,40.09,59.78
25,117730,티로보틱스,5,120,14,39,69,1.0,10.0,88.87,0.0,35.56,63.32
25,093640,케이알엠,5,120,14,39,69,1.0,10.0,88.87,47.81,42.34,70.28
25,285490,노바텍,5,120,14,39,69,1.0,10.0,88.87,0.0,38.32,64.48
25,297090,씨에스베어링,5,120,14,39,69,1.0,10.0,88.87,0.0,40.36,69.14
25,147830,제룡산업,5,120,14,39,69,1.0,10.0,88.87,0.0,41.19,61.55
25,036120,SCI평가정보,5,120,14,39,69,1.0,10.0,88.87,0.0,37.18,67.07
25,091440,한울소재과학,5,120,14,39,69,1.0,10.0,88.87,372.18,38.76,64.89
25,311320,지오엘리먼트,5,120,14,39,69,1.0,10.0,88.87,0.0,40.94,69.82
25,021080,에이티넘인베스트,5,120,14,39,69,1.0,10.0,88.87,-10.01,35.58,64.04
25,014470,부방,5,120,14,39,69,1.0,10.0,88.87,-2.3,35.67,62.87
25,256940,케이피에스,5,120,14,39,69,1.0,10.0,88.87,-4.67,37.2,64.5
25,186230,그린플러스,5,120,14,39,69,1.0,10.0,88.87,0.0,41.5,65.87
25,270520,지오릿에너지,5,120,14,39,69,1.0,10.0,88.87,0.0,43.44,65.85
25,150840,인트로메딕,5,120,14,39,69,1.0,10.0,88.87,10.8,35.44,68.92
25,206650,유바이오로직스,5,120,14,39,69,1.0,10.0,88.87,56.88,37.69,64.37
25,323280,태성,5,120,14,39,69,1.0,10.0,88.87,258.99,42.44,64.55
25,216080,제테마,5,120,14,39,69,1.0,10.0,88.87,-1.91,38.11,63.89
25,299900,위지윅스튜디오,5,120,14,39,69,1.0,10.0,88.87,0.0,40.29,63.29
25,200710,에이디테크놀로지,5,120,14,39,69,1.0,10.0,88.87,53.84,39.28,61.75
25,094170,동운아나텍,5,120,14,39,69,1.0,10.0,88.87,0.0,39.91,62.42
25,314930,바이오다인,5,120,14,39,69,1.0,10.0,88.87,102.13,38.5,61.67
25,025980,아난티,5,120,14,39,69,1.0,10.0,88.87,57.02,38.55,62.6
25,297890,HB솔루션,5,120,14,39,69,1.0,10.0,88.87,0.0,39.97,65.11
25,080220,제주반도체,5,120,14,39,69,1.0,10.0,88.87,0.0,41.86,60.53
25,136510,스마트솔루션즈,5,120,14,39,69,1.0,10.0,88.87,62.71,43.75,66.42
25,064550,바이오니아,5,120,14,39,69,1.0,10.0,88.87,66.2,41.81,68.66
25,087010,펩트론,5,120,14,39,69,1.0,10.0,88.87,26.02,42.49,67.26
25,298380,에이비엘바이오,5,120,14,39,69,1.0,10.0,88.87,0.0,42.05,66.02
25,065350,신성델타테크,5,120,14,39,69,1.0,10.0,88.87,-1.39,41.39,59.31
25,094940,푸른기술,5,120,14,39,69,1.0,10.0,88.87,0.0,38.49,69.62
25,320000,윈텍,5,120,14,39,69,1.0,10.0,88.87,779.11,40.95,66.22
25,065350,신성델타테크,5,120,14,39,74,1.0,10.0,87.11,10.16,41.39,59.31
25,117730,티로보틱스,5,120,14,39,74,1.0,10.0,87.11,0.0,35.56,63.32
25,298380,에이비엘바이오,5,120,14,39,74,1.0,10.0,87.11,0.0,42.05,66.02
25,094940,푸른기술,5,120,14,39,74,1.0,10.0,87.11,0.0,38.49,69.62
25,320000,윈텍,5,120,14,39,74,1.0,10.0,87.11,779.11,40.95,66.22
25,036120,SCI평가정보,5,120,14,39,74,1.0,10.0,87.11,0.0,37.18,67.07
25,186230,그린플러스,5,120,14,39,74,1.0,10.0,87.11,0.0,41.5,65.87
25,256940,케이피에스,5,120,14,39,74,1.0,10.0,87.11,-4.67,37.2,64.5
25,014470,부방,5,120,14,39,74,1.0,10.0,87.11,-2.3,35.67,62.87
25,021080,에이티넘인베스트,5,120,14,39,74,1.0,10.0,87.11,-10.01,35.58,64.04
25,311320,지오엘리먼트,5,120,14,39,74,1.0,10.0,87.11,0.0,40.94,69.82
25,093520,매커스,5,120,14,39,74,1.0,10.0,87.11,970.3,40.09,59.78
25,147830,제룡산업,5,120,14,39,74,1.0,10.0,87.11,0.0,41.19,61.55
25,297090,씨에스베어링,5,120,14,39,74,1.0,10.0,87.11,0.0,40.36,69.14
25,285490,노바텍,5,120,14,39,74,1.0,10.0,87.11,0.0,38.32,64.48
25,093640,케이알엠,5,120,14,39,74,1.0,10.0,87.11,47.81,42.34,70.28
25,091440,한울소재과학,5,120,14,39,74,1.0,10.0,87.11,329.75,38.76,64.89
25,150840,인트로메딕,5,120,14,39,74,1.0,10.0,87.11,19.18,35.44,68.92
25,206650,유바이오로직스,5,120,14,39,74,1.0,10.0,87.11,56.88,37.69,64.37
25,270520,지오릿에너지,5,120,14,39,74,1.0,10.0,87.11,0.0,43.44,65.85
25,064550,바이오니아,5,120,14,39,74,1.0,10.0,87.11,73.66,41.81,68.66
25,136510,스마트솔루션즈,5,120,14,39,74,1.0,10.0,87.11,69.46,43.75,66.42
25,080220,제주반도체,5,120,14,39,74,1.0,10.0,87.11,0.0,41.86,60.53
25,297890,HB솔루션,5,120,14,39,74,1.0,10.0,87.11,0.0,39.97,65.11
25,025980,아난티,5,120,14,39,74,1.0,10.0,87.11,62.69,38.55,62.6
25,087010,펩트론,5,120,14,39,74,1.0,10.0,87.11,2.48,42.49,67.26
25,314930,바이오다인,5,120,14,39,74,1.0,10.0,87.11,102.13,38.5,61.67
25,200710,에이디테크놀로지,5,120,14,39,74,1.0,10.0,87.11,23.73,39.28,61.75
25,299900,위지윅스튜디오,5,120,14,39,74,1.0,10.0,87.11,0.0,40.29,63.29
25,216080,제테마,5,120,14,39,74,1.0,10.0,87.11,-1.91,38.11,63.89
25,094170,동운아나텍,5,120,14,39,74,1.0,10.0,87.11,0.0,39.91,62.42
25,323280,태성,5,120,14,39,74,1.0,10.0,87.11,258.99,42.44,64.55
25,025980,아난티,5,120,14,44,69,1.0,10.0,83.13,16.05,38.55,62.6
25,299900,위지윅스튜디오,5,120,14,44,69,1.0,10.0,83.13,-63.44,40.29,63.29
25,200710,에이디테크놀로지,5,120,14,44,69,1.0,10.0,83.13,36.5,39.28,61.75
25,094170,동운아나텍,5,120,14,44,69,1.0,10.0,83.13,31.53,39.91,62.42
25,314930,바이오다인,5,120,14,44,69,1.0,10.0,83.13,102.13,38.5,61.67
25,206650,유바이오로직스,5,120,14,44,69,1.0,10.0,83.13,56.88,37.69,64.37
25,136510,스마트솔루션즈,5,120,14,44,69,1.0,10.0,83.13,50.85,43.75,66.42
25,297890,HB솔루션,5,120,14,44,69,1.0,10.0,83.13,114.96,39.97,65.11
25,080220,제주반도체,5,120,14,44,69,1.0,10.0,83.13,54.71,41.86,60.53
25,064550,바이오니아,5,120,14,44,69,1.0,10.0,83.13,60.09,41.81,68.66
25,087010,펩트론,5,120,14,44,69,1.0,10.0,83.13,26.02,42.49,67.26
25,298380,에이비엘바이오,5,120,14,44,69,1.0,10.0,83.13,88.68,42.05,66.02
25,323280,태성,5,120,14,44,69,1.0,10.0,83.13,169.9,42.44,64.55
25,065350,신성델타테크,5,120,14,44,69,1.0,10.0,83.13,40.8,41.39,59.31
25,216080,제테마,5,120,14,44,69,1.0,10.0,83.13,-1.91,38.11,63.89
25,093520,매커스,5,120,14,44,69,1.0,10.0,83.13,136.65,40.09,59.78
25,270520,지오릿에너지,5,120,14,44,69,1.0,10.0,83.13,517.37,43.44,65.85
25,150840,인트로메딕,5,120,14,44,69,1.0,10.0,83.13,2.46,35.44,68.92
25,117730,티로보틱스,5,120,14,44,69,1.0,10.0,83.13,191.04,35.56,63.32
25,093640,케이알엠,5,120,14,44,69,1.0,10.0,83.13,64.34,42.34,70.28
25,285490,노바텍,5,120,14,44,69,1.0,10.0,83.13,68.73,38.32,64.48
25,297090,씨에스베어링,5,120,14,44,69,1.0,10.0,83.13,-13.43,40.36,69.14
25,147830,제룡산업,5,120,14,44,69,1.0,10.0,83.13,17.37,41.19,61.55
25,091440,한울소재과학,5,120,14,44,69,1.0,10.0,83.13,39.53,38.76,64.89
25,311320,지오엘리먼트,5,120,14,44,69,1.0,10.0,83.13,0.0,40.94,69.82
25,021080,에이티넘인베스트,5,120,14,44,69,1.0,10.0,83.13,38.8,35.58,64.04
25,014470,부방,5,120,14,44,69,1.0,10.0,83.13,-11.25,35.67,62.87
25,256940,케이피에스,5,120,14,44,69,1.0,10.0,83.13,29.59,37.2,64.5
25,186230,그린플러스,5,120,14,44,69,1.0,10.0,83.13,18.24,41.5,65.87
25,036120,SCI평가정보,5,120,14,44,69,1.0,10.0,83.13,15.87,37.18,67.07
25,094940,푸른기술,5,120,14,44,69,1.0,10.0,83.13,-18.1,38.49,69.62
25,320000,윈텍,5,120,14,44,69,1.0,10.0,83.13,779.11,40.95,66.22
25,094940,푸른기술,5,120,14,44,74,1.0,10.0,79.1,-18.1,38.49,69.62
25,320000,윈텍,5,120,14,44,74,1.0,10.0,79.1,779.11,40.95,66.22
25,270520,지오릿에너지,5,120,14,44,74,1.0,10.0,79.1,517.37,43.44,65.85
25,065350,신성델타테크,5,120,14,44,74,1.0,10.0,79.1,28.66,41.39,59.31
25,298380,에이비엘바이오,5,120,14,44,74,1.0,10.0,79.1,88.68,42.05,66.02
25,087010,펩트론,5,120,14,44,74,1.0,10.0,79.1,2.48,42.49,67.26
25,064550,바이오니아,5,120,14,44,74,1.0,10.0,79.1,66.89,41.81,68.66
25,136510,스마트솔루션즈,5,120,14,44,74,1.0,10.0,79.1,56.46,43.75,66.42
25,080220,제주반도체,5,120,14,44,74,1.0,10.0,79.1,32.39,41.86,60.53
25,297890,HB솔루션,5,120,14,44,74,1.0,10.0,79.1,88.35,39.97,65.11
25,025980,아난티,5,120,14,44,74,1.0,10.0,79.1,26.5,38.55,62.6
25,314930,바이오다인,5,120,14,44,74,1.0,10.0,79.1,102.13,38.5,61.67
25,094170,동운아나텍,5,120,14,44,74,1.0,10.0,79.1,29.46,39.91,62.42
25,200710,에이디테크놀로지,5,120,14,44,74,1.0,10.0,79.1,16.36,39.28,61.75
25,299900,위지윅스튜디오,5,120,14,44,74,1.0,10.0,79.1,-63.44,40.29,63.29
25,216080,제테마,5,120,14,44,74,1.0,10.0,79.1,-1.91,38.11,63.89
25,323280,태성,5,120,14,44,74,1.0,10.0,79.1,169.9,42.44,64.55
25,206650,유바이오로직스,5,120,14,44,74,1.0,10.0,79.1,56.88,37.69,64.37
25,150840,인트로메딕,5,120,14,44,74,1.0,10.0,79.1,9.66,35.44,68.92
25,091440,한울소재과학,5,120,14,44,74,1.0,10.0,79.1,40.35,38.76,64.89
25,117730,티로보틱스,5,120,14,44,74,1.0,10.0,79.1,188.53,35.56,63.32
25,036120,SCI평가정보,5,120,14,44,74,1.0,10.0,79.1,9.39,37.18,67.07
25,186230,그린플러스,5,120,14,44,74,1.0,10.0,79.1,23.63,41.5,65.87
25,256940,케이피에스,5,120,14,44,74,1.0,10.0,79.1,33.67,37.2,64.5
25,014470,부방,5,120,14,44,74,1.0,10.0,79.1,-11.25,35.67,62.87
25,311320,지오엘리먼트,5,120,14,44,74,1.0,10.0,79.1,0.0,40.94,69.82
25,021080,에이티넘인베스트,5,120,14,44,74,1.0,10.0,79.1,6.58,35.58,64.04
25,093520,매커스,5,120,14,44,74,1.0,10.0,79.1,133.63,40.09,59.78
25,147830,제룡산업,5,120,14,44,74,1.0,10.0,79.1,35.61,41.19,61.55
25,297090,씨에스베어링,5,120,14,44,74,1.0,10.0,79.1,-13.43,40.36,69.14
25,285490,노바텍,5,120,14,44,74,1.0,10.0,79.1,68.73,38.32,64.48
25,093640,케이알엠,5,120,14,44,74,1.0,10.0,79.1,27.91,42.34,70.28
25,025980,아난티,5,120,14,39,64,1.0,10.0,77.88,47.17,38.55,62.6
25,216080,제테마,5,120,14,39,64,1.0,10.0,77.88,-1.91,38.11,63.89
25,299900,위지윅스튜디오,5,120,14,39,64,1.0,10.0,77.88,0.0,40.29,63.29
25,200710,에이디테크놀로지,5,120,14,39,64,1.0,10.0,77.88,93.59,39.28,61.75
25,094170,동운아나텍,5,120,14,39,64,1.0,10.0,77.88,0.0,39.91,62.42
25,314930,바이오다인,5,120,14,39,64,1.0,10.0,77.88,69.59,38.5,61.67
25,206650,유바이오로직스,5,120,14,39,64,1.0,10.0,77.88,56.88,37.69,64.37
25,065350,신성델타테크,5,120,14,39,64,1.0,10.0,77.88,-1.39,41.39,59.31
25,297890,HB솔루션,5,120,14,39,64,1.0,10.0,77.88,0.0,39.97,65.11
25,080220,제주반도체,5,120,14,39,64,1.0,10.0,77.88,0.0,41.86,60.53
25,136510,스마트솔루션즈,5,120,14,39,64,1.0,10.0,77.88,62.71,43.75,66.42
25,064550,바이오니아,5,120,14,39,64,1.0,10.0,77.88,114.38,41.81,68.66
25,087010,펩트론,5,120,14,39,64,1.0,10.0,77.88,26.02,42.49,67.26
25,298380,에이비엘바이오,5,120,14,39,64,1.0,10.0,77.88,0.0,42.05,66.02
25,270520,지오릿에너지,5,120,14,39,64,1.0,10.0,77.88,0.0,43.44,65.85
25,323280,태성,5,120,14,39,64,1.0,10.0,77.88,258.99,42.44,64.55
25,150840,인트로메딕,5,120,14,39,64,1.0,10.0,77.88,10.8,35.44,68.92
25,094940,푸른기술,5,120,14,39,64,1.0,10.0,77.88,0.0,38.49,69.62
25,311320,지오엘리먼트,5,120,14,39,64,1.0,10.0,77.88,0.0,40.94,69.82
25,320000,윈텍,5,120,14,39,64,1.0,10.0,77.88,367.1,40.95,66.22
25,036120,SCI평가정보,5,120,14,39,64,1.0,10.0,77.88,0.0,37.18,67.07
25,186230,그린플러스,5,120,14,39,64,1.0,10.0,77.88,0.0,41.5,65.87
25,256940,케이피에스,5,120,14,39,64,1.0,10.0,77.88,-4.67,37.2,64.5
25,117730,티로보틱스,5,120,14,39,64,1.0,10.0,77.88,0.0,35.56,63.32
25,021080,에이티넘인베스트,5,120,14,39,64,1.0,10.0,77.88,-10.01,35.58,64.04
25,014470,부방,5,120,14,39,64,1.0,10.0,77.88,35.93,35.67,62.87
25,091440,한울소재과학,5,120,14,39,64,1.0,10.0,77.88,372.18,38.76,64.89
25,093520,매커스,5,120,14,39,64,1.0,10.0,77.88,970.3,40.09,59.78
25,147830,제룡산업,5,120,14,39,64,1.0,10.0,77.88,0.0,41.19,61.55
25,297090,씨에스베어링,5,120,14,39,64,1.0,10.0,77.88,0.0,40.36,69.14
25,285490,노바텍,5,120,14,39,64,1.0,10.0,77.88,0.0,38.32,64.48
25,093640,케이알엠,5,120,14,39,64,1.0,10.0,77.88,24.65,42.34,70.28
25,323280,태성,5,120,14,49,54,1.0,10.0,76.34,65.52,42.44,64.55
25,216080,제테마,5,120,14,49,54,1.0,10.0,76.34,111.75,38.11,63.89
25,299900,위지윅스튜디오,5,120,14,49,54,1.0,10.0,76.34,-52.61,40.29,63.29
25,200710,에이디테크놀로지,5,120,14,49,54,1.0,10.0,76.34,11.56,39.28,61.75
25,094170,동운아나텍,5,120,14,49,54,1.0,10.0,76.34,109.08,39.91,62.42
25,314930,바이오다인,5,120,14,49,54,1.0,10.0,76.34,29.42,38.5,61.67
25,298380,에이비엘바이오,5,120,14,49,54,1.0,10.0,76.34,18.09,42.05,66.02
25,206650,유바이오로직스,5,120,14,49,54,1.0,10.0,76.34,56.88,37.69,64.37
25,025980,아난티,5,120,14,49,54,1.0,10.0,76.34,5.34,38.55,62.6
25,297890,HB솔루션,5,120,14,49,54,1.0,10.0,76.34,-5.31,39.97,65.11
25,080220,제주반도체,5,120,14,49,54,1.0,10.0,76.34,52.69,41.86,60.53
25,136510,스마트솔루션즈,5,120,14,49,54,1.0,10.0,76.34,28.75,43.75,66.42
25,064550,바이오니아,5,120,14,49,54,1.0,10.0,76.34,63.88,41.81,68.66
25,150840,인트로메딕,5,120,14,49,54,1.0,10.0,76.34,-9.88,35.44,68.92
25,270520,지오릿에너지,5,120,14,49,54,1.0,10.0,76.34,771.41,43.44,65.85
25,311320,지오엘리먼트,5,120,14,49,54,1.0,10.0,76.34,42.31,40.94,69.82
25,117730,티로보틱스,5,120,14,49,54,1.0,10.0,76.34,35.79,35.56,63.32
25,093640,케이알엠,5,120,14,49,54,1.0,10.0,76.34,47.31,42.34,70.28
25,285490,노바텍,5,120,14,49,54,1.0,10.0,76.34,374.16,38.32,64.48
25,297090,씨에스베어링,5,120,14,49,54,1.0,10.0,76.34,172.65,40.36,69.14
25,147830,제룡산업,5,120,14,49,54,1.0,10.0,76.34,30.86,41.19,61.55
25,093520,매커스,5,120,14,49,54,1.0,10.0,76.34,60.63,40.09,59.78
25,091440,한울소재과학,5,120,14,49,54,1.0,10.0,76.34,167.88,38.76,64.89
25,021080,에이티넘인베스트,5,120,14,49,54,1.0,10.0,76.34,12.08,35.58,64.04
25,014470,부방,5,120,14,49,54,1.0,10.0,76.34,28.47,35.67,62.87
25,256940,케이피에스,5,120,14,49,54,1.0,10.0,76.34,3.98,37.2,64.5
25,186230,그린플러스,5,120,14,49,54,1.0,10.0,76.34,15.58,41.5,65.87
25,036120,SCI평가정보,5,120,14,49,54,1.0,10.0,76.34,43.52,37.18,67.07
25,320000,윈텍,5,120,14,49,54,1.0,10.0,76.34,137.99,40.95,66.22
25,087010,펩트론,5,120,14,49,54,1.0,10.0,76.34,-3.78,42.49,67.26
25,094940,푸른기술,5,120,14,49,54,1.0,10.0,76.34,-1.71,38.49,69.62
25,065350,신성델타테크,5,120,14,49,54,1.0,10.0,76.34,18.65,41.39,59.31
25,150840,인트로메딕,5,60,14,44,59,1.0,10.0,68.0,3.68,35.44,68.92
25,270520,지오릿에너지,5,60,14,44,59,1.0,10.0,68.0,331.92,43.44,65.85
25,093640,케이알엠,5,60,14,44,59,1.0,10.0,68.0,50.88,42.34,70.28
25,285490,노바텍,5,60,14,44,59,1.0,10.0,68.0,173.11,38.32,64.48
25,297090,씨에스베어링,5,60,14,44,59,1.0,10.0,68.0,204.04,40.36,69.14
25,147830,제룡산업,5,60,14,44,59,1.0,10.0,68.0,16.58,41.19,61.55
25,091440,한울소재과학,5,60,14,44,59,1.0,10.0,68.0,176.14,38.76,64.89
25,311320,지오엘리먼트,5,60,14,44,59,1.0,10.0,68.0,0.0,40.94,69.82
25,021080,에이티넘인베스트,5,60,14,44,59,1.0,10.0,68.0,12.78,35.58,64.04
25,014470,부방,5,60,14,44,59,1.0,10.0,68.0,4.74,35.67,62.87
25,256940,케이피에스,5,60,14,44,59,1.0,10.0,68.0,11.28,37.2,64.5
25,186230,그린플러스,5,60,14,44,59,1.0,10.0,68.0,51.21,41.5,65.87
25,036120,SCI평가정보,5,60,14,44,59,1.0,10.0,68.0,54.88,37.18,67.07
25,320000,윈텍,5,60,14,44,59,1.0,10.0,68.0,148.78,40.95,66.22
25,094940,푸른기술,5,60,14,44,59,1.0,10.0,68.0,42.66,38.49,69.62
25,065350,신성델타테크,5,60,14,44,59,1.0,10.0,68.0,41.07,41.39,59.31
25,117730,티로보틱스,5,60,14,44,59,1.0,10.0,68.0,91.58,35.56,63.32
25,093520,매커스,5,60,14,44,59,1.0,10.0,68.0,63.72,40.09,59.78
25,323280,태성,5,60,14,44,59,1.0,10.0,68.0,175.08,42.44,64.55
25,297890,HB솔루션,5,60,14,44,59,1.0,10.0,68.0,49.42,39.97,65.11
25,216080,제테마,5,60,14,44,59,1.0,10.0,68.0,-10.97,38.11,63.89
25,298380,에이비엘바이오,5,60,14,44,59,1.0,10.0,68.0,143.62,42.05,66.02
25,087010,펩트론,5,60,14,44,59,1.0,10.0,68.0,4.78,42.49,67.26
25,064550,바이오니아,5,60,14,44,59,1.0,10.0,68.0,40.11,41.81,68.66
25,080220,제주반도체,5,60,14,44,59,1.0,10.0,68.0,55.86,41.86,60.53
25,136510,스마트솔루션즈,5,60,14,44,59,1.0,10.0,68.0,68.22,43.75,66.42
25,025980,아난티,5,60,14,44,59,1.0,10.0,68.0,22.19,38.55,62.6
25,206650,유바이오로직스,5,60,14,44,59,1.0,10.0,68.0,-19.38,37.69,64.37
25,314930,바이오다인,5,60,14,44,59,1.0,10.0,68.0,75.3,38.5,61.67
25,094170,동운아나텍,5,60,14,44,59,1.0,10.0,68.0,71.27,39.91,62.42
25,200710,에이디테크놀로지,5,60,14,44,59,1.0,10.0,68.0,40.61,39.28,61.75
25,299900,위지윅스튜디오,5,60,14,44,59,1.0,10.0,68.0,-19.19,40.29,63.29
25,025980,아난티,5,60,14,34,64,1.0,10.0,66.8,80.93,38.55,62.6
25,216080,제테마,5,60,14,34,64,1.0,10.0,66.8,0.0,38.11,63.89
25,299900,위지윅스튜디오,5,60,14,34,64,1.0,10.0,66.8,0.0,40.29,63.29
25,200710,에이디테크놀로지,5,60,14,34,64,1.0,10.0,66.8,0.0,39.28,61.75
25,094170,동운아나텍,5,60,14,34,64,1.0,10.0,66.8,0.0,39.91,62.42
25,314930,바이오다인,5,60,14,34,64,1.0,10.0,66.8,75.3,38.5,61.67
25,206650,유바이오로직스,5,60,14,34,64,1.0,10.0,66.8,0.0,37.69,64.37
25,065350,신성델타테크,5,60,14,34,64,1.0,10.0,66.8,-0.57,41.39,59.31
25,297890,HB솔루션,5,60,14,34,64,1.0,10.0,66.8,0.0,39.97,65.11
25,080220,제주반도체,5,60,14,34,64,1.0,10.0,66.8,0.0,41.86,60.53
25,136510,스마트솔루션즈,5,60,14,34,64,1.0,10.0,66.8,0.0,43.75,66.42
25,064550,바이오니아,5,60,14,34,64,1.0,10.0,66.8,119.86,41.81,68.66
25,087010,펩트론,5,60,14,34,64,1.0,10.0,66.8,15.93,42.49,67.26
25,298380,에이비엘바이오,5,60,14,34,64,1.0,10.0,66.8,0.0,42.05,66.02
25,320000,윈텍,5,60,14,34,64,1.0,10.0,66.8,0.0,40.95,66.22
25,323280,태성,5,60,14,34,64,1.0,10.0,66.8,134.14,42.44,64.55
25,094940,푸른기술,5,60,14,34,64,1.0,10.0,66.8,0.0,38.49,69.62
25,270520,지오릿에너지,5,60,14,34,64,1.0,10.0,66.8,1495.67,43.44,65.85
25,091440,한울소재과학,5,60,14,34,64,1.0,10.0,66.8,216.37,38.76,64.89
25,150840,인트로메딕,5,60,14,34,64,1.0,10.0,66.8,0.0,35.44,68.92
25,186230,그린플러스,5,60,14,34,64,1.0,10.0,66.8,0.0,41.5,65.87
25,256940,케이피에스,5,60,14,34,64,1.0,10.0,66.8,0.0,37.2,64.5
25,014470,부방,5,60,14,34,64,1.0,10.0,66.8,0.0,35.67,62.87
25,021080,에이티넘인베스트,5,60,14,34,64,1.0,10.0,66.8,0.0,35.58,64.04
25,311320,지오엘리먼트,5,60,14,34,64,1.0,10.0,66.8,0.0,40.94,69.82
25,036120,SCI평가정보,5,60,14,34,64,1.0,10.0,66.8,0.0,37.18,67.07
25,093520,매커스,5,60,14,34,64,1.0,10.0,66.8,0.0,40.09,59.78
25,297090,씨에스베어링,5,60,14,34,64,1.0,10.0,66.8,0.0,40.36,69.14
25,285490,노바텍,5,60,14,34,64,1.0,10.0,66.8,0.0,38.32,64.48
25,093640,케이알엠,5,60,14,34,64,1.0,10.0,66.8,0.0,42.34,70.28
25,147830,제룡산업,5,60,14,34,64,1.0,10.0,66.8,0.0,41.19,61.55
25,117730,티로보틱스,5,60,14,34,64,1.0,10.0,66.8,0.0,35.56,63.32
25,025980,아난티,5,60,14,49,54,1.0,10.0,64.44,4.05,38.55,62.6
25,299900,위지윅스튜디오,5,60,14,49,54,1.0,10.0,64.44,-29.02,40.29,63.29
25,200710,에이디테크놀로지,5,60,14,49,54,1.0,10.0,64.44,16.01,39.28,61.75
25,094170,동운아나텍,5,60,14,49,54,1.0,10.0,64.44,72.93,39.91,62.42
25,314930,바이오다인,5,60,14,49,54,1.0,10.0,64.44,35.73,38.5,61.67
25,206650,유바이오로직스,5,60,14,49,54,1.0,10.0,64.44,-9.2,37.69,64.37
25,080220,제주반도체,5,60,14,49,54,1.0,10.0,64.44,29.72,41.86,60.53
25,297890,HB솔루션,5,60,14,49,54,1.0,10.0,64.44,1.22,39.97,65.11
25,323280,태성,5,60,14,49,54,1.0,10.0,64.44,33.08,42.44,64.55
25,136510,스마트솔루션즈,5,60,14,49,54,1.0,10.0,64.44,7.62,43.75,66.42
25,064550,바이오니아,5,60,14,49,54,1.0,10.0,64.44,51.47,41.81,68.66
25,087010,펩트론,5,60,14,49,54,1.0,10.0,64.44,-3.92,42.49,67.26
25,298380,에이비엘바이오,5,60,14,49,54,1.0,10.0,64.44,28.8,42.05,66.02
25,065350,신성델타테크,5,60,14,49,54,1.0,10.0,64.44,19.94,41.39,59.31
25,216080,제테마,5,60,14,49,54,1.0,10.0,64.44,-0.96,38.11,63.89
25,117730,티로보틱스,5,60,14,49,54,1.0,10.0,64.44,23.07,35.56,63.32
25,270520,지오릿에너지,5,60,14,49,54,1.0,10.0,64.44,1083.72,43.44,65.85
25,150840,인트로메딕,5,60,14,49,54,1.0,10.0,64.44,3.3,35.44,68.92
25,093640,케이알엠,5,60,14,49,54,1.0,10.0,64.44,59.38,42.34,70.28
25,285490,노바텍,5,60,14,49,54,1.0,10.0,64.44,83.41,38.32,64.48
25,297090,씨에스베어링,5,60,14,49,54,1.0,10.0,64.44,0.8,40.36,69.14
25,093520,매커스,5,60,14,49,54,1.0,10.0,64.44,114.19,40.09,59.78
25,091440,한울소재과학,5,60,14,49,54,1.0,10.0,64.44,146.48,38.76,64.89
25,311320,지오엘리먼트,5,60,14,49,54,1.0,10.0,64.44,57.95,40.94,69.82
25,021080,에이티넘인베스트,5,60,14,49,54,1.0,10.0,64.44,10.03,35.58,64.04
25,014470,부방,5,60,14,49,54,1.0,10.0,64.44,13.09,35.67,62.87
25,256940,케이피에스,5,60,14,49,54,1.0,10.0,64.44,-12.59,37.2,64.5
25,186230,그린플러스,5,60,14,49,54,1.0,10.0,64.44,45.53,41.5,65.87
25,036120,SCI평가정보,5,60,14,49,54,1.0,10.0,64.44,34.69,37.18,67.07
25,320000,윈텍,5,60,14,49,54,1.0,10.0,64.44,114.17,40.95,66.22
25,147830,제룡산업,5,60,14,49,54,1.0,10.0,64.44,25.58,41.19,61.55
25,094940,푸른기술,5,60,14,49,54,1.0,10.0,64.44,1.65,38.49,69.62
25,065350,신성델타테크,5,120,14,39,79,1.0,10.0,63.6,10.16,41.39,59.31
25,064550,바이오니아,5,120,14,39,79,1.0,10.0,63.6,84.83,41.81,68.66
25,080220,제주반도체,5,120,14,39,79,1.0,10.0,63.6,0.0,41.86,60.53
25,297890,HB솔루션,5,120,14,39,79,1.0,10.0,63.6,0.0,39.97,65.11
25,025980,아난티,5,120,14,39,79,1.0,10.0,63.6,79.34,38.55,62.6
25,206650,유바이오로직스,5,120,14,39,79,1.0,10.0,63.6,56.88,37.69,64.37
25,314930,바이오다인,5,120,14,39,79,1.0,10.0,63.6,54.09,38.5,61.67
25,094170,동운아나텍,5,120,14,39,79,1.0,10.0,63.6,0.0,39.91,62.42
25,200710,에이디테크놀로지,5,120,14,39,79,1.0,10.0,63.6,23.73,39.28,61.75
25,299900,위지윅스튜디오,5,120,14,39,79,1.0,10.0,63.6,0.0,40.29,63.29
25,216080,제테마,5,120,14,39,79,1.0,10.0,63.6,-1.91,38.11,63.89
25,323280,태성,5,120,14,39,79,1.0,10.0,63.6,258.99,42.44,64.55
25,270520,지오릿에너지,5,120,14,39,79,1.0,10.0,63.6,0.0,43.44,65.85
25,150840,인트로메딕,5,120,14,39,79,1.0,10.0,63.6,19.18,35.44,68.92
25,117730,티로보틱스,5,120,14,39,79,1.0,10.0,63.6,0.0,35.56,63.32
25,093640,케이알엠,5,120,14,39,79,1.0,10.0,63.6,55.62,42.34,70.28
25,285490,노바텍,5,120,14,39,79,1.0,10.0,63.6,0.0,38.32,64.48
25,087010,펩트론,5,120,14,39,79,1.0,10.0,63.6,10.85,42.49,67.26
25,297090,씨에스베어링,5,120,14,39,79,1.0,10.0,63.6,0.0,40.36,69.14
25,147830,제룡산업,5,120,14,39,79,1.0,10.0,63.6,0.0,41.19,61.55
25,093520,매커스,5,120,14,39,79,1.0,10.0,63.6,970.3,40.09,59.78
25,091440,한울소재과학,5,120,14,39,79,1.0,10.0,63.6,366.5,38.76,64.89
25,311320,지오엘리먼트,5,120,14,39,79,1.0,10.0,63.6,0.0,40.94,69.82
25,298380,에이비엘바이오,5,120,14,39,79,1.0,10.0,63.6,0.0,42.05,66.02
25,021080,에이티넘인베스트,5,120,14,39,79,1.0,10.0,63.6,-10.01,35.58,64.04
25,014470,부방,5,120,14,39,79,1.0,10.0,63.6,-2.3,35.67,62.87
25,256940,케이피에스,5,120,14,39,79,1.0,10.0,63.6,-4.67,37.2,64.5
25,186230,그린플러스,5,120,14,39,79,1.0,10.0,63.6,0.0,41.5,65.87
25,036120,SCI평가정보,5,120,14,39,79,1.0,10.0,63.6,0.0,37.18,67.07
25,320000,윈텍,5,120,14,39,79,1.0,10.0,63.6,30.39,40.95,66.22
25,094940,푸른기술,5,120,14,39,79,1.0,10.0,63.6,0.0,38.49,69.62
25,136510,스마트솔루션즈,5,120,14,39,79,1.0,10.0,63.6,33.37,43.75,66.42
25,094940,푸른기술,5,120,14,39,54,1.0,10.0,60.48,0.0,38.49,69.62
25,320000,윈텍,5,120,14,39,54,1.0,10.0,60.48,367.1,40.95,66.22
25,065350,신성델타테크,5,120,14,39,54,1.0,10.0,60.48,-6.26,41.39,59.31
25,036120,SCI평가정보,5,120,14,39,54,1.0,10.0,60.48,0.0,37.18,67.07
25,298380,에이비엘바이오,5,120,14,39,54,1.0,10.0,60.48,0.0,42.05,66.02
25,087010,펩트론,5,120,14,39,54,1.0,10.0,60.48,7.25,42.49,67.26
25,064550,바이오니아,5,120,14,39,54,1.0,10.0,60.48,117.91,41.81,68.66
25,136510,스마트솔루션즈,5,120,14,39,54,1.0,10.0,60.48,41.78,43.75,66.42
25,080220,제주반도체,5,120,14,39,54,1.0,10.0,60.48,0.0,41.86,60.53
25,297890,HB솔루션,5,120,14,39,54,1.0,10.0,60.48,0.0,39.97,65.11
25,025980,아난티,5,120,14,39,54,1.0,10.0,60.48,17.08,38.55,62.6
25,314930,바이오다인,5,120,14,39,54,1.0,10.0,60.48,29.42,38.5,61.67
25,094170,동운아나텍,5,120,14,39,54,1.0,10.0,60.48,0.0,39.91,62.42
25,200710,에이디테크놀로지,5,120,14,39,54,1.0,10.0,60.48,142.58,39.28,61.75
25,299900,위지윅스튜디오,5,120,14,39,54,1.0,10.0,60.48,0.0,40.29,63.29
25,216080,제테마,5,120,14,39,54,1.0,10.0,60.48,332.16,38.11,63.89
25,323280,태성,5,120,14,39,54,1.0,10.0,60.48,258.99,42.44,64.55
25,270520,지오릿에너지,5,120,14,39,54,1.0,10.0,60.48,0.0,43.44,65.85
25,150840,인트로메딕,5,120,14,39,54,1.0,10.0,60.48,2.15,35.44,68.92
25,117730,티로보틱스,5,120,14,39,54,1.0,10.0,60.48,0.0,35.56,63.32
25,093640,케이알엠,5,120,14,39,54,1.0,10.0,60.48,34.38,42.34,70.28
25,285490,노바텍,5,120,14,39,54,1.0,10.0,60.48,0.0,38.32,64.48
25,297090,씨에스베어링,5,120,14,39,54,1.0,10.0,60.48,0.0,40.36,69.14
25,147830,제룡산업,5,120,14,39,54,1.0,10.0,60.48,0.0,41.19,61.55
25,093520,매커스,5,120,14,39,54,1.0,10.0,60.48,195.0,40.09,59.78
25,091440,한울소재과학,5,120,14,39,54,1.0,10.0,60.48,116.71,38.76,64.89
25,311320,지오엘리먼트,5,120,14,39,54,1.0,10.0,60.48,0.0,40.94,69.82
25,021080,에이티넘인베스트,5,120,14,39,54,1.0,10.0,60.48,60.37,35.58,64.04
25,014470,부방,5,120,14,39,54,1.0,10.0,60.48,166.37,35.67,62.87
25,256940,케이피에스,5,120,14,39,54,1.0,10.0,60.48,-4.67,37.2,64.5
25,186230,그린플러스,5,120,14,39,54,1.0,10.0,60.48,0.0,41.5,65.87
25,206650,유바이오로직스,5,120,14,39,54,1.0,10.0,60.48,56.88,37.69,64.37
25,094940,푸른기술,5,60,14,44,69,1.0,10.0,59.76,42.66,38.49,69.62
25,298380,에이비엘바이오,5,60,14,44,69,1.0,10.0,59.76,12.56,42.05,66.02
25,320000,윈텍,5,60,14,44,69,1.0,10.0,59.76,332.81,40.95,66.22
25,270520,지오릿에너지,5,60,14,44,69,1.0,10.0,59.76,278.96,43.44,65.85
25,186230,그린플러스,5,60,14,44,69,1.0,10.0,59.76,18.31,41.5,65.87
25,256940,케이피에스,5,60,14,44,69,1.0,10.0,59.76,33.64,37.2,64.5
25,014470,부방,5,60,14,44,69,1.0,10.0,59.76,-10.53,35.67,62.87
25,021080,에이티넘인베스트,5,60,14,44,69,1.0,10.0,59.76,51.34,35.58,64.04
25,311320,지오엘리먼트,5,60,14,44,69,1.0,10.0,59.76,0.0,40.94,69.82
25,091440,한울소재과학,5,60,14,44,69,1.0,10.0,59.76,45.06,38.76,64.89
25,093520,매커스,5,60,14,44,69,1.0,10.0,59.76,135.39,40.09,59.78
25,147830,제룡산업,5,60,14,44,69,1.0,10.0,59.76,17.87,41.19,61.55
25,297090,씨에스베어링,5,60,14,44,69,1.0,10.0,59.76,-10.83,40.36,69.14
25,285490,노바텍,5,60,14,44,69,1.0,10.0,59.76,83.84,38.32,64.48
25,093640,케이알엠,5,60,14,44,69,1.0,10.0,59.76,53.63,42.34,70.28
25,117730,티로보틱스,5,60,14,44,69,1.0,10.0,59.76,204.05,35.56,63.32
25,150840,인트로메딕,5,60,14,44,69,1.0,10.0,59.76,6.11,35.44,68.92
25,323280,태성,5,60,14,44,69,1.0,10.0,59.76,155.22,42.44,64.55
25,216080,제테마,5,60,14,44,69,1.0,10.0,59.76,-10.97,38.11,63.89
25,299900,위지윅스튜디오,5,60,14,44,69,1.0,10.0,59.76,7.71,40.29,63.29
25,200710,에이디테크놀로지,5,60,14,44,69,1.0,10.0,59.76,38.44,39.28,61.75
25,094170,동운아나텍,5,60,14,44,69,1.0,10.0,59.76,28.3,39.91,62.42
25,314930,바이오다인,5,60,14,44,69,1.0,10.0,59.76,107.99,38.5,61.67
25,206650,유바이오로직스,5,60,14,44,69,1.0,10.0,59.76,-19.38,37.69,64.37
25,025980,아난티,5,60,14,44,69,1.0,10.0,59.76,19.92,38.55,62.6
25,297890,HB솔루션,5,60,14,44,69,1.0,10.0,59.76,72.33,39.97,65.11
25,080220,제주반도체,5,60,14,44,69,1.0,10.0,59.76,44.89,41.86,60.53
25,136510,스마트솔루션즈,5,60,14,44,69,1.0,10.0,59.76,50.88,43.75,66.42
25,064550,바이오니아,5,60,14,44,69,1.0,10.0,59.76,32.4,41.81,68.66
25,087010,펩트론,5,60,14,44,69,1.0,10.0,59.76,21.82,42.49,67.26
25,065350,신성델타테크,5,60,14,44,69,1.0,10.0,59.76,52.74,41.39,59.31
25,036120,SCI평가정보,5,60,14,44,69,1.0,10.0,59.76,15.08,37.18,67.07
25,320000,윈텍,5,60,14,44,74,1.0,10.0,56.41,332.81,40.95,66.22
25,094940,푸른기술,5,60,14,44,74,1.0,10.0,56.41,42.66,38.49,69.62
25,065350,신성델타테크,5,60,14,44,74,1.0,10.0,56.41,29.37,41.39,59.31
25,298380,에이비엘바이오,5,60,14,44,74,1.0,10.0,56.41,12.56,42.05,66.02
25,036120,SCI평가정보,5,60,14,44,74,1.0,10.0,56.41,10.27,37.18,67.07
25,186230,그린플러스,5,60,14,44,74,1.0,10.0,56.41,23.69,41.5,65.87
25,256940,케이피에스,5,60,14,44,74,1.0,10.0,56.41,37.38,37.2,64.5
25,014470,부방,5,60,14,44,74,1.0,10.0,56.41,-10.53,35.67,62.87
25,021080,에이티넘인베스트,5,60,14,44,74,1.0,10.0,56.41,24.03,35.58,64.04
25,311320,지오엘리먼트,5,60,14,44,74,1.0,10.0,56.41,0.0,40.94,69.82
25,091440,한울소재과학,5,60,14,44,74,1.0,10.0,56.41,48.04,38.76,64.89
25,093520,매커스,5,60,14,44,74,1.0,10.0,56.41,132.81,40.09,59.78
25,147830,제룡산업,5,60,14,44,74,1.0,10.0,56.41,35.41,41.19,61.55
25,297090,씨에스베어링,5,60,14,44,74,1.0,10.0,56.41,-10.83,40.36,69.14
25,285490,노바텍,5,60,14,44,74,1.0,10.0,56.41,83.84,38.32,64.48
25,093640,케이알엠,5,60,14,44,74,1.0,10.0,56.41,29.15,42.34,70.28
25,117730,티로보틱스,5,60,14,44,74,1.0,10.0,56.41,200.79,35.56,63.32
25,150840,인트로메딕,5,60,14,44,74,1.0,10.0,56.41,13.44,35.44,68.92
25,270520,지오릿에너지,5,60,14,44,74,1.0,10.0,56.41,278.96,43.44,65.85
25,216080,제테마,5,60,14,44,74,1.0,10.0,56.41,-10.97,38.11,63.89
25,299900,위지윅스튜디오,5,60,14,44,74,1.0,10.0,56.41,7.71,40.29,63.29
25,200710,에이디테크놀로지,5,60,14,44,74,1.0,10.0,56.41,17.31,39.28,61.75
25,094170,동운아나텍,5,60,14,44,74,1.0,10.0,56.41,27.58,39.91,62.42
25,314930,바이오다인,5,60,14,44,74,1.0,10.0,56.41,107.99,38.5,61.67
25,206650,유바이오로직스,5,60,14,44,74,1.0,10.0,56.41,-19.38,37.69,64.37
25,025980,아난티,5,60,14,44,74,1.0,10.0,56.41,30.27,38.55,62.6
25,297890,HB솔루션,5,60,14,44,74,1.0,10.0,56.41,56.53,39.97,65.11
25,080220,제주반도체,5,60,14,44,74,1.0,10.0,56.41,26.59,41.86,60.53
25,136510,스마트솔루션즈,5,60,14,44,74,1.0,10.0,56.41,56.38,43.75,66.42
25,064550,바이오니아,5,60,14,44,74,1.0,10.0,56.41,36.38,41.81,68.66
25,087010,펩트론,5,60,14,44,74,1.0,10.0,56.41,-0.34,42.49,67.26
25,323280,태성,5,60,14,44,74,1.0,10.0,56.41,155.22,42.44,64.55
25,094940,푸른기술,5,120,14,49,59,1.0,10.0,56.29,22.54,38.49,69.62
25,320000,윈텍,5,120,14,49,59,1.0,10.0,56.29,225.34,40.95,66.22
25,323280,태성,5,120,14,49,59,1.0,10.0,56.29,65.52,42.44,64.55
25,036120,SCI평가정보,5,120,14,49,59,1.0,10.0,56.29,17.61,37.18,67.07
25,065350,신성델타테크,5,120,14,49,59,1.0,10.0,56.29,32.09,41.39,59.31
25,298380,에이비엘바이오,5,120,14,49,59,1.0,10.0,56.29,16.26,42.05,66.02
25,087010,펩트론,5,120,14,49,59,1.0,10.0,56.29,-3.78,42.49,67.26
25,064550,바이오니아,5,120,14,49,59,1.0,10.0,56.29,27.99,41.81,68.66
25,136510,스마트솔루션즈,5,120,14,49,59,1.0,10.0,56.29,47.32,43.75,66.42
25,080220,제주반도체,5,120,14,49,59,1.0,10.0,56.29,40.93,41.86,60.53
25,297890,HB솔루션,5,120,14,49,59,1.0,10.0,56.29,20.25,39.97,65.11
25,206650,유바이오로직스,5,120,14,49,59,1.0,10.0,56.29,56.88,37.69,64.37
25,314930,바이오다인,5,120,14,49,59,1.0,10.0,56.29,69.59,38.5,61.67
25,094170,동운아나텍,5,120,14,49,59,1.0,10.0,56.29,63.83,39.91,62.42
25,200710,에이디테크놀로지,5,120,14,49,59,1.0,10.0,56.29,13.59,39.28,61.75
25,299900,위지윅스튜디오,5,120,14,49,59,1.0,10.0,56.29,-52.61,40.29,63.29
25,216080,제테마,5,120,14,49,59,1.0,10.0,56.29,-1.91,38.11,63.89
25,025980,아난티,5,120,14,49,59,1.0,10.0,56.29,18.67,38.55,62.6
25,270520,지오릿에너지,5,120,14,49,59,1.0,10.0,56.29,208.48,43.44,65.85
25,093520,매커스,5,120,14,49,59,1.0,10.0,56.29,66.44,40.09,59.78
25,150840,인트로메딕,5,120,14,49,59,1.0,10.0,56.29,-2.21,35.44,68.92
25,256940,케이피에스,5,120,14,49,59,1.0,10.0,56.29,5.18,37.2,64.5
25,014470,부방,5,120,14,49,59,1.0,10.0,56.29,8.74,35.67,62.87
25,021080,에이티넘인베스트,5,120,14,49,59,1.0,10.0,56.29,4.72,35.58,64.04
25,311320,지오엘리먼트,5,120,14,49,59,1.0,10.0,56.29,-2.86,40.94,69.82
25,091440,한울소재과학,5,120,14,49,59,1.0,10.0,56.29,118.59,38.76,64.89
25,186230,그린플러스,5,120,14,49,59,1.0,10.0,56.29,33.02,41.5,65.87
25,147830,제룡산업,5,120,14,49,59,1.0,10.0,56.29,29.31,41.19,61.55
25,297090,씨에스베어링,5,120,14,49,59,1.0,10.0,56.29,166.14,40.36,69.14
25,285490,노바텍,5,120,14,49,59,1.0,10.0,56.29,374.16,38.32,64.48
25,093640,케이알엠,5,120,14,49,59,1.0,10.0,56.29,60.73,42.34,70.28
25,117730,티로보틱스,5,120,14,49,59,1.0,10.0,56.29,50.88,35.56,63.32
25,311320,지오엘리먼트,5,60,14,44,64,1.0,10.0,55.57,0.0,40.94,69.82
25,093640,케이알엠,5,60,14,44,64,1.0,10.0,55.57,35.06,42.34,70.28
25,285490,노바텍,5,60,14,44,64,1.0,10.0,55.57,41.35,38.32,64.48
25,297090,씨에스베어링,5,60,14,44,64,1.0,10.0,55.57,-10.83,40.36,69.14
25,147830,제룡산업,5,60,14,44,64,1.0,10.0,55.57,22.08,41.19,61.55
25,093520,매커스,5,60,14,44,64,1.0,10.0,55.57,125.71,40.09,59.78
25,091440,한울소재과학,5,60,14,44,64,1.0,10.0,55.57,63.3,38.76,64.89
25,014470,부방,5,60,14,44,64,1.0,10.0,55.57,-3.87,35.67,62.87
25,021080,에이티넘인베스트,5,60,14,44,64,1.0,10.0,55.57,51.34,35.58,64.04
25,150840,인트로메딕,5,60,14,44,64,1.0,10.0,55.57,6.11,35.44,68.92
25,256940,케이피에스,5,60,14,44,64,1.0,10.0,55.57,33.64,37.2,64.5
25,186230,그린플러스,5,60,14,44,64,1.0,10.0,55.57,46.7,41.5,65.87
25,036120,SCI평가정보,5,60,14,44,64,1.0,10.0,55.57,11.99,37.18,67.07
25,320000,윈텍,5,60,14,44,64,1.0,10.0,55.57,148.78,40.95,66.22
25,117730,티로보틱스,5,60,14,44,64,1.0,10.0,55.57,170.28,35.56,63.32
25,065350,신성델타테크,5,60,14,44,64,1.0,10.0,55.57,51.75,41.39,59.31
25,270520,지오릿에너지,5,60,14,44,64,1.0,10.0,55.57,286.61,43.44,65.85
25,323280,태성,5,60,14,44,64,1.0,10.0,55.57,134.14,42.44,64.55
25,216080,제테마,5,60,14,44,64,1.0,10.0,55.57,-10.97,38.11,63.89
25,299900,위지윅스튜디오,5,60,14,44,64,1.0,10.0,55.57,7.71,40.29,63.29
25,200710,에이디테크놀로지,5,60,14,44,64,1.0,10.0,55.57,46.78,39.28,61.75
25,094170,동운아나텍,5,60,14,44,64,1.0,10.0,55.57,54.05,39.91,62.42
25,314930,바이오다인,5,60,14,44,64,1.0,10.0,55.57,75.3,38.5,61.67
25,206650,유바이오로직스,5,60,14,44,64,1.0,10.0,55.57,-19.38,37.69,64.37
25,025980,아난티,5,60,14,44,64,1.0,10.0,55.57,13.81,38.55,62.6
25,297890,HB솔루션,5,60,14,44,64,1.0,10.0,55.57,72.33,39.97,65.11
25,080220,제주반도체,5,60,14,44,64,1.0,10.0,55.57,26.95,41.86,60.53
25,136510,스마트솔루션즈,5,60,14,44,64,1.0,10.0,55.57,50.88,43.75,66.42
25,064550,바이오니아,5,60,14,44,64,1.0,10.0,55.57,47.96,41.81,68.66
25,087010,펩트론,5,60,14,44,64,1.0,10.0,55.57,21.82,42.49,67.26
25,298380,에이비엘바이오,5,60,14,44,64,1.0,10.0,55.57,134.25,42.05,66.02
25,094940,푸른기술,5,60,14,44,64,1.0,10.0,55.57,42.66,38.49,69.62
25,270520,지오릿에너지,5,120,14,39,59,1.0,10.0,54.0,0.0,43.44,65.85
25,065350,신성델타테크,5,120,14,39,59,1.0,10.0,54.0,-6.26,41.39,59.31
25,117730,티로보틱스,5,120,14,39,59,1.0,10.0,54.0,0.0,35.56,63.32
25,298380,에이비엘바이오,5,120,14,39,59,1.0,10.0,54.0,0.0,42.05,66.02
25,320000,윈텍,5,120,14,39,59,1.0,10.0,54.0,367.1,40.95,66.22
25,036120,SCI평가정보,5,120,14,39,59,1.0,10.0,54.0,0.0,37.18,67.07
25,186230,그린플러스,5,120,14,39,59,1.0,10.0,54.0,0.0,41.5,65.87
25,256940,케이피에스,5,120,14,39,59,1.0,10.0,54.0,-4.67,37.2,64.5
25,014470,부방,5,120,14,39,59,1.0,10.0,54.0,35.93,35.67,62.87
25,021080,에이티넘인베스트,5,120,14,39,59,1.0,10.0,54.0,-10.01,35.58,64.04
25,311320,지오엘리먼트,5,120,14,39,59,1.0,10.0,54.0,0.0,40.94,69.82
25,091440,한울소재과학,5,120,14,39,59,1.0,10.0,54.0,372.18,38.76,64.89
25,093520,매커스,5,120,14,39,59,1.0,10.0,54.0,195.0,40.09,59.78
25,147830,제룡산업,5,120,14,39,59,1.0,10.0,54.0,0.0,41.19,61.55
25,297090,씨에스베어링,5,120,14,39,59,1.0,10.0,54.0,0.0,40.36,69.14
25,285490,노바텍,5,120,14,39,59,1.0,10.0,54.0,0.0,38.32,64.48
25,093640,케이알엠,5,120,14,39,59,1.0,10.0,54.0,34.38,42.34,70.28
25,094940,푸른기술,5,120,14,39,59,1.0,10.0,54.0,0.0,38.49,69.62
25,150840,인트로메딕,5,120,14,39,59,1.0,10.0,54.0,11.57,35.44,68.92
25,025980,아난티,5,120,14,39,59,1.0,10.0,54.0,47.17,38.55,62.6
25,323280,태성,5,120,14,39,59,1.0,10.0,54.0,258.99,42.44,64.55
25,087010,펩트론,5,120,14,39,59,1.0,10.0,54.0,7.25,42.49,67.26
25,064550,바이오니아,5,120,14,39,59,1.0,10.0,54.0,114.47,41.81,68.66
25,136510,스마트솔루션즈,5,120,14,39,59,1.0,10.0,54.0,95.81,43.75,66.42
25,297890,HB솔루션,5,120,14,39,59,1.0,10.0,54.0,0.0,39.97,65.11
25,080220,제주반도체,5,120,14,39,59,1.0,10.0,54.0,0.0,41.86,60.53
25,206650,유바이오로직스,5,120,14,39,59,1.0,10.0,54.0,56.88,37.69,64.37
25,314930,바이오다인,5,120,14,39,59,1.0,10.0,54.0,69.59,38.5,61.67
25,094170,동운아나텍,5,120,14,39,59,1.0,10.0,54.0,0.0,39.91,62.42
25,200710,에이디테크놀로지,5,120,14,39,59,1.0,10.0,54.0,84.59,39.28,61.75
25,299900,위지윅스튜디오,5,120,14,39,59,1.0,10.0,54.0,0.0,40.29,63.29
25,216080,제테마,5,120,14,39,59,1.0,10.0,54.0,-1.91,38.11,63.89
25,311320,지오엘리먼트,5,120,14,49,69,1.0,10.0,45.68,-2.86,40.94,69.82
25,285490,노바텍,5,120,14,49,69,1.0,10.0,45.68,68.73,38.32,64.48
25,297090,씨에스베어링,5,120,14,49,69,1.0,10.0,45.68,-13.43,40.36,69.14
25,147830,제룡산업,5,120,14,49,69,1.0,10.0,45.68,11.88,41.19,61.55
25,093520,매커스,5,120,14,49,69,1.0,10.0,45.68,154.11,40.09,59.78
25,091440,한울소재과학,5,120,14,49,69,1.0,10.0,45.68,39.53,38.76,64.89
25,320000,윈텍,5,120,14,49,69,1.0,10.0,45.68,258.01,40.95,66.22
25,021080,에이티넘인베스트,5,120,14,49,69,1.0,10.0,45.68,56.74,35.58,64.04
25,014470,부방,5,120,14,49,69,1.0,10.0,45.68,-0.76,35.67,62.87
25,256940,케이피에스,5,120,14,49,69,1.0,10.0,45.68,29.59,37.2,64.5
25,186230,그린플러스,5,120,14,49,69,1.0,10.0,45.68,14.95,41.5,65.87
25,036120,SCI평가정보,5,120,14,49,69,1.0,10.0,45.68,17.65,37.18,67.07
25,117730,티로보틱스,5,120,14,49,69,1.0,10.0,45.68,72.76,35.56,63.32
25,093640,케이알엠,5,120,14,49,69,1.0,10.0,45.68,34.93,42.34,70.28
25,094170,동운아나텍,5,120,14,49,69,1.0,10.0,45.68,41.87,39.91,62.42
25,150840,인트로메딕,5,120,14,49,69,1.0,10.0,45.68,2.46,35.44,68.92
25,270520,지오릿에너지,5,120,14,49,69,1.0,10.0,45.68,226.76,43.44,65.85
25,323280,태성,5,120,14,49,69,1.0,10.0,45.68,81.42,42.44,64.55
25,216080,제테마,5,120,14,49,69,1.0,10.0,45.68,-1.91,38.11,63.89
25,299900,위지윅스튜디오,5,120,14,49,69,1.0,10.0,45.68,-52.61,40.29,63.29
25,200710,에이디테크놀로지,5,120,14,49,69,1.0,10.0,45.68,23.54,39.28,61.75
25,314930,바이오다인,5,120,14,49,69,1.0,10.0,45.68,102.13,38.5,61.67
25,206650,유바이오로직스,5,120,14,49,69,1.0,10.0,45.68,56.88,37.69,64.37
25,025980,아난티,5,120,14,49,69,1.0,10.0,45.68,13.47,38.55,62.6
25,297890,HB솔루션,5,120,14,49,69,1.0,10.0,45.68,34.92,39.97,65.11
25,080220,제주반도체,5,120,14,49,69,1.0,10.0,45.68,39.49,41.86,60.53
25,136510,스마트솔루션즈,5,120,14,49,69,1.0,10.0,45.68,34.65,43.75,66.42
25,064550,바이오니아,5,120,14,49,69,1.0,10.0,45.68,15.61,41.81,68.66
25,087010,펩트론,5,120,14,49,69,1.0,10.0,45.68,10.67,42.49,67.26
25,094940,푸른기술,5,120,14,49,69,1.0,10.0,45.68,35.36,38.49,69.62
25,298380,에이비엘바이오,5,120,14,49,69,1.0,10.0,45.68,9.01,42.05,66.02
25,065350,신성델타테크,5,120,14,49,69,1.0,10.0,45.68,46.22,41.39,59.31
25,298380,에이비엘바이오,5,120,14,49,74,1.0,10.0,41.12,9.01,42.05,66.02
25,093640,케이알엠,5,120,14,49,74,1.0,10.0,41.12,19.29,42.34,70.28
25,094940,푸른기술,5,120,14,49,74,1.0,10.0,41.12,35.36,38.49,69.62
25,320000,윈텍,5,120,14,49,74,1.0,10.0,41.12,258.01,40.95,66.22
25,036120,SCI평가정보,5,120,14,49,74,1.0,10.0,41.12,24.72,37.18,67.07
25,186230,그린플러스,5,120,14,49,74,1.0,10.0,41.12,20.0,41.5,65.87
25,256940,케이피에스,5,120,14,49,74,1.0,10.0,41.12,33.67,37.2,64.5
25,014470,부방,5,120,14,49,74,1.0,10.0,41.12,-0.76,35.67,62.87
25,021080,에이티넘인베스트,5,120,14,49,74,1.0,10.0,41.12,29.78,35.58,64.04
25,311320,지오엘리먼트,5,120,14,49,74,1.0,10.0,41.12,-2.86,40.94,69.82
25,091440,한울소재과학,5,120,14,49,74,1.0,10.0,41.12,40.35,38.76,64.89
25,093520,매커스,5,120,14,49,74,1.0,10.0,41.12,64.45,40.09,59.78
25,147830,제룡산업,5,120,14,49,74,1.0,10.0,41.12,27.72,41.19,61.55
25,297090,씨에스베어링,5,120,14,49,74,1.0,10.0,41.12,-13.43,40.36,69.14
25,285490,노바텍,5,120,14,49,74,1.0,10.0,41.12,68.73,38.32,64.48
25,117730,티로보틱스,5,120,14,49,74,1.0,10.0,41.12,74.65,35.56,63.32
25,087010,펩트론,5,120,14,49,74,1.0,10.0,41.12,2.48,42.49,67.26
25,150840,인트로메딕,5,120,14,49,74,1.0,10.0,41.12,9.66,35.44,68.92
25,323280,태성,5,120,14,49,74,1.0,10.0,41.12,81.42,42.44,64.55
25,216080,제테마,5,120,14,49,74,1.0,10.0,41.12,-1.91,38.11,63.89
25,299900,위지윅스튜디오,5,120,14,49,74,1.0,10.0,41.12,-52.61,40.29,63.29
25,200710,에이디테크놀로지,5,120,14,49,74,1.0,10.0,41.12,16.36,39.28,61.75
25,094170,동운아나텍,5,120,14,49,74,1.0,10.0,41.12,26.57,39.91,62.42
25,314930,바이오다인,5,120,14,49,74,1.0,10.0,41.12,102.13,38.5,61.67
25,206650,유바이오로직스,5,120,14,49,74,1.0,10.0,41.12,56.88,37.69,64.37
25,025980,아난티,5,120,14,49,74,1.0,10.0,41.12,23.6,38.55,62.6
25,297890,HB솔루션,5,120,14,49,74,1.0,10.0,41.12,24.72,39.97,65.11
25,080220,제주반도체,5,120,14,49,74,1.0,10.0,41.12,24.02,41.86,60.53
25,136510,스마트솔루션즈,5,120,14,49,74,1.0,10.0,41.12,39.91,43.75,66.42
25,064550,바이오니아,5,120,14,49,74,1.0,10.0,41.12,18.49,41.81,68.66
25,270520,지오릿에너지,5,120,14,49,74,1.0,10.0,41.12,226.76,43.44,65.85
25,065350,신성델타테크,5,120,14,49,74,1.0,10.0,41.12,28.66,41.39,59.31
25,065350,신성델타테크,5,120,14,44,79,1.0,10.0,40.99,28.66,41.39,59.31
25,298380,에이비엘바이오,5,120,14,44,79,1.0,10.0,40.99,88.68,42.05,66.02
25,064550,바이오니아,5,120,14,44,79,1.0,10.0,40.99,78.4,41.81,68.66
25,136510,스마트솔루션즈,5,120,14,44,79,1.0,10.0,40.99,33.37,43.75,66.42
25,080220,제주반도체,5,120,14,44,79,1.0,10.0,40.99,24.9,41.86,60.53
25,297890,HB솔루션,5,120,14,44,79,1.0,10.0,40.99,88.35,39.97,65.11
25,025980,아난티,5,120,14,44,79,1.0,10.0,40.99,41.79,38.55,62.6
25,206650,유바이오로직스,5,120,14,44,79,1.0,10.0,40.99,56.88,37.69,64.37
25,314930,바이오다인,5,120,14,44,79,1.0,10.0,40.99,54.09,38.5,61.67
25,094170,동운아나텍,5,120,14,44,79,1.0,10.0,40.99,46.74,39.91,62.42
25,200710,에이디테크놀로지,5,120,14,44,79,1.0,10.0,40.99,16.36,39.28,61.75
25,299900,위지윅스튜디오,5,120,14,44,79,1.0,10.0,40.99,-63.44,40.29,63.29
25,216080,제테마,5,120,14,44,79,1.0,10.0,40.99,-1.91,38.11,63.89
25,323280,태성,5,120,14,44,79,1.0,10.0,40.99,212.36,42.44,64.55
25,270520,지오릿에너지,5,120,14,44,79,1.0,10.0,40.99,138.33,43.44,65.85
25,150840,인트로메딕,5,120,14,44,79,1.0,10.0,40.99,9.66,35.44,68.92
25,117730,티로보틱스,5,120,14,44,79,1.0,10.0,40.99,51.13,35.56,63.32
25,093640,케이알엠,5,120,14,44,79,1.0,10.0,40.99,30.06,42.34,70.28
25,285490,노바텍,5,120,14,44,79,1.0,10.0,40.99,68.73,38.32,64.48
25,297090,씨에스베어링,5,120,14,44,79,1.0,10.0,40.99,-13.43,40.36,69.14
25,147830,제룡산업,5,120,14,44,79,1.0,10.0,40.99,35.07,41.19,61.55
25,093520,매커스,5,120,14,44,79,1.0,10.0,40.99,121.83,40.09,59.78
25,091440,한울소재과학,5,120,14,44,79,1.0,10.0,40.99,43.59,38.76,64.89
25,311320,지오엘리먼트,5,120,14,44,79,1.0,10.0,40.99,0.0,40.94,69.82
25,021080,에이티넘인베스트,5,120,14,44,79,1.0,10.0,40.99,6.58,35.58,64.04
25,014470,부방,5,120,14,44,79,1.0,10.0,40.99,-11.25,35.67,62.87
25,256940,케이피에스,5,120,14,44,79,1.0,10.0,40.99,49.52,37.2,64.5
25,186230,그린플러스,5,120,14,44,79,1.0,10.0,40.99,27.9,41.5,65.87
25,036120,SCI평가정보,5,120,14,44,79,1.0,10.0,40.99,25.64,37.18,67.07
25,320000,윈텍,5,120,14,44,79,1.0,10.0,40.99,30.39,40.95,66.22
25,094940,푸른기술,5,120,14,44,79,1.0,10.0,40.99,-18.1,38.49,69.62
25,087010,펩트론,5,120,14,44,79,1.0,10.0,40.99,10.85,42.49,67.26
25,320000,윈텍,5,60,14,44,79,1.0,10.0,38.83,31.37,40.95,66.22
25,094940,푸른기술,5,60,14,44,79,1.0,10.0,38.83,42.66,38.49,69.62
25,025980,아난티,5,60,14,44,79,1.0,10.0,38.83,45.72,38.55,62.6
25,150840,인트로메딕,5,60,14,44,79,1.0,10.0,38.83,13.44,35.44,68.92
25,087010,펩트론,5,60,14,44,79,1.0,10.0,38.83,7.46,42.49,67.26
25,064550,바이오니아,5,60,14,44,79,1.0,10.0,38.83,48.89,41.81,68.66
25,136510,스마트솔루션즈,5,60,14,44,79,1.0,10.0,38.83,33.37,43.75,66.42
25,080220,제주반도체,5,60,14,44,79,1.0,10.0,38.83,21.42,41.86,60.53
25,297890,HB솔루션,5,60,14,44,79,1.0,10.0,38.83,56.53,39.97,65.11
25,206650,유바이오로직스,5,60,14,44,79,1.0,10.0,38.83,-19.38,37.69,64.37
25,314930,바이오다인,5,60,14,44,79,1.0,10.0,38.83,56.94,38.5,61.67
25,094170,동운아나텍,5,60,14,44,79,1.0,10.0,38.83,33.98,39.91,62.42
25,200710,에이디테크놀로지,5,60,14,44,79,1.0,10.0,38.83,17.31,39.28,61.75
25,299900,위지윅스튜디오,5,60,14,44,79,1.0,10.0,38.83,30.9,40.29,63.29
25,216080,제테마,5,60,14,44,79,1.0,10.0,38.83,-10.97,38.11,63.89
25,323280,태성,5,60,14,44,79,1.0,10.0,38.83,192.29,42.44,64.55
25,270520,지오릿에너지,5,60,14,44,79,1.0,10.0,38.83,135.77,43.44,65.85
25,117730,티로보틱스,5,60,14,44,79,1.0,10.0,38.83,51.18,35.56,63.32
25,065350,신성델타테크,5,60,14,44,79,1.0,10.0,38.83,29.37,41.39,59.31
25,093640,케이알엠,5,60,14,44,79,1.0,10.0,38.83,31.24,42.34,70.28
25,285490,노바텍,5,60,14,44,79,1.0,10.0,38.83,83.84,38.32,64.48
25,297090,씨에스베어링,5,60,14,44,79,1.0,10.0,38.83,-10.83,40.36,69.14
25,147830,제룡산업,5,60,14,44,79,1.0,10.0,38.83,34.9,41.19,61.55
25,093520,매커스,5,60,14,44,79,1.0,10.0,38.83,122.28,40.09,59.78
25,091440,한울소재과학,5,60,14,44,79,1.0,10.0,38.83,30.97,38.76,64.89
25,311320,지오엘리먼트,5,60,14,44,79,1.0,10.0,38.83,0.0,40.94,69.82
25,021080,에이티넘인베스트,5,60,14,44,79,1.0,10.0,38.83,24.03,35.58,64.04
25,014470,부방,5,60,14,44,79,1.0,10.0,38.83,-10.53,35.67,62.87
25,256940,케이피에스,5,60,14,44,79,1.0,10.0,38.83,52.12,37.2,64.5
25,186230,그린플러스,5,60,14,44,79,1.0,10.0,38.83,27.95,41.5,65.87
25,036120,SCI평가정보,5,60,14,44,79,1.0,10.0,38.83,25.89,37.18,67.07
25,298380,에이비엘바이오,5,60,14,44,79,1.0,10.0,38.83,12.56,42.05,66.02
25,186230,그린플러스,5,120,14,49,64,1.0,10.0,37.55,29.31,41.5,65.87
25,036120,SCI평가정보,5,120,14,49,64,1.0,10.0,37.55,15.18,37.18,67.07
25,094940,푸른기술,5,120,14,49,64,1.0,10.0,37.55,35.36,38.49,69.62
25,216080,제테마,5,120,14,49,64,1.0,10.0,37.55,-1.91,38.11,63.89
25,256940,케이피에스,5,120,14,49,64,1.0,10.0,37.55,29.59,37.2,64.5
25,014470,부방,5,120,14,49,64,1.0,10.0,37.55,6.38,35.67,62.87
25,021080,에이티넘인베스트,5,120,14,49,64,1.0,10.0,37.55,56.74,35.58,64.04
25,311320,지오엘리먼트,5,120,14,49,64,1.0,10.0,37.55,-2.86,40.94,69.82
25,091440,한울소재과학,5,120,14,49,64,1.0,10.0,37.55,61.68,38.76,64.89
25,093520,매커스,5,120,14,49,64,1.0,10.0,37.55,146.08,40.09,59.78
25,147830,제룡산업,5,120,14,49,64,1.0,10.0,37.55,30.26,41.19,61.55
25,320000,윈텍,5,120,14,49,64,1.0,10.0,37.55,114.25,40.95,66.22
25,285490,노바텍,5,120,14,49,64,1.0,10.0,37.55,25.27,38.32,64.48
25,093640,케이알엠,5,120,14,49,64,1.0,10.0,37.55,18.97,42.34,70.28
25,117730,티로보틱스,5,120,14,49,64,1.0,10.0,37.55,58.76,35.56,63.32
25,150840,인트로메딕,5,120,14,49,64,1.0,10.0,37.55,2.46,35.44,68.92
25,270520,지오릿에너지,5,120,14,49,64,1.0,10.0,37.55,182.51,43.44,65.85
25,323280,태성,5,120,14,49,64,1.0,10.0,37.55,62.05,42.44,64.55
25,297090,씨에스베어링,5,120,14,49,64,1.0,10.0,37.55,-13.43,40.36,69.14
25,299900,위지윅스튜디오,5,120,14,49,64,1.0,10.0,37.55,-52.61,40.29,63.29
25,080220,제주반도체,5,120,14,49,64,1.0,10.0,37.55,23.15,41.86,60.53
25,200710,에이디테크놀로지,5,120,14,49,64,1.0,10.0,37.55,18.17,39.28,61.75
25,298380,에이비엘바이오,5,120,14,49,64,1.0,10.0,37.55,16.87,42.05,66.02
25,087010,펩트론,5,120,14,49,64,1.0,10.0,37.55,10.67,42.49,67.26
25,064550,바이오니아,5,120,14,49,64,1.0,10.0,37.55,19.55,41.81,68.66
25,136510,스마트솔루션즈,5,120,14,49,64,1.0,10.0,37.55,34.65,43.75,66.42
25,065350,신성델타테크,5,120,14,49,64,1.0,10.0,37.55,43.25,41.39,59.31
25,025980,아난티,5,120,14,49,64,1.0,10.0,37.55,7.02,38.55,62.6
25,206650,유바이오로직스,5,120,14,49,64,1.0,10.0,37.55,56.88,37.69,64.37
25,314930,바이오다인,5,120,14,49,64,1.0,10.0,37.55,69.59,38.5,61.67
25,094170,동운아나텍,5,120,14,49,64,1.0,10.0,37.55,62.87,39.91,62.42
25,297890,HB솔루션,5,120,14,49,64,1.0,10.0,37.55,34.92,39.97,65.11
25,150840,인트로메딕,5,60,14,49,69,1.0,10.0,35.05,3.28,35.44,68.92
25,311320,지오엘리먼트,5,60,14,49,69,1.0,10.0,35.05,-0.93,40.94,69.82
25,093640,케이알엠,5,60,14,49,69,1.0,10.0,35.05,40.47,42.34,70.28
25,285490,노바텍,5,60,14,49,69,1.0,10.0,35.05,83.84,38.32,64.48
25,297090,씨에스베어링,5,60,14,49,69,1.0,10.0,35.05,-10.83,40.36,69.14
25,147830,제룡산업,5,60,14,49,69,1.0,10.0,35.05,11.12,41.19,61.55
25,093520,매커스,5,60,14,49,69,1.0,10.0,35.05,39.76,40.09,59.78
25,091440,한울소재과학,5,60,14,49,69,1.0,10.0,35.05,45.06,38.76,64.89
25,256940,케이피에스,5,60,14,49,69,1.0,10.0,35.05,6.64,37.2,64.5
25,021080,에이티넘인베스트,5,60,14,49,69,1.0,10.0,35.05,55.09,35.58,64.04
25,014470,부방,5,60,14,49,69,1.0,10.0,35.05,-1.21,35.67,62.87
25,186230,그린플러스,5,60,14,49,69,1.0,10.0,35.05,15.46,41.5,65.87
25,036120,SCI평가정보,5,60,14,49,69,1.0,10.0,35.05,19.58,37.18,67.07
25,320000,윈텍,5,60,14,49,69,1.0,10.0,35.05,90.12,40.95,66.22
25,094940,푸른기술,5,60,14,49,69,1.0,10.0,35.05,27.19,38.49,69.62
25,117730,티로보틱스,5,60,14,49,69,1.0,10.0,35.05,112.15,35.56,63.32
25,298380,에이비엘바이오,5,60,14,49,69,1.0,10.0,35.05,12.56,42.05,66.02
25,270520,지오릿에너지,5,60,14,49,69,1.0,10.0,35.05,155.57,43.44,65.85
25,025980,아난티,5,60,14,49,69,1.0,10.0,35.05,19.2,38.55,62.6
25,065350,신성델타테크,5,60,14,49,69,1.0,10.0,35.05,43.4,41.39,59.31
25,087010,펩트론,5,60,14,49,69,1.0,10.0,35.05,6.4,42.49,67.26
25,064550,바이오니아,5,60,14,49,69,1.0,10.0,35.05,19.17,41.81,68.66
25,136510,스마트솔루션즈,5,60,14,49,69,1.0,10.0,35.05,31.77,43.75,66.42
25,297890,HB솔루션,5,60,14,49,69,1.0,10.0,35.05,27.64,39.97,65.11
25,080220,제주반도체,5,60,14,49,69,1.0,10.0,35.05,34.13,41.86,60.53
25,206650,유바이오로직스,5,60,14,49,69,1.0,10.0,35.05,31.31,37.69,64.37
25,314930,바이오다인,5,60,14,49,69,1.0,10.0,35.05,107.99,38.5,61.67
25,094170,동운아나텍,5,60,14,49,69,1.0,10.0,35.05,46.23,39.91,62.42
25,200710,에이디테크놀로지,5,60,14,49,69,1.0,10.0,35.05,25.33,39.28,61.75
25,299900,위지윅스튜디오,5,60,14,49,69,1.0,10.0,35.05,-15.16,40.29,63.29
25,216080,제테마,5,60,14,49,69,1.0,10.0,35.05,-10.97,38.11,63.89
25,323280,태성,5,60,14,49,69,1.0,10.0,35.05,50.36,42.44,64.55
25,091440,한울소재과학,5,60,14,49,74,1.0,10.0,33.44,48.04,38.76,64.89
25,093640,케이알엠,5,60,14,49,74,1.0,10.0,33.44,23.2,42.34,70.28
25,285490,노바텍,5,60,14,49,74,1.0,10.0,33.44,83.84,38.32,64.48
25,297090,씨에스베어링,5,60,14,49,74,1.0,10.0,33.44,-10.83,40.36,69.14
25,147830,제룡산업,5,60,14,49,74,1.0,10.0,33.44,26.2,41.19,61.55
25,093520,매커스,5,60,14,49,74,1.0,10.0,33.44,29.55,40.09,59.78
25,320000,윈텍,5,60,14,49,74,1.0,10.0,33.44,90.12,40.95,66.22
25,311320,지오엘리먼트,5,60,14,49,74,1.0,10.0,33.44,-0.93,40.94,69.82
25,021080,에이티넘인베스트,5,60,14,49,74,1.0,10.0,33.44,36.18,35.58,64.04
25,014470,부방,5,60,14,49,74,1.0,10.0,33.44,-1.21,35.67,62.87
25,256940,케이피에스,5,60,14,49,74,1.0,10.0,33.44,9.63,37.2,64.5
25,186230,그린플러스,5,60,14,49,74,1.0,10.0,33.44,20.07,41.5,65.87
25,036120,SCI평가정보,5,60,14,49,74,1.0,10.0,33.44,25.97,37.18,67.07
25,150840,인트로메딕,5,60,14,49,74,1.0,10.0,33.44,10.12,35.44,68.92
25,117730,티로보틱스,5,60,14,49,74,1.0,10.0,33.44,113.44,35.56,63.32
25,206650,유바이오로직스,5,60,14,49,74,1.0,10.0,33.44,31.31,37.69,64.37
25,270520,지오릿에너지,5,60,14,49,74,1.0,10.0,33.44,155.57,43.44,65.85
25,323280,태성,5,60,14,49,74,1.0,10.0,33.44,50.36,42.44,64.55
25,216080,제테마,5,60,14,49,74,1.0,10.0,33.44,-10.97,38.11,63.89
25,299900,위지윅스튜디오,5,60,14,49,74,1.0,10.0,33.44,-15.16,40.29,63.29
25,200710,에이디테크놀로지,5,60,14,49,74,1.0,10.0,33.44,17.31,39.28,61.75
25,094170,동운아나텍,5,60,14,49,74,1.0,10.0,33.44,27.58,39.91,62.42
25,314930,바이오다인,5,60,14,49,74,1.0,10.0,33.44,107.99,38.5,61.67
25,025980,아난티,5,60,14,49,74,1.0,10.0,33.44,29.11,38.55,62.6
25,297890,HB솔루션,5,60,14,49,74,1.0,10.0,33.44,19.1,39.97,65.11
25,080220,제주반도체,5,60,14,49,74,1.0,10.0,33.44,28.81,41.86,60.53
25,136510,스마트솔루션즈,5,60,14,49,74,1.0,10.0,33.44,37.07,43.75,66.42
25,064550,바이오니아,5,60,14,49,74,1.0,10.0,33.44,22.08,41.81,68.66
25,087010,펩트론,5,60,14,49,74,1.0,10.0,33.44,-0.34,42.49,67.26
25,298380,에이비엘바이오,5,60,14,49,74,1.0,10.0,33.44,12.56,42.05,66.02
25,065350,신성델타테크,5,60,14,49,74,1.0,10.0,33.44,27.23,41.39,59.31
25,094940,푸른기술,5,60,14,49,74,1.0,10.0,33.44,27.19,38.49,69.62
25,094940,푸른기술,5,120,14,49,79,1.0,10.0,32.05,48.23,38.49,69.62
25,298380,에이비엘바이오,5,120,14,49,79,1.0,10.0,32.05,9.01,42.05,66.02
25,150840,인트로메딕,5,120,14,49,79,1.0,10.0,32.05,9.66,35.44,68.92
25,065350,신성델타테크,5,120,14,49,79,1.0,10.0,32.05,28.66,41.39,59.31
25,087010,펩트론,5,120,14,49,79,1.0,10.0,32.05,10.85,42.49,67.26
25,064550,바이오니아,5,120,14,49,79,1.0,10.0,32.05,29.31,41.81,68.66
25,136510,스마트솔루션즈,5,120,14,49,79,1.0,10.0,32.05,33.37,43.75,66.42
25,080220,제주반도체,5,120,14,49,79,1.0,10.0,32.05,18.5,41.86,60.53
25,297890,HB솔루션,5,120,14,49,79,1.0,10.0,32.05,24.72,39.97,65.11
25,025980,아난티,5,120,14,49,79,1.0,10.0,32.05,38.76,38.55,62.6
25,206650,유바이오로직스,5,120,14,49,79,1.0,10.0,32.05,56.88,37.69,64.37
25,094170,동운아나텍,5,120,14,49,79,1.0,10.0,32.05,32.96,39.91,62.42
25,200710,에이디테크놀로지,5,120,14,49,79,1.0,10.0,32.05,16.36,39.28,61.75
25,299900,위지윅스튜디오,5,120,14,49,79,1.0,10.0,32.05,-52.61,40.29,63.29
25,216080,제테마,5,120,14,49,79,1.0,10.0,32.05,-1.91,38.11,63.89
25,323280,태성,5,120,14,49,79,1.0,10.0,32.05,104.49,42.44,64.55
25,270520,지오릿에너지,5,120,14,49,79,1.0,10.0,32.05,138.33,43.44,65.85
25,314930,바이오다인,5,120,14,49,79,1.0,10.0,32.05,54.09,38.5,61.67
25,117730,티로보틱스,5,120,14,49,79,1.0,10.0,32.05,51.13,35.56,63.32
25,311320,지오엘리먼트,5,120,14,49,79,1.0,10.0,32.05,-2.86,40.94,69.82
25,093640,케이알엠,5,120,14,49,79,1.0,10.0,32.05,21.01,42.34,70.28
25,036120,SCI평가정보,5,120,14,49,79,1.0,10.0,32.05,24.2,37.18,67.07
25,186230,그린플러스,5,120,14,49,79,1.0,10.0,32.05,24.17,41.5,65.87
25,256940,케이피에스,5,120,14,49,79,1.0,10.0,32.05,49.52,37.2,64.5
25,014470,부방,5,120,14,49,79,1.0,10.0,32.05,2.81,35.67,62.87
25,021080,에이티넘인베스트,5,120,14,49,79,1.0,10.0,32.05,29.78,35.58,64.04
25,320000,윈텍,5,120,14,49,79,1.0,10.0,32.05,30.39,40.95,66.22
25,091440,한울소재과학,5,120,14,49,79,1.0,10.0,32.05,43.59,38.76,64.89
25,093520,매커스,5,120,14,49,79,1.0,10.0,32.05,69.73,40.09,59.78
25,147830,제룡산업,5,120,14,49,79,1.0,10.0,32.05,27.27,41.19,61.55
25,297090,씨에스베어링,5,120,14,49,79,1.0,10.0,32.05,-13.43,40.36,69.14
25,285490,노바텍,5,120,14,49,79,1.0,10.0,32.05,68.73,38.32,64.48
25,025980,아난티,5,60,14,49,59,1.0,10.0,31.95,15.28,38.55,62.6
25,216080,제테마,5,60,14,49,59,1.0,10.0,31.95,-10.97,38.11,63.89
25,299900,위지윅스튜디오,5,60,14,49,59,1.0,10.0,31.95,-29.02,40.29,63.29
25,200710,에이디테크놀로지,5,60,14,49,59,1.0,10.0,31.95,17.06,39.28,61.75
25,094170,동운아나텍,5,60,14,49,59,1.0,10.0,31.95,43.16,39.91,62.42
25,314930,바이오다인,5,60,14,49,59,1.0,10.0,31.95,75.3,38.5,61.67
25,206650,유바이오로직스,5,60,14,49,59,1.0,10.0,31.95,-9.2,37.69,64.37
25,080220,제주반도체,5,60,14,49,59,1.0,10.0,31.95,23.71,41.86,60.53
25,297890,HB솔루션,5,60,14,49,59,1.0,10.0,31.95,13.85,39.97,65.11
25,270520,지오릿에너지,5,60,14,49,59,1.0,10.0,31.95,100.21,43.44,65.85
25,136510,스마트솔루션즈,5,60,14,49,59,1.0,10.0,31.95,40.7,43.75,66.42
25,064550,바이오니아,5,60,14,49,59,1.0,10.0,31.95,25.31,41.81,68.66
25,087010,펩트론,5,60,14,49,59,1.0,10.0,31.95,-6.38,42.49,67.26
25,298380,에이비엘바이오,5,60,14,49,59,1.0,10.0,31.95,22.59,42.05,66.02
25,323280,태성,5,60,14,49,59,1.0,10.0,31.95,33.08,42.44,64.55
25,094940,푸른기술,5,60,14,49,59,1.0,10.0,31.95,17.02,38.49,69.62
25,150840,인트로메딕,5,60,14,49,59,1.0,10.0,31.95,-0.55,35.44,68.92
25,117730,티로보틱스,5,60,14,49,59,1.0,10.0,31.95,38.39,35.56,63.32
25,093640,케이알엠,5,60,14,49,59,1.0,10.0,31.95,88.75,42.34,70.28
25,285490,노바텍,5,60,14,49,59,1.0,10.0,31.95,83.41,38.32,64.48
25,297090,씨에스베어링,5,60,14,49,59,1.0,10.0,31.95,17.77,40.36,69.14
25,147830,제룡산업,5,60,14,49,59,1.0,10.0,31.95,21.76,41.19,61.55
25,093520,매커스,5,60,14,49,59,1.0,10.0,31.95,109.2,40.09,59.78
25,091440,한울소재과학,5,60,14,49,59,1.0,10.0,31.95,118.07,38.76,64.89
25,311320,지오엘리먼트,5,60,14,49,59,1.0,10.0,31.95,-0.93,40.94,69.82
25,021080,에이티넘인베스트,5,60,14,49,59,1.0,10.0,31.95,8.88,35.58,64.04
25,014470,부방,5,60,14,49,59,1.0,10.0,31.95,5.52,35.67,62.87
25,256940,케이피에스,5,60,14,49,59,1.0,10.0,31.95,-10.66,37.2,64.5
25,186230,그린플러스,5,60,14,49,59,1.0,10.0,31.95,48.99,41.5,65.87
25,036120,SCI평가정보,5,60,14,49,59,1.0,10.0,31.95,23.13,37.18,67.07
25,320000,윈텍,5,60,14,49,59,1.0,10.0,31.95,67.19,40.95,66.22
25,065350,신성델타테크,5,60,14,49,59,1.0,10.0,31.95,31.83,41.39,59.31
25,150840,인트로메딕,5,60,14,49,64,1.0,10.0,30.81,3.28,35.44,68.92
25,298380,에이비엘바이오,5,60,14,49,64,1.0,10.0,30.81,23.09,42.05,66.02
25,117730,티로보틱스,5,60,14,49,64,1.0,10.0,30.81,90.96,35.56,63.32
25,065350,신성델타테크,5,60,14,49,64,1.0,10.0,30.81,40.58,41.39,59.31
25,087010,펩트론,5,60,14,49,64,1.0,10.0,30.81,6.4,42.49,67.26
25,064550,바이오니아,5,60,14,49,64,1.0,10.0,30.81,20.61,41.81,68.66
25,136510,스마트솔루션즈,5,60,14,49,64,1.0,10.0,30.81,31.77,43.75,66.42
25,080220,제주반도체,5,60,14,49,64,1.0,10.0,30.81,21.34,41.86,60.53
25,297890,HB솔루션,5,60,14,49,64,1.0,10.0,30.81,27.64,39.97,65.11
25,025980,아난티,5,60,14,49,64,1.0,10.0,30.81,13.33,38.55,62.6
25,206650,유바이오로직스,5,60,14,49,64,1.0,10.0,30.81,31.31,37.69,64.37
25,094170,동운아나텍,5,60,14,49,64,1.0,10.0,30.81,57.19,39.91,62.42
25,200710,에이디테크놀로지,5,60,14,49,64,1.0,10.0,30.81,21.45,39.28,61.75
25,299900,위지윅스튜디오,5,60,14,49,64,1.0,10.0,30.81,-15.16,40.29,63.29
25,216080,제테마,5,60,14,49,64,1.0,10.0,30.81,-10.97,38.11,63.89
25,323280,태성,5,60,14,49,64,1.0,10.0,30.81,35.46,42.44,64.55
25,270520,지오릿에너지,5,60,14,49,64,1.0,10.0,30.81,94.81,43.44,65.85
25,314930,바이오다인,5,60,14,49,64,1.0,10.0,30.81,75.3,38.5,61.67
25,093640,케이알엠,5,60,14,49,64,1.0,10.0,30.81,35.23,42.34,70.28
25,021080,에이티넘인베스트,5,60,14,49,64,1.0,10.0,30.81,55.09,35.58,64.04
25,285490,노바텍,5,60,14,49,64,1.0,10.0,30.81,41.35,38.32,64.48
25,320000,윈텍,5,60,14,49,64,1.0,10.0,30.81,51.48,40.95,66.22
25,036120,SCI평가정보,5,60,14,49,64,1.0,10.0,30.81,17.58,37.18,67.07
25,186230,그린플러스,5,60,14,49,64,1.0,10.0,30.81,36.33,41.5,65.87
25,014470,부방,5,60,14,49,64,1.0,10.0,30.81,4.86,35.67,62.87
25,256940,케이피에스,5,60,14,49,64,1.0,10.0,30.81,6.64,37.2,64.5
25,311320,지오엘리먼트,5,60,14,49,64,1.0,10.0,30.81,-0.93,40.94,69.82
25,094940,푸른기술,5,60,14,49,64,1.0,10.0,30.81,27.19,38.49,69.62
25,091440,한울소재과학,5,60,14,49,64,1.0,10.0,30.81,63.3,38.76,64.89
25,093520,매커스,5,60,14,49,64,1.0,10.0,30.81,67.0,40.09,59.78
25,147830,제룡산업,5,60,14,49,64,1.0,10.0,30.81,23.19,41.19,61.55
25,297090,씨에스베어링,5,60,14,49,64,1.0,10.0,30.81,-10.83,40.36,69.14
25,093520,매커스,5,60,14,34,74,1.0,10.0,30.47,0.0,40.09,59.78
25,117730,티로보틱스,5,60,14,34,74,1.0,10.0,30.47,0.0,35.56,63.32
25,093640,케이알엠,5,60,14,34,74,1.0,10.0,30.47,0.0,42.34,70.28
25,285490,노바텍,5,60,14,34,74,1.0,10.0,30.47,0.0,38.32,64.48
25,297090,씨에스베어링,5,60,14,34,74,1.0,10.0,30.47,0.0,40.36,69.14
25,147830,제룡산업,5,60,14,34,74,1.0,10.0,30.47,0.0,41.19,61.55
25,036120,SCI평가정보,5,60,14,34,74,1.0,10.0,30.47,0.0,37.18,67.07
25,091440,한울소재과학,5,60,14,34,74,1.0,10.0,30.47,205.7,38.76,64.89
25,311320,지오엘리먼트,5,60,14,34,74,1.0,10.0,30.47,0.0,40.94,69.82
25,021080,에이티넘인베스트,5,60,14,34,74,1.0,10.0,30.47,0.0,35.58,64.04
25,014470,부방,5,60,14,34,74,1.0,10.0,30.47,0.0,35.67,62.87
25,256940,케이피에스,5,60,14,34,74,1.0,10.0,30.47,0.0,37.2,64.5
25,186230,그린플러스,5,60,14,34,74,1.0,10.0,30.47,0.0,41.5,65.87
25,323280,태성,5,60,14,34,74,1.0,10.0,30.47,155.22,42.44,64.55
25,270520,지오릿에너지,5,60,14,34,74,1.0,10.0,30.47,320.53,43.44,65.85
25,150840,인트로메딕,5,60,14,34,74,1.0,10.0,30.47,0.0,35.44,68.92
25,216080,제테마,5,60,14,34,74,1.0,10.0,30.47,0.0,38.11,63.89
25,299900,위지윅스튜디오,5,60,14,34,74,1.0,10.0,30.47,0.0,40.29,63.29
25,200710,에이디테크놀로지,5,60,14,34,74,1.0,10.0,30.47,0.0,39.28,61.75
25,094170,동운아나텍,5,60,14,34,74,1.0,10.0,30.47,0.0,39.91,62.42
25,314930,바이오다인,5,60,14,34,74,1.0,10.0,30.47,107.99,38.5,61.67
25,206650,유바이오로직스,5,60,14,34,74,1.0,10.0,30.47,0.0,37.69,64.37
25,025980,아난티,5,60,14,34,74,1.0,10.0,30.47,82.11,38.55,62.6
25,297890,HB솔루션,5,60,14,34,74,1.0,10.0,30.47,0.0,39.97,65.11
25,080220,제주반도체,5,60,14,34,74,1.0,10.0,30.47,0.0,41.86,60.53
25,136510,스마트솔루션즈,5,60,14,34,74,1.0,10.0,30.47,0.0,43.75,66.42
25,064550,바이오니아,5,60,14,34,74,1.0,10.0,30.47,77.11,41.81,68.66
25,087010,펩트론,5,60,14,34,74,1.0,10.0,30.47,15.93,42.49,67.26
25,298380,에이비엘바이오,5,60,14,34,74,1.0,10.0,30.47,0.0,42.05,66.02
25,065350,신성델타테크,5,60,14,34,74,1.0,10.0,30.47,10.52,41.39,59.31
25,094940,푸른기술,5,60,14,34,74,1.0,10.0,30.47,0.0,38.49,69.62
25,320000,윈텍,5,60,14,34,74,1.0,10.0,30.47,0.0,40.95,66.22
25,065350,신성델타테크,5,60,14,34,69,1.0,10.0,30.06,-0.57,41.39,59.31
25,298380,에이비엘바이오,5,60,14,34,69,1.0,10.0,30.06,0.0,42.05,66.02
25,094940,푸른기술,5,60,14,34,69,1.0,10.0,30.06,0.0,38.49,69.62
25,087010,펩트론,5,60,14,34,69,1.0,10.0,30.06,15.93,42.49,67.26
25,064550,바이오니아,5,60,14,34,69,1.0,10.0,30.06,69.84,41.81,68.66
25,136510,스마트솔루션즈,5,60,14,34,69,1.0,10.0,30.06,0.0,43.75,66.42
25,080220,제주반도체,5,60,14,34,69,1.0,10.0,30.06,0.0,41.86,60.53
25,297890,HB솔루션,5,60,14,34,69,1.0,10.0,30.06,0.0,39.97,65.11
25,025980,아난티,5,60,14,34,69,1.0,10.0,30.06,76.75,38.55,62.6
25,206650,유바이오로직스,5,60,14,34,69,1.0,10.0,30.06,0.0,37.69,64.37
25,314930,바이오다인,5,60,14,34,69,1.0,10.0,30.06,107.99,38.5,61.67
25,094170,동운아나텍,5,60,14,34,69,1.0,10.0,30.06,0.0,39.91,62.42
25,200710,에이디테크놀로지,5,60,14,34,69,1.0,10.0,30.06,0.0,39.28,61.75
25,299900,위지윅스튜디오,5,60,14,34,69,1.0,10.0,30.06,0.0,40.29,63.29
25,216080,제테마,5,60,14,34,69,1.0,10.0,30.06,0.0,38.11,63.89
25,323280,태성,5,60,14,34,69,1.0,10.0,30.06,155.22,42.44,64.55
25,270520,지오릿에너지,5,60,14,34,69,1.0,10.0,30.06,320.53,43.44,65.85
25,150840,인트로메딕,5,60,14,34,69,1.0,10.0,30.06,0.0,35.44,68.92
25,117730,티로보틱스,5,60,14,34,69,1.0,10.0,30.06,0.0,35.56,63.32
25,093640,케이알엠,5,60,14,34,69,1.0,10.0,30.06,0.0,42.34,70.28
25,285490,노바텍,5,60,14,34,69,1.0,10.0,30.06,0.0,38.32,64.48
25,297090,씨에스베어링,5,60,14,34,69,1.0,10.0,30.06,0.0,40.36,69.14
25,147830,제룡산업,5,60,14,34,69,1.0,10.0,30.06,0.0,41.19,61.55
25,093520,매커스,5,60,14,34,69,1.0,10.0,30.06,0.0,40.09,59.78
25,091440,한울소재과학,5,60,14,34,69,1.0,10.0,30.06,216.37,38.76,64.89
25,311320,지오엘리먼트,5,60,14,34,69,1.0,10.0,30.06,0.0,40.94,69.82
25,021080,에이티넘인베스트,5,60,14,34,69,1.0,10.0,30.06,0.0,35.58,64.04
25,014470,부방,5,60,14,34,69,1.0,10.0,30.06,0.0,35.67,62.87
25,256940,케이피에스,5,60,14,34,69,1.0,10.0,30.06,0.0,37.2,64.5
25,186230,그린플러스,5,60,14,34,69,1.0,10.0,30.06,0.0,41.5,65.87
25,036120,SCI평가정보,5,60,14,34,69,1.0,10.0,30.06,0.0,37.18,67.07
25,320000,윈텍,5,60,14,34,69,1.0,10.0,30.06,0.0,40.95,66.22
25,087010,펩트론,5,60,14,49,79,1.0,10.0,27.67,7.46,42.49,67.26
25,298380,에이비엘바이오,5,60,14,49,79,1.0,10.0,27.67,12.56,42.05,66.02
25,311320,지오엘리먼트,5,60,14,49,79,1.0,10.0,27.67,-0.93,40.94,69.82
25,117730,티로보틱스,5,60,14,49,79,1.0,10.0,27.67,51.18,35.56,63.32
25,065350,신성델타테크,5,60,14,49,79,1.0,10.0,27.67,27.23,41.39,59.31
25,094940,푸른기술,5,60,14,49,79,1.0,10.0,27.67,37.3,38.49,69.62
25,320000,윈텍,5,60,14,49,79,1.0,10.0,27.67,16.42,40.95,66.22
25,036120,SCI평가정보,5,60,14,49,79,1.0,10.0,27.67,23.09,37.18,67.07
25,186230,그린플러스,5,60,14,49,79,1.0,10.0,27.67,23.92,41.5,65.87
25,256940,케이피에스,5,60,14,49,79,1.0,10.0,27.67,20.11,37.2,64.5
25,014470,부방,5,60,14,49,79,1.0,10.0,27.67,2.34,35.67,62.87
25,021080,에이티넘인베스트,5,60,14,49,79,1.0,10.0,27.67,36.18,35.58,64.04
25,091440,한울소재과학,5,60,14,49,79,1.0,10.0,27.67,30.97,38.76,64.89
25,093520,매커스,5,60,14,49,79,1.0,10.0,27.67,33.16,40.09,59.78
25,147830,제룡산업,5,60,14,49,79,1.0,10.0,27.67,25.78,41.19,61.55
25,285490,노바텍,5,60,14,49,79,1.0,10.0,27.67,83.84,38.32,64.48
25,093640,케이알엠,5,60,14,49,79,1.0,10.0,27.67,24.93,42.34,70.28
25,297090,씨에스베어링,5,60,14,49,79,1.0,10.0,27.67,-10.83,40.36,69.14
25,150840,인트로메딕,5,60,14,49,79,1.0,10.0,27.67,10.12,35.44,68.92
25,314930,바이오다인,5,60,14,49,79,1.0,10.0,27.67,56.94,38.5,61.67
25,064550,바이오니아,5,60,14,49,79,1.0,10.0,27.67,32.69,41.81,68.66
25,136510,스마트솔루션즈,5,60,14,49,79,1.0,10.0,27.67,33.37,43.75,66.42
25,080220,제주반도체,5,60,14,49,79,1.0,10.0,27.67,18.61,41.86,60.53
25,297890,HB솔루션,5,60,14,49,79,1.0,10.0,27.67,19.1,39.97,65.11
25,270520,지오릿에너지,5,60,14,49,79,1.0,10.0,27.67,90.93,43.44,65.85
25,206650,유바이오로직스,5,60,14,49,79,1.0,10.0,27.67,31.31,37.69,64.37
25,025980,아난티,5,60,14,49,79,1.0,10.0,27.67,44.12,38.55,62.6
25,094170,동운아나텍,5,60,14,49,79,1.0,10.0,27.67,33.98,39.91,62.42
25,200710,에이디테크놀로지,5,60,14,49,79,1.0,10.0,27.67,17.31,39.28,61.75
25,299900,위지윅스튜디오,5,60,14,49,79,1.0,10.0,27.67,-2.63,40.29,63.29
25,216080,제테마,5,60,14,49,79,1.0,10.0,27.67,-10.97,38.11,63.89
25,323280,태성,5,60,14,49,79,1.0,10.0,27.67,65.86,42.44,64.55
25,093640,케이알엠,5,60,14,34,79,1.0,10.0,26.45,0.0,42.34,70.28
25,021080,에이티넘인베스트,5,60,14,34,79,1.0,10.0,26.45,0.0,35.58,64.04
25,285490,노바텍,5,60,14,34,79,1.0,10.0,26.45,0.0,38.32,64.48
25,297090,씨에스베어링,5,60,14,34,79,1.0,10.0,26.45,0.0,40.36,69.14
25,147830,제룡산업,5,60,14,34,79,1.0,10.0,26.45,0.0,41.19,61.55
25,093520,매커스,5,60,14,34,79,1.0,10.0,26.45,0.0,40.09,59.78
25,091440,한울소재과학,5,60,14,34,79,1.0,10.0,26.45,238.47,38.76,64.89
25,311320,지오엘리먼트,5,60,14,34,79,1.0,10.0,26.45,0.0,40.94,69.82
25,323280,태성,5,60,14,34,79,1.0,10.0,26.45,192.29,42.44,64.55
25,014470,부방,5,60,14,34,79,1.0,10.0,26.45,0.0,35.67,62.87
25,256940,케이피에스,5,60,14,34,79,1.0,10.0,26.45,0.0,37.2,64.5
25,186230,그린플러스,5,60,14,34,79,1.0,10.0,26.45,0.0,41.5,65.87
25,036120,SCI평가정보,5,60,14,34,79,1.0,10.0,26.45,0.0,37.18,67.07
25,320000,윈텍,5,60,14,34,79,1.0,10.0,26.45,0.0,40.95,66.22
25,094940,푸른기술,5,60,14,34,79,1.0,10.0,26.45,0.0,38.49,69.62
25,150840,인트로메딕,5,60,14,34,79,1.0,10.0,26.45,0.0,35.44,68.92
25,117730,티로보틱스,5,60,14,34,79,1.0,10.0,26.45,0.0,35.56,63.32
25,297890,HB솔루션,5,60,14,34,79,1.0,10.0,26.45,0.0,39.97,65.11
25,270520,지오릿에너지,5,60,14,34,79,1.0,10.0,26.45,135.77,43.44,65.85
25,025980,아난티,5,60,14,34,79,1.0,10.0,26.45,92.95,38.55,62.6
25,065350,신성델타테크,5,60,14,34,79,1.0,10.0,26.45,10.52,41.39,59.31
25,087010,펩트론,5,60,14,34,79,1.0,10.0,26.45,32.19,42.49,67.26
25,064550,바이오니아,5,60,14,34,79,1.0,10.0,26.45,87.4,41.81,68.66
25,136510,스마트솔루션즈,5,60,14,34,79,1.0,10.0,26.45,0.0,43.75,66.42
25,080220,제주반도체,5,60,14,34,79,1.0,10.0,26.45,0.0,41.86,60.53
25,298380,에이비엘바이오,5,60,14,34,79,1.0,10.0,26.45,0.0,42.05,66.02
25,206650,유바이오로직스,5,60,14,34,79,1.0,10.0,26.45,0.0,37.69,64.37
25,314930,바이오다인,5,60,14,34,79,1.0,10.0,26.45,56.94,38.5,61.67
25,094170,동운아나텍,5,60,14,34,79,1.0,10.0,26.45,0.0,39.91,62.42
25,200710,에이디테크놀로지,5,60,14,34,79,1.0,10.0,26.45,0.0,39.28,61.75
25,299900,위지윅스튜디오,5,60,14,34,79,1.0,10.0,26.45,0.0,40.29,63.29
25,216080,제테마,5,60,14,34,79,1.0,10.0,26.45,0.0,38.11,63.89
25,091440,한울소재과학,5,120,14,34,74,1.0,10.0,16.68,0.0,38.76,64.89
25,150840,인트로메딕,5,120,14,34,74,1.0,10.0,16.68,0.0,35.44,68.92
25,093640,케이알엠,5,120,14,34,74,1.0,10.0,16.68,0.0,42.34,70.28
25,285490,노바텍,5,120,14,34,74,1.0,10.0,16.68,0.0,38.32,64.48
25,297090,씨에스베어링,5,120,14,34,74,1.0,10.0,16.68,0.0,40.36,69.14
25,147830,제룡산업,5,120,14,34,74,1.0,10.0,16.68,0.0,41.19,61.55
25,093520,매커스,5,120,14,34,74,1.0,10.0,16.68,0.0,40.09,59.78
25,014470,부방,5,120,14,34,74,1.0,10.0,16.68,0.0,35.67,62.87
25,311320,지오엘리먼트,5,120,14,34,74,1.0,10.0,16.68,0.0,40.94,69.82
25,021080,에이티넘인베스트,5,120,14,34,74,1.0,10.0,16.68,0.0,35.58,64.04
25,323280,태성,5,120,14,34,74,1.0,10.0,16.68,258.99,42.44,64.55
25,256940,케이피에스,5,120,14,34,74,1.0,10.0,16.68,0.0,37.2,64.5
25,186230,그린플러스,5,120,14,34,74,1.0,10.0,16.68,0.0,41.5,65.87
25,036120,SCI평가정보,5,120,14,34,74,1.0,10.0,16.68,0.0,37.18,67.07
25,270520,지오릿에너지,5,120,14,34,74,1.0,10.0,16.68,0.0,43.44,65.85
25,117730,티로보틱스,5,120,14,34,74,1.0,10.0,16.68,0.0,35.56,63.32
25,216080,제테마,5,120,14,34,74,1.0,10.0,16.68,0.0,38.11,63.89
25,299900,위지윅스튜디오,5,120,14,34,74,1.0,10.0,16.68,0.0,40.29,63.29
25,200710,에이디테크놀로지,5,120,14,34,74,1.0,10.0,16.68,0.0,39.28,61.75
25,094170,동운아나텍,5,120,14,34,74,1.0,10.0,16.68,0.0,39.91,62.42
25,314930,바이오다인,5,120,14,34,74,1.0,10.0,16.68,102.13,38.5,61.67
25,206650,유바이오로직스,5,120,14,34,74,1.0,10.0,16.68,0.0,37.69,64.37
25,025980,아난티,5,120,14,34,74,1.0,10.0,16.68,62.69,38.55,62.6
25,297890,HB솔루션,5,120,14,34,74,1.0,10.0,16.68,0.0,39.97,65.11
25,080220,제주반도체,5,120,14,34,74,1.0,10.0,16.68,0.0,41.86,60.53
25,136510,스마트솔루션즈,5,120,14,34,74,1.0,10.0,16.68,0.0,43.75,66.42
25,064550,바이오니아,5,120,14,34,74,1.0,10.0,16.68,99.85,41.81,68.66
25,087010,펩트론,5,120,14,34,74,1.0,10.0,16.68,0.0,42.49,67.26
25,298380,에이비엘바이오,5,120,14,34,74,1.0,10.0,16.68,0.0,42.05,66.02
25,094940,푸른기술,5,120,14,34,74,1.0,10.0,16.68,0.0,38.49,69.62
25,320000,윈텍,5,120,14,34,74,1.0,10.0,16.68,0.0,40.95,66.22
25,065350,신성델타테크,5,120,14,34,74,1.0,10.0,16.68,10.16,41.39,59.31
25,298380,에이비엘바이오,5,120,14,34,79,1.0,10.0,15.76,0.0,42.05,66.02
25,117730,티로보틱스,5,120,14,34,79,1.0,10.0,15.76,0.0,35.56,63.32
25,065350,신성델타테크,5,120,14,34,79,1.0,10.0,15.76,10.16,41.39,59.31
25,094940,푸른기술,5,120,14,34,79,1.0,10.0,15.76,0.0,38.49,69.62
25,320000,윈텍,5,120,14,34,79,1.0,10.0,15.76,0.0,40.95,66.22
25,036120,SCI평가정보,5,120,14,34,79,1.0,10.0,15.76,0.0,37.18,67.07
25,186230,그린플러스,5,120,14,34,79,1.0,10.0,15.76,0.0,41.5,65.87
25,256940,케이피에스,5,120,14,34,79,1.0,10.0,15.76,0.0,37.2,64.5
25,014470,부방,5,120,14,34,79,1.0,10.0,15.76,0.0,35.67,62.87
25,021080,에이티넘인베스트,5,120,14,34,79,1.0,10.0,15.76,0.0,35.58,64.04
25,091440,한울소재과학,5,120,14,34,79,1.0,10.0,15.76,0.0,38.76,64.89
25,093520,매커스,5,120,14,34,79,1.0,10.0,15.76,0.0,40.09,59.78
25,147830,제룡산업,5,120,14,34,79,1.0,10.0,15.76,0.0,41.19,61.55
25,297090,씨에스베어링,5,120,14,34,79,1.0,10.0,15.76,0.0,40.36,69.14
25,285490,노바텍,5,120,14,34,79,1.0,10.0,15.76,0.0,38.32,64.48
25,093640,케이알엠,5,120,14,34,79,1.0,10.0,15.76,0.0,42.34,70.28
25,311320,지오엘리먼트,5,120,14,34,79,1.0,10.0,15.76,0.0,40.94,69.82
25,150840,인트로메딕,5,120,14,34,79,1.0,10.0,15.76,0.0,35.44,68.92
25,206650,유바이오로직스,5,120,14,34,79,1.0,10.0,15.76,0.0,37.69,64.37
25,270520,지오릿에너지,5,120,14,34,79,1.0,10.0,15.76,0.0,43.44,65.85
25,064550,바이오니아,5,120,14,34,79,1.0,10.0,15.76,101.62,41.81,68.66
25,136510,스마트솔루션즈,5,120,14,34,79,1.0,10.0,15.76,0.0,43.75,66.42
25,080220,제주반도체,5,120,14,34,79,1.0,10.0,15.76,0.0,41.86,60.53
25,297890,HB솔루션,5,120,14,34,79,1.0,10.0,15.76,0.0,39.97,65.11
25,025980,아난티,5,120,14,34,79,1.0,10.0,15.76,79.34,38.55,62.6
25,087010,펩트론,5,120,14,34,79,1.0,10.0,15.76,0.0,42.49,67.26
25,314930,바이오다인,5,120,14,34,79,1.0,10.0,15.76,54.09,38.5,61.67
25,094170,동운아나텍,5,120,14,34,79,1.0,10.0,15.76,0.0,39.91,62.42
25,200710,에이디테크놀로지,5,120,14,34,79,1.0,10.0,15.76,0.0,39.28,61.75
25,299900,위지윅스튜디오,5,120,14,34,79,1.0,10.0,15.76,0.0,40.29,63.29
25,216080,제테마,5,120,14,34,79,1.0,10.0,15.76,0.0,38.11,63.89
25,323280,태성,5,120,14,34,79,1.0,10.0,15.76,258.99,42.44,64.55
25,206650,유바이오로직스,5,120,14,34,69,1.0,10.0,15.27,0.0,37.69,64.37
25,323280,태성,5,120,14,34,69,1.0,10.0,15.27,258.99,42.44,64.55
25,216080,제테마,5,120,14,34,69,1.0,10.0,15.27,0.0,38.11,63.89
25,299900,위지윅스튜디오,5,120,14,34,69,1.0,10.0,15.27,0.0,40.29,63.29
25,200710,에이디테크놀로지,5,120,14,34,69,1.0,10.0,15.27,0.0,39.28,61.75
25,094170,동운아나텍,5,120,14,34,69,1.0,10.0,15.27,0.0,39.91,62.42
25,314930,바이오다인,5,120,14,34,69,1.0,10.0,15.27,102.13,38.5,61.67
25,080220,제주반도체,5,120,14,34,69,1.0,10.0,15.27,0.0,41.86,60.53
25,025980,아난티,5,120,14,34,69,1.0,10.0,15.27,57.02,38.55,62.6
25,297890,HB솔루션,5,120,14,34,69,1.0,10.0,15.27,0.0,39.97,65.11
25,150840,인트로메딕,5,120,14,34,69,1.0,10.0,15.27,0.0,35.44,68.92
25,136510,스마트솔루션즈,5,120,14,34,69,1.0,10.0,15.27,0.0,43.75,66.42
25,064550,바이오니아,5,120,14,34,69,1.0,10.0,15.27,72.0,41.81,68.66
25,087010,펩트론,5,120,14,34,69,1.0,10.0,15.27,0.0,42.49,67.26
25,065350,신성델타테크,5,120,14,34,69,1.0,10.0,15.27,-1.39,41.39,59.31
25,270520,지오릿에너지,5,120,14,34,69,1.0,10.0,15.27,0.0,43.44,65.85
25,298380,에이비엘바이오,5,120,14,34,69,1.0,10.0,15.27,0.0,42.05,66.02
25,117730,티로보틱스,5,120,14,34,69,1.0,10.0,15.27,0.0,35.56,63.32
25,021080,에이티넘인베스트,5,120,14,34,69,1.0,10.0,15.27,0.0,35.58,64.04
25,094940,푸른기술,5,120,14,34,69,1.0,10.0,15.27,0.0,38.49,69.62
25,320000,윈텍,5,120,14,34,69,1.0,10.0,15.27,0.0,40.95,66.22
25,036120,SCI평가정보,5,120,14,34,69,1.0,10.0,15.27,0.0,37.18,67.07
25,186230,그린플러스,5,120,14,34,69,1.0,10.0,15.27,0.0,41.5,65.87
25,014470,부방,5,120,14,34,69,1.0,10.0,15.27,0.0,35.67,62.87
25,256940,케이피에스,5,120,14,34,69,1.0,10.0,15.27,0.0,37.2,64.5
25,311320,지오엘리먼트,5,120,14,34,69,1.0,10.0,15.27,0.0,40.94,69.82
25,091440,한울소재과학,5,120,14,34,69,1.0,10.0,15.27,0.0,38.76,64.89
25,093520,매커스,5,120,14,34,69,1.0,10.0,15.27,0.0,40.09,59.78
25,147830,제룡산업,5,120,14,34,69,1.0,10.0,15.27,0.0,41.19,61.55
25,297090,씨에스베어링,5,120,14,34,69,1.0,10.0,15.27,0.0,40.36,69.14
25,285490,노바텍,5,120,14,34,69,1.0,10.0,15.27,0.0,38.32,64.48
25,093640,케이알엠,5,120,14,34,69,1.0,10.0,15.27,0.0,42.34,70.28
25,025980,아난티,5,120,14,29,74,1.0,10.0,14.72,0.0,38.55,62.6
25,299900,위지윅스튜디오,5,120,14,29,74,1.0,10.0,14.72,0.0,40.29,63.29
25,200710,에이디테크놀로지,5,120,14,29,74,1.0,10.0,14.72,0.0,39.28,61.75
25,094170,동운아나텍,5,120,14,29,74,1.0,10.0,14.72,0.0,39.91,62.42
25,314930,바이오다인,5,120,14,29,74,1.0,10.0,14.72,102.13,38.5,61.67
25,206650,유바이오로직스,5,120,14,29,74,1.0,10.0,14.72,0.0,37.69,64.37
25,298380,에이비엘바이오,5,120,14,29,74,1.0,10.0,14.72,0.0,42.05,66.02
25,297890,HB솔루션,5,120,14,29,74,1.0,10.0,14.72,0.0,39.97,65.11
25,080220,제주반도체,5,120,14,29,74,1.0,10.0,14.72,0.0,41.86,60.53
25,136510,스마트솔루션즈,5,120,14,29,74,1.0,10.0,14.72,0.0,43.75,66.42
25,064550,바이오니아,5,120,14,29,74,1.0,10.0,14.72,99.85,41.81,68.66
25,087010,펩트론,5,120,14,29,74,1.0,10.0,14.72,0.0,42.49,67.26
25,323280,태성,5,120,14,29,74,1.0,10.0,14.72,258.99,42.44,64.55
25,216080,제테마,5,120,14,29,74,1.0,10.0,14.72,0.0,38.11,63.89
25,147830,제룡산업,5,120,14,29,74,1.0,10.0,14.72,0.0,41.19,61.55
25,270520,지오릿에너지,5,120,14,29,74,1.0,10.0,14.72,0.0,43.44,65.85
25,150840,인트로메딕,5,120,14,29,74,1.0,10.0,14.72,0.0,35.44,68.92
25,117730,티로보틱스,5,120,14,29,74,1.0,10.0,14.72,0.0,35.56,63.32
25,093640,케이알엠,5,120,14,29,74,1.0,10.0,14.72,0.0,42.34,70.28
25,285490,노바텍,5,120,14,29,74,1.0,10.0,14.72,0.0,38.32,64.48
25,297090,씨에스베어링,5,120,14,29,74,1.0,10.0,14.72,0.0,40.36,69.14
25,094940,푸른기술,5,120,14,29,74,1.0,10.0,14.72,0.0,38.49,69.62
25,093520,매커스,5,120,14,29,74,1.0,10.0,14.72,0.0,40.09,59.78
25,091440,한울소재과학,5,120,14,29,74,1.0,10.0,14.72,0.0,38.76,64.89
25,311320,지오엘리먼트,5,120,14,29,74,1.0,10.0,14.72,0.0,40.94,69.82
25,021080,에이티넘인베스트,5,120,14,29,74,1.0,10.0,14.72,0.0,35.58,64.04
25,014470,부방,5,120,14,29,74,1.0,10.0,14.72,0.0,35.67,62.87
25,256940,케이피에스,5,120,14,29,74,1.0,10.0,14.72,0.0,37.2,64.5
25,186230,그린플러스,5,120,14,29,74,1.0,10.0,14.72,0.0,41.5,65.87
25,065350,신성델타테크,5,120,14,29,74,1.0,10.0,14.72,10.16,41.39,59.31
25,036120,SCI평가정보,5,120,14,29,74,1.0,10.0,14.72,0.0,37.18,67.07
25,320000,윈텍,5,120,14,29,74,1.0,10.0,14.72,0.0,40.95,66.22
25,094940,푸른기술,5,120,14,34,59,1.0,10.0,14.03,0.0,38.49,69.62
25,270520,지오릿에너지,5,120,14,34,59,1.0,10.0,14.03,0.0,43.44,65.85
25,064550,바이오니아,5,120,14,34,59,1.0,10.0,14.03,79.47,41.81,68.66
25,136510,스마트솔루션즈,5,120,14,34,59,1.0,10.0,14.03,0.0,43.75,66.42
25,080220,제주반도체,5,120,14,34,59,1.0,10.0,14.03,0.0,41.86,60.53
25,297890,HB솔루션,5,120,14,34,59,1.0,10.0,14.03,0.0,39.97,65.11
25,025980,아난티,5,120,14,34,59,1.0,10.0,14.03,47.17,38.55,62.6
25,206650,유바이오로직스,5,120,14,34,59,1.0,10.0,14.03,0.0,37.69,64.37
25,314930,바이오다인,5,120,14,34,59,1.0,10.0,14.03,69.59,38.5,61.67
25,094170,동운아나텍,5,120,14,34,59,1.0,10.0,14.03,0.0,39.91,62.42
25,200710,에이디테크놀로지,5,120,14,34,59,1.0,10.0,14.03,0.0,39.28,61.75
25,299900,위지윅스튜디오,5,120,14,34,59,1.0,10.0,14.03,0.0,40.29,63.29
25,216080,제테마,5,120,14,34,59,1.0,10.0,14.03,0.0,38.11,63.89
25,323280,태성,5,120,14,34,59,1.0,10.0,14.03,258.99,42.44,64.55
25,150840,인트로메딕,5,120,14,34,59,1.0,10.0,14.03,0.0,35.44,68.92
25,320000,윈텍,5,120,14,34,59,1.0,10.0,14.03,0.0,40.95,66.22
25,087010,펩트론,5,120,14,34,59,1.0,10.0,14.03,0.0,42.49,67.26
25,117730,티로보틱스,5,120,14,34,59,1.0,10.0,14.03,0.0,35.56,63.32
25,093640,케이알엠,5,120,14,34,59,1.0,10.0,14.03,0.0,42.34,70.28
25,285490,노바텍,5,120,14,34,59,1.0,10.0,14.03,0.0,38.32,64.48
25,297090,씨에스베어링,5,120,14,34,59,1.0,10.0,14.03,0.0,40.36,69.14
25,147830,제룡산업,5,120,14,34,59,1.0,10.0,14.03,0.0,41.19,61.55
25,093520,매커스,5,120,14,34,59,1.0,10.0,14.03,0.0,40.09,59.78
25,091440,한울소재과학,5,120,14,34,59,1.0,10.0,14.03,0.0,38.76,64.89
25,021080,에이티넘인베스트,5,120,14,34,59,1.0,10.0,14.03,0.0,35.58,64.04
25,014470,부방,5,120,14,34,59,1.0,10.0,14.03,0.0,35.67,62.87
25,256940,케이피에스,5,120,14,34,59,1.0,10.0,14.03,0.0,37.2,64.5
25,186230,그린플러스,5,120,14,34,59,1.0,10.0,14.03,0.0,41.5,65.87
25,036120,SCI평가정보,5,120,14,34,59,1.0,10.0,14.03,0.0,37.18,67.07
25,311320,지오엘리먼트,5,120,14,34,59,1.0,10.0,14.03,0.0,40.94,69.82
25,298380,에이비엘바이오,5,120,14,34,59,1.0,10.0,14.03,0.0,42.05,66.02
25,065350,신성델타테크,5,120,14,34,59,1.0,10.0,14.03,-6.26,41.39,59.31
25,298380,에이비엘바이오,5,120,14,34,64,1.0,10.0,13.95,0.0,42.05,66.02
25,087010,펩트론,5,120,14,34,64,1.0,10.0,13.95,0.0,42.49,67.26
25,094940,푸른기술,5,120,14,34,64,1.0,10.0,13.95,0.0,38.49,69.62
25,320000,윈텍,5,120,14,34,64,1.0,10.0,13.95,0.0,40.95,66.22
25,036120,SCI평가정보,5,120,14,34,64,1.0,10.0,13.95,0.0,37.18,67.07
25,186230,그린플러스,5,120,14,34,64,1.0,10.0,13.95,0.0,41.5,65.87
25,256940,케이피에스,5,120,14,34,64,1.0,10.0,13.95,0.0,37.2,64.5
25,014470,부방,5,120,14,34,64,1.0,10.0,13.95,0.0,35.67,62.87
25,021080,에이티넘인베스트,5,120,14,34,64,1.0,10.0,13.95,0.0,35.58,64.04
25,311320,지오엘리먼트,5,120,14,34,64,1.0,10.0,13.95,0.0,40.94,69.82
25,091440,한울소재과학,5,120,14,34,64,1.0,10.0,13.95,0.0,38.76,64.89
25,093520,매커스,5,120,14,34,64,1.0,10.0,13.95,0.0,40.09,59.78
25,147830,제룡산업,5,120,14,34,64,1.0,10.0,13.95,0.0,41.19,61.55
25,297090,씨에스베어링,5,120,14,34,64,1.0,10.0,13.95,0.0,40.36,69.14
25,285490,노바텍,5,120,14,34,64,1.0,10.0,13.95,0.0,38.32,64.48
25,093640,케이알엠,5,120,14,34,64,1.0,10.0,13.95,0.0,42.34,70.28
25,150840,인트로메딕,5,120,14,34,64,1.0,10.0,13.95,0.0,35.44,68.92
25,270520,지오릿에너지,5,120,14,34,64,1.0,10.0,13.95,0.0,43.44,65.85
25,323280,태성,5,120,14,34,64,1.0,10.0,13.95,258.99,42.44,64.55
25,216080,제테마,5,120,14,34,64,1.0,10.0,13.95,0.0,38.11,63.89
25,299900,위지윅스튜디오,5,120,14,34,64,1.0,10.0,13.95,0.0,40.29,63.29
25,200710,에이디테크놀로지,5,120,14,34,64,1.0,10.0,13.95,0.0,39.28,61.75
25,094170,동운아나텍,5,120,14,34,64,1.0,10.0,13.95,0.0,39.91,62.42
25,314930,바이오다인,5,120,14,34,64,1.0,10.0,13.95,69.59,38.5,61.67
25,206650,유바이오로직스,5,120,14,34,64,1.0,10.0,13.95,0.0,37.69,64.37
25,025980,아난티,5,120,14,34,64,1.0,10.0,13.95,47.17,38.55,62.6
25,297890,HB솔루션,5,120,14,34,64,1.0,10.0,13.95,0.0,39.97,65.11
25,080220,제주반도체,5,120,14,34,64,1.0,10.0,13.95,0.0,41.86,60.53
25,136510,스마트솔루션즈,5,120,14,34,64,1.0,10.0,13.95,0.0,43.75,66.42
25,064550,바이오니아,5,120,14,34,64,1.0,10.0,13.95,72.0,41.81,68.66
25,117730,티로보틱스,5,120,14,34,64,1.0,10.0,13.95,0.0,35.56,63.32
25,065350,신성델타테크,5,120,14,34,64,1.0,10.0,13.95,-1.39,41.39,59.31
25,320000,윈텍,5,120,14,29,69,1.0,10.0,13.49,0.0,40.95,66.22
25,323280,태성,5,120,14,29,69,1.0,10.0,13.49,258.99,42.44,64.55
25,094940,푸른기술,5,120,14,29,69,1.0,10.0,13.49,0.0,38.49,69.62
25,186230,그린플러스,5,120,14,29,69,1.0,10.0,13.49,0.0,41.5,65.87
25,256940,케이피에스,5,120,14,29,69,1.0,10.0,13.49,0.0,37.2,64.5
25,014470,부방,5,120,14,29,69,1.0,10.0,13.49,0.0,35.67,62.87
25,021080,에이티넘인베스트,5,120,14,29,69,1.0,10.0,13.49,0.0,35.58,64.04
25,311320,지오엘리먼트,5,120,14,29,69,1.0,10.0,13.49,0.0,40.94,69.82
25,091440,한울소재과학,5,120,14,29,69,1.0,10.0,13.49,0.0,38.76,64.89
25,093520,매커스,5,120,14,29,69,1.0,10.0,13.49,0.0,40.09,59.78
25,147830,제룡산업,5,120,14,29,69,1.0,10.0,13.49,0.0,41.19,61.55
25,285490,노바텍,5,120,14,29,69,1.0,10.0,13.49,0.0,38.32,64.48
25,093640,케이알엠,5,120,14,29,69,1.0,10.0,13.49,0.0,42.34,70.28
25,117730,티로보틱스,5,120,14,29,69,1.0,10.0,13.49,0.0,35.56,63.32
25,150840,인트로메딕,5,120,14,29,69,1.0,10.0,13.49,0.0,35.44,68.92
25,270520,지오릿에너지,5,120,14,29,69,1.0,10.0,13.49,0.0,43.44,65.85
25,297090,씨에스베어링,5,120,14,29,69,1.0,10.0,13.49,0.0,40.36,69.14
25,216080,제테마,5,120,14,29,69,1.0,10.0,13.49,0.0,38.11,63.89
25,080220,제주반도체,5,120,14,29,69,1.0,10.0,13.49,0.0,41.86,60.53
25,299900,위지윅스튜디오,5,120,14,29,69,1.0,10.0,13.49,0.0,40.29,63.29
25,065350,신성델타테크,5,120,14,29,69,1.0,10.0,13.49,-1.39,41.39,59.31
25,298380,에이비엘바이오,5,120,14,29,69,1.0,10.0,13.49,0.0,42.05,66.02
25,087010,펩트론,5,120,14,29,69,1.0,10.0,13.49,0.0,42.49,67.26
25,064550,바이오니아,5,120,14,29,69,1.0,10.0,13.49,72.0,41.81,68.66
25,136510,스마트솔루션즈,5,120,14,29,69,1.0,10.0,13.49,0.0,43.75,66.42
25,036120,SCI평가정보,5,120,14,29,69,1.0,10.0,13.49,0.0,37.18,67.07
25,297890,HB솔루션,5,120,14,29,69,1.0,10.0,13.49,0.0,39.97,65.11
25,206650,유바이오로직스,5,120,14,29,69,1.0,10.0,13.49,0.0,37.69,64.37
25,314930,바이오다인,5,120,14,29,69,1.0,10.0,13.49,102.13,38.5,61.67
25,094170,동운아나텍,5,120,14,29,69,1.0,10.0,13.49,0.0,39.91,62.42
25,200710,에이디테크놀로지,5,120,14,29,69,1.0,10.0,13.49,0.0,39.28,61.75
25,025980,아난티,5,120,14,29,69,1.0,10.0,13.49,0.0,38.55,62.6
25,025980,아난티,5,120,14,29,79,1.0,10.0,13.28,0.0,38.55,62.6
25,216080,제테마,5,120,14,29,79,1.0,10.0,13.28,0.0,38.11,63.89
25,299900,위지윅스튜디오,5,120,14,29,79,1.0,10.0,13.28,0.0,40.29,63.29
25,200710,에이디테크놀로지,5,120,14,29,79,1.0,10.0,13.28,0.0,39.28,61.75
25,094170,동운아나텍,5,120,14,29,79,1.0,10.0,13.28,0.0,39.91,62.42
25,314930,바이오다인,5,120,14,29,79,1.0,10.0,13.28,54.09,38.5,61.67
25,206650,유바이오로직스,5,120,14,29,79,1.0,10.0,13.28,0.0,37.69,64.37
25,136510,스마트솔루션즈,5,120,14,29,79,1.0,10.0,13.28,0.0,43.75,66.42
25,297890,HB솔루션,5,120,14,29,79,1.0,10.0,13.28,0.0,39.97,65.11
25,080220,제주반도체,5,120,14,29,79,1.0,10.0,13.28,0.0,41.86,60.53
25,064550,바이오니아,5,120,14,29,79,1.0,10.0,13.28,101.62,41.81,68.66
25,087010,펩트론,5,120,14,29,79,1.0,10.0,13.28,0.0,42.49,67.26
25,298380,에이비엘바이오,5,120,14,29,79,1.0,10.0,13.28,0.0,42.05,66.02
25,270520,지오릿에너지,5,120,14,29,79,1.0,10.0,13.28,0.0,43.44,65.85
25,323280,태성,5,120,14,29,79,1.0,10.0,13.28,258.99,42.44,64.55
25,065350,신성델타테크,5,120,14,29,79,1.0,10.0,13.28,10.16,41.39,59.31
25,150840,인트로메딕,5,120,14,29,79,1.0,10.0,13.28,0.0,35.44,68.92
25,117730,티로보틱스,5,120,14,29,79,1.0,10.0,13.28,0.0,35.56,63.32
25,320000,윈텍,5,120,14,29,79,1.0,10.0,13.28,0.0,40.95,66.22
25,036120,SCI평가정보,5,120,14,29,79,1.0,10.0,13.28,0.0,37.18,67.07
25,186230,그린플러스,5,120,14,29,79,1.0,10.0,13.28,0.0,41.5,65.87
25,256940,케이피에스,5,120,14,29,79,1.0,10.0,13.28,0.0,37.2,64.5
25,014470,부방,5,120,14,29,79,1.0,10.0,13.28,0.0,35.67,62.87
25,021080,에이티넘인베스트,5,120,14,29,79,1.0,10.0,13.28,0.0,35.58,64.04
25,311320,지오엘리먼트,5,120,14,29,79,1.0,10.0,13.28,0.0,40.94,69.82
25,091440,한울소재과학,5,120,14,29,79,1.0,10.0,13.28,0.0,38.76,64.89
25,093520,매커스,5,120,14,29,79,1.0,10.0,13.28,0.0,40.09,59.78
25,147830,제룡산업,5,120,14,29,79,1.0,10.0,13.28,0.0,41.19,61.55
25,297090,씨에스베어링,5,120,14,29,79,1.0,10.0,13.28,0.0,40.36,69.14
25,285490,노바텍,5,120,14,29,79,1.0,10.0,13.28,0.0,38.32,64.48
25,093640,케이알엠,5,120,14,29,79,1.0,10.0,13.28,0.0,42.34,70.28
25,094940,푸른기술,5,120,14,29,79,1.0,10.0,13.28,0.0,38.49,69.62
25,094940,푸른기술,5,60,14,29,74,1.0,10.0,12.62,0.0,38.49,69.62
25,320000,윈텍,5,60,14,29,74,1.0,10.0,12.62,0.0,40.95,66.22
25,186230,그린플러스,5,60,14,29,74,1.0,10.0,12.62,0.0,41.5,65.87
25,323280,태성,5,60,14,29,74,1.0,10.0,12.62,179.12,42.44,64.55
25,036120,SCI평가정보,5,60,14,29,74,1.0,10.0,12.62,0.0,37.18,67.07
25,256940,케이피에스,5,60,14,29,74,1.0,10.0,12.62,0.0,37.2,64.5
25,014470,부방,5,60,14,29,74,1.0,10.0,12.62,0.0,35.67,62.87
25,021080,에이티넘인베스트,5,60,14,29,74,1.0,10.0,12.62,0.0,35.58,64.04
25,311320,지오엘리먼트,5,60,14,29,74,1.0,10.0,12.62,0.0,40.94,69.82
25,091440,한울소재과학,5,60,14,29,74,1.0,10.0,12.62,0.0,38.76,64.89
25,093520,매커스,5,60,14,29,74,1.0,10.0,12.62,0.0,40.09,59.78
25,147830,제룡산업,5,60,14,29,74,1.0,10.0,12.62,0.0,41.19,61.55
25,285490,노바텍,5,60,14,29,74,1.0,10.0,12.62,0.0,38.32,64.48
25,093640,케이알엠,5,60,14,29,74,1.0,10.0,12.62,0.0,42.34,70.28
25,117730,티로보틱스,5,60,14,29,74,1.0,10.0,12.62,0.0,35.56,63.32
25,150840,인트로메딕,5,60,14,29,74,1.0,10.0,12.62,0.0,35.44,68.92
25,270520,지오릿에너지,5,60,14,29,74,1.0,10.0,12.62,0.0,43.44,65.85
25,297090,씨에스베어링,5,60,14,29,74,1.0,10.0,12.62,0.0,40.36,69.14
25,216080,제테마,5,60,14,29,74,1.0,10.0,12.62,0.0,38.11,63.89
25,297890,HB솔루션,5,60,14,29,74,1.0,10.0,12.62,0.0,39.97,65.11
25,065350,신성델타테크,5,60,14,29,74,1.0,10.0,12.62,10.52,41.39,59.31
25,299900,위지윅스튜디오,5,60,14,29,74,1.0,10.0,12.62,0.0,40.29,63.29
25,298380,에이비엘바이오,5,60,14,29,74,1.0,10.0,12.62,0.0,42.05,66.02
25,087010,펩트론,5,60,14,29,74,1.0,10.0,12.62,0.0,42.49,67.26
25,064550,바이오니아,5,60,14,29,74,1.0,10.0,12.62,106.14,41.81,68.66
25,080220,제주반도체,5,60,14,29,74,1.0,10.0,12.62,0.0,41.86,60.53
25,136510,스마트솔루션즈,5,60,14,29,74,1.0,10.0,12.62,0.0,43.75,66.42
25,025980,아난티,5,60,14,29,74,1.0,10.0,12.62,0.0,38.55,62.6
25,206650,유바이오로직스,5,60,14,29,74,1.0,10.0,12.62,0.0,37.69,64.37
25,314930,바이오다인,5,60,14,29,74,1.0,10.0,12.62,107.99,38.5,61.67
25,094170,동운아나텍,5,60,14,29,74,1.0,10.0,12.62,0.0,39.91,62.42
25,200710,에이디테크놀로지,5,60,14,29,74,1.0,10.0,12.62,0.0,39.28,61.75
25,091440,한울소재과학,5,120,14,29,59,1.0,10.0,12.56,0.0,38.76,64.89
25,117730,티로보틱스,5,120,14,29,59,1.0,10.0,12.56,0.0,35.56,63.32
25,285490,노바텍,5,120,14,29,59,1.0,10.0,12.56,0.0,38.32,64.48
25,297090,씨에스베어링,5,120,14,29,59,1.0,10.0,12.56,0.0,40.36,69.14
25,147830,제룡산업,5,120,14,29,59,1.0,10.0,12.56,0.0,41.19,61.55
25,093520,매커스,5,120,14,29,59,1.0,10.0,12.56,0.0,40.09,59.78
25,036120,SCI평가정보,5,120,14,29,59,1.0,10.0,12.56,0.0,37.18,67.07
25,311320,지오엘리먼트,5,120,14,29,59,1.0,10.0,12.56,0.0,40.94,69.82
25,021080,에이티넘인베스트,5,120,14,29,59,1.0,10.0,12.56,0.0,35.58,64.04
25,014470,부방,5,120,14,29,59,1.0,10.0,12.56,0.0,35.67,62.87
25,256940,케이피에스,5,120,14,29,59,1.0,10.0,12.56,0.0,37.2,64.5
25,186230,그린플러스,5,120,14,29,59,1.0,10.0,12.56,0.0,41.5,65.87
25,270520,지오릿에너지,5,120,14,29,59,1.0,10.0,12.56,0.0,43.44,65.85
25,150840,인트로메딕,5,120,14,29,59,1.0,10.0,12.56,0.0,35.44,68.92
25,065350,신성델타테크,5,120,14,29,59,1.0,10.0,12.56,-6.26,41.39,59.31
25,323280,태성,5,120,14,29,59,1.0,10.0,12.56,258.99,42.44,64.55
25,216080,제테마,5,120,14,29,59,1.0,10.0,12.56,0.0,38.11,63.89
25,299900,위지윅스튜디오,5,120,14,29,59,1.0,10.0,12.56,0.0,40.29,63.29
25,200710,에이디테크놀로지,5,120,14,29,59,1.0,10.0,12.56,0.0,39.28,61.75
25,094170,동운아나텍,5,120,14,29,59,1.0,10.0,12.56,0.0,39.91,62.42
25,314930,바이오다인,5,120,14,29,59,1.0,10.0,12.56,69.59,38.5,61.67
25,206650,유바이오로직스,5,120,14,29,59,1.0,10.0,12.56,0.0,37.69,64.37
25,025980,아난티,5,120,14,29,59,1.0,10.0,12.56,0.0,38.55,62.6
25,297890,HB솔루션,5,120,14,29,59,1.0,10.0,12.56,0.0,39.97,65.11
25,080220,제주반도체,5,120,14,29,59,1.0,10.0,12.56,0.0,41.86,60.53
25,136510,스마트솔루션즈,5,120,14,29,59,1.0,10.0,12.56,0.0,43.75,66.42
25,064550,바이오니아,5,120,14,29,59,1.0,10.0,12.56,79.47,41.81,68.66
25,087010,펩트론,5,120,14,29,59,1.0,10.0,12.56,0.0,42.49,67.26
25,298380,에이비엘바이오,5,120,14,29,59,1.0,10.0,12.56,0.0,42.05,66.02
25,094940,푸른기술,5,120,14,29,59,1.0,10.0,12.56,0.0,38.49,69.62
25,320000,윈텍,5,120,14,29,59,1.0,10.0,12.56,0.0,40.95,66.22
25,093640,케이알엠,5,120,14,29,59,1.0,10.0,12.56,0.0,42.34,70.28
25,065350,신성델타테크,5,120,14,29,64,1.0,10.0,12.47,-1.39,41.39,59.31
25,117730,티로보틱스,5,120,14,29,64,1.0,10.0,12.47,0.0,35.56,63.32
25,094940,푸른기술,5,120,14,29,64,1.0,10.0,12.47,0.0,38.49,69.62
25,298380,에이비엘바이오,5,120,14,29,64,1.0,10.0,12.47,0.0,42.05,66.02
25,036120,SCI평가정보,5,120,14,29,64,1.0,10.0,12.47,0.0,37.18,67.07
25,186230,그린플러스,5,120,14,29,64,1.0,10.0,12.47,0.0,41.5,65.87
25,256940,케이피에스,5,120,14,29,64,1.0,10.0,12.47,0.0,37.2,64.5
25,014470,부방,5,120,14,29,64,1.0,10.0,12.47,0.0,35.67,62.87
25,021080,에이티넘인베스트,5,120,14,29,64,1.0,10.0,12.47,0.0,35.58,64.04
25,311320,지오엘리먼트,5,120,14,29,64,1.0,10.0,12.47,0.0,40.94,69.82
25,091440,한울소재과학,5,120,14,29,64,1.0,10.0,12.47,0.0,38.76,64.89
25,093520,매커스,5,120,14,29,64,1.0,10.0,12.47,0.0,40.09,59.78
25,147830,제룡산업,5,120,14,29,64,1.0,10.0,12.47,0.0,41.19,61.55
25,297090,씨에스베어링,5,120,14,29,64,1.0,10.0,12.47,0.0,40.36,69.14
25,285490,노바텍,5,120,14,29,64,1.0,10.0,12.47,0.0,38.32,64.48
25,093640,케이알엠,5,120,14,29,64,1.0,10.0,12.47,0.0,42.34,70.28
25,320000,윈텍,5,120,14,29,64,1.0,10.0,12.47,0.0,40.95,66.22
25,087010,펩트론,5,120,14,29,64,1.0,10.0,12.47,0.0,42.49,67.26
25,314930,바이오다인,5,120,14,29,64,1.0,10.0,12.47,69.59,38.5,61.67
25,064550,바이오니아,5,120,14,29,64,1.0,10.0,12.47,72.0,41.81,68.66
25,136510,스마트솔루션즈,5,120,14,29,64,1.0,10.0,12.47,0.0,43.75,66.42
25,080220,제주반도체,5,120,14,29,64,1.0,10.0,12.47,0.0,41.86,60.53
25,297890,HB솔루션,5,120,14,29,64,1.0,10.0,12.47,0.0,39.97,65.11
25,206650,유바이오로직스,5,120,14,29,64,1.0,10.0,12.47,0.0,37.69,64.37
25,025980,아난티,5,120,14,29,64,1.0,10.0,12.47,0.0,38.55,62.6
25,094170,동운아나텍,5,120,14,29,64,1.0,10.0,12.47,0.0,39.91,62.42
25,200710,에이디테크놀로지,5,120,14,29,64,1.0,10.0,12.47,0.0,39.28,61.75
25,299900,위지윅스튜디오,5,120,14,29,64,1.0,10.0,12.47,0.0,40.29,63.29
25,216080,제테마,5,120,14,29,64,1.0,10.0,12.47,0.0,38.11,63.89
25,323280,태성,5,120,14,29,64,1.0,10.0,12.47,258.99,42.44,64.55
25,270520,지오릿에너지,5,120,14,29,64,1.0,10.0,12.47,0.0,43.44,65.85
25,150840,인트로메딕,5,120,14,29,64,1.0,10.0,12.47,0.0,35.44,68.92
25,311320,지오엘리먼트,5,120,14,34,54,1.0,10.0,12.1,0.0,40.94,69.82
25,285490,노바텍,5,120,14,34,54,1.0,10.0,12.1,0.0,38.32,64.48
25,297090,씨에스베어링,5,120,14,34,54,1.0,10.0,12.1,0.0,40.36,69.14
25,147830,제룡산업,5,120,14,34,54,1.0,10.0,12.1,0.0,41.19,61.55
25,093520,매커스,5,120,14,34,54,1.0,10.0,12.1,0.0,40.09,59.78
25,091440,한울소재과학,5,120,14,34,54,1.0,10.0,12.1,0.0,38.76,64.89
25,087010,펩트론,5,120,14,34,54,1.0,10.0,12.1,0.0,42.49,67.26
25,021080,에이티넘인베스트,5,120,14,34,54,1.0,10.0,12.1,0.0,35.58,64.04
25,014470,부방,5,120,14,34,54,1.0,10.0,12.1,0.0,35.67,62.87
25,256940,케이피에스,5,120,14,34,54,1.0,10.0,12.1,0.0,37.2,64.5
25,186230,그린플러스,5,120,14,34,54,1.0,10.0,12.1,0.0,41.5,65.87
25,036120,SCI평가정보,5,120,14,34,54,1.0,10.0,12.1,0.0,37.18,67.07
25,320000,윈텍,5,120,14,34,54,1.0,10.0,12.1,0.0,40.95,66.22
25,117730,티로보틱스,5,120,14,34,54,1.0,10.0,12.1,0.0,35.56,63.32
25,093640,케이알엠,5,120,14,34,54,1.0,10.0,12.1,0.0,42.34,70.28
25,094170,동운아나텍,5,120,14,34,54,1.0,10.0,12.1,0.0,39.91,62.42
25,150840,인트로메딕,5,120,14,34,54,1.0,10.0,12.1,0.0,35.44,68.92
25,270520,지오릿에너지,5,120,14,34,54,1.0,10.0,12.1,0.0,43.44,65.85
25,323280,태성,5,120,14,34,54,1.0,10.0,12.1,258.99,42.44,64.55
25,216080,제테마,5,120,14,34,54,1.0,10.0,12.1,0.0,38.11,63.89
25,299900,위지윅스튜디오,5,120,14,34,54,1.0,10.0,12.1,0.0,40.29,63.29
25,298380,에이비엘바이오,5,120,14,34,54,1.0,10.0,12.1,0.0,42.05,66.02
25,200710,에이디테크놀로지,5,120,14,34,54,1.0,10.0,12.1,0.0,39.28,61.75
25,314930,바이오다인,5,120,14,34,54,1.0,10.0,12.1,29.42,38.5,61.67
25,206650,유바이오로직스,5,120,14,34,54,1.0,10.0,12.1,0.0,37.69,64.37
25,025980,아난티,5,120,14,34,54,1.0,10.0,12.1,17.08,38.55,62.6
25,297890,HB솔루션,5,120,14,34,54,1.0,10.0,12.1,0.0,39.97,65.11
25,080220,제주반도체,5,120,14,34,54,1.0,10.0,12.1,0.0,41.86,60.53
25,136510,스마트솔루션즈,5,120,14,34,54,1.0,10.0,12.1,0.0,43.75,66.42
25,064550,바이오니아,5,120,14,34,54,1.0,10.0,12.1,87.99,41.81,68.66
25,094940,푸른기술,5,120,14,34,54,1.0,10.0,12.1,0.0,38.49,69.62
25,065350,신성델타테크,5,120,14,34,54,1.0,10.0,12.1,-6.26,41.39,59.31
25,065350,신성델타테크,5,120,14,29,54,1.0,10.0,11.57,-6.26,41.39,59.31
25,298380,에이비엘바이오,5,120,14,29,54,1.0,10.0,11.57,0.0,42.05,66.02
25,150840,인트로메딕,5,120,14,29,54,1.0,10.0,11.57,0.0,35.44,68.92
25,270520,지오릿에너지,5,120,14,29,54,1.0,10.0,11.57,0.0,43.44,65.85
25,323280,태성,5,120,14,29,54,1.0,10.0,11.57,258.99,42.44,64.55
25,216080,제테마,5,120,14,29,54,1.0,10.0,11.57,0.0,38.11,63.89
25,299900,위지윅스튜디오,5,120,14,29,54,1.0,10.0,11.57,0.0,40.29,63.29
25,200710,에이디테크놀로지,5,120,14,29,54,1.0,10.0,11.57,0.0,39.28,61.75
25,314930,바이오다인,5,120,14,29,54,1.0,10.0,11.57,29.42,38.5,61.67
25,093640,케이알엠,5,120,14,29,54,1.0,10.0,11.57,0.0,42.34,70.28
25,094170,동운아나텍,5,120,14,29,54,1.0,10.0,11.57,0.0,39.91,62.42
25,064550,바이오니아,5,120,14,29,54,1.0,10.0,11.57,87.99,41.81,68.66
25,136510,스마트솔루션즈,5,120,14,29,54,1.0,10.0,11.57,0.0,43.75,66.42
25,080220,제주반도체,5,120,14,29,54,1.0,10.0,11.57,0.0,41.86,60.53
25,297890,HB솔루션,5,120,14,29,54,1.0,10.0,11.57,0.0,39.97,65.11
25,025980,아난티,5,120,14,29,54,1.0,10.0,11.57,0.0,38.55,62.6
25,117730,티로보틱스,5,120,14,29,54,1.0,10.0,11.57,0.0,35.56,63.32
25,206650,유바이오로직스,5,120,14,29,54,1.0,10.0,11.57,0.0,37.69,64.37
25,285490,노바텍,5,120,14,29,54,1.0,10.0,11.57,0.0,38.32,64.48
25,094940,푸른기술,5,120,14,29,54,1.0,10.0,11.57,0.0,38.49,69.62
25,256940,케이피에스,5,120,14,29,54,1.0,10.0,11.57,0.0,37.2,64.5
25,014470,부방,5,120,14,29,54,1.0,10.0,11.57,0.0,35.67,62.87
25,186230,그린플러스,5,120,14,29,54,1.0,10.0,11.57,0.0,41.5,65.87
25,297090,씨에스베어링,5,120,14,29,54,1.0,10.0,11.57,0.0,40.36,69.14
25,036120,SCI평가정보,5,120,14,29,54,1.0,10.0,11.57,0.0,37.18,67.07
25,320000,윈텍,5,120,14,29,54,1.0,10.0,11.57,0.0,40.95,66.22
25,021080,에이티넘인베스트,5,120,14,29,54,1.0,10.0,11.57,0.0,35.58,64.04
25,311320,지오엘리먼트,5,120,14,29,54,1.0,10.0,11.57,0.0,40.94,69.82
25,091440,한울소재과학,5,120,14,29,54,1.0,10.0,11.57,0.0,38.76,64.89
25,093520,매커스,5,120,14,29,54,1.0,10.0,11.57,0.0,40.09,59.78
25,087010,펩트론,5,120,14,29,54,1.0,10.0,11.57,0.0,42.49,67.26
25,147830,제룡산업,5,120,14,29,54,1.0,10.0,11.57,0.0,41.19,61.55
25,311320,지오엘리먼트,5,60,14,29,69,1.0,10.0,11.4,0.0,40.94,69.82
25,297090,씨에스베어링,5,60,14,29,69,1.0,10.0,11.4,0.0,40.36,69.14
25,147830,제룡산업,5,60,14,29,69,1.0,10.0,11.4,0.0,41.19,61.55
25,093520,매커스,5,60,14,29,69,1.0,10.0,11.4,0.0,40.09,59.78
25,091440,한울소재과학,5,60,14,29,69,1.0,10.0,11.4,0.0,38.76,64.89
25,036120,SCI평가정보,5,60,14,29,69,1.0,10.0,11.4,0.0,37.18,67.07
25,021080,에이티넘인베스트,5,60,14,29,69,1.0,10.0,11.4,0.0,35.58,64.04
25,014470,부방,5,60,14,29,69,1.0,10.0,11.4,0.0,35.67,62.87
25,256940,케이피에스,5,60,14,29,69,1.0,10.0,11.4,0.0,37.2,64.5
25,186230,그린플러스,5,60,14,29,69,1.0,10.0,11.4,0.0,41.5,65.87
25,320000,윈텍,5,60,14,29,69,1.0,10.0,11.4,0.0,40.95,66.22
25,094940,푸른기술,5,60,14,29,69,1.0,10.0,11.4,0.0,38.49,69.62
25,285490,노바텍,5,60,14,29,69,1.0,10.0,11.4,0.0,38.32,64.48
25,323280,태성,5,60,14,29,69,1.0,10.0,11.4,179.12,42.44,64.55
25,117730,티로보틱스,5,60,14,29,69,1.0,10.0,11.4,0.0,35.56,63.32
25,025980,아난티,5,60,14,29,69,1.0,10.0,11.4,0.0,38.55,62.6
25,065350,신성델타테크,5,60,14,29,69,1.0,10.0,11.4,-0.57,41.39,59.31
25,298380,에이비엘바이오,5,60,14,29,69,1.0,10.0,11.4,0.0,42.05,66.02
25,087010,펩트론,5,60,14,29,69,1.0,10.0,11.4,0.0,42.49,67.26
25,064550,바이오니아,5,60,14,29,69,1.0,10.0,11.4,78.24,41.81,68.66
25,136510,스마트솔루션즈,5,60,14,29,69,1.0,10.0,11.4,0.0,43.75,66.42
25,080220,제주반도체,5,60,14,29,69,1.0,10.0,11.4,0.0,41.86,60.53
25,150840,인트로메딕,5,60,14,29,69,1.0,10.0,11.4,0.0,35.44,68.92
25,297890,HB솔루션,5,60,14,29,69,1.0,10.0,11.4,0.0,39.97,65.11
25,206650,유바이오로직스,5,60,14,29,69,1.0,10.0,11.4,0.0,37.69,64.37
25,314930,바이오다인,5,60,14,29,69,1.0,10.0,11.4,107.99,38.5,61.67
25,094170,동운아나텍,5,60,14,29,69,1.0,10.0,11.4,0.0,39.91,62.42
25,200710,에이디테크놀로지,5,60,14,29,69,1.0,10.0,11.4,0.0,39.28,61.75
25,299900,위지윅스튜디오,5,60,14,29,69,1.0,10.0,11.4,0.0,40.29,63.29
25,216080,제테마,5,60,14,29,69,1.0,10.0,11.4,0.0,38.11,63.89
25,270520,지오릿에너지,5,60,14,29,69,1.0,10.0,11.4,0.0,43.44,65.85
25,093640,케이알엠,5,60,14,29,69,1.0,10.0,11.4,0.0,42.34,70.28
25,136510,스마트솔루션즈,5,120,14,24,74,1.0,10.0,11.29,0.0,43.75,66.42
25,080220,제주반도체,5,120,14,24,74,1.0,10.0,11.29,0.0,41.86,60.53
25,297890,HB솔루션,5,120,14,24,74,1.0,10.0,11.29,0.0,39.97,65.11
25,025980,아난티,5,120,14,24,74,1.0,10.0,11.29,0.0,38.55,62.6
25,093640,케이알엠,5,120,14,24,74,1.0,10.0,11.29,0.0,42.34,70.28
25,206650,유바이오로직스,5,120,14,24,74,1.0,10.0,11.29,0.0,37.69,64.37
25,314930,바이오다인,5,120,14,24,74,1.0,10.0,11.29,102.13,38.5,61.67
25,094170,동운아나텍,5,120,14,24,74,1.0,10.0,11.29,0.0,39.91,62.42
25,200710,에이디테크놀로지,5,120,14,24,74,1.0,10.0,11.29,0.0,39.28,61.75
25,299900,위지윅스튜디오,5,120,14,24,74,1.0,10.0,11.29,0.0,40.29,63.29
25,216080,제테마,5,120,14,24,74,1.0,10.0,11.29,0.0,38.11,63.89
25,323280,태성,5,120,14,24,74,1.0,10.0,11.29,258.99,42.44,64.55
25,270520,지오릿에너지,5,120,14,24,74,1.0,10.0,11.29,0.0,43.44,65.85
25,150840,인트로메딕,5,120,14,24,74,1.0,10.0,11.29,0.0,35.44,68.92
25,117730,티로보틱스,5,120,14,24,74,1.0,10.0,11.29,0.0,35.56,63.32
25,285490,노바텍,5,120,14,24,74,1.0,10.0,11.29,0.0,38.32,64.48
25,094940,푸른기술,5,120,14,24,74,1.0,10.0,11.29,0.0,38.49,69.62
25,147830,제룡산업,5,120,14,24,74,1.0,10.0,11.29,0.0,41.19,61.55
25,093520,매커스,5,120,14,24,74,1.0,10.0,11.29,0.0,40.09,59.78
25,091440,한울소재과학,5,120,14,24,74,1.0,10.0,11.29,0.0,38.76,64.89
25,311320,지오엘리먼트,5,120,14,24,74,1.0,10.0,11.29,0.0,40.94,69.82
25,021080,에이티넘인베스트,5,120,14,24,74,1.0,10.0,11.29,0.0,35.58,64.04
25,014470,부방,5,120,14,24,74,1.0,10.0,11.29,0.0,35.67,62.87
25,256940,케이피에스,5,120,14,24,74,1.0,10.0,11.29,0.0,37.2,64.5
25,186230,그린플러스,5,120,14,24,74,1.0,10.0,11.29,0.0,41.5,65.87
25,036120,SCI평가정보,5,120,14,24,74,1.0,10.0,11.29,0.0,37.18,67.07
25,320000,윈텍,5,120,14,24,74,1.0,10.0,11.29,0.0,40.95,66.22
25,297090,씨에스베어링,5,120,14,24,74,1.0,10.0,11.29,0.0,40.36,69.14
25,087010,펩트론,5,120,14,24,74,1.0,10.0,11.29,0.0,42.49,67.26
25,080220,제주반도체,5,120,14,24,69,1.0,10.0,11.29,0.0,41.86,60.53
25,093640,케이알엠,5,120,14,24,69,1.0,10.0,11.29,0.0,42.34,70.28
25,150840,인트로메딕,5,120,14,24,69,1.0,10.0,11.29,0.0,35.44,68.92
25,270520,지오릿에너지,5,120,14,24,69,1.0,10.0,11.29,0.0,43.44,65.85
25,323280,태성,5,120,14,24,69,1.0,10.0,11.29,258.99,42.44,64.55
25,216080,제테마,5,120,14,24,69,1.0,10.0,11.29,0.0,38.11,63.89
25,299900,위지윅스튜디오,5,120,14,24,69,1.0,10.0,11.29,0.0,40.29,63.29
25,094170,동운아나텍,5,120,14,24,69,1.0,10.0,11.29,0.0,39.91,62.42
25,314930,바이오다인,5,120,14,24,69,1.0,10.0,11.29,102.13,38.5,61.67
25,206650,유바이오로직스,5,120,14,24,69,1.0,10.0,11.29,0.0,37.69,64.37
25,025980,아난티,5,120,14,24,69,1.0,10.0,11.29,0.0,38.55,62.6
25,297890,HB솔루션,5,120,14,24,69,1.0,10.0,11.29,0.0,39.97,65.11
25,136510,스마트솔루션즈,5,120,14,24,69,1.0,10.0,11.29,0.0,43.75,66.42
25,064550,바이오니아,5,120,14,24,69,1.0,10.0,11.29,0.0,41.81,68.66
25,087010,펩트론,5,120,14,24,69,1.0,10.0,11.29,0.0,42.49,67.26
25,298380,에이비엘바이오,5,120,14,24,69,1.0,10.0,11.29,0.0,42.05,66.02
25,065350,신성델타테크,5,120,14,24,69,1.0,10.0,11.29,0.0,41.39,59.31
25,117730,티로보틱스,5,120,14,24,69,1.0,10.0,11.29,0.0,35.56,63.32
25,200710,에이디테크놀로지,5,120,14,24,69,1.0,10.0,11.29,0.0,39.28,61.75
25,285490,노바텍,5,120,14,24,69,1.0,10.0,11.29,0.0,38.32,64.48
25,256940,케이피에스,5,120,14,24,69,1.0,10.0,11.29,0.0,37.2,64.5
25,298380,에이비엘바이오,5,120,14,24,74,1.0,10.0,11.29,0.0,42.05,66.02
25,297090,씨에스베어링,5,120,14,24,69,1.0,10.0,11.29,0.0,40.36,69.14
25,065350,신성델타테크,5,120,14,24,74,1.0,10.0,11.29,0.0,41.39,59.31
25,094940,푸른기술,5,120,14,24,69,1.0,10.0,11.29,0.0,38.49,69.62
25,320000,윈텍,5,120,14,24,69,1.0,10.0,11.29,0.0,40.95,66.22
25,036120,SCI평가정보,5,120,14,24,69,1.0,10.0,11.29,0.0,37.18,67.07
25,186230,그린플러스,5,120,14,24,69,1.0,10.0,11.29,0.0,41.5,65.87
25,064550,바이오니아,5,120,14,24,74,1.0,10.0,11.29,0.0,41.81,68.66
25,014470,부방,5,120,14,24,69,1.0,10.0,11.29,0.0,35.67,62.87
25,311320,지오엘리먼트,5,120,14,24,69,1.0,10.0,11.29,0.0,40.94,69.82
25,091440,한울소재과학,5,120,14,24,69,1.0,10.0,11.29,0.0,38.76,64.89
25,093520,매커스,5,120,14,24,69,1.0,10.0,11.29,0.0,40.09,59.78
25,147830,제룡산업,5,120,14,24,69,1.0,10.0,11.29,0.0,41.19,61.55
25,021080,에이티넘인베스트,5,120,14,24,69,1.0,10.0,11.29,0.0,35.58,64.04
25,025980,아난티,5,60,14,29,79,1.0,10.0,11.06,0.0,38.55,62.6
25,216080,제테마,5,60,14,29,79,1.0,10.0,11.06,0.0,38.11,63.89
25,299900,위지윅스튜디오,5,60,14,29,79,1.0,10.0,11.06,0.0,40.29,63.29
25,200710,에이디테크놀로지,5,60,14,29,79,1.0,10.0,11.06,0.0,39.28,61.75
25,094170,동운아나텍,5,60,14,29,79,1.0,10.0,11.06,0.0,39.91,62.42
25,314930,바이오다인,5,60,14,29,79,1.0,10.0,11.06,56.94,38.5,61.67
25,206650,유바이오로직스,5,60,14,29,79,1.0,10.0,11.06,0.0,37.69,64.37
25,136510,스마트솔루션즈,5,60,14,29,79,1.0,10.0,11.06,0.0,43.75,66.42
25,297890,HB솔루션,5,60,14,29,79,1.0,10.0,11.06,0.0,39.97,65.11
25,080220,제주반도체,5,60,14,29,79,1.0,10.0,11.06,0.0,41.86,60.53
25,064550,바이오니아,5,60,14,29,79,1.0,10.0,11.06,107.19,41.81,68.66
25,087010,펩트론,5,60,14,29,79,1.0,10.0,11.06,0.0,42.49,67.26
25,298380,에이비엘바이오,5,60,14,29,79,1.0,10.0,11.06,0.0,42.05,66.02
25,270520,지오릿에너지,5,60,14,29,79,1.0,10.0,11.06,0.0,43.44,65.85
25,323280,태성,5,60,14,29,79,1.0,10.0,11.06,179.12,42.44,64.55
25,065350,신성델타테크,5,60,14,29,79,1.0,10.0,11.06,10.52,41.39,59.31
25,150840,인트로메딕,5,60,14,29,79,1.0,10.0,11.06,0.0,35.44,68.92
25,021080,에이티넘인베스트,5,60,14,29,79,1.0,10.0,11.06,0.0,35.58,64.04
25,094940,푸른기술,5,60,14,29,79,1.0,10.0,11.06,0.0,38.49,69.62
25,320000,윈텍,5,60,14,29,79,1.0,10.0,11.06,0.0,40.95,66.22
25,036120,SCI평가정보,5,60,14,29,79,1.0,10.0,11.06,0.0,37.18,67.07
25,186230,그린플러스,5,60,14,29,79,1.0,10.0,11.06,0.0,41.5,65.87
25,117730,티로보틱스,5,60,14,29,79,1.0,10.0,11.06,0.0,35.56,63.32
25,014470,부방,5,60,14,29,79,1.0,10.0,11.06,0.0,35.67,62.87
25,256940,케이피에스,5,60,14,29,79,1.0,10.0,11.06,0.0,37.2,64.5
25,311320,지오엘리먼트,5,60,14,29,79,1.0,10.0,11.06,0.0,40.94,69.82
25,091440,한울소재과학,5,60,14,29,79,1.0,10.0,11.06,0.0,38.76,64.89
25,093520,매커스,5,60,14,29,79,1.0,10.0,11.06,0.0,40.09,59.78
25,147830,제룡산업,5,60,14,29,79,1.0,10.0,11.06,0.0,41.19,61.55
25,297090,씨에스베어링,5,60,14,29,79,1.0,10.0,11.06,0.0,40.36,69.14
25,285490,노바텍,5,60,14,29,79,1.0,10.0,11.06,0.0,38.32,64.48
25,093640,케이알엠,5,60,14,29,79,1.0,10.0,11.06,0.0,42.34,70.28
25,093520,매커스,5,60,14,29,59,1.0,10.0,10.63,0.0,40.09,59.78
25,091440,한울소재과학,5,60,14,29,59,1.0,10.0,10.63,0.0,38.76,64.89
25,311320,지오엘리먼트,5,60,14,29,59,1.0,10.0,10.63,0.0,40.94,69.82
25,021080,에이티넘인베스트,5,60,14,29,59,1.0,10.0,10.63,0.0,35.58,64.04
25,014470,부방,5,60,14,29,59,1.0,10.0,10.63,0.0,35.67,62.87
25,256940,케이피에스,5,60,14,29,59,1.0,10.0,10.63,0.0,37.2,64.5
25,065350,신성델타테크,5,60,14,29,59,1.0,10.0,10.63,-4.65,41.39,59.31
25,036120,SCI평가정보,5,60,14,29,59,1.0,10.0,10.63,0.0,37.18,67.07
25,320000,윈텍,5,60,14,29,59,1.0,10.0,10.63,0.0,40.95,66.22
25,094940,푸른기술,5,60,14,29,59,1.0,10.0,10.63,0.0,38.49,69.62
25,064550,바이오니아,5,60,14,29,59,1.0,10.0,10.63,90.36,41.81,68.66
25,087010,펩트론,5,60,14,29,59,1.0,10.0,10.63,0.0,42.49,67.26
25,298380,에이비엘바이오,5,60,14,29,59,1.0,10.0,10.63,0.0,42.05,66.02
25,297090,씨에스베어링,5,60,14,29,59,1.0,10.0,10.63,0.0,40.36,69.14
25,147830,제룡산업,5,60,14,29,59,1.0,10.0,10.63,0.0,41.19,61.55
25,186230,그린플러스,5,60,14,29,59,1.0,10.0,10.63,0.0,41.5,65.87
25,285490,노바텍,5,60,14,29,59,1.0,10.0,10.63,0.0,38.32,64.48
25,094170,동운아나텍,5,60,14,29,59,1.0,10.0,10.63,0.0,39.91,62.42
25,093640,케이알엠,5,60,14,29,59,1.0,10.0,10.63,0.0,42.34,70.28
25,297890,HB솔루션,5,60,14,29,59,1.0,10.0,10.63,0.0,39.97,65.11
25,080220,제주반도체,5,60,14,29,59,1.0,10.0,10.63,0.0,41.86,60.53
25,025980,아난티,5,60,14,29,59,1.0,10.0,10.63,0.0,38.55,62.6
25,206650,유바이오로직스,5,60,14,29,59,1.0,10.0,10.63,0.0,37.69,64.37
25,314930,바이오다인,5,60,14,29,59,1.0,10.0,10.63,75.3,38.5,61.67
25,136510,스마트솔루션즈,5,60,14,29,59,1.0,10.0,10.63,0.0,43.75,66.42
25,200710,에이디테크놀로지,5,60,14,29,59,1.0,10.0,10.63,0.0,39.28,61.75
25,216080,제테마,5,60,14,29,59,1.0,10.0,10.63,0.0,38.11,63.89
25,323280,태성,5,60,14,29,59,1.0,10.0,10.63,179.12,42.44,64.55
25,270520,지오릿에너지,5,60,14,29,59,1.0,10.0,10.63,0.0,43.44,65.85
25,150840,인트로메딕,5,60,14,29,59,1.0,10.0,10.63,0.0,35.44,68.92
25,299900,위지윅스튜디오,5,60,14,29,59,1.0,10.0,10.63,0.0,40.29,63.29
25,117730,티로보틱스,5,60,14,29,59,1.0,10.0,10.63,0.0,35.56,63.32
25,311320,지오엘리먼트,5,60,14,29,64,1.0,10.0,10.38,0.0,40.94,69.82
25,285490,노바텍,5,60,14,29,64,1.0,10.0,10.38,0.0,38.32,64.48
25,297090,씨에스베어링,5,60,14,29,64,1.0,10.0,10.38,0.0,40.36,69.14
25,147830,제룡산업,5,60,14,29,64,1.0,10.0,10.38,0.0,41.19,61.55
25,093520,매커스,5,60,14,29,64,1.0,10.0,10.38,0.0,40.09,59.78
25,091440,한울소재과학,5,60,14,29,64,1.0,10.0,10.38,0.0,38.76,64.89
25,256940,케이피에스,5,60,14,29,64,1.0,10.0,10.38,0.0,37.2,64.5
25,021080,에이티넘인베스트,5,60,14,29,64,1.0,10.0,10.38,0.0,35.58,64.04
25,014470,부방,5,60,14,29,64,1.0,10.0,10.38,0.0,35.67,62.87
25,186230,그린플러스,5,60,14,29,64,1.0,10.0,10.38,0.0,41.5,65.87
25,117730,티로보틱스,5,60,14,29,64,1.0,10.0,10.38,0.0,35.56,63.32
25,320000,윈텍,5,60,14,29,64,1.0,10.0,10.38,0.0,40.95,66.22
25,036120,SCI평가정보,5,60,14,29,64,1.0,10.0,10.38,0.0,37.18,67.07
25,093640,케이알엠,5,60,14,29,64,1.0,10.0,10.38,0.0,42.34,70.28
25,200710,에이디테크놀로지,5,60,14,29,64,1.0,10.0,10.38,0.0,39.28,61.75
25,150840,인트로메딕,5,60,14,29,64,1.0,10.0,10.38,0.0,35.44,68.92
25,270520,지오릿에너지,5,60,14,29,64,1.0,10.0,10.38,0.0,43.44,65.85
25,065350,신성델타테크,5,60,14,29,64,1.0,10.0,10.38,-0.57,41.39,59.31
25,298380,에이비엘바이오,5,60,14,29,64,1.0,10.0,10.38,0.0,42.05,66.02
25,087010,펩트론,5,60,14,29,64,1.0,10.0,10.38,0.0,42.49,67.26
25,064550,바이오니아,5,60,14,29,64,1.0,10.0,10.38,78.24,41.81,68.66
25,136510,스마트솔루션즈,5,60,14,29,64,1.0,10.0,10.38,0.0,43.75,66.42
25,080220,제주반도체,5,60,14,29,64,1.0,10.0,10.38,0.0,41.86,60.53
25,297890,HB솔루션,5,60,14,29,64,1.0,10.0,10.38,0.0,39.97,65.11
25,025980,아난티,5,60,14,29,64,1.0,10.0,10.38,0.0,38.55,62.6
25,206650,유바이오로직스,5,60,14,29,64,1.0,10.0,10.38,0.0,37.69,64.37
25,314930,바이오다인,5,60,14,29,64,1.0,10.0,10.38,75.3,38.5,61.67
25,094170,동운아나텍,5,60,14,29,64,1.0,10.0,10.38,0.0,39.91,62.42
25,299900,위지윅스튜디오,5,60,14,29,64,1.0,10.0,10.38,0.0,40.29,63.29
25,216080,제테마,5,60,14,29,64,1.0,10.0,10.38,0.0,38.11,63.89
25,323280,태성,5,60,14,29,64,1.0,10.0,10.38,179.12,42.44,64.55
25,094940,푸른기술,5,60,14,29,64,1.0,10.0,10.38,0.0,38.49,69.62
25,065350,신성델타테크,5,120,14,24,59,1.0,10.0,10.27,0.0,41.39,59.31
25,064550,바이오니아,5,120,14,24,64,1.0,10.0,10.27,0.0,41.81,68.66
25,087010,펩트론,5,120,14,24,64,1.0,10.0,10.27,0.0,42.49,67.26
25,298380,에이비엘바이오,5,120,14,24,59,1.0,10.0,10.27,0.0,42.05,66.02
25,094170,동운아나텍,5,120,14,24,59,1.0,10.0,10.27,0.0,39.91,62.42
25,314930,바이오다인,5,120,14,24,59,1.0,10.0,10.27,69.59,38.5,61.67
25,206650,유바이오로직스,5,120,14,24,59,1.0,10.0,10.27,0.0,37.69,64.37
25,025980,아난티,5,120,14,24,59,1.0,10.0,10.27,0.0,38.55,62.6
25,297890,HB솔루션,5,120,14,24,59,1.0,10.0,10.27,0.0,39.97,65.11
25,080220,제주반도체,5,120,14,24,59,1.0,10.0,10.27,0.0,41.86,60.53
25,136510,스마트솔루션즈,5,120,14,24,59,1.0,10.0,10.27,0.0,43.75,66.42
25,064550,바이오니아,5,120,14,24,59,1.0,10.0,10.27,0.0,41.81,68.66
25,087010,펩트론,5,120,14,24,59,1.0,10.0,10.27,0.0,42.49,67.26
25,136510,스마트솔루션즈,5,120,14,24,64,1.0,10.0,10.27,0.0,43.75,66.42
25,270520,지오릿에너지,5,120,14,24,64,1.0,10.0,10.27,0.0,43.44,65.85
25,080220,제주반도체,5,120,14,24,64,1.0,10.0,10.27,0.0,41.86,60.53
25,297890,HB솔루션,5,120,14,24,64,1.0,10.0,10.27,0.0,39.97,65.11
25,025980,아난티,5,120,14,24,64,1.0,10.0,10.27,0.0,38.55,62.6
25,206650,유바이오로직스,5,120,14,24,64,1.0,10.0,10.27,0.0,37.69,64.37
25,314930,바이오다인,5,120,14,24,64,1.0,10.0,10.27,69.59,38.5,61.67
25,094170,동운아나텍,5,120,14,24,64,1.0,10.0,10.27,0.0,39.91,62.42
25,200710,에이디테크놀로지,5,120,14,24,64,1.0,10.0,10.27,0.0,39.28,61.75
25,299900,위지윅스튜디오,5,120,14,24,64,1.0,10.0,10.27,0.0,40.29,63.29
25,216080,제테마,5,120,14,24,64,1.0,10.0,10.27,0.0,38.11,63.89
25,200710,에이디테크놀로지,5,120,14,24,59,1.0,10.0,10.27,0.0,39.28,61.75
25,299900,위지윅스튜디오,5,120,14,24,59,1.0,10.0,10.27,0.0,40.29,63.29
25,216080,제테마,5,120,14,24,59,1.0,10.0,10.27,0.0,38.11,63.89
25,323280,태성,5,120,14,24,59,1.0,10.0,10.27,258.99,42.44,64.55
25,298380,에이비엘바이오,5,120,14,24,64,1.0,10.0,10.27,0.0,42.05,66.02
25,065350,신성델타테크,5,120,14,24,64,1.0,10.0,10.27,0.0,41.39,59.31
25,094940,푸른기술,5,120,14,24,59,1.0,10.0,10.27,0.0,38.49,69.62
25,320000,윈텍,5,120,14,24,59,1.0,10.0,10.27,0.0,40.95,66.22
25,036120,SCI평가정보,5,120,14,24,59,1.0,10.0,10.27,0.0,37.18,67.07
25,186230,그린플러스,5,120,14,24,59,1.0,10.0,10.27,0.0,41.5,65.87
25,256940,케이피에스,5,120,14,24,59,1.0,10.0,10.27,0.0,37.2,64.5
25,014470,부방,5,120,14,24,59,1.0,10.0,10.27,0.0,35.67,62.87
25,021080,에이티넘인베스트,5,120,14,24,59,1.0,10.0,10.27,0.0,35.58,64.04
25,311320,지오엘리먼트,5,120,14,24,59,1.0,10.0,10.27,0.0,40.94,69.82
25,091440,한울소재과학,5,120,14,24,59,1.0,10.0,10.27,0.0,38.76,64.89
25,093520,매커스,5,120,14,24,59,1.0,10.0,10.27,0.0,40.09,59.78
25,147830,제룡산업,5,120,14,24,59,1.0,10.0,10.27,0.0,41.19,61.55
25,297090,씨에스베어링,5,120,14,24,59,1.0,10.0,10.27,0.0,40.36,69.14
25,285490,노바텍,5,120,14,24,59,1.0,10.0,10.27,0.0,38.32,64.48
25,093640,케이알엠,5,120,14,24,59,1.0,10.0,10.27,0.0,42.34,70.28
25,117730,티로보틱스,5,120,14,24,59,1.0,10.0,10.27,0.0,35.56,63.32
25,150840,인트로메딕,5,120,14,24,59,1.0,10.0,10.27,0.0,35.44,68.92
25,270520,지오릿에너지,5,120,14,24,59,1.0,10.0,10.27,0.0,43.44,65.85
25,323280,태성,5,120,14,24,64,1.0,10.0,10.27,258.99,42.44,64.55
25,150840,인트로메딕,5,120,14,24,64,1.0,10.0,10.27,0.0,35.44,68.92
25,117730,티로보틱스,5,120,14,24,64,1.0,10.0,10.27,0.0,35.56,63.32
25,021080,에이티넘인베스트,5,120,14,24,64,1.0,10.0,10.27,0.0,35.58,64.04
25,093640,케이알엠,5,120,14,24,64,1.0,10.0,10.27,0.0,42.34,70.28
25,320000,윈텍,5,120,14,24,64,1.0,10.0,10.27,0.0,40.95,66.22
25,036120,SCI평가정보,5,120,14,24,64,1.0,10.0,10.27,0.0,37.18,67.07
25,186230,그린플러스,5,120,14,24,64,1.0,10.0,10.27,0.0,41.5,65.87
25,256940,케이피에스,5,120,14,24,64,1.0,10.0,10.27,0.0,37.2,64.5
25,014470,부방,5,120,14,24,64,1.0,10.0,10.27,0.0,35.67,62.87
25,094940,푸른기술,5,120,14,24,64,1.0,10.0,10.27,0.0,38.49,69.62
25,311320,지오엘리먼트,5,120,14,24,64,1.0,10.0,10.27,0.0,40.94,69.82
25,093520,매커스,5,120,14,24,64,1.0,10.0,10.27,0.0,40.09,59.78
25,147830,제룡산업,5,120,14,24,64,1.0,10.0,10.27,0.0,41.19,61.55
25,297090,씨에스베어링,5,120,14,24,64,1.0,10.0,10.27,0.0,40.36,69.14
25,091440,한울소재과학,5,120,14,24,64,1.0,10.0,10.27,0.0,38.76,64.89
25,285490,노바텍,5,120,14,24,64,1.0,10.0,10.27,0.0,38.32,64.48
25,206650,유바이오로직스,5,120,14,24,79,1.0,10.0,9.78,0.0,37.69,64.37
25,216080,제테마,5,120,14,24,79,1.0,10.0,9.78,0.0,38.11,63.89
25,299900,위지윅스튜디오,5,120,14,24,79,1.0,10.0,9.78,0.0,40.29,63.29
25,200710,에이디테크놀로지,5,120,14,24,79,1.0,10.0,9.78,0.0,39.28,61.75
25,094170,동운아나텍,5,120,14,24,79,1.0,10.0,9.78,0.0,39.91,62.42
25,314930,바이오다인,5,120,14,24,79,1.0,10.0,9.78,54.09,38.5,61.67
25,297890,HB솔루션,5,120,14,24,79,1.0,10.0,9.78,0.0,39.97,65.11
25,025980,아난티,5,120,14,24,79,1.0,10.0,9.78,0.0,38.55,62.6
25,080220,제주반도체,5,120,14,24,79,1.0,10.0,9.78,0.0,41.86,60.53
25,136510,스마트솔루션즈,5,120,14,24,79,1.0,10.0,9.78,0.0,43.75,66.42
25,064550,바이오니아,5,120,14,24,79,1.0,10.0,9.78,0.0,41.81,68.66
25,065350,신성델타테크,5,120,14,24,79,1.0,10.0,9.78,0.0,41.39,59.31
25,270520,지오릿에너지,5,120,14,24,79,1.0,10.0,9.78,0.0,43.44,65.85
25,323280,태성,5,120,14,24,79,1.0,10.0,9.78,258.99,42.44,64.55
25,093520,매커스,5,120,14,24,79,1.0,10.0,9.78,0.0,40.09,59.78
25,150840,인트로메딕,5,120,14,24,79,1.0,10.0,9.78,0.0,35.44,68.92
25,117730,티로보틱스,5,120,14,24,79,1.0,10.0,9.78,0.0,35.56,63.32
25,093640,케이알엠,5,120,14,24,79,1.0,10.0,9.78,0.0,42.34,70.28
25,285490,노바텍,5,120,14,24,79,1.0,10.0,9.78,0.0,38.32,64.48
25,297090,씨에스베어링,5,120,14,24,79,1.0,10.0,9.78,0.0,40.36,69.14
25,147830,제룡산업,5,120,14,24,79,1.0,10.0,9.78,0.0,41.19,61.55
25,087010,펩트론,5,120,14,24,79,1.0,10.0,9.78,0.0,42.49,67.26
25,091440,한울소재과학,5,120,14,24,79,1.0,10.0,9.78,0.0,38.76,64.89
25,311320,지오엘리먼트,5,120,14,24,79,1.0,10.0,9.78,0.0,40.94,69.82
25,021080,에이티넘인베스트,5,120,14,24,79,1.0,10.0,9.78,0.0,35.58,64.04
25,014470,부방,5,120,14,24,79,1.0,10.0,9.78,0.0,35.67,62.87
25,256940,케이피에스,5,120,14,24,79,1.0,10.0,9.78,0.0,37.2,64.5
25,186230,그린플러스,5,120,14,24,79,1.0,10.0,9.78,0.0,41.5,65.87
25,036120,SCI평가정보,5,120,14,24,79,1.0,10.0,9.78,0.0,37.18,67.07
25,320000,윈텍,5,120,14,24,79,1.0,10.0,9.78,0.0,40.95,66.22
25,298380,에이비엘바이오,5,120,14,24,79,1.0,10.0,9.78,0.0,42.05,66.02
25,025980,아난티,5,60,14,29,54,1.0,10.0,9.78,0.0,38.55,62.6
25,065350,신성델타테크,5,60,14,29,54,1.0,10.0,9.78,-4.65,41.39,59.31
25,298380,에이비엘바이오,5,60,14,29,54,1.0,10.0,9.78,0.0,42.05,66.02
25,094940,푸른기술,5,60,14,29,54,1.0,10.0,9.78,0.0,38.49,69.62
25,094940,푸른기술,5,120,14,24,79,1.0,10.0,9.78,0.0,38.49,69.62
25,036120,SCI평가정보,5,60,14,29,54,1.0,10.0,9.78,0.0,37.18,67.07
25,186230,그린플러스,5,60,14,29,54,1.0,10.0,9.78,0.0,41.5,65.87
25,256940,케이피에스,5,60,14,29,54,1.0,10.0,9.78,0.0,37.2,64.5
25,014470,부방,5,60,14,29,54,1.0,10.0,9.78,0.0,35.67,62.87
25,021080,에이티넘인베스트,5,60,14,29,54,1.0,10.0,9.78,0.0,35.58,64.04
25,311320,지오엘리먼트,5,60,14,29,54,1.0,10.0,9.78,0.0,40.94,69.82
25,091440,한울소재과학,5,60,14,29,54,1.0,10.0,9.78,0.0,38.76,64.89
25,093520,매커스,5,60,14,29,54,1.0,10.0,9.78,0.0,40.09,59.78
25,147830,제룡산업,5,60,14,29,54,1.0,10.0,9.78,0.0,41.19,61.55
25,297090,씨에스베어링,5,60,14,29,54,1.0,10.0,9.78,0.0,40.36,69.14
25,285490,노바텍,5,60,14,29,54,1.0,10.0,9.78,0.0,38.32,64.48
25,093640,케이알엠,5,60,14,29,54,1.0,10.0,9.78,0.0,42.34,70.28
25,117730,티로보틱스,5,60,14,29,54,1.0,10.0,9.78,0.0,35.56,63.32
25,150840,인트로메딕,5,60,14,29,54,1.0,10.0,9.78,0.0,35.44,68.92
25,270520,지오릿에너지,5,60,14,29,54,1.0,10.0,9.78,0.0,43.44,65.85
25,323280,태성,5,60,14,29,54,1.0,10.0,9.78,179.12,42.44,64.55
25,216080,제테마,5,60,14,29,54,1.0,10.0,9.78,0.0,38.11,63.89
25,299900,위지윅스튜디오,5,60,14,29,54,1.0,10.0,9.78,0.0,40.29,63.29
25,200710,에이디테크놀로지,5,60,14,29,54,1.0,10.0,9.78,0.0,39.28,61.75
25,094170,동운아나텍,5,60,14,29,54,1.0,10.0,9.78,0.0,39.91,62.42
25,314930,바이오다인,5,60,14,29,54,1.0,10.0,9.78,35.73,38.5,61.67
25,206650,유바이오로직스,5,60,14,29,54,1.0,10.0,9.78,0.0,37.69,64.37
25,297890,HB솔루션,5,60,14,29,54,1.0,10.0,9.78,0.0,39.97,65.11
25,080220,제주반도체,5,60,14,29,54,1.0,10.0,9.78,0.0,41.86,60.53
25,136510,스마트솔루션즈,5,60,14,29,54,1.0,10.0,9.78,0.0,43.75,66.42
25,064550,바이오니아,5,60,14,29,54,1.0,10.0,9.78,102.63,41.81,68.66
25,087010,펩트론,5,60,14,29,54,1.0,10.0,9.78,0.0,42.49,67.26
25,320000,윈텍,5,60,14,29,54,1.0,10.0,9.78,0.0,40.95,66.22
25,065350,신성델타테크,5,120,14,24,54,1.0,10.0,9.01,0.0,41.39,59.31
25,094940,푸른기술,5,120,14,24,54,1.0,10.0,9.01,0.0,38.49,69.62
25,270520,지오릿에너지,5,120,14,24,54,1.0,10.0,9.01,0.0,43.44,65.85
25,320000,윈텍,5,120,14,24,54,1.0,10.0,9.01,0.0,40.95,66.22
25,298380,에이비엘바이오,5,120,14,24,54,1.0,10.0,9.01,0.0,42.05,66.02
25,087010,펩트론,5,120,14,24,54,1.0,10.0,9.01,0.0,42.49,67.26
25,064550,바이오니아,5,120,14,24,54,1.0,10.0,9.01,0.0,41.81,68.66
25,080220,제주반도체,5,120,14,24,54,1.0,10.0,9.01,0.0,41.86,60.53
25,297890,HB솔루션,5,120,14,24,54,1.0,10.0,9.01,0.0,39.97,65.11
25,025980,아난티,5,120,14,24,54,1.0,10.0,9.01,0.0,38.55,62.6
25,206650,유바이오로직스,5,120,14,24,54,1.0,10.0,9.01,0.0,37.69,64.37
25,314930,바이오다인,5,120,14,24,54,1.0,10.0,9.01,29.42,38.5,61.67
25,094170,동운아나텍,5,120,14,24,54,1.0,10.0,9.01,0.0,39.91,62.42
25,200710,에이디테크놀로지,5,120,14,24,54,1.0,10.0,9.01,0.0,39.28,61.75
25,299900,위지윅스튜디오,5,120,14,24,54,1.0,10.0,9.01,0.0,40.29,63.29
25,216080,제테마,5,120,14,24,54,1.0,10.0,9.01,0.0,38.11,63.89
25,323280,태성,5,120,14,24,54,1.0,10.0,9.01,258.99,42.44,64.55
25,136510,스마트솔루션즈,5,120,14,24,54,1.0,10.0,9.01,0.0,43.75,66.42
25,150840,인트로메딕,5,120,14,24,54,1.0,10.0,9.01,0.0,35.44,68.92
25,311320,지오엘리먼트,5,120,14,24,54,1.0,10.0,9.01,0.0,40.94,69.82
25,036120,SCI평가정보,5,120,14,24,54,1.0,10.0,9.01,0.0,37.18,67.07
25,117730,티로보틱스,5,120,14,24,54,1.0,10.0,9.01,0.0,35.56,63.32
25,186230,그린플러스,5,120,14,24,54,1.0,10.0,9.01,0.0,41.5,65.87
25,014470,부방,5,120,14,24,54,1.0,10.0,9.01,0.0,35.67,62.87
25,021080,에이티넘인베스트,5,120,14,24,54,1.0,10.0,9.01,0.0,35.58,64.04
25,256940,케이피에스,5,120,14,24,54,1.0,10.0,9.01,0.0,37.2,64.5
25,091440,한울소재과학,5,120,14,24,54,1.0,10.0,9.01,0.0,38.76,64.89
25,093520,매커스,5,120,14,24,54,1.0,10.0,9.01,0.0,40.09,59.78
25,147830,제룡산업,5,120,14,24,54,1.0,10.0,9.01,0.0,41.19,61.55
25,297090,씨에스베어링,5,120,14,24,54,1.0,10.0,9.01,0.0,40.36,69.14
25,285490,노바텍,5,120,14,24,54,1.0,10.0,9.01,0.0,38.32,64.48
25,093640,케이알엠,5,120,14,24,54,1.0,10.0,9.01,0.0,42.34,70.28
25,014470,부방,5,60,14,24,69,1.0,10.0,8.97,0.0,35.67,62.87
25,064550,바이오니아,5,60,14,24,74,1.0,10.0,8.97,0.0,41.81,68.66
25,256940,케이피에스,5,60,14,24,69,1.0,10.0,8.97,0.0,37.2,64.5
25,186230,그린플러스,5,60,14,24,69,1.0,10.0,8.97,0.0,41.5,65.87
25,036120,SCI평가정보,5,60,14,24,69,1.0,10.0,8.97,0.0,37.18,67.07
25,320000,윈텍,5,60,14,24,69,1.0,10.0,8.97,0.0,40.95,66.22
25,094940,푸른기술,5,60,14,24,69,1.0,10.0,8.97,0.0,38.49,69.62
25,065350,신성델타테크,5,60,14,24,74,1.0,10.0,8.97,0.0,41.39,59.31
25,298380,에이비엘바이오,5,60,14,24,74,1.0,10.0,8.97,0.0,42.05,66.02
25,087010,펩트론,5,60,14,24,74,1.0,10.0,8.97,0.0,42.49,67.26
25,094170,동운아나텍,5,60,14,24,74,1.0,10.0,8.97,0.0,39.91,62.42
25,136510,스마트솔루션즈,5,60,14,24,74,1.0,10.0,8.97,0.0,43.75,66.42
25,080220,제주반도체,5,60,14,24,74,1.0,10.0,8.97,0.0,41.86,60.53
25,297890,HB솔루션,5,60,14,24,74,1.0,10.0,8.97,0.0,39.97,65.11
25,025980,아난티,5,60,14,24,74,1.0,10.0,8.97,0.0,38.55,62.6
25,206650,유바이오로직스,5,60,14,24,74,1.0,10.0,8.97,0.0,37.69,64.37
25,314930,바이오다인,5,60,14,24,74,1.0,10.0,8.97,107.99,38.5,61.67
25,200710,에이디테크놀로지,5,60,14,24,74,1.0,10.0,8.97,0.0,39.28,61.75
25,299900,위지윅스튜디오,5,60,14,24,74,1.0,10.0,8.97,0.0,40.29,63.29
25,216080,제테마,5,60,14,24,74,1.0,10.0,8.97,0.0,38.11,63.89
25,323280,태성,5,60,14,24,74,1.0,10.0,8.97,179.12,42.44,64.55
25,311320,지오엘리먼트,5,60,14,24,69,1.0,10.0,8.97,0.0,40.94,69.82
25,021080,에이티넘인베스트,5,60,14,24,69,1.0,10.0,8.97,0.0,35.58,64.04
25,206650,유바이오로직스,5,60,14,24,69,1.0,10.0,8.97,0.0,37.69,64.37
25,091440,한울소재과학,5,60,14,24,69,1.0,10.0,8.97,0.0,38.76,64.89
25,093520,매커스,5,60,14,24,69,1.0,10.0,8.97,0.0,40.09,59.78
25,065350,신성델타테크,5,60,14,24,69,1.0,10.0,8.97,0.0,41.39,59.31
25,298380,에이비엘바이오,5,60,14,24,69,1.0,10.0,8.97,0.0,42.05,66.02
25,087010,펩트론,5,60,14,24,69,1.0,10.0,8.97,0.0,42.49,67.26
25,064550,바이오니아,5,60,14,24,69,1.0,10.0,8.97,0.0,41.81,68.66
25,136510,스마트솔루션즈,5,60,14,24,69,1.0,10.0,8.97,0.0,43.75,66.42
25,080220,제주반도체,5,60,14,24,69,1.0,10.0,8.97,0.0,41.86,60.53
25,297890,HB솔루션,5,60,14,24,69,1.0,10.0,8.97,0.0,39.97,65.11
25,025980,아난티,5,60,14,24,69,1.0,10.0,8.97,0.0,38.55,62.6
25,150840,인트로메딕,5,60,14,24,74,1.0,10.0,8.97,0.0,35.44,68.92
25,314930,바이오다인,5,60,14,24,69,1.0,10.0,8.97,107.99,38.5,61.67
25,094170,동운아나텍,5,60,14,24,69,1.0,10.0,8.97,0.0,39.91,62.42
25,200710,에이디테크놀로지,5,60,14,24,69,1.0,10.0,8.97,0.0,39.28,61.75
25,299900,위지윅스튜디오,5,60,14,24,69,1.0,10.0,8.97,0.0,40.29,63.29
25,216080,제테마,5,60,14,24,69,1.0,10.0,8.97,0.0,38.11,63.89
25,323280,태성,5,60,14,24,69,1.0,10.0,8.97,179.12,42.44,64.55
25,270520,지오릿에너지,5,60,14,24,69,1.0,10.0,8.97,0.0,43.44,65.85
25,117730,티로보틱스,5,60,14,24,69,1.0,10.0,8.97,0.0,35.56,63.32
25,093640,케이알엠,5,60,14,24,69,1.0,10.0,8.97,0.0,42.34,70.28
25,285490,노바텍,5,60,14,24,69,1.0,10.0,8.97,0.0,38.32,64.48
25,297090,씨에스베어링,5,60,14,24,69,1.0,10.0,8.97,0.0,40.36,69.14
25,147830,제룡산업,5,60,14,24,69,1.0,10.0,8.97,0.0,41.19,61.55
25,270520,지오릿에너지,5,60,14,24,74,1.0,10.0,8.97,0.0,43.44,65.85
25,150840,인트로메딕,5,60,14,24,69,1.0,10.0,8.97,0.0,35.44,68.92
25,117730,티로보틱스,5,60,14,24,74,1.0,10.0,8.97,0.0,35.56,63.32
25,021080,에이티넘인베스트,5,60,14,24,74,1.0,10.0,8.97,0.0,35.58,64.04
25,093640,케이알엠,5,60,14,24,74,1.0,10.0,8.97,0.0,42.34,70.28
25,094940,푸른기술,5,60,14,24,74,1.0,10.0,8.97,0.0,38.49,69.62
25,036120,SCI평가정보,5,60,14,24,74,1.0,10.0,8.97,0.0,37.18,67.07
25,186230,그린플러스,5,60,14,24,74,1.0,10.0,8.97,0.0,41.5,65.87
25,256940,케이피에스,5,60,14,24,74,1.0,10.0,8.97,0.0,37.2,64.5
25,014470,부방,5,60,14,24,74,1.0,10.0,8.97,0.0,35.67,62.87
25,320000,윈텍,5,60,14,24,74,1.0,10.0,8.97,0.0,40.95,66.22
25,311320,지오엘리먼트,5,60,14,24,74,1.0,10.0,8.97,0.0,40.94,69.82
25,093520,매커스,5,60,14,24,74,1.0,10.0,8.97,0.0,40.09,59.78
25,147830,제룡산업,5,60,14,24,74,1.0,10.0,8.97,0.0,41.19,61.55
25,297090,씨에스베어링,5,60,14,24,74,1.0,10.0,8.97,0.0,40.36,69.14
25,091440,한울소재과학,5,60,14,24,74,1.0,10.0,8.97,0.0,38.76,64.89
25,285490,노바텍,5,60,14,24,74,1.0,10.0,8.97,0.0,38.32,64.48
25,320000,윈텍,5,60,14,24,59,1.0,10.0,7.95,0.0,40.95,66.22
25,298380,에이비엘바이오,5,60,14,24,64,1.0,10.0,7.95,0.0,42.05,66.02
25,065350,신성델타테크,5,60,14,24,64,1.0,10.0,7.95,0.0,41.39,59.31
25,094940,푸른기술,5,60,14,24,59,1.0,10.0,7.95,0.0,38.49,69.62
25,256940,케이피에스,5,60,14,24,59,1.0,10.0,7.95,0.0,37.2,64.5
25,036120,SCI평가정보,5,60,14,24,59,1.0,10.0,7.95,0.0,37.18,67.07
25,186230,그린플러스,5,60,14,24,59,1.0,10.0,7.95,0.0,41.5,65.87
25,014470,부방,5,60,14,24,59,1.0,10.0,7.95,0.0,35.67,62.87
25,021080,에이티넘인베스트,5,60,14,24,59,1.0,10.0,7.95,0.0,35.58,64.04
25,064550,바이오니아,5,60,14,24,64,1.0,10.0,7.95,0.0,41.81,68.66
25,087010,펩트론,5,60,14,24,64,1.0,10.0,7.95,0.0,42.49,67.26
25,094170,동운아나텍,5,60,14,24,64,1.0,10.0,7.95,0.0,39.91,62.42
25,136510,스마트솔루션즈,5,60,14,24,64,1.0,10.0,7.95,0.0,43.75,66.42
25,080220,제주반도체,5,60,14,24,64,1.0,10.0,7.95,0.0,41.86,60.53
25,297890,HB솔루션,5,60,14,24,64,1.0,10.0,7.95,0.0,39.97,65.11
25,025980,아난티,5,60,14,24,64,1.0,10.0,7.95,0.0,38.55,62.6
25,314930,바이오다인,5,60,14,24,64,1.0,10.0,7.95,75.3,38.5,61.67
25,091440,한울소재과학,5,60,14,24,59,1.0,10.0,7.95,0.0,38.76,64.89
25,200710,에이디테크놀로지,5,60,14,24,64,1.0,10.0,7.95,0.0,39.28,61.75
25,299900,위지윅스튜디오,5,60,14,24,64,1.0,10.0,7.95,0.0,40.29,63.29
25,216080,제테마,5,60,14,24,64,1.0,10.0,7.95,0.0,38.11,63.89
25,323280,태성,5,60,14,24,64,1.0,10.0,7.95,179.12,42.44,64.55
25,311320,지오엘리먼트,5,60,14,24,59,1.0,10.0,7.95,0.0,40.94,69.82
25,150840,인트로메딕,5,60,14,24,59,1.0,10.0,7.95,0.0,35.44,68.92
25,093520,매커스,5,60,14,24,59,1.0,10.0,7.95,0.0,40.09,59.78
25,147830,제룡산업,5,60,14,24,59,1.0,10.0,7.95,0.0,41.19,61.55
25,065350,신성델타테크,5,60,14,24,59,1.0,10.0,7.95,0.0,41.39,59.31
25,298380,에이비엘바이오,5,60,14,24,59,1.0,10.0,7.95,0.0,42.05,66.02
25,087010,펩트론,5,60,14,24,59,1.0,10.0,7.95,0.0,42.49,67.26
25,064550,바이오니아,5,60,14,24,59,1.0,10.0,7.95,0.0,41.81,68.66
25,136510,스마트솔루션즈,5,60,14,24,59,1.0,10.0,7.95,0.0,43.75,66.42
25,080220,제주반도체,5,60,14,24,59,1.0,10.0,7.95,0.0,41.86,60.53
25,297890,HB솔루션,5,60,14,24,59,1.0,10.0,7.95,0.0,39.97,65.11
25,025980,아난티,5,60,14,24,59,1.0,10.0,7.95,0.0,38.55,62.6
25,206650,유바이오로직스,5,60,14,24,59,1.0,10.0,7.95,0.0,37.69,64.37
25,314930,바이오다인,5,60,14,24,59,1.0,10.0,7.95,75.3,38.5,61.67
25,094170,동운아나텍,5,60,14,24,59,1.0,10.0,7.95,0.0,39.91,62.42
25,200710,에이디테크놀로지,5,60,14,24,59,1.0,10.0,7.95,0.0,39.28,61.75
25,299900,위지윅스튜디오,5,60,14,24,59,1.0,10.0,7.95,0.0,40.29,63.29
25,216080,제테마,5,60,14,24,59,1.0,10.0,7.95,0.0,38.11,63.89
25,323280,태성,5,60,14,24,59,1.0,10.0,7.95,179.12,42.44,64.55
25,270520,지오릿에너지,5,60,14,24,59,1.0,10.0,7.95,0.0,43.44,65.85
25,150840,인트로메딕,5,60,14,24,64,1.0,10.0,7.95,0.0,35.44,68.92
25,117730,티로보틱스,5,60,14,24,59,1.0,10.0,7.95,0.0,35.56,63.32
25,093640,케이알엠,5,60,14,24,59,1.0,10.0,7.95,0.0,42.34,70.28
25,285490,노바텍,5,60,14,24,59,1.0,10.0,7.95,0.0,38.32,64.48
25,297090,씨에스베어링,5,60,14,24,59,1.0,10.0,7.95,0.0,40.36,69.14
25,270520,지오릿에너지,5,60,14,24,64,1.0,10.0,7.95,0.0,43.44,65.85
25,206650,유바이오로직스,5,60,14,24,64,1.0,10.0,7.95,0.0,37.69,64.37
25,117730,티로보틱스,5,60,14,24,64,1.0,10.0,7.95,0.0,35.56,63.32
25,021080,에이티넘인베스트,5,60,14,24,64,1.0,10.0,7.95,0.0,35.58,64.04
25,094940,푸른기술,5,60,14,24,64,1.0,10.0,7.95,0.0,38.49,69.62
25,320000,윈텍,5,60,14,24,64,1.0,10.0,7.95,0.0,40.95,66.22
25,036120,SCI평가정보,5,60,14,24,64,1.0,10.0,7.95,0.0,37.18,67.07
25,256940,케이피에스,5,60,14,24,64,1.0,10.0,7.95,0.0,37.2,64.5
25,014470,부방,5,60,14,24,64,1.0,10.0,7.95,0.0,35.67,62.87
25,186230,그린플러스,5,60,14,24,64,1.0,10.0,7.95,0.0,41.5,65.87
25,311320,지오엘리먼트,5,60,14,24,64,1.0,10.0,7.95,0.0,40.94,69.82
25,091440,한울소재과학,5,60,14,24,64,1.0,10.0,7.95,0.0,38.76,64.89
25,093520,매커스,5,60,14,24,64,1.0,10.0,7.95,0.0,40.09,59.78
25,147830,제룡산업,5,60,14,24,64,1.0,10.0,7.95,0.0,41.19,61.55
25,297090,씨에스베어링,5,60,14,24,64,1.0,10.0,7.95,0.0,40.36,69.14
25,285490,노바텍,5,60,14,24,64,1.0,10.0,7.95,0.0,38.32,64.48
25,093640,케이알엠,5,60,14,24,64,1.0,10.0,7.95,0.0,42.34,70.28
25,025980,아난티,5,60,14,24,79,1.0,10.0,7.38,0.0,38.55,62.6
25,323280,태성,5,60,14,24,79,1.0,10.0,7.38,179.12,42.44,64.55
25,216080,제테마,5,60,14,24,79,1.0,10.0,7.38,0.0,38.11,63.89
25,299900,위지윅스튜디오,5,60,14,24,79,1.0,10.0,7.38,0.0,40.29,63.29
25,200710,에이디테크놀로지,5,60,14,24,79,1.0,10.0,7.38,0.0,39.28,61.75
25,094170,동운아나텍,5,60,14,24,79,1.0,10.0,7.38,0.0,39.91,62.42
25,314930,바이오다인,5,60,14,24,79,1.0,10.0,7.38,56.94,38.5,61.67
25,065350,신성델타테크,5,60,14,24,79,1.0,10.0,7.38,0.0,41.39,59.31
25,297890,HB솔루션,5,60,14,24,79,1.0,10.0,7.38,0.0,39.97,65.11
25,080220,제주반도체,5,60,14,24,79,1.0,10.0,7.38,0.0,41.86,60.53
25,136510,스마트솔루션즈,5,60,14,24,79,1.0,10.0,7.38,0.0,43.75,66.42
25,064550,바이오니아,5,60,14,24,79,1.0,10.0,7.38,0.0,41.81,68.66
25,087010,펩트론,5,60,14,24,79,1.0,10.0,7.38,0.0,42.49,67.26
25,298380,에이비엘바이오,5,60,14,24,79,1.0,10.0,7.38,0.0,42.05,66.02
25,150840,인트로메딕,5,60,14,24,79,1.0,10.0,7.38,0.0,35.44,68.92
25,270520,지오릿에너지,5,60,14,24,79,1.0,10.0,7.38,0.0,43.44,65.85
25,206650,유바이오로직스,5,60,14,24,79,1.0,10.0,7.38,0.0,37.69,64.37
25,117730,티로보틱스,5,60,14,24,79,1.0,10.0,7.38,0.0,35.56,63.32
25,021080,에이티넘인베스트,5,60,14,24,79,1.0,10.0,7.38,0.0,35.58,64.04
25,094940,푸른기술,5,60,14,24,79,1.0,10.0,7.38,0.0,38.49,69.62
25,320000,윈텍,5,60,14,24,79,1.0,10.0,7.38,0.0,40.95,66.22
25,036120,SCI평가정보,5,60,14,24,79,1.0,10.0,7.38,0.0,37.18,67.07
25,186230,그린플러스,5,60,14,24,79,1.0,10.0,7.38,0.0,41.5,65.87
25,014470,부방,5,60,14,24,79,1.0,10.0,7.38,0.0,35.67,62.87
25,256940,케이피에스,5,60,14,24,79,1.0,10.0,7.38,0.0,37.2,64.5
25,311320,지오엘리먼트,5,60,14,24,79,1.0,10.0,7.38,0.0,40.94,69.82
25,091440,한울소재과학,5,60,14,24,79,1.0,10.0,7.38,0.0,38.76,64.89
25,093520,매커스,5,60,14,24,79,1.0,10.0,7.38,0.0,40.09,59.78
25,147830,제룡산업,5,60,14,24,79,1.0,10.0,7.38,0.0,41.19,61.55
25,297090,씨에스베어링,5,60,14,24,79,1.0,10.0,7.38,0.0,40.36,69.14
25,285490,노바텍,5,60,14,24,79,1.0,10.0,7.38,0.0,38.32,64.48
25,093640,케이알엠,5,60,14,24,79,1.0,10.0,7.38,0.0,42.34,70.28
25,314930,바이오다인,5,60,14,24,54,1.0,10.0,6.71,35.73,38.5,61.67
25,323280,태성,5,60,14,24,54,1.0,10.0,6.71,179.12,42.44,64.55
25,216080,제테마,5,60,14,24,54,1.0,10.0,6.71,0.0,38.11,63.89
25,299900,위지윅스튜디오,5,60,14,24,54,1.0,10.0,6.71,0.0,40.29,63.29
25,200710,에이디테크놀로지,5,60,14,24,54,1.0,10.0,6.71,0.0,39.28,61.75
25,094170,동운아나텍,5,60,14,24,54,1.0,10.0,6.71,0.0,39.91,62.42
25,087010,펩트론,5,60,14,24,54,1.0,10.0,6.71,0.0,42.49,67.26
25,206650,유바이오로직스,5,60,14,24,54,1.0,10.0,6.71,0.0,37.69,64.37
25,025980,아난티,5,60,14,24,54,1.0,10.0,6.71,0.0,38.55,62.6
25,297890,HB솔루션,5,60,14,24,54,1.0,10.0,6.71,0.0,39.97,65.11
25,080220,제주반도체,5,60,14,24,54,1.0,10.0,6.71,0.0,41.86,60.53
25,136510,스마트솔루션즈,5,60,14,24,54,1.0,10.0,6.71,0.0,43.75,66.42
25,064550,바이오니아,5,60,14,24,54,1.0,10.0,6.71,0.0,41.81,68.66
25,150840,인트로메딕,5,60,14,24,54,1.0,10.0,6.71,0.0,35.44,68.92
25,270520,지오릿에너지,5,60,14,24,54,1.0,10.0,6.71,0.0,43.44,65.85
25,311320,지오엘리먼트,5,60,14,24,54,1.0,10.0,6.71,0.0,40.94,69.82
25,117730,티로보틱스,5,60,14,24,54,1.0,10.0,6.71,0.0,35.56,63.32
25,093640,케이알엠,5,60,14,24,54,1.0,10.0,6.71,0.0,42.34,70.28
25,285490,노바텍,5,60,14,24,54,1.0,10.0,6.71,0.0,38.32,64.48
25,297090,씨에스베어링,5,60,14,24,54,1.0,10.0,6.71,0.0,40.36,69.14
25,147830,제룡산업,5,60,14,24,54,1.0,10.0,6.71,0.0,41.19,61.55
25,093520,매커스,5,60,14,24,54,1.0,10.0,6.71,0.0,40.09,59.78
25,091440,한울소재과학,5,60,14,24,54,1.0,10.0,6.71,0.0,38.76,64.89
25,021080,에이티넘인베스트,5,60,14,24,54,1.0,10.0,6.71,0.0,35.58,64.04
25,014470,부방,5,60,14,24,54,1.0,10.0,6.71,0.0,35.67,62.87
25,256940,케이피에스,5,60,14,24,54,1.0,10.0,6.71,0.0,37.2,64.5
25,186230,그린플러스,5,60,14,24,54,1.0,10.0,6.71,0.0,41.5,65.87
25,036120,SCI평가정보,5,60,14,24,54,1.0,10.0,6.71,0.0,37.18,67.07
25,320000,윈텍,5,60,14,24,54,1.0,10.0,6.71,0.0,40.95,66.22
25,094940,푸른기술,5,60,14,24,54,1.0,10.0,6.71,0.0,38.49,69.62
25,298380,에이비엘바이오,5,60,14,24,54,1.0,10.0,6.71,0.0,42.05,66.02
25,065350,신성델타테크,5,60,14,24,54,1.0,10.0,6.71,0.0,41.39,59.31
