Cluster,Symbol,Name,MA_Short_Window,MA_Long_Window,RSI_Window,RSI_Buy_Threshold,RSI_Sell_Threshold,Stop_Loss_Percent,Take_Profit_Percent,Average_Return,Symbol_sim_return,Return,Std Dev
141,TIGO.O,밀리콤 인터내셔널 셀룰러,5,120,14,24,54,1.0,10.0,8.66,55.26,-8.46,43.29
141,DALN.O,달라스뉴스,5,120,14,24,54,1.0,10.0,8.66,0.0,-11.86,37.36
141,BAFN.O,베이퍼스트 파이낸셜,5,120,14,24,54,1.0,10.0,8.66,0.0,-15.98,43.44
141,OPI.O,오피스 프로퍼티 인컴 트러스트,5,120,14,24,54,1.0,10.0,8.66,0.0,-18.39,39.32
141,GECC.O,그레이트 엘름 캐피털,5,120,14,24,54,1.0,10.0,8.66,0.0,-15.75,38.33
141,KGEI.O,콜리브리 글로벌 에너지,5,120,14,24,54,1.0,10.0,8.66,0.0,-16.79,41.35
141,QIPT.O,큅트 홈 메디컬,5,120,14,24,54,1.0,10.0,8.66,0.0,-16.7,44.32
141,DTI.O,드릴링 툴스 인터내셔널,5,120,14,24,54,1.0,10.0,8.66,129.68,-13.49,43.8
141,SHMD.O,슈미드 그룹,5,120,14,24,54,1.0,10.0,8.66,0.0,-16.44,39.17
141,CZFS.O,시티즌스 파이낸셜 서비시스,5,120,14,24,54,1.0,10.0,8.66,0.0,-15.78,39.2
141,ILPT.O,인더스트리얼 로지스틱스 프로퍼티,5,120,14,24,54,1.0,10.0,8.66,14.32,-16.81,46.84
141,SVCO.O,실바코 그룹,5,120,14,24,54,1.0,10.0,8.66,0.0,-30.79,40.32
141,QRTEP.O,큐레이트 리테일 우선주 8.0%,5,120,14,24,54,1.0,10.0,8.66,0.0,-11.69,45.01
141,SNCY.O,선 컨트리 에어라인즈 홀딩스,5,120,14,24,54,1.0,10.0,8.66,0.0,-18.09,51.09
141,ARKO.O,아르코,5,120,14,24,54,1.0,10.0,8.66,0.0,-7.11,39.68
141,BHRB.O,버크 & 허버트 뱅크 & 트러스트,5,120,14,24,54,1.0,10.0,8.66,0.0,-30.81,39.34
141,ASTL.O,알고마 스틸 그룹,5,120,14,24,54,1.0,10.0,8.66,0.0,-9.58,43.62
141,XRX.O,제록스 홀딩스,5,120,14,24,54,1.0,10.0,8.66,0.0,-10.84,42.65
141,DNUT.O,크리스피 크림,5,120,14,24,54,1.0,10.0,8.66,0.0,-11.03,50.22
141,FTRE.O,포트레아 홀딩스,5,120,14,24,54,1.0,10.0,8.66,0.0,-13.13,44.84
141,DRVN.O,드리븐 브랜즈 홀딩스,5,120,14,24,54,1.0,10.0,8.66,0.0,-8.79,44.56
141,PYCR.O,페이코어 HCM,5,120,14,24,54,1.0,10.0,8.66,0.0,-11.92,46.9
141,ZD.O,지프 데이비스,5,120,14,24,54,1.0,10.0,8.66,0.0,-19.95,33.55
141,SNT.O,센스타 테크놀로지스,5,120,14,24,54,1.0,10.0,8.66,17.22,-15.09,50.32
141,AZTA.O,아젠타,5,120,14,24,54,1.0,10.0,8.66,0.0,-15.88,49.84
141,SVCO.O,실바코 그룹,5,120,14,29,54,1.0,10.0,8.17,0.0,-30.79,40.32
141,AZTA.O,아젠타,5,120,14,29,54,1.0,10.0,8.17,0.0,-15.88,49.84
141,SNT.O,센스타 테크놀로지스,5,120,14,29,54,1.0,10.0,8.17,17.22,-15.09,50.32
141,BAFN.O,베이퍼스트 파이낸셜,5,120,14,29,54,1.0,10.0,8.17,-8.74,-15.98,43.44
141,OPI.O,오피스 프로퍼티 인컴 트러스트,5,120,14,29,54,1.0,10.0,8.17,-50.14,-18.39,39.32
141,GECC.O,그레이트 엘름 캐피털,5,120,14,29,54,1.0,10.0,8.17,4.89,-15.75,38.33
141,KGEI.O,콜리브리 글로벌 에너지,5,120,14,29,54,1.0,10.0,8.17,0.0,-16.79,41.35
141,QIPT.O,큅트 홈 메디컬,5,120,14,29,54,1.0,10.0,8.17,0.0,-16.7,44.32
141,DTI.O,드릴링 툴스 인터내셔널,5,120,14,29,54,1.0,10.0,8.17,129.68,-13.49,43.8
141,SHMD.O,슈미드 그룹,5,120,14,29,54,1.0,10.0,8.17,0.0,-16.44,39.17
141,CZFS.O,시티즌스 파이낸셜 서비시스,5,120,14,29,54,1.0,10.0,8.17,0.0,-15.78,39.2
141,ILPT.O,인더스트리얼 로지스틱스 프로퍼티,5,120,14,29,54,1.0,10.0,8.17,14.32,-16.81,46.84
141,TIGO.O,밀리콤 인터내셔널 셀룰러,5,120,14,29,54,1.0,10.0,8.17,55.26,-8.46,43.29
141,QRTEP.O,큐레이트 리테일 우선주 8.0%,5,120,14,29,54,1.0,10.0,8.17,42.88,-11.69,45.01
141,SNCY.O,선 컨트리 에어라인즈 홀딩스,5,120,14,29,54,1.0,10.0,8.17,-25.64,-18.09,51.09
141,ARKO.O,아르코,5,120,14,29,54,1.0,10.0,8.17,0.0,-7.11,39.68
141,BHRB.O,버크 & 허버트 뱅크 & 트러스트,5,120,14,29,54,1.0,10.0,8.17,0.0,-30.81,39.34
141,ASTL.O,알고마 스틸 그룹,5,120,14,29,54,1.0,10.0,8.17,24.6,-9.58,43.62
141,XRX.O,제록스 홀딩스,5,120,14,29,54,1.0,10.0,8.17,0.0,-10.84,42.65
141,DNUT.O,크리스피 크림,5,120,14,29,54,1.0,10.0,8.17,0.0,-11.03,50.22
141,FTRE.O,포트레아 홀딩스,5,120,14,29,54,1.0,10.0,8.17,0.0,-13.13,44.84
141,DRVN.O,드리븐 브랜즈 홀딩스,5,120,14,29,54,1.0,10.0,8.17,0.0,-8.79,44.56
141,PYCR.O,페이코어 HCM,5,120,14,29,54,1.0,10.0,8.17,0.0,-11.92,46.9
141,DALN.O,달라스뉴스,5,120,14,29,54,1.0,10.0,8.17,0.0,-11.86,37.36
141,ZD.O,지프 데이비스,5,120,14,29,54,1.0,10.0,8.17,0.0,-19.95,33.55
141,SNT.O,센스타 테크놀로지스,5,120,14,24,59,1.0,10.0,6.29,17.22,-15.09,50.32
141,SNCY.O,선 컨트리 에어라인즈 홀딩스,5,120,14,24,59,1.0,10.0,6.29,0.0,-18.09,51.09
141,DALN.O,달라스뉴스,5,120,14,24,59,1.0,10.0,6.29,0.0,-11.86,37.36
141,BAFN.O,베이퍼스트 파이낸셜,5,120,14,24,59,1.0,10.0,6.29,0.0,-15.98,43.44
141,OPI.O,오피스 프로퍼티 인컴 트러스트,5,120,14,24,59,1.0,10.0,6.29,0.0,-18.39,39.32
141,GECC.O,그레이트 엘름 캐피털,5,120,14,24,59,1.0,10.0,6.29,0.0,-15.75,38.33
141,KGEI.O,콜리브리 글로벌 에너지,5,120,14,24,59,1.0,10.0,6.29,0.0,-16.79,41.35
141,QIPT.O,큅트 홈 메디컬,5,120,14,24,59,1.0,10.0,6.29,0.0,-16.7,44.32
141,DTI.O,드릴링 툴스 인터내셔널,5,120,14,24,59,1.0,10.0,6.29,129.68,-13.49,43.8
141,CZFS.O,시티즌스 파이낸셜 서비시스,5,120,14,24,59,1.0,10.0,6.29,0.0,-15.78,39.2
141,ILPT.O,인더스트리얼 로지스틱스 프로퍼티,5,120,14,24,59,1.0,10.0,6.29,14.32,-16.81,46.84
141,SVCO.O,실바코 그룹,5,120,14,24,59,1.0,10.0,6.29,0.0,-30.79,40.32
141,QRTEP.O,큐레이트 리테일 우선주 8.0%,5,120,14,24,59,1.0,10.0,6.29,0.0,-11.69,45.01
141,SHMD.O,슈미드 그룹,5,120,14,24,59,1.0,10.0,6.29,0.0,-16.44,39.17
141,ARKO.O,아르코,5,120,14,24,59,1.0,10.0,6.29,0.0,-7.11,39.68
141,ASTL.O,알고마 스틸 그룹,5,120,14,24,59,1.0,10.0,6.29,0.0,-9.58,43.62
141,XRX.O,제록스 홀딩스,5,120,14,24,59,1.0,10.0,6.29,0.0,-10.84,42.65
141,DNUT.O,크리스피 크림,5,120,14,24,59,1.0,10.0,6.29,0.0,-11.03,50.22
141,FTRE.O,포트레아 홀딩스,5,120,14,24,59,1.0,10.0,6.29,0.0,-13.13,44.84
141,DRVN.O,드리븐 브랜즈 홀딩스,5,120,14,24,59,1.0,10.0,6.29,0.0,-8.79,44.56
141,PYCR.O,페이코어 HCM,5,120,14,24,59,1.0,10.0,6.29,0.0,-11.92,46.9
141,ZD.O,지프 데이비스,5,120,14,24,59,1.0,10.0,6.29,0.0,-19.95,33.55
141,AZTA.O,아젠타,5,120,14,24,59,1.0,10.0,6.29,0.0,-15.88,49.84
141,BHRB.O,버크 & 허버트 뱅크 & 트러스트,5,120,14,24,59,1.0,10.0,6.29,0.0,-30.81,39.34
141,TIGO.O,밀리콤 인터내셔널 셀룰러,5,120,14,24,59,1.0,10.0,6.29,-3.9,-8.46,43.29
141,QIPT.O,큅트 홈 메디컬,5,120,14,24,74,1.0,10.0,6.28,0.0,-16.7,44.32
141,ILPT.O,인더스트리얼 로지스틱스 프로퍼티,5,120,14,24,74,1.0,10.0,6.28,14.32,-16.81,46.84
141,CZFS.O,시티즌스 파이낸셜 서비시스,5,120,14,24,74,1.0,10.0,6.28,0.0,-15.78,39.2
141,SHMD.O,슈미드 그룹,5,120,14,24,74,1.0,10.0,6.28,0.0,-16.44,39.17
141,DTI.O,드릴링 툴스 인터내셔널,5,120,14,24,74,1.0,10.0,6.28,129.68,-13.49,43.8
141,SNT.O,센스타 테크놀로지스,5,120,14,24,74,1.0,10.0,6.28,17.22,-15.09,50.32
141,KGEI.O,콜리브리 글로벌 에너지,5,120,14,24,74,1.0,10.0,6.28,0.0,-16.79,41.35
141,GECC.O,그레이트 엘름 캐피털,5,120,14,24,74,1.0,10.0,6.28,0.0,-15.75,38.33
141,OPI.O,오피스 프로퍼티 인컴 트러스트,5,120,14,24,74,1.0,10.0,6.28,0.0,-18.39,39.32
141,BAFN.O,베이퍼스트 파이낸셜,5,120,14,24,74,1.0,10.0,6.28,0.0,-15.98,43.44
141,QRTEP.O,큐레이트 리테일 우선주 8.0%,5,120,14,24,74,1.0,10.0,6.28,0.0,-11.69,45.01
141,SVCO.O,실바코 그룹,5,120,14,24,74,1.0,10.0,6.28,0.0,-30.79,40.32
141,SNT.O,센스타 테크놀로지스,5,120,14,24,69,1.0,10.0,6.28,17.22,-15.09,50.32
141,SNCY.O,선 컨트리 에어라인즈 홀딩스,5,120,14,24,74,1.0,10.0,6.28,0.0,-18.09,51.09
141,ARKO.O,아르코,5,120,14,24,74,1.0,10.0,6.28,0.0,-7.11,39.68
141,BHRB.O,버크 & 허버트 뱅크 & 트러스트,5,120,14,24,74,1.0,10.0,6.28,0.0,-30.81,39.34
141,ASTL.O,알고마 스틸 그룹,5,120,14,24,74,1.0,10.0,6.28,0.0,-9.58,43.62
141,XRX.O,제록스 홀딩스,5,120,14,24,74,1.0,10.0,6.28,0.0,-10.84,42.65
141,DNUT.O,크리스피 크림,5,120,14,24,74,1.0,10.0,6.28,0.0,-11.03,50.22
141,FTRE.O,포트레아 홀딩스,5,120,14,24,74,1.0,10.0,6.28,0.0,-13.13,44.84
141,DRVN.O,드리븐 브랜즈 홀딩스,5,120,14,24,74,1.0,10.0,6.28,0.0,-8.79,44.56
141,PYCR.O,페이코어 HCM,5,120,14,24,74,1.0,10.0,6.28,0.0,-11.92,46.9
141,ZD.O,지프 데이비스,5,120,14,24,74,1.0,10.0,6.28,0.0,-19.95,33.55
141,TIGO.O,밀리콤 인터내셔널 셀룰러,5,120,14,24,79,1.0,10.0,6.28,-4.26,-8.46,43.29
141,DALN.O,달라스뉴스,5,120,14,24,74,1.0,10.0,6.28,0.0,-11.86,37.36
141,SVCO.O,실바코 그룹,5,120,14,24,79,1.0,10.0,6.28,0.0,-30.79,40.32
141,AZTA.O,아젠타,5,120,14,24,79,1.0,10.0,6.28,0.0,-15.88,49.84
141,ILPT.O,인더스트리얼 로지스틱스 프로퍼티,5,120,14,24,79,1.0,10.0,6.28,14.32,-16.81,46.84
141,DALN.O,달라스뉴스,5,120,14,24,79,1.0,10.0,6.28,0.0,-11.86,37.36
141,SNT.O,센스타 테크놀로지스,5,120,14,24,79,1.0,10.0,6.28,17.22,-15.09,50.32
141,BAFN.O,베이퍼스트 파이낸셜,5,120,14,24,79,1.0,10.0,6.28,0.0,-15.98,43.44
141,OPI.O,오피스 프로퍼티 인컴 트러스트,5,120,14,24,79,1.0,10.0,6.28,0.0,-18.39,39.32
141,GECC.O,그레이트 엘름 캐피털,5,120,14,24,79,1.0,10.0,6.28,0.0,-15.75,38.33
141,KGEI.O,콜리브리 글로벌 에너지,5,120,14,24,79,1.0,10.0,6.28,0.0,-16.79,41.35
141,QIPT.O,큅트 홈 메디컬,5,120,14,24,79,1.0,10.0,6.28,0.0,-16.7,44.32
141,DTI.O,드릴링 툴스 인터내셔널,5,120,14,24,79,1.0,10.0,6.28,129.68,-13.49,43.8
141,SHMD.O,슈미드 그룹,5,120,14,24,79,1.0,10.0,6.28,0.0,-16.44,39.17
141,CZFS.O,시티즌스 파이낸셜 서비시스,5,120,14,24,79,1.0,10.0,6.28,0.0,-15.78,39.2
141,TIGO.O,밀리콤 인터내셔널 셀룰러,5,120,14,24,74,1.0,10.0,6.28,-4.26,-8.46,43.29
141,ZD.O,지프 데이비스,5,120,14,24,79,1.0,10.0,6.28,0.0,-19.95,33.55
141,QRTEP.O,큐레이트 리테일 우선주 8.0%,5,120,14,24,79,1.0,10.0,6.28,0.0,-11.69,45.01
141,SNCY.O,선 컨트리 에어라인즈 홀딩스,5,120,14,24,79,1.0,10.0,6.28,0.0,-18.09,51.09
141,ARKO.O,아르코,5,120,14,24,79,1.0,10.0,6.28,0.0,-7.11,39.68
141,BHRB.O,버크 & 허버트 뱅크 & 트러스트,5,120,14,24,79,1.0,10.0,6.28,0.0,-30.81,39.34
141,ASTL.O,알고마 스틸 그룹,5,120,14,24,79,1.0,10.0,6.28,0.0,-9.58,43.62
141,XRX.O,제록스 홀딩스,5,120,14,24,79,1.0,10.0,6.28,0.0,-10.84,42.65
141,DNUT.O,크리스피 크림,5,120,14,24,79,1.0,10.0,6.28,0.0,-11.03,50.22
141,FTRE.O,포트레아 홀딩스,5,120,14,24,79,1.0,10.0,6.28,0.0,-13.13,44.84
141,DRVN.O,드리븐 브랜즈 홀딩스,5,120,14,24,79,1.0,10.0,6.28,0.0,-8.79,44.56
141,PYCR.O,페이코어 HCM,5,120,14,24,79,1.0,10.0,6.28,0.0,-11.92,46.9
141,AZTA.O,아젠타,5,120,14,24,74,1.0,10.0,6.28,0.0,-15.88,49.84
141,ARKO.O,아르코,5,120,14,24,69,1.0,10.0,6.28,0.0,-7.11,39.68
141,DALN.O,달라스뉴스,5,120,14,24,69,1.0,10.0,6.28,0.0,-11.86,37.36
141,SNCY.O,선 컨트리 에어라인즈 홀딩스,5,120,14,24,64,1.0,10.0,6.28,0.0,-18.09,51.09
141,BAFN.O,베이퍼스트 파이낸셜,5,120,14,24,64,1.0,10.0,6.28,0.0,-15.98,43.44
141,OPI.O,오피스 프로퍼티 인컴 트러스트,5,120,14,24,64,1.0,10.0,6.28,0.0,-18.39,39.32
141,GECC.O,그레이트 엘름 캐피털,5,120,14,24,64,1.0,10.0,6.28,0.0,-15.75,38.33
141,KGEI.O,콜리브리 글로벌 에너지,5,120,14,24,64,1.0,10.0,6.28,0.0,-16.79,41.35
141,QIPT.O,큅트 홈 메디컬,5,120,14,24,64,1.0,10.0,6.28,0.0,-16.7,44.32
141,DTI.O,드릴링 툴스 인터내셔널,5,120,14,24,64,1.0,10.0,6.28,129.68,-13.49,43.8
141,SHMD.O,슈미드 그룹,5,120,14,24,64,1.0,10.0,6.28,0.0,-16.44,39.17
141,CZFS.O,시티즌스 파이낸셜 서비시스,5,120,14,24,64,1.0,10.0,6.28,0.0,-15.78,39.2
141,ILPT.O,인더스트리얼 로지스틱스 프로퍼티,5,120,14,24,64,1.0,10.0,6.28,14.32,-16.81,46.84
141,QRTEP.O,큐레이트 리테일 우선주 8.0%,5,120,14,24,64,1.0,10.0,6.28,0.0,-11.69,45.01
141,ARKO.O,아르코,5,120,14,24,64,1.0,10.0,6.28,0.0,-7.11,39.68
141,DALN.O,달라스뉴스,5,120,14,24,64,1.0,10.0,6.28,0.0,-11.86,37.36
141,BHRB.O,버크 & 허버트 뱅크 & 트러스트,5,120,14,24,64,1.0,10.0,6.28,0.0,-30.81,39.34
141,ASTL.O,알고마 스틸 그룹,5,120,14,24,64,1.0,10.0,6.28,0.0,-9.58,43.62
141,XRX.O,제록스 홀딩스,5,120,14,24,64,1.0,10.0,6.28,0.0,-10.84,42.65
141,DNUT.O,크리스피 크림,5,120,14,24,64,1.0,10.0,6.28,0.0,-11.03,50.22
141,FTRE.O,포트레아 홀딩스,5,120,14,24,64,1.0,10.0,6.28,0.0,-13.13,44.84
141,DRVN.O,드리븐 브랜즈 홀딩스,5,120,14,24,64,1.0,10.0,6.28,0.0,-8.79,44.56
141,PYCR.O,페이코어 HCM,5,120,14,24,64,1.0,10.0,6.28,0.0,-11.92,46.9
141,ZD.O,지프 데이비스,5,120,14,24,64,1.0,10.0,6.28,0.0,-19.95,33.55
141,AZTA.O,아젠타,5,120,14,24,64,1.0,10.0,6.28,0.0,-15.88,49.84
141,TIGO.O,밀리콤 인터내셔널 셀룰러,5,120,14,24,64,1.0,10.0,6.28,-4.26,-8.46,43.29
141,SNT.O,센스타 테크놀로지스,5,120,14,24,64,1.0,10.0,6.28,17.22,-15.09,50.32
141,SVCO.O,실바코 그룹,5,120,14,24,64,1.0,10.0,6.28,0.0,-30.79,40.32
141,TIGO.O,밀리콤 인터내셔널 셀룰러,5,120,14,24,69,1.0,10.0,6.28,-4.26,-8.46,43.29
141,QRTEP.O,큐레이트 리테일 우선주 8.0%,5,120,14,24,69,1.0,10.0,6.28,0.0,-11.69,45.01
141,AZTA.O,아젠타,5,120,14,24,69,1.0,10.0,6.28,0.0,-15.88,49.84
141,OPI.O,오피스 프로퍼티 인컴 트러스트,5,120,14,24,69,1.0,10.0,6.28,0.0,-18.39,39.32
141,GECC.O,그레이트 엘름 캐피털,5,120,14,24,69,1.0,10.0,6.28,0.0,-15.75,38.33
141,KGEI.O,콜리브리 글로벌 에너지,5,120,14,24,69,1.0,10.0,6.28,0.0,-16.79,41.35
141,QIPT.O,큅트 홈 메디컬,5,120,14,24,69,1.0,10.0,6.28,0.0,-16.7,44.32
141,DTI.O,드릴링 툴스 인터내셔널,5,120,14,24,69,1.0,10.0,6.28,129.68,-13.49,43.8
141,SHMD.O,슈미드 그룹,5,120,14,24,69,1.0,10.0,6.28,0.0,-16.44,39.17
141,CZFS.O,시티즌스 파이낸셜 서비시스,5,120,14,24,69,1.0,10.0,6.28,0.0,-15.78,39.2
141,ILPT.O,인더스트리얼 로지스틱스 프로퍼티,5,120,14,24,69,1.0,10.0,6.28,14.32,-16.81,46.84
141,SVCO.O,실바코 그룹,5,120,14,24,69,1.0,10.0,6.28,0.0,-30.79,40.32
141,BAFN.O,베이퍼스트 파이낸셜,5,120,14,24,69,1.0,10.0,6.28,0.0,-15.98,43.44
141,SNCY.O,선 컨트리 에어라인즈 홀딩스,5,120,14,24,69,1.0,10.0,6.28,0.0,-18.09,51.09
141,DNUT.O,크리스피 크림,5,120,14,24,69,1.0,10.0,6.28,0.0,-11.03,50.22
141,PYCR.O,페이코어 HCM,5,120,14,24,69,1.0,10.0,6.28,0.0,-11.92,46.9
141,DRVN.O,드리븐 브랜즈 홀딩스,5,120,14,24,69,1.0,10.0,6.28,0.0,-8.79,44.56
141,FTRE.O,포트레아 홀딩스,5,120,14,24,69,1.0,10.0,6.28,0.0,-13.13,44.84
141,ZD.O,지프 데이비스,5,120,14,24,69,1.0,10.0,6.28,0.0,-19.95,33.55
141,XRX.O,제록스 홀딩스,5,120,14,24,69,1.0,10.0,6.28,0.0,-10.84,42.65
141,ASTL.O,알고마 스틸 그룹,5,120,14,24,69,1.0,10.0,6.28,0.0,-9.58,43.62
141,BHRB.O,버크 & 허버트 뱅크 & 트러스트,5,120,14,24,69,1.0,10.0,6.28,0.0,-30.81,39.34
141,DALN.O,달라스뉴스,5,120,14,34,54,1.0,10.0,6.19,-24.46,-11.86,37.36
141,SVCO.O,실바코 그룹,5,120,14,34,54,1.0,10.0,6.19,0.0,-30.79,40.32
141,SNT.O,센스타 테크놀로지스,5,120,14,34,54,1.0,10.0,6.19,17.22,-15.09,50.32
141,BAFN.O,베이퍼스트 파이낸셜,5,120,14,34,54,1.0,10.0,6.19,-25.83,-15.98,43.44
141,OPI.O,오피스 프로퍼티 인컴 트러스트,5,120,14,34,54,1.0,10.0,6.19,-28.19,-18.39,39.32
141,GECC.O,그레이트 엘름 캐피털,5,120,14,34,54,1.0,10.0,6.19,-25.56,-15.75,38.33
141,KGEI.O,콜리브리 글로벌 에너지,5,120,14,34,54,1.0,10.0,6.19,0.0,-16.79,41.35
141,QIPT.O,큅트 홈 메디컬,5,120,14,34,54,1.0,10.0,6.19,37.89,-16.7,44.32
141,DTI.O,드릴링 툴스 인터내셔널,5,120,14,34,54,1.0,10.0,6.19,129.68,-13.49,43.8
141,SHMD.O,슈미드 그룹,5,120,14,34,54,1.0,10.0,6.19,0.0,-16.44,39.17
141,CZFS.O,시티즌스 파이낸셜 서비시스,5,120,14,34,54,1.0,10.0,6.19,0.0,-15.78,39.2
141,ILPT.O,인더스트리얼 로지스틱스 프로퍼티,5,120,14,34,54,1.0,10.0,6.19,14.32,-16.81,46.84
141,BHRB.O,버크 & 허버트 뱅크 & 트러스트,5,120,14,34,54,1.0,10.0,6.19,0.0,-30.81,39.34
141,QRTEP.O,큐레이트 리테일 우선주 8.0%,5,120,14,34,54,1.0,10.0,6.19,-8.59,-11.69,45.01
141,SNCY.O,선 컨트리 에어라인즈 홀딩스,5,120,14,34,54,1.0,10.0,6.19,-25.64,-18.09,51.09
141,ARKO.O,아르코,5,120,14,34,54,1.0,10.0,6.19,0.0,-7.11,39.68
141,ZD.O,지프 데이비스,5,120,14,34,54,1.0,10.0,6.19,0.0,-19.95,33.55
141,ASTL.O,알고마 스틸 그룹,5,120,14,34,54,1.0,10.0,6.19,24.6,-9.58,43.62
141,XRX.O,제록스 홀딩스,5,120,14,34,54,1.0,10.0,6.19,0.0,-10.84,42.65
141,DNUT.O,크리스피 크림,5,120,14,34,54,1.0,10.0,6.19,0.0,-11.03,50.22
141,FTRE.O,포트레아 홀딩스,5,120,14,34,54,1.0,10.0,6.19,0.0,-13.13,44.84
141,DRVN.O,드리븐 브랜즈 홀딩스,5,120,14,34,54,1.0,10.0,6.19,0.0,-8.79,44.56
141,PYCR.O,페이코어 HCM,5,120,14,34,54,1.0,10.0,6.19,0.0,-11.92,46.9
141,TIGO.O,밀리콤 인터내셔널 셀룰러,5,120,14,34,54,1.0,10.0,6.19,55.26,-8.46,43.29
141,AZTA.O,아젠타,5,120,14,34,54,1.0,10.0,6.19,14.11,-15.88,49.84
141,AZTA.O,아젠타,5,120,14,29,59,1.0,10.0,5.81,0.0,-15.88,49.84
141,SNT.O,센스타 테크놀로지스,5,120,14,29,59,1.0,10.0,5.81,17.22,-15.09,50.32
141,QRTEP.O,큐레이트 리테일 우선주 8.0%,5,120,14,29,59,1.0,10.0,5.81,42.88,-11.69,45.01
141,DALN.O,달라스뉴스,5,120,14,29,59,1.0,10.0,5.81,0.0,-11.86,37.36
141,TIGO.O,밀리콤 인터내셔널 셀룰러,5,120,14,29,59,1.0,10.0,5.81,-3.9,-8.46,43.29
141,BAFN.O,베이퍼스트 파이낸셜,5,120,14,29,59,1.0,10.0,5.81,-8.74,-15.98,43.44
141,OPI.O,오피스 프로퍼티 인컴 트러스트,5,120,14,29,59,1.0,10.0,5.81,-50.14,-18.39,39.32
141,GECC.O,그레이트 엘름 캐피털,5,120,14,29,59,1.0,10.0,5.81,4.89,-15.75,38.33
141,KGEI.O,콜리브리 글로벌 에너지,5,120,14,29,59,1.0,10.0,5.81,0.0,-16.79,41.35
141,QIPT.O,큅트 홈 메디컬,5,120,14,29,59,1.0,10.0,5.81,0.0,-16.7,44.32
141,DTI.O,드릴링 툴스 인터내셔널,5,120,14,29,59,1.0,10.0,5.81,129.68,-13.49,43.8
141,CZFS.O,시티즌스 파이낸셜 서비시스,5,120,14,29,59,1.0,10.0,5.81,0.0,-15.78,39.2
141,ILPT.O,인더스트리얼 로지스틱스 프로퍼티,5,120,14,29,59,1.0,10.0,5.81,14.32,-16.81,46.84
141,SVCO.O,실바코 그룹,5,120,14,29,59,1.0,10.0,5.81,0.0,-30.79,40.32
141,SHMD.O,슈미드 그룹,5,120,14,29,59,1.0,10.0,5.81,0.0,-16.44,39.17
141,SNCY.O,선 컨트리 에어라인즈 홀딩스,5,120,14,29,59,1.0,10.0,5.81,-25.64,-18.09,51.09
141,DNUT.O,크리스피 크림,5,120,14,29,59,1.0,10.0,5.81,0.0,-11.03,50.22
141,ARKO.O,아르코,5,120,14,29,59,1.0,10.0,5.81,0.0,-7.11,39.68
141,PYCR.O,페이코어 HCM,5,120,14,29,59,1.0,10.0,5.81,0.0,-11.92,46.9
141,DRVN.O,드리븐 브랜즈 홀딩스,5,120,14,29,59,1.0,10.0,5.81,0.0,-8.79,44.56
141,FTRE.O,포트레아 홀딩스,5,120,14,29,59,1.0,10.0,5.81,0.0,-13.13,44.84
141,ZD.O,지프 데이비스,5,120,14,29,59,1.0,10.0,5.81,0.0,-19.95,33.55
141,XRX.O,제록스 홀딩스,5,120,14,29,59,1.0,10.0,5.81,0.0,-10.84,42.65
141,ASTL.O,알고마 스틸 그룹,5,120,14,29,59,1.0,10.0,5.81,24.6,-9.58,43.62
141,BHRB.O,버크 & 허버트 뱅크 & 트러스트,5,120,14,29,59,1.0,10.0,5.81,0.0,-30.81,39.34
141,SVCO.O,실바코 그룹,5,120,14,34,59,1.0,10.0,4.65,0.0,-30.79,40.32
141,PYCR.O,페이코어 HCM,5,120,14,34,59,1.0,10.0,4.65,0.0,-11.92,46.9
141,DRVN.O,드리븐 브랜즈 홀딩스,5,120,14,34,59,1.0,10.0,4.65,0.0,-8.79,44.56
141,FTRE.O,포트레아 홀딩스,5,120,14,34,59,1.0,10.0,4.65,0.0,-13.13,44.84
141,DNUT.O,크리스피 크림,5,120,14,34,59,1.0,10.0,4.65,0.0,-11.03,50.22
141,XRX.O,제록스 홀딩스,5,120,14,34,59,1.0,10.0,4.65,0.0,-10.84,42.65
141,ASTL.O,알고마 스틸 그룹,5,120,14,34,59,1.0,10.0,4.65,24.6,-9.58,43.62
141,BHRB.O,버크 & 허버트 뱅크 & 트러스트,5,120,14,34,59,1.0,10.0,4.65,0.0,-30.81,39.34
141,ARKO.O,아르코,5,120,14,34,59,1.0,10.0,4.65,0.0,-7.11,39.68
141,SNCY.O,선 컨트리 에어라인즈 홀딩스,5,120,14,34,59,1.0,10.0,4.65,-25.64,-18.09,51.09
141,QRTEP.O,큐레이트 리테일 우선주 8.0%,5,120,14,34,59,1.0,10.0,4.65,-8.59,-11.69,45.01
141,TIGO.O,밀리콤 인터내셔널 셀룰러,5,120,14,34,59,1.0,10.0,4.65,-3.9,-8.46,43.29
141,ILPT.O,인더스트리얼 로지스틱스 프로퍼티,5,120,14,34,59,1.0,10.0,4.65,14.32,-16.81,46.84
141,CZFS.O,시티즌스 파이낸셜 서비시스,5,120,14,34,59,1.0,10.0,4.65,0.0,-15.78,39.2
141,SHMD.O,슈미드 그룹,5,120,14,34,59,1.0,10.0,4.65,0.0,-16.44,39.17
141,DTI.O,드릴링 툴스 인터내셔널,5,120,14,34,59,1.0,10.0,4.65,129.68,-13.49,43.8
141,QIPT.O,큅트 홈 메디컬,5,120,14,34,59,1.0,10.0,4.65,54.66,-16.7,44.32
141,KGEI.O,콜리브리 글로벌 에너지,5,120,14,34,59,1.0,10.0,4.65,0.0,-16.79,41.35
141,GECC.O,그레이트 엘름 캐피털,5,120,14,34,59,1.0,10.0,4.65,-25.56,-15.75,38.33
141,OPI.O,오피스 프로퍼티 인컴 트러스트,5,120,14,34,59,1.0,10.0,4.65,-24.3,-18.39,39.32
141,BAFN.O,베이퍼스트 파이낸셜,5,120,14,34,59,1.0,10.0,4.65,-25.83,-15.98,43.44
141,SNT.O,센스타 테크놀로지스,5,120,14,34,59,1.0,10.0,4.65,17.22,-15.09,50.32
141,DALN.O,달라스뉴스,5,120,14,34,59,1.0,10.0,4.65,-24.46,-11.86,37.36
141,ZD.O,지프 데이비스,5,120,14,34,59,1.0,10.0,4.65,0.0,-19.95,33.55
141,AZTA.O,아젠타,5,120,14,34,59,1.0,10.0,4.65,14.11,-15.88,49.84
141,SNT.O,센스타 테크놀로지스,5,120,14,29,64,1.0,10.0,4.5,17.22,-15.09,50.32
141,SNCY.O,선 컨트리 에어라인즈 홀딩스,5,120,14,29,79,1.0,10.0,4.5,-25.64,-18.09,51.09
141,OPI.O,오피스 프로퍼티 인컴 트러스트,5,120,14,29,79,1.0,10.0,4.5,-50.14,-18.39,39.32
141,GECC.O,그레이트 엘름 캐피털,5,120,14,29,79,1.0,10.0,4.5,4.89,-15.75,38.33
141,KGEI.O,콜리브리 글로벌 에너지,5,120,14,29,79,1.0,10.0,4.5,0.0,-16.79,41.35
141,QIPT.O,큅트 홈 메디컬,5,120,14,29,79,1.0,10.0,4.5,0.0,-16.7,44.32
141,DTI.O,드릴링 툴스 인터내셔널,5,120,14,29,79,1.0,10.0,4.5,129.68,-13.49,43.8
141,SHMD.O,슈미드 그룹,5,120,14,29,79,1.0,10.0,4.5,0.0,-16.44,39.17
141,CZFS.O,시티즌스 파이낸셜 서비시스,5,120,14,29,79,1.0,10.0,4.5,0.0,-15.78,39.2
141,ILPT.O,인더스트리얼 로지스틱스 프로퍼티,5,120,14,29,79,1.0,10.0,4.5,14.32,-16.81,46.84
141,SVCO.O,실바코 그룹,5,120,14,29,79,1.0,10.0,4.5,0.0,-30.79,40.32
141,QRTEP.O,큐레이트 리테일 우선주 8.0%,5,120,14,29,79,1.0,10.0,4.5,42.88,-11.69,45.01
141,ARKO.O,아르코,5,120,14,29,79,1.0,10.0,4.5,0.0,-7.11,39.68
141,DALN.O,달라스뉴스,5,120,14,29,64,1.0,10.0,4.5,0.0,-11.86,37.36
141,BHRB.O,버크 & 허버트 뱅크 & 트러스트,5,120,14,29,79,1.0,10.0,4.5,0.0,-30.81,39.34
141,ASTL.O,알고마 스틸 그룹,5,120,14,29,79,1.0,10.0,4.5,-7.73,-9.58,43.62
141,XRX.O,제록스 홀딩스,5,120,14,29,79,1.0,10.0,4.5,0.0,-10.84,42.65
141,DNUT.O,크리스피 크림,5,120,14,29,79,1.0,10.0,4.5,0.0,-11.03,50.22
141,FTRE.O,포트레아 홀딩스,5,120,14,29,79,1.0,10.0,4.5,0.0,-13.13,44.84
141,DRVN.O,드리븐 브랜즈 홀딩스,5,120,14,29,79,1.0,10.0,4.5,0.0,-8.79,44.56
141,PYCR.O,페이코어 HCM,5,120,14,29,79,1.0,10.0,4.5,0.0,-11.92,46.9
141,ZD.O,지프 데이비스,5,120,14,29,79,1.0,10.0,4.5,0.0,-19.95,33.55
141,AZTA.O,아젠타,5,120,14,29,79,1.0,10.0,4.5,0.0,-15.88,49.84
141,TIGO.O,밀리콤 인터내셔널 셀룰러,5,120,14,29,79,1.0,10.0,4.5,-4.26,-8.46,43.29
141,BAFN.O,베이퍼스트 파이낸셜,5,120,14,29,79,1.0,10.0,4.5,-8.74,-15.98,43.44
141,SNT.O,센스타 테크놀로지스,5,120,14,29,79,1.0,10.0,4.5,17.22,-15.09,50.32
141,DALN.O,달라스뉴스,5,120,14,29,79,1.0,10.0,4.5,0.0,-11.86,37.36
141,OPI.O,오피스 프로퍼티 인컴 트러스트,5,120,14,29,64,1.0,10.0,4.5,-50.14,-18.39,39.32
141,TIGO.O,밀리콤 인터내셔널 셀룰러,5,120,14,29,64,1.0,10.0,4.5,-4.26,-8.46,43.29
141,AZTA.O,아젠타,5,120,14,29,64,1.0,10.0,4.5,0.0,-15.88,49.84
141,ZD.O,지프 데이비스,5,120,14,29,64,1.0,10.0,4.5,0.0,-19.95,33.55
141,PYCR.O,페이코어 HCM,5,120,14,29,64,1.0,10.0,4.5,0.0,-11.92,46.9
141,DRVN.O,드리븐 브랜즈 홀딩스,5,120,14,29,64,1.0,10.0,4.5,0.0,-8.79,44.56
141,FTRE.O,포트레아 홀딩스,5,120,14,29,64,1.0,10.0,4.5,0.0,-13.13,44.84
141,DNUT.O,크리스피 크림,5,120,14,29,64,1.0,10.0,4.5,0.0,-11.03,50.22
141,XRX.O,제록스 홀딩스,5,120,14,29,64,1.0,10.0,4.5,0.0,-10.84,42.65
141,ASTL.O,알고마 스틸 그룹,5,120,14,29,64,1.0,10.0,4.5,-7.73,-9.58,43.62
141,BHRB.O,버크 & 허버트 뱅크 & 트러스트,5,120,14,29,64,1.0,10.0,4.5,0.0,-30.81,39.34
141,ARKO.O,아르코,5,120,14,29,64,1.0,10.0,4.5,0.0,-7.11,39.68
141,SNCY.O,선 컨트리 에어라인즈 홀딩스,5,120,14,29,64,1.0,10.0,4.5,-25.64,-18.09,51.09
141,QRTEP.O,큐레이트 리테일 우선주 8.0%,5,120,14,29,64,1.0,10.0,4.5,42.88,-11.69,45.01
141,SVCO.O,실바코 그룹,5,120,14,29,64,1.0,10.0,4.5,0.0,-30.79,40.32
141,ILPT.O,인더스트리얼 로지스틱스 프로퍼티,5,120,14,29,64,1.0,10.0,4.5,14.32,-16.81,46.84
141,CZFS.O,시티즌스 파이낸셜 서비시스,5,120,14,29,64,1.0,10.0,4.5,0.0,-15.78,39.2
141,SHMD.O,슈미드 그룹,5,120,14,29,64,1.0,10.0,4.5,0.0,-16.44,39.17
141,DTI.O,드릴링 툴스 인터내셔널,5,120,14,29,64,1.0,10.0,4.5,129.68,-13.49,43.8
141,QIPT.O,큅트 홈 메디컬,5,120,14,29,64,1.0,10.0,4.5,0.0,-16.7,44.32
141,KGEI.O,콜리브리 글로벌 에너지,5,120,14,29,64,1.0,10.0,4.5,0.0,-16.79,41.35
141,GECC.O,그레이트 엘름 캐피털,5,120,14,29,64,1.0,10.0,4.5,4.89,-15.75,38.33
141,DALN.O,달라스뉴스,5,120,14,29,74,1.0,10.0,4.5,0.0,-11.86,37.36
141,SNT.O,센스타 테크놀로지스,5,120,14,29,74,1.0,10.0,4.5,17.22,-15.09,50.32
141,BAFN.O,베이퍼스트 파이낸셜,5,120,14,29,74,1.0,10.0,4.5,-8.74,-15.98,43.44
141,OPI.O,오피스 프로퍼티 인컴 트러스트,5,120,14,29,74,1.0,10.0,4.5,-50.14,-18.39,39.32
141,GECC.O,그레이트 엘름 캐피털,5,120,14,29,69,1.0,10.0,4.5,4.89,-15.75,38.33
141,KGEI.O,콜리브리 글로벌 에너지,5,120,14,29,69,1.0,10.0,4.5,0.0,-16.79,41.35
141,QIPT.O,큅트 홈 메디컬,5,120,14,29,69,1.0,10.0,4.5,0.0,-16.7,44.32
141,DTI.O,드릴링 툴스 인터내셔널,5,120,14,29,69,1.0,10.0,4.5,129.68,-13.49,43.8
141,SHMD.O,슈미드 그룹,5,120,14,29,69,1.0,10.0,4.5,0.0,-16.44,39.17
141,CZFS.O,시티즌스 파이낸셜 서비시스,5,120,14,29,69,1.0,10.0,4.5,0.0,-15.78,39.2
141,ILPT.O,인더스트리얼 로지스틱스 프로퍼티,5,120,14,29,69,1.0,10.0,4.5,14.32,-16.81,46.84
141,SVCO.O,실바코 그룹,5,120,14,29,69,1.0,10.0,4.5,0.0,-30.79,40.32
141,QRTEP.O,큐레이트 리테일 우선주 8.0%,5,120,14,29,69,1.0,10.0,4.5,42.88,-11.69,45.01
141,SNCY.O,선 컨트리 에어라인즈 홀딩스,5,120,14,29,69,1.0,10.0,4.5,-25.64,-18.09,51.09
141,ARKO.O,아르코,5,120,14,29,69,1.0,10.0,4.5,0.0,-7.11,39.68
141,BHRB.O,버크 & 허버트 뱅크 & 트러스트,5,120,14,29,69,1.0,10.0,4.5,0.0,-30.81,39.34
141,ASTL.O,알고마 스틸 그룹,5,120,14,29,69,1.0,10.0,4.5,-7.73,-9.58,43.62
141,XRX.O,제록스 홀딩스,5,120,14,29,69,1.0,10.0,4.5,0.0,-10.84,42.65
141,DNUT.O,크리스피 크림,5,120,14,29,69,1.0,10.0,4.5,0.0,-11.03,50.22
141,FTRE.O,포트레아 홀딩스,5,120,14,29,69,1.0,10.0,4.5,0.0,-13.13,44.84
141,DRVN.O,드리븐 브랜즈 홀딩스,5,120,14,29,69,1.0,10.0,4.5,0.0,-8.79,44.56
141,PYCR.O,페이코어 HCM,5,120,14,29,69,1.0,10.0,4.5,0.0,-11.92,46.9
141,ZD.O,지프 데이비스,5,120,14,29,69,1.0,10.0,4.5,0.0,-19.95,33.55
141,AZTA.O,아젠타,5,120,14,29,69,1.0,10.0,4.5,0.0,-15.88,49.84
141,TIGO.O,밀리콤 인터내셔널 셀룰러,5,120,14,29,69,1.0,10.0,4.5,-4.26,-8.46,43.29
141,OPI.O,오피스 프로퍼티 인컴 트러스트,5,120,14,29,69,1.0,10.0,4.5,-50.14,-18.39,39.32
141,BAFN.O,베이퍼스트 파이낸셜,5,120,14,29,69,1.0,10.0,4.5,-8.74,-15.98,43.44
141,SNT.O,센스타 테크놀로지스,5,120,14,29,69,1.0,10.0,4.5,17.22,-15.09,50.32
141,BAFN.O,베이퍼스트 파이낸셜,5,120,14,29,64,1.0,10.0,4.5,-8.74,-15.98,43.44
141,GECC.O,그레이트 엘름 캐피털,5,120,14,29,74,1.0,10.0,4.5,4.89,-15.75,38.33
141,KGEI.O,콜리브리 글로벌 에너지,5,120,14,29,74,1.0,10.0,4.5,0.0,-16.79,41.35
141,QIPT.O,큅트 홈 메디컬,5,120,14,29,74,1.0,10.0,4.5,0.0,-16.7,44.32
141,DTI.O,드릴링 툴스 인터내셔널,5,120,14,29,74,1.0,10.0,4.5,129.68,-13.49,43.8
141,SHMD.O,슈미드 그룹,5,120,14,29,74,1.0,10.0,4.5,0.0,-16.44,39.17
141,CZFS.O,시티즌스 파이낸셜 서비시스,5,120,14,29,74,1.0,10.0,4.5,0.0,-15.78,39.2
141,ILPT.O,인더스트리얼 로지스틱스 프로퍼티,5,120,14,29,74,1.0,10.0,4.5,14.32,-16.81,46.84
141,SVCO.O,실바코 그룹,5,120,14,29,74,1.0,10.0,4.5,0.0,-30.79,40.32
141,QRTEP.O,큐레이트 리테일 우선주 8.0%,5,120,14,29,74,1.0,10.0,4.5,42.88,-11.69,45.01
141,SNCY.O,선 컨트리 에어라인즈 홀딩스,5,120,14,29,74,1.0,10.0,4.5,-25.64,-18.09,51.09
141,ARKO.O,아르코,5,120,14,29,74,1.0,10.0,4.5,0.0,-7.11,39.68
141,BHRB.O,버크 & 허버트 뱅크 & 트러스트,5,120,14,29,74,1.0,10.0,4.5,0.0,-30.81,39.34
141,ASTL.O,알고마 스틸 그룹,5,120,14,29,74,1.0,10.0,4.5,-7.73,-9.58,43.62
141,XRX.O,제록스 홀딩스,5,120,14,29,74,1.0,10.0,4.5,0.0,-10.84,42.65
141,DNUT.O,크리스피 크림,5,120,14,29,74,1.0,10.0,4.5,0.0,-11.03,50.22
141,FTRE.O,포트레아 홀딩스,5,120,14,29,74,1.0,10.0,4.5,0.0,-13.13,44.84
141,DRVN.O,드리븐 브랜즈 홀딩스,5,120,14,29,74,1.0,10.0,4.5,0.0,-8.79,44.56
141,PYCR.O,페이코어 HCM,5,120,14,29,74,1.0,10.0,4.5,0.0,-11.92,46.9
141,ZD.O,지프 데이비스,5,120,14,29,74,1.0,10.0,4.5,0.0,-19.95,33.55
141,AZTA.O,아젠타,5,120,14,29,74,1.0,10.0,4.5,0.0,-15.88,49.84
141,TIGO.O,밀리콤 인터내셔널 셀룰러,5,120,14,29,74,1.0,10.0,4.5,-4.26,-8.46,43.29
141,DALN.O,달라스뉴스,5,120,14,29,69,1.0,10.0,4.5,0.0,-11.86,37.36
141,AZTA.O,아젠타,5,60,14,24,54,1.0,10.0,4.25,0.0,-15.88,49.84
141,TIGO.O,밀리콤 인터내셔널 셀룰러,5,60,14,24,54,1.0,10.0,4.25,54.21,-8.46,43.29
141,SVCO.O,실바코 그룹,5,60,14,24,54,1.0,10.0,4.25,0.0,-30.79,40.32
141,SNT.O,센스타 테크놀로지스,5,60,14,24,54,1.0,10.0,4.25,22.1,-15.09,50.32
141,PYCR.O,페이코어 HCM,5,60,14,24,54,1.0,10.0,4.25,0.0,-11.92,46.9
141,DRVN.O,드리븐 브랜즈 홀딩스,5,60,14,24,54,1.0,10.0,4.25,0.0,-8.79,44.56
141,FTRE.O,포트레아 홀딩스,5,60,14,24,54,1.0,10.0,4.25,0.0,-13.13,44.84
141,DNUT.O,크리스피 크림,5,60,14,24,54,1.0,10.0,4.25,0.0,-11.03,50.22
141,XRX.O,제록스 홀딩스,5,60,14,24,54,1.0,10.0,4.25,0.0,-10.84,42.65
141,ASTL.O,알고마 스틸 그룹,5,60,14,24,54,1.0,10.0,4.25,0.0,-9.58,43.62
141,BHRB.O,버크 & 허버트 뱅크 & 트러스트,5,60,14,24,54,1.0,10.0,4.25,0.0,-30.81,39.34
141,ARKO.O,아르코,5,60,14,24,54,1.0,10.0,4.25,0.0,-7.11,39.68
141,SNCY.O,선 컨트리 에어라인즈 홀딩스,5,60,14,24,54,1.0,10.0,4.25,0.0,-18.09,51.09
141,QRTEP.O,큐레이트 리테일 우선주 8.0%,5,60,14,24,54,1.0,10.0,4.25,-16.26,-11.69,45.01
141,DALN.O,달라스뉴스,5,60,14,24,54,1.0,10.0,4.25,0.0,-11.86,37.36
141,ILPT.O,인더스트리얼 로지스틱스 프로퍼티,5,60,14,24,54,1.0,10.0,4.25,-11.3,-16.81,46.84
141,CZFS.O,시티즌스 파이낸셜 서비시스,5,60,14,24,54,1.0,10.0,4.25,0.0,-15.78,39.2
141,SHMD.O,슈미드 그룹,5,60,14,24,54,1.0,10.0,4.25,0.0,-16.44,39.17
141,DTI.O,드릴링 툴스 인터내셔널,5,60,14,24,54,1.0,10.0,4.25,23.77,-13.49,43.8
141,QIPT.O,큅트 홈 메디컬,5,60,14,24,54,1.0,10.0,4.25,0.0,-16.7,44.32
141,KGEI.O,콜리브리 글로벌 에너지,5,60,14,24,54,1.0,10.0,4.25,0.0,-16.79,41.35
141,GECC.O,그레이트 엘름 캐피털,5,60,14,24,54,1.0,10.0,4.25,-16.75,-15.75,38.33
141,OPI.O,오피스 프로퍼티 인컴 트러스트,5,60,14,24,54,1.0,10.0,4.25,50.49,-18.39,39.32
141,ZD.O,지프 데이비스,5,60,14,24,54,1.0,10.0,4.25,0.0,-19.95,33.55
141,BAFN.O,베이퍼스트 파이낸셜,5,60,14,24,54,1.0,10.0,4.25,0.0,-15.98,43.44
141,ZD.O,지프 데이비스,5,60,14,24,59,1.0,10.0,1.96,0.0,-19.95,33.55
141,SVCO.O,실바코 그룹,5,60,14,24,59,1.0,10.0,1.96,0.0,-30.79,40.32
141,BAFN.O,베이퍼스트 파이낸셜,5,60,14,24,59,1.0,10.0,1.96,0.0,-15.98,43.44
141,OPI.O,오피스 프로퍼티 인컴 트러스트,5,60,14,24,59,1.0,10.0,1.96,50.49,-18.39,39.32
141,GECC.O,그레이트 엘름 캐피털,5,60,14,24,59,1.0,10.0,1.96,-16.75,-15.75,38.33
141,KGEI.O,콜리브리 글로벌 에너지,5,60,14,24,59,1.0,10.0,1.96,0.0,-16.79,41.35
141,QIPT.O,큅트 홈 메디컬,5,60,14,24,59,1.0,10.0,1.96,0.0,-16.7,44.32
141,DTI.O,드릴링 툴스 인터내셔널,5,60,14,24,59,1.0,10.0,1.96,23.77,-13.49,43.8
141,SHMD.O,슈미드 그룹,5,60,14,24,59,1.0,10.0,1.96,0.0,-16.44,39.17
141,CZFS.O,시티즌스 파이낸셜 서비시스,5,60,14,24,59,1.0,10.0,1.96,0.0,-15.78,39.2
141,ILPT.O,인더스트리얼 로지스틱스 프로퍼티,5,60,14,24,59,1.0,10.0,1.96,-11.3,-16.81,46.84
141,QRTEP.O,큐레이트 리테일 우선주 8.0%,5,60,14,24,59,1.0,10.0,1.96,-16.26,-11.69,45.01
141,TIGO.O,밀리콤 인터내셔널 셀룰러,5,60,14,24,59,1.0,10.0,1.96,-2.92,-8.46,43.29
141,SNCY.O,선 컨트리 에어라인즈 홀딩스,5,60,14,24,59,1.0,10.0,1.96,0.0,-18.09,51.09
141,ARKO.O,아르코,5,60,14,24,59,1.0,10.0,1.96,0.0,-7.11,39.68
141,BHRB.O,버크 & 허버트 뱅크 & 트러스트,5,60,14,24,59,1.0,10.0,1.96,0.0,-30.81,39.34
141,ASTL.O,알고마 스틸 그룹,5,60,14,24,59,1.0,10.0,1.96,0.0,-9.58,43.62
141,XRX.O,제록스 홀딩스,5,60,14,24,59,1.0,10.0,1.96,0.0,-10.84,42.65
141,DNUT.O,크리스피 크림,5,60,14,24,59,1.0,10.0,1.96,0.0,-11.03,50.22
141,FTRE.O,포트레아 홀딩스,5,60,14,24,59,1.0,10.0,1.96,0.0,-13.13,44.84
141,DRVN.O,드리븐 브랜즈 홀딩스,5,60,14,24,59,1.0,10.0,1.96,0.0,-8.79,44.56
141,PYCR.O,페이코어 HCM,5,60,14,24,59,1.0,10.0,1.96,0.0,-11.92,46.9
141,AZTA.O,아젠타,5,60,14,24,59,1.0,10.0,1.96,0.0,-15.88,49.84
141,SNT.O,센스타 테크놀로지스,5,60,14,24,59,1.0,10.0,1.96,22.1,-15.09,50.32
141,DALN.O,달라스뉴스,5,60,14,24,59,1.0,10.0,1.96,0.0,-11.86,37.36
141,SHMD.O,슈미드 그룹,5,120,14,39,54,1.0,10.0,0.73,0.0,-16.44,39.17
141,DNUT.O,크리스피 크림,5,120,14,39,54,1.0,10.0,0.73,-16.87,-11.03,50.22
141,XRX.O,제록스 홀딩스,5,120,14,39,54,1.0,10.0,0.73,0.0,-10.84,42.65
141,ASTL.O,알고마 스틸 그룹,5,120,14,39,54,1.0,10.0,0.73,24.6,-9.58,43.62
141,BHRB.O,버크 & 허버트 뱅크 & 트러스트,5,120,14,39,54,1.0,10.0,0.73,0.0,-30.81,39.34
141,ARKO.O,아르코,5,120,14,39,54,1.0,10.0,0.73,0.0,-7.11,39.68
141,SNCY.O,선 컨트리 에어라인즈 홀딩스,5,120,14,39,54,1.0,10.0,0.73,-25.64,-18.09,51.09
141,QRTEP.O,큐레이트 리테일 우선주 8.0%,5,120,14,39,54,1.0,10.0,0.73,-8.59,-11.69,45.01
141,SVCO.O,실바코 그룹,5,120,14,39,54,1.0,10.0,0.73,0.0,-30.79,40.32
141,ILPT.O,인더스트리얼 로지스틱스 프로퍼티,5,120,14,39,54,1.0,10.0,0.73,16.42,-16.81,46.84
141,CZFS.O,시티즌스 파이낸셜 서비시스,5,120,14,39,54,1.0,10.0,0.73,-51.76,-15.78,39.2
141,DTI.O,드릴링 툴스 인터내셔널,5,120,14,39,54,1.0,10.0,0.73,129.68,-13.49,43.8
141,TIGO.O,밀리콤 인터내셔널 셀룰러,5,120,14,39,54,1.0,10.0,0.73,55.26,-8.46,43.29
141,QIPT.O,큅트 홈 메디컬,5,120,14,39,54,1.0,10.0,0.73,37.89,-16.7,44.32
141,KGEI.O,콜리브리 글로벌 에너지,5,120,14,39,54,1.0,10.0,0.73,0.0,-16.79,41.35
141,GECC.O,그레이트 엘름 캐피털,5,120,14,39,54,1.0,10.0,0.73,-23.46,-15.75,38.33
141,OPI.O,오피스 프로퍼티 인컴 트러스트,5,120,14,39,54,1.0,10.0,0.73,-31.91,-18.39,39.32
141,BAFN.O,베이퍼스트 파이낸셜,5,120,14,39,54,1.0,10.0,0.73,-25.83,-15.98,43.44
141,SNT.O,센스타 테크놀로지스,5,120,14,39,54,1.0,10.0,0.73,17.22,-15.09,50.32
141,DALN.O,달라스뉴스,5,120,14,39,54,1.0,10.0,0.73,-24.46,-11.86,37.36
141,PYCR.O,페이코어 HCM,5,120,14,39,54,1.0,10.0,0.73,-45.65,-11.92,46.9
141,ZD.O,지프 데이비스,5,120,14,39,54,1.0,10.0,0.73,-24.34,-19.95,33.55
141,AZTA.O,아젠타,5,120,14,39,54,1.0,10.0,0.73,14.11,-15.88,49.84
141,DRVN.O,드리븐 브랜즈 홀딩스,5,120,14,39,54,1.0,10.0,0.73,1.54,-8.79,44.56
141,FTRE.O,포트레아 홀딩스,5,120,14,39,54,1.0,10.0,0.73,0.0,-13.13,44.84
141,DALN.O,달라스뉴스,5,120,14,34,64,1.0,10.0,0.13,-24.46,-11.86,37.36
141,AZTA.O,아젠타,5,120,14,34,69,1.0,10.0,0.13,14.11,-15.88,49.84
141,PYCR.O,페이코어 HCM,5,120,14,34,69,1.0,10.0,0.13,0.0,-11.92,46.9
141,DRVN.O,드리븐 브랜즈 홀딩스,5,120,14,34,69,1.0,10.0,0.13,0.0,-8.79,44.56
141,FTRE.O,포트레아 홀딩스,5,120,14,34,69,1.0,10.0,0.13,0.0,-13.13,44.84
141,DNUT.O,크리스피 크림,5,120,14,34,69,1.0,10.0,0.13,0.0,-11.03,50.22
141,XRX.O,제록스 홀딩스,5,120,14,34,69,1.0,10.0,0.13,0.0,-10.84,42.65
141,ASTL.O,알고마 스틸 그룹,5,120,14,34,69,1.0,10.0,0.13,-7.73,-9.58,43.62
141,BHRB.O,버크 & 허버트 뱅크 & 트러스트,5,120,14,34,69,1.0,10.0,0.13,0.0,-30.81,39.34
141,ARKO.O,아르코,5,120,14,34,69,1.0,10.0,0.13,0.0,-7.11,39.68
141,SNCY.O,선 컨트리 에어라인즈 홀딩스,5,120,14,34,69,1.0,10.0,0.13,-25.64,-18.09,51.09
141,QRTEP.O,큐레이트 리테일 우선주 8.0%,5,120,14,34,69,1.0,10.0,0.13,-8.59,-11.69,45.01
141,SVCO.O,실바코 그룹,5,120,14,34,69,1.0,10.0,0.13,0.0,-30.79,40.32
141,ILPT.O,인더스트리얼 로지스틱스 프로퍼티,5,120,14,34,69,1.0,10.0,0.13,14.32,-16.81,46.84
141,SHMD.O,슈미드 그룹,5,120,14,34,69,1.0,10.0,0.13,0.0,-16.44,39.17
141,DTI.O,드릴링 툴스 인터내셔널,5,120,14,34,69,1.0,10.0,0.13,129.68,-13.49,43.8
141,QIPT.O,큅트 홈 메디컬,5,120,14,34,69,1.0,10.0,0.13,-23.59,-16.7,44.32
141,KGEI.O,콜리브리 글로벌 에너지,5,120,14,34,69,1.0,10.0,0.13,0.0,-16.79,41.35
141,GECC.O,그레이트 엘름 캐피털,5,120,14,34,69,1.0,10.0,0.13,-25.56,-15.75,38.33
141,OPI.O,오피스 프로퍼티 인컴 트러스트,5,120,14,34,69,1.0,10.0,0.13,-26.3,-18.39,39.32
141,BAFN.O,베이퍼스트 파이낸셜,5,120,14,34,69,1.0,10.0,0.13,-25.83,-15.98,43.44
141,SNT.O,센스타 테크놀로지스,5,120,14,34,69,1.0,10.0,0.13,17.22,-15.09,50.32
141,DALN.O,달라스뉴스,5,120,14,34,69,1.0,10.0,0.13,-24.46,-11.86,37.36
141,ZD.O,지프 데이비스,5,120,14,34,69,1.0,10.0,0.13,0.0,-19.95,33.55
141,TIGO.O,밀리콤 인터내셔널 셀룰러,5,120,14,34,69,1.0,10.0,0.13,-4.26,-8.46,43.29
141,AZTA.O,아젠타,5,120,14,34,74,1.0,10.0,0.13,14.11,-15.88,49.84
141,SNT.O,센스타 테크놀로지스,5,120,14,34,64,1.0,10.0,0.13,17.22,-15.09,50.32
141,ZD.O,지프 데이비스,5,120,14,34,64,1.0,10.0,0.13,0.0,-19.95,33.55
141,PYCR.O,페이코어 HCM,5,120,14,34,64,1.0,10.0,0.13,0.0,-11.92,46.9
141,DRVN.O,드리븐 브랜즈 홀딩스,5,120,14,34,64,1.0,10.0,0.13,0.0,-8.79,44.56
141,FTRE.O,포트레아 홀딩스,5,120,14,34,64,1.0,10.0,0.13,0.0,-13.13,44.84
141,DNUT.O,크리스피 크림,5,120,14,34,64,1.0,10.0,0.13,0.0,-11.03,50.22
141,XRX.O,제록스 홀딩스,5,120,14,34,64,1.0,10.0,0.13,0.0,-10.84,42.65
141,ASTL.O,알고마 스틸 그룹,5,120,14,34,64,1.0,10.0,0.13,-7.73,-9.58,43.62
141,BHRB.O,버크 & 허버트 뱅크 & 트러스트,5,120,14,34,64,1.0,10.0,0.13,0.0,-30.81,39.34
141,ARKO.O,아르코,5,120,14,34,64,1.0,10.0,0.13,0.0,-7.11,39.68
141,SNCY.O,선 컨트리 에어라인즈 홀딩스,5,120,14,34,64,1.0,10.0,0.13,-25.64,-18.09,51.09
141,QRTEP.O,큐레이트 리테일 우선주 8.0%,5,120,14,34,64,1.0,10.0,0.13,-8.59,-11.69,45.01
141,SVCO.O,실바코 그룹,5,120,14,34,64,1.0,10.0,0.13,0.0,-30.79,40.32
141,ILPT.O,인더스트리얼 로지스틱스 프로퍼티,5,120,14,34,64,1.0,10.0,0.13,14.32,-16.81,46.84
141,CZFS.O,시티즌스 파이낸셜 서비시스,5,120,14,34,64,1.0,10.0,0.13,0.0,-15.78,39.2
141,SHMD.O,슈미드 그룹,5,120,14,34,64,1.0,10.0,0.13,0.0,-16.44,39.17
141,DTI.O,드릴링 툴스 인터내셔널,5,120,14,34,64,1.0,10.0,0.13,129.68,-13.49,43.8
141,QIPT.O,큅트 홈 메디컬,5,120,14,34,64,1.0,10.0,0.13,-23.59,-16.7,44.32
141,KGEI.O,콜리브리 글로벌 에너지,5,120,14,34,64,1.0,10.0,0.13,0.0,-16.79,41.35
141,GECC.O,그레이트 엘름 캐피털,5,120,14,34,64,1.0,10.0,0.13,-25.56,-15.75,38.33
141,OPI.O,오피스 프로퍼티 인컴 트러스트,5,120,14,34,64,1.0,10.0,0.13,-26.3,-18.39,39.32
141,BAFN.O,베이퍼스트 파이낸셜,5,120,14,34,64,1.0,10.0,0.13,-25.83,-15.98,43.44
141,TIGO.O,밀리콤 인터내셔널 셀룰러,5,120,14,34,74,1.0,10.0,0.13,-4.26,-8.46,43.29
141,ZD.O,지프 데이비스,5,120,14,34,74,1.0,10.0,0.13,0.0,-19.95,33.55
141,TIGO.O,밀리콤 인터내셔널 셀룰러,5,120,14,34,64,1.0,10.0,0.13,-4.26,-8.46,43.29
141,ZD.O,지프 데이비스,5,120,14,34,79,1.0,10.0,0.13,0.0,-19.95,33.55
141,DRVN.O,드리븐 브랜즈 홀딩스,5,120,14,34,79,1.0,10.0,0.13,0.0,-8.79,44.56
141,FTRE.O,포트레아 홀딩스,5,120,14,34,79,1.0,10.0,0.13,0.0,-13.13,44.84
141,DNUT.O,크리스피 크림,5,120,14,34,79,1.0,10.0,0.13,0.0,-11.03,50.22
141,XRX.O,제록스 홀딩스,5,120,14,34,79,1.0,10.0,0.13,0.0,-10.84,42.65
141,ASTL.O,알고마 스틸 그룹,5,120,14,34,79,1.0,10.0,0.13,-7.73,-9.58,43.62
141,BHRB.O,버크 & 허버트 뱅크 & 트러스트,5,120,14,34,79,1.0,10.0,0.13,0.0,-30.81,39.34
141,ARKO.O,아르코,5,120,14,34,79,1.0,10.0,0.13,0.0,-7.11,39.68
141,SNCY.O,선 컨트리 에어라인즈 홀딩스,5,120,14,34,79,1.0,10.0,0.13,-25.64,-18.09,51.09
141,QRTEP.O,큐레이트 리테일 우선주 8.0%,5,120,14,34,79,1.0,10.0,0.13,-8.59,-11.69,45.01
141,SVCO.O,실바코 그룹,5,120,14,34,79,1.0,10.0,0.13,0.0,-30.79,40.32
141,ILPT.O,인더스트리얼 로지스틱스 프로퍼티,5,120,14,34,79,1.0,10.0,0.13,14.32,-16.81,46.84
141,CZFS.O,시티즌스 파이낸셜 서비시스,5,120,14,34,79,1.0,10.0,0.13,0.0,-15.78,39.2
141,SHMD.O,슈미드 그룹,5,120,14,34,79,1.0,10.0,0.13,0.0,-16.44,39.17
141,DTI.O,드릴링 툴스 인터내셔널,5,120,14,34,79,1.0,10.0,0.13,129.68,-13.49,43.8
141,QIPT.O,큅트 홈 메디컬,5,120,14,34,79,1.0,10.0,0.13,-23.59,-16.7,44.32
141,KGEI.O,콜리브리 글로벌 에너지,5,120,14,34,79,1.0,10.0,0.13,0.0,-16.79,41.35
141,GECC.O,그레이트 엘름 캐피털,5,120,14,34,79,1.0,10.0,0.13,-25.56,-15.75,38.33
141,OPI.O,오피스 프로퍼티 인컴 트러스트,5,120,14,34,79,1.0,10.0,0.13,-26.3,-18.39,39.32
141,BAFN.O,베이퍼스트 파이낸셜,5,120,14,34,79,1.0,10.0,0.13,-25.83,-15.98,43.44
141,SNT.O,센스타 테크놀로지스,5,120,14,34,79,1.0,10.0,0.13,17.22,-15.09,50.32
141,DALN.O,달라스뉴스,5,120,14,34,79,1.0,10.0,0.13,-24.46,-11.86,37.36
141,PYCR.O,페이코어 HCM,5,120,14,34,79,1.0,10.0,0.13,0.0,-11.92,46.9
141,AZTA.O,아젠타,5,120,14,34,79,1.0,10.0,0.13,14.11,-15.88,49.84
141,PYCR.O,페이코어 HCM,5,120,14,34,74,1.0,10.0,0.13,0.0,-11.92,46.9
141,TIGO.O,밀리콤 인터내셔널 셀룰러,5,120,14,34,79,1.0,10.0,0.13,-4.26,-8.46,43.29
141,DRVN.O,드리븐 브랜즈 홀딩스,5,120,14,34,74,1.0,10.0,0.13,0.0,-8.79,44.56
141,FTRE.O,포트레아 홀딩스,5,120,14,34,74,1.0,10.0,0.13,0.0,-13.13,44.84
141,DNUT.O,크리스피 크림,5,120,14,34,74,1.0,10.0,0.13,0.0,-11.03,50.22
141,XRX.O,제록스 홀딩스,5,120,14,34,74,1.0,10.0,0.13,0.0,-10.84,42.65
141,ASTL.O,알고마 스틸 그룹,5,120,14,34,74,1.0,10.0,0.13,-7.73,-9.58,43.62
141,BHRB.O,버크 & 허버트 뱅크 & 트러스트,5,120,14,34,74,1.0,10.0,0.13,0.0,-30.81,39.34
141,ARKO.O,아르코,5,120,14,34,74,1.0,10.0,0.13,0.0,-7.11,39.68
141,SNCY.O,선 컨트리 에어라인즈 홀딩스,5,120,14,34,74,1.0,10.0,0.13,-25.64,-18.09,51.09
141,QRTEP.O,큐레이트 리테일 우선주 8.0%,5,120,14,34,74,1.0,10.0,0.13,-8.59,-11.69,45.01
141,SVCO.O,실바코 그룹,5,120,14,34,74,1.0,10.0,0.13,0.0,-30.79,40.32
141,ILPT.O,인더스트리얼 로지스틱스 프로퍼티,5,120,14,34,74,1.0,10.0,0.13,14.32,-16.81,46.84
141,CZFS.O,시티즌스 파이낸셜 서비시스,5,120,14,34,74,1.0,10.0,0.13,0.0,-15.78,39.2
141,SHMD.O,슈미드 그룹,5,120,14,34,74,1.0,10.0,0.13,0.0,-16.44,39.17
141,DTI.O,드릴링 툴스 인터내셔널,5,120,14,34,74,1.0,10.0,0.13,129.68,-13.49,43.8
141,QIPT.O,큅트 홈 메디컬,5,120,14,34,74,1.0,10.0,0.13,-23.59,-16.7,44.32
141,KGEI.O,콜리브리 글로벌 에너지,5,120,14,34,74,1.0,10.0,0.13,0.0,-16.79,41.35
141,GECC.O,그레이트 엘름 캐피털,5,120,14,34,74,1.0,10.0,0.13,-25.56,-15.75,38.33
141,OPI.O,오피스 프로퍼티 인컴 트러스트,5,120,14,34,74,1.0,10.0,0.13,-26.3,-18.39,39.32
141,BAFN.O,베이퍼스트 파이낸셜,5,120,14,34,74,1.0,10.0,0.13,-25.83,-15.98,43.44
141,SNT.O,센스타 테크놀로지스,5,120,14,34,74,1.0,10.0,0.13,17.22,-15.09,50.32
141,DALN.O,달라스뉴스,5,120,14,34,74,1.0,10.0,0.13,-24.46,-11.86,37.36
141,AZTA.O,아젠타,5,120,14,34,64,1.0,10.0,0.13,14.11,-15.88,49.84
141,CZFS.O,시티즌스 파이낸셜 서비시스,5,120,14,34,69,1.0,10.0,0.13,0.0,-15.78,39.2
141,AZTA.O,아젠타,5,60,14,29,54,1.0,10.0,-0.44,15.02,-15.88,49.84
141,ILPT.O,인더스트리얼 로지스틱스 프로퍼티,5,60,14,29,54,1.0,10.0,-0.44,-11.3,-16.81,46.84
141,TIGO.O,밀리콤 인터내셔널 셀룰러,5,60,14,29,54,1.0,10.0,-0.44,37.59,-8.46,43.29
141,ZD.O,지프 데이비스,5,60,14,29,54,1.0,10.0,-0.44,0.0,-19.95,33.55
141,SNT.O,센스타 테크놀로지스,5,60,14,29,54,1.0,10.0,-0.44,22.1,-15.09,50.32
141,BAFN.O,베이퍼스트 파이낸셜,5,60,14,29,54,1.0,10.0,-0.44,12.62,-15.98,43.44
141,OPI.O,오피스 프로퍼티 인컴 트러스트,5,60,14,29,54,1.0,10.0,-0.44,-29.45,-18.39,39.32
141,GECC.O,그레이트 엘름 캐피털,5,60,14,29,54,1.0,10.0,-0.44,-16.75,-15.75,38.33
141,KGEI.O,콜리브리 글로벌 에너지,5,60,14,29,54,1.0,10.0,-0.44,0.0,-16.79,41.35
141,QIPT.O,큅트 홈 메디컬,5,60,14,29,54,1.0,10.0,-0.44,0.0,-16.7,44.32
141,DTI.O,드릴링 툴스 인터내셔널,5,60,14,29,54,1.0,10.0,-0.44,23.77,-13.49,43.8
141,SHMD.O,슈미드 그룹,5,60,14,29,54,1.0,10.0,-0.44,0.0,-16.44,39.17
141,CZFS.O,시티즌스 파이낸셜 서비시스,5,60,14,29,54,1.0,10.0,-0.44,-35.72,-15.78,39.2
141,DALN.O,달라스뉴스,5,60,14,29,54,1.0,10.0,-0.44,0.0,-11.86,37.36
141,SVCO.O,실바코 그룹,5,60,14,29,54,1.0,10.0,-0.44,0.0,-30.79,40.32
141,XRX.O,제록스 홀딩스,5,60,14,29,54,1.0,10.0,-0.44,0.0,-10.84,42.65
141,QRTEP.O,큐레이트 리테일 우선주 8.0%,5,60,14,29,54,1.0,10.0,-0.44,-16.26,-11.69,45.01
141,PYCR.O,페이코어 HCM,5,60,14,29,54,1.0,10.0,-0.44,0.0,-11.92,46.9
141,FTRE.O,포트레아 홀딩스,5,60,14,29,54,1.0,10.0,-0.44,0.0,-13.13,44.84
141,DNUT.O,크리스피 크림,5,60,14,29,54,1.0,10.0,-0.44,0.0,-11.03,50.22
141,DRVN.O,드리븐 브랜즈 홀딩스,5,60,14,29,54,1.0,10.0,-0.44,5.84,-8.79,44.56
141,ASTL.O,알고마 스틸 그룹,5,60,14,29,54,1.0,10.0,-0.44,40.53,-9.58,43.62
141,BHRB.O,버크 & 허버트 뱅크 & 트러스트,5,60,14,29,54,1.0,10.0,-0.44,0.0,-30.81,39.34
141,ARKO.O,아르코,5,60,14,29,54,1.0,10.0,-0.44,-34.11,-7.11,39.68
141,SNCY.O,선 컨트리 에어라인즈 홀딩스,5,60,14,29,54,1.0,10.0,-0.44,-24.77,-18.09,51.09
141,DNUT.O,크리스피 크림,5,120,14,39,59,1.0,10.0,-0.95,-16.87,-11.03,50.22
141,CZFS.O,시티즌스 파이낸셜 서비시스,5,120,14,39,59,1.0,10.0,-0.95,-51.76,-15.78,39.2
141,XRX.O,제록스 홀딩스,5,120,14,39,59,1.0,10.0,-0.95,0.0,-10.84,42.65
141,ASTL.O,알고마 스틸 그룹,5,120,14,39,59,1.0,10.0,-0.95,24.6,-9.58,43.62
141,BHRB.O,버크 & 허버트 뱅크 & 트러스트,5,120,14,39,59,1.0,10.0,-0.95,0.0,-30.81,39.34
141,ARKO.O,아르코,5,120,14,39,59,1.0,10.0,-0.95,0.0,-7.11,39.68
141,SNCY.O,선 컨트리 에어라인즈 홀딩스,5,120,14,39,59,1.0,10.0,-0.95,-25.64,-18.09,51.09
141,QRTEP.O,큐레이트 리테일 우선주 8.0%,5,120,14,39,59,1.0,10.0,-0.95,-8.59,-11.69,45.01
141,SVCO.O,실바코 그룹,5,120,14,39,59,1.0,10.0,-0.95,0.0,-30.79,40.32
141,ILPT.O,인더스트리얼 로지스틱스 프로퍼티,5,120,14,39,59,1.0,10.0,-0.95,12.38,-16.81,46.84
141,GECC.O,그레이트 엘름 캐피털,5,120,14,39,59,1.0,10.0,-0.95,-23.46,-15.75,38.33
141,SHMD.O,슈미드 그룹,5,120,14,39,59,1.0,10.0,-0.95,0.0,-16.44,39.17
141,DTI.O,드릴링 툴스 인터내셔널,5,120,14,39,59,1.0,10.0,-0.95,129.68,-13.49,43.8
141,QIPT.O,큅트 홈 메디컬,5,120,14,39,59,1.0,10.0,-0.95,54.66,-16.7,44.32
141,KGEI.O,콜리브리 글로벌 에너지,5,120,14,39,59,1.0,10.0,-0.95,0.0,-16.79,41.35
141,OPI.O,오피스 프로퍼티 인컴 트러스트,5,120,14,39,59,1.0,10.0,-0.95,-27.52,-18.39,39.32
141,BAFN.O,베이퍼스트 파이낸셜,5,120,14,39,59,1.0,10.0,-0.95,-25.83,-15.98,43.44
141,SNT.O,센스타 테크놀로지스,5,120,14,39,59,1.0,10.0,-0.95,17.22,-15.09,50.32
141,DALN.O,달라스뉴스,5,120,14,39,59,1.0,10.0,-0.95,-24.46,-11.86,37.36
141,DRVN.O,드리븐 브랜즈 홀딩스,5,120,14,39,59,1.0,10.0,-0.95,1.54,-8.79,44.56
141,FTRE.O,포트레아 홀딩스,5,120,14,39,59,1.0,10.0,-0.95,0.0,-13.13,44.84
141,TIGO.O,밀리콤 인터내셔널 셀룰러,5,120,14,39,59,1.0,10.0,-0.95,-3.9,-8.46,43.29
141,PYCR.O,페이코어 HCM,5,120,14,39,59,1.0,10.0,-0.95,-45.65,-11.92,46.9
141,AZTA.O,아젠타,5,120,14,39,59,1.0,10.0,-0.95,14.11,-15.88,49.84
141,ZD.O,지프 데이비스,5,120,14,39,59,1.0,10.0,-0.95,-24.34,-19.95,33.55
141,SVCO.O,실바코 그룹,5,60,14,24,69,1.0,10.0,-1.4,0.0,-30.79,40.32
141,BAFN.O,베이퍼스트 파이낸셜,5,60,14,24,69,1.0,10.0,-1.4,0.0,-15.98,43.44
141,SNT.O,센스타 테크놀로지스,5,60,14,24,79,1.0,10.0,-1.4,22.1,-15.09,50.32
141,DALN.O,달라스뉴스,5,60,14,24,79,1.0,10.0,-1.4,0.0,-11.86,37.36
141,DRVN.O,드리븐 브랜즈 홀딩스,5,60,14,24,79,1.0,10.0,-1.4,0.0,-8.79,44.56
141,DALN.O,달라스뉴스,5,60,14,24,69,1.0,10.0,-1.4,0.0,-11.86,37.36
141,SNT.O,센스타 테크놀로지스,5,60,14,24,69,1.0,10.0,-1.4,22.1,-15.09,50.32
141,PYCR.O,페이코어 HCM,5,60,14,24,79,1.0,10.0,-1.4,0.0,-11.92,46.9
141,OPI.O,오피스 프로퍼티 인컴 트러스트,5,60,14,24,69,1.0,10.0,-1.4,-33.27,-18.39,39.32
141,ILPT.O,인더스트리얼 로지스틱스 프로퍼티,5,60,14,24,69,1.0,10.0,-1.4,-11.3,-16.81,46.84
141,BAFN.O,베이퍼스트 파이낸셜,5,60,14,24,79,1.0,10.0,-1.4,0.0,-15.98,43.44
141,KGEI.O,콜리브리 글로벌 에너지,5,60,14,24,69,1.0,10.0,-1.4,0.0,-16.79,41.35
141,QIPT.O,큅트 홈 메디컬,5,60,14,24,69,1.0,10.0,-1.4,0.0,-16.7,44.32
141,DTI.O,드릴링 툴스 인터내셔널,5,60,14,24,69,1.0,10.0,-1.4,23.77,-13.49,43.8
141,SHMD.O,슈미드 그룹,5,60,14,24,69,1.0,10.0,-1.4,0.0,-16.44,39.17
141,CZFS.O,시티즌스 파이낸셜 서비시스,5,60,14,24,69,1.0,10.0,-1.4,0.0,-15.78,39.2
141,GECC.O,그레이트 엘름 캐피털,5,60,14,24,69,1.0,10.0,-1.4,-16.75,-15.75,38.33
141,DNUT.O,크리스피 크림,5,60,14,24,79,1.0,10.0,-1.4,0.0,-11.03,50.22
141,FTRE.O,포트레아 홀딩스,5,60,14,24,79,1.0,10.0,-1.4,0.0,-13.13,44.84
141,XRX.O,제록스 홀딩스,5,60,14,24,79,1.0,10.0,-1.4,0.0,-10.84,42.65
141,SNCY.O,선 컨트리 에어라인즈 홀딩스,5,60,14,24,69,1.0,10.0,-1.4,0.0,-18.09,51.09
141,OPI.O,오피스 프로퍼티 인컴 트러스트,5,60,14,24,79,1.0,10.0,-1.4,-33.27,-18.39,39.32
141,GECC.O,그레이트 엘름 캐피털,5,60,14,24,79,1.0,10.0,-1.4,-16.75,-15.75,38.33
141,KGEI.O,콜리브리 글로벌 에너지,5,60,14,24,79,1.0,10.0,-1.4,0.0,-16.79,41.35
141,QIPT.O,큅트 홈 메디컬,5,60,14,24,79,1.0,10.0,-1.4,0.0,-16.7,44.32
141,DTI.O,드릴링 툴스 인터내셔널,5,60,14,24,79,1.0,10.0,-1.4,23.77,-13.49,43.8
141,SHMD.O,슈미드 그룹,5,60,14,24,79,1.0,10.0,-1.4,0.0,-16.44,39.17
141,CZFS.O,시티즌스 파이낸셜 서비시스,5,60,14,24,79,1.0,10.0,-1.4,0.0,-15.78,39.2
141,ILPT.O,인더스트리얼 로지스틱스 프로퍼티,5,60,14,24,79,1.0,10.0,-1.4,-11.3,-16.81,46.84
141,SVCO.O,실바코 그룹,5,60,14,24,79,1.0,10.0,-1.4,0.0,-30.79,40.32
141,QRTEP.O,큐레이트 리테일 우선주 8.0%,5,60,14,24,79,1.0,10.0,-1.4,-16.26,-11.69,45.01
141,SNCY.O,선 컨트리 에어라인즈 홀딩스,5,60,14,24,79,1.0,10.0,-1.4,0.0,-18.09,51.09
141,ARKO.O,아르코,5,60,14,24,79,1.0,10.0,-1.4,0.0,-7.11,39.68
141,BHRB.O,버크 & 허버트 뱅크 & 트러스트,5,60,14,24,79,1.0,10.0,-1.4,0.0,-30.81,39.34
141,ASTL.O,알고마 스틸 그룹,5,60,14,24,79,1.0,10.0,-1.4,0.0,-9.58,43.62
141,QRTEP.O,큐레이트 리테일 우선주 8.0%,5,60,14,24,69,1.0,10.0,-1.4,-16.26,-11.69,45.01
141,DALN.O,달라스뉴스,5,60,14,24,64,1.0,10.0,-1.4,0.0,-11.86,37.36
141,ARKO.O,아르코,5,60,14,24,69,1.0,10.0,-1.4,0.0,-7.11,39.68
141,QRTEP.O,큐레이트 리테일 우선주 8.0%,5,60,14,24,74,1.0,10.0,-1.4,-16.26,-11.69,45.01
141,AZTA.O,아젠타,5,60,14,24,64,1.0,10.0,-1.4,0.0,-15.88,49.84
141,TIGO.O,밀리콤 인터내셔널 셀룰러,5,60,14,24,64,1.0,10.0,-1.4,-3.3,-8.46,43.29
141,ZD.O,지프 데이비스,5,60,14,24,74,1.0,10.0,-1.4,0.0,-19.95,33.55
141,PYCR.O,페이코어 HCM,5,60,14,24,74,1.0,10.0,-1.4,0.0,-11.92,46.9
141,DRVN.O,드리븐 브랜즈 홀딩스,5,60,14,24,74,1.0,10.0,-1.4,0.0,-8.79,44.56
141,FTRE.O,포트레아 홀딩스,5,60,14,24,74,1.0,10.0,-1.4,0.0,-13.13,44.84
141,DNUT.O,크리스피 크림,5,60,14,24,74,1.0,10.0,-1.4,0.0,-11.03,50.22
141,XRX.O,제록스 홀딩스,5,60,14,24,74,1.0,10.0,-1.4,0.0,-10.84,42.65
141,ASTL.O,알고마 스틸 그룹,5,60,14,24,74,1.0,10.0,-1.4,0.0,-9.58,43.62
141,BHRB.O,버크 & 허버트 뱅크 & 트러스트,5,60,14,24,74,1.0,10.0,-1.4,0.0,-30.81,39.34
141,ARKO.O,아르코,5,60,14,24,74,1.0,10.0,-1.4,0.0,-7.11,39.68
141,AZTA.O,아젠타,5,60,14,24,79,1.0,10.0,-1.4,0.0,-15.88,49.84
141,SNCY.O,선 컨트리 에어라인즈 홀딩스,5,60,14,24,74,1.0,10.0,-1.4,0.0,-18.09,51.09
141,SVCO.O,실바코 그룹,5,60,14,24,74,1.0,10.0,-1.4,0.0,-30.79,40.32
141,BHRB.O,버크 & 허버트 뱅크 & 트러스트,5,60,14,24,69,1.0,10.0,-1.4,0.0,-30.81,39.34
141,ILPT.O,인더스트리얼 로지스틱스 프로퍼티,5,60,14,24,74,1.0,10.0,-1.4,-11.3,-16.81,46.84
141,CZFS.O,시티즌스 파이낸셜 서비시스,5,60,14,24,74,1.0,10.0,-1.4,0.0,-15.78,39.2
141,SHMD.O,슈미드 그룹,5,60,14,24,74,1.0,10.0,-1.4,0.0,-16.44,39.17
141,DTI.O,드릴링 툴스 인터내셔널,5,60,14,24,74,1.0,10.0,-1.4,23.77,-13.49,43.8
141,QIPT.O,큅트 홈 메디컬,5,60,14,24,74,1.0,10.0,-1.4,0.0,-16.7,44.32
141,KGEI.O,콜리브리 글로벌 에너지,5,60,14,24,74,1.0,10.0,-1.4,0.0,-16.79,41.35
141,GECC.O,그레이트 엘름 캐피털,5,60,14,24,74,1.0,10.0,-1.4,-16.75,-15.75,38.33
141,OPI.O,오피스 프로퍼티 인컴 트러스트,5,60,14,24,74,1.0,10.0,-1.4,-33.27,-18.39,39.32
141,BAFN.O,베이퍼스트 파이낸셜,5,60,14,24,74,1.0,10.0,-1.4,0.0,-15.98,43.44
141,SNT.O,센스타 테크놀로지스,5,60,14,24,74,1.0,10.0,-1.4,22.1,-15.09,50.32
141,DALN.O,달라스뉴스,5,60,14,24,74,1.0,10.0,-1.4,0.0,-11.86,37.36
141,TIGO.O,밀리콤 인터내셔널 셀룰러,5,60,14,24,79,1.0,10.0,-1.4,-3.3,-8.46,43.29
141,TIGO.O,밀리콤 인터내셔널 셀룰러,5,60,14,24,74,1.0,10.0,-1.4,-3.3,-8.46,43.29
141,ZD.O,지프 데이비스,5,60,14,24,64,1.0,10.0,-1.4,0.0,-19.95,33.55
141,PYCR.O,페이코어 HCM,5,60,14,24,64,1.0,10.0,-1.4,0.0,-11.92,46.9
141,DRVN.O,드리븐 브랜즈 홀딩스,5,60,14,24,64,1.0,10.0,-1.4,0.0,-8.79,44.56
141,FTRE.O,포트레아 홀딩스,5,60,14,24,64,1.0,10.0,-1.4,0.0,-13.13,44.84
141,ASTL.O,알고마 스틸 그룹,5,60,14,24,69,1.0,10.0,-1.4,0.0,-9.58,43.62
141,XRX.O,제록스 홀딩스,5,60,14,24,69,1.0,10.0,-1.4,0.0,-10.84,42.65
141,DNUT.O,크리스피 크림,5,60,14,24,69,1.0,10.0,-1.4,0.0,-11.03,50.22
141,FTRE.O,포트레아 홀딩스,5,60,14,24,69,1.0,10.0,-1.4,0.0,-13.13,44.84
141,DRVN.O,드리븐 브랜즈 홀딩스,5,60,14,24,69,1.0,10.0,-1.4,0.0,-8.79,44.56
141,PYCR.O,페이코어 HCM,5,60,14,24,69,1.0,10.0,-1.4,0.0,-11.92,46.9
141,ZD.O,지프 데이비스,5,60,14,24,69,1.0,10.0,-1.4,0.0,-19.95,33.55
141,AZTA.O,아젠타,5,60,14,24,69,1.0,10.0,-1.4,0.0,-15.88,49.84
141,TIGO.O,밀리콤 인터내셔널 셀룰러,5,60,14,24,69,1.0,10.0,-1.4,-3.3,-8.46,43.29
141,SNT.O,센스타 테크놀로지스,5,60,14,24,64,1.0,10.0,-1.4,22.1,-15.09,50.32
141,BAFN.O,베이퍼스트 파이낸셜,5,60,14,24,64,1.0,10.0,-1.4,0.0,-15.98,43.44
141,OPI.O,오피스 프로퍼티 인컴 트러스트,5,60,14,24,64,1.0,10.0,-1.4,-33.27,-18.39,39.32
141,GECC.O,그레이트 엘름 캐피털,5,60,14,24,64,1.0,10.0,-1.4,-16.75,-15.75,38.33
141,KGEI.O,콜리브리 글로벌 에너지,5,60,14,24,64,1.0,10.0,-1.4,0.0,-16.79,41.35
141,QIPT.O,큅트 홈 메디컬,5,60,14,24,64,1.0,10.0,-1.4,0.0,-16.7,44.32
141,DTI.O,드릴링 툴스 인터내셔널,5,60,14,24,64,1.0,10.0,-1.4,23.77,-13.49,43.8
141,SHMD.O,슈미드 그룹,5,60,14,24,64,1.0,10.0,-1.4,0.0,-16.44,39.17
141,CZFS.O,시티즌스 파이낸셜 서비시스,5,60,14,24,64,1.0,10.0,-1.4,0.0,-15.78,39.2
141,ILPT.O,인더스트리얼 로지스틱스 프로퍼티,5,60,14,24,64,1.0,10.0,-1.4,-11.3,-16.81,46.84
141,SVCO.O,실바코 그룹,5,60,14,24,64,1.0,10.0,-1.4,0.0,-30.79,40.32
141,QRTEP.O,큐레이트 리테일 우선주 8.0%,5,60,14,24,64,1.0,10.0,-1.4,-16.26,-11.69,45.01
141,SNCY.O,선 컨트리 에어라인즈 홀딩스,5,60,14,24,64,1.0,10.0,-1.4,0.0,-18.09,51.09
141,ARKO.O,아르코,5,60,14,24,64,1.0,10.0,-1.4,0.0,-7.11,39.68
141,BHRB.O,버크 & 허버트 뱅크 & 트러스트,5,60,14,24,64,1.0,10.0,-1.4,0.0,-30.81,39.34
141,ASTL.O,알고마 스틸 그룹,5,60,14,24,64,1.0,10.0,-1.4,0.0,-9.58,43.62
141,XRX.O,제록스 홀딩스,5,60,14,24,64,1.0,10.0,-1.4,0.0,-10.84,42.65
141,DNUT.O,크리스피 크림,5,60,14,24,64,1.0,10.0,-1.4,0.0,-11.03,50.22
141,AZTA.O,아젠타,5,60,14,24,74,1.0,10.0,-1.4,0.0,-15.88,49.84
141,ZD.O,지프 데이비스,5,60,14,24,79,1.0,10.0,-1.4,0.0,-19.95,33.55
141,AZTA.O,아젠타,5,120,14,44,54,1.0,10.0,-1.74,14.11,-15.88,49.84
141,SVCO.O,실바코 그룹,5,120,14,44,54,1.0,10.0,-1.74,0.0,-30.79,40.32
141,TIGO.O,밀리콤 인터내셔널 셀룰러,5,120,14,44,54,1.0,10.0,-1.74,55.26,-8.46,43.29
141,DALN.O,달라스뉴스,5,120,14,44,54,1.0,10.0,-1.74,-13.85,-11.86,37.36
141,SNT.O,센스타 테크놀로지스,5,120,14,44,54,1.0,10.0,-1.74,17.22,-15.09,50.32
141,BAFN.O,베이퍼스트 파이낸셜,5,120,14,44,54,1.0,10.0,-1.74,-25.83,-15.98,43.44
141,OPI.O,오피스 프로퍼티 인컴 트러스트,5,120,14,44,54,1.0,10.0,-1.74,-31.23,-18.39,39.32
141,GECC.O,그레이트 엘름 캐피털,5,120,14,44,54,1.0,10.0,-1.74,-23.46,-15.75,38.33
141,KGEI.O,콜리브리 글로벌 에너지,5,120,14,44,54,1.0,10.0,-1.74,0.0,-16.79,41.35
141,DTI.O,드릴링 툴스 인터내셔널,5,120,14,44,54,1.0,10.0,-1.74,129.68,-13.49,43.8
141,SHMD.O,슈미드 그룹,5,120,14,44,54,1.0,10.0,-1.74,0.0,-16.44,39.17
141,CZFS.O,시티즌스 파이낸셜 서비시스,5,120,14,44,54,1.0,10.0,-1.74,-51.76,-15.78,39.2
141,ILPT.O,인더스트리얼 로지스틱스 프로퍼티,5,120,14,44,54,1.0,10.0,-1.74,12.81,-16.81,46.84
141,QIPT.O,큅트 홈 메디컬,5,120,14,44,54,1.0,10.0,-1.74,-25.55,-16.7,44.32
141,QRTEP.O,큐레이트 리테일 우선주 8.0%,5,120,14,44,54,1.0,10.0,-1.74,-8.59,-11.69,45.01
141,ARKO.O,아르코,5,120,14,44,54,1.0,10.0,-1.74,-17.35,-7.11,39.68
141,BHRB.O,버크 & 허버트 뱅크 & 트러스트,5,120,14,44,54,1.0,10.0,-1.74,0.0,-30.81,39.34
141,ASTL.O,알고마 스틸 그룹,5,120,14,44,54,1.0,10.0,-1.74,24.6,-9.58,43.62
141,XRX.O,제록스 홀딩스,5,120,14,44,54,1.0,10.0,-1.74,11.32,-10.84,42.65
141,DNUT.O,크리스피 크림,5,120,14,44,54,1.0,10.0,-1.74,-16.87,-11.03,50.22
141,FTRE.O,포트레아 홀딩스,5,120,14,44,54,1.0,10.0,-1.74,0.0,-13.13,44.84
141,DRVN.O,드리븐 브랜즈 홀딩스,5,120,14,44,54,1.0,10.0,-1.74,1.54,-8.79,44.56
141,PYCR.O,페이코어 HCM,5,120,14,44,54,1.0,10.0,-1.74,-45.65,-11.92,46.9
141,SNCY.O,선 컨트리 에어라인즈 홀딩스,5,120,14,44,54,1.0,10.0,-1.74,-25.64,-18.09,51.09
141,ZD.O,지프 데이비스,5,120,14,44,54,1.0,10.0,-1.74,-24.34,-19.95,33.55
141,QIPT.O,큅트 홈 메디컬,5,60,14,29,59,1.0,10.0,-1.93,0.0,-16.7,44.32
141,ILPT.O,인더스트리얼 로지스틱스 프로퍼티,5,60,14,29,59,1.0,10.0,-1.93,-11.3,-16.81,46.84
141,CZFS.O,시티즌스 파이낸셜 서비시스,5,60,14,29,59,1.0,10.0,-1.93,-35.72,-15.78,39.2
141,SHMD.O,슈미드 그룹,5,60,14,29,59,1.0,10.0,-1.93,0.0,-16.44,39.17
141,DTI.O,드릴링 툴스 인터내셔널,5,60,14,29,59,1.0,10.0,-1.93,23.77,-13.49,43.8
141,DALN.O,달라스뉴스,5,60,14,29,59,1.0,10.0,-1.93,0.0,-11.86,37.36
141,KGEI.O,콜리브리 글로벌 에너지,5,60,14,29,59,1.0,10.0,-1.93,0.0,-16.79,41.35
141,GECC.O,그레이트 엘름 캐피털,5,60,14,29,59,1.0,10.0,-1.93,-16.75,-15.75,38.33
141,OPI.O,오피스 프로퍼티 인컴 트러스트,5,60,14,29,59,1.0,10.0,-1.93,-26.24,-18.39,39.32
141,BAFN.O,베이퍼스트 파이낸셜,5,60,14,29,59,1.0,10.0,-1.93,12.62,-15.98,43.44
141,QRTEP.O,큐레이트 리테일 우선주 8.0%,5,60,14,29,59,1.0,10.0,-1.93,-16.26,-11.69,45.01
141,SVCO.O,실바코 그룹,5,60,14,29,59,1.0,10.0,-1.93,0.0,-30.79,40.32
141,TIGO.O,밀리콤 인터내셔널 셀룰러,5,60,14,29,59,1.0,10.0,-1.93,-2.92,-8.46,43.29
141,SNCY.O,선 컨트리 에어라인즈 홀딩스,5,60,14,29,59,1.0,10.0,-1.93,-24.77,-18.09,51.09
141,DRVN.O,드리븐 브랜즈 홀딩스,5,60,14,29,59,1.0,10.0,-1.93,5.84,-8.79,44.56
141,ARKO.O,아르코,5,60,14,29,59,1.0,10.0,-1.93,-34.11,-7.11,39.68
141,AZTA.O,아젠타,5,60,14,29,59,1.0,10.0,-1.93,15.02,-15.88,49.84
141,ZD.O,지프 데이비스,5,60,14,29,59,1.0,10.0,-1.93,0.0,-19.95,33.55
141,PYCR.O,페이코어 HCM,5,60,14,29,59,1.0,10.0,-1.93,0.0,-11.92,46.9
141,SNT.O,센스타 테크놀로지스,5,60,14,29,59,1.0,10.0,-1.93,22.1,-15.09,50.32
141,FTRE.O,포트레아 홀딩스,5,60,14,29,59,1.0,10.0,-1.93,0.0,-13.13,44.84
141,XRX.O,제록스 홀딩스,5,60,14,29,59,1.0,10.0,-1.93,0.0,-10.84,42.65
141,ASTL.O,알고마 스틸 그룹,5,60,14,29,59,1.0,10.0,-1.93,40.53,-9.58,43.62
141,DNUT.O,크리스피 크림,5,60,14,29,59,1.0,10.0,-1.93,0.0,-11.03,50.22
141,BHRB.O,버크 & 허버트 뱅크 & 트러스트,5,60,14,29,59,1.0,10.0,-1.93,0.0,-30.81,39.34
141,SVCO.O,실바코 그룹,5,60,14,34,59,1.0,10.0,-2.25,0.0,-30.79,40.32
141,TIGO.O,밀리콤 인터내셔널 셀룰러,5,60,14,34,59,1.0,10.0,-2.25,-2.92,-8.46,43.29
141,SNT.O,센스타 테크놀로지스,5,60,14,34,59,1.0,10.0,-2.25,22.1,-15.09,50.32
141,BAFN.O,베이퍼스트 파이낸셜,5,60,14,34,59,1.0,10.0,-2.25,-19.93,-15.98,43.44
141,OPI.O,오피스 프로퍼티 인컴 트러스트,5,60,14,34,59,1.0,10.0,-2.25,-26.24,-18.39,39.32
141,KGEI.O,콜리브리 글로벌 에너지,5,60,14,34,59,1.0,10.0,-2.25,0.0,-16.79,41.35
141,QIPT.O,큅트 홈 메디컬,5,60,14,34,59,1.0,10.0,-2.25,68.78,-16.7,44.32
141,DTI.O,드릴링 툴스 인터내셔널,5,60,14,34,59,1.0,10.0,-2.25,23.77,-13.49,43.8
141,SHMD.O,슈미드 그룹,5,60,14,34,59,1.0,10.0,-2.25,0.0,-16.44,39.17
141,CZFS.O,시티즌스 파이낸셜 서비시스,5,60,14,34,59,1.0,10.0,-2.25,-35.72,-15.78,39.2
141,ILPT.O,인더스트리얼 로지스틱스 프로퍼티,5,60,14,34,59,1.0,10.0,-2.25,-11.3,-16.81,46.84
141,DALN.O,달라스뉴스,5,60,14,34,59,1.0,10.0,-2.25,-16.3,-11.86,37.36
141,QRTEP.O,큐레이트 리테일 우선주 8.0%,5,60,14,34,59,1.0,10.0,-2.25,-16.26,-11.69,45.01
141,FTRE.O,포트레아 홀딩스,5,60,14,34,59,1.0,10.0,-2.25,0.0,-13.13,44.84
141,SNCY.O,선 컨트리 에어라인즈 홀딩스,5,60,14,34,59,1.0,10.0,-2.25,-24.77,-18.09,51.09
141,ZD.O,지프 데이비스,5,60,14,34,59,1.0,10.0,-2.25,0.0,-19.95,33.55
141,AZTA.O,아젠타,5,60,14,34,59,1.0,10.0,-2.25,-6.22,-15.88,49.84
141,PYCR.O,페이코어 HCM,5,60,14,34,59,1.0,10.0,-2.25,0.0,-11.92,46.9
141,DRVN.O,드리븐 브랜즈 홀딩스,5,60,14,34,59,1.0,10.0,-2.25,5.84,-8.79,44.56
141,GECC.O,그레이트 엘름 캐피털,5,60,14,34,59,1.0,10.0,-2.25,-23.52,-15.75,38.33
141,DNUT.O,크리스피 크림,5,60,14,34,59,1.0,10.0,-2.25,0.0,-11.03,50.22
141,ASTL.O,알고마 스틸 그룹,5,60,14,34,59,1.0,10.0,-2.25,40.53,-9.58,43.62
141,BHRB.O,버크 & 허버트 뱅크 & 트러스트,5,60,14,34,59,1.0,10.0,-2.25,0.0,-30.81,39.34
141,ARKO.O,아르코,5,60,14,34,59,1.0,10.0,-2.25,-34.11,-7.11,39.68
141,XRX.O,제록스 홀딩스,5,60,14,34,59,1.0,10.0,-2.25,0.0,-10.84,42.65
141,QRTEP.O,큐레이트 리테일 우선주 8.0%,5,60,14,34,54,1.0,10.0,-2.34,-16.26,-11.69,45.01
141,PYCR.O,페이코어 HCM,5,60,14,34,54,1.0,10.0,-2.34,0.0,-11.92,46.9
141,DRVN.O,드리븐 브랜즈 홀딩스,5,60,14,34,54,1.0,10.0,-2.34,5.84,-8.79,44.56
141,AZTA.O,아젠타,5,60,14,34,54,1.0,10.0,-2.34,-6.22,-15.88,49.84
141,FTRE.O,포트레아 홀딩스,5,60,14,34,54,1.0,10.0,-2.34,0.0,-13.13,44.84
141,DNUT.O,크리스피 크림,5,60,14,34,54,1.0,10.0,-2.34,0.0,-11.03,50.22
141,XRX.O,제록스 홀딩스,5,60,14,34,54,1.0,10.0,-2.34,0.0,-10.84,42.65
141,ASTL.O,알고마 스틸 그룹,5,60,14,34,54,1.0,10.0,-2.34,40.53,-9.58,43.62
141,BHRB.O,버크 & 허버트 뱅크 & 트러스트,5,60,14,34,54,1.0,10.0,-2.34,0.0,-30.81,39.34
141,ARKO.O,아르코,5,60,14,34,54,1.0,10.0,-2.34,-34.11,-7.11,39.68
141,SNCY.O,선 컨트리 에어라인즈 홀딩스,5,60,14,34,54,1.0,10.0,-2.34,-24.77,-18.09,51.09
141,CZFS.O,시티즌스 파이낸셜 서비시스,5,60,14,34,54,1.0,10.0,-2.34,-35.72,-15.78,39.2
141,SVCO.O,실바코 그룹,5,60,14,34,54,1.0,10.0,-2.34,0.0,-30.79,40.32
141,ILPT.O,인더스트리얼 로지스틱스 프로퍼티,5,60,14,34,54,1.0,10.0,-2.34,-11.3,-16.81,46.84
141,SHMD.O,슈미드 그룹,5,60,14,34,54,1.0,10.0,-2.34,0.0,-16.44,39.17
141,DTI.O,드릴링 툴스 인터내셔널,5,60,14,34,54,1.0,10.0,-2.34,23.77,-13.49,43.8
141,QIPT.O,큅트 홈 메디컬,5,60,14,34,54,1.0,10.0,-2.34,52.52,-16.7,44.32
141,GECC.O,그레이트 엘름 캐피털,5,60,14,34,54,1.0,10.0,-2.34,-23.52,-15.75,38.33
141,OPI.O,오피스 프로퍼티 인컴 트러스트,5,60,14,34,54,1.0,10.0,-2.34,-29.45,-18.39,39.32
141,BAFN.O,베이퍼스트 파이낸셜,5,60,14,34,54,1.0,10.0,-2.34,-19.93,-15.98,43.44
141,SNT.O,센스타 테크놀로지스,5,60,14,34,54,1.0,10.0,-2.34,22.1,-15.09,50.32
141,DALN.O,달라스뉴스,5,60,14,34,54,1.0,10.0,-2.34,-16.3,-11.86,37.36
141,TIGO.O,밀리콤 인터내셔널 셀룰러,5,60,14,34,54,1.0,10.0,-2.34,14.34,-8.46,43.29
141,KGEI.O,콜리브리 글로벌 에너지,5,60,14,34,54,1.0,10.0,-2.34,0.0,-16.79,41.35
141,ZD.O,지프 데이비스,5,60,14,34,54,1.0,10.0,-2.34,0.0,-19.95,33.55
141,DALN.O,달라스뉴스,5,60,14,29,69,1.0,10.0,-3.54,0.0,-11.86,37.36
141,BHRB.O,버크 & 허버트 뱅크 & 트러스트,5,60,14,29,69,1.0,10.0,-3.54,0.0,-30.81,39.34
141,DALN.O,달라스뉴스,5,60,14,29,64,1.0,10.0,-3.54,0.0,-11.86,37.36
141,TIGO.O,밀리콤 인터내셔널 셀룰러,5,60,14,29,69,1.0,10.0,-3.54,-3.3,-8.46,43.29
141,AZTA.O,아젠타,5,60,14,29,69,1.0,10.0,-3.54,15.02,-15.88,49.84
141,ZD.O,지프 데이비스,5,60,14,29,69,1.0,10.0,-3.54,0.0,-19.95,33.55
141,PYCR.O,페이코어 HCM,5,60,14,29,69,1.0,10.0,-3.54,0.0,-11.92,46.9
141,DRVN.O,드리븐 브랜즈 홀딩스,5,60,14,29,69,1.0,10.0,-3.54,5.84,-8.79,44.56
141,FTRE.O,포트레아 홀딩스,5,60,14,29,69,1.0,10.0,-3.54,0.0,-13.13,44.84
141,DNUT.O,크리스피 크림,5,60,14,29,69,1.0,10.0,-3.54,0.0,-11.03,50.22
141,XRX.O,제록스 홀딩스,5,60,14,29,69,1.0,10.0,-3.54,0.0,-10.84,42.65
141,ASTL.O,알고마 스틸 그룹,5,60,14,29,69,1.0,10.0,-3.54,0.2,-9.58,43.62
141,TIGO.O,밀리콤 인터내셔널 셀룰러,5,60,14,29,74,1.0,10.0,-3.54,-3.3,-8.46,43.29
141,GECC.O,그레이트 엘름 캐피털,5,60,14,29,79,1.0,10.0,-3.54,-16.75,-15.75,38.33
141,SNCY.O,선 컨트리 에어라인즈 홀딩스,5,60,14,29,69,1.0,10.0,-3.54,-24.77,-18.09,51.09
141,QRTEP.O,큐레이트 리테일 우선주 8.0%,5,60,14,29,69,1.0,10.0,-3.54,-16.26,-11.69,45.01
141,SVCO.O,실바코 그룹,5,60,14,29,69,1.0,10.0,-3.54,0.0,-30.79,40.32
141,ILPT.O,인더스트리얼 로지스틱스 프로퍼티,5,60,14,29,69,1.0,10.0,-3.54,-11.3,-16.81,46.84
141,CZFS.O,시티즌스 파이낸셜 서비시스,5,60,14,29,69,1.0,10.0,-3.54,-35.72,-15.78,39.2
141,SHMD.O,슈미드 그룹,5,60,14,29,69,1.0,10.0,-3.54,0.0,-16.44,39.17
141,DTI.O,드릴링 툴스 인터내셔널,5,60,14,29,69,1.0,10.0,-3.54,23.77,-13.49,43.8
141,QIPT.O,큅트 홈 메디컬,5,60,14,29,69,1.0,10.0,-3.54,0.0,-16.7,44.32
141,SNT.O,센스타 테크놀로지스,5,60,14,29,79,1.0,10.0,-3.54,22.1,-15.09,50.32
141,BAFN.O,베이퍼스트 파이낸셜,5,60,14,29,79,1.0,10.0,-3.54,12.62,-15.98,43.44
141,SNT.O,센스타 테크놀로지스,5,60,14,29,64,1.0,10.0,-3.54,22.1,-15.09,50.32
141,DALN.O,달라스뉴스,5,60,14,29,79,1.0,10.0,-3.54,0.0,-11.86,37.36
141,BAFN.O,베이퍼스트 파이낸셜,5,60,14,29,64,1.0,10.0,-3.54,12.62,-15.98,43.44
141,OPI.O,오피스 프로퍼티 인컴 트러스트,5,60,14,29,64,1.0,10.0,-3.54,-25.9,-18.39,39.32
141,TIGO.O,밀리콤 인터내셔널 셀룰러,5,60,14,29,64,1.0,10.0,-3.54,-3.3,-8.46,43.29
141,AZTA.O,아젠타,5,60,14,29,64,1.0,10.0,-3.54,15.02,-15.88,49.84
141,ZD.O,지프 데이비스,5,60,14,29,64,1.0,10.0,-3.54,0.0,-19.95,33.55
141,PYCR.O,페이코어 HCM,5,60,14,29,64,1.0,10.0,-3.54,0.0,-11.92,46.9
141,DRVN.O,드리븐 브랜즈 홀딩스,5,60,14,29,64,1.0,10.0,-3.54,5.84,-8.79,44.56
141,FTRE.O,포트레아 홀딩스,5,60,14,29,64,1.0,10.0,-3.54,0.0,-13.13,44.84
141,DNUT.O,크리스피 크림,5,60,14,29,64,1.0,10.0,-3.54,0.0,-11.03,50.22
141,XRX.O,제록스 홀딩스,5,60,14,29,64,1.0,10.0,-3.54,0.0,-10.84,42.65
141,ASTL.O,알고마 스틸 그룹,5,60,14,29,64,1.0,10.0,-3.54,0.2,-9.58,43.62
141,BHRB.O,버크 & 허버트 뱅크 & 트러스트,5,60,14,29,64,1.0,10.0,-3.54,0.0,-30.81,39.34
141,ARKO.O,아르코,5,60,14,29,64,1.0,10.0,-3.54,-34.11,-7.11,39.68
141,SNCY.O,선 컨트리 에어라인즈 홀딩스,5,60,14,29,64,1.0,10.0,-3.54,-24.77,-18.09,51.09
141,QRTEP.O,큐레이트 리테일 우선주 8.0%,5,60,14,29,64,1.0,10.0,-3.54,-16.26,-11.69,45.01
141,SVCO.O,실바코 그룹,5,60,14,29,64,1.0,10.0,-3.54,0.0,-30.79,40.32
141,ILPT.O,인더스트리얼 로지스틱스 프로퍼티,5,60,14,29,64,1.0,10.0,-3.54,-11.3,-16.81,46.84
141,CZFS.O,시티즌스 파이낸셜 서비시스,5,60,14,29,64,1.0,10.0,-3.54,-35.72,-15.78,39.2
141,SHMD.O,슈미드 그룹,5,60,14,29,64,1.0,10.0,-3.54,0.0,-16.44,39.17
141,DTI.O,드릴링 툴스 인터내셔널,5,60,14,29,64,1.0,10.0,-3.54,23.77,-13.49,43.8
141,QIPT.O,큅트 홈 메디컬,5,60,14,29,64,1.0,10.0,-3.54,0.0,-16.7,44.32
141,KGEI.O,콜리브리 글로벌 에너지,5,60,14,29,64,1.0,10.0,-3.54,0.0,-16.79,41.35
141,GECC.O,그레이트 엘름 캐피털,5,60,14,29,64,1.0,10.0,-3.54,-16.75,-15.75,38.33
141,OPI.O,오피스 프로퍼티 인컴 트러스트,5,60,14,29,79,1.0,10.0,-3.54,-25.9,-18.39,39.32
141,ARKO.O,아르코,5,60,14,29,69,1.0,10.0,-3.54,-34.11,-7.11,39.68
141,KGEI.O,콜리브리 글로벌 에너지,5,60,14,29,79,1.0,10.0,-3.54,0.0,-16.79,41.35
141,QIPT.O,큅트 홈 메디컬,5,60,14,29,74,1.0,10.0,-3.54,0.0,-16.7,44.32
141,GECC.O,그레이트 엘름 캐피털,5,60,14,29,74,1.0,10.0,-3.54,-16.75,-15.75,38.33
141,OPI.O,오피스 프로퍼티 인컴 트러스트,5,60,14,29,74,1.0,10.0,-3.54,-25.9,-18.39,39.32
141,BAFN.O,베이퍼스트 파이낸셜,5,60,14,29,74,1.0,10.0,-3.54,12.62,-15.98,43.44
141,SNT.O,센스타 테크놀로지스,5,60,14,29,74,1.0,10.0,-3.54,22.1,-15.09,50.32
141,SNT.O,센스타 테크놀로지스,5,60,14,29,69,1.0,10.0,-3.54,22.1,-15.09,50.32
141,QIPT.O,큅트 홈 메디컬,5,60,14,29,79,1.0,10.0,-3.54,0.0,-16.7,44.32
141,BAFN.O,베이퍼스트 파이낸셜,5,60,14,29,69,1.0,10.0,-3.54,12.62,-15.98,43.44
141,OPI.O,오피스 프로퍼티 인컴 트러스트,5,60,14,29,69,1.0,10.0,-3.54,-25.9,-18.39,39.32
141,GECC.O,그레이트 엘름 캐피털,5,60,14,29,69,1.0,10.0,-3.54,-16.75,-15.75,38.33
141,DALN.O,달라스뉴스,5,60,14,29,74,1.0,10.0,-3.54,0.0,-11.86,37.36
141,TIGO.O,밀리콤 인터내셔널 셀룰러,5,60,14,29,79,1.0,10.0,-3.54,-3.3,-8.46,43.29
141,AZTA.O,아젠타,5,60,14,29,79,1.0,10.0,-3.54,15.02,-15.88,49.84
141,ZD.O,지프 데이비스,5,60,14,29,79,1.0,10.0,-3.54,0.0,-19.95,33.55
141,PYCR.O,페이코어 HCM,5,60,14,29,79,1.0,10.0,-3.54,0.0,-11.92,46.9
141,DRVN.O,드리븐 브랜즈 홀딩스,5,60,14,29,79,1.0,10.0,-3.54,5.84,-8.79,44.56
141,KGEI.O,콜리브리 글로벌 에너지,5,60,14,29,74,1.0,10.0,-3.54,0.0,-16.79,41.35
141,DTI.O,드릴링 툴스 인터내셔널,5,60,14,29,74,1.0,10.0,-3.54,23.77,-13.49,43.8
141,DNUT.O,크리스피 크림,5,60,14,29,79,1.0,10.0,-3.54,0.0,-11.03,50.22
141,SHMD.O,슈미드 그룹,5,60,14,29,74,1.0,10.0,-3.54,0.0,-16.44,39.17
141,AZTA.O,아젠타,5,60,14,29,74,1.0,10.0,-3.54,15.02,-15.88,49.84
141,ZD.O,지프 데이비스,5,60,14,29,74,1.0,10.0,-3.54,0.0,-19.95,33.55
141,PYCR.O,페이코어 HCM,5,60,14,29,74,1.0,10.0,-3.54,0.0,-11.92,46.9
141,DRVN.O,드리븐 브랜즈 홀딩스,5,60,14,29,74,1.0,10.0,-3.54,5.84,-8.79,44.56
141,FTRE.O,포트레아 홀딩스,5,60,14,29,74,1.0,10.0,-3.54,0.0,-13.13,44.84
141,DNUT.O,크리스피 크림,5,60,14,29,74,1.0,10.0,-3.54,0.0,-11.03,50.22
141,XRX.O,제록스 홀딩스,5,60,14,29,74,1.0,10.0,-3.54,0.0,-10.84,42.65
141,ASTL.O,알고마 스틸 그룹,5,60,14,29,74,1.0,10.0,-3.54,0.2,-9.58,43.62
141,BHRB.O,버크 & 허버트 뱅크 & 트러스트,5,60,14,29,74,1.0,10.0,-3.54,0.0,-30.81,39.34
141,ARKO.O,아르코,5,60,14,29,74,1.0,10.0,-3.54,-34.11,-7.11,39.68
141,SNCY.O,선 컨트리 에어라인즈 홀딩스,5,60,14,29,74,1.0,10.0,-3.54,-24.77,-18.09,51.09
141,QRTEP.O,큐레이트 리테일 우선주 8.0%,5,60,14,29,74,1.0,10.0,-3.54,-16.26,-11.69,45.01
141,SVCO.O,실바코 그룹,5,60,14,29,74,1.0,10.0,-3.54,0.0,-30.79,40.32
141,ILPT.O,인더스트리얼 로지스틱스 프로퍼티,5,60,14,29,74,1.0,10.0,-3.54,-11.3,-16.81,46.84
141,CZFS.O,시티즌스 파이낸셜 서비시스,5,60,14,29,74,1.0,10.0,-3.54,-35.72,-15.78,39.2
141,FTRE.O,포트레아 홀딩스,5,60,14,29,79,1.0,10.0,-3.54,0.0,-13.13,44.84
141,XRX.O,제록스 홀딩스,5,60,14,29,79,1.0,10.0,-3.54,0.0,-10.84,42.65
141,KGEI.O,콜리브리 글로벌 에너지,5,60,14,29,69,1.0,10.0,-3.54,0.0,-16.79,41.35
141,SVCO.O,실바코 그룹,5,60,14,29,79,1.0,10.0,-3.54,0.0,-30.79,40.32
141,ASTL.O,알고마 스틸 그룹,5,60,14,29,79,1.0,10.0,-3.54,0.2,-9.58,43.62
141,SHMD.O,슈미드 그룹,5,60,14,29,79,1.0,10.0,-3.54,0.0,-16.44,39.17
141,CZFS.O,시티즌스 파이낸셜 서비시스,5,60,14,29,79,1.0,10.0,-3.54,-35.72,-15.78,39.2
141,ILPT.O,인더스트리얼 로지스틱스 프로퍼티,5,60,14,29,79,1.0,10.0,-3.54,-11.3,-16.81,46.84
141,DTI.O,드릴링 툴스 인터내셔널,5,60,14,29,79,1.0,10.0,-3.54,23.77,-13.49,43.8
141,QRTEP.O,큐레이트 리테일 우선주 8.0%,5,60,14,29,79,1.0,10.0,-3.54,-16.26,-11.69,45.01
141,SNCY.O,선 컨트리 에어라인즈 홀딩스,5,60,14,29,79,1.0,10.0,-3.54,-24.77,-18.09,51.09
141,ARKO.O,아르코,5,60,14,29,79,1.0,10.0,-3.54,-34.11,-7.11,39.68
141,BHRB.O,버크 & 허버트 뱅크 & 트러스트,5,60,14,29,79,1.0,10.0,-3.54,0.0,-30.81,39.34
141,ARKO.O,아르코,5,120,14,49,54,1.0,10.0,-4.71,-18.98,-7.11,39.68
141,TIGO.O,밀리콤 인터내셔널 셀룰러,5,120,14,49,54,1.0,10.0,-4.71,-1.77,-8.46,43.29
141,AZTA.O,아젠타,5,120,14,49,54,1.0,10.0,-4.71,14.11,-15.88,49.84
141,ZD.O,지프 데이비스,5,120,14,49,54,1.0,10.0,-4.71,-24.34,-19.95,33.55
141,PYCR.O,페이코어 HCM,5,120,14,49,54,1.0,10.0,-4.71,-45.65,-11.92,46.9
141,DRVN.O,드리븐 브랜즈 홀딩스,5,120,14,49,54,1.0,10.0,-4.71,9.79,-8.79,44.56
141,FTRE.O,포트레아 홀딩스,5,120,14,49,54,1.0,10.0,-4.71,0.0,-13.13,44.84
141,DNUT.O,크리스피 크림,5,120,14,49,54,1.0,10.0,-4.71,-16.87,-11.03,50.22
141,XRX.O,제록스 홀딩스,5,120,14,49,54,1.0,10.0,-4.71,9.63,-10.84,42.65
141,ASTL.O,알고마 스틸 그룹,5,120,14,49,54,1.0,10.0,-4.71,0.55,-9.58,43.62
141,BHRB.O,버크 & 허버트 뱅크 & 트러스트,5,120,14,49,54,1.0,10.0,-4.71,0.0,-30.81,39.34
141,SNCY.O,선 컨트리 에어라인즈 홀딩스,5,120,14,49,54,1.0,10.0,-4.71,-25.64,-18.09,51.09
141,SNT.O,센스타 테크놀로지스,5,120,14,49,54,1.0,10.0,-4.71,17.22,-15.09,50.32
141,QIPT.O,큅트 홈 메디컬,5,120,14,49,54,1.0,10.0,-4.71,-25.55,-16.7,44.32
141,DALN.O,달라스뉴스,5,120,14,49,54,1.0,10.0,-4.71,-13.85,-11.86,37.36
141,QRTEP.O,큐레이트 리테일 우선주 8.0%,5,120,14,49,54,1.0,10.0,-4.71,-8.59,-11.69,45.01
141,BAFN.O,베이퍼스트 파이낸셜,5,120,14,49,54,1.0,10.0,-4.71,-25.83,-15.98,43.44
141,OPI.O,오피스 프로퍼티 인컴 트러스트,5,120,14,49,54,1.0,10.0,-4.71,-29.28,-18.39,39.32
141,GECC.O,그레이트 엘름 캐피털,5,120,14,49,54,1.0,10.0,-4.71,-23.46,-15.75,38.33
141,KGEI.O,콜리브리 글로벌 에너지,5,120,14,49,54,1.0,10.0,-4.71,0.0,-16.79,41.35
141,DTI.O,드릴링 툴스 인터내셔널,5,120,14,49,54,1.0,10.0,-4.71,129.68,-13.49,43.8
141,SHMD.O,슈미드 그룹,5,120,14,49,54,1.0,10.0,-4.71,0.0,-16.44,39.17
141,CZFS.O,시티즌스 파이낸셜 서비시스,5,120,14,49,54,1.0,10.0,-4.71,-51.76,-15.78,39.2
141,ILPT.O,인더스트리얼 로지스틱스 프로퍼티,5,120,14,49,54,1.0,10.0,-4.71,12.81,-16.81,46.84
141,SVCO.O,실바코 그룹,5,120,14,49,54,1.0,10.0,-4.71,0.0,-30.79,40.32
141,KGEI.O,콜리브리 글로벌 에너지,5,60,14,39,54,1.0,10.0,-4.75,0.0,-16.79,41.35
141,SHMD.O,슈미드 그룹,5,60,14,39,54,1.0,10.0,-4.75,0.0,-16.44,39.17
141,DTI.O,드릴링 툴스 인터내셔널,5,60,14,39,54,1.0,10.0,-4.75,23.77,-13.49,43.8
141,QIPT.O,큅트 홈 메디컬,5,60,14,39,54,1.0,10.0,-4.75,52.52,-16.7,44.32
141,ILPT.O,인더스트리얼 로지스틱스 프로퍼티,5,60,14,39,54,1.0,10.0,-4.75,-3.85,-16.81,46.84
141,GECC.O,그레이트 엘름 캐피털,5,60,14,39,54,1.0,10.0,-4.75,-23.21,-15.75,38.33
141,OPI.O,오피스 프로퍼티 인컴 트러스트,5,60,14,39,54,1.0,10.0,-4.75,-29.45,-18.39,39.32
141,BAFN.O,베이퍼스트 파이낸셜,5,60,14,39,54,1.0,10.0,-4.75,-19.93,-15.98,43.44
141,SNT.O,센스타 테크놀로지스,5,60,14,39,54,1.0,10.0,-4.75,22.1,-15.09,50.32
141,DALN.O,달라스뉴스,5,60,14,39,54,1.0,10.0,-4.75,-16.3,-11.86,37.36
141,CZFS.O,시티즌스 파이낸셜 서비시스,5,60,14,39,54,1.0,10.0,-4.75,-35.72,-15.78,39.2
141,BHRB.O,버크 & 허버트 뱅크 & 트러스트,5,60,14,39,54,1.0,10.0,-4.75,0.0,-30.81,39.34
141,SVCO.O,실바코 그룹,5,60,14,39,54,1.0,10.0,-4.75,0.0,-30.79,40.32
141,FTRE.O,포트레아 홀딩스,5,60,14,39,54,1.0,10.0,-4.75,0.0,-13.13,44.84
141,QRTEP.O,큐레이트 리테일 우선주 8.0%,5,60,14,39,54,1.0,10.0,-4.75,-16.26,-11.69,45.01
141,AZTA.O,아젠타,5,60,14,39,54,1.0,10.0,-4.75,-6.22,-15.88,49.84
141,TIGO.O,밀리콤 인터내셔널 셀룰러,5,60,14,39,54,1.0,10.0,-4.75,14.34,-8.46,43.29
141,ZD.O,지프 데이비스,5,60,14,39,54,1.0,10.0,-4.75,-27.31,-19.95,33.55
141,PYCR.O,페이코어 HCM,5,60,14,39,54,1.0,10.0,-4.75,-44.0,-11.92,46.9
141,DRVN.O,드리븐 브랜즈 홀딩스,5,60,14,39,54,1.0,10.0,-4.75,5.84,-8.79,44.56
141,DNUT.O,크리스피 크림,5,60,14,39,54,1.0,10.0,-4.75,-12.8,-11.03,50.22
141,XRX.O,제록스 홀딩스,5,60,14,39,54,1.0,10.0,-4.75,15.99,-10.84,42.65
141,ASTL.O,알고마 스틸 그룹,5,60,14,39,54,1.0,10.0,-4.75,40.53,-9.58,43.62
141,ARKO.O,아르코,5,60,14,39,54,1.0,10.0,-4.75,-34.11,-7.11,39.68
141,SNCY.O,선 컨트리 에어라인즈 홀딩스,5,60,14,39,54,1.0,10.0,-4.75,-24.77,-18.09,51.09
141,FTRE.O,포트레아 홀딩스,5,120,14,44,59,1.0,10.0,-5.17,0.0,-13.13,44.84
141,ASTL.O,알고마 스틸 그룹,5,120,14,44,59,1.0,10.0,-5.17,24.6,-9.58,43.62
141,XRX.O,제록스 홀딩스,5,120,14,44,59,1.0,10.0,-5.17,-21.56,-10.84,42.65
141,DNUT.O,크리스피 크림,5,120,14,44,59,1.0,10.0,-5.17,-16.87,-11.03,50.22
141,TIGO.O,밀리콤 인터내셔널 셀룰러,5,120,14,44,59,1.0,10.0,-5.17,-3.9,-8.46,43.29
141,DRVN.O,드리븐 브랜즈 홀딩스,5,120,14,44,59,1.0,10.0,-5.17,1.54,-8.79,44.56
141,PYCR.O,페이코어 HCM,5,120,14,44,59,1.0,10.0,-5.17,-45.65,-11.92,46.9
141,ZD.O,지프 데이비스,5,120,14,44,59,1.0,10.0,-5.17,-24.34,-19.95,33.55
141,AZTA.O,아젠타,5,120,14,44,59,1.0,10.0,-5.17,14.11,-15.88,49.84
141,ARKO.O,아르코,5,120,14,44,59,1.0,10.0,-5.17,-20.46,-7.11,39.68
141,BHRB.O,버크 & 허버트 뱅크 & 트러스트,5,120,14,44,59,1.0,10.0,-5.17,0.0,-30.81,39.34
141,SHMD.O,슈미드 그룹,5,120,14,44,59,1.0,10.0,-5.17,0.0,-16.44,39.17
141,SNCY.O,선 컨트리 에어라인즈 홀딩스,5,120,14,44,59,1.0,10.0,-5.17,-25.64,-18.09,51.09
141,QRTEP.O,큐레이트 리테일 우선주 8.0%,5,120,14,44,59,1.0,10.0,-5.17,-8.59,-11.69,45.01
141,ILPT.O,인더스트리얼 로지스틱스 프로퍼티,5,120,14,44,59,1.0,10.0,-5.17,9.91,-16.81,46.84
141,CZFS.O,시티즌스 파이낸셜 서비시스,5,120,14,44,59,1.0,10.0,-5.17,-51.76,-15.78,39.2
141,DTI.O,드릴링 툴스 인터내셔널,5,120,14,44,59,1.0,10.0,-5.17,129.68,-13.49,43.8
141,QIPT.O,큅트 홈 메디컬,5,120,14,44,59,1.0,10.0,-5.17,-17.02,-16.7,44.32
141,KGEI.O,콜리브리 글로벌 에너지,5,120,14,44,59,1.0,10.0,-5.17,0.0,-16.79,41.35
141,GECC.O,그레이트 엘름 캐피털,5,120,14,44,59,1.0,10.0,-5.17,-23.46,-15.75,38.33
141,OPI.O,오피스 프로퍼티 인컴 트러스트,5,120,14,44,59,1.0,10.0,-5.17,-27.52,-18.39,39.32
141,BAFN.O,베이퍼스트 파이낸셜,5,120,14,44,59,1.0,10.0,-5.17,-25.83,-15.98,43.44
141,SNT.O,센스타 테크놀로지스,5,120,14,44,59,1.0,10.0,-5.17,17.22,-15.09,50.32
141,DALN.O,달라스뉴스,5,120,14,44,59,1.0,10.0,-5.17,-13.85,-11.86,37.36
141,SVCO.O,실바코 그룹,5,120,14,44,59,1.0,10.0,-5.17,0.0,-30.79,40.32
141,TIGO.O,밀리콤 인터내셔널 셀룰러,5,120,14,39,64,1.0,10.0,-5.29,-4.26,-8.46,43.29
141,SNT.O,센스타 테크놀로지스,5,120,14,39,64,1.0,10.0,-5.29,17.22,-15.09,50.32
141,AZTA.O,아젠타,5,120,14,39,64,1.0,10.0,-5.29,14.11,-15.88,49.84
141,PYCR.O,페이코어 HCM,5,120,14,39,64,1.0,10.0,-5.29,-45.65,-11.92,46.9
141,BAFN.O,베이퍼스트 파이낸셜,5,120,14,39,64,1.0,10.0,-5.29,-25.83,-15.98,43.44
141,OPI.O,오피스 프로퍼티 인컴 트러스트,5,120,14,39,64,1.0,10.0,-5.29,-26.3,-18.39,39.32
141,GECC.O,그레이트 엘름 캐피털,5,120,14,39,64,1.0,10.0,-5.29,-23.46,-15.75,38.33
141,KGEI.O,콜리브리 글로벌 에너지,5,120,14,39,64,1.0,10.0,-5.29,0.0,-16.79,41.35
141,QIPT.O,큅트 홈 메디컬,5,120,14,39,64,1.0,10.0,-5.29,-23.59,-16.7,44.32
141,DTI.O,드릴링 툴스 인터내셔널,5,120,14,39,64,1.0,10.0,-5.29,129.68,-13.49,43.8
141,SHMD.O,슈미드 그룹,5,120,14,39,64,1.0,10.0,-5.29,0.0,-16.44,39.17
141,CZFS.O,시티즌스 파이낸셜 서비시스,5,120,14,39,64,1.0,10.0,-5.29,-51.76,-15.78,39.2
141,ILPT.O,인더스트리얼 로지스틱스 프로퍼티,5,120,14,39,64,1.0,10.0,-5.29,13.61,-16.81,46.84
141,SVCO.O,실바코 그룹,5,120,14,39,64,1.0,10.0,-5.29,0.0,-30.79,40.32
141,QRTEP.O,큐레이트 리테일 우선주 8.0%,5,120,14,39,64,1.0,10.0,-5.29,-8.59,-11.69,45.01
141,SNCY.O,선 컨트리 에어라인즈 홀딩스,5,120,14,39,64,1.0,10.0,-5.29,-25.64,-18.09,51.09
141,ARKO.O,아르코,5,120,14,39,64,1.0,10.0,-5.29,0.0,-7.11,39.68
141,BHRB.O,버크 & 허버트 뱅크 & 트러스트,5,120,14,39,64,1.0,10.0,-5.29,0.0,-30.81,39.34
141,ASTL.O,알고마 스틸 그룹,5,120,14,39,64,1.0,10.0,-5.29,-7.73,-9.58,43.62
141,XRX.O,제록스 홀딩스,5,120,14,39,64,1.0,10.0,-5.29,0.0,-10.84,42.65
141,DNUT.O,크리스피 크림,5,120,14,39,64,1.0,10.0,-5.29,-16.87,-11.03,50.22
141,FTRE.O,포트레아 홀딩스,5,120,14,39,64,1.0,10.0,-5.29,0.0,-13.13,44.84
141,DRVN.O,드리븐 브랜즈 홀딩스,5,120,14,39,64,1.0,10.0,-5.29,1.54,-8.79,44.56
141,DALN.O,달라스뉴스,5,120,14,39,64,1.0,10.0,-5.29,-24.46,-11.86,37.36
141,ZD.O,지프 데이비스,5,120,14,39,64,1.0,10.0,-5.29,-24.34,-19.95,33.55
141,DALN.O,달라스뉴스,5,60,14,39,59,1.0,10.0,-5.79,-16.3,-11.86,37.36
141,SNT.O,센스타 테크놀로지스,5,60,14,39,59,1.0,10.0,-5.79,22.1,-15.09,50.32
141,SNCY.O,선 컨트리 에어라인즈 홀딩스,5,60,14,39,59,1.0,10.0,-5.79,-24.77,-18.09,51.09
141,BAFN.O,베이퍼스트 파이낸셜,5,60,14,39,59,1.0,10.0,-5.79,-19.93,-15.98,43.44
141,ZD.O,지프 데이비스,5,60,14,39,59,1.0,10.0,-5.79,-27.31,-19.95,33.55
141,PYCR.O,페이코어 HCM,5,60,14,39,59,1.0,10.0,-5.79,-44.0,-11.92,46.9
141,DRVN.O,드리븐 브랜즈 홀딩스,5,60,14,39,59,1.0,10.0,-5.79,5.84,-8.79,44.56
141,FTRE.O,포트레아 홀딩스,5,60,14,39,59,1.0,10.0,-5.79,0.0,-13.13,44.84
141,DNUT.O,크리스피 크림,5,60,14,39,59,1.0,10.0,-5.79,-12.8,-11.03,50.22
141,XRX.O,제록스 홀딩스,5,60,14,39,59,1.0,10.0,-5.79,-16.7,-10.84,42.65
141,ASTL.O,알고마 스틸 그룹,5,60,14,39,59,1.0,10.0,-5.79,40.53,-9.58,43.62
141,BHRB.O,버크 & 허버트 뱅크 & 트러스트,5,60,14,39,59,1.0,10.0,-5.79,0.0,-30.81,39.34
141,ARKO.O,아르코,5,60,14,39,59,1.0,10.0,-5.79,-34.11,-7.11,39.68
141,QRTEP.O,큐레이트 리테일 우선주 8.0%,5,60,14,39,59,1.0,10.0,-5.79,-16.26,-11.69,45.01
141,TIGO.O,밀리콤 인터내셔널 셀룰러,5,60,14,39,59,1.0,10.0,-5.79,-2.92,-8.46,43.29
141,SVCO.O,실바코 그룹,5,60,14,39,59,1.0,10.0,-5.79,0.0,-30.79,40.32
141,ILPT.O,인더스트리얼 로지스틱스 프로퍼티,5,60,14,39,59,1.0,10.0,-5.79,0.65,-16.81,46.84
141,CZFS.O,시티즌스 파이낸셜 서비시스,5,60,14,39,59,1.0,10.0,-5.79,-35.72,-15.78,39.2
141,SHMD.O,슈미드 그룹,5,60,14,39,59,1.0,10.0,-5.79,0.0,-16.44,39.17
141,DTI.O,드릴링 툴스 인터내셔널,5,60,14,39,59,1.0,10.0,-5.79,23.77,-13.49,43.8
141,QIPT.O,큅트 홈 메디컬,5,60,14,39,59,1.0,10.0,-5.79,68.78,-16.7,44.32
141,KGEI.O,콜리브리 글로벌 에너지,5,60,14,39,59,1.0,10.0,-5.79,0.0,-16.79,41.35
141,GECC.O,그레이트 엘름 캐피털,5,60,14,39,59,1.0,10.0,-5.79,-23.21,-15.75,38.33
141,OPI.O,오피스 프로퍼티 인컴 트러스트,5,60,14,39,59,1.0,10.0,-5.79,-26.24,-18.39,39.32
141,AZTA.O,아젠타,5,60,14,39,59,1.0,10.0,-5.79,-6.22,-15.88,49.84
141,AZTA.O,아젠타,5,60,14,44,54,1.0,10.0,-6.3,-6.22,-15.88,49.84
141,TIGO.O,밀리콤 인터내셔널 셀룰러,5,60,14,44,54,1.0,10.0,-6.3,14.34,-8.46,43.29
141,DRVN.O,드리븐 브랜즈 홀딩스,5,60,14,44,54,1.0,10.0,-6.3,5.84,-8.79,44.56
141,ZD.O,지프 데이비스,5,60,14,44,54,1.0,10.0,-6.3,-27.31,-19.95,33.55
141,ILPT.O,인더스트리얼 로지스틱스 프로퍼티,5,60,14,44,54,1.0,10.0,-6.3,4.15,-16.81,46.84
141,FTRE.O,포트레아 홀딩스,5,60,14,44,54,1.0,10.0,-6.3,0.0,-13.13,44.84
141,DNUT.O,크리스피 크림,5,60,14,44,54,1.0,10.0,-6.3,-12.8,-11.03,50.22
141,XRX.O,제록스 홀딩스,5,60,14,44,54,1.0,10.0,-6.3,15.99,-10.84,42.65
141,ASTL.O,알고마 스틸 그룹,5,60,14,44,54,1.0,10.0,-6.3,40.53,-9.58,43.62
141,BHRB.O,버크 & 허버트 뱅크 & 트러스트,5,60,14,44,54,1.0,10.0,-6.3,0.0,-30.81,39.34
141,ARKO.O,아르코,5,60,14,44,54,1.0,10.0,-6.3,-11.97,-7.11,39.68
141,SNCY.O,선 컨트리 에어라인즈 홀딩스,5,60,14,44,54,1.0,10.0,-6.3,-24.77,-18.09,51.09
141,QRTEP.O,큐레이트 리테일 우선주 8.0%,5,60,14,44,54,1.0,10.0,-6.3,-16.26,-11.69,45.01
141,SVCO.O,실바코 그룹,5,60,14,44,54,1.0,10.0,-6.3,0.0,-30.79,40.32
141,CZFS.O,시티즌스 파이낸셜 서비시스,5,60,14,44,54,1.0,10.0,-6.3,-35.72,-15.78,39.2
141,SHMD.O,슈미드 그룹,5,60,14,44,54,1.0,10.0,-6.3,0.0,-16.44,39.17
141,DTI.O,드릴링 툴스 인터내셔널,5,60,14,44,54,1.0,10.0,-6.3,23.77,-13.49,43.8
141,QIPT.O,큅트 홈 메디컬,5,60,14,44,54,1.0,10.0,-6.3,-19.96,-16.7,44.32
141,KGEI.O,콜리브리 글로벌 에너지,5,60,14,44,54,1.0,10.0,-6.3,0.0,-16.79,41.35
141,GECC.O,그레이트 엘름 캐피털,5,60,14,44,54,1.0,10.0,-6.3,-23.21,-15.75,38.33
141,OPI.O,오피스 프로퍼티 인컴 트러스트,5,60,14,44,54,1.0,10.0,-6.3,-30.25,-18.39,39.32
141,BAFN.O,베이퍼스트 파이낸셜,5,60,14,44,54,1.0,10.0,-6.3,-19.93,-15.98,43.44
141,SNT.O,센스타 테크놀로지스,5,60,14,44,54,1.0,10.0,-6.3,22.1,-15.09,50.32
141,DALN.O,달라스뉴스,5,60,14,44,54,1.0,10.0,-6.3,-16.3,-11.86,37.36
141,PYCR.O,페이코어 HCM,5,60,14,44,54,1.0,10.0,-6.3,-39.47,-11.92,46.9
141,SNT.O,센스타 테크놀로지스,5,120,14,44,64,1.0,10.0,-6.95,17.22,-15.09,50.32
141,DALN.O,달라스뉴스,5,120,14,44,64,1.0,10.0,-6.95,-21.36,-11.86,37.36
141,ZD.O,지프 데이비스,5,120,14,44,64,1.0,10.0,-6.95,-24.34,-19.95,33.55
141,PYCR.O,페이코어 HCM,5,120,14,44,64,1.0,10.0,-6.95,-45.65,-11.92,46.9
141,BAFN.O,베이퍼스트 파이낸셜,5,120,14,44,64,1.0,10.0,-6.95,-25.83,-15.98,43.44
141,OPI.O,오피스 프로퍼티 인컴 트러스트,5,120,14,44,64,1.0,10.0,-6.95,-26.3,-18.39,39.32
141,GECC.O,그레이트 엘름 캐피털,5,120,14,44,64,1.0,10.0,-6.95,-23.46,-15.75,38.33
141,KGEI.O,콜리브리 글로벌 에너지,5,120,14,44,64,1.0,10.0,-6.95,0.0,-16.79,41.35
141,QIPT.O,큅트 홈 메디컬,5,120,14,44,64,1.0,10.0,-6.95,-23.59,-16.7,44.32
141,DTI.O,드릴링 툴스 인터내셔널,5,120,14,44,64,1.0,10.0,-6.95,129.68,-13.49,43.8
141,SHMD.O,슈미드 그룹,5,120,14,44,64,1.0,10.0,-6.95,0.0,-16.44,39.17
141,CZFS.O,시티즌스 파이낸셜 서비시스,5,120,14,44,64,1.0,10.0,-6.95,-51.76,-15.78,39.2
141,ILPT.O,인더스트리얼 로지스틱스 프로퍼티,5,120,14,44,64,1.0,10.0,-6.95,11.17,-16.81,46.84
141,SVCO.O,실바코 그룹,5,120,14,44,64,1.0,10.0,-6.95,0.0,-30.79,40.32
141,QRTEP.O,큐레이트 리테일 우선주 8.0%,5,120,14,44,64,1.0,10.0,-6.95,-8.59,-11.69,45.01
141,SNCY.O,선 컨트리 에어라인즈 홀딩스,5,120,14,44,64,1.0,10.0,-6.95,-25.64,-18.09,51.09
141,ARKO.O,아르코,5,120,14,44,64,1.0,10.0,-6.95,-20.46,-7.11,39.68
141,BHRB.O,버크 & 허버트 뱅크 & 트러스트,5,120,14,44,64,1.0,10.0,-6.95,0.0,-30.81,39.34
141,ASTL.O,알고마 스틸 그룹,5,120,14,44,64,1.0,10.0,-6.95,-7.73,-9.58,43.62
141,XRX.O,제록스 홀딩스,5,120,14,44,64,1.0,10.0,-6.95,-21.56,-10.84,42.65
141,DNUT.O,크리스피 크림,5,120,14,44,64,1.0,10.0,-6.95,-16.87,-11.03,50.22
141,FTRE.O,포트레아 홀딩스,5,120,14,44,64,1.0,10.0,-6.95,0.0,-13.13,44.84
141,DRVN.O,드리븐 브랜즈 홀딩스,5,120,14,44,64,1.0,10.0,-6.95,1.54,-8.79,44.56
141,AZTA.O,아젠타,5,120,14,44,64,1.0,10.0,-6.95,14.11,-15.88,49.84
141,TIGO.O,밀리콤 인터내셔널 셀룰러,5,120,14,44,64,1.0,10.0,-6.95,-4.26,-8.46,43.29
141,ZD.O,지프 데이비스,5,120,14,39,69,1.0,10.0,-7.02,-24.34,-19.95,33.55
141,XRX.O,제록스 홀딩스,5,120,14,39,79,1.0,10.0,-7.02,0.0,-10.84,42.65
141,FTRE.O,포트레아 홀딩스,5,120,14,39,79,1.0,10.0,-7.02,0.0,-13.13,44.84
141,DRVN.O,드리븐 브랜즈 홀딩스,5,120,14,39,79,1.0,10.0,-7.02,1.54,-8.79,44.56
141,PYCR.O,페이코어 HCM,5,120,14,39,79,1.0,10.0,-7.02,-45.65,-11.92,46.9
141,ZD.O,지프 데이비스,5,120,14,39,79,1.0,10.0,-7.02,-24.34,-19.95,33.55
141,AZTA.O,아젠타,5,120,14,39,79,1.0,10.0,-7.02,14.11,-15.88,49.84
141,TIGO.O,밀리콤 인터내셔널 셀룰러,5,120,14,39,79,1.0,10.0,-7.02,-4.26,-8.46,43.29
141,DALN.O,달라스뉴스,5,120,14,39,74,1.0,10.0,-7.02,-24.46,-11.86,37.36
141,SNT.O,센스타 테크놀로지스,5,120,14,39,74,1.0,10.0,-7.02,17.22,-15.09,50.32
141,BAFN.O,베이퍼스트 파이낸셜,5,120,14,39,74,1.0,10.0,-7.02,-25.83,-15.98,43.44
141,OPI.O,오피스 프로퍼티 인컴 트러스트,5,120,14,39,74,1.0,10.0,-7.02,-26.3,-18.39,39.32
141,GECC.O,그레이트 엘름 캐피털,5,120,14,39,74,1.0,10.0,-7.02,-23.46,-15.75,38.33
141,KGEI.O,콜리브리 글로벌 에너지,5,120,14,39,74,1.0,10.0,-7.02,0.0,-16.79,41.35
141,QIPT.O,큅트 홈 메디컬,5,120,14,39,74,1.0,10.0,-7.02,-23.59,-16.7,44.32
141,DTI.O,드릴링 툴스 인터내셔널,5,120,14,39,74,1.0,10.0,-7.02,129.68,-13.49,43.8
141,SHMD.O,슈미드 그룹,5,120,14,39,74,1.0,10.0,-7.02,0.0,-16.44,39.17
141,DNUT.O,크리스피 크림,5,120,14,39,79,1.0,10.0,-7.02,-16.87,-11.03,50.22
141,ASTL.O,알고마 스틸 그룹,5,120,14,39,79,1.0,10.0,-7.02,-7.73,-9.58,43.62
141,ILPT.O,인더스트리얼 로지스틱스 프로퍼티,5,120,14,39,74,1.0,10.0,-7.02,-29.63,-16.81,46.84
141,BHRB.O,버크 & 허버트 뱅크 & 트러스트,5,120,14,39,79,1.0,10.0,-7.02,0.0,-30.81,39.34
141,DALN.O,달라스뉴스,5,120,14,39,79,1.0,10.0,-7.02,-24.46,-11.86,37.36
141,SNT.O,센스타 테크놀로지스,5,120,14,39,79,1.0,10.0,-7.02,17.22,-15.09,50.32
141,BAFN.O,베이퍼스트 파이낸셜,5,120,14,39,79,1.0,10.0,-7.02,-25.83,-15.98,43.44
141,OPI.O,오피스 프로퍼티 인컴 트러스트,5,120,14,39,79,1.0,10.0,-7.02,-26.3,-18.39,39.32
141,GECC.O,그레이트 엘름 캐피털,5,120,14,39,79,1.0,10.0,-7.02,-23.46,-15.75,38.33
141,KGEI.O,콜리브리 글로벌 에너지,5,120,14,39,79,1.0,10.0,-7.02,0.0,-16.79,41.35
141,QIPT.O,큅트 홈 메디컬,5,120,14,39,79,1.0,10.0,-7.02,-23.59,-16.7,44.32
141,DTI.O,드릴링 툴스 인터내셔널,5,120,14,39,79,1.0,10.0,-7.02,129.68,-13.49,43.8
141,SHMD.O,슈미드 그룹,5,120,14,39,79,1.0,10.0,-7.02,0.0,-16.44,39.17
141,CZFS.O,시티즌스 파이낸셜 서비시스,5,120,14,39,79,1.0,10.0,-7.02,-51.76,-15.78,39.2
141,ILPT.O,인더스트리얼 로지스틱스 프로퍼티,5,120,14,39,79,1.0,10.0,-7.02,-29.63,-16.81,46.84
141,SVCO.O,실바코 그룹,5,120,14,39,79,1.0,10.0,-7.02,0.0,-30.79,40.32
141,QRTEP.O,큐레이트 리테일 우선주 8.0%,5,120,14,39,79,1.0,10.0,-7.02,-8.59,-11.69,45.01
141,SNCY.O,선 컨트리 에어라인즈 홀딩스,5,120,14,39,79,1.0,10.0,-7.02,-25.64,-18.09,51.09
141,ARKO.O,아르코,5,120,14,39,79,1.0,10.0,-7.02,0.0,-7.11,39.68
141,CZFS.O,시티즌스 파이낸셜 서비시스,5,120,14,39,74,1.0,10.0,-7.02,-51.76,-15.78,39.2
141,SVCO.O,실바코 그룹,5,120,14,39,74,1.0,10.0,-7.02,0.0,-30.79,40.32
141,AZTA.O,아젠타,5,120,14,39,69,1.0,10.0,-7.02,14.11,-15.88,49.84
141,KGEI.O,콜리브리 글로벌 에너지,5,120,14,39,69,1.0,10.0,-7.02,0.0,-16.79,41.35
141,DTI.O,드릴링 툴스 인터내셔널,5,120,14,39,69,1.0,10.0,-7.02,129.68,-13.49,43.8
141,SHMD.O,슈미드 그룹,5,120,14,39,69,1.0,10.0,-7.02,0.0,-16.44,39.17
141,CZFS.O,시티즌스 파이낸셜 서비시스,5,120,14,39,69,1.0,10.0,-7.02,-51.76,-15.78,39.2
141,SVCO.O,실바코 그룹,5,120,14,39,69,1.0,10.0,-7.02,0.0,-30.79,40.32
141,QRTEP.O,큐레이트 리테일 우선주 8.0%,5,120,14,39,69,1.0,10.0,-7.02,-8.59,-11.69,45.01
141,SNCY.O,선 컨트리 에어라인즈 홀딩스,5,120,14,39,69,1.0,10.0,-7.02,-25.64,-18.09,51.09
141,ARKO.O,아르코,5,120,14,39,69,1.0,10.0,-7.02,0.0,-7.11,39.68
141,BHRB.O,버크 & 허버트 뱅크 & 트러스트,5,120,14,39,69,1.0,10.0,-7.02,0.0,-30.81,39.34
141,ASTL.O,알고마 스틸 그룹,5,120,14,39,69,1.0,10.0,-7.02,-7.73,-9.58,43.62
141,XRX.O,제록스 홀딩스,5,120,14,39,69,1.0,10.0,-7.02,0.0,-10.84,42.65
141,DNUT.O,크리스피 크림,5,120,14,39,69,1.0,10.0,-7.02,-16.87,-11.03,50.22
141,FTRE.O,포트레아 홀딩스,5,120,14,39,69,1.0,10.0,-7.02,0.0,-13.13,44.84
141,DRVN.O,드리븐 브랜즈 홀딩스,5,120,14,39,69,1.0,10.0,-7.02,1.54,-8.79,44.56
141,PYCR.O,페이코어 HCM,5,120,14,39,69,1.0,10.0,-7.02,-45.65,-11.92,46.9
141,TIGO.O,밀리콤 인터내셔널 셀룰러,5,120,14,39,69,1.0,10.0,-7.02,-4.26,-8.46,43.29
141,QIPT.O,큅트 홈 메디컬,5,120,14,39,69,1.0,10.0,-7.02,-23.59,-16.7,44.32
141,GECC.O,그레이트 엘름 캐피털,5,120,14,39,69,1.0,10.0,-7.02,-23.46,-15.75,38.33
141,QRTEP.O,큐레이트 리테일 우선주 8.0%,5,120,14,39,74,1.0,10.0,-7.02,-8.59,-11.69,45.01
141,OPI.O,오피스 프로퍼티 인컴 트러스트,5,120,14,39,69,1.0,10.0,-7.02,-26.3,-18.39,39.32
141,SNCY.O,선 컨트리 에어라인즈 홀딩스,5,120,14,39,74,1.0,10.0,-7.02,-25.64,-18.09,51.09
141,ARKO.O,아르코,5,120,14,39,74,1.0,10.0,-7.02,0.0,-7.11,39.68
141,BHRB.O,버크 & 허버트 뱅크 & 트러스트,5,120,14,39,74,1.0,10.0,-7.02,0.0,-30.81,39.34
141,ASTL.O,알고마 스틸 그룹,5,120,14,39,74,1.0,10.0,-7.02,-7.73,-9.58,43.62
141,XRX.O,제록스 홀딩스,5,120,14,39,74,1.0,10.0,-7.02,0.0,-10.84,42.65
141,DNUT.O,크리스피 크림,5,120,14,39,74,1.0,10.0,-7.02,-16.87,-11.03,50.22
141,FTRE.O,포트레아 홀딩스,5,120,14,39,74,1.0,10.0,-7.02,0.0,-13.13,44.84
141,DRVN.O,드리븐 브랜즈 홀딩스,5,120,14,39,74,1.0,10.0,-7.02,1.54,-8.79,44.56
141,PYCR.O,페이코어 HCM,5,120,14,39,74,1.0,10.0,-7.02,-45.65,-11.92,46.9
141,ZD.O,지프 데이비스,5,120,14,39,74,1.0,10.0,-7.02,-24.34,-19.95,33.55
141,AZTA.O,아젠타,5,120,14,39,74,1.0,10.0,-7.02,14.11,-15.88,49.84
141,TIGO.O,밀리콤 인터내셔널 셀룰러,5,120,14,39,74,1.0,10.0,-7.02,-4.26,-8.46,43.29
141,DALN.O,달라스뉴스,5,120,14,39,69,1.0,10.0,-7.02,-24.46,-11.86,37.36
141,SNT.O,센스타 테크놀로지스,5,120,14,39,69,1.0,10.0,-7.02,17.22,-15.09,50.32
141,BAFN.O,베이퍼스트 파이낸셜,5,120,14,39,69,1.0,10.0,-7.02,-25.83,-15.98,43.44
141,ILPT.O,인더스트리얼 로지스틱스 프로퍼티,5,120,14,39,69,1.0,10.0,-7.02,-29.63,-16.81,46.84
141,ZD.O,지프 데이비스,5,60,14,34,64,1.0,10.0,-7.45,0.0,-19.95,33.55
141,PYCR.O,페이코어 HCM,5,60,14,34,64,1.0,10.0,-7.45,0.0,-11.92,46.9
141,AZTA.O,아젠타,5,60,14,34,74,1.0,10.0,-7.45,-6.22,-15.88,49.84
141,DRVN.O,드리븐 브랜즈 홀딩스,5,60,14,34,69,1.0,10.0,-7.45,5.84,-8.79,44.56
141,FTRE.O,포트레아 홀딩스,5,60,14,34,69,1.0,10.0,-7.45,0.0,-13.13,44.84
141,DNUT.O,크리스피 크림,5,60,14,34,69,1.0,10.0,-7.45,0.0,-11.03,50.22
141,XRX.O,제록스 홀딩스,5,60,14,34,69,1.0,10.0,-7.45,0.0,-10.84,42.65
141,ASTL.O,알고마 스틸 그룹,5,60,14,34,69,1.0,10.0,-7.45,0.2,-9.58,43.62
141,BHRB.O,버크 & 허버트 뱅크 & 트러스트,5,60,14,34,69,1.0,10.0,-7.45,0.0,-30.81,39.34
141,ARKO.O,아르코,5,60,14,34,69,1.0,10.0,-7.45,-34.11,-7.11,39.68
141,SNCY.O,선 컨트리 에어라인즈 홀딩스,5,60,14,34,69,1.0,10.0,-7.45,-24.77,-18.09,51.09
141,QRTEP.O,큐레이트 리테일 우선주 8.0%,5,60,14,34,69,1.0,10.0,-7.45,-16.26,-11.69,45.01
141,SVCO.O,실바코 그룹,5,60,14,34,69,1.0,10.0,-7.45,0.0,-30.79,40.32
141,ILPT.O,인더스트리얼 로지스틱스 프로퍼티,5,60,14,34,69,1.0,10.0,-7.45,-11.3,-16.81,46.84
141,CZFS.O,시티즌스 파이낸셜 서비시스,5,60,14,34,69,1.0,10.0,-7.45,-35.72,-15.78,39.2
141,SHMD.O,슈미드 그룹,5,60,14,34,69,1.0,10.0,-7.45,0.0,-16.44,39.17
141,DTI.O,드릴링 툴스 인터내셔널,5,60,14,34,69,1.0,10.0,-7.45,23.77,-13.49,43.8
141,QIPT.O,큅트 홈 메디컬,5,60,14,34,69,1.0,10.0,-7.45,-20.8,-16.7,44.32
141,KGEI.O,콜리브리 글로벌 에너지,5,60,14,34,69,1.0,10.0,-7.45,0.0,-16.79,41.35
141,GECC.O,그레이트 엘름 캐피털,5,60,14,34,69,1.0,10.0,-7.45,-23.52,-15.75,38.33
141,OPI.O,오피스 프로퍼티 인컴 트러스트,5,60,14,34,69,1.0,10.0,-7.45,-25.9,-18.39,39.32
141,BAFN.O,베이퍼스트 파이낸셜,5,60,14,34,69,1.0,10.0,-7.45,-19.93,-15.98,43.44
141,SNT.O,센스타 테크놀로지스,5,60,14,34,69,1.0,10.0,-7.45,22.1,-15.09,50.32
141,DALN.O,달라스뉴스,5,60,14,34,69,1.0,10.0,-7.45,-16.3,-11.86,37.36
141,DALN.O,달라스뉴스,5,60,14,34,79,1.0,10.0,-7.45,-16.3,-11.86,37.36
141,PYCR.O,페이코어 HCM,5,60,14,34,69,1.0,10.0,-7.45,0.0,-11.92,46.9
141,ZD.O,지프 데이비스,5,60,14,34,69,1.0,10.0,-7.45,0.0,-19.95,33.55
141,CZFS.O,시티즌스 파이낸셜 서비시스,5,60,14,34,64,1.0,10.0,-7.45,-35.72,-15.78,39.2
141,DNUT.O,크리스피 크림,5,60,14,34,64,1.0,10.0,-7.45,0.0,-11.03,50.22
141,XRX.O,제록스 홀딩스,5,60,14,34,64,1.0,10.0,-7.45,0.0,-10.84,42.65
141,ASTL.O,알고마 스틸 그룹,5,60,14,34,64,1.0,10.0,-7.45,0.2,-9.58,43.62
141,BHRB.O,버크 & 허버트 뱅크 & 트러스트,5,60,14,34,64,1.0,10.0,-7.45,0.0,-30.81,39.34
141,ARKO.O,아르코,5,60,14,34,64,1.0,10.0,-7.45,-34.11,-7.11,39.68
141,SNCY.O,선 컨트리 에어라인즈 홀딩스,5,60,14,34,64,1.0,10.0,-7.45,-24.77,-18.09,51.09
141,QRTEP.O,큐레이트 리테일 우선주 8.0%,5,60,14,34,64,1.0,10.0,-7.45,-16.26,-11.69,45.01
141,SVCO.O,실바코 그룹,5,60,14,34,64,1.0,10.0,-7.45,0.0,-30.79,40.32
141,ILPT.O,인더스트리얼 로지스틱스 프로퍼티,5,60,14,34,64,1.0,10.0,-7.45,-11.3,-16.81,46.84
141,SHMD.O,슈미드 그룹,5,60,14,34,64,1.0,10.0,-7.45,0.0,-16.44,39.17
141,AZTA.O,아젠타,5,60,14,34,69,1.0,10.0,-7.45,-6.22,-15.88,49.84
141,DTI.O,드릴링 툴스 인터내셔널,5,60,14,34,64,1.0,10.0,-7.45,23.77,-13.49,43.8
141,QIPT.O,큅트 홈 메디컬,5,60,14,34,64,1.0,10.0,-7.45,-20.8,-16.7,44.32
141,KGEI.O,콜리브리 글로벌 에너지,5,60,14,34,64,1.0,10.0,-7.45,0.0,-16.79,41.35
141,GECC.O,그레이트 엘름 캐피털,5,60,14,34,64,1.0,10.0,-7.45,-23.52,-15.75,38.33
141,OPI.O,오피스 프로퍼티 인컴 트러스트,5,60,14,34,64,1.0,10.0,-7.45,-25.9,-18.39,39.32
141,BAFN.O,베이퍼스트 파이낸셜,5,60,14,34,64,1.0,10.0,-7.45,-19.93,-15.98,43.44
141,SNT.O,센스타 테크놀로지스,5,60,14,34,64,1.0,10.0,-7.45,22.1,-15.09,50.32
141,DALN.O,달라스뉴스,5,60,14,34,64,1.0,10.0,-7.45,-16.3,-11.86,37.36
141,TIGO.O,밀리콤 인터내셔널 셀룰러,5,60,14,34,69,1.0,10.0,-7.45,-3.3,-8.46,43.29
141,TIGO.O,밀리콤 인터내셔널 셀룰러,5,60,14,34,74,1.0,10.0,-7.45,-3.3,-8.46,43.29
141,ZD.O,지프 데이비스,5,60,14,34,74,1.0,10.0,-7.45,0.0,-19.95,33.55
141,DRVN.O,드리븐 브랜즈 홀딩스,5,60,14,34,64,1.0,10.0,-7.45,5.84,-8.79,44.56
141,PYCR.O,페이코어 HCM,5,60,14,34,74,1.0,10.0,-7.45,0.0,-11.92,46.9
141,PYCR.O,페이코어 HCM,5,60,14,34,79,1.0,10.0,-7.45,0.0,-11.92,46.9
141,DRVN.O,드리븐 브랜즈 홀딩스,5,60,14,34,79,1.0,10.0,-7.45,5.84,-8.79,44.56
141,FTRE.O,포트레아 홀딩스,5,60,14,34,79,1.0,10.0,-7.45,0.0,-13.13,44.84
141,DNUT.O,크리스피 크림,5,60,14,34,79,1.0,10.0,-7.45,0.0,-11.03,50.22
141,XRX.O,제록스 홀딩스,5,60,14,34,79,1.0,10.0,-7.45,0.0,-10.84,42.65
141,ASTL.O,알고마 스틸 그룹,5,60,14,34,79,1.0,10.0,-7.45,0.2,-9.58,43.62
141,BHRB.O,버크 & 허버트 뱅크 & 트러스트,5,60,14,34,79,1.0,10.0,-7.45,0.0,-30.81,39.34
141,ARKO.O,아르코,5,60,14,34,79,1.0,10.0,-7.45,-34.11,-7.11,39.68
141,SNCY.O,선 컨트리 에어라인즈 홀딩스,5,60,14,34,79,1.0,10.0,-7.45,-24.77,-18.09,51.09
141,QRTEP.O,큐레이트 리테일 우선주 8.0%,5,60,14,34,79,1.0,10.0,-7.45,-16.26,-11.69,45.01
141,SVCO.O,실바코 그룹,5,60,14,34,79,1.0,10.0,-7.45,0.0,-30.79,40.32
141,TIGO.O,밀리콤 인터내셔널 셀룰러,5,60,14,34,64,1.0,10.0,-7.45,-3.3,-8.46,43.29
141,ILPT.O,인더스트리얼 로지스틱스 프로퍼티,5,60,14,34,79,1.0,10.0,-7.45,-11.3,-16.81,46.84
141,CZFS.O,시티즌스 파이낸셜 서비시스,5,60,14,34,79,1.0,10.0,-7.45,-35.72,-15.78,39.2
141,SHMD.O,슈미드 그룹,5,60,14,34,79,1.0,10.0,-7.45,0.0,-16.44,39.17
141,DTI.O,드릴링 툴스 인터내셔널,5,60,14,34,79,1.0,10.0,-7.45,23.77,-13.49,43.8
141,QIPT.O,큅트 홈 메디컬,5,60,14,34,79,1.0,10.0,-7.45,-20.8,-16.7,44.32
141,KGEI.O,콜리브리 글로벌 에너지,5,60,14,34,79,1.0,10.0,-7.45,0.0,-16.79,41.35
141,GECC.O,그레이트 엘름 캐피털,5,60,14,34,79,1.0,10.0,-7.45,-23.52,-15.75,38.33
141,OPI.O,오피스 프로퍼티 인컴 트러스트,5,60,14,34,79,1.0,10.0,-7.45,-25.9,-18.39,39.32
141,BAFN.O,베이퍼스트 파이낸셜,5,60,14,34,79,1.0,10.0,-7.45,-19.93,-15.98,43.44
141,ZD.O,지프 데이비스,5,60,14,34,79,1.0,10.0,-7.45,0.0,-19.95,33.55
141,AZTA.O,아젠타,5,60,14,34,79,1.0,10.0,-7.45,-6.22,-15.88,49.84
141,TIGO.O,밀리콤 인터내셔널 셀룰러,5,60,14,34,79,1.0,10.0,-7.45,-3.3,-8.46,43.29
141,SVCO.O,실바코 그룹,5,60,14,34,74,1.0,10.0,-7.45,0.0,-30.79,40.32
141,DRVN.O,드리븐 브랜즈 홀딩스,5,60,14,34,74,1.0,10.0,-7.45,5.84,-8.79,44.56
141,FTRE.O,포트레아 홀딩스,5,60,14,34,74,1.0,10.0,-7.45,0.0,-13.13,44.84
141,DNUT.O,크리스피 크림,5,60,14,34,74,1.0,10.0,-7.45,0.0,-11.03,50.22
141,XRX.O,제록스 홀딩스,5,60,14,34,74,1.0,10.0,-7.45,0.0,-10.84,42.65
141,ASTL.O,알고마 스틸 그룹,5,60,14,34,74,1.0,10.0,-7.45,0.2,-9.58,43.62
141,BHRB.O,버크 & 허버트 뱅크 & 트러스트,5,60,14,34,74,1.0,10.0,-7.45,0.0,-30.81,39.34
141,ARKO.O,아르코,5,60,14,34,74,1.0,10.0,-7.45,-34.11,-7.11,39.68
141,SNCY.O,선 컨트리 에어라인즈 홀딩스,5,60,14,34,74,1.0,10.0,-7.45,-24.77,-18.09,51.09
141,QRTEP.O,큐레이트 리테일 우선주 8.0%,5,60,14,34,74,1.0,10.0,-7.45,-16.26,-11.69,45.01
141,ILPT.O,인더스트리얼 로지스틱스 프로퍼티,5,60,14,34,74,1.0,10.0,-7.45,-11.3,-16.81,46.84
141,DALN.O,달라스뉴스,5,60,14,34,74,1.0,10.0,-7.45,-16.3,-11.86,37.36
141,CZFS.O,시티즌스 파이낸셜 서비시스,5,60,14,34,74,1.0,10.0,-7.45,-35.72,-15.78,39.2
141,SHMD.O,슈미드 그룹,5,60,14,34,74,1.0,10.0,-7.45,0.0,-16.44,39.17
141,DTI.O,드릴링 툴스 인터내셔널,5,60,14,34,74,1.0,10.0,-7.45,23.77,-13.49,43.8
141,QIPT.O,큅트 홈 메디컬,5,60,14,34,74,1.0,10.0,-7.45,-20.8,-16.7,44.32
141,KGEI.O,콜리브리 글로벌 에너지,5,60,14,34,74,1.0,10.0,-7.45,0.0,-16.79,41.35
141,GECC.O,그레이트 엘름 캐피털,5,60,14,34,74,1.0,10.0,-7.45,-23.52,-15.75,38.33
141,OPI.O,오피스 프로퍼티 인컴 트러스트,5,60,14,34,74,1.0,10.0,-7.45,-25.9,-18.39,39.32
141,BAFN.O,베이퍼스트 파이낸셜,5,60,14,34,74,1.0,10.0,-7.45,-19.93,-15.98,43.44
141,SNT.O,센스타 테크놀로지스,5,60,14,34,74,1.0,10.0,-7.45,22.1,-15.09,50.32
141,FTRE.O,포트레아 홀딩스,5,60,14,34,64,1.0,10.0,-7.45,0.0,-13.13,44.84
141,SNT.O,센스타 테크놀로지스,5,60,14,34,79,1.0,10.0,-7.45,22.1,-15.09,50.32
141,AZTA.O,아젠타,5,60,14,34,64,1.0,10.0,-7.45,-6.22,-15.88,49.84
141,ZD.O,지프 데이비스,5,120,14,49,59,1.0,10.0,-7.66,-24.34,-19.95,33.55
141,SVCO.O,실바코 그룹,5,120,14,49,59,1.0,10.0,-7.66,0.0,-30.79,40.32
141,TIGO.O,밀리콤 인터내셔널 셀룰러,5,120,14,49,59,1.0,10.0,-7.66,-3.9,-8.46,43.29
141,AZTA.O,아젠타,5,120,14,49,59,1.0,10.0,-7.66,14.11,-15.88,49.84
141,PYCR.O,페이코어 HCM,5,120,14,49,59,1.0,10.0,-7.66,-45.65,-11.92,46.9
141,DRVN.O,드리븐 브랜즈 홀딩스,5,120,14,49,59,1.0,10.0,-7.66,-38.23,-8.79,44.56
141,FTRE.O,포트레아 홀딩스,5,120,14,49,59,1.0,10.0,-7.66,0.0,-13.13,44.84
141,DNUT.O,크리스피 크림,5,120,14,49,59,1.0,10.0,-7.66,-16.87,-11.03,50.22
141,XRX.O,제록스 홀딩스,5,120,14,49,59,1.0,10.0,-7.66,-20.48,-10.84,42.65
141,ASTL.O,알고마 스틸 그룹,5,120,14,49,59,1.0,10.0,-7.66,0.55,-9.58,43.62
141,ARKO.O,아르코,5,120,14,49,59,1.0,10.0,-7.66,-20.46,-7.11,39.68
141,SNCY.O,선 컨트리 에어라인즈 홀딩스,5,120,14,49,59,1.0,10.0,-7.66,-25.64,-18.09,51.09
141,QRTEP.O,큐레이트 리테일 우선주 8.0%,5,120,14,49,59,1.0,10.0,-7.66,-8.59,-11.69,45.01
141,BHRB.O,버크 & 허버트 뱅크 & 트러스트,5,120,14,49,59,1.0,10.0,-7.66,0.0,-30.81,39.34
141,ILPT.O,인더스트리얼 로지스틱스 프로퍼티,5,120,14,49,59,1.0,10.0,-7.66,9.91,-16.81,46.84
141,SHMD.O,슈미드 그룹,5,120,14,49,59,1.0,10.0,-7.66,0.0,-16.44,39.17
141,DTI.O,드릴링 툴스 인터내셔널,5,120,14,49,59,1.0,10.0,-7.66,129.68,-13.49,43.8
141,QIPT.O,큅트 홈 메디컬,5,120,14,49,59,1.0,10.0,-7.66,-17.02,-16.7,44.32
141,KGEI.O,콜리브리 글로벌 에너지,5,120,14,49,59,1.0,10.0,-7.66,0.0,-16.79,41.35
141,GECC.O,그레이트 엘름 캐피털,5,120,14,49,59,1.0,10.0,-7.66,-23.46,-15.75,38.33
141,OPI.O,오피스 프로퍼티 인컴 트러스트,5,120,14,49,59,1.0,10.0,-7.66,-26.91,-18.39,39.32
141,BAFN.O,베이퍼스트 파이낸셜,5,120,14,49,59,1.0,10.0,-7.66,-25.83,-15.98,43.44
141,SNT.O,센스타 테크놀로지스,5,120,14,49,59,1.0,10.0,-7.66,17.22,-15.09,50.32
141,CZFS.O,시티즌스 파이낸셜 서비시스,5,120,14,49,59,1.0,10.0,-7.66,-51.76,-15.78,39.2
141,DALN.O,달라스뉴스,5,120,14,49,59,1.0,10.0,-7.66,-13.85,-11.86,37.36
141,ASTL.O,알고마 스틸 그룹,5,60,14,44,59,1.0,10.0,-8.2,40.53,-9.58,43.62
141,QRTEP.O,큐레이트 리테일 우선주 8.0%,5,60,14,44,59,1.0,10.0,-8.2,-16.26,-11.69,45.01
141,SNCY.O,선 컨트리 에어라인즈 홀딩스,5,60,14,44,59,1.0,10.0,-8.2,-24.77,-18.09,51.09
141,ARKO.O,아르코,5,60,14,44,59,1.0,10.0,-8.2,-16.67,-7.11,39.68
141,BHRB.O,버크 & 허버트 뱅크 & 트러스트,5,60,14,44,59,1.0,10.0,-8.2,0.0,-30.81,39.34
141,DRVN.O,드리븐 브랜즈 홀딩스,5,60,14,44,59,1.0,10.0,-8.2,5.84,-8.79,44.56
141,XRX.O,제록스 홀딩스,5,60,14,44,59,1.0,10.0,-8.2,-16.7,-10.84,42.65
141,DNUT.O,크리스피 크림,5,60,14,44,59,1.0,10.0,-8.2,-12.8,-11.03,50.22
141,FTRE.O,포트레아 홀딩스,5,60,14,44,59,1.0,10.0,-8.2,0.0,-13.13,44.84
141,PYCR.O,페이코어 HCM,5,60,14,44,59,1.0,10.0,-8.2,-39.47,-11.92,46.9
141,ILPT.O,인더스트리얼 로지스틱스 프로퍼티,5,60,14,44,59,1.0,10.0,-8.2,-0.32,-16.81,46.84
141,SVCO.O,실바코 그룹,5,60,14,44,59,1.0,10.0,-8.2,0.0,-30.79,40.32
141,TIGO.O,밀리콤 인터내셔널 셀룰러,5,60,14,44,59,1.0,10.0,-8.2,-2.92,-8.46,43.29
141,CZFS.O,시티즌스 파이낸셜 서비시스,5,60,14,44,59,1.0,10.0,-8.2,-35.72,-15.78,39.2
141,SHMD.O,슈미드 그룹,5,60,14,44,59,1.0,10.0,-8.2,0.0,-16.44,39.17
141,DTI.O,드릴링 툴스 인터내셔널,5,60,14,44,59,1.0,10.0,-8.2,23.77,-13.49,43.8
141,QIPT.O,큅트 홈 메디컬,5,60,14,44,59,1.0,10.0,-8.2,-11.4,-16.7,44.32
141,KGEI.O,콜리브리 글로벌 에너지,5,60,14,44,59,1.0,10.0,-8.2,0.0,-16.79,41.35
141,GECC.O,그레이트 엘름 캐피털,5,60,14,44,59,1.0,10.0,-8.2,-23.21,-15.75,38.33
141,OPI.O,오피스 프로퍼티 인컴 트러스트,5,60,14,44,59,1.0,10.0,-8.2,-27.22,-18.39,39.32
141,BAFN.O,베이퍼스트 파이낸셜,5,60,14,44,59,1.0,10.0,-8.2,-19.93,-15.98,43.44
141,SNT.O,센스타 테크놀로지스,5,60,14,44,59,1.0,10.0,-8.2,22.1,-15.09,50.32
141,AZTA.O,아젠타,5,60,14,44,59,1.0,10.0,-8.2,-6.22,-15.88,49.84
141,DALN.O,달라스뉴스,5,60,14,44,59,1.0,10.0,-8.2,-16.3,-11.86,37.36
141,ZD.O,지프 데이비스,5,60,14,44,59,1.0,10.0,-8.2,-27.31,-19.95,33.55
141,ZD.O,지프 데이비스,5,120,14,49,64,1.0,10.0,-8.5,-24.34,-19.95,33.55
141,PYCR.O,페이코어 HCM,5,120,14,49,64,1.0,10.0,-8.5,-45.65,-11.92,46.9
141,XRX.O,제록스 홀딩스,5,120,14,49,64,1.0,10.0,-8.5,-20.48,-10.84,42.65
141,SVCO.O,실바코 그룹,5,120,14,49,64,1.0,10.0,-8.5,0.0,-30.79,40.32
141,AZTA.O,아젠타,5,120,14,49,64,1.0,10.0,-8.5,14.11,-15.88,49.84
141,DALN.O,달라스뉴스,5,120,14,49,64,1.0,10.0,-8.5,-21.36,-11.86,37.36
141,TIGO.O,밀리콤 인터내셔널 셀룰러,5,120,14,49,64,1.0,10.0,-8.5,-4.26,-8.46,43.29
141,DRVN.O,드리븐 브랜즈 홀딩스,5,120,14,49,64,1.0,10.0,-8.5,-38.23,-8.79,44.56
141,FTRE.O,포트레아 홀딩스,5,120,14,49,64,1.0,10.0,-8.5,0.0,-13.13,44.84
141,DNUT.O,크리스피 크림,5,120,14,49,64,1.0,10.0,-8.5,-16.87,-11.03,50.22
141,ASTL.O,알고마 스틸 그룹,5,120,14,49,64,1.0,10.0,-8.5,-7.73,-9.58,43.62
141,BHRB.O,버크 & 허버트 뱅크 & 트러스트,5,120,14,49,64,1.0,10.0,-8.5,0.0,-30.81,39.34
141,ARKO.O,아르코,5,120,14,49,64,1.0,10.0,-8.5,-20.46,-7.11,39.68
141,QRTEP.O,큐레이트 리테일 우선주 8.0%,5,120,14,49,64,1.0,10.0,-8.5,-8.59,-11.69,45.01
141,SNCY.O,선 컨트리 에어라인즈 홀딩스,5,120,14,49,64,1.0,10.0,-8.5,-25.64,-18.09,51.09
141,ILPT.O,인더스트리얼 로지스틱스 프로퍼티,5,120,14,49,64,1.0,10.0,-8.5,11.17,-16.81,46.84
141,CZFS.O,시티즌스 파이낸셜 서비시스,5,120,14,49,64,1.0,10.0,-8.5,-51.76,-15.78,39.2
141,SHMD.O,슈미드 그룹,5,120,14,49,64,1.0,10.0,-8.5,0.0,-16.44,39.17
141,DTI.O,드릴링 툴스 인터내셔널,5,120,14,49,64,1.0,10.0,-8.5,129.68,-13.49,43.8
141,QIPT.O,큅트 홈 메디컬,5,120,14,49,64,1.0,10.0,-8.5,-23.59,-16.7,44.32
141,KGEI.O,콜리브리 글로벌 에너지,5,120,14,49,64,1.0,10.0,-8.5,0.0,-16.79,41.35
141,GECC.O,그레이트 엘름 캐피털,5,120,14,49,64,1.0,10.0,-8.5,-23.46,-15.75,38.33
141,OPI.O,오피스 프로퍼티 인컴 트러스트,5,120,14,49,64,1.0,10.0,-8.5,-26.3,-18.39,39.32
141,BAFN.O,베이퍼스트 파이낸셜,5,120,14,49,64,1.0,10.0,-8.5,-25.83,-15.98,43.44
141,SNT.O,센스타 테크놀로지스,5,120,14,49,64,1.0,10.0,-8.5,17.22,-15.09,50.32
141,GECC.O,그레이트 엘름 캐피털,5,120,14,44,69,1.0,10.0,-8.57,-23.46,-15.75,38.33
141,CZFS.O,시티즌스 파이낸셜 서비시스,5,120,14,44,69,1.0,10.0,-8.57,-51.76,-15.78,39.2
141,SHMD.O,슈미드 그룹,5,120,14,44,69,1.0,10.0,-8.57,0.0,-16.44,39.17
141,DTI.O,드릴링 툴스 인터내셔널,5,120,14,44,69,1.0,10.0,-8.57,129.68,-13.49,43.8
141,QIPT.O,큅트 홈 메디컬,5,120,14,44,69,1.0,10.0,-8.57,-23.59,-16.7,44.32
141,KGEI.O,콜리브리 글로벌 에너지,5,120,14,44,69,1.0,10.0,-8.57,0.0,-16.79,41.35
141,AZTA.O,아젠타,5,120,14,44,74,1.0,10.0,-8.57,14.11,-15.88,49.84
141,OPI.O,오피스 프로퍼티 인컴 트러스트,5,120,14,44,69,1.0,10.0,-8.57,-26.3,-18.39,39.32
141,BAFN.O,베이퍼스트 파이낸셜,5,120,14,44,69,1.0,10.0,-8.57,-25.83,-15.98,43.44
141,SNT.O,센스타 테크놀로지스,5,120,14,44,69,1.0,10.0,-8.57,17.22,-15.09,50.32
141,DALN.O,달라스뉴스,5,120,14,44,69,1.0,10.0,-8.57,-21.36,-11.86,37.36
141,SVCO.O,실바코 그룹,5,120,14,44,69,1.0,10.0,-8.57,0.0,-30.79,40.32
141,ILPT.O,인더스트리얼 로지스틱스 프로퍼티,5,120,14,44,69,1.0,10.0,-8.57,-29.33,-16.81,46.84
141,AZTA.O,아젠타,5,120,14,44,69,1.0,10.0,-8.57,14.11,-15.88,49.84
141,QRTEP.O,큐레이트 리테일 우선주 8.0%,5,120,14,44,69,1.0,10.0,-8.57,-8.59,-11.69,45.01
141,SNCY.O,선 컨트리 에어라인즈 홀딩스,5,120,14,44,69,1.0,10.0,-8.57,-25.64,-18.09,51.09
141,ARKO.O,아르코,5,120,14,44,69,1.0,10.0,-8.57,-20.46,-7.11,39.68
141,BHRB.O,버크 & 허버트 뱅크 & 트러스트,5,120,14,44,69,1.0,10.0,-8.57,0.0,-30.81,39.34
141,ASTL.O,알고마 스틸 그룹,5,120,14,44,69,1.0,10.0,-8.57,-7.73,-9.58,43.62
141,XRX.O,제록스 홀딩스,5,120,14,44,69,1.0,10.0,-8.57,-21.56,-10.84,42.65
141,DNUT.O,크리스피 크림,5,120,14,44,69,1.0,10.0,-8.57,-16.87,-11.03,50.22
141,FTRE.O,포트레아 홀딩스,5,120,14,44,69,1.0,10.0,-8.57,0.0,-13.13,44.84
141,DRVN.O,드리븐 브랜즈 홀딩스,5,120,14,44,69,1.0,10.0,-8.57,1.54,-8.79,44.56
141,ZD.O,지프 데이비스,5,120,14,44,69,1.0,10.0,-8.57,-24.34,-19.95,33.55
141,TIGO.O,밀리콤 인터내셔널 셀룰러,5,120,14,44,69,1.0,10.0,-8.57,-4.26,-8.46,43.29
141,TIGO.O,밀리콤 인터내셔널 셀룰러,5,120,14,44,74,1.0,10.0,-8.57,-4.26,-8.46,43.29
141,PYCR.O,페이코어 HCM,5,120,14,44,69,1.0,10.0,-8.57,-45.65,-11.92,46.9
141,ZD.O,지프 데이비스,5,120,14,44,74,1.0,10.0,-8.57,-24.34,-19.95,33.55
141,AZTA.O,아젠타,5,120,14,44,79,1.0,10.0,-8.57,14.11,-15.88,49.84
141,DRVN.O,드리븐 브랜즈 홀딩스,5,120,14,44,79,1.0,10.0,-8.57,1.54,-8.79,44.56
141,FTRE.O,포트레아 홀딩스,5,120,14,44,79,1.0,10.0,-8.57,0.0,-13.13,44.84
141,DNUT.O,크리스피 크림,5,120,14,44,79,1.0,10.0,-8.57,-16.87,-11.03,50.22
141,XRX.O,제록스 홀딩스,5,120,14,44,79,1.0,10.0,-8.57,-21.56,-10.84,42.65
141,ASTL.O,알고마 스틸 그룹,5,120,14,44,79,1.0,10.0,-8.57,-7.73,-9.58,43.62
141,BHRB.O,버크 & 허버트 뱅크 & 트러스트,5,120,14,44,79,1.0,10.0,-8.57,0.0,-30.81,39.34
141,ARKO.O,아르코,5,120,14,44,79,1.0,10.0,-8.57,-20.46,-7.11,39.68
141,SNCY.O,선 컨트리 에어라인즈 홀딩스,5,120,14,44,79,1.0,10.0,-8.57,-25.64,-18.09,51.09
141,QRTEP.O,큐레이트 리테일 우선주 8.0%,5,120,14,44,79,1.0,10.0,-8.57,-8.59,-11.69,45.01
141,SVCO.O,실바코 그룹,5,120,14,44,79,1.0,10.0,-8.57,0.0,-30.79,40.32
141,ILPT.O,인더스트리얼 로지스틱스 프로퍼티,5,120,14,44,79,1.0,10.0,-8.57,-29.33,-16.81,46.84
141,CZFS.O,시티즌스 파이낸셜 서비시스,5,120,14,44,79,1.0,10.0,-8.57,-51.76,-15.78,39.2
141,SHMD.O,슈미드 그룹,5,120,14,44,79,1.0,10.0,-8.57,0.0,-16.44,39.17
141,DTI.O,드릴링 툴스 인터내셔널,5,120,14,44,79,1.0,10.0,-8.57,129.68,-13.49,43.8
141,QIPT.O,큅트 홈 메디컬,5,120,14,44,79,1.0,10.0,-8.57,-23.59,-16.7,44.32
141,KGEI.O,콜리브리 글로벌 에너지,5,120,14,44,79,1.0,10.0,-8.57,0.0,-16.79,41.35
141,GECC.O,그레이트 엘름 캐피털,5,120,14,44,79,1.0,10.0,-8.57,-23.46,-15.75,38.33
141,OPI.O,오피스 프로퍼티 인컴 트러스트,5,120,14,44,79,1.0,10.0,-8.57,-26.3,-18.39,39.32
141,BAFN.O,베이퍼스트 파이낸셜,5,120,14,44,79,1.0,10.0,-8.57,-25.83,-15.98,43.44
141,SNT.O,센스타 테크놀로지스,5,120,14,44,79,1.0,10.0,-8.57,17.22,-15.09,50.32
141,PYCR.O,페이코어 HCM,5,120,14,44,74,1.0,10.0,-8.57,-45.65,-11.92,46.9
141,PYCR.O,페이코어 HCM,5,120,14,44,79,1.0,10.0,-8.57,-45.65,-11.92,46.9
141,DALN.O,달라스뉴스,5,120,14,44,79,1.0,10.0,-8.57,-21.36,-11.86,37.36
141,ZD.O,지프 데이비스,5,120,14,44,79,1.0,10.0,-8.57,-24.34,-19.95,33.55
141,TIGO.O,밀리콤 인터내셔널 셀룰러,5,120,14,44,79,1.0,10.0,-8.57,-4.26,-8.46,43.29
141,SNT.O,센스타 테크놀로지스,5,120,14,44,74,1.0,10.0,-8.57,17.22,-15.09,50.32
141,BAFN.O,베이퍼스트 파이낸셜,5,120,14,44,74,1.0,10.0,-8.57,-25.83,-15.98,43.44
141,OPI.O,오피스 프로퍼티 인컴 트러스트,5,120,14,44,74,1.0,10.0,-8.57,-26.3,-18.39,39.32
141,GECC.O,그레이트 엘름 캐피털,5,120,14,44,74,1.0,10.0,-8.57,-23.46,-15.75,38.33
141,KGEI.O,콜리브리 글로벌 에너지,5,120,14,44,74,1.0,10.0,-8.57,0.0,-16.79,41.35
141,QIPT.O,큅트 홈 메디컬,5,120,14,44,74,1.0,10.0,-8.57,-23.59,-16.7,44.32
141,DTI.O,드릴링 툴스 인터내셔널,5,120,14,44,74,1.0,10.0,-8.57,129.68,-13.49,43.8
141,SHMD.O,슈미드 그룹,5,120,14,44,74,1.0,10.0,-8.57,0.0,-16.44,39.17
141,CZFS.O,시티즌스 파이낸셜 서비시스,5,120,14,44,74,1.0,10.0,-8.57,-51.76,-15.78,39.2
141,ILPT.O,인더스트리얼 로지스틱스 프로퍼티,5,120,14,44,74,1.0,10.0,-8.57,-29.33,-16.81,46.84
141,SVCO.O,실바코 그룹,5,120,14,44,74,1.0,10.0,-8.57,0.0,-30.79,40.32
141,QRTEP.O,큐레이트 리테일 우선주 8.0%,5,120,14,44,74,1.0,10.0,-8.57,-8.59,-11.69,45.01
141,SNCY.O,선 컨트리 에어라인즈 홀딩스,5,120,14,44,74,1.0,10.0,-8.57,-25.64,-18.09,51.09
141,BHRB.O,버크 & 허버트 뱅크 & 트러스트,5,120,14,44,74,1.0,10.0,-8.57,0.0,-30.81,39.34
141,ASTL.O,알고마 스틸 그룹,5,120,14,44,74,1.0,10.0,-8.57,-7.73,-9.58,43.62
141,XRX.O,제록스 홀딩스,5,120,14,44,74,1.0,10.0,-8.57,-21.56,-10.84,42.65
141,DNUT.O,크리스피 크림,5,120,14,44,74,1.0,10.0,-8.57,-16.87,-11.03,50.22
141,FTRE.O,포트레아 홀딩스,5,120,14,44,74,1.0,10.0,-8.57,0.0,-13.13,44.84
141,DRVN.O,드리븐 브랜즈 홀딩스,5,120,14,44,74,1.0,10.0,-8.57,1.54,-8.79,44.56
141,DALN.O,달라스뉴스,5,120,14,44,74,1.0,10.0,-8.57,-21.36,-11.86,37.36
141,ARKO.O,아르코,5,120,14,44,74,1.0,10.0,-8.57,-20.46,-7.11,39.68
141,PYCR.O,페이코어 HCM,5,60,14,44,64,1.0,10.0,-10.09,-39.47,-11.92,46.9
141,SVCO.O,실바코 그룹,5,60,14,44,64,1.0,10.0,-10.09,0.0,-30.79,40.32
141,ZD.O,지프 데이비스,5,60,14,44,64,1.0,10.0,-10.09,-27.31,-19.95,33.55
141,DALN.O,달라스뉴스,5,60,14,44,64,1.0,10.0,-10.09,-16.3,-11.86,37.36
141,SNT.O,센스타 테크놀로지스,5,60,14,44,64,1.0,10.0,-10.09,22.1,-15.09,50.32
141,BAFN.O,베이퍼스트 파이낸셜,5,60,14,44,64,1.0,10.0,-10.09,-19.93,-15.98,43.44
141,OPI.O,오피스 프로퍼티 인컴 트러스트,5,60,14,44,64,1.0,10.0,-10.09,-25.9,-18.39,39.32
141,KGEI.O,콜리브리 글로벌 에너지,5,60,14,44,64,1.0,10.0,-10.09,0.0,-16.79,41.35
141,QIPT.O,큅트 홈 메디컬,5,60,14,44,64,1.0,10.0,-10.09,-20.8,-16.7,44.32
141,DTI.O,드릴링 툴스 인터내셔널,5,60,14,44,64,1.0,10.0,-10.09,23.77,-13.49,43.8
141,SHMD.O,슈미드 그룹,5,60,14,44,64,1.0,10.0,-10.09,0.0,-16.44,39.17
141,CZFS.O,시티즌스 파이낸셜 서비시스,5,60,14,44,64,1.0,10.0,-10.09,-35.72,-15.78,39.2
141,ILPT.O,인더스트리얼 로지스틱스 프로퍼티,5,60,14,44,64,1.0,10.0,-10.09,1.09,-16.81,46.84
141,GECC.O,그레이트 엘름 캐피털,5,60,14,44,64,1.0,10.0,-10.09,-23.21,-15.75,38.33
141,QRTEP.O,큐레이트 리테일 우선주 8.0%,5,60,14,44,64,1.0,10.0,-10.09,-16.26,-11.69,45.01
141,DNUT.O,크리스피 크림,5,60,14,44,64,1.0,10.0,-10.09,-12.8,-11.03,50.22
141,AZTA.O,아젠타,5,60,14,44,64,1.0,10.0,-10.09,-6.22,-15.88,49.84
141,SNCY.O,선 컨트리 에어라인즈 홀딩스,5,60,14,44,64,1.0,10.0,-10.09,-24.77,-18.09,51.09
141,TIGO.O,밀리콤 인터내셔널 셀룰러,5,60,14,44,64,1.0,10.0,-10.09,-3.3,-8.46,43.29
141,DRVN.O,드리븐 브랜즈 홀딩스,5,60,14,44,64,1.0,10.0,-10.09,5.84,-8.79,44.56
141,FTRE.O,포트레아 홀딩스,5,60,14,44,64,1.0,10.0,-10.09,0.0,-13.13,44.84
141,XRX.O,제록스 홀딩스,5,60,14,44,64,1.0,10.0,-10.09,-16.7,-10.84,42.65
141,ASTL.O,알고마 스틸 그룹,5,60,14,44,64,1.0,10.0,-10.09,0.2,-9.58,43.62
141,BHRB.O,버크 & 허버트 뱅크 & 트러스트,5,60,14,44,64,1.0,10.0,-10.09,0.0,-30.81,39.34
141,ARKO.O,아르코,5,60,14,44,64,1.0,10.0,-10.09,-16.67,-7.11,39.68
141,DRVN.O,드리븐 브랜즈 홀딩스,5,120,14,49,79,1.0,10.0,-10.12,-38.23,-8.79,44.56
141,SNT.O,센스타 테크놀로지스,5,120,14,49,74,1.0,10.0,-10.12,17.22,-15.09,50.32
141,FTRE.O,포트레아 홀딩스,5,120,14,49,79,1.0,10.0,-10.12,0.0,-13.13,44.84
141,PYCR.O,페이코어 HCM,5,120,14,49,79,1.0,10.0,-10.12,-45.65,-11.92,46.9
141,ZD.O,지프 데이비스,5,120,14,49,79,1.0,10.0,-10.12,-24.34,-19.95,33.55
141,AZTA.O,아젠타,5,120,14,49,79,1.0,10.0,-10.12,14.11,-15.88,49.84
141,TIGO.O,밀리콤 인터내셔널 셀룰러,5,120,14,49,79,1.0,10.0,-10.12,-4.26,-8.46,43.29
141,DALN.O,달라스뉴스,5,120,14,49,74,1.0,10.0,-10.12,-21.36,-11.86,37.36
141,KGEI.O,콜리브리 글로벌 에너지,5,120,14,49,74,1.0,10.0,-10.12,0.0,-16.79,41.35
141,BAFN.O,베이퍼스트 파이낸셜,5,120,14,49,74,1.0,10.0,-10.12,-25.83,-15.98,43.44
141,OPI.O,오피스 프로퍼티 인컴 트러스트,5,120,14,49,74,1.0,10.0,-10.12,-26.3,-18.39,39.32
141,GECC.O,그레이트 엘름 캐피털,5,120,14,49,74,1.0,10.0,-10.12,-23.46,-15.75,38.33
141,QIPT.O,큅트 홈 메디컬,5,120,14,49,74,1.0,10.0,-10.12,-23.59,-16.7,44.32
141,DTI.O,드릴링 툴스 인터내셔널,5,120,14,49,74,1.0,10.0,-10.12,129.68,-13.49,43.8
141,XRX.O,제록스 홀딩스,5,120,14,49,79,1.0,10.0,-10.12,-20.48,-10.84,42.65
141,SHMD.O,슈미드 그룹,5,120,14,49,74,1.0,10.0,-10.12,0.0,-16.44,39.17
141,DNUT.O,크리스피 크림,5,120,14,49,79,1.0,10.0,-10.12,-16.87,-11.03,50.22
141,GECC.O,그레이트 엘름 캐피털,5,120,14,49,79,1.0,10.0,-10.12,-23.46,-15.75,38.33
141,ASTL.O,알고마 스틸 그룹,5,120,14,49,79,1.0,10.0,-10.12,-7.73,-9.58,43.62
141,BHRB.O,버크 & 허버트 뱅크 & 트러스트,5,120,14,49,79,1.0,10.0,-10.12,0.0,-30.81,39.34
141,ILPT.O,인더스트리얼 로지스틱스 프로퍼티,5,120,14,49,74,1.0,10.0,-10.12,-29.33,-16.81,46.84
141,TIGO.O,밀리콤 인터내셔널 셀룰러,5,120,14,49,69,1.0,10.0,-10.12,-4.26,-8.46,43.29
141,SNT.O,센스타 테크놀로지스,5,120,14,49,79,1.0,10.0,-10.12,17.22,-15.09,50.32
141,BAFN.O,베이퍼스트 파이낸셜,5,120,14,49,79,1.0,10.0,-10.12,-25.83,-15.98,43.44
141,OPI.O,오피스 프로퍼티 인컴 트러스트,5,120,14,49,79,1.0,10.0,-10.12,-26.3,-18.39,39.32
141,KGEI.O,콜리브리 글로벌 에너지,5,120,14,49,79,1.0,10.0,-10.12,0.0,-16.79,41.35
141,QIPT.O,큅트 홈 메디컬,5,120,14,49,79,1.0,10.0,-10.12,-23.59,-16.7,44.32
141,DTI.O,드릴링 툴스 인터내셔널,5,120,14,49,79,1.0,10.0,-10.12,129.68,-13.49,43.8
141,SHMD.O,슈미드 그룹,5,120,14,49,79,1.0,10.0,-10.12,0.0,-16.44,39.17
141,CZFS.O,시티즌스 파이낸셜 서비시스,5,120,14,49,79,1.0,10.0,-10.12,-51.76,-15.78,39.2
141,ILPT.O,인더스트리얼 로지스틱스 프로퍼티,5,120,14,49,79,1.0,10.0,-10.12,-29.33,-16.81,46.84
141,SVCO.O,실바코 그룹,5,120,14,49,79,1.0,10.0,-10.12,0.0,-30.79,40.32
141,QRTEP.O,큐레이트 리테일 우선주 8.0%,5,120,14,49,79,1.0,10.0,-10.12,-8.59,-11.69,45.01
141,SNCY.O,선 컨트리 에어라인즈 홀딩스,5,120,14,49,79,1.0,10.0,-10.12,-25.64,-18.09,51.09
141,ARKO.O,아르코,5,120,14,49,79,1.0,10.0,-10.12,-20.46,-7.11,39.68
141,CZFS.O,시티즌스 파이낸셜 서비시스,5,120,14,49,74,1.0,10.0,-10.12,-51.76,-15.78,39.2
141,DRVN.O,드리븐 브랜즈 홀딩스,5,120,14,49,69,1.0,10.0,-10.12,-38.23,-8.79,44.56
141,SVCO.O,실바코 그룹,5,120,14,49,74,1.0,10.0,-10.12,0.0,-30.79,40.32
141,KGEI.O,콜리브리 글로벌 에너지,5,120,14,49,69,1.0,10.0,-10.12,0.0,-16.79,41.35
141,DTI.O,드릴링 툴스 인터내셔널,5,120,14,49,69,1.0,10.0,-10.12,129.68,-13.49,43.8
141,SHMD.O,슈미드 그룹,5,120,14,49,69,1.0,10.0,-10.12,0.0,-16.44,39.17
141,FTRE.O,포트레아 홀딩스,5,120,14,49,69,1.0,10.0,-10.12,0.0,-13.13,44.84
141,ILPT.O,인더스트리얼 로지스틱스 프로퍼티,5,120,14,49,69,1.0,10.0,-10.12,-29.33,-16.81,46.84
141,SVCO.O,실바코 그룹,5,120,14,49,69,1.0,10.0,-10.12,0.0,-30.79,40.32
141,QRTEP.O,큐레이트 리테일 우선주 8.0%,5,120,14,49,69,1.0,10.0,-10.12,-8.59,-11.69,45.01
141,SNCY.O,선 컨트리 에어라인즈 홀딩스,5,120,14,49,69,1.0,10.0,-10.12,-25.64,-18.09,51.09
141,ARKO.O,아르코,5,120,14,49,69,1.0,10.0,-10.12,-20.46,-7.11,39.68
141,BHRB.O,버크 & 허버트 뱅크 & 트러스트,5,120,14,49,69,1.0,10.0,-10.12,0.0,-30.81,39.34
141,ASTL.O,알고마 스틸 그룹,5,120,14,49,69,1.0,10.0,-10.12,-7.73,-9.58,43.62
141,XRX.O,제록스 홀딩스,5,120,14,49,69,1.0,10.0,-10.12,-20.48,-10.84,42.65
141,DNUT.O,크리스피 크림,5,120,14,49,69,1.0,10.0,-10.12,-16.87,-11.03,50.22
141,AZTA.O,아젠타,5,120,14,49,69,1.0,10.0,-10.12,14.11,-15.88,49.84
141,ZD.O,지프 데이비스,5,120,14,49,69,1.0,10.0,-10.12,-24.34,-19.95,33.55
141,PYCR.O,페이코어 HCM,5,120,14,49,69,1.0,10.0,-10.12,-45.65,-11.92,46.9
141,QIPT.O,큅트 홈 메디컬,5,120,14,49,69,1.0,10.0,-10.12,-23.59,-16.7,44.32
141,GECC.O,그레이트 엘름 캐피털,5,120,14,49,69,1.0,10.0,-10.12,-23.46,-15.75,38.33
141,QRTEP.O,큐레이트 리테일 우선주 8.0%,5,120,14,49,74,1.0,10.0,-10.12,-8.59,-11.69,45.01
141,OPI.O,오피스 프로퍼티 인컴 트러스트,5,120,14,49,69,1.0,10.0,-10.12,-26.3,-18.39,39.32
141,SNCY.O,선 컨트리 에어라인즈 홀딩스,5,120,14,49,74,1.0,10.0,-10.12,-25.64,-18.09,51.09
141,ARKO.O,아르코,5,120,14,49,74,1.0,10.0,-10.12,-20.46,-7.11,39.68
141,BHRB.O,버크 & 허버트 뱅크 & 트러스트,5,120,14,49,74,1.0,10.0,-10.12,0.0,-30.81,39.34
141,ASTL.O,알고마 스틸 그룹,5,120,14,49,74,1.0,10.0,-10.12,-7.73,-9.58,43.62
141,XRX.O,제록스 홀딩스,5,120,14,49,74,1.0,10.0,-10.12,-20.48,-10.84,42.65
141,DNUT.O,크리스피 크림,5,120,14,49,74,1.0,10.0,-10.12,-16.87,-11.03,50.22
141,FTRE.O,포트레아 홀딩스,5,120,14,49,74,1.0,10.0,-10.12,0.0,-13.13,44.84
141,DRVN.O,드리븐 브랜즈 홀딩스,5,120,14,49,74,1.0,10.0,-10.12,-38.23,-8.79,44.56
141,PYCR.O,페이코어 HCM,5,120,14,49,74,1.0,10.0,-10.12,-45.65,-11.92,46.9
141,ZD.O,지프 데이비스,5,120,14,49,74,1.0,10.0,-10.12,-24.34,-19.95,33.55
141,AZTA.O,아젠타,5,120,14,49,74,1.0,10.0,-10.12,14.11,-15.88,49.84
141,TIGO.O,밀리콤 인터내셔널 셀룰러,5,120,14,49,74,1.0,10.0,-10.12,-4.26,-8.46,43.29
141,DALN.O,달라스뉴스,5,120,14,49,69,1.0,10.0,-10.12,-21.36,-11.86,37.36
141,SNT.O,센스타 테크놀로지스,5,120,14,49,69,1.0,10.0,-10.12,17.22,-15.09,50.32
141,BAFN.O,베이퍼스트 파이낸셜,5,120,14,49,69,1.0,10.0,-10.12,-25.83,-15.98,43.44
141,CZFS.O,시티즌스 파이낸셜 서비시스,5,120,14,49,69,1.0,10.0,-10.12,-51.76,-15.78,39.2
141,DALN.O,달라스뉴스,5,120,14,49,79,1.0,10.0,-10.12,-21.36,-11.86,37.36
141,AZTA.O,아젠타,5,60,14,49,54,1.0,10.0,-10.33,-6.22,-15.88,49.84
141,PYCR.O,페이코어 HCM,5,60,14,49,54,1.0,10.0,-10.33,-39.47,-11.92,46.9
141,ZD.O,지프 데이비스,5,60,14,49,54,1.0,10.0,-10.33,-27.31,-19.95,33.55
141,DALN.O,달라스뉴스,5,60,14,49,54,1.0,10.0,-10.33,-16.3,-11.86,37.36
141,SNT.O,센스타 테크놀로지스,5,60,14,49,54,1.0,10.0,-10.33,22.1,-15.09,50.32
141,BAFN.O,베이퍼스트 파이낸셜,5,60,14,49,54,1.0,10.0,-10.33,-19.93,-15.98,43.44
141,OPI.O,오피스 프로퍼티 인컴 트러스트,5,60,14,49,54,1.0,10.0,-10.33,-27.08,-18.39,39.32
141,GECC.O,그레이트 엘름 캐피털,5,60,14,49,54,1.0,10.0,-10.33,-23.21,-15.75,38.33
141,KGEI.O,콜리브리 글로벌 에너지,5,60,14,49,54,1.0,10.0,-10.33,0.0,-16.79,41.35
141,QIPT.O,큅트 홈 메디컬,5,60,14,49,54,1.0,10.0,-10.33,-19.9,-16.7,44.32
141,DTI.O,드릴링 툴스 인터내셔널,5,60,14,49,54,1.0,10.0,-10.33,23.77,-13.49,43.8
141,SHMD.O,슈미드 그룹,5,60,14,49,54,1.0,10.0,-10.33,0.0,-16.44,39.17
141,CZFS.O,시티즌스 파이낸셜 서비시스,5,60,14,49,54,1.0,10.0,-10.33,-35.72,-15.78,39.2
141,ILPT.O,인더스트리얼 로지스틱스 프로퍼티,5,60,14,49,54,1.0,10.0,-10.33,-36.34,-16.81,46.84
141,SVCO.O,실바코 그룹,5,60,14,49,54,1.0,10.0,-10.33,0.0,-30.79,40.32
141,QRTEP.O,큐레이트 리테일 우선주 8.0%,5,60,14,49,54,1.0,10.0,-10.33,-16.26,-11.69,45.01
141,SNCY.O,선 컨트리 에어라인즈 홀딩스,5,60,14,49,54,1.0,10.0,-10.33,-24.77,-18.09,51.09
141,ARKO.O,아르코,5,60,14,49,54,1.0,10.0,-10.33,-11.97,-7.11,39.68
141,BHRB.O,버크 & 허버트 뱅크 & 트러스트,5,60,14,49,54,1.0,10.0,-10.33,0.0,-30.81,39.34
141,ASTL.O,알고마 스틸 그룹,5,60,14,49,54,1.0,10.0,-10.33,15.29,-9.58,43.62
141,XRX.O,제록스 홀딩스,5,60,14,49,54,1.0,10.0,-10.33,15.99,-10.84,42.65
141,DNUT.O,크리스피 크림,5,60,14,49,54,1.0,10.0,-10.33,-12.8,-11.03,50.22
141,FTRE.O,포트레아 홀딩스,5,60,14,49,54,1.0,10.0,-10.33,0.0,-13.13,44.84
141,TIGO.O,밀리콤 인터내셔널 셀룰러,5,60,14,49,54,1.0,10.0,-10.33,14.34,-8.46,43.29
141,DRVN.O,드리븐 브랜즈 홀딩스,5,60,14,49,54,1.0,10.0,-10.33,-32.34,-8.79,44.56
141,PYCR.O,페이코어 HCM,5,60,14,39,64,1.0,10.0,-10.93,-44.0,-11.92,46.9
141,CZFS.O,시티즌스 파이낸셜 서비시스,5,60,14,39,64,1.0,10.0,-10.93,-35.72,-15.78,39.2
141,XRX.O,제록스 홀딩스,5,60,14,39,64,1.0,10.0,-10.93,-16.7,-10.84,42.65
141,ASTL.O,알고마 스틸 그룹,5,60,14,39,64,1.0,10.0,-10.93,0.2,-9.58,43.62
141,BHRB.O,버크 & 허버트 뱅크 & 트러스트,5,60,14,39,64,1.0,10.0,-10.93,0.0,-30.81,39.34
141,ARKO.O,아르코,5,60,14,39,64,1.0,10.0,-10.93,-34.11,-7.11,39.68
141,SNCY.O,선 컨트리 에어라인즈 홀딩스,5,60,14,39,64,1.0,10.0,-10.93,-24.77,-18.09,51.09
141,QRTEP.O,큐레이트 리테일 우선주 8.0%,5,60,14,39,64,1.0,10.0,-10.93,-16.26,-11.69,45.01
141,SVCO.O,실바코 그룹,5,60,14,39,64,1.0,10.0,-10.93,0.0,-30.79,40.32
141,ILPT.O,인더스트리얼 로지스틱스 프로퍼티,5,60,14,39,64,1.0,10.0,-10.93,2.14,-16.81,46.84
141,SHMD.O,슈미드 그룹,5,60,14,39,64,1.0,10.0,-10.93,0.0,-16.44,39.17
141,ZD.O,지프 데이비스,5,60,14,39,64,1.0,10.0,-10.93,-27.31,-19.95,33.55
141,DTI.O,드릴링 툴스 인터내셔널,5,60,14,39,64,1.0,10.0,-10.93,23.77,-13.49,43.8
141,QIPT.O,큅트 홈 메디컬,5,60,14,39,64,1.0,10.0,-10.93,-20.8,-16.7,44.32
141,KGEI.O,콜리브리 글로벌 에너지,5,60,14,39,64,1.0,10.0,-10.93,0.0,-16.79,41.35
141,GECC.O,그레이트 엘름 캐피털,5,60,14,39,64,1.0,10.0,-10.93,-23.21,-15.75,38.33
141,OPI.O,오피스 프로퍼티 인컴 트러스트,5,60,14,39,64,1.0,10.0,-10.93,-25.9,-18.39,39.32
141,BAFN.O,베이퍼스트 파이낸셜,5,60,14,39,64,1.0,10.0,-10.93,-19.93,-15.98,43.44
141,SNT.O,센스타 테크놀로지스,5,60,14,39,64,1.0,10.0,-10.93,22.1,-15.09,50.32
141,DALN.O,달라스뉴스,5,60,14,39,64,1.0,10.0,-10.93,-16.3,-11.86,37.36
141,DNUT.O,크리스피 크림,5,60,14,39,64,1.0,10.0,-10.93,-12.8,-11.03,50.22
141,FTRE.O,포트레아 홀딩스,5,60,14,39,64,1.0,10.0,-10.93,0.0,-13.13,44.84
141,DRVN.O,드리븐 브랜즈 홀딩스,5,60,14,39,64,1.0,10.0,-10.93,5.84,-8.79,44.56
141,AZTA.O,아젠타,5,60,14,39,64,1.0,10.0,-10.93,-6.22,-15.88,49.84
141,TIGO.O,밀리콤 인터내셔널 셀룰러,5,60,14,39,64,1.0,10.0,-10.93,-3.3,-8.46,43.29
141,DALN.O,달라스뉴스,5,60,14,44,69,1.0,10.0,-11.29,-16.3,-11.86,37.36
141,PYCR.O,페이코어 HCM,5,60,14,44,69,1.0,10.0,-11.29,-39.47,-11.92,46.9
141,DRVN.O,드리븐 브랜즈 홀딩스,5,60,14,44,69,1.0,10.0,-11.29,5.84,-8.79,44.56
141,FTRE.O,포트레아 홀딩스,5,60,14,44,69,1.0,10.0,-11.29,0.0,-13.13,44.84
141,DNUT.O,크리스피 크림,5,60,14,44,69,1.0,10.0,-11.29,-12.8,-11.03,50.22
141,XRX.O,제록스 홀딩스,5,60,14,44,69,1.0,10.0,-11.29,-16.7,-10.84,42.65
141,ASTL.O,알고마 스틸 그룹,5,60,14,44,69,1.0,10.0,-11.29,0.2,-9.58,43.62
141,BHRB.O,버크 & 허버트 뱅크 & 트러스트,5,60,14,44,69,1.0,10.0,-11.29,0.0,-30.81,39.34
141,ARKO.O,아르코,5,60,14,44,69,1.0,10.0,-11.29,-16.67,-7.11,39.68
141,SNCY.O,선 컨트리 에어라인즈 홀딩스,5,60,14,44,69,1.0,10.0,-11.29,-24.77,-18.09,51.09
141,SNT.O,센스타 테크놀로지스,5,60,14,44,69,1.0,10.0,-11.29,22.1,-15.09,50.32
141,SVCO.O,실바코 그룹,5,60,14,44,69,1.0,10.0,-11.29,0.0,-30.79,40.32
141,ILPT.O,인더스트리얼 로지스틱스 프로퍼티,5,60,14,44,69,1.0,10.0,-11.29,-28.8,-16.81,46.84
141,CZFS.O,시티즌스 파이낸셜 서비시스,5,60,14,44,69,1.0,10.0,-11.29,-35.72,-15.78,39.2
141,SHMD.O,슈미드 그룹,5,60,14,44,69,1.0,10.0,-11.29,0.0,-16.44,39.17
141,DTI.O,드릴링 툴스 인터내셔널,5,60,14,44,69,1.0,10.0,-11.29,23.77,-13.49,43.8
141,QIPT.O,큅트 홈 메디컬,5,60,14,44,69,1.0,10.0,-11.29,-20.8,-16.7,44.32
141,KGEI.O,콜리브리 글로벌 에너지,5,60,14,44,69,1.0,10.0,-11.29,0.0,-16.79,41.35
141,GECC.O,그레이트 엘름 캐피털,5,60,14,44,69,1.0,10.0,-11.29,-23.21,-15.75,38.33
141,OPI.O,오피스 프로퍼티 인컴 트러스트,5,60,14,44,69,1.0,10.0,-11.29,-25.9,-18.39,39.32
141,TIGO.O,밀리콤 인터내셔널 셀룰러,5,60,14,44,74,1.0,10.0,-11.29,-3.3,-8.46,43.29
141,BAFN.O,베이퍼스트 파이낸셜,5,60,14,44,69,1.0,10.0,-11.29,-19.93,-15.98,43.44
141,QRTEP.O,큐레이트 리테일 우선주 8.0%,5,60,14,44,69,1.0,10.0,-11.29,-16.26,-11.69,45.01
141,ZD.O,지프 데이비스,5,60,14,44,74,1.0,10.0,-11.29,-27.31,-19.95,33.55
141,AZTA.O,아젠타,5,60,14,44,74,1.0,10.0,-11.29,-6.22,-15.88,49.84
141,AZTA.O,아젠타,5,60,14,44,69,1.0,10.0,-11.29,-6.22,-15.88,49.84
141,TIGO.O,밀리콤 인터내셔널 셀룰러,5,60,14,44,79,1.0,10.0,-11.29,-3.3,-8.46,43.29
141,DALN.O,달라스뉴스,5,60,14,44,74,1.0,10.0,-11.29,-16.3,-11.86,37.36
141,SNT.O,센스타 테크놀로지스,5,60,14,44,74,1.0,10.0,-11.29,22.1,-15.09,50.32
141,BAFN.O,베이퍼스트 파이낸셜,5,60,14,44,74,1.0,10.0,-11.29,-19.93,-15.98,43.44
141,OPI.O,오피스 프로퍼티 인컴 트러스트,5,60,14,44,74,1.0,10.0,-11.29,-25.9,-18.39,39.32
141,GECC.O,그레이트 엘름 캐피털,5,60,14,44,74,1.0,10.0,-11.29,-23.21,-15.75,38.33
141,KGEI.O,콜리브리 글로벌 에너지,5,60,14,44,74,1.0,10.0,-11.29,0.0,-16.79,41.35
141,QIPT.O,큅트 홈 메디컬,5,60,14,44,74,1.0,10.0,-11.29,-20.8,-16.7,44.32
141,DTI.O,드릴링 툴스 인터내셔널,5,60,14,44,74,1.0,10.0,-11.29,23.77,-13.49,43.8
141,SHMD.O,슈미드 그룹,5,60,14,44,74,1.0,10.0,-11.29,0.0,-16.44,39.17
141,CZFS.O,시티즌스 파이낸셜 서비시스,5,60,14,44,74,1.0,10.0,-11.29,-35.72,-15.78,39.2
141,ILPT.O,인더스트리얼 로지스틱스 프로퍼티,5,60,14,44,74,1.0,10.0,-11.29,-28.8,-16.81,46.84
141,SVCO.O,실바코 그룹,5,60,14,44,74,1.0,10.0,-11.29,0.0,-30.79,40.32
141,QRTEP.O,큐레이트 리테일 우선주 8.0%,5,60,14,44,74,1.0,10.0,-11.29,-16.26,-11.69,45.01
141,SNCY.O,선 컨트리 에어라인즈 홀딩스,5,60,14,44,74,1.0,10.0,-11.29,-24.77,-18.09,51.09
141,ARKO.O,아르코,5,60,14,44,74,1.0,10.0,-11.29,-16.67,-7.11,39.68
141,BHRB.O,버크 & 허버트 뱅크 & 트러스트,5,60,14,44,74,1.0,10.0,-11.29,0.0,-30.81,39.34
141,ASTL.O,알고마 스틸 그룹,5,60,14,44,74,1.0,10.0,-11.29,0.2,-9.58,43.62
141,XRX.O,제록스 홀딩스,5,60,14,44,74,1.0,10.0,-11.29,-16.7,-10.84,42.65
141,DNUT.O,크리스피 크림,5,60,14,44,74,1.0,10.0,-11.29,-12.8,-11.03,50.22
141,FTRE.O,포트레아 홀딩스,5,60,14,44,74,1.0,10.0,-11.29,0.0,-13.13,44.84
141,DRVN.O,드리븐 브랜즈 홀딩스,5,60,14,44,74,1.0,10.0,-11.29,5.84,-8.79,44.56
141,PYCR.O,페이코어 HCM,5,60,14,44,74,1.0,10.0,-11.29,-39.47,-11.92,46.9
141,ZD.O,지프 데이비스,5,60,14,44,69,1.0,10.0,-11.29,-27.31,-19.95,33.55
141,SVCO.O,실바코 그룹,5,60,14,44,79,1.0,10.0,-11.29,0.0,-30.79,40.32
141,TIGO.O,밀리콤 인터내셔널 셀룰러,5,60,14,44,69,1.0,10.0,-11.29,-3.3,-8.46,43.29
141,CZFS.O,시티즌스 파이낸셜 서비시스,5,60,14,44,79,1.0,10.0,-11.29,-35.72,-15.78,39.2
141,PYCR.O,페이코어 HCM,5,60,14,44,79,1.0,10.0,-11.29,-39.47,-11.92,46.9
141,ZD.O,지프 데이비스,5,60,14,44,79,1.0,10.0,-11.29,-27.31,-19.95,33.55
141,DALN.O,달라스뉴스,5,60,14,44,79,1.0,10.0,-11.29,-16.3,-11.86,37.36
141,SNT.O,센스타 테크놀로지스,5,60,14,44,79,1.0,10.0,-11.29,22.1,-15.09,50.32
141,BAFN.O,베이퍼스트 파이낸셜,5,60,14,44,79,1.0,10.0,-11.29,-19.93,-15.98,43.44
141,OPI.O,오피스 프로퍼티 인컴 트러스트,5,60,14,44,79,1.0,10.0,-11.29,-25.9,-18.39,39.32
141,GECC.O,그레이트 엘름 캐피털,5,60,14,44,79,1.0,10.0,-11.29,-23.21,-15.75,38.33
141,KGEI.O,콜리브리 글로벌 에너지,5,60,14,44,79,1.0,10.0,-11.29,0.0,-16.79,41.35
141,QIPT.O,큅트 홈 메디컬,5,60,14,44,79,1.0,10.0,-11.29,-20.8,-16.7,44.32
141,DTI.O,드릴링 툴스 인터내셔널,5,60,14,44,79,1.0,10.0,-11.29,23.77,-13.49,43.8
141,SHMD.O,슈미드 그룹,5,60,14,44,79,1.0,10.0,-11.29,0.0,-16.44,39.17
141,AZTA.O,아젠타,5,60,14,44,79,1.0,10.0,-11.29,-6.22,-15.88,49.84
141,ILPT.O,인더스트리얼 로지스틱스 프로퍼티,5,60,14,44,79,1.0,10.0,-11.29,-28.8,-16.81,46.84
141,ASTL.O,알고마 스틸 그룹,5,60,14,44,79,1.0,10.0,-11.29,0.2,-9.58,43.62
141,FTRE.O,포트레아 홀딩스,5,60,14,44,79,1.0,10.0,-11.29,0.0,-13.13,44.84
141,DNUT.O,크리스피 크림,5,60,14,44,79,1.0,10.0,-11.29,-12.8,-11.03,50.22
141,XRX.O,제록스 홀딩스,5,60,14,44,79,1.0,10.0,-11.29,-16.7,-10.84,42.65
141,DRVN.O,드리븐 브랜즈 홀딩스,5,60,14,44,79,1.0,10.0,-11.29,5.84,-8.79,44.56
141,BHRB.O,버크 & 허버트 뱅크 & 트러스트,5,60,14,44,79,1.0,10.0,-11.29,0.0,-30.81,39.34
141,ARKO.O,아르코,5,60,14,44,79,1.0,10.0,-11.29,-16.67,-7.11,39.68
141,SNCY.O,선 컨트리 에어라인즈 홀딩스,5,60,14,44,79,1.0,10.0,-11.29,-24.77,-18.09,51.09
141,QRTEP.O,큐레이트 리테일 우선주 8.0%,5,60,14,44,79,1.0,10.0,-11.29,-16.26,-11.69,45.01
141,DALN.O,달라스뉴스,5,60,14,49,59,1.0,10.0,-11.93,-16.3,-11.86,37.36
141,SVCO.O,실바코 그룹,5,60,14,49,59,1.0,10.0,-11.93,0.0,-30.79,40.32
141,SNT.O,센스타 테크놀로지스,5,60,14,49,59,1.0,10.0,-11.93,22.1,-15.09,50.32
141,BAFN.O,베이퍼스트 파이낸셜,5,60,14,49,59,1.0,10.0,-11.93,-19.93,-15.98,43.44
141,OPI.O,오피스 프로퍼티 인컴 트러스트,5,60,14,49,59,1.0,10.0,-11.93,-25.95,-18.39,39.32
141,GECC.O,그레이트 엘름 캐피털,5,60,14,49,59,1.0,10.0,-11.93,-23.21,-15.75,38.33
141,KGEI.O,콜리브리 글로벌 에너지,5,60,14,49,59,1.0,10.0,-11.93,0.0,-16.79,41.35
141,QIPT.O,큅트 홈 메디컬,5,60,14,49,59,1.0,10.0,-11.93,-13.27,-16.7,44.32
141,DTI.O,드릴링 툴스 인터내셔널,5,60,14,49,59,1.0,10.0,-11.93,23.77,-13.49,43.8
141,SHMD.O,슈미드 그룹,5,60,14,49,59,1.0,10.0,-11.93,0.0,-16.44,39.17
141,CZFS.O,시티즌스 파이낸셜 서비시스,5,60,14,49,59,1.0,10.0,-11.93,-35.72,-15.78,39.2
141,ILPT.O,인더스트리얼 로지스틱스 프로퍼티,5,60,14,49,59,1.0,10.0,-11.93,-32.37,-16.81,46.84
141,ASTL.O,알고마 스틸 그룹,5,60,14,49,59,1.0,10.0,-11.93,15.29,-9.58,43.62
141,QRTEP.O,큐레이트 리테일 우선주 8.0%,5,60,14,49,59,1.0,10.0,-11.93,-16.26,-11.69,45.01
141,SNCY.O,선 컨트리 에어라인즈 홀딩스,5,60,14,49,59,1.0,10.0,-11.93,-24.77,-18.09,51.09
141,ARKO.O,아르코,5,60,14,49,59,1.0,10.0,-11.93,-16.67,-7.11,39.68
141,BHRB.O,버크 & 허버트 뱅크 & 트러스트,5,60,14,49,59,1.0,10.0,-11.93,0.0,-30.81,39.34
141,XRX.O,제록스 홀딩스,5,60,14,49,59,1.0,10.0,-11.93,-16.7,-10.84,42.65
141,DNUT.O,크리스피 크림,5,60,14,49,59,1.0,10.0,-11.93,-12.8,-11.03,50.22
141,FTRE.O,포트레아 홀딩스,5,60,14,49,59,1.0,10.0,-11.93,0.0,-13.13,44.84
141,DRVN.O,드리븐 브랜즈 홀딩스,5,60,14,49,59,1.0,10.0,-11.93,-29.66,-8.79,44.56
141,PYCR.O,페이코어 HCM,5,60,14,49,59,1.0,10.0,-11.93,-39.47,-11.92,46.9
141,ZD.O,지프 데이비스,5,60,14,49,59,1.0,10.0,-11.93,-27.31,-19.95,33.55
141,TIGO.O,밀리콤 인터내셔널 셀룰러,5,60,14,49,59,1.0,10.0,-11.93,-2.92,-8.46,43.29
141,AZTA.O,아젠타,5,60,14,49,59,1.0,10.0,-11.93,-6.22,-15.88,49.84
141,ZD.O,지프 데이비스,5,60,14,39,69,1.0,10.0,-12.2,-27.31,-19.95,33.55
141,PYCR.O,페이코어 HCM,5,60,14,39,69,1.0,10.0,-12.2,-44.0,-11.92,46.9
141,DALN.O,달라스뉴스,5,60,14,39,79,1.0,10.0,-12.2,-16.3,-11.86,37.36
141,KGEI.O,콜리브리 글로벌 에너지,5,60,14,39,69,1.0,10.0,-12.2,0.0,-16.79,41.35
141,OPI.O,오피스 프로퍼티 인컴 트러스트,5,60,14,39,69,1.0,10.0,-12.2,-25.9,-18.39,39.32
141,BAFN.O,베이퍼스트 파이낸셜,5,60,14,39,69,1.0,10.0,-12.2,-19.93,-15.98,43.44
141,SNT.O,센스타 테크놀로지스,5,60,14,39,69,1.0,10.0,-12.2,22.1,-15.09,50.32
141,DALN.O,달라스뉴스,5,60,14,39,69,1.0,10.0,-12.2,-16.3,-11.86,37.36
141,TIGO.O,밀리콤 인터내셔널 셀룰러,5,60,14,39,74,1.0,10.0,-12.2,-3.3,-8.46,43.29
141,AZTA.O,아젠타,5,60,14,39,74,1.0,10.0,-12.2,-6.22,-15.88,49.84
141,ZD.O,지프 데이비스,5,60,14,39,74,1.0,10.0,-12.2,-27.31,-19.95,33.55
141,PYCR.O,페이코어 HCM,5,60,14,39,74,1.0,10.0,-12.2,-44.0,-11.92,46.9
141,DRVN.O,드리븐 브랜즈 홀딩스,5,60,14,39,74,1.0,10.0,-12.2,5.84,-8.79,44.56
141,FTRE.O,포트레아 홀딩스,5,60,14,39,74,1.0,10.0,-12.2,0.0,-13.13,44.84
141,DNUT.O,크리스피 크림,5,60,14,39,74,1.0,10.0,-12.2,-12.8,-11.03,50.22
141,XRX.O,제록스 홀딩스,5,60,14,39,74,1.0,10.0,-12.2,-16.7,-10.84,42.65
141,ASTL.O,알고마 스틸 그룹,5,60,14,39,74,1.0,10.0,-12.2,0.2,-9.58,43.62
141,BHRB.O,버크 & 허버트 뱅크 & 트러스트,5,60,14,39,74,1.0,10.0,-12.2,0.0,-30.81,39.34
141,ARKO.O,아르코,5,60,14,39,74,1.0,10.0,-12.2,-34.11,-7.11,39.68
141,GECC.O,그레이트 엘름 캐피털,5,60,14,39,69,1.0,10.0,-12.2,-23.21,-15.75,38.33
141,QIPT.O,큅트 홈 메디컬,5,60,14,39,69,1.0,10.0,-12.2,-20.8,-16.7,44.32
141,QRTEP.O,큐레이트 리테일 우선주 8.0%,5,60,14,39,74,1.0,10.0,-12.2,-16.26,-11.69,45.01
141,DTI.O,드릴링 툴스 인터내셔널,5,60,14,39,69,1.0,10.0,-12.2,23.77,-13.49,43.8
141,SNT.O,센스타 테크놀로지스,5,60,14,39,79,1.0,10.0,-12.2,22.1,-15.09,50.32
141,AZTA.O,아젠타,5,60,14,39,69,1.0,10.0,-12.2,-6.22,-15.88,49.84
141,TIGO.O,밀리콤 인터내셔널 셀룰러,5,60,14,39,69,1.0,10.0,-12.2,-3.3,-8.46,43.29
141,DRVN.O,드리븐 브랜즈 홀딩스,5,60,14,39,69,1.0,10.0,-12.2,5.84,-8.79,44.56
141,FTRE.O,포트레아 홀딩스,5,60,14,39,69,1.0,10.0,-12.2,0.0,-13.13,44.84
141,DNUT.O,크리스피 크림,5,60,14,39,69,1.0,10.0,-12.2,-12.8,-11.03,50.22
141,XRX.O,제록스 홀딩스,5,60,14,39,69,1.0,10.0,-12.2,-16.7,-10.84,42.65
141,ASTL.O,알고마 스틸 그룹,5,60,14,39,69,1.0,10.0,-12.2,0.2,-9.58,43.62
141,BHRB.O,버크 & 허버트 뱅크 & 트러스트,5,60,14,39,69,1.0,10.0,-12.2,0.0,-30.81,39.34
141,ARKO.O,아르코,5,60,14,39,69,1.0,10.0,-12.2,-34.11,-7.11,39.68
141,SNCY.O,선 컨트리 에어라인즈 홀딩스,5,60,14,39,69,1.0,10.0,-12.2,-24.77,-18.09,51.09
141,QRTEP.O,큐레이트 리테일 우선주 8.0%,5,60,14,39,69,1.0,10.0,-12.2,-16.26,-11.69,45.01
141,SVCO.O,실바코 그룹,5,60,14,39,69,1.0,10.0,-12.2,0.0,-30.79,40.32
141,ILPT.O,인더스트리얼 로지스틱스 프로퍼티,5,60,14,39,69,1.0,10.0,-12.2,-29.61,-16.81,46.84
141,SHMD.O,슈미드 그룹,5,60,14,39,69,1.0,10.0,-12.2,0.0,-16.44,39.17
141,SNCY.O,선 컨트리 에어라인즈 홀딩스,5,60,14,39,74,1.0,10.0,-12.2,-24.77,-18.09,51.09
141,CZFS.O,시티즌스 파이낸셜 서비시스,5,60,14,39,69,1.0,10.0,-12.2,-35.72,-15.78,39.2
141,SVCO.O,실바코 그룹,5,60,14,39,74,1.0,10.0,-12.2,0.0,-30.79,40.32
141,DNUT.O,크리스피 크림,5,60,14,39,79,1.0,10.0,-12.2,-12.8,-11.03,50.22
141,ASTL.O,알고마 스틸 그룹,5,60,14,39,79,1.0,10.0,-12.2,0.2,-9.58,43.62
141,BHRB.O,버크 & 허버트 뱅크 & 트러스트,5,60,14,39,79,1.0,10.0,-12.2,0.0,-30.81,39.34
141,ARKO.O,아르코,5,60,14,39,79,1.0,10.0,-12.2,-34.11,-7.11,39.68
141,SNCY.O,선 컨트리 에어라인즈 홀딩스,5,60,14,39,79,1.0,10.0,-12.2,-24.77,-18.09,51.09
141,QRTEP.O,큐레이트 리테일 우선주 8.0%,5,60,14,39,79,1.0,10.0,-12.2,-16.26,-11.69,45.01
141,SVCO.O,실바코 그룹,5,60,14,39,79,1.0,10.0,-12.2,0.0,-30.79,40.32
141,ILPT.O,인더스트리얼 로지스틱스 프로퍼티,5,60,14,39,79,1.0,10.0,-12.2,-29.61,-16.81,46.84
141,CZFS.O,시티즌스 파이낸셜 서비시스,5,60,14,39,79,1.0,10.0,-12.2,-35.72,-15.78,39.2
141,SHMD.O,슈미드 그룹,5,60,14,39,79,1.0,10.0,-12.2,0.0,-16.44,39.17
141,QIPT.O,큅트 홈 메디컬,5,60,14,39,79,1.0,10.0,-12.2,-20.8,-16.7,44.32
141,KGEI.O,콜리브리 글로벌 에너지,5,60,14,39,79,1.0,10.0,-12.2,0.0,-16.79,41.35
141,GECC.O,그레이트 엘름 캐피털,5,60,14,39,79,1.0,10.0,-12.2,-23.21,-15.75,38.33
141,OPI.O,오피스 프로퍼티 인컴 트러스트,5,60,14,39,79,1.0,10.0,-12.2,-25.9,-18.39,39.32
141,BAFN.O,베이퍼스트 파이낸셜,5,60,14,39,79,1.0,10.0,-12.2,-19.93,-15.98,43.44
141,ILPT.O,인더스트리얼 로지스틱스 프로퍼티,5,60,14,39,74,1.0,10.0,-12.2,-29.61,-16.81,46.84
141,XRX.O,제록스 홀딩스,5,60,14,39,79,1.0,10.0,-12.2,-16.7,-10.84,42.65
141,DTI.O,드릴링 툴스 인터내셔널,5,60,14,39,79,1.0,10.0,-12.2,23.77,-13.49,43.8
141,FTRE.O,포트레아 홀딩스,5,60,14,39,79,1.0,10.0,-12.2,0.0,-13.13,44.84
141,OPI.O,오피스 프로퍼티 인컴 트러스트,5,60,14,39,74,1.0,10.0,-12.2,-25.9,-18.39,39.32
141,SHMD.O,슈미드 그룹,5,60,14,39,74,1.0,10.0,-12.2,0.0,-16.44,39.17
141,CZFS.O,시티즌스 파이낸셜 서비시스,5,60,14,39,74,1.0,10.0,-12.2,-35.72,-15.78,39.2
141,DRVN.O,드리븐 브랜즈 홀딩스,5,60,14,39,79,1.0,10.0,-12.2,5.84,-8.79,44.56
141,DTI.O,드릴링 툴스 인터내셔널,5,60,14,39,74,1.0,10.0,-12.2,23.77,-13.49,43.8
141,KGEI.O,콜리브리 글로벌 에너지,5,60,14,39,74,1.0,10.0,-12.2,0.0,-16.79,41.35
141,GECC.O,그레이트 엘름 캐피털,5,60,14,39,74,1.0,10.0,-12.2,-23.21,-15.75,38.33
141,QIPT.O,큅트 홈 메디컬,5,60,14,39,74,1.0,10.0,-12.2,-20.8,-16.7,44.32
141,BAFN.O,베이퍼스트 파이낸셜,5,60,14,39,74,1.0,10.0,-12.2,-19.93,-15.98,43.44
141,AZTA.O,아젠타,5,60,14,39,79,1.0,10.0,-12.2,-6.22,-15.88,49.84
141,SNT.O,센스타 테크놀로지스,5,60,14,39,74,1.0,10.0,-12.2,22.1,-15.09,50.32
141,DALN.O,달라스뉴스,5,60,14,39,74,1.0,10.0,-12.2,-16.3,-11.86,37.36
141,TIGO.O,밀리콤 인터내셔널 셀룰러,5,60,14,39,79,1.0,10.0,-12.2,-3.3,-8.46,43.29
141,PYCR.O,페이코어 HCM,5,60,14,39,79,1.0,10.0,-12.2,-44.0,-11.92,46.9
141,ZD.O,지프 데이비스,5,60,14,39,79,1.0,10.0,-12.2,-27.31,-19.95,33.55
141,SHMD.O,슈미드 그룹,5,60,14,49,74,1.0,10.0,-12.71,0.0,-16.44,39.17
141,DTI.O,드릴링 툴스 인터내셔널,5,60,14,49,74,1.0,10.0,-12.71,23.77,-13.49,43.8
141,QIPT.O,큅트 홈 메디컬,5,60,14,49,74,1.0,10.0,-12.71,-20.8,-16.7,44.32
141,GECC.O,그레이트 엘름 캐피털,5,60,14,49,74,1.0,10.0,-12.71,-23.21,-15.75,38.33
141,KGEI.O,콜리브리 글로벌 에너지,5,60,14,49,74,1.0,10.0,-12.71,0.0,-16.79,41.35
141,SNT.O,센스타 테크놀로지스,5,60,14,49,74,1.0,10.0,-12.71,22.1,-15.09,50.32
141,OPI.O,오피스 프로퍼티 인컴 트러스트,5,60,14,49,74,1.0,10.0,-12.71,-25.9,-18.39,39.32
141,BAFN.O,베이퍼스트 파이낸셜,5,60,14,49,74,1.0,10.0,-12.71,-19.93,-15.98,43.44
141,ILPT.O,인더스트리얼 로지스틱스 프로퍼티,5,60,14,49,74,1.0,10.0,-12.71,-28.8,-16.81,46.84
141,CZFS.O,시티즌스 파이낸셜 서비시스,5,60,14,49,74,1.0,10.0,-12.71,-35.72,-15.78,39.2
141,XRX.O,제록스 홀딩스,5,60,14,49,74,1.0,10.0,-12.71,-16.7,-10.84,42.65
141,SVCO.O,실바코 그룹,5,60,14,49,74,1.0,10.0,-12.71,0.0,-30.79,40.32
141,QRTEP.O,큐레이트 리테일 우선주 8.0%,5,60,14,49,74,1.0,10.0,-12.71,-16.26,-11.69,45.01
141,SNCY.O,선 컨트리 에어라인즈 홀딩스,5,60,14,49,74,1.0,10.0,-12.71,-24.77,-18.09,51.09
141,ARKO.O,아르코,5,60,14,49,74,1.0,10.0,-12.71,-16.67,-7.11,39.68
141,BHRB.O,버크 & 허버트 뱅크 & 트러스트,5,60,14,49,74,1.0,10.0,-12.71,0.0,-30.81,39.34
141,ASTL.O,알고마 스틸 그룹,5,60,14,49,74,1.0,10.0,-12.71,0.2,-9.58,43.62
141,DNUT.O,크리스피 크림,5,60,14,49,74,1.0,10.0,-12.71,-12.8,-11.03,50.22
141,FTRE.O,포트레아 홀딩스,5,60,14,49,74,1.0,10.0,-12.71,0.0,-13.13,44.84
141,DRVN.O,드리븐 브랜즈 홀딩스,5,60,14,49,74,1.0,10.0,-12.71,-29.66,-8.79,44.56
141,PYCR.O,페이코어 HCM,5,60,14,49,74,1.0,10.0,-12.71,-39.47,-11.92,46.9
141,TIGO.O,밀리콤 인터내셔널 셀룰러,5,60,14,49,79,1.0,10.0,-12.71,-3.3,-8.46,43.29
141,DALN.O,달라스뉴스,5,60,14,49,74,1.0,10.0,-12.71,-16.3,-11.86,37.36
141,SHMD.O,슈미드 그룹,5,60,14,49,79,1.0,10.0,-12.71,0.0,-16.44,39.17
141,AZTA.O,아젠타,5,60,14,49,79,1.0,10.0,-12.71,-6.22,-15.88,49.84
141,ILPT.O,인더스트리얼 로지스틱스 프로퍼티,5,60,14,49,79,1.0,10.0,-12.71,-28.8,-16.81,46.84
141,DALN.O,달라스뉴스,5,60,14,49,79,1.0,10.0,-12.71,-16.3,-11.86,37.36
141,SNT.O,센스타 테크놀로지스,5,60,14,49,79,1.0,10.0,-12.71,22.1,-15.09,50.32
141,BAFN.O,베이퍼스트 파이낸셜,5,60,14,49,79,1.0,10.0,-12.71,-19.93,-15.98,43.44
141,OPI.O,오피스 프로퍼티 인컴 트러스트,5,60,14,49,79,1.0,10.0,-12.71,-25.9,-18.39,39.32
141,GECC.O,그레이트 엘름 캐피털,5,60,14,49,79,1.0,10.0,-12.71,-23.21,-15.75,38.33
141,KGEI.O,콜리브리 글로벌 에너지,5,60,14,49,79,1.0,10.0,-12.71,0.0,-16.79,41.35
141,QIPT.O,큅트 홈 메디컬,5,60,14,49,79,1.0,10.0,-12.71,-20.8,-16.7,44.32
141,DTI.O,드릴링 툴스 인터내셔널,5,60,14,49,79,1.0,10.0,-12.71,23.77,-13.49,43.8
141,AZTA.O,아젠타,5,60,14,49,74,1.0,10.0,-12.71,-6.22,-15.88,49.84
141,CZFS.O,시티즌스 파이낸셜 서비시스,5,60,14,49,79,1.0,10.0,-12.71,-35.72,-15.78,39.2
141,SVCO.O,실바코 그룹,5,60,14,49,79,1.0,10.0,-12.71,0.0,-30.79,40.32
141,ZD.O,지프 데이비스,5,60,14,49,79,1.0,10.0,-12.71,-27.31,-19.95,33.55
141,QRTEP.O,큐레이트 리테일 우선주 8.0%,5,60,14,49,79,1.0,10.0,-12.71,-16.26,-11.69,45.01
141,SNCY.O,선 컨트리 에어라인즈 홀딩스,5,60,14,49,79,1.0,10.0,-12.71,-24.77,-18.09,51.09
141,ARKO.O,아르코,5,60,14,49,79,1.0,10.0,-12.71,-16.67,-7.11,39.68
141,BHRB.O,버크 & 허버트 뱅크 & 트러스트,5,60,14,49,79,1.0,10.0,-12.71,0.0,-30.81,39.34
141,ASTL.O,알고마 스틸 그룹,5,60,14,49,79,1.0,10.0,-12.71,0.2,-9.58,43.62
141,XRX.O,제록스 홀딩스,5,60,14,49,79,1.0,10.0,-12.71,-16.7,-10.84,42.65
141,DNUT.O,크리스피 크림,5,60,14,49,79,1.0,10.0,-12.71,-12.8,-11.03,50.22
141,FTRE.O,포트레아 홀딩스,5,60,14,49,79,1.0,10.0,-12.71,0.0,-13.13,44.84
141,DRVN.O,드리븐 브랜즈 홀딩스,5,60,14,49,79,1.0,10.0,-12.71,-29.66,-8.79,44.56
141,PYCR.O,페이코어 HCM,5,60,14,49,79,1.0,10.0,-12.71,-39.47,-11.92,46.9
141,ZD.O,지프 데이비스,5,60,14,49,74,1.0,10.0,-12.71,-27.31,-19.95,33.55
141,ASTL.O,알고마 스틸 그룹,5,60,14,49,69,1.0,10.0,-12.71,0.2,-9.58,43.62
141,TIGO.O,밀리콤 인터내셔널 셀룰러,5,60,14,49,74,1.0,10.0,-12.71,-3.3,-8.46,43.29
141,QRTEP.O,큐레이트 리테일 우선주 8.0%,5,60,14,49,69,1.0,10.0,-12.71,-16.26,-11.69,45.01
141,DALN.O,달라스뉴스,5,60,14,49,69,1.0,10.0,-12.71,-16.3,-11.86,37.36
141,TIGO.O,밀리콤 인터내셔널 셀룰러,5,60,14,49,69,1.0,10.0,-12.71,-3.3,-8.46,43.29
141,AZTA.O,아젠타,5,60,14,49,69,1.0,10.0,-12.71,-6.22,-15.88,49.84
141,ZD.O,지프 데이비스,5,60,14,49,69,1.0,10.0,-12.71,-27.31,-19.95,33.55
141,PYCR.O,페이코어 HCM,5,60,14,49,69,1.0,10.0,-12.71,-39.47,-11.92,46.9
141,DRVN.O,드리븐 브랜즈 홀딩스,5,60,14,49,69,1.0,10.0,-12.71,-29.66,-8.79,44.56
141,FTRE.O,포트레아 홀딩스,5,60,14,49,69,1.0,10.0,-12.71,0.0,-13.13,44.84
141,XRX.O,제록스 홀딩스,5,60,14,49,69,1.0,10.0,-12.71,-16.7,-10.84,42.65
141,BHRB.O,버크 & 허버트 뱅크 & 트러스트,5,60,14,49,69,1.0,10.0,-12.71,0.0,-30.81,39.34
141,ARKO.O,아르코,5,60,14,49,69,1.0,10.0,-12.71,-16.67,-7.11,39.68
141,SNCY.O,선 컨트리 에어라인즈 홀딩스,5,60,14,49,69,1.0,10.0,-12.71,-24.77,-18.09,51.09
141,DNUT.O,크리스피 크림,5,60,14,49,69,1.0,10.0,-12.71,-12.8,-11.03,50.22
141,SVCO.O,실바코 그룹,5,60,14,49,69,1.0,10.0,-12.71,0.0,-30.79,40.32
141,KGEI.O,콜리브리 글로벌 에너지,5,60,14,49,69,1.0,10.0,-12.71,0.0,-16.79,41.35
141,ILPT.O,인더스트리얼 로지스틱스 프로퍼티,5,60,14,49,69,1.0,10.0,-12.71,-28.8,-16.81,46.84
141,BAFN.O,베이퍼스트 파이낸셜,5,60,14,49,69,1.0,10.0,-12.71,-19.93,-15.98,43.44
141,OPI.O,오피스 프로퍼티 인컴 트러스트,5,60,14,49,69,1.0,10.0,-12.71,-25.9,-18.39,39.32
141,GECC.O,그레이트 엘름 캐피털,5,60,14,49,69,1.0,10.0,-12.71,-23.21,-15.75,38.33
141,SNT.O,센스타 테크놀로지스,5,60,14,49,69,1.0,10.0,-12.71,22.1,-15.09,50.32
141,QIPT.O,큅트 홈 메디컬,5,60,14,49,69,1.0,10.0,-12.71,-20.8,-16.7,44.32
141,DTI.O,드릴링 툴스 인터내셔널,5,60,14,49,69,1.0,10.0,-12.71,23.77,-13.49,43.8
141,SHMD.O,슈미드 그룹,5,60,14,49,69,1.0,10.0,-12.71,0.0,-16.44,39.17
141,CZFS.O,시티즌스 파이낸셜 서비시스,5,60,14,49,69,1.0,10.0,-12.71,-35.72,-15.78,39.2
141,SNCY.O,선 컨트리 에어라인즈 홀딩스,5,60,14,49,64,1.0,10.0,-12.78,-24.77,-18.09,51.09
141,TIGO.O,밀리콤 인터내셔널 셀룰러,5,60,14,49,64,1.0,10.0,-12.78,-3.3,-8.46,43.29
141,AZTA.O,아젠타,5,60,14,49,64,1.0,10.0,-12.78,-6.22,-15.88,49.84
141,ZD.O,지프 데이비스,5,60,14,49,64,1.0,10.0,-12.78,-27.31,-19.95,33.55
141,PYCR.O,페이코어 HCM,5,60,14,49,64,1.0,10.0,-12.78,-39.47,-11.92,46.9
141,DRVN.O,드리븐 브랜즈 홀딩스,5,60,14,49,64,1.0,10.0,-12.78,-29.66,-8.79,44.56
141,FTRE.O,포트레아 홀딩스,5,60,14,49,64,1.0,10.0,-12.78,0.0,-13.13,44.84
141,DNUT.O,크리스피 크림,5,60,14,49,64,1.0,10.0,-12.78,-12.8,-11.03,50.22
141,XRX.O,제록스 홀딩스,5,60,14,49,64,1.0,10.0,-12.78,-16.7,-10.84,42.65
141,ASTL.O,알고마 스틸 그룹,5,60,14,49,64,1.0,10.0,-12.78,0.2,-9.58,43.62
141,BHRB.O,버크 & 허버트 뱅크 & 트러스트,5,60,14,49,64,1.0,10.0,-12.78,0.0,-30.81,39.34
141,ARKO.O,아르코,5,60,14,49,64,1.0,10.0,-12.78,-16.67,-7.11,39.68
141,DALN.O,달라스뉴스,5,60,14,49,64,1.0,10.0,-12.78,-16.3,-11.86,37.36
141,QRTEP.O,큐레이트 리테일 우선주 8.0%,5,60,14,49,64,1.0,10.0,-12.78,-16.26,-11.69,45.01
141,SVCO.O,실바코 그룹,5,60,14,49,64,1.0,10.0,-12.78,0.0,-30.79,40.32
141,CZFS.O,시티즌스 파이낸셜 서비시스,5,60,14,49,64,1.0,10.0,-12.78,-35.72,-15.78,39.2
141,SHMD.O,슈미드 그룹,5,60,14,49,64,1.0,10.0,-12.78,0.0,-16.44,39.17
141,DTI.O,드릴링 툴스 인터내셔널,5,60,14,49,64,1.0,10.0,-12.78,23.77,-13.49,43.8
141,QIPT.O,큅트 홈 메디컬,5,60,14,49,64,1.0,10.0,-12.78,-20.8,-16.7,44.32
141,KGEI.O,콜리브리 글로벌 에너지,5,60,14,49,64,1.0,10.0,-12.78,0.0,-16.79,41.35
141,GECC.O,그레이트 엘름 캐피털,5,60,14,49,64,1.0,10.0,-12.78,-23.21,-15.75,38.33
141,OPI.O,오피스 프로퍼티 인컴 트러스트,5,60,14,49,64,1.0,10.0,-12.78,-25.9,-18.39,39.32
141,BAFN.O,베이퍼스트 파이낸셜,5,60,14,49,64,1.0,10.0,-12.78,-19.93,-15.98,43.44
141,SNT.O,센스타 테크놀로지스,5,60,14,49,64,1.0,10.0,-12.78,22.1,-15.09,50.32
141,ILPT.O,인더스트리얼 로지스틱스 프로퍼티,5,60,14,49,64,1.0,10.0,-12.78,-30.6,-16.81,46.84
