Cluster,Symbol,Name,MA_Short_Window,MA_Long_Window,RSI_Window,RSI_Buy_Threshold,RSI_Sell_Threshold,Stop_Loss_Percent,Take_Profit_Percent,Average_Return,Symbol_sim_return,Return,Std Dev
109,FTXG.O,First Trust Nasdaq Food & Beverage ETF,5,60,14,44,54,1.0,10.0,14.14,2.63,3.68,17.02
109,HEEM.K,iShares Currency Hedged MSCI Emerging Markets ETF,5,60,14,44,54,1.0,10.0,14.14,7.93,3.11,18.04
109,RAYE.K,Rayliant Quantamental Emg Mrkt ex-China Eqty ETF,5,60,14,44,54,1.0,10.0,14.14,23.33,3.34,17.28
109,TOLZ.K,ProShares DJ Brookfield Global Infrastructure ETF,5,60,14,44,54,1.0,10.0,14.14,12.87,3.03,17.0
109,ROAM.K,Hartford Multifactor Emerging Markets ETF,5,60,14,44,54,1.0,10.0,14.14,5.6,1.62,18.74
109,RAAX.K,VanEck Inflation Allocation ETF,5,60,14,44,54,1.0,10.0,14.14,19.15,2.79,16.63
109,IQDY.K,FlexShares International Quality Div Dyn Idx,5,60,14,44,54,1.0,10.0,14.14,11.09,3.54,18.04
109,ASEA.K,Global X FTSE Southeast Asia ETF,5,60,14,44,54,1.0,10.0,14.14,9.58,1.84,18.25
109,DIM,WisdomTree International MidCap Dividend Fund,5,60,14,44,54,1.0,10.0,14.14,9.52,4.24,17.69
109,MKOR.K,Matthews Korea Active ETF,5,60,14,44,54,1.0,10.0,14.14,0.0,2.53,16.77
109,TLTE.K,FlexShares Morningstar Em Mkts Factors Tilt Idx,5,60,14,44,54,1.0,10.0,14.14,5.01,2.43,17.91
109,CVY,Invesco Zacks Multi-Asset Income ETF,5,60,14,44,54,1.0,10.0,14.14,12.1,4.25,18.14
109,EUDV.K,ProShares MSCI Europe Dividend Growers ETF,5,60,14,44,54,1.0,10.0,14.14,21.48,4.21,18.04
109,UEVM.O,VictoryShares Emerging Markets Value Momentum ETF,5,60,14,44,54,1.0,10.0,14.14,6.32,1.71,18.7
109,DIVY.K,Sound Equity Dividend Income ETF,5,60,14,44,54,1.0,10.0,14.14,11.15,3.26,18.75
109,VAMO.K,Cambria Value and Momentum ETF,5,60,14,44,54,1.0,10.0,14.14,4.06,3.21,18.44
109,FDEM.K,Fidelity Emerging Markets Multifactor ETF,5,60,14,44,54,1.0,10.0,14.14,17.05,2.96,18.03
109,DGRE.O,WisdomTree Emerging Markets Quality Dividend Gro,5,60,14,44,54,1.0,10.0,14.14,15.93,2.57,19.94
109,FJP.O,First Trust Japan AlphaDEX Fund,5,60,14,44,54,1.0,10.0,14.14,5.38,3.52,17.98
109,GDVD.K,Copper Place Global Dividend Growth ETF,5,60,14,44,54,1.0,10.0,14.14,13.44,2.23,20.03
109,ISVL.K,iShares Intl Developed Small Cap Value Factor ETF,5,60,14,44,54,1.0,10.0,14.14,5.96,3.17,17.27
109,OVF,Overlay Shares Foreign Equity ETF,5,60,14,44,54,1.0,10.0,14.14,5.12,2.07,16.94
109,CVAR.K,Cultivar ETF,5,60,14,44,54,1.0,10.0,14.14,6.92,2.56,17.21
109,EQUL.K,IQ Engender Equality ETF,5,60,14,44,54,1.0,10.0,14.14,126.32,1.95,17.77
109,FLDZ.K,RiverNorth Patriot ETF,5,60,14,44,54,1.0,10.0,14.14,78.07,3.8,18.08
109,ISZE.K,iShares MSCI Intl Size Factor ETF,5,60,14,44,54,1.0,10.0,14.14,13.92,2.64,16.8
109,EMDV.K,ProShares MSCI Emerging Markets Dividend Grwrs ETF,5,60,14,44,54,1.0,10.0,14.14,14.34,2.94,19.07
109,MOTE.K,VanEck Morningstar ESG Moat ETF,5,60,14,44,54,1.0,10.0,14.14,72.55,3.79,18.16
109,DWAT.K,Arrow DWA Tactical: Macro ETF,5,60,14,44,54,1.0,10.0,14.14,1.85,3.04,17.46
109,UIVM.O,VictoryShares International Value Momentum ETF,5,60,14,44,54,1.0,10.0,14.14,3.75,1.29,17.59
109,CIL.O,VictoryShares International Volatility Wtd Idx ETF,5,60,14,44,54,1.0,10.0,14.14,18.98,4.38,18.02
109,DTRE.K,First Trust Alerian Disruptive Technology Real Est,5,60,14,44,54,1.0,10.0,14.14,7.57,4.01,18.49
109,EFAS.O,Global X MSCI SuperDividend EAFE ETF,5,60,14,44,54,1.0,10.0,14.14,0.26,1.9,19.26
109,RSPE.K,Invesco ESG S&P 500 Equal Weight ETF,5,60,14,44,54,1.0,10.0,14.14,99.52,2.9,17.39
109,BMED.K,BlackRock Future Health ETF,5,60,14,44,54,1.0,10.0,14.14,0.86,2.13,18.1
109,OEUR.K,ALPS O'Shares Europe Quality Dividend ETF,5,60,14,44,54,1.0,10.0,14.14,23.01,4.1,17.39
109,GGM,GGM Macro Alignment ETF,5,60,14,44,54,1.0,10.0,14.14,-0.11,3.42,19.1
109,FLAX.K,Franklin FTSE Asia ex Japan ETF,5,60,14,44,54,1.0,10.0,14.14,7.12,2.52,19.94
109,RUFF.K,Alpha Dog ETF,5,60,14,44,54,1.0,10.0,14.14,21.79,2.21,18.84
109,RNEM.O,First Trust Emerging Markets Equity Select ETF,5,60,14,44,54,1.0,10.0,14.14,11.04,2.75,17.73
109,DBP,Invesco DB Precious Metals Fund,5,60,14,44,54,1.0,10.0,14.14,4.14,4.3,17.68
109,IDOG.K,Alps Internatl Sector Dividends Dogs ETF,5,60,14,44,54,1.0,10.0,14.14,10.7,3.45,17.51
109,MOTI.K,VanEck Morningstar International Moat ETF,5,60,14,44,54,1.0,10.0,14.14,8.61,2.7,18.97
109,SPRE.K,SP Funds S&P Global REIT Sharia ETF,5,60,14,44,54,1.0,10.0,14.14,-6.24,2.3,19.4
109,CTA,Simplify Managed Futures Strategy ETF,5,60,14,44,54,1.0,10.0,14.14,52.35,2.72,16.94
109,IDV,iShares International Select Dividend ETF,5,60,14,44,54,1.0,10.0,14.14,6.09,2.04,19.19
109,IYZ,iShares US Telecommunications ETF,5,60,14,44,54,1.0,10.0,14.14,0.12,2.72,18.43
109,VSGX.K,Vanguard ESG International Stock ETF,5,60,14,44,54,1.0,10.0,14.14,16.34,4.43,18.44
109,IVLU.K,iShares MSCI Intl Value Factor ETF,5,60,14,44,54,1.0,10.0,14.14,10.2,3.38,18.51
109,ANGL.O,VanEck Fallen Angel High Yield Bond ETF,5,60,14,44,54,1.0,10.0,14.14,11.09,2.88,19.34
109,YMAX.K,YieldMax Universe Fund of Option Income ETFs,5,60,14,44,54,1.0,10.0,14.14,0.0,2.5,18.72
109,DGS,WisdomTree Emerging Markets SmallCap Dividend Fund,5,60,14,44,54,1.0,10.0,14.14,8.25,3.24,18.2
109,REET.K,iShares Global REIT ETF,5,60,14,44,54,1.0,10.0,14.14,8.08,1.43,18.76
109,DFAE.K,DFA Dimensional Emerging Core Equity Market ETF,5,60,14,44,54,1.0,10.0,14.14,4.02,2.84,17.07
109,FLJP.K,Franklin FTSE Japan ETF,5,60,14,44,54,1.0,10.0,14.14,13.42,3.7,17.19
109,DBC,Invesco DB Commodity Index Tracking Fund,5,60,14,44,54,1.0,10.0,14.14,-7.5,1.9,17.12
109,IEUR.K,iShares Core MSCI Europe ETF,5,60,14,44,54,1.0,10.0,14.14,15.31,3.52,18.79
109,EWH,iShares MSCI Hong Kong ETF,5,60,14,44,54,1.0,10.0,14.14,-1.3,2.09,19.19
109,EFV,iShares MSCI EAFE Value ETF,5,60,14,44,54,1.0,10.0,14.14,4.19,3.44,19.23
109,VXUS.O,Vanguard Total International Stock Index Fund;ETF,5,60,14,44,54,1.0,10.0,14.14,14.25,3.47,17.94
109,IEMG.K,iShares Core MSCI Emerging Markets ETF,5,60,14,44,54,1.0,10.0,14.14,10.59,3.1,19.55
109,DFIS.K,DFA Dimensional International Small Cap ETF,5,60,14,44,54,1.0,10.0,14.14,62.15,3.15,18.11
109,LOPP.K,Gabelli Love Our Planet & People ETF,5,60,14,44,54,1.0,10.0,14.14,3.95,3.75,17.55
109,FYLD.K,Cambria Foreign Shareholder Yield ETF,5,60,14,44,54,1.0,10.0,14.14,13.31,2.47,18.05
109,RWO,SPDR Dow Jones Global Real Estate ETF,5,60,14,44,54,1.0,10.0,14.14,7.05,3.94,18.44
109,GWX,SPDR S&P International Small Cap ETF,5,60,14,44,54,1.0,10.0,14.14,4.16,3.63,17.87
109,EUO,ProShares UltraShort Euro,5,60,14,44,54,1.0,10.0,14.14,9.5,3.43,16.81
109,DTH,WisdomTree International High Dividend,5,60,14,44,54,1.0,10.0,14.14,11.82,2.43,18.59
109,DOL,WisdomTree International LargeCap Dividend Fund,5,60,14,44,54,1.0,10.0,14.14,9.43,3.65,18.03
109,FIVA.K,Fidelity International Value Factor ETF,5,60,14,44,54,1.0,10.0,14.14,5.43,2.27,18.41
109,DBB,Invesco DB Base Metals Fund,5,60,14,44,54,1.0,10.0,14.14,1.57,2.45,19.18
109,VIDI.K,Vident International Equity Strat ETF,5,60,14,44,54,1.0,10.0,14.14,1.12,1.91,17.77
109,FGD,First Trust Dow Jones Global Select Dividend Ix Fd,5,60,14,44,54,1.0,10.0,14.14,10.48,2.65,18.54
109,INTF.K,iShares International Equity Factor ETF,5,60,14,44,54,1.0,10.0,14.14,7.14,3.8,17.7
109,JPEM.K,JPMorgan Diversified Return Emerging Mkts Eqty ETF,5,60,14,44,54,1.0,10.0,14.14,15.52,2.62,18.11
109,FDT.O,First Trust Developed Markets ex-US AlphaDEX Fund,5,60,14,44,54,1.0,10.0,14.14,7.65,2.73,18.34
109,EWX,SPDR S&P Emerging Markets Small Cap ETF,5,60,14,44,54,1.0,10.0,14.14,5.28,3.32,18.3
109,DWM,WisdomTree International Equity Fund,5,60,14,44,54,1.0,10.0,14.14,9.66,3.86,17.75
109,PID.O,Invesco International Dividend Achievers ETF,5,60,14,44,54,1.0,10.0,14.14,14.94,4.03,18.2
109,EEMS.K,iShares MSCI Emerging Markets Small-Cap ETF,5,60,14,44,54,1.0,10.0,14.14,9.08,3.79,18.75
109,HDEF.K,Xtrackers MSCI EAFE Hi Dv Yld Eq ETF,5,60,14,44,54,1.0,10.0,14.14,29.54,1.94,17.22
109,GQRE.K,FlexShares Global Quality Real Estate Index Fund,5,60,14,44,54,1.0,10.0,14.14,5.65,2.73,17.21
109,FLDZ.K,RiverNorth Patriot ETF,5,120,14,44,54,1.0,10.0,12.2,76.13,3.8,18.08
109,IEMG.K,iShares Core MSCI Emerging Markets ETF,5,120,14,44,54,1.0,10.0,12.2,11.51,3.1,19.55
109,VXUS.O,Vanguard Total International Stock Index Fund;ETF,5,120,14,44,54,1.0,10.0,12.2,15.67,3.47,17.94
109,EQUL.K,IQ Engender Equality ETF,5,120,14,44,54,1.0,10.0,12.2,0.0,1.95,17.77
109,DBP,Invesco DB Precious Metals Fund,5,120,14,44,54,1.0,10.0,12.2,0.17,4.3,17.68
109,EEMS.K,iShares MSCI Emerging Markets Small-Cap ETF,5,120,14,44,54,1.0,10.0,12.2,11.85,3.79,18.75
109,PID.O,Invesco International Dividend Achievers ETF,5,120,14,44,54,1.0,10.0,12.2,15.96,4.03,18.2
109,DWM,WisdomTree International Equity Fund,5,120,14,44,54,1.0,10.0,12.2,12.53,3.86,17.75
109,EWX,SPDR S&P Emerging Markets Small Cap ETF,5,120,14,44,54,1.0,10.0,12.2,11.61,3.32,18.3
109,FDT.O,First Trust Developed Markets ex-US AlphaDEX Fund,5,120,14,44,54,1.0,10.0,12.2,10.3,2.73,18.34
109,JPEM.K,JPMorgan Diversified Return Emerging Mkts Eqty ETF,5,120,14,44,54,1.0,10.0,12.2,13.97,2.62,18.11
109,INTF.K,iShares International Equity Factor ETF,5,120,14,44,54,1.0,10.0,12.2,16.75,3.8,17.7
109,FGD,First Trust Dow Jones Global Select Dividend Ix Fd,5,120,14,44,54,1.0,10.0,12.2,13.31,2.65,18.54
109,VIDI.K,Vident International Equity Strat ETF,5,120,14,44,54,1.0,10.0,12.2,1.47,1.91,17.77
109,DBB,Invesco DB Base Metals Fund,5,120,14,44,54,1.0,10.0,12.2,0.88,2.45,19.18
109,FIVA.K,Fidelity International Value Factor ETF,5,120,14,44,54,1.0,10.0,12.2,6.32,2.27,18.41
109,DOL,WisdomTree International LargeCap Dividend Fund,5,120,14,44,54,1.0,10.0,12.2,12.57,3.65,18.03
109,DTH,WisdomTree International High Dividend,5,120,14,44,54,1.0,10.0,12.2,13.95,2.43,18.59
109,EUO,ProShares UltraShort Euro,5,120,14,44,54,1.0,10.0,12.2,22.09,3.43,16.81
109,GWX,SPDR S&P International Small Cap ETF,5,120,14,44,54,1.0,10.0,12.2,5.77,3.63,17.87
109,SPRE.K,SP Funds S&P Global REIT Sharia ETF,5,120,14,44,54,1.0,10.0,12.2,-0.59,2.3,19.4
109,MOTI.K,VanEck Morningstar International Moat ETF,5,120,14,44,54,1.0,10.0,12.2,9.92,2.7,18.97
109,LOPP.K,Gabelli Love Our Planet & People ETF,5,120,14,44,54,1.0,10.0,12.2,1.74,3.75,17.55
109,GQRE.K,FlexShares Global Quality Real Estate Index Fund,5,120,14,44,54,1.0,10.0,12.2,8.21,2.73,17.21
109,RWO,SPDR Dow Jones Global Real Estate ETF,5,120,14,44,54,1.0,10.0,12.2,10.0,3.94,18.44
109,DGS,WisdomTree Emerging Markets SmallCap Dividend Fund,5,120,14,44,54,1.0,10.0,12.2,13.32,3.24,18.2
109,EFV,iShares MSCI EAFE Value ETF,5,120,14,44,54,1.0,10.0,12.2,6.69,3.44,19.23
109,EWH,iShares MSCI Hong Kong ETF,5,120,14,44,54,1.0,10.0,12.2,1.31,2.09,19.19
109,IEUR.K,iShares Core MSCI Europe ETF,5,120,14,44,54,1.0,10.0,12.2,14.77,3.52,18.79
109,DBC,Invesco DB Commodity Index Tracking Fund,5,120,14,44,54,1.0,10.0,12.2,-8.32,1.9,17.12
109,FLJP.K,Franklin FTSE Japan ETF,5,120,14,44,54,1.0,10.0,12.2,12.1,3.7,17.19
109,DFAE.K,DFA Dimensional Emerging Core Equity Market ETF,5,120,14,44,54,1.0,10.0,12.2,7.66,2.84,17.07
109,REET.K,iShares Global REIT ETF,5,120,14,44,54,1.0,10.0,12.2,9.88,1.43,18.76
109,YMAX.K,YieldMax Universe Fund of Option Income ETFs,5,120,14,44,54,1.0,10.0,12.2,0.0,2.5,18.72
109,FYLD.K,Cambria Foreign Shareholder Yield ETF,5,120,14,44,54,1.0,10.0,12.2,7.4,2.47,18.05
109,ANGL.O,VanEck Fallen Angel High Yield Bond ETF,5,120,14,44,54,1.0,10.0,12.2,7.12,2.88,19.34
109,IVLU.K,iShares MSCI Intl Value Factor ETF,5,120,14,44,54,1.0,10.0,12.2,9.87,3.38,18.51
109,VSGX.K,Vanguard ESG International Stock ETF,5,120,14,44,54,1.0,10.0,12.2,9.94,4.43,18.44
109,IYZ,iShares US Telecommunications ETF,5,120,14,44,54,1.0,10.0,12.2,0.45,2.72,18.43
109,IDV,iShares International Select Dividend ETF,5,120,14,44,54,1.0,10.0,12.2,6.44,2.04,19.19
109,CTA,Simplify Managed Futures Strategy ETF,5,120,14,44,54,1.0,10.0,12.2,0.0,2.72,16.94
109,DFIS.K,DFA Dimensional International Small Cap ETF,5,120,14,44,54,1.0,10.0,12.2,56.79,3.15,18.11
109,IDOG.K,Alps Internatl Sector Dividends Dogs ETF,5,120,14,44,54,1.0,10.0,12.2,4.24,3.45,17.51
109,HDEF.K,Xtrackers MSCI EAFE Hi Dv Yld Eq ETF,5,120,14,44,54,1.0,10.0,12.2,15.96,1.94,17.22
109,FJP.O,First Trust Japan AlphaDEX Fund,5,120,14,44,54,1.0,10.0,12.2,7.49,3.52,17.98
109,DTRE.K,First Trust Alerian Disruptive Technology Real Est,5,120,14,44,54,1.0,10.0,12.2,8.19,4.01,18.49
109,RNEM.O,First Trust Emerging Markets Equity Select ETF,5,120,14,44,54,1.0,10.0,12.2,10.45,2.75,17.73
109,RUFF.K,Alpha Dog ETF,5,120,14,44,54,1.0,10.0,12.2,22.91,2.21,18.84
109,FLAX.K,Franklin FTSE Asia ex Japan ETF,5,120,14,44,54,1.0,10.0,12.2,5.38,2.52,19.94
109,GGM,GGM Macro Alignment ETF,5,120,14,44,54,1.0,10.0,12.2,-1.97,3.42,19.1
109,OEUR.K,ALPS O'Shares Europe Quality Dividend ETF,5,120,14,44,54,1.0,10.0,12.2,27.13,4.1,17.39
109,BMED.K,BlackRock Future Health ETF,5,120,14,44,54,1.0,10.0,12.2,6.67,2.13,18.1
109,EFAS.O,Global X MSCI SuperDividend EAFE ETF,5,120,14,44,54,1.0,10.0,12.2,3.18,1.9,19.26
109,CIL.O,VictoryShares International Volatility Wtd Idx ETF,5,120,14,44,54,1.0,10.0,12.2,22.84,4.38,18.02
109,ISVL.K,iShares Intl Developed Small Cap Value Factor ETF,5,120,14,44,54,1.0,10.0,12.2,9.58,3.17,17.27
109,UIVM.O,VictoryShares International Value Momentum ETF,5,120,14,44,54,1.0,10.0,12.2,4.76,1.29,17.59
109,DWAT.K,Arrow DWA Tactical: Macro ETF,5,120,14,44,54,1.0,10.0,12.2,17.41,3.04,17.46
109,MOTE.K,VanEck Morningstar ESG Moat ETF,5,120,14,44,54,1.0,10.0,12.2,28.58,3.79,18.16
109,EMDV.K,ProShares MSCI Emerging Markets Dividend Grwrs ETF,5,120,14,44,54,1.0,10.0,12.2,3.31,2.94,19.07
109,ISZE.K,iShares MSCI Intl Size Factor ETF,5,120,14,44,54,1.0,10.0,12.2,7.91,2.64,16.8
109,OVF,Overlay Shares Foreign Equity ETF,5,120,14,44,54,1.0,10.0,12.2,10.33,2.07,16.94
109,DGRE.O,WisdomTree Emerging Markets Quality Dividend Gro,5,120,14,44,54,1.0,10.0,12.2,17.04,2.57,19.94
109,CVAR.K,Cultivar ETF,5,120,14,44,54,1.0,10.0,12.2,7.14,2.56,17.21
109,RSPE.K,Invesco ESG S&P 500 Equal Weight ETF,5,120,14,44,54,1.0,10.0,12.2,121.44,2.9,17.39
109,FTXG.O,First Trust Nasdaq Food & Beverage ETF,5,120,14,44,54,1.0,10.0,12.2,0.22,3.68,17.02
109,DIM,WisdomTree International MidCap Dividend Fund,5,120,14,44,54,1.0,10.0,12.2,10.94,4.24,17.69
109,FDEM.K,Fidelity Emerging Markets Multifactor ETF,5,120,14,44,54,1.0,10.0,12.2,13.43,2.96,18.03
109,HEEM.K,iShares Currency Hedged MSCI Emerging Markets ETF,5,120,14,44,54,1.0,10.0,12.2,7.03,3.11,18.04
109,VAMO.K,Cambria Value and Momentum ETF,5,120,14,44,54,1.0,10.0,12.2,5.29,3.21,18.44
109,DIVY.K,Sound Equity Dividend Income ETF,5,120,14,44,54,1.0,10.0,12.2,6.61,3.26,18.75
109,UEVM.O,VictoryShares Emerging Markets Value Momentum ETF,5,120,14,44,54,1.0,10.0,12.2,4.82,1.71,18.7
109,EUDV.K,ProShares MSCI Europe Dividend Growers ETF,5,120,14,44,54,1.0,10.0,12.2,46.13,4.21,18.04
109,TLTE.K,FlexShares Morningstar Em Mkts Factors Tilt Idx,5,120,14,44,54,1.0,10.0,12.2,7.29,2.43,17.91
109,MKOR.K,Matthews Korea Active ETF,5,120,14,44,54,1.0,10.0,12.2,0.0,2.53,16.77
109,CVY,Invesco Zacks Multi-Asset Income ETF,5,120,14,44,54,1.0,10.0,12.2,6.58,4.25,18.14
109,ASEA.K,Global X FTSE Southeast Asia ETF,5,120,14,44,54,1.0,10.0,12.2,9.32,1.84,18.25
109,IQDY.K,FlexShares International Quality Div Dyn Idx,5,120,14,44,54,1.0,10.0,12.2,6.69,3.54,18.04
109,RAAX.K,VanEck Inflation Allocation ETF,5,120,14,44,54,1.0,10.0,12.2,12.83,2.79,16.63
109,ROAM.K,Hartford Multifactor Emerging Markets ETF,5,120,14,44,54,1.0,10.0,12.2,6.02,1.62,18.74
109,TOLZ.K,ProShares DJ Brookfield Global Infrastructure ETF,5,120,14,44,54,1.0,10.0,12.2,14.3,3.03,17.0
109,RAYE.K,Rayliant Quantamental Emg Mrkt ex-China Eqty ETF,5,120,14,44,54,1.0,10.0,12.2,20.79,3.34,17.28
109,GDVD.K,Copper Place Global Dividend Growth ETF,5,120,14,44,54,1.0,10.0,12.2,4.65,2.23,20.03
109,HEEM.K,iShares Currency Hedged MSCI Emerging Markets ETF,5,120,14,39,54,1.0,10.0,11.61,6.8,3.11,18.04
109,DIM,WisdomTree International MidCap Dividend Fund,5,120,14,39,54,1.0,10.0,11.61,10.8,4.24,17.69
109,GDVD.K,Copper Place Global Dividend Growth ETF,5,120,14,39,54,1.0,10.0,11.61,0.0,2.23,20.03
109,RAYE.K,Rayliant Quantamental Emg Mrkt ex-China Eqty ETF,5,120,14,39,54,1.0,10.0,11.61,20.79,3.34,17.28
109,TOLZ.K,ProShares DJ Brookfield Global Infrastructure ETF,5,120,14,39,54,1.0,10.0,11.61,22.54,3.03,17.0
109,ROAM.K,Hartford Multifactor Emerging Markets ETF,5,120,14,39,54,1.0,10.0,11.61,21.51,1.62,18.74
109,RAAX.K,VanEck Inflation Allocation ETF,5,120,14,39,54,1.0,10.0,11.61,12.83,2.79,16.63
109,IQDY.K,FlexShares International Quality Div Dyn Idx,5,120,14,39,54,1.0,10.0,11.61,2.49,3.54,18.04
109,ASEA.K,Global X FTSE Southeast Asia ETF,5,120,14,39,54,1.0,10.0,11.61,12.06,1.84,18.25
109,FDEM.K,Fidelity Emerging Markets Multifactor ETF,5,120,14,39,54,1.0,10.0,11.61,13.43,2.96,18.03
109,MKOR.K,Matthews Korea Active ETF,5,120,14,39,54,1.0,10.0,11.61,0.0,2.53,16.77
109,TLTE.K,FlexShares Morningstar Em Mkts Factors Tilt Idx,5,120,14,39,54,1.0,10.0,11.61,18.16,2.43,17.91
109,CVY,Invesco Zacks Multi-Asset Income ETF,5,120,14,39,54,1.0,10.0,11.61,23.17,4.25,18.14
109,EUDV.K,ProShares MSCI Europe Dividend Growers ETF,5,120,14,39,54,1.0,10.0,11.61,42.36,4.21,18.04
109,UEVM.O,VictoryShares Emerging Markets Value Momentum ETF,5,120,14,39,54,1.0,10.0,11.61,1.07,1.71,18.7
109,DIVY.K,Sound Equity Dividend Income ETF,5,120,14,39,54,1.0,10.0,11.61,6.1,3.26,18.75
109,VAMO.K,Cambria Value and Momentum ETF,5,120,14,39,54,1.0,10.0,11.61,5.29,3.21,18.44
109,ISVL.K,iShares Intl Developed Small Cap Value Factor ETF,5,120,14,39,54,1.0,10.0,11.61,9.58,3.17,17.27
109,FTXG.O,First Trust Nasdaq Food & Beverage ETF,5,120,14,39,54,1.0,10.0,11.61,0.0,3.68,17.02
109,EQUL.K,IQ Engender Equality ETF,5,120,14,39,54,1.0,10.0,11.61,0.0,1.95,17.77
109,CVAR.K,Cultivar ETF,5,120,14,39,54,1.0,10.0,11.61,0.0,2.56,17.21
109,RNEM.O,First Trust Emerging Markets Equity Select ETF,5,120,14,39,54,1.0,10.0,11.61,17.96,2.75,17.73
109,FLDZ.K,RiverNorth Patriot ETF,5,120,14,39,54,1.0,10.0,11.61,0.0,3.8,18.08
109,LOPP.K,Gabelli Love Our Planet & People ETF,5,120,14,39,54,1.0,10.0,11.61,4.51,3.75,17.55
109,OVF,Overlay Shares Foreign Equity ETF,5,120,14,39,54,1.0,10.0,11.61,10.33,2.07,16.94
109,ISZE.K,iShares MSCI Intl Size Factor ETF,5,120,14,39,54,1.0,10.0,11.61,8.09,2.64,16.8
109,EMDV.K,ProShares MSCI Emerging Markets Dividend Grwrs ETF,5,120,14,39,54,1.0,10.0,11.61,0.0,2.94,19.07
109,MOTE.K,VanEck Morningstar ESG Moat ETF,5,120,14,39,54,1.0,10.0,11.61,0.0,3.79,18.16
109,DWAT.K,Arrow DWA Tactical: Macro ETF,5,120,14,39,54,1.0,10.0,11.61,11.85,3.04,17.46
109,UIVM.O,VictoryShares International Value Momentum ETF,5,120,14,39,54,1.0,10.0,11.61,5.53,1.29,17.59
109,CIL.O,VictoryShares International Volatility Wtd Idx ETF,5,120,14,39,54,1.0,10.0,11.61,18.37,4.38,18.02
109,DTRE.K,First Trust Alerian Disruptive Technology Real Est,5,120,14,39,54,1.0,10.0,11.61,31.37,4.01,18.49
109,EFAS.O,Global X MSCI SuperDividend EAFE ETF,5,120,14,39,54,1.0,10.0,11.61,3.18,1.9,19.26
109,RSPE.K,Invesco ESG S&P 500 Equal Weight ETF,5,120,14,39,54,1.0,10.0,11.61,0.0,2.9,17.39
109,BMED.K,BlackRock Future Health ETF,5,120,14,39,54,1.0,10.0,11.61,6.67,2.13,18.1
109,OEUR.K,ALPS O'Shares Europe Quality Dividend ETF,5,120,14,39,54,1.0,10.0,11.61,0.0,4.1,17.39
109,GGM,GGM Macro Alignment ETF,5,120,14,39,54,1.0,10.0,11.61,3.85,3.42,19.1
109,FLAX.K,Franklin FTSE Asia ex Japan ETF,5,120,14,39,54,1.0,10.0,11.61,6.39,2.52,19.94
109,RUFF.K,Alpha Dog ETF,5,120,14,39,54,1.0,10.0,11.61,22.91,2.21,18.84
109,DGRE.O,WisdomTree Emerging Markets Quality Dividend Gro,5,120,14,39,54,1.0,10.0,11.61,25.13,2.57,19.94
109,FJP.O,First Trust Japan AlphaDEX Fund,5,120,14,39,54,1.0,10.0,11.61,12.42,3.52,17.98
109,DBP,Invesco DB Precious Metals Fund,5,120,14,39,54,1.0,10.0,11.61,-4.81,4.3,17.68
109,RWO,SPDR Dow Jones Global Real Estate ETF,5,120,14,39,54,1.0,10.0,11.61,29.84,3.94,18.44
109,DFIS.K,DFA Dimensional International Small Cap ETF,5,120,14,39,54,1.0,10.0,11.61,0.0,3.15,18.11
109,CTA,Simplify Managed Futures Strategy ETF,5,120,14,39,54,1.0,10.0,11.61,0.0,2.72,16.94
109,IDV,iShares International Select Dividend ETF,5,120,14,39,54,1.0,10.0,11.61,13.24,2.04,19.19
109,IYZ,iShares US Telecommunications ETF,5,120,14,39,54,1.0,10.0,11.61,-0.22,2.72,18.43
109,VSGX.K,Vanguard ESG International Stock ETF,5,120,14,39,54,1.0,10.0,11.61,9.94,4.43,18.44
109,IVLU.K,iShares MSCI Intl Value Factor ETF,5,120,14,39,54,1.0,10.0,11.61,23.99,3.38,18.51
109,ANGL.O,VanEck Fallen Angel High Yield Bond ETF,5,120,14,39,54,1.0,10.0,11.61,7.1,2.88,19.34
109,DGS,WisdomTree Emerging Markets SmallCap Dividend Fund,5,120,14,39,54,1.0,10.0,11.61,18.79,3.24,18.2
109,REET.K,iShares Global REIT ETF,5,120,14,39,54,1.0,10.0,11.61,28.61,1.43,18.76
109,DFAE.K,DFA Dimensional Emerging Core Equity Market ETF,5,120,14,39,54,1.0,10.0,11.61,7.66,2.84,17.07
109,FLJP.K,Franklin FTSE Japan ETF,5,120,14,39,54,1.0,10.0,11.61,16.93,3.7,17.19
109,DBC,Invesco DB Commodity Index Tracking Fund,5,120,14,39,54,1.0,10.0,11.61,3.22,1.9,17.12
109,IEUR.K,iShares Core MSCI Europe ETF,5,120,14,39,54,1.0,10.0,11.61,36.1,3.52,18.79
109,EWH,iShares MSCI Hong Kong ETF,5,120,14,39,54,1.0,10.0,11.61,-27.96,2.09,19.19
109,EFV,iShares MSCI EAFE Value ETF,5,120,14,39,54,1.0,10.0,11.61,18.44,3.44,19.23
109,VXUS.O,Vanguard Total International Stock Index Fund;ETF,5,120,14,39,54,1.0,10.0,11.61,12.72,3.47,17.94
109,IEMG.K,iShares Core MSCI Emerging Markets ETF,5,120,14,39,54,1.0,10.0,11.61,14.79,3.1,19.55
109,FYLD.K,Cambria Foreign Shareholder Yield ETF,5,120,14,39,54,1.0,10.0,11.61,3.98,2.47,18.05
109,YMAX.K,YieldMax Universe Fund of Option Income ETFs,5,120,14,39,54,1.0,10.0,11.61,0.0,2.5,18.72
109,GQRE.K,FlexShares Global Quality Real Estate Index Fund,5,120,14,39,54,1.0,10.0,11.61,23.13,2.73,17.21
109,VIDI.K,Vident International Equity Strat ETF,5,120,14,39,54,1.0,10.0,11.61,1.47,1.91,17.77
109,HDEF.K,Xtrackers MSCI EAFE Hi Dv Yld Eq ETF,5,120,14,39,54,1.0,10.0,11.61,63.95,1.94,17.22
109,SPRE.K,SP Funds S&P Global REIT Sharia ETF,5,120,14,39,54,1.0,10.0,11.61,0.0,2.3,19.4
109,GWX,SPDR S&P International Small Cap ETF,5,120,14,39,54,1.0,10.0,11.61,9.3,3.63,17.87
109,EUO,ProShares UltraShort Euro,5,120,14,39,54,1.0,10.0,11.61,40.0,3.43,16.81
109,DTH,WisdomTree International High Dividend,5,120,14,39,54,1.0,10.0,11.61,18.48,2.43,18.59
109,DOL,WisdomTree International LargeCap Dividend Fund,5,120,14,39,54,1.0,10.0,11.61,13.14,3.65,18.03
109,FIVA.K,Fidelity International Value Factor ETF,5,120,14,39,54,1.0,10.0,11.61,0.29,2.27,18.41
109,DBB,Invesco DB Base Metals Fund,5,120,14,39,54,1.0,10.0,11.61,-0.56,2.45,19.18
109,MOTI.K,VanEck Morningstar International Moat ETF,5,120,14,39,54,1.0,10.0,11.61,20.19,2.7,18.97
109,FGD,First Trust Dow Jones Global Select Dividend Ix Fd,5,120,14,39,54,1.0,10.0,11.61,16.0,2.65,18.54
109,EWX,SPDR S&P Emerging Markets Small Cap ETF,5,120,14,39,54,1.0,10.0,11.61,15.37,3.32,18.3
109,EEMS.K,iShares MSCI Emerging Markets Small-Cap ETF,5,120,14,39,54,1.0,10.0,11.61,21.95,3.79,18.75
109,PID.O,Invesco International Dividend Achievers ETF,5,120,14,39,54,1.0,10.0,11.61,13.73,4.03,18.2
109,DWM,WisdomTree International Equity Fund,5,120,14,39,54,1.0,10.0,11.61,12.52,3.86,17.75
109,IDOG.K,Alps Internatl Sector Dividends Dogs ETF,5,120,14,39,54,1.0,10.0,11.61,9.33,3.45,17.51
109,FDT.O,First Trust Developed Markets ex-US AlphaDEX Fund,5,120,14,39,54,1.0,10.0,11.61,16.3,2.73,18.34
109,INTF.K,iShares International Equity Factor ETF,5,120,14,39,54,1.0,10.0,11.61,14.33,3.8,17.7
109,JPEM.K,JPMorgan Diversified Return Emerging Mkts Eqty ETF,5,120,14,39,54,1.0,10.0,11.61,13.26,2.62,18.11
109,VIDI.K,Vident International Equity Strat ETF,5,60,14,34,59,1.0,10.0,11.14,0.6,1.91,17.77
109,EEMS.K,iShares MSCI Emerging Markets Small-Cap ETF,5,60,14,34,59,1.0,10.0,11.14,14.36,3.79,18.75
109,PID.O,Invesco International Dividend Achievers ETF,5,60,14,34,59,1.0,10.0,11.14,12.39,4.03,18.2
109,DWM,WisdomTree International Equity Fund,5,60,14,34,59,1.0,10.0,11.14,0.0,3.86,17.75
109,EWX,SPDR S&P Emerging Markets Small Cap ETF,5,60,14,34,59,1.0,10.0,11.14,8.92,3.32,18.3
109,FDT.O,First Trust Developed Markets ex-US AlphaDEX Fund,5,60,14,34,59,1.0,10.0,11.14,13.2,2.73,18.34
109,JPEM.K,JPMorgan Diversified Return Emerging Mkts Eqty ETF,5,60,14,34,59,1.0,10.0,11.14,22.72,2.62,18.11
109,INTF.K,iShares International Equity Factor ETF,5,60,14,34,59,1.0,10.0,11.14,0.0,3.8,17.7
109,FGD,First Trust Dow Jones Global Select Dividend Ix Fd,5,60,14,34,59,1.0,10.0,11.14,18.72,2.65,18.54
109,DBB,Invesco DB Base Metals Fund,5,60,14,34,59,1.0,10.0,11.14,30.98,2.45,19.18
109,FIVA.K,Fidelity International Value Factor ETF,5,60,14,34,59,1.0,10.0,11.14,43.97,2.27,18.41
109,DOL,WisdomTree International LargeCap Dividend Fund,5,60,14,34,59,1.0,10.0,11.14,0.0,3.65,18.03
109,GQRE.K,FlexShares Global Quality Real Estate Index Fund,5,60,14,34,59,1.0,10.0,11.14,0.0,2.73,17.21
109,EUO,ProShares UltraShort Euro,5,60,14,34,59,1.0,10.0,11.14,36.88,3.43,16.81
109,GWX,SPDR S&P International Small Cap ETF,5,60,14,34,59,1.0,10.0,11.14,0.0,3.63,17.87
109,SPRE.K,SP Funds S&P Global REIT Sharia ETF,5,60,14,34,59,1.0,10.0,11.14,0.0,2.3,19.4
109,MOTI.K,VanEck Morningstar International Moat ETF,5,60,14,34,59,1.0,10.0,11.14,0.0,2.7,18.97
109,IDOG.K,Alps Internatl Sector Dividends Dogs ETF,5,60,14,34,59,1.0,10.0,11.14,4.81,3.45,17.51
109,DTH,WisdomTree International High Dividend,5,60,14,34,59,1.0,10.0,11.14,20.96,2.43,18.59
109,IEMG.K,iShares Core MSCI Emerging Markets ETF,5,60,14,34,59,1.0,10.0,11.14,9.58,3.1,19.55
109,RWO,SPDR Dow Jones Global Real Estate ETF,5,60,14,34,59,1.0,10.0,11.14,31.86,3.94,18.44
109,REET.K,iShares Global REIT ETF,5,60,14,34,59,1.0,10.0,11.14,34.25,1.43,18.76
109,FJP.O,First Trust Japan AlphaDEX Fund,5,60,14,34,59,1.0,10.0,11.14,31.68,3.52,17.98
109,VXUS.O,Vanguard Total International Stock Index Fund;ETF,5,60,14,34,59,1.0,10.0,11.14,13.21,3.47,17.94
109,EFV,iShares MSCI EAFE Value ETF,5,60,14,34,59,1.0,10.0,11.14,25.91,3.44,19.23
109,EWH,iShares MSCI Hong Kong ETF,5,60,14,34,59,1.0,10.0,11.14,-3.34,2.09,19.19
109,IEUR.K,iShares Core MSCI Europe ETF,5,60,14,34,59,1.0,10.0,11.14,5.33,3.52,18.79
109,DBC,Invesco DB Commodity Index Tracking Fund,5,60,14,34,59,1.0,10.0,11.14,9.27,1.9,17.12
109,FLJP.K,Franklin FTSE Japan ETF,5,60,14,34,59,1.0,10.0,11.14,10.21,3.7,17.19
109,DFAE.K,DFA Dimensional Emerging Core Equity Market ETF,5,60,14,34,59,1.0,10.0,11.14,7.14,2.84,17.07
109,DGS,WisdomTree Emerging Markets SmallCap Dividend Fund,5,60,14,34,59,1.0,10.0,11.14,12.81,3.24,18.2
109,FYLD.K,Cambria Foreign Shareholder Yield ETF,5,60,14,34,59,1.0,10.0,11.14,15.13,2.47,18.05
109,YMAX.K,YieldMax Universe Fund of Option Income ETFs,5,60,14,34,59,1.0,10.0,11.14,0.0,2.5,18.72
109,ANGL.O,VanEck Fallen Angel High Yield Bond ETF,5,60,14,34,59,1.0,10.0,11.14,6.49,2.88,19.34
109,IVLU.K,iShares MSCI Intl Value Factor ETF,5,60,14,34,59,1.0,10.0,11.14,45.19,3.38,18.51
109,VSGX.K,Vanguard ESG International Stock ETF,5,60,14,34,59,1.0,10.0,11.14,13.05,4.43,18.44
109,IYZ,iShares US Telecommunications ETF,5,60,14,34,59,1.0,10.0,11.14,0.0,2.72,18.43
109,IDV,iShares International Select Dividend ETF,5,60,14,34,59,1.0,10.0,11.14,15.88,2.04,19.19
109,CTA,Simplify Managed Futures Strategy ETF,5,60,14,34,59,1.0,10.0,11.14,0.0,2.72,16.94
109,DFIS.K,DFA Dimensional International Small Cap ETF,5,60,14,34,59,1.0,10.0,11.14,0.0,3.15,18.11
109,DBP,Invesco DB Precious Metals Fund,5,60,14,34,59,1.0,10.0,11.14,0.0,4.3,17.68
109,HDEF.K,Xtrackers MSCI EAFE Hi Dv Yld Eq ETF,5,60,14,34,59,1.0,10.0,11.14,5.17,1.94,17.22
109,DGRE.O,WisdomTree Emerging Markets Quality Dividend Gro,5,60,14,34,59,1.0,10.0,11.14,9.14,2.57,19.94
109,RNEM.O,First Trust Emerging Markets Equity Select ETF,5,60,14,34,59,1.0,10.0,11.14,31.69,2.75,17.73
109,FLAX.K,Franklin FTSE Asia ex Japan ETF,5,60,14,34,59,1.0,10.0,11.14,10.21,2.52,19.94
109,GGM,GGM Macro Alignment ETF,5,60,14,34,59,1.0,10.0,11.14,9.18,3.42,19.1
109,OEUR.K,ALPS O'Shares Europe Quality Dividend ETF,5,60,14,34,59,1.0,10.0,11.14,0.0,4.1,17.39
109,BMED.K,BlackRock Future Health ETF,5,60,14,34,59,1.0,10.0,11.14,6.16,2.13,18.1
109,RSPE.K,Invesco ESG S&P 500 Equal Weight ETF,5,60,14,34,59,1.0,10.0,11.14,0.0,2.9,17.39
109,EFAS.O,Global X MSCI SuperDividend EAFE ETF,5,60,14,34,59,1.0,10.0,11.14,40.79,1.9,19.26
109,CIL.O,VictoryShares International Volatility Wtd Idx ETF,5,60,14,34,59,1.0,10.0,11.14,0.0,4.38,18.02
109,UIVM.O,VictoryShares International Value Momentum ETF,5,60,14,34,59,1.0,10.0,11.14,4.35,1.29,17.59
109,DWAT.K,Arrow DWA Tactical: Macro ETF,5,60,14,34,59,1.0,10.0,11.14,0.0,3.04,17.46
109,MOTE.K,VanEck Morningstar ESG Moat ETF,5,60,14,34,59,1.0,10.0,11.14,0.0,3.79,18.16
109,EMDV.K,ProShares MSCI Emerging Markets Dividend Grwrs ETF,5,60,14,34,59,1.0,10.0,11.14,-1.5,2.94,19.07
109,ISZE.K,iShares MSCI Intl Size Factor ETF,5,60,14,34,59,1.0,10.0,11.14,0.0,2.64,16.8
109,OVF,Overlay Shares Foreign Equity ETF,5,60,14,34,59,1.0,10.0,11.14,12.95,2.07,16.94
109,LOPP.K,Gabelli Love Our Planet & People ETF,5,60,14,34,59,1.0,10.0,11.14,4.24,3.75,17.55
109,EQUL.K,IQ Engender Equality ETF,5,60,14,34,59,1.0,10.0,11.14,0.0,1.95,17.77
109,FLDZ.K,RiverNorth Patriot ETF,5,60,14,34,59,1.0,10.0,11.14,0.0,3.8,18.08
109,FDEM.K,Fidelity Emerging Markets Multifactor ETF,5,60,14,34,59,1.0,10.0,11.14,9.88,2.96,18.03
109,RUFF.K,Alpha Dog ETF,5,60,14,34,59,1.0,10.0,11.14,27.67,2.21,18.84
109,DTRE.K,First Trust Alerian Disruptive Technology Real Est,5,60,14,34,59,1.0,10.0,11.14,28.02,4.01,18.49
109,CVAR.K,Cultivar ETF,5,60,14,34,59,1.0,10.0,11.14,0.0,2.56,17.21
109,IQDY.K,FlexShares International Quality Div Dyn Idx,5,60,14,34,59,1.0,10.0,11.14,8.86,3.54,18.04
109,ISVL.K,iShares Intl Developed Small Cap Value Factor ETF,5,60,14,34,59,1.0,10.0,11.14,17.44,3.17,17.27
109,DIVY.K,Sound Equity Dividend Income ETF,5,60,14,34,59,1.0,10.0,11.14,9.29,3.26,18.75
109,UEVM.O,VictoryShares Emerging Markets Value Momentum ETF,5,60,14,34,59,1.0,10.0,11.14,9.88,1.71,18.7
109,EUDV.K,ProShares MSCI Europe Dividend Growers ETF,5,60,14,34,59,1.0,10.0,11.14,46.55,4.21,18.04
109,CVY,Invesco Zacks Multi-Asset Income ETF,5,60,14,34,59,1.0,10.0,11.14,12.47,4.25,18.14
109,TLTE.K,FlexShares Morningstar Em Mkts Factors Tilt Idx,5,60,14,34,59,1.0,10.0,11.14,10.06,2.43,17.91
109,DIM,WisdomTree International MidCap Dividend Fund,5,60,14,34,59,1.0,10.0,11.14,0.0,4.24,17.69
109,ASEA.K,Global X FTSE Southeast Asia ETF,5,60,14,34,59,1.0,10.0,11.14,12.12,1.84,18.25
109,MKOR.K,Matthews Korea Active ETF,5,60,14,34,59,1.0,10.0,11.14,0.0,2.53,16.77
109,RAAX.K,VanEck Inflation Allocation ETF,5,60,14,34,59,1.0,10.0,11.14,-0.35,2.79,16.63
109,VAMO.K,Cambria Value and Momentum ETF,5,60,14,34,59,1.0,10.0,11.14,6.81,3.21,18.44
109,ROAM.K,Hartford Multifactor Emerging Markets ETF,5,60,14,34,59,1.0,10.0,11.14,13.53,1.62,18.74
109,TOLZ.K,ProShares DJ Brookfield Global Infrastructure ETF,5,60,14,34,59,1.0,10.0,11.14,4.27,3.03,17.0
109,RAYE.K,Rayliant Quantamental Emg Mrkt ex-China Eqty ETF,5,60,14,34,59,1.0,10.0,11.14,26.49,3.34,17.28
109,GDVD.K,Copper Place Global Dividend Growth ETF,5,60,14,34,59,1.0,10.0,11.14,14.12,2.23,20.03
109,HEEM.K,iShares Currency Hedged MSCI Emerging Markets ETF,5,60,14,34,59,1.0,10.0,11.14,11.69,3.11,18.04
109,FTXG.O,First Trust Nasdaq Food & Beverage ETF,5,60,14,34,59,1.0,10.0,11.14,0.0,3.68,17.02
109,ASEA.K,Global X FTSE Southeast Asia ETF,5,120,14,39,59,1.0,10.0,11.1,10.9,1.84,18.25
109,HEEM.K,iShares Currency Hedged MSCI Emerging Markets ETF,5,120,14,39,59,1.0,10.0,11.1,10.18,3.11,18.04
109,GDVD.K,Copper Place Global Dividend Growth ETF,5,120,14,39,59,1.0,10.0,11.1,0.0,2.23,20.03
109,RAYE.K,Rayliant Quantamental Emg Mrkt ex-China Eqty ETF,5,120,14,39,59,1.0,10.0,11.1,24.43,3.34,17.28
109,TOLZ.K,ProShares DJ Brookfield Global Infrastructure ETF,5,120,14,39,59,1.0,10.0,11.1,15.03,3.03,17.0
109,ROAM.K,Hartford Multifactor Emerging Markets ETF,5,120,14,39,59,1.0,10.0,11.1,16.66,1.62,18.74
109,RAAX.K,VanEck Inflation Allocation ETF,5,120,14,39,59,1.0,10.0,11.1,-1.4,2.79,16.63
109,IQDY.K,FlexShares International Quality Div Dyn Idx,5,120,14,39,59,1.0,10.0,11.1,5.43,3.54,18.04
109,FDEM.K,Fidelity Emerging Markets Multifactor ETF,5,120,14,39,59,1.0,10.0,11.1,18.11,2.96,18.03
109,DIM,WisdomTree International MidCap Dividend Fund,5,120,14,39,59,1.0,10.0,11.1,11.24,4.24,17.69
109,MKOR.K,Matthews Korea Active ETF,5,120,14,39,59,1.0,10.0,11.1,0.0,2.53,16.77
109,TLTE.K,FlexShares Morningstar Em Mkts Factors Tilt Idx,5,120,14,39,59,1.0,10.0,11.1,21.53,2.43,17.91
109,CVY,Invesco Zacks Multi-Asset Income ETF,5,120,14,39,59,1.0,10.0,11.1,21.42,4.25,18.14
109,EUDV.K,ProShares MSCI Europe Dividend Growers ETF,5,120,14,39,59,1.0,10.0,11.1,18.8,4.21,18.04
109,UEVM.O,VictoryShares Emerging Markets Value Momentum ETF,5,120,14,39,59,1.0,10.0,11.1,3.56,1.71,18.7
109,DIVY.K,Sound Equity Dividend Income ETF,5,120,14,39,59,1.0,10.0,11.1,5.66,3.26,18.75
109,VAMO.K,Cambria Value and Momentum ETF,5,120,14,39,59,1.0,10.0,11.1,8.41,3.21,18.44
109,ISVL.K,iShares Intl Developed Small Cap Value Factor ETF,5,120,14,39,59,1.0,10.0,11.1,13.31,3.17,17.27
109,FTXG.O,First Trust Nasdaq Food & Beverage ETF,5,120,14,39,59,1.0,10.0,11.1,0.0,3.68,17.02
109,EQUL.K,IQ Engender Equality ETF,5,120,14,39,59,1.0,10.0,11.1,0.0,1.95,17.77
109,CVAR.K,Cultivar ETF,5,120,14,39,59,1.0,10.0,11.1,0.0,2.56,17.21
109,RNEM.O,First Trust Emerging Markets Equity Select ETF,5,120,14,39,59,1.0,10.0,11.1,20.07,2.75,17.73
109,FJP.O,First Trust Japan AlphaDEX Fund,5,120,14,39,59,1.0,10.0,11.1,15.46,3.52,17.98
109,LOPP.K,Gabelli Love Our Planet & People ETF,5,120,14,39,59,1.0,10.0,11.1,4.75,3.75,17.55
109,OVF,Overlay Shares Foreign Equity ETF,5,120,14,39,59,1.0,10.0,11.1,12.41,2.07,16.94
109,ISZE.K,iShares MSCI Intl Size Factor ETF,5,120,14,39,59,1.0,10.0,11.1,7.42,2.64,16.8
109,EMDV.K,ProShares MSCI Emerging Markets Dividend Grwrs ETF,5,120,14,39,59,1.0,10.0,11.1,0.0,2.94,19.07
109,MOTE.K,VanEck Morningstar ESG Moat ETF,5,120,14,39,59,1.0,10.0,11.1,0.0,3.79,18.16
109,DWAT.K,Arrow DWA Tactical: Macro ETF,5,120,14,39,59,1.0,10.0,11.1,12.55,3.04,17.46
109,UIVM.O,VictoryShares International Value Momentum ETF,5,120,14,39,59,1.0,10.0,11.1,8.37,1.29,17.59
109,CIL.O,VictoryShares International Volatility Wtd Idx ETF,5,120,14,39,59,1.0,10.0,11.1,11.17,4.38,18.02
109,DTRE.K,First Trust Alerian Disruptive Technology Real Est,5,120,14,39,59,1.0,10.0,11.1,38.47,4.01,18.49
109,EFAS.O,Global X MSCI SuperDividend EAFE ETF,5,120,14,39,59,1.0,10.0,11.1,5.73,1.9,19.26
109,RSPE.K,Invesco ESG S&P 500 Equal Weight ETF,5,120,14,39,59,1.0,10.0,11.1,0.0,2.9,17.39
109,BMED.K,BlackRock Future Health ETF,5,120,14,39,59,1.0,10.0,11.1,5.49,2.13,18.1
109,OEUR.K,ALPS O'Shares Europe Quality Dividend ETF,5,120,14,39,59,1.0,10.0,11.1,0.0,4.1,17.39
109,GGM,GGM Macro Alignment ETF,5,120,14,39,59,1.0,10.0,11.1,6.41,3.42,19.1
109,FLAX.K,Franklin FTSE Asia ex Japan ETF,5,120,14,39,59,1.0,10.0,11.1,9.66,2.52,19.94
109,RUFF.K,Alpha Dog ETF,5,120,14,39,59,1.0,10.0,11.1,28.73,2.21,18.84
109,DGRE.O,WisdomTree Emerging Markets Quality Dividend Gro,5,120,14,39,59,1.0,10.0,11.1,15.93,2.57,19.94
109,HDEF.K,Xtrackers MSCI EAFE Hi Dv Yld Eq ETF,5,120,14,39,59,1.0,10.0,11.1,13.91,1.94,17.22
109,DBP,Invesco DB Precious Metals Fund,5,120,14,39,59,1.0,10.0,11.1,-3.01,4.3,17.68
109,FYLD.K,Cambria Foreign Shareholder Yield ETF,5,120,14,39,59,1.0,10.0,11.1,4.19,2.47,18.05
109,CTA,Simplify Managed Futures Strategy ETF,5,120,14,39,59,1.0,10.0,11.1,0.0,2.72,16.94
109,IDV,iShares International Select Dividend ETF,5,120,14,39,59,1.0,10.0,11.1,13.38,2.04,19.19
109,IYZ,iShares US Telecommunications ETF,5,120,14,39,59,1.0,10.0,11.1,1.4,2.72,18.43
109,VSGX.K,Vanguard ESG International Stock ETF,5,120,14,39,59,1.0,10.0,11.1,11.89,4.43,18.44
109,IVLU.K,iShares MSCI Intl Value Factor ETF,5,120,14,39,59,1.0,10.0,11.1,25.79,3.38,18.51
109,ANGL.O,VanEck Fallen Angel High Yield Bond ETF,5,120,14,39,59,1.0,10.0,11.1,7.77,2.88,19.34
109,YMAX.K,YieldMax Universe Fund of Option Income ETFs,5,120,14,39,59,1.0,10.0,11.1,0.0,2.5,18.72
109,DGS,WisdomTree Emerging Markets SmallCap Dividend Fund,5,120,14,39,59,1.0,10.0,11.1,15.43,3.24,18.2
109,REET.K,iShares Global REIT ETF,5,120,14,39,59,1.0,10.0,11.1,36.72,1.43,18.76
109,DFAE.K,DFA Dimensional Emerging Core Equity Market ETF,5,120,14,39,59,1.0,10.0,11.1,11.21,2.84,17.07
109,FLJP.K,Franklin FTSE Japan ETF,5,120,14,39,59,1.0,10.0,11.1,12.95,3.7,17.19
109,DBC,Invesco DB Commodity Index Tracking Fund,5,120,14,39,59,1.0,10.0,11.1,6.33,1.9,17.12
109,IEUR.K,iShares Core MSCI Europe ETF,5,120,14,39,59,1.0,10.0,11.1,41.35,3.52,18.79
109,EWH,iShares MSCI Hong Kong ETF,5,120,14,39,59,1.0,10.0,11.1,-27.96,2.09,19.19
109,EFV,iShares MSCI EAFE Value ETF,5,120,14,39,59,1.0,10.0,11.1,23.7,3.44,19.23
109,VXUS.O,Vanguard Total International Stock Index Fund;ETF,5,120,14,39,59,1.0,10.0,11.1,11.8,3.47,17.94
109,IEMG.K,iShares Core MSCI Emerging Markets ETF,5,120,14,39,59,1.0,10.0,11.1,18.35,3.1,19.55
109,DFIS.K,DFA Dimensional International Small Cap ETF,5,120,14,39,59,1.0,10.0,11.1,0.0,3.15,18.11
109,RWO,SPDR Dow Jones Global Real Estate ETF,5,120,14,39,59,1.0,10.0,11.1,37.26,3.94,18.44
109,IDOG.K,Alps Internatl Sector Dividends Dogs ETF,5,120,14,39,59,1.0,10.0,11.1,13.06,3.45,17.51
109,GQRE.K,FlexShares Global Quality Real Estate Index Fund,5,120,14,39,59,1.0,10.0,11.1,21.01,2.73,17.21
109,MOTI.K,VanEck Morningstar International Moat ETF,5,120,14,39,59,1.0,10.0,11.1,7.0,2.7,18.97
109,SPRE.K,SP Funds S&P Global REIT Sharia ETF,5,120,14,39,59,1.0,10.0,11.1,0.0,2.3,19.4
109,GWX,SPDR S&P International Small Cap ETF,5,120,14,39,59,1.0,10.0,11.1,10.38,3.63,17.87
109,EUO,ProShares UltraShort Euro,5,120,14,39,59,1.0,10.0,11.1,40.0,3.43,16.81
109,DTH,WisdomTree International High Dividend,5,120,14,39,59,1.0,10.0,11.1,13.1,2.43,18.59
109,DOL,WisdomTree International LargeCap Dividend Fund,5,120,14,39,59,1.0,10.0,11.1,18.55,3.65,18.03
109,FIVA.K,Fidelity International Value Factor ETF,5,120,14,39,59,1.0,10.0,11.1,4.38,2.27,18.41
109,DBB,Invesco DB Base Metals Fund,5,120,14,39,59,1.0,10.0,11.1,0.3,2.45,19.18
109,VIDI.K,Vident International Equity Strat ETF,5,120,14,39,59,1.0,10.0,11.1,4.4,1.91,17.77
109,FGD,First Trust Dow Jones Global Select Dividend Ix Fd,5,120,14,39,59,1.0,10.0,11.1,5.94,2.65,18.54
109,INTF.K,iShares International Equity Factor ETF,5,120,14,39,59,1.0,10.0,11.1,15.48,3.8,17.7
109,JPEM.K,JPMorgan Diversified Return Emerging Mkts Eqty ETF,5,120,14,39,59,1.0,10.0,11.1,12.52,2.62,18.11
109,FDT.O,First Trust Developed Markets ex-US AlphaDEX Fund,5,120,14,39,59,1.0,10.0,11.1,15.57,2.73,18.34
109,EWX,SPDR S&P Emerging Markets Small Cap ETF,5,120,14,39,59,1.0,10.0,11.1,11.0,3.32,18.3
109,DWM,WisdomTree International Equity Fund,5,120,14,39,59,1.0,10.0,11.1,12.18,3.86,17.75
109,PID.O,Invesco International Dividend Achievers ETF,5,120,14,39,59,1.0,10.0,11.1,13.73,4.03,18.2
109,EEMS.K,iShares MSCI Emerging Markets Small-Cap ETF,5,120,14,39,59,1.0,10.0,11.1,23.29,3.79,18.75
109,FLDZ.K,RiverNorth Patriot ETF,5,120,14,39,59,1.0,10.0,11.1,0.0,3.8,18.08
109,FLDZ.K,RiverNorth Patriot ETF,5,60,14,34,54,1.0,10.0,10.85,0.0,3.8,18.08
109,VXUS.O,Vanguard Total International Stock Index Fund;ETF,5,60,14,34,54,1.0,10.0,10.85,11.71,3.47,17.94
109,ASEA.K,Global X FTSE Southeast Asia ETF,5,60,14,34,54,1.0,10.0,10.85,13.61,1.84,18.25
109,HEEM.K,iShares Currency Hedged MSCI Emerging Markets ETF,5,60,14,34,54,1.0,10.0,10.85,8.7,3.11,18.04
109,GDVD.K,Copper Place Global Dividend Growth ETF,5,60,14,34,54,1.0,10.0,10.85,31.81,2.23,20.03
109,RAYE.K,Rayliant Quantamental Emg Mrkt ex-China Eqty ETF,5,60,14,34,54,1.0,10.0,10.85,23.33,3.34,17.28
109,TOLZ.K,ProShares DJ Brookfield Global Infrastructure ETF,5,60,14,34,54,1.0,10.0,10.85,2.64,3.03,17.0
109,ROAM.K,Hartford Multifactor Emerging Markets ETF,5,60,14,34,54,1.0,10.0,10.85,21.5,1.62,18.74
109,RAAX.K,VanEck Inflation Allocation ETF,5,60,14,34,54,1.0,10.0,10.85,19.15,2.79,16.63
109,IQDY.K,FlexShares International Quality Div Dyn Idx,5,60,14,34,54,1.0,10.0,10.85,8.77,3.54,18.04
109,DIM,WisdomTree International MidCap Dividend Fund,5,60,14,34,54,1.0,10.0,10.85,0.0,4.24,17.69
109,ISVL.K,iShares Intl Developed Small Cap Value Factor ETF,5,60,14,34,54,1.0,10.0,10.85,15.07,3.17,17.27
109,MKOR.K,Matthews Korea Active ETF,5,60,14,34,54,1.0,10.0,10.85,0.0,2.53,16.77
109,TLTE.K,FlexShares Morningstar Em Mkts Factors Tilt Idx,5,60,14,34,54,1.0,10.0,10.85,6.94,2.43,17.91
109,CVY,Invesco Zacks Multi-Asset Income ETF,5,60,14,34,54,1.0,10.0,10.85,13.22,4.25,18.14
109,EUDV.K,ProShares MSCI Europe Dividend Growers ETF,5,60,14,34,54,1.0,10.0,10.85,39.71,4.21,18.04
109,UEVM.O,VictoryShares Emerging Markets Value Momentum ETF,5,60,14,34,54,1.0,10.0,10.85,7.96,1.71,18.7
109,DIVY.K,Sound Equity Dividend Income ETF,5,60,14,34,54,1.0,10.0,10.85,18.43,3.26,18.75
109,VAMO.K,Cambria Value and Momentum ETF,5,60,14,34,54,1.0,10.0,10.85,4.06,3.21,18.44
109,FTXG.O,First Trust Nasdaq Food & Beverage ETF,5,60,14,34,54,1.0,10.0,10.85,0.0,3.68,17.02
109,CVAR.K,Cultivar ETF,5,60,14,34,54,1.0,10.0,10.85,0.0,2.56,17.21
109,DGRE.O,WisdomTree Emerging Markets Quality Dividend Gro,5,60,14,34,54,1.0,10.0,10.85,7.23,2.57,19.94
109,CIL.O,VictoryShares International Volatility Wtd Idx ETF,5,60,14,34,54,1.0,10.0,10.85,0.0,4.38,18.02
109,LOPP.K,Gabelli Love Our Planet & People ETF,5,60,14,34,54,1.0,10.0,10.85,3.95,3.75,17.55
109,OVF,Overlay Shares Foreign Equity ETF,5,60,14,34,54,1.0,10.0,10.85,11.03,2.07,16.94
109,ISZE.K,iShares MSCI Intl Size Factor ETF,5,60,14,34,54,1.0,10.0,10.85,0.0,2.64,16.8
109,EMDV.K,ProShares MSCI Emerging Markets Dividend Grwrs ETF,5,60,14,34,54,1.0,10.0,10.85,-1.5,2.94,19.07
109,MOTE.K,VanEck Morningstar ESG Moat ETF,5,60,14,34,54,1.0,10.0,10.85,0.0,3.79,18.16
109,DWAT.K,Arrow DWA Tactical: Macro ETF,5,60,14,34,54,1.0,10.0,10.85,0.0,3.04,17.46
109,UIVM.O,VictoryShares International Value Momentum ETF,5,60,14,34,54,1.0,10.0,10.85,1.9,1.29,17.59
109,DTRE.K,First Trust Alerian Disruptive Technology Real Est,5,60,14,34,54,1.0,10.0,10.85,28.39,4.01,18.49
109,RNEM.O,First Trust Emerging Markets Equity Select ETF,5,60,14,34,54,1.0,10.0,10.85,24.91,2.75,17.73
109,EFAS.O,Global X MSCI SuperDividend EAFE ETF,5,60,14,34,54,1.0,10.0,10.85,42.02,1.9,19.26
109,RSPE.K,Invesco ESG S&P 500 Equal Weight ETF,5,60,14,34,54,1.0,10.0,10.85,0.0,2.9,17.39
109,BMED.K,BlackRock Future Health ETF,5,60,14,34,54,1.0,10.0,10.85,7.43,2.13,18.1
109,OEUR.K,ALPS O'Shares Europe Quality Dividend ETF,5,60,14,34,54,1.0,10.0,10.85,0.0,4.1,17.39
109,GGM,GGM Macro Alignment ETF,5,60,14,34,54,1.0,10.0,10.85,7.68,3.42,19.1
109,FLAX.K,Franklin FTSE Asia ex Japan ETF,5,60,14,34,54,1.0,10.0,10.85,7.78,2.52,19.94
109,RUFF.K,Alpha Dog ETF,5,60,14,34,54,1.0,10.0,10.85,21.79,2.21,18.84
109,FDEM.K,Fidelity Emerging Markets Multifactor ETF,5,60,14,34,54,1.0,10.0,10.85,7.2,2.96,18.03
109,FJP.O,First Trust Japan AlphaDEX Fund,5,60,14,34,54,1.0,10.0,10.85,25.28,3.52,17.98
109,EFV,iShares MSCI EAFE Value ETF,5,60,14,34,54,1.0,10.0,10.85,24.12,3.44,19.23
109,IVLU.K,iShares MSCI Intl Value Factor ETF,5,60,14,34,54,1.0,10.0,10.85,45.44,3.38,18.51
109,RWO,SPDR Dow Jones Global Real Estate ETF,5,60,14,34,54,1.0,10.0,10.85,25.76,3.94,18.44
109,FYLD.K,Cambria Foreign Shareholder Yield ETF,5,60,14,34,54,1.0,10.0,10.85,9.36,2.47,18.05
109,DFIS.K,DFA Dimensional International Small Cap ETF,5,60,14,34,54,1.0,10.0,10.85,0.0,3.15,18.11
109,CTA,Simplify Managed Futures Strategy ETF,5,60,14,34,54,1.0,10.0,10.85,0.0,2.72,16.94
109,IDV,iShares International Select Dividend ETF,5,60,14,34,54,1.0,10.0,10.85,14.21,2.04,19.19
109,IYZ,iShares US Telecommunications ETF,5,60,14,34,54,1.0,10.0,10.85,0.0,2.72,18.43
109,VSGX.K,Vanguard ESG International Stock ETF,5,60,14,34,54,1.0,10.0,10.85,11.42,4.43,18.44
109,ANGL.O,VanEck Fallen Angel High Yield Bond ETF,5,60,14,34,54,1.0,10.0,10.85,6.23,2.88,19.34
109,HDEF.K,Xtrackers MSCI EAFE Hi Dv Yld Eq ETF,5,60,14,34,54,1.0,10.0,10.85,10.86,1.94,17.22
109,YMAX.K,YieldMax Universe Fund of Option Income ETFs,5,60,14,34,54,1.0,10.0,10.85,0.0,2.5,18.72
109,DGS,WisdomTree Emerging Markets SmallCap Dividend Fund,5,60,14,34,54,1.0,10.0,10.85,14.1,3.24,18.2
109,REET.K,iShares Global REIT ETF,5,60,14,34,54,1.0,10.0,10.85,27.7,1.43,18.76
109,DFAE.K,DFA Dimensional Emerging Core Equity Market ETF,5,60,14,34,54,1.0,10.0,10.85,4.02,2.84,17.07
109,FLJP.K,Franklin FTSE Japan ETF,5,60,14,34,54,1.0,10.0,10.85,13.42,3.7,17.19
109,DBC,Invesco DB Commodity Index Tracking Fund,5,60,14,34,54,1.0,10.0,10.85,6.6,1.9,17.12
109,IEUR.K,iShares Core MSCI Europe ETF,5,60,14,34,54,1.0,10.0,10.85,2.69,3.52,18.79
109,GQRE.K,FlexShares Global Quality Real Estate Index Fund,5,60,14,34,54,1.0,10.0,10.85,0.0,2.73,17.21
109,EEMS.K,iShares MSCI Emerging Markets Small-Cap ETF,5,60,14,34,54,1.0,10.0,10.85,14.0,3.79,18.75
109,DBP,Invesco DB Precious Metals Fund,5,60,14,34,54,1.0,10.0,10.85,0.0,4.3,17.68
109,FIVA.K,Fidelity International Value Factor ETF,5,60,14,34,54,1.0,10.0,10.85,48.03,2.27,18.41
109,IDOG.K,Alps Internatl Sector Dividends Dogs ETF,5,60,14,34,54,1.0,10.0,10.85,1.65,3.45,17.51
109,MOTI.K,VanEck Morningstar International Moat ETF,5,60,14,34,54,1.0,10.0,10.85,0.0,2.7,18.97
109,SPRE.K,SP Funds S&P Global REIT Sharia ETF,5,60,14,34,54,1.0,10.0,10.85,0.0,2.3,19.4
109,GWX,SPDR S&P International Small Cap ETF,5,60,14,34,54,1.0,10.0,10.85,0.0,3.63,17.87
109,EUO,ProShares UltraShort Euro,5,60,14,34,54,1.0,10.0,10.85,36.88,3.43,16.81
109,DTH,WisdomTree International High Dividend,5,60,14,34,54,1.0,10.0,10.85,18.89,2.43,18.59
109,DOL,WisdomTree International LargeCap Dividend Fund,5,60,14,34,54,1.0,10.0,10.85,0.0,3.65,18.03
109,DBB,Invesco DB Base Metals Fund,5,60,14,34,54,1.0,10.0,10.85,30.94,2.45,19.18
109,PID.O,Invesco International Dividend Achievers ETF,5,60,14,34,54,1.0,10.0,10.85,9.88,4.03,18.2
109,VIDI.K,Vident International Equity Strat ETF,5,60,14,34,54,1.0,10.0,10.85,-1.88,1.91,17.77
109,FGD,First Trust Dow Jones Global Select Dividend Ix Fd,5,60,14,34,54,1.0,10.0,10.85,17.79,2.65,18.54
109,INTF.K,iShares International Equity Factor ETF,5,60,14,34,54,1.0,10.0,10.85,0.0,3.8,17.7
109,JPEM.K,JPMorgan Diversified Return Emerging Mkts Eqty ETF,5,60,14,34,54,1.0,10.0,10.85,35.61,2.62,18.11
109,FDT.O,First Trust Developed Markets ex-US AlphaDEX Fund,5,60,14,34,54,1.0,10.0,10.85,9.84,2.73,18.34
109,EWX,SPDR S&P Emerging Markets Small Cap ETF,5,60,14,34,54,1.0,10.0,10.85,10.46,3.32,18.3
109,DWM,WisdomTree International Equity Fund,5,60,14,34,54,1.0,10.0,10.85,0.0,3.86,17.75
109,EQUL.K,IQ Engender Equality ETF,5,60,14,34,54,1.0,10.0,10.85,0.0,1.95,17.77
109,EWH,iShares MSCI Hong Kong ETF,5,60,14,34,54,1.0,10.0,10.85,-6.75,2.09,19.19
109,IEMG.K,iShares Core MSCI Emerging Markets ETF,5,60,14,34,54,1.0,10.0,10.85,6.76,3.1,19.55
109,FDEM.K,Fidelity Emerging Markets Multifactor ETF,5,60,14,39,54,1.0,10.0,9.65,17.05,2.96,18.03
109,FTXG.O,First Trust Nasdaq Food & Beverage ETF,5,60,14,39,54,1.0,10.0,9.65,-0.39,3.68,17.02
109,HEEM.K,iShares Currency Hedged MSCI Emerging Markets ETF,5,60,14,39,54,1.0,10.0,9.65,1.58,3.11,18.04
109,GDVD.K,Copper Place Global Dividend Growth ETF,5,60,14,39,54,1.0,10.0,9.65,31.81,2.23,20.03
109,RAYE.K,Rayliant Quantamental Emg Mrkt ex-China Eqty ETF,5,60,14,39,54,1.0,10.0,9.65,23.33,3.34,17.28
109,TOLZ.K,ProShares DJ Brookfield Global Infrastructure ETF,5,60,14,39,54,1.0,10.0,9.65,8.22,3.03,17.0
109,ROAM.K,Hartford Multifactor Emerging Markets ETF,5,60,14,39,54,1.0,10.0,9.65,23.47,1.62,18.74
109,RAAX.K,VanEck Inflation Allocation ETF,5,60,14,39,54,1.0,10.0,9.65,19.15,2.79,16.63
109,IQDY.K,FlexShares International Quality Div Dyn Idx,5,60,14,39,54,1.0,10.0,9.65,15.19,3.54,18.04
109,ASEA.K,Global X FTSE Southeast Asia ETF,5,60,14,39,54,1.0,10.0,9.65,13.61,1.84,18.25
109,DIM,WisdomTree International MidCap Dividend Fund,5,60,14,39,54,1.0,10.0,9.65,14.57,4.24,17.69
109,MKOR.K,Matthews Korea Active ETF,5,60,14,39,54,1.0,10.0,9.65,0.0,2.53,16.77
109,TLTE.K,FlexShares Morningstar Em Mkts Factors Tilt Idx,5,60,14,39,54,1.0,10.0,9.65,11.36,2.43,17.91
109,CVY,Invesco Zacks Multi-Asset Income ETF,5,60,14,39,54,1.0,10.0,9.65,12.1,4.25,18.14
109,EUDV.K,ProShares MSCI Europe Dividend Growers ETF,5,60,14,39,54,1.0,10.0,9.65,18.53,4.21,18.04
109,UEVM.O,VictoryShares Emerging Markets Value Momentum ETF,5,60,14,39,54,1.0,10.0,9.65,6.32,1.71,18.7
109,DIVY.K,Sound Equity Dividend Income ETF,5,60,14,39,54,1.0,10.0,9.65,10.09,3.26,18.75
109,VAMO.K,Cambria Value and Momentum ETF,5,60,14,39,54,1.0,10.0,9.65,4.06,3.21,18.44
109,ISVL.K,iShares Intl Developed Small Cap Value Factor ETF,5,60,14,39,54,1.0,10.0,9.65,5.96,3.17,17.27
109,IEUR.K,iShares Core MSCI Europe ETF,5,60,14,39,54,1.0,10.0,9.65,13.51,3.52,18.79
109,RNEM.O,First Trust Emerging Markets Equity Select ETF,5,60,14,39,54,1.0,10.0,9.65,17.68,2.75,17.73
109,UIVM.O,VictoryShares International Value Momentum ETF,5,60,14,39,54,1.0,10.0,9.65,7.21,1.29,17.59
109,EQUL.K,IQ Engender Equality ETF,5,60,14,39,54,1.0,10.0,9.65,0.0,1.95,17.77
109,LOPP.K,Gabelli Love Our Planet & People ETF,5,60,14,39,54,1.0,10.0,9.65,3.95,3.75,17.55
109,OVF,Overlay Shares Foreign Equity ETF,5,60,14,39,54,1.0,10.0,9.65,5.12,2.07,16.94
109,ISZE.K,iShares MSCI Intl Size Factor ETF,5,60,14,39,54,1.0,10.0,9.65,14.09,2.64,16.8
109,EMDV.K,ProShares MSCI Emerging Markets Dividend Grwrs ETF,5,60,14,39,54,1.0,10.0,9.65,11.48,2.94,19.07
109,MOTE.K,VanEck Morningstar ESG Moat ETF,5,60,14,39,54,1.0,10.0,9.65,0.0,3.79,18.16
109,DWAT.K,Arrow DWA Tactical: Macro ETF,5,60,14,39,54,1.0,10.0,9.65,7.84,3.04,17.46
109,CIL.O,VictoryShares International Volatility Wtd Idx ETF,5,60,14,39,54,1.0,10.0,9.65,22.19,4.38,18.02
109,RUFF.K,Alpha Dog ETF,5,60,14,39,54,1.0,10.0,9.65,21.79,2.21,18.84
109,DTRE.K,First Trust Alerian Disruptive Technology Real Est,5,60,14,39,54,1.0,10.0,9.65,10.91,4.01,18.49
109,EFAS.O,Global X MSCI SuperDividend EAFE ETF,5,60,14,39,54,1.0,10.0,9.65,3.14,1.9,19.26
109,RSPE.K,Invesco ESG S&P 500 Equal Weight ETF,5,60,14,39,54,1.0,10.0,9.65,0.0,2.9,17.39
109,BMED.K,BlackRock Future Health ETF,5,60,14,39,54,1.0,10.0,9.65,7.43,2.13,18.1
109,OEUR.K,ALPS O'Shares Europe Quality Dividend ETF,5,60,14,39,54,1.0,10.0,9.65,20.41,4.1,17.39
109,GGM,GGM Macro Alignment ETF,5,60,14,39,54,1.0,10.0,9.65,-0.11,3.42,19.1
109,FLAX.K,Franklin FTSE Asia ex Japan ETF,5,60,14,39,54,1.0,10.0,9.65,7.12,2.52,19.94
109,CVAR.K,Cultivar ETF,5,60,14,39,54,1.0,10.0,9.65,0.0,2.56,17.21
109,DGRE.O,WisdomTree Emerging Markets Quality Dividend Gro,5,60,14,39,54,1.0,10.0,9.65,7.23,2.57,19.94
109,EFV,iShares MSCI EAFE Value ETF,5,60,14,39,54,1.0,10.0,9.65,1.66,3.44,19.23
109,FJP.O,First Trust Japan AlphaDEX Fund,5,60,14,39,54,1.0,10.0,9.65,7.53,3.52,17.98
109,GQRE.K,FlexShares Global Quality Real Estate Index Fund,5,60,14,39,54,1.0,10.0,9.65,11.42,2.73,17.21
109,RWO,SPDR Dow Jones Global Real Estate ETF,5,60,14,39,54,1.0,10.0,9.65,11.68,3.94,18.44
109,FYLD.K,Cambria Foreign Shareholder Yield ETF,5,60,14,39,54,1.0,10.0,9.65,9.01,2.47,18.05
109,DFIS.K,DFA Dimensional International Small Cap ETF,5,60,14,39,54,1.0,10.0,9.65,0.0,3.15,18.11
109,CTA,Simplify Managed Futures Strategy ETF,5,60,14,39,54,1.0,10.0,9.65,0.0,2.72,16.94
109,IDV,iShares International Select Dividend ETF,5,60,14,39,54,1.0,10.0,9.65,11.1,2.04,19.19
109,IYZ,iShares US Telecommunications ETF,5,60,14,39,54,1.0,10.0,9.65,-1.78,2.72,18.43
109,VSGX.K,Vanguard ESG International Stock ETF,5,60,14,39,54,1.0,10.0,9.65,11.42,4.43,18.44
109,IVLU.K,iShares MSCI Intl Value Factor ETF,5,60,14,39,54,1.0,10.0,9.65,2.37,3.38,18.51
109,ANGL.O,VanEck Fallen Angel High Yield Bond ETF,5,60,14,39,54,1.0,10.0,9.65,6.23,2.88,19.34
109,YMAX.K,YieldMax Universe Fund of Option Income ETFs,5,60,14,39,54,1.0,10.0,9.65,0.0,2.5,18.72
109,DGS,WisdomTree Emerging Markets SmallCap Dividend Fund,5,60,14,39,54,1.0,10.0,9.65,21.18,3.24,18.2
109,REET.K,iShares Global REIT ETF,5,60,14,39,54,1.0,10.0,9.65,23.3,1.43,18.76
109,DFAE.K,DFA Dimensional Emerging Core Equity Market ETF,5,60,14,39,54,1.0,10.0,9.65,4.02,2.84,17.07
109,FLJP.K,Franklin FTSE Japan ETF,5,60,14,39,54,1.0,10.0,9.65,13.42,3.7,17.19
109,DBC,Invesco DB Commodity Index Tracking Fund,5,60,14,39,54,1.0,10.0,9.65,6.6,1.9,17.12
109,VXUS.O,Vanguard Total International Stock Index Fund;ETF,5,60,14,39,54,1.0,10.0,9.65,9.73,3.47,17.94
109,HDEF.K,Xtrackers MSCI EAFE Hi Dv Yld Eq ETF,5,60,14,39,54,1.0,10.0,9.65,29.54,1.94,17.22
109,EEMS.K,iShares MSCI Emerging Markets Small-Cap ETF,5,60,14,39,54,1.0,10.0,9.65,8.26,3.79,18.75
109,PID.O,Invesco International Dividend Achievers ETF,5,60,14,39,54,1.0,10.0,9.65,12.85,4.03,18.2
109,DOL,WisdomTree International LargeCap Dividend Fund,5,60,14,39,54,1.0,10.0,9.65,8.35,3.65,18.03
109,DBP,Invesco DB Precious Metals Fund,5,60,14,39,54,1.0,10.0,9.65,0.21,4.3,17.68
109,IDOG.K,Alps Internatl Sector Dividends Dogs ETF,5,60,14,39,54,1.0,10.0,9.65,11.52,3.45,17.51
109,MOTI.K,VanEck Morningstar International Moat ETF,5,60,14,39,54,1.0,10.0,9.65,11.29,2.7,18.97
109,SPRE.K,SP Funds S&P Global REIT Sharia ETF,5,60,14,39,54,1.0,10.0,9.65,20.96,2.3,19.4
109,GWX,SPDR S&P International Small Cap ETF,5,60,14,39,54,1.0,10.0,9.65,6.11,3.63,17.87
109,EUO,ProShares UltraShort Euro,5,60,14,39,54,1.0,10.0,9.65,26.07,3.43,16.81
109,DTH,WisdomTree International High Dividend,5,60,14,39,54,1.0,10.0,9.65,11.82,2.43,18.59
109,FIVA.K,Fidelity International Value Factor ETF,5,60,14,39,54,1.0,10.0,9.65,0.57,2.27,18.41
109,DWM,WisdomTree International Equity Fund,5,60,14,39,54,1.0,10.0,9.65,11.91,3.86,17.75
109,DBB,Invesco DB Base Metals Fund,5,60,14,39,54,1.0,10.0,9.65,-1.95,2.45,19.18
109,VIDI.K,Vident International Equity Strat ETF,5,60,14,39,54,1.0,10.0,9.65,2.53,1.91,17.77
109,FGD,First Trust Dow Jones Global Select Dividend Ix Fd,5,60,14,39,54,1.0,10.0,9.65,12.41,2.65,18.54
109,INTF.K,iShares International Equity Factor ETF,5,60,14,39,54,1.0,10.0,9.65,9.63,3.8,17.7
109,JPEM.K,JPMorgan Diversified Return Emerging Mkts Eqty ETF,5,60,14,39,54,1.0,10.0,9.65,20.02,2.62,18.11
109,FDT.O,First Trust Developed Markets ex-US AlphaDEX Fund,5,60,14,39,54,1.0,10.0,9.65,10.38,2.73,18.34
109,EWX,SPDR S&P Emerging Markets Small Cap ETF,5,60,14,39,54,1.0,10.0,9.65,9.24,3.32,18.3
109,EWH,iShares MSCI Hong Kong ETF,5,60,14,39,54,1.0,10.0,9.65,0.08,2.09,19.19
109,IEMG.K,iShares Core MSCI Emerging Markets ETF,5,60,14,39,54,1.0,10.0,9.65,3.94,3.1,19.55
109,FLDZ.K,RiverNorth Patriot ETF,5,60,14,39,54,1.0,10.0,9.65,0.0,3.8,18.08
109,IDOG.K,Alps Internatl Sector Dividends Dogs ETF,5,120,14,44,59,1.0,10.0,9.63,4.65,3.45,17.51
109,RAYE.K,Rayliant Quantamental Emg Mrkt ex-China Eqty ETF,5,120,14,44,59,1.0,10.0,9.63,24.43,3.34,17.28
109,TOLZ.K,ProShares DJ Brookfield Global Infrastructure ETF,5,120,14,44,59,1.0,10.0,9.63,14.33,3.03,17.0
109,ROAM.K,Hartford Multifactor Emerging Markets ETF,5,120,14,44,59,1.0,10.0,9.63,8.24,1.62,18.74
109,RAAX.K,VanEck Inflation Allocation ETF,5,120,14,44,59,1.0,10.0,9.63,-1.4,2.79,16.63
109,IQDY.K,FlexShares International Quality Div Dyn Idx,5,120,14,44,59,1.0,10.0,9.63,6.38,3.54,18.04
109,ASEA.K,Global X FTSE Southeast Asia ETF,5,120,14,44,59,1.0,10.0,9.63,1.2,1.84,18.25
109,DIM,WisdomTree International MidCap Dividend Fund,5,120,14,44,59,1.0,10.0,9.63,8.62,4.24,17.69
109,MKOR.K,Matthews Korea Active ETF,5,120,14,44,59,1.0,10.0,9.63,0.0,2.53,16.77
109,TLTE.K,FlexShares Morningstar Em Mkts Factors Tilt Idx,5,120,14,44,59,1.0,10.0,9.63,10.88,2.43,17.91
109,CVY,Invesco Zacks Multi-Asset Income ETF,5,120,14,44,59,1.0,10.0,9.63,8.93,4.25,18.14
109,EUDV.K,ProShares MSCI Europe Dividend Growers ETF,5,120,14,44,59,1.0,10.0,9.63,18.8,4.21,18.04
109,UEVM.O,VictoryShares Emerging Markets Value Momentum ETF,5,120,14,44,59,1.0,10.0,9.63,7.61,1.71,18.7
109,DIVY.K,Sound Equity Dividend Income ETF,5,120,14,44,59,1.0,10.0,9.63,5.66,3.26,18.75
109,VAMO.K,Cambria Value and Momentum ETF,5,120,14,44,59,1.0,10.0,9.63,8.41,3.21,18.44
109,FDEM.K,Fidelity Emerging Markets Multifactor ETF,5,120,14,44,59,1.0,10.0,9.63,18.11,2.96,18.03
109,DGRE.O,WisdomTree Emerging Markets Quality Dividend Gro,5,120,14,44,59,1.0,10.0,9.63,12.43,2.57,19.94
109,FJP.O,First Trust Japan AlphaDEX Fund,5,120,14,44,59,1.0,10.0,9.63,14.41,3.52,17.98
109,GDVD.K,Copper Place Global Dividend Growth ETF,5,120,14,44,59,1.0,10.0,9.63,8.51,2.23,20.03
109,HEEM.K,iShares Currency Hedged MSCI Emerging Markets ETF,5,120,14,44,59,1.0,10.0,9.63,7.98,3.11,18.04
109,FTXG.O,First Trust Nasdaq Food & Beverage ETF,5,120,14,44,59,1.0,10.0,9.63,2.25,3.68,17.02
109,EFAS.O,Global X MSCI SuperDividend EAFE ETF,5,120,14,44,59,1.0,10.0,9.63,5.73,1.9,19.26
109,ISZE.K,iShares MSCI Intl Size Factor ETF,5,120,14,44,59,1.0,10.0,9.63,8.71,2.64,16.8
109,EMDV.K,ProShares MSCI Emerging Markets Dividend Grwrs ETF,5,120,14,44,59,1.0,10.0,9.63,4.43,2.94,19.07
109,MOTE.K,VanEck Morningstar ESG Moat ETF,5,120,14,44,59,1.0,10.0,9.63,15.38,3.79,18.16
109,DWAT.K,Arrow DWA Tactical: Macro ETF,5,120,14,44,59,1.0,10.0,9.63,18.53,3.04,17.46
109,UIVM.O,VictoryShares International Value Momentum ETF,5,120,14,44,59,1.0,10.0,9.63,7.42,1.29,17.59
109,CIL.O,VictoryShares International Volatility Wtd Idx ETF,5,120,14,44,59,1.0,10.0,9.63,15.56,4.38,18.02
109,DTRE.K,First Trust Alerian Disruptive Technology Real Est,5,120,14,44,59,1.0,10.0,9.63,12.22,4.01,18.49
109,RSPE.K,Invesco ESG S&P 500 Equal Weight ETF,5,120,14,44,59,1.0,10.0,9.63,48.03,2.9,17.39
109,ISVL.K,iShares Intl Developed Small Cap Value Factor ETF,5,120,14,44,59,1.0,10.0,9.63,13.31,3.17,17.27
109,BMED.K,BlackRock Future Health ETF,5,120,14,44,59,1.0,10.0,9.63,5.49,2.13,18.1
109,OEUR.K,ALPS O'Shares Europe Quality Dividend ETF,5,120,14,44,59,1.0,10.0,9.63,22.44,4.1,17.39
109,GGM,GGM Macro Alignment ETF,5,120,14,44,59,1.0,10.0,9.63,0.73,3.42,19.1
109,FLAX.K,Franklin FTSE Asia ex Japan ETF,5,120,14,44,59,1.0,10.0,9.63,8.21,2.52,19.94
109,RUFF.K,Alpha Dog ETF,5,120,14,44,59,1.0,10.0,9.63,28.73,2.21,18.84
109,RNEM.O,First Trust Emerging Markets Equity Select ETF,5,120,14,44,59,1.0,10.0,9.63,1.49,2.75,17.73
109,CVAR.K,Cultivar ETF,5,120,14,44,59,1.0,10.0,9.63,6.5,2.56,17.21
109,DBP,Invesco DB Precious Metals Fund,5,120,14,44,59,1.0,10.0,9.63,0.06,4.3,17.68
109,MOTI.K,VanEck Morningstar International Moat ETF,5,120,14,44,59,1.0,10.0,9.63,6.59,2.7,18.97
109,FLDZ.K,RiverNorth Patriot ETF,5,120,14,44,59,1.0,10.0,9.63,23.49,3.8,18.08
109,SPRE.K,SP Funds S&P Global REIT Sharia ETF,5,120,14,44,59,1.0,10.0,9.63,-0.59,2.3,19.4
109,CTA,Simplify Managed Futures Strategy ETF,5,120,14,44,59,1.0,10.0,9.63,0.0,2.72,16.94
109,IDV,iShares International Select Dividend ETF,5,120,14,44,59,1.0,10.0,9.63,2.97,2.04,19.19
109,IYZ,iShares US Telecommunications ETF,5,120,14,44,59,1.0,10.0,9.63,2.6,2.72,18.43
109,VSGX.K,Vanguard ESG International Stock ETF,5,120,14,44,59,1.0,10.0,9.63,11.89,4.43,18.44
109,IVLU.K,iShares MSCI Intl Value Factor ETF,5,120,14,44,59,1.0,10.0,9.63,10.63,3.38,18.51
109,ANGL.O,VanEck Fallen Angel High Yield Bond ETF,5,120,14,44,59,1.0,10.0,9.63,7.76,2.88,19.34
109,YMAX.K,YieldMax Universe Fund of Option Income ETFs,5,120,14,44,59,1.0,10.0,9.63,0.0,2.5,18.72
109,DGS,WisdomTree Emerging Markets SmallCap Dividend Fund,5,120,14,44,59,1.0,10.0,9.63,4.79,3.24,18.2
109,REET.K,iShares Global REIT ETF,5,120,14,44,59,1.0,10.0,9.63,11.9,1.43,18.76
109,DFAE.K,DFA Dimensional Emerging Core Equity Market ETF,5,120,14,44,59,1.0,10.0,9.63,11.21,2.84,17.07
109,FLJP.K,Franklin FTSE Japan ETF,5,120,14,44,59,1.0,10.0,9.63,10.36,3.7,17.19
109,DBC,Invesco DB Commodity Index Tracking Fund,5,120,14,44,59,1.0,10.0,9.63,-5.87,1.9,17.12
109,IEUR.K,iShares Core MSCI Europe ETF,5,120,14,44,59,1.0,10.0,9.63,11.17,3.52,18.79
109,EWH,iShares MSCI Hong Kong ETF,5,120,14,44,59,1.0,10.0,9.63,6.15,2.09,19.19
109,EFV,iShares MSCI EAFE Value ETF,5,120,14,44,59,1.0,10.0,9.63,5.05,3.44,19.23
109,VXUS.O,Vanguard Total International Stock Index Fund;ETF,5,120,14,44,59,1.0,10.0,9.63,15.07,3.47,17.94
109,IEMG.K,iShares Core MSCI Emerging Markets ETF,5,120,14,44,59,1.0,10.0,9.63,11.53,3.1,19.55
109,DFIS.K,DFA Dimensional International Small Cap ETF,5,120,14,44,59,1.0,10.0,9.63,27.69,3.15,18.11
109,FYLD.K,Cambria Foreign Shareholder Yield ETF,5,120,14,44,59,1.0,10.0,9.63,6.61,2.47,18.05
109,RWO,SPDR Dow Jones Global Real Estate ETF,5,120,14,44,59,1.0,10.0,9.63,11.22,3.94,18.44
109,FGD,First Trust Dow Jones Global Select Dividend Ix Fd,5,120,14,44,59,1.0,10.0,9.63,4.98,2.65,18.54
109,GWX,SPDR S&P International Small Cap ETF,5,120,14,44,59,1.0,10.0,9.63,7.25,3.63,17.87
109,EUO,ProShares UltraShort Euro,5,120,14,44,59,1.0,10.0,9.63,21.36,3.43,16.81
109,DTH,WisdomTree International High Dividend,5,120,14,44,59,1.0,10.0,9.63,7.42,2.43,18.59
109,DOL,WisdomTree International LargeCap Dividend Fund,5,120,14,44,59,1.0,10.0,9.63,13.61,3.65,18.03
109,FIVA.K,Fidelity International Value Factor ETF,5,120,14,44,59,1.0,10.0,9.63,8.97,2.27,18.41
109,DBB,Invesco DB Base Metals Fund,5,120,14,44,59,1.0,10.0,9.63,-1.12,2.45,19.18
109,VIDI.K,Vident International Equity Strat ETF,5,120,14,44,59,1.0,10.0,9.63,4.4,1.91,17.77
109,INTF.K,iShares International Equity Factor ETF,5,120,14,44,59,1.0,10.0,9.63,17.56,3.8,17.7
109,GQRE.K,FlexShares Global Quality Real Estate Index Fund,5,120,14,44,59,1.0,10.0,9.63,10.54,2.73,17.21
109,JPEM.K,JPMorgan Diversified Return Emerging Mkts Eqty ETF,5,120,14,44,59,1.0,10.0,9.63,8.3,2.62,18.11
109,FDT.O,First Trust Developed Markets ex-US AlphaDEX Fund,5,120,14,44,59,1.0,10.0,9.63,12.33,2.73,18.34
109,EWX,SPDR S&P Emerging Markets Small Cap ETF,5,120,14,44,59,1.0,10.0,9.63,10.14,3.32,18.3
109,DWM,WisdomTree International Equity Fund,5,120,14,44,59,1.0,10.0,9.63,9.7,3.86,17.75
109,PID.O,Invesco International Dividend Achievers ETF,5,120,14,44,59,1.0,10.0,9.63,13.44,4.03,18.2
109,EEMS.K,iShares MSCI Emerging Markets Small-Cap ETF,5,120,14,44,59,1.0,10.0,9.63,12.55,3.79,18.75
109,HDEF.K,Xtrackers MSCI EAFE Hi Dv Yld Eq ETF,5,120,14,44,59,1.0,10.0,9.63,7.65,1.94,17.22
109,EQUL.K,IQ Engender Equality ETF,5,120,14,44,59,1.0,10.0,9.63,0.0,1.95,17.77
109,LOPP.K,Gabelli Love Our Planet & People ETF,5,120,14,44,59,1.0,10.0,9.63,2.38,3.75,17.55
109,OVF,Overlay Shares Foreign Equity ETF,5,120,14,44,59,1.0,10.0,9.63,12.41,2.07,16.94
109,GQRE.K,FlexShares Global Quality Real Estate Index Fund,5,120,14,39,64,1.0,10.0,9.59,5.04,2.73,17.21
109,EEMS.K,iShares MSCI Emerging Markets Small-Cap ETF,5,120,14,39,64,1.0,10.0,9.59,21.3,3.79,18.75
109,PID.O,Invesco International Dividend Achievers ETF,5,120,14,39,64,1.0,10.0,9.59,15.79,4.03,18.2
109,DWM,WisdomTree International Equity Fund,5,120,14,39,64,1.0,10.0,9.59,11.65,3.86,17.75
109,EWX,SPDR S&P Emerging Markets Small Cap ETF,5,120,14,39,64,1.0,10.0,9.59,5.16,3.32,18.3
109,FDT.O,First Trust Developed Markets ex-US AlphaDEX Fund,5,120,14,39,64,1.0,10.0,9.59,15.82,2.73,18.34
109,JPEM.K,JPMorgan Diversified Return Emerging Mkts Eqty ETF,5,120,14,39,64,1.0,10.0,9.59,13.92,2.62,18.11
109,INTF.K,iShares International Equity Factor ETF,5,120,14,39,64,1.0,10.0,9.59,15.5,3.8,17.7
109,FGD,First Trust Dow Jones Global Select Dividend Ix Fd,5,120,14,39,64,1.0,10.0,9.59,7.83,2.65,18.54
109,VIDI.K,Vident International Equity Strat ETF,5,120,14,39,64,1.0,10.0,9.59,5.51,1.91,17.77
109,DBB,Invesco DB Base Metals Fund,5,120,14,39,64,1.0,10.0,9.59,3.47,2.45,19.18
109,FIVA.K,Fidelity International Value Factor ETF,5,120,14,39,64,1.0,10.0,9.59,7.39,2.27,18.41
109,DOL,WisdomTree International LargeCap Dividend Fund,5,120,14,39,64,1.0,10.0,9.59,5.2,3.65,18.03
109,DTH,WisdomTree International High Dividend,5,120,14,39,64,1.0,10.0,9.59,6.61,2.43,18.59
109,EUO,ProShares UltraShort Euro,5,120,14,39,64,1.0,10.0,9.59,10.17,3.43,16.81
109,GWX,SPDR S&P International Small Cap ETF,5,120,14,39,64,1.0,10.0,9.59,12.29,3.63,17.87
109,SPRE.K,SP Funds S&P Global REIT Sharia ETF,5,120,14,39,64,1.0,10.0,9.59,0.0,2.3,19.4
109,MOTI.K,VanEck Morningstar International Moat ETF,5,120,14,39,64,1.0,10.0,9.59,7.0,2.7,18.97
109,HDEF.K,Xtrackers MSCI EAFE Hi Dv Yld Eq ETF,5,120,14,39,64,1.0,10.0,9.59,12.48,1.94,17.22
109,RWO,SPDR Dow Jones Global Real Estate ETF,5,120,14,39,64,1.0,10.0,9.59,35.11,3.94,18.44
109,DBP,Invesco DB Precious Metals Fund,5,120,14,39,64,1.0,10.0,9.59,-1.28,4.3,17.68
109,FYLD.K,Cambria Foreign Shareholder Yield ETF,5,120,14,39,64,1.0,10.0,9.59,5.74,2.47,18.05
109,VXUS.O,Vanguard Total International Stock Index Fund;ETF,5,120,14,39,64,1.0,10.0,9.59,12.75,3.47,17.94
109,EFV,iShares MSCI EAFE Value ETF,5,120,14,39,64,1.0,10.0,9.59,26.7,3.44,19.23
109,EWH,iShares MSCI Hong Kong ETF,5,120,14,39,64,1.0,10.0,9.59,-27.96,2.09,19.19
109,IEUR.K,iShares Core MSCI Europe ETF,5,120,14,39,64,1.0,10.0,9.59,27.53,3.52,18.79
109,DBC,Invesco DB Commodity Index Tracking Fund,5,120,14,39,64,1.0,10.0,9.59,-0.39,1.9,17.12
109,FLJP.K,Franklin FTSE Japan ETF,5,120,14,39,64,1.0,10.0,9.59,14.38,3.7,17.19
109,DFAE.K,DFA Dimensional Emerging Core Equity Market ETF,5,120,14,39,64,1.0,10.0,9.59,11.21,2.84,17.07
109,REET.K,iShares Global REIT ETF,5,120,14,39,64,1.0,10.0,9.59,33.48,1.43,18.76
109,DGS,WisdomTree Emerging Markets SmallCap Dividend Fund,5,120,14,39,64,1.0,10.0,9.59,15.95,3.24,18.2
109,YMAX.K,YieldMax Universe Fund of Option Income ETFs,5,120,14,39,64,1.0,10.0,9.59,0.0,2.5,18.72
109,ANGL.O,VanEck Fallen Angel High Yield Bond ETF,5,120,14,39,64,1.0,10.0,9.59,8.99,2.88,19.34
109,IVLU.K,iShares MSCI Intl Value Factor ETF,5,120,14,39,64,1.0,10.0,9.59,28.3,3.38,18.51
109,VSGX.K,Vanguard ESG International Stock ETF,5,120,14,39,64,1.0,10.0,9.59,11.89,4.43,18.44
109,IYZ,iShares US Telecommunications ETF,5,120,14,39,64,1.0,10.0,9.59,2.24,2.72,18.43
109,IDV,iShares International Select Dividend ETF,5,120,14,39,64,1.0,10.0,9.59,5.33,2.04,19.19
109,CTA,Simplify Managed Futures Strategy ETF,5,120,14,39,64,1.0,10.0,9.59,0.0,2.72,16.94
109,DFIS.K,DFA Dimensional International Small Cap ETF,5,120,14,39,64,1.0,10.0,9.59,0.0,3.15,18.11
109,IDOG.K,Alps Internatl Sector Dividends Dogs ETF,5,120,14,39,64,1.0,10.0,9.59,7.52,3.45,17.51
109,FJP.O,First Trust Japan AlphaDEX Fund,5,120,14,39,64,1.0,10.0,9.59,2.61,3.52,17.98
109,LOPP.K,Gabelli Love Our Planet & People ETF,5,120,14,39,64,1.0,10.0,9.59,4.75,3.75,17.55
109,CVAR.K,Cultivar ETF,5,120,14,39,64,1.0,10.0,9.59,0.0,2.56,17.21
109,RUFF.K,Alpha Dog ETF,5,120,14,39,64,1.0,10.0,9.59,29.26,2.21,18.84
109,FLAX.K,Franklin FTSE Asia ex Japan ETF,5,120,14,39,64,1.0,10.0,9.59,15.03,2.52,19.94
109,GGM,GGM Macro Alignment ETF,5,120,14,39,64,1.0,10.0,9.59,0.84,3.42,19.1
109,OEUR.K,ALPS O'Shares Europe Quality Dividend ETF,5,120,14,39,64,1.0,10.0,9.59,0.0,4.1,17.39
109,BMED.K,BlackRock Future Health ETF,5,120,14,39,64,1.0,10.0,9.59,5.49,2.13,18.1
109,RSPE.K,Invesco ESG S&P 500 Equal Weight ETF,5,120,14,39,64,1.0,10.0,9.59,0.0,2.9,17.39
109,EFAS.O,Global X MSCI SuperDividend EAFE ETF,5,120,14,39,64,1.0,10.0,9.59,-1.2,1.9,19.26
109,DTRE.K,First Trust Alerian Disruptive Technology Real Est,5,120,14,39,64,1.0,10.0,9.59,38.33,4.01,18.49
109,CIL.O,VictoryShares International Volatility Wtd Idx ETF,5,120,14,39,64,1.0,10.0,9.59,11.17,4.38,18.02
109,UIVM.O,VictoryShares International Value Momentum ETF,5,120,14,39,64,1.0,10.0,9.59,9.49,1.29,17.59
109,DWAT.K,Arrow DWA Tactical: Macro ETF,5,120,14,39,64,1.0,10.0,9.59,9.81,3.04,17.46
109,MOTE.K,VanEck Morningstar ESG Moat ETF,5,120,14,39,64,1.0,10.0,9.59,0.0,3.79,18.16
109,EMDV.K,ProShares MSCI Emerging Markets Dividend Grwrs ETF,5,120,14,39,64,1.0,10.0,9.59,0.0,2.94,19.07
109,ISZE.K,iShares MSCI Intl Size Factor ETF,5,120,14,39,64,1.0,10.0,9.59,7.42,2.64,16.8
109,OVF,Overlay Shares Foreign Equity ETF,5,120,14,39,64,1.0,10.0,9.59,12.41,2.07,16.94
109,FLDZ.K,RiverNorth Patriot ETF,5,120,14,39,64,1.0,10.0,9.59,0.0,3.8,18.08
109,EQUL.K,IQ Engender Equality ETF,5,120,14,39,64,1.0,10.0,9.59,0.0,1.95,17.77
109,RNEM.O,First Trust Emerging Markets Equity Select ETF,5,120,14,39,64,1.0,10.0,9.59,5.22,2.75,17.73
109,ISVL.K,iShares Intl Developed Small Cap Value Factor ETF,5,120,14,39,64,1.0,10.0,9.59,11.91,3.17,17.27
109,DGRE.O,WisdomTree Emerging Markets Quality Dividend Gro,5,120,14,39,64,1.0,10.0,9.59,17.66,2.57,19.94
109,FTXG.O,First Trust Nasdaq Food & Beverage ETF,5,120,14,39,64,1.0,10.0,9.59,0.0,3.68,17.02
109,FDEM.K,Fidelity Emerging Markets Multifactor ETF,5,120,14,39,64,1.0,10.0,9.59,19.27,2.96,18.03
109,VAMO.K,Cambria Value and Momentum ETF,5,120,14,39,64,1.0,10.0,9.59,8.27,3.21,18.44
109,DIVY.K,Sound Equity Dividend Income ETF,5,120,14,39,64,1.0,10.0,9.59,4.22,3.26,18.75
109,UEVM.O,VictoryShares Emerging Markets Value Momentum ETF,5,120,14,39,64,1.0,10.0,9.59,5.45,1.71,18.7
109,EUDV.K,ProShares MSCI Europe Dividend Growers ETF,5,120,14,39,64,1.0,10.0,9.59,18.8,4.21,18.04
109,CVY,Invesco Zacks Multi-Asset Income ETF,5,120,14,39,64,1.0,10.0,9.59,22.37,4.25,18.14
109,TLTE.K,FlexShares Morningstar Em Mkts Factors Tilt Idx,5,120,14,39,64,1.0,10.0,9.59,22.51,2.43,17.91
109,MKOR.K,Matthews Korea Active ETF,5,120,14,39,64,1.0,10.0,9.59,0.0,2.53,16.77
109,DIM,WisdomTree International MidCap Dividend Fund,5,120,14,39,64,1.0,10.0,9.59,12.0,4.24,17.69
109,ASEA.K,Global X FTSE Southeast Asia ETF,5,120,14,39,64,1.0,10.0,9.59,6.24,1.84,18.25
109,IQDY.K,FlexShares International Quality Div Dyn Idx,5,120,14,39,64,1.0,10.0,9.59,6.65,3.54,18.04
109,RAAX.K,VanEck Inflation Allocation ETF,5,120,14,39,64,1.0,10.0,9.59,0.09,2.79,16.63
109,ROAM.K,Hartford Multifactor Emerging Markets ETF,5,120,14,39,64,1.0,10.0,9.59,19.15,1.62,18.74
109,TOLZ.K,ProShares DJ Brookfield Global Infrastructure ETF,5,120,14,39,64,1.0,10.0,9.59,5.95,3.03,17.0
109,RAYE.K,Rayliant Quantamental Emg Mrkt ex-China Eqty ETF,5,120,14,39,64,1.0,10.0,9.59,23.59,3.34,17.28
109,GDVD.K,Copper Place Global Dividend Growth ETF,5,120,14,39,64,1.0,10.0,9.59,0.0,2.23,20.03
109,HEEM.K,iShares Currency Hedged MSCI Emerging Markets ETF,5,120,14,39,64,1.0,10.0,9.59,10.49,3.11,18.04
109,IEMG.K,iShares Core MSCI Emerging Markets ETF,5,120,14,39,64,1.0,10.0,9.59,21.28,3.1,19.55
109,FLDZ.K,RiverNorth Patriot ETF,5,120,14,49,54,1.0,10.0,9.55,76.13,3.8,18.08
109,EQUL.K,IQ Engender Equality ETF,5,120,14,49,54,1.0,10.0,9.55,9.5,1.95,17.77
109,ISVL.K,iShares Intl Developed Small Cap Value Factor ETF,5,120,14,49,54,1.0,10.0,9.55,9.58,3.17,17.27
109,HEEM.K,iShares Currency Hedged MSCI Emerging Markets ETF,5,120,14,49,54,1.0,10.0,9.55,8.95,3.11,18.04
109,GDVD.K,Copper Place Global Dividend Growth ETF,5,120,14,49,54,1.0,10.0,9.55,9.93,2.23,20.03
109,RAYE.K,Rayliant Quantamental Emg Mrkt ex-China Eqty ETF,5,120,14,49,54,1.0,10.0,9.55,20.79,3.34,17.28
109,TOLZ.K,ProShares DJ Brookfield Global Infrastructure ETF,5,120,14,49,54,1.0,10.0,9.55,5.8,3.03,17.0
109,ROAM.K,Hartford Multifactor Emerging Markets ETF,5,120,14,49,54,1.0,10.0,9.55,7.4,1.62,18.74
109,RAAX.K,VanEck Inflation Allocation ETF,5,120,14,49,54,1.0,10.0,9.55,-1.98,2.79,16.63
109,IQDY.K,FlexShares International Quality Div Dyn Idx,5,120,14,49,54,1.0,10.0,9.55,7.7,3.54,18.04
109,ASEA.K,Global X FTSE Southeast Asia ETF,5,120,14,49,54,1.0,10.0,9.55,3.78,1.84,18.25
109,DIM,WisdomTree International MidCap Dividend Fund,5,120,14,49,54,1.0,10.0,9.55,10.12,4.24,17.69
109,MKOR.K,Matthews Korea Active ETF,5,120,14,49,54,1.0,10.0,9.55,0.0,2.53,16.77
109,TLTE.K,FlexShares Morningstar Em Mkts Factors Tilt Idx,5,120,14,49,54,1.0,10.0,9.55,8.29,2.43,17.91
109,CVY,Invesco Zacks Multi-Asset Income ETF,5,120,14,49,54,1.0,10.0,9.55,6.97,4.25,18.14
109,EUDV.K,ProShares MSCI Europe Dividend Growers ETF,5,120,14,49,54,1.0,10.0,9.55,26.91,4.21,18.04
109,UEVM.O,VictoryShares Emerging Markets Value Momentum ETF,5,120,14,49,54,1.0,10.0,9.55,6.05,1.71,18.7
109,DIVY.K,Sound Equity Dividend Income ETF,5,120,14,49,54,1.0,10.0,9.55,6.61,3.26,18.75
109,VAMO.K,Cambria Value and Momentum ETF,5,120,14,49,54,1.0,10.0,9.55,5.29,3.21,18.44
109,FDEM.K,Fidelity Emerging Markets Multifactor ETF,5,120,14,49,54,1.0,10.0,9.55,13.43,2.96,18.03
109,FTXG.O,First Trust Nasdaq Food & Beverage ETF,5,120,14,49,54,1.0,10.0,9.55,1.96,3.68,17.02
109,CVAR.K,Cultivar ETF,5,120,14,49,54,1.0,10.0,9.55,5.13,2.56,17.21
109,DBP,Invesco DB Precious Metals Fund,5,120,14,49,54,1.0,10.0,9.55,1.28,4.3,17.68
109,RNEM.O,First Trust Emerging Markets Equity Select ETF,5,120,14,49,54,1.0,10.0,9.55,5.76,2.75,17.73
109,IEMG.K,iShares Core MSCI Emerging Markets ETF,5,120,14,49,54,1.0,10.0,9.55,12.53,3.1,19.55
109,LOPP.K,Gabelli Love Our Planet & People ETF,5,120,14,49,54,1.0,10.0,9.55,2.17,3.75,17.55
109,OVF,Overlay Shares Foreign Equity ETF,5,120,14,49,54,1.0,10.0,9.55,10.33,2.07,16.94
109,ISZE.K,iShares MSCI Intl Size Factor ETF,5,120,14,49,54,1.0,10.0,9.55,10.67,2.64,16.8
109,EMDV.K,ProShares MSCI Emerging Markets Dividend Grwrs ETF,5,120,14,49,54,1.0,10.0,9.55,3.31,2.94,19.07
109,MOTE.K,VanEck Morningstar ESG Moat ETF,5,120,14,49,54,1.0,10.0,9.55,28.58,3.79,18.16
109,DWAT.K,Arrow DWA Tactical: Macro ETF,5,120,14,49,54,1.0,10.0,9.55,0.76,3.04,17.46
109,UIVM.O,VictoryShares International Value Momentum ETF,5,120,14,49,54,1.0,10.0,9.55,4.76,1.29,17.59
109,CIL.O,VictoryShares International Volatility Wtd Idx ETF,5,120,14,49,54,1.0,10.0,9.55,16.65,4.38,18.02
109,DTRE.K,First Trust Alerian Disruptive Technology Real Est,5,120,14,49,54,1.0,10.0,9.55,11.45,4.01,18.49
109,EFAS.O,Global X MSCI SuperDividend EAFE ETF,5,120,14,49,54,1.0,10.0,9.55,1.74,1.9,19.26
109,RSPE.K,Invesco ESG S&P 500 Equal Weight ETF,5,120,14,49,54,1.0,10.0,9.55,44.41,2.9,17.39
109,BMED.K,BlackRock Future Health ETF,5,120,14,49,54,1.0,10.0,9.55,6.67,2.13,18.1
109,OEUR.K,ALPS O'Shares Europe Quality Dividend ETF,5,120,14,49,54,1.0,10.0,9.55,12.49,4.1,17.39
109,GGM,GGM Macro Alignment ETF,5,120,14,49,54,1.0,10.0,9.55,-3.74,3.42,19.1
109,FLAX.K,Franklin FTSE Asia ex Japan ETF,5,120,14,49,54,1.0,10.0,9.55,5.38,2.52,19.94
109,RUFF.K,Alpha Dog ETF,5,120,14,49,54,1.0,10.0,9.55,22.91,2.21,18.84
109,FJP.O,First Trust Japan AlphaDEX Fund,5,120,14,49,54,1.0,10.0,9.55,8.33,3.52,17.98
109,DGRE.O,WisdomTree Emerging Markets Quality Dividend Gro,5,120,14,49,54,1.0,10.0,9.55,7.36,2.57,19.94
109,IDOG.K,Alps Internatl Sector Dividends Dogs ETF,5,120,14,49,54,1.0,10.0,9.55,4.07,3.45,17.51
109,RWO,SPDR Dow Jones Global Real Estate ETF,5,120,14,49,54,1.0,10.0,9.55,12.11,3.94,18.44
109,DFIS.K,DFA Dimensional International Small Cap ETF,5,120,14,49,54,1.0,10.0,9.55,8.39,3.15,18.11
109,CTA,Simplify Managed Futures Strategy ETF,5,120,14,49,54,1.0,10.0,9.55,39.35,2.72,16.94
109,IDV,iShares International Select Dividend ETF,5,120,14,49,54,1.0,10.0,9.55,6.11,2.04,19.19
109,IYZ,iShares US Telecommunications ETF,5,120,14,49,54,1.0,10.0,9.55,3.95,2.72,18.43
109,VSGX.K,Vanguard ESG International Stock ETF,5,120,14,49,54,1.0,10.0,9.55,13.81,4.43,18.44
109,IVLU.K,iShares MSCI Intl Value Factor ETF,5,120,14,49,54,1.0,10.0,9.55,5.78,3.38,18.51
109,ANGL.O,VanEck Fallen Angel High Yield Bond ETF,5,120,14,49,54,1.0,10.0,9.55,9.75,2.88,19.34
109,DGS,WisdomTree Emerging Markets SmallCap Dividend Fund,5,120,14,49,54,1.0,10.0,9.55,7.91,3.24,18.2
109,REET.K,iShares Global REIT ETF,5,120,14,49,54,1.0,10.0,9.55,3.79,1.43,18.76
109,DFAE.K,DFA Dimensional Emerging Core Equity Market ETF,5,120,14,49,54,1.0,10.0,9.55,-3.43,2.84,17.07
109,FLJP.K,Franklin FTSE Japan ETF,5,120,14,49,54,1.0,10.0,9.55,12.26,3.7,17.19
109,DBC,Invesco DB Commodity Index Tracking Fund,5,120,14,49,54,1.0,10.0,9.55,-7.6,1.9,17.12
109,IEUR.K,iShares Core MSCI Europe ETF,5,120,14,49,54,1.0,10.0,9.55,15.74,3.52,18.79
109,EWH,iShares MSCI Hong Kong ETF,5,120,14,49,54,1.0,10.0,9.55,-3.71,2.09,19.19
109,EFV,iShares MSCI EAFE Value ETF,5,120,14,49,54,1.0,10.0,9.55,7.22,3.44,19.23
109,VXUS.O,Vanguard Total International Stock Index Fund;ETF,5,120,14,49,54,1.0,10.0,9.55,14.22,3.47,17.94
109,MOTI.K,VanEck Morningstar International Moat ETF,5,120,14,49,54,1.0,10.0,9.55,10.67,2.7,18.97
109,FYLD.K,Cambria Foreign Shareholder Yield ETF,5,120,14,49,54,1.0,10.0,9.55,5.3,2.47,18.05
109,YMAX.K,YieldMax Universe Fund of Option Income ETFs,5,120,14,49,54,1.0,10.0,9.55,0.0,2.5,18.72
109,GQRE.K,FlexShares Global Quality Real Estate Index Fund,5,120,14,49,54,1.0,10.0,9.55,10.47,2.73,17.21
109,FGD,First Trust Dow Jones Global Select Dividend Ix Fd,5,120,14,49,54,1.0,10.0,9.55,7.82,2.65,18.54
109,HDEF.K,Xtrackers MSCI EAFE Hi Dv Yld Eq ETF,5,120,14,49,54,1.0,10.0,9.55,18.51,1.94,17.22
109,GWX,SPDR S&P International Small Cap ETF,5,120,14,49,54,1.0,10.0,9.55,5.77,3.63,17.87
109,EUO,ProShares UltraShort Euro,5,120,14,49,54,1.0,10.0,9.55,11.27,3.43,16.81
109,DTH,WisdomTree International High Dividend,5,120,14,49,54,1.0,10.0,9.55,5.97,2.43,18.59
109,DOL,WisdomTree International LargeCap Dividend Fund,5,120,14,49,54,1.0,10.0,9.55,12.13,3.65,18.03
109,DBB,Invesco DB Base Metals Fund,5,120,14,49,54,1.0,10.0,9.55,-0.41,2.45,19.18
109,VIDI.K,Vident International Equity Strat ETF,5,120,14,49,54,1.0,10.0,9.55,1.47,1.91,17.77
109,FIVA.K,Fidelity International Value Factor ETF,5,120,14,49,54,1.0,10.0,9.55,6.5,2.27,18.41
109,INTF.K,iShares International Equity Factor ETF,5,120,14,49,54,1.0,10.0,9.55,7.73,3.8,17.7
109,SPRE.K,SP Funds S&P Global REIT Sharia ETF,5,120,14,49,54,1.0,10.0,9.55,-0.59,2.3,19.4
109,JPEM.K,JPMorgan Diversified Return Emerging Mkts Eqty ETF,5,120,14,49,54,1.0,10.0,9.55,14.23,2.62,18.11
109,FDT.O,First Trust Developed Markets ex-US AlphaDEX Fund,5,120,14,49,54,1.0,10.0,9.55,10.07,2.73,18.34
109,EWX,SPDR S&P Emerging Markets Small Cap ETF,5,120,14,49,54,1.0,10.0,9.55,5.96,3.32,18.3
109,DWM,WisdomTree International Equity Fund,5,120,14,49,54,1.0,10.0,9.55,12.15,3.86,17.75
109,PID.O,Invesco International Dividend Achievers ETF,5,120,14,49,54,1.0,10.0,9.55,16.13,4.03,18.2
109,EEMS.K,iShares MSCI Emerging Markets Small-Cap ETF,5,120,14,49,54,1.0,10.0,9.55,10.29,3.79,18.75
109,MKOR.K,Matthews Korea Active ETF,5,60,14,44,59,1.0,10.0,9.5,0.0,2.53,16.77
109,RAYE.K,Rayliant Quantamental Emg Mrkt ex-China Eqty ETF,5,60,14,44,59,1.0,10.0,9.5,26.49,3.34,17.28
109,TOLZ.K,ProShares DJ Brookfield Global Infrastructure ETF,5,60,14,44,59,1.0,10.0,9.5,10.19,3.03,17.0
109,ROAM.K,Hartford Multifactor Emerging Markets ETF,5,60,14,44,59,1.0,10.0,9.5,7.56,1.62,18.74
109,RAAX.K,VanEck Inflation Allocation ETF,5,60,14,44,59,1.0,10.0,9.5,-0.35,2.79,16.63
109,IQDY.K,FlexShares International Quality Div Dyn Idx,5,60,14,44,59,1.0,10.0,9.5,7.0,3.54,18.04
109,ASEA.K,Global X FTSE Southeast Asia ETF,5,60,14,44,59,1.0,10.0,9.5,2.88,1.84,18.25
109,DIM,WisdomTree International MidCap Dividend Fund,5,60,14,44,59,1.0,10.0,9.5,5.98,4.24,17.69
109,FJP.O,First Trust Japan AlphaDEX Fund,5,60,14,44,59,1.0,10.0,9.5,10.04,3.52,17.98
109,TLTE.K,FlexShares Morningstar Em Mkts Factors Tilt Idx,5,60,14,44,59,1.0,10.0,9.5,4.49,2.43,17.91
109,CVY,Invesco Zacks Multi-Asset Income ETF,5,60,14,44,59,1.0,10.0,9.5,2.91,4.25,18.14
109,EUDV.K,ProShares MSCI Europe Dividend Growers ETF,5,60,14,44,59,1.0,10.0,9.5,14.18,4.21,18.04
109,UEVM.O,VictoryShares Emerging Markets Value Momentum ETF,5,60,14,44,59,1.0,10.0,9.5,8.58,1.71,18.7
109,DIVY.K,Sound Equity Dividend Income ETF,5,60,14,44,59,1.0,10.0,9.5,8.22,3.26,18.75
109,VAMO.K,Cambria Value and Momentum ETF,5,60,14,44,59,1.0,10.0,9.5,6.81,3.21,18.44
109,FDEM.K,Fidelity Emerging Markets Multifactor ETF,5,60,14,44,59,1.0,10.0,9.5,20.45,2.96,18.03
109,DGRE.O,WisdomTree Emerging Markets Quality Dividend Gro,5,60,14,44,59,1.0,10.0,9.5,9.59,2.57,19.94
109,HEEM.K,iShares Currency Hedged MSCI Emerging Markets ETF,5,60,14,44,59,1.0,10.0,9.5,5.77,3.11,18.04
109,GDVD.K,Copper Place Global Dividend Growth ETF,5,60,14,44,59,1.0,10.0,9.5,14.46,2.23,20.03
109,OVF,Overlay Shares Foreign Equity ETF,5,60,14,44,59,1.0,10.0,9.5,7.79,2.07,16.94
109,FTXG.O,First Trust Nasdaq Food & Beverage ETF,5,60,14,44,59,1.0,10.0,9.5,3.91,3.68,17.02
109,ISVL.K,iShares Intl Developed Small Cap Value Factor ETF,5,60,14,44,59,1.0,10.0,9.5,9.83,3.17,17.27
109,IDOG.K,Alps Internatl Sector Dividends Dogs ETF,5,60,14,44,59,1.0,10.0,9.5,6.34,3.45,17.51
109,ISZE.K,iShares MSCI Intl Size Factor ETF,5,60,14,44,59,1.0,10.0,9.5,7.68,2.64,16.8
109,EMDV.K,ProShares MSCI Emerging Markets Dividend Grwrs ETF,5,60,14,44,59,1.0,10.0,9.5,11.94,2.94,19.07
109,MOTE.K,VanEck Morningstar ESG Moat ETF,5,60,14,44,59,1.0,10.0,9.5,50.78,3.79,18.16
109,DWAT.K,Arrow DWA Tactical: Macro ETF,5,60,14,44,59,1.0,10.0,9.5,3.53,3.04,17.46
109,UIVM.O,VictoryShares International Value Momentum ETF,5,60,14,44,59,1.0,10.0,9.5,6.27,1.29,17.59
109,CIL.O,VictoryShares International Volatility Wtd Idx ETF,5,60,14,44,59,1.0,10.0,9.5,7.88,4.38,18.02
109,DTRE.K,First Trust Alerian Disruptive Technology Real Est,5,60,14,44,59,1.0,10.0,9.5,10.88,4.01,18.49
109,EFAS.O,Global X MSCI SuperDividend EAFE ETF,5,60,14,44,59,1.0,10.0,9.5,2.56,1.9,19.26
109,RSPE.K,Invesco ESG S&P 500 Equal Weight ETF,5,60,14,44,59,1.0,10.0,9.5,48.4,2.9,17.39
109,BMED.K,BlackRock Future Health ETF,5,60,14,44,59,1.0,10.0,9.5,0.82,2.13,18.1
109,OEUR.K,ALPS O'Shares Europe Quality Dividend ETF,5,60,14,44,59,1.0,10.0,9.5,21.65,4.1,17.39
109,GGM,GGM Macro Alignment ETF,5,60,14,44,59,1.0,10.0,9.5,2.24,3.42,19.1
109,FLAX.K,Franklin FTSE Asia ex Japan ETF,5,60,14,44,59,1.0,10.0,9.5,9.89,2.52,19.94
109,RUFF.K,Alpha Dog ETF,5,60,14,44,59,1.0,10.0,9.5,27.67,2.21,18.84
109,RNEM.O,First Trust Emerging Markets Equity Select ETF,5,60,14,44,59,1.0,10.0,9.5,3.71,2.75,17.73
109,CVAR.K,Cultivar ETF,5,60,14,44,59,1.0,10.0,9.5,6.35,2.56,17.21
109,DBP,Invesco DB Precious Metals Fund,5,60,14,44,59,1.0,10.0,9.5,1.41,4.3,17.68
109,GQRE.K,FlexShares Global Quality Real Estate Index Fund,5,60,14,44,59,1.0,10.0,9.5,7.97,2.73,17.21
109,MOTI.K,VanEck Morningstar International Moat ETF,5,60,14,44,59,1.0,10.0,9.5,5.93,2.7,18.97
109,SPRE.K,SP Funds S&P Global REIT Sharia ETF,5,60,14,44,59,1.0,10.0,9.5,-6.24,2.3,19.4
109,IDV,iShares International Select Dividend ETF,5,60,14,44,59,1.0,10.0,9.5,2.19,2.04,19.19
109,IYZ,iShares US Telecommunications ETF,5,60,14,44,59,1.0,10.0,9.5,1.75,2.72,18.43
109,VSGX.K,Vanguard ESG International Stock ETF,5,60,14,44,59,1.0,10.0,9.5,18.42,4.43,18.44
109,IVLU.K,iShares MSCI Intl Value Factor ETF,5,60,14,44,59,1.0,10.0,9.5,11.09,3.38,18.51
109,ANGL.O,VanEck Fallen Angel High Yield Bond ETF,5,60,14,44,59,1.0,10.0,9.5,10.3,2.88,19.34
109,YMAX.K,YieldMax Universe Fund of Option Income ETFs,5,60,14,44,59,1.0,10.0,9.5,0.0,2.5,18.72
109,DGS,WisdomTree Emerging Markets SmallCap Dividend Fund,5,60,14,44,59,1.0,10.0,9.5,4.52,3.24,18.2
109,REET.K,iShares Global REIT ETF,5,60,14,44,59,1.0,10.0,9.5,8.57,1.43,18.76
109,DFAE.K,DFA Dimensional Emerging Core Equity Market ETF,5,60,14,44,59,1.0,10.0,9.5,7.14,2.84,17.07
109,FLJP.K,Franklin FTSE Japan ETF,5,60,14,44,59,1.0,10.0,9.5,10.21,3.7,17.19
109,DBC,Invesco DB Commodity Index Tracking Fund,5,60,14,44,59,1.0,10.0,9.5,-5.31,1.9,17.12
109,IEUR.K,iShares Core MSCI Europe ETF,5,60,14,44,59,1.0,10.0,9.5,9.28,3.52,18.79
109,EWH,iShares MSCI Hong Kong ETF,5,60,14,44,59,1.0,10.0,9.5,4.09,2.09,19.19
109,EFV,iShares MSCI EAFE Value ETF,5,60,14,44,59,1.0,10.0,9.5,4.88,3.44,19.23
109,VXUS.O,Vanguard Total International Stock Index Fund;ETF,5,60,14,44,59,1.0,10.0,9.5,9.75,3.47,17.94
109,IEMG.K,iShares Core MSCI Emerging Markets ETF,5,60,14,44,59,1.0,10.0,9.5,4.77,3.1,19.55
109,EQUL.K,IQ Engender Equality ETF,5,60,14,44,59,1.0,10.0,9.5,57.87,1.95,17.77
109,CTA,Simplify Managed Futures Strategy ETF,5,60,14,44,59,1.0,10.0,9.5,8.97,2.72,16.94
109,DFIS.K,DFA Dimensional International Small Cap ETF,5,60,14,44,59,1.0,10.0,9.5,29.94,3.15,18.11
109,FYLD.K,Cambria Foreign Shareholder Yield ETF,5,60,14,44,59,1.0,10.0,9.5,7.39,2.47,18.05
109,FGD,First Trust Dow Jones Global Select Dividend Ix Fd,5,60,14,44,59,1.0,10.0,9.5,4.11,2.65,18.54
109,GWX,SPDR S&P International Small Cap ETF,5,60,14,44,59,1.0,10.0,9.5,5.72,3.63,17.87
109,EUO,ProShares UltraShort Euro,5,60,14,44,59,1.0,10.0,9.5,9.52,3.43,16.81
109,DTH,WisdomTree International High Dividend,5,60,14,44,59,1.0,10.0,9.5,6.18,2.43,18.59
109,DOL,WisdomTree International LargeCap Dividend Fund,5,60,14,44,59,1.0,10.0,9.5,6.59,3.65,18.03
109,FIVA.K,Fidelity International Value Factor ETF,5,60,14,44,59,1.0,10.0,9.5,8.26,2.27,18.41
109,DBB,Invesco DB Base Metals Fund,5,60,14,44,59,1.0,10.0,9.5,-0.65,2.45,19.18
109,VIDI.K,Vident International Equity Strat ETF,5,60,14,44,59,1.0,10.0,9.5,3.91,1.91,17.77
109,INTF.K,iShares International Equity Factor ETF,5,60,14,44,59,1.0,10.0,9.5,9.82,3.8,17.7
109,RWO,SPDR Dow Jones Global Real Estate ETF,5,60,14,44,59,1.0,10.0,9.5,9.2,3.94,18.44
109,JPEM.K,JPMorgan Diversified Return Emerging Mkts Eqty ETF,5,60,14,44,59,1.0,10.0,9.5,7.87,2.62,18.11
109,FDT.O,First Trust Developed Markets ex-US AlphaDEX Fund,5,60,14,44,59,1.0,10.0,9.5,9.79,2.73,18.34
109,EWX,SPDR S&P Emerging Markets Small Cap ETF,5,60,14,44,59,1.0,10.0,9.5,4.97,3.32,18.3
109,DWM,WisdomTree International Equity Fund,5,60,14,44,59,1.0,10.0,9.5,6.6,3.86,17.75
109,PID.O,Invesco International Dividend Achievers ETF,5,60,14,44,59,1.0,10.0,9.5,12.38,4.03,18.2
109,EEMS.K,iShares MSCI Emerging Markets Small-Cap ETF,5,60,14,44,59,1.0,10.0,9.5,6.55,3.79,18.75
109,HDEF.K,Xtrackers MSCI EAFE Hi Dv Yld Eq ETF,5,60,14,44,59,1.0,10.0,9.5,10.11,1.94,17.22
109,FLDZ.K,RiverNorth Patriot ETF,5,60,14,44,59,1.0,10.0,9.5,23.97,3.8,18.08
109,LOPP.K,Gabelli Love Our Planet & People ETF,5,60,14,44,59,1.0,10.0,9.5,4.24,3.75,17.55
109,FLDZ.K,RiverNorth Patriot ETF,5,60,14,49,54,1.0,10.0,9.46,75.35,3.8,18.08
109,FTXG.O,First Trust Nasdaq Food & Beverage ETF,5,60,14,49,54,1.0,10.0,9.46,6.57,3.68,17.02
109,GDVD.K,Copper Place Global Dividend Growth ETF,5,60,14,49,54,1.0,10.0,9.46,13.18,2.23,20.03
109,RAYE.K,Rayliant Quantamental Emg Mrkt ex-China Eqty ETF,5,60,14,49,54,1.0,10.0,9.46,23.33,3.34,17.28
109,TOLZ.K,ProShares DJ Brookfield Global Infrastructure ETF,5,60,14,49,54,1.0,10.0,9.46,8.75,3.03,17.0
109,ROAM.K,Hartford Multifactor Emerging Markets ETF,5,60,14,49,54,1.0,10.0,9.46,6.2,1.62,18.74
109,RAAX.K,VanEck Inflation Allocation ETF,5,60,14,49,54,1.0,10.0,9.46,1.37,2.79,16.63
109,IQDY.K,FlexShares International Quality Div Dyn Idx,5,60,14,49,54,1.0,10.0,9.46,8.41,3.54,18.04
109,ASEA.K,Global X FTSE Southeast Asia ETF,5,60,14,49,54,1.0,10.0,9.46,1.8,1.84,18.25
109,DIM,WisdomTree International MidCap Dividend Fund,5,60,14,49,54,1.0,10.0,9.46,7.82,4.24,17.69
109,MKOR.K,Matthews Korea Active ETF,5,60,14,49,54,1.0,10.0,9.46,0.0,2.53,16.77
109,TLTE.K,FlexShares Morningstar Em Mkts Factors Tilt Idx,5,60,14,49,54,1.0,10.0,9.46,6.04,2.43,17.91
109,CVY,Invesco Zacks Multi-Asset Income ETF,5,60,14,49,54,1.0,10.0,9.46,11.51,4.25,18.14
109,EUDV.K,ProShares MSCI Europe Dividend Growers ETF,5,60,14,49,54,1.0,10.0,9.46,25.59,4.21,18.04
109,UEVM.O,VictoryShares Emerging Markets Value Momentum ETF,5,60,14,49,54,1.0,10.0,9.46,7.38,1.71,18.7
109,DIVY.K,Sound Equity Dividend Income ETF,5,60,14,49,54,1.0,10.0,9.46,11.15,3.26,18.75
109,VAMO.K,Cambria Value and Momentum ETF,5,60,14,49,54,1.0,10.0,9.46,5.7,3.21,18.44
109,FDEM.K,Fidelity Emerging Markets Multifactor ETF,5,60,14,49,54,1.0,10.0,9.46,17.05,2.96,18.03
109,DGRE.O,WisdomTree Emerging Markets Quality Dividend Gro,5,60,14,49,54,1.0,10.0,9.46,9.77,2.57,19.94
109,HEEM.K,iShares Currency Hedged MSCI Emerging Markets ETF,5,60,14,49,54,1.0,10.0,9.46,6.96,3.11,18.04
109,ISVL.K,iShares Intl Developed Small Cap Value Factor ETF,5,60,14,49,54,1.0,10.0,9.46,5.96,3.17,17.27
109,IEMG.K,iShares Core MSCI Emerging Markets ETF,5,60,14,49,54,1.0,10.0,9.46,11.44,3.1,19.55
109,CVAR.K,Cultivar ETF,5,60,14,49,54,1.0,10.0,9.46,6.92,2.56,17.21
109,LOPP.K,Gabelli Love Our Planet & People ETF,5,60,14,49,54,1.0,10.0,9.46,3.95,3.75,17.55
109,OVF,Overlay Shares Foreign Equity ETF,5,60,14,49,54,1.0,10.0,9.46,-2.95,2.07,16.94
109,ISZE.K,iShares MSCI Intl Size Factor ETF,5,60,14,49,54,1.0,10.0,9.46,13.92,2.64,16.8
109,EMDV.K,ProShares MSCI Emerging Markets Dividend Grwrs ETF,5,60,14,49,54,1.0,10.0,9.46,14.34,2.94,19.07
109,MOTE.K,VanEck Morningstar ESG Moat ETF,5,60,14,49,54,1.0,10.0,9.46,40.76,3.79,18.16
109,DWAT.K,Arrow DWA Tactical: Macro ETF,5,60,14,49,54,1.0,10.0,9.46,2.48,3.04,17.46
109,UIVM.O,VictoryShares International Value Momentum ETF,5,60,14,49,54,1.0,10.0,9.46,3.75,1.29,17.59
109,CIL.O,VictoryShares International Volatility Wtd Idx ETF,5,60,14,49,54,1.0,10.0,9.46,19.48,4.38,18.02
109,DTRE.K,First Trust Alerian Disruptive Technology Real Est,5,60,14,49,54,1.0,10.0,9.46,7.5,4.01,18.49
109,EFAS.O,Global X MSCI SuperDividend EAFE ETF,5,60,14,49,54,1.0,10.0,9.46,-1.78,1.9,19.26
109,RSPE.K,Invesco ESG S&P 500 Equal Weight ETF,5,60,14,49,54,1.0,10.0,9.46,28.45,2.9,17.39
109,BMED.K,BlackRock Future Health ETF,5,60,14,49,54,1.0,10.0,9.46,0.86,2.13,18.1
109,OEUR.K,ALPS O'Shares Europe Quality Dividend ETF,5,60,14,49,54,1.0,10.0,9.46,16.25,4.1,17.39
109,GGM,GGM Macro Alignment ETF,5,60,14,49,54,1.0,10.0,9.46,-3.02,3.42,19.1
109,FLAX.K,Franklin FTSE Asia ex Japan ETF,5,60,14,49,54,1.0,10.0,9.46,7.12,2.52,19.94
109,RUFF.K,Alpha Dog ETF,5,60,14,49,54,1.0,10.0,9.46,21.79,2.21,18.84
109,RNEM.O,First Trust Emerging Markets Equity Select ETF,5,60,14,49,54,1.0,10.0,9.46,11.04,2.75,17.73
109,FJP.O,First Trust Japan AlphaDEX Fund,5,60,14,49,54,1.0,10.0,9.46,4.02,3.52,17.98
109,DBP,Invesco DB Precious Metals Fund,5,60,14,49,54,1.0,10.0,9.46,4.19,4.3,17.68
109,IDOG.K,Alps Internatl Sector Dividends Dogs ETF,5,60,14,49,54,1.0,10.0,9.46,10.7,3.45,17.51
109,MOTI.K,VanEck Morningstar International Moat ETF,5,60,14,49,54,1.0,10.0,9.46,3.73,2.7,18.97
109,DFIS.K,DFA Dimensional International Small Cap ETF,5,60,14,49,54,1.0,10.0,9.46,5.71,3.15,18.11
109,CTA,Simplify Managed Futures Strategy ETF,5,60,14,49,54,1.0,10.0,9.46,36.66,2.72,16.94
109,IDV,iShares International Select Dividend ETF,5,60,14,49,54,1.0,10.0,9.46,5.3,2.04,19.19
109,IYZ,iShares US Telecommunications ETF,5,60,14,49,54,1.0,10.0,9.46,0.26,2.72,18.43
109,VSGX.K,Vanguard ESG International Stock ETF,5,60,14,49,54,1.0,10.0,9.46,16.34,4.43,18.44
109,IVLU.K,iShares MSCI Intl Value Factor ETF,5,60,14,49,54,1.0,10.0,9.46,7.22,3.38,18.51
109,ANGL.O,VanEck Fallen Angel High Yield Bond ETF,5,60,14,49,54,1.0,10.0,9.46,8.58,2.88,19.34
109,YMAX.K,YieldMax Universe Fund of Option Income ETFs,5,60,14,49,54,1.0,10.0,9.46,0.0,2.5,18.72
109,DGS,WisdomTree Emerging Markets SmallCap Dividend Fund,5,60,14,49,54,1.0,10.0,9.46,8.82,3.24,18.2
109,REET.K,iShares Global REIT ETF,5,60,14,49,54,1.0,10.0,9.46,5.37,1.43,18.76
109,DFAE.K,DFA Dimensional Emerging Core Equity Market ETF,5,60,14,49,54,1.0,10.0,9.46,-3.22,2.84,17.07
109,FLJP.K,Franklin FTSE Japan ETF,5,60,14,49,54,1.0,10.0,9.46,14.23,3.7,17.19
109,DBC,Invesco DB Commodity Index Tracking Fund,5,60,14,49,54,1.0,10.0,9.46,-3.55,1.9,17.12
109,IEUR.K,iShares Core MSCI Europe ETF,5,60,14,49,54,1.0,10.0,9.46,16.35,3.52,18.79
109,EWH,iShares MSCI Hong Kong ETF,5,60,14,49,54,1.0,10.0,9.46,-1.66,2.09,19.19
109,EFV,iShares MSCI EAFE Value ETF,5,60,14,49,54,1.0,10.0,9.46,0.86,3.44,19.23
109,VXUS.O,Vanguard Total International Stock Index Fund;ETF,5,60,14,49,54,1.0,10.0,9.46,15.66,3.47,17.94
109,FYLD.K,Cambria Foreign Shareholder Yield ETF,5,60,14,49,54,1.0,10.0,9.46,9.3,2.47,18.05
109,RWO,SPDR Dow Jones Global Real Estate ETF,5,60,14,49,54,1.0,10.0,9.46,8.41,3.94,18.44
109,GQRE.K,FlexShares Global Quality Real Estate Index Fund,5,60,14,49,54,1.0,10.0,9.46,7.38,2.73,17.21
109,VIDI.K,Vident International Equity Strat ETF,5,60,14,49,54,1.0,10.0,9.46,-0.3,1.91,17.77
109,SPRE.K,SP Funds S&P Global REIT Sharia ETF,5,60,14,49,54,1.0,10.0,9.46,-6.24,2.3,19.4
109,GWX,SPDR S&P International Small Cap ETF,5,60,14,49,54,1.0,10.0,9.46,4.53,3.63,17.87
109,EUO,ProShares UltraShort Euro,5,60,14,49,54,1.0,10.0,9.46,7.58,3.43,16.81
109,DTH,WisdomTree International High Dividend,5,60,14,49,54,1.0,10.0,9.46,3.39,2.43,18.59
109,DOL,WisdomTree International LargeCap Dividend Fund,5,60,14,49,54,1.0,10.0,9.46,10.58,3.65,18.03
109,FIVA.K,Fidelity International Value Factor ETF,5,60,14,49,54,1.0,10.0,9.46,6.47,2.27,18.41
109,DBB,Invesco DB Base Metals Fund,5,60,14,49,54,1.0,10.0,9.46,-0.24,2.45,19.18
109,FGD,First Trust Dow Jones Global Select Dividend Ix Fd,5,60,14,49,54,1.0,10.0,9.46,7.73,2.65,18.54
109,HDEF.K,Xtrackers MSCI EAFE Hi Dv Yld Eq ETF,5,60,14,49,54,1.0,10.0,9.46,18.34,1.94,17.22
109,INTF.K,iShares International Equity Factor ETF,5,60,14,49,54,1.0,10.0,9.46,8.15,3.8,17.7
109,JPEM.K,JPMorgan Diversified Return Emerging Mkts Eqty ETF,5,60,14,49,54,1.0,10.0,9.46,14.88,2.62,18.11
109,FDT.O,First Trust Developed Markets ex-US AlphaDEX Fund,5,60,14,49,54,1.0,10.0,9.46,6.24,2.73,18.34
109,EWX,SPDR S&P Emerging Markets Small Cap ETF,5,60,14,49,54,1.0,10.0,9.46,5.28,3.32,18.3
109,DWM,WisdomTree International Equity Fund,5,60,14,49,54,1.0,10.0,9.46,11.29,3.86,17.75
109,PID.O,Invesco International Dividend Achievers ETF,5,60,14,49,54,1.0,10.0,9.46,17.2,4.03,18.2
109,EEMS.K,iShares MSCI Emerging Markets Small-Cap ETF,5,60,14,49,54,1.0,10.0,9.46,10.02,3.79,18.75
109,EQUL.K,IQ Engender Equality ETF,5,60,14,49,54,1.0,10.0,9.46,8.16,1.95,17.77
109,EQUL.K,IQ Engender Equality ETF,5,60,14,34,64,1.0,10.0,9.42,0.0,1.95,17.77
109,IEMG.K,iShares Core MSCI Emerging Markets ETF,5,60,14,34,64,1.0,10.0,9.42,11.27,3.1,19.55
109,FJP.O,First Trust Japan AlphaDEX Fund,5,60,14,34,64,1.0,10.0,9.42,20.77,3.52,17.98
109,HEEM.K,iShares Currency Hedged MSCI Emerging Markets ETF,5,60,14,34,64,1.0,10.0,9.42,11.94,3.11,18.04
109,GDVD.K,Copper Place Global Dividend Growth ETF,5,60,14,34,64,1.0,10.0,9.42,-0.25,2.23,20.03
109,RAYE.K,Rayliant Quantamental Emg Mrkt ex-China Eqty ETF,5,60,14,34,64,1.0,10.0,9.42,25.08,3.34,17.28
109,TOLZ.K,ProShares DJ Brookfield Global Infrastructure ETF,5,60,14,34,64,1.0,10.0,9.42,3.67,3.03,17.0
109,ROAM.K,Hartford Multifactor Emerging Markets ETF,5,60,14,34,64,1.0,10.0,9.42,15.38,1.62,18.74
109,RAAX.K,VanEck Inflation Allocation ETF,5,60,14,34,64,1.0,10.0,9.42,1.03,2.79,16.63
109,IQDY.K,FlexShares International Quality Div Dyn Idx,5,60,14,34,64,1.0,10.0,9.42,11.07,3.54,18.04
109,ASEA.K,Global X FTSE Southeast Asia ETF,5,60,14,34,64,1.0,10.0,9.42,7.26,1.84,18.25
109,DIM,WisdomTree International MidCap Dividend Fund,5,60,14,34,64,1.0,10.0,9.42,0.0,4.24,17.69
109,MKOR.K,Matthews Korea Active ETF,5,60,14,34,64,1.0,10.0,9.42,0.0,2.53,16.77
109,TLTE.K,FlexShares Morningstar Em Mkts Factors Tilt Idx,5,60,14,34,64,1.0,10.0,9.42,11.47,2.43,17.91
109,CVY,Invesco Zacks Multi-Asset Income ETF,5,60,14,34,64,1.0,10.0,9.42,12.79,4.25,18.14
109,EUDV.K,ProShares MSCI Europe Dividend Growers ETF,5,60,14,34,64,1.0,10.0,9.42,46.55,4.21,18.04
109,UEVM.O,VictoryShares Emerging Markets Value Momentum ETF,5,60,14,34,64,1.0,10.0,9.42,10.99,1.71,18.7
109,DIVY.K,Sound Equity Dividend Income ETF,5,60,14,34,64,1.0,10.0,9.42,4.36,3.26,18.75
109,VAMO.K,Cambria Value and Momentum ETF,5,60,14,34,64,1.0,10.0,9.42,7.05,3.21,18.44
109,FDEM.K,Fidelity Emerging Markets Multifactor ETF,5,60,14,34,64,1.0,10.0,9.42,11.64,2.96,18.03
109,FTXG.O,First Trust Nasdaq Food & Beverage ETF,5,60,14,34,64,1.0,10.0,9.42,0.0,3.68,17.02
109,ISVL.K,iShares Intl Developed Small Cap Value Factor ETF,5,60,14,34,64,1.0,10.0,9.42,15.71,3.17,17.27
109,CVAR.K,Cultivar ETF,5,60,14,34,64,1.0,10.0,9.42,0.0,2.56,17.21
109,CIL.O,VictoryShares International Volatility Wtd Idx ETF,5,60,14,34,64,1.0,10.0,9.42,0.0,4.38,18.02
109,LOPP.K,Gabelli Love Our Planet & People ETF,5,60,14,34,64,1.0,10.0,9.42,4.24,3.75,17.55
109,OVF,Overlay Shares Foreign Equity ETF,5,60,14,34,64,1.0,10.0,9.42,12.95,2.07,16.94
109,ISZE.K,iShares MSCI Intl Size Factor ETF,5,60,14,34,64,1.0,10.0,9.42,0.0,2.64,16.8
109,EMDV.K,ProShares MSCI Emerging Markets Dividend Grwrs ETF,5,60,14,34,64,1.0,10.0,9.42,-1.5,2.94,19.07
109,MOTE.K,VanEck Morningstar ESG Moat ETF,5,60,14,34,64,1.0,10.0,9.42,0.0,3.79,18.16
109,DWAT.K,Arrow DWA Tactical: Macro ETF,5,60,14,34,64,1.0,10.0,9.42,0.0,3.04,17.46
109,UIVM.O,VictoryShares International Value Momentum ETF,5,60,14,34,64,1.0,10.0,9.42,6.49,1.29,17.59
109,DTRE.K,First Trust Alerian Disruptive Technology Real Est,5,60,14,34,64,1.0,10.0,9.42,25.23,4.01,18.49
109,RNEM.O,First Trust Emerging Markets Equity Select ETF,5,60,14,34,64,1.0,10.0,9.42,15.91,2.75,17.73
109,EFAS.O,Global X MSCI SuperDividend EAFE ETF,5,60,14,34,64,1.0,10.0,9.42,5.68,1.9,19.26
109,RSPE.K,Invesco ESG S&P 500 Equal Weight ETF,5,60,14,34,64,1.0,10.0,9.42,0.0,2.9,17.39
109,BMED.K,BlackRock Future Health ETF,5,60,14,34,64,1.0,10.0,9.42,6.16,2.13,18.1
109,OEUR.K,ALPS O'Shares Europe Quality Dividend ETF,5,60,14,34,64,1.0,10.0,9.42,0.0,4.1,17.39
109,GGM,GGM Macro Alignment ETF,5,60,14,34,64,1.0,10.0,9.42,3.68,3.42,19.1
109,FLAX.K,Franklin FTSE Asia ex Japan ETF,5,60,14,34,64,1.0,10.0,9.42,10.21,2.52,19.94
109,RUFF.K,Alpha Dog ETF,5,60,14,34,64,1.0,10.0,9.42,28.27,2.21,18.84
109,DGRE.O,WisdomTree Emerging Markets Quality Dividend Gro,5,60,14,34,64,1.0,10.0,9.42,10.99,2.57,19.94
109,DBP,Invesco DB Precious Metals Fund,5,60,14,34,64,1.0,10.0,9.42,0.0,4.3,17.68
109,VXUS.O,Vanguard Total International Stock Index Fund;ETF,5,60,14,34,64,1.0,10.0,9.42,15.02,3.47,17.94
109,IDOG.K,Alps Internatl Sector Dividends Dogs ETF,5,60,14,34,64,1.0,10.0,9.42,6.3,3.45,17.51
109,FYLD.K,Cambria Foreign Shareholder Yield ETF,5,60,14,34,64,1.0,10.0,9.42,16.0,2.47,18.05
109,DFIS.K,DFA Dimensional International Small Cap ETF,5,60,14,34,64,1.0,10.0,9.42,0.0,3.15,18.11
109,CTA,Simplify Managed Futures Strategy ETF,5,60,14,34,64,1.0,10.0,9.42,0.0,2.72,16.94
109,IDV,iShares International Select Dividend ETF,5,60,14,34,64,1.0,10.0,9.42,5.17,2.04,19.19
109,IYZ,iShares US Telecommunications ETF,5,60,14,34,64,1.0,10.0,9.42,0.0,2.72,18.43
109,VSGX.K,Vanguard ESG International Stock ETF,5,60,14,34,64,1.0,10.0,9.42,13.05,4.43,18.44
109,IVLU.K,iShares MSCI Intl Value Factor ETF,5,60,14,34,64,1.0,10.0,9.42,44.49,3.38,18.51
109,ANGL.O,VanEck Fallen Angel High Yield Bond ETF,5,60,14,34,64,1.0,10.0,9.42,7.09,2.88,19.34
109,YMAX.K,YieldMax Universe Fund of Option Income ETFs,5,60,14,34,64,1.0,10.0,9.42,0.0,2.5,18.72
109,DGS,WisdomTree Emerging Markets SmallCap Dividend Fund,5,60,14,34,64,1.0,10.0,9.42,13.51,3.24,18.2
109,REET.K,iShares Global REIT ETF,5,60,14,34,64,1.0,10.0,9.42,32.06,1.43,18.76
109,DFAE.K,DFA Dimensional Emerging Core Equity Market ETF,5,60,14,34,64,1.0,10.0,9.42,7.14,2.84,17.07
109,FLJP.K,Franklin FTSE Japan ETF,5,60,14,34,64,1.0,10.0,9.42,11.56,3.7,17.19
109,DBC,Invesco DB Commodity Index Tracking Fund,5,60,14,34,64,1.0,10.0,9.42,-0.06,1.9,17.12
109,IEUR.K,iShares Core MSCI Europe ETF,5,60,14,34,64,1.0,10.0,9.42,6.21,3.52,18.79
109,EWH,iShares MSCI Hong Kong ETF,5,60,14,34,64,1.0,10.0,9.42,-1.14,2.09,19.19
109,EFV,iShares MSCI EAFE Value ETF,5,60,14,34,64,1.0,10.0,9.42,24.93,3.44,19.23
109,RWO,SPDR Dow Jones Global Real Estate ETF,5,60,14,34,64,1.0,10.0,9.42,31.26,3.94,18.44
109,GQRE.K,FlexShares Global Quality Real Estate Index Fund,5,60,14,34,64,1.0,10.0,9.42,0.0,2.73,17.21
109,HDEF.K,Xtrackers MSCI EAFE Hi Dv Yld Eq ETF,5,60,14,34,64,1.0,10.0,9.42,3.07,1.94,17.22
109,DBB,Invesco DB Base Metals Fund,5,60,14,34,64,1.0,10.0,9.42,29.73,2.45,19.18
109,MOTI.K,VanEck Morningstar International Moat ETF,5,60,14,34,64,1.0,10.0,9.42,0.0,2.7,18.97
109,SPRE.K,SP Funds S&P Global REIT Sharia ETF,5,60,14,34,64,1.0,10.0,9.42,0.0,2.3,19.4
109,GWX,SPDR S&P International Small Cap ETF,5,60,14,34,64,1.0,10.0,9.42,0.0,3.63,17.87
109,EUO,ProShares UltraShort Euro,5,60,14,34,64,1.0,10.0,9.42,6.62,3.43,16.81
109,DTH,WisdomTree International High Dividend,5,60,14,34,64,1.0,10.0,9.42,8.37,2.43,18.59
109,DOL,WisdomTree International LargeCap Dividend Fund,5,60,14,34,64,1.0,10.0,9.42,0.0,3.65,18.03
109,FIVA.K,Fidelity International Value Factor ETF,5,60,14,34,64,1.0,10.0,9.42,44.19,2.27,18.41
109,VIDI.K,Vident International Equity Strat ETF,5,60,14,34,64,1.0,10.0,9.42,1.46,1.91,17.77
109,EEMS.K,iShares MSCI Emerging Markets Small-Cap ETF,5,60,14,34,64,1.0,10.0,9.42,15.58,3.79,18.75
109,FGD,First Trust Dow Jones Global Select Dividend Ix Fd,5,60,14,34,64,1.0,10.0,9.42,18.91,2.65,18.54
109,INTF.K,iShares International Equity Factor ETF,5,60,14,34,64,1.0,10.0,9.42,0.0,3.8,17.7
109,JPEM.K,JPMorgan Diversified Return Emerging Mkts Eqty ETF,5,60,14,34,64,1.0,10.0,9.42,23.46,2.62,18.11
109,FDT.O,First Trust Developed Markets ex-US AlphaDEX Fund,5,60,14,34,64,1.0,10.0,9.42,13.78,2.73,18.34
109,EWX,SPDR S&P Emerging Markets Small Cap ETF,5,60,14,34,64,1.0,10.0,9.42,3.2,3.32,18.3
109,DWM,WisdomTree International Equity Fund,5,60,14,34,64,1.0,10.0,9.42,0.0,3.86,17.75
109,PID.O,Invesco International Dividend Achievers ETF,5,60,14,34,64,1.0,10.0,9.42,15.3,4.03,18.2
109,FLDZ.K,RiverNorth Patriot ETF,5,60,14,34,64,1.0,10.0,9.42,0.0,3.8,18.08
109,DBP,Invesco DB Precious Metals Fund,5,120,14,44,64,1.0,10.0,8.84,1.98,4.3,17.68
109,VXUS.O,Vanguard Total International Stock Index Fund;ETF,5,120,14,44,64,1.0,10.0,8.84,8.62,3.47,17.94
109,RNEM.O,First Trust Emerging Markets Equity Select ETF,5,120,14,44,64,1.0,10.0,8.84,1.37,2.75,17.73
109,ISVL.K,iShares Intl Developed Small Cap Value Factor ETF,5,120,14,44,64,1.0,10.0,8.84,11.91,3.17,17.27
109,FTXG.O,First Trust Nasdaq Food & Beverage ETF,5,120,14,44,64,1.0,10.0,8.84,5.25,3.68,17.02
109,HEEM.K,iShares Currency Hedged MSCI Emerging Markets ETF,5,120,14,44,64,1.0,10.0,8.84,9.47,3.11,18.04
109,GDVD.K,Copper Place Global Dividend Growth ETF,5,120,14,44,64,1.0,10.0,8.84,8.51,2.23,20.03
109,RAYE.K,Rayliant Quantamental Emg Mrkt ex-China Eqty ETF,5,120,14,44,64,1.0,10.0,8.84,23.59,3.34,17.28
109,TOLZ.K,ProShares DJ Brookfield Global Infrastructure ETF,5,120,14,44,64,1.0,10.0,8.84,4.81,3.03,17.0
109,ROAM.K,Hartford Multifactor Emerging Markets ETF,5,120,14,44,64,1.0,10.0,8.84,10.62,1.62,18.74
109,RAAX.K,VanEck Inflation Allocation ETF,5,120,14,44,64,1.0,10.0,8.84,0.09,2.79,16.63
109,IQDY.K,FlexShares International Quality Div Dyn Idx,5,120,14,44,64,1.0,10.0,8.84,8.07,3.54,18.04
109,ASEA.K,Global X FTSE Southeast Asia ETF,5,120,14,44,64,1.0,10.0,8.84,1.02,1.84,18.25
109,DIM,WisdomTree International MidCap Dividend Fund,5,120,14,44,64,1.0,10.0,8.84,10.6,4.24,17.69
109,MKOR.K,Matthews Korea Active ETF,5,120,14,44,64,1.0,10.0,8.84,0.0,2.53,16.77
109,TLTE.K,FlexShares Morningstar Em Mkts Factors Tilt Idx,5,120,14,44,64,1.0,10.0,8.84,12.95,2.43,17.91
109,CVY,Invesco Zacks Multi-Asset Income ETF,5,120,14,44,64,1.0,10.0,8.84,10.89,4.25,18.14
109,EUDV.K,ProShares MSCI Europe Dividend Growers ETF,5,120,14,44,64,1.0,10.0,8.84,18.8,4.21,18.04
109,UEVM.O,VictoryShares Emerging Markets Value Momentum ETF,5,120,14,44,64,1.0,10.0,8.84,8.87,1.71,18.7
109,DIVY.K,Sound Equity Dividend Income ETF,5,120,14,44,64,1.0,10.0,8.84,4.22,3.26,18.75
109,CVAR.K,Cultivar ETF,5,120,14,44,64,1.0,10.0,8.84,6.5,2.56,17.21
109,RUFF.K,Alpha Dog ETF,5,120,14,44,64,1.0,10.0,8.84,29.26,2.21,18.84
109,FDEM.K,Fidelity Emerging Markets Multifactor ETF,5,120,14,44,64,1.0,10.0,8.84,19.27,2.96,18.03
109,FLAX.K,Franklin FTSE Asia ex Japan ETF,5,120,14,44,64,1.0,10.0,8.84,10.8,2.52,19.94
109,FLDZ.K,RiverNorth Patriot ETF,5,120,14,44,64,1.0,10.0,8.84,18.3,3.8,18.08
109,EFV,iShares MSCI EAFE Value ETF,5,120,14,44,64,1.0,10.0,8.84,6.92,3.44,19.23
109,EQUL.K,IQ Engender Equality ETF,5,120,14,44,64,1.0,10.0,8.84,0.0,1.95,17.77
109,LOPP.K,Gabelli Love Our Planet & People ETF,5,120,14,44,64,1.0,10.0,8.84,2.38,3.75,17.55
109,OVF,Overlay Shares Foreign Equity ETF,5,120,14,44,64,1.0,10.0,8.84,12.41,2.07,16.94
109,ISZE.K,iShares MSCI Intl Size Factor ETF,5,120,14,44,64,1.0,10.0,8.84,8.71,2.64,16.8
109,EMDV.K,ProShares MSCI Emerging Markets Dividend Grwrs ETF,5,120,14,44,64,1.0,10.0,8.84,6.18,2.94,19.07
109,MOTE.K,VanEck Morningstar ESG Moat ETF,5,120,14,44,64,1.0,10.0,8.84,12.52,3.79,18.16
109,DWAT.K,Arrow DWA Tactical: Macro ETF,5,120,14,44,64,1.0,10.0,8.84,14.83,3.04,17.46
109,UIVM.O,VictoryShares International Value Momentum ETF,5,120,14,44,64,1.0,10.0,8.84,8.55,1.29,17.59
109,CIL.O,VictoryShares International Volatility Wtd Idx ETF,5,120,14,44,64,1.0,10.0,8.84,15.63,4.38,18.02
109,DTRE.K,First Trust Alerian Disruptive Technology Real Est,5,120,14,44,64,1.0,10.0,8.84,12.43,4.01,18.49
109,EFAS.O,Global X MSCI SuperDividend EAFE ETF,5,120,14,44,64,1.0,10.0,8.84,-1.2,1.9,19.26
109,RSPE.K,Invesco ESG S&P 500 Equal Weight ETF,5,120,14,44,64,1.0,10.0,8.84,24.72,2.9,17.39
109,BMED.K,BlackRock Future Health ETF,5,120,14,44,64,1.0,10.0,8.84,5.49,2.13,18.1
109,OEUR.K,ALPS O'Shares Europe Quality Dividend ETF,5,120,14,44,64,1.0,10.0,8.84,23.09,4.1,17.39
109,GGM,GGM Macro Alignment ETF,5,120,14,44,64,1.0,10.0,8.84,0.84,3.42,19.1
109,VAMO.K,Cambria Value and Momentum ETF,5,120,14,44,64,1.0,10.0,8.84,8.27,3.21,18.44
109,IEMG.K,iShares Core MSCI Emerging Markets ETF,5,120,14,44,64,1.0,10.0,8.84,13.72,3.1,19.55
109,DGRE.O,WisdomTree Emerging Markets Quality Dividend Gro,5,120,14,44,64,1.0,10.0,8.84,14.55,2.57,19.94
109,HDEF.K,Xtrackers MSCI EAFE Hi Dv Yld Eq ETF,5,120,14,44,64,1.0,10.0,8.84,2.35,1.94,17.22
109,RWO,SPDR Dow Jones Global Real Estate ETF,5,120,14,44,64,1.0,10.0,8.84,13.28,3.94,18.44
109,FYLD.K,Cambria Foreign Shareholder Yield ETF,5,120,14,44,64,1.0,10.0,8.84,6.74,2.47,18.05
109,DFIS.K,DFA Dimensional International Small Cap ETF,5,120,14,44,64,1.0,10.0,8.84,22.44,3.15,18.11
109,CTA,Simplify Managed Futures Strategy ETF,5,120,14,44,64,1.0,10.0,8.84,0.0,2.72,16.94
109,IDV,iShares International Select Dividend ETF,5,120,14,44,64,1.0,10.0,8.84,1.76,2.04,19.19
109,IYZ,iShares US Telecommunications ETF,5,120,14,44,64,1.0,10.0,8.84,4.26,2.72,18.43
109,VSGX.K,Vanguard ESG International Stock ETF,5,120,14,44,64,1.0,10.0,8.84,11.89,4.43,18.44
109,IVLU.K,iShares MSCI Intl Value Factor ETF,5,120,14,44,64,1.0,10.0,8.84,12.86,3.38,18.51
109,ANGL.O,VanEck Fallen Angel High Yield Bond ETF,5,120,14,44,64,1.0,10.0,8.84,8.92,2.88,19.34
109,YMAX.K,YieldMax Universe Fund of Option Income ETFs,5,120,14,44,64,1.0,10.0,8.84,0.0,2.5,18.72
109,DGS,WisdomTree Emerging Markets SmallCap Dividend Fund,5,120,14,44,64,1.0,10.0,8.84,4.77,3.24,18.2
109,REET.K,iShares Global REIT ETF,5,120,14,44,64,1.0,10.0,8.84,14.02,1.43,18.76
109,DFAE.K,DFA Dimensional Emerging Core Equity Market ETF,5,120,14,44,64,1.0,10.0,8.84,11.21,2.84,17.07
109,FLJP.K,Franklin FTSE Japan ETF,5,120,14,44,64,1.0,10.0,8.84,11.79,3.7,17.19
109,DBC,Invesco DB Commodity Index Tracking Fund,5,120,14,44,64,1.0,10.0,8.84,-5.12,1.9,17.12
109,EWH,iShares MSCI Hong Kong ETF,5,120,14,44,64,1.0,10.0,8.84,8.78,2.09,19.19
109,FJP.O,First Trust Japan AlphaDEX Fund,5,120,14,44,64,1.0,10.0,8.84,4.38,3.52,17.98
109,GQRE.K,FlexShares Global Quality Real Estate Index Fund,5,120,14,44,64,1.0,10.0,8.84,3.67,2.73,17.21
109,IEUR.K,iShares Core MSCI Europe ETF,5,120,14,44,64,1.0,10.0,8.84,12.37,3.52,18.79
109,EEMS.K,iShares MSCI Emerging Markets Small-Cap ETF,5,120,14,44,64,1.0,10.0,8.84,7.01,3.79,18.75
109,FIVA.K,Fidelity International Value Factor ETF,5,120,14,44,64,1.0,10.0,8.84,10.74,2.27,18.41
109,PID.O,Invesco International Dividend Achievers ETF,5,120,14,44,64,1.0,10.0,8.84,15.27,4.03,18.2
109,IDOG.K,Alps Internatl Sector Dividends Dogs ETF,5,120,14,44,64,1.0,10.0,8.84,2.45,3.45,17.51
109,MOTI.K,VanEck Morningstar International Moat ETF,5,120,14,44,64,1.0,10.0,8.84,8.13,2.7,18.97
109,SPRE.K,SP Funds S&P Global REIT Sharia ETF,5,120,14,44,64,1.0,10.0,8.84,-0.59,2.3,19.4
109,GWX,SPDR S&P International Small Cap ETF,5,120,14,44,64,1.0,10.0,8.84,9.19,3.63,17.87
109,EUO,ProShares UltraShort Euro,5,120,14,44,64,1.0,10.0,8.84,10.66,3.43,16.81
109,DOL,WisdomTree International LargeCap Dividend Fund,5,120,14,44,64,1.0,10.0,8.84,8.06,3.65,18.03
109,DTH,WisdomTree International High Dividend,5,120,14,44,64,1.0,10.0,8.84,4.87,2.43,18.59
109,DBB,Invesco DB Base Metals Fund,5,120,14,44,64,1.0,10.0,8.84,1.29,2.45,19.18
109,VIDI.K,Vident International Equity Strat ETF,5,120,14,44,64,1.0,10.0,8.84,5.51,1.91,17.77
109,FGD,First Trust Dow Jones Global Select Dividend Ix Fd,5,120,14,44,64,1.0,10.0,8.84,6.8,2.65,18.54
109,INTF.K,iShares International Equity Factor ETF,5,120,14,44,64,1.0,10.0,8.84,18.14,3.8,17.7
109,JPEM.K,JPMorgan Diversified Return Emerging Mkts Eqty ETF,5,120,14,44,64,1.0,10.0,8.84,4.69,2.62,18.11
109,FDT.O,First Trust Developed Markets ex-US AlphaDEX Fund,5,120,14,44,64,1.0,10.0,8.84,13.54,2.73,18.34
109,EWX,SPDR S&P Emerging Markets Small Cap ETF,5,120,14,44,64,1.0,10.0,8.84,6.7,3.32,18.3
109,DWM,WisdomTree International Equity Fund,5,120,14,44,64,1.0,10.0,8.84,6.14,3.86,17.75
109,RAAX.K,VanEck Inflation Allocation ETF,5,60,14,39,59,1.0,10.0,8.66,-0.35,2.79,16.63
109,FTXG.O,First Trust Nasdaq Food & Beverage ETF,5,60,14,39,59,1.0,10.0,8.66,-0.39,3.68,17.02
109,HEEM.K,iShares Currency Hedged MSCI Emerging Markets ETF,5,60,14,39,59,1.0,10.0,8.66,4.51,3.11,18.04
109,GDVD.K,Copper Place Global Dividend Growth ETF,5,60,14,39,59,1.0,10.0,8.66,14.12,2.23,20.03
109,RAYE.K,Rayliant Quantamental Emg Mrkt ex-China Eqty ETF,5,60,14,39,59,1.0,10.0,8.66,26.49,3.34,17.28
109,TOLZ.K,ProShares DJ Brookfield Global Infrastructure ETF,5,60,14,39,59,1.0,10.0,8.66,8.87,3.03,17.0
109,ROAM.K,Hartford Multifactor Emerging Markets ETF,5,60,14,39,59,1.0,10.0,8.66,19.43,1.62,18.74
109,UEVM.O,VictoryShares Emerging Markets Value Momentum ETF,5,60,14,39,59,1.0,10.0,8.66,8.58,1.71,18.7
109,IQDY.K,FlexShares International Quality Div Dyn Idx,5,60,14,39,59,1.0,10.0,8.66,9.74,3.54,18.04
109,ASEA.K,Global X FTSE Southeast Asia ETF,5,60,14,39,59,1.0,10.0,8.66,12.12,1.84,18.25
109,DIM,WisdomTree International MidCap Dividend Fund,5,60,14,39,59,1.0,10.0,8.66,8.12,4.24,17.69
109,MKOR.K,Matthews Korea Active ETF,5,60,14,39,59,1.0,10.0,8.66,0.0,2.53,16.77
109,TLTE.K,FlexShares Morningstar Em Mkts Factors Tilt Idx,5,60,14,39,59,1.0,10.0,8.66,15.27,2.43,17.91
109,CVY,Invesco Zacks Multi-Asset Income ETF,5,60,14,39,59,1.0,10.0,8.66,2.91,4.25,18.14
109,EUDV.K,ProShares MSCI Europe Dividend Growers ETF,5,60,14,39,59,1.0,10.0,8.66,14.18,4.21,18.04
109,CVAR.K,Cultivar ETF,5,60,14,39,59,1.0,10.0,8.66,0.0,2.56,17.21
109,DIVY.K,Sound Equity Dividend Income ETF,5,60,14,39,59,1.0,10.0,8.66,8.22,3.26,18.75
109,ISVL.K,iShares Intl Developed Small Cap Value Factor ETF,5,60,14,39,59,1.0,10.0,8.66,9.83,3.17,17.27
109,DTRE.K,First Trust Alerian Disruptive Technology Real Est,5,60,14,39,59,1.0,10.0,8.66,13.6,4.01,18.49
109,RNEM.O,First Trust Emerging Markets Equity Select ETF,5,60,14,39,59,1.0,10.0,8.66,7.8,2.75,17.73
109,RUFF.K,Alpha Dog ETF,5,60,14,39,59,1.0,10.0,8.66,27.67,2.21,18.84
109,FLDZ.K,RiverNorth Patriot ETF,5,60,14,39,59,1.0,10.0,8.66,0.0,3.8,18.08
109,FDEM.K,Fidelity Emerging Markets Multifactor ETF,5,60,14,39,59,1.0,10.0,8.66,20.45,2.96,18.03
109,EQUL.K,IQ Engender Equality ETF,5,60,14,39,59,1.0,10.0,8.66,0.0,1.95,17.77
109,LOPP.K,Gabelli Love Our Planet & People ETF,5,60,14,39,59,1.0,10.0,8.66,4.24,3.75,17.55
109,OVF,Overlay Shares Foreign Equity ETF,5,60,14,39,59,1.0,10.0,8.66,7.79,2.07,16.94
109,ISZE.K,iShares MSCI Intl Size Factor ETF,5,60,14,39,59,1.0,10.0,8.66,7.11,2.64,16.8
109,EMDV.K,ProShares MSCI Emerging Markets Dividend Grwrs ETF,5,60,14,39,59,1.0,10.0,8.66,12.03,2.94,19.07
109,MOTE.K,VanEck Morningstar ESG Moat ETF,5,60,14,39,59,1.0,10.0,8.66,0.0,3.79,18.16
109,DWAT.K,Arrow DWA Tactical: Macro ETF,5,60,14,39,59,1.0,10.0,8.66,9.86,3.04,17.46
109,UIVM.O,VictoryShares International Value Momentum ETF,5,60,14,39,59,1.0,10.0,8.66,9.5,1.29,17.59
109,CIL.O,VictoryShares International Volatility Wtd Idx ETF,5,60,14,39,59,1.0,10.0,8.66,9.98,4.38,18.02
109,EFAS.O,Global X MSCI SuperDividend EAFE ETF,5,60,14,39,59,1.0,10.0,8.66,5.26,1.9,19.26
109,RSPE.K,Invesco ESG S&P 500 Equal Weight ETF,5,60,14,39,59,1.0,10.0,8.66,0.0,2.9,17.39
109,BMED.K,BlackRock Future Health ETF,5,60,14,39,59,1.0,10.0,8.66,6.16,2.13,18.1
109,OEUR.K,ALPS O'Shares Europe Quality Dividend ETF,5,60,14,39,59,1.0,10.0,8.66,18.76,4.1,17.39
109,GGM,GGM Macro Alignment ETF,5,60,14,39,59,1.0,10.0,8.66,2.24,3.42,19.1
109,FLAX.K,Franklin FTSE Asia ex Japan ETF,5,60,14,39,59,1.0,10.0,8.66,9.89,2.52,19.94
109,VAMO.K,Cambria Value and Momentum ETF,5,60,14,39,59,1.0,10.0,8.66,6.81,3.21,18.44
109,PID.O,Invesco International Dividend Achievers ETF,5,60,14,39,59,1.0,10.0,8.66,12.12,4.03,18.2
109,DGRE.O,WisdomTree Emerging Markets Quality Dividend Gro,5,60,14,39,59,1.0,10.0,8.66,9.14,2.57,19.94
109,RWO,SPDR Dow Jones Global Real Estate ETF,5,60,14,39,59,1.0,10.0,8.66,14.75,3.94,18.44
109,DFIS.K,DFA Dimensional International Small Cap ETF,5,60,14,39,59,1.0,10.0,8.66,0.0,3.15,18.11
109,CTA,Simplify Managed Futures Strategy ETF,5,60,14,39,59,1.0,10.0,8.66,0.0,2.72,16.94
109,IDV,iShares International Select Dividend ETF,5,60,14,39,59,1.0,10.0,8.66,5.88,2.04,19.19
109,IYZ,iShares US Telecommunications ETF,5,60,14,39,59,1.0,10.0,8.66,-0.32,2.72,18.43
109,VSGX.K,Vanguard ESG International Stock ETF,5,60,14,39,59,1.0,10.0,8.66,13.05,4.43,18.44
109,IVLU.K,iShares MSCI Intl Value Factor ETF,5,60,14,39,59,1.0,10.0,8.66,3.65,3.38,18.51
109,ANGL.O,VanEck Fallen Angel High Yield Bond ETF,5,60,14,39,59,1.0,10.0,8.66,6.49,2.88,19.34
109,YMAX.K,YieldMax Universe Fund of Option Income ETFs,5,60,14,39,59,1.0,10.0,8.66,0.0,2.5,18.72
109,DGS,WisdomTree Emerging Markets SmallCap Dividend Fund,5,60,14,39,59,1.0,10.0,8.66,19.79,3.24,18.2
109,REET.K,iShares Global REIT ETF,5,60,14,39,59,1.0,10.0,8.66,27.2,1.43,18.76
109,DFAE.K,DFA Dimensional Emerging Core Equity Market ETF,5,60,14,39,59,1.0,10.0,8.66,7.14,2.84,17.07
109,FLJP.K,Franklin FTSE Japan ETF,5,60,14,39,59,1.0,10.0,8.66,10.21,3.7,17.19
109,DBC,Invesco DB Commodity Index Tracking Fund,5,60,14,39,59,1.0,10.0,8.66,9.27,1.9,17.12
109,IEUR.K,iShares Core MSCI Europe ETF,5,60,14,39,59,1.0,10.0,8.66,7.43,3.52,18.79
109,EWH,iShares MSCI Hong Kong ETF,5,60,14,39,59,1.0,10.0,8.66,3.75,2.09,19.19
109,VXUS.O,Vanguard Total International Stock Index Fund;ETF,5,60,14,39,59,1.0,10.0,8.66,9.27,3.47,17.94
109,IEMG.K,iShares Core MSCI Emerging Markets ETF,5,60,14,39,59,1.0,10.0,8.66,6.65,3.1,19.55
109,FYLD.K,Cambria Foreign Shareholder Yield ETF,5,60,14,39,59,1.0,10.0,8.66,4.18,2.47,18.05
109,GQRE.K,FlexShares Global Quality Real Estate Index Fund,5,60,14,39,59,1.0,10.0,8.66,12.86,2.73,17.21
109,DBP,Invesco DB Precious Metals Fund,5,60,14,39,59,1.0,10.0,8.66,-1.85,4.3,17.68
109,HDEF.K,Xtrackers MSCI EAFE Hi Dv Yld Eq ETF,5,60,14,39,59,1.0,10.0,8.66,10.11,1.94,17.22
109,IDOG.K,Alps Internatl Sector Dividends Dogs ETF,5,60,14,39,59,1.0,10.0,8.66,4.48,3.45,17.51
109,MOTI.K,VanEck Morningstar International Moat ETF,5,60,14,39,59,1.0,10.0,8.66,8.14,2.7,18.97
109,SPRE.K,SP Funds S&P Global REIT Sharia ETF,5,60,14,39,59,1.0,10.0,8.66,20.96,2.3,19.4
109,GWX,SPDR S&P International Small Cap ETF,5,60,14,39,59,1.0,10.0,8.66,7.56,3.63,17.87
109,EUO,ProShares UltraShort Euro,5,60,14,39,59,1.0,10.0,8.66,25.1,3.43,16.81
109,DTH,WisdomTree International High Dividend,5,60,14,39,59,1.0,10.0,8.66,6.18,2.43,18.59
109,DOL,WisdomTree International LargeCap Dividend Fund,5,60,14,39,59,1.0,10.0,8.66,5.37,3.65,18.03
109,FIVA.K,Fidelity International Value Factor ETF,5,60,14,39,59,1.0,10.0,8.66,4.69,2.27,18.41
109,DBB,Invesco DB Base Metals Fund,5,60,14,39,59,1.0,10.0,8.66,-1.17,2.45,19.18
109,VIDI.K,Vident International Equity Strat ETF,5,60,14,39,59,1.0,10.0,8.66,5.27,1.91,17.77
109,FGD,First Trust Dow Jones Global Select Dividend Ix Fd,5,60,14,39,59,1.0,10.0,8.66,5.26,2.65,18.54
109,INTF.K,iShares International Equity Factor ETF,5,60,14,39,59,1.0,10.0,8.66,11.9,3.8,17.7
109,JPEM.K,JPMorgan Diversified Return Emerging Mkts Eqty ETF,5,60,14,39,59,1.0,10.0,8.66,17.43,2.62,18.11
109,FDT.O,First Trust Developed Markets ex-US AlphaDEX Fund,5,60,14,39,59,1.0,10.0,8.66,12.07,2.73,18.34
109,EWX,SPDR S&P Emerging Markets Small Cap ETF,5,60,14,39,59,1.0,10.0,8.66,8.19,3.32,18.3
109,DWM,WisdomTree International Equity Fund,5,60,14,39,59,1.0,10.0,8.66,8.05,3.86,17.75
109,EEMS.K,iShares MSCI Emerging Markets Small-Cap ETF,5,60,14,39,59,1.0,10.0,8.66,10.18,3.79,18.75
109,EFV,iShares MSCI EAFE Value ETF,5,60,14,39,59,1.0,10.0,8.66,4.85,3.44,19.23
109,FJP.O,First Trust Japan AlphaDEX Fund,5,60,14,39,59,1.0,10.0,8.66,14.41,3.52,17.98
109,EQUL.K,IQ Engender Equality ETF,5,60,14,44,64,1.0,10.0,7.9,27.05,1.95,17.77
109,ISVL.K,iShares Intl Developed Small Cap Value Factor ETF,5,60,14,44,64,1.0,10.0,7.9,8.87,3.17,17.27
109,GDVD.K,Copper Place Global Dividend Growth ETF,5,60,14,44,64,1.0,10.0,7.9,-0.25,2.23,20.03
109,RAYE.K,Rayliant Quantamental Emg Mrkt ex-China Eqty ETF,5,60,14,44,64,1.0,10.0,7.9,25.08,3.34,17.28
109,TOLZ.K,ProShares DJ Brookfield Global Infrastructure ETF,5,60,14,44,64,1.0,10.0,7.9,4.3,3.03,17.0
109,ROAM.K,Hartford Multifactor Emerging Markets ETF,5,60,14,44,64,1.0,10.0,7.9,9.62,1.62,18.74
109,RAAX.K,VanEck Inflation Allocation ETF,5,60,14,44,64,1.0,10.0,7.9,1.03,2.79,16.63
109,IQDY.K,FlexShares International Quality Div Dyn Idx,5,60,14,44,64,1.0,10.0,7.9,8.54,3.54,18.04
109,ASEA.K,Global X FTSE Southeast Asia ETF,5,60,14,44,64,1.0,10.0,7.9,2.18,1.84,18.25
109,DIM,WisdomTree International MidCap Dividend Fund,5,60,14,44,64,1.0,10.0,7.9,7.77,4.24,17.69
109,MKOR.K,Matthews Korea Active ETF,5,60,14,44,64,1.0,10.0,7.9,0.0,2.53,16.77
109,TLTE.K,FlexShares Morningstar Em Mkts Factors Tilt Idx,5,60,14,44,64,1.0,10.0,7.9,6.45,2.43,17.91
109,CVY,Invesco Zacks Multi-Asset Income ETF,5,60,14,44,64,1.0,10.0,7.9,4.61,4.25,18.14
109,EUDV.K,ProShares MSCI Europe Dividend Growers ETF,5,60,14,44,64,1.0,10.0,7.9,13.48,4.21,18.04
109,UEVM.O,VictoryShares Emerging Markets Value Momentum ETF,5,60,14,44,64,1.0,10.0,7.9,9.73,1.71,18.7
109,DIVY.K,Sound Equity Dividend Income ETF,5,60,14,44,64,1.0,10.0,7.9,0.56,3.26,18.75
109,VAMO.K,Cambria Value and Momentum ETF,5,60,14,44,64,1.0,10.0,7.9,7.05,3.21,18.44
109,FDEM.K,Fidelity Emerging Markets Multifactor ETF,5,60,14,44,64,1.0,10.0,7.9,21.38,2.96,18.03
109,DGRE.O,WisdomTree Emerging Markets Quality Dividend Gro,5,60,14,44,64,1.0,10.0,7.9,11.46,2.57,19.94
109,FTXG.O,First Trust Nasdaq Food & Beverage ETF,5,60,14,44,64,1.0,10.0,7.9,6.04,3.68,17.02
109,CVAR.K,Cultivar ETF,5,60,14,44,64,1.0,10.0,7.9,6.35,2.56,17.21
109,DBP,Invesco DB Precious Metals Fund,5,60,14,44,64,1.0,10.0,7.9,3.3,4.3,17.68
109,RNEM.O,First Trust Emerging Markets Equity Select ETF,5,60,14,44,64,1.0,10.0,7.9,0.6,2.75,17.73
109,FLDZ.K,RiverNorth Patriot ETF,5,60,14,44,64,1.0,10.0,7.9,18.72,3.8,18.08
109,LOPP.K,Gabelli Love Our Planet & People ETF,5,60,14,44,64,1.0,10.0,7.9,4.24,3.75,17.55
109,OVF,Overlay Shares Foreign Equity ETF,5,60,14,44,64,1.0,10.0,7.9,7.79,2.07,16.94
109,ISZE.K,iShares MSCI Intl Size Factor ETF,5,60,14,44,64,1.0,10.0,7.9,8.43,2.64,16.8
109,EMDV.K,ProShares MSCI Emerging Markets Dividend Grwrs ETF,5,60,14,44,64,1.0,10.0,7.9,3.49,2.94,19.07
109,MOTE.K,VanEck Morningstar ESG Moat ETF,5,60,14,44,64,1.0,10.0,7.9,22.5,3.79,18.16
109,DWAT.K,Arrow DWA Tactical: Macro ETF,5,60,14,44,64,1.0,10.0,7.9,4.4,3.04,17.46
109,UIVM.O,VictoryShares International Value Momentum ETF,5,60,14,44,64,1.0,10.0,7.9,7.41,1.29,17.59
109,CIL.O,VictoryShares International Volatility Wtd Idx ETF,5,60,14,44,64,1.0,10.0,7.9,8.49,4.38,18.02
109,DTRE.K,First Trust Alerian Disruptive Technology Real Est,5,60,14,44,64,1.0,10.0,7.9,11.32,4.01,18.49
109,EFAS.O,Global X MSCI SuperDividend EAFE ETF,5,60,14,44,64,1.0,10.0,7.9,-1.12,1.9,19.26
109,RSPE.K,Invesco ESG S&P 500 Equal Weight ETF,5,60,14,44,64,1.0,10.0,7.9,26.07,2.9,17.39
109,BMED.K,BlackRock Future Health ETF,5,60,14,44,64,1.0,10.0,7.9,0.82,2.13,18.1
109,OEUR.K,ALPS O'Shares Europe Quality Dividend ETF,5,60,14,44,64,1.0,10.0,7.9,15.46,4.1,17.39
109,GGM,GGM Macro Alignment ETF,5,60,14,44,64,1.0,10.0,7.9,1.05,3.42,19.1
109,FLAX.K,Franklin FTSE Asia ex Japan ETF,5,60,14,44,64,1.0,10.0,7.9,12.34,2.52,19.94
109,RUFF.K,Alpha Dog ETF,5,60,14,44,64,1.0,10.0,7.9,28.27,2.21,18.84
109,FJP.O,First Trust Japan AlphaDEX Fund,5,60,14,44,64,1.0,10.0,7.9,6.44,3.52,17.98
109,HEEM.K,iShares Currency Hedged MSCI Emerging Markets ETF,5,60,14,44,64,1.0,10.0,7.9,7.18,3.11,18.04
109,IDOG.K,Alps Internatl Sector Dividends Dogs ETF,5,60,14,44,64,1.0,10.0,7.9,3.23,3.45,17.51
109,REET.K,iShares Global REIT ETF,5,60,14,44,64,1.0,10.0,7.9,10.39,1.43,18.76
109,DFIS.K,DFA Dimensional International Small Cap ETF,5,60,14,44,64,1.0,10.0,7.9,24.41,3.15,18.11
109,CTA,Simplify Managed Futures Strategy ETF,5,60,14,44,64,1.0,10.0,7.9,8.97,2.72,16.94
109,IDV,iShares International Select Dividend ETF,5,60,14,44,64,1.0,10.0,7.9,2.05,2.04,19.19
109,IYZ,iShares US Telecommunications ETF,5,60,14,44,64,1.0,10.0,7.9,3.9,2.72,18.43
109,VSGX.K,Vanguard ESG International Stock ETF,5,60,14,44,64,1.0,10.0,7.9,20.02,4.43,18.44
109,IVLU.K,iShares MSCI Intl Value Factor ETF,5,60,14,44,64,1.0,10.0,7.9,12.99,3.38,18.51
109,ANGL.O,VanEck Fallen Angel High Yield Bond ETF,5,60,14,44,64,1.0,10.0,7.9,7.09,2.88,19.34
109,DGS,WisdomTree Emerging Markets SmallCap Dividend Fund,5,60,14,44,64,1.0,10.0,7.9,4.44,3.24,18.2
109,DFAE.K,DFA Dimensional Emerging Core Equity Market ETF,5,60,14,44,64,1.0,10.0,7.9,7.14,2.84,17.07
109,RWO,SPDR Dow Jones Global Real Estate ETF,5,60,14,44,64,1.0,10.0,7.9,10.73,3.94,18.44
109,FLJP.K,Franklin FTSE Japan ETF,5,60,14,44,64,1.0,10.0,7.9,11.56,3.7,17.19
109,DBC,Invesco DB Commodity Index Tracking Fund,5,60,14,44,64,1.0,10.0,7.9,-4.71,1.9,17.12
109,IEUR.K,iShares Core MSCI Europe ETF,5,60,14,44,64,1.0,10.0,7.9,10.59,3.52,18.79
109,EWH,iShares MSCI Hong Kong ETF,5,60,14,44,64,1.0,10.0,7.9,2.37,2.09,19.19
109,EFV,iShares MSCI EAFE Value ETF,5,60,14,44,64,1.0,10.0,7.9,6.65,3.44,19.23
109,VXUS.O,Vanguard Total International Stock Index Fund;ETF,5,60,14,44,64,1.0,10.0,7.9,7.45,3.47,17.94
109,MOTI.K,VanEck Morningstar International Moat ETF,5,60,14,44,64,1.0,10.0,7.9,7.15,2.7,18.97
109,IEMG.K,iShares Core MSCI Emerging Markets ETF,5,60,14,44,64,1.0,10.0,7.9,6.7,3.1,19.55
109,FYLD.K,Cambria Foreign Shareholder Yield ETF,5,60,14,44,64,1.0,10.0,7.9,7.45,2.47,18.05
109,YMAX.K,YieldMax Universe Fund of Option Income ETFs,5,60,14,44,64,1.0,10.0,7.9,0.0,2.5,18.72
109,GQRE.K,FlexShares Global Quality Real Estate Index Fund,5,60,14,44,64,1.0,10.0,7.9,2.17,2.73,17.21
109,INTF.K,iShares International Equity Factor ETF,5,60,14,44,64,1.0,10.0,7.9,10.84,3.8,17.7
109,GWX,SPDR S&P International Small Cap ETF,5,60,14,44,64,1.0,10.0,7.9,7.62,3.63,17.87
109,EUO,ProShares UltraShort Euro,5,60,14,44,64,1.0,10.0,7.9,9.35,3.43,16.81
109,DTH,WisdomTree International High Dividend,5,60,14,44,64,1.0,10.0,7.9,3.79,2.43,18.59
109,DOL,WisdomTree International LargeCap Dividend Fund,5,60,14,44,64,1.0,10.0,7.9,4.79,3.65,18.03
109,FIVA.K,Fidelity International Value Factor ETF,5,60,14,44,64,1.0,10.0,7.9,10.01,2.27,18.41
109,DBB,Invesco DB Base Metals Fund,5,60,14,44,64,1.0,10.0,7.9,1.46,2.45,19.18
109,VIDI.K,Vident International Equity Strat ETF,5,60,14,44,64,1.0,10.0,7.9,4.98,1.91,17.77
109,FGD,First Trust Dow Jones Global Select Dividend Ix Fd,5,60,14,44,64,1.0,10.0,7.9,6.05,2.65,18.54
109,SPRE.K,SP Funds S&P Global REIT Sharia ETF,5,60,14,44,64,1.0,10.0,7.9,-6.24,2.3,19.4
109,JPEM.K,JPMorgan Diversified Return Emerging Mkts Eqty ETF,5,60,14,44,64,1.0,10.0,7.9,5.51,2.62,18.11
109,FDT.O,First Trust Developed Markets ex-US AlphaDEX Fund,5,60,14,44,64,1.0,10.0,7.9,11.11,2.73,18.34
109,EWX,SPDR S&P Emerging Markets Small Cap ETF,5,60,14,44,64,1.0,10.0,7.9,5.39,3.32,18.3
109,DWM,WisdomTree International Equity Fund,5,60,14,44,64,1.0,10.0,7.9,5.02,3.86,17.75
109,PID.O,Invesco International Dividend Achievers ETF,5,60,14,44,64,1.0,10.0,7.9,7.66,4.03,18.2
109,EEMS.K,iShares MSCI Emerging Markets Small-Cap ETF,5,60,14,44,64,1.0,10.0,7.9,6.45,3.79,18.75
109,HDEF.K,Xtrackers MSCI EAFE Hi Dv Yld Eq ETF,5,60,14,44,64,1.0,10.0,7.9,3.07,1.94,17.22
109,MKOR.K,Matthews Korea Active ETF,5,60,14,39,64,1.0,10.0,7.85,0.0,2.53,16.77
109,GDVD.K,Copper Place Global Dividend Growth ETF,5,60,14,39,64,1.0,10.0,7.85,-0.25,2.23,20.03
109,RAYE.K,Rayliant Quantamental Emg Mrkt ex-China Eqty ETF,5,60,14,39,64,1.0,10.0,7.85,25.08,3.34,17.28
109,TOLZ.K,ProShares DJ Brookfield Global Infrastructure ETF,5,60,14,39,64,1.0,10.0,7.85,3.67,3.03,17.0
109,ROAM.K,Hartford Multifactor Emerging Markets ETF,5,60,14,39,64,1.0,10.0,7.85,21.15,1.62,18.74
109,RAAX.K,VanEck Inflation Allocation ETF,5,60,14,39,64,1.0,10.0,7.85,1.03,2.79,16.63
109,IQDY.K,FlexShares International Quality Div Dyn Idx,5,60,14,39,64,1.0,10.0,7.85,11.12,3.54,18.04
109,ASEA.K,Global X FTSE Southeast Asia ETF,5,60,14,39,64,1.0,10.0,7.85,7.26,1.84,18.25
109,DIM,WisdomTree International MidCap Dividend Fund,5,60,14,39,64,1.0,10.0,7.85,9.29,4.24,17.69
109,UEVM.O,VictoryShares Emerging Markets Value Momentum ETF,5,60,14,39,64,1.0,10.0,7.85,9.73,1.71,18.7
109,TLTE.K,FlexShares Morningstar Em Mkts Factors Tilt Idx,5,60,14,39,64,1.0,10.0,7.85,17.2,2.43,17.91
109,CVY,Invesco Zacks Multi-Asset Income ETF,5,60,14,39,64,1.0,10.0,7.85,4.61,4.25,18.14
109,EUDV.K,ProShares MSCI Europe Dividend Growers ETF,5,60,14,39,64,1.0,10.0,7.85,13.48,4.21,18.04
109,FTXG.O,First Trust Nasdaq Food & Beverage ETF,5,60,14,39,64,1.0,10.0,7.85,-0.39,3.68,17.02
109,DIVY.K,Sound Equity Dividend Income ETF,5,60,14,39,64,1.0,10.0,7.85,0.56,3.26,18.75
109,VAMO.K,Cambria Value and Momentum ETF,5,60,14,39,64,1.0,10.0,7.85,7.05,3.21,18.44
109,FDEM.K,Fidelity Emerging Markets Multifactor ETF,5,60,14,39,64,1.0,10.0,7.85,21.38,2.96,18.03
109,DGRE.O,WisdomTree Emerging Markets Quality Dividend Gro,5,60,14,39,64,1.0,10.0,7.85,10.99,2.57,19.94
109,FJP.O,First Trust Japan AlphaDEX Fund,5,60,14,39,64,1.0,10.0,7.85,5.86,3.52,17.98
109,HEEM.K,iShares Currency Hedged MSCI Emerging Markets ETF,5,60,14,39,64,1.0,10.0,7.85,4.88,3.11,18.04
109,LOPP.K,Gabelli Love Our Planet & People ETF,5,60,14,39,64,1.0,10.0,7.85,4.24,3.75,17.55
109,ISVL.K,iShares Intl Developed Small Cap Value Factor ETF,5,60,14,39,64,1.0,10.0,7.85,8.87,3.17,17.27
109,CVAR.K,Cultivar ETF,5,60,14,39,64,1.0,10.0,7.85,0.0,2.56,17.21
109,MOTI.K,VanEck Morningstar International Moat ETF,5,60,14,39,64,1.0,10.0,7.85,9.33,2.7,18.97
109,OVF,Overlay Shares Foreign Equity ETF,5,60,14,39,64,1.0,10.0,7.85,7.79,2.07,16.94
109,ISZE.K,iShares MSCI Intl Size Factor ETF,5,60,14,39,64,1.0,10.0,7.85,7.91,2.64,16.8
109,EMDV.K,ProShares MSCI Emerging Markets Dividend Grwrs ETF,5,60,14,39,64,1.0,10.0,7.85,13.04,2.94,19.07
109,MOTE.K,VanEck Morningstar ESG Moat ETF,5,60,14,39,64,1.0,10.0,7.85,0.0,3.79,18.16
109,DWAT.K,Arrow DWA Tactical: Macro ETF,5,60,14,39,64,1.0,10.0,7.85,9.46,3.04,17.46
109,UIVM.O,VictoryShares International Value Momentum ETF,5,60,14,39,64,1.0,10.0,7.85,10.38,1.29,17.59
109,CIL.O,VictoryShares International Volatility Wtd Idx ETF,5,60,14,39,64,1.0,10.0,7.85,10.48,4.38,18.02
109,DTRE.K,First Trust Alerian Disruptive Technology Real Est,5,60,14,39,64,1.0,10.0,7.85,13.96,4.01,18.49
109,EFAS.O,Global X MSCI SuperDividend EAFE ETF,5,60,14,39,64,1.0,10.0,7.85,-1.12,1.9,19.26
109,RSPE.K,Invesco ESG S&P 500 Equal Weight ETF,5,60,14,39,64,1.0,10.0,7.85,0.0,2.9,17.39
109,BMED.K,BlackRock Future Health ETF,5,60,14,39,64,1.0,10.0,7.85,6.16,2.13,18.1
109,OEUR.K,ALPS O'Shares Europe Quality Dividend ETF,5,60,14,39,64,1.0,10.0,7.85,12.69,4.1,17.39
109,GGM,GGM Macro Alignment ETF,5,60,14,39,64,1.0,10.0,7.85,1.05,3.42,19.1
109,FLAX.K,Franklin FTSE Asia ex Japan ETF,5,60,14,39,64,1.0,10.0,7.85,12.34,2.52,19.94
109,RUFF.K,Alpha Dog ETF,5,60,14,39,64,1.0,10.0,7.85,28.27,2.21,18.84
109,RNEM.O,First Trust Emerging Markets Equity Select ETF,5,60,14,39,64,1.0,10.0,7.85,1.51,2.75,17.73
109,IDOG.K,Alps Internatl Sector Dividends Dogs ETF,5,60,14,39,64,1.0,10.0,7.85,4.54,3.45,17.51
109,DBP,Invesco DB Precious Metals Fund,5,60,14,39,64,1.0,10.0,7.85,-0.12,4.3,17.68
109,SPRE.K,SP Funds S&P Global REIT Sharia ETF,5,60,14,39,64,1.0,10.0,7.85,20.96,2.3,19.4
109,GWX,SPDR S&P International Small Cap ETF,5,60,14,39,64,1.0,10.0,7.85,9.5,3.63,17.87
109,IDV,iShares International Select Dividend ETF,5,60,14,39,64,1.0,10.0,7.85,3.46,2.04,19.19
109,IYZ,iShares US Telecommunications ETF,5,60,14,39,64,1.0,10.0,7.85,0.52,2.72,18.43
109,VSGX.K,Vanguard ESG International Stock ETF,5,60,14,39,64,1.0,10.0,7.85,13.05,4.43,18.44
109,IVLU.K,iShares MSCI Intl Value Factor ETF,5,60,14,39,64,1.0,10.0,7.85,5.97,3.38,18.51
109,ANGL.O,VanEck Fallen Angel High Yield Bond ETF,5,60,14,39,64,1.0,10.0,7.85,7.09,2.88,19.34
109,YMAX.K,YieldMax Universe Fund of Option Income ETFs,5,60,14,39,64,1.0,10.0,7.85,0.0,2.5,18.72
109,DGS,WisdomTree Emerging Markets SmallCap Dividend Fund,5,60,14,39,64,1.0,10.0,7.85,20.59,3.24,18.2
109,REET.K,iShares Global REIT ETF,5,60,14,39,64,1.0,10.0,7.85,26.82,1.43,18.76
109,DFAE.K,DFA Dimensional Emerging Core Equity Market ETF,5,60,14,39,64,1.0,10.0,7.85,7.14,2.84,17.07
109,FLJP.K,Franklin FTSE Japan ETF,5,60,14,39,64,1.0,10.0,7.85,11.56,3.7,17.19
109,DBC,Invesco DB Commodity Index Tracking Fund,5,60,14,39,64,1.0,10.0,7.85,-0.06,1.9,17.12
109,IEUR.K,iShares Core MSCI Europe ETF,5,60,14,39,64,1.0,10.0,7.85,9.59,3.52,18.79
109,EWH,iShares MSCI Hong Kong ETF,5,60,14,39,64,1.0,10.0,7.85,6.07,2.09,19.19
109,EFV,iShares MSCI EAFE Value ETF,5,60,14,39,64,1.0,10.0,7.85,7.21,3.44,19.23
109,VXUS.O,Vanguard Total International Stock Index Fund;ETF,5,60,14,39,64,1.0,10.0,7.85,11.3,3.47,17.94
109,IEMG.K,iShares Core MSCI Emerging Markets ETF,5,60,14,39,64,1.0,10.0,7.85,8.38,3.1,19.55
109,FLDZ.K,RiverNorth Patriot ETF,5,60,14,39,64,1.0,10.0,7.85,0.0,3.8,18.08
109,CTA,Simplify Managed Futures Strategy ETF,5,60,14,39,64,1.0,10.0,7.85,0.0,2.72,16.94
109,DFIS.K,DFA Dimensional International Small Cap ETF,5,60,14,39,64,1.0,10.0,7.85,0.0,3.15,18.11
109,FYLD.K,Cambria Foreign Shareholder Yield ETF,5,60,14,39,64,1.0,10.0,7.85,5.49,2.47,18.05
109,RWO,SPDR Dow Jones Global Real Estate ETF,5,60,14,39,64,1.0,10.0,7.85,14.75,3.94,18.44
109,EUO,ProShares UltraShort Euro,5,60,14,39,64,1.0,10.0,7.85,13.67,3.43,16.81
109,DTH,WisdomTree International High Dividend,5,60,14,39,64,1.0,10.0,7.85,3.79,2.43,18.59
109,DOL,WisdomTree International LargeCap Dividend Fund,5,60,14,39,64,1.0,10.0,7.85,4.79,3.65,18.03
109,FIVA.K,Fidelity International Value Factor ETF,5,60,14,39,64,1.0,10.0,7.85,7.73,2.27,18.41
109,DBB,Invesco DB Base Metals Fund,5,60,14,39,64,1.0,10.0,7.85,1.77,2.45,19.18
109,VIDI.K,Vident International Equity Strat ETF,5,60,14,39,64,1.0,10.0,7.85,6.33,1.91,17.77
109,FGD,First Trust Dow Jones Global Select Dividend Ix Fd,5,60,14,39,64,1.0,10.0,7.85,7.07,2.65,18.54
109,INTF.K,iShares International Equity Factor ETF,5,60,14,39,64,1.0,10.0,7.85,12.8,3.8,17.7
109,JPEM.K,JPMorgan Diversified Return Emerging Mkts Eqty ETF,5,60,14,39,64,1.0,10.0,7.85,10.21,2.62,18.11
109,FDT.O,First Trust Developed Markets ex-US AlphaDEX Fund,5,60,14,39,64,1.0,10.0,7.85,13.14,2.73,18.34
109,EWX,SPDR S&P Emerging Markets Small Cap ETF,5,60,14,39,64,1.0,10.0,7.85,6.34,3.32,18.3
109,DWM,WisdomTree International Equity Fund,5,60,14,39,64,1.0,10.0,7.85,5.02,3.86,17.75
109,PID.O,Invesco International Dividend Achievers ETF,5,60,14,39,64,1.0,10.0,7.85,6.96,4.03,18.2
109,EEMS.K,iShares MSCI Emerging Markets Small-Cap ETF,5,60,14,39,64,1.0,10.0,7.85,11.78,3.79,18.75
109,HDEF.K,Xtrackers MSCI EAFE Hi Dv Yld Eq ETF,5,60,14,39,64,1.0,10.0,7.85,3.07,1.94,17.22
109,GQRE.K,FlexShares Global Quality Real Estate Index Fund,5,60,14,39,64,1.0,10.0,7.85,5.36,2.73,17.21
109,EQUL.K,IQ Engender Equality ETF,5,60,14,39,64,1.0,10.0,7.85,0.0,1.95,17.77
109,IEMG.K,iShares Core MSCI Emerging Markets ETF,5,120,14,34,54,1.0,10.0,7.7,14.79,3.1,19.55
109,EEMS.K,iShares MSCI Emerging Markets Small-Cap ETF,5,120,14,34,54,1.0,10.0,7.7,13.02,3.79,18.75
109,VXUS.O,Vanguard Total International Stock Index Fund;ETF,5,120,14,34,54,1.0,10.0,7.7,10.0,3.47,17.94
109,CVAR.K,Cultivar ETF,5,120,14,34,54,1.0,10.0,7.7,0.0,2.56,17.21
109,FTXG.O,First Trust Nasdaq Food & Beverage ETF,5,120,14,34,54,1.0,10.0,7.7,0.0,3.68,17.02
109,HEEM.K,iShares Currency Hedged MSCI Emerging Markets ETF,5,120,14,34,54,1.0,10.0,7.7,9.06,3.11,18.04
109,GDVD.K,Copper Place Global Dividend Growth ETF,5,120,14,34,54,1.0,10.0,7.7,0.0,2.23,20.03
109,RAYE.K,Rayliant Quantamental Emg Mrkt ex-China Eqty ETF,5,120,14,34,54,1.0,10.0,7.7,20.79,3.34,17.28
109,TOLZ.K,ProShares DJ Brookfield Global Infrastructure ETF,5,120,14,34,54,1.0,10.0,7.7,18.68,3.03,17.0
109,ROAM.K,Hartford Multifactor Emerging Markets ETF,5,120,14,34,54,1.0,10.0,7.7,20.56,1.62,18.74
109,RAAX.K,VanEck Inflation Allocation ETF,5,120,14,34,54,1.0,10.0,7.7,12.83,2.79,16.63
109,IQDY.K,FlexShares International Quality Div Dyn Idx,5,120,14,34,54,1.0,10.0,7.7,14.62,3.54,18.04
109,ASEA.K,Global X FTSE Southeast Asia ETF,5,120,14,34,54,1.0,10.0,7.7,12.06,1.84,18.25
109,DIM,WisdomTree International MidCap Dividend Fund,5,120,14,34,54,1.0,10.0,7.7,0.0,4.24,17.69
109,MKOR.K,Matthews Korea Active ETF,5,120,14,34,54,1.0,10.0,7.7,0.0,2.53,16.77
109,TLTE.K,FlexShares Morningstar Em Mkts Factors Tilt Idx,5,120,14,34,54,1.0,10.0,7.7,18.16,2.43,17.91
109,CVY,Invesco Zacks Multi-Asset Income ETF,5,120,14,34,54,1.0,10.0,7.7,9.86,4.25,18.14
109,EUDV.K,ProShares MSCI Europe Dividend Growers ETF,5,120,14,34,54,1.0,10.0,7.7,0.0,4.21,18.04
109,UEVM.O,VictoryShares Emerging Markets Value Momentum ETF,5,120,14,34,54,1.0,10.0,7.7,1.07,1.71,18.7
109,DIVY.K,Sound Equity Dividend Income ETF,5,120,14,34,54,1.0,10.0,7.7,0.0,3.26,18.75
109,VAMO.K,Cambria Value and Momentum ETF,5,120,14,34,54,1.0,10.0,7.7,5.29,3.21,18.44
109,EFV,iShares MSCI EAFE Value ETF,5,120,14,34,54,1.0,10.0,7.7,0.0,3.44,19.23
109,RNEM.O,First Trust Emerging Markets Equity Select ETF,5,120,14,34,54,1.0,10.0,7.7,0.0,2.75,17.73
109,DGRE.O,WisdomTree Emerging Markets Quality Dividend Gro,5,120,14,34,54,1.0,10.0,7.7,25.13,2.57,19.94
109,RUFF.K,Alpha Dog ETF,5,120,14,34,54,1.0,10.0,7.7,22.91,2.21,18.84
109,FLDZ.K,RiverNorth Patriot ETF,5,120,14,34,54,1.0,10.0,7.7,0.0,3.8,18.08
109,EQUL.K,IQ Engender Equality ETF,5,120,14,34,54,1.0,10.0,7.7,0.0,1.95,17.77
109,LOPP.K,Gabelli Love Our Planet & People ETF,5,120,14,34,54,1.0,10.0,7.7,0.0,3.75,17.55
109,OVF,Overlay Shares Foreign Equity ETF,5,120,14,34,54,1.0,10.0,7.7,10.33,2.07,16.94
109,ISZE.K,iShares MSCI Intl Size Factor ETF,5,120,14,34,54,1.0,10.0,7.7,0.0,2.64,16.8
109,EMDV.K,ProShares MSCI Emerging Markets Dividend Grwrs ETF,5,120,14,34,54,1.0,10.0,7.7,0.0,2.94,19.07
109,MOTE.K,VanEck Morningstar ESG Moat ETF,5,120,14,34,54,1.0,10.0,7.7,0.0,3.79,18.16
109,DWAT.K,Arrow DWA Tactical: Macro ETF,5,120,14,34,54,1.0,10.0,7.7,0.0,3.04,17.46
109,UIVM.O,VictoryShares International Value Momentum ETF,5,120,14,34,54,1.0,10.0,7.7,0.0,1.29,17.59
109,CIL.O,VictoryShares International Volatility Wtd Idx ETF,5,120,14,34,54,1.0,10.0,7.7,0.0,4.38,18.02
109,DTRE.K,First Trust Alerian Disruptive Technology Real Est,5,120,14,34,54,1.0,10.0,7.7,0.0,4.01,18.49
109,EFAS.O,Global X MSCI SuperDividend EAFE ETF,5,120,14,34,54,1.0,10.0,7.7,0.0,1.9,19.26
109,RSPE.K,Invesco ESG S&P 500 Equal Weight ETF,5,120,14,34,54,1.0,10.0,7.7,0.0,2.9,17.39
109,BMED.K,BlackRock Future Health ETF,5,120,14,34,54,1.0,10.0,7.7,0.0,2.13,18.1
109,OEUR.K,ALPS O'Shares Europe Quality Dividend ETF,5,120,14,34,54,1.0,10.0,7.7,0.0,4.1,17.39
109,GGM,GGM Macro Alignment ETF,5,120,14,34,54,1.0,10.0,7.7,39.92,3.42,19.1
109,FLAX.K,Franklin FTSE Asia ex Japan ETF,5,120,14,34,54,1.0,10.0,7.7,0.0,2.52,19.94
109,FDEM.K,Fidelity Emerging Markets Multifactor ETF,5,120,14,34,54,1.0,10.0,7.7,9.9,2.96,18.03
109,ISVL.K,iShares Intl Developed Small Cap Value Factor ETF,5,120,14,34,54,1.0,10.0,7.7,9.58,3.17,17.27
109,FJP.O,First Trust Japan AlphaDEX Fund,5,120,14,34,54,1.0,10.0,7.7,29.81,3.52,17.98
109,HDEF.K,Xtrackers MSCI EAFE Hi Dv Yld Eq ETF,5,120,14,34,54,1.0,10.0,7.7,0.0,1.94,17.22
109,RWO,SPDR Dow Jones Global Real Estate ETF,5,120,14,34,54,1.0,10.0,7.7,0.0,3.94,18.44
109,FYLD.K,Cambria Foreign Shareholder Yield ETF,5,120,14,34,54,1.0,10.0,7.7,13.53,2.47,18.05
109,DFIS.K,DFA Dimensional International Small Cap ETF,5,120,14,34,54,1.0,10.0,7.7,0.0,3.15,18.11
109,CTA,Simplify Managed Futures Strategy ETF,5,120,14,34,54,1.0,10.0,7.7,0.0,2.72,16.94
109,IDV,iShares International Select Dividend ETF,5,120,14,34,54,1.0,10.0,7.7,9.62,2.04,19.19
109,IYZ,iShares US Telecommunications ETF,5,120,14,34,54,1.0,10.0,7.7,0.0,2.72,18.43
109,VSGX.K,Vanguard ESG International Stock ETF,5,120,14,34,54,1.0,10.0,7.7,9.94,4.43,18.44
109,ANGL.O,VanEck Fallen Angel High Yield Bond ETF,5,120,14,34,54,1.0,10.0,7.7,66.04,2.88,19.34
109,YMAX.K,YieldMax Universe Fund of Option Income ETFs,5,120,14,34,54,1.0,10.0,7.7,0.0,2.5,18.72
109,DGS,WisdomTree Emerging Markets SmallCap Dividend Fund,5,120,14,34,54,1.0,10.0,7.7,18.79,3.24,18.2
109,REET.K,iShares Global REIT ETF,5,120,14,34,54,1.0,10.0,7.7,0.0,1.43,18.76
109,DFAE.K,DFA Dimensional Emerging Core Equity Market ETF,5,120,14,34,54,1.0,10.0,7.7,0.0,2.84,17.07
109,FLJP.K,Franklin FTSE Japan ETF,5,120,14,34,54,1.0,10.0,7.7,21.59,3.7,17.19
109,DBC,Invesco DB Commodity Index Tracking Fund,5,120,14,34,54,1.0,10.0,7.7,-3.48,1.9,17.12
109,IEUR.K,iShares Core MSCI Europe ETF,5,120,14,34,54,1.0,10.0,7.7,0.0,3.52,18.79
109,EWH,iShares MSCI Hong Kong ETF,5,120,14,34,54,1.0,10.0,7.7,0.0,2.09,19.19
109,DBP,Invesco DB Precious Metals Fund,5,120,14,34,54,1.0,10.0,7.7,0.0,4.3,17.68
109,GQRE.K,FlexShares Global Quality Real Estate Index Fund,5,120,14,34,54,1.0,10.0,7.7,0.0,2.73,17.21
109,IVLU.K,iShares MSCI Intl Value Factor ETF,5,120,14,34,54,1.0,10.0,7.7,0.0,3.38,18.51
109,IDOG.K,Alps Internatl Sector Dividends Dogs ETF,5,120,14,34,54,1.0,10.0,7.7,7.02,3.45,17.51
109,DBB,Invesco DB Base Metals Fund,5,120,14,34,54,1.0,10.0,7.7,35.23,2.45,19.18
109,PID.O,Invesco International Dividend Achievers ETF,5,120,14,34,54,1.0,10.0,7.7,8.53,4.03,18.2
109,MOTI.K,VanEck Morningstar International Moat ETF,5,120,14,34,54,1.0,10.0,7.7,0.0,2.7,18.97
109,SPRE.K,SP Funds S&P Global REIT Sharia ETF,5,120,14,34,54,1.0,10.0,7.7,0.0,2.3,19.4
109,GWX,SPDR S&P International Small Cap ETF,5,120,14,34,54,1.0,10.0,7.7,0.0,3.63,17.87
109,EUO,ProShares UltraShort Euro,5,120,14,34,54,1.0,10.0,7.7,36.88,3.43,16.81
109,DOL,WisdomTree International LargeCap Dividend Fund,5,120,14,34,54,1.0,10.0,7.7,0.0,3.65,18.03
109,FIVA.K,Fidelity International Value Factor ETF,5,120,14,34,54,1.0,10.0,7.7,0.0,2.27,18.41
109,DTH,WisdomTree International High Dividend,5,120,14,34,54,1.0,10.0,7.7,7.18,2.43,18.59
109,VIDI.K,Vident International Equity Strat ETF,5,120,14,34,54,1.0,10.0,7.7,-2.67,1.91,17.77
109,FGD,First Trust Dow Jones Global Select Dividend Ix Fd,5,120,14,34,54,1.0,10.0,7.7,0.0,2.65,18.54
109,INTF.K,iShares International Equity Factor ETF,5,120,14,34,54,1.0,10.0,7.7,0.0,3.8,17.7
109,JPEM.K,JPMorgan Diversified Return Emerging Mkts Eqty ETF,5,120,14,34,54,1.0,10.0,7.7,27.62,2.62,18.11
109,FDT.O,First Trust Developed Markets ex-US AlphaDEX Fund,5,120,14,34,54,1.0,10.0,7.7,33.58,2.73,18.34
109,EWX,SPDR S&P Emerging Markets Small Cap ETF,5,120,14,34,54,1.0,10.0,7.7,13.92,3.32,18.3
109,DWM,WisdomTree International Equity Fund,5,120,14,34,54,1.0,10.0,7.7,0.0,3.86,17.75
109,EEMS.K,iShares MSCI Emerging Markets Small-Cap ETF,5,120,14,49,59,1.0,10.0,7.56,11.33,3.79,18.75
109,VIDI.K,Vident International Equity Strat ETF,5,120,14,49,59,1.0,10.0,7.56,4.4,1.91,17.77
109,PID.O,Invesco International Dividend Achievers ETF,5,120,14,49,59,1.0,10.0,7.56,4.64,4.03,18.2
109,DWM,WisdomTree International Equity Fund,5,120,14,49,59,1.0,10.0,7.56,5.46,3.86,17.75
109,EWX,SPDR S&P Emerging Markets Small Cap ETF,5,120,14,49,59,1.0,10.0,7.56,5.91,3.32,18.3
109,FDT.O,First Trust Developed Markets ex-US AlphaDEX Fund,5,120,14,49,59,1.0,10.0,7.56,11.99,2.73,18.34
109,JPEM.K,JPMorgan Diversified Return Emerging Mkts Eqty ETF,5,120,14,49,59,1.0,10.0,7.56,8.3,2.62,18.11
109,INTF.K,iShares International Equity Factor ETF,5,120,14,49,59,1.0,10.0,7.56,9.82,3.8,17.7
109,FGD,First Trust Dow Jones Global Select Dividend Ix Fd,5,120,14,49,59,1.0,10.0,7.56,3.12,2.65,18.54
109,IDOG.K,Alps Internatl Sector Dividends Dogs ETF,5,120,14,49,59,1.0,10.0,7.56,4.51,3.45,17.51
109,DBB,Invesco DB Base Metals Fund,5,120,14,49,59,1.0,10.0,7.56,-1.84,2.45,19.18
109,FIVA.K,Fidelity International Value Factor ETF,5,120,14,49,59,1.0,10.0,7.56,8.97,2.27,18.41
109,DOL,WisdomTree International LargeCap Dividend Fund,5,120,14,49,59,1.0,10.0,7.56,5.35,3.65,18.03
109,DTH,WisdomTree International High Dividend,5,120,14,49,59,1.0,10.0,7.56,3.88,2.43,18.59
109,EUO,ProShares UltraShort Euro,5,120,14,49,59,1.0,10.0,7.56,11.21,3.43,16.81
109,GWX,SPDR S&P International Small Cap ETF,5,120,14,49,59,1.0,10.0,7.56,7.25,3.63,17.87
109,SPRE.K,SP Funds S&P Global REIT Sharia ETF,5,120,14,49,59,1.0,10.0,7.56,-0.59,2.3,19.4
109,MOTI.K,VanEck Morningstar International Moat ETF,5,120,14,49,59,1.0,10.0,7.56,6.86,2.7,18.97
109,GQRE.K,FlexShares Global Quality Real Estate Index Fund,5,120,14,49,59,1.0,10.0,7.56,12.55,2.73,17.21
109,HDEF.K,Xtrackers MSCI EAFE Hi Dv Yld Eq ETF,5,120,14,49,59,1.0,10.0,7.56,7.65,1.94,17.22
109,IEMG.K,iShares Core MSCI Emerging Markets ETF,5,120,14,49,59,1.0,10.0,7.56,5.49,3.1,19.55
109,RWO,SPDR Dow Jones Global Real Estate ETF,5,120,14,49,59,1.0,10.0,7.56,8.91,3.94,18.44
109,FYLD.K,Cambria Foreign Shareholder Yield ETF,5,120,14,49,59,1.0,10.0,7.56,5.36,2.47,18.05
109,FJP.O,First Trust Japan AlphaDEX Fund,5,120,14,49,59,1.0,10.0,7.56,13.41,3.52,17.98
109,EFV,iShares MSCI EAFE Value ETF,5,120,14,49,59,1.0,10.0,7.56,5.05,3.44,19.23
109,EWH,iShares MSCI Hong Kong ETF,5,120,14,49,59,1.0,10.0,7.56,1.02,2.09,19.19
109,IEUR.K,iShares Core MSCI Europe ETF,5,120,14,49,59,1.0,10.0,7.56,11.17,3.52,18.79
109,DBC,Invesco DB Commodity Index Tracking Fund,5,120,14,49,59,1.0,10.0,7.56,-5.46,1.9,17.12
109,FLJP.K,Franklin FTSE Japan ETF,5,120,14,49,59,1.0,10.0,7.56,10.36,3.7,17.19
109,DFAE.K,DFA Dimensional Emerging Core Equity Market ETF,5,120,14,49,59,1.0,10.0,7.56,-0.8,2.84,17.07
109,REET.K,iShares Global REIT ETF,5,120,14,49,59,1.0,10.0,7.56,4.94,1.43,18.76
109,DGS,WisdomTree Emerging Markets SmallCap Dividend Fund,5,120,14,49,59,1.0,10.0,7.56,4.79,3.24,18.2
109,YMAX.K,YieldMax Universe Fund of Option Income ETFs,5,120,14,49,59,1.0,10.0,7.56,0.0,2.5,18.72
109,ANGL.O,VanEck Fallen Angel High Yield Bond ETF,5,120,14,49,59,1.0,10.0,7.56,4.69,2.88,19.34
109,IVLU.K,iShares MSCI Intl Value Factor ETF,5,120,14,49,59,1.0,10.0,7.56,7.85,3.38,18.51
109,VSGX.K,Vanguard ESG International Stock ETF,5,120,14,49,59,1.0,10.0,7.56,16.91,4.43,18.44
109,IYZ,iShares US Telecommunications ETF,5,120,14,49,59,1.0,10.0,7.56,4.45,2.72,18.43
109,IDV,iShares International Select Dividend ETF,5,120,14,49,59,1.0,10.0,7.56,2.84,2.04,19.19
109,CTA,Simplify Managed Futures Strategy ETF,5,120,14,49,59,1.0,10.0,7.56,1.98,2.72,16.94
109,DFIS.K,DFA Dimensional International Small Cap ETF,5,120,14,49,59,1.0,10.0,7.56,13.51,3.15,18.11
109,DBP,Invesco DB Precious Metals Fund,5,120,14,49,59,1.0,10.0,7.56,0.06,4.3,17.68
109,VXUS.O,Vanguard Total International Stock Index Fund;ETF,5,120,14,49,59,1.0,10.0,7.56,7.76,3.47,17.94
109,EFAS.O,Global X MSCI SuperDividend EAFE ETF,5,120,14,49,59,1.0,10.0,7.56,4.09,1.9,19.26
109,CVAR.K,Cultivar ETF,5,120,14,49,59,1.0,10.0,7.56,5.04,2.56,17.21
109,RUFF.K,Alpha Dog ETF,5,120,14,49,59,1.0,10.0,7.56,28.73,2.21,18.84
109,GGM,GGM Macro Alignment ETF,5,120,14,49,59,1.0,10.0,7.56,-1.61,3.42,19.1
109,OEUR.K,ALPS O'Shares Europe Quality Dividend ETF,5,120,14,49,59,1.0,10.0,7.56,14.85,4.1,17.39
109,BMED.K,BlackRock Future Health ETF,5,120,14,49,59,1.0,10.0,7.56,5.49,2.13,18.1
109,RSPE.K,Invesco ESG S&P 500 Equal Weight ETF,5,120,14,49,59,1.0,10.0,7.56,17.06,2.9,17.39
109,DGRE.O,WisdomTree Emerging Markets Quality Dividend Gro,5,120,14,49,59,1.0,10.0,7.56,6.05,2.57,19.94
109,DTRE.K,First Trust Alerian Disruptive Technology Real Est,5,120,14,49,59,1.0,10.0,7.56,9.9,4.01,18.49
109,CIL.O,VictoryShares International Volatility Wtd Idx ETF,5,120,14,49,59,1.0,10.0,7.56,9.79,4.38,18.02
109,UIVM.O,VictoryShares International Value Momentum ETF,5,120,14,49,59,1.0,10.0,7.56,7.42,1.29,17.59
109,DWAT.K,Arrow DWA Tactical: Macro ETF,5,120,14,49,59,1.0,10.0,7.56,2.69,3.04,17.46
109,MOTE.K,VanEck Morningstar ESG Moat ETF,5,120,14,49,59,1.0,10.0,7.56,15.38,3.79,18.16
109,EMDV.K,ProShares MSCI Emerging Markets Dividend Grwrs ETF,5,120,14,49,59,1.0,10.0,7.56,4.43,2.94,19.07
109,ISZE.K,iShares MSCI Intl Size Factor ETF,5,120,14,49,59,1.0,10.0,7.56,7.81,2.64,16.8
109,OVF,Overlay Shares Foreign Equity ETF,5,120,14,49,59,1.0,10.0,7.56,12.41,2.07,16.94
109,LOPP.K,Gabelli Love Our Planet & People ETF,5,120,14,49,59,1.0,10.0,7.56,2.72,3.75,17.55
109,FLDZ.K,RiverNorth Patriot ETF,5,120,14,49,59,1.0,10.0,7.56,23.49,3.8,18.08
109,EQUL.K,IQ Engender Equality ETF,5,120,14,49,59,1.0,10.0,7.56,14.38,1.95,17.77
109,RNEM.O,First Trust Emerging Markets Equity Select ETF,5,120,14,49,59,1.0,10.0,7.56,6.99,2.75,17.73
109,FLAX.K,Franklin FTSE Asia ex Japan ETF,5,120,14,49,59,1.0,10.0,7.56,8.21,2.52,19.94
109,ISVL.K,iShares Intl Developed Small Cap Value Factor ETF,5,120,14,49,59,1.0,10.0,7.56,13.31,3.17,17.27
109,DIM,WisdomTree International MidCap Dividend Fund,5,120,14,49,59,1.0,10.0,7.56,8.1,4.24,17.69
109,FDEM.K,Fidelity Emerging Markets Multifactor ETF,5,120,14,49,59,1.0,10.0,7.56,18.11,2.96,18.03
109,VAMO.K,Cambria Value and Momentum ETF,5,120,14,49,59,1.0,10.0,7.56,8.41,3.21,18.44
109,DIVY.K,Sound Equity Dividend Income ETF,5,120,14,49,59,1.0,10.0,7.56,5.66,3.26,18.75
109,UEVM.O,VictoryShares Emerging Markets Value Momentum ETF,5,120,14,49,59,1.0,10.0,7.56,7.61,1.71,18.7
109,EUDV.K,ProShares MSCI Europe Dividend Growers ETF,5,120,14,49,59,1.0,10.0,7.56,17.72,4.21,18.04
109,FTXG.O,First Trust Nasdaq Food & Beverage ETF,5,120,14,49,59,1.0,10.0,7.56,4.96,3.68,17.02
109,TLTE.K,FlexShares Morningstar Em Mkts Factors Tilt Idx,5,120,14,49,59,1.0,10.0,7.56,5.04,2.43,17.91
109,MKOR.K,Matthews Korea Active ETF,5,120,14,49,59,1.0,10.0,7.56,0.0,2.53,16.77
109,CVY,Invesco Zacks Multi-Asset Income ETF,5,120,14,49,59,1.0,10.0,7.56,3.25,4.25,18.14
109,ASEA.K,Global X FTSE Southeast Asia ETF,5,120,14,49,59,1.0,10.0,7.56,-0.5,1.84,18.25
109,RAAX.K,VanEck Inflation Allocation ETF,5,120,14,49,59,1.0,10.0,7.56,1.63,2.79,16.63
109,ROAM.K,Hartford Multifactor Emerging Markets ETF,5,120,14,49,59,1.0,10.0,7.56,8.35,1.62,18.74
109,TOLZ.K,ProShares DJ Brookfield Global Infrastructure ETF,5,120,14,49,59,1.0,10.0,7.56,6.91,3.03,17.0
109,RAYE.K,Rayliant Quantamental Emg Mrkt ex-China Eqty ETF,5,120,14,49,59,1.0,10.0,7.56,24.43,3.34,17.28
109,GDVD.K,Copper Place Global Dividend Growth ETF,5,120,14,49,59,1.0,10.0,7.56,12.5,2.23,20.03
109,IQDY.K,FlexShares International Quality Div Dyn Idx,5,120,14,49,59,1.0,10.0,7.56,6.38,3.54,18.04
109,HEEM.K,iShares Currency Hedged MSCI Emerging Markets ETF,5,120,14,49,59,1.0,10.0,7.56,7.98,3.11,18.04
109,FDT.O,First Trust Developed Markets ex-US AlphaDEX Fund,5,120,14,49,64,1.0,10.0,7.16,9.63,2.73,18.34
109,FGD,First Trust Dow Jones Global Select Dividend Ix Fd,5,120,14,49,64,1.0,10.0,7.16,4.7,2.65,18.54
109,INTF.K,iShares International Equity Factor ETF,5,120,14,49,64,1.0,10.0,7.16,10.91,3.8,17.7
109,JPEM.K,JPMorgan Diversified Return Emerging Mkts Eqty ETF,5,120,14,49,64,1.0,10.0,7.16,4.69,2.62,18.11
109,DBB,Invesco DB Base Metals Fund,5,120,14,49,64,1.0,10.0,7.16,0.43,2.45,19.18
109,EWX,SPDR S&P Emerging Markets Small Cap ETF,5,120,14,49,64,1.0,10.0,7.16,6.54,3.32,18.3
109,DWM,WisdomTree International Equity Fund,5,120,14,49,64,1.0,10.0,7.16,3.82,3.86,17.75
109,PID.O,Invesco International Dividend Achievers ETF,5,120,14,49,64,1.0,10.0,7.16,6.64,4.03,18.2
109,VIDI.K,Vident International Equity Strat ETF,5,120,14,49,64,1.0,10.0,7.16,5.51,1.91,17.77
109,ISVL.K,iShares Intl Developed Small Cap Value Factor ETF,5,120,14,49,64,1.0,10.0,7.16,11.91,3.17,17.27
109,FIVA.K,Fidelity International Value Factor ETF,5,120,14,49,64,1.0,10.0,7.16,10.74,2.27,18.41
109,DOL,WisdomTree International LargeCap Dividend Fund,5,120,14,49,64,1.0,10.0,7.16,3.73,3.65,18.03
109,DTH,WisdomTree International High Dividend,5,120,14,49,64,1.0,10.0,7.16,2.63,2.43,18.59
109,EUO,ProShares UltraShort Euro,5,120,14,49,64,1.0,10.0,7.16,10.66,3.43,16.81
109,GWX,SPDR S&P International Small Cap ETF,5,120,14,49,64,1.0,10.0,7.16,9.19,3.63,17.87
109,SPRE.K,SP Funds S&P Global REIT Sharia ETF,5,120,14,49,64,1.0,10.0,7.16,-0.59,2.3,19.4
109,MOTI.K,VanEck Morningstar International Moat ETF,5,120,14,49,64,1.0,10.0,7.16,9.02,2.7,18.97
109,IDOG.K,Alps Internatl Sector Dividends Dogs ETF,5,120,14,49,64,1.0,10.0,7.16,2.45,3.45,17.51
109,EEMS.K,iShares MSCI Emerging Markets Small-Cap ETF,5,120,14,49,64,1.0,10.0,7.16,6.55,3.79,18.75
109,EWH,iShares MSCI Hong Kong ETF,5,120,14,49,64,1.0,10.0,7.16,1.99,2.09,19.19
109,HDEF.K,Xtrackers MSCI EAFE Hi Dv Yld Eq ETF,5,120,14,49,64,1.0,10.0,7.16,2.35,1.94,17.22
109,GQRE.K,FlexShares Global Quality Real Estate Index Fund,5,120,14,49,64,1.0,10.0,7.16,6.11,2.73,17.21
109,EFV,iShares MSCI EAFE Value ETF,5,120,14,49,64,1.0,10.0,7.16,6.92,3.44,19.23
109,IEUR.K,iShares Core MSCI Europe ETF,5,120,14,49,64,1.0,10.0,7.16,12.37,3.52,18.79
109,DBC,Invesco DB Commodity Index Tracking Fund,5,120,14,49,64,1.0,10.0,7.16,-4.93,1.9,17.12
109,FLJP.K,Franklin FTSE Japan ETF,5,120,14,49,64,1.0,10.0,7.16,11.79,3.7,17.19
109,DFAE.K,DFA Dimensional Emerging Core Equity Market ETF,5,120,14,49,64,1.0,10.0,7.16,-0.8,2.84,17.07
109,REET.K,iShares Global REIT ETF,5,120,14,49,64,1.0,10.0,7.16,6.73,1.43,18.76
109,DGS,WisdomTree Emerging Markets SmallCap Dividend Fund,5,120,14,49,64,1.0,10.0,7.16,4.77,3.24,18.2
109,YMAX.K,YieldMax Universe Fund of Option Income ETFs,5,120,14,49,64,1.0,10.0,7.16,0.0,2.5,18.72
109,ANGL.O,VanEck Fallen Angel High Yield Bond ETF,5,120,14,49,64,1.0,10.0,7.16,4.61,2.88,19.34
109,IVLU.K,iShares MSCI Intl Value Factor ETF,5,120,14,49,64,1.0,10.0,7.16,9.95,3.38,18.51
109,VSGX.K,Vanguard ESG International Stock ETF,5,120,14,49,64,1.0,10.0,7.16,18.8,4.43,18.44
109,IYZ,iShares US Telecommunications ETF,5,120,14,49,64,1.0,10.0,7.16,6.81,2.72,18.43
109,IDV,iShares International Select Dividend ETF,5,120,14,49,64,1.0,10.0,7.16,1.71,2.04,19.19
109,CTA,Simplify Managed Futures Strategy ETF,5,120,14,49,64,1.0,10.0,7.16,1.98,2.72,16.94
109,DFIS.K,DFA Dimensional International Small Cap ETF,5,120,14,49,64,1.0,10.0,7.16,12.17,3.15,18.11
109,FYLD.K,Cambria Foreign Shareholder Yield ETF,5,120,14,49,64,1.0,10.0,7.16,5.57,2.47,18.05
109,RWO,SPDR Dow Jones Global Real Estate ETF,5,120,14,49,64,1.0,10.0,7.16,10.6,3.94,18.44
109,DBP,Invesco DB Precious Metals Fund,5,120,14,49,64,1.0,10.0,7.16,1.98,4.3,17.68
109,FTXG.O,First Trust Nasdaq Food & Beverage ETF,5,120,14,49,64,1.0,10.0,7.16,3.53,3.68,17.02
109,FJP.O,First Trust Japan AlphaDEX Fund,5,120,14,49,64,1.0,10.0,7.16,5.73,3.52,17.98
109,CIL.O,VictoryShares International Volatility Wtd Idx ETF,5,120,14,49,64,1.0,10.0,7.16,11.2,4.38,18.02
109,RUFF.K,Alpha Dog ETF,5,120,14,49,64,1.0,10.0,7.16,29.26,2.21,18.84
109,FLAX.K,Franklin FTSE Asia ex Japan ETF,5,120,14,49,64,1.0,10.0,7.16,10.8,2.52,19.94
109,GGM,GGM Macro Alignment ETF,5,120,14,49,64,1.0,10.0,7.16,0.37,3.42,19.1
109,OEUR.K,ALPS O'Shares Europe Quality Dividend ETF,5,120,14,49,64,1.0,10.0,7.16,11.71,4.1,17.39
109,BMED.K,BlackRock Future Health ETF,5,120,14,49,64,1.0,10.0,7.16,5.49,2.13,18.1
109,RSPE.K,Invesco ESG S&P 500 Equal Weight ETF,5,120,14,49,64,1.0,10.0,7.16,13.39,2.9,17.39
109,EFAS.O,Global X MSCI SuperDividend EAFE ETF,5,120,14,49,64,1.0,10.0,7.16,-1.63,1.9,19.26
109,DTRE.K,First Trust Alerian Disruptive Technology Real Est,5,120,14,49,64,1.0,10.0,7.16,10.98,4.01,18.49
109,UIVM.O,VictoryShares International Value Momentum ETF,5,120,14,49,64,1.0,10.0,7.16,8.55,1.29,17.59
109,DGRE.O,WisdomTree Emerging Markets Quality Dividend Gro,5,120,14,49,64,1.0,10.0,7.16,7.92,2.57,19.94
109,DWAT.K,Arrow DWA Tactical: Macro ETF,5,120,14,49,64,1.0,10.0,7.16,3.79,3.04,17.46
109,MOTE.K,VanEck Morningstar ESG Moat ETF,5,120,14,49,64,1.0,10.0,7.16,12.52,3.79,18.16
109,EMDV.K,ProShares MSCI Emerging Markets Dividend Grwrs ETF,5,120,14,49,64,1.0,10.0,7.16,6.18,2.94,19.07
109,ISZE.K,iShares MSCI Intl Size Factor ETF,5,120,14,49,64,1.0,10.0,7.16,8.62,2.64,16.8
109,OVF,Overlay Shares Foreign Equity ETF,5,120,14,49,64,1.0,10.0,7.16,12.41,2.07,16.94
109,LOPP.K,Gabelli Love Our Planet & People ETF,5,120,14,49,64,1.0,10.0,7.16,2.72,3.75,17.55
109,EQUL.K,IQ Engender Equality ETF,5,120,14,49,64,1.0,10.0,7.16,9.83,1.95,17.77
109,FLDZ.K,RiverNorth Patriot ETF,5,120,14,49,64,1.0,10.0,7.16,18.3,3.8,18.08
109,RNEM.O,First Trust Emerging Markets Equity Select ETF,5,120,14,49,64,1.0,10.0,7.16,1.37,2.75,17.73
109,CVAR.K,Cultivar ETF,5,120,14,49,64,1.0,10.0,7.16,5.04,2.56,17.21
109,VXUS.O,Vanguard Total International Stock Index Fund;ETF,5,120,14,49,64,1.0,10.0,7.16,7.12,3.47,17.94
109,HEEM.K,iShares Currency Hedged MSCI Emerging Markets ETF,5,120,14,49,64,1.0,10.0,7.16,9.47,3.11,18.04
109,FDEM.K,Fidelity Emerging Markets Multifactor ETF,5,120,14,49,64,1.0,10.0,7.16,19.27,2.96,18.03
109,VAMO.K,Cambria Value and Momentum ETF,5,120,14,49,64,1.0,10.0,7.16,8.27,3.21,18.44
109,DIVY.K,Sound Equity Dividend Income ETF,5,120,14,49,64,1.0,10.0,7.16,4.22,3.26,18.75
109,UEVM.O,VictoryShares Emerging Markets Value Momentum ETF,5,120,14,49,64,1.0,10.0,7.16,8.87,1.71,18.7
109,EUDV.K,ProShares MSCI Europe Dividend Growers ETF,5,120,14,49,64,1.0,10.0,7.16,14.79,4.21,18.04
109,CVY,Invesco Zacks Multi-Asset Income ETF,5,120,14,49,64,1.0,10.0,7.16,4.5,4.25,18.14
109,TLTE.K,FlexShares Morningstar Em Mkts Factors Tilt Idx,5,120,14,49,64,1.0,10.0,7.16,7.16,2.43,17.91
109,MKOR.K,Matthews Korea Active ETF,5,120,14,49,64,1.0,10.0,7.16,0.0,2.53,16.77
109,DIM,WisdomTree International MidCap Dividend Fund,5,120,14,49,64,1.0,10.0,7.16,10.03,4.24,17.69
109,ASEA.K,Global X FTSE Southeast Asia ETF,5,120,14,49,64,1.0,10.0,7.16,-0.93,1.84,18.25
109,IQDY.K,FlexShares International Quality Div Dyn Idx,5,120,14,49,64,1.0,10.0,7.16,8.07,3.54,18.04
109,RAAX.K,VanEck Inflation Allocation ETF,5,120,14,49,64,1.0,10.0,7.16,2.28,2.79,16.63
109,ROAM.K,Hartford Multifactor Emerging Markets ETF,5,120,14,49,64,1.0,10.0,7.16,10.67,1.62,18.74
109,TOLZ.K,ProShares DJ Brookfield Global Infrastructure ETF,5,120,14,49,64,1.0,10.0,7.16,3.84,3.03,17.0
109,RAYE.K,Rayliant Quantamental Emg Mrkt ex-China Eqty ETF,5,120,14,49,64,1.0,10.0,7.16,23.59,3.34,17.28
109,GDVD.K,Copper Place Global Dividend Growth ETF,5,120,14,49,64,1.0,10.0,7.16,-0.71,2.23,20.03
109,IEMG.K,iShares Core MSCI Emerging Markets ETF,5,120,14,49,64,1.0,10.0,7.16,7.56,3.1,19.55
109,LOPP.K,Gabelli Love Our Planet & People ETF,5,120,14,34,59,1.0,10.0,7.07,0.0,3.75,17.55
109,FLDZ.K,RiverNorth Patriot ETF,5,120,14,34,59,1.0,10.0,7.07,0.0,3.8,18.08
109,OVF,Overlay Shares Foreign Equity ETF,5,120,14,34,59,1.0,10.0,7.07,12.41,2.07,16.94
109,MOTI.K,VanEck Morningstar International Moat ETF,5,120,14,34,59,1.0,10.0,7.07,0.0,2.7,18.97
109,GQRE.K,FlexShares Global Quality Real Estate Index Fund,5,120,14,34,59,1.0,10.0,7.07,0.0,2.73,17.21
109,HDEF.K,Xtrackers MSCI EAFE Hi Dv Yld Eq ETF,5,120,14,34,59,1.0,10.0,7.07,0.0,1.94,17.22
109,EEMS.K,iShares MSCI Emerging Markets Small-Cap ETF,5,120,14,34,59,1.0,10.0,7.07,13.62,3.79,18.75
109,PID.O,Invesco International Dividend Achievers ETF,5,120,14,34,59,1.0,10.0,7.07,8.95,4.03,18.2
109,DWM,WisdomTree International Equity Fund,5,120,14,34,59,1.0,10.0,7.07,0.0,3.86,17.75
109,EWX,SPDR S&P Emerging Markets Small Cap ETF,5,120,14,34,59,1.0,10.0,7.07,10.76,3.32,18.3
109,FDT.O,First Trust Developed Markets ex-US AlphaDEX Fund,5,120,14,34,59,1.0,10.0,7.07,29.56,2.73,18.34
109,JPEM.K,JPMorgan Diversified Return Emerging Mkts Eqty ETF,5,120,14,34,59,1.0,10.0,7.07,18.51,2.62,18.11
109,INTF.K,iShares International Equity Factor ETF,5,120,14,34,59,1.0,10.0,7.07,0.0,3.8,17.7
109,FGD,First Trust Dow Jones Global Select Dividend Ix Fd,5,120,14,34,59,1.0,10.0,7.07,0.0,2.65,18.54
109,VIDI.K,Vident International Equity Strat ETF,5,120,14,34,59,1.0,10.0,7.07,-0.08,1.91,17.77
109,DBB,Invesco DB Base Metals Fund,5,120,14,34,59,1.0,10.0,7.07,34.53,2.45,19.18
109,FIVA.K,Fidelity International Value Factor ETF,5,120,14,34,59,1.0,10.0,7.07,0.0,2.27,18.41
109,DOL,WisdomTree International LargeCap Dividend Fund,5,120,14,34,59,1.0,10.0,7.07,0.0,3.65,18.03
109,DTH,WisdomTree International High Dividend,5,120,14,34,59,1.0,10.0,7.07,9.69,2.43,18.59
109,EUO,ProShares UltraShort Euro,5,120,14,34,59,1.0,10.0,7.07,36.88,3.43,16.81
109,GWX,SPDR S&P International Small Cap ETF,5,120,14,34,59,1.0,10.0,7.07,0.0,3.63,17.87
109,RWO,SPDR Dow Jones Global Real Estate ETF,5,120,14,34,59,1.0,10.0,7.07,0.0,3.94,18.44
109,DFIS.K,DFA Dimensional International Small Cap ETF,5,120,14,34,59,1.0,10.0,7.07,0.0,3.15,18.11
109,CTA,Simplify Managed Futures Strategy ETF,5,120,14,34,59,1.0,10.0,7.07,0.0,2.72,16.94
109,FLJP.K,Franklin FTSE Japan ETF,5,120,14,34,59,1.0,10.0,7.07,16.48,3.7,17.19
109,EQUL.K,IQ Engender Equality ETF,5,120,14,34,59,1.0,10.0,7.07,0.0,1.95,17.77
109,IEMG.K,iShares Core MSCI Emerging Markets ETF,5,120,14,34,59,1.0,10.0,7.07,18.35,3.1,19.55
109,VXUS.O,Vanguard Total International Stock Index Fund;ETF,5,120,14,34,59,1.0,10.0,7.07,11.65,3.47,17.94
109,EFV,iShares MSCI EAFE Value ETF,5,120,14,34,59,1.0,10.0,7.07,0.0,3.44,19.23
109,EWH,iShares MSCI Hong Kong ETF,5,120,14,34,59,1.0,10.0,7.07,0.0,2.09,19.19
109,IEUR.K,iShares Core MSCI Europe ETF,5,120,14,34,59,1.0,10.0,7.07,0.0,3.52,18.79
109,DBC,Invesco DB Commodity Index Tracking Fund,5,120,14,34,59,1.0,10.0,7.07,-1.43,1.9,17.12
109,DFAE.K,DFA Dimensional Emerging Core Equity Market ETF,5,120,14,34,59,1.0,10.0,7.07,0.0,2.84,17.07
109,IDV,iShares International Select Dividend ETF,5,120,14,34,59,1.0,10.0,7.07,12.35,2.04,19.19
109,REET.K,iShares Global REIT ETF,5,120,14,34,59,1.0,10.0,7.07,0.0,1.43,18.76
109,DGS,WisdomTree Emerging Markets SmallCap Dividend Fund,5,120,14,34,59,1.0,10.0,7.07,15.43,3.24,18.2
109,YMAX.K,YieldMax Universe Fund of Option Income ETFs,5,120,14,34,59,1.0,10.0,7.07,0.0,2.5,18.72
109,ANGL.O,VanEck Fallen Angel High Yield Bond ETF,5,120,14,34,59,1.0,10.0,7.07,29.95,2.88,19.34
109,IVLU.K,iShares MSCI Intl Value Factor ETF,5,120,14,34,59,1.0,10.0,7.07,0.0,3.38,18.51
109,VSGX.K,Vanguard ESG International Stock ETF,5,120,14,34,59,1.0,10.0,7.07,11.89,4.43,18.44
109,IYZ,iShares US Telecommunications ETF,5,120,14,34,59,1.0,10.0,7.07,0.0,2.72,18.43
109,SPRE.K,SP Funds S&P Global REIT Sharia ETF,5,120,14,34,59,1.0,10.0,7.07,0.0,2.3,19.4
109,FYLD.K,Cambria Foreign Shareholder Yield ETF,5,120,14,34,59,1.0,10.0,7.07,14.89,2.47,18.05
109,IDOG.K,Alps Internatl Sector Dividends Dogs ETF,5,120,14,34,59,1.0,10.0,7.07,10.71,3.45,17.51
109,HEEM.K,iShares Currency Hedged MSCI Emerging Markets ETF,5,120,14,34,59,1.0,10.0,7.07,11.54,3.11,18.04
109,ISVL.K,iShares Intl Developed Small Cap Value Factor ETF,5,120,14,34,59,1.0,10.0,7.07,13.31,3.17,17.27
109,CVAR.K,Cultivar ETF,5,120,14,34,59,1.0,10.0,7.07,0.0,2.56,17.21
109,RNEM.O,First Trust Emerging Markets Equity Select ETF,5,120,14,34,59,1.0,10.0,7.07,0.0,2.75,17.73
109,RUFF.K,Alpha Dog ETF,5,120,14,34,59,1.0,10.0,7.07,28.73,2.21,18.84
109,FLAX.K,Franklin FTSE Asia ex Japan ETF,5,120,14,34,59,1.0,10.0,7.07,0.0,2.52,19.94
109,GGM,GGM Macro Alignment ETF,5,120,14,34,59,1.0,10.0,7.07,27.08,3.42,19.1
109,OEUR.K,ALPS O'Shares Europe Quality Dividend ETF,5,120,14,34,59,1.0,10.0,7.07,0.0,4.1,17.39
109,BMED.K,BlackRock Future Health ETF,5,120,14,34,59,1.0,10.0,7.07,0.0,2.13,18.1
109,RSPE.K,Invesco ESG S&P 500 Equal Weight ETF,5,120,14,34,59,1.0,10.0,7.07,0.0,2.9,17.39
109,EFAS.O,Global X MSCI SuperDividend EAFE ETF,5,120,14,34,59,1.0,10.0,7.07,0.0,1.9,19.26
109,DTRE.K,First Trust Alerian Disruptive Technology Real Est,5,120,14,34,59,1.0,10.0,7.07,0.0,4.01,18.49
109,CIL.O,VictoryShares International Volatility Wtd Idx ETF,5,120,14,34,59,1.0,10.0,7.07,0.0,4.38,18.02
109,UIVM.O,VictoryShares International Value Momentum ETF,5,120,14,34,59,1.0,10.0,7.07,0.0,1.29,17.59
109,DWAT.K,Arrow DWA Tactical: Macro ETF,5,120,14,34,59,1.0,10.0,7.07,0.0,3.04,17.46
109,MOTE.K,VanEck Morningstar ESG Moat ETF,5,120,14,34,59,1.0,10.0,7.07,0.0,3.79,18.16
109,EMDV.K,ProShares MSCI Emerging Markets Dividend Grwrs ETF,5,120,14,34,59,1.0,10.0,7.07,0.0,2.94,19.07
109,DBP,Invesco DB Precious Metals Fund,5,120,14,34,59,1.0,10.0,7.07,0.0,4.3,17.68
109,FTXG.O,First Trust Nasdaq Food & Beverage ETF,5,120,14,34,59,1.0,10.0,7.07,0.0,3.68,17.02
109,ISZE.K,iShares MSCI Intl Size Factor ETF,5,120,14,34,59,1.0,10.0,7.07,0.0,2.64,16.8
109,GDVD.K,Copper Place Global Dividend Growth ETF,5,120,14,34,59,1.0,10.0,7.07,0.0,2.23,20.03
109,TLTE.K,FlexShares Morningstar Em Mkts Factors Tilt Idx,5,120,14,34,59,1.0,10.0,7.07,21.53,2.43,17.91
109,DGRE.O,WisdomTree Emerging Markets Quality Dividend Gro,5,120,14,34,59,1.0,10.0,7.07,15.93,2.57,19.94
109,FDEM.K,Fidelity Emerging Markets Multifactor ETF,5,120,14,34,59,1.0,10.0,7.07,12.35,2.96,18.03
109,VAMO.K,Cambria Value and Momentum ETF,5,120,14,34,59,1.0,10.0,7.07,8.41,3.21,18.44
109,DIVY.K,Sound Equity Dividend Income ETF,5,120,14,34,59,1.0,10.0,7.07,0.0,3.26,18.75
109,UEVM.O,VictoryShares Emerging Markets Value Momentum ETF,5,120,14,34,59,1.0,10.0,7.07,3.56,1.71,18.7
109,EUDV.K,ProShares MSCI Europe Dividend Growers ETF,5,120,14,34,59,1.0,10.0,7.07,0.0,4.21,18.04
109,CVY,Invesco Zacks Multi-Asset Income ETF,5,120,14,34,59,1.0,10.0,7.07,10.02,4.25,18.14
109,FJP.O,First Trust Japan AlphaDEX Fund,5,120,14,34,59,1.0,10.0,7.07,36.01,3.52,17.98
109,MKOR.K,Matthews Korea Active ETF,5,120,14,34,59,1.0,10.0,7.07,0.0,2.53,16.77
109,ASEA.K,Global X FTSE Southeast Asia ETF,5,120,14,34,59,1.0,10.0,7.07,10.9,1.84,18.25
109,IQDY.K,FlexShares International Quality Div Dyn Idx,5,120,14,34,59,1.0,10.0,7.07,16.92,3.54,18.04
109,RAAX.K,VanEck Inflation Allocation ETF,5,120,14,34,59,1.0,10.0,7.07,-1.4,2.79,16.63
109,ROAM.K,Hartford Multifactor Emerging Markets ETF,5,120,14,34,59,1.0,10.0,7.07,13.04,1.62,18.74
109,TOLZ.K,ProShares DJ Brookfield Global Infrastructure ETF,5,120,14,34,59,1.0,10.0,7.07,11.92,3.03,17.0
109,RAYE.K,Rayliant Quantamental Emg Mrkt ex-China Eqty ETF,5,120,14,34,59,1.0,10.0,7.07,24.43,3.34,17.28
109,DIM,WisdomTree International MidCap Dividend Fund,5,120,14,34,59,1.0,10.0,7.07,0.0,4.24,17.69
109,ROAM.K,Hartford Multifactor Emerging Markets ETF,5,60,14,49,59,1.0,10.0,6.87,7.47,1.62,18.74
109,IQDY.K,FlexShares International Quality Div Dyn Idx,5,60,14,49,59,1.0,10.0,6.87,4.08,3.54,18.04
109,RAAX.K,VanEck Inflation Allocation ETF,5,60,14,49,59,1.0,10.0,6.87,3.53,2.79,16.63
109,HEEM.K,iShares Currency Hedged MSCI Emerging Markets ETF,5,60,14,49,59,1.0,10.0,6.87,5.0,3.11,18.04
109,TOLZ.K,ProShares DJ Brookfield Global Infrastructure ETF,5,60,14,49,59,1.0,10.0,6.87,6.81,3.03,17.0
109,RAYE.K,Rayliant Quantamental Emg Mrkt ex-China Eqty ETF,5,60,14,49,59,1.0,10.0,6.87,26.49,3.34,17.28
109,GDVD.K,Copper Place Global Dividend Growth ETF,5,60,14,49,59,1.0,10.0,6.87,14.46,2.23,20.03
109,DIM,WisdomTree International MidCap Dividend Fund,5,60,14,49,59,1.0,10.0,6.87,4.7,4.24,17.69
109,ASEA.K,Global X FTSE Southeast Asia ETF,5,60,14,49,59,1.0,10.0,6.87,-0.56,1.84,18.25
109,EUDV.K,ProShares MSCI Europe Dividend Growers ETF,5,60,14,49,59,1.0,10.0,6.87,18.17,4.21,18.04
109,MKOR.K,Matthews Korea Active ETF,5,60,14,49,59,1.0,10.0,6.87,0.0,2.53,16.77
109,TLTE.K,FlexShares Morningstar Em Mkts Factors Tilt Idx,5,60,14,49,59,1.0,10.0,6.87,5.82,2.43,17.91
109,CVY,Invesco Zacks Multi-Asset Income ETF,5,60,14,49,59,1.0,10.0,6.87,5.28,4.25,18.14
109,UEVM.O,VictoryShares Emerging Markets Value Momentum ETF,5,60,14,49,59,1.0,10.0,6.87,8.58,1.71,18.7
109,DIVY.K,Sound Equity Dividend Income ETF,5,60,14,49,59,1.0,10.0,6.87,8.22,3.26,18.75
109,VAMO.K,Cambria Value and Momentum ETF,5,60,14,49,59,1.0,10.0,6.87,9.26,3.21,18.44
109,FDEM.K,Fidelity Emerging Markets Multifactor ETF,5,60,14,49,59,1.0,10.0,6.87,20.45,2.96,18.03
109,ISVL.K,iShares Intl Developed Small Cap Value Factor ETF,5,60,14,49,59,1.0,10.0,6.87,9.83,3.17,17.27
109,DGRE.O,WisdomTree Emerging Markets Quality Dividend Gro,5,60,14,49,59,1.0,10.0,6.87,5.42,2.57,19.94
109,FTXG.O,First Trust Nasdaq Food & Beverage ETF,5,60,14,49,59,1.0,10.0,6.87,8.32,3.68,17.02
109,EFAS.O,Global X MSCI SuperDividend EAFE ETF,5,60,14,49,59,1.0,10.0,6.87,0.61,1.9,19.26
109,CVAR.K,Cultivar ETF,5,60,14,49,59,1.0,10.0,6.87,6.35,2.56,17.21
109,RNEM.O,First Trust Emerging Markets Equity Select ETF,5,60,14,49,59,1.0,10.0,6.87,3.71,2.75,17.73
109,FLDZ.K,RiverNorth Patriot ETF,5,60,14,49,59,1.0,10.0,6.87,25.27,3.8,18.08
109,LOPP.K,Gabelli Love Our Planet & People ETF,5,60,14,49,59,1.0,10.0,6.87,4.24,3.75,17.55
109,OVF,Overlay Shares Foreign Equity ETF,5,60,14,49,59,1.0,10.0,6.87,0.42,2.07,16.94
109,ISZE.K,iShares MSCI Intl Size Factor ETF,5,60,14,49,59,1.0,10.0,6.87,7.68,2.64,16.8
109,EMDV.K,ProShares MSCI Emerging Markets Dividend Grwrs ETF,5,60,14,49,59,1.0,10.0,6.87,11.94,2.94,19.07
109,MOTE.K,VanEck Morningstar ESG Moat ETF,5,60,14,49,59,1.0,10.0,6.87,16.23,3.79,18.16
109,DWAT.K,Arrow DWA Tactical: Macro ETF,5,60,14,49,59,1.0,10.0,6.87,4.54,3.04,17.46
109,UIVM.O,VictoryShares International Value Momentum ETF,5,60,14,49,59,1.0,10.0,6.87,6.27,1.29,17.59
109,CIL.O,VictoryShares International Volatility Wtd Idx ETF,5,60,14,49,59,1.0,10.0,6.87,9.23,4.38,18.02
109,DTRE.K,First Trust Alerian Disruptive Technology Real Est,5,60,14,49,59,1.0,10.0,6.87,7.63,4.01,18.49
109,DBP,Invesco DB Precious Metals Fund,5,60,14,49,59,1.0,10.0,6.87,1.41,4.3,17.68
109,RSPE.K,Invesco ESG S&P 500 Equal Weight ETF,5,60,14,49,59,1.0,10.0,6.87,12.07,2.9,17.39
109,BMED.K,BlackRock Future Health ETF,5,60,14,49,59,1.0,10.0,6.87,0.82,2.13,18.1
109,OEUR.K,ALPS O'Shares Europe Quality Dividend ETF,5,60,14,49,59,1.0,10.0,6.87,16.72,4.1,17.39
109,GGM,GGM Macro Alignment ETF,5,60,14,49,59,1.0,10.0,6.87,-1.37,3.42,19.1
109,FLAX.K,Franklin FTSE Asia ex Japan ETF,5,60,14,49,59,1.0,10.0,6.87,9.89,2.52,19.94
109,RUFF.K,Alpha Dog ETF,5,60,14,49,59,1.0,10.0,6.87,27.67,2.21,18.84
109,EQUL.K,IQ Engender Equality ETF,5,60,14,49,59,1.0,10.0,6.87,13.57,1.95,17.77
109,FJP.O,First Trust Japan AlphaDEX Fund,5,60,14,49,59,1.0,10.0,6.87,6.27,3.52,17.98
109,IDOG.K,Alps Internatl Sector Dividends Dogs ETF,5,60,14,49,59,1.0,10.0,6.87,6.34,3.45,17.51
109,FYLD.K,Cambria Foreign Shareholder Yield ETF,5,60,14,49,59,1.0,10.0,6.87,5.41,2.47,18.05
109,CTA,Simplify Managed Futures Strategy ETF,5,60,14,49,59,1.0,10.0,6.87,3.3,2.72,16.94
109,IDV,iShares International Select Dividend ETF,5,60,14,49,59,1.0,10.0,6.87,1.47,2.04,19.19
109,IYZ,iShares US Telecommunications ETF,5,60,14,49,59,1.0,10.0,6.87,0.79,2.72,18.43
109,VSGX.K,Vanguard ESG International Stock ETF,5,60,14,49,59,1.0,10.0,6.87,18.42,4.43,18.44
109,IVLU.K,iShares MSCI Intl Value Factor ETF,5,60,14,49,59,1.0,10.0,6.87,8.99,3.38,18.51
109,ANGL.O,VanEck Fallen Angel High Yield Bond ETF,5,60,14,49,59,1.0,10.0,6.87,4.39,2.88,19.34
109,DGS,WisdomTree Emerging Markets SmallCap Dividend Fund,5,60,14,49,59,1.0,10.0,6.87,4.52,3.24,18.2
109,REET.K,iShares Global REIT ETF,5,60,14,49,59,1.0,10.0,6.87,6.18,1.43,18.76
109,DFAE.K,DFA Dimensional Emerging Core Equity Market ETF,5,60,14,49,59,1.0,10.0,6.87,-0.62,2.84,17.07
109,FLJP.K,Franklin FTSE Japan ETF,5,60,14,49,59,1.0,10.0,6.87,10.21,3.7,17.19
109,DBC,Invesco DB Commodity Index Tracking Fund,5,60,14,49,59,1.0,10.0,6.87,-3.53,1.9,17.12
109,IEUR.K,iShares Core MSCI Europe ETF,5,60,14,49,59,1.0,10.0,6.87,9.28,3.52,18.79
109,EWH,iShares MSCI Hong Kong ETF,5,60,14,49,59,1.0,10.0,6.87,0.84,2.09,19.19
109,EFV,iShares MSCI EAFE Value ETF,5,60,14,49,59,1.0,10.0,6.87,2.12,3.44,19.23
109,VXUS.O,Vanguard Total International Stock Index Fund;ETF,5,60,14,49,59,1.0,10.0,6.87,8.43,3.47,17.94
109,IEMG.K,iShares Core MSCI Emerging Markets ETF,5,60,14,49,59,1.0,10.0,6.87,5.84,3.1,19.55
109,MOTI.K,VanEck Morningstar International Moat ETF,5,60,14,49,59,1.0,10.0,6.87,2.53,2.7,18.97
109,DFIS.K,DFA Dimensional International Small Cap ETF,5,60,14,49,59,1.0,10.0,6.87,11.96,3.15,18.11
109,YMAX.K,YieldMax Universe Fund of Option Income ETFs,5,60,14,49,59,1.0,10.0,6.87,0.0,2.5,18.72
109,RWO,SPDR Dow Jones Global Real Estate ETF,5,60,14,49,59,1.0,10.0,6.87,7.01,3.94,18.44
109,INTF.K,iShares International Equity Factor ETF,5,60,14,49,59,1.0,10.0,6.87,9.82,3.8,17.7
109,GQRE.K,FlexShares Global Quality Real Estate Index Fund,5,60,14,49,59,1.0,10.0,6.87,9.64,2.73,17.21
109,GWX,SPDR S&P International Small Cap ETF,5,60,14,49,59,1.0,10.0,6.87,5.72,3.63,17.87
109,EUO,ProShares UltraShort Euro,5,60,14,49,59,1.0,10.0,6.87,7.66,3.43,16.81
109,DTH,WisdomTree International High Dividend,5,60,14,49,59,1.0,10.0,6.87,1.22,2.43,18.59
109,DOL,WisdomTree International LargeCap Dividend Fund,5,60,14,49,59,1.0,10.0,6.87,5.08,3.65,18.03
109,FIVA.K,Fidelity International Value Factor ETF,5,60,14,49,59,1.0,10.0,6.87,8.26,2.27,18.41
109,VIDI.K,Vident International Equity Strat ETF,5,60,14,49,59,1.0,10.0,6.87,2.52,1.91,17.77
109,FGD,First Trust Dow Jones Global Select Dividend Ix Fd,5,60,14,49,59,1.0,10.0,6.87,2.5,2.65,18.54
109,DBB,Invesco DB Base Metals Fund,5,60,14,49,59,1.0,10.0,6.87,-1.61,2.45,19.18
109,JPEM.K,JPMorgan Diversified Return Emerging Mkts Eqty ETF,5,60,14,49,59,1.0,10.0,6.87,7.25,2.62,18.11
109,SPRE.K,SP Funds S&P Global REIT Sharia ETF,5,60,14,49,59,1.0,10.0,6.87,-6.24,2.3,19.4
109,FDT.O,First Trust Developed Markets ex-US AlphaDEX Fund,5,60,14,49,59,1.0,10.0,6.87,8.5,2.73,18.34
109,EWX,SPDR S&P Emerging Markets Small Cap ETF,5,60,14,49,59,1.0,10.0,6.87,4.97,3.32,18.3
109,DWM,WisdomTree International Equity Fund,5,60,14,49,59,1.0,10.0,6.87,5.29,3.86,17.75
109,PID.O,Invesco International Dividend Achievers ETF,5,60,14,49,59,1.0,10.0,6.87,8.14,4.03,18.2
109,EEMS.K,iShares MSCI Emerging Markets Small-Cap ETF,5,60,14,49,59,1.0,10.0,6.87,6.55,3.79,18.75
109,HDEF.K,Xtrackers MSCI EAFE Hi Dv Yld Eq ETF,5,60,14,49,59,1.0,10.0,6.87,1.94,1.94,17.22
109,RAAX.K,VanEck Inflation Allocation ETF,5,120,14,39,69,1.0,10.0,6.57,3.18,2.79,16.63
109,ISVL.K,iShares Intl Developed Small Cap Value Factor ETF,5,120,14,39,69,1.0,10.0,6.57,11.91,3.17,17.27
109,FTXG.O,First Trust Nasdaq Food & Beverage ETF,5,120,14,39,69,1.0,10.0,6.57,0.0,3.68,17.02
109,HEEM.K,iShares Currency Hedged MSCI Emerging Markets ETF,5,120,14,39,69,1.0,10.0,6.57,12.15,3.11,18.04
109,GDVD.K,Copper Place Global Dividend Growth ETF,5,120,14,39,69,1.0,10.0,6.57,0.0,2.23,20.03
109,RAYE.K,Rayliant Quantamental Emg Mrkt ex-China Eqty ETF,5,120,14,39,69,1.0,10.0,6.57,26.37,3.34,17.28
109,TOLZ.K,ProShares DJ Brookfield Global Infrastructure ETF,5,120,14,39,69,1.0,10.0,6.57,2.69,3.03,17.0
109,ROAM.K,Hartford Multifactor Emerging Markets ETF,5,120,14,39,69,1.0,10.0,6.57,4.94,1.62,18.74
109,DIVY.K,Sound Equity Dividend Income ETF,5,120,14,39,69,1.0,10.0,6.57,4.88,3.26,18.75
109,IQDY.K,FlexShares International Quality Div Dyn Idx,5,120,14,39,69,1.0,10.0,6.57,7.19,3.54,18.04
109,ASEA.K,Global X FTSE Southeast Asia ETF,5,120,14,39,69,1.0,10.0,6.57,7.41,1.84,18.25
109,DIM,WisdomTree International MidCap Dividend Fund,5,120,14,39,69,1.0,10.0,6.57,7.39,4.24,17.69
109,MKOR.K,Matthews Korea Active ETF,5,120,14,39,69,1.0,10.0,6.57,0.0,2.53,16.77
109,TLTE.K,FlexShares Morningstar Em Mkts Factors Tilt Idx,5,120,14,39,69,1.0,10.0,6.57,22.95,2.43,17.91
109,CVY,Invesco Zacks Multi-Asset Income ETF,5,120,14,39,69,1.0,10.0,6.57,4.64,4.25,18.14
109,EUDV.K,ProShares MSCI Europe Dividend Growers ETF,5,120,14,39,69,1.0,10.0,6.57,10.77,4.21,18.04
109,UEVM.O,VictoryShares Emerging Markets Value Momentum ETF,5,120,14,39,69,1.0,10.0,6.57,2.03,1.71,18.7
109,RNEM.O,First Trust Emerging Markets Equity Select ETF,5,120,14,39,69,1.0,10.0,6.57,5.22,2.75,17.73
109,CVAR.K,Cultivar ETF,5,120,14,39,69,1.0,10.0,6.57,0.0,2.56,17.21
109,VXUS.O,Vanguard Total International Stock Index Fund;ETF,5,120,14,39,69,1.0,10.0,6.57,13.04,3.47,17.94
109,RUFF.K,Alpha Dog ETF,5,120,14,39,69,1.0,10.0,6.57,26.16,2.21,18.84
109,FLAX.K,Franklin FTSE Asia ex Japan ETF,5,120,14,39,69,1.0,10.0,6.57,17.79,2.52,19.94
109,FDEM.K,Fidelity Emerging Markets Multifactor ETF,5,120,14,39,69,1.0,10.0,6.57,18.85,2.96,18.03
109,FLDZ.K,RiverNorth Patriot ETF,5,120,14,39,69,1.0,10.0,6.57,0.0,3.8,18.08
109,EQUL.K,IQ Engender Equality ETF,5,120,14,39,69,1.0,10.0,6.57,0.0,1.95,17.77
109,LOPP.K,Gabelli Love Our Planet & People ETF,5,120,14,39,69,1.0,10.0,6.57,4.75,3.75,17.55
109,OVF,Overlay Shares Foreign Equity ETF,5,120,14,39,69,1.0,10.0,6.57,12.41,2.07,16.94
109,ISZE.K,iShares MSCI Intl Size Factor ETF,5,120,14,39,69,1.0,10.0,6.57,7.42,2.64,16.8
109,EMDV.K,ProShares MSCI Emerging Markets Dividend Grwrs ETF,5,120,14,39,69,1.0,10.0,6.57,0.0,2.94,19.07
109,MOTE.K,VanEck Morningstar ESG Moat ETF,5,120,14,39,69,1.0,10.0,6.57,0.0,3.79,18.16
109,DWAT.K,Arrow DWA Tactical: Macro ETF,5,120,14,39,69,1.0,10.0,6.57,10.35,3.04,17.46
109,UIVM.O,VictoryShares International Value Momentum ETF,5,120,14,39,69,1.0,10.0,6.57,1.75,1.29,17.59
109,CIL.O,VictoryShares International Volatility Wtd Idx ETF,5,120,14,39,69,1.0,10.0,6.57,11.17,4.38,18.02
109,DTRE.K,First Trust Alerian Disruptive Technology Real Est,5,120,14,39,69,1.0,10.0,6.57,1.35,4.01,18.49
109,EFAS.O,Global X MSCI SuperDividend EAFE ETF,5,120,14,39,69,1.0,10.0,6.57,-1.2,1.9,19.26
109,RSPE.K,Invesco ESG S&P 500 Equal Weight ETF,5,120,14,39,69,1.0,10.0,6.57,0.0,2.9,17.39
109,BMED.K,BlackRock Future Health ETF,5,120,14,39,69,1.0,10.0,6.57,5.49,2.13,18.1
109,OEUR.K,ALPS O'Shares Europe Quality Dividend ETF,5,120,14,39,69,1.0,10.0,6.57,0.0,4.1,17.39
109,GGM,GGM Macro Alignment ETF,5,120,14,39,69,1.0,10.0,6.57,1.4,3.42,19.1
109,VAMO.K,Cambria Value and Momentum ETF,5,120,14,39,69,1.0,10.0,6.57,1.69,3.21,18.44
109,PID.O,Invesco International Dividend Achievers ETF,5,120,14,39,69,1.0,10.0,6.57,4.33,4.03,18.2
109,DGRE.O,WisdomTree Emerging Markets Quality Dividend Gro,5,120,14,39,69,1.0,10.0,6.57,18.29,2.57,19.94
109,FJP.O,First Trust Japan AlphaDEX Fund,5,120,14,39,69,1.0,10.0,6.57,2.07,3.52,17.98
109,FYLD.K,Cambria Foreign Shareholder Yield ETF,5,120,14,39,69,1.0,10.0,6.57,3.45,2.47,18.05
109,DFIS.K,DFA Dimensional International Small Cap ETF,5,120,14,39,69,1.0,10.0,6.57,0.0,3.15,18.11
109,CTA,Simplify Managed Futures Strategy ETF,5,120,14,39,69,1.0,10.0,6.57,0.0,2.72,16.94
109,IDV,iShares International Select Dividend ETF,5,120,14,39,69,1.0,10.0,6.57,0.07,2.04,19.19
109,IYZ,iShares US Telecommunications ETF,5,120,14,39,69,1.0,10.0,6.57,-3.92,2.72,18.43
109,VSGX.K,Vanguard ESG International Stock ETF,5,120,14,39,69,1.0,10.0,6.57,11.89,4.43,18.44
109,IVLU.K,iShares MSCI Intl Value Factor ETF,5,120,14,39,69,1.0,10.0,6.57,7.85,3.38,18.51
109,ANGL.O,VanEck Fallen Angel High Yield Bond ETF,5,120,14,39,69,1.0,10.0,6.57,7.47,2.88,19.34
109,YMAX.K,YieldMax Universe Fund of Option Income ETFs,5,120,14,39,69,1.0,10.0,6.57,0.0,2.5,18.72
109,DGS,WisdomTree Emerging Markets SmallCap Dividend Fund,5,120,14,39,69,1.0,10.0,6.57,17.22,3.24,18.2
109,REET.K,iShares Global REIT ETF,5,120,14,39,69,1.0,10.0,6.57,3.03,1.43,18.76
109,DFAE.K,DFA Dimensional Emerging Core Equity Market ETF,5,120,14,39,69,1.0,10.0,6.57,11.21,2.84,17.07
109,FLJP.K,Franklin FTSE Japan ETF,5,120,14,39,69,1.0,10.0,6.57,13.36,3.7,17.19
109,DBC,Invesco DB Commodity Index Tracking Fund,5,120,14,39,69,1.0,10.0,6.57,0.8,1.9,17.12
109,IEUR.K,iShares Core MSCI Europe ETF,5,120,14,39,69,1.0,10.0,6.57,26.04,3.52,18.79
109,EWH,iShares MSCI Hong Kong ETF,5,120,14,39,69,1.0,10.0,6.57,-27.96,2.09,19.19
109,IEMG.K,iShares Core MSCI Emerging Markets ETF,5,120,14,39,69,1.0,10.0,6.57,21.8,3.1,19.55
109,RWO,SPDR Dow Jones Global Real Estate ETF,5,120,14,39,69,1.0,10.0,6.57,2.21,3.94,18.44
109,GQRE.K,FlexShares Global Quality Real Estate Index Fund,5,120,14,39,69,1.0,10.0,6.57,-1.2,2.73,17.21
109,HDEF.K,Xtrackers MSCI EAFE Hi Dv Yld Eq ETF,5,120,14,39,69,1.0,10.0,6.57,12.48,1.94,17.22
109,EEMS.K,iShares MSCI Emerging Markets Small-Cap ETF,5,120,14,39,69,1.0,10.0,6.57,22.85,3.79,18.75
109,DBP,Invesco DB Precious Metals Fund,5,120,14,39,69,1.0,10.0,6.57,0.22,4.3,17.68
109,IDOG.K,Alps Internatl Sector Dividends Dogs ETF,5,120,14,39,69,1.0,10.0,6.57,7.98,3.45,17.51
109,MOTI.K,VanEck Morningstar International Moat ETF,5,120,14,39,69,1.0,10.0,6.57,7.0,2.7,18.97
109,SPRE.K,SP Funds S&P Global REIT Sharia ETF,5,120,14,39,69,1.0,10.0,6.57,0.0,2.3,19.4
109,GWX,SPDR S&P International Small Cap ETF,5,120,14,39,69,1.0,10.0,6.57,7.5,3.63,17.87
109,EUO,ProShares UltraShort Euro,5,120,14,39,69,1.0,10.0,6.57,13.86,3.43,16.81
109,DTH,WisdomTree International High Dividend,5,120,14,39,69,1.0,10.0,6.57,0.58,2.43,18.59
109,DOL,WisdomTree International LargeCap Dividend Fund,5,120,14,39,69,1.0,10.0,6.57,5.2,3.65,18.03
109,FIVA.K,Fidelity International Value Factor ETF,5,120,14,39,69,1.0,10.0,6.57,3.73,2.27,18.41
109,DBB,Invesco DB Base Metals Fund,5,120,14,39,69,1.0,10.0,6.57,4.67,2.45,19.18
109,VIDI.K,Vident International Equity Strat ETF,5,120,14,39,69,1.0,10.0,6.57,1.95,1.91,17.77
109,FGD,First Trust Dow Jones Global Select Dividend Ix Fd,5,120,14,39,69,1.0,10.0,6.57,2.89,2.65,18.54
109,INTF.K,iShares International Equity Factor ETF,5,120,14,39,69,1.0,10.0,6.57,15.64,3.8,17.7
109,JPEM.K,JPMorgan Diversified Return Emerging Mkts Eqty ETF,5,120,14,39,69,1.0,10.0,6.57,14.6,2.62,18.11
109,FDT.O,First Trust Developed Markets ex-US AlphaDEX Fund,5,120,14,39,69,1.0,10.0,6.57,8.64,2.73,18.34
109,EWX,SPDR S&P Emerging Markets Small Cap ETF,5,120,14,39,69,1.0,10.0,6.57,5.39,3.32,18.3
109,DWM,WisdomTree International Equity Fund,5,120,14,39,69,1.0,10.0,6.57,12.8,3.86,17.75
109,EFV,iShares MSCI EAFE Value ETF,5,120,14,39,69,1.0,10.0,6.57,6.36,3.44,19.23
109,LOPP.K,Gabelli Love Our Planet & People ETF,5,60,14,49,64,1.0,10.0,6.44,4.24,3.75,17.55
109,FLDZ.K,RiverNorth Patriot ETF,5,60,14,49,64,1.0,10.0,6.44,19.83,3.8,18.08
109,RWO,SPDR Dow Jones Global Real Estate ETF,5,60,14,49,64,1.0,10.0,6.44,8.91,3.94,18.44
109,MOTI.K,VanEck Morningstar International Moat ETF,5,60,14,49,64,1.0,10.0,6.44,4.44,2.7,18.97
109,OVF,Overlay Shares Foreign Equity ETF,5,60,14,49,64,1.0,10.0,6.44,0.42,2.07,16.94
109,GQRE.K,FlexShares Global Quality Real Estate Index Fund,5,60,14,49,64,1.0,10.0,6.44,4.61,2.73,17.21
109,HDEF.K,Xtrackers MSCI EAFE Hi Dv Yld Eq ETF,5,60,14,49,64,1.0,10.0,6.44,0.89,1.94,17.22
109,EEMS.K,iShares MSCI Emerging Markets Small-Cap ETF,5,60,14,49,64,1.0,10.0,6.44,6.45,3.79,18.75
109,PID.O,Invesco International Dividend Achievers ETF,5,60,14,49,64,1.0,10.0,6.44,4.99,4.03,18.2
109,DWM,WisdomTree International Equity Fund,5,60,14,49,64,1.0,10.0,6.44,4.17,3.86,17.75
109,EWX,SPDR S&P Emerging Markets Small Cap ETF,5,60,14,49,64,1.0,10.0,6.44,5.39,3.32,18.3
109,FDT.O,First Trust Developed Markets ex-US AlphaDEX Fund,5,60,14,49,64,1.0,10.0,6.44,8.03,2.73,18.34
109,JPEM.K,JPMorgan Diversified Return Emerging Mkts Eqty ETF,5,60,14,49,64,1.0,10.0,6.44,5.08,2.62,18.11
109,INTF.K,iShares International Equity Factor ETF,5,60,14,49,64,1.0,10.0,6.44,10.84,3.8,17.7
109,FGD,First Trust Dow Jones Global Select Dividend Ix Fd,5,60,14,49,64,1.0,10.0,6.44,4.11,2.65,18.54
109,DBB,Invesco DB Base Metals Fund,5,60,14,49,64,1.0,10.0,6.44,0.49,2.45,19.18
109,FIVA.K,Fidelity International Value Factor ETF,5,60,14,49,64,1.0,10.0,6.44,10.01,2.27,18.41
109,DOL,WisdomTree International LargeCap Dividend Fund,5,60,14,49,64,1.0,10.0,6.44,3.8,3.65,18.03
109,DTH,WisdomTree International High Dividend,5,60,14,49,64,1.0,10.0,6.44,1.84,2.43,18.59
109,EUO,ProShares UltraShort Euro,5,60,14,49,64,1.0,10.0,6.44,9.35,3.43,16.81
109,GWX,SPDR S&P International Small Cap ETF,5,60,14,49,64,1.0,10.0,6.44,7.62,3.63,17.87
109,FYLD.K,Cambria Foreign Shareholder Yield ETF,5,60,14,49,64,1.0,10.0,6.44,5.61,2.47,18.05
109,DFIS.K,DFA Dimensional International Small Cap ETF,5,60,14,49,64,1.0,10.0,6.44,10.79,3.15,18.11
109,CTA,Simplify Managed Futures Strategy ETF,5,60,14,49,64,1.0,10.0,6.44,3.3,2.72,16.94
109,FLJP.K,Franklin FTSE Japan ETF,5,60,14,49,64,1.0,10.0,6.44,11.56,3.7,17.19
109,EQUL.K,IQ Engender Equality ETF,5,60,14,49,64,1.0,10.0,6.44,9.06,1.95,17.77
109,IEMG.K,iShares Core MSCI Emerging Markets ETF,5,60,14,49,64,1.0,10.0,6.44,8.07,3.1,19.55
109,VXUS.O,Vanguard Total International Stock Index Fund;ETF,5,60,14,49,64,1.0,10.0,6.44,7.45,3.47,17.94
109,EFV,iShares MSCI EAFE Value ETF,5,60,14,49,64,1.0,10.0,6.44,4.18,3.44,19.23
109,EWH,iShares MSCI Hong Kong ETF,5,60,14,49,64,1.0,10.0,6.44,1.06,2.09,19.19
109,IEUR.K,iShares Core MSCI Europe ETF,5,60,14,49,64,1.0,10.0,6.44,10.59,3.52,18.79
109,DBC,Invesco DB Commodity Index Tracking Fund,5,60,14,49,64,1.0,10.0,6.44,-3.66,1.9,17.12
109,DFAE.K,DFA Dimensional Emerging Core Equity Market ETF,5,60,14,49,64,1.0,10.0,6.44,-0.62,2.84,17.07
109,IDV,iShares International Select Dividend ETF,5,60,14,49,64,1.0,10.0,6.44,2.05,2.04,19.19
109,REET.K,iShares Global REIT ETF,5,60,14,49,64,1.0,10.0,6.44,7.8,1.43,18.76
109,DGS,WisdomTree Emerging Markets SmallCap Dividend Fund,5,60,14,49,64,1.0,10.0,6.44,4.44,3.24,18.2
109,YMAX.K,YieldMax Universe Fund of Option Income ETFs,5,60,14,49,64,1.0,10.0,6.44,0.0,2.5,18.72
109,ANGL.O,VanEck Fallen Angel High Yield Bond ETF,5,60,14,49,64,1.0,10.0,6.44,3.3,2.88,19.34
109,IVLU.K,iShares MSCI Intl Value Factor ETF,5,60,14,49,64,1.0,10.0,6.44,10.98,3.38,18.51
109,VSGX.K,Vanguard ESG International Stock ETF,5,60,14,49,64,1.0,10.0,6.44,20.02,4.43,18.44
109,IYZ,iShares US Telecommunications ETF,5,60,14,49,64,1.0,10.0,6.44,2.93,2.72,18.43
109,SPRE.K,SP Funds S&P Global REIT Sharia ETF,5,60,14,49,64,1.0,10.0,6.44,-6.24,2.3,19.4
109,VIDI.K,Vident International Equity Strat ETF,5,60,14,49,64,1.0,10.0,6.44,3.57,1.91,17.77
109,IDOG.K,Alps Internatl Sector Dividends Dogs ETF,5,60,14,49,64,1.0,10.0,6.44,3.23,3.45,17.51
109,HEEM.K,iShares Currency Hedged MSCI Emerging Markets ETF,5,60,14,49,64,1.0,10.0,6.44,6.42,3.11,18.04
109,ISVL.K,iShares Intl Developed Small Cap Value Factor ETF,5,60,14,49,64,1.0,10.0,6.44,8.87,3.17,17.27
109,CVAR.K,Cultivar ETF,5,60,14,49,64,1.0,10.0,6.44,6.35,2.56,17.21
109,RNEM.O,First Trust Emerging Markets Equity Select ETF,5,60,14,49,64,1.0,10.0,6.44,0.6,2.75,17.73
109,RUFF.K,Alpha Dog ETF,5,60,14,49,64,1.0,10.0,6.44,28.27,2.21,18.84
109,FLAX.K,Franklin FTSE Asia ex Japan ETF,5,60,14,49,64,1.0,10.0,6.44,12.34,2.52,19.94
109,GGM,GGM Macro Alignment ETF,5,60,14,49,64,1.0,10.0,6.44,0.35,3.42,19.1
109,DBP,Invesco DB Precious Metals Fund,5,60,14,49,64,1.0,10.0,6.44,3.3,4.3,17.68
109,BMED.K,BlackRock Future Health ETF,5,60,14,49,64,1.0,10.0,6.44,0.82,2.13,18.1
109,RSPE.K,Invesco ESG S&P 500 Equal Weight ETF,5,60,14,49,64,1.0,10.0,6.44,9.75,2.9,17.39
109,EFAS.O,Global X MSCI SuperDividend EAFE ETF,5,60,14,49,64,1.0,10.0,6.44,-1.12,1.9,19.26
109,DTRE.K,First Trust Alerian Disruptive Technology Real Est,5,60,14,49,64,1.0,10.0,6.44,8.9,4.01,18.49
109,CIL.O,VictoryShares International Volatility Wtd Idx ETF,5,60,14,49,64,1.0,10.0,6.44,10.57,4.38,18.02
109,UIVM.O,VictoryShares International Value Momentum ETF,5,60,14,49,64,1.0,10.0,6.44,7.41,1.29,17.59
109,DWAT.K,Arrow DWA Tactical: Macro ETF,5,60,14,49,64,1.0,10.0,6.44,4.4,3.04,17.46
109,MOTE.K,VanEck Morningstar ESG Moat ETF,5,60,14,49,64,1.0,10.0,6.44,12.59,3.79,18.16
109,EMDV.K,ProShares MSCI Emerging Markets Dividend Grwrs ETF,5,60,14,49,64,1.0,10.0,6.44,3.49,2.94,19.07
109,ISZE.K,iShares MSCI Intl Size Factor ETF,5,60,14,49,64,1.0,10.0,6.44,8.43,2.64,16.8
109,FTXG.O,First Trust Nasdaq Food & Beverage ETF,5,60,14,49,64,1.0,10.0,6.44,4.41,3.68,17.02
109,OEUR.K,ALPS O'Shares Europe Quality Dividend ETF,5,60,14,49,64,1.0,10.0,6.44,12.05,4.1,17.39
109,GDVD.K,Copper Place Global Dividend Growth ETF,5,60,14,49,64,1.0,10.0,6.44,-0.25,2.23,20.03
109,CVY,Invesco Zacks Multi-Asset Income ETF,5,60,14,49,64,1.0,10.0,6.44,6.25,4.25,18.14
109,RAYE.K,Rayliant Quantamental Emg Mrkt ex-China Eqty ETF,5,60,14,49,64,1.0,10.0,6.44,25.08,3.34,17.28
109,DGRE.O,WisdomTree Emerging Markets Quality Dividend Gro,5,60,14,49,64,1.0,10.0,6.44,7.15,2.57,19.94
109,FDEM.K,Fidelity Emerging Markets Multifactor ETF,5,60,14,49,64,1.0,10.0,6.44,21.38,2.96,18.03
109,VAMO.K,Cambria Value and Momentum ETF,5,60,14,49,64,1.0,10.0,6.44,9.23,3.21,18.44
109,DIVY.K,Sound Equity Dividend Income ETF,5,60,14,49,64,1.0,10.0,6.44,0.56,3.26,18.75
109,UEVM.O,VictoryShares Emerging Markets Value Momentum ETF,5,60,14,49,64,1.0,10.0,6.44,9.73,1.71,18.7
109,EUDV.K,ProShares MSCI Europe Dividend Growers ETF,5,60,14,49,64,1.0,10.0,6.44,13.48,4.21,18.04
109,FJP.O,First Trust Japan AlphaDEX Fund,5,60,14,49,64,1.0,10.0,6.44,5.0,3.52,17.98
109,TLTE.K,FlexShares Morningstar Em Mkts Factors Tilt Idx,5,60,14,49,64,1.0,10.0,6.44,7.88,2.43,17.91
109,IQDY.K,FlexShares International Quality Div Dyn Idx,5,60,14,49,64,1.0,10.0,6.44,5.77,3.54,18.04
109,MKOR.K,Matthews Korea Active ETF,5,60,14,49,64,1.0,10.0,6.44,0.0,2.53,16.77
109,ROAM.K,Hartford Multifactor Emerging Markets ETF,5,60,14,49,64,1.0,10.0,6.44,9.5,1.62,18.74
109,RAAX.K,VanEck Inflation Allocation ETF,5,60,14,49,64,1.0,10.0,6.44,4.05,2.79,16.63
109,TOLZ.K,ProShares DJ Brookfield Global Infrastructure ETF,5,60,14,49,64,1.0,10.0,6.44,4.3,3.03,17.0
109,ASEA.K,Global X FTSE Southeast Asia ETF,5,60,14,49,64,1.0,10.0,6.44,-1.13,1.84,18.25
109,DIM,WisdomTree International MidCap Dividend Fund,5,60,14,49,64,1.0,10.0,6.44,6.52,4.24,17.69
109,DBB,Invesco DB Base Metals Fund,5,60,14,34,69,1.0,10.0,6.34,31.47,2.45,19.18
109,DWM,WisdomTree International Equity Fund,5,60,14,34,69,1.0,10.0,6.34,0.0,3.86,17.75
109,EWX,SPDR S&P Emerging Markets Small Cap ETF,5,60,14,34,69,1.0,10.0,6.34,3.58,3.32,18.3
109,FDT.O,First Trust Developed Markets ex-US AlphaDEX Fund,5,60,14,34,69,1.0,10.0,6.34,4.97,2.73,18.34
109,JPEM.K,JPMorgan Diversified Return Emerging Mkts Eqty ETF,5,60,14,34,69,1.0,10.0,6.34,24.43,2.62,18.11
109,PID.O,Invesco International Dividend Achievers ETF,5,60,14,34,69,1.0,10.0,6.34,1.96,4.03,18.2
109,INTF.K,iShares International Equity Factor ETF,5,60,14,34,69,1.0,10.0,6.34,0.0,3.8,17.7
109,FGD,First Trust Dow Jones Global Select Dividend Ix Fd,5,60,14,34,69,1.0,10.0,6.34,6.94,2.65,18.54
109,VIDI.K,Vident International Equity Strat ETF,5,60,14,34,69,1.0,10.0,6.34,4.62,1.91,17.77
109,EUO,ProShares UltraShort Euro,5,60,14,34,69,1.0,10.0,6.34,10.44,3.43,16.81
109,FIVA.K,Fidelity International Value Factor ETF,5,60,14,34,69,1.0,10.0,6.34,10.73,2.27,18.41
109,DOL,WisdomTree International LargeCap Dividend Fund,5,60,14,34,69,1.0,10.0,6.34,0.0,3.65,18.03
109,DTH,WisdomTree International High Dividend,5,60,14,34,69,1.0,10.0,6.34,0.99,2.43,18.59
109,GWX,SPDR S&P International Small Cap ETF,5,60,14,34,69,1.0,10.0,6.34,0.0,3.63,17.87
109,SPRE.K,SP Funds S&P Global REIT Sharia ETF,5,60,14,34,69,1.0,10.0,6.34,0.0,2.3,19.4
109,MOTI.K,VanEck Morningstar International Moat ETF,5,60,14,34,69,1.0,10.0,6.34,0.0,2.7,18.97
109,IDOG.K,Alps Internatl Sector Dividends Dogs ETF,5,60,14,34,69,1.0,10.0,6.34,7.62,3.45,17.51
109,HDEF.K,Xtrackers MSCI EAFE Hi Dv Yld Eq ETF,5,60,14,34,69,1.0,10.0,6.34,3.07,1.94,17.22
109,EEMS.K,iShares MSCI Emerging Markets Small-Cap ETF,5,60,14,34,69,1.0,10.0,6.34,17.2,3.79,18.75
109,VXUS.O,Vanguard Total International Stock Index Fund;ETF,5,60,14,34,69,1.0,10.0,6.34,15.26,3.47,17.94
109,GQRE.K,FlexShares Global Quality Real Estate Index Fund,5,60,14,34,69,1.0,10.0,6.34,0.0,2.73,17.21
109,RWO,SPDR Dow Jones Global Real Estate ETF,5,60,14,34,69,1.0,10.0,6.34,2.63,3.94,18.44
109,EFV,iShares MSCI EAFE Value ETF,5,60,14,34,69,1.0,10.0,6.34,11.69,3.44,19.23
109,EWH,iShares MSCI Hong Kong ETF,5,60,14,34,69,1.0,10.0,6.34,2.63,2.09,19.19
109,IEUR.K,iShares Core MSCI Europe ETF,5,60,14,34,69,1.0,10.0,6.34,8.42,3.52,18.79
109,DBC,Invesco DB Commodity Index Tracking Fund,5,60,14,34,69,1.0,10.0,6.34,1.1,1.9,17.12
109,FLJP.K,Franklin FTSE Japan ETF,5,60,14,34,69,1.0,10.0,6.34,11.08,3.7,17.19
109,DFAE.K,DFA Dimensional Emerging Core Equity Market ETF,5,60,14,34,69,1.0,10.0,6.34,7.14,2.84,17.07
109,REET.K,iShares Global REIT ETF,5,60,14,34,69,1.0,10.0,6.34,3.87,1.43,18.76
109,DGS,WisdomTree Emerging Markets SmallCap Dividend Fund,5,60,14,34,69,1.0,10.0,6.34,14.88,3.24,18.2
109,YMAX.K,YieldMax Universe Fund of Option Income ETFs,5,60,14,34,69,1.0,10.0,6.34,0.0,2.5,18.72
109,ANGL.O,VanEck Fallen Angel High Yield Bond ETF,5,60,14,34,69,1.0,10.0,6.34,3.31,2.88,19.34
109,IVLU.K,iShares MSCI Intl Value Factor ETF,5,60,14,34,69,1.0,10.0,6.34,11.33,3.38,18.51
109,VSGX.K,Vanguard ESG International Stock ETF,5,60,14,34,69,1.0,10.0,6.34,13.05,4.43,18.44
109,IYZ,iShares US Telecommunications ETF,5,60,14,34,69,1.0,10.0,6.34,0.0,2.72,18.43
109,IDV,iShares International Select Dividend ETF,5,60,14,34,69,1.0,10.0,6.34,-0.59,2.04,19.19
109,CTA,Simplify Managed Futures Strategy ETF,5,60,14,34,69,1.0,10.0,6.34,0.0,2.72,16.94
109,DFIS.K,DFA Dimensional International Small Cap ETF,5,60,14,34,69,1.0,10.0,6.34,0.0,3.15,18.11
109,FYLD.K,Cambria Foreign Shareholder Yield ETF,5,60,14,34,69,1.0,10.0,6.34,8.03,2.47,18.05
109,DBP,Invesco DB Precious Metals Fund,5,60,14,34,69,1.0,10.0,6.34,0.0,4.3,17.68
109,FJP.O,First Trust Japan AlphaDEX Fund,5,60,14,34,69,1.0,10.0,6.34,15.75,3.52,17.98
109,DGRE.O,WisdomTree Emerging Markets Quality Dividend Gro,5,60,14,34,69,1.0,10.0,6.34,11.79,2.57,19.94
109,UIVM.O,VictoryShares International Value Momentum ETF,5,60,14,34,69,1.0,10.0,6.34,2.12,1.29,17.59
109,FLAX.K,Franklin FTSE Asia ex Japan ETF,5,60,14,34,69,1.0,10.0,6.34,10.21,2.52,19.94
109,GGM,GGM Macro Alignment ETF,5,60,14,34,69,1.0,10.0,6.34,4.3,3.42,19.1
109,OEUR.K,ALPS O'Shares Europe Quality Dividend ETF,5,60,14,34,69,1.0,10.0,6.34,0.0,4.1,17.39
109,BMED.K,BlackRock Future Health ETF,5,60,14,34,69,1.0,10.0,6.34,6.16,2.13,18.1
109,RSPE.K,Invesco ESG S&P 500 Equal Weight ETF,5,60,14,34,69,1.0,10.0,6.34,0.0,2.9,17.39
109,EFAS.O,Global X MSCI SuperDividend EAFE ETF,5,60,14,34,69,1.0,10.0,6.34,5.68,1.9,19.26
109,DTRE.K,First Trust Alerian Disruptive Technology Real Est,5,60,14,34,69,1.0,10.0,6.34,5.81,4.01,18.49
109,CIL.O,VictoryShares International Volatility Wtd Idx ETF,5,60,14,34,69,1.0,10.0,6.34,0.0,4.38,18.02
109,DWAT.K,Arrow DWA Tactical: Macro ETF,5,60,14,34,69,1.0,10.0,6.34,0.0,3.04,17.46
109,RNEM.O,First Trust Emerging Markets Equity Select ETF,5,60,14,34,69,1.0,10.0,6.34,15.91,2.75,17.73
109,MOTE.K,VanEck Morningstar ESG Moat ETF,5,60,14,34,69,1.0,10.0,6.34,0.0,3.79,18.16
109,EMDV.K,ProShares MSCI Emerging Markets Dividend Grwrs ETF,5,60,14,34,69,1.0,10.0,6.34,-1.5,2.94,19.07
109,ISZE.K,iShares MSCI Intl Size Factor ETF,5,60,14,34,69,1.0,10.0,6.34,0.0,2.64,16.8
109,OVF,Overlay Shares Foreign Equity ETF,5,60,14,34,69,1.0,10.0,6.34,12.95,2.07,16.94
109,LOPP.K,Gabelli Love Our Planet & People ETF,5,60,14,34,69,1.0,10.0,6.34,4.24,3.75,17.55
109,EQUL.K,IQ Engender Equality ETF,5,60,14,34,69,1.0,10.0,6.34,0.0,1.95,17.77
109,FLDZ.K,RiverNorth Patriot ETF,5,60,14,34,69,1.0,10.0,6.34,0.0,3.8,18.08
109,FDEM.K,Fidelity Emerging Markets Multifactor ETF,5,60,14,34,69,1.0,10.0,6.34,11.64,2.96,18.03
109,RUFF.K,Alpha Dog ETF,5,60,14,34,69,1.0,10.0,6.34,25.41,2.21,18.84
109,IEMG.K,iShares Core MSCI Emerging Markets ETF,5,60,14,34,69,1.0,10.0,6.34,11.7,3.1,19.55
109,CVAR.K,Cultivar ETF,5,60,14,34,69,1.0,10.0,6.34,0.0,2.56,17.21
109,ASEA.K,Global X FTSE Southeast Asia ETF,5,60,14,34,69,1.0,10.0,6.34,8.34,1.84,18.25
109,ISVL.K,iShares Intl Developed Small Cap Value Factor ETF,5,60,14,34,69,1.0,10.0,6.34,15.71,3.17,17.27
109,DIVY.K,Sound Equity Dividend Income ETF,5,60,14,34,69,1.0,10.0,6.34,6.04,3.26,18.75
109,UEVM.O,VictoryShares Emerging Markets Value Momentum ETF,5,60,14,34,69,1.0,10.0,6.34,2.82,1.71,18.7
109,EUDV.K,ProShares MSCI Europe Dividend Growers ETF,5,60,14,34,69,1.0,10.0,6.34,10.33,4.21,18.04
109,CVY,Invesco Zacks Multi-Asset Income ETF,5,60,14,34,69,1.0,10.0,6.34,4.31,4.25,18.14
109,TLTE.K,FlexShares Morningstar Em Mkts Factors Tilt Idx,5,60,14,34,69,1.0,10.0,6.34,11.89,2.43,17.91
109,MKOR.K,Matthews Korea Active ETF,5,60,14,34,69,1.0,10.0,6.34,0.0,2.53,16.77
109,DIM,WisdomTree International MidCap Dividend Fund,5,60,14,34,69,1.0,10.0,6.34,0.0,4.24,17.69
109,VAMO.K,Cambria Value and Momentum ETF,5,60,14,34,69,1.0,10.0,6.34,1.58,3.21,18.44
109,IQDY.K,FlexShares International Quality Div Dyn Idx,5,60,14,34,69,1.0,10.0,6.34,12.4,3.54,18.04
109,ROAM.K,Hartford Multifactor Emerging Markets ETF,5,60,14,34,69,1.0,10.0,6.34,15.38,1.62,18.74
109,TOLZ.K,ProShares DJ Brookfield Global Infrastructure ETF,5,60,14,34,69,1.0,10.0,6.34,1.77,3.03,17.0
109,RAYE.K,Rayliant Quantamental Emg Mrkt ex-China Eqty ETF,5,60,14,34,69,1.0,10.0,6.34,27.82,3.34,17.28
109,GDVD.K,Copper Place Global Dividend Growth ETF,5,60,14,34,69,1.0,10.0,6.34,-0.25,2.23,20.03
109,HEEM.K,iShares Currency Hedged MSCI Emerging Markets ETF,5,60,14,34,69,1.0,10.0,6.34,13.43,3.11,18.04
109,RAAX.K,VanEck Inflation Allocation ETF,5,60,14,34,69,1.0,10.0,6.34,4.04,2.79,16.63
109,FTXG.O,First Trust Nasdaq Food & Beverage ETF,5,60,14,34,69,1.0,10.0,6.34,0.0,3.68,17.02
109,FGD,First Trust Dow Jones Global Select Dividend Ix Fd,5,120,14,44,69,1.0,10.0,6.26,2.47,2.65,18.54
109,EEMS.K,iShares MSCI Emerging Markets Small-Cap ETF,5,120,14,44,69,1.0,10.0,6.26,8.5,3.79,18.75
109,PID.O,Invesco International Dividend Achievers ETF,5,120,14,44,69,1.0,10.0,6.26,4.33,4.03,18.2
109,DWM,WisdomTree International Equity Fund,5,120,14,44,69,1.0,10.0,6.26,3.92,3.86,17.75
109,EWX,SPDR S&P Emerging Markets Small Cap ETF,5,120,14,44,69,1.0,10.0,6.26,7.32,3.32,18.3
109,FDT.O,First Trust Developed Markets ex-US AlphaDEX Fund,5,120,14,44,69,1.0,10.0,6.26,4.43,2.73,18.34
109,JPEM.K,JPMorgan Diversified Return Emerging Mkts Eqty ETF,5,120,14,44,69,1.0,10.0,6.26,5.08,2.62,18.11
109,INTF.K,iShares International Equity Factor ETF,5,120,14,44,69,1.0,10.0,6.26,8.46,3.8,17.7
109,FIVA.K,Fidelity International Value Factor ETF,5,120,14,44,69,1.0,10.0,6.26,3.73,2.27,18.41
109,VIDI.K,Vident International Equity Strat ETF,5,120,14,44,69,1.0,10.0,6.26,1.95,1.91,17.77
109,DBB,Invesco DB Base Metals Fund,5,120,14,44,69,1.0,10.0,6.26,2.2,2.45,19.18
109,DOL,WisdomTree International LargeCap Dividend Fund,5,120,14,44,69,1.0,10.0,6.26,4.64,3.65,18.03
109,DTH,WisdomTree International High Dividend,5,120,14,44,69,1.0,10.0,6.26,0.52,2.43,18.59
109,EUO,ProShares UltraShort Euro,5,120,14,44,69,1.0,10.0,6.26,13.39,3.43,16.81
109,GWX,SPDR S&P International Small Cap ETF,5,120,14,44,69,1.0,10.0,6.26,7.06,3.63,17.87
109,SPRE.K,SP Funds S&P Global REIT Sharia ETF,5,120,14,44,69,1.0,10.0,6.26,-0.59,2.3,19.4
109,HDEF.K,Xtrackers MSCI EAFE Hi Dv Yld Eq ETF,5,120,14,44,69,1.0,10.0,6.26,2.35,1.94,17.22
109,MOTI.K,VanEck Morningstar International Moat ETF,5,120,14,44,69,1.0,10.0,6.26,1.17,2.7,18.97
109,VSGX.K,Vanguard ESG International Stock ETF,5,120,14,44,69,1.0,10.0,6.26,11.89,4.43,18.44
109,GQRE.K,FlexShares Global Quality Real Estate Index Fund,5,120,14,44,69,1.0,10.0,6.26,-1.2,2.73,17.21
109,RWO,SPDR Dow Jones Global Real Estate ETF,5,120,14,44,69,1.0,10.0,6.26,-1.81,3.94,18.44
109,EFV,iShares MSCI EAFE Value ETF,5,120,14,44,69,1.0,10.0,6.26,3.51,3.44,19.23
109,EWH,iShares MSCI Hong Kong ETF,5,120,14,44,69,1.0,10.0,6.26,1.18,2.09,19.19
109,IEUR.K,iShares Core MSCI Europe ETF,5,120,14,44,69,1.0,10.0,6.26,13.7,3.52,18.79
109,DBC,Invesco DB Commodity Index Tracking Fund,5,120,14,44,69,1.0,10.0,6.26,-4.07,1.9,17.12
109,FLJP.K,Franklin FTSE Japan ETF,5,120,14,44,69,1.0,10.0,6.26,11.25,3.7,17.19
109,DFAE.K,DFA Dimensional Emerging Core Equity Market ETF,5,120,14,44,69,1.0,10.0,6.26,11.21,2.84,17.07
109,REET.K,iShares Global REIT ETF,5,120,14,44,69,1.0,10.0,6.26,-0.46,1.43,18.76
109,DGS,WisdomTree Emerging Markets SmallCap Dividend Fund,5,120,14,44,69,1.0,10.0,6.26,3.09,3.24,18.2
109,YMAX.K,YieldMax Universe Fund of Option Income ETFs,5,120,14,44,69,1.0,10.0,6.26,0.0,2.5,18.72
109,ANGL.O,VanEck Fallen Angel High Yield Bond ETF,5,120,14,44,69,1.0,10.0,6.26,7.47,2.88,19.34
109,IVLU.K,iShares MSCI Intl Value Factor ETF,5,120,14,44,69,1.0,10.0,6.26,4.59,3.38,18.51
109,DBP,Invesco DB Precious Metals Fund,5,120,14,44,69,1.0,10.0,6.26,3.24,4.3,17.68
109,IYZ,iShares US Telecommunications ETF,5,120,14,44,69,1.0,10.0,6.26,-3.23,2.72,18.43
109,IDV,iShares International Select Dividend ETF,5,120,14,44,69,1.0,10.0,6.26,-0.54,2.04,19.19
109,CTA,Simplify Managed Futures Strategy ETF,5,120,14,44,69,1.0,10.0,6.26,0.0,2.72,16.94
109,DFIS.K,DFA Dimensional International Small Cap ETF,5,120,14,44,69,1.0,10.0,6.26,22.44,3.15,18.11
109,FYLD.K,Cambria Foreign Shareholder Yield ETF,5,120,14,44,69,1.0,10.0,6.26,3.45,2.47,18.05
109,IDOG.K,Alps Internatl Sector Dividends Dogs ETF,5,120,14,44,69,1.0,10.0,6.26,2.93,3.45,17.51
109,MKOR.K,Matthews Korea Active ETF,5,120,14,44,69,1.0,10.0,6.26,0.0,2.53,16.77
109,FJP.O,First Trust Japan AlphaDEX Fund,5,120,14,44,69,1.0,10.0,6.26,4.57,3.52,17.98
109,DGRE.O,WisdomTree Emerging Markets Quality Dividend Gro,5,120,14,44,69,1.0,10.0,6.26,6.55,2.57,19.94
109,FLAX.K,Franklin FTSE Asia ex Japan ETF,5,120,14,44,69,1.0,10.0,6.26,12.2,2.52,19.94
109,GGM,GGM Macro Alignment ETF,5,120,14,44,69,1.0,10.0,6.26,1.4,3.42,19.1
109,OEUR.K,ALPS O'Shares Europe Quality Dividend ETF,5,120,14,44,69,1.0,10.0,6.26,9.33,4.1,17.39
109,BMED.K,BlackRock Future Health ETF,5,120,14,44,69,1.0,10.0,6.26,5.49,2.13,18.1
109,RSPE.K,Invesco ESG S&P 500 Equal Weight ETF,5,120,14,44,69,1.0,10.0,6.26,24.72,2.9,17.39
109,EFAS.O,Global X MSCI SuperDividend EAFE ETF,5,120,14,44,69,1.0,10.0,6.26,-1.2,1.9,19.26
109,DTRE.K,First Trust Alerian Disruptive Technology Real Est,5,120,14,44,69,1.0,10.0,6.26,-1.52,4.01,18.49
109,CIL.O,VictoryShares International Volatility Wtd Idx ETF,5,120,14,44,69,1.0,10.0,6.26,4.77,4.38,18.02
109,UIVM.O,VictoryShares International Value Momentum ETF,5,120,14,44,69,1.0,10.0,6.26,1.57,1.29,17.59
109,DWAT.K,Arrow DWA Tactical: Macro ETF,5,120,14,44,69,1.0,10.0,6.26,15.76,3.04,17.46
109,MOTE.K,VanEck Morningstar ESG Moat ETF,5,120,14,44,69,1.0,10.0,6.26,12.52,3.79,18.16
109,EMDV.K,ProShares MSCI Emerging Markets Dividend Grwrs ETF,5,120,14,44,69,1.0,10.0,6.26,-3.52,2.94,19.07
109,ISZE.K,iShares MSCI Intl Size Factor ETF,5,120,14,44,69,1.0,10.0,6.26,10.69,2.64,16.8
109,OVF,Overlay Shares Foreign Equity ETF,5,120,14,44,69,1.0,10.0,6.26,12.41,2.07,16.94
109,LOPP.K,Gabelli Love Our Planet & People ETF,5,120,14,44,69,1.0,10.0,6.26,2.38,3.75,17.55
109,EQUL.K,IQ Engender Equality ETF,5,120,14,44,69,1.0,10.0,6.26,0.0,1.95,17.77
109,FLDZ.K,RiverNorth Patriot ETF,5,120,14,44,69,1.0,10.0,6.26,18.3,3.8,18.08
109,RUFF.K,Alpha Dog ETF,5,120,14,44,69,1.0,10.0,6.26,26.16,2.21,18.84
109,RNEM.O,First Trust Emerging Markets Equity Select ETF,5,120,14,44,69,1.0,10.0,6.26,1.37,2.75,17.73
109,CVAR.K,Cultivar ETF,5,120,14,44,69,1.0,10.0,6.26,6.5,2.56,17.21
109,DIM,WisdomTree International MidCap Dividend Fund,5,120,14,44,69,1.0,10.0,6.26,3.77,4.24,17.69
109,FDEM.K,Fidelity Emerging Markets Multifactor ETF,5,120,14,44,69,1.0,10.0,6.26,18.85,2.96,18.03
109,VAMO.K,Cambria Value and Momentum ETF,5,120,14,44,69,1.0,10.0,6.26,1.69,3.21,18.44
109,DIVY.K,Sound Equity Dividend Income ETF,5,120,14,44,69,1.0,10.0,6.26,4.88,3.26,18.75
109,UEVM.O,VictoryShares Emerging Markets Value Momentum ETF,5,120,14,44,69,1.0,10.0,6.26,2.03,1.71,18.7
109,EUDV.K,ProShares MSCI Europe Dividend Growers ETF,5,120,14,44,69,1.0,10.0,6.26,10.77,4.21,18.04
109,CVY,Invesco Zacks Multi-Asset Income ETF,5,120,14,44,69,1.0,10.0,6.26,2.36,4.25,18.14
109,TLTE.K,FlexShares Morningstar Em Mkts Factors Tilt Idx,5,120,14,44,69,1.0,10.0,6.26,13.76,2.43,17.91
109,ASEA.K,Global X FTSE Southeast Asia ETF,5,120,14,44,69,1.0,10.0,6.26,1.85,1.84,18.25
109,FTXG.O,First Trust Nasdaq Food & Beverage ETF,5,120,14,44,69,1.0,10.0,6.26,9.47,3.68,17.02
109,IQDY.K,FlexShares International Quality Div Dyn Idx,5,120,14,44,69,1.0,10.0,6.26,9.23,3.54,18.04
109,RAAX.K,VanEck Inflation Allocation ETF,5,120,14,44,69,1.0,10.0,6.26,3.18,2.79,16.63
109,ROAM.K,Hartford Multifactor Emerging Markets ETF,5,120,14,44,69,1.0,10.0,6.26,4.88,1.62,18.74
109,TOLZ.K,ProShares DJ Brookfield Global Infrastructure ETF,5,120,14,44,69,1.0,10.0,6.26,2.69,3.03,17.0
109,RAYE.K,Rayliant Quantamental Emg Mrkt ex-China Eqty ETF,5,120,14,44,69,1.0,10.0,6.26,26.37,3.34,17.28
109,GDVD.K,Copper Place Global Dividend Growth ETF,5,120,14,44,69,1.0,10.0,6.26,8.51,2.23,20.03
109,HEEM.K,iShares Currency Hedged MSCI Emerging Markets ETF,5,120,14,44,69,1.0,10.0,6.26,12.51,3.11,18.04
109,ISVL.K,iShares Intl Developed Small Cap Value Factor ETF,5,120,14,44,69,1.0,10.0,6.26,11.91,3.17,17.27
109,VXUS.O,Vanguard Total International Stock Index Fund;ETF,5,120,14,44,69,1.0,10.0,6.26,9.43,3.47,17.94
109,IEMG.K,iShares Core MSCI Emerging Markets ETF,5,120,14,44,69,1.0,10.0,6.26,15.03,3.1,19.55
109,EQUL.K,IQ Engender Equality ETF,5,60,14,44,69,1.0,10.0,6.2,27.05,1.95,17.77
109,VIDI.K,Vident International Equity Strat ETF,5,60,14,44,69,1.0,10.0,6.2,2.5,1.91,17.77
109,EEMS.K,iShares MSCI Emerging Markets Small-Cap ETF,5,60,14,44,69,1.0,10.0,6.2,7.82,3.79,18.75
109,PID.O,Invesco International Dividend Achievers ETF,5,60,14,44,69,1.0,10.0,6.2,3.62,4.03,18.2
109,DWM,WisdomTree International Equity Fund,5,60,14,44,69,1.0,10.0,6.2,3.82,3.86,17.75
109,EWX,SPDR S&P Emerging Markets Small Cap ETF,5,60,14,44,69,1.0,10.0,6.2,5.99,3.32,18.3
109,FDT.O,First Trust Developed Markets ex-US AlphaDEX Fund,5,60,14,44,69,1.0,10.0,6.2,4.97,2.73,18.34
109,JPEM.K,JPMorgan Diversified Return Emerging Mkts Eqty ETF,5,60,14,44,69,1.0,10.0,6.2,5.89,2.62,18.11
109,INTF.K,iShares International Equity Factor ETF,5,60,14,44,69,1.0,10.0,6.2,5.85,3.8,17.7
109,FGD,First Trust Dow Jones Global Select Dividend Ix Fd,5,60,14,44,69,1.0,10.0,6.2,1.65,2.65,18.54
109,DBB,Invesco DB Base Metals Fund,5,60,14,44,69,1.0,10.0,6.2,2.27,2.45,19.18
109,GQRE.K,FlexShares Global Quality Real Estate Index Fund,5,60,14,44,69,1.0,10.0,6.2,-0.43,2.73,17.21
109,FIVA.K,Fidelity International Value Factor ETF,5,60,14,44,69,1.0,10.0,6.2,3.83,2.27,18.41
109,DOL,WisdomTree International LargeCap Dividend Fund,5,60,14,44,69,1.0,10.0,6.2,3.42,3.65,18.03
109,DTH,WisdomTree International High Dividend,5,60,14,44,69,1.0,10.0,6.2,0.26,2.43,18.59
109,EUO,ProShares UltraShort Euro,5,60,14,44,69,1.0,10.0,6.2,11.93,3.43,16.81
109,GWX,SPDR S&P International Small Cap ETF,5,60,14,44,69,1.0,10.0,6.2,5.7,3.63,17.87
109,SPRE.K,SP Funds S&P Global REIT Sharia ETF,5,60,14,44,69,1.0,10.0,6.2,-6.24,2.3,19.4
109,MOTI.K,VanEck Morningstar International Moat ETF,5,60,14,44,69,1.0,10.0,6.2,1.85,2.7,18.97
109,HDEF.K,Xtrackers MSCI EAFE Hi Dv Yld Eq ETF,5,60,14,44,69,1.0,10.0,6.2,3.07,1.94,17.22
109,RWO,SPDR Dow Jones Global Real Estate ETF,5,60,14,44,69,1.0,10.0,6.2,1.91,3.94,18.44
109,DBP,Invesco DB Precious Metals Fund,5,60,14,44,69,1.0,10.0,6.2,4.4,4.3,17.68
109,FYLD.K,Cambria Foreign Shareholder Yield ETF,5,60,14,44,69,1.0,10.0,6.2,3.5,2.47,18.05
109,VXUS.O,Vanguard Total International Stock Index Fund;ETF,5,60,14,44,69,1.0,10.0,6.2,8.17,3.47,17.94
109,EFV,iShares MSCI EAFE Value ETF,5,60,14,44,69,1.0,10.0,6.2,3.43,3.44,19.23
109,EWH,iShares MSCI Hong Kong ETF,5,60,14,44,69,1.0,10.0,6.2,0.28,2.09,19.19
109,IEUR.K,iShares Core MSCI Europe ETF,5,60,14,44,69,1.0,10.0,6.2,11.84,3.52,18.79
109,DBC,Invesco DB Commodity Index Tracking Fund,5,60,14,44,69,1.0,10.0,6.2,-3.75,1.9,17.12
109,FLJP.K,Franklin FTSE Japan ETF,5,60,14,44,69,1.0,10.0,6.2,11.08,3.7,17.19
109,DFAE.K,DFA Dimensional Emerging Core Equity Market ETF,5,60,14,44,69,1.0,10.0,6.2,7.14,2.84,17.07
109,REET.K,iShares Global REIT ETF,5,60,14,44,69,1.0,10.0,6.2,-0.29,1.43,18.76
109,DGS,WisdomTree Emerging Markets SmallCap Dividend Fund,5,60,14,44,69,1.0,10.0,6.2,3.31,3.24,18.2
109,YMAX.K,YieldMax Universe Fund of Option Income ETFs,5,60,14,44,69,1.0,10.0,6.2,0.0,2.5,18.72
109,ANGL.O,VanEck Fallen Angel High Yield Bond ETF,5,60,14,44,69,1.0,10.0,6.2,3.31,2.88,19.34
109,IVLU.K,iShares MSCI Intl Value Factor ETF,5,60,14,44,69,1.0,10.0,6.2,6.02,3.38,18.51
109,VSGX.K,Vanguard ESG International Stock ETF,5,60,14,44,69,1.0,10.0,6.2,20.07,4.43,18.44
109,IYZ,iShares US Telecommunications ETF,5,60,14,44,69,1.0,10.0,6.2,0.19,2.72,18.43
109,IDV,iShares International Select Dividend ETF,5,60,14,44,69,1.0,10.0,6.2,-0.58,2.04,19.19
109,CTA,Simplify Managed Futures Strategy ETF,5,60,14,44,69,1.0,10.0,6.2,8.97,2.72,16.94
109,DFIS.K,DFA Dimensional International Small Cap ETF,5,60,14,44,69,1.0,10.0,6.2,24.41,3.15,18.11
109,IDOG.K,Alps Internatl Sector Dividends Dogs ETF,5,60,14,44,69,1.0,10.0,6.2,3.67,3.45,17.51
109,FJP.O,First Trust Japan AlphaDEX Fund,5,60,14,44,69,1.0,10.0,6.2,4.64,3.52,17.98
109,IEMG.K,iShares Core MSCI Emerging Markets ETF,5,60,14,44,69,1.0,10.0,6.2,7.91,3.1,19.55
109,DGRE.O,WisdomTree Emerging Markets Quality Dividend Gro,5,60,14,44,69,1.0,10.0,6.2,5.81,2.57,19.94
109,RNEM.O,First Trust Emerging Markets Equity Select ETF,5,60,14,44,69,1.0,10.0,6.2,0.6,2.75,17.73
109,RUFF.K,Alpha Dog ETF,5,60,14,44,69,1.0,10.0,6.2,25.41,2.21,18.84
109,FLAX.K,Franklin FTSE Asia ex Japan ETF,5,60,14,44,69,1.0,10.0,6.2,13.7,2.52,19.94
109,GGM,GGM Macro Alignment ETF,5,60,14,44,69,1.0,10.0,6.2,1.61,3.42,19.1
109,OEUR.K,ALPS O'Shares Europe Quality Dividend ETF,5,60,14,44,69,1.0,10.0,6.2,9.64,4.1,17.39
109,BMED.K,BlackRock Future Health ETF,5,60,14,44,69,1.0,10.0,6.2,0.82,2.13,18.1
109,RSPE.K,Invesco ESG S&P 500 Equal Weight ETF,5,60,14,44,69,1.0,10.0,6.2,26.07,2.9,17.39
109,EFAS.O,Global X MSCI SuperDividend EAFE ETF,5,60,14,44,69,1.0,10.0,6.2,-1.12,1.9,19.26
109,DTRE.K,First Trust Alerian Disruptive Technology Real Est,5,60,14,44,69,1.0,10.0,6.2,2.1,4.01,18.49
109,CIL.O,VictoryShares International Volatility Wtd Idx ETF,5,60,14,44,69,1.0,10.0,6.2,3.75,4.38,18.02
109,UIVM.O,VictoryShares International Value Momentum ETF,5,60,14,44,69,1.0,10.0,6.2,2.12,1.29,17.59
109,DWAT.K,Arrow DWA Tactical: Macro ETF,5,60,14,44,69,1.0,10.0,6.2,5.64,3.04,17.46
109,MOTE.K,VanEck Morningstar ESG Moat ETF,5,60,14,44,69,1.0,10.0,6.2,22.5,3.79,18.16
109,EMDV.K,ProShares MSCI Emerging Markets Dividend Grwrs ETF,5,60,14,44,69,1.0,10.0,6.2,-3.08,2.94,19.07
109,ISZE.K,iShares MSCI Intl Size Factor ETF,5,60,14,44,69,1.0,10.0,6.2,2.69,2.64,16.8
109,OVF,Overlay Shares Foreign Equity ETF,5,60,14,44,69,1.0,10.0,6.2,7.79,2.07,16.94
109,LOPP.K,Gabelli Love Our Planet & People ETF,5,60,14,44,69,1.0,10.0,6.2,4.24,3.75,17.55
109,CVAR.K,Cultivar ETF,5,60,14,44,69,1.0,10.0,6.2,6.35,2.56,17.21
109,ISVL.K,iShares Intl Developed Small Cap Value Factor ETF,5,60,14,44,69,1.0,10.0,6.2,8.87,3.17,17.27
109,FTXG.O,First Trust Nasdaq Food & Beverage ETF,5,60,14,44,69,1.0,10.0,6.2,9.96,3.68,17.02
109,MKOR.K,Matthews Korea Active ETF,5,60,14,44,69,1.0,10.0,6.2,0.0,2.53,16.77
109,FDEM.K,Fidelity Emerging Markets Multifactor ETF,5,60,14,44,69,1.0,10.0,6.2,20.69,2.96,18.03
109,VAMO.K,Cambria Value and Momentum ETF,5,60,14,44,69,1.0,10.0,6.2,1.58,3.21,18.44
109,DIVY.K,Sound Equity Dividend Income ETF,5,60,14,44,69,1.0,10.0,6.2,1.09,3.26,18.75
109,UEVM.O,VictoryShares Emerging Markets Value Momentum ETF,5,60,14,44,69,1.0,10.0,6.2,2.14,1.71,18.7
109,EUDV.K,ProShares MSCI Europe Dividend Growers ETF,5,60,14,44,69,1.0,10.0,6.2,9.71,4.21,18.04
109,CVY,Invesco Zacks Multi-Asset Income ETF,5,60,14,44,69,1.0,10.0,6.2,2.83,4.25,18.14
109,TLTE.K,FlexShares Morningstar Em Mkts Factors Tilt Idx,5,60,14,44,69,1.0,10.0,6.2,7.36,2.43,17.91
109,DIM,WisdomTree International MidCap Dividend Fund,5,60,14,44,69,1.0,10.0,6.2,3.77,4.24,17.69
109,HEEM.K,iShares Currency Hedged MSCI Emerging Markets ETF,5,60,14,44,69,1.0,10.0,6.2,9.94,3.11,18.04
109,ASEA.K,Global X FTSE Southeast Asia ETF,5,60,14,44,69,1.0,10.0,6.2,3.0,1.84,18.25
109,IQDY.K,FlexShares International Quality Div Dyn Idx,5,60,14,44,69,1.0,10.0,6.2,9.61,3.54,18.04
109,RAAX.K,VanEck Inflation Allocation ETF,5,60,14,44,69,1.0,10.0,6.2,4.04,2.79,16.63
109,ROAM.K,Hartford Multifactor Emerging Markets ETF,5,60,14,44,69,1.0,10.0,6.2,4.68,1.62,18.74
109,TOLZ.K,ProShares DJ Brookfield Global Infrastructure ETF,5,60,14,44,69,1.0,10.0,6.2,1.77,3.03,17.0
109,RAYE.K,Rayliant Quantamental Emg Mrkt ex-China Eqty ETF,5,60,14,44,69,1.0,10.0,6.2,27.82,3.34,17.28
109,GDVD.K,Copper Place Global Dividend Growth ETF,5,60,14,44,69,1.0,10.0,6.2,-0.25,2.23,20.03
109,FLDZ.K,RiverNorth Patriot ETF,5,60,14,44,69,1.0,10.0,6.2,18.72,3.8,18.08
109,DBP,Invesco DB Precious Metals Fund,5,120,14,34,64,1.0,10.0,6.18,0.0,4.3,17.68
109,EQUL.K,IQ Engender Equality ETF,5,120,14,34,64,1.0,10.0,6.18,0.0,1.95,17.77
109,LOPP.K,Gabelli Love Our Planet & People ETF,5,120,14,34,64,1.0,10.0,6.18,0.0,3.75,17.55
109,GQRE.K,FlexShares Global Quality Real Estate Index Fund,5,120,14,34,64,1.0,10.0,6.18,0.0,2.73,17.21
109,HDEF.K,Xtrackers MSCI EAFE Hi Dv Yld Eq ETF,5,120,14,34,64,1.0,10.0,6.18,0.0,1.94,17.22
109,EEMS.K,iShares MSCI Emerging Markets Small-Cap ETF,5,120,14,34,64,1.0,10.0,6.18,14.98,3.79,18.75
109,PID.O,Invesco International Dividend Achievers ETF,5,120,14,34,64,1.0,10.0,6.18,10.32,4.03,18.2
109,DWM,WisdomTree International Equity Fund,5,120,14,34,64,1.0,10.0,6.18,0.0,3.86,17.75
109,EWX,SPDR S&P Emerging Markets Small Cap ETF,5,120,14,34,64,1.0,10.0,6.18,2.86,3.32,18.3
109,FDT.O,First Trust Developed Markets ex-US AlphaDEX Fund,5,120,14,34,64,1.0,10.0,6.18,20.52,2.73,18.34
109,JPEM.K,JPMorgan Diversified Return Emerging Mkts Eqty ETF,5,120,14,34,64,1.0,10.0,6.18,20.25,2.62,18.11
109,INTF.K,iShares International Equity Factor ETF,5,120,14,34,64,1.0,10.0,6.18,0.0,3.8,17.7
109,FGD,First Trust Dow Jones Global Select Dividend Ix Fd,5,120,14,34,64,1.0,10.0,6.18,0.0,2.65,18.54
109,VIDI.K,Vident International Equity Strat ETF,5,120,14,34,64,1.0,10.0,6.18,0.83,1.91,17.77
109,DBB,Invesco DB Base Metals Fund,5,120,14,34,64,1.0,10.0,6.18,30.2,2.45,19.18
109,FIVA.K,Fidelity International Value Factor ETF,5,120,14,34,64,1.0,10.0,6.18,0.0,2.27,18.41
109,DOL,WisdomTree International LargeCap Dividend Fund,5,120,14,34,64,1.0,10.0,6.18,0.0,3.65,18.03
109,DTH,WisdomTree International High Dividend,5,120,14,34,64,1.0,10.0,6.18,11.06,2.43,18.59
109,EUO,ProShares UltraShort Euro,5,120,14,34,64,1.0,10.0,6.18,6.62,3.43,16.81
109,GWX,SPDR S&P International Small Cap ETF,5,120,14,34,64,1.0,10.0,6.18,0.0,3.63,17.87
109,RWO,SPDR Dow Jones Global Real Estate ETF,5,120,14,34,64,1.0,10.0,6.18,0.0,3.94,18.44
109,FYLD.K,Cambria Foreign Shareholder Yield ETF,5,120,14,34,64,1.0,10.0,6.18,17.48,2.47,18.05
109,DFIS.K,DFA Dimensional International Small Cap ETF,5,120,14,34,64,1.0,10.0,6.18,0.0,3.15,18.11
109,DFAE.K,DFA Dimensional Emerging Core Equity Market ETF,5,120,14,34,64,1.0,10.0,6.18,0.0,2.84,17.07
109,IEMG.K,iShares Core MSCI Emerging Markets ETF,5,120,14,34,64,1.0,10.0,6.18,21.28,3.1,19.55
109,VXUS.O,Vanguard Total International Stock Index Fund;ETF,5,120,14,34,64,1.0,10.0,6.18,13.77,3.47,17.94
109,EFV,iShares MSCI EAFE Value ETF,5,120,14,34,64,1.0,10.0,6.18,0.0,3.44,19.23
109,EWH,iShares MSCI Hong Kong ETF,5,120,14,34,64,1.0,10.0,6.18,0.0,2.09,19.19
109,IEUR.K,iShares Core MSCI Europe ETF,5,120,14,34,64,1.0,10.0,6.18,0.0,3.52,18.79
109,DBC,Invesco DB Commodity Index Tracking Fund,5,120,14,34,64,1.0,10.0,6.18,-0.39,1.9,17.12
109,FLJP.K,Franklin FTSE Japan ETF,5,120,14,34,64,1.0,10.0,6.18,19.34,3.7,17.19
109,REET.K,iShares Global REIT ETF,5,120,14,34,64,1.0,10.0,6.18,0.0,1.43,18.76
109,CTA,Simplify Managed Futures Strategy ETF,5,120,14,34,64,1.0,10.0,6.18,0.0,2.72,16.94
109,DGS,WisdomTree Emerging Markets SmallCap Dividend Fund,5,120,14,34,64,1.0,10.0,6.18,15.95,3.24,18.2
109,YMAX.K,YieldMax Universe Fund of Option Income ETFs,5,120,14,34,64,1.0,10.0,6.18,0.0,2.5,18.72
109,ANGL.O,VanEck Fallen Angel High Yield Bond ETF,5,120,14,34,64,1.0,10.0,6.18,28.22,2.88,19.34
109,IVLU.K,iShares MSCI Intl Value Factor ETF,5,120,14,34,64,1.0,10.0,6.18,0.0,3.38,18.51
109,VSGX.K,Vanguard ESG International Stock ETF,5,120,14,34,64,1.0,10.0,6.18,11.89,4.43,18.44
109,IYZ,iShares US Telecommunications ETF,5,120,14,34,64,1.0,10.0,6.18,0.0,2.72,18.43
109,IDV,iShares International Select Dividend ETF,5,120,14,34,64,1.0,10.0,6.18,11.3,2.04,19.19
109,SPRE.K,SP Funds S&P Global REIT Sharia ETF,5,120,14,34,64,1.0,10.0,6.18,0.0,2.3,19.4
109,MOTI.K,VanEck Morningstar International Moat ETF,5,120,14,34,64,1.0,10.0,6.18,0.0,2.7,18.97
109,IDOG.K,Alps Internatl Sector Dividends Dogs ETF,5,120,14,34,64,1.0,10.0,6.18,11.12,3.45,17.51
109,EFAS.O,Global X MSCI SuperDividend EAFE ETF,5,120,14,34,64,1.0,10.0,6.18,0.0,1.9,19.26
109,RNEM.O,First Trust Emerging Markets Equity Select ETF,5,120,14,34,64,1.0,10.0,6.18,0.0,2.75,17.73
109,RUFF.K,Alpha Dog ETF,5,120,14,34,64,1.0,10.0,6.18,29.26,2.21,18.84
109,FLAX.K,Franklin FTSE Asia ex Japan ETF,5,120,14,34,64,1.0,10.0,6.18,0.0,2.52,19.94
109,GGM,GGM Macro Alignment ETF,5,120,14,34,64,1.0,10.0,6.18,3.58,3.42,19.1
109,OEUR.K,ALPS O'Shares Europe Quality Dividend ETF,5,120,14,34,64,1.0,10.0,6.18,0.0,4.1,17.39
109,BMED.K,BlackRock Future Health ETF,5,120,14,34,64,1.0,10.0,6.18,0.0,2.13,18.1
109,RSPE.K,Invesco ESG S&P 500 Equal Weight ETF,5,120,14,34,64,1.0,10.0,6.18,0.0,2.9,17.39
109,DTRE.K,First Trust Alerian Disruptive Technology Real Est,5,120,14,34,64,1.0,10.0,6.18,0.0,4.01,18.49
109,ISVL.K,iShares Intl Developed Small Cap Value Factor ETF,5,120,14,34,64,1.0,10.0,6.18,11.91,3.17,17.27
109,CIL.O,VictoryShares International Volatility Wtd Idx ETF,5,120,14,34,64,1.0,10.0,6.18,0.0,4.38,18.02
109,UIVM.O,VictoryShares International Value Momentum ETF,5,120,14,34,64,1.0,10.0,6.18,0.0,1.29,17.59
109,DWAT.K,Arrow DWA Tactical: Macro ETF,5,120,14,34,64,1.0,10.0,6.18,0.0,3.04,17.46
109,MOTE.K,VanEck Morningstar ESG Moat ETF,5,120,14,34,64,1.0,10.0,6.18,0.0,3.79,18.16
109,EMDV.K,ProShares MSCI Emerging Markets Dividend Grwrs ETF,5,120,14,34,64,1.0,10.0,6.18,0.0,2.94,19.07
109,ISZE.K,iShares MSCI Intl Size Factor ETF,5,120,14,34,64,1.0,10.0,6.18,0.0,2.64,16.8
109,OVF,Overlay Shares Foreign Equity ETF,5,120,14,34,64,1.0,10.0,6.18,12.41,2.07,16.94
109,CVAR.K,Cultivar ETF,5,120,14,34,64,1.0,10.0,6.18,0.0,2.56,17.21
109,FTXG.O,First Trust Nasdaq Food & Beverage ETF,5,120,14,34,64,1.0,10.0,6.18,0.0,3.68,17.02
109,FJP.O,First Trust Japan AlphaDEX Fund,5,120,14,34,64,1.0,10.0,6.18,22.66,3.52,17.98
109,MKOR.K,Matthews Korea Active ETF,5,120,14,34,64,1.0,10.0,6.18,0.0,2.53,16.77
109,FDEM.K,Fidelity Emerging Markets Multifactor ETF,5,120,14,34,64,1.0,10.0,6.18,14.25,2.96,18.03
109,VAMO.K,Cambria Value and Momentum ETF,5,120,14,34,64,1.0,10.0,6.18,8.27,3.21,18.44
109,DIVY.K,Sound Equity Dividend Income ETF,5,120,14,34,64,1.0,10.0,6.18,0.0,3.26,18.75
109,UEVM.O,VictoryShares Emerging Markets Value Momentum ETF,5,120,14,34,64,1.0,10.0,6.18,5.45,1.71,18.7
109,EUDV.K,ProShares MSCI Europe Dividend Growers ETF,5,120,14,34,64,1.0,10.0,6.18,0.0,4.21,18.04
109,CVY,Invesco Zacks Multi-Asset Income ETF,5,120,14,34,64,1.0,10.0,6.18,10.68,4.25,18.14
109,TLTE.K,FlexShares Morningstar Em Mkts Factors Tilt Idx,5,120,14,34,64,1.0,10.0,6.18,22.51,2.43,17.91
109,DIM,WisdomTree International MidCap Dividend Fund,5,120,14,34,64,1.0,10.0,6.18,0.0,4.24,17.69
109,HEEM.K,iShares Currency Hedged MSCI Emerging Markets ETF,5,120,14,34,64,1.0,10.0,6.18,12.14,3.11,18.04
109,ASEA.K,Global X FTSE Southeast Asia ETF,5,120,14,34,64,1.0,10.0,6.18,6.24,1.84,18.25
109,IQDY.K,FlexShares International Quality Div Dyn Idx,5,120,14,34,64,1.0,10.0,6.18,17.28,3.54,18.04
109,RAAX.K,VanEck Inflation Allocation ETF,5,120,14,34,64,1.0,10.0,6.18,0.09,2.79,16.63
109,ROAM.K,Hartford Multifactor Emerging Markets ETF,5,120,14,34,64,1.0,10.0,6.18,14.93,1.62,18.74
109,TOLZ.K,ProShares DJ Brookfield Global Infrastructure ETF,5,120,14,34,64,1.0,10.0,6.18,5.95,3.03,17.0
109,RAYE.K,Rayliant Quantamental Emg Mrkt ex-China Eqty ETF,5,120,14,34,64,1.0,10.0,6.18,23.59,3.34,17.28
109,GDVD.K,Copper Place Global Dividend Growth ETF,5,120,14,34,64,1.0,10.0,6.18,0.0,2.23,20.03
109,FLDZ.K,RiverNorth Patriot ETF,5,120,14,34,64,1.0,10.0,6.18,0.0,3.8,18.08
109,DGRE.O,WisdomTree Emerging Markets Quality Dividend Gro,5,120,14,34,64,1.0,10.0,6.18,17.66,2.57,19.94
109,DBP,Invesco DB Precious Metals Fund,5,60,14,39,69,1.0,10.0,5.72,1.25,4.3,17.68
109,FJP.O,First Trust Japan AlphaDEX Fund,5,60,14,39,69,1.0,10.0,5.72,5.36,3.52,17.98
109,HEEM.K,iShares Currency Hedged MSCI Emerging Markets ETF,5,60,14,39,69,1.0,10.0,5.72,6.38,3.11,18.04
109,GDVD.K,Copper Place Global Dividend Growth ETF,5,60,14,39,69,1.0,10.0,5.72,-0.25,2.23,20.03
109,RAYE.K,Rayliant Quantamental Emg Mrkt ex-China Eqty ETF,5,60,14,39,69,1.0,10.0,5.72,27.82,3.34,17.28
109,TOLZ.K,ProShares DJ Brookfield Global Infrastructure ETF,5,60,14,39,69,1.0,10.0,5.72,1.77,3.03,17.0
109,ROAM.K,Hartford Multifactor Emerging Markets ETF,5,60,14,39,69,1.0,10.0,5.72,10.71,1.62,18.74
109,RAAX.K,VanEck Inflation Allocation ETF,5,60,14,39,69,1.0,10.0,5.72,4.04,2.79,16.63
109,IQDY.K,FlexShares International Quality Div Dyn Idx,5,60,14,39,69,1.0,10.0,5.72,11.99,3.54,18.04
109,ASEA.K,Global X FTSE Southeast Asia ETF,5,60,14,39,69,1.0,10.0,5.72,8.34,1.84,18.25
109,DIM,WisdomTree International MidCap Dividend Fund,5,60,14,39,69,1.0,10.0,5.72,3.77,4.24,17.69
109,MKOR.K,Matthews Korea Active ETF,5,60,14,39,69,1.0,10.0,5.72,0.0,2.53,16.77
109,TLTE.K,FlexShares Morningstar Em Mkts Factors Tilt Idx,5,60,14,39,69,1.0,10.0,5.72,17.85,2.43,17.91
109,CVY,Invesco Zacks Multi-Asset Income ETF,5,60,14,39,69,1.0,10.0,5.72,2.83,4.25,18.14
109,EUDV.K,ProShares MSCI Europe Dividend Growers ETF,5,60,14,39,69,1.0,10.0,5.72,9.71,4.21,18.04
109,UEVM.O,VictoryShares Emerging Markets Value Momentum ETF,5,60,14,39,69,1.0,10.0,5.72,2.14,1.71,18.7
109,DIVY.K,Sound Equity Dividend Income ETF,5,60,14,39,69,1.0,10.0,5.72,1.09,3.26,18.75
109,VAMO.K,Cambria Value and Momentum ETF,5,60,14,39,69,1.0,10.0,5.72,1.58,3.21,18.44
109,FDEM.K,Fidelity Emerging Markets Multifactor ETF,5,60,14,39,69,1.0,10.0,5.72,20.69,2.96,18.03
109,FTXG.O,First Trust Nasdaq Food & Beverage ETF,5,60,14,39,69,1.0,10.0,5.72,-0.39,3.68,17.02
109,ISVL.K,iShares Intl Developed Small Cap Value Factor ETF,5,60,14,39,69,1.0,10.0,5.72,8.87,3.17,17.27
109,CVAR.K,Cultivar ETF,5,60,14,39,69,1.0,10.0,5.72,0.0,2.56,17.21
109,CIL.O,VictoryShares International Volatility Wtd Idx ETF,5,60,14,39,69,1.0,10.0,5.72,3.75,4.38,18.02
109,LOPP.K,Gabelli Love Our Planet & People ETF,5,60,14,39,69,1.0,10.0,5.72,4.24,3.75,17.55
109,OVF,Overlay Shares Foreign Equity ETF,5,60,14,39,69,1.0,10.0,5.72,7.79,2.07,16.94
109,ISZE.K,iShares MSCI Intl Size Factor ETF,5,60,14,39,69,1.0,10.0,5.72,1.37,2.64,16.8
109,EMDV.K,ProShares MSCI Emerging Markets Dividend Grwrs ETF,5,60,14,39,69,1.0,10.0,5.72,0.22,2.94,19.07
109,MOTE.K,VanEck Morningstar ESG Moat ETF,5,60,14,39,69,1.0,10.0,5.72,0.0,3.79,18.16
109,DWAT.K,Arrow DWA Tactical: Macro ETF,5,60,14,39,69,1.0,10.0,5.72,10.74,3.04,17.46
109,UIVM.O,VictoryShares International Value Momentum ETF,5,60,14,39,69,1.0,10.0,5.72,2.12,1.29,17.59
109,DTRE.K,First Trust Alerian Disruptive Technology Real Est,5,60,14,39,69,1.0,10.0,5.72,5.81,4.01,18.49
109,RNEM.O,First Trust Emerging Markets Equity Select ETF,5,60,14,39,69,1.0,10.0,5.72,1.51,2.75,17.73
109,EFAS.O,Global X MSCI SuperDividend EAFE ETF,5,60,14,39,69,1.0,10.0,5.72,-1.12,1.9,19.26
109,RSPE.K,Invesco ESG S&P 500 Equal Weight ETF,5,60,14,39,69,1.0,10.0,5.72,0.0,2.9,17.39
109,BMED.K,BlackRock Future Health ETF,5,60,14,39,69,1.0,10.0,5.72,6.16,2.13,18.1
109,OEUR.K,ALPS O'Shares Europe Quality Dividend ETF,5,60,14,39,69,1.0,10.0,5.72,13.22,4.1,17.39
109,GGM,GGM Macro Alignment ETF,5,60,14,39,69,1.0,10.0,5.72,1.61,3.42,19.1
109,FLAX.K,Franklin FTSE Asia ex Japan ETF,5,60,14,39,69,1.0,10.0,5.72,13.7,2.52,19.94
109,RUFF.K,Alpha Dog ETF,5,60,14,39,69,1.0,10.0,5.72,25.41,2.21,18.84
109,DGRE.O,WisdomTree Emerging Markets Quality Dividend Gro,5,60,14,39,69,1.0,10.0,5.72,11.79,2.57,19.94
109,FLDZ.K,RiverNorth Patriot ETF,5,60,14,39,69,1.0,10.0,5.72,0.0,3.8,18.08
109,IEMG.K,iShares Core MSCI Emerging Markets ETF,5,60,14,39,69,1.0,10.0,5.72,8.83,3.1,19.55
109,IDOG.K,Alps Internatl Sector Dividends Dogs ETF,5,60,14,39,69,1.0,10.0,5.72,4.97,3.45,17.51
109,FYLD.K,Cambria Foreign Shareholder Yield ETF,5,60,14,39,69,1.0,10.0,5.72,3.5,2.47,18.05
109,DFIS.K,DFA Dimensional International Small Cap ETF,5,60,14,39,69,1.0,10.0,5.72,0.0,3.15,18.11
109,CTA,Simplify Managed Futures Strategy ETF,5,60,14,39,69,1.0,10.0,5.72,0.0,2.72,16.94
109,IDV,iShares International Select Dividend ETF,5,60,14,39,69,1.0,10.0,5.72,-0.58,2.04,19.19
109,IYZ,iShares US Telecommunications ETF,5,60,14,39,69,1.0,10.0,5.72,-3.6,2.72,18.43
109,VSGX.K,Vanguard ESG International Stock ETF,5,60,14,39,69,1.0,10.0,5.72,13.05,4.43,18.44
109,IVLU.K,iShares MSCI Intl Value Factor ETF,5,60,14,39,69,1.0,10.0,5.72,3.77,3.38,18.51
109,ANGL.O,VanEck Fallen Angel High Yield Bond ETF,5,60,14,39,69,1.0,10.0,5.72,3.31,2.88,19.34
109,YMAX.K,YieldMax Universe Fund of Option Income ETFs,5,60,14,39,69,1.0,10.0,5.72,0.0,2.5,18.72
109,DGS,WisdomTree Emerging Markets SmallCap Dividend Fund,5,60,14,39,69,1.0,10.0,5.72,11.74,3.24,18.2
109,REET.K,iShares Global REIT ETF,5,60,14,39,69,1.0,10.0,5.72,3.87,1.43,18.76
109,DFAE.K,DFA Dimensional Emerging Core Equity Market ETF,5,60,14,39,69,1.0,10.0,5.72,7.14,2.84,17.07
109,FLJP.K,Franklin FTSE Japan ETF,5,60,14,39,69,1.0,10.0,5.72,11.08,3.7,17.19
109,DBC,Invesco DB Commodity Index Tracking Fund,5,60,14,39,69,1.0,10.0,5.72,1.1,1.9,17.12
109,IEUR.K,iShares Core MSCI Europe ETF,5,60,14,39,69,1.0,10.0,5.72,11.45,3.52,18.79
109,EWH,iShares MSCI Hong Kong ETF,5,60,14,39,69,1.0,10.0,5.72,1.2,2.09,19.19
109,EFV,iShares MSCI EAFE Value ETF,5,60,14,39,69,1.0,10.0,5.72,3.43,3.44,19.23
109,RWO,SPDR Dow Jones Global Real Estate ETF,5,60,14,39,69,1.0,10.0,5.72,6.25,3.94,18.44
109,GQRE.K,FlexShares Global Quality Real Estate Index Fund,5,60,14,39,69,1.0,10.0,5.72,-0.43,2.73,17.21
109,HDEF.K,Xtrackers MSCI EAFE Hi Dv Yld Eq ETF,5,60,14,39,69,1.0,10.0,5.72,3.07,1.94,17.22
109,DBB,Invesco DB Base Metals Fund,5,60,14,39,69,1.0,10.0,5.72,2.86,2.45,19.18
109,MOTI.K,VanEck Morningstar International Moat ETF,5,60,14,39,69,1.0,10.0,5.72,1.85,2.7,18.97
109,SPRE.K,SP Funds S&P Global REIT Sharia ETF,5,60,14,39,69,1.0,10.0,5.72,20.96,2.3,19.4
109,GWX,SPDR S&P International Small Cap ETF,5,60,14,39,69,1.0,10.0,5.72,7.0,3.63,17.87
109,EUO,ProShares UltraShort Euro,5,60,14,39,69,1.0,10.0,5.72,16.35,3.43,16.81
109,DTH,WisdomTree International High Dividend,5,60,14,39,69,1.0,10.0,5.72,0.26,2.43,18.59
109,DOL,WisdomTree International LargeCap Dividend Fund,5,60,14,39,69,1.0,10.0,5.72,3.42,3.65,18.03
109,FIVA.K,Fidelity International Value Factor ETF,5,60,14,39,69,1.0,10.0,5.72,3.83,2.27,18.41
109,VIDI.K,Vident International Equity Strat ETF,5,60,14,39,69,1.0,10.0,5.72,2.5,1.91,17.77
109,EEMS.K,iShares MSCI Emerging Markets Small-Cap ETF,5,60,14,39,69,1.0,10.0,5.72,13.41,3.79,18.75
109,FGD,First Trust Dow Jones Global Select Dividend Ix Fd,5,60,14,39,69,1.0,10.0,5.72,1.65,2.65,18.54
109,INTF.K,iShares International Equity Factor ETF,5,60,14,39,69,1.0,10.0,5.72,5.85,3.8,17.7
109,JPEM.K,JPMorgan Diversified Return Emerging Mkts Eqty ETF,5,60,14,39,69,1.0,10.0,5.72,10.63,2.62,18.11
109,FDT.O,First Trust Developed Markets ex-US AlphaDEX Fund,5,60,14,39,69,1.0,10.0,5.72,4.97,2.73,18.34
109,EWX,SPDR S&P Emerging Markets Small Cap ETF,5,60,14,39,69,1.0,10.0,5.72,6.92,3.32,18.3
109,DWM,WisdomTree International Equity Fund,5,60,14,39,69,1.0,10.0,5.72,3.82,3.86,17.75
109,PID.O,Invesco International Dividend Achievers ETF,5,60,14,39,69,1.0,10.0,5.72,3.62,4.03,18.2
109,EQUL.K,IQ Engender Equality ETF,5,60,14,39,69,1.0,10.0,5.72,0.0,1.95,17.77
109,VXUS.O,Vanguard Total International Stock Index Fund;ETF,5,60,14,39,69,1.0,10.0,5.72,12.15,3.47,17.94
109,VXUS.O,Vanguard Total International Stock Index Fund;ETF,5,60,14,34,74,1.0,10.0,5.7,17.52,3.47,17.94
109,EFV,iShares MSCI EAFE Value ETF,5,60,14,34,74,1.0,10.0,5.7,2.65,3.44,19.23
109,HEEM.K,iShares Currency Hedged MSCI Emerging Markets ETF,5,60,14,34,74,1.0,10.0,5.7,14.11,3.11,18.04
109,GDVD.K,Copper Place Global Dividend Growth ETF,5,60,14,34,74,1.0,10.0,5.7,-0.25,2.23,20.03
109,RAYE.K,Rayliant Quantamental Emg Mrkt ex-China Eqty ETF,5,60,14,34,74,1.0,10.0,5.7,27.82,3.34,17.28
109,TOLZ.K,ProShares DJ Brookfield Global Infrastructure ETF,5,60,14,34,74,1.0,10.0,5.7,1.77,3.03,17.0
109,ROAM.K,Hartford Multifactor Emerging Markets ETF,5,60,14,34,74,1.0,10.0,5.7,15.38,1.62,18.74
109,RAAX.K,VanEck Inflation Allocation ETF,5,60,14,34,74,1.0,10.0,5.7,2.06,2.79,16.63
109,IQDY.K,FlexShares International Quality Div Dyn Idx,5,60,14,34,74,1.0,10.0,5.7,6.9,3.54,18.04
109,ASEA.K,Global X FTSE Southeast Asia ETF,5,60,14,34,74,1.0,10.0,5.7,8.94,1.84,18.25
109,DIM,WisdomTree International MidCap Dividend Fund,5,60,14,34,74,1.0,10.0,5.7,0.0,4.24,17.69
109,MKOR.K,Matthews Korea Active ETF,5,60,14,34,74,1.0,10.0,5.7,0.0,2.53,16.77
109,TLTE.K,FlexShares Morningstar Em Mkts Factors Tilt Idx,5,60,14,34,74,1.0,10.0,5.7,13.87,2.43,17.91
109,CVY,Invesco Zacks Multi-Asset Income ETF,5,60,14,34,74,1.0,10.0,5.7,4.31,4.25,18.14
109,EUDV.K,ProShares MSCI Europe Dividend Growers ETF,5,60,14,34,74,1.0,10.0,5.7,4.65,4.21,18.04
109,UEVM.O,VictoryShares Emerging Markets Value Momentum ETF,5,60,14,34,74,1.0,10.0,5.7,2.82,1.71,18.7
109,DIVY.K,Sound Equity Dividend Income ETF,5,60,14,34,74,1.0,10.0,5.7,6.61,3.26,18.75
109,VAMO.K,Cambria Value and Momentum ETF,5,60,14,34,74,1.0,10.0,5.7,2.35,3.21,18.44
109,FDEM.K,Fidelity Emerging Markets Multifactor ETF,5,60,14,34,74,1.0,10.0,5.7,11.64,2.96,18.03
109,FTXG.O,First Trust Nasdaq Food & Beverage ETF,5,60,14,34,74,1.0,10.0,5.7,0.0,3.68,17.02
109,ISVL.K,iShares Intl Developed Small Cap Value Factor ETF,5,60,14,34,74,1.0,10.0,5.7,15.71,3.17,17.27
109,CVAR.K,Cultivar ETF,5,60,14,34,74,1.0,10.0,5.7,0.0,2.56,17.21
109,CIL.O,VictoryShares International Volatility Wtd Idx ETF,5,60,14,34,74,1.0,10.0,5.7,0.0,4.38,18.02
109,LOPP.K,Gabelli Love Our Planet & People ETF,5,60,14,34,74,1.0,10.0,5.7,4.24,3.75,17.55
109,OVF,Overlay Shares Foreign Equity ETF,5,60,14,34,74,1.0,10.0,5.7,12.95,2.07,16.94
109,ISZE.K,iShares MSCI Intl Size Factor ETF,5,60,14,34,74,1.0,10.0,5.7,0.0,2.64,16.8
109,EMDV.K,ProShares MSCI Emerging Markets Dividend Grwrs ETF,5,60,14,34,74,1.0,10.0,5.7,-1.5,2.94,19.07
109,MOTE.K,VanEck Morningstar ESG Moat ETF,5,60,14,34,74,1.0,10.0,5.7,0.0,3.79,18.16
109,DWAT.K,Arrow DWA Tactical: Macro ETF,5,60,14,34,74,1.0,10.0,5.7,0.0,3.04,17.46
109,UIVM.O,VictoryShares International Value Momentum ETF,5,60,14,34,74,1.0,10.0,5.7,2.12,1.29,17.59
109,DTRE.K,First Trust Alerian Disruptive Technology Real Est,5,60,14,34,74,1.0,10.0,5.7,7.19,4.01,18.49
109,RNEM.O,First Trust Emerging Markets Equity Select ETF,5,60,14,34,74,1.0,10.0,5.7,15.91,2.75,17.73
109,EFAS.O,Global X MSCI SuperDividend EAFE ETF,5,60,14,34,74,1.0,10.0,5.7,5.68,1.9,19.26
109,RSPE.K,Invesco ESG S&P 500 Equal Weight ETF,5,60,14,34,74,1.0,10.0,5.7,0.0,2.9,17.39
109,BMED.K,BlackRock Future Health ETF,5,60,14,34,74,1.0,10.0,5.7,6.16,2.13,18.1
109,OEUR.K,ALPS O'Shares Europe Quality Dividend ETF,5,60,14,34,74,1.0,10.0,5.7,0.0,4.1,17.39
109,GGM,GGM Macro Alignment ETF,5,60,14,34,74,1.0,10.0,5.7,4.3,3.42,19.1
109,FLAX.K,Franklin FTSE Asia ex Japan ETF,5,60,14,34,74,1.0,10.0,5.7,10.21,2.52,19.94
109,RUFF.K,Alpha Dog ETF,5,60,14,34,74,1.0,10.0,5.7,25.41,2.21,18.84
109,DGRE.O,WisdomTree Emerging Markets Quality Dividend Gro,5,60,14,34,74,1.0,10.0,5.7,12.22,2.57,19.94
109,FJP.O,First Trust Japan AlphaDEX Fund,5,60,14,34,74,1.0,10.0,5.7,15.75,3.52,17.98
109,DBP,Invesco DB Precious Metals Fund,5,60,14,34,74,1.0,10.0,5.7,0.0,4.3,17.68
109,ANGL.O,VanEck Fallen Angel High Yield Bond ETF,5,60,14,34,74,1.0,10.0,5.7,1.89,2.88,19.34
109,FYLD.K,Cambria Foreign Shareholder Yield ETF,5,60,14,34,74,1.0,10.0,5.7,8.81,2.47,18.05
109,DFIS.K,DFA Dimensional International Small Cap ETF,5,60,14,34,74,1.0,10.0,5.7,0.0,3.15,18.11
109,CTA,Simplify Managed Futures Strategy ETF,5,60,14,34,74,1.0,10.0,5.7,0.0,2.72,16.94
109,IDV,iShares International Select Dividend ETF,5,60,14,34,74,1.0,10.0,5.7,-0.59,2.04,19.19
109,IYZ,iShares US Telecommunications ETF,5,60,14,34,74,1.0,10.0,5.7,0.0,2.72,18.43
109,VSGX.K,Vanguard ESG International Stock ETF,5,60,14,34,74,1.0,10.0,5.7,13.05,4.43,18.44
109,IVLU.K,iShares MSCI Intl Value Factor ETF,5,60,14,34,74,1.0,10.0,5.7,11.33,3.38,18.51
109,YMAX.K,YieldMax Universe Fund of Option Income ETFs,5,60,14,34,74,1.0,10.0,5.7,0.0,2.5,18.72
109,GQRE.K,FlexShares Global Quality Real Estate Index Fund,5,60,14,34,74,1.0,10.0,5.7,0.0,2.73,17.21
109,DGS,WisdomTree Emerging Markets SmallCap Dividend Fund,5,60,14,34,74,1.0,10.0,5.7,16.17,3.24,18.2
109,REET.K,iShares Global REIT ETF,5,60,14,34,74,1.0,10.0,5.7,3.87,1.43,18.76
109,DFAE.K,DFA Dimensional Emerging Core Equity Market ETF,5,60,14,34,74,1.0,10.0,5.7,7.14,2.84,17.07
109,FLJP.K,Franklin FTSE Japan ETF,5,60,14,34,74,1.0,10.0,5.7,4.32,3.7,17.19
109,DBC,Invesco DB Commodity Index Tracking Fund,5,60,14,34,74,1.0,10.0,5.7,2.77,1.9,17.12
109,IEUR.K,iShares Core MSCI Europe ETF,5,60,14,34,74,1.0,10.0,5.7,3.44,3.52,18.79
109,EWH,iShares MSCI Hong Kong ETF,5,60,14,34,74,1.0,10.0,5.7,-0.47,2.09,19.19
109,RWO,SPDR Dow Jones Global Real Estate ETF,5,60,14,34,74,1.0,10.0,5.7,2.63,3.94,18.44
109,HDEF.K,Xtrackers MSCI EAFE Hi Dv Yld Eq ETF,5,60,14,34,74,1.0,10.0,5.7,3.07,1.94,17.22
109,IDOG.K,Alps Internatl Sector Dividends Dogs ETF,5,60,14,34,74,1.0,10.0,5.7,2.41,3.45,17.51
109,DBB,Invesco DB Base Metals Fund,5,60,14,34,74,1.0,10.0,5.7,10.12,2.45,19.18
109,MOTI.K,VanEck Morningstar International Moat ETF,5,60,14,34,74,1.0,10.0,5.7,0.0,2.7,18.97
109,SPRE.K,SP Funds S&P Global REIT Sharia ETF,5,60,14,34,74,1.0,10.0,5.7,0.0,2.3,19.4
109,GWX,SPDR S&P International Small Cap ETF,5,60,14,34,74,1.0,10.0,5.7,0.0,3.63,17.87
109,EUO,ProShares UltraShort Euro,5,60,14,34,74,1.0,10.0,5.7,10.44,3.43,16.81
109,DTH,WisdomTree International High Dividend,5,60,14,34,74,1.0,10.0,5.7,0.99,2.43,18.59
109,DOL,WisdomTree International LargeCap Dividend Fund,5,60,14,34,74,1.0,10.0,5.7,0.0,3.65,18.03
109,FIVA.K,Fidelity International Value Factor ETF,5,60,14,34,74,1.0,10.0,5.7,10.73,2.27,18.41
109,VIDI.K,Vident International Equity Strat ETF,5,60,14,34,74,1.0,10.0,5.7,5.33,1.91,17.77
109,EEMS.K,iShares MSCI Emerging Markets Small-Cap ETF,5,60,14,34,74,1.0,10.0,5.7,19.38,3.79,18.75
109,FGD,First Trust Dow Jones Global Select Dividend Ix Fd,5,60,14,34,74,1.0,10.0,5.7,-0.04,2.65,18.54
109,INTF.K,iShares International Equity Factor ETF,5,60,14,34,74,1.0,10.0,5.7,0.0,3.8,17.7
109,JPEM.K,JPMorgan Diversified Return Emerging Mkts Eqty ETF,5,60,14,34,74,1.0,10.0,5.7,25.37,2.62,18.11
109,FDT.O,First Trust Developed Markets ex-US AlphaDEX Fund,5,60,14,34,74,1.0,10.0,5.7,5.35,2.73,18.34
109,EWX,SPDR S&P Emerging Markets Small Cap ETF,5,60,14,34,74,1.0,10.0,5.7,4.66,3.32,18.3
109,DWM,WisdomTree International Equity Fund,5,60,14,34,74,1.0,10.0,5.7,0.0,3.86,17.75
109,PID.O,Invesco International Dividend Achievers ETF,5,60,14,34,74,1.0,10.0,5.7,1.96,4.03,18.2
109,IEMG.K,iShares Core MSCI Emerging Markets ETF,5,60,14,34,74,1.0,10.0,5.7,14.04,3.1,19.55
109,EQUL.K,IQ Engender Equality ETF,5,60,14,34,74,1.0,10.0,5.7,0.0,1.95,17.77
109,FLDZ.K,RiverNorth Patriot ETF,5,60,14,34,74,1.0,10.0,5.7,0.0,3.8,18.08
109,GQRE.K,FlexShares Global Quality Real Estate Index Fund,5,120,14,39,74,1.0,10.0,5.5,-1.2,2.73,17.21
109,EEMS.K,iShares MSCI Emerging Markets Small-Cap ETF,5,120,14,39,74,1.0,10.0,5.5,24.65,3.79,18.75
109,PID.O,Invesco International Dividend Achievers ETF,5,120,14,39,74,1.0,10.0,5.5,1.44,4.03,18.2
109,DWM,WisdomTree International Equity Fund,5,120,14,39,74,1.0,10.0,5.5,2.26,3.86,17.75
109,EWX,SPDR S&P Emerging Markets Small Cap ETF,5,120,14,39,74,1.0,10.0,5.5,6.21,3.32,18.3
109,FDT.O,First Trust Developed Markets ex-US AlphaDEX Fund,5,120,14,39,74,1.0,10.0,5.5,9.12,2.73,18.34
109,JPEM.K,JPMorgan Diversified Return Emerging Mkts Eqty ETF,5,120,14,39,74,1.0,10.0,5.5,16.19,2.62,18.11
109,INTF.K,iShares International Equity Factor ETF,5,120,14,39,74,1.0,10.0,5.5,15.76,3.8,17.7
109,FGD,First Trust Dow Jones Global Select Dividend Ix Fd,5,120,14,39,74,1.0,10.0,5.5,0.3,2.65,18.54
109,VIDI.K,Vident International Equity Strat ETF,5,120,14,39,74,1.0,10.0,5.5,2.2,1.91,17.77
109,DBB,Invesco DB Base Metals Fund,5,120,14,39,74,1.0,10.0,5.5,1.78,2.45,19.18
109,FIVA.K,Fidelity International Value Factor ETF,5,120,14,39,74,1.0,10.0,5.5,3.73,2.27,18.41
109,DOL,WisdomTree International LargeCap Dividend Fund,5,120,14,39,74,1.0,10.0,5.5,5.2,3.65,18.03
109,DTH,WisdomTree International High Dividend,5,120,14,39,74,1.0,10.0,5.5,0.58,2.43,18.59
109,EUO,ProShares UltraShort Euro,5,120,14,39,74,1.0,10.0,5.5,10.8,3.43,16.81
109,GWX,SPDR S&P International Small Cap ETF,5,120,14,39,74,1.0,10.0,5.5,1.75,3.63,17.87
109,SPRE.K,SP Funds S&P Global REIT Sharia ETF,5,120,14,39,74,1.0,10.0,5.5,0.0,2.3,19.4
109,MOTI.K,VanEck Morningstar International Moat ETF,5,120,14,39,74,1.0,10.0,5.5,7.0,2.7,18.97
109,HDEF.K,Xtrackers MSCI EAFE Hi Dv Yld Eq ETF,5,120,14,39,74,1.0,10.0,5.5,12.48,1.94,17.22
109,EQUL.K,IQ Engender Equality ETF,5,120,14,39,74,1.0,10.0,5.5,0.0,1.95,17.77
109,LOPP.K,Gabelli Love Our Planet & People ETF,5,120,14,39,74,1.0,10.0,5.5,4.75,3.75,17.55
109,FYLD.K,Cambria Foreign Shareholder Yield ETF,5,120,14,39,74,1.0,10.0,5.5,4.32,2.47,18.05
109,VXUS.O,Vanguard Total International Stock Index Fund;ETF,5,120,14,39,74,1.0,10.0,5.5,14.39,3.47,17.94
109,EFV,iShares MSCI EAFE Value ETF,5,120,14,39,74,1.0,10.0,5.5,6.36,3.44,19.23
109,EWH,iShares MSCI Hong Kong ETF,5,120,14,39,74,1.0,10.0,5.5,-27.96,2.09,19.19
109,IEUR.K,iShares Core MSCI Europe ETF,5,120,14,39,74,1.0,10.0,5.5,5.07,3.52,18.79
109,DBC,Invesco DB Commodity Index Tracking Fund,5,120,14,39,74,1.0,10.0,5.5,2.5,1.9,17.12
109,FLJP.K,Franklin FTSE Japan ETF,5,120,14,39,74,1.0,10.0,5.5,4.29,3.7,17.19
109,DFAE.K,DFA Dimensional Emerging Core Equity Market ETF,5,120,14,39,74,1.0,10.0,5.5,11.21,2.84,17.07
109,REET.K,iShares Global REIT ETF,5,120,14,39,74,1.0,10.0,5.5,3.03,1.43,18.76
109,DGS,WisdomTree Emerging Markets SmallCap Dividend Fund,5,120,14,39,74,1.0,10.0,5.5,18.65,3.24,18.2
109,YMAX.K,YieldMax Universe Fund of Option Income ETFs,5,120,14,39,74,1.0,10.0,5.5,0.0,2.5,18.72
109,ANGL.O,VanEck Fallen Angel High Yield Bond ETF,5,120,14,39,74,1.0,10.0,5.5,1.59,2.88,19.34
109,IVLU.K,iShares MSCI Intl Value Factor ETF,5,120,14,39,74,1.0,10.0,5.5,7.85,3.38,18.51
109,VSGX.K,Vanguard ESG International Stock ETF,5,120,14,39,74,1.0,10.0,5.5,11.89,4.43,18.44
109,IYZ,iShares US Telecommunications ETF,5,120,14,39,74,1.0,10.0,5.5,-3.92,2.72,18.43
109,IDV,iShares International Select Dividend ETF,5,120,14,39,74,1.0,10.0,5.5,0.07,2.04,19.19
109,CTA,Simplify Managed Futures Strategy ETF,5,120,14,39,74,1.0,10.0,5.5,0.0,2.72,16.94
109,DFIS.K,DFA Dimensional International Small Cap ETF,5,120,14,39,74,1.0,10.0,5.5,0.0,3.15,18.11
109,RWO,SPDR Dow Jones Global Real Estate ETF,5,120,14,39,74,1.0,10.0,5.5,2.21,3.94,18.44
109,IDOG.K,Alps Internatl Sector Dividends Dogs ETF,5,120,14,39,74,1.0,10.0,5.5,3.12,3.45,17.51
109,DBP,Invesco DB Precious Metals Fund,5,120,14,39,74,1.0,10.0,5.5,2.07,4.3,17.68
109,FJP.O,First Trust Japan AlphaDEX Fund,5,120,14,39,74,1.0,10.0,5.5,2.07,3.52,17.98
109,CVAR.K,Cultivar ETF,5,120,14,39,74,1.0,10.0,5.5,0.0,2.56,17.21
109,RNEM.O,First Trust Emerging Markets Equity Select ETF,5,120,14,39,74,1.0,10.0,5.5,5.22,2.75,17.73
109,RUFF.K,Alpha Dog ETF,5,120,14,39,74,1.0,10.0,5.5,26.16,2.21,18.84
109,FLAX.K,Franklin FTSE Asia ex Japan ETF,5,120,14,39,74,1.0,10.0,5.5,1.95,2.52,19.94
109,GGM,GGM Macro Alignment ETF,5,120,14,39,74,1.0,10.0,5.5,1.4,3.42,19.1
109,OEUR.K,ALPS O'Shares Europe Quality Dividend ETF,5,120,14,39,74,1.0,10.0,5.5,0.0,4.1,17.39
109,BMED.K,BlackRock Future Health ETF,5,120,14,39,74,1.0,10.0,5.5,5.49,2.13,18.1
109,RSPE.K,Invesco ESG S&P 500 Equal Weight ETF,5,120,14,39,74,1.0,10.0,5.5,0.0,2.9,17.39
109,EFAS.O,Global X MSCI SuperDividend EAFE ETF,5,120,14,39,74,1.0,10.0,5.5,-1.2,1.9,19.26
109,DTRE.K,First Trust Alerian Disruptive Technology Real Est,5,120,14,39,74,1.0,10.0,5.5,1.35,4.01,18.49
109,CIL.O,VictoryShares International Volatility Wtd Idx ETF,5,120,14,39,74,1.0,10.0,5.5,11.17,4.38,18.02
109,UIVM.O,VictoryShares International Value Momentum ETF,5,120,14,39,74,1.0,10.0,5.5,1.75,1.29,17.59
109,DWAT.K,Arrow DWA Tactical: Macro ETF,5,120,14,39,74,1.0,10.0,5.5,11.48,3.04,17.46
109,MOTE.K,VanEck Morningstar ESG Moat ETF,5,120,14,39,74,1.0,10.0,5.5,0.0,3.79,18.16
109,EMDV.K,ProShares MSCI Emerging Markets Dividend Grwrs ETF,5,120,14,39,74,1.0,10.0,5.5,0.0,2.94,19.07
109,ISZE.K,iShares MSCI Intl Size Factor ETF,5,120,14,39,74,1.0,10.0,5.5,7.42,2.64,16.8
109,OVF,Overlay Shares Foreign Equity ETF,5,120,14,39,74,1.0,10.0,5.5,12.41,2.07,16.94
109,ISVL.K,iShares Intl Developed Small Cap Value Factor ETF,5,120,14,39,74,1.0,10.0,5.5,11.91,3.17,17.27
109,FTXG.O,First Trust Nasdaq Food & Beverage ETF,5,120,14,39,74,1.0,10.0,5.5,0.0,3.68,17.02
109,HEEM.K,iShares Currency Hedged MSCI Emerging Markets ETF,5,120,14,39,74,1.0,10.0,5.5,12.93,3.11,18.04
109,TLTE.K,FlexShares Morningstar Em Mkts Factors Tilt Idx,5,120,14,39,74,1.0,10.0,5.5,24.97,2.43,17.91
109,DGRE.O,WisdomTree Emerging Markets Quality Dividend Gro,5,120,14,39,74,1.0,10.0,5.5,19.01,2.57,19.94
109,FDEM.K,Fidelity Emerging Markets Multifactor ETF,5,120,14,39,74,1.0,10.0,5.5,3.6,2.96,18.03
109,VAMO.K,Cambria Value and Momentum ETF,5,120,14,39,74,1.0,10.0,5.5,2.41,3.21,18.44
109,DIVY.K,Sound Equity Dividend Income ETF,5,120,14,39,74,1.0,10.0,5.5,5.12,3.26,18.75
109,UEVM.O,VictoryShares Emerging Markets Value Momentum ETF,5,120,14,39,74,1.0,10.0,5.5,2.03,1.71,18.7
109,EUDV.K,ProShares MSCI Europe Dividend Growers ETF,5,120,14,39,74,1.0,10.0,5.5,4.35,4.21,18.04
109,CVY,Invesco Zacks Multi-Asset Income ETF,5,120,14,39,74,1.0,10.0,5.5,1.65,4.25,18.14
109,MKOR.K,Matthews Korea Active ETF,5,120,14,39,74,1.0,10.0,5.5,0.0,2.53,16.77
109,GDVD.K,Copper Place Global Dividend Growth ETF,5,120,14,39,74,1.0,10.0,5.5,0.0,2.23,20.03
109,DIM,WisdomTree International MidCap Dividend Fund,5,120,14,39,74,1.0,10.0,5.5,8.31,4.24,17.69
109,ASEA.K,Global X FTSE Southeast Asia ETF,5,120,14,39,74,1.0,10.0,5.5,8.07,1.84,18.25
109,IQDY.K,FlexShares International Quality Div Dyn Idx,5,120,14,39,74,1.0,10.0,5.5,8.05,3.54,18.04
109,RAAX.K,VanEck Inflation Allocation ETF,5,120,14,39,74,1.0,10.0,5.5,1.66,2.79,16.63
109,ROAM.K,Hartford Multifactor Emerging Markets ETF,5,120,14,39,74,1.0,10.0,5.5,4.94,1.62,18.74
109,TOLZ.K,ProShares DJ Brookfield Global Infrastructure ETF,5,120,14,39,74,1.0,10.0,5.5,2.69,3.03,17.0
109,RAYE.K,Rayliant Quantamental Emg Mrkt ex-China Eqty ETF,5,120,14,39,74,1.0,10.0,5.5,26.37,3.34,17.28
109,IEMG.K,iShares Core MSCI Emerging Markets ETF,5,120,14,39,74,1.0,10.0,5.5,24.81,3.1,19.55
109,FLDZ.K,RiverNorth Patriot ETF,5,120,14,39,74,1.0,10.0,5.5,0.0,3.8,18.08
109,FLDZ.K,RiverNorth Patriot ETF,5,120,14,49,69,1.0,10.0,5.4,18.3,3.8,18.08
109,GQRE.K,FlexShares Global Quality Real Estate Index Fund,5,120,14,49,69,1.0,10.0,5.4,0.1,2.73,17.21
109,EEMS.K,iShares MSCI Emerging Markets Small-Cap ETF,5,120,14,49,69,1.0,10.0,5.4,7.99,3.79,18.75
109,PID.O,Invesco International Dividend Achievers ETF,5,120,14,49,69,1.0,10.0,5.4,1.63,4.03,18.2
109,DWM,WisdomTree International Equity Fund,5,120,14,49,69,1.0,10.0,5.4,3.7,3.86,17.75
109,EWX,SPDR S&P Emerging Markets Small Cap ETF,5,120,14,49,69,1.0,10.0,5.4,7.13,3.32,18.3
109,FDT.O,First Trust Developed Markets ex-US AlphaDEX Fund,5,120,14,49,69,1.0,10.0,5.4,4.07,2.73,18.34
109,JPEM.K,JPMorgan Diversified Return Emerging Mkts Eqty ETF,5,120,14,49,69,1.0,10.0,5.4,5.08,2.62,18.11
109,INTF.K,iShares International Equity Factor ETF,5,120,14,49,69,1.0,10.0,5.4,5.43,3.8,17.7
109,FGD,First Trust Dow Jones Global Select Dividend Ix Fd,5,120,14,49,69,1.0,10.0,5.4,1.52,2.65,18.54
109,VIDI.K,Vident International Equity Strat ETF,5,120,14,49,69,1.0,10.0,5.4,1.95,1.91,17.77
109,DBB,Invesco DB Base Metals Fund,5,120,14,49,69,1.0,10.0,5.4,1.28,2.45,19.18
109,FIVA.K,Fidelity International Value Factor ETF,5,120,14,49,69,1.0,10.0,5.4,3.73,2.27,18.41
109,DOL,WisdomTree International LargeCap Dividend Fund,5,120,14,49,69,1.0,10.0,5.4,3.44,3.65,18.03
109,DTH,WisdomTree International High Dividend,5,120,14,49,69,1.0,10.0,5.4,0.52,2.43,18.59
109,EUO,ProShares UltraShort Euro,5,120,14,49,69,1.0,10.0,5.4,13.39,3.43,16.81
109,GWX,SPDR S&P International Small Cap ETF,5,120,14,49,69,1.0,10.0,5.4,7.06,3.63,17.87
109,SPRE.K,SP Funds S&P Global REIT Sharia ETF,5,120,14,49,69,1.0,10.0,5.4,-0.59,2.3,19.4
109,MOTI.K,VanEck Morningstar International Moat ETF,5,120,14,49,69,1.0,10.0,5.4,3.69,2.7,18.97
109,HDEF.K,Xtrackers MSCI EAFE Hi Dv Yld Eq ETF,5,120,14,49,69,1.0,10.0,5.4,2.35,1.94,17.22
109,RWO,SPDR Dow Jones Global Real Estate ETF,5,120,14,49,69,1.0,10.0,5.4,1.34,3.94,18.44
109,DBP,Invesco DB Precious Metals Fund,5,120,14,49,69,1.0,10.0,5.4,3.24,4.3,17.68
109,FYLD.K,Cambria Foreign Shareholder Yield ETF,5,120,14,49,69,1.0,10.0,5.4,2.8,2.47,18.05
109,IEMG.K,iShares Core MSCI Emerging Markets ETF,5,120,14,49,69,1.0,10.0,5.4,8.85,3.1,19.55
109,EFV,iShares MSCI EAFE Value ETF,5,120,14,49,69,1.0,10.0,5.4,3.51,3.44,19.23
109,EWH,iShares MSCI Hong Kong ETF,5,120,14,49,69,1.0,10.0,5.4,0.28,2.09,19.19
109,IEUR.K,iShares Core MSCI Europe ETF,5,120,14,49,69,1.0,10.0,5.4,13.7,3.52,18.79
109,DBC,Invesco DB Commodity Index Tracking Fund,5,120,14,49,69,1.0,10.0,5.4,-3.95,1.9,17.12
109,FLJP.K,Franklin FTSE Japan ETF,5,120,14,49,69,1.0,10.0,5.4,11.25,3.7,17.19
109,DFAE.K,DFA Dimensional Emerging Core Equity Market ETF,5,120,14,49,69,1.0,10.0,5.4,-0.8,2.84,17.07
109,REET.K,iShares Global REIT ETF,5,120,14,49,69,1.0,10.0,5.4,-0.46,1.43,18.76
109,DGS,WisdomTree Emerging Markets SmallCap Dividend Fund,5,120,14,49,69,1.0,10.0,5.4,3.09,3.24,18.2
109,YMAX.K,YieldMax Universe Fund of Option Income ETFs,5,120,14,49,69,1.0,10.0,5.4,0.0,2.5,18.72
109,ANGL.O,VanEck Fallen Angel High Yield Bond ETF,5,120,14,49,69,1.0,10.0,5.4,1.37,2.88,19.34
109,IVLU.K,iShares MSCI Intl Value Factor ETF,5,120,14,49,69,1.0,10.0,5.4,3.48,3.38,18.51
109,VSGX.K,Vanguard ESG International Stock ETF,5,120,14,49,69,1.0,10.0,5.4,19.01,4.43,18.44
109,IYZ,iShares US Telecommunications ETF,5,120,14,49,69,1.0,10.0,5.4,0.32,2.72,18.43
109,IDV,iShares International Select Dividend ETF,5,120,14,49,69,1.0,10.0,5.4,-0.54,2.04,19.19
109,CTA,Simplify Managed Futures Strategy ETF,5,120,14,49,69,1.0,10.0,5.4,1.98,2.72,16.94
109,DFIS.K,DFA Dimensional International Small Cap ETF,5,120,14,49,69,1.0,10.0,5.4,12.17,3.15,18.11
109,IDOG.K,Alps Internatl Sector Dividends Dogs ETF,5,120,14,49,69,1.0,10.0,5.4,2.91,3.45,17.51
109,VXUS.O,Vanguard Total International Stock Index Fund;ETF,5,120,14,49,69,1.0,10.0,5.4,7.88,3.47,17.94
109,FJP.O,First Trust Japan AlphaDEX Fund,5,120,14,49,69,1.0,10.0,5.4,4.57,3.52,17.98
109,CVAR.K,Cultivar ETF,5,120,14,49,69,1.0,10.0,5.4,5.04,2.56,17.21
109,RUFF.K,Alpha Dog ETF,5,120,14,49,69,1.0,10.0,5.4,26.16,2.21,18.84
109,FLAX.K,Franklin FTSE Asia ex Japan ETF,5,120,14,49,69,1.0,10.0,5.4,12.2,2.52,19.94
109,GGM,GGM Macro Alignment ETF,5,120,14,49,69,1.0,10.0,5.4,0.9,3.42,19.1
109,OEUR.K,ALPS O'Shares Europe Quality Dividend ETF,5,120,14,49,69,1.0,10.0,5.4,9.33,4.1,17.39
109,BMED.K,BlackRock Future Health ETF,5,120,14,49,69,1.0,10.0,5.4,5.49,2.13,18.1
109,RSPE.K,Invesco ESG S&P 500 Equal Weight ETF,5,120,14,49,69,1.0,10.0,5.4,13.39,2.9,17.39
109,EFAS.O,Global X MSCI SuperDividend EAFE ETF,5,120,14,49,69,1.0,10.0,5.4,-1.63,1.9,19.26
109,DTRE.K,First Trust Alerian Disruptive Technology Real Est,5,120,14,49,69,1.0,10.0,5.4,1.82,4.01,18.49
109,CIL.O,VictoryShares International Volatility Wtd Idx ETF,5,120,14,49,69,1.0,10.0,5.4,5.19,4.38,18.02
109,UIVM.O,VictoryShares International Value Momentum ETF,5,120,14,49,69,1.0,10.0,5.4,1.57,1.29,17.59
109,DWAT.K,Arrow DWA Tactical: Macro ETF,5,120,14,49,69,1.0,10.0,5.4,5.17,3.04,17.46
109,MOTE.K,VanEck Morningstar ESG Moat ETF,5,120,14,49,69,1.0,10.0,5.4,12.52,3.79,18.16
109,EMDV.K,ProShares MSCI Emerging Markets Dividend Grwrs ETF,5,120,14,49,69,1.0,10.0,5.4,-3.52,2.94,19.07
109,ISZE.K,iShares MSCI Intl Size Factor ETF,5,120,14,49,69,1.0,10.0,5.4,2.07,2.64,16.8
109,OVF,Overlay Shares Foreign Equity ETF,5,120,14,49,69,1.0,10.0,5.4,12.41,2.07,16.94
109,LOPP.K,Gabelli Love Our Planet & People ETF,5,120,14,49,69,1.0,10.0,5.4,2.72,3.75,17.55
109,DGRE.O,WisdomTree Emerging Markets Quality Dividend Gro,5,120,14,49,69,1.0,10.0,5.4,2.87,2.57,19.94
109,RNEM.O,First Trust Emerging Markets Equity Select ETF,5,120,14,49,69,1.0,10.0,5.4,1.37,2.75,17.73
109,EQUL.K,IQ Engender Equality ETF,5,120,14,49,69,1.0,10.0,5.4,9.83,1.95,17.77
109,ISVL.K,iShares Intl Developed Small Cap Value Factor ETF,5,120,14,49,69,1.0,10.0,5.4,11.91,3.17,17.27
109,DIM,WisdomTree International MidCap Dividend Fund,5,120,14,49,69,1.0,10.0,5.4,3.64,4.24,17.69
109,FTXG.O,First Trust Nasdaq Food & Beverage ETF,5,120,14,49,69,1.0,10.0,5.4,7.32,3.68,17.02
109,VAMO.K,Cambria Value and Momentum ETF,5,120,14,49,69,1.0,10.0,5.4,1.69,3.21,18.44
109,DIVY.K,Sound Equity Dividend Income ETF,5,120,14,49,69,1.0,10.0,5.4,4.88,3.26,18.75
109,UEVM.O,VictoryShares Emerging Markets Value Momentum ETF,5,120,14,49,69,1.0,10.0,5.4,2.03,1.71,18.7
109,EUDV.K,ProShares MSCI Europe Dividend Growers ETF,5,120,14,49,69,1.0,10.0,5.4,10.77,4.21,18.04
109,CVY,Invesco Zacks Multi-Asset Income ETF,5,120,14,49,69,1.0,10.0,5.4,2.36,4.25,18.14
109,TLTE.K,FlexShares Morningstar Em Mkts Factors Tilt Idx,5,120,14,49,69,1.0,10.0,5.4,8.12,2.43,17.91
109,MKOR.K,Matthews Korea Active ETF,5,120,14,49,69,1.0,10.0,5.4,0.0,2.53,16.77
109,FDEM.K,Fidelity Emerging Markets Multifactor ETF,5,120,14,49,69,1.0,10.0,5.4,18.85,2.96,18.03
109,ASEA.K,Global X FTSE Southeast Asia ETF,5,120,14,49,69,1.0,10.0,5.4,-0.22,1.84,18.25
109,RAAX.K,VanEck Inflation Allocation ETF,5,120,14,49,69,1.0,10.0,5.4,3.98,2.79,16.63
109,ROAM.K,Hartford Multifactor Emerging Markets ETF,5,120,14,49,69,1.0,10.0,5.4,5.0,1.62,18.74
109,TOLZ.K,ProShares DJ Brookfield Global Infrastructure ETF,5,120,14,49,69,1.0,10.0,5.4,2.69,3.03,17.0
109,RAYE.K,Rayliant Quantamental Emg Mrkt ex-China Eqty ETF,5,120,14,49,69,1.0,10.0,5.4,26.37,3.34,17.28
109,GDVD.K,Copper Place Global Dividend Growth ETF,5,120,14,49,69,1.0,10.0,5.4,-0.71,2.23,20.03
109,IQDY.K,FlexShares International Quality Div Dyn Idx,5,120,14,49,69,1.0,10.0,5.4,9.23,3.54,18.04
109,HEEM.K,iShares Currency Hedged MSCI Emerging Markets ETF,5,120,14,49,69,1.0,10.0,5.4,12.51,3.11,18.04
109,VIDI.K,Vident International Equity Strat ETF,5,120,14,34,69,1.0,10.0,5.38,4.12,1.91,17.77
109,PID.O,Invesco International Dividend Achievers ETF,5,120,14,34,69,1.0,10.0,5.38,3.39,4.03,18.2
109,DWM,WisdomTree International Equity Fund,5,120,14,34,69,1.0,10.0,5.38,0.0,3.86,17.75
109,EWX,SPDR S&P Emerging Markets Small Cap ETF,5,120,14,34,69,1.0,10.0,5.38,3.25,3.32,18.3
109,FDT.O,First Trust Developed Markets ex-US AlphaDEX Fund,5,120,14,34,69,1.0,10.0,5.38,7.68,2.73,18.34
109,JPEM.K,JPMorgan Diversified Return Emerging Mkts Eqty ETF,5,120,14,34,69,1.0,10.0,5.38,21.4,2.62,18.11
109,INTF.K,iShares International Equity Factor ETF,5,120,14,34,69,1.0,10.0,5.38,0.0,3.8,17.7
109,FGD,First Trust Dow Jones Global Select Dividend Ix Fd,5,120,14,34,69,1.0,10.0,5.38,0.0,2.65,18.54
109,DTH,WisdomTree International High Dividend,5,120,14,34,69,1.0,10.0,5.38,0.58,2.43,18.59
109,DBB,Invesco DB Base Metals Fund,5,120,14,34,69,1.0,10.0,5.38,30.2,2.45,19.18
109,FIVA.K,Fidelity International Value Factor ETF,5,120,14,34,69,1.0,10.0,5.38,0.0,2.27,18.41
109,DOL,WisdomTree International LargeCap Dividend Fund,5,120,14,34,69,1.0,10.0,5.38,0.0,3.65,18.03
109,EUO,ProShares UltraShort Euro,5,120,14,34,69,1.0,10.0,5.38,10.44,3.43,16.81
109,GWX,SPDR S&P International Small Cap ETF,5,120,14,34,69,1.0,10.0,5.38,0.0,3.63,17.87
109,SPRE.K,SP Funds S&P Global REIT Sharia ETF,5,120,14,34,69,1.0,10.0,5.38,0.0,2.3,19.4
109,MOTI.K,VanEck Morningstar International Moat ETF,5,120,14,34,69,1.0,10.0,5.38,0.0,2.7,18.97
109,EEMS.K,iShares MSCI Emerging Markets Small-Cap ETF,5,120,14,34,69,1.0,10.0,5.38,16.68,3.79,18.75
109,DBP,Invesco DB Precious Metals Fund,5,120,14,34,69,1.0,10.0,5.38,0.0,4.3,17.68
109,IDOG.K,Alps Internatl Sector Dividends Dogs ETF,5,120,14,34,69,1.0,10.0,5.38,12.14,3.45,17.51
109,VSGX.K,Vanguard ESG International Stock ETF,5,120,14,34,69,1.0,10.0,5.38,11.89,4.43,18.44
109,HDEF.K,Xtrackers MSCI EAFE Hi Dv Yld Eq ETF,5,120,14,34,69,1.0,10.0,5.38,0.0,1.94,17.22
109,GQRE.K,FlexShares Global Quality Real Estate Index Fund,5,120,14,34,69,1.0,10.0,5.38,0.0,2.73,17.21
109,EWH,iShares MSCI Hong Kong ETF,5,120,14,34,69,1.0,10.0,5.38,0.0,2.09,19.19
109,DGRE.O,WisdomTree Emerging Markets Quality Dividend Gro,5,120,14,34,69,1.0,10.0,5.38,18.29,2.57,19.94
109,IEUR.K,iShares Core MSCI Europe ETF,5,120,14,34,69,1.0,10.0,5.38,0.0,3.52,18.79
109,DBC,Invesco DB Commodity Index Tracking Fund,5,120,14,34,69,1.0,10.0,5.38,0.8,1.9,17.12
109,FLJP.K,Franklin FTSE Japan ETF,5,120,14,34,69,1.0,10.0,5.38,14.63,3.7,17.19
109,DFAE.K,DFA Dimensional Emerging Core Equity Market ETF,5,120,14,34,69,1.0,10.0,5.38,0.0,2.84,17.07
109,REET.K,iShares Global REIT ETF,5,120,14,34,69,1.0,10.0,5.38,0.0,1.43,18.76
109,DGS,WisdomTree Emerging Markets SmallCap Dividend Fund,5,120,14,34,69,1.0,10.0,5.38,17.22,3.24,18.2
109,YMAX.K,YieldMax Universe Fund of Option Income ETFs,5,120,14,34,69,1.0,10.0,5.38,0.0,2.5,18.72
109,ANGL.O,VanEck Fallen Angel High Yield Bond ETF,5,120,14,34,69,1.0,10.0,5.38,12.68,2.88,19.34
109,IVLU.K,iShares MSCI Intl Value Factor ETF,5,120,14,34,69,1.0,10.0,5.38,0.0,3.38,18.51
109,IYZ,iShares US Telecommunications ETF,5,120,14,34,69,1.0,10.0,5.38,0.0,2.72,18.43
109,IDV,iShares International Select Dividend ETF,5,120,14,34,69,1.0,10.0,5.38,0.07,2.04,19.19
109,CTA,Simplify Managed Futures Strategy ETF,5,120,14,34,69,1.0,10.0,5.38,0.0,2.72,16.94
109,DFIS.K,DFA Dimensional International Small Cap ETF,5,120,14,34,69,1.0,10.0,5.38,0.0,3.15,18.11
109,FYLD.K,Cambria Foreign Shareholder Yield ETF,5,120,14,34,69,1.0,10.0,5.38,17.16,2.47,18.05
109,RWO,SPDR Dow Jones Global Real Estate ETF,5,120,14,34,69,1.0,10.0,5.38,0.0,3.94,18.44
109,FJP.O,First Trust Japan AlphaDEX Fund,5,120,14,34,69,1.0,10.0,5.38,17.21,3.52,17.98
109,CVAR.K,Cultivar ETF,5,120,14,34,69,1.0,10.0,5.38,0.0,2.56,17.21
109,FDEM.K,Fidelity Emerging Markets Multifactor ETF,5,120,14,34,69,1.0,10.0,5.38,14.25,2.96,18.03
109,VAMO.K,Cambria Value and Momentum ETF,5,120,14,34,69,1.0,10.0,5.38,1.69,3.21,18.44
109,GGM,GGM Macro Alignment ETF,5,120,14,34,69,1.0,10.0,5.38,4.2,3.42,19.1
109,OEUR.K,ALPS O'Shares Europe Quality Dividend ETF,5,120,14,34,69,1.0,10.0,5.38,0.0,4.1,17.39
109,BMED.K,BlackRock Future Health ETF,5,120,14,34,69,1.0,10.0,5.38,0.0,2.13,18.1
109,RSPE.K,Invesco ESG S&P 500 Equal Weight ETF,5,120,14,34,69,1.0,10.0,5.38,0.0,2.9,17.39
109,EFAS.O,Global X MSCI SuperDividend EAFE ETF,5,120,14,34,69,1.0,10.0,5.38,0.0,1.9,19.26
109,DTRE.K,First Trust Alerian Disruptive Technology Real Est,5,120,14,34,69,1.0,10.0,5.38,0.0,4.01,18.49
109,CIL.O,VictoryShares International Volatility Wtd Idx ETF,5,120,14,34,69,1.0,10.0,5.38,0.0,4.38,18.02
109,UIVM.O,VictoryShares International Value Momentum ETF,5,120,14,34,69,1.0,10.0,5.38,0.0,1.29,17.59
109,DWAT.K,Arrow DWA Tactical: Macro ETF,5,120,14,34,69,1.0,10.0,5.38,0.0,3.04,17.46
109,MOTE.K,VanEck Morningstar ESG Moat ETF,5,120,14,34,69,1.0,10.0,5.38,0.0,3.79,18.16
109,EMDV.K,ProShares MSCI Emerging Markets Dividend Grwrs ETF,5,120,14,34,69,1.0,10.0,5.38,0.0,2.94,19.07
109,ISZE.K,iShares MSCI Intl Size Factor ETF,5,120,14,34,69,1.0,10.0,5.38,0.0,2.64,16.8
109,OVF,Overlay Shares Foreign Equity ETF,5,120,14,34,69,1.0,10.0,5.38,12.41,2.07,16.94
109,LOPP.K,Gabelli Love Our Planet & People ETF,5,120,14,34,69,1.0,10.0,5.38,0.0,3.75,17.55
109,EQUL.K,IQ Engender Equality ETF,5,120,14,34,69,1.0,10.0,5.38,0.0,1.95,17.77
109,FLDZ.K,RiverNorth Patriot ETF,5,120,14,34,69,1.0,10.0,5.38,0.0,3.8,18.08
109,VXUS.O,Vanguard Total International Stock Index Fund;ETF,5,120,14,34,69,1.0,10.0,5.38,14.21,3.47,17.94
109,FLAX.K,Franklin FTSE Asia ex Japan ETF,5,120,14,34,69,1.0,10.0,5.38,0.0,2.52,19.94
109,RUFF.K,Alpha Dog ETF,5,120,14,34,69,1.0,10.0,5.38,26.16,2.21,18.84
109,RNEM.O,First Trust Emerging Markets Equity Select ETF,5,120,14,34,69,1.0,10.0,5.38,0.0,2.75,17.73
109,ASEA.K,Global X FTSE Southeast Asia ETF,5,120,14,34,69,1.0,10.0,5.38,7.41,1.84,18.25
109,DIVY.K,Sound Equity Dividend Income ETF,5,120,14,34,69,1.0,10.0,5.38,0.0,3.26,18.75
109,UEVM.O,VictoryShares Emerging Markets Value Momentum ETF,5,120,14,34,69,1.0,10.0,5.38,2.03,1.71,18.7
109,EUDV.K,ProShares MSCI Europe Dividend Growers ETF,5,120,14,34,69,1.0,10.0,5.38,0.0,4.21,18.04
109,CVY,Invesco Zacks Multi-Asset Income ETF,5,120,14,34,69,1.0,10.0,5.38,3.84,4.25,18.14
109,TLTE.K,FlexShares Morningstar Em Mkts Factors Tilt Idx,5,120,14,34,69,1.0,10.0,5.38,22.95,2.43,17.91
109,MKOR.K,Matthews Korea Active ETF,5,120,14,34,69,1.0,10.0,5.38,0.0,2.53,16.77
109,DIM,WisdomTree International MidCap Dividend Fund,5,120,14,34,69,1.0,10.0,5.38,0.0,4.24,17.69
109,IQDY.K,FlexShares International Quality Div Dyn Idx,5,120,14,34,69,1.0,10.0,5.38,16.15,3.54,18.04
109,ISVL.K,iShares Intl Developed Small Cap Value Factor ETF,5,120,14,34,69,1.0,10.0,5.38,11.91,3.17,17.27
109,RAAX.K,VanEck Inflation Allocation ETF,5,120,14,34,69,1.0,10.0,5.38,3.18,2.79,16.63
109,ROAM.K,Hartford Multifactor Emerging Markets ETF,5,120,14,34,69,1.0,10.0,5.38,14.93,1.62,18.74
109,TOLZ.K,ProShares DJ Brookfield Global Infrastructure ETF,5,120,14,34,69,1.0,10.0,5.38,2.69,3.03,17.0
109,RAYE.K,Rayliant Quantamental Emg Mrkt ex-China Eqty ETF,5,120,14,34,69,1.0,10.0,5.38,26.37,3.34,17.28
109,GDVD.K,Copper Place Global Dividend Growth ETF,5,120,14,34,69,1.0,10.0,5.38,0.0,2.23,20.03
109,HEEM.K,iShares Currency Hedged MSCI Emerging Markets ETF,5,120,14,34,69,1.0,10.0,5.38,15.39,3.11,18.04
109,FTXG.O,First Trust Nasdaq Food & Beverage ETF,5,120,14,34,69,1.0,10.0,5.38,0.0,3.68,17.02
109,EFV,iShares MSCI EAFE Value ETF,5,120,14,34,69,1.0,10.0,5.38,0.0,3.44,19.23
109,IEMG.K,iShares Core MSCI Emerging Markets ETF,5,120,14,34,69,1.0,10.0,5.38,21.8,3.1,19.55
109,IEMG.K,iShares Core MSCI Emerging Markets ETF,5,120,14,34,74,1.0,10.0,5.19,24.81,3.1,19.55
109,HDEF.K,Xtrackers MSCI EAFE Hi Dv Yld Eq ETF,5,120,14,34,74,1.0,10.0,5.19,0.0,1.94,17.22
109,PID.O,Invesco International Dividend Achievers ETF,5,120,14,34,74,1.0,10.0,5.19,3.39,4.03,18.2
109,DWM,WisdomTree International Equity Fund,5,120,14,34,74,1.0,10.0,5.19,0.0,3.86,17.75
109,EWX,SPDR S&P Emerging Markets Small Cap ETF,5,120,14,34,74,1.0,10.0,5.19,4.34,3.32,18.3
109,FDT.O,First Trust Developed Markets ex-US AlphaDEX Fund,5,120,14,34,74,1.0,10.0,5.19,8.35,2.73,18.34
109,JPEM.K,JPMorgan Diversified Return Emerging Mkts Eqty ETF,5,120,14,34,74,1.0,10.0,5.19,23.01,2.62,18.11
109,INTF.K,iShares International Equity Factor ETF,5,120,14,34,74,1.0,10.0,5.19,0.0,3.8,17.7
109,FGD,First Trust Dow Jones Global Select Dividend Ix Fd,5,120,14,34,74,1.0,10.0,5.19,0.0,2.65,18.54
109,VIDI.K,Vident International Equity Strat ETF,5,120,14,34,74,1.0,10.0,5.19,4.87,1.91,17.77
109,DBB,Invesco DB Base Metals Fund,5,120,14,34,74,1.0,10.0,5.19,11.99,2.45,19.18
109,FIVA.K,Fidelity International Value Factor ETF,5,120,14,34,74,1.0,10.0,5.19,0.0,2.27,18.41
109,DOL,WisdomTree International LargeCap Dividend Fund,5,120,14,34,74,1.0,10.0,5.19,0.0,3.65,18.03
109,DTH,WisdomTree International High Dividend,5,120,14,34,74,1.0,10.0,5.19,0.58,2.43,18.59
109,EUO,ProShares UltraShort Euro,5,120,14,34,74,1.0,10.0,5.19,10.44,3.43,16.81
109,GWX,SPDR S&P International Small Cap ETF,5,120,14,34,74,1.0,10.0,5.19,0.0,3.63,17.87
109,SPRE.K,SP Funds S&P Global REIT Sharia ETF,5,120,14,34,74,1.0,10.0,5.19,0.0,2.3,19.4
109,MOTI.K,VanEck Morningstar International Moat ETF,5,120,14,34,74,1.0,10.0,5.19,0.0,2.7,18.97
109,IDOG.K,Alps Internatl Sector Dividends Dogs ETF,5,120,14,34,74,1.0,10.0,5.19,3.12,3.45,17.51
109,EEMS.K,iShares MSCI Emerging Markets Small-Cap ETF,5,120,14,34,74,1.0,10.0,5.19,18.91,3.79,18.75
109,GQRE.K,FlexShares Global Quality Real Estate Index Fund,5,120,14,34,74,1.0,10.0,5.19,0.0,2.73,17.21
109,FJP.O,First Trust Japan AlphaDEX Fund,5,120,14,34,74,1.0,10.0,5.19,17.21,3.52,17.98
109,RWO,SPDR Dow Jones Global Real Estate ETF,5,120,14,34,74,1.0,10.0,5.19,0.0,3.94,18.44
109,EFV,iShares MSCI EAFE Value ETF,5,120,14,34,74,1.0,10.0,5.19,0.0,3.44,19.23
109,EWH,iShares MSCI Hong Kong ETF,5,120,14,34,74,1.0,10.0,5.19,0.0,2.09,19.19
109,IEUR.K,iShares Core MSCI Europe ETF,5,120,14,34,74,1.0,10.0,5.19,0.0,3.52,18.79
109,DBC,Invesco DB Commodity Index Tracking Fund,5,120,14,34,74,1.0,10.0,5.19,2.5,1.9,17.12
109,FLJP.K,Franklin FTSE Japan ETF,5,120,14,34,74,1.0,10.0,5.19,14.63,3.7,17.19
109,DFAE.K,DFA Dimensional Emerging Core Equity Market ETF,5,120,14,34,74,1.0,10.0,5.19,0.0,2.84,17.07
109,REET.K,iShares Global REIT ETF,5,120,14,34,74,1.0,10.0,5.19,0.0,1.43,18.76
109,DGS,WisdomTree Emerging Markets SmallCap Dividend Fund,5,120,14,34,74,1.0,10.0,5.19,18.65,3.24,18.2
109,YMAX.K,YieldMax Universe Fund of Option Income ETFs,5,120,14,34,74,1.0,10.0,5.19,0.0,2.5,18.72
109,ANGL.O,VanEck Fallen Angel High Yield Bond ETF,5,120,14,34,74,1.0,10.0,5.19,1.59,2.88,19.34
109,IVLU.K,iShares MSCI Intl Value Factor ETF,5,120,14,34,74,1.0,10.0,5.19,0.0,3.38,18.51
109,VSGX.K,Vanguard ESG International Stock ETF,5,120,14,34,74,1.0,10.0,5.19,11.89,4.43,18.44
109,IYZ,iShares US Telecommunications ETF,5,120,14,34,74,1.0,10.0,5.19,0.0,2.72,18.43
109,IDV,iShares International Select Dividend ETF,5,120,14,34,74,1.0,10.0,5.19,0.07,2.04,19.19
109,CTA,Simplify Managed Futures Strategy ETF,5,120,14,34,74,1.0,10.0,5.19,0.0,2.72,16.94
109,DFIS.K,DFA Dimensional International Small Cap ETF,5,120,14,34,74,1.0,10.0,5.19,0.0,3.15,18.11
109,FYLD.K,Cambria Foreign Shareholder Yield ETF,5,120,14,34,74,1.0,10.0,5.19,18.67,2.47,18.05
109,DBP,Invesco DB Precious Metals Fund,5,120,14,34,74,1.0,10.0,5.19,0.0,4.3,17.68
109,DGRE.O,WisdomTree Emerging Markets Quality Dividend Gro,5,120,14,34,74,1.0,10.0,5.19,19.01,2.57,19.94
109,CVAR.K,Cultivar ETF,5,120,14,34,74,1.0,10.0,5.19,0.0,2.56,17.21
109,RNEM.O,First Trust Emerging Markets Equity Select ETF,5,120,14,34,74,1.0,10.0,5.19,0.0,2.75,17.73
109,FLAX.K,Franklin FTSE Asia ex Japan ETF,5,120,14,34,74,1.0,10.0,5.19,0.0,2.52,19.94
109,GGM,GGM Macro Alignment ETF,5,120,14,34,74,1.0,10.0,5.19,4.2,3.42,19.1
109,OEUR.K,ALPS O'Shares Europe Quality Dividend ETF,5,120,14,34,74,1.0,10.0,5.19,0.0,4.1,17.39
109,BMED.K,BlackRock Future Health ETF,5,120,14,34,74,1.0,10.0,5.19,0.0,2.13,18.1
109,RSPE.K,Invesco ESG S&P 500 Equal Weight ETF,5,120,14,34,74,1.0,10.0,5.19,0.0,2.9,17.39
109,EFAS.O,Global X MSCI SuperDividend EAFE ETF,5,120,14,34,74,1.0,10.0,5.19,0.0,1.9,19.26
109,DTRE.K,First Trust Alerian Disruptive Technology Real Est,5,120,14,34,74,1.0,10.0,5.19,0.0,4.01,18.49
109,CIL.O,VictoryShares International Volatility Wtd Idx ETF,5,120,14,34,74,1.0,10.0,5.19,0.0,4.38,18.02
109,UIVM.O,VictoryShares International Value Momentum ETF,5,120,14,34,74,1.0,10.0,5.19,0.0,1.29,17.59
109,DWAT.K,Arrow DWA Tactical: Macro ETF,5,120,14,34,74,1.0,10.0,5.19,0.0,3.04,17.46
109,MOTE.K,VanEck Morningstar ESG Moat ETF,5,120,14,34,74,1.0,10.0,5.19,0.0,3.79,18.16
109,EMDV.K,ProShares MSCI Emerging Markets Dividend Grwrs ETF,5,120,14,34,74,1.0,10.0,5.19,0.0,2.94,19.07
109,ISZE.K,iShares MSCI Intl Size Factor ETF,5,120,14,34,74,1.0,10.0,5.19,0.0,2.64,16.8
109,OVF,Overlay Shares Foreign Equity ETF,5,120,14,34,74,1.0,10.0,5.19,12.41,2.07,16.94
109,LOPP.K,Gabelli Love Our Planet & People ETF,5,120,14,34,74,1.0,10.0,5.19,0.0,3.75,17.55
109,EQUL.K,IQ Engender Equality ETF,5,120,14,34,74,1.0,10.0,5.19,0.0,1.95,17.77
109,FLDZ.K,RiverNorth Patriot ETF,5,120,14,34,74,1.0,10.0,5.19,0.0,3.8,18.08
109,RUFF.K,Alpha Dog ETF,5,120,14,34,74,1.0,10.0,5.19,26.16,2.21,18.84
109,VXUS.O,Vanguard Total International Stock Index Fund;ETF,5,120,14,34,74,1.0,10.0,5.19,16.63,3.47,17.94
109,FDEM.K,Fidelity Emerging Markets Multifactor ETF,5,120,14,34,74,1.0,10.0,5.19,14.25,2.96,18.03
109,ISVL.K,iShares Intl Developed Small Cap Value Factor ETF,5,120,14,34,74,1.0,10.0,5.19,11.91,3.17,17.27
109,VAMO.K,Cambria Value and Momentum ETF,5,120,14,34,74,1.0,10.0,5.19,2.41,3.21,18.44
109,DIVY.K,Sound Equity Dividend Income ETF,5,120,14,34,74,1.0,10.0,5.19,0.0,3.26,18.75
109,UEVM.O,VictoryShares Emerging Markets Value Momentum ETF,5,120,14,34,74,1.0,10.0,5.19,2.03,1.71,18.7
109,EUDV.K,ProShares MSCI Europe Dividend Growers ETF,5,120,14,34,74,1.0,10.0,5.19,0.0,4.21,18.04
109,CVY,Invesco Zacks Multi-Asset Income ETF,5,120,14,34,74,1.0,10.0,5.19,3.84,4.25,18.14
109,TLTE.K,FlexShares Morningstar Em Mkts Factors Tilt Idx,5,120,14,34,74,1.0,10.0,5.19,24.97,2.43,17.91
109,MKOR.K,Matthews Korea Active ETF,5,120,14,34,74,1.0,10.0,5.19,0.0,2.53,16.77
109,DIM,WisdomTree International MidCap Dividend Fund,5,120,14,34,74,1.0,10.0,5.19,0.0,4.24,17.69
109,ASEA.K,Global X FTSE Southeast Asia ETF,5,120,14,34,74,1.0,10.0,5.19,8.07,1.84,18.25
109,IQDY.K,FlexShares International Quality Div Dyn Idx,5,120,14,34,74,1.0,10.0,5.19,18.04,3.54,18.04
109,RAAX.K,VanEck Inflation Allocation ETF,5,120,14,34,74,1.0,10.0,5.19,1.66,2.79,16.63
109,ROAM.K,Hartford Multifactor Emerging Markets ETF,5,120,14,34,74,1.0,10.0,5.19,14.93,1.62,18.74
109,TOLZ.K,ProShares DJ Brookfield Global Infrastructure ETF,5,120,14,34,74,1.0,10.0,5.19,2.69,3.03,17.0
109,RAYE.K,Rayliant Quantamental Emg Mrkt ex-China Eqty ETF,5,120,14,34,74,1.0,10.0,5.19,26.37,3.34,17.28
109,GDVD.K,Copper Place Global Dividend Growth ETF,5,120,14,34,74,1.0,10.0,5.19,0.0,2.23,20.03
109,HEEM.K,iShares Currency Hedged MSCI Emerging Markets ETF,5,120,14,34,74,1.0,10.0,5.19,16.61,3.11,18.04
109,FTXG.O,First Trust Nasdaq Food & Beverage ETF,5,120,14,34,74,1.0,10.0,5.19,0.0,3.68,17.02
109,VXUS.O,Vanguard Total International Stock Index Fund;ETF,5,60,14,49,69,1.0,10.0,5.09,8.17,3.47,17.94
109,IEMG.K,iShares Core MSCI Emerging Markets ETF,5,60,14,49,69,1.0,10.0,5.09,7.25,3.1,19.55
109,FJP.O,First Trust Japan AlphaDEX Fund,5,60,14,49,69,1.0,10.0,5.09,4.64,3.52,17.98
109,FLDZ.K,RiverNorth Patriot ETF,5,60,14,49,69,1.0,10.0,5.09,19.83,3.8,18.08
109,HEEM.K,iShares Currency Hedged MSCI Emerging Markets ETF,5,60,14,49,69,1.0,10.0,5.09,9.16,3.11,18.04
109,GDVD.K,Copper Place Global Dividend Growth ETF,5,60,14,49,69,1.0,10.0,5.09,-0.25,2.23,20.03
109,RAYE.K,Rayliant Quantamental Emg Mrkt ex-China Eqty ETF,5,60,14,49,69,1.0,10.0,5.09,27.82,3.34,17.28
109,TOLZ.K,ProShares DJ Brookfield Global Infrastructure ETF,5,60,14,49,69,1.0,10.0,5.09,1.77,3.03,17.0
109,ROAM.K,Hartford Multifactor Emerging Markets ETF,5,60,14,49,69,1.0,10.0,5.09,4.67,1.62,18.74
109,RAAX.K,VanEck Inflation Allocation ETF,5,60,14,49,69,1.0,10.0,5.09,5.66,2.79,16.63
109,IQDY.K,FlexShares International Quality Div Dyn Idx,5,60,14,49,69,1.0,10.0,5.09,7.0,3.54,18.04
109,ASEA.K,Global X FTSE Southeast Asia ETF,5,60,14,49,69,1.0,10.0,5.09,-0.43,1.84,18.25
109,DIM,WisdomTree International MidCap Dividend Fund,5,60,14,49,69,1.0,10.0,5.09,3.77,4.24,17.69
109,MKOR.K,Matthews Korea Active ETF,5,60,14,49,69,1.0,10.0,5.09,0.0,2.53,16.77
109,TLTE.K,FlexShares Morningstar Em Mkts Factors Tilt Idx,5,60,14,49,69,1.0,10.0,5.09,6.7,2.43,17.91
109,CVY,Invesco Zacks Multi-Asset Income ETF,5,60,14,49,69,1.0,10.0,5.09,2.83,4.25,18.14
109,EUDV.K,ProShares MSCI Europe Dividend Growers ETF,5,60,14,49,69,1.0,10.0,5.09,9.71,4.21,18.04
109,UEVM.O,VictoryShares Emerging Markets Value Momentum ETF,5,60,14,49,69,1.0,10.0,5.09,2.14,1.71,18.7
109,DIVY.K,Sound Equity Dividend Income ETF,5,60,14,49,69,1.0,10.0,5.09,1.09,3.26,18.75
109,VAMO.K,Cambria Value and Momentum ETF,5,60,14,49,69,1.0,10.0,5.09,3.32,3.21,18.44
109,FDEM.K,Fidelity Emerging Markets Multifactor ETF,5,60,14,49,69,1.0,10.0,5.09,20.69,2.96,18.03
109,FTXG.O,First Trust Nasdaq Food & Beverage ETF,5,60,14,49,69,1.0,10.0,5.09,8.1,3.68,17.02
109,ISVL.K,iShares Intl Developed Small Cap Value Factor ETF,5,60,14,49,69,1.0,10.0,5.09,8.87,3.17,17.27
109,CVAR.K,Cultivar ETF,5,60,14,49,69,1.0,10.0,5.09,6.35,2.56,17.21
109,CIL.O,VictoryShares International Volatility Wtd Idx ETF,5,60,14,49,69,1.0,10.0,5.09,6.03,4.38,18.02
109,LOPP.K,Gabelli Love Our Planet & People ETF,5,60,14,49,69,1.0,10.0,5.09,4.24,3.75,17.55
109,OVF,Overlay Shares Foreign Equity ETF,5,60,14,49,69,1.0,10.0,5.09,0.42,2.07,16.94
109,ISZE.K,iShares MSCI Intl Size Factor ETF,5,60,14,49,69,1.0,10.0,5.09,2.69,2.64,16.8
109,EMDV.K,ProShares MSCI Emerging Markets Dividend Grwrs ETF,5,60,14,49,69,1.0,10.0,5.09,-3.08,2.94,19.07
109,MOTE.K,VanEck Morningstar ESG Moat ETF,5,60,14,49,69,1.0,10.0,5.09,12.59,3.79,18.16
109,DWAT.K,Arrow DWA Tactical: Macro ETF,5,60,14,49,69,1.0,10.0,5.09,5.64,3.04,17.46
109,UIVM.O,VictoryShares International Value Momentum ETF,5,60,14,49,69,1.0,10.0,5.09,2.12,1.29,17.59
109,DTRE.K,First Trust Alerian Disruptive Technology Real Est,5,60,14,49,69,1.0,10.0,5.09,1.73,4.01,18.49
109,RNEM.O,First Trust Emerging Markets Equity Select ETF,5,60,14,49,69,1.0,10.0,5.09,0.6,2.75,17.73
109,EFAS.O,Global X MSCI SuperDividend EAFE ETF,5,60,14,49,69,1.0,10.0,5.09,-1.12,1.9,19.26
109,RSPE.K,Invesco ESG S&P 500 Equal Weight ETF,5,60,14,49,69,1.0,10.0,5.09,9.75,2.9,17.39
109,BMED.K,BlackRock Future Health ETF,5,60,14,49,69,1.0,10.0,5.09,0.82,2.13,18.1
109,OEUR.K,ALPS O'Shares Europe Quality Dividend ETF,5,60,14,49,69,1.0,10.0,5.09,9.64,4.1,17.39
109,GGM,GGM Macro Alignment ETF,5,60,14,49,69,1.0,10.0,5.09,0.88,3.42,19.1
109,FLAX.K,Franklin FTSE Asia ex Japan ETF,5,60,14,49,69,1.0,10.0,5.09,13.7,2.52,19.94
109,RUFF.K,Alpha Dog ETF,5,60,14,49,69,1.0,10.0,5.09,25.41,2.21,18.84
109,DGRE.O,WisdomTree Emerging Markets Quality Dividend Gro,5,60,14,49,69,1.0,10.0,5.09,3.05,2.57,19.94
109,DBP,Invesco DB Precious Metals Fund,5,60,14,49,69,1.0,10.0,5.09,4.4,4.3,17.68
109,IDOG.K,Alps Internatl Sector Dividends Dogs ETF,5,60,14,49,69,1.0,10.0,5.09,3.67,3.45,17.51
109,YMAX.K,YieldMax Universe Fund of Option Income ETFs,5,60,14,49,69,1.0,10.0,5.09,0.0,2.5,18.72
109,DFIS.K,DFA Dimensional International Small Cap ETF,5,60,14,49,69,1.0,10.0,5.09,10.79,3.15,18.11
109,CTA,Simplify Managed Futures Strategy ETF,5,60,14,49,69,1.0,10.0,5.09,3.3,2.72,16.94
109,IDV,iShares International Select Dividend ETF,5,60,14,49,69,1.0,10.0,5.09,-0.58,2.04,19.19
109,IYZ,iShares US Telecommunications ETF,5,60,14,49,69,1.0,10.0,5.09,0.19,2.72,18.43
109,VSGX.K,Vanguard ESG International Stock ETF,5,60,14,49,69,1.0,10.0,5.09,20.07,4.43,18.44
109,IVLU.K,iShares MSCI Intl Value Factor ETF,5,60,14,49,69,1.0,10.0,5.09,6.02,3.38,18.51
109,ANGL.O,VanEck Fallen Angel High Yield Bond ETF,5,60,14,49,69,1.0,10.0,5.09,1.14,2.88,19.34
109,DGS,WisdomTree Emerging Markets SmallCap Dividend Fund,5,60,14,49,69,1.0,10.0,5.09,3.31,3.24,18.2
109,RWO,SPDR Dow Jones Global Real Estate ETF,5,60,14,49,69,1.0,10.0,5.09,2.07,3.94,18.44
109,REET.K,iShares Global REIT ETF,5,60,14,49,69,1.0,10.0,5.09,-0.29,1.43,18.76
109,DFAE.K,DFA Dimensional Emerging Core Equity Market ETF,5,60,14,49,69,1.0,10.0,5.09,-0.62,2.84,17.07
109,FLJP.K,Franklin FTSE Japan ETF,5,60,14,49,69,1.0,10.0,5.09,11.08,3.7,17.19
109,DBC,Invesco DB Commodity Index Tracking Fund,5,60,14,49,69,1.0,10.0,5.09,-2.91,1.9,17.12
109,IEUR.K,iShares Core MSCI Europe ETF,5,60,14,49,69,1.0,10.0,5.09,11.84,3.52,18.79
109,EWH,iShares MSCI Hong Kong ETF,5,60,14,49,69,1.0,10.0,5.09,0.28,2.09,19.19
109,EFV,iShares MSCI EAFE Value ETF,5,60,14,49,69,1.0,10.0,5.09,2.56,3.44,19.23
109,FYLD.K,Cambria Foreign Shareholder Yield ETF,5,60,14,49,69,1.0,10.0,5.09,3.5,2.47,18.05
109,GQRE.K,FlexShares Global Quality Real Estate Index Fund,5,60,14,49,69,1.0,10.0,5.09,0.22,2.73,17.21
109,VIDI.K,Vident International Equity Strat ETF,5,60,14,49,69,1.0,10.0,5.09,1.47,1.91,17.77
109,HDEF.K,Xtrackers MSCI EAFE Hi Dv Yld Eq ETF,5,60,14,49,69,1.0,10.0,5.09,0.89,1.94,17.22
109,MOTI.K,VanEck Morningstar International Moat ETF,5,60,14,49,69,1.0,10.0,5.09,3.71,2.7,18.97
109,SPRE.K,SP Funds S&P Global REIT Sharia ETF,5,60,14,49,69,1.0,10.0,5.09,-6.24,2.3,19.4
109,GWX,SPDR S&P International Small Cap ETF,5,60,14,49,69,1.0,10.0,5.09,5.7,3.63,17.87
109,EUO,ProShares UltraShort Euro,5,60,14,49,69,1.0,10.0,5.09,11.93,3.43,16.81
109,DTH,WisdomTree International High Dividend,5,60,14,49,69,1.0,10.0,5.09,0.26,2.43,18.59
109,DOL,WisdomTree International LargeCap Dividend Fund,5,60,14,49,69,1.0,10.0,5.09,3.42,3.65,18.03
109,FIVA.K,Fidelity International Value Factor ETF,5,60,14,49,69,1.0,10.0,5.09,3.83,2.27,18.41
109,DBB,Invesco DB Base Metals Fund,5,60,14,49,69,1.0,10.0,5.09,1.27,2.45,19.18
109,EQUL.K,IQ Engender Equality ETF,5,60,14,49,69,1.0,10.0,5.09,9.06,1.95,17.77
109,FGD,First Trust Dow Jones Global Select Dividend Ix Fd,5,60,14,49,69,1.0,10.0,5.09,1.65,2.65,18.54
109,INTF.K,iShares International Equity Factor ETF,5,60,14,49,69,1.0,10.0,5.09,5.85,3.8,17.7
109,JPEM.K,JPMorgan Diversified Return Emerging Mkts Eqty ETF,5,60,14,49,69,1.0,10.0,5.09,5.46,2.62,18.11
109,FDT.O,First Trust Developed Markets ex-US AlphaDEX Fund,5,60,14,49,69,1.0,10.0,5.09,4.97,2.73,18.34
109,EWX,SPDR S&P Emerging Markets Small Cap ETF,5,60,14,49,69,1.0,10.0,5.09,5.99,3.32,18.3
109,DWM,WisdomTree International Equity Fund,5,60,14,49,69,1.0,10.0,5.09,3.82,3.86,17.75
109,PID.O,Invesco International Dividend Achievers ETF,5,60,14,49,69,1.0,10.0,5.09,2.26,4.03,18.2
109,EEMS.K,iShares MSCI Emerging Markets Small-Cap ETF,5,60,14,49,69,1.0,10.0,5.09,7.82,3.79,18.75
109,FLDZ.K,RiverNorth Patriot ETF,5,60,14,44,74,1.0,10.0,5.05,18.72,3.8,18.08
109,EWH,iShares MSCI Hong Kong ETF,5,60,14,44,74,1.0,10.0,5.05,-0.47,2.09,19.19
109,EFV,iShares MSCI EAFE Value ETF,5,60,14,44,74,1.0,10.0,5.05,1.58,3.44,19.23
109,IEMG.K,iShares Core MSCI Emerging Markets ETF,5,60,14,44,74,1.0,10.0,5.05,4.31,3.1,19.55
109,DGRE.O,WisdomTree Emerging Markets Quality Dividend Gro,5,60,14,44,74,1.0,10.0,5.05,6.09,2.57,19.94
109,PID.O,Invesco International Dividend Achievers ETF,5,60,14,44,74,1.0,10.0,5.05,1.85,4.03,18.2
109,EWX,SPDR S&P Emerging Markets Small Cap ETF,5,60,14,44,74,1.0,10.0,5.05,4.51,3.32,18.3
109,FDT.O,First Trust Developed Markets ex-US AlphaDEX Fund,5,60,14,44,74,1.0,10.0,5.05,5.35,2.73,18.34
109,JPEM.K,JPMorgan Diversified Return Emerging Mkts Eqty ETF,5,60,14,44,74,1.0,10.0,5.05,7.06,2.62,18.11
109,INTF.K,iShares International Equity Factor ETF,5,60,14,44,74,1.0,10.0,5.05,6.13,3.8,17.7
109,FGD,First Trust Dow Jones Global Select Dividend Ix Fd,5,60,14,44,74,1.0,10.0,5.05,0.1,2.65,18.54
109,VIDI.K,Vident International Equity Strat ETF,5,60,14,44,74,1.0,10.0,5.05,2.75,1.91,17.77
109,DBB,Invesco DB Base Metals Fund,5,60,14,44,74,1.0,10.0,5.05,2.47,2.45,19.18
109,FIVA.K,Fidelity International Value Factor ETF,5,60,14,44,74,1.0,10.0,5.05,3.83,2.27,18.41
109,DOL,WisdomTree International LargeCap Dividend Fund,5,60,14,44,74,1.0,10.0,5.05,1.78,3.65,18.03
109,DTH,WisdomTree International High Dividend,5,60,14,44,74,1.0,10.0,5.05,0.26,2.43,18.59
109,EUO,ProShares UltraShort Euro,5,60,14,44,74,1.0,10.0,5.05,9.43,3.43,16.81
109,GWX,SPDR S&P International Small Cap ETF,5,60,14,44,74,1.0,10.0,5.05,1.17,3.63,17.87
109,SPRE.K,SP Funds S&P Global REIT Sharia ETF,5,60,14,44,74,1.0,10.0,5.05,-6.24,2.3,19.4
109,MOTI.K,VanEck Morningstar International Moat ETF,5,60,14,44,74,1.0,10.0,5.05,1.85,2.7,18.97
109,IDOG.K,Alps Internatl Sector Dividends Dogs ETF,5,60,14,44,74,1.0,10.0,5.05,1.44,3.45,17.51
109,DBP,Invesco DB Precious Metals Fund,5,60,14,44,74,1.0,10.0,5.05,5.88,4.3,17.68
109,EEMS.K,iShares MSCI Emerging Markets Small-Cap ETF,5,60,14,44,74,1.0,10.0,5.05,9.15,3.79,18.75
109,HDEF.K,Xtrackers MSCI EAFE Hi Dv Yld Eq ETF,5,60,14,44,74,1.0,10.0,5.05,3.07,1.94,17.22
109,GQRE.K,FlexShares Global Quality Real Estate Index Fund,5,60,14,44,74,1.0,10.0,5.05,-0.43,2.73,17.21
109,YMAX.K,YieldMax Universe Fund of Option Income ETFs,5,60,14,44,74,1.0,10.0,5.05,0.0,2.5,18.72
109,VXUS.O,Vanguard Total International Stock Index Fund;ETF,5,60,14,44,74,1.0,10.0,5.05,5.52,3.47,17.94
109,IEUR.K,iShares Core MSCI Europe ETF,5,60,14,44,74,1.0,10.0,5.05,3.44,3.52,18.79
109,DBC,Invesco DB Commodity Index Tracking Fund,5,60,14,44,74,1.0,10.0,5.05,-2.3,1.9,17.12
109,FLJP.K,Franklin FTSE Japan ETF,5,60,14,44,74,1.0,10.0,5.05,4.32,3.7,17.19
109,DFAE.K,DFA Dimensional Emerging Core Equity Market ETF,5,60,14,44,74,1.0,10.0,5.05,7.14,2.84,17.07
109,REET.K,iShares Global REIT ETF,5,60,14,44,74,1.0,10.0,5.05,-0.29,1.43,18.76
109,DGS,WisdomTree Emerging Markets SmallCap Dividend Fund,5,60,14,44,74,1.0,10.0,5.05,3.77,3.24,18.2
109,ANGL.O,VanEck Fallen Angel High Yield Bond ETF,5,60,14,44,74,1.0,10.0,5.05,1.89,2.88,19.34
109,RWO,SPDR Dow Jones Global Real Estate ETF,5,60,14,44,74,1.0,10.0,5.05,2.94,3.94,18.44
109,IVLU.K,iShares MSCI Intl Value Factor ETF,5,60,14,44,74,1.0,10.0,5.05,6.87,3.38,18.51
109,VSGX.K,Vanguard ESG International Stock ETF,5,60,14,44,74,1.0,10.0,5.05,7.6,4.43,18.44
109,IYZ,iShares US Telecommunications ETF,5,60,14,44,74,1.0,10.0,5.05,0.19,2.72,18.43
109,IDV,iShares International Select Dividend ETF,5,60,14,44,74,1.0,10.0,5.05,-0.58,2.04,19.19
109,CTA,Simplify Managed Futures Strategy ETF,5,60,14,44,74,1.0,10.0,5.05,8.97,2.72,16.94
109,DFIS.K,DFA Dimensional International Small Cap ETF,5,60,14,44,74,1.0,10.0,5.05,24.41,3.15,18.11
109,FYLD.K,Cambria Foreign Shareholder Yield ETF,5,60,14,44,74,1.0,10.0,5.05,4.31,2.47,18.05
109,FJP.O,First Trust Japan AlphaDEX Fund,5,60,14,44,74,1.0,10.0,5.05,5.25,3.52,17.98
109,DWM,WisdomTree International Equity Fund,5,60,14,44,74,1.0,10.0,5.05,2.11,3.86,17.75
109,EQUL.K,IQ Engender Equality ETF,5,60,14,44,74,1.0,10.0,5.05,27.05,1.95,17.77
109,ISVL.K,iShares Intl Developed Small Cap Value Factor ETF,5,60,14,44,74,1.0,10.0,5.05,8.87,3.17,17.27
109,RNEM.O,First Trust Emerging Markets Equity Select ETF,5,60,14,44,74,1.0,10.0,5.05,0.6,2.75,17.73
109,RUFF.K,Alpha Dog ETF,5,60,14,44,74,1.0,10.0,5.05,25.41,2.21,18.84
109,FLAX.K,Franklin FTSE Asia ex Japan ETF,5,60,14,44,74,1.0,10.0,5.05,1.9,2.52,19.94
109,GGM,GGM Macro Alignment ETF,5,60,14,44,74,1.0,10.0,5.05,1.61,3.42,19.1
109,OEUR.K,ALPS O'Shares Europe Quality Dividend ETF,5,60,14,44,74,1.0,10.0,5.05,5.11,4.1,17.39
109,BMED.K,BlackRock Future Health ETF,5,60,14,44,74,1.0,10.0,5.05,0.82,2.13,18.1
109,EFAS.O,Global X MSCI SuperDividend EAFE ETF,5,60,14,44,74,1.0,10.0,5.05,-1.12,1.9,19.26
109,DTRE.K,First Trust Alerian Disruptive Technology Real Est,5,60,14,44,74,1.0,10.0,5.05,3.21,4.01,18.49
109,CIL.O,VictoryShares International Volatility Wtd Idx ETF,5,60,14,44,74,1.0,10.0,5.05,3.75,4.38,18.02
109,UIVM.O,VictoryShares International Value Momentum ETF,5,60,14,44,74,1.0,10.0,5.05,2.12,1.29,17.59
109,DWAT.K,Arrow DWA Tactical: Macro ETF,5,60,14,44,74,1.0,10.0,5.05,3.86,3.04,17.46
109,MOTE.K,VanEck Morningstar ESG Moat ETF,5,60,14,44,74,1.0,10.0,5.05,22.5,3.79,18.16
109,EMDV.K,ProShares MSCI Emerging Markets Dividend Grwrs ETF,5,60,14,44,74,1.0,10.0,5.05,-3.08,2.94,19.07
109,ISZE.K,iShares MSCI Intl Size Factor ETF,5,60,14,44,74,1.0,10.0,5.05,3.11,2.64,16.8
109,OVF,Overlay Shares Foreign Equity ETF,5,60,14,44,74,1.0,10.0,5.05,7.79,2.07,16.94
109,LOPP.K,Gabelli Love Our Planet & People ETF,5,60,14,44,74,1.0,10.0,5.05,4.24,3.75,17.55
109,FDEM.K,Fidelity Emerging Markets Multifactor ETF,5,60,14,44,74,1.0,10.0,5.05,6.27,2.96,18.03
109,CVAR.K,Cultivar ETF,5,60,14,44,74,1.0,10.0,5.05,6.35,2.56,17.21
109,RSPE.K,Invesco ESG S&P 500 Equal Weight ETF,5,60,14,44,74,1.0,10.0,5.05,26.07,2.9,17.39
109,FTXG.O,First Trust Nasdaq Food & Beverage ETF,5,60,14,44,74,1.0,10.0,5.05,9.96,3.68,17.02
109,ASEA.K,Global X FTSE Southeast Asia ETF,5,60,14,44,74,1.0,10.0,5.05,3.54,1.84,18.25
109,DIVY.K,Sound Equity Dividend Income ETF,5,60,14,44,74,1.0,10.0,5.05,1.32,3.26,18.75
109,UEVM.O,VictoryShares Emerging Markets Value Momentum ETF,5,60,14,44,74,1.0,10.0,5.05,2.14,1.71,18.7
109,EUDV.K,ProShares MSCI Europe Dividend Growers ETF,5,60,14,44,74,1.0,10.0,5.05,4.65,4.21,18.04
109,CVY,Invesco Zacks Multi-Asset Income ETF,5,60,14,44,74,1.0,10.0,5.05,2.05,4.25,18.14
109,TLTE.K,FlexShares Morningstar Em Mkts Factors Tilt Idx,5,60,14,44,74,1.0,10.0,5.05,3.93,2.43,17.91
109,MKOR.K,Matthews Korea Active ETF,5,60,14,44,74,1.0,10.0,5.05,0.0,2.53,16.77
109,DIM,WisdomTree International MidCap Dividend Fund,5,60,14,44,74,1.0,10.0,5.05,4.45,4.24,17.69
109,VAMO.K,Cambria Value and Momentum ETF,5,60,14,44,74,1.0,10.0,5.05,2.35,3.21,18.44
109,IQDY.K,FlexShares International Quality Div Dyn Idx,5,60,14,44,74,1.0,10.0,5.05,5.49,3.54,18.04
109,ROAM.K,Hartford Multifactor Emerging Markets ETF,5,60,14,44,74,1.0,10.0,5.05,4.68,1.62,18.74
109,TOLZ.K,ProShares DJ Brookfield Global Infrastructure ETF,5,60,14,44,74,1.0,10.0,5.05,1.77,3.03,17.0
109,RAYE.K,Rayliant Quantamental Emg Mrkt ex-China Eqty ETF,5,60,14,44,74,1.0,10.0,5.05,27.82,3.34,17.28
109,GDVD.K,Copper Place Global Dividend Growth ETF,5,60,14,44,74,1.0,10.0,5.05,-0.25,2.23,20.03
109,HEEM.K,iShares Currency Hedged MSCI Emerging Markets ETF,5,60,14,44,74,1.0,10.0,5.05,4.81,3.11,18.04
109,RAAX.K,VanEck Inflation Allocation ETF,5,60,14,44,74,1.0,10.0,5.05,2.06,2.79,16.63
109,FGD,First Trust Dow Jones Global Select Dividend Ix Fd,5,120,14,44,74,1.0,10.0,4.83,0.3,2.65,18.54
109,HDEF.K,Xtrackers MSCI EAFE Hi Dv Yld Eq ETF,5,120,14,44,74,1.0,10.0,4.83,2.35,1.94,17.22
109,EEMS.K,iShares MSCI Emerging Markets Small-Cap ETF,5,120,14,44,74,1.0,10.0,4.83,9.97,3.79,18.75
109,PID.O,Invesco International Dividend Achievers ETF,5,120,14,44,74,1.0,10.0,4.83,1.44,4.03,18.2
109,DWM,WisdomTree International Equity Fund,5,120,14,44,74,1.0,10.0,4.83,2.16,3.86,17.75
109,EWX,SPDR S&P Emerging Markets Small Cap ETF,5,120,14,44,74,1.0,10.0,4.83,5.04,3.32,18.3
109,FDT.O,First Trust Developed Markets ex-US AlphaDEX Fund,5,120,14,44,74,1.0,10.0,4.83,4.85,2.73,18.34
109,JPEM.K,JPMorgan Diversified Return Emerging Mkts Eqty ETF,5,120,14,44,74,1.0,10.0,4.83,6.3,2.62,18.11
109,INTF.K,iShares International Equity Factor ETF,5,120,14,44,74,1.0,10.0,4.83,8.74,3.8,17.7
109,FIVA.K,Fidelity International Value Factor ETF,5,120,14,44,74,1.0,10.0,4.83,3.73,2.27,18.41
109,VIDI.K,Vident International Equity Strat ETF,5,120,14,44,74,1.0,10.0,4.83,2.2,1.91,17.77
109,DBB,Invesco DB Base Metals Fund,5,120,14,44,74,1.0,10.0,4.83,1.64,2.45,19.18
109,DOL,WisdomTree International LargeCap Dividend Fund,5,120,14,44,74,1.0,10.0,4.83,1.96,3.65,18.03
109,DTH,WisdomTree International High Dividend,5,120,14,44,74,1.0,10.0,4.83,0.52,2.43,18.59
109,EUO,ProShares UltraShort Euro,5,120,14,44,74,1.0,10.0,4.83,9.18,3.43,16.81
109,GWX,SPDR S&P International Small Cap ETF,5,120,14,44,74,1.0,10.0,4.83,1.75,3.63,17.87
109,SPRE.K,SP Funds S&P Global REIT Sharia ETF,5,120,14,44,74,1.0,10.0,4.83,-0.59,2.3,19.4
109,RWO,SPDR Dow Jones Global Real Estate ETF,5,120,14,44,74,1.0,10.0,4.83,-1.81,3.94,18.44
109,GQRE.K,FlexShares Global Quality Real Estate Index Fund,5,120,14,44,74,1.0,10.0,4.83,-1.2,2.73,17.21
109,IEMG.K,iShares Core MSCI Emerging Markets ETF,5,120,14,44,74,1.0,10.0,4.83,7.65,3.1,19.55
109,FYLD.K,Cambria Foreign Shareholder Yield ETF,5,120,14,44,74,1.0,10.0,4.83,4.32,2.47,18.05
109,DFIS.K,DFA Dimensional International Small Cap ETF,5,120,14,44,74,1.0,10.0,4.83,22.44,3.15,18.11
109,IDOG.K,Alps Internatl Sector Dividends Dogs ETF,5,120,14,44,74,1.0,10.0,4.83,1.13,3.45,17.51
109,VXUS.O,Vanguard Total International Stock Index Fund;ETF,5,120,14,44,74,1.0,10.0,4.83,5.71,3.47,17.94
109,EFV,iShares MSCI EAFE Value ETF,5,120,14,44,74,1.0,10.0,4.83,1.73,3.44,19.23
109,EWH,iShares MSCI Hong Kong ETF,5,120,14,44,74,1.0,10.0,4.83,-0.46,2.09,19.19
109,IEUR.K,iShares Core MSCI Europe ETF,5,120,14,44,74,1.0,10.0,4.83,4.36,3.52,18.79
109,DBC,Invesco DB Commodity Index Tracking Fund,5,120,14,44,74,1.0,10.0,4.83,-2.5,1.9,17.12
109,FLJP.K,Franklin FTSE Japan ETF,5,120,14,44,74,1.0,10.0,4.83,4.29,3.7,17.19
109,DFAE.K,DFA Dimensional Emerging Core Equity Market ETF,5,120,14,44,74,1.0,10.0,4.83,11.21,2.84,17.07
109,REET.K,iShares Global REIT ETF,5,120,14,44,74,1.0,10.0,4.83,-0.46,1.43,18.76
109,DGS,WisdomTree Emerging Markets SmallCap Dividend Fund,5,120,14,44,74,1.0,10.0,4.83,3.56,3.24,18.2
109,YMAX.K,YieldMax Universe Fund of Option Income ETFs,5,120,14,44,74,1.0,10.0,4.83,0.0,2.5,18.72
109,ANGL.O,VanEck Fallen Angel High Yield Bond ETF,5,120,14,44,74,1.0,10.0,4.83,1.59,2.88,19.34
109,IVLU.K,iShares MSCI Intl Value Factor ETF,5,120,14,44,74,1.0,10.0,4.83,4.59,3.38,18.51
109,VSGX.K,Vanguard ESG International Stock ETF,5,120,14,44,74,1.0,10.0,4.83,11.89,4.43,18.44
109,IYZ,iShares US Telecommunications ETF,5,120,14,44,74,1.0,10.0,4.83,-3.23,2.72,18.43
109,IDV,iShares International Select Dividend ETF,5,120,14,44,74,1.0,10.0,4.83,-0.54,2.04,19.19
109,CTA,Simplify Managed Futures Strategy ETF,5,120,14,44,74,1.0,10.0,4.83,0.0,2.72,16.94
109,MOTI.K,VanEck Morningstar International Moat ETF,5,120,14,44,74,1.0,10.0,4.83,1.17,2.7,18.97
109,LOPP.K,Gabelli Love Our Planet & People ETF,5,120,14,44,74,1.0,10.0,4.83,2.38,3.75,17.55
109,DBP,Invesco DB Precious Metals Fund,5,120,14,44,74,1.0,10.0,4.83,4.74,4.3,17.68
109,ISVL.K,iShares Intl Developed Small Cap Value Factor ETF,5,120,14,44,74,1.0,10.0,4.83,11.91,3.17,17.27
109,RNEM.O,First Trust Emerging Markets Equity Select ETF,5,120,14,44,74,1.0,10.0,4.83,1.37,2.75,17.73
109,RUFF.K,Alpha Dog ETF,5,120,14,44,74,1.0,10.0,4.83,26.16,2.21,18.84
109,FLAX.K,Franklin FTSE Asia ex Japan ETF,5,120,14,44,74,1.0,10.0,4.83,1.95,2.52,19.94
109,GGM,GGM Macro Alignment ETF,5,120,14,44,74,1.0,10.0,4.83,1.4,3.42,19.1
109,OEUR.K,ALPS O'Shares Europe Quality Dividend ETF,5,120,14,44,74,1.0,10.0,4.83,4.76,4.1,17.39
109,BMED.K,BlackRock Future Health ETF,5,120,14,44,74,1.0,10.0,4.83,5.49,2.13,18.1
109,RSPE.K,Invesco ESG S&P 500 Equal Weight ETF,5,120,14,44,74,1.0,10.0,4.83,24.72,2.9,17.39
109,EFAS.O,Global X MSCI SuperDividend EAFE ETF,5,120,14,44,74,1.0,10.0,4.83,-1.2,1.9,19.26
109,DTRE.K,First Trust Alerian Disruptive Technology Real Est,5,120,14,44,74,1.0,10.0,4.83,-1.52,4.01,18.49
109,CIL.O,VictoryShares International Volatility Wtd Idx ETF,5,120,14,44,74,1.0,10.0,4.83,4.77,4.38,18.02
109,UIVM.O,VictoryShares International Value Momentum ETF,5,120,14,44,74,1.0,10.0,4.83,1.57,1.29,17.59
109,DWAT.K,Arrow DWA Tactical: Macro ETF,5,120,14,44,74,1.0,10.0,4.83,5.54,3.04,17.46
109,MOTE.K,VanEck Morningstar ESG Moat ETF,5,120,14,44,74,1.0,10.0,4.83,12.52,3.79,18.16
109,EMDV.K,ProShares MSCI Emerging Markets Dividend Grwrs ETF,5,120,14,44,74,1.0,10.0,4.83,-3.52,2.94,19.07
109,ISZE.K,iShares MSCI Intl Size Factor ETF,5,120,14,44,74,1.0,10.0,4.83,10.4,2.64,16.8
109,OVF,Overlay Shares Foreign Equity ETF,5,120,14,44,74,1.0,10.0,4.83,12.41,2.07,16.94
109,EQUL.K,IQ Engender Equality ETF,5,120,14,44,74,1.0,10.0,4.83,0.0,1.95,17.77
109,CVAR.K,Cultivar ETF,5,120,14,44,74,1.0,10.0,4.83,6.5,2.56,17.21
109,FTXG.O,First Trust Nasdaq Food & Beverage ETF,5,120,14,44,74,1.0,10.0,4.83,9.47,3.68,17.02
109,FJP.O,First Trust Japan AlphaDEX Fund,5,120,14,44,74,1.0,10.0,4.83,5.19,3.52,17.98
109,HEEM.K,iShares Currency Hedged MSCI Emerging Markets ETF,5,120,14,44,74,1.0,10.0,4.83,5.49,3.11,18.04
109,DGRE.O,WisdomTree Emerging Markets Quality Dividend Gro,5,120,14,44,74,1.0,10.0,4.83,6.84,2.57,19.94
109,FDEM.K,Fidelity Emerging Markets Multifactor ETF,5,120,14,44,74,1.0,10.0,4.83,3.6,2.96,18.03
109,VAMO.K,Cambria Value and Momentum ETF,5,120,14,44,74,1.0,10.0,4.83,2.41,3.21,18.44
109,DIVY.K,Sound Equity Dividend Income ETF,5,120,14,44,74,1.0,10.0,4.83,5.12,3.26,18.75
109,UEVM.O,VictoryShares Emerging Markets Value Momentum ETF,5,120,14,44,74,1.0,10.0,4.83,2.03,1.71,18.7
109,EUDV.K,ProShares MSCI Europe Dividend Growers ETF,5,120,14,44,74,1.0,10.0,4.83,4.35,4.21,18.04
109,CVY,Invesco Zacks Multi-Asset Income ETF,5,120,14,44,74,1.0,10.0,4.83,1.65,4.25,18.14
109,TLTE.K,FlexShares Morningstar Em Mkts Factors Tilt Idx,5,120,14,44,74,1.0,10.0,4.83,7.02,2.43,17.91
109,MKOR.K,Matthews Korea Active ETF,5,120,14,44,74,1.0,10.0,4.83,0.0,2.53,16.77
109,DIM,WisdomTree International MidCap Dividend Fund,5,120,14,44,74,1.0,10.0,4.83,4.49,4.24,17.69
109,ASEA.K,Global X FTSE Southeast Asia ETF,5,120,14,44,74,1.0,10.0,4.83,2.41,1.84,18.25
109,IQDY.K,FlexShares International Quality Div Dyn Idx,5,120,14,44,74,1.0,10.0,4.83,4.37,3.54,18.04
109,RAAX.K,VanEck Inflation Allocation ETF,5,120,14,44,74,1.0,10.0,4.83,1.66,2.79,16.63
109,ROAM.K,Hartford Multifactor Emerging Markets ETF,5,120,14,44,74,1.0,10.0,4.83,4.88,1.62,18.74
109,TOLZ.K,ProShares DJ Brookfield Global Infrastructure ETF,5,120,14,44,74,1.0,10.0,4.83,2.69,3.03,17.0
109,RAYE.K,Rayliant Quantamental Emg Mrkt ex-China Eqty ETF,5,120,14,44,74,1.0,10.0,4.83,26.37,3.34,17.28
109,GDVD.K,Copper Place Global Dividend Growth ETF,5,120,14,44,74,1.0,10.0,4.83,8.51,2.23,20.03
109,FLDZ.K,RiverNorth Patriot ETF,5,120,14,44,74,1.0,10.0,4.83,18.3,3.8,18.08
109,IEMG.K,iShares Core MSCI Emerging Markets ETF,5,60,14,34,79,1.0,10.0,4.82,14.04,3.1,19.55
109,VXUS.O,Vanguard Total International Stock Index Fund;ETF,5,60,14,34,79,1.0,10.0,4.82,4.33,3.47,17.94
109,EEMS.K,iShares MSCI Emerging Markets Small-Cap ETF,5,60,14,34,79,1.0,10.0,4.82,5.57,3.79,18.75
109,DWM,WisdomTree International Equity Fund,5,60,14,34,79,1.0,10.0,4.82,0.0,3.86,17.75
109,EWX,SPDR S&P Emerging Markets Small Cap ETF,5,60,14,34,79,1.0,10.0,4.82,2.95,3.32,18.3
109,FDT.O,First Trust Developed Markets ex-US AlphaDEX Fund,5,60,14,34,79,1.0,10.0,4.82,6.04,2.73,18.34
109,JPEM.K,JPMorgan Diversified Return Emerging Mkts Eqty ETF,5,60,14,34,79,1.0,10.0,4.82,25.37,2.62,18.11
109,INTF.K,iShares International Equity Factor ETF,5,60,14,34,79,1.0,10.0,4.82,0.0,3.8,17.7
109,FGD,First Trust Dow Jones Global Select Dividend Ix Fd,5,60,14,34,79,1.0,10.0,4.82,-0.04,2.65,18.54
109,VIDI.K,Vident International Equity Strat ETF,5,60,14,34,79,1.0,10.0,4.82,7.61,1.91,17.77
109,DBB,Invesco DB Base Metals Fund,5,60,14,34,79,1.0,10.0,4.82,10.93,2.45,19.18
109,FIVA.K,Fidelity International Value Factor ETF,5,60,14,34,79,1.0,10.0,4.82,10.73,2.27,18.41
109,DOL,WisdomTree International LargeCap Dividend Fund,5,60,14,34,79,1.0,10.0,4.82,0.0,3.65,18.03
109,DTH,WisdomTree International High Dividend,5,60,14,34,79,1.0,10.0,4.82,0.99,2.43,18.59
109,EUO,ProShares UltraShort Euro,5,60,14,34,79,1.0,10.0,4.82,12.93,3.43,16.81
109,GWX,SPDR S&P International Small Cap ETF,5,60,14,34,79,1.0,10.0,4.82,0.0,3.63,17.87
109,SPRE.K,SP Funds S&P Global REIT Sharia ETF,5,60,14,34,79,1.0,10.0,4.82,0.0,2.3,19.4
109,MOTI.K,VanEck Morningstar International Moat ETF,5,60,14,34,79,1.0,10.0,4.82,0.0,2.7,18.97
109,IDOG.K,Alps Internatl Sector Dividends Dogs ETF,5,60,14,34,79,1.0,10.0,4.82,2.41,3.45,17.51
109,DBP,Invesco DB Precious Metals Fund,5,60,14,34,79,1.0,10.0,4.82,0.0,4.3,17.68
109,PID.O,Invesco International Dividend Achievers ETF,5,60,14,34,79,1.0,10.0,4.82,1.96,4.03,18.2
109,HDEF.K,Xtrackers MSCI EAFE Hi Dv Yld Eq ETF,5,60,14,34,79,1.0,10.0,4.82,3.07,1.94,17.22
109,DGRE.O,WisdomTree Emerging Markets Quality Dividend Gro,5,60,14,34,79,1.0,10.0,4.82,3.05,2.57,19.94
109,GQRE.K,FlexShares Global Quality Real Estate Index Fund,5,60,14,34,79,1.0,10.0,4.82,0.0,2.73,17.21
109,EWH,iShares MSCI Hong Kong ETF,5,60,14,34,79,1.0,10.0,4.82,-0.47,2.09,19.19
109,IEUR.K,iShares Core MSCI Europe ETF,5,60,14,34,79,1.0,10.0,4.82,3.44,3.52,18.79
109,DBC,Invesco DB Commodity Index Tracking Fund,5,60,14,34,79,1.0,10.0,4.82,6.46,1.9,17.12
109,FLJP.K,Franklin FTSE Japan ETF,5,60,14,34,79,1.0,10.0,4.82,4.32,3.7,17.19
109,DFAE.K,DFA Dimensional Emerging Core Equity Market ETF,5,60,14,34,79,1.0,10.0,4.82,7.14,2.84,17.07
109,REET.K,iShares Global REIT ETF,5,60,14,34,79,1.0,10.0,4.82,3.87,1.43,18.76
109,DGS,WisdomTree Emerging Markets SmallCap Dividend Fund,5,60,14,34,79,1.0,10.0,4.82,3.9,3.24,18.2
109,YMAX.K,YieldMax Universe Fund of Option Income ETFs,5,60,14,34,79,1.0,10.0,4.82,0.0,2.5,18.72
109,ANGL.O,VanEck Fallen Angel High Yield Bond ETF,5,60,14,34,79,1.0,10.0,4.82,1.89,2.88,19.34
109,IVLU.K,iShares MSCI Intl Value Factor ETF,5,60,14,34,79,1.0,10.0,4.82,11.33,3.38,18.51
109,VSGX.K,Vanguard ESG International Stock ETF,5,60,14,34,79,1.0,10.0,4.82,13.05,4.43,18.44
109,IYZ,iShares US Telecommunications ETF,5,60,14,34,79,1.0,10.0,4.82,0.0,2.72,18.43
109,IDV,iShares International Select Dividend ETF,5,60,14,34,79,1.0,10.0,4.82,-0.59,2.04,19.19
109,CTA,Simplify Managed Futures Strategy ETF,5,60,14,34,79,1.0,10.0,4.82,0.0,2.72,16.94
109,DFIS.K,DFA Dimensional International Small Cap ETF,5,60,14,34,79,1.0,10.0,4.82,0.0,3.15,18.11
109,FYLD.K,Cambria Foreign Shareholder Yield ETF,5,60,14,34,79,1.0,10.0,4.82,1.76,2.47,18.05
109,RWO,SPDR Dow Jones Global Real Estate ETF,5,60,14,34,79,1.0,10.0,4.82,2.63,3.94,18.44
109,FJP.O,First Trust Japan AlphaDEX Fund,5,60,14,34,79,1.0,10.0,4.82,15.75,3.52,17.98
109,EFV,iShares MSCI EAFE Value ETF,5,60,14,34,79,1.0,10.0,4.82,2.65,3.44,19.23
109,FDEM.K,Fidelity Emerging Markets Multifactor ETF,5,60,14,34,79,1.0,10.0,4.82,11.64,2.96,18.03
109,RNEM.O,First Trust Emerging Markets Equity Select ETF,5,60,14,34,79,1.0,10.0,4.82,15.91,2.75,17.73
109,FLAX.K,Franklin FTSE Asia ex Japan ETF,5,60,14,34,79,1.0,10.0,4.82,10.21,2.52,19.94
109,GGM,GGM Macro Alignment ETF,5,60,14,34,79,1.0,10.0,4.82,4.96,3.42,19.1
109,OEUR.K,ALPS O'Shares Europe Quality Dividend ETF,5,60,14,34,79,1.0,10.0,4.82,0.0,4.1,17.39
109,BMED.K,BlackRock Future Health ETF,5,60,14,34,79,1.0,10.0,4.82,6.16,2.13,18.1
109,RSPE.K,Invesco ESG S&P 500 Equal Weight ETF,5,60,14,34,79,1.0,10.0,4.82,0.0,2.9,17.39
109,EFAS.O,Global X MSCI SuperDividend EAFE ETF,5,60,14,34,79,1.0,10.0,4.82,5.68,1.9,19.26
109,DTRE.K,First Trust Alerian Disruptive Technology Real Est,5,60,14,34,79,1.0,10.0,4.82,1.78,4.01,18.49
109,UIVM.O,VictoryShares International Value Momentum ETF,5,60,14,34,79,1.0,10.0,4.82,2.12,1.29,17.59
109,DWAT.K,Arrow DWA Tactical: Macro ETF,5,60,14,34,79,1.0,10.0,4.82,0.0,3.04,17.46
109,MOTE.K,VanEck Morningstar ESG Moat ETF,5,60,14,34,79,1.0,10.0,4.82,0.0,3.79,18.16
109,EMDV.K,ProShares MSCI Emerging Markets Dividend Grwrs ETF,5,60,14,34,79,1.0,10.0,4.82,-1.5,2.94,19.07
109,ISZE.K,iShares MSCI Intl Size Factor ETF,5,60,14,34,79,1.0,10.0,4.82,0.0,2.64,16.8
109,OVF,Overlay Shares Foreign Equity ETF,5,60,14,34,79,1.0,10.0,4.82,12.95,2.07,16.94
109,LOPP.K,Gabelli Love Our Planet & People ETF,5,60,14,34,79,1.0,10.0,4.82,4.24,3.75,17.55
109,EQUL.K,IQ Engender Equality ETF,5,60,14,34,79,1.0,10.0,4.82,0.0,1.95,17.77
109,FLDZ.K,RiverNorth Patriot ETF,5,60,14,34,79,1.0,10.0,4.82,0.0,3.8,18.08
109,VAMO.K,Cambria Value and Momentum ETF,5,60,14,34,79,1.0,10.0,4.82,2.35,3.21,18.44
109,RUFF.K,Alpha Dog ETF,5,60,14,34,79,1.0,10.0,4.82,25.41,2.21,18.84
109,CIL.O,VictoryShares International Volatility Wtd Idx ETF,5,60,14,34,79,1.0,10.0,4.82,0.0,4.38,18.02
109,CVAR.K,Cultivar ETF,5,60,14,34,79,1.0,10.0,4.82,0.0,2.56,17.21
109,IQDY.K,FlexShares International Quality Div Dyn Idx,5,60,14,34,79,1.0,10.0,4.82,2.89,3.54,18.04
109,ISVL.K,iShares Intl Developed Small Cap Value Factor ETF,5,60,14,34,79,1.0,10.0,4.82,15.71,3.17,17.27
109,UEVM.O,VictoryShares Emerging Markets Value Momentum ETF,5,60,14,34,79,1.0,10.0,4.82,2.82,1.71,18.7
109,EUDV.K,ProShares MSCI Europe Dividend Growers ETF,5,60,14,34,79,1.0,10.0,4.82,4.65,4.21,18.04
109,CVY,Invesco Zacks Multi-Asset Income ETF,5,60,14,34,79,1.0,10.0,4.82,4.31,4.25,18.14
109,TLTE.K,FlexShares Morningstar Em Mkts Factors Tilt Idx,5,60,14,34,79,1.0,10.0,4.82,2.23,2.43,17.91
109,DIM,WisdomTree International MidCap Dividend Fund,5,60,14,34,79,1.0,10.0,4.82,0.0,4.24,17.69
109,ASEA.K,Global X FTSE Southeast Asia ETF,5,60,14,34,79,1.0,10.0,4.82,1.59,1.84,18.25
109,MKOR.K,Matthews Korea Active ETF,5,60,14,34,79,1.0,10.0,4.82,0.0,2.53,16.77
109,RAAX.K,VanEck Inflation Allocation ETF,5,60,14,34,79,1.0,10.0,4.82,2.06,2.79,16.63
109,DIVY.K,Sound Equity Dividend Income ETF,5,60,14,34,79,1.0,10.0,4.82,8.17,3.26,18.75
109,ROAM.K,Hartford Multifactor Emerging Markets ETF,5,60,14,34,79,1.0,10.0,4.82,15.38,1.62,18.74
109,TOLZ.K,ProShares DJ Brookfield Global Infrastructure ETF,5,60,14,34,79,1.0,10.0,4.82,1.77,3.03,17.0
109,RAYE.K,Rayliant Quantamental Emg Mrkt ex-China Eqty ETF,5,60,14,34,79,1.0,10.0,4.82,27.82,3.34,17.28
109,GDVD.K,Copper Place Global Dividend Growth ETF,5,60,14,34,79,1.0,10.0,4.82,-0.25,2.23,20.03
109,HEEM.K,iShares Currency Hedged MSCI Emerging Markets ETF,5,60,14,34,79,1.0,10.0,4.82,15.0,3.11,18.04
109,FTXG.O,First Trust Nasdaq Food & Beverage ETF,5,60,14,34,79,1.0,10.0,4.82,0.0,3.68,17.02
109,DIM,WisdomTree International MidCap Dividend Fund,5,60,14,39,74,1.0,10.0,4.62,4.45,4.24,17.69
109,GDVD.K,Copper Place Global Dividend Growth ETF,5,60,14,39,74,1.0,10.0,4.62,-0.25,2.23,20.03
109,RAYE.K,Rayliant Quantamental Emg Mrkt ex-China Eqty ETF,5,60,14,39,74,1.0,10.0,4.62,27.82,3.34,17.28
109,TOLZ.K,ProShares DJ Brookfield Global Infrastructure ETF,5,60,14,39,74,1.0,10.0,4.62,1.77,3.03,17.0
109,ROAM.K,Hartford Multifactor Emerging Markets ETF,5,60,14,39,74,1.0,10.0,4.62,10.71,1.62,18.74
109,RAAX.K,VanEck Inflation Allocation ETF,5,60,14,39,74,1.0,10.0,4.62,2.06,2.79,16.63
109,IQDY.K,FlexShares International Quality Div Dyn Idx,5,60,14,39,74,1.0,10.0,4.62,5.49,3.54,18.04
109,ASEA.K,Global X FTSE Southeast Asia ETF,5,60,14,39,74,1.0,10.0,4.62,8.94,1.84,18.25
109,DGRE.O,WisdomTree Emerging Markets Quality Dividend Gro,5,60,14,39,74,1.0,10.0,4.62,12.22,2.57,19.94
109,MKOR.K,Matthews Korea Active ETF,5,60,14,39,74,1.0,10.0,4.62,0.0,2.53,16.77
109,TLTE.K,FlexShares Morningstar Em Mkts Factors Tilt Idx,5,60,14,39,74,1.0,10.0,4.62,10.26,2.43,17.91
109,CVY,Invesco Zacks Multi-Asset Income ETF,5,60,14,39,74,1.0,10.0,4.62,2.05,4.25,18.14
109,EUDV.K,ProShares MSCI Europe Dividend Growers ETF,5,60,14,39,74,1.0,10.0,4.62,4.65,4.21,18.04
109,UEVM.O,VictoryShares Emerging Markets Value Momentum ETF,5,60,14,39,74,1.0,10.0,4.62,2.14,1.71,18.7
109,DIVY.K,Sound Equity Dividend Income ETF,5,60,14,39,74,1.0,10.0,4.62,1.32,3.26,18.75
109,VAMO.K,Cambria Value and Momentum ETF,5,60,14,39,74,1.0,10.0,4.62,2.35,3.21,18.44
109,FDEM.K,Fidelity Emerging Markets Multifactor ETF,5,60,14,39,74,1.0,10.0,4.62,6.27,2.96,18.03
109,FTXG.O,First Trust Nasdaq Food & Beverage ETF,5,60,14,39,74,1.0,10.0,4.62,-0.39,3.68,17.02
109,HEEM.K,iShares Currency Hedged MSCI Emerging Markets ETF,5,60,14,39,74,1.0,10.0,4.62,7.22,3.11,18.04
109,LOPP.K,Gabelli Love Our Planet & People ETF,5,60,14,39,74,1.0,10.0,4.62,4.24,3.75,17.55
109,ISVL.K,iShares Intl Developed Small Cap Value Factor ETF,5,60,14,39,74,1.0,10.0,4.62,8.87,3.17,17.27
109,CVAR.K,Cultivar ETF,5,60,14,39,74,1.0,10.0,4.62,0.0,2.56,17.21
109,DBP,Invesco DB Precious Metals Fund,5,60,14,39,74,1.0,10.0,4.62,3.09,4.3,17.68
109,OVF,Overlay Shares Foreign Equity ETF,5,60,14,39,74,1.0,10.0,4.62,7.79,2.07,16.94
109,ISZE.K,iShares MSCI Intl Size Factor ETF,5,60,14,39,74,1.0,10.0,4.62,1.37,2.64,16.8
109,EMDV.K,ProShares MSCI Emerging Markets Dividend Grwrs ETF,5,60,14,39,74,1.0,10.0,4.62,0.22,2.94,19.07
109,MOTE.K,VanEck Morningstar ESG Moat ETF,5,60,14,39,74,1.0,10.0,4.62,0.0,3.79,18.16
109,DWAT.K,Arrow DWA Tactical: Macro ETF,5,60,14,39,74,1.0,10.0,4.62,5.91,3.04,17.46
109,UIVM.O,VictoryShares International Value Momentum ETF,5,60,14,39,74,1.0,10.0,4.62,2.12,1.29,17.59
109,CIL.O,VictoryShares International Volatility Wtd Idx ETF,5,60,14,39,74,1.0,10.0,4.62,3.75,4.38,18.02
109,DTRE.K,First Trust Alerian Disruptive Technology Real Est,5,60,14,39,74,1.0,10.0,4.62,7.19,4.01,18.49
109,EFAS.O,Global X MSCI SuperDividend EAFE ETF,5,60,14,39,74,1.0,10.0,4.62,-1.12,1.9,19.26
109,RSPE.K,Invesco ESG S&P 500 Equal Weight ETF,5,60,14,39,74,1.0,10.0,4.62,0.0,2.9,17.39
109,BMED.K,BlackRock Future Health ETF,5,60,14,39,74,1.0,10.0,4.62,6.16,2.13,18.1
109,OEUR.K,ALPS O'Shares Europe Quality Dividend ETF,5,60,14,39,74,1.0,10.0,4.62,6.27,4.1,17.39
109,GGM,GGM Macro Alignment ETF,5,60,14,39,74,1.0,10.0,4.62,1.61,3.42,19.1
109,FLAX.K,Franklin FTSE Asia ex Japan ETF,5,60,14,39,74,1.0,10.0,4.62,1.9,2.52,19.94
109,RUFF.K,Alpha Dog ETF,5,60,14,39,74,1.0,10.0,4.62,25.41,2.21,18.84
109,RNEM.O,First Trust Emerging Markets Equity Select ETF,5,60,14,39,74,1.0,10.0,4.62,1.51,2.75,17.73
109,FJP.O,First Trust Japan AlphaDEX Fund,5,60,14,39,74,1.0,10.0,4.62,5.99,3.52,17.98
109,GQRE.K,FlexShares Global Quality Real Estate Index Fund,5,60,14,39,74,1.0,10.0,4.62,-0.43,2.73,17.21
109,IDOG.K,Alps Internatl Sector Dividends Dogs ETF,5,60,14,39,74,1.0,10.0,4.62,2.41,3.45,17.51
109,DFIS.K,DFA Dimensional International Small Cap ETF,5,60,14,39,74,1.0,10.0,4.62,0.0,3.15,18.11
109,IDV,iShares International Select Dividend ETF,5,60,14,39,74,1.0,10.0,4.62,-0.58,2.04,19.19
109,IYZ,iShares US Telecommunications ETF,5,60,14,39,74,1.0,10.0,4.62,-3.6,2.72,18.43
109,VSGX.K,Vanguard ESG International Stock ETF,5,60,14,39,74,1.0,10.0,4.62,13.05,4.43,18.44
109,IVLU.K,iShares MSCI Intl Value Factor ETF,5,60,14,39,74,1.0,10.0,4.62,3.77,3.38,18.51
109,ANGL.O,VanEck Fallen Angel High Yield Bond ETF,5,60,14,39,74,1.0,10.0,4.62,1.89,2.88,19.34
109,YMAX.K,YieldMax Universe Fund of Option Income ETFs,5,60,14,39,74,1.0,10.0,4.62,0.0,2.5,18.72
109,DGS,WisdomTree Emerging Markets SmallCap Dividend Fund,5,60,14,39,74,1.0,10.0,4.62,12.54,3.24,18.2
109,REET.K,iShares Global REIT ETF,5,60,14,39,74,1.0,10.0,4.62,3.87,1.43,18.76
109,DFAE.K,DFA Dimensional Emerging Core Equity Market ETF,5,60,14,39,74,1.0,10.0,4.62,7.14,2.84,17.07
109,FLJP.K,Franklin FTSE Japan ETF,5,60,14,39,74,1.0,10.0,4.62,4.32,3.7,17.19
109,DBC,Invesco DB Commodity Index Tracking Fund,5,60,14,39,74,1.0,10.0,4.62,2.77,1.9,17.12
109,IEUR.K,iShares Core MSCI Europe ETF,5,60,14,39,74,1.0,10.0,4.62,3.44,3.52,18.79
109,EWH,iShares MSCI Hong Kong ETF,5,60,14,39,74,1.0,10.0,4.62,-0.47,2.09,19.19
109,EFV,iShares MSCI EAFE Value ETF,5,60,14,39,74,1.0,10.0,4.62,1.58,3.44,19.23
109,VXUS.O,Vanguard Total International Stock Index Fund;ETF,5,60,14,39,74,1.0,10.0,4.62,6.64,3.47,17.94
109,IEMG.K,iShares Core MSCI Emerging Markets ETF,5,60,14,39,74,1.0,10.0,4.62,11.26,3.1,19.55
109,EQUL.K,IQ Engender Equality ETF,5,60,14,39,74,1.0,10.0,4.62,0.0,1.95,17.77
109,CTA,Simplify Managed Futures Strategy ETF,5,60,14,39,74,1.0,10.0,4.62,0.0,2.72,16.94
109,FYLD.K,Cambria Foreign Shareholder Yield ETF,5,60,14,39,74,1.0,10.0,4.62,4.31,2.47,18.05
109,MOTI.K,VanEck Morningstar International Moat ETF,5,60,14,39,74,1.0,10.0,4.62,1.85,2.7,18.97
109,RWO,SPDR Dow Jones Global Real Estate ETF,5,60,14,39,74,1.0,10.0,4.62,7.55,3.94,18.44
109,SPRE.K,SP Funds S&P Global REIT Sharia ETF,5,60,14,39,74,1.0,10.0,4.62,20.96,2.3,19.4
109,GWX,SPDR S&P International Small Cap ETF,5,60,14,39,74,1.0,10.0,4.62,1.17,3.63,17.87
109,EUO,ProShares UltraShort Euro,5,60,14,39,74,1.0,10.0,4.62,11.08,3.43,16.81
109,DTH,WisdomTree International High Dividend,5,60,14,39,74,1.0,10.0,4.62,0.26,2.43,18.59
109,DOL,WisdomTree International LargeCap Dividend Fund,5,60,14,39,74,1.0,10.0,4.62,1.78,3.65,18.03
109,FIVA.K,Fidelity International Value Factor ETF,5,60,14,39,74,1.0,10.0,4.62,3.83,2.27,18.41
109,DBB,Invesco DB Base Metals Fund,5,60,14,39,74,1.0,10.0,4.62,2.07,2.45,19.18
109,VIDI.K,Vident International Equity Strat ETF,5,60,14,39,74,1.0,10.0,4.62,2.75,1.91,17.77
109,FGD,First Trust Dow Jones Global Select Dividend Ix Fd,5,60,14,39,74,1.0,10.0,4.62,0.1,2.65,18.54
109,INTF.K,iShares International Equity Factor ETF,5,60,14,39,74,1.0,10.0,4.62,6.13,3.8,17.7
109,JPEM.K,JPMorgan Diversified Return Emerging Mkts Eqty ETF,5,60,14,39,74,1.0,10.0,4.62,11.8,2.62,18.11
109,FDT.O,First Trust Developed Markets ex-US AlphaDEX Fund,5,60,14,39,74,1.0,10.0,4.62,5.35,2.73,18.34
109,EWX,SPDR S&P Emerging Markets Small Cap ETF,5,60,14,39,74,1.0,10.0,4.62,4.81,3.32,18.3
109,DWM,WisdomTree International Equity Fund,5,60,14,39,74,1.0,10.0,4.62,2.11,3.86,17.75
109,PID.O,Invesco International Dividend Achievers ETF,5,60,14,39,74,1.0,10.0,4.62,1.85,4.03,18.2
109,EEMS.K,iShares MSCI Emerging Markets Small-Cap ETF,5,60,14,39,74,1.0,10.0,4.62,15.05,3.79,18.75
109,HDEF.K,Xtrackers MSCI EAFE Hi Dv Yld Eq ETF,5,60,14,39,74,1.0,10.0,4.62,3.07,1.94,17.22
109,FLDZ.K,RiverNorth Patriot ETF,5,60,14,39,74,1.0,10.0,4.62,0.0,3.8,18.08
109,FJP.O,First Trust Japan AlphaDEX Fund,5,60,14,44,79,1.0,10.0,4.54,5.53,3.52,17.98
109,IEMG.K,iShares Core MSCI Emerging Markets ETF,5,60,14,44,79,1.0,10.0,4.54,4.31,3.1,19.55
109,DGRE.O,WisdomTree Emerging Markets Quality Dividend Gro,5,60,14,44,79,1.0,10.0,4.54,3.05,2.57,19.94
109,FTXG.O,First Trust Nasdaq Food & Beverage ETF,5,60,14,44,79,1.0,10.0,4.54,3.07,3.68,17.02
109,HEEM.K,iShares Currency Hedged MSCI Emerging Markets ETF,5,60,14,44,79,1.0,10.0,4.54,5.48,3.11,18.04
109,GDVD.K,Copper Place Global Dividend Growth ETF,5,60,14,44,79,1.0,10.0,4.54,-0.25,2.23,20.03
109,RAYE.K,Rayliant Quantamental Emg Mrkt ex-China Eqty ETF,5,60,14,44,79,1.0,10.0,4.54,27.82,3.34,17.28
109,TOLZ.K,ProShares DJ Brookfield Global Infrastructure ETF,5,60,14,44,79,1.0,10.0,4.54,1.77,3.03,17.0
109,ROAM.K,Hartford Multifactor Emerging Markets ETF,5,60,14,44,79,1.0,10.0,4.54,2.01,1.62,18.74
109,RAAX.K,VanEck Inflation Allocation ETF,5,60,14,44,79,1.0,10.0,4.54,2.06,2.79,16.63
109,IQDY.K,FlexShares International Quality Div Dyn Idx,5,60,14,44,79,1.0,10.0,4.54,1.95,3.54,18.04
109,ASEA.K,Global X FTSE Southeast Asia ETF,5,60,14,44,79,1.0,10.0,4.54,-1.09,1.84,18.25
109,DIM,WisdomTree International MidCap Dividend Fund,5,60,14,44,79,1.0,10.0,4.54,2.49,4.24,17.69
109,MKOR.K,Matthews Korea Active ETF,5,60,14,44,79,1.0,10.0,4.54,0.0,2.53,16.77
109,TLTE.K,FlexShares Morningstar Em Mkts Factors Tilt Idx,5,60,14,44,79,1.0,10.0,4.54,1.0,2.43,17.91
109,CVY,Invesco Zacks Multi-Asset Income ETF,5,60,14,44,79,1.0,10.0,4.54,2.05,4.25,18.14
109,EUDV.K,ProShares MSCI Europe Dividend Growers ETF,5,60,14,44,79,1.0,10.0,4.54,4.65,4.21,18.04
109,UEVM.O,VictoryShares Emerging Markets Value Momentum ETF,5,60,14,44,79,1.0,10.0,4.54,2.14,1.71,18.7
109,DIVY.K,Sound Equity Dividend Income ETF,5,60,14,44,79,1.0,10.0,4.54,1.85,3.26,18.75
109,VAMO.K,Cambria Value and Momentum ETF,5,60,14,44,79,1.0,10.0,4.54,2.35,3.21,18.44
109,ISVL.K,iShares Intl Developed Small Cap Value Factor ETF,5,60,14,44,79,1.0,10.0,4.54,8.87,3.17,17.27
109,CVAR.K,Cultivar ETF,5,60,14,44,79,1.0,10.0,4.54,6.35,2.56,17.21
109,RNEM.O,First Trust Emerging Markets Equity Select ETF,5,60,14,44,79,1.0,10.0,4.54,0.6,2.75,17.73
109,UIVM.O,VictoryShares International Value Momentum ETF,5,60,14,44,79,1.0,10.0,4.54,2.12,1.29,17.59
109,EQUL.K,IQ Engender Equality ETF,5,60,14,44,79,1.0,10.0,4.54,27.05,1.95,17.77
109,LOPP.K,Gabelli Love Our Planet & People ETF,5,60,14,44,79,1.0,10.0,4.54,4.24,3.75,17.55
109,OVF,Overlay Shares Foreign Equity ETF,5,60,14,44,79,1.0,10.0,4.54,7.79,2.07,16.94
109,ISZE.K,iShares MSCI Intl Size Factor ETF,5,60,14,44,79,1.0,10.0,4.54,3.9,2.64,16.8
109,EMDV.K,ProShares MSCI Emerging Markets Dividend Grwrs ETF,5,60,14,44,79,1.0,10.0,4.54,-3.08,2.94,19.07
109,MOTE.K,VanEck Morningstar ESG Moat ETF,5,60,14,44,79,1.0,10.0,4.54,22.5,3.79,18.16
109,DWAT.K,Arrow DWA Tactical: Macro ETF,5,60,14,44,79,1.0,10.0,4.54,1.47,3.04,17.46
109,CIL.O,VictoryShares International Volatility Wtd Idx ETF,5,60,14,44,79,1.0,10.0,4.54,3.75,4.38,18.02
109,RUFF.K,Alpha Dog ETF,5,60,14,44,79,1.0,10.0,4.54,25.41,2.21,18.84
109,DTRE.K,First Trust Alerian Disruptive Technology Real Est,5,60,14,44,79,1.0,10.0,4.54,1.78,4.01,18.49
109,EFAS.O,Global X MSCI SuperDividend EAFE ETF,5,60,14,44,79,1.0,10.0,4.54,-1.12,1.9,19.26
109,RSPE.K,Invesco ESG S&P 500 Equal Weight ETF,5,60,14,44,79,1.0,10.0,4.54,26.07,2.9,17.39
109,BMED.K,BlackRock Future Health ETF,5,60,14,44,79,1.0,10.0,4.54,0.82,2.13,18.1
109,OEUR.K,ALPS O'Shares Europe Quality Dividend ETF,5,60,14,44,79,1.0,10.0,4.54,5.11,4.1,17.39
109,GGM,GGM Macro Alignment ETF,5,60,14,44,79,1.0,10.0,4.54,2.32,3.42,19.1
109,FLAX.K,Franklin FTSE Asia ex Japan ETF,5,60,14,44,79,1.0,10.0,4.54,1.9,2.52,19.94
109,FDEM.K,Fidelity Emerging Markets Multifactor ETF,5,60,14,44,79,1.0,10.0,4.54,6.27,2.96,18.03
109,DBP,Invesco DB Precious Metals Fund,5,60,14,44,79,1.0,10.0,4.54,6.15,4.3,17.68
109,GQRE.K,FlexShares Global Quality Real Estate Index Fund,5,60,14,44,79,1.0,10.0,4.54,-0.43,2.73,17.21
109,RWO,SPDR Dow Jones Global Real Estate ETF,5,60,14,44,79,1.0,10.0,4.54,1.69,3.94,18.44
109,DFIS.K,DFA Dimensional International Small Cap ETF,5,60,14,44,79,1.0,10.0,4.54,24.41,3.15,18.11
109,CTA,Simplify Managed Futures Strategy ETF,5,60,14,44,79,1.0,10.0,4.54,8.97,2.72,16.94
109,IDV,iShares International Select Dividend ETF,5,60,14,44,79,1.0,10.0,4.54,-0.58,2.04,19.19
109,IYZ,iShares US Telecommunications ETF,5,60,14,44,79,1.0,10.0,4.54,0.19,2.72,18.43
109,VSGX.K,Vanguard ESG International Stock ETF,5,60,14,44,79,1.0,10.0,4.54,7.6,4.43,18.44
109,IVLU.K,iShares MSCI Intl Value Factor ETF,5,60,14,44,79,1.0,10.0,4.54,3.64,3.38,18.51
109,ANGL.O,VanEck Fallen Angel High Yield Bond ETF,5,60,14,44,79,1.0,10.0,4.54,1.89,2.88,19.34
109,YMAX.K,YieldMax Universe Fund of Option Income ETFs,5,60,14,44,79,1.0,10.0,4.54,0.0,2.5,18.72
109,DGS,WisdomTree Emerging Markets SmallCap Dividend Fund,5,60,14,44,79,1.0,10.0,4.54,1.63,3.24,18.2
109,REET.K,iShares Global REIT ETF,5,60,14,44,79,1.0,10.0,4.54,-0.29,1.43,18.76
109,DFAE.K,DFA Dimensional Emerging Core Equity Market ETF,5,60,14,44,79,1.0,10.0,4.54,7.14,2.84,17.07
109,FLJP.K,Franklin FTSE Japan ETF,5,60,14,44,79,1.0,10.0,4.54,4.32,3.7,17.19
109,DBC,Invesco DB Commodity Index Tracking Fund,5,60,14,44,79,1.0,10.0,4.54,0.79,1.9,17.12
109,IEUR.K,iShares Core MSCI Europe ETF,5,60,14,44,79,1.0,10.0,4.54,3.44,3.52,18.79
109,EWH,iShares MSCI Hong Kong ETF,5,60,14,44,79,1.0,10.0,4.54,-0.47,2.09,19.19
109,EFV,iShares MSCI EAFE Value ETF,5,60,14,44,79,1.0,10.0,4.54,1.58,3.44,19.23
109,VXUS.O,Vanguard Total International Stock Index Fund;ETF,5,60,14,44,79,1.0,10.0,4.54,3.35,3.47,17.94
109,FYLD.K,Cambria Foreign Shareholder Yield ETF,5,60,14,44,79,1.0,10.0,4.54,1.76,2.47,18.05
109,FLDZ.K,RiverNorth Patriot ETF,5,60,14,44,79,1.0,10.0,4.54,18.72,3.8,18.08
109,IDOG.K,Alps Internatl Sector Dividends Dogs ETF,5,60,14,44,79,1.0,10.0,4.54,1.44,3.45,17.51
109,HDEF.K,Xtrackers MSCI EAFE Hi Dv Yld Eq ETF,5,60,14,44,79,1.0,10.0,4.54,3.07,1.94,17.22
109,MOTI.K,VanEck Morningstar International Moat ETF,5,60,14,44,79,1.0,10.0,4.54,1.85,2.7,18.97
109,SPRE.K,SP Funds S&P Global REIT Sharia ETF,5,60,14,44,79,1.0,10.0,4.54,-6.24,2.3,19.4
109,GWX,SPDR S&P International Small Cap ETF,5,60,14,44,79,1.0,10.0,4.54,1.17,3.63,17.87
109,EUO,ProShares UltraShort Euro,5,60,14,44,79,1.0,10.0,4.54,7.72,3.43,16.81
109,DTH,WisdomTree International High Dividend,5,60,14,44,79,1.0,10.0,4.54,0.26,2.43,18.59
109,DOL,WisdomTree International LargeCap Dividend Fund,5,60,14,44,79,1.0,10.0,4.54,1.78,3.65,18.03
109,FIVA.K,Fidelity International Value Factor ETF,5,60,14,44,79,1.0,10.0,4.54,3.83,2.27,18.41
109,DBB,Invesco DB Base Metals Fund,5,60,14,44,79,1.0,10.0,4.54,2.93,2.45,19.18
109,VIDI.K,Vident International Equity Strat ETF,5,60,14,44,79,1.0,10.0,4.54,3.66,1.91,17.77
109,FGD,First Trust Dow Jones Global Select Dividend Ix Fd,5,60,14,44,79,1.0,10.0,4.54,0.1,2.65,18.54
109,INTF.K,iShares International Equity Factor ETF,5,60,14,44,79,1.0,10.0,4.54,6.83,3.8,17.7
109,JPEM.K,JPMorgan Diversified Return Emerging Mkts Eqty ETF,5,60,14,44,79,1.0,10.0,4.54,7.06,2.62,18.11
109,FDT.O,First Trust Developed Markets ex-US AlphaDEX Fund,5,60,14,44,79,1.0,10.0,4.54,6.04,2.73,18.34
109,EWX,SPDR S&P Emerging Markets Small Cap ETF,5,60,14,44,79,1.0,10.0,4.54,2.43,3.32,18.3
109,DWM,WisdomTree International Equity Fund,5,60,14,44,79,1.0,10.0,4.54,2.11,3.86,17.75
109,PID.O,Invesco International Dividend Achievers ETF,5,60,14,44,79,1.0,10.0,4.54,1.85,4.03,18.2
109,EEMS.K,iShares MSCI Emerging Markets Small-Cap ETF,5,60,14,44,79,1.0,10.0,4.54,2.94,3.79,18.75
109,VXUS.O,Vanguard Total International Stock Index Fund;ETF,5,120,14,44,79,1.0,10.0,4.38,3.11,3.47,17.94
109,IEMG.K,iShares Core MSCI Emerging Markets ETF,5,120,14,44,79,1.0,10.0,4.38,7.65,3.1,19.55
109,EQUL.K,IQ Engender Equality ETF,5,120,14,44,79,1.0,10.0,4.38,0.0,1.95,17.77
109,LOPP.K,Gabelli Love Our Planet & People ETF,5,120,14,44,79,1.0,10.0,4.38,2.38,3.75,17.55
109,GDVD.K,Copper Place Global Dividend Growth ETF,5,120,14,44,79,1.0,10.0,4.38,8.51,2.23,20.03
109,RAYE.K,Rayliant Quantamental Emg Mrkt ex-China Eqty ETF,5,120,14,44,79,1.0,10.0,4.38,26.37,3.34,17.28
109,TOLZ.K,ProShares DJ Brookfield Global Infrastructure ETF,5,120,14,44,79,1.0,10.0,4.38,2.69,3.03,17.0
109,ROAM.K,Hartford Multifactor Emerging Markets ETF,5,120,14,44,79,1.0,10.0,4.38,1.84,1.62,18.74
109,RAAX.K,VanEck Inflation Allocation ETF,5,120,14,44,79,1.0,10.0,4.38,1.66,2.79,16.63
109,IQDY.K,FlexShares International Quality Div Dyn Idx,5,120,14,44,79,1.0,10.0,4.38,1.53,3.54,18.04
109,ASEA.K,Global X FTSE Southeast Asia ETF,5,120,14,44,79,1.0,10.0,4.38,-0.76,1.84,18.25
109,DIM,WisdomTree International MidCap Dividend Fund,5,120,14,44,79,1.0,10.0,4.38,2.69,4.24,17.69
109,MKOR.K,Matthews Korea Active ETF,5,120,14,44,79,1.0,10.0,4.38,0.0,2.53,16.77
109,TLTE.K,FlexShares Morningstar Em Mkts Factors Tilt Idx,5,120,14,44,79,1.0,10.0,4.38,3.34,2.43,17.91
109,CVY,Invesco Zacks Multi-Asset Income ETF,5,120,14,44,79,1.0,10.0,4.38,1.65,4.25,18.14
109,EUDV.K,ProShares MSCI Europe Dividend Growers ETF,5,120,14,44,79,1.0,10.0,4.38,4.35,4.21,18.04
109,UEVM.O,VictoryShares Emerging Markets Value Momentum ETF,5,120,14,44,79,1.0,10.0,4.38,2.03,1.71,18.7
109,DIVY.K,Sound Equity Dividend Income ETF,5,120,14,44,79,1.0,10.0,4.38,5.78,3.26,18.75
109,VAMO.K,Cambria Value and Momentum ETF,5,120,14,44,79,1.0,10.0,4.38,2.41,3.21,18.44
109,FDEM.K,Fidelity Emerging Markets Multifactor ETF,5,120,14,44,79,1.0,10.0,4.38,3.6,2.96,18.03
109,DGRE.O,WisdomTree Emerging Markets Quality Dividend Gro,5,120,14,44,79,1.0,10.0,4.38,3.58,2.57,19.94
109,HEEM.K,iShares Currency Hedged MSCI Emerging Markets ETF,5,120,14,44,79,1.0,10.0,4.38,6.17,3.11,18.04
109,FTXG.O,First Trust Nasdaq Food & Beverage ETF,5,120,14,44,79,1.0,10.0,4.38,2.75,3.68,17.02
109,ISVL.K,iShares Intl Developed Small Cap Value Factor ETF,5,120,14,44,79,1.0,10.0,4.38,11.91,3.17,17.27
109,DTRE.K,First Trust Alerian Disruptive Technology Real Est,5,120,14,44,79,1.0,10.0,4.38,-1.52,4.01,18.49
109,FLDZ.K,RiverNorth Patriot ETF,5,120,14,44,79,1.0,10.0,4.38,18.3,3.8,18.08
109,ISZE.K,iShares MSCI Intl Size Factor ETF,5,120,14,44,79,1.0,10.0,4.38,11.75,2.64,16.8
109,EMDV.K,ProShares MSCI Emerging Markets Dividend Grwrs ETF,5,120,14,44,79,1.0,10.0,4.38,-3.52,2.94,19.07
109,MOTE.K,VanEck Morningstar ESG Moat ETF,5,120,14,44,79,1.0,10.0,4.38,12.52,3.79,18.16
109,DWAT.K,Arrow DWA Tactical: Macro ETF,5,120,14,44,79,1.0,10.0,4.38,1.76,3.04,17.46
109,UIVM.O,VictoryShares International Value Momentum ETF,5,120,14,44,79,1.0,10.0,4.38,1.57,1.29,17.59
109,CIL.O,VictoryShares International Volatility Wtd Idx ETF,5,120,14,44,79,1.0,10.0,4.38,4.77,4.38,18.02
109,EFAS.O,Global X MSCI SuperDividend EAFE ETF,5,120,14,44,79,1.0,10.0,4.38,-1.2,1.9,19.26
109,CVAR.K,Cultivar ETF,5,120,14,44,79,1.0,10.0,4.38,6.5,2.56,17.21
109,RSPE.K,Invesco ESG S&P 500 Equal Weight ETF,5,120,14,44,79,1.0,10.0,4.38,24.72,2.9,17.39
109,BMED.K,BlackRock Future Health ETF,5,120,14,44,79,1.0,10.0,4.38,5.49,2.13,18.1
109,OEUR.K,ALPS O'Shares Europe Quality Dividend ETF,5,120,14,44,79,1.0,10.0,4.38,4.76,4.1,17.39
109,GGM,GGM Macro Alignment ETF,5,120,14,44,79,1.0,10.0,4.38,2.13,3.42,19.1
109,FLAX.K,Franklin FTSE Asia ex Japan ETF,5,120,14,44,79,1.0,10.0,4.38,1.95,2.52,19.94
109,RUFF.K,Alpha Dog ETF,5,120,14,44,79,1.0,10.0,4.38,26.16,2.21,18.84
109,RNEM.O,First Trust Emerging Markets Equity Select ETF,5,120,14,44,79,1.0,10.0,4.38,1.37,2.75,17.73
109,FJP.O,First Trust Japan AlphaDEX Fund,5,120,14,44,79,1.0,10.0,4.38,5.48,3.52,17.98
109,DBP,Invesco DB Precious Metals Fund,5,120,14,44,79,1.0,10.0,4.38,5.02,4.3,17.68
109,IDOG.K,Alps Internatl Sector Dividends Dogs ETF,5,120,14,44,79,1.0,10.0,4.38,1.13,3.45,17.51
109,YMAX.K,YieldMax Universe Fund of Option Income ETFs,5,120,14,44,79,1.0,10.0,4.38,0.0,2.5,18.72
109,DFIS.K,DFA Dimensional International Small Cap ETF,5,120,14,44,79,1.0,10.0,4.38,22.44,3.15,18.11
109,CTA,Simplify Managed Futures Strategy ETF,5,120,14,44,79,1.0,10.0,4.38,0.0,2.72,16.94
109,IDV,iShares International Select Dividend ETF,5,120,14,44,79,1.0,10.0,4.38,-0.54,2.04,19.19
109,IYZ,iShares US Telecommunications ETF,5,120,14,44,79,1.0,10.0,4.38,-3.23,2.72,18.43
109,VSGX.K,Vanguard ESG International Stock ETF,5,120,14,44,79,1.0,10.0,4.38,11.89,4.43,18.44
109,IVLU.K,iShares MSCI Intl Value Factor ETF,5,120,14,44,79,1.0,10.0,4.38,4.59,3.38,18.51
109,ANGL.O,VanEck Fallen Angel High Yield Bond ETF,5,120,14,44,79,1.0,10.0,4.38,1.59,2.88,19.34
109,DGS,WisdomTree Emerging Markets SmallCap Dividend Fund,5,120,14,44,79,1.0,10.0,4.38,1.43,3.24,18.2
109,RWO,SPDR Dow Jones Global Real Estate ETF,5,120,14,44,79,1.0,10.0,4.38,-1.81,3.94,18.44
109,REET.K,iShares Global REIT ETF,5,120,14,44,79,1.0,10.0,4.38,-0.46,1.43,18.76
109,DFAE.K,DFA Dimensional Emerging Core Equity Market ETF,5,120,14,44,79,1.0,10.0,4.38,11.21,2.84,17.07
109,FLJP.K,Franklin FTSE Japan ETF,5,120,14,44,79,1.0,10.0,4.38,4.29,3.7,17.19
109,DBC,Invesco DB Commodity Index Tracking Fund,5,120,14,44,79,1.0,10.0,4.38,0.81,1.9,17.12
109,IEUR.K,iShares Core MSCI Europe ETF,5,120,14,44,79,1.0,10.0,4.38,4.36,3.52,18.79
109,EWH,iShares MSCI Hong Kong ETF,5,120,14,44,79,1.0,10.0,4.38,-0.46,2.09,19.19
109,EFV,iShares MSCI EAFE Value ETF,5,120,14,44,79,1.0,10.0,4.38,1.73,3.44,19.23
109,FYLD.K,Cambria Foreign Shareholder Yield ETF,5,120,14,44,79,1.0,10.0,4.38,1.55,2.47,18.05
109,GQRE.K,FlexShares Global Quality Real Estate Index Fund,5,120,14,44,79,1.0,10.0,4.38,-1.2,2.73,17.21
109,VIDI.K,Vident International Equity Strat ETF,5,120,14,44,79,1.0,10.0,4.38,3.15,1.91,17.77
109,HDEF.K,Xtrackers MSCI EAFE Hi Dv Yld Eq ETF,5,120,14,44,79,1.0,10.0,4.38,2.35,1.94,17.22
109,MOTI.K,VanEck Morningstar International Moat ETF,5,120,14,44,79,1.0,10.0,4.38,1.17,2.7,18.97
109,SPRE.K,SP Funds S&P Global REIT Sharia ETF,5,120,14,44,79,1.0,10.0,4.38,-0.59,2.3,19.4
109,GWX,SPDR S&P International Small Cap ETF,5,120,14,44,79,1.0,10.0,4.38,1.75,3.63,17.87
109,EUO,ProShares UltraShort Euro,5,120,14,44,79,1.0,10.0,4.38,7.51,3.43,16.81
109,DTH,WisdomTree International High Dividend,5,120,14,44,79,1.0,10.0,4.38,0.52,2.43,18.59
109,DOL,WisdomTree International LargeCap Dividend Fund,5,120,14,44,79,1.0,10.0,4.38,1.96,3.65,18.03
109,FIVA.K,Fidelity International Value Factor ETF,5,120,14,44,79,1.0,10.0,4.38,3.73,2.27,18.41
109,DBB,Invesco DB Base Metals Fund,5,120,14,44,79,1.0,10.0,4.38,2.11,2.45,19.18
109,OVF,Overlay Shares Foreign Equity ETF,5,120,14,44,79,1.0,10.0,4.38,12.41,2.07,16.94
109,FGD,First Trust Dow Jones Global Select Dividend Ix Fd,5,120,14,44,79,1.0,10.0,4.38,0.3,2.65,18.54
109,INTF.K,iShares International Equity Factor ETF,5,120,14,44,79,1.0,10.0,4.38,9.55,3.8,17.7
109,JPEM.K,JPMorgan Diversified Return Emerging Mkts Eqty ETF,5,120,14,44,79,1.0,10.0,4.38,6.3,2.62,18.11
109,FDT.O,First Trust Developed Markets ex-US AlphaDEX Fund,5,120,14,44,79,1.0,10.0,4.38,5.58,2.73,18.34
109,EWX,SPDR S&P Emerging Markets Small Cap ETF,5,120,14,44,79,1.0,10.0,4.38,2.8,3.32,18.3
109,DWM,WisdomTree International Equity Fund,5,120,14,44,79,1.0,10.0,4.38,2.16,3.86,17.75
109,PID.O,Invesco International Dividend Achievers ETF,5,120,14,44,79,1.0,10.0,4.38,1.44,4.03,18.2
109,EEMS.K,iShares MSCI Emerging Markets Small-Cap ETF,5,120,14,44,79,1.0,10.0,4.38,2.67,3.79,18.75
109,IEMG.K,iShares Core MSCI Emerging Markets ETF,5,120,14,39,79,1.0,10.0,4.2,24.81,3.1,19.55
109,LOPP.K,Gabelli Love Our Planet & People ETF,5,120,14,39,79,1.0,10.0,4.2,4.75,3.75,17.55
109,OVF,Overlay Shares Foreign Equity ETF,5,120,14,39,79,1.0,10.0,4.2,12.41,2.07,16.94
109,MKOR.K,Matthews Korea Active ETF,5,120,14,39,79,1.0,10.0,4.2,0.0,2.53,16.77
109,RAYE.K,Rayliant Quantamental Emg Mrkt ex-China Eqty ETF,5,120,14,39,79,1.0,10.0,4.2,26.37,3.34,17.28
109,TOLZ.K,ProShares DJ Brookfield Global Infrastructure ETF,5,120,14,39,79,1.0,10.0,4.2,2.69,3.03,17.0
109,ROAM.K,Hartford Multifactor Emerging Markets ETF,5,120,14,39,79,1.0,10.0,4.2,4.94,1.62,18.74
109,RAAX.K,VanEck Inflation Allocation ETF,5,120,14,39,79,1.0,10.0,4.2,1.66,2.79,16.63
109,IQDY.K,FlexShares International Quality Div Dyn Idx,5,120,14,39,79,1.0,10.0,4.2,1.53,3.54,18.04
109,ASEA.K,Global X FTSE Southeast Asia ETF,5,120,14,39,79,1.0,10.0,4.2,2.22,1.84,18.25
109,DIM,WisdomTree International MidCap Dividend Fund,5,120,14,39,79,1.0,10.0,4.2,2.69,4.24,17.69
109,TLTE.K,FlexShares Morningstar Em Mkts Factors Tilt Idx,5,120,14,39,79,1.0,10.0,4.2,3.34,2.43,17.91
109,HEEM.K,iShares Currency Hedged MSCI Emerging Markets ETF,5,120,14,39,79,1.0,10.0,4.2,13.96,3.11,18.04
109,CVY,Invesco Zacks Multi-Asset Income ETF,5,120,14,39,79,1.0,10.0,4.2,1.65,4.25,18.14
109,EUDV.K,ProShares MSCI Europe Dividend Growers ETF,5,120,14,39,79,1.0,10.0,4.2,4.35,4.21,18.04
109,UEVM.O,VictoryShares Emerging Markets Value Momentum ETF,5,120,14,39,79,1.0,10.0,4.2,2.03,1.71,18.7
109,DIVY.K,Sound Equity Dividend Income ETF,5,120,14,39,79,1.0,10.0,4.2,5.78,3.26,18.75
109,VAMO.K,Cambria Value and Momentum ETF,5,120,14,39,79,1.0,10.0,4.2,2.41,3.21,18.44
109,FDEM.K,Fidelity Emerging Markets Multifactor ETF,5,120,14,39,79,1.0,10.0,4.2,3.6,2.96,18.03
109,DGRE.O,WisdomTree Emerging Markets Quality Dividend Gro,5,120,14,39,79,1.0,10.0,4.2,3.58,2.57,19.94
109,GDVD.K,Copper Place Global Dividend Growth ETF,5,120,14,39,79,1.0,10.0,4.2,0.0,2.23,20.03
109,FTXG.O,First Trust Nasdaq Food & Beverage ETF,5,120,14,39,79,1.0,10.0,4.2,0.0,3.68,17.02
109,EQUL.K,IQ Engender Equality ETF,5,120,14,39,79,1.0,10.0,4.2,0.0,1.95,17.77
109,EFAS.O,Global X MSCI SuperDividend EAFE ETF,5,120,14,39,79,1.0,10.0,4.2,-1.2,1.9,19.26
109,ISZE.K,iShares MSCI Intl Size Factor ETF,5,120,14,39,79,1.0,10.0,4.2,7.42,2.64,16.8
109,EMDV.K,ProShares MSCI Emerging Markets Dividend Grwrs ETF,5,120,14,39,79,1.0,10.0,4.2,0.0,2.94,19.07
109,MOTE.K,VanEck Morningstar ESG Moat ETF,5,120,14,39,79,1.0,10.0,4.2,0.0,3.79,18.16
109,DWAT.K,Arrow DWA Tactical: Macro ETF,5,120,14,39,79,1.0,10.0,4.2,1.76,3.04,17.46
109,UIVM.O,VictoryShares International Value Momentum ETF,5,120,14,39,79,1.0,10.0,4.2,1.75,1.29,17.59
109,CIL.O,VictoryShares International Volatility Wtd Idx ETF,5,120,14,39,79,1.0,10.0,4.2,11.17,4.38,18.02
109,DTRE.K,First Trust Alerian Disruptive Technology Real Est,5,120,14,39,79,1.0,10.0,4.2,1.35,4.01,18.49
109,RSPE.K,Invesco ESG S&P 500 Equal Weight ETF,5,120,14,39,79,1.0,10.0,4.2,0.0,2.9,17.39
109,ISVL.K,iShares Intl Developed Small Cap Value Factor ETF,5,120,14,39,79,1.0,10.0,4.2,11.91,3.17,17.27
109,BMED.K,BlackRock Future Health ETF,5,120,14,39,79,1.0,10.0,4.2,5.49,2.13,18.1
109,OEUR.K,ALPS O'Shares Europe Quality Dividend ETF,5,120,14,39,79,1.0,10.0,4.2,0.0,4.1,17.39
109,GGM,GGM Macro Alignment ETF,5,120,14,39,79,1.0,10.0,4.2,2.13,3.42,19.1
109,FLAX.K,Franklin FTSE Asia ex Japan ETF,5,120,14,39,79,1.0,10.0,4.2,1.95,2.52,19.94
109,RUFF.K,Alpha Dog ETF,5,120,14,39,79,1.0,10.0,4.2,26.16,2.21,18.84
109,RNEM.O,First Trust Emerging Markets Equity Select ETF,5,120,14,39,79,1.0,10.0,4.2,5.22,2.75,17.73
109,CVAR.K,Cultivar ETF,5,120,14,39,79,1.0,10.0,4.2,0.0,2.56,17.21
109,FJP.O,First Trust Japan AlphaDEX Fund,5,120,14,39,79,1.0,10.0,4.2,2.07,3.52,17.98
109,IDOG.K,Alps Internatl Sector Dividends Dogs ETF,5,120,14,39,79,1.0,10.0,4.2,3.12,3.45,17.51
109,VXUS.O,Vanguard Total International Stock Index Fund;ETF,5,120,14,39,79,1.0,10.0,4.2,4.1,3.47,17.94
109,YMAX.K,YieldMax Universe Fund of Option Income ETFs,5,120,14,39,79,1.0,10.0,4.2,0.0,2.5,18.72
109,DFIS.K,DFA Dimensional International Small Cap ETF,5,120,14,39,79,1.0,10.0,4.2,0.0,3.15,18.11
109,CTA,Simplify Managed Futures Strategy ETF,5,120,14,39,79,1.0,10.0,4.2,0.0,2.72,16.94
109,IDV,iShares International Select Dividend ETF,5,120,14,39,79,1.0,10.0,4.2,0.07,2.04,19.19
109,IYZ,iShares US Telecommunications ETF,5,120,14,39,79,1.0,10.0,4.2,-3.92,2.72,18.43
109,VSGX.K,Vanguard ESG International Stock ETF,5,120,14,39,79,1.0,10.0,4.2,11.89,4.43,18.44
109,IVLU.K,iShares MSCI Intl Value Factor ETF,5,120,14,39,79,1.0,10.0,4.2,7.85,3.38,18.51
109,ANGL.O,VanEck Fallen Angel High Yield Bond ETF,5,120,14,39,79,1.0,10.0,4.2,1.59,2.88,19.34
109,DGS,WisdomTree Emerging Markets SmallCap Dividend Fund,5,120,14,39,79,1.0,10.0,4.2,4.53,3.24,18.2
109,RWO,SPDR Dow Jones Global Real Estate ETF,5,120,14,39,79,1.0,10.0,4.2,2.21,3.94,18.44
109,REET.K,iShares Global REIT ETF,5,120,14,39,79,1.0,10.0,4.2,3.03,1.43,18.76
109,DFAE.K,DFA Dimensional Emerging Core Equity Market ETF,5,120,14,39,79,1.0,10.0,4.2,11.21,2.84,17.07
109,FLJP.K,Franklin FTSE Japan ETF,5,120,14,39,79,1.0,10.0,4.2,4.29,3.7,17.19
109,DBC,Invesco DB Commodity Index Tracking Fund,5,120,14,39,79,1.0,10.0,4.2,6.23,1.9,17.12
109,IEUR.K,iShares Core MSCI Europe ETF,5,120,14,39,79,1.0,10.0,4.2,5.07,3.52,18.79
109,EWH,iShares MSCI Hong Kong ETF,5,120,14,39,79,1.0,10.0,4.2,-27.96,2.09,19.19
109,EFV,iShares MSCI EAFE Value ETF,5,120,14,39,79,1.0,10.0,4.2,6.36,3.44,19.23
109,FYLD.K,Cambria Foreign Shareholder Yield ETF,5,120,14,39,79,1.0,10.0,4.2,1.55,2.47,18.05
109,GQRE.K,FlexShares Global Quality Real Estate Index Fund,5,120,14,39,79,1.0,10.0,4.2,-1.2,2.73,17.21
109,MOTI.K,VanEck Morningstar International Moat ETF,5,120,14,39,79,1.0,10.0,4.2,7.0,2.7,18.97
109,VIDI.K,Vident International Equity Strat ETF,5,120,14,39,79,1.0,10.0,4.2,3.15,1.91,17.77
109,SPRE.K,SP Funds S&P Global REIT Sharia ETF,5,120,14,39,79,1.0,10.0,4.2,0.0,2.3,19.4
109,GWX,SPDR S&P International Small Cap ETF,5,120,14,39,79,1.0,10.0,4.2,1.75,3.63,17.87
109,EUO,ProShares UltraShort Euro,5,120,14,39,79,1.0,10.0,4.2,8.69,3.43,16.81
109,DTH,WisdomTree International High Dividend,5,120,14,39,79,1.0,10.0,4.2,0.58,2.43,18.59
109,DOL,WisdomTree International LargeCap Dividend Fund,5,120,14,39,79,1.0,10.0,4.2,5.2,3.65,18.03
109,FIVA.K,Fidelity International Value Factor ETF,5,120,14,39,79,1.0,10.0,4.2,3.73,2.27,18.41
109,DBB,Invesco DB Base Metals Fund,5,120,14,39,79,1.0,10.0,4.2,2.33,2.45,19.18
109,FGD,First Trust Dow Jones Global Select Dividend Ix Fd,5,120,14,39,79,1.0,10.0,4.2,0.3,2.65,18.54
109,HDEF.K,Xtrackers MSCI EAFE Hi Dv Yld Eq ETF,5,120,14,39,79,1.0,10.0,4.2,12.48,1.94,17.22
109,INTF.K,iShares International Equity Factor ETF,5,120,14,39,79,1.0,10.0,4.2,16.91,3.8,17.7
109,JPEM.K,JPMorgan Diversified Return Emerging Mkts Eqty ETF,5,120,14,39,79,1.0,10.0,4.2,16.19,2.62,18.11
109,FDT.O,First Trust Developed Markets ex-US AlphaDEX Fund,5,120,14,39,79,1.0,10.0,4.2,10.09,2.73,18.34
109,EWX,SPDR S&P Emerging Markets Small Cap ETF,5,120,14,39,79,1.0,10.0,4.2,2.8,3.32,18.3
109,DWM,WisdomTree International Equity Fund,5,120,14,39,79,1.0,10.0,4.2,2.26,3.86,17.75
109,PID.O,Invesco International Dividend Achievers ETF,5,120,14,39,79,1.0,10.0,4.2,1.44,4.03,18.2
109,EEMS.K,iShares MSCI Emerging Markets Small-Cap ETF,5,120,14,39,79,1.0,10.0,4.2,5.42,3.79,18.75
109,DBP,Invesco DB Precious Metals Fund,5,120,14,39,79,1.0,10.0,4.2,2.45,4.3,17.68
109,FLDZ.K,RiverNorth Patriot ETF,5,120,14,39,79,1.0,10.0,4.2,0.0,3.8,18.08
109,EQUL.K,IQ Engender Equality ETF,5,120,14,49,74,1.0,10.0,4.16,9.83,1.95,17.77
109,JPEM.K,JPMorgan Diversified Return Emerging Mkts Eqty ETF,5,120,14,49,74,1.0,10.0,4.16,6.3,2.62,18.11
109,RWO,SPDR Dow Jones Global Real Estate ETF,5,120,14,49,74,1.0,10.0,4.16,2.07,3.94,18.44
109,GQRE.K,FlexShares Global Quality Real Estate Index Fund,5,120,14,49,74,1.0,10.0,4.16,0.1,2.73,17.21
109,HDEF.K,Xtrackers MSCI EAFE Hi Dv Yld Eq ETF,5,120,14,49,74,1.0,10.0,4.16,2.35,1.94,17.22
109,EEMS.K,iShares MSCI Emerging Markets Small-Cap ETF,5,120,14,49,74,1.0,10.0,4.16,9.4,3.79,18.75
109,PID.O,Invesco International Dividend Achievers ETF,5,120,14,49,74,1.0,10.0,4.16,1.44,4.03,18.2
109,DWM,WisdomTree International Equity Fund,5,120,14,49,74,1.0,10.0,4.16,2.16,3.86,17.75
109,EWX,SPDR S&P Emerging Markets Small Cap ETF,5,120,14,49,74,1.0,10.0,4.16,4.96,3.32,18.3
109,FDT.O,First Trust Developed Markets ex-US AlphaDEX Fund,5,120,14,49,74,1.0,10.0,4.16,4.47,2.73,18.34
109,INTF.K,iShares International Equity Factor ETF,5,120,14,49,74,1.0,10.0,4.16,5.72,3.8,17.7
109,MOTI.K,VanEck Morningstar International Moat ETF,5,120,14,49,74,1.0,10.0,4.16,4.45,2.7,18.97
109,FGD,First Trust Dow Jones Global Select Dividend Ix Fd,5,120,14,49,74,1.0,10.0,4.16,0.16,2.65,18.54
109,VIDI.K,Vident International Equity Strat ETF,5,120,14,49,74,1.0,10.0,4.16,2.2,1.91,17.77
109,DBB,Invesco DB Base Metals Fund,5,120,14,49,74,1.0,10.0,4.16,1.64,2.45,19.18
109,FIVA.K,Fidelity International Value Factor ETF,5,120,14,49,74,1.0,10.0,4.16,3.73,2.27,18.41
109,DOL,WisdomTree International LargeCap Dividend Fund,5,120,14,49,74,1.0,10.0,4.16,1.96,3.65,18.03
109,DTH,WisdomTree International High Dividend,5,120,14,49,74,1.0,10.0,4.16,0.52,2.43,18.59
109,EUO,ProShares UltraShort Euro,5,120,14,49,74,1.0,10.0,4.16,9.18,3.43,16.81
109,GWX,SPDR S&P International Small Cap ETF,5,120,14,49,74,1.0,10.0,4.16,1.75,3.63,17.87
109,FYLD.K,Cambria Foreign Shareholder Yield ETF,5,120,14,49,74,1.0,10.0,4.16,3.64,2.47,18.05
109,DFIS.K,DFA Dimensional International Small Cap ETF,5,120,14,49,74,1.0,10.0,4.16,12.17,3.15,18.11
109,CTA,Simplify Managed Futures Strategy ETF,5,120,14,49,74,1.0,10.0,4.16,1.98,2.72,16.94
109,IDV,iShares International Select Dividend ETF,5,120,14,49,74,1.0,10.0,4.16,-0.54,2.04,19.19
109,FLDZ.K,RiverNorth Patriot ETF,5,120,14,49,74,1.0,10.0,4.16,18.3,3.8,18.08
109,LOPP.K,Gabelli Love Our Planet & People ETF,5,120,14,49,74,1.0,10.0,4.16,2.72,3.75,17.55
109,IEMG.K,iShares Core MSCI Emerging Markets ETF,5,120,14,49,74,1.0,10.0,4.16,4.13,3.1,19.55
109,VXUS.O,Vanguard Total International Stock Index Fund;ETF,5,120,14,49,74,1.0,10.0,4.16,4.89,3.47,17.94
109,EFV,iShares MSCI EAFE Value ETF,5,120,14,49,74,1.0,10.0,4.16,1.73,3.44,19.23
109,EWH,iShares MSCI Hong Kong ETF,5,120,14,49,74,1.0,10.0,4.16,-0.46,2.09,19.19
109,IEUR.K,iShares Core MSCI Europe ETF,5,120,14,49,74,1.0,10.0,4.16,4.36,3.52,18.79
109,DBC,Invesco DB Commodity Index Tracking Fund,5,120,14,49,74,1.0,10.0,4.16,-2.48,1.9,17.12
109,FLJP.K,Franklin FTSE Japan ETF,5,120,14,49,74,1.0,10.0,4.16,4.29,3.7,17.19
109,DFAE.K,DFA Dimensional Emerging Core Equity Market ETF,5,120,14,49,74,1.0,10.0,4.16,-0.8,2.84,17.07
109,REET.K,iShares Global REIT ETF,5,120,14,49,74,1.0,10.0,4.16,-0.46,1.43,18.76
109,DGS,WisdomTree Emerging Markets SmallCap Dividend Fund,5,120,14,49,74,1.0,10.0,4.16,3.56,3.24,18.2
109,YMAX.K,YieldMax Universe Fund of Option Income ETFs,5,120,14,49,74,1.0,10.0,4.16,0.0,2.5,18.72
109,ANGL.O,VanEck Fallen Angel High Yield Bond ETF,5,120,14,49,74,1.0,10.0,4.16,0.51,2.88,19.34
109,IVLU.K,iShares MSCI Intl Value Factor ETF,5,120,14,49,74,1.0,10.0,4.16,3.48,3.38,18.51
109,VSGX.K,Vanguard ESG International Stock ETF,5,120,14,49,74,1.0,10.0,4.16,5.15,4.43,18.44
109,IYZ,iShares US Telecommunications ETF,5,120,14,49,74,1.0,10.0,4.16,0.32,2.72,18.43
109,SPRE.K,SP Funds S&P Global REIT Sharia ETF,5,120,14,49,74,1.0,10.0,4.16,-0.59,2.3,19.4
109,IDOG.K,Alps Internatl Sector Dividends Dogs ETF,5,120,14,49,74,1.0,10.0,4.16,1.13,3.45,17.51
109,OEUR.K,ALPS O'Shares Europe Quality Dividend ETF,5,120,14,49,74,1.0,10.0,4.16,4.76,4.1,17.39
109,HEEM.K,iShares Currency Hedged MSCI Emerging Markets ETF,5,120,14,49,74,1.0,10.0,4.16,5.49,3.11,18.04
109,ISVL.K,iShares Intl Developed Small Cap Value Factor ETF,5,120,14,49,74,1.0,10.0,4.16,11.91,3.17,17.27
109,CVAR.K,Cultivar ETF,5,120,14,49,74,1.0,10.0,4.16,5.04,2.56,17.21
109,RNEM.O,First Trust Emerging Markets Equity Select ETF,5,120,14,49,74,1.0,10.0,4.16,1.37,2.75,17.73
109,RUFF.K,Alpha Dog ETF,5,120,14,49,74,1.0,10.0,4.16,26.16,2.21,18.84
109,FLAX.K,Franklin FTSE Asia ex Japan ETF,5,120,14,49,74,1.0,10.0,4.16,1.95,2.52,19.94
109,GGM,GGM Macro Alignment ETF,5,120,14,49,74,1.0,10.0,4.16,0.9,3.42,19.1
109,BMED.K,BlackRock Future Health ETF,5,120,14,49,74,1.0,10.0,4.16,5.49,2.13,18.1
109,RSPE.K,Invesco ESG S&P 500 Equal Weight ETF,5,120,14,49,74,1.0,10.0,4.16,13.39,2.9,17.39
109,EFAS.O,Global X MSCI SuperDividend EAFE ETF,5,120,14,49,74,1.0,10.0,4.16,-1.63,1.9,19.26
109,DTRE.K,First Trust Alerian Disruptive Technology Real Est,5,120,14,49,74,1.0,10.0,4.16,2.6,4.01,18.49
109,CIL.O,VictoryShares International Volatility Wtd Idx ETF,5,120,14,49,74,1.0,10.0,4.16,5.66,4.38,18.02
109,UIVM.O,VictoryShares International Value Momentum ETF,5,120,14,49,74,1.0,10.0,4.16,1.57,1.29,17.59
109,DWAT.K,Arrow DWA Tactical: Macro ETF,5,120,14,49,74,1.0,10.0,4.16,3.79,3.04,17.46
109,MOTE.K,VanEck Morningstar ESG Moat ETF,5,120,14,49,74,1.0,10.0,4.16,12.52,3.79,18.16
109,EMDV.K,ProShares MSCI Emerging Markets Dividend Grwrs ETF,5,120,14,49,74,1.0,10.0,4.16,-3.52,2.94,19.07
109,OVF,Overlay Shares Foreign Equity ETF,5,120,14,49,74,1.0,10.0,4.16,12.41,2.07,16.94
109,DBP,Invesco DB Precious Metals Fund,5,120,14,49,74,1.0,10.0,4.16,4.74,4.3,17.68
109,FTXG.O,First Trust Nasdaq Food & Beverage ETF,5,120,14,49,74,1.0,10.0,4.16,7.32,3.68,17.02
109,ISZE.K,iShares MSCI Intl Size Factor ETF,5,120,14,49,74,1.0,10.0,4.16,2.53,2.64,16.8
109,GDVD.K,Copper Place Global Dividend Growth ETF,5,120,14,49,74,1.0,10.0,4.16,-0.71,2.23,20.03
109,TLTE.K,FlexShares Morningstar Em Mkts Factors Tilt Idx,5,120,14,49,74,1.0,10.0,4.16,3.63,2.43,17.91
109,RAYE.K,Rayliant Quantamental Emg Mrkt ex-China Eqty ETF,5,120,14,49,74,1.0,10.0,4.16,26.37,3.34,17.28
109,DGRE.O,WisdomTree Emerging Markets Quality Dividend Gro,5,120,14,49,74,1.0,10.0,4.16,3.15,2.57,19.94
109,FDEM.K,Fidelity Emerging Markets Multifactor ETF,5,120,14,49,74,1.0,10.0,4.16,3.6,2.96,18.03
109,VAMO.K,Cambria Value and Momentum ETF,5,120,14,49,74,1.0,10.0,4.16,2.41,3.21,18.44
109,DIVY.K,Sound Equity Dividend Income ETF,5,120,14,49,74,1.0,10.0,4.16,5.12,3.26,18.75
109,EUDV.K,ProShares MSCI Europe Dividend Growers ETF,5,120,14,49,74,1.0,10.0,4.16,4.35,4.21,18.04
109,CVY,Invesco Zacks Multi-Asset Income ETF,5,120,14,49,74,1.0,10.0,4.16,1.65,4.25,18.14
109,UEVM.O,VictoryShares Emerging Markets Value Momentum ETF,5,120,14,49,74,1.0,10.0,4.16,2.03,1.71,18.7
109,MKOR.K,Matthews Korea Active ETF,5,120,14,49,74,1.0,10.0,4.16,0.0,2.53,16.77
109,DIM,WisdomTree International MidCap Dividend Fund,5,120,14,49,74,1.0,10.0,4.16,4.34,4.24,17.69
109,FJP.O,First Trust Japan AlphaDEX Fund,5,120,14,49,74,1.0,10.0,4.16,5.19,3.52,17.98
109,ASEA.K,Global X FTSE Southeast Asia ETF,5,120,14,49,74,1.0,10.0,4.16,0.29,1.84,18.25
109,IQDY.K,FlexShares International Quality Div Dyn Idx,5,120,14,49,74,1.0,10.0,4.16,4.37,3.54,18.04
109,RAAX.K,VanEck Inflation Allocation ETF,5,120,14,49,74,1.0,10.0,4.16,1.66,2.79,16.63
109,ROAM.K,Hartford Multifactor Emerging Markets ETF,5,120,14,49,74,1.0,10.0,4.16,5.0,1.62,18.74
109,TOLZ.K,ProShares DJ Brookfield Global Infrastructure ETF,5,120,14,49,74,1.0,10.0,4.16,2.69,3.03,17.0
109,DBB,Invesco DB Base Metals Fund,5,60,14,49,74,1.0,10.0,3.98,1.75,2.45,19.18
109,DWM,WisdomTree International Equity Fund,5,60,14,49,74,1.0,10.0,3.98,2.11,3.86,17.75
109,EWX,SPDR S&P Emerging Markets Small Cap ETF,5,60,14,49,74,1.0,10.0,3.98,4.51,3.32,18.3
109,FDT.O,First Trust Developed Markets ex-US AlphaDEX Fund,5,60,14,49,74,1.0,10.0,3.98,5.35,2.73,18.34
109,JPEM.K,JPMorgan Diversified Return Emerging Mkts Eqty ETF,5,60,14,49,74,1.0,10.0,3.98,6.64,2.62,18.11
109,INTF.K,iShares International Equity Factor ETF,5,60,14,49,74,1.0,10.0,3.98,6.13,3.8,17.7
109,FGD,First Trust Dow Jones Global Select Dividend Ix Fd,5,60,14,49,74,1.0,10.0,3.98,0.1,2.65,18.54
109,VIDI.K,Vident International Equity Strat ETF,5,60,14,49,74,1.0,10.0,3.98,1.72,1.91,17.77
109,IDOG.K,Alps Internatl Sector Dividends Dogs ETF,5,60,14,49,74,1.0,10.0,3.98,1.44,3.45,17.51
109,FIVA.K,Fidelity International Value Factor ETF,5,60,14,49,74,1.0,10.0,3.98,3.83,2.27,18.41
109,DOL,WisdomTree International LargeCap Dividend Fund,5,60,14,49,74,1.0,10.0,3.98,1.78,3.65,18.03
109,DTH,WisdomTree International High Dividend,5,60,14,49,74,1.0,10.0,3.98,0.26,2.43,18.59
109,EUO,ProShares UltraShort Euro,5,60,14,49,74,1.0,10.0,3.98,9.43,3.43,16.81
109,GWX,SPDR S&P International Small Cap ETF,5,60,14,49,74,1.0,10.0,3.98,1.17,3.63,17.87
109,SPRE.K,SP Funds S&P Global REIT Sharia ETF,5,60,14,49,74,1.0,10.0,3.98,-6.24,2.3,19.4
109,MOTI.K,VanEck Morningstar International Moat ETF,5,60,14,49,74,1.0,10.0,3.98,4.43,2.7,18.97
109,EEMS.K,iShares MSCI Emerging Markets Small-Cap ETF,5,60,14,49,74,1.0,10.0,3.98,9.15,3.79,18.75
109,IEMG.K,iShares Core MSCI Emerging Markets ETF,5,60,14,49,74,1.0,10.0,3.98,4.16,3.1,19.55
109,EWH,iShares MSCI Hong Kong ETF,5,60,14,49,74,1.0,10.0,3.98,-0.47,2.09,19.19
109,HDEF.K,Xtrackers MSCI EAFE Hi Dv Yld Eq ETF,5,60,14,49,74,1.0,10.0,3.98,0.89,1.94,17.22
109,GQRE.K,FlexShares Global Quality Real Estate Index Fund,5,60,14,49,74,1.0,10.0,3.98,0.22,2.73,17.21
109,FJP.O,First Trust Japan AlphaDEX Fund,5,60,14,49,74,1.0,10.0,3.98,5.25,3.52,17.98
109,IEUR.K,iShares Core MSCI Europe ETF,5,60,14,49,74,1.0,10.0,3.98,3.44,3.52,18.79
109,DBC,Invesco DB Commodity Index Tracking Fund,5,60,14,49,74,1.0,10.0,3.98,-1.77,1.9,17.12
109,FLJP.K,Franklin FTSE Japan ETF,5,60,14,49,74,1.0,10.0,3.98,4.32,3.7,17.19
109,DFAE.K,DFA Dimensional Emerging Core Equity Market ETF,5,60,14,49,74,1.0,10.0,3.98,-0.62,2.84,17.07
109,REET.K,iShares Global REIT ETF,5,60,14,49,74,1.0,10.0,3.98,-0.29,1.43,18.76
109,DGS,WisdomTree Emerging Markets SmallCap Dividend Fund,5,60,14,49,74,1.0,10.0,3.98,3.77,3.24,18.2
109,YMAX.K,YieldMax Universe Fund of Option Income ETFs,5,60,14,49,74,1.0,10.0,3.98,0.0,2.5,18.72
109,ANGL.O,VanEck Fallen Angel High Yield Bond ETF,5,60,14,49,74,1.0,10.0,3.98,0.65,2.88,19.34
109,IVLU.K,iShares MSCI Intl Value Factor ETF,5,60,14,49,74,1.0,10.0,3.98,6.87,3.38,18.51
109,VSGX.K,Vanguard ESG International Stock ETF,5,60,14,49,74,1.0,10.0,3.98,7.6,4.43,18.44
109,IYZ,iShares US Telecommunications ETF,5,60,14,49,74,1.0,10.0,3.98,0.19,2.72,18.43
109,IDV,iShares International Select Dividend ETF,5,60,14,49,74,1.0,10.0,3.98,-0.58,2.04,19.19
109,CTA,Simplify Managed Futures Strategy ETF,5,60,14,49,74,1.0,10.0,3.98,3.3,2.72,16.94
109,DFIS.K,DFA Dimensional International Small Cap ETF,5,60,14,49,74,1.0,10.0,3.98,10.79,3.15,18.11
109,FYLD.K,Cambria Foreign Shareholder Yield ETF,5,60,14,49,74,1.0,10.0,3.98,4.31,2.47,18.05
109,RWO,SPDR Dow Jones Global Real Estate ETF,5,60,14,49,74,1.0,10.0,3.98,2.66,3.94,18.44
109,DBP,Invesco DB Precious Metals Fund,5,60,14,49,74,1.0,10.0,3.98,5.88,4.3,17.68
109,ISVL.K,iShares Intl Developed Small Cap Value Factor ETF,5,60,14,49,74,1.0,10.0,3.98,8.87,3.17,17.27
109,DGRE.O,WisdomTree Emerging Markets Quality Dividend Gro,5,60,14,49,74,1.0,10.0,3.98,3.32,2.57,19.94
109,FDEM.K,Fidelity Emerging Markets Multifactor ETF,5,60,14,49,74,1.0,10.0,3.98,6.27,2.96,18.03
109,FLAX.K,Franklin FTSE Asia ex Japan ETF,5,60,14,49,74,1.0,10.0,3.98,1.9,2.52,19.94
109,GGM,GGM Macro Alignment ETF,5,60,14,49,74,1.0,10.0,3.98,0.88,3.42,19.1
109,OEUR.K,ALPS O'Shares Europe Quality Dividend ETF,5,60,14,49,74,1.0,10.0,3.98,5.11,4.1,17.39
109,BMED.K,BlackRock Future Health ETF,5,60,14,49,74,1.0,10.0,3.98,0.82,2.13,18.1
109,RSPE.K,Invesco ESG S&P 500 Equal Weight ETF,5,60,14,49,74,1.0,10.0,3.98,9.75,2.9,17.39
109,EFAS.O,Global X MSCI SuperDividend EAFE ETF,5,60,14,49,74,1.0,10.0,3.98,-1.12,1.9,19.26
109,DTRE.K,First Trust Alerian Disruptive Technology Real Est,5,60,14,49,74,1.0,10.0,3.98,2.49,4.01,18.49
109,CIL.O,VictoryShares International Volatility Wtd Idx ETF,5,60,14,49,74,1.0,10.0,3.98,6.46,4.38,18.02
109,UIVM.O,VictoryShares International Value Momentum ETF,5,60,14,49,74,1.0,10.0,3.98,2.12,1.29,17.59
109,DWAT.K,Arrow DWA Tactical: Macro ETF,5,60,14,49,74,1.0,10.0,3.98,3.86,3.04,17.46
109,MOTE.K,VanEck Morningstar ESG Moat ETF,5,60,14,49,74,1.0,10.0,3.98,12.59,3.79,18.16
109,EMDV.K,ProShares MSCI Emerging Markets Dividend Grwrs ETF,5,60,14,49,74,1.0,10.0,3.98,-3.08,2.94,19.07
109,ISZE.K,iShares MSCI Intl Size Factor ETF,5,60,14,49,74,1.0,10.0,3.98,3.11,2.64,16.8
109,OVF,Overlay Shares Foreign Equity ETF,5,60,14,49,74,1.0,10.0,3.98,0.42,2.07,16.94
109,LOPP.K,Gabelli Love Our Planet & People ETF,5,60,14,49,74,1.0,10.0,3.98,4.24,3.75,17.55
109,EQUL.K,IQ Engender Equality ETF,5,60,14,49,74,1.0,10.0,3.98,9.06,1.95,17.77
109,FLDZ.K,RiverNorth Patriot ETF,5,60,14,49,74,1.0,10.0,3.98,19.83,3.8,18.08
109,RUFF.K,Alpha Dog ETF,5,60,14,49,74,1.0,10.0,3.98,25.41,2.21,18.84
109,RNEM.O,First Trust Emerging Markets Equity Select ETF,5,60,14,49,74,1.0,10.0,3.98,0.6,2.75,17.73
109,CVAR.K,Cultivar ETF,5,60,14,49,74,1.0,10.0,3.98,6.35,2.56,17.21
109,DIM,WisdomTree International MidCap Dividend Fund,5,60,14,49,74,1.0,10.0,3.98,4.45,4.24,17.69
109,VAMO.K,Cambria Value and Momentum ETF,5,60,14,49,74,1.0,10.0,3.98,2.35,3.21,18.44
109,DIVY.K,Sound Equity Dividend Income ETF,5,60,14,49,74,1.0,10.0,3.98,1.32,3.26,18.75
109,UEVM.O,VictoryShares Emerging Markets Value Momentum ETF,5,60,14,49,74,1.0,10.0,3.98,2.14,1.71,18.7
109,EUDV.K,ProShares MSCI Europe Dividend Growers ETF,5,60,14,49,74,1.0,10.0,3.98,4.65,4.21,18.04
109,CVY,Invesco Zacks Multi-Asset Income ETF,5,60,14,49,74,1.0,10.0,3.98,2.05,4.25,18.14
109,TLTE.K,FlexShares Morningstar Em Mkts Factors Tilt Idx,5,60,14,49,74,1.0,10.0,3.98,3.71,2.43,17.91
109,MKOR.K,Matthews Korea Active ETF,5,60,14,49,74,1.0,10.0,3.98,0.0,2.53,16.77
109,ASEA.K,Global X FTSE Southeast Asia ETF,5,60,14,49,74,1.0,10.0,3.98,0.07,1.84,18.25
109,FTXG.O,First Trust Nasdaq Food & Beverage ETF,5,60,14,49,74,1.0,10.0,3.98,8.1,3.68,17.02
109,IQDY.K,FlexShares International Quality Div Dyn Idx,5,60,14,49,74,1.0,10.0,3.98,4.59,3.54,18.04
109,RAAX.K,VanEck Inflation Allocation ETF,5,60,14,49,74,1.0,10.0,3.98,2.06,2.79,16.63
109,ROAM.K,Hartford Multifactor Emerging Markets ETF,5,60,14,49,74,1.0,10.0,3.98,4.67,1.62,18.74
109,TOLZ.K,ProShares DJ Brookfield Global Infrastructure ETF,5,60,14,49,74,1.0,10.0,3.98,1.77,3.03,17.0
109,RAYE.K,Rayliant Quantamental Emg Mrkt ex-China Eqty ETF,5,60,14,49,74,1.0,10.0,3.98,27.82,3.34,17.28
109,GDVD.K,Copper Place Global Dividend Growth ETF,5,60,14,49,74,1.0,10.0,3.98,-0.25,2.23,20.03
109,HEEM.K,iShares Currency Hedged MSCI Emerging Markets ETF,5,60,14,49,74,1.0,10.0,3.98,4.3,3.11,18.04
109,EFV,iShares MSCI EAFE Value ETF,5,60,14,49,74,1.0,10.0,3.98,1.58,3.44,19.23
109,PID.O,Invesco International Dividend Achievers ETF,5,60,14,49,74,1.0,10.0,3.98,1.85,4.03,18.2
109,VXUS.O,Vanguard Total International Stock Index Fund;ETF,5,60,14,49,74,1.0,10.0,3.98,5.52,3.47,17.94
109,IQDY.K,FlexShares International Quality Div Dyn Idx,5,120,14,34,79,1.0,10.0,3.96,4.02,3.54,18.04
109,ISVL.K,iShares Intl Developed Small Cap Value Factor ETF,5,120,14,34,79,1.0,10.0,3.96,11.91,3.17,17.27
109,FTXG.O,First Trust Nasdaq Food & Beverage ETF,5,120,14,34,79,1.0,10.0,3.96,0.0,3.68,17.02
109,HEEM.K,iShares Currency Hedged MSCI Emerging Markets ETF,5,120,14,34,79,1.0,10.0,3.96,18.02,3.11,18.04
109,GDVD.K,Copper Place Global Dividend Growth ETF,5,120,14,34,79,1.0,10.0,3.96,0.0,2.23,20.03
109,RAYE.K,Rayliant Quantamental Emg Mrkt ex-China Eqty ETF,5,120,14,34,79,1.0,10.0,3.96,26.37,3.34,17.28
109,TOLZ.K,ProShares DJ Brookfield Global Infrastructure ETF,5,120,14,34,79,1.0,10.0,3.96,2.69,3.03,17.0
109,ROAM.K,Hartford Multifactor Emerging Markets ETF,5,120,14,34,79,1.0,10.0,3.96,14.93,1.62,18.74
109,RAAX.K,VanEck Inflation Allocation ETF,5,120,14,34,79,1.0,10.0,3.96,1.66,2.79,16.63
109,ASEA.K,Global X FTSE Southeast Asia ETF,5,120,14,34,79,1.0,10.0,3.96,2.22,1.84,18.25
109,DGRE.O,WisdomTree Emerging Markets Quality Dividend Gro,5,120,14,34,79,1.0,10.0,3.96,3.58,2.57,19.94
109,DIM,WisdomTree International MidCap Dividend Fund,5,120,14,34,79,1.0,10.0,3.96,0.0,4.24,17.69
109,MKOR.K,Matthews Korea Active ETF,5,120,14,34,79,1.0,10.0,3.96,0.0,2.53,16.77
109,TLTE.K,FlexShares Morningstar Em Mkts Factors Tilt Idx,5,120,14,34,79,1.0,10.0,3.96,3.34,2.43,17.91
109,CVY,Invesco Zacks Multi-Asset Income ETF,5,120,14,34,79,1.0,10.0,3.96,3.84,4.25,18.14
109,EUDV.K,ProShares MSCI Europe Dividend Growers ETF,5,120,14,34,79,1.0,10.0,3.96,0.0,4.21,18.04
109,UEVM.O,VictoryShares Emerging Markets Value Momentum ETF,5,120,14,34,79,1.0,10.0,3.96,2.03,1.71,18.7
109,DIVY.K,Sound Equity Dividend Income ETF,5,120,14,34,79,1.0,10.0,3.96,0.0,3.26,18.75
109,VAMO.K,Cambria Value and Momentum ETF,5,120,14,34,79,1.0,10.0,3.96,2.41,3.21,18.44
109,CVAR.K,Cultivar ETF,5,120,14,34,79,1.0,10.0,3.96,0.0,2.56,17.21
109,RNEM.O,First Trust Emerging Markets Equity Select ETF,5,120,14,34,79,1.0,10.0,3.96,0.0,2.75,17.73
109,RUFF.K,Alpha Dog ETF,5,120,14,34,79,1.0,10.0,3.96,26.16,2.21,18.84
109,FLAX.K,Franklin FTSE Asia ex Japan ETF,5,120,14,34,79,1.0,10.0,3.96,0.0,2.52,19.94
109,VXUS.O,Vanguard Total International Stock Index Fund;ETF,5,120,14,34,79,1.0,10.0,3.96,4.1,3.47,17.94
109,FLDZ.K,RiverNorth Patriot ETF,5,120,14,34,79,1.0,10.0,3.96,0.0,3.8,18.08
109,EQUL.K,IQ Engender Equality ETF,5,120,14,34,79,1.0,10.0,3.96,0.0,1.95,17.77
109,LOPP.K,Gabelli Love Our Planet & People ETF,5,120,14,34,79,1.0,10.0,3.96,0.0,3.75,17.55
109,OVF,Overlay Shares Foreign Equity ETF,5,120,14,34,79,1.0,10.0,3.96,12.41,2.07,16.94
109,ISZE.K,iShares MSCI Intl Size Factor ETF,5,120,14,34,79,1.0,10.0,3.96,0.0,2.64,16.8
109,EMDV.K,ProShares MSCI Emerging Markets Dividend Grwrs ETF,5,120,14,34,79,1.0,10.0,3.96,0.0,2.94,19.07
109,MOTE.K,VanEck Morningstar ESG Moat ETF,5,120,14,34,79,1.0,10.0,3.96,0.0,3.79,18.16
109,DWAT.K,Arrow DWA Tactical: Macro ETF,5,120,14,34,79,1.0,10.0,3.96,0.0,3.04,17.46
109,UIVM.O,VictoryShares International Value Momentum ETF,5,120,14,34,79,1.0,10.0,3.96,0.0,1.29,17.59
109,CIL.O,VictoryShares International Volatility Wtd Idx ETF,5,120,14,34,79,1.0,10.0,3.96,0.0,4.38,18.02
109,DTRE.K,First Trust Alerian Disruptive Technology Real Est,5,120,14,34,79,1.0,10.0,3.96,0.0,4.01,18.49
109,EFAS.O,Global X MSCI SuperDividend EAFE ETF,5,120,14,34,79,1.0,10.0,3.96,0.0,1.9,19.26
109,RSPE.K,Invesco ESG S&P 500 Equal Weight ETF,5,120,14,34,79,1.0,10.0,3.96,0.0,2.9,17.39
109,BMED.K,BlackRock Future Health ETF,5,120,14,34,79,1.0,10.0,3.96,0.0,2.13,18.1
109,OEUR.K,ALPS O'Shares Europe Quality Dividend ETF,5,120,14,34,79,1.0,10.0,3.96,0.0,4.1,17.39
109,GGM,GGM Macro Alignment ETF,5,120,14,34,79,1.0,10.0,3.96,4.86,3.42,19.1
109,FDEM.K,Fidelity Emerging Markets Multifactor ETF,5,120,14,34,79,1.0,10.0,3.96,14.25,2.96,18.03
109,IEMG.K,iShares Core MSCI Emerging Markets ETF,5,120,14,34,79,1.0,10.0,3.96,24.81,3.1,19.55
109,FJP.O,First Trust Japan AlphaDEX Fund,5,120,14,34,79,1.0,10.0,3.96,17.21,3.52,17.98
109,HDEF.K,Xtrackers MSCI EAFE Hi Dv Yld Eq ETF,5,120,14,34,79,1.0,10.0,3.96,0.0,1.94,17.22
109,RWO,SPDR Dow Jones Global Real Estate ETF,5,120,14,34,79,1.0,10.0,3.96,0.0,3.94,18.44
109,FYLD.K,Cambria Foreign Shareholder Yield ETF,5,120,14,34,79,1.0,10.0,3.96,3.84,2.47,18.05
109,DFIS.K,DFA Dimensional International Small Cap ETF,5,120,14,34,79,1.0,10.0,3.96,0.0,3.15,18.11
109,CTA,Simplify Managed Futures Strategy ETF,5,120,14,34,79,1.0,10.0,3.96,0.0,2.72,16.94
109,IDV,iShares International Select Dividend ETF,5,120,14,34,79,1.0,10.0,3.96,0.07,2.04,19.19
109,IYZ,iShares US Telecommunications ETF,5,120,14,34,79,1.0,10.0,3.96,0.0,2.72,18.43
109,VSGX.K,Vanguard ESG International Stock ETF,5,120,14,34,79,1.0,10.0,3.96,11.89,4.43,18.44
109,ANGL.O,VanEck Fallen Angel High Yield Bond ETF,5,120,14,34,79,1.0,10.0,3.96,1.59,2.88,19.34
109,YMAX.K,YieldMax Universe Fund of Option Income ETFs,5,120,14,34,79,1.0,10.0,3.96,0.0,2.5,18.72
109,DGS,WisdomTree Emerging Markets SmallCap Dividend Fund,5,120,14,34,79,1.0,10.0,3.96,4.53,3.24,18.2
109,REET.K,iShares Global REIT ETF,5,120,14,34,79,1.0,10.0,3.96,0.0,1.43,18.76
109,DFAE.K,DFA Dimensional Emerging Core Equity Market ETF,5,120,14,34,79,1.0,10.0,3.96,0.0,2.84,17.07
109,FLJP.K,Franklin FTSE Japan ETF,5,120,14,34,79,1.0,10.0,3.96,14.63,3.7,17.19
109,DBC,Invesco DB Commodity Index Tracking Fund,5,120,14,34,79,1.0,10.0,3.96,6.23,1.9,17.12
109,IEUR.K,iShares Core MSCI Europe ETF,5,120,14,34,79,1.0,10.0,3.96,0.0,3.52,18.79
109,EWH,iShares MSCI Hong Kong ETF,5,120,14,34,79,1.0,10.0,3.96,0.0,2.09,19.19
109,EFV,iShares MSCI EAFE Value ETF,5,120,14,34,79,1.0,10.0,3.96,0.0,3.44,19.23
109,GQRE.K,FlexShares Global Quality Real Estate Index Fund,5,120,14,34,79,1.0,10.0,3.96,0.0,2.73,17.21
109,IVLU.K,iShares MSCI Intl Value Factor ETF,5,120,14,34,79,1.0,10.0,3.96,0.0,3.38,18.51
109,EEMS.K,iShares MSCI Emerging Markets Small-Cap ETF,5,120,14,34,79,1.0,10.0,3.96,5.42,3.79,18.75
109,FIVA.K,Fidelity International Value Factor ETF,5,120,14,34,79,1.0,10.0,3.96,0.0,2.27,18.41
109,PID.O,Invesco International Dividend Achievers ETF,5,120,14,34,79,1.0,10.0,3.96,3.39,4.03,18.2
109,IDOG.K,Alps Internatl Sector Dividends Dogs ETF,5,120,14,34,79,1.0,10.0,3.96,3.12,3.45,17.51
109,MOTI.K,VanEck Morningstar International Moat ETF,5,120,14,34,79,1.0,10.0,3.96,0.0,2.7,18.97
109,SPRE.K,SP Funds S&P Global REIT Sharia ETF,5,120,14,34,79,1.0,10.0,3.96,0.0,2.3,19.4
109,GWX,SPDR S&P International Small Cap ETF,5,120,14,34,79,1.0,10.0,3.96,0.0,3.63,17.87
109,EUO,ProShares UltraShort Euro,5,120,14,34,79,1.0,10.0,3.96,12.93,3.43,16.81
109,DTH,WisdomTree International High Dividend,5,120,14,34,79,1.0,10.0,3.96,0.58,2.43,18.59
109,DOL,WisdomTree International LargeCap Dividend Fund,5,120,14,34,79,1.0,10.0,3.96,0.0,3.65,18.03
109,DBP,Invesco DB Precious Metals Fund,5,120,14,34,79,1.0,10.0,3.96,0.0,4.3,17.68
109,DBB,Invesco DB Base Metals Fund,5,120,14,34,79,1.0,10.0,3.96,12.85,2.45,19.18
109,JPEM.K,JPMorgan Diversified Return Emerging Mkts Eqty ETF,5,120,14,34,79,1.0,10.0,3.96,23.01,2.62,18.11
109,VIDI.K,Vident International Equity Strat ETF,5,120,14,34,79,1.0,10.0,3.96,7.26,1.91,17.77
109,EWX,SPDR S&P Emerging Markets Small Cap ETF,5,120,14,34,79,1.0,10.0,3.96,2.8,3.32,18.3
109,FDT.O,First Trust Developed Markets ex-US AlphaDEX Fund,5,120,14,34,79,1.0,10.0,3.96,9.65,2.73,18.34
109,DWM,WisdomTree International Equity Fund,5,120,14,34,79,1.0,10.0,3.96,0.0,3.86,17.75
109,INTF.K,iShares International Equity Factor ETF,5,120,14,34,79,1.0,10.0,3.96,0.0,3.8,17.7
109,FGD,First Trust Dow Jones Global Select Dividend Ix Fd,5,120,14,34,79,1.0,10.0,3.96,0.0,2.65,18.54
109,ASEA.K,Global X FTSE Southeast Asia ETF,5,120,14,49,79,1.0,10.0,3.78,-0.76,1.84,18.25
109,HEEM.K,iShares Currency Hedged MSCI Emerging Markets ETF,5,120,14,49,79,1.0,10.0,3.78,6.17,3.11,18.04
109,GDVD.K,Copper Place Global Dividend Growth ETF,5,120,14,49,79,1.0,10.0,3.78,-0.71,2.23,20.03
109,RAYE.K,Rayliant Quantamental Emg Mrkt ex-China Eqty ETF,5,120,14,49,79,1.0,10.0,3.78,26.37,3.34,17.28
109,TOLZ.K,ProShares DJ Brookfield Global Infrastructure ETF,5,120,14,49,79,1.0,10.0,3.78,2.69,3.03,17.0
109,FTXG.O,First Trust Nasdaq Food & Beverage ETF,5,120,14,49,79,1.0,10.0,3.78,2.29,3.68,17.02
109,ROAM.K,Hartford Multifactor Emerging Markets ETF,5,120,14,49,79,1.0,10.0,3.78,1.84,1.62,18.74
109,RAAX.K,VanEck Inflation Allocation ETF,5,120,14,49,79,1.0,10.0,3.78,1.66,2.79,16.63
109,IQDY.K,FlexShares International Quality Div Dyn Idx,5,120,14,49,79,1.0,10.0,3.78,1.53,3.54,18.04
109,CVY,Invesco Zacks Multi-Asset Income ETF,5,120,14,49,79,1.0,10.0,3.78,1.65,4.25,18.14
109,DIM,WisdomTree International MidCap Dividend Fund,5,120,14,49,79,1.0,10.0,3.78,2.69,4.24,17.69
109,MKOR.K,Matthews Korea Active ETF,5,120,14,49,79,1.0,10.0,3.78,0.0,2.53,16.77
109,TLTE.K,FlexShares Morningstar Em Mkts Factors Tilt Idx,5,120,14,49,79,1.0,10.0,3.78,0.76,2.43,17.91
109,EUDV.K,ProShares MSCI Europe Dividend Growers ETF,5,120,14,49,79,1.0,10.0,3.78,4.35,4.21,18.04
109,UEVM.O,VictoryShares Emerging Markets Value Momentum ETF,5,120,14,49,79,1.0,10.0,3.78,2.03,1.71,18.7
109,DIVY.K,Sound Equity Dividend Income ETF,5,120,14,49,79,1.0,10.0,3.78,5.78,3.26,18.75
109,VAMO.K,Cambria Value and Momentum ETF,5,120,14,49,79,1.0,10.0,3.78,2.41,3.21,18.44
109,ISVL.K,iShares Intl Developed Small Cap Value Factor ETF,5,120,14,49,79,1.0,10.0,3.78,11.91,3.17,17.27
109,FDEM.K,Fidelity Emerging Markets Multifactor ETF,5,120,14,49,79,1.0,10.0,3.78,3.6,2.96,18.03
109,EQUL.K,IQ Engender Equality ETF,5,120,14,49,79,1.0,10.0,3.78,9.83,1.95,17.77
109,CVAR.K,Cultivar ETF,5,120,14,49,79,1.0,10.0,3.78,5.04,2.56,17.21
109,RNEM.O,First Trust Emerging Markets Equity Select ETF,5,120,14,49,79,1.0,10.0,3.78,1.37,2.75,17.73
109,FJP.O,First Trust Japan AlphaDEX Fund,5,120,14,49,79,1.0,10.0,3.78,5.48,3.52,17.98
109,LOPP.K,Gabelli Love Our Planet & People ETF,5,120,14,49,79,1.0,10.0,3.78,2.72,3.75,17.55
109,OVF,Overlay Shares Foreign Equity ETF,5,120,14,49,79,1.0,10.0,3.78,12.41,2.07,16.94
109,ISZE.K,iShares MSCI Intl Size Factor ETF,5,120,14,49,79,1.0,10.0,3.78,3.35,2.64,16.8
109,EMDV.K,ProShares MSCI Emerging Markets Dividend Grwrs ETF,5,120,14,49,79,1.0,10.0,3.78,-3.52,2.94,19.07
109,MOTE.K,VanEck Morningstar ESG Moat ETF,5,120,14,49,79,1.0,10.0,3.78,12.52,3.79,18.16
109,DWAT.K,Arrow DWA Tactical: Macro ETF,5,120,14,49,79,1.0,10.0,3.78,1.76,3.04,17.46
109,UIVM.O,VictoryShares International Value Momentum ETF,5,120,14,49,79,1.0,10.0,3.78,1.57,1.29,17.59
109,CIL.O,VictoryShares International Volatility Wtd Idx ETF,5,120,14,49,79,1.0,10.0,3.78,6.5,4.38,18.02
109,DTRE.K,First Trust Alerian Disruptive Technology Real Est,5,120,14,49,79,1.0,10.0,3.78,1.78,4.01,18.49
109,EFAS.O,Global X MSCI SuperDividend EAFE ETF,5,120,14,49,79,1.0,10.0,3.78,-1.63,1.9,19.26
109,RSPE.K,Invesco ESG S&P 500 Equal Weight ETF,5,120,14,49,79,1.0,10.0,3.78,13.39,2.9,17.39
109,BMED.K,BlackRock Future Health ETF,5,120,14,49,79,1.0,10.0,3.78,5.49,2.13,18.1
109,OEUR.K,ALPS O'Shares Europe Quality Dividend ETF,5,120,14,49,79,1.0,10.0,3.78,4.76,4.1,17.39
109,GGM,GGM Macro Alignment ETF,5,120,14,49,79,1.0,10.0,3.78,1.62,3.42,19.1
109,FLAX.K,Franklin FTSE Asia ex Japan ETF,5,120,14,49,79,1.0,10.0,3.78,1.95,2.52,19.94
109,RUFF.K,Alpha Dog ETF,5,120,14,49,79,1.0,10.0,3.78,26.16,2.21,18.84
109,DGRE.O,WisdomTree Emerging Markets Quality Dividend Gro,5,120,14,49,79,1.0,10.0,3.78,0.71,2.57,19.94
109,HDEF.K,Xtrackers MSCI EAFE Hi Dv Yld Eq ETF,5,120,14,49,79,1.0,10.0,3.78,2.35,1.94,17.22
109,DBP,Invesco DB Precious Metals Fund,5,120,14,49,79,1.0,10.0,3.78,5.02,4.3,17.68
109,IDOG.K,Alps Internatl Sector Dividends Dogs ETF,5,120,14,49,79,1.0,10.0,3.78,1.13,3.45,17.51
109,DFIS.K,DFA Dimensional International Small Cap ETF,5,120,14,49,79,1.0,10.0,3.78,12.17,3.15,18.11
109,CTA,Simplify Managed Futures Strategy ETF,5,120,14,49,79,1.0,10.0,3.78,1.98,2.72,16.94
109,IDV,iShares International Select Dividend ETF,5,120,14,49,79,1.0,10.0,3.78,-0.54,2.04,19.19
109,IYZ,iShares US Telecommunications ETF,5,120,14,49,79,1.0,10.0,3.78,0.32,2.72,18.43
109,VSGX.K,Vanguard ESG International Stock ETF,5,120,14,49,79,1.0,10.0,3.78,5.15,4.43,18.44
109,IVLU.K,iShares MSCI Intl Value Factor ETF,5,120,14,49,79,1.0,10.0,3.78,3.48,3.38,18.51
109,ANGL.O,VanEck Fallen Angel High Yield Bond ETF,5,120,14,49,79,1.0,10.0,3.78,0.51,2.88,19.34
109,YMAX.K,YieldMax Universe Fund of Option Income ETFs,5,120,14,49,79,1.0,10.0,3.78,0.0,2.5,18.72
109,DGS,WisdomTree Emerging Markets SmallCap Dividend Fund,5,120,14,49,79,1.0,10.0,3.78,1.43,3.24,18.2
109,REET.K,iShares Global REIT ETF,5,120,14,49,79,1.0,10.0,3.78,-0.46,1.43,18.76
109,DFAE.K,DFA Dimensional Emerging Core Equity Market ETF,5,120,14,49,79,1.0,10.0,3.78,-0.8,2.84,17.07
109,FLJP.K,Franklin FTSE Japan ETF,5,120,14,49,79,1.0,10.0,3.78,4.29,3.7,17.19
109,DBC,Invesco DB Commodity Index Tracking Fund,5,120,14,49,79,1.0,10.0,3.78,0.64,1.9,17.12
109,IEUR.K,iShares Core MSCI Europe ETF,5,120,14,49,79,1.0,10.0,3.78,4.36,3.52,18.79
109,EWH,iShares MSCI Hong Kong ETF,5,120,14,49,79,1.0,10.0,3.78,-0.46,2.09,19.19
109,EFV,iShares MSCI EAFE Value ETF,5,120,14,49,79,1.0,10.0,3.78,1.73,3.44,19.23
109,VXUS.O,Vanguard Total International Stock Index Fund;ETF,5,120,14,49,79,1.0,10.0,3.78,3.11,3.47,17.94
109,FYLD.K,Cambria Foreign Shareholder Yield ETF,5,120,14,49,79,1.0,10.0,3.78,1.55,2.47,18.05
109,RWO,SPDR Dow Jones Global Real Estate ETF,5,120,14,49,79,1.0,10.0,3.78,1.63,3.94,18.44
109,GQRE.K,FlexShares Global Quality Real Estate Index Fund,5,120,14,49,79,1.0,10.0,3.78,0.1,2.73,17.21
109,DBB,Invesco DB Base Metals Fund,5,120,14,49,79,1.0,10.0,3.78,2.11,2.45,19.18
109,MOTI.K,VanEck Morningstar International Moat ETF,5,120,14,49,79,1.0,10.0,3.78,2.01,2.7,18.97
109,SPRE.K,SP Funds S&P Global REIT Sharia ETF,5,120,14,49,79,1.0,10.0,3.78,-0.59,2.3,19.4
109,GWX,SPDR S&P International Small Cap ETF,5,120,14,49,79,1.0,10.0,3.78,1.75,3.63,17.87
109,EUO,ProShares UltraShort Euro,5,120,14,49,79,1.0,10.0,3.78,7.51,3.43,16.81
109,DTH,WisdomTree International High Dividend,5,120,14,49,79,1.0,10.0,3.78,0.52,2.43,18.59
109,DOL,WisdomTree International LargeCap Dividend Fund,5,120,14,49,79,1.0,10.0,3.78,1.96,3.65,18.03
109,FIVA.K,Fidelity International Value Factor ETF,5,120,14,49,79,1.0,10.0,3.78,3.73,2.27,18.41
109,VIDI.K,Vident International Equity Strat ETF,5,120,14,49,79,1.0,10.0,3.78,3.15,1.91,17.77
109,EEMS.K,iShares MSCI Emerging Markets Small-Cap ETF,5,120,14,49,79,1.0,10.0,3.78,2.67,3.79,18.75
109,FGD,First Trust Dow Jones Global Select Dividend Ix Fd,5,120,14,49,79,1.0,10.0,3.78,0.16,2.65,18.54
109,INTF.K,iShares International Equity Factor ETF,5,120,14,49,79,1.0,10.0,3.78,6.43,3.8,17.7
109,JPEM.K,JPMorgan Diversified Return Emerging Mkts Eqty ETF,5,120,14,49,79,1.0,10.0,3.78,6.3,2.62,18.11
109,FDT.O,First Trust Developed Markets ex-US AlphaDEX Fund,5,120,14,49,79,1.0,10.0,3.78,5.19,2.73,18.34
109,EWX,SPDR S&P Emerging Markets Small Cap ETF,5,120,14,49,79,1.0,10.0,3.78,2.8,3.32,18.3
109,DWM,WisdomTree International Equity Fund,5,120,14,49,79,1.0,10.0,3.78,2.16,3.86,17.75
109,PID.O,Invesco International Dividend Achievers ETF,5,120,14,49,79,1.0,10.0,3.78,1.44,4.03,18.2
109,IEMG.K,iShares Core MSCI Emerging Markets ETF,5,120,14,49,79,1.0,10.0,3.78,4.13,3.1,19.55
109,FLDZ.K,RiverNorth Patriot ETF,5,120,14,49,79,1.0,10.0,3.78,18.3,3.8,18.08
109,FLDZ.K,RiverNorth Patriot ETF,5,60,14,39,79,1.0,10.0,3.71,0.0,3.8,18.08
109,FJP.O,First Trust Japan AlphaDEX Fund,5,60,14,39,79,1.0,10.0,3.71,6.28,3.52,17.98
109,PID.O,Invesco International Dividend Achievers ETF,5,60,14,39,79,1.0,10.0,3.71,1.85,4.03,18.2
109,DWM,WisdomTree International Equity Fund,5,60,14,39,79,1.0,10.0,3.71,2.11,3.86,17.75
109,EWX,SPDR S&P Emerging Markets Small Cap ETF,5,60,14,39,79,1.0,10.0,3.71,2.43,3.32,18.3
109,FDT.O,First Trust Developed Markets ex-US AlphaDEX Fund,5,60,14,39,79,1.0,10.0,3.71,6.04,2.73,18.34
109,JPEM.K,JPMorgan Diversified Return Emerging Mkts Eqty ETF,5,60,14,39,79,1.0,10.0,3.71,11.8,2.62,18.11
109,INTF.K,iShares International Equity Factor ETF,5,60,14,39,79,1.0,10.0,3.71,6.83,3.8,17.7
109,FGD,First Trust Dow Jones Global Select Dividend Ix Fd,5,60,14,39,79,1.0,10.0,3.71,0.1,2.65,18.54
109,VIDI.K,Vident International Equity Strat ETF,5,60,14,39,79,1.0,10.0,3.71,3.66,1.91,17.77
109,DBB,Invesco DB Base Metals Fund,5,60,14,39,79,1.0,10.0,3.71,2.61,2.45,19.18
109,FIVA.K,Fidelity International Value Factor ETF,5,60,14,39,79,1.0,10.0,3.71,3.83,2.27,18.41
109,DOL,WisdomTree International LargeCap Dividend Fund,5,60,14,39,79,1.0,10.0,3.71,1.78,3.65,18.03
109,DTH,WisdomTree International High Dividend,5,60,14,39,79,1.0,10.0,3.71,0.26,2.43,18.59
109,EUO,ProShares UltraShort Euro,5,60,14,39,79,1.0,10.0,3.71,8.92,3.43,16.81
109,GWX,SPDR S&P International Small Cap ETF,5,60,14,39,79,1.0,10.0,3.71,1.17,3.63,17.87
109,SPRE.K,SP Funds S&P Global REIT Sharia ETF,5,60,14,39,79,1.0,10.0,3.71,20.96,2.3,19.4
109,MOTI.K,VanEck Morningstar International Moat ETF,5,60,14,39,79,1.0,10.0,3.71,1.85,2.7,18.97
109,IDOG.K,Alps Internatl Sector Dividends Dogs ETF,5,60,14,39,79,1.0,10.0,3.71,2.41,3.45,17.51
109,EEMS.K,iShares MSCI Emerging Markets Small-Cap ETF,5,60,14,39,79,1.0,10.0,3.71,4.47,3.79,18.75
109,HDEF.K,Xtrackers MSCI EAFE Hi Dv Yld Eq ETF,5,60,14,39,79,1.0,10.0,3.71,3.07,1.94,17.22
109,GQRE.K,FlexShares Global Quality Real Estate Index Fund,5,60,14,39,79,1.0,10.0,3.71,-0.43,2.73,17.21
109,DGS,WisdomTree Emerging Markets SmallCap Dividend Fund,5,60,14,39,79,1.0,10.0,3.71,3.9,3.24,18.2
109,EFV,iShares MSCI EAFE Value ETF,5,60,14,39,79,1.0,10.0,3.71,1.58,3.44,19.23
109,EWH,iShares MSCI Hong Kong ETF,5,60,14,39,79,1.0,10.0,3.71,-0.47,2.09,19.19
109,IEUR.K,iShares Core MSCI Europe ETF,5,60,14,39,79,1.0,10.0,3.71,3.44,3.52,18.79
109,DBC,Invesco DB Commodity Index Tracking Fund,5,60,14,39,79,1.0,10.0,3.71,6.46,1.9,17.12
109,FLJP.K,Franklin FTSE Japan ETF,5,60,14,39,79,1.0,10.0,3.71,4.32,3.7,17.19
109,DFAE.K,DFA Dimensional Emerging Core Equity Market ETF,5,60,14,39,79,1.0,10.0,3.71,7.14,2.84,17.07
109,REET.K,iShares Global REIT ETF,5,60,14,39,79,1.0,10.0,3.71,3.87,1.43,18.76
109,YMAX.K,YieldMax Universe Fund of Option Income ETFs,5,60,14,39,79,1.0,10.0,3.71,0.0,2.5,18.72
109,RWO,SPDR Dow Jones Global Real Estate ETF,5,60,14,39,79,1.0,10.0,3.71,1.69,3.94,18.44
109,ANGL.O,VanEck Fallen Angel High Yield Bond ETF,5,60,14,39,79,1.0,10.0,3.71,1.89,2.88,19.34
109,IVLU.K,iShares MSCI Intl Value Factor ETF,5,60,14,39,79,1.0,10.0,3.71,3.77,3.38,18.51
109,VSGX.K,Vanguard ESG International Stock ETF,5,60,14,39,79,1.0,10.0,3.71,13.05,4.43,18.44
109,IYZ,iShares US Telecommunications ETF,5,60,14,39,79,1.0,10.0,3.71,-3.6,2.72,18.43
109,IDV,iShares International Select Dividend ETF,5,60,14,39,79,1.0,10.0,3.71,-0.58,2.04,19.19
109,CTA,Simplify Managed Futures Strategy ETF,5,60,14,39,79,1.0,10.0,3.71,0.0,2.72,16.94
109,DFIS.K,DFA Dimensional International Small Cap ETF,5,60,14,39,79,1.0,10.0,3.71,0.0,3.15,18.11
109,DBP,Invesco DB Precious Metals Fund,5,60,14,39,79,1.0,10.0,3.71,3.46,4.3,17.68
109,DGRE.O,WisdomTree Emerging Markets Quality Dividend Gro,5,60,14,39,79,1.0,10.0,3.71,3.05,2.57,19.94
109,IEMG.K,iShares Core MSCI Emerging Markets ETF,5,60,14,39,79,1.0,10.0,3.71,11.26,3.1,19.55
109,FDEM.K,Fidelity Emerging Markets Multifactor ETF,5,60,14,39,79,1.0,10.0,3.71,6.27,2.96,18.03
109,RUFF.K,Alpha Dog ETF,5,60,14,39,79,1.0,10.0,3.71,25.41,2.21,18.84
109,FLAX.K,Franklin FTSE Asia ex Japan ETF,5,60,14,39,79,1.0,10.0,3.71,1.9,2.52,19.94
109,GGM,GGM Macro Alignment ETF,5,60,14,39,79,1.0,10.0,3.71,2.32,3.42,19.1
109,OEUR.K,ALPS O'Shares Europe Quality Dividend ETF,5,60,14,39,79,1.0,10.0,3.71,6.27,4.1,17.39
109,BMED.K,BlackRock Future Health ETF,5,60,14,39,79,1.0,10.0,3.71,6.16,2.13,18.1
109,RSPE.K,Invesco ESG S&P 500 Equal Weight ETF,5,60,14,39,79,1.0,10.0,3.71,0.0,2.9,17.39
109,EFAS.O,Global X MSCI SuperDividend EAFE ETF,5,60,14,39,79,1.0,10.0,3.71,-1.12,1.9,19.26
109,DTRE.K,First Trust Alerian Disruptive Technology Real Est,5,60,14,39,79,1.0,10.0,3.71,1.78,4.01,18.49
109,CIL.O,VictoryShares International Volatility Wtd Idx ETF,5,60,14,39,79,1.0,10.0,3.71,3.75,4.38,18.02
109,UIVM.O,VictoryShares International Value Momentum ETF,5,60,14,39,79,1.0,10.0,3.71,2.12,1.29,17.59
109,DWAT.K,Arrow DWA Tactical: Macro ETF,5,60,14,39,79,1.0,10.0,3.71,1.47,3.04,17.46
109,MOTE.K,VanEck Morningstar ESG Moat ETF,5,60,14,39,79,1.0,10.0,3.71,0.0,3.79,18.16
109,EMDV.K,ProShares MSCI Emerging Markets Dividend Grwrs ETF,5,60,14,39,79,1.0,10.0,3.71,0.22,2.94,19.07
109,ISZE.K,iShares MSCI Intl Size Factor ETF,5,60,14,39,79,1.0,10.0,3.71,1.37,2.64,16.8
109,OVF,Overlay Shares Foreign Equity ETF,5,60,14,39,79,1.0,10.0,3.71,7.79,2.07,16.94
109,LOPP.K,Gabelli Love Our Planet & People ETF,5,60,14,39,79,1.0,10.0,3.71,4.24,3.75,17.55
109,EQUL.K,IQ Engender Equality ETF,5,60,14,39,79,1.0,10.0,3.71,0.0,1.95,17.77
109,RNEM.O,First Trust Emerging Markets Equity Select ETF,5,60,14,39,79,1.0,10.0,3.71,1.51,2.75,17.73
109,CVAR.K,Cultivar ETF,5,60,14,39,79,1.0,10.0,3.71,0.0,2.56,17.21
109,ISVL.K,iShares Intl Developed Small Cap Value Factor ETF,5,60,14,39,79,1.0,10.0,3.71,8.87,3.17,17.27
109,DIM,WisdomTree International MidCap Dividend Fund,5,60,14,39,79,1.0,10.0,3.71,2.49,4.24,17.69
109,VAMO.K,Cambria Value and Momentum ETF,5,60,14,39,79,1.0,10.0,3.71,2.35,3.21,18.44
109,DIVY.K,Sound Equity Dividend Income ETF,5,60,14,39,79,1.0,10.0,3.71,1.85,3.26,18.75
109,UEVM.O,VictoryShares Emerging Markets Value Momentum ETF,5,60,14,39,79,1.0,10.0,3.71,2.14,1.71,18.7
109,EUDV.K,ProShares MSCI Europe Dividend Growers ETF,5,60,14,39,79,1.0,10.0,3.71,4.65,4.21,18.04
109,CVY,Invesco Zacks Multi-Asset Income ETF,5,60,14,39,79,1.0,10.0,3.71,2.05,4.25,18.14
109,TLTE.K,FlexShares Morningstar Em Mkts Factors Tilt Idx,5,60,14,39,79,1.0,10.0,3.71,2.23,2.43,17.91
109,MKOR.K,Matthews Korea Active ETF,5,60,14,39,79,1.0,10.0,3.71,0.0,2.53,16.77
109,ASEA.K,Global X FTSE Southeast Asia ETF,5,60,14,39,79,1.0,10.0,3.71,1.59,1.84,18.25
109,FTXG.O,First Trust Nasdaq Food & Beverage ETF,5,60,14,39,79,1.0,10.0,3.71,-0.39,3.68,17.02
109,IQDY.K,FlexShares International Quality Div Dyn Idx,5,60,14,39,79,1.0,10.0,3.71,1.95,3.54,18.04
109,RAAX.K,VanEck Inflation Allocation ETF,5,60,14,39,79,1.0,10.0,3.71,2.06,2.79,16.63
109,ROAM.K,Hartford Multifactor Emerging Markets ETF,5,60,14,39,79,1.0,10.0,3.71,2.01,1.62,18.74
109,TOLZ.K,ProShares DJ Brookfield Global Infrastructure ETF,5,60,14,39,79,1.0,10.0,3.71,1.77,3.03,17.0
109,RAYE.K,Rayliant Quantamental Emg Mrkt ex-China Eqty ETF,5,60,14,39,79,1.0,10.0,3.71,27.82,3.34,17.28
109,GDVD.K,Copper Place Global Dividend Growth ETF,5,60,14,39,79,1.0,10.0,3.71,-0.25,2.23,20.03
109,HEEM.K,iShares Currency Hedged MSCI Emerging Markets ETF,5,60,14,39,79,1.0,10.0,3.71,8.36,3.11,18.04
109,VXUS.O,Vanguard Total International Stock Index Fund;ETF,5,60,14,39,79,1.0,10.0,3.71,3.51,3.47,17.94
109,FYLD.K,Cambria Foreign Shareholder Yield ETF,5,60,14,39,79,1.0,10.0,3.71,1.76,2.47,18.05
109,VXUS.O,Vanguard Total International Stock Index Fund;ETF,5,60,14,49,79,1.0,10.0,3.52,3.35,3.47,17.94
109,ASEA.K,Global X FTSE Southeast Asia ETF,5,60,14,49,79,1.0,10.0,3.52,-1.09,1.84,18.25
109,IEMG.K,iShares Core MSCI Emerging Markets ETF,5,60,14,49,79,1.0,10.0,3.52,4.16,3.1,19.55
109,HEEM.K,iShares Currency Hedged MSCI Emerging Markets ETF,5,60,14,49,79,1.0,10.0,3.52,4.98,3.11,18.04
109,GDVD.K,Copper Place Global Dividend Growth ETF,5,60,14,49,79,1.0,10.0,3.52,-0.25,2.23,20.03
109,RAYE.K,Rayliant Quantamental Emg Mrkt ex-China Eqty ETF,5,60,14,49,79,1.0,10.0,3.52,27.82,3.34,17.28
109,TOLZ.K,ProShares DJ Brookfield Global Infrastructure ETF,5,60,14,49,79,1.0,10.0,3.52,1.77,3.03,17.0
109,ROAM.K,Hartford Multifactor Emerging Markets ETF,5,60,14,49,79,1.0,10.0,3.52,2.01,1.62,18.74
109,RAAX.K,VanEck Inflation Allocation ETF,5,60,14,49,79,1.0,10.0,3.52,2.06,2.79,16.63
109,IQDY.K,FlexShares International Quality Div Dyn Idx,5,60,14,49,79,1.0,10.0,3.52,1.24,3.54,18.04
109,DIM,WisdomTree International MidCap Dividend Fund,5,60,14,49,79,1.0,10.0,3.52,2.49,4.24,17.69
109,FJP.O,First Trust Japan AlphaDEX Fund,5,60,14,49,79,1.0,10.0,3.52,5.53,3.52,17.98
109,MKOR.K,Matthews Korea Active ETF,5,60,14,49,79,1.0,10.0,3.52,0.0,2.53,16.77
109,TLTE.K,FlexShares Morningstar Em Mkts Factors Tilt Idx,5,60,14,49,79,1.0,10.0,3.52,1.03,2.43,17.91
109,CVY,Invesco Zacks Multi-Asset Income ETF,5,60,14,49,79,1.0,10.0,3.52,2.05,4.25,18.14
109,EUDV.K,ProShares MSCI Europe Dividend Growers ETF,5,60,14,49,79,1.0,10.0,3.52,4.65,4.21,18.04
109,UEVM.O,VictoryShares Emerging Markets Value Momentum ETF,5,60,14,49,79,1.0,10.0,3.52,2.14,1.71,18.7
109,DIVY.K,Sound Equity Dividend Income ETF,5,60,14,49,79,1.0,10.0,3.52,1.85,3.26,18.75
109,VAMO.K,Cambria Value and Momentum ETF,5,60,14,49,79,1.0,10.0,3.52,2.35,3.21,18.44
109,FDEM.K,Fidelity Emerging Markets Multifactor ETF,5,60,14,49,79,1.0,10.0,3.52,6.27,2.96,18.03
109,ISVL.K,iShares Intl Developed Small Cap Value Factor ETF,5,60,14,49,79,1.0,10.0,3.52,8.87,3.17,17.27
109,CVAR.K,Cultivar ETF,5,60,14,49,79,1.0,10.0,3.52,6.35,2.56,17.21
109,RNEM.O,First Trust Emerging Markets Equity Select ETF,5,60,14,49,79,1.0,10.0,3.52,0.6,2.75,17.73
109,RUFF.K,Alpha Dog ETF,5,60,14,49,79,1.0,10.0,3.52,25.41,2.21,18.84
109,FLDZ.K,RiverNorth Patriot ETF,5,60,14,49,79,1.0,10.0,3.52,19.83,3.8,18.08
109,EQUL.K,IQ Engender Equality ETF,5,60,14,49,79,1.0,10.0,3.52,9.06,1.95,17.77
109,LOPP.K,Gabelli Love Our Planet & People ETF,5,60,14,49,79,1.0,10.0,3.52,4.24,3.75,17.55
109,OVF,Overlay Shares Foreign Equity ETF,5,60,14,49,79,1.0,10.0,3.52,0.42,2.07,16.94
109,ISZE.K,iShares MSCI Intl Size Factor ETF,5,60,14,49,79,1.0,10.0,3.52,3.9,2.64,16.8
109,EMDV.K,ProShares MSCI Emerging Markets Dividend Grwrs ETF,5,60,14,49,79,1.0,10.0,3.52,-3.08,2.94,19.07
109,MOTE.K,VanEck Morningstar ESG Moat ETF,5,60,14,49,79,1.0,10.0,3.52,12.59,3.79,18.16
109,DWAT.K,Arrow DWA Tactical: Macro ETF,5,60,14,49,79,1.0,10.0,3.52,1.47,3.04,17.46
109,UIVM.O,VictoryShares International Value Momentum ETF,5,60,14,49,79,1.0,10.0,3.52,2.12,1.29,17.59
109,CIL.O,VictoryShares International Volatility Wtd Idx ETF,5,60,14,49,79,1.0,10.0,3.52,7.26,4.38,18.02
109,DTRE.K,First Trust Alerian Disruptive Technology Real Est,5,60,14,49,79,1.0,10.0,3.52,1.78,4.01,18.49
109,EFAS.O,Global X MSCI SuperDividend EAFE ETF,5,60,14,49,79,1.0,10.0,3.52,-1.12,1.9,19.26
109,RSPE.K,Invesco ESG S&P 500 Equal Weight ETF,5,60,14,49,79,1.0,10.0,3.52,9.75,2.9,17.39
109,BMED.K,BlackRock Future Health ETF,5,60,14,49,79,1.0,10.0,3.52,0.82,2.13,18.1
109,OEUR.K,ALPS O'Shares Europe Quality Dividend ETF,5,60,14,49,79,1.0,10.0,3.52,5.11,4.1,17.39
109,GGM,GGM Macro Alignment ETF,5,60,14,49,79,1.0,10.0,3.52,1.6,3.42,19.1
109,FLAX.K,Franklin FTSE Asia ex Japan ETF,5,60,14,49,79,1.0,10.0,3.52,1.9,2.52,19.94
109,DGRE.O,WisdomTree Emerging Markets Quality Dividend Gro,5,60,14,49,79,1.0,10.0,3.52,0.81,2.57,19.94
109,FTXG.O,First Trust Nasdaq Food & Beverage ETF,5,60,14,49,79,1.0,10.0,3.52,2.3,3.68,17.02
109,DBP,Invesco DB Precious Metals Fund,5,60,14,49,79,1.0,10.0,3.52,6.15,4.3,17.68
109,GQRE.K,FlexShares Global Quality Real Estate Index Fund,5,60,14,49,79,1.0,10.0,3.52,0.22,2.73,17.21
109,FYLD.K,Cambria Foreign Shareholder Yield ETF,5,60,14,49,79,1.0,10.0,3.52,1.76,2.47,18.05
109,DFIS.K,DFA Dimensional International Small Cap ETF,5,60,14,49,79,1.0,10.0,3.52,10.79,3.15,18.11
109,CTA,Simplify Managed Futures Strategy ETF,5,60,14,49,79,1.0,10.0,3.52,3.3,2.72,16.94
109,IDV,iShares International Select Dividend ETF,5,60,14,49,79,1.0,10.0,3.52,-0.58,2.04,19.19
109,IYZ,iShares US Telecommunications ETF,5,60,14,49,79,1.0,10.0,3.52,0.19,2.72,18.43
109,VSGX.K,Vanguard ESG International Stock ETF,5,60,14,49,79,1.0,10.0,3.52,7.6,4.43,18.44
109,ANGL.O,VanEck Fallen Angel High Yield Bond ETF,5,60,14,49,79,1.0,10.0,3.52,0.65,2.88,19.34
109,YMAX.K,YieldMax Universe Fund of Option Income ETFs,5,60,14,49,79,1.0,10.0,3.52,0.0,2.5,18.72
109,DGS,WisdomTree Emerging Markets SmallCap Dividend Fund,5,60,14,49,79,1.0,10.0,3.52,1.63,3.24,18.2
109,REET.K,iShares Global REIT ETF,5,60,14,49,79,1.0,10.0,3.52,-0.29,1.43,18.76
109,DFAE.K,DFA Dimensional Emerging Core Equity Market ETF,5,60,14,49,79,1.0,10.0,3.52,-0.62,2.84,17.07
109,FLJP.K,Franklin FTSE Japan ETF,5,60,14,49,79,1.0,10.0,3.52,4.32,3.7,17.19
109,DBC,Invesco DB Commodity Index Tracking Fund,5,60,14,49,79,1.0,10.0,3.52,0.71,1.9,17.12
109,IEUR.K,iShares Core MSCI Europe ETF,5,60,14,49,79,1.0,10.0,3.52,3.44,3.52,18.79
109,EWH,iShares MSCI Hong Kong ETF,5,60,14,49,79,1.0,10.0,3.52,-0.47,2.09,19.19
109,EFV,iShares MSCI EAFE Value ETF,5,60,14,49,79,1.0,10.0,3.52,1.58,3.44,19.23
109,IDOG.K,Alps Internatl Sector Dividends Dogs ETF,5,60,14,49,79,1.0,10.0,3.52,1.44,3.45,17.51
109,RWO,SPDR Dow Jones Global Real Estate ETF,5,60,14,49,79,1.0,10.0,3.52,1.69,3.94,18.44
109,IVLU.K,iShares MSCI Intl Value Factor ETF,5,60,14,49,79,1.0,10.0,3.52,3.64,3.38,18.51
109,MOTI.K,VanEck Morningstar International Moat ETF,5,60,14,49,79,1.0,10.0,3.52,2.09,2.7,18.97
109,FGD,First Trust Dow Jones Global Select Dividend Ix Fd,5,60,14,49,79,1.0,10.0,3.52,0.1,2.65,18.54
109,HDEF.K,Xtrackers MSCI EAFE Hi Dv Yld Eq ETF,5,60,14,49,79,1.0,10.0,3.52,0.89,1.94,17.22
109,SPRE.K,SP Funds S&P Global REIT Sharia ETF,5,60,14,49,79,1.0,10.0,3.52,-6.24,2.3,19.4
109,GWX,SPDR S&P International Small Cap ETF,5,60,14,49,79,1.0,10.0,3.52,1.17,3.63,17.87
109,EUO,ProShares UltraShort Euro,5,60,14,49,79,1.0,10.0,3.52,7.72,3.43,16.81
109,DTH,WisdomTree International High Dividend,5,60,14,49,79,1.0,10.0,3.52,0.26,2.43,18.59
109,DOL,WisdomTree International LargeCap Dividend Fund,5,60,14,49,79,1.0,10.0,3.52,1.78,3.65,18.03
109,DBB,Invesco DB Base Metals Fund,5,60,14,49,79,1.0,10.0,3.52,2.21,2.45,19.18
109,VIDI.K,Vident International Equity Strat ETF,5,60,14,49,79,1.0,10.0,3.52,2.63,1.91,17.77
109,FIVA.K,Fidelity International Value Factor ETF,5,60,14,49,79,1.0,10.0,3.52,3.83,2.27,18.41
109,INTF.K,iShares International Equity Factor ETF,5,60,14,49,79,1.0,10.0,3.52,6.83,3.8,17.7
109,JPEM.K,JPMorgan Diversified Return Emerging Mkts Eqty ETF,5,60,14,49,79,1.0,10.0,3.52,6.64,2.62,18.11
109,FDT.O,First Trust Developed Markets ex-US AlphaDEX Fund,5,60,14,49,79,1.0,10.0,3.52,6.04,2.73,18.34
109,EWX,SPDR S&P Emerging Markets Small Cap ETF,5,60,14,49,79,1.0,10.0,3.52,2.43,3.32,18.3
109,DWM,WisdomTree International Equity Fund,5,60,14,49,79,1.0,10.0,3.52,2.11,3.86,17.75
109,PID.O,Invesco International Dividend Achievers ETF,5,60,14,49,79,1.0,10.0,3.52,1.85,4.03,18.2
109,EEMS.K,iShares MSCI Emerging Markets Small-Cap ETF,5,60,14,49,79,1.0,10.0,3.52,2.94,3.79,18.75
109,HEEM.K,iShares Currency Hedged MSCI Emerging Markets ETF,5,60,14,29,59,1.0,10.0,3.48,11.69,3.11,18.04
109,DIM,WisdomTree International MidCap Dividend Fund,5,60,14,29,59,1.0,10.0,3.48,0.0,4.24,17.69
109,GDVD.K,Copper Place Global Dividend Growth ETF,5,60,14,29,59,1.0,10.0,3.48,0.0,2.23,20.03
109,RAYE.K,Rayliant Quantamental Emg Mrkt ex-China Eqty ETF,5,60,14,29,59,1.0,10.0,3.48,0.0,3.34,17.28
109,TOLZ.K,ProShares DJ Brookfield Global Infrastructure ETF,5,60,14,29,59,1.0,10.0,3.48,4.27,3.03,17.0
109,ROAM.K,Hartford Multifactor Emerging Markets ETF,5,60,14,29,59,1.0,10.0,3.48,0.0,1.62,18.74
109,RAAX.K,VanEck Inflation Allocation ETF,5,60,14,29,59,1.0,10.0,3.48,-0.35,2.79,16.63
109,IQDY.K,FlexShares International Quality Div Dyn Idx,5,60,14,29,59,1.0,10.0,3.48,0.0,3.54,18.04
109,ASEA.K,Global X FTSE Southeast Asia ETF,5,60,14,29,59,1.0,10.0,3.48,7.58,1.84,18.25
109,DGRE.O,WisdomTree Emerging Markets Quality Dividend Gro,5,60,14,29,59,1.0,10.0,3.48,12.11,2.57,19.94
109,MKOR.K,Matthews Korea Active ETF,5,60,14,29,59,1.0,10.0,3.48,0.0,2.53,16.77
109,TLTE.K,FlexShares Morningstar Em Mkts Factors Tilt Idx,5,60,14,29,59,1.0,10.0,3.48,11.23,2.43,17.91
109,CVY,Invesco Zacks Multi-Asset Income ETF,5,60,14,29,59,1.0,10.0,3.48,12.47,4.25,18.14
109,EUDV.K,ProShares MSCI Europe Dividend Growers ETF,5,60,14,29,59,1.0,10.0,3.48,0.0,4.21,18.04
109,UEVM.O,VictoryShares Emerging Markets Value Momentum ETF,5,60,14,29,59,1.0,10.0,3.48,0.0,1.71,18.7
109,DIVY.K,Sound Equity Dividend Income ETF,5,60,14,29,59,1.0,10.0,3.48,9.29,3.26,18.75
109,VAMO.K,Cambria Value and Momentum ETF,5,60,14,29,59,1.0,10.0,3.48,9.98,3.21,18.44
109,FDEM.K,Fidelity Emerging Markets Multifactor ETF,5,60,14,29,59,1.0,10.0,3.48,12.96,2.96,18.03
109,ISVL.K,iShares Intl Developed Small Cap Value Factor ETF,5,60,14,29,59,1.0,10.0,3.48,0.0,3.17,17.27
109,FTXG.O,First Trust Nasdaq Food & Beverage ETF,5,60,14,29,59,1.0,10.0,3.48,0.0,3.68,17.02
109,FLDZ.K,RiverNorth Patriot ETF,5,60,14,29,59,1.0,10.0,3.48,0.0,3.8,18.08
109,CVAR.K,Cultivar ETF,5,60,14,29,59,1.0,10.0,3.48,0.0,2.56,17.21
109,UIVM.O,VictoryShares International Value Momentum ETF,5,60,14,29,59,1.0,10.0,3.48,4.35,1.29,17.59
109,DBP,Invesco DB Precious Metals Fund,5,60,14,29,59,1.0,10.0,3.48,0.0,4.3,17.68
109,EQUL.K,IQ Engender Equality ETF,5,60,14,29,59,1.0,10.0,3.48,0.0,1.95,17.77
109,LOPP.K,Gabelli Love Our Planet & People ETF,5,60,14,29,59,1.0,10.0,3.48,0.0,3.75,17.55
109,OVF,Overlay Shares Foreign Equity ETF,5,60,14,29,59,1.0,10.0,3.48,12.95,2.07,16.94
109,ISZE.K,iShares MSCI Intl Size Factor ETF,5,60,14,29,59,1.0,10.0,3.48,0.0,2.64,16.8
109,EMDV.K,ProShares MSCI Emerging Markets Dividend Grwrs ETF,5,60,14,29,59,1.0,10.0,3.48,-1.5,2.94,19.07
109,MOTE.K,VanEck Morningstar ESG Moat ETF,5,60,14,29,59,1.0,10.0,3.48,0.0,3.79,18.16
109,DWAT.K,Arrow DWA Tactical: Macro ETF,5,60,14,29,59,1.0,10.0,3.48,0.0,3.04,17.46
109,CIL.O,VictoryShares International Volatility Wtd Idx ETF,5,60,14,29,59,1.0,10.0,3.48,0.0,4.38,18.02
109,RNEM.O,First Trust Emerging Markets Equity Select ETF,5,60,14,29,59,1.0,10.0,3.48,0.0,2.75,17.73
109,DTRE.K,First Trust Alerian Disruptive Technology Real Est,5,60,14,29,59,1.0,10.0,3.48,0.0,4.01,18.49
109,EFAS.O,Global X MSCI SuperDividend EAFE ETF,5,60,14,29,59,1.0,10.0,3.48,0.0,1.9,19.26
109,RSPE.K,Invesco ESG S&P 500 Equal Weight ETF,5,60,14,29,59,1.0,10.0,3.48,0.0,2.9,17.39
109,BMED.K,BlackRock Future Health ETF,5,60,14,29,59,1.0,10.0,3.48,0.0,2.13,18.1
109,OEUR.K,ALPS O'Shares Europe Quality Dividend ETF,5,60,14,29,59,1.0,10.0,3.48,0.0,4.1,17.39
109,GGM,GGM Macro Alignment ETF,5,60,14,29,59,1.0,10.0,3.48,0.0,3.42,19.1
109,FLAX.K,Franklin FTSE Asia ex Japan ETF,5,60,14,29,59,1.0,10.0,3.48,10.21,2.52,19.94
109,RUFF.K,Alpha Dog ETF,5,60,14,29,59,1.0,10.0,3.48,27.67,2.21,18.84
109,FJP.O,First Trust Japan AlphaDEX Fund,5,60,14,29,59,1.0,10.0,3.48,0.0,3.52,17.98
109,MOTI.K,VanEck Morningstar International Moat ETF,5,60,14,29,59,1.0,10.0,3.48,0.0,2.7,18.97
109,IDOG.K,Alps Internatl Sector Dividends Dogs ETF,5,60,14,29,59,1.0,10.0,3.48,0.0,3.45,17.51
109,VIDI.K,Vident International Equity Strat ETF,5,60,14,29,54,1.0,10.0,3.48,5.33,1.91,17.77
109,FIVA.K,Fidelity International Value Factor ETF,5,60,14,29,54,1.0,10.0,3.48,0.0,2.27,18.41
109,DOL,WisdomTree International LargeCap Dividend Fund,5,60,14,29,54,1.0,10.0,3.48,0.0,3.65,18.03
109,DTH,WisdomTree International High Dividend,5,60,14,29,54,1.0,10.0,3.48,0.0,2.43,18.59
109,EUO,ProShares UltraShort Euro,5,60,14,29,54,1.0,10.0,3.48,0.0,3.43,16.81
109,GWX,SPDR S&P International Small Cap ETF,5,60,14,29,54,1.0,10.0,3.48,0.0,3.63,17.87
109,SPRE.K,SP Funds S&P Global REIT Sharia ETF,5,60,14,29,54,1.0,10.0,3.48,0.0,2.3,19.4
109,MOTI.K,VanEck Morningstar International Moat ETF,5,60,14,29,54,1.0,10.0,3.48,0.0,2.7,18.97
109,IDOG.K,Alps Internatl Sector Dividends Dogs ETF,5,60,14,29,54,1.0,10.0,3.48,0.0,3.45,17.51
109,DBP,Invesco DB Precious Metals Fund,5,60,14,29,54,1.0,10.0,3.48,0.0,4.3,17.68
109,FJP.O,First Trust Japan AlphaDEX Fund,5,60,14,29,54,1.0,10.0,3.48,0.0,3.52,17.98
109,DGRE.O,WisdomTree Emerging Markets Quality Dividend Gro,5,60,14,29,54,1.0,10.0,3.48,11.81,2.57,19.94
109,FDEM.K,Fidelity Emerging Markets Multifactor ETF,5,60,14,29,54,1.0,10.0,3.48,10.82,2.96,18.03
109,VAMO.K,Cambria Value and Momentum ETF,5,60,14,29,54,1.0,10.0,3.48,5.15,3.21,18.44
109,DIVY.K,Sound Equity Dividend Income ETF,5,60,14,29,54,1.0,10.0,3.48,18.43,3.26,18.75
109,UEVM.O,VictoryShares Emerging Markets Value Momentum ETF,5,60,14,29,54,1.0,10.0,3.48,0.0,1.71,18.7
109,EUDV.K,ProShares MSCI Europe Dividend Growers ETF,5,60,14,29,54,1.0,10.0,3.48,0.0,4.21,18.04
109,CVY,Invesco Zacks Multi-Asset Income ETF,5,60,14,29,54,1.0,10.0,3.48,13.22,4.25,18.14
109,TLTE.K,FlexShares Morningstar Em Mkts Factors Tilt Idx,5,60,14,29,54,1.0,10.0,3.48,8.36,2.43,17.91
109,MKOR.K,Matthews Korea Active ETF,5,60,14,29,54,1.0,10.0,3.48,0.0,2.53,16.77
109,DIM,WisdomTree International MidCap Dividend Fund,5,60,14,29,54,1.0,10.0,3.48,0.0,4.24,17.69
109,ASEA.K,Global X FTSE Southeast Asia ETF,5,60,14,29,54,1.0,10.0,3.48,6.22,1.84,18.25
109,IQDY.K,FlexShares International Quality Div Dyn Idx,5,60,14,29,54,1.0,10.0,3.48,0.0,3.54,18.04
109,RAAX.K,VanEck Inflation Allocation ETF,5,60,14,29,54,1.0,10.0,3.48,19.15,2.79,16.63
109,ROAM.K,Hartford Multifactor Emerging Markets ETF,5,60,14,29,54,1.0,10.0,3.48,0.0,1.62,18.74
109,TOLZ.K,ProShares DJ Brookfield Global Infrastructure ETF,5,60,14,29,54,1.0,10.0,3.48,2.64,3.03,17.0
109,RAYE.K,Rayliant Quantamental Emg Mrkt ex-China Eqty ETF,5,60,14,29,54,1.0,10.0,3.48,0.0,3.34,17.28
109,GDVD.K,Copper Place Global Dividend Growth ETF,5,60,14,29,54,1.0,10.0,3.48,0.0,2.23,20.03
109,DBB,Invesco DB Base Metals Fund,5,60,14,29,54,1.0,10.0,3.48,40.19,2.45,19.18
109,FGD,First Trust Dow Jones Global Select Dividend Ix Fd,5,60,14,29,54,1.0,10.0,3.48,0.0,2.65,18.54
109,FTXG.O,First Trust Nasdaq Food & Beverage ETF,5,60,14,29,54,1.0,10.0,3.48,0.0,3.68,17.02
109,INTF.K,iShares International Equity Factor ETF,5,60,14,29,54,1.0,10.0,3.48,0.0,3.8,17.7
109,IEMG.K,iShares Core MSCI Emerging Markets ETF,5,60,14,29,54,1.0,10.0,3.48,8.5,3.1,19.55
109,VXUS.O,Vanguard Total International Stock Index Fund;ETF,5,60,14,29,54,1.0,10.0,3.48,0.0,3.47,17.94
109,EFV,iShares MSCI EAFE Value ETF,5,60,14,29,54,1.0,10.0,3.48,0.0,3.44,19.23
109,EWH,iShares MSCI Hong Kong ETF,5,60,14,29,54,1.0,10.0,3.48,-6.75,2.09,19.19
109,IEUR.K,iShares Core MSCI Europe ETF,5,60,14,29,54,1.0,10.0,3.48,0.0,3.52,18.79
109,DBC,Invesco DB Commodity Index Tracking Fund,5,60,14,29,54,1.0,10.0,3.48,6.6,1.9,17.12
109,FLJP.K,Franklin FTSE Japan ETF,5,60,14,29,54,1.0,10.0,3.48,10.89,3.7,17.19
109,DFAE.K,DFA Dimensional Emerging Core Equity Market ETF,5,60,14,29,54,1.0,10.0,3.48,4.02,2.84,17.07
109,REET.K,iShares Global REIT ETF,5,60,14,29,54,1.0,10.0,3.48,0.0,1.43,18.76
109,DGS,WisdomTree Emerging Markets SmallCap Dividend Fund,5,60,14,29,54,1.0,10.0,3.48,27.35,3.24,18.2
109,YMAX.K,YieldMax Universe Fund of Option Income ETFs,5,60,14,29,54,1.0,10.0,3.48,0.0,2.5,18.72
109,ANGL.O,VanEck Fallen Angel High Yield Bond ETF,5,60,14,29,54,1.0,10.0,3.48,9.25,2.88,19.34
109,IVLU.K,iShares MSCI Intl Value Factor ETF,5,60,14,29,54,1.0,10.0,3.48,0.0,3.38,18.51
109,VSGX.K,Vanguard ESG International Stock ETF,5,60,14,29,54,1.0,10.0,3.48,0.0,4.43,18.44
109,IYZ,iShares US Telecommunications ETF,5,60,14,29,54,1.0,10.0,3.48,0.0,2.72,18.43
109,IDV,iShares International Select Dividend ETF,5,60,14,29,54,1.0,10.0,3.48,0.0,2.04,19.19
109,CTA,Simplify Managed Futures Strategy ETF,5,60,14,29,54,1.0,10.0,3.48,0.0,2.72,16.94
109,DFIS.K,DFA Dimensional International Small Cap ETF,5,60,14,29,54,1.0,10.0,3.48,0.0,3.15,18.11
109,FYLD.K,Cambria Foreign Shareholder Yield ETF,5,60,14,29,54,1.0,10.0,3.48,-0.76,2.47,18.05
109,RWO,SPDR Dow Jones Global Real Estate ETF,5,60,14,29,54,1.0,10.0,3.48,0.0,3.94,18.44
109,HDEF.K,Xtrackers MSCI EAFE Hi Dv Yld Eq ETF,5,60,14,29,54,1.0,10.0,3.48,0.0,1.94,17.22
109,EEMS.K,iShares MSCI Emerging Markets Small-Cap ETF,5,60,14,29,54,1.0,10.0,3.48,0.0,3.79,18.75
109,PID.O,Invesco International Dividend Achievers ETF,5,60,14,29,54,1.0,10.0,3.48,0.0,4.03,18.2
109,DWM,WisdomTree International Equity Fund,5,60,14,29,54,1.0,10.0,3.48,0.0,3.86,17.75
109,EWX,SPDR S&P Emerging Markets Small Cap ETF,5,60,14,29,54,1.0,10.0,3.48,0.0,3.32,18.3
109,FDT.O,First Trust Developed Markets ex-US AlphaDEX Fund,5,60,14,29,54,1.0,10.0,3.48,0.0,2.73,18.34
109,JPEM.K,JPMorgan Diversified Return Emerging Mkts Eqty ETF,5,60,14,29,54,1.0,10.0,3.48,35.61,2.62,18.11
109,HEEM.K,iShares Currency Hedged MSCI Emerging Markets ETF,5,60,14,29,54,1.0,10.0,3.48,8.7,3.11,18.04
109,GQRE.K,FlexShares Global Quality Real Estate Index Fund,5,60,14,29,54,1.0,10.0,3.48,0.0,2.73,17.21
109,ISVL.K,iShares Intl Developed Small Cap Value Factor ETF,5,60,14,29,54,1.0,10.0,3.48,0.0,3.17,17.27
109,DGS,WisdomTree Emerging Markets SmallCap Dividend Fund,5,60,14,29,59,1.0,10.0,3.48,28.95,3.24,18.2
109,ANGL.O,VanEck Fallen Angel High Yield Bond ETF,5,60,14,29,59,1.0,10.0,3.48,7.04,2.88,19.34
109,IVLU.K,iShares MSCI Intl Value Factor ETF,5,60,14,29,59,1.0,10.0,3.48,0.0,3.38,18.51
109,VSGX.K,Vanguard ESG International Stock ETF,5,60,14,29,59,1.0,10.0,3.48,0.0,4.43,18.44
109,IYZ,iShares US Telecommunications ETF,5,60,14,29,59,1.0,10.0,3.48,0.0,2.72,18.43
109,IDV,iShares International Select Dividend ETF,5,60,14,29,59,1.0,10.0,3.48,0.0,2.04,19.19
109,CTA,Simplify Managed Futures Strategy ETF,5,60,14,29,59,1.0,10.0,3.48,0.0,2.72,16.94
109,DFIS.K,DFA Dimensional International Small Cap ETF,5,60,14,29,59,1.0,10.0,3.48,0.0,3.15,18.11
109,FYLD.K,Cambria Foreign Shareholder Yield ETF,5,60,14,29,59,1.0,10.0,3.48,0.37,2.47,18.05
109,RWO,SPDR Dow Jones Global Real Estate ETF,5,60,14,29,59,1.0,10.0,3.48,0.0,3.94,18.44
109,GQRE.K,FlexShares Global Quality Real Estate Index Fund,5,60,14,29,59,1.0,10.0,3.48,0.0,2.73,17.21
109,HDEF.K,Xtrackers MSCI EAFE Hi Dv Yld Eq ETF,5,60,14,29,59,1.0,10.0,3.48,0.0,1.94,17.22
109,EEMS.K,iShares MSCI Emerging Markets Small-Cap ETF,5,60,14,29,59,1.0,10.0,3.48,0.0,3.79,18.75
109,PID.O,Invesco International Dividend Achievers ETF,5,60,14,29,59,1.0,10.0,3.48,0.0,4.03,18.2
109,DWM,WisdomTree International Equity Fund,5,60,14,29,59,1.0,10.0,3.48,0.0,3.86,17.75
109,EWX,SPDR S&P Emerging Markets Small Cap ETF,5,60,14,29,59,1.0,10.0,3.48,0.0,3.32,18.3
109,FDT.O,First Trust Developed Markets ex-US AlphaDEX Fund,5,60,14,29,59,1.0,10.0,3.48,0.0,2.73,18.34
109,INTF.K,iShares International Equity Factor ETF,5,60,14,29,59,1.0,10.0,3.48,0.0,3.8,17.7
109,FGD,First Trust Dow Jones Global Select Dividend Ix Fd,5,60,14,29,59,1.0,10.0,3.48,0.0,2.65,18.54
109,VIDI.K,Vident International Equity Strat ETF,5,60,14,29,59,1.0,10.0,3.48,8.44,1.91,17.77
109,DBB,Invesco DB Base Metals Fund,5,60,14,29,59,1.0,10.0,3.48,38.66,2.45,19.18
109,FIVA.K,Fidelity International Value Factor ETF,5,60,14,29,59,1.0,10.0,3.48,0.0,2.27,18.41
109,DOL,WisdomTree International LargeCap Dividend Fund,5,60,14,29,59,1.0,10.0,3.48,0.0,3.65,18.03
109,DTH,WisdomTree International High Dividend,5,60,14,29,59,1.0,10.0,3.48,0.0,2.43,18.59
109,EUO,ProShares UltraShort Euro,5,60,14,29,59,1.0,10.0,3.48,0.0,3.43,16.81
109,GWX,SPDR S&P International Small Cap ETF,5,60,14,29,59,1.0,10.0,3.48,0.0,3.63,17.87
109,SPRE.K,SP Funds S&P Global REIT Sharia ETF,5,60,14,29,59,1.0,10.0,3.48,0.0,2.3,19.4
109,CVAR.K,Cultivar ETF,5,60,14,29,54,1.0,10.0,3.48,0.0,2.56,17.21
109,YMAX.K,YieldMax Universe Fund of Option Income ETFs,5,60,14,29,59,1.0,10.0,3.48,0.0,2.5,18.72
109,JPEM.K,JPMorgan Diversified Return Emerging Mkts Eqty ETF,5,60,14,29,59,1.0,10.0,3.48,22.72,2.62,18.11
109,REET.K,iShares Global REIT ETF,5,60,14,29,59,1.0,10.0,3.48,0.0,1.43,18.76
109,EMDV.K,ProShares MSCI Emerging Markets Dividend Grwrs ETF,5,60,14,29,54,1.0,10.0,3.48,-1.5,2.94,19.07
109,RNEM.O,First Trust Emerging Markets Equity Select ETF,5,60,14,29,54,1.0,10.0,3.48,0.0,2.75,17.73
109,DFAE.K,DFA Dimensional Emerging Core Equity Market ETF,5,60,14,29,59,1.0,10.0,3.48,7.14,2.84,17.07
109,RUFF.K,Alpha Dog ETF,5,60,14,29,54,1.0,10.0,3.48,21.79,2.21,18.84
109,FLAX.K,Franklin FTSE Asia ex Japan ETF,5,60,14,29,54,1.0,10.0,3.48,7.78,2.52,19.94
109,GGM,GGM Macro Alignment ETF,5,60,14,29,54,1.0,10.0,3.48,0.0,3.42,19.1
109,OEUR.K,ALPS O'Shares Europe Quality Dividend ETF,5,60,14,29,54,1.0,10.0,3.48,0.0,4.1,17.39
109,BMED.K,BlackRock Future Health ETF,5,60,14,29,54,1.0,10.0,3.48,0.0,2.13,18.1
109,EFAS.O,Global X MSCI SuperDividend EAFE ETF,5,60,14,29,54,1.0,10.0,3.48,0.0,1.9,19.26
109,DTRE.K,First Trust Alerian Disruptive Technology Real Est,5,60,14,29,54,1.0,10.0,3.48,0.0,4.01,18.49
109,CIL.O,VictoryShares International Volatility Wtd Idx ETF,5,60,14,29,54,1.0,10.0,3.48,0.0,4.38,18.02
109,UIVM.O,VictoryShares International Value Momentum ETF,5,60,14,29,54,1.0,10.0,3.48,1.9,1.29,17.59
109,DWAT.K,Arrow DWA Tactical: Macro ETF,5,60,14,29,54,1.0,10.0,3.48,0.0,3.04,17.46
109,MOTE.K,VanEck Morningstar ESG Moat ETF,5,60,14,29,54,1.0,10.0,3.48,0.0,3.79,18.16
109,RSPE.K,Invesco ESG S&P 500 Equal Weight ETF,5,60,14,29,54,1.0,10.0,3.48,0.0,2.9,17.39
109,ISZE.K,iShares MSCI Intl Size Factor ETF,5,60,14,29,54,1.0,10.0,3.48,0.0,2.64,16.8
109,VXUS.O,Vanguard Total International Stock Index Fund;ETF,5,60,14,29,59,1.0,10.0,3.48,0.0,3.47,17.94
109,DBC,Invesco DB Commodity Index Tracking Fund,5,60,14,29,59,1.0,10.0,3.48,9.27,1.9,17.12
109,FLJP.K,Franklin FTSE Japan ETF,5,60,14,29,59,1.0,10.0,3.48,10.06,3.7,17.19
109,OVF,Overlay Shares Foreign Equity ETF,5,60,14,29,54,1.0,10.0,3.48,11.03,2.07,16.94
109,IEUR.K,iShares Core MSCI Europe ETF,5,60,14,29,59,1.0,10.0,3.48,0.0,3.52,18.79
109,EWH,iShares MSCI Hong Kong ETF,5,60,14,29,59,1.0,10.0,3.48,-3.34,2.09,19.19
109,EFV,iShares MSCI EAFE Value ETF,5,60,14,29,59,1.0,10.0,3.48,0.0,3.44,19.23
109,IEMG.K,iShares Core MSCI Emerging Markets ETF,5,60,14,29,59,1.0,10.0,3.48,10.92,3.1,19.55
109,FLDZ.K,RiverNorth Patriot ETF,5,60,14,29,54,1.0,10.0,3.48,0.0,3.8,18.08
109,EQUL.K,IQ Engender Equality ETF,5,60,14,29,54,1.0,10.0,3.48,0.0,1.95,17.77
109,LOPP.K,Gabelli Love Our Planet & People ETF,5,60,14,29,54,1.0,10.0,3.48,0.0,3.75,17.55
109,TOLZ.K,ProShares DJ Brookfield Global Infrastructure ETF,5,60,14,29,69,1.0,10.0,3.42,1.77,3.03,17.0
109,RAYE.K,Rayliant Quantamental Emg Mrkt ex-China Eqty ETF,5,60,14,29,69,1.0,10.0,3.42,0.0,3.34,17.28
109,DIM,WisdomTree International MidCap Dividend Fund,5,60,14,29,69,1.0,10.0,3.42,0.0,4.24,17.69
109,ROAM.K,Hartford Multifactor Emerging Markets ETF,5,60,14,29,69,1.0,10.0,3.42,0.0,1.62,18.74
109,RAAX.K,VanEck Inflation Allocation ETF,5,60,14,29,69,1.0,10.0,3.42,4.04,2.79,16.63
109,IQDY.K,FlexShares International Quality Div Dyn Idx,5,60,14,29,69,1.0,10.0,3.42,0.0,3.54,18.04
109,GDVD.K,Copper Place Global Dividend Growth ETF,5,60,14,29,69,1.0,10.0,3.42,0.0,2.23,20.03
109,ASEA.K,Global X FTSE Southeast Asia ETF,5,60,14,29,69,1.0,10.0,3.42,11.51,1.84,18.25
109,UEVM.O,VictoryShares Emerging Markets Value Momentum ETF,5,60,14,29,69,1.0,10.0,3.42,0.0,1.71,18.7
109,MKOR.K,Matthews Korea Active ETF,5,60,14,29,69,1.0,10.0,3.42,0.0,2.53,16.77
109,TLTE.K,FlexShares Morningstar Em Mkts Factors Tilt Idx,5,60,14,29,69,1.0,10.0,3.42,11.23,2.43,17.91
109,CVY,Invesco Zacks Multi-Asset Income ETF,5,60,14,29,69,1.0,10.0,3.42,4.31,4.25,18.14
109,EUDV.K,ProShares MSCI Europe Dividend Growers ETF,5,60,14,29,69,1.0,10.0,3.42,0.0,4.21,18.04
109,DIVY.K,Sound Equity Dividend Income ETF,5,60,14,29,69,1.0,10.0,3.42,6.04,3.26,18.75
109,VAMO.K,Cambria Value and Momentum ETF,5,60,14,29,69,1.0,10.0,3.42,14.95,3.21,18.44
109,DGRE.O,WisdomTree Emerging Markets Quality Dividend Gro,5,60,14,29,69,1.0,10.0,3.42,14.64,2.57,19.94
109,FTXG.O,First Trust Nasdaq Food & Beverage ETF,5,60,14,29,69,1.0,10.0,3.42,0.0,3.68,17.02
109,FDEM.K,Fidelity Emerging Markets Multifactor ETF,5,60,14,29,69,1.0,10.0,3.42,14.77,2.96,18.03
109,HEEM.K,iShares Currency Hedged MSCI Emerging Markets ETF,5,60,14,29,69,1.0,10.0,3.42,13.43,3.11,18.04
109,UIVM.O,VictoryShares International Value Momentum ETF,5,60,14,29,69,1.0,10.0,3.42,2.12,1.29,17.59
109,ISVL.K,iShares Intl Developed Small Cap Value Factor ETF,5,60,14,29,69,1.0,10.0,3.42,0.0,3.17,17.27
109,CVAR.K,Cultivar ETF,5,60,14,29,69,1.0,10.0,3.42,0.0,2.56,17.21
109,LOPP.K,Gabelli Love Our Planet & People ETF,5,60,14,29,69,1.0,10.0,3.42,0.0,3.75,17.55
109,IDOG.K,Alps Internatl Sector Dividends Dogs ETF,5,60,14,29,69,1.0,10.0,3.42,0.0,3.45,17.51
109,OVF,Overlay Shares Foreign Equity ETF,5,60,14,29,69,1.0,10.0,3.42,12.95,2.07,16.94
109,ISZE.K,iShares MSCI Intl Size Factor ETF,5,60,14,29,69,1.0,10.0,3.42,0.0,2.64,16.8
109,EMDV.K,ProShares MSCI Emerging Markets Dividend Grwrs ETF,5,60,14,29,69,1.0,10.0,3.42,-1.5,2.94,19.07
109,MOTE.K,VanEck Morningstar ESG Moat ETF,5,60,14,29,69,1.0,10.0,3.42,0.0,3.79,18.16
109,DWAT.K,Arrow DWA Tactical: Macro ETF,5,60,14,29,69,1.0,10.0,3.42,0.0,3.04,17.46
109,CIL.O,VictoryShares International Volatility Wtd Idx ETF,5,60,14,29,69,1.0,10.0,3.42,0.0,4.38,18.02
109,DTRE.K,First Trust Alerian Disruptive Technology Real Est,5,60,14,29,69,1.0,10.0,3.42,0.0,4.01,18.49
109,EFAS.O,Global X MSCI SuperDividend EAFE ETF,5,60,14,29,69,1.0,10.0,3.42,0.0,1.9,19.26
109,RSPE.K,Invesco ESG S&P 500 Equal Weight ETF,5,60,14,29,69,1.0,10.0,3.42,0.0,2.9,17.39
109,BMED.K,BlackRock Future Health ETF,5,60,14,29,69,1.0,10.0,3.42,0.0,2.13,18.1
109,OEUR.K,ALPS O'Shares Europe Quality Dividend ETF,5,60,14,29,69,1.0,10.0,3.42,0.0,4.1,17.39
109,GGM,GGM Macro Alignment ETF,5,60,14,29,69,1.0,10.0,3.42,0.0,3.42,19.1
109,FLAX.K,Franklin FTSE Asia ex Japan ETF,5,60,14,29,69,1.0,10.0,3.42,10.21,2.52,19.94
109,RUFF.K,Alpha Dog ETF,5,60,14,29,69,1.0,10.0,3.42,25.41,2.21,18.84
109,RNEM.O,First Trust Emerging Markets Equity Select ETF,5,60,14,29,69,1.0,10.0,3.42,0.0,2.75,17.73
109,FJP.O,First Trust Japan AlphaDEX Fund,5,60,14,29,69,1.0,10.0,3.42,0.0,3.52,17.98
109,YMAX.K,YieldMax Universe Fund of Option Income ETFs,5,60,14,29,69,1.0,10.0,3.42,0.0,2.5,18.72
109,MOTI.K,VanEck Morningstar International Moat ETF,5,60,14,29,69,1.0,10.0,3.42,0.0,2.7,18.97
109,SPRE.K,SP Funds S&P Global REIT Sharia ETF,5,60,14,29,69,1.0,10.0,3.42,0.0,2.3,19.4
109,CTA,Simplify Managed Futures Strategy ETF,5,60,14,29,69,1.0,10.0,3.42,0.0,2.72,16.94
109,IDV,iShares International Select Dividend ETF,5,60,14,29,69,1.0,10.0,3.42,0.0,2.04,19.19
109,IYZ,iShares US Telecommunications ETF,5,60,14,29,69,1.0,10.0,3.42,0.0,2.72,18.43
109,VSGX.K,Vanguard ESG International Stock ETF,5,60,14,29,69,1.0,10.0,3.42,0.0,4.43,18.44
109,IVLU.K,iShares MSCI Intl Value Factor ETF,5,60,14,29,69,1.0,10.0,3.42,0.0,3.38,18.51
109,ANGL.O,VanEck Fallen Angel High Yield Bond ETF,5,60,14,29,69,1.0,10.0,3.42,0.49,2.88,19.34
109,DGS,WisdomTree Emerging Markets SmallCap Dividend Fund,5,60,14,29,69,1.0,10.0,3.42,26.83,3.24,18.2
109,REET.K,iShares Global REIT ETF,5,60,14,29,69,1.0,10.0,3.42,0.0,1.43,18.76
109,DFAE.K,DFA Dimensional Emerging Core Equity Market ETF,5,60,14,29,69,1.0,10.0,3.42,7.14,2.84,17.07
109,FLJP.K,Franklin FTSE Japan ETF,5,60,14,29,69,1.0,10.0,3.42,11.83,3.7,17.19
109,DBC,Invesco DB Commodity Index Tracking Fund,5,60,14,29,69,1.0,10.0,3.42,1.1,1.9,17.12
109,IEUR.K,iShares Core MSCI Europe ETF,5,60,14,29,69,1.0,10.0,3.42,0.0,3.52,18.79
109,EWH,iShares MSCI Hong Kong ETF,5,60,14,29,69,1.0,10.0,3.42,2.63,2.09,19.19
109,EFV,iShares MSCI EAFE Value ETF,5,60,14,29,69,1.0,10.0,3.42,0.0,3.44,19.23
109,VXUS.O,Vanguard Total International Stock Index Fund;ETF,5,60,14,29,69,1.0,10.0,3.42,0.0,3.47,17.94
109,IEMG.K,iShares Core MSCI Emerging Markets ETF,5,60,14,29,69,1.0,10.0,3.42,10.92,3.1,19.55
109,FLDZ.K,RiverNorth Patriot ETF,5,60,14,29,69,1.0,10.0,3.42,0.0,3.8,18.08
109,DFIS.K,DFA Dimensional International Small Cap ETF,5,60,14,29,69,1.0,10.0,3.42,0.0,3.15,18.11
109,FYLD.K,Cambria Foreign Shareholder Yield ETF,5,60,14,29,69,1.0,10.0,3.42,3.76,2.47,18.05
109,RWO,SPDR Dow Jones Global Real Estate ETF,5,60,14,29,69,1.0,10.0,3.42,0.0,3.94,18.44
109,FGD,First Trust Dow Jones Global Select Dividend Ix Fd,5,60,14,29,69,1.0,10.0,3.42,0.0,2.65,18.54
109,GWX,SPDR S&P International Small Cap ETF,5,60,14,29,69,1.0,10.0,3.42,0.0,3.63,17.87
109,EUO,ProShares UltraShort Euro,5,60,14,29,69,1.0,10.0,3.42,0.0,3.43,16.81
109,DTH,WisdomTree International High Dividend,5,60,14,29,69,1.0,10.0,3.42,0.0,2.43,18.59
109,DOL,WisdomTree International LargeCap Dividend Fund,5,60,14,29,69,1.0,10.0,3.42,0.0,3.65,18.03
109,FIVA.K,Fidelity International Value Factor ETF,5,60,14,29,69,1.0,10.0,3.42,0.0,2.27,18.41
109,DBB,Invesco DB Base Metals Fund,5,60,14,29,69,1.0,10.0,3.42,32.89,2.45,19.18
109,VIDI.K,Vident International Equity Strat ETF,5,60,14,29,69,1.0,10.0,3.42,12.94,1.91,17.77
109,INTF.K,iShares International Equity Factor ETF,5,60,14,29,69,1.0,10.0,3.42,0.0,3.8,17.7
109,GQRE.K,FlexShares Global Quality Real Estate Index Fund,5,60,14,29,69,1.0,10.0,3.42,0.0,2.73,17.21
109,JPEM.K,JPMorgan Diversified Return Emerging Mkts Eqty ETF,5,60,14,29,69,1.0,10.0,3.42,24.43,2.62,18.11
109,FDT.O,First Trust Developed Markets ex-US AlphaDEX Fund,5,60,14,29,69,1.0,10.0,3.42,0.0,2.73,18.34
109,EWX,SPDR S&P Emerging Markets Small Cap ETF,5,60,14,29,69,1.0,10.0,3.42,0.0,3.32,18.3
109,DWM,WisdomTree International Equity Fund,5,60,14,29,69,1.0,10.0,3.42,0.0,3.86,17.75
109,PID.O,Invesco International Dividend Achievers ETF,5,60,14,29,69,1.0,10.0,3.42,0.0,4.03,18.2
109,EEMS.K,iShares MSCI Emerging Markets Small-Cap ETF,5,60,14,29,69,1.0,10.0,3.42,0.0,3.79,18.75
109,HDEF.K,Xtrackers MSCI EAFE Hi Dv Yld Eq ETF,5,60,14,29,69,1.0,10.0,3.42,0.0,1.94,17.22
109,EQUL.K,IQ Engender Equality ETF,5,60,14,29,69,1.0,10.0,3.42,0.0,1.95,17.77
109,DBP,Invesco DB Precious Metals Fund,5,60,14,29,69,1.0,10.0,3.42,0.0,4.3,17.68
109,EQUL.K,IQ Engender Equality ETF,5,60,14,29,64,1.0,10.0,3.39,0.0,1.95,17.77
109,GQRE.K,FlexShares Global Quality Real Estate Index Fund,5,60,14,29,64,1.0,10.0,3.39,0.0,2.73,17.21
109,EEMS.K,iShares MSCI Emerging Markets Small-Cap ETF,5,60,14,29,64,1.0,10.0,3.39,0.0,3.79,18.75
109,PID.O,Invesco International Dividend Achievers ETF,5,60,14,29,64,1.0,10.0,3.39,0.0,4.03,18.2
109,DWM,WisdomTree International Equity Fund,5,60,14,29,64,1.0,10.0,3.39,0.0,3.86,17.75
109,EWX,SPDR S&P Emerging Markets Small Cap ETF,5,60,14,29,64,1.0,10.0,3.39,0.0,3.32,18.3
109,FDT.O,First Trust Developed Markets ex-US AlphaDEX Fund,5,60,14,29,64,1.0,10.0,3.39,0.0,2.73,18.34
109,JPEM.K,JPMorgan Diversified Return Emerging Mkts Eqty ETF,5,60,14,29,64,1.0,10.0,3.39,23.46,2.62,18.11
109,INTF.K,iShares International Equity Factor ETF,5,60,14,29,64,1.0,10.0,3.39,0.0,3.8,17.7
109,FGD,First Trust Dow Jones Global Select Dividend Ix Fd,5,60,14,29,64,1.0,10.0,3.39,0.0,2.65,18.54
109,VIDI.K,Vident International Equity Strat ETF,5,60,14,29,64,1.0,10.0,3.39,9.34,1.91,17.77
109,DBB,Invesco DB Base Metals Fund,5,60,14,29,64,1.0,10.0,3.39,32.89,2.45,19.18
109,FIVA.K,Fidelity International Value Factor ETF,5,60,14,29,64,1.0,10.0,3.39,0.0,2.27,18.41
109,DOL,WisdomTree International LargeCap Dividend Fund,5,60,14,29,64,1.0,10.0,3.39,0.0,3.65,18.03
109,DTH,WisdomTree International High Dividend,5,60,14,29,64,1.0,10.0,3.39,0.0,2.43,18.59
109,EUO,ProShares UltraShort Euro,5,60,14,29,64,1.0,10.0,3.39,0.0,3.43,16.81
109,GWX,SPDR S&P International Small Cap ETF,5,60,14,29,64,1.0,10.0,3.39,0.0,3.63,17.87
109,SPRE.K,SP Funds S&P Global REIT Sharia ETF,5,60,14,29,64,1.0,10.0,3.39,0.0,2.3,19.4
109,MOTI.K,VanEck Morningstar International Moat ETF,5,60,14,29,64,1.0,10.0,3.39,0.0,2.7,18.97
109,HDEF.K,Xtrackers MSCI EAFE Hi Dv Yld Eq ETF,5,60,14,29,64,1.0,10.0,3.39,0.0,1.94,17.22
109,RWO,SPDR Dow Jones Global Real Estate ETF,5,60,14,29,64,1.0,10.0,3.39,0.0,3.94,18.44
109,FLDZ.K,RiverNorth Patriot ETF,5,60,14,29,64,1.0,10.0,3.39,0.0,3.8,18.08
109,FYLD.K,Cambria Foreign Shareholder Yield ETF,5,60,14,29,64,1.0,10.0,3.39,3.05,2.47,18.05
109,VXUS.O,Vanguard Total International Stock Index Fund;ETF,5,60,14,29,64,1.0,10.0,3.39,0.0,3.47,17.94
109,EFV,iShares MSCI EAFE Value ETF,5,60,14,29,64,1.0,10.0,3.39,0.0,3.44,19.23
109,EWH,iShares MSCI Hong Kong ETF,5,60,14,29,64,1.0,10.0,3.39,-1.14,2.09,19.19
109,IEUR.K,iShares Core MSCI Europe ETF,5,60,14,29,64,1.0,10.0,3.39,0.0,3.52,18.79
109,DBC,Invesco DB Commodity Index Tracking Fund,5,60,14,29,64,1.0,10.0,3.39,-0.06,1.9,17.12
109,FLJP.K,Franklin FTSE Japan ETF,5,60,14,29,64,1.0,10.0,3.39,10.06,3.7,17.19
109,DFAE.K,DFA Dimensional Emerging Core Equity Market ETF,5,60,14,29,64,1.0,10.0,3.39,7.14,2.84,17.07
109,REET.K,iShares Global REIT ETF,5,60,14,29,64,1.0,10.0,3.39,0.0,1.43,18.76
109,DGS,WisdomTree Emerging Markets SmallCap Dividend Fund,5,60,14,29,64,1.0,10.0,3.39,26.86,3.24,18.2
109,YMAX.K,YieldMax Universe Fund of Option Income ETFs,5,60,14,29,64,1.0,10.0,3.39,0.0,2.5,18.72
109,ANGL.O,VanEck Fallen Angel High Yield Bond ETF,5,60,14,29,64,1.0,10.0,3.39,6.84,2.88,19.34
109,IVLU.K,iShares MSCI Intl Value Factor ETF,5,60,14,29,64,1.0,10.0,3.39,0.0,3.38,18.51
109,VSGX.K,Vanguard ESG International Stock ETF,5,60,14,29,64,1.0,10.0,3.39,0.0,4.43,18.44
109,IYZ,iShares US Telecommunications ETF,5,60,14,29,64,1.0,10.0,3.39,0.0,2.72,18.43
109,IDV,iShares International Select Dividend ETF,5,60,14,29,64,1.0,10.0,3.39,0.0,2.04,19.19
109,CTA,Simplify Managed Futures Strategy ETF,5,60,14,29,64,1.0,10.0,3.39,0.0,2.72,16.94
109,DFIS.K,DFA Dimensional International Small Cap ETF,5,60,14,29,64,1.0,10.0,3.39,0.0,3.15,18.11
109,IDOG.K,Alps Internatl Sector Dividends Dogs ETF,5,60,14,29,64,1.0,10.0,3.39,0.0,3.45,17.51
109,DBP,Invesco DB Precious Metals Fund,5,60,14,29,64,1.0,10.0,3.39,0.0,4.3,17.68
109,FJP.O,First Trust Japan AlphaDEX Fund,5,60,14,29,64,1.0,10.0,3.39,0.0,3.52,17.98
109,DGRE.O,WisdomTree Emerging Markets Quality Dividend Gro,5,60,14,29,64,1.0,10.0,3.39,14.04,2.57,19.94
109,RNEM.O,First Trust Emerging Markets Equity Select ETF,5,60,14,29,64,1.0,10.0,3.39,0.0,2.75,17.73
109,RUFF.K,Alpha Dog ETF,5,60,14,29,64,1.0,10.0,3.39,28.27,2.21,18.84
109,FLAX.K,Franklin FTSE Asia ex Japan ETF,5,60,14,29,64,1.0,10.0,3.39,10.21,2.52,19.94
109,GGM,GGM Macro Alignment ETF,5,60,14,29,64,1.0,10.0,3.39,0.0,3.42,19.1
109,OEUR.K,ALPS O'Shares Europe Quality Dividend ETF,5,60,14,29,64,1.0,10.0,3.39,0.0,4.1,17.39
109,BMED.K,BlackRock Future Health ETF,5,60,14,29,64,1.0,10.0,3.39,0.0,2.13,18.1
109,RSPE.K,Invesco ESG S&P 500 Equal Weight ETF,5,60,14,29,64,1.0,10.0,3.39,0.0,2.9,17.39
109,EFAS.O,Global X MSCI SuperDividend EAFE ETF,5,60,14,29,64,1.0,10.0,3.39,0.0,1.9,19.26
109,DTRE.K,First Trust Alerian Disruptive Technology Real Est,5,60,14,29,64,1.0,10.0,3.39,0.0,4.01,18.49
109,CIL.O,VictoryShares International Volatility Wtd Idx ETF,5,60,14,29,64,1.0,10.0,3.39,0.0,4.38,18.02
109,UIVM.O,VictoryShares International Value Momentum ETF,5,60,14,29,64,1.0,10.0,3.39,6.49,1.29,17.59
109,DWAT.K,Arrow DWA Tactical: Macro ETF,5,60,14,29,64,1.0,10.0,3.39,0.0,3.04,17.46
109,MOTE.K,VanEck Morningstar ESG Moat ETF,5,60,14,29,64,1.0,10.0,3.39,0.0,3.79,18.16
109,EMDV.K,ProShares MSCI Emerging Markets Dividend Grwrs ETF,5,60,14,29,64,1.0,10.0,3.39,-1.5,2.94,19.07
109,ISZE.K,iShares MSCI Intl Size Factor ETF,5,60,14,29,64,1.0,10.0,3.39,0.0,2.64,16.8
109,OVF,Overlay Shares Foreign Equity ETF,5,60,14,29,64,1.0,10.0,3.39,12.95,2.07,16.94
109,LOPP.K,Gabelli Love Our Planet & People ETF,5,60,14,29,64,1.0,10.0,3.39,0.0,3.75,17.55
109,CVAR.K,Cultivar ETF,5,60,14,29,64,1.0,10.0,3.39,0.0,2.56,17.21
109,ISVL.K,iShares Intl Developed Small Cap Value Factor ETF,5,60,14,29,64,1.0,10.0,3.39,0.0,3.17,17.27
109,FTXG.O,First Trust Nasdaq Food & Beverage ETF,5,60,14,29,64,1.0,10.0,3.39,0.0,3.68,17.02
109,MKOR.K,Matthews Korea Active ETF,5,60,14,29,64,1.0,10.0,3.39,0.0,2.53,16.77
109,FDEM.K,Fidelity Emerging Markets Multifactor ETF,5,60,14,29,64,1.0,10.0,3.39,14.77,2.96,18.03
109,VAMO.K,Cambria Value and Momentum ETF,5,60,14,29,64,1.0,10.0,3.39,9.94,3.21,18.44
109,DIVY.K,Sound Equity Dividend Income ETF,5,60,14,29,64,1.0,10.0,3.39,4.36,3.26,18.75
109,UEVM.O,VictoryShares Emerging Markets Value Momentum ETF,5,60,14,29,64,1.0,10.0,3.39,0.0,1.71,18.7
109,EUDV.K,ProShares MSCI Europe Dividend Growers ETF,5,60,14,29,64,1.0,10.0,3.39,0.0,4.21,18.04
109,CVY,Invesco Zacks Multi-Asset Income ETF,5,60,14,29,64,1.0,10.0,3.39,12.79,4.25,18.14
109,TLTE.K,FlexShares Morningstar Em Mkts Factors Tilt Idx,5,60,14,29,64,1.0,10.0,3.39,11.23,2.43,17.91
109,DIM,WisdomTree International MidCap Dividend Fund,5,60,14,29,64,1.0,10.0,3.39,0.0,4.24,17.69
109,HEEM.K,iShares Currency Hedged MSCI Emerging Markets ETF,5,60,14,29,64,1.0,10.0,3.39,11.94,3.11,18.04
109,ASEA.K,Global X FTSE Southeast Asia ETF,5,60,14,29,64,1.0,10.0,3.39,8.32,1.84,18.25
109,IQDY.K,FlexShares International Quality Div Dyn Idx,5,60,14,29,64,1.0,10.0,3.39,0.0,3.54,18.04
109,RAAX.K,VanEck Inflation Allocation ETF,5,60,14,29,64,1.0,10.0,3.39,1.03,2.79,16.63
109,ROAM.K,Hartford Multifactor Emerging Markets ETF,5,60,14,29,64,1.0,10.0,3.39,0.0,1.62,18.74
109,TOLZ.K,ProShares DJ Brookfield Global Infrastructure ETF,5,60,14,29,64,1.0,10.0,3.39,3.67,3.03,17.0
109,RAYE.K,Rayliant Quantamental Emg Mrkt ex-China Eqty ETF,5,60,14,29,64,1.0,10.0,3.39,0.0,3.34,17.28
109,GDVD.K,Copper Place Global Dividend Growth ETF,5,60,14,29,64,1.0,10.0,3.39,0.0,2.23,20.03
109,IEMG.K,iShares Core MSCI Emerging Markets ETF,5,60,14,29,64,1.0,10.0,3.39,10.92,3.1,19.55
109,FLDZ.K,RiverNorth Patriot ETF,5,60,14,29,74,1.0,10.0,3.07,0.0,3.8,18.08
109,IEMG.K,iShares Core MSCI Emerging Markets ETF,5,60,14,29,74,1.0,10.0,3.07,10.92,3.1,19.55
109,FJP.O,First Trust Japan AlphaDEX Fund,5,60,14,29,74,1.0,10.0,3.07,0.0,3.52,17.98
109,HEEM.K,iShares Currency Hedged MSCI Emerging Markets ETF,5,60,14,29,74,1.0,10.0,3.07,14.11,3.11,18.04
109,GDVD.K,Copper Place Global Dividend Growth ETF,5,60,14,29,74,1.0,10.0,3.07,0.0,2.23,20.03
109,RAYE.K,Rayliant Quantamental Emg Mrkt ex-China Eqty ETF,5,60,14,29,74,1.0,10.0,3.07,0.0,3.34,17.28
109,TOLZ.K,ProShares DJ Brookfield Global Infrastructure ETF,5,60,14,29,74,1.0,10.0,3.07,1.77,3.03,17.0
109,ROAM.K,Hartford Multifactor Emerging Markets ETF,5,60,14,29,74,1.0,10.0,3.07,0.0,1.62,18.74
109,RAAX.K,VanEck Inflation Allocation ETF,5,60,14,29,74,1.0,10.0,3.07,2.06,2.79,16.63
109,IQDY.K,FlexShares International Quality Div Dyn Idx,5,60,14,29,74,1.0,10.0,3.07,0.0,3.54,18.04
109,ASEA.K,Global X FTSE Southeast Asia ETF,5,60,14,29,74,1.0,10.0,3.07,13.01,1.84,18.25
109,DIM,WisdomTree International MidCap Dividend Fund,5,60,14,29,74,1.0,10.0,3.07,0.0,4.24,17.69
109,MKOR.K,Matthews Korea Active ETF,5,60,14,29,74,1.0,10.0,3.07,0.0,2.53,16.77
109,TLTE.K,FlexShares Morningstar Em Mkts Factors Tilt Idx,5,60,14,29,74,1.0,10.0,3.07,11.23,2.43,17.91
109,CVY,Invesco Zacks Multi-Asset Income ETF,5,60,14,29,74,1.0,10.0,3.07,4.31,4.25,18.14
109,EUDV.K,ProShares MSCI Europe Dividend Growers ETF,5,60,14,29,74,1.0,10.0,3.07,0.0,4.21,18.04
109,UEVM.O,VictoryShares Emerging Markets Value Momentum ETF,5,60,14,29,74,1.0,10.0,3.07,0.0,1.71,18.7
109,DIVY.K,Sound Equity Dividend Income ETF,5,60,14,29,74,1.0,10.0,3.07,6.61,3.26,18.75
109,VAMO.K,Cambria Value and Momentum ETF,5,60,14,29,74,1.0,10.0,3.07,7.41,3.21,18.44
109,FDEM.K,Fidelity Emerging Markets Multifactor ETF,5,60,14,29,74,1.0,10.0,3.07,14.77,2.96,18.03
109,FTXG.O,First Trust Nasdaq Food & Beverage ETF,5,60,14,29,74,1.0,10.0,3.07,0.0,3.68,17.02
109,ISVL.K,iShares Intl Developed Small Cap Value Factor ETF,5,60,14,29,74,1.0,10.0,3.07,0.0,3.17,17.27
109,CVAR.K,Cultivar ETF,5,60,14,29,74,1.0,10.0,3.07,0.0,2.56,17.21
109,CIL.O,VictoryShares International Volatility Wtd Idx ETF,5,60,14,29,74,1.0,10.0,3.07,0.0,4.38,18.02
109,LOPP.K,Gabelli Love Our Planet & People ETF,5,60,14,29,74,1.0,10.0,3.07,0.0,3.75,17.55
109,OVF,Overlay Shares Foreign Equity ETF,5,60,14,29,74,1.0,10.0,3.07,12.95,2.07,16.94
109,ISZE.K,iShares MSCI Intl Size Factor ETF,5,60,14,29,74,1.0,10.0,3.07,0.0,2.64,16.8
109,EMDV.K,ProShares MSCI Emerging Markets Dividend Grwrs ETF,5,60,14,29,74,1.0,10.0,3.07,-1.5,2.94,19.07
109,MOTE.K,VanEck Morningstar ESG Moat ETF,5,60,14,29,74,1.0,10.0,3.07,0.0,3.79,18.16
109,DWAT.K,Arrow DWA Tactical: Macro ETF,5,60,14,29,74,1.0,10.0,3.07,0.0,3.04,17.46
109,UIVM.O,VictoryShares International Value Momentum ETF,5,60,14,29,74,1.0,10.0,3.07,2.12,1.29,17.59
109,DTRE.K,First Trust Alerian Disruptive Technology Real Est,5,60,14,29,74,1.0,10.0,3.07,0.0,4.01,18.49
109,RNEM.O,First Trust Emerging Markets Equity Select ETF,5,60,14,29,74,1.0,10.0,3.07,0.0,2.75,17.73
109,EFAS.O,Global X MSCI SuperDividend EAFE ETF,5,60,14,29,74,1.0,10.0,3.07,0.0,1.9,19.26
109,RSPE.K,Invesco ESG S&P 500 Equal Weight ETF,5,60,14,29,74,1.0,10.0,3.07,0.0,2.9,17.39
109,BMED.K,BlackRock Future Health ETF,5,60,14,29,74,1.0,10.0,3.07,0.0,2.13,18.1
109,OEUR.K,ALPS O'Shares Europe Quality Dividend ETF,5,60,14,29,74,1.0,10.0,3.07,0.0,4.1,17.39
109,GGM,GGM Macro Alignment ETF,5,60,14,29,74,1.0,10.0,3.07,0.0,3.42,19.1
109,FLAX.K,Franklin FTSE Asia ex Japan ETF,5,60,14,29,74,1.0,10.0,3.07,10.21,2.52,19.94
109,RUFF.K,Alpha Dog ETF,5,60,14,29,74,1.0,10.0,3.07,25.41,2.21,18.84
109,DGRE.O,WisdomTree Emerging Markets Quality Dividend Gro,5,60,14,29,74,1.0,10.0,3.07,15.05,2.57,19.94
109,DBP,Invesco DB Precious Metals Fund,5,60,14,29,74,1.0,10.0,3.07,0.0,4.3,17.68
109,VXUS.O,Vanguard Total International Stock Index Fund;ETF,5,60,14,29,74,1.0,10.0,3.07,0.0,3.47,17.94
109,IDOG.K,Alps Internatl Sector Dividends Dogs ETF,5,60,14,29,74,1.0,10.0,3.07,0.0,3.45,17.51
109,FYLD.K,Cambria Foreign Shareholder Yield ETF,5,60,14,29,74,1.0,10.0,3.07,6.05,2.47,18.05
109,DFIS.K,DFA Dimensional International Small Cap ETF,5,60,14,29,74,1.0,10.0,3.07,0.0,3.15,18.11
109,CTA,Simplify Managed Futures Strategy ETF,5,60,14,29,74,1.0,10.0,3.07,0.0,2.72,16.94
109,IDV,iShares International Select Dividend ETF,5,60,14,29,74,1.0,10.0,3.07,0.0,2.04,19.19
109,IYZ,iShares US Telecommunications ETF,5,60,14,29,74,1.0,10.0,3.07,0.0,2.72,18.43
109,VSGX.K,Vanguard ESG International Stock ETF,5,60,14,29,74,1.0,10.0,3.07,0.0,4.43,18.44
109,IVLU.K,iShares MSCI Intl Value Factor ETF,5,60,14,29,74,1.0,10.0,3.07,0.0,3.38,18.51
109,ANGL.O,VanEck Fallen Angel High Yield Bond ETF,5,60,14,29,74,1.0,10.0,3.07,0.49,2.88,19.34
109,YMAX.K,YieldMax Universe Fund of Option Income ETFs,5,60,14,29,74,1.0,10.0,3.07,0.0,2.5,18.72
109,DGS,WisdomTree Emerging Markets SmallCap Dividend Fund,5,60,14,29,74,1.0,10.0,3.07,29.23,3.24,18.2
109,REET.K,iShares Global REIT ETF,5,60,14,29,74,1.0,10.0,3.07,0.0,1.43,18.76
109,DFAE.K,DFA Dimensional Emerging Core Equity Market ETF,5,60,14,29,74,1.0,10.0,3.07,7.14,2.84,17.07
109,FLJP.K,Franklin FTSE Japan ETF,5,60,14,29,74,1.0,10.0,3.07,4.32,3.7,17.19
109,DBC,Invesco DB Commodity Index Tracking Fund,5,60,14,29,74,1.0,10.0,3.07,2.77,1.9,17.12
109,IEUR.K,iShares Core MSCI Europe ETF,5,60,14,29,74,1.0,10.0,3.07,0.0,3.52,18.79
109,EWH,iShares MSCI Hong Kong ETF,5,60,14,29,74,1.0,10.0,3.07,-0.47,2.09,19.19
109,EFV,iShares MSCI EAFE Value ETF,5,60,14,29,74,1.0,10.0,3.07,0.0,3.44,19.23
109,RWO,SPDR Dow Jones Global Real Estate ETF,5,60,14,29,74,1.0,10.0,3.07,0.0,3.94,18.44
109,GQRE.K,FlexShares Global Quality Real Estate Index Fund,5,60,14,29,74,1.0,10.0,3.07,0.0,2.73,17.21
109,HDEF.K,Xtrackers MSCI EAFE Hi Dv Yld Eq ETF,5,60,14,29,74,1.0,10.0,3.07,0.0,1.94,17.22
109,DBB,Invesco DB Base Metals Fund,5,60,14,29,74,1.0,10.0,3.07,12.76,2.45,19.18
109,MOTI.K,VanEck Morningstar International Moat ETF,5,60,14,29,74,1.0,10.0,3.07,0.0,2.7,18.97
109,SPRE.K,SP Funds S&P Global REIT Sharia ETF,5,60,14,29,74,1.0,10.0,3.07,0.0,2.3,19.4
109,GWX,SPDR S&P International Small Cap ETF,5,60,14,29,74,1.0,10.0,3.07,0.0,3.63,17.87
109,EUO,ProShares UltraShort Euro,5,60,14,29,74,1.0,10.0,3.07,0.0,3.43,16.81
109,DTH,WisdomTree International High Dividend,5,60,14,29,74,1.0,10.0,3.07,0.0,2.43,18.59
109,DOL,WisdomTree International LargeCap Dividend Fund,5,60,14,29,74,1.0,10.0,3.07,0.0,3.65,18.03
109,FIVA.K,Fidelity International Value Factor ETF,5,60,14,29,74,1.0,10.0,3.07,0.0,2.27,18.41
109,VIDI.K,Vident International Equity Strat ETF,5,60,14,29,74,1.0,10.0,3.07,13.61,1.91,17.77
109,EEMS.K,iShares MSCI Emerging Markets Small-Cap ETF,5,60,14,29,74,1.0,10.0,3.07,0.0,3.79,18.75
109,FGD,First Trust Dow Jones Global Select Dividend Ix Fd,5,60,14,29,74,1.0,10.0,3.07,0.0,2.65,18.54
109,INTF.K,iShares International Equity Factor ETF,5,60,14,29,74,1.0,10.0,3.07,0.0,3.8,17.7
109,JPEM.K,JPMorgan Diversified Return Emerging Mkts Eqty ETF,5,60,14,29,74,1.0,10.0,3.07,25.37,2.62,18.11
109,FDT.O,First Trust Developed Markets ex-US AlphaDEX Fund,5,60,14,29,74,1.0,10.0,3.07,0.0,2.73,18.34
109,EWX,SPDR S&P Emerging Markets Small Cap ETF,5,60,14,29,74,1.0,10.0,3.07,0.0,3.32,18.3
109,DWM,WisdomTree International Equity Fund,5,60,14,29,74,1.0,10.0,3.07,0.0,3.86,17.75
109,PID.O,Invesco International Dividend Achievers ETF,5,60,14,29,74,1.0,10.0,3.07,0.0,4.03,18.2
109,EQUL.K,IQ Engender Equality ETF,5,60,14,29,74,1.0,10.0,3.07,0.0,1.95,17.77
109,FLDZ.K,RiverNorth Patriot ETF,5,60,14,29,79,1.0,10.0,2.55,0.0,3.8,18.08
109,IEMG.K,iShares Core MSCI Emerging Markets ETF,5,60,14,29,79,1.0,10.0,2.55,10.92,3.1,19.55
109,LOPP.K,Gabelli Love Our Planet & People ETF,5,60,14,29,79,1.0,10.0,2.55,0.0,3.75,17.55
109,RAYE.K,Rayliant Quantamental Emg Mrkt ex-China Eqty ETF,5,60,14,29,79,1.0,10.0,2.55,0.0,3.34,17.28
109,TOLZ.K,ProShares DJ Brookfield Global Infrastructure ETF,5,60,14,29,79,1.0,10.0,2.55,1.77,3.03,17.0
109,ROAM.K,Hartford Multifactor Emerging Markets ETF,5,60,14,29,79,1.0,10.0,2.55,0.0,1.62,18.74
109,RAAX.K,VanEck Inflation Allocation ETF,5,60,14,29,79,1.0,10.0,2.55,2.06,2.79,16.63
109,IQDY.K,FlexShares International Quality Div Dyn Idx,5,60,14,29,79,1.0,10.0,2.55,0.0,3.54,18.04
109,ASEA.K,Global X FTSE Southeast Asia ETF,5,60,14,29,79,1.0,10.0,2.55,1.59,1.84,18.25
109,DIM,WisdomTree International MidCap Dividend Fund,5,60,14,29,79,1.0,10.0,2.55,0.0,4.24,17.69
109,MKOR.K,Matthews Korea Active ETF,5,60,14,29,79,1.0,10.0,2.55,0.0,2.53,16.77
109,TLTE.K,FlexShares Morningstar Em Mkts Factors Tilt Idx,5,60,14,29,79,1.0,10.0,2.55,11.23,2.43,17.91
109,CVY,Invesco Zacks Multi-Asset Income ETF,5,60,14,29,79,1.0,10.0,2.55,4.31,4.25,18.14
109,EUDV.K,ProShares MSCI Europe Dividend Growers ETF,5,60,14,29,79,1.0,10.0,2.55,0.0,4.21,18.04
109,UEVM.O,VictoryShares Emerging Markets Value Momentum ETF,5,60,14,29,79,1.0,10.0,2.55,0.0,1.71,18.7
109,DIVY.K,Sound Equity Dividend Income ETF,5,60,14,29,79,1.0,10.0,2.55,8.17,3.26,18.75
109,VAMO.K,Cambria Value and Momentum ETF,5,60,14,29,79,1.0,10.0,2.55,7.41,3.21,18.44
109,FDEM.K,Fidelity Emerging Markets Multifactor ETF,5,60,14,29,79,1.0,10.0,2.55,14.77,2.96,18.03
109,DGRE.O,WisdomTree Emerging Markets Quality Dividend Gro,5,60,14,29,79,1.0,10.0,2.55,3.05,2.57,19.94
109,FJP.O,First Trust Japan AlphaDEX Fund,5,60,14,29,79,1.0,10.0,2.55,0.0,3.52,17.98
109,GDVD.K,Copper Place Global Dividend Growth ETF,5,60,14,29,79,1.0,10.0,2.55,0.0,2.23,20.03
109,HEEM.K,iShares Currency Hedged MSCI Emerging Markets ETF,5,60,14,29,79,1.0,10.0,2.55,15.0,3.11,18.04
109,FTXG.O,First Trust Nasdaq Food & Beverage ETF,5,60,14,29,79,1.0,10.0,2.55,0.0,3.68,17.02
109,EFAS.O,Global X MSCI SuperDividend EAFE ETF,5,60,14,29,79,1.0,10.0,2.55,0.0,1.9,19.26
109,ISZE.K,iShares MSCI Intl Size Factor ETF,5,60,14,29,79,1.0,10.0,2.55,0.0,2.64,16.8
109,EMDV.K,ProShares MSCI Emerging Markets Dividend Grwrs ETF,5,60,14,29,79,1.0,10.0,2.55,-1.5,2.94,19.07
109,MOTE.K,VanEck Morningstar ESG Moat ETF,5,60,14,29,79,1.0,10.0,2.55,0.0,3.79,18.16
109,DWAT.K,Arrow DWA Tactical: Macro ETF,5,60,14,29,79,1.0,10.0,2.55,0.0,3.04,17.46
109,UIVM.O,VictoryShares International Value Momentum ETF,5,60,14,29,79,1.0,10.0,2.55,2.12,1.29,17.59
109,CIL.O,VictoryShares International Volatility Wtd Idx ETF,5,60,14,29,79,1.0,10.0,2.55,0.0,4.38,18.02
109,DTRE.K,First Trust Alerian Disruptive Technology Real Est,5,60,14,29,79,1.0,10.0,2.55,0.0,4.01,18.49
109,RSPE.K,Invesco ESG S&P 500 Equal Weight ETF,5,60,14,29,79,1.0,10.0,2.55,0.0,2.9,17.39
109,ISVL.K,iShares Intl Developed Small Cap Value Factor ETF,5,60,14,29,79,1.0,10.0,2.55,0.0,3.17,17.27
109,BMED.K,BlackRock Future Health ETF,5,60,14,29,79,1.0,10.0,2.55,0.0,2.13,18.1
109,OEUR.K,ALPS O'Shares Europe Quality Dividend ETF,5,60,14,29,79,1.0,10.0,2.55,0.0,4.1,17.39
109,GGM,GGM Macro Alignment ETF,5,60,14,29,79,1.0,10.0,2.55,0.0,3.42,19.1
109,FLAX.K,Franklin FTSE Asia ex Japan ETF,5,60,14,29,79,1.0,10.0,2.55,10.21,2.52,19.94
109,RUFF.K,Alpha Dog ETF,5,60,14,29,79,1.0,10.0,2.55,25.41,2.21,18.84
109,RNEM.O,First Trust Emerging Markets Equity Select ETF,5,60,14,29,79,1.0,10.0,2.55,0.0,2.75,17.73
109,CVAR.K,Cultivar ETF,5,60,14,29,79,1.0,10.0,2.55,0.0,2.56,17.21
109,DBP,Invesco DB Precious Metals Fund,5,60,14,29,79,1.0,10.0,2.55,0.0,4.3,17.68
109,IDOG.K,Alps Internatl Sector Dividends Dogs ETF,5,60,14,29,79,1.0,10.0,2.55,0.0,3.45,17.51
109,MOTI.K,VanEck Morningstar International Moat ETF,5,60,14,29,79,1.0,10.0,2.55,0.0,2.7,18.97
109,DGS,WisdomTree Emerging Markets SmallCap Dividend Fund,5,60,14,29,79,1.0,10.0,2.55,5.52,3.24,18.2
109,CTA,Simplify Managed Futures Strategy ETF,5,60,14,29,79,1.0,10.0,2.55,0.0,2.72,16.94
109,IDV,iShares International Select Dividend ETF,5,60,14,29,79,1.0,10.0,2.55,0.0,2.04,19.19
109,IYZ,iShares US Telecommunications ETF,5,60,14,29,79,1.0,10.0,2.55,0.0,2.72,18.43
109,VSGX.K,Vanguard ESG International Stock ETF,5,60,14,29,79,1.0,10.0,2.55,0.0,4.43,18.44
109,IVLU.K,iShares MSCI Intl Value Factor ETF,5,60,14,29,79,1.0,10.0,2.55,0.0,3.38,18.51
109,ANGL.O,VanEck Fallen Angel High Yield Bond ETF,5,60,14,29,79,1.0,10.0,2.55,0.49,2.88,19.34
109,YMAX.K,YieldMax Universe Fund of Option Income ETFs,5,60,14,29,79,1.0,10.0,2.55,0.0,2.5,18.72
109,REET.K,iShares Global REIT ETF,5,60,14,29,79,1.0,10.0,2.55,0.0,1.43,18.76
109,FYLD.K,Cambria Foreign Shareholder Yield ETF,5,60,14,29,79,1.0,10.0,2.55,1.76,2.47,18.05
109,DFAE.K,DFA Dimensional Emerging Core Equity Market ETF,5,60,14,29,79,1.0,10.0,2.55,7.14,2.84,17.07
109,FLJP.K,Franklin FTSE Japan ETF,5,60,14,29,79,1.0,10.0,2.55,4.32,3.7,17.19
109,DBC,Invesco DB Commodity Index Tracking Fund,5,60,14,29,79,1.0,10.0,2.55,6.46,1.9,17.12
109,IEUR.K,iShares Core MSCI Europe ETF,5,60,14,29,79,1.0,10.0,2.55,0.0,3.52,18.79
109,EWH,iShares MSCI Hong Kong ETF,5,60,14,29,79,1.0,10.0,2.55,-0.47,2.09,19.19
109,EFV,iShares MSCI EAFE Value ETF,5,60,14,29,79,1.0,10.0,2.55,0.0,3.44,19.23
109,VXUS.O,Vanguard Total International Stock Index Fund;ETF,5,60,14,29,79,1.0,10.0,2.55,0.0,3.47,17.94
109,DFIS.K,DFA Dimensional International Small Cap ETF,5,60,14,29,79,1.0,10.0,2.55,0.0,3.15,18.11
109,RWO,SPDR Dow Jones Global Real Estate ETF,5,60,14,29,79,1.0,10.0,2.55,0.0,3.94,18.44
109,SPRE.K,SP Funds S&P Global REIT Sharia ETF,5,60,14,29,79,1.0,10.0,2.55,0.0,2.3,19.4
109,FGD,First Trust Dow Jones Global Select Dividend Ix Fd,5,60,14,29,79,1.0,10.0,2.55,0.0,2.65,18.54
109,GWX,SPDR S&P International Small Cap ETF,5,60,14,29,79,1.0,10.0,2.55,0.0,3.63,17.87
109,EUO,ProShares UltraShort Euro,5,60,14,29,79,1.0,10.0,2.55,0.0,3.43,16.81
109,DTH,WisdomTree International High Dividend,5,60,14,29,79,1.0,10.0,2.55,0.0,2.43,18.59
109,DOL,WisdomTree International LargeCap Dividend Fund,5,60,14,29,79,1.0,10.0,2.55,0.0,3.65,18.03
109,FIVA.K,Fidelity International Value Factor ETF,5,60,14,29,79,1.0,10.0,2.55,0.0,2.27,18.41
109,DBB,Invesco DB Base Metals Fund,5,60,14,29,79,1.0,10.0,2.55,13.61,2.45,19.18
109,VIDI.K,Vident International Equity Strat ETF,5,60,14,29,79,1.0,10.0,2.55,15.24,1.91,17.77
109,INTF.K,iShares International Equity Factor ETF,5,60,14,29,79,1.0,10.0,2.55,0.0,3.8,17.7
109,GQRE.K,FlexShares Global Quality Real Estate Index Fund,5,60,14,29,79,1.0,10.0,2.55,0.0,2.73,17.21
109,JPEM.K,JPMorgan Diversified Return Emerging Mkts Eqty ETF,5,60,14,29,79,1.0,10.0,2.55,25.37,2.62,18.11
109,FDT.O,First Trust Developed Markets ex-US AlphaDEX Fund,5,60,14,29,79,1.0,10.0,2.55,0.0,2.73,18.34
109,EWX,SPDR S&P Emerging Markets Small Cap ETF,5,60,14,29,79,1.0,10.0,2.55,0.0,3.32,18.3
109,DWM,WisdomTree International Equity Fund,5,60,14,29,79,1.0,10.0,2.55,0.0,3.86,17.75
109,PID.O,Invesco International Dividend Achievers ETF,5,60,14,29,79,1.0,10.0,2.55,0.0,4.03,18.2
109,EEMS.K,iShares MSCI Emerging Markets Small-Cap ETF,5,60,14,29,79,1.0,10.0,2.55,0.0,3.79,18.75
109,HDEF.K,Xtrackers MSCI EAFE Hi Dv Yld Eq ETF,5,60,14,29,79,1.0,10.0,2.55,0.0,1.94,17.22
109,OVF,Overlay Shares Foreign Equity ETF,5,60,14,29,79,1.0,10.0,2.55,12.95,2.07,16.94
109,EQUL.K,IQ Engender Equality ETF,5,60,14,29,79,1.0,10.0,2.55,0.0,1.95,17.77
109,EFV,iShares MSCI EAFE Value ETF,5,120,14,29,54,1.0,10.0,2.31,0.0,3.44,19.23
109,FTXG.O,First Trust Nasdaq Food & Beverage ETF,5,120,14,29,54,1.0,10.0,2.31,0.0,3.68,17.02
109,GDVD.K,Copper Place Global Dividend Growth ETF,5,120,14,29,54,1.0,10.0,2.31,0.0,2.23,20.03
109,RAYE.K,Rayliant Quantamental Emg Mrkt ex-China Eqty ETF,5,120,14,29,54,1.0,10.0,2.31,0.0,3.34,17.28
109,TOLZ.K,ProShares DJ Brookfield Global Infrastructure ETF,5,120,14,29,54,1.0,10.0,2.31,0.0,3.03,17.0
109,ROAM.K,Hartford Multifactor Emerging Markets ETF,5,120,14,29,54,1.0,10.0,2.31,0.0,1.62,18.74
109,RAAX.K,VanEck Inflation Allocation ETF,5,120,14,29,54,1.0,10.0,2.31,12.83,2.79,16.63
109,IQDY.K,FlexShares International Quality Div Dyn Idx,5,120,14,29,54,1.0,10.0,2.31,0.0,3.54,18.04
109,ASEA.K,Global X FTSE Southeast Asia ETF,5,120,14,29,54,1.0,10.0,2.31,0.0,1.84,18.25
109,DIM,WisdomTree International MidCap Dividend Fund,5,120,14,29,54,1.0,10.0,2.31,0.0,4.24,17.69
109,MKOR.K,Matthews Korea Active ETF,5,120,14,29,54,1.0,10.0,2.31,0.0,2.53,16.77
109,TLTE.K,FlexShares Morningstar Em Mkts Factors Tilt Idx,5,120,14,29,54,1.0,10.0,2.31,0.0,2.43,17.91
109,CVY,Invesco Zacks Multi-Asset Income ETF,5,120,14,29,54,1.0,10.0,2.31,9.86,4.25,18.14
109,EUDV.K,ProShares MSCI Europe Dividend Growers ETF,5,120,14,29,54,1.0,10.0,2.31,0.0,4.21,18.04
109,UEVM.O,VictoryShares Emerging Markets Value Momentum ETF,5,120,14,29,54,1.0,10.0,2.31,0.0,1.71,18.7
109,DIVY.K,Sound Equity Dividend Income ETF,5,120,14,29,54,1.0,10.0,2.31,0.0,3.26,18.75
109,VAMO.K,Cambria Value and Momentum ETF,5,120,14,29,54,1.0,10.0,2.31,48.19,3.21,18.44
109,FDEM.K,Fidelity Emerging Markets Multifactor ETF,5,120,14,29,54,1.0,10.0,2.31,9.9,2.96,18.03
109,DGRE.O,WisdomTree Emerging Markets Quality Dividend Gro,5,120,14,29,54,1.0,10.0,2.31,0.0,2.57,19.94
109,HEEM.K,iShares Currency Hedged MSCI Emerging Markets ETF,5,120,14,29,54,1.0,10.0,2.31,9.06,3.11,18.04
109,ISVL.K,iShares Intl Developed Small Cap Value Factor ETF,5,120,14,29,54,1.0,10.0,2.31,0.0,3.17,17.27
109,IEMG.K,iShares Core MSCI Emerging Markets ETF,5,120,14,29,54,1.0,10.0,2.31,0.0,3.1,19.55
109,CVAR.K,Cultivar ETF,5,120,14,29,54,1.0,10.0,2.31,0.0,2.56,17.21
109,LOPP.K,Gabelli Love Our Planet & People ETF,5,120,14,29,54,1.0,10.0,2.31,0.0,3.75,17.55
109,OVF,Overlay Shares Foreign Equity ETF,5,120,14,29,54,1.0,10.0,2.31,10.33,2.07,16.94
109,ISZE.K,iShares MSCI Intl Size Factor ETF,5,120,14,29,54,1.0,10.0,2.31,0.0,2.64,16.8
109,EMDV.K,ProShares MSCI Emerging Markets Dividend Grwrs ETF,5,120,14,29,54,1.0,10.0,2.31,0.0,2.94,19.07
109,MOTE.K,VanEck Morningstar ESG Moat ETF,5,120,14,29,54,1.0,10.0,2.31,0.0,3.79,18.16
109,DWAT.K,Arrow DWA Tactical: Macro ETF,5,120,14,29,54,1.0,10.0,2.31,0.0,3.04,17.46
109,UIVM.O,VictoryShares International Value Momentum ETF,5,120,14,29,54,1.0,10.0,2.31,0.0,1.29,17.59
109,CIL.O,VictoryShares International Volatility Wtd Idx ETF,5,120,14,29,54,1.0,10.0,2.31,0.0,4.38,18.02
109,DTRE.K,First Trust Alerian Disruptive Technology Real Est,5,120,14,29,54,1.0,10.0,2.31,0.0,4.01,18.49
109,EFAS.O,Global X MSCI SuperDividend EAFE ETF,5,120,14,29,54,1.0,10.0,2.31,0.0,1.9,19.26
109,RSPE.K,Invesco ESG S&P 500 Equal Weight ETF,5,120,14,29,54,1.0,10.0,2.31,0.0,2.9,17.39
109,BMED.K,BlackRock Future Health ETF,5,120,14,29,54,1.0,10.0,2.31,0.0,2.13,18.1
109,OEUR.K,ALPS O'Shares Europe Quality Dividend ETF,5,120,14,29,54,1.0,10.0,2.31,0.0,4.1,17.39
109,GGM,GGM Macro Alignment ETF,5,120,14,29,54,1.0,10.0,2.31,0.0,3.42,19.1
109,FLAX.K,Franklin FTSE Asia ex Japan ETF,5,120,14,29,54,1.0,10.0,2.31,0.0,2.52,19.94
109,RUFF.K,Alpha Dog ETF,5,120,14,29,54,1.0,10.0,2.31,0.0,2.21,18.84
109,RNEM.O,First Trust Emerging Markets Equity Select ETF,5,120,14,29,54,1.0,10.0,2.31,0.0,2.75,17.73
109,FJP.O,First Trust Japan AlphaDEX Fund,5,120,14,29,54,1.0,10.0,2.31,0.0,3.52,17.98
109,VXUS.O,Vanguard Total International Stock Index Fund;ETF,5,120,14,29,54,1.0,10.0,2.31,0.0,3.47,17.94
109,DBP,Invesco DB Precious Metals Fund,5,120,14,29,54,1.0,10.0,2.31,0.0,4.3,17.68
109,IDOG.K,Alps Internatl Sector Dividends Dogs ETF,5,120,14,29,54,1.0,10.0,2.31,0.0,3.45,17.51
109,FYLD.K,Cambria Foreign Shareholder Yield ETF,5,120,14,29,54,1.0,10.0,2.31,13.53,2.47,18.05
109,DFIS.K,DFA Dimensional International Small Cap ETF,5,120,14,29,54,1.0,10.0,2.31,0.0,3.15,18.11
109,CTA,Simplify Managed Futures Strategy ETF,5,120,14,29,54,1.0,10.0,2.31,0.0,2.72,16.94
109,IDV,iShares International Select Dividend ETF,5,120,14,29,54,1.0,10.0,2.31,0.0,2.04,19.19
109,IYZ,iShares US Telecommunications ETF,5,120,14,29,54,1.0,10.0,2.31,0.0,2.72,18.43
109,VSGX.K,Vanguard ESG International Stock ETF,5,120,14,29,54,1.0,10.0,2.31,0.0,4.43,18.44
109,IVLU.K,iShares MSCI Intl Value Factor ETF,5,120,14,29,54,1.0,10.0,2.31,0.0,3.38,18.51
109,ANGL.O,VanEck Fallen Angel High Yield Bond ETF,5,120,14,29,54,1.0,10.0,2.31,0.0,2.88,19.34
109,YMAX.K,YieldMax Universe Fund of Option Income ETFs,5,120,14,29,54,1.0,10.0,2.31,0.0,2.5,18.72
109,DGS,WisdomTree Emerging Markets SmallCap Dividend Fund,5,120,14,29,54,1.0,10.0,2.31,0.0,3.24,18.2
109,REET.K,iShares Global REIT ETF,5,120,14,29,54,1.0,10.0,2.31,0.0,1.43,18.76
109,DFAE.K,DFA Dimensional Emerging Core Equity Market ETF,5,120,14,29,54,1.0,10.0,2.31,0.0,2.84,17.07
109,FLJP.K,Franklin FTSE Japan ETF,5,120,14,29,54,1.0,10.0,2.31,0.0,3.7,17.19
109,DBC,Invesco DB Commodity Index Tracking Fund,5,120,14,29,54,1.0,10.0,2.31,12.59,1.9,17.12
109,IEUR.K,iShares Core MSCI Europe ETF,5,120,14,29,54,1.0,10.0,2.31,0.0,3.52,18.79
109,EWH,iShares MSCI Hong Kong ETF,5,120,14,29,54,1.0,10.0,2.31,0.0,2.09,19.19
109,FLDZ.K,RiverNorth Patriot ETF,5,120,14,29,54,1.0,10.0,2.31,0.0,3.8,18.08
109,RWO,SPDR Dow Jones Global Real Estate ETF,5,120,14,29,54,1.0,10.0,2.31,0.0,3.94,18.44
109,GQRE.K,FlexShares Global Quality Real Estate Index Fund,5,120,14,29,54,1.0,10.0,2.31,0.0,2.73,17.21
109,HDEF.K,Xtrackers MSCI EAFE Hi Dv Yld Eq ETF,5,120,14,29,54,1.0,10.0,2.31,0.0,1.94,17.22
109,EEMS.K,iShares MSCI Emerging Markets Small-Cap ETF,5,120,14,29,54,1.0,10.0,2.31,0.0,3.79,18.75
109,MOTI.K,VanEck Morningstar International Moat ETF,5,120,14,29,54,1.0,10.0,2.31,0.0,2.7,18.97
109,SPRE.K,SP Funds S&P Global REIT Sharia ETF,5,120,14,29,54,1.0,10.0,2.31,0.0,2.3,19.4
109,GWX,SPDR S&P International Small Cap ETF,5,120,14,29,54,1.0,10.0,2.31,0.0,3.63,17.87
109,EUO,ProShares UltraShort Euro,5,120,14,29,54,1.0,10.0,2.31,0.0,3.43,16.81
109,DTH,WisdomTree International High Dividend,5,120,14,29,54,1.0,10.0,2.31,0.0,2.43,18.59
109,DOL,WisdomTree International LargeCap Dividend Fund,5,120,14,29,54,1.0,10.0,2.31,0.0,3.65,18.03
109,FIVA.K,Fidelity International Value Factor ETF,5,120,14,29,54,1.0,10.0,2.31,0.0,2.27,18.41
109,DBB,Invesco DB Base Metals Fund,5,120,14,29,54,1.0,10.0,2.31,35.23,2.45,19.18
109,VIDI.K,Vident International Equity Strat ETF,5,120,14,29,54,1.0,10.0,2.31,0.0,1.91,17.77
109,FGD,First Trust Dow Jones Global Select Dividend Ix Fd,5,120,14,29,54,1.0,10.0,2.31,0.0,2.65,18.54
109,INTF.K,iShares International Equity Factor ETF,5,120,14,29,54,1.0,10.0,2.31,0.0,3.8,17.7
109,JPEM.K,JPMorgan Diversified Return Emerging Mkts Eqty ETF,5,120,14,29,54,1.0,10.0,2.31,27.62,2.62,18.11
109,FDT.O,First Trust Developed Markets ex-US AlphaDEX Fund,5,120,14,29,54,1.0,10.0,2.31,0.0,2.73,18.34
109,EWX,SPDR S&P Emerging Markets Small Cap ETF,5,120,14,29,54,1.0,10.0,2.31,0.0,3.32,18.3
109,DWM,WisdomTree International Equity Fund,5,120,14,29,54,1.0,10.0,2.31,0.0,3.86,17.75
109,PID.O,Invesco International Dividend Achievers ETF,5,120,14,29,54,1.0,10.0,2.31,0.0,4.03,18.2
109,EQUL.K,IQ Engender Equality ETF,5,120,14,29,54,1.0,10.0,2.31,0.0,1.95,17.77
109,OVF,Overlay Shares Foreign Equity ETF,5,120,14,29,59,1.0,10.0,2.25,12.41,2.07,16.94
109,LOPP.K,Gabelli Love Our Planet & People ETF,5,120,14,29,59,1.0,10.0,2.25,0.0,3.75,17.55
109,ISZE.K,iShares MSCI Intl Size Factor ETF,5,120,14,29,59,1.0,10.0,2.25,0.0,2.64,16.8
109,GDVD.K,Copper Place Global Dividend Growth ETF,5,120,14,29,59,1.0,10.0,2.25,0.0,2.23,20.03
109,ROAM.K,Hartford Multifactor Emerging Markets ETF,5,120,14,29,59,1.0,10.0,2.25,0.0,1.62,18.74
109,RAAX.K,VanEck Inflation Allocation ETF,5,120,14,29,59,1.0,10.0,2.25,-1.4,2.79,16.63
109,IQDY.K,FlexShares International Quality Div Dyn Idx,5,120,14,29,59,1.0,10.0,2.25,0.0,3.54,18.04
109,ASEA.K,Global X FTSE Southeast Asia ETF,5,120,14,29,59,1.0,10.0,2.25,0.0,1.84,18.25
109,DIM,WisdomTree International MidCap Dividend Fund,5,120,14,29,59,1.0,10.0,2.25,0.0,4.24,17.69
109,MKOR.K,Matthews Korea Active ETF,5,120,14,29,59,1.0,10.0,2.25,0.0,2.53,16.77
109,TLTE.K,FlexShares Morningstar Em Mkts Factors Tilt Idx,5,120,14,29,59,1.0,10.0,2.25,0.0,2.43,17.91
109,CVY,Invesco Zacks Multi-Asset Income ETF,5,120,14,29,59,1.0,10.0,2.25,10.02,4.25,18.14
109,EUDV.K,ProShares MSCI Europe Dividend Growers ETF,5,120,14,29,59,1.0,10.0,2.25,0.0,4.21,18.04
109,UEVM.O,VictoryShares Emerging Markets Value Momentum ETF,5,120,14,29,59,1.0,10.0,2.25,0.0,1.71,18.7
109,DIVY.K,Sound Equity Dividend Income ETF,5,120,14,29,59,1.0,10.0,2.25,0.0,3.26,18.75
109,VAMO.K,Cambria Value and Momentum ETF,5,120,14,29,59,1.0,10.0,2.25,58.28,3.21,18.44
109,FDEM.K,Fidelity Emerging Markets Multifactor ETF,5,120,14,29,59,1.0,10.0,2.25,12.35,2.96,18.03
109,DGRE.O,WisdomTree Emerging Markets Quality Dividend Gro,5,120,14,29,59,1.0,10.0,2.25,0.0,2.57,19.94
109,FJP.O,First Trust Japan AlphaDEX Fund,5,120,14,29,59,1.0,10.0,2.25,0.0,3.52,17.98
109,DBP,Invesco DB Precious Metals Fund,5,120,14,29,59,1.0,10.0,2.25,0.0,4.3,17.68
109,IDOG.K,Alps Internatl Sector Dividends Dogs ETF,5,120,14,29,59,1.0,10.0,2.25,0.0,3.45,17.51
109,RAYE.K,Rayliant Quantamental Emg Mrkt ex-China Eqty ETF,5,120,14,29,59,1.0,10.0,2.25,0.0,3.34,17.28
109,HEEM.K,iShares Currency Hedged MSCI Emerging Markets ETF,5,120,14,29,59,1.0,10.0,2.25,11.54,3.11,18.04
109,SPRE.K,SP Funds S&P Global REIT Sharia ETF,5,120,14,29,59,1.0,10.0,2.25,0.0,2.3,19.4
109,FTXG.O,First Trust Nasdaq Food & Beverage ETF,5,120,14,29,59,1.0,10.0,2.25,0.0,3.68,17.02
109,FLDZ.K,RiverNorth Patriot ETF,5,120,14,29,59,1.0,10.0,2.25,0.0,3.8,18.08
109,EMDV.K,ProShares MSCI Emerging Markets Dividend Grwrs ETF,5,120,14,29,59,1.0,10.0,2.25,0.0,2.94,19.07
109,MOTE.K,VanEck Morningstar ESG Moat ETF,5,120,14,29,59,1.0,10.0,2.25,0.0,3.79,18.16
109,DWAT.K,Arrow DWA Tactical: Macro ETF,5,120,14,29,59,1.0,10.0,2.25,0.0,3.04,17.46
109,UIVM.O,VictoryShares International Value Momentum ETF,5,120,14,29,59,1.0,10.0,2.25,0.0,1.29,17.59
109,CIL.O,VictoryShares International Volatility Wtd Idx ETF,5,120,14,29,59,1.0,10.0,2.25,0.0,4.38,18.02
109,DTRE.K,First Trust Alerian Disruptive Technology Real Est,5,120,14,29,59,1.0,10.0,2.25,0.0,4.01,18.49
109,EFAS.O,Global X MSCI SuperDividend EAFE ETF,5,120,14,29,59,1.0,10.0,2.25,0.0,1.9,19.26
109,RSPE.K,Invesco ESG S&P 500 Equal Weight ETF,5,120,14,29,59,1.0,10.0,2.25,0.0,2.9,17.39
109,BMED.K,BlackRock Future Health ETF,5,120,14,29,59,1.0,10.0,2.25,0.0,2.13,18.1
109,OEUR.K,ALPS O'Shares Europe Quality Dividend ETF,5,120,14,29,59,1.0,10.0,2.25,0.0,4.1,17.39
109,GGM,GGM Macro Alignment ETF,5,120,14,29,59,1.0,10.0,2.25,0.0,3.42,19.1
109,FLAX.K,Franklin FTSE Asia ex Japan ETF,5,120,14,29,59,1.0,10.0,2.25,0.0,2.52,19.94
109,RUFF.K,Alpha Dog ETF,5,120,14,29,59,1.0,10.0,2.25,0.0,2.21,18.84
109,RNEM.O,First Trust Emerging Markets Equity Select ETF,5,120,14,29,59,1.0,10.0,2.25,0.0,2.75,17.73
109,CVAR.K,Cultivar ETF,5,120,14,29,59,1.0,10.0,2.25,0.0,2.56,17.21
109,ISVL.K,iShares Intl Developed Small Cap Value Factor ETF,5,120,14,29,59,1.0,10.0,2.25,0.0,3.17,17.27
109,MOTI.K,VanEck Morningstar International Moat ETF,5,120,14,29,59,1.0,10.0,2.25,0.0,2.7,18.97
109,TOLZ.K,ProShares DJ Brookfield Global Infrastructure ETF,5,120,14,29,59,1.0,10.0,2.25,0.0,3.03,17.0
109,GWX,SPDR S&P International Small Cap ETF,5,120,14,29,59,1.0,10.0,2.25,0.0,3.63,17.87
109,DFIS.K,DFA Dimensional International Small Cap ETF,5,120,14,29,59,1.0,10.0,2.25,0.0,3.15,18.11
109,IDV,iShares International Select Dividend ETF,5,120,14,29,59,1.0,10.0,2.25,0.0,2.04,19.19
109,IYZ,iShares US Telecommunications ETF,5,120,14,29,59,1.0,10.0,2.25,0.0,2.72,18.43
109,VSGX.K,Vanguard ESG International Stock ETF,5,120,14,29,59,1.0,10.0,2.25,0.0,4.43,18.44
109,IVLU.K,iShares MSCI Intl Value Factor ETF,5,120,14,29,59,1.0,10.0,2.25,0.0,3.38,18.51
109,ANGL.O,VanEck Fallen Angel High Yield Bond ETF,5,120,14,29,59,1.0,10.0,2.25,0.0,2.88,19.34
109,YMAX.K,YieldMax Universe Fund of Option Income ETFs,5,120,14,29,59,1.0,10.0,2.25,0.0,2.5,18.72
109,REET.K,iShares Global REIT ETF,5,120,14,29,59,1.0,10.0,2.25,0.0,1.43,18.76
109,DFAE.K,DFA Dimensional Emerging Core Equity Market ETF,5,120,14,29,59,1.0,10.0,2.25,0.0,2.84,17.07
109,FLJP.K,Franklin FTSE Japan ETF,5,120,14,29,59,1.0,10.0,2.25,0.0,3.7,17.19
109,DBC,Invesco DB Commodity Index Tracking Fund,5,120,14,29,59,1.0,10.0,2.25,13.28,1.9,17.12
109,IEUR.K,iShares Core MSCI Europe ETF,5,120,14,29,59,1.0,10.0,2.25,0.0,3.52,18.79
109,EWH,iShares MSCI Hong Kong ETF,5,120,14,29,59,1.0,10.0,2.25,0.0,2.09,19.19
109,EFV,iShares MSCI EAFE Value ETF,5,120,14,29,59,1.0,10.0,2.25,0.0,3.44,19.23
109,VXUS.O,Vanguard Total International Stock Index Fund;ETF,5,120,14,29,59,1.0,10.0,2.25,0.0,3.47,17.94
109,IEMG.K,iShares Core MSCI Emerging Markets ETF,5,120,14,29,59,1.0,10.0,2.25,0.0,3.1,19.55
109,EQUL.K,IQ Engender Equality ETF,5,120,14,29,59,1.0,10.0,2.25,0.0,1.95,17.77
109,EUO,ProShares UltraShort Euro,5,120,14,29,59,1.0,10.0,2.25,0.0,3.43,16.81
109,CTA,Simplify Managed Futures Strategy ETF,5,120,14,29,59,1.0,10.0,2.25,0.0,2.72,16.94
109,DGS,WisdomTree Emerging Markets SmallCap Dividend Fund,5,120,14,29,59,1.0,10.0,2.25,0.0,3.24,18.2
109,FYLD.K,Cambria Foreign Shareholder Yield ETF,5,120,14,29,59,1.0,10.0,2.25,14.89,2.47,18.05
109,FDT.O,First Trust Developed Markets ex-US AlphaDEX Fund,5,120,14,29,59,1.0,10.0,2.25,0.0,2.73,18.34
109,DOL,WisdomTree International LargeCap Dividend Fund,5,120,14,29,59,1.0,10.0,2.25,0.0,3.65,18.03
109,FIVA.K,Fidelity International Value Factor ETF,5,120,14,29,59,1.0,10.0,2.25,0.0,2.27,18.41
109,DBB,Invesco DB Base Metals Fund,5,120,14,29,59,1.0,10.0,2.25,34.53,2.45,19.18
109,VIDI.K,Vident International Equity Strat ETF,5,120,14,29,59,1.0,10.0,2.25,0.0,1.91,17.77
109,FGD,First Trust Dow Jones Global Select Dividend Ix Fd,5,120,14,29,59,1.0,10.0,2.25,0.0,2.65,18.54
109,INTF.K,iShares International Equity Factor ETF,5,120,14,29,59,1.0,10.0,2.25,0.0,3.8,17.7
109,JPEM.K,JPMorgan Diversified Return Emerging Mkts Eqty ETF,5,120,14,29,59,1.0,10.0,2.25,18.51,2.62,18.11
109,DTH,WisdomTree International High Dividend,5,120,14,29,59,1.0,10.0,2.25,0.0,2.43,18.59
109,EWX,SPDR S&P Emerging Markets Small Cap ETF,5,120,14,29,59,1.0,10.0,2.25,0.0,3.32,18.3
109,PID.O,Invesco International Dividend Achievers ETF,5,120,14,29,59,1.0,10.0,2.25,0.0,4.03,18.2
109,EEMS.K,iShares MSCI Emerging Markets Small-Cap ETF,5,120,14,29,59,1.0,10.0,2.25,0.0,3.79,18.75
109,HDEF.K,Xtrackers MSCI EAFE Hi Dv Yld Eq ETF,5,120,14,29,59,1.0,10.0,2.25,0.0,1.94,17.22
109,GQRE.K,FlexShares Global Quality Real Estate Index Fund,5,120,14,29,59,1.0,10.0,2.25,0.0,2.73,17.21
109,RWO,SPDR Dow Jones Global Real Estate ETF,5,120,14,29,59,1.0,10.0,2.25,0.0,3.94,18.44
109,DWM,WisdomTree International Equity Fund,5,120,14,29,59,1.0,10.0,2.25,0.0,3.86,17.75
109,TLTE.K,FlexShares Morningstar Em Mkts Factors Tilt Idx,5,120,14,29,69,1.0,10.0,2.2,0.0,2.43,17.91
109,RAYE.K,Rayliant Quantamental Emg Mrkt ex-China Eqty ETF,5,120,14,29,69,1.0,10.0,2.2,0.0,3.34,17.28
109,TOLZ.K,ProShares DJ Brookfield Global Infrastructure ETF,5,120,14,29,69,1.0,10.0,2.2,0.0,3.03,17.0
109,ROAM.K,Hartford Multifactor Emerging Markets ETF,5,120,14,29,69,1.0,10.0,2.2,0.0,1.62,18.74
109,RAAX.K,VanEck Inflation Allocation ETF,5,120,14,29,69,1.0,10.0,2.2,3.18,2.79,16.63
109,IQDY.K,FlexShares International Quality Div Dyn Idx,5,120,14,29,69,1.0,10.0,2.2,0.0,3.54,18.04
109,ASEA.K,Global X FTSE Southeast Asia ETF,5,120,14,29,69,1.0,10.0,2.2,0.0,1.84,18.25
109,DIM,WisdomTree International MidCap Dividend Fund,5,120,14,29,69,1.0,10.0,2.2,0.0,4.24,17.69
109,MKOR.K,Matthews Korea Active ETF,5,120,14,29,69,1.0,10.0,2.2,0.0,2.53,16.77
109,UEVM.O,VictoryShares Emerging Markets Value Momentum ETF,5,120,14,29,69,1.0,10.0,2.2,0.0,1.71,18.7
109,CVY,Invesco Zacks Multi-Asset Income ETF,5,120,14,29,69,1.0,10.0,2.2,3.84,4.25,18.14
109,EUDV.K,ProShares MSCI Europe Dividend Growers ETF,5,120,14,29,69,1.0,10.0,2.2,0.0,4.21,18.04
109,DIVY.K,Sound Equity Dividend Income ETF,5,120,14,29,69,1.0,10.0,2.2,0.0,3.26,18.75
109,VAMO.K,Cambria Value and Momentum ETF,5,120,14,29,69,1.0,10.0,2.2,55.29,3.21,18.44
109,FDEM.K,Fidelity Emerging Markets Multifactor ETF,5,120,14,29,69,1.0,10.0,2.2,14.25,2.96,18.03
109,DGRE.O,WisdomTree Emerging Markets Quality Dividend Gro,5,120,14,29,69,1.0,10.0,2.2,0.0,2.57,19.94
109,FJP.O,First Trust Japan AlphaDEX Fund,5,120,14,29,69,1.0,10.0,2.2,0.0,3.52,17.98
109,HEEM.K,iShares Currency Hedged MSCI Emerging Markets ETF,5,120,14,29,69,1.0,10.0,2.2,15.39,3.11,18.04
109,GDVD.K,Copper Place Global Dividend Growth ETF,5,120,14,29,69,1.0,10.0,2.2,0.0,2.23,20.03
109,OVF,Overlay Shares Foreign Equity ETF,5,120,14,29,69,1.0,10.0,2.2,12.41,2.07,16.94
109,FTXG.O,First Trust Nasdaq Food & Beverage ETF,5,120,14,29,69,1.0,10.0,2.2,0.0,3.68,17.02
109,ISVL.K,iShares Intl Developed Small Cap Value Factor ETF,5,120,14,29,69,1.0,10.0,2.2,0.0,3.17,17.27
109,IDOG.K,Alps Internatl Sector Dividends Dogs ETF,5,120,14,29,69,1.0,10.0,2.2,0.0,3.45,17.51
109,ISZE.K,iShares MSCI Intl Size Factor ETF,5,120,14,29,69,1.0,10.0,2.2,0.0,2.64,16.8
109,EMDV.K,ProShares MSCI Emerging Markets Dividend Grwrs ETF,5,120,14,29,69,1.0,10.0,2.2,0.0,2.94,19.07
109,MOTE.K,VanEck Morningstar ESG Moat ETF,5,120,14,29,69,1.0,10.0,2.2,0.0,3.79,18.16
109,DWAT.K,Arrow DWA Tactical: Macro ETF,5,120,14,29,69,1.0,10.0,2.2,0.0,3.04,17.46
109,UIVM.O,VictoryShares International Value Momentum ETF,5,120,14,29,69,1.0,10.0,2.2,0.0,1.29,17.59
109,CIL.O,VictoryShares International Volatility Wtd Idx ETF,5,120,14,29,69,1.0,10.0,2.2,0.0,4.38,18.02
109,DTRE.K,First Trust Alerian Disruptive Technology Real Est,5,120,14,29,69,1.0,10.0,2.2,0.0,4.01,18.49
109,EFAS.O,Global X MSCI SuperDividend EAFE ETF,5,120,14,29,69,1.0,10.0,2.2,0.0,1.9,19.26
109,RSPE.K,Invesco ESG S&P 500 Equal Weight ETF,5,120,14,29,69,1.0,10.0,2.2,0.0,2.9,17.39
109,BMED.K,BlackRock Future Health ETF,5,120,14,29,69,1.0,10.0,2.2,0.0,2.13,18.1
109,OEUR.K,ALPS O'Shares Europe Quality Dividend ETF,5,120,14,29,69,1.0,10.0,2.2,0.0,4.1,17.39
109,GGM,GGM Macro Alignment ETF,5,120,14,29,69,1.0,10.0,2.2,0.0,3.42,19.1
109,FLAX.K,Franklin FTSE Asia ex Japan ETF,5,120,14,29,69,1.0,10.0,2.2,0.0,2.52,19.94
109,RUFF.K,Alpha Dog ETF,5,120,14,29,69,1.0,10.0,2.2,0.0,2.21,18.84
109,RNEM.O,First Trust Emerging Markets Equity Select ETF,5,120,14,29,69,1.0,10.0,2.2,0.0,2.75,17.73
109,CVAR.K,Cultivar ETF,5,120,14,29,69,1.0,10.0,2.2,0.0,2.56,17.21
109,DBP,Invesco DB Precious Metals Fund,5,120,14,29,69,1.0,10.0,2.2,0.0,4.3,17.68
109,EQUL.K,IQ Engender Equality ETF,5,120,14,29,69,1.0,10.0,2.2,0.0,1.95,17.77
109,MOTI.K,VanEck Morningstar International Moat ETF,5,120,14,29,69,1.0,10.0,2.2,0.0,2.7,18.97
109,DFIS.K,DFA Dimensional International Small Cap ETF,5,120,14,29,69,1.0,10.0,2.2,0.0,3.15,18.11
109,IDV,iShares International Select Dividend ETF,5,120,14,29,69,1.0,10.0,2.2,0.0,2.04,19.19
109,IYZ,iShares US Telecommunications ETF,5,120,14,29,69,1.0,10.0,2.2,0.0,2.72,18.43
109,VSGX.K,Vanguard ESG International Stock ETF,5,120,14,29,69,1.0,10.0,2.2,0.0,4.43,18.44
109,IVLU.K,iShares MSCI Intl Value Factor ETF,5,120,14,29,69,1.0,10.0,2.2,0.0,3.38,18.51
109,ANGL.O,VanEck Fallen Angel High Yield Bond ETF,5,120,14,29,69,1.0,10.0,2.2,0.0,2.88,19.34
109,YMAX.K,YieldMax Universe Fund of Option Income ETFs,5,120,14,29,69,1.0,10.0,2.2,0.0,2.5,18.72
109,DGS,WisdomTree Emerging Markets SmallCap Dividend Fund,5,120,14,29,69,1.0,10.0,2.2,0.0,3.24,18.2
109,REET.K,iShares Global REIT ETF,5,120,14,29,69,1.0,10.0,2.2,0.0,1.43,18.76
109,DFAE.K,DFA Dimensional Emerging Core Equity Market ETF,5,120,14,29,69,1.0,10.0,2.2,0.0,2.84,17.07
109,FLJP.K,Franklin FTSE Japan ETF,5,120,14,29,69,1.0,10.0,2.2,0.0,3.7,17.19
109,DBC,Invesco DB Commodity Index Tracking Fund,5,120,14,29,69,1.0,10.0,2.2,6.88,1.9,17.12
109,IEUR.K,iShares Core MSCI Europe ETF,5,120,14,29,69,1.0,10.0,2.2,0.0,3.52,18.79
109,EWH,iShares MSCI Hong Kong ETF,5,120,14,29,69,1.0,10.0,2.2,0.0,2.09,19.19
109,EFV,iShares MSCI EAFE Value ETF,5,120,14,29,69,1.0,10.0,2.2,0.0,3.44,19.23
109,VXUS.O,Vanguard Total International Stock Index Fund;ETF,5,120,14,29,69,1.0,10.0,2.2,0.0,3.47,17.94
109,IEMG.K,iShares Core MSCI Emerging Markets ETF,5,120,14,29,69,1.0,10.0,2.2,0.0,3.1,19.55
109,FLDZ.K,RiverNorth Patriot ETF,5,120,14,29,69,1.0,10.0,2.2,0.0,3.8,18.08
109,CTA,Simplify Managed Futures Strategy ETF,5,120,14,29,69,1.0,10.0,2.2,0.0,2.72,16.94
109,FYLD.K,Cambria Foreign Shareholder Yield ETF,5,120,14,29,69,1.0,10.0,2.2,17.16,2.47,18.05
109,SPRE.K,SP Funds S&P Global REIT Sharia ETF,5,120,14,29,69,1.0,10.0,2.2,0.0,2.3,19.4
109,RWO,SPDR Dow Jones Global Real Estate ETF,5,120,14,29,69,1.0,10.0,2.2,0.0,3.94,18.44
109,GWX,SPDR S&P International Small Cap ETF,5,120,14,29,69,1.0,10.0,2.2,0.0,3.63,17.87
109,EUO,ProShares UltraShort Euro,5,120,14,29,69,1.0,10.0,2.2,0.0,3.43,16.81
109,DTH,WisdomTree International High Dividend,5,120,14,29,69,1.0,10.0,2.2,0.0,2.43,18.59
109,DOL,WisdomTree International LargeCap Dividend Fund,5,120,14,29,69,1.0,10.0,2.2,0.0,3.65,18.03
109,FIVA.K,Fidelity International Value Factor ETF,5,120,14,29,69,1.0,10.0,2.2,0.0,2.27,18.41
109,DBB,Invesco DB Base Metals Fund,5,120,14,29,69,1.0,10.0,2.2,30.2,2.45,19.18
109,VIDI.K,Vident International Equity Strat ETF,5,120,14,29,69,1.0,10.0,2.2,0.0,1.91,17.77
109,FGD,First Trust Dow Jones Global Select Dividend Ix Fd,5,120,14,29,69,1.0,10.0,2.2,0.0,2.65,18.54
109,INTF.K,iShares International Equity Factor ETF,5,120,14,29,69,1.0,10.0,2.2,0.0,3.8,17.7
109,JPEM.K,JPMorgan Diversified Return Emerging Mkts Eqty ETF,5,120,14,29,69,1.0,10.0,2.2,21.4,2.62,18.11
109,FDT.O,First Trust Developed Markets ex-US AlphaDEX Fund,5,120,14,29,69,1.0,10.0,2.2,0.0,2.73,18.34
109,EWX,SPDR S&P Emerging Markets Small Cap ETF,5,120,14,29,69,1.0,10.0,2.2,0.0,3.32,18.3
109,DWM,WisdomTree International Equity Fund,5,120,14,29,69,1.0,10.0,2.2,0.0,3.86,17.75
109,PID.O,Invesco International Dividend Achievers ETF,5,120,14,29,69,1.0,10.0,2.2,0.0,4.03,18.2
109,EEMS.K,iShares MSCI Emerging Markets Small-Cap ETF,5,120,14,29,69,1.0,10.0,2.2,0.0,3.79,18.75
109,HDEF.K,Xtrackers MSCI EAFE Hi Dv Yld Eq ETF,5,120,14,29,69,1.0,10.0,2.2,0.0,1.94,17.22
109,GQRE.K,FlexShares Global Quality Real Estate Index Fund,5,120,14,29,69,1.0,10.0,2.2,0.0,2.73,17.21
109,LOPP.K,Gabelli Love Our Planet & People ETF,5,120,14,29,69,1.0,10.0,2.2,0.0,3.75,17.55
109,EQUL.K,IQ Engender Equality ETF,5,120,14,29,64,1.0,10.0,2.13,0.0,1.95,17.77
109,FLDZ.K,RiverNorth Patriot ETF,5,120,14,29,64,1.0,10.0,2.13,0.0,3.8,18.08
109,FYLD.K,Cambria Foreign Shareholder Yield ETF,5,120,14,29,64,1.0,10.0,2.13,17.48,2.47,18.05
109,HDEF.K,Xtrackers MSCI EAFE Hi Dv Yld Eq ETF,5,120,14,29,64,1.0,10.0,2.13,0.0,1.94,17.22
109,EEMS.K,iShares MSCI Emerging Markets Small-Cap ETF,5,120,14,29,64,1.0,10.0,2.13,0.0,3.79,18.75
109,PID.O,Invesco International Dividend Achievers ETF,5,120,14,29,64,1.0,10.0,2.13,0.0,4.03,18.2
109,DWM,WisdomTree International Equity Fund,5,120,14,29,64,1.0,10.0,2.13,0.0,3.86,17.75
109,EWX,SPDR S&P Emerging Markets Small Cap ETF,5,120,14,29,64,1.0,10.0,2.13,0.0,3.32,18.3
109,FDT.O,First Trust Developed Markets ex-US AlphaDEX Fund,5,120,14,29,64,1.0,10.0,2.13,0.0,2.73,18.34
109,JPEM.K,JPMorgan Diversified Return Emerging Mkts Eqty ETF,5,120,14,29,64,1.0,10.0,2.13,20.25,2.62,18.11
109,INTF.K,iShares International Equity Factor ETF,5,120,14,29,64,1.0,10.0,2.13,0.0,3.8,17.7
109,FGD,First Trust Dow Jones Global Select Dividend Ix Fd,5,120,14,29,64,1.0,10.0,2.13,0.0,2.65,18.54
109,VIDI.K,Vident International Equity Strat ETF,5,120,14,29,64,1.0,10.0,2.13,0.0,1.91,17.77
109,DBB,Invesco DB Base Metals Fund,5,120,14,29,64,1.0,10.0,2.13,30.2,2.45,19.18
109,FIVA.K,Fidelity International Value Factor ETF,5,120,14,29,64,1.0,10.0,2.13,0.0,2.27,18.41
109,DOL,WisdomTree International LargeCap Dividend Fund,5,120,14,29,64,1.0,10.0,2.13,0.0,3.65,18.03
109,DTH,WisdomTree International High Dividend,5,120,14,29,64,1.0,10.0,2.13,0.0,2.43,18.59
109,EUO,ProShares UltraShort Euro,5,120,14,29,64,1.0,10.0,2.13,0.0,3.43,16.81
109,GWX,SPDR S&P International Small Cap ETF,5,120,14,29,64,1.0,10.0,2.13,0.0,3.63,17.87
109,SPRE.K,SP Funds S&P Global REIT Sharia ETF,5,120,14,29,64,1.0,10.0,2.13,0.0,2.3,19.4
109,RWO,SPDR Dow Jones Global Real Estate ETF,5,120,14,29,64,1.0,10.0,2.13,0.0,3.94,18.44
109,DFIS.K,DFA Dimensional International Small Cap ETF,5,120,14,29,64,1.0,10.0,2.13,0.0,3.15,18.11
109,IDOG.K,Alps Internatl Sector Dividends Dogs ETF,5,120,14,29,64,1.0,10.0,2.13,0.0,3.45,17.51
109,CTA,Simplify Managed Futures Strategy ETF,5,120,14,29,64,1.0,10.0,2.13,0.0,2.72,16.94
109,LOPP.K,Gabelli Love Our Planet & People ETF,5,120,14,29,64,1.0,10.0,2.13,0.0,3.75,17.55
109,IEMG.K,iShares Core MSCI Emerging Markets ETF,5,120,14,29,64,1.0,10.0,2.13,0.0,3.1,19.55
109,VXUS.O,Vanguard Total International Stock Index Fund;ETF,5,120,14,29,64,1.0,10.0,2.13,0.0,3.47,17.94
109,EFV,iShares MSCI EAFE Value ETF,5,120,14,29,64,1.0,10.0,2.13,0.0,3.44,19.23
109,EWH,iShares MSCI Hong Kong ETF,5,120,14,29,64,1.0,10.0,2.13,0.0,2.09,19.19
109,IEUR.K,iShares Core MSCI Europe ETF,5,120,14,29,64,1.0,10.0,2.13,0.0,3.52,18.79
109,DBC,Invesco DB Commodity Index Tracking Fund,5,120,14,29,64,1.0,10.0,2.13,5.59,1.9,17.12
109,FLJP.K,Franklin FTSE Japan ETF,5,120,14,29,64,1.0,10.0,2.13,0.0,3.7,17.19
109,DFAE.K,DFA Dimensional Emerging Core Equity Market ETF,5,120,14,29,64,1.0,10.0,2.13,0.0,2.84,17.07
109,REET.K,iShares Global REIT ETF,5,120,14,29,64,1.0,10.0,2.13,0.0,1.43,18.76
109,DGS,WisdomTree Emerging Markets SmallCap Dividend Fund,5,120,14,29,64,1.0,10.0,2.13,0.0,3.24,18.2
109,YMAX.K,YieldMax Universe Fund of Option Income ETFs,5,120,14,29,64,1.0,10.0,2.13,0.0,2.5,18.72
109,ANGL.O,VanEck Fallen Angel High Yield Bond ETF,5,120,14,29,64,1.0,10.0,2.13,0.0,2.88,19.34
109,IVLU.K,iShares MSCI Intl Value Factor ETF,5,120,14,29,64,1.0,10.0,2.13,0.0,3.38,18.51
109,VSGX.K,Vanguard ESG International Stock ETF,5,120,14,29,64,1.0,10.0,2.13,0.0,4.43,18.44
109,IYZ,iShares US Telecommunications ETF,5,120,14,29,64,1.0,10.0,2.13,0.0,2.72,18.43
109,IDV,iShares International Select Dividend ETF,5,120,14,29,64,1.0,10.0,2.13,0.0,2.04,19.19
109,MOTI.K,VanEck Morningstar International Moat ETF,5,120,14,29,64,1.0,10.0,2.13,0.0,2.7,18.97
109,GQRE.K,FlexShares Global Quality Real Estate Index Fund,5,120,14,29,64,1.0,10.0,2.13,0.0,2.73,17.21
109,DBP,Invesco DB Precious Metals Fund,5,120,14,29,64,1.0,10.0,2.13,0.0,4.3,17.68
109,FTXG.O,First Trust Nasdaq Food & Beverage ETF,5,120,14,29,64,1.0,10.0,2.13,0.0,3.68,17.02
109,CVAR.K,Cultivar ETF,5,120,14,29,64,1.0,10.0,2.13,0.0,2.56,17.21
109,RNEM.O,First Trust Emerging Markets Equity Select ETF,5,120,14,29,64,1.0,10.0,2.13,0.0,2.75,17.73
109,RUFF.K,Alpha Dog ETF,5,120,14,29,64,1.0,10.0,2.13,0.0,2.21,18.84
109,FLAX.K,Franklin FTSE Asia ex Japan ETF,5,120,14,29,64,1.0,10.0,2.13,0.0,2.52,19.94
109,GGM,GGM Macro Alignment ETF,5,120,14,29,64,1.0,10.0,2.13,0.0,3.42,19.1
109,OEUR.K,ALPS O'Shares Europe Quality Dividend ETF,5,120,14,29,64,1.0,10.0,2.13,0.0,4.1,17.39
109,BMED.K,BlackRock Future Health ETF,5,120,14,29,64,1.0,10.0,2.13,0.0,2.13,18.1
109,RSPE.K,Invesco ESG S&P 500 Equal Weight ETF,5,120,14,29,64,1.0,10.0,2.13,0.0,2.9,17.39
109,EFAS.O,Global X MSCI SuperDividend EAFE ETF,5,120,14,29,64,1.0,10.0,2.13,0.0,1.9,19.26
109,DTRE.K,First Trust Alerian Disruptive Technology Real Est,5,120,14,29,64,1.0,10.0,2.13,0.0,4.01,18.49
109,CIL.O,VictoryShares International Volatility Wtd Idx ETF,5,120,14,29,64,1.0,10.0,2.13,0.0,4.38,18.02
109,UIVM.O,VictoryShares International Value Momentum ETF,5,120,14,29,64,1.0,10.0,2.13,0.0,1.29,17.59
109,DWAT.K,Arrow DWA Tactical: Macro ETF,5,120,14,29,64,1.0,10.0,2.13,0.0,3.04,17.46
109,MOTE.K,VanEck Morningstar ESG Moat ETF,5,120,14,29,64,1.0,10.0,2.13,0.0,3.79,18.16
109,EMDV.K,ProShares MSCI Emerging Markets Dividend Grwrs ETF,5,120,14,29,64,1.0,10.0,2.13,0.0,2.94,19.07
109,ISZE.K,iShares MSCI Intl Size Factor ETF,5,120,14,29,64,1.0,10.0,2.13,0.0,2.64,16.8
109,FJP.O,First Trust Japan AlphaDEX Fund,5,120,14,29,64,1.0,10.0,2.13,0.0,3.52,17.98
109,ISVL.K,iShares Intl Developed Small Cap Value Factor ETF,5,120,14,29,64,1.0,10.0,2.13,0.0,3.17,17.27
109,OVF,Overlay Shares Foreign Equity ETF,5,120,14,29,64,1.0,10.0,2.13,12.41,2.07,16.94
109,HEEM.K,iShares Currency Hedged MSCI Emerging Markets ETF,5,120,14,29,64,1.0,10.0,2.13,12.14,3.11,18.04
109,MKOR.K,Matthews Korea Active ETF,5,120,14,29,64,1.0,10.0,2.13,0.0,2.53,16.77
109,GDVD.K,Copper Place Global Dividend Growth ETF,5,120,14,29,64,1.0,10.0,2.13,0.0,2.23,20.03
109,FDEM.K,Fidelity Emerging Markets Multifactor ETF,5,120,14,29,64,1.0,10.0,2.13,14.25,2.96,18.03
109,VAMO.K,Cambria Value and Momentum ETF,5,120,14,29,64,1.0,10.0,2.13,51.32,3.21,18.44
109,DIVY.K,Sound Equity Dividend Income ETF,5,120,14,29,64,1.0,10.0,2.13,0.0,3.26,18.75
109,UEVM.O,VictoryShares Emerging Markets Value Momentum ETF,5,120,14,29,64,1.0,10.0,2.13,0.0,1.71,18.7
109,EUDV.K,ProShares MSCI Europe Dividend Growers ETF,5,120,14,29,64,1.0,10.0,2.13,0.0,4.21,18.04
109,CVY,Invesco Zacks Multi-Asset Income ETF,5,120,14,29,64,1.0,10.0,2.13,10.68,4.25,18.14
109,TLTE.K,FlexShares Morningstar Em Mkts Factors Tilt Idx,5,120,14,29,64,1.0,10.0,2.13,0.0,2.43,17.91
109,DGRE.O,WisdomTree Emerging Markets Quality Dividend Gro,5,120,14,29,64,1.0,10.0,2.13,0.0,2.57,19.94
109,DIM,WisdomTree International MidCap Dividend Fund,5,120,14,29,64,1.0,10.0,2.13,0.0,4.24,17.69
109,IQDY.K,FlexShares International Quality Div Dyn Idx,5,120,14,29,64,1.0,10.0,2.13,0.0,3.54,18.04
109,RAAX.K,VanEck Inflation Allocation ETF,5,120,14,29,64,1.0,10.0,2.13,0.09,2.79,16.63
109,ROAM.K,Hartford Multifactor Emerging Markets ETF,5,120,14,29,64,1.0,10.0,2.13,0.0,1.62,18.74
109,TOLZ.K,ProShares DJ Brookfield Global Infrastructure ETF,5,120,14,29,64,1.0,10.0,2.13,0.0,3.03,17.0
109,RAYE.K,Rayliant Quantamental Emg Mrkt ex-China Eqty ETF,5,120,14,29,64,1.0,10.0,2.13,0.0,3.34,17.28
109,ASEA.K,Global X FTSE Southeast Asia ETF,5,120,14,29,64,1.0,10.0,2.13,0.0,1.84,18.25
109,VIDI.K,Vident International Equity Strat ETF,5,120,14,29,74,1.0,10.0,1.51,0.0,1.91,17.77
109,PID.O,Invesco International Dividend Achievers ETF,5,120,14,29,74,1.0,10.0,1.51,0.0,4.03,18.2
109,DWM,WisdomTree International Equity Fund,5,120,14,29,74,1.0,10.0,1.51,0.0,3.86,17.75
109,EWX,SPDR S&P Emerging Markets Small Cap ETF,5,120,14,29,74,1.0,10.0,1.51,0.0,3.32,18.3
109,FDT.O,First Trust Developed Markets ex-US AlphaDEX Fund,5,120,14,29,74,1.0,10.0,1.51,0.0,2.73,18.34
109,JPEM.K,JPMorgan Diversified Return Emerging Mkts Eqty ETF,5,120,14,29,74,1.0,10.0,1.51,23.01,2.62,18.11
109,INTF.K,iShares International Equity Factor ETF,5,120,14,29,74,1.0,10.0,1.51,0.0,3.8,17.7
109,IDOG.K,Alps Internatl Sector Dividends Dogs ETF,5,120,14,29,74,1.0,10.0,1.51,0.0,3.45,17.51
109,FGD,First Trust Dow Jones Global Select Dividend Ix Fd,5,120,14,29,74,1.0,10.0,1.51,0.0,2.65,18.54
109,DOL,WisdomTree International LargeCap Dividend Fund,5,120,14,29,74,1.0,10.0,1.51,0.0,3.65,18.03
109,DBB,Invesco DB Base Metals Fund,5,120,14,29,74,1.0,10.0,1.51,11.99,2.45,19.18
109,FIVA.K,Fidelity International Value Factor ETF,5,120,14,29,74,1.0,10.0,1.51,0.0,2.27,18.41
109,DTH,WisdomTree International High Dividend,5,120,14,29,74,1.0,10.0,1.51,0.0,2.43,18.59
109,EUO,ProShares UltraShort Euro,5,120,14,29,74,1.0,10.0,1.51,0.0,3.43,16.81
109,GWX,SPDR S&P International Small Cap ETF,5,120,14,29,74,1.0,10.0,1.51,0.0,3.63,17.87
109,SPRE.K,SP Funds S&P Global REIT Sharia ETF,5,120,14,29,74,1.0,10.0,1.51,0.0,2.3,19.4
109,MOTI.K,VanEck Morningstar International Moat ETF,5,120,14,29,74,1.0,10.0,1.51,0.0,2.7,18.97
109,HDEF.K,Xtrackers MSCI EAFE Hi Dv Yld Eq ETF,5,120,14,29,74,1.0,10.0,1.51,0.0,1.94,17.22
109,EEMS.K,iShares MSCI Emerging Markets Small-Cap ETF,5,120,14,29,74,1.0,10.0,1.51,0.0,3.79,18.75
109,IVLU.K,iShares MSCI Intl Value Factor ETF,5,120,14,29,74,1.0,10.0,1.51,0.0,3.38,18.51
109,GQRE.K,FlexShares Global Quality Real Estate Index Fund,5,120,14,29,74,1.0,10.0,1.51,0.0,2.73,17.21
109,RWO,SPDR Dow Jones Global Real Estate ETF,5,120,14,29,74,1.0,10.0,1.51,0.0,3.94,18.44
109,FJP.O,First Trust Japan AlphaDEX Fund,5,120,14,29,74,1.0,10.0,1.51,0.0,3.52,17.98
109,EFV,iShares MSCI EAFE Value ETF,5,120,14,29,74,1.0,10.0,1.51,0.0,3.44,19.23
109,EWH,iShares MSCI Hong Kong ETF,5,120,14,29,74,1.0,10.0,1.51,0.0,2.09,19.19
109,IEUR.K,iShares Core MSCI Europe ETF,5,120,14,29,74,1.0,10.0,1.51,0.0,3.52,18.79
109,DBC,Invesco DB Commodity Index Tracking Fund,5,120,14,29,74,1.0,10.0,1.51,8.59,1.9,17.12
109,FLJP.K,Franklin FTSE Japan ETF,5,120,14,29,74,1.0,10.0,1.51,0.0,3.7,17.19
109,DFAE.K,DFA Dimensional Emerging Core Equity Market ETF,5,120,14,29,74,1.0,10.0,1.51,0.0,2.84,17.07
109,REET.K,iShares Global REIT ETF,5,120,14,29,74,1.0,10.0,1.51,0.0,1.43,18.76
109,DGS,WisdomTree Emerging Markets SmallCap Dividend Fund,5,120,14,29,74,1.0,10.0,1.51,0.0,3.24,18.2
109,YMAX.K,YieldMax Universe Fund of Option Income ETFs,5,120,14,29,74,1.0,10.0,1.51,0.0,2.5,18.72
109,ANGL.O,VanEck Fallen Angel High Yield Bond ETF,5,120,14,29,74,1.0,10.0,1.51,0.0,2.88,19.34
109,VSGX.K,Vanguard ESG International Stock ETF,5,120,14,29,74,1.0,10.0,1.51,0.0,4.43,18.44
109,IYZ,iShares US Telecommunications ETF,5,120,14,29,74,1.0,10.0,1.51,0.0,2.72,18.43
109,IDV,iShares International Select Dividend ETF,5,120,14,29,74,1.0,10.0,1.51,0.0,2.04,19.19
109,CTA,Simplify Managed Futures Strategy ETF,5,120,14,29,74,1.0,10.0,1.51,0.0,2.72,16.94
109,DFIS.K,DFA Dimensional International Small Cap ETF,5,120,14,29,74,1.0,10.0,1.51,0.0,3.15,18.11
109,FYLD.K,Cambria Foreign Shareholder Yield ETF,5,120,14,29,74,1.0,10.0,1.51,18.67,2.47,18.05
109,DBP,Invesco DB Precious Metals Fund,5,120,14,29,74,1.0,10.0,1.51,0.0,4.3,17.68
109,VXUS.O,Vanguard Total International Stock Index Fund;ETF,5,120,14,29,74,1.0,10.0,1.51,0.0,3.47,17.94
109,DGRE.O,WisdomTree Emerging Markets Quality Dividend Gro,5,120,14,29,74,1.0,10.0,1.51,0.0,2.57,19.94
109,RNEM.O,First Trust Emerging Markets Equity Select ETF,5,120,14,29,74,1.0,10.0,1.51,0.0,2.75,17.73
109,FLAX.K,Franklin FTSE Asia ex Japan ETF,5,120,14,29,74,1.0,10.0,1.51,0.0,2.52,19.94
109,GGM,GGM Macro Alignment ETF,5,120,14,29,74,1.0,10.0,1.51,0.0,3.42,19.1
109,OEUR.K,ALPS O'Shares Europe Quality Dividend ETF,5,120,14,29,74,1.0,10.0,1.51,0.0,4.1,17.39
109,BMED.K,BlackRock Future Health ETF,5,120,14,29,74,1.0,10.0,1.51,0.0,2.13,18.1
109,RSPE.K,Invesco ESG S&P 500 Equal Weight ETF,5,120,14,29,74,1.0,10.0,1.51,0.0,2.9,17.39
109,EFAS.O,Global X MSCI SuperDividend EAFE ETF,5,120,14,29,74,1.0,10.0,1.51,0.0,1.9,19.26
109,DTRE.K,First Trust Alerian Disruptive Technology Real Est,5,120,14,29,74,1.0,10.0,1.51,0.0,4.01,18.49
109,CIL.O,VictoryShares International Volatility Wtd Idx ETF,5,120,14,29,74,1.0,10.0,1.51,0.0,4.38,18.02
109,UIVM.O,VictoryShares International Value Momentum ETF,5,120,14,29,74,1.0,10.0,1.51,0.0,1.29,17.59
109,DWAT.K,Arrow DWA Tactical: Macro ETF,5,120,14,29,74,1.0,10.0,1.51,0.0,3.04,17.46
109,MOTE.K,VanEck Morningstar ESG Moat ETF,5,120,14,29,74,1.0,10.0,1.51,0.0,3.79,18.16
109,EMDV.K,ProShares MSCI Emerging Markets Dividend Grwrs ETF,5,120,14,29,74,1.0,10.0,1.51,0.0,2.94,19.07
109,ISZE.K,iShares MSCI Intl Size Factor ETF,5,120,14,29,74,1.0,10.0,1.51,0.0,2.64,16.8
109,OVF,Overlay Shares Foreign Equity ETF,5,120,14,29,74,1.0,10.0,1.51,12.41,2.07,16.94
109,LOPP.K,Gabelli Love Our Planet & People ETF,5,120,14,29,74,1.0,10.0,1.51,0.0,3.75,17.55
109,EQUL.K,IQ Engender Equality ETF,5,120,14,29,74,1.0,10.0,1.51,0.0,1.95,17.77
109,FLDZ.K,RiverNorth Patriot ETF,5,120,14,29,74,1.0,10.0,1.51,0.0,3.8,18.08
109,RUFF.K,Alpha Dog ETF,5,120,14,29,74,1.0,10.0,1.51,0.0,2.21,18.84
109,CVAR.K,Cultivar ETF,5,120,14,29,74,1.0,10.0,1.51,0.0,2.56,17.21
109,FDEM.K,Fidelity Emerging Markets Multifactor ETF,5,120,14,29,74,1.0,10.0,1.51,14.25,2.96,18.03
109,ISVL.K,iShares Intl Developed Small Cap Value Factor ETF,5,120,14,29,74,1.0,10.0,1.51,0.0,3.17,17.27
109,VAMO.K,Cambria Value and Momentum ETF,5,120,14,29,74,1.0,10.0,1.51,12.86,3.21,18.44
109,DIVY.K,Sound Equity Dividend Income ETF,5,120,14,29,74,1.0,10.0,1.51,0.0,3.26,18.75
109,UEVM.O,VictoryShares Emerging Markets Value Momentum ETF,5,120,14,29,74,1.0,10.0,1.51,0.0,1.71,18.7
109,EUDV.K,ProShares MSCI Europe Dividend Growers ETF,5,120,14,29,74,1.0,10.0,1.51,0.0,4.21,18.04
109,CVY,Invesco Zacks Multi-Asset Income ETF,5,120,14,29,74,1.0,10.0,1.51,3.84,4.25,18.14
109,TLTE.K,FlexShares Morningstar Em Mkts Factors Tilt Idx,5,120,14,29,74,1.0,10.0,1.51,0.0,2.43,17.91
109,MKOR.K,Matthews Korea Active ETF,5,120,14,29,74,1.0,10.0,1.51,0.0,2.53,16.77
109,DIM,WisdomTree International MidCap Dividend Fund,5,120,14,29,74,1.0,10.0,1.51,0.0,4.24,17.69
109,ASEA.K,Global X FTSE Southeast Asia ETF,5,120,14,29,74,1.0,10.0,1.51,0.0,1.84,18.25
109,IQDY.K,FlexShares International Quality Div Dyn Idx,5,120,14,29,74,1.0,10.0,1.51,0.0,3.54,18.04
109,RAAX.K,VanEck Inflation Allocation ETF,5,120,14,29,74,1.0,10.0,1.51,1.66,2.79,16.63
109,ROAM.K,Hartford Multifactor Emerging Markets ETF,5,120,14,29,74,1.0,10.0,1.51,0.0,1.62,18.74
109,TOLZ.K,ProShares DJ Brookfield Global Infrastructure ETF,5,120,14,29,74,1.0,10.0,1.51,0.0,3.03,17.0
109,RAYE.K,Rayliant Quantamental Emg Mrkt ex-China Eqty ETF,5,120,14,29,74,1.0,10.0,1.51,0.0,3.34,17.28
109,GDVD.K,Copper Place Global Dividend Growth ETF,5,120,14,29,74,1.0,10.0,1.51,0.0,2.23,20.03
109,HEEM.K,iShares Currency Hedged MSCI Emerging Markets ETF,5,120,14,29,74,1.0,10.0,1.51,16.61,3.11,18.04
109,FTXG.O,First Trust Nasdaq Food & Beverage ETF,5,120,14,29,74,1.0,10.0,1.51,0.0,3.68,17.02
109,IEMG.K,iShares Core MSCI Emerging Markets ETF,5,120,14,29,74,1.0,10.0,1.51,0.0,3.1,19.55
109,IEMG.K,iShares Core MSCI Emerging Markets ETF,5,60,14,24,54,1.0,10.0,1.48,0.0,3.1,19.55
109,FJP.O,First Trust Japan AlphaDEX Fund,5,60,14,24,54,1.0,10.0,1.48,0.0,3.52,17.98
109,EFV,iShares MSCI EAFE Value ETF,5,60,14,24,54,1.0,10.0,1.48,0.0,3.44,19.23
109,DWM,WisdomTree International Equity Fund,5,60,14,24,54,1.0,10.0,1.48,0.0,3.86,17.75
109,EWX,SPDR S&P Emerging Markets Small Cap ETF,5,60,14,24,54,1.0,10.0,1.48,0.0,3.32,18.3
109,FDT.O,First Trust Developed Markets ex-US AlphaDEX Fund,5,60,14,24,54,1.0,10.0,1.48,0.0,2.73,18.34
109,JPEM.K,JPMorgan Diversified Return Emerging Mkts Eqty ETF,5,60,14,24,54,1.0,10.0,1.48,0.0,2.62,18.11
109,INTF.K,iShares International Equity Factor ETF,5,60,14,24,54,1.0,10.0,1.48,0.0,3.8,17.7
109,FGD,First Trust Dow Jones Global Select Dividend Ix Fd,5,60,14,24,54,1.0,10.0,1.48,0.0,2.65,18.54
109,VIDI.K,Vident International Equity Strat ETF,5,60,14,24,54,1.0,10.0,1.48,0.0,1.91,17.77
109,DBB,Invesco DB Base Metals Fund,5,60,14,24,54,1.0,10.0,1.48,0.0,2.45,19.18
109,FIVA.K,Fidelity International Value Factor ETF,5,60,14,24,54,1.0,10.0,1.48,0.0,2.27,18.41
109,DOL,WisdomTree International LargeCap Dividend Fund,5,60,14,24,54,1.0,10.0,1.48,0.0,3.65,18.03
109,DTH,WisdomTree International High Dividend,5,60,14,24,54,1.0,10.0,1.48,0.0,2.43,18.59
109,EUO,ProShares UltraShort Euro,5,60,14,24,54,1.0,10.0,1.48,0.0,3.43,16.81
109,GWX,SPDR S&P International Small Cap ETF,5,60,14,24,54,1.0,10.0,1.48,0.0,3.63,17.87
109,SPRE.K,SP Funds S&P Global REIT Sharia ETF,5,60,14,24,54,1.0,10.0,1.48,0.0,2.3,19.4
109,MOTI.K,VanEck Morningstar International Moat ETF,5,60,14,24,54,1.0,10.0,1.48,0.0,2.7,18.97
109,IDOG.K,Alps Internatl Sector Dividends Dogs ETF,5,60,14,24,54,1.0,10.0,1.48,0.0,3.45,17.51
109,DBP,Invesco DB Precious Metals Fund,5,60,14,24,54,1.0,10.0,1.48,0.0,4.3,17.68
109,PID.O,Invesco International Dividend Achievers ETF,5,60,14,24,54,1.0,10.0,1.48,0.0,4.03,18.2
109,EEMS.K,iShares MSCI Emerging Markets Small-Cap ETF,5,60,14,24,54,1.0,10.0,1.48,0.0,3.79,18.75
109,HDEF.K,Xtrackers MSCI EAFE Hi Dv Yld Eq ETF,5,60,14,24,54,1.0,10.0,1.48,0.0,1.94,17.22
109,ANGL.O,VanEck Fallen Angel High Yield Bond ETF,5,60,14,24,54,1.0,10.0,1.48,0.0,2.88,19.34
109,IEUR.K,iShares Core MSCI Europe ETF,5,60,14,24,54,1.0,10.0,1.48,0.0,3.52,18.79
109,DBC,Invesco DB Commodity Index Tracking Fund,5,60,14,24,54,1.0,10.0,1.48,-2.7,1.9,17.12
109,FLJP.K,Franklin FTSE Japan ETF,5,60,14,24,54,1.0,10.0,1.48,0.0,3.7,17.19
109,DFAE.K,DFA Dimensional Emerging Core Equity Market ETF,5,60,14,24,54,1.0,10.0,1.48,10.08,2.84,17.07
109,REET.K,iShares Global REIT ETF,5,60,14,24,54,1.0,10.0,1.48,0.0,1.43,18.76
109,DGS,WisdomTree Emerging Markets SmallCap Dividend Fund,5,60,14,24,54,1.0,10.0,1.48,0.0,3.24,18.2
109,YMAX.K,YieldMax Universe Fund of Option Income ETFs,5,60,14,24,54,1.0,10.0,1.48,0.0,2.5,18.72
109,IVLU.K,iShares MSCI Intl Value Factor ETF,5,60,14,24,54,1.0,10.0,1.48,0.0,3.38,18.51
109,GQRE.K,FlexShares Global Quality Real Estate Index Fund,5,60,14,24,54,1.0,10.0,1.48,0.0,2.73,17.21
109,VSGX.K,Vanguard ESG International Stock ETF,5,60,14,24,54,1.0,10.0,1.48,0.0,4.43,18.44
109,IYZ,iShares US Telecommunications ETF,5,60,14,24,54,1.0,10.0,1.48,0.0,2.72,18.43
109,IDV,iShares International Select Dividend ETF,5,60,14,24,54,1.0,10.0,1.48,0.0,2.04,19.19
109,CTA,Simplify Managed Futures Strategy ETF,5,60,14,24,54,1.0,10.0,1.48,0.0,2.72,16.94
109,DFIS.K,DFA Dimensional International Small Cap ETF,5,60,14,24,54,1.0,10.0,1.48,0.0,3.15,18.11
109,FYLD.K,Cambria Foreign Shareholder Yield ETF,5,60,14,24,54,1.0,10.0,1.48,-0.76,2.47,18.05
109,RWO,SPDR Dow Jones Global Real Estate ETF,5,60,14,24,54,1.0,10.0,1.48,0.0,3.94,18.44
109,DGRE.O,WisdomTree Emerging Markets Quality Dividend Gro,5,60,14,24,54,1.0,10.0,1.48,0.0,2.57,19.94
109,FDEM.K,Fidelity Emerging Markets Multifactor ETF,5,60,14,24,54,1.0,10.0,1.48,0.0,2.96,18.03
109,VAMO.K,Cambria Value and Momentum ETF,5,60,14,24,54,1.0,10.0,1.48,49.8,3.21,18.44
109,UIVM.O,VictoryShares International Value Momentum ETF,5,60,14,24,54,1.0,10.0,1.48,0.0,1.29,17.59
109,GGM,GGM Macro Alignment ETF,5,60,14,24,54,1.0,10.0,1.48,0.0,3.42,19.1
109,OEUR.K,ALPS O'Shares Europe Quality Dividend ETF,5,60,14,24,54,1.0,10.0,1.48,0.0,4.1,17.39
109,BMED.K,BlackRock Future Health ETF,5,60,14,24,54,1.0,10.0,1.48,0.0,2.13,18.1
109,RSPE.K,Invesco ESG S&P 500 Equal Weight ETF,5,60,14,24,54,1.0,10.0,1.48,0.0,2.9,17.39
109,EFAS.O,Global X MSCI SuperDividend EAFE ETF,5,60,14,24,54,1.0,10.0,1.48,0.0,1.9,19.26
109,DTRE.K,First Trust Alerian Disruptive Technology Real Est,5,60,14,24,54,1.0,10.0,1.48,0.0,4.01,18.49
109,CIL.O,VictoryShares International Volatility Wtd Idx ETF,5,60,14,24,54,1.0,10.0,1.48,0.0,4.38,18.02
109,DWAT.K,Arrow DWA Tactical: Macro ETF,5,60,14,24,54,1.0,10.0,1.48,0.0,3.04,17.46
109,RUFF.K,Alpha Dog ETF,5,60,14,24,54,1.0,10.0,1.48,0.0,2.21,18.84
109,MOTE.K,VanEck Morningstar ESG Moat ETF,5,60,14,24,54,1.0,10.0,1.48,0.0,3.79,18.16
109,EMDV.K,ProShares MSCI Emerging Markets Dividend Grwrs ETF,5,60,14,24,54,1.0,10.0,1.48,0.0,2.94,19.07
109,ISZE.K,iShares MSCI Intl Size Factor ETF,5,60,14,24,54,1.0,10.0,1.48,0.0,2.64,16.8
109,OVF,Overlay Shares Foreign Equity ETF,5,60,14,24,54,1.0,10.0,1.48,0.0,2.07,16.94
109,LOPP.K,Gabelli Love Our Planet & People ETF,5,60,14,24,54,1.0,10.0,1.48,0.0,3.75,17.55
109,EQUL.K,IQ Engender Equality ETF,5,60,14,24,54,1.0,10.0,1.48,0.0,1.95,17.77
109,FLDZ.K,RiverNorth Patriot ETF,5,60,14,24,54,1.0,10.0,1.48,0.0,3.8,18.08
109,FLAX.K,Franklin FTSE Asia ex Japan ETF,5,60,14,24,54,1.0,10.0,1.48,7.78,2.52,19.94
109,RNEM.O,First Trust Emerging Markets Equity Select ETF,5,60,14,24,54,1.0,10.0,1.48,0.0,2.75,17.73
109,DIVY.K,Sound Equity Dividend Income ETF,5,60,14,24,54,1.0,10.0,1.48,38.41,3.26,18.75
109,IQDY.K,FlexShares International Quality Div Dyn Idx,5,60,14,24,54,1.0,10.0,1.48,0.0,3.54,18.04
109,UEVM.O,VictoryShares Emerging Markets Value Momentum ETF,5,60,14,24,54,1.0,10.0,1.48,0.0,1.71,18.7
109,EUDV.K,ProShares MSCI Europe Dividend Growers ETF,5,60,14,24,54,1.0,10.0,1.48,0.0,4.21,18.04
109,CVY,Invesco Zacks Multi-Asset Income ETF,5,60,14,24,54,1.0,10.0,1.48,0.0,4.25,18.14
109,TLTE.K,FlexShares Morningstar Em Mkts Factors Tilt Idx,5,60,14,24,54,1.0,10.0,1.48,0.0,2.43,17.91
109,MKOR.K,Matthews Korea Active ETF,5,60,14,24,54,1.0,10.0,1.48,0.0,2.53,16.77
109,DIM,WisdomTree International MidCap Dividend Fund,5,60,14,24,54,1.0,10.0,1.48,0.0,4.24,17.69
109,ASEA.K,Global X FTSE Southeast Asia ETF,5,60,14,24,54,1.0,10.0,1.48,0.0,1.84,18.25
109,RAAX.K,VanEck Inflation Allocation ETF,5,60,14,24,54,1.0,10.0,1.48,19.15,2.79,16.63
109,CVAR.K,Cultivar ETF,5,60,14,24,54,1.0,10.0,1.48,0.0,2.56,17.21
109,ROAM.K,Hartford Multifactor Emerging Markets ETF,5,60,14,24,54,1.0,10.0,1.48,0.0,1.62,18.74
109,TOLZ.K,ProShares DJ Brookfield Global Infrastructure ETF,5,60,14,24,54,1.0,10.0,1.48,0.0,3.03,17.0
109,RAYE.K,Rayliant Quantamental Emg Mrkt ex-China Eqty ETF,5,60,14,24,54,1.0,10.0,1.48,0.0,3.34,17.28
109,GDVD.K,Copper Place Global Dividend Growth ETF,5,60,14,24,54,1.0,10.0,1.48,0.0,2.23,20.03
109,HEEM.K,iShares Currency Hedged MSCI Emerging Markets ETF,5,60,14,24,54,1.0,10.0,1.48,0.0,3.11,18.04
109,FTXG.O,First Trust Nasdaq Food & Beverage ETF,5,60,14,24,54,1.0,10.0,1.48,0.0,3.68,17.02
109,ISVL.K,iShares Intl Developed Small Cap Value Factor ETF,5,60,14,24,54,1.0,10.0,1.48,0.0,3.17,17.27
109,EWH,iShares MSCI Hong Kong ETF,5,60,14,24,54,1.0,10.0,1.48,0.0,2.09,19.19
109,VXUS.O,Vanguard Total International Stock Index Fund;ETF,5,60,14,24,54,1.0,10.0,1.48,0.0,3.47,17.94
109,IEMG.K,iShares Core MSCI Emerging Markets ETF,5,120,14,29,79,1.0,10.0,1.41,0.0,3.1,19.55
109,ISVL.K,iShares Intl Developed Small Cap Value Factor ETF,5,120,14,29,79,1.0,10.0,1.41,0.0,3.17,17.27
109,HEEM.K,iShares Currency Hedged MSCI Emerging Markets ETF,5,120,14,29,79,1.0,10.0,1.41,18.02,3.11,18.04
109,GDVD.K,Copper Place Global Dividend Growth ETF,5,120,14,29,79,1.0,10.0,1.41,0.0,2.23,20.03
109,RAYE.K,Rayliant Quantamental Emg Mrkt ex-China Eqty ETF,5,120,14,29,79,1.0,10.0,1.41,0.0,3.34,17.28
109,TOLZ.K,ProShares DJ Brookfield Global Infrastructure ETF,5,120,14,29,79,1.0,10.0,1.41,0.0,3.03,17.0
109,ROAM.K,Hartford Multifactor Emerging Markets ETF,5,120,14,29,79,1.0,10.0,1.41,0.0,1.62,18.74
109,RAAX.K,VanEck Inflation Allocation ETF,5,120,14,29,79,1.0,10.0,1.41,1.66,2.79,16.63
109,IQDY.K,FlexShares International Quality Div Dyn Idx,5,120,14,29,79,1.0,10.0,1.41,0.0,3.54,18.04
109,ASEA.K,Global X FTSE Southeast Asia ETF,5,120,14,29,79,1.0,10.0,1.41,0.0,1.84,18.25
109,DIM,WisdomTree International MidCap Dividend Fund,5,120,14,29,79,1.0,10.0,1.41,0.0,4.24,17.69
109,MKOR.K,Matthews Korea Active ETF,5,120,14,29,79,1.0,10.0,1.41,0.0,2.53,16.77
109,TLTE.K,FlexShares Morningstar Em Mkts Factors Tilt Idx,5,120,14,29,79,1.0,10.0,1.41,0.0,2.43,17.91
109,CVY,Invesco Zacks Multi-Asset Income ETF,5,120,14,29,79,1.0,10.0,1.41,3.84,4.25,18.14
109,EUDV.K,ProShares MSCI Europe Dividend Growers ETF,5,120,14,29,79,1.0,10.0,1.41,0.0,4.21,18.04
109,UEVM.O,VictoryShares Emerging Markets Value Momentum ETF,5,120,14,29,79,1.0,10.0,1.41,0.0,1.71,18.7
109,DIVY.K,Sound Equity Dividend Income ETF,5,120,14,29,79,1.0,10.0,1.41,0.0,3.26,18.75
109,VAMO.K,Cambria Value and Momentum ETF,5,120,14,29,79,1.0,10.0,1.41,12.86,3.21,18.44
109,FDEM.K,Fidelity Emerging Markets Multifactor ETF,5,120,14,29,79,1.0,10.0,1.41,14.25,2.96,18.03
109,FTXG.O,First Trust Nasdaq Food & Beverage ETF,5,120,14,29,79,1.0,10.0,1.41,0.0,3.68,17.02
109,CVAR.K,Cultivar ETF,5,120,14,29,79,1.0,10.0,1.41,0.0,2.56,17.21
109,FJP.O,First Trust Japan AlphaDEX Fund,5,120,14,29,79,1.0,10.0,1.41,0.0,3.52,17.98
109,RNEM.O,First Trust Emerging Markets Equity Select ETF,5,120,14,29,79,1.0,10.0,1.41,0.0,2.75,17.73
109,VXUS.O,Vanguard Total International Stock Index Fund;ETF,5,120,14,29,79,1.0,10.0,1.41,0.0,3.47,17.94
109,LOPP.K,Gabelli Love Our Planet & People ETF,5,120,14,29,79,1.0,10.0,1.41,0.0,3.75,17.55
109,OVF,Overlay Shares Foreign Equity ETF,5,120,14,29,79,1.0,10.0,1.41,12.41,2.07,16.94
109,ISZE.K,iShares MSCI Intl Size Factor ETF,5,120,14,29,79,1.0,10.0,1.41,0.0,2.64,16.8
109,EMDV.K,ProShares MSCI Emerging Markets Dividend Grwrs ETF,5,120,14,29,79,1.0,10.0,1.41,0.0,2.94,19.07
109,MOTE.K,VanEck Morningstar ESG Moat ETF,5,120,14,29,79,1.0,10.0,1.41,0.0,3.79,18.16
109,DWAT.K,Arrow DWA Tactical: Macro ETF,5,120,14,29,79,1.0,10.0,1.41,0.0,3.04,17.46
109,UIVM.O,VictoryShares International Value Momentum ETF,5,120,14,29,79,1.0,10.0,1.41,0.0,1.29,17.59
109,CIL.O,VictoryShares International Volatility Wtd Idx ETF,5,120,14,29,79,1.0,10.0,1.41,0.0,4.38,18.02
109,DTRE.K,First Trust Alerian Disruptive Technology Real Est,5,120,14,29,79,1.0,10.0,1.41,0.0,4.01,18.49
109,EFAS.O,Global X MSCI SuperDividend EAFE ETF,5,120,14,29,79,1.0,10.0,1.41,0.0,1.9,19.26
109,RSPE.K,Invesco ESG S&P 500 Equal Weight ETF,5,120,14,29,79,1.0,10.0,1.41,0.0,2.9,17.39
109,BMED.K,BlackRock Future Health ETF,5,120,14,29,79,1.0,10.0,1.41,0.0,2.13,18.1
109,OEUR.K,ALPS O'Shares Europe Quality Dividend ETF,5,120,14,29,79,1.0,10.0,1.41,0.0,4.1,17.39
109,GGM,GGM Macro Alignment ETF,5,120,14,29,79,1.0,10.0,1.41,0.0,3.42,19.1
109,FLAX.K,Franklin FTSE Asia ex Japan ETF,5,120,14,29,79,1.0,10.0,1.41,0.0,2.52,19.94
109,RUFF.K,Alpha Dog ETF,5,120,14,29,79,1.0,10.0,1.41,0.0,2.21,18.84
109,DGRE.O,WisdomTree Emerging Markets Quality Dividend Gro,5,120,14,29,79,1.0,10.0,1.41,0.0,2.57,19.94
109,FLDZ.K,RiverNorth Patriot ETF,5,120,14,29,79,1.0,10.0,1.41,0.0,3.8,18.08
109,DBP,Invesco DB Precious Metals Fund,5,120,14,29,79,1.0,10.0,1.41,0.0,4.3,17.68
109,GQRE.K,FlexShares Global Quality Real Estate Index Fund,5,120,14,29,79,1.0,10.0,1.41,0.0,2.73,17.21
109,FYLD.K,Cambria Foreign Shareholder Yield ETF,5,120,14,29,79,1.0,10.0,1.41,3.84,2.47,18.05
109,DFIS.K,DFA Dimensional International Small Cap ETF,5,120,14,29,79,1.0,10.0,1.41,0.0,3.15,18.11
109,CTA,Simplify Managed Futures Strategy ETF,5,120,14,29,79,1.0,10.0,1.41,0.0,2.72,16.94
109,IDV,iShares International Select Dividend ETF,5,120,14,29,79,1.0,10.0,1.41,0.0,2.04,19.19
109,IYZ,iShares US Telecommunications ETF,5,120,14,29,79,1.0,10.0,1.41,0.0,2.72,18.43
109,VSGX.K,Vanguard ESG International Stock ETF,5,120,14,29,79,1.0,10.0,1.41,0.0,4.43,18.44
109,IVLU.K,iShares MSCI Intl Value Factor ETF,5,120,14,29,79,1.0,10.0,1.41,0.0,3.38,18.51
109,ANGL.O,VanEck Fallen Angel High Yield Bond ETF,5,120,14,29,79,1.0,10.0,1.41,0.0,2.88,19.34
109,YMAX.K,YieldMax Universe Fund of Option Income ETFs,5,120,14,29,79,1.0,10.0,1.41,0.0,2.5,18.72
109,DGS,WisdomTree Emerging Markets SmallCap Dividend Fund,5,120,14,29,79,1.0,10.0,1.41,0.0,3.24,18.2
109,REET.K,iShares Global REIT ETF,5,120,14,29,79,1.0,10.0,1.41,0.0,1.43,18.76
109,DFAE.K,DFA Dimensional Emerging Core Equity Market ETF,5,120,14,29,79,1.0,10.0,1.41,0.0,2.84,17.07
109,FLJP.K,Franklin FTSE Japan ETF,5,120,14,29,79,1.0,10.0,1.41,0.0,3.7,17.19
109,DBC,Invesco DB Commodity Index Tracking Fund,5,120,14,29,79,1.0,10.0,1.41,12.63,1.9,17.12
109,IEUR.K,iShares Core MSCI Europe ETF,5,120,14,29,79,1.0,10.0,1.41,0.0,3.52,18.79
109,EWH,iShares MSCI Hong Kong ETF,5,120,14,29,79,1.0,10.0,1.41,0.0,2.09,19.19
109,EQUL.K,IQ Engender Equality ETF,5,120,14,29,79,1.0,10.0,1.41,0.0,1.95,17.77
109,RWO,SPDR Dow Jones Global Real Estate ETF,5,120,14,29,79,1.0,10.0,1.41,0.0,3.94,18.44
109,EFV,iShares MSCI EAFE Value ETF,5,120,14,29,79,1.0,10.0,1.41,0.0,3.44,19.23
109,HDEF.K,Xtrackers MSCI EAFE Hi Dv Yld Eq ETF,5,120,14,29,79,1.0,10.0,1.41,0.0,1.94,17.22
109,DBB,Invesco DB Base Metals Fund,5,120,14,29,79,1.0,10.0,1.41,12.85,2.45,19.18
109,EEMS.K,iShares MSCI Emerging Markets Small-Cap ETF,5,120,14,29,79,1.0,10.0,1.41,0.0,3.79,18.75
109,MOTI.K,VanEck Morningstar International Moat ETF,5,120,14,29,79,1.0,10.0,1.41,0.0,2.7,18.97
109,SPRE.K,SP Funds S&P Global REIT Sharia ETF,5,120,14,29,79,1.0,10.0,1.41,0.0,2.3,19.4
109,GWX,SPDR S&P International Small Cap ETF,5,120,14,29,79,1.0,10.0,1.41,0.0,3.63,17.87
109,EUO,ProShares UltraShort Euro,5,120,14,29,79,1.0,10.0,1.41,0.0,3.43,16.81
109,DTH,WisdomTree International High Dividend,5,120,14,29,79,1.0,10.0,1.41,0.0,2.43,18.59
109,DOL,WisdomTree International LargeCap Dividend Fund,5,120,14,29,79,1.0,10.0,1.41,0.0,3.65,18.03
109,FIVA.K,Fidelity International Value Factor ETF,5,120,14,29,79,1.0,10.0,1.41,0.0,2.27,18.41
109,IDOG.K,Alps Internatl Sector Dividends Dogs ETF,5,120,14,29,79,1.0,10.0,1.41,0.0,3.45,17.51
109,VIDI.K,Vident International Equity Strat ETF,5,120,14,29,79,1.0,10.0,1.41,0.0,1.91,17.77
109,INTF.K,iShares International Equity Factor ETF,5,120,14,29,79,1.0,10.0,1.41,0.0,3.8,17.7
109,JPEM.K,JPMorgan Diversified Return Emerging Mkts Eqty ETF,5,120,14,29,79,1.0,10.0,1.41,23.01,2.62,18.11
109,FDT.O,First Trust Developed Markets ex-US AlphaDEX Fund,5,120,14,29,79,1.0,10.0,1.41,0.0,2.73,18.34
109,EWX,SPDR S&P Emerging Markets Small Cap ETF,5,120,14,29,79,1.0,10.0,1.41,0.0,3.32,18.3
109,DWM,WisdomTree International Equity Fund,5,120,14,29,79,1.0,10.0,1.41,0.0,3.86,17.75
109,FGD,First Trust Dow Jones Global Select Dividend Ix Fd,5,120,14,29,79,1.0,10.0,1.41,0.0,2.65,18.54
109,PID.O,Invesco International Dividend Achievers ETF,5,120,14,29,79,1.0,10.0,1.41,0.0,4.03,18.2
109,RAAX.K,VanEck Inflation Allocation ETF,5,60,14,24,69,1.0,10.0,1.09,4.04,2.79,16.63
109,ISVL.K,iShares Intl Developed Small Cap Value Factor ETF,5,60,14,24,69,1.0,10.0,1.09,0.0,3.17,17.27
109,FTXG.O,First Trust Nasdaq Food & Beverage ETF,5,60,14,24,69,1.0,10.0,1.09,0.0,3.68,17.02
109,HEEM.K,iShares Currency Hedged MSCI Emerging Markets ETF,5,60,14,24,69,1.0,10.0,1.09,0.0,3.11,18.04
109,GDVD.K,Copper Place Global Dividend Growth ETF,5,60,14,24,69,1.0,10.0,1.09,0.0,2.23,20.03
109,RAYE.K,Rayliant Quantamental Emg Mrkt ex-China Eqty ETF,5,60,14,24,69,1.0,10.0,1.09,0.0,3.34,17.28
109,TOLZ.K,ProShares DJ Brookfield Global Infrastructure ETF,5,60,14,24,69,1.0,10.0,1.09,0.0,3.03,17.0
109,ROAM.K,Hartford Multifactor Emerging Markets ETF,5,60,14,24,69,1.0,10.0,1.09,0.0,1.62,18.74
109,DIM,WisdomTree International MidCap Dividend Fund,5,60,14,24,69,1.0,10.0,1.09,0.0,4.24,17.69
109,IQDY.K,FlexShares International Quality Div Dyn Idx,5,60,14,24,69,1.0,10.0,1.09,0.0,3.54,18.04
109,ASEA.K,Global X FTSE Southeast Asia ETF,5,60,14,24,69,1.0,10.0,1.09,0.0,1.84,18.25
109,MKOR.K,Matthews Korea Active ETF,5,60,14,24,69,1.0,10.0,1.09,0.0,2.53,16.77
109,TLTE.K,FlexShares Morningstar Em Mkts Factors Tilt Idx,5,60,14,24,69,1.0,10.0,1.09,0.0,2.43,17.91
109,CVY,Invesco Zacks Multi-Asset Income ETF,5,60,14,24,69,1.0,10.0,1.09,0.0,4.25,18.14
109,EUDV.K,ProShares MSCI Europe Dividend Growers ETF,5,60,14,24,69,1.0,10.0,1.09,0.0,4.21,18.04
109,UEVM.O,VictoryShares Emerging Markets Value Momentum ETF,5,60,14,24,69,1.0,10.0,1.09,0.0,1.71,18.7
109,CVAR.K,Cultivar ETF,5,60,14,24,69,1.0,10.0,1.09,0.0,2.56,17.21
109,DIVY.K,Sound Equity Dividend Income ETF,5,60,14,24,69,1.0,10.0,1.09,1.47,3.26,18.75
109,DTRE.K,First Trust Alerian Disruptive Technology Real Est,5,60,14,24,69,1.0,10.0,1.09,0.0,4.01,18.49
109,RNEM.O,First Trust Emerging Markets Equity Select ETF,5,60,14,24,69,1.0,10.0,1.09,0.0,2.75,17.73
109,RUFF.K,Alpha Dog ETF,5,60,14,24,69,1.0,10.0,1.09,0.0,2.21,18.84
109,FDEM.K,Fidelity Emerging Markets Multifactor ETF,5,60,14,24,69,1.0,10.0,1.09,0.0,2.96,18.03
109,FLDZ.K,RiverNorth Patriot ETF,5,60,14,24,69,1.0,10.0,1.09,0.0,3.8,18.08
109,EQUL.K,IQ Engender Equality ETF,5,60,14,24,69,1.0,10.0,1.09,0.0,1.95,17.77
109,LOPP.K,Gabelli Love Our Planet & People ETF,5,60,14,24,69,1.0,10.0,1.09,0.0,3.75,17.55
109,OVF,Overlay Shares Foreign Equity ETF,5,60,14,24,69,1.0,10.0,1.09,0.0,2.07,16.94
109,ISZE.K,iShares MSCI Intl Size Factor ETF,5,60,14,24,69,1.0,10.0,1.09,0.0,2.64,16.8
109,EMDV.K,ProShares MSCI Emerging Markets Dividend Grwrs ETF,5,60,14,24,69,1.0,10.0,1.09,0.0,2.94,19.07
109,MOTE.K,VanEck Morningstar ESG Moat ETF,5,60,14,24,69,1.0,10.0,1.09,0.0,3.79,18.16
109,DWAT.K,Arrow DWA Tactical: Macro ETF,5,60,14,24,69,1.0,10.0,1.09,0.0,3.04,17.46
109,UIVM.O,VictoryShares International Value Momentum ETF,5,60,14,24,69,1.0,10.0,1.09,0.0,1.29,17.59
109,CIL.O,VictoryShares International Volatility Wtd Idx ETF,5,60,14,24,69,1.0,10.0,1.09,0.0,4.38,18.02
109,EFAS.O,Global X MSCI SuperDividend EAFE ETF,5,60,14,24,69,1.0,10.0,1.09,0.0,1.9,19.26
109,RSPE.K,Invesco ESG S&P 500 Equal Weight ETF,5,60,14,24,69,1.0,10.0,1.09,0.0,2.9,17.39
109,BMED.K,BlackRock Future Health ETF,5,60,14,24,69,1.0,10.0,1.09,0.0,2.13,18.1
109,OEUR.K,ALPS O'Shares Europe Quality Dividend ETF,5,60,14,24,69,1.0,10.0,1.09,0.0,4.1,17.39
109,GGM,GGM Macro Alignment ETF,5,60,14,24,69,1.0,10.0,1.09,0.0,3.42,19.1
109,FLAX.K,Franklin FTSE Asia ex Japan ETF,5,60,14,24,69,1.0,10.0,1.09,10.21,2.52,19.94
109,VAMO.K,Cambria Value and Momentum ETF,5,60,14,24,69,1.0,10.0,1.09,55.26,3.21,18.44
109,PID.O,Invesco International Dividend Achievers ETF,5,60,14,24,69,1.0,10.0,1.09,0.0,4.03,18.2
109,DGRE.O,WisdomTree Emerging Markets Quality Dividend Gro,5,60,14,24,69,1.0,10.0,1.09,0.0,2.57,19.94
109,FJP.O,First Trust Japan AlphaDEX Fund,5,60,14,24,69,1.0,10.0,1.09,0.0,3.52,17.98
109,RWO,SPDR Dow Jones Global Real Estate ETF,5,60,14,24,69,1.0,10.0,1.09,0.0,3.94,18.44
109,FYLD.K,Cambria Foreign Shareholder Yield ETF,5,60,14,24,69,1.0,10.0,1.09,3.76,2.47,18.05
109,DFIS.K,DFA Dimensional International Small Cap ETF,5,60,14,24,69,1.0,10.0,1.09,0.0,3.15,18.11
109,CTA,Simplify Managed Futures Strategy ETF,5,60,14,24,69,1.0,10.0,1.09,0.0,2.72,16.94
109,IDV,iShares International Select Dividend ETF,5,60,14,24,69,1.0,10.0,1.09,0.0,2.04,19.19
109,IYZ,iShares US Telecommunications ETF,5,60,14,24,69,1.0,10.0,1.09,0.0,2.72,18.43
109,VSGX.K,Vanguard ESG International Stock ETF,5,60,14,24,69,1.0,10.0,1.09,0.0,4.43,18.44
109,IVLU.K,iShares MSCI Intl Value Factor ETF,5,60,14,24,69,1.0,10.0,1.09,0.0,3.38,18.51
109,ANGL.O,VanEck Fallen Angel High Yield Bond ETF,5,60,14,24,69,1.0,10.0,1.09,0.0,2.88,19.34
109,YMAX.K,YieldMax Universe Fund of Option Income ETFs,5,60,14,24,69,1.0,10.0,1.09,0.0,2.5,18.72
109,DGS,WisdomTree Emerging Markets SmallCap Dividend Fund,5,60,14,24,69,1.0,10.0,1.09,0.0,3.24,18.2
109,REET.K,iShares Global REIT ETF,5,60,14,24,69,1.0,10.0,1.09,0.0,1.43,18.76
109,DFAE.K,DFA Dimensional Emerging Core Equity Market ETF,5,60,14,24,69,1.0,10.0,1.09,13.44,2.84,17.07
109,FLJP.K,Franklin FTSE Japan ETF,5,60,14,24,69,1.0,10.0,1.09,0.0,3.7,17.19
109,DBC,Invesco DB Commodity Index Tracking Fund,5,60,14,24,69,1.0,10.0,1.09,1.1,1.9,17.12
109,IEUR.K,iShares Core MSCI Europe ETF,5,60,14,24,69,1.0,10.0,1.09,0.0,3.52,18.79
109,EWH,iShares MSCI Hong Kong ETF,5,60,14,24,69,1.0,10.0,1.09,0.0,2.09,19.19
109,GQRE.K,FlexShares Global Quality Real Estate Index Fund,5,60,14,24,69,1.0,10.0,1.09,0.0,2.73,17.21
109,HDEF.K,Xtrackers MSCI EAFE Hi Dv Yld Eq ETF,5,60,14,24,69,1.0,10.0,1.09,0.0,1.94,17.22
109,EEMS.K,iShares MSCI Emerging Markets Small-Cap ETF,5,60,14,24,69,1.0,10.0,1.09,0.0,3.79,18.75
109,DOL,WisdomTree International LargeCap Dividend Fund,5,60,14,24,69,1.0,10.0,1.09,0.0,3.65,18.03
109,DBP,Invesco DB Precious Metals Fund,5,60,14,24,69,1.0,10.0,1.09,0.0,4.3,17.68
109,IDOG.K,Alps Internatl Sector Dividends Dogs ETF,5,60,14,24,69,1.0,10.0,1.09,0.0,3.45,17.51
109,MOTI.K,VanEck Morningstar International Moat ETF,5,60,14,24,69,1.0,10.0,1.09,0.0,2.7,18.97
109,SPRE.K,SP Funds S&P Global REIT Sharia ETF,5,60,14,24,69,1.0,10.0,1.09,0.0,2.3,19.4
109,GWX,SPDR S&P International Small Cap ETF,5,60,14,24,69,1.0,10.0,1.09,0.0,3.63,17.87
109,EUO,ProShares UltraShort Euro,5,60,14,24,69,1.0,10.0,1.09,0.0,3.43,16.81
109,DTH,WisdomTree International High Dividend,5,60,14,24,69,1.0,10.0,1.09,0.0,2.43,18.59
109,FIVA.K,Fidelity International Value Factor ETF,5,60,14,24,69,1.0,10.0,1.09,0.0,2.27,18.41
109,DWM,WisdomTree International Equity Fund,5,60,14,24,69,1.0,10.0,1.09,0.0,3.86,17.75
109,DBB,Invesco DB Base Metals Fund,5,60,14,24,69,1.0,10.0,1.09,0.0,2.45,19.18
109,VIDI.K,Vident International Equity Strat ETF,5,60,14,24,69,1.0,10.0,1.09,0.0,1.91,17.77
109,FGD,First Trust Dow Jones Global Select Dividend Ix Fd,5,60,14,24,69,1.0,10.0,1.09,0.0,2.65,18.54
109,INTF.K,iShares International Equity Factor ETF,5,60,14,24,69,1.0,10.0,1.09,0.0,3.8,17.7
109,JPEM.K,JPMorgan Diversified Return Emerging Mkts Eqty ETF,5,60,14,24,69,1.0,10.0,1.09,0.0,2.62,18.11
109,FDT.O,First Trust Developed Markets ex-US AlphaDEX Fund,5,60,14,24,69,1.0,10.0,1.09,0.0,2.73,18.34
109,EWX,SPDR S&P Emerging Markets Small Cap ETF,5,60,14,24,69,1.0,10.0,1.09,0.0,3.32,18.3
109,EFV,iShares MSCI EAFE Value ETF,5,60,14,24,69,1.0,10.0,1.09,0.0,3.44,19.23
109,IEMG.K,iShares Core MSCI Emerging Markets ETF,5,60,14,24,69,1.0,10.0,1.09,0.0,3.1,19.55
109,VXUS.O,Vanguard Total International Stock Index Fund;ETF,5,60,14,24,69,1.0,10.0,1.09,0.0,3.47,17.94
109,FLDZ.K,RiverNorth Patriot ETF,5,60,14,24,59,1.0,10.0,1.08,0.0,3.8,18.08
109,FGD,First Trust Dow Jones Global Select Dividend Ix Fd,5,60,14,24,59,1.0,10.0,1.08,0.0,2.65,18.54
109,HDEF.K,Xtrackers MSCI EAFE Hi Dv Yld Eq ETF,5,60,14,24,59,1.0,10.0,1.08,0.0,1.94,17.22
109,EEMS.K,iShares MSCI Emerging Markets Small-Cap ETF,5,60,14,24,59,1.0,10.0,1.08,0.0,3.79,18.75
109,PID.O,Invesco International Dividend Achievers ETF,5,60,14,24,59,1.0,10.0,1.08,0.0,4.03,18.2
109,DWM,WisdomTree International Equity Fund,5,60,14,24,59,1.0,10.0,1.08,0.0,3.86,17.75
109,EWX,SPDR S&P Emerging Markets Small Cap ETF,5,60,14,24,59,1.0,10.0,1.08,0.0,3.32,18.3
109,FDT.O,First Trust Developed Markets ex-US AlphaDEX Fund,5,60,14,24,59,1.0,10.0,1.08,0.0,2.73,18.34
109,JPEM.K,JPMorgan Diversified Return Emerging Mkts Eqty ETF,5,60,14,24,59,1.0,10.0,1.08,0.0,2.62,18.11
109,INTF.K,iShares International Equity Factor ETF,5,60,14,24,59,1.0,10.0,1.08,0.0,3.8,17.7
109,VIDI.K,Vident International Equity Strat ETF,5,60,14,24,59,1.0,10.0,1.08,0.0,1.91,17.77
109,RWO,SPDR Dow Jones Global Real Estate ETF,5,60,14,24,59,1.0,10.0,1.08,0.0,3.94,18.44
109,DBB,Invesco DB Base Metals Fund,5,60,14,24,59,1.0,10.0,1.08,0.0,2.45,19.18
109,FIVA.K,Fidelity International Value Factor ETF,5,60,14,24,59,1.0,10.0,1.08,0.0,2.27,18.41
109,DOL,WisdomTree International LargeCap Dividend Fund,5,60,14,24,59,1.0,10.0,1.08,0.0,3.65,18.03
109,DTH,WisdomTree International High Dividend,5,60,14,24,59,1.0,10.0,1.08,0.0,2.43,18.59
109,EUO,ProShares UltraShort Euro,5,60,14,24,59,1.0,10.0,1.08,0.0,3.43,16.81
109,GWX,SPDR S&P International Small Cap ETF,5,60,14,24,59,1.0,10.0,1.08,0.0,3.63,17.87
109,SPRE.K,SP Funds S&P Global REIT Sharia ETF,5,60,14,24,59,1.0,10.0,1.08,0.0,2.3,19.4
109,GQRE.K,FlexShares Global Quality Real Estate Index Fund,5,60,14,24,59,1.0,10.0,1.08,0.0,2.73,17.21
109,FYLD.K,Cambria Foreign Shareholder Yield ETF,5,60,14,24,59,1.0,10.0,1.08,0.37,2.47,18.05
109,IDOG.K,Alps Internatl Sector Dividends Dogs ETF,5,60,14,24,59,1.0,10.0,1.08,0.0,3.45,17.51
109,REET.K,iShares Global REIT ETF,5,60,14,24,59,1.0,10.0,1.08,0.0,1.43,18.76
109,IEMG.K,iShares Core MSCI Emerging Markets ETF,5,60,14,24,59,1.0,10.0,1.08,0.0,3.1,19.55
109,EFV,iShares MSCI EAFE Value ETF,5,60,14,24,59,1.0,10.0,1.08,0.0,3.44,19.23
109,EWH,iShares MSCI Hong Kong ETF,5,60,14,24,59,1.0,10.0,1.08,0.0,2.09,19.19
109,IEUR.K,iShares Core MSCI Europe ETF,5,60,14,24,59,1.0,10.0,1.08,0.0,3.52,18.79
109,DBC,Invesco DB Commodity Index Tracking Fund,5,60,14,24,59,1.0,10.0,1.08,-0.77,1.9,17.12
109,FLJP.K,Franklin FTSE Japan ETF,5,60,14,24,59,1.0,10.0,1.08,0.0,3.7,17.19
109,DFAE.K,DFA Dimensional Emerging Core Equity Market ETF,5,60,14,24,59,1.0,10.0,1.08,13.44,2.84,17.07
109,DGS,WisdomTree Emerging Markets SmallCap Dividend Fund,5,60,14,24,59,1.0,10.0,1.08,0.0,3.24,18.2
109,DFIS.K,DFA Dimensional International Small Cap ETF,5,60,14,24,59,1.0,10.0,1.08,0.0,3.15,18.11
109,YMAX.K,YieldMax Universe Fund of Option Income ETFs,5,60,14,24,59,1.0,10.0,1.08,0.0,2.5,18.72
109,ANGL.O,VanEck Fallen Angel High Yield Bond ETF,5,60,14,24,59,1.0,10.0,1.08,0.0,2.88,19.34
109,IVLU.K,iShares MSCI Intl Value Factor ETF,5,60,14,24,59,1.0,10.0,1.08,0.0,3.38,18.51
109,VSGX.K,Vanguard ESG International Stock ETF,5,60,14,24,59,1.0,10.0,1.08,0.0,4.43,18.44
109,IYZ,iShares US Telecommunications ETF,5,60,14,24,59,1.0,10.0,1.08,0.0,2.72,18.43
109,IDV,iShares International Select Dividend ETF,5,60,14,24,59,1.0,10.0,1.08,0.0,2.04,19.19
109,CTA,Simplify Managed Futures Strategy ETF,5,60,14,24,59,1.0,10.0,1.08,0.0,2.72,16.94
109,MOTI.K,VanEck Morningstar International Moat ETF,5,60,14,24,59,1.0,10.0,1.08,0.0,2.7,18.97
109,DBP,Invesco DB Precious Metals Fund,5,60,14,24,59,1.0,10.0,1.08,0.0,4.3,17.68
109,EQUL.K,IQ Engender Equality ETF,5,60,14,24,59,1.0,10.0,1.08,0.0,1.95,17.77
109,ISVL.K,iShares Intl Developed Small Cap Value Factor ETF,5,60,14,24,59,1.0,10.0,1.08,0.0,3.17,17.27
109,RNEM.O,First Trust Emerging Markets Equity Select ETF,5,60,14,24,59,1.0,10.0,1.08,0.0,2.75,17.73
109,RUFF.K,Alpha Dog ETF,5,60,14,24,59,1.0,10.0,1.08,0.0,2.21,18.84
109,FLAX.K,Franklin FTSE Asia ex Japan ETF,5,60,14,24,59,1.0,10.0,1.08,10.21,2.52,19.94
109,GGM,GGM Macro Alignment ETF,5,60,14,24,59,1.0,10.0,1.08,0.0,3.42,19.1
109,OEUR.K,ALPS O'Shares Europe Quality Dividend ETF,5,60,14,24,59,1.0,10.0,1.08,0.0,4.1,17.39
109,BMED.K,BlackRock Future Health ETF,5,60,14,24,59,1.0,10.0,1.08,0.0,2.13,18.1
109,RSPE.K,Invesco ESG S&P 500 Equal Weight ETF,5,60,14,24,59,1.0,10.0,1.08,0.0,2.9,17.39
109,EFAS.O,Global X MSCI SuperDividend EAFE ETF,5,60,14,24,59,1.0,10.0,1.08,0.0,1.9,19.26
109,DTRE.K,First Trust Alerian Disruptive Technology Real Est,5,60,14,24,59,1.0,10.0,1.08,0.0,4.01,18.49
109,CIL.O,VictoryShares International Volatility Wtd Idx ETF,5,60,14,24,59,1.0,10.0,1.08,0.0,4.38,18.02
109,UIVM.O,VictoryShares International Value Momentum ETF,5,60,14,24,59,1.0,10.0,1.08,0.0,1.29,17.59
109,DWAT.K,Arrow DWA Tactical: Macro ETF,5,60,14,24,59,1.0,10.0,1.08,0.0,3.04,17.46
109,MOTE.K,VanEck Morningstar ESG Moat ETF,5,60,14,24,59,1.0,10.0,1.08,0.0,3.79,18.16
109,EMDV.K,ProShares MSCI Emerging Markets Dividend Grwrs ETF,5,60,14,24,59,1.0,10.0,1.08,0.0,2.94,19.07
109,ISZE.K,iShares MSCI Intl Size Factor ETF,5,60,14,24,59,1.0,10.0,1.08,0.0,2.64,16.8
109,OVF,Overlay Shares Foreign Equity ETF,5,60,14,24,59,1.0,10.0,1.08,0.0,2.07,16.94
109,LOPP.K,Gabelli Love Our Planet & People ETF,5,60,14,24,59,1.0,10.0,1.08,0.0,3.75,17.55
109,CVAR.K,Cultivar ETF,5,60,14,24,59,1.0,10.0,1.08,0.0,2.56,17.21
109,FTXG.O,First Trust Nasdaq Food & Beverage ETF,5,60,14,24,59,1.0,10.0,1.08,0.0,3.68,17.02
109,FJP.O,First Trust Japan AlphaDEX Fund,5,60,14,24,59,1.0,10.0,1.08,0.0,3.52,17.98
109,HEEM.K,iShares Currency Hedged MSCI Emerging Markets ETF,5,60,14,24,59,1.0,10.0,1.08,0.0,3.11,18.04
109,DGRE.O,WisdomTree Emerging Markets Quality Dividend Gro,5,60,14,24,59,1.0,10.0,1.08,0.0,2.57,19.94
109,FDEM.K,Fidelity Emerging Markets Multifactor ETF,5,60,14,24,59,1.0,10.0,1.08,0.0,2.96,18.03
109,VAMO.K,Cambria Value and Momentum ETF,5,60,14,24,59,1.0,10.0,1.08,57.59,3.21,18.44
109,DIVY.K,Sound Equity Dividend Income ETF,5,60,14,24,59,1.0,10.0,1.08,8.37,3.26,18.75
109,UEVM.O,VictoryShares Emerging Markets Value Momentum ETF,5,60,14,24,59,1.0,10.0,1.08,0.0,1.71,18.7
109,EUDV.K,ProShares MSCI Europe Dividend Growers ETF,5,60,14,24,59,1.0,10.0,1.08,0.0,4.21,18.04
109,CVY,Invesco Zacks Multi-Asset Income ETF,5,60,14,24,59,1.0,10.0,1.08,0.0,4.25,18.14
109,TLTE.K,FlexShares Morningstar Em Mkts Factors Tilt Idx,5,60,14,24,59,1.0,10.0,1.08,0.0,2.43,17.91
109,MKOR.K,Matthews Korea Active ETF,5,60,14,24,59,1.0,10.0,1.08,0.0,2.53,16.77
109,DIM,WisdomTree International MidCap Dividend Fund,5,60,14,24,59,1.0,10.0,1.08,0.0,4.24,17.69
109,ASEA.K,Global X FTSE Southeast Asia ETF,5,60,14,24,59,1.0,10.0,1.08,0.0,1.84,18.25
109,IQDY.K,FlexShares International Quality Div Dyn Idx,5,60,14,24,59,1.0,10.0,1.08,0.0,3.54,18.04
109,RAAX.K,VanEck Inflation Allocation ETF,5,60,14,24,59,1.0,10.0,1.08,-0.35,2.79,16.63
109,ROAM.K,Hartford Multifactor Emerging Markets ETF,5,60,14,24,59,1.0,10.0,1.08,0.0,1.62,18.74
109,TOLZ.K,ProShares DJ Brookfield Global Infrastructure ETF,5,60,14,24,59,1.0,10.0,1.08,0.0,3.03,17.0
109,RAYE.K,Rayliant Quantamental Emg Mrkt ex-China Eqty ETF,5,60,14,24,59,1.0,10.0,1.08,0.0,3.34,17.28
109,GDVD.K,Copper Place Global Dividend Growth ETF,5,60,14,24,59,1.0,10.0,1.08,0.0,2.23,20.03
109,VXUS.O,Vanguard Total International Stock Index Fund;ETF,5,60,14,24,59,1.0,10.0,1.08,0.0,3.47,17.94
109,IEMG.K,iShares Core MSCI Emerging Markets ETF,5,60,14,24,64,1.0,10.0,0.99,0.0,3.1,19.55
109,FLDZ.K,RiverNorth Patriot ETF,5,60,14,24,64,1.0,10.0,0.99,0.0,3.8,18.08
109,GQRE.K,FlexShares Global Quality Real Estate Index Fund,5,60,14,24,64,1.0,10.0,0.99,0.0,2.73,17.21
109,EEMS.K,iShares MSCI Emerging Markets Small-Cap ETF,5,60,14,24,64,1.0,10.0,0.99,0.0,3.79,18.75
109,PID.O,Invesco International Dividend Achievers ETF,5,60,14,24,64,1.0,10.0,0.99,0.0,4.03,18.2
109,DWM,WisdomTree International Equity Fund,5,60,14,24,64,1.0,10.0,0.99,0.0,3.86,17.75
109,EWX,SPDR S&P Emerging Markets Small Cap ETF,5,60,14,24,64,1.0,10.0,0.99,0.0,3.32,18.3
109,FDT.O,First Trust Developed Markets ex-US AlphaDEX Fund,5,60,14,24,64,1.0,10.0,0.99,0.0,2.73,18.34
109,JPEM.K,JPMorgan Diversified Return Emerging Mkts Eqty ETF,5,60,14,24,64,1.0,10.0,0.99,0.0,2.62,18.11
109,INTF.K,iShares International Equity Factor ETF,5,60,14,24,64,1.0,10.0,0.99,0.0,3.8,17.7
109,FGD,First Trust Dow Jones Global Select Dividend Ix Fd,5,60,14,24,64,1.0,10.0,0.99,0.0,2.65,18.54
109,VIDI.K,Vident International Equity Strat ETF,5,60,14,24,64,1.0,10.0,0.99,0.0,1.91,17.77
109,DBB,Invesco DB Base Metals Fund,5,60,14,24,64,1.0,10.0,0.99,0.0,2.45,19.18
109,FIVA.K,Fidelity International Value Factor ETF,5,60,14,24,64,1.0,10.0,0.99,0.0,2.27,18.41
109,DOL,WisdomTree International LargeCap Dividend Fund,5,60,14,24,64,1.0,10.0,0.99,0.0,3.65,18.03
109,DTH,WisdomTree International High Dividend,5,60,14,24,64,1.0,10.0,0.99,0.0,2.43,18.59
109,EUO,ProShares UltraShort Euro,5,60,14,24,64,1.0,10.0,0.99,0.0,3.43,16.81
109,GWX,SPDR S&P International Small Cap ETF,5,60,14,24,64,1.0,10.0,0.99,0.0,3.63,17.87
109,SPRE.K,SP Funds S&P Global REIT Sharia ETF,5,60,14,24,64,1.0,10.0,0.99,0.0,2.3,19.4
109,MOTI.K,VanEck Morningstar International Moat ETF,5,60,14,24,64,1.0,10.0,0.99,0.0,2.7,18.97
109,HDEF.K,Xtrackers MSCI EAFE Hi Dv Yld Eq ETF,5,60,14,24,64,1.0,10.0,0.99,0.0,1.94,17.22
109,RWO,SPDR Dow Jones Global Real Estate ETF,5,60,14,24,64,1.0,10.0,0.99,0.0,3.94,18.44
109,DBP,Invesco DB Precious Metals Fund,5,60,14,24,64,1.0,10.0,0.99,0.0,4.3,17.68
109,FYLD.K,Cambria Foreign Shareholder Yield ETF,5,60,14,24,64,1.0,10.0,0.99,3.05,2.47,18.05
109,EQUL.K,IQ Engender Equality ETF,5,60,14,24,64,1.0,10.0,0.99,0.0,1.95,17.77
109,EFV,iShares MSCI EAFE Value ETF,5,60,14,24,64,1.0,10.0,0.99,0.0,3.44,19.23
109,EWH,iShares MSCI Hong Kong ETF,5,60,14,24,64,1.0,10.0,0.99,0.0,2.09,19.19
109,IEUR.K,iShares Core MSCI Europe ETF,5,60,14,24,64,1.0,10.0,0.99,0.0,3.52,18.79
109,DBC,Invesco DB Commodity Index Tracking Fund,5,60,14,24,64,1.0,10.0,0.99,-0.06,1.9,17.12
109,FLJP.K,Franklin FTSE Japan ETF,5,60,14,24,64,1.0,10.0,0.99,0.0,3.7,17.19
109,DFAE.K,DFA Dimensional Emerging Core Equity Market ETF,5,60,14,24,64,1.0,10.0,0.99,13.44,2.84,17.07
109,REET.K,iShares Global REIT ETF,5,60,14,24,64,1.0,10.0,0.99,0.0,1.43,18.76
109,DGS,WisdomTree Emerging Markets SmallCap Dividend Fund,5,60,14,24,64,1.0,10.0,0.99,0.0,3.24,18.2
109,YMAX.K,YieldMax Universe Fund of Option Income ETFs,5,60,14,24,64,1.0,10.0,0.99,0.0,2.5,18.72
109,ANGL.O,VanEck Fallen Angel High Yield Bond ETF,5,60,14,24,64,1.0,10.0,0.99,0.0,2.88,19.34
109,IVLU.K,iShares MSCI Intl Value Factor ETF,5,60,14,24,64,1.0,10.0,0.99,0.0,3.38,18.51
109,VSGX.K,Vanguard ESG International Stock ETF,5,60,14,24,64,1.0,10.0,0.99,0.0,4.43,18.44
109,IYZ,iShares US Telecommunications ETF,5,60,14,24,64,1.0,10.0,0.99,0.0,2.72,18.43
109,IDV,iShares International Select Dividend ETF,5,60,14,24,64,1.0,10.0,0.99,0.0,2.04,19.19
109,CTA,Simplify Managed Futures Strategy ETF,5,60,14,24,64,1.0,10.0,0.99,0.0,2.72,16.94
109,DFIS.K,DFA Dimensional International Small Cap ETF,5,60,14,24,64,1.0,10.0,0.99,0.0,3.15,18.11
109,IDOG.K,Alps Internatl Sector Dividends Dogs ETF,5,60,14,24,64,1.0,10.0,0.99,0.0,3.45,17.51
109,VXUS.O,Vanguard Total International Stock Index Fund;ETF,5,60,14,24,64,1.0,10.0,0.99,0.0,3.47,17.94
109,FJP.O,First Trust Japan AlphaDEX Fund,5,60,14,24,64,1.0,10.0,0.99,0.0,3.52,17.98
109,DTRE.K,First Trust Alerian Disruptive Technology Real Est,5,60,14,24,64,1.0,10.0,0.99,0.0,4.01,18.49
109,RNEM.O,First Trust Emerging Markets Equity Select ETF,5,60,14,24,64,1.0,10.0,0.99,0.0,2.75,17.73
109,RUFF.K,Alpha Dog ETF,5,60,14,24,64,1.0,10.0,0.99,0.0,2.21,18.84
109,FLAX.K,Franklin FTSE Asia ex Japan ETF,5,60,14,24,64,1.0,10.0,0.99,10.21,2.52,19.94
109,GGM,GGM Macro Alignment ETF,5,60,14,24,64,1.0,10.0,0.99,0.0,3.42,19.1
109,OEUR.K,ALPS O'Shares Europe Quality Dividend ETF,5,60,14,24,64,1.0,10.0,0.99,0.0,4.1,17.39
109,BMED.K,BlackRock Future Health ETF,5,60,14,24,64,1.0,10.0,0.99,0.0,2.13,18.1
109,EFAS.O,Global X MSCI SuperDividend EAFE ETF,5,60,14,24,64,1.0,10.0,0.99,0.0,1.9,19.26
109,CIL.O,VictoryShares International Volatility Wtd Idx ETF,5,60,14,24,64,1.0,10.0,0.99,0.0,4.38,18.02
109,ISVL.K,iShares Intl Developed Small Cap Value Factor ETF,5,60,14,24,64,1.0,10.0,0.99,0.0,3.17,17.27
109,UIVM.O,VictoryShares International Value Momentum ETF,5,60,14,24,64,1.0,10.0,0.99,0.0,1.29,17.59
109,DWAT.K,Arrow DWA Tactical: Macro ETF,5,60,14,24,64,1.0,10.0,0.99,0.0,3.04,17.46
109,MOTE.K,VanEck Morningstar ESG Moat ETF,5,60,14,24,64,1.0,10.0,0.99,0.0,3.79,18.16
109,EMDV.K,ProShares MSCI Emerging Markets Dividend Grwrs ETF,5,60,14,24,64,1.0,10.0,0.99,0.0,2.94,19.07
109,ISZE.K,iShares MSCI Intl Size Factor ETF,5,60,14,24,64,1.0,10.0,0.99,0.0,2.64,16.8
109,OVF,Overlay Shares Foreign Equity ETF,5,60,14,24,64,1.0,10.0,0.99,0.0,2.07,16.94
109,LOPP.K,Gabelli Love Our Planet & People ETF,5,60,14,24,64,1.0,10.0,0.99,0.0,3.75,17.55
109,CVAR.K,Cultivar ETF,5,60,14,24,64,1.0,10.0,0.99,0.0,2.56,17.21
109,RSPE.K,Invesco ESG S&P 500 Equal Weight ETF,5,60,14,24,64,1.0,10.0,0.99,0.0,2.9,17.39
109,FTXG.O,First Trust Nasdaq Food & Beverage ETF,5,60,14,24,64,1.0,10.0,0.99,0.0,3.68,17.02
109,DIM,WisdomTree International MidCap Dividend Fund,5,60,14,24,64,1.0,10.0,0.99,0.0,4.24,17.69
109,HEEM.K,iShares Currency Hedged MSCI Emerging Markets ETF,5,60,14,24,64,1.0,10.0,0.99,0.0,3.11,18.04
109,VAMO.K,Cambria Value and Momentum ETF,5,60,14,24,64,1.0,10.0,0.99,52.04,3.21,18.44
109,DIVY.K,Sound Equity Dividend Income ETF,5,60,14,24,64,1.0,10.0,0.99,1.47,3.26,18.75
109,UEVM.O,VictoryShares Emerging Markets Value Momentum ETF,5,60,14,24,64,1.0,10.0,0.99,0.0,1.71,18.7
109,EUDV.K,ProShares MSCI Europe Dividend Growers ETF,5,60,14,24,64,1.0,10.0,0.99,0.0,4.21,18.04
109,CVY,Invesco Zacks Multi-Asset Income ETF,5,60,14,24,64,1.0,10.0,0.99,0.0,4.25,18.14
109,TLTE.K,FlexShares Morningstar Em Mkts Factors Tilt Idx,5,60,14,24,64,1.0,10.0,0.99,0.0,2.43,17.91
109,MKOR.K,Matthews Korea Active ETF,5,60,14,24,64,1.0,10.0,0.99,0.0,2.53,16.77
109,FDEM.K,Fidelity Emerging Markets Multifactor ETF,5,60,14,24,64,1.0,10.0,0.99,0.0,2.96,18.03
109,ASEA.K,Global X FTSE Southeast Asia ETF,5,60,14,24,64,1.0,10.0,0.99,0.0,1.84,18.25
109,TOLZ.K,ProShares DJ Brookfield Global Infrastructure ETF,5,60,14,24,64,1.0,10.0,0.99,0.0,3.03,17.0
109,GDVD.K,Copper Place Global Dividend Growth ETF,5,60,14,24,64,1.0,10.0,0.99,0.0,2.23,20.03
109,RAYE.K,Rayliant Quantamental Emg Mrkt ex-China Eqty ETF,5,60,14,24,64,1.0,10.0,0.99,0.0,3.34,17.28
109,DGRE.O,WisdomTree Emerging Markets Quality Dividend Gro,5,60,14,24,64,1.0,10.0,0.99,0.0,2.57,19.94
109,ROAM.K,Hartford Multifactor Emerging Markets ETF,5,60,14,24,64,1.0,10.0,0.99,0.0,1.62,18.74
109,IQDY.K,FlexShares International Quality Div Dyn Idx,5,60,14,24,64,1.0,10.0,0.99,0.0,3.54,18.04
109,RAAX.K,VanEck Inflation Allocation ETF,5,60,14,24,64,1.0,10.0,0.99,1.03,2.79,16.63
109,ASEA.K,Global X FTSE Southeast Asia ETF,5,120,14,24,54,1.0,10.0,0.74,0.0,1.84,18.25
109,HEEM.K,iShares Currency Hedged MSCI Emerging Markets ETF,5,120,14,24,54,1.0,10.0,0.74,0.0,3.11,18.04
109,GDVD.K,Copper Place Global Dividend Growth ETF,5,120,14,24,54,1.0,10.0,0.74,0.0,2.23,20.03
109,RAYE.K,Rayliant Quantamental Emg Mrkt ex-China Eqty ETF,5,120,14,24,54,1.0,10.0,0.74,0.0,3.34,17.28
109,TOLZ.K,ProShares DJ Brookfield Global Infrastructure ETF,5,120,14,24,54,1.0,10.0,0.74,0.0,3.03,17.0
109,ROAM.K,Hartford Multifactor Emerging Markets ETF,5,120,14,24,54,1.0,10.0,0.74,0.0,1.62,18.74
109,RAAX.K,VanEck Inflation Allocation ETF,5,120,14,24,54,1.0,10.0,0.74,12.83,2.79,16.63
109,IQDY.K,FlexShares International Quality Div Dyn Idx,5,120,14,24,54,1.0,10.0,0.74,0.0,3.54,18.04
109,MKOR.K,Matthews Korea Active ETF,5,120,14,24,54,1.0,10.0,0.74,0.0,2.53,16.77
109,DIM,WisdomTree International MidCap Dividend Fund,5,120,14,24,54,1.0,10.0,0.74,0.0,4.24,17.69
109,TLTE.K,FlexShares Morningstar Em Mkts Factors Tilt Idx,5,120,14,24,54,1.0,10.0,0.74,0.0,2.43,17.91
109,FTXG.O,First Trust Nasdaq Food & Beverage ETF,5,120,14,24,54,1.0,10.0,0.74,0.0,3.68,17.02
109,EUDV.K,ProShares MSCI Europe Dividend Growers ETF,5,120,14,24,54,1.0,10.0,0.74,0.0,4.21,18.04
109,UEVM.O,VictoryShares Emerging Markets Value Momentum ETF,5,120,14,24,54,1.0,10.0,0.74,0.0,1.71,18.7
109,DIVY.K,Sound Equity Dividend Income ETF,5,120,14,24,54,1.0,10.0,0.74,0.0,3.26,18.75
109,VAMO.K,Cambria Value and Momentum ETF,5,120,14,24,54,1.0,10.0,0.74,48.19,3.21,18.44
109,FDEM.K,Fidelity Emerging Markets Multifactor ETF,5,120,14,24,54,1.0,10.0,0.74,0.0,2.96,18.03
109,CVY,Invesco Zacks Multi-Asset Income ETF,5,120,14,24,54,1.0,10.0,0.74,0.0,4.25,18.14
109,LOPP.K,Gabelli Love Our Planet & People ETF,5,120,14,24,54,1.0,10.0,0.74,0.0,3.75,17.55
109,ISVL.K,iShares Intl Developed Small Cap Value Factor ETF,5,120,14,24,54,1.0,10.0,0.74,0.0,3.17,17.27
109,CVAR.K,Cultivar ETF,5,120,14,24,54,1.0,10.0,0.74,0.0,2.56,17.21
109,FLDZ.K,RiverNorth Patriot ETF,5,120,14,24,54,1.0,10.0,0.74,0.0,3.8,18.08
109,OVF,Overlay Shares Foreign Equity ETF,5,120,14,24,54,1.0,10.0,0.74,0.0,2.07,16.94
109,ISZE.K,iShares MSCI Intl Size Factor ETF,5,120,14,24,54,1.0,10.0,0.74,0.0,2.64,16.8
109,EMDV.K,ProShares MSCI Emerging Markets Dividend Grwrs ETF,5,120,14,24,54,1.0,10.0,0.74,0.0,2.94,19.07
109,MOTE.K,VanEck Morningstar ESG Moat ETF,5,120,14,24,54,1.0,10.0,0.74,0.0,3.79,18.16
109,DWAT.K,Arrow DWA Tactical: Macro ETF,5,120,14,24,54,1.0,10.0,0.74,0.0,3.04,17.46
109,UIVM.O,VictoryShares International Value Momentum ETF,5,120,14,24,54,1.0,10.0,0.74,0.0,1.29,17.59
109,CIL.O,VictoryShares International Volatility Wtd Idx ETF,5,120,14,24,54,1.0,10.0,0.74,0.0,4.38,18.02
109,DTRE.K,First Trust Alerian Disruptive Technology Real Est,5,120,14,24,54,1.0,10.0,0.74,0.0,4.01,18.49
109,EFAS.O,Global X MSCI SuperDividend EAFE ETF,5,120,14,24,54,1.0,10.0,0.74,0.0,1.9,19.26
109,RSPE.K,Invesco ESG S&P 500 Equal Weight ETF,5,120,14,24,54,1.0,10.0,0.74,0.0,2.9,17.39
109,BMED.K,BlackRock Future Health ETF,5,120,14,24,54,1.0,10.0,0.74,0.0,2.13,18.1
109,OEUR.K,ALPS O'Shares Europe Quality Dividend ETF,5,120,14,24,54,1.0,10.0,0.74,0.0,4.1,17.39
109,GGM,GGM Macro Alignment ETF,5,120,14,24,54,1.0,10.0,0.74,0.0,3.42,19.1
109,FLAX.K,Franklin FTSE Asia ex Japan ETF,5,120,14,24,54,1.0,10.0,0.74,0.0,2.52,19.94
109,RUFF.K,Alpha Dog ETF,5,120,14,24,54,1.0,10.0,0.74,0.0,2.21,18.84
109,RNEM.O,First Trust Emerging Markets Equity Select ETF,5,120,14,24,54,1.0,10.0,0.74,0.0,2.75,17.73
109,DGRE.O,WisdomTree Emerging Markets Quality Dividend Gro,5,120,14,24,54,1.0,10.0,0.74,0.0,2.57,19.94
109,HDEF.K,Xtrackers MSCI EAFE Hi Dv Yld Eq ETF,5,120,14,24,54,1.0,10.0,0.74,0.0,1.94,17.22
109,DBP,Invesco DB Precious Metals Fund,5,120,14,24,54,1.0,10.0,0.74,0.0,4.3,17.68
109,IDOG.K,Alps Internatl Sector Dividends Dogs ETF,5,120,14,24,54,1.0,10.0,0.74,0.0,3.45,17.51
109,DFIS.K,DFA Dimensional International Small Cap ETF,5,120,14,24,54,1.0,10.0,0.74,0.0,3.15,18.11
109,CTA,Simplify Managed Futures Strategy ETF,5,120,14,24,54,1.0,10.0,0.74,0.0,2.72,16.94
109,IDV,iShares International Select Dividend ETF,5,120,14,24,54,1.0,10.0,0.74,0.0,2.04,19.19
109,IYZ,iShares US Telecommunications ETF,5,120,14,24,54,1.0,10.0,0.74,0.0,2.72,18.43
109,VSGX.K,Vanguard ESG International Stock ETF,5,120,14,24,54,1.0,10.0,0.74,0.0,4.43,18.44
109,IVLU.K,iShares MSCI Intl Value Factor ETF,5,120,14,24,54,1.0,10.0,0.74,0.0,3.38,18.51
109,ANGL.O,VanEck Fallen Angel High Yield Bond ETF,5,120,14,24,54,1.0,10.0,0.74,0.0,2.88,19.34
109,YMAX.K,YieldMax Universe Fund of Option Income ETFs,5,120,14,24,54,1.0,10.0,0.74,0.0,2.5,18.72
109,DGS,WisdomTree Emerging Markets SmallCap Dividend Fund,5,120,14,24,54,1.0,10.0,0.74,0.0,3.24,18.2
109,REET.K,iShares Global REIT ETF,5,120,14,24,54,1.0,10.0,0.74,0.0,1.43,18.76
109,DFAE.K,DFA Dimensional Emerging Core Equity Market ETF,5,120,14,24,54,1.0,10.0,0.74,0.0,2.84,17.07
109,FLJP.K,Franklin FTSE Japan ETF,5,120,14,24,54,1.0,10.0,0.74,0.0,3.7,17.19
109,DBC,Invesco DB Commodity Index Tracking Fund,5,120,14,24,54,1.0,10.0,0.74,0.0,1.9,17.12
109,IEUR.K,iShares Core MSCI Europe ETF,5,120,14,24,54,1.0,10.0,0.74,0.0,3.52,18.79
109,EWH,iShares MSCI Hong Kong ETF,5,120,14,24,54,1.0,10.0,0.74,0.0,2.09,19.19
109,EFV,iShares MSCI EAFE Value ETF,5,120,14,24,54,1.0,10.0,0.74,0.0,3.44,19.23
109,VXUS.O,Vanguard Total International Stock Index Fund;ETF,5,120,14,24,54,1.0,10.0,0.74,0.0,3.47,17.94
109,FYLD.K,Cambria Foreign Shareholder Yield ETF,5,120,14,24,54,1.0,10.0,0.74,0.0,2.47,18.05
109,RWO,SPDR Dow Jones Global Real Estate ETF,5,120,14,24,54,1.0,10.0,0.74,0.0,3.94,18.44
109,GQRE.K,FlexShares Global Quality Real Estate Index Fund,5,120,14,24,54,1.0,10.0,0.74,0.0,2.73,17.21
109,DBB,Invesco DB Base Metals Fund,5,120,14,24,54,1.0,10.0,0.74,0.0,2.45,19.18
109,MOTI.K,VanEck Morningstar International Moat ETF,5,120,14,24,54,1.0,10.0,0.74,0.0,2.7,18.97
109,SPRE.K,SP Funds S&P Global REIT Sharia ETF,5,120,14,24,54,1.0,10.0,0.74,0.0,2.3,19.4
109,GWX,SPDR S&P International Small Cap ETF,5,120,14,24,54,1.0,10.0,0.74,0.0,3.63,17.87
109,EUO,ProShares UltraShort Euro,5,120,14,24,54,1.0,10.0,0.74,0.0,3.43,16.81
109,DTH,WisdomTree International High Dividend,5,120,14,24,54,1.0,10.0,0.74,0.0,2.43,18.59
109,DOL,WisdomTree International LargeCap Dividend Fund,5,120,14,24,54,1.0,10.0,0.74,0.0,3.65,18.03
109,FIVA.K,Fidelity International Value Factor ETF,5,120,14,24,54,1.0,10.0,0.74,0.0,2.27,18.41
109,VIDI.K,Vident International Equity Strat ETF,5,120,14,24,54,1.0,10.0,0.74,0.0,1.91,17.77
109,EEMS.K,iShares MSCI Emerging Markets Small-Cap ETF,5,120,14,24,54,1.0,10.0,0.74,0.0,3.79,18.75
109,FGD,First Trust Dow Jones Global Select Dividend Ix Fd,5,120,14,24,54,1.0,10.0,0.74,0.0,2.65,18.54
109,INTF.K,iShares International Equity Factor ETF,5,120,14,24,54,1.0,10.0,0.74,0.0,3.8,17.7
109,JPEM.K,JPMorgan Diversified Return Emerging Mkts Eqty ETF,5,120,14,24,54,1.0,10.0,0.74,0.0,2.62,18.11
109,FDT.O,First Trust Developed Markets ex-US AlphaDEX Fund,5,120,14,24,54,1.0,10.0,0.74,0.0,2.73,18.34
109,EWX,SPDR S&P Emerging Markets Small Cap ETF,5,120,14,24,54,1.0,10.0,0.74,0.0,3.32,18.3
109,DWM,WisdomTree International Equity Fund,5,120,14,24,54,1.0,10.0,0.74,0.0,3.86,17.75
109,PID.O,Invesco International Dividend Achievers ETF,5,120,14,24,54,1.0,10.0,0.74,0.0,4.03,18.2
109,EQUL.K,IQ Engender Equality ETF,5,120,14,24,54,1.0,10.0,0.74,0.0,1.95,17.77
109,FJP.O,First Trust Japan AlphaDEX Fund,5,120,14,24,54,1.0,10.0,0.74,0.0,3.52,17.98
109,IEMG.K,iShares Core MSCI Emerging Markets ETF,5,120,14,24,54,1.0,10.0,0.74,0.0,3.1,19.55
109,GQRE.K,FlexShares Global Quality Real Estate Index Fund,5,120,14,24,69,1.0,10.0,0.71,0.0,2.73,17.21
109,EEMS.K,iShares MSCI Emerging Markets Small-Cap ETF,5,120,14,24,69,1.0,10.0,0.71,0.0,3.79,18.75
109,PID.O,Invesco International Dividend Achievers ETF,5,120,14,24,69,1.0,10.0,0.71,0.0,4.03,18.2
109,DWM,WisdomTree International Equity Fund,5,120,14,24,69,1.0,10.0,0.71,0.0,3.86,17.75
109,EWX,SPDR S&P Emerging Markets Small Cap ETF,5,120,14,24,69,1.0,10.0,0.71,0.0,3.32,18.3
109,FDT.O,First Trust Developed Markets ex-US AlphaDEX Fund,5,120,14,24,69,1.0,10.0,0.71,0.0,2.73,18.34
109,JPEM.K,JPMorgan Diversified Return Emerging Mkts Eqty ETF,5,120,14,24,69,1.0,10.0,0.71,0.0,2.62,18.11
109,INTF.K,iShares International Equity Factor ETF,5,120,14,24,69,1.0,10.0,0.71,0.0,3.8,17.7
109,FGD,First Trust Dow Jones Global Select Dividend Ix Fd,5,120,14,24,69,1.0,10.0,0.71,0.0,2.65,18.54
109,VIDI.K,Vident International Equity Strat ETF,5,120,14,24,69,1.0,10.0,0.71,0.0,1.91,17.77
109,DBB,Invesco DB Base Metals Fund,5,120,14,24,69,1.0,10.0,0.71,0.0,2.45,19.18
109,FIVA.K,Fidelity International Value Factor ETF,5,120,14,24,69,1.0,10.0,0.71,0.0,2.27,18.41
109,DOL,WisdomTree International LargeCap Dividend Fund,5,120,14,24,69,1.0,10.0,0.71,0.0,3.65,18.03
109,DTH,WisdomTree International High Dividend,5,120,14,24,69,1.0,10.0,0.71,0.0,2.43,18.59
109,EUO,ProShares UltraShort Euro,5,120,14,24,69,1.0,10.0,0.71,0.0,3.43,16.81
109,GWX,SPDR S&P International Small Cap ETF,5,120,14,24,69,1.0,10.0,0.71,0.0,3.63,17.87
109,SPRE.K,SP Funds S&P Global REIT Sharia ETF,5,120,14,24,69,1.0,10.0,0.71,0.0,2.3,19.4
109,MOTI.K,VanEck Morningstar International Moat ETF,5,120,14,24,69,1.0,10.0,0.71,0.0,2.7,18.97
109,HDEF.K,Xtrackers MSCI EAFE Hi Dv Yld Eq ETF,5,120,14,24,69,1.0,10.0,0.71,0.0,1.94,17.22
109,RWO,SPDR Dow Jones Global Real Estate ETF,5,120,14,24,69,1.0,10.0,0.71,0.0,3.94,18.44
109,DBP,Invesco DB Precious Metals Fund,5,120,14,24,69,1.0,10.0,0.71,0.0,4.3,17.68
109,FYLD.K,Cambria Foreign Shareholder Yield ETF,5,120,14,24,69,1.0,10.0,0.71,0.0,2.47,18.05
109,VXUS.O,Vanguard Total International Stock Index Fund;ETF,5,120,14,24,69,1.0,10.0,0.71,0.0,3.47,17.94
109,EFV,iShares MSCI EAFE Value ETF,5,120,14,24,69,1.0,10.0,0.71,0.0,3.44,19.23
109,EWH,iShares MSCI Hong Kong ETF,5,120,14,24,69,1.0,10.0,0.71,0.0,2.09,19.19
109,IEUR.K,iShares Core MSCI Europe ETF,5,120,14,24,69,1.0,10.0,0.71,0.0,3.52,18.79
109,DBC,Invesco DB Commodity Index Tracking Fund,5,120,14,24,69,1.0,10.0,0.71,0.0,1.9,17.12
109,FLJP.K,Franklin FTSE Japan ETF,5,120,14,24,69,1.0,10.0,0.71,0.0,3.7,17.19
109,DFAE.K,DFA Dimensional Emerging Core Equity Market ETF,5,120,14,24,69,1.0,10.0,0.71,0.0,2.84,17.07
109,REET.K,iShares Global REIT ETF,5,120,14,24,69,1.0,10.0,0.71,0.0,1.43,18.76
109,DGS,WisdomTree Emerging Markets SmallCap Dividend Fund,5,120,14,24,69,1.0,10.0,0.71,0.0,3.24,18.2
109,YMAX.K,YieldMax Universe Fund of Option Income ETFs,5,120,14,24,69,1.0,10.0,0.71,0.0,2.5,18.72
109,ANGL.O,VanEck Fallen Angel High Yield Bond ETF,5,120,14,24,69,1.0,10.0,0.71,0.0,2.88,19.34
109,IVLU.K,iShares MSCI Intl Value Factor ETF,5,120,14,24,69,1.0,10.0,0.71,0.0,3.38,18.51
109,VSGX.K,Vanguard ESG International Stock ETF,5,120,14,24,69,1.0,10.0,0.71,0.0,4.43,18.44
109,IYZ,iShares US Telecommunications ETF,5,120,14,24,69,1.0,10.0,0.71,0.0,2.72,18.43
109,IDV,iShares International Select Dividend ETF,5,120,14,24,69,1.0,10.0,0.71,0.0,2.04,19.19
109,CTA,Simplify Managed Futures Strategy ETF,5,120,14,24,69,1.0,10.0,0.71,0.0,2.72,16.94
109,DFIS.K,DFA Dimensional International Small Cap ETF,5,120,14,24,69,1.0,10.0,0.71,0.0,3.15,18.11
109,IDOG.K,Alps Internatl Sector Dividends Dogs ETF,5,120,14,24,69,1.0,10.0,0.71,0.0,3.45,17.51
109,FJP.O,First Trust Japan AlphaDEX Fund,5,120,14,24,69,1.0,10.0,0.71,0.0,3.52,17.98
109,CVAR.K,Cultivar ETF,5,120,14,24,69,1.0,10.0,0.71,0.0,2.56,17.21
109,CIL.O,VictoryShares International Volatility Wtd Idx ETF,5,120,14,24,69,1.0,10.0,0.71,0.0,4.38,18.02
109,RUFF.K,Alpha Dog ETF,5,120,14,24,69,1.0,10.0,0.71,0.0,2.21,18.84
109,FLAX.K,Franklin FTSE Asia ex Japan ETF,5,120,14,24,69,1.0,10.0,0.71,0.0,2.52,19.94
109,GGM,GGM Macro Alignment ETF,5,120,14,24,69,1.0,10.0,0.71,0.0,3.42,19.1
109,OEUR.K,ALPS O'Shares Europe Quality Dividend ETF,5,120,14,24,69,1.0,10.0,0.71,0.0,4.1,17.39
109,BMED.K,BlackRock Future Health ETF,5,120,14,24,69,1.0,10.0,0.71,0.0,2.13,18.1
109,RSPE.K,Invesco ESG S&P 500 Equal Weight ETF,5,120,14,24,69,1.0,10.0,0.71,0.0,2.9,17.39
109,EFAS.O,Global X MSCI SuperDividend EAFE ETF,5,120,14,24,69,1.0,10.0,0.71,0.0,1.9,19.26
109,DTRE.K,First Trust Alerian Disruptive Technology Real Est,5,120,14,24,69,1.0,10.0,0.71,0.0,4.01,18.49
109,UIVM.O,VictoryShares International Value Momentum ETF,5,120,14,24,69,1.0,10.0,0.71,0.0,1.29,17.59
109,DGRE.O,WisdomTree Emerging Markets Quality Dividend Gro,5,120,14,24,69,1.0,10.0,0.71,0.0,2.57,19.94
109,DWAT.K,Arrow DWA Tactical: Macro ETF,5,120,14,24,69,1.0,10.0,0.71,0.0,3.04,17.46
109,MOTE.K,VanEck Morningstar ESG Moat ETF,5,120,14,24,69,1.0,10.0,0.71,0.0,3.79,18.16
109,EMDV.K,ProShares MSCI Emerging Markets Dividend Grwrs ETF,5,120,14,24,69,1.0,10.0,0.71,0.0,2.94,19.07
109,ISZE.K,iShares MSCI Intl Size Factor ETF,5,120,14,24,69,1.0,10.0,0.71,0.0,2.64,16.8
109,OVF,Overlay Shares Foreign Equity ETF,5,120,14,24,69,1.0,10.0,0.71,0.0,2.07,16.94
109,LOPP.K,Gabelli Love Our Planet & People ETF,5,120,14,24,69,1.0,10.0,0.71,0.0,3.75,17.55
109,EQUL.K,IQ Engender Equality ETF,5,120,14,24,69,1.0,10.0,0.71,0.0,1.95,17.77
109,FLDZ.K,RiverNorth Patriot ETF,5,120,14,24,69,1.0,10.0,0.71,0.0,3.8,18.08
109,RNEM.O,First Trust Emerging Markets Equity Select ETF,5,120,14,24,69,1.0,10.0,0.71,0.0,2.75,17.73
109,IEMG.K,iShares Core MSCI Emerging Markets ETF,5,120,14,24,69,1.0,10.0,0.71,0.0,3.1,19.55
109,ISVL.K,iShares Intl Developed Small Cap Value Factor ETF,5,120,14,24,69,1.0,10.0,0.71,0.0,3.17,17.27
109,FTXG.O,First Trust Nasdaq Food & Beverage ETF,5,120,14,24,69,1.0,10.0,0.71,0.0,3.68,17.02
109,FDEM.K,Fidelity Emerging Markets Multifactor ETF,5,120,14,24,69,1.0,10.0,0.71,0.0,2.96,18.03
109,VAMO.K,Cambria Value and Momentum ETF,5,120,14,24,69,1.0,10.0,0.71,55.29,3.21,18.44
109,DIVY.K,Sound Equity Dividend Income ETF,5,120,14,24,69,1.0,10.0,0.71,0.0,3.26,18.75
109,UEVM.O,VictoryShares Emerging Markets Value Momentum ETF,5,120,14,24,69,1.0,10.0,0.71,0.0,1.71,18.7
109,EUDV.K,ProShares MSCI Europe Dividend Growers ETF,5,120,14,24,69,1.0,10.0,0.71,0.0,4.21,18.04
109,CVY,Invesco Zacks Multi-Asset Income ETF,5,120,14,24,69,1.0,10.0,0.71,0.0,4.25,18.14
109,TLTE.K,FlexShares Morningstar Em Mkts Factors Tilt Idx,5,120,14,24,69,1.0,10.0,0.71,0.0,2.43,17.91
109,MKOR.K,Matthews Korea Active ETF,5,120,14,24,69,1.0,10.0,0.71,0.0,2.53,16.77
109,DIM,WisdomTree International MidCap Dividend Fund,5,120,14,24,69,1.0,10.0,0.71,0.0,4.24,17.69
109,ASEA.K,Global X FTSE Southeast Asia ETF,5,120,14,24,69,1.0,10.0,0.71,0.0,1.84,18.25
109,IQDY.K,FlexShares International Quality Div Dyn Idx,5,120,14,24,69,1.0,10.0,0.71,0.0,3.54,18.04
109,RAAX.K,VanEck Inflation Allocation ETF,5,120,14,24,69,1.0,10.0,0.71,3.18,2.79,16.63
109,ROAM.K,Hartford Multifactor Emerging Markets ETF,5,120,14,24,69,1.0,10.0,0.71,0.0,1.62,18.74
109,TOLZ.K,ProShares DJ Brookfield Global Infrastructure ETF,5,120,14,24,69,1.0,10.0,0.71,0.0,3.03,17.0
109,RAYE.K,Rayliant Quantamental Emg Mrkt ex-China Eqty ETF,5,120,14,24,69,1.0,10.0,0.71,0.0,3.34,17.28
109,GDVD.K,Copper Place Global Dividend Growth ETF,5,120,14,24,69,1.0,10.0,0.71,0.0,2.23,20.03
109,HEEM.K,iShares Currency Hedged MSCI Emerging Markets ETF,5,120,14,24,69,1.0,10.0,0.71,0.0,3.11,18.04
109,IEMG.K,iShares Core MSCI Emerging Markets ETF,5,120,14,24,59,1.0,10.0,0.69,0.0,3.1,19.55
109,VXUS.O,Vanguard Total International Stock Index Fund;ETF,5,120,14,24,59,1.0,10.0,0.69,0.0,3.47,17.94
109,FLDZ.K,RiverNorth Patriot ETF,5,120,14,24,59,1.0,10.0,0.69,0.0,3.8,18.08
109,FJP.O,First Trust Japan AlphaDEX Fund,5,120,14,24,59,1.0,10.0,0.69,0.0,3.52,17.98
109,HEEM.K,iShares Currency Hedged MSCI Emerging Markets ETF,5,120,14,24,59,1.0,10.0,0.69,0.0,3.11,18.04
109,GDVD.K,Copper Place Global Dividend Growth ETF,5,120,14,24,59,1.0,10.0,0.69,0.0,2.23,20.03
109,RAYE.K,Rayliant Quantamental Emg Mrkt ex-China Eqty ETF,5,120,14,24,59,1.0,10.0,0.69,0.0,3.34,17.28
109,TOLZ.K,ProShares DJ Brookfield Global Infrastructure ETF,5,120,14,24,59,1.0,10.0,0.69,0.0,3.03,17.0
109,ROAM.K,Hartford Multifactor Emerging Markets ETF,5,120,14,24,59,1.0,10.0,0.69,0.0,1.62,18.74
109,RAAX.K,VanEck Inflation Allocation ETF,5,120,14,24,59,1.0,10.0,0.69,-1.4,2.79,16.63
109,IQDY.K,FlexShares International Quality Div Dyn Idx,5,120,14,24,59,1.0,10.0,0.69,0.0,3.54,18.04
109,ASEA.K,Global X FTSE Southeast Asia ETF,5,120,14,24,59,1.0,10.0,0.69,0.0,1.84,18.25
109,DIM,WisdomTree International MidCap Dividend Fund,5,120,14,24,59,1.0,10.0,0.69,0.0,4.24,17.69
109,MKOR.K,Matthews Korea Active ETF,5,120,14,24,59,1.0,10.0,0.69,0.0,2.53,16.77
109,TLTE.K,FlexShares Morningstar Em Mkts Factors Tilt Idx,5,120,14,24,59,1.0,10.0,0.69,0.0,2.43,17.91
109,CVY,Invesco Zacks Multi-Asset Income ETF,5,120,14,24,59,1.0,10.0,0.69,0.0,4.25,18.14
109,EUDV.K,ProShares MSCI Europe Dividend Growers ETF,5,120,14,24,59,1.0,10.0,0.69,0.0,4.21,18.04
109,UEVM.O,VictoryShares Emerging Markets Value Momentum ETF,5,120,14,24,59,1.0,10.0,0.69,0.0,1.71,18.7
109,DIVY.K,Sound Equity Dividend Income ETF,5,120,14,24,59,1.0,10.0,0.69,0.0,3.26,18.75
109,VAMO.K,Cambria Value and Momentum ETF,5,120,14,24,59,1.0,10.0,0.69,58.28,3.21,18.44
109,FDEM.K,Fidelity Emerging Markets Multifactor ETF,5,120,14,24,59,1.0,10.0,0.69,0.0,2.96,18.03
109,FTXG.O,First Trust Nasdaq Food & Beverage ETF,5,120,14,24,59,1.0,10.0,0.69,0.0,3.68,17.02
109,ISVL.K,iShares Intl Developed Small Cap Value Factor ETF,5,120,14,24,59,1.0,10.0,0.69,0.0,3.17,17.27
109,CVAR.K,Cultivar ETF,5,120,14,24,59,1.0,10.0,0.69,0.0,2.56,17.21
109,CIL.O,VictoryShares International Volatility Wtd Idx ETF,5,120,14,24,59,1.0,10.0,0.69,0.0,4.38,18.02
109,LOPP.K,Gabelli Love Our Planet & People ETF,5,120,14,24,59,1.0,10.0,0.69,0.0,3.75,17.55
109,OVF,Overlay Shares Foreign Equity ETF,5,120,14,24,59,1.0,10.0,0.69,0.0,2.07,16.94
109,ISZE.K,iShares MSCI Intl Size Factor ETF,5,120,14,24,59,1.0,10.0,0.69,0.0,2.64,16.8
109,EMDV.K,ProShares MSCI Emerging Markets Dividend Grwrs ETF,5,120,14,24,59,1.0,10.0,0.69,0.0,2.94,19.07
109,MOTE.K,VanEck Morningstar ESG Moat ETF,5,120,14,24,59,1.0,10.0,0.69,0.0,3.79,18.16
109,DWAT.K,Arrow DWA Tactical: Macro ETF,5,120,14,24,59,1.0,10.0,0.69,0.0,3.04,17.46
109,UIVM.O,VictoryShares International Value Momentum ETF,5,120,14,24,59,1.0,10.0,0.69,0.0,1.29,17.59
109,DTRE.K,First Trust Alerian Disruptive Technology Real Est,5,120,14,24,59,1.0,10.0,0.69,0.0,4.01,18.49
109,RNEM.O,First Trust Emerging Markets Equity Select ETF,5,120,14,24,59,1.0,10.0,0.69,0.0,2.75,17.73
109,EFAS.O,Global X MSCI SuperDividend EAFE ETF,5,120,14,24,59,1.0,10.0,0.69,0.0,1.9,19.26
109,RSPE.K,Invesco ESG S&P 500 Equal Weight ETF,5,120,14,24,59,1.0,10.0,0.69,0.0,2.9,17.39
109,BMED.K,BlackRock Future Health ETF,5,120,14,24,59,1.0,10.0,0.69,0.0,2.13,18.1
109,OEUR.K,ALPS O'Shares Europe Quality Dividend ETF,5,120,14,24,59,1.0,10.0,0.69,0.0,4.1,17.39
109,GGM,GGM Macro Alignment ETF,5,120,14,24,59,1.0,10.0,0.69,0.0,3.42,19.1
109,FLAX.K,Franklin FTSE Asia ex Japan ETF,5,120,14,24,59,1.0,10.0,0.69,0.0,2.52,19.94
109,RUFF.K,Alpha Dog ETF,5,120,14,24,59,1.0,10.0,0.69,0.0,2.21,18.84
109,DGRE.O,WisdomTree Emerging Markets Quality Dividend Gro,5,120,14,24,59,1.0,10.0,0.69,0.0,2.57,19.94
109,EQUL.K,IQ Engender Equality ETF,5,120,14,24,59,1.0,10.0,0.69,0.0,1.95,17.77
109,DBP,Invesco DB Precious Metals Fund,5,120,14,24,59,1.0,10.0,0.69,0.0,4.3,17.68
109,GQRE.K,FlexShares Global Quality Real Estate Index Fund,5,120,14,24,59,1.0,10.0,0.69,0.0,2.73,17.21
109,FYLD.K,Cambria Foreign Shareholder Yield ETF,5,120,14,24,59,1.0,10.0,0.69,0.0,2.47,18.05
109,DFIS.K,DFA Dimensional International Small Cap ETF,5,120,14,24,59,1.0,10.0,0.69,0.0,3.15,18.11
109,CTA,Simplify Managed Futures Strategy ETF,5,120,14,24,59,1.0,10.0,0.69,0.0,2.72,16.94
109,IDV,iShares International Select Dividend ETF,5,120,14,24,59,1.0,10.0,0.69,0.0,2.04,19.19
109,IYZ,iShares US Telecommunications ETF,5,120,14,24,59,1.0,10.0,0.69,0.0,2.72,18.43
109,VSGX.K,Vanguard ESG International Stock ETF,5,120,14,24,59,1.0,10.0,0.69,0.0,4.43,18.44
109,IVLU.K,iShares MSCI Intl Value Factor ETF,5,120,14,24,59,1.0,10.0,0.69,0.0,3.38,18.51
109,YMAX.K,YieldMax Universe Fund of Option Income ETFs,5,120,14,24,59,1.0,10.0,0.69,0.0,2.5,18.72
109,DGS,WisdomTree Emerging Markets SmallCap Dividend Fund,5,120,14,24,59,1.0,10.0,0.69,0.0,3.24,18.2
109,REET.K,iShares Global REIT ETF,5,120,14,24,59,1.0,10.0,0.69,0.0,1.43,18.76
109,DFAE.K,DFA Dimensional Emerging Core Equity Market ETF,5,120,14,24,59,1.0,10.0,0.69,0.0,2.84,17.07
109,FLJP.K,Franklin FTSE Japan ETF,5,120,14,24,59,1.0,10.0,0.69,0.0,3.7,17.19
109,DBC,Invesco DB Commodity Index Tracking Fund,5,120,14,24,59,1.0,10.0,0.69,0.0,1.9,17.12
109,IEUR.K,iShares Core MSCI Europe ETF,5,120,14,24,59,1.0,10.0,0.69,0.0,3.52,18.79
109,EWH,iShares MSCI Hong Kong ETF,5,120,14,24,59,1.0,10.0,0.69,0.0,2.09,19.19
109,EFV,iShares MSCI EAFE Value ETF,5,120,14,24,59,1.0,10.0,0.69,0.0,3.44,19.23
109,IDOG.K,Alps Internatl Sector Dividends Dogs ETF,5,120,14,24,59,1.0,10.0,0.69,0.0,3.45,17.51
109,RWO,SPDR Dow Jones Global Real Estate ETF,5,120,14,24,59,1.0,10.0,0.69,0.0,3.94,18.44
109,ANGL.O,VanEck Fallen Angel High Yield Bond ETF,5,120,14,24,59,1.0,10.0,0.69,0.0,2.88,19.34
109,HDEF.K,Xtrackers MSCI EAFE Hi Dv Yld Eq ETF,5,120,14,24,59,1.0,10.0,0.69,0.0,1.94,17.22
109,VIDI.K,Vident International Equity Strat ETF,5,120,14,24,59,1.0,10.0,0.69,0.0,1.91,17.77
109,EEMS.K,iShares MSCI Emerging Markets Small-Cap ETF,5,120,14,24,59,1.0,10.0,0.69,0.0,3.79,18.75
109,SPRE.K,SP Funds S&P Global REIT Sharia ETF,5,120,14,24,59,1.0,10.0,0.69,0.0,2.3,19.4
109,GWX,SPDR S&P International Small Cap ETF,5,120,14,24,59,1.0,10.0,0.69,0.0,3.63,17.87
109,EUO,ProShares UltraShort Euro,5,120,14,24,59,1.0,10.0,0.69,0.0,3.43,16.81
109,DTH,WisdomTree International High Dividend,5,120,14,24,59,1.0,10.0,0.69,0.0,2.43,18.59
109,FIVA.K,Fidelity International Value Factor ETF,5,120,14,24,59,1.0,10.0,0.69,0.0,2.27,18.41
109,DBB,Invesco DB Base Metals Fund,5,120,14,24,59,1.0,10.0,0.69,0.0,2.45,19.18
109,DOL,WisdomTree International LargeCap Dividend Fund,5,120,14,24,59,1.0,10.0,0.69,0.0,3.65,18.03
109,FGD,First Trust Dow Jones Global Select Dividend Ix Fd,5,120,14,24,59,1.0,10.0,0.69,0.0,2.65,18.54
109,MOTI.K,VanEck Morningstar International Moat ETF,5,120,14,24,59,1.0,10.0,0.69,0.0,2.7,18.97
109,INTF.K,iShares International Equity Factor ETF,5,120,14,24,59,1.0,10.0,0.69,0.0,3.8,17.7
109,JPEM.K,JPMorgan Diversified Return Emerging Mkts Eqty ETF,5,120,14,24,59,1.0,10.0,0.69,0.0,2.62,18.11
109,FDT.O,First Trust Developed Markets ex-US AlphaDEX Fund,5,120,14,24,59,1.0,10.0,0.69,0.0,2.73,18.34
109,EWX,SPDR S&P Emerging Markets Small Cap ETF,5,120,14,24,59,1.0,10.0,0.69,0.0,3.32,18.3
109,DWM,WisdomTree International Equity Fund,5,120,14,24,59,1.0,10.0,0.69,0.0,3.86,17.75
109,PID.O,Invesco International Dividend Achievers ETF,5,120,14,24,59,1.0,10.0,0.69,0.0,4.03,18.2
109,FIVA.K,Fidelity International Value Factor ETF,5,120,14,24,64,1.0,10.0,0.63,0.0,2.27,18.41
109,EWX,SPDR S&P Emerging Markets Small Cap ETF,5,120,14,24,64,1.0,10.0,0.63,0.0,3.32,18.3
109,FDT.O,First Trust Developed Markets ex-US AlphaDEX Fund,5,120,14,24,64,1.0,10.0,0.63,0.0,2.73,18.34
109,JPEM.K,JPMorgan Diversified Return Emerging Mkts Eqty ETF,5,120,14,24,64,1.0,10.0,0.63,0.0,2.62,18.11
109,INTF.K,iShares International Equity Factor ETF,5,120,14,24,64,1.0,10.0,0.63,0.0,3.8,17.7
109,FGD,First Trust Dow Jones Global Select Dividend Ix Fd,5,120,14,24,64,1.0,10.0,0.63,0.0,2.65,18.54
109,VIDI.K,Vident International Equity Strat ETF,5,120,14,24,64,1.0,10.0,0.63,0.0,1.91,17.77
109,DBB,Invesco DB Base Metals Fund,5,120,14,24,64,1.0,10.0,0.63,0.0,2.45,19.18
109,DGRE.O,WisdomTree Emerging Markets Quality Dividend Gro,5,120,14,24,64,1.0,10.0,0.63,0.0,2.57,19.94
109,DOL,WisdomTree International LargeCap Dividend Fund,5,120,14,24,64,1.0,10.0,0.63,0.0,3.65,18.03
109,DTH,WisdomTree International High Dividend,5,120,14,24,64,1.0,10.0,0.63,0.0,2.43,18.59
109,EUO,ProShares UltraShort Euro,5,120,14,24,64,1.0,10.0,0.63,0.0,3.43,16.81
109,GWX,SPDR S&P International Small Cap ETF,5,120,14,24,64,1.0,10.0,0.63,0.0,3.63,17.87
109,SPRE.K,SP Funds S&P Global REIT Sharia ETF,5,120,14,24,64,1.0,10.0,0.63,0.0,2.3,19.4
109,MOTI.K,VanEck Morningstar International Moat ETF,5,120,14,24,64,1.0,10.0,0.63,0.0,2.7,18.97
109,IDOG.K,Alps Internatl Sector Dividends Dogs ETF,5,120,14,24,64,1.0,10.0,0.63,0.0,3.45,17.51
109,DBP,Invesco DB Precious Metals Fund,5,120,14,24,64,1.0,10.0,0.63,0.0,4.3,17.68
109,PID.O,Invesco International Dividend Achievers ETF,5,120,14,24,64,1.0,10.0,0.63,0.0,4.03,18.2
109,DWM,WisdomTree International Equity Fund,5,120,14,24,64,1.0,10.0,0.63,0.0,3.86,17.75
109,IEUR.K,iShares Core MSCI Europe ETF,5,120,14,24,64,1.0,10.0,0.63,0.0,3.52,18.79
109,EEMS.K,iShares MSCI Emerging Markets Small-Cap ETF,5,120,14,24,64,1.0,10.0,0.63,0.0,3.79,18.75
109,HDEF.K,Xtrackers MSCI EAFE Hi Dv Yld Eq ETF,5,120,14,24,64,1.0,10.0,0.63,0.0,1.94,17.22
109,VAMO.K,Cambria Value and Momentum ETF,5,120,14,24,64,1.0,10.0,0.63,51.32,3.21,18.44
109,DBC,Invesco DB Commodity Index Tracking Fund,5,120,14,24,64,1.0,10.0,0.63,0.0,1.9,17.12
109,FLJP.K,Franklin FTSE Japan ETF,5,120,14,24,64,1.0,10.0,0.63,0.0,3.7,17.19
109,DFAE.K,DFA Dimensional Emerging Core Equity Market ETF,5,120,14,24,64,1.0,10.0,0.63,0.0,2.84,17.07
109,REET.K,iShares Global REIT ETF,5,120,14,24,64,1.0,10.0,0.63,0.0,1.43,18.76
109,DGS,WisdomTree Emerging Markets SmallCap Dividend Fund,5,120,14,24,64,1.0,10.0,0.63,0.0,3.24,18.2
109,YMAX.K,YieldMax Universe Fund of Option Income ETFs,5,120,14,24,64,1.0,10.0,0.63,0.0,2.5,18.72
109,ANGL.O,VanEck Fallen Angel High Yield Bond ETF,5,120,14,24,64,1.0,10.0,0.63,0.0,2.88,19.34
109,IVLU.K,iShares MSCI Intl Value Factor ETF,5,120,14,24,64,1.0,10.0,0.63,0.0,3.38,18.51
109,VSGX.K,Vanguard ESG International Stock ETF,5,120,14,24,64,1.0,10.0,0.63,0.0,4.43,18.44
109,IYZ,iShares US Telecommunications ETF,5,120,14,24,64,1.0,10.0,0.63,0.0,2.72,18.43
109,IDV,iShares International Select Dividend ETF,5,120,14,24,64,1.0,10.0,0.63,0.0,2.04,19.19
109,CTA,Simplify Managed Futures Strategy ETF,5,120,14,24,64,1.0,10.0,0.63,0.0,2.72,16.94
109,DFIS.K,DFA Dimensional International Small Cap ETF,5,120,14,24,64,1.0,10.0,0.63,0.0,3.15,18.11
109,FYLD.K,Cambria Foreign Shareholder Yield ETF,5,120,14,24,64,1.0,10.0,0.63,0.0,2.47,18.05
109,RWO,SPDR Dow Jones Global Real Estate ETF,5,120,14,24,64,1.0,10.0,0.63,0.0,3.94,18.44
109,GQRE.K,FlexShares Global Quality Real Estate Index Fund,5,120,14,24,64,1.0,10.0,0.63,0.0,2.73,17.21
109,FDEM.K,Fidelity Emerging Markets Multifactor ETF,5,120,14,24,64,1.0,10.0,0.63,0.0,2.96,18.03
109,RNEM.O,First Trust Emerging Markets Equity Select ETF,5,120,14,24,64,1.0,10.0,0.63,0.0,2.75,17.73
109,DIVY.K,Sound Equity Dividend Income ETF,5,120,14,24,64,1.0,10.0,0.63,0.0,3.26,18.75
109,UEVM.O,VictoryShares Emerging Markets Value Momentum ETF,5,120,14,24,64,1.0,10.0,0.63,0.0,1.71,18.7
109,BMED.K,BlackRock Future Health ETF,5,120,14,24,64,1.0,10.0,0.63,0.0,2.13,18.1
109,RSPE.K,Invesco ESG S&P 500 Equal Weight ETF,5,120,14,24,64,1.0,10.0,0.63,0.0,2.9,17.39
109,EFAS.O,Global X MSCI SuperDividend EAFE ETF,5,120,14,24,64,1.0,10.0,0.63,0.0,1.9,19.26
109,DTRE.K,First Trust Alerian Disruptive Technology Real Est,5,120,14,24,64,1.0,10.0,0.63,0.0,4.01,18.49
109,CIL.O,VictoryShares International Volatility Wtd Idx ETF,5,120,14,24,64,1.0,10.0,0.63,0.0,4.38,18.02
109,UIVM.O,VictoryShares International Value Momentum ETF,5,120,14,24,64,1.0,10.0,0.63,0.0,1.29,17.59
109,DWAT.K,Arrow DWA Tactical: Macro ETF,5,120,14,24,64,1.0,10.0,0.63,0.0,3.04,17.46
109,MOTE.K,VanEck Morningstar ESG Moat ETF,5,120,14,24,64,1.0,10.0,0.63,0.0,3.79,18.16
109,EMDV.K,ProShares MSCI Emerging Markets Dividend Grwrs ETF,5,120,14,24,64,1.0,10.0,0.63,0.0,2.94,19.07
109,ISZE.K,iShares MSCI Intl Size Factor ETF,5,120,14,24,64,1.0,10.0,0.63,0.0,2.64,16.8
109,OVF,Overlay Shares Foreign Equity ETF,5,120,14,24,64,1.0,10.0,0.63,0.0,2.07,16.94
109,LOPP.K,Gabelli Love Our Planet & People ETF,5,120,14,24,64,1.0,10.0,0.63,0.0,3.75,17.55
109,EQUL.K,IQ Engender Equality ETF,5,120,14,24,64,1.0,10.0,0.63,0.0,1.95,17.77
109,FLDZ.K,RiverNorth Patriot ETF,5,120,14,24,64,1.0,10.0,0.63,0.0,3.8,18.08
109,VXUS.O,Vanguard Total International Stock Index Fund;ETF,5,120,14,24,64,1.0,10.0,0.63,0.0,3.47,17.94
109,IEMG.K,iShares Core MSCI Emerging Markets ETF,5,120,14,24,64,1.0,10.0,0.63,0.0,3.1,19.55
109,EFV,iShares MSCI EAFE Value ETF,5,120,14,24,64,1.0,10.0,0.63,0.0,3.44,19.23
109,OEUR.K,ALPS O'Shares Europe Quality Dividend ETF,5,120,14,24,64,1.0,10.0,0.63,0.0,4.1,17.39
109,GGM,GGM Macro Alignment ETF,5,120,14,24,64,1.0,10.0,0.63,0.0,3.42,19.1
109,FLAX.K,Franklin FTSE Asia ex Japan ETF,5,120,14,24,64,1.0,10.0,0.63,0.0,2.52,19.94
109,RAAX.K,VanEck Inflation Allocation ETF,5,120,14,24,64,1.0,10.0,0.63,0.09,2.79,16.63
109,EUDV.K,ProShares MSCI Europe Dividend Growers ETF,5,120,14,24,64,1.0,10.0,0.63,0.0,4.21,18.04
109,CVY,Invesco Zacks Multi-Asset Income ETF,5,120,14,24,64,1.0,10.0,0.63,0.0,4.25,18.14
109,TLTE.K,FlexShares Morningstar Em Mkts Factors Tilt Idx,5,120,14,24,64,1.0,10.0,0.63,0.0,2.43,17.91
109,MKOR.K,Matthews Korea Active ETF,5,120,14,24,64,1.0,10.0,0.63,0.0,2.53,16.77
109,DIM,WisdomTree International MidCap Dividend Fund,5,120,14,24,64,1.0,10.0,0.63,0.0,4.24,17.69
109,ASEA.K,Global X FTSE Southeast Asia ETF,5,120,14,24,64,1.0,10.0,0.63,0.0,1.84,18.25
109,IQDY.K,FlexShares International Quality Div Dyn Idx,5,120,14,24,64,1.0,10.0,0.63,0.0,3.54,18.04
109,ROAM.K,Hartford Multifactor Emerging Markets ETF,5,120,14,24,64,1.0,10.0,0.63,0.0,1.62,18.74
109,RUFF.K,Alpha Dog ETF,5,120,14,24,64,1.0,10.0,0.63,0.0,2.21,18.84
109,TOLZ.K,ProShares DJ Brookfield Global Infrastructure ETF,5,120,14,24,64,1.0,10.0,0.63,0.0,3.03,17.0
109,RAYE.K,Rayliant Quantamental Emg Mrkt ex-China Eqty ETF,5,120,14,24,64,1.0,10.0,0.63,0.0,3.34,17.28
109,GDVD.K,Copper Place Global Dividend Growth ETF,5,120,14,24,64,1.0,10.0,0.63,0.0,2.23,20.03
109,HEEM.K,iShares Currency Hedged MSCI Emerging Markets ETF,5,120,14,24,64,1.0,10.0,0.63,0.0,3.11,18.04
109,FTXG.O,First Trust Nasdaq Food & Beverage ETF,5,120,14,24,64,1.0,10.0,0.63,0.0,3.68,17.02
109,ISVL.K,iShares Intl Developed Small Cap Value Factor ETF,5,120,14,24,64,1.0,10.0,0.63,0.0,3.17,17.27
109,CVAR.K,Cultivar ETF,5,120,14,24,64,1.0,10.0,0.63,0.0,2.56,17.21
109,EWH,iShares MSCI Hong Kong ETF,5,120,14,24,64,1.0,10.0,0.63,0.0,2.09,19.19
109,FJP.O,First Trust Japan AlphaDEX Fund,5,120,14,24,64,1.0,10.0,0.63,0.0,3.52,17.98
109,IEMG.K,iShares Core MSCI Emerging Markets ETF,5,60,14,24,74,1.0,10.0,0.61,0.0,3.1,19.55
109,GQRE.K,FlexShares Global Quality Real Estate Index Fund,5,60,14,24,79,1.0,10.0,0.61,0.0,2.73,17.21
109,EEMS.K,iShares MSCI Emerging Markets Small-Cap ETF,5,60,14,24,79,1.0,10.0,0.61,0.0,3.79,18.75
109,PID.O,Invesco International Dividend Achievers ETF,5,60,14,24,79,1.0,10.0,0.61,0.0,4.03,18.2
109,DWM,WisdomTree International Equity Fund,5,60,14,24,79,1.0,10.0,0.61,0.0,3.86,17.75
109,EWX,SPDR S&P Emerging Markets Small Cap ETF,5,60,14,24,79,1.0,10.0,0.61,0.0,3.32,18.3
109,FDT.O,First Trust Developed Markets ex-US AlphaDEX Fund,5,60,14,24,79,1.0,10.0,0.61,0.0,2.73,18.34
109,JPEM.K,JPMorgan Diversified Return Emerging Mkts Eqty ETF,5,60,14,24,79,1.0,10.0,0.61,0.0,2.62,18.11
109,INTF.K,iShares International Equity Factor ETF,5,60,14,24,79,1.0,10.0,0.61,0.0,3.8,17.7
109,FGD,First Trust Dow Jones Global Select Dividend Ix Fd,5,60,14,24,79,1.0,10.0,0.61,0.0,2.65,18.54
109,VIDI.K,Vident International Equity Strat ETF,5,60,14,24,79,1.0,10.0,0.61,0.0,1.91,17.77
109,DBB,Invesco DB Base Metals Fund,5,60,14,24,79,1.0,10.0,0.61,0.0,2.45,19.18
109,FIVA.K,Fidelity International Value Factor ETF,5,60,14,24,79,1.0,10.0,0.61,0.0,2.27,18.41
109,DOL,WisdomTree International LargeCap Dividend Fund,5,60,14,24,79,1.0,10.0,0.61,0.0,3.65,18.03
109,DTH,WisdomTree International High Dividend,5,60,14,24,79,1.0,10.0,0.61,0.0,2.43,18.59
109,EUO,ProShares UltraShort Euro,5,60,14,24,79,1.0,10.0,0.61,0.0,3.43,16.81
109,GWX,SPDR S&P International Small Cap ETF,5,60,14,24,79,1.0,10.0,0.61,0.0,3.63,17.87
109,SPRE.K,SP Funds S&P Global REIT Sharia ETF,5,60,14,24,79,1.0,10.0,0.61,0.0,2.3,19.4
109,MOTI.K,VanEck Morningstar International Moat ETF,5,60,14,24,79,1.0,10.0,0.61,0.0,2.7,18.97
109,HDEF.K,Xtrackers MSCI EAFE Hi Dv Yld Eq ETF,5,60,14,24,79,1.0,10.0,0.61,0.0,1.94,17.22
109,RWO,SPDR Dow Jones Global Real Estate ETF,5,60,14,24,79,1.0,10.0,0.61,0.0,3.94,18.44
109,LOPP.K,Gabelli Love Our Planet & People ETF,5,60,14,24,79,1.0,10.0,0.61,0.0,3.75,17.55
109,FYLD.K,Cambria Foreign Shareholder Yield ETF,5,60,14,24,79,1.0,10.0,0.61,1.76,2.47,18.05
109,VXUS.O,Vanguard Total International Stock Index Fund;ETF,5,60,14,24,79,1.0,10.0,0.61,0.0,3.47,17.94
109,EFV,iShares MSCI EAFE Value ETF,5,60,14,24,79,1.0,10.0,0.61,0.0,3.44,19.23
109,EWH,iShares MSCI Hong Kong ETF,5,60,14,24,79,1.0,10.0,0.61,0.0,2.09,19.19
109,IEUR.K,iShares Core MSCI Europe ETF,5,60,14,24,79,1.0,10.0,0.61,0.0,3.52,18.79
109,DBC,Invesco DB Commodity Index Tracking Fund,5,60,14,24,79,1.0,10.0,0.61,6.46,1.9,17.12
109,FLJP.K,Franklin FTSE Japan ETF,5,60,14,24,79,1.0,10.0,0.61,0.0,3.7,17.19
109,DFAE.K,DFA Dimensional Emerging Core Equity Market ETF,5,60,14,24,79,1.0,10.0,0.61,13.44,2.84,17.07
109,REET.K,iShares Global REIT ETF,5,60,14,24,79,1.0,10.0,0.61,0.0,1.43,18.76
109,DGS,WisdomTree Emerging Markets SmallCap Dividend Fund,5,60,14,24,79,1.0,10.0,0.61,0.0,3.24,18.2
109,YMAX.K,YieldMax Universe Fund of Option Income ETFs,5,60,14,24,79,1.0,10.0,0.61,0.0,2.5,18.72
109,ANGL.O,VanEck Fallen Angel High Yield Bond ETF,5,60,14,24,79,1.0,10.0,0.61,0.0,2.88,19.34
109,IVLU.K,iShares MSCI Intl Value Factor ETF,5,60,14,24,79,1.0,10.0,0.61,0.0,3.38,18.51
109,VSGX.K,Vanguard ESG International Stock ETF,5,60,14,24,79,1.0,10.0,0.61,0.0,4.43,18.44
109,IYZ,iShares US Telecommunications ETF,5,60,14,24,79,1.0,10.0,0.61,0.0,2.72,18.43
109,IDV,iShares International Select Dividend ETF,5,60,14,24,79,1.0,10.0,0.61,0.0,2.04,19.19
109,CTA,Simplify Managed Futures Strategy ETF,5,60,14,24,79,1.0,10.0,0.61,0.0,2.72,16.94
109,DFIS.K,DFA Dimensional International Small Cap ETF,5,60,14,24,79,1.0,10.0,0.61,0.0,3.15,18.11
109,IDOG.K,Alps Internatl Sector Dividends Dogs ETF,5,60,14,24,79,1.0,10.0,0.61,0.0,3.45,17.51
109,DBP,Invesco DB Precious Metals Fund,5,60,14,24,79,1.0,10.0,0.61,0.0,4.3,17.68
109,FJP.O,First Trust Japan AlphaDEX Fund,5,60,14,24,79,1.0,10.0,0.61,0.0,3.52,17.98
109,DGRE.O,WisdomTree Emerging Markets Quality Dividend Gro,5,60,14,24,79,1.0,10.0,0.61,0.0,2.57,19.94
109,RNEM.O,First Trust Emerging Markets Equity Select ETF,5,60,14,24,79,1.0,10.0,0.61,0.0,2.75,17.73
109,RUFF.K,Alpha Dog ETF,5,60,14,24,79,1.0,10.0,0.61,0.0,2.21,18.84
109,FLAX.K,Franklin FTSE Asia ex Japan ETF,5,60,14,24,79,1.0,10.0,0.61,10.21,2.52,19.94
109,GGM,GGM Macro Alignment ETF,5,60,14,24,79,1.0,10.0,0.61,0.0,3.42,19.1
109,OEUR.K,ALPS O'Shares Europe Quality Dividend ETF,5,60,14,24,79,1.0,10.0,0.61,0.0,4.1,17.39
109,BMED.K,BlackRock Future Health ETF,5,60,14,24,79,1.0,10.0,0.61,0.0,2.13,18.1
109,RSPE.K,Invesco ESG S&P 500 Equal Weight ETF,5,60,14,24,79,1.0,10.0,0.61,0.0,2.9,17.39
109,EFAS.O,Global X MSCI SuperDividend EAFE ETF,5,60,14,24,79,1.0,10.0,0.61,0.0,1.9,19.26
109,DTRE.K,First Trust Alerian Disruptive Technology Real Est,5,60,14,24,79,1.0,10.0,0.61,0.0,4.01,18.49
109,CIL.O,VictoryShares International Volatility Wtd Idx ETF,5,60,14,24,79,1.0,10.0,0.61,0.0,4.38,18.02
109,UIVM.O,VictoryShares International Value Momentum ETF,5,60,14,24,79,1.0,10.0,0.61,0.0,1.29,17.59
109,DWAT.K,Arrow DWA Tactical: Macro ETF,5,60,14,24,79,1.0,10.0,0.61,0.0,3.04,17.46
109,MOTE.K,VanEck Morningstar ESG Moat ETF,5,60,14,24,79,1.0,10.0,0.61,0.0,3.79,18.16
109,EMDV.K,ProShares MSCI Emerging Markets Dividend Grwrs ETF,5,60,14,24,79,1.0,10.0,0.61,0.0,2.94,19.07
109,ISZE.K,iShares MSCI Intl Size Factor ETF,5,60,14,24,79,1.0,10.0,0.61,0.0,2.64,16.8
109,OVF,Overlay Shares Foreign Equity ETF,5,60,14,24,79,1.0,10.0,0.61,0.0,2.07,16.94
109,VXUS.O,Vanguard Total International Stock Index Fund;ETF,5,60,14,24,74,1.0,10.0,0.61,0.0,3.47,17.94
109,CVAR.K,Cultivar ETF,5,60,14,24,79,1.0,10.0,0.61,0.0,2.56,17.21
109,ISVL.K,iShares Intl Developed Small Cap Value Factor ETF,5,60,14,24,79,1.0,10.0,0.61,0.0,3.17,17.27
109,FTXG.O,First Trust Nasdaq Food & Beverage ETF,5,60,14,24,79,1.0,10.0,0.61,0.0,3.68,17.02
109,MKOR.K,Matthews Korea Active ETF,5,60,14,24,79,1.0,10.0,0.61,0.0,2.53,16.77
109,FDEM.K,Fidelity Emerging Markets Multifactor ETF,5,60,14,24,79,1.0,10.0,0.61,0.0,2.96,18.03
109,VAMO.K,Cambria Value and Momentum ETF,5,60,14,24,79,1.0,10.0,0.61,14.27,3.21,18.44
109,DIVY.K,Sound Equity Dividend Income ETF,5,60,14,24,79,1.0,10.0,0.61,1.47,3.26,18.75
109,UEVM.O,VictoryShares Emerging Markets Value Momentum ETF,5,60,14,24,79,1.0,10.0,0.61,0.0,1.71,18.7
109,EUDV.K,ProShares MSCI Europe Dividend Growers ETF,5,60,14,24,79,1.0,10.0,0.61,0.0,4.21,18.04
109,CVY,Invesco Zacks Multi-Asset Income ETF,5,60,14,24,79,1.0,10.0,0.61,0.0,4.25,18.14
109,TLTE.K,FlexShares Morningstar Em Mkts Factors Tilt Idx,5,60,14,24,79,1.0,10.0,0.61,0.0,2.43,17.91
109,DIM,WisdomTree International MidCap Dividend Fund,5,60,14,24,79,1.0,10.0,0.61,0.0,4.24,17.69
109,HEEM.K,iShares Currency Hedged MSCI Emerging Markets ETF,5,60,14,24,79,1.0,10.0,0.61,0.0,3.11,18.04
109,ASEA.K,Global X FTSE Southeast Asia ETF,5,60,14,24,79,1.0,10.0,0.61,0.0,1.84,18.25
109,IQDY.K,FlexShares International Quality Div Dyn Idx,5,60,14,24,79,1.0,10.0,0.61,0.0,3.54,18.04
109,RAAX.K,VanEck Inflation Allocation ETF,5,60,14,24,79,1.0,10.0,0.61,2.06,2.79,16.63
109,ROAM.K,Hartford Multifactor Emerging Markets ETF,5,60,14,24,79,1.0,10.0,0.61,0.0,1.62,18.74
109,TOLZ.K,ProShares DJ Brookfield Global Infrastructure ETF,5,60,14,24,79,1.0,10.0,0.61,0.0,3.03,17.0
109,RAYE.K,Rayliant Quantamental Emg Mrkt ex-China Eqty ETF,5,60,14,24,79,1.0,10.0,0.61,0.0,3.34,17.28
109,GDVD.K,Copper Place Global Dividend Growth ETF,5,60,14,24,79,1.0,10.0,0.61,0.0,2.23,20.03
109,IEMG.K,iShares Core MSCI Emerging Markets ETF,5,60,14,24,79,1.0,10.0,0.61,0.0,3.1,19.55
109,EQUL.K,IQ Engender Equality ETF,5,60,14,24,79,1.0,10.0,0.61,0.0,1.95,17.77
109,FLDZ.K,RiverNorth Patriot ETF,5,60,14,24,74,1.0,10.0,0.61,0.0,3.8,18.08
109,HDEF.K,Xtrackers MSCI EAFE Hi Dv Yld Eq ETF,5,60,14,24,74,1.0,10.0,0.61,0.0,1.94,17.22
109,PID.O,Invesco International Dividend Achievers ETF,5,60,14,24,74,1.0,10.0,0.61,0.0,4.03,18.2
109,DWM,WisdomTree International Equity Fund,5,60,14,24,74,1.0,10.0,0.61,0.0,3.86,17.75
109,EWX,SPDR S&P Emerging Markets Small Cap ETF,5,60,14,24,74,1.0,10.0,0.61,0.0,3.32,18.3
109,FDT.O,First Trust Developed Markets ex-US AlphaDEX Fund,5,60,14,24,74,1.0,10.0,0.61,0.0,2.73,18.34
109,JPEM.K,JPMorgan Diversified Return Emerging Mkts Eqty ETF,5,60,14,24,74,1.0,10.0,0.61,0.0,2.62,18.11
109,INTF.K,iShares International Equity Factor ETF,5,60,14,24,74,1.0,10.0,0.61,0.0,3.8,17.7
109,FGD,First Trust Dow Jones Global Select Dividend Ix Fd,5,60,14,24,74,1.0,10.0,0.61,0.0,2.65,18.54
109,VIDI.K,Vident International Equity Strat ETF,5,60,14,24,74,1.0,10.0,0.61,0.0,1.91,17.77
109,DBB,Invesco DB Base Metals Fund,5,60,14,24,74,1.0,10.0,0.61,0.0,2.45,19.18
109,FIVA.K,Fidelity International Value Factor ETF,5,60,14,24,74,1.0,10.0,0.61,0.0,2.27,18.41
109,DOL,WisdomTree International LargeCap Dividend Fund,5,60,14,24,74,1.0,10.0,0.61,0.0,3.65,18.03
109,DTH,WisdomTree International High Dividend,5,60,14,24,74,1.0,10.0,0.61,0.0,2.43,18.59
109,EUO,ProShares UltraShort Euro,5,60,14,24,74,1.0,10.0,0.61,0.0,3.43,16.81
109,GWX,SPDR S&P International Small Cap ETF,5,60,14,24,74,1.0,10.0,0.61,0.0,3.63,17.87
109,SPRE.K,SP Funds S&P Global REIT Sharia ETF,5,60,14,24,74,1.0,10.0,0.61,0.0,2.3,19.4
109,MOTI.K,VanEck Morningstar International Moat ETF,5,60,14,24,74,1.0,10.0,0.61,0.0,2.7,18.97
109,IDOG.K,Alps Internatl Sector Dividends Dogs ETF,5,60,14,24,74,1.0,10.0,0.61,0.0,3.45,17.51
109,EEMS.K,iShares MSCI Emerging Markets Small-Cap ETF,5,60,14,24,74,1.0,10.0,0.61,0.0,3.79,18.75
109,GQRE.K,FlexShares Global Quality Real Estate Index Fund,5,60,14,24,74,1.0,10.0,0.61,0.0,2.73,17.21
109,DBP,Invesco DB Precious Metals Fund,5,60,14,24,74,1.0,10.0,0.61,0.0,4.3,17.68
109,RWO,SPDR Dow Jones Global Real Estate ETF,5,60,14,24,74,1.0,10.0,0.61,0.0,3.94,18.44
109,EQUL.K,IQ Engender Equality ETF,5,60,14,24,74,1.0,10.0,0.61,0.0,1.95,17.77
109,EWH,iShares MSCI Hong Kong ETF,5,60,14,24,74,1.0,10.0,0.61,0.0,2.09,19.19
109,IEUR.K,iShares Core MSCI Europe ETF,5,60,14,24,74,1.0,10.0,0.61,0.0,3.52,18.79
109,DBC,Invesco DB Commodity Index Tracking Fund,5,60,14,24,74,1.0,10.0,0.61,2.77,1.9,17.12
109,FLJP.K,Franklin FTSE Japan ETF,5,60,14,24,74,1.0,10.0,0.61,0.0,3.7,17.19
109,DFAE.K,DFA Dimensional Emerging Core Equity Market ETF,5,60,14,24,74,1.0,10.0,0.61,13.44,2.84,17.07
109,REET.K,iShares Global REIT ETF,5,60,14,24,74,1.0,10.0,0.61,0.0,1.43,18.76
109,DGS,WisdomTree Emerging Markets SmallCap Dividend Fund,5,60,14,24,74,1.0,10.0,0.61,0.0,3.24,18.2
109,YMAX.K,YieldMax Universe Fund of Option Income ETFs,5,60,14,24,74,1.0,10.0,0.61,0.0,2.5,18.72
109,ANGL.O,VanEck Fallen Angel High Yield Bond ETF,5,60,14,24,74,1.0,10.0,0.61,0.0,2.88,19.34
109,IVLU.K,iShares MSCI Intl Value Factor ETF,5,60,14,24,74,1.0,10.0,0.61,0.0,3.38,18.51
109,VSGX.K,Vanguard ESG International Stock ETF,5,60,14,24,74,1.0,10.0,0.61,0.0,4.43,18.44
109,IYZ,iShares US Telecommunications ETF,5,60,14,24,74,1.0,10.0,0.61,0.0,2.72,18.43
109,IDV,iShares International Select Dividend ETF,5,60,14,24,74,1.0,10.0,0.61,0.0,2.04,19.19
109,CTA,Simplify Managed Futures Strategy ETF,5,60,14,24,74,1.0,10.0,0.61,0.0,2.72,16.94
109,DFIS.K,DFA Dimensional International Small Cap ETF,5,60,14,24,74,1.0,10.0,0.61,0.0,3.15,18.11
109,FYLD.K,Cambria Foreign Shareholder Yield ETF,5,60,14,24,74,1.0,10.0,0.61,6.05,2.47,18.05
109,FLDZ.K,RiverNorth Patriot ETF,5,60,14,24,79,1.0,10.0,0.61,0.0,3.8,18.08
109,EFV,iShares MSCI EAFE Value ETF,5,60,14,24,74,1.0,10.0,0.61,0.0,3.44,19.23
109,FJP.O,First Trust Japan AlphaDEX Fund,5,60,14,24,74,1.0,10.0,0.61,0.0,3.52,17.98
109,ISVL.K,iShares Intl Developed Small Cap Value Factor ETF,5,60,14,24,74,1.0,10.0,0.61,0.0,3.17,17.27
109,RNEM.O,First Trust Emerging Markets Equity Select ETF,5,60,14,24,74,1.0,10.0,0.61,0.0,2.75,17.73
109,RUFF.K,Alpha Dog ETF,5,60,14,24,74,1.0,10.0,0.61,0.0,2.21,18.84
109,FLAX.K,Franklin FTSE Asia ex Japan ETF,5,60,14,24,74,1.0,10.0,0.61,10.21,2.52,19.94
109,GGM,GGM Macro Alignment ETF,5,60,14,24,74,1.0,10.0,0.61,0.0,3.42,19.1
109,OEUR.K,ALPS O'Shares Europe Quality Dividend ETF,5,60,14,24,74,1.0,10.0,0.61,0.0,4.1,17.39
109,BMED.K,BlackRock Future Health ETF,5,60,14,24,74,1.0,10.0,0.61,0.0,2.13,18.1
109,RSPE.K,Invesco ESG S&P 500 Equal Weight ETF,5,60,14,24,74,1.0,10.0,0.61,0.0,2.9,17.39
109,EFAS.O,Global X MSCI SuperDividend EAFE ETF,5,60,14,24,74,1.0,10.0,0.61,0.0,1.9,19.26
109,DTRE.K,First Trust Alerian Disruptive Technology Real Est,5,60,14,24,74,1.0,10.0,0.61,0.0,4.01,18.49
109,CIL.O,VictoryShares International Volatility Wtd Idx ETF,5,60,14,24,74,1.0,10.0,0.61,0.0,4.38,18.02
109,UIVM.O,VictoryShares International Value Momentum ETF,5,60,14,24,74,1.0,10.0,0.61,0.0,1.29,17.59
109,DWAT.K,Arrow DWA Tactical: Macro ETF,5,60,14,24,74,1.0,10.0,0.61,0.0,3.04,17.46
109,MOTE.K,VanEck Morningstar ESG Moat ETF,5,60,14,24,74,1.0,10.0,0.61,0.0,3.79,18.16
109,EMDV.K,ProShares MSCI Emerging Markets Dividend Grwrs ETF,5,60,14,24,74,1.0,10.0,0.61,0.0,2.94,19.07
109,ISZE.K,iShares MSCI Intl Size Factor ETF,5,60,14,24,74,1.0,10.0,0.61,0.0,2.64,16.8
109,OVF,Overlay Shares Foreign Equity ETF,5,60,14,24,74,1.0,10.0,0.61,0.0,2.07,16.94
109,DGRE.O,WisdomTree Emerging Markets Quality Dividend Gro,5,60,14,24,74,1.0,10.0,0.61,0.0,2.57,19.94
109,CVAR.K,Cultivar ETF,5,60,14,24,74,1.0,10.0,0.61,0.0,2.56,17.21
109,LOPP.K,Gabelli Love Our Planet & People ETF,5,60,14,24,74,1.0,10.0,0.61,0.0,3.75,17.55
109,FTXG.O,First Trust Nasdaq Food & Beverage ETF,5,60,14,24,74,1.0,10.0,0.61,0.0,3.68,17.02
109,MKOR.K,Matthews Korea Active ETF,5,60,14,24,74,1.0,10.0,0.61,0.0,2.53,16.77
109,HEEM.K,iShares Currency Hedged MSCI Emerging Markets ETF,5,60,14,24,74,1.0,10.0,0.61,0.0,3.11,18.04
109,FDEM.K,Fidelity Emerging Markets Multifactor ETF,5,60,14,24,74,1.0,10.0,0.61,0.0,2.96,18.03
109,VAMO.K,Cambria Value and Momentum ETF,5,60,14,24,74,1.0,10.0,0.61,14.27,3.21,18.44
109,DIVY.K,Sound Equity Dividend Income ETF,5,60,14,24,74,1.0,10.0,0.61,1.47,3.26,18.75
109,UEVM.O,VictoryShares Emerging Markets Value Momentum ETF,5,60,14,24,74,1.0,10.0,0.61,0.0,1.71,18.7
109,EUDV.K,ProShares MSCI Europe Dividend Growers ETF,5,60,14,24,74,1.0,10.0,0.61,0.0,4.21,18.04
109,TLTE.K,FlexShares Morningstar Em Mkts Factors Tilt Idx,5,60,14,24,74,1.0,10.0,0.61,0.0,2.43,17.91
109,CVY,Invesco Zacks Multi-Asset Income ETF,5,60,14,24,74,1.0,10.0,0.61,0.0,4.25,18.14
109,DIM,WisdomTree International MidCap Dividend Fund,5,60,14,24,74,1.0,10.0,0.61,0.0,4.24,17.69
109,ASEA.K,Global X FTSE Southeast Asia ETF,5,60,14,24,74,1.0,10.0,0.61,0.0,1.84,18.25
109,IQDY.K,FlexShares International Quality Div Dyn Idx,5,60,14,24,74,1.0,10.0,0.61,0.0,3.54,18.04
109,RAAX.K,VanEck Inflation Allocation ETF,5,60,14,24,74,1.0,10.0,0.61,2.06,2.79,16.63
109,ROAM.K,Hartford Multifactor Emerging Markets ETF,5,60,14,24,74,1.0,10.0,0.61,0.0,1.62,18.74
109,TOLZ.K,ProShares DJ Brookfield Global Infrastructure ETF,5,60,14,24,74,1.0,10.0,0.61,0.0,3.03,17.0
109,RAYE.K,Rayliant Quantamental Emg Mrkt ex-China Eqty ETF,5,60,14,24,74,1.0,10.0,0.61,0.0,3.34,17.28
109,GDVD.K,Copper Place Global Dividend Growth ETF,5,60,14,24,74,1.0,10.0,0.61,0.0,2.23,20.03
109,DBB,Invesco DB Base Metals Fund,5,120,14,24,79,1.0,10.0,0.18,0.0,2.45,19.18
109,EWX,SPDR S&P Emerging Markets Small Cap ETF,5,120,14,24,79,1.0,10.0,0.18,0.0,3.32,18.3
109,FDT.O,First Trust Developed Markets ex-US AlphaDEX Fund,5,120,14,24,79,1.0,10.0,0.18,0.0,2.73,18.34
109,JPEM.K,JPMorgan Diversified Return Emerging Mkts Eqty ETF,5,120,14,24,79,1.0,10.0,0.18,0.0,2.62,18.11
109,INTF.K,iShares International Equity Factor ETF,5,120,14,24,79,1.0,10.0,0.18,0.0,3.8,17.7
109,FGD,First Trust Dow Jones Global Select Dividend Ix Fd,5,120,14,24,79,1.0,10.0,0.18,0.0,2.65,18.54
109,VIDI.K,Vident International Equity Strat ETF,5,120,14,24,79,1.0,10.0,0.18,0.0,1.91,17.77
109,IDOG.K,Alps Internatl Sector Dividends Dogs ETF,5,120,14,24,79,1.0,10.0,0.18,0.0,3.45,17.51
109,FIVA.K,Fidelity International Value Factor ETF,5,120,14,24,79,1.0,10.0,0.18,0.0,2.27,18.41
109,DOL,WisdomTree International LargeCap Dividend Fund,5,120,14,24,79,1.0,10.0,0.18,0.0,3.65,18.03
109,DTH,WisdomTree International High Dividend,5,120,14,24,79,1.0,10.0,0.18,0.0,2.43,18.59
109,EUO,ProShares UltraShort Euro,5,120,14,24,79,1.0,10.0,0.18,0.0,3.43,16.81
109,GWX,SPDR S&P International Small Cap ETF,5,120,14,24,79,1.0,10.0,0.18,0.0,3.63,17.87
109,SPRE.K,SP Funds S&P Global REIT Sharia ETF,5,120,14,24,79,1.0,10.0,0.18,0.0,2.3,19.4
109,MOTI.K,VanEck Morningstar International Moat ETF,5,120,14,24,79,1.0,10.0,0.18,0.0,2.7,18.97
109,PID.O,Invesco International Dividend Achievers ETF,5,120,14,24,79,1.0,10.0,0.18,0.0,4.03,18.2
109,DBP,Invesco DB Precious Metals Fund,5,120,14,24,79,1.0,10.0,0.18,0.0,4.3,17.68
109,DWM,WisdomTree International Equity Fund,5,120,14,24,79,1.0,10.0,0.18,0.0,3.86,17.75
109,IYZ,iShares US Telecommunications ETF,5,120,14,24,79,1.0,10.0,0.18,0.0,2.72,18.43
109,EEMS.K,iShares MSCI Emerging Markets Small-Cap ETF,5,120,14,24,79,1.0,10.0,0.18,0.0,3.79,18.75
109,HDEF.K,Xtrackers MSCI EAFE Hi Dv Yld Eq ETF,5,120,14,24,79,1.0,10.0,0.18,0.0,1.94,17.22
109,EWH,iShares MSCI Hong Kong ETF,5,120,14,24,79,1.0,10.0,0.18,0.0,2.09,19.19
109,FJP.O,First Trust Japan AlphaDEX Fund,5,120,14,24,79,1.0,10.0,0.18,0.0,3.52,17.98
109,DBC,Invesco DB Commodity Index Tracking Fund,5,120,14,24,79,1.0,10.0,0.18,0.0,1.9,17.12
109,FLJP.K,Franklin FTSE Japan ETF,5,120,14,24,79,1.0,10.0,0.18,0.0,3.7,17.19
109,DFAE.K,DFA Dimensional Emerging Core Equity Market ETF,5,120,14,24,79,1.0,10.0,0.18,0.0,2.84,17.07
109,REET.K,iShares Global REIT ETF,5,120,14,24,79,1.0,10.0,0.18,0.0,1.43,18.76
109,DGS,WisdomTree Emerging Markets SmallCap Dividend Fund,5,120,14,24,79,1.0,10.0,0.18,0.0,3.24,18.2
109,YMAX.K,YieldMax Universe Fund of Option Income ETFs,5,120,14,24,79,1.0,10.0,0.18,0.0,2.5,18.72
109,ANGL.O,VanEck Fallen Angel High Yield Bond ETF,5,120,14,24,79,1.0,10.0,0.18,0.0,2.88,19.34
109,IVLU.K,iShares MSCI Intl Value Factor ETF,5,120,14,24,79,1.0,10.0,0.18,0.0,3.38,18.51
109,VSGX.K,Vanguard ESG International Stock ETF,5,120,14,24,79,1.0,10.0,0.18,0.0,4.43,18.44
109,IDV,iShares International Select Dividend ETF,5,120,14,24,79,1.0,10.0,0.18,0.0,2.04,19.19
109,CTA,Simplify Managed Futures Strategy ETF,5,120,14,24,79,1.0,10.0,0.18,0.0,2.72,16.94
109,DFIS.K,DFA Dimensional International Small Cap ETF,5,120,14,24,79,1.0,10.0,0.18,0.0,3.15,18.11
109,FYLD.K,Cambria Foreign Shareholder Yield ETF,5,120,14,24,79,1.0,10.0,0.18,0.0,2.47,18.05
109,RWO,SPDR Dow Jones Global Real Estate ETF,5,120,14,24,79,1.0,10.0,0.18,0.0,3.94,18.44
109,GQRE.K,FlexShares Global Quality Real Estate Index Fund,5,120,14,24,79,1.0,10.0,0.18,0.0,2.73,17.21
109,IEUR.K,iShares Core MSCI Europe ETF,5,120,14,24,79,1.0,10.0,0.18,0.0,3.52,18.79
109,FTXG.O,First Trust Nasdaq Food & Beverage ETF,5,120,14,24,79,1.0,10.0,0.18,0.0,3.68,17.02
109,DGRE.O,WisdomTree Emerging Markets Quality Dividend Gro,5,120,14,24,79,1.0,10.0,0.18,0.0,2.57,19.94
109,RUFF.K,Alpha Dog ETF,5,120,14,24,79,1.0,10.0,0.18,0.0,2.21,18.84
109,GGM,GGM Macro Alignment ETF,5,120,14,24,79,1.0,10.0,0.18,0.0,3.42,19.1
109,OEUR.K,ALPS O'Shares Europe Quality Dividend ETF,5,120,14,24,79,1.0,10.0,0.18,0.0,4.1,17.39
109,BMED.K,BlackRock Future Health ETF,5,120,14,24,79,1.0,10.0,0.18,0.0,2.13,18.1
109,RSPE.K,Invesco ESG S&P 500 Equal Weight ETF,5,120,14,24,79,1.0,10.0,0.18,0.0,2.9,17.39
109,EFAS.O,Global X MSCI SuperDividend EAFE ETF,5,120,14,24,79,1.0,10.0,0.18,0.0,1.9,19.26
109,DTRE.K,First Trust Alerian Disruptive Technology Real Est,5,120,14,24,79,1.0,10.0,0.18,0.0,4.01,18.49
109,CIL.O,VictoryShares International Volatility Wtd Idx ETF,5,120,14,24,79,1.0,10.0,0.18,0.0,4.38,18.02
109,UIVM.O,VictoryShares International Value Momentum ETF,5,120,14,24,79,1.0,10.0,0.18,0.0,1.29,17.59
109,DWAT.K,Arrow DWA Tactical: Macro ETF,5,120,14,24,79,1.0,10.0,0.18,0.0,3.04,17.46
109,MOTE.K,VanEck Morningstar ESG Moat ETF,5,120,14,24,79,1.0,10.0,0.18,0.0,3.79,18.16
109,EMDV.K,ProShares MSCI Emerging Markets Dividend Grwrs ETF,5,120,14,24,79,1.0,10.0,0.18,0.0,2.94,19.07
109,ISZE.K,iShares MSCI Intl Size Factor ETF,5,120,14,24,79,1.0,10.0,0.18,0.0,2.64,16.8
109,OVF,Overlay Shares Foreign Equity ETF,5,120,14,24,79,1.0,10.0,0.18,0.0,2.07,16.94
109,LOPP.K,Gabelli Love Our Planet & People ETF,5,120,14,24,79,1.0,10.0,0.18,0.0,3.75,17.55
109,EQUL.K,IQ Engender Equality ETF,5,120,14,24,79,1.0,10.0,0.18,0.0,1.95,17.77
109,VXUS.O,Vanguard Total International Stock Index Fund;ETF,5,120,14,24,79,1.0,10.0,0.18,0.0,3.47,17.94
109,FLDZ.K,RiverNorth Patriot ETF,5,120,14,24,79,1.0,10.0,0.18,0.0,3.8,18.08
109,FLAX.K,Franklin FTSE Asia ex Japan ETF,5,120,14,24,79,1.0,10.0,0.18,0.0,2.52,19.94
109,RNEM.O,First Trust Emerging Markets Equity Select ETF,5,120,14,24,79,1.0,10.0,0.18,0.0,2.75,17.73
109,FDEM.K,Fidelity Emerging Markets Multifactor ETF,5,120,14,24,79,1.0,10.0,0.18,0.0,2.96,18.03
109,CVAR.K,Cultivar ETF,5,120,14,24,79,1.0,10.0,0.18,0.0,2.56,17.21
109,VAMO.K,Cambria Value and Momentum ETF,5,120,14,24,79,1.0,10.0,0.18,12.86,3.21,18.44
109,DIVY.K,Sound Equity Dividend Income ETF,5,120,14,24,79,1.0,10.0,0.18,0.0,3.26,18.75
109,UEVM.O,VictoryShares Emerging Markets Value Momentum ETF,5,120,14,24,79,1.0,10.0,0.18,0.0,1.71,18.7
109,EUDV.K,ProShares MSCI Europe Dividend Growers ETF,5,120,14,24,79,1.0,10.0,0.18,0.0,4.21,18.04
109,CVY,Invesco Zacks Multi-Asset Income ETF,5,120,14,24,79,1.0,10.0,0.18,0.0,4.25,18.14
109,TLTE.K,FlexShares Morningstar Em Mkts Factors Tilt Idx,5,120,14,24,79,1.0,10.0,0.18,0.0,2.43,17.91
109,MKOR.K,Matthews Korea Active ETF,5,120,14,24,79,1.0,10.0,0.18,0.0,2.53,16.77
109,DIM,WisdomTree International MidCap Dividend Fund,5,120,14,24,79,1.0,10.0,0.18,0.0,4.24,17.69
109,ASEA.K,Global X FTSE Southeast Asia ETF,5,120,14,24,79,1.0,10.0,0.18,0.0,1.84,18.25
109,IQDY.K,FlexShares International Quality Div Dyn Idx,5,120,14,24,79,1.0,10.0,0.18,0.0,3.54,18.04
109,RAAX.K,VanEck Inflation Allocation ETF,5,120,14,24,79,1.0,10.0,0.18,1.66,2.79,16.63
109,ROAM.K,Hartford Multifactor Emerging Markets ETF,5,120,14,24,79,1.0,10.0,0.18,0.0,1.62,18.74
109,TOLZ.K,ProShares DJ Brookfield Global Infrastructure ETF,5,120,14,24,79,1.0,10.0,0.18,0.0,3.03,17.0
109,RAYE.K,Rayliant Quantamental Emg Mrkt ex-China Eqty ETF,5,120,14,24,79,1.0,10.0,0.18,0.0,3.34,17.28
109,GDVD.K,Copper Place Global Dividend Growth ETF,5,120,14,24,79,1.0,10.0,0.18,0.0,2.23,20.03
109,HEEM.K,iShares Currency Hedged MSCI Emerging Markets ETF,5,120,14,24,79,1.0,10.0,0.18,0.0,3.11,18.04
109,ISVL.K,iShares Intl Developed Small Cap Value Factor ETF,5,120,14,24,79,1.0,10.0,0.18,0.0,3.17,17.27
109,EFV,iShares MSCI EAFE Value ETF,5,120,14,24,79,1.0,10.0,0.18,0.0,3.44,19.23
109,DGRE.O,WisdomTree Emerging Markets Quality Dividend Gro,5,120,14,24,74,1.0,10.0,0.18,0.0,2.57,19.94
109,IEMG.K,iShares Core MSCI Emerging Markets ETF,5,120,14,24,79,1.0,10.0,0.18,0.0,3.1,19.55
109,GQRE.K,FlexShares Global Quality Real Estate Index Fund,5,120,14,24,74,1.0,10.0,0.18,0.0,2.73,17.21
109,EEMS.K,iShares MSCI Emerging Markets Small-Cap ETF,5,120,14,24,74,1.0,10.0,0.18,0.0,3.79,18.75
109,PID.O,Invesco International Dividend Achievers ETF,5,120,14,24,74,1.0,10.0,0.18,0.0,4.03,18.2
109,DWM,WisdomTree International Equity Fund,5,120,14,24,74,1.0,10.0,0.18,0.0,3.86,17.75
109,EWX,SPDR S&P Emerging Markets Small Cap ETF,5,120,14,24,74,1.0,10.0,0.18,0.0,3.32,18.3
109,FDT.O,First Trust Developed Markets ex-US AlphaDEX Fund,5,120,14,24,74,1.0,10.0,0.18,0.0,2.73,18.34
109,JPEM.K,JPMorgan Diversified Return Emerging Mkts Eqty ETF,5,120,14,24,74,1.0,10.0,0.18,0.0,2.62,18.11
109,INTF.K,iShares International Equity Factor ETF,5,120,14,24,74,1.0,10.0,0.18,0.0,3.8,17.7
109,FGD,First Trust Dow Jones Global Select Dividend Ix Fd,5,120,14,24,74,1.0,10.0,0.18,0.0,2.65,18.54
109,VIDI.K,Vident International Equity Strat ETF,5,120,14,24,74,1.0,10.0,0.18,0.0,1.91,17.77
109,DBB,Invesco DB Base Metals Fund,5,120,14,24,74,1.0,10.0,0.18,0.0,2.45,19.18
109,FIVA.K,Fidelity International Value Factor ETF,5,120,14,24,74,1.0,10.0,0.18,0.0,2.27,18.41
109,DOL,WisdomTree International LargeCap Dividend Fund,5,120,14,24,74,1.0,10.0,0.18,0.0,3.65,18.03
109,DTH,WisdomTree International High Dividend,5,120,14,24,74,1.0,10.0,0.18,0.0,2.43,18.59
109,EUO,ProShares UltraShort Euro,5,120,14,24,74,1.0,10.0,0.18,0.0,3.43,16.81
109,GWX,SPDR S&P International Small Cap ETF,5,120,14,24,74,1.0,10.0,0.18,0.0,3.63,17.87
109,SPRE.K,SP Funds S&P Global REIT Sharia ETF,5,120,14,24,74,1.0,10.0,0.18,0.0,2.3,19.4
109,MOTI.K,VanEck Morningstar International Moat ETF,5,120,14,24,74,1.0,10.0,0.18,0.0,2.7,18.97
109,HDEF.K,Xtrackers MSCI EAFE Hi Dv Yld Eq ETF,5,120,14,24,74,1.0,10.0,0.18,0.0,1.94,17.22
109,RWO,SPDR Dow Jones Global Real Estate ETF,5,120,14,24,74,1.0,10.0,0.18,0.0,3.94,18.44
109,FLDZ.K,RiverNorth Patriot ETF,5,120,14,24,74,1.0,10.0,0.18,0.0,3.8,18.08
109,FYLD.K,Cambria Foreign Shareholder Yield ETF,5,120,14,24,74,1.0,10.0,0.18,0.0,2.47,18.05
109,IEMG.K,iShares Core MSCI Emerging Markets ETF,5,120,14,24,74,1.0,10.0,0.18,0.0,3.1,19.55
109,EFV,iShares MSCI EAFE Value ETF,5,120,14,24,74,1.0,10.0,0.18,0.0,3.44,19.23
109,EWH,iShares MSCI Hong Kong ETF,5,120,14,24,74,1.0,10.0,0.18,0.0,2.09,19.19
109,IEUR.K,iShares Core MSCI Europe ETF,5,120,14,24,74,1.0,10.0,0.18,0.0,3.52,18.79
109,DBC,Invesco DB Commodity Index Tracking Fund,5,120,14,24,74,1.0,10.0,0.18,0.0,1.9,17.12
109,FLJP.K,Franklin FTSE Japan ETF,5,120,14,24,74,1.0,10.0,0.18,0.0,3.7,17.19
109,DFAE.K,DFA Dimensional Emerging Core Equity Market ETF,5,120,14,24,74,1.0,10.0,0.18,0.0,2.84,17.07
109,REET.K,iShares Global REIT ETF,5,120,14,24,74,1.0,10.0,0.18,0.0,1.43,18.76
109,DGS,WisdomTree Emerging Markets SmallCap Dividend Fund,5,120,14,24,74,1.0,10.0,0.18,0.0,3.24,18.2
109,YMAX.K,YieldMax Universe Fund of Option Income ETFs,5,120,14,24,74,1.0,10.0,0.18,0.0,2.5,18.72
109,ANGL.O,VanEck Fallen Angel High Yield Bond ETF,5,120,14,24,74,1.0,10.0,0.18,0.0,2.88,19.34
109,IVLU.K,iShares MSCI Intl Value Factor ETF,5,120,14,24,74,1.0,10.0,0.18,0.0,3.38,18.51
109,VSGX.K,Vanguard ESG International Stock ETF,5,120,14,24,74,1.0,10.0,0.18,0.0,4.43,18.44
109,IYZ,iShares US Telecommunications ETF,5,120,14,24,74,1.0,10.0,0.18,0.0,2.72,18.43
109,IDV,iShares International Select Dividend ETF,5,120,14,24,74,1.0,10.0,0.18,0.0,2.04,19.19
109,CTA,Simplify Managed Futures Strategy ETF,5,120,14,24,74,1.0,10.0,0.18,0.0,2.72,16.94
109,DFIS.K,DFA Dimensional International Small Cap ETF,5,120,14,24,74,1.0,10.0,0.18,0.0,3.15,18.11
109,IDOG.K,Alps Internatl Sector Dividends Dogs ETF,5,120,14,24,74,1.0,10.0,0.18,0.0,3.45,17.51
109,DBP,Invesco DB Precious Metals Fund,5,120,14,24,74,1.0,10.0,0.18,0.0,4.3,17.68
109,FJP.O,First Trust Japan AlphaDEX Fund,5,120,14,24,74,1.0,10.0,0.18,0.0,3.52,17.98
109,FDEM.K,Fidelity Emerging Markets Multifactor ETF,5,120,14,24,74,1.0,10.0,0.18,0.0,2.96,18.03
109,RUFF.K,Alpha Dog ETF,5,120,14,24,74,1.0,10.0,0.18,0.0,2.21,18.84
109,FLAX.K,Franklin FTSE Asia ex Japan ETF,5,120,14,24,74,1.0,10.0,0.18,0.0,2.52,19.94
109,GGM,GGM Macro Alignment ETF,5,120,14,24,74,1.0,10.0,0.18,0.0,3.42,19.1
109,OEUR.K,ALPS O'Shares Europe Quality Dividend ETF,5,120,14,24,74,1.0,10.0,0.18,0.0,4.1,17.39
109,BMED.K,BlackRock Future Health ETF,5,120,14,24,74,1.0,10.0,0.18,0.0,2.13,18.1
109,RSPE.K,Invesco ESG S&P 500 Equal Weight ETF,5,120,14,24,74,1.0,10.0,0.18,0.0,2.9,17.39
109,EFAS.O,Global X MSCI SuperDividend EAFE ETF,5,120,14,24,74,1.0,10.0,0.18,0.0,1.9,19.26
109,DTRE.K,First Trust Alerian Disruptive Technology Real Est,5,120,14,24,74,1.0,10.0,0.18,0.0,4.01,18.49
109,CIL.O,VictoryShares International Volatility Wtd Idx ETF,5,120,14,24,74,1.0,10.0,0.18,0.0,4.38,18.02
109,UIVM.O,VictoryShares International Value Momentum ETF,5,120,14,24,74,1.0,10.0,0.18,0.0,1.29,17.59
109,DWAT.K,Arrow DWA Tactical: Macro ETF,5,120,14,24,74,1.0,10.0,0.18,0.0,3.04,17.46
109,MOTE.K,VanEck Morningstar ESG Moat ETF,5,120,14,24,74,1.0,10.0,0.18,0.0,3.79,18.16
109,EMDV.K,ProShares MSCI Emerging Markets Dividend Grwrs ETF,5,120,14,24,74,1.0,10.0,0.18,0.0,2.94,19.07
109,ISZE.K,iShares MSCI Intl Size Factor ETF,5,120,14,24,74,1.0,10.0,0.18,0.0,2.64,16.8
109,OVF,Overlay Shares Foreign Equity ETF,5,120,14,24,74,1.0,10.0,0.18,0.0,2.07,16.94
109,LOPP.K,Gabelli Love Our Planet & People ETF,5,120,14,24,74,1.0,10.0,0.18,0.0,3.75,17.55
109,EQUL.K,IQ Engender Equality ETF,5,120,14,24,74,1.0,10.0,0.18,0.0,1.95,17.77
109,RNEM.O,First Trust Emerging Markets Equity Select ETF,5,120,14,24,74,1.0,10.0,0.18,0.0,2.75,17.73
109,CVAR.K,Cultivar ETF,5,120,14,24,74,1.0,10.0,0.18,0.0,2.56,17.21
109,ISVL.K,iShares Intl Developed Small Cap Value Factor ETF,5,120,14,24,74,1.0,10.0,0.18,0.0,3.17,17.27
109,DIM,WisdomTree International MidCap Dividend Fund,5,120,14,24,74,1.0,10.0,0.18,0.0,4.24,17.69
109,VAMO.K,Cambria Value and Momentum ETF,5,120,14,24,74,1.0,10.0,0.18,12.86,3.21,18.44
109,DIVY.K,Sound Equity Dividend Income ETF,5,120,14,24,74,1.0,10.0,0.18,0.0,3.26,18.75
109,UEVM.O,VictoryShares Emerging Markets Value Momentum ETF,5,120,14,24,74,1.0,10.0,0.18,0.0,1.71,18.7
109,EUDV.K,ProShares MSCI Europe Dividend Growers ETF,5,120,14,24,74,1.0,10.0,0.18,0.0,4.21,18.04
109,CVY,Invesco Zacks Multi-Asset Income ETF,5,120,14,24,74,1.0,10.0,0.18,0.0,4.25,18.14
109,TLTE.K,FlexShares Morningstar Em Mkts Factors Tilt Idx,5,120,14,24,74,1.0,10.0,0.18,0.0,2.43,17.91
109,MKOR.K,Matthews Korea Active ETF,5,120,14,24,74,1.0,10.0,0.18,0.0,2.53,16.77
109,ASEA.K,Global X FTSE Southeast Asia ETF,5,120,14,24,74,1.0,10.0,0.18,0.0,1.84,18.25
109,FTXG.O,First Trust Nasdaq Food & Beverage ETF,5,120,14,24,74,1.0,10.0,0.18,0.0,3.68,17.02
109,IQDY.K,FlexShares International Quality Div Dyn Idx,5,120,14,24,74,1.0,10.0,0.18,0.0,3.54,18.04
109,RAAX.K,VanEck Inflation Allocation ETF,5,120,14,24,74,1.0,10.0,0.18,1.66,2.79,16.63
109,ROAM.K,Hartford Multifactor Emerging Markets ETF,5,120,14,24,74,1.0,10.0,0.18,0.0,1.62,18.74
109,TOLZ.K,ProShares DJ Brookfield Global Infrastructure ETF,5,120,14,24,74,1.0,10.0,0.18,0.0,3.03,17.0
109,RAYE.K,Rayliant Quantamental Emg Mrkt ex-China Eqty ETF,5,120,14,24,74,1.0,10.0,0.18,0.0,3.34,17.28
109,GDVD.K,Copper Place Global Dividend Growth ETF,5,120,14,24,74,1.0,10.0,0.18,0.0,2.23,20.03
109,HEEM.K,iShares Currency Hedged MSCI Emerging Markets ETF,5,120,14,24,74,1.0,10.0,0.18,0.0,3.11,18.04
109,VXUS.O,Vanguard Total International Stock Index Fund;ETF,5,120,14,24,74,1.0,10.0,0.18,0.0,3.47,17.94
