Cluster,Symbol,Name,MA_Short_Window,MA_Long_Window,RSI_Window,RSI_Buy_Threshold,RSI_Sell_Threshold,Stop_Loss_Percent,Take_Profit_Percent,Average_Return,Symbol_sim_return,Return,Std Dev
12,HII,헌팅턴 잉걸스 인더스트리즈,5,120,14,39,54,1.0,10.0,9662.83,83.41,19.43,26.65
12,DOV,도버,5,120,14,39,54,1.0,10.0,9662.83,0.0,17.89,26.31
12,DLTR.O,달러 트리,5,120,14,39,54,1.0,10.0,9662.83,0.0,17.76,30.5
12,TEL,TE 커넥티비티,5,120,14,39,54,1.0,10.0,9662.83,0.0,17.78,26.07
12,RVTY.K,레비티,5,120,14,39,54,1.0,10.0,9662.83,-1.94,17.34,27.45
12,A,애질런트 테크놀로지스,5,120,14,39,54,1.0,10.0,9662.83,172.18,18.86,28.45
12,CPRT.O,코파트,5,120,14,39,54,1.0,10.0,9662.83,26.73,20.73,31.51
12,EFX,에퀴팩스,5,120,14,39,54,1.0,10.0,9662.83,0.0,21.07,26.81
12,IRM,아이언 마운틴,5,120,14,39,54,1.0,10.0,9662.83,14.5,16.44,27.92
12,KEYS.K,키사이트 테크놀로지스,5,120,14,39,54,1.0,10.0,9662.83,0.0,23.38,30.07
12,JPM,제이피모간체이스,5,120,14,39,54,1.0,10.0,9662.83,62.37,16.83,27.46
12,RMD,레스메드,5,120,14,39,54,1.0,10.0,9662.83,14.55,19.27,30.06
12,WAB,웨스팅하우스 에어 브레이크 테크놀로지,5,120,14,39,54,1.0,10.0,9662.83,0.0,21.19,30.02
12,VMC,벌칸 머티리얼스,5,120,14,39,54,1.0,10.0,9662.83,419.19,18.92,31.74
12,HOLX.O,홀로직,5,120,14,39,54,1.0,10.0,9662.83,479673.05,17.31,27.49
12,DVA,다비타,5,120,14,39,54,1.0,10.0,9662.83,86.4,16.49,29.02
12,CRL,찰스 리버 래보라토리스 인터내셔널,5,120,14,39,54,1.0,10.0,9662.83,0.0,19.53,31.22
12,AVY,에이버리 데니슨,5,120,14,39,54,1.0,10.0,9662.83,21.68,18.18,26.76
12,XYL,자일럼,5,120,14,39,54,1.0,10.0,9662.83,0.0,18.57,26.27
12,VRSN.O,베리사인,5,120,14,39,54,1.0,10.0,9662.83,0.0,18.17,26.03
12,PKG,패키징 코퍼레이션 오브 아메리카,5,120,14,39,54,1.0,10.0,9662.83,24.86,20.55,27.26
12,SNA,스냅-온,5,120,14,39,54,1.0,10.0,9662.83,0.0,17.8,25.84
12,ANSS.O,앤시스,5,120,14,39,54,1.0,10.0,9662.83,106.05,19.6,28.49
12,NDSN.O,노드슨,5,120,14,39,54,1.0,10.0,9662.83,0.0,21.09,29.17
12,EBAY.O,이베이,5,120,14,39,54,1.0,10.0,9662.83,0.0,19.19,29.87
12,MAS,매스코,5,120,14,39,54,1.0,10.0,9662.83,0.0,20.79,31.93
12,CSX.O,CSX,5,120,14,39,54,1.0,10.0,9662.83,32.52,17.68,27.36
12,PH,파커-하니핀,5,120,14,39,54,1.0,10.0,9662.83,2031.73,22.51,29.74
12,ORCL.K,오라클,5,120,14,39,54,1.0,10.0,9662.83,0.0,17.91,26.66
12,MLM,마틴 마리에타 머터리얼스,5,120,14,39,54,1.0,10.0,9662.83,0.0,19.51,30.56
12,CAT,캐터필러,5,120,14,39,54,1.0,10.0,9662.83,0.0,17.08,28.59
12,SBUX.O,스타벅스,5,120,14,39,54,1.0,10.0,9662.83,0.0,17.5,26.5
12,TXN.O,텍사스 인스트루먼트,5,120,14,39,54,1.0,10.0,9662.83,0.0,20.34,26.67
12,ADI.O,애널로그 디바이시스,5,120,14,39,54,1.0,10.0,9662.83,0.0,20.93,28.75
12,ABBV.K,애브비,5,120,14,39,54,1.0,10.0,9662.83,130.2,18.6,26.34
12,RTX,RTX,5,120,14,39,54,1.0,10.0,9662.83,0.0,22.93,29.05
12,BLK,블랙록,5,120,14,39,54,1.0,10.0,9662.83,0.0,16.94,27.44
12,ETN,이튼,5,120,14,39,54,1.0,10.0,9662.83,34.52,22.18,27.8
12,AXP,아메리칸 익스프레스,5,120,14,39,54,1.0,10.0,9662.83,21.72,17.67,28.58
12,MAR.O,메리어트 인터내셔널,5,120,14,39,54,1.0,10.0,9662.83,94.01,21.76,30.72
12,GPN,글로벌 페이먼츠,5,120,14,39,54,1.0,10.0,9662.83,-9.38,17.6,30.12
12,HUM,휴마나,5,120,14,39,54,1.0,10.0,9662.83,0.0,21.36,29.55
12,IQV,아이큐비아 홀딩스,5,120,14,39,54,1.0,10.0,9662.83,0.0,20.58,27.76
12,ROK,로크웰 오토메이션,5,120,14,39,54,1.0,10.0,9662.83,0.0,17.93,29.84
12,GWW,W W 그레인저,5,120,14,39,54,1.0,10.0,9662.83,43.45,20.97,26.61
12,CI,시그나,5,120,14,39,54,1.0,10.0,9662.83,0.0,23.21,28.49
12,CHTR.O,차터 커뮤니케이션,5,120,14,39,54,1.0,10.0,9662.83,-13.81,20.77,29.36
12,EQIX.O,이퀴닉스,5,120,14,39,54,1.0,10.0,9662.83,73.37,23.25,29.15
12,DE,디어 앤 코,5,120,14,39,54,1.0,10.0,9662.83,0.0,18.41,27.74
12,HLT,힐튼 월드와이드 홀딩스,5,120,14,39,54,1.0,10.0,9662.83,0.0,20.85,28.61
12,MAS,매스코,5,120,14,44,54,1.0,10.0,9655.53,75.64,20.79,31.93
12,VMC,벌칸 머티리얼스,5,120,14,44,54,1.0,10.0,9655.53,131.55,18.92,31.74
12,EBAY.O,이베이,5,120,14,44,54,1.0,10.0,9655.53,24.11,19.19,29.87
12,DLTR.O,달러 트리,5,120,14,44,54,1.0,10.0,9655.53,24.64,17.76,30.5
12,TEL,TE 커넥티비티,5,120,14,44,54,1.0,10.0,9655.53,124.62,17.78,26.07
12,RVTY.K,레비티,5,120,14,44,54,1.0,10.0,9655.53,-4.2,17.34,27.45
12,A,애질런트 테크놀로지스,5,120,14,44,54,1.0,10.0,9655.53,172.18,18.86,28.45
12,CPRT.O,코파트,5,120,14,44,54,1.0,10.0,9655.53,-21.02,20.73,31.51
12,EFX,에퀴팩스,5,120,14,44,54,1.0,10.0,9655.53,97.67,21.07,26.81
12,IRM,아이언 마운틴,5,120,14,44,54,1.0,10.0,9655.53,23.75,16.44,27.92
12,KEYS.K,키사이트 테크놀로지스,5,120,14,44,54,1.0,10.0,9655.53,41.38,23.38,30.07
12,SNA,스냅-온,5,120,14,44,54,1.0,10.0,9655.53,28.28,17.8,25.84
12,RMD,레스메드,5,120,14,44,54,1.0,10.0,9655.53,27.12,19.27,30.06
12,DOV,도버,5,120,14,44,54,1.0,10.0,9655.53,46.99,17.89,26.31
12,WAB,웨스팅하우스 에어 브레이크 테크놀로지,5,120,14,44,54,1.0,10.0,9655.53,8.04,21.19,30.02
12,HOLX.O,홀로직,5,120,14,44,54,1.0,10.0,9655.53,479673.05,17.31,27.49
12,DVA,다비타,5,120,14,44,54,1.0,10.0,9655.53,24.32,16.49,29.02
12,CRL,찰스 리버 래보라토리스 인터내셔널,5,120,14,44,54,1.0,10.0,9655.53,18.06,19.53,31.22
12,AVY,에이버리 데니슨,5,120,14,44,54,1.0,10.0,9655.53,21.68,18.18,26.76
12,XYL,자일럼,5,120,14,44,54,1.0,10.0,9655.53,103.61,18.57,26.27
12,VRSN.O,베리사인,5,120,14,44,54,1.0,10.0,9655.53,89.85,18.17,26.03
12,PKG,패키징 코퍼레이션 오브 아메리카,5,120,14,44,54,1.0,10.0,9655.53,33.62,20.55,27.26
12,CSX.O,CSX,5,120,14,44,54,1.0,10.0,9655.53,34.77,17.68,27.36
12,NDSN.O,노드슨,5,120,14,44,54,1.0,10.0,9655.53,136.71,21.09,29.17
12,MLM,마틴 마리에타 머터리얼스,5,120,14,44,54,1.0,10.0,9655.53,48.79,19.51,30.56
12,ETN,이튼,5,120,14,44,54,1.0,10.0,9655.53,34.52,22.18,27.8
12,HII,헌팅턴 잉걸스 인더스트리즈,5,120,14,44,54,1.0,10.0,9655.53,83.41,19.43,26.65
12,ORCL.K,오라클,5,120,14,44,54,1.0,10.0,9655.53,196.18,17.91,26.66
12,CAT,캐터필러,5,120,14,44,54,1.0,10.0,9655.53,52.85,17.08,28.59
12,SBUX.O,스타벅스,5,120,14,44,54,1.0,10.0,9655.53,75.08,17.5,26.5
12,TXN.O,텍사스 인스트루먼트,5,120,14,44,54,1.0,10.0,9655.53,-13.57,20.34,26.67
12,ADI.O,애널로그 디바이시스,5,120,14,44,54,1.0,10.0,9655.53,-81.38,20.93,28.75
12,ABBV.K,애브비,5,120,14,44,54,1.0,10.0,9655.53,130.2,18.6,26.34
12,AXP,아메리칸 익스프레스,5,120,14,44,54,1.0,10.0,9655.53,16.5,17.67,28.58
12,RTX,RTX,5,120,14,44,54,1.0,10.0,9655.53,0.0,22.93,29.05
12,BLK,블랙록,5,120,14,44,54,1.0,10.0,9655.53,85.14,16.94,27.44
12,PH,파커-하니핀,5,120,14,44,54,1.0,10.0,9655.53,124.41,22.51,29.74
12,CI,시그나,5,120,14,44,54,1.0,10.0,9655.53,162.44,23.21,28.49
12,MAR.O,메리어트 인터내셔널,5,120,14,44,54,1.0,10.0,9655.53,94.01,21.76,30.72
12,HUM,휴마나,5,120,14,44,54,1.0,10.0,9655.53,265.95,21.36,29.55
12,HLT,힐튼 월드와이드 홀딩스,5,120,14,44,54,1.0,10.0,9655.53,18.56,20.85,28.61
12,DE,디어 앤 코,5,120,14,44,54,1.0,10.0,9655.53,19.96,18.41,27.74
12,EQIX.O,이퀴닉스,5,120,14,44,54,1.0,10.0,9655.53,73.37,23.25,29.15
12,CHTR.O,차터 커뮤니케이션,5,120,14,44,54,1.0,10.0,9655.53,-13.81,20.77,29.36
12,GPN,글로벌 페이먼츠,5,120,14,44,54,1.0,10.0,9655.53,-14.62,17.6,30.12
12,GWW,W W 그레인저,5,120,14,44,54,1.0,10.0,9655.53,43.45,20.97,26.61
12,ROK,로크웰 오토메이션,5,120,14,44,54,1.0,10.0,9655.53,70.14,17.93,29.84
12,IQV,아이큐비아 홀딩스,5,120,14,44,54,1.0,10.0,9655.53,150.14,20.58,27.76
12,ANSS.O,앤시스,5,120,14,44,54,1.0,10.0,9655.53,106.05,19.6,28.49
12,JPM,제이피모간체이스,5,120,14,44,54,1.0,10.0,9655.53,112.48,16.83,27.46
12,NDSN.O,노드슨,5,60,14,39,54,1.0,10.0,153.06,0.0,21.09,29.17
12,HII,헌팅턴 잉걸스 인더스트리즈,5,60,14,39,54,1.0,10.0,153.06,100.51,19.43,26.65
12,CI,시그나,5,60,14,39,54,1.0,10.0,153.06,0.0,23.21,28.49
12,IQV,아이큐비아 홀딩스,5,60,14,39,54,1.0,10.0,153.06,0.0,20.58,27.76
12,ROK,로크웰 오토메이션,5,60,14,39,54,1.0,10.0,153.06,0.0,17.93,29.84
12,GWW,W W 그레인저,5,60,14,39,54,1.0,10.0,153.06,46.89,20.97,26.61
12,GPN,글로벌 페이먼츠,5,60,14,39,54,1.0,10.0,153.06,-9.99,17.6,30.12
12,CHTR.O,차터 커뮤니케이션,5,60,14,39,54,1.0,10.0,153.06,-20.6,20.77,29.36
12,EQIX.O,이퀴닉스,5,60,14,39,54,1.0,10.0,153.06,152.49,23.25,29.15
12,DE,디어 앤 코,5,60,14,39,54,1.0,10.0,153.06,77.82,18.41,27.74
12,HLT,힐튼 월드와이드 홀딩스,5,60,14,39,54,1.0,10.0,153.06,28.6,20.85,28.61
12,HUM,휴마나,5,60,14,39,54,1.0,10.0,153.06,90.18,21.36,29.55
12,MAR.O,메리어트 인터내셔널,5,60,14,39,54,1.0,10.0,153.06,108.53,21.76,30.72
12,PH,파커-하니핀,5,60,14,39,54,1.0,10.0,153.06,1055.24,22.51,29.74
12,ETN,이튼,5,60,14,39,54,1.0,10.0,153.06,48.33,22.18,27.8
12,BLK,블랙록,5,60,14,39,54,1.0,10.0,153.06,32.19,16.94,27.44
12,RTX,RTX,5,60,14,39,54,1.0,10.0,153.06,67.86,22.93,29.05
12,AXP,아메리칸 익스프레스,5,60,14,39,54,1.0,10.0,153.06,32.72,17.67,28.58
12,ABBV.K,애브비,5,60,14,39,54,1.0,10.0,153.06,152.98,18.6,26.34
12,ADI.O,애널로그 디바이시스,5,60,14,39,54,1.0,10.0,153.06,0.0,20.93,28.75
12,TXN.O,텍사스 인스트루먼트,5,60,14,39,54,1.0,10.0,153.06,0.0,20.34,26.67
12,SBUX.O,스타벅스,5,60,14,39,54,1.0,10.0,153.06,0.0,17.5,26.5
12,CAT,캐터필러,5,60,14,39,54,1.0,10.0,153.06,64.44,17.08,28.59
12,MLM,마틴 마리에타 머터리얼스,5,60,14,39,54,1.0,10.0,153.06,53.47,19.51,30.56
12,CSX.O,CSX,5,60,14,39,54,1.0,10.0,153.06,36.17,17.68,27.36
12,EBAY.O,이베이,5,60,14,39,54,1.0,10.0,153.06,0.0,19.19,29.87
12,WAB,웨스팅하우스 에어 브레이크 테크놀로지,5,60,14,39,54,1.0,10.0,153.06,31.15,21.19,30.02
12,ANSS.O,앤시스,5,60,14,39,54,1.0,10.0,153.06,42.85,19.6,28.49
12,SNA,스냅-온,5,60,14,39,54,1.0,10.0,153.06,38.15,17.8,25.84
12,PKG,패키징 코퍼레이션 오브 아메리카,5,60,14,39,54,1.0,10.0,153.06,48.72,20.55,27.26
12,VRSN.O,베리사인,5,60,14,39,54,1.0,10.0,153.06,0.0,18.17,26.03
12,XYL,자일럼,5,60,14,39,54,1.0,10.0,153.06,0.0,18.57,26.27
12,AVY,에이버리 데니슨,5,60,14,39,54,1.0,10.0,153.06,22.71,18.18,26.76
12,CRL,찰스 리버 래보라토리스 인터내셔널,5,60,14,39,54,1.0,10.0,153.06,71.17,19.53,31.22
12,DVA,다비타,5,60,14,39,54,1.0,10.0,153.06,37.59,16.49,29.02
12,HOLX.O,홀로직,5,60,14,39,54,1.0,10.0,153.06,4124.23,17.31,27.49
12,DOV,도버,5,60,14,39,54,1.0,10.0,153.06,29.25,17.89,26.31
12,DLTR.O,달러 트리,5,60,14,39,54,1.0,10.0,153.06,0.0,17.76,30.5
12,RMD,레스메드,5,60,14,39,54,1.0,10.0,153.06,43.82,19.27,30.06
12,MAS,매스코,5,60,14,39,54,1.0,10.0,153.06,179.69,20.79,31.93
12,KEYS.K,키사이트 테크놀로지스,5,60,14,39,54,1.0,10.0,153.06,40.63,23.38,30.07
12,IRM,아이언 마운틴,5,60,14,39,54,1.0,10.0,153.06,46.43,16.44,27.92
12,EFX,에퀴팩스,5,60,14,39,54,1.0,10.0,153.06,96.8,21.07,26.81
12,CPRT.O,코파트,5,60,14,39,54,1.0,10.0,153.06,-12.15,20.73,31.51
12,A,애질런트 테크놀로지스,5,60,14,39,54,1.0,10.0,153.06,404.49,18.86,28.45
12,RVTY.K,레비티,5,60,14,39,54,1.0,10.0,153.06,48.54,17.34,27.45
12,TEL,TE 커넥티비티,5,60,14,39,54,1.0,10.0,153.06,0.0,17.78,26.07
12,VMC,벌칸 머티리얼스,5,60,14,39,54,1.0,10.0,153.06,145.56,18.92,31.74
12,JPM,제이피모간체이스,5,60,14,39,54,1.0,10.0,153.06,95.54,16.83,27.46
12,ORCL.K,오라클,5,60,14,39,54,1.0,10.0,153.06,0.0,17.91,26.66
12,CSX.O,CSX,5,60,14,44,54,1.0,10.0,53.16,18.49,17.68,27.36
12,EBAY.O,이베이,5,60,14,44,54,1.0,10.0,53.16,25.56,19.19,29.87
12,DLTR.O,달러 트리,5,60,14,44,54,1.0,10.0,53.16,95.01,17.76,30.5
12,TEL,TE 커넥티비티,5,60,14,44,54,1.0,10.0,53.16,114.82,17.78,26.07
12,RVTY.K,레비티,5,60,14,44,54,1.0,10.0,53.16,-1.25,17.34,27.45
12,A,애질런트 테크놀로지스,5,60,14,44,54,1.0,10.0,53.16,151.38,18.86,28.45
12,CPRT.O,코파트,5,60,14,44,54,1.0,10.0,53.16,-12.15,20.73,31.51
12,EFX,에퀴팩스,5,60,14,44,54,1.0,10.0,53.16,70.08,21.07,26.81
12,IRM,아이언 마운틴,5,60,14,44,54,1.0,10.0,53.16,9.4,16.44,27.92
12,KEYS.K,키사이트 테크놀로지스,5,60,14,44,54,1.0,10.0,53.16,24.86,23.38,30.07
12,MAS,매스코,5,60,14,44,54,1.0,10.0,53.16,85.72,20.79,31.93
12,RMD,레스메드,5,60,14,44,54,1.0,10.0,53.16,43.82,19.27,30.06
12,DOV,도버,5,60,14,44,54,1.0,10.0,53.16,31.04,17.89,26.31
12,WAB,웨스팅하우스 에어 브레이크 테크놀로지,5,60,14,44,54,1.0,10.0,53.16,8.02,21.19,30.02
12,HOLX.O,홀로직,5,60,14,44,54,1.0,10.0,53.16,62.94,17.31,27.49
12,DVA,다비타,5,60,14,44,54,1.0,10.0,53.16,23.01,16.49,29.02
12,CRL,찰스 리버 래보라토리스 인터내셔널,5,60,14,44,54,1.0,10.0,53.16,9.38,19.53,31.22
12,AVY,에이버리 데니슨,5,60,14,44,54,1.0,10.0,53.16,22.71,18.18,26.76
12,XYL,자일럼,5,60,14,44,54,1.0,10.0,53.16,70.12,18.57,26.27
12,VRSN.O,베리사인,5,60,14,44,54,1.0,10.0,53.16,47.44,18.17,26.03
12,PKG,패키징 코퍼레이션 오브 아메리카,5,60,14,44,54,1.0,10.0,53.16,42.0,20.55,27.26
12,SNA,스냅-온,5,60,14,44,54,1.0,10.0,53.16,70.51,17.8,25.84
12,ANSS.O,앤시스,5,60,14,44,54,1.0,10.0,53.16,42.85,19.6,28.49
12,HII,헌팅턴 잉걸스 인더스트리즈,5,60,14,44,54,1.0,10.0,53.16,8.78,19.43,26.65
12,VMC,벌칸 머티리얼스,5,60,14,44,54,1.0,10.0,53.16,70.32,18.92,31.74
12,NDSN.O,노드슨,5,60,14,44,54,1.0,10.0,53.16,28.86,21.09,29.17
12,MLM,마틴 마리에타 머터리얼스,5,60,14,44,54,1.0,10.0,53.16,56.53,19.51,30.56
12,PH,파커-하니핀,5,60,14,44,54,1.0,10.0,53.16,139.41,22.51,29.74
12,JPM,제이피모간체이스,5,60,14,44,54,1.0,10.0,53.16,51.23,16.83,27.46
12,ORCL.K,오라클,5,60,14,44,54,1.0,10.0,53.16,38.43,17.91,26.66
12,CAT,캐터필러,5,60,14,44,54,1.0,10.0,53.16,8.33,17.08,28.59
12,SBUX.O,스타벅스,5,60,14,44,54,1.0,10.0,53.16,68.82,17.5,26.5
12,TXN.O,텍사스 인스트루먼트,5,60,14,44,54,1.0,10.0,53.16,39.52,20.34,26.67
12,ADI.O,애널로그 디바이시스,5,60,14,44,54,1.0,10.0,53.16,117.62,20.93,28.75
12,AXP,아메리칸 익스프레스,5,60,14,44,54,1.0,10.0,53.16,15.71,17.67,28.58
12,RTX,RTX,5,60,14,44,54,1.0,10.0,53.16,67.86,22.93,29.05
12,BLK,블랙록,5,60,14,44,54,1.0,10.0,53.16,66.32,16.94,27.44
12,ETN,이튼,5,60,14,44,54,1.0,10.0,53.16,40.33,22.18,27.8
12,ABBV.K,애브비,5,60,14,44,54,1.0,10.0,53.16,152.98,18.6,26.34
12,MAR.O,메리어트 인터내셔널,5,60,14,44,54,1.0,10.0,53.16,82.78,21.76,30.72
12,GPN,글로벌 페이먼츠,5,60,14,44,54,1.0,10.0,53.16,-12.31,17.6,30.12
12,HUM,휴마나,5,60,14,44,54,1.0,10.0,53.16,90.18,21.36,29.55
12,IQV,아이큐비아 홀딩스,5,60,14,44,54,1.0,10.0,53.16,142.79,20.58,27.76
12,ROK,로크웰 오토메이션,5,60,14,44,54,1.0,10.0,53.16,42.57,17.93,29.84
12,GWW,W W 그레인저,5,60,14,44,54,1.0,10.0,53.16,33.19,20.97,26.61
12,CI,시그나,5,60,14,44,54,1.0,10.0,53.16,59.15,23.21,28.49
12,CHTR.O,차터 커뮤니케이션,5,60,14,44,54,1.0,10.0,53.16,-13.93,20.77,29.36
12,EQIX.O,이퀴닉스,5,60,14,44,54,1.0,10.0,53.16,166.59,23.25,29.15
12,DE,디어 앤 코,5,60,14,44,54,1.0,10.0,53.16,30.55,18.41,27.74
12,HLT,힐튼 월드와이드 홀딩스,5,60,14,44,54,1.0,10.0,53.16,9.72,20.85,28.61
12,MAS,매스코,5,120,14,49,54,1.0,10.0,44.59,44.27,20.79,31.93
12,EBAY.O,이베이,5,120,14,49,54,1.0,10.0,44.59,35.66,19.19,29.87
12,DLTR.O,달러 트리,5,120,14,49,54,1.0,10.0,44.59,65.58,17.76,30.5
12,TEL,TE 커넥티비티,5,120,14,49,54,1.0,10.0,44.59,28.36,17.78,26.07
12,RVTY.K,레비티,5,120,14,49,54,1.0,10.0,44.59,-6.31,17.34,27.45
12,A,애질런트 테크놀로지스,5,120,14,49,54,1.0,10.0,44.59,80.09,18.86,28.45
12,CPRT.O,코파트,5,120,14,49,54,1.0,10.0,44.59,-12.28,20.73,31.51
12,EFX,에퀴팩스,5,120,14,49,54,1.0,10.0,44.59,80.13,21.07,26.81
12,IRM,아이언 마운틴,5,120,14,49,54,1.0,10.0,44.59,6.93,16.44,27.92
12,KEYS.K,키사이트 테크놀로지스,5,120,14,49,54,1.0,10.0,44.59,21.68,23.38,30.07
12,VMC,벌칸 머티리얼스,5,120,14,49,54,1.0,10.0,44.59,142.57,18.92,31.74
12,ANSS.O,앤시스,5,120,14,49,54,1.0,10.0,44.59,28.55,19.6,28.49
12,RMD,레스메드,5,120,14,49,54,1.0,10.0,44.59,1.43,19.27,30.06
12,DOV,도버,5,120,14,49,54,1.0,10.0,44.59,4.95,17.89,26.31
12,WAB,웨스팅하우스 에어 브레이크 테크놀로지,5,120,14,49,54,1.0,10.0,44.59,10.44,21.19,30.02
12,HOLX.O,홀로직,5,120,14,49,54,1.0,10.0,44.59,65.5,17.31,27.49
12,DVA,다비타,5,120,14,49,54,1.0,10.0,44.59,24.32,16.49,29.02
12,CRL,찰스 리버 래보라토리스 인터내셔널,5,120,14,49,54,1.0,10.0,44.59,18.06,19.53,31.22
12,AVY,에이버리 데니슨,5,120,14,49,54,1.0,10.0,44.59,45.44,18.18,26.76
12,XYL,자일럼,5,120,14,49,54,1.0,10.0,44.59,106.06,18.57,26.27
12,VRSN.O,베리사인,5,120,14,49,54,1.0,10.0,44.59,-6.68,18.17,26.03
12,PKG,패키징 코퍼레이션 오브 아메리카,5,120,14,49,54,1.0,10.0,44.59,17.08,20.55,27.26
12,SNA,스냅-온,5,120,14,49,54,1.0,10.0,44.59,27.54,17.8,25.84
12,MLM,마틴 마리에타 머터리얼스,5,120,14,49,54,1.0,10.0,44.59,60.9,19.51,30.56
12,CSX.O,CSX,5,120,14,49,54,1.0,10.0,44.59,25.18,17.68,27.36
12,PH,파커-하니핀,5,120,14,49,54,1.0,10.0,44.59,81.37,22.51,29.74
12,CI,시그나,5,120,14,49,54,1.0,10.0,44.59,29.8,23.21,28.49
12,IQV,아이큐비아 홀딩스,5,120,14,49,54,1.0,10.0,44.59,26.05,20.58,27.76
12,NDSN.O,노드슨,5,120,14,49,54,1.0,10.0,44.59,269.2,21.09,29.17
12,JPM,제이피모간체이스,5,120,14,49,54,1.0,10.0,44.59,90.46,16.83,27.46
12,ORCL.K,오라클,5,120,14,49,54,1.0,10.0,44.59,47.68,17.91,26.66
12,CAT,캐터필러,5,120,14,49,54,1.0,10.0,44.59,12.88,17.08,28.59
12,SBUX.O,스타벅스,5,120,14,49,54,1.0,10.0,44.59,-5.79,17.5,26.5
12,TXN.O,텍사스 인스트루먼트,5,120,14,49,54,1.0,10.0,44.59,44.32,20.34,26.67
12,ADI.O,애널로그 디바이시스,5,120,14,49,54,1.0,10.0,44.59,102.45,20.93,28.75
12,ABBV.K,애브비,5,120,14,49,54,1.0,10.0,44.59,72.29,18.6,26.34
12,AXP,아메리칸 익스프레스,5,120,14,49,54,1.0,10.0,44.59,1.28,17.67,28.58
12,RTX,RTX,5,120,14,49,54,1.0,10.0,44.59,71.86,22.93,29.05
12,BLK,블랙록,5,120,14,49,54,1.0,10.0,44.59,24.37,16.94,27.44
12,ETN,이튼,5,120,14,49,54,1.0,10.0,44.59,43.42,22.18,27.8
12,MAR.O,메리어트 인터내셔널,5,120,14,49,54,1.0,10.0,44.59,99.85,21.76,30.72
12,HUM,휴마나,5,120,14,49,54,1.0,10.0,44.59,31.85,21.36,29.55
12,HLT,힐튼 월드와이드 홀딩스,5,120,14,49,54,1.0,10.0,44.59,35.01,20.85,28.61
12,DE,디어 앤 코,5,120,14,49,54,1.0,10.0,44.59,25.94,18.41,27.74
12,EQIX.O,이퀴닉스,5,120,14,49,54,1.0,10.0,44.59,61.19,23.25,29.15
12,CHTR.O,차터 커뮤니케이션,5,120,14,49,54,1.0,10.0,44.59,-13.81,20.77,29.36
12,GPN,글로벌 페이먼츠,5,120,14,49,54,1.0,10.0,44.59,-10.36,17.6,30.12
12,GWW,W W 그레인저,5,120,14,49,54,1.0,10.0,44.59,35.76,20.97,26.61
12,ROK,로크웰 오토메이션,5,120,14,49,54,1.0,10.0,44.59,77.61,17.93,29.84
12,HII,헌팅턴 잉걸스 인더스트리즈,5,120,14,49,54,1.0,10.0,44.59,59.56,19.43,26.65
12,JPM,제이피모간체이스,5,120,14,44,59,1.0,10.0,43.98,65.7,16.83,27.46
12,SBUX.O,스타벅스,5,120,14,44,59,1.0,10.0,43.98,65.6,17.5,26.5
12,ORCL.K,오라클,5,120,14,44,59,1.0,10.0,43.98,87.79,17.91,26.66
12,WAB,웨스팅하우스 에어 브레이크 테크놀로지,5,120,14,44,59,1.0,10.0,43.98,9.45,21.19,30.02
12,TEL,TE 커넥티비티,5,120,14,44,59,1.0,10.0,43.98,124.62,17.78,26.07
12,RVTY.K,레비티,5,120,14,44,59,1.0,10.0,43.98,6.85,17.34,27.45
12,A,애질런트 테크놀로지스,5,120,14,44,59,1.0,10.0,43.98,10.6,18.86,28.45
12,CPRT.O,코파트,5,120,14,44,59,1.0,10.0,43.98,-21.02,20.73,31.51
12,EFX,에퀴팩스,5,120,14,44,59,1.0,10.0,43.98,30.33,21.07,26.81
12,IRM,아이언 마운틴,5,120,14,44,59,1.0,10.0,43.98,40.25,16.44,27.92
12,KEYS.K,키사이트 테크놀로지스,5,120,14,44,59,1.0,10.0,43.98,62.92,23.38,30.07
12,MAS,매스코,5,120,14,44,59,1.0,10.0,43.98,57.3,20.79,31.93
12,RMD,레스메드,5,120,14,44,59,1.0,10.0,43.98,27.12,19.27,30.06
12,DOV,도버,5,120,14,44,59,1.0,10.0,43.98,22.42,17.89,26.31
12,HOLX.O,홀로직,5,120,14,44,59,1.0,10.0,43.98,145.06,17.31,27.49
12,EBAY.O,이베이,5,120,14,44,59,1.0,10.0,43.98,29.39,19.19,29.87
12,DVA,다비타,5,120,14,44,59,1.0,10.0,43.98,19.4,16.49,29.02
12,CRL,찰스 리버 래보라토리스 인터내셔널,5,120,14,44,59,1.0,10.0,43.98,7.58,19.53,31.22
12,AVY,에이버리 데니슨,5,120,14,44,59,1.0,10.0,43.98,31.02,18.18,26.76
12,XYL,자일럼,5,120,14,44,59,1.0,10.0,43.98,42.22,18.57,26.27
12,VRSN.O,베리사인,5,120,14,44,59,1.0,10.0,43.98,-0.03,18.17,26.03
12,PKG,패키징 코퍼레이션 오브 아메리카,5,120,14,44,59,1.0,10.0,43.98,17.6,20.55,27.26
12,SNA,스냅-온,5,120,14,44,59,1.0,10.0,43.98,30.05,17.8,25.84
12,ANSS.O,앤시스,5,120,14,44,59,1.0,10.0,43.98,33.66,19.6,28.49
12,HII,헌팅턴 잉걸스 인더스트리즈,5,120,14,44,59,1.0,10.0,43.98,21.74,19.43,26.65
12,CAT,캐터필러,5,120,14,44,59,1.0,10.0,43.98,53.43,17.08,28.59
12,DLTR.O,달러 트리,5,120,14,44,59,1.0,10.0,43.98,20.8,17.76,30.5
12,NDSN.O,노드슨,5,120,14,44,59,1.0,10.0,43.98,128.41,21.09,29.17
12,VMC,벌칸 머티리얼스,5,120,14,44,59,1.0,10.0,43.98,69.7,18.92,31.74
12,HUM,휴마나,5,120,14,44,59,1.0,10.0,43.98,265.95,21.36,29.55
12,CSX.O,CSX,5,120,14,44,59,1.0,10.0,43.98,57.28,17.68,27.36
12,TXN.O,텍사스 인스트루먼트,5,120,14,44,59,1.0,10.0,43.98,23.21,20.34,26.67
12,ADI.O,애널로그 디바이시스,5,120,14,44,59,1.0,10.0,43.98,20.59,20.93,28.75
12,ABBV.K,애브비,5,120,14,44,59,1.0,10.0,43.98,42.98,18.6,26.34
12,AXP,아메리칸 익스프레스,5,120,14,44,59,1.0,10.0,43.98,28.53,17.67,28.58
12,RTX,RTX,5,120,14,44,59,1.0,10.0,43.98,0.0,22.93,29.05
12,ETN,이튼,5,120,14,44,59,1.0,10.0,43.98,32.13,22.18,27.8
12,PH,파커-하니핀,5,120,14,44,59,1.0,10.0,43.98,46.38,22.51,29.74
12,MAR.O,메리어트 인터내셔널,5,120,14,44,59,1.0,10.0,43.98,89.84,21.76,30.72
12,BLK,블랙록,5,120,14,44,59,1.0,10.0,43.98,13.83,16.94,27.44
12,HLT,힐튼 월드와이드 홀딩스,5,120,14,44,59,1.0,10.0,43.98,30.05,20.85,28.61
12,EQIX.O,이퀴닉스,5,120,14,44,59,1.0,10.0,43.98,34.39,23.25,29.15
12,CHTR.O,차터 커뮤니케이션,5,120,14,44,59,1.0,10.0,43.98,-13.81,20.77,29.36
12,MLM,마틴 마리에타 머터리얼스,5,120,14,44,59,1.0,10.0,43.98,20.75,19.51,30.56
12,GPN,글로벌 페이먼츠,5,120,14,44,59,1.0,10.0,43.98,-14.62,17.6,30.12
12,GWW,W W 그레인저,5,120,14,44,59,1.0,10.0,43.98,55.37,20.97,26.61
12,ROK,로크웰 오토메이션,5,120,14,44,59,1.0,10.0,43.98,47.8,17.93,29.84
12,IQV,아이큐비아 홀딩스,5,120,14,44,59,1.0,10.0,43.98,10.23,20.58,27.76
12,CI,시그나,5,120,14,44,59,1.0,10.0,43.98,130.56,23.21,28.49
12,DE,디어 앤 코,5,120,14,44,59,1.0,10.0,43.98,37.76,18.41,27.74
12,IQV,아이큐비아 홀딩스,5,60,14,49,54,1.0,10.0,41.86,23.28,20.58,27.76
12,GPN,글로벌 페이먼츠,5,60,14,49,54,1.0,10.0,41.86,-6.96,17.6,30.12
12,GWW,W W 그레인저,5,60,14,49,54,1.0,10.0,41.86,33.86,20.97,26.61
12,ROK,로크웰 오토메이션,5,60,14,49,54,1.0,10.0,41.86,54.67,17.93,29.84
12,VMC,벌칸 머티리얼스,5,60,14,49,54,1.0,10.0,41.86,80.35,18.92,31.74
12,CI,시그나,5,60,14,49,54,1.0,10.0,41.86,77.14,23.21,28.49
12,MLM,마틴 마리에타 머터리얼스,5,60,14,49,54,1.0,10.0,41.86,69.46,19.51,30.56
12,CSX.O,CSX,5,60,14,49,54,1.0,10.0,41.86,18.62,17.68,27.36
12,EQIX.O,이퀴닉스,5,60,14,49,54,1.0,10.0,41.86,36.92,23.25,29.15
12,CHTR.O,차터 커뮤니케이션,5,60,14,49,54,1.0,10.0,41.86,-13.93,20.77,29.36
12,ADI.O,애널로그 디바이시스,5,60,14,49,54,1.0,10.0,41.86,146.13,20.93,28.75
12,DE,디어 앤 코,5,60,14,49,54,1.0,10.0,41.86,36.8,18.41,27.74
12,HLT,힐튼 월드와이드 홀딩스,5,60,14,49,54,1.0,10.0,41.86,14.49,20.85,28.61
12,HUM,휴마나,5,60,14,49,54,1.0,10.0,41.86,46.21,21.36,29.55
12,MAR.O,메리어트 인터내셔널,5,60,14,49,54,1.0,10.0,41.86,89.67,21.76,30.72
12,PH,파커-하니핀,5,60,14,49,54,1.0,10.0,41.86,92.51,22.51,29.74
12,ETN,이튼,5,60,14,49,54,1.0,10.0,41.86,44.72,22.18,27.8
12,BLK,블랙록,5,60,14,49,54,1.0,10.0,41.86,39.88,16.94,27.44
12,RTX,RTX,5,60,14,49,54,1.0,10.0,41.86,93.38,22.93,29.05
12,AXP,아메리칸 익스프레스,5,60,14,49,54,1.0,10.0,41.86,15.79,17.67,28.58
12,ABBV.K,애브비,5,60,14,49,54,1.0,10.0,41.86,22.96,18.6,26.34
12,DLTR.O,달러 트리,5,60,14,49,54,1.0,10.0,41.86,65.27,17.76,30.5
12,EBAY.O,이베이,5,60,14,49,54,1.0,10.0,41.86,14.38,19.19,29.87
12,WAB,웨스팅하우스 에어 브레이크 테크놀로지,5,60,14,49,54,1.0,10.0,41.86,15.98,21.19,30.02
12,TEL,TE 커넥티비티,5,60,14,49,54,1.0,10.0,41.86,42.74,17.78,26.07
12,RVTY.K,레비티,5,60,14,49,54,1.0,10.0,41.86,-2.3,17.34,27.45
12,SBUX.O,스타벅스,5,60,14,49,54,1.0,10.0,41.86,12.19,17.5,26.5
12,JPM,제이피모간체이스,5,60,14,49,54,1.0,10.0,41.86,41.88,16.83,27.46
12,NDSN.O,노드슨,5,60,14,49,54,1.0,10.0,41.86,101.42,21.09,29.17
12,HII,헌팅턴 잉걸스 인더스트리즈,5,60,14,49,54,1.0,10.0,41.86,23.15,19.43,26.65
12,ANSS.O,앤시스,5,60,14,49,54,1.0,10.0,41.86,58.39,19.6,28.49
12,SNA,스냅-온,5,60,14,49,54,1.0,10.0,41.86,40.57,17.8,25.84
12,PKG,패키징 코퍼레이션 오브 아메리카,5,60,14,49,54,1.0,10.0,41.86,19.65,20.55,27.26
12,VRSN.O,베리사인,5,60,14,49,54,1.0,10.0,41.86,3.31,18.17,26.03
12,XYL,자일럼,5,60,14,49,54,1.0,10.0,41.86,103.29,18.57,26.27
12,AVY,에이버리 데니슨,5,60,14,49,54,1.0,10.0,41.86,48.44,18.18,26.76
12,CRL,찰스 리버 래보라토리스 인터내셔널,5,60,14,49,54,1.0,10.0,41.86,13.81,19.53,31.22
12,DVA,다비타,5,60,14,49,54,1.0,10.0,41.86,24.04,16.49,29.02
12,HOLX.O,홀로직,5,60,14,49,54,1.0,10.0,41.86,56.33,17.31,27.49
12,DOV,도버,5,60,14,49,54,1.0,10.0,41.86,18.46,17.89,26.31
12,RMD,레스메드,5,60,14,49,54,1.0,10.0,41.86,34.95,19.27,30.06
12,MAS,매스코,5,60,14,49,54,1.0,10.0,41.86,57.24,20.79,31.93
12,KEYS.K,키사이트 테크놀로지스,5,60,14,49,54,1.0,10.0,41.86,39.91,23.38,30.07
12,IRM,아이언 마운틴,5,60,14,49,54,1.0,10.0,41.86,11.97,16.44,27.92
12,EFX,에퀴팩스,5,60,14,49,54,1.0,10.0,41.86,49.51,21.07,26.81
12,CPRT.O,코파트,5,60,14,49,54,1.0,10.0,41.86,4.6,20.73,31.51
12,A,애질런트 테크놀로지스,5,60,14,49,54,1.0,10.0,41.86,52.21,18.86,28.45
12,TXN.O,텍사스 인스트루먼트,5,60,14,49,54,1.0,10.0,41.86,58.62,20.34,26.67
12,ORCL.K,오라클,5,60,14,49,54,1.0,10.0,41.86,44.76,17.91,26.66
12,CAT,캐터필러,5,60,14,49,54,1.0,10.0,41.86,22.52,17.08,28.59
12,CSX.O,CSX,5,60,14,39,59,1.0,10.0,35.36,56.78,17.68,27.36
12,HUM,휴마나,5,60,14,39,59,1.0,10.0,35.36,90.18,21.36,29.55
12,MLM,마틴 마리에타 머터리얼스,5,60,14,39,59,1.0,10.0,35.36,28.39,19.51,30.56
12,CI,시그나,5,60,14,39,59,1.0,10.0,35.36,0.0,23.21,28.49
12,IQV,아이큐비아 홀딩스,5,60,14,39,59,1.0,10.0,35.36,0.0,20.58,27.76
12,ROK,로크웰 오토메이션,5,60,14,39,59,1.0,10.0,35.36,0.0,17.93,29.84
12,GWW,W W 그레인저,5,60,14,39,59,1.0,10.0,35.36,57.74,20.97,26.61
12,GPN,글로벌 페이먼츠,5,60,14,39,59,1.0,10.0,35.36,-9.99,17.6,30.12
12,CHTR.O,차터 커뮤니케이션,5,60,14,39,59,1.0,10.0,35.36,-20.6,20.77,29.36
12,EQIX.O,이퀴닉스,5,60,14,39,59,1.0,10.0,35.36,52.12,23.25,29.15
12,DE,디어 앤 코,5,60,14,39,59,1.0,10.0,35.36,20.91,18.41,27.74
12,HLT,힐튼 월드와이드 홀딩스,5,60,14,39,59,1.0,10.0,35.36,38.79,20.85,28.61
12,MAR.O,메리어트 인터내셔널,5,60,14,39,59,1.0,10.0,35.36,98.94,21.76,30.72
12,EBAY.O,이베이,5,60,14,39,59,1.0,10.0,35.36,0.0,19.19,29.87
12,PH,파커-하니핀,5,60,14,39,59,1.0,10.0,35.36,76.86,22.51,29.74
12,ETN,이튼,5,60,14,39,59,1.0,10.0,35.36,40.64,22.18,27.8
12,BLK,블랙록,5,60,14,39,59,1.0,10.0,35.36,60.81,16.94,27.44
12,RTX,RTX,5,60,14,39,59,1.0,10.0,35.36,66.72,22.93,29.05
12,AXP,아메리칸 익스프레스,5,60,14,39,59,1.0,10.0,35.36,35.14,17.67,28.58
12,ABBV.K,애브비,5,60,14,39,59,1.0,10.0,35.36,50.4,18.6,26.34
12,ADI.O,애널로그 디바이시스,5,60,14,39,59,1.0,10.0,35.36,0.0,20.93,28.75
12,TXN.O,텍사스 인스트루먼트,5,60,14,39,59,1.0,10.0,35.36,0.0,20.34,26.67
12,SBUX.O,스타벅스,5,60,14,39,59,1.0,10.0,35.36,0.0,17.5,26.5
12,CAT,캐터필러,5,60,14,39,59,1.0,10.0,35.36,62.46,17.08,28.59
12,VMC,벌칸 머티리얼스,5,60,14,39,59,1.0,10.0,35.36,47.05,18.92,31.74
12,DLTR.O,달러 트리,5,60,14,39,59,1.0,10.0,35.36,0.0,17.76,30.5
12,JPM,제이피모간체이스,5,60,14,39,59,1.0,10.0,35.36,64.33,16.83,27.46
12,TEL,TE 커넥티비티,5,60,14,39,59,1.0,10.0,35.36,0.0,17.78,26.07
12,NDSN.O,노드슨,5,60,14,39,59,1.0,10.0,35.36,0.0,21.09,29.17
12,HII,헌팅턴 잉걸스 인더스트리즈,5,60,14,39,59,1.0,10.0,35.36,25.73,19.43,26.65
12,ANSS.O,앤시스,5,60,14,39,59,1.0,10.0,35.36,23.43,19.6,28.49
12,SNA,스냅-온,5,60,14,39,59,1.0,10.0,35.36,60.1,17.8,25.84
12,PKG,패키징 코퍼레이션 오브 아메리카,5,60,14,39,59,1.0,10.0,35.36,31.85,20.55,27.26
12,VRSN.O,베리사인,5,60,14,39,59,1.0,10.0,35.36,0.0,18.17,26.03
12,XYL,자일럼,5,60,14,39,59,1.0,10.0,35.36,0.0,18.57,26.27
12,AVY,에이버리 데니슨,5,60,14,39,59,1.0,10.0,35.36,30.78,18.18,26.76
12,CRL,찰스 리버 래보라토리스 인터내셔널,5,60,14,39,59,1.0,10.0,35.36,21.0,19.53,31.22
12,DVA,다비타,5,60,14,39,59,1.0,10.0,35.36,41.76,16.49,29.02
12,HOLX.O,홀로직,5,60,14,39,59,1.0,10.0,35.36,182.4,17.31,27.49
12,WAB,웨스팅하우스 에어 브레이크 테크놀로지,5,60,14,39,59,1.0,10.0,35.36,16.63,21.19,30.02
12,DOV,도버,5,60,14,39,59,1.0,10.0,35.36,27.43,17.89,26.31
12,RMD,레스메드,5,60,14,39,59,1.0,10.0,35.36,43.82,19.27,30.06
12,MAS,매스코,5,60,14,39,59,1.0,10.0,35.36,85.43,20.79,31.93
12,KEYS.K,키사이트 테크놀로지스,5,60,14,39,59,1.0,10.0,35.36,58.03,23.38,30.07
12,IRM,아이언 마운틴,5,60,14,39,59,1.0,10.0,35.36,48.46,16.44,27.92
12,EFX,에퀴팩스,5,60,14,39,59,1.0,10.0,35.36,72.06,21.07,26.81
12,CPRT.O,코파트,5,60,14,39,59,1.0,10.0,35.36,-12.15,20.73,31.51
12,A,애질런트 테크놀로지스,5,60,14,39,59,1.0,10.0,35.36,27.0,18.86,28.45
12,RVTY.K,레비티,5,60,14,39,59,1.0,10.0,35.36,66.55,17.34,27.45
12,ORCL.K,오라클,5,60,14,39,59,1.0,10.0,35.36,0.0,17.91,26.66
12,NDSN.O,노드슨,5,60,14,44,59,1.0,10.0,35.25,49.03,21.09,29.17
12,JPM,제이피모간체이스,5,60,14,44,59,1.0,10.0,35.25,47.92,16.83,27.46
12,DOV,도버,5,60,14,44,59,1.0,10.0,35.25,21.72,17.89,26.31
12,EBAY.O,이베이,5,60,14,44,59,1.0,10.0,35.25,29.73,19.19,29.87
12,DLTR.O,달러 트리,5,60,14,44,59,1.0,10.0,35.25,21.22,17.76,30.5
12,TEL,TE 커넥티비티,5,60,14,44,59,1.0,10.0,35.25,108.99,17.78,26.07
12,RVTY.K,레비티,5,60,14,44,59,1.0,10.0,35.25,4.74,17.34,27.45
12,A,애질런트 테크놀로지스,5,60,14,44,59,1.0,10.0,35.25,38.92,18.86,28.45
12,CPRT.O,코파트,5,60,14,44,59,1.0,10.0,35.25,-12.15,20.73,31.51
12,EFX,에퀴팩스,5,60,14,44,59,1.0,10.0,35.25,23.95,21.07,26.81
12,IRM,아이언 마운틴,5,60,14,44,59,1.0,10.0,35.25,18.09,16.44,27.92
12,KEYS.K,키사이트 테크놀로지스,5,60,14,44,59,1.0,10.0,35.25,33.84,23.38,30.07
12,RMD,레스메드,5,60,14,44,59,1.0,10.0,35.25,43.82,19.27,30.06
12,WAB,웨스팅하우스 에어 브레이크 테크놀로지,5,60,14,44,59,1.0,10.0,35.25,9.26,21.19,30.02
12,CSX.O,CSX,5,60,14,44,59,1.0,10.0,35.25,14.48,17.68,27.36
12,HOLX.O,홀로직,5,60,14,44,59,1.0,10.0,35.25,53.1,17.31,27.49
12,DVA,다비타,5,60,14,44,59,1.0,10.0,35.25,19.18,16.49,29.02
12,CRL,찰스 리버 래보라토리스 인터내셔널,5,60,14,44,59,1.0,10.0,35.25,3.64,19.53,31.22
12,AVY,에이버리 데니슨,5,60,14,44,59,1.0,10.0,35.25,30.78,18.18,26.76
12,XYL,자일럼,5,60,14,44,59,1.0,10.0,35.25,39.41,18.57,26.27
12,VRSN.O,베리사인,5,60,14,44,59,1.0,10.0,35.25,8.15,18.17,26.03
12,PKG,패키징 코퍼레이션 오브 아메리카,5,60,14,44,59,1.0,10.0,35.25,31.85,20.55,27.26
12,SNA,스냅-온,5,60,14,44,59,1.0,10.0,35.25,69.54,17.8,25.84
12,ANSS.O,앤시스,5,60,14,44,59,1.0,10.0,35.25,23.43,19.6,28.49
12,ORCL.K,오라클,5,60,14,44,59,1.0,10.0,35.25,21.18,17.91,26.66
12,VMC,벌칸 머티리얼스,5,60,14,44,59,1.0,10.0,35.25,48.15,18.92,31.74
12,MAS,매스코,5,60,14,44,59,1.0,10.0,35.25,61.69,20.79,31.93
12,MLM,마틴 마리에타 머터리얼스,5,60,14,44,59,1.0,10.0,35.25,45.05,19.51,30.56
12,HUM,휴마나,5,60,14,44,59,1.0,10.0,35.25,90.18,21.36,29.55
12,SBUX.O,스타벅스,5,60,14,44,59,1.0,10.0,35.25,54.96,17.5,26.5
12,TXN.O,텍사스 인스트루먼트,5,60,14,44,59,1.0,10.0,35.25,37.48,20.34,26.67
12,ADI.O,애널로그 디바이시스,5,60,14,44,59,1.0,10.0,35.25,43.77,20.93,28.75
12,ABBV.K,애브비,5,60,14,44,59,1.0,10.0,35.25,50.4,18.6,26.34
12,AXP,아메리칸 익스프레스,5,60,14,44,59,1.0,10.0,35.25,24.49,17.67,28.58
12,RTX,RTX,5,60,14,44,59,1.0,10.0,35.25,66.72,22.93,29.05
12,BLK,블랙록,5,60,14,44,59,1.0,10.0,35.25,23.33,16.94,27.44
12,ETN,이튼,5,60,14,44,59,1.0,10.0,35.25,37.93,22.18,27.8
12,PH,파커-하니핀,5,60,14,44,59,1.0,10.0,35.25,51.95,22.51,29.74
12,MAR.O,메리어트 인터내셔널,5,60,14,44,59,1.0,10.0,35.25,83.3,21.76,30.72
12,CAT,캐터필러,5,60,14,44,59,1.0,10.0,35.25,19.32,17.08,28.59
12,HLT,힐튼 월드와이드 홀딩스,5,60,14,44,59,1.0,10.0,35.25,24.16,20.85,28.61
12,GWW,W W 그레인저,5,60,14,44,59,1.0,10.0,35.25,45.49,20.97,26.61
12,CI,시그나,5,60,14,44,59,1.0,10.0,35.25,59.36,23.21,28.49
12,IQV,아이큐비아 홀딩스,5,60,14,44,59,1.0,10.0,35.25,23.57,20.58,27.76
12,ROK,로크웰 오토메이션,5,60,14,44,59,1.0,10.0,35.25,32.39,17.93,29.84
12,HII,헌팅턴 잉걸스 인더스트리즈,5,60,14,44,59,1.0,10.0,35.25,9.87,19.43,26.65
12,GPN,글로벌 페이먼츠,5,60,14,44,59,1.0,10.0,35.25,-8.54,17.6,30.12
12,EQIX.O,이퀴닉스,5,60,14,44,59,1.0,10.0,35.25,64.16,23.25,29.15
12,DE,디어 앤 코,5,60,14,44,59,1.0,10.0,35.25,25.95,18.41,27.74
12,CHTR.O,차터 커뮤니케이션,5,60,14,44,59,1.0,10.0,35.25,-6.72,20.77,29.36
12,HUM,휴마나,5,120,14,44,64,1.0,10.0,34.74,265.95,21.36,29.55
12,MLM,마틴 마리에타 머터리얼스,5,120,14,44,64,1.0,10.0,34.74,23.44,19.51,30.56
12,CI,시그나,5,120,14,44,64,1.0,10.0,34.74,31.03,23.21,28.49
12,IQV,아이큐비아 홀딩스,5,120,14,44,64,1.0,10.0,34.74,10.23,20.58,27.76
12,ROK,로크웰 오토메이션,5,120,14,44,64,1.0,10.0,34.74,19.85,17.93,29.84
12,GWW,W W 그레인저,5,120,14,44,64,1.0,10.0,34.74,13.76,20.97,26.61
12,GPN,글로벌 페이먼츠,5,120,14,44,64,1.0,10.0,34.74,-14.62,17.6,30.12
12,CHTR.O,차터 커뮤니케이션,5,120,14,44,64,1.0,10.0,34.74,-13.81,20.77,29.36
12,EQIX.O,이퀴닉스,5,120,14,44,64,1.0,10.0,34.74,13.0,23.25,29.15
12,DE,디어 앤 코,5,120,14,44,64,1.0,10.0,34.74,37.76,18.41,27.74
12,HLT,힐튼 월드와이드 홀딩스,5,120,14,44,64,1.0,10.0,34.74,33.52,20.85,28.61
12,PH,파커-하니핀,5,120,14,44,64,1.0,10.0,34.74,27.64,22.51,29.74
12,MAR.O,메리어트 인터내셔널,5,120,14,44,64,1.0,10.0,34.74,26.36,21.76,30.72
12,ETN,이튼,5,120,14,44,64,1.0,10.0,34.74,23.61,22.18,27.8
12,BLK,블랙록,5,120,14,44,64,1.0,10.0,34.74,13.83,16.94,27.44
12,VMC,벌칸 머티리얼스,5,120,14,44,64,1.0,10.0,34.74,62.78,18.92,31.74
12,AXP,아메리칸 익스프레스,5,120,14,44,64,1.0,10.0,34.74,25.32,17.67,28.58
12,ABBV.K,애브비,5,120,14,44,64,1.0,10.0,34.74,27.26,18.6,26.34
12,ADI.O,애널로그 디바이시스,5,120,14,44,64,1.0,10.0,34.74,13.32,20.93,28.75
12,TXN.O,텍사스 인스트루먼트,5,120,14,44,64,1.0,10.0,34.74,10.91,20.34,26.67
12,SBUX.O,스타벅스,5,120,14,44,64,1.0,10.0,34.74,-5.45,17.5,26.5
12,CAT,캐터필러,5,120,14,44,64,1.0,10.0,34.74,38.99,17.08,28.59
12,RTX,RTX,5,120,14,44,64,1.0,10.0,34.74,0.0,22.93,29.05
12,NDSN.O,노드슨,5,120,14,44,64,1.0,10.0,34.74,95.31,21.09,29.17
12,EBAY.O,이베이,5,120,14,44,64,1.0,10.0,34.74,23.01,19.19,29.87
12,HOLX.O,홀로직,5,120,14,44,64,1.0,10.0,34.74,302.09,17.31,27.49
12,JPM,제이피모간체이스,5,120,14,44,64,1.0,10.0,34.74,35.82,16.83,27.46
12,HII,헌팅턴 잉걸스 인더스트리즈,5,120,14,44,64,1.0,10.0,34.74,26.67,19.43,26.65
12,ANSS.O,앤시스,5,120,14,44,64,1.0,10.0,34.74,16.91,19.6,28.49
12,SNA,스냅-온,5,120,14,44,64,1.0,10.0,34.74,48.99,17.8,25.84
12,PKG,패키징 코퍼레이션 오브 아메리카,5,120,14,44,64,1.0,10.0,34.74,23.86,20.55,27.26
12,VRSN.O,베리사인,5,120,14,44,64,1.0,10.0,34.74,-0.03,18.17,26.03
12,XYL,자일럼,5,120,14,44,64,1.0,10.0,34.74,39.93,18.57,26.27
12,AVY,에이버리 데니슨,5,120,14,44,64,1.0,10.0,34.74,35.35,18.18,26.76
12,CRL,찰스 리버 래보라토리스 인터내셔널,5,120,14,44,64,1.0,10.0,34.74,9.41,19.53,31.22
12,DVA,다비타,5,120,14,44,64,1.0,10.0,34.74,9.91,16.49,29.02
12,WAB,웨스팅하우스 에어 브레이크 테크놀로지,5,120,14,44,64,1.0,10.0,34.74,12.62,21.19,30.02
12,DLTR.O,달러 트리,5,120,14,44,64,1.0,10.0,34.74,23.23,17.76,30.5
12,DOV,도버,5,120,14,44,64,1.0,10.0,34.74,23.4,17.89,26.31
12,RMD,레스메드,5,120,14,44,64,1.0,10.0,34.74,28.79,19.27,30.06
12,MAS,매스코,5,120,14,44,64,1.0,10.0,34.74,58.75,20.79,31.93
12,KEYS.K,키사이트 테크놀로지스,5,120,14,44,64,1.0,10.0,34.74,36.73,23.38,30.07
12,IRM,아이언 마운틴,5,120,14,44,64,1.0,10.0,34.74,48.18,16.44,27.92
12,EFX,에퀴팩스,5,120,14,44,64,1.0,10.0,34.74,21.11,21.07,26.81
12,CPRT.O,코파트,5,120,14,44,64,1.0,10.0,34.74,-21.02,20.73,31.51
12,A,애질런트 테크놀로지스,5,120,14,44,64,1.0,10.0,34.74,10.6,18.86,28.45
12,RVTY.K,레비티,5,120,14,44,64,1.0,10.0,34.74,9.8,17.34,27.45
12,TEL,TE 커넥티비티,5,120,14,44,64,1.0,10.0,34.74,13.64,17.78,26.07
12,ORCL.K,오라클,5,120,14,44,64,1.0,10.0,34.74,79.5,17.91,26.66
12,CSX.O,CSX,5,120,14,44,64,1.0,10.0,34.74,39.98,17.68,27.36
12,MAR.O,메리어트 인터내셔널,5,120,14,44,69,1.0,10.0,31.06,27.45,21.76,30.72
12,HLT,힐튼 월드와이드 홀딩스,5,120,14,44,69,1.0,10.0,31.06,33.52,20.85,28.61
12,CSX.O,CSX,5,120,14,44,69,1.0,10.0,31.06,58.58,17.68,27.36
12,MLM,마틴 마리에타 머터리얼스,5,120,14,44,69,1.0,10.0,31.06,22.78,19.51,30.56
12,CI,시그나,5,120,14,44,69,1.0,10.0,31.06,32.4,23.21,28.49
12,IQV,아이큐비아 홀딩스,5,120,14,44,69,1.0,10.0,31.06,10.23,20.58,27.76
12,ROK,로크웰 오토메이션,5,120,14,44,69,1.0,10.0,31.06,23.02,17.93,29.84
12,GWW,W W 그레인저,5,120,14,44,69,1.0,10.0,31.06,18.28,20.97,26.61
12,GPN,글로벌 페이먼츠,5,120,14,44,69,1.0,10.0,31.06,-14.62,17.6,30.12
12,CHTR.O,차터 커뮤니케이션,5,120,14,44,69,1.0,10.0,31.06,-13.81,20.77,29.36
12,EQIX.O,이퀴닉스,5,120,14,44,69,1.0,10.0,31.06,13.0,23.25,29.15
12,DE,디어 앤 코,5,120,14,44,69,1.0,10.0,31.06,39.04,18.41,27.74
12,HUM,휴마나,5,120,14,44,69,1.0,10.0,31.06,265.95,21.36,29.55
12,ORCL.K,오라클,5,120,14,44,69,1.0,10.0,31.06,98.74,17.91,26.66
12,PH,파커-하니핀,5,120,14,44,69,1.0,10.0,31.06,30.49,22.51,29.74
12,ETN,이튼,5,120,14,44,69,1.0,10.0,31.06,19.49,22.18,27.8
12,BLK,블랙록,5,120,14,44,69,1.0,10.0,31.06,13.83,16.94,27.44
12,RTX,RTX,5,120,14,44,69,1.0,10.0,31.06,0.0,22.93,29.05
12,AXP,아메리칸 익스프레스,5,120,14,44,69,1.0,10.0,31.06,32.14,17.67,28.58
12,ABBV.K,애브비,5,120,14,44,69,1.0,10.0,31.06,29.94,18.6,26.34
12,ADI.O,애널로그 디바이시스,5,120,14,44,69,1.0,10.0,31.06,15.54,20.93,28.75
12,TXN.O,텍사스 인스트루먼트,5,120,14,44,69,1.0,10.0,31.06,16.39,20.34,26.67
12,SBUX.O,스타벅스,5,120,14,44,69,1.0,10.0,31.06,-5.45,17.5,26.5
12,CAT,캐터필러,5,120,14,44,69,1.0,10.0,31.06,42.12,17.08,28.59
12,VMC,벌칸 머티리얼스,5,120,14,44,69,1.0,10.0,31.06,46.49,18.92,31.74
12,EBAY.O,이베이,5,120,14,44,69,1.0,10.0,31.06,24.37,19.19,29.87
12,DLTR.O,달러 트리,5,120,14,44,69,1.0,10.0,31.06,30.83,17.76,30.5
12,TEL,TE 커넥티비티,5,120,14,44,69,1.0,10.0,31.06,18.93,17.78,26.07
12,NDSN.O,노드슨,5,120,14,44,69,1.0,10.0,31.06,73.99,21.09,29.17
12,HII,헌팅턴 잉걸스 인더스트리즈,5,120,14,44,69,1.0,10.0,31.06,19.59,19.43,26.65
12,ANSS.O,앤시스,5,120,14,44,69,1.0,10.0,31.06,16.91,19.6,28.49
12,SNA,스냅-온,5,120,14,44,69,1.0,10.0,31.06,61.96,17.8,25.84
12,PKG,패키징 코퍼레이션 오브 아메리카,5,120,14,44,69,1.0,10.0,31.06,30.55,20.55,27.26
12,VRSN.O,베리사인,5,120,14,44,69,1.0,10.0,31.06,-0.03,18.17,26.03
12,XYL,자일럼,5,120,14,44,69,1.0,10.0,31.06,39.27,18.57,26.27
12,AVY,에이버리 데니슨,5,120,14,44,69,1.0,10.0,31.06,32.55,18.18,26.76
12,CRL,찰스 리버 래보라토리스 인터내셔널,5,120,14,44,69,1.0,10.0,31.06,13.15,19.53,31.22
12,DVA,다비타,5,120,14,44,69,1.0,10.0,31.06,14.81,16.49,29.02
12,HOLX.O,홀로직,5,120,14,44,69,1.0,10.0,31.06,99.68,17.31,27.49
12,WAB,웨스팅하우스 에어 브레이크 테크놀로지,5,120,14,44,69,1.0,10.0,31.06,16.03,21.19,30.02
12,DOV,도버,5,120,14,44,69,1.0,10.0,31.06,25.17,17.89,26.31
12,RMD,레스메드,5,120,14,44,69,1.0,10.0,31.06,33.17,19.27,30.06
12,MAS,매스코,5,120,14,44,69,1.0,10.0,31.06,44.52,20.79,31.93
12,KEYS.K,키사이트 테크놀로지스,5,120,14,44,69,1.0,10.0,31.06,39.02,23.38,30.07
12,IRM,아이언 마운틴,5,120,14,44,69,1.0,10.0,31.06,13.16,16.44,27.92
12,EFX,에퀴팩스,5,120,14,44,69,1.0,10.0,31.06,24.12,21.07,26.81
12,CPRT.O,코파트,5,120,14,44,69,1.0,10.0,31.06,-21.02,20.73,31.51
12,A,애질런트 테크놀로지스,5,120,14,44,69,1.0,10.0,31.06,10.6,18.86,28.45
12,RVTY.K,레비티,5,120,14,44,69,1.0,10.0,31.06,13.26,17.34,27.45
12,JPM,제이피모간체이스,5,120,14,44,69,1.0,10.0,31.06,22.64,16.83,27.46
12,HII,헌팅턴 잉걸스 인더스트리즈,5,60,14,39,64,1.0,10.0,28.69,30.37,19.43,26.65
12,NDSN.O,노드슨,5,60,14,39,64,1.0,10.0,28.69,0.0,21.09,29.17
12,JPM,제이피모간체이스,5,60,14,39,64,1.0,10.0,28.69,37.18,16.83,27.46
12,CSX.O,CSX,5,60,14,39,64,1.0,10.0,28.69,56.78,17.68,27.36
12,EBAY.O,이베이,5,60,14,39,64,1.0,10.0,28.69,0.0,19.19,29.87
12,DLTR.O,달러 트리,5,60,14,39,64,1.0,10.0,28.69,0.0,17.76,30.5
12,TEL,TE 커넥티비티,5,60,14,39,64,1.0,10.0,28.69,0.0,17.78,26.07
12,RVTY.K,레비티,5,60,14,39,64,1.0,10.0,28.69,42.04,17.34,27.45
12,A,애질런트 테크놀로지스,5,60,14,39,64,1.0,10.0,28.69,27.0,18.86,28.45
12,CPRT.O,코파트,5,60,14,39,64,1.0,10.0,28.69,-12.15,20.73,31.51
12,EFX,에퀴팩스,5,60,14,39,64,1.0,10.0,28.69,41.21,21.07,26.81
12,IRM,아이언 마운틴,5,60,14,39,64,1.0,10.0,28.69,61.82,16.44,27.92
12,KEYS.K,키사이트 테크놀로지스,5,60,14,39,64,1.0,10.0,28.69,36.84,23.38,30.07
12,MAS,매스코,5,60,14,39,64,1.0,10.0,28.69,70.68,20.79,31.93
12,ORCL.K,오라클,5,60,14,39,64,1.0,10.0,28.69,0.0,17.91,26.66
12,WAB,웨스팅하우스 에어 브레이크 테크놀로지,5,60,14,39,64,1.0,10.0,28.69,16.78,21.19,30.02
12,HOLX.O,홀로직,5,60,14,39,64,1.0,10.0,28.69,331.98,17.31,27.49
12,DVA,다비타,5,60,14,39,64,1.0,10.0,28.69,17.27,16.49,29.02
12,CRL,찰스 리버 래보라토리스 인터내셔널,5,60,14,39,64,1.0,10.0,28.69,20.44,19.53,31.22
12,AVY,에이버리 데니슨,5,60,14,39,64,1.0,10.0,28.69,34.58,18.18,26.76
12,XYL,자일럼,5,60,14,39,64,1.0,10.0,28.69,0.0,18.57,26.27
12,VRSN.O,베리사인,5,60,14,39,64,1.0,10.0,28.69,0.0,18.17,26.03
12,PKG,패키징 코퍼레이션 오브 아메리카,5,60,14,39,64,1.0,10.0,28.69,33.8,20.55,27.26
12,SNA,스냅-온,5,60,14,39,64,1.0,10.0,28.69,41.88,17.8,25.84
12,ANSS.O,앤시스,5,60,14,39,64,1.0,10.0,28.69,12.68,19.6,28.49
12,VMC,벌칸 머티리얼스,5,60,14,39,64,1.0,10.0,28.69,47.34,18.92,31.74
12,RMD,레스메드,5,60,14,39,64,1.0,10.0,28.69,41.74,19.27,30.06
12,MLM,마틴 마리에타 머터리얼스,5,60,14,39,64,1.0,10.0,28.69,29.75,19.51,30.56
12,PH,파커-하니핀,5,60,14,39,64,1.0,10.0,28.69,23.06,22.51,29.74
12,CI,시그나,5,60,14,39,64,1.0,10.0,28.69,0.0,23.21,28.49
12,CAT,캐터필러,5,60,14,39,64,1.0,10.0,28.69,43.98,17.08,28.59
12,SBUX.O,스타벅스,5,60,14,39,64,1.0,10.0,28.69,0.0,17.5,26.5
12,TXN.O,텍사스 인스트루먼트,5,60,14,39,64,1.0,10.0,28.69,0.0,20.34,26.67
12,ADI.O,애널로그 디바이시스,5,60,14,39,64,1.0,10.0,28.69,0.0,20.93,28.75
12,ABBV.K,애브비,5,60,14,39,64,1.0,10.0,28.69,30.66,18.6,26.34
12,AXP,아메리칸 익스프레스,5,60,14,39,64,1.0,10.0,28.69,28.0,17.67,28.58
12,RTX,RTX,5,60,14,39,64,1.0,10.0,28.69,43.62,22.93,29.05
12,BLK,블랙록,5,60,14,39,64,1.0,10.0,28.69,30.24,16.94,27.44
12,ETN,이튼,5,60,14,39,64,1.0,10.0,28.69,27.97,22.18,27.8
12,DOV,도버,5,60,14,39,64,1.0,10.0,28.69,19.33,17.89,26.31
12,IQV,아이큐비아 홀딩스,5,60,14,39,64,1.0,10.0,28.69,0.0,20.58,27.76
12,HUM,휴마나,5,60,14,39,64,1.0,10.0,28.69,90.18,21.36,29.55
12,HLT,힐튼 월드와이드 홀딩스,5,60,14,39,64,1.0,10.0,28.69,39.33,20.85,28.61
12,DE,디어 앤 코,5,60,14,39,64,1.0,10.0,28.69,6.14,18.41,27.74
12,EQIX.O,이퀴닉스,5,60,14,39,64,1.0,10.0,28.69,19.42,23.25,29.15
12,CHTR.O,차터 커뮤니케이션,5,60,14,39,64,1.0,10.0,28.69,-20.6,20.77,29.36
12,GPN,글로벌 페이먼츠,5,60,14,39,64,1.0,10.0,28.69,-9.99,17.6,30.12
12,GWW,W W 그레인저,5,60,14,39,64,1.0,10.0,28.69,14.27,20.97,26.61
12,ROK,로크웰 오토메이션,5,60,14,39,64,1.0,10.0,28.69,0.0,17.93,29.84
12,MAR.O,메리어트 인터내셔널,5,60,14,39,64,1.0,10.0,28.69,29.11,21.76,30.72
12,A,애질런트 테크놀로지스,5,60,14,34,54,1.0,10.0,27.86,0.0,18.86,28.45
12,KEYS.K,키사이트 테크놀로지스,5,60,14,34,54,1.0,10.0,27.86,0.0,23.38,30.07
12,IRM,아이언 마운틴,5,60,14,34,54,1.0,10.0,27.86,46.43,16.44,27.92
12,EFX,에퀴팩스,5,60,14,34,54,1.0,10.0,27.86,0.0,21.07,26.81
12,CPRT.O,코파트,5,60,14,34,54,1.0,10.0,27.86,-12.15,20.73,31.51
12,VMC,벌칸 머티리얼스,5,60,14,34,54,1.0,10.0,27.86,145.56,18.92,31.74
12,RVTY.K,레비티,5,60,14,34,54,1.0,10.0,27.86,0.0,17.34,27.45
12,TEL,TE 커넥티비티,5,60,14,34,54,1.0,10.0,27.86,0.0,17.78,26.07
12,DLTR.O,달러 트리,5,60,14,34,54,1.0,10.0,27.86,0.0,17.76,30.5
12,RMD,레스메드,5,60,14,34,54,1.0,10.0,27.86,145.94,19.27,30.06
12,EBAY.O,이베이,5,60,14,34,54,1.0,10.0,27.86,0.0,19.19,29.87
12,MAS,매스코,5,60,14,34,54,1.0,10.0,27.86,204.77,20.79,31.93
12,AVY,에이버리 데니슨,5,60,14,34,54,1.0,10.0,27.86,22.71,18.18,26.76
12,DOV,도버,5,60,14,34,54,1.0,10.0,27.86,0.0,17.89,26.31
12,WAB,웨스팅하우스 에어 브레이크 테크놀로지,5,60,14,34,54,1.0,10.0,27.86,0.0,21.19,30.02
12,HOLX.O,홀로직,5,60,14,34,54,1.0,10.0,27.86,0.0,17.31,27.49
12,DVA,다비타,5,60,14,34,54,1.0,10.0,27.86,96.38,16.49,29.02
12,CRL,찰스 리버 래보라토리스 인터내셔널,5,60,14,34,54,1.0,10.0,27.86,0.0,19.53,31.22
12,XYL,자일럼,5,60,14,34,54,1.0,10.0,27.86,0.0,18.57,26.27
12,VRSN.O,베리사인,5,60,14,34,54,1.0,10.0,27.86,0.0,18.17,26.03
12,PKG,패키징 코퍼레이션 오브 아메리카,5,60,14,34,54,1.0,10.0,27.86,0.0,20.55,27.26
12,SNA,스냅-온,5,60,14,34,54,1.0,10.0,27.86,0.0,17.8,25.84
12,ANSS.O,앤시스,5,60,14,34,54,1.0,10.0,27.86,0.0,19.6,28.49
12,NDSN.O,노드슨,5,60,14,34,54,1.0,10.0,27.86,0.0,21.09,29.17
12,HII,헌팅턴 잉걸스 인더스트리즈,5,60,14,34,54,1.0,10.0,27.86,0.0,19.43,26.65
12,CSX.O,CSX,5,60,14,34,54,1.0,10.0,27.86,0.0,17.68,27.36
12,MLM,마틴 마리에타 머터리얼스,5,60,14,34,54,1.0,10.0,27.86,74.13,19.51,30.56
12,ETN,이튼,5,60,14,34,54,1.0,10.0,27.86,65.65,22.18,27.8
12,CI,시그나,5,60,14,34,54,1.0,10.0,27.86,0.0,23.21,28.49
12,ORCL.K,오라클,5,60,14,34,54,1.0,10.0,27.86,0.0,17.91,26.66
12,CAT,캐터필러,5,60,14,34,54,1.0,10.0,27.86,64.44,17.08,28.59
12,SBUX.O,스타벅스,5,60,14,34,54,1.0,10.0,27.86,0.0,17.5,26.5
12,TXN.O,텍사스 인스트루먼트,5,60,14,34,54,1.0,10.0,27.86,0.0,20.34,26.67
12,ADI.O,애널로그 디바이시스,5,60,14,34,54,1.0,10.0,27.86,0.0,20.93,28.75
12,ABBV.K,애브비,5,60,14,34,54,1.0,10.0,27.86,0.0,18.6,26.34
12,AXP,아메리칸 익스프레스,5,60,14,34,54,1.0,10.0,27.86,32.72,17.67,28.58
12,RTX,RTX,5,60,14,34,54,1.0,10.0,27.86,0.0,22.93,29.05
12,BLK,블랙록,5,60,14,34,54,1.0,10.0,27.86,0.0,16.94,27.44
12,JPM,제이피모간체이스,5,60,14,34,54,1.0,10.0,27.86,99.03,16.83,27.46
12,PH,파커-하니핀,5,60,14,34,54,1.0,10.0,27.86,0.0,22.51,29.74
12,CHTR.O,차터 커뮤니케이션,5,60,14,34,54,1.0,10.0,27.86,0.0,20.77,29.36
12,MAR.O,메리어트 인터내셔널,5,60,14,34,54,1.0,10.0,27.86,86.76,21.76,30.72
12,ROK,로크웰 오토메이션,5,60,14,34,54,1.0,10.0,27.86,0.0,17.93,29.84
12,GWW,W W 그레인저,5,60,14,34,54,1.0,10.0,27.86,201.84,20.97,26.61
12,GPN,글로벌 페이먼츠,5,60,14,34,54,1.0,10.0,27.86,0.0,17.6,30.12
12,IQV,아이큐비아 홀딩스,5,60,14,34,54,1.0,10.0,27.86,0.0,20.58,27.76
12,EQIX.O,이퀴닉스,5,60,14,34,54,1.0,10.0,27.86,0.0,23.25,29.15
12,DE,디어 앤 코,5,60,14,34,54,1.0,10.0,27.86,0.0,18.41,27.74
12,HLT,힐튼 월드와이드 홀딩스,5,60,14,34,54,1.0,10.0,27.86,28.6,20.85,28.61
12,HUM,휴마나,5,60,14,34,54,1.0,10.0,27.86,90.18,21.36,29.55
12,VMC,벌칸 머티리얼스,5,120,14,49,59,1.0,10.0,26.91,55.21,18.92,31.74
12,RMD,레스메드,5,120,14,49,59,1.0,10.0,26.91,0.83,19.27,30.06
12,EBAY.O,이베이,5,120,14,49,59,1.0,10.0,26.91,37.06,19.19,29.87
12,DLTR.O,달러 트리,5,120,14,49,59,1.0,10.0,26.91,32.84,17.76,30.5
12,TEL,TE 커넥티비티,5,120,14,49,59,1.0,10.0,26.91,29.01,17.78,26.07
12,RVTY.K,레비티,5,120,14,49,59,1.0,10.0,26.91,0.35,17.34,27.45
12,A,애질런트 테크놀로지스,5,120,14,49,59,1.0,10.0,26.91,48.59,18.86,28.45
12,CPRT.O,코파트,5,120,14,49,59,1.0,10.0,26.91,-22.8,20.73,31.51
12,EFX,에퀴팩스,5,120,14,49,59,1.0,10.0,26.91,20.06,21.07,26.81
12,IRM,아이언 마운틴,5,120,14,49,59,1.0,10.0,26.91,10.1,16.44,27.92
12,KEYS.K,키사이트 테크놀로지스,5,120,14,49,59,1.0,10.0,26.91,31.39,23.38,30.07
12,CRL,찰스 리버 래보라토리스 인터내셔널,5,120,14,49,59,1.0,10.0,26.91,7.58,19.53,31.22
12,DOV,도버,5,120,14,49,59,1.0,10.0,26.91,8.8,17.89,26.31
12,WAB,웨스팅하우스 에어 브레이크 테크놀로지,5,120,14,49,59,1.0,10.0,26.91,9.92,21.19,30.02
12,HOLX.O,홀로직,5,120,14,49,59,1.0,10.0,26.91,39.38,17.31,27.49
12,DVA,다비타,5,120,14,49,59,1.0,10.0,26.91,19.4,16.49,29.02
12,AVY,에이버리 데니슨,5,120,14,49,59,1.0,10.0,26.91,20.85,18.18,26.76
12,XYL,자일럼,5,120,14,49,59,1.0,10.0,26.91,45.0,18.57,26.27
12,VRSN.O,베리사인,5,120,14,49,59,1.0,10.0,26.91,-5.21,18.17,26.03
12,PKG,패키징 코퍼레이션 오브 아메리카,5,120,14,49,59,1.0,10.0,26.91,17.01,20.55,27.26
12,SNA,스냅-온,5,120,14,49,59,1.0,10.0,26.91,23.48,17.8,25.84
12,MLM,마틴 마리에타 머터리얼스,5,120,14,49,59,1.0,10.0,26.91,23.37,19.51,30.56
12,CSX.O,CSX,5,120,14,49,59,1.0,10.0,26.91,19.71,17.68,27.36
12,PH,파커-하니핀,5,120,14,49,59,1.0,10.0,26.91,53.52,22.51,29.74
12,CI,시그나,5,120,14,49,59,1.0,10.0,26.91,38.74,23.21,28.49
12,IQV,아이큐비아 홀딩스,5,120,14,49,59,1.0,10.0,26.91,0.79,20.58,27.76
12,JPM,제이피모간체이스,5,120,14,49,59,1.0,10.0,26.91,68.61,16.83,27.46
12,ORCL.K,오라클,5,120,14,49,59,1.0,10.0,26.91,24.89,17.91,26.66
12,CAT,캐터필러,5,120,14,49,59,1.0,10.0,26.91,11.66,17.08,28.59
12,SBUX.O,스타벅스,5,120,14,49,59,1.0,10.0,26.91,9.61,17.5,26.5
12,TXN.O,텍사스 인스트루먼트,5,120,14,49,59,1.0,10.0,26.91,13.79,20.34,26.67
12,ADI.O,애널로그 디바이시스,5,120,14,49,59,1.0,10.0,26.91,34.53,20.93,28.75
12,ABBV.K,애브비,5,120,14,49,59,1.0,10.0,26.91,40.52,18.6,26.34
12,AXP,아메리칸 익스프레스,5,120,14,49,59,1.0,10.0,26.91,15.14,17.67,28.58
12,RTX,RTX,5,120,14,49,59,1.0,10.0,26.91,68.16,22.93,29.05
12,BLK,블랙록,5,120,14,49,59,1.0,10.0,26.91,17.22,16.94,27.44
12,ETN,이튼,5,120,14,49,59,1.0,10.0,26.91,15.17,22.18,27.8
12,HII,헌팅턴 잉걸스 인더스트리즈,5,120,14,49,59,1.0,10.0,26.91,27.01,19.43,26.65
12,MAR.O,메리어트 인터내셔널,5,120,14,49,59,1.0,10.0,26.91,61.32,21.76,30.72
12,HUM,휴마나,5,120,14,49,59,1.0,10.0,26.91,4.83,21.36,29.55
12,HLT,힐튼 월드와이드 홀딩스,5,120,14,49,59,1.0,10.0,26.91,37.74,20.85,28.61
12,DE,디어 앤 코,5,120,14,49,59,1.0,10.0,26.91,44.9,18.41,27.74
12,EQIX.O,이퀴닉스,5,120,14,49,59,1.0,10.0,26.91,47.42,23.25,29.15
12,CHTR.O,차터 커뮤니케이션,5,120,14,49,59,1.0,10.0,26.91,-13.81,20.77,29.36
12,GPN,글로벌 페이먼츠,5,120,14,49,59,1.0,10.0,26.91,-10.36,17.6,30.12
12,GWW,W W 그레인저,5,120,14,49,59,1.0,10.0,26.91,52.33,20.97,26.61
12,ROK,로크웰 오토메이션,5,120,14,49,59,1.0,10.0,26.91,54.17,17.93,29.84
12,ANSS.O,앤시스,5,120,14,49,59,1.0,10.0,26.91,17.14,19.6,28.49
12,MAS,매스코,5,120,14,49,59,1.0,10.0,26.91,35.83,20.79,31.93
12,NDSN.O,노드슨,5,120,14,49,59,1.0,10.0,26.91,102.89,21.09,29.17
12,NDSN.O,노드슨,5,120,14,44,74,1.0,10.0,26.56,75.86,21.09,29.17
12,MAS,매스코,5,120,14,44,74,1.0,10.0,26.56,45.45,20.79,31.93
12,EBAY.O,이베이,5,120,14,44,74,1.0,10.0,26.56,9.73,19.19,29.87
12,DLTR.O,달러 트리,5,120,14,44,74,1.0,10.0,26.56,2.33,17.76,30.5
12,TEL,TE 커넥티비티,5,120,14,44,74,1.0,10.0,26.56,24.43,17.78,26.07
12,RVTY.K,레비티,5,120,14,44,74,1.0,10.0,26.56,18.15,17.34,27.45
12,A,애질런트 테크놀로지스,5,120,14,44,74,1.0,10.0,26.56,10.6,18.86,28.45
12,CPRT.O,코파트,5,120,14,44,74,1.0,10.0,26.56,-21.02,20.73,31.51
12,EFX,에퀴팩스,5,120,14,44,74,1.0,10.0,26.56,27.0,21.07,26.81
12,IRM,아이언 마운틴,5,120,14,44,74,1.0,10.0,26.56,11.91,16.44,27.92
12,KEYS.K,키사이트 테크놀로지스,5,120,14,44,74,1.0,10.0,26.56,38.0,23.38,30.07
12,RMD,레스메드,5,120,14,44,74,1.0,10.0,26.56,31.74,19.27,30.06
12,ANSS.O,앤시스,5,120,14,44,74,1.0,10.0,26.56,16.91,19.6,28.49
12,DOV,도버,5,120,14,44,74,1.0,10.0,26.56,26.51,17.89,26.31
12,WAB,웨스팅하우스 에어 브레이크 테크놀로지,5,120,14,44,74,1.0,10.0,26.56,9.81,21.19,30.02
12,HOLX.O,홀로직,5,120,14,44,74,1.0,10.0,26.56,11.61,17.31,27.49
12,DVA,다비타,5,120,14,44,74,1.0,10.0,26.56,14.64,16.49,29.02
12,CRL,찰스 리버 래보라토리스 인터내셔널,5,120,14,44,74,1.0,10.0,26.56,15.04,19.53,31.22
12,AVY,에이버리 데니슨,5,120,14,44,74,1.0,10.0,26.56,25.21,18.18,26.76
12,XYL,자일럼,5,120,14,44,74,1.0,10.0,26.56,40.58,18.57,26.27
12,VRSN.O,베리사인,5,120,14,44,74,1.0,10.0,26.56,-0.03,18.17,26.03
12,PKG,패키징 코퍼레이션 오브 아메리카,5,120,14,44,74,1.0,10.0,26.56,17.94,20.55,27.26
12,VMC,벌칸 머티리얼스,5,120,14,44,74,1.0,10.0,26.56,22.75,18.92,31.74
12,CSX.O,CSX,5,120,14,44,74,1.0,10.0,26.56,48.71,17.68,27.36
12,MLM,마틴 마리에타 머터리얼스,5,120,14,44,74,1.0,10.0,26.56,17.6,19.51,30.56
12,PH,파커-하니핀,5,120,14,44,74,1.0,10.0,26.56,34.3,22.51,29.74
12,CAT,캐터필러,5,120,14,44,74,1.0,10.0,26.56,49.66,17.08,28.59
12,SBUX.O,스타벅스,5,120,14,44,74,1.0,10.0,26.56,-5.45,17.5,26.5
12,TXN.O,텍사스 인스트루먼트,5,120,14,44,74,1.0,10.0,26.56,18.83,20.34,26.67
12,ADI.O,애널로그 디바이시스,5,120,14,44,74,1.0,10.0,26.56,17.13,20.93,28.75
12,ABBV.K,애브비,5,120,14,44,74,1.0,10.0,26.56,32.38,18.6,26.34
12,AXP,아메리칸 익스프레스,5,120,14,44,74,1.0,10.0,26.56,32.8,17.67,28.58
12,RTX,RTX,5,120,14,44,74,1.0,10.0,26.56,0.0,22.93,29.05
12,BLK,블랙록,5,120,14,44,74,1.0,10.0,26.56,13.83,16.94,27.44
12,ETN,이튼,5,120,14,44,74,1.0,10.0,26.56,10.97,22.18,27.8
12,MAR.O,메리어트 인터내셔널,5,120,14,44,74,1.0,10.0,26.56,26.63,21.76,30.72
12,CI,시그나,5,120,14,44,74,1.0,10.0,26.56,23.69,23.21,28.49
12,HUM,휴마나,5,120,14,44,74,1.0,10.0,26.56,265.95,21.36,29.55
12,HLT,힐튼 월드와이드 홀딩스,5,120,14,44,74,1.0,10.0,26.56,34.26,20.85,28.61
12,DE,디어 앤 코,5,120,14,44,74,1.0,10.0,26.56,42.15,18.41,27.74
12,EQIX.O,이퀴닉스,5,120,14,44,74,1.0,10.0,26.56,13.0,23.25,29.15
12,CHTR.O,차터 커뮤니케이션,5,120,14,44,74,1.0,10.0,26.56,-13.81,20.77,29.36
12,GPN,글로벌 페이먼츠,5,120,14,44,74,1.0,10.0,26.56,-14.62,17.6,30.12
12,GWW,W W 그레인저,5,120,14,44,74,1.0,10.0,26.56,22.49,20.97,26.61
12,ROK,로크웰 오토메이션,5,120,14,44,74,1.0,10.0,26.56,23.77,17.93,29.84
12,IQV,아이큐비아 홀딩스,5,120,14,44,74,1.0,10.0,26.56,10.23,20.58,27.76
12,SNA,스냅-온,5,120,14,44,74,1.0,10.0,26.56,65.4,17.8,25.84
12,HII,헌팅턴 잉걸스 인더스트리즈,5,120,14,44,74,1.0,10.0,26.56,12.71,19.43,26.65
12,ORCL.K,오라클,5,120,14,44,74,1.0,10.0,26.56,47.03,17.91,26.66
12,JPM,제이피모간체이스,5,120,14,44,74,1.0,10.0,26.56,23.44,16.83,27.46
12,CAT,캐터필러,5,60,14,49,59,1.0,10.0,26.47,19.23,17.08,28.59
12,CSX.O,CSX,5,60,14,49,59,1.0,10.0,26.47,11.93,17.68,27.36
12,MLM,마틴 마리에타 머터리얼스,5,60,14,49,59,1.0,10.0,26.47,38.02,19.51,30.56
12,CI,시그나,5,60,14,49,59,1.0,10.0,26.47,58.66,23.21,28.49
12,IQV,아이큐비아 홀딩스,5,60,14,49,59,1.0,10.0,26.47,15.98,20.58,27.76
12,ROK,로크웰 오토메이션,5,60,14,49,59,1.0,10.0,26.47,30.46,17.93,29.84
12,GWW,W W 그레인저,5,60,14,49,59,1.0,10.0,26.47,47.23,20.97,26.61
12,GPN,글로벌 페이먼츠,5,60,14,49,59,1.0,10.0,26.47,-4.08,17.6,30.12
12,CHTR.O,차터 커뮤니케이션,5,60,14,49,59,1.0,10.0,26.47,-6.72,20.77,29.36
12,EQIX.O,이퀴닉스,5,60,14,49,59,1.0,10.0,26.47,40.45,23.25,29.15
12,DE,디어 앤 코,5,60,14,49,59,1.0,10.0,26.47,31.09,18.41,27.74
12,HLT,힐튼 월드와이드 홀딩스,5,60,14,49,59,1.0,10.0,26.47,24.95,20.85,28.61
12,HUM,휴마나,5,60,14,49,59,1.0,10.0,26.47,9.9,21.36,29.55
12,MAR.O,메리어트 인터내셔널,5,60,14,49,59,1.0,10.0,26.47,44.45,21.76,30.72
12,PH,파커-하니핀,5,60,14,49,59,1.0,10.0,26.47,49.92,22.51,29.74
12,ETN,이튼,5,60,14,49,59,1.0,10.0,26.47,22.35,22.18,27.8
12,BLK,블랙록,5,60,14,49,59,1.0,10.0,26.47,31.89,16.94,27.44
12,RTX,RTX,5,60,14,49,59,1.0,10.0,26.47,84.39,22.93,29.05
12,AXP,아메리칸 익스프레스,5,60,14,49,59,1.0,10.0,26.47,26.53,17.67,28.58
12,ABBV.K,애브비,5,60,14,49,59,1.0,10.0,26.47,23.62,18.6,26.34
12,ADI.O,애널로그 디바이시스,5,60,14,49,59,1.0,10.0,26.47,45.98,20.93,28.75
12,TXN.O,텍사스 인스트루먼트,5,60,14,49,59,1.0,10.0,26.47,22.98,20.34,26.67
12,SBUX.O,스타벅스,5,60,14,49,59,1.0,10.0,26.47,12.85,17.5,26.5
12,VMC,벌칸 머티리얼스,5,60,14,49,59,1.0,10.0,26.47,46.73,18.92,31.74
12,NDSN.O,노드슨,5,60,14,49,59,1.0,10.0,26.47,62.71,21.09,29.17
12,DLTR.O,달러 트리,5,60,14,49,59,1.0,10.0,26.47,37.78,17.76,30.5
12,DVA,다비타,5,60,14,49,59,1.0,10.0,26.47,8.0,16.49,29.02
12,HII,헌팅턴 잉걸스 인더스트리즈,5,60,14,49,59,1.0,10.0,26.47,15.08,19.43,26.65
12,ORCL.K,오라클,5,60,14,49,59,1.0,10.0,26.47,26.5,17.91,26.66
12,JPM,제이피모간체이스,5,60,14,49,59,1.0,10.0,26.47,39.09,16.83,27.46
12,ANSS.O,앤시스,5,60,14,49,59,1.0,10.0,26.47,21.3,19.6,28.49
12,SNA,스냅-온,5,60,14,49,59,1.0,10.0,26.47,24.05,17.8,25.84
12,PKG,패키징 코퍼레이션 오브 아메리카,5,60,14,49,59,1.0,10.0,26.47,17.05,20.55,27.26
12,VRSN.O,베리사인,5,60,14,49,59,1.0,10.0,26.47,3.01,18.17,26.03
12,XYL,자일럼,5,60,14,49,59,1.0,10.0,26.47,48.58,18.57,26.27
12,AVY,에이버리 데니슨,5,60,14,49,59,1.0,10.0,26.47,26.61,18.18,26.76
12,CRL,찰스 리버 래보라토리스 인터내셔널,5,60,14,49,59,1.0,10.0,26.47,8.0,19.53,31.22
12,HOLX.O,홀로직,5,60,14,49,59,1.0,10.0,26.47,39.95,17.31,27.49
12,TEL,TE 커넥티비티,5,60,14,49,59,1.0,10.0,26.47,33.68,17.78,26.07
12,WAB,웨스팅하우스 에어 브레이크 테크놀로지,5,60,14,49,59,1.0,10.0,26.47,14.22,21.19,30.02
12,DOV,도버,5,60,14,49,59,1.0,10.0,26.47,17.87,17.89,26.31
12,RMD,레스메드,5,60,14,49,59,1.0,10.0,26.47,5.16,19.27,30.06
12,MAS,매스코,5,60,14,49,59,1.0,10.0,26.47,47.02,20.79,31.93
12,KEYS.K,키사이트 테크놀로지스,5,60,14,49,59,1.0,10.0,26.47,22.65,23.38,30.07
12,IRM,아이언 마운틴,5,60,14,49,59,1.0,10.0,26.47,12.45,16.44,27.92
12,EFX,에퀴팩스,5,60,14,49,59,1.0,10.0,26.47,20.21,21.07,26.81
12,CPRT.O,코파트,5,60,14,49,59,1.0,10.0,26.47,-16.55,20.73,31.51
12,A,애질런트 테크놀로지스,5,60,14,49,59,1.0,10.0,26.47,32.41,18.86,28.45
12,RVTY.K,레비티,5,60,14,49,59,1.0,10.0,26.47,8.03,17.34,27.45
12,EBAY.O,이베이,5,60,14,49,59,1.0,10.0,26.47,19.75,19.19,29.87
12,WAB,웨스팅하우스 에어 브레이크 테크놀로지,5,60,14,44,64,1.0,10.0,25.73,12.22,21.19,30.02
12,ORCL.K,오라클,5,60,14,44,64,1.0,10.0,25.73,31.35,17.91,26.66
12,HOLX.O,홀로직,5,60,14,44,64,1.0,10.0,25.73,72.2,17.31,27.49
12,TEL,TE 커넥티비티,5,60,14,44,64,1.0,10.0,25.73,20.02,17.78,26.07
12,RVTY.K,레비티,5,60,14,44,64,1.0,10.0,25.73,7.09,17.34,27.45
12,A,애질런트 테크놀로지스,5,60,14,44,64,1.0,10.0,25.73,22.51,18.86,28.45
12,CPRT.O,코파트,5,60,14,44,64,1.0,10.0,25.73,-12.15,20.73,31.51
12,EFX,에퀴팩스,5,60,14,44,64,1.0,10.0,25.73,21.25,21.07,26.81
12,IRM,아이언 마운틴,5,60,14,44,64,1.0,10.0,25.73,26.11,16.44,27.92
12,KEYS.K,키사이트 테크놀로지스,5,60,14,44,64,1.0,10.0,25.73,27.17,23.38,30.07
12,MAS,매스코,5,60,14,44,64,1.0,10.0,25.73,65.72,20.79,31.93
12,RMD,레스메드,5,60,14,44,64,1.0,10.0,25.73,41.74,19.27,30.06
12,DOV,도버,5,60,14,44,64,1.0,10.0,25.73,19.79,17.89,26.31
12,DVA,다비타,5,60,14,44,64,1.0,10.0,25.73,12.13,16.49,29.02
12,EBAY.O,이베이,5,60,14,44,64,1.0,10.0,25.73,22.91,19.19,29.87
12,CRL,찰스 리버 래보라토리스 인터내셔널,5,60,14,44,64,1.0,10.0,25.73,5.72,19.53,31.22
12,AVY,에이버리 데니슨,5,60,14,44,64,1.0,10.0,25.73,34.58,18.18,26.76
12,XYL,자일럼,5,60,14,44,64,1.0,10.0,25.73,37.57,18.57,26.27
12,VRSN.O,베리사인,5,60,14,44,64,1.0,10.0,25.73,9.45,18.17,26.03
12,PKG,패키징 코퍼레이션 오브 아메리카,5,60,14,44,64,1.0,10.0,25.73,33.8,20.55,27.26
12,SNA,스냅-온,5,60,14,44,64,1.0,10.0,25.73,17.98,17.8,25.84
12,ANSS.O,앤시스,5,60,14,44,64,1.0,10.0,25.73,12.68,19.6,28.49
12,HII,헌팅턴 잉걸스 인더스트리즈,5,60,14,44,64,1.0,10.0,25.73,5.7,19.43,26.65
12,NDSN.O,노드슨,5,60,14,44,64,1.0,10.0,25.73,53.5,21.09,29.17
12,CAT,캐터필러,5,60,14,44,64,1.0,10.0,25.73,9.27,17.08,28.59
12,DLTR.O,달러 트리,5,60,14,44,64,1.0,10.0,25.73,22.75,17.76,30.5
12,JPM,제이피모간체이스,5,60,14,44,64,1.0,10.0,25.73,38.89,16.83,27.46
12,VMC,벌칸 머티리얼스,5,60,14,44,64,1.0,10.0,25.73,52.19,18.92,31.74
12,HUM,휴마나,5,60,14,44,64,1.0,10.0,25.73,90.18,21.36,29.55
12,CSX.O,CSX,5,60,14,44,64,1.0,10.0,25.73,15.6,17.68,27.36
12,TXN.O,텍사스 인스트루먼트,5,60,14,44,64,1.0,10.0,25.73,15.38,20.34,26.67
12,ADI.O,애널로그 디바이시스,5,60,14,44,64,1.0,10.0,25.73,18.38,20.93,28.75
12,ABBV.K,애브비,5,60,14,44,64,1.0,10.0,25.73,30.66,18.6,26.34
12,AXP,아메리칸 익스프레스,5,60,14,44,64,1.0,10.0,25.73,22.86,17.67,28.58
12,RTX,RTX,5,60,14,44,64,1.0,10.0,25.73,43.62,22.93,29.05
12,BLK,블랙록,5,60,14,44,64,1.0,10.0,25.73,22.7,16.94,27.44
12,ETN,이튼,5,60,14,44,64,1.0,10.0,25.73,23.7,22.18,27.8
12,PH,파커-하니핀,5,60,14,44,64,1.0,10.0,25.73,29.72,22.51,29.74
12,MAR.O,메리어트 인터내셔널,5,60,14,44,64,1.0,10.0,25.73,28.14,21.76,30.72
12,SBUX.O,스타벅스,5,60,14,44,64,1.0,10.0,25.73,9.69,17.5,26.5
12,HLT,힐튼 월드와이드 홀딩스,5,60,14,44,64,1.0,10.0,25.73,34.26,20.85,28.61
12,EQIX.O,이퀴닉스,5,60,14,44,64,1.0,10.0,25.73,32.38,23.25,29.15
12,CHTR.O,차터 커뮤니케이션,5,60,14,44,64,1.0,10.0,25.73,-4.2,20.77,29.36
12,GPN,글로벌 페이먼츠,5,60,14,44,64,1.0,10.0,25.73,-1.71,17.6,30.12
12,GWW,W W 그레인저,5,60,14,44,64,1.0,10.0,25.73,20.51,20.97,26.61
12,ROK,로크웰 오토메이션,5,60,14,44,64,1.0,10.0,25.73,23.91,17.93,29.84
12,IQV,아이큐비아 홀딩스,5,60,14,44,64,1.0,10.0,25.73,26.83,20.58,27.76
12,CI,시그나,5,60,14,44,64,1.0,10.0,25.73,26.51,23.21,28.49
12,MLM,마틴 마리에타 머터리얼스,5,60,14,44,64,1.0,10.0,25.73,47.16,19.51,30.56
12,DE,디어 앤 코,5,60,14,44,64,1.0,10.0,25.73,6.14,18.41,27.74
12,CHTR.O,차터 커뮤니케이션,5,60,14,44,69,1.0,10.0,25.31,0.97,20.77,29.36
12,HLT,힐튼 월드와이드 홀딩스,5,60,14,44,69,1.0,10.0,25.31,23.57,20.85,28.61
12,DE,디어 앤 코,5,60,14,44,69,1.0,10.0,25.31,7.62,18.41,27.74
12,EQIX.O,이퀴닉스,5,60,14,44,69,1.0,10.0,25.31,36.16,23.25,29.15
12,IQV,아이큐비아 홀딩스,5,60,14,44,69,1.0,10.0,25.31,42.42,20.58,27.76
12,GPN,글로벌 페이먼츠,5,60,14,44,69,1.0,10.0,25.31,-1.71,17.6,30.12
12,GWW,W W 그레인저,5,60,14,44,69,1.0,10.0,25.31,23.48,20.97,26.61
12,ROK,로크웰 오토메이션,5,60,14,44,69,1.0,10.0,25.31,25.72,17.93,29.84
12,MAR.O,메리어트 인터내셔널,5,60,14,44,69,1.0,10.0,25.31,28.81,21.76,30.72
12,CI,시그나,5,60,14,44,69,1.0,10.0,25.31,28.06,23.21,28.49
12,HUM,휴마나,5,60,14,44,69,1.0,10.0,25.31,90.18,21.36,29.55
12,RTX,RTX,5,60,14,44,69,1.0,10.0,25.31,43.62,22.93,29.05
12,PH,파커-하니핀,5,60,14,44,69,1.0,10.0,25.31,32.39,22.51,29.74
12,ETN,이튼,5,60,14,44,69,1.0,10.0,25.31,19.71,22.18,27.8
12,BLK,블랙록,5,60,14,44,69,1.0,10.0,25.31,25.38,16.94,27.44
12,AXP,아메리칸 익스프레스,5,60,14,44,69,1.0,10.0,25.31,28.44,17.67,28.58
12,ABBV.K,애브비,5,60,14,44,69,1.0,10.0,25.31,32.47,18.6,26.34
12,ADI.O,애널로그 디바이시스,5,60,14,44,69,1.0,10.0,25.31,20.33,20.93,28.75
12,TXN.O,텍사스 인스트루먼트,5,60,14,44,69,1.0,10.0,25.31,19.83,20.34,26.67
12,SBUX.O,스타벅스,5,60,14,44,69,1.0,10.0,25.31,12.94,17.5,26.5
12,CAT,캐터필러,5,60,14,44,69,1.0,10.0,25.31,5.18,17.08,28.59
12,CSX.O,CSX,5,60,14,44,69,1.0,10.0,25.31,25.3,17.68,27.36
12,ORCL.K,오라클,5,60,14,44,69,1.0,10.0,25.31,36.65,17.91,26.66
12,MLM,마틴 마리에타 머터리얼스,5,60,14,44,69,1.0,10.0,25.31,29.55,19.51,30.56
12,MAS,매스코,5,60,14,44,69,1.0,10.0,25.31,39.87,20.79,31.93
12,VMC,벌칸 머티리얼스,5,60,14,44,69,1.0,10.0,25.31,41.24,18.92,31.74
12,EBAY.O,이베이,5,60,14,44,69,1.0,10.0,25.31,24.14,19.19,29.87
12,NDSN.O,노드슨,5,60,14,44,69,1.0,10.0,25.31,49.64,21.09,29.17
12,ANSS.O,앤시스,5,60,14,44,69,1.0,10.0,25.31,12.68,19.6,28.49
12,SNA,스냅-온,5,60,14,44,69,1.0,10.0,25.31,21.49,17.8,25.84
12,PKG,패키징 코퍼레이션 오브 아메리카,5,60,14,44,69,1.0,10.0,25.31,38.8,20.55,27.26
12,VRSN.O,베리사인,5,60,14,44,69,1.0,10.0,25.31,13.03,18.17,26.03
12,XYL,자일럼,5,60,14,44,69,1.0,10.0,25.31,37.18,18.57,26.27
12,AVY,에이버리 데니슨,5,60,14,44,69,1.0,10.0,25.31,32.28,18.18,26.76
12,CRL,찰스 리버 래보라토리스 인터내셔널,5,60,14,44,69,1.0,10.0,25.31,9.49,19.53,31.22
12,DVA,다비타,5,60,14,44,69,1.0,10.0,25.31,17.92,16.49,29.02
12,HOLX.O,홀로직,5,60,14,44,69,1.0,10.0,25.31,30.13,17.31,27.49
12,WAB,웨스팅하우스 에어 브레이크 테크놀로지,5,60,14,44,69,1.0,10.0,25.31,15.38,21.19,30.02
12,DOV,도버,5,60,14,44,69,1.0,10.0,25.31,23.55,17.89,26.31
12,RMD,레스메드,5,60,14,44,69,1.0,10.0,25.31,45.42,19.27,30.06
12,KEYS.K,키사이트 테크놀로지스,5,60,14,44,69,1.0,10.0,25.31,29.24,23.38,30.07
12,IRM,아이언 마운틴,5,60,14,44,69,1.0,10.0,25.31,11.9,16.44,27.92
12,EFX,에퀴팩스,5,60,14,44,69,1.0,10.0,25.31,25.37,21.07,26.81
12,CPRT.O,코파트,5,60,14,44,69,1.0,10.0,25.31,-12.15,20.73,31.51
12,A,애질런트 테크놀로지스,5,60,14,44,69,1.0,10.0,25.31,25.59,18.86,28.45
12,RVTY.K,레비티,5,60,14,44,69,1.0,10.0,25.31,9.5,17.34,27.45
12,TEL,TE 커넥티비티,5,60,14,44,69,1.0,10.0,25.31,25.81,17.78,26.07
12,DLTR.O,달러 트리,5,60,14,44,69,1.0,10.0,25.31,28.27,17.76,30.5
12,HII,헌팅턴 잉걸스 인더스트리즈,5,60,14,44,69,1.0,10.0,25.31,6.79,19.43,26.65
12,JPM,제이피모간체이스,5,60,14,44,69,1.0,10.0,25.31,25.91,16.83,27.46
12,HII,헌팅턴 잉걸스 인더스트리즈,5,60,14,34,59,1.0,10.0,25.09,0.0,19.43,26.65
12,DOV,도버,5,60,14,34,59,1.0,10.0,25.09,0.0,17.89,26.31
12,EBAY.O,이베이,5,60,14,34,59,1.0,10.0,25.09,0.0,19.19,29.87
12,DLTR.O,달러 트리,5,60,14,34,59,1.0,10.0,25.09,0.0,17.76,30.5
12,TEL,TE 커넥티비티,5,60,14,34,59,1.0,10.0,25.09,0.0,17.78,26.07
12,RVTY.K,레비티,5,60,14,34,59,1.0,10.0,25.09,0.0,17.34,27.45
12,A,애질런트 테크놀로지스,5,60,14,34,59,1.0,10.0,25.09,0.0,18.86,28.45
12,CPRT.O,코파트,5,60,14,34,59,1.0,10.0,25.09,-12.15,20.73,31.51
12,EFX,에퀴팩스,5,60,14,34,59,1.0,10.0,25.09,0.0,21.07,26.81
12,IRM,아이언 마운틴,5,60,14,34,59,1.0,10.0,25.09,48.46,16.44,27.92
12,KEYS.K,키사이트 테크놀로지스,5,60,14,34,59,1.0,10.0,25.09,0.0,23.38,30.07
12,RMD,레스메드,5,60,14,34,59,1.0,10.0,25.09,145.94,19.27,30.06
12,WAB,웨스팅하우스 에어 브레이크 테크놀로지,5,60,14,34,59,1.0,10.0,25.09,0.0,21.19,30.02
12,CSX.O,CSX,5,60,14,34,59,1.0,10.0,25.09,0.0,17.68,27.36
12,HOLX.O,홀로직,5,60,14,34,59,1.0,10.0,25.09,0.0,17.31,27.49
12,DVA,다비타,5,60,14,34,59,1.0,10.0,25.09,92.12,16.49,29.02
12,CRL,찰스 리버 래보라토리스 인터내셔널,5,60,14,34,59,1.0,10.0,25.09,0.0,19.53,31.22
12,AVY,에이버리 데니슨,5,60,14,34,59,1.0,10.0,25.09,30.78,18.18,26.76
12,XYL,자일럼,5,60,14,34,59,1.0,10.0,25.09,0.0,18.57,26.27
12,VRSN.O,베리사인,5,60,14,34,59,1.0,10.0,25.09,0.0,18.17,26.03
12,PKG,패키징 코퍼레이션 오브 아메리카,5,60,14,34,59,1.0,10.0,25.09,0.0,20.55,27.26
12,SNA,스냅-온,5,60,14,34,59,1.0,10.0,25.09,0.0,17.8,25.84
12,ANSS.O,앤시스,5,60,14,34,59,1.0,10.0,25.09,0.0,19.6,28.49
12,NDSN.O,노드슨,5,60,14,34,59,1.0,10.0,25.09,0.0,21.09,29.17
12,VMC,벌칸 머티리얼스,5,60,14,34,59,1.0,10.0,25.09,47.05,18.92,31.74
12,MAS,매스코,5,60,14,34,59,1.0,10.0,25.09,145.81,20.79,31.93
12,MLM,마틴 마리에타 머터리얼스,5,60,14,34,59,1.0,10.0,25.09,28.39,19.51,30.56
12,PH,파커-하니핀,5,60,14,34,59,1.0,10.0,25.09,0.0,22.51,29.74
12,JPM,제이피모간체이스,5,60,14,34,59,1.0,10.0,25.09,99.03,16.83,27.46
12,CI,시그나,5,60,14,34,59,1.0,10.0,25.09,0.0,23.21,28.49
12,ORCL.K,오라클,5,60,14,34,59,1.0,10.0,25.09,0.0,17.91,26.66
12,CAT,캐터필러,5,60,14,34,59,1.0,10.0,25.09,62.46,17.08,28.59
12,SBUX.O,스타벅스,5,60,14,34,59,1.0,10.0,25.09,0.0,17.5,26.5
12,TXN.O,텍사스 인스트루먼트,5,60,14,34,59,1.0,10.0,25.09,0.0,20.34,26.67
12,ADI.O,애널로그 디바이시스,5,60,14,34,59,1.0,10.0,25.09,0.0,20.93,28.75
12,AXP,아메리칸 익스프레스,5,60,14,34,59,1.0,10.0,25.09,35.14,17.67,28.58
12,RTX,RTX,5,60,14,34,59,1.0,10.0,25.09,0.0,22.93,29.05
12,BLK,블랙록,5,60,14,34,59,1.0,10.0,25.09,0.0,16.94,27.44
12,ETN,이튼,5,60,14,34,59,1.0,10.0,25.09,75.74,22.18,27.8
12,ABBV.K,애브비,5,60,14,34,59,1.0,10.0,25.09,0.0,18.6,26.34
12,MAR.O,메리어트 인터내셔널,5,60,14,34,59,1.0,10.0,25.09,84.03,21.76,30.72
12,EQIX.O,이퀴닉스,5,60,14,34,59,1.0,10.0,25.09,0.0,23.25,29.15
12,ROK,로크웰 오토메이션,5,60,14,34,59,1.0,10.0,25.09,0.0,17.93,29.84
12,GWW,W W 그레인저,5,60,14,34,59,1.0,10.0,25.09,242.54,20.97,26.61
12,GPN,글로벌 페이먼츠,5,60,14,34,59,1.0,10.0,25.09,0.0,17.6,30.12
12,CHTR.O,차터 커뮤니케이션,5,60,14,34,59,1.0,10.0,25.09,0.0,20.77,29.36
12,IQV,아이큐비아 홀딩스,5,60,14,34,59,1.0,10.0,25.09,0.0,20.58,27.76
12,DE,디어 앤 코,5,60,14,34,59,1.0,10.0,25.09,0.0,18.41,27.74
12,HLT,힐튼 월드와이드 홀딩스,5,60,14,34,59,1.0,10.0,25.09,38.79,20.85,28.61
12,HUM,휴마나,5,60,14,34,59,1.0,10.0,25.09,90.18,21.36,29.55
12,MAR.O,메리어트 인터내셔널,5,60,14,39,69,1.0,10.0,24.61,29.6,21.76,30.72
12,MLM,마틴 마리에타 머터리얼스,5,60,14,39,69,1.0,10.0,24.61,26.64,19.51,30.56
12,CI,시그나,5,60,14,39,69,1.0,10.0,24.61,0.0,23.21,28.49
12,IQV,아이큐비아 홀딩스,5,60,14,39,69,1.0,10.0,24.61,0.0,20.58,27.76
12,ROK,로크웰 오토메이션,5,60,14,39,69,1.0,10.0,24.61,0.0,17.93,29.84
12,GWW,W W 그레인저,5,60,14,39,69,1.0,10.0,24.61,18.56,20.97,26.61
12,GPN,글로벌 페이먼츠,5,60,14,39,69,1.0,10.0,24.61,-9.99,17.6,30.12
12,CHTR.O,차터 커뮤니케이션,5,60,14,39,69,1.0,10.0,24.61,-20.6,20.77,29.36
12,EQIX.O,이퀴닉스,5,60,14,39,69,1.0,10.0,24.61,19.42,23.25,29.15
12,DE,디어 앤 코,5,60,14,39,69,1.0,10.0,24.61,7.62,18.41,27.74
12,HLT,힐튼 월드와이드 홀딩스,5,60,14,39,69,1.0,10.0,24.61,39.33,20.85,28.61
12,HUM,휴마나,5,60,14,39,69,1.0,10.0,24.61,90.18,21.36,29.55
12,ORCL.K,오라클,5,60,14,39,69,1.0,10.0,24.61,0.0,17.91,26.66
12,PH,파커-하니핀,5,60,14,39,69,1.0,10.0,24.61,26.31,22.51,29.74
12,ETN,이튼,5,60,14,39,69,1.0,10.0,24.61,21.15,22.18,27.8
12,BLK,블랙록,5,60,14,39,69,1.0,10.0,24.61,30.24,16.94,27.44
12,RTX,RTX,5,60,14,39,69,1.0,10.0,24.61,43.62,22.93,29.05
12,AXP,아메리칸 익스프레스,5,60,14,39,69,1.0,10.0,24.61,33.03,17.67,28.58
12,ABBV.K,애브비,5,60,14,39,69,1.0,10.0,24.61,32.47,18.6,26.34
12,ADI.O,애널로그 디바이시스,5,60,14,39,69,1.0,10.0,24.61,0.0,20.93,28.75
12,TXN.O,텍사스 인스트루먼트,5,60,14,39,69,1.0,10.0,24.61,0.0,20.34,26.67
12,SBUX.O,스타벅스,5,60,14,39,69,1.0,10.0,24.61,0.0,17.5,26.5
12,CAT,캐터필러,5,60,14,39,69,1.0,10.0,24.61,46.57,17.08,28.59
12,VMC,벌칸 머티리얼스,5,60,14,39,69,1.0,10.0,24.61,33.33,18.92,31.74
12,CSX.O,CSX,5,60,14,39,69,1.0,10.0,24.61,90.27,17.68,27.36
12,NDSN.O,노드슨,5,60,14,39,69,1.0,10.0,24.61,0.0,21.09,29.17
12,EBAY.O,이베이,5,60,14,39,69,1.0,10.0,24.61,0.0,19.19,29.87
12,DLTR.O,달러 트리,5,60,14,39,69,1.0,10.0,24.61,0.0,17.76,30.5
12,HII,헌팅턴 잉걸스 인더스트리즈,5,60,14,39,69,1.0,10.0,24.61,21.75,19.43,26.65
12,ANSS.O,앤시스,5,60,14,39,69,1.0,10.0,24.61,12.68,19.6,28.49
12,SNA,스냅-온,5,60,14,39,69,1.0,10.0,24.61,40.98,17.8,25.84
12,PKG,패키징 코퍼레이션 오브 아메리카,5,60,14,39,69,1.0,10.0,24.61,38.8,20.55,27.26
12,VRSN.O,베리사인,5,60,14,39,69,1.0,10.0,24.61,0.0,18.17,26.03
12,XYL,자일럼,5,60,14,39,69,1.0,10.0,24.61,0.0,18.57,26.27
12,AVY,에이버리 데니슨,5,60,14,39,69,1.0,10.0,24.61,32.28,18.18,26.76
12,CRL,찰스 리버 래보라토리스 인터내셔널,5,60,14,39,69,1.0,10.0,24.61,22.9,19.53,31.22
12,DVA,다비타,5,60,14,39,69,1.0,10.0,24.61,22.65,16.49,29.02
12,HOLX.O,홀로직,5,60,14,39,69,1.0,10.0,24.61,107.25,17.31,27.49
12,WAB,웨스팅하우스 에어 브레이크 테크놀로지,5,60,14,39,69,1.0,10.0,24.61,21.42,21.19,30.02
12,DOV,도버,5,60,14,39,69,1.0,10.0,24.61,25.71,17.89,26.31
12,RMD,레스메드,5,60,14,39,69,1.0,10.0,24.61,45.42,19.27,30.06
12,MAS,매스코,5,60,14,39,69,1.0,10.0,24.61,49.02,20.79,31.93
12,KEYS.K,키사이트 테크놀로지스,5,60,14,39,69,1.0,10.0,24.61,38.9,23.38,30.07
12,IRM,아이언 마운틴,5,60,14,39,69,1.0,10.0,24.61,70.75,16.44,27.92
12,EFX,에퀴팩스,5,60,14,39,69,1.0,10.0,24.61,40.44,21.07,26.81
12,CPRT.O,코파트,5,60,14,39,69,1.0,10.0,24.61,-12.15,20.73,31.51
12,A,애질런트 테크놀로지스,5,60,14,39,69,1.0,10.0,24.61,27.0,18.86,28.45
12,RVTY.K,레비티,5,60,14,39,69,1.0,10.0,24.61,43.52,17.34,27.45
12,TEL,TE 커넥티비티,5,60,14,39,69,1.0,10.0,24.61,0.0,17.78,26.07
12,JPM,제이피모간체이스,5,60,14,39,69,1.0,10.0,24.61,23.58,16.83,27.46
12,HII,헌팅턴 잉걸스 인더스트리즈,5,120,14,44,79,1.0,10.0,23.13,12.71,19.43,26.65
12,NDSN.O,노드슨,5,120,14,44,79,1.0,10.0,23.13,64.55,21.09,29.17
12,JPM,제이피모간체이스,5,120,14,44,79,1.0,10.0,23.13,24.23,16.83,27.46
12,VMC,벌칸 머티리얼스,5,120,14,44,79,1.0,10.0,23.13,22.85,18.92,31.74
12,DLTR.O,달러 트리,5,120,14,44,79,1.0,10.0,23.13,2.33,17.76,30.5
12,TEL,TE 커넥티비티,5,120,14,44,79,1.0,10.0,23.13,25.0,17.78,26.07
12,RVTY.K,레비티,5,120,14,44,79,1.0,10.0,23.13,19.96,17.34,27.45
12,A,애질런트 테크놀로지스,5,120,14,44,79,1.0,10.0,23.13,10.6,18.86,28.45
12,CPRT.O,코파트,5,120,14,44,79,1.0,10.0,23.13,-21.02,20.73,31.51
12,EFX,에퀴팩스,5,120,14,44,79,1.0,10.0,23.13,27.27,21.07,26.81
12,IRM,아이언 마운틴,5,120,14,44,79,1.0,10.0,23.13,12.58,16.44,27.92
12,KEYS.K,키사이트 테크놀로지스,5,120,14,44,79,1.0,10.0,23.13,43.76,23.38,30.07
12,MAS,매스코,5,120,14,44,79,1.0,10.0,23.13,18.51,20.79,31.93
12,RMD,레스메드,5,120,14,44,79,1.0,10.0,23.13,28.61,19.27,30.06
12,DOV,도버,5,120,14,44,79,1.0,10.0,23.13,16.95,17.89,26.31
12,WAB,웨스팅하우스 에어 브레이크 테크놀로지,5,120,14,44,79,1.0,10.0,23.13,10.37,21.19,30.02
12,HOLX.O,홀로직,5,120,14,44,79,1.0,10.0,23.13,11.61,17.31,27.49
12,DVA,다비타,5,120,14,44,79,1.0,10.0,23.13,15.61,16.49,29.02
12,CRL,찰스 리버 래보라토리스 인터내셔널,5,120,14,44,79,1.0,10.0,23.13,16.31,19.53,31.22
12,AVY,에이버리 데니슨,5,120,14,44,79,1.0,10.0,23.13,24.09,18.18,26.76
12,XYL,자일럼,5,120,14,44,79,1.0,10.0,23.13,24.76,18.57,26.27
12,VRSN.O,베리사인,5,120,14,44,79,1.0,10.0,23.13,-0.03,18.17,26.03
12,PKG,패키징 코퍼레이션 오브 아메리카,5,120,14,44,79,1.0,10.0,23.13,19.87,20.55,27.26
12,SNA,스냅-온,5,120,14,44,79,1.0,10.0,23.13,14.28,17.8,25.84
12,ANSS.O,앤시스,5,120,14,44,79,1.0,10.0,23.13,16.91,19.6,28.49
12,EBAY.O,이베이,5,120,14,44,79,1.0,10.0,23.13,9.73,19.19,29.87
12,CSX.O,CSX,5,120,14,44,79,1.0,10.0,23.13,21.19,17.68,27.36
12,MAR.O,메리어트 인터내셔널,5,120,14,44,79,1.0,10.0,23.13,27.15,21.76,30.72
12,MLM,마틴 마리에타 머터리얼스,5,120,14,44,79,1.0,10.0,23.13,16.97,19.51,30.56
12,SBUX.O,스타벅스,5,120,14,44,79,1.0,10.0,23.13,-5.45,17.5,26.5
12,TXN.O,텍사스 인스트루먼트,5,120,14,44,79,1.0,10.0,23.13,21.72,20.34,26.67
12,ADI.O,애널로그 디바이시스,5,120,14,44,79,1.0,10.0,23.13,15.72,20.93,28.75
12,ABBV.K,애브비,5,120,14,44,79,1.0,10.0,23.13,18.7,18.6,26.34
12,AXP,아메리칸 익스프레스,5,120,14,44,79,1.0,10.0,23.13,16.99,17.67,28.58
12,RTX,RTX,5,120,14,44,79,1.0,10.0,23.13,0.0,22.93,29.05
12,BLK,블랙록,5,120,14,44,79,1.0,10.0,23.13,13.83,16.94,27.44
12,ETN,이튼,5,120,14,44,79,1.0,10.0,23.13,12.41,22.18,27.8
12,PH,파커-하니핀,5,120,14,44,79,1.0,10.0,23.13,16.51,22.51,29.74
12,HUM,휴마나,5,120,14,44,79,1.0,10.0,23.13,265.95,21.36,29.55
12,ORCL.K,오라클,5,120,14,44,79,1.0,10.0,23.13,47.03,17.91,26.66
12,HLT,힐튼 월드와이드 홀딩스,5,120,14,44,79,1.0,10.0,23.13,37.85,20.85,28.61
12,DE,디어 앤 코,5,120,14,44,79,1.0,10.0,23.13,45.7,18.41,27.74
12,EQIX.O,이퀴닉스,5,120,14,44,79,1.0,10.0,23.13,13.0,23.25,29.15
12,CHTR.O,차터 커뮤니케이션,5,120,14,44,79,1.0,10.0,23.13,-13.81,20.77,29.36
12,GPN,글로벌 페이먼츠,5,120,14,44,79,1.0,10.0,23.13,-14.62,17.6,30.12
12,GWW,W W 그레인저,5,120,14,44,79,1.0,10.0,23.13,19.15,20.97,26.61
12,ROK,로크웰 오토메이션,5,120,14,44,79,1.0,10.0,23.13,25.27,17.93,29.84
12,IQV,아이큐비아 홀딩스,5,120,14,44,79,1.0,10.0,23.13,10.23,20.58,27.76
12,CI,시그나,5,120,14,44,79,1.0,10.0,23.13,16.65,23.21,28.49
12,CAT,캐터필러,5,120,14,44,79,1.0,10.0,23.13,55.95,17.08,28.59
12,NDSN.O,노드슨,5,60,14,44,74,1.0,10.0,22.42,52.5,21.09,29.17
12,VRSN.O,베리사인,5,60,14,44,74,1.0,10.0,22.42,17.29,18.17,26.03
12,PKG,패키징 코퍼레이션 오브 아메리카,5,60,14,44,74,1.0,10.0,22.42,25.56,20.55,27.26
12,CI,시그나,5,60,14,44,74,1.0,10.0,22.42,22.0,23.21,28.49
12,SNA,스냅-온,5,60,14,44,74,1.0,10.0,22.42,25.49,17.8,25.84
12,ROK,로크웰 오토메이션,5,60,14,44,74,1.0,10.0,22.42,27.69,17.93,29.84
12,GWW,W W 그레인저,5,60,14,44,74,1.0,10.0,22.42,27.98,20.97,26.61
12,GPN,글로벌 페이먼츠,5,60,14,44,74,1.0,10.0,22.42,-0.57,17.6,30.12
12,CHTR.O,차터 커뮤니케이션,5,60,14,44,74,1.0,10.0,22.42,1.96,20.77,29.36
12,EQIX.O,이퀴닉스,5,60,14,44,74,1.0,10.0,22.42,32.47,23.25,29.15
12,DE,디어 앤 코,5,60,14,44,74,1.0,10.0,22.42,9.43,18.41,27.74
12,HLT,힐튼 월드와이드 홀딩스,5,60,14,44,74,1.0,10.0,22.42,26.16,20.85,28.61
12,HUM,휴마나,5,60,14,44,74,1.0,10.0,22.42,90.18,21.36,29.55
12,MAR.O,메리어트 인터내셔널,5,60,14,44,74,1.0,10.0,22.42,27.89,21.76,30.72
12,PH,파커-하니핀,5,60,14,44,74,1.0,10.0,22.42,36.01,22.51,29.74
12,ETN,이튼,5,60,14,44,74,1.0,10.0,22.42,12.24,22.18,27.8
12,BLK,블랙록,5,60,14,44,74,1.0,10.0,22.42,27.53,16.94,27.44
12,RTX,RTX,5,60,14,44,74,1.0,10.0,22.42,43.62,22.93,29.05
12,AXP,아메리칸 익스프레스,5,60,14,44,74,1.0,10.0,22.42,29.43,17.67,28.58
12,ABBV.K,애브비,5,60,14,44,74,1.0,10.0,22.42,34.75,18.6,26.34
12,ADI.O,애널로그 디바이시스,5,60,14,44,74,1.0,10.0,22.42,17.8,20.93,28.75
12,TXN.O,텍사스 인스트루먼트,5,60,14,44,74,1.0,10.0,22.42,21.72,20.34,26.67
12,SBUX.O,스타벅스,5,60,14,44,74,1.0,10.0,22.42,-0.1,17.5,26.5
12,CAT,캐터필러,5,60,14,44,74,1.0,10.0,22.42,7.58,17.08,28.59
12,ORCL.K,오라클,5,60,14,44,74,1.0,10.0,22.42,21.04,17.91,26.66
12,ANSS.O,앤시스,5,60,14,44,74,1.0,10.0,22.42,12.68,19.6,28.49
12,IQV,아이큐비아 홀딩스,5,60,14,44,74,1.0,10.0,22.42,42.42,20.58,27.76
12,JPM,제이피모간체이스,5,60,14,44,74,1.0,10.0,22.42,19.38,16.83,27.46
12,MLM,마틴 마리에타 머터리얼스,5,60,14,44,74,1.0,10.0,22.42,18.54,19.51,30.56
12,KEYS.K,키사이트 테크놀로지스,5,60,14,44,74,1.0,10.0,22.42,30.87,23.38,30.07
12,XYL,자일럼,5,60,14,44,74,1.0,10.0,22.42,38.66,18.57,26.27
12,AVY,에이버리 데니슨,5,60,14,44,74,1.0,10.0,22.42,25.39,18.18,26.76
12,CRL,찰스 리버 래보라토리스 인터내셔널,5,60,14,44,74,1.0,10.0,22.42,11.24,19.53,31.22
12,DVA,다비타,5,60,14,44,74,1.0,10.0,22.42,18.75,16.49,29.02
12,HOLX.O,홀로직,5,60,14,44,74,1.0,10.0,22.42,16.8,17.31,27.49
12,WAB,웨스팅하우스 에어 브레이크 테크놀로지,5,60,14,44,74,1.0,10.0,22.42,10.94,21.19,30.02
12,DOV,도버,5,60,14,44,74,1.0,10.0,22.42,24.63,17.89,26.31
12,RMD,레스메드,5,60,14,44,74,1.0,10.0,22.42,41.47,19.27,30.06
12,MAS,매스코,5,60,14,44,74,1.0,10.0,22.42,26.11,20.79,31.93
12,IRM,아이언 마운틴,5,60,14,44,74,1.0,10.0,22.42,12.13,16.44,27.92
12,CSX.O,CSX,5,60,14,44,74,1.0,10.0,22.42,26.07,17.68,27.36
12,EFX,에퀴팩스,5,60,14,44,74,1.0,10.0,22.42,17.7,21.07,26.81
12,CPRT.O,코파트,5,60,14,44,74,1.0,10.0,22.42,-12.15,20.73,31.51
12,A,애질런트 테크놀로지스,5,60,14,44,74,1.0,10.0,22.42,16.69,18.86,28.45
12,RVTY.K,레비티,5,60,14,44,74,1.0,10.0,22.42,12.97,17.34,27.45
12,TEL,TE 커넥티비티,5,60,14,44,74,1.0,10.0,22.42,28.16,17.78,26.07
12,DLTR.O,달러 트리,5,60,14,44,74,1.0,10.0,22.42,7.48,17.76,30.5
12,EBAY.O,이베이,5,60,14,44,74,1.0,10.0,22.42,11.32,19.19,29.87
12,VMC,벌칸 머티리얼스,5,60,14,44,74,1.0,10.0,22.42,21.42,18.92,31.74
12,HII,헌팅턴 잉걸스 인더스트리즈,5,60,14,44,74,1.0,10.0,22.42,3.43,19.43,26.65
12,SBUX.O,스타벅스,5,60,14,49,69,1.0,10.0,21.01,15.81,17.5,26.5
12,CAT,캐터필러,5,60,14,49,69,1.0,10.0,21.01,15.38,17.08,28.59
12,TXN.O,텍사스 인스트루먼트,5,60,14,49,69,1.0,10.0,21.01,21.0,20.34,26.67
12,EBAY.O,이베이,5,60,14,49,69,1.0,10.0,21.01,19.27,19.19,29.87
12,MLM,마틴 마리에타 머터리얼스,5,60,14,49,69,1.0,10.0,21.01,34.81,19.51,30.56
12,CI,시그나,5,60,14,49,69,1.0,10.0,21.01,36.95,23.21,28.49
12,IQV,아이큐비아 홀딩스,5,60,14,49,69,1.0,10.0,21.01,32.32,20.58,27.76
12,ROK,로크웰 오토메이션,5,60,14,49,69,1.0,10.0,21.01,24.14,17.93,29.84
12,GWW,W W 그레인저,5,60,14,49,69,1.0,10.0,21.01,20.62,20.97,26.61
12,GPN,글로벌 페이먼츠,5,60,14,49,69,1.0,10.0,21.01,-1.71,17.6,30.12
12,CHTR.O,차터 커뮤니케이션,5,60,14,49,69,1.0,10.0,21.01,0.97,20.77,29.36
12,EQIX.O,이퀴닉스,5,60,14,49,69,1.0,10.0,21.01,37.36,23.25,29.15
12,DE,디어 앤 코,5,60,14,49,69,1.0,10.0,21.01,12.32,18.41,27.74
12,HLT,힐튼 월드와이드 홀딩스,5,60,14,49,69,1.0,10.0,21.01,23.76,20.85,28.61
12,HUM,휴마나,5,60,14,49,69,1.0,10.0,21.01,18.15,21.36,29.55
12,MAR.O,메리어트 인터내셔널,5,60,14,49,69,1.0,10.0,21.01,30.26,21.76,30.72
12,PH,파커-하니핀,5,60,14,49,69,1.0,10.0,21.01,31.92,22.51,29.74
12,ETN,이튼,5,60,14,49,69,1.0,10.0,21.01,17.69,22.18,27.8
12,BLK,블랙록,5,60,14,49,69,1.0,10.0,21.01,23.76,16.94,27.44
12,RTX,RTX,5,60,14,49,69,1.0,10.0,21.01,8.28,22.93,29.05
12,AXP,아메리칸 익스프레스,5,60,14,49,69,1.0,10.0,21.01,34.17,17.67,28.58
12,ABBV.K,애브비,5,60,14,49,69,1.0,10.0,21.01,24.88,18.6,26.34
12,ADI.O,애널로그 디바이시스,5,60,14,49,69,1.0,10.0,21.01,31.71,20.93,28.75
12,VMC,벌칸 머티리얼스,5,60,14,49,69,1.0,10.0,21.01,33.94,18.92,31.74
12,DLTR.O,달러 트리,5,60,14,49,69,1.0,10.0,21.01,23.72,17.76,30.5
12,HII,헌팅턴 잉걸스 인더스트리즈,5,60,14,49,69,1.0,10.0,21.01,6.79,19.43,26.65
12,TEL,TE 커넥티비티,5,60,14,49,69,1.0,10.0,21.01,21.81,17.78,26.07
12,ANSS.O,앤시스,5,60,14,49,69,1.0,10.0,21.01,13.27,19.6,28.49
12,SNA,스냅-온,5,60,14,49,69,1.0,10.0,21.01,18.73,17.8,25.84
12,PKG,패키징 코퍼레이션 오브 아메리카,5,60,14,49,69,1.0,10.0,21.01,24.33,20.55,27.26
12,VRSN.O,베리사인,5,60,14,49,69,1.0,10.0,21.01,8.13,18.17,26.03
12,XYL,자일럼,5,60,14,49,69,1.0,10.0,21.01,48.26,18.57,26.27
12,AVY,에이버리 데니슨,5,60,14,49,69,1.0,10.0,21.01,23.72,18.18,26.76
12,CRL,찰스 리버 래보라토리스 인터내셔널,5,60,14,49,69,1.0,10.0,21.01,15.34,19.53,31.22
12,DVA,다비타,5,60,14,49,69,1.0,10.0,21.01,13.59,16.49,29.02
12,HOLX.O,홀로직,5,60,14,49,69,1.0,10.0,21.01,23.65,17.31,27.49
12,WAB,웨스팅하우스 에어 브레이크 테크놀로지,5,60,14,49,69,1.0,10.0,21.01,18.03,21.19,30.02
12,DOV,도버,5,60,14,49,69,1.0,10.0,21.01,21.04,17.89,26.31
12,RMD,레스메드,5,60,14,49,69,1.0,10.0,21.01,13.89,19.27,30.06
12,MAS,매스코,5,60,14,49,69,1.0,10.0,21.01,34.7,20.79,31.93
12,KEYS.K,키사이트 테크놀로지스,5,60,14,49,69,1.0,10.0,21.01,14.73,23.38,30.07
12,IRM,아이언 마운틴,5,60,14,49,69,1.0,10.0,21.01,11.9,16.44,27.92
12,EFX,에퀴팩스,5,60,14,49,69,1.0,10.0,21.01,23.11,21.07,26.81
12,CPRT.O,코파트,5,60,14,49,69,1.0,10.0,21.01,-4.01,20.73,31.51
12,A,애질런트 테크놀로지스,5,60,14,49,69,1.0,10.0,21.01,17.24,18.86,28.45
12,RVTY.K,레비티,5,60,14,49,69,1.0,10.0,21.01,18.52,17.34,27.45
12,CSX.O,CSX,5,60,14,49,69,1.0,10.0,21.01,16.67,17.68,27.36
12,ORCL.K,오라클,5,60,14,49,69,1.0,10.0,21.01,24.87,17.91,26.66
12,NDSN.O,노드슨,5,60,14,49,69,1.0,10.0,21.01,26.51,21.09,29.17
12,JPM,제이피모간체이스,5,60,14,49,69,1.0,10.0,21.01,24.18,16.83,27.46
12,HII,헌팅턴 잉걸스 인더스트리즈,5,60,14,39,74,1.0,10.0,20.51,14.61,19.43,26.65
12,KEYS.K,키사이트 테크놀로지스,5,60,14,39,74,1.0,10.0,20.51,37.98,23.38,30.07
12,CSX.O,CSX,5,60,14,39,74,1.0,10.0,20.51,90.27,17.68,27.36
12,NDSN.O,노드슨,5,60,14,39,74,1.0,10.0,20.51,0.0,21.09,29.17
12,EBAY.O,이베이,5,60,14,39,74,1.0,10.0,20.51,0.0,19.19,29.87
12,DLTR.O,달러 트리,5,60,14,39,74,1.0,10.0,20.51,0.0,17.76,30.5
12,TEL,TE 커넥티비티,5,60,14,39,74,1.0,10.0,20.51,0.0,17.78,26.07
12,RVTY.K,레비티,5,60,14,39,74,1.0,10.0,20.51,47.5,17.34,27.45
12,A,애질런트 테크놀로지스,5,60,14,39,74,1.0,10.0,20.51,27.0,18.86,28.45
12,CPRT.O,코파트,5,60,14,39,74,1.0,10.0,20.51,-12.15,20.73,31.51
12,EFX,에퀴팩스,5,60,14,39,74,1.0,10.0,20.51,17.96,21.07,26.81
12,IRM,아이언 마운틴,5,60,14,39,74,1.0,10.0,20.51,35.63,16.44,27.92
12,MAS,매스코,5,60,14,39,74,1.0,10.0,20.51,26.11,20.79,31.93
12,CI,시그나,5,60,14,39,74,1.0,10.0,20.51,0.0,23.21,28.49
12,RMD,레스메드,5,60,14,39,74,1.0,10.0,20.51,41.47,19.27,30.06
12,DOV,도버,5,60,14,39,74,1.0,10.0,20.51,27.11,17.89,26.31
12,WAB,웨스팅하우스 에어 브레이크 테크놀로지,5,60,14,39,74,1.0,10.0,20.51,10.94,21.19,30.02
12,HOLX.O,홀로직,5,60,14,39,74,1.0,10.0,20.51,12.59,17.31,27.49
12,DVA,다비타,5,60,14,39,74,1.0,10.0,20.51,22.15,16.49,29.02
12,CRL,찰스 리버 래보라토리스 인터내셔널,5,60,14,39,74,1.0,10.0,20.51,24.96,19.53,31.22
12,AVY,에이버리 데니슨,5,60,14,39,74,1.0,10.0,20.51,25.39,18.18,26.76
12,XYL,자일럼,5,60,14,39,74,1.0,10.0,20.51,0.0,18.57,26.27
12,VRSN.O,베리사인,5,60,14,39,74,1.0,10.0,20.51,0.0,18.17,26.03
12,MLM,마틴 마리에타 머터리얼스,5,60,14,39,74,1.0,10.0,20.51,18.54,19.51,30.56
12,IQV,아이큐비아 홀딩스,5,60,14,39,74,1.0,10.0,20.51,0.0,20.58,27.76
12,SNA,스냅-온,5,60,14,39,74,1.0,10.0,20.51,48.02,17.8,25.84
12,BLK,블랙록,5,60,14,39,74,1.0,10.0,20.51,32.52,16.94,27.44
12,JPM,제이피모간체이스,5,60,14,39,74,1.0,10.0,20.51,24.3,16.83,27.46
12,ORCL.K,오라클,5,60,14,39,74,1.0,10.0,20.51,0.0,17.91,26.66
12,CAT,캐터필러,5,60,14,39,74,1.0,10.0,20.51,53.72,17.08,28.59
12,SBUX.O,스타벅스,5,60,14,39,74,1.0,10.0,20.51,0.0,17.5,26.5
12,TXN.O,텍사스 인스트루먼트,5,60,14,39,74,1.0,10.0,20.51,0.0,20.34,26.67
12,ADI.O,애널로그 디바이시스,5,60,14,39,74,1.0,10.0,20.51,0.0,20.93,28.75
12,ABBV.K,애브비,5,60,14,39,74,1.0,10.0,20.51,34.75,18.6,26.34
12,AXP,아메리칸 익스프레스,5,60,14,39,74,1.0,10.0,20.51,31.99,17.67,28.58
12,RTX,RTX,5,60,14,39,74,1.0,10.0,20.51,43.62,22.93,29.05
12,ETN,이튼,5,60,14,39,74,1.0,10.0,20.51,12.24,22.18,27.8
12,ROK,로크웰 오토메이션,5,60,14,39,74,1.0,10.0,20.51,0.0,17.93,29.84
12,PH,파커-하니핀,5,60,14,39,74,1.0,10.0,20.51,29.66,22.51,29.74
12,MAR.O,메리어트 인터내셔널,5,60,14,39,74,1.0,10.0,20.51,28.57,21.76,30.72
12,HUM,휴마나,5,60,14,39,74,1.0,10.0,20.51,90.18,21.36,29.55
12,HLT,힐튼 월드와이드 홀딩스,5,60,14,39,74,1.0,10.0,20.51,38.39,20.85,28.61
12,DE,디어 앤 코,5,60,14,39,74,1.0,10.0,20.51,9.43,18.41,27.74
12,EQIX.O,이퀴닉스,5,60,14,39,74,1.0,10.0,20.51,19.42,23.25,29.15
12,CHTR.O,차터 커뮤니케이션,5,60,14,39,74,1.0,10.0,20.51,-20.6,20.77,29.36
12,GPN,글로벌 페이먼츠,5,60,14,39,74,1.0,10.0,20.51,-9.99,17.6,30.12
12,GWW,W W 그레인저,5,60,14,39,74,1.0,10.0,20.51,22.58,20.97,26.61
12,PKG,패키징 코퍼레이션 오브 아메리카,5,60,14,39,74,1.0,10.0,20.51,25.56,20.55,27.26
12,VMC,벌칸 머티리얼스,5,60,14,39,74,1.0,10.0,20.51,30.53,18.92,31.74
12,ANSS.O,앤시스,5,60,14,39,74,1.0,10.0,20.51,12.68,19.6,28.49
12,NDSN.O,노드슨,5,60,14,49,64,1.0,10.0,20.43,27.49,21.09,29.17
12,HUM,휴마나,5,60,14,49,64,1.0,10.0,20.43,17.38,21.36,29.55
12,MLM,마틴 마리에타 머터리얼스,5,60,14,49,64,1.0,10.0,20.43,47.47,19.51,30.56
12,CI,시그나,5,60,14,49,64,1.0,10.0,20.43,38.39,23.21,28.49
12,IQV,아이큐비아 홀딩스,5,60,14,49,64,1.0,10.0,20.43,19.96,20.58,27.76
12,ROK,로크웰 오토메이션,5,60,14,49,64,1.0,10.0,20.43,22.36,17.93,29.84
12,GWW,W W 그레인저,5,60,14,49,64,1.0,10.0,20.43,16.41,20.97,26.61
12,GPN,글로벌 페이먼츠,5,60,14,49,64,1.0,10.0,20.43,-1.71,17.6,30.12
12,CHTR.O,차터 커뮤니케이션,5,60,14,49,64,1.0,10.0,20.43,-4.2,20.77,29.36
12,EQIX.O,이퀴닉스,5,60,14,49,64,1.0,10.0,20.43,31.03,23.25,29.15
12,DE,디어 앤 코,5,60,14,49,64,1.0,10.0,20.43,10.53,18.41,27.74
12,HLT,힐튼 월드와이드 홀딩스,5,60,14,49,64,1.0,10.0,20.43,32.96,20.85,28.61
12,MAR.O,메리어트 인터내셔널,5,60,14,49,64,1.0,10.0,20.43,28.39,21.76,30.72
12,VMC,벌칸 머티리얼스,5,60,14,49,64,1.0,10.0,20.43,39.59,18.92,31.74
12,PH,파커-하니핀,5,60,14,49,64,1.0,10.0,20.43,29.78,22.51,29.74
12,ETN,이튼,5,60,14,49,64,1.0,10.0,20.43,18.68,22.18,27.8
12,BLK,블랙록,5,60,14,49,64,1.0,10.0,20.43,21.58,16.94,27.44
12,RTX,RTX,5,60,14,49,64,1.0,10.0,20.43,8.28,22.93,29.05
12,AXP,아메리칸 익스프레스,5,60,14,49,64,1.0,10.0,20.43,30.04,17.67,28.58
12,ABBV.K,애브비,5,60,14,49,64,1.0,10.0,20.43,17.19,18.6,26.34
12,ADI.O,애널로그 디바이시스,5,60,14,49,64,1.0,10.0,20.43,29.05,20.93,28.75
12,TXN.O,텍사스 인스트루먼트,5,60,14,49,64,1.0,10.0,20.43,16.92,20.34,26.67
12,SBUX.O,스타벅스,5,60,14,49,64,1.0,10.0,20.43,11.93,17.5,26.5
12,ORCL.K,오라클,5,60,14,49,64,1.0,10.0,20.43,23.67,17.91,26.66
12,CSX.O,CSX,5,60,14,49,64,1.0,10.0,20.43,10.64,17.68,27.36
12,CAT,캐터필러,5,60,14,49,64,1.0,10.0,20.43,16.63,17.08,28.59
12,EBAY.O,이베이,5,60,14,49,64,1.0,10.0,20.43,17.93,19.19,29.87
12,HOLX.O,홀로직,5,60,14,49,64,1.0,10.0,20.43,30.63,17.31,27.49
12,DLTR.O,달러 트리,5,60,14,49,64,1.0,10.0,20.43,29.88,17.76,30.5
12,HII,헌팅턴 잉걸스 인더스트리즈,5,60,14,49,64,1.0,10.0,20.43,12.96,19.43,26.65
12,ANSS.O,앤시스,5,60,14,49,64,1.0,10.0,20.43,17.04,19.6,28.49
12,SNA,스냅-온,5,60,14,49,64,1.0,10.0,20.43,15.63,17.8,25.84
12,PKG,패키징 코퍼레이션 오브 아메리카,5,60,14,49,64,1.0,10.0,20.43,21.31,20.55,27.26
12,VRSN.O,베리사인,5,60,14,49,64,1.0,10.0,20.43,4.36,18.17,26.03
12,XYL,자일럼,5,60,14,49,64,1.0,10.0,20.43,49.04,18.57,26.27
12,AVY,에이버리 데니슨,5,60,14,49,64,1.0,10.0,20.43,25.17,18.18,26.76
12,CRL,찰스 리버 래보라토리스 인터내셔널,5,60,14,49,64,1.0,10.0,20.43,10.41,19.53,31.22
12,DVA,다비타,5,60,14,49,64,1.0,10.0,20.43,7.87,16.49,29.02
12,JPM,제이피모간체이스,5,60,14,49,64,1.0,10.0,20.43,36.71,16.83,27.46
12,WAB,웨스팅하우스 에어 브레이크 테크놀로지,5,60,14,49,64,1.0,10.0,20.43,14.2,21.19,30.02
12,EFX,에퀴팩스,5,60,14,49,64,1.0,10.0,20.43,18.8,21.07,26.81
12,TEL,TE 커넥티비티,5,60,14,49,64,1.0,10.0,20.43,18.57,17.78,26.07
12,DOV,도버,5,60,14,49,64,1.0,10.0,20.43,16.96,17.89,26.31
12,A,애질런트 테크놀로지스,5,60,14,49,64,1.0,10.0,20.43,14.46,18.86,28.45
12,CPRT.O,코파트,5,60,14,49,64,1.0,10.0,20.43,-5.59,20.73,31.51
12,RVTY.K,레비티,5,60,14,49,64,1.0,10.0,20.43,14.42,17.34,27.45
12,IRM,아이언 마운틴,5,60,14,49,64,1.0,10.0,20.43,12.98,16.44,27.92
12,KEYS.K,키사이트 테크놀로지스,5,60,14,49,64,1.0,10.0,20.43,12.96,23.38,30.07
12,MAS,매스코,5,60,14,49,64,1.0,10.0,20.43,53.46,20.79,31.93
12,RMD,레스메드,5,60,14,49,64,1.0,10.0,20.43,10.99,19.27,30.06
12,GWW,W W 그레인저,5,60,14,44,79,1.0,10.0,19.79,17.03,20.97,26.61
12,ETN,이튼,5,60,14,44,79,1.0,10.0,19.79,13.63,22.18,27.8
12,GPN,글로벌 페이먼츠,5,60,14,44,79,1.0,10.0,19.79,1.83,17.6,30.12
12,CHTR.O,차터 커뮤니케이션,5,60,14,44,79,1.0,10.0,19.79,0.75,20.77,29.36
12,EQIX.O,이퀴닉스,5,60,14,44,79,1.0,10.0,19.79,36.03,23.25,29.15
12,DE,디어 앤 코,5,60,14,44,79,1.0,10.0,19.79,13.05,18.41,27.74
12,HLT,힐튼 월드와이드 홀딩스,5,60,14,44,79,1.0,10.0,19.79,26.8,20.85,28.61
12,HUM,휴마나,5,60,14,44,79,1.0,10.0,19.79,90.18,21.36,29.55
12,MAR.O,메리어트 인터내셔널,5,60,14,44,79,1.0,10.0,19.79,28.37,21.76,30.72
12,PH,파커-하니핀,5,60,14,44,79,1.0,10.0,19.79,17.74,22.51,29.74
12,ABBV.K,애브비,5,60,14,44,79,1.0,10.0,19.79,19.89,18.6,26.34
12,BLK,블랙록,5,60,14,44,79,1.0,10.0,19.79,23.84,16.94,27.44
12,RTX,RTX,5,60,14,44,79,1.0,10.0,19.79,43.62,22.93,29.05
12,AXP,아메리칸 익스프레스,5,60,14,44,79,1.0,10.0,19.79,13.72,17.67,28.58
12,IQV,아이큐비아 홀딩스,5,60,14,44,79,1.0,10.0,19.79,41.15,20.58,27.76
12,ADI.O,애널로그 디바이시스,5,60,14,44,79,1.0,10.0,19.79,16.23,20.93,28.75
12,TXN.O,텍사스 인스트루먼트,5,60,14,44,79,1.0,10.0,19.79,23.85,20.34,26.67
12,SBUX.O,스타벅스,5,60,14,44,79,1.0,10.0,19.79,-0.1,17.5,26.5
12,CAT,캐터필러,5,60,14,44,79,1.0,10.0,19.79,9.91,17.08,28.59
12,ORCL.K,오라클,5,60,14,44,79,1.0,10.0,19.79,22.46,17.91,26.66
12,JPM,제이피모간체이스,5,60,14,44,79,1.0,10.0,19.79,20.31,16.83,27.46
12,ANSS.O,앤시스,5,60,14,44,79,1.0,10.0,19.79,12.68,19.6,28.49
12,ROK,로크웰 오토메이션,5,60,14,44,79,1.0,10.0,19.79,14.9,17.93,29.84
12,DLTR.O,달러 트리,5,60,14,44,79,1.0,10.0,19.79,7.48,17.76,30.5
12,CI,시그나,5,60,14,44,79,1.0,10.0,19.79,15.86,23.21,28.49
12,MLM,마틴 마리에타 머터리얼스,5,60,14,44,79,1.0,10.0,19.79,17.68,19.51,30.56
12,SNA,스냅-온,5,60,14,44,79,1.0,10.0,19.79,15.83,17.8,25.84
12,PKG,패키징 코퍼레이션 오브 아메리카,5,60,14,44,79,1.0,10.0,19.79,26.68,20.55,27.26
12,VRSN.O,베리사인,5,60,14,44,79,1.0,10.0,19.79,18.51,18.17,26.03
12,XYL,자일럼,5,60,14,44,79,1.0,10.0,19.79,24.45,18.57,26.27
12,AVY,에이버리 데니슨,5,60,14,44,79,1.0,10.0,19.79,24.23,18.18,26.76
12,CRL,찰스 리버 래보라토리스 인터내셔널,5,60,14,44,79,1.0,10.0,19.79,12.46,19.53,31.22
12,DVA,다비타,5,60,14,44,79,1.0,10.0,19.79,15.58,16.49,29.02
12,HOLX.O,홀로직,5,60,14,44,79,1.0,10.0,19.79,17.73,17.31,27.49
12,WAB,웨스팅하우스 에어 브레이크 테크놀로지,5,60,14,44,79,1.0,10.0,19.79,11.49,21.19,30.02
12,DOV,도버,5,60,14,44,79,1.0,10.0,19.79,13.59,17.89,26.31
12,RMD,레스메드,5,60,14,44,79,1.0,10.0,19.79,33.36,19.27,30.06
12,MAS,매스코,5,60,14,44,79,1.0,10.0,19.79,19.01,20.79,31.93
12,KEYS.K,키사이트 테크놀로지스,5,60,14,44,79,1.0,10.0,19.79,35.23,23.38,30.07
12,EFX,에퀴팩스,5,60,14,44,79,1.0,10.0,19.79,18.56,21.07,26.81
12,CPRT.O,코파트,5,60,14,44,79,1.0,10.0,19.79,-12.15,20.73,31.51
12,A,애질런트 테크놀로지스,5,60,14,44,79,1.0,10.0,19.79,17.74,18.86,28.45
12,RVTY.K,레비티,5,60,14,44,79,1.0,10.0,19.79,15.59,17.34,27.45
12,TEL,TE 커넥티비티,5,60,14,44,79,1.0,10.0,19.79,17.44,17.78,26.07
12,EBAY.O,이베이,5,60,14,44,79,1.0,10.0,19.79,11.32,19.19,29.87
12,VMC,벌칸 머티리얼스,5,60,14,44,79,1.0,10.0,19.79,21.55,18.92,31.74
12,CSX.O,CSX,5,60,14,44,79,1.0,10.0,19.79,16.7,17.68,27.36
12,IRM,아이언 마운틴,5,60,14,44,79,1.0,10.0,19.79,12.78,16.44,27.92
12,HII,헌팅턴 잉걸스 인더스트리즈,5,60,14,44,79,1.0,10.0,19.79,3.43,19.43,26.65
12,NDSN.O,노드슨,5,60,14,44,79,1.0,10.0,19.79,49.31,21.09,29.17
12,MAR.O,메리어트 인터내셔널,5,60,14,49,74,1.0,10.0,19.1,30.85,21.76,30.72
12,CI,시그나,5,60,14,49,74,1.0,10.0,19.1,30.31,23.21,28.49
12,IQV,아이큐비아 홀딩스,5,60,14,49,74,1.0,10.0,19.1,32.32,20.58,27.76
12,ROK,로크웰 오토메이션,5,60,14,49,74,1.0,10.0,19.1,25.88,17.93,29.84
12,GWW,W W 그레인저,5,60,14,49,74,1.0,10.0,19.1,24.97,20.97,26.61
12,GPN,글로벌 페이먼츠,5,60,14,49,74,1.0,10.0,19.1,-0.57,17.6,30.12
12,CHTR.O,차터 커뮤니케이션,5,60,14,49,74,1.0,10.0,19.1,1.96,20.77,29.36
12,EQIX.O,이퀴닉스,5,60,14,49,74,1.0,10.0,19.1,35.09,23.25,29.15
12,DE,디어 앤 코,5,60,14,49,74,1.0,10.0,19.1,15.95,18.41,27.74
12,HLT,힐튼 월드와이드 홀딩스,5,60,14,49,74,1.0,10.0,19.1,26.27,20.85,28.61
12,HUM,휴마나,5,60,14,49,74,1.0,10.0,19.1,15.57,21.36,29.55
12,PH,파커-하니핀,5,60,14,49,74,1.0,10.0,19.1,28.19,22.51,29.74
12,CSX.O,CSX,5,60,14,49,74,1.0,10.0,19.1,18.29,17.68,27.36
12,ETN,이튼,5,60,14,49,74,1.0,10.0,19.1,16.45,22.18,27.8
12,BLK,블랙록,5,60,14,49,74,1.0,10.0,19.1,26.6,16.94,27.44
12,RTX,RTX,5,60,14,49,74,1.0,10.0,19.1,8.28,22.93,29.05
12,AXP,아메리칸 익스프레스,5,60,14,49,74,1.0,10.0,19.1,30.34,17.67,28.58
12,ABBV.K,애브비,5,60,14,49,74,1.0,10.0,19.1,26.33,18.6,26.34
12,ADI.O,애널로그 디바이시스,5,60,14,49,74,1.0,10.0,19.1,18.6,20.93,28.75
12,TXN.O,텍사스 인스트루먼트,5,60,14,49,74,1.0,10.0,19.1,22.94,20.34,26.67
12,SBUX.O,스타벅스,5,60,14,49,74,1.0,10.0,19.1,7.22,17.5,26.5
12,CAT,캐터필러,5,60,14,49,74,1.0,10.0,19.1,17.4,17.08,28.59
12,ORCL.K,오라클,5,60,14,49,74,1.0,10.0,19.1,17.2,17.91,26.66
12,MLM,마틴 마리에타 머터리얼스,5,60,14,49,74,1.0,10.0,19.1,21.63,19.51,30.56
12,VMC,벌칸 머티리얼스,5,60,14,49,74,1.0,10.0,19.1,18.37,18.92,31.74
12,WAB,웨스팅하우스 에어 브레이크 테크놀로지,5,60,14,49,74,1.0,10.0,19.1,14.77,21.19,30.02
12,EBAY.O,이베이,5,60,14,49,74,1.0,10.0,19.1,9.58,19.19,29.87
12,NDSN.O,노드슨,5,60,14,49,74,1.0,10.0,19.1,19.38,21.09,29.17
12,HII,헌팅턴 잉걸스 인더스트리즈,5,60,14,49,74,1.0,10.0,19.1,3.43,19.43,26.65
12,ANSS.O,앤시스,5,60,14,49,74,1.0,10.0,19.1,16.05,19.6,28.49
12,SNA,스냅-온,5,60,14,49,74,1.0,10.0,19.1,22.27,17.8,25.84
12,PKG,패키징 코퍼레이션 오브 아메리카,5,60,14,49,74,1.0,10.0,19.1,19.27,20.55,27.26
12,VRSN.O,베리사인,5,60,14,49,74,1.0,10.0,19.1,12.64,18.17,26.03
12,XYL,자일럼,5,60,14,49,74,1.0,10.0,19.1,49.78,18.57,26.27
12,AVY,에이버리 데니슨,5,60,14,49,74,1.0,10.0,19.1,24.25,18.18,26.76
12,CRL,찰스 리버 래보라토리스 인터내셔널,5,60,14,49,74,1.0,10.0,19.1,18.8,19.53,31.22
12,DVA,다비타,5,60,14,49,74,1.0,10.0,19.1,14.75,16.49,29.02
12,HOLX.O,홀로직,5,60,14,49,74,1.0,10.0,19.1,15.27,17.31,27.49
12,JPM,제이피모간체이스,5,60,14,49,74,1.0,10.0,19.1,19.38,16.83,27.46
12,DOV,도버,5,60,14,49,74,1.0,10.0,19.1,22.73,17.89,26.31
12,RMD,레스메드,5,60,14,49,74,1.0,10.0,19.1,18.07,19.27,30.06
12,MAS,매스코,5,60,14,49,74,1.0,10.0,19.1,26.11,20.79,31.93
12,KEYS.K,키사이트 테크놀로지스,5,60,14,49,74,1.0,10.0,19.1,17.98,23.38,30.07
12,IRM,아이언 마운틴,5,60,14,49,74,1.0,10.0,19.1,12.13,16.44,27.92
12,EFX,에퀴팩스,5,60,14,49,74,1.0,10.0,19.1,17.7,21.07,26.81
12,CPRT.O,코파트,5,60,14,49,74,1.0,10.0,19.1,0.01,20.73,31.51
12,A,애질런트 테크놀로지스,5,60,14,49,74,1.0,10.0,19.1,12.28,18.86,28.45
12,RVTY.K,레비티,5,60,14,49,74,1.0,10.0,19.1,22.52,17.34,27.45
12,TEL,TE 커넥티비티,5,60,14,49,74,1.0,10.0,19.1,24.23,17.78,26.07
12,DLTR.O,달러 트리,5,60,14,49,74,1.0,10.0,19.1,5.2,17.76,30.5
12,HII,헌팅턴 잉걸스 인더스트리즈,5,60,14,39,79,1.0,10.0,19.0,14.61,19.43,26.65
12,NDSN.O,노드슨,5,60,14,39,79,1.0,10.0,19.0,0.0,21.09,29.17
12,CSX.O,CSX,5,60,14,39,79,1.0,10.0,19.0,89.6,17.68,27.36
12,JPM,제이피모간체이스,5,60,14,39,79,1.0,10.0,19.0,24.97,16.83,27.46
12,CI,시그나,5,60,14,39,79,1.0,10.0,19.0,0.0,23.21,28.49
12,IQV,아이큐비아 홀딩스,5,60,14,39,79,1.0,10.0,19.0,0.0,20.58,27.76
12,ROK,로크웰 오토메이션,5,60,14,39,79,1.0,10.0,19.0,0.0,17.93,29.84
12,GWW,W W 그레인저,5,60,14,39,79,1.0,10.0,19.0,19.22,20.97,26.61
12,GPN,글로벌 페이먼츠,5,60,14,39,79,1.0,10.0,19.0,-9.99,17.6,30.12
12,CHTR.O,차터 커뮤니케이션,5,60,14,39,79,1.0,10.0,19.0,-20.6,20.77,29.36
12,EQIX.O,이퀴닉스,5,60,14,39,79,1.0,10.0,19.0,19.42,23.25,29.15
12,DE,디어 앤 코,5,60,14,39,79,1.0,10.0,19.0,13.05,18.41,27.74
12,HLT,힐튼 월드와이드 홀딩스,5,60,14,39,79,1.0,10.0,19.0,41.58,20.85,28.61
12,HUM,휴마나,5,60,14,39,79,1.0,10.0,19.0,90.18,21.36,29.55
12,MAR.O,메리어트 인터내셔널,5,60,14,39,79,1.0,10.0,19.0,29.04,21.76,30.72
12,PH,파커-하니핀,5,60,14,39,79,1.0,10.0,19.0,17.74,22.51,29.74
12,ETN,이튼,5,60,14,39,79,1.0,10.0,19.0,13.63,22.18,27.8
12,BLK,블랙록,5,60,14,39,79,1.0,10.0,19.0,21.11,16.94,27.44
12,RTX,RTX,5,60,14,39,79,1.0,10.0,19.0,43.62,22.93,29.05
12,AXP,아메리칸 익스프레스,5,60,14,39,79,1.0,10.0,19.0,18.02,17.67,28.58
12,ABBV.K,애브비,5,60,14,39,79,1.0,10.0,19.0,19.89,18.6,26.34
12,ADI.O,애널로그 디바이시스,5,60,14,39,79,1.0,10.0,19.0,0.0,20.93,28.75
12,TXN.O,텍사스 인스트루먼트,5,60,14,39,79,1.0,10.0,19.0,0.0,20.34,26.67
12,SBUX.O,스타벅스,5,60,14,39,79,1.0,10.0,19.0,0.0,17.5,26.5
12,CAT,캐터필러,5,60,14,39,79,1.0,10.0,19.0,59.67,17.08,28.59
12,MLM,마틴 마리에타 머터리얼스,5,60,14,39,79,1.0,10.0,19.0,17.68,19.51,30.56
12,VMC,벌칸 머티리얼스,5,60,14,39,79,1.0,10.0,19.0,30.24,18.92,31.74
12,DOV,도버,5,60,14,39,79,1.0,10.0,19.0,13.59,17.89,26.31
12,EBAY.O,이베이,5,60,14,39,79,1.0,10.0,19.0,0.0,19.19,29.87
12,ANSS.O,앤시스,5,60,14,39,79,1.0,10.0,19.0,12.68,19.6,28.49
12,SNA,스냅-온,5,60,14,39,79,1.0,10.0,19.0,42.25,17.8,25.84
12,PKG,패키징 코퍼레이션 오브 아메리카,5,60,14,39,79,1.0,10.0,19.0,26.68,20.55,27.26
12,VRSN.O,베리사인,5,60,14,39,79,1.0,10.0,19.0,0.0,18.17,26.03
12,XYL,자일럼,5,60,14,39,79,1.0,10.0,19.0,0.0,18.57,26.27
12,AVY,에이버리 데니슨,5,60,14,39,79,1.0,10.0,19.0,24.23,18.18,26.76
12,CRL,찰스 리버 래보라토리스 인터내셔널,5,60,14,39,79,1.0,10.0,19.0,26.16,19.53,31.22
12,DVA,다비타,5,60,14,39,79,1.0,10.0,19.0,23.23,16.49,29.02
12,HOLX.O,홀로직,5,60,14,39,79,1.0,10.0,19.0,12.59,17.31,27.49
12,WAB,웨스팅하우스 에어 브레이크 테크놀로지,5,60,14,39,79,1.0,10.0,19.0,11.49,21.19,30.02
12,ORCL.K,오라클,5,60,14,39,79,1.0,10.0,19.0,0.0,17.91,26.66
12,RMD,레스메드,5,60,14,39,79,1.0,10.0,19.0,33.36,19.27,30.06
12,MAS,매스코,5,60,14,39,79,1.0,10.0,19.0,19.01,20.79,31.93
12,KEYS.K,키사이트 테크놀로지스,5,60,14,39,79,1.0,10.0,19.0,43.39,23.38,30.07
12,IRM,아이언 마운틴,5,60,14,39,79,1.0,10.0,19.0,37.54,16.44,27.92
12,EFX,에퀴팩스,5,60,14,39,79,1.0,10.0,19.0,17.96,21.07,26.81
12,CPRT.O,코파트,5,60,14,39,79,1.0,10.0,19.0,-12.15,20.73,31.51
12,A,애질런트 테크놀로지스,5,60,14,39,79,1.0,10.0,19.0,27.0,18.86,28.45
12,RVTY.K,레비티,5,60,14,39,79,1.0,10.0,19.0,38.15,17.34,27.45
12,TEL,TE 커넥티비티,5,60,14,39,79,1.0,10.0,19.0,0.0,17.78,26.07
12,DLTR.O,달러 트리,5,60,14,39,79,1.0,10.0,19.0,0.0,17.76,30.5
12,SNA,스냅-온,5,120,14,49,69,1.0,10.0,18.12,17.75,17.8,25.84
12,ANSS.O,앤시스,5,120,14,49,69,1.0,10.0,18.12,8.29,19.6,28.49
12,NDSN.O,노드슨,5,120,14,49,69,1.0,10.0,18.12,28.28,21.09,29.17
12,CSX.O,CSX,5,120,14,49,69,1.0,10.0,18.12,23.61,17.68,27.36
12,EBAY.O,이베이,5,120,14,49,69,1.0,10.0,18.12,29.42,19.19,29.87
12,DLTR.O,달러 트리,5,120,14,49,69,1.0,10.0,18.12,20.71,17.76,30.5
12,TEL,TE 커넥티비티,5,120,14,49,69,1.0,10.0,18.12,18.69,17.78,26.07
12,RVTY.K,레비티,5,120,14,49,69,1.0,10.0,18.12,6.67,17.34,27.45
12,A,애질런트 테크놀로지스,5,120,14,49,69,1.0,10.0,18.12,16.97,18.86,28.45
12,CPRT.O,코파트,5,120,14,49,69,1.0,10.0,18.12,-10.59,20.73,31.51
12,EFX,에퀴팩스,5,120,14,49,69,1.0,10.0,18.12,23.54,21.07,26.81
12,IRM,아이언 마운틴,5,120,14,49,69,1.0,10.0,18.12,11.16,16.44,27.92
12,KEYS.K,키사이트 테크놀로지스,5,120,14,49,69,1.0,10.0,18.12,11.54,23.38,30.07
12,MAS,매스코,5,120,14,49,69,1.0,10.0,18.12,31.79,20.79,31.93
12,RMD,레스메드,5,120,14,49,69,1.0,10.0,18.12,11.39,19.27,30.06
12,DOV,도버,5,120,14,49,69,1.0,10.0,18.12,19.98,17.89,26.31
12,WAB,웨스팅하우스 에어 브레이크 테크놀로지,5,120,14,49,69,1.0,10.0,18.12,15.41,21.19,30.02
12,HOLX.O,홀로직,5,120,14,49,69,1.0,10.0,18.12,23.36,17.31,27.49
12,DVA,다비타,5,120,14,49,69,1.0,10.0,18.12,14.81,16.49,29.02
12,CRL,찰스 리버 래보라토리스 인터내셔널,5,120,14,49,69,1.0,10.0,18.12,13.15,19.53,31.22
12,AVY,에이버리 데니슨,5,120,14,49,69,1.0,10.0,18.12,22.08,18.18,26.76
12,XYL,자일럼,5,120,14,49,69,1.0,10.0,18.12,45.81,18.57,26.27
12,VRSN.O,베리사인,5,120,14,49,69,1.0,10.0,18.12,-5.21,18.17,26.03
12,PKG,패키징 코퍼레이션 오브 아메리카,5,120,14,49,69,1.0,10.0,18.12,24.86,20.55,27.26
12,HII,헌팅턴 잉걸스 인더스트리즈,5,120,14,49,69,1.0,10.0,18.12,7.06,19.43,26.65
12,VMC,벌칸 머티리얼스,5,120,14,49,69,1.0,10.0,18.12,34.02,18.92,31.74
12,JPM,제이피모간체이스,5,120,14,49,69,1.0,10.0,18.12,27.72,16.83,27.46
12,MLM,마틴 마리에타 머터리얼스,5,120,14,49,69,1.0,10.0,18.12,22.55,19.51,30.56
12,PH,파커-하니핀,5,120,14,49,69,1.0,10.0,18.12,34.06,22.51,29.74
12,CI,시그나,5,120,14,49,69,1.0,10.0,18.12,33.83,23.21,28.49
12,CAT,캐터필러,5,120,14,49,69,1.0,10.0,18.12,15.65,17.08,28.59
12,SBUX.O,스타벅스,5,120,14,49,69,1.0,10.0,18.12,7.64,17.5,26.5
12,TXN.O,텍사스 인스트루먼트,5,120,14,49,69,1.0,10.0,18.12,11.37,20.34,26.67
12,ADI.O,애널로그 디바이시스,5,120,14,49,69,1.0,10.0,18.12,24.54,20.93,28.75
12,ABBV.K,애브비,5,120,14,49,69,1.0,10.0,18.12,32.68,18.6,26.34
12,AXP,아메리칸 익스프레스,5,120,14,49,69,1.0,10.0,18.12,27.23,17.67,28.58
12,RTX,RTX,5,120,14,49,69,1.0,10.0,18.12,3.77,22.93,29.05
12,BLK,블랙록,5,120,14,49,69,1.0,10.0,18.12,17.55,16.94,27.44
12,ETN,이튼,5,120,14,49,69,1.0,10.0,18.12,12.91,22.18,27.8
12,ORCL.K,오라클,5,120,14,49,69,1.0,10.0,18.12,25.88,17.91,26.66
12,MAR.O,메리어트 인터내셔널,5,120,14,49,69,1.0,10.0,18.12,27.45,21.76,30.72
12,HLT,힐튼 월드와이드 홀딩스,5,120,14,49,69,1.0,10.0,18.12,28.72,20.85,28.61
12,DE,디어 앤 코,5,120,14,49,69,1.0,10.0,18.12,4.04,18.41,27.74
12,EQIX.O,이퀴닉스,5,120,14,49,69,1.0,10.0,18.12,33.28,23.25,29.15
12,CHTR.O,차터 커뮤니케이션,5,120,14,49,69,1.0,10.0,18.12,-13.81,20.77,29.36
12,GPN,글로벌 페이먼츠,5,120,14,49,69,1.0,10.0,18.12,-3.28,17.6,30.12
12,GWW,W W 그레인저,5,120,14,49,69,1.0,10.0,18.12,22.43,20.97,26.61
12,ROK,로크웰 오토메이션,5,120,14,49,69,1.0,10.0,18.12,27.67,17.93,29.84
12,IQV,아이큐비아 홀딩스,5,120,14,49,69,1.0,10.0,18.12,0.79,20.58,27.76
12,HUM,휴마나,5,120,14,49,69,1.0,10.0,18.12,16.84,21.36,29.55
12,EFX,에퀴팩스,5,60,14,49,79,1.0,10.0,17.66,18.56,21.07,26.81
12,MAS,매스코,5,60,14,49,79,1.0,10.0,17.66,19.01,20.79,31.93
12,KEYS.K,키사이트 테크놀로지스,5,60,14,49,79,1.0,10.0,17.66,21.12,23.38,30.07
12,IRM,아이언 마운틴,5,60,14,49,79,1.0,10.0,17.66,12.78,16.44,27.92
12,TEL,TE 커넥티비티,5,60,14,49,79,1.0,10.0,17.66,19.56,17.78,26.07
12,CPRT.O,코파트,5,60,14,49,79,1.0,10.0,17.66,7.72,20.73,31.51
12,A,애질런트 테크놀로지스,5,60,14,49,79,1.0,10.0,17.66,13.39,18.86,28.45
12,RVTY.K,레비티,5,60,14,49,79,1.0,10.0,17.66,17.36,17.34,27.45
12,DOV,도버,5,60,14,49,79,1.0,10.0,17.66,13.59,17.89,26.31
12,DLTR.O,달러 트리,5,60,14,49,79,1.0,10.0,17.66,5.2,17.76,30.5
12,RMD,레스메드,5,60,14,49,79,1.0,10.0,17.66,20.2,19.27,30.06
12,CRL,찰스 리버 래보라토리스 인터내셔널,5,60,14,49,79,1.0,10.0,17.66,24.12,19.53,31.22
12,WAB,웨스팅하우스 에어 브레이크 테크놀로지,5,60,14,49,79,1.0,10.0,17.66,15.62,21.19,30.02
12,HOLX.O,홀로직,5,60,14,49,79,1.0,10.0,17.66,16.03,17.31,27.49
12,DVA,다비타,5,60,14,49,79,1.0,10.0,17.66,12.78,16.49,29.02
12,AVY,에이버리 데니슨,5,60,14,49,79,1.0,10.0,17.66,25.63,18.18,26.76
12,XYL,자일럼,5,60,14,49,79,1.0,10.0,17.66,32.18,18.57,26.27
12,VRSN.O,베리사인,5,60,14,49,79,1.0,10.0,17.66,16.87,18.17,26.03
12,PKG,패키징 코퍼레이션 오브 아메리카,5,60,14,49,79,1.0,10.0,17.66,20.75,20.55,27.26
12,SNA,스냅-온,5,60,14,49,79,1.0,10.0,17.66,14.83,17.8,25.84
12,ANSS.O,앤시스,5,60,14,49,79,1.0,10.0,17.66,19.11,19.6,28.49
12,VMC,벌칸 머티리얼스,5,60,14,49,79,1.0,10.0,17.66,18.57,18.92,31.74
12,HII,헌팅턴 잉걸스 인더스트리즈,5,60,14,49,79,1.0,10.0,17.66,3.43,19.43,26.65
12,EBAY.O,이베이,5,60,14,49,79,1.0,10.0,17.66,9.58,19.19,29.87
12,HLT,힐튼 월드와이드 홀딩스,5,60,14,49,79,1.0,10.0,17.66,26.89,20.85,28.61
12,CSX.O,CSX,5,60,14,49,79,1.0,10.0,17.66,12.89,17.68,27.36
12,MLM,마틴 마리에타 머터리얼스,5,60,14,49,79,1.0,10.0,17.66,17.68,19.51,30.56
12,JPM,제이피모간체이스,5,60,14,49,79,1.0,10.0,17.66,20.31,16.83,27.46
12,CAT,캐터필러,5,60,14,49,79,1.0,10.0,17.66,19.31,17.08,28.59
12,SBUX.O,스타벅스,5,60,14,49,79,1.0,10.0,17.66,9.15,17.5,26.5
12,TXN.O,텍사스 인스트루먼트,5,60,14,49,79,1.0,10.0,17.66,17.9,20.34,26.67
12,ADI.O,애널로그 디바이시스,5,60,14,49,79,1.0,10.0,17.66,16.37,20.93,28.75
12,ABBV.K,애브비,5,60,14,49,79,1.0,10.0,17.66,21.61,18.6,26.34
12,AXP,아메리칸 익스프레스,5,60,14,49,79,1.0,10.0,17.66,14.94,17.67,28.58
12,RTX,RTX,5,60,14,49,79,1.0,10.0,17.66,8.28,22.93,29.05
12,BLK,블랙록,5,60,14,49,79,1.0,10.0,17.66,23.84,16.94,27.44
12,ETN,이튼,5,60,14,49,79,1.0,10.0,17.66,19.13,22.18,27.8
12,PH,파커-하니핀,5,60,14,49,79,1.0,10.0,17.66,20.81,22.51,29.74
12,MAR.O,메리어트 인터내셔널,5,60,14,49,79,1.0,10.0,17.66,31.65,21.76,30.72
12,HUM,휴마나,5,60,14,49,79,1.0,10.0,17.66,17.75,21.36,29.55
12,DE,디어 앤 코,5,60,14,49,79,1.0,10.0,17.66,19.67,18.41,27.74
12,EQIX.O,이퀴닉스,5,60,14,49,79,1.0,10.0,17.66,39.37,23.25,29.15
12,CHTR.O,차터 커뮤니케이션,5,60,14,49,79,1.0,10.0,17.66,0.75,20.77,29.36
12,GPN,글로벌 페이먼츠,5,60,14,49,79,1.0,10.0,17.66,1.83,17.6,30.12
12,GWW,W W 그레인저,5,60,14,49,79,1.0,10.0,17.66,17.03,20.97,26.61
12,ROK,로크웰 오토메이션,5,60,14,49,79,1.0,10.0,17.66,15.07,17.93,29.84
12,IQV,아이큐비아 홀딩스,5,60,14,49,79,1.0,10.0,17.66,32.69,20.58,27.76
12,CI,시그나,5,60,14,49,79,1.0,10.0,17.66,25.66,23.21,28.49
12,ORCL.K,오라클,5,60,14,49,79,1.0,10.0,17.66,18.28,17.91,26.66
12,NDSN.O,노드슨,5,60,14,49,79,1.0,10.0,17.66,16.28,21.09,29.17
12,NDSN.O,노드슨,5,120,14,49,64,1.0,10.0,17.63,30.52,21.09,29.17
12,PH,파커-하니핀,5,120,14,49,64,1.0,10.0,17.63,31.89,22.51,29.74
12,IQV,아이큐비아 홀딩스,5,120,14,49,64,1.0,10.0,17.63,0.79,20.58,27.76
12,ROK,로크웰 오토메이션,5,120,14,49,64,1.0,10.0,17.63,26.64,17.93,29.84
12,GWW,W W 그레인저,5,120,14,49,64,1.0,10.0,17.63,19.05,20.97,26.61
12,GPN,글로벌 페이먼츠,5,120,14,49,64,1.0,10.0,17.63,-3.28,17.6,30.12
12,CHTR.O,차터 커뮤니케이션,5,120,14,49,64,1.0,10.0,17.63,-13.81,20.77,29.36
12,EQIX.O,이퀴닉스,5,120,14,49,64,1.0,10.0,17.63,27.34,23.25,29.15
12,DE,디어 앤 코,5,120,14,49,64,1.0,10.0,17.63,2.5,18.41,27.74
12,HLT,힐튼 월드와이드 홀딩스,5,120,14,49,64,1.0,10.0,17.63,43.27,20.85,28.61
12,HUM,휴마나,5,120,14,49,64,1.0,10.0,17.63,13.99,21.36,29.55
12,MAR.O,메리어트 인터내셔널,5,120,14,49,64,1.0,10.0,17.63,26.36,21.76,30.72
12,ETN,이튼,5,120,14,49,64,1.0,10.0,17.63,12.16,22.18,27.8
12,MLM,마틴 마리에타 머터리얼스,5,120,14,49,64,1.0,10.0,17.63,28.65,19.51,30.56
12,BLK,블랙록,5,120,14,49,64,1.0,10.0,17.63,14.34,16.94,27.44
12,RTX,RTX,5,120,14,49,64,1.0,10.0,17.63,3.77,22.93,29.05
12,AXP,아메리칸 익스프레스,5,120,14,49,64,1.0,10.0,17.63,22.34,17.67,28.58
12,ABBV.K,애브비,5,120,14,49,64,1.0,10.0,17.63,25.28,18.6,26.34
12,ADI.O,애널로그 디바이시스,5,120,14,49,64,1.0,10.0,17.63,22.77,20.93,28.75
12,TXN.O,텍사스 인스트루먼트,5,120,14,49,64,1.0,10.0,17.63,8.34,20.34,26.67
12,SBUX.O,스타벅스,5,120,14,49,64,1.0,10.0,17.63,3.86,17.5,26.5
12,CAT,캐터필러,5,120,14,49,64,1.0,10.0,17.63,16.6,17.08,28.59
12,ORCL.K,오라클,5,120,14,49,64,1.0,10.0,17.63,21.07,17.91,26.66
12,HII,헌팅턴 잉걸스 인더스트리즈,5,120,14,49,64,1.0,10.0,17.63,12.63,19.43,26.65
12,CI,시그나,5,120,14,49,64,1.0,10.0,17.63,34.35,23.21,28.49
12,JPM,제이피모간체이스,5,120,14,49,64,1.0,10.0,17.63,45.66,16.83,27.46
12,CSX.O,CSX,5,120,14,49,64,1.0,10.0,17.63,15.59,17.68,27.36
12,RMD,레스메드,5,120,14,49,64,1.0,10.0,17.63,7.36,19.27,30.06
12,ANSS.O,앤시스,5,120,14,49,64,1.0,10.0,17.63,8.29,19.6,28.49
12,SNA,스냅-온,5,120,14,49,64,1.0,10.0,17.63,14.42,17.8,25.84
12,PKG,패키징 코퍼레이션 오브 아메리카,5,120,14,49,64,1.0,10.0,17.63,21.66,20.55,27.26
12,VRSN.O,베리사인,5,120,14,49,64,1.0,10.0,17.63,-5.21,18.17,26.03
12,XYL,자일럼,5,120,14,49,64,1.0,10.0,17.63,45.92,18.57,26.27
12,AVY,에이버리 데니슨,5,120,14,49,64,1.0,10.0,17.63,20.61,18.18,26.76
12,DVA,다비타,5,120,14,49,64,1.0,10.0,17.63,9.91,16.49,29.02
12,HOLX.O,홀로직,5,120,14,49,64,1.0,10.0,17.63,30.8,17.31,27.49
12,WAB,웨스팅하우스 에어 브레이크 테크놀로지,5,120,14,49,64,1.0,10.0,17.63,11.17,21.19,30.02
12,DOV,도버,5,120,14,49,64,1.0,10.0,17.63,14.74,17.89,26.31
12,CRL,찰스 리버 래보라토리스 인터내셔널,5,120,14,49,64,1.0,10.0,17.63,9.41,19.53,31.22
12,MAS,매스코,5,120,14,49,64,1.0,10.0,17.63,41.67,20.79,31.93
12,RVTY.K,레비티,5,120,14,49,64,1.0,10.0,17.63,3.91,17.34,27.45
12,EBAY.O,이베이,5,120,14,49,64,1.0,10.0,17.63,31.76,19.19,29.87
12,KEYS.K,키사이트 테크놀로지스,5,120,14,49,64,1.0,10.0,17.63,9.55,23.38,30.07
12,DLTR.O,달러 트리,5,120,14,49,64,1.0,10.0,17.63,26.62,17.76,30.5
12,TEL,TE 커넥티비티,5,120,14,49,64,1.0,10.0,17.63,15.05,17.78,26.07
12,VMC,벌칸 머티리얼스,5,120,14,49,64,1.0,10.0,17.63,40.31,18.92,31.74
12,A,애질런트 테크놀로지스,5,120,14,49,64,1.0,10.0,17.63,13.83,18.86,28.45
12,CPRT.O,코파트,5,120,14,49,64,1.0,10.0,17.63,-12.96,20.73,31.51
12,EFX,에퀴팩스,5,120,14,49,64,1.0,10.0,17.63,18.4,21.07,26.81
12,IRM,아이언 마운틴,5,120,14,49,64,1.0,10.0,17.63,11.59,16.44,27.92
12,MAR.O,메리어트 인터내셔널,5,120,14,39,59,1.0,10.0,17.39,89.84,21.76,30.72
12,ROK,로크웰 오토메이션,5,120,14,39,59,1.0,10.0,17.39,0.0,17.93,29.84
12,GWW,W W 그레인저,5,120,14,39,59,1.0,10.0,17.39,55.37,20.97,26.61
12,GPN,글로벌 페이먼츠,5,120,14,39,59,1.0,10.0,17.39,-9.38,17.6,30.12
12,CHTR.O,차터 커뮤니케이션,5,120,14,39,59,1.0,10.0,17.39,-13.81,20.77,29.36
12,EQIX.O,이퀴닉스,5,120,14,39,59,1.0,10.0,17.39,34.39,23.25,29.15
12,DE,디어 앤 코,5,120,14,39,59,1.0,10.0,17.39,0.0,18.41,27.74
12,HLT,힐튼 월드와이드 홀딩스,5,120,14,39,59,1.0,10.0,17.39,0.0,20.85,28.61
12,HUM,휴마나,5,120,14,39,59,1.0,10.0,17.39,0.0,21.36,29.55
12,IQV,아이큐비아 홀딩스,5,120,14,39,59,1.0,10.0,17.39,0.0,20.58,27.76
12,CAT,캐터필러,5,120,14,39,59,1.0,10.0,17.39,0.0,17.08,28.59
12,PH,파커-하니핀,5,120,14,39,59,1.0,10.0,17.39,52.47,22.51,29.74
12,ETN,이튼,5,120,14,39,59,1.0,10.0,17.39,32.13,22.18,27.8
12,BLK,블랙록,5,120,14,39,59,1.0,10.0,17.39,0.0,16.94,27.44
12,RTX,RTX,5,120,14,39,59,1.0,10.0,17.39,0.0,22.93,29.05
12,AXP,아메리칸 익스프레스,5,120,14,39,59,1.0,10.0,17.39,26.13,17.67,28.58
12,ABBV.K,애브비,5,120,14,39,59,1.0,10.0,17.39,42.98,18.6,26.34
12,ADI.O,애널로그 디바이시스,5,120,14,39,59,1.0,10.0,17.39,0.0,20.93,28.75
12,TXN.O,텍사스 인스트루먼트,5,120,14,39,59,1.0,10.0,17.39,0.0,20.34,26.67
12,SBUX.O,스타벅스,5,120,14,39,59,1.0,10.0,17.39,0.0,17.5,26.5
12,MLM,마틴 마리에타 머터리얼스,5,120,14,39,59,1.0,10.0,17.39,0.0,19.51,30.56
12,CI,시그나,5,120,14,39,59,1.0,10.0,17.39,0.0,23.21,28.49
12,MAS,매스코,5,120,14,39,59,1.0,10.0,17.39,0.0,20.79,31.93
12,CSX.O,CSX,5,120,14,39,59,1.0,10.0,17.39,55.49,17.68,27.36
12,VMC,벌칸 머티리얼스,5,120,14,39,59,1.0,10.0,17.39,55.54,18.92,31.74
12,ANSS.O,앤시스,5,120,14,39,59,1.0,10.0,17.39,33.66,19.6,28.49
12,SNA,스냅-온,5,120,14,39,59,1.0,10.0,17.39,0.0,17.8,25.84
12,PKG,패키징 코퍼레이션 오브 아메리카,5,120,14,39,59,1.0,10.0,17.39,24.86,20.55,27.26
12,VRSN.O,베리사인,5,120,14,39,59,1.0,10.0,17.39,0.0,18.17,26.03
12,XYL,자일럼,5,120,14,39,59,1.0,10.0,17.39,0.0,18.57,26.27
12,AVY,에이버리 데니슨,5,120,14,39,59,1.0,10.0,17.39,31.02,18.18,26.76
12,CRL,찰스 리버 래보라토리스 인터내셔널,5,120,14,39,59,1.0,10.0,17.39,0.0,19.53,31.22
12,DVA,다비타,5,120,14,39,59,1.0,10.0,17.39,83.78,16.49,29.02
12,HOLX.O,홀로직,5,120,14,39,59,1.0,10.0,17.39,145.06,17.31,27.49
12,WAB,웨스팅하우스 에어 브레이크 테크놀로지,5,120,14,39,59,1.0,10.0,17.39,0.0,21.19,30.02
12,DOV,도버,5,120,14,39,59,1.0,10.0,17.39,0.0,17.89,26.31
12,RMD,레스메드,5,120,14,39,59,1.0,10.0,17.39,14.55,19.27,30.06
12,KEYS.K,키사이트 테크놀로지스,5,120,14,39,59,1.0,10.0,17.39,0.0,23.38,30.07
12,IRM,아이언 마운틴,5,120,14,39,59,1.0,10.0,17.39,19.19,16.44,27.92
12,EFX,에퀴팩스,5,120,14,39,59,1.0,10.0,17.39,0.0,21.07,26.81
12,CPRT.O,코파트,5,120,14,39,59,1.0,10.0,17.39,26.73,20.73,31.51
12,A,애질런트 테크놀로지스,5,120,14,39,59,1.0,10.0,17.39,10.6,18.86,28.45
12,RVTY.K,레비티,5,120,14,39,59,1.0,10.0,17.39,-1.94,17.34,27.45
12,TEL,TE 커넥티비티,5,120,14,39,59,1.0,10.0,17.39,0.0,17.78,26.07
12,DLTR.O,달러 트리,5,120,14,39,59,1.0,10.0,17.39,0.0,17.76,30.5
12,EBAY.O,이베이,5,120,14,39,59,1.0,10.0,17.39,0.0,19.19,29.87
12,ORCL.K,오라클,5,120,14,39,59,1.0,10.0,17.39,0.0,17.91,26.66
12,HII,헌팅턴 잉걸스 인더스트리즈,5,120,14,39,59,1.0,10.0,17.39,21.74,19.43,26.65
12,JPM,제이피모간체이스,5,120,14,39,59,1.0,10.0,17.39,39.2,16.83,27.46
12,NDSN.O,노드슨,5,120,14,39,59,1.0,10.0,17.39,0.0,21.09,29.17
12,CAT,캐터필러,5,120,14,39,64,1.0,10.0,16.4,0.0,17.08,28.59
12,HOLX.O,홀로직,5,120,14,39,64,1.0,10.0,16.4,302.09,17.31,27.49
12,A,애질런트 테크놀로지스,5,120,14,39,64,1.0,10.0,16.4,10.6,18.86,28.45
12,CPRT.O,코파트,5,120,14,39,64,1.0,10.0,16.4,26.73,20.73,31.51
12,EFX,에퀴팩스,5,120,14,39,64,1.0,10.0,16.4,0.0,21.07,26.81
12,IRM,아이언 마운틴,5,120,14,39,64,1.0,10.0,16.4,35.63,16.44,27.92
12,KEYS.K,키사이트 테크놀로지스,5,120,14,39,64,1.0,10.0,16.4,0.0,23.38,30.07
12,MAS,매스코,5,120,14,39,64,1.0,10.0,16.4,0.0,20.79,31.93
12,RMD,레스메드,5,120,14,39,64,1.0,10.0,16.4,21.99,19.27,30.06
12,DOV,도버,5,120,14,39,64,1.0,10.0,16.4,0.0,17.89,26.31
12,WAB,웨스팅하우스 에어 브레이크 테크놀로지,5,120,14,39,64,1.0,10.0,16.4,0.0,21.19,30.02
12,CRL,찰스 리버 래보라토리스 인터내셔널,5,120,14,39,64,1.0,10.0,16.4,0.0,19.53,31.22
12,DVA,다비타,5,120,14,39,64,1.0,10.0,16.4,52.83,16.49,29.02
12,TEL,TE 커넥티비티,5,120,14,39,64,1.0,10.0,16.4,0.0,17.78,26.07
12,AVY,에이버리 데니슨,5,120,14,39,64,1.0,10.0,16.4,35.35,18.18,26.76
12,XYL,자일럼,5,120,14,39,64,1.0,10.0,16.4,0.0,18.57,26.27
12,VRSN.O,베리사인,5,120,14,39,64,1.0,10.0,16.4,0.0,18.17,26.03
12,PKG,패키징 코퍼레이션 오브 아메리카,5,120,14,39,64,1.0,10.0,16.4,24.8,20.55,27.26
12,SNA,스냅-온,5,120,14,39,64,1.0,10.0,16.4,0.0,17.8,25.84
12,ANSS.O,앤시스,5,120,14,39,64,1.0,10.0,16.4,16.91,19.6,28.49
12,HII,헌팅턴 잉걸스 인더스트리즈,5,120,14,39,64,1.0,10.0,16.4,26.67,19.43,26.65
12,NDSN.O,노드슨,5,120,14,39,64,1.0,10.0,16.4,0.0,21.09,29.17
12,RVTY.K,레비티,5,120,14,39,64,1.0,10.0,16.4,-1.94,17.34,27.45
12,DLTR.O,달러 트리,5,120,14,39,64,1.0,10.0,16.4,0.0,17.76,30.5
12,JPM,제이피모간체이스,5,120,14,39,64,1.0,10.0,16.4,36.23,16.83,27.46
12,EBAY.O,이베이,5,120,14,39,64,1.0,10.0,16.4,0.0,19.19,29.87
12,SBUX.O,스타벅스,5,120,14,39,64,1.0,10.0,16.4,0.0,17.5,26.5
12,TXN.O,텍사스 인스트루먼트,5,120,14,39,64,1.0,10.0,16.4,0.0,20.34,26.67
12,ADI.O,애널로그 디바이시스,5,120,14,39,64,1.0,10.0,16.4,0.0,20.93,28.75
12,ABBV.K,애브비,5,120,14,39,64,1.0,10.0,16.4,27.26,18.6,26.34
12,AXP,아메리칸 익스프레스,5,120,14,39,64,1.0,10.0,16.4,22.09,17.67,28.58
12,RTX,RTX,5,120,14,39,64,1.0,10.0,16.4,0.0,22.93,29.05
12,BLK,블랙록,5,120,14,39,64,1.0,10.0,16.4,0.0,16.94,27.44
12,ETN,이튼,5,120,14,39,64,1.0,10.0,16.4,23.61,22.18,27.8
12,PH,파커-하니핀,5,120,14,39,64,1.0,10.0,16.4,19.09,22.51,29.74
12,HUM,휴마나,5,120,14,39,64,1.0,10.0,16.4,0.0,21.36,29.55
12,DE,디어 앤 코,5,120,14,39,64,1.0,10.0,16.4,0.0,18.41,27.74
12,EQIX.O,이퀴닉스,5,120,14,39,64,1.0,10.0,16.4,13.0,23.25,29.15
12,CHTR.O,차터 커뮤니케이션,5,120,14,39,64,1.0,10.0,16.4,-13.81,20.77,29.36
12,GPN,글로벌 페이먼츠,5,120,14,39,64,1.0,10.0,16.4,-9.38,17.6,30.12
12,GWW,W W 그레인저,5,120,14,39,64,1.0,10.0,16.4,13.76,20.97,26.61
12,ROK,로크웰 오토메이션,5,120,14,39,64,1.0,10.0,16.4,0.0,17.93,29.84
12,IQV,아이큐비아 홀딩스,5,120,14,39,64,1.0,10.0,16.4,0.0,20.58,27.76
12,CI,시그나,5,120,14,39,64,1.0,10.0,16.4,0.0,23.21,28.49
12,MLM,마틴 마리에타 머터리얼스,5,120,14,39,64,1.0,10.0,16.4,0.0,19.51,30.56
12,CSX.O,CSX,5,120,14,39,64,1.0,10.0,16.4,55.49,17.68,27.36
12,VMC,벌칸 머티리얼스,5,120,14,39,64,1.0,10.0,16.4,54.6,18.92,31.74
12,MAR.O,메리어트 인터내셔널,5,120,14,39,64,1.0,10.0,16.4,26.36,21.76,30.72
12,HLT,힐튼 월드와이드 홀딩스,5,120,14,39,64,1.0,10.0,16.4,0.0,20.85,28.61
12,NDSN.O,노드슨,5,120,14,49,74,1.0,10.0,16.4,19.35,21.09,29.17
12,MLM,마틴 마리에타 머터리얼스,5,120,14,49,74,1.0,10.0,16.4,17.6,19.51,30.56
12,IQV,아이큐비아 홀딩스,5,120,14,49,74,1.0,10.0,16.4,0.79,20.58,27.76
12,ROK,로크웰 오토메이션,5,120,14,49,74,1.0,10.0,16.4,29.32,17.93,29.84
12,GWW,W W 그레인저,5,120,14,49,74,1.0,10.0,16.4,26.8,20.97,26.61
12,GPN,글로벌 페이먼츠,5,120,14,49,74,1.0,10.0,16.4,-1.81,17.6,30.12
12,CHTR.O,차터 커뮤니케이션,5,120,14,49,74,1.0,10.0,16.4,-13.81,20.77,29.36
12,EQIX.O,이퀴닉스,5,120,14,49,74,1.0,10.0,16.4,33.85,23.25,29.15
12,DE,디어 앤 코,5,120,14,49,74,1.0,10.0,16.4,5.89,18.41,27.74
12,HLT,힐튼 월드와이드 홀딩스,5,120,14,49,74,1.0,10.0,16.4,30.98,20.85,28.61
12,HUM,휴마나,5,120,14,49,74,1.0,10.0,16.4,14.34,21.36,29.55
12,MAR.O,메리어트 인터내셔널,5,120,14,49,74,1.0,10.0,16.4,26.63,21.76,30.72
12,PH,파커-하니핀,5,120,14,49,74,1.0,10.0,16.4,30.44,22.51,29.74
12,ETN,이튼,5,120,14,49,74,1.0,10.0,16.4,10.97,22.18,27.8
12,BLK,블랙록,5,120,14,49,74,1.0,10.0,16.4,20.89,16.94,27.44
12,RTX,RTX,5,120,14,49,74,1.0,10.0,16.4,3.77,22.93,29.05
12,AXP,아메리칸 익스프레스,5,120,14,49,74,1.0,10.0,16.4,25.39,17.67,28.58
12,ABBV.K,애브비,5,120,14,49,74,1.0,10.0,16.4,34.08,18.6,26.34
12,ADI.O,애널로그 디바이시스,5,120,14,49,74,1.0,10.0,16.4,17.8,20.93,28.75
12,TXN.O,텍사스 인스트루먼트,5,120,14,49,74,1.0,10.0,16.4,13.13,20.34,26.67
12,SBUX.O,스타벅스,5,120,14,49,74,1.0,10.0,16.4,12.22,17.5,26.5
12,CAT,캐터필러,5,120,14,49,74,1.0,10.0,16.4,17.89,17.08,28.59
12,ORCL.K,오라클,5,120,14,49,74,1.0,10.0,16.4,21.03,17.91,26.66
12,JPM,제이피모간체이스,5,120,14,49,74,1.0,10.0,16.4,19.85,16.83,27.46
12,HII,헌팅턴 잉걸스 인더스트리즈,5,120,14,49,74,1.0,10.0,16.4,3.56,19.43,26.65
12,CI,시그나,5,120,14,49,74,1.0,10.0,16.4,26.77,23.21,28.49
12,ORCL.K,오라클,5,120,14,39,64,1.0,10.0,16.4,0.0,17.91,26.66
12,CSX.O,CSX,5,120,14,49,74,1.0,10.0,16.4,24.55,17.68,27.36
12,DOV,도버,5,120,14,49,74,1.0,10.0,16.4,22.15,17.89,26.31
12,VMC,벌칸 머티리얼스,5,120,14,49,74,1.0,10.0,16.4,18.4,18.92,31.74
12,ANSS.O,앤시스,5,120,14,49,74,1.0,10.0,16.4,8.29,19.6,28.49
12,SNA,스냅-온,5,120,14,49,74,1.0,10.0,16.4,21.52,17.8,25.84
12,PKG,패키징 코퍼레이션 오브 아메리카,5,120,14,49,74,1.0,10.0,16.4,19.64,20.55,27.26
12,VRSN.O,베리사인,5,120,14,49,74,1.0,10.0,16.4,-5.21,18.17,26.03
12,XYL,자일럼,5,120,14,49,74,1.0,10.0,16.4,47.76,18.57,26.27
12,AVY,에이버리 데니슨,5,120,14,49,74,1.0,10.0,16.4,20.45,18.18,26.76
12,DVA,다비타,5,120,14,49,74,1.0,10.0,16.4,14.64,16.49,29.02
12,HOLX.O,홀로직,5,120,14,49,74,1.0,10.0,16.4,14.71,17.31,27.49
12,WAB,웨스팅하우스 에어 브레이크 테크놀로지,5,120,14,49,74,1.0,10.0,16.4,12.39,21.19,30.02
12,CRL,찰스 리버 래보라토리스 인터내셔널,5,120,14,49,74,1.0,10.0,16.4,15.04,19.53,31.22
12,RMD,레스메드,5,120,14,49,74,1.0,10.0,16.4,15.95,19.27,30.06
12,KEYS.K,키사이트 테크놀로지스,5,120,14,49,74,1.0,10.0,16.4,15.4,23.38,30.07
12,IRM,아이언 마운틴,5,120,14,49,74,1.0,10.0,16.4,11.91,16.44,27.92
12,EBAY.O,이베이,5,120,14,49,74,1.0,10.0,16.4,10.22,19.19,29.87
12,EFX,에퀴팩스,5,120,14,49,74,1.0,10.0,16.4,16.55,21.07,26.81
12,CPRT.O,코파트,5,120,14,49,74,1.0,10.0,16.4,-4.57,20.73,31.51
12,A,애질런트 테크놀로지스,5,120,14,49,74,1.0,10.0,16.4,11.97,18.86,28.45
12,RVTY.K,레비티,5,120,14,49,74,1.0,10.0,16.4,10.52,17.34,27.45
12,TEL,TE 커넥티비티,5,120,14,49,74,1.0,10.0,16.4,21.47,17.78,26.07
12,DLTR.O,달러 트리,5,120,14,49,74,1.0,10.0,16.4,4.65,17.76,30.5
12,MAS,매스코,5,120,14,49,74,1.0,10.0,16.4,23.64,20.79,31.93
12,EFX,에퀴팩스,5,60,14,34,64,1.0,10.0,16.19,0.0,21.07,26.81
12,MAS,매스코,5,60,14,34,64,1.0,10.0,16.19,80.35,20.79,31.93
12,KEYS.K,키사이트 테크놀로지스,5,60,14,34,64,1.0,10.0,16.19,0.0,23.38,30.07
12,IRM,아이언 마운틴,5,60,14,34,64,1.0,10.0,16.19,61.82,16.44,27.92
12,DLTR.O,달러 트리,5,60,14,34,64,1.0,10.0,16.19,0.0,17.76,30.5
12,CPRT.O,코파트,5,60,14,34,64,1.0,10.0,16.19,-12.15,20.73,31.51
12,A,애질런트 테크놀로지스,5,60,14,34,64,1.0,10.0,16.19,0.0,18.86,28.45
12,RVTY.K,레비티,5,60,14,34,64,1.0,10.0,16.19,0.0,17.34,27.45
12,TEL,TE 커넥티비티,5,60,14,34,64,1.0,10.0,16.19,0.0,17.78,26.07
12,DOV,도버,5,60,14,34,64,1.0,10.0,16.19,0.0,17.89,26.31
12,RMD,레스메드,5,60,14,34,64,1.0,10.0,16.19,75.68,19.27,30.06
12,NDSN.O,노드슨,5,60,14,34,64,1.0,10.0,16.19,0.0,21.09,29.17
12,WAB,웨스팅하우스 에어 브레이크 테크놀로지,5,60,14,34,64,1.0,10.0,16.19,0.0,21.19,30.02
12,DVA,다비타,5,60,14,34,64,1.0,10.0,16.19,56.2,16.49,29.02
12,CRL,찰스 리버 래보라토리스 인터내셔널,5,60,14,34,64,1.0,10.0,16.19,0.0,19.53,31.22
12,AVY,에이버리 데니슨,5,60,14,34,64,1.0,10.0,16.19,34.58,18.18,26.76
12,XYL,자일럼,5,60,14,34,64,1.0,10.0,16.19,0.0,18.57,26.27
12,VRSN.O,베리사인,5,60,14,34,64,1.0,10.0,16.19,0.0,18.17,26.03
12,PKG,패키징 코퍼레이션 오브 아메리카,5,60,14,34,64,1.0,10.0,16.19,0.0,20.55,27.26
12,SNA,스냅-온,5,60,14,34,64,1.0,10.0,16.19,0.0,17.8,25.84
12,ANSS.O,앤시스,5,60,14,34,64,1.0,10.0,16.19,0.0,19.6,28.49
12,HII,헌팅턴 잉걸스 인더스트리즈,5,60,14,34,64,1.0,10.0,16.19,0.0,19.43,26.65
12,EBAY.O,이베이,5,60,14,34,64,1.0,10.0,16.19,0.0,19.19,29.87
12,HOLX.O,홀로직,5,60,14,34,64,1.0,10.0,16.19,0.0,17.31,27.49
12,CSX.O,CSX,5,60,14,34,64,1.0,10.0,16.19,0.0,17.68,27.36
12,ETN,이튼,5,60,14,34,64,1.0,10.0,16.19,25.97,22.18,27.8
12,MLM,마틴 마리에타 머터리얼스,5,60,14,34,64,1.0,10.0,16.19,29.75,19.51,30.56
12,JPM,제이피모간체이스,5,60,14,34,64,1.0,10.0,16.19,34.06,16.83,27.46
12,ORCL.K,오라클,5,60,14,34,64,1.0,10.0,16.19,0.0,17.91,26.66
12,CAT,캐터필러,5,60,14,34,64,1.0,10.0,16.19,43.98,17.08,28.59
12,SBUX.O,스타벅스,5,60,14,34,64,1.0,10.0,16.19,0.0,17.5,26.5
12,TXN.O,텍사스 인스트루먼트,5,60,14,34,64,1.0,10.0,16.19,0.0,20.34,26.67
12,ADI.O,애널로그 디바이시스,5,60,14,34,64,1.0,10.0,16.19,0.0,20.93,28.75
12,ABBV.K,애브비,5,60,14,34,64,1.0,10.0,16.19,0.0,18.6,26.34
12,AXP,아메리칸 익스프레스,5,60,14,34,64,1.0,10.0,16.19,28.0,17.67,28.58
12,RTX,RTX,5,60,14,34,64,1.0,10.0,16.19,0.0,22.93,29.05
12,BLK,블랙록,5,60,14,34,64,1.0,10.0,16.19,0.0,16.94,27.44
12,VMC,벌칸 머티리얼스,5,60,14,34,64,1.0,10.0,16.19,47.34,18.92,31.74
12,PH,파커-하니핀,5,60,14,34,64,1.0,10.0,16.19,0.0,22.51,29.74
12,GPN,글로벌 페이먼츠,5,60,14,34,64,1.0,10.0,16.19,0.0,17.6,30.12
12,MAR.O,메리어트 인터내셔널,5,60,14,34,64,1.0,10.0,16.19,29.41,21.76,30.72
12,IQV,아이큐비아 홀딩스,5,60,14,34,64,1.0,10.0,16.19,0.0,20.58,27.76
12,ROK,로크웰 오토메이션,5,60,14,34,64,1.0,10.0,16.19,0.0,17.93,29.84
12,GWW,W W 그레인저,5,60,14,34,64,1.0,10.0,16.19,144.89,20.97,26.61
12,CI,시그나,5,60,14,34,64,1.0,10.0,16.19,0.0,23.21,28.49
12,CHTR.O,차터 커뮤니케이션,5,60,14,34,64,1.0,10.0,16.19,0.0,20.77,29.36
12,EQIX.O,이퀴닉스,5,60,14,34,64,1.0,10.0,16.19,0.0,23.25,29.15
12,DE,디어 앤 코,5,60,14,34,64,1.0,10.0,16.19,0.0,18.41,27.74
12,HLT,힐튼 월드와이드 홀딩스,5,60,14,34,64,1.0,10.0,16.19,39.33,20.85,28.61
12,HUM,휴마나,5,60,14,34,64,1.0,10.0,16.19,90.18,21.36,29.55
12,DOV,도버,5,60,14,34,69,1.0,10.0,15.92,0.0,17.89,26.31
12,RVTY.K,레비티,5,60,14,34,69,1.0,10.0,15.92,0.0,17.34,27.45
12,A,애질런트 테크놀로지스,5,60,14,34,69,1.0,10.0,15.92,0.0,18.86,28.45
12,CPRT.O,코파트,5,60,14,34,69,1.0,10.0,15.92,-12.15,20.73,31.51
12,EFX,에퀴팩스,5,60,14,34,69,1.0,10.0,15.92,0.0,21.07,26.81
12,IRM,아이언 마운틴,5,60,14,34,69,1.0,10.0,15.92,70.75,16.44,27.92
12,KEYS.K,키사이트 테크놀로지스,5,60,14,34,69,1.0,10.0,15.92,0.0,23.38,30.07
12,MAS,매스코,5,60,14,34,69,1.0,10.0,15.92,77.62,20.79,31.93
12,RMD,레스메드,5,60,14,34,69,1.0,10.0,15.92,81.96,19.27,30.06
12,TEL,TE 커넥티비티,5,60,14,34,69,1.0,10.0,15.92,0.0,17.78,26.07
12,AVY,에이버리 데니슨,5,60,14,34,69,1.0,10.0,15.92,32.28,18.18,26.76
12,WAB,웨스팅하우스 에어 브레이크 테크놀로지,5,60,14,34,69,1.0,10.0,15.92,0.0,21.19,30.02
12,HOLX.O,홀로직,5,60,14,34,69,1.0,10.0,15.92,0.0,17.31,27.49
12,DVA,다비타,5,60,14,34,69,1.0,10.0,15.92,65.09,16.49,29.02
12,CRL,찰스 리버 래보라토리스 인터내셔널,5,60,14,34,69,1.0,10.0,15.92,0.0,19.53,31.22
12,EBAY.O,이베이,5,60,14,34,69,1.0,10.0,15.92,0.0,19.19,29.87
12,XYL,자일럼,5,60,14,34,69,1.0,10.0,15.92,0.0,18.57,26.27
12,VRSN.O,베리사인,5,60,14,34,69,1.0,10.0,15.92,0.0,18.17,26.03
12,PKG,패키징 코퍼레이션 오브 아메리카,5,60,14,34,69,1.0,10.0,15.92,0.0,20.55,27.26
12,SNA,스냅-온,5,60,14,34,69,1.0,10.0,15.92,0.0,17.8,25.84
12,ANSS.O,앤시스,5,60,14,34,69,1.0,10.0,15.92,0.0,19.6,28.49
12,HII,헌팅턴 잉걸스 인더스트리즈,5,60,14,34,69,1.0,10.0,15.92,0.0,19.43,26.65
12,NDSN.O,노드슨,5,60,14,34,69,1.0,10.0,15.92,0.0,21.09,29.17
12,DLTR.O,달러 트리,5,60,14,34,69,1.0,10.0,15.92,0.0,17.76,30.5
12,ROK,로크웰 오토메이션,5,60,14,34,69,1.0,10.0,15.92,0.0,17.93,29.84
12,VMC,벌칸 머티리얼스,5,60,14,34,69,1.0,10.0,15.92,33.33,18.92,31.74
12,ETN,이튼,5,60,14,34,69,1.0,10.0,15.92,31.7,22.18,27.8
12,JPM,제이피모간체이스,5,60,14,34,69,1.0,10.0,15.92,18.19,16.83,27.46
12,ORCL.K,오라클,5,60,14,34,69,1.0,10.0,15.92,0.0,17.91,26.66
12,CAT,캐터필러,5,60,14,34,69,1.0,10.0,15.92,46.57,17.08,28.59
12,SBUX.O,스타벅스,5,60,14,34,69,1.0,10.0,15.92,0.0,17.5,26.5
12,TXN.O,텍사스 인스트루먼트,5,60,14,34,69,1.0,10.0,15.92,0.0,20.34,26.67
12,ADI.O,애널로그 디바이시스,5,60,14,34,69,1.0,10.0,15.92,0.0,20.93,28.75
12,ABBV.K,애브비,5,60,14,34,69,1.0,10.0,15.92,0.0,18.6,26.34
12,AXP,아메리칸 익스프레스,5,60,14,34,69,1.0,10.0,15.92,33.03,17.67,28.58
12,RTX,RTX,5,60,14,34,69,1.0,10.0,15.92,0.0,22.93,29.05
12,BLK,블랙록,5,60,14,34,69,1.0,10.0,15.92,0.0,16.94,27.44
12,PH,파커-하니핀,5,60,14,34,69,1.0,10.0,15.92,0.0,22.51,29.74
12,CSX.O,CSX,5,60,14,34,69,1.0,10.0,15.92,0.0,17.68,27.36
12,MAR.O,메리어트 인터내셔널,5,60,14,34,69,1.0,10.0,15.92,28.05,21.76,30.72
12,HLT,힐튼 월드와이드 홀딩스,5,60,14,34,69,1.0,10.0,15.92,39.33,20.85,28.61
12,DE,디어 앤 코,5,60,14,34,69,1.0,10.0,15.92,0.0,18.41,27.74
12,EQIX.O,이퀴닉스,5,60,14,34,69,1.0,10.0,15.92,0.0,23.25,29.15
12,CHTR.O,차터 커뮤니케이션,5,60,14,34,69,1.0,10.0,15.92,0.0,20.77,29.36
12,GPN,글로벌 페이먼츠,5,60,14,34,69,1.0,10.0,15.92,0.0,17.6,30.12
12,GWW,W W 그레인저,5,60,14,34,69,1.0,10.0,15.92,133.19,20.97,26.61
12,IQV,아이큐비아 홀딩스,5,60,14,34,69,1.0,10.0,15.92,0.0,20.58,27.76
12,CI,시그나,5,60,14,34,69,1.0,10.0,15.92,0.0,23.21,28.49
12,MLM,마틴 마리에타 머터리얼스,5,60,14,34,69,1.0,10.0,15.92,26.64,19.51,30.56
12,HUM,휴마나,5,60,14,34,69,1.0,10.0,15.92,90.18,21.36,29.55
12,NDSN.O,노드슨,5,120,14,49,79,1.0,10.0,15.41,16.19,21.09,29.17
12,ORCL.K,오라클,5,120,14,49,79,1.0,10.0,15.41,22.47,17.91,26.66
12,MAR.O,메리어트 인터내셔널,5,120,14,49,79,1.0,10.0,15.41,27.15,21.76,30.72
12,MLM,마틴 마리에타 머터리얼스,5,120,14,49,79,1.0,10.0,15.41,16.97,19.51,30.56
12,CI,시그나,5,120,14,49,79,1.0,10.0,15.41,23.17,23.21,28.49
12,IQV,아이큐비아 홀딩스,5,120,14,49,79,1.0,10.0,15.41,0.79,20.58,27.76
12,ROK,로크웰 오토메이션,5,120,14,49,79,1.0,10.0,15.41,18.54,17.93,29.84
12,GWW,W W 그레인저,5,120,14,49,79,1.0,10.0,15.41,19.15,20.97,26.61
12,GPN,글로벌 페이먼츠,5,120,14,49,79,1.0,10.0,15.41,1.26,17.6,30.12
12,CHTR.O,차터 커뮤니케이션,5,120,14,49,79,1.0,10.0,15.41,-13.81,20.77,29.36
12,EQIX.O,이퀴닉스,5,120,14,49,79,1.0,10.0,15.41,37.66,23.25,29.15
12,DE,디어 앤 코,5,120,14,49,79,1.0,10.0,15.41,9.62,18.41,27.74
12,HUM,휴마나,5,120,14,49,79,1.0,10.0,15.41,16.74,21.36,29.55
12,PH,파커-하니핀,5,120,14,49,79,1.0,10.0,15.41,20.52,22.51,29.74
12,VMC,벌칸 머티리얼스,5,120,14,49,79,1.0,10.0,15.41,18.6,18.92,31.74
12,ETN,이튼,5,120,14,49,79,1.0,10.0,15.41,12.41,22.18,27.8
12,BLK,블랙록,5,120,14,49,79,1.0,10.0,15.41,23.77,16.94,27.44
12,RTX,RTX,5,120,14,49,79,1.0,10.0,15.41,3.77,22.93,29.05
12,AXP,아메리칸 익스프레스,5,120,14,49,79,1.0,10.0,15.41,15.18,17.67,28.58
12,ABBV.K,애브비,5,120,14,49,79,1.0,10.0,15.41,25.64,18.6,26.34
12,ADI.O,애널로그 디바이시스,5,120,14,49,79,1.0,10.0,15.41,15.72,20.93,28.75
12,TXN.O,텍사스 인스트루먼트,5,120,14,49,79,1.0,10.0,15.41,15.84,20.34,26.67
12,SBUX.O,스타벅스,5,120,14,49,79,1.0,10.0,15.41,16.37,17.5,26.5
12,CAT,캐터필러,5,120,14,49,79,1.0,10.0,15.41,20.02,17.08,28.59
12,JPM,제이피모간체이스,5,120,14,49,79,1.0,10.0,15.41,20.77,16.83,27.46
12,CSX.O,CSX,5,120,14,49,79,1.0,10.0,15.41,13.69,17.68,27.36
12,HLT,힐튼 월드와이드 홀딩스,5,120,14,49,79,1.0,10.0,15.41,31.32,20.85,28.61
12,EBAY.O,이베이,5,120,14,49,79,1.0,10.0,15.41,10.22,19.19,29.87
12,WAB,웨스팅하우스 에어 브레이크 테크놀로지,5,120,14,49,79,1.0,10.0,15.41,13.26,21.19,30.02
12,DLTR.O,달러 트리,5,120,14,49,79,1.0,10.0,15.41,4.65,17.76,30.5
12,ANSS.O,앤시스,5,120,14,49,79,1.0,10.0,15.41,8.29,19.6,28.49
12,SNA,스냅-온,5,120,14,49,79,1.0,10.0,15.41,14.23,17.8,25.84
12,PKG,패키징 코퍼레이션 오브 아메리카,5,120,14,49,79,1.0,10.0,15.41,21.17,20.55,27.26
12,VRSN.O,베리사인,5,120,14,49,79,1.0,10.0,15.41,-5.21,18.17,26.03
12,XYL,자일럼,5,120,14,49,79,1.0,10.0,15.41,31.0,18.57,26.27
12,AVY,에이버리 데니슨,5,120,14,49,79,1.0,10.0,15.41,21.06,18.18,26.76
12,CRL,찰스 리버 래보라토리스 인터내셔널,5,120,14,49,79,1.0,10.0,15.41,16.31,19.53,31.22
12,DVA,다비타,5,120,14,49,79,1.0,10.0,15.41,15.61,16.49,29.02
12,HOLX.O,홀로직,5,120,14,49,79,1.0,10.0,15.41,15.51,17.31,27.49
12,HII,헌팅턴 잉걸스 인더스트리즈,5,120,14,49,79,1.0,10.0,15.41,3.56,19.43,26.65
12,DOV,도버,5,120,14,49,79,1.0,10.0,15.41,14.08,17.89,26.31
12,EFX,에퀴팩스,5,120,14,49,79,1.0,10.0,15.41,17.57,21.07,26.81
12,RMD,레스메드,5,120,14,49,79,1.0,10.0,15.41,18.72,19.27,30.06
12,RVTY.K,레비티,5,120,14,49,79,1.0,10.0,15.41,13.92,17.34,27.45
12,A,애질런트 테크놀로지스,5,120,14,49,79,1.0,10.0,15.41,13.13,18.86,28.45
12,CPRT.O,코파트,5,120,14,49,79,1.0,10.0,15.41,5.75,20.73,31.51
12,TEL,TE 커넥티비티,5,120,14,49,79,1.0,10.0,15.41,18.3,17.78,26.07
12,IRM,아이언 마운틴,5,120,14,49,79,1.0,10.0,15.41,12.58,16.44,27.92
12,KEYS.K,키사이트 테크놀로지스,5,120,14,49,79,1.0,10.0,15.41,18.71,23.38,30.07
12,MAS,매스코,5,120,14,49,79,1.0,10.0,15.41,18.51,20.79,31.93
12,MAR.O,메리어트 인터내셔널,5,60,14,29,54,1.0,10.0,14.5,0.0,21.76,30.72
12,IQV,아이큐비아 홀딩스,5,60,14,29,54,1.0,10.0,14.5,0.0,20.58,27.76
12,ROK,로크웰 오토메이션,5,60,14,29,54,1.0,10.0,14.5,0.0,17.93,29.84
12,GWW,W W 그레인저,5,60,14,29,54,1.0,10.0,14.5,0.0,20.97,26.61
12,GPN,글로벌 페이먼츠,5,60,14,29,54,1.0,10.0,14.5,0.0,17.6,30.12
12,CHTR.O,차터 커뮤니케이션,5,60,14,29,54,1.0,10.0,14.5,0.0,20.77,29.36
12,EQIX.O,이퀴닉스,5,60,14,29,54,1.0,10.0,14.5,0.0,23.25,29.15
12,CI,시그나,5,60,14,29,54,1.0,10.0,14.5,0.0,23.21,28.49
12,DE,디어 앤 코,5,60,14,29,54,1.0,10.0,14.5,0.0,18.41,27.74
12,HLT,힐튼 월드와이드 홀딩스,5,60,14,29,54,1.0,10.0,14.5,0.0,20.85,28.61
12,HUM,휴마나,5,60,14,29,54,1.0,10.0,14.5,0.0,21.36,29.55
12,AXP,아메리칸 익스프레스,5,60,14,29,54,1.0,10.0,14.5,32.72,17.67,28.58
12,PH,파커-하니핀,5,60,14,29,54,1.0,10.0,14.5,0.0,22.51,29.74
12,ETN,이튼,5,60,14,29,54,1.0,10.0,14.5,0.0,22.18,27.8
12,BLK,블랙록,5,60,14,29,54,1.0,10.0,14.5,0.0,16.94,27.44
12,RTX,RTX,5,60,14,29,54,1.0,10.0,14.5,0.0,22.93,29.05
12,ABBV.K,애브비,5,60,14,29,54,1.0,10.0,14.5,0.0,18.6,26.34
12,ADI.O,애널로그 디바이시스,5,60,14,29,54,1.0,10.0,14.5,0.0,20.93,28.75
12,TXN.O,텍사스 인스트루먼트,5,60,14,29,54,1.0,10.0,14.5,0.0,20.34,26.67
12,SBUX.O,스타벅스,5,60,14,29,54,1.0,10.0,14.5,0.0,17.5,26.5
12,CAT,캐터필러,5,60,14,29,54,1.0,10.0,14.5,0.0,17.08,28.59
12,ORCL.K,오라클,5,60,14,29,54,1.0,10.0,14.5,0.0,17.91,26.66
12,VMC,벌칸 머티리얼스,5,60,14,29,54,1.0,10.0,14.5,145.56,18.92,31.74
12,CSX.O,CSX,5,60,14,29,54,1.0,10.0,14.5,0.0,17.68,27.36
12,MLM,마틴 마리에타 머터리얼스,5,60,14,29,54,1.0,10.0,14.5,74.13,19.51,30.56
12,EBAY.O,이베이,5,60,14,29,54,1.0,10.0,14.5,0.0,19.19,29.87
12,HOLX.O,홀로직,5,60,14,29,54,1.0,10.0,14.5,0.0,17.31,27.49
12,NDSN.O,노드슨,5,60,14,29,54,1.0,10.0,14.5,0.0,21.09,29.17
12,HII,헌팅턴 잉걸스 인더스트리즈,5,60,14,29,54,1.0,10.0,14.5,0.0,19.43,26.65
12,ANSS.O,앤시스,5,60,14,29,54,1.0,10.0,14.5,0.0,19.6,28.49
12,SNA,스냅-온,5,60,14,29,54,1.0,10.0,14.5,0.0,17.8,25.84
12,PKG,패키징 코퍼레이션 오브 아메리카,5,60,14,29,54,1.0,10.0,14.5,0.0,20.55,27.26
12,VRSN.O,베리사인,5,60,14,29,54,1.0,10.0,14.5,0.0,18.17,26.03
12,XYL,자일럼,5,60,14,29,54,1.0,10.0,14.5,0.0,18.57,26.27
12,AVY,에이버리 데니슨,5,60,14,29,54,1.0,10.0,14.5,22.71,18.18,26.76
12,CRL,찰스 리버 래보라토리스 인터내셔널,5,60,14,29,54,1.0,10.0,14.5,0.0,19.53,31.22
12,DVA,다비타,5,60,14,29,54,1.0,10.0,14.5,0.0,16.49,29.02
12,WAB,웨스팅하우스 에어 브레이크 테크놀로지,5,60,14,29,54,1.0,10.0,14.5,0.0,21.19,30.02
12,DLTR.O,달러 트리,5,60,14,29,54,1.0,10.0,14.5,0.0,17.76,30.5
12,DOV,도버,5,60,14,29,54,1.0,10.0,14.5,0.0,17.89,26.31
12,RMD,레스메드,5,60,14,29,54,1.0,10.0,14.5,145.94,19.27,30.06
12,MAS,매스코,5,60,14,29,54,1.0,10.0,14.5,204.77,20.79,31.93
12,KEYS.K,키사이트 테크놀로지스,5,60,14,29,54,1.0,10.0,14.5,0.0,23.38,30.07
12,IRM,아이언 마운틴,5,60,14,29,54,1.0,10.0,14.5,0.0,16.44,27.92
12,EFX,에퀴팩스,5,60,14,29,54,1.0,10.0,14.5,0.0,21.07,26.81
12,CPRT.O,코파트,5,60,14,29,54,1.0,10.0,14.5,0.0,20.73,31.51
12,A,애질런트 테크놀로지스,5,60,14,29,54,1.0,10.0,14.5,0.0,18.86,28.45
12,RVTY.K,레비티,5,60,14,29,54,1.0,10.0,14.5,0.0,17.34,27.45
12,TEL,TE 커넥티비티,5,60,14,29,54,1.0,10.0,14.5,0.0,17.78,26.07
12,JPM,제이피모간체이스,5,60,14,29,54,1.0,10.0,14.5,99.03,16.83,27.46
12,ORCL.K,오라클,5,60,14,34,74,1.0,10.0,14.03,0.0,17.91,26.66
12,JPM,제이피모간체이스,5,60,14,34,74,1.0,10.0,14.03,20.0,16.83,27.46
12,DOV,도버,5,60,14,34,74,1.0,10.0,14.03,0.0,17.89,26.31
12,DLTR.O,달러 트리,5,60,14,34,74,1.0,10.0,14.03,0.0,17.76,30.5
12,TEL,TE 커넥티비티,5,60,14,34,74,1.0,10.0,14.03,0.0,17.78,26.07
12,RVTY.K,레비티,5,60,14,34,74,1.0,10.0,14.03,0.0,17.34,27.45
12,A,애질런트 테크놀로지스,5,60,14,34,74,1.0,10.0,14.03,0.0,18.86,28.45
12,CPRT.O,코파트,5,60,14,34,74,1.0,10.0,14.03,-12.15,20.73,31.51
12,EFX,에퀴팩스,5,60,14,34,74,1.0,10.0,14.03,0.0,21.07,26.81
12,IRM,아이언 마운틴,5,60,14,34,74,1.0,10.0,14.03,35.63,16.44,27.92
12,KEYS.K,키사이트 테크놀로지스,5,60,14,34,74,1.0,10.0,14.03,0.0,23.38,30.07
12,MAS,매스코,5,60,14,34,74,1.0,10.0,14.03,75.69,20.79,31.93
12,RMD,레스메드,5,60,14,34,74,1.0,10.0,14.03,58.93,19.27,30.06
12,WAB,웨스팅하우스 에어 브레이크 테크놀로지,5,60,14,34,74,1.0,10.0,14.03,0.0,21.19,30.02
12,VMC,벌칸 머티리얼스,5,60,14,34,74,1.0,10.0,14.03,30.53,18.92,31.74
12,HOLX.O,홀로직,5,60,14,34,74,1.0,10.0,14.03,0.0,17.31,27.49
12,DVA,다비타,5,60,14,34,74,1.0,10.0,14.03,65.09,16.49,29.02
12,CRL,찰스 리버 래보라토리스 인터내셔널,5,60,14,34,74,1.0,10.0,14.03,0.0,19.53,31.22
12,AVY,에이버리 데니슨,5,60,14,34,74,1.0,10.0,14.03,25.39,18.18,26.76
12,XYL,자일럼,5,60,14,34,74,1.0,10.0,14.03,0.0,18.57,26.27
12,VRSN.O,베리사인,5,60,14,34,74,1.0,10.0,14.03,0.0,18.17,26.03
12,PKG,패키징 코퍼레이션 오브 아메리카,5,60,14,34,74,1.0,10.0,14.03,0.0,20.55,27.26
12,SNA,스냅-온,5,60,14,34,74,1.0,10.0,14.03,0.0,17.8,25.84
12,HII,헌팅턴 잉걸스 인더스트리즈,5,60,14,34,74,1.0,10.0,14.03,0.0,19.43,26.65
12,NDSN.O,노드슨,5,60,14,34,74,1.0,10.0,14.03,0.0,21.09,29.17
12,EBAY.O,이베이,5,60,14,34,74,1.0,10.0,14.03,0.0,19.19,29.87
12,ANSS.O,앤시스,5,60,14,34,74,1.0,10.0,14.03,0.0,19.6,28.49
12,CSX.O,CSX,5,60,14,34,74,1.0,10.0,14.03,0.0,17.68,27.36
12,HUM,휴마나,5,60,14,34,74,1.0,10.0,14.03,90.18,21.36,29.55
12,CAT,캐터필러,5,60,14,34,74,1.0,10.0,14.03,53.72,17.08,28.59
12,TXN.O,텍사스 인스트루먼트,5,60,14,34,74,1.0,10.0,14.03,0.0,20.34,26.67
12,ADI.O,애널로그 디바이시스,5,60,14,34,74,1.0,10.0,14.03,0.0,20.93,28.75
12,ABBV.K,애브비,5,60,14,34,74,1.0,10.0,14.03,0.0,18.6,26.34
12,AXP,아메리칸 익스프레스,5,60,14,34,74,1.0,10.0,14.03,31.99,17.67,28.58
12,RTX,RTX,5,60,14,34,74,1.0,10.0,14.03,0.0,22.93,29.05
12,BLK,블랙록,5,60,14,34,74,1.0,10.0,14.03,0.0,16.94,27.44
12,ETN,이튼,5,60,14,34,74,1.0,10.0,14.03,12.24,22.18,27.8
12,PH,파커-하니핀,5,60,14,34,74,1.0,10.0,14.03,0.0,22.51,29.74
12,MAR.O,메리어트 인터내셔널,5,60,14,34,74,1.0,10.0,14.03,31.0,21.76,30.72
12,SBUX.O,스타벅스,5,60,14,34,74,1.0,10.0,14.03,0.0,17.5,26.5
12,HLT,힐튼 월드와이드 홀딩스,5,60,14,34,74,1.0,10.0,14.03,38.39,20.85,28.61
12,EQIX.O,이퀴닉스,5,60,14,34,74,1.0,10.0,14.03,0.0,23.25,29.15
12,CHTR.O,차터 커뮤니케이션,5,60,14,34,74,1.0,10.0,14.03,0.0,20.77,29.36
12,GPN,글로벌 페이먼츠,5,60,14,34,74,1.0,10.0,14.03,0.0,17.6,30.12
12,GWW,W W 그레인저,5,60,14,34,74,1.0,10.0,14.03,126.1,20.97,26.61
12,ROK,로크웰 오토메이션,5,60,14,34,74,1.0,10.0,14.03,0.0,17.93,29.84
12,IQV,아이큐비아 홀딩스,5,60,14,34,74,1.0,10.0,14.03,0.0,20.58,27.76
12,CI,시그나,5,60,14,34,74,1.0,10.0,14.03,0.0,23.21,28.49
12,MLM,마틴 마리에타 머터리얼스,5,60,14,34,74,1.0,10.0,14.03,18.54,19.51,30.56
12,DE,디어 앤 코,5,60,14,34,74,1.0,10.0,14.03,0.0,18.41,27.74
12,CHTR.O,차터 커뮤니케이션,5,120,14,39,69,1.0,10.0,13.64,-13.81,20.77,29.36
12,HLT,힐튼 월드와이드 홀딩스,5,120,14,39,69,1.0,10.0,13.64,0.0,20.85,28.61
12,DE,디어 앤 코,5,120,14,39,69,1.0,10.0,13.64,0.0,18.41,27.74
12,EQIX.O,이퀴닉스,5,120,14,39,69,1.0,10.0,13.64,13.0,23.25,29.15
12,IQV,아이큐비아 홀딩스,5,120,14,39,69,1.0,10.0,13.64,0.0,20.58,27.76
12,GPN,글로벌 페이먼츠,5,120,14,39,69,1.0,10.0,13.64,-9.38,17.6,30.12
12,GWW,W W 그레인저,5,120,14,39,69,1.0,10.0,13.64,18.28,20.97,26.61
12,ROK,로크웰 오토메이션,5,120,14,39,69,1.0,10.0,13.64,0.0,17.93,29.84
12,MAR.O,메리어트 인터내셔널,5,120,14,39,69,1.0,10.0,13.64,27.45,21.76,30.72
12,CI,시그나,5,120,14,39,69,1.0,10.0,13.64,0.0,23.21,28.49
12,HUM,휴마나,5,120,14,39,69,1.0,10.0,13.64,0.0,21.36,29.55
12,AXP,아메리칸 익스프레스,5,120,14,39,69,1.0,10.0,13.64,27.85,17.67,28.58
12,PH,파커-하니핀,5,120,14,39,69,1.0,10.0,13.64,22.44,22.51,29.74
12,ETN,이튼,5,120,14,39,69,1.0,10.0,13.64,19.49,22.18,27.8
12,BLK,블랙록,5,120,14,39,69,1.0,10.0,13.64,0.0,16.94,27.44
12,RTX,RTX,5,120,14,39,69,1.0,10.0,13.64,0.0,22.93,29.05
12,ABBV.K,애브비,5,120,14,39,69,1.0,10.0,13.64,29.94,18.6,26.34
12,ADI.O,애널로그 디바이시스,5,120,14,39,69,1.0,10.0,13.64,0.0,20.93,28.75
12,TXN.O,텍사스 인스트루먼트,5,120,14,39,69,1.0,10.0,13.64,0.0,20.34,26.67
12,SBUX.O,스타벅스,5,120,14,39,69,1.0,10.0,13.64,0.0,17.5,26.5
12,CSX.O,CSX,5,120,14,39,69,1.0,10.0,13.64,91.65,17.68,27.36
12,CAT,캐터필러,5,120,14,39,69,1.0,10.0,13.64,0.0,17.08,28.59
12,MLM,마틴 마리에타 머터리얼스,5,120,14,39,69,1.0,10.0,13.64,0.0,19.51,30.56
12,MAS,매스코,5,120,14,39,69,1.0,10.0,13.64,0.0,20.79,31.93
12,VMC,벌칸 머티리얼스,5,120,14,39,69,1.0,10.0,13.64,36.0,18.92,31.74
12,DOV,도버,5,120,14,39,69,1.0,10.0,13.64,0.0,17.89,26.31
12,NDSN.O,노드슨,5,120,14,39,69,1.0,10.0,13.64,0.0,21.09,29.17
12,PKG,패키징 코퍼레이션 오브 아메리카,5,120,14,39,69,1.0,10.0,13.64,37.41,20.55,27.26
12,VRSN.O,베리사인,5,120,14,39,69,1.0,10.0,13.64,0.0,18.17,26.03
12,XYL,자일럼,5,120,14,39,69,1.0,10.0,13.64,0.0,18.57,26.27
12,AVY,에이버리 데니슨,5,120,14,39,69,1.0,10.0,13.64,32.55,18.18,26.76
12,CRL,찰스 리버 래보라토리스 인터내셔널,5,120,14,39,69,1.0,10.0,13.64,0.0,19.53,31.22
12,DVA,다비타,5,120,14,39,69,1.0,10.0,13.64,62.39,16.49,29.02
12,HOLX.O,홀로직,5,120,14,39,69,1.0,10.0,13.64,99.68,17.31,27.49
12,WAB,웨스팅하우스 에어 브레이크 테크놀로지,5,120,14,39,69,1.0,10.0,13.64,0.0,21.19,30.02
12,RMD,레스메드,5,120,14,39,69,1.0,10.0,13.64,29.37,19.27,30.06
12,EBAY.O,이베이,5,120,14,39,69,1.0,10.0,13.64,0.0,19.19,29.87
12,SNA,스냅-온,5,120,14,39,69,1.0,10.0,13.64,0.0,17.8,25.84
12,KEYS.K,키사이트 테크놀로지스,5,120,14,39,69,1.0,10.0,13.64,0.0,23.38,30.07
12,IRM,아이언 마운틴,5,120,14,39,69,1.0,10.0,13.64,45.61,16.44,27.92
12,EFX,에퀴팩스,5,120,14,39,69,1.0,10.0,13.64,0.0,21.07,26.81
12,CPRT.O,코파트,5,120,14,39,69,1.0,10.0,13.64,26.73,20.73,31.51
12,A,애질런트 테크놀로지스,5,120,14,39,69,1.0,10.0,13.64,10.6,18.86,28.45
12,RVTY.K,레비티,5,120,14,39,69,1.0,10.0,13.64,-1.94,17.34,27.45
12,TEL,TE 커넥티비티,5,120,14,39,69,1.0,10.0,13.64,0.0,17.78,26.07
12,DLTR.O,달러 트리,5,120,14,39,69,1.0,10.0,13.64,0.0,17.76,30.5
12,ORCL.K,오라클,5,120,14,39,69,1.0,10.0,13.64,0.0,17.91,26.66
12,JPM,제이피모간체이스,5,120,14,39,69,1.0,10.0,13.64,40.04,16.83,27.46
12,ANSS.O,앤시스,5,120,14,39,69,1.0,10.0,13.64,16.91,19.6,28.49
12,HII,헌팅턴 잉걸스 인더스트리즈,5,120,14,39,69,1.0,10.0,13.64,19.59,19.43,26.65
12,DOV,도버,5,120,14,39,74,1.0,10.0,11.09,0.0,17.89,26.31
12,DLTR.O,달러 트리,5,120,14,39,74,1.0,10.0,11.09,0.0,17.76,30.5
12,TEL,TE 커넥티비티,5,120,14,39,74,1.0,10.0,11.09,0.0,17.78,26.07
12,RVTY.K,레비티,5,120,14,39,74,1.0,10.0,11.09,-1.94,17.34,27.45
12,A,애질런트 테크놀로지스,5,120,14,39,74,1.0,10.0,11.09,10.6,18.86,28.45
12,CPRT.O,코파트,5,120,14,39,74,1.0,10.0,11.09,26.73,20.73,31.51
12,EFX,에퀴팩스,5,120,14,39,74,1.0,10.0,11.09,0.0,21.07,26.81
12,IRM,아이언 마운틴,5,120,14,39,74,1.0,10.0,11.09,30.32,16.44,27.92
12,KEYS.K,키사이트 테크놀로지스,5,120,14,39,74,1.0,10.0,11.09,0.0,23.38,30.07
12,MAS,매스코,5,120,14,39,74,1.0,10.0,11.09,0.0,20.79,31.93
12,RMD,레스메드,5,120,14,39,74,1.0,10.0,11.09,28.52,19.27,30.06
12,WAB,웨스팅하우스 에어 브레이크 테크놀로지,5,120,14,39,74,1.0,10.0,11.09,0.0,21.19,30.02
12,CAT,캐터필러,5,120,14,39,74,1.0,10.0,11.09,0.0,17.08,28.59
12,HOLX.O,홀로직,5,120,14,39,74,1.0,10.0,11.09,11.61,17.31,27.49
12,DVA,다비타,5,120,14,39,74,1.0,10.0,11.09,62.39,16.49,29.02
12,CRL,찰스 리버 래보라토리스 인터내셔널,5,120,14,39,74,1.0,10.0,11.09,0.0,19.53,31.22
12,AVY,에이버리 데니슨,5,120,14,39,74,1.0,10.0,11.09,25.21,18.18,26.76
12,XYL,자일럼,5,120,14,39,74,1.0,10.0,11.09,0.0,18.57,26.27
12,VRSN.O,베리사인,5,120,14,39,74,1.0,10.0,11.09,0.0,18.17,26.03
12,PKG,패키징 코퍼레이션 오브 아메리카,5,120,14,39,74,1.0,10.0,11.09,36.95,20.55,27.26
12,SNA,스냅-온,5,120,14,39,74,1.0,10.0,11.09,0.0,17.8,25.84
12,ANSS.O,앤시스,5,120,14,39,74,1.0,10.0,11.09,16.91,19.6,28.49
12,HII,헌팅턴 잉걸스 인더스트리즈,5,120,14,39,74,1.0,10.0,11.09,12.71,19.43,26.65
12,EBAY.O,이베이,5,120,14,39,74,1.0,10.0,11.09,0.0,19.19,29.87
12,SBUX.O,스타벅스,5,120,14,39,74,1.0,10.0,11.09,0.0,17.5,26.5
12,NDSN.O,노드슨,5,120,14,39,74,1.0,10.0,11.09,0.0,21.09,29.17
12,MAR.O,메리어트 인터내셔널,5,120,14,39,74,1.0,10.0,11.09,26.63,21.76,30.72
12,ORCL.K,오라클,5,120,14,39,74,1.0,10.0,11.09,0.0,17.91,26.66
12,JPM,제이피모간체이스,5,120,14,39,74,1.0,10.0,11.09,34.91,16.83,27.46
12,TXN.O,텍사스 인스트루먼트,5,120,14,39,74,1.0,10.0,11.09,0.0,20.34,26.67
12,ADI.O,애널로그 디바이시스,5,120,14,39,74,1.0,10.0,11.09,0.0,20.93,28.75
12,ABBV.K,애브비,5,120,14,39,74,1.0,10.0,11.09,32.38,18.6,26.34
12,AXP,아메리칸 익스프레스,5,120,14,39,74,1.0,10.0,11.09,27.31,17.67,28.58
12,RTX,RTX,5,120,14,39,74,1.0,10.0,11.09,0.0,22.93,29.05
12,BLK,블랙록,5,120,14,39,74,1.0,10.0,11.09,0.0,16.94,27.44
12,ETN,이튼,5,120,14,39,74,1.0,10.0,11.09,10.97,22.18,27.8
12,PH,파커-하니핀,5,120,14,39,74,1.0,10.0,11.09,26.05,22.51,29.74
12,HUM,휴마나,5,120,14,39,74,1.0,10.0,11.09,0.0,21.36,29.55
12,CSX.O,CSX,5,120,14,39,74,1.0,10.0,11.09,91.65,17.68,27.36
12,HLT,힐튼 월드와이드 홀딩스,5,120,14,39,74,1.0,10.0,11.09,0.0,20.85,28.61
12,DE,디어 앤 코,5,120,14,39,74,1.0,10.0,11.09,0.0,18.41,27.74
12,EQIX.O,이퀴닉스,5,120,14,39,74,1.0,10.0,11.09,13.0,23.25,29.15
12,CHTR.O,차터 커뮤니케이션,5,120,14,39,74,1.0,10.0,11.09,-13.81,20.77,29.36
12,GPN,글로벌 페이먼츠,5,120,14,39,74,1.0,10.0,11.09,-9.38,17.6,30.12
12,GWW,W W 그레인저,5,120,14,39,74,1.0,10.0,11.09,22.49,20.97,26.61
12,ROK,로크웰 오토메이션,5,120,14,39,74,1.0,10.0,11.09,0.0,17.93,29.84
12,IQV,아이큐비아 홀딩스,5,120,14,39,74,1.0,10.0,11.09,0.0,20.58,27.76
12,CI,시그나,5,120,14,39,74,1.0,10.0,11.09,0.0,23.21,28.49
12,MLM,마틴 마리에타 머터리얼스,5,120,14,39,74,1.0,10.0,11.09,0.0,19.51,30.56
12,VMC,벌칸 머티리얼스,5,120,14,39,74,1.0,10.0,11.09,32.23,18.92,31.74
12,CSX.O,CSX,5,60,14,29,59,1.0,10.0,10.64,0.0,17.68,27.36
12,MAR.O,메리어트 인터내셔널,5,60,14,29,59,1.0,10.0,10.64,0.0,21.76,30.72
12,ETN,이튼,5,60,14,29,59,1.0,10.0,10.64,0.0,22.18,27.8
12,CI,시그나,5,60,14,29,59,1.0,10.0,10.64,0.0,23.21,28.49
12,IQV,아이큐비아 홀딩스,5,60,14,29,59,1.0,10.0,10.64,0.0,20.58,27.76
12,ROK,로크웰 오토메이션,5,60,14,29,59,1.0,10.0,10.64,0.0,17.93,29.84
12,GPN,글로벌 페이먼츠,5,60,14,29,59,1.0,10.0,10.64,0.0,17.6,30.12
12,CHTR.O,차터 커뮤니케이션,5,60,14,29,59,1.0,10.0,10.64,0.0,20.77,29.36
12,EQIX.O,이퀴닉스,5,60,14,29,59,1.0,10.0,10.64,0.0,23.25,29.15
12,DE,디어 앤 코,5,60,14,29,59,1.0,10.0,10.64,0.0,18.41,27.74
12,HLT,힐튼 월드와이드 홀딩스,5,60,14,29,59,1.0,10.0,10.64,0.0,20.85,28.61
12,HUM,휴마나,5,60,14,29,59,1.0,10.0,10.64,0.0,21.36,29.55
12,PH,파커-하니핀,5,60,14,29,59,1.0,10.0,10.64,0.0,22.51,29.74
12,BLK,블랙록,5,60,14,29,59,1.0,10.0,10.64,0.0,16.94,27.44
12,VMC,벌칸 머티리얼스,5,60,14,29,59,1.0,10.0,10.64,47.05,18.92,31.74
12,RTX,RTX,5,60,14,29,59,1.0,10.0,10.64,0.0,22.93,29.05
12,AXP,아메리칸 익스프레스,5,60,14,29,59,1.0,10.0,10.64,35.14,17.67,28.58
12,ABBV.K,애브비,5,60,14,29,59,1.0,10.0,10.64,0.0,18.6,26.34
12,ADI.O,애널로그 디바이시스,5,60,14,29,59,1.0,10.0,10.64,0.0,20.93,28.75
12,TXN.O,텍사스 인스트루먼트,5,60,14,29,59,1.0,10.0,10.64,0.0,20.34,26.67
12,SBUX.O,스타벅스,5,60,14,29,59,1.0,10.0,10.64,0.0,17.5,26.5
12,CAT,캐터필러,5,60,14,29,59,1.0,10.0,10.64,0.0,17.08,28.59
12,ORCL.K,오라클,5,60,14,29,59,1.0,10.0,10.64,0.0,17.91,26.66
12,JPM,제이피모간체이스,5,60,14,29,59,1.0,10.0,10.64,99.03,16.83,27.46
12,NDSN.O,노드슨,5,60,14,29,59,1.0,10.0,10.64,0.0,21.09,29.17
12,MLM,마틴 마리에타 머터리얼스,5,60,14,29,59,1.0,10.0,10.64,28.39,19.51,30.56
12,GWW,W W 그레인저,5,60,14,29,59,1.0,10.0,10.64,0.0,20.97,26.61
12,EBAY.O,이베이,5,60,14,29,59,1.0,10.0,10.64,0.0,19.19,29.87
12,DOV,도버,5,60,14,29,59,1.0,10.0,10.64,0.0,17.89,26.31
12,HII,헌팅턴 잉걸스 인더스트리즈,5,60,14,29,59,1.0,10.0,10.64,0.0,19.43,26.65
12,ANSS.O,앤시스,5,60,14,29,59,1.0,10.0,10.64,0.0,19.6,28.49
12,SNA,스냅-온,5,60,14,29,59,1.0,10.0,10.64,0.0,17.8,25.84
12,PKG,패키징 코퍼레이션 오브 아메리카,5,60,14,29,59,1.0,10.0,10.64,0.0,20.55,27.26
12,VRSN.O,베리사인,5,60,14,29,59,1.0,10.0,10.64,0.0,18.17,26.03
12,XYL,자일럼,5,60,14,29,59,1.0,10.0,10.64,0.0,18.57,26.27
12,AVY,에이버리 데니슨,5,60,14,29,59,1.0,10.0,10.64,30.78,18.18,26.76
12,DLTR.O,달러 트리,5,60,14,29,59,1.0,10.0,10.64,0.0,17.76,30.5
12,DVA,다비타,5,60,14,29,59,1.0,10.0,10.64,0.0,16.49,29.02
12,HOLX.O,홀로직,5,60,14,29,59,1.0,10.0,10.64,0.0,17.31,27.49
12,WAB,웨스팅하우스 에어 브레이크 테크놀로지,5,60,14,29,59,1.0,10.0,10.64,0.0,21.19,30.02
12,CRL,찰스 리버 래보라토리스 인터내셔널,5,60,14,29,59,1.0,10.0,10.64,0.0,19.53,31.22
12,RMD,레스메드,5,60,14,29,59,1.0,10.0,10.64,145.94,19.27,30.06
12,EFX,에퀴팩스,5,60,14,29,59,1.0,10.0,10.64,0.0,21.07,26.81
12,RVTY.K,레비티,5,60,14,29,59,1.0,10.0,10.64,0.0,17.34,27.45
12,A,애질런트 테크놀로지스,5,60,14,29,59,1.0,10.0,10.64,0.0,18.86,28.45
12,CPRT.O,코파트,5,60,14,29,59,1.0,10.0,10.64,0.0,20.73,31.51
12,TEL,TE 커넥티비티,5,60,14,29,59,1.0,10.0,10.64,0.0,17.78,26.07
12,IRM,아이언 마운틴,5,60,14,29,59,1.0,10.0,10.64,0.0,16.44,27.92
12,KEYS.K,키사이트 테크놀로지스,5,60,14,29,59,1.0,10.0,10.64,0.0,23.38,30.07
12,MAS,매스코,5,60,14,29,59,1.0,10.0,10.64,145.81,20.79,31.93
12,PH,파커-하니핀,5,120,14,39,79,1.0,10.0,10.54,16.51,22.51,29.74
12,CI,시그나,5,120,14,39,79,1.0,10.0,10.54,0.0,23.21,28.49
12,IQV,아이큐비아 홀딩스,5,120,14,39,79,1.0,10.0,10.54,0.0,20.58,27.76
12,ROK,로크웰 오토메이션,5,120,14,39,79,1.0,10.0,10.54,0.0,17.93,29.84
12,GWW,W W 그레인저,5,120,14,39,79,1.0,10.0,10.54,19.15,20.97,26.61
12,GPN,글로벌 페이먼츠,5,120,14,39,79,1.0,10.0,10.54,-9.38,17.6,30.12
12,CHTR.O,차터 커뮤니케이션,5,120,14,39,79,1.0,10.0,10.54,-13.81,20.77,29.36
12,EQIX.O,이퀴닉스,5,120,14,39,79,1.0,10.0,10.54,13.0,23.25,29.15
12,DE,디어 앤 코,5,120,14,39,79,1.0,10.0,10.54,0.0,18.41,27.74
12,HLT,힐튼 월드와이드 홀딩스,5,120,14,39,79,1.0,10.0,10.54,0.0,20.85,28.61
12,HUM,휴마나,5,120,14,39,79,1.0,10.0,10.54,0.0,21.36,29.55
12,MAR.O,메리어트 인터내셔널,5,120,14,39,79,1.0,10.0,10.54,27.15,21.76,30.72
12,NDSN.O,노드슨,5,120,14,39,79,1.0,10.0,10.54,0.0,21.09,29.17
12,ETN,이튼,5,120,14,39,79,1.0,10.0,10.54,12.41,22.18,27.8
12,BLK,블랙록,5,120,14,39,79,1.0,10.0,10.54,0.0,16.94,27.44
12,RTX,RTX,5,120,14,39,79,1.0,10.0,10.54,0.0,22.93,29.05
12,AXP,아메리칸 익스프레스,5,120,14,39,79,1.0,10.0,10.54,16.99,17.67,28.58
12,ABBV.K,애브비,5,120,14,39,79,1.0,10.0,10.54,18.7,18.6,26.34
12,ADI.O,애널로그 디바이시스,5,120,14,39,79,1.0,10.0,10.54,0.0,20.93,28.75
12,TXN.O,텍사스 인스트루먼트,5,120,14,39,79,1.0,10.0,10.54,0.0,20.34,26.67
12,SBUX.O,스타벅스,5,120,14,39,79,1.0,10.0,10.54,0.0,17.5,26.5
12,CAT,캐터필러,5,120,14,39,79,1.0,10.0,10.54,0.0,17.08,28.59
12,ORCL.K,오라클,5,120,14,39,79,1.0,10.0,10.54,0.0,17.91,26.66
12,CSX.O,CSX,5,120,14,39,79,1.0,10.0,10.54,90.81,17.68,27.36
12,MLM,마틴 마리에타 머터리얼스,5,120,14,39,79,1.0,10.0,10.54,0.0,19.51,30.56
12,JPM,제이피모간체이스,5,120,14,39,79,1.0,10.0,10.54,34.91,16.83,27.46
12,VMC,벌칸 머티리얼스,5,120,14,39,79,1.0,10.0,10.54,31.8,18.92,31.74
12,WAB,웨스팅하우스 에어 브레이크 테크놀로지,5,120,14,39,79,1.0,10.0,10.54,0.0,21.19,30.02
12,HII,헌팅턴 잉걸스 인더스트리즈,5,120,14,39,79,1.0,10.0,10.54,12.71,19.43,26.65
12,ANSS.O,앤시스,5,120,14,39,79,1.0,10.0,10.54,16.91,19.6,28.49
12,SNA,스냅-온,5,120,14,39,79,1.0,10.0,10.54,0.0,17.8,25.84
12,PKG,패키징 코퍼레이션 오브 아메리카,5,120,14,39,79,1.0,10.0,10.54,43.65,20.55,27.26
12,VRSN.O,베리사인,5,120,14,39,79,1.0,10.0,10.54,0.0,18.17,26.03
12,XYL,자일럼,5,120,14,39,79,1.0,10.0,10.54,0.0,18.57,26.27
12,AVY,에이버리 데니슨,5,120,14,39,79,1.0,10.0,10.54,24.09,18.18,26.76
12,CRL,찰스 리버 래보라토리스 인터내셔널,5,120,14,39,79,1.0,10.0,10.54,0.0,19.53,31.22
12,DVA,다비타,5,120,14,39,79,1.0,10.0,10.54,65.12,16.49,29.02
12,HOLX.O,홀로직,5,120,14,39,79,1.0,10.0,10.54,11.61,17.31,27.49
12,DOV,도버,5,120,14,39,79,1.0,10.0,10.54,0.0,17.89,26.31
12,EBAY.O,이베이,5,120,14,39,79,1.0,10.0,10.54,0.0,19.19,29.87
12,RMD,레스메드,5,120,14,39,79,1.0,10.0,10.54,26.86,19.27,30.06
12,MAS,매스코,5,120,14,39,79,1.0,10.0,10.54,0.0,20.79,31.93
12,KEYS.K,키사이트 테크놀로지스,5,120,14,39,79,1.0,10.0,10.54,0.0,23.38,30.07
12,IRM,아이언 마운틴,5,120,14,39,79,1.0,10.0,10.54,32.21,16.44,27.92
12,EFX,에퀴팩스,5,120,14,39,79,1.0,10.0,10.54,0.0,21.07,26.81
12,CPRT.O,코파트,5,120,14,39,79,1.0,10.0,10.54,26.73,20.73,31.51
12,A,애질런트 테크놀로지스,5,120,14,39,79,1.0,10.0,10.54,10.6,18.86,28.45
12,RVTY.K,레비티,5,120,14,39,79,1.0,10.0,10.54,-1.94,17.34,27.45
12,TEL,TE 커넥티비티,5,120,14,39,79,1.0,10.0,10.54,0.0,17.78,26.07
12,DLTR.O,달러 트리,5,120,14,39,79,1.0,10.0,10.54,0.0,17.76,30.5
12,HII,헌팅턴 잉걸스 인더스트리즈,5,60,14,34,79,1.0,10.0,10.5,0.0,19.43,26.65
12,NDSN.O,노드슨,5,60,14,34,79,1.0,10.0,10.5,0.0,21.09,29.17
12,ORCL.K,오라클,5,60,14,34,79,1.0,10.0,10.5,0.0,17.91,26.66
12,CSX.O,CSX,5,60,14,34,79,1.0,10.0,10.5,0.0,17.68,27.36
12,MLM,마틴 마리에타 머터리얼스,5,60,14,34,79,1.0,10.0,10.5,17.68,19.51,30.56
12,CI,시그나,5,60,14,34,79,1.0,10.0,10.5,0.0,23.21,28.49
12,IQV,아이큐비아 홀딩스,5,60,14,34,79,1.0,10.0,10.5,0.0,20.58,27.76
12,ROK,로크웰 오토메이션,5,60,14,34,79,1.0,10.0,10.5,0.0,17.93,29.84
12,GWW,W W 그레인저,5,60,14,34,79,1.0,10.0,10.5,27.95,20.97,26.61
12,GPN,글로벌 페이먼츠,5,60,14,34,79,1.0,10.0,10.5,0.0,17.6,30.12
12,CHTR.O,차터 커뮤니케이션,5,60,14,34,79,1.0,10.0,10.5,0.0,20.77,29.36
12,EQIX.O,이퀴닉스,5,60,14,34,79,1.0,10.0,10.5,0.0,23.25,29.15
12,DE,디어 앤 코,5,60,14,34,79,1.0,10.0,10.5,0.0,18.41,27.74
12,HLT,힐튼 월드와이드 홀딩스,5,60,14,34,79,1.0,10.0,10.5,41.58,20.85,28.61
12,HUM,휴마나,5,60,14,34,79,1.0,10.0,10.5,90.18,21.36,29.55
12,MAR.O,메리어트 인터내셔널,5,60,14,34,79,1.0,10.0,10.5,32.08,21.76,30.72
12,PH,파커-하니핀,5,60,14,34,79,1.0,10.0,10.5,0.0,22.51,29.74
12,ETN,이튼,5,60,14,34,79,1.0,10.0,10.5,13.63,22.18,27.8
12,BLK,블랙록,5,60,14,34,79,1.0,10.0,10.5,0.0,16.94,27.44
12,RTX,RTX,5,60,14,34,79,1.0,10.0,10.5,0.0,22.93,29.05
12,AXP,아메리칸 익스프레스,5,60,14,34,79,1.0,10.0,10.5,18.02,17.67,28.58
12,ABBV.K,애브비,5,60,14,34,79,1.0,10.0,10.5,0.0,18.6,26.34
12,ADI.O,애널로그 디바이시스,5,60,14,34,79,1.0,10.0,10.5,0.0,20.93,28.75
12,TXN.O,텍사스 인스트루먼트,5,60,14,34,79,1.0,10.0,10.5,0.0,20.34,26.67
12,SBUX.O,스타벅스,5,60,14,34,79,1.0,10.0,10.5,0.0,17.5,26.5
12,JPM,제이피모간체이스,5,60,14,34,79,1.0,10.0,10.5,21.46,16.83,27.46
12,VMC,벌칸 머티리얼스,5,60,14,34,79,1.0,10.0,10.5,30.24,18.92,31.74
12,DOV,도버,5,60,14,34,79,1.0,10.0,10.5,0.0,17.89,26.31
12,EBAY.O,이베이,5,60,14,34,79,1.0,10.0,10.5,0.0,19.19,29.87
12,ANSS.O,앤시스,5,60,14,34,79,1.0,10.0,10.5,0.0,19.6,28.49
12,SNA,스냅-온,5,60,14,34,79,1.0,10.0,10.5,0.0,17.8,25.84
12,PKG,패키징 코퍼레이션 오브 아메리카,5,60,14,34,79,1.0,10.0,10.5,0.0,20.55,27.26
12,VRSN.O,베리사인,5,60,14,34,79,1.0,10.0,10.5,0.0,18.17,26.03
12,XYL,자일럼,5,60,14,34,79,1.0,10.0,10.5,0.0,18.57,26.27
12,AVY,에이버리 데니슨,5,60,14,34,79,1.0,10.0,10.5,24.23,18.18,26.76
12,CRL,찰스 리버 래보라토리스 인터내셔널,5,60,14,34,79,1.0,10.0,10.5,0.0,19.53,31.22
12,DVA,다비타,5,60,14,34,79,1.0,10.0,10.5,67.7,16.49,29.02
12,HOLX.O,홀로직,5,60,14,34,79,1.0,10.0,10.5,0.0,17.31,27.49
12,WAB,웨스팅하우스 에어 브레이크 테크놀로지,5,60,14,34,79,1.0,10.0,10.5,0.0,21.19,30.02
12,CAT,캐터필러,5,60,14,34,79,1.0,10.0,10.5,59.67,17.08,28.59
12,RMD,레스메드,5,60,14,34,79,1.0,10.0,10.5,36.38,19.27,30.06
12,MAS,매스코,5,60,14,34,79,1.0,10.0,10.5,19.01,20.79,31.93
12,KEYS.K,키사이트 테크놀로지스,5,60,14,34,79,1.0,10.0,10.5,0.0,23.38,30.07
12,IRM,아이언 마운틴,5,60,14,34,79,1.0,10.0,10.5,37.54,16.44,27.92
12,EFX,에퀴팩스,5,60,14,34,79,1.0,10.0,10.5,0.0,21.07,26.81
12,CPRT.O,코파트,5,60,14,34,79,1.0,10.0,10.5,-12.15,20.73,31.51
12,A,애질런트 테크놀로지스,5,60,14,34,79,1.0,10.0,10.5,0.0,18.86,28.45
12,RVTY.K,레비티,5,60,14,34,79,1.0,10.0,10.5,0.0,17.34,27.45
12,TEL,TE 커넥티비티,5,60,14,34,79,1.0,10.0,10.5,0.0,17.78,26.07
12,DLTR.O,달러 트리,5,60,14,34,79,1.0,10.0,10.5,0.0,17.76,30.5
12,JPM,제이피모간체이스,5,120,14,34,59,1.0,10.0,10.2,0.0,16.83,27.46
12,ORCL.K,오라클,5,120,14,34,59,1.0,10.0,10.2,0.0,17.91,26.66
12,EBAY.O,이베이,5,120,14,34,59,1.0,10.0,10.2,0.0,19.19,29.87
12,NDSN.O,노드슨,5,120,14,34,59,1.0,10.0,10.2,0.0,21.09,29.17
12,DLTR.O,달러 트리,5,120,14,34,59,1.0,10.0,10.2,0.0,17.76,30.5
12,TEL,TE 커넥티비티,5,120,14,34,59,1.0,10.0,10.2,0.0,17.78,26.07
12,RVTY.K,레비티,5,120,14,34,59,1.0,10.0,10.2,0.0,17.34,27.45
12,A,애질런트 테크놀로지스,5,120,14,34,59,1.0,10.0,10.2,0.0,18.86,28.45
12,CPRT.O,코파트,5,120,14,34,59,1.0,10.0,10.2,0.0,20.73,31.51
12,EFX,에퀴팩스,5,120,14,34,59,1.0,10.0,10.2,0.0,21.07,26.81
12,IRM,아이언 마운틴,5,120,14,34,59,1.0,10.0,10.2,0.0,16.44,27.92
12,KEYS.K,키사이트 테크놀로지스,5,120,14,34,59,1.0,10.0,10.2,0.0,23.38,30.07
12,MAS,매스코,5,120,14,34,59,1.0,10.0,10.2,0.0,20.79,31.93
12,RMD,레스메드,5,120,14,34,59,1.0,10.0,10.2,82.08,19.27,30.06
12,DOV,도버,5,120,14,34,59,1.0,10.0,10.2,0.0,17.89,26.31
12,WAB,웨스팅하우스 에어 브레이크 테크놀로지,5,120,14,34,59,1.0,10.0,10.2,0.0,21.19,30.02
12,HOLX.O,홀로직,5,120,14,34,59,1.0,10.0,10.2,0.0,17.31,27.49
12,DVA,다비타,5,120,14,34,59,1.0,10.0,10.2,83.78,16.49,29.02
12,CRL,찰스 리버 래보라토리스 인터내셔널,5,120,14,34,59,1.0,10.0,10.2,0.0,19.53,31.22
12,AVY,에이버리 데니슨,5,120,14,34,59,1.0,10.0,10.2,31.02,18.18,26.76
12,XYL,자일럼,5,120,14,34,59,1.0,10.0,10.2,0.0,18.57,26.27
12,VRSN.O,베리사인,5,120,14,34,59,1.0,10.0,10.2,0.0,18.17,26.03
12,PKG,패키징 코퍼레이션 오브 아메리카,5,120,14,34,59,1.0,10.0,10.2,0.0,20.55,27.26
12,SNA,스냅-온,5,120,14,34,59,1.0,10.0,10.2,0.0,17.8,25.84
12,ANSS.O,앤시스,5,120,14,34,59,1.0,10.0,10.2,0.0,19.6,28.49
12,CAT,캐터필러,5,120,14,34,59,1.0,10.0,10.2,0.0,17.08,28.59
12,VMC,벌칸 머티리얼스,5,120,14,34,59,1.0,10.0,10.2,0.0,18.92,31.74
12,CSX.O,CSX,5,120,14,34,59,1.0,10.0,10.2,0.0,17.68,27.36
12,MAR.O,메리어트 인터내셔널,5,120,14,34,59,1.0,10.0,10.2,62.14,21.76,30.72
12,SBUX.O,스타벅스,5,120,14,34,59,1.0,10.0,10.2,0.0,17.5,26.5
12,TXN.O,텍사스 인스트루먼트,5,120,14,34,59,1.0,10.0,10.2,0.0,20.34,26.67
12,ADI.O,애널로그 디바이시스,5,120,14,34,59,1.0,10.0,10.2,0.0,20.93,28.75
12,ABBV.K,애브비,5,120,14,34,59,1.0,10.0,10.2,0.0,18.6,26.34
12,AXP,아메리칸 익스프레스,5,120,14,34,59,1.0,10.0,10.2,0.0,17.67,28.58
12,RTX,RTX,5,120,14,34,59,1.0,10.0,10.2,0.0,22.93,29.05
12,BLK,블랙록,5,120,14,34,59,1.0,10.0,10.2,0.0,16.94,27.44
12,ETN,이튼,5,120,14,34,59,1.0,10.0,10.2,36.37,22.18,27.8
12,PH,파커-하니핀,5,120,14,34,59,1.0,10.0,10.2,0.0,22.51,29.74
12,HUM,휴마나,5,120,14,34,59,1.0,10.0,10.2,0.0,21.36,29.55
12,MLM,마틴 마리에타 머터리얼스,5,120,14,34,59,1.0,10.0,10.2,0.0,19.51,30.56
12,HLT,힐튼 월드와이드 홀딩스,5,120,14,34,59,1.0,10.0,10.2,0.0,20.85,28.61
12,DE,디어 앤 코,5,120,14,34,59,1.0,10.0,10.2,0.0,18.41,27.74
12,EQIX.O,이퀴닉스,5,120,14,34,59,1.0,10.0,10.2,0.0,23.25,29.15
12,CHTR.O,차터 커뮤니케이션,5,120,14,34,59,1.0,10.0,10.2,0.0,20.77,29.36
12,GPN,글로벌 페이먼츠,5,120,14,34,59,1.0,10.0,10.2,0.0,17.6,30.12
12,GWW,W W 그레인저,5,120,14,34,59,1.0,10.0,10.2,214.54,20.97,26.61
12,ROK,로크웰 오토메이션,5,120,14,34,59,1.0,10.0,10.2,0.0,17.93,29.84
12,IQV,아이큐비아 홀딩스,5,120,14,34,59,1.0,10.0,10.2,0.0,20.58,27.76
12,CI,시그나,5,120,14,34,59,1.0,10.0,10.2,0.0,23.21,28.49
12,HII,헌팅턴 잉걸스 인더스트리즈,5,120,14,34,59,1.0,10.0,10.2,0.0,19.43,26.65
12,ORCL.K,오라클,5,120,14,34,54,1.0,10.0,8.55,0.0,17.91,26.66
12,JPM,제이피모간체이스,5,120,14,34,54,1.0,10.0,8.55,0.0,16.83,27.46
12,EBAY.O,이베이,5,120,14,34,54,1.0,10.0,8.55,0.0,19.19,29.87
12,CAT,캐터필러,5,120,14,34,54,1.0,10.0,8.55,0.0,17.08,28.59
12,SBUX.O,스타벅스,5,120,14,34,54,1.0,10.0,8.55,0.0,17.5,26.5
12,RVTY.K,레비티,5,120,14,34,54,1.0,10.0,8.55,0.0,17.34,27.45
12,A,애질런트 테크놀로지스,5,120,14,34,54,1.0,10.0,8.55,0.0,18.86,28.45
12,CPRT.O,코파트,5,120,14,34,54,1.0,10.0,8.55,0.0,20.73,31.51
12,EFX,에퀴팩스,5,120,14,34,54,1.0,10.0,8.55,0.0,21.07,26.81
12,IRM,아이언 마운틴,5,120,14,34,54,1.0,10.0,8.55,0.0,16.44,27.92
12,KEYS.K,키사이트 테크놀로지스,5,120,14,34,54,1.0,10.0,8.55,0.0,23.38,30.07
12,MAS,매스코,5,120,14,34,54,1.0,10.0,8.55,0.0,20.79,31.93
12,RMD,레스메드,5,120,14,34,54,1.0,10.0,8.55,82.08,19.27,30.06
12,DOV,도버,5,120,14,34,54,1.0,10.0,8.55,0.0,17.89,26.31
12,WAB,웨스팅하우스 에어 브레이크 테크놀로지,5,120,14,34,54,1.0,10.0,8.55,0.0,21.19,30.02
12,HOLX.O,홀로직,5,120,14,34,54,1.0,10.0,8.55,0.0,17.31,27.49
12,DVA,다비타,5,120,14,34,54,1.0,10.0,8.55,86.4,16.49,29.02
12,CRL,찰스 리버 래보라토리스 인터내셔널,5,120,14,34,54,1.0,10.0,8.55,0.0,19.53,31.22
12,AVY,에이버리 데니슨,5,120,14,34,54,1.0,10.0,8.55,21.68,18.18,26.76
12,XYL,자일럼,5,120,14,34,54,1.0,10.0,8.55,0.0,18.57,26.27
12,VRSN.O,베리사인,5,120,14,34,54,1.0,10.0,8.55,0.0,18.17,26.03
12,PKG,패키징 코퍼레이션 오브 아메리카,5,120,14,34,54,1.0,10.0,8.55,0.0,20.55,27.26
12,SNA,스냅-온,5,120,14,34,54,1.0,10.0,8.55,0.0,17.8,25.84
12,ANSS.O,앤시스,5,120,14,34,54,1.0,10.0,8.55,0.0,19.6,28.49
12,HII,헌팅턴 잉걸스 인더스트리즈,5,120,14,34,54,1.0,10.0,8.55,0.0,19.43,26.65
12,NDSN.O,노드슨,5,120,14,34,54,1.0,10.0,8.55,0.0,21.09,29.17
12,TEL,TE 커넥티비티,5,120,14,34,54,1.0,10.0,8.55,0.0,17.78,26.07
12,DLTR.O,달러 트리,5,120,14,34,54,1.0,10.0,8.55,0.0,17.76,30.5
12,VMC,벌칸 머티리얼스,5,120,14,34,54,1.0,10.0,8.55,0.0,18.92,31.74
12,HUM,휴마나,5,120,14,34,54,1.0,10.0,8.55,0.0,21.36,29.55
12,TXN.O,텍사스 인스트루먼트,5,120,14,34,54,1.0,10.0,8.55,0.0,20.34,26.67
12,ADI.O,애널로그 디바이시스,5,120,14,34,54,1.0,10.0,8.55,0.0,20.93,28.75
12,ABBV.K,애브비,5,120,14,34,54,1.0,10.0,8.55,0.0,18.6,26.34
12,AXP,아메리칸 익스프레스,5,120,14,34,54,1.0,10.0,8.55,0.0,17.67,28.58
12,RTX,RTX,5,120,14,34,54,1.0,10.0,8.55,0.0,22.93,29.05
12,BLK,블랙록,5,120,14,34,54,1.0,10.0,8.55,0.0,16.94,27.44
12,ETN,이튼,5,120,14,34,54,1.0,10.0,8.55,17.93,22.18,27.8
12,PH,파커-하니핀,5,120,14,34,54,1.0,10.0,8.55,0.0,22.51,29.74
12,MAR.O,메리어트 인터내셔널,5,120,14,34,54,1.0,10.0,8.55,51.87,21.76,30.72
12,HLT,힐튼 월드와이드 홀딩스,5,120,14,34,54,1.0,10.0,8.55,0.0,20.85,28.61
12,CSX.O,CSX,5,120,14,34,54,1.0,10.0,8.55,0.0,17.68,27.36
12,DE,디어 앤 코,5,120,14,34,54,1.0,10.0,8.55,0.0,18.41,27.74
12,EQIX.O,이퀴닉스,5,120,14,34,54,1.0,10.0,8.55,0.0,23.25,29.15
12,CHTR.O,차터 커뮤니케이션,5,120,14,34,54,1.0,10.0,8.55,0.0,20.77,29.36
12,GPN,글로벌 페이먼츠,5,120,14,34,54,1.0,10.0,8.55,0.0,17.6,30.12
12,GWW,W W 그레인저,5,120,14,34,54,1.0,10.0,8.55,167.48,20.97,26.61
12,ROK,로크웰 오토메이션,5,120,14,34,54,1.0,10.0,8.55,0.0,17.93,29.84
12,IQV,아이큐비아 홀딩스,5,120,14,34,54,1.0,10.0,8.55,0.0,20.58,27.76
12,CI,시그나,5,120,14,34,54,1.0,10.0,8.55,0.0,23.21,28.49
12,MLM,마틴 마리에타 머터리얼스,5,120,14,34,54,1.0,10.0,8.55,0.0,19.51,30.56
12,ORCL.K,오라클,5,60,14,29,64,1.0,10.0,6.6,0.0,17.91,26.66
12,JPM,제이피모간체이스,5,60,14,29,64,1.0,10.0,6.6,34.06,16.83,27.46
12,EBAY.O,이베이,5,60,14,29,64,1.0,10.0,6.6,0.0,19.19,29.87
12,HUM,휴마나,5,60,14,29,64,1.0,10.0,6.6,0.0,21.36,29.55
12,CI,시그나,5,60,14,29,64,1.0,10.0,6.6,0.0,23.21,28.49
12,IQV,아이큐비아 홀딩스,5,60,14,29,64,1.0,10.0,6.6,0.0,20.58,27.76
12,ROK,로크웰 오토메이션,5,60,14,29,64,1.0,10.0,6.6,0.0,17.93,29.84
12,GWW,W W 그레인저,5,60,14,29,64,1.0,10.0,6.6,0.0,20.97,26.61
12,GPN,글로벌 페이먼츠,5,60,14,29,64,1.0,10.0,6.6,0.0,17.6,30.12
12,CHTR.O,차터 커뮤니케이션,5,60,14,29,64,1.0,10.0,6.6,0.0,20.77,29.36
12,EQIX.O,이퀴닉스,5,60,14,29,64,1.0,10.0,6.6,0.0,23.25,29.15
12,DE,디어 앤 코,5,60,14,29,64,1.0,10.0,6.6,0.0,18.41,27.74
12,HLT,힐튼 월드와이드 홀딩스,5,60,14,29,64,1.0,10.0,6.6,0.0,20.85,28.61
12,MAR.O,메리어트 인터내셔널,5,60,14,29,64,1.0,10.0,6.6,0.0,21.76,30.72
12,CSX.O,CSX,5,60,14,29,64,1.0,10.0,6.6,0.0,17.68,27.36
12,PH,파커-하니핀,5,60,14,29,64,1.0,10.0,6.6,0.0,22.51,29.74
12,ETN,이튼,5,60,14,29,64,1.0,10.0,6.6,0.0,22.18,27.8
12,BLK,블랙록,5,60,14,29,64,1.0,10.0,6.6,0.0,16.94,27.44
12,RTX,RTX,5,60,14,29,64,1.0,10.0,6.6,0.0,22.93,29.05
12,AXP,아메리칸 익스프레스,5,60,14,29,64,1.0,10.0,6.6,28.0,17.67,28.58
12,ABBV.K,애브비,5,60,14,29,64,1.0,10.0,6.6,0.0,18.6,26.34
12,ADI.O,애널로그 디바이시스,5,60,14,29,64,1.0,10.0,6.6,0.0,20.93,28.75
12,TXN.O,텍사스 인스트루먼트,5,60,14,29,64,1.0,10.0,6.6,0.0,20.34,26.67
12,SBUX.O,스타벅스,5,60,14,29,64,1.0,10.0,6.6,0.0,17.5,26.5
12,MLM,마틴 마리에타 머터리얼스,5,60,14,29,64,1.0,10.0,6.6,29.75,19.51,30.56
12,VMC,벌칸 머티리얼스,5,60,14,29,64,1.0,10.0,6.6,47.34,18.92,31.74
12,NDSN.O,노드슨,5,60,14,29,64,1.0,10.0,6.6,0.0,21.09,29.17
12,WAB,웨스팅하우스 에어 브레이크 테크놀로지,5,60,14,29,64,1.0,10.0,6.6,0.0,21.19,30.02
12,ANSS.O,앤시스,5,60,14,29,64,1.0,10.0,6.6,0.0,19.6,28.49
12,SNA,스냅-온,5,60,14,29,64,1.0,10.0,6.6,0.0,17.8,25.84
12,PKG,패키징 코퍼레이션 오브 아메리카,5,60,14,29,64,1.0,10.0,6.6,0.0,20.55,27.26
12,VRSN.O,베리사인,5,60,14,29,64,1.0,10.0,6.6,0.0,18.17,26.03
12,XYL,자일럼,5,60,14,29,64,1.0,10.0,6.6,0.0,18.57,26.27
12,AVY,에이버리 데니슨,5,60,14,29,64,1.0,10.0,6.6,34.58,18.18,26.76
12,CRL,찰스 리버 래보라토리스 인터내셔널,5,60,14,29,64,1.0,10.0,6.6,0.0,19.53,31.22
12,DVA,다비타,5,60,14,29,64,1.0,10.0,6.6,0.0,16.49,29.02
12,HOLX.O,홀로직,5,60,14,29,64,1.0,10.0,6.6,0.0,17.31,27.49
12,DOV,도버,5,60,14,29,64,1.0,10.0,6.6,0.0,17.89,26.31
12,DLTR.O,달러 트리,5,60,14,29,64,1.0,10.0,6.6,0.0,17.76,30.5
12,RMD,레스메드,5,60,14,29,64,1.0,10.0,6.6,75.68,19.27,30.06
12,MAS,매스코,5,60,14,29,64,1.0,10.0,6.6,80.35,20.79,31.93
12,KEYS.K,키사이트 테크놀로지스,5,60,14,29,64,1.0,10.0,6.6,0.0,23.38,30.07
12,IRM,아이언 마운틴,5,60,14,29,64,1.0,10.0,6.6,0.0,16.44,27.92
12,EFX,에퀴팩스,5,60,14,29,64,1.0,10.0,6.6,0.0,21.07,26.81
12,CPRT.O,코파트,5,60,14,29,64,1.0,10.0,6.6,0.0,20.73,31.51
12,A,애질런트 테크놀로지스,5,60,14,29,64,1.0,10.0,6.6,0.0,18.86,28.45
12,RVTY.K,레비티,5,60,14,29,64,1.0,10.0,6.6,0.0,17.34,27.45
12,TEL,TE 커넥티비티,5,60,14,29,64,1.0,10.0,6.6,0.0,17.78,26.07
12,CAT,캐터필러,5,60,14,29,64,1.0,10.0,6.6,0.0,17.08,28.59
12,HII,헌팅턴 잉걸스 인더스트리즈,5,60,14,29,64,1.0,10.0,6.6,0.0,19.43,26.65
12,SBUX.O,스타벅스,5,120,14,34,69,1.0,10.0,6.49,0.0,17.5,26.5
12,EQIX.O,이퀴닉스,5,120,14,34,69,1.0,10.0,6.49,0.0,23.25,29.15
12,EBAY.O,이베이,5,120,14,34,69,1.0,10.0,6.49,0.0,19.19,29.87
12,VMC,벌칸 머티리얼스,5,120,14,34,69,1.0,10.0,6.49,0.0,18.92,31.74
12,CSX.O,CSX,5,120,14,34,69,1.0,10.0,6.49,0.0,17.68,27.36
12,MLM,마틴 마리에타 머터리얼스,5,120,14,34,69,1.0,10.0,6.49,0.0,19.51,30.56
12,CI,시그나,5,120,14,34,69,1.0,10.0,6.49,0.0,23.21,28.49
12,IQV,아이큐비아 홀딩스,5,120,14,34,69,1.0,10.0,6.49,0.0,20.58,27.76
12,ROK,로크웰 오토메이션,5,120,14,34,69,1.0,10.0,6.49,0.0,17.93,29.84
12,GWW,W W 그레인저,5,120,14,34,69,1.0,10.0,6.49,120.43,20.97,26.61
12,GPN,글로벌 페이먼츠,5,120,14,34,69,1.0,10.0,6.49,0.0,17.6,30.12
12,CHTR.O,차터 커뮤니케이션,5,120,14,34,69,1.0,10.0,6.49,0.0,20.77,29.36
12,DE,디어 앤 코,5,120,14,34,69,1.0,10.0,6.49,0.0,18.41,27.74
12,TEL,TE 커넥티비티,5,120,14,34,69,1.0,10.0,6.49,0.0,17.78,26.07
12,HLT,힐튼 월드와이드 홀딩스,5,120,14,34,69,1.0,10.0,6.49,0.0,20.85,28.61
12,HUM,휴마나,5,120,14,34,69,1.0,10.0,6.49,0.0,21.36,29.55
12,MAR.O,메리어트 인터내셔널,5,120,14,34,69,1.0,10.0,6.49,23.98,21.76,30.72
12,PH,파커-하니핀,5,120,14,34,69,1.0,10.0,6.49,0.0,22.51,29.74
12,ETN,이튼,5,120,14,34,69,1.0,10.0,6.49,23.89,22.18,27.8
12,BLK,블랙록,5,120,14,34,69,1.0,10.0,6.49,0.0,16.94,27.44
12,RTX,RTX,5,120,14,34,69,1.0,10.0,6.49,0.0,22.93,29.05
12,AXP,아메리칸 익스프레스,5,120,14,34,69,1.0,10.0,6.49,0.0,17.67,28.58
12,ABBV.K,애브비,5,120,14,34,69,1.0,10.0,6.49,0.0,18.6,26.34
12,CAT,캐터필러,5,120,14,34,69,1.0,10.0,6.49,0.0,17.08,28.59
12,DLTR.O,달러 트리,5,120,14,34,69,1.0,10.0,6.49,0.0,17.76,30.5
12,TXN.O,텍사스 인스트루먼트,5,120,14,34,69,1.0,10.0,6.49,0.0,20.34,26.67
12,DVA,다비타,5,120,14,34,69,1.0,10.0,6.49,62.39,16.49,29.02
12,CRL,찰스 리버 래보라토리스 인터내셔널,5,120,14,34,69,1.0,10.0,6.49,0.0,19.53,31.22
12,ORCL.K,오라클,5,120,14,34,69,1.0,10.0,6.49,0.0,17.91,26.66
12,JPM,제이피모간체이스,5,120,14,34,69,1.0,10.0,6.49,0.0,16.83,27.46
12,NDSN.O,노드슨,5,120,14,34,69,1.0,10.0,6.49,0.0,21.09,29.17
12,HII,헌팅턴 잉걸스 인더스트리즈,5,120,14,34,69,1.0,10.0,6.49,0.0,19.43,26.65
12,ANSS.O,앤시스,5,120,14,34,69,1.0,10.0,6.49,0.0,19.6,28.49
12,SNA,스냅-온,5,120,14,34,69,1.0,10.0,6.49,0.0,17.8,25.84
12,PKG,패키징 코퍼레이션 오브 아메리카,5,120,14,34,69,1.0,10.0,6.49,0.0,20.55,27.26
12,VRSN.O,베리사인,5,120,14,34,69,1.0,10.0,6.49,0.0,18.17,26.03
12,XYL,자일럼,5,120,14,34,69,1.0,10.0,6.49,0.0,18.57,26.27
12,AVY,에이버리 데니슨,5,120,14,34,69,1.0,10.0,6.49,32.55,18.18,26.76
12,ADI.O,애널로그 디바이시스,5,120,14,34,69,1.0,10.0,6.49,0.0,20.93,28.75
12,RVTY.K,레비티,5,120,14,34,69,1.0,10.0,6.49,0.0,17.34,27.45
12,HOLX.O,홀로직,5,120,14,34,69,1.0,10.0,6.49,0.0,17.31,27.49
12,WAB,웨스팅하우스 에어 브레이크 테크놀로지,5,120,14,34,69,1.0,10.0,6.49,0.0,21.19,30.02
12,DOV,도버,5,120,14,34,69,1.0,10.0,6.49,0.0,17.89,26.31
12,RMD,레스메드,5,120,14,34,69,1.0,10.0,6.49,61.34,19.27,30.06
12,MAS,매스코,5,120,14,34,69,1.0,10.0,6.49,0.0,20.79,31.93
12,KEYS.K,키사이트 테크놀로지스,5,120,14,34,69,1.0,10.0,6.49,0.0,23.38,30.07
12,IRM,아이언 마운틴,5,120,14,34,69,1.0,10.0,6.49,0.0,16.44,27.92
12,EFX,에퀴팩스,5,120,14,34,69,1.0,10.0,6.49,0.0,21.07,26.81
12,CPRT.O,코파트,5,120,14,34,69,1.0,10.0,6.49,0.0,20.73,31.51
12,A,애질런트 테크놀로지스,5,120,14,34,69,1.0,10.0,6.49,0.0,18.86,28.45
12,JPM,제이피모간체이스,5,120,14,34,64,1.0,10.0,6.17,0.0,16.83,27.46
12,TXN.O,텍사스 인스트루먼트,5,120,14,34,64,1.0,10.0,6.17,0.0,20.34,26.67
12,CAT,캐터필러,5,120,14,34,64,1.0,10.0,6.17,0.0,17.08,28.59
12,HOLX.O,홀로직,5,120,14,34,64,1.0,10.0,6.17,0.0,17.31,27.49
12,A,애질런트 테크놀로지스,5,120,14,34,64,1.0,10.0,6.17,0.0,18.86,28.45
12,CPRT.O,코파트,5,120,14,34,64,1.0,10.0,6.17,0.0,20.73,31.51
12,EFX,에퀴팩스,5,120,14,34,64,1.0,10.0,6.17,0.0,21.07,26.81
12,IRM,아이언 마운틴,5,120,14,34,64,1.0,10.0,6.17,0.0,16.44,27.92
12,KEYS.K,키사이트 테크놀로지스,5,120,14,34,64,1.0,10.0,6.17,0.0,23.38,30.07
12,MAS,매스코,5,120,14,34,64,1.0,10.0,6.17,0.0,20.79,31.93
12,RMD,레스메드,5,120,14,34,64,1.0,10.0,6.17,52.9,19.27,30.06
12,DOV,도버,5,120,14,34,64,1.0,10.0,6.17,0.0,17.89,26.31
12,WAB,웨스팅하우스 에어 브레이크 테크놀로지,5,120,14,34,64,1.0,10.0,6.17,0.0,21.19,30.02
12,DVA,다비타,5,120,14,34,64,1.0,10.0,6.17,52.83,16.49,29.02
12,DLTR.O,달러 트리,5,120,14,34,64,1.0,10.0,6.17,0.0,17.76,30.5
12,CRL,찰스 리버 래보라토리스 인터내셔널,5,120,14,34,64,1.0,10.0,6.17,0.0,19.53,31.22
12,AVY,에이버리 데니슨,5,120,14,34,64,1.0,10.0,6.17,35.35,18.18,26.76
12,XYL,자일럼,5,120,14,34,64,1.0,10.0,6.17,0.0,18.57,26.27
12,VRSN.O,베리사인,5,120,14,34,64,1.0,10.0,6.17,0.0,18.17,26.03
12,PKG,패키징 코퍼레이션 오브 아메리카,5,120,14,34,64,1.0,10.0,6.17,0.0,20.55,27.26
12,SNA,스냅-온,5,120,14,34,64,1.0,10.0,6.17,0.0,17.8,25.84
12,ANSS.O,앤시스,5,120,14,34,64,1.0,10.0,6.17,0.0,19.6,28.49
12,HII,헌팅턴 잉걸스 인더스트리즈,5,120,14,34,64,1.0,10.0,6.17,0.0,19.43,26.65
12,NDSN.O,노드슨,5,120,14,34,64,1.0,10.0,6.17,0.0,21.09,29.17
12,RVTY.K,레비티,5,120,14,34,64,1.0,10.0,6.17,0.0,17.34,27.45
12,EBAY.O,이베이,5,120,14,34,64,1.0,10.0,6.17,0.0,19.19,29.87
12,SBUX.O,스타벅스,5,120,14,34,64,1.0,10.0,6.17,0.0,17.5,26.5
12,HLT,힐튼 월드와이드 홀딩스,5,120,14,34,64,1.0,10.0,6.17,0.0,20.85,28.61
12,ADI.O,애널로그 디바이시스,5,120,14,34,64,1.0,10.0,6.17,0.0,20.93,28.75
12,ABBV.K,애브비,5,120,14,34,64,1.0,10.0,6.17,0.0,18.6,26.34
12,AXP,아메리칸 익스프레스,5,120,14,34,64,1.0,10.0,6.17,0.0,17.67,28.58
12,RTX,RTX,5,120,14,34,64,1.0,10.0,6.17,0.0,22.93,29.05
12,BLK,블랙록,5,120,14,34,64,1.0,10.0,6.17,0.0,16.94,27.44
12,ETN,이튼,5,120,14,34,64,1.0,10.0,6.17,16.48,22.18,27.8
12,PH,파커-하니핀,5,120,14,34,64,1.0,10.0,6.17,0.0,22.51,29.74
12,MAR.O,메리어트 인터내셔널,5,120,14,34,64,1.0,10.0,6.17,23.22,21.76,30.72
12,HUM,휴마나,5,120,14,34,64,1.0,10.0,6.17,0.0,21.36,29.55
12,DE,디어 앤 코,5,120,14,34,64,1.0,10.0,6.17,0.0,18.41,27.74
12,VMC,벌칸 머티리얼스,5,120,14,34,64,1.0,10.0,6.17,0.0,18.92,31.74
12,EQIX.O,이퀴닉스,5,120,14,34,64,1.0,10.0,6.17,0.0,23.25,29.15
12,CHTR.O,차터 커뮤니케이션,5,120,14,34,64,1.0,10.0,6.17,0.0,20.77,29.36
12,GPN,글로벌 페이먼츠,5,120,14,34,64,1.0,10.0,6.17,0.0,17.6,30.12
12,GWW,W W 그레인저,5,120,14,34,64,1.0,10.0,6.17,127.9,20.97,26.61
12,ROK,로크웰 오토메이션,5,120,14,34,64,1.0,10.0,6.17,0.0,17.93,29.84
12,IQV,아이큐비아 홀딩스,5,120,14,34,64,1.0,10.0,6.17,0.0,20.58,27.76
12,CI,시그나,5,120,14,34,64,1.0,10.0,6.17,0.0,23.21,28.49
12,MLM,마틴 마리에타 머터리얼스,5,120,14,34,64,1.0,10.0,6.17,0.0,19.51,30.56
12,CSX.O,CSX,5,120,14,34,64,1.0,10.0,6.17,0.0,17.68,27.36
12,TEL,TE 커넥티비티,5,120,14,34,64,1.0,10.0,6.17,0.0,17.78,26.07
12,ORCL.K,오라클,5,120,14,34,64,1.0,10.0,6.17,0.0,17.91,26.66
12,ORCL.K,오라클,5,60,14,29,69,1.0,10.0,6.06,0.0,17.91,26.66
12,VMC,벌칸 머티리얼스,5,60,14,29,69,1.0,10.0,6.06,33.33,18.92,31.74
12,DLTR.O,달러 트리,5,60,14,29,69,1.0,10.0,6.06,0.0,17.76,30.5
12,TEL,TE 커넥티비티,5,60,14,29,69,1.0,10.0,6.06,0.0,17.78,26.07
12,RVTY.K,레비티,5,60,14,29,69,1.0,10.0,6.06,0.0,17.34,27.45
12,A,애질런트 테크놀로지스,5,60,14,29,69,1.0,10.0,6.06,0.0,18.86,28.45
12,CPRT.O,코파트,5,60,14,29,69,1.0,10.0,6.06,0.0,20.73,31.51
12,EFX,에퀴팩스,5,60,14,29,69,1.0,10.0,6.06,0.0,21.07,26.81
12,IRM,아이언 마운틴,5,60,14,29,69,1.0,10.0,6.06,0.0,16.44,27.92
12,KEYS.K,키사이트 테크놀로지스,5,60,14,29,69,1.0,10.0,6.06,0.0,23.38,30.07
12,MAS,매스코,5,60,14,29,69,1.0,10.0,6.06,77.62,20.79,31.93
12,RMD,레스메드,5,60,14,29,69,1.0,10.0,6.06,81.96,19.27,30.06
12,DOV,도버,5,60,14,29,69,1.0,10.0,6.06,0.0,17.89,26.31
12,WAB,웨스팅하우스 에어 브레이크 테크놀로지,5,60,14,29,69,1.0,10.0,6.06,0.0,21.19,30.02
12,HOLX.O,홀로직,5,60,14,29,69,1.0,10.0,6.06,0.0,17.31,27.49
12,DVA,다비타,5,60,14,29,69,1.0,10.0,6.06,0.0,16.49,29.02
12,CRL,찰스 리버 래보라토리스 인터내셔널,5,60,14,29,69,1.0,10.0,6.06,0.0,19.53,31.22
12,AVY,에이버리 데니슨,5,60,14,29,69,1.0,10.0,6.06,32.28,18.18,26.76
12,XYL,자일럼,5,60,14,29,69,1.0,10.0,6.06,0.0,18.57,26.27
12,VRSN.O,베리사인,5,60,14,29,69,1.0,10.0,6.06,0.0,18.17,26.03
12,PKG,패키징 코퍼레이션 오브 아메리카,5,60,14,29,69,1.0,10.0,6.06,0.0,20.55,27.26
12,SNA,스냅-온,5,60,14,29,69,1.0,10.0,6.06,0.0,17.8,25.84
12,ANSS.O,앤시스,5,60,14,29,69,1.0,10.0,6.06,0.0,19.6,28.49
12,JPM,제이피모간체이스,5,60,14,29,69,1.0,10.0,6.06,18.19,16.83,27.46
12,NDSN.O,노드슨,5,60,14,29,69,1.0,10.0,6.06,0.0,21.09,29.17
12,EBAY.O,이베이,5,60,14,29,69,1.0,10.0,6.06,0.0,19.19,29.87
12,HII,헌팅턴 잉걸스 인더스트리즈,5,60,14,29,69,1.0,10.0,6.06,0.0,19.43,26.65
12,CAT,캐터필러,5,60,14,29,69,1.0,10.0,6.06,0.0,17.08,28.59
12,HUM,휴마나,5,60,14,29,69,1.0,10.0,6.06,0.0,21.36,29.55
12,SBUX.O,스타벅스,5,60,14,29,69,1.0,10.0,6.06,0.0,17.5,26.5
12,TXN.O,텍사스 인스트루먼트,5,60,14,29,69,1.0,10.0,6.06,0.0,20.34,26.67
12,ADI.O,애널로그 디바이시스,5,60,14,29,69,1.0,10.0,6.06,0.0,20.93,28.75
12,ABBV.K,애브비,5,60,14,29,69,1.0,10.0,6.06,0.0,18.6,26.34
12,AXP,아메리칸 익스프레스,5,60,14,29,69,1.0,10.0,6.06,33.03,17.67,28.58
12,BLK,블랙록,5,60,14,29,69,1.0,10.0,6.06,0.0,16.94,27.44
12,ETN,이튼,5,60,14,29,69,1.0,10.0,6.06,0.0,22.18,27.8
12,PH,파커-하니핀,5,60,14,29,69,1.0,10.0,6.06,0.0,22.51,29.74
12,MAR.O,메리어트 인터내셔널,5,60,14,29,69,1.0,10.0,6.06,0.0,21.76,30.72
12,RTX,RTX,5,60,14,29,69,1.0,10.0,6.06,0.0,22.93,29.05
12,HLT,힐튼 월드와이드 홀딩스,5,60,14,29,69,1.0,10.0,6.06,0.0,20.85,28.61
12,ROK,로크웰 오토메이션,5,60,14,29,69,1.0,10.0,6.06,0.0,17.93,29.84
12,DE,디어 앤 코,5,60,14,29,69,1.0,10.0,6.06,0.0,18.41,27.74
12,MLM,마틴 마리에타 머터리얼스,5,60,14,29,69,1.0,10.0,6.06,26.64,19.51,30.56
12,CI,시그나,5,60,14,29,69,1.0,10.0,6.06,0.0,23.21,28.49
12,IQV,아이큐비아 홀딩스,5,60,14,29,69,1.0,10.0,6.06,0.0,20.58,27.76
12,CSX.O,CSX,5,60,14,29,69,1.0,10.0,6.06,0.0,17.68,27.36
12,GWW,W W 그레인저,5,60,14,29,69,1.0,10.0,6.06,0.0,20.97,26.61
12,GPN,글로벌 페이먼츠,5,60,14,29,69,1.0,10.0,6.06,0.0,17.6,30.12
12,CHTR.O,차터 커뮤니케이션,5,60,14,29,69,1.0,10.0,6.06,0.0,20.77,29.36
12,EQIX.O,이퀴닉스,5,60,14,29,69,1.0,10.0,6.06,0.0,23.25,29.15
12,PH,파커-하니핀,5,120,14,34,74,1.0,10.0,5.78,0.0,22.51,29.74
12,ROK,로크웰 오토메이션,5,120,14,34,74,1.0,10.0,5.78,0.0,17.93,29.84
12,GWW,W W 그레인저,5,120,14,34,74,1.0,10.0,5.78,115.94,20.97,26.61
12,GPN,글로벌 페이먼츠,5,120,14,34,74,1.0,10.0,5.78,0.0,17.6,30.12
12,CHTR.O,차터 커뮤니케이션,5,120,14,34,74,1.0,10.0,5.78,0.0,20.77,29.36
12,EQIX.O,이퀴닉스,5,120,14,34,74,1.0,10.0,5.78,0.0,23.25,29.15
12,DE,디어 앤 코,5,120,14,34,74,1.0,10.0,5.78,0.0,18.41,27.74
12,HLT,힐튼 월드와이드 홀딩스,5,120,14,34,74,1.0,10.0,5.78,0.0,20.85,28.61
12,HUM,휴마나,5,120,14,34,74,1.0,10.0,5.78,0.0,21.36,29.55
12,MAR.O,메리어트 인터내셔널,5,120,14,34,74,1.0,10.0,5.78,27.18,21.76,30.72
12,IQV,아이큐비아 홀딩스,5,120,14,34,74,1.0,10.0,5.78,0.0,20.58,27.76
12,ANSS.O,앤시스,5,120,14,34,74,1.0,10.0,5.78,0.0,19.6,28.49
12,ETN,이튼,5,120,14,34,74,1.0,10.0,5.78,10.97,22.18,27.8
12,BLK,블랙록,5,120,14,34,74,1.0,10.0,5.78,0.0,16.94,27.44
12,RTX,RTX,5,120,14,34,74,1.0,10.0,5.78,0.0,22.93,29.05
12,AXP,아메리칸 익스프레스,5,120,14,34,74,1.0,10.0,5.78,0.0,17.67,28.58
12,ABBV.K,애브비,5,120,14,34,74,1.0,10.0,5.78,0.0,18.6,26.34
12,ADI.O,애널로그 디바이시스,5,120,14,34,74,1.0,10.0,5.78,0.0,20.93,28.75
12,TXN.O,텍사스 인스트루먼트,5,120,14,34,74,1.0,10.0,5.78,0.0,20.34,26.67
12,SBUX.O,스타벅스,5,120,14,34,74,1.0,10.0,5.78,0.0,17.5,26.5
12,CAT,캐터필러,5,120,14,34,74,1.0,10.0,5.78,0.0,17.08,28.59
12,ORCL.K,오라클,5,120,14,34,74,1.0,10.0,5.78,0.0,17.91,26.66
12,MLM,마틴 마리에타 머터리얼스,5,120,14,34,74,1.0,10.0,5.78,0.0,19.51,30.56
12,CI,시그나,5,120,14,34,74,1.0,10.0,5.78,0.0,23.21,28.49
12,MAS,매스코,5,120,14,34,74,1.0,10.0,5.78,0.0,20.79,31.93
12,CSX.O,CSX,5,120,14,34,74,1.0,10.0,5.78,0.0,17.68,27.36
12,DOV,도버,5,120,14,34,74,1.0,10.0,5.78,0.0,17.89,26.31
12,SNA,스냅-온,5,120,14,34,74,1.0,10.0,5.78,0.0,17.8,25.84
12,PKG,패키징 코퍼레이션 오브 아메리카,5,120,14,34,74,1.0,10.0,5.78,0.0,20.55,27.26
12,VRSN.O,베리사인,5,120,14,34,74,1.0,10.0,5.78,0.0,18.17,26.03
12,XYL,자일럼,5,120,14,34,74,1.0,10.0,5.78,0.0,18.57,26.27
12,AVY,에이버리 데니슨,5,120,14,34,74,1.0,10.0,5.78,25.21,18.18,26.76
12,CRL,찰스 리버 래보라토리스 인터내셔널,5,120,14,34,74,1.0,10.0,5.78,0.0,19.53,31.22
12,DVA,다비타,5,120,14,34,74,1.0,10.0,5.78,62.39,16.49,29.02
12,HOLX.O,홀로직,5,120,14,34,74,1.0,10.0,5.78,0.0,17.31,27.49
12,WAB,웨스팅하우스 에어 브레이크 테크놀로지,5,120,14,34,74,1.0,10.0,5.78,0.0,21.19,30.02
12,RMD,레스메드,5,120,14,34,74,1.0,10.0,5.78,47.15,19.27,30.06
12,VMC,벌칸 머티리얼스,5,120,14,34,74,1.0,10.0,5.78,0.0,18.92,31.74
12,KEYS.K,키사이트 테크놀로지스,5,120,14,34,74,1.0,10.0,5.78,0.0,23.38,30.07
12,IRM,아이언 마운틴,5,120,14,34,74,1.0,10.0,5.78,0.0,16.44,27.92
12,EFX,에퀴팩스,5,120,14,34,74,1.0,10.0,5.78,0.0,21.07,26.81
12,CPRT.O,코파트,5,120,14,34,74,1.0,10.0,5.78,0.0,20.73,31.51
12,A,애질런트 테크놀로지스,5,120,14,34,74,1.0,10.0,5.78,0.0,18.86,28.45
12,RVTY.K,레비티,5,120,14,34,74,1.0,10.0,5.78,0.0,17.34,27.45
12,TEL,TE 커넥티비티,5,120,14,34,74,1.0,10.0,5.78,0.0,17.78,26.07
12,DLTR.O,달러 트리,5,120,14,34,74,1.0,10.0,5.78,0.0,17.76,30.5
12,EBAY.O,이베이,5,120,14,34,74,1.0,10.0,5.78,0.0,19.19,29.87
12,JPM,제이피모간체이스,5,120,14,34,74,1.0,10.0,5.78,0.0,16.83,27.46
12,HII,헌팅턴 잉걸스 인더스트리즈,5,120,14,34,74,1.0,10.0,5.78,0.0,19.43,26.65
12,NDSN.O,노드슨,5,120,14,34,74,1.0,10.0,5.78,0.0,21.09,29.17
12,SNA,스냅-온,5,60,14,29,74,1.0,10.0,5.22,0.0,17.8,25.84
12,KEYS.K,키사이트 테크놀로지스,5,60,14,29,74,1.0,10.0,5.22,0.0,23.38,30.07
12,CSX.O,CSX,5,60,14,29,74,1.0,10.0,5.22,0.0,17.68,27.36
12,VMC,벌칸 머티리얼스,5,60,14,29,74,1.0,10.0,5.22,30.53,18.92,31.74
12,EBAY.O,이베이,5,60,14,29,74,1.0,10.0,5.22,0.0,19.19,29.87
12,DLTR.O,달러 트리,5,60,14,29,74,1.0,10.0,5.22,0.0,17.76,30.5
12,TEL,TE 커넥티비티,5,60,14,29,74,1.0,10.0,5.22,0.0,17.78,26.07
12,RVTY.K,레비티,5,60,14,29,74,1.0,10.0,5.22,0.0,17.34,27.45
12,A,애질런트 테크놀로지스,5,60,14,29,74,1.0,10.0,5.22,0.0,18.86,28.45
12,CPRT.O,코파트,5,60,14,29,74,1.0,10.0,5.22,0.0,20.73,31.51
12,EFX,에퀴팩스,5,60,14,29,74,1.0,10.0,5.22,0.0,21.07,26.81
12,IRM,아이언 마운틴,5,60,14,29,74,1.0,10.0,5.22,0.0,16.44,27.92
12,MAS,매스코,5,60,14,29,74,1.0,10.0,5.22,75.69,20.79,31.93
12,CI,시그나,5,60,14,29,74,1.0,10.0,5.22,0.0,23.21,28.49
12,RMD,레스메드,5,60,14,29,74,1.0,10.0,5.22,58.93,19.27,30.06
12,DOV,도버,5,60,14,29,74,1.0,10.0,5.22,0.0,17.89,26.31
12,WAB,웨스팅하우스 에어 브레이크 테크놀로지,5,60,14,29,74,1.0,10.0,5.22,0.0,21.19,30.02
12,HOLX.O,홀로직,5,60,14,29,74,1.0,10.0,5.22,0.0,17.31,27.49
12,DVA,다비타,5,60,14,29,74,1.0,10.0,5.22,0.0,16.49,29.02
12,CRL,찰스 리버 래보라토리스 인터내셔널,5,60,14,29,74,1.0,10.0,5.22,0.0,19.53,31.22
12,AVY,에이버리 데니슨,5,60,14,29,74,1.0,10.0,5.22,25.39,18.18,26.76
12,XYL,자일럼,5,60,14,29,74,1.0,10.0,5.22,0.0,18.57,26.27
12,VRSN.O,베리사인,5,60,14,29,74,1.0,10.0,5.22,0.0,18.17,26.03
12,MLM,마틴 마리에타 머터리얼스,5,60,14,29,74,1.0,10.0,5.22,18.54,19.51,30.56
12,IQV,아이큐비아 홀딩스,5,60,14,29,74,1.0,10.0,5.22,0.0,20.58,27.76
12,HII,헌팅턴 잉걸스 인더스트리즈,5,60,14,29,74,1.0,10.0,5.22,0.0,19.43,26.65
12,BLK,블랙록,5,60,14,29,74,1.0,10.0,5.22,0.0,16.94,27.44
12,JPM,제이피모간체이스,5,60,14,29,74,1.0,10.0,5.22,20.0,16.83,27.46
12,ORCL.K,오라클,5,60,14,29,74,1.0,10.0,5.22,0.0,17.91,26.66
12,CAT,캐터필러,5,60,14,29,74,1.0,10.0,5.22,0.0,17.08,28.59
12,SBUX.O,스타벅스,5,60,14,29,74,1.0,10.0,5.22,0.0,17.5,26.5
12,TXN.O,텍사스 인스트루먼트,5,60,14,29,74,1.0,10.0,5.22,0.0,20.34,26.67
12,ADI.O,애널로그 디바이시스,5,60,14,29,74,1.0,10.0,5.22,0.0,20.93,28.75
12,ABBV.K,애브비,5,60,14,29,74,1.0,10.0,5.22,0.0,18.6,26.34
12,AXP,아메리칸 익스프레스,5,60,14,29,74,1.0,10.0,5.22,31.99,17.67,28.58
12,RTX,RTX,5,60,14,29,74,1.0,10.0,5.22,0.0,22.93,29.05
12,ETN,이튼,5,60,14,29,74,1.0,10.0,5.22,0.0,22.18,27.8
12,ROK,로크웰 오토메이션,5,60,14,29,74,1.0,10.0,5.22,0.0,17.93,29.84
12,PH,파커-하니핀,5,60,14,29,74,1.0,10.0,5.22,0.0,22.51,29.74
12,MAR.O,메리어트 인터내셔널,5,60,14,29,74,1.0,10.0,5.22,0.0,21.76,30.72
12,HUM,휴마나,5,60,14,29,74,1.0,10.0,5.22,0.0,21.36,29.55
12,HLT,힐튼 월드와이드 홀딩스,5,60,14,29,74,1.0,10.0,5.22,0.0,20.85,28.61
12,DE,디어 앤 코,5,60,14,29,74,1.0,10.0,5.22,0.0,18.41,27.74
12,EQIX.O,이퀴닉스,5,60,14,29,74,1.0,10.0,5.22,0.0,23.25,29.15
12,CHTR.O,차터 커뮤니케이션,5,60,14,29,74,1.0,10.0,5.22,0.0,20.77,29.36
12,GPN,글로벌 페이먼츠,5,60,14,29,74,1.0,10.0,5.22,0.0,17.6,30.12
12,GWW,W W 그레인저,5,60,14,29,74,1.0,10.0,5.22,0.0,20.97,26.61
12,PKG,패키징 코퍼레이션 오브 아메리카,5,60,14,29,74,1.0,10.0,5.22,0.0,20.55,27.26
12,ANSS.O,앤시스,5,60,14,29,74,1.0,10.0,5.22,0.0,19.6,28.49
12,NDSN.O,노드슨,5,60,14,29,74,1.0,10.0,5.22,0.0,21.09,29.17
12,ANSS.O,앤시스,5,120,14,34,79,1.0,10.0,3.8,0.0,19.6,28.49
12,ETN,이튼,5,120,14,34,79,1.0,10.0,3.8,12.41,22.18,27.8
12,ROK,로크웰 오토메이션,5,120,14,34,79,1.0,10.0,3.8,0.0,17.93,29.84
12,GWW,W W 그레인저,5,120,14,34,79,1.0,10.0,3.8,26.99,20.97,26.61
12,GPN,글로벌 페이먼츠,5,120,14,34,79,1.0,10.0,3.8,0.0,17.6,30.12
12,CHTR.O,차터 커뮤니케이션,5,120,14,34,79,1.0,10.0,3.8,0.0,20.77,29.36
12,EQIX.O,이퀴닉스,5,120,14,34,79,1.0,10.0,3.8,0.0,23.25,29.15
12,DE,디어 앤 코,5,120,14,34,79,1.0,10.0,3.8,0.0,18.41,27.74
12,HLT,힐튼 월드와이드 홀딩스,5,120,14,34,79,1.0,10.0,3.8,0.0,20.85,28.61
12,HUM,휴마나,5,120,14,34,79,1.0,10.0,3.8,0.0,21.36,29.55
12,MAR.O,메리어트 인터내셔널,5,120,14,34,79,1.0,10.0,3.8,28.49,21.76,30.72
12,PH,파커-하니핀,5,120,14,34,79,1.0,10.0,3.8,0.0,22.51,29.74
12,BLK,블랙록,5,120,14,34,79,1.0,10.0,3.8,0.0,16.94,27.44
12,SNA,스냅-온,5,120,14,34,79,1.0,10.0,3.8,0.0,17.8,25.84
12,RTX,RTX,5,120,14,34,79,1.0,10.0,3.8,0.0,22.93,29.05
12,AXP,아메리칸 익스프레스,5,120,14,34,79,1.0,10.0,3.8,0.0,17.67,28.58
12,ABBV.K,애브비,5,120,14,34,79,1.0,10.0,3.8,0.0,18.6,26.34
12,ADI.O,애널로그 디바이시스,5,120,14,34,79,1.0,10.0,3.8,0.0,20.93,28.75
12,TXN.O,텍사스 인스트루먼트,5,120,14,34,79,1.0,10.0,3.8,0.0,20.34,26.67
12,SBUX.O,스타벅스,5,120,14,34,79,1.0,10.0,3.8,0.0,17.5,26.5
12,CAT,캐터필러,5,120,14,34,79,1.0,10.0,3.8,0.0,17.08,28.59
12,ORCL.K,오라클,5,120,14,34,79,1.0,10.0,3.8,0.0,17.91,26.66
12,JPM,제이피모간체이스,5,120,14,34,79,1.0,10.0,3.8,0.0,16.83,27.46
12,IQV,아이큐비아 홀딩스,5,120,14,34,79,1.0,10.0,3.8,0.0,20.58,27.76
12,CI,시그나,5,120,14,34,79,1.0,10.0,3.8,0.0,23.21,28.49
12,MLM,마틴 마리에타 머터리얼스,5,120,14,34,79,1.0,10.0,3.8,0.0,19.51,30.56
12,CSX.O,CSX,5,120,14,34,79,1.0,10.0,3.8,0.0,17.68,27.36
12,PKG,패키징 코퍼레이션 오브 아메리카,5,120,14,34,79,1.0,10.0,3.8,0.0,20.55,27.26
12,VRSN.O,베리사인,5,120,14,34,79,1.0,10.0,3.8,0.0,18.17,26.03
12,XYL,자일럼,5,120,14,34,79,1.0,10.0,3.8,0.0,18.57,26.27
12,AVY,에이버리 데니슨,5,120,14,34,79,1.0,10.0,3.8,24.09,18.18,26.76
12,CRL,찰스 리버 래보라토리스 인터내셔널,5,120,14,34,79,1.0,10.0,3.8,0.0,19.53,31.22
12,DVA,다비타,5,120,14,34,79,1.0,10.0,3.8,65.12,16.49,29.02
12,HOLX.O,홀로직,5,120,14,34,79,1.0,10.0,3.8,0.0,17.31,27.49
12,WAB,웨스팅하우스 에어 브레이크 테크놀로지,5,120,14,34,79,1.0,10.0,3.8,0.0,21.19,30.02
12,DOV,도버,5,120,14,34,79,1.0,10.0,3.8,0.0,17.89,26.31
12,RMD,레스메드,5,120,14,34,79,1.0,10.0,3.8,32.71,19.27,30.06
12,MAS,매스코,5,120,14,34,79,1.0,10.0,3.8,0.0,20.79,31.93
12,KEYS.K,키사이트 테크놀로지스,5,120,14,34,79,1.0,10.0,3.8,0.0,23.38,30.07
12,IRM,아이언 마운틴,5,120,14,34,79,1.0,10.0,3.8,0.0,16.44,27.92
12,EFX,에퀴팩스,5,120,14,34,79,1.0,10.0,3.8,0.0,21.07,26.81
12,CPRT.O,코파트,5,120,14,34,79,1.0,10.0,3.8,0.0,20.73,31.51
12,A,애질런트 테크놀로지스,5,120,14,34,79,1.0,10.0,3.8,0.0,18.86,28.45
12,RVTY.K,레비티,5,120,14,34,79,1.0,10.0,3.8,0.0,17.34,27.45
12,TEL,TE 커넥티비티,5,120,14,34,79,1.0,10.0,3.8,0.0,17.78,26.07
12,DLTR.O,달러 트리,5,120,14,34,79,1.0,10.0,3.8,0.0,17.76,30.5
12,EBAY.O,이베이,5,120,14,34,79,1.0,10.0,3.8,0.0,19.19,29.87
12,VMC,벌칸 머티리얼스,5,120,14,34,79,1.0,10.0,3.8,0.0,18.92,31.74
12,HII,헌팅턴 잉걸스 인더스트리즈,5,120,14,34,79,1.0,10.0,3.8,0.0,19.43,26.65
12,NDSN.O,노드슨,5,120,14,34,79,1.0,10.0,3.8,0.0,21.09,29.17
12,ORCL.K,오라클,5,60,14,29,79,1.0,10.0,3.34,0.0,17.91,26.66
12,HUM,휴마나,5,60,14,29,79,1.0,10.0,3.34,0.0,21.36,29.55
12,MLM,마틴 마리에타 머터리얼스,5,60,14,29,79,1.0,10.0,3.34,17.68,19.51,30.56
12,CI,시그나,5,60,14,29,79,1.0,10.0,3.34,0.0,23.21,28.49
12,IQV,아이큐비아 홀딩스,5,60,14,29,79,1.0,10.0,3.34,0.0,20.58,27.76
12,ROK,로크웰 오토메이션,5,60,14,29,79,1.0,10.0,3.34,0.0,17.93,29.84
12,GWW,W W 그레인저,5,60,14,29,79,1.0,10.0,3.34,0.0,20.97,26.61
12,GPN,글로벌 페이먼츠,5,60,14,29,79,1.0,10.0,3.34,0.0,17.6,30.12
12,CHTR.O,차터 커뮤니케이션,5,60,14,29,79,1.0,10.0,3.34,0.0,20.77,29.36
12,EQIX.O,이퀴닉스,5,60,14,29,79,1.0,10.0,3.34,0.0,23.25,29.15
12,DE,디어 앤 코,5,60,14,29,79,1.0,10.0,3.34,0.0,18.41,27.74
12,HLT,힐튼 월드와이드 홀딩스,5,60,14,29,79,1.0,10.0,3.34,0.0,20.85,28.61
12,MAR.O,메리어트 인터내셔널,5,60,14,29,79,1.0,10.0,3.34,0.0,21.76,30.72
12,NDSN.O,노드슨,5,60,14,29,79,1.0,10.0,3.34,0.0,21.09,29.17
12,PH,파커-하니핀,5,60,14,29,79,1.0,10.0,3.34,0.0,22.51,29.74
12,ETN,이튼,5,60,14,29,79,1.0,10.0,3.34,0.0,22.18,27.8
12,BLK,블랙록,5,60,14,29,79,1.0,10.0,3.34,0.0,16.94,27.44
12,RTX,RTX,5,60,14,29,79,1.0,10.0,3.34,0.0,22.93,29.05
12,AXP,아메리칸 익스프레스,5,60,14,29,79,1.0,10.0,3.34,18.02,17.67,28.58
12,ABBV.K,애브비,5,60,14,29,79,1.0,10.0,3.34,0.0,18.6,26.34
12,ADI.O,애널로그 디바이시스,5,60,14,29,79,1.0,10.0,3.34,0.0,20.93,28.75
12,TXN.O,텍사스 인스트루먼트,5,60,14,29,79,1.0,10.0,3.34,0.0,20.34,26.67
12,SBUX.O,스타벅스,5,60,14,29,79,1.0,10.0,3.34,0.0,17.5,26.5
12,CAT,캐터필러,5,60,14,29,79,1.0,10.0,3.34,0.0,17.08,28.59
12,CSX.O,CSX,5,60,14,29,79,1.0,10.0,3.34,0.0,17.68,27.36
12,VMC,벌칸 머티리얼스,5,60,14,29,79,1.0,10.0,3.34,30.24,18.92,31.74
12,EBAY.O,이베이,5,60,14,29,79,1.0,10.0,3.34,0.0,19.19,29.87
12,DLTR.O,달러 트리,5,60,14,29,79,1.0,10.0,3.34,0.0,17.76,30.5
12,HII,헌팅턴 잉걸스 인더스트리즈,5,60,14,29,79,1.0,10.0,3.34,0.0,19.43,26.65
12,ANSS.O,앤시스,5,60,14,29,79,1.0,10.0,3.34,0.0,19.6,28.49
12,SNA,스냅-온,5,60,14,29,79,1.0,10.0,3.34,0.0,17.8,25.84
12,PKG,패키징 코퍼레이션 오브 아메리카,5,60,14,29,79,1.0,10.0,3.34,0.0,20.55,27.26
12,VRSN.O,베리사인,5,60,14,29,79,1.0,10.0,3.34,0.0,18.17,26.03
12,XYL,자일럼,5,60,14,29,79,1.0,10.0,3.34,0.0,18.57,26.27
12,AVY,에이버리 데니슨,5,60,14,29,79,1.0,10.0,3.34,24.23,18.18,26.76
12,CRL,찰스 리버 래보라토리스 인터내셔널,5,60,14,29,79,1.0,10.0,3.34,0.0,19.53,31.22
12,DVA,다비타,5,60,14,29,79,1.0,10.0,3.34,0.0,16.49,29.02
12,HOLX.O,홀로직,5,60,14,29,79,1.0,10.0,3.34,0.0,17.31,27.49
12,WAB,웨스팅하우스 에어 브레이크 테크놀로지,5,60,14,29,79,1.0,10.0,3.34,0.0,21.19,30.02
12,DOV,도버,5,60,14,29,79,1.0,10.0,3.34,0.0,17.89,26.31
12,RMD,레스메드,5,60,14,29,79,1.0,10.0,3.34,36.38,19.27,30.06
12,MAS,매스코,5,60,14,29,79,1.0,10.0,3.34,19.01,20.79,31.93
12,KEYS.K,키사이트 테크놀로지스,5,60,14,29,79,1.0,10.0,3.34,0.0,23.38,30.07
12,IRM,아이언 마운틴,5,60,14,29,79,1.0,10.0,3.34,0.0,16.44,27.92
12,EFX,에퀴팩스,5,60,14,29,79,1.0,10.0,3.34,0.0,21.07,26.81
12,CPRT.O,코파트,5,60,14,29,79,1.0,10.0,3.34,0.0,20.73,31.51
12,A,애질런트 테크놀로지스,5,60,14,29,79,1.0,10.0,3.34,0.0,18.86,28.45
12,RVTY.K,레비티,5,60,14,29,79,1.0,10.0,3.34,0.0,17.34,27.45
12,TEL,TE 커넥티비티,5,60,14,29,79,1.0,10.0,3.34,0.0,17.78,26.07
12,JPM,제이피모간체이스,5,60,14,29,79,1.0,10.0,3.34,21.46,16.83,27.46
12,JPM,제이피모간체이스,5,60,14,24,54,1.0,10.0,2.91,0.0,16.83,27.46
12,CAT,캐터필러,5,60,14,24,54,1.0,10.0,2.91,0.0,17.08,28.59
12,HUM,휴마나,5,60,14,24,54,1.0,10.0,2.91,0.0,21.36,29.55
12,CSX.O,CSX,5,60,14,24,54,1.0,10.0,2.91,0.0,17.68,27.36
12,MLM,마틴 마리에타 머터리얼스,5,60,14,24,54,1.0,10.0,2.91,0.0,19.51,30.56
12,CI,시그나,5,60,14,24,54,1.0,10.0,2.91,0.0,23.21,28.49
12,IQV,아이큐비아 홀딩스,5,60,14,24,54,1.0,10.0,2.91,0.0,20.58,27.76
12,ROK,로크웰 오토메이션,5,60,14,24,54,1.0,10.0,2.91,0.0,17.93,29.84
12,GWW,W W 그레인저,5,60,14,24,54,1.0,10.0,2.91,0.0,20.97,26.61
12,GPN,글로벌 페이먼츠,5,60,14,24,54,1.0,10.0,2.91,0.0,17.6,30.12
12,CHTR.O,차터 커뮤니케이션,5,60,14,24,54,1.0,10.0,2.91,0.0,20.77,29.36
12,EQIX.O,이퀴닉스,5,60,14,24,54,1.0,10.0,2.91,0.0,23.25,29.15
12,HLT,힐튼 월드와이드 홀딩스,5,60,14,24,54,1.0,10.0,2.91,0.0,20.85,28.61
12,MAR.O,메리어트 인터내셔널,5,60,14,24,54,1.0,10.0,2.91,0.0,21.76,30.72
12,EBAY.O,이베이,5,60,14,24,54,1.0,10.0,2.91,0.0,19.19,29.87
12,PH,파커-하니핀,5,60,14,24,54,1.0,10.0,2.91,0.0,22.51,29.74
12,ETN,이튼,5,60,14,24,54,1.0,10.0,2.91,0.0,22.18,27.8
12,BLK,블랙록,5,60,14,24,54,1.0,10.0,2.91,0.0,16.94,27.44
12,RTX,RTX,5,60,14,24,54,1.0,10.0,2.91,0.0,22.93,29.05
12,AXP,아메리칸 익스프레스,5,60,14,24,54,1.0,10.0,2.91,0.0,17.67,28.58
12,ABBV.K,애브비,5,60,14,24,54,1.0,10.0,2.91,0.0,18.6,26.34
12,ADI.O,애널로그 디바이시스,5,60,14,24,54,1.0,10.0,2.91,0.0,20.93,28.75
12,TXN.O,텍사스 인스트루먼트,5,60,14,24,54,1.0,10.0,2.91,0.0,20.34,26.67
12,SBUX.O,스타벅스,5,60,14,24,54,1.0,10.0,2.91,0.0,17.5,26.5
12,ORCL.K,오라클,5,60,14,24,54,1.0,10.0,2.91,0.0,17.91,26.66
12,VMC,벌칸 머티리얼스,5,60,14,24,54,1.0,10.0,2.91,145.56,18.92,31.74
12,DE,디어 앤 코,5,60,14,24,54,1.0,10.0,2.91,0.0,18.41,27.74
12,DLTR.O,달러 트리,5,60,14,24,54,1.0,10.0,2.91,0.0,17.76,30.5
12,HOLX.O,홀로직,5,60,14,24,54,1.0,10.0,2.91,0.0,17.31,27.49
12,NDSN.O,노드슨,5,60,14,24,54,1.0,10.0,2.91,0.0,21.09,29.17
12,TEL,TE 커넥티비티,5,60,14,24,54,1.0,10.0,2.91,0.0,17.78,26.07
12,HII,헌팅턴 잉걸스 인더스트리즈,5,60,14,24,54,1.0,10.0,2.91,0.0,19.43,26.65
12,ANSS.O,앤시스,5,60,14,24,54,1.0,10.0,2.91,0.0,19.6,28.49
12,SNA,스냅-온,5,60,14,24,54,1.0,10.0,2.91,0.0,17.8,25.84
12,PKG,패키징 코퍼레이션 오브 아메리카,5,60,14,24,54,1.0,10.0,2.91,0.0,20.55,27.26
12,VRSN.O,베리사인,5,60,14,24,54,1.0,10.0,2.91,0.0,18.17,26.03
12,AVY,에이버리 데니슨,5,60,14,24,54,1.0,10.0,2.91,0.0,18.18,26.76
12,CRL,찰스 리버 래보라토리스 인터내셔널,5,60,14,24,54,1.0,10.0,2.91,0.0,19.53,31.22
12,DVA,다비타,5,60,14,24,54,1.0,10.0,2.91,0.0,16.49,29.02
12,XYL,자일럼,5,60,14,24,54,1.0,10.0,2.91,0.0,18.57,26.27
12,WAB,웨스팅하우스 에어 브레이크 테크놀로지,5,60,14,24,54,1.0,10.0,2.91,0.0,21.19,30.02
12,IRM,아이언 마운틴,5,60,14,24,54,1.0,10.0,2.91,0.0,16.44,27.92
12,RVTY.K,레비티,5,60,14,24,54,1.0,10.0,2.91,0.0,17.34,27.45
12,DOV,도버,5,60,14,24,54,1.0,10.0,2.91,0.0,17.89,26.31
12,CPRT.O,코파트,5,60,14,24,54,1.0,10.0,2.91,0.0,20.73,31.51
12,EFX,에퀴팩스,5,60,14,24,54,1.0,10.0,2.91,0.0,21.07,26.81
12,A,애질런트 테크놀로지스,5,60,14,24,54,1.0,10.0,2.91,0.0,18.86,28.45
12,KEYS.K,키사이트 테크놀로지스,5,60,14,24,54,1.0,10.0,2.91,0.0,23.38,30.07
12,MAS,매스코,5,60,14,24,54,1.0,10.0,2.91,0.0,20.79,31.93
12,RMD,레스메드,5,60,14,24,54,1.0,10.0,2.91,0.0,19.27,30.06
12,MAR.O,메리어트 인터내셔널,5,120,14,29,59,1.0,10.0,1.64,0.0,21.76,30.72
12,CI,시그나,5,120,14,29,59,1.0,10.0,1.64,0.0,23.21,28.49
12,IQV,아이큐비아 홀딩스,5,120,14,29,59,1.0,10.0,1.64,0.0,20.58,27.76
12,ROK,로크웰 오토메이션,5,120,14,29,59,1.0,10.0,1.64,0.0,17.93,29.84
12,GWW,W W 그레인저,5,120,14,29,59,1.0,10.0,1.64,0.0,20.97,26.61
12,GPN,글로벌 페이먼츠,5,120,14,29,59,1.0,10.0,1.64,0.0,17.6,30.12
12,CHTR.O,차터 커뮤니케이션,5,120,14,29,59,1.0,10.0,1.64,0.0,20.77,29.36
12,EQIX.O,이퀴닉스,5,120,14,29,59,1.0,10.0,1.64,0.0,23.25,29.15
12,DE,디어 앤 코,5,120,14,29,59,1.0,10.0,1.64,0.0,18.41,27.74
12,HLT,힐튼 월드와이드 홀딩스,5,120,14,29,59,1.0,10.0,1.64,0.0,20.85,28.61
12,HUM,휴마나,5,120,14,29,59,1.0,10.0,1.64,0.0,21.36,29.55
12,ORCL.K,오라클,5,120,14,29,59,1.0,10.0,1.64,0.0,17.91,26.66
12,PH,파커-하니핀,5,120,14,29,59,1.0,10.0,1.64,0.0,22.51,29.74
12,ETN,이튼,5,120,14,29,59,1.0,10.0,1.64,0.0,22.18,27.8
12,BLK,블랙록,5,120,14,29,59,1.0,10.0,1.64,0.0,16.94,27.44
12,RTX,RTX,5,120,14,29,59,1.0,10.0,1.64,0.0,22.93,29.05
12,AXP,아메리칸 익스프레스,5,120,14,29,59,1.0,10.0,1.64,0.0,17.67,28.58
12,ABBV.K,애브비,5,120,14,29,59,1.0,10.0,1.64,0.0,18.6,26.34
12,ADI.O,애널로그 디바이시스,5,120,14,29,59,1.0,10.0,1.64,0.0,20.93,28.75
12,TXN.O,텍사스 인스트루먼트,5,120,14,29,59,1.0,10.0,1.64,0.0,20.34,26.67
12,SBUX.O,스타벅스,5,120,14,29,59,1.0,10.0,1.64,0.0,17.5,26.5
12,CAT,캐터필러,5,120,14,29,59,1.0,10.0,1.64,0.0,17.08,28.59
12,CSX.O,CSX,5,120,14,29,59,1.0,10.0,1.64,0.0,17.68,27.36
12,MLM,마틴 마리에타 머터리얼스,5,120,14,29,59,1.0,10.0,1.64,0.0,19.51,30.56
12,JPM,제이피모간체이스,5,120,14,29,54,1.0,10.0,1.64,0.0,16.83,27.46
12,EBAY.O,이베이,5,120,14,29,59,1.0,10.0,1.64,0.0,19.19,29.87
12,DLTR.O,달러 트리,5,120,14,29,59,1.0,10.0,1.64,0.0,17.76,30.5
12,NDSN.O,노드슨,5,120,14,29,54,1.0,10.0,1.64,0.0,21.09,29.17
12,ANSS.O,앤시스,5,120,14,29,59,1.0,10.0,1.64,0.0,19.6,28.49
12,SNA,스냅-온,5,120,14,29,59,1.0,10.0,1.64,0.0,17.8,25.84
12,PKG,패키징 코퍼레이션 오브 아메리카,5,120,14,29,59,1.0,10.0,1.64,0.0,20.55,27.26
12,VRSN.O,베리사인,5,120,14,29,59,1.0,10.0,1.64,0.0,18.17,26.03
12,XYL,자일럼,5,120,14,29,59,1.0,10.0,1.64,0.0,18.57,26.27
12,AVY,에이버리 데니슨,5,120,14,29,59,1.0,10.0,1.64,0.0,18.18,26.76
12,CRL,찰스 리버 래보라토리스 인터내셔널,5,120,14,29,59,1.0,10.0,1.64,0.0,19.53,31.22
12,DVA,다비타,5,120,14,29,59,1.0,10.0,1.64,0.0,16.49,29.02
12,HOLX.O,홀로직,5,120,14,29,59,1.0,10.0,1.64,0.0,17.31,27.49
12,WAB,웨스팅하우스 에어 브레이크 테크놀로지,5,120,14,29,59,1.0,10.0,1.64,0.0,21.19,30.02
12,DOV,도버,5,120,14,29,59,1.0,10.0,1.64,0.0,17.89,26.31
12,RMD,레스메드,5,120,14,29,59,1.0,10.0,1.64,82.08,19.27,30.06
12,MAS,매스코,5,120,14,29,59,1.0,10.0,1.64,0.0,20.79,31.93
12,KEYS.K,키사이트 테크놀로지스,5,120,14,29,59,1.0,10.0,1.64,0.0,23.38,30.07
12,IRM,아이언 마운틴,5,120,14,29,59,1.0,10.0,1.64,0.0,16.44,27.92
12,EFX,에퀴팩스,5,120,14,29,59,1.0,10.0,1.64,0.0,21.07,26.81
12,CPRT.O,코파트,5,120,14,29,59,1.0,10.0,1.64,0.0,20.73,31.51
12,A,애질런트 테크놀로지스,5,120,14,29,59,1.0,10.0,1.64,0.0,18.86,28.45
12,RVTY.K,레비티,5,120,14,29,59,1.0,10.0,1.64,0.0,17.34,27.45
12,TEL,TE 커넥티비티,5,120,14,29,59,1.0,10.0,1.64,0.0,17.78,26.07
12,JPM,제이피모간체이스,5,120,14,29,59,1.0,10.0,1.64,0.0,16.83,27.46
12,CSX.O,CSX,5,120,14,29,54,1.0,10.0,1.64,0.0,17.68,27.36
12,HII,헌팅턴 잉걸스 인더스트리즈,5,120,14,29,54,1.0,10.0,1.64,0.0,19.43,26.65
12,MLM,마틴 마리에타 머터리얼스,5,120,14,29,54,1.0,10.0,1.64,0.0,19.51,30.56
12,IQV,아이큐비아 홀딩스,5,120,14,29,54,1.0,10.0,1.64,0.0,20.58,27.76
12,ROK,로크웰 오토메이션,5,120,14,29,54,1.0,10.0,1.64,0.0,17.93,29.84
12,GWW,W W 그레인저,5,120,14,29,54,1.0,10.0,1.64,0.0,20.97,26.61
12,GPN,글로벌 페이먼츠,5,120,14,29,54,1.0,10.0,1.64,0.0,17.6,30.12
12,CHTR.O,차터 커뮤니케이션,5,120,14,29,54,1.0,10.0,1.64,0.0,20.77,29.36
12,EQIX.O,이퀴닉스,5,120,14,29,54,1.0,10.0,1.64,0.0,23.25,29.15
12,DE,디어 앤 코,5,120,14,29,54,1.0,10.0,1.64,0.0,18.41,27.74
12,HLT,힐튼 월드와이드 홀딩스,5,120,14,29,54,1.0,10.0,1.64,0.0,20.85,28.61
12,HUM,휴마나,5,120,14,29,54,1.0,10.0,1.64,0.0,21.36,29.55
12,MAR.O,메리어트 인터내셔널,5,120,14,29,54,1.0,10.0,1.64,0.0,21.76,30.72
12,PH,파커-하니핀,5,120,14,29,54,1.0,10.0,1.64,0.0,22.51,29.74
12,ETN,이튼,5,120,14,29,54,1.0,10.0,1.64,0.0,22.18,27.8
12,BLK,블랙록,5,120,14,29,54,1.0,10.0,1.64,0.0,16.94,27.44
12,RTX,RTX,5,120,14,29,54,1.0,10.0,1.64,0.0,22.93,29.05
12,AXP,아메리칸 익스프레스,5,120,14,29,54,1.0,10.0,1.64,0.0,17.67,28.58
12,ABBV.K,애브비,5,120,14,29,54,1.0,10.0,1.64,0.0,18.6,26.34
12,ADI.O,애널로그 디바이시스,5,120,14,29,54,1.0,10.0,1.64,0.0,20.93,28.75
12,TXN.O,텍사스 인스트루먼트,5,120,14,29,54,1.0,10.0,1.64,0.0,20.34,26.67
12,SBUX.O,스타벅스,5,120,14,29,54,1.0,10.0,1.64,0.0,17.5,26.5
12,CAT,캐터필러,5,120,14,29,54,1.0,10.0,1.64,0.0,17.08,28.59
12,ORCL.K,오라클,5,120,14,29,54,1.0,10.0,1.64,0.0,17.91,26.66
12,CI,시그나,5,120,14,29,54,1.0,10.0,1.64,0.0,23.21,28.49
12,NDSN.O,노드슨,5,120,14,29,59,1.0,10.0,1.64,0.0,21.09,29.17
12,ANSS.O,앤시스,5,120,14,29,54,1.0,10.0,1.64,0.0,19.6,28.49
12,VMC,벌칸 머티리얼스,5,120,14,29,54,1.0,10.0,1.64,0.0,18.92,31.74
12,SNA,스냅-온,5,120,14,29,54,1.0,10.0,1.64,0.0,17.8,25.84
12,PKG,패키징 코퍼레이션 오브 아메리카,5,120,14,29,54,1.0,10.0,1.64,0.0,20.55,27.26
12,VRSN.O,베리사인,5,120,14,29,54,1.0,10.0,1.64,0.0,18.17,26.03
12,XYL,자일럼,5,120,14,29,54,1.0,10.0,1.64,0.0,18.57,26.27
12,AVY,에이버리 데니슨,5,120,14,29,54,1.0,10.0,1.64,0.0,18.18,26.76
12,CRL,찰스 리버 래보라토리스 인터내셔널,5,120,14,29,54,1.0,10.0,1.64,0.0,19.53,31.22
12,DVA,다비타,5,120,14,29,54,1.0,10.0,1.64,0.0,16.49,29.02
12,HOLX.O,홀로직,5,120,14,29,54,1.0,10.0,1.64,0.0,17.31,27.49
12,WAB,웨스팅하우스 에어 브레이크 테크놀로지,5,120,14,29,54,1.0,10.0,1.64,0.0,21.19,30.02
12,DOV,도버,5,120,14,29,54,1.0,10.0,1.64,0.0,17.89,26.31
12,RMD,레스메드,5,120,14,29,54,1.0,10.0,1.64,82.08,19.27,30.06
12,MAS,매스코,5,120,14,29,54,1.0,10.0,1.64,0.0,20.79,31.93
12,KEYS.K,키사이트 테크놀로지스,5,120,14,29,54,1.0,10.0,1.64,0.0,23.38,30.07
12,IRM,아이언 마운틴,5,120,14,29,54,1.0,10.0,1.64,0.0,16.44,27.92
12,EFX,에퀴팩스,5,120,14,29,54,1.0,10.0,1.64,0.0,21.07,26.81
12,CPRT.O,코파트,5,120,14,29,54,1.0,10.0,1.64,0.0,20.73,31.51
12,A,애질런트 테크놀로지스,5,120,14,29,54,1.0,10.0,1.64,0.0,18.86,28.45
12,RVTY.K,레비티,5,120,14,29,54,1.0,10.0,1.64,0.0,17.34,27.45
12,TEL,TE 커넥티비티,5,120,14,29,54,1.0,10.0,1.64,0.0,17.78,26.07
12,DLTR.O,달러 트리,5,120,14,29,54,1.0,10.0,1.64,0.0,17.76,30.5
12,EBAY.O,이베이,5,120,14,29,54,1.0,10.0,1.64,0.0,19.19,29.87
12,HII,헌팅턴 잉걸스 인더스트리즈,5,120,14,29,59,1.0,10.0,1.64,0.0,19.43,26.65
12,VMC,벌칸 머티리얼스,5,120,14,29,59,1.0,10.0,1.64,0.0,18.92,31.74
12,JPM,제이피모간체이스,5,120,14,29,69,1.0,10.0,1.23,0.0,16.83,27.46
12,VMC,벌칸 머티리얼스,5,120,14,29,69,1.0,10.0,1.23,0.0,18.92,31.74
12,MLM,마틴 마리에타 머터리얼스,5,120,14,29,69,1.0,10.0,1.23,0.0,19.51,30.56
12,CI,시그나,5,120,14,29,69,1.0,10.0,1.23,0.0,23.21,28.49
12,IQV,아이큐비아 홀딩스,5,120,14,29,69,1.0,10.0,1.23,0.0,20.58,27.76
12,ROK,로크웰 오토메이션,5,120,14,29,69,1.0,10.0,1.23,0.0,17.93,29.84
12,GWW,W W 그레인저,5,120,14,29,69,1.0,10.0,1.23,0.0,20.97,26.61
12,GPN,글로벌 페이먼츠,5,120,14,29,69,1.0,10.0,1.23,0.0,17.6,30.12
12,CHTR.O,차터 커뮤니케이션,5,120,14,29,69,1.0,10.0,1.23,0.0,20.77,29.36
12,EQIX.O,이퀴닉스,5,120,14,29,69,1.0,10.0,1.23,0.0,23.25,29.15
12,DE,디어 앤 코,5,120,14,29,69,1.0,10.0,1.23,0.0,18.41,27.74
12,HLT,힐튼 월드와이드 홀딩스,5,120,14,29,69,1.0,10.0,1.23,0.0,20.85,28.61
12,HUM,휴마나,5,120,14,29,69,1.0,10.0,1.23,0.0,21.36,29.55
12,MAR.O,메리어트 인터내셔널,5,120,14,29,69,1.0,10.0,1.23,0.0,21.76,30.72
12,PH,파커-하니핀,5,120,14,29,69,1.0,10.0,1.23,0.0,22.51,29.74
12,ETN,이튼,5,120,14,29,69,1.0,10.0,1.23,0.0,22.18,27.8
12,BLK,블랙록,5,120,14,29,69,1.0,10.0,1.23,0.0,16.94,27.44
12,RTX,RTX,5,120,14,29,69,1.0,10.0,1.23,0.0,22.93,29.05
12,AXP,아메리칸 익스프레스,5,120,14,29,69,1.0,10.0,1.23,0.0,17.67,28.58
12,ABBV.K,애브비,5,120,14,29,69,1.0,10.0,1.23,0.0,18.6,26.34
12,ADI.O,애널로그 디바이시스,5,120,14,29,69,1.0,10.0,1.23,0.0,20.93,28.75
12,TXN.O,텍사스 인스트루먼트,5,120,14,29,69,1.0,10.0,1.23,0.0,20.34,26.67
12,SBUX.O,스타벅스,5,120,14,29,69,1.0,10.0,1.23,0.0,17.5,26.5
12,CSX.O,CSX,5,120,14,29,69,1.0,10.0,1.23,0.0,17.68,27.36
12,EBAY.O,이베이,5,120,14,29,69,1.0,10.0,1.23,0.0,19.19,29.87
12,ORCL.K,오라클,5,120,14,29,69,1.0,10.0,1.23,0.0,17.91,26.66
12,DLTR.O,달러 트리,5,120,14,29,69,1.0,10.0,1.23,0.0,17.76,30.5
12,NDSN.O,노드슨,5,120,14,29,69,1.0,10.0,1.23,0.0,21.09,29.17
12,ANSS.O,앤시스,5,120,14,29,69,1.0,10.0,1.23,0.0,19.6,28.49
12,SNA,스냅-온,5,120,14,29,69,1.0,10.0,1.23,0.0,17.8,25.84
12,PKG,패키징 코퍼레이션 오브 아메리카,5,120,14,29,69,1.0,10.0,1.23,0.0,20.55,27.26
12,VRSN.O,베리사인,5,120,14,29,69,1.0,10.0,1.23,0.0,18.17,26.03
12,XYL,자일럼,5,120,14,29,69,1.0,10.0,1.23,0.0,18.57,26.27
12,AVY,에이버리 데니슨,5,120,14,29,69,1.0,10.0,1.23,0.0,18.18,26.76
12,CRL,찰스 리버 래보라토리스 인터내셔널,5,120,14,29,69,1.0,10.0,1.23,0.0,19.53,31.22
12,DVA,다비타,5,120,14,29,69,1.0,10.0,1.23,0.0,16.49,29.02
12,HOLX.O,홀로직,5,120,14,29,69,1.0,10.0,1.23,0.0,17.31,27.49
12,WAB,웨스팅하우스 에어 브레이크 테크놀로지,5,120,14,29,69,1.0,10.0,1.23,0.0,21.19,30.02
12,DOV,도버,5,120,14,29,69,1.0,10.0,1.23,0.0,17.89,26.31
12,RMD,레스메드,5,120,14,29,69,1.0,10.0,1.23,61.34,19.27,30.06
12,MAS,매스코,5,120,14,29,69,1.0,10.0,1.23,0.0,20.79,31.93
12,KEYS.K,키사이트 테크놀로지스,5,120,14,29,69,1.0,10.0,1.23,0.0,23.38,30.07
12,IRM,아이언 마운틴,5,120,14,29,69,1.0,10.0,1.23,0.0,16.44,27.92
12,EFX,에퀴팩스,5,120,14,29,69,1.0,10.0,1.23,0.0,21.07,26.81
12,CPRT.O,코파트,5,120,14,29,69,1.0,10.0,1.23,0.0,20.73,31.51
12,A,애질런트 테크놀로지스,5,120,14,29,69,1.0,10.0,1.23,0.0,18.86,28.45
12,RVTY.K,레비티,5,120,14,29,69,1.0,10.0,1.23,0.0,17.34,27.45
12,TEL,TE 커넥티비티,5,120,14,29,69,1.0,10.0,1.23,0.0,17.78,26.07
12,CAT,캐터필러,5,120,14,29,69,1.0,10.0,1.23,0.0,17.08,28.59
12,HII,헌팅턴 잉걸스 인더스트리즈,5,120,14,29,69,1.0,10.0,1.23,0.0,19.43,26.65
12,JPM,제이피모간체이스,5,120,14,29,64,1.0,10.0,1.06,0.0,16.83,27.46
12,DOV,도버,5,120,14,29,64,1.0,10.0,1.06,0.0,17.89,26.31
12,EBAY.O,이베이,5,120,14,29,64,1.0,10.0,1.06,0.0,19.19,29.87
12,DLTR.O,달러 트리,5,120,14,29,64,1.0,10.0,1.06,0.0,17.76,30.5
12,TEL,TE 커넥티비티,5,120,14,29,64,1.0,10.0,1.06,0.0,17.78,26.07
12,RVTY.K,레비티,5,120,14,29,64,1.0,10.0,1.06,0.0,17.34,27.45
12,A,애질런트 테크놀로지스,5,120,14,29,64,1.0,10.0,1.06,0.0,18.86,28.45
12,CPRT.O,코파트,5,120,14,29,64,1.0,10.0,1.06,0.0,20.73,31.51
12,EFX,에퀴팩스,5,120,14,29,64,1.0,10.0,1.06,0.0,21.07,26.81
12,IRM,아이언 마운틴,5,120,14,29,64,1.0,10.0,1.06,0.0,16.44,27.92
12,KEYS.K,키사이트 테크놀로지스,5,120,14,29,64,1.0,10.0,1.06,0.0,23.38,30.07
12,MAS,매스코,5,120,14,29,64,1.0,10.0,1.06,0.0,20.79,31.93
12,WAB,웨스팅하우스 에어 브레이크 테크놀로지,5,120,14,29,64,1.0,10.0,1.06,0.0,21.19,30.02
12,NDSN.O,노드슨,5,120,14,29,64,1.0,10.0,1.06,0.0,21.09,29.17
12,HOLX.O,홀로직,5,120,14,29,64,1.0,10.0,1.06,0.0,17.31,27.49
12,DVA,다비타,5,120,14,29,64,1.0,10.0,1.06,0.0,16.49,29.02
12,CRL,찰스 리버 래보라토리스 인터내셔널,5,120,14,29,64,1.0,10.0,1.06,0.0,19.53,31.22
12,AVY,에이버리 데니슨,5,120,14,29,64,1.0,10.0,1.06,0.0,18.18,26.76
12,XYL,자일럼,5,120,14,29,64,1.0,10.0,1.06,0.0,18.57,26.27
12,VRSN.O,베리사인,5,120,14,29,64,1.0,10.0,1.06,0.0,18.17,26.03
12,PKG,패키징 코퍼레이션 오브 아메리카,5,120,14,29,64,1.0,10.0,1.06,0.0,20.55,27.26
12,SNA,스냅-온,5,120,14,29,64,1.0,10.0,1.06,0.0,17.8,25.84
12,ANSS.O,앤시스,5,120,14,29,64,1.0,10.0,1.06,0.0,19.6,28.49
12,HII,헌팅턴 잉걸스 인더스트리즈,5,120,14,29,64,1.0,10.0,1.06,0.0,19.43,26.65
12,VMC,벌칸 머티리얼스,5,120,14,29,64,1.0,10.0,1.06,0.0,18.92,31.74
12,RMD,레스메드,5,120,14,29,64,1.0,10.0,1.06,52.9,19.27,30.06
12,CSX.O,CSX,5,120,14,29,64,1.0,10.0,1.06,0.0,17.68,27.36
12,MAR.O,메리어트 인터내셔널,5,120,14,29,64,1.0,10.0,1.06,0.0,21.76,30.72
12,MLM,마틴 마리에타 머터리얼스,5,120,14,29,64,1.0,10.0,1.06,0.0,19.51,30.56
12,SBUX.O,스타벅스,5,120,14,29,64,1.0,10.0,1.06,0.0,17.5,26.5
12,TXN.O,텍사스 인스트루먼트,5,120,14,29,64,1.0,10.0,1.06,0.0,20.34,26.67
12,ADI.O,애널로그 디바이시스,5,120,14,29,64,1.0,10.0,1.06,0.0,20.93,28.75
12,ABBV.K,애브비,5,120,14,29,64,1.0,10.0,1.06,0.0,18.6,26.34
12,AXP,아메리칸 익스프레스,5,120,14,29,64,1.0,10.0,1.06,0.0,17.67,28.58
12,RTX,RTX,5,120,14,29,64,1.0,10.0,1.06,0.0,22.93,29.05
12,BLK,블랙록,5,120,14,29,64,1.0,10.0,1.06,0.0,16.94,27.44
12,ETN,이튼,5,120,14,29,64,1.0,10.0,1.06,0.0,22.18,27.8
12,PH,파커-하니핀,5,120,14,29,64,1.0,10.0,1.06,0.0,22.51,29.74
12,CAT,캐터필러,5,120,14,29,64,1.0,10.0,1.06,0.0,17.08,28.59
12,HUM,휴마나,5,120,14,29,64,1.0,10.0,1.06,0.0,21.36,29.55
12,GPN,글로벌 페이먼츠,5,120,14,29,64,1.0,10.0,1.06,0.0,17.6,30.12
12,CI,시그나,5,120,14,29,64,1.0,10.0,1.06,0.0,23.21,28.49
12,IQV,아이큐비아 홀딩스,5,120,14,29,64,1.0,10.0,1.06,0.0,20.58,27.76
12,ROK,로크웰 오토메이션,5,120,14,29,64,1.0,10.0,1.06,0.0,17.93,29.84
12,GWW,W W 그레인저,5,120,14,29,64,1.0,10.0,1.06,0.0,20.97,26.61
12,ORCL.K,오라클,5,120,14,29,64,1.0,10.0,1.06,0.0,17.91,26.66
12,CHTR.O,차터 커뮤니케이션,5,120,14,29,64,1.0,10.0,1.06,0.0,20.77,29.36
12,DE,디어 앤 코,5,120,14,29,64,1.0,10.0,1.06,0.0,18.41,27.74
12,HLT,힐튼 월드와이드 홀딩스,5,120,14,29,64,1.0,10.0,1.06,0.0,20.85,28.61
12,EQIX.O,이퀴닉스,5,120,14,29,64,1.0,10.0,1.06,0.0,23.25,29.15
12,MAR.O,메리어트 인터내셔널,5,60,14,24,64,1.0,10.0,0.95,0.0,21.76,30.72
12,MLM,마틴 마리에타 머터리얼스,5,60,14,24,64,1.0,10.0,0.95,0.0,19.51,30.56
12,CI,시그나,5,60,14,24,64,1.0,10.0,0.95,0.0,23.21,28.49
12,IQV,아이큐비아 홀딩스,5,60,14,24,64,1.0,10.0,0.95,0.0,20.58,27.76
12,ROK,로크웰 오토메이션,5,60,14,24,64,1.0,10.0,0.95,0.0,17.93,29.84
12,GWW,W W 그레인저,5,60,14,24,64,1.0,10.0,0.95,0.0,20.97,26.61
12,GPN,글로벌 페이먼츠,5,60,14,24,64,1.0,10.0,0.95,0.0,17.6,30.12
12,CHTR.O,차터 커뮤니케이션,5,60,14,24,64,1.0,10.0,0.95,0.0,20.77,29.36
12,EQIX.O,이퀴닉스,5,60,14,24,64,1.0,10.0,0.95,0.0,23.25,29.15
12,DE,디어 앤 코,5,60,14,24,64,1.0,10.0,0.95,0.0,18.41,27.74
12,HLT,힐튼 월드와이드 홀딩스,5,60,14,24,64,1.0,10.0,0.95,0.0,20.85,28.61
12,HUM,휴마나,5,60,14,24,64,1.0,10.0,0.95,0.0,21.36,29.55
12,ETN,이튼,5,60,14,24,64,1.0,10.0,0.95,0.0,22.18,27.8
12,PH,파커-하니핀,5,60,14,24,64,1.0,10.0,0.95,0.0,22.51,29.74
12,BLK,블랙록,5,60,14,24,64,1.0,10.0,0.95,0.0,16.94,27.44
12,RTX,RTX,5,60,14,24,64,1.0,10.0,0.95,0.0,22.93,29.05
12,CSX.O,CSX,5,60,14,24,64,1.0,10.0,0.95,0.0,17.68,27.36
12,ABBV.K,애브비,5,60,14,24,64,1.0,10.0,0.95,0.0,18.6,26.34
12,ADI.O,애널로그 디바이시스,5,60,14,24,64,1.0,10.0,0.95,0.0,20.93,28.75
12,TXN.O,텍사스 인스트루먼트,5,60,14,24,64,1.0,10.0,0.95,0.0,20.34,26.67
12,SBUX.O,스타벅스,5,60,14,24,64,1.0,10.0,0.95,0.0,17.5,26.5
12,CAT,캐터필러,5,60,14,24,64,1.0,10.0,0.95,0.0,17.08,28.59
12,ORCL.K,오라클,5,60,14,24,64,1.0,10.0,0.95,0.0,17.91,26.66
12,JPM,제이피모간체이스,5,60,14,24,64,1.0,10.0,0.95,0.0,16.83,27.46
12,AXP,아메리칸 익스프레스,5,60,14,24,64,1.0,10.0,0.95,0.0,17.67,28.58
12,VMC,벌칸 머티리얼스,5,60,14,24,64,1.0,10.0,0.95,47.34,18.92,31.74
12,EBAY.O,이베이,5,60,14,24,64,1.0,10.0,0.95,0.0,19.19,29.87
12,HOLX.O,홀로직,5,60,14,24,64,1.0,10.0,0.95,0.0,17.31,27.49
12,DLTR.O,달러 트리,5,60,14,24,64,1.0,10.0,0.95,0.0,17.76,30.5
12,HII,헌팅턴 잉걸스 인더스트리즈,5,60,14,24,64,1.0,10.0,0.95,0.0,19.43,26.65
12,ANSS.O,앤시스,5,60,14,24,64,1.0,10.0,0.95,0.0,19.6,28.49
12,SNA,스냅-온,5,60,14,24,64,1.0,10.0,0.95,0.0,17.8,25.84
12,PKG,패키징 코퍼레이션 오브 아메리카,5,60,14,24,64,1.0,10.0,0.95,0.0,20.55,27.26
12,VRSN.O,베리사인,5,60,14,24,64,1.0,10.0,0.95,0.0,18.17,26.03
12,XYL,자일럼,5,60,14,24,64,1.0,10.0,0.95,0.0,18.57,26.27
12,AVY,에이버리 데니슨,5,60,14,24,64,1.0,10.0,0.95,0.0,18.18,26.76
12,CRL,찰스 리버 래보라토리스 인터내셔널,5,60,14,24,64,1.0,10.0,0.95,0.0,19.53,31.22
12,DVA,다비타,5,60,14,24,64,1.0,10.0,0.95,0.0,16.49,29.02
12,NDSN.O,노드슨,5,60,14,24,64,1.0,10.0,0.95,0.0,21.09,29.17
12,WAB,웨스팅하우스 에어 브레이크 테크놀로지,5,60,14,24,64,1.0,10.0,0.95,0.0,21.19,30.02
12,EFX,에퀴팩스,5,60,14,24,64,1.0,10.0,0.95,0.0,21.07,26.81
12,DOV,도버,5,60,14,24,64,1.0,10.0,0.95,0.0,17.89,26.31
12,RVTY.K,레비티,5,60,14,24,64,1.0,10.0,0.95,0.0,17.34,27.45
12,A,애질런트 테크놀로지스,5,60,14,24,64,1.0,10.0,0.95,0.0,18.86,28.45
12,CPRT.O,코파트,5,60,14,24,64,1.0,10.0,0.95,0.0,20.73,31.51
12,TEL,TE 커넥티비티,5,60,14,24,64,1.0,10.0,0.95,0.0,17.78,26.07
12,IRM,아이언 마운틴,5,60,14,24,64,1.0,10.0,0.95,0.0,16.44,27.92
12,KEYS.K,키사이트 테크놀로지스,5,60,14,24,64,1.0,10.0,0.95,0.0,23.38,30.07
12,MAS,매스코,5,60,14,24,64,1.0,10.0,0.95,0.0,20.79,31.93
12,RMD,레스메드,5,60,14,24,64,1.0,10.0,0.95,0.0,19.27,30.06
12,CSX.O,CSX,5,60,14,24,59,1.0,10.0,0.94,0.0,17.68,27.36
12,HLT,힐튼 월드와이드 홀딩스,5,60,14,24,59,1.0,10.0,0.94,0.0,20.85,28.61
12,CI,시그나,5,60,14,24,59,1.0,10.0,0.94,0.0,23.21,28.49
12,IQV,아이큐비아 홀딩스,5,60,14,24,59,1.0,10.0,0.94,0.0,20.58,27.76
12,ROK,로크웰 오토메이션,5,60,14,24,59,1.0,10.0,0.94,0.0,17.93,29.84
12,GWW,W W 그레인저,5,60,14,24,59,1.0,10.0,0.94,0.0,20.97,26.61
12,GPN,글로벌 페이먼츠,5,60,14,24,59,1.0,10.0,0.94,0.0,17.6,30.12
12,CHTR.O,차터 커뮤니케이션,5,60,14,24,59,1.0,10.0,0.94,0.0,20.77,29.36
12,EQIX.O,이퀴닉스,5,60,14,24,59,1.0,10.0,0.94,0.0,23.25,29.15
12,DE,디어 앤 코,5,60,14,24,59,1.0,10.0,0.94,0.0,18.41,27.74
12,MLM,마틴 마리에타 머터리얼스,5,60,14,24,59,1.0,10.0,0.94,0.0,19.51,30.56
12,BLK,블랙록,5,60,14,24,59,1.0,10.0,0.94,0.0,16.94,27.44
12,HUM,휴마나,5,60,14,24,59,1.0,10.0,0.94,0.0,21.36,29.55
12,MAR.O,메리어트 인터내셔널,5,60,14,24,59,1.0,10.0,0.94,0.0,21.76,30.72
12,PH,파커-하니핀,5,60,14,24,59,1.0,10.0,0.94,0.0,22.51,29.74
12,ETN,이튼,5,60,14,24,59,1.0,10.0,0.94,0.0,22.18,27.8
12,RTX,RTX,5,60,14,24,59,1.0,10.0,0.94,0.0,22.93,29.05
12,AXP,아메리칸 익스프레스,5,60,14,24,59,1.0,10.0,0.94,0.0,17.67,28.58
12,ABBV.K,애브비,5,60,14,24,59,1.0,10.0,0.94,0.0,18.6,26.34
12,ADI.O,애널로그 디바이시스,5,60,14,24,59,1.0,10.0,0.94,0.0,20.93,28.75
12,TXN.O,텍사스 인스트루먼트,5,60,14,24,59,1.0,10.0,0.94,0.0,20.34,26.67
12,EBAY.O,이베이,5,60,14,24,59,1.0,10.0,0.94,0.0,19.19,29.87
12,SBUX.O,스타벅스,5,60,14,24,59,1.0,10.0,0.94,0.0,17.5,26.5
12,VMC,벌칸 머티리얼스,5,60,14,24,59,1.0,10.0,0.94,47.05,18.92,31.74
12,WAB,웨스팅하우스 에어 브레이크 테크놀로지,5,60,14,24,59,1.0,10.0,0.94,0.0,21.19,30.02
12,DLTR.O,달러 트리,5,60,14,24,59,1.0,10.0,0.94,0.0,17.76,30.5
12,TEL,TE 커넥티비티,5,60,14,24,59,1.0,10.0,0.94,0.0,17.78,26.07
12,ORCL.K,오라클,5,60,14,24,59,1.0,10.0,0.94,0.0,17.91,26.66
12,NDSN.O,노드슨,5,60,14,24,59,1.0,10.0,0.94,0.0,21.09,29.17
12,HII,헌팅턴 잉걸스 인더스트리즈,5,60,14,24,59,1.0,10.0,0.94,0.0,19.43,26.65
12,ANSS.O,앤시스,5,60,14,24,59,1.0,10.0,0.94,0.0,19.6,28.49
12,SNA,스냅-온,5,60,14,24,59,1.0,10.0,0.94,0.0,17.8,25.84
12,PKG,패키징 코퍼레이션 오브 아메리카,5,60,14,24,59,1.0,10.0,0.94,0.0,20.55,27.26
12,VRSN.O,베리사인,5,60,14,24,59,1.0,10.0,0.94,0.0,18.17,26.03
12,XYL,자일럼,5,60,14,24,59,1.0,10.0,0.94,0.0,18.57,26.27
12,AVY,에이버리 데니슨,5,60,14,24,59,1.0,10.0,0.94,0.0,18.18,26.76
12,CRL,찰스 리버 래보라토리스 인터내셔널,5,60,14,24,59,1.0,10.0,0.94,0.0,19.53,31.22
12,DVA,다비타,5,60,14,24,59,1.0,10.0,0.94,0.0,16.49,29.02
12,HOLX.O,홀로직,5,60,14,24,59,1.0,10.0,0.94,0.0,17.31,27.49
12,DOV,도버,5,60,14,24,59,1.0,10.0,0.94,0.0,17.89,26.31
12,RMD,레스메드,5,60,14,24,59,1.0,10.0,0.94,0.0,19.27,30.06
12,MAS,매스코,5,60,14,24,59,1.0,10.0,0.94,0.0,20.79,31.93
12,KEYS.K,키사이트 테크놀로지스,5,60,14,24,59,1.0,10.0,0.94,0.0,23.38,30.07
12,IRM,아이언 마운틴,5,60,14,24,59,1.0,10.0,0.94,0.0,16.44,27.92
12,EFX,에퀴팩스,5,60,14,24,59,1.0,10.0,0.94,0.0,21.07,26.81
12,CPRT.O,코파트,5,60,14,24,59,1.0,10.0,0.94,0.0,20.73,31.51
12,A,애질런트 테크놀로지스,5,60,14,24,59,1.0,10.0,0.94,0.0,18.86,28.45
12,RVTY.K,레비티,5,60,14,24,59,1.0,10.0,0.94,0.0,17.34,27.45
12,CAT,캐터필러,5,60,14,24,59,1.0,10.0,0.94,0.0,17.08,28.59
12,NDSN.O,노드슨,5,120,14,29,74,1.0,10.0,0.94,0.0,21.09,29.17
12,JPM,제이피모간체이스,5,60,14,24,59,1.0,10.0,0.94,0.0,16.83,27.46
12,MLM,마틴 마리에타 머터리얼스,5,120,14,29,74,1.0,10.0,0.94,0.0,19.51,30.56
12,VMC,벌칸 머티리얼스,5,120,14,29,74,1.0,10.0,0.94,0.0,18.92,31.74
12,EBAY.O,이베이,5,120,14,29,74,1.0,10.0,0.94,0.0,19.19,29.87
12,DLTR.O,달러 트리,5,120,14,29,74,1.0,10.0,0.94,0.0,17.76,30.5
12,TEL,TE 커넥티비티,5,120,14,29,74,1.0,10.0,0.94,0.0,17.78,26.07
12,RVTY.K,레비티,5,120,14,29,74,1.0,10.0,0.94,0.0,17.34,27.45
12,A,애질런트 테크놀로지스,5,120,14,29,74,1.0,10.0,0.94,0.0,18.86,28.45
12,CPRT.O,코파트,5,120,14,29,74,1.0,10.0,0.94,0.0,20.73,31.51
12,EFX,에퀴팩스,5,120,14,29,74,1.0,10.0,0.94,0.0,21.07,26.81
12,IRM,아이언 마운틴,5,120,14,29,74,1.0,10.0,0.94,0.0,16.44,27.92
12,KEYS.K,키사이트 테크놀로지스,5,120,14,29,74,1.0,10.0,0.94,0.0,23.38,30.07
12,MAS,매스코,5,120,14,29,74,1.0,10.0,0.94,0.0,20.79,31.93
12,RMD,레스메드,5,120,14,29,74,1.0,10.0,0.94,47.15,19.27,30.06
12,DOV,도버,5,120,14,29,74,1.0,10.0,0.94,0.0,17.89,26.31
12,WAB,웨스팅하우스 에어 브레이크 테크놀로지,5,120,14,29,74,1.0,10.0,0.94,0.0,21.19,30.02
12,HOLX.O,홀로직,5,120,14,29,74,1.0,10.0,0.94,0.0,17.31,27.49
12,DVA,다비타,5,120,14,29,74,1.0,10.0,0.94,0.0,16.49,29.02
12,CRL,찰스 리버 래보라토리스 인터내셔널,5,120,14,29,74,1.0,10.0,0.94,0.0,19.53,31.22
12,AVY,에이버리 데니슨,5,120,14,29,74,1.0,10.0,0.94,0.0,18.18,26.76
12,XYL,자일럼,5,120,14,29,74,1.0,10.0,0.94,0.0,18.57,26.27
12,VRSN.O,베리사인,5,120,14,29,74,1.0,10.0,0.94,0.0,18.17,26.03
12,PKG,패키징 코퍼레이션 오브 아메리카,5,120,14,29,74,1.0,10.0,0.94,0.0,20.55,27.26
12,CSX.O,CSX,5,120,14,29,74,1.0,10.0,0.94,0.0,17.68,27.36
12,CI,시그나,5,120,14,29,74,1.0,10.0,0.94,0.0,23.21,28.49
12,HII,헌팅턴 잉걸스 인더스트리즈,5,120,14,29,74,1.0,10.0,0.94,0.0,19.43,26.65
12,IQV,아이큐비아 홀딩스,5,120,14,29,74,1.0,10.0,0.94,0.0,20.58,27.76
12,JPM,제이피모간체이스,5,120,14,29,74,1.0,10.0,0.94,0.0,16.83,27.46
12,ORCL.K,오라클,5,120,14,29,74,1.0,10.0,0.94,0.0,17.91,26.66
12,CAT,캐터필러,5,120,14,29,74,1.0,10.0,0.94,0.0,17.08,28.59
12,SBUX.O,스타벅스,5,120,14,29,74,1.0,10.0,0.94,0.0,17.5,26.5
12,TXN.O,텍사스 인스트루먼트,5,120,14,29,74,1.0,10.0,0.94,0.0,20.34,26.67
12,ADI.O,애널로그 디바이시스,5,120,14,29,74,1.0,10.0,0.94,0.0,20.93,28.75
12,ABBV.K,애브비,5,120,14,29,74,1.0,10.0,0.94,0.0,18.6,26.34
12,AXP,아메리칸 익스프레스,5,120,14,29,74,1.0,10.0,0.94,0.0,17.67,28.58
12,RTX,RTX,5,120,14,29,74,1.0,10.0,0.94,0.0,22.93,29.05
12,BLK,블랙록,5,120,14,29,74,1.0,10.0,0.94,0.0,16.94,27.44
12,ETN,이튼,5,120,14,29,74,1.0,10.0,0.94,0.0,22.18,27.8
12,PH,파커-하니핀,5,120,14,29,74,1.0,10.0,0.94,0.0,22.51,29.74
12,MAR.O,메리어트 인터내셔널,5,120,14,29,74,1.0,10.0,0.94,0.0,21.76,30.72
12,HUM,휴마나,5,120,14,29,74,1.0,10.0,0.94,0.0,21.36,29.55
12,HLT,힐튼 월드와이드 홀딩스,5,120,14,29,74,1.0,10.0,0.94,0.0,20.85,28.61
12,DE,디어 앤 코,5,120,14,29,74,1.0,10.0,0.94,0.0,18.41,27.74
12,EQIX.O,이퀴닉스,5,120,14,29,74,1.0,10.0,0.94,0.0,23.25,29.15
12,CHTR.O,차터 커뮤니케이션,5,120,14,29,74,1.0,10.0,0.94,0.0,20.77,29.36
12,GPN,글로벌 페이먼츠,5,120,14,29,74,1.0,10.0,0.94,0.0,17.6,30.12
12,GWW,W W 그레인저,5,120,14,29,74,1.0,10.0,0.94,0.0,20.97,26.61
12,ROK,로크웰 오토메이션,5,120,14,29,74,1.0,10.0,0.94,0.0,17.93,29.84
12,SNA,스냅-온,5,120,14,29,74,1.0,10.0,0.94,0.0,17.8,25.84
12,ANSS.O,앤시스,5,120,14,29,74,1.0,10.0,0.94,0.0,19.6,28.49
12,NDSN.O,노드슨,5,60,14,24,69,1.0,10.0,0.67,0.0,21.09,29.17
12,WAB,웨스팅하우스 에어 브레이크 테크놀로지,5,60,14,24,69,1.0,10.0,0.67,0.0,21.19,30.02
12,TEL,TE 커넥티비티,5,60,14,24,69,1.0,10.0,0.67,0.0,17.78,26.07
12,RVTY.K,레비티,5,60,14,24,69,1.0,10.0,0.67,0.0,17.34,27.45
12,A,애질런트 테크놀로지스,5,60,14,24,69,1.0,10.0,0.67,0.0,18.86,28.45
12,CPRT.O,코파트,5,60,14,24,69,1.0,10.0,0.67,0.0,20.73,31.51
12,EFX,에퀴팩스,5,60,14,24,69,1.0,10.0,0.67,0.0,21.07,26.81
12,IRM,아이언 마운틴,5,60,14,24,69,1.0,10.0,0.67,0.0,16.44,27.92
12,KEYS.K,키사이트 테크놀로지스,5,60,14,24,69,1.0,10.0,0.67,0.0,23.38,30.07
12,MAS,매스코,5,60,14,24,69,1.0,10.0,0.67,0.0,20.79,31.93
12,RMD,레스메드,5,60,14,24,69,1.0,10.0,0.67,0.0,19.27,30.06
12,DOV,도버,5,60,14,24,69,1.0,10.0,0.67,0.0,17.89,26.31
12,HOLX.O,홀로직,5,60,14,24,69,1.0,10.0,0.67,0.0,17.31,27.49
12,CAT,캐터필러,5,60,14,24,69,1.0,10.0,0.67,0.0,17.08,28.59
12,DVA,다비타,5,60,14,24,69,1.0,10.0,0.67,0.0,16.49,29.02
12,CRL,찰스 리버 래보라토리스 인터내셔널,5,60,14,24,69,1.0,10.0,0.67,0.0,19.53,31.22
12,AVY,에이버리 데니슨,5,60,14,24,69,1.0,10.0,0.67,0.0,18.18,26.76
12,XYL,자일럼,5,60,14,24,69,1.0,10.0,0.67,0.0,18.57,26.27
12,VRSN.O,베리사인,5,60,14,24,69,1.0,10.0,0.67,0.0,18.17,26.03
12,PKG,패키징 코퍼레이션 오브 아메리카,5,60,14,24,69,1.0,10.0,0.67,0.0,20.55,27.26
12,SNA,스냅-온,5,60,14,24,69,1.0,10.0,0.67,0.0,17.8,25.84
12,ANSS.O,앤시스,5,60,14,24,69,1.0,10.0,0.67,0.0,19.6,28.49
12,HII,헌팅턴 잉걸스 인더스트리즈,5,60,14,24,69,1.0,10.0,0.67,0.0,19.43,26.65
12,ORCL.K,오라클,5,60,14,24,69,1.0,10.0,0.67,0.0,17.91,26.66
12,DLTR.O,달러 트리,5,60,14,24,69,1.0,10.0,0.67,0.0,17.76,30.5
12,EBAY.O,이베이,5,60,14,24,69,1.0,10.0,0.67,0.0,19.19,29.87
12,VMC,벌칸 머티리얼스,5,60,14,24,69,1.0,10.0,0.67,33.33,18.92,31.74
12,CSX.O,CSX,5,60,14,24,69,1.0,10.0,0.67,0.0,17.68,27.36
12,SBUX.O,스타벅스,5,60,14,24,69,1.0,10.0,0.67,0.0,17.5,26.5
12,TXN.O,텍사스 인스트루먼트,5,60,14,24,69,1.0,10.0,0.67,0.0,20.34,26.67
12,ADI.O,애널로그 디바이시스,5,60,14,24,69,1.0,10.0,0.67,0.0,20.93,28.75
12,ABBV.K,애브비,5,60,14,24,69,1.0,10.0,0.67,0.0,18.6,26.34
12,AXP,아메리칸 익스프레스,5,60,14,24,69,1.0,10.0,0.67,0.0,17.67,28.58
12,RTX,RTX,5,60,14,24,69,1.0,10.0,0.67,0.0,22.93,29.05
12,BLK,블랙록,5,60,14,24,69,1.0,10.0,0.67,0.0,16.94,27.44
12,ETN,이튼,5,60,14,24,69,1.0,10.0,0.67,0.0,22.18,27.8
12,PH,파커-하니핀,5,60,14,24,69,1.0,10.0,0.67,0.0,22.51,29.74
12,MAR.O,메리어트 인터내셔널,5,60,14,24,69,1.0,10.0,0.67,0.0,21.76,30.72
12,HUM,휴마나,5,60,14,24,69,1.0,10.0,0.67,0.0,21.36,29.55
12,HLT,힐튼 월드와이드 홀딩스,5,60,14,24,69,1.0,10.0,0.67,0.0,20.85,28.61
12,DE,디어 앤 코,5,60,14,24,69,1.0,10.0,0.67,0.0,18.41,27.74
12,EQIX.O,이퀴닉스,5,60,14,24,69,1.0,10.0,0.67,0.0,23.25,29.15
12,CHTR.O,차터 커뮤니케이션,5,60,14,24,69,1.0,10.0,0.67,0.0,20.77,29.36
12,GPN,글로벌 페이먼츠,5,60,14,24,69,1.0,10.0,0.67,0.0,17.6,30.12
12,GWW,W W 그레인저,5,60,14,24,69,1.0,10.0,0.67,0.0,20.97,26.61
12,ROK,로크웰 오토메이션,5,60,14,24,69,1.0,10.0,0.67,0.0,17.93,29.84
12,IQV,아이큐비아 홀딩스,5,60,14,24,69,1.0,10.0,0.67,0.0,20.58,27.76
12,CI,시그나,5,60,14,24,69,1.0,10.0,0.67,0.0,23.21,28.49
12,MLM,마틴 마리에타 머터리얼스,5,60,14,24,69,1.0,10.0,0.67,0.0,19.51,30.56
12,JPM,제이피모간체이스,5,60,14,24,69,1.0,10.0,0.67,0.0,16.83,27.46
12,NDSN.O,노드슨,5,120,14,29,79,1.0,10.0,0.65,0.0,21.09,29.17
12,HII,헌팅턴 잉걸스 인더스트리즈,5,120,14,29,79,1.0,10.0,0.65,0.0,19.43,26.65
12,RMD,레스메드,5,120,14,29,79,1.0,10.0,0.65,32.71,19.27,30.06
12,EBAY.O,이베이,5,120,14,29,79,1.0,10.0,0.65,0.0,19.19,29.87
12,DLTR.O,달러 트리,5,120,14,29,79,1.0,10.0,0.65,0.0,17.76,30.5
12,TEL,TE 커넥티비티,5,120,14,29,79,1.0,10.0,0.65,0.0,17.78,26.07
12,RVTY.K,레비티,5,120,14,29,79,1.0,10.0,0.65,0.0,17.34,27.45
12,A,애질런트 테크놀로지스,5,120,14,29,79,1.0,10.0,0.65,0.0,18.86,28.45
12,CPRT.O,코파트,5,120,14,29,79,1.0,10.0,0.65,0.0,20.73,31.51
12,EFX,에퀴팩스,5,120,14,29,79,1.0,10.0,0.65,0.0,21.07,26.81
12,IRM,아이언 마운틴,5,120,14,29,79,1.0,10.0,0.65,0.0,16.44,27.92
12,KEYS.K,키사이트 테크놀로지스,5,120,14,29,79,1.0,10.0,0.65,0.0,23.38,30.07
12,JPM,제이피모간체이스,5,120,14,29,79,1.0,10.0,0.65,0.0,16.83,27.46
12,DOV,도버,5,120,14,29,79,1.0,10.0,0.65,0.0,17.89,26.31
12,CSX.O,CSX,5,120,14,29,79,1.0,10.0,0.65,0.0,17.68,27.36
12,WAB,웨스팅하우스 에어 브레이크 테크놀로지,5,120,14,29,79,1.0,10.0,0.65,0.0,21.19,30.02
12,HOLX.O,홀로직,5,120,14,29,79,1.0,10.0,0.65,0.0,17.31,27.49
12,DVA,다비타,5,120,14,29,79,1.0,10.0,0.65,0.0,16.49,29.02
12,CRL,찰스 리버 래보라토리스 인터내셔널,5,120,14,29,79,1.0,10.0,0.65,0.0,19.53,31.22
12,AVY,에이버리 데니슨,5,120,14,29,79,1.0,10.0,0.65,0.0,18.18,26.76
12,XYL,자일럼,5,120,14,29,79,1.0,10.0,0.65,0.0,18.57,26.27
12,VRSN.O,베리사인,5,120,14,29,79,1.0,10.0,0.65,0.0,18.17,26.03
12,PKG,패키징 코퍼레이션 오브 아메리카,5,120,14,29,79,1.0,10.0,0.65,0.0,20.55,27.26
12,SNA,스냅-온,5,120,14,29,79,1.0,10.0,0.65,0.0,17.8,25.84
12,ANSS.O,앤시스,5,120,14,29,79,1.0,10.0,0.65,0.0,19.6,28.49
12,VMC,벌칸 머티리얼스,5,120,14,29,79,1.0,10.0,0.65,0.0,18.92,31.74
12,MAS,매스코,5,120,14,29,79,1.0,10.0,0.65,0.0,20.79,31.93
12,MLM,마틴 마리에타 머터리얼스,5,120,14,29,79,1.0,10.0,0.65,0.0,19.51,30.56
12,PH,파커-하니핀,5,120,14,29,79,1.0,10.0,0.65,0.0,22.51,29.74
12,CI,시그나,5,120,14,29,79,1.0,10.0,0.65,0.0,23.21,28.49
12,ORCL.K,오라클,5,120,14,29,79,1.0,10.0,0.65,0.0,17.91,26.66
12,CAT,캐터필러,5,120,14,29,79,1.0,10.0,0.65,0.0,17.08,28.59
12,SBUX.O,스타벅스,5,120,14,29,79,1.0,10.0,0.65,0.0,17.5,26.5
12,TXN.O,텍사스 인스트루먼트,5,120,14,29,79,1.0,10.0,0.65,0.0,20.34,26.67
12,ADI.O,애널로그 디바이시스,5,120,14,29,79,1.0,10.0,0.65,0.0,20.93,28.75
12,AXP,아메리칸 익스프레스,5,120,14,29,79,1.0,10.0,0.65,0.0,17.67,28.58
12,RTX,RTX,5,120,14,29,79,1.0,10.0,0.65,0.0,22.93,29.05
12,BLK,블랙록,5,120,14,29,79,1.0,10.0,0.65,0.0,16.94,27.44
12,ETN,이튼,5,120,14,29,79,1.0,10.0,0.65,0.0,22.18,27.8
12,ABBV.K,애브비,5,120,14,29,79,1.0,10.0,0.65,0.0,18.6,26.34
12,MAR.O,메리어트 인터내셔널,5,120,14,29,79,1.0,10.0,0.65,0.0,21.76,30.72
12,CHTR.O,차터 커뮤니케이션,5,120,14,29,79,1.0,10.0,0.65,0.0,20.77,29.36
12,HUM,휴마나,5,120,14,29,79,1.0,10.0,0.65,0.0,21.36,29.55
12,ROK,로크웰 오토메이션,5,120,14,29,79,1.0,10.0,0.65,0.0,17.93,29.84
12,GWW,W W 그레인저,5,120,14,29,79,1.0,10.0,0.65,0.0,20.97,26.61
12,GPN,글로벌 페이먼츠,5,120,14,29,79,1.0,10.0,0.65,0.0,17.6,30.12
12,IQV,아이큐비아 홀딩스,5,120,14,29,79,1.0,10.0,0.65,0.0,20.58,27.76
12,EQIX.O,이퀴닉스,5,120,14,29,79,1.0,10.0,0.65,0.0,23.25,29.15
12,DE,디어 앤 코,5,120,14,29,79,1.0,10.0,0.65,0.0,18.41,27.74
12,HLT,힐튼 월드와이드 홀딩스,5,120,14,29,79,1.0,10.0,0.65,0.0,20.85,28.61
12,DOV,도버,5,60,14,24,74,1.0,10.0,0.61,0.0,17.89,26.31
12,DLTR.O,달러 트리,5,60,14,24,74,1.0,10.0,0.61,0.0,17.76,30.5
12,TEL,TE 커넥티비티,5,60,14,24,74,1.0,10.0,0.61,0.0,17.78,26.07
12,RVTY.K,레비티,5,60,14,24,74,1.0,10.0,0.61,0.0,17.34,27.45
12,A,애질런트 테크놀로지스,5,60,14,24,74,1.0,10.0,0.61,0.0,18.86,28.45
12,CPRT.O,코파트,5,60,14,24,74,1.0,10.0,0.61,0.0,20.73,31.51
12,EFX,에퀴팩스,5,60,14,24,74,1.0,10.0,0.61,0.0,21.07,26.81
12,IRM,아이언 마운틴,5,60,14,24,74,1.0,10.0,0.61,0.0,16.44,27.92
12,KEYS.K,키사이트 테크놀로지스,5,60,14,24,74,1.0,10.0,0.61,0.0,23.38,30.07
12,MAS,매스코,5,60,14,24,74,1.0,10.0,0.61,0.0,20.79,31.93
12,RMD,레스메드,5,60,14,24,74,1.0,10.0,0.61,0.0,19.27,30.06
12,NDSN.O,노드슨,5,60,14,24,74,1.0,10.0,0.61,0.0,21.09,29.17
12,WAB,웨스팅하우스 에어 브레이크 테크놀로지,5,60,14,24,74,1.0,10.0,0.61,0.0,21.19,30.02
12,HOLX.O,홀로직,5,60,14,24,74,1.0,10.0,0.61,0.0,17.31,27.49
12,DVA,다비타,5,60,14,24,74,1.0,10.0,0.61,0.0,16.49,29.02
12,CRL,찰스 리버 래보라토리스 인터내셔널,5,60,14,24,74,1.0,10.0,0.61,0.0,19.53,31.22
12,AVY,에이버리 데니슨,5,60,14,24,74,1.0,10.0,0.61,0.0,18.18,26.76
12,XYL,자일럼,5,60,14,24,74,1.0,10.0,0.61,0.0,18.57,26.27
12,VRSN.O,베리사인,5,60,14,24,74,1.0,10.0,0.61,0.0,18.17,26.03
12,PKG,패키징 코퍼레이션 오브 아메리카,5,60,14,24,74,1.0,10.0,0.61,0.0,20.55,27.26
12,SNA,스냅-온,5,60,14,24,74,1.0,10.0,0.61,0.0,17.8,25.84
12,ANSS.O,앤시스,5,60,14,24,74,1.0,10.0,0.61,0.0,19.6,28.49
12,HII,헌팅턴 잉걸스 인더스트리즈,5,60,14,24,74,1.0,10.0,0.61,0.0,19.43,26.65
12,EBAY.O,이베이,5,60,14,24,74,1.0,10.0,0.61,0.0,19.19,29.87
12,VMC,벌칸 머티리얼스,5,60,14,24,74,1.0,10.0,0.61,30.53,18.92,31.74
12,CSX.O,CSX,5,60,14,24,74,1.0,10.0,0.61,0.0,17.68,27.36
12,PH,파커-하니핀,5,60,14,24,74,1.0,10.0,0.61,0.0,22.51,29.74
12,MLM,마틴 마리에타 머터리얼스,5,60,14,24,74,1.0,10.0,0.61,0.0,19.51,30.56
12,ORCL.K,오라클,5,60,14,24,74,1.0,10.0,0.61,0.0,17.91,26.66
12,CAT,캐터필러,5,60,14,24,74,1.0,10.0,0.61,0.0,17.08,28.59
12,SBUX.O,스타벅스,5,60,14,24,74,1.0,10.0,0.61,0.0,17.5,26.5
12,TXN.O,텍사스 인스트루먼트,5,60,14,24,74,1.0,10.0,0.61,0.0,20.34,26.67
12,ADI.O,애널로그 디바이시스,5,60,14,24,74,1.0,10.0,0.61,0.0,20.93,28.75
12,ABBV.K,애브비,5,60,14,24,74,1.0,10.0,0.61,0.0,18.6,26.34
12,AXP,아메리칸 익스프레스,5,60,14,24,74,1.0,10.0,0.61,0.0,17.67,28.58
12,RTX,RTX,5,60,14,24,74,1.0,10.0,0.61,0.0,22.93,29.05
12,BLK,블랙록,5,60,14,24,74,1.0,10.0,0.61,0.0,16.94,27.44
12,ETN,이튼,5,60,14,24,74,1.0,10.0,0.61,0.0,22.18,27.8
12,JPM,제이피모간체이스,5,60,14,24,74,1.0,10.0,0.61,0.0,16.83,27.46
12,MAR.O,메리어트 인터내셔널,5,60,14,24,74,1.0,10.0,0.61,0.0,21.76,30.72
12,GPN,글로벌 페이먼츠,5,60,14,24,74,1.0,10.0,0.61,0.0,17.6,30.12
12,HUM,휴마나,5,60,14,24,74,1.0,10.0,0.61,0.0,21.36,29.55
12,IQV,아이큐비아 홀딩스,5,60,14,24,74,1.0,10.0,0.61,0.0,20.58,27.76
12,ROK,로크웰 오토메이션,5,60,14,24,74,1.0,10.0,0.61,0.0,17.93,29.84
12,GWW,W W 그레인저,5,60,14,24,74,1.0,10.0,0.61,0.0,20.97,26.61
12,CI,시그나,5,60,14,24,74,1.0,10.0,0.61,0.0,23.21,28.49
12,CHTR.O,차터 커뮤니케이션,5,60,14,24,74,1.0,10.0,0.61,0.0,20.77,29.36
12,EQIX.O,이퀴닉스,5,60,14,24,74,1.0,10.0,0.61,0.0,23.25,29.15
12,DE,디어 앤 코,5,60,14,24,74,1.0,10.0,0.61,0.0,18.41,27.74
12,HLT,힐튼 월드와이드 홀딩스,5,60,14,24,74,1.0,10.0,0.61,0.0,20.85,28.61
12,DLTR.O,달러 트리,5,60,14,24,79,1.0,10.0,0.6,0.0,17.76,30.5
12,DOV,도버,5,60,14,24,79,1.0,10.0,0.6,0.0,17.89,26.31
12,RVTY.K,레비티,5,60,14,24,79,1.0,10.0,0.6,0.0,17.34,27.45
12,A,애질런트 테크놀로지스,5,60,14,24,79,1.0,10.0,0.6,0.0,18.86,28.45
12,CPRT.O,코파트,5,60,14,24,79,1.0,10.0,0.6,0.0,20.73,31.51
12,EFX,에퀴팩스,5,60,14,24,79,1.0,10.0,0.6,0.0,21.07,26.81
12,IRM,아이언 마운틴,5,60,14,24,79,1.0,10.0,0.6,0.0,16.44,27.92
12,KEYS.K,키사이트 테크놀로지스,5,60,14,24,79,1.0,10.0,0.6,0.0,23.38,30.07
12,MAS,매스코,5,60,14,24,79,1.0,10.0,0.6,0.0,20.79,31.93
12,RMD,레스메드,5,60,14,24,79,1.0,10.0,0.6,0.0,19.27,30.06
12,TEL,TE 커넥티비티,5,60,14,24,79,1.0,10.0,0.6,0.0,17.78,26.07
12,AVY,에이버리 데니슨,5,60,14,24,79,1.0,10.0,0.6,0.0,18.18,26.76
12,WAB,웨스팅하우스 에어 브레이크 테크놀로지,5,60,14,24,79,1.0,10.0,0.6,0.0,21.19,30.02
12,HOLX.O,홀로직,5,60,14,24,79,1.0,10.0,0.6,0.0,17.31,27.49
12,DVA,다비타,5,60,14,24,79,1.0,10.0,0.6,0.0,16.49,29.02
12,CRL,찰스 리버 래보라토리스 인터내셔널,5,60,14,24,79,1.0,10.0,0.6,0.0,19.53,31.22
12,XYL,자일럼,5,60,14,24,79,1.0,10.0,0.6,0.0,18.57,26.27
12,VRSN.O,베리사인,5,60,14,24,79,1.0,10.0,0.6,0.0,18.17,26.03
12,PKG,패키징 코퍼레이션 오브 아메리카,5,60,14,24,79,1.0,10.0,0.6,0.0,20.55,27.26
12,SNA,스냅-온,5,60,14,24,79,1.0,10.0,0.6,0.0,17.8,25.84
12,ANSS.O,앤시스,5,60,14,24,79,1.0,10.0,0.6,0.0,19.6,28.49
12,HII,헌팅턴 잉걸스 인더스트리즈,5,60,14,24,79,1.0,10.0,0.6,0.0,19.43,26.65
12,VMC,벌칸 머티리얼스,5,60,14,24,79,1.0,10.0,0.6,30.24,18.92,31.74
12,EBAY.O,이베이,5,60,14,24,79,1.0,10.0,0.6,0.0,19.19,29.87
12,MAR.O,메리어트 인터내셔널,5,60,14,24,79,1.0,10.0,0.6,0.0,21.76,30.72
12,CSX.O,CSX,5,60,14,24,79,1.0,10.0,0.6,0.0,17.68,27.36
12,ETN,이튼,5,60,14,24,79,1.0,10.0,0.6,0.0,22.18,27.8
12,JPM,제이피모간체이스,5,60,14,24,79,1.0,10.0,0.6,0.0,16.83,27.46
12,ORCL.K,오라클,5,60,14,24,79,1.0,10.0,0.6,0.0,17.91,26.66
12,CAT,캐터필러,5,60,14,24,79,1.0,10.0,0.6,0.0,17.08,28.59
12,SBUX.O,스타벅스,5,60,14,24,79,1.0,10.0,0.6,0.0,17.5,26.5
12,TXN.O,텍사스 인스트루먼트,5,60,14,24,79,1.0,10.0,0.6,0.0,20.34,26.67
12,ADI.O,애널로그 디바이시스,5,60,14,24,79,1.0,10.0,0.6,0.0,20.93,28.75
12,ABBV.K,애브비,5,60,14,24,79,1.0,10.0,0.6,0.0,18.6,26.34
12,AXP,아메리칸 익스프레스,5,60,14,24,79,1.0,10.0,0.6,0.0,17.67,28.58
12,RTX,RTX,5,60,14,24,79,1.0,10.0,0.6,0.0,22.93,29.05
12,BLK,블랙록,5,60,14,24,79,1.0,10.0,0.6,0.0,16.94,27.44
12,PH,파커-하니핀,5,60,14,24,79,1.0,10.0,0.6,0.0,22.51,29.74
12,MLM,마틴 마리에타 머터리얼스,5,60,14,24,79,1.0,10.0,0.6,0.0,19.51,30.56
12,HUM,휴마나,5,60,14,24,79,1.0,10.0,0.6,0.0,21.36,29.55
12,HLT,힐튼 월드와이드 홀딩스,5,60,14,24,79,1.0,10.0,0.6,0.0,20.85,28.61
12,DE,디어 앤 코,5,60,14,24,79,1.0,10.0,0.6,0.0,18.41,27.74
12,EQIX.O,이퀴닉스,5,60,14,24,79,1.0,10.0,0.6,0.0,23.25,29.15
12,CHTR.O,차터 커뮤니케이션,5,60,14,24,79,1.0,10.0,0.6,0.0,20.77,29.36
12,GPN,글로벌 페이먼츠,5,60,14,24,79,1.0,10.0,0.6,0.0,17.6,30.12
12,GWW,W W 그레인저,5,60,14,24,79,1.0,10.0,0.6,0.0,20.97,26.61
12,ROK,로크웰 오토메이션,5,60,14,24,79,1.0,10.0,0.6,0.0,17.93,29.84
12,IQV,아이큐비아 홀딩스,5,60,14,24,79,1.0,10.0,0.6,0.0,20.58,27.76
12,CI,시그나,5,60,14,24,79,1.0,10.0,0.6,0.0,23.21,28.49
12,NDSN.O,노드슨,5,60,14,24,79,1.0,10.0,0.6,0.0,21.09,29.17
12,JPM,제이피모간체이스,5,120,14,24,69,1.0,10.0,0.0,0.0,16.83,27.46
12,ORCL.K,오라클,5,120,14,24,54,1.0,10.0,0.0,0.0,17.91,26.66
12,AXP,아메리칸 익스프레스,5,120,14,24,74,1.0,10.0,0.0,0.0,17.67,28.58
12,ADI.O,애널로그 디바이시스,5,120,14,24,74,1.0,10.0,0.0,0.0,20.93,28.75
12,TXN.O,텍사스 인스트루먼트,5,120,14,24,74,1.0,10.0,0.0,0.0,20.34,26.67
12,SBUX.O,스타벅스,5,120,14,24,74,1.0,10.0,0.0,0.0,17.5,26.5
12,CAT,캐터필러,5,120,14,24,74,1.0,10.0,0.0,0.0,17.08,28.59
12,ORCL.K,오라클,5,120,14,24,74,1.0,10.0,0.0,0.0,17.91,26.66
12,JPM,제이피모간체이스,5,120,14,24,74,1.0,10.0,0.0,0.0,16.83,27.46
12,NDSN.O,노드슨,5,120,14,24,69,1.0,10.0,0.0,0.0,21.09,29.17
12,HII,헌팅턴 잉걸스 인더스트리즈,5,120,14,24,69,1.0,10.0,0.0,0.0,19.43,26.65
12,ANSS.O,앤시스,5,120,14,24,69,1.0,10.0,0.0,0.0,19.6,28.49
12,SNA,스냅-온,5,120,14,24,69,1.0,10.0,0.0,0.0,17.8,25.84
12,PKG,패키징 코퍼레이션 오브 아메리카,5,120,14,24,69,1.0,10.0,0.0,0.0,20.55,27.26
12,VRSN.O,베리사인,5,120,14,24,69,1.0,10.0,0.0,0.0,18.17,26.03
12,XYL,자일럼,5,120,14,24,69,1.0,10.0,0.0,0.0,18.57,26.27
12,AVY,에이버리 데니슨,5,120,14,24,69,1.0,10.0,0.0,0.0,18.18,26.76
12,CRL,찰스 리버 래보라토리스 인터내셔널,5,120,14,24,69,1.0,10.0,0.0,0.0,19.53,31.22
12,ABBV.K,애브비,5,120,14,24,74,1.0,10.0,0.0,0.0,18.6,26.34
12,RTX,RTX,5,120,14,24,74,1.0,10.0,0.0,0.0,22.93,29.05
12,EBAY.O,이베이,5,120,14,24,74,1.0,10.0,0.0,0.0,19.19,29.87
12,BLK,블랙록,5,120,14,24,74,1.0,10.0,0.0,0.0,16.94,27.44
12,CSX.O,CSX,5,120,14,24,74,1.0,10.0,0.0,0.0,17.68,27.36
12,MLM,마틴 마리에타 머터리얼스,5,120,14,24,74,1.0,10.0,0.0,0.0,19.51,30.56
12,CI,시그나,5,120,14,24,74,1.0,10.0,0.0,0.0,23.21,28.49
12,IQV,아이큐비아 홀딩스,5,120,14,24,74,1.0,10.0,0.0,0.0,20.58,27.76
12,ROK,로크웰 오토메이션,5,120,14,24,74,1.0,10.0,0.0,0.0,17.93,29.84
12,GWW,W W 그레인저,5,120,14,24,74,1.0,10.0,0.0,0.0,20.97,26.61
12,GPN,글로벌 페이먼츠,5,120,14,24,74,1.0,10.0,0.0,0.0,17.6,30.12
12,CHTR.O,차터 커뮤니케이션,5,120,14,24,74,1.0,10.0,0.0,0.0,20.77,29.36
12,EQIX.O,이퀴닉스,5,120,14,24,74,1.0,10.0,0.0,0.0,23.25,29.15
12,DE,디어 앤 코,5,120,14,24,74,1.0,10.0,0.0,0.0,18.41,27.74
12,HLT,힐튼 월드와이드 홀딩스,5,120,14,24,74,1.0,10.0,0.0,0.0,20.85,28.61
12,HUM,휴마나,5,120,14,24,74,1.0,10.0,0.0,0.0,21.36,29.55
12,MAR.O,메리어트 인터내셔널,5,120,14,24,74,1.0,10.0,0.0,0.0,21.76,30.72
12,PH,파커-하니핀,5,120,14,24,74,1.0,10.0,0.0,0.0,22.51,29.74
12,ETN,이튼,5,120,14,24,74,1.0,10.0,0.0,0.0,22.18,27.8
12,DVA,다비타,5,120,14,24,69,1.0,10.0,0.0,0.0,16.49,29.02
12,HOLX.O,홀로직,5,120,14,24,69,1.0,10.0,0.0,0.0,17.31,27.49
12,WAB,웨스팅하우스 에어 브레이크 테크놀로지,5,120,14,24,69,1.0,10.0,0.0,0.0,21.19,30.02
12,DOV,도버,5,120,14,24,69,1.0,10.0,0.0,0.0,17.89,26.31
12,GPN,글로벌 페이먼츠,5,120,14,24,69,1.0,10.0,0.0,0.0,17.6,30.12
12,CHTR.O,차터 커뮤니케이션,5,120,14,24,69,1.0,10.0,0.0,0.0,20.77,29.36
12,EQIX.O,이퀴닉스,5,120,14,24,69,1.0,10.0,0.0,0.0,23.25,29.15
12,DE,디어 앤 코,5,120,14,24,69,1.0,10.0,0.0,0.0,18.41,27.74
12,HLT,힐튼 월드와이드 홀딩스,5,120,14,24,69,1.0,10.0,0.0,0.0,20.85,28.61
12,HUM,휴마나,5,120,14,24,69,1.0,10.0,0.0,0.0,21.36,29.55
12,MAR.O,메리어트 인터내셔널,5,120,14,24,69,1.0,10.0,0.0,0.0,21.76,30.72
12,PH,파커-하니핀,5,120,14,24,69,1.0,10.0,0.0,0.0,22.51,29.74
12,ETN,이튼,5,120,14,24,69,1.0,10.0,0.0,0.0,22.18,27.8
12,BLK,블랙록,5,120,14,24,69,1.0,10.0,0.0,0.0,16.94,27.44
12,RTX,RTX,5,120,14,24,69,1.0,10.0,0.0,0.0,22.93,29.05
12,AXP,아메리칸 익스프레스,5,120,14,24,69,1.0,10.0,0.0,0.0,17.67,28.58
12,ABBV.K,애브비,5,120,14,24,69,1.0,10.0,0.0,0.0,18.6,26.34
12,ADI.O,애널로그 디바이시스,5,120,14,24,69,1.0,10.0,0.0,0.0,20.93,28.75
12,TXN.O,텍사스 인스트루먼트,5,120,14,24,69,1.0,10.0,0.0,0.0,20.34,26.67
12,GWW,W W 그레인저,5,120,14,24,69,1.0,10.0,0.0,0.0,20.97,26.61
12,ROK,로크웰 오토메이션,5,120,14,24,69,1.0,10.0,0.0,0.0,17.93,29.84
12,IQV,아이큐비아 홀딩스,5,120,14,24,69,1.0,10.0,0.0,0.0,20.58,27.76
12,A,애질런트 테크놀로지스,5,120,14,24,69,1.0,10.0,0.0,0.0,18.86,28.45
12,RMD,레스메드,5,120,14,24,69,1.0,10.0,0.0,0.0,19.27,30.06
12,MAS,매스코,5,120,14,24,69,1.0,10.0,0.0,0.0,20.79,31.93
12,KEYS.K,키사이트 테크놀로지스,5,120,14,24,69,1.0,10.0,0.0,0.0,23.38,30.07
12,IRM,아이언 마운틴,5,120,14,24,69,1.0,10.0,0.0,0.0,16.44,27.92
12,EFX,에퀴팩스,5,120,14,24,69,1.0,10.0,0.0,0.0,21.07,26.81
12,CPRT.O,코파트,5,120,14,24,69,1.0,10.0,0.0,0.0,20.73,31.51
12,RVTY.K,레비티,5,120,14,24,69,1.0,10.0,0.0,0.0,17.34,27.45
12,CI,시그나,5,120,14,24,69,1.0,10.0,0.0,0.0,23.21,28.49
12,TEL,TE 커넥티비티,5,120,14,24,69,1.0,10.0,0.0,0.0,17.78,26.07
12,DLTR.O,달러 트리,5,120,14,24,69,1.0,10.0,0.0,0.0,17.76,30.5
12,EBAY.O,이베이,5,120,14,24,69,1.0,10.0,0.0,0.0,19.19,29.87
12,VMC,벌칸 머티리얼스,5,120,14,24,69,1.0,10.0,0.0,0.0,18.92,31.74
12,CSX.O,CSX,5,120,14,24,69,1.0,10.0,0.0,0.0,17.68,27.36
12,MLM,마틴 마리에타 머터리얼스,5,120,14,24,69,1.0,10.0,0.0,0.0,19.51,30.56
12,VMC,벌칸 머티리얼스,5,120,14,24,74,1.0,10.0,0.0,0.0,18.92,31.74
12,DLTR.O,달러 트리,5,120,14,24,74,1.0,10.0,0.0,0.0,17.76,30.5
12,CAT,캐터필러,5,120,14,24,69,1.0,10.0,0.0,0.0,17.08,28.59
12,EFX,에퀴팩스,5,120,14,24,79,1.0,10.0,0.0,0.0,21.07,26.81
12,A,애질런트 테크놀로지스,5,120,14,24,79,1.0,10.0,0.0,0.0,18.86,28.45
12,RVTY.K,레비티,5,120,14,24,79,1.0,10.0,0.0,0.0,17.34,27.45
12,TEL,TE 커넥티비티,5,120,14,24,79,1.0,10.0,0.0,0.0,17.78,26.07
12,DLTR.O,달러 트리,5,120,14,24,79,1.0,10.0,0.0,0.0,17.76,30.5
12,EBAY.O,이베이,5,120,14,24,79,1.0,10.0,0.0,0.0,19.19,29.87
12,VMC,벌칸 머티리얼스,5,120,14,24,79,1.0,10.0,0.0,0.0,18.92,31.74
12,CSX.O,CSX,5,120,14,24,79,1.0,10.0,0.0,0.0,17.68,27.36
12,MLM,마틴 마리에타 머터리얼스,5,120,14,24,79,1.0,10.0,0.0,0.0,19.51,30.56
12,CI,시그나,5,120,14,24,79,1.0,10.0,0.0,0.0,23.21,28.49
12,IQV,아이큐비아 홀딩스,5,120,14,24,79,1.0,10.0,0.0,0.0,20.58,27.76
12,ROK,로크웰 오토메이션,5,120,14,24,79,1.0,10.0,0.0,0.0,17.93,29.84
12,GWW,W W 그레인저,5,120,14,24,79,1.0,10.0,0.0,0.0,20.97,26.61
12,GPN,글로벌 페이먼츠,5,120,14,24,79,1.0,10.0,0.0,0.0,17.6,30.12
12,CHTR.O,차터 커뮤니케이션,5,120,14,24,79,1.0,10.0,0.0,0.0,20.77,29.36
12,EQIX.O,이퀴닉스,5,120,14,24,79,1.0,10.0,0.0,0.0,23.25,29.15
12,CPRT.O,코파트,5,120,14,24,79,1.0,10.0,0.0,0.0,20.73,31.51
12,IRM,아이언 마운틴,5,120,14,24,79,1.0,10.0,0.0,0.0,16.44,27.92
12,TEL,TE 커넥티비티,5,120,14,24,74,1.0,10.0,0.0,0.0,17.78,26.07
12,KEYS.K,키사이트 테크놀로지스,5,120,14,24,79,1.0,10.0,0.0,0.0,23.38,30.07
12,NDSN.O,노드슨,5,120,14,24,79,1.0,10.0,0.0,0.0,21.09,29.17
12,HII,헌팅턴 잉걸스 인더스트리즈,5,120,14,24,79,1.0,10.0,0.0,0.0,19.43,26.65
12,ANSS.O,앤시스,5,120,14,24,79,1.0,10.0,0.0,0.0,19.6,28.49
12,SNA,스냅-온,5,120,14,24,79,1.0,10.0,0.0,0.0,17.8,25.84
12,PKG,패키징 코퍼레이션 오브 아메리카,5,120,14,24,79,1.0,10.0,0.0,0.0,20.55,27.26
12,VRSN.O,베리사인,5,120,14,24,79,1.0,10.0,0.0,0.0,18.17,26.03
12,XYL,자일럼,5,120,14,24,79,1.0,10.0,0.0,0.0,18.57,26.27
12,AVY,에이버리 데니슨,5,120,14,24,79,1.0,10.0,0.0,0.0,18.18,26.76
12,CRL,찰스 리버 래보라토리스 인터내셔널,5,120,14,24,79,1.0,10.0,0.0,0.0,19.53,31.22
12,DVA,다비타,5,120,14,24,79,1.0,10.0,0.0,0.0,16.49,29.02
12,HOLX.O,홀로직,5,120,14,24,79,1.0,10.0,0.0,0.0,17.31,27.49
12,WAB,웨스팅하우스 에어 브레이크 테크놀로지,5,120,14,24,79,1.0,10.0,0.0,0.0,21.19,30.02
12,DOV,도버,5,120,14,24,79,1.0,10.0,0.0,0.0,17.89,26.31
12,RMD,레스메드,5,120,14,24,79,1.0,10.0,0.0,0.0,19.27,30.06
12,MAS,매스코,5,120,14,24,79,1.0,10.0,0.0,0.0,20.79,31.93
12,DE,디어 앤 코,5,120,14,24,79,1.0,10.0,0.0,0.0,18.41,27.74
12,HLT,힐튼 월드와이드 홀딩스,5,120,14,24,79,1.0,10.0,0.0,0.0,20.85,28.61
12,HUM,휴마나,5,120,14,24,79,1.0,10.0,0.0,0.0,21.36,29.55
12,MAR.O,메리어트 인터내셔널,5,120,14,24,79,1.0,10.0,0.0,0.0,21.76,30.72
12,XYL,자일럼,5,120,14,24,74,1.0,10.0,0.0,0.0,18.57,26.27
12,AVY,에이버리 데니슨,5,120,14,24,74,1.0,10.0,0.0,0.0,18.18,26.76
12,CRL,찰스 리버 래보라토리스 인터내셔널,5,120,14,24,74,1.0,10.0,0.0,0.0,19.53,31.22
12,DVA,다비타,5,120,14,24,74,1.0,10.0,0.0,0.0,16.49,29.02
12,HOLX.O,홀로직,5,120,14,24,74,1.0,10.0,0.0,0.0,17.31,27.49
12,WAB,웨스팅하우스 에어 브레이크 테크놀로지,5,120,14,24,74,1.0,10.0,0.0,0.0,21.19,30.02
12,DOV,도버,5,120,14,24,74,1.0,10.0,0.0,0.0,17.89,26.31
12,RMD,레스메드,5,120,14,24,74,1.0,10.0,0.0,0.0,19.27,30.06
12,MAS,매스코,5,120,14,24,74,1.0,10.0,0.0,0.0,20.79,31.93
12,KEYS.K,키사이트 테크놀로지스,5,120,14,24,74,1.0,10.0,0.0,0.0,23.38,30.07
12,IRM,아이언 마운틴,5,120,14,24,74,1.0,10.0,0.0,0.0,16.44,27.92
12,EFX,에퀴팩스,5,120,14,24,74,1.0,10.0,0.0,0.0,21.07,26.81
12,CPRT.O,코파트,5,120,14,24,74,1.0,10.0,0.0,0.0,20.73,31.51
12,A,애질런트 테크놀로지스,5,120,14,24,74,1.0,10.0,0.0,0.0,18.86,28.45
12,RVTY.K,레비티,5,120,14,24,74,1.0,10.0,0.0,0.0,17.34,27.45
12,VRSN.O,베리사인,5,120,14,24,74,1.0,10.0,0.0,0.0,18.17,26.03
12,PKG,패키징 코퍼레이션 오브 아메리카,5,120,14,24,74,1.0,10.0,0.0,0.0,20.55,27.26
12,SNA,스냅-온,5,120,14,24,74,1.0,10.0,0.0,0.0,17.8,25.84
12,ADI.O,애널로그 디바이시스,5,120,14,24,79,1.0,10.0,0.0,0.0,20.93,28.75
12,PH,파커-하니핀,5,120,14,24,79,1.0,10.0,0.0,0.0,22.51,29.74
12,ETN,이튼,5,120,14,24,79,1.0,10.0,0.0,0.0,22.18,27.8
12,BLK,블랙록,5,120,14,24,79,1.0,10.0,0.0,0.0,16.94,27.44
12,RTX,RTX,5,120,14,24,79,1.0,10.0,0.0,0.0,22.93,29.05
12,AXP,아메리칸 익스프레스,5,120,14,24,79,1.0,10.0,0.0,0.0,17.67,28.58
12,ABBV.K,애브비,5,120,14,24,79,1.0,10.0,0.0,0.0,18.6,26.34
12,TXN.O,텍사스 인스트루먼트,5,120,14,24,79,1.0,10.0,0.0,0.0,20.34,26.67
12,ANSS.O,앤시스,5,120,14,24,74,1.0,10.0,0.0,0.0,19.6,28.49
12,SBUX.O,스타벅스,5,120,14,24,79,1.0,10.0,0.0,0.0,17.5,26.5
12,CAT,캐터필러,5,120,14,24,79,1.0,10.0,0.0,0.0,17.08,28.59
12,ORCL.K,오라클,5,120,14,24,79,1.0,10.0,0.0,0.0,17.91,26.66
12,JPM,제이피모간체이스,5,120,14,24,79,1.0,10.0,0.0,0.0,16.83,27.46
12,NDSN.O,노드슨,5,120,14,24,74,1.0,10.0,0.0,0.0,21.09,29.17
12,HII,헌팅턴 잉걸스 인더스트리즈,5,120,14,24,74,1.0,10.0,0.0,0.0,19.43,26.65
12,SBUX.O,스타벅스,5,120,14,24,69,1.0,10.0,0.0,0.0,17.5,26.5
12,ORCL.K,오라클,5,120,14,24,69,1.0,10.0,0.0,0.0,17.91,26.66
12,CAT,캐터필러,5,120,14,24,54,1.0,10.0,0.0,0.0,17.08,28.59
12,ABBV.K,애브비,5,120,14,24,59,1.0,10.0,0.0,0.0,18.6,26.34
12,TXN.O,텍사스 인스트루먼트,5,120,14,24,59,1.0,10.0,0.0,0.0,20.34,26.67
12,SBUX.O,스타벅스,5,120,14,24,59,1.0,10.0,0.0,0.0,17.5,26.5
12,CAT,캐터필러,5,120,14,24,59,1.0,10.0,0.0,0.0,17.08,28.59
12,ORCL.K,오라클,5,120,14,24,59,1.0,10.0,0.0,0.0,17.91,26.66
12,JPM,제이피모간체이스,5,120,14,24,59,1.0,10.0,0.0,0.0,16.83,27.46
12,NDSN.O,노드슨,5,120,14,24,54,1.0,10.0,0.0,0.0,21.09,29.17
12,HII,헌팅턴 잉걸스 인더스트리즈,5,120,14,24,54,1.0,10.0,0.0,0.0,19.43,26.65
12,ANSS.O,앤시스,5,120,14,24,54,1.0,10.0,0.0,0.0,19.6,28.49
12,SNA,스냅-온,5,120,14,24,54,1.0,10.0,0.0,0.0,17.8,25.84
12,PKG,패키징 코퍼레이션 오브 아메리카,5,120,14,24,54,1.0,10.0,0.0,0.0,20.55,27.26
12,VRSN.O,베리사인,5,120,14,24,54,1.0,10.0,0.0,0.0,18.17,26.03
12,XYL,자일럼,5,120,14,24,54,1.0,10.0,0.0,0.0,18.57,26.27
12,AVY,에이버리 데니슨,5,120,14,24,54,1.0,10.0,0.0,0.0,18.18,26.76
12,CRL,찰스 리버 래보라토리스 인터내셔널,5,120,14,24,54,1.0,10.0,0.0,0.0,19.53,31.22
12,DVA,다비타,5,120,14,24,54,1.0,10.0,0.0,0.0,16.49,29.02
12,ADI.O,애널로그 디바이시스,5,120,14,24,59,1.0,10.0,0.0,0.0,20.93,28.75
12,AXP,아메리칸 익스프레스,5,120,14,24,59,1.0,10.0,0.0,0.0,17.67,28.58
12,VMC,벌칸 머티리얼스,5,120,14,24,59,1.0,10.0,0.0,0.0,18.92,31.74
12,RTX,RTX,5,120,14,24,59,1.0,10.0,0.0,0.0,22.93,29.05
12,MLM,마틴 마리에타 머터리얼스,5,120,14,24,59,1.0,10.0,0.0,0.0,19.51,30.56
12,CI,시그나,5,120,14,24,59,1.0,10.0,0.0,0.0,23.21,28.49
12,IQV,아이큐비아 홀딩스,5,120,14,24,59,1.0,10.0,0.0,0.0,20.58,27.76
12,ROK,로크웰 오토메이션,5,120,14,24,59,1.0,10.0,0.0,0.0,17.93,29.84
12,GWW,W W 그레인저,5,120,14,24,59,1.0,10.0,0.0,0.0,20.97,26.61
12,GPN,글로벌 페이먼츠,5,120,14,24,59,1.0,10.0,0.0,0.0,17.6,30.12
12,CHTR.O,차터 커뮤니케이션,5,120,14,24,59,1.0,10.0,0.0,0.0,20.77,29.36
12,EQIX.O,이퀴닉스,5,120,14,24,59,1.0,10.0,0.0,0.0,23.25,29.15
12,DE,디어 앤 코,5,120,14,24,59,1.0,10.0,0.0,0.0,18.41,27.74
12,HLT,힐튼 월드와이드 홀딩스,5,120,14,24,59,1.0,10.0,0.0,0.0,20.85,28.61
12,HUM,휴마나,5,120,14,24,59,1.0,10.0,0.0,0.0,21.36,29.55
12,MAR.O,메리어트 인터내셔널,5,120,14,24,59,1.0,10.0,0.0,0.0,21.76,30.72
12,PH,파커-하니핀,5,120,14,24,59,1.0,10.0,0.0,0.0,22.51,29.74
12,ETN,이튼,5,120,14,24,59,1.0,10.0,0.0,0.0,22.18,27.8
12,BLK,블랙록,5,120,14,24,59,1.0,10.0,0.0,0.0,16.94,27.44
12,HOLX.O,홀로직,5,120,14,24,54,1.0,10.0,0.0,0.0,17.31,27.49
12,WAB,웨스팅하우스 에어 브레이크 테크놀로지,5,120,14,24,54,1.0,10.0,0.0,0.0,21.19,30.02
12,DOV,도버,5,120,14,24,54,1.0,10.0,0.0,0.0,17.89,26.31
12,RMD,레스메드,5,120,14,24,54,1.0,10.0,0.0,0.0,19.27,30.06
12,CHTR.O,차터 커뮤니케이션,5,120,14,24,54,1.0,10.0,0.0,0.0,20.77,29.36
12,EQIX.O,이퀴닉스,5,120,14,24,54,1.0,10.0,0.0,0.0,23.25,29.15
12,DE,디어 앤 코,5,120,14,24,54,1.0,10.0,0.0,0.0,18.41,27.74
12,HLT,힐튼 월드와이드 홀딩스,5,120,14,24,54,1.0,10.0,0.0,0.0,20.85,28.61
12,HUM,휴마나,5,120,14,24,54,1.0,10.0,0.0,0.0,21.36,29.55
12,MAR.O,메리어트 인터내셔널,5,120,14,24,54,1.0,10.0,0.0,0.0,21.76,30.72
12,PH,파커-하니핀,5,120,14,24,54,1.0,10.0,0.0,0.0,22.51,29.74
12,ETN,이튼,5,120,14,24,54,1.0,10.0,0.0,0.0,22.18,27.8
12,BLK,블랙록,5,120,14,24,54,1.0,10.0,0.0,0.0,16.94,27.44
12,RTX,RTX,5,120,14,24,54,1.0,10.0,0.0,0.0,22.93,29.05
12,AXP,아메리칸 익스프레스,5,120,14,24,54,1.0,10.0,0.0,0.0,17.67,28.58
12,ABBV.K,애브비,5,120,14,24,54,1.0,10.0,0.0,0.0,18.6,26.34
12,ADI.O,애널로그 디바이시스,5,120,14,24,54,1.0,10.0,0.0,0.0,20.93,28.75
12,TXN.O,텍사스 인스트루먼트,5,120,14,24,54,1.0,10.0,0.0,0.0,20.34,26.67
12,SBUX.O,스타벅스,5,120,14,24,54,1.0,10.0,0.0,0.0,17.5,26.5
12,GPN,글로벌 페이먼츠,5,120,14,24,54,1.0,10.0,0.0,0.0,17.6,30.12
12,GWW,W W 그레인저,5,120,14,24,54,1.0,10.0,0.0,0.0,20.97,26.61
12,ROK,로크웰 오토메이션,5,120,14,24,54,1.0,10.0,0.0,0.0,17.93,29.84
12,RVTY.K,레비티,5,120,14,24,54,1.0,10.0,0.0,0.0,17.34,27.45
12,MAS,매스코,5,120,14,24,54,1.0,10.0,0.0,0.0,20.79,31.93
12,KEYS.K,키사이트 테크놀로지스,5,120,14,24,54,1.0,10.0,0.0,0.0,23.38,30.07
12,IRM,아이언 마운틴,5,120,14,24,54,1.0,10.0,0.0,0.0,16.44,27.92
12,EFX,에퀴팩스,5,120,14,24,54,1.0,10.0,0.0,0.0,21.07,26.81
12,CPRT.O,코파트,5,120,14,24,54,1.0,10.0,0.0,0.0,20.73,31.51
12,A,애질런트 테크놀로지스,5,120,14,24,54,1.0,10.0,0.0,0.0,18.86,28.45
12,TEL,TE 커넥티비티,5,120,14,24,54,1.0,10.0,0.0,0.0,17.78,26.07
12,IQV,아이큐비아 홀딩스,5,120,14,24,54,1.0,10.0,0.0,0.0,20.58,27.76
12,DLTR.O,달러 트리,5,120,14,24,54,1.0,10.0,0.0,0.0,17.76,30.5
12,EBAY.O,이베이,5,120,14,24,54,1.0,10.0,0.0,0.0,19.19,29.87
12,VMC,벌칸 머티리얼스,5,120,14,24,54,1.0,10.0,0.0,0.0,18.92,31.74
12,CSX.O,CSX,5,120,14,24,54,1.0,10.0,0.0,0.0,17.68,27.36
12,MLM,마틴 마리에타 머터리얼스,5,120,14,24,54,1.0,10.0,0.0,0.0,19.51,30.56
12,CI,시그나,5,120,14,24,54,1.0,10.0,0.0,0.0,23.21,28.49
12,CSX.O,CSX,5,120,14,24,59,1.0,10.0,0.0,0.0,17.68,27.36
12,EBAY.O,이베이,5,120,14,24,59,1.0,10.0,0.0,0.0,19.19,29.87
12,NDSN.O,노드슨,5,120,14,24,64,1.0,10.0,0.0,0.0,21.09,29.17
12,CPRT.O,코파트,5,120,14,24,64,1.0,10.0,0.0,0.0,20.73,31.51
12,RVTY.K,레비티,5,120,14,24,64,1.0,10.0,0.0,0.0,17.34,27.45
12,TEL,TE 커넥티비티,5,120,14,24,64,1.0,10.0,0.0,0.0,17.78,26.07
12,DLTR.O,달러 트리,5,120,14,24,64,1.0,10.0,0.0,0.0,17.76,30.5
12,EBAY.O,이베이,5,120,14,24,64,1.0,10.0,0.0,0.0,19.19,29.87
12,VMC,벌칸 머티리얼스,5,120,14,24,64,1.0,10.0,0.0,0.0,18.92,31.74
12,CSX.O,CSX,5,120,14,24,64,1.0,10.0,0.0,0.0,17.68,27.36
12,MLM,마틴 마리에타 머터리얼스,5,120,14,24,64,1.0,10.0,0.0,0.0,19.51,30.56
12,CI,시그나,5,120,14,24,64,1.0,10.0,0.0,0.0,23.21,28.49
12,IQV,아이큐비아 홀딩스,5,120,14,24,64,1.0,10.0,0.0,0.0,20.58,27.76
12,ROK,로크웰 오토메이션,5,120,14,24,64,1.0,10.0,0.0,0.0,17.93,29.84
12,GWW,W W 그레인저,5,120,14,24,64,1.0,10.0,0.0,0.0,20.97,26.61
12,GPN,글로벌 페이먼츠,5,120,14,24,64,1.0,10.0,0.0,0.0,17.6,30.12
12,CHTR.O,차터 커뮤니케이션,5,120,14,24,64,1.0,10.0,0.0,0.0,20.77,29.36
12,EQIX.O,이퀴닉스,5,120,14,24,64,1.0,10.0,0.0,0.0,23.25,29.15
12,DE,디어 앤 코,5,120,14,24,64,1.0,10.0,0.0,0.0,18.41,27.74
12,A,애질런트 테크놀로지스,5,120,14,24,64,1.0,10.0,0.0,0.0,18.86,28.45
12,EFX,에퀴팩스,5,120,14,24,64,1.0,10.0,0.0,0.0,21.07,26.81
12,DLTR.O,달러 트리,5,120,14,24,59,1.0,10.0,0.0,0.0,17.76,30.5
12,IRM,아이언 마운틴,5,120,14,24,64,1.0,10.0,0.0,0.0,16.44,27.92
12,HII,헌팅턴 잉걸스 인더스트리즈,5,120,14,24,64,1.0,10.0,0.0,0.0,19.43,26.65
12,ANSS.O,앤시스,5,120,14,24,64,1.0,10.0,0.0,0.0,19.6,28.49
12,SNA,스냅-온,5,120,14,24,64,1.0,10.0,0.0,0.0,17.8,25.84
12,PKG,패키징 코퍼레이션 오브 아메리카,5,120,14,24,64,1.0,10.0,0.0,0.0,20.55,27.26
12,VRSN.O,베리사인,5,120,14,24,64,1.0,10.0,0.0,0.0,18.17,26.03
12,XYL,자일럼,5,120,14,24,64,1.0,10.0,0.0,0.0,18.57,26.27
12,AVY,에이버리 데니슨,5,120,14,24,64,1.0,10.0,0.0,0.0,18.18,26.76
12,CRL,찰스 리버 래보라토리스 인터내셔널,5,120,14,24,64,1.0,10.0,0.0,0.0,19.53,31.22
12,DVA,다비타,5,120,14,24,64,1.0,10.0,0.0,0.0,16.49,29.02
12,HOLX.O,홀로직,5,120,14,24,64,1.0,10.0,0.0,0.0,17.31,27.49
12,WAB,웨스팅하우스 에어 브레이크 테크놀로지,5,120,14,24,64,1.0,10.0,0.0,0.0,21.19,30.02
12,DOV,도버,5,120,14,24,64,1.0,10.0,0.0,0.0,17.89,26.31
12,RMD,레스메드,5,120,14,24,64,1.0,10.0,0.0,0.0,19.27,30.06
12,MAS,매스코,5,120,14,24,64,1.0,10.0,0.0,0.0,20.79,31.93
12,KEYS.K,키사이트 테크놀로지스,5,120,14,24,64,1.0,10.0,0.0,0.0,23.38,30.07
12,HLT,힐튼 월드와이드 홀딩스,5,120,14,24,64,1.0,10.0,0.0,0.0,20.85,28.61
12,HUM,휴마나,5,120,14,24,64,1.0,10.0,0.0,0.0,21.36,29.55
12,MAR.O,메리어트 인터내셔널,5,120,14,24,64,1.0,10.0,0.0,0.0,21.76,30.72
12,PH,파커-하니핀,5,120,14,24,64,1.0,10.0,0.0,0.0,22.51,29.74
12,AVY,에이버리 데니슨,5,120,14,24,59,1.0,10.0,0.0,0.0,18.18,26.76
12,CRL,찰스 리버 래보라토리스 인터내셔널,5,120,14,24,59,1.0,10.0,0.0,0.0,19.53,31.22
12,DVA,다비타,5,120,14,24,59,1.0,10.0,0.0,0.0,16.49,29.02
12,HOLX.O,홀로직,5,120,14,24,59,1.0,10.0,0.0,0.0,17.31,27.49
12,WAB,웨스팅하우스 에어 브레이크 테크놀로지,5,120,14,24,59,1.0,10.0,0.0,0.0,21.19,30.02
12,DOV,도버,5,120,14,24,59,1.0,10.0,0.0,0.0,17.89,26.31
12,RMD,레스메드,5,120,14,24,59,1.0,10.0,0.0,0.0,19.27,30.06
12,MAS,매스코,5,120,14,24,59,1.0,10.0,0.0,0.0,20.79,31.93
12,KEYS.K,키사이트 테크놀로지스,5,120,14,24,59,1.0,10.0,0.0,0.0,23.38,30.07
12,IRM,아이언 마운틴,5,120,14,24,59,1.0,10.0,0.0,0.0,16.44,27.92
12,EFX,에퀴팩스,5,120,14,24,59,1.0,10.0,0.0,0.0,21.07,26.81
12,CPRT.O,코파트,5,120,14,24,59,1.0,10.0,0.0,0.0,20.73,31.51
12,A,애질런트 테크놀로지스,5,120,14,24,59,1.0,10.0,0.0,0.0,18.86,28.45
12,RVTY.K,레비티,5,120,14,24,59,1.0,10.0,0.0,0.0,17.34,27.45
12,TEL,TE 커넥티비티,5,120,14,24,59,1.0,10.0,0.0,0.0,17.78,26.07
12,XYL,자일럼,5,120,14,24,59,1.0,10.0,0.0,0.0,18.57,26.27
12,VRSN.O,베리사인,5,120,14,24,59,1.0,10.0,0.0,0.0,18.17,26.03
12,PKG,패키징 코퍼레이션 오브 아메리카,5,120,14,24,59,1.0,10.0,0.0,0.0,20.55,27.26
12,TXN.O,텍사스 인스트루먼트,5,120,14,24,64,1.0,10.0,0.0,0.0,20.34,26.67
12,ETN,이튼,5,120,14,24,64,1.0,10.0,0.0,0.0,22.18,27.8
12,BLK,블랙록,5,120,14,24,64,1.0,10.0,0.0,0.0,16.94,27.44
12,RTX,RTX,5,120,14,24,64,1.0,10.0,0.0,0.0,22.93,29.05
12,AXP,아메리칸 익스프레스,5,120,14,24,64,1.0,10.0,0.0,0.0,17.67,28.58
12,ABBV.K,애브비,5,120,14,24,64,1.0,10.0,0.0,0.0,18.6,26.34
12,ADI.O,애널로그 디바이시스,5,120,14,24,64,1.0,10.0,0.0,0.0,20.93,28.75
12,SBUX.O,스타벅스,5,120,14,24,64,1.0,10.0,0.0,0.0,17.5,26.5
12,SNA,스냅-온,5,120,14,24,59,1.0,10.0,0.0,0.0,17.8,25.84
12,CAT,캐터필러,5,120,14,24,64,1.0,10.0,0.0,0.0,17.08,28.59
12,ORCL.K,오라클,5,120,14,24,64,1.0,10.0,0.0,0.0,17.91,26.66
12,JPM,제이피모간체이스,5,120,14,24,64,1.0,10.0,0.0,0.0,16.83,27.46
12,NDSN.O,노드슨,5,120,14,24,59,1.0,10.0,0.0,0.0,21.09,29.17
12,HII,헌팅턴 잉걸스 인더스트리즈,5,120,14,24,59,1.0,10.0,0.0,0.0,19.43,26.65
12,ANSS.O,앤시스,5,120,14,24,59,1.0,10.0,0.0,0.0,19.6,28.49
12,JPM,제이피모간체이스,5,120,14,24,54,1.0,10.0,0.0,0.0,16.83,27.46
