Cluster,Symbol,Name,MA_Short_Window,MA_Long_Window,RSI_Window,RSI_Buy_Threshold,RSI_Sell_Threshold,Stop_Loss_Percent,Take_Profit_Percent,Average_Return,Symbol_sim_return,Return,Std Dev
83,APP.O,앱플로빈,5,120,14,24,54,1.0,10.0,244.97,0.0,39.96,72.82
83,MITK.O,마이텍 시스템즈,5,120,14,24,54,1.0,10.0,244.97,0.0,46.44,62.21
83,SGML.O,시그마 리튬,5,120,14,24,54,1.0,10.0,244.97,0.0,44.12,65.71
83,ESTA.O,에스타블리쉬먼트 랩스 홀딩스,5,120,14,24,54,1.0,10.0,244.97,0.0,37.0,65.36
83,TARS.O,타서스 파마슈티컬스,5,120,14,24,54,1.0,10.0,244.97,0.0,40.22,69.67
83,HROW.O,해로우,5,120,14,24,54,1.0,10.0,244.97,0.0,42.35,66.54
83,ANAB.O,어냅티스바이오,5,120,14,24,54,1.0,10.0,244.97,0.0,43.95,74.11
83,PNTG.O,페넌트 그룹,5,120,14,24,54,1.0,10.0,244.97,0.0,41.96,69.58
83,ADSE.O,애즈-테크 에너지,5,120,14,24,54,1.0,10.0,244.97,800.92,37.98,67.91
83,FNKO.O,펀코,5,120,14,24,54,1.0,10.0,244.97,0.0,39.39,72.46
83,LI.O,리 오토 ADR,5,120,14,24,54,1.0,10.0,244.97,0.0,40.05,74.53
83,ACIC.O,아메리칸 코스탈 인슈어런스,5,120,14,24,54,1.0,10.0,244.97,8718.0,37.35,67.8
83,ATLC.O,아틀란티쿠스 홀딩스,5,120,14,24,54,1.0,10.0,244.97,0.0,45.9,68.82
83,INOD.O,이노데이터,5,120,14,24,54,1.0,10.0,244.97,0.0,41.33,66.66
83,ONEW.O,원워터 마린,5,120,14,24,54,1.0,10.0,244.97,0.0,42.06,65.99
83,CPSS.O,컨슈머 포트폴리오 서비스,5,120,14,24,54,1.0,10.0,244.97,0.0,42.72,64.14
83,EGAN.O,이게인,5,120,14,24,54,1.0,10.0,244.97,0.0,43.99,67.34
83,METCB.O,라마코 리소시스 Class B,5,120,14,24,54,1.0,10.0,244.97,0.0,38.79,67.47
83,SGH.O,스마트 글로벌 홀딩스,5,120,14,24,54,1.0,10.0,244.97,0.0,49.9,62.71
83,SNDX.O,신닥스 파마슈티컬스,5,120,14,24,54,1.0,10.0,244.97,0.0,40.01,73.29
83,GSHD.O,구스헤드 인슈어런스,5,120,14,24,54,1.0,10.0,244.97,0.0,49.07,60.42
83,APPN.O,애피안,5,120,14,24,54,1.0,10.0,244.97,0.0,41.01,68.26
83,NTRA.O,나테라,5,120,14,24,54,1.0,10.0,244.97,0.0,45.85,63.74
83,ROIV.O,로이반트 사이언시스,5,120,14,24,54,1.0,10.0,244.97,0.0,37.83,72.07
83,DUOL.O,듀오링고,5,120,14,24,54,1.0,10.0,244.97,0.0,40.28,69.01
83,RVMD.O,레볼루션 메디신,5,120,14,24,54,1.0,10.0,244.97,0.0,40.4,68.55
83,CYTK.O,사이토키네틱스,5,120,14,24,54,1.0,10.0,244.97,34.86,40.73,69.83
83,CRSP.O,크리스퍼 테라퓨틱스,5,120,14,24,54,1.0,10.0,244.97,0.0,47.76,65.06
83,CRNX.O,크리네틱스 파머슈티컬스,5,120,14,24,54,1.0,10.0,244.97,0.0,41.76,67.9
83,CAR.O,에이비스 버짓 그룹,5,120,14,24,54,1.0,10.0,244.97,0.0,43.94,65.85
83,PRCT.O,프로셉트 바이오로보틱스,5,120,14,24,54,1.0,10.0,244.97,0.0,47.69,65.13
83,GLNG.O,골라 LNG,5,120,14,24,54,1.0,10.0,244.97,0.0,35.33,69.73
83,XENE.O,제논 파마슈티컬,5,120,14,24,54,1.0,10.0,244.97,0.0,44.09,68.48
83,FOLD.O,아미쿠스 테라퓨틱스,5,120,14,24,54,1.0,10.0,244.97,0.0,40.79,66.01
83,IRTC.O,아이리듬 테크놀로지스,5,120,14,24,54,1.0,10.0,244.97,0.0,44.51,63.94
83,RYTM.O,리듬 파머수티컬스,5,120,14,24,54,1.0,10.0,244.97,0.0,41.39,74.73
83,PGNY.O,프로지니,5,120,14,24,54,1.0,10.0,244.97,0.0,37.57,62.87
83,AFJKR.O,Aimei Health Technology Rights Exp 17 November 2028,5,120,14,24,54,1.0,10.0,244.97,0.0,42.5,62.37
83,DKNG.O,드래프트킹즈 홀딩스,5,120,14,24,54,1.0,10.0,244.97,0.0,48.43,68.72
83,APP.O,앱플로빈,5,120,14,24,59,1.0,10.0,230.78,0.0,39.96,72.82
83,FNKO.O,펀코,5,120,14,24,59,1.0,10.0,230.78,0.0,39.39,72.46
83,ESTA.O,에스타블리쉬먼트 랩스 홀딩스,5,120,14,24,59,1.0,10.0,230.78,0.0,37.0,65.36
83,TARS.O,타서스 파마슈티컬스,5,120,14,24,59,1.0,10.0,230.78,0.0,40.22,69.67
83,HROW.O,해로우,5,120,14,24,59,1.0,10.0,230.78,0.0,42.35,66.54
83,ANAB.O,어냅티스바이오,5,120,14,24,59,1.0,10.0,230.78,0.0,43.95,74.11
83,PNTG.O,페넌트 그룹,5,120,14,24,59,1.0,10.0,230.78,0.0,41.96,69.58
83,ADSE.O,애즈-테크 에너지,5,120,14,24,59,1.0,10.0,230.78,247.4,37.98,67.91
83,MITK.O,마이텍 시스템즈,5,120,14,24,59,1.0,10.0,230.78,0.0,46.44,62.21
83,ACIC.O,아메리칸 코스탈 인슈어런스,5,120,14,24,59,1.0,10.0,230.78,8718.0,37.35,67.8
83,DKNG.O,드래프트킹즈 홀딩스,5,120,14,24,59,1.0,10.0,230.78,0.0,48.43,68.72
83,ATLC.O,아틀란티쿠스 홀딩스,5,120,14,24,59,1.0,10.0,230.78,0.0,45.9,68.82
83,INOD.O,이노데이터,5,120,14,24,59,1.0,10.0,230.78,0.0,41.33,66.66
83,ONEW.O,원워터 마린,5,120,14,24,59,1.0,10.0,230.78,0.0,42.06,65.99
83,CPSS.O,컨슈머 포트폴리오 서비스,5,120,14,24,59,1.0,10.0,230.78,0.0,42.72,64.14
83,EGAN.O,이게인,5,120,14,24,59,1.0,10.0,230.78,0.0,43.99,67.34
83,METCB.O,라마코 리소시스 Class B,5,120,14,24,59,1.0,10.0,230.78,0.0,38.79,67.47
83,AFJKR.O,Aimei Health Technology Rights Exp 17 November 2028,5,120,14,24,59,1.0,10.0,230.78,0.0,42.5,62.37
83,SGML.O,시그마 리튬,5,120,14,24,59,1.0,10.0,230.78,0.0,44.12,65.71
83,SGH.O,스마트 글로벌 홀딩스,5,120,14,24,59,1.0,10.0,230.78,0.0,49.9,62.71
83,GSHD.O,구스헤드 인슈어런스,5,120,14,24,59,1.0,10.0,230.78,0.0,49.07,60.42
83,APPN.O,애피안,5,120,14,24,59,1.0,10.0,230.78,0.0,41.01,68.26
83,NTRA.O,나테라,5,120,14,24,59,1.0,10.0,230.78,0.0,45.85,63.74
83,ROIV.O,로이반트 사이언시스,5,120,14,24,59,1.0,10.0,230.78,0.0,37.83,72.07
83,DUOL.O,듀오링고,5,120,14,24,59,1.0,10.0,230.78,0.0,40.28,69.01
83,RVMD.O,레볼루션 메디신,5,120,14,24,59,1.0,10.0,230.78,0.0,40.4,68.55
83,CYTK.O,사이토키네틱스,5,120,14,24,59,1.0,10.0,230.78,34.86,40.73,69.83
83,CRSP.O,크리스퍼 테라퓨틱스,5,120,14,24,59,1.0,10.0,230.78,0.0,47.76,65.06
83,CRNX.O,크리네틱스 파머슈티컬스,5,120,14,24,59,1.0,10.0,230.78,0.0,41.76,67.9
83,CAR.O,에이비스 버짓 그룹,5,120,14,24,59,1.0,10.0,230.78,0.0,43.94,65.85
83,PRCT.O,프로셉트 바이오로보틱스,5,120,14,24,59,1.0,10.0,230.78,0.0,47.69,65.13
83,GLNG.O,골라 LNG,5,120,14,24,59,1.0,10.0,230.78,0.0,35.33,69.73
83,XENE.O,제논 파마슈티컬,5,120,14,24,59,1.0,10.0,230.78,0.0,44.09,68.48
83,FOLD.O,아미쿠스 테라퓨틱스,5,120,14,24,59,1.0,10.0,230.78,0.0,40.79,66.01
83,IRTC.O,아이리듬 테크놀로지스,5,120,14,24,59,1.0,10.0,230.78,0.0,44.51,63.94
83,RYTM.O,리듬 파머수티컬스,5,120,14,24,59,1.0,10.0,230.78,0.0,41.39,74.73
83,PGNY.O,프로지니,5,120,14,24,59,1.0,10.0,230.78,0.0,37.57,62.87
83,LI.O,리 오토 ADR,5,120,14,24,59,1.0,10.0,230.78,0.0,40.05,74.53
83,SNDX.O,신닥스 파마슈티컬스,5,120,14,24,59,1.0,10.0,230.78,0.0,40.01,73.29
83,SNDX.O,신닥스 파마슈티컬스,5,60,14,34,54,1.0,10.0,122.0,0.0,40.01,73.29
83,CRNX.O,크리네틱스 파머슈티컬스,5,60,14,34,54,1.0,10.0,122.0,18.04,41.76,67.9
83,RYTM.O,리듬 파머수티컬스,5,60,14,34,54,1.0,10.0,122.0,177.84,41.39,74.73
83,IRTC.O,아이리듬 테크놀로지스,5,60,14,34,54,1.0,10.0,122.0,0.0,44.51,63.94
83,FOLD.O,아미쿠스 테라퓨틱스,5,60,14,34,54,1.0,10.0,122.0,0.0,40.79,66.01
83,XENE.O,제논 파마슈티컬,5,60,14,34,54,1.0,10.0,122.0,14.11,44.09,68.48
83,GLNG.O,골라 LNG,5,60,14,34,54,1.0,10.0,122.0,0.27,35.33,69.73
83,PRCT.O,프로셉트 바이오로보틱스,5,60,14,34,54,1.0,10.0,122.0,0.0,47.69,65.13
83,CAR.O,에이비스 버짓 그룹,5,60,14,34,54,1.0,10.0,122.0,0.0,43.94,65.85
83,CRSP.O,크리스퍼 테라퓨틱스,5,60,14,34,54,1.0,10.0,122.0,0.0,47.76,65.06
83,AFJKR.O,Aimei Health Technology Rights Exp 17 November 2028,5,60,14,34,54,1.0,10.0,122.0,0.0,42.5,62.37
83,CYTK.O,사이토키네틱스,5,60,14,34,54,1.0,10.0,122.0,26.19,40.73,69.83
83,RVMD.O,레볼루션 메디신,5,60,14,34,54,1.0,10.0,122.0,0.0,40.4,68.55
83,DUOL.O,듀오링고,5,60,14,34,54,1.0,10.0,122.0,1384.23,40.28,69.01
83,ROIV.O,로이반트 사이언시스,5,60,14,34,54,1.0,10.0,122.0,0.0,37.83,72.07
83,NTRA.O,나테라,5,60,14,34,54,1.0,10.0,122.0,0.0,45.85,63.74
83,DKNG.O,드래프트킹즈 홀딩스,5,60,14,34,54,1.0,10.0,122.0,0.0,48.43,68.72
83,LI.O,리 오토 ADR,5,60,14,34,54,1.0,10.0,122.0,0.0,40.05,74.53
83,PGNY.O,프로지니,5,60,14,34,54,1.0,10.0,122.0,0.0,37.57,62.87
83,APPN.O,애피안,5,60,14,34,54,1.0,10.0,122.0,0.0,41.01,68.26
83,GSHD.O,구스헤드 인슈어런스,5,60,14,34,54,1.0,10.0,122.0,0.0,49.07,60.42
83,SGH.O,스마트 글로벌 홀딩스,5,60,14,34,54,1.0,10.0,122.0,0.0,49.9,62.71
83,EGAN.O,이게인,5,60,14,34,54,1.0,10.0,122.0,243.94,43.99,67.34
83,CPSS.O,컨슈머 포트폴리오 서비스,5,60,14,34,54,1.0,10.0,122.0,55.73,42.72,64.14
83,ONEW.O,원워터 마린,5,60,14,34,54,1.0,10.0,122.0,0.0,42.06,65.99
83,INOD.O,이노데이터,5,60,14,34,54,1.0,10.0,122.0,60.29,41.33,66.66
83,ATLC.O,아틀란티쿠스 홀딩스,5,60,14,34,54,1.0,10.0,122.0,64.95,45.9,68.82
83,ACIC.O,아메리칸 코스탈 인슈어런스,5,60,14,34,54,1.0,10.0,122.0,-16.83,37.35,67.8
83,FNKO.O,펀코,5,60,14,34,54,1.0,10.0,122.0,0.0,39.39,72.46
83,MITK.O,마이텍 시스템즈,5,60,14,34,54,1.0,10.0,122.0,0.0,46.44,62.21
83,ADSE.O,애즈-테크 에너지,5,60,14,34,54,1.0,10.0,122.0,1761.06,37.98,67.91
83,PNTG.O,페넌트 그룹,5,60,14,34,54,1.0,10.0,122.0,0.0,41.96,69.58
83,ANAB.O,어냅티스바이오,5,60,14,34,54,1.0,10.0,122.0,51.73,43.95,74.11
83,HROW.O,해로우,5,60,14,34,54,1.0,10.0,122.0,33.28,42.35,66.54
83,TARS.O,타서스 파마슈티컬스,5,60,14,34,54,1.0,10.0,122.0,0.0,40.22,69.67
83,ESTA.O,에스타블리쉬먼트 랩스 홀딩스,5,60,14,34,54,1.0,10.0,122.0,159.44,37.0,65.36
83,SGML.O,시그마 리튬,5,60,14,34,54,1.0,10.0,122.0,0.0,44.12,65.71
83,APP.O,앱플로빈,5,60,14,34,54,1.0,10.0,122.0,723.64,39.96,72.82
83,METCB.O,라마코 리소시스 Class B,5,60,14,34,54,1.0,10.0,122.0,0.0,38.79,67.47
83,LI.O,리 오토 ADR,5,120,14,34,54,1.0,10.0,98.72,0.0,40.05,74.53
83,SNDX.O,신닥스 파마슈티컬스,5,120,14,34,54,1.0,10.0,98.72,0.0,40.01,73.29
83,SGML.O,시그마 리튬,5,120,14,34,54,1.0,10.0,98.72,0.0,44.12,65.71
83,ESTA.O,에스타블리쉬먼트 랩스 홀딩스,5,120,14,34,54,1.0,10.0,98.72,261.67,37.0,65.36
83,TARS.O,타서스 파마슈티컬스,5,120,14,34,54,1.0,10.0,98.72,0.0,40.22,69.67
83,HROW.O,해로우,5,120,14,34,54,1.0,10.0,98.72,21.22,42.35,66.54
83,ANAB.O,어냅티스바이오,5,120,14,34,54,1.0,10.0,98.72,61.46,43.95,74.11
83,PNTG.O,페넌트 그룹,5,120,14,34,54,1.0,10.0,98.72,0.0,41.96,69.58
83,ADSE.O,애즈-테크 에너지,5,120,14,34,54,1.0,10.0,98.72,800.92,37.98,67.91
83,MITK.O,마이텍 시스템즈,5,120,14,34,54,1.0,10.0,98.72,0.0,46.44,62.21
83,FNKO.O,펀코,5,120,14,34,54,1.0,10.0,98.72,0.0,39.39,72.46
83,ACIC.O,아메리칸 코스탈 인슈어런스,5,120,14,34,54,1.0,10.0,98.72,-18.57,37.35,67.8
83,ATLC.O,아틀란티쿠스 홀딩스,5,120,14,34,54,1.0,10.0,98.72,65.7,45.9,68.82
83,INOD.O,이노데이터,5,120,14,34,54,1.0,10.0,98.72,143.08,41.33,66.66
83,ONEW.O,원워터 마린,5,120,14,34,54,1.0,10.0,98.72,0.0,42.06,65.99
83,CPSS.O,컨슈머 포트폴리오 서비스,5,120,14,34,54,1.0,10.0,98.72,0.0,42.72,64.14
83,EGAN.O,이게인,5,120,14,34,54,1.0,10.0,98.72,0.0,43.99,67.34
83,SGH.O,스마트 글로벌 홀딩스,5,120,14,34,54,1.0,10.0,98.72,0.0,49.9,62.71
83,GSHD.O,구스헤드 인슈어런스,5,120,14,34,54,1.0,10.0,98.72,0.0,49.07,60.42
83,DKNG.O,드래프트킹즈 홀딩스,5,120,14,34,54,1.0,10.0,98.72,0.0,48.43,68.72
83,APPN.O,애피안,5,120,14,34,54,1.0,10.0,98.72,0.0,41.01,68.26
83,NTRA.O,나테라,5,120,14,34,54,1.0,10.0,98.72,0.0,45.85,63.74
83,ROIV.O,로이반트 사이언시스,5,120,14,34,54,1.0,10.0,98.72,0.0,37.83,72.07
83,DUOL.O,듀오링고,5,120,14,34,54,1.0,10.0,98.72,1630.6,40.28,69.01
83,RVMD.O,레볼루션 메디신,5,120,14,34,54,1.0,10.0,98.72,0.0,40.4,68.55
83,CYTK.O,사이토키네틱스,5,120,14,34,54,1.0,10.0,98.72,34.86,40.73,69.83
83,CRSP.O,크리스퍼 테라퓨틱스,5,120,14,34,54,1.0,10.0,98.72,0.0,47.76,65.06
83,CRNX.O,크리네틱스 파머슈티컬스,5,120,14,34,54,1.0,10.0,98.72,0.0,41.76,67.9
83,CAR.O,에이비스 버짓 그룹,5,120,14,34,54,1.0,10.0,98.72,0.0,43.94,65.85
83,PRCT.O,프로셉트 바이오로보틱스,5,120,14,34,54,1.0,10.0,98.72,0.0,47.69,65.13
83,GLNG.O,골라 LNG,5,120,14,34,54,1.0,10.0,98.72,43.72,35.33,69.73
83,XENE.O,제논 파마슈티컬,5,120,14,34,54,1.0,10.0,98.72,14.36,44.09,68.48
83,FOLD.O,아미쿠스 테라퓨틱스,5,120,14,34,54,1.0,10.0,98.72,0.0,40.79,66.01
83,IRTC.O,아이리듬 테크놀로지스,5,120,14,34,54,1.0,10.0,98.72,0.0,44.51,63.94
83,RYTM.O,리듬 파머수티컬스,5,120,14,34,54,1.0,10.0,98.72,319.5,41.39,74.73
83,PGNY.O,프로지니,5,120,14,34,54,1.0,10.0,98.72,0.0,37.57,62.87
83,APP.O,앱플로빈,5,120,14,34,54,1.0,10.0,98.72,471.47,39.96,72.82
83,METCB.O,라마코 리소시스 Class B,5,120,14,34,54,1.0,10.0,98.72,0.0,38.79,67.47
83,AFJKR.O,Aimei Health Technology Rights Exp 17 November 2028,5,120,14,34,54,1.0,10.0,98.72,0.0,42.5,62.37
83,XENE.O,제논 파마슈티컬,5,60,14,39,54,1.0,10.0,90.58,11.61,44.09,68.48
83,GSHD.O,구스헤드 인슈어런스,5,60,14,39,54,1.0,10.0,90.58,23.2,49.07,60.42
83,PGNY.O,프로지니,5,60,14,39,54,1.0,10.0,90.58,0.0,37.57,62.87
83,RYTM.O,리듬 파머수티컬스,5,60,14,39,54,1.0,10.0,90.58,57.53,41.39,74.73
83,IRTC.O,아이리듬 테크놀로지스,5,60,14,39,54,1.0,10.0,90.58,410.41,44.51,63.94
83,FOLD.O,아미쿠스 테라퓨틱스,5,60,14,39,54,1.0,10.0,90.58,0.0,40.79,66.01
83,GLNG.O,골라 LNG,5,60,14,39,54,1.0,10.0,90.58,15.21,35.33,69.73
83,PRCT.O,프로셉트 바이오로보틱스,5,60,14,39,54,1.0,10.0,90.58,333.46,47.69,65.13
83,CAR.O,에이비스 버짓 그룹,5,60,14,39,54,1.0,10.0,90.58,55.49,43.94,65.85
83,CRNX.O,크리네틱스 파머슈티컬스,5,60,14,39,54,1.0,10.0,90.58,18.04,41.76,67.9
83,CRSP.O,크리스퍼 테라퓨틱스,5,60,14,39,54,1.0,10.0,90.58,59.75,47.76,65.06
83,CYTK.O,사이토키네틱스,5,60,14,39,54,1.0,10.0,90.58,26.19,40.73,69.83
83,RVMD.O,레볼루션 메디신,5,60,14,39,54,1.0,10.0,90.58,24.84,40.4,68.55
83,DUOL.O,듀오링고,5,60,14,39,54,1.0,10.0,90.58,85.4,40.28,69.01
83,ROIV.O,로이반트 사이언시스,5,60,14,39,54,1.0,10.0,90.58,0.0,37.83,72.07
83,NTRA.O,나테라,5,60,14,39,54,1.0,10.0,90.58,31.76,45.85,63.74
83,DKNG.O,드래프트킹즈 홀딩스,5,60,14,39,54,1.0,10.0,90.58,118.0,48.43,68.72
83,LI.O,리 오토 ADR,5,60,14,39,54,1.0,10.0,90.58,0.0,40.05,74.53
83,SNDX.O,신닥스 파마슈티컬스,5,60,14,39,54,1.0,10.0,90.58,70.43,40.01,73.29
83,APPN.O,애피안,5,60,14,39,54,1.0,10.0,90.58,-12.12,41.01,68.26
83,APP.O,앱플로빈,5,60,14,39,54,1.0,10.0,90.58,7.2,39.96,72.82
83,MITK.O,마이텍 시스템즈,5,60,14,39,54,1.0,10.0,90.58,44.45,46.44,62.21
83,AFJKR.O,Aimei Health Technology Rights Exp 17 November 2028,5,60,14,39,54,1.0,10.0,90.58,0.0,42.5,62.37
83,METCB.O,라마코 리소시스 Class B,5,60,14,39,54,1.0,10.0,90.58,0.0,38.79,67.47
83,EGAN.O,이게인,5,60,14,39,54,1.0,10.0,90.58,-1.79,43.99,67.34
83,CPSS.O,컨슈머 포트폴리오 서비스,5,60,14,39,54,1.0,10.0,90.58,0.17,42.72,64.14
83,ONEW.O,원워터 마린,5,60,14,39,54,1.0,10.0,90.58,0.0,42.06,65.99
83,INOD.O,이노데이터,5,60,14,39,54,1.0,10.0,90.58,6.56,41.33,66.66
83,SGH.O,스마트 글로벌 홀딩스,5,60,14,39,54,1.0,10.0,90.58,0.0,49.9,62.71
83,ACIC.O,아메리칸 코스탈 인슈어런스,5,60,14,39,54,1.0,10.0,90.58,-22.41,37.35,67.8
83,FNKO.O,펀코,5,60,14,39,54,1.0,10.0,90.58,126.87,39.39,72.46
83,ATLC.O,아틀란티쿠스 홀딩스,5,60,14,39,54,1.0,10.0,90.58,58.87,45.9,68.82
83,ADSE.O,애즈-테크 에너지,5,60,14,39,54,1.0,10.0,90.58,1761.06,37.98,67.91
83,PNTG.O,페넌트 그룹,5,60,14,39,54,1.0,10.0,90.58,1.22,41.96,69.58
83,ANAB.O,어냅티스바이오,5,60,14,39,54,1.0,10.0,90.58,68.27,43.95,74.11
83,HROW.O,해로우,5,60,14,39,54,1.0,10.0,90.58,2.93,42.35,66.54
83,TARS.O,타서스 파마슈티컬스,5,60,14,39,54,1.0,10.0,90.58,39.01,40.22,69.67
83,ESTA.O,에스타블리쉬먼트 랩스 홀딩스,5,60,14,39,54,1.0,10.0,90.58,159.44,37.0,65.36
83,SGML.O,시그마 리튬,5,60,14,39,54,1.0,10.0,90.58,-48.46,44.12,65.71
83,ESTA.O,에스타블리쉬먼트 랩스 홀딩스,5,120,14,24,64,1.0,10.0,76.61,0.0,37.0,65.36
83,ACIC.O,아메리칸 코스탈 인슈어런스,5,120,14,24,64,1.0,10.0,76.61,2705.65,37.35,67.8
83,TARS.O,타서스 파마슈티컬스,5,120,14,24,64,1.0,10.0,76.61,0.0,40.22,69.67
83,HROW.O,해로우,5,120,14,24,64,1.0,10.0,76.61,0.0,42.35,66.54
83,ANAB.O,어냅티스바이오,5,120,14,24,64,1.0,10.0,76.61,0.0,43.95,74.11
83,PNTG.O,페넌트 그룹,5,120,14,24,64,1.0,10.0,76.61,0.0,41.96,69.58
83,ADSE.O,애즈-테크 에너지,5,120,14,24,64,1.0,10.0,76.61,247.4,37.98,67.91
83,MITK.O,마이텍 시스템즈,5,120,14,24,64,1.0,10.0,76.61,0.0,46.44,62.21
83,FNKO.O,펀코,5,120,14,24,64,1.0,10.0,76.61,0.0,39.39,72.46
83,APP.O,앱플로빈,5,120,14,24,64,1.0,10.0,76.61,0.0,39.96,72.82
83,ATLC.O,아틀란티쿠스 홀딩스,5,120,14,24,64,1.0,10.0,76.61,0.0,45.9,68.82
83,INOD.O,이노데이터,5,120,14,24,64,1.0,10.0,76.61,0.0,41.33,66.66
83,ONEW.O,원워터 마린,5,120,14,24,64,1.0,10.0,76.61,0.0,42.06,65.99
83,CPSS.O,컨슈머 포트폴리오 서비스,5,120,14,24,64,1.0,10.0,76.61,0.0,42.72,64.14
83,EGAN.O,이게인,5,120,14,24,64,1.0,10.0,76.61,0.0,43.99,67.34
83,METCB.O,라마코 리소시스 Class B,5,120,14,24,64,1.0,10.0,76.61,0.0,38.79,67.47
83,AFJKR.O,Aimei Health Technology Rights Exp 17 November 2028,5,120,14,24,64,1.0,10.0,76.61,0.0,42.5,62.37
83,SGH.O,스마트 글로벌 홀딩스,5,120,14,24,64,1.0,10.0,76.61,0.0,49.9,62.71
83,SGML.O,시그마 리튬,5,120,14,24,64,1.0,10.0,76.61,0.0,44.12,65.71
83,GSHD.O,구스헤드 인슈어런스,5,120,14,24,64,1.0,10.0,76.61,0.0,49.07,60.42
83,SNDX.O,신닥스 파마슈티컬스,5,120,14,24,64,1.0,10.0,76.61,0.0,40.01,73.29
83,CAR.O,에이비스 버짓 그룹,5,120,14,24,64,1.0,10.0,76.61,0.0,43.94,65.85
83,DKNG.O,드래프트킹즈 홀딩스,5,120,14,24,64,1.0,10.0,76.61,0.0,48.43,68.72
83,NTRA.O,나테라,5,120,14,24,64,1.0,10.0,76.61,0.0,45.85,63.74
83,ROIV.O,로이반트 사이언시스,5,120,14,24,64,1.0,10.0,76.61,0.0,37.83,72.07
83,DUOL.O,듀오링고,5,120,14,24,64,1.0,10.0,76.61,0.0,40.28,69.01
83,RVMD.O,레볼루션 메디신,5,120,14,24,64,1.0,10.0,76.61,0.0,40.4,68.55
83,CRSP.O,크리스퍼 테라퓨틱스,5,120,14,24,64,1.0,10.0,76.61,0.0,47.76,65.06
83,CRNX.O,크리네틱스 파머슈티컬스,5,120,14,24,64,1.0,10.0,76.61,0.0,41.76,67.9
83,CYTK.O,사이토키네틱스,5,120,14,24,64,1.0,10.0,76.61,34.86,40.73,69.83
83,PRCT.O,프로셉트 바이오로보틱스,5,120,14,24,64,1.0,10.0,76.61,0.0,47.69,65.13
83,RYTM.O,리듬 파머수티컬스,5,120,14,24,64,1.0,10.0,76.61,0.0,41.39,74.73
83,APPN.O,애피안,5,120,14,24,64,1.0,10.0,76.61,0.0,41.01,68.26
83,GLNG.O,골라 LNG,5,120,14,24,64,1.0,10.0,76.61,0.0,35.33,69.73
83,PGNY.O,프로지니,5,120,14,24,64,1.0,10.0,76.61,0.0,37.57,62.87
83,LI.O,리 오토 ADR,5,120,14,24,64,1.0,10.0,76.61,0.0,40.05,74.53
83,IRTC.O,아이리듬 테크놀로지스,5,120,14,24,64,1.0,10.0,76.61,0.0,44.51,63.94
83,FOLD.O,아미쿠스 테라퓨틱스,5,120,14,24,64,1.0,10.0,76.61,0.0,40.79,66.01
83,XENE.O,제논 파마슈티컬,5,120,14,24,64,1.0,10.0,76.61,0.0,44.09,68.48
83,ADSE.O,애즈-테크 에너지,5,60,14,44,54,1.0,10.0,75.88,1761.06,37.98,67.91
83,SGML.O,시그마 리튬,5,60,14,44,54,1.0,10.0,75.88,-48.46,44.12,65.71
83,ESTA.O,에스타블리쉬먼트 랩스 홀딩스,5,60,14,44,54,1.0,10.0,75.88,135.12,37.0,65.36
83,TARS.O,타서스 파마슈티컬스,5,60,14,44,54,1.0,10.0,75.88,63.83,40.22,69.67
83,HROW.O,해로우,5,60,14,44,54,1.0,10.0,75.88,23.48,42.35,66.54
83,ANAB.O,어냅티스바이오,5,60,14,44,54,1.0,10.0,75.88,49.51,43.95,74.11
83,PNTG.O,페넌트 그룹,5,60,14,44,54,1.0,10.0,75.88,1.22,41.96,69.58
83,SGH.O,스마트 글로벌 홀딩스,5,60,14,44,54,1.0,10.0,75.88,106.4,49.9,62.71
83,EGAN.O,이게인,5,60,14,44,54,1.0,10.0,75.88,-14.66,43.99,67.34
83,MITK.O,마이텍 시스템즈,5,60,14,44,54,1.0,10.0,75.88,35.29,46.44,62.21
83,FNKO.O,펀코,5,60,14,44,54,1.0,10.0,75.88,47.73,39.39,72.46
83,ACIC.O,아메리칸 코스탈 인슈어런스,5,60,14,44,54,1.0,10.0,75.88,-23.92,37.35,67.8
83,ATLC.O,아틀란티쿠스 홀딩스,5,60,14,44,54,1.0,10.0,75.88,34.9,45.9,68.82
83,INOD.O,이노데이터,5,60,14,44,54,1.0,10.0,75.88,19.04,41.33,66.66
83,ONEW.O,원워터 마린,5,60,14,44,54,1.0,10.0,75.88,42.7,42.06,65.99
83,CPSS.O,컨슈머 포트폴리오 서비스,5,60,14,44,54,1.0,10.0,75.88,0.01,42.72,64.14
83,GSHD.O,구스헤드 인슈어런스,5,60,14,44,54,1.0,10.0,75.88,23.2,49.07,60.42
83,SNDX.O,신닥스 파마슈티컬스,5,60,14,44,54,1.0,10.0,75.88,66.41,40.01,73.29
83,CRNX.O,크리네틱스 파머슈티컬스,5,60,14,44,54,1.0,10.0,75.88,26.94,41.76,67.9
83,APPN.O,애피안,5,60,14,44,54,1.0,10.0,75.88,-18.1,41.01,68.26
83,CYTK.O,사이토키네틱스,5,60,14,44,54,1.0,10.0,75.88,78.73,40.73,69.83
83,APP.O,앱플로빈,5,60,14,44,54,1.0,10.0,75.88,7.2,39.96,72.82
83,METCB.O,라마코 리소시스 Class B,5,60,14,44,54,1.0,10.0,75.88,0.0,38.79,67.47
83,DKNG.O,드래프트킹즈 홀딩스,5,60,14,44,54,1.0,10.0,75.88,118.0,48.43,68.72
83,NTRA.O,나테라,5,60,14,44,54,1.0,10.0,75.88,30.23,45.85,63.74
83,ROIV.O,로이반트 사이언시스,5,60,14,44,54,1.0,10.0,75.88,0.0,37.83,72.07
83,DUOL.O,듀오링고,5,60,14,44,54,1.0,10.0,75.88,85.4,40.28,69.01
83,RVMD.O,레볼루션 메디신,5,60,14,44,54,1.0,10.0,75.88,24.84,40.4,68.55
83,CRSP.O,크리스퍼 테라퓨틱스,5,60,14,44,54,1.0,10.0,75.88,13.65,47.76,65.06
83,PGNY.O,프로지니,5,60,14,44,54,1.0,10.0,75.88,-7.0,37.57,62.87
83,CAR.O,에이비스 버짓 그룹,5,60,14,44,54,1.0,10.0,75.88,9.95,43.94,65.85
83,PRCT.O,프로셉트 바이오로보틱스,5,60,14,44,54,1.0,10.0,75.88,20.46,47.69,65.13
83,GLNG.O,골라 LNG,5,60,14,44,54,1.0,10.0,75.88,11.52,35.33,69.73
83,XENE.O,제논 파마슈티컬,5,60,14,44,54,1.0,10.0,75.88,11.61,44.09,68.48
83,FOLD.O,아미쿠스 테라퓨틱스,5,60,14,44,54,1.0,10.0,75.88,49.73,40.79,66.01
83,IRTC.O,아이리듬 테크놀로지스,5,60,14,44,54,1.0,10.0,75.88,115.62,44.51,63.94
83,RYTM.O,리듬 파머수티컬스,5,60,14,44,54,1.0,10.0,75.88,57.53,41.39,74.73
83,AFJKR.O,Aimei Health Technology Rights Exp 17 November 2028,5,60,14,44,54,1.0,10.0,75.88,0.0,42.5,62.37
83,LI.O,리 오토 ADR,5,60,14,44,54,1.0,10.0,75.88,0.0,40.05,74.53
83,SNDX.O,신닥스 파마슈티컬스,5,60,14,34,59,1.0,10.0,75.77,0.0,40.01,73.29
83,ADSE.O,애즈-테크 에너지,5,60,14,34,59,1.0,10.0,75.77,363.27,37.98,67.91
83,GSHD.O,구스헤드 인슈어런스,5,60,14,34,59,1.0,10.0,75.77,0.0,49.07,60.42
83,SGML.O,시그마 리튬,5,60,14,34,59,1.0,10.0,75.77,0.0,44.12,65.71
83,ESTA.O,에스타블리쉬먼트 랩스 홀딩스,5,60,14,34,59,1.0,10.0,75.77,75.61,37.0,65.36
83,TARS.O,타서스 파마슈티컬스,5,60,14,34,59,1.0,10.0,75.77,0.0,40.22,69.67
83,HROW.O,해로우,5,60,14,34,59,1.0,10.0,75.77,33.28,42.35,66.54
83,ANAB.O,어냅티스바이오,5,60,14,34,59,1.0,10.0,75.77,15.79,43.95,74.11
83,PNTG.O,페넌트 그룹,5,60,14,34,59,1.0,10.0,75.77,0.0,41.96,69.58
83,MITK.O,마이텍 시스템즈,5,60,14,34,59,1.0,10.0,75.77,0.0,46.44,62.21
83,AFJKR.O,Aimei Health Technology Rights Exp 17 November 2028,5,60,14,34,59,1.0,10.0,75.77,0.0,42.5,62.37
83,FNKO.O,펀코,5,60,14,34,59,1.0,10.0,75.77,0.0,39.39,72.46
83,ACIC.O,아메리칸 코스탈 인슈어런스,5,60,14,34,59,1.0,10.0,75.77,-16.83,37.35,67.8
83,ATLC.O,아틀란티쿠스 홀딩스,5,60,14,34,59,1.0,10.0,75.77,6.22,45.9,68.82
83,INOD.O,이노데이터,5,60,14,34,59,1.0,10.0,75.77,21.22,41.33,66.66
83,ONEW.O,원워터 마린,5,60,14,34,59,1.0,10.0,75.77,0.0,42.06,65.99
83,CPSS.O,컨슈머 포트폴리오 서비스,5,60,14,34,59,1.0,10.0,75.77,53.95,42.72,64.14
83,EGAN.O,이게인,5,60,14,34,59,1.0,10.0,75.77,454.77,43.99,67.34
83,APPN.O,애피안,5,60,14,34,59,1.0,10.0,75.77,0.0,41.01,68.26
83,PGNY.O,프로지니,5,60,14,34,59,1.0,10.0,75.77,0.0,37.57,62.87
83,RYTM.O,리듬 파머수티컬스,5,60,14,34,59,1.0,10.0,75.77,177.04,41.39,74.73
83,IRTC.O,아이리듬 테크놀로지스,5,60,14,34,59,1.0,10.0,75.77,0.0,44.51,63.94
83,APP.O,앱플로빈,5,60,14,34,59,1.0,10.0,75.77,319.6,39.96,72.82
83,LI.O,리 오토 ADR,5,60,14,34,59,1.0,10.0,75.77,0.0,40.05,74.53
83,DKNG.O,드래프트킹즈 홀딩스,5,60,14,34,59,1.0,10.0,75.77,0.0,48.43,68.72
83,NTRA.O,나테라,5,60,14,34,59,1.0,10.0,75.77,0.0,45.85,63.74
83,ROIV.O,로이반트 사이언시스,5,60,14,34,59,1.0,10.0,75.77,0.0,37.83,72.07
83,DUOL.O,듀오링고,5,60,14,34,59,1.0,10.0,75.77,1384.23,40.28,69.01
83,RVMD.O,레볼루션 메디신,5,60,14,34,59,1.0,10.0,75.77,0.0,40.4,68.55
83,CYTK.O,사이토키네틱스,5,60,14,34,59,1.0,10.0,75.77,26.19,40.73,69.83
83,CRSP.O,크리스퍼 테라퓨틱스,5,60,14,34,59,1.0,10.0,75.77,0.0,47.76,65.06
83,CRNX.O,크리네틱스 파머슈티컬스,5,60,14,34,59,1.0,10.0,75.77,18.04,41.76,67.9
83,CAR.O,에이비스 버짓 그룹,5,60,14,34,59,1.0,10.0,75.77,0.0,43.94,65.85
83,PRCT.O,프로셉트 바이오로보틱스,5,60,14,34,59,1.0,10.0,75.77,0.0,47.69,65.13
83,GLNG.O,골라 LNG,5,60,14,34,59,1.0,10.0,75.77,8.73,35.33,69.73
83,XENE.O,제논 파마슈티컬,5,60,14,34,59,1.0,10.0,75.77,14.11,44.09,68.48
83,FOLD.O,아미쿠스 테라퓨틱스,5,60,14,34,59,1.0,10.0,75.77,0.0,40.79,66.01
83,METCB.O,라마코 리소시스 Class B,5,60,14,34,59,1.0,10.0,75.77,0.0,38.79,67.47
83,SGH.O,스마트 글로벌 홀딩스,5,60,14,34,59,1.0,10.0,75.77,0.0,49.9,62.71
83,APP.O,앱플로빈,5,120,14,39,54,1.0,10.0,75.29,471.47,39.96,72.82
83,FNKO.O,펀코,5,120,14,39,54,1.0,10.0,75.29,148.31,39.39,72.46
83,SGML.O,시그마 리튬,5,120,14,39,54,1.0,10.0,75.29,0.0,44.12,65.71
83,ESTA.O,에스타블리쉬먼트 랩스 홀딩스,5,120,14,39,54,1.0,10.0,75.29,261.67,37.0,65.36
83,TARS.O,타서스 파마슈티컬스,5,120,14,39,54,1.0,10.0,75.29,0.0,40.22,69.67
83,HROW.O,해로우,5,120,14,39,54,1.0,10.0,75.29,2.25,42.35,66.54
83,ANAB.O,어냅티스바이오,5,120,14,39,54,1.0,10.0,75.29,74.17,43.95,74.11
83,PNTG.O,페넌트 그룹,5,120,14,39,54,1.0,10.0,75.29,2.04,41.96,69.58
83,ADSE.O,애즈-테크 에너지,5,120,14,39,54,1.0,10.0,75.29,800.92,37.98,67.91
83,ACIC.O,아메리칸 코스탈 인슈어런스,5,120,14,39,54,1.0,10.0,75.29,-18.57,37.35,67.8
83,SNDX.O,신닥스 파마슈티컬스,5,120,14,39,54,1.0,10.0,75.29,57.43,40.01,73.29
83,ATLC.O,아틀란티쿠스 홀딩스,5,120,14,39,54,1.0,10.0,75.29,42.68,45.9,68.82
83,INOD.O,이노데이터,5,120,14,39,54,1.0,10.0,75.29,2.1,41.33,66.66
83,ONEW.O,원워터 마린,5,120,14,39,54,1.0,10.0,75.29,0.0,42.06,65.99
83,CPSS.O,컨슈머 포트폴리오 서비스,5,120,14,39,54,1.0,10.0,75.29,-1.21,42.72,64.14
83,EGAN.O,이게인,5,120,14,39,54,1.0,10.0,75.29,-8.67,43.99,67.34
83,METCB.O,라마코 리소시스 Class B,5,120,14,39,54,1.0,10.0,75.29,0.0,38.79,67.47
83,AFJKR.O,Aimei Health Technology Rights Exp 17 November 2028,5,120,14,39,54,1.0,10.0,75.29,0.0,42.5,62.37
83,SGH.O,스마트 글로벌 홀딩스,5,120,14,39,54,1.0,10.0,75.29,0.0,49.9,62.71
83,MITK.O,마이텍 시스템즈,5,120,14,39,54,1.0,10.0,75.29,14.72,46.44,62.21
83,GSHD.O,구스헤드 인슈어런스,5,120,14,39,54,1.0,10.0,75.29,72.38,49.07,60.42
83,CRNX.O,크리네틱스 파머슈티컬스,5,120,14,39,54,1.0,10.0,75.29,0.0,41.76,67.9
83,APPN.O,애피안,5,120,14,39,54,1.0,10.0,75.29,0.0,41.01,68.26
83,DKNG.O,드래프트킹즈 홀딩스,5,120,14,39,54,1.0,10.0,75.29,78.36,48.43,68.72
83,NTRA.O,나테라,5,120,14,39,54,1.0,10.0,75.29,28.33,45.85,63.74
83,ROIV.O,로이반트 사이언시스,5,120,14,39,54,1.0,10.0,75.29,0.0,37.83,72.07
83,DUOL.O,듀오링고,5,120,14,39,54,1.0,10.0,75.29,109.01,40.28,69.01
83,RVMD.O,레볼루션 메디신,5,120,14,39,54,1.0,10.0,75.29,22.05,40.4,68.55
83,CYTK.O,사이토키네틱스,5,120,14,39,54,1.0,10.0,75.29,34.86,40.73,69.83
83,CRSP.O,크리스퍼 테라퓨틱스,5,120,14,39,54,1.0,10.0,75.29,0.0,47.76,65.06
83,LI.O,리 오토 ADR,5,120,14,39,54,1.0,10.0,75.29,0.0,40.05,74.53
83,CAR.O,에이비스 버짓 그룹,5,120,14,39,54,1.0,10.0,75.29,28.59,43.94,65.85
83,FOLD.O,아미쿠스 테라퓨틱스,5,120,14,39,54,1.0,10.0,75.29,0.0,40.79,66.01
83,RYTM.O,리듬 파머수티컬스,5,120,14,39,54,1.0,10.0,75.29,319.5,41.39,74.73
83,IRTC.O,아이리듬 테크놀로지스,5,120,14,39,54,1.0,10.0,75.29,0.0,44.51,63.94
83,PGNY.O,프로지니,5,120,14,39,54,1.0,10.0,75.29,0.0,37.57,62.87
83,XENE.O,제논 파마슈티컬,5,120,14,39,54,1.0,10.0,75.29,14.36,44.09,68.48
83,GLNG.O,골라 LNG,5,120,14,39,54,1.0,10.0,75.29,13.27,35.33,69.73
83,PRCT.O,프로셉트 바이오로보틱스,5,120,14,39,54,1.0,10.0,75.29,366.26,47.69,65.13
83,ADSE.O,애즈-테크 에너지,5,120,14,44,54,1.0,10.0,73.46,800.92,37.98,67.91
83,SNDX.O,신닥스 파마슈티컬스,5,120,14,44,54,1.0,10.0,73.46,65.54,40.01,73.29
83,SGH.O,스마트 글로벌 홀딩스,5,120,14,44,54,1.0,10.0,73.46,127.43,49.9,62.71
83,SGML.O,시그마 리튬,5,120,14,44,54,1.0,10.0,73.46,0.0,44.12,65.71
83,ESTA.O,에스타블리쉬먼트 랩스 홀딩스,5,120,14,44,54,1.0,10.0,73.46,131.19,37.0,65.36
83,TARS.O,타서스 파마슈티컬스,5,120,14,44,54,1.0,10.0,73.46,73.88,40.22,69.67
83,HROW.O,해로우,5,120,14,44,54,1.0,10.0,73.46,2.25,42.35,66.54
83,ANAB.O,어냅티스바이오,5,120,14,44,54,1.0,10.0,73.46,66.43,43.95,74.11
83,PNTG.O,페넌트 그룹,5,120,14,44,54,1.0,10.0,73.46,2.04,41.96,69.58
83,ATLC.O,아틀란티쿠스 홀딩스,5,120,14,44,54,1.0,10.0,73.46,27.29,45.9,68.82
83,MITK.O,마이텍 시스템즈,5,120,14,44,54,1.0,10.0,73.46,23.41,46.44,62.21
83,FNKO.O,펀코,5,120,14,44,54,1.0,10.0,73.46,44.86,39.39,72.46
83,ACIC.O,아메리칸 코스탈 인슈어런스,5,120,14,44,54,1.0,10.0,73.46,-23.41,37.35,67.8
83,GSHD.O,구스헤드 인슈어런스,5,120,14,44,54,1.0,10.0,73.46,8.78,49.07,60.42
83,INOD.O,이노데이터,5,120,14,44,54,1.0,10.0,73.46,10.98,41.33,66.66
83,ONEW.O,원워터 마린,5,120,14,44,54,1.0,10.0,73.46,0.0,42.06,65.99
83,CPSS.O,컨슈머 포트폴리오 서비스,5,120,14,44,54,1.0,10.0,73.46,1.37,42.72,64.14
83,EGAN.O,이게인,5,120,14,44,54,1.0,10.0,73.46,-12.66,43.99,67.34
83,METCB.O,라마코 리소시스 Class B,5,120,14,44,54,1.0,10.0,73.46,0.0,38.79,67.47
83,APP.O,앱플로빈,5,120,14,44,54,1.0,10.0,73.46,471.47,39.96,72.82
83,LI.O,리 오토 ADR,5,120,14,44,54,1.0,10.0,73.46,0.0,40.05,74.53
83,APPN.O,애피안,5,120,14,44,54,1.0,10.0,73.46,-22.02,41.01,68.26
83,CRSP.O,크리스퍼 테라퓨틱스,5,120,14,44,54,1.0,10.0,73.46,12.16,47.76,65.06
83,PGNY.O,프로지니,5,120,14,44,54,1.0,10.0,73.46,-16.37,37.57,62.87
83,DKNG.O,드래프트킹즈 홀딩스,5,120,14,44,54,1.0,10.0,73.46,78.36,48.43,68.72
83,NTRA.O,나테라,5,120,14,44,54,1.0,10.0,73.46,28.13,45.85,63.74
83,ROIV.O,로이반트 사이언시스,5,120,14,44,54,1.0,10.0,73.46,0.0,37.83,72.07
83,DUOL.O,듀오링고,5,120,14,44,54,1.0,10.0,73.46,109.01,40.28,69.01
83,RVMD.O,레볼루션 메디신,5,120,14,44,54,1.0,10.0,73.46,22.05,40.4,68.55
83,CYTK.O,사이토키네틱스,5,120,14,44,54,1.0,10.0,73.46,159.43,40.73,69.83
83,AFJKR.O,Aimei Health Technology Rights Exp 17 November 2028,5,120,14,44,54,1.0,10.0,73.46,0.0,42.5,62.37
83,CRNX.O,크리네틱스 파머슈티컬스,5,120,14,44,54,1.0,10.0,73.46,21.46,41.76,67.9
83,RYTM.O,리듬 파머수티컬스,5,120,14,44,54,1.0,10.0,73.46,94.39,41.39,74.73
83,PRCT.O,프로셉트 바이오로보틱스,5,120,14,44,54,1.0,10.0,73.46,366.26,47.69,65.13
83,GLNG.O,골라 LNG,5,120,14,44,54,1.0,10.0,73.46,13.27,35.33,69.73
83,XENE.O,제논 파마슈티컬,5,120,14,44,54,1.0,10.0,73.46,14.36,44.09,68.48
83,FOLD.O,아미쿠스 테라퓨틱스,5,120,14,44,54,1.0,10.0,73.46,49.37,40.79,66.01
83,IRTC.O,아이리듬 테크놀로지스,5,120,14,44,54,1.0,10.0,73.46,95.64,44.51,63.94
83,CAR.O,에이비스 버짓 그룹,5,120,14,44,54,1.0,10.0,73.46,17.64,43.94,65.85
83,APPN.O,애피안,5,120,14,24,69,1.0,10.0,69.72,0.0,41.01,68.26
83,PGNY.O,프로지니,5,120,14,24,69,1.0,10.0,69.72,0.0,37.57,62.87
83,RYTM.O,리듬 파머수티컬스,5,120,14,24,69,1.0,10.0,69.72,0.0,41.39,74.73
83,IRTC.O,아이리듬 테크놀로지스,5,120,14,24,69,1.0,10.0,69.72,0.0,44.51,63.94
83,FOLD.O,아미쿠스 테라퓨틱스,5,120,14,24,69,1.0,10.0,69.72,0.0,40.79,66.01
83,XENE.O,제논 파마슈티컬,5,120,14,24,69,1.0,10.0,69.72,0.0,44.09,68.48
83,GLNG.O,골라 LNG,5,120,14,24,69,1.0,10.0,69.72,0.0,35.33,69.73
83,PRCT.O,프로셉트 바이오로보틱스,5,120,14,24,69,1.0,10.0,69.72,0.0,47.69,65.13
83,RVMD.O,레볼루션 메디신,5,120,14,24,69,1.0,10.0,69.72,0.0,40.4,68.55
83,CRNX.O,크리네틱스 파머슈티컬스,5,120,14,24,69,1.0,10.0,69.72,0.0,41.76,67.9
83,CRSP.O,크리스퍼 테라퓨틱스,5,120,14,24,69,1.0,10.0,69.72,0.0,47.76,65.06
83,CYTK.O,사이토키네틱스,5,120,14,24,69,1.0,10.0,69.72,12.7,40.73,69.83
83,SNDX.O,신닥스 파마슈티컬스,5,120,14,24,69,1.0,10.0,69.72,0.0,40.01,73.29
83,ROIV.O,로이반트 사이언시스,5,120,14,24,69,1.0,10.0,69.72,0.0,37.83,72.07
83,NTRA.O,나테라,5,120,14,24,69,1.0,10.0,69.72,0.0,45.85,63.74
83,DKNG.O,드래프트킹즈 홀딩스,5,120,14,24,69,1.0,10.0,69.72,0.0,48.43,68.72
83,LI.O,리 오토 ADR,5,120,14,24,69,1.0,10.0,69.72,0.0,40.05,74.53
83,APP.O,앱플로빈,5,120,14,24,69,1.0,10.0,69.72,0.0,39.96,72.82
83,GSHD.O,구스헤드 인슈어런스,5,120,14,24,69,1.0,10.0,69.72,0.0,49.07,60.42
83,DUOL.O,듀오링고,5,120,14,24,69,1.0,10.0,69.72,0.0,40.28,69.01
83,SGH.O,스마트 글로벌 홀딩스,5,120,14,24,69,1.0,10.0,69.72,0.0,49.9,62.71
83,ACIC.O,아메리칸 코스탈 인슈어런스,5,120,14,24,69,1.0,10.0,69.72,2532.02,37.35,67.8
83,SGML.O,시그마 리튬,5,120,14,24,69,1.0,10.0,69.72,0.0,44.12,65.71
83,AFJKR.O,Aimei Health Technology Rights Exp 17 November 2028,5,120,14,24,69,1.0,10.0,69.72,0.0,42.5,62.37
83,METCB.O,라마코 리소시스 Class B,5,120,14,24,69,1.0,10.0,69.72,0.0,38.79,67.47
83,EGAN.O,이게인,5,120,14,24,69,1.0,10.0,69.72,0.0,43.99,67.34
83,CPSS.O,컨슈머 포트폴리오 서비스,5,120,14,24,69,1.0,10.0,69.72,0.0,42.72,64.14
83,ONEW.O,원워터 마린,5,120,14,24,69,1.0,10.0,69.72,0.0,42.06,65.99
83,INOD.O,이노데이터,5,120,14,24,69,1.0,10.0,69.72,0.0,41.33,66.66
83,ATLC.O,아틀란티쿠스 홀딩스,5,120,14,24,69,1.0,10.0,69.72,0.0,45.9,68.82
83,CAR.O,에이비스 버짓 그룹,5,120,14,24,69,1.0,10.0,69.72,0.0,43.94,65.85
83,FNKO.O,펀코,5,120,14,24,69,1.0,10.0,69.72,0.0,39.39,72.46
83,ADSE.O,애즈-테크 에너지,5,120,14,24,69,1.0,10.0,69.72,174.17,37.98,67.91
83,PNTG.O,페넌트 그룹,5,120,14,24,69,1.0,10.0,69.72,0.0,41.96,69.58
83,ANAB.O,어냅티스바이오,5,120,14,24,69,1.0,10.0,69.72,0.0,43.95,74.11
83,HROW.O,해로우,5,120,14,24,69,1.0,10.0,69.72,0.0,42.35,66.54
83,TARS.O,타서스 파마슈티컬스,5,120,14,24,69,1.0,10.0,69.72,0.0,40.22,69.67
83,MITK.O,마이텍 시스템즈,5,120,14,24,69,1.0,10.0,69.72,0.0,46.44,62.21
83,ESTA.O,에스타블리쉬먼트 랩스 홀딩스,5,120,14,24,69,1.0,10.0,69.72,0.0,37.0,65.36
83,MITK.O,마이텍 시스템즈,5,120,14,24,79,1.0,10.0,69.55,0.0,46.44,62.21
83,SGML.O,시그마 리튬,5,120,14,24,79,1.0,10.0,69.55,0.0,44.12,65.71
83,ESTA.O,에스타블리쉬먼트 랩스 홀딩스,5,120,14,24,79,1.0,10.0,69.55,0.0,37.0,65.36
83,TARS.O,타서스 파마슈티컬스,5,120,14,24,79,1.0,10.0,69.55,0.0,40.22,69.67
83,HROW.O,해로우,5,120,14,24,79,1.0,10.0,69.55,0.0,42.35,66.54
83,ANAB.O,어냅티스바이오,5,120,14,24,79,1.0,10.0,69.55,0.0,43.95,74.11
83,PNTG.O,페넌트 그룹,5,120,14,24,79,1.0,10.0,69.55,0.0,41.96,69.58
83,ADSE.O,애즈-테크 에너지,5,120,14,24,79,1.0,10.0,69.55,158.41,37.98,67.91
83,ATLC.O,아틀란티쿠스 홀딩스,5,120,14,24,79,1.0,10.0,69.55,0.0,45.9,68.82
83,FNKO.O,펀코,5,120,14,24,79,1.0,10.0,69.55,0.0,39.39,72.46
83,ACIC.O,아메리칸 코스탈 인슈어런스,5,120,14,24,79,1.0,10.0,69.55,2532.02,37.35,67.8
83,SNDX.O,신닥스 파마슈티컬스,5,120,14,24,79,1.0,10.0,69.55,0.0,40.01,73.29
83,INOD.O,이노데이터,5,120,14,24,79,1.0,10.0,69.55,0.0,41.33,66.66
83,ONEW.O,원워터 마린,5,120,14,24,79,1.0,10.0,69.55,0.0,42.06,65.99
83,CPSS.O,컨슈머 포트폴리오 서비스,5,120,14,24,79,1.0,10.0,69.55,0.0,42.72,64.14
83,EGAN.O,이게인,5,120,14,24,79,1.0,10.0,69.55,0.0,43.99,67.34
83,METCB.O,라마코 리소시스 Class B,5,120,14,24,79,1.0,10.0,69.55,0.0,38.79,67.47
83,AFJKR.O,Aimei Health Technology Rights Exp 17 November 2028,5,120,14,24,79,1.0,10.0,69.55,0.0,42.5,62.37
83,SGH.O,스마트 글로벌 홀딩스,5,120,14,24,79,1.0,10.0,69.55,0.0,49.9,62.71
83,RYTM.O,리듬 파머수티컬스,5,120,14,24,79,1.0,10.0,69.55,0.0,41.39,74.73
83,GSHD.O,구스헤드 인슈어런스,5,120,14,24,79,1.0,10.0,69.55,0.0,49.07,60.42
83,CYTK.O,사이토키네틱스,5,120,14,24,79,1.0,10.0,69.55,21.84,40.73,69.83
83,DKNG.O,드래프트킹즈 홀딩스,5,120,14,24,79,1.0,10.0,69.55,0.0,48.43,68.72
83,LI.O,리 오토 ADR,5,120,14,24,79,1.0,10.0,69.55,0.0,40.05,74.53
83,APP.O,앱플로빈,5,120,14,24,79,1.0,10.0,69.55,0.0,39.96,72.82
83,NTRA.O,나테라,5,120,14,24,79,1.0,10.0,69.55,0.0,45.85,63.74
83,ROIV.O,로이반트 사이언시스,5,120,14,24,79,1.0,10.0,69.55,0.0,37.83,72.07
83,DUOL.O,듀오링고,5,120,14,24,79,1.0,10.0,69.55,0.0,40.28,69.01
83,RVMD.O,레볼루션 메디신,5,120,14,24,79,1.0,10.0,69.55,0.0,40.4,68.55
83,CRSP.O,크리스퍼 테라퓨틱스,5,120,14,24,79,1.0,10.0,69.55,0.0,47.76,65.06
83,APPN.O,애피안,5,120,14,24,79,1.0,10.0,69.55,0.0,41.01,68.26
83,CRNX.O,크리네틱스 파머슈티컬스,5,120,14,24,79,1.0,10.0,69.55,0.0,41.76,67.9
83,CAR.O,에이비스 버짓 그룹,5,120,14,24,79,1.0,10.0,69.55,0.0,43.94,65.85
83,GLNG.O,골라 LNG,5,120,14,24,79,1.0,10.0,69.55,0.0,35.33,69.73
83,XENE.O,제논 파마슈티컬,5,120,14,24,79,1.0,10.0,69.55,0.0,44.09,68.48
83,FOLD.O,아미쿠스 테라퓨틱스,5,120,14,24,79,1.0,10.0,69.55,0.0,40.79,66.01
83,IRTC.O,아이리듬 테크놀로지스,5,120,14,24,79,1.0,10.0,69.55,0.0,44.51,63.94
83,PGNY.O,프로지니,5,120,14,24,79,1.0,10.0,69.55,0.0,37.57,62.87
83,PRCT.O,프로셉트 바이오로보틱스,5,120,14,24,79,1.0,10.0,69.55,0.0,47.69,65.13
83,LI.O,리 오토 ADR,5,120,14,24,74,1.0,10.0,69.48,0.0,40.05,74.53
83,DKNG.O,드래프트킹즈 홀딩스,5,120,14,24,74,1.0,10.0,69.48,0.0,48.43,68.72
83,GLNG.O,골라 LNG,5,120,14,24,74,1.0,10.0,69.48,0.0,35.33,69.73
83,GSHD.O,구스헤드 인슈어런스,5,120,14,24,74,1.0,10.0,69.48,0.0,49.07,60.42
83,APPN.O,애피안,5,120,14,24,74,1.0,10.0,69.48,0.0,41.01,68.26
83,PGNY.O,프로지니,5,120,14,24,74,1.0,10.0,69.48,0.0,37.57,62.87
83,RYTM.O,리듬 파머수티컬스,5,120,14,24,74,1.0,10.0,69.48,0.0,41.39,74.73
83,IRTC.O,아이리듬 테크놀로지스,5,120,14,24,74,1.0,10.0,69.48,0.0,44.51,63.94
83,FOLD.O,아미쿠스 테라퓨틱스,5,120,14,24,74,1.0,10.0,69.48,0.0,40.79,66.01
83,XENE.O,제논 파마슈티컬,5,120,14,24,74,1.0,10.0,69.48,0.0,44.09,68.48
83,PRCT.O,프로셉트 바이오로보틱스,5,120,14,24,74,1.0,10.0,69.48,0.0,47.69,65.13
83,NTRA.O,나테라,5,120,14,24,74,1.0,10.0,69.48,0.0,45.85,63.74
83,CAR.O,에이비스 버짓 그룹,5,120,14,24,74,1.0,10.0,69.48,0.0,43.94,65.85
83,CRNX.O,크리네틱스 파머슈티컬스,5,120,14,24,74,1.0,10.0,69.48,0.0,41.76,67.9
83,CRSP.O,크리스퍼 테라퓨틱스,5,120,14,24,74,1.0,10.0,69.48,0.0,47.76,65.06
83,CYTK.O,사이토키네틱스,5,120,14,24,74,1.0,10.0,69.48,19.36,40.73,69.83
83,APP.O,앱플로빈,5,120,14,24,74,1.0,10.0,69.48,0.0,39.96,72.82
83,RVMD.O,레볼루션 메디신,5,120,14,24,74,1.0,10.0,69.48,0.0,40.4,68.55
83,DUOL.O,듀오링고,5,120,14,24,74,1.0,10.0,69.48,0.0,40.28,69.01
83,SNDX.O,신닥스 파마슈티컬스,5,120,14,24,74,1.0,10.0,69.48,0.0,40.01,73.29
83,SGH.O,스마트 글로벌 홀딩스,5,120,14,24,74,1.0,10.0,69.48,0.0,49.9,62.71
83,SGML.O,시그마 리튬,5,120,14,24,74,1.0,10.0,69.48,0.0,44.12,65.71
83,FNKO.O,펀코,5,120,14,24,74,1.0,10.0,69.48,0.0,39.39,72.46
83,AFJKR.O,Aimei Health Technology Rights Exp 17 November 2028,5,120,14,24,74,1.0,10.0,69.48,0.0,42.5,62.37
83,METCB.O,라마코 리소시스 Class B,5,120,14,24,74,1.0,10.0,69.48,0.0,38.79,67.47
83,EGAN.O,이게인,5,120,14,24,74,1.0,10.0,69.48,0.0,43.99,67.34
83,CPSS.O,컨슈머 포트폴리오 서비스,5,120,14,24,74,1.0,10.0,69.48,0.0,42.72,64.14
83,ONEW.O,원워터 마린,5,120,14,24,74,1.0,10.0,69.48,0.0,42.06,65.99
83,INOD.O,이노데이터,5,120,14,24,74,1.0,10.0,69.48,0.0,41.33,66.66
83,ATLC.O,아틀란티쿠스 홀딩스,5,120,14,24,74,1.0,10.0,69.48,0.0,45.9,68.82
83,ACIC.O,아메리칸 코스탈 인슈어런스,5,120,14,24,74,1.0,10.0,69.48,2532.02,37.35,67.8
83,MITK.O,마이텍 시스템즈,5,120,14,24,74,1.0,10.0,69.48,0.0,46.44,62.21
83,ADSE.O,애즈-테크 에너지,5,120,14,24,74,1.0,10.0,69.48,158.41,37.98,67.91
83,PNTG.O,페넌트 그룹,5,120,14,24,74,1.0,10.0,69.48,0.0,41.96,69.58
83,ANAB.O,어냅티스바이오,5,120,14,24,74,1.0,10.0,69.48,0.0,43.95,74.11
83,HROW.O,해로우,5,120,14,24,74,1.0,10.0,69.48,0.0,42.35,66.54
83,TARS.O,타서스 파마슈티컬스,5,120,14,24,74,1.0,10.0,69.48,0.0,40.22,69.67
83,ESTA.O,에스타블리쉬먼트 랩스 홀딩스,5,120,14,24,74,1.0,10.0,69.48,0.0,37.0,65.36
83,ROIV.O,로이반트 사이언시스,5,120,14,24,74,1.0,10.0,69.48,0.0,37.83,72.07
83,NTRA.O,나테라,5,60,14,29,54,1.0,10.0,68.87,0.0,45.85,63.74
83,DKNG.O,드래프트킹즈 홀딩스,5,60,14,29,54,1.0,10.0,68.87,0.0,48.43,68.72
83,LI.O,리 오토 ADR,5,60,14,29,54,1.0,10.0,68.87,0.0,40.05,74.53
83,APP.O,앱플로빈,5,60,14,29,54,1.0,10.0,68.87,723.64,39.96,72.82
83,ROIV.O,로이반트 사이언시스,5,60,14,29,54,1.0,10.0,68.87,0.0,37.83,72.07
83,TARS.O,타서스 파마슈티컬스,5,60,14,29,54,1.0,10.0,68.87,0.0,40.22,69.67
83,HROW.O,해로우,5,60,14,29,54,1.0,10.0,68.87,0.0,42.35,66.54
83,ANAB.O,어냅티스바이오,5,60,14,29,54,1.0,10.0,68.87,0.0,43.95,74.11
83,PNTG.O,페넌트 그룹,5,60,14,29,54,1.0,10.0,68.87,0.0,41.96,69.58
83,ADSE.O,애즈-테크 에너지,5,60,14,29,54,1.0,10.0,68.87,1761.06,37.98,67.91
83,MITK.O,마이텍 시스템즈,5,60,14,29,54,1.0,10.0,68.87,0.0,46.44,62.21
83,FNKO.O,펀코,5,60,14,29,54,1.0,10.0,68.87,0.0,39.39,72.46
83,ACIC.O,아메리칸 코스탈 인슈어런스,5,60,14,29,54,1.0,10.0,68.87,-16.83,37.35,67.8
83,ATLC.O,아틀란티쿠스 홀딩스,5,60,14,29,54,1.0,10.0,68.87,0.0,45.9,68.82
83,INOD.O,이노데이터,5,60,14,29,54,1.0,10.0,68.87,60.29,41.33,66.66
83,ONEW.O,원워터 마린,5,60,14,29,54,1.0,10.0,68.87,0.0,42.06,65.99
83,CPSS.O,컨슈머 포트폴리오 서비스,5,60,14,29,54,1.0,10.0,68.87,0.0,42.72,64.14
83,EGAN.O,이게인,5,60,14,29,54,1.0,10.0,68.87,0.0,43.99,67.34
83,METCB.O,라마코 리소시스 Class B,5,60,14,29,54,1.0,10.0,68.87,0.0,38.79,67.47
83,AFJKR.O,Aimei Health Technology Rights Exp 17 November 2028,5,60,14,29,54,1.0,10.0,68.87,0.0,42.5,62.37
83,ESTA.O,에스타블리쉬먼트 랩스 홀딩스,5,60,14,29,54,1.0,10.0,68.87,0.0,37.0,65.36
83,SGML.O,시그마 리튬,5,60,14,29,54,1.0,10.0,68.87,0.0,44.12,65.71
83,SGH.O,스마트 글로벌 홀딩스,5,60,14,29,54,1.0,10.0,68.87,0.0,49.9,62.71
83,SNDX.O,신닥스 파마슈티컬스,5,60,14,29,54,1.0,10.0,68.87,0.0,40.01,73.29
83,DUOL.O,듀오링고,5,60,14,29,54,1.0,10.0,68.87,0.0,40.28,69.01
83,RVMD.O,레볼루션 메디신,5,60,14,29,54,1.0,10.0,68.87,0.0,40.4,68.55
83,CYTK.O,사이토키네틱스,5,60,14,29,54,1.0,10.0,68.87,26.19,40.73,69.83
83,CRSP.O,크리스퍼 테라퓨틱스,5,60,14,29,54,1.0,10.0,68.87,0.0,47.76,65.06
83,CRNX.O,크리네틱스 파머슈티컬스,5,60,14,29,54,1.0,10.0,68.87,0.0,41.76,67.9
83,CAR.O,에이비스 버짓 그룹,5,60,14,29,54,1.0,10.0,68.87,0.0,43.94,65.85
83,PRCT.O,프로셉트 바이오로보틱스,5,60,14,29,54,1.0,10.0,68.87,0.0,47.69,65.13
83,GLNG.O,골라 LNG,5,60,14,29,54,1.0,10.0,68.87,0.0,35.33,69.73
83,XENE.O,제논 파마슈티컬,5,60,14,29,54,1.0,10.0,68.87,131.64,44.09,68.48
83,FOLD.O,아미쿠스 테라퓨틱스,5,60,14,29,54,1.0,10.0,68.87,0.0,40.79,66.01
83,IRTC.O,아이리듬 테크놀로지스,5,60,14,29,54,1.0,10.0,68.87,0.0,44.51,63.94
83,RYTM.O,리듬 파머수티컬스,5,60,14,29,54,1.0,10.0,68.87,0.0,41.39,74.73
83,PGNY.O,프로지니,5,60,14,29,54,1.0,10.0,68.87,0.0,37.57,62.87
83,APPN.O,애피안,5,60,14,29,54,1.0,10.0,68.87,0.0,41.01,68.26
83,GSHD.O,구스헤드 인슈어런스,5,60,14,29,54,1.0,10.0,68.87,0.0,49.07,60.42
83,METCB.O,라마코 리소시스 Class B,5,120,14,34,59,1.0,10.0,67.58,0.0,38.79,67.47
83,AFJKR.O,Aimei Health Technology Rights Exp 17 November 2028,5,120,14,34,59,1.0,10.0,67.58,0.0,42.5,62.37
83,LI.O,리 오토 ADR,5,120,14,34,59,1.0,10.0,67.58,0.0,40.05,74.53
83,EGAN.O,이게인,5,120,14,34,59,1.0,10.0,67.58,0.0,43.99,67.34
83,CAR.O,에이비스 버짓 그룹,5,120,14,34,59,1.0,10.0,67.58,0.0,43.94,65.85
83,RYTM.O,리듬 파머수티컬스,5,120,14,34,59,1.0,10.0,67.58,302.16,41.39,74.73
83,IRTC.O,아이리듬 테크놀로지스,5,120,14,34,59,1.0,10.0,67.58,0.0,44.51,63.94
83,FOLD.O,아미쿠스 테라퓨틱스,5,120,14,34,59,1.0,10.0,67.58,0.0,40.79,66.01
83,XENE.O,제논 파마슈티컬,5,120,14,34,59,1.0,10.0,67.58,14.36,44.09,68.48
83,GLNG.O,골라 LNG,5,120,14,34,59,1.0,10.0,67.58,59.46,35.33,69.73
83,PRCT.O,프로셉트 바이오로보틱스,5,120,14,34,59,1.0,10.0,67.58,0.0,47.69,65.13
83,CRNX.O,크리네틱스 파머슈티컬스,5,120,14,34,59,1.0,10.0,67.58,0.0,41.76,67.9
83,APPN.O,애피안,5,120,14,34,59,1.0,10.0,67.58,0.0,41.01,68.26
83,CRSP.O,크리스퍼 테라퓨틱스,5,120,14,34,59,1.0,10.0,67.58,0.0,47.76,65.06
83,CYTK.O,사이토키네틱스,5,120,14,34,59,1.0,10.0,67.58,34.86,40.73,69.83
83,RVMD.O,레볼루션 메디신,5,120,14,34,59,1.0,10.0,67.58,0.0,40.4,68.55
83,DUOL.O,듀오링고,5,120,14,34,59,1.0,10.0,67.58,1630.6,40.28,69.01
83,ROIV.O,로이반트 사이언시스,5,120,14,34,59,1.0,10.0,67.58,0.0,37.83,72.07
83,NTRA.O,나테라,5,120,14,34,59,1.0,10.0,67.58,0.0,45.85,63.74
83,PGNY.O,프로지니,5,120,14,34,59,1.0,10.0,67.58,0.0,37.57,62.87
83,GSHD.O,구스헤드 인슈어런스,5,120,14,34,59,1.0,10.0,67.58,0.0,49.07,60.42
83,APP.O,앱플로빈,5,120,14,34,59,1.0,10.0,67.58,237.85,39.96,72.82
83,MITK.O,마이텍 시스템즈,5,120,14,34,59,1.0,10.0,67.58,0.0,46.44,62.21
83,CPSS.O,컨슈머 포트폴리오 서비스,5,120,14,34,59,1.0,10.0,67.58,0.0,42.72,64.14
83,ONEW.O,원워터 마린,5,120,14,34,59,1.0,10.0,67.58,0.0,42.06,65.99
83,INOD.O,이노데이터,5,120,14,34,59,1.0,10.0,67.58,29.24,41.33,66.66
83,ATLC.O,아틀란티쿠스 홀딩스,5,120,14,34,59,1.0,10.0,67.58,6.23,45.9,68.82
83,ACIC.O,아메리칸 코스탈 인슈어런스,5,120,14,34,59,1.0,10.0,67.58,-18.57,37.35,67.8
83,FNKO.O,펀코,5,120,14,34,59,1.0,10.0,67.58,0.0,39.39,72.46
83,PNTG.O,페넌트 그룹,5,120,14,34,59,1.0,10.0,67.58,0.0,41.96,69.58
83,SNDX.O,신닥스 파마슈티컬스,5,120,14,34,59,1.0,10.0,67.58,0.0,40.01,73.29
83,ANAB.O,어냅티스바이오,5,120,14,34,59,1.0,10.0,67.58,17.12,43.95,74.11
83,HROW.O,해로우,5,120,14,34,59,1.0,10.0,67.58,21.22,42.35,66.54
83,TARS.O,타서스 파마슈티컬스,5,120,14,34,59,1.0,10.0,67.58,0.0,40.22,69.67
83,ESTA.O,에스타블리쉬먼트 랩스 홀딩스,5,120,14,34,59,1.0,10.0,67.58,53.88,37.0,65.36
83,SGML.O,시그마 리튬,5,120,14,34,59,1.0,10.0,67.58,0.0,44.12,65.71
83,SGH.O,스마트 글로벌 홀딩스,5,120,14,34,59,1.0,10.0,67.58,0.0,49.9,62.71
83,DKNG.O,드래프트킹즈 홀딩스,5,120,14,34,59,1.0,10.0,67.58,0.0,48.43,68.72
83,ADSE.O,애즈-테크 에너지,5,120,14,34,59,1.0,10.0,67.58,247.4,37.98,67.91
83,INOD.O,이노데이터,5,120,14,49,54,1.0,10.0,55.74,4.76,41.33,66.66
83,MITK.O,마이텍 시스템즈,5,120,14,49,54,1.0,10.0,55.74,29.48,46.44,62.21
83,SGML.O,시그마 리튬,5,120,14,49,54,1.0,10.0,55.74,0.0,44.12,65.71
83,ESTA.O,에스타블리쉬먼트 랩스 홀딩스,5,120,14,49,54,1.0,10.0,55.74,131.19,37.0,65.36
83,TARS.O,타서스 파마슈티컬스,5,120,14,49,54,1.0,10.0,55.74,70.61,40.22,69.67
83,HROW.O,해로우,5,120,14,49,54,1.0,10.0,55.74,-5.3,42.35,66.54
83,ANAB.O,어냅티스바이오,5,120,14,49,54,1.0,10.0,55.74,66.43,43.95,74.11
83,PNTG.O,페넌트 그룹,5,120,14,49,54,1.0,10.0,55.74,2.04,41.96,69.58
83,ADSE.O,애즈-테크 에너지,5,120,14,49,54,1.0,10.0,55.74,398.97,37.98,67.91
83,FNKO.O,펀코,5,120,14,49,54,1.0,10.0,55.74,44.86,39.39,72.46
83,SNDX.O,신닥스 파마슈티컬스,5,120,14,49,54,1.0,10.0,55.74,54.98,40.01,73.29
83,ACIC.O,아메리칸 코스탈 인슈어런스,5,120,14,49,54,1.0,10.0,55.74,-13.13,37.35,67.8
83,ATLC.O,아틀란티쿠스 홀딩스,5,120,14,49,54,1.0,10.0,55.74,14.88,45.9,68.82
83,ONEW.O,원워터 마린,5,120,14,49,54,1.0,10.0,55.74,6.61,42.06,65.99
83,CPSS.O,컨슈머 포트폴리오 서비스,5,120,14,49,54,1.0,10.0,55.74,-3.93,42.72,64.14
83,EGAN.O,이게인,5,120,14,49,54,1.0,10.0,55.74,-11.11,43.99,67.34
83,METCB.O,라마코 리소시스 Class B,5,120,14,49,54,1.0,10.0,55.74,0.0,38.79,67.47
83,AFJKR.O,Aimei Health Technology Rights Exp 17 November 2028,5,120,14,49,54,1.0,10.0,55.74,0.0,42.5,62.37
83,SGH.O,스마트 글로벌 홀딩스,5,120,14,49,54,1.0,10.0,55.74,72.52,49.9,62.71
83,GSHD.O,구스헤드 인슈어런스,5,120,14,49,54,1.0,10.0,55.74,8.78,49.07,60.42
83,CRNX.O,크리네틱스 파머슈티컬스,5,120,14,49,54,1.0,10.0,55.74,20.37,41.76,67.9
83,APPN.O,애피안,5,120,14,49,54,1.0,10.0,55.74,-22.02,41.01,68.26
83,LI.O,리 오토 ADR,5,120,14,49,54,1.0,10.0,55.74,229.91,40.05,74.53
83,DKNG.O,드래프트킹즈 홀딩스,5,120,14,49,54,1.0,10.0,55.74,78.36,48.43,68.72
83,NTRA.O,나테라,5,120,14,49,54,1.0,10.0,55.74,28.13,45.85,63.74
83,ROIV.O,로이반트 사이언시스,5,120,14,49,54,1.0,10.0,55.74,0.0,37.83,72.07
83,DUOL.O,듀오링고,5,120,14,49,54,1.0,10.0,55.74,109.01,40.28,69.01
83,RVMD.O,레볼루션 메디신,5,120,14,49,54,1.0,10.0,55.74,7.78,40.4,68.55
83,CYTK.O,사이토키네틱스,5,120,14,49,54,1.0,10.0,55.74,89.25,40.73,69.83
83,CRSP.O,크리스퍼 테라퓨틱스,5,120,14,49,54,1.0,10.0,55.74,12.16,47.76,65.06
83,APP.O,앱플로빈,5,120,14,49,54,1.0,10.0,55.74,471.47,39.96,72.82
83,CAR.O,에이비스 버짓 그룹,5,120,14,49,54,1.0,10.0,55.74,-0.1,43.94,65.85
83,PRCT.O,프로셉트 바이오로보틱스,5,120,14,49,54,1.0,10.0,55.74,30.02,47.69,65.13
83,GLNG.O,골라 LNG,5,120,14,49,54,1.0,10.0,55.74,20.19,35.33,69.73
83,XENE.O,제논 파마슈티컬,5,120,14,49,54,1.0,10.0,55.74,14.36,44.09,68.48
83,FOLD.O,아미쿠스 테라퓨틱스,5,120,14,49,54,1.0,10.0,55.74,43.68,40.79,66.01
83,IRTC.O,아이리듬 테크놀로지스,5,120,14,49,54,1.0,10.0,55.74,124.44,44.51,63.94
83,RYTM.O,리듬 파머수티컬스,5,120,14,49,54,1.0,10.0,55.74,58.99,41.39,74.73
83,PGNY.O,프로지니,5,120,14,49,54,1.0,10.0,55.74,-14.94,37.57,62.87
83,NTRA.O,나테라,5,60,14,39,59,1.0,10.0,54.0,43.53,45.85,63.74
83,APP.O,앱플로빈,5,60,14,39,59,1.0,10.0,54.0,28.97,39.96,72.82
83,ROIV.O,로이반트 사이언시스,5,60,14,39,59,1.0,10.0,54.0,0.0,37.83,72.07
83,LI.O,리 오토 ADR,5,60,14,39,59,1.0,10.0,54.0,0.0,40.05,74.53
83,GLNG.O,골라 LNG,5,60,14,39,59,1.0,10.0,54.0,19.71,35.33,69.73
83,SNDX.O,신닥스 파마슈티컬스,5,60,14,39,59,1.0,10.0,54.0,140.74,40.01,73.29
83,GSHD.O,구스헤드 인슈어런스,5,60,14,39,59,1.0,10.0,54.0,6.17,49.07,60.42
83,APPN.O,애피안,5,60,14,39,59,1.0,10.0,54.0,-12.12,41.01,68.26
83,PGNY.O,프로지니,5,60,14,39,59,1.0,10.0,54.0,0.0,37.57,62.87
83,RYTM.O,리듬 파머수티컬스,5,60,14,39,59,1.0,10.0,54.0,61.12,41.39,74.73
83,FOLD.O,아미쿠스 테라퓨틱스,5,60,14,39,59,1.0,10.0,54.0,0.0,40.79,66.01
83,XENE.O,제논 파마슈티컬,5,60,14,39,59,1.0,10.0,54.0,11.61,44.09,68.48
83,PRCT.O,프로셉트 바이오로보틱스,5,60,14,39,59,1.0,10.0,54.0,323.1,47.69,65.13
83,SGML.O,시그마 리튬,5,60,14,39,59,1.0,10.0,54.0,-48.46,44.12,65.71
83,CAR.O,에이비스 버짓 그룹,5,60,14,39,59,1.0,10.0,54.0,67.67,43.94,65.85
83,CRNX.O,크리네틱스 파머슈티컬스,5,60,14,39,59,1.0,10.0,54.0,18.04,41.76,67.9
83,CRSP.O,크리스퍼 테라퓨틱스,5,60,14,39,59,1.0,10.0,54.0,9.86,47.76,65.06
83,CYTK.O,사이토키네틱스,5,60,14,39,59,1.0,10.0,54.0,26.19,40.73,69.83
83,DKNG.O,드래프트킹즈 홀딩스,5,60,14,39,59,1.0,10.0,54.0,106.25,48.43,68.72
83,RVMD.O,레볼루션 메디신,5,60,14,39,59,1.0,10.0,54.0,24.84,40.4,68.55
83,DUOL.O,듀오링고,5,60,14,39,59,1.0,10.0,54.0,85.4,40.28,69.01
83,SGH.O,스마트 글로벌 홀딩스,5,60,14,39,59,1.0,10.0,54.0,0.0,49.9,62.71
83,IRTC.O,아이리듬 테크놀로지스,5,60,14,39,59,1.0,10.0,54.0,468.94,44.51,63.94
83,ESTA.O,에스타블리쉬먼트 랩스 홀딩스,5,60,14,39,59,1.0,10.0,54.0,75.61,37.0,65.36
83,ACIC.O,아메리칸 코스탈 인슈어런스,5,60,14,39,59,1.0,10.0,54.0,-22.41,37.35,67.8
83,TARS.O,타서스 파마슈티컬스,5,60,14,39,59,1.0,10.0,54.0,43.24,40.22,69.67
83,METCB.O,라마코 리소시스 Class B,5,60,14,39,59,1.0,10.0,54.0,0.0,38.79,67.47
83,EGAN.O,이게인,5,60,14,39,59,1.0,10.0,54.0,11.81,43.99,67.34
83,CPSS.O,컨슈머 포트폴리오 서비스,5,60,14,39,59,1.0,10.0,54.0,4.54,42.72,64.14
83,ONEW.O,원워터 마린,5,60,14,39,59,1.0,10.0,54.0,0.0,42.06,65.99
83,INOD.O,이노데이터,5,60,14,39,59,1.0,10.0,54.0,-2.66,41.33,66.66
83,ATLC.O,아틀란티쿠스 홀딩스,5,60,14,39,59,1.0,10.0,54.0,20.27,45.9,68.82
83,AFJKR.O,Aimei Health Technology Rights Exp 17 November 2028,5,60,14,39,59,1.0,10.0,54.0,0.0,42.5,62.37
83,MITK.O,마이텍 시스템즈,5,60,14,39,59,1.0,10.0,54.0,30.69,46.44,62.21
83,ADSE.O,애즈-테크 에너지,5,60,14,39,59,1.0,10.0,54.0,363.27,37.98,67.91
83,PNTG.O,페넌트 그룹,5,60,14,39,59,1.0,10.0,54.0,12.5,41.96,69.58
83,ANAB.O,어냅티스바이오,5,60,14,39,59,1.0,10.0,54.0,15.79,43.95,74.11
83,HROW.O,해로우,5,60,14,39,59,1.0,10.0,54.0,2.93,42.35,66.54
83,FNKO.O,펀코,5,60,14,39,59,1.0,10.0,54.0,168.8,39.39,72.46
83,GSHD.O,구스헤드 인슈어런스,5,120,14,44,59,1.0,10.0,50.2,-3.61,49.07,60.42
83,ADSE.O,애즈-테크 에너지,5,120,14,44,59,1.0,10.0,50.2,247.4,37.98,67.91
83,SGH.O,스마트 글로벌 홀딩스,5,120,14,44,59,1.0,10.0,50.2,241.8,49.9,62.71
83,SGML.O,시그마 리튬,5,120,14,44,59,1.0,10.0,50.2,0.0,44.12,65.71
83,ESTA.O,에스타블리쉬먼트 랩스 홀딩스,5,120,14,44,59,1.0,10.0,50.2,50.17,37.0,65.36
83,TARS.O,타서스 파마슈티컬스,5,120,14,44,59,1.0,10.0,50.2,36.04,40.22,69.67
83,HROW.O,해로우,5,120,14,44,59,1.0,10.0,50.2,2.25,42.35,66.54
83,ANAB.O,어냅티스바이오,5,120,14,44,59,1.0,10.0,50.2,17.12,43.95,74.11
83,PNTG.O,페넌트 그룹,5,120,14,44,59,1.0,10.0,50.2,14.1,41.96,69.58
83,ATLC.O,아틀란티쿠스 홀딩스,5,120,14,44,59,1.0,10.0,50.2,9.23,45.9,68.82
83,MITK.O,마이텍 시스템즈,5,120,14,44,59,1.0,10.0,50.2,22.41,46.44,62.21
83,FNKO.O,펀코,5,120,14,44,59,1.0,10.0,50.2,71.64,39.39,72.46
83,ACIC.O,아메리칸 코스탈 인슈어런스,5,120,14,44,59,1.0,10.0,50.2,-23.41,37.35,67.8
83,INOD.O,이노데이터,5,120,14,44,59,1.0,10.0,50.2,8.08,41.33,66.66
83,ONEW.O,원워터 마린,5,120,14,44,59,1.0,10.0,50.2,0.0,42.06,65.99
83,CPSS.O,컨슈머 포트폴리오 서비스,5,120,14,44,59,1.0,10.0,50.2,5.59,42.72,64.14
83,METCB.O,라마코 리소시스 Class B,5,120,14,44,59,1.0,10.0,50.2,0.0,38.79,67.47
83,EGAN.O,이게인,5,120,14,44,59,1.0,10.0,50.2,-3.12,43.99,67.34
83,SNDX.O,신닥스 파마슈티컬스,5,120,14,44,59,1.0,10.0,50.2,8.78,40.01,73.29
83,DKNG.O,드래프트킹즈 홀딩스,5,120,14,44,59,1.0,10.0,50.2,77.23,48.43,68.72
83,APPN.O,애피안,5,120,14,44,59,1.0,10.0,50.2,-22.02,41.01,68.26
83,CRSP.O,크리스퍼 테라퓨틱스,5,120,14,44,59,1.0,10.0,50.2,-8.04,47.76,65.06
83,APP.O,앱플로빈,5,120,14,44,59,1.0,10.0,50.2,237.85,39.96,72.82
83,LI.O,리 오토 ADR,5,120,14,44,59,1.0,10.0,50.2,0.0,40.05,74.53
83,NTRA.O,나테라,5,120,14,44,59,1.0,10.0,50.2,39.92,45.85,63.74
83,ROIV.O,로이반트 사이언시스,5,120,14,44,59,1.0,10.0,50.2,0.0,37.83,72.07
83,DUOL.O,듀오링고,5,120,14,44,59,1.0,10.0,50.2,109.01,40.28,69.01
83,RVMD.O,레볼루션 메디신,5,120,14,44,59,1.0,10.0,50.2,22.05,40.4,68.55
83,CYTK.O,사이토키네틱스,5,120,14,44,59,1.0,10.0,50.2,121.41,40.73,69.83
83,CRNX.O,크리네틱스 파머슈티컬스,5,120,14,44,59,1.0,10.0,50.2,30.19,41.76,67.9
83,PGNY.O,프로지니,5,120,14,44,59,1.0,10.0,50.2,-16.37,37.57,62.87
83,CAR.O,에이비스 버짓 그룹,5,120,14,44,59,1.0,10.0,50.2,34.75,43.94,65.85
83,PRCT.O,프로셉트 바이오로보틱스,5,120,14,44,59,1.0,10.0,50.2,343.67,47.69,65.13
83,GLNG.O,골라 LNG,5,120,14,44,59,1.0,10.0,50.2,18.27,35.33,69.73
83,XENE.O,제논 파마슈티컬,5,120,14,44,59,1.0,10.0,50.2,14.36,44.09,68.48
83,FOLD.O,아미쿠스 테라퓨틱스,5,120,14,44,59,1.0,10.0,50.2,29.81,40.79,66.01
83,IRTC.O,아이리듬 테크놀로지스,5,120,14,44,59,1.0,10.0,50.2,123.48,44.51,63.94
83,RYTM.O,리듬 파머수티컬스,5,120,14,44,59,1.0,10.0,50.2,97.81,41.39,74.73
83,AFJKR.O,Aimei Health Technology Rights Exp 17 November 2028,5,120,14,44,59,1.0,10.0,50.2,0.0,42.5,62.37
83,ROIV.O,로이반트 사이언시스,5,120,14,39,59,1.0,10.0,49.39,0.0,37.83,72.07
83,DUOL.O,듀오링고,5,120,14,39,59,1.0,10.0,49.39,109.01,40.28,69.01
83,INOD.O,이노데이터,5,120,14,39,59,1.0,10.0,49.39,-3.16,41.33,66.66
83,ANAB.O,어냅티스바이오,5,120,14,39,59,1.0,10.0,49.39,17.12,43.95,74.11
83,PNTG.O,페넌트 그룹,5,120,14,39,59,1.0,10.0,49.39,14.1,41.96,69.58
83,ADSE.O,애즈-테크 에너지,5,120,14,39,59,1.0,10.0,49.39,247.4,37.98,67.91
83,MITK.O,마이텍 시스템즈,5,120,14,39,59,1.0,10.0,49.39,3.29,46.44,62.21
83,FNKO.O,펀코,5,120,14,39,59,1.0,10.0,49.39,210.03,39.39,72.46
83,ACIC.O,아메리칸 코스탈 인슈어런스,5,120,14,39,59,1.0,10.0,49.39,-18.57,37.35,67.8
83,ATLC.O,아틀란티쿠스 홀딩스,5,120,14,39,59,1.0,10.0,49.39,14.4,45.9,68.82
83,ONEW.O,원워터 마린,5,120,14,39,59,1.0,10.0,49.39,0.0,42.06,65.99
83,TARS.O,타서스 파마슈티컬스,5,120,14,39,59,1.0,10.0,49.39,0.0,40.22,69.67
83,CPSS.O,컨슈머 포트폴리오 서비스,5,120,14,39,59,1.0,10.0,49.39,3.41,42.72,64.14
83,EGAN.O,이게인,5,120,14,39,59,1.0,10.0,49.39,4.43,43.99,67.34
83,METCB.O,라마코 리소시스 Class B,5,120,14,39,59,1.0,10.0,49.39,0.0,38.79,67.47
83,AFJKR.O,Aimei Health Technology Rights Exp 17 November 2028,5,120,14,39,59,1.0,10.0,49.39,0.0,42.5,62.37
83,NTRA.O,나테라,5,120,14,39,59,1.0,10.0,49.39,40.54,45.85,63.74
83,DKNG.O,드래프트킹즈 홀딩스,5,120,14,39,59,1.0,10.0,49.39,77.23,48.43,68.72
83,LI.O,리 오토 ADR,5,120,14,39,59,1.0,10.0,49.39,0.0,40.05,74.53
83,HROW.O,해로우,5,120,14,39,59,1.0,10.0,49.39,2.25,42.35,66.54
83,ESTA.O,에스타블리쉬먼트 랩스 홀딩스,5,120,14,39,59,1.0,10.0,49.39,53.88,37.0,65.36
83,FOLD.O,아미쿠스 테라퓨틱스,5,120,14,39,59,1.0,10.0,49.39,0.0,40.79,66.01
83,XENE.O,제논 파마슈티컬,5,120,14,39,59,1.0,10.0,49.39,14.36,44.09,68.48
83,RVMD.O,레볼루션 메디신,5,120,14,39,59,1.0,10.0,49.39,22.05,40.4,68.55
83,CYTK.O,사이토키네틱스,5,120,14,39,59,1.0,10.0,49.39,34.86,40.73,69.83
83,CRSP.O,크리스퍼 테라퓨틱스,5,120,14,39,59,1.0,10.0,49.39,0.0,47.76,65.06
83,CRNX.O,크리네틱스 파머슈티컬스,5,120,14,39,59,1.0,10.0,49.39,0.0,41.76,67.9
83,CAR.O,에이비스 버짓 그룹,5,120,14,39,59,1.0,10.0,49.39,29.2,43.94,65.85
83,PRCT.O,프로셉트 바이오로보틱스,5,120,14,39,59,1.0,10.0,49.39,343.67,47.69,65.13
83,GLNG.O,골라 LNG,5,120,14,39,59,1.0,10.0,49.39,18.27,35.33,69.73
83,APP.O,앱플로빈,5,120,14,39,59,1.0,10.0,49.39,237.85,39.96,72.82
83,SGML.O,시그마 리튬,5,120,14,39,59,1.0,10.0,49.39,0.0,44.12,65.71
83,IRTC.O,아이리듬 테크놀로지스,5,120,14,39,59,1.0,10.0,49.39,0.0,44.51,63.94
83,RYTM.O,리듬 파머수티컬스,5,120,14,39,59,1.0,10.0,49.39,302.16,41.39,74.73
83,PGNY.O,프로지니,5,120,14,39,59,1.0,10.0,49.39,0.0,37.57,62.87
83,APPN.O,애피안,5,120,14,39,59,1.0,10.0,49.39,0.0,41.01,68.26
83,GSHD.O,구스헤드 인슈어런스,5,120,14,39,59,1.0,10.0,49.39,23.96,49.07,60.42
83,SNDX.O,신닥스 파마슈티컬스,5,120,14,39,59,1.0,10.0,49.39,124.49,40.01,73.29
83,SGH.O,스마트 글로벌 홀딩스,5,120,14,39,59,1.0,10.0,49.39,0.0,49.9,62.71
83,APP.O,앱플로빈,5,60,14,49,54,1.0,10.0,47.54,7.2,39.96,72.82
83,AFJKR.O,Aimei Health Technology Rights Exp 17 November 2028,5,60,14,49,54,1.0,10.0,47.54,0.0,42.5,62.37
83,METCB.O,라마코 리소시스 Class B,5,60,14,49,54,1.0,10.0,47.54,0.0,38.79,67.47
83,CRNX.O,크리네틱스 파머슈티컬스,5,60,14,49,54,1.0,10.0,47.54,14.29,41.76,67.9
83,RYTM.O,리듬 파머수티컬스,5,60,14,49,54,1.0,10.0,47.54,20.51,41.39,74.73
83,IRTC.O,아이리듬 테크놀로지스,5,60,14,49,54,1.0,10.0,47.54,60.74,44.51,63.94
83,FOLD.O,아미쿠스 테라퓨틱스,5,60,14,49,54,1.0,10.0,47.54,43.36,40.79,66.01
83,XENE.O,제논 파마슈티컬,5,60,14,49,54,1.0,10.0,47.54,31.21,44.09,68.48
83,GLNG.O,골라 LNG,5,60,14,49,54,1.0,10.0,47.54,6.34,35.33,69.73
83,PRCT.O,프로셉트 바이오로보틱스,5,60,14,49,54,1.0,10.0,47.54,20.46,47.69,65.13
83,CAR.O,에이비스 버짓 그룹,5,60,14,49,54,1.0,10.0,47.54,-4.88,43.94,65.85
83,CRSP.O,크리스퍼 테라퓨틱스,5,60,14,49,54,1.0,10.0,47.54,22.01,47.76,65.06
83,EGAN.O,이게인,5,60,14,49,54,1.0,10.0,47.54,-12.63,43.99,67.34
83,CYTK.O,사이토키네틱스,5,60,14,49,54,1.0,10.0,47.54,85.48,40.73,69.83
83,RVMD.O,레볼루션 메디신,5,60,14,49,54,1.0,10.0,47.54,17.22,40.4,68.55
83,DUOL.O,듀오링고,5,60,14,49,54,1.0,10.0,47.54,85.4,40.28,69.01
83,ROIV.O,로이반트 사이언시스,5,60,14,49,54,1.0,10.0,47.54,0.0,37.83,72.07
83,NTRA.O,나테라,5,60,14,49,54,1.0,10.0,47.54,39.82,45.85,63.74
83,DKNG.O,드래프트킹즈 홀딩스,5,60,14,49,54,1.0,10.0,47.54,118.0,48.43,68.72
83,LI.O,리 오토 ADR,5,60,14,49,54,1.0,10.0,47.54,231.22,40.05,74.53
83,PGNY.O,프로지니,5,60,14,49,54,1.0,10.0,47.54,1.19,37.57,62.87
83,APPN.O,애피안,5,60,14,49,54,1.0,10.0,47.54,-23.53,41.01,68.26
83,GSHD.O,구스헤드 인슈어런스,5,60,14,49,54,1.0,10.0,47.54,17.17,49.07,60.42
83,SNDX.O,신닥스 파마슈티컬스,5,60,14,49,54,1.0,10.0,47.54,43.53,40.01,73.29
83,CPSS.O,컨슈머 포트폴리오 서비스,5,60,14,49,54,1.0,10.0,47.54,0.1,42.72,64.14
83,ONEW.O,원워터 마린,5,60,14,49,54,1.0,10.0,47.54,5.38,42.06,65.99
83,INOD.O,이노데이터,5,60,14,49,54,1.0,10.0,47.54,6.15,41.33,66.66
83,ATLC.O,아틀란티쿠스 홀딩스,5,60,14,49,54,1.0,10.0,47.54,18.64,45.9,68.82
83,ACIC.O,아메리칸 코스탈 인슈어런스,5,60,14,49,54,1.0,10.0,47.54,-12.42,37.35,67.8
83,FNKO.O,펀코,5,60,14,49,54,1.0,10.0,47.54,-11.96,39.39,72.46
83,MITK.O,마이텍 시스템즈,5,60,14,49,54,1.0,10.0,47.54,38.79,46.44,62.21
83,ADSE.O,애즈-테크 에너지,5,60,14,49,54,1.0,10.0,47.54,746.0,37.98,67.91
83,PNTG.O,페넌트 그룹,5,60,14,49,54,1.0,10.0,47.54,1.22,41.96,69.58
83,ANAB.O,어냅티스바이오,5,60,14,49,54,1.0,10.0,47.54,49.51,43.95,74.11
83,HROW.O,해로우,5,60,14,49,54,1.0,10.0,47.54,14.64,42.35,66.54
83,TARS.O,타서스 파마슈티컬스,5,60,14,49,54,1.0,10.0,47.54,43.04,40.22,69.67
83,ESTA.O,에스타블리쉬먼트 랩스 홀딩스,5,60,14,49,54,1.0,10.0,47.54,135.12,37.0,65.36
83,SGML.O,시그마 리튬,5,60,14,49,54,1.0,10.0,47.54,-48.46,44.12,65.71
83,SGH.O,스마트 글로벌 홀딩스,5,60,14,49,54,1.0,10.0,47.54,44.33,49.9,62.71
83,LI.O,리 오토 ADR,5,60,14,24,54,1.0,10.0,47.4,0.0,40.05,74.53
83,APP.O,앱플로빈,5,60,14,24,54,1.0,10.0,47.4,0.0,39.96,72.82
83,ONEW.O,원워터 마린,5,60,14,24,54,1.0,10.0,47.4,0.0,42.06,65.99
83,TARS.O,타서스 파마슈티컬스,5,60,14,24,54,1.0,10.0,47.4,0.0,40.22,69.67
83,CPSS.O,컨슈머 포트폴리오 서비스,5,60,14,24,54,1.0,10.0,47.4,0.0,42.72,64.14
83,GSHD.O,구스헤드 인슈어런스,5,60,14,24,54,1.0,10.0,47.4,0.0,49.07,60.42
83,SNDX.O,신닥스 파마슈티컬스,5,60,14,24,54,1.0,10.0,47.4,0.0,40.01,73.29
83,SGH.O,스마트 글로벌 홀딩스,5,60,14,24,54,1.0,10.0,47.4,0.0,49.9,62.71
83,SGML.O,시그마 리튬,5,60,14,24,54,1.0,10.0,47.4,0.0,44.12,65.71
83,ESTA.O,에스타블리쉬먼트 랩스 홀딩스,5,60,14,24,54,1.0,10.0,47.4,0.0,37.0,65.36
83,HROW.O,해로우,5,60,14,24,54,1.0,10.0,47.4,0.0,42.35,66.54
83,APPN.O,애피안,5,60,14,24,54,1.0,10.0,47.4,0.0,41.01,68.26
83,ANAB.O,어냅티스바이오,5,60,14,24,54,1.0,10.0,47.4,0.0,43.95,74.11
83,PNTG.O,페넌트 그룹,5,60,14,24,54,1.0,10.0,47.4,0.0,41.96,69.58
83,ADSE.O,애즈-테크 에너지,5,60,14,24,54,1.0,10.0,47.4,1761.06,37.98,67.91
83,MITK.O,마이텍 시스템즈,5,60,14,24,54,1.0,10.0,47.4,0.0,46.44,62.21
83,FNKO.O,펀코,5,60,14,24,54,1.0,10.0,47.4,0.0,39.39,72.46
83,ACIC.O,아메리칸 코스탈 인슈어런스,5,60,14,24,54,1.0,10.0,47.4,1.11,37.35,67.8
83,DKNG.O,드래프트킹즈 홀딩스,5,60,14,24,54,1.0,10.0,47.4,0.0,48.43,68.72
83,PGNY.O,프로지니,5,60,14,24,54,1.0,10.0,47.4,0.0,37.57,62.87
83,AFJKR.O,Aimei Health Technology Rights Exp 17 November 2028,5,60,14,24,54,1.0,10.0,47.4,0.0,42.5,62.37
83,CRSP.O,크리스퍼 테라퓨틱스,5,60,14,24,54,1.0,10.0,47.4,0.0,47.76,65.06
83,EGAN.O,이게인,5,60,14,24,54,1.0,10.0,47.4,0.0,43.99,67.34
83,NTRA.O,나테라,5,60,14,24,54,1.0,10.0,47.4,0.0,45.85,63.74
83,ROIV.O,로이반트 사이언시스,5,60,14,24,54,1.0,10.0,47.4,0.0,37.83,72.07
83,DUOL.O,듀오링고,5,60,14,24,54,1.0,10.0,47.4,0.0,40.28,69.01
83,RVMD.O,레볼루션 메디신,5,60,14,24,54,1.0,10.0,47.4,0.0,40.4,68.55
83,CYTK.O,사이토키네틱스,5,60,14,24,54,1.0,10.0,47.4,26.19,40.73,69.83
83,CRNX.O,크리네틱스 파머슈티컬스,5,60,14,24,54,1.0,10.0,47.4,0.0,41.76,67.9
83,RYTM.O,리듬 파머수티컬스,5,60,14,24,54,1.0,10.0,47.4,0.0,41.39,74.73
83,CAR.O,에이비스 버짓 그룹,5,60,14,24,54,1.0,10.0,47.4,0.0,43.94,65.85
83,PRCT.O,프로셉트 바이오로보틱스,5,60,14,24,54,1.0,10.0,47.4,0.0,47.69,65.13
83,GLNG.O,골라 LNG,5,60,14,24,54,1.0,10.0,47.4,0.0,35.33,69.73
83,XENE.O,제논 파마슈티컬,5,60,14,24,54,1.0,10.0,47.4,0.0,44.09,68.48
83,FOLD.O,아미쿠스 테라퓨틱스,5,60,14,24,54,1.0,10.0,47.4,0.0,40.79,66.01
83,IRTC.O,아이리듬 테크놀로지스,5,60,14,24,54,1.0,10.0,47.4,0.0,44.51,63.94
83,ATLC.O,아틀란티쿠스 홀딩스,5,60,14,24,54,1.0,10.0,47.4,0.0,45.9,68.82
83,METCB.O,라마코 리소시스 Class B,5,60,14,24,54,1.0,10.0,47.4,0.0,38.79,67.47
83,INOD.O,이노데이터,5,60,14,24,54,1.0,10.0,47.4,60.29,41.33,66.66
83,DUOL.O,듀오링고,5,60,14,34,69,1.0,10.0,42.5,201.79,40.28,69.01
83,FNKO.O,펀코,5,60,14,34,69,1.0,10.0,42.5,0.0,39.39,72.46
83,ESTA.O,에스타블리쉬먼트 랩스 홀딩스,5,60,14,34,69,1.0,10.0,42.5,75.61,37.0,65.36
83,TARS.O,타서스 파마슈티컬스,5,60,14,34,69,1.0,10.0,42.5,0.0,40.22,69.67
83,HROW.O,해로우,5,60,14,34,69,1.0,10.0,42.5,50.43,42.35,66.54
83,ANAB.O,어냅티스바이오,5,60,14,34,69,1.0,10.0,42.5,15.79,43.95,74.11
83,PNTG.O,페넌트 그룹,5,60,14,34,69,1.0,10.0,42.5,0.0,41.96,69.58
83,ADSE.O,애즈-테크 에너지,5,60,14,34,69,1.0,10.0,42.5,236.56,37.98,67.91
83,MITK.O,마이텍 시스템즈,5,60,14,34,69,1.0,10.0,42.5,0.0,46.44,62.21
83,ACIC.O,아메리칸 코스탈 인슈어런스,5,60,14,34,69,1.0,10.0,42.5,-1.99,37.35,67.8
83,ROIV.O,로이반트 사이언시스,5,60,14,34,69,1.0,10.0,42.5,0.0,37.83,72.07
83,ATLC.O,아틀란티쿠스 홀딩스,5,60,14,34,69,1.0,10.0,42.5,13.53,45.9,68.82
83,INOD.O,이노데이터,5,60,14,34,69,1.0,10.0,42.5,38.51,41.33,66.66
83,ONEW.O,원워터 마린,5,60,14,34,69,1.0,10.0,42.5,0.0,42.06,65.99
83,CPSS.O,컨슈머 포트폴리오 서비스,5,60,14,34,69,1.0,10.0,42.5,73.76,42.72,64.14
83,EGAN.O,이게인,5,60,14,34,69,1.0,10.0,42.5,515.06,43.99,67.34
83,METCB.O,라마코 리소시스 Class B,5,60,14,34,69,1.0,10.0,42.5,0.0,38.79,67.47
83,AFJKR.O,Aimei Health Technology Rights Exp 17 November 2028,5,60,14,34,69,1.0,10.0,42.5,0.0,42.5,62.37
83,SGML.O,시그마 리튬,5,60,14,34,69,1.0,10.0,42.5,0.0,44.12,65.71
83,SGH.O,스마트 글로벌 홀딩스,5,60,14,34,69,1.0,10.0,42.5,0.0,49.9,62.71
83,SNDX.O,신닥스 파마슈티컬스,5,60,14,34,69,1.0,10.0,42.5,0.0,40.01,73.29
83,GSHD.O,구스헤드 인슈어런스,5,60,14,34,69,1.0,10.0,42.5,0.0,49.07,60.42
83,RVMD.O,레볼루션 메디신,5,60,14,34,69,1.0,10.0,42.5,0.0,40.4,68.55
83,DKNG.O,드래프트킹즈 홀딩스,5,60,14,34,69,1.0,10.0,42.5,0.0,48.43,68.72
83,LI.O,리 오토 ADR,5,60,14,34,69,1.0,10.0,42.5,0.0,40.05,74.53
83,APP.O,앱플로빈,5,60,14,34,69,1.0,10.0,42.5,327.12,39.96,72.82
83,CYTK.O,사이토키네틱스,5,60,14,34,69,1.0,10.0,42.5,11.21,40.73,69.83
83,CRSP.O,크리스퍼 테라퓨틱스,5,60,14,34,69,1.0,10.0,42.5,0.0,47.76,65.06
83,CRNX.O,크리네틱스 파머슈티컬스,5,60,14,34,69,1.0,10.0,42.5,18.56,41.76,67.9
83,CAR.O,에이비스 버짓 그룹,5,60,14,34,69,1.0,10.0,42.5,0.0,43.94,65.85
83,PRCT.O,프로셉트 바이오로보틱스,5,60,14,34,69,1.0,10.0,42.5,0.0,47.69,65.13
83,GLNG.O,골라 LNG,5,60,14,34,69,1.0,10.0,42.5,25.15,35.33,69.73
83,XENE.O,제논 파마슈티컬,5,60,14,34,69,1.0,10.0,42.5,29.35,44.09,68.48
83,FOLD.O,아미쿠스 테라퓨틱스,5,60,14,34,69,1.0,10.0,42.5,0.0,40.79,66.01
83,IRTC.O,아이리듬 테크놀로지스,5,60,14,34,69,1.0,10.0,42.5,0.0,44.51,63.94
83,RYTM.O,리듬 파머수티컬스,5,60,14,34,69,1.0,10.0,42.5,27.21,41.39,74.73
83,PGNY.O,프로지니,5,60,14,34,69,1.0,10.0,42.5,0.0,37.57,62.87
83,APPN.O,애피안,5,60,14,34,69,1.0,10.0,42.5,0.0,41.01,68.26
83,NTRA.O,나테라,5,60,14,34,69,1.0,10.0,42.5,0.0,45.85,63.74
83,APP.O,앱플로빈,5,60,14,34,79,1.0,10.0,42.04,271.74,39.96,72.82
83,SNDX.O,신닥스 파마슈티컬스,5,60,14,34,79,1.0,10.0,42.04,0.0,40.01,73.29
83,LI.O,리 오토 ADR,5,60,14,34,79,1.0,10.0,42.04,0.0,40.05,74.53
83,MITK.O,마이텍 시스템즈,5,60,14,34,79,1.0,10.0,42.04,0.0,46.44,62.21
83,ESTA.O,에스타블리쉬먼트 랩스 홀딩스,5,60,14,34,79,1.0,10.0,42.04,134.13,37.0,65.36
83,TARS.O,타서스 파마슈티컬스,5,60,14,34,79,1.0,10.0,42.04,0.0,40.22,69.67
83,HROW.O,해로우,5,60,14,34,79,1.0,10.0,42.04,40.58,42.35,66.54
83,ANAB.O,어냅티스바이오,5,60,14,34,79,1.0,10.0,42.04,15.79,43.95,74.11
83,PNTG.O,페넌트 그룹,5,60,14,34,79,1.0,10.0,42.04,0.0,41.96,69.58
83,ADSE.O,애즈-테크 에너지,5,60,14,34,79,1.0,10.0,42.04,215.71,37.98,67.91
83,FNKO.O,펀코,5,60,14,34,79,1.0,10.0,42.04,0.0,39.39,72.46
83,GSHD.O,구스헤드 인슈어런스,5,60,14,34,79,1.0,10.0,42.04,0.0,49.07,60.42
83,ACIC.O,아메리칸 코스탈 인슈어런스,5,60,14,34,79,1.0,10.0,42.04,13.62,37.35,67.8
83,ATLC.O,아틀란티쿠스 홀딩스,5,60,14,34,79,1.0,10.0,42.04,23.32,45.9,68.82
83,INOD.O,이노데이터,5,60,14,34,79,1.0,10.0,42.04,62.26,41.33,66.66
83,ONEW.O,원워터 마린,5,60,14,34,79,1.0,10.0,42.04,0.0,42.06,65.99
83,CPSS.O,컨슈머 포트폴리오 서비스,5,60,14,34,79,1.0,10.0,42.04,123.79,42.72,64.14
83,EGAN.O,이게인,5,60,14,34,79,1.0,10.0,42.04,540.78,43.99,67.34
83,SGML.O,시그마 리튬,5,60,14,34,79,1.0,10.0,42.04,0.0,44.12,65.71
83,APPN.O,애피안,5,60,14,34,79,1.0,10.0,42.04,0.0,41.01,68.26
83,DKNG.O,드래프트킹즈 홀딩스,5,60,14,34,79,1.0,10.0,42.04,0.0,48.43,68.72
83,CRNX.O,크리네틱스 파머슈티컬스,5,60,14,34,79,1.0,10.0,42.04,27.08,41.76,67.9
83,NTRA.O,나테라,5,60,14,34,79,1.0,10.0,42.04,0.0,45.85,63.74
83,ROIV.O,로이반트 사이언시스,5,60,14,34,79,1.0,10.0,42.04,0.0,37.83,72.07
83,DUOL.O,듀오링고,5,60,14,34,79,1.0,10.0,42.04,78.11,40.28,69.01
83,RVMD.O,레볼루션 메디신,5,60,14,34,79,1.0,10.0,42.04,0.0,40.4,68.55
83,CYTK.O,사이토키네틱스,5,60,14,34,79,1.0,10.0,42.04,21.78,40.73,69.83
83,CRSP.O,크리스퍼 테라퓨틱스,5,60,14,34,79,1.0,10.0,42.04,0.0,47.76,65.06
83,CAR.O,에이비스 버짓 그룹,5,60,14,34,79,1.0,10.0,42.04,0.0,43.94,65.85
83,PGNY.O,프로지니,5,60,14,34,79,1.0,10.0,42.04,0.0,37.57,62.87
83,PRCT.O,프로셉트 바이오로보틱스,5,60,14,34,79,1.0,10.0,42.04,0.0,47.69,65.13
83,GLNG.O,골라 LNG,5,60,14,34,79,1.0,10.0,42.04,20.29,35.33,69.73
83,XENE.O,제논 파마슈티컬,5,60,14,34,79,1.0,10.0,42.04,24.21,44.09,68.48
83,FOLD.O,아미쿠스 테라퓨틱스,5,60,14,34,79,1.0,10.0,42.04,0.0,40.79,66.01
83,IRTC.O,아이리듬 테크놀로지스,5,60,14,34,79,1.0,10.0,42.04,0.0,44.51,63.94
83,RYTM.O,리듬 파머수티컬스,5,60,14,34,79,1.0,10.0,42.04,26.5,41.39,74.73
83,SGH.O,스마트 글로벌 홀딩스,5,60,14,34,79,1.0,10.0,42.04,0.0,49.9,62.71
83,METCB.O,라마코 리소시스 Class B,5,60,14,34,79,1.0,10.0,42.04,0.0,38.79,67.47
83,AFJKR.O,Aimei Health Technology Rights Exp 17 November 2028,5,60,14,34,79,1.0,10.0,42.04,0.0,42.5,62.37
83,APP.O,앱플로빈,5,60,14,34,64,1.0,10.0,41.92,319.6,39.96,72.82
83,FNKO.O,펀코,5,60,14,34,64,1.0,10.0,41.92,0.0,39.39,72.46
83,ESTA.O,에스타블리쉬먼트 랩스 홀딩스,5,60,14,34,64,1.0,10.0,41.92,75.61,37.0,65.36
83,TARS.O,타서스 파마슈티컬스,5,60,14,34,64,1.0,10.0,41.92,0.0,40.22,69.67
83,HROW.O,해로우,5,60,14,34,64,1.0,10.0,41.92,38.94,42.35,66.54
83,ANAB.O,어냅티스바이오,5,60,14,34,64,1.0,10.0,41.92,15.79,43.95,74.11
83,PNTG.O,페넌트 그룹,5,60,14,34,64,1.0,10.0,41.92,0.0,41.96,69.58
83,ADSE.O,애즈-테크 에너지,5,60,14,34,64,1.0,10.0,41.92,363.27,37.98,67.91
83,MITK.O,마이텍 시스템즈,5,60,14,34,64,1.0,10.0,41.92,0.0,46.44,62.21
83,ACIC.O,아메리칸 코스탈 인슈어런스,5,60,14,34,64,1.0,10.0,41.92,-5.24,37.35,67.8
83,SGH.O,스마트 글로벌 홀딩스,5,60,14,34,64,1.0,10.0,41.92,0.0,49.9,62.71
83,ATLC.O,아틀란티쿠스 홀딩스,5,60,14,34,64,1.0,10.0,41.92,9.94,45.9,68.82
83,INOD.O,이노데이터,5,60,14,34,64,1.0,10.0,41.92,21.22,41.33,66.66
83,ONEW.O,원워터 마린,5,60,14,34,64,1.0,10.0,41.92,0.0,42.06,65.99
83,CPSS.O,컨슈머 포트폴리오 서비스,5,60,14,34,64,1.0,10.0,41.92,58.97,42.72,64.14
83,EGAN.O,이게인,5,60,14,34,64,1.0,10.0,41.92,454.77,43.99,67.34
83,METCB.O,라마코 리소시스 Class B,5,60,14,34,64,1.0,10.0,41.92,0.0,38.79,67.47
83,AFJKR.O,Aimei Health Technology Rights Exp 17 November 2028,5,60,14,34,64,1.0,10.0,41.92,0.0,42.5,62.37
83,SGML.O,시그마 리튬,5,60,14,34,64,1.0,10.0,41.92,0.0,44.12,65.71
83,SNDX.O,신닥스 파마슈티컬스,5,60,14,34,64,1.0,10.0,41.92,0.0,40.01,73.29
83,LI.O,리 오토 ADR,5,60,14,34,64,1.0,10.0,41.92,0.0,40.05,74.53
83,GSHD.O,구스헤드 인슈어런스,5,60,14,34,64,1.0,10.0,41.92,0.0,49.07,60.42
83,DKNG.O,드래프트킹즈 홀딩스,5,60,14,34,64,1.0,10.0,41.92,0.0,48.43,68.72
83,ROIV.O,로이반트 사이언시스,5,60,14,34,64,1.0,10.0,41.92,0.0,37.83,72.07
83,DUOL.O,듀오링고,5,60,14,34,64,1.0,10.0,41.92,174.72,40.28,69.01
83,RVMD.O,레볼루션 메디신,5,60,14,34,64,1.0,10.0,41.92,0.0,40.4,68.55
83,CYTK.O,사이토키네틱스,5,60,14,34,64,1.0,10.0,41.92,26.19,40.73,69.83
83,CRSP.O,크리스퍼 테라퓨틱스,5,60,14,34,64,1.0,10.0,41.92,0.0,47.76,65.06
83,CRNX.O,크리네틱스 파머슈티컬스,5,60,14,34,64,1.0,10.0,41.92,24.19,41.76,67.9
83,CAR.O,에이비스 버짓 그룹,5,60,14,34,64,1.0,10.0,41.92,0.0,43.94,65.85
83,PRCT.O,프로셉트 바이오로보틱스,5,60,14,34,64,1.0,10.0,41.92,0.0,47.69,65.13
83,GLNG.O,골라 LNG,5,60,14,34,64,1.0,10.0,41.92,25.15,35.33,69.73
83,XENE.O,제논 파마슈티컬,5,60,14,34,64,1.0,10.0,41.92,14.11,44.09,68.48
83,FOLD.O,아미쿠스 테라퓨틱스,5,60,14,34,64,1.0,10.0,41.92,0.0,40.79,66.01
83,IRTC.O,아이리듬 테크놀로지스,5,60,14,34,64,1.0,10.0,41.92,0.0,44.51,63.94
83,RYTM.O,리듬 파머수티컬스,5,60,14,34,64,1.0,10.0,41.92,17.53,41.39,74.73
83,PGNY.O,프로지니,5,60,14,34,64,1.0,10.0,41.92,0.0,37.57,62.87
83,APPN.O,애피안,5,60,14,34,64,1.0,10.0,41.92,0.0,41.01,68.26
83,NTRA.O,나테라,5,60,14,34,64,1.0,10.0,41.92,0.0,45.85,63.74
83,APP.O,앱플로빈,5,60,14,34,74,1.0,10.0,39.93,303.89,39.96,72.82
83,LI.O,리 오토 ADR,5,60,14,34,74,1.0,10.0,39.93,0.0,40.05,74.53
83,ADSE.O,애즈-테크 에너지,5,60,14,34,74,1.0,10.0,39.93,215.71,37.98,67.91
83,FNKO.O,펀코,5,60,14,34,74,1.0,10.0,39.93,0.0,39.39,72.46
83,SGH.O,스마트 글로벌 홀딩스,5,60,14,34,74,1.0,10.0,39.93,0.0,49.9,62.71
83,SGML.O,시그마 리튬,5,60,14,34,74,1.0,10.0,39.93,0.0,44.12,65.71
83,TARS.O,타서스 파마슈티컬스,5,60,14,34,74,1.0,10.0,39.93,0.0,40.22,69.67
83,HROW.O,해로우,5,60,14,34,74,1.0,10.0,39.93,60.06,42.35,66.54
83,ANAB.O,어냅티스바이오,5,60,14,34,74,1.0,10.0,39.93,15.79,43.95,74.11
83,PNTG.O,페넌트 그룹,5,60,14,34,74,1.0,10.0,39.93,0.0,41.96,69.58
83,MITK.O,마이텍 시스템즈,5,60,14,34,74,1.0,10.0,39.93,0.0,46.44,62.21
83,ACIC.O,아메리칸 코스탈 인슈어런스,5,60,14,34,74,1.0,10.0,39.93,8.02,37.35,67.8
83,GSHD.O,구스헤드 인슈어런스,5,60,14,34,74,1.0,10.0,39.93,0.0,49.07,60.42
83,ATLC.O,아틀란티쿠스 홀딩스,5,60,14,34,74,1.0,10.0,39.93,23.32,45.9,68.82
83,INOD.O,이노데이터,5,60,14,34,74,1.0,10.0,39.93,38.51,41.33,66.66
83,ONEW.O,원워터 마린,5,60,14,34,74,1.0,10.0,39.93,0.0,42.06,65.99
83,CPSS.O,컨슈머 포트폴리오 서비스,5,60,14,34,74,1.0,10.0,39.93,78.92,42.72,64.14
83,EGAN.O,이게인,5,60,14,34,74,1.0,10.0,39.93,515.06,43.99,67.34
83,METCB.O,라마코 리소시스 Class B,5,60,14,34,74,1.0,10.0,39.93,0.0,38.79,67.47
83,AFJKR.O,Aimei Health Technology Rights Exp 17 November 2028,5,60,14,34,74,1.0,10.0,39.93,0.0,42.5,62.37
83,SNDX.O,신닥스 파마슈티컬스,5,60,14,34,74,1.0,10.0,39.93,0.0,40.01,73.29
83,ESTA.O,에스타블리쉬먼트 랩스 홀딩스,5,60,14,34,74,1.0,10.0,39.93,100.68,37.0,65.36
83,APPN.O,애피안,5,60,14,34,74,1.0,10.0,39.93,0.0,41.01,68.26
83,CAR.O,에이비스 버짓 그룹,5,60,14,34,74,1.0,10.0,39.93,0.0,43.94,65.85
83,DKNG.O,드래프트킹즈 홀딩스,5,60,14,34,74,1.0,10.0,39.93,0.0,48.43,68.72
83,NTRA.O,나테라,5,60,14,34,74,1.0,10.0,39.93,0.0,45.85,63.74
83,ROIV.O,로이반트 사이언시스,5,60,14,34,74,1.0,10.0,39.93,0.0,37.83,72.07
83,DUOL.O,듀오링고,5,60,14,34,74,1.0,10.0,39.93,78.11,40.28,69.01
83,RVMD.O,레볼루션 메디신,5,60,14,34,74,1.0,10.0,39.93,0.0,40.4,68.55
83,PGNY.O,프로지니,5,60,14,34,74,1.0,10.0,39.93,0.0,37.57,62.87
83,CRSP.O,크리스퍼 테라퓨틱스,5,60,14,34,74,1.0,10.0,39.93,0.0,47.76,65.06
83,CRNX.O,크리네틱스 파머슈티컬스,5,60,14,34,74,1.0,10.0,39.93,24.93,41.76,67.9
83,CYTK.O,사이토키네틱스,5,60,14,34,74,1.0,10.0,39.93,18.01,40.73,69.83
83,PRCT.O,프로셉트 바이오로보틱스,5,60,14,34,74,1.0,10.0,39.93,0.0,47.69,65.13
83,GLNG.O,골라 LNG,5,60,14,34,74,1.0,10.0,39.93,20.29,35.33,69.73
83,XENE.O,제논 파마슈티컬,5,60,14,34,74,1.0,10.0,39.93,29.35,44.09,68.48
83,FOLD.O,아미쿠스 테라퓨틱스,5,60,14,34,74,1.0,10.0,39.93,0.0,40.79,66.01
83,IRTC.O,아이리듬 테크놀로지스,5,60,14,34,74,1.0,10.0,39.93,0.0,44.51,63.94
83,RYTM.O,리듬 파머수티컬스,5,60,14,34,74,1.0,10.0,39.93,26.5,41.39,74.73
83,RYTM.O,리듬 파머수티컬스,5,120,14,49,59,1.0,10.0,38.69,8.32,41.39,74.73
83,CRSP.O,크리스퍼 테라퓨틱스,5,120,14,49,59,1.0,10.0,38.69,-8.04,47.76,65.06
83,IRTC.O,아이리듬 테크놀로지스,5,120,14,49,59,1.0,10.0,38.69,27.02,44.51,63.94
83,FOLD.O,아미쿠스 테라퓨틱스,5,120,14,49,59,1.0,10.0,38.69,33.15,40.79,66.01
83,XENE.O,제논 파마슈티컬,5,120,14,49,59,1.0,10.0,38.69,14.36,44.09,68.48
83,GLNG.O,골라 LNG,5,120,14,49,59,1.0,10.0,38.69,4.48,35.33,69.73
83,PRCT.O,프로셉트 바이오로보틱스,5,120,14,49,59,1.0,10.0,38.69,49.81,47.69,65.13
83,CAR.O,에이비스 버짓 그룹,5,120,14,49,59,1.0,10.0,38.69,16.97,43.94,65.85
83,CRNX.O,크리네틱스 파머슈티컬스,5,120,14,49,59,1.0,10.0,38.69,16.0,41.76,67.9
83,AFJKR.O,Aimei Health Technology Rights Exp 17 November 2028,5,120,14,49,59,1.0,10.0,38.69,0.0,42.5,62.37
83,CYTK.O,사이토키네틱스,5,120,14,49,59,1.0,10.0,38.69,44.67,40.73,69.83
83,RVMD.O,레볼루션 메디신,5,120,14,49,59,1.0,10.0,38.69,15.85,40.4,68.55
83,DUOL.O,듀오링고,5,120,14,49,59,1.0,10.0,38.69,109.01,40.28,69.01
83,ROIV.O,로이반트 사이언시스,5,120,14,49,59,1.0,10.0,38.69,0.0,37.83,72.07
83,NTRA.O,나테라,5,120,14,49,59,1.0,10.0,38.69,39.92,45.85,63.74
83,DKNG.O,드래프트킹즈 홀딩스,5,120,14,49,59,1.0,10.0,38.69,77.23,48.43,68.72
83,LI.O,리 오토 ADR,5,120,14,49,59,1.0,10.0,38.69,297.46,40.05,74.53
83,APP.O,앱플로빈,5,120,14,49,59,1.0,10.0,38.69,237.85,39.96,72.82
83,APPN.O,애피안,5,120,14,49,59,1.0,10.0,38.69,-22.02,41.01,68.26
83,PGNY.O,프로지니,5,120,14,49,59,1.0,10.0,38.69,-21.05,37.57,62.87
83,MITK.O,마이텍 시스템즈,5,120,14,49,59,1.0,10.0,38.69,8.18,46.44,62.21
83,GSHD.O,구스헤드 인슈어런스,5,120,14,49,59,1.0,10.0,38.69,-3.61,49.07,60.42
83,FNKO.O,펀코,5,120,14,49,59,1.0,10.0,38.69,71.64,39.39,72.46
83,SNDX.O,신닥스 파마슈티컬스,5,120,14,49,59,1.0,10.0,38.69,23.66,40.01,73.29
83,EGAN.O,이게인,5,120,14,49,59,1.0,10.0,38.69,-2.12,43.99,67.34
83,CPSS.O,컨슈머 포트폴리오 서비스,5,120,14,49,59,1.0,10.0,38.69,-0.47,42.72,64.14
83,ONEW.O,원워터 마린,5,120,14,49,59,1.0,10.0,38.69,-9.16,42.06,65.99
83,INOD.O,이노데이터,5,120,14,49,59,1.0,10.0,38.69,2.93,41.33,66.66
83,ATLC.O,아틀란티쿠스 홀딩스,5,120,14,49,59,1.0,10.0,38.69,9.23,45.9,68.82
83,ACIC.O,아메리칸 코스탈 인슈어런스,5,120,14,49,59,1.0,10.0,38.69,-12.2,37.35,67.8
83,METCB.O,라마코 리소시스 Class B,5,120,14,49,59,1.0,10.0,38.69,0.0,38.79,67.47
83,SGH.O,스마트 글로벌 홀딩스,5,120,14,49,59,1.0,10.0,38.69,98.94,49.9,62.71
83,PNTG.O,페넌트 그룹,5,120,14,49,59,1.0,10.0,38.69,14.1,41.96,69.58
83,ANAB.O,어냅티스바이오,5,120,14,49,59,1.0,10.0,38.69,17.12,43.95,74.11
83,HROW.O,해로우,5,120,14,49,59,1.0,10.0,38.69,16.02,42.35,66.54
83,TARS.O,타서스 파마슈티컬스,5,120,14,49,59,1.0,10.0,38.69,36.04,40.22,69.67
83,ESTA.O,에스타블리쉬먼트 랩스 홀딩스,5,120,14,49,59,1.0,10.0,38.69,50.17,37.0,65.36
83,SGML.O,시그마 리튬,5,120,14,49,59,1.0,10.0,38.69,0.0,44.12,65.71
83,ADSE.O,애즈-테크 에너지,5,120,14,49,59,1.0,10.0,38.69,247.4,37.98,67.91
83,XENE.O,제논 파마슈티컬,5,120,14,39,69,1.0,10.0,38.61,30.8,44.09,68.48
83,PRCT.O,프로셉트 바이오로보틱스,5,120,14,39,69,1.0,10.0,38.61,249.9,47.69,65.13
83,GLNG.O,골라 LNG,5,120,14,39,69,1.0,10.0,38.61,4.15,35.33,69.73
83,APPN.O,애피안,5,120,14,39,69,1.0,10.0,38.61,0.0,41.01,68.26
83,FOLD.O,아미쿠스 테라퓨틱스,5,120,14,39,69,1.0,10.0,38.61,0.0,40.79,66.01
83,IRTC.O,아이리듬 테크놀로지스,5,120,14,39,69,1.0,10.0,38.61,0.0,44.51,63.94
83,RYTM.O,리듬 파머수티컬스,5,120,14,39,69,1.0,10.0,38.61,25.16,41.39,74.73
83,CRNX.O,크리네틱스 파머슈티컬스,5,120,14,39,69,1.0,10.0,38.61,0.0,41.76,67.9
83,CAR.O,에이비스 버짓 그룹,5,120,14,39,69,1.0,10.0,38.61,21.01,43.94,65.85
83,ROIV.O,로이반트 사이언시스,5,120,14,39,69,1.0,10.0,38.61,0.0,37.83,72.07
83,CRSP.O,크리스퍼 테라퓨틱스,5,120,14,39,69,1.0,10.0,38.61,0.0,47.76,65.06
83,CYTK.O,사이토키네틱스,5,120,14,39,69,1.0,10.0,38.61,12.7,40.73,69.83
83,RVMD.O,레볼루션 메디신,5,120,14,39,69,1.0,10.0,38.61,28.16,40.4,68.55
83,DUOL.O,듀오링고,5,120,14,39,69,1.0,10.0,38.61,92.77,40.28,69.01
83,NTRA.O,나테라,5,120,14,39,69,1.0,10.0,38.61,52.63,45.85,63.74
83,DKNG.O,드래프트킹즈 홀딩스,5,120,14,39,69,1.0,10.0,38.61,46.96,48.43,68.72
83,LI.O,리 오토 ADR,5,120,14,39,69,1.0,10.0,38.61,0.0,40.05,74.53
83,APP.O,앱플로빈,5,120,14,39,69,1.0,10.0,38.61,249.98,39.96,72.82
83,PGNY.O,프로지니,5,120,14,39,69,1.0,10.0,38.61,0.0,37.57,62.87
83,GSHD.O,구스헤드 인슈어런스,5,120,14,39,69,1.0,10.0,38.61,23.96,49.07,60.42
83,INOD.O,이노데이터,5,120,14,39,69,1.0,10.0,38.61,2.6,41.33,66.66
83,MITK.O,마이텍 시스템즈,5,120,14,39,69,1.0,10.0,38.61,3.29,46.44,62.21
83,SNDX.O,신닥스 파마슈티컬스,5,120,14,39,69,1.0,10.0,38.61,124.49,40.01,73.29
83,AFJKR.O,Aimei Health Technology Rights Exp 17 November 2028,5,120,14,39,69,1.0,10.0,38.61,0.0,42.5,62.37
83,METCB.O,라마코 리소시스 Class B,5,120,14,39,69,1.0,10.0,38.61,0.0,38.79,67.47
83,EGAN.O,이게인,5,120,14,39,69,1.0,10.0,38.61,15.53,43.99,67.34
83,CPSS.O,컨슈머 포트폴리오 서비스,5,120,14,39,69,1.0,10.0,38.61,10.71,42.72,64.14
83,ONEW.O,원워터 마린,5,120,14,39,69,1.0,10.0,38.61,0.0,42.06,65.99
83,ATLC.O,아틀란티쿠스 홀딩스,5,120,14,39,69,1.0,10.0,38.61,5.71,45.9,68.82
83,ACIC.O,아메리칸 코스탈 인슈어런스,5,120,14,39,69,1.0,10.0,38.61,-3.67,37.35,67.8
83,FNKO.O,펀코,5,120,14,39,69,1.0,10.0,38.61,230.87,39.39,72.46
83,ADSE.O,애즈-테크 에너지,5,120,14,39,69,1.0,10.0,38.61,174.17,37.98,67.91
83,PNTG.O,페넌트 그룹,5,120,14,39,69,1.0,10.0,38.61,17.84,41.96,69.58
83,ANAB.O,어냅티스바이오,5,120,14,39,69,1.0,10.0,38.61,17.12,43.95,74.11
83,HROW.O,해로우,5,120,14,39,69,1.0,10.0,38.61,14.88,42.35,66.54
83,TARS.O,타서스 파마슈티컬스,5,120,14,39,69,1.0,10.0,38.61,0.0,40.22,69.67
83,ESTA.O,에스타블리쉬먼트 랩스 홀딩스,5,120,14,39,69,1.0,10.0,38.61,53.88,37.0,65.36
83,SGML.O,시그마 리튬,5,120,14,39,69,1.0,10.0,38.61,0.0,44.12,65.71
83,SGH.O,스마트 글로벌 홀딩스,5,120,14,39,69,1.0,10.0,38.61,0.0,49.9,62.71
83,IRTC.O,아이리듬 테크놀로지스,5,60,14,39,69,1.0,10.0,36.76,17.26,44.51,63.94
83,PRCT.O,프로셉트 바이오로보틱스,5,60,14,39,69,1.0,10.0,36.76,243.5,47.69,65.13
83,XENE.O,제논 파마슈티컬,5,60,14,39,69,1.0,10.0,36.76,26.14,44.09,68.48
83,FOLD.O,아미쿠스 테라퓨틱스,5,60,14,39,69,1.0,10.0,36.76,0.0,40.79,66.01
83,GLNG.O,골라 LNG,5,60,14,39,69,1.0,10.0,36.76,6.08,35.33,69.73
83,RYTM.O,리듬 파머수티컬스,5,60,14,39,69,1.0,10.0,36.76,18.67,41.39,74.73
83,PGNY.O,프로지니,5,60,14,39,69,1.0,10.0,36.76,0.0,37.57,62.87
83,APPN.O,애피안,5,60,14,39,69,1.0,10.0,36.76,-12.12,41.01,68.26
83,CRNX.O,크리네틱스 파머슈티컬스,5,60,14,39,69,1.0,10.0,36.76,18.56,41.76,67.9
83,CAR.O,에이비스 버짓 그룹,5,60,14,39,69,1.0,10.0,36.76,26.73,43.94,65.85
83,APP.O,앱플로빈,5,60,14,39,69,1.0,10.0,36.76,39.05,39.96,72.82
83,CRSP.O,크리스퍼 테라퓨틱스,5,60,14,39,69,1.0,10.0,36.76,9.86,47.76,65.06
83,CYTK.O,사이토키네틱스,5,60,14,39,69,1.0,10.0,36.76,11.21,40.73,69.83
83,RVMD.O,레볼루션 메디신,5,60,14,39,69,1.0,10.0,36.76,29.94,40.4,68.55
83,DUOL.O,듀오링고,5,60,14,39,69,1.0,10.0,36.76,83.16,40.28,69.01
83,ROIV.O,로이반트 사이언시스,5,60,14,39,69,1.0,10.0,36.76,0.0,37.83,72.07
83,NTRA.O,나테라,5,60,14,39,69,1.0,10.0,36.76,55.05,45.85,63.74
83,DKNG.O,드래프트킹즈 홀딩스,5,60,14,39,69,1.0,10.0,36.76,63.77,48.43,68.72
83,LI.O,리 오토 ADR,5,60,14,39,69,1.0,10.0,36.76,0.0,40.05,74.53
83,SNDX.O,신닥스 파마슈티컬스,5,60,14,39,69,1.0,10.0,36.76,140.74,40.01,73.29
83,GSHD.O,구스헤드 인슈어런스,5,60,14,39,69,1.0,10.0,36.76,6.17,49.07,60.42
83,SGML.O,시그마 리튬,5,60,14,39,69,1.0,10.0,36.76,-48.46,44.12,65.71
83,SGH.O,스마트 글로벌 홀딩스,5,60,14,39,69,1.0,10.0,36.76,0.0,49.9,62.71
83,FNKO.O,펀코,5,60,14,39,69,1.0,10.0,36.76,186.34,39.39,72.46
83,AFJKR.O,Aimei Health Technology Rights Exp 17 November 2028,5,60,14,39,69,1.0,10.0,36.76,0.0,42.5,62.37
83,METCB.O,라마코 리소시스 Class B,5,60,14,39,69,1.0,10.0,36.76,0.0,38.79,67.47
83,EGAN.O,이게인,5,60,14,39,69,1.0,10.0,36.76,23.12,43.99,67.34
83,CPSS.O,컨슈머 포트폴리오 서비스,5,60,14,39,69,1.0,10.0,36.76,11.56,42.72,64.14
83,INOD.O,이노데이터,5,60,14,39,69,1.0,10.0,36.76,3.02,41.33,66.66
83,ATLC.O,아틀란티쿠스 홀딩스,5,60,14,39,69,1.0,10.0,36.76,7.1,45.9,68.82
83,ACIC.O,아메리칸 코스탈 인슈어런스,5,60,14,39,69,1.0,10.0,36.76,-11.0,37.35,67.8
83,ONEW.O,원워터 마린,5,60,14,39,69,1.0,10.0,36.76,0.0,42.06,65.99
83,MITK.O,마이텍 시스템즈,5,60,14,39,69,1.0,10.0,36.76,46.81,46.44,62.21
83,ADSE.O,애즈-테크 에너지,5,60,14,39,69,1.0,10.0,36.76,236.56,37.98,67.91
83,PNTG.O,페넌트 그룹,5,60,14,39,69,1.0,10.0,36.76,16.05,41.96,69.58
83,ANAB.O,어냅티스바이오,5,60,14,39,69,1.0,10.0,36.76,15.79,43.95,74.11
83,HROW.O,해로우,5,60,14,39,69,1.0,10.0,36.76,14.72,42.35,66.54
83,TARS.O,타서스 파마슈티컬스,5,60,14,39,69,1.0,10.0,36.76,72.82,40.22,69.67
83,ESTA.O,에스타블리쉬먼트 랩스 홀딩스,5,60,14,39,69,1.0,10.0,36.76,75.61,37.0,65.36
83,PRCT.O,프로셉트 바이오로보틱스,5,120,14,29,54,1.0,10.0,36.71,0.0,47.69,65.13
83,GSHD.O,구스헤드 인슈어런스,5,120,14,29,54,1.0,10.0,36.71,0.0,49.07,60.42
83,APPN.O,애피안,5,120,14,29,54,1.0,10.0,36.71,0.0,41.01,68.26
83,PGNY.O,프로지니,5,120,14,29,54,1.0,10.0,36.71,0.0,37.57,62.87
83,RYTM.O,리듬 파머수티컬스,5,120,14,29,54,1.0,10.0,36.71,0.0,41.39,74.73
83,IRTC.O,아이리듬 테크놀로지스,5,120,14,29,54,1.0,10.0,36.71,0.0,44.51,63.94
83,FOLD.O,아미쿠스 테라퓨틱스,5,120,14,29,54,1.0,10.0,36.71,0.0,40.79,66.01
83,XENE.O,제논 파마슈티컬,5,120,14,29,54,1.0,10.0,36.71,0.0,44.09,68.48
83,GLNG.O,골라 LNG,5,120,14,29,54,1.0,10.0,36.71,0.0,35.33,69.73
83,ROIV.O,로이반트 사이언시스,5,120,14,29,54,1.0,10.0,36.71,0.0,37.83,72.07
83,CAR.O,에이비스 버짓 그룹,5,120,14,29,54,1.0,10.0,36.71,0.0,43.94,65.85
83,CRNX.O,크리네틱스 파머슈티컬스,5,120,14,29,54,1.0,10.0,36.71,0.0,41.76,67.9
83,CRSP.O,크리스퍼 테라퓨틱스,5,120,14,29,54,1.0,10.0,36.71,0.0,47.76,65.06
83,CYTK.O,사이토키네틱스,5,120,14,29,54,1.0,10.0,36.71,34.86,40.73,69.83
83,RVMD.O,레볼루션 메디신,5,120,14,29,54,1.0,10.0,36.71,0.0,40.4,68.55
83,DUOL.O,듀오링고,5,120,14,29,54,1.0,10.0,36.71,0.0,40.28,69.01
83,NTRA.O,나테라,5,120,14,29,54,1.0,10.0,36.71,0.0,45.85,63.74
83,SGH.O,스마트 글로벌 홀딩스,5,120,14,29,54,1.0,10.0,36.71,0.0,49.9,62.71
83,SNDX.O,신닥스 파마슈티컬스,5,120,14,29,54,1.0,10.0,36.71,0.0,40.01,73.29
83,DKNG.O,드래프트킹즈 홀딩스,5,120,14,29,54,1.0,10.0,36.71,0.0,48.43,68.72
83,SGML.O,시그마 리튬,5,120,14,29,54,1.0,10.0,36.71,0.0,44.12,65.71
83,ATLC.O,아틀란티쿠스 홀딩스,5,120,14,29,54,1.0,10.0,36.71,0.0,45.9,68.82
83,AFJKR.O,Aimei Health Technology Rights Exp 17 November 2028,5,120,14,29,54,1.0,10.0,36.71,0.0,42.5,62.37
83,APP.O,앱플로빈,5,120,14,29,54,1.0,10.0,36.71,471.47,39.96,72.82
83,METCB.O,라마코 리소시스 Class B,5,120,14,29,54,1.0,10.0,36.71,0.0,38.79,67.47
83,EGAN.O,이게인,5,120,14,29,54,1.0,10.0,36.71,0.0,43.99,67.34
83,CPSS.O,컨슈머 포트폴리오 서비스,5,120,14,29,54,1.0,10.0,36.71,0.0,42.72,64.14
83,ONEW.O,원워터 마린,5,120,14,29,54,1.0,10.0,36.71,0.0,42.06,65.99
83,INOD.O,이노데이터,5,120,14,29,54,1.0,10.0,36.71,143.08,41.33,66.66
83,ACIC.O,아메리칸 코스탈 인슈어런스,5,120,14,29,54,1.0,10.0,36.71,-18.57,37.35,67.8
83,ESTA.O,에스타블리쉬먼트 랩스 홀딩스,5,120,14,29,54,1.0,10.0,36.71,0.0,37.0,65.36
83,FNKO.O,펀코,5,120,14,29,54,1.0,10.0,36.71,0.0,39.39,72.46
83,MITK.O,마이텍 시스템즈,5,120,14,29,54,1.0,10.0,36.71,0.0,46.44,62.21
83,ADSE.O,애즈-테크 에너지,5,120,14,29,54,1.0,10.0,36.71,800.92,37.98,67.91
83,PNTG.O,페넌트 그룹,5,120,14,29,54,1.0,10.0,36.71,0.0,41.96,69.58
83,ANAB.O,어냅티스바이오,5,120,14,29,54,1.0,10.0,36.71,0.0,43.95,74.11
83,HROW.O,해로우,5,120,14,29,54,1.0,10.0,36.71,0.0,42.35,66.54
83,TARS.O,타서스 파마슈티컬스,5,120,14,29,54,1.0,10.0,36.71,0.0,40.22,69.67
83,LI.O,리 오토 ADR,5,120,14,29,54,1.0,10.0,36.71,0.0,40.05,74.53
83,LI.O,리 오토 ADR,5,120,14,39,64,1.0,10.0,36.32,0.0,40.05,74.53
83,APPN.O,애피안,5,120,14,39,64,1.0,10.0,36.32,0.0,41.01,68.26
83,ADSE.O,애즈-테크 에너지,5,120,14,39,64,1.0,10.0,36.32,247.4,37.98,67.91
83,SGH.O,스마트 글로벌 홀딩스,5,120,14,39,64,1.0,10.0,36.32,0.0,49.9,62.71
83,SGML.O,시그마 리튬,5,120,14,39,64,1.0,10.0,36.32,0.0,44.12,65.71
83,ESTA.O,에스타블리쉬먼트 랩스 홀딩스,5,120,14,39,64,1.0,10.0,36.32,53.88,37.0,65.36
83,TARS.O,타서스 파마슈티컬스,5,120,14,39,64,1.0,10.0,36.32,0.0,40.22,69.67
83,HROW.O,해로우,5,120,14,39,64,1.0,10.0,36.32,6.72,42.35,66.54
83,ANAB.O,어냅티스바이오,5,120,14,39,64,1.0,10.0,36.32,17.12,43.95,74.11
83,PNTG.O,페넌트 그룹,5,120,14,39,64,1.0,10.0,36.32,17.84,41.96,69.58
83,MITK.O,마이텍 시스템즈,5,120,14,39,64,1.0,10.0,36.32,3.29,46.44,62.21
83,GSHD.O,구스헤드 인슈어런스,5,120,14,39,64,1.0,10.0,36.32,23.96,49.07,60.42
83,FNKO.O,펀코,5,120,14,39,64,1.0,10.0,36.32,210.03,39.39,72.46
83,ACIC.O,아메리칸 코스탈 인슈어런스,5,120,14,39,64,1.0,10.0,36.32,-7.01,37.35,67.8
83,ATLC.O,아틀란티쿠스 홀딩스,5,120,14,39,64,1.0,10.0,36.32,3.12,45.9,68.82
83,INOD.O,이노데이터,5,120,14,39,64,1.0,10.0,36.32,-3.16,41.33,66.66
83,ONEW.O,원워터 마린,5,120,14,39,64,1.0,10.0,36.32,0.0,42.06,65.99
83,CPSS.O,컨슈머 포트폴리오 서비스,5,120,14,39,64,1.0,10.0,36.32,6.42,42.72,64.14
83,EGAN.O,이게인,5,120,14,39,64,1.0,10.0,36.32,4.43,43.99,67.34
83,SNDX.O,신닥스 파마슈티컬스,5,120,14,39,64,1.0,10.0,36.32,124.49,40.01,73.29
83,METCB.O,라마코 리소시스 Class B,5,120,14,39,64,1.0,10.0,36.32,0.0,38.79,67.47
83,AFJKR.O,Aimei Health Technology Rights Exp 17 November 2028,5,120,14,39,64,1.0,10.0,36.32,0.0,42.5,62.37
83,CRNX.O,크리네틱스 파머슈티컬스,5,120,14,39,64,1.0,10.0,36.32,0.0,41.76,67.9
83,DKNG.O,드래프트킹즈 홀딩스,5,120,14,39,64,1.0,10.0,36.32,75.22,48.43,68.72
83,NTRA.O,나테라,5,120,14,39,64,1.0,10.0,36.32,42.34,45.85,63.74
83,ROIV.O,로이반트 사이언시스,5,120,14,39,64,1.0,10.0,36.32,0.0,37.83,72.07
83,DUOL.O,듀오링고,5,120,14,39,64,1.0,10.0,36.32,67.81,40.28,69.01
83,RVMD.O,레볼루션 메디신,5,120,14,39,64,1.0,10.0,36.32,28.16,40.4,68.55
83,CYTK.O,사이토키네틱스,5,120,14,39,64,1.0,10.0,36.32,34.86,40.73,69.83
83,CRSP.O,크리스퍼 테라퓨틱스,5,120,14,39,64,1.0,10.0,36.32,0.0,47.76,65.06
83,CAR.O,에이비스 버짓 그룹,5,120,14,39,64,1.0,10.0,36.32,15.94,43.94,65.85
83,APP.O,앱플로빈,5,120,14,39,64,1.0,10.0,36.32,237.85,39.96,72.82
83,PRCT.O,프로셉트 바이오로보틱스,5,120,14,39,64,1.0,10.0,36.32,172.37,47.69,65.13
83,GLNG.O,골라 LNG,5,120,14,39,64,1.0,10.0,36.32,4.15,35.33,69.73
83,XENE.O,제논 파마슈티컬,5,120,14,39,64,1.0,10.0,36.32,14.36,44.09,68.48
83,FOLD.O,아미쿠스 테라퓨틱스,5,120,14,39,64,1.0,10.0,36.32,0.0,40.79,66.01
83,IRTC.O,아이리듬 테크놀로지스,5,120,14,39,64,1.0,10.0,36.32,0.0,44.51,63.94
83,RYTM.O,리듬 파머수티컬스,5,120,14,39,64,1.0,10.0,36.32,14.84,41.39,74.73
83,PGNY.O,프로지니,5,120,14,39,64,1.0,10.0,36.32,0.0,37.57,62.87
83,AFJKR.O,Aimei Health Technology Rights Exp 17 November 2028,5,120,14,44,69,1.0,10.0,36.11,0.0,42.5,62.37
83,SNDX.O,신닥스 파마슈티컬스,5,120,14,44,69,1.0,10.0,36.11,8.78,40.01,73.29
83,METCB.O,라마코 리소시스 Class B,5,120,14,44,69,1.0,10.0,36.11,0.0,38.79,67.47
83,ADSE.O,애즈-테크 에너지,5,120,14,44,69,1.0,10.0,36.11,174.17,37.98,67.91
83,SGH.O,스마트 글로벌 홀딩스,5,120,14,44,69,1.0,10.0,36.11,44.68,49.9,62.71
83,SGML.O,시그마 리튬,5,120,14,44,69,1.0,10.0,36.11,0.0,44.12,65.71
83,ESTA.O,에스타블리쉬먼트 랩스 홀딩스,5,120,14,44,69,1.0,10.0,36.11,50.17,37.0,65.36
83,TARS.O,타서스 파마슈티컬스,5,120,14,44,69,1.0,10.0,36.11,66.07,40.22,69.67
83,HROW.O,해로우,5,120,14,44,69,1.0,10.0,36.11,14.88,42.35,66.54
83,ANAB.O,어냅티스바이오,5,120,14,44,69,1.0,10.0,36.11,17.12,43.95,74.11
83,PNTG.O,페넌트 그룹,5,120,14,44,69,1.0,10.0,36.11,17.84,41.96,69.58
83,MITK.O,마이텍 시스템즈,5,120,14,44,69,1.0,10.0,36.11,43.93,46.44,62.21
83,APP.O,앱플로빈,5,120,14,44,69,1.0,10.0,36.11,249.98,39.96,72.82
83,FNKO.O,펀코,5,120,14,44,69,1.0,10.0,36.11,88.52,39.39,72.46
83,ACIC.O,아메리칸 코스탈 인슈어런스,5,120,14,44,69,1.0,10.0,36.11,-11.84,37.35,67.8
83,ATLC.O,아틀란티쿠스 홀딩스,5,120,14,44,69,1.0,10.0,36.11,5.97,45.9,68.82
83,INOD.O,이노데이터,5,120,14,44,69,1.0,10.0,36.11,20.05,41.33,66.66
83,ONEW.O,원워터 마린,5,120,14,44,69,1.0,10.0,36.11,0.0,42.06,65.99
83,CPSS.O,컨슈머 포트폴리오 서비스,5,120,14,44,69,1.0,10.0,36.11,19.59,42.72,64.14
83,EGAN.O,이게인,5,120,14,44,69,1.0,10.0,36.11,5.05,43.99,67.34
83,GSHD.O,구스헤드 인슈어런스,5,120,14,44,69,1.0,10.0,36.11,-3.61,49.07,60.42
83,APPN.O,애피안,5,120,14,44,69,1.0,10.0,36.11,-22.02,41.01,68.26
83,PGNY.O,프로지니,5,120,14,44,69,1.0,10.0,36.11,-16.37,37.57,62.87
83,RYTM.O,리듬 파머수티컬스,5,120,14,44,69,1.0,10.0,36.11,15.59,41.39,74.73
83,LI.O,리 오토 ADR,5,120,14,44,69,1.0,10.0,36.11,0.0,40.05,74.53
83,DKNG.O,드래프트킹즈 홀딩스,5,120,14,44,69,1.0,10.0,36.11,46.96,48.43,68.72
83,NTRA.O,나테라,5,120,14,44,69,1.0,10.0,36.11,51.64,45.85,63.74
83,ROIV.O,로이반트 사이언시스,5,120,14,44,69,1.0,10.0,36.11,0.0,37.83,72.07
83,DUOL.O,듀오링고,5,120,14,44,69,1.0,10.0,36.11,92.77,40.28,69.01
83,RVMD.O,레볼루션 메디신,5,120,14,44,69,1.0,10.0,36.11,28.16,40.4,68.55
83,CYTK.O,사이토키네틱스,5,120,14,44,69,1.0,10.0,36.11,24.13,40.73,69.83
83,CRSP.O,크리스퍼 테라퓨틱스,5,120,14,44,69,1.0,10.0,36.11,-8.04,47.76,65.06
83,CRNX.O,크리네틱스 파머슈티컬스,5,120,14,44,69,1.0,10.0,36.11,15.92,41.76,67.9
83,CAR.O,에이비스 버짓 그룹,5,120,14,44,69,1.0,10.0,36.11,29.61,43.94,65.85
83,PRCT.O,프로셉트 바이오로보틱스,5,120,14,44,69,1.0,10.0,36.11,249.9,47.69,65.13
83,GLNG.O,골라 LNG,5,120,14,44,69,1.0,10.0,36.11,4.15,35.33,69.73
83,XENE.O,제논 파마슈티컬,5,120,14,44,69,1.0,10.0,36.11,30.8,44.09,68.48
83,FOLD.O,아미쿠스 테라퓨틱스,5,120,14,44,69,1.0,10.0,36.11,37.23,40.79,66.01
83,IRTC.O,아이리듬 테크놀로지스,5,120,14,44,69,1.0,10.0,36.11,16.43,44.51,63.94
83,NTRA.O,나테라,5,60,14,39,64,1.0,10.0,36.0,45.21,45.85,63.74
83,DKNG.O,드래프트킹즈 홀딩스,5,60,14,39,64,1.0,10.0,36.0,99.23,48.43,68.72
83,ANAB.O,어냅티스바이오,5,60,14,39,64,1.0,10.0,36.0,15.79,43.95,74.11
83,FOLD.O,아미쿠스 테라퓨틱스,5,60,14,39,64,1.0,10.0,36.0,0.0,40.79,66.01
83,SNDX.O,신닥스 파마슈티컬스,5,60,14,39,64,1.0,10.0,36.0,140.74,40.01,73.29
83,GSHD.O,구스헤드 인슈어런스,5,60,14,39,64,1.0,10.0,36.0,6.17,49.07,60.42
83,APPN.O,애피안,5,60,14,39,64,1.0,10.0,36.0,-12.12,41.01,68.26
83,PGNY.O,프로지니,5,60,14,39,64,1.0,10.0,36.0,0.0,37.57,62.87
83,RYTM.O,리듬 파머수티컬스,5,60,14,39,64,1.0,10.0,36.0,9.05,41.39,74.73
83,IRTC.O,아이리듬 테크놀로지스,5,60,14,39,64,1.0,10.0,36.0,17.26,44.51,63.94
83,XENE.O,제논 파마슈티컬,5,60,14,39,64,1.0,10.0,36.0,11.61,44.09,68.48
83,ROIV.O,로이반트 사이언시스,5,60,14,39,64,1.0,10.0,36.0,0.0,37.83,72.07
83,GLNG.O,골라 LNG,5,60,14,39,64,1.0,10.0,36.0,6.08,35.33,69.73
83,PRCT.O,프로셉트 바이오로보틱스,5,60,14,39,64,1.0,10.0,36.0,166.9,47.69,65.13
83,CAR.O,에이비스 버짓 그룹,5,60,14,39,64,1.0,10.0,36.0,21.46,43.94,65.85
83,CRNX.O,크리네틱스 파머슈티컬스,5,60,14,39,64,1.0,10.0,36.0,24.19,41.76,67.9
83,CRSP.O,크리스퍼 테라퓨틱스,5,60,14,39,64,1.0,10.0,36.0,9.86,47.76,65.06
83,RVMD.O,레볼루션 메디신,5,60,14,39,64,1.0,10.0,36.0,29.94,40.4,68.55
83,SGH.O,스마트 글로벌 홀딩스,5,60,14,39,64,1.0,10.0,36.0,0.0,49.9,62.71
83,SGML.O,시그마 리튬,5,60,14,39,64,1.0,10.0,36.0,-48.46,44.12,65.71
83,ESTA.O,에스타블리쉬먼트 랩스 홀딩스,5,60,14,39,64,1.0,10.0,36.0,75.61,37.0,65.36
83,TARS.O,타서스 파마슈티컬스,5,60,14,39,64,1.0,10.0,36.0,72.82,40.22,69.67
83,HROW.O,해로우,5,60,14,39,64,1.0,10.0,36.0,7.1,42.35,66.54
83,PNTG.O,페넌트 그룹,5,60,14,39,64,1.0,10.0,36.0,16.05,41.96,69.58
83,ADSE.O,애즈-테크 에너지,5,60,14,39,64,1.0,10.0,36.0,363.27,37.98,67.91
83,MITK.O,마이텍 시스템즈,5,60,14,39,64,1.0,10.0,36.0,35.8,46.44,62.21
83,FNKO.O,펀코,5,60,14,39,64,1.0,10.0,36.0,168.8,39.39,72.46
83,ACIC.O,아메리칸 코스탈 인슈어런스,5,60,14,39,64,1.0,10.0,36.0,-13.81,37.35,67.8
83,ATLC.O,아틀란티쿠스 홀딩스,5,60,14,39,64,1.0,10.0,36.0,4.63,45.9,68.82
83,INOD.O,이노데이터,5,60,14,39,64,1.0,10.0,36.0,-2.66,41.33,66.66
83,ONEW.O,원워터 마린,5,60,14,39,64,1.0,10.0,36.0,0.0,42.06,65.99
83,CPSS.O,컨슈머 포트폴리오 서비스,5,60,14,39,64,1.0,10.0,36.0,7.42,42.72,64.14
83,EGAN.O,이게인,5,60,14,39,64,1.0,10.0,36.0,11.81,43.99,67.34
83,METCB.O,라마코 리소시스 Class B,5,60,14,39,64,1.0,10.0,36.0,0.0,38.79,67.47
83,AFJKR.O,Aimei Health Technology Rights Exp 17 November 2028,5,60,14,39,64,1.0,10.0,36.0,0.0,42.5,62.37
83,DUOL.O,듀오링고,5,60,14,39,64,1.0,10.0,36.0,59.0,40.28,69.01
83,CYTK.O,사이토키네틱스,5,60,14,39,64,1.0,10.0,36.0,26.19,40.73,69.83
83,APP.O,앱플로빈,5,60,14,39,64,1.0,10.0,36.0,28.97,39.96,72.82
83,LI.O,리 오토 ADR,5,60,14,39,64,1.0,10.0,36.0,0.0,40.05,74.53
83,FNKO.O,펀코,5,120,14,44,64,1.0,10.0,35.72,71.64,39.39,72.46
83,ATLC.O,아틀란티쿠스 홀딩스,5,120,14,44,64,1.0,10.0,35.72,3.84,45.9,68.82
83,CRNX.O,크리네틱스 파머슈티컬스,5,120,14,44,64,1.0,10.0,35.72,40.47,41.76,67.9
83,INOD.O,이노데이터,5,120,14,44,64,1.0,10.0,35.72,10.54,41.33,66.66
83,ONEW.O,원워터 마린,5,120,14,44,64,1.0,10.0,35.72,0.0,42.06,65.99
83,CPSS.O,컨슈머 포트폴리오 서비스,5,120,14,44,64,1.0,10.0,35.72,8.39,42.72,64.14
83,EGAN.O,이게인,5,120,14,44,64,1.0,10.0,35.72,-3.12,43.99,67.34
83,METCB.O,라마코 리소시스 Class B,5,120,14,44,64,1.0,10.0,35.72,0.0,38.79,67.47
83,PRCT.O,프로셉트 바이오로보틱스,5,120,14,44,64,1.0,10.0,35.72,172.37,47.69,65.13
83,AFJKR.O,Aimei Health Technology Rights Exp 17 November 2028,5,120,14,44,64,1.0,10.0,35.72,0.0,42.5,62.37
83,APP.O,앱플로빈,5,120,14,44,64,1.0,10.0,35.72,237.85,39.96,72.82
83,LI.O,리 오토 ADR,5,120,14,44,64,1.0,10.0,35.72,0.0,40.05,74.53
83,DKNG.O,드래프트킹즈 홀딩스,5,120,14,44,64,1.0,10.0,35.72,75.22,48.43,68.72
83,NTRA.O,나테라,5,120,14,44,64,1.0,10.0,35.72,41.67,45.85,63.74
83,ROIV.O,로이반트 사이언시스,5,120,14,44,64,1.0,10.0,35.72,0.0,37.83,72.07
83,DUOL.O,듀오링고,5,120,14,44,64,1.0,10.0,35.72,67.81,40.28,69.01
83,RVMD.O,레볼루션 메디신,5,120,14,44,64,1.0,10.0,35.72,28.16,40.4,68.55
83,CAR.O,에이비스 버짓 그룹,5,120,14,44,64,1.0,10.0,35.72,23.94,43.94,65.85
83,ACIC.O,아메리칸 코스탈 인슈어런스,5,120,14,44,64,1.0,10.0,35.72,-14.72,37.35,67.8
83,MITK.O,마이텍 시스템즈,5,120,14,44,64,1.0,10.0,35.72,27.25,46.44,62.21
83,GSHD.O,구스헤드 인슈어런스,5,120,14,44,64,1.0,10.0,35.72,-3.61,49.07,60.42
83,GLNG.O,골라 LNG,5,120,14,44,64,1.0,10.0,35.72,4.15,35.33,69.73
83,XENE.O,제논 파마슈티컬,5,120,14,44,64,1.0,10.0,35.72,14.36,44.09,68.48
83,FOLD.O,아미쿠스 테라퓨틱스,5,120,14,44,64,1.0,10.0,35.72,31.56,40.79,66.01
83,CRSP.O,크리스퍼 테라퓨틱스,5,120,14,44,64,1.0,10.0,35.72,-8.04,47.76,65.06
83,IRTC.O,아이리듬 테크놀로지스,5,120,14,44,64,1.0,10.0,35.72,16.43,44.51,63.94
83,RYTM.O,리듬 파머수티컬스,5,120,14,44,64,1.0,10.0,35.72,5.21,41.39,74.73
83,PGNY.O,프로지니,5,120,14,44,64,1.0,10.0,35.72,-16.37,37.57,62.87
83,ADSE.O,애즈-테크 에너지,5,120,14,44,64,1.0,10.0,35.72,247.4,37.98,67.91
83,APPN.O,애피안,5,120,14,44,64,1.0,10.0,35.72,-22.02,41.01,68.26
83,SNDX.O,신닥스 파마슈티컬스,5,120,14,44,64,1.0,10.0,35.72,8.78,40.01,73.29
83,SGH.O,스마트 글로벌 홀딩스,5,120,14,44,64,1.0,10.0,35.72,44.68,49.9,62.71
83,SGML.O,시그마 리튬,5,120,14,44,64,1.0,10.0,35.72,0.0,44.12,65.71
83,ESTA.O,에스타블리쉬먼트 랩스 홀딩스,5,120,14,44,64,1.0,10.0,35.72,50.17,37.0,65.36
83,TARS.O,타서스 파마슈티컬스,5,120,14,44,64,1.0,10.0,35.72,66.07,40.22,69.67
83,HROW.O,해로우,5,120,14,44,64,1.0,10.0,35.72,6.72,42.35,66.54
83,ANAB.O,어냅티스바이오,5,120,14,44,64,1.0,10.0,35.72,17.12,43.95,74.11
83,PNTG.O,페넌트 그룹,5,120,14,44,64,1.0,10.0,35.72,17.84,41.96,69.58
83,CYTK.O,사이토키네틱스,5,120,14,44,64,1.0,10.0,35.72,121.41,40.73,69.83
83,APP.O,앱플로빈,5,60,14,44,59,1.0,10.0,35.71,28.97,39.96,72.82
83,LI.O,리 오토 ADR,5,60,14,44,59,1.0,10.0,35.71,0.0,40.05,74.53
83,DUOL.O,듀오링고,5,60,14,44,59,1.0,10.0,35.71,85.4,40.28,69.01
83,DKNG.O,드래프트킹즈 홀딩스,5,60,14,44,59,1.0,10.0,35.71,106.25,48.43,68.72
83,NTRA.O,나테라,5,60,14,44,59,1.0,10.0,35.71,41.57,45.85,63.74
83,ROIV.O,로이반트 사이언시스,5,60,14,44,59,1.0,10.0,35.71,0.0,37.83,72.07
83,ACIC.O,아메리칸 코스탈 인슈어런스,5,60,14,44,59,1.0,10.0,35.71,-23.92,37.35,67.8
83,HROW.O,해로우,5,60,14,44,59,1.0,10.0,35.71,29.81,42.35,66.54
83,ANAB.O,어냅티스바이오,5,60,14,44,59,1.0,10.0,35.71,15.79,43.95,74.11
83,PNTG.O,페넌트 그룹,5,60,14,44,59,1.0,10.0,35.71,12.5,41.96,69.58
83,ADSE.O,애즈-테크 에너지,5,60,14,44,59,1.0,10.0,35.71,363.27,37.98,67.91
83,MITK.O,마이텍 시스템즈,5,60,14,44,59,1.0,10.0,35.71,14.73,46.44,62.21
83,FNKO.O,펀코,5,60,14,44,59,1.0,10.0,35.71,69.1,39.39,72.46
83,ATLC.O,아틀란티쿠스 홀딩스,5,60,14,44,59,1.0,10.0,35.71,7.38,45.9,68.82
83,RVMD.O,레볼루션 메디신,5,60,14,44,59,1.0,10.0,35.71,24.84,40.4,68.55
83,INOD.O,이노데이터,5,60,14,44,59,1.0,10.0,35.71,11.4,41.33,66.66
83,ONEW.O,원워터 마린,5,60,14,44,59,1.0,10.0,35.71,-2.89,42.06,65.99
83,CPSS.O,컨슈머 포트폴리오 서비스,5,60,14,44,59,1.0,10.0,35.71,3.66,42.72,64.14
83,EGAN.O,이게인,5,60,14,44,59,1.0,10.0,35.71,-6.27,43.99,67.34
83,METCB.O,라마코 리소시스 Class B,5,60,14,44,59,1.0,10.0,35.71,0.0,38.79,67.47
83,AFJKR.O,Aimei Health Technology Rights Exp 17 November 2028,5,60,14,44,59,1.0,10.0,35.71,0.0,42.5,62.37
83,TARS.O,타서스 파마슈티컬스,5,60,14,44,59,1.0,10.0,35.71,25.44,40.22,69.67
83,ESTA.O,에스타블리쉬먼트 랩스 홀딩스,5,60,14,44,59,1.0,10.0,35.71,75.61,37.0,65.36
83,SGML.O,시그마 리튬,5,60,14,44,59,1.0,10.0,35.71,-48.46,44.12,65.71
83,SGH.O,스마트 글로벌 홀딩스,5,60,14,44,59,1.0,10.0,35.71,144.36,49.9,62.71
83,CYTK.O,사이토키네틱스,5,60,14,44,59,1.0,10.0,35.71,75.74,40.73,69.83
83,CRSP.O,크리스퍼 테라퓨틱스,5,60,14,44,59,1.0,10.0,35.71,-5.29,47.76,65.06
83,CRNX.O,크리네틱스 파머슈티컬스,5,60,14,44,59,1.0,10.0,35.71,34.78,41.76,67.9
83,CAR.O,에이비스 버짓 그룹,5,60,14,44,59,1.0,10.0,35.71,24.76,43.94,65.85
83,PRCT.O,프로셉트 바이오로보틱스,5,60,14,44,59,1.0,10.0,35.71,35.78,47.69,65.13
83,GLNG.O,골라 LNG,5,60,14,44,59,1.0,10.0,35.71,-4.11,35.33,69.73
83,XENE.O,제논 파마슈티컬,5,60,14,44,59,1.0,10.0,35.71,11.61,44.09,68.48
83,FOLD.O,아미쿠스 테라퓨틱스,5,60,14,44,59,1.0,10.0,35.71,37.44,40.79,66.01
83,IRTC.O,아이리듬 테크놀로지스,5,60,14,44,59,1.0,10.0,35.71,141.45,44.51,63.94
83,RYTM.O,리듬 파머수티컬스,5,60,14,44,59,1.0,10.0,35.71,61.12,41.39,74.73
83,PGNY.O,프로지니,5,60,14,44,59,1.0,10.0,35.71,-7.0,37.57,62.87
83,APPN.O,애피안,5,60,14,44,59,1.0,10.0,35.71,-18.1,41.01,68.26
83,GSHD.O,구스헤드 인슈어런스,5,60,14,44,59,1.0,10.0,35.71,6.17,49.07,60.42
83,SNDX.O,신닥스 파마슈티컬스,5,60,14,44,59,1.0,10.0,35.71,19.75,40.01,73.29
83,APP.O,앱플로빈,5,60,14,49,59,1.0,10.0,34.39,28.97,39.96,72.82
83,NTRA.O,나테라,5,60,14,49,59,1.0,10.0,34.39,52.86,45.85,63.74
83,DKNG.O,드래프트킹즈 홀딩스,5,60,14,49,59,1.0,10.0,34.39,106.25,48.43,68.72
83,LI.O,리 오토 ADR,5,60,14,49,59,1.0,10.0,34.39,282.06,40.05,74.53
83,ROIV.O,로이반트 사이언시스,5,60,14,49,59,1.0,10.0,34.39,0.0,37.83,72.07
83,SGH.O,스마트 글로벌 홀딩스,5,60,14,49,59,1.0,10.0,34.39,64.01,49.9,62.71
83,GSHD.O,구스헤드 인슈어런스,5,60,14,49,59,1.0,10.0,34.39,6.17,49.07,60.42
83,APPN.O,애피안,5,60,14,49,59,1.0,10.0,34.39,-23.53,41.01,68.26
83,PGNY.O,프로지니,5,60,14,49,59,1.0,10.0,34.39,-15.87,37.57,62.87
83,RYTM.O,리듬 파머수티컬스,5,60,14,49,59,1.0,10.0,34.39,13.98,41.39,74.73
83,IRTC.O,아이리듬 테크놀로지스,5,60,14,49,59,1.0,10.0,34.39,39.68,44.51,63.94
83,FOLD.O,아미쿠스 테라퓨틱스,5,60,14,49,59,1.0,10.0,34.39,25.07,40.79,66.01
83,XENE.O,제논 파마슈티컬,5,60,14,49,59,1.0,10.0,34.39,34.72,44.09,68.48
83,PRCT.O,프로셉트 바이오로보틱스,5,60,14,49,59,1.0,10.0,34.39,35.78,47.69,65.13
83,CAR.O,에이비스 버짓 그룹,5,60,14,49,59,1.0,10.0,34.39,5.81,43.94,65.85
83,CRNX.O,크리네틱스 파머슈티컬스,5,60,14,49,59,1.0,10.0,34.39,19.61,41.76,67.9
83,CRSP.O,크리스퍼 테라퓨틱스,5,60,14,49,59,1.0,10.0,34.39,9.38,47.76,65.06
83,CYTK.O,사이토키네틱스,5,60,14,49,59,1.0,10.0,34.39,44.15,40.73,69.83
83,RVMD.O,레볼루션 메디신,5,60,14,49,59,1.0,10.0,34.39,24.92,40.4,68.55
83,DUOL.O,듀오링고,5,60,14,49,59,1.0,10.0,34.39,85.4,40.28,69.01
83,AFJKR.O,Aimei Health Technology Rights Exp 17 November 2028,5,60,14,49,59,1.0,10.0,34.39,0.0,42.5,62.37
83,SNDX.O,신닥스 파마슈티컬스,5,60,14,49,59,1.0,10.0,34.39,23.79,40.01,73.29
83,GLNG.O,골라 LNG,5,60,14,49,59,1.0,10.0,34.39,-3.02,35.33,69.73
83,SGML.O,시그마 리튬,5,60,14,49,59,1.0,10.0,34.39,-48.46,44.12,65.71
83,FNKO.O,펀코,5,60,14,49,59,1.0,10.0,34.39,0.35,39.39,72.46
83,ESTA.O,에스타블리쉬먼트 랩스 홀딩스,5,60,14,49,59,1.0,10.0,34.39,75.61,37.0,65.36
83,EGAN.O,이게인,5,60,14,49,59,1.0,10.0,34.39,-6.28,43.99,67.34
83,CPSS.O,컨슈머 포트폴리오 서비스,5,60,14,49,59,1.0,10.0,34.39,5.02,42.72,64.14
83,ONEW.O,원워터 마린,5,60,14,49,59,1.0,10.0,34.39,-11.36,42.06,65.99
83,ATLC.O,아틀란티쿠스 홀딩스,5,60,14,49,59,1.0,10.0,34.39,3.3,45.9,68.82
83,ACIC.O,아메리칸 코스탈 인슈어런스,5,60,14,49,59,1.0,10.0,34.39,-12.11,37.35,67.8
83,INOD.O,이노데이터,5,60,14,49,59,1.0,10.0,34.39,6.47,41.33,66.66
83,METCB.O,라마코 리소시스 Class B,5,60,14,49,59,1.0,10.0,34.39,0.0,38.79,67.47
83,MITK.O,마이텍 시스템즈,5,60,14,49,59,1.0,10.0,34.39,17.58,46.44,62.21
83,ADSE.O,애즈-테크 에너지,5,60,14,49,59,1.0,10.0,34.39,363.27,37.98,67.91
83,PNTG.O,페넌트 그룹,5,60,14,49,59,1.0,10.0,34.39,12.5,41.96,69.58
83,ANAB.O,어냅티스바이오,5,60,14,49,59,1.0,10.0,34.39,15.79,43.95,74.11
83,HROW.O,해로우,5,60,14,49,59,1.0,10.0,34.39,33.74,42.35,66.54
83,TARS.O,타서스 파마슈티컬스,5,60,14,49,59,1.0,10.0,34.39,25.44,40.22,69.67
83,MITK.O,마이텍 시스템즈,5,120,14,44,74,1.0,10.0,33.41,43.93,46.44,62.21
83,SGML.O,시그마 리튬,5,120,14,44,74,1.0,10.0,33.41,0.0,44.12,65.71
83,ESTA.O,에스타블리쉬먼트 랩스 홀딩스,5,120,14,44,74,1.0,10.0,33.41,73.91,37.0,65.36
83,TARS.O,타서스 파마슈티컬스,5,120,14,44,74,1.0,10.0,33.41,31.89,40.22,69.67
83,HROW.O,해로우,5,120,14,44,74,1.0,10.0,33.41,22.95,42.35,66.54
83,ANAB.O,어냅티스바이오,5,120,14,44,74,1.0,10.0,33.41,17.12,43.95,74.11
83,PNTG.O,페넌트 그룹,5,120,14,44,74,1.0,10.0,33.41,17.84,41.96,69.58
83,ADSE.O,애즈-테크 에너지,5,120,14,44,74,1.0,10.0,33.41,158.41,37.98,67.91
83,METCB.O,라마코 리소시스 Class B,5,120,14,44,74,1.0,10.0,33.41,0.0,38.79,67.47
83,FNKO.O,펀코,5,120,14,44,74,1.0,10.0,33.41,12.02,39.39,72.46
83,ACIC.O,아메리칸 코스탈 인슈어런스,5,120,14,44,74,1.0,10.0,33.41,-4.28,37.35,67.8
83,ATLC.O,아틀란티쿠스 홀딩스,5,120,14,44,74,1.0,10.0,33.41,10.61,45.9,68.82
83,INOD.O,이노데이터,5,120,14,44,74,1.0,10.0,33.41,21.57,41.33,66.66
83,ONEW.O,원워터 마린,5,120,14,44,74,1.0,10.0,33.41,0.0,42.06,65.99
83,CPSS.O,컨슈머 포트폴리오 서비스,5,120,14,44,74,1.0,10.0,33.41,21.22,42.72,64.14
83,EGAN.O,이게인,5,120,14,44,74,1.0,10.0,33.41,5.05,43.99,67.34
83,AFJKR.O,Aimei Health Technology Rights Exp 17 November 2028,5,120,14,44,74,1.0,10.0,33.41,0.0,42.5,62.37
83,GSHD.O,구스헤드 인슈어런스,5,120,14,44,74,1.0,10.0,33.41,-3.61,49.07,60.42
83,SNDX.O,신닥스 파마슈티컬스,5,120,14,44,74,1.0,10.0,33.41,7.45,40.01,73.29
83,SGH.O,스마트 글로벌 홀딩스,5,120,14,44,74,1.0,10.0,33.41,44.68,49.9,62.71
83,APPN.O,애피안,5,120,14,44,74,1.0,10.0,33.41,-22.02,41.01,68.26
83,CRSP.O,크리스퍼 테라퓨틱스,5,120,14,44,74,1.0,10.0,33.41,-8.04,47.76,65.06
83,PGNY.O,프로지니,5,120,14,44,74,1.0,10.0,33.41,-16.37,37.57,62.87
83,LI.O,리 오토 ADR,5,120,14,44,74,1.0,10.0,33.41,0.0,40.05,74.53
83,DKNG.O,드래프트킹즈 홀딩스,5,120,14,44,74,1.0,10.0,33.41,46.96,48.43,68.72
83,NTRA.O,나테라,5,120,14,44,74,1.0,10.0,33.41,57.56,45.85,63.74
83,ROIV.O,로이반트 사이언시스,5,120,14,44,74,1.0,10.0,33.41,0.0,37.83,72.07
83,DUOL.O,듀오링고,5,120,14,44,74,1.0,10.0,33.41,44.64,40.28,69.01
83,RVMD.O,레볼루션 메디신,5,120,14,44,74,1.0,10.0,33.41,28.16,40.4,68.55
83,CYTK.O,사이토키네틱스,5,120,14,44,74,1.0,10.0,33.41,29.41,40.73,69.83
83,APP.O,앱플로빈,5,120,14,44,74,1.0,10.0,33.41,238.86,39.96,72.82
83,CRNX.O,크리네틱스 파머슈티컬스,5,120,14,44,74,1.0,10.0,33.41,22.44,41.76,67.9
83,FOLD.O,아미쿠스 테라퓨틱스,5,120,14,44,74,1.0,10.0,33.41,43.26,40.79,66.01
83,CAR.O,에이비스 버짓 그룹,5,120,14,44,74,1.0,10.0,33.41,36.83,43.94,65.85
83,RYTM.O,리듬 파머수티컬스,5,120,14,44,74,1.0,10.0,33.41,16.23,41.39,74.73
83,IRTC.O,아이리듬 테크놀로지스,5,120,14,44,74,1.0,10.0,33.41,16.43,44.51,63.94
83,PRCT.O,프로셉트 바이오로보틱스,5,120,14,44,74,1.0,10.0,33.41,249.9,47.69,65.13
83,XENE.O,제논 파마슈티컬,5,120,14,44,74,1.0,10.0,33.41,30.8,44.09,68.48
83,GLNG.O,골라 LNG,5,120,14,44,74,1.0,10.0,33.41,7.12,35.33,69.73
83,SNDX.O,신닥스 파마슈티컬스,5,120,14,44,79,1.0,10.0,32.06,7.45,40.01,73.29
83,SGH.O,스마트 글로벌 홀딩스,5,120,14,44,79,1.0,10.0,32.06,44.68,49.9,62.71
83,SGML.O,시그마 리튬,5,120,14,44,79,1.0,10.0,32.06,0.0,44.12,65.71
83,ESTA.O,에스타블리쉬먼트 랩스 홀딩스,5,120,14,44,79,1.0,10.0,32.06,105.35,37.0,65.36
83,TARS.O,타서스 파마슈티컬스,5,120,14,44,79,1.0,10.0,32.06,31.89,40.22,69.67
83,HROW.O,해로우,5,120,14,44,79,1.0,10.0,32.06,28.03,42.35,66.54
83,ANAB.O,어냅티스바이오,5,120,14,44,79,1.0,10.0,32.06,17.12,43.95,74.11
83,PNTG.O,페넌트 그룹,5,120,14,44,79,1.0,10.0,32.06,17.84,41.96,69.58
83,ADSE.O,애즈-테크 에너지,5,120,14,44,79,1.0,10.0,32.06,158.41,37.98,67.91
83,MITK.O,마이텍 시스템즈,5,120,14,44,79,1.0,10.0,32.06,13.71,46.44,62.21
83,FNKO.O,펀코,5,120,14,44,79,1.0,10.0,32.06,12.02,39.39,72.46
83,GSHD.O,구스헤드 인슈어런스,5,120,14,44,79,1.0,10.0,32.06,-3.61,49.07,60.42
83,ATLC.O,아틀란티쿠스 홀딩스,5,120,14,44,79,1.0,10.0,32.06,10.61,45.9,68.82
83,INOD.O,이노데이터,5,120,14,44,79,1.0,10.0,32.06,28.88,41.33,66.66
83,ONEW.O,원워터 마린,5,120,14,44,79,1.0,10.0,32.06,0.0,42.06,65.99
83,CPSS.O,컨슈머 포트폴리오 서비스,5,120,14,44,79,1.0,10.0,32.06,30.18,42.72,64.14
83,EGAN.O,이게인,5,120,14,44,79,1.0,10.0,32.06,16.67,43.99,67.34
83,ACIC.O,아메리칸 코스탈 인슈어런스,5,120,14,44,79,1.0,10.0,32.06,-0.08,37.35,67.8
83,AFJKR.O,Aimei Health Technology Rights Exp 17 November 2028,5,120,14,44,79,1.0,10.0,32.06,0.0,42.5,62.37
83,APPN.O,애피안,5,120,14,44,79,1.0,10.0,32.06,-22.02,41.01,68.26
83,CYTK.O,사이토키네틱스,5,120,14,44,79,1.0,10.0,32.06,21.84,40.73,69.83
83,APP.O,앱플로빈,5,120,14,44,79,1.0,10.0,32.06,215.63,39.96,72.82
83,LI.O,리 오토 ADR,5,120,14,44,79,1.0,10.0,32.06,0.0,40.05,74.53
83,DKNG.O,드래프트킹즈 홀딩스,5,120,14,44,79,1.0,10.0,32.06,46.96,48.43,68.72
83,NTRA.O,나테라,5,120,14,44,79,1.0,10.0,32.06,57.9,45.85,63.74
83,ROIV.O,로이반트 사이언시스,5,120,14,44,79,1.0,10.0,32.06,0.0,37.83,72.07
83,DUOL.O,듀오링고,5,120,14,44,79,1.0,10.0,32.06,44.64,40.28,69.01
83,RVMD.O,레볼루션 메디신,5,120,14,44,79,1.0,10.0,32.06,28.16,40.4,68.55
83,CRSP.O,크리스퍼 테라퓨틱스,5,120,14,44,79,1.0,10.0,32.06,-8.04,47.76,65.06
83,RYTM.O,리듬 파머수티컬스,5,120,14,44,79,1.0,10.0,32.06,16.23,41.39,74.73
83,CRNX.O,크리네틱스 파머슈티컬스,5,120,14,44,79,1.0,10.0,32.06,24.75,41.76,67.9
83,CAR.O,에이비스 버짓 그룹,5,120,14,44,79,1.0,10.0,32.06,42.3,43.94,65.85
83,PRCT.O,프로셉트 바이오로보틱스,5,120,14,44,79,1.0,10.0,32.06,201.54,47.69,65.13
83,GLNG.O,골라 LNG,5,120,14,44,79,1.0,10.0,32.06,7.12,35.33,69.73
83,XENE.O,제논 파마슈티컬,5,120,14,44,79,1.0,10.0,32.06,24.5,44.09,68.48
83,FOLD.O,아미쿠스 테라퓨틱스,5,120,14,44,79,1.0,10.0,32.06,29.47,40.79,66.01
83,IRTC.O,아이리듬 테크놀로지스,5,120,14,44,79,1.0,10.0,32.06,16.43,44.51,63.94
83,METCB.O,라마코 리소시스 Class B,5,120,14,44,79,1.0,10.0,32.06,0.0,38.79,67.47
83,PGNY.O,프로지니,5,120,14,44,79,1.0,10.0,32.06,-16.37,37.57,62.87
83,INOD.O,이노데이터,5,120,14,39,79,1.0,10.0,31.05,10.57,41.33,66.66
83,PRCT.O,프로셉트 바이오로보틱스,5,120,14,39,79,1.0,10.0,31.05,201.54,47.69,65.13
83,APPN.O,애피안,5,120,14,39,79,1.0,10.0,31.05,0.0,41.01,68.26
83,PGNY.O,프로지니,5,120,14,39,79,1.0,10.0,31.05,0.0,37.57,62.87
83,RYTM.O,리듬 파머수티컬스,5,120,14,39,79,1.0,10.0,31.05,24.71,41.39,74.73
83,IRTC.O,아이리듬 테크놀로지스,5,120,14,39,79,1.0,10.0,31.05,0.0,44.51,63.94
83,FOLD.O,아미쿠스 테라퓨틱스,5,120,14,39,79,1.0,10.0,31.05,0.0,40.79,66.01
83,XENE.O,제논 파마슈티컬,5,120,14,39,79,1.0,10.0,31.05,24.5,44.09,68.48
83,GLNG.O,골라 LNG,5,120,14,39,79,1.0,10.0,31.05,7.12,35.33,69.73
83,CAR.O,에이비스 버짓 그룹,5,120,14,39,79,1.0,10.0,31.05,29.87,43.94,65.85
83,APP.O,앱플로빈,5,120,14,39,79,1.0,10.0,31.05,215.63,39.96,72.82
83,CRNX.O,크리네틱스 파머슈티컬스,5,120,14,39,79,1.0,10.0,31.05,0.0,41.76,67.9
83,CRSP.O,크리스퍼 테라퓨틱스,5,120,14,39,79,1.0,10.0,31.05,0.0,47.76,65.06
83,CYTK.O,사이토키네틱스,5,120,14,39,79,1.0,10.0,31.05,21.84,40.73,69.83
83,RVMD.O,레볼루션 메디신,5,120,14,39,79,1.0,10.0,31.05,28.16,40.4,68.55
83,ROIV.O,로이반트 사이언시스,5,120,14,39,79,1.0,10.0,31.05,0.0,37.83,72.07
83,NTRA.O,나테라,5,120,14,39,79,1.0,10.0,31.05,58.65,45.85,63.74
83,DKNG.O,드래프트킹즈 홀딩스,5,120,14,39,79,1.0,10.0,31.05,46.96,48.43,68.72
83,GSHD.O,구스헤드 인슈어런스,5,120,14,39,79,1.0,10.0,31.05,23.96,49.07,60.42
83,SNDX.O,신닥스 파마슈티컬스,5,120,14,39,79,1.0,10.0,31.05,26.91,40.01,73.29
83,SGH.O,스마트 글로벌 홀딩스,5,120,14,39,79,1.0,10.0,31.05,0.0,49.9,62.71
83,SGML.O,시그마 리튬,5,120,14,39,79,1.0,10.0,31.05,0.0,44.12,65.71
83,AFJKR.O,Aimei Health Technology Rights Exp 17 November 2028,5,120,14,39,79,1.0,10.0,31.05,0.0,42.5,62.37
83,METCB.O,라마코 리소시스 Class B,5,120,14,39,79,1.0,10.0,31.05,0.0,38.79,67.47
83,EGAN.O,이게인,5,120,14,39,79,1.0,10.0,31.05,31.16,43.99,67.34
83,CPSS.O,컨슈머 포트폴리오 서비스,5,120,14,39,79,1.0,10.0,31.05,21.62,42.72,64.14
83,ONEW.O,원워터 마린,5,120,14,39,79,1.0,10.0,31.05,0.0,42.06,65.99
83,ATLC.O,아틀란티쿠스 홀딩스,5,120,14,39,79,1.0,10.0,31.05,11.25,45.9,68.82
83,ACIC.O,아메리칸 코스탈 인슈어런스,5,120,14,39,79,1.0,10.0,31.05,11.85,37.35,67.8
83,FNKO.O,펀코,5,120,14,39,79,1.0,10.0,31.05,12.02,39.39,72.46
83,MITK.O,마이텍 시스템즈,5,120,14,39,79,1.0,10.0,31.05,3.29,46.44,62.21
83,ADSE.O,애즈-테크 에너지,5,120,14,39,79,1.0,10.0,31.05,158.41,37.98,67.91
83,PNTG.O,페넌트 그룹,5,120,14,39,79,1.0,10.0,31.05,17.84,41.96,69.58
83,ANAB.O,어냅티스바이오,5,120,14,39,79,1.0,10.0,31.05,17.12,43.95,74.11
83,HROW.O,해로우,5,120,14,39,79,1.0,10.0,31.05,28.03,42.35,66.54
83,TARS.O,타서스 파마슈티컬스,5,120,14,39,79,1.0,10.0,31.05,0.0,40.22,69.67
83,ESTA.O,에스타블리쉬먼트 랩스 홀딩스,5,120,14,39,79,1.0,10.0,31.05,133.35,37.0,65.36
83,LI.O,리 오토 ADR,5,120,14,39,79,1.0,10.0,31.05,0.0,40.05,74.53
83,DUOL.O,듀오링고,5,120,14,39,79,1.0,10.0,31.05,44.64,40.28,69.01
83,ONEW.O,원워터 마린,5,120,14,39,74,1.0,10.0,30.6,0.0,42.06,65.99
83,APPN.O,애피안,5,120,14,39,74,1.0,10.0,30.6,0.0,41.01,68.26
83,RYTM.O,리듬 파머수티컬스,5,120,14,39,74,1.0,10.0,30.6,24.71,41.39,74.73
83,IRTC.O,아이리듬 테크놀로지스,5,120,14,39,74,1.0,10.0,30.6,0.0,44.51,63.94
83,FOLD.O,아미쿠스 테라퓨틱스,5,120,14,39,74,1.0,10.0,30.6,0.0,40.79,66.01
83,XENE.O,제논 파마슈티컬,5,120,14,39,74,1.0,10.0,30.6,30.8,44.09,68.48
83,GLNG.O,골라 LNG,5,120,14,39,74,1.0,10.0,30.6,7.12,35.33,69.73
83,PRCT.O,프로셉트 바이오로보틱스,5,120,14,39,74,1.0,10.0,30.6,249.9,47.69,65.13
83,CPSS.O,컨슈머 포트폴리오 서비스,5,120,14,39,74,1.0,10.0,30.6,12.47,42.72,64.14
83,CRNX.O,크리네틱스 파머슈티컬스,5,120,14,39,74,1.0,10.0,30.6,0.0,41.76,67.9
83,CRSP.O,크리스퍼 테라퓨틱스,5,120,14,39,74,1.0,10.0,30.6,0.0,47.76,65.06
83,CYTK.O,사이토키네틱스,5,120,14,39,74,1.0,10.0,30.6,19.36,40.73,69.83
83,RVMD.O,레볼루션 메디신,5,120,14,39,74,1.0,10.0,30.6,28.16,40.4,68.55
83,DUOL.O,듀오링고,5,120,14,39,74,1.0,10.0,30.6,44.64,40.28,69.01
83,ROIV.O,로이반트 사이언시스,5,120,14,39,74,1.0,10.0,30.6,0.0,37.83,72.07
83,NTRA.O,나테라,5,120,14,39,74,1.0,10.0,30.6,58.71,45.85,63.74
83,DKNG.O,드래프트킹즈 홀딩스,5,120,14,39,74,1.0,10.0,30.6,46.96,48.43,68.72
83,LI.O,리 오토 ADR,5,120,14,39,74,1.0,10.0,30.6,0.0,40.05,74.53
83,APP.O,앱플로빈,5,120,14,39,74,1.0,10.0,30.6,238.86,39.96,72.82
83,PGNY.O,프로지니,5,120,14,39,74,1.0,10.0,30.6,0.0,37.57,62.87
83,CAR.O,에이비스 버짓 그룹,5,120,14,39,74,1.0,10.0,30.6,25.91,43.94,65.85
83,GSHD.O,구스헤드 인슈어런스,5,120,14,39,74,1.0,10.0,30.6,23.96,49.07,60.42
83,MITK.O,마이텍 시스템즈,5,120,14,39,74,1.0,10.0,30.6,3.29,46.44,62.21
83,SNDX.O,신닥스 파마슈티컬스,5,120,14,39,74,1.0,10.0,30.6,26.91,40.01,73.29
83,METCB.O,라마코 리소시스 Class B,5,120,14,39,74,1.0,10.0,30.6,0.0,38.79,67.47
83,AFJKR.O,Aimei Health Technology Rights Exp 17 November 2028,5,120,14,39,74,1.0,10.0,30.6,0.0,42.5,62.37
83,INOD.O,이노데이터,5,120,14,39,74,1.0,10.0,30.6,2.6,41.33,66.66
83,ATLC.O,아틀란티쿠스 홀딩스,5,120,14,39,74,1.0,10.0,30.6,11.25,45.9,68.82
83,ACIC.O,아메리칸 코스탈 인슈어런스,5,120,14,39,74,1.0,10.0,30.6,6.29,37.35,67.8
83,FNKO.O,펀코,5,120,14,39,74,1.0,10.0,30.6,12.02,39.39,72.46
83,EGAN.O,이게인,5,120,14,39,74,1.0,10.0,30.6,15.53,43.99,67.34
83,SGH.O,스마트 글로벌 홀딩스,5,120,14,39,74,1.0,10.0,30.6,0.0,49.9,62.71
83,PNTG.O,페넌트 그룹,5,120,14,39,74,1.0,10.0,30.6,17.84,41.96,69.58
83,ANAB.O,어냅티스바이오,5,120,14,39,74,1.0,10.0,30.6,17.12,43.95,74.11
83,HROW.O,해로우,5,120,14,39,74,1.0,10.0,30.6,22.95,42.35,66.54
83,TARS.O,타서스 파마슈티컬스,5,120,14,39,74,1.0,10.0,30.6,0.0,40.22,69.67
83,ESTA.O,에스타블리쉬먼트 랩스 홀딩스,5,120,14,39,74,1.0,10.0,30.6,87.59,37.0,65.36
83,SGML.O,시그마 리튬,5,120,14,39,74,1.0,10.0,30.6,0.0,44.12,65.71
83,ADSE.O,애즈-테크 에너지,5,120,14,39,74,1.0,10.0,30.6,158.41,37.98,67.91
83,RYTM.O,리듬 파머수티컬스,5,120,14,49,69,1.0,10.0,29.49,8.64,41.39,74.73
83,XENE.O,제논 파마슈티컬,5,120,14,49,69,1.0,10.0,29.49,30.8,44.09,68.48
83,FOLD.O,아미쿠스 테라퓨틱스,5,120,14,49,69,1.0,10.0,29.49,23.89,40.79,66.01
83,IRTC.O,아이리듬 테크놀로지스,5,120,14,49,69,1.0,10.0,29.49,16.43,44.51,63.94
83,SGH.O,스마트 글로벌 홀딩스,5,120,14,49,69,1.0,10.0,29.49,32.52,49.9,62.71
83,PGNY.O,프로지니,5,120,14,49,69,1.0,10.0,29.49,-21.05,37.57,62.87
83,APPN.O,애피안,5,120,14,49,69,1.0,10.0,29.49,-22.02,41.01,68.26
83,PRCT.O,프로셉트 바이오로보틱스,5,120,14,49,69,1.0,10.0,29.49,89.36,47.69,65.13
83,GSHD.O,구스헤드 인슈어런스,5,120,14,49,69,1.0,10.0,29.49,-3.61,49.07,60.42
83,GLNG.O,골라 LNG,5,120,14,49,69,1.0,10.0,29.49,2.34,35.33,69.73
83,CYTK.O,사이토키네틱스,5,120,14,49,69,1.0,10.0,29.49,23.25,40.73,69.83
83,CAR.O,에이비스 버짓 그룹,5,120,14,49,69,1.0,10.0,29.49,16.14,43.94,65.85
83,CRNX.O,크리네틱스 파머슈티컬스,5,120,14,49,69,1.0,10.0,29.49,15.92,41.76,67.9
83,CRSP.O,크리스퍼 테라퓨틱스,5,120,14,49,69,1.0,10.0,29.49,-8.04,47.76,65.06
83,RVMD.O,레볼루션 메디신,5,120,14,49,69,1.0,10.0,29.49,13.85,40.4,68.55
83,NTRA.O,나테라,5,120,14,49,69,1.0,10.0,29.49,51.64,45.85,63.74
83,LI.O,리 오토 ADR,5,120,14,49,69,1.0,10.0,29.49,-5.62,40.05,74.53
83,ROIV.O,로이반트 사이언시스,5,120,14,49,69,1.0,10.0,29.49,0.0,37.83,72.07
83,DUOL.O,듀오링고,5,120,14,49,69,1.0,10.0,29.49,92.77,40.28,69.01
83,SNDX.O,신닥스 파마슈티컬스,5,120,14,49,69,1.0,10.0,29.49,11.1,40.01,73.29
83,ESTA.O,에스타블리쉬먼트 랩스 홀딩스,5,120,14,49,69,1.0,10.0,29.49,50.17,37.0,65.36
83,SGML.O,시그마 리튬,5,120,14,49,69,1.0,10.0,29.49,0.0,44.12,65.71
83,ATLC.O,아틀란티쿠스 홀딩스,5,120,14,49,69,1.0,10.0,29.49,5.97,45.9,68.82
83,APP.O,앱플로빈,5,120,14,49,69,1.0,10.0,29.49,249.98,39.96,72.82
83,AFJKR.O,Aimei Health Technology Rights Exp 17 November 2028,5,120,14,49,69,1.0,10.0,29.49,0.0,42.5,62.37
83,METCB.O,라마코 리소시스 Class B,5,120,14,49,69,1.0,10.0,29.49,0.0,38.79,67.47
83,EGAN.O,이게인,5,120,14,49,69,1.0,10.0,29.49,14.1,43.99,67.34
83,CPSS.O,컨슈머 포트폴리오 서비스,5,120,14,49,69,1.0,10.0,29.49,10.31,42.72,64.14
83,ONEW.O,원워터 마린,5,120,14,49,69,1.0,10.0,29.49,-9.16,42.06,65.99
83,INOD.O,이노데이터,5,120,14,49,69,1.0,10.0,29.49,16.91,41.33,66.66
83,DKNG.O,드래프트킹즈 홀딩스,5,120,14,49,69,1.0,10.0,29.49,46.96,48.43,68.72
83,ACIC.O,아메리칸 코스탈 인슈어런스,5,120,14,49,69,1.0,10.0,29.49,-7.64,37.35,67.8
83,MITK.O,마이텍 시스템즈,5,120,14,49,69,1.0,10.0,29.49,18.8,46.44,62.21
83,ADSE.O,애즈-테크 에너지,5,120,14,49,69,1.0,10.0,29.49,174.17,37.98,67.91
83,PNTG.O,페넌트 그룹,5,120,14,49,69,1.0,10.0,29.49,17.84,41.96,69.58
83,ANAB.O,어냅티스바이오,5,120,14,49,69,1.0,10.0,29.49,17.12,43.95,74.11
83,HROW.O,해로우,5,120,14,49,69,1.0,10.0,29.49,21.52,42.35,66.54
83,FNKO.O,펀코,5,120,14,49,69,1.0,10.0,29.49,88.52,39.39,72.46
83,TARS.O,타서스 파마슈티컬스,5,120,14,49,69,1.0,10.0,29.49,66.07,40.22,69.67
83,CYTK.O,사이토키네틱스,5,120,14,49,64,1.0,10.0,29.4,50.24,40.73,69.83
83,XENE.O,제논 파마슈티컬,5,120,14,49,64,1.0,10.0,29.4,14.36,44.09,68.48
83,GLNG.O,골라 LNG,5,120,14,49,64,1.0,10.0,29.4,0.59,35.33,69.73
83,PRCT.O,프로셉트 바이오로보틱스,5,120,14,49,64,1.0,10.0,29.4,55.89,47.69,65.13
83,CAR.O,에이비스 버짓 그룹,5,120,14,49,64,1.0,10.0,29.4,11.25,43.94,65.85
83,CRNX.O,크리네틱스 파머슈티컬스,5,120,14,49,64,1.0,10.0,29.4,24.67,41.76,67.9
83,CRSP.O,크리스퍼 테라퓨틱스,5,120,14,49,64,1.0,10.0,29.4,-8.04,47.76,65.06
83,ROIV.O,로이반트 사이언시스,5,120,14,49,64,1.0,10.0,29.4,0.0,37.83,72.07
83,RVMD.O,레볼루션 메디신,5,120,14,49,64,1.0,10.0,29.4,13.85,40.4,68.55
83,DUOL.O,듀오링고,5,120,14,49,64,1.0,10.0,29.4,67.81,40.28,69.01
83,IRTC.O,아이리듬 테크놀로지스,5,120,14,49,64,1.0,10.0,29.4,16.43,44.51,63.94
83,NTRA.O,나테라,5,120,14,49,64,1.0,10.0,29.4,41.67,45.85,63.74
83,DKNG.O,드래프트킹즈 홀딩스,5,120,14,49,64,1.0,10.0,29.4,75.22,48.43,68.72
83,LI.O,리 오토 ADR,5,120,14,49,64,1.0,10.0,29.4,-5.62,40.05,74.53
83,APP.O,앱플로빈,5,120,14,49,64,1.0,10.0,29.4,237.85,39.96,72.82
83,CPSS.O,컨슈머 포트폴리오 서비스,5,120,14,49,64,1.0,10.0,29.4,1.8,42.72,64.14
83,EGAN.O,이게인,5,120,14,49,64,1.0,10.0,29.4,3.24,43.99,67.34
83,FOLD.O,아미쿠스 테라퓨틱스,5,120,14,49,64,1.0,10.0,29.4,18.81,40.79,66.01
83,GSHD.O,구스헤드 인슈어런스,5,120,14,49,64,1.0,10.0,29.4,-3.61,49.07,60.42
83,RYTM.O,리듬 파머수티컬스,5,120,14,49,64,1.0,10.0,29.4,6.61,41.39,74.73
83,PGNY.O,프로지니,5,120,14,49,64,1.0,10.0,29.4,-21.05,37.57,62.87
83,ONEW.O,원워터 마린,5,120,14,49,64,1.0,10.0,29.4,-9.16,42.06,65.99
83,INOD.O,이노데이터,5,120,14,49,64,1.0,10.0,29.4,7.67,41.33,66.66
83,ATLC.O,아틀란티쿠스 홀딩스,5,120,14,49,64,1.0,10.0,29.4,3.84,45.9,68.82
83,ACIC.O,아메리칸 코스탈 인슈어런스,5,120,14,49,64,1.0,10.0,29.4,-4.32,37.35,67.8
83,FNKO.O,펀코,5,120,14,49,64,1.0,10.0,29.4,71.64,39.39,72.46
83,MITK.O,마이텍 시스템즈,5,120,14,49,64,1.0,10.0,29.4,13.61,46.44,62.21
83,ADSE.O,애즈-테크 에너지,5,120,14,49,64,1.0,10.0,29.4,247.4,37.98,67.91
83,PNTG.O,페넌트 그룹,5,120,14,49,64,1.0,10.0,29.4,17.84,41.96,69.58
83,ANAB.O,어냅티스바이오,5,120,14,49,64,1.0,10.0,29.4,17.12,43.95,74.11
83,HROW.O,해로우,5,120,14,49,64,1.0,10.0,29.4,23.79,42.35,66.54
83,ESTA.O,에스타블리쉬먼트 랩스 홀딩스,5,120,14,49,64,1.0,10.0,29.4,50.17,37.0,65.36
83,SGML.O,시그마 리튬,5,120,14,49,64,1.0,10.0,29.4,0.0,44.12,65.71
83,SGH.O,스마트 글로벌 홀딩스,5,120,14,49,64,1.0,10.0,29.4,34.32,49.9,62.71
83,SNDX.O,신닥스 파마슈티컬스,5,120,14,49,64,1.0,10.0,29.4,26.69,40.01,73.29
83,APPN.O,애피안,5,120,14,49,64,1.0,10.0,29.4,-22.02,41.01,68.26
83,TARS.O,타서스 파마슈티컬스,5,120,14,49,64,1.0,10.0,29.4,66.07,40.22,69.67
83,METCB.O,라마코 리소시스 Class B,5,120,14,49,64,1.0,10.0,29.4,0.0,38.79,67.47
83,AFJKR.O,Aimei Health Technology Rights Exp 17 November 2028,5,120,14,49,64,1.0,10.0,29.4,0.0,42.5,62.37
83,CRSP.O,크리스퍼 테라퓨틱스,5,60,14,39,79,1.0,10.0,29.37,9.86,47.76,65.06
83,IRTC.O,아이리듬 테크놀로지스,5,60,14,39,79,1.0,10.0,29.37,17.26,44.51,63.94
83,FOLD.O,아미쿠스 테라퓨틱스,5,60,14,39,79,1.0,10.0,29.37,0.0,40.79,66.01
83,XENE.O,제논 파마슈티컬,5,60,14,39,79,1.0,10.0,29.37,23.34,44.09,68.48
83,GLNG.O,골라 LNG,5,60,14,39,79,1.0,10.0,29.37,8.51,35.33,69.73
83,PRCT.O,프로셉트 바이오로보틱스,5,60,14,39,79,1.0,10.0,29.37,197.14,47.69,65.13
83,CAR.O,에이비스 버짓 그룹,5,60,14,39,79,1.0,10.0,29.37,38.73,43.94,65.85
83,CRNX.O,크리네틱스 파머슈티컬스,5,60,14,39,79,1.0,10.0,29.37,27.08,41.76,67.9
83,CYTK.O,사이토키네틱스,5,60,14,39,79,1.0,10.0,29.37,21.78,40.73,69.83
83,PGNY.O,프로지니,5,60,14,39,79,1.0,10.0,29.37,0.0,37.57,62.87
83,RVMD.O,레볼루션 메디신,5,60,14,39,79,1.0,10.0,29.37,29.94,40.4,68.55
83,DUOL.O,듀오링고,5,60,14,39,79,1.0,10.0,29.37,40.67,40.28,69.01
83,ROIV.O,로이반트 사이언시스,5,60,14,39,79,1.0,10.0,29.37,0.0,37.83,72.07
83,NTRA.O,나테라,5,60,14,39,79,1.0,10.0,29.37,60.05,45.85,63.74
83,DKNG.O,드래프트킹즈 홀딩스,5,60,14,39,79,1.0,10.0,29.37,63.77,48.43,68.72
83,LI.O,리 오토 ADR,5,60,14,39,79,1.0,10.0,29.37,0.0,40.05,74.53
83,APP.O,앱플로빈,5,60,14,39,79,1.0,10.0,29.37,47.42,39.96,72.82
83,RYTM.O,리듬 파머수티컬스,5,60,14,39,79,1.0,10.0,29.37,18.98,41.39,74.73
83,AFJKR.O,Aimei Health Technology Rights Exp 17 November 2028,5,60,14,39,79,1.0,10.0,29.37,0.0,42.5,62.37
83,METCB.O,라마코 리소시스 Class B,5,60,14,39,79,1.0,10.0,29.37,0.0,38.79,67.47
83,MITK.O,마이텍 시스템즈,5,60,14,39,79,1.0,10.0,29.37,15.89,46.44,62.21
83,EGAN.O,이게인,5,60,14,39,79,1.0,10.0,29.37,38.9,43.99,67.34
83,CPSS.O,컨슈머 포트폴리오 서비스,5,60,14,39,79,1.0,10.0,29.37,22.17,42.72,64.14
83,ONEW.O,원워터 마린,5,60,14,39,79,1.0,10.0,29.37,0.0,42.06,65.99
83,INOD.O,이노데이터,5,60,14,39,79,1.0,10.0,29.37,10.88,41.33,66.66
83,ATLC.O,아틀란티쿠스 홀딩스,5,60,14,39,79,1.0,10.0,29.37,12.64,45.9,68.82
83,ACIC.O,아메리칸 코스탈 인슈어런스,5,60,14,39,79,1.0,10.0,29.37,0.67,37.35,67.8
83,FNKO.O,펀코,5,60,14,39,79,1.0,10.0,29.37,18.36,39.39,72.46
83,ADSE.O,애즈-테크 에너지,5,60,14,39,79,1.0,10.0,29.37,215.71,37.98,67.91
83,GSHD.O,구스헤드 인슈어런스,5,60,14,39,79,1.0,10.0,29.37,6.17,49.07,60.42
83,PNTG.O,페넌트 그룹,5,60,14,39,79,1.0,10.0,29.37,16.05,41.96,69.58
83,ANAB.O,어냅티스바이오,5,60,14,39,79,1.0,10.0,29.37,15.79,43.95,74.11
83,HROW.O,해로우,5,60,14,39,79,1.0,10.0,29.37,27.61,42.35,66.54
83,TARS.O,타서스 파마슈티컬스,5,60,14,39,79,1.0,10.0,29.37,37.46,40.22,69.67
83,ESTA.O,에스타블리쉬먼트 랩스 홀딩스,5,60,14,39,79,1.0,10.0,29.37,134.13,37.0,65.36
83,SGH.O,스마트 글로벌 홀딩스,5,60,14,39,79,1.0,10.0,29.37,0.0,49.9,62.71
83,SNDX.O,신닥스 파마슈티컬스,5,60,14,39,79,1.0,10.0,29.37,29.26,40.01,73.29
83,APPN.O,애피안,5,60,14,39,79,1.0,10.0,29.37,-12.12,41.01,68.26
83,SGML.O,시그마 리튬,5,60,14,39,79,1.0,10.0,29.37,-48.46,44.12,65.71
83,EGAN.O,이게인,5,60,14,39,74,1.0,10.0,29.23,23.12,43.99,67.34
83,APPN.O,애피안,5,60,14,39,74,1.0,10.0,29.23,-12.12,41.01,68.26
83,SNDX.O,신닥스 파마슈티컬스,5,60,14,39,74,1.0,10.0,29.23,29.26,40.01,73.29
83,SGH.O,스마트 글로벌 홀딩스,5,60,14,39,74,1.0,10.0,29.23,0.0,49.9,62.71
83,SGML.O,시그마 리튬,5,60,14,39,74,1.0,10.0,29.23,-48.46,44.12,65.71
83,ESTA.O,에스타블리쉬먼트 랩스 홀딩스,5,60,14,39,74,1.0,10.0,29.23,100.68,37.0,65.36
83,TARS.O,타서스 파마슈티컬스,5,60,14,39,74,1.0,10.0,29.23,37.46,40.22,69.67
83,HROW.O,해로우,5,60,14,39,74,1.0,10.0,29.23,22.28,42.35,66.54
83,PNTG.O,페넌트 그룹,5,60,14,39,74,1.0,10.0,29.23,16.05,41.96,69.58
83,ADSE.O,애즈-테크 에너지,5,60,14,39,74,1.0,10.0,29.23,215.71,37.98,67.91
83,MITK.O,마이텍 시스템즈,5,60,14,39,74,1.0,10.0,29.23,46.81,46.44,62.21
83,FNKO.O,펀코,5,60,14,39,74,1.0,10.0,29.23,18.36,39.39,72.46
83,ACIC.O,아메리칸 코스탈 인슈어런스,5,60,14,39,74,1.0,10.0,29.23,-3.5,37.35,67.8
83,ATLC.O,아틀란티쿠스 홀딩스,5,60,14,39,74,1.0,10.0,29.23,12.64,45.9,68.82
83,INOD.O,이노데이터,5,60,14,39,74,1.0,10.0,29.23,3.02,41.33,66.66
83,ONEW.O,원워터 마린,5,60,14,39,74,1.0,10.0,29.23,0.0,42.06,65.99
83,CPSS.O,컨슈머 포트폴리오 서비스,5,60,14,39,74,1.0,10.0,29.23,13.27,42.72,64.14
83,METCB.O,라마코 리소시스 Class B,5,60,14,39,74,1.0,10.0,29.23,0.0,38.79,67.47
83,AFJKR.O,Aimei Health Technology Rights Exp 17 November 2028,5,60,14,39,74,1.0,10.0,29.23,0.0,42.5,62.37
83,GSHD.O,구스헤드 인슈어런스,5,60,14,39,74,1.0,10.0,29.23,6.17,49.07,60.42
83,ANAB.O,어냅티스바이오,5,60,14,39,74,1.0,10.0,29.23,15.79,43.95,74.11
83,PGNY.O,프로지니,5,60,14,39,74,1.0,10.0,29.23,0.0,37.57,62.87
83,CRSP.O,크리스퍼 테라퓨틱스,5,60,14,39,74,1.0,10.0,29.23,9.86,47.76,65.06
83,APP.O,앱플로빈,5,60,14,39,74,1.0,10.0,29.23,47.75,39.96,72.82
83,RYTM.O,리듬 파머수티컬스,5,60,14,39,74,1.0,10.0,29.23,18.98,41.39,74.73
83,DKNG.O,드래프트킹즈 홀딩스,5,60,14,39,74,1.0,10.0,29.23,63.77,48.43,68.72
83,NTRA.O,나테라,5,60,14,39,74,1.0,10.0,29.23,60.86,45.85,63.74
83,ROIV.O,로이반트 사이언시스,5,60,14,39,74,1.0,10.0,29.23,0.0,37.83,72.07
83,DUOL.O,듀오링고,5,60,14,39,74,1.0,10.0,29.23,40.67,40.28,69.01
83,RVMD.O,레볼루션 메디신,5,60,14,39,74,1.0,10.0,29.23,29.94,40.4,68.55
83,CYTK.O,사이토키네틱스,5,60,14,39,74,1.0,10.0,29.23,18.01,40.73,69.83
83,LI.O,리 오토 ADR,5,60,14,39,74,1.0,10.0,29.23,0.0,40.05,74.53
83,CRNX.O,크리네틱스 파머슈티컬스,5,60,14,39,74,1.0,10.0,29.23,24.93,41.76,67.9
83,PRCT.O,프로셉트 바이오로보틱스,5,60,14,39,74,1.0,10.0,29.23,243.5,47.69,65.13
83,GLNG.O,골라 LNG,5,60,14,39,74,1.0,10.0,29.23,8.51,35.33,69.73
83,XENE.O,제논 파마슈티컬,5,60,14,39,74,1.0,10.0,29.23,26.14,44.09,68.48
83,FOLD.O,아미쿠스 테라퓨틱스,5,60,14,39,74,1.0,10.0,29.23,0.0,40.79,66.01
83,IRTC.O,아이리듬 테크놀로지스,5,60,14,39,74,1.0,10.0,29.23,17.26,44.51,63.94
83,CAR.O,에이비스 버짓 그룹,5,60,14,39,74,1.0,10.0,29.23,33.41,43.94,65.85
83,PRCT.O,프로셉트 바이오로보틱스,5,60,14,44,64,1.0,10.0,29.22,43.68,47.69,65.13
83,APPN.O,애피안,5,60,14,44,64,1.0,10.0,29.22,-18.1,41.01,68.26
83,PGNY.O,프로지니,5,60,14,44,64,1.0,10.0,29.22,-7.0,37.57,62.87
83,RYTM.O,리듬 파머수티컬스,5,60,14,44,64,1.0,10.0,29.22,9.05,41.39,74.73
83,IRTC.O,아이리듬 테크놀로지스,5,60,14,44,64,1.0,10.0,29.22,17.26,44.51,63.94
83,FOLD.O,아미쿠스 테라퓨틱스,5,60,14,44,64,1.0,10.0,29.22,23.01,40.79,66.01
83,XENE.O,제논 파마슈티컬,5,60,14,44,64,1.0,10.0,29.22,11.61,44.09,68.48
83,GLNG.O,골라 LNG,5,60,14,44,64,1.0,10.0,29.22,-3.62,35.33,69.73
83,CYTK.O,사이토키네틱스,5,60,14,44,64,1.0,10.0,29.22,77.9,40.73,69.83
83,CAR.O,에이비스 버짓 그룹,5,60,14,44,64,1.0,10.0,29.22,18.48,43.94,65.85
83,CRNX.O,크리네틱스 파머슈티컬스,5,60,14,44,64,1.0,10.0,29.22,44.28,41.76,67.9
83,CRSP.O,크리스퍼 테라퓨틱스,5,60,14,44,64,1.0,10.0,29.22,-5.29,47.76,65.06
83,RVMD.O,레볼루션 메디신,5,60,14,44,64,1.0,10.0,29.22,29.94,40.4,68.55
83,DUOL.O,듀오링고,5,60,14,44,64,1.0,10.0,29.22,59.0,40.28,69.01
83,ROIV.O,로이반트 사이언시스,5,60,14,44,64,1.0,10.0,29.22,0.0,37.83,72.07
83,NTRA.O,나테라,5,60,14,44,64,1.0,10.0,29.22,43.22,45.85,63.74
83,SNDX.O,신닥스 파마슈티컬스,5,60,14,44,64,1.0,10.0,29.22,19.75,40.01,73.29
83,GSHD.O,구스헤드 인슈어런스,5,60,14,44,64,1.0,10.0,29.22,6.17,49.07,60.42
83,APP.O,앱플로빈,5,60,14,44,64,1.0,10.0,29.22,28.97,39.96,72.82
83,SGH.O,스마트 글로벌 홀딩스,5,60,14,44,64,1.0,10.0,29.22,45.5,49.9,62.71
83,ACIC.O,아메리칸 코스탈 인슈어런스,5,60,14,44,64,1.0,10.0,29.22,-16.27,37.35,67.8
83,LI.O,리 오토 ADR,5,60,14,44,64,1.0,10.0,29.22,0.0,40.05,74.53
83,AFJKR.O,Aimei Health Technology Rights Exp 17 November 2028,5,60,14,44,64,1.0,10.0,29.22,0.0,42.5,62.37
83,METCB.O,라마코 리소시스 Class B,5,60,14,44,64,1.0,10.0,29.22,0.0,38.79,67.47
83,EGAN.O,이게인,5,60,14,44,64,1.0,10.0,29.22,-6.27,43.99,67.34
83,CPSS.O,컨슈머 포트폴리오 서비스,5,60,14,44,64,1.0,10.0,29.22,6.1,42.72,64.14
83,INOD.O,이노데이터,5,60,14,44,64,1.0,10.0,29.22,13.81,41.33,66.66
83,ATLC.O,아틀란티쿠스 홀딩스,5,60,14,44,64,1.0,10.0,29.22,5.71,45.9,68.82
83,FNKO.O,펀코,5,60,14,44,64,1.0,10.0,29.22,69.1,39.39,72.46
83,SGML.O,시그마 리튬,5,60,14,44,64,1.0,10.0,29.22,-48.46,44.12,65.71
83,MITK.O,마이텍 시스템즈,5,60,14,44,64,1.0,10.0,29.22,17.9,46.44,62.21
83,ADSE.O,애즈-테크 에너지,5,60,14,44,64,1.0,10.0,29.22,363.27,37.98,67.91
83,PNTG.O,페넌트 그룹,5,60,14,44,64,1.0,10.0,29.22,16.05,41.96,69.58
83,ANAB.O,어냅티스바이오,5,60,14,44,64,1.0,10.0,29.22,15.79,43.95,74.11
83,HROW.O,해로우,5,60,14,44,64,1.0,10.0,29.22,38.37,42.35,66.54
83,TARS.O,타서스 파마슈티컬스,5,60,14,44,64,1.0,10.0,29.22,48.67,40.22,69.67
83,ESTA.O,에스타블리쉬먼트 랩스 홀딩스,5,60,14,44,64,1.0,10.0,29.22,75.61,37.0,65.36
83,DKNG.O,드래프트킹즈 홀딩스,5,60,14,44,64,1.0,10.0,29.22,99.23,48.43,68.72
83,ONEW.O,원워터 마린,5,60,14,44,64,1.0,10.0,29.22,-2.89,42.06,65.99
83,ONEW.O,원워터 마린,5,60,14,44,69,1.0,10.0,27.17,-2.89,42.06,65.99
83,CAR.O,에이비스 버짓 그룹,5,60,14,44,69,1.0,10.0,27.17,23.54,43.94,65.85
83,PGNY.O,프로지니,5,60,14,44,69,1.0,10.0,27.17,-7.0,37.57,62.87
83,RYTM.O,리듬 파머수티컬스,5,60,14,44,69,1.0,10.0,27.17,18.67,41.39,74.73
83,IRTC.O,아이리듬 테크놀로지스,5,60,14,44,69,1.0,10.0,27.17,17.26,44.51,63.94
83,FOLD.O,아미쿠스 테라퓨틱스,5,60,14,44,69,1.0,10.0,27.17,27.94,40.79,66.01
83,XENE.O,제논 파마슈티컬,5,60,14,44,69,1.0,10.0,27.17,26.14,44.09,68.48
83,GLNG.O,골라 LNG,5,60,14,44,69,1.0,10.0,27.17,-3.62,35.33,69.73
83,PRCT.O,프로셉트 바이오로보틱스,5,60,14,44,69,1.0,10.0,27.17,70.63,47.69,65.13
83,CRNX.O,크리네틱스 파머슈티컬스,5,60,14,44,69,1.0,10.0,27.17,18.56,41.76,67.9
83,APP.O,앱플로빈,5,60,14,44,69,1.0,10.0,27.17,39.05,39.96,72.82
83,CRSP.O,크리스퍼 테라퓨틱스,5,60,14,44,69,1.0,10.0,27.17,-5.29,47.76,65.06
83,CYTK.O,사이토키네틱스,5,60,14,44,69,1.0,10.0,27.17,22.98,40.73,69.83
83,RVMD.O,레볼루션 메디신,5,60,14,44,69,1.0,10.0,27.17,29.94,40.4,68.55
83,DUOL.O,듀오링고,5,60,14,44,69,1.0,10.0,27.17,83.16,40.28,69.01
83,ROIV.O,로이반트 사이언시스,5,60,14,44,69,1.0,10.0,27.17,0.0,37.83,72.07
83,NTRA.O,나테라,5,60,14,44,69,1.0,10.0,27.17,52.78,45.85,63.74
83,DKNG.O,드래프트킹즈 홀딩스,5,60,14,44,69,1.0,10.0,27.17,63.77,48.43,68.72
83,APPN.O,애피안,5,60,14,44,69,1.0,10.0,27.17,-18.1,41.01,68.26
83,GSHD.O,구스헤드 인슈어런스,5,60,14,44,69,1.0,10.0,27.17,6.17,49.07,60.42
83,SNDX.O,신닥스 파마슈티컬스,5,60,14,44,69,1.0,10.0,27.17,19.75,40.01,73.29
83,SGH.O,스마트 글로벌 홀딩스,5,60,14,44,69,1.0,10.0,27.17,41.38,49.9,62.71
83,METCB.O,라마코 리소시스 Class B,5,60,14,44,69,1.0,10.0,27.17,0.0,38.79,67.47
83,EGAN.O,이게인,5,60,14,44,69,1.0,10.0,27.17,0.95,43.99,67.34
83,CPSS.O,컨슈머 포트폴리오 서비스,5,60,14,44,69,1.0,10.0,27.17,15.64,42.72,64.14
83,INOD.O,이노데이터,5,60,14,44,69,1.0,10.0,27.17,23.27,41.33,66.66
83,ATLC.O,아틀란티쿠스 홀딩스,5,60,14,44,69,1.0,10.0,27.17,7.73,45.9,68.82
83,ACIC.O,아메리칸 코스탈 인슈어런스,5,60,14,44,69,1.0,10.0,27.17,-13.66,37.35,67.8
83,FNKO.O,펀코,5,60,14,44,69,1.0,10.0,27.17,82.69,39.39,72.46
83,MITK.O,마이텍 시스템즈,5,60,14,44,69,1.0,10.0,27.17,28.36,46.44,62.21
83,ADSE.O,애즈-테크 에너지,5,60,14,44,69,1.0,10.0,27.17,236.56,37.98,67.91
83,PNTG.O,페넌트 그룹,5,60,14,44,69,1.0,10.0,27.17,16.05,41.96,69.58
83,ANAB.O,어냅티스바이오,5,60,14,44,69,1.0,10.0,27.17,15.79,43.95,74.11
83,HROW.O,해로우,5,60,14,44,69,1.0,10.0,27.17,45.75,42.35,66.54
83,TARS.O,타서스 파마슈티컬스,5,60,14,44,69,1.0,10.0,27.17,48.67,40.22,69.67
83,ESTA.O,에스타블리쉬먼트 랩스 홀딩스,5,60,14,44,69,1.0,10.0,27.17,75.61,37.0,65.36
83,SGML.O,시그마 리튬,5,60,14,44,69,1.0,10.0,27.17,-48.46,44.12,65.71
83,LI.O,리 오토 ADR,5,60,14,44,69,1.0,10.0,27.17,0.0,40.05,74.53
83,AFJKR.O,Aimei Health Technology Rights Exp 17 November 2028,5,60,14,44,69,1.0,10.0,27.17,0.0,42.5,62.37
83,ATLC.O,아틀란티쿠스 홀딩스,5,60,14,49,64,1.0,10.0,26.64,1.96,45.9,68.82
83,APPN.O,애피안,5,60,14,49,64,1.0,10.0,26.64,-23.53,41.01,68.26
83,SNDX.O,신닥스 파마슈티컬스,5,60,14,49,64,1.0,10.0,26.64,26.42,40.01,73.29
83,SGH.O,스마트 글로벌 홀딩스,5,60,14,49,64,1.0,10.0,26.64,24.3,49.9,62.71
83,SGML.O,시그마 리튬,5,60,14,49,64,1.0,10.0,26.64,-48.46,44.12,65.71
83,ESTA.O,에스타블리쉬먼트 랩스 홀딩스,5,60,14,49,64,1.0,10.0,26.64,75.61,37.0,65.36
83,TARS.O,타서스 파마슈티컬스,5,60,14,49,64,1.0,10.0,26.64,48.67,40.22,69.67
83,ONEW.O,원워터 마린,5,60,14,49,64,1.0,10.0,26.64,-11.36,42.06,65.99
83,ANAB.O,어냅티스바이오,5,60,14,49,64,1.0,10.0,26.64,15.79,43.95,74.11
83,PNTG.O,페넌트 그룹,5,60,14,49,64,1.0,10.0,26.64,16.05,41.96,69.58
83,ADSE.O,애즈-테크 에너지,5,60,14,49,64,1.0,10.0,26.64,363.27,37.98,67.91
83,MITK.O,마이텍 시스템즈,5,60,14,49,64,1.0,10.0,26.64,22.57,46.44,62.21
83,AFJKR.O,Aimei Health Technology Rights Exp 17 November 2028,5,60,14,49,64,1.0,10.0,26.64,0.0,42.5,62.37
83,METCB.O,라마코 리소시스 Class B,5,60,14,49,64,1.0,10.0,26.64,0.0,38.79,67.47
83,EGAN.O,이게인,5,60,14,49,64,1.0,10.0,26.64,-2.37,43.99,67.34
83,CPSS.O,컨슈머 포트폴리오 서비스,5,60,14,49,64,1.0,10.0,26.64,3.24,42.72,64.14
83,FNKO.O,펀코,5,60,14,49,64,1.0,10.0,26.64,0.35,39.39,72.46
83,ACIC.O,아메리칸 코스탈 인슈어런스,5,60,14,49,64,1.0,10.0,26.64,-4.87,37.35,67.8
83,INOD.O,이노데이터,5,60,14,49,64,1.0,10.0,26.64,11.18,41.33,66.66
83,GSHD.O,구스헤드 인슈어런스,5,60,14,49,64,1.0,10.0,26.64,6.17,49.07,60.42
83,HROW.O,해로우,5,60,14,49,64,1.0,10.0,26.64,30.94,42.35,66.54
83,PGNY.O,프로지니,5,60,14,49,64,1.0,10.0,26.64,-15.87,37.57,62.87
83,CYTK.O,사이토키네틱스,5,60,14,49,64,1.0,10.0,26.64,49.46,40.73,69.83
83,APP.O,앱플로빈,5,60,14,49,64,1.0,10.0,26.64,28.97,39.96,72.82
83,RYTM.O,리듬 파머수티컬스,5,60,14,49,64,1.0,10.0,26.64,12.11,41.39,74.73
83,LI.O,리 오토 ADR,5,60,14,49,64,1.0,10.0,26.64,-4.14,40.05,74.53
83,DKNG.O,드래프트킹즈 홀딩스,5,60,14,49,64,1.0,10.0,26.64,99.23,48.43,68.72
83,NTRA.O,나테라,5,60,14,49,64,1.0,10.0,26.64,59.29,45.85,63.74
83,DUOL.O,듀오링고,5,60,14,49,64,1.0,10.0,26.64,59.0,40.28,69.01
83,RVMD.O,레볼루션 메디신,5,60,14,49,64,1.0,10.0,26.64,15.07,40.4,68.55
83,ROIV.O,로이반트 사이언시스,5,60,14,49,64,1.0,10.0,26.64,0.0,37.83,72.07
83,CRSP.O,크리스퍼 테라퓨틱스,5,60,14,49,64,1.0,10.0,26.64,19.08,47.76,65.06
83,CRNX.O,크리네틱스 파머슈티컬스,5,60,14,49,64,1.0,10.0,26.64,27.83,41.76,67.9
83,CAR.O,에이비스 버짓 그룹,5,60,14,49,64,1.0,10.0,26.64,2.84,43.94,65.85
83,PRCT.O,프로셉트 바이오로보틱스,5,60,14,49,64,1.0,10.0,26.64,43.68,47.69,65.13
83,GLNG.O,골라 LNG,5,60,14,49,64,1.0,10.0,26.64,2.85,35.33,69.73
83,XENE.O,제논 파마슈티컬,5,60,14,49,64,1.0,10.0,26.64,40.26,44.09,68.48
83,FOLD.O,아미쿠스 테라퓨틱스,5,60,14,49,64,1.0,10.0,26.64,14.53,40.79,66.01
83,IRTC.O,아이리듬 테크놀로지스,5,60,14,49,64,1.0,10.0,26.64,28.66,44.51,63.94
83,XENE.O,제논 파마슈티컬,5,120,14,49,74,1.0,10.0,26.08,30.8,44.09,68.48
83,GSHD.O,구스헤드 인슈어런스,5,120,14,49,74,1.0,10.0,26.08,-3.61,49.07,60.42
83,APPN.O,애피안,5,120,14,49,74,1.0,10.0,26.08,-22.02,41.01,68.26
83,LI.O,리 오토 ADR,5,120,14,49,74,1.0,10.0,26.08,-5.62,40.05,74.53
83,PGNY.O,프로지니,5,120,14,49,74,1.0,10.0,26.08,-21.05,37.57,62.87
83,RYTM.O,리듬 파머수티컬스,5,120,14,49,74,1.0,10.0,26.08,9.82,41.39,74.73
83,IRTC.O,아이리듬 테크놀로지스,5,120,14,49,74,1.0,10.0,26.08,16.43,44.51,63.94
83,FOLD.O,아미쿠스 테라퓨틱스,5,120,14,49,74,1.0,10.0,26.08,22.09,40.79,66.01
83,DUOL.O,듀오링고,5,120,14,49,74,1.0,10.0,26.08,44.64,40.28,69.01
83,GLNG.O,골라 LNG,5,120,14,49,74,1.0,10.0,26.08,3.89,35.33,69.73
83,PRCT.O,프로셉트 바이오로보틱스,5,120,14,49,74,1.0,10.0,26.08,89.36,47.69,65.13
83,CAR.O,에이비스 버짓 그룹,5,120,14,49,74,1.0,10.0,26.08,22.32,43.94,65.85
83,CRNX.O,크리네틱스 파머슈티컬스,5,120,14,49,74,1.0,10.0,26.08,22.44,41.76,67.9
83,CRSP.O,크리스퍼 테라퓨틱스,5,120,14,49,74,1.0,10.0,26.08,-8.04,47.76,65.06
83,CYTK.O,사이토키네틱스,5,120,14,49,74,1.0,10.0,26.08,28.56,40.73,69.83
83,RVMD.O,레볼루션 메디신,5,120,14,49,74,1.0,10.0,26.08,13.85,40.4,68.55
83,ROIV.O,로이반트 사이언시스,5,120,14,49,74,1.0,10.0,26.08,0.0,37.83,72.07
83,SNDX.O,신닥스 파마슈티컬스,5,120,14,49,74,1.0,10.0,26.08,7.45,40.01,73.29
83,SGH.O,스마트 글로벌 홀딩스,5,120,14,49,74,1.0,10.0,26.08,38.61,49.9,62.71
83,SGML.O,시그마 리튬,5,120,14,49,74,1.0,10.0,26.08,0.0,44.12,65.71
83,ESTA.O,에스타블리쉬먼트 랩스 홀딩스,5,120,14,49,74,1.0,10.0,26.08,73.91,37.0,65.36
83,APP.O,앱플로빈,5,120,14,49,74,1.0,10.0,26.08,238.86,39.96,72.82
83,DKNG.O,드래프트킹즈 홀딩스,5,120,14,49,74,1.0,10.0,26.08,46.96,48.43,68.72
83,AFJKR.O,Aimei Health Technology Rights Exp 17 November 2028,5,120,14,49,74,1.0,10.0,26.08,0.0,42.5,62.37
83,METCB.O,라마코 리소시스 Class B,5,120,14,49,74,1.0,10.0,26.08,0.0,38.79,67.47
83,EGAN.O,이게인,5,120,14,49,74,1.0,10.0,26.08,1.78,43.99,67.34
83,CPSS.O,컨슈머 포트폴리오 서비스,5,120,14,49,74,1.0,10.0,26.08,11.59,42.72,64.14
83,ONEW.O,원워터 마린,5,120,14,49,74,1.0,10.0,26.08,-9.16,42.06,65.99
83,INOD.O,이노데이터,5,120,14,49,74,1.0,10.0,26.08,14.01,41.33,66.66
83,ATLC.O,아틀란티쿠스 홀딩스,5,120,14,49,74,1.0,10.0,26.08,10.61,45.9,68.82
83,ACIC.O,아메리칸 코스탈 인슈어런스,5,120,14,49,74,1.0,10.0,26.08,-3.67,37.35,67.8
83,FNKO.O,펀코,5,120,14,49,74,1.0,10.0,26.08,12.02,39.39,72.46
83,MITK.O,마이텍 시스템즈,5,120,14,49,74,1.0,10.0,26.08,18.8,46.44,62.21
83,ADSE.O,애즈-테크 에너지,5,120,14,49,74,1.0,10.0,26.08,158.41,37.98,67.91
83,PNTG.O,페넌트 그룹,5,120,14,49,74,1.0,10.0,26.08,17.84,41.96,69.58
83,ANAB.O,어냅티스바이오,5,120,14,49,74,1.0,10.0,26.08,17.12,43.95,74.11
83,HROW.O,해로우,5,120,14,49,74,1.0,10.0,26.08,28.47,42.35,66.54
83,TARS.O,타서스 파마슈티컬스,5,120,14,49,74,1.0,10.0,26.08,31.89,40.22,69.67
83,NTRA.O,나테라,5,120,14,49,74,1.0,10.0,26.08,57.56,45.85,63.74
83,NTRA.O,나테라,5,120,14,49,79,1.0,10.0,25.36,57.9,45.85,63.74
83,CPSS.O,컨슈머 포트폴리오 서비스,5,120,14,49,79,1.0,10.0,25.36,18.18,42.72,64.14
83,APPN.O,애피안,5,120,14,49,79,1.0,10.0,25.36,-22.02,41.01,68.26
83,RYTM.O,리듬 파머수티컬스,5,120,14,49,79,1.0,10.0,25.36,9.82,41.39,74.73
83,IRTC.O,아이리듬 테크놀로지스,5,120,14,49,79,1.0,10.0,25.36,16.43,44.51,63.94
83,FOLD.O,아미쿠스 테라퓨틱스,5,120,14,49,79,1.0,10.0,25.36,16.27,40.79,66.01
83,XENE.O,제논 파마슈티컬,5,120,14,49,79,1.0,10.0,25.36,24.5,44.09,68.48
83,GLNG.O,골라 LNG,5,120,14,49,79,1.0,10.0,25.36,3.89,35.33,69.73
83,PRCT.O,프로셉트 바이오로보틱스,5,120,14,49,79,1.0,10.0,25.36,84.18,47.69,65.13
83,CAR.O,에이비스 버짓 그룹,5,120,14,49,79,1.0,10.0,25.36,27.91,43.94,65.85
83,CRNX.O,크리네틱스 파머슈티컬스,5,120,14,49,79,1.0,10.0,25.36,24.75,41.76,67.9
83,CRSP.O,크리스퍼 테라퓨틱스,5,120,14,49,79,1.0,10.0,25.36,-8.04,47.76,65.06
83,CYTK.O,사이토키네틱스,5,120,14,49,79,1.0,10.0,25.36,21.84,40.73,69.83
83,RVMD.O,레볼루션 메디신,5,120,14,49,79,1.0,10.0,25.36,13.85,40.4,68.55
83,DUOL.O,듀오링고,5,120,14,49,79,1.0,10.0,25.36,44.64,40.28,69.01
83,ROIV.O,로이반트 사이언시스,5,120,14,49,79,1.0,10.0,25.36,0.0,37.83,72.07
83,APP.O,앱플로빈,5,120,14,49,79,1.0,10.0,25.36,215.63,39.96,72.82
83,LI.O,리 오토 ADR,5,120,14,49,79,1.0,10.0,25.36,-5.62,40.05,74.53
83,PGNY.O,프로지니,5,120,14,49,79,1.0,10.0,25.36,-21.05,37.57,62.87
83,GSHD.O,구스헤드 인슈어런스,5,120,14,49,79,1.0,10.0,25.36,-3.61,49.07,60.42
83,DKNG.O,드래프트킹즈 홀딩스,5,120,14,49,79,1.0,10.0,25.36,46.96,48.43,68.72
83,SNDX.O,신닥스 파마슈티컬스,5,120,14,49,79,1.0,10.0,25.36,7.45,40.01,73.29
83,EGAN.O,이게인,5,120,14,49,79,1.0,10.0,25.36,8.82,43.99,67.34
83,METCB.O,라마코 리소시스 Class B,5,120,14,49,79,1.0,10.0,25.36,0.0,38.79,67.47
83,ONEW.O,원워터 마린,5,120,14,49,79,1.0,10.0,25.36,-9.16,42.06,65.99
83,ATLC.O,아틀란티쿠스 홀딩스,5,120,14,49,79,1.0,10.0,25.36,10.61,45.9,68.82
83,ACIC.O,아메리칸 코스탈 인슈어런스,5,120,14,49,79,1.0,10.0,25.36,-1.46,37.35,67.8
83,FNKO.O,펀코,5,120,14,49,79,1.0,10.0,25.36,12.02,39.39,72.46
83,MITK.O,마이텍 시스템즈,5,120,14,49,79,1.0,10.0,25.36,7.72,46.44,62.21
83,ADSE.O,애즈-테크 에너지,5,120,14,49,79,1.0,10.0,25.36,158.41,37.98,67.91
83,PNTG.O,페넌트 그룹,5,120,14,49,79,1.0,10.0,25.36,17.84,41.96,69.58
83,ANAB.O,어냅티스바이오,5,120,14,49,79,1.0,10.0,25.36,17.12,43.95,74.11
83,HROW.O,해로우,5,120,14,49,79,1.0,10.0,25.36,22.57,42.35,66.54
83,TARS.O,타서스 파마슈티컬스,5,120,14,49,79,1.0,10.0,25.36,31.89,40.22,69.67
83,ESTA.O,에스타블리쉬먼트 랩스 홀딩스,5,120,14,49,79,1.0,10.0,25.36,105.35,37.0,65.36
83,SGML.O,시그마 리튬,5,120,14,49,79,1.0,10.0,25.36,0.0,44.12,65.71
83,SGH.O,스마트 글로벌 홀딩스,5,120,14,49,79,1.0,10.0,25.36,13.12,49.9,62.71
83,INOD.O,이노데이터,5,120,14,49,79,1.0,10.0,25.36,20.26,41.33,66.66
83,AFJKR.O,Aimei Health Technology Rights Exp 17 November 2028,5,120,14,49,79,1.0,10.0,25.36,0.0,42.5,62.37
83,METCB.O,라마코 리소시스 Class B,5,60,14,44,74,1.0,10.0,25.15,0.0,38.79,67.47
83,GSHD.O,구스헤드 인슈어런스,5,60,14,44,74,1.0,10.0,25.15,6.17,49.07,60.42
83,PGNY.O,프로지니,5,60,14,44,74,1.0,10.0,25.15,-7.0,37.57,62.87
83,RYTM.O,리듬 파머수티컬스,5,60,14,44,74,1.0,10.0,25.15,18.98,41.39,74.73
83,IRTC.O,아이리듬 테크놀로지스,5,60,14,44,74,1.0,10.0,25.15,17.26,44.51,63.94
83,FOLD.O,아미쿠스 테라퓨틱스,5,60,14,44,74,1.0,10.0,25.15,24.68,40.79,66.01
83,XENE.O,제논 파마슈티컬,5,60,14,44,74,1.0,10.0,25.15,26.14,44.09,68.48
83,GLNG.O,골라 LNG,5,60,14,44,74,1.0,10.0,25.15,0.69,35.33,69.73
83,PRCT.O,프로셉트 바이오로보틱스,5,60,14,44,74,1.0,10.0,25.15,70.63,47.69,65.13
83,CAR.O,에이비스 버짓 그룹,5,60,14,44,74,1.0,10.0,25.15,29.97,43.94,65.85
83,CRNX.O,크리네틱스 파머슈티컬스,5,60,14,44,74,1.0,10.0,25.15,24.93,41.76,67.9
83,CRSP.O,크리스퍼 테라퓨틱스,5,60,14,44,74,1.0,10.0,25.15,-5.29,47.76,65.06
83,CYTK.O,사이토키네틱스,5,60,14,44,74,1.0,10.0,25.15,28.38,40.73,69.83
83,DUOL.O,듀오링고,5,60,14,44,74,1.0,10.0,25.15,40.67,40.28,69.01
83,ROIV.O,로이반트 사이언시스,5,60,14,44,74,1.0,10.0,25.15,0.0,37.83,72.07
83,NTRA.O,나테라,5,60,14,44,74,1.0,10.0,25.15,58.46,45.85,63.74
83,DKNG.O,드래프트킹즈 홀딩스,5,60,14,44,74,1.0,10.0,25.15,63.77,48.43,68.72
83,APPN.O,애피안,5,60,14,44,74,1.0,10.0,25.15,-18.1,41.01,68.26
83,SNDX.O,신닥스 파마슈티컬스,5,60,14,44,74,1.0,10.0,25.15,7.14,40.01,73.29
83,APP.O,앱플로빈,5,60,14,44,74,1.0,10.0,25.15,47.75,39.96,72.82
83,SGH.O,스마트 글로벌 홀딩스,5,60,14,44,74,1.0,10.0,25.15,47.96,49.9,62.71
83,EGAN.O,이게인,5,60,14,44,74,1.0,10.0,25.15,0.95,43.99,67.34
83,CPSS.O,컨슈머 포트폴리오 서비스,5,60,14,44,74,1.0,10.0,25.15,17.05,42.72,64.14
83,ONEW.O,원워터 마린,5,60,14,44,74,1.0,10.0,25.15,-2.89,42.06,65.99
83,INOD.O,이노데이터,5,60,14,44,74,1.0,10.0,25.15,24.42,41.33,66.66
83,ATLC.O,아틀란티쿠스 홀딩스,5,60,14,44,74,1.0,10.0,25.15,12.38,45.9,68.82
83,ACIC.O,아메리칸 코스탈 인슈어런스,5,60,14,44,74,1.0,10.0,25.15,-6.97,37.35,67.8
83,FNKO.O,펀코,5,60,14,44,74,1.0,10.0,25.15,18.36,39.39,72.46
83,MITK.O,마이텍 시스템즈,5,60,14,44,74,1.0,10.0,25.15,28.36,46.44,62.21
83,ADSE.O,애즈-테크 에너지,5,60,14,44,74,1.0,10.0,25.15,215.71,37.98,67.91
83,PNTG.O,페넌트 그룹,5,60,14,44,74,1.0,10.0,25.15,16.05,41.96,69.58
83,ANAB.O,어냅티스바이오,5,60,14,44,74,1.0,10.0,25.15,15.79,43.95,74.11
83,HROW.O,해로우,5,60,14,44,74,1.0,10.0,25.15,52.19,42.35,66.54
83,TARS.O,타서스 파마슈티컬스,5,60,14,44,74,1.0,10.0,25.15,24.12,40.22,69.67
83,ESTA.O,에스타블리쉬먼트 랩스 홀딩스,5,60,14,44,74,1.0,10.0,25.15,100.68,37.0,65.36
83,SGML.O,시그마 리튬,5,60,14,44,74,1.0,10.0,25.15,-48.46,44.12,65.71
83,LI.O,리 오토 ADR,5,60,14,44,74,1.0,10.0,25.15,0.0,40.05,74.53
83,RVMD.O,레볼루션 메디신,5,60,14,44,74,1.0,10.0,25.15,29.94,40.4,68.55
83,AFJKR.O,Aimei Health Technology Rights Exp 17 November 2028,5,60,14,44,74,1.0,10.0,25.15,0.0,42.5,62.37
83,ONEW.O,원워터 마린,5,60,14,44,79,1.0,10.0,24.97,-2.89,42.06,65.99
83,RVMD.O,레볼루션 메디신,5,60,14,44,79,1.0,10.0,24.97,29.94,40.4,68.55
83,FOLD.O,아미쿠스 테라퓨틱스,5,60,14,44,79,1.0,10.0,24.97,19.19,40.79,66.01
83,XENE.O,제논 파마슈티컬,5,60,14,44,79,1.0,10.0,24.97,23.34,44.09,68.48
83,GLNG.O,골라 LNG,5,60,14,44,79,1.0,10.0,24.97,0.69,35.33,69.73
83,PRCT.O,프로셉트 바이오로보틱스,5,60,14,44,79,1.0,10.0,24.97,68.19,47.69,65.13
83,CPSS.O,컨슈머 포트폴리오 서비스,5,60,14,44,79,1.0,10.0,24.97,24.58,42.72,64.14
83,CRNX.O,크리네틱스 파머슈티컬스,5,60,14,44,79,1.0,10.0,24.97,27.08,41.76,67.9
83,CRSP.O,크리스퍼 테라퓨틱스,5,60,14,44,79,1.0,10.0,24.97,-5.29,47.76,65.06
83,CYTK.O,사이토키네틱스,5,60,14,44,79,1.0,10.0,24.97,21.78,40.73,69.83
83,DUOL.O,듀오링고,5,60,14,44,79,1.0,10.0,24.97,40.67,40.28,69.01
83,RYTM.O,리듬 파머수티컬스,5,60,14,44,79,1.0,10.0,24.97,18.98,41.39,74.73
83,ROIV.O,로이반트 사이언시스,5,60,14,44,79,1.0,10.0,24.97,0.0,37.83,72.07
83,NTRA.O,나테라,5,60,14,44,79,1.0,10.0,24.97,58.48,45.85,63.74
83,DKNG.O,드래프트킹즈 홀딩스,5,60,14,44,79,1.0,10.0,24.97,63.77,48.43,68.72
83,LI.O,리 오토 ADR,5,60,14,44,79,1.0,10.0,24.97,0.0,40.05,74.53
83,APP.O,앱플로빈,5,60,14,44,79,1.0,10.0,24.97,47.42,39.96,72.82
83,METCB.O,라마코 리소시스 Class B,5,60,14,44,79,1.0,10.0,24.97,0.0,38.79,67.47
83,AFJKR.O,Aimei Health Technology Rights Exp 17 November 2028,5,60,14,44,79,1.0,10.0,24.97,0.0,42.5,62.37
83,IRTC.O,아이리듬 테크놀로지스,5,60,14,44,79,1.0,10.0,24.97,17.26,44.51,63.94
83,CAR.O,에이비스 버짓 그룹,5,60,14,44,79,1.0,10.0,24.97,35.3,43.94,65.85
83,PGNY.O,프로지니,5,60,14,44,79,1.0,10.0,24.97,-7.0,37.57,62.87
83,ANAB.O,어냅티스바이오,5,60,14,44,79,1.0,10.0,24.97,15.79,43.95,74.11
83,EGAN.O,이게인,5,60,14,44,79,1.0,10.0,24.97,11.26,43.99,67.34
83,INOD.O,이노데이터,5,60,14,44,79,1.0,10.0,24.97,31.7,41.33,66.66
83,ACIC.O,아메리칸 코스탈 인슈어런스,5,60,14,44,79,1.0,10.0,24.97,-3.26,37.35,67.8
83,FNKO.O,펀코,5,60,14,44,79,1.0,10.0,24.97,18.36,39.39,72.46
83,MITK.O,마이텍 시스템즈,5,60,14,44,79,1.0,10.0,24.97,9.26,46.44,62.21
83,ADSE.O,애즈-테크 에너지,5,60,14,44,79,1.0,10.0,24.97,215.71,37.98,67.91
83,PNTG.O,페넌트 그룹,5,60,14,44,79,1.0,10.0,24.97,16.05,41.96,69.58
83,ATLC.O,아틀란티쿠스 홀딩스,5,60,14,44,79,1.0,10.0,24.97,12.38,45.9,68.82
83,HROW.O,해로우,5,60,14,44,79,1.0,10.0,24.97,40.11,42.35,66.54
83,ESTA.O,에스타블리쉬먼트 랩스 홀딩스,5,60,14,44,79,1.0,10.0,24.97,134.13,37.0,65.36
83,SGML.O,시그마 리튬,5,60,14,44,79,1.0,10.0,24.97,-48.46,44.12,65.71
83,SGH.O,스마트 글로벌 홀딩스,5,60,14,44,79,1.0,10.0,24.97,20.06,49.9,62.71
83,SNDX.O,신닥스 파마슈티컬스,5,60,14,44,79,1.0,10.0,24.97,7.14,40.01,73.29
83,GSHD.O,구스헤드 인슈어런스,5,60,14,44,79,1.0,10.0,24.97,6.17,49.07,60.42
83,APPN.O,애피안,5,60,14,44,79,1.0,10.0,24.97,-18.1,41.01,68.26
83,TARS.O,타서스 파마슈티컬스,5,60,14,44,79,1.0,10.0,24.97,24.12,40.22,69.67
83,RVMD.O,레볼루션 메디신,5,60,14,49,69,1.0,10.0,24.61,15.07,40.4,68.55
83,XENE.O,제논 파마슈티컬,5,60,14,49,69,1.0,10.0,24.61,46.26,44.09,68.48
83,GLNG.O,골라 LNG,5,60,14,49,69,1.0,10.0,24.61,4.53,35.33,69.73
83,PRCT.O,프로셉트 바이오로보틱스,5,60,14,49,69,1.0,10.0,24.61,70.63,47.69,65.13
83,CAR.O,에이비스 버짓 그룹,5,60,14,49,69,1.0,10.0,24.61,6.95,43.94,65.85
83,CRNX.O,크리네틱스 파머슈티컬스,5,60,14,49,69,1.0,10.0,24.61,18.56,41.76,67.9
83,CRSP.O,크리스퍼 테라퓨틱스,5,60,14,49,69,1.0,10.0,24.61,32.25,47.76,65.06
83,CYTK.O,사이토키네틱스,5,60,14,49,69,1.0,10.0,24.61,21.67,40.73,69.83
83,DKNG.O,드래프트킹즈 홀딩스,5,60,14,49,69,1.0,10.0,24.61,63.77,48.43,68.72
83,DUOL.O,듀오링고,5,60,14,49,69,1.0,10.0,24.61,83.16,40.28,69.01
83,ROIV.O,로이반트 사이언시스,5,60,14,49,69,1.0,10.0,24.61,0.0,37.83,72.07
83,NTRA.O,나테라,5,60,14,49,69,1.0,10.0,24.61,70.88,45.85,63.74
83,LI.O,리 오토 ADR,5,60,14,49,69,1.0,10.0,24.61,-4.14,40.05,74.53
83,APP.O,앱플로빈,5,60,14,49,69,1.0,10.0,24.61,39.05,39.96,72.82
83,AFJKR.O,Aimei Health Technology Rights Exp 17 November 2028,5,60,14,49,69,1.0,10.0,24.61,0.0,42.5,62.37
83,RYTM.O,리듬 파머수티컬스,5,60,14,49,69,1.0,10.0,24.61,9.06,41.39,74.73
83,FOLD.O,아미쿠스 테라퓨틱스,5,60,14,49,69,1.0,10.0,24.61,19.01,40.79,66.01
83,METCB.O,라마코 리소시스 Class B,5,60,14,49,69,1.0,10.0,24.61,0.0,38.79,67.47
83,IRTC.O,아이리듬 테크놀로지스,5,60,14,49,69,1.0,10.0,24.61,34.4,44.51,63.94
83,PNTG.O,페넌트 그룹,5,60,14,49,69,1.0,10.0,24.61,16.05,41.96,69.58
83,PGNY.O,프로지니,5,60,14,49,69,1.0,10.0,24.61,-15.87,37.57,62.87
83,CPSS.O,컨슈머 포트폴리오 서비스,5,60,14,49,69,1.0,10.0,24.61,10.06,42.72,64.14
83,ONEW.O,원워터 마린,5,60,14,49,69,1.0,10.0,24.61,-11.36,42.06,65.99
83,INOD.O,이노데이터,5,60,14,49,69,1.0,10.0,24.61,20.46,41.33,66.66
83,ATLC.O,아틀란티쿠스 홀딩스,5,60,14,49,69,1.0,10.0,24.61,4.06,45.9,68.82
83,ACIC.O,아메리칸 코스탈 인슈어런스,5,60,14,49,69,1.0,10.0,24.61,-6.65,37.35,67.8
83,FNKO.O,펀코,5,60,14,49,69,1.0,10.0,24.61,10.59,39.39,72.46
83,MITK.O,마이텍 시스템즈,5,60,14,49,69,1.0,10.0,24.61,24.7,46.44,62.21
83,ADSE.O,애즈-테크 에너지,5,60,14,49,69,1.0,10.0,24.61,236.56,37.98,67.91
83,EGAN.O,이게인,5,60,14,49,69,1.0,10.0,24.61,5.51,43.99,67.34
83,ANAB.O,어냅티스바이오,5,60,14,49,69,1.0,10.0,24.61,15.79,43.95,74.11
83,TARS.O,타서스 파마슈티컬스,5,60,14,49,69,1.0,10.0,24.61,48.67,40.22,69.67
83,ESTA.O,에스타블리쉬먼트 랩스 홀딩스,5,60,14,49,69,1.0,10.0,24.61,75.61,37.0,65.36
83,SGML.O,시그마 리튬,5,60,14,49,69,1.0,10.0,24.61,-48.46,44.12,65.71
83,SGH.O,스마트 글로벌 홀딩스,5,60,14,49,69,1.0,10.0,24.61,24.32,49.9,62.71
83,SNDX.O,신닥스 파마슈티컬스,5,60,14,49,69,1.0,10.0,24.61,10.03,40.01,73.29
83,GSHD.O,구스헤드 인슈어런스,5,60,14,49,69,1.0,10.0,24.61,6.17,49.07,60.42
83,APPN.O,애피안,5,60,14,49,69,1.0,10.0,24.61,-23.53,41.01,68.26
83,HROW.O,해로우,5,60,14,49,69,1.0,10.0,24.61,26.1,42.35,66.54
83,HROW.O,해로우,5,120,14,34,69,1.0,10.0,24.3,40.07,42.35,66.54
83,ANAB.O,어냅티스바이오,5,120,14,34,69,1.0,10.0,24.3,17.12,43.95,74.11
83,SGH.O,스마트 글로벌 홀딩스,5,120,14,34,69,1.0,10.0,24.3,0.0,49.9,62.71
83,TARS.O,타서스 파마슈티컬스,5,120,14,34,69,1.0,10.0,24.3,0.0,40.22,69.67
83,ESTA.O,에스타블리쉬먼트 랩스 홀딩스,5,120,14,34,69,1.0,10.0,24.3,53.88,37.0,65.36
83,SGML.O,시그마 리튬,5,120,14,34,69,1.0,10.0,24.3,0.0,44.12,65.71
83,MITK.O,마이텍 시스템즈,5,120,14,34,69,1.0,10.0,24.3,0.0,46.44,62.21
83,ADSE.O,애즈-테크 에너지,5,120,14,34,69,1.0,10.0,24.3,174.17,37.98,67.91
83,INOD.O,이노데이터,5,120,14,34,69,1.0,10.0,24.3,50.19,41.33,66.66
83,FNKO.O,펀코,5,120,14,34,69,1.0,10.0,24.3,0.0,39.39,72.46
83,ACIC.O,아메리칸 코스탈 인슈어런스,5,120,14,34,69,1.0,10.0,24.3,-3.67,37.35,67.8
83,ATLC.O,아틀란티쿠스 홀딩스,5,120,14,34,69,1.0,10.0,24.3,13.55,45.9,68.82
83,ONEW.O,원워터 마린,5,120,14,34,69,1.0,10.0,24.3,0.0,42.06,65.99
83,CPSS.O,컨슈머 포트폴리오 서비스,5,120,14,34,69,1.0,10.0,24.3,0.0,42.72,64.14
83,EGAN.O,이게인,5,120,14,34,69,1.0,10.0,24.3,0.0,43.99,67.34
83,METCB.O,라마코 리소시스 Class B,5,120,14,34,69,1.0,10.0,24.3,0.0,38.79,67.47
83,AFJKR.O,Aimei Health Technology Rights Exp 17 November 2028,5,120,14,34,69,1.0,10.0,24.3,0.0,42.5,62.37
83,GSHD.O,구스헤드 인슈어런스,5,120,14,34,69,1.0,10.0,24.3,0.0,49.07,60.42
83,SNDX.O,신닥스 파마슈티컬스,5,120,14,34,69,1.0,10.0,24.3,0.0,40.01,73.29
83,PNTG.O,페넌트 그룹,5,120,14,34,69,1.0,10.0,24.3,0.0,41.96,69.58
83,APPN.O,애피안,5,120,14,34,69,1.0,10.0,24.3,0.0,41.01,68.26
83,CRSP.O,크리스퍼 테라퓨틱스,5,120,14,34,69,1.0,10.0,24.3,0.0,47.76,65.06
83,PGNY.O,프로지니,5,120,14,34,69,1.0,10.0,24.3,0.0,37.57,62.87
83,LI.O,리 오토 ADR,5,120,14,34,69,1.0,10.0,24.3,0.0,40.05,74.53
83,DKNG.O,드래프트킹즈 홀딩스,5,120,14,34,69,1.0,10.0,24.3,0.0,48.43,68.72
83,NTRA.O,나테라,5,120,14,34,69,1.0,10.0,24.3,0.0,45.85,63.74
83,ROIV.O,로이반트 사이언시스,5,120,14,34,69,1.0,10.0,24.3,0.0,37.83,72.07
83,DUOL.O,듀오링고,5,120,14,34,69,1.0,10.0,24.3,191.49,40.28,69.01
83,RVMD.O,레볼루션 메디신,5,120,14,34,69,1.0,10.0,24.3,0.0,40.4,68.55
83,CYTK.O,사이토키네틱스,5,120,14,34,69,1.0,10.0,24.3,12.7,40.73,69.83
83,APP.O,앱플로빈,5,120,14,34,69,1.0,10.0,24.3,249.98,39.96,72.82
83,CRNX.O,크리네틱스 파머슈티컬스,5,120,14,34,69,1.0,10.0,24.3,0.0,41.76,67.9
83,PRCT.O,프로셉트 바이오로보틱스,5,120,14,34,69,1.0,10.0,24.3,0.0,47.69,65.13
83,GLNG.O,골라 LNG,5,120,14,34,69,1.0,10.0,24.3,92.41,35.33,69.73
83,XENE.O,제논 파마슈티컬,5,120,14,34,69,1.0,10.0,24.3,30.8,44.09,68.48
83,FOLD.O,아미쿠스 테라퓨틱스,5,120,14,34,69,1.0,10.0,24.3,0.0,40.79,66.01
83,IRTC.O,아이리듬 테크놀로지스,5,120,14,34,69,1.0,10.0,24.3,0.0,44.51,63.94
83,CAR.O,에이비스 버짓 그룹,5,120,14,34,69,1.0,10.0,24.3,0.0,43.94,65.85
83,RYTM.O,리듬 파머수티컬스,5,120,14,34,69,1.0,10.0,24.3,25.16,41.39,74.73
83,CRNX.O,크리네틱스 파머슈티컬스,5,60,14,49,74,1.0,10.0,23.99,24.93,41.76,67.9
83,RYTM.O,리듬 파머수티컬스,5,60,14,49,74,1.0,10.0,23.99,10.2,41.39,74.73
83,IRTC.O,아이리듬 테크놀로지스,5,60,14,49,74,1.0,10.0,23.99,54.16,44.51,63.94
83,FOLD.O,아미쿠스 테라퓨틱스,5,60,14,49,74,1.0,10.0,23.99,17.51,40.79,66.01
83,XENE.O,제논 파마슈티컬,5,60,14,49,74,1.0,10.0,23.99,46.26,44.09,68.48
83,GLNG.O,골라 LNG,5,60,14,49,74,1.0,10.0,23.99,5.64,35.33,69.73
83,PRCT.O,프로셉트 바이오로보틱스,5,60,14,49,74,1.0,10.0,23.99,70.63,47.69,65.13
83,CAR.O,에이비스 버짓 그룹,5,60,14,49,74,1.0,10.0,23.99,12.11,43.94,65.85
83,RVMD.O,레볼루션 메디신,5,60,14,49,74,1.0,10.0,23.99,15.07,40.4,68.55
83,CRSP.O,크리스퍼 테라퓨틱스,5,60,14,49,74,1.0,10.0,23.99,32.25,47.76,65.06
83,CYTK.O,사이토키네틱스,5,60,14,49,74,1.0,10.0,23.99,27.15,40.73,69.83
83,DUOL.O,듀오링고,5,60,14,49,74,1.0,10.0,23.99,40.67,40.28,69.01
83,ROIV.O,로이반트 사이언시스,5,60,14,49,74,1.0,10.0,23.99,0.0,37.83,72.07
83,NTRA.O,나테라,5,60,14,49,74,1.0,10.0,23.99,79.24,45.85,63.74
83,DKNG.O,드래프트킹즈 홀딩스,5,60,14,49,74,1.0,10.0,23.99,63.77,48.43,68.72
83,LI.O,리 오토 ADR,5,60,14,49,74,1.0,10.0,23.99,-4.14,40.05,74.53
83,APPN.O,애피안,5,60,14,49,74,1.0,10.0,23.99,-23.53,41.01,68.26
83,PGNY.O,프로지니,5,60,14,49,74,1.0,10.0,23.99,-15.87,37.57,62.87
83,PNTG.O,페넌트 그룹,5,60,14,49,74,1.0,10.0,23.99,16.05,41.96,69.58
83,GSHD.O,구스헤드 인슈어런스,5,60,14,49,74,1.0,10.0,23.99,6.17,49.07,60.42
83,SNDX.O,신닥스 파마슈티컬스,5,60,14,49,74,1.0,10.0,23.99,7.14,40.01,73.29
83,EGAN.O,이게인,5,60,14,49,74,1.0,10.0,23.99,-1.52,43.99,67.34
83,CPSS.O,컨슈머 포트폴리오 서비스,5,60,14,49,74,1.0,10.0,23.99,11.09,42.72,64.14
83,ONEW.O,원워터 마린,5,60,14,49,74,1.0,10.0,23.99,-11.36,42.06,65.99
83,INOD.O,이노데이터,5,60,14,49,74,1.0,10.0,23.99,16.05,41.33,66.66
83,ATLC.O,아틀란티쿠스 홀딩스,5,60,14,49,74,1.0,10.0,23.99,8.37,45.9,68.82
83,ACIC.O,아메리칸 코스탈 인슈어런스,5,60,14,49,74,1.0,10.0,23.99,-2.67,37.35,67.8
83,FNKO.O,펀코,5,60,14,49,74,1.0,10.0,23.99,-10.84,39.39,72.46
83,MITK.O,마이텍 시스템즈,5,60,14,49,74,1.0,10.0,23.99,24.7,46.44,62.21
83,ADSE.O,애즈-테크 에너지,5,60,14,49,74,1.0,10.0,23.99,215.71,37.98,67.91
83,ANAB.O,어냅티스바이오,5,60,14,49,74,1.0,10.0,23.99,15.79,43.95,74.11
83,HROW.O,해로우,5,60,14,49,74,1.0,10.0,23.99,31.28,42.35,66.54
83,TARS.O,타서스 파마슈티컬스,5,60,14,49,74,1.0,10.0,23.99,24.12,40.22,69.67
83,ESTA.O,에스타블리쉬먼트 랩스 홀딩스,5,60,14,49,74,1.0,10.0,23.99,100.68,37.0,65.36
83,SGML.O,시그마 리튬,5,60,14,49,74,1.0,10.0,23.99,-48.46,44.12,65.71
83,SGH.O,스마트 글로벌 홀딩스,5,60,14,49,74,1.0,10.0,23.99,29.65,49.9,62.71
83,METCB.O,라마코 리소시스 Class B,5,60,14,49,74,1.0,10.0,23.99,0.0,38.79,67.47
83,APP.O,앱플로빈,5,60,14,49,74,1.0,10.0,23.99,47.75,39.96,72.82
83,AFJKR.O,Aimei Health Technology Rights Exp 17 November 2028,5,60,14,49,74,1.0,10.0,23.99,0.0,42.5,62.37
83,PNTG.O,페넌트 그룹,5,120,14,34,64,1.0,10.0,23.96,0.0,41.96,69.58
83,SNDX.O,신닥스 파마슈티컬스,5,120,14,34,64,1.0,10.0,23.96,0.0,40.01,73.29
83,SGH.O,스마트 글로벌 홀딩스,5,120,14,34,64,1.0,10.0,23.96,0.0,49.9,62.71
83,SGML.O,시그마 리튬,5,120,14,34,64,1.0,10.0,23.96,0.0,44.12,65.71
83,ESTA.O,에스타블리쉬먼트 랩스 홀딩스,5,120,14,34,64,1.0,10.0,23.96,53.88,37.0,65.36
83,TARS.O,타서스 파마슈티컬스,5,120,14,34,64,1.0,10.0,23.96,0.0,40.22,69.67
83,HROW.O,해로우,5,120,14,34,64,1.0,10.0,23.96,27.63,42.35,66.54
83,ANAB.O,어냅티스바이오,5,120,14,34,64,1.0,10.0,23.96,17.12,43.95,74.11
83,ADSE.O,애즈-테크 에너지,5,120,14,34,64,1.0,10.0,23.96,247.4,37.98,67.91
83,APPN.O,애피안,5,120,14,34,64,1.0,10.0,23.96,0.0,41.01,68.26
83,MITK.O,마이텍 시스템즈,5,120,14,34,64,1.0,10.0,23.96,0.0,46.44,62.21
83,FNKO.O,펀코,5,120,14,34,64,1.0,10.0,23.96,0.0,39.39,72.46
83,ACIC.O,아메리칸 코스탈 인슈어런스,5,120,14,34,64,1.0,10.0,23.96,-7.01,37.35,67.8
83,ATLC.O,아틀란티쿠스 홀딩스,5,120,14,34,64,1.0,10.0,23.96,9.95,45.9,68.82
83,INOD.O,이노데이터,5,120,14,34,64,1.0,10.0,23.96,29.24,41.33,66.66
83,ONEW.O,원워터 마린,5,120,14,34,64,1.0,10.0,23.96,0.0,42.06,65.99
83,CPSS.O,컨슈머 포트폴리오 서비스,5,120,14,34,64,1.0,10.0,23.96,0.0,42.72,64.14
83,GSHD.O,구스헤드 인슈어런스,5,120,14,34,64,1.0,10.0,23.96,0.0,49.07,60.42
83,PGNY.O,프로지니,5,120,14,34,64,1.0,10.0,23.96,0.0,37.57,62.87
83,AFJKR.O,Aimei Health Technology Rights Exp 17 November 2028,5,120,14,34,64,1.0,10.0,23.96,0.0,42.5,62.37
83,CYTK.O,사이토키네틱스,5,120,14,34,64,1.0,10.0,23.96,34.86,40.73,69.83
83,APP.O,앱플로빈,5,120,14,34,64,1.0,10.0,23.96,237.85,39.96,72.82
83,LI.O,리 오토 ADR,5,120,14,34,64,1.0,10.0,23.96,0.0,40.05,74.53
83,DKNG.O,드래프트킹즈 홀딩스,5,120,14,34,64,1.0,10.0,23.96,0.0,48.43,68.72
83,NTRA.O,나테라,5,120,14,34,64,1.0,10.0,23.96,0.0,45.85,63.74
83,ROIV.O,로이반트 사이언시스,5,120,14,34,64,1.0,10.0,23.96,0.0,37.83,72.07
83,DUOL.O,듀오링고,5,120,14,34,64,1.0,10.0,23.96,161.9,40.28,69.01
83,RVMD.O,레볼루션 메디신,5,120,14,34,64,1.0,10.0,23.96,0.0,40.4,68.55
83,CRSP.O,크리스퍼 테라퓨틱스,5,120,14,34,64,1.0,10.0,23.96,0.0,47.76,65.06
83,RYTM.O,리듬 파머수티컬스,5,120,14,34,64,1.0,10.0,23.96,14.84,41.39,74.73
83,CRNX.O,크리네틱스 파머슈티컬스,5,120,14,34,64,1.0,10.0,23.96,0.0,41.76,67.9
83,CAR.O,에이비스 버짓 그룹,5,120,14,34,64,1.0,10.0,23.96,0.0,43.94,65.85
83,PRCT.O,프로셉트 바이오로보틱스,5,120,14,34,64,1.0,10.0,23.96,0.0,47.69,65.13
83,GLNG.O,골라 LNG,5,120,14,34,64,1.0,10.0,23.96,92.41,35.33,69.73
83,XENE.O,제논 파마슈티컬,5,120,14,34,64,1.0,10.0,23.96,14.36,44.09,68.48
83,FOLD.O,아미쿠스 테라퓨틱스,5,120,14,34,64,1.0,10.0,23.96,0.0,40.79,66.01
83,IRTC.O,아이리듬 테크놀로지스,5,120,14,34,64,1.0,10.0,23.96,0.0,44.51,63.94
83,METCB.O,라마코 리소시스 Class B,5,120,14,34,64,1.0,10.0,23.96,0.0,38.79,67.47
83,EGAN.O,이게인,5,120,14,34,64,1.0,10.0,23.96,0.0,43.99,67.34
83,APP.O,앱플로빈,5,60,14,49,79,1.0,10.0,23.26,47.42,39.96,72.82
83,SGH.O,스마트 글로벌 홀딩스,5,60,14,49,79,1.0,10.0,23.26,13.67,49.9,62.71
83,ESTA.O,에스타블리쉬먼트 랩스 홀딩스,5,60,14,49,79,1.0,10.0,23.26,134.13,37.0,65.36
83,TARS.O,타서스 파마슈티컬스,5,60,14,49,79,1.0,10.0,23.26,24.12,40.22,69.67
83,HROW.O,해로우,5,60,14,49,79,1.0,10.0,23.26,23.26,42.35,66.54
83,ANAB.O,어냅티스바이오,5,60,14,49,79,1.0,10.0,23.26,15.79,43.95,74.11
83,PNTG.O,페넌트 그룹,5,60,14,49,79,1.0,10.0,23.26,16.05,41.96,69.58
83,ADSE.O,애즈-테크 에너지,5,60,14,49,79,1.0,10.0,23.26,215.71,37.98,67.91
83,MITK.O,마이텍 시스템즈,5,60,14,49,79,1.0,10.0,23.26,9.26,46.44,62.21
83,FNKO.O,펀코,5,60,14,49,79,1.0,10.0,23.26,-10.84,39.39,72.46
83,ACIC.O,아메리칸 코스탈 인슈어런스,5,60,14,49,79,1.0,10.0,23.26,-0.46,37.35,67.8
83,ATLC.O,아틀란티쿠스 홀딩스,5,60,14,49,79,1.0,10.0,23.26,8.37,45.9,68.82
83,INOD.O,이노데이터,5,60,14,49,79,1.0,10.0,23.26,22.29,41.33,66.66
83,ONEW.O,원워터 마린,5,60,14,49,79,1.0,10.0,23.26,-11.36,42.06,65.99
83,CPSS.O,컨슈머 포트폴리오 서비스,5,60,14,49,79,1.0,10.0,23.26,16.35,42.72,64.14
83,EGAN.O,이게인,5,60,14,49,79,1.0,10.0,23.26,4.33,43.99,67.34
83,LI.O,리 오토 ADR,5,60,14,49,79,1.0,10.0,23.26,-4.14,40.05,74.53
83,METCB.O,라마코 리소시스 Class B,5,60,14,49,79,1.0,10.0,23.26,0.0,38.79,67.47
83,AFJKR.O,Aimei Health Technology Rights Exp 17 November 2028,5,60,14,49,79,1.0,10.0,23.26,0.0,42.5,62.37
83,SGML.O,시그마 리튬,5,60,14,49,79,1.0,10.0,23.26,-48.46,44.12,65.71
83,PGNY.O,프로지니,5,60,14,49,79,1.0,10.0,23.26,-15.87,37.57,62.87
83,SNDX.O,신닥스 파마슈티컬스,5,60,14,49,79,1.0,10.0,23.26,7.14,40.01,73.29
83,CRNX.O,크리네틱스 파머슈티컬스,5,60,14,49,79,1.0,10.0,23.26,27.08,41.76,67.9
83,GSHD.O,구스헤드 인슈어런스,5,60,14,49,79,1.0,10.0,23.26,6.17,49.07,60.42
83,ROIV.O,로이반트 사이언시스,5,60,14,49,79,1.0,10.0,23.26,0.0,37.83,72.07
83,NTRA.O,나테라,5,60,14,49,79,1.0,10.0,23.26,58.48,45.85,63.74
83,DKNG.O,드래프트킹즈 홀딩스,5,60,14,49,79,1.0,10.0,23.26,63.77,48.43,68.72
83,DUOL.O,듀오링고,5,60,14,49,79,1.0,10.0,23.26,40.67,40.28,69.01
83,RVMD.O,레볼루션 메디신,5,60,14,49,79,1.0,10.0,23.26,15.07,40.4,68.55
83,CRSP.O,크리스퍼 테라퓨틱스,5,60,14,49,79,1.0,10.0,23.26,39.02,47.76,65.06
83,CYTK.O,사이토키네틱스,5,60,14,49,79,1.0,10.0,23.26,21.78,40.73,69.83
83,CAR.O,에이비스 버짓 그룹,5,60,14,49,79,1.0,10.0,23.26,17.34,43.94,65.85
83,PRCT.O,프로셉트 바이오로보틱스,5,60,14,49,79,1.0,10.0,23.26,68.19,47.69,65.13
83,GLNG.O,골라 LNG,5,60,14,49,79,1.0,10.0,23.26,5.64,35.33,69.73
83,XENE.O,제논 파마슈티컬,5,60,14,49,79,1.0,10.0,23.26,23.34,44.09,68.48
83,FOLD.O,아미쿠스 테라퓨틱스,5,60,14,49,79,1.0,10.0,23.26,13.09,40.79,66.01
83,IRTC.O,아이리듬 테크놀로지스,5,60,14,49,79,1.0,10.0,23.26,54.16,44.51,63.94
83,RYTM.O,리듬 파머수티컬스,5,60,14,49,79,1.0,10.0,23.26,10.2,41.39,74.73
83,APPN.O,애피안,5,60,14,49,79,1.0,10.0,23.26,-23.53,41.01,68.26
83,CAR.O,에이비스 버짓 그룹,5,120,14,34,79,1.0,10.0,22.11,0.0,43.94,65.85
83,RYTM.O,리듬 파머수티컬스,5,120,14,34,79,1.0,10.0,22.11,24.71,41.39,74.73
83,IRTC.O,아이리듬 테크놀로지스,5,120,14,34,79,1.0,10.0,22.11,0.0,44.51,63.94
83,FOLD.O,아미쿠스 테라퓨틱스,5,120,14,34,79,1.0,10.0,22.11,0.0,40.79,66.01
83,XENE.O,제논 파마슈티컬,5,120,14,34,79,1.0,10.0,22.11,24.5,44.09,68.48
83,GLNG.O,골라 LNG,5,120,14,34,79,1.0,10.0,22.11,43.11,35.33,69.73
83,PRCT.O,프로셉트 바이오로보틱스,5,120,14,34,79,1.0,10.0,22.11,0.0,47.69,65.13
83,LI.O,리 오토 ADR,5,120,14,34,79,1.0,10.0,22.11,0.0,40.05,74.53
83,CRNX.O,크리네틱스 파머슈티컬스,5,120,14,34,79,1.0,10.0,22.11,0.0,41.76,67.9
83,CRSP.O,크리스퍼 테라퓨틱스,5,120,14,34,79,1.0,10.0,22.11,0.0,47.76,65.06
83,RVMD.O,레볼루션 메디신,5,120,14,34,79,1.0,10.0,22.11,0.0,40.4,68.55
83,DUOL.O,듀오링고,5,120,14,34,79,1.0,10.0,22.11,72.34,40.28,69.01
83,ROIV.O,로이반트 사이언시스,5,120,14,34,79,1.0,10.0,22.11,0.0,37.83,72.07
83,NTRA.O,나테라,5,120,14,34,79,1.0,10.0,22.11,0.0,45.85,63.74
83,DKNG.O,드래프트킹즈 홀딩스,5,120,14,34,79,1.0,10.0,22.11,0.0,48.43,68.72
83,GSHD.O,구스헤드 인슈어런스,5,120,14,34,79,1.0,10.0,22.11,0.0,49.07,60.42
83,APPN.O,애피안,5,120,14,34,79,1.0,10.0,22.11,0.0,41.01,68.26
83,CYTK.O,사이토키네틱스,5,120,14,34,79,1.0,10.0,22.11,21.84,40.73,69.83
83,SNDX.O,신닥스 파마슈티컬스,5,120,14,34,79,1.0,10.0,22.11,0.0,40.01,73.29
83,ACIC.O,아메리칸 코스탈 인슈어런스,5,120,14,34,79,1.0,10.0,22.11,11.85,37.35,67.8
83,SGH.O,스마트 글로벌 홀딩스,5,120,14,34,79,1.0,10.0,22.11,0.0,49.9,62.71
83,AFJKR.O,Aimei Health Technology Rights Exp 17 November 2028,5,120,14,34,79,1.0,10.0,22.11,0.0,42.5,62.37
83,METCB.O,라마코 리소시스 Class B,5,120,14,34,79,1.0,10.0,22.11,0.0,38.79,67.47
83,APP.O,앱플로빈,5,120,14,34,79,1.0,10.0,22.11,215.63,39.96,72.82
83,EGAN.O,이게인,5,120,14,34,79,1.0,10.0,22.11,0.0,43.99,67.34
83,CPSS.O,컨슈머 포트폴리오 서비스,5,120,14,34,79,1.0,10.0,22.11,0.0,42.72,64.14
83,ONEW.O,원워터 마린,5,120,14,34,79,1.0,10.0,22.11,0.0,42.06,65.99
83,INOD.O,이노데이터,5,120,14,34,79,1.0,10.0,22.11,78.77,41.33,66.66
83,ATLC.O,아틀란티쿠스 홀딩스,5,120,14,34,79,1.0,10.0,22.11,23.35,45.9,68.82
83,PGNY.O,프로지니,5,120,14,34,79,1.0,10.0,22.11,0.0,37.57,62.87
83,FNKO.O,펀코,5,120,14,34,79,1.0,10.0,22.11,0.0,39.39,72.46
83,SGML.O,시그마 리튬,5,120,14,34,79,1.0,10.0,22.11,0.0,44.12,65.71
83,ADSE.O,애즈-테크 에너지,5,120,14,34,79,1.0,10.0,22.11,158.41,37.98,67.91
83,PNTG.O,페넌트 그룹,5,120,14,34,79,1.0,10.0,22.11,0.0,41.96,69.58
83,ANAB.O,어냅티스바이오,5,120,14,34,79,1.0,10.0,22.11,17.12,43.95,74.11
83,HROW.O,해로우,5,120,14,34,79,1.0,10.0,22.11,37.34,42.35,66.54
83,TARS.O,타서스 파마슈티컬스,5,120,14,34,79,1.0,10.0,22.11,0.0,40.22,69.67
83,ESTA.O,에스타블리쉬먼트 랩스 홀딩스,5,120,14,34,79,1.0,10.0,22.11,133.35,37.0,65.36
83,MITK.O,마이텍 시스템즈,5,120,14,34,79,1.0,10.0,22.11,0.0,46.44,62.21
83,ESTA.O,에스타블리쉬먼트 랩스 홀딩스,5,60,14,29,64,1.0,10.0,21.97,0.0,37.0,65.36
83,TARS.O,타서스 파마슈티컬스,5,60,14,29,64,1.0,10.0,21.97,0.0,40.22,69.67
83,HROW.O,해로우,5,60,14,29,64,1.0,10.0,21.97,0.0,42.35,66.54
83,ANAB.O,어냅티스바이오,5,60,14,29,64,1.0,10.0,21.97,0.0,43.95,74.11
83,PNTG.O,페넌트 그룹,5,60,14,29,64,1.0,10.0,21.97,0.0,41.96,69.58
83,ADSE.O,애즈-테크 에너지,5,60,14,29,64,1.0,10.0,21.97,363.27,37.98,67.91
83,MITK.O,마이텍 시스템즈,5,60,14,29,64,1.0,10.0,21.97,0.0,46.44,62.21
83,INOD.O,이노데이터,5,60,14,29,64,1.0,10.0,21.97,21.22,41.33,66.66
83,FNKO.O,펀코,5,60,14,29,64,1.0,10.0,21.97,0.0,39.39,72.46
83,ACIC.O,아메리칸 코스탈 인슈어런스,5,60,14,29,64,1.0,10.0,21.97,-5.24,37.35,67.8
83,ATLC.O,아틀란티쿠스 홀딩스,5,60,14,29,64,1.0,10.0,21.97,0.0,45.9,68.82
83,SGH.O,스마트 글로벌 홀딩스,5,60,14,29,64,1.0,10.0,21.97,0.0,49.9,62.71
83,ONEW.O,원워터 마린,5,60,14,29,64,1.0,10.0,21.97,0.0,42.06,65.99
83,CPSS.O,컨슈머 포트폴리오 서비스,5,60,14,29,64,1.0,10.0,21.97,0.0,42.72,64.14
83,EGAN.O,이게인,5,60,14,29,64,1.0,10.0,21.97,0.0,43.99,67.34
83,METCB.O,라마코 리소시스 Class B,5,60,14,29,64,1.0,10.0,21.97,0.0,38.79,67.47
83,AFJKR.O,Aimei Health Technology Rights Exp 17 November 2028,5,60,14,29,64,1.0,10.0,21.97,0.0,42.5,62.37
83,SGML.O,시그마 리튬,5,60,14,29,64,1.0,10.0,21.97,0.0,44.12,65.71
83,RYTM.O,리듬 파머수티컬스,5,60,14,29,64,1.0,10.0,21.97,0.0,41.39,74.73
83,SNDX.O,신닥스 파마슈티컬스,5,60,14,29,64,1.0,10.0,21.97,0.0,40.01,73.29
83,CRSP.O,크리스퍼 테라퓨틱스,5,60,14,29,64,1.0,10.0,21.97,0.0,47.76,65.06
83,DKNG.O,드래프트킹즈 홀딩스,5,60,14,29,64,1.0,10.0,21.97,0.0,48.43,68.72
83,NTRA.O,나테라,5,60,14,29,64,1.0,10.0,21.97,0.0,45.85,63.74
83,APP.O,앱플로빈,5,60,14,29,64,1.0,10.0,21.97,319.6,39.96,72.82
83,ROIV.O,로이반트 사이언시스,5,60,14,29,64,1.0,10.0,21.97,0.0,37.83,72.07
83,DUOL.O,듀오링고,5,60,14,29,64,1.0,10.0,21.97,0.0,40.28,69.01
83,RVMD.O,레볼루션 메디신,5,60,14,29,64,1.0,10.0,21.97,0.0,40.4,68.55
83,CYTK.O,사이토키네틱스,5,60,14,29,64,1.0,10.0,21.97,26.19,40.73,69.83
83,CRNX.O,크리네틱스 파머슈티컬스,5,60,14,29,64,1.0,10.0,21.97,0.0,41.76,67.9
83,GSHD.O,구스헤드 인슈어런스,5,60,14,29,64,1.0,10.0,21.97,0.0,49.07,60.42
83,PRCT.O,프로셉트 바이오로보틱스,5,60,14,29,64,1.0,10.0,21.97,0.0,47.69,65.13
83,GLNG.O,골라 LNG,5,60,14,29,64,1.0,10.0,21.97,0.0,35.33,69.73
83,XENE.O,제논 파마슈티컬,5,60,14,29,64,1.0,10.0,21.97,131.64,44.09,68.48
83,FOLD.O,아미쿠스 테라퓨틱스,5,60,14,29,64,1.0,10.0,21.97,0.0,40.79,66.01
83,IRTC.O,아이리듬 테크놀로지스,5,60,14,29,64,1.0,10.0,21.97,0.0,44.51,63.94
83,PGNY.O,프로지니,5,60,14,29,64,1.0,10.0,21.97,0.0,37.57,62.87
83,APPN.O,애피안,5,60,14,29,64,1.0,10.0,21.97,0.0,41.01,68.26
83,CAR.O,에이비스 버짓 그룹,5,60,14,29,64,1.0,10.0,21.97,0.0,43.94,65.85
83,LI.O,리 오토 ADR,5,60,14,29,64,1.0,10.0,21.97,0.0,40.05,74.53
83,ATLC.O,아틀란티쿠스 홀딩스,5,60,14,29,59,1.0,10.0,21.67,0.0,45.9,68.82
83,ANAB.O,어냅티스바이오,5,60,14,29,59,1.0,10.0,21.67,0.0,43.95,74.11
83,GSHD.O,구스헤드 인슈어런스,5,60,14,29,59,1.0,10.0,21.67,0.0,49.07,60.42
83,SNDX.O,신닥스 파마슈티컬스,5,60,14,29,59,1.0,10.0,21.67,0.0,40.01,73.29
83,SGH.O,스마트 글로벌 홀딩스,5,60,14,29,59,1.0,10.0,21.67,0.0,49.9,62.71
83,SGML.O,시그마 리튬,5,60,14,29,59,1.0,10.0,21.67,0.0,44.12,65.71
83,ESTA.O,에스타블리쉬먼트 랩스 홀딩스,5,60,14,29,59,1.0,10.0,21.67,0.0,37.0,65.36
83,TARS.O,타서스 파마슈티컬스,5,60,14,29,59,1.0,10.0,21.67,0.0,40.22,69.67
83,HROW.O,해로우,5,60,14,29,59,1.0,10.0,21.67,0.0,42.35,66.54
83,PNTG.O,페넌트 그룹,5,60,14,29,59,1.0,10.0,21.67,0.0,41.96,69.58
83,AFJKR.O,Aimei Health Technology Rights Exp 17 November 2028,5,60,14,29,59,1.0,10.0,21.67,0.0,42.5,62.37
83,ADSE.O,애즈-테크 에너지,5,60,14,29,59,1.0,10.0,21.67,363.27,37.98,67.91
83,MITK.O,마이텍 시스템즈,5,60,14,29,59,1.0,10.0,21.67,0.0,46.44,62.21
83,FNKO.O,펀코,5,60,14,29,59,1.0,10.0,21.67,0.0,39.39,72.46
83,ACIC.O,아메리칸 코스탈 인슈어런스,5,60,14,29,59,1.0,10.0,21.67,-16.83,37.35,67.8
83,INOD.O,이노데이터,5,60,14,29,59,1.0,10.0,21.67,21.22,41.33,66.66
83,ONEW.O,원워터 마린,5,60,14,29,59,1.0,10.0,21.67,0.0,42.06,65.99
83,CPSS.O,컨슈머 포트폴리오 서비스,5,60,14,29,59,1.0,10.0,21.67,0.0,42.72,64.14
83,APPN.O,애피안,5,60,14,29,59,1.0,10.0,21.67,0.0,41.01,68.26
83,PGNY.O,프로지니,5,60,14,29,59,1.0,10.0,21.67,0.0,37.57,62.87
83,RYTM.O,리듬 파머수티컬스,5,60,14,29,59,1.0,10.0,21.67,0.0,41.39,74.73
83,IRTC.O,아이리듬 테크놀로지스,5,60,14,29,59,1.0,10.0,21.67,0.0,44.51,63.94
83,LI.O,리 오토 ADR,5,60,14,29,59,1.0,10.0,21.67,0.0,40.05,74.53
83,APP.O,앱플로빈,5,60,14,29,59,1.0,10.0,21.67,319.6,39.96,72.82
83,DKNG.O,드래프트킹즈 홀딩스,5,60,14,29,59,1.0,10.0,21.67,0.0,48.43,68.72
83,NTRA.O,나테라,5,60,14,29,59,1.0,10.0,21.67,0.0,45.85,63.74
83,ROIV.O,로이반트 사이언시스,5,60,14,29,59,1.0,10.0,21.67,0.0,37.83,72.07
83,DUOL.O,듀오링고,5,60,14,29,59,1.0,10.0,21.67,0.0,40.28,69.01
83,RVMD.O,레볼루션 메디신,5,60,14,29,59,1.0,10.0,21.67,0.0,40.4,68.55
83,CYTK.O,사이토키네틱스,5,60,14,29,59,1.0,10.0,21.67,26.19,40.73,69.83
83,CRSP.O,크리스퍼 테라퓨틱스,5,60,14,29,59,1.0,10.0,21.67,0.0,47.76,65.06
83,CRNX.O,크리네틱스 파머슈티컬스,5,60,14,29,59,1.0,10.0,21.67,0.0,41.76,67.9
83,CAR.O,에이비스 버짓 그룹,5,60,14,29,59,1.0,10.0,21.67,0.0,43.94,65.85
83,PRCT.O,프로셉트 바이오로보틱스,5,60,14,29,59,1.0,10.0,21.67,0.0,47.69,65.13
83,GLNG.O,골라 LNG,5,60,14,29,59,1.0,10.0,21.67,0.0,35.33,69.73
83,XENE.O,제논 파마슈티컬,5,60,14,29,59,1.0,10.0,21.67,131.64,44.09,68.48
83,FOLD.O,아미쿠스 테라퓨틱스,5,60,14,29,59,1.0,10.0,21.67,0.0,40.79,66.01
83,EGAN.O,이게인,5,60,14,29,59,1.0,10.0,21.67,0.0,43.99,67.34
83,METCB.O,라마코 리소시스 Class B,5,60,14,29,59,1.0,10.0,21.67,0.0,38.79,67.47
83,METCB.O,라마코 리소시스 Class B,5,120,14,34,74,1.0,10.0,21.1,0.0,38.79,67.47
83,GSHD.O,구스헤드 인슈어런스,5,120,14,34,74,1.0,10.0,21.1,0.0,49.07,60.42
83,PGNY.O,프로지니,5,120,14,34,74,1.0,10.0,21.1,0.0,37.57,62.87
83,RYTM.O,리듬 파머수티컬스,5,120,14,34,74,1.0,10.0,21.1,24.71,41.39,74.73
83,IRTC.O,아이리듬 테크놀로지스,5,120,14,34,74,1.0,10.0,21.1,0.0,44.51,63.94
83,FOLD.O,아미쿠스 테라퓨틱스,5,120,14,34,74,1.0,10.0,21.1,0.0,40.79,66.01
83,XENE.O,제논 파마슈티컬,5,120,14,34,74,1.0,10.0,21.1,30.8,44.09,68.48
83,GLNG.O,골라 LNG,5,120,14,34,74,1.0,10.0,21.1,43.11,35.33,69.73
83,PRCT.O,프로셉트 바이오로보틱스,5,120,14,34,74,1.0,10.0,21.1,0.0,47.69,65.13
83,CAR.O,에이비스 버짓 그룹,5,120,14,34,74,1.0,10.0,21.1,0.0,43.94,65.85
83,CRNX.O,크리네틱스 파머슈티컬스,5,120,14,34,74,1.0,10.0,21.1,0.0,41.76,67.9
83,CRSP.O,크리스퍼 테라퓨틱스,5,120,14,34,74,1.0,10.0,21.1,0.0,47.76,65.06
83,CYTK.O,사이토키네틱스,5,120,14,34,74,1.0,10.0,21.1,19.36,40.73,69.83
83,RVMD.O,레볼루션 메디신,5,120,14,34,74,1.0,10.0,21.1,0.0,40.4,68.55
83,DUOL.O,듀오링고,5,120,14,34,74,1.0,10.0,21.1,72.34,40.28,69.01
83,ROIV.O,로이반트 사이언시스,5,120,14,34,74,1.0,10.0,21.1,0.0,37.83,72.07
83,NTRA.O,나테라,5,120,14,34,74,1.0,10.0,21.1,0.0,45.85,63.74
83,DKNG.O,드래프트킹즈 홀딩스,5,120,14,34,74,1.0,10.0,21.1,0.0,48.43,68.72
83,AFJKR.O,Aimei Health Technology Rights Exp 17 November 2028,5,120,14,34,74,1.0,10.0,21.1,0.0,42.5,62.37
83,APPN.O,애피안,5,120,14,34,74,1.0,10.0,21.1,0.0,41.01,68.26
83,SNDX.O,신닥스 파마슈티컬스,5,120,14,34,74,1.0,10.0,21.1,0.0,40.01,73.29
83,FNKO.O,펀코,5,120,14,34,74,1.0,10.0,21.1,0.0,39.39,72.46
83,APP.O,앱플로빈,5,120,14,34,74,1.0,10.0,21.1,238.86,39.96,72.82
83,EGAN.O,이게인,5,120,14,34,74,1.0,10.0,21.1,0.0,43.99,67.34
83,CPSS.O,컨슈머 포트폴리오 서비스,5,120,14,34,74,1.0,10.0,21.1,0.0,42.72,64.14
83,ONEW.O,원워터 마린,5,120,14,34,74,1.0,10.0,21.1,0.0,42.06,65.99
83,INOD.O,이노데이터,5,120,14,34,74,1.0,10.0,21.1,50.19,41.33,66.66
83,ATLC.O,아틀란티쿠스 홀딩스,5,120,14,34,74,1.0,10.0,21.1,23.35,45.9,68.82
83,ACIC.O,아메리칸 코스탈 인슈어런스,5,120,14,34,74,1.0,10.0,21.1,6.29,37.35,67.8
83,SGH.O,스마트 글로벌 홀딩스,5,120,14,34,74,1.0,10.0,21.1,0.0,49.9,62.71
83,MITK.O,마이텍 시스템즈,5,120,14,34,74,1.0,10.0,21.1,0.0,46.44,62.21
83,ADSE.O,애즈-테크 에너지,5,120,14,34,74,1.0,10.0,21.1,158.41,37.98,67.91
83,PNTG.O,페넌트 그룹,5,120,14,34,74,1.0,10.0,21.1,0.0,41.96,69.58
83,ANAB.O,어냅티스바이오,5,120,14,34,74,1.0,10.0,21.1,17.12,43.95,74.11
83,HROW.O,해로우,5,120,14,34,74,1.0,10.0,21.1,50.95,42.35,66.54
83,TARS.O,타서스 파마슈티컬스,5,120,14,34,74,1.0,10.0,21.1,0.0,40.22,69.67
83,ESTA.O,에스타블리쉬먼트 랩스 홀딩스,5,120,14,34,74,1.0,10.0,21.1,87.59,37.0,65.36
83,SGML.O,시그마 리튬,5,120,14,34,74,1.0,10.0,21.1,0.0,44.12,65.71
83,LI.O,리 오토 ADR,5,120,14,34,74,1.0,10.0,21.1,0.0,40.05,74.53
83,LI.O,리 오토 ADR,5,60,14,29,69,1.0,10.0,20.04,0.0,40.05,74.53
83,APP.O,앱플로빈,5,60,14,29,69,1.0,10.0,20.04,327.12,39.96,72.82
83,NTRA.O,나테라,5,60,14,29,69,1.0,10.0,20.04,0.0,45.85,63.74
83,DKNG.O,드래프트킹즈 홀딩스,5,60,14,29,69,1.0,10.0,20.04,0.0,48.43,68.72
83,SGML.O,시그마 리튬,5,60,14,29,69,1.0,10.0,20.04,0.0,44.12,65.71
83,TARS.O,타서스 파마슈티컬스,5,60,14,29,69,1.0,10.0,20.04,0.0,40.22,69.67
83,HROW.O,해로우,5,60,14,29,69,1.0,10.0,20.04,0.0,42.35,66.54
83,ANAB.O,어냅티스바이오,5,60,14,29,69,1.0,10.0,20.04,0.0,43.95,74.11
83,PNTG.O,페넌트 그룹,5,60,14,29,69,1.0,10.0,20.04,0.0,41.96,69.58
83,ADSE.O,애즈-테크 에너지,5,60,14,29,69,1.0,10.0,20.04,236.56,37.98,67.91
83,MITK.O,마이텍 시스템즈,5,60,14,29,69,1.0,10.0,20.04,0.0,46.44,62.21
83,FNKO.O,펀코,5,60,14,29,69,1.0,10.0,20.04,0.0,39.39,72.46
83,ACIC.O,아메리칸 코스탈 인슈어런스,5,60,14,29,69,1.0,10.0,20.04,-1.99,37.35,67.8
83,ATLC.O,아틀란티쿠스 홀딩스,5,60,14,29,69,1.0,10.0,20.04,0.0,45.9,68.82
83,INOD.O,이노데이터,5,60,14,29,69,1.0,10.0,20.04,38.51,41.33,66.66
83,ONEW.O,원워터 마린,5,60,14,29,69,1.0,10.0,20.04,0.0,42.06,65.99
83,CPSS.O,컨슈머 포트폴리오 서비스,5,60,14,29,69,1.0,10.0,20.04,0.0,42.72,64.14
83,EGAN.O,이게인,5,60,14,29,69,1.0,10.0,20.04,0.0,43.99,67.34
83,METCB.O,라마코 리소시스 Class B,5,60,14,29,69,1.0,10.0,20.04,0.0,38.79,67.47
83,AFJKR.O,Aimei Health Technology Rights Exp 17 November 2028,5,60,14,29,69,1.0,10.0,20.04,0.0,42.5,62.37
83,ESTA.O,에스타블리쉬먼트 랩스 홀딩스,5,60,14,29,69,1.0,10.0,20.04,0.0,37.0,65.36
83,SGH.O,스마트 글로벌 홀딩스,5,60,14,29,69,1.0,10.0,20.04,0.0,49.9,62.71
83,ROIV.O,로이반트 사이언시스,5,60,14,29,69,1.0,10.0,20.04,0.0,37.83,72.07
83,SNDX.O,신닥스 파마슈티컬스,5,60,14,29,69,1.0,10.0,20.04,0.0,40.01,73.29
83,DUOL.O,듀오링고,5,60,14,29,69,1.0,10.0,20.04,0.0,40.28,69.01
83,RVMD.O,레볼루션 메디신,5,60,14,29,69,1.0,10.0,20.04,0.0,40.4,68.55
83,CYTK.O,사이토키네틱스,5,60,14,29,69,1.0,10.0,20.04,11.21,40.73,69.83
83,CRSP.O,크리스퍼 테라퓨틱스,5,60,14,29,69,1.0,10.0,20.04,0.0,47.76,65.06
83,CRNX.O,크리네틱스 파머슈티컬스,5,60,14,29,69,1.0,10.0,20.04,0.0,41.76,67.9
83,CAR.O,에이비스 버짓 그룹,5,60,14,29,69,1.0,10.0,20.04,0.0,43.94,65.85
83,PRCT.O,프로셉트 바이오로보틱스,5,60,14,29,69,1.0,10.0,20.04,0.0,47.69,65.13
83,GLNG.O,골라 LNG,5,60,14,29,69,1.0,10.0,20.04,0.0,35.33,69.73
83,XENE.O,제논 파마슈티컬,5,60,14,29,69,1.0,10.0,20.04,170.35,44.09,68.48
83,FOLD.O,아미쿠스 테라퓨틱스,5,60,14,29,69,1.0,10.0,20.04,0.0,40.79,66.01
83,IRTC.O,아이리듬 테크놀로지스,5,60,14,29,69,1.0,10.0,20.04,0.0,44.51,63.94
83,RYTM.O,리듬 파머수티컬스,5,60,14,29,69,1.0,10.0,20.04,0.0,41.39,74.73
83,PGNY.O,프로지니,5,60,14,29,69,1.0,10.0,20.04,0.0,37.57,62.87
83,APPN.O,애피안,5,60,14,29,69,1.0,10.0,20.04,0.0,41.01,68.26
83,GSHD.O,구스헤드 인슈어런스,5,60,14,29,69,1.0,10.0,20.04,0.0,49.07,60.42
83,NTRA.O,나테라,5,60,14,29,74,1.0,10.0,19.35,0.0,45.85,63.74
83,SGML.O,시그마 리튬,5,60,14,29,74,1.0,10.0,19.35,0.0,44.12,65.71
83,AFJKR.O,Aimei Health Technology Rights Exp 17 November 2028,5,60,14,29,74,1.0,10.0,19.35,0.0,42.5,62.37
83,CAR.O,에이비스 버짓 그룹,5,60,14,29,74,1.0,10.0,19.35,0.0,43.94,65.85
83,PGNY.O,프로지니,5,60,14,29,74,1.0,10.0,19.35,0.0,37.57,62.87
83,RYTM.O,리듬 파머수티컬스,5,60,14,29,74,1.0,10.0,19.35,0.0,41.39,74.73
83,METCB.O,라마코 리소시스 Class B,5,60,14,29,74,1.0,10.0,19.35,0.0,38.79,67.47
83,FOLD.O,아미쿠스 테라퓨틱스,5,60,14,29,74,1.0,10.0,19.35,0.0,40.79,66.01
83,XENE.O,제논 파마슈티컬,5,60,14,29,74,1.0,10.0,19.35,170.35,44.09,68.48
83,GLNG.O,골라 LNG,5,60,14,29,74,1.0,10.0,19.35,0.0,35.33,69.73
83,PRCT.O,프로셉트 바이오로보틱스,5,60,14,29,74,1.0,10.0,19.35,0.0,47.69,65.13
83,CRNX.O,크리네틱스 파머슈티컬스,5,60,14,29,74,1.0,10.0,19.35,0.0,41.76,67.9
83,GSHD.O,구스헤드 인슈어런스,5,60,14,29,74,1.0,10.0,19.35,0.0,49.07,60.42
83,CRSP.O,크리스퍼 테라퓨틱스,5,60,14,29,74,1.0,10.0,19.35,0.0,47.76,65.06
83,CYTK.O,사이토키네틱스,5,60,14,29,74,1.0,10.0,19.35,18.01,40.73,69.83
83,RVMD.O,레볼루션 메디신,5,60,14,29,74,1.0,10.0,19.35,0.0,40.4,68.55
83,DUOL.O,듀오링고,5,60,14,29,74,1.0,10.0,19.35,0.0,40.28,69.01
83,ROIV.O,로이반트 사이언시스,5,60,14,29,74,1.0,10.0,19.35,0.0,37.83,72.07
83,APP.O,앱플로빈,5,60,14,29,74,1.0,10.0,19.35,303.89,39.96,72.82
83,LI.O,리 오토 ADR,5,60,14,29,74,1.0,10.0,19.35,0.0,40.05,74.53
83,APPN.O,애피안,5,60,14,29,74,1.0,10.0,19.35,0.0,41.01,68.26
83,IRTC.O,아이리듬 테크놀로지스,5,60,14,29,74,1.0,10.0,19.35,0.0,44.51,63.94
83,SNDX.O,신닥스 파마슈티컬스,5,60,14,29,74,1.0,10.0,19.35,0.0,40.01,73.29
83,MITK.O,마이텍 시스템즈,5,60,14,29,74,1.0,10.0,19.35,0.0,46.44,62.21
83,EGAN.O,이게인,5,60,14,29,74,1.0,10.0,19.35,0.0,43.99,67.34
83,CPSS.O,컨슈머 포트폴리오 서비스,5,60,14,29,74,1.0,10.0,19.35,0.0,42.72,64.14
83,ONEW.O,원워터 마린,5,60,14,29,74,1.0,10.0,19.35,0.0,42.06,65.99
83,INOD.O,이노데이터,5,60,14,29,74,1.0,10.0,19.35,38.51,41.33,66.66
83,SGH.O,스마트 글로벌 홀딩스,5,60,14,29,74,1.0,10.0,19.35,0.0,49.9,62.71
83,ACIC.O,아메리칸 코스탈 인슈어런스,5,60,14,29,74,1.0,10.0,19.35,8.02,37.35,67.8
83,FNKO.O,펀코,5,60,14,29,74,1.0,10.0,19.35,0.0,39.39,72.46
83,ATLC.O,아틀란티쿠스 홀딩스,5,60,14,29,74,1.0,10.0,19.35,0.0,45.9,68.82
83,DKNG.O,드래프트킹즈 홀딩스,5,60,14,29,74,1.0,10.0,19.35,0.0,48.43,68.72
83,PNTG.O,페넌트 그룹,5,60,14,29,74,1.0,10.0,19.35,0.0,41.96,69.58
83,ANAB.O,어냅티스바이오,5,60,14,29,74,1.0,10.0,19.35,0.0,43.95,74.11
83,HROW.O,해로우,5,60,14,29,74,1.0,10.0,19.35,0.0,42.35,66.54
83,TARS.O,타서스 파마슈티컬스,5,60,14,29,74,1.0,10.0,19.35,0.0,40.22,69.67
83,ESTA.O,에스타블리쉬먼트 랩스 홀딩스,5,60,14,29,74,1.0,10.0,19.35,0.0,37.0,65.36
83,ADSE.O,애즈-테크 에너지,5,60,14,29,74,1.0,10.0,19.35,215.71,37.98,67.91
83,IRTC.O,아이리듬 테크놀로지스,5,60,14,29,79,1.0,10.0,16.15,0.0,44.51,63.94
83,GLNG.O,골라 LNG,5,60,14,29,79,1.0,10.0,16.15,0.0,35.33,69.73
83,XENE.O,제논 파마슈티컬,5,60,14,29,79,1.0,10.0,16.15,44.62,44.09,68.48
83,FOLD.O,아미쿠스 테라퓨틱스,5,60,14,29,79,1.0,10.0,16.15,0.0,40.79,66.01
83,PGNY.O,프로지니,5,60,14,29,79,1.0,10.0,16.15,0.0,37.57,62.87
83,RYTM.O,리듬 파머수티컬스,5,60,14,29,79,1.0,10.0,16.15,0.0,41.39,74.73
83,GSHD.O,구스헤드 인슈어런스,5,60,14,29,79,1.0,10.0,16.15,0.0,49.07,60.42
83,APPN.O,애피안,5,60,14,29,79,1.0,10.0,16.15,0.0,41.01,68.26
83,CAR.O,에이비스 버짓 그룹,5,60,14,29,79,1.0,10.0,16.15,0.0,43.94,65.85
83,PRCT.O,프로셉트 바이오로보틱스,5,60,14,29,79,1.0,10.0,16.15,0.0,47.69,65.13
83,NTRA.O,나테라,5,60,14,29,79,1.0,10.0,16.15,0.0,45.85,63.74
83,CRNX.O,크리네틱스 파머슈티컬스,5,60,14,29,79,1.0,10.0,16.15,0.0,41.76,67.9
83,CRSP.O,크리스퍼 테라퓨틱스,5,60,14,29,79,1.0,10.0,16.15,0.0,47.76,65.06
83,CYTK.O,사이토키네틱스,5,60,14,29,79,1.0,10.0,16.15,21.78,40.73,69.83
83,RVMD.O,레볼루션 메디신,5,60,14,29,79,1.0,10.0,16.15,0.0,40.4,68.55
83,DUOL.O,듀오링고,5,60,14,29,79,1.0,10.0,16.15,0.0,40.28,69.01
83,ROIV.O,로이반트 사이언시스,5,60,14,29,79,1.0,10.0,16.15,0.0,37.83,72.07
83,SGH.O,스마트 글로벌 홀딩스,5,60,14,29,79,1.0,10.0,16.15,0.0,49.9,62.71
83,APP.O,앱플로빈,5,60,14,29,79,1.0,10.0,16.15,271.74,39.96,72.82
83,LI.O,리 오토 ADR,5,60,14,29,79,1.0,10.0,16.15,0.0,40.05,74.53
83,SNDX.O,신닥스 파마슈티컬스,5,60,14,29,79,1.0,10.0,16.15,0.0,40.01,73.29
83,ESTA.O,에스타블리쉬먼트 랩스 홀딩스,5,60,14,29,79,1.0,10.0,16.15,0.0,37.0,65.36
83,SGML.O,시그마 리튬,5,60,14,29,79,1.0,10.0,16.15,0.0,44.12,65.71
83,ACIC.O,아메리칸 코스탈 인슈어런스,5,60,14,29,79,1.0,10.0,16.15,13.62,37.35,67.8
83,AFJKR.O,Aimei Health Technology Rights Exp 17 November 2028,5,60,14,29,79,1.0,10.0,16.15,0.0,42.5,62.37
83,METCB.O,라마코 리소시스 Class B,5,60,14,29,79,1.0,10.0,16.15,0.0,38.79,67.47
83,EGAN.O,이게인,5,60,14,29,79,1.0,10.0,16.15,0.0,43.99,67.34
83,CPSS.O,컨슈머 포트폴리오 서비스,5,60,14,29,79,1.0,10.0,16.15,0.0,42.72,64.14
83,ONEW.O,원워터 마린,5,60,14,29,79,1.0,10.0,16.15,0.0,42.06,65.99
83,INOD.O,이노데이터,5,60,14,29,79,1.0,10.0,16.15,62.26,41.33,66.66
83,ATLC.O,아틀란티쿠스 홀딩스,5,60,14,29,79,1.0,10.0,16.15,0.0,45.9,68.82
83,DKNG.O,드래프트킹즈 홀딩스,5,60,14,29,79,1.0,10.0,16.15,0.0,48.43,68.72
83,FNKO.O,펀코,5,60,14,29,79,1.0,10.0,16.15,0.0,39.39,72.46
83,ANAB.O,어냅티스바이오,5,60,14,29,79,1.0,10.0,16.15,0.0,43.95,74.11
83,TARS.O,타서스 파마슈티컬스,5,60,14,29,79,1.0,10.0,16.15,0.0,40.22,69.67
83,HROW.O,해로우,5,60,14,29,79,1.0,10.0,16.15,0.0,42.35,66.54
83,MITK.O,마이텍 시스템즈,5,60,14,29,79,1.0,10.0,16.15,0.0,46.44,62.21
83,PNTG.O,페넌트 그룹,5,60,14,29,79,1.0,10.0,16.15,0.0,41.96,69.58
83,ADSE.O,애즈-테크 에너지,5,60,14,29,79,1.0,10.0,16.15,215.71,37.98,67.91
83,PGNY.O,프로지니,5,120,14,29,64,1.0,10.0,13.91,0.0,37.57,62.87
83,RYTM.O,리듬 파머수티컬스,5,120,14,29,64,1.0,10.0,13.91,0.0,41.39,74.73
83,IRTC.O,아이리듬 테크놀로지스,5,120,14,29,64,1.0,10.0,13.91,0.0,44.51,63.94
83,FOLD.O,아미쿠스 테라퓨틱스,5,120,14,29,64,1.0,10.0,13.91,0.0,40.79,66.01
83,XENE.O,제논 파마슈티컬,5,120,14,29,64,1.0,10.0,13.91,0.0,44.09,68.48
83,GLNG.O,골라 LNG,5,120,14,29,64,1.0,10.0,13.91,0.0,35.33,69.73
83,PRCT.O,프로셉트 바이오로보틱스,5,120,14,29,64,1.0,10.0,13.91,0.0,47.69,65.13
83,CAR.O,에이비스 버짓 그룹,5,120,14,29,64,1.0,10.0,13.91,0.0,43.94,65.85
83,CRNX.O,크리네틱스 파머슈티컬스,5,120,14,29,64,1.0,10.0,13.91,0.0,41.76,67.9
83,CRSP.O,크리스퍼 테라퓨틱스,5,120,14,29,64,1.0,10.0,13.91,0.0,47.76,65.06
83,CYTK.O,사이토키네틱스,5,120,14,29,64,1.0,10.0,13.91,34.86,40.73,69.83
83,GSHD.O,구스헤드 인슈어런스,5,120,14,29,64,1.0,10.0,13.91,0.0,49.07,60.42
83,RVMD.O,레볼루션 메디신,5,120,14,29,64,1.0,10.0,13.91,0.0,40.4,68.55
83,DUOL.O,듀오링고,5,120,14,29,64,1.0,10.0,13.91,0.0,40.28,69.01
83,ROIV.O,로이반트 사이언시스,5,120,14,29,64,1.0,10.0,13.91,0.0,37.83,72.07
83,NTRA.O,나테라,5,120,14,29,64,1.0,10.0,13.91,0.0,45.85,63.74
83,DKNG.O,드래프트킹즈 홀딩스,5,120,14,29,64,1.0,10.0,13.91,0.0,48.43,68.72
83,APPN.O,애피안,5,120,14,29,64,1.0,10.0,13.91,0.0,41.01,68.26
83,SGML.O,시그마 리튬,5,120,14,29,64,1.0,10.0,13.91,0.0,44.12,65.71
83,SNDX.O,신닥스 파마슈티컬스,5,120,14,29,64,1.0,10.0,13.91,0.0,40.01,73.29
83,SGH.O,스마트 글로벌 홀딩스,5,120,14,29,64,1.0,10.0,13.91,0.0,49.9,62.71
83,AFJKR.O,Aimei Health Technology Rights Exp 17 November 2028,5,120,14,29,64,1.0,10.0,13.91,0.0,42.5,62.37
83,METCB.O,라마코 리소시스 Class B,5,120,14,29,64,1.0,10.0,13.91,0.0,38.79,67.47
83,EGAN.O,이게인,5,120,14,29,64,1.0,10.0,13.91,0.0,43.99,67.34
83,CPSS.O,컨슈머 포트폴리오 서비스,5,120,14,29,64,1.0,10.0,13.91,0.0,42.72,64.14
83,ONEW.O,원워터 마린,5,120,14,29,64,1.0,10.0,13.91,0.0,42.06,65.99
83,ATLC.O,아틀란티쿠스 홀딩스,5,120,14,29,64,1.0,10.0,13.91,0.0,45.9,68.82
83,ACIC.O,아메리칸 코스탈 인슈어런스,5,120,14,29,64,1.0,10.0,13.91,-7.01,37.35,67.8
83,FNKO.O,펀코,5,120,14,29,64,1.0,10.0,13.91,0.0,39.39,72.46
83,MITK.O,마이텍 시스템즈,5,120,14,29,64,1.0,10.0,13.91,0.0,46.44,62.21
83,PNTG.O,페넌트 그룹,5,120,14,29,64,1.0,10.0,13.91,0.0,41.96,69.58
83,ANAB.O,어냅티스바이오,5,120,14,29,64,1.0,10.0,13.91,0.0,43.95,74.11
83,HROW.O,해로우,5,120,14,29,64,1.0,10.0,13.91,0.0,42.35,66.54
83,TARS.O,타서스 파마슈티컬스,5,120,14,29,64,1.0,10.0,13.91,0.0,40.22,69.67
83,ESTA.O,에스타블리쉬먼트 랩스 홀딩스,5,120,14,29,64,1.0,10.0,13.91,0.0,37.0,65.36
83,APP.O,앱플로빈,5,120,14,29,64,1.0,10.0,13.91,237.85,39.96,72.82
83,LI.O,리 오토 ADR,5,120,14,29,64,1.0,10.0,13.91,0.0,40.05,74.53
83,INOD.O,이노데이터,5,120,14,29,64,1.0,10.0,13.91,29.24,41.33,66.66
83,ADSE.O,애즈-테크 에너지,5,120,14,29,64,1.0,10.0,13.91,247.4,37.98,67.91
83,APPN.O,애피안,5,120,14,29,59,1.0,10.0,13.61,0.0,41.01,68.26
83,SNDX.O,신닥스 파마슈티컬스,5,120,14,29,59,1.0,10.0,13.61,0.0,40.01,73.29
83,SGH.O,스마트 글로벌 홀딩스,5,120,14,29,59,1.0,10.0,13.61,0.0,49.9,62.71
83,SGML.O,시그마 리튬,5,120,14,29,59,1.0,10.0,13.61,0.0,44.12,65.71
83,ESTA.O,에스타블리쉬먼트 랩스 홀딩스,5,120,14,29,59,1.0,10.0,13.61,0.0,37.0,65.36
83,TARS.O,타서스 파마슈티컬스,5,120,14,29,59,1.0,10.0,13.61,0.0,40.22,69.67
83,HROW.O,해로우,5,120,14,29,59,1.0,10.0,13.61,0.0,42.35,66.54
83,ANAB.O,어냅티스바이오,5,120,14,29,59,1.0,10.0,13.61,0.0,43.95,74.11
83,PNTG.O,페넌트 그룹,5,120,14,29,59,1.0,10.0,13.61,0.0,41.96,69.58
83,ADSE.O,애즈-테크 에너지,5,120,14,29,59,1.0,10.0,13.61,247.4,37.98,67.91
83,MITK.O,마이텍 시스템즈,5,120,14,29,59,1.0,10.0,13.61,0.0,46.44,62.21
83,FNKO.O,펀코,5,120,14,29,59,1.0,10.0,13.61,0.0,39.39,72.46
83,ACIC.O,아메리칸 코스탈 인슈어런스,5,120,14,29,59,1.0,10.0,13.61,-18.57,37.35,67.8
83,ATLC.O,아틀란티쿠스 홀딩스,5,120,14,29,59,1.0,10.0,13.61,0.0,45.9,68.82
83,INOD.O,이노데이터,5,120,14,29,59,1.0,10.0,13.61,29.24,41.33,66.66
83,CPSS.O,컨슈머 포트폴리오 서비스,5,120,14,29,59,1.0,10.0,13.61,0.0,42.72,64.14
83,EGAN.O,이게인,5,120,14,29,59,1.0,10.0,13.61,0.0,43.99,67.34
83,METCB.O,라마코 리소시스 Class B,5,120,14,29,59,1.0,10.0,13.61,0.0,38.79,67.47
83,GSHD.O,구스헤드 인슈어런스,5,120,14,29,59,1.0,10.0,13.61,0.0,49.07,60.42
83,ONEW.O,원워터 마린,5,120,14,29,59,1.0,10.0,13.61,0.0,42.06,65.99
83,PGNY.O,프로지니,5,120,14,29,59,1.0,10.0,13.61,0.0,37.57,62.87
83,CYTK.O,사이토키네틱스,5,120,14,29,59,1.0,10.0,13.61,34.86,40.73,69.83
83,RYTM.O,리듬 파머수티컬스,5,120,14,29,59,1.0,10.0,13.61,0.0,41.39,74.73
83,AFJKR.O,Aimei Health Technology Rights Exp 17 November 2028,5,120,14,29,59,1.0,10.0,13.61,0.0,42.5,62.37
83,APP.O,앱플로빈,5,120,14,29,59,1.0,10.0,13.61,237.85,39.96,72.82
83,DKNG.O,드래프트킹즈 홀딩스,5,120,14,29,59,1.0,10.0,13.61,0.0,48.43,68.72
83,NTRA.O,나테라,5,120,14,29,59,1.0,10.0,13.61,0.0,45.85,63.74
83,ROIV.O,로이반트 사이언시스,5,120,14,29,59,1.0,10.0,13.61,0.0,37.83,72.07
83,DUOL.O,듀오링고,5,120,14,29,59,1.0,10.0,13.61,0.0,40.28,69.01
83,RVMD.O,레볼루션 메디신,5,120,14,29,59,1.0,10.0,13.61,0.0,40.4,68.55
83,LI.O,리 오토 ADR,5,120,14,29,59,1.0,10.0,13.61,0.0,40.05,74.53
83,IRTC.O,아이리듬 테크놀로지스,5,120,14,29,59,1.0,10.0,13.61,0.0,44.51,63.94
83,CRNX.O,크리네틱스 파머슈티컬스,5,120,14,29,59,1.0,10.0,13.61,0.0,41.76,67.9
83,CAR.O,에이비스 버짓 그룹,5,120,14,29,59,1.0,10.0,13.61,0.0,43.94,65.85
83,PRCT.O,프로셉트 바이오로보틱스,5,120,14,29,59,1.0,10.0,13.61,0.0,47.69,65.13
83,GLNG.O,골라 LNG,5,120,14,29,59,1.0,10.0,13.61,0.0,35.33,69.73
83,XENE.O,제논 파마슈티컬,5,120,14,29,59,1.0,10.0,13.61,0.0,44.09,68.48
83,FOLD.O,아미쿠스 테라퓨틱스,5,120,14,29,59,1.0,10.0,13.61,0.0,40.79,66.01
83,CRSP.O,크리스퍼 테라퓨틱스,5,120,14,29,59,1.0,10.0,13.61,0.0,47.76,65.06
83,ONEW.O,원워터 마린,5,120,14,29,79,1.0,10.0,12.47,0.0,42.06,65.99
83,SNDX.O,신닥스 파마슈티컬스,5,120,14,29,79,1.0,10.0,12.47,0.0,40.01,73.29
83,SGH.O,스마트 글로벌 홀딩스,5,120,14,29,79,1.0,10.0,12.47,0.0,49.9,62.71
83,SGML.O,시그마 리튬,5,120,14,29,79,1.0,10.0,12.47,0.0,44.12,65.71
83,ESTA.O,에스타블리쉬먼트 랩스 홀딩스,5,120,14,29,79,1.0,10.0,12.47,0.0,37.0,65.36
83,TARS.O,타서스 파마슈티컬스,5,120,14,29,79,1.0,10.0,12.47,0.0,40.22,69.67
83,HROW.O,해로우,5,120,14,29,79,1.0,10.0,12.47,0.0,42.35,66.54
83,ANAB.O,어냅티스바이오,5,120,14,29,79,1.0,10.0,12.47,0.0,43.95,74.11
83,FNKO.O,펀코,5,120,14,29,79,1.0,10.0,12.47,0.0,39.39,72.46
83,PNTG.O,페넌트 그룹,5,120,14,29,79,1.0,10.0,12.47,0.0,41.96,69.58
83,ADSE.O,애즈-테크 에너지,5,120,14,29,79,1.0,10.0,12.47,158.41,37.98,67.91
83,MITK.O,마이텍 시스템즈,5,120,14,29,79,1.0,10.0,12.47,0.0,46.44,62.21
83,ACIC.O,아메리칸 코스탈 인슈어런스,5,120,14,29,79,1.0,10.0,12.47,11.85,37.35,67.8
83,ATLC.O,아틀란티쿠스 홀딩스,5,120,14,29,79,1.0,10.0,12.47,0.0,45.9,68.82
83,APPN.O,애피안,5,120,14,29,79,1.0,10.0,12.47,0.0,41.01,68.26
83,INOD.O,이노데이터,5,120,14,29,79,1.0,10.0,12.47,78.77,41.33,66.66
83,GSHD.O,구스헤드 인슈어런스,5,120,14,29,79,1.0,10.0,12.47,0.0,49.07,60.42
83,CRSP.O,크리스퍼 테라퓨틱스,5,120,14,29,79,1.0,10.0,12.47,0.0,47.76,65.06
83,PGNY.O,프로지니,5,120,14,29,79,1.0,10.0,12.47,0.0,37.57,62.87
83,RYTM.O,리듬 파머수티컬스,5,120,14,29,79,1.0,10.0,12.47,0.0,41.39,74.73
83,LI.O,리 오토 ADR,5,120,14,29,79,1.0,10.0,12.47,0.0,40.05,74.53
83,EGAN.O,이게인,5,120,14,29,79,1.0,10.0,12.47,0.0,43.99,67.34
83,DKNG.O,드래프트킹즈 홀딩스,5,120,14,29,79,1.0,10.0,12.47,0.0,48.43,68.72
83,NTRA.O,나테라,5,120,14,29,79,1.0,10.0,12.47,0.0,45.85,63.74
83,ROIV.O,로이반트 사이언시스,5,120,14,29,79,1.0,10.0,12.47,0.0,37.83,72.07
83,DUOL.O,듀오링고,5,120,14,29,79,1.0,10.0,12.47,0.0,40.28,69.01
83,RVMD.O,레볼루션 메디신,5,120,14,29,79,1.0,10.0,12.47,0.0,40.4,68.55
83,CYTK.O,사이토키네틱스,5,120,14,29,79,1.0,10.0,12.47,21.84,40.73,69.83
83,CRNX.O,크리네틱스 파머슈티컬스,5,120,14,29,79,1.0,10.0,12.47,0.0,41.76,67.9
83,CAR.O,에이비스 버짓 그룹,5,120,14,29,79,1.0,10.0,12.47,0.0,43.94,65.85
83,PRCT.O,프로셉트 바이오로보틱스,5,120,14,29,79,1.0,10.0,12.47,0.0,47.69,65.13
83,GLNG.O,골라 LNG,5,120,14,29,79,1.0,10.0,12.47,0.0,35.33,69.73
83,XENE.O,제논 파마슈티컬,5,120,14,29,79,1.0,10.0,12.47,0.0,44.09,68.48
83,FOLD.O,아미쿠스 테라퓨틱스,5,120,14,29,79,1.0,10.0,12.47,0.0,40.79,66.01
83,IRTC.O,아이리듬 테크놀로지스,5,120,14,29,79,1.0,10.0,12.47,0.0,44.51,63.94
83,CPSS.O,컨슈머 포트폴리오 서비스,5,120,14,29,79,1.0,10.0,12.47,0.0,42.72,64.14
83,AFJKR.O,Aimei Health Technology Rights Exp 17 November 2028,5,120,14,29,79,1.0,10.0,12.47,0.0,42.5,62.37
83,APP.O,앱플로빈,5,120,14,29,79,1.0,10.0,12.47,215.63,39.96,72.82
83,METCB.O,라마코 리소시스 Class B,5,120,14,29,79,1.0,10.0,12.47,0.0,38.79,67.47
83,CPSS.O,컨슈머 포트폴리오 서비스,5,120,14,29,69,1.0,10.0,12.39,0.0,42.72,64.14
83,CRSP.O,크리스퍼 테라퓨틱스,5,120,14,29,69,1.0,10.0,12.39,0.0,47.76,65.06
83,IRTC.O,아이리듬 테크놀로지스,5,120,14,29,69,1.0,10.0,12.39,0.0,44.51,63.94
83,FOLD.O,아미쿠스 테라퓨틱스,5,120,14,29,69,1.0,10.0,12.39,0.0,40.79,66.01
83,XENE.O,제논 파마슈티컬,5,120,14,29,69,1.0,10.0,12.39,0.0,44.09,68.48
83,GLNG.O,골라 LNG,5,120,14,29,69,1.0,10.0,12.39,0.0,35.33,69.73
83,PRCT.O,프로셉트 바이오로보틱스,5,120,14,29,69,1.0,10.0,12.39,0.0,47.69,65.13
83,CAR.O,에이비스 버짓 그룹,5,120,14,29,69,1.0,10.0,12.39,0.0,43.94,65.85
83,CRNX.O,크리네틱스 파머슈티컬스,5,120,14,29,69,1.0,10.0,12.39,0.0,41.76,67.9
83,CYTK.O,사이토키네틱스,5,120,14,29,69,1.0,10.0,12.39,12.7,40.73,69.83
83,RVMD.O,레볼루션 메디신,5,120,14,29,69,1.0,10.0,12.39,0.0,40.4,68.55
83,DUOL.O,듀오링고,5,120,14,29,69,1.0,10.0,12.39,0.0,40.28,69.01
83,ROIV.O,로이반트 사이언시스,5,120,14,29,69,1.0,10.0,12.39,0.0,37.83,72.07
83,NTRA.O,나테라,5,120,14,29,69,1.0,10.0,12.39,0.0,45.85,63.74
83,DKNG.O,드래프트킹즈 홀딩스,5,120,14,29,69,1.0,10.0,12.39,0.0,48.43,68.72
83,LI.O,리 오토 ADR,5,120,14,29,69,1.0,10.0,12.39,0.0,40.05,74.53
83,APP.O,앱플로빈,5,120,14,29,69,1.0,10.0,12.39,249.98,39.96,72.82
83,RYTM.O,리듬 파머수티컬스,5,120,14,29,69,1.0,10.0,12.39,0.0,41.39,74.73
83,APPN.O,애피안,5,120,14,29,69,1.0,10.0,12.39,0.0,41.01,68.26
83,EGAN.O,이게인,5,120,14,29,69,1.0,10.0,12.39,0.0,43.99,67.34
83,GSHD.O,구스헤드 인슈어런스,5,120,14,29,69,1.0,10.0,12.39,0.0,49.07,60.42
83,METCB.O,라마코 리소시스 Class B,5,120,14,29,69,1.0,10.0,12.39,0.0,38.79,67.47
83,AFJKR.O,Aimei Health Technology Rights Exp 17 November 2028,5,120,14,29,69,1.0,10.0,12.39,0.0,42.5,62.37
83,ONEW.O,원워터 마린,5,120,14,29,69,1.0,10.0,12.39,0.0,42.06,65.99
83,INOD.O,이노데이터,5,120,14,29,69,1.0,10.0,12.39,50.19,41.33,66.66
83,ATLC.O,아틀란티쿠스 홀딩스,5,120,14,29,69,1.0,10.0,12.39,0.0,45.9,68.82
83,ACIC.O,아메리칸 코스탈 인슈어런스,5,120,14,29,69,1.0,10.0,12.39,-3.67,37.35,67.8
83,FNKO.O,펀코,5,120,14,29,69,1.0,10.0,12.39,0.0,39.39,72.46
83,MITK.O,마이텍 시스템즈,5,120,14,29,69,1.0,10.0,12.39,0.0,46.44,62.21
83,ADSE.O,애즈-테크 에너지,5,120,14,29,69,1.0,10.0,12.39,174.17,37.98,67.91
83,PNTG.O,페넌트 그룹,5,120,14,29,69,1.0,10.0,12.39,0.0,41.96,69.58
83,ANAB.O,어냅티스바이오,5,120,14,29,69,1.0,10.0,12.39,0.0,43.95,74.11
83,HROW.O,해로우,5,120,14,29,69,1.0,10.0,12.39,0.0,42.35,66.54
83,TARS.O,타서스 파마슈티컬스,5,120,14,29,69,1.0,10.0,12.39,0.0,40.22,69.67
83,ESTA.O,에스타블리쉬먼트 랩스 홀딩스,5,120,14,29,69,1.0,10.0,12.39,0.0,37.0,65.36
83,SGML.O,시그마 리튬,5,120,14,29,69,1.0,10.0,12.39,0.0,44.12,65.71
83,SGH.O,스마트 글로벌 홀딩스,5,120,14,29,69,1.0,10.0,12.39,0.0,49.9,62.71
83,SNDX.O,신닥스 파마슈티컬스,5,120,14,29,69,1.0,10.0,12.39,0.0,40.01,73.29
83,PGNY.O,프로지니,5,120,14,29,69,1.0,10.0,12.39,0.0,37.57,62.87
83,LI.O,리 오토 ADR,5,120,14,29,74,1.0,10.0,12.13,0.0,40.05,74.53
83,AFJKR.O,Aimei Health Technology Rights Exp 17 November 2028,5,120,14,29,74,1.0,10.0,12.13,0.0,42.5,62.37
83,SNDX.O,신닥스 파마슈티컬스,5,120,14,29,74,1.0,10.0,12.13,0.0,40.01,73.29
83,APPN.O,애피안,5,120,14,29,74,1.0,10.0,12.13,0.0,41.01,68.26
83,PGNY.O,프로지니,5,120,14,29,74,1.0,10.0,12.13,0.0,37.57,62.87
83,RYTM.O,리듬 파머수티컬스,5,120,14,29,74,1.0,10.0,12.13,0.0,41.39,74.73
83,IRTC.O,아이리듬 테크놀로지스,5,120,14,29,74,1.0,10.0,12.13,0.0,44.51,63.94
83,FOLD.O,아미쿠스 테라퓨틱스,5,120,14,29,74,1.0,10.0,12.13,0.0,40.79,66.01
83,XENE.O,제논 파마슈티컬,5,120,14,29,74,1.0,10.0,12.13,0.0,44.09,68.48
83,PRCT.O,프로셉트 바이오로보틱스,5,120,14,29,74,1.0,10.0,12.13,0.0,47.69,65.13
83,CAR.O,에이비스 버짓 그룹,5,120,14,29,74,1.0,10.0,12.13,0.0,43.94,65.85
83,CRNX.O,크리네틱스 파머슈티컬스,5,120,14,29,74,1.0,10.0,12.13,0.0,41.76,67.9
83,CRSP.O,크리스퍼 테라퓨틱스,5,120,14,29,74,1.0,10.0,12.13,0.0,47.76,65.06
83,CYTK.O,사이토키네틱스,5,120,14,29,74,1.0,10.0,12.13,19.36,40.73,69.83
83,RVMD.O,레볼루션 메디신,5,120,14,29,74,1.0,10.0,12.13,0.0,40.4,68.55
83,DUOL.O,듀오링고,5,120,14,29,74,1.0,10.0,12.13,0.0,40.28,69.01
83,ROIV.O,로이반트 사이언시스,5,120,14,29,74,1.0,10.0,12.13,0.0,37.83,72.07
83,NTRA.O,나테라,5,120,14,29,74,1.0,10.0,12.13,0.0,45.85,63.74
83,DKNG.O,드래프트킹즈 홀딩스,5,120,14,29,74,1.0,10.0,12.13,0.0,48.43,68.72
83,APP.O,앱플로빈,5,120,14,29,74,1.0,10.0,12.13,238.86,39.96,72.82
83,GSHD.O,구스헤드 인슈어런스,5,120,14,29,74,1.0,10.0,12.13,0.0,49.07,60.42
83,GLNG.O,골라 LNG,5,120,14,29,74,1.0,10.0,12.13,0.0,35.33,69.73
83,SGH.O,스마트 글로벌 홀딩스,5,120,14,29,74,1.0,10.0,12.13,0.0,49.9,62.71
83,FNKO.O,펀코,5,120,14,29,74,1.0,10.0,12.13,0.0,39.39,72.46
83,SGML.O,시그마 리튬,5,120,14,29,74,1.0,10.0,12.13,0.0,44.12,65.71
83,METCB.O,라마코 리소시스 Class B,5,120,14,29,74,1.0,10.0,12.13,0.0,38.79,67.47
83,EGAN.O,이게인,5,120,14,29,74,1.0,10.0,12.13,0.0,43.99,67.34
83,CPSS.O,컨슈머 포트폴리오 서비스,5,120,14,29,74,1.0,10.0,12.13,0.0,42.72,64.14
83,ONEW.O,원워터 마린,5,120,14,29,74,1.0,10.0,12.13,0.0,42.06,65.99
83,ATLC.O,아틀란티쿠스 홀딩스,5,120,14,29,74,1.0,10.0,12.13,0.0,45.9,68.82
83,ACIC.O,아메리칸 코스탈 인슈어런스,5,120,14,29,74,1.0,10.0,12.13,6.29,37.35,67.8
83,INOD.O,이노데이터,5,120,14,29,74,1.0,10.0,12.13,50.19,41.33,66.66
83,MITK.O,마이텍 시스템즈,5,120,14,29,74,1.0,10.0,12.13,0.0,46.44,62.21
83,ADSE.O,애즈-테크 에너지,5,120,14,29,74,1.0,10.0,12.13,158.41,37.98,67.91
83,PNTG.O,페넌트 그룹,5,120,14,29,74,1.0,10.0,12.13,0.0,41.96,69.58
83,ANAB.O,어냅티스바이오,5,120,14,29,74,1.0,10.0,12.13,0.0,43.95,74.11
83,HROW.O,해로우,5,120,14,29,74,1.0,10.0,12.13,0.0,42.35,66.54
83,TARS.O,타서스 파마슈티컬스,5,120,14,29,74,1.0,10.0,12.13,0.0,40.22,69.67
83,ESTA.O,에스타블리쉬먼트 랩스 홀딩스,5,120,14,29,74,1.0,10.0,12.13,0.0,37.0,65.36
83,SGH.O,스마트 글로벌 홀딩스,5,60,14,24,64,1.0,10.0,10.92,0.0,49.9,62.71
83,MITK.O,마이텍 시스템즈,5,60,14,24,64,1.0,10.0,10.92,0.0,46.44,62.21
83,SGML.O,시그마 리튬,5,60,14,24,64,1.0,10.0,10.92,0.0,44.12,65.71
83,ESTA.O,에스타블리쉬먼트 랩스 홀딩스,5,60,14,24,64,1.0,10.0,10.92,0.0,37.0,65.36
83,TARS.O,타서스 파마슈티컬스,5,60,14,24,64,1.0,10.0,10.92,0.0,40.22,69.67
83,HROW.O,해로우,5,60,14,24,64,1.0,10.0,10.92,0.0,42.35,66.54
83,ANAB.O,어냅티스바이오,5,60,14,24,64,1.0,10.0,10.92,0.0,43.95,74.11
83,PNTG.O,페넌트 그룹,5,60,14,24,64,1.0,10.0,10.92,0.0,41.96,69.58
83,ADSE.O,애즈-테크 에너지,5,60,14,24,64,1.0,10.0,10.92,363.27,37.98,67.91
83,METCB.O,라마코 리소시스 Class B,5,60,14,24,64,1.0,10.0,10.92,0.0,38.79,67.47
83,FNKO.O,펀코,5,60,14,24,64,1.0,10.0,10.92,0.0,39.39,72.46
83,ACIC.O,아메리칸 코스탈 인슈어런스,5,60,14,24,64,1.0,10.0,10.92,15.15,37.35,67.8
83,ATLC.O,아틀란티쿠스 홀딩스,5,60,14,24,64,1.0,10.0,10.92,0.0,45.9,68.82
83,INOD.O,이노데이터,5,60,14,24,64,1.0,10.0,10.92,21.22,41.33,66.66
83,ONEW.O,원워터 마린,5,60,14,24,64,1.0,10.0,10.92,0.0,42.06,65.99
83,CPSS.O,컨슈머 포트폴리오 서비스,5,60,14,24,64,1.0,10.0,10.92,0.0,42.72,64.14
83,EGAN.O,이게인,5,60,14,24,64,1.0,10.0,10.92,0.0,43.99,67.34
83,GSHD.O,구스헤드 인슈어런스,5,60,14,24,64,1.0,10.0,10.92,0.0,49.07,60.42
83,SNDX.O,신닥스 파마슈티컬스,5,60,14,24,64,1.0,10.0,10.92,0.0,40.01,73.29
83,APP.O,앱플로빈,5,60,14,24,64,1.0,10.0,10.92,0.0,39.96,72.82
83,APPN.O,애피안,5,60,14,24,64,1.0,10.0,10.92,0.0,41.01,68.26
83,PGNY.O,프로지니,5,60,14,24,64,1.0,10.0,10.92,0.0,37.57,62.87
83,LI.O,리 오토 ADR,5,60,14,24,64,1.0,10.0,10.92,0.0,40.05,74.53
83,DKNG.O,드래프트킹즈 홀딩스,5,60,14,24,64,1.0,10.0,10.92,0.0,48.43,68.72
83,NTRA.O,나테라,5,60,14,24,64,1.0,10.0,10.92,0.0,45.85,63.74
83,ROIV.O,로이반트 사이언시스,5,60,14,24,64,1.0,10.0,10.92,0.0,37.83,72.07
83,DUOL.O,듀오링고,5,60,14,24,64,1.0,10.0,10.92,0.0,40.28,69.01
83,RVMD.O,레볼루션 메디신,5,60,14,24,64,1.0,10.0,10.92,0.0,40.4,68.55
83,CYTK.O,사이토키네틱스,5,60,14,24,64,1.0,10.0,10.92,26.19,40.73,69.83
83,CRSP.O,크리스퍼 테라퓨틱스,5,60,14,24,64,1.0,10.0,10.92,0.0,47.76,65.06
83,CRNX.O,크리네틱스 파머슈티컬스,5,60,14,24,64,1.0,10.0,10.92,0.0,41.76,67.9
83,CAR.O,에이비스 버짓 그룹,5,60,14,24,64,1.0,10.0,10.92,0.0,43.94,65.85
83,PRCT.O,프로셉트 바이오로보틱스,5,60,14,24,64,1.0,10.0,10.92,0.0,47.69,65.13
83,GLNG.O,골라 LNG,5,60,14,24,64,1.0,10.0,10.92,0.0,35.33,69.73
83,XENE.O,제논 파마슈티컬,5,60,14,24,64,1.0,10.0,10.92,0.0,44.09,68.48
83,FOLD.O,아미쿠스 테라퓨틱스,5,60,14,24,64,1.0,10.0,10.92,0.0,40.79,66.01
83,IRTC.O,아이리듬 테크놀로지스,5,60,14,24,64,1.0,10.0,10.92,0.0,44.51,63.94
83,RYTM.O,리듬 파머수티컬스,5,60,14,24,64,1.0,10.0,10.92,0.0,41.39,74.73
83,AFJKR.O,Aimei Health Technology Rights Exp 17 November 2028,5,60,14,24,64,1.0,10.0,10.92,0.0,42.5,62.37
83,LI.O,리 오토 ADR,5,60,14,24,59,1.0,10.0,10.56,0.0,40.05,74.53
83,APP.O,앱플로빈,5,60,14,24,59,1.0,10.0,10.56,0.0,39.96,72.82
83,PRCT.O,프로셉트 바이오로보틱스,5,60,14,24,59,1.0,10.0,10.56,0.0,47.69,65.13
83,CRNX.O,크리네틱스 파머슈티컬스,5,60,14,24,59,1.0,10.0,10.56,0.0,41.76,67.9
83,APPN.O,애피안,5,60,14,24,59,1.0,10.0,10.56,0.0,41.01,68.26
83,PGNY.O,프로지니,5,60,14,24,59,1.0,10.0,10.56,0.0,37.57,62.87
83,IRTC.O,아이리듬 테크놀로지스,5,60,14,24,59,1.0,10.0,10.56,0.0,44.51,63.94
83,FOLD.O,아미쿠스 테라퓨틱스,5,60,14,24,59,1.0,10.0,10.56,0.0,40.79,66.01
83,XENE.O,제논 파마슈티컬,5,60,14,24,59,1.0,10.0,10.56,0.0,44.09,68.48
83,GLNG.O,골라 LNG,5,60,14,24,59,1.0,10.0,10.56,0.0,35.33,69.73
83,CAR.O,에이비스 버짓 그룹,5,60,14,24,59,1.0,10.0,10.56,0.0,43.94,65.85
83,CRSP.O,크리스퍼 테라퓨틱스,5,60,14,24,59,1.0,10.0,10.56,0.0,47.76,65.06
83,SNDX.O,신닥스 파마슈티컬스,5,60,14,24,59,1.0,10.0,10.56,0.0,40.01,73.29
83,CYTK.O,사이토키네틱스,5,60,14,24,59,1.0,10.0,10.56,26.19,40.73,69.83
83,RVMD.O,레볼루션 메디신,5,60,14,24,59,1.0,10.0,10.56,0.0,40.4,68.55
83,DUOL.O,듀오링고,5,60,14,24,59,1.0,10.0,10.56,0.0,40.28,69.01
83,ROIV.O,로이반트 사이언시스,5,60,14,24,59,1.0,10.0,10.56,0.0,37.83,72.07
83,NTRA.O,나테라,5,60,14,24,59,1.0,10.0,10.56,0.0,45.85,63.74
83,DKNG.O,드래프트킹즈 홀딩스,5,60,14,24,59,1.0,10.0,10.56,0.0,48.43,68.72
83,AFJKR.O,Aimei Health Technology Rights Exp 17 November 2028,5,60,14,24,59,1.0,10.0,10.56,0.0,42.5,62.37
83,GSHD.O,구스헤드 인슈어런스,5,60,14,24,59,1.0,10.0,10.56,0.0,49.07,60.42
83,RYTM.O,리듬 파머수티컬스,5,60,14,24,59,1.0,10.0,10.56,0.0,41.39,74.73
83,SGH.O,스마트 글로벌 홀딩스,5,60,14,24,59,1.0,10.0,10.56,0.0,49.9,62.71
83,MITK.O,마이텍 시스템즈,5,60,14,24,59,1.0,10.0,10.56,0.0,46.44,62.21
83,METCB.O,라마코 리소시스 Class B,5,60,14,24,59,1.0,10.0,10.56,0.0,38.79,67.47
83,EGAN.O,이게인,5,60,14,24,59,1.0,10.0,10.56,0.0,43.99,67.34
83,CPSS.O,컨슈머 포트폴리오 서비스,5,60,14,24,59,1.0,10.0,10.56,0.0,42.72,64.14
83,ONEW.O,원워터 마린,5,60,14,24,59,1.0,10.0,10.56,0.0,42.06,65.99
83,INOD.O,이노데이터,5,60,14,24,59,1.0,10.0,10.56,21.22,41.33,66.66
83,SGML.O,시그마 리튬,5,60,14,24,59,1.0,10.0,10.56,0.0,44.12,65.71
83,ACIC.O,아메리칸 코스탈 인슈어런스,5,60,14,24,59,1.0,10.0,10.56,1.11,37.35,67.8
83,FNKO.O,펀코,5,60,14,24,59,1.0,10.0,10.56,0.0,39.39,72.46
83,ATLC.O,아틀란티쿠스 홀딩스,5,60,14,24,59,1.0,10.0,10.56,0.0,45.9,68.82
83,ADSE.O,애즈-테크 에너지,5,60,14,24,59,1.0,10.0,10.56,363.27,37.98,67.91
83,PNTG.O,페넌트 그룹,5,60,14,24,59,1.0,10.0,10.56,0.0,41.96,69.58
83,ANAB.O,어냅티스바이오,5,60,14,24,59,1.0,10.0,10.56,0.0,43.95,74.11
83,HROW.O,해로우,5,60,14,24,59,1.0,10.0,10.56,0.0,42.35,66.54
83,TARS.O,타서스 파마슈티컬스,5,60,14,24,59,1.0,10.0,10.56,0.0,40.22,69.67
83,ESTA.O,에스타블리쉬먼트 랩스 홀딩스,5,60,14,24,59,1.0,10.0,10.56,0.0,37.0,65.36
83,PGNY.O,프로지니,5,60,14,24,79,1.0,10.0,8.63,0.0,37.57,62.87
83,CRNX.O,크리네틱스 파머슈티컬스,5,60,14,24,79,1.0,10.0,8.63,0.0,41.76,67.9
83,RYTM.O,리듬 파머수티컬스,5,60,14,24,79,1.0,10.0,8.63,0.0,41.39,74.73
83,IRTC.O,아이리듬 테크놀로지스,5,60,14,24,79,1.0,10.0,8.63,0.0,44.51,63.94
83,FOLD.O,아미쿠스 테라퓨틱스,5,60,14,24,79,1.0,10.0,8.63,0.0,40.79,66.01
83,XENE.O,제논 파마슈티컬,5,60,14,24,79,1.0,10.0,8.63,0.0,44.09,68.48
83,GLNG.O,골라 LNG,5,60,14,24,79,1.0,10.0,8.63,0.0,35.33,69.73
83,PRCT.O,프로셉트 바이오로보틱스,5,60,14,24,79,1.0,10.0,8.63,0.0,47.69,65.13
83,CAR.O,에이비스 버짓 그룹,5,60,14,24,79,1.0,10.0,8.63,0.0,43.94,65.85
83,AFJKR.O,Aimei Health Technology Rights Exp 17 November 2028,5,60,14,24,79,1.0,10.0,8.63,0.0,42.5,62.37
83,CRSP.O,크리스퍼 테라퓨틱스,5,60,14,24,79,1.0,10.0,8.63,0.0,47.76,65.06
83,CYTK.O,사이토키네틱스,5,60,14,24,79,1.0,10.0,8.63,21.78,40.73,69.83
83,RVMD.O,레볼루션 메디신,5,60,14,24,79,1.0,10.0,8.63,0.0,40.4,68.55
83,DUOL.O,듀오링고,5,60,14,24,79,1.0,10.0,8.63,0.0,40.28,69.01
83,ROIV.O,로이반트 사이언시스,5,60,14,24,79,1.0,10.0,8.63,0.0,37.83,72.07
83,NTRA.O,나테라,5,60,14,24,79,1.0,10.0,8.63,0.0,45.85,63.74
83,DKNG.O,드래프트킹즈 홀딩스,5,60,14,24,79,1.0,10.0,8.63,0.0,48.43,68.72
83,LI.O,리 오토 ADR,5,60,14,24,79,1.0,10.0,8.63,0.0,40.05,74.53
83,GSHD.O,구스헤드 인슈어런스,5,60,14,24,79,1.0,10.0,8.63,0.0,49.07,60.42
83,APPN.O,애피안,5,60,14,24,79,1.0,10.0,8.63,0.0,41.01,68.26
83,APP.O,앱플로빈,5,60,14,24,79,1.0,10.0,8.63,0.0,39.96,72.82
83,SNDX.O,신닥스 파마슈티컬스,5,60,14,24,79,1.0,10.0,8.63,0.0,40.01,73.29
83,FNKO.O,펀코,5,60,14,24,79,1.0,10.0,8.63,0.0,39.39,72.46
83,METCB.O,라마코 리소시스 Class B,5,60,14,24,79,1.0,10.0,8.63,0.0,38.79,67.47
83,EGAN.O,이게인,5,60,14,24,79,1.0,10.0,8.63,0.0,43.99,67.34
83,CPSS.O,컨슈머 포트폴리오 서비스,5,60,14,24,79,1.0,10.0,8.63,0.0,42.72,64.14
83,ONEW.O,원워터 마린,5,60,14,24,79,1.0,10.0,8.63,0.0,42.06,65.99
83,INOD.O,이노데이터,5,60,14,24,79,1.0,10.0,8.63,62.26,41.33,66.66
83,ATLC.O,아틀란티쿠스 홀딩스,5,60,14,24,79,1.0,10.0,8.63,0.0,45.9,68.82
83,ACIC.O,아메리칸 코스탈 인슈어런스,5,60,14,24,79,1.0,10.0,8.63,36.75,37.35,67.8
83,MITK.O,마이텍 시스템즈,5,60,14,24,79,1.0,10.0,8.63,0.0,46.44,62.21
83,SGH.O,스마트 글로벌 홀딩스,5,60,14,24,79,1.0,10.0,8.63,0.0,49.9,62.71
83,ADSE.O,애즈-테크 에너지,5,60,14,24,79,1.0,10.0,8.63,215.71,37.98,67.91
83,PNTG.O,페넌트 그룹,5,60,14,24,79,1.0,10.0,8.63,0.0,41.96,69.58
83,ANAB.O,어냅티스바이오,5,60,14,24,79,1.0,10.0,8.63,0.0,43.95,74.11
83,HROW.O,해로우,5,60,14,24,79,1.0,10.0,8.63,0.0,42.35,66.54
83,TARS.O,타서스 파마슈티컬스,5,60,14,24,79,1.0,10.0,8.63,0.0,40.22,69.67
83,ESTA.O,에스타블리쉬먼트 랩스 홀딩스,5,60,14,24,79,1.0,10.0,8.63,0.0,37.0,65.36
83,SGML.O,시그마 리튬,5,60,14,24,79,1.0,10.0,8.63,0.0,44.12,65.71
83,APP.O,앱플로빈,5,60,14,24,69,1.0,10.0,7.79,0.0,39.96,72.82
83,LI.O,리 오토 ADR,5,60,14,24,69,1.0,10.0,7.79,0.0,40.05,74.53
83,AFJKR.O,Aimei Health Technology Rights Exp 17 November 2028,5,60,14,24,69,1.0,10.0,7.79,0.0,42.5,62.37
83,SNDX.O,신닥스 파마슈티컬스,5,60,14,24,69,1.0,10.0,7.79,0.0,40.01,73.29
83,SGML.O,시그마 리튬,5,60,14,24,69,1.0,10.0,7.79,0.0,44.12,65.71
83,ESTA.O,에스타블리쉬먼트 랩스 홀딩스,5,60,14,24,69,1.0,10.0,7.79,0.0,37.0,65.36
83,TARS.O,타서스 파마슈티컬스,5,60,14,24,69,1.0,10.0,7.79,0.0,40.22,69.67
83,HROW.O,해로우,5,60,14,24,69,1.0,10.0,7.79,0.0,42.35,66.54
83,ANAB.O,어냅티스바이오,5,60,14,24,69,1.0,10.0,7.79,0.0,43.95,74.11
83,PNTG.O,페넌트 그룹,5,60,14,24,69,1.0,10.0,7.79,0.0,41.96,69.58
83,ADSE.O,애즈-테크 에너지,5,60,14,24,69,1.0,10.0,7.79,236.56,37.98,67.91
83,MITK.O,마이텍 시스템즈,5,60,14,24,69,1.0,10.0,7.79,0.0,46.44,62.21
83,FNKO.O,펀코,5,60,14,24,69,1.0,10.0,7.79,0.0,39.39,72.46
83,ACIC.O,아메리칸 코스탈 인슈어런스,5,60,14,24,69,1.0,10.0,7.79,17.64,37.35,67.8
83,ATLC.O,아틀란티쿠스 홀딩스,5,60,14,24,69,1.0,10.0,7.79,0.0,45.9,68.82
83,INOD.O,이노데이터,5,60,14,24,69,1.0,10.0,7.79,38.51,41.33,66.66
83,ONEW.O,원워터 마린,5,60,14,24,69,1.0,10.0,7.79,0.0,42.06,65.99
83,CPSS.O,컨슈머 포트폴리오 서비스,5,60,14,24,69,1.0,10.0,7.79,0.0,42.72,64.14
83,EGAN.O,이게인,5,60,14,24,69,1.0,10.0,7.79,0.0,43.99,67.34
83,SGH.O,스마트 글로벌 홀딩스,5,60,14,24,69,1.0,10.0,7.79,0.0,49.9,62.71
83,GSHD.O,구스헤드 인슈어런스,5,60,14,24,69,1.0,10.0,7.79,0.0,49.07,60.42
83,CAR.O,에이비스 버짓 그룹,5,60,14,24,69,1.0,10.0,7.79,0.0,43.94,65.85
83,CRNX.O,크리네틱스 파머슈티컬스,5,60,14,24,69,1.0,10.0,7.79,0.0,41.76,67.9
83,DKNG.O,드래프트킹즈 홀딩스,5,60,14,24,69,1.0,10.0,7.79,0.0,48.43,68.72
83,NTRA.O,나테라,5,60,14,24,69,1.0,10.0,7.79,0.0,45.85,63.74
83,ROIV.O,로이반트 사이언시스,5,60,14,24,69,1.0,10.0,7.79,0.0,37.83,72.07
83,DUOL.O,듀오링고,5,60,14,24,69,1.0,10.0,7.79,0.0,40.28,69.01
83,RVMD.O,레볼루션 메디신,5,60,14,24,69,1.0,10.0,7.79,0.0,40.4,68.55
83,CYTK.O,사이토키네틱스,5,60,14,24,69,1.0,10.0,7.79,11.21,40.73,69.83
83,CRSP.O,크리스퍼 테라퓨틱스,5,60,14,24,69,1.0,10.0,7.79,0.0,47.76,65.06
83,METCB.O,라마코 리소시스 Class B,5,60,14,24,69,1.0,10.0,7.79,0.0,38.79,67.47
83,APPN.O,애피안,5,60,14,24,69,1.0,10.0,7.79,0.0,41.01,68.26
83,PRCT.O,프로셉트 바이오로보틱스,5,60,14,24,69,1.0,10.0,7.79,0.0,47.69,65.13
83,GLNG.O,골라 LNG,5,60,14,24,69,1.0,10.0,7.79,0.0,35.33,69.73
83,XENE.O,제논 파마슈티컬,5,60,14,24,69,1.0,10.0,7.79,0.0,44.09,68.48
83,FOLD.O,아미쿠스 테라퓨틱스,5,60,14,24,69,1.0,10.0,7.79,0.0,40.79,66.01
83,IRTC.O,아이리듬 테크놀로지스,5,60,14,24,69,1.0,10.0,7.79,0.0,44.51,63.94
83,RYTM.O,리듬 파머수티컬스,5,60,14,24,69,1.0,10.0,7.79,0.0,41.39,74.73
83,PGNY.O,프로지니,5,60,14,24,69,1.0,10.0,7.79,0.0,37.57,62.87
83,ROIV.O,로이반트 사이언시스,5,60,14,24,74,1.0,10.0,7.75,0.0,37.83,72.07
83,NTRA.O,나테라,5,60,14,24,74,1.0,10.0,7.75,0.0,45.85,63.74
83,APP.O,앱플로빈,5,60,14,24,74,1.0,10.0,7.75,0.0,39.96,72.82
83,SGH.O,스마트 글로벌 홀딩스,5,60,14,24,74,1.0,10.0,7.75,0.0,49.9,62.71
83,GSHD.O,구스헤드 인슈어런스,5,60,14,24,74,1.0,10.0,7.75,0.0,49.07,60.42
83,APPN.O,애피안,5,60,14,24,74,1.0,10.0,7.75,0.0,41.01,68.26
83,PGNY.O,프로지니,5,60,14,24,74,1.0,10.0,7.75,0.0,37.57,62.87
83,RYTM.O,리듬 파머수티컬스,5,60,14,24,74,1.0,10.0,7.75,0.0,41.39,74.73
83,IRTC.O,아이리듬 테크놀로지스,5,60,14,24,74,1.0,10.0,7.75,0.0,44.51,63.94
83,FOLD.O,아미쿠스 테라퓨틱스,5,60,14,24,74,1.0,10.0,7.75,0.0,40.79,66.01
83,XENE.O,제논 파마슈티컬,5,60,14,24,74,1.0,10.0,7.75,0.0,44.09,68.48
83,GLNG.O,골라 LNG,5,60,14,24,74,1.0,10.0,7.75,0.0,35.33,69.73
83,PRCT.O,프로셉트 바이오로보틱스,5,60,14,24,74,1.0,10.0,7.75,0.0,47.69,65.13
83,CAR.O,에이비스 버짓 그룹,5,60,14,24,74,1.0,10.0,7.75,0.0,43.94,65.85
83,CRNX.O,크리네틱스 파머슈티컬스,5,60,14,24,74,1.0,10.0,7.75,0.0,41.76,67.9
83,CRSP.O,크리스퍼 테라퓨틱스,5,60,14,24,74,1.0,10.0,7.75,0.0,47.76,65.06
83,CYTK.O,사이토키네틱스,5,60,14,24,74,1.0,10.0,7.75,18.01,40.73,69.83
83,RVMD.O,레볼루션 메디신,5,60,14,24,74,1.0,10.0,7.75,0.0,40.4,68.55
83,DUOL.O,듀오링고,5,60,14,24,74,1.0,10.0,7.75,0.0,40.28,69.01
83,SNDX.O,신닥스 파마슈티컬스,5,60,14,24,74,1.0,10.0,7.75,0.0,40.01,73.29
83,SGML.O,시그마 리튬,5,60,14,24,74,1.0,10.0,7.75,0.0,44.12,65.71
83,LI.O,리 오토 ADR,5,60,14,24,74,1.0,10.0,7.75,0.0,40.05,74.53
83,ESTA.O,에스타블리쉬먼트 랩스 홀딩스,5,60,14,24,74,1.0,10.0,7.75,0.0,37.0,65.36
83,AFJKR.O,Aimei Health Technology Rights Exp 17 November 2028,5,60,14,24,74,1.0,10.0,7.75,0.0,42.5,62.37
83,METCB.O,라마코 리소시스 Class B,5,60,14,24,74,1.0,10.0,7.75,0.0,38.79,67.47
83,EGAN.O,이게인,5,60,14,24,74,1.0,10.0,7.75,0.0,43.99,67.34
83,CPSS.O,컨슈머 포트폴리오 서비스,5,60,14,24,74,1.0,10.0,7.75,0.0,42.72,64.14
83,ONEW.O,원워터 마린,5,60,14,24,74,1.0,10.0,7.75,0.0,42.06,65.99
83,INOD.O,이노데이터,5,60,14,24,74,1.0,10.0,7.75,38.51,41.33,66.66
83,ATLC.O,아틀란티쿠스 홀딩스,5,60,14,24,74,1.0,10.0,7.75,0.0,45.9,68.82
83,ACIC.O,아메리칸 코스탈 인슈어런스,5,60,14,24,74,1.0,10.0,7.75,29.86,37.35,67.8
83,FNKO.O,펀코,5,60,14,24,74,1.0,10.0,7.75,0.0,39.39,72.46
83,MITK.O,마이텍 시스템즈,5,60,14,24,74,1.0,10.0,7.75,0.0,46.44,62.21
83,ADSE.O,애즈-테크 에너지,5,60,14,24,74,1.0,10.0,7.75,215.71,37.98,67.91
83,PNTG.O,페넌트 그룹,5,60,14,24,74,1.0,10.0,7.75,0.0,41.96,69.58
83,ANAB.O,어냅티스바이오,5,60,14,24,74,1.0,10.0,7.75,0.0,43.95,74.11
83,HROW.O,해로우,5,60,14,24,74,1.0,10.0,7.75,0.0,42.35,66.54
83,TARS.O,타서스 파마슈티컬스,5,60,14,24,74,1.0,10.0,7.75,0.0,40.22,69.67
83,DKNG.O,드래프트킹즈 홀딩스,5,60,14,24,74,1.0,10.0,7.75,0.0,48.43,68.72
